"SEQUENCE","DAY","SUBGROUP","START","PLATFORM","LAT","PATH","TMQUADB","TMQUADD","TIMEINN","TIMEMID","TIMEOUT","ANGLE","CNTDIAM","ANCROSB","ANCROSD","MAXMIN","MAXSEC","GROUP","NUMBER","LINENO","TDIS1","TDIS2","TDIS3","TDIS4","TDIS5","TDIS6","TDIS7","TDIS8","TDIS9","TDIS10","TDIS11","TDIS12","TDIS13","TDIS14","TDIS15","TDIS16","TDIS17","TDIS18","TDIS19","TDIS20","TDIS21","TDIS22","TDIS23","TDIS24","TDIS25","TDIS26","TDIS27","TDIS28","TDIS29","TDIS30","TDIS31","TDIS32","TDIS33","TDIS34","TDIS35","TDIS36","TDIS37","TDIS38","TDIS39","TDIS40","TDIS41","TDIS42","TDIS43","TDIS44","TDIS45","TDIS46","TDIS47","TDIS48","TDIS49","TDIS50","TDIS51","TDIS52","TDIS53","TDIS54","TDIS55","TDIS56","TDIS57","TDIS58","TDIS59","TDIS60","TDIS61","TDIS62","TDIS63","TDIS64","TDIS65","TDIS66","TDIS67","TDIS68","TDIS69","TDIS70","TDIS71","TDIS72","TDIS73","TDIS74","TDIS75","TDIS76","TDIS77","TDIS78","TDIS79","TDIS80","TDIS81","TDIS82","TDIS83","TDIS84","TDIS85","TDIS86","TDIS87","TDIS88","TDIS89","TDIS90","ODIS1","ODIS2","ODIS3","ODIS4","ODIS5","ODIS6","ODIS7","ODIS8","ODIS9","ODIS10","ODIS11","ODIS12","ODIS13","ODIS14","ODIS15","ODIS16","ODIS17","ODIS18","ODIS19","ODIS20","ODIS21","ODIS22","ODIS23","ODIS24","ODIS25","ODIS26","ODIS27","ODIS28","ODIS29","ODIS30","ODIS31","ODIS32","ODIS33","ODIS34","ODIS35","ODIS36","ODIS37","ODIS38","ODIS39","ODIS40","ODIS41","ODIS42","ODIS43","ODIS44","ODIS45","ODIS46","ODIS47","ODIS48","ODIS49","ODIS50","ODIS51","ODIS52","ODIS53","ODIS54","ODIS55","ODIS56","ODIS57","ODIS58","ODIS59","ODIS60","ODIS61","ODIS62","ODIS63","ODIS64","ODIS65","ODIS66","ODIS67","ODIS68","ODIS69","ODIS70","ODIS71","ODIS72","ODIS73","ODIS74","ODIS75","ODIS76","ODIS77","ODIS78","ODIS79","ODIS80","ODIS81","ODIS82","ODIS83","ODIS84","ODIS85","ODIS86","ODIS87","ODIS88","ODIS89","ODIS90","COND","AGE","SLGROUP","YEAR","TRIAL","BLOCK","RUNDATE","SPEED","BSPEED","BSPEEDTT","BSPEEDFS","AJTDIS1","AJTDIS2","AJTDIS3","AJTDIS4","AJTDIS5","AJTDIS6","AJTDIS7","AJTDIS8","AJTDIS9","AJTDIS10","AJTDIS11","AJTDIS12","AJTDIS13","AJTDIS14","AJTDIS15","AJTDIS16","AJTDIS17","AJTDIS18","AJTDIS19","AJTDIS20","AJTDIS21","AJTDIS22","AJTDIS23","AJTDIS24","AJTDIS25","AJTDIS26","AJTDIS27","AJTDIS28","AJTDIS29","AJTDIS30","AJTDIS31","AJTDIS32","AJTDIS33","AJTDIS34","AJTDIS35","AJTDIS36","AJTDIS37","AJTDIS38","AJTDIS39","AJTDIS40","AJTDIS41","AJTDIS42","AJTDIS43","AJTDIS44","AJTDIS45","AJTDIS46","AJTDIS47","AJTDIS48","AJTDIS49","AJTDIS50","AJTDIS51","AJTDIS52","AJTDIS53","AJTDIS54","AJTDIS55","AJTDIS56","AJTDIS57","AJTDIS58","AJTDIS59","AJTDIS60","AJTDIS61","AJTDIS62","AJTDIS63","AJTDIS64","AJTDIS65","AJTDIS66","AJTDIS67","AJTDIS68","AJTDIS69","AJTDIS70","AJTDIS71","AJTDIS72","AJTDIS73","AJTDIS74","AJTDIS75","AJTDIS76","AJTDIS77","AJTDIS78","AJTDIS79","AJTDIS80","AJTDIS81","AJTDIS82","AJTDIS83","AJTDIS84","AJTDIS85","AJTDIS86","AJTDIS87","AJTDIS88","AJTDIS89","AJTDIS90","AJODIS1","AJODIS2","AJODIS3","AJODIS4","AJODIS5","AJODIS6","AJODIS7","AJODIS8","AJODIS9","AJODIS10","AJODIS11","AJODIS12","AJODIS13","AJODIS14","AJODIS15","AJODIS16","AJODIS17","AJODIS18","AJODIS19","AJODIS20","AJODIS21","AJODIS22","AJODIS23","AJODIS24","AJODIS25","AJODIS26","AJODIS27","AJODIS28","AJODIS29","AJODIS30","AJODIS31","AJODIS32","AJODIS33","AJODIS34","AJODIS35","AJODIS36","AJODIS37","AJODIS38","AJODIS39","AJODIS40","AJODIS41","AJODIS42","AJODIS43","AJODIS44","AJODIS45","AJODIS46","AJODIS47","AJODIS48","AJODIS49","AJODIS50","AJODIS51","AJODIS52","AJODIS53","AJODIS54","AJODIS55","AJODIS56","AJODIS57","AJODIS58","AJODIS59","AJODIS60","AJODIS61","AJODIS62","AJODIS63","AJODIS64","AJODIS65","AJODIS66","AJODIS67","AJODIS68","AJODIS69","AJODIS70","AJODIS71","AJODIS72","AJODIS73","AJODIS74","AJODIS75","AJODIS76","AJODIS77","AJODIS78","AJODIS79","AJODIS80","AJODIS81","AJODIS82","AJODIS83","AJODIS84","AJODIS85","AJODIS86","AJODIS87","AJODIS88","AJODIS89","AJODIS90","CUMDS","CUMDSO","TAVDS","TAVDSO","PLATDIS","PLATDISO","PLATTIME","BEGIN"
"001","01","A","W",2,90.1,1294,16,65,16,28,56,6,1.5,0,0,0,90,"2212",1,90,118.8,111.5,109.4,100.8,109.4,105.4,111.3,107.8,110.7,115.4,115.8,115,94.3,87.7,85.6,94.9,109.1,118.5,125.2,123.1,117.6,110.1,113.5,115.5,113.7,95.4,84.9,85.9,85.4,81.5,71.8,75.2,70.3,66.3,89.9,109.7,118.2,121.4,120,121.9,121,123.9,125.1,123.2,119,117.1,114.8,113,117.1,118.5,117.3,116.8,120.5,122.4,118.8,116.3,124.3,125.2,124.5,124.6,121.2,119.4,123.2,124.3,118.9,115.5,122.5,120.1,115.8,107.8,89.7,65.7,50.8,52.6,55.7,50.3,43.1,30.5,27.1,39.6,48.4,47.2,46.7,47.6,49.1,47.4,46.3,45.9,43.5,44.2,56.5,51.4,53.2,40.7,45.2,40.7,46.7,44,39.9,43.7,43.3,49.4,43.3,34,37.9,47.8,49.8,46.6,44.9,39.7,31.9,25.2,36.8,39.4,37.3,22.9,34,29.3,29.4,21.8,36.8,29.8,29.9,24.8,30.4,41.3,48.3,49.5,50.5,50.9,49.5,49.8,46.8,44.2,41.7,47.6,60.2,67.3,65.6,62.4,61.9,59.9,56.5,54.9,49.8,39.4,39.9,39.1,39.8,41.9,40.1,38.7,42.2,41.2,33,31.6,44.1,41.9,36.9,28.4,14.5,26.4,54.3,78.8,94.8,108.1,116.8,115.7,109.7,115.1,121.9,122.7,123.7,123.4,125,124.4,124.7,126.6,126.5,129.6,"FS","O","",2022,1,0,"11/24/09",14.361820199778,14.5605172452846,14.5605172452846,14.5605172452846,0,0,0,0,0,0,0,107.8,110.7,115.4,115.8,115,94.3,87.7,85.6,94.9,109.1,118.5,125.2,123.1,117.6,110.1,113.5,115.5,113.7,95.4,84.9,85.9,85.4,81.5,71.8,75.2,70.3,66.3,89.9,109.7,118.2,121.4,120,121.9,121,123.9,125.1,123.2,119,117.1,114.8,113,117.1,118.5,117.3,116.8,120.5,122.4,118.8,116.3,124.3,125.2,124.5,124.6,121.2,119.4,123.2,124.3,118.9,115.5,122.5,120.1,115.8,107.8,89.7,65.7,50.8,52.6,55.7,50.3,43.1,30.5,27.1,39.6,48.4,47.2,46.7,47.6,49.1,47.4,46.3,45.9,43.5,44.2,0,0,0,0,0,0,0,44,39.9,43.7,43.3,49.4,43.3,34,37.9,47.8,49.8,46.6,44.9,39.7,31.9,25.2,36.8,39.4,37.3,22.9,34,29.3,29.4,21.8,36.8,29.8,29.9,24.8,30.4,41.3,48.3,49.5,50.5,50.9,49.5,49.8,46.8,44.2,41.7,47.6,60.2,67.3,65.6,62.4,61.9,59.9,56.5,54.9,49.8,39.4,39.9,39.1,39.8,41.9,40.1,38.7,42.2,41.2,33,31.6,44.1,41.9,36.9,28.4,14.5,26.4,54.3,78.8,94.8,108.1,116.8,115.7,109.7,115.1,121.9,122.7,123.7,123.4,125,124.4,124.7,126.6,126.5,129.6,7934.8,4743.5,95.6,57.1506024096386,115,55,8,8
"004","01","A","W",2,90.1,2158,14,36,9,19,72,10,1.5,1,1,0,90,"2212",7,90,116,119.1,112.6,89.3,75.5,95.1,120.4,120.7,116.2,103.7,95.2,84.1,72.6,59.9,49.7,42.9,47.9,62.1,81.7,96,113.5,120.2,123.7,126.2,124.6,122.1,119.2,115.3,102.9,80.7,47.2,15.8,26.4,52.1,76.3,99.6,118.1,115.8,113.4,110.2,99.3,90.9,88.6,85.3,83.9,79.5,70.3,54.2,44.8,45.1,45.3,45.7,54.8,71.3,92.8,104,109.6,117.6,120.1,121.7,121,117.1,111.3,105.3,96.6,85.8,79,71.1,66.9,72.7,84,95.8,104,115.2,117,118.3,125,116.7,108.5,103.7,107.6,108.8,96,90,81.1,69.3,67.2,66.5,65.8,63.8,49.4,49.9,50,41.6,15.5,20.3,41.8,42.6,48.6,63.7,91.3,108,118,127,128.2,128.7,124.3,114.2,102.1,83.2,71.1,55,41.6,39.8,38.4,35.7,35.8,45.3,52.7,60.3,69.5,76.4,72.8,65.5,56.2,53.4,59.5,52.6,43,27.4,14.5,28.4,56,83.3,98.4,99.7,104.3,113.6,122.3,131.1,129.2,119.2,109.1,101.1,98.1,86.2,69.8,57.7,46.3,37.5,36.1,43.7,57.5,74.6,88.1,97.6,103.6,107.7,110.9,103.9,99.2,92.8,79.4,69.3,60.5,46.9,45.4,32.4,24,38.4,65.6,77,78.3,102.5,109.9,121.1,123.9,122.2,127,127,"FS","O","",2022,1,0,"11/24/09",23.9511653718091,23.4790114158871,23.4790114158871,23.4790114158871,0,0,0,0,75.5,95.1,120.4,120.7,116.2,103.7,95.2,84.1,72.6,59.9,49.7,42.9,47.9,62.1,81.7,96,113.5,120.2,123.7,126.2,124.6,122.1,119.2,115.3,102.9,80.7,47.2,15.8,26.4,52.1,76.3,99.6,118.1,115.8,113.4,110.2,99.3,90.9,88.6,85.3,83.9,79.5,70.3,54.2,44.8,45.1,45.3,45.7,54.8,71.3,92.8,104,109.6,117.6,120.1,121.7,121,117.1,111.3,105.3,96.6,85.8,79,71.1,66.9,72.7,84,95.8,104,115.2,117,118.3,125,116.7,108.5,103.7,107.6,108.8,96,90,81.1,69.3,67.2,66.5,65.8,63.8,0,0,0,0,15.5,20.3,41.8,42.6,48.6,63.7,91.3,108,118,127,128.2,128.7,124.3,114.2,102.1,83.2,71.1,55,41.6,39.8,38.4,35.7,35.8,45.3,52.7,60.3,69.5,76.4,72.8,65.5,56.2,53.4,59.5,52.6,43,27.4,14.5,28.4,56,83.3,98.4,99.7,104.3,113.6,122.3,131.1,129.2,119.2,109.1,101.1,98.1,86.2,69.8,57.7,46.3,37.5,36.1,43.7,57.5,74.6,88.1,97.6,103.6,107.7,110.9,103.9,99.2,92.8,79.4,69.3,60.5,46.9,45.4,32.4,24,38.4,65.6,77,78.3,102.5,109.9,121.1,123.9,122.2,127,127,7702.9,6581.8,89.5686046511628,76.5325581395349,115,55,5,5
"010","01","A","W",2,90.1,1805,20,33,9,23,68,-61,1.5,1,0,0,90,"2212",9,90,120.3,119.1,115,118.4,113.5,117.5,114.4,115.4,106.8,109.7,108.9,118.3,113.2,97,74.3,75.1,100.8,110.4,105,91.9,77.9,67.6,54.5,44.4,42.8,44.5,52.6,62.1,75.5,91.2,102.6,108.4,107.8,110.2,108.7,120.5,125,123,112.7,97.5,81.4,80.1,93.8,95.8,92.1,87.8,92,91.5,90.5,86.8,68.1,43,32.2,49,74.6,83.6,81.8,75.3,61.1,48.6,43.2,44.8,47.9,51.4,69.2,82.9,89.8,104.6,108.2,115.5,119.9,119.1,120.4,118.5,116.6,114.8,113.1,103.2,92.5,88.4,91.5,85,74.2,65.2,64.5,62.1,55.3,46.5,35.8,13.5,57.3,53.8,46.9,47.8,41.5,45.7,44.7,50.5,41.4,40.2,39.7,53.8,51.9,41.2,18.4,42.1,71.8,75.3,79.5,89,106.7,120.8,126.5,129,128.7,125,120.1,113.7,104.5,94.7,85.5,77.6,76.7,69.7,50.7,41.6,38.8,37.2,28.4,21.1,38.1,69.6,96.5,101.1,103.6,105.9,106.3,97.9,87.8,84.6,71.2,57.8,58.6,74.7,94.2,98.9,101.4,105.9,113.2,122.3,128.5,130.1,127.5,119.1,118.5,110.6,92.5,84.8,68.5,55.2,50,46.6,46.8,46.6,41.6,41.3,43.6,41.7,57.5,74.9,102.7,109.7,112.9,124.4,128.3,125.6,117.8,106.7,97.9,82,"FS","O","",2022,1,0,"11/24/09",20.0332963374029,20.7685026425315,20.7685026425315,20.7685026425315,0,0,0,0,0,117.5,114.4,115.4,106.8,109.7,108.9,118.3,113.2,97,74.3,75.1,100.8,110.4,105,91.9,77.9,67.6,54.5,44.4,42.8,44.5,52.6,62.1,75.5,91.2,102.6,108.4,107.8,110.2,108.7,120.5,125,123,112.7,97.5,81.4,80.1,93.8,95.8,92.1,87.8,92,91.5,90.5,86.8,68.1,43,32.2,49,74.6,83.6,81.8,75.3,61.1,48.6,43.2,44.8,47.9,51.4,69.2,82.9,89.8,104.6,108.2,115.5,119.9,119.1,120.4,118.5,116.6,114.8,113.1,103.2,92.5,88.4,91.5,85,74.2,65.2,64.5,62.1,55.3,46.5,35.8,13.5,0,0,0,0,0,45.7,44.7,50.5,41.4,40.2,39.7,53.8,51.9,41.2,18.4,42.1,71.8,75.3,79.5,89,106.7,120.8,126.5,129,128.7,125,120.1,113.7,104.5,94.7,85.5,77.6,76.7,69.7,50.7,41.6,38.8,37.2,28.4,21.1,38.1,69.6,96.5,101.1,103.6,105.9,106.3,97.9,87.8,84.6,71.2,57.8,58.6,74.7,94.2,98.9,101.4,105.9,113.2,122.3,128.5,130.1,127.5,119.1,118.5,110.6,92.5,84.8,68.5,55.2,50,46.6,46.8,46.6,41.6,41.3,43.6,41.7,57.5,74.9,102.7,109.7,112.9,124.4,128.3,125.6,117.8,106.7,97.9,82,7254.9,6905.7,85.3517647058824,81.2435294117647,115,55,6,6
"019","01","A","W",2,90.1,1312,18,29,3,10,87,-27,1.5,0,0,0,90,"2212",13,90,113.6,116.8,114.1,115.9,118.7,114.8,107.9,110,124.1,125.6,126,125.7,125.6,127.8,125.8,123.5,123.7,113,104.9,99.8,90,87.4,82.6,86.1,83.5,70.3,59.8,65.7,84.1,106.9,117.2,115.6,117.4,120,121.5,124.1,122.6,117.5,107.9,101.1,94.7,91.3,82.4,72.9,70.7,66.2,56.7,45.4,41.1,45.6,45.4,45.4,44.9,41.8,38.3,32,37.4,43.4,42.5,42.4,41.8,47.5,54.3,59.7,66,64.1,68,76.3,86.1,95.8,100.2,103.9,109.3,109.8,110.2,112.1,107.3,102.9,104.6,104.5,102.9,104.7,113,120.2,115.8,113.4,112.1,110.8,111.9,108,49.4,52.3,53.8,60.6,55.9,51,46.1,32.5,38,38.9,39.8,39.3,39.6,42.6,40.7,42.1,45.1,41.4,58.6,81.9,89.6,93.6,98.8,95,86.5,74.2,50.6,23.2,28.4,54.7,64,67.2,59.3,46.9,38.9,38.4,42.2,48.2,61.9,80.9,89,92.2,93.6,103.6,109.5,110,105.5,108.5,117.2,128.5,127.8,125.7,124.7,123.9,123.7,116.9,120.9,127.2,128,128,126.1,124.9,121.5,116.1,113.5,113.5,106.2,104.7,100.7,94.1,89.5,86,79.2,78.2,77.3,74.1,75.8,79.4,79.1,74,66.5,61.2,56.9,59.5,60.4,65.7,69.5,68.3,68.9,69.9,"FS","O","",2022,1,0,"11/24/09",14.5615982241953,15.4771729587357,15.4771729587357,15.4771729587357,0,0,0,0,0,0,107.9,110,124.1,125.6,126,125.7,125.6,127.8,125.8,123.5,123.7,113,104.9,99.8,90,87.4,82.6,86.1,83.5,70.3,59.8,65.7,84.1,106.9,117.2,115.6,117.4,120,121.5,124.1,122.6,117.5,107.9,101.1,94.7,91.3,82.4,72.9,70.7,66.2,56.7,45.4,41.1,45.6,45.4,45.4,44.9,41.8,38.3,32,37.4,43.4,42.5,42.4,41.8,47.5,54.3,59.7,66,64.1,68,76.3,86.1,95.8,100.2,103.9,109.3,109.8,110.2,112.1,107.3,102.9,104.6,104.5,102.9,104.7,113,120.2,115.8,113.4,112.1,110.8,111.9,108,0,0,0,0,0,0,46.1,32.5,38,38.9,39.8,39.3,39.6,42.6,40.7,42.1,45.1,41.4,58.6,81.9,89.6,93.6,98.8,95,86.5,74.2,50.6,23.2,28.4,54.7,64,67.2,59.3,46.9,38.9,38.4,42.2,48.2,61.9,80.9,89,92.2,93.6,103.6,109.5,110,105.5,108.5,117.2,128.5,127.8,125.7,124.7,123.9,123.7,116.9,120.9,127.2,128,128,126.1,124.9,121.5,116.1,113.5,113.5,106.2,104.7,100.7,94.1,89.5,86,79.2,78.2,77.3,74.1,75.8,79.4,79.1,74,66.5,61.2,56.9,59.5,60.4,65.7,69.5,68.3,68.9,69.9,7562.4,6734.2,90.0285714285714,80.1690476190476,115,55,7,7
"022","01","A","W",2,59.5,1526,32,39,21,30,49,-78,1.5,2,2,0,90,"2212",19,59,111.4,116.6,123.3,124.2,117.2,117.2,115.9,109.6,89.3,80.5,84,80,69.5,42.8,22.4,37.9,42.5,43.4,50.6,60.2,68.8,63.4,57.1,42.5,39.4,43.9,45.2,58.2,68.8,84.1,100.5,112.6,119.8,122.6,118,114.1,97.5,74.3,69.9,80.1,76.4,63.8,43.6,32.8,26.1,13.3,25.6,55.5,83,106.3,122.1,125.6,112.6,102.4,88.7,70.4,41.4,11.6,3.5,0,0,0,0,0,0,0,0,0,0,0,0,0,0,0,0,0,0,0,0,0,0,0,0,0,0,0,0,0,0,0,56.3,48.5,40.8,39,46.2,57.5,47.1,30,16.2,56.7,93.8,100,95.4,89.2,100.4,123.7,126.6,129.7,133.1,131.7,128.7,115.1,108.8,107.3,121.1,130.2,126.9,118.7,103.4,87.8,74.8,62.1,48.9,38.7,33.7,35.1,33.3,48.7,89.4,111.2,115.8,116.5,113.9,117.5,107.8,89.7,62.3,31.6,13.9,22.4,35.6,39.2,26.3,16.3,4.8,17.2,45.7,75.4,83.8,0,0,0,0,0,0,0,0,0,0,0,0,0,0,0,0,0,0,0,0,0,0,0,0,0,0,0,0,0,0,0,"FS","O","",2022,1,0,"11/24/09",25.6470588235294,24.4739657955807,24.4739657955807,24.4739657955807,0,0,0,0,117.2,117.2,115.9,109.6,89.3,80.5,84,80,69.5,42.8,22.4,37.9,42.5,43.4,50.6,60.2,68.8,63.4,57.1,42.5,39.4,43.9,45.2,58.2,68.8,84.1,100.5,112.6,119.8,122.6,118,114.1,97.5,74.3,69.9,80.1,76.4,63.8,43.6,32.8,26.1,13.3,25.6,55.5,83,106.3,122.1,125.6,112.6,102.4,88.7,70.4,41.4,11.6,3.5,0,0,0,0,0,0,0,0,0,0,0,0,0,0,0,0,0,0,0,0,0,0,0,0,0,0,0,0,0,0,0,0,0,0,0,46.2,57.5,47.1,30,16.2,56.7,93.8,100,95.4,89.2,100.4,123.7,126.6,129.7,133.1,131.7,128.7,115.1,108.8,107.3,121.1,130.2,126.9,118.7,103.4,87.8,74.8,62.1,48.9,38.7,33.7,35.1,33.3,48.7,89.4,111.2,115.8,116.5,113.9,117.5,107.8,89.7,62.3,31.6,13.9,22.4,35.6,39.2,26.3,16.3,4.8,17.2,45.7,75.4,83.8,0,0,0,0,0,0,0,0,0,0,0,0,0,0,0,0,0,0,0,0,0,0,0,0,0,0,0,0,0,0,0,3948.5,4236.9,71.7909090909091,77.0345454545455,115,55,5,5
"028","01","A","W",2,90.1,1612,35,13,4,7,89,-59,1.5,0,1,0,90,"2212",27,90,113.8,101.5,82.1,59.7,31.1,19.4,38.9,46.7,58.7,70.3,84,96.9,108.8,117.5,122.8,125.8,125.2,124.7,121.2,117.1,112.3,105.2,100.4,103.3,106,106.8,102,96.4,89.4,83.4,79.3,74.3,71.3,71.2,70.5,67.5,59.3,48.8,43.2,43.3,43.6,44.2,45.1,45.2,43.4,46.7,51,57.9,64.3,71.4,78.7,85,98.8,105.5,106.8,110,107.8,107.1,102.6,94.4,86.1,78.7,69.2,57.8,48.9,43.2,43.2,46.4,51.1,53.4,55.9,65.2,74.3,79.4,87.2,97.6,101.6,99.7,91.5,94.7,93.7,89,75.2,56.4,40.3,33.1,33.2,40.2,45.2,48.8,42.8,21.4,8.8,29.1,62.3,97.6,124.3,123.5,117.5,110.4,102.8,92.3,79,64.6,50.8,43.4,39,40.1,47,58.9,69.4,83,93,91.2,82.7,83.8,89.4,92.7,99.8,103.3,107.9,112.2,110.3,109.3,114,120.4,127.4,128.2,127.1,129.6,127.8,124.7,124.2,127.6,129.5,131.8,131.2,130.7,128.7,124.3,117.4,102.8,94.9,82.2,75,76.6,77.8,81.6,80.3,88.3,102.3,115.3,121.3,125.1,129,129,128.2,125.6,122.1,118.9,115.8,112.5,107.9,103.5,97.1,90.3,85.2,83.9,79.1,80.3,84.6,89.8,93.4,95.3,100.2,105.3,116,126.4,128.6,129,"FS","O","",2022,1,0,"11/24/09",17.8912319644839,15.7136514983352,15.7136514983352,15.7136514983352,0,0,0,0,0,0,38.9,46.7,58.7,70.3,84,96.9,108.8,117.5,122.8,125.8,125.2,124.7,121.2,117.1,112.3,105.2,100.4,103.3,106,106.8,102,96.4,89.4,83.4,79.3,74.3,71.3,71.2,70.5,67.5,59.3,48.8,43.2,43.3,43.6,44.2,45.1,45.2,43.4,46.7,51,57.9,64.3,71.4,78.7,85,98.8,105.5,106.8,110,107.8,107.1,102.6,94.4,86.1,78.7,69.2,57.8,48.9,43.2,43.2,46.4,51.1,53.4,55.9,65.2,74.3,79.4,87.2,97.6,101.6,99.7,91.5,94.7,93.7,89,75.2,56.4,40.3,33.1,33.2,40.2,45.2,48.8,0,0,0,0,0,0,124.3,123.5,117.5,110.4,102.8,92.3,79,64.6,50.8,43.4,39,40.1,47,58.9,69.4,83,93,91.2,82.7,83.8,89.4,92.7,99.8,103.3,107.9,112.2,110.3,109.3,114,120.4,127.4,128.2,127.1,129.6,127.8,124.7,124.2,127.6,129.5,131.8,131.2,130.7,128.7,124.3,117.4,102.8,94.9,82.2,75,76.6,77.8,81.6,80.3,88.3,102.3,115.3,121.3,125.1,129,129,128.2,125.6,122.1,118.9,115.8,112.5,107.9,103.5,97.1,90.3,85.2,83.9,79.1,80.3,84.6,89.8,93.4,95.3,100.2,105.3,116,126.4,128.6,129,6482.2,8566.7,77.1690476190476,101.984523809524,115,55,7,7
"031","01","A","W",2,90.1,1558,29,25,15,22,63,46,1.5,0,2,0,90,"2212",29,90,116.8,106.4,98.6,91.5,80.8,65.4,49.1,45.2,41.2,35.4,44.7,64.8,71.2,67.3,63.4,55.1,50.1,43.5,43.2,44.6,54,69.3,79.9,91.2,109.9,116.7,111.2,102.6,102.4,102.4,91.1,80.1,70.5,78.8,87.9,85.4,82.3,73.9,56.6,47.5,51.8,53.4,56.8,47.1,35.1,36.5,44.4,44.8,51.1,52.5,49.8,46.7,46.6,51.1,51,47.3,43.1,52.5,61.1,83.3,89.8,87.8,83.6,86.1,100.4,113.7,111.6,111.4,104.8,96.8,82,73.2,77.7,88.8,101.5,112.4,120.1,122.6,122.2,123.8,122.3,123.1,121.8,120.5,119.6,115.1,107.8,105.9,99.4,94.4,60.1,63.9,76.6,92.3,98,110.7,120.9,128.7,127.5,116.4,104.4,107.8,117.1,122.4,120.3,124.9,129.2,128.4,128.8,124.9,120,110.2,95.8,80.1,73.7,65.4,53.2,32.4,18.3,15.8,4.7,9.4,33.5,48.9,45.9,42.2,28.4,15,34.4,63.4,89,108.8,120,115.7,112.6,117.3,124.9,121.8,122.4,121.5,123.5,125.3,123.1,123.5,118.8,110.5,100.8,90,88.4,92.9,93.6,90.3,81.6,70.8,67.9,72.2,70.2,66.4,58.2,51.6,41.9,26.5,10.4,9.3,22.1,33,40,42,39.4,38.9,36,37,37.8,42.5,50,57.9,65.9,76,83.8,89,"FS","O","",2022,1,0,"11/24/09",17.291897891232,18.9988901220866,18.9988901220866,18.9988901220866,0,0,0,0,0,65.4,49.1,45.2,41.2,35.4,44.7,64.8,71.2,67.3,63.4,55.1,50.1,43.5,43.2,44.6,54,69.3,79.9,91.2,109.9,116.7,111.2,102.6,102.4,102.4,91.1,80.1,70.5,78.8,87.9,85.4,82.3,73.9,56.6,47.5,51.8,53.4,56.8,47.1,35.1,36.5,44.4,44.8,51.1,52.5,49.8,46.7,46.6,51.1,51,47.3,43.1,52.5,61.1,83.3,89.8,87.8,83.6,86.1,100.4,113.7,111.6,111.4,104.8,96.8,82,73.2,77.7,88.8,101.5,112.4,120.1,122.6,122.2,123.8,122.3,123.1,121.8,120.5,119.6,115.1,107.8,105.9,99.4,94.4,0,0,0,0,0,110.7,120.9,128.7,127.5,116.4,104.4,107.8,117.1,122.4,120.3,124.9,129.2,128.4,128.8,124.9,120,110.2,95.8,80.1,73.7,65.4,53.2,32.4,18.3,15.8,4.7,9.4,33.5,48.9,45.9,42.2,28.4,15,34.4,63.4,89,108.8,120,115.7,112.6,117.3,124.9,121.8,122.4,121.5,123.5,125.3,123.1,123.5,118.8,110.5,100.8,90,88.4,92.9,93.6,90.3,81.6,70.8,67.9,72.2,70.2,66.4,58.2,51.6,41.9,26.5,10.4,9.3,22.1,33,40,42,39.4,38.9,36,37,37.8,42.5,50,57.9,65.9,76,83.8,89,6624.1,6656.1,77.9305882352941,78.3070588235294,115,55,6,6
"001","01","A","W",2,90.1,1294,16,65,16,28,56,6,1.5,0,0,0,90,"2212",1,90,118.8,111.5,109.4,100.8,109.4,105.4,111.3,107.8,110.7,115.4,115.8,115,94.3,87.7,85.6,94.9,109.1,118.5,125.2,123.1,117.6,110.1,113.5,115.5,113.7,95.4,84.9,85.9,85.4,81.5,71.8,75.2,70.3,66.3,89.9,109.7,118.2,121.4,120,121.9,121,123.9,125.1,123.2,119,117.1,114.8,113,117.1,118.5,117.3,116.8,120.5,122.4,118.8,116.3,124.3,125.2,124.5,124.6,121.2,119.4,123.2,124.3,118.9,115.5,122.5,120.1,115.8,107.8,89.7,65.7,50.8,52.6,55.7,50.3,43.1,30.5,27.1,39.6,48.4,47.2,46.7,47.6,49.1,47.4,46.3,45.9,43.5,44.2,56.5,51.4,53.2,40.7,45.2,40.7,46.7,44,39.9,43.7,43.3,49.4,43.3,34,37.9,47.8,49.8,46.6,44.9,39.7,31.9,25.2,36.8,39.4,37.3,22.9,34,29.3,29.4,21.8,36.8,29.8,29.9,24.8,30.4,41.3,48.3,49.5,50.5,50.9,49.5,49.8,46.8,44.2,41.7,47.6,60.2,67.3,65.6,62.4,61.9,59.9,56.5,54.9,49.8,39.4,39.9,39.1,39.8,41.9,40.1,38.7,42.2,41.2,33,31.6,44.1,41.9,36.9,28.4,14.5,26.4,54.3,78.8,94.8,108.1,116.8,115.7,109.7,115.1,121.9,122.7,123.7,123.4,125,124.4,124.7,126.6,126.5,129.6,"TT","O","",2022,1,1,"11/24/09",14.361820199778,15.3190713886143,14.5605172452846,19.1118421052632,0,0,0,0,0,0,0,107.8,110.7,115.4,115.8,115,94.3,87.7,85.6,94.9,109.1,118.5,125.2,123.1,117.6,110.1,113.5,115.5,113.7,95.4,84.9,85.9,85.4,81.5,71.8,75.2,70.3,66.3,89.9,109.7,118.2,121.4,120,121.9,121,123.9,125.1,123.2,119,117.1,114.8,113,117.1,118.5,117.3,116.8,120.5,122.4,118.8,116.3,124.3,125.2,124.5,124.6,121.2,119.4,123.2,124.3,118.9,115.5,122.5,120.1,115.8,107.8,89.7,65.7,50.8,52.6,55.7,50.3,43.1,30.5,27.1,39.6,48.4,47.2,46.7,47.6,49.1,47.4,46.3,45.9,43.5,44.2,0,0,0,0,0,0,0,44,39.9,43.7,43.3,49.4,43.3,34,37.9,47.8,49.8,46.6,44.9,39.7,31.9,25.2,36.8,39.4,37.3,22.9,34,29.3,29.4,21.8,36.8,29.8,29.9,24.8,30.4,41.3,48.3,49.5,50.5,50.9,49.5,49.8,46.8,44.2,41.7,47.6,60.2,67.3,65.6,62.4,61.9,59.9,56.5,54.9,49.8,39.4,39.9,39.1,39.8,41.9,40.1,38.7,42.2,41.2,33,31.6,44.1,41.9,36.9,28.4,14.5,26.4,54.3,78.8,94.8,108.1,116.8,115.7,109.7,115.1,121.9,122.7,123.7,123.4,125,124.4,124.7,126.6,126.5,129.6,7934.8,4743.5,95.6,57.1506024096386,115,55,8,8
"002","01","A","N",2,90.1,1444,13,27,11,16,73,-85,1.5,0,1,0,90,"2212",1,90,111.9,112.1,107.5,112.6,112.7,113.2,111.9,111.4,110.4,112.9,112.1,114.2,115.1,118.1,118.9,118.4,112.3,110.4,113.3,110.8,110.5,108.8,107,106.4,107.4,103.6,97.1,95,78.3,55.8,36.7,30.3,51.3,74.6,92,99.4,95.8,101.2,110,108.5,100.9,94.6,78.8,64.8,55.2,51,49.5,55.4,62.3,62.1,62.3,66.3,71.1,78,83.4,88.9,96.8,102.9,105.2,106.4,110.2,115.5,122.1,123,123.1,123.5,124.5,122.4,119.2,116.2,111.2,105,96.7,86.8,78.3,65.4,44.5,23.4,20.5,43,68.4,93.9,115.7,123.6,122.5,119.9,115.7,111.1,104.9,96.8,65.2,72.9,71.9,75.3,77.4,74.3,77.6,79.1,78,73,74,71.2,62.7,56.5,55,58.5,65.1,69.3,71.7,72.5,73.3,74.4,79.8,80.5,82.3,82.1,80.8,82.3,75.6,74.5,67.4,59.8,64.8,59.6,49.4,34,13.8,20.1,41,51.3,61.6,70,83.3,99.2,115.9,127.2,128.7,131.3,132.5,132.9,132.3,131.2,127.7,123.6,117.3,109,100.5,91,86.3,77.6,64.3,51.8,45.3,42.4,40,37.4,40.6,45.7,48.4,57.9,68.8,78.2,86.1,96.3,103.8,106,102.4,89.1,68.9,43.9,21.2,18.5,35.8,45.9,47.1,52.1,59.5,69.9,78.7,87,"TT","O","",2022,2,1,"11/24/09",16.0266370699223,15.3190713886143,14.5605172452846,19.1118421052632,0,0,0,0,0,0,0,111.4,110.4,112.9,112.1,114.2,115.1,118.1,118.9,118.4,112.3,110.4,113.3,110.8,110.5,108.8,107,106.4,107.4,103.6,97.1,95,78.3,55.8,36.7,30.3,51.3,74.6,92,99.4,95.8,101.2,110,108.5,100.9,94.6,78.8,64.8,55.2,51,49.5,55.4,62.3,62.1,62.3,66.3,71.1,78,83.4,88.9,96.8,102.9,105.2,106.4,110.2,115.5,122.1,123,123.1,123.5,124.5,122.4,119.2,116.2,111.2,105,96.7,86.8,78.3,65.4,44.5,23.4,20.5,43,68.4,93.9,115.7,123.6,122.5,119.9,115.7,111.1,104.9,96.8,0,0,0,0,0,0,0,79.1,78,73,74,71.2,62.7,56.5,55,58.5,65.1,69.3,71.7,72.5,73.3,74.4,79.8,80.5,82.3,82.1,80.8,82.3,75.6,74.5,67.4,59.8,64.8,59.6,49.4,34,13.8,20.1,41,51.3,61.6,70,83.3,99.2,115.9,127.2,128.7,131.3,132.5,132.9,132.3,131.2,127.7,123.6,117.3,109,100.5,91,86.3,77.6,64.3,51.8,45.3,42.4,40,37.4,40.6,45.7,48.4,57.9,68.8,78.2,86.1,96.3,103.8,106,102.4,89.1,68.9,43.9,21.2,18.5,35.8,45.9,47.1,52.1,59.5,69.9,78.7,87,7730.9,6145.5,93.1433734939759,74.0421686746988,115,55,8,8
"003","01","A","S",2,14.7,170,70,1,26,15,59,-79,1.5,1,0,0,90,"2212",1,14,56.8,53.7,49.1,47.5,47.8,50.7,53.2,52.8,56.4,54.8,52.9,44.2,30,8,0,0,0,0,0,0,0,0,0,0,0,0,0,0,0,0,0,0,0,0,0,0,0,0,0,0,0,0,0,0,0,0,0,0,0,0,0,0,0,0,0,0,0,0,0,0,0,0,0,0,0,0,0,0,0,0,0,0,0,0,0,0,0,0,0,0,0,0,0,0,0,0,0,0,0,0,117.5,119.4,118.3,119.5,115.8,116,117.1,114.6,106.6,95.9,83.7,74.5,74.4,81,0,0,0,0,0,0,0,0,0,0,0,0,0,0,0,0,0,0,0,0,0,0,0,0,0,0,0,0,0,0,0,0,0,0,0,0,0,0,0,0,0,0,0,0,0,0,0,0,0,0,0,0,0,0,0,0,0,0,0,0,0,0,0,0,0,0,0,0,0,0,0,0,0,0,0,0,"TT","O","",2022,3,1,"11/24/09",11.5646258503401,15.3190713886143,14.5605172452846,19.1118421052632,0,0,0,47.5,47.8,50.7,53.2,52.8,56.4,54.8,52.9,44.2,30,8,0,0,0,0,0,0,0,0,0,0,0,0,0,0,0,0,0,0,0,0,0,0,0,0,0,0,0,0,0,0,0,0,0,0,0,0,0,0,0,0,0,0,0,0,0,0,0,0,0,0,0,0,0,0,0,0,0,0,0,0,0,0,0,0,0,0,0,0,0,0,0,0,0,0,0,0,0,0,0,119.5,115.8,116,117.1,114.6,106.6,95.9,83.7,74.5,74.4,81,0,0,0,0,0,0,0,0,0,0,0,0,0,0,0,0,0,0,0,0,0,0,0,0,0,0,0,0,0,0,0,0,0,0,0,0,0,0,0,0,0,0,0,0,0,0,0,0,0,0,0,0,0,0,0,0,0,0,0,0,0,0,0,0,0,0,0,0,0,0,0,0,0,0,0,0,498.3,1099.1,45.3,99.9181818181818,55,115,4,4
"001","02","A","E",2,8.7,125,74,2,37,26,37,3,1.5,1,0,0,90,"2212",1,8,65.6,64.2,61.9,49.8,46.1,19.1,8.2,5.8,0,0,0,0,0,0,0,0,0,0,0,0,0,0,0,0,0,0,0,0,0,0,0,0,0,0,0,0,0,0,0,0,0,0,0,0,0,0,0,0,0,0,0,0,0,0,0,0,0,0,0,0,0,0,0,0,0,0,0,0,0,0,0,0,0,0,0,0,0,0,0,0,0,0,0,0,0,0,0,0,0,0,123.1,122.4,123.7,110.2,112.3,95.9,82.1,81.3,0,0,0,0,0,0,0,0,0,0,0,0,0,0,0,0,0,0,0,0,0,0,0,0,0,0,0,0,0,0,0,0,0,0,0,0,0,0,0,0,0,0,0,0,0,0,0,0,0,0,0,0,0,0,0,0,0,0,0,0,0,0,0,0,0,0,0,0,0,0,0,0,0,0,0,0,0,0,0,0,0,0,"TT","O","",2022,4,1,"11/25/09",14.367816091954,15.3190713886143,14.5605172452846,19.1118421052632,0,0,0,49.8,46.1,19.1,8.2,5.8,0,0,0,0,0,0,0,0,0,0,0,0,0,0,0,0,0,0,0,0,0,0,0,0,0,0,0,0,0,0,0,0,0,0,0,0,0,0,0,0,0,0,0,0,0,0,0,0,0,0,0,0,0,0,0,0,0,0,0,0,0,0,0,0,0,0,0,0,0,0,0,0,0,0,0,0,0,0,0,0,0,0,0,0,0,110.2,112.3,95.9,82.1,81.3,0,0,0,0,0,0,0,0,0,0,0,0,0,0,0,0,0,0,0,0,0,0,0,0,0,0,0,0,0,0,0,0,0,0,0,0,0,0,0,0,0,0,0,0,0,0,0,0,0,0,0,0,0,0,0,0,0,0,0,0,0,0,0,0,0,0,0,0,0,0,0,0,0,0,0,0,0,0,0,0,0,0,129,481.8,25.8,96.36,55,115,4,4
"002","02","A","W",2,90.1,1485,16,27,4,14,82,-88,1.5,0,0,0,90,"2212",1,90,118.4,114.9,117.7,120.6,116.7,109.2,106.7,114.5,121.4,118.6,115.3,110,102.4,94.6,85,76.1,68.1,60.2,52.5,45.3,43.7,47.5,54.3,66.1,79.1,94.3,106.1,115.6,121.9,124.7,124.7,121.8,119,120,119,120.2,117.4,119.5,114.4,110.1,107.1,88.3,71.7,78.2,78.7,74.2,66.4,55.6,54.4,54.8,54.5,58.2,66.1,70.4,75.9,82.2,88.7,91.9,92,82.3,60.9,47.5,61.4,82,102,108.4,109.5,109.3,108.4,106.5,103,97.7,95,94.4,95.4,94.7,95.2,92.5,88,81.7,78.5,74.2,70.3,67.6,68.5,63.1,58.9,56.3,58.1,58.7,61.7,58.1,57.9,54.4,47.9,32.9,21.5,37.8,50.3,51.9,63.7,74.7,83.4,94.1,106.2,113.7,120.3,125.8,128.9,129.3,128.9,125.1,119.6,112.2,103.8,94,81.7,67.8,53.6,42.4,38.9,44.6,53.2,52.1,48.7,51.4,51,56.1,54.6,56.2,55.7,59,77.2,110.2,118.3,119.6,121.2,124,125.3,126.6,126.3,129,129.9,125.4,116.6,103.6,86.1,67.8,45.4,23.5,30.4,57.7,73.8,78,82.3,78,75.4,76.3,77.8,80.8,89.3,93.4,98.8,105,103.7,104.5,106.1,106.7,109.5,109.7,116.3,119.8,120.6,121.3,121.5,116.8,110.2,114,126.3,127.1,"TT","O","",2022,5,1,"11/25/09",16.4816870144284,15.3190713886143,14.5605172452846,19.1118421052632,0,0,0,0,0,0,0,114.5,121.4,118.6,115.3,110,102.4,94.6,85,76.1,68.1,60.2,52.5,45.3,43.7,47.5,54.3,66.1,79.1,94.3,106.1,115.6,121.9,124.7,124.7,121.8,119,120,119,120.2,117.4,119.5,114.4,110.1,107.1,88.3,71.7,78.2,78.7,74.2,66.4,55.6,54.4,54.8,54.5,58.2,66.1,70.4,75.9,82.2,88.7,91.9,92,82.3,60.9,47.5,61.4,82,102,108.4,109.5,109.3,108.4,106.5,103,97.7,95,94.4,95.4,94.7,95.2,92.5,88,81.7,78.5,74.2,70.3,67.6,68.5,63.1,58.9,56.3,58.1,58.7,0,0,0,0,0,0,0,37.8,50.3,51.9,63.7,74.7,83.4,94.1,106.2,113.7,120.3,125.8,128.9,129.3,128.9,125.1,119.6,112.2,103.8,94,81.7,67.8,53.6,42.4,38.9,44.6,53.2,52.1,48.7,51.4,51,56.1,54.6,56.2,55.7,59,77.2,110.2,118.3,119.6,121.2,124,125.3,126.6,126.3,129,129.9,125.4,116.6,103.6,86.1,67.8,45.4,23.5,30.4,57.7,73.8,78,82.3,78,75.4,76.3,77.8,80.8,89.3,93.4,98.8,105,103.7,104.5,106.1,106.7,109.5,109.7,116.3,119.8,120.6,121.3,121.5,116.8,110.2,114,126.3,127.1,7182.7,7537.8,86.5385542168674,90.8168674698795,115,55,8,8
"003","02","A","S",2,30.4,581,41,11,26,24,50,-19,1.5,2,0,0,90,"2212",1,30,59.2,48.9,31.6,10.2,20.5,46.1,58.2,63.1,63.9,51.7,39.1,41.5,43,39.5,37.3,28.7,16.6,14.7,35.4,54.4,70.1,82.2,95.2,109.9,106.8,103.4,98.4,89.1,82.8,78.9,0,0,0,0,0,0,0,0,0,0,0,0,0,0,0,0,0,0,0,0,0,0,0,0,0,0,0,0,0,0,0,0,0,0,0,0,0,0,0,0,0,0,0,0,0,0,0,0,0,0,0,0,0,0,0,0,0,0,0,0,111.9,102.4,93.8,84.3,83.5,91.7,100,109.9,117.1,115,118.7,127.6,129.2,126,123.9,113.2,100.5,79.5,54.1,32.6,26.1,39.8,60.9,78,77.9,82.4,82.1,94.5,112.3,114.7,0,0,0,0,0,0,0,0,0,0,0,0,0,0,0,0,0,0,0,0,0,0,0,0,0,0,0,0,0,0,0,0,0,0,0,0,0,0,0,0,0,0,0,0,0,0,0,0,0,0,0,0,0,0,0,0,0,0,0,0,"FS","O","",2022,6,1,"11/25/09",19.1118421052632,15.3190713886143,14.5605172452846,19.1118421052632,0,0,31.6,10.2,20.5,46.1,58.2,63.1,63.9,51.7,39.1,41.5,43,39.5,37.3,28.7,16.6,14.7,35.4,54.4,70.1,82.2,95.2,109.9,106.8,103.4,98.4,89.1,82.8,78.9,0,0,0,0,0,0,0,0,0,0,0,0,0,0,0,0,0,0,0,0,0,0,0,0,0,0,0,0,0,0,0,0,0,0,0,0,0,0,0,0,0,0,0,0,0,0,0,0,0,0,0,0,0,0,0,0,0,0,0,0,0,0,93.8,84.3,83.5,91.7,100,109.9,117.1,115,118.7,127.6,129.2,126,123.9,113.2,100.5,79.5,54.1,32.6,26.1,39.8,60.9,78,77.9,82.4,82.1,94.5,112.3,114.7,0,0,0,0,0,0,0,0,0,0,0,0,0,0,0,0,0,0,0,0,0,0,0,0,0,0,0,0,0,0,0,0,0,0,0,0,0,0,0,0,0,0,0,0,0,0,0,0,0,0,0,0,0,0,0,0,0,0,0,0,1612.3,2569.3,57.5821428571429,91.7607142857143,55,115,3,3
"004","01","A","W",2,90.1,2158,14,36,9,19,72,10,1.5,1,1,0,90,"2212",7,90,116,119.1,112.6,89.3,75.5,95.1,120.4,120.7,116.2,103.7,95.2,84.1,72.6,59.9,49.7,42.9,47.9,62.1,81.7,96,113.5,120.2,123.7,126.2,124.6,122.1,119.2,115.3,102.9,80.7,47.2,15.8,26.4,52.1,76.3,99.6,118.1,115.8,113.4,110.2,99.3,90.9,88.6,85.3,83.9,79.5,70.3,54.2,44.8,45.1,45.3,45.7,54.8,71.3,92.8,104,109.6,117.6,120.1,121.7,121,117.1,111.3,105.3,96.6,85.8,79,71.1,66.9,72.7,84,95.8,104,115.2,117,118.3,125,116.7,108.5,103.7,107.6,108.8,96,90,81.1,69.3,67.2,66.5,65.8,63.8,49.4,49.9,50,41.6,15.5,20.3,41.8,42.6,48.6,63.7,91.3,108,118,127,128.2,128.7,124.3,114.2,102.1,83.2,71.1,55,41.6,39.8,38.4,35.7,35.8,45.3,52.7,60.3,69.5,76.4,72.8,65.5,56.2,53.4,59.5,52.6,43,27.4,14.5,28.4,56,83.3,98.4,99.7,104.3,113.6,122.3,131.1,129.2,119.2,109.1,101.1,98.1,86.2,69.8,57.7,46.3,37.5,36.1,43.7,57.5,74.6,88.1,97.6,103.6,107.7,110.9,103.9,99.2,92.8,79.4,69.3,60.5,46.9,45.4,32.4,24,38.4,65.6,77,78.3,102.5,109.9,121.1,123.9,122.2,127,127,"TT","O","",2022,1,1,"11/24/09",23.9511653718091,23.4928580971173,23.4790114158871,23.562091503268,0,0,0,0,75.5,95.1,120.4,120.7,116.2,103.7,95.2,84.1,72.6,59.9,49.7,42.9,47.9,62.1,81.7,96,113.5,120.2,123.7,126.2,124.6,122.1,119.2,115.3,102.9,80.7,47.2,15.8,26.4,52.1,76.3,99.6,118.1,115.8,113.4,110.2,99.3,90.9,88.6,85.3,83.9,79.5,70.3,54.2,44.8,45.1,45.3,45.7,54.8,71.3,92.8,104,109.6,117.6,120.1,121.7,121,117.1,111.3,105.3,96.6,85.8,79,71.1,66.9,72.7,84,95.8,104,115.2,117,118.3,125,116.7,108.5,103.7,107.6,108.8,96,90,81.1,69.3,67.2,66.5,65.8,63.8,0,0,0,0,15.5,20.3,41.8,42.6,48.6,63.7,91.3,108,118,127,128.2,128.7,124.3,114.2,102.1,83.2,71.1,55,41.6,39.8,38.4,35.7,35.8,45.3,52.7,60.3,69.5,76.4,72.8,65.5,56.2,53.4,59.5,52.6,43,27.4,14.5,28.4,56,83.3,98.4,99.7,104.3,113.6,122.3,131.1,129.2,119.2,109.1,101.1,98.1,86.2,69.8,57.7,46.3,37.5,36.1,43.7,57.5,74.6,88.1,97.6,103.6,107.7,110.9,103.9,99.2,92.8,79.4,69.3,60.5,46.9,45.4,32.4,24,38.4,65.6,77,78.3,102.5,109.9,121.1,123.9,122.2,127,127,7702.9,6581.8,89.5686046511628,76.5325581395349,115,55,5,5
"005","01","A","N",2,90.1,2180,25,24,6,37,57,43,1.5,0,2,0,90,"2212",7,90,110.6,105.2,86.7,64.8,64,79.7,82.8,80.6,79.4,79.6,84,94.6,107.5,114.9,108.9,100,83.5,69.5,61.8,53.5,46.3,44.9,49.4,56.2,64,75.6,88.9,95.5,102.5,104.9,107.2,109.2,110.6,108.3,109.9,107.7,96.9,82.5,62.1,55.2,53.6,42.3,41.6,48.9,59.8,70.3,78,84.3,91.1,97.8,101.9,104.2,107.7,118,118.3,112.4,101.9,89.5,79.1,63,44.3,32.2,37.5,49.8,53.6,58.8,71.1,91.8,112.3,113.6,110.9,111.4,107.2,99.6,94,91.4,90.1,81.8,70.6,56.4,41.7,33.4,36.7,42.9,53.5,60.5,60.8,66.1,74,88.9,55.1,45.7,33.9,51.7,87.7,114.1,113.5,96,75.2,48.8,20,13.6,42.7,64.6,71,78.9,86.2,96.8,114.1,120.5,126,131,132.3,129.4,121.9,115.9,111.2,98.6,84.6,68.3,50.4,35.8,25.3,30.2,50.8,67.6,75.5,83.4,97.4,115.1,119.7,120.1,127.6,131,131.8,127.8,117.9,103.1,84.9,65.9,48.6,31.2,22.9,42.6,55.6,65.7,73.3,84.9,99.1,108.4,112.8,116.1,120.8,120.8,109.2,92.8,73.4,61.2,66,60.7,51.6,36.6,22,22.2,42.9,68.1,89.1,100.8,108.8,113.8,120.3,119.6,120.2,121.1,126.2,122.6,107.9,91,70,51.2,"TT","O","",2022,2,1,"11/24/09",24.1953385127636,23.4928580971173,23.4790114158871,23.562091503268,0,0,0,0,64,79.7,82.8,80.6,79.4,79.6,84,94.6,107.5,114.9,108.9,100,83.5,69.5,61.8,53.5,46.3,44.9,49.4,56.2,64,75.6,88.9,95.5,102.5,104.9,107.2,109.2,110.6,108.3,109.9,107.7,96.9,82.5,62.1,55.2,53.6,42.3,41.6,48.9,59.8,70.3,78,84.3,91.1,97.8,101.9,104.2,107.7,118,118.3,112.4,101.9,89.5,79.1,63,44.3,32.2,37.5,49.8,53.6,58.8,71.1,91.8,112.3,113.6,110.9,111.4,107.2,99.6,94,91.4,90.1,81.8,70.6,56.4,41.7,33.4,36.7,42.9,53.5,60.5,60.8,66.1,74,88.9,0,0,0,0,87.7,114.1,113.5,96,75.2,48.8,20,13.6,42.7,64.6,71,78.9,86.2,96.8,114.1,120.5,126,131,132.3,129.4,121.9,115.9,111.2,98.6,84.6,68.3,50.4,35.8,25.3,30.2,50.8,67.6,75.5,83.4,97.4,115.1,119.7,120.1,127.6,131,131.8,127.8,117.9,103.1,84.9,65.9,48.6,31.2,22.9,42.6,55.6,65.7,73.3,84.9,99.1,108.4,112.8,116.1,120.8,120.8,109.2,92.8,73.4,61.2,66,60.7,51.6,36.6,22,22.2,42.9,68.1,89.1,100.8,108.8,113.8,120.3,119.6,120.2,121.1,126.2,122.6,107.9,91,70,51.2,6822.7,7396.3,79.3337209302326,86.0034883720931,115,55,5,5
"006","01","A","S",2,90.1,1874,27,28,20,40,40,35,1.5,2,2,0,90,"2212",7,90,46.4,16,12.6,27.5,48.1,62.1,70.6,77,75.7,62.1,45.4,32.5,31.8,41.7,49.7,54.6,64.4,80.9,96.6,100.2,96.6,88,73.8,72.8,80,79.7,75.7,69.8,54.6,36.4,21.3,19.4,38.1,62.7,87,100.8,106,105,98.6,91.6,88,88.8,85.6,84.5,92.2,98.6,108.4,115.5,119.6,123.9,121.3,125.4,120.6,115.7,115.7,111.6,110,111.2,106.9,95,76.8,57.3,39.9,15.6,14.1,26.6,39.8,41.8,43.4,45.4,40.8,37.9,38.4,42,49.8,63.3,78.5,94,99.2,100.5,103.6,104.5,104.1,102.3,96.3,90.8,87.8,88.5,91.7,84.3,115.9,101.1,87.6,66.3,39.5,28.7,42.2,70.1,87.9,97.7,106.2,113.6,117.8,121,115.3,101.4,85.8,72.7,61.2,52.8,33.5,9.8,18.7,42.8,65.3,83.3,99.3,110.1,114,110.7,94.9,73.9,49.1,24.8,10,15,20,27.1,39.1,57.9,77.4,94.2,98.1,98.3,93.7,87.4,77.1,67.9,55.6,49.4,38,38.9,36.4,43,58.1,70.2,73.7,63.5,56.5,36.9,26.2,35.7,51,75.7,98.3,112,125.9,127.4,125.5,126.7,125.8,124.4,122.4,118.5,112.3,106.6,102.8,101.9,91.3,75.7,60.7,49,30.7,17.9,18,35.3,56,77.1,92.3,94,"TT","O","",2022,3,1,"11/24/09",20.7991120976693,23.4928580971173,23.4790114158871,23.562091503268,0,16,12.6,27.5,48.1,62.1,70.6,77,75.7,62.1,45.4,32.5,31.8,41.7,49.7,54.6,64.4,80.9,96.6,100.2,96.6,88,73.8,72.8,80,79.7,75.7,69.8,54.6,36.4,21.3,19.4,38.1,62.7,87,100.8,106,105,98.6,91.6,88,88.8,85.6,84.5,92.2,98.6,108.4,115.5,119.6,123.9,121.3,125.4,120.6,115.7,115.7,111.6,110,111.2,106.9,95,76.8,57.3,39.9,15.6,14.1,26.6,39.8,41.8,43.4,45.4,40.8,37.9,38.4,42,49.8,63.3,78.5,94,99.2,100.5,103.6,104.5,104.1,102.3,96.3,90.8,87.8,88.5,91.7,84.3,0,101.1,87.6,66.3,39.5,28.7,42.2,70.1,87.9,97.7,106.2,113.6,117.8,121,115.3,101.4,85.8,72.7,61.2,52.8,33.5,9.8,18.7,42.8,65.3,83.3,99.3,110.1,114,110.7,94.9,73.9,49.1,24.8,10,15,20,27.1,39.1,57.9,77.4,94.2,98.1,98.3,93.7,87.4,77.1,67.9,55.6,49.4,38,38.9,36.4,43,58.1,70.2,73.7,63.5,56.5,36.9,26.2,35.7,51,75.7,98.3,112,125.9,127.4,125.5,126.7,125.8,124.4,122.4,118.5,112.3,106.6,102.8,101.9,91.3,75.7,60.7,49,30.7,17.9,18,35.3,56,77.1,92.3,94,6644.9,6499.6,74.661797752809,73.0292134831461,55,115,2,2
"004","02","A","E",2,90.1,2330,21,30,23,37,40,53,1.5,0,2,0,90,"2212",7,90,62.8,53.6,42.1,59.1,101.9,114.5,119.2,111,96.8,69.9,36.9,20.7,45.5,56.8,66.5,83.5,94.5,101.3,101.8,95.4,77.7,51.7,25.2,20.4,39.4,44.9,37.6,37.8,56,81.9,106.9,123.1,119.1,115.5,109.9,102.9,89,71.1,60.3,46.6,45.4,46.7,51.2,51.9,55.1,60.3,77.7,83,76.6,75.4,75.8,81.7,99.5,116.3,117.1,112.3,99.4,79.7,70.2,62.9,46.4,30.7,29.3,48.5,72.4,93,102.1,108.3,113.1,111.9,107.7,100.5,97.8,91.6,75.7,73.4,80.1,71.4,47,38.3,52.9,78.4,104.9,119.8,113.5,107.3,97,82.5,62.3,38.1,103.4,86.2,54.5,40.6,51.3,46.2,47.2,45.7,51.5,61.2,78.2,105.2,128,128.9,120.5,114.3,100.5,82.5,70.8,48.7,32.1,42.9,70.1,100.1,124.7,126.9,109.1,85.1,57.5,35.9,34.2,41.9,36.6,29.8,36.4,54.6,71.5,90.1,105.7,120.3,130.1,132.8,133.1,129.8,124.9,114.5,116.6,116.6,96.3,71.6,49.5,18.4,17.8,43.5,56.2,64.1,74.6,86.7,105.4,113.7,118.5,115.6,110.2,108,106.8,103.5,92.1,80.2,68.7,60.5,41.3,18.4,20.8,37.7,60.8,86.1,99.6,95.2,79.9,57.5,35.8,32.2,44.5,52.8,42.7,30.4,14.7,8.2,25.5,55.4,"TT","O","",2022,4,1,"11/25/09",25.8601553829079,23.4928580971173,23.4790114158871,23.562091503268,0,53.6,42.1,59.1,101.9,114.5,119.2,111,96.8,69.9,36.9,20.7,45.5,56.8,66.5,83.5,94.5,101.3,101.8,95.4,77.7,51.7,25.2,20.4,39.4,44.9,37.6,37.8,56,81.9,106.9,123.1,119.1,115.5,109.9,102.9,89,71.1,60.3,46.6,45.4,46.7,51.2,51.9,55.1,60.3,77.7,83,76.6,75.4,75.8,81.7,99.5,116.3,117.1,112.3,99.4,79.7,70.2,62.9,46.4,30.7,29.3,48.5,72.4,93,102.1,108.3,113.1,111.9,107.7,100.5,97.8,91.6,75.7,73.4,80.1,71.4,47,38.3,52.9,78.4,104.9,119.8,113.5,107.3,97,82.5,62.3,38.1,0,86.2,54.5,40.6,51.3,46.2,47.2,45.7,51.5,61.2,78.2,105.2,128,128.9,120.5,114.3,100.5,82.5,70.8,48.7,32.1,42.9,70.1,100.1,124.7,126.9,109.1,85.1,57.5,35.9,34.2,41.9,36.6,29.8,36.4,54.6,71.5,90.1,105.7,120.3,130.1,132.8,133.1,129.8,124.9,114.5,116.6,116.6,96.3,71.6,49.5,18.4,17.8,43.5,56.2,64.1,74.6,86.7,105.4,113.7,118.5,115.6,110.2,108,106.8,103.5,92.1,80.2,68.7,60.5,41.3,18.4,20.8,37.7,60.8,86.1,99.6,95.2,79.9,57.5,35.8,32.2,44.5,52.8,42.7,30.4,14.7,8.2,25.5,55.4,6822.1,6567.3,76.652808988764,73.7898876404494,55,115,2,2
"005","02","A","W",2,22.4,506,34,2,49,24,27,53,1.5,2,0,0,90,"2212",7,22,113.5,105.5,83.4,46.4,16.1,7.1,21.3,43.2,59.9,51.5,41.5,37.4,40.2,51.8,70.7,84.7,103.9,98.2,81.9,57.5,37.8,12.7,0,0,0,0,0,0,0,0,0,0,0,0,0,0,0,0,0,0,0,0,0,0,0,0,0,0,0,0,0,0,0,0,0,0,0,0,0,0,0,0,0,0,0,0,0,0,0,0,0,0,0,0,0,0,0,0,0,0,0,0,0,0,0,0,0,0,0,0,57.3,60.2,61.6,65.7,77.5,82,93.6,114.6,129.1,112.8,90,66.7,48.8,39.9,49,63.8,77.4,79.8,80.2,71.7,67.2,78.7,0,0,0,0,0,0,0,0,0,0,0,0,0,0,0,0,0,0,0,0,0,0,0,0,0,0,0,0,0,0,0,0,0,0,0,0,0,0,0,0,0,0,0,0,0,0,0,0,0,0,0,0,0,0,0,0,0,0,0,0,0,0,0,0,0,0,0,0,"TT","O","",2022,5,1,"11/25/09",22.5892857142857,23.4928580971173,23.4790114158871,23.562091503268,0,0,0,0,16.1,7.1,21.3,43.2,59.9,51.5,41.5,37.4,40.2,51.8,70.7,84.7,103.9,98.2,81.9,57.5,37.8,12.7,0,0,0,0,0,0,0,0,0,0,0,0,0,0,0,0,0,0,0,0,0,0,0,0,0,0,0,0,0,0,0,0,0,0,0,0,0,0,0,0,0,0,0,0,0,0,0,0,0,0,0,0,0,0,0,0,0,0,0,0,0,0,0,0,0,0,0,0,0,0,0,0,77.5,82,93.6,114.6,129.1,112.8,90,66.7,48.8,39.9,49,63.8,77.4,79.8,80.2,71.7,67.2,78.7,0,0,0,0,0,0,0,0,0,0,0,0,0,0,0,0,0,0,0,0,0,0,0,0,0,0,0,0,0,0,0,0,0,0,0,0,0,0,0,0,0,0,0,0,0,0,0,0,0,0,0,0,0,0,0,0,0,0,0,0,0,0,0,0,0,0,0,0,917.4,1422.8,50.9666666666667,79.0444444444444,115,55,5,5
"006","02","A","S",2,30.6,721,50,24,15,48,37,39,1.5,1,1,0,90,"2212",7,30,40.3,16.9,15,48.1,79.9,107,123.9,120,110.6,92.9,75.6,73.5,72.2,65.8,55.4,47.4,35.3,32.4,41.3,55.6,55.8,53.5,41.9,35.4,28.5,25.5,45.7,68.1,88.3,106.9,0,0,0,0,0,0,0,0,0,0,0,0,0,0,0,0,0,0,0,0,0,0,0,0,0,0,0,0,0,0,0,0,0,0,0,0,0,0,0,0,0,0,0,0,0,0,0,0,0,0,0,0,0,0,0,0,0,0,0,0,117.6,100.7,72.1,39.7,12.1,20.9,37.2,33.7,29.9,35.6,59,83.5,98.4,110.7,118.3,120.6,118.1,118.5,122.2,127.4,117.3,112.4,108.3,115,113.6,98.4,83,70.8,60,53.3,0,0,0,0,0,0,0,0,0,0,0,0,0,0,0,0,0,0,0,0,0,0,0,0,0,0,0,0,0,0,0,0,0,0,0,0,0,0,0,0,0,0,0,0,0,0,0,0,0,0,0,0,0,0,0,0,0,0,0,0,"FS","O","",2022,6,1,"11/25/09",23.562091503268,23.4928580971173,23.4790114158871,23.562091503268,0,16.9,15,48.1,79.9,107,123.9,120,110.6,92.9,75.6,73.5,72.2,65.8,55.4,47.4,35.3,32.4,41.3,55.6,55.8,53.5,41.9,35.4,28.5,25.5,45.7,68.1,88.3,106.9,0,0,0,0,0,0,0,0,0,0,0,0,0,0,0,0,0,0,0,0,0,0,0,0,0,0,0,0,0,0,0,0,0,0,0,0,0,0,0,0,0,0,0,0,0,0,0,0,0,0,0,0,0,0,0,0,0,0,0,0,0,100.7,72.1,39.7,12.1,20.9,37.2,33.7,29.9,35.6,59,83.5,98.4,110.7,118.3,120.6,118.1,118.5,122.2,127.4,117.3,112.4,108.3,115,113.6,98.4,83,70.8,60,53.3,0,0,0,0,0,0,0,0,0,0,0,0,0,0,0,0,0,0,0,0,0,0,0,0,0,0,0,0,0,0,0,0,0,0,0,0,0,0,0,0,0,0,0,0,0,0,0,0,0,0,0,0,0,0,0,0,0,0,0,0,1818.4,2390.7,62.7034482758621,82.4379310344828,55,115,2,2
"010","01","A","W",2,90.1,1805,20,33,9,23,68,-61,1.5,1,0,0,90,"2212",9,90,120.3,119.1,115,118.4,113.5,117.5,114.4,115.4,106.8,109.7,108.9,118.3,113.2,97,74.3,75.1,100.8,110.4,105,91.9,77.9,67.6,54.5,44.4,42.8,44.5,52.6,62.1,75.5,91.2,102.6,108.4,107.8,110.2,108.7,120.5,125,123,112.7,97.5,81.4,80.1,93.8,95.8,92.1,87.8,92,91.5,90.5,86.8,68.1,43,32.2,49,74.6,83.6,81.8,75.3,61.1,48.6,43.2,44.8,47.9,51.4,69.2,82.9,89.8,104.6,108.2,115.5,119.9,119.1,120.4,118.5,116.6,114.8,113.1,103.2,92.5,88.4,91.5,85,74.2,65.2,64.5,62.1,55.3,46.5,35.8,13.5,57.3,53.8,46.9,47.8,41.5,45.7,44.7,50.5,41.4,40.2,39.7,53.8,51.9,41.2,18.4,42.1,71.8,75.3,79.5,89,106.7,120.8,126.5,129,128.7,125,120.1,113.7,104.5,94.7,85.5,77.6,76.7,69.7,50.7,41.6,38.8,37.2,28.4,21.1,38.1,69.6,96.5,101.1,103.6,105.9,106.3,97.9,87.8,84.6,71.2,57.8,58.6,74.7,94.2,98.9,101.4,105.9,113.2,122.3,128.5,130.1,127.5,119.1,118.5,110.6,92.5,84.8,68.5,55.2,50,46.6,46.8,46.6,41.6,41.3,43.6,41.7,57.5,74.9,102.7,109.7,112.9,124.4,128.3,125.6,117.8,106.7,97.9,82,"TT","O","",2022,1,1,"11/24/09",20.0332963374029,21.4109106720549,20.7685026425315,24.6229508196721,0,0,0,0,0,117.5,114.4,115.4,106.8,109.7,108.9,118.3,113.2,97,74.3,75.1,100.8,110.4,105,91.9,77.9,67.6,54.5,44.4,42.8,44.5,52.6,62.1,75.5,91.2,102.6,108.4,107.8,110.2,108.7,120.5,125,123,112.7,97.5,81.4,80.1,93.8,95.8,92.1,87.8,92,91.5,90.5,86.8,68.1,43,32.2,49,74.6,83.6,81.8,75.3,61.1,48.6,43.2,44.8,47.9,51.4,69.2,82.9,89.8,104.6,108.2,115.5,119.9,119.1,120.4,118.5,116.6,114.8,113.1,103.2,92.5,88.4,91.5,85,74.2,65.2,64.5,62.1,55.3,46.5,35.8,13.5,0,0,0,0,0,45.7,44.7,50.5,41.4,40.2,39.7,53.8,51.9,41.2,18.4,42.1,71.8,75.3,79.5,89,106.7,120.8,126.5,129,128.7,125,120.1,113.7,104.5,94.7,85.5,77.6,76.7,69.7,50.7,41.6,38.8,37.2,28.4,21.1,38.1,69.6,96.5,101.1,103.6,105.9,106.3,97.9,87.8,84.6,71.2,57.8,58.6,74.7,94.2,98.9,101.4,105.9,113.2,122.3,128.5,130.1,127.5,119.1,118.5,110.6,92.5,84.8,68.5,55.2,50,46.6,46.8,46.6,41.6,41.3,43.6,41.7,57.5,74.9,102.7,109.7,112.9,124.4,128.3,125.6,117.8,106.7,97.9,82,7254.9,6905.7,85.3517647058824,81.2435294117647,115,55,6,6
"011","01","A","N",2,90.1,1972,23,25,19,47,34,-41,1.5,0,1,0,90,"2212",9,90,109.2,106,99.9,84.6,66.1,58.1,55.6,50.5,38,25.7,40.7,67.9,81.3,94.7,110.5,114,121.4,121.6,114.7,114.2,108.6,100.2,95.3,95.2,87.8,91.6,105.4,98.8,90.5,87.1,79.8,68.3,59,60,70.6,76.1,70.2,59.1,44.4,32.1,38.4,61.5,89,112,116,108.1,98,88.5,73.7,64,60.7,51.6,42.4,42.9,41.4,29.3,28.6,48.5,74.5,98.3,100.6,91.7,81.8,84.3,94.2,97.7,89.8,81.6,76.6,78,71.3,52.8,29.2,25.2,47.1,50.6,50.6,43.9,34.4,33.2,52.1,79,105.1,124.2,120.6,109.5,103.6,92.2,71,40,63.3,66.2,68,71.4,89.6,115.3,126.2,122.7,117.8,110.1,106.3,104.9,94,80.6,70.1,55.7,44.9,36.5,30.9,45.7,58.8,71,91.4,96.5,87.9,76.2,84.5,82.6,72.8,59.2,37.6,21.2,41.4,71.5,99.2,107.2,101.2,93.7,83.5,67.3,49.2,35.1,30.9,40.1,46.1,45.3,51.8,61.8,77.7,99.1,118.9,126,126.1,129.4,127.5,112.1,95.5,80.7,75.7,76.1,67,54.4,32.9,8.9,20.6,40,50.5,61.1,84.4,104.2,113.1,106.3,104.1,108.3,117.5,120.1,116.7,105.5,91.3,67.8,41,20.4,27,41.8,38.2,30.4,34.9,43.1,48.8,59.5,"TT","O","",2022,2,1,"11/24/09",21.8867924528302,21.4109106720549,20.7685026425315,24.6229508196721,0,0,0,0,0,58.1,55.6,50.5,38,25.7,40.7,67.9,81.3,94.7,110.5,114,121.4,121.6,114.7,114.2,108.6,100.2,95.3,95.2,87.8,91.6,105.4,98.8,90.5,87.1,79.8,68.3,59,60,70.6,76.1,70.2,59.1,44.4,32.1,38.4,61.5,89,112,116,108.1,98,88.5,73.7,64,60.7,51.6,42.4,42.9,41.4,29.3,28.6,48.5,74.5,98.3,100.6,91.7,81.8,84.3,94.2,97.7,89.8,81.6,76.6,78,71.3,52.8,29.2,25.2,47.1,50.6,50.6,43.9,34.4,33.2,52.1,79,105.1,124.2,120.6,109.5,103.6,92.2,71,40,0,0,0,0,0,115.3,126.2,122.7,117.8,110.1,106.3,104.9,94,80.6,70.1,55.7,44.9,36.5,30.9,45.7,58.8,71,91.4,96.5,87.9,76.2,84.5,82.6,72.8,59.2,37.6,21.2,41.4,71.5,99.2,107.2,101.2,93.7,83.5,67.3,49.2,35.1,30.9,40.1,46.1,45.3,51.8,61.8,77.7,99.1,118.9,126,126.1,129.4,127.5,112.1,95.5,80.7,75.7,76.1,67,54.4,32.9,8.9,20.6,40,50.5,61.1,84.4,104.2,113.1,106.3,104.1,108.3,117.5,120.1,116.7,105.5,91.3,67.8,41,20.4,27,41.8,38.2,30.4,34.9,43.1,48.8,59.5,6368.3,6331.3,74.9211764705883,74.4858823529412,115,55,6,6
"012","01","A","S",2,4.4,60,100,0,37,39,24,-5,1.5,1,0,0,90,"2212",9,4,51.3,38.7,18.5,6.5,0,0,0,0,0,0,0,0,0,0,0,0,0,0,0,0,0,0,0,0,0,0,0,0,0,0,0,0,0,0,0,0,0,0,0,0,0,0,0,0,0,0,0,0,0,0,0,0,0,0,0,0,0,0,0,0,0,0,0,0,0,0,0,0,0,0,0,0,0,0,0,0,0,0,0,0,0,0,0,0,0,0,0,0,0,0,115.7,106.1,96.9,92.1,0,0,0,0,0,0,0,0,0,0,0,0,0,0,0,0,0,0,0,0,0,0,0,0,0,0,0,0,0,0,0,0,0,0,0,0,0,0,0,0,0,0,0,0,0,0,0,0,0,0,0,0,0,0,0,0,0,0,0,0,0,0,0,0,0,0,0,0,0,0,0,0,0,0,0,0,0,0,0,0,0,0,0,0,0,0,"TT","O","",2022,3,1,"11/24/09",13.6363636363636,21.4109106720549,20.7685026425315,24.6229508196721,0,0,18.5,6.5,0,0,0,0,0,0,0,0,0,0,0,0,0,0,0,0,0,0,0,0,0,0,0,0,0,0,0,0,0,0,0,0,0,0,0,0,0,0,0,0,0,0,0,0,0,0,0,0,0,0,0,0,0,0,0,0,0,0,0,0,0,0,0,0,0,0,0,0,0,0,0,0,0,0,0,0,0,0,0,0,0,0,0,0,0,0,0,0,96.9,92.1,0,0,0,0,0,0,0,0,0,0,0,0,0,0,0,0,0,0,0,0,0,0,0,0,0,0,0,0,0,0,0,0,0,0,0,0,0,0,0,0,0,0,0,0,0,0,0,0,0,0,0,0,0,0,0,0,0,0,0,0,0,0,0,0,0,0,0,0,0,0,0,0,0,0,0,0,0,0,0,0,0,0,0,0,0,0,25,189,12.5,94.5,55,115,3,3
"010","02","A","E",2,36.4,905,25,22,28,47,25,9,1.5,1,2,0,90,"2212",9,36,67.6,69.1,60.6,45.8,22.5,36.1,74.3,84.1,88.7,85.2,87,77.9,61.7,55.1,41.1,35.4,36.8,33.3,52.7,78.3,91.9,106.7,111,101.6,91.4,93.7,92.6,83.4,74.2,70.1,69.9,70,64.2,57.9,46.1,20,0,0,0,0,0,0,0,0,0,0,0,0,0,0,0,0,0,0,0,0,0,0,0,0,0,0,0,0,0,0,0,0,0,0,0,0,0,0,0,0,0,0,0,0,0,0,0,0,0,0,0,0,0,0,120.3,119.6,115.6,105,80.4,65.3,58.8,38.3,16,15.5,40.1,54.5,77.3,104.1,111.2,119,121.4,103.1,90.6,81.6,66.8,54.3,42.8,24.5,12.4,37.7,48.8,62.2,79.9,95.3,107.5,115.7,117.7,117,108.5,98.4,0,0,0,0,0,0,0,0,0,0,0,0,0,0,0,0,0,0,0,0,0,0,0,0,0,0,0,0,0,0,0,0,0,0,0,0,0,0,0,0,0,0,0,0,0,0,0,0,0,0,0,0,0,0,"TT","O","",2022,4,1,"11/25/09",24.8626373626374,21.4109106720549,20.7685026425315,24.6229508196721,0,0,60.6,45.8,22.5,36.1,74.3,84.1,88.7,85.2,87,77.9,61.7,55.1,41.1,35.4,36.8,33.3,52.7,78.3,91.9,106.7,111,101.6,91.4,93.7,92.6,83.4,74.2,70.1,69.9,70,64.2,57.9,46.1,20,0,0,0,0,0,0,0,0,0,0,0,0,0,0,0,0,0,0,0,0,0,0,0,0,0,0,0,0,0,0,0,0,0,0,0,0,0,0,0,0,0,0,0,0,0,0,0,0,0,0,0,0,0,0,0,0,115.6,105,80.4,65.3,58.8,38.3,16,15.5,40.1,54.5,77.3,104.1,111.2,119,121.4,103.1,90.6,81.6,66.8,54.3,42.8,24.5,12.4,37.7,48.8,62.2,79.9,95.3,107.5,115.7,117.7,117,108.5,98.4,0,0,0,0,0,0,0,0,0,0,0,0,0,0,0,0,0,0,0,0,0,0,0,0,0,0,0,0,0,0,0,0,0,0,0,0,0,0,0,0,0,0,0,0,0,0,0,0,0,0,0,0,0,0,2301.3,2587.3,67.6852941176471,76.0970588235294,55,115,3,3
"011","02","A","W",2,11.1,260,15,4,31,63,6,24,1.5,2,0,0,90,"2212",9,11,106.9,100.8,104.6,87.8,64.1,46.2,51.7,62,57.8,40.5,17.4,0,0,0,0,0,0,0,0,0,0,0,0,0,0,0,0,0,0,0,0,0,0,0,0,0,0,0,0,0,0,0,0,0,0,0,0,0,0,0,0,0,0,0,0,0,0,0,0,0,0,0,0,0,0,0,0,0,0,0,0,0,0,0,0,0,0,0,0,0,0,0,0,0,0,0,0,0,0,0,52.9,53.3,55.6,43.2,33.2,44.4,71.4,92.9,101.4,101.6,100.5,0,0,0,0,0,0,0,0,0,0,0,0,0,0,0,0,0,0,0,0,0,0,0,0,0,0,0,0,0,0,0,0,0,0,0,0,0,0,0,0,0,0,0,0,0,0,0,0,0,0,0,0,0,0,0,0,0,0,0,0,0,0,0,0,0,0,0,0,0,0,0,0,0,0,0,0,0,0,0,"TT","O","",2022,5,1,"11/25/09",23.4234234234234,21.4109106720549,20.7685026425315,24.6229508196721,0,0,0,0,0,46.2,51.7,62,57.8,40.5,17.4,0,0,0,0,0,0,0,0,0,0,0,0,0,0,0,0,0,0,0,0,0,0,0,0,0,0,0,0,0,0,0,0,0,0,0,0,0,0,0,0,0,0,0,0,0,0,0,0,0,0,0,0,0,0,0,0,0,0,0,0,0,0,0,0,0,0,0,0,0,0,0,0,0,0,0,0,0,0,0,0,0,0,0,0,44.4,71.4,92.9,101.4,101.6,100.5,0,0,0,0,0,0,0,0,0,0,0,0,0,0,0,0,0,0,0,0,0,0,0,0,0,0,0,0,0,0,0,0,0,0,0,0,0,0,0,0,0,0,0,0,0,0,0,0,0,0,0,0,0,0,0,0,0,0,0,0,0,0,0,0,0,0,0,0,0,0,0,0,0,0,0,0,0,0,0,275.6,512.2,45.9333333333333,85.3666666666667,115,55,6,6
"012","02","A","S",2,30.5,751,38,17,0,34,66,-30,1.5,0,0,0,90,"2212",9,30,54.5,38.8,30.4,35.1,27.5,29.5,51.1,77.3,82.1,80.1,88.2,100.9,111.9,116.9,119.3,120.6,115.5,108.2,97.4,85.3,71.6,56.8,46.7,44.5,47.7,55.5,64.2,73,86.7,95.1,0,0,0,0,0,0,0,0,0,0,0,0,0,0,0,0,0,0,0,0,0,0,0,0,0,0,0,0,0,0,0,0,0,0,0,0,0,0,0,0,0,0,0,0,0,0,0,0,0,0,0,0,0,0,0,0,0,0,0,0,113.8,100.3,103.8,118.2,113.8,105.5,102.8,115.6,115.1,101.9,84,66.2,52.6,40.6,33.8,42.6,55.6,71.7,84.9,97.5,108,115.5,125,130.6,131.7,131.9,129.1,119.1,110.9,100.2,0,0,0,0,0,0,0,0,0,0,0,0,0,0,0,0,0,0,0,0,0,0,0,0,0,0,0,0,0,0,0,0,0,0,0,0,0,0,0,0,0,0,0,0,0,0,0,0,0,0,0,0,0,0,0,0,0,0,0,0,"FS","O","",2022,6,1,"11/25/09",24.6229508196721,21.4109106720549,20.7685026425315,24.6229508196721,0,38.8,30.4,35.1,27.5,29.5,51.1,77.3,82.1,80.1,88.2,100.9,111.9,116.9,119.3,120.6,115.5,108.2,97.4,85.3,71.6,56.8,46.7,44.5,47.7,55.5,64.2,73,86.7,95.1,0,0,0,0,0,0,0,0,0,0,0,0,0,0,0,0,0,0,0,0,0,0,0,0,0,0,0,0,0,0,0,0,0,0,0,0,0,0,0,0,0,0,0,0,0,0,0,0,0,0,0,0,0,0,0,0,0,0,0,0,0,100.3,103.8,118.2,113.8,105.5,102.8,115.6,115.1,101.9,84,66.2,52.6,40.6,33.8,42.6,55.6,71.7,84.9,97.5,108,115.5,125,130.6,131.7,131.9,129.1,119.1,110.9,100.2,0,0,0,0,0,0,0,0,0,0,0,0,0,0,0,0,0,0,0,0,0,0,0,0,0,0,0,0,0,0,0,0,0,0,0,0,0,0,0,0,0,0,0,0,0,0,0,0,0,0,0,0,0,0,0,0,0,0,0,0,2157.9,2808.5,74.4103448275862,96.8448275862069,55,115,2,2
"013","01","A","W",2,13.6,202,22,2,34,31,35,-6,1.5,1,0,0,90,"2212",10,13,119.3,117.9,112.3,117.5,110,101.4,102.4,98.5,91.3,65.1,31.1,5.7,2.6,0,0,0,0,0,0,0,0,0,0,0,0,0,0,0,0,0,0,0,0,0,0,0,0,0,0,0,0,0,0,0,0,0,0,0,0,0,0,0,0,0,0,0,0,0,0,0,0,0,0,0,0,0,0,0,0,0,0,0,0,0,0,0,0,0,0,0,0,0,0,0,0,0,0,0,0,0,59.2,57.1,53,56.2,53.5,48.5,50.5,44,44.1,46.6,65.8,84.4,89,0,0,0,0,0,0,0,0,0,0,0,0,0,0,0,0,0,0,0,0,0,0,0,0,0,0,0,0,0,0,0,0,0,0,0,0,0,0,0,0,0,0,0,0,0,0,0,0,0,0,0,0,0,0,0,0,0,0,0,0,0,0,0,0,0,0,0,0,0,0,0,0,0,0,0,0,0,"TT","O","",2022,1,1,"11/24/09",14.8529411764706,20.0166264370694,19.8554780402727,20.8223684210526,0,0,0,0,0,101.4,102.4,98.5,91.3,65.1,31.1,5.7,2.6,0,0,0,0,0,0,0,0,0,0,0,0,0,0,0,0,0,0,0,0,0,0,0,0,0,0,0,0,0,0,0,0,0,0,0,0,0,0,0,0,0,0,0,0,0,0,0,0,0,0,0,0,0,0,0,0,0,0,0,0,0,0,0,0,0,0,0,0,0,0,0,0,0,0,0,0,0,0,0,0,0,0,48.5,50.5,44,44.1,46.6,65.8,84.4,89,0,0,0,0,0,0,0,0,0,0,0,0,0,0,0,0,0,0,0,0,0,0,0,0,0,0,0,0,0,0,0,0,0,0,0,0,0,0,0,0,0,0,0,0,0,0,0,0,0,0,0,0,0,0,0,0,0,0,0,0,0,0,0,0,0,0,0,0,0,0,0,0,0,0,0,0,0,498.1,472.9,62.2625,59.1125,115,55,6,6
"014","01","A","N",2,90.1,1822,19,37,20,24,56,96,1.5,0,1,0,90,"2212",10,90,114.5,112,110,114.3,116.9,118.2,120,117.4,112,123.1,122.6,120.6,118.4,112.6,104,92,77.5,65.4,52.4,45.5,42.4,42,48.7,55.2,66.5,60.4,51.8,58.7,82,81,74.7,72.9,72.6,69.6,88.1,102.2,111.7,117.9,122.2,123.6,126,120.7,118.3,118,119.1,112.7,103.3,86.1,68.4,59.2,54.4,43.7,35,39.4,41.1,27.7,21.2,26.7,48.2,72.8,96.2,109.9,121.4,121.1,122,113.4,107.4,97.7,82,58,33,43.3,73.8,98.1,103.8,94.6,86.5,85.3,94.3,87.5,69,47.2,31.4,30.5,51.4,74.3,92.6,94.4,91.7,83.5,68.5,65.9,67.1,66.1,59.5,55.2,53.1,50.2,41.2,38.5,36.1,37.2,47.4,60.4,76.9,89.8,103.6,112.6,121.2,127.3,128.4,127.9,130,126.5,129.4,123.4,113.4,103.8,114.5,113.5,110,100,100.3,88.7,93.4,88.5,71.7,57.4,46.2,39.7,39.5,35.1,34.8,41.7,54.4,50.4,42.4,23.6,19.9,37.4,57,81.8,103.5,123.1,127.7,112.1,88.4,63.4,39.3,18.9,13.4,23.3,38.5,43.9,42.3,29.1,20.9,13.3,10.8,30,56.3,70.8,72.7,79.3,79.9,70.5,69.5,79.1,87.1,83.6,76.8,66.3,61.4,61.1,60.9,71.5,88.1,94.1,94.8,103.7,"TT","O","",2022,2,1,"11/24/09",20.2219755826859,20.0166264370694,19.8554780402727,20.8223684210526,0,0,0,0,0,118.2,120,117.4,112,123.1,122.6,120.6,118.4,112.6,104,92,77.5,65.4,52.4,45.5,42.4,42,48.7,55.2,66.5,60.4,51.8,58.7,82,81,74.7,72.9,72.6,69.6,88.1,102.2,111.7,117.9,122.2,123.6,126,120.7,118.3,118,119.1,112.7,103.3,86.1,68.4,59.2,54.4,43.7,35,39.4,41.1,27.7,21.2,26.7,48.2,72.8,96.2,109.9,121.4,121.1,122,113.4,107.4,97.7,82,58,33,43.3,73.8,98.1,103.8,94.6,86.5,85.3,94.3,87.5,69,47.2,31.4,30.5,51.4,74.3,92.6,94.4,91.7,83.5,0,0,0,0,0,55.2,53.1,50.2,41.2,38.5,36.1,37.2,47.4,60.4,76.9,89.8,103.6,112.6,121.2,127.3,128.4,127.9,130,126.5,129.4,123.4,113.4,103.8,114.5,113.5,110,100,100.3,88.7,93.4,88.5,71.7,57.4,46.2,39.7,39.5,35.1,34.8,41.7,54.4,50.4,42.4,23.6,19.9,37.4,57,81.8,103.5,123.1,127.7,112.1,88.4,63.4,39.3,18.9,13.4,23.3,38.5,43.9,42.3,29.1,20.9,13.3,10.8,30,56.3,70.8,72.7,79.3,79.9,70.5,69.5,79.1,87.1,83.6,76.8,66.3,61.4,61.1,60.9,71.5,88.1,94.1,94.8,103.7,6983.2,6044.8,82.155294117647,71.1152941176471,115,55,6,6
"015","01","A","S",2,90.1,1744,25,34,8,27,65,34,1.5,0,0,0,90,"2212",10,90,53.5,50.8,46.4,41.9,43.9,44.4,39.9,40.3,43,43.8,46.9,43.1,57.7,76.6,83.9,78.9,91.3,111,110.7,112.2,116.1,119.6,119.1,115.5,112.3,107.1,94.2,78.3,69.4,65.8,58.7,48.4,35.7,42.1,48.4,41.8,50.9,58.9,56.4,47.8,40.1,47.5,69.2,69,76.7,78.1,70.9,61.8,56,60.4,77.4,101.1,119.6,116.9,116.2,116.9,121.9,122.3,121.3,119.4,113.4,107.2,100.1,91.5,81.2,66.8,54.9,46.3,45,53.5,63.9,75,81.9,91.5,103.6,108.9,113.9,117.1,115.5,112.7,111.5,123.3,121.7,118.8,121.2,124.1,119.4,116.4,120.4,116,115.3,114.5,109.2,110.9,114.3,108.5,111.4,122.3,129.2,129.3,129.6,118.1,116,117.8,112.3,90.5,70.4,71.2,69.5,65.7,61.2,53.4,50.2,50.4,54.3,54.9,63.4,76,94.4,114.3,124.3,122.9,120.9,124.1,121,98.9,75,48.8,32.9,41.5,67.5,91.5,121.8,120.3,122.7,121.2,117.9,107.3,90.7,67.6,46.8,42.9,54.3,52,48.7,40.7,38.6,36.8,42.8,52.2,60.8,67.8,83.5,91.5,97.9,107.2,119.9,127.8,130.5,130.9,127.9,122.7,109.5,95.8,86,74.9,65.1,59.9,55.7,48.7,44.6,40.3,37.4,33.1,35,38.1,34.8,34,43.7,44.2,"TT","O","",2022,3,1,"11/24/09",19.3562708102109,20.0166264370694,19.8554780402727,20.8223684210526,0,0,46.4,41.9,43.9,44.4,39.9,40.3,43,43.8,46.9,43.1,57.7,76.6,83.9,78.9,91.3,111,110.7,112.2,116.1,119.6,119.1,115.5,112.3,107.1,94.2,78.3,69.4,65.8,58.7,48.4,35.7,42.1,48.4,41.8,50.9,58.9,56.4,47.8,40.1,47.5,69.2,69,76.7,78.1,70.9,61.8,56,60.4,77.4,101.1,119.6,116.9,116.2,116.9,121.9,122.3,121.3,119.4,113.4,107.2,100.1,91.5,81.2,66.8,54.9,46.3,45,53.5,63.9,75,81.9,91.5,103.6,108.9,113.9,117.1,115.5,112.7,111.5,123.3,121.7,118.8,121.2,124.1,119.4,116.4,120.4,116,0,0,109.2,110.9,114.3,108.5,111.4,122.3,129.2,129.3,129.6,118.1,116,117.8,112.3,90.5,70.4,71.2,69.5,65.7,61.2,53.4,50.2,50.4,54.3,54.9,63.4,76,94.4,114.3,124.3,122.9,120.9,124.1,121,98.9,75,48.8,32.9,41.5,67.5,91.5,121.8,120.3,122.7,121.2,117.9,107.3,90.7,67.6,46.8,42.9,54.3,52,48.7,40.7,38.6,36.8,42.8,52.2,60.8,67.8,83.5,91.5,97.9,107.2,119.9,127.8,130.5,130.9,127.9,122.7,109.5,95.8,86,74.9,65.1,59.9,55.7,48.7,44.6,40.3,37.4,33.1,35,38.1,34.8,34,43.7,44.2,7341.8,7212.5,83.4295454545454,81.9602272727273,55,115,3,3
"013","02","A","E",2,74.2,1781,23,23,14,43,43,77,1.5,0,1,0,90,"2212",10,74,65.3,67.4,63.6,58.7,63.3,58.5,45.1,65.3,94.8,119.9,120.6,117.5,113.4,107,97.1,92,83.3,70.1,50,44.1,45.1,51.6,70.6,73.1,73.7,86.1,102.3,109.4,108.8,113.5,112.6,106.4,99.2,98.5,95.8,86.2,66.5,38.8,27.6,38.2,42.7,37.6,46.9,63.8,83.3,88.1,81.2,80.4,81.8,83.8,85.5,86.4,84.6,80.8,83.9,80.6,68.4,58,50.9,39.9,36.1,41.6,46.4,52.7,65.2,74,81.2,90.8,96.8,99,91.1,73.5,50.8,25.5,0,0,0,0,0,0,0,0,0,0,0,0,0,0,0,0,120.4,118.3,107.3,100.4,107.2,101.4,66.4,32.8,27.1,43.6,41.9,37.5,27.9,32.6,51.7,78.9,98.9,106.6,117.6,128.8,129.3,122.5,124.3,118.8,102.6,88.3,76.3,67.1,51.4,37.3,26.8,28.8,45.4,74.4,84.7,83.7,89.7,99.2,108.8,124.3,127.6,118.4,114.2,109.6,108.2,108.3,92.5,77.7,59.8,43.7,15.8,12.4,39,67.9,91.2,99,98.6,112.7,122.9,123.1,122.1,125.8,123.2,115.7,110.2,99.2,86,73.1,66.4,55.6,37.3,28.9,38.6,61.5,0,0,0,0,0,0,0,0,0,0,0,0,0,0,0,0,"TT","O","",2022,4,1,"11/25/09",24.0026954177898,20.0166264370694,19.8554780402727,20.8223684210526,0,0,63.6,58.7,63.3,58.5,45.1,65.3,94.8,119.9,120.6,117.5,113.4,107,97.1,92,83.3,70.1,50,44.1,45.1,51.6,70.6,73.1,73.7,86.1,102.3,109.4,108.8,113.5,112.6,106.4,99.2,98.5,95.8,86.2,66.5,38.8,27.6,38.2,42.7,37.6,46.9,63.8,83.3,88.1,81.2,80.4,81.8,83.8,85.5,86.4,84.6,80.8,83.9,80.6,68.4,58,50.9,39.9,36.1,41.6,46.4,52.7,65.2,74,81.2,90.8,96.8,99,91.1,73.5,50.8,25.5,0,0,0,0,0,0,0,0,0,0,0,0,0,0,0,0,0,0,107.3,100.4,107.2,101.4,66.4,32.8,27.1,43.6,41.9,37.5,27.9,32.6,51.7,78.9,98.9,106.6,117.6,128.8,129.3,122.5,124.3,118.8,102.6,88.3,76.3,67.1,51.4,37.3,26.8,28.8,45.4,74.4,84.7,83.7,89.7,99.2,108.8,124.3,127.6,118.4,114.2,109.6,108.2,108.3,92.5,77.7,59.8,43.7,15.8,12.4,39,67.9,91.2,99,98.6,112.7,122.9,123.1,122.1,125.8,123.2,115.7,110.2,99.2,86,73.1,66.4,55.6,37.3,28.9,38.6,61.5,0,0,0,0,0,0,0,0,0,0,0,0,0,0,0,0,5401.6,5878.5,75.0222222222222,81.6458333333333,55,115,3,3
"014","02","A","W",2,90.1,1878,37,16,37,44,19,21,1.5,0,3,0,90,"2212",10,90,114.1,110.4,114.6,111,107.6,98.3,82.4,57,34.4,31.3,38.7,38.9,40.1,45.7,56,64.3,66.6,62.1,52.7,45.9,49.2,53,41.5,27.8,16,16.2,26.6,47.2,54.4,41.8,30.9,26.4,35.7,41.9,40.4,45.7,57.1,72.2,89.1,98.7,103.4,95,83.3,68.8,50.1,29.9,19.1,14.9,13,25.7,46.5,70,89.2,95.5,102.4,97.3,81.5,62.4,43.8,25.3,21.4,37.1,39.4,35.8,38.8,41,48.8,55.3,61.4,59.9,51,44.2,47.2,54.7,67.5,60,43.7,30.4,23.6,28.9,36,50.8,55.2,54.4,72.6,70.7,69.5,70.1,62.9,54.5,58.3,53,56.6,55.7,56.1,56.6,55.8,65.9,89.7,113,125.2,121.8,113,100.3,83.7,69.9,58,37.4,35.3,57,85.7,109.2,114.9,109.2,96.7,93.8,97,109.5,118.6,115.1,114,111.8,111.6,102.7,85.7,64.5,42.4,18.5,5.5,15.2,31,42.6,58.1,71.1,79.4,98.9,104.8,98.9,85.3,69.2,49.1,32.5,27.6,29.5,27.1,13.7,6.7,28.6,52.9,77.7,99.7,121.8,125.7,119.9,114.3,102.9,89.2,73,70.3,52.1,41.3,44.7,59.6,80.2,101.9,109.2,108.7,109.6,109.7,106.9,96.7,96.6,99.7,97.6,117.2,106.9,97.5,92.3,73.1,53.7,"TT","O","",2022,5,1,"11/25/09",20.8435072142064,20.0166264370694,19.8554780402727,20.8223684210526,0,0,0,0,0,98.3,82.4,57,34.4,31.3,38.7,38.9,40.1,45.7,56,64.3,66.6,62.1,52.7,45.9,49.2,53,41.5,27.8,16,16.2,26.6,47.2,54.4,41.8,30.9,26.4,35.7,41.9,40.4,45.7,57.1,72.2,89.1,98.7,103.4,95,83.3,68.8,50.1,29.9,19.1,14.9,13,25.7,46.5,70,89.2,95.5,102.4,97.3,81.5,62.4,43.8,25.3,21.4,37.1,39.4,35.8,38.8,41,48.8,55.3,61.4,59.9,51,44.2,47.2,54.7,67.5,60,43.7,30.4,23.6,28.9,36,50.8,55.2,54.4,72.6,70.7,69.5,70.1,62.9,54.5,0,0,0,0,0,56.6,55.8,65.9,89.7,113,125.2,121.8,113,100.3,83.7,69.9,58,37.4,35.3,57,85.7,109.2,114.9,109.2,96.7,93.8,97,109.5,118.6,115.1,114,111.8,111.6,102.7,85.7,64.5,42.4,18.5,5.5,15.2,31,42.6,58.1,71.1,79.4,98.9,104.8,98.9,85.3,69.2,49.1,32.5,27.6,29.5,27.1,13.7,6.7,28.6,52.9,77.7,99.7,121.8,125.7,119.9,114.3,102.9,89.2,73,70.3,52.1,41.3,44.7,59.6,80.2,101.9,109.2,108.7,109.6,109.7,106.9,96.7,96.6,99.7,97.6,117.2,106.9,97.5,92.3,73.1,53.7,4430.1,6760.9,52.1188235294118,79.54,115,55,6,6
"015","02","A","S",2,30.4,633,34,4,47,42,11,-10,1.5,0,0,0,90,"2212",10,30,51.7,39.4,37.2,53,72.2,87.2,97.1,91.3,74.9,41.8,14.9,16.8,29.6,46.6,55.6,60.3,55.6,50.9,55.2,53.2,42.1,26.2,15.6,19,31.9,39.8,49.3,61.8,69,74.2,0,0,0,0,0,0,0,0,0,0,0,0,0,0,0,0,0,0,0,0,0,0,0,0,0,0,0,0,0,0,0,0,0,0,0,0,0,0,0,0,0,0,0,0,0,0,0,0,0,0,0,0,0,0,0,0,0,0,0,0,115.2,102.6,81.9,63.2,60.3,68.2,80,79,77.2,83.3,92.7,97.3,89.7,82,67,64.2,47.8,37.3,39,56.5,75.3,99.9,101.1,98.4,101.4,97.9,88.3,80.9,70.6,72,0,0,0,0,0,0,0,0,0,0,0,0,0,0,0,0,0,0,0,0,0,0,0,0,0,0,0,0,0,0,0,0,0,0,0,0,0,0,0,0,0,0,0,0,0,0,0,0,0,0,0,0,0,0,0,0,0,0,0,0,"FS","O","",2022,6,1,"11/25/09",20.8223684210526,20.0166264370694,19.8554780402727,20.8223684210526,0,0,37.2,53,72.2,87.2,97.1,91.3,74.9,41.8,14.9,16.8,29.6,46.6,55.6,60.3,55.6,50.9,55.2,53.2,42.1,26.2,15.6,19,31.9,39.8,49.3,61.8,69,74.2,0,0,0,0,0,0,0,0,0,0,0,0,0,0,0,0,0,0,0,0,0,0,0,0,0,0,0,0,0,0,0,0,0,0,0,0,0,0,0,0,0,0,0,0,0,0,0,0,0,0,0,0,0,0,0,0,0,0,0,0,0,0,81.9,63.2,60.3,68.2,80,79,77.2,83.3,92.7,97.3,89.7,82,67,64.2,47.8,37.3,39,56.5,75.3,99.9,101.1,98.4,101.4,97.9,88.3,80.9,70.6,72,0,0,0,0,0,0,0,0,0,0,0,0,0,0,0,0,0,0,0,0,0,0,0,0,0,0,0,0,0,0,0,0,0,0,0,0,0,0,0,0,0,0,0,0,0,0,0,0,0,0,0,0,0,0,0,0,0,0,0,0,1422.3,2152.4,50.7964285714286,76.8714285714286,55,115,3,3
"019","01","A","W",2,90.1,1312,18,29,3,10,87,-27,1.5,0,0,0,90,"2212",13,90,113.6,116.8,114.1,115.9,118.7,114.8,107.9,110,124.1,125.6,126,125.7,125.6,127.8,125.8,123.5,123.7,113,104.9,99.8,90,87.4,82.6,86.1,83.5,70.3,59.8,65.7,84.1,106.9,117.2,115.6,117.4,120,121.5,124.1,122.6,117.5,107.9,101.1,94.7,91.3,82.4,72.9,70.7,66.2,56.7,45.4,41.1,45.6,45.4,45.4,44.9,41.8,38.3,32,37.4,43.4,42.5,42.4,41.8,47.5,54.3,59.7,66,64.1,68,76.3,86.1,95.8,100.2,103.9,109.3,109.8,110.2,112.1,107.3,102.9,104.6,104.5,102.9,104.7,113,120.2,115.8,113.4,112.1,110.8,111.9,108,49.4,52.3,53.8,60.6,55.9,51,46.1,32.5,38,38.9,39.8,39.3,39.6,42.6,40.7,42.1,45.1,41.4,58.6,81.9,89.6,93.6,98.8,95,86.5,74.2,50.6,23.2,28.4,54.7,64,67.2,59.3,46.9,38.9,38.4,42.2,48.2,61.9,80.9,89,92.2,93.6,103.6,109.5,110,105.5,108.5,117.2,128.5,127.8,125.7,124.7,123.9,123.7,116.9,120.9,127.2,128,128,126.1,124.9,121.5,116.1,113.5,113.5,106.2,104.7,100.7,94.1,89.5,86,79.2,78.2,77.3,74.1,75.8,79.4,79.1,74,66.5,61.2,56.9,59.5,60.4,65.7,69.5,68.3,68.9,69.9,"TT","O","",2022,1,1,"11/24/09",14.5615982241953,16.1651879919289,15.4771729587357,19.6052631578947,0,0,0,0,0,0,107.9,110,124.1,125.6,126,125.7,125.6,127.8,125.8,123.5,123.7,113,104.9,99.8,90,87.4,82.6,86.1,83.5,70.3,59.8,65.7,84.1,106.9,117.2,115.6,117.4,120,121.5,124.1,122.6,117.5,107.9,101.1,94.7,91.3,82.4,72.9,70.7,66.2,56.7,45.4,41.1,45.6,45.4,45.4,44.9,41.8,38.3,32,37.4,43.4,42.5,42.4,41.8,47.5,54.3,59.7,66,64.1,68,76.3,86.1,95.8,100.2,103.9,109.3,109.8,110.2,112.1,107.3,102.9,104.6,104.5,102.9,104.7,113,120.2,115.8,113.4,112.1,110.8,111.9,108,0,0,0,0,0,0,46.1,32.5,38,38.9,39.8,39.3,39.6,42.6,40.7,42.1,45.1,41.4,58.6,81.9,89.6,93.6,98.8,95,86.5,74.2,50.6,23.2,28.4,54.7,64,67.2,59.3,46.9,38.9,38.4,42.2,48.2,61.9,80.9,89,92.2,93.6,103.6,109.5,110,105.5,108.5,117.2,128.5,127.8,125.7,124.7,123.9,123.7,116.9,120.9,127.2,128,128,126.1,124.9,121.5,116.1,113.5,113.5,106.2,104.7,100.7,94.1,89.5,86,79.2,78.2,77.3,74.1,75.8,79.4,79.1,74,66.5,61.2,56.9,59.5,60.4,65.7,69.5,68.3,68.9,69.9,7562.4,6734.2,90.0285714285714,80.1690476190476,115,55,7,7
"020","01","A","N",2,90.1,1005,20,1,1,7,92,34,1.5,0,0,0,90,"2212",13,90,110.2,100.4,86.3,72.1,80.6,93.4,85.3,80.2,81.4,83.9,76.9,69.8,53,36.2,41.9,46,43.5,40.2,42.9,50.9,52.4,52.5,60.1,67.9,72.9,73,73.8,72.3,71.8,65.2,55.4,48,46.9,39.3,38.8,43.9,46.3,51.3,65.4,82.2,82.4,81.4,83.5,83.9,83.1,82.9,83.1,83.3,83.1,82.8,83.7,85.8,83.6,82.9,83,82.7,83.1,83.2,83.3,83.4,83.7,83.4,82.4,84.9,84.6,84.6,84.3,83.7,83.7,84,84.3,83.6,82.3,83.4,83.5,84.4,84.6,84.1,84.4,85.3,85.6,78.9,71.7,78.9,79,75.9,75.3,68.6,72,87.2,65.3,58.6,47.6,61.5,93.9,105.4,100.1,100.8,115.7,112.9,109.3,107.9,109.5,116.8,127.2,129,128.1,122.9,120.7,123.4,123.7,119.5,116.2,113.1,109.6,107.8,107.5,109,109.9,108.3,112.3,120.6,125.1,121.1,124.5,129.4,127,122.7,119.4,120.8,119.8,119,119.3,117.2,117.9,117.1,116.8,116.6,115.8,115.9,117.2,117,116.8,118.1,118.6,118.9,119,119.3,119.2,118.7,119.2,118.9,118.2,117.4,117.6,118,117.9,118.3,118.4,118.5,118.5,117.8,116.8,115.3,115.2,116.5,116.9,116.9,117.2,118,116.1,117.5,118.6,117.7,118.7,116.4,114.9,103.6,84.7,57.3,"TT","O","",2022,2,1,"11/24/09",11.1542730299667,16.1651879919289,15.4771729587357,19.6052631578947,0,0,0,0,0,0,85.3,80.2,81.4,83.9,76.9,69.8,53,36.2,41.9,46,43.5,40.2,42.9,50.9,52.4,52.5,60.1,67.9,72.9,73,73.8,72.3,71.8,65.2,55.4,48,46.9,39.3,38.8,43.9,46.3,51.3,65.4,82.2,82.4,81.4,83.5,83.9,83.1,82.9,83.1,83.3,83.1,82.8,83.7,85.8,83.6,82.9,83,82.7,83.1,83.2,83.3,83.4,83.7,83.4,82.4,84.9,84.6,84.6,84.3,83.7,83.7,84,84.3,83.6,82.3,83.4,83.5,84.4,84.6,84.1,84.4,85.3,85.6,78.9,71.7,78.9,79,75.9,75.3,68.6,72,87.2,0,0,0,0,0,0,100.1,100.8,115.7,112.9,109.3,107.9,109.5,116.8,127.2,129,128.1,122.9,120.7,123.4,123.7,119.5,116.2,113.1,109.6,107.8,107.5,109,109.9,108.3,112.3,120.6,125.1,121.1,124.5,129.4,127,122.7,119.4,120.8,119.8,119,119.3,117.2,117.9,117.1,116.8,116.6,115.8,115.9,117.2,117,116.8,118.1,118.6,118.9,119,119.3,119.2,118.7,119.2,118.9,118.2,117.4,117.6,118,117.9,118.3,118.4,118.5,118.5,117.8,116.8,115.3,115.2,116.5,116.9,116.9,117.2,118,116.1,117.5,118.6,117.7,118.7,116.4,114.9,103.6,84.7,57.3,6128,9747,72.9523809523809,116.035714285714,115,55,7,7
"021","01","A","S",2,40.2,693,30,45,29,33,38,-36,1.5,1,2,0,90,"2212",13,40,55.9,44.1,41.8,46.9,44.8,34.8,25.3,22,25,32,23.9,17.7,38,72.1,103.4,124.2,125.5,125.8,124.7,120.7,124.8,123,120.6,119.3,120.3,119.9,113.5,103.8,86,58.9,37.6,52.7,77.5,97.6,92.9,84,70.7,47.2,16,6.8,0,0,0,0,0,0,0,0,0,0,0,0,0,0,0,0,0,0,0,0,0,0,0,0,0,0,0,0,0,0,0,0,0,0,0,0,0,0,0,0,0,0,0,0,0,0,0,0,0,0,117,104.6,96,94.8,89.5,86.6,94.7,104.7,110.4,116.8,102.8,82.1,51.3,17.3,19.8,40.6,42.2,42.7,40.9,34.6,39.6,44,50.5,55.8,55,52.5,46.1,32.2,9.1,29.2,55.8,71.1,88.5,98.2,92.8,91.5,86.3,80.3,82.1,81.7,0,0,0,0,0,0,0,0,0,0,0,0,0,0,0,0,0,0,0,0,0,0,0,0,0,0,0,0,0,0,0,0,0,0,0,0,0,0,0,0,0,0,0,0,0,0,0,0,0,0,"TT","O","",2022,3,1,"11/24/09",17.2388059701493,16.1651879919289,15.4771729587357,19.6052631578947,0,0,0,46.9,44.8,34.8,25.3,22,25,32,23.9,17.7,38,72.1,103.4,124.2,125.5,125.8,124.7,120.7,124.8,123,120.6,119.3,120.3,119.9,113.5,103.8,86,58.9,37.6,52.7,77.5,97.6,92.9,84,70.7,47.2,16,6.8,0,0,0,0,0,0,0,0,0,0,0,0,0,0,0,0,0,0,0,0,0,0,0,0,0,0,0,0,0,0,0,0,0,0,0,0,0,0,0,0,0,0,0,0,0,0,0,0,0,0,0,0,0,94.8,89.5,86.6,94.7,104.7,110.4,116.8,102.8,82.1,51.3,17.3,19.8,40.6,42.2,42.7,40.9,34.6,39.6,44,50.5,55.8,55,52.5,46.1,32.2,9.1,29.2,55.8,71.1,88.5,98.2,92.8,91.5,86.3,80.3,82.1,81.7,0,0,0,0,0,0,0,0,0,0,0,0,0,0,0,0,0,0,0,0,0,0,0,0,0,0,0,0,0,0,0,0,0,0,0,0,0,0,0,0,0,0,0,0,0,0,0,0,0,0,2779.9,2414.1,75.1324324324324,65.2459459459459,55,115,4,4
"019","02","A","E",2,90.1,1870,29,20,4,19,77,69,1.5,0,0,0,90,"2212",13,90,72.3,66.6,54.2,39.9,63.2,103.1,121.7,114.6,108.8,98.6,84.7,82.9,76.6,70.7,69.4,55.5,37.2,37.7,45.4,43.8,42.9,43.2,43.2,42.9,42.6,42.8,42.2,42.9,38.6,34.2,44.1,66.5,73.9,83.3,100.4,109.7,117.5,122,124,123.6,120.7,115.3,110.8,111.9,112.4,106.8,92.1,86.6,85.9,78.2,70.7,60.7,49.1,44,44.9,51.9,63.1,76.6,90.8,103.2,112.6,120.1,123.6,125.2,125.1,121.3,119.4,113,107.6,106,96,78.3,53.6,25.8,33.4,49.1,47.1,34.6,23.1,37.2,62.9,72.4,73,74.3,85.1,99.2,111.5,122.4,125.2,126.4,123.2,110.2,95.4,59,33.2,45.3,54.6,55.5,67.8,72.7,84,98.7,97.9,103.4,108.3,98.5,98,116.6,129.2,127.3,126.3,127.2,127.2,127.7,126.7,127.5,126.4,127.8,123.8,113,105.3,106.4,105.7,94.6,85.8,72.6,59.3,47.2,38.7,40.5,49.3,60.3,74.7,79,77,76.1,74.4,99.4,108.6,113.4,121.1,127.5,129.6,130.1,128,122.2,114.8,107,96.8,85.2,70.9,58,46.9,39.9,39,41.2,51.6,60.4,73.1,84,80.3,78.8,79.4,90,113.7,126.5,126.7,116,107.7,101.7,107.6,109.5,103.9,89.4,75.3,61.5,49.7,43.9,39.6,40,"TT","O","",2022,4,1,"11/25/09",20.7547169811321,16.1651879919289,15.4771729587357,19.6052631578947,0,0,0,39.9,63.2,103.1,121.7,114.6,108.8,98.6,84.7,82.9,76.6,70.7,69.4,55.5,37.2,37.7,45.4,43.8,42.9,43.2,43.2,42.9,42.6,42.8,42.2,42.9,38.6,34.2,44.1,66.5,73.9,83.3,100.4,109.7,117.5,122,124,123.6,120.7,115.3,110.8,111.9,112.4,106.8,92.1,86.6,85.9,78.2,70.7,60.7,49.1,44,44.9,51.9,63.1,76.6,90.8,103.2,112.6,120.1,123.6,125.2,125.1,121.3,119.4,113,107.6,106,96,78.3,53.6,25.8,33.4,49.1,47.1,34.6,23.1,37.2,62.9,72.4,73,74.3,85.1,99.2,111.5,122.4,125.2,126.4,0,0,0,59,33.2,45.3,54.6,55.5,67.8,72.7,84,98.7,97.9,103.4,108.3,98.5,98,116.6,129.2,127.3,126.3,127.2,127.2,127.7,126.7,127.5,126.4,127.8,123.8,113,105.3,106.4,105.7,94.6,85.8,72.6,59.3,47.2,38.7,40.5,49.3,60.3,74.7,79,77,76.1,74.4,99.4,108.6,113.4,121.1,127.5,129.6,130.1,128,122.2,114.8,107,96.8,85.2,70.9,58,46.9,39.9,39,41.2,51.6,60.4,73.1,84,80.3,78.8,79.4,90,113.7,126.5,126.7,116,107.7,101.7,107.6,109.5,103.9,89.4,75.3,61.5,49.7,43.9,39.6,40,6914.5,7740.4,79.4770114942529,88.9701149425287,55,115,4,4
"020","02","A","W",2,40.8,558,3,45,7,24,69,-69,1.5,0,0,0,90,"2212",13,40,115.7,117.9,119.5,112.7,114,114.5,109.8,105.9,103,97.9,93.6,93.8,93.1,91.5,89.7,88.5,89.5,97.7,100,96.1,92.5,97.4,109.2,124.2,121.6,123.2,123.4,122.7,123,122.1,122.3,119.4,115,117.7,113.9,106,94.8,76.3,56.1,31.9,0,0,0,0,0,0,0,0,0,0,0,0,0,0,0,0,0,0,0,0,0,0,0,0,0,0,0,0,0,0,0,0,0,0,0,0,0,0,0,0,0,0,0,0,0,0,0,0,0,0,49.9,42.7,43.9,41.4,54.3,59,59,71.2,76.5,82.5,89.6,91.4,91.8,91.4,92,92.4,94.8,91.9,86.9,79.4,66,51,39.9,43.4,38.7,37.3,41.9,42.3,42.3,41.9,43.8,41.5,43.7,52.8,50.4,52.3,60.3,69.5,77.8,87.2,0,0,0,0,0,0,0,0,0,0,0,0,0,0,0,0,0,0,0,0,0,0,0,0,0,0,0,0,0,0,0,0,0,0,0,0,0,0,0,0,0,0,0,0,0,0,0,0,0,0,"TT","O","",2022,5,1,"11/25/09",13.6764705882353,16.1651879919289,15.4771729587357,19.6052631578947,0,0,0,0,0,0,109.8,105.9,103,97.9,93.6,93.8,93.1,91.5,89.7,88.5,89.5,97.7,100,96.1,92.5,97.4,109.2,124.2,121.6,123.2,123.4,122.7,123,122.1,122.3,119.4,115,117.7,113.9,106,94.8,76.3,56.1,31.9,0,0,0,0,0,0,0,0,0,0,0,0,0,0,0,0,0,0,0,0,0,0,0,0,0,0,0,0,0,0,0,0,0,0,0,0,0,0,0,0,0,0,0,0,0,0,0,0,0,0,0,0,0,0,0,0,59,71.2,76.5,82.5,89.6,91.4,91.8,91.4,92,92.4,94.8,91.9,86.9,79.4,66,51,39.9,43.4,38.7,37.3,41.9,42.3,42.3,41.9,43.8,41.5,43.7,52.8,50.4,52.3,60.3,69.5,77.8,87.2,0,0,0,0,0,0,0,0,0,0,0,0,0,0,0,0,0,0,0,0,0,0,0,0,0,0,0,0,0,0,0,0,0,0,0,0,0,0,0,0,0,0,0,0,0,0,0,0,0,0,3462.8,2214.8,101.847058823529,65.1411764705882,115,55,7,7
"021","02","A","S",2,30.4,596,21,15,6,17,77,-89,1.5,0,1,0,90,"2212",13,30,55.6,62.5,78,86.7,84,91.9,98.7,105.8,110.3,117.1,114.3,103.9,96.9,92.6,90.8,95.6,101.3,93.2,84.2,73,59.6,50.5,43,43.1,47.1,52.2,62.8,61,64.1,72.8,0,0,0,0,0,0,0,0,0,0,0,0,0,0,0,0,0,0,0,0,0,0,0,0,0,0,0,0,0,0,0,0,0,0,0,0,0,0,0,0,0,0,0,0,0,0,0,0,0,0,0,0,0,0,0,0,0,0,0,0,112.4,101.7,98.8,99.7,93.3,91.3,89.4,82.6,71.5,63.9,55.4,35.4,14.4,17.7,43.1,69.6,89.1,91.7,102.3,115.4,123.7,130.5,129,127,124.3,116.6,113.8,103.6,102.8,104.3,0,0,0,0,0,0,0,0,0,0,0,0,0,0,0,0,0,0,0,0,0,0,0,0,0,0,0,0,0,0,0,0,0,0,0,0,0,0,0,0,0,0,0,0,0,0,0,0,0,0,0,0,0,0,0,0,0,0,0,0,"FS","O","",2022,6,1,"11/25/09",19.6052631578947,16.1651879919289,15.4771729587357,19.6052631578947,0,0,78,86.7,84,91.9,98.7,105.8,110.3,117.1,114.3,103.9,96.9,92.6,90.8,95.6,101.3,93.2,84.2,73,59.6,50.5,43,43.1,47.1,52.2,62.8,61,64.1,72.8,0,0,0,0,0,0,0,0,0,0,0,0,0,0,0,0,0,0,0,0,0,0,0,0,0,0,0,0,0,0,0,0,0,0,0,0,0,0,0,0,0,0,0,0,0,0,0,0,0,0,0,0,0,0,0,0,0,0,0,0,0,0,98.8,99.7,93.3,91.3,89.4,82.6,71.5,63.9,55.4,35.4,14.4,17.7,43.1,69.6,89.1,91.7,102.3,115.4,123.7,130.5,129,127,124.3,116.6,113.8,103.6,102.8,104.3,0,0,0,0,0,0,0,0,0,0,0,0,0,0,0,0,0,0,0,0,0,0,0,0,0,0,0,0,0,0,0,0,0,0,0,0,0,0,0,0,0,0,0,0,0,0,0,0,0,0,0,0,0,0,0,0,0,0,0,0,2274.5,2500.2,81.2321428571428,89.2928571428572,55,115,3,3
"022","01","A","W",2,59.5,1526,32,39,21,30,49,-78,1.5,2,2,0,90,"2212",19,59,111.4,116.6,123.3,124.2,117.2,117.2,115.9,109.6,89.3,80.5,84,80,69.5,42.8,22.4,37.9,42.5,43.4,50.6,60.2,68.8,63.4,57.1,42.5,39.4,43.9,45.2,58.2,68.8,84.1,100.5,112.6,119.8,122.6,118,114.1,97.5,74.3,69.9,80.1,76.4,63.8,43.6,32.8,26.1,13.3,25.6,55.5,83,106.3,122.1,125.6,112.6,102.4,88.7,70.4,41.4,11.6,3.5,0,0,0,0,0,0,0,0,0,0,0,0,0,0,0,0,0,0,0,0,0,0,0,0,0,0,0,0,0,0,0,56.3,48.5,40.8,39,46.2,57.5,47.1,30,16.2,56.7,93.8,100,95.4,89.2,100.4,123.7,126.6,129.7,133.1,131.7,128.7,115.1,108.8,107.3,121.1,130.2,126.9,118.7,103.4,87.8,74.8,62.1,48.9,38.7,33.7,35.1,33.3,48.7,89.4,111.2,115.8,116.5,113.9,117.5,107.8,89.7,62.3,31.6,13.9,22.4,35.6,39.2,26.3,16.3,4.8,17.2,45.7,75.4,83.8,0,0,0,0,0,0,0,0,0,0,0,0,0,0,0,0,0,0,0,0,0,0,0,0,0,0,0,0,0,0,0,"TT","O","",2022,1,1,"11/24/09",25.6470588235294,25.6910241278962,24.4739657955807,31.7763157894737,0,0,0,0,117.2,117.2,115.9,109.6,89.3,80.5,84,80,69.5,42.8,22.4,37.9,42.5,43.4,50.6,60.2,68.8,63.4,57.1,42.5,39.4,43.9,45.2,58.2,68.8,84.1,100.5,112.6,119.8,122.6,118,114.1,97.5,74.3,69.9,80.1,76.4,63.8,43.6,32.8,26.1,13.3,25.6,55.5,83,106.3,122.1,125.6,112.6,102.4,88.7,70.4,41.4,11.6,3.5,0,0,0,0,0,0,0,0,0,0,0,0,0,0,0,0,0,0,0,0,0,0,0,0,0,0,0,0,0,0,0,0,0,0,0,46.2,57.5,47.1,30,16.2,56.7,93.8,100,95.4,89.2,100.4,123.7,126.6,129.7,133.1,131.7,128.7,115.1,108.8,107.3,121.1,130.2,126.9,118.7,103.4,87.8,74.8,62.1,48.9,38.7,33.7,35.1,33.3,48.7,89.4,111.2,115.8,116.5,113.9,117.5,107.8,89.7,62.3,31.6,13.9,22.4,35.6,39.2,26.3,16.3,4.8,17.2,45.7,75.4,83.8,0,0,0,0,0,0,0,0,0,0,0,0,0,0,0,0,0,0,0,0,0,0,0,0,0,0,0,0,0,0,0,3948.5,4236.9,71.7909090909091,77.0345454545455,115,55,5,5
"023","01","A","N",2,90.1,1872,20,42,33,42,25,2,1.5,0,0,0,90,"2212",19,90,109.8,101,82.5,52.1,48.1,49.2,33.6,30.4,70,96.2,93.3,80.7,73.7,71.1,55.5,54.3,67.5,75.6,74.1,56.1,37.9,48.3,70.3,68.7,53.8,32.7,19.6,37.4,69,89.1,104.4,119.7,108.9,101.7,109,108.5,105.2,92.1,87.7,105.6,107.9,102.6,95.2,86,62.9,31.7,23.1,37.8,43,30.5,22.3,24.7,42.9,68.6,91.1,108.3,119.1,113.7,117.7,117.4,110.7,103.3,93.3,94,84.1,63.1,38,22.9,34.8,45,36.8,29.4,35.2,53.5,77.8,102.4,119.5,118.3,116.2,118,117.8,120.2,118,115.5,111.2,114.4,123.6,122.7,121.6,120.3,65.6,59.6,55.5,77.3,115.3,130,118.9,93.9,79.4,69.2,45.9,17.7,31.7,53.3,72.8,58.1,63.2,54.6,49.9,41.1,54.3,83.3,106.9,108,108.2,102.2,81.3,51.3,22.4,24.6,45.1,57.9,44.5,34.7,35.1,28.8,25.2,19.5,36.6,63.6,69.2,64.2,61.6,63.3,66.5,85,103.8,124,128.5,114.3,100.2,81.1,57.9,41.5,39,44.1,52.7,52,53,50.4,42.2,36,42.5,43.5,41.9,48.8,66.7,91.4,118.5,127.9,115.1,98.3,77.9,54.5,35.4,32.3,43.9,43.9,41.3,40.7,41.6,42.2,40.2,36,29.4,29.6,39,39.2,43.5,49.8,"TT","O","",2022,2,1,"11/24/09",20.7769145394007,25.6910241278962,24.4739657955807,31.7763157894737,0,0,0,0,48.1,49.2,33.6,30.4,70,96.2,93.3,80.7,73.7,71.1,55.5,54.3,67.5,75.6,74.1,56.1,37.9,48.3,70.3,68.7,53.8,32.7,19.6,37.4,69,89.1,104.4,119.7,108.9,101.7,109,108.5,105.2,92.1,87.7,105.6,107.9,102.6,95.2,86,62.9,31.7,23.1,37.8,43,30.5,22.3,24.7,42.9,68.6,91.1,108.3,119.1,113.7,117.7,117.4,110.7,103.3,93.3,94,84.1,63.1,38,22.9,34.8,45,36.8,29.4,35.2,53.5,77.8,102.4,119.5,118.3,116.2,118,117.8,120.2,118,115.5,111.2,114.4,123.6,122.7,121.6,120.3,0,0,0,0,115.3,130,118.9,93.9,79.4,69.2,45.9,17.7,31.7,53.3,72.8,58.1,63.2,54.6,49.9,41.1,54.3,83.3,106.9,108,108.2,102.2,81.3,51.3,22.4,24.6,45.1,57.9,44.5,34.7,35.1,28.8,25.2,19.5,36.6,63.6,69.2,64.2,61.6,63.3,66.5,85,103.8,124,128.5,114.3,100.2,81.1,57.9,41.5,39,44.1,52.7,52,53,50.4,42.2,36,42.5,43.5,41.9,48.8,66.7,91.4,118.5,127.9,115.1,98.3,77.9,54.5,35.4,32.3,43.9,43.9,41.3,40.7,41.6,42.2,40.2,36,29.4,29.6,39,39.2,43.5,49.8,6727.1,5314,78.2220930232558,61.7906976744186,115,55,5,5
"024","01","A","S",2,3.2,58,100,0,22,48,30,2,1.5,1,0,0,90,"2212",19,3,56.7,40.2,13.7,0,0,0,0,0,0,0,0,0,0,0,0,0,0,0,0,0,0,0,0,0,0,0,0,0,0,0,0,0,0,0,0,0,0,0,0,0,0,0,0,0,0,0,0,0,0,0,0,0,0,0,0,0,0,0,0,0,0,0,0,0,0,0,0,0,0,0,0,0,0,0,0,0,0,0,0,0,0,0,0,0,0,0,0,0,0,0,112.1,104,95.2,0,0,0,0,0,0,0,0,0,0,0,0,0,0,0,0,0,0,0,0,0,0,0,0,0,0,0,0,0,0,0,0,0,0,0,0,0,0,0,0,0,0,0,0,0,0,0,0,0,0,0,0,0,0,0,0,0,0,0,0,0,0,0,0,0,0,0,0,0,0,0,0,0,0,0,0,0,0,0,0,0,0,0,0,0,0,0,"TT","O","",2022,3,1,"11/24/09",18.125,25.6910241278962,24.4739657955807,31.7763157894737,0,40.2,13.7,0,0,0,0,0,0,0,0,0,0,0,0,0,0,0,0,0,0,0,0,0,0,0,0,0,0,0,0,0,0,0,0,0,0,0,0,0,0,0,0,0,0,0,0,0,0,0,0,0,0,0,0,0,0,0,0,0,0,0,0,0,0,0,0,0,0,0,0,0,0,0,0,0,0,0,0,0,0,0,0,0,0,0,0,0,0,0,0,104,95.2,0,0,0,0,0,0,0,0,0,0,0,0,0,0,0,0,0,0,0,0,0,0,0,0,0,0,0,0,0,0,0,0,0,0,0,0,0,0,0,0,0,0,0,0,0,0,0,0,0,0,0,0,0,0,0,0,0,0,0,0,0,0,0,0,0,0,0,0,0,0,0,0,0,0,0,0,0,0,0,0,0,0,0,0,0,0,0,53.9,199.2,26.95,99.6,55,115,2,2
"022","02","A","E",2,3.3,69,96,1,40,18,42,-11,1.5,1,0,0,90,"2212",19,3,60.6,40.1,7.9,0,0,0,0,0,0,0,0,0,0,0,0,0,0,0,0,0,0,0,0,0,0,0,0,0,0,0,0,0,0,0,0,0,0,0,0,0,0,0,0,0,0,0,0,0,0,0,0,0,0,0,0,0,0,0,0,0,0,0,0,0,0,0,0,0,0,0,0,0,0,0,0,0,0,0,0,0,0,0,0,0,0,0,0,0,0,0,121.9,108.7,85.5,0,0,0,0,0,0,0,0,0,0,0,0,0,0,0,0,0,0,0,0,0,0,0,0,0,0,0,0,0,0,0,0,0,0,0,0,0,0,0,0,0,0,0,0,0,0,0,0,0,0,0,0,0,0,0,0,0,0,0,0,0,0,0,0,0,0,0,0,0,0,0,0,0,0,0,0,0,0,0,0,0,0,0,0,0,0,0,"TT","O","",2022,4,1,"11/25/09",20.9090909090909,25.6910241278962,24.4739657955807,31.7763157894737,0,40.1,7.9,0,0,0,0,0,0,0,0,0,0,0,0,0,0,0,0,0,0,0,0,0,0,0,0,0,0,0,0,0,0,0,0,0,0,0,0,0,0,0,0,0,0,0,0,0,0,0,0,0,0,0,0,0,0,0,0,0,0,0,0,0,0,0,0,0,0,0,0,0,0,0,0,0,0,0,0,0,0,0,0,0,0,0,0,0,0,0,0,108.7,85.5,0,0,0,0,0,0,0,0,0,0,0,0,0,0,0,0,0,0,0,0,0,0,0,0,0,0,0,0,0,0,0,0,0,0,0,0,0,0,0,0,0,0,0,0,0,0,0,0,0,0,0,0,0,0,0,0,0,0,0,0,0,0,0,0,0,0,0,0,0,0,0,0,0,0,0,0,0,0,0,0,0,0,0,0,0,0,0,48,194.2,24,97.1,55,115,2,2
"023","02","A","W",2,6.8,251,13,49,14,85,1,-68,1.5,0,0,0,90,"2212",19,6,104.4,114.3,114.8,106.2,85.7,49.7,0,0,0,0,0,0,0,0,0,0,0,0,0,0,0,0,0,0,0,0,0,0,0,0,0,0,0,0,0,0,0,0,0,0,0,0,0,0,0,0,0,0,0,0,0,0,0,0,0,0,0,0,0,0,0,0,0,0,0,0,0,0,0,0,0,0,0,0,0,0,0,0,0,0,0,0,0,0,0,0,0,0,0,0,30.2,30.7,48,63.4,79.2,88.1,0,0,0,0,0,0,0,0,0,0,0,0,0,0,0,0,0,0,0,0,0,0,0,0,0,0,0,0,0,0,0,0,0,0,0,0,0,0,0,0,0,0,0,0,0,0,0,0,0,0,0,0,0,0,0,0,0,0,0,0,0,0,0,0,0,0,0,0,0,0,0,0,0,0,0,0,0,0,0,0,0,0,0,0,"TT","O","",2022,5,1,"11/25/09",36.9117647058824,25.6910241278962,24.4739657955807,31.7763157894737,0,0,0,0,85.7,49.7,0,0,0,0,0,0,0,0,0,0,0,0,0,0,0,0,0,0,0,0,0,0,0,0,0,0,0,0,0,0,0,0,0,0,0,0,0,0,0,0,0,0,0,0,0,0,0,0,0,0,0,0,0,0,0,0,0,0,0,0,0,0,0,0,0,0,0,0,0,0,0,0,0,0,0,0,0,0,0,0,0,0,0,0,0,0,0,0,79.2,88.1,0,0,0,0,0,0,0,0,0,0,0,0,0,0,0,0,0,0,0,0,0,0,0,0,0,0,0,0,0,0,0,0,0,0,0,0,0,0,0,0,0,0,0,0,0,0,0,0,0,0,0,0,0,0,0,0,0,0,0,0,0,0,0,0,0,0,0,0,0,0,0,0,0,0,0,0,0,0,0,0,0,0,0,0,135.4,167.3,67.7,83.65,115,55,5,5
"024","02","A","S",2,30.4,966,27,22,25,40,35,-56,1.5,0,1,0,90,"2212",19,30,51.9,44.5,37.1,56.6,83.1,79.6,60.7,25.9,24.9,59.1,73.5,81.6,98.1,112.2,114.5,107.4,83.8,53.7,44.2,42.3,37.5,48.1,52.2,54.4,62.8,55.6,55.2,64.5,86.5,103.7,0,0,0,0,0,0,0,0,0,0,0,0,0,0,0,0,0,0,0,0,0,0,0,0,0,0,0,0,0,0,0,0,0,0,0,0,0,0,0,0,0,0,0,0,0,0,0,0,0,0,0,0,0,0,0,0,0,0,0,0,95.6,61.5,53.7,77.3,106.6,107.5,101.5,96.4,106.1,110.7,101.8,77.4,52.7,36.6,29.1,31,39,65.4,102.6,121.9,123.1,120.3,118.4,113.8,109.8,92.1,66.6,34.3,9.2,28.9,0,0,0,0,0,0,0,0,0,0,0,0,0,0,0,0,0,0,0,0,0,0,0,0,0,0,0,0,0,0,0,0,0,0,0,0,0,0,0,0,0,0,0,0,0,0,0,0,0,0,0,0,0,0,0,0,0,0,0,0,"FS","O","",2022,6,1,"11/25/09",31.7763157894737,25.6910241278962,24.4739657955807,31.7763157894737,0,44.5,37.1,56.6,83.1,79.6,60.7,25.9,24.9,59.1,73.5,81.6,98.1,112.2,114.5,107.4,83.8,53.7,44.2,42.3,37.5,48.1,52.2,54.4,62.8,55.6,55.2,64.5,86.5,103.7,0,0,0,0,0,0,0,0,0,0,0,0,0,0,0,0,0,0,0,0,0,0,0,0,0,0,0,0,0,0,0,0,0,0,0,0,0,0,0,0,0,0,0,0,0,0,0,0,0,0,0,0,0,0,0,0,0,0,0,0,0,61.5,53.7,77.3,106.6,107.5,101.5,96.4,106.1,110.7,101.8,77.4,52.7,36.6,29.1,31,39,65.4,102.6,121.9,123.1,120.3,118.4,113.8,109.8,92.1,66.6,34.3,9.2,28.9,0,0,0,0,0,0,0,0,0,0,0,0,0,0,0,0,0,0,0,0,0,0,0,0,0,0,0,0,0,0,0,0,0,0,0,0,0,0,0,0,0,0,0,0,0,0,0,0,0,0,0,0,0,0,0,0,0,0,0,0,1903.3,2295.3,65.6310344827586,79.148275862069,55,115,2,2
"028","01","A","W",2,90.1,1612,35,13,4,7,89,-59,1.5,0,1,0,90,"2212",27,90,113.8,101.5,82.1,59.7,31.1,19.4,38.9,46.7,58.7,70.3,84,96.9,108.8,117.5,122.8,125.8,125.2,124.7,121.2,117.1,112.3,105.2,100.4,103.3,106,106.8,102,96.4,89.4,83.4,79.3,74.3,71.3,71.2,70.5,67.5,59.3,48.8,43.2,43.3,43.6,44.2,45.1,45.2,43.4,46.7,51,57.9,64.3,71.4,78.7,85,98.8,105.5,106.8,110,107.8,107.1,102.6,94.4,86.1,78.7,69.2,57.8,48.9,43.2,43.2,46.4,51.1,53.4,55.9,65.2,74.3,79.4,87.2,97.6,101.6,99.7,91.5,94.7,93.7,89,75.2,56.4,40.3,33.1,33.2,40.2,45.2,48.8,42.8,21.4,8.8,29.1,62.3,97.6,124.3,123.5,117.5,110.4,102.8,92.3,79,64.6,50.8,43.4,39,40.1,47,58.9,69.4,83,93,91.2,82.7,83.8,89.4,92.7,99.8,103.3,107.9,112.2,110.3,109.3,114,120.4,127.4,128.2,127.1,129.6,127.8,124.7,124.2,127.6,129.5,131.8,131.2,130.7,128.7,124.3,117.4,102.8,94.9,82.2,75,76.6,77.8,81.6,80.3,88.3,102.3,115.3,121.3,125.1,129,129,128.2,125.6,122.1,118.9,115.8,112.5,107.9,103.5,97.1,90.3,85.2,83.9,79.1,80.3,84.6,89.8,93.4,95.3,100.2,105.3,116,126.4,128.6,129,"TT","O","",2022,1,1,"11/24/09",17.8912319644839,14.7833060731741,15.7136514983352,10.1315789473684,0,0,0,0,0,0,38.9,46.7,58.7,70.3,84,96.9,108.8,117.5,122.8,125.8,125.2,124.7,121.2,117.1,112.3,105.2,100.4,103.3,106,106.8,102,96.4,89.4,83.4,79.3,74.3,71.3,71.2,70.5,67.5,59.3,48.8,43.2,43.3,43.6,44.2,45.1,45.2,43.4,46.7,51,57.9,64.3,71.4,78.7,85,98.8,105.5,106.8,110,107.8,107.1,102.6,94.4,86.1,78.7,69.2,57.8,48.9,43.2,43.2,46.4,51.1,53.4,55.9,65.2,74.3,79.4,87.2,97.6,101.6,99.7,91.5,94.7,93.7,89,75.2,56.4,40.3,33.1,33.2,40.2,45.2,48.8,0,0,0,0,0,0,124.3,123.5,117.5,110.4,102.8,92.3,79,64.6,50.8,43.4,39,40.1,47,58.9,69.4,83,93,91.2,82.7,83.8,89.4,92.7,99.8,103.3,107.9,112.2,110.3,109.3,114,120.4,127.4,128.2,127.1,129.6,127.8,124.7,124.2,127.6,129.5,131.8,131.2,130.7,128.7,124.3,117.4,102.8,94.9,82.2,75,76.6,77.8,81.6,80.3,88.3,102.3,115.3,121.3,125.1,129,129,128.2,125.6,122.1,118.9,115.8,112.5,107.9,103.5,97.1,90.3,85.2,83.9,79.1,80.3,84.6,89.8,93.4,95.3,100.2,105.3,116,126.4,128.6,129,6482.2,8566.7,77.1690476190476,101.984523809524,115,55,7,7
"029","01","A","N",2,90.1,1443,18,41,3,14,83,-52,1.5,0,0,0,90,"2212",27,90,115.7,112.1,104.6,95,97.1,105.6,115.7,121.7,119.2,115.4,114.2,112.8,119.1,121.2,121.5,120.2,121.8,121,121.2,120.6,116.5,111.7,92.8,68,36.6,14.9,26,41.3,43.3,43.1,43.9,48,52.2,58.7,69.2,75.2,86.4,97.7,109.1,115.9,116.6,118.4,122.2,122.7,122.5,121.1,120.4,121.5,124.1,121,116.3,106.9,96.2,86.3,81.3,81.8,81.3,79.3,77.3,75.4,69.1,58.9,50.8,44.6,42.2,45.5,49.5,55.3,62.7,76.9,89.1,98.2,103.5,111.1,117.8,117.5,118.1,121.8,124.7,123.4,120.7,117.3,114.6,108.7,100.9,92.1,85.1,79.7,72.6,63.1,63.2,67.4,66.7,55.5,36.2,23.5,30.7,44.4,48.7,51.1,53.6,54.8,57.3,53.1,52.9,52.8,53.9,51.2,48,42.9,35.2,30.6,17.3,26,55.9,87.9,110.6,127.4,129.5,128.8,126.9,124.7,120.4,116.3,110.6,105.6,98.3,87.5,77.2,68.1,62.2,59.1,55.4,56.7,55.2,49.9,42.4,36.3,38.3,37.9,36,39.5,49.4,67,89.5,109.7,115.9,116.3,116.6,117.3,122.1,126.2,129.4,129.7,127.8,125.6,121.5,117.8,113.9,105.7,97.7,89.9,80.3,70.6,63.6,59.9,51.5,43.9,39.7,37.4,41.6,53.3,64.6,71.1,80.8,91.3,104.6,112.5,117.2,123.3,"TT","O","",2022,2,1,"11/24/09",16.015538290788,14.7833060731741,15.7136514983352,10.1315789473684,0,0,0,0,0,0,115.7,121.7,119.2,115.4,114.2,112.8,119.1,121.2,121.5,120.2,121.8,121,121.2,120.6,116.5,111.7,92.8,68,36.6,14.9,26,41.3,43.3,43.1,43.9,48,52.2,58.7,69.2,75.2,86.4,97.7,109.1,115.9,116.6,118.4,122.2,122.7,122.5,121.1,120.4,121.5,124.1,121,116.3,106.9,96.2,86.3,81.3,81.8,81.3,79.3,77.3,75.4,69.1,58.9,50.8,44.6,42.2,45.5,49.5,55.3,62.7,76.9,89.1,98.2,103.5,111.1,117.8,117.5,118.1,121.8,124.7,123.4,120.7,117.3,114.6,108.7,100.9,92.1,85.1,79.7,72.6,63.1,0,0,0,0,0,0,30.7,44.4,48.7,51.1,53.6,54.8,57.3,53.1,52.9,52.8,53.9,51.2,48,42.9,35.2,30.6,17.3,26,55.9,87.9,110.6,127.4,129.5,128.8,126.9,124.7,120.4,116.3,110.6,105.6,98.3,87.5,77.2,68.1,62.2,59.1,55.4,56.7,55.2,49.9,42.4,36.3,38.3,37.9,36,39.5,49.4,67,89.5,109.7,115.9,116.3,116.6,117.3,122.1,126.2,129.4,129.7,127.8,125.6,121.5,117.8,113.9,105.7,97.7,89.9,80.3,70.6,63.6,59.9,51.5,43.9,39.7,37.4,41.6,53.3,64.6,71.1,80.8,91.3,104.6,112.5,117.2,123.3,7744.2,6545.3,92.1928571428572,77.9202380952381,115,55,7,7
"030","01","A","S",2,90.1,1459,27,24,8,21,71,31,1.5,0,1,0,90,"2212",27,90,54.9,52.3,44.5,41.2,43,44.2,45.4,46.8,54.5,60.9,67.4,75.9,84.5,93.1,101.3,108,105.7,101,96.2,91.6,87.3,84.3,76,63.7,50.7,45.1,44.1,43.2,45.1,52.5,58,68.1,80.7,93.5,103.4,108.8,113.4,121.5,122.6,121.4,120.1,118.2,113.5,110.2,108.3,104.5,98.8,88.5,80.2,75.3,66.5,53.7,43.7,38.2,37.8,39.4,43.4,52.6,68.9,87.9,93.4,91.6,91.7,91.7,90,88,85.9,82.9,83.8,92.6,103.6,112.1,118,122.1,123.5,123.4,123,121.9,117.9,113,95.4,71.8,50.3,41.2,48.3,60.4,68.6,69.9,66.3,60.8,116.2,112.3,109.1,113.8,120.8,127.7,131.9,131.8,132.8,132.1,129.4,124.4,116.2,105.1,92.2,82.6,85,91,92.8,93.9,100.5,109,115.4,118.5,121.4,126.3,130.2,128.1,124.9,120.3,112.8,103.7,94.3,87.4,80.1,67.8,55.7,49.7,42.8,36.6,33.9,37.2,43,55.9,71.1,79.1,82.1,89.8,99.5,113.7,120.7,121.4,121.8,123.1,123.5,120.1,112.5,102.5,96.9,96.9,93.8,88.2,81,73.3,64.4,56.3,49.6,39.4,26.5,16.7,19.1,25.7,31.5,37,40.3,39.9,39.1,37.9,33.4,28,13.9,19.4,43.2,65.2,87.2,103.4,114.8,120.8,121.7,126.6,"TT","O","",2022,3,1,"11/24/09",16.1931187569367,14.7833060731741,15.7136514983352,10.1315789473684,0,0,0,41.2,43,44.2,45.4,46.8,54.5,60.9,67.4,75.9,84.5,93.1,101.3,108,105.7,101,96.2,91.6,87.3,84.3,76,63.7,50.7,45.1,44.1,43.2,45.1,52.5,58,68.1,80.7,93.5,103.4,108.8,113.4,121.5,122.6,121.4,120.1,118.2,113.5,110.2,108.3,104.5,98.8,88.5,80.2,75.3,66.5,53.7,43.7,38.2,37.8,39.4,43.4,52.6,68.9,87.9,93.4,91.6,91.7,91.7,90,88,85.9,82.9,83.8,92.6,103.6,112.1,118,122.1,123.5,123.4,123,121.9,117.9,113,95.4,71.8,50.3,41.2,48.3,60.4,68.6,69.9,66.3,60.8,0,0,0,113.8,120.8,127.7,131.9,131.8,132.8,132.1,129.4,124.4,116.2,105.1,92.2,82.6,85,91,92.8,93.9,100.5,109,115.4,118.5,121.4,126.3,130.2,128.1,124.9,120.3,112.8,103.7,94.3,87.4,80.1,67.8,55.7,49.7,42.8,36.6,33.9,37.2,43,55.9,71.1,79.1,82.1,89.8,99.5,113.7,120.7,121.4,121.8,123.1,123.5,120.1,112.5,102.5,96.9,96.9,93.8,88.2,81,73.3,64.4,56.3,49.6,39.4,26.5,16.7,19.1,25.7,31.5,37,40.3,39.9,39.1,37.9,33.4,28,13.9,19.4,43.2,65.2,87.2,103.4,114.8,120.8,121.7,126.6,7096.9,7411,81.5735632183908,85.183908045977,55,115,4,4
"028","02","A","E",2,90.1,1408,19,24,0,10,90,94,1.5,0,0,0,90,"2212",27,90,73.9,79.7,83,87.3,98.3,115.5,120.3,115.4,107.6,100.3,91.8,83.1,75.4,68.9,59.6,48.4,43.9,42.8,44.3,48.1,53.1,62.5,73.4,83.4,94.6,100,98.2,97,96,98.4,112.3,119.8,120.6,120.8,120,120.1,122.8,121,119.1,116.9,114.2,109.9,106.2,103,100.6,96.8,92,86.4,82.7,81.5,80.4,77.6,73.1,66.5,55.9,50.6,47,43.3,40.3,45.7,49.9,52,54.5,61.5,73.4,83.2,88.4,94.3,102.2,109.2,114.5,118.7,123.2,121.1,115.1,111.8,116.6,117.7,114.6,111.6,106.7,99.8,95.3,93.5,91.8,86.8,80.5,74.8,81.6,81.9,125.1,117.3,100.9,79.7,60.4,52.9,51,59.4,71.4,85,98.3,107.9,113.9,122.8,126.6,128.5,130.2,128,124.8,122.8,119.8,115.1,107.3,100.7,93.7,88.3,84.3,81.6,78.9,69.4,64.5,58.2,51.8,43.3,35.6,33.8,40.1,43.8,49.7,58.3,61.6,65.2,77.3,82.7,89,91.5,98.3,106.5,106.7,108.3,109.5,114.9,119.4,122.6,124.7,128.7,129.9,129.1,126.2,125.7,123.8,121,116.7,112.1,104.5,99,93.3,84.8,76.5,69.4,63.7,56.3,48.4,39.4,29.3,29.6,46.9,57.1,57,61.7,69.6,79.8,86.5,91.8,97.1,98.9,97,96.8,111.1,114.1,"TT","O","",2022,4,1,"11/25/09",15.6270810210877,14.7833060731741,15.7136514983352,10.1315789473684,0,0,0,87.3,98.3,115.5,120.3,115.4,107.6,100.3,91.8,83.1,75.4,68.9,59.6,48.4,43.9,42.8,44.3,48.1,53.1,62.5,73.4,83.4,94.6,100,98.2,97,96,98.4,112.3,119.8,120.6,120.8,120,120.1,122.8,121,119.1,116.9,114.2,109.9,106.2,103,100.6,96.8,92,86.4,82.7,81.5,80.4,77.6,73.1,66.5,55.9,50.6,47,43.3,40.3,45.7,49.9,52,54.5,61.5,73.4,83.2,88.4,94.3,102.2,109.2,114.5,118.7,123.2,121.1,115.1,111.8,116.6,117.7,114.6,111.6,106.7,99.8,95.3,93.5,91.8,86.8,80.5,74.8,81.6,81.9,0,0,0,79.7,60.4,52.9,51,59.4,71.4,85,98.3,107.9,113.9,122.8,126.6,128.5,130.2,128,124.8,122.8,119.8,115.1,107.3,100.7,93.7,88.3,84.3,81.6,78.9,69.4,64.5,58.2,51.8,43.3,35.6,33.8,40.1,43.8,49.7,58.3,61.6,65.2,77.3,82.7,89,91.5,98.3,106.5,106.7,108.3,109.5,114.9,119.4,122.6,124.7,128.7,129.9,129.1,126.2,125.7,123.8,121,116.7,112.1,104.5,99,93.3,84.8,76.5,69.4,63.7,56.3,48.4,39.4,29.3,29.6,46.9,57.1,57,61.7,69.6,79.8,86.5,91.8,97.1,98.9,97,96.8,111.1,114.1,7780.9,7632.8,89.4356321839081,87.7333333333333,55,115,4,4
"029","02","A","W",2,90.1,1157,5,49,29,22,49,-84,1.5,0,2,0,90,"2212",27,90,119.1,118.7,114.8,106.5,94.1,79.6,68,62.9,61.7,51,27.8,14.3,16.4,23.5,35.3,47.4,61.5,75.4,92.6,109.8,121.1,124.3,121.6,118.7,116.9,107.5,89.9,72.6,59.2,46.4,37.5,34.2,37.9,46.9,58.7,79.1,95.4,101,101.7,106.6,107.9,109.9,110.9,111.8,109.4,108.9,108.5,108.3,108,108.2,108.1,107.9,108.1,109.1,108.8,112.2,113.6,113.7,112.2,109.3,104.6,98.7,93.1,86.8,80.6,72.5,59.5,49.5,41.8,43.6,62.3,86.6,107.8,125,124.1,124.1,122.5,122.6,120.5,118.3,119.6,118.3,118.2,116.7,116.3,117.6,116.4,115.2,113.8,107.6,55.6,43.3,29.9,23.4,31.7,50.6,71.4,90.1,102.8,104.5,98.8,99.3,95.1,85.3,69.2,52,36.7,20.6,10.4,23.2,35.6,39.9,38.7,38.2,37.7,34.8,29.9,31.3,33.5,40.9,49.7,58.1,65.5,71.2,76.5,80.7,83.9,84.5,81.9,80.6,78.7,77.6,77.5,74.5,75.9,75.4,75,75.2,74.9,75.2,75.1,75.3,75.4,75.5,75.1,75.3,72.5,70,66.1,58.3,45.8,27.4,8.9,13.3,25.2,35.6,48.9,61.1,62.5,47.9,27.6,20.7,31.4,44.5,41.5,39.1,36.1,36.9,39.5,43.7,47.5,48.6,50.4,50.2,51.8,55.9,56.2,55.9,55.5,56.1,"TT","O","",2022,5,1,"11/25/09",12.8412874583796,14.7833060731741,15.7136514983352,10.1315789473684,0,0,0,0,0,0,68,62.9,61.7,51,27.8,14.3,16.4,23.5,35.3,47.4,61.5,75.4,92.6,109.8,121.1,124.3,121.6,118.7,116.9,107.5,89.9,72.6,59.2,46.4,37.5,34.2,37.9,46.9,58.7,79.1,95.4,101,101.7,106.6,107.9,109.9,110.9,111.8,109.4,108.9,108.5,108.3,108,108.2,108.1,107.9,108.1,109.1,108.8,112.2,113.6,113.7,112.2,109.3,104.6,98.7,93.1,86.8,80.6,72.5,59.5,49.5,41.8,43.6,62.3,86.6,107.8,125,124.1,124.1,122.5,122.6,120.5,118.3,119.6,118.3,118.2,116.7,116.3,117.6,116.4,115.2,113.8,107.6,0,0,0,0,0,0,71.4,90.1,102.8,104.5,98.8,99.3,95.1,85.3,69.2,52,36.7,20.6,10.4,23.2,35.6,39.9,38.7,38.2,37.7,34.8,29.9,31.3,33.5,40.9,49.7,58.1,65.5,71.2,76.5,80.7,83.9,84.5,81.9,80.6,78.7,77.6,77.5,74.5,75.9,75.4,75,75.2,74.9,75.2,75.1,75.3,75.4,75.5,75.1,75.3,72.5,70,66.1,58.3,45.8,27.4,8.9,13.3,25.2,35.6,48.9,61.1,62.5,47.9,27.6,20.7,31.4,44.5,41.5,39.1,36.1,36.9,39.5,43.7,47.5,48.6,50.4,50.2,51.8,55.9,56.2,55.9,55.5,56.1,7623.80000000001,4796.7,90.7595238095239,57.1035714285714,115,55,7,7
"030","02","A","S",2,30.4,308,45,2,1,14,85,-94,1.5,0,0,0,90,"2212",27,30,52.8,51.7,49.8,53,56.8,51.7,37.8,20,17.4,36.2,50.1,50.9,52.3,57.7,63.2,68.6,75.9,77.8,77.6,79.2,85.2,91.4,94,93,93.1,91.2,89.5,89.9,89.9,88.7,0,0,0,0,0,0,0,0,0,0,0,0,0,0,0,0,0,0,0,0,0,0,0,0,0,0,0,0,0,0,0,0,0,0,0,0,0,0,0,0,0,0,0,0,0,0,0,0,0,0,0,0,0,0,0,0,0,0,0,0,114.9,111.9,111.7,111.5,107.8,101.7,96.2,94.3,102.9,117.6,128.8,129,129.6,132.5,131,127.8,124,123.9,124.1,122.9,116.3,108.5,105.1,106.1,107.2,107.5,107.5,107.3,107.3,105.6,0,0,0,0,0,0,0,0,0,0,0,0,0,0,0,0,0,0,0,0,0,0,0,0,0,0,0,0,0,0,0,0,0,0,0,0,0,0,0,0,0,0,0,0,0,0,0,0,0,0,0,0,0,0,0,0,0,0,0,0,"FS","O","",2022,6,1,"11/25/09",10.1315789473684,14.7833060731741,15.7136514983352,10.1315789473684,0,0,0,0,56.8,51.7,37.8,20,17.4,36.2,50.1,50.9,52.3,57.7,63.2,68.6,75.9,77.8,77.6,79.2,85.2,91.4,94,93,93.1,91.2,89.5,89.9,89.9,88.7,0,0,0,0,0,0,0,0,0,0,0,0,0,0,0,0,0,0,0,0,0,0,0,0,0,0,0,0,0,0,0,0,0,0,0,0,0,0,0,0,0,0,0,0,0,0,0,0,0,0,0,0,0,0,0,0,0,0,0,0,0,0,0,0,107.8,101.7,96.2,94.3,102.9,117.6,128.8,129,129.6,132.5,131,127.8,124,123.9,124.1,122.9,116.3,108.5,105.1,106.1,107.2,107.5,107.5,107.3,107.3,105.6,0,0,0,0,0,0,0,0,0,0,0,0,0,0,0,0,0,0,0,0,0,0,0,0,0,0,0,0,0,0,0,0,0,0,0,0,0,0,0,0,0,0,0,0,0,0,0,0,0,0,0,0,0,0,0,0,0,0,0,0,1779.1,2972.5,68.4269230769231,114.326923076923,55,115,5,5
"031","01","A","W",2,90.1,1558,29,25,15,22,63,46,1.5,0,2,0,90,"2212",29,90,116.8,106.4,98.6,91.5,80.8,65.4,49.1,45.2,41.2,35.4,44.7,64.8,71.2,67.3,63.4,55.1,50.1,43.5,43.2,44.6,54,69.3,79.9,91.2,109.9,116.7,111.2,102.6,102.4,102.4,91.1,80.1,70.5,78.8,87.9,85.4,82.3,73.9,56.6,47.5,51.8,53.4,56.8,47.1,35.1,36.5,44.4,44.8,51.1,52.5,49.8,46.7,46.6,51.1,51,47.3,43.1,52.5,61.1,83.3,89.8,87.8,83.6,86.1,100.4,113.7,111.6,111.4,104.8,96.8,82,73.2,77.7,88.8,101.5,112.4,120.1,122.6,122.2,123.8,122.3,123.1,121.8,120.5,119.6,115.1,107.8,105.9,99.4,94.4,60.1,63.9,76.6,92.3,98,110.7,120.9,128.7,127.5,116.4,104.4,107.8,117.1,122.4,120.3,124.9,129.2,128.4,128.8,124.9,120,110.2,95.8,80.1,73.7,65.4,53.2,32.4,18.3,15.8,4.7,9.4,33.5,48.9,45.9,42.2,28.4,15,34.4,63.4,89,108.8,120,115.7,112.6,117.3,124.9,121.8,122.4,121.5,123.5,125.3,123.1,123.5,118.8,110.5,100.8,90,88.4,92.9,93.6,90.3,81.6,70.8,67.9,72.2,70.2,66.4,58.2,51.6,41.9,26.5,10.4,9.3,22.1,33,40,42,39.4,38.9,36,37,37.8,42.5,50,57.9,65.9,76,83.8,89,"TT","O","",2022,1,1,"11/24/09",17.291897891232,19.3624630798809,18.9988901220866,21.1803278688525,0,0,0,0,0,65.4,49.1,45.2,41.2,35.4,44.7,64.8,71.2,67.3,63.4,55.1,50.1,43.5,43.2,44.6,54,69.3,79.9,91.2,109.9,116.7,111.2,102.6,102.4,102.4,91.1,80.1,70.5,78.8,87.9,85.4,82.3,73.9,56.6,47.5,51.8,53.4,56.8,47.1,35.1,36.5,44.4,44.8,51.1,52.5,49.8,46.7,46.6,51.1,51,47.3,43.1,52.5,61.1,83.3,89.8,87.8,83.6,86.1,100.4,113.7,111.6,111.4,104.8,96.8,82,73.2,77.7,88.8,101.5,112.4,120.1,122.6,122.2,123.8,122.3,123.1,121.8,120.5,119.6,115.1,107.8,105.9,99.4,94.4,0,0,0,0,0,110.7,120.9,128.7,127.5,116.4,104.4,107.8,117.1,122.4,120.3,124.9,129.2,128.4,128.8,124.9,120,110.2,95.8,80.1,73.7,65.4,53.2,32.4,18.3,15.8,4.7,9.4,33.5,48.9,45.9,42.2,28.4,15,34.4,63.4,89,108.8,120,115.7,112.6,117.3,124.9,121.8,122.4,121.5,123.5,125.3,123.1,123.5,118.8,110.5,100.8,90,88.4,92.9,93.6,90.3,81.6,70.8,67.9,72.2,70.2,66.4,58.2,51.6,41.9,26.5,10.4,9.3,22.1,33,40,42,39.4,38.9,36,37,37.8,42.5,50,57.9,65.9,76,83.8,89,6624.1,6656.1,77.9305882352941,78.3070588235294,115,55,6,6
"032","01","A","N",2,90.1,1709,14,46,12,32,56,43,1.5,0,1,0,90,"2212",29,90,110.4,102.6,89.9,105.9,114.8,116.7,113.2,97.2,73.1,56,68.1,92.1,104.2,103.6,100.5,94.7,94.2,100.7,124,121.1,117.6,124,116.5,114,124.6,121.4,118.5,120.1,103.1,87.8,88.6,104.6,119.5,118.6,112.5,100.7,86.2,83.1,83.6,89.3,93.5,99.7,108.2,113.6,113.6,108.5,98.8,84.4,77.7,85,97.4,98.3,97.4,91.4,84.4,80.4,71.6,59.7,57.3,53.7,48.6,45.9,42.1,39.3,52.2,65.3,75.9,85.5,98.4,100.7,108.1,118.3,119.6,123.7,121.5,119.5,120.2,116.4,112.8,103.9,98.9,90.3,81.5,72.3,63,55,47.7,43.2,33.6,39.6,53.2,41.3,44.8,49.3,43,35.7,27,15.8,17.5,44.9,70.1,86,89.1,86.9,78.1,66.4,52.5,31.2,37.9,35.3,31,37.4,29.8,29.1,42,38.7,40,42.2,29.4,8.4,17.9,39.8,47.3,42.3,32.6,19.5,28.2,47.8,64,69,70.4,65.7,58.9,57.5,52.5,35.2,25.1,29.9,55.1,79.2,94.1,95.6,98.5,100.1,103.4,112.5,116.6,116.4,128.3,127.7,127.1,130.3,128.4,121.4,120.5,114.7,104.5,92.6,88.6,77.4,67.8,60.2,48.9,42.5,35.3,37.3,48.4,57.3,67.4,76.1,89.5,100.7,109.9,118.4,124.1,124.9,129.6,129.4,119.3,106.7,"TT","O","",2022,2,1,"11/24/09",18.9678135405105,19.3624630798809,18.9988901220866,21.1803278688525,0,0,0,0,0,116.7,113.2,97.2,73.1,56,68.1,92.1,104.2,103.6,100.5,94.7,94.2,100.7,124,121.1,117.6,124,116.5,114,124.6,121.4,118.5,120.1,103.1,87.8,88.6,104.6,119.5,118.6,112.5,100.7,86.2,83.1,83.6,89.3,93.5,99.7,108.2,113.6,113.6,108.5,98.8,84.4,77.7,85,97.4,98.3,97.4,91.4,84.4,80.4,71.6,59.7,57.3,53.7,48.6,45.9,42.1,39.3,52.2,65.3,75.9,85.5,98.4,100.7,108.1,118.3,119.6,123.7,121.5,119.5,120.2,116.4,112.8,103.9,98.9,90.3,81.5,72.3,63,55,47.7,43.2,33.6,39.6,0,0,0,0,0,35.7,27,15.8,17.5,44.9,70.1,86,89.1,86.9,78.1,66.4,52.5,31.2,37.9,35.3,31,37.4,29.8,29.1,42,38.7,40,42.2,29.4,8.4,17.9,39.8,47.3,42.3,32.6,19.5,28.2,47.8,64,69,70.4,65.7,58.9,57.5,52.5,35.2,25.1,29.9,55.1,79.2,94.1,95.6,98.5,100.1,103.4,112.5,116.6,116.4,128.3,127.7,127.1,130.3,128.4,121.4,120.5,114.7,104.5,92.6,88.6,77.4,67.8,60.2,48.9,42.5,35.3,37.3,48.4,57.3,67.4,76.1,89.5,100.7,109.9,118.4,124.1,124.9,129.6,129.4,119.3,106.7,7811.3,5932.7,91.8976470588235,69.7964705882353,115,55,6,6
"033","01","A","S",2,90.1,1853,36,23,28,36,36,-50,1.5,1,2,0,90,"2212",29,90,60.8,45.6,22.5,21,39.4,55.8,59.6,54.5,46.2,45.4,57.8,74.4,88.5,95.1,91.4,81.4,71.8,64.4,54,45.8,42.6,42.3,48.7,61.1,71.4,73.8,79.5,94.6,112.5,113.7,104.4,96.4,90.8,93.4,98.4,99.3,92.4,85.7,76.5,63.2,53.7,47.8,41.4,39.2,40.5,43,47.5,39.5,21.1,7.9,26.5,45.3,53.6,54.6,38.8,25.4,26.3,41.2,63.4,86.4,103.6,111,112.6,108.5,99.1,87.7,69.5,46.1,24.1,14.8,32.4,53.9,73.6,89.3,99.7,101.5,100,103.3,114.5,121.3,115.2,105.3,93.7,78.7,61.7,46.2,31.7,27.7,38.7,45.4,115.2,94.1,84.1,97.5,112,118.8,116.7,102.1,81.7,56.4,30.3,31.5,55.5,74.7,87.3,98.5,111.6,122.4,127,128.8,128.9,125.2,120.3,114.3,105.5,91,73.6,62.6,65.7,60.9,44.3,23.3,9.4,33.3,61.1,78.1,93.5,105.3,114.2,117,120.4,124.5,125.8,125.6,124.7,122.6,113.9,99.6,90.2,82.7,84.8,96.9,107.7,121.2,112.7,95.4,76.7,54.3,29,12,17.4,27.8,39.3,50.7,60.7,71.7,80.1,80.7,79.6,74.3,68.1,64.1,61.7,60.1,54.4,45.5,29.8,20,28.5,34.7,28.9,20.9,17.1,21.8,35.2,51.3,70.9,94.2,116.8,129.2,"TT","O","",2022,3,1,"11/24/09",20.5660377358491,19.3624630798809,18.9988901220866,21.1803278688525,0,0,22.5,21,39.4,55.8,59.6,54.5,46.2,45.4,57.8,74.4,88.5,95.1,91.4,81.4,71.8,64.4,54,45.8,42.6,42.3,48.7,61.1,71.4,73.8,79.5,94.6,112.5,113.7,104.4,96.4,90.8,93.4,98.4,99.3,92.4,85.7,76.5,63.2,53.7,47.8,41.4,39.2,40.5,43,47.5,39.5,21.1,7.9,26.5,45.3,53.6,54.6,38.8,25.4,26.3,41.2,63.4,86.4,103.6,111,112.6,108.5,99.1,87.7,69.5,46.1,24.1,14.8,32.4,53.9,73.6,89.3,99.7,101.5,100,103.3,114.5,121.3,115.2,105.3,93.7,78.7,61.7,46.2,31.7,27.7,38.7,45.4,0,0,84.1,97.5,112,118.8,116.7,102.1,81.7,56.4,30.3,31.5,55.5,74.7,87.3,98.5,111.6,122.4,127,128.8,128.9,125.2,120.3,114.3,105.5,91,73.6,62.6,65.7,60.9,44.3,23.3,9.4,33.3,61.1,78.1,93.5,105.3,114.2,117,120.4,124.5,125.8,125.6,124.7,122.6,113.9,99.6,90.2,82.7,84.8,96.9,107.7,121.2,112.7,95.4,76.7,54.3,29,12,17.4,27.8,39.3,50.7,60.7,71.7,80.1,80.7,79.6,74.3,68.1,64.1,61.7,60.1,54.4,45.5,29.8,20,28.5,34.7,28.9,20.9,17.1,21.8,35.2,51.3,70.9,94.2,116.8,129.2,5863.6,6820.6,66.6318181818182,77.5068181818182,55,115,3,3
"031","02","A","E",2,90.1,1662,21,24,18,37,45,-26,1.5,0,0,0,90,"2212",29,90,60.5,46.9,23.7,35.3,49,60.5,87.6,111.9,118.5,113.9,116.6,122.5,114.8,110.2,110.8,104.4,91.3,83.9,76.8,59.7,52.5,36.4,39,52.2,55.8,54.5,56.9,69.8,88.4,102.9,101.2,96.3,86.4,80.3,69.8,59.8,51,43.5,43.3,46.4,46.4,42.1,33.2,28.1,33.2,47,62.8,78.4,93.9,102.8,106,107.4,105.3,97.5,87.9,78.7,73.6,74.4,78.9,80.5,80.5,83.1,92.2,104.3,107.8,98.2,89,88.9,96.1,108.4,118.6,123.8,119.9,114.9,108.8,101.2,81.9,67.7,53.8,46.9,46.8,47.8,46.9,46.5,49.8,56.8,67.4,80.8,86.7,89.1,120.9,115.8,106.4,107.3,85.3,59.1,47.9,56.5,54.1,37.5,30.7,40.3,40.5,57,69.4,71.8,85.1,103.9,112.8,117.5,128.2,122.1,119.9,122.5,120.8,110.3,92.7,78.5,76.5,81.5,83.5,86.5,93.9,103,110.8,118.2,122.6,127.9,129.6,128.9,121.3,108.1,92.1,76.2,59.9,42.3,26.1,14,14.3,19.3,21,24.4,29.1,41.5,55.6,68.2,78.9,92.9,101.9,101.4,92,82,76.2,77.6,76.9,67.2,54,38.2,28,29.4,36.4,41.8,43.2,45.9,51.5,53.3,49.7,47.2,45.3,41.8,41.5,47.7,60.4,75.9,89.4,100.7,110.1,116,113,104.5,"TT","O","",2022,4,1,"11/25/09",18.4461709211987,19.3624630798809,18.9988901220866,21.1803278688525,0,0,23.7,35.3,49,60.5,87.6,111.9,118.5,113.9,116.6,122.5,114.8,110.2,110.8,104.4,91.3,83.9,76.8,59.7,52.5,36.4,39,52.2,55.8,54.5,56.9,69.8,88.4,102.9,101.2,96.3,86.4,80.3,69.8,59.8,51,43.5,43.3,46.4,46.4,42.1,33.2,28.1,33.2,47,62.8,78.4,93.9,102.8,106,107.4,105.3,97.5,87.9,78.7,73.6,74.4,78.9,80.5,80.5,83.1,92.2,104.3,107.8,98.2,89,88.9,96.1,108.4,118.6,123.8,119.9,114.9,108.8,101.2,81.9,67.7,53.8,46.9,46.8,47.8,46.9,46.5,49.8,56.8,67.4,80.8,86.7,89.1,0,0,106.4,107.3,85.3,59.1,47.9,56.5,54.1,37.5,30.7,40.3,40.5,57,69.4,71.8,85.1,103.9,112.8,117.5,128.2,122.1,119.9,122.5,120.8,110.3,92.7,78.5,76.5,81.5,83.5,86.5,93.9,103,110.8,118.2,122.6,127.9,129.6,128.9,121.3,108.1,92.1,76.2,59.9,42.3,26.1,14,14.3,19.3,21,24.4,29.1,41.5,55.6,68.2,78.9,92.9,101.9,101.4,92,82,76.2,77.6,76.9,67.2,54,38.2,28,29.4,36.4,41.8,43.2,45.9,51.5,53.3,49.7,47.2,45.3,41.8,41.5,47.7,60.4,75.9,89.4,100.7,110.1,116,113,104.5,6840.5,6566.3,77.7329545454545,74.6170454545454,55,115,3,3
"032","02","A","W",2,90.1,1777,23,25,21,35,44,23,1.5,0,2,0,90,"2212",29,90,105.8,94.2,88.3,106.7,100.1,94.6,97.3,108.4,121.1,118.8,112.2,108.7,105,96.4,87.7,81.4,73.9,63.5,54.6,49.4,40.7,26.9,34.6,53.2,54.3,55.5,57.2,60.2,66.6,84,103.2,110.5,103.6,88.4,75.7,66.6,63.6,70.5,72.9,68,62.2,53.1,45.1,44,49.9,58.8,72.1,89.2,100.8,105.1,99.6,110.9,106,90.7,81.1,82.1,94.8,109,118.7,121,115.3,108.7,93.3,72.4,63.3,68.1,76.6,85.8,92.3,92.8,89.2,84.8,80,74.6,64.2,53.3,47,43.2,41.1,35.6,34.5,47.7,59.2,51.6,43.1,44.9,57.4,62,54.2,40.2,51.4,51.2,67.9,80.2,69,49.3,28.4,23,36.8,41.4,48.6,61.7,71.3,84.8,98.9,112.3,119.6,121.2,125.6,129.5,124.1,112.5,106.6,115.9,120.8,115.7,102.2,83.6,64.8,51.9,54.1,49.8,37.2,16.3,14.1,37.8,65.4,90.5,104.8,118.6,126.6,129.2,130.1,129.1,124.6,115,98.5,86.6,76.6,64.2,62.9,71.2,60.3,40.8,16.8,12,28.6,38,44.3,42.5,32,22.4,14.8,17.3,28.9,40.4,53.3,65.1,74,80.4,83.7,92.6,101.7,107.5,111.9,118.8,124.1,125.4,125.8,122,115.8,113.1,112.5,94.4,72.8,49.5,30.5,35.9,51.8,72.6,"TT","O","",2022,5,1,"11/25/09",19.7225305216426,19.3624630798809,18.9988901220866,21.1803278688525,0,0,0,0,0,94.6,97.3,108.4,121.1,118.8,112.2,108.7,105,96.4,87.7,81.4,73.9,63.5,54.6,49.4,40.7,26.9,34.6,53.2,54.3,55.5,57.2,60.2,66.6,84,103.2,110.5,103.6,88.4,75.7,66.6,63.6,70.5,72.9,68,62.2,53.1,45.1,44,49.9,58.8,72.1,89.2,100.8,105.1,99.6,110.9,106,90.7,81.1,82.1,94.8,109,118.7,121,115.3,108.7,93.3,72.4,63.3,68.1,76.6,85.8,92.3,92.8,89.2,84.8,80,74.6,64.2,53.3,47,43.2,41.1,35.6,34.5,47.7,59.2,51.6,43.1,44.9,57.4,62,54.2,40.2,0,0,0,0,0,49.3,28.4,23,36.8,41.4,48.6,61.7,71.3,84.8,98.9,112.3,119.6,121.2,125.6,129.5,124.1,112.5,106.6,115.9,120.8,115.7,102.2,83.6,64.8,51.9,54.1,49.8,37.2,16.3,14.1,37.8,65.4,90.5,104.8,118.6,126.6,129.2,130.1,129.1,124.6,115,98.5,86.6,76.6,64.2,62.9,71.2,60.3,40.8,16.8,12,28.6,38,44.3,42.5,32,22.4,14.8,17.3,28.9,40.4,53.3,65.1,74,80.4,83.7,92.6,101.7,107.5,111.9,118.8,124.1,125.4,125.8,122,115.8,113.1,112.5,94.4,72.8,49.5,30.5,35.9,51.8,72.6,6399.8,6528,75.2917647058824,76.8,115,55,6,6
"033","02","A","S",2,30.5,646,58,4,25,46,29,21,1.5,2,0,0,90,"2212",29,30,47,33.5,26.4,37.6,52.8,58.3,58,50.4,30.3,6.4,21.9,40,45.3,43.1,37.5,21.2,11,27.9,39.3,43.1,49.5,64.4,79.3,89.9,93.9,88.5,79.3,65.6,50.4,31.7,0,0,0,0,0,0,0,0,0,0,0,0,0,0,0,0,0,0,0,0,0,0,0,0,0,0,0,0,0,0,0,0,0,0,0,0,0,0,0,0,0,0,0,0,0,0,0,0,0,0,0,0,0,0,0,0,0,0,0,0,111.8,111.1,112.1,115.9,113.9,98.3,79.2,63.3,62.2,83.1,108.1,121.9,117.6,102.4,90.5,83.2,93.5,105.7,108.2,96.4,79,66,67.6,80.1,91.1,96.1,100.8,107.6,113.1,109,0,0,0,0,0,0,0,0,0,0,0,0,0,0,0,0,0,0,0,0,0,0,0,0,0,0,0,0,0,0,0,0,0,0,0,0,0,0,0,0,0,0,0,0,0,0,0,0,0,0,0,0,0,0,0,0,0,0,0,0,"FS","O","",2022,6,1,"11/25/09",21.1803278688525,19.3624630798809,18.9988901220866,21.1803278688525,0,0,26.4,37.6,52.8,58.3,58,50.4,30.3,6.4,21.9,40,45.3,43.1,37.5,21.2,11,27.9,39.3,43.1,49.5,64.4,79.3,89.9,93.9,88.5,79.3,65.6,50.4,31.7,0,0,0,0,0,0,0,0,0,0,0,0,0,0,0,0,0,0,0,0,0,0,0,0,0,0,0,0,0,0,0,0,0,0,0,0,0,0,0,0,0,0,0,0,0,0,0,0,0,0,0,0,0,0,0,0,0,0,0,0,0,0,112.1,115.9,113.9,98.3,79.2,63.3,62.2,83.1,108.1,121.9,117.6,102.4,90.5,83.2,93.5,105.7,108.2,96.4,79,66,67.6,80.1,91.1,96.1,100.8,107.6,113.1,109,0,0,0,0,0,0,0,0,0,0,0,0,0,0,0,0,0,0,0,0,0,0,0,0,0,0,0,0,0,0,0,0,0,0,0,0,0,0,0,0,0,0,0,0,0,0,0,0,0,0,0,0,0,0,0,0,0,0,0,0,1343,2665.9,47.9642857142857,95.2107142857143,55,115,3,3
"001","03","A","S",2,45.2,1056,6,41,12,27,61,-90,1.5,1,0,0,90,"2212",1,45,62.4,62.6,65.9,82.8,106.9,125.3,125,119,115.4,114.4,109.3,101.4,97.4,98.3,100.4,104.8,109.3,114.1,117.6,118.2,118.6,111.5,93.3,63.6,42.3,51.7,76.1,93.9,104.3,115.2,118.7,116.4,120.6,122.2,122,120.9,117.4,111.6,103.4,94.1,85.9,73.8,55.6,33.2,12.4,0,0,0,0,0,0,0,0,0,0,0,0,0,0,0,0,0,0,0,0,0,0,0,0,0,0,0,0,0,0,0,0,0,0,0,0,0,0,0,0,0,0,0,0,0,109.5,90.1,63.8,36.8,29.1,39.1,38.9,38.1,51.8,65.5,68.5,71.8,97.8,98.8,93,87.6,77.9,65.6,55.7,44.3,33,28.9,28.7,32.2,48.3,68.9,84.5,83,72.5,64.5,55.6,49.3,40.4,37.1,37.2,46,55.7,67.5,79.8,91,97.4,106.7,112.1,108,93.2,0,0,0,0,0,0,0,0,0,0,0,0,0,0,0,0,0,0,0,0,0,0,0,0,0,0,0,0,0,0,0,0,0,0,0,0,0,0,0,0,0,0,0,0,0,"TT","O","",2022,1,2,"11/26/09",23.3628318584071,21.289679205463,21.5606869419805,19.9346405228758,0,0,65.9,82.8,106.9,125.3,125,119,115.4,114.4,109.3,101.4,97.4,98.3,100.4,104.8,109.3,114.1,117.6,118.2,118.6,111.5,93.3,63.6,42.3,51.7,76.1,93.9,104.3,115.2,118.7,116.4,120.6,122.2,122,120.9,117.4,111.6,103.4,94.1,85.9,73.8,55.6,33.2,12.4,0,0,0,0,0,0,0,0,0,0,0,0,0,0,0,0,0,0,0,0,0,0,0,0,0,0,0,0,0,0,0,0,0,0,0,0,0,0,0,0,0,0,0,0,0,0,0,63.8,36.8,29.1,39.1,38.9,38.1,51.8,65.5,68.5,71.8,97.8,98.8,93,87.6,77.9,65.6,55.7,44.3,33,28.9,28.7,32.2,48.3,68.9,84.5,83,72.5,64.5,55.6,49.3,40.4,37.1,37.2,46,55.7,67.5,79.8,91,97.4,106.7,112.1,108,93.2,0,0,0,0,0,0,0,0,0,0,0,0,0,0,0,0,0,0,0,0,0,0,0,0,0,0,0,0,0,0,0,0,0,0,0,0,0,0,0,0,0,0,0,0,0,4204.2,2745.6,97.7720930232558,63.8511627906977,55,115,3,3
"002","03","A","E",2,62.6,1382,18,28,24,33,43,116,1.5,2,1,0,90,"2212",1,62,70,76,81,86.9,99.4,106,110.9,115.1,119.2,120.4,122.8,121.2,114.7,103.5,83.2,64.7,45.9,30.5,39.2,46.4,50,56.1,59.5,58.9,61.3,71.6,80.3,85,84.7,82.3,81.5,72.7,59,35.2,18.7,22.2,39,61,84.7,99.8,101.7,103.3,104.3,108.2,109.5,114,116.8,116,115.4,114.6,105.1,87.3,63.8,36.4,33.8,54.6,66.3,66.9,63.7,57,45.8,30.1,0,0,0,0,0,0,0,0,0,0,0,0,0,0,0,0,0,0,0,0,0,0,0,0,0,0,0,0,124,123.6,116.6,104,94.4,83.8,73,62.3,51.3,42.1,37.1,38,43.6,51.8,54.7,63.1,80.2,104.7,124,132.4,131.8,127.8,117.1,99.5,77.5,54.7,39.9,24.1,6.4,23.5,52.7,73.5,81.8,92.7,101.4,101.7,96.1,91.7,94.7,97.2,91.4,90.7,87,81,73.9,66.4,59,49.5,37.1,29.1,21.5,18.2,27.5,53.4,78.2,100.5,98.2,93.7,85.7,70.4,52.8,57.2,0,0,0,0,0,0,0,0,0,0,0,0,0,0,0,0,0,0,0,0,0,0,0,0,0,0,0,0,"TT","O","",2022,2,2,"11/26/09",22.0766773162939,21.289679205463,21.5606869419805,19.9346405228758,0,0,81,86.9,99.4,106,110.9,115.1,119.2,120.4,122.8,121.2,114.7,103.5,83.2,64.7,45.9,30.5,39.2,46.4,50,56.1,59.5,58.9,61.3,71.6,80.3,85,84.7,82.3,81.5,72.7,59,35.2,18.7,22.2,39,61,84.7,99.8,101.7,103.3,104.3,108.2,109.5,114,116.8,116,115.4,114.6,105.1,87.3,63.8,36.4,33.8,54.6,66.3,66.9,63.7,57,45.8,30.1,0,0,0,0,0,0,0,0,0,0,0,0,0,0,0,0,0,0,0,0,0,0,0,0,0,0,0,0,0,0,116.6,104,94.4,83.8,73,62.3,51.3,42.1,37.1,38,43.6,51.8,54.7,63.1,80.2,104.7,124,132.4,131.8,127.8,117.1,99.5,77.5,54.7,39.9,24.1,6.4,23.5,52.7,73.5,81.8,92.7,101.4,101.7,96.1,91.7,94.7,97.2,91.4,90.7,87,81,73.9,66.4,59,49.5,37.1,29.1,21.5,18.2,27.5,53.4,78.2,100.5,98.2,93.7,85.7,70.4,52.8,57.2,0,0,0,0,0,0,0,0,0,0,0,0,0,0,0,0,0,0,0,0,0,0,0,0,0,0,0,0,4689.1,4365.3,78.1516666666667,72.755,55,115,3,3
"003","03","A","N",2,90.1,1546,36,31,11,20,69,56,1.5,0,1,0,90,"2212",1,90,112.2,108.5,102.8,97.3,88.4,72.9,49.2,26.3,28,41.9,44.7,48.2,52.8,58.6,65,73.8,86.1,98.4,106.5,110.9,115.6,119.1,119.4,119.3,119.6,118,117.9,116.4,114.8,115.6,114.7,116.8,116.3,117.2,115.7,114,111.8,111.6,112.4,114.8,114.4,114.5,116.6,115.4,116,114.8,105.6,91.2,72.6,51.9,33.8,32.8,42.5,44.2,43.6,48.1,62.2,70.3,80.4,89.3,96.1,101.1,104.2,106.6,106.2,105,100,94.1,80,64.4,53.5,41.4,36.6,38,43.7,53.3,57.2,56.4,50.7,48.4,47.5,45.3,38,36.8,30.2,40.1,43.7,49.1,53.5,59.1,60.3,54.7,35.9,14.2,17.1,34.4,55.5,85.7,111.2,128.5,131,132.2,131.7,128.1,120.6,111.6,102.6,92.7,82.5,72,61.8,54.2,51.3,50.4,51.4,54.8,58.2,56.6,62.1,66,65.6,61.7,61.9,61.5,65.9,67.5,72.3,71.9,73.1,66.6,62.7,59,54.2,45.4,35.4,29.1,29.8,37.5,50.8,67.5,91.2,109.1,125,127.9,129.6,129.1,131.7,124.9,118.3,109.6,99.3,88.3,74,61.8,44,31.5,15.5,20.7,42.8,58.6,73.7,99.7,114.4,124.1,127.8,132.4,132.2,130.7,128.2,128.1,127.1,126.3,120.8,120.1,113.9,125,128.1,130.8,130.6,126.4,"TT","O","",2022,3,2,"11/26/09",17.1587125416204,21.289679205463,21.5606869419805,19.9346405228758,0,0,0,0,88.4,72.9,49.2,26.3,28,41.9,44.7,48.2,52.8,58.6,65,73.8,86.1,98.4,106.5,110.9,115.6,119.1,119.4,119.3,119.6,118,117.9,116.4,114.8,115.6,114.7,116.8,116.3,117.2,115.7,114,111.8,111.6,112.4,114.8,114.4,114.5,116.6,115.4,116,114.8,105.6,91.2,72.6,51.9,33.8,32.8,42.5,44.2,43.6,48.1,62.2,70.3,80.4,89.3,96.1,101.1,104.2,106.6,106.2,105,100,94.1,80,64.4,53.5,41.4,36.6,38,43.7,53.3,57.2,56.4,50.7,48.4,47.5,45.3,38,36.8,30.2,40.1,43.7,49.1,53.5,59.1,0,0,0,0,17.1,34.4,55.5,85.7,111.2,128.5,131,132.2,131.7,128.1,120.6,111.6,102.6,92.7,82.5,72,61.8,54.2,51.3,50.4,51.4,54.8,58.2,56.6,62.1,66,65.6,61.7,61.9,61.5,65.9,67.5,72.3,71.9,73.1,66.6,62.7,59,54.2,45.4,35.4,29.1,29.8,37.5,50.8,67.5,91.2,109.1,125,127.9,129.6,129.1,131.7,124.9,118.3,109.6,99.3,88.3,74,61.8,44,31.5,15.5,20.7,42.8,58.6,73.7,99.7,114.4,124.1,127.8,132.4,132.2,130.7,128.2,128.1,127.1,126.3,120.8,120.1,113.9,125,128.1,130.8,130.6,126.4,6813.1,7416.9,79.2220930232558,86.243023255814,115,55,5,5
"001","04","A","N",2,9.7,239,14,59,27,57,16,91,1.5,1,0,0,90,"2212",1,9,113.2,114.2,115.1,115.8,112.4,102.5,86.7,56.5,24.3,0,0,0,0,0,0,0,0,0,0,0,0,0,0,0,0,0,0,0,0,0,0,0,0,0,0,0,0,0,0,0,0,0,0,0,0,0,0,0,0,0,0,0,0,0,0,0,0,0,0,0,0,0,0,0,0,0,0,0,0,0,0,0,0,0,0,0,0,0,0,0,0,0,0,0,0,0,0,0,0,0,58.8,54.5,47.1,33.2,28.4,35.5,48.8,64.2,78.2,0,0,0,0,0,0,0,0,0,0,0,0,0,0,0,0,0,0,0,0,0,0,0,0,0,0,0,0,0,0,0,0,0,0,0,0,0,0,0,0,0,0,0,0,0,0,0,0,0,0,0,0,0,0,0,0,0,0,0,0,0,0,0,0,0,0,0,0,0,0,0,0,0,0,0,0,0,0,0,0,0,"TT","O","",2022,4,2,"11/27/09",24.639175257732,21.289679205463,21.5606869419805,19.9346405228758,0,0,0,0,112.4,102.5,86.7,56.5,24.3,0,0,0,0,0,0,0,0,0,0,0,0,0,0,0,0,0,0,0,0,0,0,0,0,0,0,0,0,0,0,0,0,0,0,0,0,0,0,0,0,0,0,0,0,0,0,0,0,0,0,0,0,0,0,0,0,0,0,0,0,0,0,0,0,0,0,0,0,0,0,0,0,0,0,0,0,0,0,0,0,0,0,0,0,0,28.4,35.5,48.8,64.2,78.2,0,0,0,0,0,0,0,0,0,0,0,0,0,0,0,0,0,0,0,0,0,0,0,0,0,0,0,0,0,0,0,0,0,0,0,0,0,0,0,0,0,0,0,0,0,0,0,0,0,0,0,0,0,0,0,0,0,0,0,0,0,0,0,0,0,0,0,0,0,0,0,0,0,0,0,0,0,0,0,0,0,382.4,255.1,76.48,51.02,115,55,5,5
"002","04","A","W",2,90.1,1853,32,15,17,16,67,-56,1.5,0,0,0,90,"2212",1,90,111.4,102.2,98.4,100.9,108,106.9,101.8,95.5,87.4,75.7,65.2,55.4,46.4,43.5,46.1,53.4,64,73.6,79.7,90.2,88.9,81.3,78.8,72.6,58.4,45.1,33.3,24.2,27.7,39.5,52.4,62.2,72.5,79.2,82.2,90.6,98.5,96.4,95.4,88.9,81.4,72.9,62,49.9,45.1,44.8,47.8,53.6,62.3,73.1,83.5,89.5,95.8,99.7,101.1,100.8,96,83.3,67.8,52.1,43.4,53.2,64.5,62.2,56.1,49.3,44,37.9,29.7,21.2,27.4,46.7,62.6,75.3,92.7,108.3,110.6,106.7,99.8,93.2,87.6,80.3,74,65.8,52.2,47.5,43.5,41.5,36.3,36.1,44.9,20.7,22.2,50.3,76.2,82,80.6,90.5,104.4,114.3,124.6,127.8,128.7,129.7,126.8,120.9,113.7,106.7,102.2,96.6,94.9,99.4,100.1,108,116.3,123.2,119.3,107.1,90.8,70,47.2,29.9,16.2,28.3,51.7,74.5,85.5,86.7,86.9,94.7,100.7,106.6,115.1,122.7,127.7,131.1,131.2,128.8,125.3,121.6,115.8,103.4,89.4,75.5,66.9,50.6,31,13.7,20,43.9,72,95.2,112.8,115.8,119.7,124.1,127.6,124.3,112.1,94,71,44,24.6,18.3,35.4,60.9,70.2,75.3,83.1,88.5,94.4,100.8,106.2,112.6,119.4,125.3,126.7,124.7,116.5,117.3,"TT","O","",2022,5,2,"11/27/09",20.5660377358491,21.289679205463,21.5606869419805,19.9346405228758,0,0,0,0,108,106.9,101.8,95.5,87.4,75.7,65.2,55.4,46.4,43.5,46.1,53.4,64,73.6,79.7,90.2,88.9,81.3,78.8,72.6,58.4,45.1,33.3,24.2,27.7,39.5,52.4,62.2,72.5,79.2,82.2,90.6,98.5,96.4,95.4,88.9,81.4,72.9,62,49.9,45.1,44.8,47.8,53.6,62.3,73.1,83.5,89.5,95.8,99.7,101.1,100.8,96,83.3,67.8,52.1,43.4,53.2,64.5,62.2,56.1,49.3,44,37.9,29.7,21.2,27.4,46.7,62.6,75.3,92.7,108.3,110.6,106.7,99.8,93.2,87.6,80.3,74,65.8,52.2,47.5,43.5,41.5,36.3,36.1,0,0,0,0,76.2,82,80.6,90.5,104.4,114.3,124.6,127.8,128.7,129.7,126.8,120.9,113.7,106.7,102.2,96.6,94.9,99.4,100.1,108,116.3,123.2,119.3,107.1,90.8,70,47.2,29.9,16.2,28.3,51.7,74.5,85.5,86.7,86.9,94.7,100.7,106.6,115.1,122.7,127.7,131.1,131.2,128.8,125.3,121.6,115.8,103.4,89.4,75.5,66.9,50.6,31,13.7,20,43.9,72,95.2,112.8,115.8,119.7,124.1,127.6,124.3,112.1,94,71,44,24.6,18.3,35.4,60.9,70.2,75.3,83.1,88.5,94.4,100.8,106.2,112.6,119.4,125.3,126.7,124.7,116.5,117.3,5873,7990.2,68.2906976744186,92.9093023255814,115,55,5,5
"003","04","A","E",2,30.6,610,19,32,0,12,88,74,1.5,0,0,0,90,"2212",1,30,66.5,64.4,72,90.3,110.1,113.3,116,116.8,119,117.5,119,121.2,122,121.3,120.2,117.3,113,106.2,101.8,93.5,83.9,74.4,62,50.7,45.3,45.4,48.3,53.6,64.2,75.2,0,0,0,0,0,0,0,0,0,0,0,0,0,0,0,0,0,0,0,0,0,0,0,0,0,0,0,0,0,0,0,0,0,0,0,0,0,0,0,0,0,0,0,0,0,0,0,0,0,0,0,0,0,0,0,0,0,0,0,0,120.7,103.3,85.5,73.7,74.1,68.5,61.6,57.4,52.4,48.7,41.2,36.1,35.6,37.6,45.5,55.9,62,75,80.4,90.4,98.7,106.4,115,122.9,128.7,131.7,130.9,126.4,124.4,124.4,0,0,0,0,0,0,0,0,0,0,0,0,0,0,0,0,0,0,0,0,0,0,0,0,0,0,0,0,0,0,0,0,0,0,0,0,0,0,0,0,0,0,0,0,0,0,0,0,0,0,0,0,0,0,0,0,0,0,0,0,"FS","O","",2022,6,2,"11/27/09",19.9346405228758,21.289679205463,21.5606869419805,19.9346405228758,0,0,72,90.3,110.1,113.3,116,116.8,119,117.5,119,121.2,122,121.3,120.2,117.3,113,106.2,101.8,93.5,83.9,74.4,62,50.7,45.3,45.4,48.3,53.6,64.2,75.2,0,0,0,0,0,0,0,0,0,0,0,0,0,0,0,0,0,0,0,0,0,0,0,0,0,0,0,0,0,0,0,0,0,0,0,0,0,0,0,0,0,0,0,0,0,0,0,0,0,0,0,0,0,0,0,0,0,0,0,0,0,0,85.5,73.7,74.1,68.5,61.6,57.4,52.4,48.7,41.2,36.1,35.6,37.6,45.5,55.9,62,75,80.4,90.4,98.7,106.4,115,122.9,128.7,131.7,130.9,126.4,124.4,124.4,0,0,0,0,0,0,0,0,0,0,0,0,0,0,0,0,0,0,0,0,0,0,0,0,0,0,0,0,0,0,0,0,0,0,0,0,0,0,0,0,0,0,0,0,0,0,0,0,0,0,0,0,0,0,0,0,0,0,0,0,2593.5,2291.1,92.625,81.825,55,115,3,3
"004","03","A","S",2,41,929,37,16,20,52,28,-54,1.5,1,0,0,90,"2212",7,40,43.8,43.2,55.1,73,69,43.3,19.3,31.9,58.7,68.9,69.9,66.5,65.2,66.4,62.5,53.4,39,36.9,61.6,88.4,94,95.9,110.1,121.2,114.1,116.4,120.6,112.2,100.8,81.8,59,35.6,16.8,18.3,28.2,29.1,36.4,49.6,41,23.1,0,0,0,0,0,0,0,0,0,0,0,0,0,0,0,0,0,0,0,0,0,0,0,0,0,0,0,0,0,0,0,0,0,0,0,0,0,0,0,0,0,0,0,0,0,0,0,0,0,0,112.4,95.5,92.3,100.3,99.8,95.9,99.9,114.9,130.5,128.4,114.6,94.9,88.9,87.7,80.3,70,53.8,62.1,83.7,90.9,86.4,64.6,49.5,46.4,29.6,34.1,45.9,49.4,58.2,63,62.9,72.6,83.2,98.7,110.9,115,113,120.9,119.1,107.2,0,0,0,0,0,0,0,0,0,0,0,0,0,0,0,0,0,0,0,0,0,0,0,0,0,0,0,0,0,0,0,0,0,0,0,0,0,0,0,0,0,0,0,0,0,0,0,0,0,0,"TT","O","",2022,1,2,"11/26/09",22.6585365853659,19.9162778590768,20.7472155500974,15.7615894039735,0,0,55.1,73,69,43.3,19.3,31.9,58.7,68.9,69.9,66.5,65.2,66.4,62.5,53.4,39,36.9,61.6,88.4,94,95.9,110.1,121.2,114.1,116.4,120.6,112.2,100.8,81.8,59,35.6,16.8,18.3,28.2,29.1,36.4,49.6,41,23.1,0,0,0,0,0,0,0,0,0,0,0,0,0,0,0,0,0,0,0,0,0,0,0,0,0,0,0,0,0,0,0,0,0,0,0,0,0,0,0,0,0,0,0,0,0,0,0,0,0,0,0,0,92.3,100.3,99.8,95.9,99.9,114.9,130.5,128.4,114.6,94.9,88.9,87.7,80.3,70,53.8,62.1,83.7,90.9,86.4,64.6,49.5,46.4,29.6,34.1,45.9,49.4,58.2,63,62.9,72.6,83.2,98.7,110.9,115,113,120.9,119.1,107.2,0,0,0,0,0,0,0,0,0,0,0,0,0,0,0,0,0,0,0,0,0,0,0,0,0,0,0,0,0,0,0,0,0,0,0,0,0,0,0,0,0,0,0,0,0,0,0,0,0,0,2433.2,3219.5,64.0315789473684,84.7236842105263,55,115,3,3
"005","03","A","E",2,4.9,102,27,3,70,22,8,51,1.5,0,0,0,90,"2212",7,4,59.9,51.1,44,34,0,0,0,0,0,0,0,0,0,0,0,0,0,0,0,0,0,0,0,0,0,0,0,0,0,0,0,0,0,0,0,0,0,0,0,0,0,0,0,0,0,0,0,0,0,0,0,0,0,0,0,0,0,0,0,0,0,0,0,0,0,0,0,0,0,0,0,0,0,0,0,0,0,0,0,0,0,0,0,0,0,0,0,0,0,0,105.1,84.7,69.1,56.9,0,0,0,0,0,0,0,0,0,0,0,0,0,0,0,0,0,0,0,0,0,0,0,0,0,0,0,0,0,0,0,0,0,0,0,0,0,0,0,0,0,0,0,0,0,0,0,0,0,0,0,0,0,0,0,0,0,0,0,0,0,0,0,0,0,0,0,0,0,0,0,0,0,0,0,0,0,0,0,0,0,0,0,0,0,0,"TT","O","",2022,2,2,"11/26/09",20.8163265306122,19.9162778590768,20.7472155500974,15.7615894039735,0,0,44,34,0,0,0,0,0,0,0,0,0,0,0,0,0,0,0,0,0,0,0,0,0,0,0,0,0,0,0,0,0,0,0,0,0,0,0,0,0,0,0,0,0,0,0,0,0,0,0,0,0,0,0,0,0,0,0,0,0,0,0,0,0,0,0,0,0,0,0,0,0,0,0,0,0,0,0,0,0,0,0,0,0,0,0,0,0,0,0,0,69.1,56.9,0,0,0,0,0,0,0,0,0,0,0,0,0,0,0,0,0,0,0,0,0,0,0,0,0,0,0,0,0,0,0,0,0,0,0,0,0,0,0,0,0,0,0,0,0,0,0,0,0,0,0,0,0,0,0,0,0,0,0,0,0,0,0,0,0,0,0,0,0,0,0,0,0,0,0,0,0,0,0,0,0,0,0,0,0,0,78,126,39,63,55,115,3,3
"006","03","A","N",2,59.6,1251,22,23,32,37,31,63,1.5,1,1,0,90,"2212",7,59,111.1,104.9,89.4,75,63.7,52.6,47.9,35.8,25.2,30,30.3,38.7,57.1,79,97.8,111.9,119.4,113.5,111.5,117.3,117.2,109.4,103.8,109.1,101.1,93.5,85,71.6,59.6,64,57.9,49,40.8,39.7,40,45.2,53.3,63.5,62.4,46.6,31.2,28.4,46.1,68.4,86.5,96.7,99.2,95.4,86.5,87.3,90.4,86.8,85.4,91.9,97.5,93.8,79,52.2,25.5,0,0,0,0,0,0,0,0,0,0,0,0,0,0,0,0,0,0,0,0,0,0,0,0,0,0,0,0,0,0,0,52.9,34.2,22.2,29.4,45.6,69.5,91.9,104.4,109.2,105.2,86.8,66.1,46.5,37.3,42.1,54.5,56.1,36,25.7,35.1,41.9,47.3,66,78.6,80.8,95.8,105.6,104.2,110.2,122.4,123.1,124.4,125.2,125.8,120.3,118.5,112.8,103.3,87.1,73.3,64.1,60.6,63.4,71.7,78.9,75.3,71,60.6,39.6,16.5,9.1,27.1,47.3,71.5,85.3,84.7,82.6,76.7,78.1,0,0,0,0,0,0,0,0,0,0,0,0,0,0,0,0,0,0,0,0,0,0,0,0,0,0,0,0,0,0,0,"TT","O","",2022,3,2,"11/26/09",20.989932885906,19.9162778590768,20.7472155500974,15.7615894039735,0,0,0,0,0,52.6,47.9,35.8,25.2,30,30.3,38.7,57.1,79,97.8,111.9,119.4,113.5,111.5,117.3,117.2,109.4,103.8,109.1,101.1,93.5,85,71.6,59.6,64,57.9,49,40.8,39.7,40,45.2,53.3,63.5,62.4,46.6,31.2,28.4,46.1,68.4,86.5,96.7,99.2,95.4,86.5,87.3,90.4,86.8,85.4,91.9,97.5,93.8,79,52.2,25.5,0,0,0,0,0,0,0,0,0,0,0,0,0,0,0,0,0,0,0,0,0,0,0,0,0,0,0,0,0,0,0,0,0,0,0,0,69.5,91.9,104.4,109.2,105.2,86.8,66.1,46.5,37.3,42.1,54.5,56.1,36,25.7,35.1,41.9,47.3,66,78.6,80.8,95.8,105.6,104.2,110.2,122.4,123.1,124.4,125.2,125.8,120.3,118.5,112.8,103.3,87.1,73.3,64.1,60.6,63.4,71.7,78.9,75.3,71,60.6,39.6,16.5,9.1,27.1,47.3,71.5,85.3,84.7,82.6,76.7,78.1,0,0,0,0,0,0,0,0,0,0,0,0,0,0,0,0,0,0,0,0,0,0,0,0,0,0,0,0,0,0,0,3908.9,4097.1,72.387037037037,75.8722222222222,115,55,6,6
"004","04","A","N",2,69.2,1405,21,28,21,45,34,54,1.5,1,0,0,90,"2212",7,69,109,98.5,78.5,62.1,59.1,60.7,64.9,68.9,72.6,77.3,80.5,76.8,74,63,41.9,31.4,39.6,51.6,57.2,46.3,27.5,19.9,33,47.6,66.1,85.3,94,113.9,111.9,108.1,110.1,116.6,114.7,106.5,93,69.9,51,47.3,59.5,66.8,61.1,53.6,42.5,39.6,33.4,31.7,42.6,57.2,69.4,87.1,104.5,111.5,102.9,102.1,108.9,118.3,123.8,120.4,116.6,108,99.2,93.4,89.9,87.6,85.1,76.8,50.5,27.1,11.7,0,0,0,0,0,0,0,0,0,0,0,0,0,0,0,0,0,0,0,0,0,53.3,32.1,25.9,49.9,69.1,83,94.6,103.4,110.3,116.8,110.7,98.6,89.4,75.7,61.3,58.4,76.1,100.1,114,111.4,99.6,79.2,59.9,50,43.9,46.7,51.7,62.1,43.8,25.8,24.4,33.7,38,39.2,37.5,43.1,64.3,88.1,112.8,122.8,120.6,123.9,124.8,124.4,119.2,110.2,109.9,115.1,101.9,88.9,77.6,71.2,48.6,28.3,23.6,31.7,37.1,34.3,35.2,40.8,50,61.7,71.3,83.9,98.1,103.8,103.4,97.1,96.4,0,0,0,0,0,0,0,0,0,0,0,0,0,0,0,0,0,0,0,0,0,"TT","O","",2022,4,2,"11/27/09",20.3034682080925,19.9162778590768,20.7472155500974,15.7615894039735,0,0,0,0,0,60.7,64.9,68.9,72.6,77.3,80.5,76.8,74,63,41.9,31.4,39.6,51.6,57.2,46.3,27.5,19.9,33,47.6,66.1,85.3,94,113.9,111.9,108.1,110.1,116.6,114.7,106.5,93,69.9,51,47.3,59.5,66.8,61.1,53.6,42.5,39.6,33.4,31.7,42.6,57.2,69.4,87.1,104.5,111.5,102.9,102.1,108.9,118.3,123.8,120.4,116.6,108,99.2,93.4,89.9,87.6,85.1,76.8,50.5,27.1,11.7,0,0,0,0,0,0,0,0,0,0,0,0,0,0,0,0,0,0,0,0,0,0,0,0,0,0,83,94.6,103.4,110.3,116.8,110.7,98.6,89.4,75.7,61.3,58.4,76.1,100.1,114,111.4,99.6,79.2,59.9,50,43.9,46.7,51.7,62.1,43.8,25.8,24.4,33.7,38,39.2,37.5,43.1,64.3,88.1,112.8,122.8,120.6,123.9,124.8,124.4,119.2,110.2,109.9,115.1,101.9,88.9,77.6,71.2,48.6,28.3,23.6,31.7,37.1,34.3,35.2,40.8,50,61.7,71.3,83.9,98.1,103.8,103.4,97.1,96.4,0,0,0,0,0,0,0,0,0,0,0,0,0,0,0,0,0,0,0,0,0,4705.9,4903.4,73.5296875,76.615625,115,55,6,6
"005","04","A","W",2,90.1,1709,39,16,29,28,43,30,1.5,0,0,0,90,"2212",7,90,112.2,99.9,68.2,53,66.2,68.4,68.5,54.4,30.3,15.4,23.6,40.9,42.3,40,37.7,37,30.8,35.3,55.4,74.2,77.7,78,77.3,71.6,62.9,53.7,56.6,66.7,77.2,87.3,97.5,96.8,85.1,78.7,60.8,40.7,25.5,23.1,25.6,22.4,26.3,39.5,45.6,45.7,35.3,28,29.5,39.8,40,30,27,40,56.9,65.3,70.7,85.1,104.1,116.1,116.4,120.9,121.3,122.7,122.2,120.9,119.3,115.7,110.9,106.6,99.4,92.4,83.5,78.1,64.8,48.8,35.1,30.3,38.4,41.1,31.6,30.3,42.6,54.5,59.5,52.6,46.3,40.5,40.4,41.8,47,50.5,57.5,56.2,46.3,35.9,20.5,18.5,21.8,38.6,62.5,85.4,103,97.9,78.1,58.7,49.8,54.6,69.5,95.5,114.4,123.5,114,100.7,95.3,85.6,72.2,52,32.2,24.8,37.4,57.5,78.7,83.7,90.7,102,106.8,107.5,106.4,108.2,100.7,85.6,68.7,48.8,41.6,45,62.7,86.2,104.9,122.7,126.3,113.6,98.1,90.9,93.7,83.8,71.1,62.5,61.4,63.3,53.1,45.8,39.5,36.4,38.6,44,48.9,59,67.5,72,82,92,99.4,101.9,99.5,100.3,106.7,114.5,124.9,127.5,115.1,102.6,104.7,116.6,124.7,124.6,127.6,126.8,126.5,124.4,121.9,111.5,"TT","O","",2022,5,2,"11/27/09",18.9678135405105,19.9162778590768,20.7472155500974,15.7615894039735,0,0,0,0,0,68.4,68.5,54.4,30.3,15.4,23.6,40.9,42.3,40,37.7,37,30.8,35.3,55.4,74.2,77.7,78,77.3,71.6,62.9,53.7,56.6,66.7,77.2,87.3,97.5,96.8,85.1,78.7,60.8,40.7,25.5,23.1,25.6,22.4,26.3,39.5,45.6,45.7,35.3,28,29.5,39.8,40,30,27,40,56.9,65.3,70.7,85.1,104.1,116.1,116.4,120.9,121.3,122.7,122.2,120.9,119.3,115.7,110.9,106.6,99.4,92.4,83.5,78.1,64.8,48.8,35.1,30.3,38.4,41.1,31.6,30.3,42.6,54.5,59.5,52.6,46.3,40.5,40.4,41.8,47,50.5,0,0,0,0,0,18.5,21.8,38.6,62.5,85.4,103,97.9,78.1,58.7,49.8,54.6,69.5,95.5,114.4,123.5,114,100.7,95.3,85.6,72.2,52,32.2,24.8,37.4,57.5,78.7,83.7,90.7,102,106.8,107.5,106.4,108.2,100.7,85.6,68.7,48.8,41.6,45,62.7,86.2,104.9,122.7,126.3,113.6,98.1,90.9,93.7,83.8,71.1,62.5,61.4,63.3,53.1,45.8,39.5,36.4,38.6,44,48.9,59,67.5,72,82,92,99.4,101.9,99.5,100.3,106.7,114.5,124.9,127.5,115.1,102.6,104.7,116.6,124.7,124.6,127.6,126.8,126.5,124.4,121.9,111.5,5170.7,7139.6,60.8317647058824,83.995294117647,115,55,6,6
"006","04","A","E",2,30.2,476,26,14,32,41,27,29,1.5,0,0,0,90,"2212",7,30,65.7,62.4,49.4,33.1,18.3,19.1,32.4,47.1,58.8,70.4,70.4,71.3,81,83.1,79.4,73.5,55.8,44.8,40.4,37.2,40.1,48.3,54.9,59.3,62.8,65.7,69,63.7,56.9,42.5,0,0,0,0,0,0,0,0,0,0,0,0,0,0,0,0,0,0,0,0,0,0,0,0,0,0,0,0,0,0,0,0,0,0,0,0,0,0,0,0,0,0,0,0,0,0,0,0,0,0,0,0,0,0,0,0,0,0,0,0,113.8,109.6,101.1,96.7,99,102.8,105.9,110.3,111.9,100,80.5,59,41.4,27.8,19.4,18.7,31.5,46,53,71.7,82.5,92.4,97.8,100.3,102.9,107.9,115.2,119.9,123.3,118.4,0,0,0,0,0,0,0,0,0,0,0,0,0,0,0,0,0,0,0,0,0,0,0,0,0,0,0,0,0,0,0,0,0,0,0,0,0,0,0,0,0,0,0,0,0,0,0,0,0,0,0,0,0,0,0,0,0,0,0,0,"FS","O","",2022,6,2,"11/27/09",15.7615894039735,19.9162778590768,20.7472155500974,15.7615894039735,0,0,49.4,33.1,18.3,19.1,32.4,47.1,58.8,70.4,70.4,71.3,81,83.1,79.4,73.5,55.8,44.8,40.4,37.2,40.1,48.3,54.9,59.3,62.8,65.7,69,63.7,56.9,42.5,0,0,0,0,0,0,0,0,0,0,0,0,0,0,0,0,0,0,0,0,0,0,0,0,0,0,0,0,0,0,0,0,0,0,0,0,0,0,0,0,0,0,0,0,0,0,0,0,0,0,0,0,0,0,0,0,0,0,0,0,0,0,101.1,96.7,99,102.8,105.9,110.3,111.9,100,80.5,59,41.4,27.8,19.4,18.7,31.5,46,53,71.7,82.5,92.4,97.8,100.3,102.9,107.9,115.2,119.9,123.3,118.4,0,0,0,0,0,0,0,0,0,0,0,0,0,0,0,0,0,0,0,0,0,0,0,0,0,0,0,0,0,0,0,0,0,0,0,0,0,0,0,0,0,0,0,0,0,0,0,0,0,0,0,0,0,0,0,0,0,0,0,0,1528.7,2337.3,54.5964285714286,83.475,55,115,3,3
"010","03","A","S",2,7.1,160,27,5,74,15,11,-54,1.5,1,0,0,90,"2212",9,7,56.2,47.5,51.8,53.2,54.7,33.3,13.9,0,0,0,0,0,0,0,0,0,0,0,0,0,0,0,0,0,0,0,0,0,0,0,0,0,0,0,0,0,0,0,0,0,0,0,0,0,0,0,0,0,0,0,0,0,0,0,0,0,0,0,0,0,0,0,0,0,0,0,0,0,0,0,0,0,0,0,0,0,0,0,0,0,0,0,0,0,0,0,0,0,0,0,110.1,91.3,60.3,38.9,34.9,54.9,73.3,0,0,0,0,0,0,0,0,0,0,0,0,0,0,0,0,0,0,0,0,0,0,0,0,0,0,0,0,0,0,0,0,0,0,0,0,0,0,0,0,0,0,0,0,0,0,0,0,0,0,0,0,0,0,0,0,0,0,0,0,0,0,0,0,0,0,0,0,0,0,0,0,0,0,0,0,0,0,0,0,0,0,0,"TT","O","",2022,1,2,"11/26/09",22.5352112676056,21.8134010839135,21.3906027528414,23.9273927392739,0,0,51.8,53.2,54.7,33.3,13.9,0,0,0,0,0,0,0,0,0,0,0,0,0,0,0,0,0,0,0,0,0,0,0,0,0,0,0,0,0,0,0,0,0,0,0,0,0,0,0,0,0,0,0,0,0,0,0,0,0,0,0,0,0,0,0,0,0,0,0,0,0,0,0,0,0,0,0,0,0,0,0,0,0,0,0,0,0,0,0,0,0,0,0,0,0,60.3,38.9,34.9,54.9,73.3,0,0,0,0,0,0,0,0,0,0,0,0,0,0,0,0,0,0,0,0,0,0,0,0,0,0,0,0,0,0,0,0,0,0,0,0,0,0,0,0,0,0,0,0,0,0,0,0,0,0,0,0,0,0,0,0,0,0,0,0,0,0,0,0,0,0,0,0,0,0,0,0,0,0,0,0,0,0,0,0,0,0,0,206.9,262.3,41.38,52.46,55,115,3,3
"011","03","A","E",2,2.7,51,76,5,0,46,54,-4,1.5,0,0,0,90,"2212",9,2,61.8,47.1,0,0,0,0,0,0,0,0,0,0,0,0,0,0,0,0,0,0,0,0,0,0,0,0,0,0,0,0,0,0,0,0,0,0,0,0,0,0,0,0,0,0,0,0,0,0,0,0,0,0,0,0,0,0,0,0,0,0,0,0,0,0,0,0,0,0,0,0,0,0,0,0,0,0,0,0,0,0,0,0,0,0,0,0,0,0,0,0,120.9,111.7,0,0,0,0,0,0,0,0,0,0,0,0,0,0,0,0,0,0,0,0,0,0,0,0,0,0,0,0,0,0,0,0,0,0,0,0,0,0,0,0,0,0,0,0,0,0,0,0,0,0,0,0,0,0,0,0,0,0,0,0,0,0,0,0,0,0,0,0,0,0,0,0,0,0,0,0,0,0,0,0,0,0,0,0,0,0,0,0,"TT","O","",2022,2,2,"11/26/09",18.8888888888889,21.8134010839135,21.3906027528414,23.9273927392739,0,0,0,0,0,0,0,0,0,0,0,0,0,0,0,0,0,0,0,0,0,0,0,0,0,0,0,0,0,0,0,0,0,0,0,0,0,0,0,0,0,0,0,0,0,0,0,0,0,0,0,0,0,0,0,0,0,0,0,0,0,0,0,0,0,0,0,0,0,0,0,0,0,0,0,0,0,0,0,0,0,0,0,0,0,0,0,0,0,0,0,0,0,0,0,0,0,0,0,0,0,0,0,0,0,0,0,0,0,0,0,0,0,0,0,0,0,0,0,0,0,0,0,0,0,0,0,0,0,0,0,0,0,0,0,0,0,0,0,0,0,0,0,0,0,0,0,0,0,0,0,0,0,0,0,0,0,0,0,0,0,0,0,0,0,0,0,0,0,0,0,0,0,0,0,0,0,0,0,0,0,0,0,0,55,115,3,3
"012","03","A","N",2,12.5,298,37,3,41,54,5,-41,1.5,1,0,0,90,"2212",9,12,107.9,98.4,76.7,57.1,38.9,19,21.2,23.9,43.9,51.2,45.5,32.4,0,0,0,0,0,0,0,0,0,0,0,0,0,0,0,0,0,0,0,0,0,0,0,0,0,0,0,0,0,0,0,0,0,0,0,0,0,0,0,0,0,0,0,0,0,0,0,0,0,0,0,0,0,0,0,0,0,0,0,0,0,0,0,0,0,0,0,0,0,0,0,0,0,0,0,0,0,0,66.2,66.4,72.1,89.3,98.1,97.6,106.1,92.7,76.1,57.2,55.5,66.8,0,0,0,0,0,0,0,0,0,0,0,0,0,0,0,0,0,0,0,0,0,0,0,0,0,0,0,0,0,0,0,0,0,0,0,0,0,0,0,0,0,0,0,0,0,0,0,0,0,0,0,0,0,0,0,0,0,0,0,0,0,0,0,0,0,0,0,0,0,0,0,0,0,0,0,0,0,0,"TT","O","",2022,3,2,"11/26/09",23.84,21.8134010839135,21.3906027528414,23.9273927392739,0,0,0,0,38.9,19,21.2,23.9,43.9,51.2,45.5,32.4,0,0,0,0,0,0,0,0,0,0,0,0,0,0,0,0,0,0,0,0,0,0,0,0,0,0,0,0,0,0,0,0,0,0,0,0,0,0,0,0,0,0,0,0,0,0,0,0,0,0,0,0,0,0,0,0,0,0,0,0,0,0,0,0,0,0,0,0,0,0,0,0,0,0,0,0,0,0,0,0,0,0,98.1,97.6,106.1,92.7,76.1,57.2,55.5,66.8,0,0,0,0,0,0,0,0,0,0,0,0,0,0,0,0,0,0,0,0,0,0,0,0,0,0,0,0,0,0,0,0,0,0,0,0,0,0,0,0,0,0,0,0,0,0,0,0,0,0,0,0,0,0,0,0,0,0,0,0,0,0,0,0,0,0,0,0,0,0,0,0,0,0,0,0,0,0,276,650.1,34.5,81.2625,115,55,5,5
"010","04","A","N",2,18.6,397,17,16,73,26,1,-43,1.5,2,0,0,90,"2212",9,18,108.8,103.2,98.6,90.2,82.9,78,60.7,26.4,9.8,32.2,45.5,71,80.1,73.5,68.5,68.2,52.7,25.4,0,0,0,0,0,0,0,0,0,0,0,0,0,0,0,0,0,0,0,0,0,0,0,0,0,0,0,0,0,0,0,0,0,0,0,0,0,0,0,0,0,0,0,0,0,0,0,0,0,0,0,0,0,0,0,0,0,0,0,0,0,0,0,0,0,0,0,0,0,0,0,0,59.4,58.4,61.7,62.5,63.3,55.5,53.3,68.7,84.5,83,63.2,42.1,25.6,17.5,30.3,40.3,59.4,72.5,0,0,0,0,0,0,0,0,0,0,0,0,0,0,0,0,0,0,0,0,0,0,0,0,0,0,0,0,0,0,0,0,0,0,0,0,0,0,0,0,0,0,0,0,0,0,0,0,0,0,0,0,0,0,0,0,0,0,0,0,0,0,0,0,0,0,0,0,0,0,0,0,"TT","O","",2022,4,2,"11/27/09",21.3440860215054,21.8134010839135,21.3906027528414,23.9273927392739,0,0,0,0,82.9,78,60.7,26.4,9.8,32.2,45.5,71,80.1,73.5,68.5,68.2,52.7,25.4,0,0,0,0,0,0,0,0,0,0,0,0,0,0,0,0,0,0,0,0,0,0,0,0,0,0,0,0,0,0,0,0,0,0,0,0,0,0,0,0,0,0,0,0,0,0,0,0,0,0,0,0,0,0,0,0,0,0,0,0,0,0,0,0,0,0,0,0,0,0,0,0,0,0,0,0,63.3,55.5,53.3,68.7,84.5,83,63.2,42.1,25.6,17.5,30.3,40.3,59.4,72.5,0,0,0,0,0,0,0,0,0,0,0,0,0,0,0,0,0,0,0,0,0,0,0,0,0,0,0,0,0,0,0,0,0,0,0,0,0,0,0,0,0,0,0,0,0,0,0,0,0,0,0,0,0,0,0,0,0,0,0,0,0,0,0,0,0,0,0,0,0,0,0,0,774.9,759.2,55.35,54.2285714285714,115,55,5,5
"011","04","A","W",2,8.7,177,33,4,77,22,1,-4,1.5,2,0,0,90,"2212",9,8,106.7,97.8,65.5,45,42.2,35.5,16.6,7.9,0,0,0,0,0,0,0,0,0,0,0,0,0,0,0,0,0,0,0,0,0,0,0,0,0,0,0,0,0,0,0,0,0,0,0,0,0,0,0,0,0,0,0,0,0,0,0,0,0,0,0,0,0,0,0,0,0,0,0,0,0,0,0,0,0,0,0,0,0,0,0,0,0,0,0,0,0,0,0,0,0,0,53.7,49.6,36.9,44.3,59.1,75,87,92,0,0,0,0,0,0,0,0,0,0,0,0,0,0,0,0,0,0,0,0,0,0,0,0,0,0,0,0,0,0,0,0,0,0,0,0,0,0,0,0,0,0,0,0,0,0,0,0,0,0,0,0,0,0,0,0,0,0,0,0,0,0,0,0,0,0,0,0,0,0,0,0,0,0,0,0,0,0,0,0,0,0,"TT","O","",2022,5,2,"11/27/09",20.3448275862069,21.8134010839135,21.3906027528414,23.9273927392739,0,0,0,0,42.2,35.5,16.6,7.9,0,0,0,0,0,0,0,0,0,0,0,0,0,0,0,0,0,0,0,0,0,0,0,0,0,0,0,0,0,0,0,0,0,0,0,0,0,0,0,0,0,0,0,0,0,0,0,0,0,0,0,0,0,0,0,0,0,0,0,0,0,0,0,0,0,0,0,0,0,0,0,0,0,0,0,0,0,0,0,0,0,0,0,0,0,0,59.1,75,87,92,0,0,0,0,0,0,0,0,0,0,0,0,0,0,0,0,0,0,0,0,0,0,0,0,0,0,0,0,0,0,0,0,0,0,0,0,0,0,0,0,0,0,0,0,0,0,0,0,0,0,0,0,0,0,0,0,0,0,0,0,0,0,0,0,0,0,0,0,0,0,0,0,0,0,0,0,0,0,0,0,0,0,102.2,313.1,25.55,78.275,115,55,5,5
"012","04","A","E",2,30.3,725,22,18,9,55,36,-15,1.5,0,0,0,90,"2212",9,30,62.5,49.5,22.4,22.3,51,74.4,84.8,100.3,108.2,112.9,107.2,98.4,89.5,78.7,64.7,42.3,31.4,31.1,42.8,59.5,72.8,83.9,88.5,89.4,94.4,104.2,112.8,113.8,110.6,101.6,0,0,0,0,0,0,0,0,0,0,0,0,0,0,0,0,0,0,0,0,0,0,0,0,0,0,0,0,0,0,0,0,0,0,0,0,0,0,0,0,0,0,0,0,0,0,0,0,0,0,0,0,0,0,0,0,0,0,0,0,119.8,113.7,101.7,90.1,81,72.1,54.8,43.8,47.2,60.4,69.4,82.7,94.6,101.4,101.4,105.9,114,114.9,111.7,105.5,92.3,75.5,60.4,43,19.2,18.9,38.6,52.5,58.1,67.9,0,0,0,0,0,0,0,0,0,0,0,0,0,0,0,0,0,0,0,0,0,0,0,0,0,0,0,0,0,0,0,0,0,0,0,0,0,0,0,0,0,0,0,0,0,0,0,0,0,0,0,0,0,0,0,0,0,0,0,0,"FS","O","",2022,6,2,"11/27/09",23.9273927392739,21.8134010839135,21.3906027528414,23.9273927392739,0,49.5,22.4,22.3,51,74.4,84.8,100.3,108.2,112.9,107.2,98.4,89.5,78.7,64.7,42.3,31.4,31.1,42.8,59.5,72.8,83.9,88.5,89.4,94.4,104.2,112.8,113.8,110.6,101.6,0,0,0,0,0,0,0,0,0,0,0,0,0,0,0,0,0,0,0,0,0,0,0,0,0,0,0,0,0,0,0,0,0,0,0,0,0,0,0,0,0,0,0,0,0,0,0,0,0,0,0,0,0,0,0,0,0,0,0,0,0,113.7,101.7,90.1,81,72.1,54.8,43.8,47.2,60.4,69.4,82.7,94.6,101.4,101.4,105.9,114,114.9,111.7,105.5,92.3,75.5,60.4,43,19.2,18.9,38.6,52.5,58.1,67.9,0,0,0,0,0,0,0,0,0,0,0,0,0,0,0,0,0,0,0,0,0,0,0,0,0,0,0,0,0,0,0,0,0,0,0,0,0,0,0,0,0,0,0,0,0,0,0,0,0,0,0,0,0,0,0,0,0,0,0,0,2243.4,2192.7,77.3586206896552,75.6103448275862,55,115,2,2
"013","03","A","S",2,14.6,283,15,4,53,28,19,-51,1.5,1,0,0,90,"2212",10,14,55.2,45.8,38.9,35.8,45.7,57.2,77.5,101,108.7,108.7,95.8,72.9,47.2,17,0,0,0,0,0,0,0,0,0,0,0,0,0,0,0,0,0,0,0,0,0,0,0,0,0,0,0,0,0,0,0,0,0,0,0,0,0,0,0,0,0,0,0,0,0,0,0,0,0,0,0,0,0,0,0,0,0,0,0,0,0,0,0,0,0,0,0,0,0,0,0,0,0,0,0,0,113,94.5,78.7,66.6,57,50,46.3,53.3,59.2,61.1,60.2,60.3,66.3,82.5,0,0,0,0,0,0,0,0,0,0,0,0,0,0,0,0,0,0,0,0,0,0,0,0,0,0,0,0,0,0,0,0,0,0,0,0,0,0,0,0,0,0,0,0,0,0,0,0,0,0,0,0,0,0,0,0,0,0,0,0,0,0,0,0,0,0,0,0,0,0,0,0,0,0,0,0,"TT","O","",2022,1,2,"11/26/09",19.3835616438356,18.2070778966971,18.340296754725,17.5409836065574,0,0,38.9,35.8,45.7,57.2,77.5,101,108.7,108.7,95.8,72.9,47.2,17,0,0,0,0,0,0,0,0,0,0,0,0,0,0,0,0,0,0,0,0,0,0,0,0,0,0,0,0,0,0,0,0,0,0,0,0,0,0,0,0,0,0,0,0,0,0,0,0,0,0,0,0,0,0,0,0,0,0,0,0,0,0,0,0,0,0,0,0,0,0,0,0,0,0,0,0,0,0,78.7,66.6,57,50,46.3,53.3,59.2,61.1,60.2,60.3,66.3,82.5,0,0,0,0,0,0,0,0,0,0,0,0,0,0,0,0,0,0,0,0,0,0,0,0,0,0,0,0,0,0,0,0,0,0,0,0,0,0,0,0,0,0,0,0,0,0,0,0,0,0,0,0,0,0,0,0,0,0,0,0,0,0,0,0,0,0,0,0,0,0,0,0,0,0,0,0,806.4,741.5,67.2,61.7916666666667,55,115,3,3
"014","03","A","E",2,21.8,410,26,4,54,35,11,10,1.5,2,0,0,90,"2212",10,21,60.5,56.9,43.7,21.8,13.1,38,61,70.8,55.1,45.4,49.1,54.7,65.4,68.5,63.4,43,32.6,40.9,39.7,43.6,38.1,0,0,0,0,0,0,0,0,0,0,0,0,0,0,0,0,0,0,0,0,0,0,0,0,0,0,0,0,0,0,0,0,0,0,0,0,0,0,0,0,0,0,0,0,0,0,0,0,0,0,0,0,0,0,0,0,0,0,0,0,0,0,0,0,0,0,0,0,0,112.8,111.5,102,85.6,79.4,83.7,92.5,101.1,104.3,98.4,89.9,77.6,68.3,67.3,67.5,63.6,57.2,47.1,47.8,46.3,57.9,0,0,0,0,0,0,0,0,0,0,0,0,0,0,0,0,0,0,0,0,0,0,0,0,0,0,0,0,0,0,0,0,0,0,0,0,0,0,0,0,0,0,0,0,0,0,0,0,0,0,0,0,0,0,0,0,0,0,0,0,0,0,0,0,0,0,0,0,0,"TT","O","",2022,2,2,"11/26/09",18.8073394495413,18.2070778966971,18.340296754725,17.5409836065574,0,0,43.7,21.8,13.1,38,61,70.8,55.1,45.4,49.1,54.7,65.4,68.5,63.4,43,32.6,40.9,39.7,43.6,38.1,0,0,0,0,0,0,0,0,0,0,0,0,0,0,0,0,0,0,0,0,0,0,0,0,0,0,0,0,0,0,0,0,0,0,0,0,0,0,0,0,0,0,0,0,0,0,0,0,0,0,0,0,0,0,0,0,0,0,0,0,0,0,0,0,0,0,0,0,0,0,0,102,85.6,79.4,83.7,92.5,101.1,104.3,98.4,89.9,77.6,68.3,67.3,67.5,63.6,57.2,47.1,47.8,46.3,57.9,0,0,0,0,0,0,0,0,0,0,0,0,0,0,0,0,0,0,0,0,0,0,0,0,0,0,0,0,0,0,0,0,0,0,0,0,0,0,0,0,0,0,0,0,0,0,0,0,0,0,0,0,0,0,0,0,0,0,0,0,0,0,0,0,0,0,0,0,0,887.9,1437.5,46.7315789473684,75.6578947368421,55,115,3,3
"015","03","A","N",2,11.3,233,25,8,21,62,17,-8,1.5,1,0,0,90,"2212",10,11,106.4,101.7,90.6,76,63.1,54.1,57.4,58,56.2,44.3,21.5,0,0,0,0,0,0,0,0,0,0,0,0,0,0,0,0,0,0,0,0,0,0,0,0,0,0,0,0,0,0,0,0,0,0,0,0,0,0,0,0,0,0,0,0,0,0,0,0,0,0,0,0,0,0,0,0,0,0,0,0,0,0,0,0,0,0,0,0,0,0,0,0,0,0,0,0,0,0,0,58.1,53.2,53.7,64,81.7,101.6,121.3,115.3,110.9,98.2,86.5,0,0,0,0,0,0,0,0,0,0,0,0,0,0,0,0,0,0,0,0,0,0,0,0,0,0,0,0,0,0,0,0,0,0,0,0,0,0,0,0,0,0,0,0,0,0,0,0,0,0,0,0,0,0,0,0,0,0,0,0,0,0,0,0,0,0,0,0,0,0,0,0,0,0,0,0,0,0,0,"TT","O","",2022,3,2,"11/26/09",20.6194690265487,18.2070778966971,18.340296754725,17.5409836065574,0,0,0,0,0,54.1,57.4,58,56.2,44.3,21.5,0,0,0,0,0,0,0,0,0,0,0,0,0,0,0,0,0,0,0,0,0,0,0,0,0,0,0,0,0,0,0,0,0,0,0,0,0,0,0,0,0,0,0,0,0,0,0,0,0,0,0,0,0,0,0,0,0,0,0,0,0,0,0,0,0,0,0,0,0,0,0,0,0,0,0,0,0,0,0,0,0,0,0,0,101.6,121.3,115.3,110.9,98.2,86.5,0,0,0,0,0,0,0,0,0,0,0,0,0,0,0,0,0,0,0,0,0,0,0,0,0,0,0,0,0,0,0,0,0,0,0,0,0,0,0,0,0,0,0,0,0,0,0,0,0,0,0,0,0,0,0,0,0,0,0,0,0,0,0,0,0,0,0,0,0,0,0,0,0,0,0,0,0,0,0,291.5,633.8,48.5833333333333,105.633333333333,115,55,6,6
"013","04","A","N",2,28.5,434,28,20,52,47,1,24,1.5,2,0,0,90,"2212",10,28,110.1,103.7,95.3,84.4,73.8,67.3,60.1,50.2,45.8,49.2,45.6,37.1,37.5,29.4,35.5,37.7,39.4,50.3,65.5,75.1,79.7,82.8,74.8,57.5,40.5,25.4,14.7,13.6,0,0,0,0,0,0,0,0,0,0,0,0,0,0,0,0,0,0,0,0,0,0,0,0,0,0,0,0,0,0,0,0,0,0,0,0,0,0,0,0,0,0,0,0,0,0,0,0,0,0,0,0,0,0,0,0,0,0,0,0,0,0,59.5,53.7,44.2,38.9,36.3,33.1,35.1,40.6,41.9,48.2,61.6,78.1,92.6,101.6,98.9,97.1,90.1,76.3,63.9,58.7,55.6,62.1,70.5,79.9,83.7,89.4,97.9,100,0,0,0,0,0,0,0,0,0,0,0,0,0,0,0,0,0,0,0,0,0,0,0,0,0,0,0,0,0,0,0,0,0,0,0,0,0,0,0,0,0,0,0,0,0,0,0,0,0,0,0,0,0,0,0,0,0,0,0,0,0,0,"TT","O","",2022,4,2,"11/27/09",15.2280701754386,18.2070778966971,18.340296754725,17.5409836065574,0,0,0,0,0,67.3,60.1,50.2,45.8,49.2,45.6,37.1,37.5,29.4,35.5,37.7,39.4,50.3,65.5,75.1,79.7,82.8,74.8,57.5,40.5,25.4,14.7,13.6,0,0,0,0,0,0,0,0,0,0,0,0,0,0,0,0,0,0,0,0,0,0,0,0,0,0,0,0,0,0,0,0,0,0,0,0,0,0,0,0,0,0,0,0,0,0,0,0,0,0,0,0,0,0,0,0,0,0,0,0,0,0,0,0,0,0,0,33.1,35.1,40.6,41.9,48.2,61.6,78.1,92.6,101.6,98.9,97.1,90.1,76.3,63.9,58.7,55.6,62.1,70.5,79.9,83.7,89.4,97.9,100,0,0,0,0,0,0,0,0,0,0,0,0,0,0,0,0,0,0,0,0,0,0,0,0,0,0,0,0,0,0,0,0,0,0,0,0,0,0,0,0,0,0,0,0,0,0,0,0,0,0,0,0,0,0,0,0,0,0,0,0,0,0,1114.7,1656.9,48.4652173913044,72.0391304347826,115,55,6,6
"014","04","A","W",2,18.4,325,39,1,86,13,1,10,1.5,3,0,0,90,"2212",10,18,100.7,97.5,85,69.5,45.5,24.4,9.5,17.9,21.6,29,37.2,27.4,39.4,43,44.5,35.8,39.6,17.2,0,0,0,0,0,0,0,0,0,0,0,0,0,0,0,0,0,0,0,0,0,0,0,0,0,0,0,0,0,0,0,0,0,0,0,0,0,0,0,0,0,0,0,0,0,0,0,0,0,0,0,0,0,0,0,0,0,0,0,0,0,0,0,0,0,0,0,0,0,0,0,0,45.8,44.7,42.7,48.4,59.8,71.7,78.1,69.3,65.5,60.9,65.1,70.2,63.6,64.7,63.5,66.1,65.5,77.5,0,0,0,0,0,0,0,0,0,0,0,0,0,0,0,0,0,0,0,0,0,0,0,0,0,0,0,0,0,0,0,0,0,0,0,0,0,0,0,0,0,0,0,0,0,0,0,0,0,0,0,0,0,0,0,0,0,0,0,0,0,0,0,0,0,0,0,0,0,0,0,0,"TT","O","",2022,5,2,"11/27/09",17.6630434782609,18.2070778966971,18.340296754725,17.5409836065574,0,0,0,0,0,24.4,9.5,17.9,21.6,29,37.2,27.4,39.4,43,44.5,35.8,39.6,17.2,0,0,0,0,0,0,0,0,0,0,0,0,0,0,0,0,0,0,0,0,0,0,0,0,0,0,0,0,0,0,0,0,0,0,0,0,0,0,0,0,0,0,0,0,0,0,0,0,0,0,0,0,0,0,0,0,0,0,0,0,0,0,0,0,0,0,0,0,0,0,0,0,0,0,0,0,0,71.7,78.1,69.3,65.5,60.9,65.1,70.2,63.6,64.7,63.5,66.1,65.5,77.5,0,0,0,0,0,0,0,0,0,0,0,0,0,0,0,0,0,0,0,0,0,0,0,0,0,0,0,0,0,0,0,0,0,0,0,0,0,0,0,0,0,0,0,0,0,0,0,0,0,0,0,0,0,0,0,0,0,0,0,0,0,0,0,0,0,0,0,0,0,0,0,0,386.5,881.7,29.7307692307692,67.8230769230769,115,55,6,6
"015","04","A","E",2,30.5,535,59,2,45,50,5,33,1.5,1,0,0,90,"2212",10,30,65.4,60.6,57.2,42.6,30.9,34.7,49.2,64.3,58.8,49.7,47.1,34.3,25.5,23.1,22,28,26.7,24,27.8,35.7,26.8,19.5,17.6,8.5,3.3,6.1,18.6,33.8,44.4,54.6,0,0,0,0,0,0,0,0,0,0,0,0,0,0,0,0,0,0,0,0,0,0,0,0,0,0,0,0,0,0,0,0,0,0,0,0,0,0,0,0,0,0,0,0,0,0,0,0,0,0,0,0,0,0,0,0,0,0,0,0,115.2,107.9,105.5,88.9,69.5,52.8,47.3,52.5,64,77.6,92.9,104.1,106.7,109.5,108.6,114.5,111,96.4,91.9,91.6,97.6,103.5,104.3,94.9,88.8,81.3,69.1,56.1,48.8,55.7,0,0,0,0,0,0,0,0,0,0,0,0,0,0,0,0,0,0,0,0,0,0,0,0,0,0,0,0,0,0,0,0,0,0,0,0,0,0,0,0,0,0,0,0,0,0,0,0,0,0,0,0,0,0,0,0,0,0,0,0,"FS","O","",2022,6,2,"11/27/09",17.5409836065574,18.2070778966971,18.340296754725,17.5409836065574,0,0,57.2,42.6,30.9,34.7,49.2,64.3,58.8,49.7,47.1,34.3,25.5,23.1,22,28,26.7,24,27.8,35.7,26.8,19.5,17.6,8.5,3.3,6.1,18.6,33.8,44.4,54.6,0,0,0,0,0,0,0,0,0,0,0,0,0,0,0,0,0,0,0,0,0,0,0,0,0,0,0,0,0,0,0,0,0,0,0,0,0,0,0,0,0,0,0,0,0,0,0,0,0,0,0,0,0,0,0,0,0,0,0,0,0,0,105.5,88.9,69.5,52.8,47.3,52.5,64,77.6,92.9,104.1,106.7,109.5,108.6,114.5,111,96.4,91.9,91.6,97.6,103.5,104.3,94.9,88.8,81.3,69.1,56.1,48.8,55.7,0,0,0,0,0,0,0,0,0,0,0,0,0,0,0,0,0,0,0,0,0,0,0,0,0,0,0,0,0,0,0,0,0,0,0,0,0,0,0,0,0,0,0,0,0,0,0,0,0,0,0,0,0,0,0,0,0,0,0,0,914.8,2385.4,32.6714285714286,85.1928571428572,55,115,3,3
"019","03","A","S",2,55.8,1230,35,15,9,43,48,-14,1.5,0,0,0,90,"2212",13,55,51.8,37.2,36.3,43.3,37.9,40.1,48.5,45.6,67.7,90,83.3,82.8,91.4,103.1,119.7,119.3,115.4,108.6,102,101,96.8,84.5,60.2,38.6,32.2,37.7,54.6,73.9,72,67.9,65.5,51.5,32.8,29.1,52.5,72.4,80.3,89,87.7,97.5,100,99.6,114.4,112.9,103.4,85.3,66.7,58.3,46.1,37.9,40.1,40.4,42.3,41.4,27.1,0,0,0,0,0,0,0,0,0,0,0,0,0,0,0,0,0,0,0,0,0,0,0,0,0,0,0,0,0,0,0,0,0,0,0,108.7,99.6,106.1,120.7,121.9,125.5,128.6,110.5,101.9,109.4,96.7,75.2,48.3,29.3,33.6,33.6,34.8,44.4,67.8,78.6,79.4,82.9,91.8,107.2,117.8,117.4,116.3,122.9,114.1,97,88.8,73.4,60.5,69.2,91.8,104.7,98.1,96.2,88.3,83.6,80.2,61.9,59.2,49.3,39.7,36.3,55.9,80.5,104.1,114.2,122.2,124.5,128.9,127.5,113.1,0,0,0,0,0,0,0,0,0,0,0,0,0,0,0,0,0,0,0,0,0,0,0,0,0,0,0,0,0,0,0,0,0,0,0,"TT","O","",2022,1,2,"11/26/09",22.0430107526882,21.6219186423172,22.0118761412724,19.672131147541,0,37.2,36.3,43.3,37.9,40.1,48.5,45.6,67.7,90,83.3,82.8,91.4,103.1,119.7,119.3,115.4,108.6,102,101,96.8,84.5,60.2,38.6,32.2,37.7,54.6,73.9,72,67.9,65.5,51.5,32.8,29.1,52.5,72.4,80.3,89,87.7,97.5,100,99.6,114.4,112.9,103.4,85.3,66.7,58.3,46.1,37.9,40.1,40.4,42.3,41.4,27.1,0,0,0,0,0,0,0,0,0,0,0,0,0,0,0,0,0,0,0,0,0,0,0,0,0,0,0,0,0,0,0,0,0,0,0,0,99.6,106.1,120.7,121.9,125.5,128.6,110.5,101.9,109.4,96.7,75.2,48.3,29.3,33.6,33.6,34.8,44.4,67.8,78.6,79.4,82.9,91.8,107.2,117.8,117.4,116.3,122.9,114.1,97,88.8,73.4,60.5,69.2,91.8,104.7,98.1,96.2,88.3,83.6,80.2,61.9,59.2,49.3,39.7,36.3,55.9,80.5,104.1,114.2,122.2,124.5,128.9,127.5,113.1,0,0,0,0,0,0,0,0,0,0,0,0,0,0,0,0,0,0,0,0,0,0,0,0,0,0,0,0,0,0,0,0,0,0,0,3765.8,4765.4,69.7370370370371,88.2481481481481,55,115,2,2
"020","03","A","E",2,43.2,910,40,11,46,26,28,31,1.5,2,0,0,90,"2212",13,43,62.5,54.7,44.5,37.6,16.9,31.7,59.8,78.1,79.5,70.3,56.1,54.4,57.8,49.6,33.2,21.3,42.2,49.7,52.9,45.4,41.6,42.7,33.9,31.1,43.3,52.7,54.1,60.7,64.6,74.9,69.3,57.4,32.7,12.7,31.3,50.5,74.3,91.2,94.5,85.9,66.5,41.6,14.7,0,0,0,0,0,0,0,0,0,0,0,0,0,0,0,0,0,0,0,0,0,0,0,0,0,0,0,0,0,0,0,0,0,0,0,0,0,0,0,0,0,0,0,0,0,0,0,114.8,106.2,84.3,79.1,74.6,78.2,91.4,99.2,91.7,82.8,66.9,51.3,40.3,40.8,54.5,82.2,108.5,114.5,125.5,127.9,127.7,128.4,120.5,114.6,115.8,117.1,110.6,108.3,95.2,84.5,72.1,70.3,70.9,78.2,81.2,67.7,54.6,43.4,36,19.9,22,46.1,75.5,0,0,0,0,0,0,0,0,0,0,0,0,0,0,0,0,0,0,0,0,0,0,0,0,0,0,0,0,0,0,0,0,0,0,0,0,0,0,0,0,0,0,0,0,0,0,0,"TT","O","",2022,2,2,"11/26/09",21.0648148148148,21.6219186423172,22.0118761412724,19.672131147541,0,54.7,44.5,37.6,16.9,31.7,59.8,78.1,79.5,70.3,56.1,54.4,57.8,49.6,33.2,21.3,42.2,49.7,52.9,45.4,41.6,42.7,33.9,31.1,43.3,52.7,54.1,60.7,64.6,74.9,69.3,57.4,32.7,12.7,31.3,50.5,74.3,91.2,94.5,85.9,66.5,41.6,14.7,0,0,0,0,0,0,0,0,0,0,0,0,0,0,0,0,0,0,0,0,0,0,0,0,0,0,0,0,0,0,0,0,0,0,0,0,0,0,0,0,0,0,0,0,0,0,0,0,106.2,84.3,79.1,74.6,78.2,91.4,99.2,91.7,82.8,66.9,51.3,40.3,40.8,54.5,82.2,108.5,114.5,125.5,127.9,127.7,128.4,120.5,114.6,115.8,117.1,110.6,108.3,95.2,84.5,72.1,70.3,70.9,78.2,81.2,67.7,54.6,43.4,36,19.9,22,46.1,75.5,0,0,0,0,0,0,0,0,0,0,0,0,0,0,0,0,0,0,0,0,0,0,0,0,0,0,0,0,0,0,0,0,0,0,0,0,0,0,0,0,0,0,0,0,0,0,0,2157.9,3460.5,51.3785714285714,82.3928571428571,55,115,2,2
"021","03","A","N",2,6.7,143,28,12,71,21,8,23,1.5,1,0,0,90,"2212",13,6,111,99.5,75.5,50.6,43.6,28.5,0,0,0,0,0,0,0,0,0,0,0,0,0,0,0,0,0,0,0,0,0,0,0,0,0,0,0,0,0,0,0,0,0,0,0,0,0,0,0,0,0,0,0,0,0,0,0,0,0,0,0,0,0,0,0,0,0,0,0,0,0,0,0,0,0,0,0,0,0,0,0,0,0,0,0,0,0,0,0,0,0,0,0,0,61.2,50.9,47.8,52,45.8,58.3,0,0,0,0,0,0,0,0,0,0,0,0,0,0,0,0,0,0,0,0,0,0,0,0,0,0,0,0,0,0,0,0,0,0,0,0,0,0,0,0,0,0,0,0,0,0,0,0,0,0,0,0,0,0,0,0,0,0,0,0,0,0,0,0,0,0,0,0,0,0,0,0,0,0,0,0,0,0,0,0,0,0,0,0,"TT","O","",2022,3,2,"11/26/09",21.3432835820896,21.6219186423172,22.0118761412724,19.672131147541,0,0,0,0,43.6,28.5,0,0,0,0,0,0,0,0,0,0,0,0,0,0,0,0,0,0,0,0,0,0,0,0,0,0,0,0,0,0,0,0,0,0,0,0,0,0,0,0,0,0,0,0,0,0,0,0,0,0,0,0,0,0,0,0,0,0,0,0,0,0,0,0,0,0,0,0,0,0,0,0,0,0,0,0,0,0,0,0,0,0,0,0,0,0,0,0,45.8,58.3,0,0,0,0,0,0,0,0,0,0,0,0,0,0,0,0,0,0,0,0,0,0,0,0,0,0,0,0,0,0,0,0,0,0,0,0,0,0,0,0,0,0,0,0,0,0,0,0,0,0,0,0,0,0,0,0,0,0,0,0,0,0,0,0,0,0,0,0,0,0,0,0,0,0,0,0,0,0,0,0,0,0,0,0,72.1,104.1,36.05,52.05,115,55,5,5
"019","04","A","N",2,5.5,134,24,1,72,24,4,21,1.5,0,0,0,90,"2212",13,5,106,90.7,64,43.2,26.2,0,0,0,0,0,0,0,0,0,0,0,0,0,0,0,0,0,0,0,0,0,0,0,0,0,0,0,0,0,0,0,0,0,0,0,0,0,0,0,0,0,0,0,0,0,0,0,0,0,0,0,0,0,0,0,0,0,0,0,0,0,0,0,0,0,0,0,0,0,0,0,0,0,0,0,0,0,0,0,0,0,0,0,0,0,63.5,48.9,44.5,67.2,87.4,0,0,0,0,0,0,0,0,0,0,0,0,0,0,0,0,0,0,0,0,0,0,0,0,0,0,0,0,0,0,0,0,0,0,0,0,0,0,0,0,0,0,0,0,0,0,0,0,0,0,0,0,0,0,0,0,0,0,0,0,0,0,0,0,0,0,0,0,0,0,0,0,0,0,0,0,0,0,0,0,0,0,0,0,0,"TT","O","",2022,4,2,"11/27/09",24.3636363636364,21.6219186423172,22.0118761412724,19.672131147541,0,0,0,0,26.2,0,0,0,0,0,0,0,0,0,0,0,0,0,0,0,0,0,0,0,0,0,0,0,0,0,0,0,0,0,0,0,0,0,0,0,0,0,0,0,0,0,0,0,0,0,0,0,0,0,0,0,0,0,0,0,0,0,0,0,0,0,0,0,0,0,0,0,0,0,0,0,0,0,0,0,0,0,0,0,0,0,0,0,0,0,0,0,0,0,87.4,0,0,0,0,0,0,0,0,0,0,0,0,0,0,0,0,0,0,0,0,0,0,0,0,0,0,0,0,0,0,0,0,0,0,0,0,0,0,0,0,0,0,0,0,0,0,0,0,0,0,0,0,0,0,0,0,0,0,0,0,0,0,0,0,0,0,0,0,0,0,0,0,0,0,0,0,0,0,0,0,0,0,0,0,0,26.2,87.4,26.2,87.4,115,55,5,5
"020","04","A","W",2,69.9,1485,28,19,39,31,30,-17,1.5,0,3,0,90,"2212",13,69,110,90.2,63.2,57.7,74.4,77.9,70.9,48.2,22.9,17,18.8,21.3,35.5,38.9,48,50.5,54.6,61,72.1,78.9,92.6,89,101.6,108.6,106.7,109.9,98.1,77,59.1,66.4,82.7,83.2,74,52,28.6,21.4,23.9,18,25.8,33.7,26.6,46.1,53.4,58.8,49.5,44.5,51.1,52.4,59.9,70.3,68.8,69.1,83.3,104.5,122.4,120.5,111.2,101.2,79.6,53,52.3,71.2,85.8,78.9,72.4,63.2,62,55.7,41.4,0,0,0,0,0,0,0,0,0,0,0,0,0,0,0,0,0,0,0,0,0,52.7,38.9,29.7,39.8,43.4,39.2,33.8,52.1,70.7,91.9,98.2,107.5,120.9,115.5,117.4,116.5,103.1,100.8,104.1,93.6,88.2,72.2,64.4,59.8,44.2,32.8,16.2,11.1,46.4,80.3,90.6,85.1,76.2,75.2,72.1,83.7,75.3,74.7,67.5,70.1,68.2,54.6,53,61.8,77,103.9,119.3,118.8,108,99.3,86.7,63.3,39.3,32.5,41.4,37.8,26.1,14.9,9.7,45.5,75.5,100.7,113.3,110.9,111.1,117.9,120.1,119,110.2,0,0,0,0,0,0,0,0,0,0,0,0,0,0,0,0,0,0,0,0,0,"TT","O","",2022,5,2,"11/27/09",21.244635193133,21.6219186423172,22.0118761412724,19.672131147541,0,0,0,0,74.4,77.9,70.9,48.2,22.9,17,18.8,21.3,35.5,38.9,48,50.5,54.6,61,72.1,78.9,92.6,89,101.6,108.6,106.7,109.9,98.1,77,59.1,66.4,82.7,83.2,74,52,28.6,21.4,23.9,18,25.8,33.7,26.6,46.1,53.4,58.8,49.5,44.5,51.1,52.4,59.9,70.3,68.8,69.1,83.3,104.5,122.4,120.5,111.2,101.2,79.6,53,52.3,71.2,85.8,78.9,72.4,63.2,62,55.7,41.4,0,0,0,0,0,0,0,0,0,0,0,0,0,0,0,0,0,0,0,0,0,0,0,0,0,43.4,39.2,33.8,52.1,70.7,91.9,98.2,107.5,120.9,115.5,117.4,116.5,103.1,100.8,104.1,93.6,88.2,72.2,64.4,59.8,44.2,32.8,16.2,11.1,46.4,80.3,90.6,85.1,76.2,75.2,72.1,83.7,75.3,74.7,67.5,70.1,68.2,54.6,53,61.8,77,103.9,119.3,118.8,108,99.3,86.7,63.3,39.3,32.5,41.4,37.8,26.1,14.9,9.7,45.5,75.5,100.7,113.3,110.9,111.1,117.9,120.1,119,110.2,0,0,0,0,0,0,0,0,0,0,0,0,0,0,0,0,0,0,0,0,0,4152.3,4934.6,63.8815384615385,75.9169230769231,115,55,5,5
"021","04","A","E",2,30.5,600,52,1,30,43,27,-22,1.5,0,0,0,90,"2212",13,30,58.5,48,30.2,20.7,25.4,38.9,53.1,56.4,58.1,48.6,52.9,54.5,61.3,58.1,41.7,43.1,62.3,77.1,83.8,78.5,62.8,39.7,22,27,41.2,42.3,29.7,18.9,16.9,35.6,0,0,0,0,0,0,0,0,0,0,0,0,0,0,0,0,0,0,0,0,0,0,0,0,0,0,0,0,0,0,0,0,0,0,0,0,0,0,0,0,0,0,0,0,0,0,0,0,0,0,0,0,0,0,0,0,0,0,0,0,121.7,118.7,112.7,106.8,110.5,114.1,116,110,106.3,93.4,77,74.5,74.5,85.9,75.3,59.9,42.5,35.6,41.7,53.4,62.8,77.7,99.8,113.5,127.7,128.3,114.3,104.8,100.2,106.2,0,0,0,0,0,0,0,0,0,0,0,0,0,0,0,0,0,0,0,0,0,0,0,0,0,0,0,0,0,0,0,0,0,0,0,0,0,0,0,0,0,0,0,0,0,0,0,0,0,0,0,0,0,0,0,0,0,0,0,0,"FS","O","",2022,6,2,"11/27/09",19.672131147541,21.6219186423172,22.0118761412724,19.672131147541,0,0,30.2,20.7,25.4,38.9,53.1,56.4,58.1,48.6,52.9,54.5,61.3,58.1,41.7,43.1,62.3,77.1,83.8,78.5,62.8,39.7,22,27,41.2,42.3,29.7,18.9,16.9,35.6,0,0,0,0,0,0,0,0,0,0,0,0,0,0,0,0,0,0,0,0,0,0,0,0,0,0,0,0,0,0,0,0,0,0,0,0,0,0,0,0,0,0,0,0,0,0,0,0,0,0,0,0,0,0,0,0,0,0,0,0,0,0,112.7,106.8,110.5,114.1,116,110,106.3,93.4,77,74.5,74.5,85.9,75.3,59.9,42.5,35.6,41.7,53.4,62.8,77.7,99.8,113.5,127.7,128.3,114.3,104.8,100.2,106.2,0,0,0,0,0,0,0,0,0,0,0,0,0,0,0,0,0,0,0,0,0,0,0,0,0,0,0,0,0,0,0,0,0,0,0,0,0,0,0,0,0,0,0,0,0,0,0,0,0,0,0,0,0,0,0,0,0,0,0,0,1280.8,2525.4,45.7428571428571,90.1928571428572,55,115,3,3
"022","03","A","S",2,90.1,2506,24,23,26,60,14,-46,1.5,1,2,0,90,"2212",19,90,44.6,30.2,34.1,59.4,81,70.4,65.3,68.7,49.6,26.3,22.5,39,60.9,78.1,88.2,89.4,94.2,91.8,97.3,100.2,87.7,67.5,64.8,52.6,34.2,17.3,27.6,39.4,48.5,58.2,63.9,74.1,90.8,100.2,98.4,100.9,104,99.7,83.1,56,37.4,32,25.6,42.1,70.7,84.4,95.2,101.8,111.6,111.4,102.4,96,95.5,87.7,72.2,67.8,53.3,37.6,29.6,45.8,48.9,47.2,62.6,85.1,108.1,110.8,109.8,112.5,109.7,106.1,104.3,90.7,71.2,46.8,18.7,27.3,52.5,65.5,76.8,85.9,88.9,83.1,77.5,79,88.8,94.2,88.9,72.7,48.4,23.6,94.6,84.3,83.8,56.5,37.3,22,43.4,60.2,80.5,97.6,107.9,103.6,88.6,75.3,69.8,68,52.8,23.9,15.3,28.6,37.1,61.4,92.7,107.9,110.1,102,104.9,112.4,114.7,109.9,102.6,82.8,62.2,45.1,19.8,23.9,42.7,55.1,70.8,81.3,97.6,111.1,110.3,97.6,89.6,88.3,77.9,60.2,57.4,44.9,22.8,17.4,36.1,50.2,73.4,99.3,107.6,113.1,115.3,121.3,110.6,88.9,66.9,61.8,70.3,57.2,35.3,27,35.6,55.6,65.4,74.8,87.5,86.7,79.5,92.3,108.6,105.3,96.7,87.6,76.6,59.1,34.3,11.6,26.6,43.3,52,53.6,59.5,79.9,"TT","O","",2022,1,2,"11/26/09",27.8135405105438,28.9079597236013,29.242183247269,27.2368421052632,0,30.2,34.1,59.4,81,70.4,65.3,68.7,49.6,26.3,22.5,39,60.9,78.1,88.2,89.4,94.2,91.8,97.3,100.2,87.7,67.5,64.8,52.6,34.2,17.3,27.6,39.4,48.5,58.2,63.9,74.1,90.8,100.2,98.4,100.9,104,99.7,83.1,56,37.4,32,25.6,42.1,70.7,84.4,95.2,101.8,111.6,111.4,102.4,96,95.5,87.7,72.2,67.8,53.3,37.6,29.6,45.8,48.9,47.2,62.6,85.1,108.1,110.8,109.8,112.5,109.7,106.1,104.3,90.7,71.2,46.8,18.7,27.3,52.5,65.5,76.8,85.9,88.9,83.1,77.5,79,88.8,94.2,88.9,72.7,48.4,23.6,0,84.3,83.8,56.5,37.3,22,43.4,60.2,80.5,97.6,107.9,103.6,88.6,75.3,69.8,68,52.8,23.9,15.3,28.6,37.1,61.4,92.7,107.9,110.1,102,104.9,112.4,114.7,109.9,102.6,82.8,62.2,45.1,19.8,23.9,42.7,55.1,70.8,81.3,97.6,111.1,110.3,97.6,89.6,88.3,77.9,60.2,57.4,44.9,22.8,17.4,36.1,50.2,73.4,99.3,107.6,113.1,115.3,121.3,110.6,88.9,66.9,61.8,70.3,57.2,35.3,27,35.6,55.6,65.4,74.8,87.5,86.7,79.5,92.3,108.6,105.3,96.7,87.6,76.6,59.1,34.3,11.6,26.6,43.3,52,53.6,59.5,79.9,6301.2,6320.3,70.8,71.0146067415731,55,115,2,2
"023","03","A","E",2,8.9,270,48,18,76,10,14,6,1.5,0,0,0,90,"2212",19,8,57.3,39,20.5,45.5,63,66.1,64.8,41.1,0,0,0,0,0,0,0,0,0,0,0,0,0,0,0,0,0,0,0,0,0,0,0,0,0,0,0,0,0,0,0,0,0,0,0,0,0,0,0,0,0,0,0,0,0,0,0,0,0,0,0,0,0,0,0,0,0,0,0,0,0,0,0,0,0,0,0,0,0,0,0,0,0,0,0,0,0,0,0,0,0,0,122.5,105.5,81.8,55.6,32.6,28.1,40.3,63.1,0,0,0,0,0,0,0,0,0,0,0,0,0,0,0,0,0,0,0,0,0,0,0,0,0,0,0,0,0,0,0,0,0,0,0,0,0,0,0,0,0,0,0,0,0,0,0,0,0,0,0,0,0,0,0,0,0,0,0,0,0,0,0,0,0,0,0,0,0,0,0,0,0,0,0,0,0,0,0,0,0,0,"TT","O","",2022,2,2,"11/26/09",30.3370786516854,28.9079597236013,29.242183247269,27.2368421052632,0,39,20.5,45.5,63,66.1,64.8,41.1,0,0,0,0,0,0,0,0,0,0,0,0,0,0,0,0,0,0,0,0,0,0,0,0,0,0,0,0,0,0,0,0,0,0,0,0,0,0,0,0,0,0,0,0,0,0,0,0,0,0,0,0,0,0,0,0,0,0,0,0,0,0,0,0,0,0,0,0,0,0,0,0,0,0,0,0,0,0,0,0,0,0,0,105.5,81.8,55.6,32.6,28.1,40.3,63.1,0,0,0,0,0,0,0,0,0,0,0,0,0,0,0,0,0,0,0,0,0,0,0,0,0,0,0,0,0,0,0,0,0,0,0,0,0,0,0,0,0,0,0,0,0,0,0,0,0,0,0,0,0,0,0,0,0,0,0,0,0,0,0,0,0,0,0,0,0,0,0,0,0,0,0,0,0,0,0,0,0,0,340,407,48.5714285714286,58.1428571428572,55,115,2,2
"024","03","A","N",2,42.6,1274,25,12,49,45,6,-48,1.5,2,1,0,90,"2212",19,42,112.4,101.6,80.7,54.5,45.6,39,30.1,49.4,62.3,61.7,78.1,86.5,72.3,37.6,18,47.9,59.3,63.7,76.5,84.1,75.7,47.6,19.3,18.5,23.8,52.3,73.3,70.9,63.3,42,41.3,46.4,35,33.8,49.9,74.7,95.5,99.6,97.2,84.8,64.9,40,0,0,0,0,0,0,0,0,0,0,0,0,0,0,0,0,0,0,0,0,0,0,0,0,0,0,0,0,0,0,0,0,0,0,0,0,0,0,0,0,0,0,0,0,0,0,0,0,65.8,64.8,66.7,86.6,112.3,120.6,106.9,83.1,53.5,28.5,43,62.5,73.5,70.3,88.5,103.9,87.6,59.6,23.9,4.2,14.1,41.1,75,102.4,92.5,77.6,67.4,52,48.4,62.3,89.6,80.4,67.7,54.2,47.1,51.2,64.2,70.3,82.3,91,94.2,94.4,0,0,0,0,0,0,0,0,0,0,0,0,0,0,0,0,0,0,0,0,0,0,0,0,0,0,0,0,0,0,0,0,0,0,0,0,0,0,0,0,0,0,0,0,0,0,0,0,"TT","O","",2022,3,2,"11/26/09",29.906103286385,28.9079597236013,29.242183247269,27.2368421052632,0,0,0,54.5,45.6,39,30.1,49.4,62.3,61.7,78.1,86.5,72.3,37.6,18,47.9,59.3,63.7,76.5,84.1,75.7,47.6,19.3,18.5,23.8,52.3,73.3,70.9,63.3,42,41.3,46.4,35,33.8,49.9,74.7,95.5,99.6,97.2,84.8,64.9,40,0,0,0,0,0,0,0,0,0,0,0,0,0,0,0,0,0,0,0,0,0,0,0,0,0,0,0,0,0,0,0,0,0,0,0,0,0,0,0,0,0,0,0,0,0,0,0,0,0,0,0,86.6,112.3,120.6,106.9,83.1,53.5,28.5,43,62.5,73.5,70.3,88.5,103.9,87.6,59.6,23.9,4.2,14.1,41.1,75,102.4,92.5,77.6,67.4,52,48.4,62.3,89.6,80.4,67.7,54.2,47.1,51.2,64.2,70.3,82.3,91,94.2,94.4,0,0,0,0,0,0,0,0,0,0,0,0,0,0,0,0,0,0,0,0,0,0,0,0,0,0,0,0,0,0,0,0,0,0,0,0,0,0,0,0,0,0,0,0,0,0,0,0,2216.4,2727.9,56.8307692307692,69.9461538461538,115,55,4,4
"022","04","A","N",2,19.9,599,24,19,76,20,4,-5,1.5,1,2,0,90,"2212",19,19,105.4,88.3,46.8,13.6,57.6,71.8,78.1,74.3,46.8,24.9,19.6,33.7,52,50.5,60.6,64.1,68.8,65.4,46,0,0,0,0,0,0,0,0,0,0,0,0,0,0,0,0,0,0,0,0,0,0,0,0,0,0,0,0,0,0,0,0,0,0,0,0,0,0,0,0,0,0,0,0,0,0,0,0,0,0,0,0,0,0,0,0,0,0,0,0,0,0,0,0,0,0,0,0,0,0,0,62.3,56.9,64.4,80.8,87.1,44.8,12.8,18.7,49.9,87.2,104.2,95.8,75.4,49.5,28.1,42.9,54.2,70.3,81.8,0,0,0,0,0,0,0,0,0,0,0,0,0,0,0,0,0,0,0,0,0,0,0,0,0,0,0,0,0,0,0,0,0,0,0,0,0,0,0,0,0,0,0,0,0,0,0,0,0,0,0,0,0,0,0,0,0,0,0,0,0,0,0,0,0,0,0,0,0,0,0,"TT","O","",2022,4,2,"11/27/09",30.1005025125628,28.9079597236013,29.242183247269,27.2368421052632,0,0,0,13.6,57.6,71.8,78.1,74.3,46.8,24.9,19.6,33.7,52,50.5,60.6,64.1,68.8,65.4,46,0,0,0,0,0,0,0,0,0,0,0,0,0,0,0,0,0,0,0,0,0,0,0,0,0,0,0,0,0,0,0,0,0,0,0,0,0,0,0,0,0,0,0,0,0,0,0,0,0,0,0,0,0,0,0,0,0,0,0,0,0,0,0,0,0,0,0,0,0,0,0,0,0,0,80.8,87.1,44.8,12.8,18.7,49.9,87.2,104.2,95.8,75.4,49.5,28.1,42.9,54.2,70.3,81.8,0,0,0,0,0,0,0,0,0,0,0,0,0,0,0,0,0,0,0,0,0,0,0,0,0,0,0,0,0,0,0,0,0,0,0,0,0,0,0,0,0,0,0,0,0,0,0,0,0,0,0,0,0,0,0,0,0,0,0,0,0,0,0,0,0,0,0,0,0,0,0,827.8,983.5,51.7375,61.46875,115,55,4,4
"023","04","A","W",2,29.8,836,32,22,85,14,1,-44,1.5,1,0,0,90,"2212",19,29,93.5,70.7,62.2,44.7,13.6,27.7,41.1,69.3,73.6,74.8,71.1,64.2,39.2,15.4,33.8,41.1,35.8,17.8,17.9,27.8,32.9,45.5,48,63.4,70.7,70.7,72.2,56.5,33.8,0,0,0,0,0,0,0,0,0,0,0,0,0,0,0,0,0,0,0,0,0,0,0,0,0,0,0,0,0,0,0,0,0,0,0,0,0,0,0,0,0,0,0,0,0,0,0,0,0,0,0,0,0,0,0,0,0,0,0,0,0,33.7,20.7,42.4,64.7,81.1,78,78.2,67.7,45.4,17.3,28.2,44.1,67.8,77.9,68.2,53.9,53.1,70,80.7,92.7,108.4,107.7,83.8,56.1,29.9,21.2,30.2,47.9,72.8,0,0,0,0,0,0,0,0,0,0,0,0,0,0,0,0,0,0,0,0,0,0,0,0,0,0,0,0,0,0,0,0,0,0,0,0,0,0,0,0,0,0,0,0,0,0,0,0,0,0,0,0,0,0,0,0,0,0,0,0,0,"TT","O","",2022,5,2,"11/27/09",28.0536912751678,28.9079597236013,29.242183247269,27.2368421052632,0,0,0,44.7,13.6,27.7,41.1,69.3,73.6,74.8,71.1,64.2,39.2,15.4,33.8,41.1,35.8,17.8,17.9,27.8,32.9,45.5,48,63.4,70.7,70.7,72.2,56.5,33.8,0,0,0,0,0,0,0,0,0,0,0,0,0,0,0,0,0,0,0,0,0,0,0,0,0,0,0,0,0,0,0,0,0,0,0,0,0,0,0,0,0,0,0,0,0,0,0,0,0,0,0,0,0,0,0,0,0,0,0,0,0,0,0,0,64.7,81.1,78,78.2,67.7,45.4,17.3,28.2,44.1,67.8,77.9,68.2,53.9,53.1,70,80.7,92.7,108.4,107.7,83.8,56.1,29.9,21.2,30.2,47.9,72.8,0,0,0,0,0,0,0,0,0,0,0,0,0,0,0,0,0,0,0,0,0,0,0,0,0,0,0,0,0,0,0,0,0,0,0,0,0,0,0,0,0,0,0,0,0,0,0,0,0,0,0,0,0,0,0,0,0,0,0,0,0,1202.6,1627,46.2538461538461,62.5769230769231,115,55,4,4
"024","04","A","E",2,30.4,828,54,7,76,18,6,-8,1.5,6,0,0,90,"2212",19,30,58.4,44.6,14.9,9.4,44.9,64,61.5,60,35.8,19.9,43.2,40.3,30.5,5.4,20.8,26.7,35.3,51.3,47.2,23,18.8,50.5,57.7,52.5,32.2,8,15.9,26.2,24.4,39.5,0,0,0,0,0,0,0,0,0,0,0,0,0,0,0,0,0,0,0,0,0,0,0,0,0,0,0,0,0,0,0,0,0,0,0,0,0,0,0,0,0,0,0,0,0,0,0,0,0,0,0,0,0,0,0,0,0,0,0,0,121.5,111.9,92.6,86.5,74.4,53.4,30.6,27.1,51.7,78.1,66.1,54.2,57.9,87.9,89.6,68.3,55,56.5,67.5,73.4,76.7,68.2,56.8,54.1,68.2,91,100.5,111.5,104.7,89.8,0,0,0,0,0,0,0,0,0,0,0,0,0,0,0,0,0,0,0,0,0,0,0,0,0,0,0,0,0,0,0,0,0,0,0,0,0,0,0,0,0,0,0,0,0,0,0,0,0,0,0,0,0,0,0,0,0,0,0,0,"FS","O","",2022,6,2,"11/27/09",27.2368421052632,28.9079597236013,29.242183247269,27.2368421052632,0,44.6,14.9,9.4,44.9,64,61.5,60,35.8,19.9,43.2,40.3,30.5,5.4,20.8,26.7,35.3,51.3,47.2,23,18.8,50.5,57.7,52.5,32.2,8,15.9,26.2,24.4,39.5,0,0,0,0,0,0,0,0,0,0,0,0,0,0,0,0,0,0,0,0,0,0,0,0,0,0,0,0,0,0,0,0,0,0,0,0,0,0,0,0,0,0,0,0,0,0,0,0,0,0,0,0,0,0,0,0,0,0,0,0,0,111.9,92.6,86.5,74.4,53.4,30.6,27.1,51.7,78.1,66.1,54.2,57.9,87.9,89.6,68.3,55,56.5,67.5,73.4,76.7,68.2,56.8,54.1,68.2,91,100.5,111.5,104.7,89.8,0,0,0,0,0,0,0,0,0,0,0,0,0,0,0,0,0,0,0,0,0,0,0,0,0,0,0,0,0,0,0,0,0,0,0,0,0,0,0,0,0,0,0,0,0,0,0,0,0,0,0,0,0,0,0,0,0,0,0,0,1004.4,2104.2,34.6344827586207,72.5586206896552,55,115,2,2
"028","03","A","S",2,90.1,1274,16,18,3,3,94,-82,1.5,0,1,0,90,"2212",27,90,58.3,60,68.1,79,90.6,102.6,113.4,113,109.6,105.9,101.3,99.6,98.5,98.1,94.9,90.9,84.5,77.2,70.1,66.4,59.7,53.2,48.1,43.4,43.3,45.6,48.8,52.1,58.1,69.8,81.5,89.1,97.1,103.2,109.8,114,115.5,120.5,123.4,125.1,125.7,124.8,122.2,119.3,116.3,113.6,109.3,105.7,102.7,101.2,102.8,105.4,104.1,106.7,108.5,113,118.7,117.5,117.3,115.2,112.3,109.6,108.6,107.6,106.9,106.6,105.3,103.4,101.4,99.6,97.4,94.7,93,90.7,91.7,89,89.7,86.8,85.1,82.5,79.2,76.2,73.8,67.1,62,62.2,57,46.7,43.9,40.8,100.2,78.1,53.8,27.5,8.8,30.2,57.4,70.6,76,82.5,89,91.1,92.8,92.5,90.6,98.7,107.7,114.8,119.3,122.4,126.2,127.1,129.2,129.5,128.8,126.2,122.1,118.6,114.6,110.5,104.5,98.1,93.1,87.5,79.3,72.6,66.1,60.3,52.4,44.2,39.5,40.2,46.5,54.6,63.6,68.6,76.2,83.2,87.3,92.2,91.9,91.3,88.1,85.8,77.8,63.4,55.5,54.9,60.4,66.5,70.5,71.6,71.8,72.4,73.1,74.5,75.7,79.9,83.8,85.2,90.4,90.2,93.3,91.9,99.2,98.3,103.8,101.2,100.9,108.2,110.8,112.4,114.5,122,125.4,124.6,125.6,126.4,128.6,126.1,"TT","O","",2022,1,2,"11/26/09",14.1398446170921,10.3888150991915,10.6370699223085,9.14754098360656,0,0,0,0,90.6,102.6,113.4,113,109.6,105.9,101.3,99.6,98.5,98.1,94.9,90.9,84.5,77.2,70.1,66.4,59.7,53.2,48.1,43.4,43.3,45.6,48.8,52.1,58.1,69.8,81.5,89.1,97.1,103.2,109.8,114,115.5,120.5,123.4,125.1,125.7,124.8,122.2,119.3,116.3,113.6,109.3,105.7,102.7,101.2,102.8,105.4,104.1,106.7,108.5,113,118.7,117.5,117.3,115.2,112.3,109.6,108.6,107.6,106.9,106.6,105.3,103.4,101.4,99.6,97.4,94.7,93,90.7,91.7,89,89.7,86.8,85.1,82.5,79.2,76.2,73.8,67.1,62,62.2,57,46.7,43.9,40.8,0,0,0,0,8.8,30.2,57.4,70.6,76,82.5,89,91.1,92.8,92.5,90.6,98.7,107.7,114.8,119.3,122.4,126.2,127.1,129.2,129.5,128.8,126.2,122.1,118.6,114.6,110.5,104.5,98.1,93.1,87.5,79.3,72.6,66.1,60.3,52.4,44.2,39.5,40.2,46.5,54.6,63.6,68.6,76.2,83.2,87.3,92.2,91.9,91.3,88.1,85.8,77.8,63.4,55.5,54.9,60.4,66.5,70.5,71.6,71.8,72.4,73.1,74.5,75.7,79.9,83.8,85.2,90.4,90.2,93.3,91.9,99.2,98.3,103.8,101.2,100.9,108.2,110.8,112.4,114.5,122,125.4,124.6,125.6,126.4,128.6,126.1,7938.7,7675.1,92.3104651162791,89.2453488372093,55,115,5,5
"029","03","A","E",2,90.1,773,0,31,3,5,92,113,1.5,0,1,0,90,"2212",27,90,66.9,68.7,78.8,85.9,92.7,99.7,106.7,111.9,115.7,117.8,115.1,115.5,114.4,112.2,111.3,111.6,110.8,110.6,111.3,111.4,111.5,111.5,111.6,111.7,111.5,111.6,111.7,111.7,111.8,112,112.3,112.1,112.1,112.2,112.2,112.2,112.1,111.3,112.2,112.1,110.6,103.8,100.8,95.5,85.5,81.2,83.7,93.3,108,115.9,111.8,104.2,94.3,88.7,86.9,89.9,88.6,94.9,95.8,97.6,98.4,105.1,107.7,109.1,110.1,107.5,108.2,113.8,121.6,122.6,122.8,122.9,122.5,123.2,122.8,123.4,123,123.1,123,124,122.2,124.1,123.8,124,124.9,125.3,124.8,124.7,124.8,125.6,124.7,121.2,121.3,113.9,105.5,95.1,83.5,71.9,63.7,60.2,62.6,66.6,68.7,73.4,73.2,74.5,76.9,74.8,73.3,73.8,73,73.8,73.1,74.1,73.1,72.8,73.2,72.2,71.7,72.3,73.8,75,75.3,74.7,74.6,74.4,74.1,76.3,74.7,75.1,73.7,72.1,75.6,77,64.7,44.4,16.7,11.7,41.6,62.4,67,78.5,89,91.1,87.6,89,84.8,86.4,85.5,85,83.2,82.6,79.8,77.6,76.4,71.3,66.1,60,56,51.9,50.1,50.4,50.5,51.3,50.2,49.1,48.2,48.2,48.1,49.1,47.4,47.5,46.7,46.1,44.1,43.5,42.4,41.7,41.1,41.8,"TT","O","",2022,2,2,"11/26/09",8.57935627081021,10.3888150991915,10.6370699223085,9.14754098360656,0,0,0,0,92.7,99.7,106.7,111.9,115.7,117.8,115.1,115.5,114.4,112.2,111.3,111.6,110.8,110.6,111.3,111.4,111.5,111.5,111.6,111.7,111.5,111.6,111.7,111.7,111.8,112,112.3,112.1,112.1,112.2,112.2,112.2,112.1,111.3,112.2,112.1,110.6,103.8,100.8,95.5,85.5,81.2,83.7,93.3,108,115.9,111.8,104.2,94.3,88.7,86.9,89.9,88.6,94.9,95.8,97.6,98.4,105.1,107.7,109.1,110.1,107.5,108.2,113.8,121.6,122.6,122.8,122.9,122.5,123.2,122.8,123.4,123,123.1,123,124,122.2,124.1,123.8,124,124.9,125.3,124.8,124.7,124.8,125.6,0,0,0,0,105.5,95.1,83.5,71.9,63.7,60.2,62.6,66.6,68.7,73.4,73.2,74.5,76.9,74.8,73.3,73.8,73,73.8,73.1,74.1,73.1,72.8,73.2,72.2,71.7,72.3,73.8,75,75.3,74.7,74.6,74.4,74.1,76.3,74.7,75.1,73.7,72.1,75.6,77,64.7,44.4,16.7,11.7,41.6,62.4,67,78.5,89,91.1,87.6,89,84.8,86.4,85.5,85,83.2,82.6,79.8,77.6,76.4,71.3,66.1,60,56,51.9,50.1,50.4,50.5,51.3,50.2,49.1,48.2,48.2,48.1,49.1,47.4,47.5,46.7,46.1,44.1,43.5,42.4,41.7,41.1,41.8,9516.1,5701.2,110.652325581395,66.293023255814,55,115,5,5
"030","03","A","N",2,90.1,912,26,40,9,7,84,97,1.5,0,3,0,90,"2212",27,90,116.9,118,120,122.2,123.2,125.3,123.8,122,119.1,118.9,118,116.4,115,114.1,111.8,107.8,106.2,109.5,110.3,115.5,116.8,116.1,116.6,116.5,117.6,116,115.2,115.1,114.8,109.3,98.3,81.1,52.7,34.8,32,37.2,47.4,53.6,54.4,54.5,54,54.8,55,53.9,54.8,54.2,54.5,54,53.5,54.7,54.8,54.2,54.3,53.4,52.4,46,42.3,39.9,39.6,47.2,65.2,84.7,106.4,122.2,120.1,120.5,120.2,122.7,122.3,122.6,123.1,123.8,123.4,124.5,124.7,124,123.9,120.7,120.2,118.7,115.2,113.4,114.7,114.4,111.9,107,103.5,105.2,108.2,112.6,60.5,55.1,46.7,39.5,36.7,39.3,39.1,41.4,41.5,49.7,57,58.4,57.1,64.1,66.7,62.3,63.6,68,68.7,69,65.6,63.2,63.9,63.8,64.8,62.3,59.3,55.7,48.4,36.1,21.4,13,37.4,71.5,85.9,99.5,116.7,126.6,126.4,125.9,127.1,125.9,127,127.2,127.1,127.4,125.2,123.5,123.5,124.5,123.8,122.6,124.5,127,126.3,119.6,107.6,96.2,82.6,60,30.7,9.2,24.1,48,48.5,49.7,47.4,47.1,46,46,45.4,45.4,45.5,45.6,44.5,44.6,45.1,43.5,46.4,54.7,56.2,51.6,54.5,58.6,68.3,68.8,65.2,68.9,71.4,71.7,"TT","O","",2022,3,2,"11/26/09",10.1220865704772,10.3888150991915,10.6370699223085,9.14754098360656,0,0,0,0,0,0,0,0,0,0,118,116.4,115,114.1,111.8,107.8,106.2,109.5,110.3,115.5,116.8,116.1,116.6,116.5,117.6,116,115.2,115.1,114.8,109.3,98.3,81.1,52.7,34.8,32,37.2,47.4,53.6,54.4,54.5,54,54.8,55,53.9,54.8,54.2,54.5,54,53.5,54.7,54.8,54.2,54.3,53.4,52.4,46,42.3,39.9,39.6,47.2,65.2,84.7,106.4,122.2,120.1,120.5,120.2,122.7,122.3,122.6,123.1,123.8,123.4,124.5,124.7,124,123.9,120.7,120.2,118.7,115.2,113.4,114.7,114.4,111.9,107,103.5,105.2,108.2,112.6,0,0,0,0,0,0,0,0,0,0,57,58.4,57.1,64.1,66.7,62.3,63.6,68,68.7,69,65.6,63.2,63.9,63.8,64.8,62.3,59.3,55.7,48.4,36.1,21.4,13,37.4,71.5,85.9,99.5,116.7,126.6,126.4,125.9,127.1,125.9,127,127.2,127.1,127.4,125.2,123.5,123.5,124.5,123.8,122.6,124.5,127,126.3,119.6,107.6,96.2,82.6,60,30.7,9.2,24.1,48,48.5,49.7,47.4,47.1,46,46,45.4,45.4,45.5,45.6,44.5,44.6,45.1,43.5,46.4,54.7,56.2,51.6,54.5,58.6,68.3,68.8,65.2,68.9,71.4,71.7,7292.1,5883.5,91.15125,73.54375,115,55,11,11
"028","04","A","N",2,90.1,1099,23,23,0,12,88,73,1.5,0,0,0,90,"2212",27,90,109.4,107.9,106.3,106,109.8,118.6,114.4,107.1,99.4,90.7,77.6,64.9,52.3,44.8,46.5,49.7,58.1,55.5,46.3,38.3,44,42.9,43.3,42.8,42.6,42.3,46.5,48.3,50.3,53.1,54.2,56.5,59.6,66.7,72,75.6,82.6,87,91.7,93.7,97.2,97.2,96.7,97.5,99.9,102,108.7,113.4,114,115.6,118.3,120.7,119.9,120.8,123,124.5,125,122.6,120,122.8,124.1,122.6,120.7,117.6,114,103.1,91.5,91,96.4,103.9,110.9,110,107.2,104.8,102.2,102.9,101.2,94.6,90.1,90.6,89.5,84.2,87.3,87.4,85.8,83.8,82,82.6,82.9,83.4,61.5,51.1,32.9,20.7,31,52.3,63.2,71.2,81.9,92.7,102.7,111.6,122.1,128.1,132.7,132.1,133,130.6,124.8,120,127.7,128.4,129.8,128.9,127.9,126.1,124.5,123.4,122.2,120.2,117.4,115.5,113.6,110.9,108,105.6,102.7,99.6,96.9,95.4,92.8,91.3,90.8,88.4,87.3,84.7,80.5,73,68.3,68.5,63.7,56.7,54.8,55.9,50.7,45.1,41.2,37.4,33.6,36.8,40.9,43.4,48.6,50.2,47.9,43.7,43.4,58.7,63.7,70.8,76.3,77.3,80.3,84.2,86.6,90.5,93.2,93.4,92.6,104.1,108,101.6,108.8,110,110.6,108.6,106.2,106.8,106.1,109.7,"TT","O","",2022,4,2,"11/27/09",12.1975582685905,10.3888150991915,10.6370699223085,9.14754098360656,0,0,0,0,0,0,0,0,0,0,77.6,64.9,52.3,44.8,46.5,49.7,58.1,55.5,46.3,38.3,44,42.9,43.3,42.8,42.6,42.3,46.5,48.3,50.3,53.1,54.2,56.5,59.6,66.7,72,75.6,82.6,87,91.7,93.7,97.2,97.2,96.7,97.5,99.9,102,108.7,113.4,114,115.6,118.3,120.7,119.9,120.8,123,124.5,125,122.6,120,122.8,124.1,122.6,120.7,117.6,114,103.1,91.5,91,96.4,103.9,110.9,110,107.2,104.8,102.2,102.9,101.2,94.6,90.1,90.6,89.5,84.2,87.3,87.4,85.8,83.8,82,82.6,82.9,83.4,0,0,0,0,0,0,0,0,0,0,102.7,111.6,122.1,128.1,132.7,132.1,133,130.6,124.8,120,127.7,128.4,129.8,128.9,127.9,126.1,124.5,123.4,122.2,120.2,117.4,115.5,113.6,110.9,108,105.6,102.7,99.6,96.9,95.4,92.8,91.3,90.8,88.4,87.3,84.7,80.5,73,68.3,68.5,63.7,56.7,54.8,55.9,50.7,45.1,41.2,37.4,33.6,36.8,40.9,43.4,48.6,50.2,47.9,43.7,43.4,58.7,63.7,70.8,76.3,77.3,80.3,84.2,86.6,90.5,93.2,93.4,92.6,104.1,108,101.6,108.8,110,110.6,108.6,106.2,106.8,106.1,109.7,6937.8,7330.1,86.7225,91.62625,115,55,11,11
"029","04","A","W",2,90.1,734,0,69,0,0,100,-94,1.5,0,0,0,90,"2212",27,90,122,124.5,125.9,126.5,125.9,125.8,125.5,124.1,122,119.6,119.4,118.2,116.4,115.5,114.4,114.1,113.3,112.2,111.9,113.7,117.1,119.1,121.2,121.8,122.8,122.5,122.6,122.8,122.7,122.7,122.5,122.2,122.1,122.5,122.6,122.5,123,123.1,123.3,123.2,123.4,123.7,123.1,122.5,122.4,122.5,121.7,120.6,122.4,121.9,115.7,103.7,112.7,118.8,116.5,114.7,113.1,110.7,108.9,108.7,113.2,116.6,118.9,119.8,119.6,121.4,122.1,123.4,123.8,123.7,121.6,123.7,125.4,125.1,125.9,123.4,120.4,118.4,118.7,117.8,116.7,117.4,116.6,117.4,114.8,111.4,109.7,112,117,118.7,53.4,47.5,43.4,41.8,40.3,39.3,39.4,41.6,46.2,52.2,56.7,59.2,58.8,61.3,66,69.3,70.4,70.9,73.5,66.5,58.5,52.6,46.1,43.9,43.6,43.7,43.9,44.9,45.5,45.3,45.4,45.4,45.6,46.4,46.4,46.3,46.9,46,44.4,44.7,43.7,44.1,45.1,45.3,43.6,44.8,45.6,46.4,45.5,43.2,54.6,114.1,81.4,50,52.9,54.5,60.3,66.4,69.3,70.2,70.9,68.4,63.4,61.2,58.7,58.4,56.6,52.9,49.2,46.7,42.9,41.7,41.2,40.9,42.4,42.2,43.7,44.4,49.6,55.8,56.8,57.2,56.7,59.4,63.7,62.5,64.1,65.4,66.4,63.3,"TT","O","",2022,5,2,"11/27/09",8.1465038845727,10.3888150991915,10.6370699223085,9.14754098360656,0,0,0,0,0,0,0,0,0,0,119.4,118.2,116.4,115.5,114.4,114.1,113.3,112.2,111.9,113.7,117.1,119.1,121.2,121.8,122.8,122.5,122.6,122.8,122.7,122.7,122.5,122.2,122.1,122.5,122.6,122.5,123,123.1,123.3,123.2,123.4,123.7,123.1,122.5,122.4,122.5,121.7,120.6,122.4,121.9,115.7,103.7,112.7,118.8,116.5,114.7,113.1,110.7,108.9,108.7,113.2,116.6,118.9,119.8,119.6,121.4,122.1,123.4,123.8,123.7,121.6,123.7,125.4,125.1,125.9,123.4,120.4,118.4,118.7,117.8,116.7,117.4,116.6,117.4,114.8,111.4,109.7,112,117,118.7,0,0,0,0,0,0,0,0,0,0,56.7,59.2,58.8,61.3,66,69.3,70.4,70.9,73.5,66.5,58.5,52.6,46.1,43.9,43.6,43.7,43.9,44.9,45.5,45.3,45.4,45.4,45.6,46.4,46.4,46.3,46.9,46,44.4,44.7,43.7,44.1,45.1,45.3,43.6,44.8,45.6,46.4,45.5,43.2,54.6,114.1,81.4,50,52.9,54.5,60.3,66.4,69.3,70.2,70.9,68.4,63.4,61.2,58.7,58.4,56.6,52.9,49.2,46.7,42.9,41.7,41.2,40.9,42.4,42.2,43.7,44.4,49.6,55.8,56.8,57.2,56.7,59.4,63.7,62.5,64.1,65.4,66.4,63.3,9513.7,4345.8,118.92125,54.3225,115,55,11,11
"030","04","A","E",2,30.5,279,0,67,13,14,73,112,1.5,0,0,0,90,"2212",27,30,70.5,76.6,79.2,77.3,74.7,67.3,61,58.7,65.7,76.4,87.9,98.5,111.1,118.3,116.3,117.5,118.6,119.1,117.5,118.7,120,119.8,120.3,120.2,120.7,121.7,122,121.9,122.5,123.8,0,0,0,0,0,0,0,0,0,0,0,0,0,0,0,0,0,0,0,0,0,0,0,0,0,0,0,0,0,0,0,0,0,0,0,0,0,0,0,0,0,0,0,0,0,0,0,0,0,0,0,0,0,0,0,0,0,0,0,0,125.2,122.1,113.4,104.8,98.8,88.1,81.4,60.5,49.2,42.5,40.1,44.1,52.2,58.1,56.7,57.6,52.8,50.2,50.6,49.2,48.3,47.9,48.2,48.1,47.2,46,44.8,44.2,43.9,44.3,0,0,0,0,0,0,0,0,0,0,0,0,0,0,0,0,0,0,0,0,0,0,0,0,0,0,0,0,0,0,0,0,0,0,0,0,0,0,0,0,0,0,0,0,0,0,0,0,0,0,0,0,0,0,0,0,0,0,0,0,"FS","O","",2022,6,2,"11/27/09",9.14754098360656,10.3888150991915,10.6370699223085,9.14754098360656,0,0,0,0,0,67.3,61,58.7,65.7,76.4,87.9,98.5,111.1,118.3,116.3,117.5,118.6,119.1,117.5,118.7,120,119.8,120.3,120.2,120.7,121.7,122,121.9,122.5,123.8,0,0,0,0,0,0,0,0,0,0,0,0,0,0,0,0,0,0,0,0,0,0,0,0,0,0,0,0,0,0,0,0,0,0,0,0,0,0,0,0,0,0,0,0,0,0,0,0,0,0,0,0,0,0,0,0,0,0,0,0,0,0,0,0,0,88.1,81.4,60.5,49.2,42.5,40.1,44.1,52.2,58.1,56.7,57.6,52.8,50.2,50.6,49.2,48.3,47.9,48.2,48.1,47.2,46,44.8,44.2,43.9,44.3,0,0,0,0,0,0,0,0,0,0,0,0,0,0,0,0,0,0,0,0,0,0,0,0,0,0,0,0,0,0,0,0,0,0,0,0,0,0,0,0,0,0,0,0,0,0,0,0,0,0,0,0,0,0,0,0,0,0,0,0,2665.5,1296.2,106.62,51.848,55,115,6,6
"031","03","A","S",2,49.2,910,52,11,53,35,12,-9,1.5,1,0,0,90,"2212",29,49,49.3,34.6,43.9,57.7,66.2,42.4,22.8,29.5,38.5,51,60.3,45.7,26.8,11,17.5,31.7,36.9,46.2,51.9,53.6,40.9,23.6,15.8,25,36.2,36,34.7,28.6,19.9,21.2,27.9,31.3,34.9,39.7,43.1,44.7,47.3,49.2,51.6,58.2,66.5,70.1,72.1,70.8,64.5,54,40.6,25.5,14.9,0,0,0,0,0,0,0,0,0,0,0,0,0,0,0,0,0,0,0,0,0,0,0,0,0,0,0,0,0,0,0,0,0,0,0,0,0,0,0,0,0,100.7,97.6,103.5,101,107.2,107.4,90.2,73.5,70.8,81.9,98.8,109.4,101.9,87.1,70,56.3,52.2,52.1,63.3,78.2,94.4,100.3,101.6,105.4,100.6,85.9,80.5,72.8,68.3,77.8,93.8,105.7,120.7,125.5,123.6,115.2,103.1,86.8,69.3,51.7,36.5,28.5,20.4,16.9,28.7,45.6,62.3,76.1,87.4,0,0,0,0,0,0,0,0,0,0,0,0,0,0,0,0,0,0,0,0,0,0,0,0,0,0,0,0,0,0,0,0,0,0,0,0,0,0,0,0,0,"TT","O","",2022,1,2,"11/26/09",18.4959349593496,20.1627073100766,19.7018277194603,22.4671052631579,0,0,43.9,57.7,66.2,42.4,22.8,29.5,38.5,51,60.3,45.7,26.8,11,17.5,31.7,36.9,46.2,51.9,53.6,40.9,23.6,15.8,25,36.2,36,34.7,28.6,19.9,21.2,27.9,31.3,34.9,39.7,43.1,44.7,47.3,49.2,51.6,58.2,66.5,70.1,72.1,70.8,64.5,54,40.6,25.5,14.9,0,0,0,0,0,0,0,0,0,0,0,0,0,0,0,0,0,0,0,0,0,0,0,0,0,0,0,0,0,0,0,0,0,0,0,0,0,0,0,0,0,0,0,103.5,101,107.2,107.4,90.2,73.5,70.8,81.9,98.8,109.4,101.9,87.1,70,56.3,52.2,52.1,63.3,78.2,94.4,100.3,101.6,105.4,100.6,85.9,80.5,72.8,68.3,77.8,93.8,105.7,120.7,125.5,123.6,115.2,103.1,86.8,69.3,51.7,36.5,28.5,20.4,16.9,28.7,45.6,62.3,76.1,87.4,0,0,0,0,0,0,0,0,0,0,0,0,0,0,0,0,0,0,0,0,0,0,0,0,0,0,0,0,0,0,0,0,0,0,0,0,0,0,0,0,0,1922.4,3790.2,40.9021276595745,80.6425531914894,55,115,3,3
"032","03","A","E",2,65.3,1261,28,33,50,36,14,32,1.5,0,2,0,90,"2212",29,65,58,47.5,26.2,26.4,40,40.6,48.7,60.3,68.3,78.8,85.8,77.2,60.1,59,74.6,93,98.5,91.6,96.4,105.5,106.7,99.6,85.5,72.1,55.4,37.1,23.4,34.5,49.2,66.2,65.6,61.3,56.3,42.5,25.6,16,26.8,37.3,38.1,36.3,43.1,55.1,65.4,66.7,69.6,68.2,65,70.4,76,92.3,99,98,90.9,75.7,59,41.4,41.3,48.7,53.5,59.1,56,43.8,25.9,17.4,18.2,0,0,0,0,0,0,0,0,0,0,0,0,0,0,0,0,0,0,0,0,0,0,0,0,0,107.9,97.7,93.3,108.7,125.8,125.6,118.6,106.8,94,75.7,58.8,45.6,35,30.2,30.8,26.1,21.4,14.2,23.9,25.5,22.5,13.4,5.3,14.8,32.9,51.7,76.4,97.9,111.9,119.5,108.1,96.9,90.9,81.1,83,94.6,111.3,123.6,121.9,106.6,94.7,88.9,85.5,68.8,51.8,36.7,24.3,23.2,40.8,47.9,45.7,38,21.6,16.4,29.8,47.4,46.1,39.4,47.3,54.7,65,68.7,74.6,91.1,102.7,0,0,0,0,0,0,0,0,0,0,0,0,0,0,0,0,0,0,0,0,0,0,0,0,0,"TT","O","",2022,2,2,"11/26/09",19.3108728943338,20.1627073100766,19.7018277194603,22.4671052631579,0,0,26.2,26.4,40,40.6,48.7,60.3,68.3,78.8,85.8,77.2,60.1,59,74.6,93,98.5,91.6,96.4,105.5,106.7,99.6,85.5,72.1,55.4,37.1,23.4,34.5,49.2,66.2,65.6,61.3,56.3,42.5,25.6,16,26.8,37.3,38.1,36.3,43.1,55.1,65.4,66.7,69.6,68.2,65,70.4,76,92.3,99,98,90.9,75.7,59,41.4,41.3,48.7,53.5,59.1,56,43.8,25.9,17.4,18.2,0,0,0,0,0,0,0,0,0,0,0,0,0,0,0,0,0,0,0,0,0,0,0,0,0,0,0,93.3,108.7,125.8,125.6,118.6,106.8,94,75.7,58.8,45.6,35,30.2,30.8,26.1,21.4,14.2,23.9,25.5,22.5,13.4,5.3,14.8,32.9,51.7,76.4,97.9,111.9,119.5,108.1,96.9,90.9,81.1,83,94.6,111.3,123.6,121.9,106.6,94.7,88.9,85.5,68.8,51.8,36.7,24.3,23.2,40.8,47.9,45.7,38,21.6,16.4,29.8,47.4,46.1,39.4,47.3,54.7,65,68.7,74.6,91.1,102.7,0,0,0,0,0,0,0,0,0,0,0,0,0,0,0,0,0,0,0,0,0,0,0,0,0,3766.2,4075.4,59.7809523809524,64.6888888888889,55,115,3,3
"033","03","A","N",2,90.1,1635,29,32,53,34,13,-18,1.5,1,2,0,90,"2212",29,90,105.5,91.1,72.3,61.5,64.5,57.1,47.8,39.2,42.2,45.3,54.3,70.1,94,104.6,102.6,119.5,119.8,104.6,101.9,109.2,108,95.9,79.1,87.9,100.4,102.7,98.6,86.2,62.2,45.1,33.4,14.6,22.5,36,39.4,29.4,29.8,46.1,65.9,83,91.4,87.9,76.4,62.6,50.4,42,50.8,65.8,77.8,83.4,86,92.5,96.2,86.4,76.9,58.3,32,23.7,27.3,14.3,18.2,39.1,50.4,54.4,62,71.2,80.1,87.4,92.9,96,93.1,87.2,79.2,72.5,66.8,61.5,55.8,47.4,38.4,31.4,28.3,25.7,30.8,38.1,40.9,38,31.8,22,26.8,33.3,57.4,54.1,61,84.3,109.3,119.7,124.3,124.9,123.7,109,92,83.9,83,75.2,52.2,50.2,48.7,28.9,16.5,28.4,33.3,32.9,51.3,77.2,73.9,65.2,48.8,31.9,33.6,45.6,54.5,77.1,105.8,122.3,125.2,107.7,85.6,62.4,42.1,30.5,20.4,13,13.6,24.3,36.8,51.5,59.3,54.3,44.3,33.4,14.1,14.8,33.1,51,67.4,73.1,78.5,86.8,88.2,80.6,72,63.8,48.8,38.7,26.1,15.6,7.3,4.2,8.2,14.9,20.9,28.3,35.3,42,49,56.6,62.8,70,77.8,85.9,90.3,101.3,108.2,112.1,108.8,103.7,99.3,100.3,108.6,117,"TT","O","",2022,3,2,"11/26/09",18.1465038845727,20.1627073100766,19.7018277194603,22.4671052631579,0,0,0,0,0,57.1,47.8,39.2,42.2,45.3,54.3,70.1,94,104.6,102.6,119.5,119.8,104.6,101.9,109.2,108,95.9,79.1,87.9,100.4,102.7,98.6,86.2,62.2,45.1,33.4,14.6,22.5,36,39.4,29.4,29.8,46.1,65.9,83,91.4,87.9,76.4,62.6,50.4,42,50.8,65.8,77.8,83.4,86,92.5,96.2,86.4,76.9,58.3,32,23.7,27.3,14.3,18.2,39.1,50.4,54.4,62,71.2,80.1,87.4,92.9,96,93.1,87.2,79.2,72.5,66.8,61.5,55.8,47.4,38.4,31.4,28.3,25.7,30.8,38.1,40.9,38,31.8,22,26.8,33.3,0,0,0,0,0,119.7,124.3,124.9,123.7,109,92,83.9,83,75.2,52.2,50.2,48.7,28.9,16.5,28.4,33.3,32.9,51.3,77.2,73.9,65.2,48.8,31.9,33.6,45.6,54.5,77.1,105.8,122.3,125.2,107.7,85.6,62.4,42.1,30.5,20.4,13,13.6,24.3,36.8,51.5,59.3,54.3,44.3,33.4,14.1,14.8,33.1,51,67.4,73.1,78.5,86.8,88.2,80.6,72,63.8,48.8,38.7,26.1,15.6,7.3,4.2,8.2,14.9,20.9,28.3,35.3,42,49,56.6,62.8,70,77.8,85.9,90.3,101.3,108.2,112.1,108.8,103.7,99.3,100.3,108.6,117,5361.2,5283.8,63.0729411764706,62.1623529411765,115,55,6,6
"031","04","A","N",2,12.5,285,16,21,29,54,17,47,1.5,0,0,0,90,"2212",29,12,110.9,99.2,73,67.8,74.6,71.5,58.6,65.8,63.6,59.1,48.1,26.4,0,0,0,0,0,0,0,0,0,0,0,0,0,0,0,0,0,0,0,0,0,0,0,0,0,0,0,0,0,0,0,0,0,0,0,0,0,0,0,0,0,0,0,0,0,0,0,0,0,0,0,0,0,0,0,0,0,0,0,0,0,0,0,0,0,0,0,0,0,0,0,0,0,0,0,0,0,0,55.1,38.7,39.4,76.6,88.3,98.8,110.8,126.4,105.9,92.1,82.9,80.6,0,0,0,0,0,0,0,0,0,0,0,0,0,0,0,0,0,0,0,0,0,0,0,0,0,0,0,0,0,0,0,0,0,0,0,0,0,0,0,0,0,0,0,0,0,0,0,0,0,0,0,0,0,0,0,0,0,0,0,0,0,0,0,0,0,0,0,0,0,0,0,0,0,0,0,0,0,0,"TT","O","",2022,4,2,"11/27/09",22.8,20.1627073100766,19.7018277194603,22.4671052631579,0,0,0,0,0,71.5,58.6,65.8,63.6,59.1,48.1,26.4,0,0,0,0,0,0,0,0,0,0,0,0,0,0,0,0,0,0,0,0,0,0,0,0,0,0,0,0,0,0,0,0,0,0,0,0,0,0,0,0,0,0,0,0,0,0,0,0,0,0,0,0,0,0,0,0,0,0,0,0,0,0,0,0,0,0,0,0,0,0,0,0,0,0,0,0,0,0,0,0,0,0,0,98.8,110.8,126.4,105.9,92.1,82.9,80.6,0,0,0,0,0,0,0,0,0,0,0,0,0,0,0,0,0,0,0,0,0,0,0,0,0,0,0,0,0,0,0,0,0,0,0,0,0,0,0,0,0,0,0,0,0,0,0,0,0,0,0,0,0,0,0,0,0,0,0,0,0,0,0,0,0,0,0,0,0,0,0,0,0,0,0,0,0,0,393.1,697.5,56.1571428571429,99.6428571428571,115,55,6,6
"032","04","A","W",2,90.1,1780,29,10,57,28,15,-12,1.5,1,1,0,90,"2212",29,90,101.7,69.4,60.8,77.6,88.8,88.3,80.3,64.4,42.3,20.6,19.3,24.9,17.2,14.6,20.4,33.9,42,58.7,65.7,75,86.1,90.1,86.4,69.9,51.5,31,15.3,14.1,30.8,46.6,55.4,63.3,75.5,84.1,85.9,81.4,71.3,60.5,51.8,47.2,39.1,35.1,37.9,46.2,49.1,49.8,56.2,59.8,60.9,56.9,49,43.4,46.6,54.6,44.5,34.6,26.9,29.5,38.5,43.2,61.7,64.9,59.7,51.7,38,13.1,25.6,42.7,54.7,59.7,59.6,53.9,54.7,50.8,34.2,30.2,46.1,57.4,68.4,69.7,65.6,55.7,43.3,34.3,36.9,49.9,60.5,64.8,59.7,52.2,47.2,27.6,34.9,46.7,41.5,27.1,10.1,25.5,49.9,78.9,101.8,107,91.4,74.5,66.6,68.6,87.5,97.7,90.8,72.3,69,77.1,88.8,95.3,98.9,97.2,86.1,74.2,56.1,40.6,34.6,34.9,47.2,67.4,80.4,90.3,97.2,104.2,113.2,124.7,125.2,118.1,108.9,99.1,82.7,66.3,50,43.5,31.1,30.2,44,62.2,80.8,97.8,107.1,98.7,88.7,74.7,68.5,70.7,74.3,63.9,53.5,51.1,58.4,76.8,85.5,80.1,66.4,55.2,49.1,36.9,33.5,49.9,71.3,93.2,89.1,87.1,95.6,109.1,112.2,118.7,114.8,98.8,82.9,72.8,71.5,60.9,51.1,46.3,"TT","O","",2022,5,2,"11/27/09",19.7558268590455,20.1627073100766,19.7018277194603,22.4671052631579,0,0,0,0,0,88.3,80.3,64.4,42.3,20.6,19.3,24.9,17.2,14.6,20.4,33.9,42,58.7,65.7,75,86.1,90.1,86.4,69.9,51.5,31,15.3,14.1,30.8,46.6,55.4,63.3,75.5,84.1,85.9,81.4,71.3,60.5,51.8,47.2,39.1,35.1,37.9,46.2,49.1,49.8,56.2,59.8,60.9,56.9,49,43.4,46.6,54.6,44.5,34.6,26.9,29.5,38.5,43.2,61.7,64.9,59.7,51.7,38,13.1,25.6,42.7,54.7,59.7,59.6,53.9,54.7,50.8,34.2,30.2,46.1,57.4,68.4,69.7,65.6,55.7,43.3,34.3,36.9,49.9,60.5,64.8,59.7,52.2,0,0,0,0,0,27.1,10.1,25.5,49.9,78.9,101.8,107,91.4,74.5,66.6,68.6,87.5,97.7,90.8,72.3,69,77.1,88.8,95.3,98.9,97.2,86.1,74.2,56.1,40.6,34.6,34.9,47.2,67.4,80.4,90.3,97.2,104.2,113.2,124.7,125.2,118.1,108.9,99.1,82.7,66.3,50,43.5,31.1,30.2,44,62.2,80.8,97.8,107.1,98.7,88.7,74.7,68.5,70.7,74.3,63.9,53.5,51.1,58.4,76.8,85.5,80.1,66.4,55.2,49.1,36.9,33.5,49.9,71.3,93.2,89.1,87.1,95.6,109.1,112.2,118.7,114.8,98.8,82.9,72.8,71.5,60.9,51.1,46.3,4287.3,6385.4,50.4388235294117,75.1223529411765,115,55,6,6
"033","04","A","E",2,30.4,683,19,14,32,48,20,61,1.5,0,2,0,90,"2212",29,30,62.2,51.9,36.1,29.4,43.2,62.4,62,75.4,86.6,95.5,91.8,75.7,58.9,38.2,28.3,27.9,34.2,46.4,60.3,70.3,74.9,75.9,76,80.5,86.5,94.7,105.9,105,97.9,90.7,0,0,0,0,0,0,0,0,0,0,0,0,0,0,0,0,0,0,0,0,0,0,0,0,0,0,0,0,0,0,0,0,0,0,0,0,0,0,0,0,0,0,0,0,0,0,0,0,0,0,0,0,0,0,0,0,0,0,0,0,106.2,85.8,64.2,66.3,86.6,82.6,65.9,51.4,52.9,67.6,80.7,88.9,96.4,107,112.1,112,105.8,99.1,90.8,77.1,61.6,47.9,29.8,9.6,14.6,38.1,64.9,75.9,85.4,90.2,0,0,0,0,0,0,0,0,0,0,0,0,0,0,0,0,0,0,0,0,0,0,0,0,0,0,0,0,0,0,0,0,0,0,0,0,0,0,0,0,0,0,0,0,0,0,0,0,0,0,0,0,0,0,0,0,0,0,0,0,"FS","O","",2022,6,2,"11/27/09",22.4671052631579,20.1627073100766,19.7018277194603,22.4671052631579,0,51.9,36.1,29.4,43.2,62.4,62,75.4,86.6,95.5,91.8,75.7,58.9,38.2,28.3,27.9,34.2,46.4,60.3,70.3,74.9,75.9,76,80.5,86.5,94.7,105.9,105,97.9,90.7,0,0,0,0,0,0,0,0,0,0,0,0,0,0,0,0,0,0,0,0,0,0,0,0,0,0,0,0,0,0,0,0,0,0,0,0,0,0,0,0,0,0,0,0,0,0,0,0,0,0,0,0,0,0,0,0,0,0,0,0,0,85.8,64.2,66.3,86.6,82.6,65.9,51.4,52.9,67.6,80.7,88.9,96.4,107,112.1,112,105.8,99.1,90.8,77.1,61.6,47.9,29.8,9.6,14.6,38.1,64.9,75.9,85.4,90.2,0,0,0,0,0,0,0,0,0,0,0,0,0,0,0,0,0,0,0,0,0,0,0,0,0,0,0,0,0,0,0,0,0,0,0,0,0,0,0,0,0,0,0,0,0,0,0,0,0,0,0,0,0,0,0,0,0,0,0,0,1962.5,2111.2,67.6724137931035,72.8,55,115,2,2
"001","05","A","N",2,22.4,507,36,38,35,45,20,81,1.5,1,1,0,90,"2212",1,22,113.8,113.5,110.6,98.7,73.4,48.3,59.4,79.4,94.8,101.4,104,99.4,83.2,58.4,30.4,21.8,46,57,51.2,41.2,29.7,14.9,0,0,0,0,0,0,0,0,0,0,0,0,0,0,0,0,0,0,0,0,0,0,0,0,0,0,0,0,0,0,0,0,0,0,0,0,0,0,0,0,0,0,0,0,0,0,0,0,0,0,0,0,0,0,0,0,0,0,0,0,0,0,0,0,0,0,0,0,55.2,51.8,34.4,13.3,14.4,48.6,65.5,70.1,64.7,61.8,55.1,34.9,19.4,31.2,57,85.3,106.3,116.6,117.6,121.2,115.3,101.5,0,0,0,0,0,0,0,0,0,0,0,0,0,0,0,0,0,0,0,0,0,0,0,0,0,0,0,0,0,0,0,0,0,0,0,0,0,0,0,0,0,0,0,0,0,0,0,0,0,0,0,0,0,0,0,0,0,0,0,0,0,0,0,0,0,0,0,0,"TT","O","",2022,1,3,"11/28/09",22.6339285714286,20.7559849074922,21.1250036711689,18.9108910891089,0,0,0,0,73.4,48.3,59.4,79.4,94.8,101.4,104,99.4,83.2,58.4,30.4,21.8,46,57,51.2,41.2,29.7,14.9,0,0,0,0,0,0,0,0,0,0,0,0,0,0,0,0,0,0,0,0,0,0,0,0,0,0,0,0,0,0,0,0,0,0,0,0,0,0,0,0,0,0,0,0,0,0,0,0,0,0,0,0,0,0,0,0,0,0,0,0,0,0,0,0,0,0,0,0,0,0,0,0,14.4,48.6,65.5,70.1,64.7,61.8,55.1,34.9,19.4,31.2,57,85.3,106.3,116.6,117.6,121.2,115.3,101.5,0,0,0,0,0,0,0,0,0,0,0,0,0,0,0,0,0,0,0,0,0,0,0,0,0,0,0,0,0,0,0,0,0,0,0,0,0,0,0,0,0,0,0,0,0,0,0,0,0,0,0,0,0,0,0,0,0,0,0,0,0,0,0,0,0,0,0,0,1093.9,1286.5,60.7722222222222,71.4722222222222,115,55,5,5
"002","05","A","S",2,90.1,1790,34,11,38,28,34,-50,1.5,0,0,0,90,"2212",1,90,51.7,41.2,56.5,76.8,89.9,102.7,105.4,99.8,90.2,76.3,53.5,32.1,14.2,15.4,22.3,37.8,59.2,70.2,75.1,77.3,72.3,60.7,48.3,42,32.9,27.7,23,19.1,17.6,20.9,25.6,35,46.8,60.4,63.3,54.9,45.7,34.2,22.7,20.3,28.5,49.1,60.7,67.9,70.2,70,60.8,43.5,31.4,33.5,36.4,52.4,72.9,79.9,81.6,63.9,47.1,30.3,27.2,42.8,63.8,72.3,89.4,97.9,100.7,98.4,92.5,84.4,64.4,44.7,33.3,37.7,49.1,64.3,85.2,103.2,112.7,117,115.5,109.6,107.8,105.7,98.3,84.3,67.5,49,32.1,24.2,22.2,28.6,101.6,71.1,40.8,23.6,27.6,48.7,69.3,82.6,92.7,102.7,107.5,104.3,87.5,72.5,68.6,72.4,64.6,52.7,49.5,32.3,18.2,28.3,51,74.7,103.5,112.6,108.7,97,79.7,73.5,62.6,61.7,76.2,97,114.1,117.8,121.4,118.3,105.4,103.4,98.1,100.4,107,109.2,107.9,105.3,112,111.4,98.9,87.9,83.9,82.3,94.4,100.2,99.4,102.5,98.8,88.5,70.6,48.6,31.6,27.6,38.7,58.9,77.6,85.2,91.3,99.2,105.5,102.9,92.3,79.5,65.7,49.1,38.9,42.6,49.1,54.1,52.3,61.5,67.1,76.5,85.3,94.9,97.3,97.7,91.3,81.4,68.9,58.8,"TT","O","",2022,2,3,"11/28/09",19.8668146503885,20.7559849074922,21.1250036711689,18.9108910891089,0,0,56.5,76.8,89.9,102.7,105.4,99.8,90.2,76.3,53.5,32.1,14.2,15.4,22.3,37.8,59.2,70.2,75.1,77.3,72.3,60.7,48.3,42,32.9,27.7,23,19.1,17.6,20.9,25.6,35,46.8,60.4,63.3,54.9,45.7,34.2,22.7,20.3,28.5,49.1,60.7,67.9,70.2,70,60.8,43.5,31.4,33.5,36.4,52.4,72.9,79.9,81.6,63.9,47.1,30.3,27.2,42.8,63.8,72.3,89.4,97.9,100.7,98.4,92.5,84.4,64.4,44.7,33.3,37.7,49.1,64.3,85.2,103.2,112.7,117,115.5,109.6,107.8,105.7,98.3,84.3,67.5,49,32.1,24.2,22.2,28.6,0,0,40.8,23.6,27.6,48.7,69.3,82.6,92.7,102.7,107.5,104.3,87.5,72.5,68.6,72.4,64.6,52.7,49.5,32.3,18.2,28.3,51,74.7,103.5,112.6,108.7,97,79.7,73.5,62.6,61.7,76.2,97,114.1,117.8,121.4,118.3,105.4,103.4,98.1,100.4,107,109.2,107.9,105.3,112,111.4,98.9,87.9,83.9,82.3,94.4,100.2,99.4,102.5,98.8,88.5,70.6,48.6,31.6,27.6,38.7,58.9,77.6,85.2,91.3,99.2,105.5,102.9,92.3,79.5,65.7,49.1,38.9,42.6,49.1,54.1,52.3,61.5,67.1,76.5,85.3,94.9,97.3,97.7,91.3,81.4,68.9,58.8,5234,6955.1,59.4772727272727,79.0352272727273,55,115,3,3
"003","05","A","W",2,90.1,1694,38,11,22,20,58,-14,1.5,0,0,0,90,"2212",1,90,105.8,99.3,86.4,79.6,70.1,53.6,29.5,16.2,13.7,18.3,23.2,28.5,38.8,51.4,63.5,67.6,63,55.5,50.8,41.7,30.6,24,31.9,43.5,48.1,51.4,53.4,54.5,51.5,46.9,50.7,65.6,85.4,93.1,91.1,88,85.5,77.8,70.5,62.6,52.2,46.3,44.4,43.7,45.8,47.8,51.8,59.6,66.7,78.9,91.2,98,102.2,106.3,113.7,118,116.2,116.5,122.8,120.9,118.1,112,106.9,101.8,91.3,84.1,75.2,68.5,58.8,50.6,49,46.3,42.8,40.3,42.5,40.6,40.2,44.3,44.1,41.1,40.2,38.6,39.7,40.5,44.7,56.7,70.3,78.6,84.8,87.7,45.6,39,36.8,48.4,70.6,87.4,100.8,101.8,90.4,75.7,68.1,59.4,59.8,73.7,96.9,111.8,113.4,119.1,120.6,117.6,113.5,109.8,107,99.1,84.5,74.1,64.7,50.8,37.9,42.2,56.9,71.7,91.8,93,91.7,92.5,97.2,103.1,108.5,114.4,122.2,127,127,128.2,132.2,131.6,129.1,125.2,116.8,112.7,107.6,97.6,85.4,70.9,59.8,53.3,42.5,33.3,38.6,42.7,50.6,65.2,74.8,79,87.9,97.3,106,111.2,116.9,122.5,122.7,124.6,126.5,126.8,129,127.2,126.9,130.7,127.8,119.1,106,88.2,70.9,62.9,44.6,33,40.1,65,84.1,94.5,"TT","O","",2022,3,3,"11/28/09",18.8013318534961,20.7559849074922,21.1250036711689,18.9108910891089,0,0,0,0,70.1,53.6,29.5,16.2,13.7,18.3,23.2,28.5,38.8,51.4,63.5,67.6,63,55.5,50.8,41.7,30.6,24,31.9,43.5,48.1,51.4,53.4,54.5,51.5,46.9,50.7,65.6,85.4,93.1,91.1,88,85.5,77.8,70.5,62.6,52.2,46.3,44.4,43.7,45.8,47.8,51.8,59.6,66.7,78.9,91.2,98,102.2,106.3,113.7,118,116.2,116.5,122.8,120.9,118.1,112,106.9,101.8,91.3,84.1,75.2,68.5,58.8,50.6,49,46.3,42.8,40.3,42.5,40.6,40.2,44.3,44.1,41.1,40.2,38.6,39.7,40.5,44.7,56.7,70.3,78.6,84.8,87.7,0,0,0,0,70.6,87.4,100.8,101.8,90.4,75.7,68.1,59.4,59.8,73.7,96.9,111.8,113.4,119.1,120.6,117.6,113.5,109.8,107,99.1,84.5,74.1,64.7,50.8,37.9,42.2,56.9,71.7,91.8,93,91.7,92.5,97.2,103.1,108.5,114.4,122.2,127,127,128.2,132.2,131.6,129.1,125.2,116.8,112.7,107.6,97.6,85.4,70.9,59.8,53.3,42.5,33.3,38.6,42.7,50.6,65.2,74.8,79,87.9,97.3,106,111.2,116.9,122.5,122.7,124.6,126.5,126.8,129,127.2,126.9,130.7,127.8,119.1,106,88.2,70.9,62.9,44.6,33,40.1,65,84.1,94.5,5414.8,7917.2,62.9627906976745,92.0604651162791,115,55,5,5
"001","06","A","E",2,7.6,176,24,0,54,29,17,83,1.5,1,0,0,90,"2212",1,7,68.2,70.4,71.9,70.7,61.3,45.1,26.1,0,0,0,0,0,0,0,0,0,0,0,0,0,0,0,0,0,0,0,0,0,0,0,0,0,0,0,0,0,0,0,0,0,0,0,0,0,0,0,0,0,0,0,0,0,0,0,0,0,0,0,0,0,0,0,0,0,0,0,0,0,0,0,0,0,0,0,0,0,0,0,0,0,0,0,0,0,0,0,0,0,0,0,115.7,98.7,81.7,70.2,50.7,45.6,62.2,0,0,0,0,0,0,0,0,0,0,0,0,0,0,0,0,0,0,0,0,0,0,0,0,0,0,0,0,0,0,0,0,0,0,0,0,0,0,0,0,0,0,0,0,0,0,0,0,0,0,0,0,0,0,0,0,0,0,0,0,0,0,0,0,0,0,0,0,0,0,0,0,0,0,0,0,0,0,0,0,0,0,0,"TT","O","",2022,4,3,"11/29/09",23.1578947368421,20.7559849074922,21.1250036711689,18.9108910891089,0,0,71.9,70.7,61.3,45.1,26.1,0,0,0,0,0,0,0,0,0,0,0,0,0,0,0,0,0,0,0,0,0,0,0,0,0,0,0,0,0,0,0,0,0,0,0,0,0,0,0,0,0,0,0,0,0,0,0,0,0,0,0,0,0,0,0,0,0,0,0,0,0,0,0,0,0,0,0,0,0,0,0,0,0,0,0,0,0,0,0,0,0,0,0,0,0,81.7,70.2,50.7,45.6,62.2,0,0,0,0,0,0,0,0,0,0,0,0,0,0,0,0,0,0,0,0,0,0,0,0,0,0,0,0,0,0,0,0,0,0,0,0,0,0,0,0,0,0,0,0,0,0,0,0,0,0,0,0,0,0,0,0,0,0,0,0,0,0,0,0,0,0,0,0,0,0,0,0,0,0,0,0,0,0,0,0,0,0,0,275.1,310.4,55.02,62.08,55,115,3,3
"002","06","A","S",2,10.3,218,18,2,3,50,47,-83,1.5,1,0,0,90,"2212",1,10,56.8,63,82.3,96.7,96.3,96.2,89,66.5,42.9,19.7,0,0,0,0,0,0,0,0,0,0,0,0,0,0,0,0,0,0,0,0,0,0,0,0,0,0,0,0,0,0,0,0,0,0,0,0,0,0,0,0,0,0,0,0,0,0,0,0,0,0,0,0,0,0,0,0,0,0,0,0,0,0,0,0,0,0,0,0,0,0,0,0,0,0,0,0,0,0,0,0,103.6,88.6,80,81.7,82.7,83.2,92.9,97.6,100.6,97.5,0,0,0,0,0,0,0,0,0,0,0,0,0,0,0,0,0,0,0,0,0,0,0,0,0,0,0,0,0,0,0,0,0,0,0,0,0,0,0,0,0,0,0,0,0,0,0,0,0,0,0,0,0,0,0,0,0,0,0,0,0,0,0,0,0,0,0,0,0,0,0,0,0,0,0,0,0,0,0,0,"TT","O","",2022,5,3,"11/29/09",21.1650485436893,20.7559849074922,21.1250036711689,18.9108910891089,0,0,82.3,96.7,96.3,96.2,89,66.5,42.9,19.7,0,0,0,0,0,0,0,0,0,0,0,0,0,0,0,0,0,0,0,0,0,0,0,0,0,0,0,0,0,0,0,0,0,0,0,0,0,0,0,0,0,0,0,0,0,0,0,0,0,0,0,0,0,0,0,0,0,0,0,0,0,0,0,0,0,0,0,0,0,0,0,0,0,0,0,0,0,0,0,0,0,0,80,81.7,82.7,83.2,92.9,97.6,100.6,97.5,0,0,0,0,0,0,0,0,0,0,0,0,0,0,0,0,0,0,0,0,0,0,0,0,0,0,0,0,0,0,0,0,0,0,0,0,0,0,0,0,0,0,0,0,0,0,0,0,0,0,0,0,0,0,0,0,0,0,0,0,0,0,0,0,0,0,0,0,0,0,0,0,0,0,0,0,0,0,0,0,589.6,716.2,73.7,89.525,55,115,3,3
"003","06","A","W",2,30.3,573,37,25,18,30,52,-46,1.5,2,1,0,90,"2212",1,30,96.8,98.4,116.4,121.6,122.2,121.3,117.3,107.4,92.2,70.4,55.8,50,55.5,53.9,54.9,50.2,43.5,37.6,26.4,12.6,10.1,14.5,31.2,49.7,69.3,79.7,80.6,81.4,74.9,66.3,0,0,0,0,0,0,0,0,0,0,0,0,0,0,0,0,0,0,0,0,0,0,0,0,0,0,0,0,0,0,0,0,0,0,0,0,0,0,0,0,0,0,0,0,0,0,0,0,0,0,0,0,0,0,0,0,0,0,0,0,28.6,13,30.8,35.8,35.7,38.3,44.2,50.5,56.5,68,81.3,104.4,118.5,116.5,115.2,118.2,124,123.8,112.1,94.3,78.2,72.8,63.5,65.5,82.4,96.7,99,100,106.5,111.8,0,0,0,0,0,0,0,0,0,0,0,0,0,0,0,0,0,0,0,0,0,0,0,0,0,0,0,0,0,0,0,0,0,0,0,0,0,0,0,0,0,0,0,0,0,0,0,0,0,0,0,0,0,0,0,0,0,0,0,0,"FS","O","",2022,6,3,"11/29/09",18.9108910891089,20.7559849074922,21.1250036711689,18.9108910891089,0,0,0,0,0,121.3,117.3,107.4,92.2,70.4,55.8,50,55.5,53.9,54.9,50.2,43.5,37.6,26.4,12.6,10.1,14.5,31.2,49.7,69.3,79.7,80.6,81.4,74.9,66.3,0,0,0,0,0,0,0,0,0,0,0,0,0,0,0,0,0,0,0,0,0,0,0,0,0,0,0,0,0,0,0,0,0,0,0,0,0,0,0,0,0,0,0,0,0,0,0,0,0,0,0,0,0,0,0,0,0,0,0,0,0,0,0,0,0,38.3,44.2,50.5,56.5,68,81.3,104.4,118.5,116.5,115.2,118.2,124,123.8,112.1,94.3,78.2,72.8,63.5,65.5,82.4,96.7,99,100,106.5,111.8,0,0,0,0,0,0,0,0,0,0,0,0,0,0,0,0,0,0,0,0,0,0,0,0,0,0,0,0,0,0,0,0,0,0,0,0,0,0,0,0,0,0,0,0,0,0,0,0,0,0,0,0,0,0,0,0,0,0,0,0,1506.7,2242.2,60.268,89.688,115,55,6,6
"004","05","A","N",2,13.4,276,45,53,54,42,4,51,1.5,1,1,0,90,"2212",7,13,111.3,105.2,96.2,86.4,79,71.5,59.2,35.8,17.3,27.7,25.9,19.5,13,0,0,0,0,0,0,0,0,0,0,0,0,0,0,0,0,0,0,0,0,0,0,0,0,0,0,0,0,0,0,0,0,0,0,0,0,0,0,0,0,0,0,0,0,0,0,0,0,0,0,0,0,0,0,0,0,0,0,0,0,0,0,0,0,0,0,0,0,0,0,0,0,0,0,0,0,0,59.2,42,21.9,7.7,8,15.6,27.8,51.1,80.3,111.4,110.6,102.2,97.3,0,0,0,0,0,0,0,0,0,0,0,0,0,0,0,0,0,0,0,0,0,0,0,0,0,0,0,0,0,0,0,0,0,0,0,0,0,0,0,0,0,0,0,0,0,0,0,0,0,0,0,0,0,0,0,0,0,0,0,0,0,0,0,0,0,0,0,0,0,0,0,0,0,0,0,0,0,"TT","O","",2022,1,3,"11/28/09",20.5970149253731,24.5932736938774,24.5414366293742,24.8524590163934,0,0,0,0,79,71.5,59.2,35.8,17.3,27.7,25.9,19.5,13,0,0,0,0,0,0,0,0,0,0,0,0,0,0,0,0,0,0,0,0,0,0,0,0,0,0,0,0,0,0,0,0,0,0,0,0,0,0,0,0,0,0,0,0,0,0,0,0,0,0,0,0,0,0,0,0,0,0,0,0,0,0,0,0,0,0,0,0,0,0,0,0,0,0,0,0,0,0,0,0,0,8,15.6,27.8,51.1,80.3,111.4,110.6,102.2,97.3,0,0,0,0,0,0,0,0,0,0,0,0,0,0,0,0,0,0,0,0,0,0,0,0,0,0,0,0,0,0,0,0,0,0,0,0,0,0,0,0,0,0,0,0,0,0,0,0,0,0,0,0,0,0,0,0,0,0,0,0,0,0,0,0,0,0,0,0,0,0,0,0,0,0,0,0,0,348.9,604.3,38.7666666666667,67.1444444444444,115,55,5,5
"005","05","A","S",2,2.1,53,95,0,25,40,35,42,1.5,1,0,0,90,"2212",7,2,37,22.3,0,0,0,0,0,0,0,0,0,0,0,0,0,0,0,0,0,0,0,0,0,0,0,0,0,0,0,0,0,0,0,0,0,0,0,0,0,0,0,0,0,0,0,0,0,0,0,0,0,0,0,0,0,0,0,0,0,0,0,0,0,0,0,0,0,0,0,0,0,0,0,0,0,0,0,0,0,0,0,0,0,0,0,0,0,0,0,0,115.4,94.5,0,0,0,0,0,0,0,0,0,0,0,0,0,0,0,0,0,0,0,0,0,0,0,0,0,0,0,0,0,0,0,0,0,0,0,0,0,0,0,0,0,0,0,0,0,0,0,0,0,0,0,0,0,0,0,0,0,0,0,0,0,0,0,0,0,0,0,0,0,0,0,0,0,0,0,0,0,0,0,0,0,0,0,0,0,0,0,0,"TT","O","",2022,2,3,"11/28/09",25.2380952380952,24.5932736938774,24.5414366293742,24.8524590163934,0,0,0,0,0,0,0,0,0,0,0,0,0,0,0,0,0,0,0,0,0,0,0,0,0,0,0,0,0,0,0,0,0,0,0,0,0,0,0,0,0,0,0,0,0,0,0,0,0,0,0,0,0,0,0,0,0,0,0,0,0,0,0,0,0,0,0,0,0,0,0,0,0,0,0,0,0,0,0,0,0,0,0,0,0,0,0,0,0,0,0,0,0,0,0,0,0,0,0,0,0,0,0,0,0,0,0,0,0,0,0,0,0,0,0,0,0,0,0,0,0,0,0,0,0,0,0,0,0,0,0,0,0,0,0,0,0,0,0,0,0,0,0,0,0,0,0,0,0,0,0,0,0,0,0,0,0,0,0,0,0,0,0,0,0,0,0,0,0,0,0,0,0,0,0,0,0,0,0,0,0,0,0,0,55,115,2,2
"006","05","A","W",2,4.1,122,22,3,50,32,18,18,1.5,1,0,0,90,"2212",7,4,109.1,88.1,51.8,15.8,0,0,0,0,0,0,0,0,0,0,0,0,0,0,0,0,0,0,0,0,0,0,0,0,0,0,0,0,0,0,0,0,0,0,0,0,0,0,0,0,0,0,0,0,0,0,0,0,0,0,0,0,0,0,0,0,0,0,0,0,0,0,0,0,0,0,0,0,0,0,0,0,0,0,0,0,0,0,0,0,0,0,0,0,0,0,56.3,58.1,65.2,81.4,0,0,0,0,0,0,0,0,0,0,0,0,0,0,0,0,0,0,0,0,0,0,0,0,0,0,0,0,0,0,0,0,0,0,0,0,0,0,0,0,0,0,0,0,0,0,0,0,0,0,0,0,0,0,0,0,0,0,0,0,0,0,0,0,0,0,0,0,0,0,0,0,0,0,0,0,0,0,0,0,0,0,0,0,0,0,"TT","O","",2022,3,3,"11/28/09",29.7560975609756,24.5932736938774,24.5414366293742,24.8524590163934,0,0,0,0,0,0,0,0,0,0,0,0,0,0,0,0,0,0,0,0,0,0,0,0,0,0,0,0,0,0,0,0,0,0,0,0,0,0,0,0,0,0,0,0,0,0,0,0,0,0,0,0,0,0,0,0,0,0,0,0,0,0,0,0,0,0,0,0,0,0,0,0,0,0,0,0,0,0,0,0,0,0,0,0,0,0,0,0,0,0,0,0,0,0,0,0,0,0,0,0,0,0,0,0,0,0,0,0,0,0,0,0,0,0,0,0,0,0,0,0,0,0,0,0,0,0,0,0,0,0,0,0,0,0,0,0,0,0,0,0,0,0,0,0,0,0,0,0,0,0,0,0,0,0,0,0,0,0,0,0,0,0,0,0,0,0,0,0,0,0,0,0,0,0,0,0,0,0,0,0,0,0,0,0,115,55,5,4
"004","06","A","E",2,4.2,100,21,4,60,29,11,45,1.5,0,0,0,90,"2212",7,4,59,52,44.2,24.8,0,0,0,0,0,0,0,0,0,0,0,0,0,0,0,0,0,0,0,0,0,0,0,0,0,0,0,0,0,0,0,0,0,0,0,0,0,0,0,0,0,0,0,0,0,0,0,0,0,0,0,0,0,0,0,0,0,0,0,0,0,0,0,0,0,0,0,0,0,0,0,0,0,0,0,0,0,0,0,0,0,0,0,0,0,0,105,86.7,67.9,67.1,0,0,0,0,0,0,0,0,0,0,0,0,0,0,0,0,0,0,0,0,0,0,0,0,0,0,0,0,0,0,0,0,0,0,0,0,0,0,0,0,0,0,0,0,0,0,0,0,0,0,0,0,0,0,0,0,0,0,0,0,0,0,0,0,0,0,0,0,0,0,0,0,0,0,0,0,0,0,0,0,0,0,0,0,0,0,"TT","O","",2022,4,3,"11/29/09",23.8095238095238,24.5932736938774,24.5414366293742,24.8524590163934,0,52,44.2,24.8,0,0,0,0,0,0,0,0,0,0,0,0,0,0,0,0,0,0,0,0,0,0,0,0,0,0,0,0,0,0,0,0,0,0,0,0,0,0,0,0,0,0,0,0,0,0,0,0,0,0,0,0,0,0,0,0,0,0,0,0,0,0,0,0,0,0,0,0,0,0,0,0,0,0,0,0,0,0,0,0,0,0,0,0,0,0,0,86.7,67.9,67.1,0,0,0,0,0,0,0,0,0,0,0,0,0,0,0,0,0,0,0,0,0,0,0,0,0,0,0,0,0,0,0,0,0,0,0,0,0,0,0,0,0,0,0,0,0,0,0,0,0,0,0,0,0,0,0,0,0,0,0,0,0,0,0,0,0,0,0,0,0,0,0,0,0,0,0,0,0,0,0,0,0,0,0,0,0,0,121,221.7,40.3333333333333,73.9,55,115,2,2
"005","06","A","S",2,24.8,578,55,3,35,37,28,40,1.5,1,0,0,90,"2212",7,24,50.3,25.6,10.6,8.6,17.8,24.3,21.1,20.8,23.9,49.1,71.2,71,45,23.8,21.6,43.9,67.6,80.4,87.4,89.6,90,77.5,58.6,37.2,0,0,0,0,0,0,0,0,0,0,0,0,0,0,0,0,0,0,0,0,0,0,0,0,0,0,0,0,0,0,0,0,0,0,0,0,0,0,0,0,0,0,0,0,0,0,0,0,0,0,0,0,0,0,0,0,0,0,0,0,0,0,0,0,0,0,116.4,102.4,85.9,81.1,83.5,97.5,105,87.4,85.5,87.8,99.4,101.8,98.3,98.5,106.5,117.4,125.1,119.1,105.6,89.5,84.1,73.3,70.9,74.5,0,0,0,0,0,0,0,0,0,0,0,0,0,0,0,0,0,0,0,0,0,0,0,0,0,0,0,0,0,0,0,0,0,0,0,0,0,0,0,0,0,0,0,0,0,0,0,0,0,0,0,0,0,0,0,0,0,0,0,0,0,0,0,0,0,0,"TT","O","",2022,5,3,"11/29/09",23.3064516129032,24.5932736938774,24.5414366293742,24.8524590163934,0,25.6,10.6,8.6,17.8,24.3,21.1,20.8,23.9,49.1,71.2,71,45,23.8,21.6,43.9,67.6,80.4,87.4,89.6,90,77.5,58.6,37.2,0,0,0,0,0,0,0,0,0,0,0,0,0,0,0,0,0,0,0,0,0,0,0,0,0,0,0,0,0,0,0,0,0,0,0,0,0,0,0,0,0,0,0,0,0,0,0,0,0,0,0,0,0,0,0,0,0,0,0,0,0,0,0,0,0,0,0,102.4,85.9,81.1,83.5,97.5,105,87.4,85.5,87.8,99.4,101.8,98.3,98.5,106.5,117.4,125.1,119.1,105.6,89.5,84.1,73.3,70.9,74.5,0,0,0,0,0,0,0,0,0,0,0,0,0,0,0,0,0,0,0,0,0,0,0,0,0,0,0,0,0,0,0,0,0,0,0,0,0,0,0,0,0,0,0,0,0,0,0,0,0,0,0,0,0,0,0,0,0,0,0,0,0,0,0,0,0,0,1066.6,2180.1,46.3739130434783,94.7869565217391,55,115,2,2
"006","06","A","W",2,30.5,758,38,17,47,26,27,38,1.5,1,1,0,90,"2212",7,30,108.9,83.4,54.5,32.5,22.8,44.4,70.9,72.8,71.2,64.4,44.7,27.7,25.7,37.6,46.6,43.4,35.1,17.5,7.9,30,56.2,82.2,108.9,118.9,111.7,106.5,100.2,87.4,64.3,39.9,0,0,0,0,0,0,0,0,0,0,0,0,0,0,0,0,0,0,0,0,0,0,0,0,0,0,0,0,0,0,0,0,0,0,0,0,0,0,0,0,0,0,0,0,0,0,0,0,0,0,0,0,0,0,0,0,0,0,0,0,61,55.7,47.7,55.2,79,108.2,126.5,112,90,75.8,63.1,60.8,80.5,105,123.2,128.7,120.9,102.4,82,59.8,44.7,46.7,60.4,61.6,46,27.3,14.2,7.8,25.8,54.5,0,0,0,0,0,0,0,0,0,0,0,0,0,0,0,0,0,0,0,0,0,0,0,0,0,0,0,0,0,0,0,0,0,0,0,0,0,0,0,0,0,0,0,0,0,0,0,0,0,0,0,0,0,0,0,0,0,0,0,0,"FS","O","",2022,6,3,"11/29/09",24.8524590163934,24.5932736938774,24.5414366293742,24.8524590163934,0,0,0,0,22.8,44.4,70.9,72.8,71.2,64.4,44.7,27.7,25.7,37.6,46.6,43.4,35.1,17.5,7.9,30,56.2,82.2,108.9,118.9,111.7,106.5,100.2,87.4,64.3,39.9,0,0,0,0,0,0,0,0,0,0,0,0,0,0,0,0,0,0,0,0,0,0,0,0,0,0,0,0,0,0,0,0,0,0,0,0,0,0,0,0,0,0,0,0,0,0,0,0,0,0,0,0,0,0,0,0,0,0,0,0,0,0,0,0,79,108.2,126.5,112,90,75.8,63.1,60.8,80.5,105,123.2,128.7,120.9,102.4,82,59.8,44.7,46.7,60.4,61.6,46,27.3,14.2,7.8,25.8,54.5,0,0,0,0,0,0,0,0,0,0,0,0,0,0,0,0,0,0,0,0,0,0,0,0,0,0,0,0,0,0,0,0,0,0,0,0,0,0,0,0,0,0,0,0,0,0,0,0,0,0,0,0,0,0,0,0,0,0,0,0,1538.9,1906.9,59.1884615384616,73.3423076923077,115,55,5,5
"010","05","A","N",2,7.1,181,30,8,4,81,15,-40,1.5,1,0,0,90,"2212",9,7,111.8,103.3,81.7,68.8,59.1,40.4,15.1,0,0,0,0,0,0,0,0,0,0,0,0,0,0,0,0,0,0,0,0,0,0,0,0,0,0,0,0,0,0,0,0,0,0,0,0,0,0,0,0,0,0,0,0,0,0,0,0,0,0,0,0,0,0,0,0,0,0,0,0,0,0,0,0,0,0,0,0,0,0,0,0,0,0,0,0,0,0,0,0,0,0,0,60.5,59.5,67.7,92.7,108.9,109.7,98.4,0,0,0,0,0,0,0,0,0,0,0,0,0,0,0,0,0,0,0,0,0,0,0,0,0,0,0,0,0,0,0,0,0,0,0,0,0,0,0,0,0,0,0,0,0,0,0,0,0,0,0,0,0,0,0,0,0,0,0,0,0,0,0,0,0,0,0,0,0,0,0,0,0,0,0,0,0,0,0,0,0,0,0,"TT","O","",2022,1,3,"11/28/09",25.4929577464789,24.1686488477678,23.7564769779771,26.2295081967213,0,0,0,0,59.1,40.4,15.1,0,0,0,0,0,0,0,0,0,0,0,0,0,0,0,0,0,0,0,0,0,0,0,0,0,0,0,0,0,0,0,0,0,0,0,0,0,0,0,0,0,0,0,0,0,0,0,0,0,0,0,0,0,0,0,0,0,0,0,0,0,0,0,0,0,0,0,0,0,0,0,0,0,0,0,0,0,0,0,0,0,0,0,0,0,0,0,108.9,109.7,98.4,0,0,0,0,0,0,0,0,0,0,0,0,0,0,0,0,0,0,0,0,0,0,0,0,0,0,0,0,0,0,0,0,0,0,0,0,0,0,0,0,0,0,0,0,0,0,0,0,0,0,0,0,0,0,0,0,0,0,0,0,0,0,0,0,0,0,0,0,0,0,0,0,0,0,0,0,0,0,0,0,0,0,0,114.6,317,38.2,105.666666666667,115,55,5,5
"011","05","A","S",2,7.5,196,17,27,79,16,5,-60,1.5,0,0,0,90,"2212",9,7,53.8,51.9,61.4,60.7,52,38.1,27.1,0,0,0,0,0,0,0,0,0,0,0,0,0,0,0,0,0,0,0,0,0,0,0,0,0,0,0,0,0,0,0,0,0,0,0,0,0,0,0,0,0,0,0,0,0,0,0,0,0,0,0,0,0,0,0,0,0,0,0,0,0,0,0,0,0,0,0,0,0,0,0,0,0,0,0,0,0,0,0,0,0,0,0,99.8,68,35.8,26.4,37.2,64.8,88.7,0,0,0,0,0,0,0,0,0,0,0,0,0,0,0,0,0,0,0,0,0,0,0,0,0,0,0,0,0,0,0,0,0,0,0,0,0,0,0,0,0,0,0,0,0,0,0,0,0,0,0,0,0,0,0,0,0,0,0,0,0,0,0,0,0,0,0,0,0,0,0,0,0,0,0,0,0,0,0,0,0,0,0,"TT","O","",2022,2,3,"11/28/09",26.1333333333333,24.1686488477678,23.7564769779771,26.2295081967213,0,51.9,61.4,60.7,52,38.1,27.1,0,0,0,0,0,0,0,0,0,0,0,0,0,0,0,0,0,0,0,0,0,0,0,0,0,0,0,0,0,0,0,0,0,0,0,0,0,0,0,0,0,0,0,0,0,0,0,0,0,0,0,0,0,0,0,0,0,0,0,0,0,0,0,0,0,0,0,0,0,0,0,0,0,0,0,0,0,0,0,0,0,0,0,0,68,35.8,26.4,37.2,64.8,88.7,0,0,0,0,0,0,0,0,0,0,0,0,0,0,0,0,0,0,0,0,0,0,0,0,0,0,0,0,0,0,0,0,0,0,0,0,0,0,0,0,0,0,0,0,0,0,0,0,0,0,0,0,0,0,0,0,0,0,0,0,0,0,0,0,0,0,0,0,0,0,0,0,0,0,0,0,0,0,0,0,0,0,0,291.2,320.9,48.5333333333333,53.4833333333333,55,115,2,2
"012","05","A","W",2,28.9,666,21,12,54,34,12,-4,1.5,2,1,0,90,"2212",9,28,102.3,80.2,56.8,56.7,47.4,22.2,17.7,27.8,49.7,73.6,90.5,94,90.6,86.8,90.9,100.9,108.5,100.8,86.6,86.2,72.3,50.9,33.4,20.5,35.6,48.3,42.1,33.3,0,0,0,0,0,0,0,0,0,0,0,0,0,0,0,0,0,0,0,0,0,0,0,0,0,0,0,0,0,0,0,0,0,0,0,0,0,0,0,0,0,0,0,0,0,0,0,0,0,0,0,0,0,0,0,0,0,0,0,0,0,0,49.2,41.7,52.1,63.4,77.8,92.3,102.1,93.1,81.6,71.3,61.5,54.4,33.5,8.3,25.3,53.7,68.8,69.1,80.5,92.3,79.9,69.6,68.6,85.6,90.3,75.3,61.7,61.4,0,0,0,0,0,0,0,0,0,0,0,0,0,0,0,0,0,0,0,0,0,0,0,0,0,0,0,0,0,0,0,0,0,0,0,0,0,0,0,0,0,0,0,0,0,0,0,0,0,0,0,0,0,0,0,0,0,0,0,0,0,0,"TT","O","",2022,3,3,"11/28/09",23.0449826989619,24.1686488477678,23.7564769779771,26.2295081967213,0,0,0,0,47.4,22.2,17.7,27.8,49.7,73.6,90.5,94,90.6,86.8,90.9,100.9,108.5,100.8,86.6,86.2,72.3,50.9,33.4,20.5,35.6,48.3,42.1,33.3,0,0,0,0,0,0,0,0,0,0,0,0,0,0,0,0,0,0,0,0,0,0,0,0,0,0,0,0,0,0,0,0,0,0,0,0,0,0,0,0,0,0,0,0,0,0,0,0,0,0,0,0,0,0,0,0,0,0,0,0,0,0,0,0,0,0,77.8,92.3,102.1,93.1,81.6,71.3,61.5,54.4,33.5,8.3,25.3,53.7,68.8,69.1,80.5,92.3,79.9,69.6,68.6,85.6,90.3,75.3,61.7,61.4,0,0,0,0,0,0,0,0,0,0,0,0,0,0,0,0,0,0,0,0,0,0,0,0,0,0,0,0,0,0,0,0,0,0,0,0,0,0,0,0,0,0,0,0,0,0,0,0,0,0,0,0,0,0,0,0,0,0,0,0,0,0,1510.6,1658,62.9416666666667,69.0833333333333,115,55,5,5
"010","06","A","E",2,3,59,79,11,3,34,63,-19,1.5,0,0,0,90,"2212",9,2,63.5,54.3,0,0,0,0,0,0,0,0,0,0,0,0,0,0,0,0,0,0,0,0,0,0,0,0,0,0,0,0,0,0,0,0,0,0,0,0,0,0,0,0,0,0,0,0,0,0,0,0,0,0,0,0,0,0,0,0,0,0,0,0,0,0,0,0,0,0,0,0,0,0,0,0,0,0,0,0,0,0,0,0,0,0,0,0,0,0,0,0,123.5,119.2,0,0,0,0,0,0,0,0,0,0,0,0,0,0,0,0,0,0,0,0,0,0,0,0,0,0,0,0,0,0,0,0,0,0,0,0,0,0,0,0,0,0,0,0,0,0,0,0,0,0,0,0,0,0,0,0,0,0,0,0,0,0,0,0,0,0,0,0,0,0,0,0,0,0,0,0,0,0,0,0,0,0,0,0,0,0,0,0,"TT","O","",2022,4,3,"11/29/09",19.6666666666667,24.1686488477678,23.7564769779771,26.2295081967213,0,54.3,0,0,0,0,0,0,0,0,0,0,0,0,0,0,0,0,0,0,0,0,0,0,0,0,0,0,0,0,0,0,0,0,0,0,0,0,0,0,0,0,0,0,0,0,0,0,0,0,0,0,0,0,0,0,0,0,0,0,0,0,0,0,0,0,0,0,0,0,0,0,0,0,0,0,0,0,0,0,0,0,0,0,0,0,0,0,0,0,0,119.2,0,0,0,0,0,0,0,0,0,0,0,0,0,0,0,0,0,0,0,0,0,0,0,0,0,0,0,0,0,0,0,0,0,0,0,0,0,0,0,0,0,0,0,0,0,0,0,0,0,0,0,0,0,0,0,0,0,0,0,0,0,0,0,0,0,0,0,0,0,0,0,0,0,0,0,0,0,0,0,0,0,0,0,0,0,0,0,0,54.3,119.2,54.3,119.2,55,115,2,2
"011","06","A","S",2,6.3,154,56,4,83,11,6,-66,1.5,1,0,0,90,"2212",9,6,56.1,51.4,36.7,32.3,28.3,13.1,0,0,0,0,0,0,0,0,0,0,0,0,0,0,0,0,0,0,0,0,0,0,0,0,0,0,0,0,0,0,0,0,0,0,0,0,0,0,0,0,0,0,0,0,0,0,0,0,0,0,0,0,0,0,0,0,0,0,0,0,0,0,0,0,0,0,0,0,0,0,0,0,0,0,0,0,0,0,0,0,0,0,0,0,97.2,64.4,54.2,57.6,71.2,81.4,0,0,0,0,0,0,0,0,0,0,0,0,0,0,0,0,0,0,0,0,0,0,0,0,0,0,0,0,0,0,0,0,0,0,0,0,0,0,0,0,0,0,0,0,0,0,0,0,0,0,0,0,0,0,0,0,0,0,0,0,0,0,0,0,0,0,0,0,0,0,0,0,0,0,0,0,0,0,0,0,0,0,0,0,"TT","O","",2022,5,3,"11/29/09",24.4444444444444,24.1686488477678,23.7564769779771,26.2295081967213,0,51.4,36.7,32.3,28.3,13.1,0,0,0,0,0,0,0,0,0,0,0,0,0,0,0,0,0,0,0,0,0,0,0,0,0,0,0,0,0,0,0,0,0,0,0,0,0,0,0,0,0,0,0,0,0,0,0,0,0,0,0,0,0,0,0,0,0,0,0,0,0,0,0,0,0,0,0,0,0,0,0,0,0,0,0,0,0,0,0,0,0,0,0,0,0,64.4,54.2,57.6,71.2,81.4,0,0,0,0,0,0,0,0,0,0,0,0,0,0,0,0,0,0,0,0,0,0,0,0,0,0,0,0,0,0,0,0,0,0,0,0,0,0,0,0,0,0,0,0,0,0,0,0,0,0,0,0,0,0,0,0,0,0,0,0,0,0,0,0,0,0,0,0,0,0,0,0,0,0,0,0,0,0,0,0,0,0,0,0,161.8,328.8,32.36,65.76,55,115,2,2
"012","06","A","W",2,30.5,800,25,27,69,24,7,-48,1.5,1,1,0,90,"2212",9,30,107.9,86.8,67.1,42.1,29,50.9,74.3,76.7,82.2,79.3,77.1,63.8,51.9,37.6,23.9,33.9,50,55.4,64.2,72.3,65,58.6,58.2,53.5,44.5,25.3,8.6,21.2,48,59.3,0,0,0,0,0,0,0,0,0,0,0,0,0,0,0,0,0,0,0,0,0,0,0,0,0,0,0,0,0,0,0,0,0,0,0,0,0,0,0,0,0,0,0,0,0,0,0,0,0,0,0,0,0,0,0,0,0,0,0,0,43.2,18.9,20,44.9,65,72.5,62.7,41.3,14.6,16.1,32,54.7,80.1,99.3,106.8,116.6,114.3,99.9,80.2,60.8,43.8,30.8,34.5,44.5,65.2,79.9,89.8,91.3,76.6,60.7,0,0,0,0,0,0,0,0,0,0,0,0,0,0,0,0,0,0,0,0,0,0,0,0,0,0,0,0,0,0,0,0,0,0,0,0,0,0,0,0,0,0,0,0,0,0,0,0,0,0,0,0,0,0,0,0,0,0,0,0,"FS","O","",2022,6,3,"11/29/09",26.2295081967213,24.1686488477678,23.7564769779771,26.2295081967213,0,0,0,42.1,29,50.9,74.3,76.7,82.2,79.3,77.1,63.8,51.9,37.6,23.9,33.9,50,55.4,64.2,72.3,65,58.6,58.2,53.5,44.5,25.3,8.6,21.2,48,59.3,0,0,0,0,0,0,0,0,0,0,0,0,0,0,0,0,0,0,0,0,0,0,0,0,0,0,0,0,0,0,0,0,0,0,0,0,0,0,0,0,0,0,0,0,0,0,0,0,0,0,0,0,0,0,0,0,0,0,0,0,0,0,0,44.9,65,72.5,62.7,41.3,14.6,16.1,32,54.7,80.1,99.3,106.8,116.6,114.3,99.9,80.2,60.8,43.8,30.8,34.5,44.5,65.2,79.9,89.8,91.3,76.6,60.7,0,0,0,0,0,0,0,0,0,0,0,0,0,0,0,0,0,0,0,0,0,0,0,0,0,0,0,0,0,0,0,0,0,0,0,0,0,0,0,0,0,0,0,0,0,0,0,0,0,0,0,0,0,0,0,0,0,0,0,0,1406.8,1778.9,52.1037037037037,65.8851851851852,115,55,4,4
"013","05","A","N",2,8.7,130,13,50,46,45,9,35,1.5,0,0,0,90,"2212",10,8,112.3,109.1,108.2,102.3,92.6,76.1,53.5,31.8,0,0,0,0,0,0,0,0,0,0,0,0,0,0,0,0,0,0,0,0,0,0,0,0,0,0,0,0,0,0,0,0,0,0,0,0,0,0,0,0,0,0,0,0,0,0,0,0,0,0,0,0,0,0,0,0,0,0,0,0,0,0,0,0,0,0,0,0,0,0,0,0,0,0,0,0,0,0,0,0,0,0,58.7,60.4,54.1,46.2,40.7,42.4,50.5,59.8,0,0,0,0,0,0,0,0,0,0,0,0,0,0,0,0,0,0,0,0,0,0,0,0,0,0,0,0,0,0,0,0,0,0,0,0,0,0,0,0,0,0,0,0,0,0,0,0,0,0,0,0,0,0,0,0,0,0,0,0,0,0,0,0,0,0,0,0,0,0,0,0,0,0,0,0,0,0,0,0,0,0,"TT","O","",2022,1,3,"11/28/09",14.9425287356322,16.0292075402331,15.8776719990993,16.7868852459016,0,0,0,0,0,0,53.5,31.8,0,0,0,0,0,0,0,0,0,0,0,0,0,0,0,0,0,0,0,0,0,0,0,0,0,0,0,0,0,0,0,0,0,0,0,0,0,0,0,0,0,0,0,0,0,0,0,0,0,0,0,0,0,0,0,0,0,0,0,0,0,0,0,0,0,0,0,0,0,0,0,0,0,0,0,0,0,0,0,0,0,0,0,0,0,0,0,0,50.5,59.8,0,0,0,0,0,0,0,0,0,0,0,0,0,0,0,0,0,0,0,0,0,0,0,0,0,0,0,0,0,0,0,0,0,0,0,0,0,0,0,0,0,0,0,0,0,0,0,0,0,0,0,0,0,0,0,0,0,0,0,0,0,0,0,0,0,0,0,0,0,0,0,0,0,0,0,0,0,0,0,0,0,0,85.3,110.3,42.65,55.15,115,55,7,7
"014","05","A","S",2,10.4,163,19,3,84,11,5,-46,1.5,1,0,0,90,"2212",10,10,54.9,47.1,53,53,52.8,55.7,51.9,39.4,26.3,11.7,0,0,0,0,0,0,0,0,0,0,0,0,0,0,0,0,0,0,0,0,0,0,0,0,0,0,0,0,0,0,0,0,0,0,0,0,0,0,0,0,0,0,0,0,0,0,0,0,0,0,0,0,0,0,0,0,0,0,0,0,0,0,0,0,0,0,0,0,0,0,0,0,0,0,0,0,0,0,0,0,105.5,85,67.1,61.5,58.3,58.6,64.4,72.7,77.9,83.9,0,0,0,0,0,0,0,0,0,0,0,0,0,0,0,0,0,0,0,0,0,0,0,0,0,0,0,0,0,0,0,0,0,0,0,0,0,0,0,0,0,0,0,0,0,0,0,0,0,0,0,0,0,0,0,0,0,0,0,0,0,0,0,0,0,0,0,0,0,0,0,0,0,0,0,0,0,0,0,0,"TT","O","",2022,2,3,"11/28/09",15.6730769230769,16.0292075402331,15.8776719990993,16.7868852459016,0,0,53,53,52.8,55.7,51.9,39.4,26.3,11.7,0,0,0,0,0,0,0,0,0,0,0,0,0,0,0,0,0,0,0,0,0,0,0,0,0,0,0,0,0,0,0,0,0,0,0,0,0,0,0,0,0,0,0,0,0,0,0,0,0,0,0,0,0,0,0,0,0,0,0,0,0,0,0,0,0,0,0,0,0,0,0,0,0,0,0,0,0,0,0,0,0,0,67.1,61.5,58.3,58.6,64.4,72.7,77.9,83.9,0,0,0,0,0,0,0,0,0,0,0,0,0,0,0,0,0,0,0,0,0,0,0,0,0,0,0,0,0,0,0,0,0,0,0,0,0,0,0,0,0,0,0,0,0,0,0,0,0,0,0,0,0,0,0,0,0,0,0,0,0,0,0,0,0,0,0,0,0,0,0,0,0,0,0,0,0,0,0,0,343.8,544.4,42.975,68.05,55,115,3,3
"015","05","A","W",2,9.7,173,37,6,73,26,1,-2,1.5,1,0,0,90,"2212",10,9,104.8,98.5,85.2,69.2,54.9,41.7,31.9,22.8,9.9,0,0,0,0,0,0,0,0,0,0,0,0,0,0,0,0,0,0,0,0,0,0,0,0,0,0,0,0,0,0,0,0,0,0,0,0,0,0,0,0,0,0,0,0,0,0,0,0,0,0,0,0,0,0,0,0,0,0,0,0,0,0,0,0,0,0,0,0,0,0,0,0,0,0,0,0,0,0,0,0,0,44.1,39.9,37.4,43.7,56.6,72.5,82,89.7,92.6,0,0,0,0,0,0,0,0,0,0,0,0,0,0,0,0,0,0,0,0,0,0,0,0,0,0,0,0,0,0,0,0,0,0,0,0,0,0,0,0,0,0,0,0,0,0,0,0,0,0,0,0,0,0,0,0,0,0,0,0,0,0,0,0,0,0,0,0,0,0,0,0,0,0,0,0,0,0,0,0,0,"TT","O","",2022,3,3,"11/28/09",17.8350515463918,16.0292075402331,15.8776719990993,16.7868852459016,0,0,0,0,0,0,31.9,22.8,9.9,0,0,0,0,0,0,0,0,0,0,0,0,0,0,0,0,0,0,0,0,0,0,0,0,0,0,0,0,0,0,0,0,0,0,0,0,0,0,0,0,0,0,0,0,0,0,0,0,0,0,0,0,0,0,0,0,0,0,0,0,0,0,0,0,0,0,0,0,0,0,0,0,0,0,0,0,0,0,0,0,0,0,0,0,0,0,0,82,89.7,92.6,0,0,0,0,0,0,0,0,0,0,0,0,0,0,0,0,0,0,0,0,0,0,0,0,0,0,0,0,0,0,0,0,0,0,0,0,0,0,0,0,0,0,0,0,0,0,0,0,0,0,0,0,0,0,0,0,0,0,0,0,0,0,0,0,0,0,0,0,0,0,0,0,0,0,0,0,0,0,0,0,0,64.6,264.3,21.5333333333333,88.1,115,55,7,7
"013","06","A","E",2,20.1,332,71,1,83,12,5,37,1.5,1,0,0,90,"2212",10,20,64.9,59,57.5,43.6,31.1,26.6,28.7,19.7,23.1,25.8,22,22.6,22.1,20.1,19.6,32.4,30.5,16.1,25.8,13.5,0,0,0,0,0,0,0,0,0,0,0,0,0,0,0,0,0,0,0,0,0,0,0,0,0,0,0,0,0,0,0,0,0,0,0,0,0,0,0,0,0,0,0,0,0,0,0,0,0,0,0,0,0,0,0,0,0,0,0,0,0,0,0,0,0,0,0,0,0,0,112.7,104.3,103,86.3,71.3,63.7,58.4,68.2,64.7,61.1,64.9,67.2,69,70.9,73.2,67.1,73.1,78.6,75.2,84.5,0,0,0,0,0,0,0,0,0,0,0,0,0,0,0,0,0,0,0,0,0,0,0,0,0,0,0,0,0,0,0,0,0,0,0,0,0,0,0,0,0,0,0,0,0,0,0,0,0,0,0,0,0,0,0,0,0,0,0,0,0,0,0,0,0,0,0,0,0,0,"TT","O","",2022,4,3,"11/29/09",16.5174129353234,16.0292075402331,15.8776719990993,16.7868852459016,0,0,57.5,43.6,31.1,26.6,28.7,19.7,23.1,25.8,22,22.6,22.1,20.1,19.6,32.4,30.5,16.1,25.8,13.5,0,0,0,0,0,0,0,0,0,0,0,0,0,0,0,0,0,0,0,0,0,0,0,0,0,0,0,0,0,0,0,0,0,0,0,0,0,0,0,0,0,0,0,0,0,0,0,0,0,0,0,0,0,0,0,0,0,0,0,0,0,0,0,0,0,0,0,0,0,0,0,0,103,86.3,71.3,63.7,58.4,68.2,64.7,61.1,64.9,67.2,69,70.9,73.2,67.1,73.1,78.6,75.2,84.5,0,0,0,0,0,0,0,0,0,0,0,0,0,0,0,0,0,0,0,0,0,0,0,0,0,0,0,0,0,0,0,0,0,0,0,0,0,0,0,0,0,0,0,0,0,0,0,0,0,0,0,0,0,0,0,0,0,0,0,0,0,0,0,0,0,0,0,0,0,0,480.8,1300.4,26.7111111111111,72.2444444444445,55,115,3,3
"014","06","A","S",2,13.8,199,30,3,59,36,5,-83,1.5,1,0,0,90,"2212",10,13,61.1,61.3,62,59.6,58.9,60.2,54.6,48.5,36.3,35.6,23.5,17.6,13.3,0,0,0,0,0,0,0,0,0,0,0,0,0,0,0,0,0,0,0,0,0,0,0,0,0,0,0,0,0,0,0,0,0,0,0,0,0,0,0,0,0,0,0,0,0,0,0,0,0,0,0,0,0,0,0,0,0,0,0,0,0,0,0,0,0,0,0,0,0,0,0,0,0,0,0,0,0,103.7,92.8,83.1,76.9,74.1,75.2,74.6,75.6,77.8,79.7,80,83.4,79.6,0,0,0,0,0,0,0,0,0,0,0,0,0,0,0,0,0,0,0,0,0,0,0,0,0,0,0,0,0,0,0,0,0,0,0,0,0,0,0,0,0,0,0,0,0,0,0,0,0,0,0,0,0,0,0,0,0,0,0,0,0,0,0,0,0,0,0,0,0,0,0,0,0,0,0,0,0,"TT","O","",2022,5,3,"11/29/09",14.4202898550725,16.0292075402331,15.8776719990993,16.7868852459016,0,0,62,59.6,58.9,60.2,54.6,48.5,36.3,35.6,23.5,17.6,13.3,0,0,0,0,0,0,0,0,0,0,0,0,0,0,0,0,0,0,0,0,0,0,0,0,0,0,0,0,0,0,0,0,0,0,0,0,0,0,0,0,0,0,0,0,0,0,0,0,0,0,0,0,0,0,0,0,0,0,0,0,0,0,0,0,0,0,0,0,0,0,0,0,0,0,0,0,0,0,0,83.1,76.9,74.1,75.2,74.6,75.6,77.8,79.7,80,83.4,79.6,0,0,0,0,0,0,0,0,0,0,0,0,0,0,0,0,0,0,0,0,0,0,0,0,0,0,0,0,0,0,0,0,0,0,0,0,0,0,0,0,0,0,0,0,0,0,0,0,0,0,0,0,0,0,0,0,0,0,0,0,0,0,0,0,0,0,0,0,0,0,0,0,0,0,0,0,0,470.1,860,42.7363636363636,78.1818181818182,55,115,3,3
"015","06","A","W",2,30.5,512,70,1,66,33,1,5,1.5,4,0,0,90,"2212",10,30,103.6,98.4,87.4,82.8,66.9,39.2,43,20.7,16.1,4.5,10.9,13.5,20.9,20.3,21.8,14.8,9.9,14.8,18.2,23.1,19.8,14.9,12,18.6,15.5,21.5,30.4,34,35.4,45.6,0,0,0,0,0,0,0,0,0,0,0,0,0,0,0,0,0,0,0,0,0,0,0,0,0,0,0,0,0,0,0,0,0,0,0,0,0,0,0,0,0,0,0,0,0,0,0,0,0,0,0,0,0,0,0,0,0,0,0,0,54.2,54,49.9,52.1,56.2,62.6,63.5,73.2,76.2,85.4,90.1,94.6,99.1,94.3,97.4,94.1,94.9,92.4,88.4,85.4,92.4,87.8,91.6,90.7,92.8,103.9,104.7,96.9,84.9,71.9,0,0,0,0,0,0,0,0,0,0,0,0,0,0,0,0,0,0,0,0,0,0,0,0,0,0,0,0,0,0,0,0,0,0,0,0,0,0,0,0,0,0,0,0,0,0,0,0,0,0,0,0,0,0,0,0,0,0,0,0,"FS","O","",2022,6,3,"11/29/09",16.7868852459016,16.0292075402331,15.8776719990993,16.7868852459016,0,0,0,0,0,0,43,20.7,16.1,4.5,10.9,13.5,20.9,20.3,21.8,14.8,9.9,14.8,18.2,23.1,19.8,14.9,12,18.6,15.5,21.5,30.4,34,35.4,45.6,0,0,0,0,0,0,0,0,0,0,0,0,0,0,0,0,0,0,0,0,0,0,0,0,0,0,0,0,0,0,0,0,0,0,0,0,0,0,0,0,0,0,0,0,0,0,0,0,0,0,0,0,0,0,0,0,0,0,0,0,0,0,0,0,0,0,63.5,73.2,76.2,85.4,90.1,94.6,99.1,94.3,97.4,94.1,94.9,92.4,88.4,85.4,92.4,87.8,91.6,90.7,92.8,103.9,104.7,96.9,84.9,71.9,0,0,0,0,0,0,0,0,0,0,0,0,0,0,0,0,0,0,0,0,0,0,0,0,0,0,0,0,0,0,0,0,0,0,0,0,0,0,0,0,0,0,0,0,0,0,0,0,0,0,0,0,0,0,0,0,0,0,0,0,500.2,2146.6,20.8416666666667,89.4416666666667,115,55,7,7
"019","05","A","N",2,5.1,116,28,30,62,34,4,13,1.5,2,0,0,90,"2212",13,5,108.2,94.2,69.6,40,21.5,0,0,0,0,0,0,0,0,0,0,0,0,0,0,0,0,0,0,0,0,0,0,0,0,0,0,0,0,0,0,0,0,0,0,0,0,0,0,0,0,0,0,0,0,0,0,0,0,0,0,0,0,0,0,0,0,0,0,0,0,0,0,0,0,0,0,0,0,0,0,0,0,0,0,0,0,0,0,0,0,0,0,0,0,0,57.2,45.3,43.3,59.1,88.8,0,0,0,0,0,0,0,0,0,0,0,0,0,0,0,0,0,0,0,0,0,0,0,0,0,0,0,0,0,0,0,0,0,0,0,0,0,0,0,0,0,0,0,0,0,0,0,0,0,0,0,0,0,0,0,0,0,0,0,0,0,0,0,0,0,0,0,0,0,0,0,0,0,0,0,0,0,0,0,0,0,0,0,0,0,"TT","O","",2022,1,3,"11/28/09",22.7450980392157,19.6029731003445,19.8252070646758,18.4918032786885,0,0,0,0,0,0,0,0,0,0,0,0,0,0,0,0,0,0,0,0,0,0,0,0,0,0,0,0,0,0,0,0,0,0,0,0,0,0,0,0,0,0,0,0,0,0,0,0,0,0,0,0,0,0,0,0,0,0,0,0,0,0,0,0,0,0,0,0,0,0,0,0,0,0,0,0,0,0,0,0,0,0,0,0,0,0,0,0,0,0,0,0,0,0,0,0,0,0,0,0,0,0,0,0,0,0,0,0,0,0,0,0,0,0,0,0,0,0,0,0,0,0,0,0,0,0,0,0,0,0,0,0,0,0,0,0,0,0,0,0,0,0,0,0,0,0,0,0,0,0,0,0,0,0,0,0,0,0,0,0,0,0,0,0,0,0,0,0,0,0,0,0,0,0,0,0,0,0,0,0,0,0,0,0,115,55,6,5
"020","05","A","S",2,6.2,111,100,0,52,42,6,-17,1.5,1,0,0,90,"2212",13,6,48.1,34.4,23.9,23.6,26.8,11.4,0,0,0,0,0,0,0,0,0,0,0,0,0,0,0,0,0,0,0,0,0,0,0,0,0,0,0,0,0,0,0,0,0,0,0,0,0,0,0,0,0,0,0,0,0,0,0,0,0,0,0,0,0,0,0,0,0,0,0,0,0,0,0,0,0,0,0,0,0,0,0,0,0,0,0,0,0,0,0,0,0,0,0,0,106.8,96.2,94.6,85.1,88.7,90,0,0,0,0,0,0,0,0,0,0,0,0,0,0,0,0,0,0,0,0,0,0,0,0,0,0,0,0,0,0,0,0,0,0,0,0,0,0,0,0,0,0,0,0,0,0,0,0,0,0,0,0,0,0,0,0,0,0,0,0,0,0,0,0,0,0,0,0,0,0,0,0,0,0,0,0,0,0,0,0,0,0,0,0,"TT","O","",2022,2,3,"11/28/09",17.9032258064516,19.6029731003445,19.8252070646758,18.4918032786885,0,0,23.9,23.6,26.8,11.4,0,0,0,0,0,0,0,0,0,0,0,0,0,0,0,0,0,0,0,0,0,0,0,0,0,0,0,0,0,0,0,0,0,0,0,0,0,0,0,0,0,0,0,0,0,0,0,0,0,0,0,0,0,0,0,0,0,0,0,0,0,0,0,0,0,0,0,0,0,0,0,0,0,0,0,0,0,0,0,0,0,0,0,0,0,0,94.6,85.1,88.7,90,0,0,0,0,0,0,0,0,0,0,0,0,0,0,0,0,0,0,0,0,0,0,0,0,0,0,0,0,0,0,0,0,0,0,0,0,0,0,0,0,0,0,0,0,0,0,0,0,0,0,0,0,0,0,0,0,0,0,0,0,0,0,0,0,0,0,0,0,0,0,0,0,0,0,0,0,0,0,0,0,0,0,0,0,85.7,358.4,21.425,89.6,55,115,3,3
"021","05","A","W",2,7.4,145,21,29,78,15,7,-19,1.5,1,0,0,90,"2212",13,7,107.5,92,78.6,74.1,61.2,37.2,21.9,0,0,0,0,0,0,0,0,0,0,0,0,0,0,0,0,0,0,0,0,0,0,0,0,0,0,0,0,0,0,0,0,0,0,0,0,0,0,0,0,0,0,0,0,0,0,0,0,0,0,0,0,0,0,0,0,0,0,0,0,0,0,0,0,0,0,0,0,0,0,0,0,0,0,0,0,0,0,0,0,0,0,0,52.2,35.3,26.9,23.7,33.5,52.6,65.1,0,0,0,0,0,0,0,0,0,0,0,0,0,0,0,0,0,0,0,0,0,0,0,0,0,0,0,0,0,0,0,0,0,0,0,0,0,0,0,0,0,0,0,0,0,0,0,0,0,0,0,0,0,0,0,0,0,0,0,0,0,0,0,0,0,0,0,0,0,0,0,0,0,0,0,0,0,0,0,0,0,0,0,"TT","O","",2022,3,3,"11/28/09",19.5945945945946,19.6029731003445,19.8252070646758,18.4918032786885,0,0,0,0,0,37.2,21.9,0,0,0,0,0,0,0,0,0,0,0,0,0,0,0,0,0,0,0,0,0,0,0,0,0,0,0,0,0,0,0,0,0,0,0,0,0,0,0,0,0,0,0,0,0,0,0,0,0,0,0,0,0,0,0,0,0,0,0,0,0,0,0,0,0,0,0,0,0,0,0,0,0,0,0,0,0,0,0,0,0,0,0,0,0,0,0,0,52.6,65.1,0,0,0,0,0,0,0,0,0,0,0,0,0,0,0,0,0,0,0,0,0,0,0,0,0,0,0,0,0,0,0,0,0,0,0,0,0,0,0,0,0,0,0,0,0,0,0,0,0,0,0,0,0,0,0,0,0,0,0,0,0,0,0,0,0,0,0,0,0,0,0,0,0,0,0,0,0,0,0,0,0,0,0,59.1,117.7,29.55,58.85,115,55,6,6
"019","06","A","E",2,4.4,76,41,11,11,76,13,23,1.5,0,0,0,90,"2212",13,4,56.5,51.2,45.8,30.5,0,0,0,0,0,0,0,0,0,0,0,0,0,0,0,0,0,0,0,0,0,0,0,0,0,0,0,0,0,0,0,0,0,0,0,0,0,0,0,0,0,0,0,0,0,0,0,0,0,0,0,0,0,0,0,0,0,0,0,0,0,0,0,0,0,0,0,0,0,0,0,0,0,0,0,0,0,0,0,0,0,0,0,0,0,0,112.8,107.2,101.8,94.9,0,0,0,0,0,0,0,0,0,0,0,0,0,0,0,0,0,0,0,0,0,0,0,0,0,0,0,0,0,0,0,0,0,0,0,0,0,0,0,0,0,0,0,0,0,0,0,0,0,0,0,0,0,0,0,0,0,0,0,0,0,0,0,0,0,0,0,0,0,0,0,0,0,0,0,0,0,0,0,0,0,0,0,0,0,0,"TT","O","",2022,4,3,"11/29/09",17.2727272727273,19.6029731003445,19.8252070646758,18.4918032786885,0,0,45.8,30.5,0,0,0,0,0,0,0,0,0,0,0,0,0,0,0,0,0,0,0,0,0,0,0,0,0,0,0,0,0,0,0,0,0,0,0,0,0,0,0,0,0,0,0,0,0,0,0,0,0,0,0,0,0,0,0,0,0,0,0,0,0,0,0,0,0,0,0,0,0,0,0,0,0,0,0,0,0,0,0,0,0,0,0,0,0,0,0,0,101.8,94.9,0,0,0,0,0,0,0,0,0,0,0,0,0,0,0,0,0,0,0,0,0,0,0,0,0,0,0,0,0,0,0,0,0,0,0,0,0,0,0,0,0,0,0,0,0,0,0,0,0,0,0,0,0,0,0,0,0,0,0,0,0,0,0,0,0,0,0,0,0,0,0,0,0,0,0,0,0,0,0,0,0,0,0,0,0,0,76.3,196.7,38.15,98.35,55,115,3,3
"020","06","A","S",2,38.5,832,44,3,50,30,20,-103,1.5,1,0,0,90,"2212",13,38,62.2,59.7,56,47.5,37.6,29.8,27.1,39.8,53.3,44.3,37.8,34.1,32.4,40.3,50.8,52.2,46.3,29.1,17.6,41.9,65.4,78.1,95.6,114.4,110.9,97.3,76.3,47.3,21.8,35.9,50.2,50.9,47.1,42.2,37.7,34.6,34.3,19.5,0,0,0,0,0,0,0,0,0,0,0,0,0,0,0,0,0,0,0,0,0,0,0,0,0,0,0,0,0,0,0,0,0,0,0,0,0,0,0,0,0,0,0,0,0,0,0,0,0,0,0,0,104.5,89.4,84.1,84.2,81.1,83.7,87.2,99.1,93.2,79.3,61.7,53.8,61.9,77.3,67.5,67.4,55.8,59.7,74.8,82,72.8,59.3,59.6,65.5,58.4,42,33,45.4,72,96.9,113,126.4,128.9,128.1,121.2,101.7,83,79.3,0,0,0,0,0,0,0,0,0,0,0,0,0,0,0,0,0,0,0,0,0,0,0,0,0,0,0,0,0,0,0,0,0,0,0,0,0,0,0,0,0,0,0,0,0,0,0,0,0,0,0,0,"TT","O","",2022,5,3,"11/29/09",21.6103896103896,19.6029731003445,19.8252070646758,18.4918032786885,0,0,56,47.5,37.6,29.8,27.1,39.8,53.3,44.3,37.8,34.1,32.4,40.3,50.8,52.2,46.3,29.1,17.6,41.9,65.4,78.1,95.6,114.4,110.9,97.3,76.3,47.3,21.8,35.9,50.2,50.9,47.1,42.2,37.7,34.6,34.3,19.5,0,0,0,0,0,0,0,0,0,0,0,0,0,0,0,0,0,0,0,0,0,0,0,0,0,0,0,0,0,0,0,0,0,0,0,0,0,0,0,0,0,0,0,0,0,0,0,0,0,0,0,0,0,0,84.1,84.2,81.1,83.7,87.2,99.1,93.2,79.3,61.7,53.8,61.9,77.3,67.5,67.4,55.8,59.7,74.8,82,72.8,59.3,59.6,65.5,58.4,42,33,45.4,72,96.9,113,126.4,128.9,128.1,121.2,101.7,83,79.3,0,0,0,0,0,0,0,0,0,0,0,0,0,0,0,0,0,0,0,0,0,0,0,0,0,0,0,0,0,0,0,0,0,0,0,0,0,0,0,0,0,0,0,0,0,0,0,0,0,0,0,0,1777.4,2840.3,49.3722222222222,78.8972222222222,55,115,3,3
"021","06","A","W",2,30.5,564,45,1,54,37,9,-7,1.5,2,0,0,90,"2212",13,30,107.3,99.6,91.1,81.2,67.4,52.5,43.5,63.7,70.6,62.4,55.5,43.9,34.5,45.7,39.3,25.2,13.5,26.5,38,38.3,32.2,10.4,13.4,22.4,37.7,42.2,34.3,29.6,18.3,21.3,0,0,0,0,0,0,0,0,0,0,0,0,0,0,0,0,0,0,0,0,0,0,0,0,0,0,0,0,0,0,0,0,0,0,0,0,0,0,0,0,0,0,0,0,0,0,0,0,0,0,0,0,0,0,0,0,0,0,0,0,47.7,42.5,40.1,43.2,49.7,60.2,74.7,71.6,63.8,57.6,60.7,69.4,84.7,88.8,76.6,71.9,74.9,67.3,58.3,58,55.7,79.3,98.7,106.9,123.4,127.4,116.4,112,103.9,98.2,0,0,0,0,0,0,0,0,0,0,0,0,0,0,0,0,0,0,0,0,0,0,0,0,0,0,0,0,0,0,0,0,0,0,0,0,0,0,0,0,0,0,0,0,0,0,0,0,0,0,0,0,0,0,0,0,0,0,0,0,"FS","O","",2022,6,3,"11/29/09",18.4918032786885,19.6029731003445,19.8252070646758,18.4918032786885,0,0,0,0,0,52.5,43.5,63.7,70.6,62.4,55.5,43.9,34.5,45.7,39.3,25.2,13.5,26.5,38,38.3,32.2,10.4,13.4,22.4,37.7,42.2,34.3,29.6,18.3,21.3,0,0,0,0,0,0,0,0,0,0,0,0,0,0,0,0,0,0,0,0,0,0,0,0,0,0,0,0,0,0,0,0,0,0,0,0,0,0,0,0,0,0,0,0,0,0,0,0,0,0,0,0,0,0,0,0,0,0,0,0,0,0,0,0,0,60.2,74.7,71.6,63.8,57.6,60.7,69.4,84.7,88.8,76.6,71.9,74.9,67.3,58.3,58,55.7,79.3,98.7,106.9,123.4,127.4,116.4,112,103.9,98.2,0,0,0,0,0,0,0,0,0,0,0,0,0,0,0,0,0,0,0,0,0,0,0,0,0,0,0,0,0,0,0,0,0,0,0,0,0,0,0,0,0,0,0,0,0,0,0,0,0,0,0,0,0,0,0,0,0,0,0,0,914.9,2060.4,36.596,82.416,115,55,6,6
"022","05","A","N",2,6.9,178,35,4,66,19,15,-23,1.5,2,0,0,90,"2212",19,6,109.5,92,56.9,20.3,49.1,35.1,0,0,0,0,0,0,0,0,0,0,0,0,0,0,0,0,0,0,0,0,0,0,0,0,0,0,0,0,0,0,0,0,0,0,0,0,0,0,0,0,0,0,0,0,0,0,0,0,0,0,0,0,0,0,0,0,0,0,0,0,0,0,0,0,0,0,0,0,0,0,0,0,0,0,0,0,0,0,0,0,0,0,0,0,65.3,62.5,69.2,74,87.1,53.3,0,0,0,0,0,0,0,0,0,0,0,0,0,0,0,0,0,0,0,0,0,0,0,0,0,0,0,0,0,0,0,0,0,0,0,0,0,0,0,0,0,0,0,0,0,0,0,0,0,0,0,0,0,0,0,0,0,0,0,0,0,0,0,0,0,0,0,0,0,0,0,0,0,0,0,0,0,0,0,0,0,0,0,0,"TT","O","",2022,1,3,"11/28/09",25.7971014492754,25.5500534563146,25.4338346393808,26.1311475409836,0,0,0,0,49.1,35.1,0,0,0,0,0,0,0,0,0,0,0,0,0,0,0,0,0,0,0,0,0,0,0,0,0,0,0,0,0,0,0,0,0,0,0,0,0,0,0,0,0,0,0,0,0,0,0,0,0,0,0,0,0,0,0,0,0,0,0,0,0,0,0,0,0,0,0,0,0,0,0,0,0,0,0,0,0,0,0,0,0,0,0,0,0,0,0,0,87.1,53.3,0,0,0,0,0,0,0,0,0,0,0,0,0,0,0,0,0,0,0,0,0,0,0,0,0,0,0,0,0,0,0,0,0,0,0,0,0,0,0,0,0,0,0,0,0,0,0,0,0,0,0,0,0,0,0,0,0,0,0,0,0,0,0,0,0,0,0,0,0,0,0,0,0,0,0,0,0,0,0,0,0,0,0,0,84.2,140.4,42.1,70.2,115,55,5,5
"023","05","A","S",2,4.1,115,32,1,90,10,0,-70,1.5,0,0,0,90,"2212",19,4,48.2,47.5,40.9,21.4,0,0,0,0,0,0,0,0,0,0,0,0,0,0,0,0,0,0,0,0,0,0,0,0,0,0,0,0,0,0,0,0,0,0,0,0,0,0,0,0,0,0,0,0,0,0,0,0,0,0,0,0,0,0,0,0,0,0,0,0,0,0,0,0,0,0,0,0,0,0,0,0,0,0,0,0,0,0,0,0,0,0,0,0,0,0,80.1,50.2,46.3,68,0,0,0,0,0,0,0,0,0,0,0,0,0,0,0,0,0,0,0,0,0,0,0,0,0,0,0,0,0,0,0,0,0,0,0,0,0,0,0,0,0,0,0,0,0,0,0,0,0,0,0,0,0,0,0,0,0,0,0,0,0,0,0,0,0,0,0,0,0,0,0,0,0,0,0,0,0,0,0,0,0,0,0,0,0,0,"TT","O","",2022,2,3,"11/28/09",28.0487804878049,25.5500534563146,25.4338346393808,26.1311475409836,0,47.5,40.9,21.4,0,0,0,0,0,0,0,0,0,0,0,0,0,0,0,0,0,0,0,0,0,0,0,0,0,0,0,0,0,0,0,0,0,0,0,0,0,0,0,0,0,0,0,0,0,0,0,0,0,0,0,0,0,0,0,0,0,0,0,0,0,0,0,0,0,0,0,0,0,0,0,0,0,0,0,0,0,0,0,0,0,0,0,0,0,0,0,50.2,46.3,68,0,0,0,0,0,0,0,0,0,0,0,0,0,0,0,0,0,0,0,0,0,0,0,0,0,0,0,0,0,0,0,0,0,0,0,0,0,0,0,0,0,0,0,0,0,0,0,0,0,0,0,0,0,0,0,0,0,0,0,0,0,0,0,0,0,0,0,0,0,0,0,0,0,0,0,0,0,0,0,0,0,0,0,0,0,0,109.8,164.5,36.6,54.8333333333333,55,115,2,2
"024","05","A","W",2,9.5,243,40,20,94,5,1,-46,1.5,2,0,0,90,"2212",19,9,94.9,68.9,32.1,32.2,48.4,43.3,34.8,7.7,4.6,0,0,0,0,0,0,0,0,0,0,0,0,0,0,0,0,0,0,0,0,0,0,0,0,0,0,0,0,0,0,0,0,0,0,0,0,0,0,0,0,0,0,0,0,0,0,0,0,0,0,0,0,0,0,0,0,0,0,0,0,0,0,0,0,0,0,0,0,0,0,0,0,0,0,0,0,0,0,0,0,0,28,25,59.8,80.9,73.9,55.6,56.1,79.5,84.1,0,0,0,0,0,0,0,0,0,0,0,0,0,0,0,0,0,0,0,0,0,0,0,0,0,0,0,0,0,0,0,0,0,0,0,0,0,0,0,0,0,0,0,0,0,0,0,0,0,0,0,0,0,0,0,0,0,0,0,0,0,0,0,0,0,0,0,0,0,0,0,0,0,0,0,0,0,0,0,0,0,"TT","O","",2022,3,3,"11/28/09",25.5789473684211,25.5500534563146,25.4338346393808,26.1311475409836,0,0,0,0,48.4,43.3,34.8,7.7,4.6,0,0,0,0,0,0,0,0,0,0,0,0,0,0,0,0,0,0,0,0,0,0,0,0,0,0,0,0,0,0,0,0,0,0,0,0,0,0,0,0,0,0,0,0,0,0,0,0,0,0,0,0,0,0,0,0,0,0,0,0,0,0,0,0,0,0,0,0,0,0,0,0,0,0,0,0,0,0,0,0,0,0,0,0,0,73.9,55.6,56.1,79.5,84.1,0,0,0,0,0,0,0,0,0,0,0,0,0,0,0,0,0,0,0,0,0,0,0,0,0,0,0,0,0,0,0,0,0,0,0,0,0,0,0,0,0,0,0,0,0,0,0,0,0,0,0,0,0,0,0,0,0,0,0,0,0,0,0,0,0,0,0,0,0,0,0,0,0,0,0,0,0,0,0,0,0,138.8,349.2,27.76,69.84,115,55,5,5
"022","06","A","E",2,20.4,555,41,11,80,7,13,-31,1.5,0,0,0,90,"2212",19,20,63.6,53.9,30.3,27.8,54.7,60.7,52.7,38.1,21.5,34.6,49.3,73.1,64.7,55.9,51.1,27.3,26.9,43,36.8,24.4,0,0,0,0,0,0,0,0,0,0,0,0,0,0,0,0,0,0,0,0,0,0,0,0,0,0,0,0,0,0,0,0,0,0,0,0,0,0,0,0,0,0,0,0,0,0,0,0,0,0,0,0,0,0,0,0,0,0,0,0,0,0,0,0,0,0,0,0,0,0,123.9,121.6,112.7,87.1,63.7,45.8,36.4,50,66.7,65.1,66.5,60.5,36.1,32.3,42.4,62.7,64.6,50.4,50.6,67.3,0,0,0,0,0,0,0,0,0,0,0,0,0,0,0,0,0,0,0,0,0,0,0,0,0,0,0,0,0,0,0,0,0,0,0,0,0,0,0,0,0,0,0,0,0,0,0,0,0,0,0,0,0,0,0,0,0,0,0,0,0,0,0,0,0,0,0,0,0,0,"TT","O","",2022,4,3,"11/29/09",27.2058823529412,25.5500534563146,25.4338346393808,26.1311475409836,0,53.9,30.3,27.8,54.7,60.7,52.7,38.1,21.5,34.6,49.3,73.1,64.7,55.9,51.1,27.3,26.9,43,36.8,24.4,0,0,0,0,0,0,0,0,0,0,0,0,0,0,0,0,0,0,0,0,0,0,0,0,0,0,0,0,0,0,0,0,0,0,0,0,0,0,0,0,0,0,0,0,0,0,0,0,0,0,0,0,0,0,0,0,0,0,0,0,0,0,0,0,0,0,0,0,0,0,0,121.6,112.7,87.1,63.7,45.8,36.4,50,66.7,65.1,66.5,60.5,36.1,32.3,42.4,62.7,64.6,50.4,50.6,67.3,0,0,0,0,0,0,0,0,0,0,0,0,0,0,0,0,0,0,0,0,0,0,0,0,0,0,0,0,0,0,0,0,0,0,0,0,0,0,0,0,0,0,0,0,0,0,0,0,0,0,0,0,0,0,0,0,0,0,0,0,0,0,0,0,0,0,0,0,0,0,826.8,1182.5,43.5157894736842,62.2368421052632,55,115,2,2
"023","06","A","S",2,13,267,63,3,86,13,1,-59,1.5,2,0,0,90,"2212",19,12,45.3,31.6,22.4,11.7,19.4,24.7,37.8,43.4,39.1,35.4,19.3,16,0,0,0,0,0,0,0,0,0,0,0,0,0,0,0,0,0,0,0,0,0,0,0,0,0,0,0,0,0,0,0,0,0,0,0,0,0,0,0,0,0,0,0,0,0,0,0,0,0,0,0,0,0,0,0,0,0,0,0,0,0,0,0,0,0,0,0,0,0,0,0,0,0,0,0,0,0,0,84.7,65.5,68.6,81.9,81.9,91.4,93.2,69.6,51.8,52.5,68.4,72.3,0,0,0,0,0,0,0,0,0,0,0,0,0,0,0,0,0,0,0,0,0,0,0,0,0,0,0,0,0,0,0,0,0,0,0,0,0,0,0,0,0,0,0,0,0,0,0,0,0,0,0,0,0,0,0,0,0,0,0,0,0,0,0,0,0,0,0,0,0,0,0,0,0,0,0,0,0,0,"TT","O","",2022,5,3,"11/29/09",20.5384615384615,25.5500534563146,25.4338346393808,26.1311475409836,0,31.6,22.4,11.7,19.4,24.7,37.8,43.4,39.1,35.4,19.3,16,0,0,0,0,0,0,0,0,0,0,0,0,0,0,0,0,0,0,0,0,0,0,0,0,0,0,0,0,0,0,0,0,0,0,0,0,0,0,0,0,0,0,0,0,0,0,0,0,0,0,0,0,0,0,0,0,0,0,0,0,0,0,0,0,0,0,0,0,0,0,0,0,0,0,0,0,0,0,0,65.5,68.6,81.9,81.9,91.4,93.2,69.6,51.8,52.5,68.4,72.3,0,0,0,0,0,0,0,0,0,0,0,0,0,0,0,0,0,0,0,0,0,0,0,0,0,0,0,0,0,0,0,0,0,0,0,0,0,0,0,0,0,0,0,0,0,0,0,0,0,0,0,0,0,0,0,0,0,0,0,0,0,0,0,0,0,0,0,0,0,0,0,0,0,0,0,0,0,0,300.8,797.1,27.3454545454545,72.4636363636363,55,115,2,2
"024","06","A","W",2,30.5,797,36,3,46,39,15,28,1.5,2,0,0,90,"2212",19,30,105.5,92.8,62.8,42.7,51.3,41.7,28.7,36.4,61.5,67.8,57.2,31.1,19.9,45,58.5,67.5,74,64.9,42.3,24.3,9.9,39.1,61.2,61.8,57.6,36.6,7.8,27.3,51.9,54,0,0,0,0,0,0,0,0,0,0,0,0,0,0,0,0,0,0,0,0,0,0,0,0,0,0,0,0,0,0,0,0,0,0,0,0,0,0,0,0,0,0,0,0,0,0,0,0,0,0,0,0,0,0,0,0,0,0,0,0,57.2,58.1,68.3,94.2,95.8,73.3,61.6,71.7,83.5,92.2,104.5,104.5,102.4,100.9,101.6,107.2,93.9,69.8,61.4,68.1,86.6,76.5,62.2,43.9,39.9,53.4,80.5,107.1,121.7,122.5,0,0,0,0,0,0,0,0,0,0,0,0,0,0,0,0,0,0,0,0,0,0,0,0,0,0,0,0,0,0,0,0,0,0,0,0,0,0,0,0,0,0,0,0,0,0,0,0,0,0,0,0,0,0,0,0,0,0,0,0,"FS","O","",2022,6,3,"11/29/09",26.1311475409836,25.5500534563146,25.4338346393808,26.1311475409836,0,0,0,42.7,51.3,41.7,28.7,36.4,61.5,67.8,57.2,31.1,19.9,45,58.5,67.5,74,64.9,42.3,24.3,9.9,39.1,61.2,61.8,57.6,36.6,7.8,27.3,51.9,54,0,0,0,0,0,0,0,0,0,0,0,0,0,0,0,0,0,0,0,0,0,0,0,0,0,0,0,0,0,0,0,0,0,0,0,0,0,0,0,0,0,0,0,0,0,0,0,0,0,0,0,0,0,0,0,0,0,0,0,0,0,0,0,94.2,95.8,73.3,61.6,71.7,83.5,92.2,104.5,104.5,102.4,100.9,101.6,107.2,93.9,69.8,61.4,68.1,86.6,76.5,62.2,43.9,39.9,53.4,80.5,107.1,121.7,122.5,0,0,0,0,0,0,0,0,0,0,0,0,0,0,0,0,0,0,0,0,0,0,0,0,0,0,0,0,0,0,0,0,0,0,0,0,0,0,0,0,0,0,0,0,0,0,0,0,0,0,0,0,0,0,0,0,0,0,0,0,1222,2280.9,45.2592592592593,84.4777777777778,115,55,4,4
"028","05","A","N",2,90.1,938,73,8,0,6,94,92,1.5,0,0,0,90,"2212",27,90,117,117.3,119.9,122.5,122.6,119.6,114.9,107.3,104.2,102,95.4,89.2,80.4,69.7,61.8,52.6,47.2,44.3,46.3,47.5,50.8,54,47.9,50.2,47.3,44.3,41.7,40.1,40.1,41.5,41.5,42.3,42.5,41.9,46.6,50.5,57.4,58.9,61.4,61.3,61.2,62,64.1,67.1,67.5,64.7,61.5,57.1,57.4,56.7,55.9,51.7,49.9,49.9,48,45.8,45,45.1,44.2,43.7,43.9,42.7,44,42.4,44.3,46.7,49.2,51.8,54.8,57.8,59.4,57.9,56,50.5,49.9,50.3,50.6,50.2,48.4,48.1,48.2,48.2,50.5,48.7,48.6,48.8,48.3,49.3,49.2,49.6,59.2,52.8,42.1,36.8,39.8,49.8,62.1,68.7,71.6,78.3,86.7,90.8,102.2,108.7,114.2,120.3,125.8,128.1,132.7,132.5,132.7,132.4,126.8,128,127.9,128.1,128,126.7,126.8,128,127.8,127.7,126.7,125,124.6,121.7,118,114.4,111.9,109.8,108.5,107.1,106.9,106.7,106.9,110.3,116,118.7,116.9,116.3,115.7,121.4,123.1,122.4,124.6,125.5,126.9,126.4,125.3,122.4,121.5,119.3,121.9,121,124.8,123.7,121.2,119.6,117.7,115.3,113.9,113.8,116.7,123.4,122.8,121.7,119.5,115.2,111.4,110.6,111,111.5,113.7,111.3,110.6,110.7,110.2,110.9,110.4,110.1,"TT","O","",2022,1,3,"11/28/09",10.4106548279689,8.283060244952,8.45283018867925,7.43421052631579,0,0,0,0,0,0,0,0,0,0,0,0,0,69.7,61.8,52.6,47.2,44.3,46.3,47.5,50.8,54,47.9,50.2,47.3,44.3,41.7,40.1,40.1,41.5,41.5,42.3,42.5,41.9,46.6,50.5,57.4,58.9,61.4,61.3,61.2,62,64.1,67.1,67.5,64.7,61.5,57.1,57.4,56.7,55.9,51.7,49.9,49.9,48,45.8,45,45.1,44.2,43.7,43.9,42.7,44,42.4,44.3,46.7,49.2,51.8,54.8,57.8,59.4,57.9,56,50.5,49.9,50.3,50.6,50.2,48.4,48.1,48.2,48.2,50.5,48.7,48.6,48.8,48.3,49.3,49.2,49.6,0,0,0,0,0,0,0,0,0,0,0,0,0,108.7,114.2,120.3,125.8,128.1,132.7,132.5,132.7,132.4,126.8,128,127.9,128.1,128,126.7,126.8,128,127.8,127.7,126.7,125,124.6,121.7,118,114.4,111.9,109.8,108.5,107.1,106.9,106.7,106.9,110.3,116,118.7,116.9,116.3,115.7,121.4,123.1,122.4,124.6,125.5,126.9,126.4,125.3,122.4,121.5,119.3,121.9,121,124.8,123.7,121.2,119.6,117.7,115.3,113.9,113.8,116.7,123.4,122.8,121.7,119.5,115.2,111.4,110.6,111,111.5,113.7,111.3,110.6,110.7,110.2,110.9,110.4,110.1,3918.4,9188.7,50.8883116883117,119.333766233766,115,55,14,14
"029","05","A","S",2,90.1,667,70,1,0,0,100,51,1.5,0,0,0,90,"2212",27,90,54.2,49.5,45.3,45.3,47.8,52.8,59.6,64.5,70.3,73.4,79.2,83.4,85.6,87.3,87.6,86.8,84.7,83.3,83.2,81.3,75,71.7,70.5,69.8,69,69.4,69.8,70.6,70.4,71.1,69.4,69.7,69.8,73.4,71.3,56.9,52.1,50.3,49.4,49.6,48.7,48.5,48.9,48.1,46.8,45.7,44.7,42.6,40.8,39.9,39.4,39.4,41.6,41.8,40.3,39.2,39.4,40.7,40.6,40.9,39.2,39.7,41.3,40.8,39.1,41.4,37.4,34.3,36.8,41.2,41.9,44.2,45.5,46.9,45.6,44.1,46.5,46.4,46,48.8,48.8,45.4,43.3,42.1,40.8,36.8,37,39.1,38.1,39.9,117,117.3,125.2,131.3,133.5,133.4,132.7,131.1,129.5,126.8,122.3,118.1,115,113.6,112.5,112.8,113.4,115,116.1,117.9,113.7,112.4,113.8,115,116.5,118.4,120.6,122.8,124.5,125.4,123.9,124.2,124.2,126.8,126.7,124.6,123.1,120.7,119.8,123.6,123.7,125.6,126.5,125.6,124.8,124.5,125.5,125,124.4,123.8,123.6,124.1,127.1,127.6,126.2,125,125.6,127.3,127.3,127.5,125.8,126.3,127.9,127.2,125.8,128,124,120.8,122.4,125.3,125.4,126,125.7,125.9,123.1,120.9,120.2,118.9,117.9,119.2,120.6,121.3,123,122.1,121.4,116.5,117.5,121.5,121.6,123.6,"TT","O","",2022,2,3,"11/28/09",7.40288568257492,8.283060244952,8.45283018867925,7.43421052631579,0,0,0,0,0,0,59.6,64.5,70.3,73.4,79.2,83.4,85.6,87.3,87.6,86.8,84.7,83.3,83.2,81.3,75,71.7,70.5,69.8,69,69.4,69.8,70.6,70.4,71.1,69.4,69.7,69.8,73.4,71.3,56.9,52.1,50.3,49.4,49.6,48.7,48.5,48.9,48.1,46.8,45.7,44.7,42.6,40.8,39.9,39.4,39.4,41.6,41.8,40.3,39.2,39.4,40.7,40.6,40.9,39.2,39.7,41.3,40.8,39.1,41.4,37.4,34.3,36.8,41.2,41.9,44.2,45.5,46.9,45.6,44.1,46.5,46.4,46,48.8,48.8,45.4,43.3,42.1,40.8,36.8,37,39.1,38.1,39.9,0,0,0,0,0,0,132.7,131.1,129.5,126.8,122.3,118.1,115,113.6,112.5,112.8,113.4,115,116.1,117.9,113.7,112.4,113.8,115,116.5,118.4,120.6,122.8,124.5,125.4,123.9,124.2,124.2,126.8,126.7,124.6,123.1,120.7,119.8,123.6,123.7,125.6,126.5,125.6,124.8,124.5,125.5,125,124.4,123.8,123.6,124.1,127.1,127.6,126.2,125,125.6,127.3,127.3,127.5,125.8,126.3,127.9,127.2,125.8,128,124,120.8,122.4,125.3,125.4,126,125.7,125.9,123.1,120.9,120.2,118.9,117.9,119.2,120.6,121.3,123,122.1,121.4,116.5,117.5,121.5,121.6,123.6,4545.8,10294,54.1166666666667,122.547619047619,55,115,7,7
"030","05","A","W",2,90.1,644,0,0,0,22,78,57,1.5,0,0,0,90,"2212",27,90,119.8,119.7,112.7,109,104.4,97.5,92.3,92.5,92.9,93,92.6,91.3,90.4,90.2,89.9,88.9,89.8,87.8,86,84.4,82.3,81.8,82.1,82.9,87.6,90.6,88.6,89.7,92.9,91.8,91.4,97.6,101.6,98.2,99.2,102.6,108.5,107.7,108.5,103.6,99.6,97.2,98.2,104.5,106.5,104.8,99.5,104.5,105.8,101.5,103.2,100.3,97.8,96.4,94.6,93.1,90.1,88.5,89.7,93.6,102.1,98.4,94.2,93.4,93.4,91.4,90.1,87.2,87.9,89.5,90.3,92.5,90.6,90.1,88.9,87.9,85.8,84,83.1,84.3,84.4,84.6,84.5,84.6,84.9,85.5,85.3,85.7,85.7,89.6,59.7,60.9,62.4,67.9,77.8,85.3,88.4,88.9,85.3,87.5,84,86.2,88.6,86.7,88.4,92.2,91.3,89.7,89.5,87,86.1,87.3,88.3,90.1,92,91.5,89.8,89.4,89.2,87.9,85.5,85.8,85.7,83.7,83.3,83.2,81.3,78.1,77.2,77.8,79.6,81.3,81.9,82.1,81.5,79.9,78.9,80,80.1,78.1,79.6,79.5,80.6,81.2,80.4,78.7,76.8,75.8,77.2,80,82.9,83.5,84.9,84.4,82.2,83.5,82.8,80.7,82.3,84.8,84.6,86.9,88,89.1,89.8,89.3,86,83.8,82.8,83.7,83,83.5,82.6,81.9,81.8,82.7,82.7,81.8,81.5,84.8,"TT","O","",2022,3,3,"11/28/09",7.14761376248613,8.283060244952,8.45283018867925,7.43421052631579,0,0,0,0,0,0,0,0,0,0,0,0,0,90.2,89.9,88.9,89.8,87.8,86,84.4,82.3,81.8,82.1,82.9,87.6,90.6,88.6,89.7,92.9,91.8,91.4,97.6,101.6,98.2,99.2,102.6,108.5,107.7,108.5,103.6,99.6,97.2,98.2,104.5,106.5,104.8,99.5,104.5,105.8,101.5,103.2,100.3,97.8,96.4,94.6,93.1,90.1,88.5,89.7,93.6,102.1,98.4,94.2,93.4,93.4,91.4,90.1,87.2,87.9,89.5,90.3,92.5,90.6,90.1,88.9,87.9,85.8,84,83.1,84.3,84.4,84.6,84.5,84.6,84.9,85.5,85.3,85.7,85.7,89.6,0,0,0,0,0,0,0,0,0,0,0,0,0,86.7,88.4,92.2,91.3,89.7,89.5,87,86.1,87.3,88.3,90.1,92,91.5,89.8,89.4,89.2,87.9,85.5,85.8,85.7,83.7,83.3,83.2,81.3,78.1,77.2,77.8,79.6,81.3,81.9,82.1,81.5,79.9,78.9,80,80.1,78.1,79.6,79.5,80.6,81.2,80.4,78.7,76.8,75.8,77.2,80,82.9,83.5,84.9,84.4,82.2,83.5,82.8,80.7,82.3,84.8,84.6,86.9,88,89.1,89.8,89.3,86,83.8,82.8,83.7,83,83.5,82.6,81.9,81.8,82.7,82.7,81.8,81.5,84.8,7135.5,6453.5,92.6688311688312,83.8116883116883,115,55,14,14
"028","06","A","E",2,90.1,831,0,8,0,25,75,100,1.5,0,0,0,90,"2212",27,90,71.7,79.4,89.2,98.4,107.1,114.8,118.9,122.1,121.9,125.4,123.2,121,116.9,111.1,106.6,105.5,105.5,105.5,104.5,103.7,102.9,111.4,114.6,112.9,105.2,105.1,101.9,98.3,94.9,93.1,91,87.5,86,83.3,89.9,103.7,109.7,110.7,112,113.4,113.5,115.2,117.1,118.2,118.1,117.9,117.1,118,115.1,108.3,109.3,107.6,104.1,103.8,100.9,102.5,102.1,101.3,102.3,110.7,113.4,111.5,111.9,110.7,106.3,106,105.1,102.5,101.3,99.1,98.5,96,93.5,93,92.5,92.5,90.6,88.4,85.9,86,85.6,85.9,86.4,85.8,86.5,87.2,86.9,87.2,88.4,87.4,123.7,116,107.5,97.3,81.4,64.4,49.4,38.7,35.4,39.9,38.6,45.2,56.6,66.4,70,65.7,68.9,69.3,71.8,67.8,68,70.3,69.6,68.6,66.9,74.3,79.9,83.5,83.2,81.5,81.9,75.9,74.7,74.5,76.5,78,77.8,76.5,74.2,72.7,72.4,70.3,66.4,64.1,64.4,63.1,62.5,62.1,61.5,59.7,66.9,64.7,60.5,61.5,59.5,61.7,62.2,61.7,62.8,67.1,69,68.1,68.7,68.4,68.2,71.4,72.9,76.1,77.5,78.2,79.3,83.3,87.1,87.1,85.2,83.2,82,81.8,81.3,81.5,81.3,81.4,81.1,81.1,80.7,81,80.7,81.1,81.4,79.1,"TT","O","",2022,4,3,"11/29/09",9.22308546059933,8.283060244952,8.45283018867925,7.43421052631579,0,0,0,0,0,0,118.9,122.1,121.9,125.4,123.2,121,116.9,111.1,106.6,105.5,105.5,105.5,104.5,103.7,102.9,111.4,114.6,112.9,105.2,105.1,101.9,98.3,94.9,93.1,91,87.5,86,83.3,89.9,103.7,109.7,110.7,112,113.4,113.5,115.2,117.1,118.2,118.1,117.9,117.1,118,115.1,108.3,109.3,107.6,104.1,103.8,100.9,102.5,102.1,101.3,102.3,110.7,113.4,111.5,111.9,110.7,106.3,106,105.1,102.5,101.3,99.1,98.5,96,93.5,93,92.5,92.5,90.6,88.4,85.9,86,85.6,85.9,86.4,85.8,86.5,87.2,86.9,87.2,88.4,87.4,0,0,0,0,0,0,49.4,38.7,35.4,39.9,38.6,45.2,56.6,66.4,70,65.7,68.9,69.3,71.8,67.8,68,70.3,69.6,68.6,66.9,74.3,79.9,83.5,83.2,81.5,81.9,75.9,74.7,74.5,76.5,78,77.8,76.5,74.2,72.7,72.4,70.3,66.4,64.1,64.4,63.1,62.5,62.1,61.5,59.7,66.9,64.7,60.5,61.5,59.5,61.7,62.2,61.7,62.8,67.1,69,68.1,68.7,68.4,68.2,71.4,72.9,76.1,77.5,78.2,79.3,83.3,87.1,87.1,85.2,83.2,82,81.8,81.3,81.5,81.3,81.4,81.1,81.1,80.7,81,80.7,81.1,81.4,79.1,8674.4,5926.5,103.266666666667,70.5535714285714,55,115,7,7
"029","06","A","S",2,90.1,728,44,2,0,0,100,52,1.5,0,0,0,90,"2212",27,90,57.6,52.3,47.4,45.8,46.7,51.5,56.4,56.3,62.2,65.7,65.8,65.6,65.8,64.9,65.2,65,65.4,65.8,69,66.8,67.4,69.2,72.2,76.3,75.3,78,78.6,77.6,77.2,76.3,77.9,77.6,77.5,77.2,77.7,77.9,77.2,74,65.8,60.2,61.7,62,66.8,70.9,74.3,76.4,76.4,76.7,76.4,76.1,74.5,69.3,64.3,67.6,71.2,74.1,75.9,74.4,71.4,66.2,61.5,57,60.9,65,68.6,63.4,60.5,64.7,61.8,57,55.4,64.8,65,58.3,56.7,59.8,62.1,60,64.3,64.6,63.5,58.4,57.5,61.1,70.6,71.2,71.9,74.1,75.3,75.8,116.3,117.6,122.5,130.9,132.8,133.1,133.1,132.6,132.2,131.1,131.5,131.3,131.6,130.8,131,131.4,131.4,131.4,129,122.1,122.8,124.1,127.5,125.1,120,121.8,122.2,121.6,121.1,119.8,121.9,121.5,121.3,120.8,121.6,122.3,123.3,123.6,118.8,115.1,117.6,119.3,124,128,125.6,124,124.9,125.2,124.9,124.8,124.6,123.2,121.1,124.5,127.5,127.3,125.6,125.1,125.6,123.6,122.7,119.3,123.9,126.9,128.1,124.5,121.4,125.6,124.8,121,120,127.6,126.3,120.9,117.8,120.7,122.8,120.2,123.9,125.1,126.7,122.9,122.5,126.3,128,127.8,127.4,126.3,124.3,123,"TT","O","",2022,5,3,"11/29/09",8.07991120976693,8.283060244952,8.45283018867925,7.43421052631579,0,0,0,0,0,0,56.4,56.3,62.2,65.7,65.8,65.6,65.8,64.9,65.2,65,65.4,65.8,69,66.8,67.4,69.2,72.2,76.3,75.3,78,78.6,77.6,77.2,76.3,77.9,77.6,77.5,77.2,77.7,77.9,77.2,74,65.8,60.2,61.7,62,66.8,70.9,74.3,76.4,76.4,76.7,76.4,76.1,74.5,69.3,64.3,67.6,71.2,74.1,75.9,74.4,71.4,66.2,61.5,57,60.9,65,68.6,63.4,60.5,64.7,61.8,57,55.4,64.8,65,58.3,56.7,59.8,62.1,60,64.3,64.6,63.5,58.4,57.5,61.1,70.6,71.2,71.9,74.1,75.3,75.8,0,0,0,0,0,0,133.1,132.6,132.2,131.1,131.5,131.3,131.6,130.8,131,131.4,131.4,131.4,129,122.1,122.8,124.1,127.5,125.1,120,121.8,122.2,121.6,121.1,119.8,121.9,121.5,121.3,120.8,121.6,122.3,123.3,123.6,118.8,115.1,117.6,119.3,124,128,125.6,124,124.9,125.2,124.9,124.8,124.6,123.2,121.1,124.5,127.5,127.3,125.6,125.1,125.6,123.6,122.7,119.3,123.9,126.9,128.1,124.5,121.4,125.6,124.8,121,120,127.6,126.3,120.9,117.8,120.7,122.8,120.2,123.9,125.1,126.7,122.9,122.5,126.3,128,127.8,127.4,126.3,124.3,123,5728.4,10471.8,68.1952380952381,124.664285714286,55,115,7,7
"030","06","A","W",2,30.4,226,0,0,0,9,91,50,1.5,0,0,0,90,"2212",27,30,116.5,112.7,108,108,106,102.7,99.2,96.3,93.5,92,89.2,88.9,88.6,87.6,85.7,84.8,89.4,91.3,90.7,88.6,90,87.9,89.4,83.3,84.9,87.2,85.9,85.6,86.9,87.8,0,0,0,0,0,0,0,0,0,0,0,0,0,0,0,0,0,0,0,0,0,0,0,0,0,0,0,0,0,0,0,0,0,0,0,0,0,0,0,0,0,0,0,0,0,0,0,0,0,0,0,0,0,0,0,0,0,0,0,0,64.4,63.7,63.7,70.6,75.8,79.9,82.4,83.7,85.3,85.7,84.9,87.6,85.1,85.1,84.3,83.8,86.4,86.9,88.4,91,90.1,89.6,90.7,87.5,85.1,87.7,87.9,87.6,88.8,88.9,0,0,0,0,0,0,0,0,0,0,0,0,0,0,0,0,0,0,0,0,0,0,0,0,0,0,0,0,0,0,0,0,0,0,0,0,0,0,0,0,0,0,0,0,0,0,0,0,0,0,0,0,0,0,0,0,0,0,0,0,"FS","O","",2022,6,3,"11/29/09",7.43421052631579,8.283060244952,8.45283018867925,7.43421052631579,0,0,0,0,0,0,0,0,0,0,0,0,0,0,85.7,84.8,89.4,91.3,90.7,88.6,90,87.9,89.4,83.3,84.9,87.2,85.9,85.6,86.9,87.8,0,0,0,0,0,0,0,0,0,0,0,0,0,0,0,0,0,0,0,0,0,0,0,0,0,0,0,0,0,0,0,0,0,0,0,0,0,0,0,0,0,0,0,0,0,0,0,0,0,0,0,0,0,0,0,0,0,0,0,0,0,0,0,0,0,0,0,0,0,0,0,0,0,0,84.3,83.8,86.4,86.9,88.4,91,90.1,89.6,90.7,87.5,85.1,87.7,87.9,87.6,88.8,88.9,0,0,0,0,0,0,0,0,0,0,0,0,0,0,0,0,0,0,0,0,0,0,0,0,0,0,0,0,0,0,0,0,0,0,0,0,0,0,0,0,0,0,0,0,0,0,0,0,0,0,0,0,0,0,0,0,0,0,0,0,1399.4,1404.7,87.4625,87.79375,115,55,15,15
"031","05","A","N",2,20.3,503,44,18,51,45,4,59,1.5,2,1,0,90,"2212",29,20,108.5,102.9,87.1,68.2,53.2,34,28.2,28.4,27.4,30.9,38.4,41.7,45.8,44.3,48.1,46.5,36.2,31.5,22,11.5,0,0,0,0,0,0,0,0,0,0,0,0,0,0,0,0,0,0,0,0,0,0,0,0,0,0,0,0,0,0,0,0,0,0,0,0,0,0,0,0,0,0,0,0,0,0,0,0,0,0,0,0,0,0,0,0,0,0,0,0,0,0,0,0,0,0,0,0,0,0,49.1,23.5,14.3,41.6,67.4,90.4,106.9,112.4,96.4,73,52.5,46.2,44.2,59.1,79.6,101.6,114.3,117.5,108,96.4,0,0,0,0,0,0,0,0,0,0,0,0,0,0,0,0,0,0,0,0,0,0,0,0,0,0,0,0,0,0,0,0,0,0,0,0,0,0,0,0,0,0,0,0,0,0,0,0,0,0,0,0,0,0,0,0,0,0,0,0,0,0,0,0,0,0,0,0,0,0,"TT","O","",2022,1,3,"11/28/09",24.7783251231527,21.2898267304692,20.9293710239314,23.0921052631579,0,0,0,0,53.2,34,28.2,28.4,27.4,30.9,38.4,41.7,45.8,44.3,48.1,46.5,36.2,31.5,22,11.5,0,0,0,0,0,0,0,0,0,0,0,0,0,0,0,0,0,0,0,0,0,0,0,0,0,0,0,0,0,0,0,0,0,0,0,0,0,0,0,0,0,0,0,0,0,0,0,0,0,0,0,0,0,0,0,0,0,0,0,0,0,0,0,0,0,0,0,0,0,0,0,0,0,0,67.4,90.4,106.9,112.4,96.4,73,52.5,46.2,44.2,59.1,79.6,101.6,114.3,117.5,108,96.4,0,0,0,0,0,0,0,0,0,0,0,0,0,0,0,0,0,0,0,0,0,0,0,0,0,0,0,0,0,0,0,0,0,0,0,0,0,0,0,0,0,0,0,0,0,0,0,0,0,0,0,0,0,0,0,0,0,0,0,0,0,0,0,0,0,0,0,0,0,0,568.1,1365.9,35.50625,85.36875,115,55,5,5
"032","05","A","S",2,58.3,1107,41,14,48,33,19,-15,1.5,1,1,0,90,"2212",29,58,48,27.5,34.4,51.5,60.1,62.1,58.5,49.9,35.8,26.6,23.3,30.8,43.7,52.2,56.7,58,55.5,51.8,45.9,43,50.9,65.6,70.4,57,40.4,26.9,29.5,36.4,24.6,20.9,33.3,50.3,67.8,81,90,92.4,95.5,96.3,98.3,102,103.6,100.2,93.2,81.7,71.1,49.2,29.3,12.6,11.9,16.5,16,23.9,49.1,56.3,52.2,46.4,39.9,26.7,0,0,0,0,0,0,0,0,0,0,0,0,0,0,0,0,0,0,0,0,0,0,0,0,0,0,0,0,0,0,0,0,103.4,84.4,59.1,44.3,48.8,66.9,85.5,103.3,114,112.6,105.2,98.2,92.5,76.4,62.9,55.4,44.8,36.5,43.4,60.8,76.7,94.5,108.3,113.7,113.4,101.7,94,81.2,73.9,66.7,60.9,56.1,43.5,31.4,22.6,17.9,10.3,18.9,36.6,52.7,68,79.2,87.2,94.8,106.5,107.9,98.4,85.9,76.7,74.8,82.7,100.7,124.5,122.8,110,98.8,93.2,85.4,0,0,0,0,0,0,0,0,0,0,0,0,0,0,0,0,0,0,0,0,0,0,0,0,0,0,0,0,0,0,0,0,"TT","O","",2022,2,3,"11/28/09",18.9879931389365,21.2898267304692,20.9293710239314,23.0921052631579,0,0,34.4,51.5,60.1,62.1,58.5,49.9,35.8,26.6,23.3,30.8,43.7,52.2,56.7,58,55.5,51.8,45.9,43,50.9,65.6,70.4,57,40.4,26.9,29.5,36.4,24.6,20.9,33.3,50.3,67.8,81,90,92.4,95.5,96.3,98.3,102,103.6,100.2,93.2,81.7,71.1,49.2,29.3,12.6,11.9,16.5,16,23.9,49.1,56.3,52.2,46.4,39.9,26.7,0,0,0,0,0,0,0,0,0,0,0,0,0,0,0,0,0,0,0,0,0,0,0,0,0,0,0,0,0,0,0,0,0,0,59.1,44.3,48.8,66.9,85.5,103.3,114,112.6,105.2,98.2,92.5,76.4,62.9,55.4,44.8,36.5,43.4,60.8,76.7,94.5,108.3,113.7,113.4,101.7,94,81.2,73.9,66.7,60.9,56.1,43.5,31.4,22.6,17.9,10.3,18.9,36.6,52.7,68,79.2,87.2,94.8,106.5,107.9,98.4,85.9,76.7,74.8,82.7,100.7,124.5,122.8,110,98.8,93.2,85.4,0,0,0,0,0,0,0,0,0,0,0,0,0,0,0,0,0,0,0,0,0,0,0,0,0,0,0,0,0,0,0,0,2949.1,4283.1,52.6625,76.4839285714286,55,115,3,3
"033","05","A","W",2,79.4,1472,33,7,51,29,20,-22,1.5,0,0,0,90,"2212",29,79,91.1,67.7,51.9,31.2,40.8,54.6,61.6,58.4,46.9,38.6,38.4,41.1,28.3,15.9,18.3,29.7,39.3,58.3,51.3,40.4,52.6,71.9,86,93,98.3,100.2,97.8,88.4,82.2,74.6,57.4,49,42.2,38.7,42.3,47.3,59.5,70.4,76,76.1,70.3,61,63.1,51.1,40.7,29,22.8,32.4,37.8,37.3,48.9,62.1,64,53.6,58.7,67.9,68.3,58.6,43.9,27.6,37.1,40.3,44.5,59.4,64.9,66.8,56.1,40.6,21.5,20.4,22.1,23.6,30.2,38.7,47.9,48.7,42.6,29,24.1,0,0,0,0,0,0,0,0,0,0,0,36.7,25.9,35.5,63.5,66.3,46.5,33.3,29.2,43.3,63.9,83.6,102.6,106.6,95.7,81.6,73.8,73.6,73,67.3,58.6,40.5,29.2,32,41.1,56.8,71,82.9,88.7,98,103.9,110.8,119.3,126.3,125,124.4,119.9,119.9,115.9,106,98.6,93.7,94.6,108.1,109.7,116.5,111.8,107.7,111.1,104.2,90,76.1,72.1,75.6,72.2,58.7,54.2,60.5,62,65.2,83.2,86.8,73.4,56.3,35.5,31,40.3,56.1,69.9,89.4,101.5,108.4,105,101,94.2,84.7,78.4,72.8,77.7,93.2,0,0,0,0,0,0,0,0,0,0,0,"TT","O","",2022,3,3,"11/28/09",18.5390428211587,21.2898267304692,20.9293710239314,23.0921052631579,0,0,0,0,40.8,54.6,61.6,58.4,46.9,38.6,38.4,41.1,28.3,15.9,18.3,29.7,39.3,58.3,51.3,40.4,52.6,71.9,86,93,98.3,100.2,97.8,88.4,82.2,74.6,57.4,49,42.2,38.7,42.3,47.3,59.5,70.4,76,76.1,70.3,61,63.1,51.1,40.7,29,22.8,32.4,37.8,37.3,48.9,62.1,64,53.6,58.7,67.9,68.3,58.6,43.9,27.6,37.1,40.3,44.5,59.4,64.9,66.8,56.1,40.6,21.5,20.4,22.1,23.6,30.2,38.7,47.9,48.7,42.6,29,24.1,0,0,0,0,0,0,0,0,0,0,0,0,0,0,0,66.3,46.5,33.3,29.2,43.3,63.9,83.6,102.6,106.6,95.7,81.6,73.8,73.6,73,67.3,58.6,40.5,29.2,32,41.1,56.8,71,82.9,88.7,98,103.9,110.8,119.3,126.3,125,124.4,119.9,119.9,115.9,106,98.6,93.7,94.6,108.1,109.7,116.5,111.8,107.7,111.1,104.2,90,76.1,72.1,75.6,72.2,58.7,54.2,60.5,62,65.2,83.2,86.8,73.4,56.3,35.5,31,40.3,56.1,69.9,89.4,101.5,108.4,105,101,94.2,84.7,78.4,72.8,77.7,93.2,0,0,0,0,0,0,0,0,0,0,0,3823.4,6091.9,50.9786666666667,81.2253333333333,115,55,5,5
"031","06","A","E",2,11.8,268,53,3,34,49,17,55,1.5,1,0,0,90,"2212",29,11,66,55.8,36.3,14.8,23.1,46.7,59.8,61.8,41.2,24.1,9.8,0,0,0,0,0,0,0,0,0,0,0,0,0,0,0,0,0,0,0,0,0,0,0,0,0,0,0,0,0,0,0,0,0,0,0,0,0,0,0,0,0,0,0,0,0,0,0,0,0,0,0,0,0,0,0,0,0,0,0,0,0,0,0,0,0,0,0,0,0,0,0,0,0,0,0,0,0,0,0,116.1,99.1,83.6,77.6,88.7,86.3,90.1,106.7,108.6,100.6,89.1,0,0,0,0,0,0,0,0,0,0,0,0,0,0,0,0,0,0,0,0,0,0,0,0,0,0,0,0,0,0,0,0,0,0,0,0,0,0,0,0,0,0,0,0,0,0,0,0,0,0,0,0,0,0,0,0,0,0,0,0,0,0,0,0,0,0,0,0,0,0,0,0,0,0,0,0,0,0,0,"TT","O","",2022,4,3,"11/29/09",22.7118644067797,21.2898267304692,20.9293710239314,23.0921052631579,0,0,36.3,14.8,23.1,46.7,59.8,61.8,41.2,24.1,9.8,0,0,0,0,0,0,0,0,0,0,0,0,0,0,0,0,0,0,0,0,0,0,0,0,0,0,0,0,0,0,0,0,0,0,0,0,0,0,0,0,0,0,0,0,0,0,0,0,0,0,0,0,0,0,0,0,0,0,0,0,0,0,0,0,0,0,0,0,0,0,0,0,0,0,0,0,0,0,0,0,0,83.6,77.6,88.7,86.3,90.1,106.7,108.6,100.6,89.1,0,0,0,0,0,0,0,0,0,0,0,0,0,0,0,0,0,0,0,0,0,0,0,0,0,0,0,0,0,0,0,0,0,0,0,0,0,0,0,0,0,0,0,0,0,0,0,0,0,0,0,0,0,0,0,0,0,0,0,0,0,0,0,0,0,0,0,0,0,0,0,0,0,0,0,0,0,0,0,317.6,831.3,35.2888888888889,92.3666666666667,55,115,3,3
"032","06","A","S",2,13.5,265,60,1,72,26,2,-23,1.5,0,0,0,90,"2212",29,13,47.7,31.8,30.3,46.1,53.1,57.6,61.8,61.5,38.4,18.7,12.1,15.6,16.8,0,0,0,0,0,0,0,0,0,0,0,0,0,0,0,0,0,0,0,0,0,0,0,0,0,0,0,0,0,0,0,0,0,0,0,0,0,0,0,0,0,0,0,0,0,0,0,0,0,0,0,0,0,0,0,0,0,0,0,0,0,0,0,0,0,0,0,0,0,0,0,0,0,0,0,0,0,103.5,84.5,61.6,41.4,35.9,44.9,65.8,84.4,94.7,87.6,77.4,75.3,79.3,0,0,0,0,0,0,0,0,0,0,0,0,0,0,0,0,0,0,0,0,0,0,0,0,0,0,0,0,0,0,0,0,0,0,0,0,0,0,0,0,0,0,0,0,0,0,0,0,0,0,0,0,0,0,0,0,0,0,0,0,0,0,0,0,0,0,0,0,0,0,0,0,0,0,0,0,0,"TT","O","",2022,5,3,"11/29/09",19.6296296296296,21.2898267304692,20.9293710239314,23.0921052631579,0,0,30.3,46.1,53.1,57.6,61.8,61.5,38.4,18.7,12.1,15.6,16.8,0,0,0,0,0,0,0,0,0,0,0,0,0,0,0,0,0,0,0,0,0,0,0,0,0,0,0,0,0,0,0,0,0,0,0,0,0,0,0,0,0,0,0,0,0,0,0,0,0,0,0,0,0,0,0,0,0,0,0,0,0,0,0,0,0,0,0,0,0,0,0,0,0,0,0,0,0,0,0,61.6,41.4,35.9,44.9,65.8,84.4,94.7,87.6,77.4,75.3,79.3,0,0,0,0,0,0,0,0,0,0,0,0,0,0,0,0,0,0,0,0,0,0,0,0,0,0,0,0,0,0,0,0,0,0,0,0,0,0,0,0,0,0,0,0,0,0,0,0,0,0,0,0,0,0,0,0,0,0,0,0,0,0,0,0,0,0,0,0,0,0,0,0,0,0,0,0,0,412,748.3,37.4545454545455,68.0272727272727,55,115,3,3
"033","06","A","W",2,30.4,702,59,10,60,32,8,-98,1.5,3,1,0,90,"2212",29,30,103.4,83.2,74.1,71.9,56.9,36.7,25.6,6.7,24.5,51,59.5,46,27.7,17.7,26.9,46.3,53.1,55,48.5,32.3,16.7,18.3,21.1,20.1,15.9,7.9,22,43.6,55.6,51.7,0,0,0,0,0,0,0,0,0,0,0,0,0,0,0,0,0,0,0,0,0,0,0,0,0,0,0,0,0,0,0,0,0,0,0,0,0,0,0,0,0,0,0,0,0,0,0,0,0,0,0,0,0,0,0,0,0,0,0,0,41.9,11.2,34.3,55.4,68.7,81.6,100.7,92.6,87.3,86,93.1,102.9,94.7,79.4,60.3,40.5,34.9,42.7,60.5,78.3,93.1,103.7,99.7,83.7,77.6,85.5,95.6,101.3,112.7,118.7,0,0,0,0,0,0,0,0,0,0,0,0,0,0,0,0,0,0,0,0,0,0,0,0,0,0,0,0,0,0,0,0,0,0,0,0,0,0,0,0,0,0,0,0,0,0,0,0,0,0,0,0,0,0,0,0,0,0,0,0,"FS","O","",2022,6,3,"11/29/09",23.0921052631579,21.2898267304692,20.9293710239314,23.0921052631579,0,0,0,0,56.9,36.7,25.6,6.7,24.5,51,59.5,46,27.7,17.7,26.9,46.3,53.1,55,48.5,32.3,16.7,18.3,21.1,20.1,15.9,7.9,22,43.6,55.6,51.7,0,0,0,0,0,0,0,0,0,0,0,0,0,0,0,0,0,0,0,0,0,0,0,0,0,0,0,0,0,0,0,0,0,0,0,0,0,0,0,0,0,0,0,0,0,0,0,0,0,0,0,0,0,0,0,0,0,0,0,0,0,0,0,0,68.7,81.6,100.7,92.6,87.3,86,93.1,102.9,94.7,79.4,60.3,40.5,34.9,42.7,60.5,78.3,93.1,103.7,99.7,83.7,77.6,85.5,95.6,101.3,112.7,118.7,0,0,0,0,0,0,0,0,0,0,0,0,0,0,0,0,0,0,0,0,0,0,0,0,0,0,0,0,0,0,0,0,0,0,0,0,0,0,0,0,0,0,0,0,0,0,0,0,0,0,0,0,0,0,0,0,0,0,0,0,887.3,2175.8,34.1269230769231,83.6846153846154,115,55,5,5
"001","07","A","S",2,28.9,599,36,1,17,50,33,-78,1.5,2,0,0,90,"2212",1,28,57.9,74.5,88.4,102.5,96.4,62.8,52.8,63.6,65.3,78.2,86.3,81.3,69.8,59.5,56.1,45.3,32.9,24.4,22.9,35.1,48.1,66.1,68.7,64.5,51.8,42.4,32.6,18.5,0,0,0,0,0,0,0,0,0,0,0,0,0,0,0,0,0,0,0,0,0,0,0,0,0,0,0,0,0,0,0,0,0,0,0,0,0,0,0,0,0,0,0,0,0,0,0,0,0,0,0,0,0,0,0,0,0,0,0,0,0,0,90.9,67.1,61.2,71.4,79.7,72.6,56,42,36.9,42,57.7,71.3,80.9,92.7,110,122.4,115.9,104.4,102.5,96.1,94.7,104.3,107.5,108.6,116.1,121.1,118.5,105.1,0,0,0,0,0,0,0,0,0,0,0,0,0,0,0,0,0,0,0,0,0,0,0,0,0,0,0,0,0,0,0,0,0,0,0,0,0,0,0,0,0,0,0,0,0,0,0,0,0,0,0,0,0,0,0,0,0,0,0,0,0,0,"TT","O","",2022,1,4,"11/30/09",20.7266435986159,19.0745318859174,19.4552277367851,17.1710526315789,0,0,88.4,102.5,96.4,62.8,52.8,63.6,65.3,78.2,86.3,81.3,69.8,59.5,56.1,45.3,32.9,24.4,22.9,35.1,48.1,66.1,68.7,64.5,51.8,42.4,32.6,18.5,0,0,0,0,0,0,0,0,0,0,0,0,0,0,0,0,0,0,0,0,0,0,0,0,0,0,0,0,0,0,0,0,0,0,0,0,0,0,0,0,0,0,0,0,0,0,0,0,0,0,0,0,0,0,0,0,0,0,0,0,0,0,0,0,61.2,71.4,79.7,72.6,56,42,36.9,42,57.7,71.3,80.9,92.7,110,122.4,115.9,104.4,102.5,96.1,94.7,104.3,107.5,108.6,116.1,121.1,118.5,105.1,0,0,0,0,0,0,0,0,0,0,0,0,0,0,0,0,0,0,0,0,0,0,0,0,0,0,0,0,0,0,0,0,0,0,0,0,0,0,0,0,0,0,0,0,0,0,0,0,0,0,0,0,0,0,0,0,0,0,0,0,0,0,1516.3,2291.6,58.3192307692308,88.1384615384615,55,115,3,3
"002","07","A","W",2,11.3,222,22,55,41,30,29,-106,1.5,1,0,0,90,"2212",1,11,112.5,124.2,124.9,121.1,117.1,106.8,86,62.9,41.5,16.7,10.9,0,0,0,0,0,0,0,0,0,0,0,0,0,0,0,0,0,0,0,0,0,0,0,0,0,0,0,0,0,0,0,0,0,0,0,0,0,0,0,0,0,0,0,0,0,0,0,0,0,0,0,0,0,0,0,0,0,0,0,0,0,0,0,0,0,0,0,0,0,0,0,0,0,0,0,0,0,0,0,42.4,44.8,42.7,39.2,37.6,38.1,35.6,36.1,48.4,77.2,85.9,0,0,0,0,0,0,0,0,0,0,0,0,0,0,0,0,0,0,0,0,0,0,0,0,0,0,0,0,0,0,0,0,0,0,0,0,0,0,0,0,0,0,0,0,0,0,0,0,0,0,0,0,0,0,0,0,0,0,0,0,0,0,0,0,0,0,0,0,0,0,0,0,0,0,0,0,0,0,0,"TT","O","",2022,2,4,"11/30/09",19.646017699115,19.0745318859174,19.4552277367851,17.1710526315789,0,0,0,0,0,106.8,86,62.9,41.5,16.7,10.9,0,0,0,0,0,0,0,0,0,0,0,0,0,0,0,0,0,0,0,0,0,0,0,0,0,0,0,0,0,0,0,0,0,0,0,0,0,0,0,0,0,0,0,0,0,0,0,0,0,0,0,0,0,0,0,0,0,0,0,0,0,0,0,0,0,0,0,0,0,0,0,0,0,0,0,0,0,0,0,0,0,0,0,0,38.1,35.6,36.1,48.4,77.2,85.9,0,0,0,0,0,0,0,0,0,0,0,0,0,0,0,0,0,0,0,0,0,0,0,0,0,0,0,0,0,0,0,0,0,0,0,0,0,0,0,0,0,0,0,0,0,0,0,0,0,0,0,0,0,0,0,0,0,0,0,0,0,0,0,0,0,0,0,0,0,0,0,0,0,0,0,0,0,0,0,324.8,321.3,54.1333333333333,53.55,115,55,6,6
"003","07","A","N",2,35.8,703,37,17,46,27,27,55,1.5,1,1,0,90,"2212",1,35,106.5,99.9,92.3,76.3,49.4,35,47.4,54.2,57.4,60.3,58.9,55.3,52.7,57.1,59.7,49.1,38.2,23.8,14.8,13.3,18.6,33.6,47,64.1,82.3,91.4,91.3,84.5,69.1,57.3,53.6,53.4,44,32.7,19,0,0,0,0,0,0,0,0,0,0,0,0,0,0,0,0,0,0,0,0,0,0,0,0,0,0,0,0,0,0,0,0,0,0,0,0,0,0,0,0,0,0,0,0,0,0,0,0,0,0,0,0,0,0,0,54.6,30.8,7,12.5,38.6,60.4,53.7,46,42.2,29,31.2,49.7,71.2,93.5,112.9,121,120.7,108.6,95,83.1,73.1,63.2,58.6,59,69.5,85.3,92.5,94.5,98,102.6,115.2,118.9,119.5,116.4,105.5,0,0,0,0,0,0,0,0,0,0,0,0,0,0,0,0,0,0,0,0,0,0,0,0,0,0,0,0,0,0,0,0,0,0,0,0,0,0,0,0,0,0,0,0,0,0,0,0,0,0,0,0,0,0,0,"TT","O","",2022,3,4,"11/30/09",19.6368715083799,19.0745318859174,19.4552277367851,17.1710526315789,0,0,0,0,0,35,47.4,54.2,57.4,60.3,58.9,55.3,52.7,57.1,59.7,49.1,38.2,23.8,14.8,13.3,18.6,33.6,47,64.1,82.3,91.4,91.3,84.5,69.1,57.3,53.6,53.4,44,32.7,19,0,0,0,0,0,0,0,0,0,0,0,0,0,0,0,0,0,0,0,0,0,0,0,0,0,0,0,0,0,0,0,0,0,0,0,0,0,0,0,0,0,0,0,0,0,0,0,0,0,0,0,0,0,0,0,0,0,0,0,0,60.4,53.7,46,42.2,29,31.2,49.7,71.2,93.5,112.9,121,120.7,108.6,95,83.1,73.1,63.2,58.6,59,69.5,85.3,92.5,94.5,98,102.6,115.2,118.9,119.5,116.4,105.5,0,0,0,0,0,0,0,0,0,0,0,0,0,0,0,0,0,0,0,0,0,0,0,0,0,0,0,0,0,0,0,0,0,0,0,0,0,0,0,0,0,0,0,0,0,0,0,0,0,0,0,0,0,0,0,1519.1,2490,50.6366666666667,83,115,55,6,6
"001","08","A","N",2,53.8,1000,37,8,40,30,30,51,1.5,1,0,0,90,"2212",1,53,111.2,104.5,89.9,67.5,43.5,46.6,57.6,61.5,64,58.4,43.7,25.9,26.2,41.3,59.5,63.2,51.4,38.5,33.3,36.7,38.8,43.9,61.4,74.5,79.3,90.1,95.1,87.9,84.5,78,66.2,48.1,33.6,26.8,29.4,33.9,46,60.7,70.5,64.3,46.4,31.2,26,26.4,33.3,44,63.1,74.5,73,54.1,38.2,24.9,12.9,0,0,0,0,0,0,0,0,0,0,0,0,0,0,0,0,0,0,0,0,0,0,0,0,0,0,0,0,0,0,0,0,0,0,0,0,0,62.4,51.4,30.7,31.6,57,82.4,80.3,71.1,74.8,61,52.8,61.5,79.8,89.7,102.8,111.6,113.1,107.3,96.2,86.6,82.5,79.2,83.5,93.6,95.6,91.1,88.5,90,93,102.3,111.3,116.7,109.7,98.6,88.2,85.2,83.2,92.5,104.7,109.1,110.4,102.2,90.2,85.2,80.6,77.4,86.1,97,106.9,110.5,105,97,88,0,0,0,0,0,0,0,0,0,0,0,0,0,0,0,0,0,0,0,0,0,0,0,0,0,0,0,0,0,0,0,0,0,0,0,0,0,"TT","O","",2022,4,4,"12/01/09",18.5873605947955,19.0745318859174,19.4552277367851,17.1710526315789,0,0,0,0,0,46.6,57.6,61.5,64,58.4,43.7,25.9,26.2,41.3,59.5,63.2,51.4,38.5,33.3,36.7,38.8,43.9,61.4,74.5,79.3,90.1,95.1,87.9,84.5,78,66.2,48.1,33.6,26.8,29.4,33.9,46,60.7,70.5,64.3,46.4,31.2,26,26.4,33.3,44,63.1,74.5,73,54.1,38.2,24.9,12.9,0,0,0,0,0,0,0,0,0,0,0,0,0,0,0,0,0,0,0,0,0,0,0,0,0,0,0,0,0,0,0,0,0,0,0,0,0,0,0,0,0,0,82.4,80.3,71.1,74.8,61,52.8,61.5,79.8,89.7,102.8,111.6,113.1,107.3,96.2,86.6,82.5,79.2,83.5,93.6,95.6,91.1,88.5,90,93,102.3,111.3,116.7,109.7,98.6,88.2,85.2,83.2,92.5,104.7,109.1,110.4,102.2,90.2,85.2,80.6,77.4,86.1,97,106.9,110.5,105,97,88,0,0,0,0,0,0,0,0,0,0,0,0,0,0,0,0,0,0,0,0,0,0,0,0,0,0,0,0,0,0,0,0,0,0,0,0,0,2468.8,4406,51.4333333333333,91.7916666666666,115,55,6,6
"002","08","A","E",2,26.5,495,44,3,27,36,37,60,1.5,0,0,0,90,"2212",1,26,67.8,64.3,65.5,53.9,34.4,15.3,27.4,47,62.2,65.2,53.6,36.4,24.2,26.1,30.5,39.1,56,74.5,80.3,77.4,69.6,55.2,46.3,39.7,29.9,17.9,0,0,0,0,0,0,0,0,0,0,0,0,0,0,0,0,0,0,0,0,0,0,0,0,0,0,0,0,0,0,0,0,0,0,0,0,0,0,0,0,0,0,0,0,0,0,0,0,0,0,0,0,0,0,0,0,0,0,0,0,0,0,0,0,115.1,102.5,101.7,87.7,75.2,75.1,86.4,95.2,103.7,110,109.2,105.1,92.7,81.2,75.4,71.5,71.8,86.8,96.9,104.1,109.9,118.1,123.8,125.1,116.1,103.1,0,0,0,0,0,0,0,0,0,0,0,0,0,0,0,0,0,0,0,0,0,0,0,0,0,0,0,0,0,0,0,0,0,0,0,0,0,0,0,0,0,0,0,0,0,0,0,0,0,0,0,0,0,0,0,0,0,0,0,0,0,0,0,0,"TT","O","",2022,5,4,"12/01/09",18.6792452830189,19.0745318859174,19.4552277367851,17.1710526315789,0,0,65.5,53.9,34.4,15.3,27.4,47,62.2,65.2,53.6,36.4,24.2,26.1,30.5,39.1,56,74.5,80.3,77.4,69.6,55.2,46.3,39.7,29.9,17.9,0,0,0,0,0,0,0,0,0,0,0,0,0,0,0,0,0,0,0,0,0,0,0,0,0,0,0,0,0,0,0,0,0,0,0,0,0,0,0,0,0,0,0,0,0,0,0,0,0,0,0,0,0,0,0,0,0,0,0,0,0,0,0,0,0,0,101.7,87.7,75.2,75.1,86.4,95.2,103.7,110,109.2,105.1,92.7,81.2,75.4,71.5,71.8,86.8,96.9,104.1,109.9,118.1,123.8,125.1,116.1,103.1,0,0,0,0,0,0,0,0,0,0,0,0,0,0,0,0,0,0,0,0,0,0,0,0,0,0,0,0,0,0,0,0,0,0,0,0,0,0,0,0,0,0,0,0,0,0,0,0,0,0,0,0,0,0,0,0,0,0,0,0,0,0,0,0,1127.6,2325.8,46.9833333333333,96.9083333333333,55,115,3,3
"003","08","A","S",2,30.4,522,51,3,31,27,42,-114,1.5,5,0,0,90,"2212",1,30,54.8,58.5,71.7,73,76.3,81.7,86.6,91.5,90,84.4,74.3,55.6,44.9,32.1,17,10.3,14.1,24.1,38.7,49.1,54.6,52.5,43.6,31.6,17.9,8.1,8.3,11.6,20.7,34.4,0,0,0,0,0,0,0,0,0,0,0,0,0,0,0,0,0,0,0,0,0,0,0,0,0,0,0,0,0,0,0,0,0,0,0,0,0,0,0,0,0,0,0,0,0,0,0,0,0,0,0,0,0,0,0,0,0,0,0,0,107.2,103.5,104.1,101.2,93.3,84.6,83.9,85.6,89.7,97.3,103.8,111.7,117.5,113.7,100.8,83.7,78.5,74.1,78,91.9,105.2,119,122.1,116.7,104,89.7,82.7,76.5,72.3,74.1,0,0,0,0,0,0,0,0,0,0,0,0,0,0,0,0,0,0,0,0,0,0,0,0,0,0,0,0,0,0,0,0,0,0,0,0,0,0,0,0,0,0,0,0,0,0,0,0,0,0,0,0,0,0,0,0,0,0,0,0,"FS","O","",2022,6,4,"12/01/09",17.1710526315789,19.0745318859174,19.4552277367851,17.1710526315789,0,0,71.7,73,76.3,81.7,86.6,91.5,90,84.4,74.3,55.6,44.9,32.1,17,10.3,14.1,24.1,38.7,49.1,54.6,52.5,43.6,31.6,17.9,8.1,8.3,11.6,20.7,34.4,0,0,0,0,0,0,0,0,0,0,0,0,0,0,0,0,0,0,0,0,0,0,0,0,0,0,0,0,0,0,0,0,0,0,0,0,0,0,0,0,0,0,0,0,0,0,0,0,0,0,0,0,0,0,0,0,0,0,0,0,0,0,104.1,101.2,93.3,84.6,83.9,85.6,89.7,97.3,103.8,111.7,117.5,113.7,100.8,83.7,78.5,74.1,78,91.9,105.2,119,122.1,116.7,104,89.7,82.7,76.5,72.3,74.1,0,0,0,0,0,0,0,0,0,0,0,0,0,0,0,0,0,0,0,0,0,0,0,0,0,0,0,0,0,0,0,0,0,0,0,0,0,0,0,0,0,0,0,0,0,0,0,0,0,0,0,0,0,0,0,0,0,0,0,0,1298.7,2655.7,46.3821428571429,94.8464285714286,55,115,3,3
"004","07","A","S",2,22.3,573,42,2,41,44,15,3,1.5,2,0,0,90,"2212",7,22,37.3,20.3,11.6,23.9,51.5,63.5,65.5,56.5,30.5,15.2,27.7,45.9,53.3,57.7,70.8,82.4,94,107.3,101.9,69.5,35.8,7.9,0,0,0,0,0,0,0,0,0,0,0,0,0,0,0,0,0,0,0,0,0,0,0,0,0,0,0,0,0,0,0,0,0,0,0,0,0,0,0,0,0,0,0,0,0,0,0,0,0,0,0,0,0,0,0,0,0,0,0,0,0,0,0,0,0,0,0,0,107.4,80.9,77,92.5,106.1,99.5,93.4,82.6,76.9,94.8,112.8,112.9,94.8,72.4,53.5,46.9,50.1,68.6,77.6,81.1,81,83.1,0,0,0,0,0,0,0,0,0,0,0,0,0,0,0,0,0,0,0,0,0,0,0,0,0,0,0,0,0,0,0,0,0,0,0,0,0,0,0,0,0,0,0,0,0,0,0,0,0,0,0,0,0,0,0,0,0,0,0,0,0,0,0,0,0,0,0,0,"TT","O","",2022,1,4,"11/30/09",25.695067264574,23.4314938134201,23.1276286416779,24.9508196721311,0,20.3,11.6,23.9,51.5,63.5,65.5,56.5,30.5,15.2,27.7,45.9,53.3,57.7,70.8,82.4,94,107.3,101.9,69.5,35.8,7.9,0,0,0,0,0,0,0,0,0,0,0,0,0,0,0,0,0,0,0,0,0,0,0,0,0,0,0,0,0,0,0,0,0,0,0,0,0,0,0,0,0,0,0,0,0,0,0,0,0,0,0,0,0,0,0,0,0,0,0,0,0,0,0,0,0,0,0,0,0,80.9,77,92.5,106.1,99.5,93.4,82.6,76.9,94.8,112.8,112.9,94.8,72.4,53.5,46.9,50.1,68.6,77.6,81.1,81,83.1,0,0,0,0,0,0,0,0,0,0,0,0,0,0,0,0,0,0,0,0,0,0,0,0,0,0,0,0,0,0,0,0,0,0,0,0,0,0,0,0,0,0,0,0,0,0,0,0,0,0,0,0,0,0,0,0,0,0,0,0,0,0,0,0,0,0,0,0,1092.7,1738.5,52.0333333333333,82.7857142857143,55,115,2,2
"005","07","A","W",2,16.6,393,57,2,53,30,17,19,1.5,2,0,0,90,"2212",7,16,109.6,83.4,51.3,20.1,13.1,35.7,43.8,48.4,50.9,45.5,26.3,14.3,31.1,45.2,34.1,19.3,0,0,0,0,0,0,0,0,0,0,0,0,0,0,0,0,0,0,0,0,0,0,0,0,0,0,0,0,0,0,0,0,0,0,0,0,0,0,0,0,0,0,0,0,0,0,0,0,0,0,0,0,0,0,0,0,0,0,0,0,0,0,0,0,0,0,0,0,0,0,0,0,0,0,64.2,56.9,54.1,68.7,87.6,99.1,88.4,70.4,60.2,50.3,61.2,85.3,105.9,119.8,118.4,105.4,0,0,0,0,0,0,0,0,0,0,0,0,0,0,0,0,0,0,0,0,0,0,0,0,0,0,0,0,0,0,0,0,0,0,0,0,0,0,0,0,0,0,0,0,0,0,0,0,0,0,0,0,0,0,0,0,0,0,0,0,0,0,0,0,0,0,0,0,0,0,0,0,0,0,"TT","O","",2022,2,4,"11/30/09",23.6746987951807,23.4314938134201,23.1276286416779,24.9508196721311,0,0,0,0,13.1,35.7,43.8,48.4,50.9,45.5,26.3,14.3,31.1,45.2,34.1,19.3,0,0,0,0,0,0,0,0,0,0,0,0,0,0,0,0,0,0,0,0,0,0,0,0,0,0,0,0,0,0,0,0,0,0,0,0,0,0,0,0,0,0,0,0,0,0,0,0,0,0,0,0,0,0,0,0,0,0,0,0,0,0,0,0,0,0,0,0,0,0,0,0,0,0,0,0,0,0,87.6,99.1,88.4,70.4,60.2,50.3,61.2,85.3,105.9,119.8,118.4,105.4,0,0,0,0,0,0,0,0,0,0,0,0,0,0,0,0,0,0,0,0,0,0,0,0,0,0,0,0,0,0,0,0,0,0,0,0,0,0,0,0,0,0,0,0,0,0,0,0,0,0,0,0,0,0,0,0,0,0,0,0,0,0,0,0,0,0,0,0,0,0,0,0,0,0,407.7,1052,33.975,87.6666666666667,115,55,5,5
"006","07","A","N",2,8.6,176,16,62,55,31,14,82,1.5,0,0,0,90,"2212",7,8,115.1,115.3,109.9,94,76.8,58.6,40.5,28,0,0,0,0,0,0,0,0,0,0,0,0,0,0,0,0,0,0,0,0,0,0,0,0,0,0,0,0,0,0,0,0,0,0,0,0,0,0,0,0,0,0,0,0,0,0,0,0,0,0,0,0,0,0,0,0,0,0,0,0,0,0,0,0,0,0,0,0,0,0,0,0,0,0,0,0,0,0,0,0,0,0,56.2,48.2,32.2,16.5,20.9,41.1,63.8,87.3,0,0,0,0,0,0,0,0,0,0,0,0,0,0,0,0,0,0,0,0,0,0,0,0,0,0,0,0,0,0,0,0,0,0,0,0,0,0,0,0,0,0,0,0,0,0,0,0,0,0,0,0,0,0,0,0,0,0,0,0,0,0,0,0,0,0,0,0,0,0,0,0,0,0,0,0,0,0,0,0,0,0,"TT","O","",2022,3,4,"11/30/09",20.4651162790698,23.4314938134201,23.1276286416779,24.9508196721311,0,0,0,0,76.8,58.6,40.5,28,0,0,0,0,0,0,0,0,0,0,0,0,0,0,0,0,0,0,0,0,0,0,0,0,0,0,0,0,0,0,0,0,0,0,0,0,0,0,0,0,0,0,0,0,0,0,0,0,0,0,0,0,0,0,0,0,0,0,0,0,0,0,0,0,0,0,0,0,0,0,0,0,0,0,0,0,0,0,0,0,0,0,0,0,0,0,20.9,41.1,63.8,87.3,0,0,0,0,0,0,0,0,0,0,0,0,0,0,0,0,0,0,0,0,0,0,0,0,0,0,0,0,0,0,0,0,0,0,0,0,0,0,0,0,0,0,0,0,0,0,0,0,0,0,0,0,0,0,0,0,0,0,0,0,0,0,0,0,0,0,0,0,0,0,0,0,0,0,0,0,0,0,0,0,0,0,203.9,213.1,50.975,53.275,115,55,5,5
"004","08","A","N",2,30,651,32,15,65,32,3,59,1.5,1,0,0,90,"2212",7,29,110.6,106.9,94.5,72,46.1,29.2,23.7,23.7,18.2,17.6,20.5,45.3,58.5,60.1,51.7,31.8,20.1,35,51.8,56.3,58.9,53.9,52.2,53.6,58.8,64.9,70.1,54.8,34.3,0,0,0,0,0,0,0,0,0,0,0,0,0,0,0,0,0,0,0,0,0,0,0,0,0,0,0,0,0,0,0,0,0,0,0,0,0,0,0,0,0,0,0,0,0,0,0,0,0,0,0,0,0,0,0,0,0,0,0,0,0,64.1,49.2,32.1,30.9,44.3,60.8,87.4,103,104.1,102.9,100.9,90,76.5,63.2,55.5,60.2,71.7,79.4,80.3,71,72.5,55.6,39.3,34.8,43.3,58,70,80.3,82.3,0,0,0,0,0,0,0,0,0,0,0,0,0,0,0,0,0,0,0,0,0,0,0,0,0,0,0,0,0,0,0,0,0,0,0,0,0,0,0,0,0,0,0,0,0,0,0,0,0,0,0,0,0,0,0,0,0,0,0,0,0,"TT","O","",2022,4,4,"12/01/09",21.7,23.4314938134201,23.1276286416779,24.9508196721311,0,0,0,0,46.1,29.2,23.7,23.7,18.2,17.6,20.5,45.3,58.5,60.1,51.7,31.8,20.1,35,51.8,56.3,58.9,53.9,52.2,53.6,58.8,64.9,70.1,54.8,34.3,0,0,0,0,0,0,0,0,0,0,0,0,0,0,0,0,0,0,0,0,0,0,0,0,0,0,0,0,0,0,0,0,0,0,0,0,0,0,0,0,0,0,0,0,0,0,0,0,0,0,0,0,0,0,0,0,0,0,0,0,0,0,0,0,0,44.3,60.8,87.4,103,104.1,102.9,100.9,90,76.5,63.2,55.5,60.2,71.7,79.4,80.3,71,72.5,55.6,39.3,34.8,43.3,58,70,80.3,82.3,0,0,0,0,0,0,0,0,0,0,0,0,0,0,0,0,0,0,0,0,0,0,0,0,0,0,0,0,0,0,0,0,0,0,0,0,0,0,0,0,0,0,0,0,0,0,0,0,0,0,0,0,0,0,0,0,0,0,0,0,0,1091.1,1787.3,43.644,71.492,115,55,5,5
"005","08","A","E",2,36.8,887,29,24,39,43,18,49,1.5,1,0,0,90,"2212",7,36,63.6,55.8,50,32.7,18.2,31,35.3,32.4,22.5,18.3,21.5,38.6,59.6,70.7,71.3,66.1,57.4,43.4,33.5,40.1,64.5,72.1,72.6,73.6,78.7,88.3,94.6,99.9,105.6,112.3,120.4,116.6,105.9,88.8,61.4,36.5,0,0,0,0,0,0,0,0,0,0,0,0,0,0,0,0,0,0,0,0,0,0,0,0,0,0,0,0,0,0,0,0,0,0,0,0,0,0,0,0,0,0,0,0,0,0,0,0,0,0,0,0,0,0,109.9,90.2,76.1,62.9,71.9,90.8,107.7,116.8,109.1,103.3,96.4,80.8,65.4,45,24.8,21.3,32.3,51.4,72.7,98.7,124.8,121,106.8,89.1,69.8,50.9,42.8,33,22.1,27.9,44.4,53.7,64.3,69.2,75.6,78.7,0,0,0,0,0,0,0,0,0,0,0,0,0,0,0,0,0,0,0,0,0,0,0,0,0,0,0,0,0,0,0,0,0,0,0,0,0,0,0,0,0,0,0,0,0,0,0,0,0,0,0,0,0,0,"TT","O","",2022,5,4,"12/01/09",24.1032608695652,23.4314938134201,23.1276286416779,24.9508196721311,0,55.8,50,32.7,18.2,31,35.3,32.4,22.5,18.3,21.5,38.6,59.6,70.7,71.3,66.1,57.4,43.4,33.5,40.1,64.5,72.1,72.6,73.6,78.7,88.3,94.6,99.9,105.6,112.3,120.4,116.6,105.9,88.8,61.4,36.5,0,0,0,0,0,0,0,0,0,0,0,0,0,0,0,0,0,0,0,0,0,0,0,0,0,0,0,0,0,0,0,0,0,0,0,0,0,0,0,0,0,0,0,0,0,0,0,0,0,0,0,0,0,0,0,90.2,76.1,62.9,71.9,90.8,107.7,116.8,109.1,103.3,96.4,80.8,65.4,45,24.8,21.3,32.3,51.4,72.7,98.7,124.8,121,106.8,89.1,69.8,50.9,42.8,33,22.1,27.9,44.4,53.7,64.3,69.2,75.6,78.7,0,0,0,0,0,0,0,0,0,0,0,0,0,0,0,0,0,0,0,0,0,0,0,0,0,0,0,0,0,0,0,0,0,0,0,0,0,0,0,0,0,0,0,0,0,0,0,0,0,0,0,0,0,0,2190.2,2491.7,62.5771428571429,71.1914285714286,55,115,2,2
"006","08","A","S",2,30.5,761,65,5,52,30,18,9,1.5,5,0,0,90,"2212",7,30,41.3,17.1,6.6,21.7,50.4,69.5,69.3,41.3,14.5,14.9,29.7,49.8,58.4,57.7,53.2,52,59.7,53.2,45,37.5,16.6,5.6,13.1,21.2,29.6,20.1,17.6,30.5,40.8,36.4,0,0,0,0,0,0,0,0,0,0,0,0,0,0,0,0,0,0,0,0,0,0,0,0,0,0,0,0,0,0,0,0,0,0,0,0,0,0,0,0,0,0,0,0,0,0,0,0,0,0,0,0,0,0,0,0,0,0,0,0,112.8,99,83.1,73.9,66.2,71.9,85.7,87.7,91.8,88.9,71.6,49.9,38.7,30.4,47.6,73.6,99.1,117.3,123,122.6,103.2,83.3,74.2,68.8,77.6,96.1,102.7,116.9,124.7,106.4,0,0,0,0,0,0,0,0,0,0,0,0,0,0,0,0,0,0,0,0,0,0,0,0,0,0,0,0,0,0,0,0,0,0,0,0,0,0,0,0,0,0,0,0,0,0,0,0,0,0,0,0,0,0,0,0,0,0,0,0,"FS","O","",2022,6,4,"12/01/09",24.9508196721311,23.4314938134201,23.1276286416779,24.9508196721311,0,17.1,6.6,21.7,50.4,69.5,69.3,41.3,14.5,14.9,29.7,49.8,58.4,57.7,53.2,52,59.7,53.2,45,37.5,16.6,5.6,13.1,21.2,29.6,20.1,17.6,30.5,40.8,36.4,0,0,0,0,0,0,0,0,0,0,0,0,0,0,0,0,0,0,0,0,0,0,0,0,0,0,0,0,0,0,0,0,0,0,0,0,0,0,0,0,0,0,0,0,0,0,0,0,0,0,0,0,0,0,0,0,0,0,0,0,0,99,83.1,73.9,66.2,71.9,85.7,87.7,91.8,88.9,71.6,49.9,38.7,30.4,47.6,73.6,99.1,117.3,123,122.6,103.2,83.3,74.2,68.8,77.6,96.1,102.7,116.9,124.7,106.4,0,0,0,0,0,0,0,0,0,0,0,0,0,0,0,0,0,0,0,0,0,0,0,0,0,0,0,0,0,0,0,0,0,0,0,0,0,0,0,0,0,0,0,0,0,0,0,0,0,0,0,0,0,0,0,0,0,0,0,0,1033,2475.9,35.6206896551724,85.3758620689655,55,115,2,2
"010","07","A","S",2,13.5,356,22,17,91,6,3,-75,1.5,1,0,0,90,"2212",9,13,61.3,54.1,50.6,48.1,34.4,19.8,47.7,63.3,67.5,63.2,56.3,47.3,32.7,0,0,0,0,0,0,0,0,0,0,0,0,0,0,0,0,0,0,0,0,0,0,0,0,0,0,0,0,0,0,0,0,0,0,0,0,0,0,0,0,0,0,0,0,0,0,0,0,0,0,0,0,0,0,0,0,0,0,0,0,0,0,0,0,0,0,0,0,0,0,0,0,0,0,0,0,0,97.4,66,40.8,38.7,53.2,70.6,72.8,54.4,29.5,25.3,44,62.7,83.7,0,0,0,0,0,0,0,0,0,0,0,0,0,0,0,0,0,0,0,0,0,0,0,0,0,0,0,0,0,0,0,0,0,0,0,0,0,0,0,0,0,0,0,0,0,0,0,0,0,0,0,0,0,0,0,0,0,0,0,0,0,0,0,0,0,0,0,0,0,0,0,0,0,0,0,0,0,"TT","O","",2022,1,4,"11/30/09",26.3703703703704,22.4193007106944,22.9949641315218,19.5409836065574,0,54.1,50.6,48.1,34.4,19.8,47.7,63.3,67.5,63.2,56.3,47.3,32.7,0,0,0,0,0,0,0,0,0,0,0,0,0,0,0,0,0,0,0,0,0,0,0,0,0,0,0,0,0,0,0,0,0,0,0,0,0,0,0,0,0,0,0,0,0,0,0,0,0,0,0,0,0,0,0,0,0,0,0,0,0,0,0,0,0,0,0,0,0,0,0,0,0,0,0,0,0,0,66,40.8,38.7,53.2,70.6,72.8,54.4,29.5,25.3,44,62.7,83.7,0,0,0,0,0,0,0,0,0,0,0,0,0,0,0,0,0,0,0,0,0,0,0,0,0,0,0,0,0,0,0,0,0,0,0,0,0,0,0,0,0,0,0,0,0,0,0,0,0,0,0,0,0,0,0,0,0,0,0,0,0,0,0,0,0,0,0,0,0,0,0,0,0,0,0,0,0,585,641.7,48.75,53.475,55,115,2,2
"011","07","A","W",2,50.1,1248,21,23,49,32,19,-34,1.5,0,4,0,90,"2212",9,50,98.9,77.3,69.5,63.4,43.7,17.4,34.9,67.6,68,56.1,54.1,52.2,48.2,30.4,16.3,34.4,61.6,73.7,85.9,89.1,96.9,92.2,87.9,79.7,78.4,76.6,59.5,45.1,60.6,81.6,87.9,77.3,66.3,43.6,24.1,29.8,50.2,49,53.9,67.8,82.7,93.8,102.3,99.5,89.3,84.8,71.2,55.1,39.7,18.2,0,0,0,0,0,0,0,0,0,0,0,0,0,0,0,0,0,0,0,0,0,0,0,0,0,0,0,0,0,0,0,0,0,0,0,0,0,0,0,0,33.7,14.2,43.9,62,69.2,74.8,74.5,64,45.7,34,42,57.7,80.4,93,100.2,103.9,110.8,103.9,96.7,81.6,66.9,48.3,29.7,11.3,17.5,25,41.2,70.6,91.3,106.6,110.6,108.3,106.3,101.9,105.7,112.6,121.8,116.1,98.9,82.3,65.2,46.4,30.2,15.5,12.1,24.7,38.2,50.1,68.5,84.4,0,0,0,0,0,0,0,0,0,0,0,0,0,0,0,0,0,0,0,0,0,0,0,0,0,0,0,0,0,0,0,0,0,0,0,0,0,0,0,0,"TT","O","",2022,2,4,"11/30/09",24.9101796407186,22.4193007106944,22.9949641315218,19.5409836065574,0,0,0,0,43.7,17.4,34.9,67.6,68,56.1,54.1,52.2,48.2,30.4,16.3,34.4,61.6,73.7,85.9,89.1,96.9,92.2,87.9,79.7,78.4,76.6,59.5,45.1,60.6,81.6,87.9,77.3,66.3,43.6,24.1,29.8,50.2,49,53.9,67.8,82.7,93.8,102.3,99.5,89.3,84.8,71.2,55.1,39.7,18.2,0,0,0,0,0,0,0,0,0,0,0,0,0,0,0,0,0,0,0,0,0,0,0,0,0,0,0,0,0,0,0,0,0,0,0,0,0,0,0,0,0,0,0,0,69.2,74.8,74.5,64,45.7,34,42,57.7,80.4,93,100.2,103.9,110.8,103.9,96.7,81.6,66.9,48.3,29.7,11.3,17.5,25,41.2,70.6,91.3,106.6,110.6,108.3,106.3,101.9,105.7,112.6,121.8,116.1,98.9,82.3,65.2,46.4,30.2,15.5,12.1,24.7,38.2,50.1,68.5,84.4,0,0,0,0,0,0,0,0,0,0,0,0,0,0,0,0,0,0,0,0,0,0,0,0,0,0,0,0,0,0,0,0,0,0,0,0,0,0,0,0,2878.6,3240.6,62.5782608695652,70.4478260869565,115,55,5,5
"012","07","A","N",2,40.2,923,24,35,60,31,9,41,1.5,1,2,0,90,"2212",9,40,110.2,97.8,77.5,61.7,43.9,37.2,26.1,21.8,34,57.2,70.8,82.2,89.5,87.2,81.2,72.5,58.1,46.5,34.7,23.9,20.9,35.1,55.9,67.9,64.5,55.1,41.4,41.6,62.2,78.5,85.9,110.2,116.5,103.1,84.8,71,52.6,35.3,26.4,11.4,0,0,0,0,0,0,0,0,0,0,0,0,0,0,0,0,0,0,0,0,0,0,0,0,0,0,0,0,0,0,0,0,0,0,0,0,0,0,0,0,0,0,0,0,0,0,0,0,0,0,58.3,43.6,36.4,57.6,83.5,106.9,110.6,100.9,82.6,65.8,45.6,22.4,6,16,32,46.4,66.5,83.6,99.4,106.1,103.8,101.7,106.9,109.1,95.9,81.3,66.3,48,25.4,15.4,23.8,50,53.2,38.9,25.8,21.5,34.7,62.3,84.3,85.3,0,0,0,0,0,0,0,0,0,0,0,0,0,0,0,0,0,0,0,0,0,0,0,0,0,0,0,0,0,0,0,0,0,0,0,0,0,0,0,0,0,0,0,0,0,0,0,0,0,0,"TT","O","",2022,3,4,"11/30/09",22.9601990049751,22.4193007106944,22.9949641315218,19.5409836065574,0,0,0,0,43.9,37.2,26.1,21.8,34,57.2,70.8,82.2,89.5,87.2,81.2,72.5,58.1,46.5,34.7,23.9,20.9,35.1,55.9,67.9,64.5,55.1,41.4,41.6,62.2,78.5,85.9,110.2,116.5,103.1,84.8,71,52.6,35.3,26.4,11.4,0,0,0,0,0,0,0,0,0,0,0,0,0,0,0,0,0,0,0,0,0,0,0,0,0,0,0,0,0,0,0,0,0,0,0,0,0,0,0,0,0,0,0,0,0,0,0,0,0,0,0,0,0,0,83.5,106.9,110.6,100.9,82.6,65.8,45.6,22.4,6,16,32,46.4,66.5,83.6,99.4,106.1,103.8,101.7,106.9,109.1,95.9,81.3,66.3,48,25.4,15.4,23.8,50,53.2,38.9,25.8,21.5,34.7,62.3,84.3,85.3,0,0,0,0,0,0,0,0,0,0,0,0,0,0,0,0,0,0,0,0,0,0,0,0,0,0,0,0,0,0,0,0,0,0,0,0,0,0,0,0,0,0,0,0,0,0,0,0,0,0,2087.1,2307.9,57.975,64.1083333333333,115,55,5,5
"010","08","A","N",2,28.1,581,26,18,85,12,3,12,1.5,1,1,0,90,"2212",9,28,107.4,96.6,69.6,43.2,50.3,46.6,50.3,37.8,37.3,51.7,43.9,28.5,17.8,33,41.6,44.8,35.7,19.3,32.5,60.3,74.4,77,75.9,74.7,63.9,45.8,24.8,7.3,0,0,0,0,0,0,0,0,0,0,0,0,0,0,0,0,0,0,0,0,0,0,0,0,0,0,0,0,0,0,0,0,0,0,0,0,0,0,0,0,0,0,0,0,0,0,0,0,0,0,0,0,0,0,0,0,0,0,0,0,0,0,58.9,50.8,35.2,44.6,107.9,78.6,73.5,73.8,85.3,82.8,72.3,72.2,70.3,68.8,73.6,81,89.2,76.1,57.7,45.7,29.1,12.3,18.6,26.9,42.6,56.2,74,81.6,0,0,0,0,0,0,0,0,0,0,0,0,0,0,0,0,0,0,0,0,0,0,0,0,0,0,0,0,0,0,0,0,0,0,0,0,0,0,0,0,0,0,0,0,0,0,0,0,0,0,0,0,0,0,0,0,0,0,0,0,0,0,"TT","O","",2022,4,4,"12/01/09",20.6761565836299,22.4193007106944,22.9949641315218,19.5409836065574,0,0,0,0,50.3,46.6,50.3,37.8,37.3,51.7,43.9,28.5,17.8,33,41.6,44.8,35.7,19.3,32.5,60.3,74.4,77,75.9,74.7,63.9,45.8,24.8,7.3,0,0,0,0,0,0,0,0,0,0,0,0,0,0,0,0,0,0,0,0,0,0,0,0,0,0,0,0,0,0,0,0,0,0,0,0,0,0,0,0,0,0,0,0,0,0,0,0,0,0,0,0,0,0,0,0,0,0,0,0,0,0,0,0,0,0,107.9,78.6,73.5,73.8,85.3,82.8,72.3,72.2,70.3,68.8,73.6,81,89.2,76.1,57.7,45.7,29.1,12.3,18.6,26.9,42.6,56.2,74,81.6,0,0,0,0,0,0,0,0,0,0,0,0,0,0,0,0,0,0,0,0,0,0,0,0,0,0,0,0,0,0,0,0,0,0,0,0,0,0,0,0,0,0,0,0,0,0,0,0,0,0,0,0,0,0,0,0,0,0,0,0,0,0,1075.2,1550.1,44.8,64.5875,115,55,5,5
"011","08","A","E",2,51.8,1039,42,11,68,19,13,46,1.5,2,0,0,90,"2212",9,51,57.4,51.5,47.6,45.3,47.1,48.9,69.9,84.7,73,53.1,34.1,16.4,17.8,33.5,44.2,25.5,13.8,29.5,51.6,64.4,63.2,50.5,38.5,32.2,41.6,37.8,24.4,23.1,38.6,37.1,25.5,17.9,23,20.7,11.6,21.6,42,65.7,89.5,111.9,121.9,109.4,97.9,77.8,59.8,39.1,21.2,26.8,42.9,41.5,26.7,0,0,0,0,0,0,0,0,0,0,0,0,0,0,0,0,0,0,0,0,0,0,0,0,0,0,0,0,0,0,0,0,0,0,0,0,0,0,0,107.5,84.7,64.6,48.1,41.6,59.9,84.5,93.2,77.3,63.5,59.7,71.6,92.2,112.6,126.2,108,85,60.5,48.8,55.7,67.8,72.5,71.4,60,47.1,52.4,64.2,69.4,66.8,63.4,72,69.6,65.8,70.5,79.1,68.5,56.3,46.3,42.9,49.3,50.9,35.3,26.4,23.5,37.5,58.4,84.8,104.3,122.9,114,99.2,0,0,0,0,0,0,0,0,0,0,0,0,0,0,0,0,0,0,0,0,0,0,0,0,0,0,0,0,0,0,0,0,0,0,0,0,0,0,0,"TT","O","",2022,5,4,"12/01/09",20.0579150579151,22.4193007106944,22.9949641315218,19.5409836065574,0,51.5,47.6,45.3,47.1,48.9,69.9,84.7,73,53.1,34.1,16.4,17.8,33.5,44.2,25.5,13.8,29.5,51.6,64.4,63.2,50.5,38.5,32.2,41.6,37.8,24.4,23.1,38.6,37.1,25.5,17.9,23,20.7,11.6,21.6,42,65.7,89.5,111.9,121.9,109.4,97.9,77.8,59.8,39.1,21.2,26.8,42.9,41.5,26.7,0,0,0,0,0,0,0,0,0,0,0,0,0,0,0,0,0,0,0,0,0,0,0,0,0,0,0,0,0,0,0,0,0,0,0,0,0,0,0,0,84.7,64.6,48.1,41.6,59.9,84.5,93.2,77.3,63.5,59.7,71.6,92.2,112.6,126.2,108,85,60.5,48.8,55.7,67.8,72.5,71.4,60,47.1,52.4,64.2,69.4,66.8,63.4,72,69.6,65.8,70.5,79.1,68.5,56.3,46.3,42.9,49.3,50.9,35.3,26.4,23.5,37.5,58.4,84.8,104.3,122.9,114,99.2,0,0,0,0,0,0,0,0,0,0,0,0,0,0,0,0,0,0,0,0,0,0,0,0,0,0,0,0,0,0,0,0,0,0,0,0,0,0,0,2333.3,3450.2,46.666,69.004,55,115,2,2
"012","08","A","S",2,30.5,596,67,3,41,37,22,-43,1.5,1,0,0,90,"2212",9,30,51.4,35.4,24.2,14.9,21.4,45.5,66.9,70.6,87.2,90.7,76,59.9,35.9,16,36,43.1,35.3,22.4,7.4,19.1,32.5,32.4,23.9,16.6,20.9,25.7,22.3,24.1,35.7,48.4,0,0,0,0,0,0,0,0,0,0,0,0,0,0,0,0,0,0,0,0,0,0,0,0,0,0,0,0,0,0,0,0,0,0,0,0,0,0,0,0,0,0,0,0,0,0,0,0,0,0,0,0,0,0,0,0,0,0,0,0,107.9,94.8,95.9,99.9,100.8,113.7,121.9,107.4,105.9,106.8,102.6,93.4,83.8,75.4,61.7,49.5,52.5,64.5,81.3,81.6,67.7,58.4,63.2,78.9,94.5,107.7,108.5,109.2,113.6,112.1,0,0,0,0,0,0,0,0,0,0,0,0,0,0,0,0,0,0,0,0,0,0,0,0,0,0,0,0,0,0,0,0,0,0,0,0,0,0,0,0,0,0,0,0,0,0,0,0,0,0,0,0,0,0,0,0,0,0,0,0,"FS","O","",2022,6,4,"12/01/09",19.5409836065574,22.4193007106944,22.9949641315218,19.5409836065574,0,0,24.2,14.9,21.4,45.5,66.9,70.6,87.2,90.7,76,59.9,35.9,16,36,43.1,35.3,22.4,7.4,19.1,32.5,32.4,23.9,16.6,20.9,25.7,22.3,24.1,35.7,48.4,0,0,0,0,0,0,0,0,0,0,0,0,0,0,0,0,0,0,0,0,0,0,0,0,0,0,0,0,0,0,0,0,0,0,0,0,0,0,0,0,0,0,0,0,0,0,0,0,0,0,0,0,0,0,0,0,0,0,0,0,0,0,95.9,99.9,100.8,113.7,121.9,107.4,105.9,106.8,102.6,93.4,83.8,75.4,61.7,49.5,52.5,64.5,81.3,81.6,67.7,58.4,63.2,78.9,94.5,107.7,108.5,109.2,113.6,112.1,0,0,0,0,0,0,0,0,0,0,0,0,0,0,0,0,0,0,0,0,0,0,0,0,0,0,0,0,0,0,0,0,0,0,0,0,0,0,0,0,0,0,0,0,0,0,0,0,0,0,0,0,0,0,0,0,0,0,0,0,1055,2512.4,37.6785714285714,89.7285714285714,55,115,3,3
"013","07","A","S",2,23.4,350,54,7,87,9,4,-25,1.5,4,0,0,90,"2212",10,23,58.1,48.9,40.5,33.6,32.4,36.6,40.7,41.3,36.7,37.9,34.1,38.5,37.2,31.6,27.4,27.6,34.9,32.2,24.3,20.6,20.5,20.6,13.9,0,0,0,0,0,0,0,0,0,0,0,0,0,0,0,0,0,0,0,0,0,0,0,0,0,0,0,0,0,0,0,0,0,0,0,0,0,0,0,0,0,0,0,0,0,0,0,0,0,0,0,0,0,0,0,0,0,0,0,0,0,0,0,0,0,0,0,107.1,98.2,90.8,80.7,68.4,60.6,53.9,48.1,51.4,51.2,53.7,49.4,49.7,55.3,60.4,59.9,55.5,61.1,65.6,67.9,67.4,68.8,73.9,0,0,0,0,0,0,0,0,0,0,0,0,0,0,0,0,0,0,0,0,0,0,0,0,0,0,0,0,0,0,0,0,0,0,0,0,0,0,0,0,0,0,0,0,0,0,0,0,0,0,0,0,0,0,0,0,0,0,0,0,0,0,0,0,0,0,0,"TT","O","",2022,1,4,"11/30/09",14.957264957265,15.8377401864854,16.1631829606246,14.2105263157895,0,0,40.5,33.6,32.4,36.6,40.7,41.3,36.7,37.9,34.1,38.5,37.2,31.6,27.4,27.6,34.9,32.2,24.3,20.6,20.5,20.6,13.9,0,0,0,0,0,0,0,0,0,0,0,0,0,0,0,0,0,0,0,0,0,0,0,0,0,0,0,0,0,0,0,0,0,0,0,0,0,0,0,0,0,0,0,0,0,0,0,0,0,0,0,0,0,0,0,0,0,0,0,0,0,0,0,0,0,0,0,0,0,90.8,80.7,68.4,60.6,53.9,48.1,51.4,51.2,53.7,49.4,49.7,55.3,60.4,59.9,55.5,61.1,65.6,67.9,67.4,68.8,73.9,0,0,0,0,0,0,0,0,0,0,0,0,0,0,0,0,0,0,0,0,0,0,0,0,0,0,0,0,0,0,0,0,0,0,0,0,0,0,0,0,0,0,0,0,0,0,0,0,0,0,0,0,0,0,0,0,0,0,0,0,0,0,0,0,0,0,0,663.1,1293.7,31.5761904761905,61.6047619047619,55,115,3,3
"014","07","A","W",2,18.3,302,20,28,83,16,1,-7,1.5,1,0,0,90,"2212",10,18,102.6,101.3,97.3,83.6,70.5,51.5,40.2,33.7,27.2,36.2,41.8,47.5,55.7,54.9,55.1,50,32.2,20.1,0,0,0,0,0,0,0,0,0,0,0,0,0,0,0,0,0,0,0,0,0,0,0,0,0,0,0,0,0,0,0,0,0,0,0,0,0,0,0,0,0,0,0,0,0,0,0,0,0,0,0,0,0,0,0,0,0,0,0,0,0,0,0,0,0,0,0,0,0,0,0,0,37.1,35.3,32.1,32.4,38.6,49.5,56.3,60.1,61.5,54.9,52.4,47.7,35.9,32.3,33.2,37.3,54.6,70.1,0,0,0,0,0,0,0,0,0,0,0,0,0,0,0,0,0,0,0,0,0,0,0,0,0,0,0,0,0,0,0,0,0,0,0,0,0,0,0,0,0,0,0,0,0,0,0,0,0,0,0,0,0,0,0,0,0,0,0,0,0,0,0,0,0,0,0,0,0,0,0,0,"TT","O","",2022,2,4,"11/30/09",16.5027322404372,15.8377401864854,16.1631829606246,14.2105263157895,0,0,0,0,0,0,40.2,33.7,27.2,36.2,41.8,47.5,55.7,54.9,55.1,50,32.2,20.1,0,0,0,0,0,0,0,0,0,0,0,0,0,0,0,0,0,0,0,0,0,0,0,0,0,0,0,0,0,0,0,0,0,0,0,0,0,0,0,0,0,0,0,0,0,0,0,0,0,0,0,0,0,0,0,0,0,0,0,0,0,0,0,0,0,0,0,0,0,0,0,0,0,0,0,0,0,0,56.3,60.1,61.5,54.9,52.4,47.7,35.9,32.3,33.2,37.3,54.6,70.1,0,0,0,0,0,0,0,0,0,0,0,0,0,0,0,0,0,0,0,0,0,0,0,0,0,0,0,0,0,0,0,0,0,0,0,0,0,0,0,0,0,0,0,0,0,0,0,0,0,0,0,0,0,0,0,0,0,0,0,0,0,0,0,0,0,0,0,0,0,0,0,0,494.6,596.3,41.2166666666667,49.6916666666667,115,55,7,7
"015","07","A","N",2,33.3,706,31,26,44,22,34,12,1.5,2,0,0,90,"2212",10,33,108,105.7,92.6,71.1,50.3,29.1,12.5,21.7,33.6,30.3,26.2,28.7,27.9,29.2,45.7,55.2,60.2,76.6,93.1,102.2,111.9,117.9,120.7,124.3,124.4,120.5,112.8,105.5,92.2,75,57.2,37.1,20.4,0,0,0,0,0,0,0,0,0,0,0,0,0,0,0,0,0,0,0,0,0,0,0,0,0,0,0,0,0,0,0,0,0,0,0,0,0,0,0,0,0,0,0,0,0,0,0,0,0,0,0,0,0,0,0,0,0,58.4,54.4,47.9,47.8,54.3,64.1,76.3,71.8,64.7,62.5,68.3,67,70.4,89.8,110.2,118,110.1,102,93.7,83.9,73.4,62.8,49.5,41,38.3,39.3,41.3,47.5,58.8,66.7,72.5,74.8,81.8,0,0,0,0,0,0,0,0,0,0,0,0,0,0,0,0,0,0,0,0,0,0,0,0,0,0,0,0,0,0,0,0,0,0,0,0,0,0,0,0,0,0,0,0,0,0,0,0,0,0,0,0,0,0,0,0,0,"TT","O","",2022,3,4,"11/30/09",21.2012012012012,15.8377401864854,16.1631829606246,14.2105263157895,0,0,0,0,0,0,12.5,21.7,33.6,30.3,26.2,28.7,27.9,29.2,45.7,55.2,60.2,76.6,93.1,102.2,111.9,117.9,120.7,124.3,124.4,120.5,112.8,105.5,92.2,75,57.2,37.1,20.4,0,0,0,0,0,0,0,0,0,0,0,0,0,0,0,0,0,0,0,0,0,0,0,0,0,0,0,0,0,0,0,0,0,0,0,0,0,0,0,0,0,0,0,0,0,0,0,0,0,0,0,0,0,0,0,0,0,0,0,0,0,0,0,76.3,71.8,64.7,62.5,68.3,67,70.4,89.8,110.2,118,110.1,102,93.7,83.9,73.4,62.8,49.5,41,38.3,39.3,41.3,47.5,58.8,66.7,72.5,74.8,81.8,0,0,0,0,0,0,0,0,0,0,0,0,0,0,0,0,0,0,0,0,0,0,0,0,0,0,0,0,0,0,0,0,0,0,0,0,0,0,0,0,0,0,0,0,0,0,0,0,0,0,0,0,0,0,0,0,0,1863,1936.4,69,71.7185185185185,115,55,7,7
"013","08","A","N",2,21.1,315,42,6,88,11,1,13,1.5,0,0,0,90,"2212",10,21,106.6,101.2,89.1,70.5,55.2,45.3,36.7,32.2,25.7,30.4,24.9,18.8,17,21.6,25.1,37,41.3,38.5,41.9,39.2,24.5,0,0,0,0,0,0,0,0,0,0,0,0,0,0,0,0,0,0,0,0,0,0,0,0,0,0,0,0,0,0,0,0,0,0,0,0,0,0,0,0,0,0,0,0,0,0,0,0,0,0,0,0,0,0,0,0,0,0,0,0,0,0,0,0,0,0,0,0,0,62.5,53.2,45.9,46.3,49.3,53.3,56.4,61.3,67.6,56.7,66.8,70,77.8,72.7,64,52.4,53,58.5,52.3,60.2,69.7,0,0,0,0,0,0,0,0,0,0,0,0,0,0,0,0,0,0,0,0,0,0,0,0,0,0,0,0,0,0,0,0,0,0,0,0,0,0,0,0,0,0,0,0,0,0,0,0,0,0,0,0,0,0,0,0,0,0,0,0,0,0,0,0,0,0,0,0,0,"TT","O","",2022,4,4,"12/01/09",14.9289099526066,15.8377401864854,16.1631829606246,14.2105263157895,0,0,0,0,0,0,36.7,32.2,25.7,30.4,24.9,18.8,17,21.6,25.1,37,41.3,38.5,41.9,39.2,24.5,0,0,0,0,0,0,0,0,0,0,0,0,0,0,0,0,0,0,0,0,0,0,0,0,0,0,0,0,0,0,0,0,0,0,0,0,0,0,0,0,0,0,0,0,0,0,0,0,0,0,0,0,0,0,0,0,0,0,0,0,0,0,0,0,0,0,0,0,0,0,0,0,0,0,0,56.4,61.3,67.6,56.7,66.8,70,77.8,72.7,64,52.4,53,58.5,52.3,60.2,69.7,0,0,0,0,0,0,0,0,0,0,0,0,0,0,0,0,0,0,0,0,0,0,0,0,0,0,0,0,0,0,0,0,0,0,0,0,0,0,0,0,0,0,0,0,0,0,0,0,0,0,0,0,0,0,0,0,0,0,0,0,0,0,0,0,0,0,0,0,0,454.8,939.4,30.32,62.6266666666667,115,55,7,7
"014","08","A","E",2,6.2,82,55,3,29,44,27,-7,1.5,1,0,0,90,"2212",10,6,63,60.5,50.4,35.2,18.2,6.8,0,0,0,0,0,0,0,0,0,0,0,0,0,0,0,0,0,0,0,0,0,0,0,0,0,0,0,0,0,0,0,0,0,0,0,0,0,0,0,0,0,0,0,0,0,0,0,0,0,0,0,0,0,0,0,0,0,0,0,0,0,0,0,0,0,0,0,0,0,0,0,0,0,0,0,0,0,0,0,0,0,0,0,0,112.8,112.5,106.6,99.5,93.5,90.8,0,0,0,0,0,0,0,0,0,0,0,0,0,0,0,0,0,0,0,0,0,0,0,0,0,0,0,0,0,0,0,0,0,0,0,0,0,0,0,0,0,0,0,0,0,0,0,0,0,0,0,0,0,0,0,0,0,0,0,0,0,0,0,0,0,0,0,0,0,0,0,0,0,0,0,0,0,0,0,0,0,0,0,0,"TT","O","",2022,5,4,"12/01/09",13.2258064516129,15.8377401864854,16.1631829606246,14.2105263157895,0,0,50.4,35.2,18.2,6.8,0,0,0,0,0,0,0,0,0,0,0,0,0,0,0,0,0,0,0,0,0,0,0,0,0,0,0,0,0,0,0,0,0,0,0,0,0,0,0,0,0,0,0,0,0,0,0,0,0,0,0,0,0,0,0,0,0,0,0,0,0,0,0,0,0,0,0,0,0,0,0,0,0,0,0,0,0,0,0,0,0,0,0,0,0,0,106.6,99.5,93.5,90.8,0,0,0,0,0,0,0,0,0,0,0,0,0,0,0,0,0,0,0,0,0,0,0,0,0,0,0,0,0,0,0,0,0,0,0,0,0,0,0,0,0,0,0,0,0,0,0,0,0,0,0,0,0,0,0,0,0,0,0,0,0,0,0,0,0,0,0,0,0,0,0,0,0,0,0,0,0,0,0,0,0,0,0,0,110.6,390.4,27.65,97.6,55,115,3,3
"015","08","A","S",2,30.4,432,40,7,65,23,12,-55,1.5,0,0,0,90,"2212",10,30,53.7,49.1,42.7,38.5,36.3,38.8,40.1,36.2,35,44.4,38.5,44.9,44.3,38,39.5,37.5,44.5,50.2,47.1,36.9,32,29.7,32.1,39.5,37.7,33.6,39.9,50.5,52.9,52.9,0,0,0,0,0,0,0,0,0,0,0,0,0,0,0,0,0,0,0,0,0,0,0,0,0,0,0,0,0,0,0,0,0,0,0,0,0,0,0,0,0,0,0,0,0,0,0,0,0,0,0,0,0,0,0,0,0,0,0,0,106.8,95,87.4,86,86.7,85.6,83.5,82.2,91.6,83.4,80.6,76.6,76.2,75.8,78.4,95.8,111.2,116.8,116.5,112.6,97.4,87.4,79.1,71.8,62.8,56.7,48.7,50.2,55.7,67.2,0,0,0,0,0,0,0,0,0,0,0,0,0,0,0,0,0,0,0,0,0,0,0,0,0,0,0,0,0,0,0,0,0,0,0,0,0,0,0,0,0,0,0,0,0,0,0,0,0,0,0,0,0,0,0,0,0,0,0,0,"FS","O","",2022,6,4,"12/01/09",14.2105263157895,15.8377401864854,16.1631829606246,14.2105263157895,0,0,0,38.5,36.3,38.8,40.1,36.2,35,44.4,38.5,44.9,44.3,38,39.5,37.5,44.5,50.2,47.1,36.9,32,29.7,32.1,39.5,37.7,33.6,39.9,50.5,52.9,52.9,0,0,0,0,0,0,0,0,0,0,0,0,0,0,0,0,0,0,0,0,0,0,0,0,0,0,0,0,0,0,0,0,0,0,0,0,0,0,0,0,0,0,0,0,0,0,0,0,0,0,0,0,0,0,0,0,0,0,0,0,0,0,0,86,86.7,85.6,83.5,82.2,91.6,83.4,80.6,76.6,76.2,75.8,78.4,95.8,111.2,116.8,116.5,112.6,97.4,87.4,79.1,71.8,62.8,56.7,48.7,50.2,55.7,67.2,0,0,0,0,0,0,0,0,0,0,0,0,0,0,0,0,0,0,0,0,0,0,0,0,0,0,0,0,0,0,0,0,0,0,0,0,0,0,0,0,0,0,0,0,0,0,0,0,0,0,0,0,0,0,0,0,0,0,0,0,1091.5,2216.5,40.4259259259259,82.0925925925926,55,115,4,4
"019","07","A","S",2,3.2,56,100,0,35,51,14,-7,1.5,1,0,0,90,"2212",13,3,44.6,30.1,12.4,0,0,0,0,0,0,0,0,0,0,0,0,0,0,0,0,0,0,0,0,0,0,0,0,0,0,0,0,0,0,0,0,0,0,0,0,0,0,0,0,0,0,0,0,0,0,0,0,0,0,0,0,0,0,0,0,0,0,0,0,0,0,0,0,0,0,0,0,0,0,0,0,0,0,0,0,0,0,0,0,0,0,0,0,0,0,0,110.4,99,89.8,0,0,0,0,0,0,0,0,0,0,0,0,0,0,0,0,0,0,0,0,0,0,0,0,0,0,0,0,0,0,0,0,0,0,0,0,0,0,0,0,0,0,0,0,0,0,0,0,0,0,0,0,0,0,0,0,0,0,0,0,0,0,0,0,0,0,0,0,0,0,0,0,0,0,0,0,0,0,0,0,0,0,0,0,0,0,0,"TT","O","",2022,1,4,"11/30/09",17.5,19.0990562651326,18.6631298132411,21.2786885245902,0,0,0,0,0,0,0,0,0,0,0,0,0,0,0,0,0,0,0,0,0,0,0,0,0,0,0,0,0,0,0,0,0,0,0,0,0,0,0,0,0,0,0,0,0,0,0,0,0,0,0,0,0,0,0,0,0,0,0,0,0,0,0,0,0,0,0,0,0,0,0,0,0,0,0,0,0,0,0,0,0,0,0,0,0,0,0,0,0,0,0,0,0,0,0,0,0,0,0,0,0,0,0,0,0,0,0,0,0,0,0,0,0,0,0,0,0,0,0,0,0,0,0,0,0,0,0,0,0,0,0,0,0,0,0,0,0,0,0,0,0,0,0,0,0,0,0,0,0,0,0,0,0,0,0,0,0,0,0,0,0,0,0,0,0,0,0,0,0,0,0,0,0,0,0,0,0,0,0,0,0,0,0,0,55,115,3,3
"020","07","A","W",2,32.3,636,51,3,41,49,10,54,1.5,1,0,0,90,"2212",13,32,113.5,109.6,107.2,102.8,94.3,84.9,68.8,55.9,48.3,34.8,25.4,27.4,36.5,38.8,38.7,25,21.1,37,66.1,83.1,85,73.4,56.2,39.4,20.7,13.5,31.4,24.7,15.6,15.5,14.5,10.2,0,0,0,0,0,0,0,0,0,0,0,0,0,0,0,0,0,0,0,0,0,0,0,0,0,0,0,0,0,0,0,0,0,0,0,0,0,0,0,0,0,0,0,0,0,0,0,0,0,0,0,0,0,0,0,0,0,0,57,57,61.8,63.1,61.6,61.8,68,78.8,97.1,107.8,109.4,112.6,112.3,100.4,97.3,83.4,67.2,69.3,77,67,50.7,39.7,40.9,50.4,69.2,86.4,83.6,74.6,80.8,97.2,100.7,94.4,0,0,0,0,0,0,0,0,0,0,0,0,0,0,0,0,0,0,0,0,0,0,0,0,0,0,0,0,0,0,0,0,0,0,0,0,0,0,0,0,0,0,0,0,0,0,0,0,0,0,0,0,0,0,0,0,0,0,"TT","O","",2022,2,4,"11/30/09",19.6904024767802,19.0990562651326,18.6631298132411,21.2786885245902,0,0,0,0,0,84.9,68.8,55.9,48.3,34.8,25.4,27.4,36.5,38.8,38.7,25,21.1,37,66.1,83.1,85,73.4,56.2,39.4,20.7,13.5,31.4,24.7,15.6,15.5,14.5,10.2,0,0,0,0,0,0,0,0,0,0,0,0,0,0,0,0,0,0,0,0,0,0,0,0,0,0,0,0,0,0,0,0,0,0,0,0,0,0,0,0,0,0,0,0,0,0,0,0,0,0,0,0,0,0,0,0,0,0,0,0,0,0,0,61.8,68,78.8,97.1,107.8,109.4,112.6,112.3,100.4,97.3,83.4,67.2,69.3,77,67,50.7,39.7,40.9,50.4,69.2,86.4,83.6,74.6,80.8,97.2,100.7,94.4,0,0,0,0,0,0,0,0,0,0,0,0,0,0,0,0,0,0,0,0,0,0,0,0,0,0,0,0,0,0,0,0,0,0,0,0,0,0,0,0,0,0,0,0,0,0,0,0,0,0,0,0,0,0,0,0,0,0,1091.9,2178,40.4407407407407,80.6666666666667,115,55,6,6
"021","07","A","N",2,21.6,467,28,35,78,20,2,37,1.5,1,1,0,90,"2212",13,21,106.6,93.5,82.7,66.5,50.6,40.2,44.5,44.4,29.9,19.9,26.5,33.8,49,71.8,84.8,80.8,66.1,59.1,44.8,30.1,11.9,0,0,0,0,0,0,0,0,0,0,0,0,0,0,0,0,0,0,0,0,0,0,0,0,0,0,0,0,0,0,0,0,0,0,0,0,0,0,0,0,0,0,0,0,0,0,0,0,0,0,0,0,0,0,0,0,0,0,0,0,0,0,0,0,0,0,0,0,0,61.6,44.3,27.6,22.4,41.1,65.2,87.5,102.2,102,91.9,78.8,59.1,37.9,14.9,11.4,19.4,43.6,62.5,79,90.1,84.6,0,0,0,0,0,0,0,0,0,0,0,0,0,0,0,0,0,0,0,0,0,0,0,0,0,0,0,0,0,0,0,0,0,0,0,0,0,0,0,0,0,0,0,0,0,0,0,0,0,0,0,0,0,0,0,0,0,0,0,0,0,0,0,0,0,0,0,0,0,"TT","O","",2022,3,4,"11/30/09",21.6203703703704,19.0990562651326,18.6631298132411,21.2786885245902,0,0,0,0,0,40.2,44.5,44.4,29.9,19.9,26.5,33.8,49,71.8,84.8,80.8,66.1,59.1,44.8,30.1,11.9,0,0,0,0,0,0,0,0,0,0,0,0,0,0,0,0,0,0,0,0,0,0,0,0,0,0,0,0,0,0,0,0,0,0,0,0,0,0,0,0,0,0,0,0,0,0,0,0,0,0,0,0,0,0,0,0,0,0,0,0,0,0,0,0,0,0,0,0,0,0,0,0,0,0,65.2,87.5,102.2,102,91.9,78.8,59.1,37.9,14.9,11.4,19.4,43.6,62.5,79,90.1,84.6,0,0,0,0,0,0,0,0,0,0,0,0,0,0,0,0,0,0,0,0,0,0,0,0,0,0,0,0,0,0,0,0,0,0,0,0,0,0,0,0,0,0,0,0,0,0,0,0,0,0,0,0,0,0,0,0,0,0,0,0,0,0,0,0,0,0,0,0,0,737.6,1030.1,46.1,64.38125,115,55,6,6
"019","08","A","N",2,6.2,113,11,55,63,26,11,15,1.5,0,0,0,90,"2212",13,6,111.5,100.8,84.4,64.1,45.8,26.1,0,0,0,0,0,0,0,0,0,0,0,0,0,0,0,0,0,0,0,0,0,0,0,0,0,0,0,0,0,0,0,0,0,0,0,0,0,0,0,0,0,0,0,0,0,0,0,0,0,0,0,0,0,0,0,0,0,0,0,0,0,0,0,0,0,0,0,0,0,0,0,0,0,0,0,0,0,0,0,0,0,0,0,0,58.1,46.1,37.3,37.3,49.3,67,0,0,0,0,0,0,0,0,0,0,0,0,0,0,0,0,0,0,0,0,0,0,0,0,0,0,0,0,0,0,0,0,0,0,0,0,0,0,0,0,0,0,0,0,0,0,0,0,0,0,0,0,0,0,0,0,0,0,0,0,0,0,0,0,0,0,0,0,0,0,0,0,0,0,0,0,0,0,0,0,0,0,0,0,"TT","O","",2022,4,4,"12/01/09",18.2258064516129,19.0990562651326,18.6631298132411,21.2786885245902,0,0,0,0,0,0,0,0,0,0,0,0,0,0,0,0,0,0,0,0,0,0,0,0,0,0,0,0,0,0,0,0,0,0,0,0,0,0,0,0,0,0,0,0,0,0,0,0,0,0,0,0,0,0,0,0,0,0,0,0,0,0,0,0,0,0,0,0,0,0,0,0,0,0,0,0,0,0,0,0,0,0,0,0,0,0,0,0,0,0,0,0,0,0,0,0,0,0,0,0,0,0,0,0,0,0,0,0,0,0,0,0,0,0,0,0,0,0,0,0,0,0,0,0,0,0,0,0,0,0,0,0,0,0,0,0,0,0,0,0,0,0,0,0,0,0,0,0,0,0,0,0,0,0,0,0,0,0,0,0,0,0,0,0,0,0,0,0,0,0,0,0,0,0,0,0,0,0,0,0,0,0,0,0,115,55,6,6
"020","08","A","E",2,4.3,70,28,3,4,76,20,10,1.5,0,0,0,90,"2212",13,4,58.2,57.6,51.7,35.6,0,0,0,0,0,0,0,0,0,0,0,0,0,0,0,0,0,0,0,0,0,0,0,0,0,0,0,0,0,0,0,0,0,0,0,0,0,0,0,0,0,0,0,0,0,0,0,0,0,0,0,0,0,0,0,0,0,0,0,0,0,0,0,0,0,0,0,0,0,0,0,0,0,0,0,0,0,0,0,0,0,0,0,0,0,0,109.7,108.7,103.7,99.7,0,0,0,0,0,0,0,0,0,0,0,0,0,0,0,0,0,0,0,0,0,0,0,0,0,0,0,0,0,0,0,0,0,0,0,0,0,0,0,0,0,0,0,0,0,0,0,0,0,0,0,0,0,0,0,0,0,0,0,0,0,0,0,0,0,0,0,0,0,0,0,0,0,0,0,0,0,0,0,0,0,0,0,0,0,0,"TT","O","",2022,5,4,"12/01/09",16.2790697674419,19.0990562651326,18.6631298132411,21.2786885245902,0,0,51.7,35.6,0,0,0,0,0,0,0,0,0,0,0,0,0,0,0,0,0,0,0,0,0,0,0,0,0,0,0,0,0,0,0,0,0,0,0,0,0,0,0,0,0,0,0,0,0,0,0,0,0,0,0,0,0,0,0,0,0,0,0,0,0,0,0,0,0,0,0,0,0,0,0,0,0,0,0,0,0,0,0,0,0,0,0,0,0,0,0,0,103.7,99.7,0,0,0,0,0,0,0,0,0,0,0,0,0,0,0,0,0,0,0,0,0,0,0,0,0,0,0,0,0,0,0,0,0,0,0,0,0,0,0,0,0,0,0,0,0,0,0,0,0,0,0,0,0,0,0,0,0,0,0,0,0,0,0,0,0,0,0,0,0,0,0,0,0,0,0,0,0,0,0,0,0,0,0,0,0,0,87.3,203.4,43.65,101.7,55,115,3,3
"021","08","A","S",2,30.5,649,31,16,56,33,11,-109,1.5,1,0,0,90,"2212",13,30,59.5,64.4,62.6,60.8,63.1,63.7,56.7,50.6,60.4,63.3,62.1,47.3,27.7,26,40.7,48,35.4,20.6,32.7,56.1,66.7,62.5,48.2,29.2,13.4,19.3,31.5,35.9,42.1,55.1,0,0,0,0,0,0,0,0,0,0,0,0,0,0,0,0,0,0,0,0,0,0,0,0,0,0,0,0,0,0,0,0,0,0,0,0,0,0,0,0,0,0,0,0,0,0,0,0,0,0,0,0,0,0,0,0,0,0,0,0,109.3,105.6,95.9,82,64.4,48.1,40.2,37.3,32.9,30.2,26.4,39.6,62.2,78.8,79.5,67.1,62.4,67.6,73.2,76.6,81.3,87.3,92.5,93.7,95.9,105,117.4,118.3,111.4,94.7,0,0,0,0,0,0,0,0,0,0,0,0,0,0,0,0,0,0,0,0,0,0,0,0,0,0,0,0,0,0,0,0,0,0,0,0,0,0,0,0,0,0,0,0,0,0,0,0,0,0,0,0,0,0,0,0,0,0,0,0,"FS","O","",2022,6,4,"12/01/09",21.2786885245902,19.0990562651326,18.6631298132411,21.2786885245902,0,0,62.6,60.8,63.1,63.7,56.7,50.6,60.4,63.3,62.1,47.3,27.7,26,40.7,48,35.4,20.6,32.7,56.1,66.7,62.5,48.2,29.2,13.4,19.3,31.5,35.9,42.1,55.1,0,0,0,0,0,0,0,0,0,0,0,0,0,0,0,0,0,0,0,0,0,0,0,0,0,0,0,0,0,0,0,0,0,0,0,0,0,0,0,0,0,0,0,0,0,0,0,0,0,0,0,0,0,0,0,0,0,0,0,0,0,0,95.9,82,64.4,48.1,40.2,37.3,32.9,30.2,26.4,39.6,62.2,78.8,79.5,67.1,62.4,67.6,73.2,76.6,81.3,87.3,92.5,93.7,95.9,105,117.4,118.3,111.4,94.7,0,0,0,0,0,0,0,0,0,0,0,0,0,0,0,0,0,0,0,0,0,0,0,0,0,0,0,0,0,0,0,0,0,0,0,0,0,0,0,0,0,0,0,0,0,0,0,0,0,0,0,0,0,0,0,0,0,0,0,0,1281.7,2061.9,45.775,73.6392857142857,55,115,3,3
"022","07","A","S",2,5.7,117,80,1,87,10,3,-39,1.5,1,0,0,90,"2212",19,5,49.6,24.4,17,24.8,17.6,0,0,0,0,0,0,0,0,0,0,0,0,0,0,0,0,0,0,0,0,0,0,0,0,0,0,0,0,0,0,0,0,0,0,0,0,0,0,0,0,0,0,0,0,0,0,0,0,0,0,0,0,0,0,0,0,0,0,0,0,0,0,0,0,0,0,0,0,0,0,0,0,0,0,0,0,0,0,0,0,0,0,0,0,0,92.1,85.1,86.6,83.6,74.9,0,0,0,0,0,0,0,0,0,0,0,0,0,0,0,0,0,0,0,0,0,0,0,0,0,0,0,0,0,0,0,0,0,0,0,0,0,0,0,0,0,0,0,0,0,0,0,0,0,0,0,0,0,0,0,0,0,0,0,0,0,0,0,0,0,0,0,0,0,0,0,0,0,0,0,0,0,0,0,0,0,0,0,0,0,"TT","O","",2022,1,4,"11/30/09",20.5263157894737,24.8150152940862,24.7517025634298,25.1315789473684,0,24.4,17,24.8,17.6,0,0,0,0,0,0,0,0,0,0,0,0,0,0,0,0,0,0,0,0,0,0,0,0,0,0,0,0,0,0,0,0,0,0,0,0,0,0,0,0,0,0,0,0,0,0,0,0,0,0,0,0,0,0,0,0,0,0,0,0,0,0,0,0,0,0,0,0,0,0,0,0,0,0,0,0,0,0,0,0,0,0,0,0,0,0,85.1,86.6,83.6,74.9,0,0,0,0,0,0,0,0,0,0,0,0,0,0,0,0,0,0,0,0,0,0,0,0,0,0,0,0,0,0,0,0,0,0,0,0,0,0,0,0,0,0,0,0,0,0,0,0,0,0,0,0,0,0,0,0,0,0,0,0,0,0,0,0,0,0,0,0,0,0,0,0,0,0,0,0,0,0,0,0,0,0,0,0,0,83.8,330.2,20.95,82.55,55,115,2,2
"023","07","A","W",2,11.6,324,18,17,84,15,1,-13,1.5,0,0,0,90,"2212",19,11,104.9,81.8,52.4,42.4,50.1,52,26.6,26.6,54.5,61.4,47.1,0,0,0,0,0,0,0,0,0,0,0,0,0,0,0,0,0,0,0,0,0,0,0,0,0,0,0,0,0,0,0,0,0,0,0,0,0,0,0,0,0,0,0,0,0,0,0,0,0,0,0,0,0,0,0,0,0,0,0,0,0,0,0,0,0,0,0,0,0,0,0,0,0,0,0,0,0,0,0,39.9,30.2,48.5,71.1,71.6,80.7,76.3,65,65.8,70.6,82.7,0,0,0,0,0,0,0,0,0,0,0,0,0,0,0,0,0,0,0,0,0,0,0,0,0,0,0,0,0,0,0,0,0,0,0,0,0,0,0,0,0,0,0,0,0,0,0,0,0,0,0,0,0,0,0,0,0,0,0,0,0,0,0,0,0,0,0,0,0,0,0,0,0,0,0,0,0,0,0,"TT","O","",2022,2,4,"11/30/09",27.9310344827586,24.8150152940862,24.7517025634298,25.1315789473684,0,0,0,0,50.1,52,26.6,26.6,54.5,61.4,47.1,0,0,0,0,0,0,0,0,0,0,0,0,0,0,0,0,0,0,0,0,0,0,0,0,0,0,0,0,0,0,0,0,0,0,0,0,0,0,0,0,0,0,0,0,0,0,0,0,0,0,0,0,0,0,0,0,0,0,0,0,0,0,0,0,0,0,0,0,0,0,0,0,0,0,0,0,0,0,0,0,0,0,0,71.6,80.7,76.3,65,65.8,70.6,82.7,0,0,0,0,0,0,0,0,0,0,0,0,0,0,0,0,0,0,0,0,0,0,0,0,0,0,0,0,0,0,0,0,0,0,0,0,0,0,0,0,0,0,0,0,0,0,0,0,0,0,0,0,0,0,0,0,0,0,0,0,0,0,0,0,0,0,0,0,0,0,0,0,0,0,0,0,0,0,0,318.3,512.7,45.4714285714286,73.2428571428571,115,55,5,5
"024","07","A","N",2,11.4,337,38,5,55,37,8,-49,1.5,1,0,0,90,"2212",19,11,109,99.2,74.9,45,23.3,25.7,40.4,35.7,33.9,39.4,24.7,0,0,0,0,0,0,0,0,0,0,0,0,0,0,0,0,0,0,0,0,0,0,0,0,0,0,0,0,0,0,0,0,0,0,0,0,0,0,0,0,0,0,0,0,0,0,0,0,0,0,0,0,0,0,0,0,0,0,0,0,0,0,0,0,0,0,0,0,0,0,0,0,0,0,0,0,0,0,0,66.5,70,73.4,79.4,97.7,109.3,91.3,65.4,59.4,68.4,84.7,0,0,0,0,0,0,0,0,0,0,0,0,0,0,0,0,0,0,0,0,0,0,0,0,0,0,0,0,0,0,0,0,0,0,0,0,0,0,0,0,0,0,0,0,0,0,0,0,0,0,0,0,0,0,0,0,0,0,0,0,0,0,0,0,0,0,0,0,0,0,0,0,0,0,0,0,0,0,0,"TT","O","",2022,3,4,"11/30/09",29.5614035087719,24.8150152940862,24.7517025634298,25.1315789473684,0,0,0,0,23.3,25.7,40.4,35.7,33.9,39.4,24.7,0,0,0,0,0,0,0,0,0,0,0,0,0,0,0,0,0,0,0,0,0,0,0,0,0,0,0,0,0,0,0,0,0,0,0,0,0,0,0,0,0,0,0,0,0,0,0,0,0,0,0,0,0,0,0,0,0,0,0,0,0,0,0,0,0,0,0,0,0,0,0,0,0,0,0,0,0,0,0,0,0,0,0,97.7,109.3,91.3,65.4,59.4,68.4,84.7,0,0,0,0,0,0,0,0,0,0,0,0,0,0,0,0,0,0,0,0,0,0,0,0,0,0,0,0,0,0,0,0,0,0,0,0,0,0,0,0,0,0,0,0,0,0,0,0,0,0,0,0,0,0,0,0,0,0,0,0,0,0,0,0,0,0,0,0,0,0,0,0,0,0,0,0,0,0,0,223.1,576.2,31.8714285714286,82.3142857142857,115,55,5,5
"022","08","A","N",2,16.6,414,28,7,81,12,7,-51,1.5,2,0,0,90,"2212",19,16,110,98.9,74.8,45.4,17.4,22.9,48.1,50.3,44,40.8,21.2,12,34.3,46,42.9,35.1,0,0,0,0,0,0,0,0,0,0,0,0,0,0,0,0,0,0,0,0,0,0,0,0,0,0,0,0,0,0,0,0,0,0,0,0,0,0,0,0,0,0,0,0,0,0,0,0,0,0,0,0,0,0,0,0,0,0,0,0,0,0,0,0,0,0,0,0,0,0,0,0,0,0,69.2,71.4,77.3,75.3,76.2,72.5,50.3,37.3,50.2,64,77.7,78.3,70.4,57.2,48.7,52.9,0,0,0,0,0,0,0,0,0,0,0,0,0,0,0,0,0,0,0,0,0,0,0,0,0,0,0,0,0,0,0,0,0,0,0,0,0,0,0,0,0,0,0,0,0,0,0,0,0,0,0,0,0,0,0,0,0,0,0,0,0,0,0,0,0,0,0,0,0,0,0,0,0,0,"TT","O","",2022,4,4,"12/01/09",24.9397590361446,24.8150152940862,24.7517025634298,25.1315789473684,0,0,0,0,17.4,22.9,48.1,50.3,44,40.8,21.2,12,34.3,46,42.9,35.1,0,0,0,0,0,0,0,0,0,0,0,0,0,0,0,0,0,0,0,0,0,0,0,0,0,0,0,0,0,0,0,0,0,0,0,0,0,0,0,0,0,0,0,0,0,0,0,0,0,0,0,0,0,0,0,0,0,0,0,0,0,0,0,0,0,0,0,0,0,0,0,0,0,0,0,0,0,0,76.2,72.5,50.3,37.3,50.2,64,77.7,78.3,70.4,57.2,48.7,52.9,0,0,0,0,0,0,0,0,0,0,0,0,0,0,0,0,0,0,0,0,0,0,0,0,0,0,0,0,0,0,0,0,0,0,0,0,0,0,0,0,0,0,0,0,0,0,0,0,0,0,0,0,0,0,0,0,0,0,0,0,0,0,0,0,0,0,0,0,0,0,0,0,0,0,415,735.7,34.5833333333333,61.3083333333333,115,55,5,5
"023","08","A","E",2,2.5,52,100,0,0,50,50,-18,1.5,0,0,0,90,"2212",19,2,58,37.4,0,0,0,0,0,0,0,0,0,0,0,0,0,0,0,0,0,0,0,0,0,0,0,0,0,0,0,0,0,0,0,0,0,0,0,0,0,0,0,0,0,0,0,0,0,0,0,0,0,0,0,0,0,0,0,0,0,0,0,0,0,0,0,0,0,0,0,0,0,0,0,0,0,0,0,0,0,0,0,0,0,0,0,0,0,0,0,0,121.8,111.3,0,0,0,0,0,0,0,0,0,0,0,0,0,0,0,0,0,0,0,0,0,0,0,0,0,0,0,0,0,0,0,0,0,0,0,0,0,0,0,0,0,0,0,0,0,0,0,0,0,0,0,0,0,0,0,0,0,0,0,0,0,0,0,0,0,0,0,0,0,0,0,0,0,0,0,0,0,0,0,0,0,0,0,0,0,0,0,0,"TT","O","",2022,5,4,"12/01/09",20.8,24.8150152940862,24.7517025634298,25.1315789473684,0,37.4,0,0,0,0,0,0,0,0,0,0,0,0,0,0,0,0,0,0,0,0,0,0,0,0,0,0,0,0,0,0,0,0,0,0,0,0,0,0,0,0,0,0,0,0,0,0,0,0,0,0,0,0,0,0,0,0,0,0,0,0,0,0,0,0,0,0,0,0,0,0,0,0,0,0,0,0,0,0,0,0,0,0,0,0,0,0,0,0,0,111.3,0,0,0,0,0,0,0,0,0,0,0,0,0,0,0,0,0,0,0,0,0,0,0,0,0,0,0,0,0,0,0,0,0,0,0,0,0,0,0,0,0,0,0,0,0,0,0,0,0,0,0,0,0,0,0,0,0,0,0,0,0,0,0,0,0,0,0,0,0,0,0,0,0,0,0,0,0,0,0,0,0,0,0,0,0,0,0,0,37.4,111.3,37.4,111.3,55,115,2,2
"024","08","A","S",2,30.4,764,63,3,57,42,1,12,1.5,2,0,0,90,"2212",19,30,41.9,28.1,31,16.3,6.8,13.7,30.3,40.6,33.6,16.9,33.4,50.6,46.4,41.9,27.4,16.4,33.6,19.1,18.6,28.7,33.5,53.6,60.6,54.1,47,54.1,56.3,44.9,28.1,14.3,0,0,0,0,0,0,0,0,0,0,0,0,0,0,0,0,0,0,0,0,0,0,0,0,0,0,0,0,0,0,0,0,0,0,0,0,0,0,0,0,0,0,0,0,0,0,0,0,0,0,0,0,0,0,0,0,0,0,0,0,104.8,102.8,102.7,82.7,80.6,82.5,87.4,98.7,105.4,101.3,89.2,71.5,51.6,45.8,59.4,77.3,78.4,93.6,98.7,105.2,101.2,86.4,66.8,47.4,42.2,52.5,62.8,83.2,97.2,98.8,0,0,0,0,0,0,0,0,0,0,0,0,0,0,0,0,0,0,0,0,0,0,0,0,0,0,0,0,0,0,0,0,0,0,0,0,0,0,0,0,0,0,0,0,0,0,0,0,0,0,0,0,0,0,0,0,0,0,0,0,"FS","O","",2022,6,4,"12/01/09",25.1315789473684,24.8150152940862,24.7517025634298,25.1315789473684,0,28.1,31,16.3,6.8,13.7,30.3,40.6,33.6,16.9,33.4,50.6,46.4,41.9,27.4,16.4,33.6,19.1,18.6,28.7,33.5,53.6,60.6,54.1,47,54.1,56.3,44.9,28.1,14.3,0,0,0,0,0,0,0,0,0,0,0,0,0,0,0,0,0,0,0,0,0,0,0,0,0,0,0,0,0,0,0,0,0,0,0,0,0,0,0,0,0,0,0,0,0,0,0,0,0,0,0,0,0,0,0,0,0,0,0,0,0,102.8,102.7,82.7,80.6,82.5,87.4,98.7,105.4,101.3,89.2,71.5,51.6,45.8,59.4,77.3,78.4,93.6,98.7,105.2,101.2,86.4,66.8,47.4,42.2,52.5,62.8,83.2,97.2,98.8,0,0,0,0,0,0,0,0,0,0,0,0,0,0,0,0,0,0,0,0,0,0,0,0,0,0,0,0,0,0,0,0,0,0,0,0,0,0,0,0,0,0,0,0,0,0,0,0,0,0,0,0,0,0,0,0,0,0,0,0,979.9,2353.3,33.7896551724138,81.148275862069,55,115,2,2
"028","07","A","S",2,90.1,749,4,90,0,4,96,47,1.5,0,0,0,90,"2212",27,90,55.5,39.8,25.6,29,49,75.4,94.3,101.9,109.4,114.8,118.4,118.1,121.3,123.4,120.3,122.7,123.3,124.1,122.3,125.6,125.8,124.9,124.6,123.8,123.6,123.6,124.1,123.7,123.9,124,124.4,124,124.4,123.8,124.5,124.1,123,123.7,122.9,124.2,123.8,124,123.7,122.5,124.9,123.7,124.5,125.6,126.4,125.8,125.5,123.9,123,124,123.7,123.6,121.7,123.7,124.3,124,123.1,124.1,123.1,123.1,123.6,123.7,122.3,123,122.8,121.2,121.8,121.6,121,119.8,119.9,120.2,120.6,120.5,119.9,120.5,119.9,120.1,120.2,119.7,118.8,119.4,119.5,119.3,119.4,118.6,115,117.6,111.4,106.1,104.2,108.3,105.4,92.9,79.2,68.5,59.5,54.9,46.7,45.4,44.2,41.5,38.7,37.6,35.7,39.3,39.5,41.7,42,41.4,41.9,41.1,40.8,40,39.3,38.6,38.6,39.2,40.6,39.8,40.4,41.2,41.4,42.2,40.7,41.4,41.4,41.8,40.1,38.2,40.1,40.1,41.8,42.7,43.7,42.8,43.4,43.3,44,46.1,46.6,43.1,40.6,40.8,41.7,41.8,42.1,42.9,41.6,42.2,44.3,46.2,43.5,43.6,43,43.6,43.6,45.2,46.9,47.8,48.7,48.5,47.9,48.4,48.2,49.3,50.3,52,52,52.4,52,52.4,53.5,53.9,55.6,55.6,"TT","O","",2022,1,4,"11/30/09",8.31298557158713,7.27137975349027,7.4361820199778,6.44736842105263,0,0,0,0,0,0,94.3,101.9,109.4,114.8,118.4,118.1,121.3,123.4,120.3,122.7,123.3,124.1,122.3,125.6,125.8,124.9,124.6,123.8,123.6,123.6,124.1,123.7,123.9,124,124.4,124,124.4,123.8,124.5,124.1,123,123.7,122.9,124.2,123.8,124,123.7,122.5,124.9,123.7,124.5,125.6,126.4,125.8,125.5,123.9,123,124,123.7,123.6,121.7,123.7,124.3,124,123.1,124.1,123.1,123.1,123.6,123.7,122.3,123,122.8,121.2,121.8,121.6,121,119.8,119.9,120.2,120.6,120.5,119.9,120.5,119.9,120.1,120.2,119.7,118.8,119.4,119.5,119.3,119.4,118.6,0,0,0,0,0,0,105.4,92.9,79.2,68.5,59.5,54.9,46.7,45.4,44.2,41.5,38.7,37.6,35.7,39.3,39.5,41.7,42,41.4,41.9,41.1,40.8,40,39.3,38.6,38.6,39.2,40.6,39.8,40.4,41.2,41.4,42.2,40.7,41.4,41.4,41.8,40.1,38.2,40.1,40.1,41.8,42.7,43.7,42.8,43.4,43.3,44,46.1,46.6,43.1,40.6,40.8,41.7,41.8,42.1,42.9,41.6,42.2,44.3,46.2,43.5,43.6,43,43.6,43.6,45.2,46.9,47.8,48.7,48.5,47.9,48.4,48.2,49.3,50.3,52,52,52.4,52,52.4,53.5,53.9,55.6,55.6,10233.9,3882.6,121.832142857143,46.2214285714286,55,115,7,7
"029","07","A","W",2,90.1,695,86,3,4,3,93,48,1.5,0,1,0,90,"2212",27,90,118.3,118.2,112.2,103.4,96.1,91.9,83.4,73.4,63.3,52,48.4,47.7,48,48.5,48.4,46.4,41.9,38.1,40.3,40.2,40.1,39.6,37.5,37,40.1,43.1,43.8,44.4,43.5,43.2,42.2,41,40.1,41.5,39.1,40.2,41.9,41.4,40.3,36.3,35.9,38,40.6,40.8,39.2,39.6,37.1,35.8,38.3,39.9,41.5,40.5,39.3,37.1,40.1,42,42.5,40.5,38.6,37.7,41.5,42.1,42.4,38.6,35.6,35.7,37.4,38.9,36.4,35.6,36,35.9,35.9,35.9,36.2,36.2,36.4,36.4,36.4,37.3,38.9,39,37.5,34.5,35,30.7,32.4,47.1,67.1,86.1,63.7,62.6,66.6,70.5,82.5,93.7,100.4,108.3,115.8,123.4,125.2,124.4,124.7,123.4,123.7,124.9,124.9,120,123.7,124.3,124.8,124.5,122.3,121.9,124.7,127.9,129,129.9,128.5,128.2,125.4,123.7,122.4,122.3,120,120.7,122,122.5,121.2,117.9,118.3,120.4,123.4,124,122.4,122.4,120.8,119.8,122.5,124,126.9,126,124.7,122.4,126.1,128.6,129.2,127.1,124.7,123.6,127.5,128.6,128.9,124.2,120.6,120.4,121.6,123,119.9,118.9,119.2,118.6,118.4,118.3,118.4,118.3,118.4,118.3,118.2,118,119,118.8,116.1,113.1,111.1,94.8,72.7,46.5,20.8,8.1,"TT","O","",2022,2,4,"11/30/09",7.71365149833518,7.27137975349027,7.4361820199778,6.44736842105263,0,0,0,0,0,0,0,0,0,0,0,0,0,0,48.4,46.4,41.9,38.1,40.3,40.2,40.1,39.6,37.5,37,40.1,43.1,43.8,44.4,43.5,43.2,42.2,41,40.1,41.5,39.1,40.2,41.9,41.4,40.3,36.3,35.9,38,40.6,40.8,39.2,39.6,37.1,35.8,38.3,39.9,41.5,40.5,39.3,37.1,40.1,42,42.5,40.5,38.6,37.7,41.5,42.1,42.4,38.6,35.6,35.7,37.4,38.9,36.4,35.6,36,35.9,35.9,35.9,36.2,36.2,36.4,36.4,36.4,37.3,38.9,39,37.5,34.5,35,30.7,32.4,47.1,67.1,86.1,0,0,0,0,0,0,0,0,0,0,0,0,0,0,123.7,124.9,124.9,120,123.7,124.3,124.8,124.5,122.3,121.9,124.7,127.9,129,129.9,128.5,128.2,125.4,123.7,122.4,122.3,120,120.7,122,122.5,121.2,117.9,118.3,120.4,123.4,124,122.4,122.4,120.8,119.8,122.5,124,126.9,126,124.7,122.4,126.1,128.6,129.2,127.1,124.7,123.6,127.5,128.6,128.9,124.2,120.6,120.4,121.6,123,119.9,118.9,119.2,118.6,118.4,118.3,118.4,118.3,118.4,118.3,118.2,118,119,118.8,116.1,113.1,111.1,94.8,72.7,46.5,20.8,8.1,3051.7,8937.3,40.1539473684211,117.596052631579,115,55,15,15
"030","07","A","N",2,90.1,638,0,66,1,19,80,93,1.5,0,0,0,90,"2212",27,90,111.6,116.7,121.9,122.1,123.5,123.8,124.4,125.8,125.4,124.7,121.5,125.5,125.5,125.7,125.4,125.5,125.3,124.7,123.6,124.9,124.9,125.2,125,125.1,124.5,125.2,125.1,125,125.4,125.5,125.5,126.2,125.2,125.8,124.9,125.8,125.6,125.8,124.9,125.1,124,123,125.3,125.3,122.4,120.5,120.4,125.3,125.3,122.6,125.1,126,125.6,122.1,121.2,122.3,117.6,103.2,89.7,93.5,105.5,107.1,106.2,104.8,103,98.5,96.2,97.5,94.1,96.3,99.8,94.5,93.3,97.7,102.2,98.5,99.7,98.6,98.6,98.4,99.6,99.4,93.5,92.4,91.6,92.5,91,91.8,92.7,93.7,60.4,47.9,45.3,43.4,40,37.7,37.7,39.2,38.8,38.2,35,39.1,39.2,39.2,39,39,38.8,38.2,37.7,38.8,38.7,39.2,39.3,39.1,38.3,39,38.7,38.6,39,39.1,39.1,39.7,38.6,39.2,38.6,39.5,39.2,39.5,38.8,39,38.7,38.1,40.4,41,38.7,37.5,37.2,42.3,41.7,39.8,42.1,42.2,41.7,38.8,38.7,38.9,35.4,23.6,28.4,54,75.2,76.8,76.7,74.9,75,68.9,67.8,70.4,68,71.6,75.8,70.2,68.6,72.9,77.2,76.1,79.7,80.2,78.3,79.8,77.9,76.6,73.6,73.3,72.7,73.8,72.5,73.9,74.8,75.8,"TT","O","",2022,3,4,"11/30/09",7.08102108768036,7.27137975349027,7.4361820199778,6.44736842105263,0,0,0,0,0,0,0,0,0,0,0,0,0,0,125.4,125.5,125.3,124.7,123.6,124.9,124.9,125.2,125,125.1,124.5,125.2,125.1,125,125.4,125.5,125.5,126.2,125.2,125.8,124.9,125.8,125.6,125.8,124.9,125.1,124,123,125.3,125.3,122.4,120.5,120.4,125.3,125.3,122.6,125.1,126,125.6,122.1,121.2,122.3,117.6,103.2,89.7,93.5,105.5,107.1,106.2,104.8,103,98.5,96.2,97.5,94.1,96.3,99.8,94.5,93.3,97.7,102.2,98.5,99.7,98.6,98.6,98.4,99.6,99.4,93.5,92.4,91.6,92.5,91,91.8,92.7,93.7,0,0,0,0,0,0,0,0,0,0,0,0,0,0,39,39,38.8,38.2,37.7,38.8,38.7,39.2,39.3,39.1,38.3,39,38.7,38.6,39,39.1,39.1,39.7,38.6,39.2,38.6,39.5,39.2,39.5,38.8,39,38.7,38.1,40.4,41,38.7,37.5,37.2,42.3,41.7,39.8,42.1,42.2,41.7,38.8,38.7,38.9,35.4,23.6,28.4,54,75.2,76.8,76.7,74.9,75,68.9,67.8,70.4,68,71.6,75.8,70.2,68.6,72.9,77.2,76.1,79.7,80.2,78.3,79.8,77.9,76.6,73.6,73.3,72.7,73.8,72.5,73.9,74.8,75.8,8564.2,4019.9,112.686842105263,52.8934210526316,115,55,15,15
"028","08","A","N",2,90.1,724,0,100,0,9,91,94,1.5,0,0,0,90,"2212",27,90,114.6,118.1,122.8,123.5,121.7,117.8,122.6,125.6,126.1,125.8,125.7,125.7,125.8,125.6,125.8,125.3,124.9,124.8,124.9,124.3,120.9,120,120.7,123,126,125,124.7,125.4,125.4,124.4,122,119.5,115.2,112.4,108.7,118,124.1,123.5,121.5,116.4,115.9,121.6,122.5,122.5,120.9,122.9,120.2,122.3,120.9,122.1,121.7,120.3,121.9,120.6,121.3,120.5,119.8,119.2,119.1,121.8,121.5,119.9,121.4,124.5,124.1,124.2,122.5,119,120.2,124.5,123.6,122.9,116.7,120.5,123.8,122.3,122.6,121.5,121.7,123,121.1,121.5,120.4,119.3,120.1,119.1,115.7,112.6,119.9,118.2,59.2,48.3,40.8,37.1,37.1,34.8,41.4,44.9,43.5,40.7,40.2,39.8,39.6,39.3,39.3,38.7,38.5,38.6,38.5,37.8,34.6,33.7,34.4,36.8,39.6,39.4,41.4,42,42.9,43.2,47.5,53.3,51,49.2,45.8,39.5,39.1,38.9,46.1,42.4,41.6,48.8,48.7,49.7,47.8,50.1,47.8,51.1,50.5,51.7,52.1,51,52.8,52.4,54,53.2,53,52.7,51.4,53.6,54.1,52.2,49.9,48,46.8,47.6,47.7,45.2,44.3,46.1,45.9,47.2,42.3,46.1,49.3,48.5,49.5,49.4,50.1,51.6,51.1,52.2,52.3,53,54.6,54.3,52.9,48.9,54.9,54.2,"TT","O","",2022,4,4,"12/01/09",8.03551609322975,7.27137975349027,7.4361820199778,6.44736842105263,0,0,0,0,0,0,0,0,0,0,0,0,0,0,125.8,125.3,124.9,124.8,124.9,124.3,120.9,120,120.7,123,126,125,124.7,125.4,125.4,124.4,122,119.5,115.2,112.4,108.7,118,124.1,123.5,121.5,116.4,115.9,121.6,122.5,122.5,120.9,122.9,120.2,122.3,120.9,122.1,121.7,120.3,121.9,120.6,121.3,120.5,119.8,119.2,119.1,121.8,121.5,119.9,121.4,124.5,124.1,124.2,122.5,119,120.2,124.5,123.6,122.9,116.7,120.5,123.8,122.3,122.6,121.5,121.7,123,121.1,121.5,120.4,119.3,120.1,119.1,115.7,112.6,119.9,118.2,0,0,0,0,0,0,0,0,0,0,0,0,0,0,39.3,38.7,38.5,38.6,38.5,37.8,34.6,33.7,34.4,36.8,39.6,39.4,41.4,42,42.9,43.2,47.5,53.3,51,49.2,45.8,39.5,39.1,38.9,46.1,42.4,41.6,48.8,48.7,49.7,47.8,50.1,47.8,51.1,50.5,51.7,52.1,51,52.8,52.4,54,53.2,53,52.7,51.4,53.6,54.1,52.2,49.9,48,46.8,47.6,47.7,45.2,44.3,46.1,45.9,47.2,42.3,46.1,49.3,48.5,49.5,49.4,50.1,51.6,51.1,52.2,52.3,53,54.6,54.3,52.9,48.9,54.9,54.2,9213.1,3576.4,121.225,47.0578947368421,115,55,15,15
"029","08","A","E",2,90.1,544,0,0,0,0,100,110,1.5,0,0,0,90,"2212",27,90,75.7,83.3,88.6,93.6,98.2,101.5,102.7,103.7,102.8,101,98.6,96.2,95.3,95.8,95.4,95,95.4,95.1,95,95.6,95,94.8,94.6,94.7,95,95.6,95.6,94.9,94.7,94.4,94.7,95,95.3,95.1,94.9,96.2,95.1,94.2,95.2,94.7,94,94.2,94.4,94,94.8,94,94.3,95.2,95.9,96.1,96.9,96.9,96.8,94.9,92.4,93.7,98.7,100.3,101.8,102.3,104.2,100.3,97.2,102.8,102.9,101.8,101.9,102.5,104,103.6,104.4,103.4,102.3,101.3,100.3,101.4,102,102.7,102,102,100.7,98.9,96.9,96.1,97.8,97.3,97.8,97.8,97.7,99.9,122.8,117.7,112.1,106.9,99.3,94.7,93.2,90.7,91.4,94.6,97.8,99.5,100.3,100.2,100.5,100.2,100.7,101.2,100.4,101.5,101.6,102.9,101.9,100.7,101.9,101.8,101.6,101.7,103.1,103.6,103.7,102.2,102.2,101.7,101.7,101.4,102.8,102.9,103.2,103.8,103.2,103.5,103.6,102.6,103.3,101.3,101.1,102.6,101.9,100.8,100.6,101,101.8,102.2,96.4,99.9,98.3,95.5,95.7,93.3,88,86.5,88.3,91.8,93.1,93.7,94.1,93.6,90.9,91.5,90.6,91.8,92.6,93.7,97,95.1,95,92.8,91.9,92.7,94.9,97.3,97.7,97.5,99.4,99.9,100.2,99.9,99.8,98.3,"TT","O","",2022,5,4,"12/01/09",6.0377358490566,7.27137975349027,7.4361820199778,6.44736842105263,0,0,0,0,0,0,102.7,103.7,102.8,101,98.6,96.2,95.3,95.8,95.4,95,95.4,95.1,95,95.6,95,94.8,94.6,94.7,95,95.6,95.6,94.9,94.7,94.4,94.7,95,95.3,95.1,94.9,96.2,95.1,94.2,95.2,94.7,94,94.2,94.4,94,94.8,94,94.3,95.2,95.9,96.1,96.9,96.9,96.8,94.9,92.4,93.7,98.7,100.3,101.8,102.3,104.2,100.3,97.2,102.8,102.9,101.8,101.9,102.5,104,103.6,104.4,103.4,102.3,101.3,100.3,101.4,102,102.7,102,102,100.7,98.9,96.9,96.1,97.8,97.3,97.8,97.8,97.7,99.9,0,0,0,0,0,0,93.2,90.7,91.4,94.6,97.8,99.5,100.3,100.2,100.5,100.2,100.7,101.2,100.4,101.5,101.6,102.9,101.9,100.7,101.9,101.8,101.6,101.7,103.1,103.6,103.7,102.2,102.2,101.7,101.7,101.4,102.8,102.9,103.2,103.8,103.2,103.5,103.6,102.6,103.3,101.3,101.1,102.6,101.9,100.8,100.6,101,101.8,102.2,96.4,99.9,98.3,95.5,95.7,93.3,88,86.5,88.3,91.8,93.1,93.7,94.1,93.6,90.9,91.5,90.6,91.8,92.6,93.7,97,95.1,95,92.8,91.9,92.7,94.9,97.3,97.7,97.5,99.4,99.9,100.2,99.9,99.8,98.3,8212.8,8256.8,97.7714285714285,98.2952380952381,55,115,7,7
"030","08","A","S",2,30.4,196,100,0,0,0,100,60,1.5,0,0,0,90,"2212",27,30,55,50.4,49.7,48.7,48.2,48.1,46.5,45.4,43.8,43.9,41.2,40.3,41.2,44.1,45.6,44.9,43.1,44.6,42.6,44.5,46.7,47.6,46.6,45.8,45,44.8,44.3,43.7,44.1,44.2,0,0,0,0,0,0,0,0,0,0,0,0,0,0,0,0,0,0,0,0,0,0,0,0,0,0,0,0,0,0,0,0,0,0,0,0,0,0,0,0,0,0,0,0,0,0,0,0,0,0,0,0,0,0,0,0,0,0,0,0,116.3,115.3,120.7,124.8,124.4,125.4,125.9,126,123,122.9,118.4,118.4,119.2,121.5,121,119.3,117.8,117.6,114.7,115.4,117,119.2,118.2,116.8,116.1,115.1,114.5,114.5,114.7,115,0,0,0,0,0,0,0,0,0,0,0,0,0,0,0,0,0,0,0,0,0,0,0,0,0,0,0,0,0,0,0,0,0,0,0,0,0,0,0,0,0,0,0,0,0,0,0,0,0,0,0,0,0,0,0,0,0,0,0,0,"FS","O","",2022,6,4,"12/01/09",6.44736842105263,7.27137975349027,7.4361820199778,6.44736842105263,0,0,0,0,0,0,0,0,43.8,43.9,41.2,40.3,41.2,44.1,45.6,44.9,43.1,44.6,42.6,44.5,46.7,47.6,46.6,45.8,45,44.8,44.3,43.7,44.1,44.2,0,0,0,0,0,0,0,0,0,0,0,0,0,0,0,0,0,0,0,0,0,0,0,0,0,0,0,0,0,0,0,0,0,0,0,0,0,0,0,0,0,0,0,0,0,0,0,0,0,0,0,0,0,0,0,0,0,0,0,0,0,0,0,0,0,0,0,0,123,122.9,118.4,118.4,119.2,121.5,121,119.3,117.8,117.6,114.7,115.4,117,119.2,118.2,116.8,116.1,115.1,114.5,114.5,114.7,115,0,0,0,0,0,0,0,0,0,0,0,0,0,0,0,0,0,0,0,0,0,0,0,0,0,0,0,0,0,0,0,0,0,0,0,0,0,0,0,0,0,0,0,0,0,0,0,0,0,0,0,0,0,0,0,0,0,0,0,0,972.6,2590.3,44.2090909090909,117.740909090909,55,115,9,9
"031","07","A","S",2,5.7,126,37,1,78,21,1,-60,1.5,1,0,0,90,"2212",29,5,51.1,55.9,61.3,35.6,10.9,0,0,0,0,0,0,0,0,0,0,0,0,0,0,0,0,0,0,0,0,0,0,0,0,0,0,0,0,0,0,0,0,0,0,0,0,0,0,0,0,0,0,0,0,0,0,0,0,0,0,0,0,0,0,0,0,0,0,0,0,0,0,0,0,0,0,0,0,0,0,0,0,0,0,0,0,0,0,0,0,0,0,0,0,0,88.3,65.3,70.8,82.6,82.5,0,0,0,0,0,0,0,0,0,0,0,0,0,0,0,0,0,0,0,0,0,0,0,0,0,0,0,0,0,0,0,0,0,0,0,0,0,0,0,0,0,0,0,0,0,0,0,0,0,0,0,0,0,0,0,0,0,0,0,0,0,0,0,0,0,0,0,0,0,0,0,0,0,0,0,0,0,0,0,0,0,0,0,0,0,"TT","O","",2022,1,4,"11/30/09",22.1052631578947,21.5095476209152,21.9032604237867,19.5409836065574,0,0,61.3,35.6,10.9,0,0,0,0,0,0,0,0,0,0,0,0,0,0,0,0,0,0,0,0,0,0,0,0,0,0,0,0,0,0,0,0,0,0,0,0,0,0,0,0,0,0,0,0,0,0,0,0,0,0,0,0,0,0,0,0,0,0,0,0,0,0,0,0,0,0,0,0,0,0,0,0,0,0,0,0,0,0,0,0,0,0,0,0,0,0,0,70.8,82.6,82.5,0,0,0,0,0,0,0,0,0,0,0,0,0,0,0,0,0,0,0,0,0,0,0,0,0,0,0,0,0,0,0,0,0,0,0,0,0,0,0,0,0,0,0,0,0,0,0,0,0,0,0,0,0,0,0,0,0,0,0,0,0,0,0,0,0,0,0,0,0,0,0,0,0,0,0,0,0,0,0,0,0,0,0,0,0,107.8,235.9,35.9333333333333,78.6333333333333,55,115,3,3
"032","07","A","W",2,5.6,143,36,39,85,12,3,-23,1.5,0,0,0,90,"2212",29,5,91,65.2,57.4,39.5,16.9,0,0,0,0,0,0,0,0,0,0,0,0,0,0,0,0,0,0,0,0,0,0,0,0,0,0,0,0,0,0,0,0,0,0,0,0,0,0,0,0,0,0,0,0,0,0,0,0,0,0,0,0,0,0,0,0,0,0,0,0,0,0,0,0,0,0,0,0,0,0,0,0,0,0,0,0,0,0,0,0,0,0,0,0,0,39.2,24.5,30.2,47.6,73.7,0,0,0,0,0,0,0,0,0,0,0,0,0,0,0,0,0,0,0,0,0,0,0,0,0,0,0,0,0,0,0,0,0,0,0,0,0,0,0,0,0,0,0,0,0,0,0,0,0,0,0,0,0,0,0,0,0,0,0,0,0,0,0,0,0,0,0,0,0,0,0,0,0,0,0,0,0,0,0,0,0,0,0,0,0,"TT","O","",2022,2,4,"11/30/09",25.5357142857143,21.5095476209152,21.9032604237867,19.5409836065574,0,0,0,0,16.9,0,0,0,0,0,0,0,0,0,0,0,0,0,0,0,0,0,0,0,0,0,0,0,0,0,0,0,0,0,0,0,0,0,0,0,0,0,0,0,0,0,0,0,0,0,0,0,0,0,0,0,0,0,0,0,0,0,0,0,0,0,0,0,0,0,0,0,0,0,0,0,0,0,0,0,0,0,0,0,0,0,0,0,0,0,0,0,0,0,73.7,0,0,0,0,0,0,0,0,0,0,0,0,0,0,0,0,0,0,0,0,0,0,0,0,0,0,0,0,0,0,0,0,0,0,0,0,0,0,0,0,0,0,0,0,0,0,0,0,0,0,0,0,0,0,0,0,0,0,0,0,0,0,0,0,0,0,0,0,0,0,0,0,0,0,0,0,0,0,0,0,0,0,0,0,0,16.9,73.7,16.9,73.7,115,55,5,5
"033","07","A","N",2,3.3,72,18,36,62,25,13,29,1.5,0,0,0,90,"2212",29,3,99,77.7,44.6,0,0,0,0,0,0,0,0,0,0,0,0,0,0,0,0,0,0,0,0,0,0,0,0,0,0,0,0,0,0,0,0,0,0,0,0,0,0,0,0,0,0,0,0,0,0,0,0,0,0,0,0,0,0,0,0,0,0,0,0,0,0,0,0,0,0,0,0,0,0,0,0,0,0,0,0,0,0,0,0,0,0,0,0,0,0,0,48.7,57,72.9,0,0,0,0,0,0,0,0,0,0,0,0,0,0,0,0,0,0,0,0,0,0,0,0,0,0,0,0,0,0,0,0,0,0,0,0,0,0,0,0,0,0,0,0,0,0,0,0,0,0,0,0,0,0,0,0,0,0,0,0,0,0,0,0,0,0,0,0,0,0,0,0,0,0,0,0,0,0,0,0,0,0,0,0,0,0,0,"TT","O","",2022,3,4,"11/30/09",21.8181818181818,21.5095476209152,21.9032604237867,19.5409836065574,0,0,0,0,0,0,0,0,0,0,0,0,0,0,0,0,0,0,0,0,0,0,0,0,0,0,0,0,0,0,0,0,0,0,0,0,0,0,0,0,0,0,0,0,0,0,0,0,0,0,0,0,0,0,0,0,0,0,0,0,0,0,0,0,0,0,0,0,0,0,0,0,0,0,0,0,0,0,0,0,0,0,0,0,0,0,0,0,0,0,0,0,0,0,0,0,0,0,0,0,0,0,0,0,0,0,0,0,0,0,0,0,0,0,0,0,0,0,0,0,0,0,0,0,0,0,0,0,0,0,0,0,0,0,0,0,0,0,0,0,0,0,0,0,0,0,0,0,0,0,0,0,0,0,0,0,0,0,0,0,0,0,0,0,0,0,0,0,0,0,0,0,0,0,0,0,0,0,0,0,0,0,0,0,115,55,5,3
"031","08","A","N",2,17.5,351,72,22,39,50,11,61,1.5,1,0,0,90,"2212",29,17,106.9,94.6,66.7,54.4,39,13.6,11.5,17.3,22.9,29.8,32.1,28.6,30.4,46.5,40.7,31.5,26.1,0,0,0,0,0,0,0,0,0,0,0,0,0,0,0,0,0,0,0,0,0,0,0,0,0,0,0,0,0,0,0,0,0,0,0,0,0,0,0,0,0,0,0,0,0,0,0,0,0,0,0,0,0,0,0,0,0,0,0,0,0,0,0,0,0,0,0,0,0,0,0,0,0,53.9,28.5,27.2,33.2,50.1,77.2,85.3,97.4,103.8,103.1,105.8,107.5,116,127.6,114.3,99.8,94.9,0,0,0,0,0,0,0,0,0,0,0,0,0,0,0,0,0,0,0,0,0,0,0,0,0,0,0,0,0,0,0,0,0,0,0,0,0,0,0,0,0,0,0,0,0,0,0,0,0,0,0,0,0,0,0,0,0,0,0,0,0,0,0,0,0,0,0,0,0,0,0,0,0,"TT","O","",2022,4,4,"12/01/09",20.0571428571429,21.5095476209152,21.9032604237867,19.5409836065574,0,0,0,0,39,13.6,11.5,17.3,22.9,29.8,32.1,28.6,30.4,46.5,40.7,31.5,26.1,0,0,0,0,0,0,0,0,0,0,0,0,0,0,0,0,0,0,0,0,0,0,0,0,0,0,0,0,0,0,0,0,0,0,0,0,0,0,0,0,0,0,0,0,0,0,0,0,0,0,0,0,0,0,0,0,0,0,0,0,0,0,0,0,0,0,0,0,0,0,0,0,0,0,0,0,0,50.1,77.2,85.3,97.4,103.8,103.1,105.8,107.5,116,127.6,114.3,99.8,94.9,0,0,0,0,0,0,0,0,0,0,0,0,0,0,0,0,0,0,0,0,0,0,0,0,0,0,0,0,0,0,0,0,0,0,0,0,0,0,0,0,0,0,0,0,0,0,0,0,0,0,0,0,0,0,0,0,0,0,0,0,0,0,0,0,0,0,0,0,0,0,0,0,0,370,1282.8,28.4615384615385,98.6769230769231,115,55,5,5
"032","08","A","E",2,2.9,58,32,1,50,42,8,43,1.5,0,0,0,90,"2212",29,2,55.8,41.8,0,0,0,0,0,0,0,0,0,0,0,0,0,0,0,0,0,0,0,0,0,0,0,0,0,0,0,0,0,0,0,0,0,0,0,0,0,0,0,0,0,0,0,0,0,0,0,0,0,0,0,0,0,0,0,0,0,0,0,0,0,0,0,0,0,0,0,0,0,0,0,0,0,0,0,0,0,0,0,0,0,0,0,0,0,0,0,0,102.8,87.6,0,0,0,0,0,0,0,0,0,0,0,0,0,0,0,0,0,0,0,0,0,0,0,0,0,0,0,0,0,0,0,0,0,0,0,0,0,0,0,0,0,0,0,0,0,0,0,0,0,0,0,0,0,0,0,0,0,0,0,0,0,0,0,0,0,0,0,0,0,0,0,0,0,0,0,0,0,0,0,0,0,0,0,0,0,0,0,0,"TT","O","",2022,5,4,"12/01/09",20,21.5095476209152,21.9032604237867,19.5409836065574,0,0,0,0,0,0,0,0,0,0,0,0,0,0,0,0,0,0,0,0,0,0,0,0,0,0,0,0,0,0,0,0,0,0,0,0,0,0,0,0,0,0,0,0,0,0,0,0,0,0,0,0,0,0,0,0,0,0,0,0,0,0,0,0,0,0,0,0,0,0,0,0,0,0,0,0,0,0,0,0,0,0,0,0,0,0,0,0,0,0,0,0,0,0,0,0,0,0,0,0,0,0,0,0,0,0,0,0,0,0,0,0,0,0,0,0,0,0,0,0,0,0,0,0,0,0,0,0,0,0,0,0,0,0,0,0,0,0,0,0,0,0,0,0,0,0,0,0,0,0,0,0,0,0,0,0,0,0,0,0,0,0,0,0,0,0,0,0,0,0,0,0,0,0,0,0,0,0,0,0,0,0,0,0,55,115,3,3
"033","08","A","S",2,30.5,596,96,2,36,49,15,-10,1.5,3,0,0,90,"2212",29,30,31.7,6,13.6,20.1,33.4,37.8,23.7,17.4,9.1,9.3,21.7,36.2,37.3,21.7,16.2,15.4,31.5,32.3,20.7,4.8,14.6,19.8,19.1,20.1,25,34.5,45.6,45,32.9,18.8,0,0,0,0,0,0,0,0,0,0,0,0,0,0,0,0,0,0,0,0,0,0,0,0,0,0,0,0,0,0,0,0,0,0,0,0,0,0,0,0,0,0,0,0,0,0,0,0,0,0,0,0,0,0,0,0,0,0,0,0,96.7,88.6,94.7,105,119.6,120.9,100.7,88.9,87.6,93.1,103.9,121.4,122.8,104.7,99.7,94.7,82.3,71.5,77.1,85.2,89.8,93.5,100.2,105.9,100.2,99.6,108.6,121.3,116.8,104.8,0,0,0,0,0,0,0,0,0,0,0,0,0,0,0,0,0,0,0,0,0,0,0,0,0,0,0,0,0,0,0,0,0,0,0,0,0,0,0,0,0,0,0,0,0,0,0,0,0,0,0,0,0,0,0,0,0,0,0,0,"FS","O","",2022,6,4,"12/01/09",19.5409836065574,21.5095476209152,21.9032604237867,19.5409836065574,0,0,13.6,20.1,33.4,37.8,23.7,17.4,9.1,9.3,21.7,36.2,37.3,21.7,16.2,15.4,31.5,32.3,20.7,4.8,14.6,19.8,19.1,20.1,25,34.5,45.6,45,32.9,18.8,0,0,0,0,0,0,0,0,0,0,0,0,0,0,0,0,0,0,0,0,0,0,0,0,0,0,0,0,0,0,0,0,0,0,0,0,0,0,0,0,0,0,0,0,0,0,0,0,0,0,0,0,0,0,0,0,0,0,0,0,0,0,94.7,105,119.6,120.9,100.7,88.9,87.6,93.1,103.9,121.4,122.8,104.7,99.7,94.7,82.3,71.5,77.1,85.2,89.8,93.5,100.2,105.9,100.2,99.6,108.6,121.3,116.8,104.8,0,0,0,0,0,0,0,0,0,0,0,0,0,0,0,0,0,0,0,0,0,0,0,0,0,0,0,0,0,0,0,0,0,0,0,0,0,0,0,0,0,0,0,0,0,0,0,0,0,0,0,0,0,0,0,0,0,0,0,0,677.6,2814.5,24.2,100.517857142857,55,115,3,3
"001","CT","A","N",3,30.1,520,40,14,31,54,15,27,1.5,1,0,0,30,"2212",1,30,110.1,105.7,91.4,76.4,84.3,102.3,116.8,117,117.4,115.3,101.8,89.7,80.3,77,81.3,93.1,121.2,117.6,110.5,108.2,102.7,85.8,69.8,62.1,68.8,91.6,102.1,95.8,92.5,89,0,0,0,0,0,0,0,0,0,0,0,0,0,0,0,0,0,0,0,0,0,0,0,0,0,0,0,0,0,0,0,0,0,0,0,0,0,0,0,0,0,0,0,0,0,0,0,0,0,0,0,0,0,0,0,0,0,0,0,0,62.5,64.6,64.6,52.8,22,13.1,26.9,32.7,34.8,36,30.7,21.8,15.2,22,35.5,50.9,65.8,53.5,41.8,38.3,33,30.3,42,59.7,76.5,82.6,78.7,69.1,65.7,61.9,0,0,0,0,0,0,0,0,0,0,0,0,0,0,0,0,0,0,0,0,0,0,0,0,0,0,0,0,0,0,0,0,0,0,0,0,0,0,0,0,0,0,0,0,0,0,0,0,0,0,0,0,0,0,0,0,0,0,0,0,"CUE","O","",2022,1,7,"12/02/09",17.2757475083056,17.4640088593577,17.4640088593577,0,0,0,0,0,0,0,116.8,117,117.4,115.3,101.8,89.7,80.3,77,81.3,93.1,121.2,117.6,110.5,108.2,102.7,85.8,69.8,62.1,68.8,91.6,102.1,95.8,92.5,89,0,0,0,0,0,0,0,0,0,0,0,0,0,0,0,0,0,0,0,0,0,0,0,0,0,0,0,0,0,0,0,0,0,0,0,0,0,0,0,0,0,0,0,0,0,0,0,0,0,0,0,0,0,0,0,0,0,0,0,0,0,0,0,0,0,0,26.9,32.7,34.8,36,30.7,21.8,15.2,22,35.5,50.9,65.8,53.5,41.8,38.3,33,30.3,42,59.7,76.5,82.6,78.7,69.1,65.7,61.9,0,0,0,0,0,0,0,0,0,0,0,0,0,0,0,0,0,0,0,0,0,0,0,0,0,0,0,0,0,0,0,0,0,0,0,0,0,0,0,0,0,0,0,0,0,0,0,0,0,0,0,0,0,0,0,0,0,0,0,0,2307.4,1105.4,96.1416666666667,46.0583333333333,115,55,7,7
"002","CT","A","E",4,30.1,541,63,7,36,29,35,-18,1.5,2,0,0,30,"2212",1,30,115.4,107.1,91.3,87.1,100.6,114.1,119.6,116.3,115.1,117.1,111.1,97,79.9,64.6,57.3,57,68.2,88.5,99.3,105.2,110.8,116.3,115.3,105,92.4,86.9,82.1,77.6,77.7,80.4,0,0,0,0,0,0,0,0,0,0,0,0,0,0,0,0,0,0,0,0,0,0,0,0,0,0,0,0,0,0,0,0,0,0,0,0,0,0,0,0,0,0,0,0,0,0,0,0,0,0,0,0,0,0,0,0,0,0,0,0,56.8,49.1,26.7,7.7,28,44.8,49.9,49.3,45.7,37.7,26.3,10.5,7.1,22.9,32.8,51.7,62.4,74.4,78.7,72,61.8,52.8,41.2,26.3,18.8,19.4,26.2,39.4,61.2,76.7,0,0,0,0,0,0,0,0,0,0,0,0,0,0,0,0,0,0,0,0,0,0,0,0,0,0,0,0,0,0,0,0,0,0,0,0,0,0,0,0,0,0,0,0,0,0,0,0,0,0,0,0,0,0,0,0,0,0,0,0,"CUE","O","",2022,2,7,"12/02/09",17.9734219269103,17.4640088593577,17.4640088593577,0,0,0,0,0,0,0,119.6,116.3,115.1,117.1,111.1,97,79.9,64.6,57.3,57,68.2,88.5,99.3,105.2,110.8,116.3,115.3,105,92.4,86.9,82.1,77.6,77.7,80.4,0,0,0,0,0,0,0,0,0,0,0,0,0,0,0,0,0,0,0,0,0,0,0,0,0,0,0,0,0,0,0,0,0,0,0,0,0,0,0,0,0,0,0,0,0,0,0,0,0,0,0,0,0,0,0,0,0,0,0,0,0,0,0,0,0,0,49.9,49.3,45.7,37.7,26.3,10.5,7.1,22.9,32.8,51.7,62.4,74.4,78.7,72,61.8,52.8,41.2,26.3,18.8,19.4,26.2,39.4,61.2,76.7,0,0,0,0,0,0,0,0,0,0,0,0,0,0,0,0,0,0,0,0,0,0,0,0,0,0,0,0,0,0,0,0,0,0,0,0,0,0,0,0,0,0,0,0,0,0,0,0,0,0,0,0,0,0,0,0,0,0,0,0,2240.7,1045.2,93.3625,43.55,115,55,7,7
"003","CT","A","S",4,30.1,511,45,1,21,41,38,-35,1.5,0,0,0,30,"2212",1,30,107.2,95.7,89.1,86.7,89.5,88,90.1,97,105.4,111.7,108.2,97.1,87.9,86.6,80.1,81.5,90.2,104.4,104.7,111.8,116.9,116.3,107.7,99.4,98.6,93,85.6,82.7,84.6,91.2,0,0,0,0,0,0,0,0,0,0,0,0,0,0,0,0,0,0,0,0,0,0,0,0,0,0,0,0,0,0,0,0,0,0,0,0,0,0,0,0,0,0,0,0,0,0,0,0,0,0,0,0,0,0,0,0,0,0,0,0,55.4,58.4,70.7,81.2,89.6,86.4,86.2,79.5,71,52.3,35.8,24.3,23.7,22,34.6,47.3,58.8,68.8,68,53.8,45.7,36,25.3,19.4,18.3,21.6,32.6,40.5,53.3,71.1,0,0,0,0,0,0,0,0,0,0,0,0,0,0,0,0,0,0,0,0,0,0,0,0,0,0,0,0,0,0,0,0,0,0,0,0,0,0,0,0,0,0,0,0,0,0,0,0,0,0,0,0,0,0,0,0,0,0,0,0,"CUE","O","",2022,3,7,"12/02/09",16.9767441860465,17.4640088593577,17.4640088593577,0,0,0,0,0,0,0,90.1,97,105.4,111.7,108.2,97.1,87.9,86.6,80.1,81.5,90.2,104.4,104.7,111.8,116.9,116.3,107.7,99.4,98.6,93,85.6,82.7,84.6,91.2,0,0,0,0,0,0,0,0,0,0,0,0,0,0,0,0,0,0,0,0,0,0,0,0,0,0,0,0,0,0,0,0,0,0,0,0,0,0,0,0,0,0,0,0,0,0,0,0,0,0,0,0,0,0,0,0,0,0,0,0,0,0,0,0,0,0,86.2,79.5,71,52.3,35.8,24.3,23.7,22,34.6,47.3,58.8,68.8,68,53.8,45.7,36,25.3,19.4,18.3,21.6,32.6,40.5,53.3,71.1,0,0,0,0,0,0,0,0,0,0,0,0,0,0,0,0,0,0,0,0,0,0,0,0,0,0,0,0,0,0,0,0,0,0,0,0,0,0,0,0,0,0,0,0,0,0,0,0,0,0,0,0,0,0,0,0,0,0,0,0,2332.7,1089.9,97.1958333333333,45.4125,115,55,7,7
"004","CT","A","E",3,30.1,537,58,2,20,26,54,16,1.5,0,0,0,30,"2212",1,30,111.4,106.4,92.7,71.4,51.1,44.4,50,58,60.5,69.3,75.5,70.9,62.7,54.3,51.6,35.5,27.6,36.8,42.6,44.3,51,62,77.2,87.9,99.4,108.9,115,117.9,122,126.2,0,0,0,0,0,0,0,0,0,0,0,0,0,0,0,0,0,0,0,0,0,0,0,0,0,0,0,0,0,0,0,0,0,0,0,0,0,0,0,0,0,0,0,0,0,0,0,0,0,0,0,0,0,0,0,0,0,0,0,0,40.7,35.6,29.5,38.1,62.2,92.7,106.6,116.1,110.6,102.7,92.2,80.9,76.7,76.4,76.9,85.7,99.3,118.5,123.7,123.9,120.8,114.5,106.4,98.2,88.9,79.6,67.8,54.4,43.5,36.9,0,0,0,0,0,0,0,0,0,0,0,0,0,0,0,0,0,0,0,0,0,0,0,0,0,0,0,0,0,0,0,0,0,0,0,0,0,0,0,0,0,0,0,0,0,0,0,0,0,0,0,0,0,0,0,0,0,0,0,0,"CUE","O","",2022,4,7,"12/02/09",17.8405315614618,17.4640088593577,17.4640088593577,0,0,0,0,0,0,0,50,58,60.5,69.3,75.5,70.9,62.7,54.3,51.6,35.5,27.6,36.8,42.6,44.3,51,62,77.2,87.9,99.4,108.9,115,117.9,122,126.2,0,0,0,0,0,0,0,0,0,0,0,0,0,0,0,0,0,0,0,0,0,0,0,0,0,0,0,0,0,0,0,0,0,0,0,0,0,0,0,0,0,0,0,0,0,0,0,0,0,0,0,0,0,0,0,0,0,0,0,0,0,0,0,0,0,0,106.6,116.1,110.6,102.7,92.2,80.9,76.7,76.4,76.9,85.7,99.3,118.5,123.7,123.9,120.8,114.5,106.4,98.2,88.9,79.6,67.8,54.4,43.5,36.9,0,0,0,0,0,0,0,0,0,0,0,0,0,0,0,0,0,0,0,0,0,0,0,0,0,0,0,0,0,0,0,0,0,0,0,0,0,0,0,0,0,0,0,0,0,0,0,0,0,0,0,0,0,0,0,0,0,0,0,0,1707.1,2201.2,71.1291666666667,91.7166666666667,115,55,7,7
"005","CT","A","W",2,30.1,525,38,2,31,18,51,56,1.5,0,0,0,30,"2212",1,30,111.4,106.8,104.6,96.1,88.5,78.1,58.7,40.7,26.9,21.8,28,36.1,44.3,58.1,75.4,87.6,86.6,81.1,75.9,61.5,52.1,44.8,40.1,34.5,27.1,25.4,26.5,34.6,44.7,49.5,0,0,0,0,0,0,0,0,0,0,0,0,0,0,0,0,0,0,0,0,0,0,0,0,0,0,0,0,0,0,0,0,0,0,0,0,0,0,0,0,0,0,0,0,0,0,0,0,0,0,0,0,0,0,0,0,0,0,0,0,61,61.8,69.9,80.9,85.7,94.9,105.2,105.4,97.8,85.5,76.2,70.5,67.9,68,76.2,88.7,88.2,93.5,102,109.4,115.8,122.3,125.2,120.7,110,98.4,82.7,66,49.4,43.9,0,0,0,0,0,0,0,0,0,0,0,0,0,0,0,0,0,0,0,0,0,0,0,0,0,0,0,0,0,0,0,0,0,0,0,0,0,0,0,0,0,0,0,0,0,0,0,0,0,0,0,0,0,0,0,0,0,0,0,0,"CUE","O","",2022,5,7,"12/02/09",17.4418604651163,17.4640088593577,17.4640088593577,0,0,0,0,0,0,0,58.7,40.7,26.9,21.8,28,36.1,44.3,58.1,75.4,87.6,86.6,81.1,75.9,61.5,52.1,44.8,40.1,34.5,27.1,25.4,26.5,34.6,44.7,49.5,0,0,0,0,0,0,0,0,0,0,0,0,0,0,0,0,0,0,0,0,0,0,0,0,0,0,0,0,0,0,0,0,0,0,0,0,0,0,0,0,0,0,0,0,0,0,0,0,0,0,0,0,0,0,0,0,0,0,0,0,0,0,0,0,0,0,105.2,105.4,97.8,85.5,76.2,70.5,67.9,68,76.2,88.7,88.2,93.5,102,109.4,115.8,122.3,125.2,120.7,110,98.4,82.7,66,49.4,43.9,0,0,0,0,0,0,0,0,0,0,0,0,0,0,0,0,0,0,0,0,0,0,0,0,0,0,0,0,0,0,0,0,0,0,0,0,0,0,0,0,0,0,0,0,0,0,0,0,0,0,0,0,0,0,0,0,0,0,0,0,1162,2168.9,48.4166666666667,90.3708333333334,115,55,7,7
"006","CT","A","S",1,30.1,520,27,8,36,22,42,-63,1.5,1,0,0,30,"2212",1,30,113.3,105.3,95.8,88.4,89.9,101.1,115,122.4,121.4,124,127.3,128.6,126.9,125.8,123.9,114.1,98.1,80.2,60.9,43.9,38.7,36.3,41.5,53.7,70.3,88.4,105,120.9,125.5,125.2,0,0,0,0,0,0,0,0,0,0,0,0,0,0,0,0,0,0,0,0,0,0,0,0,0,0,0,0,0,0,0,0,0,0,0,0,0,0,0,0,0,0,0,0,0,0,0,0,0,0,0,0,0,0,0,0,0,0,0,0,53.8,38.7,21.4,8.2,22.6,41.4,55.5,57.5,53.5,49,42.2,36.9,34.4,38,47.2,57.6,66.2,68.7,69.3,67.4,59.8,60.2,52.4,39.6,23.2,7.3,14.8,31.1,37,35.4,0,0,0,0,0,0,0,0,0,0,0,0,0,0,0,0,0,0,0,0,0,0,0,0,0,0,0,0,0,0,0,0,0,0,0,0,0,0,0,0,0,0,0,0,0,0,0,0,0,0,0,0,0,0,0,0,0,0,0,0,"CUE","O","",2022,6,7,"12/02/09",17.2757475083056,17.4640088593577,17.4640088593577,0,0,0,0,0,0,0,115,122.4,121.4,124,127.3,128.6,126.9,125.8,123.9,114.1,98.1,80.2,60.9,43.9,38.7,36.3,41.5,53.7,70.3,88.4,105,120.9,125.5,125.2,0,0,0,0,0,0,0,0,0,0,0,0,0,0,0,0,0,0,0,0,0,0,0,0,0,0,0,0,0,0,0,0,0,0,0,0,0,0,0,0,0,0,0,0,0,0,0,0,0,0,0,0,0,0,0,0,0,0,0,0,0,0,0,0,0,0,55.5,57.5,53.5,49,42.2,36.9,34.4,38,47.2,57.6,66.2,68.7,69.3,67.4,59.8,60.2,52.4,39.6,23.2,7.3,14.8,31.1,37,35.4,0,0,0,0,0,0,0,0,0,0,0,0,0,0,0,0,0,0,0,0,0,0,0,0,0,0,0,0,0,0,0,0,0,0,0,0,0,0,0,0,0,0,0,0,0,0,0,0,0,0,0,0,0,0,0,0,0,0,0,0,2318,1104.2,96.5833333333333,46.0083333333333,115,55,7,7
"007","CT","A","N",3,5.3,156,21,62,73,26,1,23,1.5,0,0,0,30,"2212",7,5,104.2,82.3,57.6,44.8,24.4,0,0,0,0,0,0,0,0,0,0,0,0,0,0,0,0,0,0,0,0,0,0,0,0,0,0,0,0,0,0,0,0,0,0,0,0,0,0,0,0,0,0,0,0,0,0,0,0,0,0,0,0,0,0,0,0,0,0,0,0,0,0,0,0,0,0,0,0,0,0,0,0,0,0,0,0,0,0,0,0,0,0,0,0,0,65.3,61.2,50.1,51.4,77.8,0,0,0,0,0,0,0,0,0,0,0,0,0,0,0,0,0,0,0,0,0,0,0,0,0,0,0,0,0,0,0,0,0,0,0,0,0,0,0,0,0,0,0,0,0,0,0,0,0,0,0,0,0,0,0,0,0,0,0,0,0,0,0,0,0,0,0,0,0,0,0,0,0,0,0,0,0,0,0,0,0,0,0,0,0,"CUE","O","",2022,1,7,"12/02/09",29.4339622641509,27.8895220888824,27.8895220888824,0,0,0,0,44.8,24.4,0,0,0,0,0,0,0,0,0,0,0,0,0,0,0,0,0,0,0,0,0,0,0,0,0,0,0,0,0,0,0,0,0,0,0,0,0,0,0,0,0,0,0,0,0,0,0,0,0,0,0,0,0,0,0,0,0,0,0,0,0,0,0,0,0,0,0,0,0,0,0,0,0,0,0,0,0,0,0,0,0,0,0,0,0,0,0,0,51.4,77.8,0,0,0,0,0,0,0,0,0,0,0,0,0,0,0,0,0,0,0,0,0,0,0,0,0,0,0,0,0,0,0,0,0,0,0,0,0,0,0,0,0,0,0,0,0,0,0,0,0,0,0,0,0,0,0,0,0,0,0,0,0,0,0,0,0,0,0,0,0,0,0,0,0,0,0,0,0,0,0,0,0,0,0,0,0,69.2,129.2,34.6,64.6,115,55,4,4
"008","CT","A","E",4,4.3,146,9,27,71,23,6,3,1.5,0,1,0,30,"2212",7,4,101,76.9,45,18.9,0,0,0,0,0,0,0,0,0,0,0,0,0,0,0,0,0,0,0,0,0,0,0,0,0,0,0,0,0,0,0,0,0,0,0,0,0,0,0,0,0,0,0,0,0,0,0,0,0,0,0,0,0,0,0,0,0,0,0,0,0,0,0,0,0,0,0,0,0,0,0,0,0,0,0,0,0,0,0,0,0,0,0,0,0,0,54.5,40.2,46.2,75.7,0,0,0,0,0,0,0,0,0,0,0,0,0,0,0,0,0,0,0,0,0,0,0,0,0,0,0,0,0,0,0,0,0,0,0,0,0,0,0,0,0,0,0,0,0,0,0,0,0,0,0,0,0,0,0,0,0,0,0,0,0,0,0,0,0,0,0,0,0,0,0,0,0,0,0,0,0,0,0,0,0,0,0,0,0,0,"CUE","O","",2022,2,7,"12/02/09",33.953488372093,27.8895220888824,27.8895220888824,0,0,0,0,0,0,0,0,0,0,0,0,0,0,0,0,0,0,0,0,0,0,0,0,0,0,0,0,0,0,0,0,0,0,0,0,0,0,0,0,0,0,0,0,0,0,0,0,0,0,0,0,0,0,0,0,0,0,0,0,0,0,0,0,0,0,0,0,0,0,0,0,0,0,0,0,0,0,0,0,0,0,0,0,0,0,0,0,0,0,0,0,0,0,0,0,0,0,0,0,0,0,0,0,0,0,0,0,0,0,0,0,0,0,0,0,0,0,0,0,0,0,0,0,0,0,0,0,0,0,0,0,0,0,0,0,0,0,0,0,0,0,0,0,0,0,0,0,0,0,0,0,0,0,0,0,0,0,0,0,0,0,0,0,0,0,0,0,0,0,0,0,0,0,0,0,0,0,0,0,0,0,0,0,0,115,55,4,4
"009","CT","A","S",4,5.2,134,68,25,66,23,11,67,1.5,1,1,0,30,"2212",7,5,113.1,98.5,76.5,50.2,21.9,0,0,0,0,0,0,0,0,0,0,0,0,0,0,0,0,0,0,0,0,0,0,0,0,0,0,0,0,0,0,0,0,0,0,0,0,0,0,0,0,0,0,0,0,0,0,0,0,0,0,0,0,0,0,0,0,0,0,0,0,0,0,0,0,0,0,0,0,0,0,0,0,0,0,0,0,0,0,0,0,0,0,0,0,0,41.6,17.3,10.7,36.7,65,0,0,0,0,0,0,0,0,0,0,0,0,0,0,0,0,0,0,0,0,0,0,0,0,0,0,0,0,0,0,0,0,0,0,0,0,0,0,0,0,0,0,0,0,0,0,0,0,0,0,0,0,0,0,0,0,0,0,0,0,0,0,0,0,0,0,0,0,0,0,0,0,0,0,0,0,0,0,0,0,0,0,0,0,0,"CUE","O","",2022,3,7,"12/02/09",25.7692307692308,27.8895220888824,27.8895220888824,0,0,0,0,50.2,21.9,0,0,0,0,0,0,0,0,0,0,0,0,0,0,0,0,0,0,0,0,0,0,0,0,0,0,0,0,0,0,0,0,0,0,0,0,0,0,0,0,0,0,0,0,0,0,0,0,0,0,0,0,0,0,0,0,0,0,0,0,0,0,0,0,0,0,0,0,0,0,0,0,0,0,0,0,0,0,0,0,0,0,0,0,0,0,0,0,36.7,65,0,0,0,0,0,0,0,0,0,0,0,0,0,0,0,0,0,0,0,0,0,0,0,0,0,0,0,0,0,0,0,0,0,0,0,0,0,0,0,0,0,0,0,0,0,0,0,0,0,0,0,0,0,0,0,0,0,0,0,0,0,0,0,0,0,0,0,0,0,0,0,0,0,0,0,0,0,0,0,0,0,0,0,0,0,72.1,101.7,36.05,50.85,115,55,4,4
"010","CT","A","E",3,6,146,0,11,71,25,4,31,1.5,0,0,0,30,"2212",7,5,112.2,97.6,73.2,43.9,24.6,0,0,0,0,0,0,0,0,0,0,0,0,0,0,0,0,0,0,0,0,0,0,0,0,0,0,0,0,0,0,0,0,0,0,0,0,0,0,0,0,0,0,0,0,0,0,0,0,0,0,0,0,0,0,0,0,0,0,0,0,0,0,0,0,0,0,0,0,0,0,0,0,0,0,0,0,0,0,0,0,0,0,0,0,0,36.7,20.4,24.3,51.1,77.4,0,0,0,0,0,0,0,0,0,0,0,0,0,0,0,0,0,0,0,0,0,0,0,0,0,0,0,0,0,0,0,0,0,0,0,0,0,0,0,0,0,0,0,0,0,0,0,0,0,0,0,0,0,0,0,0,0,0,0,0,0,0,0,0,0,0,0,0,0,0,0,0,0,0,0,0,0,0,0,0,0,0,0,0,0,"CUE","O","",2022,4,7,"12/02/09",24.3333333333333,27.8895220888824,27.8895220888824,0,0,0,0,43.9,24.6,0,0,0,0,0,0,0,0,0,0,0,0,0,0,0,0,0,0,0,0,0,0,0,0,0,0,0,0,0,0,0,0,0,0,0,0,0,0,0,0,0,0,0,0,0,0,0,0,0,0,0,0,0,0,0,0,0,0,0,0,0,0,0,0,0,0,0,0,0,0,0,0,0,0,0,0,0,0,0,0,0,0,0,0,0,0,0,0,51.1,77.4,0,0,0,0,0,0,0,0,0,0,0,0,0,0,0,0,0,0,0,0,0,0,0,0,0,0,0,0,0,0,0,0,0,0,0,0,0,0,0,0,0,0,0,0,0,0,0,0,0,0,0,0,0,0,0,0,0,0,0,0,0,0,0,0,0,0,0,0,0,0,0,0,0,0,0,0,0,0,0,0,0,0,0,0,0,68.5,128.5,34.25,64.25,115,55,4,4
"011","CT","A","W",2,3.8,106,13,1,51,37,12,23,1.5,1,0,0,30,"2212",7,3,105.5,86.7,51.4,0,0,0,0,0,0,0,0,0,0,0,0,0,0,0,0,0,0,0,0,0,0,0,0,0,0,0,0,0,0,0,0,0,0,0,0,0,0,0,0,0,0,0,0,0,0,0,0,0,0,0,0,0,0,0,0,0,0,0,0,0,0,0,0,0,0,0,0,0,0,0,0,0,0,0,0,0,0,0,0,0,0,0,0,0,0,0,58.9,57.7,61.8,0,0,0,0,0,0,0,0,0,0,0,0,0,0,0,0,0,0,0,0,0,0,0,0,0,0,0,0,0,0,0,0,0,0,0,0,0,0,0,0,0,0,0,0,0,0,0,0,0,0,0,0,0,0,0,0,0,0,0,0,0,0,0,0,0,0,0,0,0,0,0,0,0,0,0,0,0,0,0,0,0,0,0,0,0,0,0,"CUE","O","",2022,5,7,"12/02/09",27.8947368421053,27.8895220888824,27.8895220888824,0,0,0,0,0,0,0,0,0,0,0,0,0,0,0,0,0,0,0,0,0,0,0,0,0,0,0,0,0,0,0,0,0,0,0,0,0,0,0,0,0,0,0,0,0,0,0,0,0,0,0,0,0,0,0,0,0,0,0,0,0,0,0,0,0,0,0,0,0,0,0,0,0,0,0,0,0,0,0,0,0,0,0,0,0,0,0,0,0,0,0,0,0,0,0,0,0,0,0,0,0,0,0,0,0,0,0,0,0,0,0,0,0,0,0,0,0,0,0,0,0,0,0,0,0,0,0,0,0,0,0,0,0,0,0,0,0,0,0,0,0,0,0,0,0,0,0,0,0,0,0,0,0,0,0,0,0,0,0,0,0,0,0,0,0,0,0,0,0,0,0,0,0,0,0,0,0,0,0,0,0,0,0,0,0,115,55,4,4
"012","CT","A","S",1,4.2,109,75,4,63,26,11,23,1.5,1,0,0,30,"2212",7,4,101.1,77.2,49.9,20.8,0,0,0,0,0,0,0,0,0,0,0,0,0,0,0,0,0,0,0,0,0,0,0,0,0,0,0,0,0,0,0,0,0,0,0,0,0,0,0,0,0,0,0,0,0,0,0,0,0,0,0,0,0,0,0,0,0,0,0,0,0,0,0,0,0,0,0,0,0,0,0,0,0,0,0,0,0,0,0,0,0,0,0,0,0,0,64.9,60.2,61.2,75,0,0,0,0,0,0,0,0,0,0,0,0,0,0,0,0,0,0,0,0,0,0,0,0,0,0,0,0,0,0,0,0,0,0,0,0,0,0,0,0,0,0,0,0,0,0,0,0,0,0,0,0,0,0,0,0,0,0,0,0,0,0,0,0,0,0,0,0,0,0,0,0,0,0,0,0,0,0,0,0,0,0,0,0,0,0,"CUE","O","",2022,6,7,"12/02/09",25.952380952381,27.8895220888824,27.8895220888824,0,0,0,0,0,0,0,0,0,0,0,0,0,0,0,0,0,0,0,0,0,0,0,0,0,0,0,0,0,0,0,0,0,0,0,0,0,0,0,0,0,0,0,0,0,0,0,0,0,0,0,0,0,0,0,0,0,0,0,0,0,0,0,0,0,0,0,0,0,0,0,0,0,0,0,0,0,0,0,0,0,0,0,0,0,0,0,0,0,0,0,0,0,0,0,0,0,0,0,0,0,0,0,0,0,0,0,0,0,0,0,0,0,0,0,0,0,0,0,0,0,0,0,0,0,0,0,0,0,0,0,0,0,0,0,0,0,0,0,0,0,0,0,0,0,0,0,0,0,0,0,0,0,0,0,0,0,0,0,0,0,0,0,0,0,0,0,0,0,0,0,0,0,0,0,0,0,0,0,0,0,0,0,0,0,115,55,4,4
"019","CT","A","N",3,8.5,231,23,3,53,46,1,-15,1.5,1,0,0,30,"2212",9,8,109.9,93.8,82.9,86.9,94.5,96.2,83.8,39.4,0,0,0,0,0,0,0,0,0,0,0,0,0,0,0,0,0,0,0,0,0,0,0,0,0,0,0,0,0,0,0,0,0,0,0,0,0,0,0,0,0,0,0,0,0,0,0,0,0,0,0,0,0,0,0,0,0,0,0,0,0,0,0,0,0,0,0,0,0,0,0,0,0,0,0,0,0,0,0,0,0,0,52.9,45.4,26.7,10.5,10.3,33.7,53.9,74.4,0,0,0,0,0,0,0,0,0,0,0,0,0,0,0,0,0,0,0,0,0,0,0,0,0,0,0,0,0,0,0,0,0,0,0,0,0,0,0,0,0,0,0,0,0,0,0,0,0,0,0,0,0,0,0,0,0,0,0,0,0,0,0,0,0,0,0,0,0,0,0,0,0,0,0,0,0,0,0,0,0,0,"CUE","O","",2022,1,7,"12/02/09",27.1764705882353,25.422201040275,25.422201040275,0,0,0,0,0,94.5,96.2,83.8,39.4,0,0,0,0,0,0,0,0,0,0,0,0,0,0,0,0,0,0,0,0,0,0,0,0,0,0,0,0,0,0,0,0,0,0,0,0,0,0,0,0,0,0,0,0,0,0,0,0,0,0,0,0,0,0,0,0,0,0,0,0,0,0,0,0,0,0,0,0,0,0,0,0,0,0,0,0,0,0,0,0,0,0,0,0,0,0,10.3,33.7,53.9,74.4,0,0,0,0,0,0,0,0,0,0,0,0,0,0,0,0,0,0,0,0,0,0,0,0,0,0,0,0,0,0,0,0,0,0,0,0,0,0,0,0,0,0,0,0,0,0,0,0,0,0,0,0,0,0,0,0,0,0,0,0,0,0,0,0,0,0,0,0,0,0,0,0,0,0,0,0,0,0,0,0,0,0,313.9,172.3,78.475,43.075,115,55,5,5
"020","CT","A","E",4,3.7,101,0,23,66,27,7,6,1.5,0,0,0,30,"2212",9,3,101.5,76.1,49.2,0,0,0,0,0,0,0,0,0,0,0,0,0,0,0,0,0,0,0,0,0,0,0,0,0,0,0,0,0,0,0,0,0,0,0,0,0,0,0,0,0,0,0,0,0,0,0,0,0,0,0,0,0,0,0,0,0,0,0,0,0,0,0,0,0,0,0,0,0,0,0,0,0,0,0,0,0,0,0,0,0,0,0,0,0,0,0,56,49.3,50.2,0,0,0,0,0,0,0,0,0,0,0,0,0,0,0,0,0,0,0,0,0,0,0,0,0,0,0,0,0,0,0,0,0,0,0,0,0,0,0,0,0,0,0,0,0,0,0,0,0,0,0,0,0,0,0,0,0,0,0,0,0,0,0,0,0,0,0,0,0,0,0,0,0,0,0,0,0,0,0,0,0,0,0,0,0,0,0,"CUE","O","",2022,2,7,"12/02/09",27.2972972972973,25.422201040275,25.422201040275,0,0,0,0,0,0,0,0,0,0,0,0,0,0,0,0,0,0,0,0,0,0,0,0,0,0,0,0,0,0,0,0,0,0,0,0,0,0,0,0,0,0,0,0,0,0,0,0,0,0,0,0,0,0,0,0,0,0,0,0,0,0,0,0,0,0,0,0,0,0,0,0,0,0,0,0,0,0,0,0,0,0,0,0,0,0,0,0,0,0,0,0,0,0,0,0,0,0,0,0,0,0,0,0,0,0,0,0,0,0,0,0,0,0,0,0,0,0,0,0,0,0,0,0,0,0,0,0,0,0,0,0,0,0,0,0,0,0,0,0,0,0,0,0,0,0,0,0,0,0,0,0,0,0,0,0,0,0,0,0,0,0,0,0,0,0,0,0,0,0,0,0,0,0,0,0,0,0,0,0,0,0,0,0,0,115,55,5,4
"021","CT","A","S",4,4.2,103,0,22,70,24,6,2,1.5,0,2,0,30,"2212",9,4,99.7,73.2,44.5,18.1,0,0,0,0,0,0,0,0,0,0,0,0,0,0,0,0,0,0,0,0,0,0,0,0,0,0,0,0,0,0,0,0,0,0,0,0,0,0,0,0,0,0,0,0,0,0,0,0,0,0,0,0,0,0,0,0,0,0,0,0,0,0,0,0,0,0,0,0,0,0,0,0,0,0,0,0,0,0,0,0,0,0,0,0,0,0,52,48.7,62.2,77.1,0,0,0,0,0,0,0,0,0,0,0,0,0,0,0,0,0,0,0,0,0,0,0,0,0,0,0,0,0,0,0,0,0,0,0,0,0,0,0,0,0,0,0,0,0,0,0,0,0,0,0,0,0,0,0,0,0,0,0,0,0,0,0,0,0,0,0,0,0,0,0,0,0,0,0,0,0,0,0,0,0,0,0,0,0,0,"CUE","O","",2022,3,7,"12/02/09",24.5238095238095,25.422201040275,25.422201040275,0,0,0,0,0,0,0,0,0,0,0,0,0,0,0,0,0,0,0,0,0,0,0,0,0,0,0,0,0,0,0,0,0,0,0,0,0,0,0,0,0,0,0,0,0,0,0,0,0,0,0,0,0,0,0,0,0,0,0,0,0,0,0,0,0,0,0,0,0,0,0,0,0,0,0,0,0,0,0,0,0,0,0,0,0,0,0,0,0,0,0,0,0,0,0,0,0,0,0,0,0,0,0,0,0,0,0,0,0,0,0,0,0,0,0,0,0,0,0,0,0,0,0,0,0,0,0,0,0,0,0,0,0,0,0,0,0,0,0,0,0,0,0,0,0,0,0,0,0,0,0,0,0,0,0,0,0,0,0,0,0,0,0,0,0,0,0,0,0,0,0,0,0,0,0,0,0,0,0,0,0,0,0,0,0,115,55,5,4
"022","CT","A","E",3,16.9,392,13,44,45,39,16,54,1.5,0,2,0,30,"2212",9,16,119.1,106.1,89.7,74,59,58.8,71.9,73.1,67.1,55,49.3,43.7,40.1,49.4,54.8,39.6,0,0,0,0,0,0,0,0,0,0,0,0,0,0,0,0,0,0,0,0,0,0,0,0,0,0,0,0,0,0,0,0,0,0,0,0,0,0,0,0,0,0,0,0,0,0,0,0,0,0,0,0,0,0,0,0,0,0,0,0,0,0,0,0,0,0,0,0,0,0,0,0,0,0,42,17.9,11.1,35.8,62,96.6,105.6,97.3,85.1,67.3,48.5,55.5,80.2,107,118.8,115.3,0,0,0,0,0,0,0,0,0,0,0,0,0,0,0,0,0,0,0,0,0,0,0,0,0,0,0,0,0,0,0,0,0,0,0,0,0,0,0,0,0,0,0,0,0,0,0,0,0,0,0,0,0,0,0,0,0,0,0,0,0,0,0,0,0,0,0,0,0,0,0,0,0,0,"CUE","O","",2022,4,7,"12/02/09",23.1952662721894,25.422201040275,25.422201040275,0,0,0,0,0,59,58.8,71.9,73.1,67.1,55,49.3,43.7,40.1,49.4,54.8,39.6,0,0,0,0,0,0,0,0,0,0,0,0,0,0,0,0,0,0,0,0,0,0,0,0,0,0,0,0,0,0,0,0,0,0,0,0,0,0,0,0,0,0,0,0,0,0,0,0,0,0,0,0,0,0,0,0,0,0,0,0,0,0,0,0,0,0,0,0,0,0,0,0,0,0,0,0,0,0,62,96.6,105.6,97.3,85.1,67.3,48.5,55.5,80.2,107,118.8,115.3,0,0,0,0,0,0,0,0,0,0,0,0,0,0,0,0,0,0,0,0,0,0,0,0,0,0,0,0,0,0,0,0,0,0,0,0,0,0,0,0,0,0,0,0,0,0,0,0,0,0,0,0,0,0,0,0,0,0,0,0,0,0,0,0,0,0,0,0,0,0,0,0,0,0,661.8,1039.2,55.15,86.6,115,55,5,5
"023","CT","A","W",2,5.3,113,21,68,65,30,5,53,1.5,0,0,0,30,"2212",9,5,106.4,97.9,79.5,58.9,32.3,0,0,0,0,0,0,0,0,0,0,0,0,0,0,0,0,0,0,0,0,0,0,0,0,0,0,0,0,0,0,0,0,0,0,0,0,0,0,0,0,0,0,0,0,0,0,0,0,0,0,0,0,0,0,0,0,0,0,0,0,0,0,0,0,0,0,0,0,0,0,0,0,0,0,0,0,0,0,0,0,0,0,0,0,0,51.3,30.3,16.2,28.5,54.4,0,0,0,0,0,0,0,0,0,0,0,0,0,0,0,0,0,0,0,0,0,0,0,0,0,0,0,0,0,0,0,0,0,0,0,0,0,0,0,0,0,0,0,0,0,0,0,0,0,0,0,0,0,0,0,0,0,0,0,0,0,0,0,0,0,0,0,0,0,0,0,0,0,0,0,0,0,0,0,0,0,0,0,0,0,"CUE","O","",2022,5,7,"12/02/09",21.3207547169811,25.422201040275,25.422201040275,0,0,0,0,0,0,0,0,0,0,0,0,0,0,0,0,0,0,0,0,0,0,0,0,0,0,0,0,0,0,0,0,0,0,0,0,0,0,0,0,0,0,0,0,0,0,0,0,0,0,0,0,0,0,0,0,0,0,0,0,0,0,0,0,0,0,0,0,0,0,0,0,0,0,0,0,0,0,0,0,0,0,0,0,0,0,0,0,0,0,0,0,0,0,0,0,0,0,0,0,0,0,0,0,0,0,0,0,0,0,0,0,0,0,0,0,0,0,0,0,0,0,0,0,0,0,0,0,0,0,0,0,0,0,0,0,0,0,0,0,0,0,0,0,0,0,0,0,0,0,0,0,0,0,0,0,0,0,0,0,0,0,0,0,0,0,0,0,0,0,0,0,0,0,0,0,0,0,0,0,0,0,0,0,0,115,55,5,5
"024","CT","A","S",1,5.1,148,0,10,72,22,6,-69,1.5,0,0,0,30,"2212",9,5,110.4,98.1,75.3,46.7,15.8,0,0,0,0,0,0,0,0,0,0,0,0,0,0,0,0,0,0,0,0,0,0,0,0,0,0,0,0,0,0,0,0,0,0,0,0,0,0,0,0,0,0,0,0,0,0,0,0,0,0,0,0,0,0,0,0,0,0,0,0,0,0,0,0,0,0,0,0,0,0,0,0,0,0,0,0,0,0,0,0,0,0,0,0,0,42.6,11,19.5,48.8,79.2,0,0,0,0,0,0,0,0,0,0,0,0,0,0,0,0,0,0,0,0,0,0,0,0,0,0,0,0,0,0,0,0,0,0,0,0,0,0,0,0,0,0,0,0,0,0,0,0,0,0,0,0,0,0,0,0,0,0,0,0,0,0,0,0,0,0,0,0,0,0,0,0,0,0,0,0,0,0,0,0,0,0,0,0,0,"CUE","O","",2022,6,7,"12/02/09",29.0196078431373,25.422201040275,25.422201040275,0,0,0,0,0,0,0,0,0,0,0,0,0,0,0,0,0,0,0,0,0,0,0,0,0,0,0,0,0,0,0,0,0,0,0,0,0,0,0,0,0,0,0,0,0,0,0,0,0,0,0,0,0,0,0,0,0,0,0,0,0,0,0,0,0,0,0,0,0,0,0,0,0,0,0,0,0,0,0,0,0,0,0,0,0,0,0,0,0,0,0,0,0,0,0,0,0,0,0,0,0,0,0,0,0,0,0,0,0,0,0,0,0,0,0,0,0,0,0,0,0,0,0,0,0,0,0,0,0,0,0,0,0,0,0,0,0,0,0,0,0,0,0,0,0,0,0,0,0,0,0,0,0,0,0,0,0,0,0,0,0,0,0,0,0,0,0,0,0,0,0,0,0,0,0,0,0,0,0,0,0,0,0,0,0,115,55,5,5
"025","CT","A","N",3,18,252,44,13,78,20,2,-22,1.5,2,0,0,30,"2212",10,17,110.3,108.9,99.5,88.9,80.5,70.8,66.6,66.1,70.7,78.2,74.5,80.7,88.6,80.5,67.1,52,37.5,0,0,0,0,0,0,0,0,0,0,0,0,0,0,0,0,0,0,0,0,0,0,0,0,0,0,0,0,0,0,0,0,0,0,0,0,0,0,0,0,0,0,0,0,0,0,0,0,0,0,0,0,0,0,0,0,0,0,0,0,0,0,0,0,0,0,0,0,0,0,0,0,0,58.3,56.3,50.9,43,36.8,30.6,28,28.5,30.9,31.4,34.2,33.9,40.4,44.5,49.2,59.1,70.2,0,0,0,0,0,0,0,0,0,0,0,0,0,0,0,0,0,0,0,0,0,0,0,0,0,0,0,0,0,0,0,0,0,0,0,0,0,0,0,0,0,0,0,0,0,0,0,0,0,0,0,0,0,0,0,0,0,0,0,0,0,0,0,0,0,0,0,0,0,0,0,0,0,"CUE","O","",2022,1,7,"12/02/09",14,15.925451746707,15.925451746707,0,0,0,0,0,0,0,66.6,66.1,70.7,78.2,74.5,80.7,88.6,80.5,67.1,52,37.5,0,0,0,0,0,0,0,0,0,0,0,0,0,0,0,0,0,0,0,0,0,0,0,0,0,0,0,0,0,0,0,0,0,0,0,0,0,0,0,0,0,0,0,0,0,0,0,0,0,0,0,0,0,0,0,0,0,0,0,0,0,0,0,0,0,0,0,0,0,0,0,0,0,0,0,0,0,0,0,28,28.5,30.9,31.4,34.2,33.9,40.4,44.5,49.2,59.1,70.2,0,0,0,0,0,0,0,0,0,0,0,0,0,0,0,0,0,0,0,0,0,0,0,0,0,0,0,0,0,0,0,0,0,0,0,0,0,0,0,0,0,0,0,0,0,0,0,0,0,0,0,0,0,0,0,0,0,0,0,0,0,0,0,0,0,0,0,0,0,0,0,0,0,762.5,450.3,69.3181818181818,40.9363636363636,115,55,7,7
"026","CT","A","E",4,29.7,501,79,8,37,43,20,-54,1.5,0,0,0,30,"2212",10,29,114.8,105,99.9,98.3,103.2,110.4,107.7,98.6,92.8,90.1,81.3,74,73.1,72.8,80.9,94.2,103.9,124.1,124,120.4,118.9,116,113.8,101.2,83.4,68.1,52.8,37,26.4,0,0,0,0,0,0,0,0,0,0,0,0,0,0,0,0,0,0,0,0,0,0,0,0,0,0,0,0,0,0,0,0,0,0,0,0,0,0,0,0,0,0,0,0,0,0,0,0,0,0,0,0,0,0,0,0,0,0,0,0,0,53.3,32.4,16.7,16.9,38.8,54.9,47.1,44.7,42.5,37.4,31.5,23.4,16.1,15.2,17.3,32,41.2,59.2,57.4,54.5,44.3,33.1,27.6,28.7,34.2,44.1,53.4,62.1,65.5,0,0,0,0,0,0,0,0,0,0,0,0,0,0,0,0,0,0,0,0,0,0,0,0,0,0,0,0,0,0,0,0,0,0,0,0,0,0,0,0,0,0,0,0,0,0,0,0,0,0,0,0,0,0,0,0,0,0,0,0,0,"CUE","O","",2022,2,7,"12/02/09",16.8686868686869,15.925451746707,15.925451746707,0,0,0,0,0,0,0,107.7,98.6,92.8,90.1,81.3,74,73.1,72.8,80.9,94.2,103.9,124.1,124,120.4,118.9,116,113.8,101.2,83.4,68.1,52.8,37,26.4,0,0,0,0,0,0,0,0,0,0,0,0,0,0,0,0,0,0,0,0,0,0,0,0,0,0,0,0,0,0,0,0,0,0,0,0,0,0,0,0,0,0,0,0,0,0,0,0,0,0,0,0,0,0,0,0,0,0,0,0,0,0,0,0,0,0,0,47.1,44.7,42.5,37.4,31.5,23.4,16.1,15.2,17.3,32,41.2,59.2,57.4,54.5,44.3,33.1,27.6,28.7,34.2,44.1,53.4,62.1,65.5,0,0,0,0,0,0,0,0,0,0,0,0,0,0,0,0,0,0,0,0,0,0,0,0,0,0,0,0,0,0,0,0,0,0,0,0,0,0,0,0,0,0,0,0,0,0,0,0,0,0,0,0,0,0,0,0,0,0,0,0,0,2055.5,912.5,89.3695652173913,39.6739130434783,115,55,7,7
"027","CT","A","S",4,26.6,398,35,13,31,39,30,-17,1.5,0,0,0,30,"2212",10,26,109.6,99.4,91.1,85.5,87.3,89,102.5,118.9,123.1,115,101,89.1,76.4,64.5,59.1,60.4,60,67.1,77.9,79.3,69.8,64.3,62.4,49.9,40,26.6,0,0,0,0,0,0,0,0,0,0,0,0,0,0,0,0,0,0,0,0,0,0,0,0,0,0,0,0,0,0,0,0,0,0,0,0,0,0,0,0,0,0,0,0,0,0,0,0,0,0,0,0,0,0,0,0,0,0,0,0,0,0,0,0,54.8,52.4,48.6,44.8,40,46,36.9,37.6,37,29,16.4,11.4,19,28.2,34,32.3,42.7,63.7,91.9,104.2,103.9,110.2,114,109.1,100.7,89.6,0,0,0,0,0,0,0,0,0,0,0,0,0,0,0,0,0,0,0,0,0,0,0,0,0,0,0,0,0,0,0,0,0,0,0,0,0,0,0,0,0,0,0,0,0,0,0,0,0,0,0,0,0,0,0,0,0,0,0,0,0,0,0,0,"CUE","O","",2022,3,7,"12/02/09",14.9624060150376,15.925451746707,15.925451746707,0,0,0,0,0,0,0,102.5,118.9,123.1,115,101,89.1,76.4,64.5,59.1,60.4,60,67.1,77.9,79.3,69.8,64.3,62.4,49.9,40,26.6,0,0,0,0,0,0,0,0,0,0,0,0,0,0,0,0,0,0,0,0,0,0,0,0,0,0,0,0,0,0,0,0,0,0,0,0,0,0,0,0,0,0,0,0,0,0,0,0,0,0,0,0,0,0,0,0,0,0,0,0,0,0,0,0,0,0,0,0,0,0,36.9,37.6,37,29,16.4,11.4,19,28.2,34,32.3,42.7,63.7,91.9,104.2,103.9,110.2,114,109.1,100.7,89.6,0,0,0,0,0,0,0,0,0,0,0,0,0,0,0,0,0,0,0,0,0,0,0,0,0,0,0,0,0,0,0,0,0,0,0,0,0,0,0,0,0,0,0,0,0,0,0,0,0,0,0,0,0,0,0,0,0,0,0,0,0,0,0,0,1507.3,1211.8,75.365,60.59,115,55,7,7
"028","CT","A","E",3,30.1,433,79,4,1,63,36,-5,1.5,0,0,0,30,"2212",10,30,116.9,116.8,107.2,93.8,83.2,73,68.7,72.8,68.7,58.9,53.2,48.5,41,43.5,45.7,56.2,66.2,66.5,72.8,83.9,88.1,82.3,77.1,78.2,87.2,98.6,118.9,117.1,108.5,106.5,0,0,0,0,0,0,0,0,0,0,0,0,0,0,0,0,0,0,0,0,0,0,0,0,0,0,0,0,0,0,0,0,0,0,0,0,0,0,0,0,0,0,0,0,0,0,0,0,0,0,0,0,0,0,0,0,0,0,0,0,45.2,44.5,42.3,52.1,70.4,90.3,104.7,104.9,96.6,95,93.7,94.8,93,95.6,98.3,105.2,112.5,106.8,102.2,96.7,87.8,80,73.1,59.9,50.1,49.7,57,50.2,42.9,40.4,0,0,0,0,0,0,0,0,0,0,0,0,0,0,0,0,0,0,0,0,0,0,0,0,0,0,0,0,0,0,0,0,0,0,0,0,0,0,0,0,0,0,0,0,0,0,0,0,0,0,0,0,0,0,0,0,0,0,0,0,"CUE","O","",2022,4,7,"12/02/09",14.3853820598007,15.925451746707,15.925451746707,0,0,0,0,0,0,0,68.7,72.8,68.7,58.9,53.2,48.5,41,43.5,45.7,56.2,66.2,66.5,72.8,83.9,88.1,82.3,77.1,78.2,87.2,98.6,118.9,117.1,108.5,106.5,0,0,0,0,0,0,0,0,0,0,0,0,0,0,0,0,0,0,0,0,0,0,0,0,0,0,0,0,0,0,0,0,0,0,0,0,0,0,0,0,0,0,0,0,0,0,0,0,0,0,0,0,0,0,0,0,0,0,0,0,0,0,0,0,0,0,104.7,104.9,96.6,95,93.7,94.8,93,95.6,98.3,105.2,112.5,106.8,102.2,96.7,87.8,80,73.1,59.9,50.1,49.7,57,50.2,42.9,40.4,0,0,0,0,0,0,0,0,0,0,0,0,0,0,0,0,0,0,0,0,0,0,0,0,0,0,0,0,0,0,0,0,0,0,0,0,0,0,0,0,0,0,0,0,0,0,0,0,0,0,0,0,0,0,0,0,0,0,0,0,1809.1,1991.1,75.3791666666667,82.9625,115,55,7,7
"029","CT","A","W",2,14.5,285,59,13,15,66,19,-111,1.5,0,0,0,30,"2212",10,14,106.8,104,99.6,81.8,61.5,44.4,32.8,30.9,27.4,30.2,40.8,44.1,32.8,31.1,0,0,0,0,0,0,0,0,0,0,0,0,0,0,0,0,0,0,0,0,0,0,0,0,0,0,0,0,0,0,0,0,0,0,0,0,0,0,0,0,0,0,0,0,0,0,0,0,0,0,0,0,0,0,0,0,0,0,0,0,0,0,0,0,0,0,0,0,0,0,0,0,0,0,0,0,49.4,42.7,41.5,45.3,60.3,82.4,107.6,113.9,112.9,116.7,126.5,126.2,112.5,109.4,0,0,0,0,0,0,0,0,0,0,0,0,0,0,0,0,0,0,0,0,0,0,0,0,0,0,0,0,0,0,0,0,0,0,0,0,0,0,0,0,0,0,0,0,0,0,0,0,0,0,0,0,0,0,0,0,0,0,0,0,0,0,0,0,0,0,0,0,0,0,0,0,0,0,0,0,"CUE","O","",2022,5,7,"12/02/09",19.6551724137931,15.925451746707,15.925451746707,0,0,0,0,0,0,0,32.8,30.9,27.4,30.2,40.8,44.1,32.8,31.1,0,0,0,0,0,0,0,0,0,0,0,0,0,0,0,0,0,0,0,0,0,0,0,0,0,0,0,0,0,0,0,0,0,0,0,0,0,0,0,0,0,0,0,0,0,0,0,0,0,0,0,0,0,0,0,0,0,0,0,0,0,0,0,0,0,0,0,0,0,0,0,0,0,0,0,0,0,0,0,0,0,0,107.6,113.9,112.9,116.7,126.5,126.2,112.5,109.4,0,0,0,0,0,0,0,0,0,0,0,0,0,0,0,0,0,0,0,0,0,0,0,0,0,0,0,0,0,0,0,0,0,0,0,0,0,0,0,0,0,0,0,0,0,0,0,0,0,0,0,0,0,0,0,0,0,0,0,0,0,0,0,0,0,0,0,0,0,0,0,0,0,0,0,0,270.1,925.7,33.7625,115.7125,115,55,7,7
"030","CT","A","S",1,30.1,472,70,2,22,45,33,44,1.5,3,0,0,30,"2212",10,30,116.8,112,102,103,99.7,99.8,102.8,107.4,110,110.8,110.3,111,116.1,126.1,120.4,106.8,92.6,81.1,71.5,71.5,87,91.4,80.3,69.4,63.7,62.1,69.2,84.8,99.9,96.6,0,0,0,0,0,0,0,0,0,0,0,0,0,0,0,0,0,0,0,0,0,0,0,0,0,0,0,0,0,0,0,0,0,0,0,0,0,0,0,0,0,0,0,0,0,0,0,0,0,0,0,0,0,0,0,0,0,0,0,0,59.8,60.5,59.1,53.9,51.3,50.2,53.9,55,56.4,60,66.9,60,45.1,38,27.5,15.2,13.4,26.4,48.2,69.5,91,97.4,94.1,85.5,78.9,77.5,62.6,44.5,22.8,9.8,0,0,0,0,0,0,0,0,0,0,0,0,0,0,0,0,0,0,0,0,0,0,0,0,0,0,0,0,0,0,0,0,0,0,0,0,0,0,0,0,0,0,0,0,0,0,0,0,0,0,0,0,0,0,0,0,0,0,0,0,"CUE","O","",2022,6,7,"12/02/09",15.6810631229236,15.925451746707,15.925451746707,0,0,0,0,0,0,0,102.8,107.4,110,110.8,110.3,111,116.1,126.1,120.4,106.8,92.6,81.1,71.5,71.5,87,91.4,80.3,69.4,63.7,62.1,69.2,84.8,99.9,96.6,0,0,0,0,0,0,0,0,0,0,0,0,0,0,0,0,0,0,0,0,0,0,0,0,0,0,0,0,0,0,0,0,0,0,0,0,0,0,0,0,0,0,0,0,0,0,0,0,0,0,0,0,0,0,0,0,0,0,0,0,0,0,0,0,0,0,53.9,55,56.4,60,66.9,60,45.1,38,27.5,15.2,13.4,26.4,48.2,69.5,91,97.4,94.1,85.5,78.9,77.5,62.6,44.5,22.8,9.8,0,0,0,0,0,0,0,0,0,0,0,0,0,0,0,0,0,0,0,0,0,0,0,0,0,0,0,0,0,0,0,0,0,0,0,0,0,0,0,0,0,0,0,0,0,0,0,0,0,0,0,0,0,0,0,0,0,0,0,0,2242.8,1299.6,93.45,54.15,115,55,7,7
"037","CT","A","N",3,8.4,194,28,4,63,36,1,-17,1.5,1,0,0,30,"2212",13,8,109.6,95.1,82.9,74.1,62.6,55.2,35.8,18,0,0,0,0,0,0,0,0,0,0,0,0,0,0,0,0,0,0,0,0,0,0,0,0,0,0,0,0,0,0,0,0,0,0,0,0,0,0,0,0,0,0,0,0,0,0,0,0,0,0,0,0,0,0,0,0,0,0,0,0,0,0,0,0,0,0,0,0,0,0,0,0,0,0,0,0,0,0,0,0,0,0,54.5,45,27,20.8,41.9,66.6,92,103.8,0,0,0,0,0,0,0,0,0,0,0,0,0,0,0,0,0,0,0,0,0,0,0,0,0,0,0,0,0,0,0,0,0,0,0,0,0,0,0,0,0,0,0,0,0,0,0,0,0,0,0,0,0,0,0,0,0,0,0,0,0,0,0,0,0,0,0,0,0,0,0,0,0,0,0,0,0,0,0,0,0,0,"CUE","O","",2022,1,7,"12/02/09",23.0952380952381,20.7138696038131,20.7138696038131,0,0,0,0,0,0,55.2,35.8,18,0,0,0,0,0,0,0,0,0,0,0,0,0,0,0,0,0,0,0,0,0,0,0,0,0,0,0,0,0,0,0,0,0,0,0,0,0,0,0,0,0,0,0,0,0,0,0,0,0,0,0,0,0,0,0,0,0,0,0,0,0,0,0,0,0,0,0,0,0,0,0,0,0,0,0,0,0,0,0,0,0,0,0,0,0,0,0,66.6,92,103.8,0,0,0,0,0,0,0,0,0,0,0,0,0,0,0,0,0,0,0,0,0,0,0,0,0,0,0,0,0,0,0,0,0,0,0,0,0,0,0,0,0,0,0,0,0,0,0,0,0,0,0,0,0,0,0,0,0,0,0,0,0,0,0,0,0,0,0,0,0,0,0,0,0,0,0,0,0,0,0,0,0,0,109,262.4,36.3333333333333,87.4666666666667,115,55,6,6
"038","CT","A","E",4,30.1,640,32,17,72,8,20,-78,1.5,1,0,0,30,"2212",13,30,119.3,122.6,117.5,118.5,122.5,120,98.9,76,57.6,42.5,40.7,44.7,61.9,71.4,76.4,64.4,46.2,36.6,39.4,43.8,57,72.8,68.7,41.6,25.9,32.4,41.1,63.5,95.2,105.2,0,0,0,0,0,0,0,0,0,0,0,0,0,0,0,0,0,0,0,0,0,0,0,0,0,0,0,0,0,0,0,0,0,0,0,0,0,0,0,0,0,0,0,0,0,0,0,0,0,0,0,0,0,0,0,0,0,0,0,0,61.4,64.2,58.5,54.1,48.3,36.5,20.5,30.7,46.3,47.4,46.4,43.6,28.7,16.8,30.8,49.6,55.7,53.6,48.4,47,37.8,22.2,20.2,47.7,61.2,57.7,53.4,39.2,44.7,62.2,0,0,0,0,0,0,0,0,0,0,0,0,0,0,0,0,0,0,0,0,0,0,0,0,0,0,0,0,0,0,0,0,0,0,0,0,0,0,0,0,0,0,0,0,0,0,0,0,0,0,0,0,0,0,0,0,0,0,0,0,"CUE","O","",2022,2,7,"12/02/09",21.2624584717608,20.7138696038131,20.7138696038131,0,0,0,0,0,0,120,98.9,76,57.6,42.5,40.7,44.7,61.9,71.4,76.4,64.4,46.2,36.6,39.4,43.8,57,72.8,68.7,41.6,25.9,32.4,41.1,63.5,95.2,105.2,0,0,0,0,0,0,0,0,0,0,0,0,0,0,0,0,0,0,0,0,0,0,0,0,0,0,0,0,0,0,0,0,0,0,0,0,0,0,0,0,0,0,0,0,0,0,0,0,0,0,0,0,0,0,0,0,0,0,0,0,0,0,0,0,0,36.5,20.5,30.7,46.3,47.4,46.4,43.6,28.7,16.8,30.8,49.6,55.7,53.6,48.4,47,37.8,22.2,20.2,47.7,61.2,57.7,53.4,39.2,44.7,62.2,0,0,0,0,0,0,0,0,0,0,0,0,0,0,0,0,0,0,0,0,0,0,0,0,0,0,0,0,0,0,0,0,0,0,0,0,0,0,0,0,0,0,0,0,0,0,0,0,0,0,0,0,0,0,0,0,0,0,0,0,1523.9,1048.3,60.956,41.932,115,55,6,6
"039","CT","A","S",4,6.4,120,22,12,49,28,23,-28,1.5,0,0,0,30,"2212",13,6,111.2,105.2,89.9,69.2,48.9,28.8,0,0,0,0,0,0,0,0,0,0,0,0,0,0,0,0,0,0,0,0,0,0,0,0,0,0,0,0,0,0,0,0,0,0,0,0,0,0,0,0,0,0,0,0,0,0,0,0,0,0,0,0,0,0,0,0,0,0,0,0,0,0,0,0,0,0,0,0,0,0,0,0,0,0,0,0,0,0,0,0,0,0,0,0,54,53.6,56,54.8,62.1,72.7,0,0,0,0,0,0,0,0,0,0,0,0,0,0,0,0,0,0,0,0,0,0,0,0,0,0,0,0,0,0,0,0,0,0,0,0,0,0,0,0,0,0,0,0,0,0,0,0,0,0,0,0,0,0,0,0,0,0,0,0,0,0,0,0,0,0,0,0,0,0,0,0,0,0,0,0,0,0,0,0,0,0,0,0,"CUE","O","",2022,3,7,"12/02/09",18.75,20.7138696038131,20.7138696038131,0,0,0,0,0,0,0,0,0,0,0,0,0,0,0,0,0,0,0,0,0,0,0,0,0,0,0,0,0,0,0,0,0,0,0,0,0,0,0,0,0,0,0,0,0,0,0,0,0,0,0,0,0,0,0,0,0,0,0,0,0,0,0,0,0,0,0,0,0,0,0,0,0,0,0,0,0,0,0,0,0,0,0,0,0,0,0,0,0,0,0,0,0,0,0,0,0,0,0,0,0,0,0,0,0,0,0,0,0,0,0,0,0,0,0,0,0,0,0,0,0,0,0,0,0,0,0,0,0,0,0,0,0,0,0,0,0,0,0,0,0,0,0,0,0,0,0,0,0,0,0,0,0,0,0,0,0,0,0,0,0,0,0,0,0,0,0,0,0,0,0,0,0,0,0,0,0,0,0,0,0,0,0,0,0,115,55,6,6
"040","CT","A","E",3,5.9,137,50,5,55,27,18,-7,1.5,1,0,0,30,"2212",13,5,115,107.6,87.2,67.5,43.1,0,0,0,0,0,0,0,0,0,0,0,0,0,0,0,0,0,0,0,0,0,0,0,0,0,0,0,0,0,0,0,0,0,0,0,0,0,0,0,0,0,0,0,0,0,0,0,0,0,0,0,0,0,0,0,0,0,0,0,0,0,0,0,0,0,0,0,0,0,0,0,0,0,0,0,0,0,0,0,0,0,0,0,0,0,45.8,42.9,45.3,59.3,80.1,0,0,0,0,0,0,0,0,0,0,0,0,0,0,0,0,0,0,0,0,0,0,0,0,0,0,0,0,0,0,0,0,0,0,0,0,0,0,0,0,0,0,0,0,0,0,0,0,0,0,0,0,0,0,0,0,0,0,0,0,0,0,0,0,0,0,0,0,0,0,0,0,0,0,0,0,0,0,0,0,0,0,0,0,0,"CUE","O","",2022,4,7,"12/02/09",23.2203389830508,20.7138696038131,20.7138696038131,0,0,0,0,0,0,0,0,0,0,0,0,0,0,0,0,0,0,0,0,0,0,0,0,0,0,0,0,0,0,0,0,0,0,0,0,0,0,0,0,0,0,0,0,0,0,0,0,0,0,0,0,0,0,0,0,0,0,0,0,0,0,0,0,0,0,0,0,0,0,0,0,0,0,0,0,0,0,0,0,0,0,0,0,0,0,0,0,0,0,0,0,0,0,0,0,0,0,0,0,0,0,0,0,0,0,0,0,0,0,0,0,0,0,0,0,0,0,0,0,0,0,0,0,0,0,0,0,0,0,0,0,0,0,0,0,0,0,0,0,0,0,0,0,0,0,0,0,0,0,0,0,0,0,0,0,0,0,0,0,0,0,0,0,0,0,0,0,0,0,0,0,0,0,0,0,0,0,0,0,0,0,0,0,0,115,55,6,6
"041","CT","A","W",2,6.8,131,28,2,74,23,3,-30,1.5,1,0,0,30,"2212",13,6,103.9,90.7,78.5,57.4,38.5,24.6,0,0,0,0,0,0,0,0,0,0,0,0,0,0,0,0,0,0,0,0,0,0,0,0,0,0,0,0,0,0,0,0,0,0,0,0,0,0,0,0,0,0,0,0,0,0,0,0,0,0,0,0,0,0,0,0,0,0,0,0,0,0,0,0,0,0,0,0,0,0,0,0,0,0,0,0,0,0,0,0,0,0,0,0,48.8,35.3,31.6,38.9,52.6,69.1,0,0,0,0,0,0,0,0,0,0,0,0,0,0,0,0,0,0,0,0,0,0,0,0,0,0,0,0,0,0,0,0,0,0,0,0,0,0,0,0,0,0,0,0,0,0,0,0,0,0,0,0,0,0,0,0,0,0,0,0,0,0,0,0,0,0,0,0,0,0,0,0,0,0,0,0,0,0,0,0,0,0,0,0,"CUE","O","",2022,5,7,"12/02/09",19.2647058823529,20.7138696038131,20.7138696038131,0,0,0,0,0,0,24.6,0,0,0,0,0,0,0,0,0,0,0,0,0,0,0,0,0,0,0,0,0,0,0,0,0,0,0,0,0,0,0,0,0,0,0,0,0,0,0,0,0,0,0,0,0,0,0,0,0,0,0,0,0,0,0,0,0,0,0,0,0,0,0,0,0,0,0,0,0,0,0,0,0,0,0,0,0,0,0,0,0,0,0,0,0,0,0,0,0,69.1,0,0,0,0,0,0,0,0,0,0,0,0,0,0,0,0,0,0,0,0,0,0,0,0,0,0,0,0,0,0,0,0,0,0,0,0,0,0,0,0,0,0,0,0,0,0,0,0,0,0,0,0,0,0,0,0,0,0,0,0,0,0,0,0,0,0,0,0,0,0,0,0,0,0,0,0,0,0,0,0,0,0,0,0,24.6,69.1,24.6,69.1,115,55,6,6
"042","CT","A","S",1,8.4,157,21,3,53,30,17,-88,1.5,0,0,0,30,"2212",13,8,113,115.8,113.6,104.4,86.4,66.5,46.5,22.2,0,0,0,0,0,0,0,0,0,0,0,0,0,0,0,0,0,0,0,0,0,0,0,0,0,0,0,0,0,0,0,0,0,0,0,0,0,0,0,0,0,0,0,0,0,0,0,0,0,0,0,0,0,0,0,0,0,0,0,0,0,0,0,0,0,0,0,0,0,0,0,0,0,0,0,0,0,0,0,0,0,0,56.6,47.3,35.7,24.4,20,32.8,47.8,71.7,0,0,0,0,0,0,0,0,0,0,0,0,0,0,0,0,0,0,0,0,0,0,0,0,0,0,0,0,0,0,0,0,0,0,0,0,0,0,0,0,0,0,0,0,0,0,0,0,0,0,0,0,0,0,0,0,0,0,0,0,0,0,0,0,0,0,0,0,0,0,0,0,0,0,0,0,0,0,0,0,0,0,"CUE","O","",2022,6,7,"12/02/09",18.6904761904762,20.7138696038131,20.7138696038131,0,0,0,0,0,0,66.5,46.5,22.2,0,0,0,0,0,0,0,0,0,0,0,0,0,0,0,0,0,0,0,0,0,0,0,0,0,0,0,0,0,0,0,0,0,0,0,0,0,0,0,0,0,0,0,0,0,0,0,0,0,0,0,0,0,0,0,0,0,0,0,0,0,0,0,0,0,0,0,0,0,0,0,0,0,0,0,0,0,0,0,0,0,0,0,0,0,0,0,32.8,47.8,71.7,0,0,0,0,0,0,0,0,0,0,0,0,0,0,0,0,0,0,0,0,0,0,0,0,0,0,0,0,0,0,0,0,0,0,0,0,0,0,0,0,0,0,0,0,0,0,0,0,0,0,0,0,0,0,0,0,0,0,0,0,0,0,0,0,0,0,0,0,0,0,0,0,0,0,0,0,0,0,0,0,0,0,135.2,152.3,45.0666666666667,50.7666666666667,115,55,6,6
"043","CT","A","N",3,5.9,151,22,7,58,34,8,-83,1.5,0,0,0,30,"2212",19,5,112.4,111.1,95.9,74.4,44.8,0,0,0,0,0,0,0,0,0,0,0,0,0,0,0,0,0,0,0,0,0,0,0,0,0,0,0,0,0,0,0,0,0,0,0,0,0,0,0,0,0,0,0,0,0,0,0,0,0,0,0,0,0,0,0,0,0,0,0,0,0,0,0,0,0,0,0,0,0,0,0,0,0,0,0,0,0,0,0,0,0,0,0,0,0,58.6,43.7,12.5,25.8,57.4,0,0,0,0,0,0,0,0,0,0,0,0,0,0,0,0,0,0,0,0,0,0,0,0,0,0,0,0,0,0,0,0,0,0,0,0,0,0,0,0,0,0,0,0,0,0,0,0,0,0,0,0,0,0,0,0,0,0,0,0,0,0,0,0,0,0,0,0,0,0,0,0,0,0,0,0,0,0,0,0,0,0,0,0,0,"CUE","O","",2022,1,7,"12/02/09",25.593220338983,26.99906372843,26.99906372843,0,0,0,0,74.4,44.8,0,0,0,0,0,0,0,0,0,0,0,0,0,0,0,0,0,0,0,0,0,0,0,0,0,0,0,0,0,0,0,0,0,0,0,0,0,0,0,0,0,0,0,0,0,0,0,0,0,0,0,0,0,0,0,0,0,0,0,0,0,0,0,0,0,0,0,0,0,0,0,0,0,0,0,0,0,0,0,0,0,0,0,0,0,0,0,0,25.8,57.4,0,0,0,0,0,0,0,0,0,0,0,0,0,0,0,0,0,0,0,0,0,0,0,0,0,0,0,0,0,0,0,0,0,0,0,0,0,0,0,0,0,0,0,0,0,0,0,0,0,0,0,0,0,0,0,0,0,0,0,0,0,0,0,0,0,0,0,0,0,0,0,0,0,0,0,0,0,0,0,0,0,0,0,0,0,119.2,83.2,59.6,41.6,115,55,4,4
"044","CT","A","E",4,9,250,71,15,78,6,16,-91,1.5,1,1,0,30,"2212",19,8,120,111.1,73.4,55.2,57.7,68.4,67,36.3,0,0,0,0,0,0,0,0,0,0,0,0,0,0,0,0,0,0,0,0,0,0,0,0,0,0,0,0,0,0,0,0,0,0,0,0,0,0,0,0,0,0,0,0,0,0,0,0,0,0,0,0,0,0,0,0,0,0,0,0,0,0,0,0,0,0,0,0,0,0,0,0,0,0,0,0,0,0,0,0,0,0,53,30.4,20.7,32,29.3,18.6,26.3,53.6,0,0,0,0,0,0,0,0,0,0,0,0,0,0,0,0,0,0,0,0,0,0,0,0,0,0,0,0,0,0,0,0,0,0,0,0,0,0,0,0,0,0,0,0,0,0,0,0,0,0,0,0,0,0,0,0,0,0,0,0,0,0,0,0,0,0,0,0,0,0,0,0,0,0,0,0,0,0,0,0,0,0,"CUE","O","",2022,2,7,"12/02/09",27.7777777777778,26.99906372843,26.99906372843,0,0,0,0,55.2,57.7,68.4,67,36.3,0,0,0,0,0,0,0,0,0,0,0,0,0,0,0,0,0,0,0,0,0,0,0,0,0,0,0,0,0,0,0,0,0,0,0,0,0,0,0,0,0,0,0,0,0,0,0,0,0,0,0,0,0,0,0,0,0,0,0,0,0,0,0,0,0,0,0,0,0,0,0,0,0,0,0,0,0,0,0,0,0,0,0,0,0,32,29.3,18.6,26.3,53.6,0,0,0,0,0,0,0,0,0,0,0,0,0,0,0,0,0,0,0,0,0,0,0,0,0,0,0,0,0,0,0,0,0,0,0,0,0,0,0,0,0,0,0,0,0,0,0,0,0,0,0,0,0,0,0,0,0,0,0,0,0,0,0,0,0,0,0,0,0,0,0,0,0,0,0,0,0,0,0,0,0,0,284.6,159.8,56.92,31.96,115,55,4,4
"045","CT","A","S",4,8,208,50,13,91,8,1,15,1.5,0,1,0,30,"2212",19,7,90.9,69.8,63.4,71.2,74.6,67.8,44.6,0,0,0,0,0,0,0,0,0,0,0,0,0,0,0,0,0,0,0,0,0,0,0,0,0,0,0,0,0,0,0,0,0,0,0,0,0,0,0,0,0,0,0,0,0,0,0,0,0,0,0,0,0,0,0,0,0,0,0,0,0,0,0,0,0,0,0,0,0,0,0,0,0,0,0,0,0,0,0,0,0,0,0,46.2,27.4,23.5,17.4,16.1,44.7,64.5,0,0,0,0,0,0,0,0,0,0,0,0,0,0,0,0,0,0,0,0,0,0,0,0,0,0,0,0,0,0,0,0,0,0,0,0,0,0,0,0,0,0,0,0,0,0,0,0,0,0,0,0,0,0,0,0,0,0,0,0,0,0,0,0,0,0,0,0,0,0,0,0,0,0,0,0,0,0,0,0,0,0,0,"CUE","O","",2022,3,7,"12/02/09",26,26.99906372843,26.99906372843,0,0,0,0,71.2,74.6,67.8,44.6,0,0,0,0,0,0,0,0,0,0,0,0,0,0,0,0,0,0,0,0,0,0,0,0,0,0,0,0,0,0,0,0,0,0,0,0,0,0,0,0,0,0,0,0,0,0,0,0,0,0,0,0,0,0,0,0,0,0,0,0,0,0,0,0,0,0,0,0,0,0,0,0,0,0,0,0,0,0,0,0,0,0,0,0,0,0,17.4,16.1,44.7,64.5,0,0,0,0,0,0,0,0,0,0,0,0,0,0,0,0,0,0,0,0,0,0,0,0,0,0,0,0,0,0,0,0,0,0,0,0,0,0,0,0,0,0,0,0,0,0,0,0,0,0,0,0,0,0,0,0,0,0,0,0,0,0,0,0,0,0,0,0,0,0,0,0,0,0,0,0,0,0,0,0,0,0,0,258.2,142.7,64.55,35.675,115,55,4,4
"046","CT","A","E",3,4.6,128,75,6,33,26,41,-46,1.5,0,0,0,30,"2212",19,4,118.7,110.7,86.7,46.3,0,0,0,0,0,0,0,0,0,0,0,0,0,0,0,0,0,0,0,0,0,0,0,0,0,0,0,0,0,0,0,0,0,0,0,0,0,0,0,0,0,0,0,0,0,0,0,0,0,0,0,0,0,0,0,0,0,0,0,0,0,0,0,0,0,0,0,0,0,0,0,0,0,0,0,0,0,0,0,0,0,0,0,0,0,0,52.7,56.6,62.2,73.5,0,0,0,0,0,0,0,0,0,0,0,0,0,0,0,0,0,0,0,0,0,0,0,0,0,0,0,0,0,0,0,0,0,0,0,0,0,0,0,0,0,0,0,0,0,0,0,0,0,0,0,0,0,0,0,0,0,0,0,0,0,0,0,0,0,0,0,0,0,0,0,0,0,0,0,0,0,0,0,0,0,0,0,0,0,0,"CUE","O","",2022,4,7,"12/02/09",27.8260869565217,26.99906372843,26.99906372843,0,0,0,0,46.3,0,0,0,0,0,0,0,0,0,0,0,0,0,0,0,0,0,0,0,0,0,0,0,0,0,0,0,0,0,0,0,0,0,0,0,0,0,0,0,0,0,0,0,0,0,0,0,0,0,0,0,0,0,0,0,0,0,0,0,0,0,0,0,0,0,0,0,0,0,0,0,0,0,0,0,0,0,0,0,0,0,0,0,0,0,0,0,0,0,73.5,0,0,0,0,0,0,0,0,0,0,0,0,0,0,0,0,0,0,0,0,0,0,0,0,0,0,0,0,0,0,0,0,0,0,0,0,0,0,0,0,0,0,0,0,0,0,0,0,0,0,0,0,0,0,0,0,0,0,0,0,0,0,0,0,0,0,0,0,0,0,0,0,0,0,0,0,0,0,0,0,0,0,0,0,0,0,46.3,73.5,46.3,73.5,115,55,4,4
"047","CT","A","W",2,6.8,187,7,56,83,14,3,-34,1.5,0,0,0,30,"2212",19,6,102.7,79.6,54.1,63.6,62.7,54.4,0,0,0,0,0,0,0,0,0,0,0,0,0,0,0,0,0,0,0,0,0,0,0,0,0,0,0,0,0,0,0,0,0,0,0,0,0,0,0,0,0,0,0,0,0,0,0,0,0,0,0,0,0,0,0,0,0,0,0,0,0,0,0,0,0,0,0,0,0,0,0,0,0,0,0,0,0,0,0,0,0,0,0,0,36.5,23.9,42.5,32.3,26,38.9,0,0,0,0,0,0,0,0,0,0,0,0,0,0,0,0,0,0,0,0,0,0,0,0,0,0,0,0,0,0,0,0,0,0,0,0,0,0,0,0,0,0,0,0,0,0,0,0,0,0,0,0,0,0,0,0,0,0,0,0,0,0,0,0,0,0,0,0,0,0,0,0,0,0,0,0,0,0,0,0,0,0,0,0,"CUE","O","",2022,5,7,"12/02/09",27.5,26.99906372843,26.99906372843,0,0,0,0,63.6,62.7,54.4,0,0,0,0,0,0,0,0,0,0,0,0,0,0,0,0,0,0,0,0,0,0,0,0,0,0,0,0,0,0,0,0,0,0,0,0,0,0,0,0,0,0,0,0,0,0,0,0,0,0,0,0,0,0,0,0,0,0,0,0,0,0,0,0,0,0,0,0,0,0,0,0,0,0,0,0,0,0,0,0,0,0,0,0,0,0,0,32.3,26,38.9,0,0,0,0,0,0,0,0,0,0,0,0,0,0,0,0,0,0,0,0,0,0,0,0,0,0,0,0,0,0,0,0,0,0,0,0,0,0,0,0,0,0,0,0,0,0,0,0,0,0,0,0,0,0,0,0,0,0,0,0,0,0,0,0,0,0,0,0,0,0,0,0,0,0,0,0,0,0,0,0,0,0,0,0,180.7,97.2,60.2333333333333,32.4,115,55,4,4
"048","CT","A","S",1,3.7,101,83,4,52,36,12,16,1.5,1,0,0,30,"2212",19,3,104.7,84.1,50.8,0,0,0,0,0,0,0,0,0,0,0,0,0,0,0,0,0,0,0,0,0,0,0,0,0,0,0,0,0,0,0,0,0,0,0,0,0,0,0,0,0,0,0,0,0,0,0,0,0,0,0,0,0,0,0,0,0,0,0,0,0,0,0,0,0,0,0,0,0,0,0,0,0,0,0,0,0,0,0,0,0,0,0,0,0,0,0,61.4,58.4,62.8,0,0,0,0,0,0,0,0,0,0,0,0,0,0,0,0,0,0,0,0,0,0,0,0,0,0,0,0,0,0,0,0,0,0,0,0,0,0,0,0,0,0,0,0,0,0,0,0,0,0,0,0,0,0,0,0,0,0,0,0,0,0,0,0,0,0,0,0,0,0,0,0,0,0,0,0,0,0,0,0,0,0,0,0,0,0,0,"CUE","O","",2022,6,7,"12/02/09",27.2972972972973,26.99906372843,26.99906372843,0,0,0,0,0,0,0,0,0,0,0,0,0,0,0,0,0,0,0,0,0,0,0,0,0,0,0,0,0,0,0,0,0,0,0,0,0,0,0,0,0,0,0,0,0,0,0,0,0,0,0,0,0,0,0,0,0,0,0,0,0,0,0,0,0,0,0,0,0,0,0,0,0,0,0,0,0,0,0,0,0,0,0,0,0,0,0,0,0,0,0,0,0,0,0,0,0,0,0,0,0,0,0,0,0,0,0,0,0,0,0,0,0,0,0,0,0,0,0,0,0,0,0,0,0,0,0,0,0,0,0,0,0,0,0,0,0,0,0,0,0,0,0,0,0,0,0,0,0,0,0,0,0,0,0,0,0,0,0,0,0,0,0,0,0,0,0,0,0,0,0,0,0,0,0,0,0,0,0,0,0,0,0,0,0,115,55,4,4
"055","CT","A","N",3,30.1,254,0,92,0,23,77,-129,1.5,0,0,0,30,"2212",27,30,81.3,83,86.7,90,95,100.3,103.7,107.2,112.8,115.7,117.8,118.8,110.2,104.8,101.8,95.6,88.2,87,86.8,87.3,86.7,84.7,84.8,85.7,82.8,80.4,77.9,75.7,73.9,71,0,0,0,0,0,0,0,0,0,0,0,0,0,0,0,0,0,0,0,0,0,0,0,0,0,0,0,0,0,0,0,0,0,0,0,0,0,0,0,0,0,0,0,0,0,0,0,0,0,0,0,0,0,0,0,0,0,0,0,0,104,108.7,105.2,101.3,95.5,88.3,82.5,77.9,69.1,63.4,61.8,63.5,66.6,74.8,82.8,90.6,95.1,100.6,101.5,102.7,102.4,102.8,103.9,105.5,104,104,103.3,103.7,104,106.9,0,0,0,0,0,0,0,0,0,0,0,0,0,0,0,0,0,0,0,0,0,0,0,0,0,0,0,0,0,0,0,0,0,0,0,0,0,0,0,0,0,0,0,0,0,0,0,0,0,0,0,0,0,0,0,0,0,0,0,0,"CUE","O","",2022,1,7,"12/02/09",8.43853820598007,7.4750830564784,7.4750830564784,0,0,0,0,0,0,0,0,0,0,0,0,0,0,0,101.8,95.6,88.2,87,86.8,87.3,86.7,84.7,84.8,85.7,82.8,80.4,77.9,75.7,73.9,71,0,0,0,0,0,0,0,0,0,0,0,0,0,0,0,0,0,0,0,0,0,0,0,0,0,0,0,0,0,0,0,0,0,0,0,0,0,0,0,0,0,0,0,0,0,0,0,0,0,0,0,0,0,0,0,0,0,0,0,0,0,0,0,0,0,0,0,0,0,0,0,0,0,0,82.8,90.6,95.1,100.6,101.5,102.7,102.4,102.8,103.9,105.5,104,104,103.3,103.7,104,106.9,0,0,0,0,0,0,0,0,0,0,0,0,0,0,0,0,0,0,0,0,0,0,0,0,0,0,0,0,0,0,0,0,0,0,0,0,0,0,0,0,0,0,0,0,0,0,0,0,0,0,0,0,0,0,0,0,0,0,0,0,1350.3,1613.8,84.39375,100.8625,115,55,15,15
"056","CT","A","E",4,30.1,289,54,2,0,8,92,-60,1.5,0,0,0,30,"2212",27,30,124.4,121,123.9,127.4,127.3,126.1,127.8,127.1,126.4,124.1,124.2,122.6,120.6,119.3,117.5,114.6,112.6,109.7,106.7,104.5,102.8,100.9,99,98.6,97.9,97.9,97.8,95.7,97.3,98,0,0,0,0,0,0,0,0,0,0,0,0,0,0,0,0,0,0,0,0,0,0,0,0,0,0,0,0,0,0,0,0,0,0,0,0,0,0,0,0,0,0,0,0,0,0,0,0,0,0,0,0,0,0,0,0,0,0,0,0,64.5,55.5,51.9,48.9,44.5,40.6,41.6,40.5,41.3,42.8,44,43.7,43,45.8,49.7,53.3,56.2,61.8,68.9,72,72.3,71.4,77.9,78.4,76.8,75.9,71.4,67.2,69.7,69.8,0,0,0,0,0,0,0,0,0,0,0,0,0,0,0,0,0,0,0,0,0,0,0,0,0,0,0,0,0,0,0,0,0,0,0,0,0,0,0,0,0,0,0,0,0,0,0,0,0,0,0,0,0,0,0,0,0,0,0,0,"CUE","O","",2022,2,7,"12/02/09",9.60132890365449,7.4750830564784,7.4750830564784,0,0,0,0,0,0,0,0,0,0,0,0,0,0,0,117.5,114.6,112.6,109.7,106.7,104.5,102.8,100.9,99,98.6,97.9,97.9,97.8,95.7,97.3,98,0,0,0,0,0,0,0,0,0,0,0,0,0,0,0,0,0,0,0,0,0,0,0,0,0,0,0,0,0,0,0,0,0,0,0,0,0,0,0,0,0,0,0,0,0,0,0,0,0,0,0,0,0,0,0,0,0,0,0,0,0,0,0,0,0,0,0,0,0,0,0,0,0,0,49.7,53.3,56.2,61.8,68.9,72,72.3,71.4,77.9,78.4,76.8,75.9,71.4,67.2,69.7,69.8,0,0,0,0,0,0,0,0,0,0,0,0,0,0,0,0,0,0,0,0,0,0,0,0,0,0,0,0,0,0,0,0,0,0,0,0,0,0,0,0,0,0,0,0,0,0,0,0,0,0,0,0,0,0,0,0,0,0,0,0,1651.5,1092.7,103.21875,68.29375,115,55,15,15
"057","CT","A","S",4,30.1,185,39,1,0,43,57,-63,1.5,0,0,0,30,"2212",27,30,113.8,113.5,113.8,112.4,116.4,115.5,112.7,109.8,109.5,112.9,113.2,111.1,109.1,108.7,107.7,106.8,105.9,101.8,100.4,100.3,102,100.4,99.8,99.6,99.7,99.8,99.8,99.7,99.6,103.2,0,0,0,0,0,0,0,0,0,0,0,0,0,0,0,0,0,0,0,0,0,0,0,0,0,0,0,0,0,0,0,0,0,0,0,0,0,0,0,0,0,0,0,0,0,0,0,0,0,0,0,0,0,0,0,0,0,0,0,0,56.1,54,54,51.9,52,52.5,51.6,49.7,49.8,53.3,55.1,56.2,56.7,58.5,62.7,64.5,63.1,59.7,58.9,59.2,62.5,62,62.7,62.4,62.7,62.5,62.7,62.6,62,64.7,0,0,0,0,0,0,0,0,0,0,0,0,0,0,0,0,0,0,0,0,0,0,0,0,0,0,0,0,0,0,0,0,0,0,0,0,0,0,0,0,0,0,0,0,0,0,0,0,0,0,0,0,0,0,0,0,0,0,0,0,"CUE","O","",2022,3,7,"12/02/09",6.14617940199336,7.4750830564784,7.4750830564784,0,0,0,0,0,0,0,0,0,0,0,0,0,0,0,107.7,106.8,105.9,101.8,100.4,100.3,102,100.4,99.8,99.6,99.7,99.8,99.8,99.7,99.6,103.2,0,0,0,0,0,0,0,0,0,0,0,0,0,0,0,0,0,0,0,0,0,0,0,0,0,0,0,0,0,0,0,0,0,0,0,0,0,0,0,0,0,0,0,0,0,0,0,0,0,0,0,0,0,0,0,0,0,0,0,0,0,0,0,0,0,0,0,0,0,0,0,0,0,0,62.7,64.5,63.1,59.7,58.9,59.2,62.5,62,62.7,62.4,62.7,62.5,62.7,62.6,62,64.7,0,0,0,0,0,0,0,0,0,0,0,0,0,0,0,0,0,0,0,0,0,0,0,0,0,0,0,0,0,0,0,0,0,0,0,0,0,0,0,0,0,0,0,0,0,0,0,0,0,0,0,0,0,0,0,0,0,0,0,0,1626.5,994.9,101.65625,62.18125,115,55,15,15
"058","CT","A","E",3,30.1,259,76,2,0,0,100,-107,1.5,0,0,0,30,"2212",27,30,121.8,120.5,118.6,118,120.6,126.3,127.9,126.2,122.6,118.1,114.4,114.9,118.4,121.5,121.2,119,116.8,116.4,117.6,117.9,121.6,120.4,123.9,125.3,125.7,124.6,125.3,125.9,126,126.1,0,0,0,0,0,0,0,0,0,0,0,0,0,0,0,0,0,0,0,0,0,0,0,0,0,0,0,0,0,0,0,0,0,0,0,0,0,0,0,0,0,0,0,0,0,0,0,0,0,0,0,0,0,0,0,0,0,0,0,0,52.5,51,49.7,50.6,55.8,56.9,53.9,55.7,57.1,55,51.3,52,54.6,56.3,57.8,56.6,54.1,53.3,54,54.4,57.3,58.7,61.3,59.7,59.9,59.6,61,62.1,62.7,63,0,0,0,0,0,0,0,0,0,0,0,0,0,0,0,0,0,0,0,0,0,0,0,0,0,0,0,0,0,0,0,0,0,0,0,0,0,0,0,0,0,0,0,0,0,0,0,0,0,0,0,0,0,0,0,0,0,0,0,0,"CUE","O","",2022,4,7,"12/02/09",8.6046511627907,7.4750830564784,7.4750830564784,0,0,0,0,0,0,0,0,0,0,0,0,0,0,0,121.2,119,116.8,116.4,117.6,117.9,121.6,120.4,123.9,125.3,125.7,124.6,125.3,125.9,126,126.1,0,0,0,0,0,0,0,0,0,0,0,0,0,0,0,0,0,0,0,0,0,0,0,0,0,0,0,0,0,0,0,0,0,0,0,0,0,0,0,0,0,0,0,0,0,0,0,0,0,0,0,0,0,0,0,0,0,0,0,0,0,0,0,0,0,0,0,0,0,0,0,0,0,0,57.8,56.6,54.1,53.3,54,54.4,57.3,58.7,61.3,59.7,59.9,59.6,61,62.1,62.7,63,0,0,0,0,0,0,0,0,0,0,0,0,0,0,0,0,0,0,0,0,0,0,0,0,0,0,0,0,0,0,0,0,0,0,0,0,0,0,0,0,0,0,0,0,0,0,0,0,0,0,0,0,0,0,0,0,0,0,0,0,1953.7,935.5,122.10625,58.46875,115,55,15,15
"059","CT","A","W",2,30.1,173,0,10,0,6,94,63,1.5,0,0,0,30,"2212",27,30,115.6,112.1,108.3,106.8,104.9,101.8,102,106.3,107.4,108.5,109.4,109.4,111.2,110.6,108.8,111.2,113.7,114.3,114.2,113.6,113.5,114,113.4,115.4,116.5,114.8,111.5,113.5,117.1,117.7,0,0,0,0,0,0,0,0,0,0,0,0,0,0,0,0,0,0,0,0,0,0,0,0,0,0,0,0,0,0,0,0,0,0,0,0,0,0,0,0,0,0,0,0,0,0,0,0,0,0,0,0,0,0,0,0,0,0,0,0,60.4,62.7,65.9,68.7,68,65,65,67.4,67.8,68,67.9,67.7,68.2,66.4,65.3,66.1,66.6,64.9,62.8,63.1,63.3,62.5,63.3,61.9,59.3,58.4,52.7,50.5,53,52.9,0,0,0,0,0,0,0,0,0,0,0,0,0,0,0,0,0,0,0,0,0,0,0,0,0,0,0,0,0,0,0,0,0,0,0,0,0,0,0,0,0,0,0,0,0,0,0,0,0,0,0,0,0,0,0,0,0,0,0,0,"CUE","O","",2022,5,7,"12/02/09",5.74750830564784,7.4750830564784,7.4750830564784,0,0,0,0,0,0,0,0,0,0,0,0,0,0,0,108.8,111.2,113.7,114.3,114.2,113.6,113.5,114,113.4,115.4,116.5,114.8,111.5,113.5,117.1,117.7,0,0,0,0,0,0,0,0,0,0,0,0,0,0,0,0,0,0,0,0,0,0,0,0,0,0,0,0,0,0,0,0,0,0,0,0,0,0,0,0,0,0,0,0,0,0,0,0,0,0,0,0,0,0,0,0,0,0,0,0,0,0,0,0,0,0,0,0,0,0,0,0,0,0,65.3,66.1,66.6,64.9,62.8,63.1,63.3,62.5,63.3,61.9,59.3,58.4,52.7,50.5,53,52.9,0,0,0,0,0,0,0,0,0,0,0,0,0,0,0,0,0,0,0,0,0,0,0,0,0,0,0,0,0,0,0,0,0,0,0,0,0,0,0,0,0,0,0,0,0,0,0,0,0,0,0,0,0,0,0,0,0,0,0,0,1823.2,966.6,113.95,60.4125,115,55,15,15
"060","CT","A","S",1,30.1,190,100,0,0,25,75,58,1.5,0,0,0,30,"2212",27,30,115.5,113.8,112.6,111.7,109.6,108.5,107.7,108.9,109.5,108.2,106.9,106.9,107,105.4,106.8,106.7,103.6,106.1,103.8,103.2,105.8,102.6,105.3,105.8,105.9,103.1,102.9,103.7,103.5,104,0,0,0,0,0,0,0,0,0,0,0,0,0,0,0,0,0,0,0,0,0,0,0,0,0,0,0,0,0,0,0,0,0,0,0,0,0,0,0,0,0,0,0,0,0,0,0,0,0,0,0,0,0,0,0,0,0,0,0,0,60.3,60.2,60.9,61.3,59.6,58.5,58.4,59.4,60.8,60.8,60.5,61.7,62.4,62.7,65.8,66.1,64.7,67.7,67.8,68.8,71.2,69.1,72.9,75.4,77.8,83.2,83,80.8,71.3,72.2,0,0,0,0,0,0,0,0,0,0,0,0,0,0,0,0,0,0,0,0,0,0,0,0,0,0,0,0,0,0,0,0,0,0,0,0,0,0,0,0,0,0,0,0,0,0,0,0,0,0,0,0,0,0,0,0,0,0,0,0,"CUE","O","",2022,6,7,"12/02/09",6.31229235880399,7.4750830564784,7.4750830564784,0,0,0,0,0,0,0,0,0,0,0,0,0,0,0,106.8,106.7,103.6,106.1,103.8,103.2,105.8,102.6,105.3,105.8,105.9,103.1,102.9,103.7,103.5,104,0,0,0,0,0,0,0,0,0,0,0,0,0,0,0,0,0,0,0,0,0,0,0,0,0,0,0,0,0,0,0,0,0,0,0,0,0,0,0,0,0,0,0,0,0,0,0,0,0,0,0,0,0,0,0,0,0,0,0,0,0,0,0,0,0,0,0,0,0,0,0,0,0,0,65.8,66.1,64.7,67.7,67.8,68.8,71.2,69.1,72.9,75.4,77.8,83.2,83,80.8,71.3,72.2,0,0,0,0,0,0,0,0,0,0,0,0,0,0,0,0,0,0,0,0,0,0,0,0,0,0,0,0,0,0,0,0,0,0,0,0,0,0,0,0,0,0,0,0,0,0,0,0,0,0,0,0,0,0,0,0,0,0,0,0,1672.8,1157.8,104.55,72.3625,115,55,15,15
"061","CT","A","N",3,30.1,557,59,7,52,43,5,11,1.5,2,0,0,30,"2212",29,30,107.6,86.1,77.5,88.1,93.7,103.1,112.3,105.5,101.8,91.8,83.6,63.9,55.8,65.1,72.7,81.3,89,102.6,105.1,99.7,90.2,77.4,68.4,62.1,60.4,72,88.6,95.8,92.8,84.2,0,0,0,0,0,0,0,0,0,0,0,0,0,0,0,0,0,0,0,0,0,0,0,0,0,0,0,0,0,0,0,0,0,0,0,0,0,0,0,0,0,0,0,0,0,0,0,0,0,0,0,0,0,0,0,0,0,0,0,0,56.5,47.5,23.4,17.6,38.7,60.9,53.2,41.5,43.1,50.6,61.7,72.1,66.5,58.2,39.3,23.3,16.6,19.7,12.6,9.9,9.9,16.5,29.4,43.1,58.6,67.2,62.9,55.8,41,31.9,0,0,0,0,0,0,0,0,0,0,0,0,0,0,0,0,0,0,0,0,0,0,0,0,0,0,0,0,0,0,0,0,0,0,0,0,0,0,0,0,0,0,0,0,0,0,0,0,0,0,0,0,0,0,0,0,0,0,0,0,"CUE","O","",2022,1,7,"12/02/09",18.5049833887043,20.4365193066956,20.4365193066956,0,0,0,0,0,0,103.1,112.3,105.5,101.8,91.8,83.6,63.9,55.8,65.1,72.7,81.3,89,102.6,105.1,99.7,90.2,77.4,68.4,62.1,60.4,72,88.6,95.8,92.8,84.2,0,0,0,0,0,0,0,0,0,0,0,0,0,0,0,0,0,0,0,0,0,0,0,0,0,0,0,0,0,0,0,0,0,0,0,0,0,0,0,0,0,0,0,0,0,0,0,0,0,0,0,0,0,0,0,0,0,0,0,0,0,0,0,0,0,60.9,53.2,41.5,43.1,50.6,61.7,72.1,66.5,58.2,39.3,23.3,16.6,19.7,12.6,9.9,9.9,16.5,29.4,43.1,58.6,67.2,62.9,55.8,41,31.9,0,0,0,0,0,0,0,0,0,0,0,0,0,0,0,0,0,0,0,0,0,0,0,0,0,0,0,0,0,0,0,0,0,0,0,0,0,0,0,0,0,0,0,0,0,0,0,0,0,0,0,0,0,0,0,0,0,0,0,0,2125.2,1045.5,85.008,41.82,115,55,6,6
"062","CT","A","E",4,21.9,349,76,13,58,36,6,-14,1.5,3,0,0,30,"2212",29,21,100.5,92.8,85.3,90.9,98.7,105.4,111.2,122,116.8,112,108.7,98,85.6,84.7,82.8,83.9,73.8,63.7,53.1,41.3,29.9,0,0,0,0,0,0,0,0,0,0,0,0,0,0,0,0,0,0,0,0,0,0,0,0,0,0,0,0,0,0,0,0,0,0,0,0,0,0,0,0,0,0,0,0,0,0,0,0,0,0,0,0,0,0,0,0,0,0,0,0,0,0,0,0,0,0,0,0,0,54.8,48.2,30.4,13.8,13,25,34.4,36.5,30.4,28.7,32,32.3,24.7,18.2,7.5,14.7,20.6,25.5,34,45.4,56.8,0,0,0,0,0,0,0,0,0,0,0,0,0,0,0,0,0,0,0,0,0,0,0,0,0,0,0,0,0,0,0,0,0,0,0,0,0,0,0,0,0,0,0,0,0,0,0,0,0,0,0,0,0,0,0,0,0,0,0,0,0,0,0,0,0,0,0,0,0,"CUE","O","",2022,2,7,"12/02/09",15.9360730593607,20.4365193066956,20.4365193066956,0,0,0,0,0,0,105.4,111.2,122,116.8,112,108.7,98,85.6,84.7,82.8,83.9,73.8,63.7,53.1,41.3,29.9,0,0,0,0,0,0,0,0,0,0,0,0,0,0,0,0,0,0,0,0,0,0,0,0,0,0,0,0,0,0,0,0,0,0,0,0,0,0,0,0,0,0,0,0,0,0,0,0,0,0,0,0,0,0,0,0,0,0,0,0,0,0,0,0,0,0,0,0,0,0,0,0,0,0,25,34.4,36.5,30.4,28.7,32,32.3,24.7,18.2,7.5,14.7,20.6,25.5,34,45.4,56.8,0,0,0,0,0,0,0,0,0,0,0,0,0,0,0,0,0,0,0,0,0,0,0,0,0,0,0,0,0,0,0,0,0,0,0,0,0,0,0,0,0,0,0,0,0,0,0,0,0,0,0,0,0,0,0,0,0,0,0,0,0,0,0,0,0,0,0,0,0,1372.9,466.7,85.80625,29.16875,115,55,6,6
"063","CT","A","S",4,26.7,438,50,4,43,46,11,24,1.5,0,0,0,30,"2212",29,26,98.7,80.9,73.7,73.5,59.6,51.9,49.3,57.9,69.5,85.6,98.5,108.7,117.1,116.2,113.4,108.9,109.3,111.7,104.4,95.9,87.7,82.1,72.1,62.8,60.2,43.4,0,0,0,0,0,0,0,0,0,0,0,0,0,0,0,0,0,0,0,0,0,0,0,0,0,0,0,0,0,0,0,0,0,0,0,0,0,0,0,0,0,0,0,0,0,0,0,0,0,0,0,0,0,0,0,0,0,0,0,0,0,0,0,0,46.3,26.7,15.2,16.5,30,35.6,40.3,49,52.5,56,56.3,55.1,51.3,39.9,30.5,22.6,26.2,36.7,43.6,50.8,59.4,69.7,75.4,76.9,75.1,72,0,0,0,0,0,0,0,0,0,0,0,0,0,0,0,0,0,0,0,0,0,0,0,0,0,0,0,0,0,0,0,0,0,0,0,0,0,0,0,0,0,0,0,0,0,0,0,0,0,0,0,0,0,0,0,0,0,0,0,0,0,0,0,0,"CUE","O","",2022,3,7,"12/02/09",16.4044943820225,20.4365193066956,20.4365193066956,0,0,0,0,0,0,51.9,49.3,57.9,69.5,85.6,98.5,108.7,117.1,116.2,113.4,108.9,109.3,111.7,104.4,95.9,87.7,82.1,72.1,62.8,60.2,43.4,0,0,0,0,0,0,0,0,0,0,0,0,0,0,0,0,0,0,0,0,0,0,0,0,0,0,0,0,0,0,0,0,0,0,0,0,0,0,0,0,0,0,0,0,0,0,0,0,0,0,0,0,0,0,0,0,0,0,0,0,0,0,0,0,0,0,0,0,0,35.6,40.3,49,52.5,56,56.3,55.1,51.3,39.9,30.5,22.6,26.2,36.7,43.6,50.8,59.4,69.7,75.4,76.9,75.1,72,0,0,0,0,0,0,0,0,0,0,0,0,0,0,0,0,0,0,0,0,0,0,0,0,0,0,0,0,0,0,0,0,0,0,0,0,0,0,0,0,0,0,0,0,0,0,0,0,0,0,0,0,0,0,0,0,0,0,0,0,0,0,0,0,1806.6,1074.9,86.0285714285714,51.1857142857143,115,55,6,6
"064","CT","A","E",3,8.2,176,72,5,3,71,26,-15,1.5,0,0,0,30,"2212",29,8,113.6,102.7,84.5,72.1,71.5,68.5,48.5,23.7,0,0,0,0,0,0,0,0,0,0,0,0,0,0,0,0,0,0,0,0,0,0,0,0,0,0,0,0,0,0,0,0,0,0,0,0,0,0,0,0,0,0,0,0,0,0,0,0,0,0,0,0,0,0,0,0,0,0,0,0,0,0,0,0,0,0,0,0,0,0,0,0,0,0,0,0,0,0,0,0,0,0,48,45.8,53.6,75.2,96.5,110.6,104.8,99.9,0,0,0,0,0,0,0,0,0,0,0,0,0,0,0,0,0,0,0,0,0,0,0,0,0,0,0,0,0,0,0,0,0,0,0,0,0,0,0,0,0,0,0,0,0,0,0,0,0,0,0,0,0,0,0,0,0,0,0,0,0,0,0,0,0,0,0,0,0,0,0,0,0,0,0,0,0,0,0,0,0,0,"CUE","O","",2022,4,7,"12/02/09",21.4634146341463,20.4365193066956,20.4365193066956,0,0,0,0,0,0,68.5,48.5,23.7,0,0,0,0,0,0,0,0,0,0,0,0,0,0,0,0,0,0,0,0,0,0,0,0,0,0,0,0,0,0,0,0,0,0,0,0,0,0,0,0,0,0,0,0,0,0,0,0,0,0,0,0,0,0,0,0,0,0,0,0,0,0,0,0,0,0,0,0,0,0,0,0,0,0,0,0,0,0,0,0,0,0,0,0,0,0,0,110.6,104.8,99.9,0,0,0,0,0,0,0,0,0,0,0,0,0,0,0,0,0,0,0,0,0,0,0,0,0,0,0,0,0,0,0,0,0,0,0,0,0,0,0,0,0,0,0,0,0,0,0,0,0,0,0,0,0,0,0,0,0,0,0,0,0,0,0,0,0,0,0,0,0,0,0,0,0,0,0,0,0,0,0,0,0,0,140.7,315.3,46.9,105.1,115,55,6,6
"065","CT","A","W",2,4,105,41,3,84,15,1,-12,1.5,0,0,0,30,"2212",29,3,88.4,55.5,31.9,0,0,0,0,0,0,0,0,0,0,0,0,0,0,0,0,0,0,0,0,0,0,0,0,0,0,0,0,0,0,0,0,0,0,0,0,0,0,0,0,0,0,0,0,0,0,0,0,0,0,0,0,0,0,0,0,0,0,0,0,0,0,0,0,0,0,0,0,0,0,0,0,0,0,0,0,0,0,0,0,0,0,0,0,0,0,0,46.2,41.3,55.5,0,0,0,0,0,0,0,0,0,0,0,0,0,0,0,0,0,0,0,0,0,0,0,0,0,0,0,0,0,0,0,0,0,0,0,0,0,0,0,0,0,0,0,0,0,0,0,0,0,0,0,0,0,0,0,0,0,0,0,0,0,0,0,0,0,0,0,0,0,0,0,0,0,0,0,0,0,0,0,0,0,0,0,0,0,0,0,"CUE","O","",2022,5,7,"12/03/09",26.25,20.4365193066956,20.4365193066956,0,0,0,0,0,0,0,0,0,0,0,0,0,0,0,0,0,0,0,0,0,0,0,0,0,0,0,0,0,0,0,0,0,0,0,0,0,0,0,0,0,0,0,0,0,0,0,0,0,0,0,0,0,0,0,0,0,0,0,0,0,0,0,0,0,0,0,0,0,0,0,0,0,0,0,0,0,0,0,0,0,0,0,0,0,0,0,0,0,0,0,0,0,0,0,0,0,0,0,0,0,0,0,0,0,0,0,0,0,0,0,0,0,0,0,0,0,0,0,0,0,0,0,0,0,0,0,0,0,0,0,0,0,0,0,0,0,0,0,0,0,0,0,0,0,0,0,0,0,0,0,0,0,0,0,0,0,0,0,0,0,0,0,0,0,0,0,0,0,0,0,0,0,0,0,0,0,0,0,0,0,0,0,0,0,115,55,6,4
"066","CT","A","S",1,13.3,320,48,2,32,42,26,-33,1.5,0,0,0,30,"2212",29,13,96.8,85.3,90.6,100.4,103.6,99.4,96.5,93.5,91.9,83,75.8,51.9,25.6,0,0,0,0,0,0,0,0,0,0,0,0,0,0,0,0,0,0,0,0,0,0,0,0,0,0,0,0,0,0,0,0,0,0,0,0,0,0,0,0,0,0,0,0,0,0,0,0,0,0,0,0,0,0,0,0,0,0,0,0,0,0,0,0,0,0,0,0,0,0,0,0,0,0,0,0,0,39,12.5,17.4,15.9,12,23.5,48.4,67.8,87.6,100.7,109.9,95.8,78.3,0,0,0,0,0,0,0,0,0,0,0,0,0,0,0,0,0,0,0,0,0,0,0,0,0,0,0,0,0,0,0,0,0,0,0,0,0,0,0,0,0,0,0,0,0,0,0,0,0,0,0,0,0,0,0,0,0,0,0,0,0,0,0,0,0,0,0,0,0,0,0,0,0,0,0,0,0,"CUE","O","",2022,6,7,"12/03/09",24.0601503759398,20.4365193066956,20.4365193066956,0,0,0,0,0,0,99.4,96.5,93.5,91.9,83,75.8,51.9,25.6,0,0,0,0,0,0,0,0,0,0,0,0,0,0,0,0,0,0,0,0,0,0,0,0,0,0,0,0,0,0,0,0,0,0,0,0,0,0,0,0,0,0,0,0,0,0,0,0,0,0,0,0,0,0,0,0,0,0,0,0,0,0,0,0,0,0,0,0,0,0,0,0,0,0,0,0,0,0,0,0,0,0,23.5,48.4,67.8,87.6,100.7,109.9,95.8,78.3,0,0,0,0,0,0,0,0,0,0,0,0,0,0,0,0,0,0,0,0,0,0,0,0,0,0,0,0,0,0,0,0,0,0,0,0,0,0,0,0,0,0,0,0,0,0,0,0,0,0,0,0,0,0,0,0,0,0,0,0,0,0,0,0,0,0,0,0,0,0,0,0,0,0,0,0,0,617.6,612,77.2,76.5,115,55,6,6
"016","01","A","W",2,90.1,2291,21,26,7,35,58,-33,1.5,0,1,0,90,"2212",12,90,120.7,111.6,102.2,87.6,67.8,75.8,78.8,76.5,61.3,34.1,39.3,41.7,32,48.6,75.2,76.6,96.9,103.7,93.7,106.3,119.7,106.2,73.1,51.5,65.6,82.4,91.5,79.5,51.8,17.2,41.7,68.6,82,89.1,81.2,72.2,70.3,67.9,72.7,75.5,70.6,67.9,69.3,60.1,47.3,45.4,54.6,75.1,92.7,104,108.2,113.6,124.2,123.9,123.2,111.3,101.2,104.5,99.6,94.6,86.9,83,96.3,118.6,116.5,111.7,114.8,120.9,114,102.8,88.8,73.6,61,55.5,51.9,42.6,37.3,41.8,32.2,25.3,47.7,77.7,93,109.3,116.4,122.6,121.8,115.3,105.3,84.6,59.4,48.9,41,37.7,67.4,97.6,100.8,103.8,103.3,102.6,124.7,128.3,116.3,113.1,122.9,104.9,87.7,77,55.2,35.7,44.5,30.3,17.8,55.1,93,101.8,86.2,61.4,49.6,75.2,113,124.2,108.8,93.9,81.7,79.7,82.8,85,93.1,89.7,89.8,105.9,121.2,127.7,130.1,129.8,120.7,108.8,95.1,83.7,75.3,57.1,46.3,38.1,40,37.4,64.6,85.7,93.9,96.4,89.4,69.9,51,52.2,47.7,36.6,30.5,49.6,58.4,74,93.9,107.5,116.7,120.1,121.7,117.6,119.1,125.4,115.5,109,110,115.4,98.3,76,53.6,41.4,37.7,32.4,21.8,9.9,"FS","Y","",2022,1,0,"11/24/09",25.4273029966704,21.4598818742278,21.4598818742278,21.4598818742278,0,0,0,0,67.8,75.8,78.8,76.5,61.3,34.1,39.3,41.7,32,48.6,75.2,76.6,96.9,103.7,93.7,106.3,119.7,106.2,73.1,51.5,65.6,82.4,91.5,79.5,51.8,17.2,41.7,68.6,82,89.1,81.2,72.2,70.3,67.9,72.7,75.5,70.6,67.9,69.3,60.1,47.3,45.4,54.6,75.1,92.7,104,108.2,113.6,124.2,123.9,123.2,111.3,101.2,104.5,99.6,94.6,86.9,83,96.3,118.6,116.5,111.7,114.8,120.9,114,102.8,88.8,73.6,61,55.5,51.9,42.6,37.3,41.8,32.2,25.3,47.7,77.7,93,109.3,116.4,122.6,121.8,115.3,105.3,84.6,0,0,0,0,67.4,97.6,100.8,103.8,103.3,102.6,124.7,128.3,116.3,113.1,122.9,104.9,87.7,77,55.2,35.7,44.5,30.3,17.8,55.1,93,101.8,86.2,61.4,49.6,75.2,113,124.2,108.8,93.9,81.7,79.7,82.8,85,93.1,89.7,89.8,105.9,121.2,127.7,130.1,129.8,120.7,108.8,95.1,83.7,75.3,57.1,46.3,38.1,40,37.4,64.6,85.7,93.9,96.4,89.4,69.9,51,52.2,47.7,36.6,30.5,49.6,58.4,74,93.9,107.5,116.7,120.1,121.7,117.6,119.1,125.4,115.5,109,110,115.4,98.3,76,53.6,41.4,37.7,32.4,21.8,9.9,6928.5,7158,80.5639534883721,83.2325581395349,115,55,5,5
"025","01","A","W",2,31.1,864,28,31,20,18,62,-65,1.5,1,1,0,90,"2212",25,31,119.6,116.9,117,112.6,118.4,124.3,120.7,116.9,113.2,106.1,84,50.3,29.9,61.7,64.8,61.2,54.5,62.5,101.4,124,117.3,111.8,98.2,82,62.8,47.9,46.3,43.2,22.9,7.6,6.3,0,0,0,0,0,0,0,0,0,0,0,0,0,0,0,0,0,0,0,0,0,0,0,0,0,0,0,0,0,0,0,0,0,0,0,0,0,0,0,0,0,0,0,0,0,0,0,0,0,0,0,0,0,0,0,0,0,0,0,62.1,58.3,59.1,52.4,40.7,38.9,47.2,57.5,55.8,62.5,76.7,72.4,99,130,119.7,90.9,70.6,29.2,19.7,44.7,45.4,67.6,85.5,101.3,115.8,126.7,132.3,126.6,105.5,85,80.5,0,0,0,0,0,0,0,0,0,0,0,0,0,0,0,0,0,0,0,0,0,0,0,0,0,0,0,0,0,0,0,0,0,0,0,0,0,0,0,0,0,0,0,0,0,0,0,0,0,0,0,0,0,0,0,0,0,0,0,"FS","Y","",2022,1,0,"11/24/09",27.7813504823151,23.592358393417,23.592358393417,23.592358393417,0,0,0,0,118.4,124.3,120.7,116.9,113.2,106.1,84,50.3,29.9,61.7,64.8,61.2,54.5,62.5,101.4,124,117.3,111.8,98.2,82,62.8,47.9,46.3,43.2,22.9,7.6,6.3,0,0,0,0,0,0,0,0,0,0,0,0,0,0,0,0,0,0,0,0,0,0,0,0,0,0,0,0,0,0,0,0,0,0,0,0,0,0,0,0,0,0,0,0,0,0,0,0,0,0,0,0,0,0,0,0,0,0,0,0,0,0,0,40.7,38.9,47.2,57.5,55.8,62.5,76.7,72.4,99,130,119.7,90.9,70.6,29.2,19.7,44.7,45.4,67.6,85.5,101.3,115.8,126.7,132.3,126.6,105.5,85,80.5,0,0,0,0,0,0,0,0,0,0,0,0,0,0,0,0,0,0,0,0,0,0,0,0,0,0,0,0,0,0,0,0,0,0,0,0,0,0,0,0,0,0,0,0,0,0,0,0,0,0,0,0,0,0,0,0,0,0,0,2040.2,2127.7,75.562962962963,78.8037037037037,115,55,5,5
"007","01","A","W",2,20.6,410,20,21,3,52,45,-57,1.5,1,0,0,90,"2212",8,20,118.8,112.6,112.4,110.9,109.4,107.8,110.2,100.5,107.4,104.9,104.4,110.9,107.5,102.3,88.1,63,55.2,55,47.2,17.4,0,0,0,0,0,0,0,0,0,0,0,0,0,0,0,0,0,0,0,0,0,0,0,0,0,0,0,0,0,0,0,0,0,0,0,0,0,0,0,0,0,0,0,0,0,0,0,0,0,0,0,0,0,0,0,0,0,0,0,0,0,0,0,0,0,0,0,0,0,0,65.3,56.5,59.3,54.7,51.3,51.2,56.4,45.1,35.3,22.4,27.7,56.3,65.7,76.1,79.5,94.6,119.8,126.2,121.1,101.4,0,0,0,0,0,0,0,0,0,0,0,0,0,0,0,0,0,0,0,0,0,0,0,0,0,0,0,0,0,0,0,0,0,0,0,0,0,0,0,0,0,0,0,0,0,0,0,0,0,0,0,0,0,0,0,0,0,0,0,0,0,0,0,0,0,0,0,0,0,0,"TT","Y","",2022,1,1,"11/24/09",19.9029126213592,20.2683139915219,19.8170587570393,22.5245901639344,0,0,0,0,0,107.8,110.2,100.5,107.4,104.9,104.4,110.9,107.5,102.3,88.1,63,55.2,55,47.2,17.4,0,0,0,0,0,0,0,0,0,0,0,0,0,0,0,0,0,0,0,0,0,0,0,0,0,0,0,0,0,0,0,0,0,0,0,0,0,0,0,0,0,0,0,0,0,0,0,0,0,0,0,0,0,0,0,0,0,0,0,0,0,0,0,0,0,0,0,0,0,0,0,0,0,0,0,51.2,56.4,45.1,35.3,22.4,27.7,56.3,65.7,76.1,79.5,94.6,119.8,126.2,121.1,101.4,0,0,0,0,0,0,0,0,0,0,0,0,0,0,0,0,0,0,0,0,0,0,0,0,0,0,0,0,0,0,0,0,0,0,0,0,0,0,0,0,0,0,0,0,0,0,0,0,0,0,0,0,0,0,0,0,0,0,0,0,0,0,0,0,0,0,0,0,0,0,1281.8,1078.8,85.4533333333333,71.92,115,55,6,6
"008","01","A","N",2,90.1,1960,23,27,10,38,52,-9,1.5,0,0,0,90,"2212",8,90,110.8,106.6,102.9,98.2,90.7,87.8,77.4,64.2,47.7,32.3,45.6,87.8,119.1,121.9,115.9,117.9,121.2,121,116.5,103.3,76.1,30.3,24.3,50.1,53,59.6,71.4,78.4,88.5,98,104.2,103,112.8,117.8,120.8,121.1,121.7,121.8,115.6,107,111,113.1,100.2,90.9,86.1,73.5,55.2,52.6,55.8,52.2,35.6,21.6,30.4,59.2,92.4,108,104.6,96.6,83.3,67.6,64.2,56,37.6,28.1,52.9,81.5,92.1,89.7,84,78.4,67.5,53.9,47.6,45.5,36.3,24.6,23.5,50.2,85,116.6,120.9,118.2,115.6,110.2,102.3,100.4,99.1,91.3,75.7,61,69.4,68.7,67.8,64,72,68.7,77.6,95.8,97.1,74.9,43.4,33,42,39.5,31.6,34,41.2,43,39.5,32.8,34,60.3,91.4,120.8,128.4,129.8,127.8,119.5,110.1,96.6,83.6,74.5,65,53.2,41.6,34.8,37,39.4,33.8,37,62,66.6,68.7,86.7,93.6,96.9,104.2,120.8,120.2,111.8,107,106.2,97.1,82.2,79.5,81.1,83.4,82.5,85.6,104.4,124.4,126.8,121.3,101.2,83.5,85.7,94.1,95.1,97,99.8,112.5,114.5,119.8,124.2,120.9,109.6,85.3,51.9,24.2,35.1,42.9,45.6,49.6,51,55.1,70,79.7,83.5,81.6,76.8,"TT","Y","",2022,2,1,"11/24/09",21.7536071032186,20.2683139915219,19.8170587570393,22.5245901639344,0,0,0,0,0,87.8,77.4,64.2,47.7,32.3,45.6,87.8,119.1,121.9,115.9,117.9,121.2,121,116.5,103.3,76.1,30.3,24.3,50.1,53,59.6,71.4,78.4,88.5,98,104.2,103,112.8,117.8,120.8,121.1,121.7,121.8,115.6,107,111,113.1,100.2,90.9,86.1,73.5,55.2,52.6,55.8,52.2,35.6,21.6,30.4,59.2,92.4,108,104.6,96.6,83.3,67.6,64.2,56,37.6,28.1,52.9,81.5,92.1,89.7,84,78.4,67.5,53.9,47.6,45.5,36.3,24.6,23.5,50.2,85,116.6,120.9,118.2,115.6,110.2,102.3,100.4,99.1,91.3,75.7,61,0,0,0,0,0,68.7,77.6,95.8,97.1,74.9,43.4,33,42,39.5,31.6,34,41.2,43,39.5,32.8,34,60.3,91.4,120.8,128.4,129.8,127.8,119.5,110.1,96.6,83.6,74.5,65,53.2,41.6,34.8,37,39.4,33.8,37,62,66.6,68.7,86.7,93.6,96.9,104.2,120.8,120.2,111.8,107,106.2,97.1,82.2,79.5,81.1,83.4,82.5,85.6,104.4,124.4,126.8,121.3,101.2,83.5,85.7,94.1,95.1,97,99.8,112.5,114.5,119.8,124.2,120.9,109.6,85.3,51.9,24.2,35.1,42.9,45.6,49.6,51,55.1,70,79.7,83.5,81.6,76.8,6854.9,6715.9,80.6458823529412,79.0105882352941,115,55,6,6
"009","01","A","S",2,39.2,710,21,21,13,52,35,25,1.5,1,0,0,90,"2212",8,39,55.2,52.8,43.8,42.6,40,30.2,35.3,65.3,95.8,111.1,107.7,103.4,94.8,85.6,73.5,77.9,86.8,86.1,85.1,90.3,103.2,106.9,106,99.6,87.8,70.7,71.8,94.9,116.9,118,114.7,107.9,98.1,85.7,72.9,66.5,57.1,43.8,16.2,0,0,0,0,0,0,0,0,0,0,0,0,0,0,0,0,0,0,0,0,0,0,0,0,0,0,0,0,0,0,0,0,0,0,0,0,0,0,0,0,0,0,0,0,0,0,0,0,0,0,0,121.1,119.6,110.8,113.2,114,102.2,79.4,61.3,65.5,73.7,62.5,49.2,41.6,45.7,65.2,92.1,97.6,95.4,87,78.6,80.2,76,71.1,62.4,47.6,26.3,25.5,41.2,51.1,51,47.9,45.2,45.8,56.6,76.5,90.1,99.2,114.2,101.5,0,0,0,0,0,0,0,0,0,0,0,0,0,0,0,0,0,0,0,0,0,0,0,0,0,0,0,0,0,0,0,0,0,0,0,0,0,0,0,0,0,0,0,0,0,0,0,0,0,0,0,"TT","Y","",2022,3,1,"11/24/09",18.1122448979592,20.2683139915219,19.8170587570393,22.5245901639344,0,0,43.8,42.6,40,30.2,35.3,65.3,95.8,111.1,107.7,103.4,94.8,85.6,73.5,77.9,86.8,86.1,85.1,90.3,103.2,106.9,106,99.6,87.8,70.7,71.8,94.9,116.9,118,114.7,107.9,98.1,85.7,72.9,66.5,57.1,43.8,16.2,0,0,0,0,0,0,0,0,0,0,0,0,0,0,0,0,0,0,0,0,0,0,0,0,0,0,0,0,0,0,0,0,0,0,0,0,0,0,0,0,0,0,0,0,0,0,0,0,0,0,0,0,0,110.8,113.2,114,102.2,79.4,61.3,65.5,73.7,62.5,49.2,41.6,45.7,65.2,92.1,97.6,95.4,87,78.6,80.2,76,71.1,62.4,47.6,26.3,25.5,41.2,51.1,51,47.9,45.2,45.8,56.6,76.5,90.1,99.2,114.2,101.5,0,0,0,0,0,0,0,0,0,0,0,0,0,0,0,0,0,0,0,0,0,0,0,0,0,0,0,0,0,0,0,0,0,0,0,0,0,0,0,0,0,0,0,0,0,0,0,0,0,0,0,2994,2644.4,80.9189189189189,71.4702702702703,55,115,3,3
"007","02","A","E",2,13.8,166,13,1,3,3,94,117,1.5,1,0,0,90,"2212",8,13,62.9,68.7,70.1,71.1,72.1,73.2,73.8,74.8,75.1,73.1,72.3,67.1,45,0,0,0,0,0,0,0,0,0,0,0,0,0,0,0,0,0,0,0,0,0,0,0,0,0,0,0,0,0,0,0,0,0,0,0,0,0,0,0,0,0,0,0,0,0,0,0,0,0,0,0,0,0,0,0,0,0,0,0,0,0,0,0,0,0,0,0,0,0,0,0,0,0,0,0,0,0,115.2,117.8,117.1,116.5,116.1,116.2,115.8,116,115.1,111.3,114.5,119.6,120.3,0,0,0,0,0,0,0,0,0,0,0,0,0,0,0,0,0,0,0,0,0,0,0,0,0,0,0,0,0,0,0,0,0,0,0,0,0,0,0,0,0,0,0,0,0,0,0,0,0,0,0,0,0,0,0,0,0,0,0,0,0,0,0,0,0,0,0,0,0,0,0,0,0,0,0,0,0,"TT","Y","",2022,4,1,"11/25/09",12.0289855072464,20.2683139915219,19.8170587570393,22.5245901639344,0,0,70.1,71.1,72.1,73.2,73.8,74.8,75.1,73.1,72.3,67.1,45,0,0,0,0,0,0,0,0,0,0,0,0,0,0,0,0,0,0,0,0,0,0,0,0,0,0,0,0,0,0,0,0,0,0,0,0,0,0,0,0,0,0,0,0,0,0,0,0,0,0,0,0,0,0,0,0,0,0,0,0,0,0,0,0,0,0,0,0,0,0,0,0,0,0,0,0,0,0,0,117.1,116.5,116.1,116.2,115.8,116,115.1,111.3,114.5,119.6,120.3,0,0,0,0,0,0,0,0,0,0,0,0,0,0,0,0,0,0,0,0,0,0,0,0,0,0,0,0,0,0,0,0,0,0,0,0,0,0,0,0,0,0,0,0,0,0,0,0,0,0,0,0,0,0,0,0,0,0,0,0,0,0,0,0,0,0,0,0,0,0,0,0,0,0,0,0,0,767.7,1278.5,69.7909090909091,116.227272727273,55,115,3,3
"008","02","A","W",2,85.9,2344,16,25,37,39,24,-47,1.5,1,1,0,90,"2212",8,85,99.4,75,33.3,18.9,46.5,51.7,49.1,36.1,39.9,43.4,33.8,32.7,35.5,40.7,52.9,68.8,91.4,96.2,106.6,120.3,116.1,101.7,87.1,61.2,33.5,39.5,76.2,94,93.1,93.2,95.3,107.4,111.1,110.8,104.4,83,52.7,33.3,46.5,66.9,64.3,63.9,61.9,49.7,31.4,43,68.9,75.3,74,77.5,77.8,72.2,73.5,103.1,123.9,118.1,114.1,106.5,93.2,79.6,80.5,77.1,79.3,94.6,97.8,105.2,111.3,113.5,112.6,110.5,97.4,66.5,34.1,30.9,44,37.8,33.9,38.5,47.5,56.3,56.8,53.1,55.1,54.8,40.6,0,0,0,0,0,32.6,21.1,55.9,86.8,78.5,53.9,39.3,57.1,90.5,98.2,108.7,118.4,118.9,104,82,56.7,43.7,25.4,23.2,47.3,52.3,58.8,65.7,66.5,60.2,72,74.9,68.7,46.9,19.5,17.5,49.1,64.2,67.4,66.7,65.4,56.5,59.3,91,110.4,96.1,64.2,39,39.4,61,96.1,119.9,125.3,117.2,98.5,82.8,56.9,20.6,30.6,49.1,47.4,58.6,75.3,92,103.3,102.1,83.7,66,49.4,30.3,20.2,35.4,46.2,56.9,63.4,62.9,67.7,86.8,114.5,130.5,117,89.7,70.1,61,48.2,37,35,51.2,66.8,70.6,0,0,0,0,0,"TT","Y","",2022,5,1,"11/25/09",27.2875436554133,20.2683139915219,19.8170587570393,22.5245901639344,0,0,0,0,0,51.7,49.1,36.1,39.9,43.4,33.8,32.7,35.5,40.7,52.9,68.8,91.4,96.2,106.6,120.3,116.1,101.7,87.1,61.2,33.5,39.5,76.2,94,93.1,93.2,95.3,107.4,111.1,110.8,104.4,83,52.7,33.3,46.5,66.9,64.3,63.9,61.9,49.7,31.4,43,68.9,75.3,74,77.5,77.8,72.2,73.5,103.1,123.9,118.1,114.1,106.5,93.2,79.6,80.5,77.1,79.3,94.6,97.8,105.2,111.3,113.5,112.6,110.5,97.4,66.5,34.1,30.9,44,37.8,33.9,38.5,47.5,56.3,56.8,53.1,55.1,54.8,40.6,0,0,0,0,0,0,0,0,0,0,53.9,39.3,57.1,90.5,98.2,108.7,118.4,118.9,104,82,56.7,43.7,25.4,23.2,47.3,52.3,58.8,65.7,66.5,60.2,72,74.9,68.7,46.9,19.5,17.5,49.1,64.2,67.4,66.7,65.4,56.5,59.3,91,110.4,96.1,64.2,39,39.4,61,96.1,119.9,125.3,117.2,98.5,82.8,56.9,20.6,30.6,49.1,47.4,58.6,75.3,92,103.3,102.1,83.7,66,49.4,30.3,20.2,35.4,46.2,56.9,63.4,62.9,67.7,86.8,114.5,130.5,117,89.7,70.1,61,48.2,37,35,51.2,66.8,70.6,0,0,0,0,0,5807.7,5436.2,72.59625,67.9525,115,55,6,6
"009","02","A","S",2,30.5,687,50,19,47,29,24,-17,1.5,2,0,0,90,"2212",8,30,57.1,47.9,37.5,22.3,7.6,18.5,19.7,10.7,20.2,46.7,76.6,104.9,108.2,99.3,88.2,72.9,49.8,30.6,36.3,42.6,42.7,35.4,38.4,34.6,37.4,60.1,85.5,94.3,102.6,107.5,0,0,0,0,0,0,0,0,0,0,0,0,0,0,0,0,0,0,0,0,0,0,0,0,0,0,0,0,0,0,0,0,0,0,0,0,0,0,0,0,0,0,0,0,0,0,0,0,0,0,0,0,0,0,0,0,0,0,0,0,115.4,105.7,103,95.5,83.3,76.4,81.4,81,77.4,65.3,69.3,78.2,69.3,48.5,20.1,15.5,40,74.4,110.3,127.8,128.3,109.3,100.7,86.8,60.4,30.5,18.1,30.8,53.1,64.1,0,0,0,0,0,0,0,0,0,0,0,0,0,0,0,0,0,0,0,0,0,0,0,0,0,0,0,0,0,0,0,0,0,0,0,0,0,0,0,0,0,0,0,0,0,0,0,0,0,0,0,0,0,0,0,0,0,0,0,0,"FS","Y","",2022,6,1,"11/25/09",22.5245901639344,20.2683139915219,19.8170587570393,22.5245901639344,0,47.9,37.5,22.3,7.6,18.5,19.7,10.7,20.2,46.7,76.6,104.9,108.2,99.3,88.2,72.9,49.8,30.6,36.3,42.6,42.7,35.4,38.4,34.6,37.4,60.1,85.5,94.3,102.6,107.5,0,0,0,0,0,0,0,0,0,0,0,0,0,0,0,0,0,0,0,0,0,0,0,0,0,0,0,0,0,0,0,0,0,0,0,0,0,0,0,0,0,0,0,0,0,0,0,0,0,0,0,0,0,0,0,0,0,0,0,0,0,105.7,103,95.5,83.3,76.4,81.4,81,77.4,65.3,69.3,78.2,69.3,48.5,20.1,15.5,40,74.4,110.3,127.8,128.3,109.3,100.7,86.8,60.4,30.5,18.1,30.8,53.1,64.1,0,0,0,0,0,0,0,0,0,0,0,0,0,0,0,0,0,0,0,0,0,0,0,0,0,0,0,0,0,0,0,0,0,0,0,0,0,0,0,0,0,0,0,0,0,0,0,0,0,0,0,0,0,0,0,0,0,0,0,0,1579,2104.5,54.448275862069,72.5689655172414,55,115,2,2
"016","01","A","W",2,90.1,2291,21,26,7,35,58,-33,1.5,0,1,0,90,"2212",12,90,120.7,111.6,102.2,87.6,67.8,75.8,78.8,76.5,61.3,34.1,39.3,41.7,32,48.6,75.2,76.6,96.9,103.7,93.7,106.3,119.7,106.2,73.1,51.5,65.6,82.4,91.5,79.5,51.8,17.2,41.7,68.6,82,89.1,81.2,72.2,70.3,67.9,72.7,75.5,70.6,67.9,69.3,60.1,47.3,45.4,54.6,75.1,92.7,104,108.2,113.6,124.2,123.9,123.2,111.3,101.2,104.5,99.6,94.6,86.9,83,96.3,118.6,116.5,111.7,114.8,120.9,114,102.8,88.8,73.6,61,55.5,51.9,42.6,37.3,41.8,32.2,25.3,47.7,77.7,93,109.3,116.4,122.6,121.8,115.3,105.3,84.6,59.4,48.9,41,37.7,67.4,97.6,100.8,103.8,103.3,102.6,124.7,128.3,116.3,113.1,122.9,104.9,87.7,77,55.2,35.7,44.5,30.3,17.8,55.1,93,101.8,86.2,61.4,49.6,75.2,113,124.2,108.8,93.9,81.7,79.7,82.8,85,93.1,89.7,89.8,105.9,121.2,127.7,130.1,129.8,120.7,108.8,95.1,83.7,75.3,57.1,46.3,38.1,40,37.4,64.6,85.7,93.9,96.4,89.4,69.9,51,52.2,47.7,36.6,30.5,49.6,58.4,74,93.9,107.5,116.7,120.1,121.7,117.6,119.1,125.4,115.5,109,110,115.4,98.3,76,53.6,41.4,37.7,32.4,21.8,9.9,"TT","Y","",2022,1,1,"11/24/09",25.4273029966704,21.8491314848488,21.4598818742278,23.7953795379538,0,0,0,0,67.8,75.8,78.8,76.5,61.3,34.1,39.3,41.7,32,48.6,75.2,76.6,96.9,103.7,93.7,106.3,119.7,106.2,73.1,51.5,65.6,82.4,91.5,79.5,51.8,17.2,41.7,68.6,82,89.1,81.2,72.2,70.3,67.9,72.7,75.5,70.6,67.9,69.3,60.1,47.3,45.4,54.6,75.1,92.7,104,108.2,113.6,124.2,123.9,123.2,111.3,101.2,104.5,99.6,94.6,86.9,83,96.3,118.6,116.5,111.7,114.8,120.9,114,102.8,88.8,73.6,61,55.5,51.9,42.6,37.3,41.8,32.2,25.3,47.7,77.7,93,109.3,116.4,122.6,121.8,115.3,105.3,84.6,0,0,0,0,67.4,97.6,100.8,103.8,103.3,102.6,124.7,128.3,116.3,113.1,122.9,104.9,87.7,77,55.2,35.7,44.5,30.3,17.8,55.1,93,101.8,86.2,61.4,49.6,75.2,113,124.2,108.8,93.9,81.7,79.7,82.8,85,93.1,89.7,89.8,105.9,121.2,127.7,130.1,129.8,120.7,108.8,95.1,83.7,75.3,57.1,46.3,38.1,40,37.4,64.6,85.7,93.9,96.4,89.4,69.9,51,52.2,47.7,36.6,30.5,49.6,58.4,74,93.9,107.5,116.7,120.1,121.7,117.6,119.1,125.4,115.5,109,110,115.4,98.3,76,53.6,41.4,37.7,32.4,21.8,9.9,6928.5,7158,80.5639534883721,83.2325581395349,115,55,5,5
"017","01","A","N",2,86.6,1486,28,10,7,35,58,-26,1.5,2,0,0,90,"2212",12,86,111,107.5,108.5,105.4,101.5,92.3,87.4,90.8,85.7,80.4,73.5,72.3,66.4,53.8,36.8,20.8,45.9,50.5,47.4,46.4,58.6,64.8,65.1,79.4,92,96.8,103,103.7,101.1,100.6,114.3,121.5,111.8,100.5,77.3,39.3,15.5,40.2,59.2,62,63.1,66.3,74.4,84.2,91.8,101.7,110.2,109.3,108.8,105.6,99.7,92.6,79.9,58.8,40,48.1,52.5,47.5,44.7,40.8,38.9,46.8,52.8,56.4,57.8,66,84.6,105,108.7,104.8,103.2,104.6,113.5,115.7,116.4,109,100.3,93,86.7,81.8,78,69.8,59.6,40.7,22.6,11,0,0,0,0,64.3,62.7,69.6,78.9,65.7,66.8,88,106.7,104.6,104.1,113.2,122.4,117.9,108.6,101.2,104.6,123.4,123.7,117.5,109.2,111.7,111.8,102.3,94.9,95.1,90,83.7,78.2,67.7,57,53.5,56.6,50.1,44.9,38.1,52.7,80.6,109.9,128,129.9,121.1,104.9,89.1,82.1,78.6,73.4,75,78.8,80.8,74.3,65.8,61.3,61.2,69.9,91.9,119,128.4,128.2,130.4,127.4,123.5,123.5,122.9,122.2,115.8,102.9,89.4,81.9,74.2,60.8,46.3,26.1,30.5,48.1,59.7,58.8,68.9,87.4,105.9,112.9,117.8,115.3,110.5,103.4,97,92.8,0,0,0,0,"TT","Y","",2022,2,1,"11/24/09",17.1593533487298,21.8491314848488,21.4598818742278,23.7953795379538,0,0,0,0,101.5,92.3,87.4,90.8,85.7,80.4,73.5,72.3,66.4,53.8,36.8,20.8,45.9,50.5,47.4,46.4,58.6,64.8,65.1,79.4,92,96.8,103,103.7,101.1,100.6,114.3,121.5,111.8,100.5,77.3,39.3,15.5,40.2,59.2,62,63.1,66.3,74.4,84.2,91.8,101.7,110.2,109.3,108.8,105.6,99.7,92.6,79.9,58.8,40,48.1,52.5,47.5,44.7,40.8,38.9,46.8,52.8,56.4,57.8,66,84.6,105,108.7,104.8,103.2,104.6,113.5,115.7,116.4,109,100.3,93,86.7,81.8,78,69.8,59.6,40.7,22.6,11,0,0,0,0,0,0,0,0,65.7,66.8,88,106.7,104.6,104.1,113.2,122.4,117.9,108.6,101.2,104.6,123.4,123.7,117.5,109.2,111.7,111.8,102.3,94.9,95.1,90,83.7,78.2,67.7,57,53.5,56.6,50.1,44.9,38.1,52.7,80.6,109.9,128,129.9,121.1,104.9,89.1,82.1,78.6,73.4,75,78.8,80.8,74.3,65.8,61.3,61.2,69.9,91.9,119,128.4,128.2,130.4,127.4,123.5,123.5,122.9,122.2,115.8,102.9,89.4,81.9,74.2,60.8,46.3,26.1,30.5,48.1,59.7,58.8,68.9,87.4,105.9,112.9,117.8,115.3,110.5,103.4,97,92.8,0,0,0,0,6206.3,7454.4,75.6865853658537,90.9073170731707,115,55,5,5
"018","01","A","S",2,90.1,1967,30,19,13,55,32,-59,1.5,1,1,0,90,"2212",12,90,54.3,45.9,50.2,52.7,49.6,46,49.8,66.1,83.5,96.9,99.8,91.1,72.2,44.1,27.8,31.7,40,61.1,79.4,93,103.7,112.8,115.5,113,109.2,104.5,97.7,87.2,73.4,56.7,39.3,31.5,39.9,45.7,60.3,81.1,87.4,86.9,96.5,106.7,110.3,112,109.1,106.8,106.6,100.6,94.7,88.7,76.1,64.5,47.2,27.6,33,44.1,52.1,57.8,71.5,85.8,97,100.1,106.6,113.1,111.3,100.5,77.7,46.7,29.9,47,60.1,59.4,51,41.4,27.8,18.7,11.5,32.1,52.6,68.6,86.9,97.7,98,90.3,84.5,91,90.2,81.4,74.5,68.4,57.8,33.4,113.7,112.1,117.1,111.8,100.9,78.6,46.5,27.8,51,80.1,91.1,84.7,77.5,83.4,105.5,117.8,116.1,107.5,94.9,79.8,62.8,47.1,33.4,27.5,35.5,50.6,68.2,84.5,93.2,95.7,101.7,114.9,123.6,118.5,108.4,102.7,94.9,81.5,67.7,56.5,46.5,39.3,29.3,22.1,36.5,50.9,66.1,76.4,87.1,97.4,100.1,106.9,117.9,118,112.3,103.2,91.8,77.2,67.7,54.9,40.5,32.3,26.1,15.5,12.9,40.9,77.3,105.3,124.1,126.8,115.3,103.9,92.2,82.5,80.7,86.1,88.4,90.9,91.6,88.3,87.2,81.8,86.1,93,85.3,78.8,77.1,77.4,76.9,86.1,"TT","Y","",2022,3,1,"11/24/09",21.8312985571587,21.8491314848488,21.4598818742278,23.7953795379538,0,0,50.2,52.7,49.6,46,49.8,66.1,83.5,96.9,99.8,91.1,72.2,44.1,27.8,31.7,40,61.1,79.4,93,103.7,112.8,115.5,113,109.2,104.5,97.7,87.2,73.4,56.7,39.3,31.5,39.9,45.7,60.3,81.1,87.4,86.9,96.5,106.7,110.3,112,109.1,106.8,106.6,100.6,94.7,88.7,76.1,64.5,47.2,27.6,33,44.1,52.1,57.8,71.5,85.8,97,100.1,106.6,113.1,111.3,100.5,77.7,46.7,29.9,47,60.1,59.4,51,41.4,27.8,18.7,11.5,32.1,52.6,68.6,86.9,97.7,98,90.3,84.5,91,90.2,81.4,74.5,68.4,57.8,33.4,0,0,117.1,111.8,100.9,78.6,46.5,27.8,51,80.1,91.1,84.7,77.5,83.4,105.5,117.8,116.1,107.5,94.9,79.8,62.8,47.1,33.4,27.5,35.5,50.6,68.2,84.5,93.2,95.7,101.7,114.9,123.6,118.5,108.4,102.7,94.9,81.5,67.7,56.5,46.5,39.3,29.3,22.1,36.5,50.9,66.1,76.4,87.1,97.4,100.1,106.9,117.9,118,112.3,103.2,91.8,77.2,67.7,54.9,40.5,32.3,26.1,15.5,12.9,40.9,77.3,105.3,124.1,126.8,115.3,103.9,92.2,82.5,80.7,86.1,88.4,90.9,91.6,88.3,87.2,81.8,86.1,93,85.3,78.8,77.1,77.4,76.9,86.1,6379.7,6993.9,72.4965909090909,79.4761363636364,55,115,3,3
"016","02","A","E",2,90.1,1890,16,20,30,28,42,19,1.5,0,1,0,90,"2212",12,90,69.2,63,59,57.4,57.6,53.3,53.9,50.7,24.9,23.7,37.9,47,52.4,55.3,56.3,55.9,51.8,46.4,41.6,36.4,34.8,40.9,41.9,27.8,16.9,40.1,53,56.4,68.5,79.9,95,94.3,90.8,96.8,114,126,121.3,109.4,101.1,105,107.7,103.5,94,75.4,59.4,54.5,60.3,81.4,111.7,113.9,109,95.9,80.9,71.8,73.7,78.9,78.3,77,79.3,88.1,94.4,94.3,89.3,70.6,58.6,67.1,78.2,71.1,46.9,23.5,41.6,66.1,81.3,99.4,111.5,111.7,106.6,112.7,121.8,119.7,116,111.3,99.9,78.5,52.4,32,45.6,71.6,77.9,83.6,126.6,120.2,117.8,117,116.4,112.1,114.9,119.4,98,73.1,58.6,56.1,55.1,55.1,55.5,56.4,62.1,68.8,66.8,65.2,68.8,68.2,63.8,64.1,81.3,108.8,120.7,119.3,110.3,99.1,93.8,89.4,75.7,52.1,37.5,39.9,35,25.6,43.3,69.5,77.5,77.6,81.2,80.7,74.2,59.9,56.7,54.5,60.3,61,48.5,20,25.6,65.2,97.4,103.6,101,85.6,70.3,61.8,56.3,41.9,28,20,51.8,92.1,115.7,115.1,107.4,105.8,114,113.4,101.3,89.2,76.1,67.8,46.4,29.6,40.3,49.3,59.5,65.6,73.8,78.9,67.7,59.8,79.6,102.7,104.9,98.1,"TT","Y","",2022,4,1,"11/25/09",20.976692563818,21.8491314848488,21.4598818742278,23.7953795379538,0,0,59,57.4,57.6,53.3,53.9,50.7,24.9,23.7,37.9,47,52.4,55.3,56.3,55.9,51.8,46.4,41.6,36.4,34.8,40.9,41.9,27.8,16.9,40.1,53,56.4,68.5,79.9,95,94.3,90.8,96.8,114,126,121.3,109.4,101.1,105,107.7,103.5,94,75.4,59.4,54.5,60.3,81.4,111.7,113.9,109,95.9,80.9,71.8,73.7,78.9,78.3,77,79.3,88.1,94.4,94.3,89.3,70.6,58.6,67.1,78.2,71.1,46.9,23.5,41.6,66.1,81.3,99.4,111.5,111.7,106.6,112.7,121.8,119.7,116,111.3,99.9,78.5,52.4,32,45.6,71.6,77.9,83.6,0,0,117.8,117,116.4,112.1,114.9,119.4,98,73.1,58.6,56.1,55.1,55.1,55.5,56.4,62.1,68.8,66.8,65.2,68.8,68.2,63.8,64.1,81.3,108.8,120.7,119.3,110.3,99.1,93.8,89.4,75.7,52.1,37.5,39.9,35,25.6,43.3,69.5,77.5,77.6,81.2,80.7,74.2,59.9,56.7,54.5,60.3,61,48.5,20,25.6,65.2,97.4,103.6,101,85.6,70.3,61.8,56.3,41.9,28,20,51.8,92.1,115.7,115.1,107.4,105.8,114,113.4,101.3,89.2,76.1,67.8,46.4,29.6,40.3,49.3,59.5,65.6,73.8,78.9,67.7,59.8,79.6,102.7,104.9,98.1,6505.3,6549.3,73.9238636363637,74.4238636363636,55,115,3,3
"017","02","A","W",2,10.5,230,18,48,37,58,5,-9,1.5,2,0,0,90,"2212",12,10,107.7,96.9,97,97.3,101.4,105,97.5,75.1,39.3,11,0,0,0,0,0,0,0,0,0,0,0,0,0,0,0,0,0,0,0,0,0,0,0,0,0,0,0,0,0,0,0,0,0,0,0,0,0,0,0,0,0,0,0,0,0,0,0,0,0,0,0,0,0,0,0,0,0,0,0,0,0,0,0,0,0,0,0,0,0,0,0,0,0,0,0,0,0,0,0,0,53.3,47.5,51.1,35.8,19.7,20.2,18.6,20.5,48.2,83.4,0,0,0,0,0,0,0,0,0,0,0,0,0,0,0,0,0,0,0,0,0,0,0,0,0,0,0,0,0,0,0,0,0,0,0,0,0,0,0,0,0,0,0,0,0,0,0,0,0,0,0,0,0,0,0,0,0,0,0,0,0,0,0,0,0,0,0,0,0,0,0,0,0,0,0,0,0,0,0,0,"TT","Y","",2022,5,1,"11/25/09",21.9047619047619,21.8491314848488,21.4598818742278,23.7953795379538,0,0,0,0,101.4,105,97.5,75.1,39.3,11,0,0,0,0,0,0,0,0,0,0,0,0,0,0,0,0,0,0,0,0,0,0,0,0,0,0,0,0,0,0,0,0,0,0,0,0,0,0,0,0,0,0,0,0,0,0,0,0,0,0,0,0,0,0,0,0,0,0,0,0,0,0,0,0,0,0,0,0,0,0,0,0,0,0,0,0,0,0,0,0,0,0,0,0,19.7,20.2,18.6,20.5,48.2,83.4,0,0,0,0,0,0,0,0,0,0,0,0,0,0,0,0,0,0,0,0,0,0,0,0,0,0,0,0,0,0,0,0,0,0,0,0,0,0,0,0,0,0,0,0,0,0,0,0,0,0,0,0,0,0,0,0,0,0,0,0,0,0,0,0,0,0,0,0,0,0,0,0,0,0,0,0,0,0,0,0,429.3,210.6,71.55,35.1,115,55,5,5
"018","02","A","S",2,30.3,721,25,20,29,40,31,-92,1.5,1,2,0,90,"2212",12,30,56.1,62,80.3,97.2,91.7,85.9,86.1,94.4,92.4,78.1,53.5,21.6,20,41.7,45.2,33.5,26.1,37.6,60.8,71.2,72.4,86.9,100.1,99.3,97.1,92.2,81,74,86.7,96.8,0,0,0,0,0,0,0,0,0,0,0,0,0,0,0,0,0,0,0,0,0,0,0,0,0,0,0,0,0,0,0,0,0,0,0,0,0,0,0,0,0,0,0,0,0,0,0,0,0,0,0,0,0,0,0,0,0,0,0,0,108.4,98.2,90.4,89.8,76.9,53,19.4,17.5,39.3,48.5,50.2,68.4,98.8,121.5,126.3,116.6,111,109,111.6,106.8,91.9,77.6,69.7,55.3,36.7,12.8,13.2,49,84,97.9,0,0,0,0,0,0,0,0,0,0,0,0,0,0,0,0,0,0,0,0,0,0,0,0,0,0,0,0,0,0,0,0,0,0,0,0,0,0,0,0,0,0,0,0,0,0,0,0,0,0,0,0,0,0,0,0,0,0,0,0,"FS","Y","",2022,6,1,"11/25/09",23.7953795379538,21.8491314848488,21.4598818742278,23.7953795379538,0,62,80.3,97.2,91.7,85.9,86.1,94.4,92.4,78.1,53.5,21.6,20,41.7,45.2,33.5,26.1,37.6,60.8,71.2,72.4,86.9,100.1,99.3,97.1,92.2,81,74,86.7,96.8,0,0,0,0,0,0,0,0,0,0,0,0,0,0,0,0,0,0,0,0,0,0,0,0,0,0,0,0,0,0,0,0,0,0,0,0,0,0,0,0,0,0,0,0,0,0,0,0,0,0,0,0,0,0,0,0,0,0,0,0,0,98.2,90.4,89.8,76.9,53,19.4,17.5,39.3,48.5,50.2,68.4,98.8,121.5,126.3,116.6,111,109,111.6,106.8,91.9,77.6,69.7,55.3,36.7,12.8,13.2,49,84,97.9,0,0,0,0,0,0,0,0,0,0,0,0,0,0,0,0,0,0,0,0,0,0,0,0,0,0,0,0,0,0,0,0,0,0,0,0,0,0,0,0,0,0,0,0,0,0,0,0,0,0,0,0,0,0,0,0,0,0,0,0,2065.8,2141.3,71.2344827586207,73.8379310344828,55,115,2,2
"025","01","A","W",2,31.1,864,28,31,20,18,62,-65,1.5,1,1,0,90,"2212",25,31,119.6,116.9,117,112.6,118.4,124.3,120.7,116.9,113.2,106.1,84,50.3,29.9,61.7,64.8,61.2,54.5,62.5,101.4,124,117.3,111.8,98.2,82,62.8,47.9,46.3,43.2,22.9,7.6,6.3,0,0,0,0,0,0,0,0,0,0,0,0,0,0,0,0,0,0,0,0,0,0,0,0,0,0,0,0,0,0,0,0,0,0,0,0,0,0,0,0,0,0,0,0,0,0,0,0,0,0,0,0,0,0,0,0,0,0,0,62.1,58.3,59.1,52.4,40.7,38.9,47.2,57.5,55.8,62.5,76.7,72.4,99,130,119.7,90.9,70.6,29.2,19.7,44.7,45.4,67.6,85.5,101.3,115.8,126.7,132.3,126.6,105.5,85,80.5,0,0,0,0,0,0,0,0,0,0,0,0,0,0,0,0,0,0,0,0,0,0,0,0,0,0,0,0,0,0,0,0,0,0,0,0,0,0,0,0,0,0,0,0,0,0,0,0,0,0,0,0,0,0,0,0,0,0,0,"TT","Y","",2022,1,1,"11/24/09",27.7813504823151,24.7041583103037,23.592358393417,30.2631578947368,0,0,0,0,118.4,124.3,120.7,116.9,113.2,106.1,84,50.3,29.9,61.7,64.8,61.2,54.5,62.5,101.4,124,117.3,111.8,98.2,82,62.8,47.9,46.3,43.2,22.9,7.6,6.3,0,0,0,0,0,0,0,0,0,0,0,0,0,0,0,0,0,0,0,0,0,0,0,0,0,0,0,0,0,0,0,0,0,0,0,0,0,0,0,0,0,0,0,0,0,0,0,0,0,0,0,0,0,0,0,0,0,0,0,0,0,0,0,40.7,38.9,47.2,57.5,55.8,62.5,76.7,72.4,99,130,119.7,90.9,70.6,29.2,19.7,44.7,45.4,67.6,85.5,101.3,115.8,126.7,132.3,126.6,105.5,85,80.5,0,0,0,0,0,0,0,0,0,0,0,0,0,0,0,0,0,0,0,0,0,0,0,0,0,0,0,0,0,0,0,0,0,0,0,0,0,0,0,0,0,0,0,0,0,0,0,0,0,0,0,0,0,0,0,0,0,0,0,2040.2,2127.7,75.562962962963,78.8037037037037,115,55,5,5
"026","01","A","N",2,90.1,1895,24,17,7,22,71,-23,1.5,0,2,0,90,"2212",25,90,115.8,113.3,108.1,104.7,112.4,103.4,91.4,86.5,87,108.8,125.8,116.1,104.6,103,107.1,93.7,77.1,58.8,45.8,48.9,52.5,44.2,28.4,42.5,58.8,65.6,47,29.9,44.1,44.9,40.9,42,45.2,55.2,74.6,75.4,76.7,82.2,96.3,110.6,116.9,115.1,101.4,83.5,41.1,27.3,45.5,35.7,46,67.7,82.5,92.8,97.2,98.7,92.9,83.2,68.2,59.2,54.8,45.2,44.5,55,67.4,72,90.4,95.3,93,95.2,93.4,89.7,87,90.7,91.8,87,83.4,78.7,77.2,72.9,76.1,82,93,102.6,106.7,107,105.5,101.8,98.5,103.7,103.6,98.8,63.1,58.8,55.6,61.3,70.3,64.1,51.8,20.7,11.2,22.7,39.3,29.5,20.4,43.7,74.8,90.2,105.8,118.7,128.7,131.4,117.6,98,72.2,64.1,93.5,112.5,108.8,113,129.4,130.4,127.4,128.3,126.8,120.2,108.4,103.6,104.2,100.6,90.8,74,54.3,35,18.6,12.6,48,101.8,129.5,121.1,121.4,113.5,102.6,91.8,87.7,87.1,90.6,99.1,112.2,118.7,118.1,112.1,105.1,108.5,112.3,103.2,94.6,91.7,88.9,82.3,73.8,74.2,86.3,95.7,93.7,95.5,100.7,103,104.8,108.9,106.3,101.8,94.7,87,82.4,78.6,69.3,60.4,62.7,66.8,60.6,58.3,"TT","Y","",2022,2,1,"11/24/09",21.0321864594895,24.7041583103037,23.592358393417,30.2631578947368,0,0,0,0,112.4,103.4,91.4,86.5,87,108.8,125.8,116.1,104.6,103,107.1,93.7,77.1,58.8,45.8,48.9,52.5,44.2,28.4,42.5,58.8,65.6,47,29.9,44.1,44.9,40.9,42,45.2,55.2,74.6,75.4,76.7,82.2,96.3,110.6,116.9,115.1,101.4,83.5,41.1,27.3,45.5,35.7,46,67.7,82.5,92.8,97.2,98.7,92.9,83.2,68.2,59.2,54.8,45.2,44.5,55,67.4,72,90.4,95.3,93,95.2,93.4,89.7,87,90.7,91.8,87,83.4,78.7,77.2,72.9,76.1,82,93,102.6,106.7,107,105.5,101.8,98.5,103.7,103.6,98.8,0,0,0,0,70.3,64.1,51.8,20.7,11.2,22.7,39.3,29.5,20.4,43.7,74.8,90.2,105.8,118.7,128.7,131.4,117.6,98,72.2,64.1,93.5,112.5,108.8,113,129.4,130.4,127.4,128.3,126.8,120.2,108.4,103.6,104.2,100.6,90.8,74,54.3,35,18.6,12.6,48,101.8,129.5,121.1,121.4,113.5,102.6,91.8,87.7,87.1,90.6,99.1,112.2,118.7,118.1,112.1,105.1,108.5,112.3,103.2,94.6,91.7,88.9,82.3,73.8,74.2,86.3,95.7,93.7,95.5,100.7,103,104.8,108.9,106.3,101.8,94.7,87,82.4,78.6,69.3,60.4,62.7,66.8,60.6,58.3,6726.2,7575,78.2116279069767,88.0813953488372,115,55,5,5
"027","01","A","S",2,90.1,2456,30,20,15,21,64,62,1.5,0,2,0,90,"2212",25,90,52.1,49.1,52.3,49.7,50.6,47.1,47,71.9,87.9,85.3,75.9,54.9,49.5,40.6,47.6,43.9,42.4,60.6,80.8,77.9,74.1,84.4,93.4,81.3,58.7,49.9,61.6,45.4,16.5,41,82,111,107.9,92.6,67.9,53.4,81.4,92.7,92.3,85,66.2,70.7,74.9,62,42.7,34.7,45.3,41.1,33.4,26,38.9,42.3,36.6,43.7,57,69.4,80.4,92.5,103.5,112.2,117.9,120.5,123.5,124.5,121.5,118,110.2,100.1,86.7,72.1,58,46.9,48.2,61.3,74.5,86.6,98.3,107.6,115.9,120.6,123.3,124.5,121.8,120,118.4,108.1,100.5,90.9,81.5,72.7,109.4,115.6,121.9,107.5,83.8,55.5,45.6,67.6,95.1,107.7,103.4,108.3,128.3,125.5,127.7,123.5,112.6,100.6,102.2,91,58.1,15.9,21.8,35.8,59.1,102.6,127.9,116.6,82,50.1,41.4,43.9,27.3,10.2,20.9,58.7,88,87.6,61.7,57.7,71.1,99.6,97.8,75.8,85.1,107.9,128.7,118.6,102.2,104,122.7,123.8,122.1,128.5,133.6,129.5,121.1,107.5,89.7,72.1,57.6,46.6,39,40.2,47.9,59,71.1,85.5,98.3,109.3,118.7,126.9,133,132.5,125.6,113.2,98.2,81.3,63.8,48.1,39.2,39.4,47,58.4,60.8,66.3,80.6,93.7,102.5,109.3,"TT","Y","",2022,3,1,"11/24/09",27.2586015538291,24.7041583103037,23.592358393417,30.2631578947368,0,49.1,52.3,49.7,50.6,47.1,47,71.9,87.9,85.3,75.9,54.9,49.5,40.6,47.6,43.9,42.4,60.6,80.8,77.9,74.1,84.4,93.4,81.3,58.7,49.9,61.6,45.4,16.5,41,82,111,107.9,92.6,67.9,53.4,81.4,92.7,92.3,85,66.2,70.7,74.9,62,42.7,34.7,45.3,41.1,33.4,26,38.9,42.3,36.6,43.7,57,69.4,80.4,92.5,103.5,112.2,117.9,120.5,123.5,124.5,121.5,118,110.2,100.1,86.7,72.1,58,46.9,48.2,61.3,74.5,86.6,98.3,107.6,115.9,120.6,123.3,124.5,121.8,120,118.4,108.1,100.5,90.9,81.5,72.7,0,115.6,121.9,107.5,83.8,55.5,45.6,67.6,95.1,107.7,103.4,108.3,128.3,125.5,127.7,123.5,112.6,100.6,102.2,91,58.1,15.9,21.8,35.8,59.1,102.6,127.9,116.6,82,50.1,41.4,43.9,27.3,10.2,20.9,58.7,88,87.6,61.7,57.7,71.1,99.6,97.8,75.8,85.1,107.9,128.7,118.6,102.2,104,122.7,123.8,122.1,128.5,133.6,129.5,121.1,107.5,89.7,72.1,57.6,46.6,39,40.2,47.9,59,71.1,85.5,98.3,109.3,118.7,126.9,133,132.5,125.6,113.2,98.2,81.3,63.8,48.1,39.2,39.4,47,58.4,60.8,66.3,80.6,93.7,102.5,109.3,6735.6,7625.1,75.6808988764045,85.6752808988764,55,115,2,2
"025","02","A","E",2,90.1,2641,23,28,2,7,91,129,1.5,0,0,0,90,"2212",25,90,58.2,56.3,52.8,68.8,84.2,99,110,118.1,121.7,123.9,121.9,116.2,107.7,95.5,81.8,64.3,48.9,46.9,54.6,66.8,79.7,92.7,104.8,114.7,120.3,124.3,120.7,114.8,117.2,118.5,111,101.9,87.8,80.8,72,67.3,65.9,60.6,41.8,19.2,50.9,61.3,77.1,95.9,104.7,106.7,117,121.8,124.3,123.6,119.5,112.2,103.3,93.2,94.4,104,113.3,121.5,124.6,123.4,118.6,111.6,102.8,93.3,82.3,69.2,56.3,46.9,44.6,45.3,58.8,80.1,97.9,110.3,117.2,123.5,122.6,117.6,109.1,96.9,82.4,66.5,50.9,44.4,37.9,35.8,35.5,41.9,73.1,105.1,124,121.6,118.3,127.1,116.6,96.7,75.9,56.5,42.1,38.1,46.2,60.2,73.6,90.3,101.6,115,126.9,132.8,133.5,130.4,121.5,106.1,86.9,66,50.4,43,39.2,31.8,35.6,55.1,71.4,81.8,96.6,101.6,107.2,113.3,111.1,106.3,100.1,102.5,125.6,129,120.3,101,85.5,73.3,58.7,46,39,41.7,54.9,69.3,82.2,93.4,94,85.5,70.5,53.5,41.1,40,53.7,71.6,86.6,98.5,111.8,123.7,129.6,130.8,129.7,125.3,117.9,106.2,91.8,76,54.8,40,41.8,57.5,71.5,91.6,111,124.6,130.3,129.5,124.1,112.2,91.2,56.2,22.1,31.7,"TT","Y","",2022,4,1,"11/25/09",29.3118756936737,24.7041583103037,23.592358393417,30.2631578947368,0,56.3,52.8,68.8,84.2,99,110,118.1,121.7,123.9,121.9,116.2,107.7,95.5,81.8,64.3,48.9,46.9,54.6,66.8,79.7,92.7,104.8,114.7,120.3,124.3,120.7,114.8,117.2,118.5,111,101.9,87.8,80.8,72,67.3,65.9,60.6,41.8,19.2,50.9,61.3,77.1,95.9,104.7,106.7,117,121.8,124.3,123.6,119.5,112.2,103.3,93.2,94.4,104,113.3,121.5,124.6,123.4,118.6,111.6,102.8,93.3,82.3,69.2,56.3,46.9,44.6,45.3,58.8,80.1,97.9,110.3,117.2,123.5,122.6,117.6,109.1,96.9,82.4,66.5,50.9,44.4,37.9,35.8,35.5,41.9,73.1,105.1,0,121.6,118.3,127.1,116.6,96.7,75.9,56.5,42.1,38.1,46.2,60.2,73.6,90.3,101.6,115,126.9,132.8,133.5,130.4,121.5,106.1,86.9,66,50.4,43,39.2,31.8,35.6,55.1,71.4,81.8,96.6,101.6,107.2,113.3,111.1,106.3,100.1,102.5,125.6,129,120.3,101,85.5,73.3,58.7,46,39,41.7,54.9,69.3,82.2,93.4,94,85.5,70.5,53.5,41.1,40,53.7,71.6,86.6,98.5,111.8,123.7,129.6,130.8,129.7,125.3,117.9,106.2,91.8,76,54.8,40,41.8,57.5,71.5,91.6,111,124.6,130.3,129.5,124.1,112.2,91.2,56.2,22.1,31.7,7926.5,7678.7,89.061797752809,86.2775280898877,55,115,2,2
"026","02","A","W",2,22.5,283,72,1,3,11,86,-5,1.5,1,0,0,90,"2212",25,22,109.4,98.5,104.2,103.7,88,72.7,56.4,48.2,47.8,47.4,47.3,47.3,47.3,47.3,47.1,46.8,47.9,47.5,46.8,43.2,41.6,16.5,0,0,0,0,0,0,0,0,0,0,0,0,0,0,0,0,0,0,0,0,0,0,0,0,0,0,0,0,0,0,0,0,0,0,0,0,0,0,0,0,0,0,0,0,0,0,0,0,0,0,0,0,0,0,0,0,0,0,0,0,0,0,0,0,0,0,0,0,58.7,54.2,70.8,75,85.7,108.3,119.7,125,124.3,124.1,124,124.1,123.7,123.6,123.7,123.3,123.5,124,124.2,124.5,123.8,102,0,0,0,0,0,0,0,0,0,0,0,0,0,0,0,0,0,0,0,0,0,0,0,0,0,0,0,0,0,0,0,0,0,0,0,0,0,0,0,0,0,0,0,0,0,0,0,0,0,0,0,0,0,0,0,0,0,0,0,0,0,0,0,0,0,0,0,0,"TT","Y","",2022,5,1,"11/25/09",12.5777777777778,24.7041583103037,23.592358393417,30.2631578947368,0,0,0,0,88,72.7,56.4,48.2,47.8,47.4,47.3,47.3,47.3,47.3,47.1,46.8,47.9,47.5,46.8,43.2,41.6,16.5,0,0,0,0,0,0,0,0,0,0,0,0,0,0,0,0,0,0,0,0,0,0,0,0,0,0,0,0,0,0,0,0,0,0,0,0,0,0,0,0,0,0,0,0,0,0,0,0,0,0,0,0,0,0,0,0,0,0,0,0,0,0,0,0,0,0,0,0,0,0,0,0,85.7,108.3,119.7,125,124.3,124.1,124,124.1,123.7,123.6,123.7,123.3,123.5,124,124.2,124.5,123.8,102,0,0,0,0,0,0,0,0,0,0,0,0,0,0,0,0,0,0,0,0,0,0,0,0,0,0,0,0,0,0,0,0,0,0,0,0,0,0,0,0,0,0,0,0,0,0,0,0,0,0,0,0,0,0,0,0,0,0,0,0,0,0,0,0,0,0,0,0,887.1,2151.5,49.2833333333333,119.527777777778,115,55,5,5
"027","02","A","S",2,30.4,920,40,2,19,46,35,4,1.5,0,0,0,90,"2212",25,30,46,24.1,24.6,42.1,26,21.6,52.4,87.9,105.9,91.7,66.3,39.1,41.2,34.9,48.3,68,68.8,92.2,106.5,99.5,76.8,47.9,61.2,77,79.3,60.9,34.9,35.2,56.7,60.8,0,0,0,0,0,0,0,0,0,0,0,0,0,0,0,0,0,0,0,0,0,0,0,0,0,0,0,0,0,0,0,0,0,0,0,0,0,0,0,0,0,0,0,0,0,0,0,0,0,0,0,0,0,0,0,0,0,0,0,0,110.7,101.8,110.9,128.3,108.8,73.3,41.2,55.1,82.6,85.9,96.1,107.6,127,119.3,113.2,106.9,83.4,60.1,56.2,49.3,42.5,70,101.7,100.6,74.4,58.4,70.6,102.1,118.3,111,0,0,0,0,0,0,0,0,0,0,0,0,0,0,0,0,0,0,0,0,0,0,0,0,0,0,0,0,0,0,0,0,0,0,0,0,0,0,0,0,0,0,0,0,0,0,0,0,0,0,0,0,0,0,0,0,0,0,0,0,"FS","Y","",2022,6,1,"11/25/09",30.2631578947368,24.7041583103037,23.592358393417,30.2631578947368,0,24.1,24.6,42.1,26,21.6,52.4,87.9,105.9,91.7,66.3,39.1,41.2,34.9,48.3,68,68.8,92.2,106.5,99.5,76.8,47.9,61.2,77,79.3,60.9,34.9,35.2,56.7,60.8,0,0,0,0,0,0,0,0,0,0,0,0,0,0,0,0,0,0,0,0,0,0,0,0,0,0,0,0,0,0,0,0,0,0,0,0,0,0,0,0,0,0,0,0,0,0,0,0,0,0,0,0,0,0,0,0,0,0,0,0,0,101.8,110.9,128.3,108.8,73.3,41.2,55.1,82.6,85.9,96.1,107.6,127,119.3,113.2,106.9,83.4,60.1,56.2,49.3,42.5,70,101.7,100.6,74.4,58.4,70.6,102.1,118.3,111,0,0,0,0,0,0,0,0,0,0,0,0,0,0,0,0,0,0,0,0,0,0,0,0,0,0,0,0,0,0,0,0,0,0,0,0,0,0,0,0,0,0,0,0,0,0,0,0,0,0,0,0,0,0,0,0,0,0,0,0,1731.8,2556.6,59.7172413793104,88.1586206896552,55,115,2,2
"007","03","A","S",2,45,1060,43,15,33,28,39,-61,1.5,0,0,0,90,"2212",8,44,58.2,55.6,49.1,63.1,64.4,62.1,47.5,27.3,30.3,42.8,47.6,53.5,55.5,54.4,58.2,49.8,44.4,40.9,22.2,18.9,33.7,47.3,61.2,65.7,63.5,64,57.3,48.6,38,39,27.9,45.2,71.4,85,91.1,96.8,97.7,110.1,122.4,119.7,110.7,88.2,68.1,50,0,0,0,0,0,0,0,0,0,0,0,0,0,0,0,0,0,0,0,0,0,0,0,0,0,0,0,0,0,0,0,0,0,0,0,0,0,0,0,0,0,0,0,0,0,0,114.2,100.2,70.7,35.4,25.5,37.3,61.1,88.9,114.7,127.3,124.6,119.5,113.4,93.3,70.1,60.9,56.6,56.3,65.7,79.2,90,106.3,123.6,127.4,125.8,124.4,120.8,122.5,121.7,125,105.8,87.1,82.8,85.6,83.8,71.1,44.6,28.3,38.9,46.2,47.1,52.1,59.4,76.3,0,0,0,0,0,0,0,0,0,0,0,0,0,0,0,0,0,0,0,0,0,0,0,0,0,0,0,0,0,0,0,0,0,0,0,0,0,0,0,0,0,0,0,0,0,0,"TT","Y","",2022,1,2,"11/26/09",23.5555555555556,27.3891395154553,27.314335839599,27.7631578947368,0,55.6,49.1,63.1,64.4,62.1,47.5,27.3,30.3,42.8,47.6,53.5,55.5,54.4,58.2,49.8,44.4,40.9,22.2,18.9,33.7,47.3,61.2,65.7,63.5,64,57.3,48.6,38,39,27.9,45.2,71.4,85,91.1,96.8,97.7,110.1,122.4,119.7,110.7,88.2,68.1,50,0,0,0,0,0,0,0,0,0,0,0,0,0,0,0,0,0,0,0,0,0,0,0,0,0,0,0,0,0,0,0,0,0,0,0,0,0,0,0,0,0,0,0,0,0,0,0,100.2,70.7,35.4,25.5,37.3,61.1,88.9,114.7,127.3,124.6,119.5,113.4,93.3,70.1,60.9,56.6,56.3,65.7,79.2,90,106.3,123.6,127.4,125.8,124.4,120.8,122.5,121.7,125,105.8,87.1,82.8,85.6,83.8,71.1,44.6,28.3,38.9,46.2,47.1,52.1,59.4,76.3,0,0,0,0,0,0,0,0,0,0,0,0,0,0,0,0,0,0,0,0,0,0,0,0,0,0,0,0,0,0,0,0,0,0,0,0,0,0,0,0,0,0,0,0,0,0,2590.2,3597.3,60.2372093023256,83.6581395348837,55,115,2,2
"008","03","A","E",2,22.8,537,6,19,52,26,22,61,1.5,1,1,0,90,"2212",8,22,68.9,65.1,58.4,69.4,76.4,77.9,79.4,77.6,62.5,46.2,62,66.2,60.2,66.2,67.7,77.7,88.1,100.2,97,83.6,61.4,36.2,0,0,0,0,0,0,0,0,0,0,0,0,0,0,0,0,0,0,0,0,0,0,0,0,0,0,0,0,0,0,0,0,0,0,0,0,0,0,0,0,0,0,0,0,0,0,0,0,0,0,0,0,0,0,0,0,0,0,0,0,0,0,0,0,0,0,0,0,127.6,119.1,96.7,78.8,63.1,43.6,16.2,19.3,39.6,63.8,73.7,66.2,51.1,35.2,21.3,32.3,59.5,86.2,92,99.5,103.4,99.3,0,0,0,0,0,0,0,0,0,0,0,0,0,0,0,0,0,0,0,0,0,0,0,0,0,0,0,0,0,0,0,0,0,0,0,0,0,0,0,0,0,0,0,0,0,0,0,0,0,0,0,0,0,0,0,0,0,0,0,0,0,0,0,0,0,0,0,0,"TT","Y","",2022,2,2,"11/26/09",23.5526315789474,27.3891395154553,27.314335839599,27.7631578947368,0,65.1,58.4,69.4,76.4,77.9,79.4,77.6,62.5,46.2,62,66.2,60.2,66.2,67.7,77.7,88.1,100.2,97,83.6,61.4,36.2,0,0,0,0,0,0,0,0,0,0,0,0,0,0,0,0,0,0,0,0,0,0,0,0,0,0,0,0,0,0,0,0,0,0,0,0,0,0,0,0,0,0,0,0,0,0,0,0,0,0,0,0,0,0,0,0,0,0,0,0,0,0,0,0,0,0,0,0,0,119.1,96.7,78.8,63.1,43.6,16.2,19.3,39.6,63.8,73.7,66.2,51.1,35.2,21.3,32.3,59.5,86.2,92,99.5,103.4,99.3,0,0,0,0,0,0,0,0,0,0,0,0,0,0,0,0,0,0,0,0,0,0,0,0,0,0,0,0,0,0,0,0,0,0,0,0,0,0,0,0,0,0,0,0,0,0,0,0,0,0,0,0,0,0,0,0,0,0,0,0,0,0,0,0,0,0,0,0,1479.4,1359.9,70.4476190476191,64.7571428571429,55,115,2,2
"009","03","A","N",2,17.5,442,26,26,68,24,8,64,1.5,0,1,0,90,"2212",8,17,108.5,98,78.9,65.6,55.5,22.3,22.2,35.5,50.8,65.1,69.4,75.5,79.1,70.9,61.5,48,29,0,0,0,0,0,0,0,0,0,0,0,0,0,0,0,0,0,0,0,0,0,0,0,0,0,0,0,0,0,0,0,0,0,0,0,0,0,0,0,0,0,0,0,0,0,0,0,0,0,0,0,0,0,0,0,0,0,0,0,0,0,0,0,0,0,0,0,0,0,0,0,0,0,58,48.8,11.1,31.1,103.1,79.9,106.1,110.2,86.4,57.2,25.9,25.2,42,62.5,72.9,82.8,87.7,0,0,0,0,0,0,0,0,0,0,0,0,0,0,0,0,0,0,0,0,0,0,0,0,0,0,0,0,0,0,0,0,0,0,0,0,0,0,0,0,0,0,0,0,0,0,0,0,0,0,0,0,0,0,0,0,0,0,0,0,0,0,0,0,0,0,0,0,0,0,0,0,0,"TT","Y","",2022,3,2,"11/26/09",25.2571428571429,27.3891395154553,27.314335839599,27.7631578947368,0,0,0,65.6,55.5,22.3,22.2,35.5,50.8,65.1,69.4,75.5,79.1,70.9,61.5,48,29,0,0,0,0,0,0,0,0,0,0,0,0,0,0,0,0,0,0,0,0,0,0,0,0,0,0,0,0,0,0,0,0,0,0,0,0,0,0,0,0,0,0,0,0,0,0,0,0,0,0,0,0,0,0,0,0,0,0,0,0,0,0,0,0,0,0,0,0,0,0,0,0,0,0,0,0,31.1,103.1,79.9,106.1,110.2,86.4,57.2,25.9,25.2,42,62.5,72.9,82.8,87.7,0,0,0,0,0,0,0,0,0,0,0,0,0,0,0,0,0,0,0,0,0,0,0,0,0,0,0,0,0,0,0,0,0,0,0,0,0,0,0,0,0,0,0,0,0,0,0,0,0,0,0,0,0,0,0,0,0,0,0,0,0,0,0,0,0,0,0,0,0,0,0,0,0,750.4,973,53.6,69.5,115,55,4,4
"007","04","A","N",2,12.6,368,22,40,84,12,4,60,1.5,3,1,0,90,"2212",8,12,97.9,71.8,42.4,25.5,37.2,65.4,79.9,86.3,84.2,67.7,52,28.4,0,0,0,0,0,0,0,0,0,0,0,0,0,0,0,0,0,0,0,0,0,0,0,0,0,0,0,0,0,0,0,0,0,0,0,0,0,0,0,0,0,0,0,0,0,0,0,0,0,0,0,0,0,0,0,0,0,0,0,0,0,0,0,0,0,0,0,0,0,0,0,0,0,0,0,0,0,0,37.1,24.7,44.7,83.7,79.6,70.1,45.7,11.3,15.5,40.8,68.8,81,0,0,0,0,0,0,0,0,0,0,0,0,0,0,0,0,0,0,0,0,0,0,0,0,0,0,0,0,0,0,0,0,0,0,0,0,0,0,0,0,0,0,0,0,0,0,0,0,0,0,0,0,0,0,0,0,0,0,0,0,0,0,0,0,0,0,0,0,0,0,0,0,0,0,0,0,0,0,"TT","Y","",2022,4,2,"11/27/09",29.2063492063492,27.3891395154553,27.314335839599,27.7631578947368,0,0,0,25.5,37.2,65.4,79.9,86.3,84.2,67.7,52,28.4,0,0,0,0,0,0,0,0,0,0,0,0,0,0,0,0,0,0,0,0,0,0,0,0,0,0,0,0,0,0,0,0,0,0,0,0,0,0,0,0,0,0,0,0,0,0,0,0,0,0,0,0,0,0,0,0,0,0,0,0,0,0,0,0,0,0,0,0,0,0,0,0,0,0,0,0,0,0,0,0,0,83.7,79.6,70.1,45.7,11.3,15.5,40.8,68.8,81,0,0,0,0,0,0,0,0,0,0,0,0,0,0,0,0,0,0,0,0,0,0,0,0,0,0,0,0,0,0,0,0,0,0,0,0,0,0,0,0,0,0,0,0,0,0,0,0,0,0,0,0,0,0,0,0,0,0,0,0,0,0,0,0,0,0,0,0,0,0,0,0,0,0,0,0,0,0,526.6,496.5,58.5111111111111,55.1666666666667,115,55,4,4
"008","04","A","W",2,5.2,182,15,35,90,9,1,-45,1.5,0,1,0,90,"2212",8,5,92,73.7,67.4,57.5,29.1,0,0,0,0,0,0,0,0,0,0,0,0,0,0,0,0,0,0,0,0,0,0,0,0,0,0,0,0,0,0,0,0,0,0,0,0,0,0,0,0,0,0,0,0,0,0,0,0,0,0,0,0,0,0,0,0,0,0,0,0,0,0,0,0,0,0,0,0,0,0,0,0,0,0,0,0,0,0,0,0,0,0,0,0,0,25.1,21.1,51.8,76.8,87.8,0,0,0,0,0,0,0,0,0,0,0,0,0,0,0,0,0,0,0,0,0,0,0,0,0,0,0,0,0,0,0,0,0,0,0,0,0,0,0,0,0,0,0,0,0,0,0,0,0,0,0,0,0,0,0,0,0,0,0,0,0,0,0,0,0,0,0,0,0,0,0,0,0,0,0,0,0,0,0,0,0,0,0,0,0,"TT","Y","",2022,5,2,"11/27/09",35,27.3891395154553,27.314335839599,27.7631578947368,0,0,0,57.5,29.1,0,0,0,0,0,0,0,0,0,0,0,0,0,0,0,0,0,0,0,0,0,0,0,0,0,0,0,0,0,0,0,0,0,0,0,0,0,0,0,0,0,0,0,0,0,0,0,0,0,0,0,0,0,0,0,0,0,0,0,0,0,0,0,0,0,0,0,0,0,0,0,0,0,0,0,0,0,0,0,0,0,0,0,0,0,0,0,0,76.8,87.8,0,0,0,0,0,0,0,0,0,0,0,0,0,0,0,0,0,0,0,0,0,0,0,0,0,0,0,0,0,0,0,0,0,0,0,0,0,0,0,0,0,0,0,0,0,0,0,0,0,0,0,0,0,0,0,0,0,0,0,0,0,0,0,0,0,0,0,0,0,0,0,0,0,0,0,0,0,0,0,0,0,0,0,0,0,86.6,164.6,43.3,82.3,115,55,4,4
"009","04","A","E",2,30.4,844,35,13,66,24,10,49,1.5,1,0,0,90,"2212",8,30,57.2,47.2,55.3,82.3,93.4,85.2,56.7,23.2,15.1,34,36.7,36.7,37.8,33.7,10.5,13.9,25.9,30.7,14.2,26.6,57.5,87.9,94.2,88.8,77,48.5,23.4,34.9,73,89.9,0,0,0,0,0,0,0,0,0,0,0,0,0,0,0,0,0,0,0,0,0,0,0,0,0,0,0,0,0,0,0,0,0,0,0,0,0,0,0,0,0,0,0,0,0,0,0,0,0,0,0,0,0,0,0,0,0,0,0,0,111.3,83.1,45,21.3,32.5,44,54.9,66.4,87.5,87.9,64.1,51.3,59.2,74.4,87.3,95.3,99,87.1,79.1,71.8,85.5,104.2,102.4,93.4,80.7,63.8,64.9,74.2,63,41.6,0,0,0,0,0,0,0,0,0,0,0,0,0,0,0,0,0,0,0,0,0,0,0,0,0,0,0,0,0,0,0,0,0,0,0,0,0,0,0,0,0,0,0,0,0,0,0,0,0,0,0,0,0,0,0,0,0,0,0,0,"FS","Y","",2022,6,2,"11/27/09",27.7631578947368,27.3891395154553,27.314335839599,27.7631578947368,0,47.2,55.3,82.3,93.4,85.2,56.7,23.2,15.1,34,36.7,36.7,37.8,33.7,10.5,13.9,25.9,30.7,14.2,26.6,57.5,87.9,94.2,88.8,77,48.5,23.4,34.9,73,89.9,0,0,0,0,0,0,0,0,0,0,0,0,0,0,0,0,0,0,0,0,0,0,0,0,0,0,0,0,0,0,0,0,0,0,0,0,0,0,0,0,0,0,0,0,0,0,0,0,0,0,0,0,0,0,0,0,0,0,0,0,0,83.1,45,21.3,32.5,44,54.9,66.4,87.5,87.9,64.1,51.3,59.2,74.4,87.3,95.3,99,87.1,79.1,71.8,85.5,104.2,102.4,93.4,80.7,63.8,64.9,74.2,63,41.6,0,0,0,0,0,0,0,0,0,0,0,0,0,0,0,0,0,0,0,0,0,0,0,0,0,0,0,0,0,0,0,0,0,0,0,0,0,0,0,0,0,0,0,0,0,0,0,0,0,0,0,0,0,0,0,0,0,0,0,0,1434.2,2064.9,49.4551724137931,71.2034482758621,55,115,2,2
"016","03","A","S",2,47.7,908,31,48,21,41,38,-70,1.5,1,0,0,90,"2212",12,47,58.5,56.7,57,49.3,45.9,64.7,96,118.7,117.5,117.7,118.4,113.2,115.2,117.1,117.5,115.7,104.5,85.2,55.3,26.8,31,45.1,48.4,51.1,46.1,45.4,43.5,42.1,42.4,41.5,32.8,18,43.4,60.3,74,75.1,87.3,99.7,98.7,104.6,119.2,121.3,114.9,108.5,87.7,59.4,33.2,0,0,0,0,0,0,0,0,0,0,0,0,0,0,0,0,0,0,0,0,0,0,0,0,0,0,0,0,0,0,0,0,0,0,0,0,0,0,0,0,0,0,0,108.3,95.6,80.9,66.9,48,25.7,30.6,48.9,50.3,51.6,51.5,42.3,40.1,45.8,49.7,48.7,49.3,37.9,39.4,69,98.4,114.9,117.6,124,126.5,123.5,121.7,120.4,120.2,119.6,115.6,101.8,100.3,107.5,101.5,84.3,62.9,47,27.8,19.3,36.8,41.2,40.1,41.2,37.9,34.6,55,0,0,0,0,0,0,0,0,0,0,0,0,0,0,0,0,0,0,0,0,0,0,0,0,0,0,0,0,0,0,0,0,0,0,0,0,0,0,0,0,0,0,0,"TT","Y","",2022,1,2,"11/26/09",19.0356394129979,19.2066649267995,19.0216821226857,20.1315789473684,0,0,57,49.3,45.9,64.7,96,118.7,117.5,117.7,118.4,113.2,115.2,117.1,117.5,115.7,104.5,85.2,55.3,26.8,31,45.1,48.4,51.1,46.1,45.4,43.5,42.1,42.4,41.5,32.8,18,43.4,60.3,74,75.1,87.3,99.7,98.7,104.6,119.2,121.3,114.9,108.5,87.7,59.4,33.2,0,0,0,0,0,0,0,0,0,0,0,0,0,0,0,0,0,0,0,0,0,0,0,0,0,0,0,0,0,0,0,0,0,0,0,0,0,0,0,0,0,0,0,0,0,80.9,66.9,48,25.7,30.6,48.9,50.3,51.6,51.5,42.3,40.1,45.8,49.7,48.7,49.3,37.9,39.4,69,98.4,114.9,117.6,124,126.5,123.5,121.7,120.4,120.2,119.6,115.6,101.8,100.3,107.5,101.5,84.3,62.9,47,27.8,19.3,36.8,41.2,40.1,41.2,37.9,34.6,55,0,0,0,0,0,0,0,0,0,0,0,0,0,0,0,0,0,0,0,0,0,0,0,0,0,0,0,0,0,0,0,0,0,0,0,0,0,0,0,0,0,0,0,3410.4,3118.2,75.7866666666667,69.2933333333334,55,115,3,3
"017","03","A","E",2,5.5,91,96,4,9,29,62,-43,1.5,1,0,0,90,"2212",12,5,63.5,56.1,51.2,36.4,19,0,0,0,0,0,0,0,0,0,0,0,0,0,0,0,0,0,0,0,0,0,0,0,0,0,0,0,0,0,0,0,0,0,0,0,0,0,0,0,0,0,0,0,0,0,0,0,0,0,0,0,0,0,0,0,0,0,0,0,0,0,0,0,0,0,0,0,0,0,0,0,0,0,0,0,0,0,0,0,0,0,0,0,0,0,124,119.8,123.9,117.7,105,0,0,0,0,0,0,0,0,0,0,0,0,0,0,0,0,0,0,0,0,0,0,0,0,0,0,0,0,0,0,0,0,0,0,0,0,0,0,0,0,0,0,0,0,0,0,0,0,0,0,0,0,0,0,0,0,0,0,0,0,0,0,0,0,0,0,0,0,0,0,0,0,0,0,0,0,0,0,0,0,0,0,0,0,0,"TT","Y","",2022,2,2,"11/26/09",16.5454545454545,19.2066649267995,19.0216821226857,20.1315789473684,0,0,51.2,36.4,19,0,0,0,0,0,0,0,0,0,0,0,0,0,0,0,0,0,0,0,0,0,0,0,0,0,0,0,0,0,0,0,0,0,0,0,0,0,0,0,0,0,0,0,0,0,0,0,0,0,0,0,0,0,0,0,0,0,0,0,0,0,0,0,0,0,0,0,0,0,0,0,0,0,0,0,0,0,0,0,0,0,0,0,0,0,0,0,123.9,117.7,105,0,0,0,0,0,0,0,0,0,0,0,0,0,0,0,0,0,0,0,0,0,0,0,0,0,0,0,0,0,0,0,0,0,0,0,0,0,0,0,0,0,0,0,0,0,0,0,0,0,0,0,0,0,0,0,0,0,0,0,0,0,0,0,0,0,0,0,0,0,0,0,0,0,0,0,0,0,0,0,0,0,0,0,0,0,106.6,346.6,35.5333333333333,115.533333333333,55,115,3,3
"018","03","A","N",2,12.6,270,27,3,47,44,9,-44,1.5,0,0,0,90,"2212",12,12,114.4,103.7,90.7,74.9,66.4,78.1,80.9,72.6,48,32.6,39.6,27.2,0,0,0,0,0,0,0,0,0,0,0,0,0,0,0,0,0,0,0,0,0,0,0,0,0,0,0,0,0,0,0,0,0,0,0,0,0,0,0,0,0,0,0,0,0,0,0,0,0,0,0,0,0,0,0,0,0,0,0,0,0,0,0,0,0,0,0,0,0,0,0,0,0,0,0,0,0,0,64.5,63.7,66.7,74,56.1,48.7,56.9,66.8,73.1,88.9,106.4,108.1,0,0,0,0,0,0,0,0,0,0,0,0,0,0,0,0,0,0,0,0,0,0,0,0,0,0,0,0,0,0,0,0,0,0,0,0,0,0,0,0,0,0,0,0,0,0,0,0,0,0,0,0,0,0,0,0,0,0,0,0,0,0,0,0,0,0,0,0,0,0,0,0,0,0,0,0,0,0,"TT","Y","",2022,3,2,"11/26/09",21.4285714285714,19.2066649267995,19.0216821226857,20.1315789473684,0,0,0,0,0,78.1,80.9,72.6,48,32.6,39.6,27.2,0,0,0,0,0,0,0,0,0,0,0,0,0,0,0,0,0,0,0,0,0,0,0,0,0,0,0,0,0,0,0,0,0,0,0,0,0,0,0,0,0,0,0,0,0,0,0,0,0,0,0,0,0,0,0,0,0,0,0,0,0,0,0,0,0,0,0,0,0,0,0,0,0,0,0,0,0,0,0,0,0,0,0,48.7,56.9,66.8,73.1,88.9,106.4,108.1,0,0,0,0,0,0,0,0,0,0,0,0,0,0,0,0,0,0,0,0,0,0,0,0,0,0,0,0,0,0,0,0,0,0,0,0,0,0,0,0,0,0,0,0,0,0,0,0,0,0,0,0,0,0,0,0,0,0,0,0,0,0,0,0,0,0,0,0,0,0,0,0,0,0,0,0,0,0,379,548.9,54.1428571428572,78.4142857142857,115,55,6,6
"016","04","A","N",2,14.1,257,25,9,69,24,7,-47,1.5,1,0,0,90,"2212",12,14,114,106.1,99,85.5,72.2,61.3,54.2,39.6,28,43.6,38.2,37.6,26.9,18.5,0,0,0,0,0,0,0,0,0,0,0,0,0,0,0,0,0,0,0,0,0,0,0,0,0,0,0,0,0,0,0,0,0,0,0,0,0,0,0,0,0,0,0,0,0,0,0,0,0,0,0,0,0,0,0,0,0,0,0,0,0,0,0,0,0,0,0,0,0,0,0,0,0,0,0,0,64.4,65.1,69.7,69.7,63.6,49,36.4,47.1,63,53.2,51.7,51,60.4,70.9,0,0,0,0,0,0,0,0,0,0,0,0,0,0,0,0,0,0,0,0,0,0,0,0,0,0,0,0,0,0,0,0,0,0,0,0,0,0,0,0,0,0,0,0,0,0,0,0,0,0,0,0,0,0,0,0,0,0,0,0,0,0,0,0,0,0,0,0,0,0,0,0,0,0,0,0,"TT","Y","",2022,4,2,"11/27/09",18.2269503546099,19.2066649267995,19.0216821226857,20.1315789473684,0,0,0,0,0,61.3,54.2,39.6,28,43.6,38.2,37.6,26.9,18.5,0,0,0,0,0,0,0,0,0,0,0,0,0,0,0,0,0,0,0,0,0,0,0,0,0,0,0,0,0,0,0,0,0,0,0,0,0,0,0,0,0,0,0,0,0,0,0,0,0,0,0,0,0,0,0,0,0,0,0,0,0,0,0,0,0,0,0,0,0,0,0,0,0,0,0,0,0,0,0,0,0,49,36.4,47.1,63,53.2,51.7,51,60.4,70.9,0,0,0,0,0,0,0,0,0,0,0,0,0,0,0,0,0,0,0,0,0,0,0,0,0,0,0,0,0,0,0,0,0,0,0,0,0,0,0,0,0,0,0,0,0,0,0,0,0,0,0,0,0,0,0,0,0,0,0,0,0,0,0,0,0,0,0,0,0,0,0,0,0,0,0,0,347.9,482.7,38.6555555555556,53.6333333333333,115,55,6,6
"017","04","A","W",2,54.6,1085,16,17,57,27,16,-44,1.5,1,3,0,90,"2212",12,54,109.5,97.2,87.1,81.6,71,51.2,46.8,53.5,62.9,77.2,81.4,75.6,69.5,57,49.3,26.7,18,36.3,49,52.3,68.1,94.9,95.7,88.2,83.3,83.1,78.2,77.1,68.4,54.1,41.4,28.7,20.5,30.7,40.7,39.5,48.2,58.4,68.2,70.1,61,51.9,44.8,41.9,35,51.4,62.9,70.3,76,76.3,69.2,67.7,46.9,28.8,0,0,0,0,0,0,0,0,0,0,0,0,0,0,0,0,0,0,0,0,0,0,0,0,0,0,0,0,0,0,0,0,0,0,0,0,47.8,28.3,6.2,5.9,21,46.3,53.3,77.4,87.7,107,111.9,105.4,112.6,111,117.1,107.9,92.4,80.2,72.9,71.9,80.9,83.9,69.2,47,23.4,6.5,22.4,37.2,49.7,63.9,76.8,88.1,68.5,59.4,59.7,76.3,101.6,110.4,103.8,92.5,82.9,76.6,66.4,66.9,75.6,81.7,72.5,66.8,60.9,53.5,45,40.8,49.1,59.6,0,0,0,0,0,0,0,0,0,0,0,0,0,0,0,0,0,0,0,0,0,0,0,0,0,0,0,0,0,0,0,0,0,0,0,0,"TT","Y","",2022,5,2,"11/27/09",19.8717948717949,19.2066649267995,19.0216821226857,20.1315789473684,0,0,0,0,0,51.2,46.8,53.5,62.9,77.2,81.4,75.6,69.5,57,49.3,26.7,18,36.3,49,52.3,68.1,94.9,95.7,88.2,83.3,83.1,78.2,77.1,68.4,54.1,41.4,28.7,20.5,30.7,40.7,39.5,48.2,58.4,68.2,70.1,61,51.9,44.8,41.9,35,51.4,62.9,70.3,76,76.3,69.2,67.7,46.9,28.8,0,0,0,0,0,0,0,0,0,0,0,0,0,0,0,0,0,0,0,0,0,0,0,0,0,0,0,0,0,0,0,0,0,0,0,0,0,0,0,0,0,46.3,53.3,77.4,87.7,107,111.9,105.4,112.6,111,117.1,107.9,92.4,80.2,72.9,71.9,80.9,83.9,69.2,47,23.4,6.5,22.4,37.2,49.7,63.9,76.8,88.1,68.5,59.4,59.7,76.3,101.6,110.4,103.8,92.5,82.9,76.6,66.4,66.9,75.6,81.7,72.5,66.8,60.9,53.5,45,40.8,49.1,59.6,0,0,0,0,0,0,0,0,0,0,0,0,0,0,0,0,0,0,0,0,0,0,0,0,0,0,0,0,0,0,0,0,0,0,0,0,2828.3,3574.5,57.7204081632653,72.9489795918368,115,55,6,6
"018","04","A","E",2,30.4,612,27,10,48,33,19,-15,1.5,0,0,0,90,"2212",12,30,65.9,56,39.2,33.1,32,46.1,46.9,41.1,34.9,44,54.8,76.9,81.7,82.6,79.1,75,68.2,66.9,72.2,67.9,49.2,31.6,21.6,12.9,30.7,46.5,57.3,67.4,70.8,74.3,0,0,0,0,0,0,0,0,0,0,0,0,0,0,0,0,0,0,0,0,0,0,0,0,0,0,0,0,0,0,0,0,0,0,0,0,0,0,0,0,0,0,0,0,0,0,0,0,0,0,0,0,0,0,0,0,0,0,0,0,125.4,121.6,107.4,102.3,89.3,89,76.2,68.7,55.9,56.2,75.8,94.1,94.2,82.5,66.1,46.2,27.1,25.9,34.9,46.3,64.6,80.7,97.4,90,86.2,94.3,105.3,107.2,94.5,83.9,0,0,0,0,0,0,0,0,0,0,0,0,0,0,0,0,0,0,0,0,0,0,0,0,0,0,0,0,0,0,0,0,0,0,0,0,0,0,0,0,0,0,0,0,0,0,0,0,0,0,0,0,0,0,0,0,0,0,0,0,"FS","Y","",2022,6,2,"11/27/09",20.1315789473684,19.2066649267995,19.0216821226857,20.1315789473684,0,0,39.2,33.1,32,46.1,46.9,41.1,34.9,44,54.8,76.9,81.7,82.6,79.1,75,68.2,66.9,72.2,67.9,49.2,31.6,21.6,12.9,30.7,46.5,57.3,67.4,70.8,74.3,0,0,0,0,0,0,0,0,0,0,0,0,0,0,0,0,0,0,0,0,0,0,0,0,0,0,0,0,0,0,0,0,0,0,0,0,0,0,0,0,0,0,0,0,0,0,0,0,0,0,0,0,0,0,0,0,0,0,0,0,0,0,107.4,102.3,89.3,89,76.2,68.7,55.9,56.2,75.8,94.1,94.2,82.5,66.1,46.2,27.1,25.9,34.9,46.3,64.6,80.7,97.4,90,86.2,94.3,105.3,107.2,94.5,83.9,0,0,0,0,0,0,0,0,0,0,0,0,0,0,0,0,0,0,0,0,0,0,0,0,0,0,0,0,0,0,0,0,0,0,0,0,0,0,0,0,0,0,0,0,0,0,0,0,0,0,0,0,0,0,0,0,0,0,0,0,1504.9,2142.2,53.7464285714286,76.5071428571429,55,115,3,3
"025","03","A","S",2,3.7,69,100,0,25,38,37,-17,1.5,1,0,0,90,"2212",25,3,55.7,48.8,26.9,0,0,0,0,0,0,0,0,0,0,0,0,0,0,0,0,0,0,0,0,0,0,0,0,0,0,0,0,0,0,0,0,0,0,0,0,0,0,0,0,0,0,0,0,0,0,0,0,0,0,0,0,0,0,0,0,0,0,0,0,0,0,0,0,0,0,0,0,0,0,0,0,0,0,0,0,0,0,0,0,0,0,0,0,0,0,0,115.4,106.5,96.3,0,0,0,0,0,0,0,0,0,0,0,0,0,0,0,0,0,0,0,0,0,0,0,0,0,0,0,0,0,0,0,0,0,0,0,0,0,0,0,0,0,0,0,0,0,0,0,0,0,0,0,0,0,0,0,0,0,0,0,0,0,0,0,0,0,0,0,0,0,0,0,0,0,0,0,0,0,0,0,0,0,0,0,0,0,0,0,"TT","Y","",2022,1,2,"11/26/09",18.6486486486486,26.6302580920826,25.9300802023024,30.1311475409836,0,48.8,26.9,0,0,0,0,0,0,0,0,0,0,0,0,0,0,0,0,0,0,0,0,0,0,0,0,0,0,0,0,0,0,0,0,0,0,0,0,0,0,0,0,0,0,0,0,0,0,0,0,0,0,0,0,0,0,0,0,0,0,0,0,0,0,0,0,0,0,0,0,0,0,0,0,0,0,0,0,0,0,0,0,0,0,0,0,0,0,0,0,106.5,96.3,0,0,0,0,0,0,0,0,0,0,0,0,0,0,0,0,0,0,0,0,0,0,0,0,0,0,0,0,0,0,0,0,0,0,0,0,0,0,0,0,0,0,0,0,0,0,0,0,0,0,0,0,0,0,0,0,0,0,0,0,0,0,0,0,0,0,0,0,0,0,0,0,0,0,0,0,0,0,0,0,0,0,0,0,0,0,0,75.7,202.8,37.85,101.4,55,115,2,2
"026","03","A","E",2,56,1636,41,11,18,33,49,-33,1.5,1,1,0,90,"2212",25,55,63,57.9,55.8,36.7,17.9,30.9,47.9,54.8,48,46.4,45.3,43.1,68.3,91.6,92.6,92.4,79,51.1,22.4,54.3,87.3,102.1,96.4,85.3,93.2,107.1,124.2,117.3,103.5,99.8,92.7,70.9,53.6,46.8,42.2,55.6,71.2,82.2,86,85.9,70.2,42.5,35.8,40.3,42.9,48.8,63.2,60.6,68.6,57.6,44.4,37.3,43.3,52.6,37.9,0,0,0,0,0,0,0,0,0,0,0,0,0,0,0,0,0,0,0,0,0,0,0,0,0,0,0,0,0,0,0,0,0,0,0,121.1,119.5,121.1,111.6,100.1,98.6,111.4,119,124.9,132.2,121.5,99.3,94.8,106.3,98.5,78.7,58.5,49.1,75.3,96.9,92.6,80.9,56.2,22.4,8.2,21.1,42.6,42.8,56.6,83.8,86,96.8,116.6,128.3,127.6,132.7,126.5,109.6,83.9,69.8,57.1,72,106.6,124.9,128.8,116.7,99.1,79.2,61.8,54.3,45.6,56.6,84.4,112.8,113.7,0,0,0,0,0,0,0,0,0,0,0,0,0,0,0,0,0,0,0,0,0,0,0,0,0,0,0,0,0,0,0,0,0,0,0,"TT","Y","",2022,2,2,"11/26/09",29.2142857142857,26.6302580920826,25.9300802023024,30.1311475409836,0,57.9,55.8,36.7,17.9,30.9,47.9,54.8,48,46.4,45.3,43.1,68.3,91.6,92.6,92.4,79,51.1,22.4,54.3,87.3,102.1,96.4,85.3,93.2,107.1,124.2,117.3,103.5,99.8,92.7,70.9,53.6,46.8,42.2,55.6,71.2,82.2,86,85.9,70.2,42.5,35.8,40.3,42.9,48.8,63.2,60.6,68.6,57.6,44.4,37.3,43.3,52.6,37.9,0,0,0,0,0,0,0,0,0,0,0,0,0,0,0,0,0,0,0,0,0,0,0,0,0,0,0,0,0,0,0,0,0,0,0,0,119.5,121.1,111.6,100.1,98.6,111.4,119,124.9,132.2,121.5,99.3,94.8,106.3,98.5,78.7,58.5,49.1,75.3,96.9,92.6,80.9,56.2,22.4,8.2,21.1,42.6,42.8,56.6,83.8,86,96.8,116.6,128.3,127.6,132.7,126.5,109.6,83.9,69.8,57.1,72,106.6,124.9,128.8,116.7,99.1,79.2,61.8,54.3,45.6,56.6,84.4,112.8,113.7,0,0,0,0,0,0,0,0,0,0,0,0,0,0,0,0,0,0,0,0,0,0,0,0,0,0,0,0,0,0,0,0,0,0,0,3485.7,4815.9,64.55,89.1833333333333,55,115,2,2
"027","03","A","N",2,24.3,698,53,3,51,38,11,-12,1.5,2,0,0,90,"2212",25,24,105.7,96.8,86.3,68.9,35.4,25.6,47.8,61.2,82.6,103,99.2,84.4,48.2,20,43.5,37.8,24.8,29.5,19.6,16.6,33,36.9,18.4,4.2,0,0,0,0,0,0,0,0,0,0,0,0,0,0,0,0,0,0,0,0,0,0,0,0,0,0,0,0,0,0,0,0,0,0,0,0,0,0,0,0,0,0,0,0,0,0,0,0,0,0,0,0,0,0,0,0,0,0,0,0,0,0,0,0,0,0,62,59.7,54.8,38.2,53.9,98.1,104.6,80.9,57.8,62.3,48.9,33.2,42.6,83,124.2,123,100,78,77.8,72.1,54.9,53.4,79.7,89.8,0,0,0,0,0,0,0,0,0,0,0,0,0,0,0,0,0,0,0,0,0,0,0,0,0,0,0,0,0,0,0,0,0,0,0,0,0,0,0,0,0,0,0,0,0,0,0,0,0,0,0,0,0,0,0,0,0,0,0,0,0,0,0,0,0,0,"TT","Y","",2022,3,2,"11/26/09",28.7242798353909,26.6302580920826,25.9300802023024,30.1311475409836,0,0,0,68.9,35.4,25.6,47.8,61.2,82.6,103,99.2,84.4,48.2,20,43.5,37.8,24.8,29.5,19.6,16.6,33,36.9,18.4,4.2,0,0,0,0,0,0,0,0,0,0,0,0,0,0,0,0,0,0,0,0,0,0,0,0,0,0,0,0,0,0,0,0,0,0,0,0,0,0,0,0,0,0,0,0,0,0,0,0,0,0,0,0,0,0,0,0,0,0,0,0,0,0,0,0,0,0,0,0,0,38.2,53.9,98.1,104.6,80.9,57.8,62.3,48.9,33.2,42.6,83,124.2,123,100,78,77.8,72.1,54.9,53.4,79.7,89.8,0,0,0,0,0,0,0,0,0,0,0,0,0,0,0,0,0,0,0,0,0,0,0,0,0,0,0,0,0,0,0,0,0,0,0,0,0,0,0,0,0,0,0,0,0,0,0,0,0,0,0,0,0,0,0,0,0,0,0,0,0,0,0,0,0,0,940.6,1556.4,44.7904761904762,74.1142857142857,115,55,4,4
"025","04","A","N",2,15.2,399,12,45,41,41,18,30,1.5,1,0,0,90,"2212",25,15,110,105.3,92.5,85.4,88.5,86,98.3,97.4,75.9,55.1,70.6,88.1,78.8,43.3,12.3,0,0,0,0,0,0,0,0,0,0,0,0,0,0,0,0,0,0,0,0,0,0,0,0,0,0,0,0,0,0,0,0,0,0,0,0,0,0,0,0,0,0,0,0,0,0,0,0,0,0,0,0,0,0,0,0,0,0,0,0,0,0,0,0,0,0,0,0,0,0,0,0,0,0,0,59.4,54.8,45,33.3,34.2,48.9,47.7,36.7,21.9,40.6,73,95.3,100.1,104.2,91,0,0,0,0,0,0,0,0,0,0,0,0,0,0,0,0,0,0,0,0,0,0,0,0,0,0,0,0,0,0,0,0,0,0,0,0,0,0,0,0,0,0,0,0,0,0,0,0,0,0,0,0,0,0,0,0,0,0,0,0,0,0,0,0,0,0,0,0,0,0,0,0,0,0,0,"TT","Y","",2022,4,2,"11/27/09",26.25,26.6302580920826,25.9300802023024,30.1311475409836,0,0,0,85.4,88.5,86,98.3,97.4,75.9,55.1,70.6,88.1,78.8,43.3,12.3,0,0,0,0,0,0,0,0,0,0,0,0,0,0,0,0,0,0,0,0,0,0,0,0,0,0,0,0,0,0,0,0,0,0,0,0,0,0,0,0,0,0,0,0,0,0,0,0,0,0,0,0,0,0,0,0,0,0,0,0,0,0,0,0,0,0,0,0,0,0,0,0,0,0,0,0,0,0,33.3,34.2,48.9,47.7,36.7,21.9,40.6,73,95.3,100.1,104.2,91,0,0,0,0,0,0,0,0,0,0,0,0,0,0,0,0,0,0,0,0,0,0,0,0,0,0,0,0,0,0,0,0,0,0,0,0,0,0,0,0,0,0,0,0,0,0,0,0,0,0,0,0,0,0,0,0,0,0,0,0,0,0,0,0,0,0,0,0,0,0,0,0,0,0,0,879.7,726.9,73.3083333333333,60.575,115,55,4,4
"026","04","A","W",2,9.1,244,21,28,71,25,4,6,1.5,1,1,0,90,"2212",25,9,108.3,87.5,80.1,78.3,71.8,71.3,54.7,27.3,7.1,0,0,0,0,0,0,0,0,0,0,0,0,0,0,0,0,0,0,0,0,0,0,0,0,0,0,0,0,0,0,0,0,0,0,0,0,0,0,0,0,0,0,0,0,0,0,0,0,0,0,0,0,0,0,0,0,0,0,0,0,0,0,0,0,0,0,0,0,0,0,0,0,0,0,0,0,0,0,0,0,0,54.5,43.9,20.8,10.3,35.2,55.1,80.7,92.8,83.3,0,0,0,0,0,0,0,0,0,0,0,0,0,0,0,0,0,0,0,0,0,0,0,0,0,0,0,0,0,0,0,0,0,0,0,0,0,0,0,0,0,0,0,0,0,0,0,0,0,0,0,0,0,0,0,0,0,0,0,0,0,0,0,0,0,0,0,0,0,0,0,0,0,0,0,0,0,0,0,0,0,"TT","Y","",2022,5,2,"11/27/09",26.8131868131868,26.6302580920826,25.9300802023024,30.1311475409836,0,0,0,78.3,71.8,71.3,54.7,27.3,7.1,0,0,0,0,0,0,0,0,0,0,0,0,0,0,0,0,0,0,0,0,0,0,0,0,0,0,0,0,0,0,0,0,0,0,0,0,0,0,0,0,0,0,0,0,0,0,0,0,0,0,0,0,0,0,0,0,0,0,0,0,0,0,0,0,0,0,0,0,0,0,0,0,0,0,0,0,0,0,0,0,0,0,0,0,10.3,35.2,55.1,80.7,92.8,83.3,0,0,0,0,0,0,0,0,0,0,0,0,0,0,0,0,0,0,0,0,0,0,0,0,0,0,0,0,0,0,0,0,0,0,0,0,0,0,0,0,0,0,0,0,0,0,0,0,0,0,0,0,0,0,0,0,0,0,0,0,0,0,0,0,0,0,0,0,0,0,0,0,0,0,0,0,0,0,0,0,0,310.5,357.4,51.75,59.5666666666667,115,55,4,4
"027","04","A","E",2,30.5,919,55,14,76,18,6,17,1.5,4,1,0,90,"2212",25,30,60,34.6,39.8,75.5,79.2,67.6,35.8,17.4,11.2,27.7,18.6,16.4,24,45.5,47.5,34.2,41.7,76.6,68.6,42.5,24.1,14.9,24.8,8.7,21.5,36.7,51,53.7,34.8,10.6,0,0,0,0,0,0,0,0,0,0,0,0,0,0,0,0,0,0,0,0,0,0,0,0,0,0,0,0,0,0,0,0,0,0,0,0,0,0,0,0,0,0,0,0,0,0,0,0,0,0,0,0,0,0,0,0,0,0,0,0,118.9,88.9,51.6,13.1,19.7,40.8,69.8,96.7,94.3,94.6,85.7,73.3,67,51.8,45.3,56.1,87,95.8,77.4,61.6,63.5,90.6,110.6,93.3,81.9,56.4,38.4,35.2,53.1,78.7,0,0,0,0,0,0,0,0,0,0,0,0,0,0,0,0,0,0,0,0,0,0,0,0,0,0,0,0,0,0,0,0,0,0,0,0,0,0,0,0,0,0,0,0,0,0,0,0,0,0,0,0,0,0,0,0,0,0,0,0,"FS","Y","",2022,6,2,"11/27/09",30.1311475409836,26.6302580920826,25.9300802023024,30.1311475409836,0,34.6,39.8,75.5,79.2,67.6,35.8,17.4,11.2,27.7,18.6,16.4,24,45.5,47.5,34.2,41.7,76.6,68.6,42.5,24.1,14.9,24.8,8.7,21.5,36.7,51,53.7,34.8,10.6,0,0,0,0,0,0,0,0,0,0,0,0,0,0,0,0,0,0,0,0,0,0,0,0,0,0,0,0,0,0,0,0,0,0,0,0,0,0,0,0,0,0,0,0,0,0,0,0,0,0,0,0,0,0,0,0,0,0,0,0,0,88.9,51.6,13.1,19.7,40.8,69.8,96.7,94.3,94.6,85.7,73.3,67,51.8,45.3,56.1,87,95.8,77.4,61.6,63.5,90.6,110.6,93.3,81.9,56.4,38.4,35.2,53.1,78.7,0,0,0,0,0,0,0,0,0,0,0,0,0,0,0,0,0,0,0,0,0,0,0,0,0,0,0,0,0,0,0,0,0,0,0,0,0,0,0,0,0,0,0,0,0,0,0,0,0,0,0,0,0,0,0,0,0,0,0,0,1085.2,1972.2,37.4206896551724,68.0068965517241,55,115,2,2
"007","05","A","N",2,8,221,15,34,83,15,2,46,1.5,0,0,0,90,"2212",8,7,109.4,88.3,58.9,61,70.8,63.5,41.2,0,0,0,0,0,0,0,0,0,0,0,0,0,0,0,0,0,0,0,0,0,0,0,0,0,0,0,0,0,0,0,0,0,0,0,0,0,0,0,0,0,0,0,0,0,0,0,0,0,0,0,0,0,0,0,0,0,0,0,0,0,0,0,0,0,0,0,0,0,0,0,0,0,0,0,0,0,0,0,0,0,0,0,52.3,26.9,31.9,54.2,37.2,29.4,46.3,0,0,0,0,0,0,0,0,0,0,0,0,0,0,0,0,0,0,0,0,0,0,0,0,0,0,0,0,0,0,0,0,0,0,0,0,0,0,0,0,0,0,0,0,0,0,0,0,0,0,0,0,0,0,0,0,0,0,0,0,0,0,0,0,0,0,0,0,0,0,0,0,0,0,0,0,0,0,0,0,0,0,0,"TT","Y","",2022,1,3,"11/28/09",27.625,23.5716542005299,23.2892853706689,24.983498349835,0,0,0,0,70.8,63.5,41.2,0,0,0,0,0,0,0,0,0,0,0,0,0,0,0,0,0,0,0,0,0,0,0,0,0,0,0,0,0,0,0,0,0,0,0,0,0,0,0,0,0,0,0,0,0,0,0,0,0,0,0,0,0,0,0,0,0,0,0,0,0,0,0,0,0,0,0,0,0,0,0,0,0,0,0,0,0,0,0,0,0,0,0,0,0,0,0,37.2,29.4,46.3,0,0,0,0,0,0,0,0,0,0,0,0,0,0,0,0,0,0,0,0,0,0,0,0,0,0,0,0,0,0,0,0,0,0,0,0,0,0,0,0,0,0,0,0,0,0,0,0,0,0,0,0,0,0,0,0,0,0,0,0,0,0,0,0,0,0,0,0,0,0,0,0,0,0,0,0,0,0,0,0,0,0,0,175.5,112.9,58.5,37.6333333333333,115,55,5,5
"008","05","A","S",2,4.9,118,77,1,87,12,1,-51,1.5,0,0,0,90,"2212",8,4,44.5,31.1,29.5,27.2,0,0,0,0,0,0,0,0,0,0,0,0,0,0,0,0,0,0,0,0,0,0,0,0,0,0,0,0,0,0,0,0,0,0,0,0,0,0,0,0,0,0,0,0,0,0,0,0,0,0,0,0,0,0,0,0,0,0,0,0,0,0,0,0,0,0,0,0,0,0,0,0,0,0,0,0,0,0,0,0,0,0,0,0,0,0,87,60.5,58.6,67.5,0,0,0,0,0,0,0,0,0,0,0,0,0,0,0,0,0,0,0,0,0,0,0,0,0,0,0,0,0,0,0,0,0,0,0,0,0,0,0,0,0,0,0,0,0,0,0,0,0,0,0,0,0,0,0,0,0,0,0,0,0,0,0,0,0,0,0,0,0,0,0,0,0,0,0,0,0,0,0,0,0,0,0,0,0,0,"TT","Y","",2022,2,3,"11/28/09",24.0816326530612,23.5716542005299,23.2892853706689,24.983498349835,0,31.1,29.5,27.2,0,0,0,0,0,0,0,0,0,0,0,0,0,0,0,0,0,0,0,0,0,0,0,0,0,0,0,0,0,0,0,0,0,0,0,0,0,0,0,0,0,0,0,0,0,0,0,0,0,0,0,0,0,0,0,0,0,0,0,0,0,0,0,0,0,0,0,0,0,0,0,0,0,0,0,0,0,0,0,0,0,0,0,0,0,0,0,60.5,58.6,67.5,0,0,0,0,0,0,0,0,0,0,0,0,0,0,0,0,0,0,0,0,0,0,0,0,0,0,0,0,0,0,0,0,0,0,0,0,0,0,0,0,0,0,0,0,0,0,0,0,0,0,0,0,0,0,0,0,0,0,0,0,0,0,0,0,0,0,0,0,0,0,0,0,0,0,0,0,0,0,0,0,0,0,0,0,0,0,87.8,186.6,29.2666666666667,62.2,55,115,2,2
"009","05","A","W",2,4.7,114,30,64,82,15,3,-46,1.5,0,1,0,90,"2212",8,4,98.6,81.3,55.9,31.5,0,0,0,0,0,0,0,0,0,0,0,0,0,0,0,0,0,0,0,0,0,0,0,0,0,0,0,0,0,0,0,0,0,0,0,0,0,0,0,0,0,0,0,0,0,0,0,0,0,0,0,0,0,0,0,0,0,0,0,0,0,0,0,0,0,0,0,0,0,0,0,0,0,0,0,0,0,0,0,0,0,0,0,0,0,0,28.1,12.6,30.9,55.5,0,0,0,0,0,0,0,0,0,0,0,0,0,0,0,0,0,0,0,0,0,0,0,0,0,0,0,0,0,0,0,0,0,0,0,0,0,0,0,0,0,0,0,0,0,0,0,0,0,0,0,0,0,0,0,0,0,0,0,0,0,0,0,0,0,0,0,0,0,0,0,0,0,0,0,0,0,0,0,0,0,0,0,0,0,0,"TT","Y","",2022,3,3,"11/28/09",24.2553191489362,23.5716542005299,23.2892853706689,24.983498349835,0,0,0,0,0,0,0,0,0,0,0,0,0,0,0,0,0,0,0,0,0,0,0,0,0,0,0,0,0,0,0,0,0,0,0,0,0,0,0,0,0,0,0,0,0,0,0,0,0,0,0,0,0,0,0,0,0,0,0,0,0,0,0,0,0,0,0,0,0,0,0,0,0,0,0,0,0,0,0,0,0,0,0,0,0,0,0,0,0,0,0,0,0,0,0,0,0,0,0,0,0,0,0,0,0,0,0,0,0,0,0,0,0,0,0,0,0,0,0,0,0,0,0,0,0,0,0,0,0,0,0,0,0,0,0,0,0,0,0,0,0,0,0,0,0,0,0,0,0,0,0,0,0,0,0,0,0,0,0,0,0,0,0,0,0,0,0,0,0,0,0,0,0,0,0,0,0,0,0,0,0,0,0,0,115,55,5,5
"007","06","A","E",2,9.3,202,17,22,61,34,5,57,1.5,1,0,0,90,"2212",8,9,63.8,70.6,79.1,78.1,72.8,63.4,55.3,40.8,23.3,0,0,0,0,0,0,0,0,0,0,0,0,0,0,0,0,0,0,0,0,0,0,0,0,0,0,0,0,0,0,0,0,0,0,0,0,0,0,0,0,0,0,0,0,0,0,0,0,0,0,0,0,0,0,0,0,0,0,0,0,0,0,0,0,0,0,0,0,0,0,0,0,0,0,0,0,0,0,0,0,0,103.7,81.8,73.2,63.2,43.3,28.1,31.7,46.7,64.4,0,0,0,0,0,0,0,0,0,0,0,0,0,0,0,0,0,0,0,0,0,0,0,0,0,0,0,0,0,0,0,0,0,0,0,0,0,0,0,0,0,0,0,0,0,0,0,0,0,0,0,0,0,0,0,0,0,0,0,0,0,0,0,0,0,0,0,0,0,0,0,0,0,0,0,0,0,0,0,0,0,"TT","Y","",2022,4,3,"11/29/09",21.7204301075269,23.5716542005299,23.2892853706689,24.983498349835,0,70.6,79.1,78.1,72.8,63.4,55.3,40.8,23.3,0,0,0,0,0,0,0,0,0,0,0,0,0,0,0,0,0,0,0,0,0,0,0,0,0,0,0,0,0,0,0,0,0,0,0,0,0,0,0,0,0,0,0,0,0,0,0,0,0,0,0,0,0,0,0,0,0,0,0,0,0,0,0,0,0,0,0,0,0,0,0,0,0,0,0,0,0,0,0,0,0,0,81.8,73.2,63.2,43.3,28.1,31.7,46.7,64.4,0,0,0,0,0,0,0,0,0,0,0,0,0,0,0,0,0,0,0,0,0,0,0,0,0,0,0,0,0,0,0,0,0,0,0,0,0,0,0,0,0,0,0,0,0,0,0,0,0,0,0,0,0,0,0,0,0,0,0,0,0,0,0,0,0,0,0,0,0,0,0,0,0,0,0,0,0,0,0,0,0,483.4,432.4,60.425,54.05,55,115,2,2
"008","06","A","S",2,8.9,167,54,8,89,6,5,-66,1.5,1,0,0,90,"2212",8,8,54.8,37.7,32.9,34.9,37.8,33.7,28,19.7,0,0,0,0,0,0,0,0,0,0,0,0,0,0,0,0,0,0,0,0,0,0,0,0,0,0,0,0,0,0,0,0,0,0,0,0,0,0,0,0,0,0,0,0,0,0,0,0,0,0,0,0,0,0,0,0,0,0,0,0,0,0,0,0,0,0,0,0,0,0,0,0,0,0,0,0,0,0,0,0,0,0,98.7,69.3,55.6,53.9,51.8,59,66.8,76.2,0,0,0,0,0,0,0,0,0,0,0,0,0,0,0,0,0,0,0,0,0,0,0,0,0,0,0,0,0,0,0,0,0,0,0,0,0,0,0,0,0,0,0,0,0,0,0,0,0,0,0,0,0,0,0,0,0,0,0,0,0,0,0,0,0,0,0,0,0,0,0,0,0,0,0,0,0,0,0,0,0,0,"TT","Y","",2022,5,3,"11/29/09",18.7640449438202,23.5716542005299,23.2892853706689,24.983498349835,0,37.7,32.9,34.9,37.8,33.7,28,19.7,0,0,0,0,0,0,0,0,0,0,0,0,0,0,0,0,0,0,0,0,0,0,0,0,0,0,0,0,0,0,0,0,0,0,0,0,0,0,0,0,0,0,0,0,0,0,0,0,0,0,0,0,0,0,0,0,0,0,0,0,0,0,0,0,0,0,0,0,0,0,0,0,0,0,0,0,0,0,0,0,0,0,0,69.3,55.6,53.9,51.8,59,66.8,76.2,0,0,0,0,0,0,0,0,0,0,0,0,0,0,0,0,0,0,0,0,0,0,0,0,0,0,0,0,0,0,0,0,0,0,0,0,0,0,0,0,0,0,0,0,0,0,0,0,0,0,0,0,0,0,0,0,0,0,0,0,0,0,0,0,0,0,0,0,0,0,0,0,0,0,0,0,0,0,0,0,0,0,224.7,432.6,32.1,61.8,55,115,2,2
"009","06","A","W",2,30.3,757,40,33,67,31,2,-40,1.5,4,0,0,90,"2212",8,30,106.1,90.9,68.6,49.3,33.5,15.4,3.1,10.9,23.4,13.8,13.4,29.2,51.4,75.9,93.3,92.9,78.8,56.3,34.9,26.3,46.5,65.1,80.6,96,93,85.8,60,25.4,11.9,24.7,0,0,0,0,0,0,0,0,0,0,0,0,0,0,0,0,0,0,0,0,0,0,0,0,0,0,0,0,0,0,0,0,0,0,0,0,0,0,0,0,0,0,0,0,0,0,0,0,0,0,0,0,0,0,0,0,0,0,0,0,36.1,22.2,25.5,40.9,56,73.1,84.3,94.5,99.2,88.7,78,58.7,35.7,20.9,31.7,41,44.3,42.7,53.1,81.1,93,85.9,62.1,41.9,22.2,13.6,28.5,65.2,94.8,107.7,0,0,0,0,0,0,0,0,0,0,0,0,0,0,0,0,0,0,0,0,0,0,0,0,0,0,0,0,0,0,0,0,0,0,0,0,0,0,0,0,0,0,0,0,0,0,0,0,0,0,0,0,0,0,0,0,0,0,0,0,"FS","Y","",2022,6,3,"11/29/09",24.983498349835,23.5716542005299,23.2892853706689,24.983498349835,0,0,0,0,33.5,15.4,3.1,10.9,23.4,13.8,13.4,29.2,51.4,75.9,93.3,92.9,78.8,56.3,34.9,26.3,46.5,65.1,80.6,96,93,85.8,60,25.4,11.9,24.7,0,0,0,0,0,0,0,0,0,0,0,0,0,0,0,0,0,0,0,0,0,0,0,0,0,0,0,0,0,0,0,0,0,0,0,0,0,0,0,0,0,0,0,0,0,0,0,0,0,0,0,0,0,0,0,0,0,0,0,0,0,0,0,0,56,73.1,84.3,94.5,99.2,88.7,78,58.7,35.7,20.9,31.7,41,44.3,42.7,53.1,81.1,93,85.9,62.1,41.9,22.2,13.6,28.5,65.2,94.8,107.7,0,0,0,0,0,0,0,0,0,0,0,0,0,0,0,0,0,0,0,0,0,0,0,0,0,0,0,0,0,0,0,0,0,0,0,0,0,0,0,0,0,0,0,0,0,0,0,0,0,0,0,0,0,0,0,0,0,0,0,0,1241.5,1597.9,47.75,61.4576923076923,115,55,5,5
"016","05","A","N",2,7,150,18,1,0,86,14,-36,1.5,0,0,0,90,"2212",12,6,113.3,103.8,91,80.2,61.3,48.2,0,0,0,0,0,0,0,0,0,0,0,0,0,0,0,0,0,0,0,0,0,0,0,0,0,0,0,0,0,0,0,0,0,0,0,0,0,0,0,0,0,0,0,0,0,0,0,0,0,0,0,0,0,0,0,0,0,0,0,0,0,0,0,0,0,0,0,0,0,0,0,0,0,0,0,0,0,0,0,0,0,0,0,0,65.6,66.2,69.1,78.9,88.5,102.9,0,0,0,0,0,0,0,0,0,0,0,0,0,0,0,0,0,0,0,0,0,0,0,0,0,0,0,0,0,0,0,0,0,0,0,0,0,0,0,0,0,0,0,0,0,0,0,0,0,0,0,0,0,0,0,0,0,0,0,0,0,0,0,0,0,0,0,0,0,0,0,0,0,0,0,0,0,0,0,0,0,0,0,0,"TT","Y","",2022,1,3,"11/28/09",21.4285714285714,24.7681807973871,24.4191853779172,26.5131578947368,0,0,0,0,61.3,48.2,0,0,0,0,0,0,0,0,0,0,0,0,0,0,0,0,0,0,0,0,0,0,0,0,0,0,0,0,0,0,0,0,0,0,0,0,0,0,0,0,0,0,0,0,0,0,0,0,0,0,0,0,0,0,0,0,0,0,0,0,0,0,0,0,0,0,0,0,0,0,0,0,0,0,0,0,0,0,0,0,0,0,0,0,0,0,0,0,88.5,102.9,0,0,0,0,0,0,0,0,0,0,0,0,0,0,0,0,0,0,0,0,0,0,0,0,0,0,0,0,0,0,0,0,0,0,0,0,0,0,0,0,0,0,0,0,0,0,0,0,0,0,0,0,0,0,0,0,0,0,0,0,0,0,0,0,0,0,0,0,0,0,0,0,0,0,0,0,0,0,0,0,0,0,0,0,109.5,191.4,54.75,95.7,115,55,5,5
"017","05","A","S",2,13.4,341,12,5,43,33,24,-66,1.5,2,0,0,90,"2212",12,13,56.8,55,63.3,65.3,62.1,52.6,66,90.1,103.1,95.6,80.3,52.9,27.8,0,0,0,0,0,0,0,0,0,0,0,0,0,0,0,0,0,0,0,0,0,0,0,0,0,0,0,0,0,0,0,0,0,0,0,0,0,0,0,0,0,0,0,0,0,0,0,0,0,0,0,0,0,0,0,0,0,0,0,0,0,0,0,0,0,0,0,0,0,0,0,0,0,0,0,0,0,105,81.7,62.6,49.6,34.1,36.9,48.4,73,87.1,87.8,94.1,97.4,102.7,0,0,0,0,0,0,0,0,0,0,0,0,0,0,0,0,0,0,0,0,0,0,0,0,0,0,0,0,0,0,0,0,0,0,0,0,0,0,0,0,0,0,0,0,0,0,0,0,0,0,0,0,0,0,0,0,0,0,0,0,0,0,0,0,0,0,0,0,0,0,0,0,0,0,0,0,0,"TT","Y","",2022,2,3,"11/28/09",25.4477611940299,24.7681807973871,24.4191853779172,26.5131578947368,0,55,63.3,65.3,62.1,52.6,66,90.1,103.1,95.6,80.3,52.9,27.8,0,0,0,0,0,0,0,0,0,0,0,0,0,0,0,0,0,0,0,0,0,0,0,0,0,0,0,0,0,0,0,0,0,0,0,0,0,0,0,0,0,0,0,0,0,0,0,0,0,0,0,0,0,0,0,0,0,0,0,0,0,0,0,0,0,0,0,0,0,0,0,0,0,0,0,0,0,0,81.7,62.6,49.6,34.1,36.9,48.4,73,87.1,87.8,94.1,97.4,102.7,0,0,0,0,0,0,0,0,0,0,0,0,0,0,0,0,0,0,0,0,0,0,0,0,0,0,0,0,0,0,0,0,0,0,0,0,0,0,0,0,0,0,0,0,0,0,0,0,0,0,0,0,0,0,0,0,0,0,0,0,0,0,0,0,0,0,0,0,0,0,0,0,0,0,0,0,0,814.1,855.4,67.8416666666667,71.2833333333333,55,115,2,2
"018","05","A","W",2,33.7,976,27,30,38,39,23,-43,1.5,1,1,0,90,"2212",12,33,118.6,104.5,89.5,69,52.7,39.7,40.2,49,36.4,28.8,52.9,78.1,99.6,116.7,119.5,107.3,85,60.4,50.5,34.5,21.2,40.5,54.5,63.2,64.7,56.1,43.3,59.2,69.3,69.3,63.6,46.8,23.1,0,0,0,0,0,0,0,0,0,0,0,0,0,0,0,0,0,0,0,0,0,0,0,0,0,0,0,0,0,0,0,0,0,0,0,0,0,0,0,0,0,0,0,0,0,0,0,0,0,0,0,0,0,0,0,0,0,55.1,36.3,14.6,20.6,44.3,75,106,126.7,121.9,94.9,70.6,50.1,32.7,31.9,34.2,30.7,40.5,67,95.1,104.5,104.8,100.3,79.9,51.5,28.3,32,62.6,95.9,112.2,119.4,120.9,117.3,106.3,0,0,0,0,0,0,0,0,0,0,0,0,0,0,0,0,0,0,0,0,0,0,0,0,0,0,0,0,0,0,0,0,0,0,0,0,0,0,0,0,0,0,0,0,0,0,0,0,0,0,0,0,0,0,0,0,0,"TT","Y","",2022,3,3,"11/28/09",28.9614243323442,24.7681807973871,24.4191853779172,26.5131578947368,0,0,0,0,52.7,39.7,40.2,49,36.4,28.8,52.9,78.1,99.6,116.7,119.5,107.3,85,60.4,50.5,34.5,21.2,40.5,54.5,63.2,64.7,56.1,43.3,59.2,69.3,69.3,63.6,46.8,23.1,0,0,0,0,0,0,0,0,0,0,0,0,0,0,0,0,0,0,0,0,0,0,0,0,0,0,0,0,0,0,0,0,0,0,0,0,0,0,0,0,0,0,0,0,0,0,0,0,0,0,0,0,0,0,0,0,0,0,0,0,0,44.3,75,106,126.7,121.9,94.9,70.6,50.1,32.7,31.9,34.2,30.7,40.5,67,95.1,104.5,104.8,100.3,79.9,51.5,28.3,32,62.6,95.9,112.2,119.4,120.9,117.3,106.3,0,0,0,0,0,0,0,0,0,0,0,0,0,0,0,0,0,0,0,0,0,0,0,0,0,0,0,0,0,0,0,0,0,0,0,0,0,0,0,0,0,0,0,0,0,0,0,0,0,0,0,0,0,0,0,0,0,1726.1,2257.5,59.5206896551724,77.8448275862069,115,55,5,5
"016","06","A","E",2,3.4,60,69,4,0,30,70,-20,1.5,0,0,0,90,"2212",12,3,68.3,57,41,0,0,0,0,0,0,0,0,0,0,0,0,0,0,0,0,0,0,0,0,0,0,0,0,0,0,0,0,0,0,0,0,0,0,0,0,0,0,0,0,0,0,0,0,0,0,0,0,0,0,0,0,0,0,0,0,0,0,0,0,0,0,0,0,0,0,0,0,0,0,0,0,0,0,0,0,0,0,0,0,0,0,0,0,0,0,0,126.9,121.7,112.5,0,0,0,0,0,0,0,0,0,0,0,0,0,0,0,0,0,0,0,0,0,0,0,0,0,0,0,0,0,0,0,0,0,0,0,0,0,0,0,0,0,0,0,0,0,0,0,0,0,0,0,0,0,0,0,0,0,0,0,0,0,0,0,0,0,0,0,0,0,0,0,0,0,0,0,0,0,0,0,0,0,0,0,0,0,0,0,"TT","Y","",2022,4,3,"11/29/09",17.6470588235294,24.7681807973871,24.4191853779172,26.5131578947368,0,57,41,0,0,0,0,0,0,0,0,0,0,0,0,0,0,0,0,0,0,0,0,0,0,0,0,0,0,0,0,0,0,0,0,0,0,0,0,0,0,0,0,0,0,0,0,0,0,0,0,0,0,0,0,0,0,0,0,0,0,0,0,0,0,0,0,0,0,0,0,0,0,0,0,0,0,0,0,0,0,0,0,0,0,0,0,0,0,0,0,121.7,112.5,0,0,0,0,0,0,0,0,0,0,0,0,0,0,0,0,0,0,0,0,0,0,0,0,0,0,0,0,0,0,0,0,0,0,0,0,0,0,0,0,0,0,0,0,0,0,0,0,0,0,0,0,0,0,0,0,0,0,0,0,0,0,0,0,0,0,0,0,0,0,0,0,0,0,0,0,0,0,0,0,0,0,0,0,0,0,0,98,234.2,49,117.1,55,115,2,2
"017","06","A","S",2,7.2,206,11,23,78,14,8,-72,1.5,0,0,0,90,"2212",12,7,58,59.3,65.9,61.6,54.8,44.2,23.3,0,0,0,0,0,0,0,0,0,0,0,0,0,0,0,0,0,0,0,0,0,0,0,0,0,0,0,0,0,0,0,0,0,0,0,0,0,0,0,0,0,0,0,0,0,0,0,0,0,0,0,0,0,0,0,0,0,0,0,0,0,0,0,0,0,0,0,0,0,0,0,0,0,0,0,0,0,0,0,0,0,0,0,102,70.5,37.5,26.5,39.9,61.3,82.4,0,0,0,0,0,0,0,0,0,0,0,0,0,0,0,0,0,0,0,0,0,0,0,0,0,0,0,0,0,0,0,0,0,0,0,0,0,0,0,0,0,0,0,0,0,0,0,0,0,0,0,0,0,0,0,0,0,0,0,0,0,0,0,0,0,0,0,0,0,0,0,0,0,0,0,0,0,0,0,0,0,0,0,"TT","Y","",2022,5,3,"11/29/09",28.6111111111111,24.7681807973871,24.4191853779172,26.5131578947368,0,59.3,65.9,61.6,54.8,44.2,23.3,0,0,0,0,0,0,0,0,0,0,0,0,0,0,0,0,0,0,0,0,0,0,0,0,0,0,0,0,0,0,0,0,0,0,0,0,0,0,0,0,0,0,0,0,0,0,0,0,0,0,0,0,0,0,0,0,0,0,0,0,0,0,0,0,0,0,0,0,0,0,0,0,0,0,0,0,0,0,0,0,0,0,0,0,70.5,37.5,26.5,39.9,61.3,82.4,0,0,0,0,0,0,0,0,0,0,0,0,0,0,0,0,0,0,0,0,0,0,0,0,0,0,0,0,0,0,0,0,0,0,0,0,0,0,0,0,0,0,0,0,0,0,0,0,0,0,0,0,0,0,0,0,0,0,0,0,0,0,0,0,0,0,0,0,0,0,0,0,0,0,0,0,0,0,0,0,0,0,0,309.1,318.1,51.5166666666667,53.0166666666667,55,115,2,2
"018","06","A","W",2,30.4,806,48,28,60,28,12,-77,1.5,1,3,0,90,"2212",12,30,116.1,107.8,86.1,64,36.6,21,17.5,35.5,53.4,72.3,89.7,91.3,81.6,56.5,34.1,16.8,17.8,30.6,50.6,46,40.9,36.1,13,12,23.6,16.3,12.6,24.1,39.8,41.1,0,0,0,0,0,0,0,0,0,0,0,0,0,0,0,0,0,0,0,0,0,0,0,0,0,0,0,0,0,0,0,0,0,0,0,0,0,0,0,0,0,0,0,0,0,0,0,0,0,0,0,0,0,0,0,0,0,0,0,0,54.6,34.5,13.4,24.2,61.5,92.4,98.8,86,60.9,33,9.6,8.8,15.3,35.6,59.1,86.3,102.5,96.9,80.6,64,49.6,51,75.7,95.2,103.3,92.7,98.3,110.6,126.3,126.7,0,0,0,0,0,0,0,0,0,0,0,0,0,0,0,0,0,0,0,0,0,0,0,0,0,0,0,0,0,0,0,0,0,0,0,0,0,0,0,0,0,0,0,0,0,0,0,0,0,0,0,0,0,0,0,0,0,0,0,0,"FS","Y","",2022,6,3,"11/29/09",26.5131578947368,24.7681807973871,24.4191853779172,26.5131578947368,0,0,0,64,36.6,21,17.5,35.5,53.4,72.3,89.7,91.3,81.6,56.5,34.1,16.8,17.8,30.6,50.6,46,40.9,36.1,13,12,23.6,16.3,12.6,24.1,39.8,41.1,0,0,0,0,0,0,0,0,0,0,0,0,0,0,0,0,0,0,0,0,0,0,0,0,0,0,0,0,0,0,0,0,0,0,0,0,0,0,0,0,0,0,0,0,0,0,0,0,0,0,0,0,0,0,0,0,0,0,0,0,0,0,0,24.2,61.5,92.4,98.8,86,60.9,33,9.6,8.8,15.3,35.6,59.1,86.3,102.5,96.9,80.6,64,49.6,51,75.7,95.2,103.3,92.7,98.3,110.6,126.3,126.7,0,0,0,0,0,0,0,0,0,0,0,0,0,0,0,0,0,0,0,0,0,0,0,0,0,0,0,0,0,0,0,0,0,0,0,0,0,0,0,0,0,0,0,0,0,0,0,0,0,0,0,0,0,0,0,0,0,0,0,0,1074.8,1944.9,39.8074074074074,72.0333333333333,115,55,4,4
"025","05","A","N",2,16.3,390,29,38,32,24,44,103,1.5,1,1,0,90,"2212",25,16,113.6,112.3,109.2,113.5,117.9,117.8,112.6,105.3,84.2,79.3,84.6,53.4,22.3,11.5,20.4,24.7,0,0,0,0,0,0,0,0,0,0,0,0,0,0,0,0,0,0,0,0,0,0,0,0,0,0,0,0,0,0,0,0,0,0,0,0,0,0,0,0,0,0,0,0,0,0,0,0,0,0,0,0,0,0,0,0,0,0,0,0,0,0,0,0,0,0,0,0,0,0,0,0,0,0,61,66.6,68.7,66,57.4,50.5,42.3,21.6,16,60.6,95.8,104.5,93.7,78.7,78.9,83,0,0,0,0,0,0,0,0,0,0,0,0,0,0,0,0,0,0,0,0,0,0,0,0,0,0,0,0,0,0,0,0,0,0,0,0,0,0,0,0,0,0,0,0,0,0,0,0,0,0,0,0,0,0,0,0,0,0,0,0,0,0,0,0,0,0,0,0,0,0,0,0,0,0,"TT","Y","",2022,1,3,"11/28/09",23.9263803680982,23.7663864488123,23.2944981756608,26.1258278145695,0,0,0,0,117.9,117.8,112.6,105.3,84.2,79.3,84.6,53.4,22.3,11.5,20.4,24.7,0,0,0,0,0,0,0,0,0,0,0,0,0,0,0,0,0,0,0,0,0,0,0,0,0,0,0,0,0,0,0,0,0,0,0,0,0,0,0,0,0,0,0,0,0,0,0,0,0,0,0,0,0,0,0,0,0,0,0,0,0,0,0,0,0,0,0,0,0,0,0,0,0,0,0,0,0,0,57.4,50.5,42.3,21.6,16,60.6,95.8,104.5,93.7,78.7,78.9,83,0,0,0,0,0,0,0,0,0,0,0,0,0,0,0,0,0,0,0,0,0,0,0,0,0,0,0,0,0,0,0,0,0,0,0,0,0,0,0,0,0,0,0,0,0,0,0,0,0,0,0,0,0,0,0,0,0,0,0,0,0,0,0,0,0,0,0,0,0,0,0,0,0,0,834,783,69.5,65.25,115,55,5,5
"026","05","A","S",2,4.2,77,100,0,63,29,8,-21,1.5,1,0,0,90,"2212",25,4,49.8,32.5,19.7,7.4,0,0,0,0,0,0,0,0,0,0,0,0,0,0,0,0,0,0,0,0,0,0,0,0,0,0,0,0,0,0,0,0,0,0,0,0,0,0,0,0,0,0,0,0,0,0,0,0,0,0,0,0,0,0,0,0,0,0,0,0,0,0,0,0,0,0,0,0,0,0,0,0,0,0,0,0,0,0,0,0,0,0,0,0,0,0,106,90.1,82.5,89,0,0,0,0,0,0,0,0,0,0,0,0,0,0,0,0,0,0,0,0,0,0,0,0,0,0,0,0,0,0,0,0,0,0,0,0,0,0,0,0,0,0,0,0,0,0,0,0,0,0,0,0,0,0,0,0,0,0,0,0,0,0,0,0,0,0,0,0,0,0,0,0,0,0,0,0,0,0,0,0,0,0,0,0,0,0,"TT","Y","",2022,2,3,"11/28/09",18.3333333333333,23.7663864488123,23.2944981756608,26.1258278145695,0,32.5,19.7,7.4,0,0,0,0,0,0,0,0,0,0,0,0,0,0,0,0,0,0,0,0,0,0,0,0,0,0,0,0,0,0,0,0,0,0,0,0,0,0,0,0,0,0,0,0,0,0,0,0,0,0,0,0,0,0,0,0,0,0,0,0,0,0,0,0,0,0,0,0,0,0,0,0,0,0,0,0,0,0,0,0,0,0,0,0,0,0,0,90.1,82.5,89,0,0,0,0,0,0,0,0,0,0,0,0,0,0,0,0,0,0,0,0,0,0,0,0,0,0,0,0,0,0,0,0,0,0,0,0,0,0,0,0,0,0,0,0,0,0,0,0,0,0,0,0,0,0,0,0,0,0,0,0,0,0,0,0,0,0,0,0,0,0,0,0,0,0,0,0,0,0,0,0,0,0,0,0,0,0,59.6,261.6,19.8666666666667,87.2,55,115,2,2
"027","05","A","W",2,6.8,149,47,1,71,17,12,13,1.5,0,0,0,90,"2212",25,6,108.8,95.3,62.2,31.2,17.2,11.3,0,0,0,0,0,0,0,0,0,0,0,0,0,0,0,0,0,0,0,0,0,0,0,0,0,0,0,0,0,0,0,0,0,0,0,0,0,0,0,0,0,0,0,0,0,0,0,0,0,0,0,0,0,0,0,0,0,0,0,0,0,0,0,0,0,0,0,0,0,0,0,0,0,0,0,0,0,0,0,0,0,0,0,0,55.6,51.2,47.6,68.1,77.6,78.3,0,0,0,0,0,0,0,0,0,0,0,0,0,0,0,0,0,0,0,0,0,0,0,0,0,0,0,0,0,0,0,0,0,0,0,0,0,0,0,0,0,0,0,0,0,0,0,0,0,0,0,0,0,0,0,0,0,0,0,0,0,0,0,0,0,0,0,0,0,0,0,0,0,0,0,0,0,0,0,0,0,0,0,0,"TT","Y","",2022,3,3,"11/28/09",21.9117647058824,23.7663864488123,23.2944981756608,26.1258278145695,0,0,0,0,17.2,11.3,0,0,0,0,0,0,0,0,0,0,0,0,0,0,0,0,0,0,0,0,0,0,0,0,0,0,0,0,0,0,0,0,0,0,0,0,0,0,0,0,0,0,0,0,0,0,0,0,0,0,0,0,0,0,0,0,0,0,0,0,0,0,0,0,0,0,0,0,0,0,0,0,0,0,0,0,0,0,0,0,0,0,0,0,0,0,0,0,77.6,78.3,0,0,0,0,0,0,0,0,0,0,0,0,0,0,0,0,0,0,0,0,0,0,0,0,0,0,0,0,0,0,0,0,0,0,0,0,0,0,0,0,0,0,0,0,0,0,0,0,0,0,0,0,0,0,0,0,0,0,0,0,0,0,0,0,0,0,0,0,0,0,0,0,0,0,0,0,0,0,0,0,0,0,0,0,28.5,155.9,14.25,77.95,115,55,5,5
"025","06","A","E",2,22.6,603,59,6,67,13,20,8,1.5,1,0,0,90,"2212",25,22,65.1,56.4,36.6,17.1,29.2,48.4,57.7,38.3,32.3,23.5,15.2,32.3,54.2,60.1,64.1,49.1,21,28.1,45,42.5,33.4,27.3,0,0,0,0,0,0,0,0,0,0,0,0,0,0,0,0,0,0,0,0,0,0,0,0,0,0,0,0,0,0,0,0,0,0,0,0,0,0,0,0,0,0,0,0,0,0,0,0,0,0,0,0,0,0,0,0,0,0,0,0,0,0,0,0,0,0,0,0,124.5,118.5,98.7,86,65.8,58.1,68.7,74.4,81.8,77.8,73.4,77.8,65,56.3,33.8,38,71.1,108.5,127.9,128.2,112.5,97.7,0,0,0,0,0,0,0,0,0,0,0,0,0,0,0,0,0,0,0,0,0,0,0,0,0,0,0,0,0,0,0,0,0,0,0,0,0,0,0,0,0,0,0,0,0,0,0,0,0,0,0,0,0,0,0,0,0,0,0,0,0,0,0,0,0,0,0,0,"TT","Y","",2022,4,3,"11/29/09",26.6814159292035,23.7663864488123,23.2944981756608,26.1258278145695,0,56.4,36.6,17.1,29.2,48.4,57.7,38.3,32.3,23.5,15.2,32.3,54.2,60.1,64.1,49.1,21,28.1,45,42.5,33.4,27.3,0,0,0,0,0,0,0,0,0,0,0,0,0,0,0,0,0,0,0,0,0,0,0,0,0,0,0,0,0,0,0,0,0,0,0,0,0,0,0,0,0,0,0,0,0,0,0,0,0,0,0,0,0,0,0,0,0,0,0,0,0,0,0,0,0,0,0,0,0,118.5,98.7,86,65.8,58.1,68.7,74.4,81.8,77.8,73.4,77.8,65,56.3,33.8,38,71.1,108.5,127.9,128.2,112.5,97.7,0,0,0,0,0,0,0,0,0,0,0,0,0,0,0,0,0,0,0,0,0,0,0,0,0,0,0,0,0,0,0,0,0,0,0,0,0,0,0,0,0,0,0,0,0,0,0,0,0,0,0,0,0,0,0,0,0,0,0,0,0,0,0,0,0,0,0,0,811.8,1720,38.6571428571429,81.9047619047619,55,115,2,2
"026","06","A","S",2,34.7,889,45,15,27,26,47,-26,1.5,1,0,0,90,"2212",25,34,47.9,33,27.4,19.2,14.1,27.7,44.9,60.5,65.5,49.2,29.1,15.1,22.6,35.8,29.4,35.8,50.6,74.5,89.9,101.9,114.1,123.3,123.8,121.1,114.9,107.8,96.6,84.6,70.3,62.1,58.2,57,49.1,27.9,0,0,0,0,0,0,0,0,0,0,0,0,0,0,0,0,0,0,0,0,0,0,0,0,0,0,0,0,0,0,0,0,0,0,0,0,0,0,0,0,0,0,0,0,0,0,0,0,0,0,0,0,0,0,0,0,101.4,87.4,76.6,80.3,86.5,100.2,98.7,86.1,67.7,53.5,59.8,93.5,108.5,106,85.8,69.3,71.4,94.2,90.9,73.2,55.4,42.9,38.3,46.7,62,74,92.7,112,120.8,121,118.8,121.5,125,113,0,0,0,0,0,0,0,0,0,0,0,0,0,0,0,0,0,0,0,0,0,0,0,0,0,0,0,0,0,0,0,0,0,0,0,0,0,0,0,0,0,0,0,0,0,0,0,0,0,0,0,0,0,0,0,0,"TT","Y","",2022,5,3,"11/29/09",25.6195965417867,23.7663864488123,23.2944981756608,26.1258278145695,0,33,27.4,19.2,14.1,27.7,44.9,60.5,65.5,49.2,29.1,15.1,22.6,35.8,29.4,35.8,50.6,74.5,89.9,101.9,114.1,123.3,123.8,121.1,114.9,107.8,96.6,84.6,70.3,62.1,58.2,57,49.1,27.9,0,0,0,0,0,0,0,0,0,0,0,0,0,0,0,0,0,0,0,0,0,0,0,0,0,0,0,0,0,0,0,0,0,0,0,0,0,0,0,0,0,0,0,0,0,0,0,0,0,0,0,0,0,0,0,0,0,87.4,76.6,80.3,86.5,100.2,98.7,86.1,67.7,53.5,59.8,93.5,108.5,106,85.8,69.3,71.4,94.2,90.9,73.2,55.4,42.9,38.3,46.7,62,74,92.7,112,120.8,121,118.8,121.5,125,113,0,0,0,0,0,0,0,0,0,0,0,0,0,0,0,0,0,0,0,0,0,0,0,0,0,0,0,0,0,0,0,0,0,0,0,0,0,0,0,0,0,0,0,0,0,0,0,0,0,0,0,0,0,0,0,0,2037,2833.7,61.7272727272727,85.869696969697,55,115,2,2
"027","06","A","W",2,30.2,789,79,2,34,47,19,0,1.5,7,0,0,90,"2212",25,30,105.3,84.5,41.1,20.5,33.9,27.2,12.8,35.4,65.6,67.9,61.4,36.8,14.7,24.8,9.7,17.6,30.8,20.7,14.9,38.8,40.5,32.1,22.5,33.7,44.6,23.4,9.1,15.4,22.8,12.4,0,0,0,0,0,0,0,0,0,0,0,0,0,0,0,0,0,0,0,0,0,0,0,0,0,0,0,0,0,0,0,0,0,0,0,0,0,0,0,0,0,0,0,0,0,0,0,0,0,0,0,0,0,0,0,0,0,0,0,0,56.8,50.4,65.2,93.4,114,106.5,96.8,108.8,129.6,113.5,95.6,83.7,83.4,102.9,95.4,69.8,61.8,76.8,93.7,125.3,127,111.9,106.8,119.6,124.8,105.5,94.6,93.5,100.4,94.4,0,0,0,0,0,0,0,0,0,0,0,0,0,0,0,0,0,0,0,0,0,0,0,0,0,0,0,0,0,0,0,0,0,0,0,0,0,0,0,0,0,0,0,0,0,0,0,0,0,0,0,0,0,0,0,0,0,0,0,0,"FS","Y","",2022,6,3,"11/29/09",26.1258278145695,23.7663864488123,23.2944981756608,26.1258278145695,0,0,0,20.5,33.9,27.2,12.8,35.4,65.6,67.9,61.4,36.8,14.7,24.8,9.7,17.6,30.8,20.7,14.9,38.8,40.5,32.1,22.5,33.7,44.6,23.4,9.1,15.4,22.8,12.4,0,0,0,0,0,0,0,0,0,0,0,0,0,0,0,0,0,0,0,0,0,0,0,0,0,0,0,0,0,0,0,0,0,0,0,0,0,0,0,0,0,0,0,0,0,0,0,0,0,0,0,0,0,0,0,0,0,0,0,0,0,0,0,93.4,114,106.5,96.8,108.8,129.6,113.5,95.6,83.7,83.4,102.9,95.4,69.8,61.8,76.8,93.7,125.3,127,111.9,106.8,119.6,124.8,105.5,94.6,93.5,100.4,94.4,0,0,0,0,0,0,0,0,0,0,0,0,0,0,0,0,0,0,0,0,0,0,0,0,0,0,0,0,0,0,0,0,0,0,0,0,0,0,0,0,0,0,0,0,0,0,0,0,0,0,0,0,0,0,0,0,0,0,0,0,790,2729.5,29.2592592592593,101.092592592593,115,55,4,4
"007","07","A","S",2,10.2,221,34,4,91,5,4,-87,1.5,0,0,0,90,"2212",8,10,52.2,36,30.4,34,40.8,52,54.2,53.3,47.3,27.8,0,0,0,0,0,0,0,0,0,0,0,0,0,0,0,0,0,0,0,0,0,0,0,0,0,0,0,0,0,0,0,0,0,0,0,0,0,0,0,0,0,0,0,0,0,0,0,0,0,0,0,0,0,0,0,0,0,0,0,0,0,0,0,0,0,0,0,0,0,0,0,0,0,0,0,0,0,0,0,0,98.3,68.7,58.3,54.3,58,53.8,57,60.7,76,87,0,0,0,0,0,0,0,0,0,0,0,0,0,0,0,0,0,0,0,0,0,0,0,0,0,0,0,0,0,0,0,0,0,0,0,0,0,0,0,0,0,0,0,0,0,0,0,0,0,0,0,0,0,0,0,0,0,0,0,0,0,0,0,0,0,0,0,0,0,0,0,0,0,0,0,0,0,0,0,0,"TT","Y","",2022,1,4,"11/30/09",21.6666666666667,21.9632470481423,22.1788472774429,20.8852459016393,0,36,30.4,34,40.8,52,54.2,53.3,47.3,27.8,0,0,0,0,0,0,0,0,0,0,0,0,0,0,0,0,0,0,0,0,0,0,0,0,0,0,0,0,0,0,0,0,0,0,0,0,0,0,0,0,0,0,0,0,0,0,0,0,0,0,0,0,0,0,0,0,0,0,0,0,0,0,0,0,0,0,0,0,0,0,0,0,0,0,0,0,0,0,0,0,0,68.7,58.3,54.3,58,53.8,57,60.7,76,87,0,0,0,0,0,0,0,0,0,0,0,0,0,0,0,0,0,0,0,0,0,0,0,0,0,0,0,0,0,0,0,0,0,0,0,0,0,0,0,0,0,0,0,0,0,0,0,0,0,0,0,0,0,0,0,0,0,0,0,0,0,0,0,0,0,0,0,0,0,0,0,0,0,0,0,0,0,0,0,0,375.8,573.8,41.7555555555556,63.7555555555556,55,115,2,2
"008","07","A","W",2,5.4,116,22,33,79,20,1,-33,1.5,1,0,0,90,"2212",8,5,102.2,82.5,56.9,39.9,24.7,0,0,0,0,0,0,0,0,0,0,0,0,0,0,0,0,0,0,0,0,0,0,0,0,0,0,0,0,0,0,0,0,0,0,0,0,0,0,0,0,0,0,0,0,0,0,0,0,0,0,0,0,0,0,0,0,0,0,0,0,0,0,0,0,0,0,0,0,0,0,0,0,0,0,0,0,0,0,0,0,0,0,0,0,0,38.7,26.2,36.1,51,63.7,0,0,0,0,0,0,0,0,0,0,0,0,0,0,0,0,0,0,0,0,0,0,0,0,0,0,0,0,0,0,0,0,0,0,0,0,0,0,0,0,0,0,0,0,0,0,0,0,0,0,0,0,0,0,0,0,0,0,0,0,0,0,0,0,0,0,0,0,0,0,0,0,0,0,0,0,0,0,0,0,0,0,0,0,0,"TT","Y","",2022,2,4,"11/30/09",21.4814814814815,21.9632470481423,22.1788472774429,20.8852459016393,0,0,0,0,0,0,0,0,0,0,0,0,0,0,0,0,0,0,0,0,0,0,0,0,0,0,0,0,0,0,0,0,0,0,0,0,0,0,0,0,0,0,0,0,0,0,0,0,0,0,0,0,0,0,0,0,0,0,0,0,0,0,0,0,0,0,0,0,0,0,0,0,0,0,0,0,0,0,0,0,0,0,0,0,0,0,0,0,0,0,0,0,0,0,0,0,0,0,0,0,0,0,0,0,0,0,0,0,0,0,0,0,0,0,0,0,0,0,0,0,0,0,0,0,0,0,0,0,0,0,0,0,0,0,0,0,0,0,0,0,0,0,0,0,0,0,0,0,0,0,0,0,0,0,0,0,0,0,0,0,0,0,0,0,0,0,0,0,0,0,0,0,0,0,0,0,0,0,0,0,0,0,0,0,115,55,5,5
"009","07","A","N",2,11.3,247,41,23,91,7,2,36,1.5,2,0,0,90,"2212",8,11,106.8,76.4,49.4,37.4,53.5,52.8,44.9,29.2,11.6,9.9,5.8,0,0,0,0,0,0,0,0,0,0,0,0,0,0,0,0,0,0,0,0,0,0,0,0,0,0,0,0,0,0,0,0,0,0,0,0,0,0,0,0,0,0,0,0,0,0,0,0,0,0,0,0,0,0,0,0,0,0,0,0,0,0,0,0,0,0,0,0,0,0,0,0,0,0,0,0,0,0,0,53.2,27.1,37.7,54.1,39.3,35.6,42.9,58.8,77,83.5,88.2,0,0,0,0,0,0,0,0,0,0,0,0,0,0,0,0,0,0,0,0,0,0,0,0,0,0,0,0,0,0,0,0,0,0,0,0,0,0,0,0,0,0,0,0,0,0,0,0,0,0,0,0,0,0,0,0,0,0,0,0,0,0,0,0,0,0,0,0,0,0,0,0,0,0,0,0,0,0,0,"TT","Y","",2022,3,4,"11/30/09",21.858407079646,21.9632470481423,22.1788472774429,20.8852459016393,0,0,0,0,53.5,52.8,44.9,29.2,11.6,9.9,5.8,0,0,0,0,0,0,0,0,0,0,0,0,0,0,0,0,0,0,0,0,0,0,0,0,0,0,0,0,0,0,0,0,0,0,0,0,0,0,0,0,0,0,0,0,0,0,0,0,0,0,0,0,0,0,0,0,0,0,0,0,0,0,0,0,0,0,0,0,0,0,0,0,0,0,0,0,0,0,0,0,0,0,0,39.3,35.6,42.9,58.8,77,83.5,88.2,0,0,0,0,0,0,0,0,0,0,0,0,0,0,0,0,0,0,0,0,0,0,0,0,0,0,0,0,0,0,0,0,0,0,0,0,0,0,0,0,0,0,0,0,0,0,0,0,0,0,0,0,0,0,0,0,0,0,0,0,0,0,0,0,0,0,0,0,0,0,0,0,0,0,0,0,0,0,0,207.7,425.3,29.6714285714286,60.7571428571429,115,55,5,5
"007","08","A","N",2,7.2,177,16,71,85,14,1,33,1.5,1,0,0,90,"2212",8,7,102.7,76.3,57.8,60.7,63,49.1,23.7,0,0,0,0,0,0,0,0,0,0,0,0,0,0,0,0,0,0,0,0,0,0,0,0,0,0,0,0,0,0,0,0,0,0,0,0,0,0,0,0,0,0,0,0,0,0,0,0,0,0,0,0,0,0,0,0,0,0,0,0,0,0,0,0,0,0,0,0,0,0,0,0,0,0,0,0,0,0,0,0,0,0,0,54.1,33.7,32.8,27.3,23.8,37.6,63.9,0,0,0,0,0,0,0,0,0,0,0,0,0,0,0,0,0,0,0,0,0,0,0,0,0,0,0,0,0,0,0,0,0,0,0,0,0,0,0,0,0,0,0,0,0,0,0,0,0,0,0,0,0,0,0,0,0,0,0,0,0,0,0,0,0,0,0,0,0,0,0,0,0,0,0,0,0,0,0,0,0,0,0,"TT","Y","",2022,4,4,"12/01/09",24.5833333333333,21.9632470481423,22.1788472774429,20.8852459016393,0,0,0,0,63,49.1,23.7,0,0,0,0,0,0,0,0,0,0,0,0,0,0,0,0,0,0,0,0,0,0,0,0,0,0,0,0,0,0,0,0,0,0,0,0,0,0,0,0,0,0,0,0,0,0,0,0,0,0,0,0,0,0,0,0,0,0,0,0,0,0,0,0,0,0,0,0,0,0,0,0,0,0,0,0,0,0,0,0,0,0,0,0,0,0,0,23.8,37.6,63.9,0,0,0,0,0,0,0,0,0,0,0,0,0,0,0,0,0,0,0,0,0,0,0,0,0,0,0,0,0,0,0,0,0,0,0,0,0,0,0,0,0,0,0,0,0,0,0,0,0,0,0,0,0,0,0,0,0,0,0,0,0,0,0,0,0,0,0,0,0,0,0,0,0,0,0,0,0,0,0,0,0,0,0,135.8,125.3,45.2666666666667,41.7666666666667,115,55,5,5
"008","08","A","E",2,6.9,147,8,1,57,39,4,49,1.5,0,0,0,90,"2212",8,6,59.2,64.2,72.3,73.2,62.5,46,0,0,0,0,0,0,0,0,0,0,0,0,0,0,0,0,0,0,0,0,0,0,0,0,0,0,0,0,0,0,0,0,0,0,0,0,0,0,0,0,0,0,0,0,0,0,0,0,0,0,0,0,0,0,0,0,0,0,0,0,0,0,0,0,0,0,0,0,0,0,0,0,0,0,0,0,0,0,0,0,0,0,0,0,99.1,77.1,70.7,71.2,69.2,67.4,0,0,0,0,0,0,0,0,0,0,0,0,0,0,0,0,0,0,0,0,0,0,0,0,0,0,0,0,0,0,0,0,0,0,0,0,0,0,0,0,0,0,0,0,0,0,0,0,0,0,0,0,0,0,0,0,0,0,0,0,0,0,0,0,0,0,0,0,0,0,0,0,0,0,0,0,0,0,0,0,0,0,0,0,"TT","Y","",2022,5,4,"12/01/09",21.304347826087,21.9632470481423,22.1788472774429,20.8852459016393,0,64.2,72.3,73.2,62.5,46,0,0,0,0,0,0,0,0,0,0,0,0,0,0,0,0,0,0,0,0,0,0,0,0,0,0,0,0,0,0,0,0,0,0,0,0,0,0,0,0,0,0,0,0,0,0,0,0,0,0,0,0,0,0,0,0,0,0,0,0,0,0,0,0,0,0,0,0,0,0,0,0,0,0,0,0,0,0,0,0,0,0,0,0,0,77.1,70.7,71.2,69.2,67.4,0,0,0,0,0,0,0,0,0,0,0,0,0,0,0,0,0,0,0,0,0,0,0,0,0,0,0,0,0,0,0,0,0,0,0,0,0,0,0,0,0,0,0,0,0,0,0,0,0,0,0,0,0,0,0,0,0,0,0,0,0,0,0,0,0,0,0,0,0,0,0,0,0,0,0,0,0,0,0,0,0,0,0,0,318.2,355.6,63.64,71.12,55,115,2,2
"009","08","A","S",2,30.5,637,73,2,55,44,1,-47,1.5,5,0,0,90,"2212",8,30,52.5,33.3,24.7,24.4,17.2,8.1,7.5,17.2,23.7,21.6,10.6,15.2,11.7,12.7,13.9,11.7,16.6,24.1,19.9,13.6,36.1,61.3,65.8,54.4,34.6,13.3,7.8,39.4,54.8,49.2,0,0,0,0,0,0,0,0,0,0,0,0,0,0,0,0,0,0,0,0,0,0,0,0,0,0,0,0,0,0,0,0,0,0,0,0,0,0,0,0,0,0,0,0,0,0,0,0,0,0,0,0,0,0,0,0,0,0,0,0,94.1,74.8,71.4,69.3,74.5,85,93,103.2,106.7,108.1,93.6,77.8,75.2,75.6,86.4,96.3,101.8,104.9,105.4,91.4,81.3,87.7,94.5,100.3,95.8,89.7,90.1,94.2,78.5,54.3,0,0,0,0,0,0,0,0,0,0,0,0,0,0,0,0,0,0,0,0,0,0,0,0,0,0,0,0,0,0,0,0,0,0,0,0,0,0,0,0,0,0,0,0,0,0,0,0,0,0,0,0,0,0,0,0,0,0,0,0,"FS","Y","",2022,6,4,"12/01/09",20.8852459016393,21.9632470481423,22.1788472774429,20.8852459016393,0,0,24.7,24.4,17.2,8.1,7.5,17.2,23.7,21.6,10.6,15.2,11.7,12.7,13.9,11.7,16.6,24.1,19.9,13.6,36.1,61.3,65.8,54.4,34.6,13.3,7.8,39.4,54.8,49.2,0,0,0,0,0,0,0,0,0,0,0,0,0,0,0,0,0,0,0,0,0,0,0,0,0,0,0,0,0,0,0,0,0,0,0,0,0,0,0,0,0,0,0,0,0,0,0,0,0,0,0,0,0,0,0,0,0,0,0,0,0,0,71.4,69.3,74.5,85,93,103.2,106.7,108.1,93.6,77.8,75.2,75.6,86.4,96.3,101.8,104.9,105.4,91.4,81.3,87.7,94.5,100.3,95.8,89.7,90.1,94.2,78.5,54.3,0,0,0,0,0,0,0,0,0,0,0,0,0,0,0,0,0,0,0,0,0,0,0,0,0,0,0,0,0,0,0,0,0,0,0,0,0,0,0,0,0,0,0,0,0,0,0,0,0,0,0,0,0,0,0,0,0,0,0,0,711.1,2486,25.3964285714286,88.7857142857143,55,115,3,3
"016","07","A","S",2,28.1,677,37,16,73,23,4,-74,1.5,0,0,0,90,"2212",12,28,56.8,54.2,56.6,57.9,53.7,47.3,27.6,14.5,30.9,53.8,63.9,60.9,54.1,53.2,54,48.6,49.2,41.2,24.5,18.7,23.1,15.9,26.4,46.5,54.5,54.6,40,19.8,0,0,0,0,0,0,0,0,0,0,0,0,0,0,0,0,0,0,0,0,0,0,0,0,0,0,0,0,0,0,0,0,0,0,0,0,0,0,0,0,0,0,0,0,0,0,0,0,0,0,0,0,0,0,0,0,0,0,0,0,0,0,110.6,90.2,61,33.6,41.6,61.5,86.5,99,89.2,76.3,60.4,45.4,35,44.5,57.2,80.2,102.3,110.7,103.9,104.4,87.6,77.8,60.4,40.4,33.9,33.3,51.4,70.8,0,0,0,0,0,0,0,0,0,0,0,0,0,0,0,0,0,0,0,0,0,0,0,0,0,0,0,0,0,0,0,0,0,0,0,0,0,0,0,0,0,0,0,0,0,0,0,0,0,0,0,0,0,0,0,0,0,0,0,0,0,0,"TT","Y","",2022,1,4,"11/30/09",24.0925266903915,24.8793824763781,24.9707705228088,24.4224422442244,0,54.2,56.6,57.9,53.7,47.3,27.6,14.5,30.9,53.8,63.9,60.9,54.1,53.2,54,48.6,49.2,41.2,24.5,18.7,23.1,15.9,26.4,46.5,54.5,54.6,40,19.8,0,0,0,0,0,0,0,0,0,0,0,0,0,0,0,0,0,0,0,0,0,0,0,0,0,0,0,0,0,0,0,0,0,0,0,0,0,0,0,0,0,0,0,0,0,0,0,0,0,0,0,0,0,0,0,0,0,0,0,0,0,0,0,90.2,61,33.6,41.6,61.5,86.5,99,89.2,76.3,60.4,45.4,35,44.5,57.2,80.2,102.3,110.7,103.9,104.4,87.6,77.8,60.4,40.4,33.9,33.3,51.4,70.8,0,0,0,0,0,0,0,0,0,0,0,0,0,0,0,0,0,0,0,0,0,0,0,0,0,0,0,0,0,0,0,0,0,0,0,0,0,0,0,0,0,0,0,0,0,0,0,0,0,0,0,0,0,0,0,0,0,0,0,0,0,0,1145.6,1838.5,42.4296296296296,68.0925925925926,55,115,2,2
"017","07","A","W",2,5.9,170,43,40,67,25,8,-40,1.5,1,0,0,90,"2212",12,5,109.5,91,60.1,34.8,20.4,0,0,0,0,0,0,0,0,0,0,0,0,0,0,0,0,0,0,0,0,0,0,0,0,0,0,0,0,0,0,0,0,0,0,0,0,0,0,0,0,0,0,0,0,0,0,0,0,0,0,0,0,0,0,0,0,0,0,0,0,0,0,0,0,0,0,0,0,0,0,0,0,0,0,0,0,0,0,0,0,0,0,0,0,0,49.9,29,29.6,55.6,83.8,0,0,0,0,0,0,0,0,0,0,0,0,0,0,0,0,0,0,0,0,0,0,0,0,0,0,0,0,0,0,0,0,0,0,0,0,0,0,0,0,0,0,0,0,0,0,0,0,0,0,0,0,0,0,0,0,0,0,0,0,0,0,0,0,0,0,0,0,0,0,0,0,0,0,0,0,0,0,0,0,0,0,0,0,0,"TT","Y","",2022,2,4,"11/30/09",28.8135593220339,24.8793824763781,24.9707705228088,24.4224422442244,0,0,0,0,20.4,0,0,0,0,0,0,0,0,0,0,0,0,0,0,0,0,0,0,0,0,0,0,0,0,0,0,0,0,0,0,0,0,0,0,0,0,0,0,0,0,0,0,0,0,0,0,0,0,0,0,0,0,0,0,0,0,0,0,0,0,0,0,0,0,0,0,0,0,0,0,0,0,0,0,0,0,0,0,0,0,0,0,0,0,0,0,0,0,0,83.8,0,0,0,0,0,0,0,0,0,0,0,0,0,0,0,0,0,0,0,0,0,0,0,0,0,0,0,0,0,0,0,0,0,0,0,0,0,0,0,0,0,0,0,0,0,0,0,0,0,0,0,0,0,0,0,0,0,0,0,0,0,0,0,0,0,0,0,0,0,0,0,0,0,0,0,0,0,0,0,0,0,0,0,0,0,20.4,83.8,20.4,83.8,115,55,5,5
"018","07","A","N",2,13.1,352,42,5,53,33,14,-57,1.5,1,0,0,90,"2212",12,13,112.8,103.9,83.3,55.7,44.6,33.6,19.9,33.6,30.2,39.2,41.7,35.2,15.3,0,0,0,0,0,0,0,0,0,0,0,0,0,0,0,0,0,0,0,0,0,0,0,0,0,0,0,0,0,0,0,0,0,0,0,0,0,0,0,0,0,0,0,0,0,0,0,0,0,0,0,0,0,0,0,0,0,0,0,0,0,0,0,0,0,0,0,0,0,0,0,0,0,0,0,0,0,69.1,62.5,64.2,82.4,108.9,115.3,93.5,65,57.9,62.6,68.5,90.2,92.7,0,0,0,0,0,0,0,0,0,0,0,0,0,0,0,0,0,0,0,0,0,0,0,0,0,0,0,0,0,0,0,0,0,0,0,0,0,0,0,0,0,0,0,0,0,0,0,0,0,0,0,0,0,0,0,0,0,0,0,0,0,0,0,0,0,0,0,0,0,0,0,0,0,0,0,0,0,"TT","Y","",2022,3,4,"11/30/09",26.8702290076336,24.8793824763781,24.9707705228088,24.4224422442244,0,0,0,0,44.6,33.6,19.9,33.6,30.2,39.2,41.7,35.2,15.3,0,0,0,0,0,0,0,0,0,0,0,0,0,0,0,0,0,0,0,0,0,0,0,0,0,0,0,0,0,0,0,0,0,0,0,0,0,0,0,0,0,0,0,0,0,0,0,0,0,0,0,0,0,0,0,0,0,0,0,0,0,0,0,0,0,0,0,0,0,0,0,0,0,0,0,0,0,0,0,0,0,108.9,115.3,93.5,65,57.9,62.6,68.5,90.2,92.7,0,0,0,0,0,0,0,0,0,0,0,0,0,0,0,0,0,0,0,0,0,0,0,0,0,0,0,0,0,0,0,0,0,0,0,0,0,0,0,0,0,0,0,0,0,0,0,0,0,0,0,0,0,0,0,0,0,0,0,0,0,0,0,0,0,0,0,0,0,0,0,0,0,0,0,0,0,293.3,754.6,32.5888888888889,83.8444444444445,115,55,5,5
"016","08","A","N",2,13.3,346,33,4,59,31,10,-37,1.5,1,0,0,90,"2212",12,13,111.9,105.4,89,64,38.8,18.5,25.1,43.3,37.1,33.5,38.3,36.3,17.3,0,0,0,0,0,0,0,0,0,0,0,0,0,0,0,0,0,0,0,0,0,0,0,0,0,0,0,0,0,0,0,0,0,0,0,0,0,0,0,0,0,0,0,0,0,0,0,0,0,0,0,0,0,0,0,0,0,0,0,0,0,0,0,0,0,0,0,0,0,0,0,0,0,0,0,0,0,67.3,66.5,71.1,85.5,89.6,97.6,91.9,65.9,54.2,57.6,63.3,82.1,91,0,0,0,0,0,0,0,0,0,0,0,0,0,0,0,0,0,0,0,0,0,0,0,0,0,0,0,0,0,0,0,0,0,0,0,0,0,0,0,0,0,0,0,0,0,0,0,0,0,0,0,0,0,0,0,0,0,0,0,0,0,0,0,0,0,0,0,0,0,0,0,0,0,0,0,0,0,"TT","Y","",2022,4,4,"12/01/09",26.015037593985,24.8793824763781,24.9707705228088,24.4224422442244,0,0,0,0,38.8,18.5,25.1,43.3,37.1,33.5,38.3,36.3,17.3,0,0,0,0,0,0,0,0,0,0,0,0,0,0,0,0,0,0,0,0,0,0,0,0,0,0,0,0,0,0,0,0,0,0,0,0,0,0,0,0,0,0,0,0,0,0,0,0,0,0,0,0,0,0,0,0,0,0,0,0,0,0,0,0,0,0,0,0,0,0,0,0,0,0,0,0,0,0,0,0,0,89.6,97.6,91.9,65.9,54.2,57.6,63.3,82.1,91,0,0,0,0,0,0,0,0,0,0,0,0,0,0,0,0,0,0,0,0,0,0,0,0,0,0,0,0,0,0,0,0,0,0,0,0,0,0,0,0,0,0,0,0,0,0,0,0,0,0,0,0,0,0,0,0,0,0,0,0,0,0,0,0,0,0,0,0,0,0,0,0,0,0,0,0,0,288.2,693.2,32.0222222222222,77.0222222222222,115,55,5,5
"017","08","A","E",2,3.2,61,77,1,0,38,62,-23,1.5,0,0,0,90,"2212",12,3,65.3,55,30.5,0,0,0,0,0,0,0,0,0,0,0,0,0,0,0,0,0,0,0,0,0,0,0,0,0,0,0,0,0,0,0,0,0,0,0,0,0,0,0,0,0,0,0,0,0,0,0,0,0,0,0,0,0,0,0,0,0,0,0,0,0,0,0,0,0,0,0,0,0,0,0,0,0,0,0,0,0,0,0,0,0,0,0,0,0,0,0,122.8,118.9,106.2,0,0,0,0,0,0,0,0,0,0,0,0,0,0,0,0,0,0,0,0,0,0,0,0,0,0,0,0,0,0,0,0,0,0,0,0,0,0,0,0,0,0,0,0,0,0,0,0,0,0,0,0,0,0,0,0,0,0,0,0,0,0,0,0,0,0,0,0,0,0,0,0,0,0,0,0,0,0,0,0,0,0,0,0,0,0,0,"TT","Y","",2022,5,4,"12/01/09",19.0625,24.8793824763781,24.9707705228088,24.4224422442244,0,55,30.5,0,0,0,0,0,0,0,0,0,0,0,0,0,0,0,0,0,0,0,0,0,0,0,0,0,0,0,0,0,0,0,0,0,0,0,0,0,0,0,0,0,0,0,0,0,0,0,0,0,0,0,0,0,0,0,0,0,0,0,0,0,0,0,0,0,0,0,0,0,0,0,0,0,0,0,0,0,0,0,0,0,0,0,0,0,0,0,0,118.9,106.2,0,0,0,0,0,0,0,0,0,0,0,0,0,0,0,0,0,0,0,0,0,0,0,0,0,0,0,0,0,0,0,0,0,0,0,0,0,0,0,0,0,0,0,0,0,0,0,0,0,0,0,0,0,0,0,0,0,0,0,0,0,0,0,0,0,0,0,0,0,0,0,0,0,0,0,0,0,0,0,0,0,0,0,0,0,0,0,85.5,225.1,42.75,112.55,55,115,2,2
"018","08","A","S",2,30.3,740,73,2,52,36,12,-46,1.5,6,0,0,90,"2212",12,30,51.3,33.6,15.9,9.1,14.1,22.6,11.1,6.9,11.6,32.5,33.7,13.9,16.2,49,66.6,60.9,40.8,19.4,38.5,63.9,82,84.5,73,51.9,39.7,17.2,10.7,22.6,13.8,14.3,0,0,0,0,0,0,0,0,0,0,0,0,0,0,0,0,0,0,0,0,0,0,0,0,0,0,0,0,0,0,0,0,0,0,0,0,0,0,0,0,0,0,0,0,0,0,0,0,0,0,0,0,0,0,0,0,0,0,0,0,105,76.7,72.9,82.3,93.8,79.6,77.9,80.7,94.8,101.9,93,84.6,90.2,109.7,123.8,122.9,113.6,101.1,88,71.4,52.9,33.6,28.9,36.2,47.8,71.7,96,105.2,94,97.2,0,0,0,0,0,0,0,0,0,0,0,0,0,0,0,0,0,0,0,0,0,0,0,0,0,0,0,0,0,0,0,0,0,0,0,0,0,0,0,0,0,0,0,0,0,0,0,0,0,0,0,0,0,0,0,0,0,0,0,0,"FS","Y","",2022,6,4,"12/01/09",24.4224422442244,24.8793824763781,24.9707705228088,24.4224422442244,0,33.6,15.9,9.1,14.1,22.6,11.1,6.9,11.6,32.5,33.7,13.9,16.2,49,66.6,60.9,40.8,19.4,38.5,63.9,82,84.5,73,51.9,39.7,17.2,10.7,22.6,13.8,14.3,0,0,0,0,0,0,0,0,0,0,0,0,0,0,0,0,0,0,0,0,0,0,0,0,0,0,0,0,0,0,0,0,0,0,0,0,0,0,0,0,0,0,0,0,0,0,0,0,0,0,0,0,0,0,0,0,0,0,0,0,0,76.7,72.9,82.3,93.8,79.6,77.9,80.7,94.8,101.9,93,84.6,90.2,109.7,123.8,122.9,113.6,101.1,88,71.4,52.9,33.6,28.9,36.2,47.8,71.7,96,105.2,94,97.2,0,0,0,0,0,0,0,0,0,0,0,0,0,0,0,0,0,0,0,0,0,0,0,0,0,0,0,0,0,0,0,0,0,0,0,0,0,0,0,0,0,0,0,0,0,0,0,0,0,0,0,0,0,0,0,0,0,0,0,0,970,2422.4,33.448275862069,83.5310344827586,55,115,2,2
"025","07","A","S",2,4.5,80,100,0,77,20,3,-30,1.5,1,0,0,90,"2212",25,4,41.7,24.3,17.2,20.4,0,0,0,0,0,0,0,0,0,0,0,0,0,0,0,0,0,0,0,0,0,0,0,0,0,0,0,0,0,0,0,0,0,0,0,0,0,0,0,0,0,0,0,0,0,0,0,0,0,0,0,0,0,0,0,0,0,0,0,0,0,0,0,0,0,0,0,0,0,0,0,0,0,0,0,0,0,0,0,0,0,0,0,0,0,0,101.2,84.1,79.9,74.4,0,0,0,0,0,0,0,0,0,0,0,0,0,0,0,0,0,0,0,0,0,0,0,0,0,0,0,0,0,0,0,0,0,0,0,0,0,0,0,0,0,0,0,0,0,0,0,0,0,0,0,0,0,0,0,0,0,0,0,0,0,0,0,0,0,0,0,0,0,0,0,0,0,0,0,0,0,0,0,0,0,0,0,0,0,0,"TT","Y","",2022,1,4,"11/30/09",17.7777777777778,26.4815917291281,25.9950153381116,28.9144736842105,0,24.3,17.2,20.4,0,0,0,0,0,0,0,0,0,0,0,0,0,0,0,0,0,0,0,0,0,0,0,0,0,0,0,0,0,0,0,0,0,0,0,0,0,0,0,0,0,0,0,0,0,0,0,0,0,0,0,0,0,0,0,0,0,0,0,0,0,0,0,0,0,0,0,0,0,0,0,0,0,0,0,0,0,0,0,0,0,0,0,0,0,0,0,84.1,79.9,74.4,0,0,0,0,0,0,0,0,0,0,0,0,0,0,0,0,0,0,0,0,0,0,0,0,0,0,0,0,0,0,0,0,0,0,0,0,0,0,0,0,0,0,0,0,0,0,0,0,0,0,0,0,0,0,0,0,0,0,0,0,0,0,0,0,0,0,0,0,0,0,0,0,0,0,0,0,0,0,0,0,0,0,0,0,0,0,61.9,238.4,20.6333333333333,79.4666666666667,55,115,2,2
"026","07","A","W",2,4.2,127,19,6,63,31,6,-3,1.5,1,0,0,90,"2212",25,4,106.4,85.2,45.8,18.6,0,0,0,0,0,0,0,0,0,0,0,0,0,0,0,0,0,0,0,0,0,0,0,0,0,0,0,0,0,0,0,0,0,0,0,0,0,0,0,0,0,0,0,0,0,0,0,0,0,0,0,0,0,0,0,0,0,0,0,0,0,0,0,0,0,0,0,0,0,0,0,0,0,0,0,0,0,0,0,0,0,0,0,0,0,0,52.3,46.1,55.6,77.5,0,0,0,0,0,0,0,0,0,0,0,0,0,0,0,0,0,0,0,0,0,0,0,0,0,0,0,0,0,0,0,0,0,0,0,0,0,0,0,0,0,0,0,0,0,0,0,0,0,0,0,0,0,0,0,0,0,0,0,0,0,0,0,0,0,0,0,0,0,0,0,0,0,0,0,0,0,0,0,0,0,0,0,0,0,0,"TT","Y","",2022,2,4,"11/30/09",30.2380952380952,26.4815917291281,25.9950153381116,28.9144736842105,0,0,0,0,0,0,0,0,0,0,0,0,0,0,0,0,0,0,0,0,0,0,0,0,0,0,0,0,0,0,0,0,0,0,0,0,0,0,0,0,0,0,0,0,0,0,0,0,0,0,0,0,0,0,0,0,0,0,0,0,0,0,0,0,0,0,0,0,0,0,0,0,0,0,0,0,0,0,0,0,0,0,0,0,0,0,0,0,0,0,0,0,0,0,0,0,0,0,0,0,0,0,0,0,0,0,0,0,0,0,0,0,0,0,0,0,0,0,0,0,0,0,0,0,0,0,0,0,0,0,0,0,0,0,0,0,0,0,0,0,0,0,0,0,0,0,0,0,0,0,0,0,0,0,0,0,0,0,0,0,0,0,0,0,0,0,0,0,0,0,0,0,0,0,0,0,0,0,0,0,0,0,0,0,115,55,4,4
"027","07","A","N",2,4.2,116,26,1,51,34,15,-21,1.5,0,0,0,90,"2212",25,4,107.6,91.6,52.7,34.7,0,0,0,0,0,0,0,0,0,0,0,0,0,0,0,0,0,0,0,0,0,0,0,0,0,0,0,0,0,0,0,0,0,0,0,0,0,0,0,0,0,0,0,0,0,0,0,0,0,0,0,0,0,0,0,0,0,0,0,0,0,0,0,0,0,0,0,0,0,0,0,0,0,0,0,0,0,0,0,0,0,0,0,0,0,0,62.8,58.9,55.2,75.6,0,0,0,0,0,0,0,0,0,0,0,0,0,0,0,0,0,0,0,0,0,0,0,0,0,0,0,0,0,0,0,0,0,0,0,0,0,0,0,0,0,0,0,0,0,0,0,0,0,0,0,0,0,0,0,0,0,0,0,0,0,0,0,0,0,0,0,0,0,0,0,0,0,0,0,0,0,0,0,0,0,0,0,0,0,0,"TT","Y","",2022,3,4,"11/30/09",27.6190476190476,26.4815917291281,25.9950153381116,28.9144736842105,0,0,0,0,0,0,0,0,0,0,0,0,0,0,0,0,0,0,0,0,0,0,0,0,0,0,0,0,0,0,0,0,0,0,0,0,0,0,0,0,0,0,0,0,0,0,0,0,0,0,0,0,0,0,0,0,0,0,0,0,0,0,0,0,0,0,0,0,0,0,0,0,0,0,0,0,0,0,0,0,0,0,0,0,0,0,0,0,0,0,0,0,0,0,0,0,0,0,0,0,0,0,0,0,0,0,0,0,0,0,0,0,0,0,0,0,0,0,0,0,0,0,0,0,0,0,0,0,0,0,0,0,0,0,0,0,0,0,0,0,0,0,0,0,0,0,0,0,0,0,0,0,0,0,0,0,0,0,0,0,0,0,0,0,0,0,0,0,0,0,0,0,0,0,0,0,0,0,0,0,0,0,0,0,115,55,4,4
"025","08","A","N",2,23.9,698,39,2,27,36,37,-30,1.5,2,0,0,90,"2212",25,23,107.8,97.2,78.2,73.4,64.5,55.6,42.4,40.7,59.2,59.1,45.4,40.2,61.9,89.1,112.9,106,93.6,72,47.6,31.3,17.2,18.1,11.9,0,0,0,0,0,0,0,0,0,0,0,0,0,0,0,0,0,0,0,0,0,0,0,0,0,0,0,0,0,0,0,0,0,0,0,0,0,0,0,0,0,0,0,0,0,0,0,0,0,0,0,0,0,0,0,0,0,0,0,0,0,0,0,0,0,0,0,66.5,66.9,80.8,111.7,124.4,125,126.1,121.5,102.2,77,55,52.6,47.6,51.7,67.6,73.6,89.3,97.7,102.3,110.3,102,92.4,85.8,0,0,0,0,0,0,0,0,0,0,0,0,0,0,0,0,0,0,0,0,0,0,0,0,0,0,0,0,0,0,0,0,0,0,0,0,0,0,0,0,0,0,0,0,0,0,0,0,0,0,0,0,0,0,0,0,0,0,0,0,0,0,0,0,0,0,0,"TT","Y","",2022,4,4,"12/01/09",29.2050209205021,26.4815917291281,25.9950153381116,28.9144736842105,0,0,0,73.4,64.5,55.6,42.4,40.7,59.2,59.1,45.4,40.2,61.9,89.1,112.9,106,93.6,72,47.6,31.3,17.2,18.1,11.9,0,0,0,0,0,0,0,0,0,0,0,0,0,0,0,0,0,0,0,0,0,0,0,0,0,0,0,0,0,0,0,0,0,0,0,0,0,0,0,0,0,0,0,0,0,0,0,0,0,0,0,0,0,0,0,0,0,0,0,0,0,0,0,0,0,0,0,0,0,0,111.7,124.4,125,126.1,121.5,102.2,77,55,52.6,47.6,51.7,67.6,73.6,89.3,97.7,102.3,110.3,102,92.4,85.8,0,0,0,0,0,0,0,0,0,0,0,0,0,0,0,0,0,0,0,0,0,0,0,0,0,0,0,0,0,0,0,0,0,0,0,0,0,0,0,0,0,0,0,0,0,0,0,0,0,0,0,0,0,0,0,0,0,0,0,0,0,0,0,0,0,0,0,1142.1,1815.8,57.105,90.79,115,55,4,4
"026","08","A","E",2,3.7,93,19,1,33,22,45,58,1.5,1,0,0,90,"2212",25,3,69.2,62.8,43.7,0,0,0,0,0,0,0,0,0,0,0,0,0,0,0,0,0,0,0,0,0,0,0,0,0,0,0,0,0,0,0,0,0,0,0,0,0,0,0,0,0,0,0,0,0,0,0,0,0,0,0,0,0,0,0,0,0,0,0,0,0,0,0,0,0,0,0,0,0,0,0,0,0,0,0,0,0,0,0,0,0,0,0,0,0,0,0,120.5,108.8,84.9,0,0,0,0,0,0,0,0,0,0,0,0,0,0,0,0,0,0,0,0,0,0,0,0,0,0,0,0,0,0,0,0,0,0,0,0,0,0,0,0,0,0,0,0,0,0,0,0,0,0,0,0,0,0,0,0,0,0,0,0,0,0,0,0,0,0,0,0,0,0,0,0,0,0,0,0,0,0,0,0,0,0,0,0,0,0,0,"TT","Y","",2022,5,4,"12/01/09",25.1351351351351,26.4815917291281,25.9950153381116,28.9144736842105,0,62.8,43.7,0,0,0,0,0,0,0,0,0,0,0,0,0,0,0,0,0,0,0,0,0,0,0,0,0,0,0,0,0,0,0,0,0,0,0,0,0,0,0,0,0,0,0,0,0,0,0,0,0,0,0,0,0,0,0,0,0,0,0,0,0,0,0,0,0,0,0,0,0,0,0,0,0,0,0,0,0,0,0,0,0,0,0,0,0,0,0,0,108.8,84.9,0,0,0,0,0,0,0,0,0,0,0,0,0,0,0,0,0,0,0,0,0,0,0,0,0,0,0,0,0,0,0,0,0,0,0,0,0,0,0,0,0,0,0,0,0,0,0,0,0,0,0,0,0,0,0,0,0,0,0,0,0,0,0,0,0,0,0,0,0,0,0,0,0,0,0,0,0,0,0,0,0,0,0,0,0,0,0,106.5,193.7,53.25,96.85,55,115,2,2
"027","08","A","S",2,30.4,879,58,10,45,35,20,-57,1.5,2,0,0,90,"2212",25,30,50.6,35.1,23.1,11,5.3,13.4,21.3,16,9.1,32.8,72.5,98.7,93,72.5,46.6,38.8,41.9,22.3,34.3,62,75,78.6,59.4,30.8,21.7,27.9,46.5,61.2,54.4,32,0,0,0,0,0,0,0,0,0,0,0,0,0,0,0,0,0,0,0,0,0,0,0,0,0,0,0,0,0,0,0,0,0,0,0,0,0,0,0,0,0,0,0,0,0,0,0,0,0,0,0,0,0,0,0,0,0,0,0,0,100.1,80.4,74.5,82.3,91.4,99.7,105.1,95.8,92.1,77.3,70.6,56.2,27.1,16.6,50.7,98.5,122.8,107.9,106.9,113.7,105,84.8,62.6,60.2,79.4,99.3,121.4,124.3,107,94.5,0,0,0,0,0,0,0,0,0,0,0,0,0,0,0,0,0,0,0,0,0,0,0,0,0,0,0,0,0,0,0,0,0,0,0,0,0,0,0,0,0,0,0,0,0,0,0,0,0,0,0,0,0,0,0,0,0,0,0,0,"FS","Y","",2022,6,4,"12/01/09",28.9144736842105,26.4815917291281,25.9950153381116,28.9144736842105,0,35.1,23.1,11,5.3,13.4,21.3,16,9.1,32.8,72.5,98.7,93,72.5,46.6,38.8,41.9,22.3,34.3,62,75,78.6,59.4,30.8,21.7,27.9,46.5,61.2,54.4,32,0,0,0,0,0,0,0,0,0,0,0,0,0,0,0,0,0,0,0,0,0,0,0,0,0,0,0,0,0,0,0,0,0,0,0,0,0,0,0,0,0,0,0,0,0,0,0,0,0,0,0,0,0,0,0,0,0,0,0,0,0,80.4,74.5,82.3,91.4,99.7,105.1,95.8,92.1,77.3,70.6,56.2,27.1,16.6,50.7,98.5,122.8,107.9,106.9,113.7,105,84.8,62.6,60.2,79.4,99.3,121.4,124.3,107,94.5,0,0,0,0,0,0,0,0,0,0,0,0,0,0,0,0,0,0,0,0,0,0,0,0,0,0,0,0,0,0,0,0,0,0,0,0,0,0,0,0,0,0,0,0,0,0,0,0,0,0,0,0,0,0,0,0,0,0,0,0,1237.2,2508.1,42.6620689655172,86.4862068965517,55,115,2,2
"013","CT","A","N",3,23.5,544,43,27,68,31,1,33,1.5,3,2,0,30,"2212",8,23,103.5,74.5,50.6,45.8,45.1,47.8,48.3,45.9,52.8,59.6,69.4,70.9,48.6,30.1,43.9,69.4,93.7,109.9,111.1,95.9,82.8,66.3,26.1,0,0,0,0,0,0,0,0,0,0,0,0,0,0,0,0,0,0,0,0,0,0,0,0,0,0,0,0,0,0,0,0,0,0,0,0,0,0,0,0,0,0,0,0,0,0,0,0,0,0,0,0,0,0,0,0,0,0,0,0,0,0,0,0,0,0,0,66.3,67.6,72.4,71.8,58.8,47.9,48.2,59.4,70.1,69.5,71.8,80.6,79.9,69.3,50.4,24.9,7.1,19,33.4,37.7,42.4,52.1,71.9,0,0,0,0,0,0,0,0,0,0,0,0,0,0,0,0,0,0,0,0,0,0,0,0,0,0,0,0,0,0,0,0,0,0,0,0,0,0,0,0,0,0,0,0,0,0,0,0,0,0,0,0,0,0,0,0,0,0,0,0,0,0,0,0,0,0,0,"CUE","Y","",2022,1,7,"12/02/09",23.1489361702128,23.0707364991536,23.0707364991536,0,0,0,0,0,45.1,47.8,48.3,45.9,52.8,59.6,69.4,70.9,48.6,30.1,43.9,69.4,93.7,109.9,111.1,95.9,82.8,66.3,26.1,0,0,0,0,0,0,0,0,0,0,0,0,0,0,0,0,0,0,0,0,0,0,0,0,0,0,0,0,0,0,0,0,0,0,0,0,0,0,0,0,0,0,0,0,0,0,0,0,0,0,0,0,0,0,0,0,0,0,0,0,0,0,0,0,0,0,0,0,0,0,0,58.8,47.9,48.2,59.4,70.1,69.5,71.8,80.6,79.9,69.3,50.4,24.9,7.1,19,33.4,37.7,42.4,52.1,71.9,0,0,0,0,0,0,0,0,0,0,0,0,0,0,0,0,0,0,0,0,0,0,0,0,0,0,0,0,0,0,0,0,0,0,0,0,0,0,0,0,0,0,0,0,0,0,0,0,0,0,0,0,0,0,0,0,0,0,0,0,0,0,0,0,0,0,0,1217.6,994.4,64.0842105263158,52.3368421052632,115,55,5,5
"014","CT","A","E",4,13.3,335,46,8,83,7,10,-56,1.5,2,1,0,30,"2212",8,13,122.3,110.2,81.4,53.6,43.5,47.4,58.6,77.3,88.5,89.9,70.6,50.1,26,0,0,0,0,0,0,0,0,0,0,0,0,0,0,0,0,0,0,0,0,0,0,0,0,0,0,0,0,0,0,0,0,0,0,0,0,0,0,0,0,0,0,0,0,0,0,0,0,0,0,0,0,0,0,0,0,0,0,0,0,0,0,0,0,0,0,0,0,0,0,0,0,0,0,0,0,0,59.7,38.2,17.1,37,52.4,56.1,47.6,27.9,12.4,12.1,44.3,65.7,71.3,0,0,0,0,0,0,0,0,0,0,0,0,0,0,0,0,0,0,0,0,0,0,0,0,0,0,0,0,0,0,0,0,0,0,0,0,0,0,0,0,0,0,0,0,0,0,0,0,0,0,0,0,0,0,0,0,0,0,0,0,0,0,0,0,0,0,0,0,0,0,0,0,0,0,0,0,0,"CUE","Y","",2022,2,7,"12/02/09",25.187969924812,23.0707364991536,23.0707364991536,0,0,0,0,0,43.5,47.4,58.6,77.3,88.5,89.9,70.6,50.1,26,0,0,0,0,0,0,0,0,0,0,0,0,0,0,0,0,0,0,0,0,0,0,0,0,0,0,0,0,0,0,0,0,0,0,0,0,0,0,0,0,0,0,0,0,0,0,0,0,0,0,0,0,0,0,0,0,0,0,0,0,0,0,0,0,0,0,0,0,0,0,0,0,0,0,0,0,0,0,0,0,0,52.4,56.1,47.6,27.9,12.4,12.1,44.3,65.7,71.3,0,0,0,0,0,0,0,0,0,0,0,0,0,0,0,0,0,0,0,0,0,0,0,0,0,0,0,0,0,0,0,0,0,0,0,0,0,0,0,0,0,0,0,0,0,0,0,0,0,0,0,0,0,0,0,0,0,0,0,0,0,0,0,0,0,0,0,0,0,0,0,0,0,0,0,0,0,551.9,389.8,61.3222222222222,43.3111111111111,115,55,5,5
"015","CT","A","S",4,5.7,120,8,17,46,39,15,-46,1.5,0,1,0,30,"2212",8,5,109.2,88.3,75.7,58.6,32.6,0,0,0,0,0,0,0,0,0,0,0,0,0,0,0,0,0,0,0,0,0,0,0,0,0,0,0,0,0,0,0,0,0,0,0,0,0,0,0,0,0,0,0,0,0,0,0,0,0,0,0,0,0,0,0,0,0,0,0,0,0,0,0,0,0,0,0,0,0,0,0,0,0,0,0,0,0,0,0,0,0,0,0,0,0,54.6,55.8,61.7,59.2,67.1,0,0,0,0,0,0,0,0,0,0,0,0,0,0,0,0,0,0,0,0,0,0,0,0,0,0,0,0,0,0,0,0,0,0,0,0,0,0,0,0,0,0,0,0,0,0,0,0,0,0,0,0,0,0,0,0,0,0,0,0,0,0,0,0,0,0,0,0,0,0,0,0,0,0,0,0,0,0,0,0,0,0,0,0,0,"CUE","Y","",2022,3,7,"12/02/09",21.0526315789474,23.0707364991536,23.0707364991536,0,0,0,0,0,32.6,0,0,0,0,0,0,0,0,0,0,0,0,0,0,0,0,0,0,0,0,0,0,0,0,0,0,0,0,0,0,0,0,0,0,0,0,0,0,0,0,0,0,0,0,0,0,0,0,0,0,0,0,0,0,0,0,0,0,0,0,0,0,0,0,0,0,0,0,0,0,0,0,0,0,0,0,0,0,0,0,0,0,0,0,0,0,0,0,0,67.1,0,0,0,0,0,0,0,0,0,0,0,0,0,0,0,0,0,0,0,0,0,0,0,0,0,0,0,0,0,0,0,0,0,0,0,0,0,0,0,0,0,0,0,0,0,0,0,0,0,0,0,0,0,0,0,0,0,0,0,0,0,0,0,0,0,0,0,0,0,0,0,0,0,0,0,0,0,0,0,0,0,0,0,0,0,32.6,67.1,32.6,67.1,115,55,5,5
"016","CT","A","E",3,7.5,144,21,5,63,24,13,50,1.5,0,0,0,30,"2212",8,7,121.6,108.1,100.4,85.7,74.7,62.8,31.1,0,0,0,0,0,0,0,0,0,0,0,0,0,0,0,0,0,0,0,0,0,0,0,0,0,0,0,0,0,0,0,0,0,0,0,0,0,0,0,0,0,0,0,0,0,0,0,0,0,0,0,0,0,0,0,0,0,0,0,0,0,0,0,0,0,0,0,0,0,0,0,0,0,0,0,0,0,0,0,0,0,0,0,43.1,24.4,16.6,15.2,27.8,44.3,65.5,0,0,0,0,0,0,0,0,0,0,0,0,0,0,0,0,0,0,0,0,0,0,0,0,0,0,0,0,0,0,0,0,0,0,0,0,0,0,0,0,0,0,0,0,0,0,0,0,0,0,0,0,0,0,0,0,0,0,0,0,0,0,0,0,0,0,0,0,0,0,0,0,0,0,0,0,0,0,0,0,0,0,0,"CUE","Y","",2022,4,7,"12/02/09",19.2,23.0707364991536,23.0707364991536,0,0,0,0,0,74.7,62.8,31.1,0,0,0,0,0,0,0,0,0,0,0,0,0,0,0,0,0,0,0,0,0,0,0,0,0,0,0,0,0,0,0,0,0,0,0,0,0,0,0,0,0,0,0,0,0,0,0,0,0,0,0,0,0,0,0,0,0,0,0,0,0,0,0,0,0,0,0,0,0,0,0,0,0,0,0,0,0,0,0,0,0,0,0,0,0,0,0,27.8,44.3,65.5,0,0,0,0,0,0,0,0,0,0,0,0,0,0,0,0,0,0,0,0,0,0,0,0,0,0,0,0,0,0,0,0,0,0,0,0,0,0,0,0,0,0,0,0,0,0,0,0,0,0,0,0,0,0,0,0,0,0,0,0,0,0,0,0,0,0,0,0,0,0,0,0,0,0,0,0,0,0,0,0,0,0,0,168.6,137.6,56.2,45.8666666666667,115,55,5,5
"017","CT","A","W",2,6.8,148,8,56,77,22,1,-60,1.5,0,2,0,30,"2212",8,6,102.4,97.2,90.7,72.3,54.1,41.1,0,0,0,0,0,0,0,0,0,0,0,0,0,0,0,0,0,0,0,0,0,0,0,0,0,0,0,0,0,0,0,0,0,0,0,0,0,0,0,0,0,0,0,0,0,0,0,0,0,0,0,0,0,0,0,0,0,0,0,0,0,0,0,0,0,0,0,0,0,0,0,0,0,0,0,0,0,0,0,0,0,0,0,0,36.9,13.3,8.5,26,48.4,62.5,0,0,0,0,0,0,0,0,0,0,0,0,0,0,0,0,0,0,0,0,0,0,0,0,0,0,0,0,0,0,0,0,0,0,0,0,0,0,0,0,0,0,0,0,0,0,0,0,0,0,0,0,0,0,0,0,0,0,0,0,0,0,0,0,0,0,0,0,0,0,0,0,0,0,0,0,0,0,0,0,0,0,0,0,"CUE","Y","",2022,5,7,"12/02/09",21.7647058823529,23.0707364991536,23.0707364991536,0,0,0,0,0,54.1,41.1,0,0,0,0,0,0,0,0,0,0,0,0,0,0,0,0,0,0,0,0,0,0,0,0,0,0,0,0,0,0,0,0,0,0,0,0,0,0,0,0,0,0,0,0,0,0,0,0,0,0,0,0,0,0,0,0,0,0,0,0,0,0,0,0,0,0,0,0,0,0,0,0,0,0,0,0,0,0,0,0,0,0,0,0,0,0,0,0,48.4,62.5,0,0,0,0,0,0,0,0,0,0,0,0,0,0,0,0,0,0,0,0,0,0,0,0,0,0,0,0,0,0,0,0,0,0,0,0,0,0,0,0,0,0,0,0,0,0,0,0,0,0,0,0,0,0,0,0,0,0,0,0,0,0,0,0,0,0,0,0,0,0,0,0,0,0,0,0,0,0,0,0,0,0,0,0,95.2,110.9,47.6,55.45,115,55,5,5
"018","CT","A","S",1,5.7,160,0,36,80,16,4,-59,1.5,0,1,0,30,"2212",8,5,107.5,92,74.3,64.1,45.6,0,0,0,0,0,0,0,0,0,0,0,0,0,0,0,0,0,0,0,0,0,0,0,0,0,0,0,0,0,0,0,0,0,0,0,0,0,0,0,0,0,0,0,0,0,0,0,0,0,0,0,0,0,0,0,0,0,0,0,0,0,0,0,0,0,0,0,0,0,0,0,0,0,0,0,0,0,0,0,0,0,0,0,0,0,42.3,12.1,27.3,51.3,64,0,0,0,0,0,0,0,0,0,0,0,0,0,0,0,0,0,0,0,0,0,0,0,0,0,0,0,0,0,0,0,0,0,0,0,0,0,0,0,0,0,0,0,0,0,0,0,0,0,0,0,0,0,0,0,0,0,0,0,0,0,0,0,0,0,0,0,0,0,0,0,0,0,0,0,0,0,0,0,0,0,0,0,0,0,"CUE","Y","",2022,6,7,"12/02/09",28.0701754385965,23.0707364991536,23.0707364991536,0,0,0,0,0,45.6,0,0,0,0,0,0,0,0,0,0,0,0,0,0,0,0,0,0,0,0,0,0,0,0,0,0,0,0,0,0,0,0,0,0,0,0,0,0,0,0,0,0,0,0,0,0,0,0,0,0,0,0,0,0,0,0,0,0,0,0,0,0,0,0,0,0,0,0,0,0,0,0,0,0,0,0,0,0,0,0,0,0,0,0,0,0,0,0,0,64,0,0,0,0,0,0,0,0,0,0,0,0,0,0,0,0,0,0,0,0,0,0,0,0,0,0,0,0,0,0,0,0,0,0,0,0,0,0,0,0,0,0,0,0,0,0,0,0,0,0,0,0,0,0,0,0,0,0,0,0,0,0,0,0,0,0,0,0,0,0,0,0,0,0,0,0,0,0,0,0,0,0,0,0,0,45.6,64,45.6,64,115,55,5,5
"031","CT","A","N",3,3.9,33,0,16,2,36,62,4,1.5,0,0,0,30,"2212",12,3,110.9,114.4,144.2,0,0,0,0,0,0,0,0,0,0,0,0,0,0,0,0,0,0,0,0,0,0,0,0,0,0,0,0,0,0,0,0,0,0,0,0,0,0,0,0,0,0,0,0,0,0,0,0,0,0,0,0,0,0,0,0,0,0,0,0,0,0,0,0,0,0,0,0,0,0,0,0,0,0,0,0,0,0,0,0,0,0,0,0,0,0,0,56.8,52,52.5,0,0,0,0,0,0,0,0,0,0,0,0,0,0,0,0,0,0,0,0,0,0,0,0,0,0,0,0,0,0,0,0,0,0,0,0,0,0,0,0,0,0,0,0,0,0,0,0,0,0,0,0,0,0,0,0,0,0,0,0,0,0,0,0,0,0,0,0,0,0,0,0,0,0,0,0,0,0,0,0,0,0,0,0,0,0,0,"CUE","Y","",2022,1,7,"12/02/09",8.46153846153846,21.1418955309882,21.1418955309882,0,0,0,0,0,0,0,0,0,0,0,0,0,0,0,0,0,0,0,0,0,0,0,0,0,0,0,0,0,0,0,0,0,0,0,0,0,0,0,0,0,0,0,0,0,0,0,0,0,0,0,0,0,0,0,0,0,0,0,0,0,0,0,0,0,0,0,0,0,0,0,0,0,0,0,0,0,0,0,0,0,0,0,0,0,0,0,0,0,0,0,0,0,0,0,0,0,0,0,0,0,0,0,0,0,0,0,0,0,0,0,0,0,0,0,0,0,0,0,0,0,0,0,0,0,0,0,0,0,0,0,0,0,0,0,0,0,0,0,0,0,0,0,0,0,0,0,0,0,0,0,0,0,0,0,0,0,0,0,0,0,0,0,0,0,0,0,0,0,0,0,0,0,0,0,0,0,0,0,0,0,0,0,0,0,115,55,5,4
"032","CT","A","E",4,6.5,183,73,20,54,20,26,-74,1.5,0,1,0,30,"2212",12,6,119.9,118.2,102,79.1,58.6,32.1,0,0,0,0,0,0,0,0,0,0,0,0,0,0,0,0,0,0,0,0,0,0,0,0,0,0,0,0,0,0,0,0,0,0,0,0,0,0,0,0,0,0,0,0,0,0,0,0,0,0,0,0,0,0,0,0,0,0,0,0,0,0,0,0,0,0,0,0,0,0,0,0,0,0,0,0,0,0,0,0,0,0,0,0,58.2,38.8,19.3,20.5,28.4,54.5,0,0,0,0,0,0,0,0,0,0,0,0,0,0,0,0,0,0,0,0,0,0,0,0,0,0,0,0,0,0,0,0,0,0,0,0,0,0,0,0,0,0,0,0,0,0,0,0,0,0,0,0,0,0,0,0,0,0,0,0,0,0,0,0,0,0,0,0,0,0,0,0,0,0,0,0,0,0,0,0,0,0,0,0,"CUE","Y","",2022,2,7,"12/02/09",28.1538461538462,21.1418955309882,21.1418955309882,0,0,0,0,0,58.6,32.1,0,0,0,0,0,0,0,0,0,0,0,0,0,0,0,0,0,0,0,0,0,0,0,0,0,0,0,0,0,0,0,0,0,0,0,0,0,0,0,0,0,0,0,0,0,0,0,0,0,0,0,0,0,0,0,0,0,0,0,0,0,0,0,0,0,0,0,0,0,0,0,0,0,0,0,0,0,0,0,0,0,0,0,0,0,0,0,0,28.4,54.5,0,0,0,0,0,0,0,0,0,0,0,0,0,0,0,0,0,0,0,0,0,0,0,0,0,0,0,0,0,0,0,0,0,0,0,0,0,0,0,0,0,0,0,0,0,0,0,0,0,0,0,0,0,0,0,0,0,0,0,0,0,0,0,0,0,0,0,0,0,0,0,0,0,0,0,0,0,0,0,0,0,0,0,0,90.7,82.9,45.35,41.45,115,55,5,5
"033","CT","A","S",4,5.4,113,13,21,64,20,16,-23,1.5,0,1,0,30,"2212",12,5,111.1,93.9,72.6,48.3,26,0,0,0,0,0,0,0,0,0,0,0,0,0,0,0,0,0,0,0,0,0,0,0,0,0,0,0,0,0,0,0,0,0,0,0,0,0,0,0,0,0,0,0,0,0,0,0,0,0,0,0,0,0,0,0,0,0,0,0,0,0,0,0,0,0,0,0,0,0,0,0,0,0,0,0,0,0,0,0,0,0,0,0,0,0,54.9,46.9,40.6,50.4,63.2,0,0,0,0,0,0,0,0,0,0,0,0,0,0,0,0,0,0,0,0,0,0,0,0,0,0,0,0,0,0,0,0,0,0,0,0,0,0,0,0,0,0,0,0,0,0,0,0,0,0,0,0,0,0,0,0,0,0,0,0,0,0,0,0,0,0,0,0,0,0,0,0,0,0,0,0,0,0,0,0,0,0,0,0,0,"CUE","Y","",2022,3,7,"12/02/09",20.9259259259259,21.1418955309882,21.1418955309882,0,0,0,0,0,0,0,0,0,0,0,0,0,0,0,0,0,0,0,0,0,0,0,0,0,0,0,0,0,0,0,0,0,0,0,0,0,0,0,0,0,0,0,0,0,0,0,0,0,0,0,0,0,0,0,0,0,0,0,0,0,0,0,0,0,0,0,0,0,0,0,0,0,0,0,0,0,0,0,0,0,0,0,0,0,0,0,0,0,0,0,0,0,0,0,0,0,0,0,0,0,0,0,0,0,0,0,0,0,0,0,0,0,0,0,0,0,0,0,0,0,0,0,0,0,0,0,0,0,0,0,0,0,0,0,0,0,0,0,0,0,0,0,0,0,0,0,0,0,0,0,0,0,0,0,0,0,0,0,0,0,0,0,0,0,0,0,0,0,0,0,0,0,0,0,0,0,0,0,0,0,0,0,0,0,115,55,5,5
"034","CT","A","E",3,5.2,118,41,1,47,29,24,13,1.5,1,0,0,30,"2212",12,5,122.5,110.5,92.8,60.9,37.7,0,0,0,0,0,0,0,0,0,0,0,0,0,0,0,0,0,0,0,0,0,0,0,0,0,0,0,0,0,0,0,0,0,0,0,0,0,0,0,0,0,0,0,0,0,0,0,0,0,0,0,0,0,0,0,0,0,0,0,0,0,0,0,0,0,0,0,0,0,0,0,0,0,0,0,0,0,0,0,0,0,0,0,0,0,52.3,40.9,38.9,55.9,64.9,0,0,0,0,0,0,0,0,0,0,0,0,0,0,0,0,0,0,0,0,0,0,0,0,0,0,0,0,0,0,0,0,0,0,0,0,0,0,0,0,0,0,0,0,0,0,0,0,0,0,0,0,0,0,0,0,0,0,0,0,0,0,0,0,0,0,0,0,0,0,0,0,0,0,0,0,0,0,0,0,0,0,0,0,0,"CUE","Y","",2022,4,7,"12/02/09",22.6923076923077,21.1418955309882,21.1418955309882,0,0,0,0,0,0,0,0,0,0,0,0,0,0,0,0,0,0,0,0,0,0,0,0,0,0,0,0,0,0,0,0,0,0,0,0,0,0,0,0,0,0,0,0,0,0,0,0,0,0,0,0,0,0,0,0,0,0,0,0,0,0,0,0,0,0,0,0,0,0,0,0,0,0,0,0,0,0,0,0,0,0,0,0,0,0,0,0,0,0,0,0,0,0,0,0,0,0,0,0,0,0,0,0,0,0,0,0,0,0,0,0,0,0,0,0,0,0,0,0,0,0,0,0,0,0,0,0,0,0,0,0,0,0,0,0,0,0,0,0,0,0,0,0,0,0,0,0,0,0,0,0,0,0,0,0,0,0,0,0,0,0,0,0,0,0,0,0,0,0,0,0,0,0,0,0,0,0,0,0,0,0,0,0,0,115,55,5,5
"035","CT","A","W",2,11.6,252,7,30,60,36,4,-68,1.5,0,0,0,30,"2212",12,11,109.9,102.7,87.8,71.2,55.4,68.9,90.9,87,76.9,61,37.9,0,0,0,0,0,0,0,0,0,0,0,0,0,0,0,0,0,0,0,0,0,0,0,0,0,0,0,0,0,0,0,0,0,0,0,0,0,0,0,0,0,0,0,0,0,0,0,0,0,0,0,0,0,0,0,0,0,0,0,0,0,0,0,0,0,0,0,0,0,0,0,0,0,0,0,0,0,0,0,42.1,27.5,19.6,29.4,51.6,72,68,50.9,34.8,32.7,49.7,0,0,0,0,0,0,0,0,0,0,0,0,0,0,0,0,0,0,0,0,0,0,0,0,0,0,0,0,0,0,0,0,0,0,0,0,0,0,0,0,0,0,0,0,0,0,0,0,0,0,0,0,0,0,0,0,0,0,0,0,0,0,0,0,0,0,0,0,0,0,0,0,0,0,0,0,0,0,0,"CUE","Y","",2022,5,7,"12/02/09",21.7241379310345,21.1418955309882,21.1418955309882,0,0,0,0,0,55.4,68.9,90.9,87,76.9,61,37.9,0,0,0,0,0,0,0,0,0,0,0,0,0,0,0,0,0,0,0,0,0,0,0,0,0,0,0,0,0,0,0,0,0,0,0,0,0,0,0,0,0,0,0,0,0,0,0,0,0,0,0,0,0,0,0,0,0,0,0,0,0,0,0,0,0,0,0,0,0,0,0,0,0,0,0,0,0,0,0,0,0,0,0,51.6,72,68,50.9,34.8,32.7,49.7,0,0,0,0,0,0,0,0,0,0,0,0,0,0,0,0,0,0,0,0,0,0,0,0,0,0,0,0,0,0,0,0,0,0,0,0,0,0,0,0,0,0,0,0,0,0,0,0,0,0,0,0,0,0,0,0,0,0,0,0,0,0,0,0,0,0,0,0,0,0,0,0,0,0,0,0,0,0,0,478,359.7,68.2857142857143,51.3857142857143,115,55,5,5
"036","CT","A","S",1,4.7,117,32,1,69,21,10,-45,1.5,0,0,0,30,"2212",12,4,112.5,93,68.3,40.1,0,0,0,0,0,0,0,0,0,0,0,0,0,0,0,0,0,0,0,0,0,0,0,0,0,0,0,0,0,0,0,0,0,0,0,0,0,0,0,0,0,0,0,0,0,0,0,0,0,0,0,0,0,0,0,0,0,0,0,0,0,0,0,0,0,0,0,0,0,0,0,0,0,0,0,0,0,0,0,0,0,0,0,0,0,0,45.4,30.2,37.4,58.1,0,0,0,0,0,0,0,0,0,0,0,0,0,0,0,0,0,0,0,0,0,0,0,0,0,0,0,0,0,0,0,0,0,0,0,0,0,0,0,0,0,0,0,0,0,0,0,0,0,0,0,0,0,0,0,0,0,0,0,0,0,0,0,0,0,0,0,0,0,0,0,0,0,0,0,0,0,0,0,0,0,0,0,0,0,0,"CUE","Y","",2022,6,7,"12/02/09",24.8936170212766,21.1418955309882,21.1418955309882,0,0,0,0,0,0,0,0,0,0,0,0,0,0,0,0,0,0,0,0,0,0,0,0,0,0,0,0,0,0,0,0,0,0,0,0,0,0,0,0,0,0,0,0,0,0,0,0,0,0,0,0,0,0,0,0,0,0,0,0,0,0,0,0,0,0,0,0,0,0,0,0,0,0,0,0,0,0,0,0,0,0,0,0,0,0,0,0,0,0,0,0,0,0,0,0,0,0,0,0,0,0,0,0,0,0,0,0,0,0,0,0,0,0,0,0,0,0,0,0,0,0,0,0,0,0,0,0,0,0,0,0,0,0,0,0,0,0,0,0,0,0,0,0,0,0,0,0,0,0,0,0,0,0,0,0,0,0,0,0,0,0,0,0,0,0,0,0,0,0,0,0,0,0,0,0,0,0,0,0,0,0,0,0,0,115,55,5,5
"049","CT","A","N",3,16,276,22,2,29,17,54,-32,1.5,0,0,0,30,"2212",25,15,118.3,118.7,119.4,119.4,119,119.3,120,114.8,106.8,82.7,73.4,98.5,107.8,78.9,52.4,0,0,0,0,0,0,0,0,0,0,0,0,0,0,0,0,0,0,0,0,0,0,0,0,0,0,0,0,0,0,0,0,0,0,0,0,0,0,0,0,0,0,0,0,0,0,0,0,0,0,0,0,0,0,0,0,0,0,0,0,0,0,0,0,0,0,0,0,0,0,0,0,0,0,0,61.8,61,59.6,59.6,60.2,59.7,58.2,57.3,50.2,30.7,24.9,35,59.9,52.8,54.1,0,0,0,0,0,0,0,0,0,0,0,0,0,0,0,0,0,0,0,0,0,0,0,0,0,0,0,0,0,0,0,0,0,0,0,0,0,0,0,0,0,0,0,0,0,0,0,0,0,0,0,0,0,0,0,0,0,0,0,0,0,0,0,0,0,0,0,0,0,0,0,0,0,0,0,"CUE","Y","",2022,1,7,"12/02/09",17.25,20.1454148564614,20.1454148564614,0,0,0,0,0,0,119.3,120,114.8,106.8,82.7,73.4,98.5,107.8,78.9,52.4,0,0,0,0,0,0,0,0,0,0,0,0,0,0,0,0,0,0,0,0,0,0,0,0,0,0,0,0,0,0,0,0,0,0,0,0,0,0,0,0,0,0,0,0,0,0,0,0,0,0,0,0,0,0,0,0,0,0,0,0,0,0,0,0,0,0,0,0,0,0,0,0,0,0,0,0,0,0,0,0,59.7,58.2,57.3,50.2,30.7,24.9,35,59.9,52.8,54.1,0,0,0,0,0,0,0,0,0,0,0,0,0,0,0,0,0,0,0,0,0,0,0,0,0,0,0,0,0,0,0,0,0,0,0,0,0,0,0,0,0,0,0,0,0,0,0,0,0,0,0,0,0,0,0,0,0,0,0,0,0,0,0,0,0,0,0,0,0,0,0,0,0,0,0,954.6,482.8,95.46,48.28,115,55,6,6
"050","CT","A","E",4,17.2,407,74,11,52,35,13,-31,1.5,3,0,0,30,"2212",25,17,114,86.2,87.8,78.6,75.9,79.7,97.9,93.1,90.6,95.6,110.5,121.9,122.9,102.8,77.1,47.4,27.6,0,0,0,0,0,0,0,0,0,0,0,0,0,0,0,0,0,0,0,0,0,0,0,0,0,0,0,0,0,0,0,0,0,0,0,0,0,0,0,0,0,0,0,0,0,0,0,0,0,0,0,0,0,0,0,0,0,0,0,0,0,0,0,0,0,0,0,0,0,0,0,0,0,44,23.3,38.7,53.9,48.5,21.8,25.2,40.7,30.7,18.7,24.4,37.2,37.2,17.7,13.4,39.4,59.7,0,0,0,0,0,0,0,0,0,0,0,0,0,0,0,0,0,0,0,0,0,0,0,0,0,0,0,0,0,0,0,0,0,0,0,0,0,0,0,0,0,0,0,0,0,0,0,0,0,0,0,0,0,0,0,0,0,0,0,0,0,0,0,0,0,0,0,0,0,0,0,0,0,"CUE","Y","",2022,2,7,"12/02/09",23.6627906976744,20.1454148564614,20.1454148564614,0,0,0,0,0,0,79.7,97.9,93.1,90.6,95.6,110.5,121.9,122.9,102.8,77.1,47.4,27.6,0,0,0,0,0,0,0,0,0,0,0,0,0,0,0,0,0,0,0,0,0,0,0,0,0,0,0,0,0,0,0,0,0,0,0,0,0,0,0,0,0,0,0,0,0,0,0,0,0,0,0,0,0,0,0,0,0,0,0,0,0,0,0,0,0,0,0,0,0,0,0,0,0,0,0,0,0,0,21.8,25.2,40.7,30.7,18.7,24.4,37.2,37.2,17.7,13.4,39.4,59.7,0,0,0,0,0,0,0,0,0,0,0,0,0,0,0,0,0,0,0,0,0,0,0,0,0,0,0,0,0,0,0,0,0,0,0,0,0,0,0,0,0,0,0,0,0,0,0,0,0,0,0,0,0,0,0,0,0,0,0,0,0,0,0,0,0,0,0,0,0,0,0,0,0,1067.1,366.1,88.925,30.5083333333333,115,55,6,6
"051","CT","A","S",4,30.1,655,58,4,40,41,19,52,1.5,2,0,0,30,"2212",25,30,106,95.8,99.2,107,108.7,94.9,89.1,97,110.1,102.4,78.7,53.9,43.8,33.5,37.5,50,83.7,109,112.7,104.9,89.1,73.8,73.8,68.5,81.6,106.5,126.7,116.1,95.5,79.2,0,0,0,0,0,0,0,0,0,0,0,0,0,0,0,0,0,0,0,0,0,0,0,0,0,0,0,0,0,0,0,0,0,0,0,0,0,0,0,0,0,0,0,0,0,0,0,0,0,0,0,0,0,0,0,0,0,0,0,0,43,25.9,33.2,50.3,65.5,62.9,44.5,23.8,30.5,36.5,44.5,48.3,47.2,54.1,49.3,36.8,20.9,43.7,62,65.9,55.1,41.6,26.1,20.7,5.9,20.5,40.2,32.1,22.6,28.5,0,0,0,0,0,0,0,0,0,0,0,0,0,0,0,0,0,0,0,0,0,0,0,0,0,0,0,0,0,0,0,0,0,0,0,0,0,0,0,0,0,0,0,0,0,0,0,0,0,0,0,0,0,0,0,0,0,0,0,0,"CUE","Y","",2022,3,7,"12/02/09",21.7607973421927,20.1454148564614,20.1454148564614,0,0,0,0,0,0,94.9,89.1,97,110.1,102.4,78.7,53.9,43.8,33.5,37.5,50,83.7,109,112.7,104.9,89.1,73.8,73.8,68.5,81.6,106.5,126.7,116.1,95.5,79.2,0,0,0,0,0,0,0,0,0,0,0,0,0,0,0,0,0,0,0,0,0,0,0,0,0,0,0,0,0,0,0,0,0,0,0,0,0,0,0,0,0,0,0,0,0,0,0,0,0,0,0,0,0,0,0,0,0,0,0,0,0,0,0,0,0,62.9,44.5,23.8,30.5,36.5,44.5,48.3,47.2,54.1,49.3,36.8,20.9,43.7,62,65.9,55.1,41.6,26.1,20.7,5.9,20.5,40.2,32.1,22.6,28.5,0,0,0,0,0,0,0,0,0,0,0,0,0,0,0,0,0,0,0,0,0,0,0,0,0,0,0,0,0,0,0,0,0,0,0,0,0,0,0,0,0,0,0,0,0,0,0,0,0,0,0,0,0,0,0,0,0,0,0,0,2112,964.2,84.48,38.568,115,55,6,6
"052","CT","A","E",3,11.2,232,81,2,25,64,11,-22,1.5,1,0,0,30,"2212",25,11,118.9,98.2,81.5,62.9,53.1,63,73,70.6,53.7,36.2,20.8,0,0,0,0,0,0,0,0,0,0,0,0,0,0,0,0,0,0,0,0,0,0,0,0,0,0,0,0,0,0,0,0,0,0,0,0,0,0,0,0,0,0,0,0,0,0,0,0,0,0,0,0,0,0,0,0,0,0,0,0,0,0,0,0,0,0,0,0,0,0,0,0,0,0,0,0,0,0,0,55.6,54.2,71.6,80.2,76.6,71.9,70.7,85.8,90,98.7,97.3,0,0,0,0,0,0,0,0,0,0,0,0,0,0,0,0,0,0,0,0,0,0,0,0,0,0,0,0,0,0,0,0,0,0,0,0,0,0,0,0,0,0,0,0,0,0,0,0,0,0,0,0,0,0,0,0,0,0,0,0,0,0,0,0,0,0,0,0,0,0,0,0,0,0,0,0,0,0,0,"CUE","Y","",2022,4,7,"12/02/09",20.7142857142857,20.1454148564614,20.1454148564614,0,0,0,0,0,0,63,73,70.6,53.7,36.2,20.8,0,0,0,0,0,0,0,0,0,0,0,0,0,0,0,0,0,0,0,0,0,0,0,0,0,0,0,0,0,0,0,0,0,0,0,0,0,0,0,0,0,0,0,0,0,0,0,0,0,0,0,0,0,0,0,0,0,0,0,0,0,0,0,0,0,0,0,0,0,0,0,0,0,0,0,0,0,0,0,0,0,0,0,0,71.9,70.7,85.8,90,98.7,97.3,0,0,0,0,0,0,0,0,0,0,0,0,0,0,0,0,0,0,0,0,0,0,0,0,0,0,0,0,0,0,0,0,0,0,0,0,0,0,0,0,0,0,0,0,0,0,0,0,0,0,0,0,0,0,0,0,0,0,0,0,0,0,0,0,0,0,0,0,0,0,0,0,0,0,0,0,0,0,0,317.3,514.4,52.8833333333333,85.7333333333333,115,55,6,6
"053","CT","A","W",2,26,413,8,2,23,25,52,53,1.5,0,0,0,30,"2212",25,25,114.6,107.8,95.6,97.4,97.9,92.3,80.6,76.8,71.5,63.3,64,53.2,49.9,55.3,60.1,69.3,72.2,59.9,47.4,59,65.8,80.9,80.5,73.1,64.9,0,0,0,0,0,0,0,0,0,0,0,0,0,0,0,0,0,0,0,0,0,0,0,0,0,0,0,0,0,0,0,0,0,0,0,0,0,0,0,0,0,0,0,0,0,0,0,0,0,0,0,0,0,0,0,0,0,0,0,0,0,0,0,0,0,60.4,63.1,70,82.4,81.4,82.1,84.8,97.2,101.2,106.5,110.6,106.6,113.8,113,108.5,107.1,103,87.6,66.4,50.2,52.1,68.1,61.2,45.3,37.8,0,0,0,0,0,0,0,0,0,0,0,0,0,0,0,0,0,0,0,0,0,0,0,0,0,0,0,0,0,0,0,0,0,0,0,0,0,0,0,0,0,0,0,0,0,0,0,0,0,0,0,0,0,0,0,0,0,0,0,0,0,0,0,0,0,"CUE","Y","",2022,5,7,"12/02/09",15.8846153846154,20.1454148564614,20.1454148564614,0,0,0,0,0,0,92.3,80.6,76.8,71.5,63.3,64,53.2,49.9,55.3,60.1,69.3,72.2,59.9,47.4,59,65.8,80.9,80.5,73.1,64.9,0,0,0,0,0,0,0,0,0,0,0,0,0,0,0,0,0,0,0,0,0,0,0,0,0,0,0,0,0,0,0,0,0,0,0,0,0,0,0,0,0,0,0,0,0,0,0,0,0,0,0,0,0,0,0,0,0,0,0,0,0,0,0,0,0,0,0,0,0,0,82.1,84.8,97.2,101.2,106.5,110.6,106.6,113.8,113,108.5,107.1,103,87.6,66.4,50.2,52.1,68.1,61.2,45.3,37.8,0,0,0,0,0,0,0,0,0,0,0,0,0,0,0,0,0,0,0,0,0,0,0,0,0,0,0,0,0,0,0,0,0,0,0,0,0,0,0,0,0,0,0,0,0,0,0,0,0,0,0,0,0,0,0,0,0,0,0,0,0,0,0,0,0,1340,1703.1,67,85.155,115,55,6,6
"054","CT","A","S",1,5,108,83,3,67,30,3,18,1.5,1,0,0,30,"2212",25,4,102.7,83.2,66.2,46.2,0,0,0,0,0,0,0,0,0,0,0,0,0,0,0,0,0,0,0,0,0,0,0,0,0,0,0,0,0,0,0,0,0,0,0,0,0,0,0,0,0,0,0,0,0,0,0,0,0,0,0,0,0,0,0,0,0,0,0,0,0,0,0,0,0,0,0,0,0,0,0,0,0,0,0,0,0,0,0,0,0,0,0,0,0,0,55.1,54.7,57.7,62.8,0,0,0,0,0,0,0,0,0,0,0,0,0,0,0,0,0,0,0,0,0,0,0,0,0,0,0,0,0,0,0,0,0,0,0,0,0,0,0,0,0,0,0,0,0,0,0,0,0,0,0,0,0,0,0,0,0,0,0,0,0,0,0,0,0,0,0,0,0,0,0,0,0,0,0,0,0,0,0,0,0,0,0,0,0,0,"CUE","Y","",2022,6,7,"12/02/09",21.6,20.1454148564614,20.1454148564614,0,0,0,0,0,0,0,0,0,0,0,0,0,0,0,0,0,0,0,0,0,0,0,0,0,0,0,0,0,0,0,0,0,0,0,0,0,0,0,0,0,0,0,0,0,0,0,0,0,0,0,0,0,0,0,0,0,0,0,0,0,0,0,0,0,0,0,0,0,0,0,0,0,0,0,0,0,0,0,0,0,0,0,0,0,0,0,0,0,0,0,0,0,0,0,0,0,0,0,0,0,0,0,0,0,0,0,0,0,0,0,0,0,0,0,0,0,0,0,0,0,0,0,0,0,0,0,0,0,0,0,0,0,0,0,0,0,0,0,0,0,0,0,0,0,0,0,0,0,0,0,0,0,0,0,0,0,0,0,0,0,0,0,0,0,0,0,0,0,0,0,0,0,0,0,0,0,0,0,0,0,0,0,0,0,115,55,6,5
