SEQUENCE,DAY,SUBGROUP,START,PLATFORM,LAT,PATH,TMQUADB,TMQUADD,TIMEINN,TIMEMID,TIMEOUT,ANGLE,CNTDIAM,ANCROSB,ANCROSD,MAXMIN,MAXSEC,GROUP,NUMBER,LINENO,TDIS1,TDIS2,TDIS3,TDIS4,TDIS5,TDIS6,TDIS7,TDIS8,TDIS9,TDIS10,TDIS11,TDIS12,TDIS13,TDIS14,TDIS15,TDIS16,TDIS17,TDIS18,TDIS19,TDIS20,TDIS21,TDIS22,TDIS23,TDIS24,TDIS25,TDIS26,TDIS27,TDIS28,TDIS29,TDIS30,TDIS31,TDIS32,TDIS33,TDIS34,TDIS35,TDIS36,TDIS37,TDIS38,TDIS39,TDIS40,TDIS41,TDIS42,TDIS43,TDIS44,TDIS45,TDIS46,TDIS47,TDIS48,TDIS49,TDIS50,TDIS51,TDIS52,TDIS53,TDIS54,TDIS55,TDIS56,TDIS57,TDIS58,TDIS59,TDIS60,TDIS61,TDIS62,TDIS63,TDIS64,TDIS65,TDIS66,TDIS67,TDIS68,TDIS69,TDIS70,TDIS71,TDIS72,TDIS73,TDIS74,TDIS75,TDIS76,TDIS77,TDIS78,TDIS79,TDIS80,TDIS81,TDIS82,TDIS83,TDIS84,TDIS85,TDIS86,TDIS87,TDIS88,TDIS89,TDIS90,ODIS1,ODIS2,ODIS3,ODIS4,ODIS5,ODIS6,ODIS7,ODIS8,ODIS9,ODIS10,ODIS11,ODIS12,ODIS13,ODIS14,ODIS15,ODIS16,ODIS17,ODIS18,ODIS19,ODIS20,ODIS21,ODIS22,ODIS23,ODIS24,ODIS25,ODIS26,ODIS27,ODIS28,ODIS29,ODIS30,ODIS31,ODIS32,ODIS33,ODIS34,ODIS35,ODIS36,ODIS37,ODIS38,ODIS39,ODIS40,ODIS41,ODIS42,ODIS43,ODIS44,ODIS45,ODIS46,ODIS47,ODIS48,ODIS49,ODIS50,ODIS51,ODIS52,ODIS53,ODIS54,ODIS55,ODIS56,ODIS57,ODIS58,ODIS59,ODIS60,ODIS61,ODIS62,ODIS63,ODIS64,ODIS65,ODIS66,ODIS67,ODIS68,ODIS69,ODIS70,ODIS71,ODIS72,ODIS73,ODIS74,ODIS75,ODIS76,ODIS77,ODIS78,ODIS79,ODIS80,ODIS81,ODIS82,ODIS83,ODIS84,ODIS85,ODIS86,ODIS87,ODIS88,ODIS89,ODIS90,COND,AGE,SLGROUP,YEAR,TRIAL,BLOCK,RUNDATE,SPEED,BSPEED,BSPEEDTT,BSPEEDFS,AJTDIS1,AJTDIS2,AJTDIS3,AJTDIS4,AJTDIS5,AJTDIS6,AJTDIS7,AJTDIS8,AJTDIS9,AJTDIS10,AJTDIS11,AJTDIS12,AJTDIS13,AJTDIS14,AJTDIS15,AJTDIS16,AJTDIS17,AJTDIS18,AJTDIS19,AJTDIS20,AJTDIS21,AJTDIS22,AJTDIS23,AJTDIS24,AJTDIS25,AJTDIS26,AJTDIS27,AJTDIS28,AJTDIS29,AJTDIS30,AJTDIS31,AJTDIS32,AJTDIS33,AJTDIS34,AJTDIS35,AJTDIS36,AJTDIS37,AJTDIS38,AJTDIS39,AJTDIS40,AJTDIS41,AJTDIS42,AJTDIS43,AJTDIS44,AJTDIS45,AJTDIS46,AJTDIS47,AJTDIS48,AJTDIS49,AJTDIS50,AJTDIS51,AJTDIS52,AJTDIS53,AJTDIS54,AJTDIS55,AJTDIS56,AJTDIS57,AJTDIS58,AJTDIS59,AJTDIS60,AJTDIS61,AJTDIS62,AJTDIS63,AJTDIS64,AJTDIS65,AJTDIS66,AJTDIS67,AJTDIS68,AJTDIS69,AJTDIS70,AJTDIS71,AJTDIS72,AJTDIS73,AJTDIS74,AJTDIS75,AJTDIS76,AJTDIS77,AJTDIS78,AJTDIS79,AJTDIS80,AJTDIS81,AJTDIS82,AJTDIS83,AJTDIS84,AJTDIS85,AJTDIS86,AJTDIS87,AJTDIS88,AJTDIS89,AJTDIS90,AJODIS1,AJODIS2,AJODIS3,AJODIS4,AJODIS5,AJODIS6,AJODIS7,AJODIS8,AJODIS9,AJODIS10,AJODIS11,AJODIS12,AJODIS13,AJODIS14,AJODIS15,AJODIS16,AJODIS17,AJODIS18,AJODIS19,AJODIS20,AJODIS21,AJODIS22,AJODIS23,AJODIS24,AJODIS25,AJODIS26,AJODIS27,AJODIS28,AJODIS29,AJODIS30,AJODIS31,AJODIS32,AJODIS33,AJODIS34,AJODIS35,AJODIS36,AJODIS37,AJODIS38,AJODIS39,AJODIS40,AJODIS41,AJODIS42,AJODIS43,AJODIS44,AJODIS45,AJODIS46,AJODIS47,AJODIS48,AJODIS49,AJODIS50,AJODIS51,AJODIS52,AJODIS53,AJODIS54,AJODIS55,AJODIS56,AJODIS57,AJODIS58,AJODIS59,AJODIS60,AJODIS61,AJODIS62,AJODIS63,AJODIS64,AJODIS65,AJODIS66,AJODIS67,AJODIS68,AJODIS69,AJODIS70,AJODIS71,AJODIS72,AJODIS73,AJODIS74,AJODIS75,AJODIS76,AJODIS77,AJODIS78,AJODIS79,AJODIS80,AJODIS81,AJODIS82,AJODIS83,AJODIS84,AJODIS85,AJODIS86,AJODIS87,AJODIS88,AJODIS89,AJODIS90,CUMDS,CUMDSO,TAVDS,TAVDSO,PLATDIS,PLATDISO,PLATTIME,BEGIN
1,1,A,S,2,90.1,1835,13,33,14,24,62,74,1.5,0,0,0,90,2106,4,90,50.2,45.4,45.8,42.4,31.5,28,33.8,45.8,69.9,96.2,106.5,97.1,75.5,58.3,59.3,68.3,91.8,111.8,116.5,122.4,125.5,126.9,125.8,120.5,112.4,102.5,86.4,69,50.5,36.3,23.4,16.8,24.6,50.4,69.2,97,122.6,122.9,122.6,117.4,102.7,106.8,121.2,121.2,121.2,125.6,127.4,125.6,125.8,123.2,121.2,116.2,111.8,109.1,103.3,98.5,92,83.8,75,74.8,71.2,67.2,59.1,53,52.2,61.8,83.5,105.5,116.4,113,115.3,109.3,111.3,121,126.2,118.5,113.6,115.7,120.1,118.9,115.8,116.7,114.8,109.6,104.4,109.7,105.1,101,95.1,86.3,116.3,115.7,121,128.5,119.4,98.2,69.4,45.1,39.4,62.6,78.7,75.5,59.6,37.1,43.4,67.4,77.3,76.2,59.6,49.4,41.3,38,44.7,57.6,71.6,87.3,100.3,115,125.1,123.2,112.3,105.2,92.9,74.9,54.5,45.3,53.5,53,54.2,53.3,46.2,40.8,53.3,55.3,55.3,51.8,45,37.5,38.5,44.1,56.2,67.4,80.1,85.5,88.1,89,95.6,97.2,113.2,124,120.7,120.7,109.1,88.7,66.7,33.4,18.5,46,65,67.2,69.5,63.4,55.7,48.9,43.8,30.8,27.1,40.6,57.7,58.9,59.7,67.1,71.6,68.7,67.3,69.4,70.5,71,70.7,67.3,FS,O,,2021,1,0,3/27/2008,20.36625971,20.31964484,20.31964484,20.31964484,0,0,45.8,42.4,31.5,28,33.8,45.8,69.9,96.2,106.5,97.1,75.5,58.3,59.3,68.3,91.8,111.8,116.5,122.4,125.5,126.9,125.8,120.5,112.4,102.5,86.4,69,50.5,36.3,23.4,16.8,24.6,50.4,69.2,97,122.6,122.9,122.6,117.4,102.7,106.8,121.2,121.2,121.2,125.6,127.4,125.6,125.8,123.2,121.2,116.2,111.8,109.1,103.3,98.5,92,83.8,75,74.8,71.2,67.2,59.1,53,52.2,61.8,83.5,105.5,116.4,113,115.3,109.3,111.3,121,126.2,118.5,113.6,115.7,120.1,118.9,115.8,116.7,114.8,109.6,104.4,109.7,105.1,101,95.1,86.3,0,0,121,128.5,119.4,98.2,69.4,45.1,39.4,62.6,78.7,75.5,59.6,37.1,43.4,67.4,77.3,76.2,59.6,49.4,41.3,38,44.7,57.6,71.6,87.3,100.3,115,125.1,123.2,112.3,105.2,92.9,74.9,54.5,45.3,53.5,53,54.2,53.3,46.2,40.8,53.3,55.3,55.3,51.8,45,37.5,38.5,44.1,56.2,67.4,80.1,85.5,88.1,89,95.6,97.2,113.2,124,120.7,120.7,109.1,88.7,66.7,33.4,18.5,46,65,67.2,69.5,63.4,55.7,48.9,43.8,30.8,27.1,40.6,57.7,58.9,59.7,67.1,71.6,68.7,67.3,69.4,70.5,71,70.7,67.3,8221.3,6090.8,93.42386364,69.21363636,55,115,3,3
13,1,A,S,2,40.8,941,21,27,6,14,80,-82,1.5,1,0,0,90,2106,22,40,43.7,41,49.4,65.9,84.6,99.7,112.3,121.1,125.8,127.5,127.3,123.3,118.9,112.2,104.1,94.4,86.5,81.9,74.5,65.4,60,48.8,39.6,44.5,50.3,62.2,82,92.7,95.6,93.8,94,106.6,125.3,126.7,124.4,120.2,116.6,99.2,68.4,33.6,0,0,0,0,0,0,0,0,0,0,0,0,0,0,0,0,0,0,0,0,0,0,0,0,0,0,0,0,0,0,0,0,0,0,0,0,0,0,0,0,0,0,0,0,0,0,0,0,0,0,116.2,108.6,106.4,107.8,103.2,92.7,78.4,65.9,52.8,41.6,39.9,48.3,64.3,78,84.4,98.7,109,111.5,116,118.8,120.8,122.7,127,131.7,125.5,117.2,106.3,98.3,90.9,78.5,56.8,40.8,44.8,45.6,43,40.9,49.7,55,64.3,78.9,0,0,0,0,0,0,0,0,0,0,0,0,0,0,0,0,0,0,0,0,0,0,0,0,0,0,0,0,0,0,0,0,0,0,0,0,0,0,0,0,0,0,0,0,0,0,0,0,0,0,FS,O,,2021,1,0,3/27/2008,23.06372549,21.02226343,21.02226343,21.02226343,0,0,49.4,65.9,84.6,99.7,112.3,121.1,125.8,127.5,127.3,123.3,118.9,112.2,104.1,94.4,86.5,81.9,74.5,65.4,60,48.8,39.6,44.5,50.3,62.2,82,92.7,95.6,93.8,94,106.6,125.3,126.7,124.4,120.2,116.6,99.2,68.4,33.6,0,0,0,0,0,0,0,0,0,0,0,0,0,0,0,0,0,0,0,0,0,0,0,0,0,0,0,0,0,0,0,0,0,0,0,0,0,0,0,0,0,0,0,0,0,0,0,0,0,0,0,0,106.4,107.8,103.2,92.7,78.4,65.9,52.8,41.6,39.9,48.3,64.3,78,84.4,98.7,109,111.5,116,118.8,120.8,122.7,127,131.7,125.5,117.2,106.3,98.3,90.9,78.5,56.8,40.8,44.8,45.6,43,40.9,49.7,55,64.3,78.9,0,0,0,0,0,0,0,0,0,0,0,0,0,0,0,0,0,0,0,0,0,0,0,0,0,0,0,0,0,0,0,0,0,0,0,0,0,0,0,0,0,0,0,0,0,0,0,0,0,0,3459.3,3156.4,91.03421053,83.06315789,55,115,3,3
22,1,A,S,2,90.1,2092,35,29,19,25,56,-69,1.5,0,1,0,90,2106,29,90,51.3,51.7,50.7,43,32.5,27.3,32.8,42.8,50,44.1,38.3,57.5,71.4,67.4,53.6,39.7,44.8,56.1,70.7,84,94.2,95.9,105.6,116.5,119.2,124.3,124.6,120.3,113.8,102.1,88.6,75,61.6,47.5,37.5,39.8,50,49.6,38.3,16,22.6,51.2,79.1,103,110.4,102.7,85.5,72.1,57.3,41.5,47.4,63.7,58.8,46.5,41.6,52.5,55.1,57.2,55,47.4,45.6,47.6,50.3,47.4,44,60,86.3,97.9,97.3,96.7,109.1,126.2,126.9,122.2,114.1,105.2,91.2,70.5,50.5,38.8,55.4,82.6,100.9,103.7,109.8,122.2,124.6,127.1,124,111.7,118.5,117.8,109.8,88.1,68.8,66,80.3,111.1,131.6,130.9,120.1,113.1,111.9,112.3,113.9,120.2,133.2,133.7,128,119.3,109.6,88.8,67.7,53.9,39.2,35.8,42.8,54.4,68.4,84.6,97.1,108.2,116.1,122.8,125.3,127,132.6,132.2,123.8,98.9,70.9,44.3,19.1,16.2,26.5,23,16.1,18.3,34.5,57.8,78.3,83.1,75,83.2,104.2,123.2,119.9,115.9,119.3,124.8,133.2,135.4,130.7,116.7,96.2,80.4,87.3,83,70.6,48.5,33.5,40.2,40.7,41.7,43.6,46,40.8,34.6,40.6,62.2,80.7,89.8,90.7,78.8,65.4,57.9,45.4,40.6,36.9,22.8,FS,O,,2021,1,0,3/27/2008,23.21864595,20.80355161,20.80355161,20.80355161,0,0,50.7,43,32.5,27.3,32.8,42.8,50,44.1,38.3,57.5,71.4,67.4,53.6,39.7,44.8,56.1,70.7,84,94.2,95.9,105.6,116.5,119.2,124.3,124.6,120.3,113.8,102.1,88.6,75,61.6,47.5,37.5,39.8,50,49.6,38.3,16,22.6,51.2,79.1,103,110.4,102.7,85.5,72.1,57.3,41.5,47.4,63.7,58.8,46.5,41.6,52.5,55.1,57.2,55,47.4,45.6,47.6,50.3,47.4,44,60,86.3,97.9,97.3,96.7,109.1,126.2,126.9,122.2,114.1,105.2,91.2,70.5,50.5,38.8,55.4,82.6,100.9,103.7,109.8,122.2,124.6,127.1,124,111.7,0,0,109.8,88.1,68.8,66,80.3,111.1,131.6,130.9,120.1,113.1,111.9,112.3,113.9,120.2,133.2,133.7,128,119.3,109.6,88.8,67.7,53.9,39.2,35.8,42.8,54.4,68.4,84.6,97.1,108.2,116.1,122.8,125.3,127,132.6,132.2,123.8,98.9,70.9,44.3,19.1,16.2,26.5,23,16.1,18.3,34.5,57.8,78.3,83.1,75,83.2,104.2,123.2,119.9,115.9,119.3,124.8,133.2,135.4,130.7,116.7,96.2,80.4,87.3,83,70.6,48.5,33.5,40.2,40.7,41.7,43.6,46,40.8,34.6,40.6,62.2,80.7,89.8,90.7,78.8,65.4,57.9,45.4,40.6,36.9,22.8,6467.5,7190,73.49431818,81.70454545,55,115,3,3
31,1,A,S,2,90.1,2031,18,32,10,25,65,8,1.5,0,0,0,90,2106,46,90,42.3,29.5,43.3,75.2,110.1,124.4,122.6,118.6,119.7,116.9,107.2,97.7,85.8,71.5,58.5,48.4,44.4,48.1,59.7,78.1,93.9,106.6,109.1,116.9,124,119.2,123,122.5,120.2,116.9,117.3,108.1,94.9,76.9,86.3,86.9,84.7,80,65.9,43.1,26.6,40.7,61.2,67.2,74.8,89.2,95.8,98.7,96.7,85.8,66.9,43,24.3,23.3,52.4,80.3,106.4,122.1,125.1,126.9,126.2,123.8,119.9,112.6,104.9,93.1,76.3,70.7,69.6,69.1,59.5,46.4,31.9,29.8,40.5,43.6,44.5,44.5,55.2,69.1,87.5,105.8,113.3,117.8,119.6,119.1,117.4,121.5,126.4,126.5,116.1,97.8,65.7,37.5,37.9,48.6,43.2,30.7,42.9,60.9,73.2,98.1,114.2,125.2,130.8,133,133.2,128.8,118.7,108.8,97.7,85.1,67.6,52,41.2,30.7,39.8,47.7,48.8,53.6,63,62.9,65.3,85.9,114,113.6,100.1,91.4,73.6,60.2,69.6,90.4,110.8,115.4,109.8,102.4,95.1,90.9,89.2,86.4,83.6,83.4,83.4,72.2,57.5,46.9,43.2,42.9,37.8,38.4,42,50.4,58.9,61.1,61.9,65.3,79.3,94,107.1,110.2,108.9,111.6,111.2,118.3,129,131.9,129.3,121.3,115.5,105,97.3,90.8,76.7,66.1,60.5,58.3,48.2,42.3,39.4,37.7,FS,O,,2021,1,0,3/27/2008,22.54162042,19.58698542,19.58698542,19.58698542,0,0,43.3,75.2,110.1,124.4,122.6,118.6,119.7,116.9,107.2,97.7,85.8,71.5,58.5,48.4,44.4,48.1,59.7,78.1,93.9,106.6,109.1,116.9,124,119.2,123,122.5,120.2,116.9,117.3,108.1,94.9,76.9,86.3,86.9,84.7,80,65.9,43.1,26.6,40.7,61.2,67.2,74.8,89.2,95.8,98.7,96.7,85.8,66.9,43,24.3,23.3,52.4,80.3,106.4,122.1,125.1,126.9,126.2,123.8,119.9,112.6,104.9,93.1,76.3,70.7,69.6,69.1,59.5,46.4,31.9,29.8,40.5,43.6,44.5,44.5,55.2,69.1,87.5,105.8,113.3,117.8,119.6,119.1,117.4,121.5,126.4,126.5,0,0,65.7,37.5,37.9,48.6,43.2,30.7,42.9,60.9,73.2,98.1,114.2,125.2,130.8,133,133.2,128.8,118.7,108.8,97.7,85.1,67.6,52,41.2,30.7,39.8,47.7,48.8,53.6,63,62.9,65.3,85.9,114,113.6,100.1,91.4,73.6,60.2,69.6,90.4,110.8,115.4,109.8,102.4,95.1,90.9,89.2,86.4,83.6,83.4,83.4,72.2,57.5,46.9,43.2,42.9,37.8,38.4,42,50.4,58.9,61.1,61.9,65.3,79.3,94,107.1,110.2,108.9,111.6,111.2,118.3,129,131.9,129.3,121.3,115.5,105,97.3,90.8,76.7,66.1,60.5,58.3,48.2,42.3,39.4,37.7,7620.1,7004.4,86.59204545,79.59545455,55,115,3,3
34,1,A,S,2,50.3,1319,27,24,10,22,68,-107,1.5,1,0,0,90,2106,50,50,46.8,44.9,64.5,83.8,112.1,122.3,126.8,127.5,124.4,120.6,115.3,107.8,99.8,89.8,80.1,69.7,50.2,41.5,43.9,48.8,55.4,57.7,61.8,73.9,93.9,111.6,125.9,127.6,125.9,122.7,118.1,111.8,105.7,100.7,91.3,70.5,43.6,30.9,41.5,42.4,50,55.8,62.9,66.6,67.3,60.1,54.3,53.5,37.4,12.7,0,0,0,0,0,0,0,0,0,0,0,0,0,0,0,0,0,0,0,0,0,0,0,0,0,0,0,0,0,0,0,0,0,0,0,0,0,0,0,0,114.2,114.3,102.3,83.9,73,58.8,45,39,43.5,57.8,69.4,81.1,92.7,107.4,117.5,123.2,124.2,129,131.6,128.1,117.4,106.4,88.6,70.5,52.5,44.5,42.7,39,41.2,51.8,66.2,77.4,81.7,92.9,106.7,103.1,93.3,106.5,126.9,128.4,131.2,122.2,103.8,77.6,57.5,33.7,49.2,78.8,99.7,96,0,0,0,0,0,0,0,0,0,0,0,0,0,0,0,0,0,0,0,0,0,0,0,0,0,0,0,0,0,0,0,0,0,0,0,0,0,0,0,0,FS,O,,2021,1,0,3/27/2008,26.22266402,23.32351078,23.32351078,23.32351078,0,44.9,64.5,83.8,112.1,122.3,126.8,127.5,124.4,120.6,115.3,107.8,99.8,89.8,80.1,69.7,50.2,41.5,43.9,48.8,55.4,57.7,61.8,73.9,93.9,111.6,125.9,127.6,125.9,122.7,118.1,111.8,105.7,100.7,91.3,70.5,43.6,30.9,41.5,42.4,50,55.8,62.9,66.6,67.3,60.1,54.3,53.5,37.4,12.7,0,0,0,0,0,0,0,0,0,0,0,0,0,0,0,0,0,0,0,0,0,0,0,0,0,0,0,0,0,0,0,0,0,0,0,0,0,0,0,0,0,114.3,102.3,83.9,73,58.8,45,39,43.5,57.8,69.4,81.1,92.7,107.4,117.5,123.2,124.2,129,131.6,128.1,117.4,106.4,88.6,70.5,52.5,44.5,42.7,39,41.2,51.8,66.2,77.4,81.7,92.9,106.7,103.1,93.3,106.5,126.9,128.4,131.2,122.2,103.8,77.6,57.5,33.7,49.2,78.8,99.7,96,0,0,0,0,0,0,0,0,0,0,0,0,0,0,0,0,0,0,0,0,0,0,0,0,0,0,0,0,0,0,0,0,0,0,0,0,0,0,0,0,3907.3,4209.2,79.74081633,85.90204082,55,115,2,2
37,1,A,S,2,38.3,963,21,17,3,28,69,-111,1.5,0,0,0,90,2106,62,38,60.5,69.1,72.4,65,61.9,57.9,47.3,39.4,55.5,73.1,84.5,91.7,95.5,96.6,84.8,70.2,47.1,35.6,48,59.5,82.5,102.7,113.9,121.1,120.2,109.4,107.8,122.8,121.8,110,97.6,90.3,85,80.8,80.1,76.1,60.1,24,0,0,0,0,0,0,0,0,0,0,0,0,0,0,0,0,0,0,0,0,0,0,0,0,0,0,0,0,0,0,0,0,0,0,0,0,0,0,0,0,0,0,0,0,0,0,0,0,0,0,0,0,115.9,111.8,103.3,96.6,99.9,115,120.2,127.2,134.3,129.7,120.5,110.4,105.3,103.3,99.9,103.3,111.9,122.7,128.5,118.7,105.1,90.9,77.6,65.4,56.7,35.8,20.6,39.8,40.8,43.4,65.4,95.3,114.2,119.8,118.3,110.2,100.1,92.5,0,0,0,0,0,0,0,0,0,0,0,0,0,0,0,0,0,0,0,0,0,0,0,0,0,0,0,0,0,0,0,0,0,0,0,0,0,0,0,0,0,0,0,0,0,0,0,0,0,0,0,0,FS,O,,2021,1,0,3/27/2008,25.14360313,25.08964037,25.08964037,25.08964037,0,69.1,72.4,65,61.9,57.9,47.3,39.4,55.5,73.1,84.5,91.7,95.5,96.6,84.8,70.2,47.1,35.6,48,59.5,82.5,102.7,113.9,121.1,120.2,109.4,107.8,122.8,121.8,110,97.6,90.3,85,80.8,80.1,76.1,60.1,24,0,0,0,0,0,0,0,0,0,0,0,0,0,0,0,0,0,0,0,0,0,0,0,0,0,0,0,0,0,0,0,0,0,0,0,0,0,0,0,0,0,0,0,0,0,0,0,0,0,0,0,0,0,111.8,103.3,96.6,99.9,115,120.2,127.2,134.3,129.7,120.5,110.4,105.3,103.3,99.9,103.3,111.9,122.7,128.5,118.7,105.1,90.9,77.6,65.4,56.7,35.8,20.6,39.8,40.8,43.4,65.4,95.3,114.2,119.8,118.3,110.2,100.1,92.5,0,0,0,0,0,0,0,0,0,0,0,0,0,0,0,0,0,0,0,0,0,0,0,0,0,0,0,0,0,0,0,0,0,0,0,0,0,0,0,0,0,0,0,0,0,0,0,0,0,0,0,0,2961.3,3554.4,80.03513514,96.06486486,55,115,2,2
1,1,B,S,2,90.1,1925,28,25,3,28,69,-106,1.5,0,0,0,90,2106,73,90,51.2,49.3,49,47.9,46.9,46,45.6,44.4,44.8,45,44.3,44.5,51.9,65.8,85.5,83.5,80.8,87.3,101.3,117.1,125.8,126.8,126.9,123,118.2,113,106.7,101.3,92.2,90.2,86.1,70.3,63.6,64.1,49.4,36.4,40.5,49.5,59.1,68.7,80,92,106.4,110.3,111.9,112.9,111.3,100.2,103.5,104.4,97.6,90.5,70.7,42.7,18.4,32.2,46.7,44,44.6,45.2,43.1,50.5,72.1,89.5,102.3,106.8,111.2,111.5,118.8,122.5,121.1,117.6,99.6,93.8,103.3,100.8,96.3,85.3,76,77.6,79.1,94.9,102.5,109.4,117.3,120.6,123.6,126.2,125.1,121.2,115.8,114.6,115,114.2,113.5,113.1,112.7,111.9,111.8,111.1,111.5,111.5,107.7,107.1,101.9,101.4,92.1,76.9,60.2,50.2,43.2,38.2,41,48.8,62,77.6,83.1,80.4,96.5,103.6,106.6,110.9,122.9,129.4,125.4,123.6,127.4,116.7,105,92.9,72.3,52.1,38.7,26.1,24.5,36.6,44.2,59,89,88.1,75.4,63.6,43.1,52.9,82.8,114.1,131.4,129.9,133.2,128.8,122.9,116.4,103.2,95.3,89.2,77.5,63.7,43.2,34.8,34.2,37.4,38.3,39.5,72,92.8,94.1,99.5,112.4,119.4,121.9,109.5,108.8,97.5,81.7,66.6,52.8,41.7,37.5,43.9,54.1,FS,O,,2021,1,0,3/27/2008,21.36514983,18.7147346,18.7147346,18.7147346,0,0,49,47.9,46.9,46,45.6,44.4,44.8,45,44.3,44.5,51.9,65.8,85.5,83.5,80.8,87.3,101.3,117.1,125.8,126.8,126.9,123,118.2,113,106.7,101.3,92.2,90.2,86.1,70.3,63.6,64.1,49.4,36.4,40.5,49.5,59.1,68.7,80,92,106.4,110.3,111.9,112.9,111.3,100.2,103.5,104.4,97.6,90.5,70.7,42.7,18.4,32.2,46.7,44,44.6,45.2,43.1,50.5,72.1,89.5,102.3,106.8,111.2,111.5,118.8,122.5,121.1,117.6,99.6,93.8,103.3,100.8,96.3,85.3,76,77.6,79.1,94.9,102.5,109.4,117.3,120.6,123.6,126.2,125.1,121.2,0,0,115,114.2,113.5,113.1,112.7,111.9,111.8,111.1,111.5,111.5,107.7,107.1,101.9,101.4,92.1,76.9,60.2,50.2,43.2,38.2,41,48.8,62,77.6,83.1,80.4,96.5,103.6,106.6,110.9,122.9,129.4,125.4,123.6,127.4,116.7,105,92.9,72.3,52.1,38.7,26.1,24.5,36.6,44.2,59,89,88.1,75.4,63.6,43.1,52.9,82.8,114.1,131.4,129.9,133.2,128.8,122.9,116.4,103.2,95.3,89.2,77.5,63.7,43.2,34.8,34.2,37.4,38.3,39.5,72,92.8,94.1,99.5,112.4,119.4,121.9,109.5,108.8,97.5,81.7,66.6,52.8,41.7,37.5,43.9,54.1,7428.5,7446.6,84.41477273,84.62045455,55,115,3,3
4,1,B,S,2,90.1,2151,26,22,9,15,76,47,1.5,1,0,0,90,2106,77,90,50.9,41.6,42.5,41.3,45.4,73.8,107.9,113.7,117.7,125.7,124.6,119.7,112.6,101.9,89.6,78.6,67.6,49.3,44,36.1,35.3,56.2,60.6,46.6,33.1,41.6,78.6,108.8,122.2,112.9,94.7,64.3,50.5,67.9,95.8,115.7,118.6,121,126.5,127.1,124.5,119,112.4,102.5,91,77,63.3,52.2,46.3,46.2,55.9,63,73.8,77.7,89.4,105.2,102.1,100.5,109.1,121.3,124.2,123.9,122.1,126.2,125.4,120.9,111.8,103.3,101,97.4,89,83.2,68.6,61.5,68.2,68.4,69.2,71,58.9,41.8,32.2,11.8,24.1,46.3,55.2,59,65.8,75.2,84.9,92.3,110.1,118.6,130.8,129.2,112.8,90,80.6,70.3,50.2,38.7,39.9,57.4,75.1,90.4,107.9,118.5,126.5,131.4,133,124.1,110.9,114.5,118.1,113.4,96.7,55,19.6,32.9,53.9,53.8,46.8,39.3,43.2,57.5,68.7,69.3,57.2,43.8,38.6,40.4,48.7,59.7,74.1,87.2,98.1,106.5,117.9,127.2,133.1,134.2,135.1,128.2,120.8,104.7,92.6,93.3,86.6,76.8,62.7,53.8,44.3,37.5,33.7,39.8,48.1,53.8,59.1,68.4,85.1,92.1,89.7,88.4,89.8,104.7,114.3,115.6,113.2,105.2,88.6,75.7,71.8,83.4,102.6,126.8,133.5,132.6,129.9,125.2,117.1,103.3,FS,O,,2021,1,0,3/27/2008,23.87347392,22.98697287,22.98697287,22.98697287,0,41.6,42.5,41.3,45.4,73.8,107.9,113.7,117.7,125.7,124.6,119.7,112.6,101.9,89.6,78.6,67.6,49.3,44,36.1,35.3,56.2,60.6,46.6,33.1,41.6,78.6,108.8,122.2,112.9,94.7,64.3,50.5,67.9,95.8,115.7,118.6,121,126.5,127.1,124.5,119,112.4,102.5,91,77,63.3,52.2,46.3,46.2,55.9,63,73.8,77.7,89.4,105.2,102.1,100.5,109.1,121.3,124.2,123.9,122.1,126.2,125.4,120.9,111.8,103.3,101,97.4,89,83.2,68.6,61.5,68.2,68.4,69.2,71,58.9,41.8,32.2,11.8,24.1,46.3,55.2,59,65.8,75.2,84.9,92.3,0,118.6,130.8,129.2,112.8,90,80.6,70.3,50.2,38.7,39.9,57.4,75.1,90.4,107.9,118.5,126.5,131.4,133,124.1,110.9,114.5,118.1,113.4,96.7,55,19.6,32.9,53.9,53.8,46.8,39.3,43.2,57.5,68.7,69.3,57.2,43.8,38.6,40.4,48.7,59.7,74.1,87.2,98.1,106.5,117.9,127.2,133.1,134.2,135.1,128.2,120.8,104.7,92.6,93.3,86.6,76.8,62.7,53.8,44.3,37.5,33.7,39.8,48.1,53.8,59.1,68.4,85.1,92.1,89.7,88.4,89.8,104.7,114.3,115.6,113.2,105.2,88.6,75.7,71.8,83.4,102.6,126.8,133.5,132.6,129.9,125.2,117.1,103.3,7326.8,7713.6,82.32359551,86.66966292,55,115,2,2
7,1,B,S,2,90.1,2069,34,25,7,25,68,70,1.5,1,1,0,90,2106,78,90,52.5,52.9,47.6,43,40,31.2,48.5,78.4,98.4,107.9,123.2,127.6,125.8,120,111.3,95.4,78.5,60.2,47.4,45.4,52.5,65.4,78.8,94.2,91.5,95.8,109.5,126.9,122.2,103,88.9,73.6,63.4,64.1,62.2,47.3,26.2,12,9.8,20.8,47.4,72.9,91.4,101.3,111.1,118.4,114.4,111.4,108.3,101.2,89.8,81.7,78.4,71.1,61.8,53.7,47.2,38.6,30.1,37.3,54.5,60.6,59.8,61.1,68.5,90.8,106.2,117.6,120.4,125.4,126.6,126.8,125.7,120.2,115.1,115.1,111,105.5,98.9,85.9,78.5,78,72.7,66.6,52.5,37.5,21.2,26.6,41.4,43.6,117,117.9,121.9,129.2,128.1,116.1,104.5,90.6,65.8,40.5,34.8,40.1,41.2,55,72.8,90,107.2,119.3,129.5,133.7,130,122.8,111.9,110.7,91,56.9,37.1,41.5,34.6,22.4,37.5,55.9,81.5,107.2,117.7,111.7,106.4,100.1,89.9,69.1,45.6,22.4,7.5,23.9,47,62.5,63.5,71.8,83.8,90.4,97.7,109.8,121.7,125,128.8,132.7,133.3,127.7,115.8,111.1,116.8,120.2,116.5,102.9,93.7,84.1,77.9,71,61.4,52.7,47.5,40.2,39.2,40.9,51,68.8,78.8,90.5,99.9,104.7,113.9,123.9,128.2,129.2,123.3,115.5,107.8,113.4,125.7,129.6,FS,O,,2021,1,0,3/27/2008,22.96337403,21.10867627,21.10867627,21.10867627,0,0,47.6,43,40,31.2,48.5,78.4,98.4,107.9,123.2,127.6,125.8,120,111.3,95.4,78.5,60.2,47.4,45.4,52.5,65.4,78.8,94.2,91.5,95.8,109.5,126.9,122.2,103,88.9,73.6,63.4,64.1,62.2,47.3,26.2,12,9.8,20.8,47.4,72.9,91.4,101.3,111.1,118.4,114.4,111.4,108.3,101.2,89.8,81.7,78.4,71.1,61.8,53.7,47.2,38.6,30.1,37.3,54.5,60.6,59.8,61.1,68.5,90.8,106.2,117.6,120.4,125.4,126.6,126.8,125.7,120.2,115.1,115.1,111,105.5,98.9,85.9,78.5,78,72.7,66.6,52.5,37.5,21.2,26.6,41.4,43.6,0,0,121.9,129.2,128.1,116.1,104.5,90.6,65.8,40.5,34.8,40.1,41.2,55,72.8,90,107.2,119.3,129.5,133.7,130,122.8,111.9,110.7,91,56.9,37.1,41.5,34.6,22.4,37.5,55.9,81.5,107.2,117.7,111.7,106.4,100.1,89.9,69.1,45.6,22.4,7.5,23.9,47,62.5,63.5,71.8,83.8,90.4,97.7,109.8,121.7,125,128.8,132.7,133.3,127.7,115.8,111.1,116.8,120.2,116.5,102.9,93.7,84.1,77.9,71,61.4,52.7,47.5,40.2,39.2,40.9,51,68.8,78.8,90.5,99.9,104.7,113.9,123.9,128.2,129.2,123.3,115.5,107.8,113.4,125.7,129.6,6919.7,7747.4,78.63295455,88.03863636,55,115,3,3
10,1,B,S,2,32.6,916,18,39,8,28,64,-116,1.5,1,0,0,90,2106,80,32,51.7,53.7,76.7,98.7,113.4,123.1,126.3,125.5,120.1,120.6,115,100.9,89.1,77,62.6,53,25.6,37,71.3,78.9,78.6,82.3,99.9,123.9,127.1,129,127,123,113.9,101,74.1,28.5,0,0,0,0,0,0,0,0,0,0,0,0,0,0,0,0,0,0,0,0,0,0,0,0,0,0,0,0,0,0,0,0,0,0,0,0,0,0,0,0,0,0,0,0,0,0,0,0,0,0,0,0,0,0,0,0,0,0,117,116.3,107.3,91.8,74.9,59.4,45.4,37.4,33.6,49.6,67.7,80,98.2,117.1,125.6,126.4,111.8,95.4,101.3,104.1,92.5,74.5,46,43.9,39.9,39.8,38.7,34.3,25.2,22.6,32.9,68.6,0,0,0,0,0,0,0,0,0,0,0,0,0,0,0,0,0,0,0,0,0,0,0,0,0,0,0,0,0,0,0,0,0,0,0,0,0,0,0,0,0,0,0,0,0,0,0,0,0,0,0,0,0,0,0,0,0,0,FS,O,,2021,1,0,3/27/2008,28.09815951,22.33377845,22.33377845,22.33377845,0,53.7,76.7,98.7,113.4,123.1,126.3,125.5,120.1,120.6,115,100.9,89.1,77,62.6,53,25.6,37,71.3,78.9,78.6,82.3,99.9,123.9,127.1,129,127,123,113.9,101,74.1,28.5,0,0,0,0,0,0,0,0,0,0,0,0,0,0,0,0,0,0,0,0,0,0,0,0,0,0,0,0,0,0,0,0,0,0,0,0,0,0,0,0,0,0,0,0,0,0,0,0,0,0,0,0,0,0,0,0,0,0,0,116.3,107.3,91.8,74.9,59.4,45.4,37.4,33.6,49.6,67.7,80,98.2,117.1,125.6,126.4,111.8,95.4,101.3,104.1,92.5,74.5,46,43.9,39.9,39.8,38.7,34.3,25.2,22.6,32.9,68.6,0,0,0,0,0,0,0,0,0,0,0,0,0,0,0,0,0,0,0,0,0,0,0,0,0,0,0,0,0,0,0,0,0,0,0,0,0,0,0,0,0,0,0,0,0,0,0,0,0,0,0,0,0,0,0,0,0,0,2876.8,2202.2,92.8,71.03870968,55,115,2,2
16,1,B,S,2,85.6,2413,22,23,8,12,80,-74,1.5,0,1,0,90,2106,90,85,49.5,47.6,46.7,51,39.3,31,61.1,93.4,98,77.3,75.2,87.2,79.7,70.1,49.4,44.4,50.2,72.2,96,111.6,120.9,126.8,124.1,122.2,114.8,105.4,97.8,85,75.9,69.6,57.9,45.7,43.3,52.3,70.5,91.8,108.2,119.1,125.7,128,126.8,124.6,120.8,113.6,103.1,102,100.3,90.1,74.4,76.7,79.9,74.1,72.3,79.9,95.2,112.7,117.6,106.4,93,76.7,61.1,48.4,45.7,54.3,65.6,77,86.8,100,111.6,119.8,122.9,126.3,126.6,123.9,117.6,108.6,98.9,91.2,84.9,79.6,72.2,63.9,53.8,38,18.6,0,0,0,0,0,115.1,114.2,115.1,109.5,84.6,62.8,51.4,50.9,44.7,47.9,95.1,116.6,115.6,120.4,126.8,131.8,125.2,111.6,95.7,78.5,59,43.2,38.2,54.1,67.4,74.6,96.4,110.4,120.5,125.2,130.1,132.7,131.2,124.3,113.1,100,84.7,69.3,53.5,41.6,38.9,43.5,48,54.8,69,93.1,99,97.3,103.2,125.1,122.4,100.4,71.3,35.4,11.2,39.9,66.5,80.7,96.2,109.2,120.4,129.3,134.4,136.4,133.2,128.4,115.3,101.5,81,62.5,48.7,39.4,40.1,51.4,65.3,79.8,90.8,97.6,100.3,104.7,112,117.5,118.1,114.1,103.9,0,0,0,0,0,FS,O,,2021,1,0,3/28/2008,28.18925234,23.50910463,23.50910463,23.50910463,0,47.6,46.7,51,39.3,31,61.1,93.4,98,77.3,75.2,87.2,79.7,70.1,49.4,44.4,50.2,72.2,96,111.6,120.9,126.8,124.1,122.2,114.8,105.4,97.8,85,75.9,69.6,57.9,45.7,43.3,52.3,70.5,91.8,108.2,119.1,125.7,128,126.8,124.6,120.8,113.6,103.1,102,100.3,90.1,74.4,76.7,79.9,74.1,72.3,79.9,95.2,112.7,117.6,106.4,93,76.7,61.1,48.4,45.7,54.3,65.6,77,86.8,100,111.6,119.8,122.9,126.3,126.6,123.9,117.6,108.6,98.9,91.2,84.9,79.6,72.2,63.9,53.8,38,18.6,0,0,0,0,0,0,114.2,115.1,109.5,84.6,62.8,51.4,50.9,44.7,47.9,95.1,116.6,115.6,120.4,126.8,131.8,125.2,111.6,95.7,78.5,59,43.2,38.2,54.1,67.4,74.6,96.4,110.4,120.5,125.2,130.1,132.7,131.2,124.3,113.1,100,84.7,69.3,53.5,41.6,38.9,43.5,48,54.8,69,93.1,99,97.3,103.2,125.1,122.4,100.4,71.3,35.4,11.2,39.9,66.5,80.7,96.2,109.2,120.4,129.3,134.4,136.4,133.2,128.4,115.3,101.5,81,62.5,48.7,39.4,40.1,51.4,65.3,79.8,90.8,97.6,100.3,104.7,112,117.5,118.1,114.1,103.9,0,0,0,0,0,7203.9,7499.1,85.76071429,89.275,55,115,2,2
19,1,B,S,2,53.9,1426,29,27,11,38,51,-108,1.5,1,0,0,90,2106,92,53,52.7,52.2,52.9,50.4,61.9,77.7,96.4,110.6,112.1,104.7,92,83,81.1,73.5,60.7,51.7,35.7,45.3,65.2,88.2,108.4,106.9,110.4,125.4,119.3,110.3,89.5,67.6,48.3,37.1,42,43.7,49.6,55.8,58.4,49.6,51.1,65.3,92.7,117.9,118.5,125.7,125.4,116.5,101.8,87.2,81.1,86.2,96.6,90,77.9,63,38.6,0,0,0,0,0,0,0,0,0,0,0,0,0,0,0,0,0,0,0,0,0,0,0,0,0,0,0,0,0,0,0,0,0,0,0,0,0,114.2,114.1,118.1,114.9,104.5,86.5,62.8,42.3,25,29.8,57.9,86.9,115.9,124,126.6,130,122.9,115.2,99,85.2,80,56,33.9,38.8,31,33.2,40.4,58.5,84.1,112.4,130.6,130.3,126.2,121.5,116.4,108.5,88.8,71.4,62.1,65.8,47.7,38.6,36.3,32.5,27.7,38.2,62.2,91.6,107.7,103,98.5,96.1,93.1,0,0,0,0,0,0,0,0,0,0,0,0,0,0,0,0,0,0,0,0,0,0,0,0,0,0,0,0,0,0,0,0,0,0,0,0,0,FS,O,,2021,1,0,3/28/2008,26.45640074,21.60541204,21.60541204,21.60541204,0,0,52.9,50.4,61.9,77.7,96.4,110.6,112.1,104.7,92,83,81.1,73.5,60.7,51.7,35.7,45.3,65.2,88.2,108.4,106.9,110.4,125.4,119.3,110.3,89.5,67.6,48.3,37.1,42,43.7,49.6,55.8,58.4,49.6,51.1,65.3,92.7,117.9,118.5,125.7,125.4,116.5,101.8,87.2,81.1,86.2,96.6,90,77.9,63,38.6,0,0,0,0,0,0,0,0,0,0,0,0,0,0,0,0,0,0,0,0,0,0,0,0,0,0,0,0,0,0,0,0,0,0,0,0,0,0,0,118.1,114.9,104.5,86.5,62.8,42.3,25,29.8,57.9,86.9,115.9,124,126.6,130,122.9,115.2,99,85.2,80,56,33.9,38.8,31,33.2,40.4,58.5,84.1,112.4,130.6,130.3,126.2,121.5,116.4,108.5,88.8,71.4,62.1,65.8,47.7,38.6,36.3,32.5,27.7,38.2,62.2,91.6,107.7,103,98.5,96.1,93.1,0,0,0,0,0,0,0,0,0,0,0,0,0,0,0,0,0,0,0,0,0,0,0,0,0,0,0,0,0,0,0,0,0,0,0,0,0,4100.9,4110.6,80.40980392,80.6,55,115,3,3
28,1,B,S,2,90.1,2180,20,32,25,15,60,-79,1.5,0,2,0,90,2106,99,90,43.9,52.9,60.5,79.6,95.2,96.8,94.2,100.3,99.1,95.9,91.5,82.1,66.9,59.7,44.1,16.3,31,56,69.5,75.7,78.8,81.3,85.6,102.3,120.9,121.6,123.2,126.2,124,120.1,113,104.4,95.2,81,70.1,59.5,48.7,44.3,44.2,39.5,46.8,56.3,74.5,94.8,103,110,118,118.9,121.2,122.2,122.8,121.8,119.5,112.7,103.3,93.4,86.3,76.7,70.7,72.9,78.1,83.7,84.2,82.2,78.7,72.1,66.3,44.7,21.4,18.3,42.7,53.1,76.7,90.5,100.4,112.6,114.3,110.5,101.5,84.7,55.9,47.7,44.6,53.5,66.8,61.3,49.8,41.7,48.5,70.2,114.4,99.2,69.5,32.5,11.3,30.6,59.1,92.3,92.7,101.7,97.9,106.1,119.5,129.7,127.2,98.2,66.3,36.2,20.7,21.1,25.3,28.6,33,40.5,48.9,44.9,38.7,38.5,42.1,53.9,66.4,77.9,89.8,99.7,109.2,114.9,122.4,129.2,133.3,126.6,125.1,116.3,110.2,107.7,93.8,77.3,63.6,55.8,44.2,34.7,35.1,45.2,55.7,66.5,77.5,90.3,96.5,104.8,105.5,107.7,99.9,90.3,74.6,51.1,25.5,17.9,24.9,49.2,69.8,87.1,96.7,101.2,103.6,93.5,80.6,71.4,55.5,35.7,19.3,9.7,41.8,63,91,119.6,132.1,127.4,114.1,96.1,74.9,59.3,FS,O,,2021,1,0,3/28/2008,24.19533851,20.74499693,20.74499693,20.74499693,0,0,60.5,79.6,95.2,96.8,94.2,100.3,99.1,95.9,91.5,82.1,66.9,59.7,44.1,16.3,31,56,69.5,75.7,78.8,81.3,85.6,102.3,120.9,121.6,123.2,126.2,124,120.1,113,104.4,95.2,81,70.1,59.5,48.7,44.3,44.2,39.5,46.8,56.3,74.5,94.8,103,110,118,118.9,121.2,122.2,122.8,121.8,119.5,112.7,103.3,93.4,86.3,76.7,70.7,72.9,78.1,83.7,84.2,82.2,78.7,72.1,66.3,44.7,21.4,18.3,42.7,53.1,76.7,90.5,100.4,112.6,114.3,110.5,101.5,84.7,55.9,47.7,44.6,53.5,66.8,61.3,49.8,41.7,48.5,70.2,0,0,69.5,32.5,11.3,30.6,59.1,92.3,92.7,101.7,97.9,106.1,119.5,129.7,127.2,98.2,66.3,36.2,20.7,21.1,25.3,28.6,33,40.5,48.9,44.9,38.7,38.5,42.1,53.9,66.4,77.9,89.8,99.7,109.2,114.9,122.4,129.2,133.3,126.6,125.1,116.3,110.2,107.7,93.8,77.3,63.6,55.8,44.2,34.7,35.1,45.2,55.7,66.5,77.5,90.3,96.5,104.8,105.5,107.7,99.9,90.3,74.6,51.1,25.5,17.9,24.9,49.2,69.8,87.1,96.7,101.2,103.6,93.5,80.6,71.4,55.5,35.7,19.3,9.7,41.8,63,91,119.6,132.1,127.4,114.1,96.1,74.9,59.3,7100.8,6566.7,80.69090909,74.62159091,55,115,3,3
1,1,A,S,2,90.1,1835,13,33,14,24,62,74,1.5,0,0,0,90,2106,4,90,50.2,45.4,45.8,42.4,31.5,28,33.8,45.8,69.9,96.2,106.5,97.1,75.5,58.3,59.3,68.3,91.8,111.8,116.5,122.4,125.5,126.9,125.8,120.5,112.4,102.5,86.4,69,50.5,36.3,23.4,16.8,24.6,50.4,69.2,97,122.6,122.9,122.6,117.4,102.7,106.8,121.2,121.2,121.2,125.6,127.4,125.6,125.8,123.2,121.2,116.2,111.8,109.1,103.3,98.5,92,83.8,75,74.8,71.2,67.2,59.1,53,52.2,61.8,83.5,105.5,116.4,113,115.3,109.3,111.3,121,126.2,118.5,113.6,115.7,120.1,118.9,115.8,116.7,114.8,109.6,104.4,109.7,105.1,101,95.1,86.3,116.3,115.7,121,128.5,119.4,98.2,69.4,45.1,39.4,62.6,78.7,75.5,59.6,37.1,43.4,67.4,77.3,76.2,59.6,49.4,41.3,38,44.7,57.6,71.6,87.3,100.3,115,125.1,123.2,112.3,105.2,92.9,74.9,54.5,45.3,53.5,53,54.2,53.3,46.2,40.8,53.3,55.3,55.3,51.8,45,37.5,38.5,44.1,56.2,67.4,80.1,85.5,88.1,89,95.6,97.2,113.2,124,120.7,120.7,109.1,88.7,66.7,33.4,18.5,46,65,67.2,69.5,63.4,55.7,48.9,43.8,30.8,27.1,40.6,57.7,58.9,59.7,67.1,71.6,68.7,67.3,69.4,70.5,71,70.7,67.3,TT,O,,2021,1,1,3/27/2008,20.36625971,20.56398975,20.31964484,21.78571429,0,0,45.8,42.4,31.5,28,33.8,45.8,69.9,96.2,106.5,97.1,75.5,58.3,59.3,68.3,91.8,111.8,116.5,122.4,125.5,126.9,125.8,120.5,112.4,102.5,86.4,69,50.5,36.3,23.4,16.8,24.6,50.4,69.2,97,122.6,122.9,122.6,117.4,102.7,106.8,121.2,121.2,121.2,125.6,127.4,125.6,125.8,123.2,121.2,116.2,111.8,109.1,103.3,98.5,92,83.8,75,74.8,71.2,67.2,59.1,53,52.2,61.8,83.5,105.5,116.4,113,115.3,109.3,111.3,121,126.2,118.5,113.6,115.7,120.1,118.9,115.8,116.7,114.8,109.6,104.4,109.7,105.1,101,95.1,86.3,0,0,121,128.5,119.4,98.2,69.4,45.1,39.4,62.6,78.7,75.5,59.6,37.1,43.4,67.4,77.3,76.2,59.6,49.4,41.3,38,44.7,57.6,71.6,87.3,100.3,115,125.1,123.2,112.3,105.2,92.9,74.9,54.5,45.3,53.5,53,54.2,53.3,46.2,40.8,53.3,55.3,55.3,51.8,45,37.5,38.5,44.1,56.2,67.4,80.1,85.5,88.1,89,95.6,97.2,113.2,124,120.7,120.7,109.1,88.7,66.7,33.4,18.5,46,65,67.2,69.5,63.4,55.7,48.9,43.8,30.8,27.1,40.6,57.7,58.9,59.7,67.1,71.6,68.7,67.3,69.4,70.5,71,70.7,67.3,8221.3,6090.8,93.42386364,69.21363636,55,115,3,3
2,1,A,E,2,90.1,1464,34,30,3,19,78,96,1.5,0,0,0,90,2106,4,90,64.5,64.6,69.1,71.2,75,89.7,107.8,118.8,120.6,118.2,109.2,89.9,64.5,42.8,45.4,58,58.9,58.3,58.4,56.5,58.2,67.6,81.2,99.1,116,125,123.5,118.5,113.5,111.7,119.2,125.3,126.4,124.1,123.6,122.2,118.1,109.1,97.1,88.4,83.5,75.6,69.8,64.3,56,50.9,48.3,46.6,44.3,44.2,44.3,44.6,43.5,42.5,43,43.6,41.8,49.4,55,55.2,60.8,58.6,55.3,54.1,50.4,47.6,45.5,42.5,38.5,40.3,53.7,70.6,80,90.7,99.5,106.9,110.6,108.4,106.7,109.7,118.6,123.6,126.2,127.1,125.4,116.3,108.1,106.4,103.4,94.9,125.4,125.6,125.1,113.7,99,86.1,74.5,63.1,52.6,42.8,29.7,12.9,26.3,61,95.8,117.7,120.8,120.3,116.9,107.7,95.7,80.3,64.3,53.1,51.1,51.2,46.8,38.5,27.7,22.6,30,36.1,38.5,39,47,53.1,53.8,55.1,64.4,85.3,103.3,110.2,111.4,113.6,118.8,126.4,127.8,130.7,130.8,130.2,129.8,130.5,129.2,126.5,126.3,125,122.3,124.9,122.7,119.3,118,116.6,114.8,118.5,125.3,130.5,130.5,128.7,127.3,127.1,130.3,131.9,122.8,113.9,100.4,89.2,82.2,74.7,64.2,52,41.5,38.4,37.2,39.7,43,46.4,59.4,77.7,85.1,86.8,TT,O,,2021,2,1,3/27/2008,16.24861265,20.56398975,20.31964484,21.78571429,0,0,69.1,71.2,75,89.7,107.8,118.8,120.6,118.2,109.2,89.9,64.5,42.8,45.4,58,58.9,58.3,58.4,56.5,58.2,67.6,81.2,99.1,116,125,123.5,118.5,113.5,111.7,119.2,125.3,126.4,124.1,123.6,122.2,118.1,109.1,97.1,88.4,83.5,75.6,69.8,64.3,56,50.9,48.3,46.6,44.3,44.2,44.3,44.6,43.5,42.5,43,43.6,41.8,49.4,55,55.2,60.8,58.6,55.3,54.1,50.4,47.6,45.5,42.5,38.5,40.3,53.7,70.6,80,90.7,99.5,106.9,110.6,108.4,106.7,109.7,118.6,123.6,126.2,127.1,125.4,116.3,108.1,106.4,103.4,94.9,0,0,125.1,113.7,99,86.1,74.5,63.1,52.6,42.8,29.7,12.9,26.3,61,95.8,117.7,120.8,120.3,116.9,107.7,95.7,80.3,64.3,53.1,51.1,51.2,46.8,38.5,27.7,22.6,30,36.1,38.5,39,47,53.1,53.8,55.1,64.4,85.3,103.3,110.2,111.4,113.6,118.8,126.4,127.8,130.7,130.8,130.2,129.8,130.5,129.2,126.5,126.3,125,122.3,124.9,122.7,119.3,118,116.6,114.8,118.5,125.3,130.5,130.5,128.7,127.3,127.1,130.3,131.9,122.8,113.9,100.4,89.2,82.2,74.7,64.2,52,41.5,38.4,37.2,39.7,43,46.4,59.4,77.7,85.1,86.8,7206.9,7713.4,81.89659091,87.65227273,55,115,3,3
3,1,A,N,2,90.1,1606,17,24,6,21,73,84,1.5,0,3,0,90,2106,4,90,119,117.4,118.5,116.4,115.9,115.7,113.6,104.1,91.6,81.8,71.9,55.8,47.5,51.9,67.5,90.7,98.8,94.4,87.2,80.1,72,62.4,52.2,39.4,41.1,45.4,47.6,53.2,48.6,39.6,41,57.1,82,105.6,124.8,125.7,124.8,125.4,121.6,124.6,125.1,119.9,121.1,118.1,111.2,104,97.6,96.3,93.8,91.9,93,94.2,98.5,101,101.1,97.7,91.2,88.5,91.2,95.7,104.1,104.7,97.8,92.3,79.2,67.7,53.5,47,40.7,38.2,48.7,63.6,68.9,72.5,68.9,65.8,64.3,69.2,76.3,83.5,90.3,96.3,100.4,103.2,104.7,106.8,108.4,112.3,113.9,108.8,58.4,50.5,37.6,28.4,34.4,52.1,67.6,76.8,86.8,101.8,111.2,110.7,103.7,87.3,83.4,86.6,88.7,90.2,94.2,98,109.8,114.3,115.8,118.6,129.6,133.1,131.5,131.5,119.7,100.9,75.8,44.4,12.6,17.9,40.2,43.4,44,46.4,42.8,40.5,36.6,35.1,49.9,64.1,76.8,88.8,96.2,100.4,98,101.7,106.9,104.8,101.5,90.8,81.3,67.4,46.6,22.2,13.8,36.1,57,78.3,85.2,89.3,101,115.6,124,128.9,128.3,126.8,130.3,134.8,132,131,127.9,119.2,110,106.1,102.2,98.8,95.7,93.9,91.9,89.6,85,80.9,75.6,74,73.1,66.8,TT,O,,2021,3,1,3/27/2008,17.82463929,20.56398975,20.31964484,21.78571429,0,0,0,0,0,115.7,113.6,104.1,91.6,81.8,71.9,55.8,47.5,51.9,67.5,90.7,98.8,94.4,87.2,80.1,72,62.4,52.2,39.4,41.1,45.4,47.6,53.2,48.6,39.6,41,57.1,82,105.6,124.8,125.7,124.8,125.4,121.6,124.6,125.1,119.9,121.1,118.1,111.2,104,97.6,96.3,93.8,91.9,93,94.2,98.5,101,101.1,97.7,91.2,88.5,91.2,95.7,104.1,104.7,97.8,92.3,79.2,67.7,53.5,47,40.7,38.2,48.7,63.6,68.9,72.5,68.9,65.8,64.3,69.2,76.3,83.5,90.3,96.3,100.4,103.2,104.7,106.8,108.4,112.3,113.9,108.8,0,0,0,0,0,52.1,67.6,76.8,86.8,101.8,111.2,110.7,103.7,87.3,83.4,86.6,88.7,90.2,94.2,98,109.8,114.3,115.8,118.6,129.6,133.1,131.5,131.5,119.7,100.9,75.8,44.4,12.6,17.9,40.2,43.4,44,46.4,42.8,40.5,36.6,35.1,49.9,64.1,76.8,88.8,96.2,100.4,98,101.7,106.9,104.8,101.5,90.8,81.3,67.4,46.6,22.2,13.8,36.1,57,78.3,85.2,89.3,101,115.6,124,128.9,128.3,126.8,130.3,134.8,132,131,127.9,119.2,110,106.1,102.2,98.8,95.7,93.9,91.9,89.6,85,80.9,75.6,74,73.1,66.8,7269.8,7424.1,85.52705882,87.34235294,115,55,6,6
1,2,A,N,2,90.1,2336,22,29,3,14,83,46,1.5,0,1,0,90,2106,4,90,109.1,96.6,82.3,66.6,52.7,47.6,49.3,43.7,34,42.2,67.6,80.6,90.9,102.4,112.1,119.2,123.6,125.7,126.2,122.1,114.7,103.7,89,73.5,58.7,47,47.4,55.8,68,79.4,88.7,94.8,95.4,92.6,94.7,92.9,96.1,108.4,121.2,124.9,120.7,120.3,115.4,117.1,112.6,102.6,91.2,76.4,65.9,57.1,50.8,41,29.4,39.9,64.2,79.4,88,97.9,110.5,117,123,126.5,126.6,124.8,117.6,105.7,94.9,100.6,102.5,95,82.8,71.3,58.2,48.7,46.2,52.6,62.1,74.7,89.7,96,106,114,116.1,123.4,126.1,124.7,118.7,112.6,100.5,92.6,43.7,18.1,18.5,54.5,81.7,111.6,122.3,122.3,122.1,123.2,130,123.1,111.3,95.2,76.2,59.9,45.7,37.6,42.8,53.3,67.2,82.9,97.1,110.2,121.1,129.8,135.7,135.1,132.8,126.2,117.6,110.9,109.3,109,108.7,96.3,79.1,64.6,55.2,44.4,39,31.8,33.4,55.4,71.6,83.4,96.4,106.9,116.6,120.2,122,121.6,117.9,120.9,129.3,124.6,111.5,95.6,80.7,62.6,48.2,39.2,37.9,38.2,34.6,33.9,48.9,75.2,83.8,85.3,94.1,110.7,120.4,129,135,135.1,129.9,121.2,115.3,99.9,85.6,67.8,47.8,37.1,38.9,47.2,58.2,73.1,85.4,94.5,TT,O,,2021,4,1,3/28/2008,25.92674806,20.56398975,20.31964484,21.78571429,0,0,0,0,0,47.6,49.3,43.7,34,42.2,67.6,80.6,90.9,102.4,112.1,119.2,123.6,125.7,126.2,122.1,114.7,103.7,89,73.5,58.7,47,47.4,55.8,68,79.4,88.7,94.8,95.4,92.6,94.7,92.9,96.1,108.4,121.2,124.9,120.7,120.3,115.4,117.1,112.6,102.6,91.2,76.4,65.9,57.1,50.8,41,29.4,39.9,64.2,79.4,88,97.9,110.5,117,123,126.5,126.6,124.8,117.6,105.7,94.9,100.6,102.5,95,82.8,71.3,58.2,48.7,46.2,52.6,62.1,74.7,89.7,96,106,114,116.1,123.4,126.1,124.7,118.7,112.6,100.5,92.6,0,0,0,0,0,111.6,122.3,122.3,122.1,123.2,130,123.1,111.3,95.2,76.2,59.9,45.7,37.6,42.8,53.3,67.2,82.9,97.1,110.2,121.1,129.8,135.7,135.1,132.8,126.2,117.6,110.9,109.3,109,108.7,96.3,79.1,64.6,55.2,44.4,39,31.8,33.4,55.4,71.6,83.4,96.4,106.9,116.6,120.2,122,121.6,117.9,120.9,129.3,124.6,111.5,95.6,80.7,62.6,48.2,39.2,37.9,38.2,34.6,33.9,48.9,75.2,83.8,85.3,94.1,110.7,120.4,129,135,135.1,129.9,121.2,115.3,99.9,85.6,67.8,47.8,37.1,38.9,47.2,58.2,73.1,85.4,94.5,7665.7,7602.6,90.18470588,89.44235294,115,55,6,6
2,2,A,W,2,90.1,1913,25,27,6,15,79,47,1.5,0,0,0,90,2106,4,90,106.2,95.7,91.1,82.9,70.4,56.8,44.3,36.9,40.1,59,79.3,89,97.9,109.9,117,114.1,113.7,116.6,124.4,121.2,115.9,112.1,106.4,101.8,100.2,93,82.3,73.9,60.8,51,45.4,46.2,44.5,32.9,29.7,45.5,72,101.4,125,126.5,124.2,124.3,121.3,119.3,123,123,118,109.1,96.9,85.7,73.7,58.8,48.5,45.5,46.7,52,57.2,55.9,49.1,51.6,65.9,88.7,113,126.7,124.2,124.9,125.2,122.1,116,108.6,106.1,105.1,98.8,85.3,68.6,50,35.3,40.6,44.6,45.6,59,73.1,74.5,72.3,76.6,78.8,86.4,100.2,113.9,115.3,63,73.4,91.1,102.6,111.2,120.5,126.4,125.6,121.2,121.8,121.6,108.4,93.1,79.7,68,54.6,35.9,28.4,43.4,52.2,62.1,75.3,79,79.9,80.7,85.4,95.4,109.8,116.8,125.2,132.2,135.3,132.4,116.6,95,66.7,40,28.8,40.3,40.8,41.4,40.9,34.5,30.7,40.7,53.8,62.1,68.2,79.9,96.2,110.3,118,127.5,134,134.2,134.1,134.3,126.4,106.6,84.2,59.5,39.3,36,41.4,36.3,35.9,38.1,41,46.6,57.2,72.1,78.3,77.6,77.4,80,89.6,107.1,127.3,133.2,127.5,128.1,129.4,127.5,124.7,119.8,106.9,91.7,77.8,69.7,64.1,TT,O,,2021,5,1,3/28/2008,21.23196448,20.56398975,20.31964484,21.78571429,0,0,0,0,0,56.8,44.3,36.9,40.1,59,79.3,89,97.9,109.9,117,114.1,113.7,116.6,124.4,121.2,115.9,112.1,106.4,101.8,100.2,93,82.3,73.9,60.8,51,45.4,46.2,44.5,32.9,29.7,45.5,72,101.4,125,126.5,124.2,124.3,121.3,119.3,123,123,118,109.1,96.9,85.7,73.7,58.8,48.5,45.5,46.7,52,57.2,55.9,49.1,51.6,65.9,88.7,113,126.7,124.2,124.9,125.2,122.1,116,108.6,106.1,105.1,98.8,85.3,68.6,50,35.3,40.6,44.6,45.6,59,73.1,74.5,72.3,76.6,78.8,86.4,100.2,113.9,115.3,0,0,0,0,0,120.5,126.4,125.6,121.2,121.8,121.6,108.4,93.1,79.7,68,54.6,35.9,28.4,43.4,52.2,62.1,75.3,79,79.9,80.7,85.4,95.4,109.8,116.8,125.2,132.2,135.3,132.4,116.6,95,66.7,40,28.8,40.3,40.8,41.4,40.9,34.5,30.7,40.7,53.8,62.1,68.2,79.9,96.2,110.3,118,127.5,134,134.2,134.1,134.3,126.4,106.6,84.2,59.5,39.3,36,41.4,36.3,35.9,38.1,41,46.6,57.2,72.1,78.3,77.6,77.4,80,89.6,107.1,127.3,133.2,127.5,128.1,129.4,127.5,124.7,119.8,106.9,91.7,77.8,69.7,64.1,7215.9,7237.6,84.89294118,85.14823529,115,55,6,6
3,2,A,E,2,30.8,671,22,30,7,40,53,72,1.5,0,0,0,90,2106,4,30,74,70.8,71.5,81.7,100.5,121,126.2,122.5,117.1,110.5,105.7,100.1,85.9,68.1,48.4,39.6,44.4,45.4,41,32.4,35.8,52.5,74.8,81.8,86.8,93.7,93.3,98.5,105.2,114,0,0,0,0,0,0,0,0,0,0,0,0,0,0,0,0,0,0,0,0,0,0,0,0,0,0,0,0,0,0,0,0,0,0,0,0,0,0,0,0,0,0,0,0,0,0,0,0,0,0,0,0,0,0,0,0,0,0,0,0,111.2,93.5,71.2,45,27.4,33,37,36.8,41.7,54.8,73.4,84.8,83.3,85.6,96.6,115.4,128.1,129.4,127.8,121.4,118,116.7,123.2,119.6,111.2,100.7,79.4,61.4,42.8,33,0,0,0,0,0,0,0,0,0,0,0,0,0,0,0,0,0,0,0,0,0,0,0,0,0,0,0,0,0,0,0,0,0,0,0,0,0,0,0,0,0,0,0,0,0,0,0,0,0,0,0,0,0,0,0,0,0,0,0,0,FS,O,,2021,6,1,3/28/2008,21.78571429,20.56398975,20.31964484,21.78571429,0,0,71.5,81.7,100.5,121,126.2,122.5,117.1,110.5,105.7,100.1,85.9,68.1,48.4,39.6,44.4,45.4,41,32.4,35.8,52.5,74.8,81.8,86.8,93.7,93.3,98.5,105.2,114,0,0,0,0,0,0,0,0,0,0,0,0,0,0,0,0,0,0,0,0,0,0,0,0,0,0,0,0,0,0,0,0,0,0,0,0,0,0,0,0,0,0,0,0,0,0,0,0,0,0,0,0,0,0,0,0,0,0,0,0,0,0,71.2,45,27.4,33,37,36.8,41.7,54.8,73.4,84.8,83.3,85.6,96.6,115.4,128.1,129.4,127.8,121.4,118,116.7,123.2,119.6,111.2,100.7,79.4,61.4,42.8,33,0,0,0,0,0,0,0,0,0,0,0,0,0,0,0,0,0,0,0,0,0,0,0,0,0,0,0,0,0,0,0,0,0,0,0,0,0,0,0,0,0,0,0,0,0,0,0,0,0,0,0,0,0,0,0,0,0,0,0,0,2298.4,2298.7,82.08571429,82.09642857,55,115,3,3
7,1,A,S,2,7.8,124,100,0,22,24,54,27,1.5,3,0,0,90,2106,11,7,51.5,49.2,52.3,51.1,38.8,23.7,9.9,0,0,0,0,0,0,0,0,0,0,0,0,0,0,0,0,0,0,0,0,0,0,0,0,0,0,0,0,0,0,0,0,0,0,0,0,0,0,0,0,0,0,0,0,0,0,0,0,0,0,0,0,0,0,0,0,0,0,0,0,0,0,0,0,0,0,0,0,0,0,0,0,0,0,0,0,0,0,0,0,0,0,0,116.4,114.4,113.4,116.9,114.2,104.1,88.1,0,0,0,0,0,0,0,0,0,0,0,0,0,0,0,0,0,0,0,0,0,0,0,0,0,0,0,0,0,0,0,0,0,0,0,0,0,0,0,0,0,0,0,0,0,0,0,0,0,0,0,0,0,0,0,0,0,0,0,0,0,0,0,0,0,0,0,0,0,0,0,0,0,0,0,0,0,0,0,0,0,0,0,TT,O,,2021,1,1,3/27/2008,15.8974359,16.51963736,17.43395444,11.94805195,0,0,52.3,51.1,38.8,23.7,9.9,0,0,0,0,0,0,0,0,0,0,0,0,0,0,0,0,0,0,0,0,0,0,0,0,0,0,0,0,0,0,0,0,0,0,0,0,0,0,0,0,0,0,0,0,0,0,0,0,0,0,0,0,0,0,0,0,0,0,0,0,0,0,0,0,0,0,0,0,0,0,0,0,0,0,0,0,0,0,0,0,0,0,0,0,0,113.4,116.9,114.2,104.1,88.1,0,0,0,0,0,0,0,0,0,0,0,0,0,0,0,0,0,0,0,0,0,0,0,0,0,0,0,0,0,0,0,0,0,0,0,0,0,0,0,0,0,0,0,0,0,0,0,0,0,0,0,0,0,0,0,0,0,0,0,0,0,0,0,0,0,0,0,0,0,0,0,0,0,0,0,0,0,0,0,0,0,0,0,175.8,536.7,35.16,107.34,55,115,3,3
8,1,A,E,2,16,302,62,2,28,39,33,111,1.5,1,0,0,90,2106,11,15,66.1,69.4,70.4,67.6,69.2,53.1,34.2,42,46.8,34.2,23,19.5,23,22.3,18.1,0,0,0,0,0,0,0,0,0,0,0,0,0,0,0,0,0,0,0,0,0,0,0,0,0,0,0,0,0,0,0,0,0,0,0,0,0,0,0,0,0,0,0,0,0,0,0,0,0,0,0,0,0,0,0,0,0,0,0,0,0,0,0,0,0,0,0,0,0,0,0,0,0,0,0,125.4,125.3,117.9,110,108.9,97.9,101.2,120.6,121,106.8,89.7,79.7,73.1,86.3,98.6,0,0,0,0,0,0,0,0,0,0,0,0,0,0,0,0,0,0,0,0,0,0,0,0,0,0,0,0,0,0,0,0,0,0,0,0,0,0,0,0,0,0,0,0,0,0,0,0,0,0,0,0,0,0,0,0,0,0,0,0,0,0,0,0,0,0,0,0,0,0,0,0,0,0,0,TT,O,,2021,2,1,3/27/2008,18.875,16.51963736,17.43395444,11.94805195,0,0,70.4,67.6,69.2,53.1,34.2,42,46.8,34.2,23,19.5,23,22.3,18.1,0,0,0,0,0,0,0,0,0,0,0,0,0,0,0,0,0,0,0,0,0,0,0,0,0,0,0,0,0,0,0,0,0,0,0,0,0,0,0,0,0,0,0,0,0,0,0,0,0,0,0,0,0,0,0,0,0,0,0,0,0,0,0,0,0,0,0,0,0,0,0,0,0,0,0,0,0,117.9,110,108.9,97.9,101.2,120.6,121,106.8,89.7,79.7,73.1,86.3,98.6,0,0,0,0,0,0,0,0,0,0,0,0,0,0,0,0,0,0,0,0,0,0,0,0,0,0,0,0,0,0,0,0,0,0,0,0,0,0,0,0,0,0,0,0,0,0,0,0,0,0,0,0,0,0,0,0,0,0,0,0,0,0,0,0,0,0,0,0,0,0,0,0,0,0,0,523.4,1311.7,40.26153846,100.9,55,115,3,3
9,1,A,N,2,90.1,1610,47,15,12,22,66,87,1.5,0,0,0,90,2106,11,90,118.3,120.8,118.2,115.7,100.3,84.2,72.5,91.8,103.8,105.4,104.5,106.8,112.4,111.1,109.1,105.5,102.9,89.7,64.7,48.1,50.3,47,46.5,45.8,44.9,45.9,46.3,51.8,54.3,52.3,54,51.8,42.3,31.2,16.7,15.3,28.9,45.1,59.9,73,83.4,90.3,86.2,76.7,62,37.1,25.6,42.4,65.3,67.4,66.2,67.5,69.8,66.2,61,46.1,53.9,74.3,96,98.1,96.7,102.3,109.6,115.4,114.1,105.6,96.8,80.6,58.9,52.6,71.4,66.9,58.6,53.7,46.7,42.1,45.4,46.9,46.1,44.6,39.7,38.5,41.1,38.2,38.4,45,51.2,46,39.1,34.7,60.2,55.5,54.2,42.3,29.5,33.2,72.6,95.2,92.4,86,78.4,74.7,78,77.9,80.5,82.6,85.2,90.2,94.9,116.8,133,130.8,131.3,133.6,132.4,129.1,126.6,122.9,121.7,118.9,120.3,119,117.2,113.2,104.8,96.4,87.3,65.4,40.6,18.3,25.8,54.8,78.9,99.2,113.3,113.5,113.5,119.5,129.2,128.6,128.2,126.3,125.6,122.9,120.4,101.5,89.5,93.7,102.2,97.5,89.8,83.6,74.2,68.1,58.9,44.5,36.6,41.1,64.7,98.8,126.4,126.7,127.9,132.4,132.4,130.9,130.1,127.8,125.5,125.6,120.6,124.1,130.1,126.8,124.1,128.2,130.4,118.8,105,98.7,TT,O,,2021,3,1,3/27/2008,17.86903441,16.51963736,17.43395444,11.94805195,0,0,0,0,0,0,72.5,91.8,103.8,105.4,104.5,106.8,112.4,111.1,109.1,105.5,102.9,89.7,64.7,48.1,50.3,47,46.5,45.8,44.9,45.9,46.3,51.8,54.3,52.3,54,51.8,42.3,31.2,16.7,15.3,28.9,45.1,59.9,73,83.4,90.3,86.2,76.7,62,37.1,25.6,42.4,65.3,67.4,66.2,67.5,69.8,66.2,61,46.1,53.9,74.3,96,98.1,96.7,102.3,109.6,115.4,114.1,105.6,96.8,80.6,58.9,52.6,71.4,66.9,58.6,53.7,46.7,42.1,45.4,46.9,46.1,44.6,39.7,38.5,41.1,38.2,38.4,45,51.2,46,39.1,34.7,0,0,0,0,0,0,72.6,95.2,92.4,86,78.4,74.7,78,77.9,80.5,82.6,85.2,90.2,94.9,116.8,133,130.8,131.3,133.6,132.4,129.1,126.6,122.9,121.7,118.9,120.3,119,117.2,113.2,104.8,96.4,87.3,65.4,40.6,18.3,25.8,54.8,78.9,99.2,113.3,113.5,113.5,119.5,129.2,128.6,128.2,126.3,125.6,122.9,120.4,101.5,89.5,93.7,102.2,97.5,89.8,83.6,74.2,68.1,58.9,44.5,36.6,41.1,64.7,98.8,126.4,126.7,127.9,132.4,132.4,130.9,130.1,127.8,125.5,125.6,120.6,124.1,130.1,126.8,124.1,128.2,130.4,118.8,105,98.7,5434,8605.1,64.69047619,102.4416667,115,55,7,7
7,2,A,N,2,90.1,1458,9,10,15,37,48,-46,1.5,0,0,0,90,2106,11,90,118,116.2,114.5,112.9,112.2,110.7,109.5,109,108,106.8,104.7,103.4,109.4,114.8,109.4,105.4,88.7,85.4,90.3,89.4,92.5,86.5,80.9,76.9,71.5,67.2,59.4,57.9,75.5,71.9,71.4,79.5,92.4,102.4,107.9,111.1,115.9,123.5,121.9,114.3,99,72.2,41.4,29.8,50.8,82,95.4,97.3,102.7,114.4,112.9,108.4,103.7,93.8,87.2,79,70.3,63.2,55.6,46.3,40.8,40.8,49.4,49.6,50,54.8,63.8,72.4,74.7,69.4,63,71.9,91.3,98.6,102.5,103.7,108.3,108.3,109.1,106.1,104.2,104.2,101.9,96.9,88.4,78.5,76.1,71.2,67.5,57.7,65.5,65.8,65.5,65.4,65.9,66.1,66.1,67.5,67.5,67.9,68.6,68,70.8,67.9,67,52.7,47.5,70.5,68.5,73.2,71.3,66,65,64.9,66,68.4,75.7,93.9,124.5,122,114.4,106.5,96.4,81.2,65,46.6,32,35.6,42.6,51.5,59.1,60.5,60.6,64.6,83.6,102.7,98.7,85.2,70.3,69.1,70.4,68.8,72.9,91,110.4,118.8,125.1,128.4,129.7,127.2,122.6,127.6,132.4,126.2,116,101.9,83.9,64.9,57.3,50.1,60.7,89.5,104,99,95.4,88.2,85.1,82.8,85.1,88.5,90.6,92.5,88,87.7,93,115.6,118.8,114,106.7,97.6,TT,O,,2021,4,1,3/28/2008,16.18201998,16.51963736,17.43395444,11.94805195,0,0,0,0,0,0,109.5,109,108,106.8,104.7,103.4,109.4,114.8,109.4,105.4,88.7,85.4,90.3,89.4,92.5,86.5,80.9,76.9,71.5,67.2,59.4,57.9,75.5,71.9,71.4,79.5,92.4,102.4,107.9,111.1,115.9,123.5,121.9,114.3,99,72.2,41.4,29.8,50.8,82,95.4,97.3,102.7,114.4,112.9,108.4,103.7,93.8,87.2,79,70.3,63.2,55.6,46.3,40.8,40.8,49.4,49.6,50,54.8,63.8,72.4,74.7,69.4,63,71.9,91.3,98.6,102.5,103.7,108.3,108.3,109.1,106.1,104.2,104.2,101.9,96.9,88.4,78.5,76.1,71.2,67.5,57.7,0,0,0,0,0,0,66.1,67.5,67.5,67.9,68.6,68,70.8,67.9,67,52.7,47.5,70.5,68.5,73.2,71.3,66,65,64.9,66,68.4,75.7,93.9,124.5,122,114.4,106.5,96.4,81.2,65,46.6,32,35.6,42.6,51.5,59.1,60.5,60.6,64.6,83.6,102.7,98.7,85.2,70.3,69.1,70.4,68.8,72.9,91,110.4,118.8,125.1,128.4,129.7,127.2,122.6,127.6,132.4,126.2,116,101.9,83.9,64.9,57.3,50.1,60.7,89.5,104,99,95.4,88.2,85.1,82.8,85.1,88.5,90.6,92.5,88,87.7,93,115.6,118.8,114,106.7,97.6,7195.2,7076,85.65714286,84.23809524,115,55,7,7
8,2,A,W,2,90.1,1653,31,22,13,12,75,17,1.5,0,2,0,90,2106,11,90,112.5,109.9,106.5,105.3,91.6,74.4,59.5,70.2,85,85.9,78.8,70.7,83.2,93.6,97,95,88.8,85.2,81.7,76.3,71.6,67,55.9,47.1,44.6,44.4,45.7,54,67.2,73.4,68,65.2,60.1,55.4,51.7,49.1,48.5,40.4,32.6,47.4,63.9,70.3,80.1,96.3,105.7,113.9,119.8,123.7,126.8,127.3,126.4,126.6,124.2,119.9,117.2,110.7,101.1,90,78.9,65.2,54.4,46.7,41,32.7,36.1,51.7,72.2,93.5,103,100.4,93.3,93.9,83,77.8,73.2,77.8,72.1,70.7,70.8,68.2,62.2,59,57.3,50.9,46,44.4,48.9,57.2,73.3,84.8,54,50.4,49.8,57.2,48.7,37.5,31.9,29.1,21.3,15.9,13.5,31.2,35.1,31.8,26.3,12.4,19.1,41.8,67.9,90.3,107.6,111.6,112.1,119.3,130.1,133.4,130.5,128.3,128.9,130.1,127.4,127.5,124.6,127.9,131.9,131.8,130.4,127.1,116.7,116.2,116.5,112,101.2,94.6,85.5,75.5,63.7,51.2,42.6,39.9,39.8,39.9,37.3,40.2,50.8,63.1,71.7,85,101.5,114.3,122.5,127.7,127.7,121.6,117.7,112.8,106.6,101.9,95.9,101,103.8,107.6,101.1,95.6,101.3,121,121,123.4,122.2,121.6,122.1,124.6,132,133.9,133.6,132.7,128.4,120.4,112.3,103.7,TT,O,,2021,5,1,3/28/2008,18.34628191,16.51963736,17.43395444,11.94805195,0,0,0,0,0,0,59.5,70.2,85,85.9,78.8,70.7,83.2,93.6,97,95,88.8,85.2,81.7,76.3,71.6,67,55.9,47.1,44.6,44.4,45.7,54,67.2,73.4,68,65.2,60.1,55.4,51.7,49.1,48.5,40.4,32.6,47.4,63.9,70.3,80.1,96.3,105.7,113.9,119.8,123.7,126.8,127.3,126.4,126.6,124.2,119.9,117.2,110.7,101.1,90,78.9,65.2,54.4,46.7,41,32.7,36.1,51.7,72.2,93.5,103,100.4,93.3,93.9,83,77.8,73.2,77.8,72.1,70.7,70.8,68.2,62.2,59,57.3,50.9,46,44.4,48.9,57.2,73.3,84.8,0,0,0,0,0,0,31.9,29.1,21.3,15.9,13.5,31.2,35.1,31.8,26.3,12.4,19.1,41.8,67.9,90.3,107.6,111.6,112.1,119.3,130.1,133.4,130.5,128.3,128.9,130.1,127.4,127.5,124.6,127.9,131.9,131.8,130.4,127.1,116.7,116.2,116.5,112,101.2,94.6,85.5,75.5,63.7,51.2,42.6,39.9,39.8,39.9,37.3,40.2,50.8,63.1,71.7,85,101.5,114.3,122.5,127.7,127.7,121.6,117.7,112.8,106.6,101.9,95.9,101,103.8,107.6,101.1,95.6,101.3,121,121,123.4,122.2,121.6,122.1,124.6,132,133.9,133.6,132.7,128.4,120.4,112.3,103.7,6324.7,7885,75.29404762,93.86904762,115,55,7,7
9,2,A,E,2,30.8,368,69,3,0,14,86,-73,1.5,0,0,0,90,2106,11,30,67.7,67,63,64.2,66,69.7,65.7,67,65.4,64.7,64.8,62.1,54.2,47.8,44.7,42.8,42.9,40.7,36.9,30.6,22.8,21,34.4,56.1,68.1,60.5,58.2,57.8,56.2,56,0,0,0,0,0,0,0,0,0,0,0,0,0,0,0,0,0,0,0,0,0,0,0,0,0,0,0,0,0,0,0,0,0,0,0,0,0,0,0,0,0,0,0,0,0,0,0,0,0,0,0,0,0,0,0,0,0,0,0,0,123.7,123.5,119.4,119.3,123.3,125.8,123.9,125,125.6,125.2,127.8,130.5,132.5,134.4,133.8,132.1,132.2,128.3,118.7,109.6,107.1,109.5,114.9,124.6,130.9,126.3,127,125,119.4,121.1,0,0,0,0,0,0,0,0,0,0,0,0,0,0,0,0,0,0,0,0,0,0,0,0,0,0,0,0,0,0,0,0,0,0,0,0,0,0,0,0,0,0,0,0,0,0,0,0,0,0,0,0,0,0,0,0,0,0,0,0,FS,O,,2021,6,1,3/28/2008,11.94805195,16.51963736,17.43395444,11.94805195,0,0,0,0,66,69.7,65.7,67,65.4,64.7,64.8,62.1,54.2,47.8,44.7,42.8,42.9,40.7,36.9,30.6,22.8,21,34.4,56.1,68.1,60.5,58.2,57.8,56.2,56,0,0,0,0,0,0,0,0,0,0,0,0,0,0,0,0,0,0,0,0,0,0,0,0,0,0,0,0,0,0,0,0,0,0,0,0,0,0,0,0,0,0,0,0,0,0,0,0,0,0,0,0,0,0,0,0,0,0,0,0,0,0,0,0,123.3,125.8,123.9,125,125.6,125.2,127.8,130.5,132.5,134.4,133.8,132.1,132.2,128.3,118.7,109.6,107.1,109.5,114.9,124.6,130.9,126.3,127,125,119.4,121.1,0,0,0,0,0,0,0,0,0,0,0,0,0,0,0,0,0,0,0,0,0,0,0,0,0,0,0,0,0,0,0,0,0,0,0,0,0,0,0,0,0,0,0,0,0,0,0,0,0,0,0,0,0,0,0,0,0,0,0,0,1357.1,3234.5,52.19615385,124.4038462,55,115,5,5
13,1,A,S,2,40.8,941,21,27,6,14,80,-82,1.5,1,0,0,90,2106,22,40,43.7,41,49.4,65.9,84.6,99.7,112.3,121.1,125.8,127.5,127.3,123.3,118.9,112.2,104.1,94.4,86.5,81.9,74.5,65.4,60,48.8,39.6,44.5,50.3,62.2,82,92.7,95.6,93.8,94,106.6,125.3,126.7,124.4,120.2,116.6,99.2,68.4,33.6,0,0,0,0,0,0,0,0,0,0,0,0,0,0,0,0,0,0,0,0,0,0,0,0,0,0,0,0,0,0,0,0,0,0,0,0,0,0,0,0,0,0,0,0,0,0,0,0,0,0,116.2,108.6,106.4,107.8,103.2,92.7,78.4,65.9,52.8,41.6,39.9,48.3,64.3,78,84.4,98.7,109,111.5,116,118.8,120.8,122.7,127,131.7,125.5,117.2,106.3,98.3,90.9,78.5,56.8,40.8,44.8,45.6,43,40.9,49.7,55,64.3,78.9,0,0,0,0,0,0,0,0,0,0,0,0,0,0,0,0,0,0,0,0,0,0,0,0,0,0,0,0,0,0,0,0,0,0,0,0,0,0,0,0,0,0,0,0,0,0,0,0,0,0,TT,O,,2021,1,1,3/27/2008,23.06372549,21.03586887,21.02226343,21.1038961,0,0,49.4,65.9,84.6,99.7,112.3,121.1,125.8,127.5,127.3,123.3,118.9,112.2,104.1,94.4,86.5,81.9,74.5,65.4,60,48.8,39.6,44.5,50.3,62.2,82,92.7,95.6,93.8,94,106.6,125.3,126.7,124.4,120.2,116.6,99.2,68.4,33.6,0,0,0,0,0,0,0,0,0,0,0,0,0,0,0,0,0,0,0,0,0,0,0,0,0,0,0,0,0,0,0,0,0,0,0,0,0,0,0,0,0,0,0,0,0,0,0,0,0,0,0,0,106.4,107.8,103.2,92.7,78.4,65.9,52.8,41.6,39.9,48.3,64.3,78,84.4,98.7,109,111.5,116,118.8,120.8,122.7,127,131.7,125.5,117.2,106.3,98.3,90.9,78.5,56.8,40.8,44.8,45.6,43,40.9,49.7,55,64.3,78.9,0,0,0,0,0,0,0,0,0,0,0,0,0,0,0,0,0,0,0,0,0,0,0,0,0,0,0,0,0,0,0,0,0,0,0,0,0,0,0,0,0,0,0,0,0,0,0,0,0,0,3459.3,3156.4,91.03421053,83.06315789,55,115,3,3
14,1,A,E,2,90.1,1937,17,27,9,22,69,86,1.5,0,0,0,90,2106,22,90,67.4,64.4,62.4,70,84.9,98,106.7,116.1,122.7,122.1,117.6,112.1,105.4,94.4,81.7,68.8,55.3,46.2,45.7,49.4,60.5,72,81.7,92,101.1,108.1,109.2,110,105.1,97.9,99.4,111.4,120.1,126.5,124.3,121.9,120.1,116.4,112.4,96,67.1,45.1,30.1,37.2,43.1,43.2,46.6,54.6,66.7,79,90.7,100.5,104.3,105.8,106.7,110.7,118.2,121.5,117.8,116.4,116.4,110.1,104.8,86.6,74.9,65,64.2,71.8,86.8,95.4,89.9,85.1,77.5,62.4,51.8,50.2,56.4,62.5,71.7,85.3,96.9,102.9,113,118.1,116.8,116,117.3,122.9,121.8,107.8,123.1,109.8,91.9,71.7,50.8,37.7,30.1,27.9,41.2,50.5,57.9,68.9,80.6,91.4,102.2,112.4,121.9,130.6,134.6,134.5,134.6,130.6,122.5,112.9,101,89.2,84,83.8,79.7,69.2,52.4,34.3,34.7,37.9,38.2,47.5,61.3,58.3,56.9,54.5,58.7,73,106,122.9,131.2,132.2,133.5,132.5,129.9,122.8,113.1,101.2,88,72.6,61.5,41.3,32.1,37.5,43.8,51.3,60.5,58.9,60.5,49.1,35,26.7,37.5,63.5,91.4,105.4,104.5,102.4,107.4,112,124,128.9,129.8,124.9,118.6,112,101.9,85.2,72.7,62.7,56.9,43.3,33.4,36.5,46,44.2,TT,O,,2021,2,1,3/27/2008,21.49833518,21.03586887,21.02226343,21.1038961,0,0,62.4,70,84.9,98,106.7,116.1,122.7,122.1,117.6,112.1,105.4,94.4,81.7,68.8,55.3,46.2,45.7,49.4,60.5,72,81.7,92,101.1,108.1,109.2,110,105.1,97.9,99.4,111.4,120.1,126.5,124.3,121.9,120.1,116.4,112.4,96,67.1,45.1,30.1,37.2,43.1,43.2,46.6,54.6,66.7,79,90.7,100.5,104.3,105.8,106.7,110.7,118.2,121.5,117.8,116.4,116.4,110.1,104.8,86.6,74.9,65,64.2,71.8,86.8,95.4,89.9,85.1,77.5,62.4,51.8,50.2,56.4,62.5,71.7,85.3,96.9,102.9,113,118.1,116.8,116,117.3,122.9,121.8,107.8,0,0,91.9,71.7,50.8,37.7,30.1,27.9,41.2,50.5,57.9,68.9,80.6,91.4,102.2,112.4,121.9,130.6,134.6,134.5,134.6,130.6,122.5,112.9,101,89.2,84,83.8,79.7,69.2,52.4,34.3,34.7,37.9,38.2,47.5,61.3,58.3,56.9,54.5,58.7,73,106,122.9,131.2,132.2,133.5,132.5,129.9,122.8,113.1,101.2,88,72.6,61.5,41.3,32.1,37.5,43.8,51.3,60.5,58.9,60.5,49.1,35,26.7,37.5,63.5,91.4,105.4,104.5,102.4,107.4,112,124,128.9,129.8,124.9,118.6,112,101.9,85.2,72.7,62.7,56.9,43.3,33.4,36.5,46,44.2,7953.2,7041.2,90.37727273,80.01363636,55,115,3,3
15,1,A,N,2,90.1,1739,11,42,27,42,31,-6,1.5,0,2,0,90,2106,22,90,112.2,106.7,93,77.1,81.6,91.7,91.9,93.9,99.4,107.9,113.2,119.3,119.2,113.3,101.4,85.5,70,44.7,37.4,41.3,59.3,83.7,100.4,99.4,99.9,101.4,99.8,87.8,69.9,53,42.8,46.3,58.6,61,63.6,60.5,56.3,53.4,51.9,60,85,108.7,125.5,123.1,122.9,122.9,121.8,116.1,107.1,93.7,63.6,46.2,21.9,26.5,48,48.4,49.3,50,51.3,53.5,56.8,68.2,87.2,109.7,118.8,118.8,120.8,117.5,118.2,114.6,110.7,108.9,93.1,67,47.8,43,59.2,79.1,80,82.2,85.1,84,83.8,93.6,107.1,111.9,114.3,110.7,100.7,87,55.8,53.8,52,62.1,99.5,112.8,110.3,100.4,86.5,71.6,58.4,44.3,33.5,24.5,20.6,26.5,38.4,51.2,52.8,63.1,79.8,94.2,99.5,90.4,77.3,70.1,57.4,41,40.2,58.2,82.3,109.6,128.4,128.7,126.9,115.8,103.2,87.9,67.8,39.1,9.4,19.5,36.6,35.5,38.8,45.4,52,47.3,44.6,47.7,60.3,69.2,95.5,115.4,133.1,128.9,122.1,113,105.4,96.6,83.1,66.7,55.8,56.8,61.4,56.8,51.2,42.1,35.9,26.6,28.3,31.7,28.1,28.7,44.2,69.2,98.2,118.1,119.7,118.1,111.5,99.6,80.6,62.9,54.4,53.9,47.1,32.9,16.1,9,TT,O,,2021,3,1,3/27/2008,19.30077691,21.03586887,21.02226343,21.1038961,0,0,0,0,81.6,91.7,91.9,93.9,99.4,107.9,113.2,119.3,119.2,113.3,101.4,85.5,70,44.7,37.4,41.3,59.3,83.7,100.4,99.4,99.9,101.4,99.8,87.8,69.9,53,42.8,46.3,58.6,61,63.6,60.5,56.3,53.4,51.9,60,85,108.7,125.5,123.1,122.9,122.9,121.8,116.1,107.1,93.7,63.6,46.2,21.9,26.5,48,48.4,49.3,50,51.3,53.5,56.8,68.2,87.2,109.7,118.8,118.8,120.8,117.5,118.2,114.6,110.7,108.9,93.1,67,47.8,43,59.2,79.1,80,82.2,85.1,84,83.8,93.6,107.1,111.9,114.3,110.7,100.7,87,0,0,0,0,99.5,112.8,110.3,100.4,86.5,71.6,58.4,44.3,33.5,24.5,20.6,26.5,38.4,51.2,52.8,63.1,79.8,94.2,99.5,90.4,77.3,70.1,57.4,41,40.2,58.2,82.3,109.6,128.4,128.7,126.9,115.8,103.2,87.9,67.8,39.1,9.4,19.5,36.6,35.5,38.8,45.4,52,47.3,44.6,47.7,60.3,69.2,95.5,115.4,133.1,128.9,122.1,113,105.4,96.6,83.1,66.7,55.8,56.8,61.4,56.8,51.2,42.1,35.9,26.6,28.3,31.7,28.1,28.7,44.2,69.2,98.2,118.1,119.7,118.1,111.5,99.6,80.6,62.9,54.4,53.9,47.1,32.9,16.1,9,7186,5897.2,83.55813953,68.57209302,115,55,5,5
10,2,A,N,2,66.3,1366,18,38,29,32,39,38,1.5,1,1,0,90,2106,22,66,111.2,105.3,89.4,79.5,88.1,88.5,89.6,87.4,83.3,79.5,70.5,47.6,53.5,74.8,99.9,114.7,113.6,110.5,107.7,106.3,107.2,111.4,118.2,123.3,122.2,115.2,105.3,90.8,74.8,50.5,39.8,45.3,52.9,65,70,68.9,67.8,70.6,80.9,98.8,115.5,113.8,111.3,108.1,106.4,99.7,82.5,61.8,38.7,31.7,46.8,53.3,49.4,54.1,66.8,74.2,83.2,94.3,99.7,98.8,99,97,89,71.8,48.6,17,0,0,0,0,0,0,0,0,0,0,0,0,0,0,0,0,0,0,0,0,0,0,0,0,56.9,51.3,33.1,52.9,45.1,42.4,32.3,20.3,13.2,11.2,19.5,45.4,57.9,64.9,70.7,73.7,74.5,75.8,71.1,64.3,51.9,33.5,30.2,43.8,52.2,57.7,68.4,82.7,95,109.4,123.4,133.5,132.6,131.5,129.7,125.9,116,100.2,83.9,71.4,66.8,63.1,54.6,36.3,22.1,11.5,8.5,28.9,59.3,87.6,115.8,123.9,117.1,123.6,129.1,122.5,112.8,103,93.2,80.2,72.6,56.3,36.8,28.2,41.6,75.2,0,0,0,0,0,0,0,0,0,0,0,0,0,0,0,0,0,0,0,0,0,0,0,0,TT,O,,2021,4,1,3/28/2008,20.60331825,21.03586887,21.02226343,21.1038961,0,0,0,0,88.1,88.5,89.6,87.4,83.3,79.5,70.5,47.6,53.5,74.8,99.9,114.7,113.6,110.5,107.7,106.3,107.2,111.4,118.2,123.3,122.2,115.2,105.3,90.8,74.8,50.5,39.8,45.3,52.9,65,70,68.9,67.8,70.6,80.9,98.8,115.5,113.8,111.3,108.1,106.4,99.7,82.5,61.8,38.7,31.7,46.8,53.3,49.4,54.1,66.8,74.2,83.2,94.3,99.7,98.8,99,97,89,71.8,48.6,17,0,0,0,0,0,0,0,0,0,0,0,0,0,0,0,0,0,0,0,0,0,0,0,0,0,0,0,0,45.1,42.4,32.3,20.3,13.2,11.2,19.5,45.4,57.9,64.9,70.7,73.7,74.5,75.8,71.1,64.3,51.9,33.5,30.2,43.8,52.2,57.7,68.4,82.7,95,109.4,123.4,133.5,132.6,131.5,129.7,125.9,116,100.2,83.9,71.4,66.8,63.1,54.6,36.3,22.1,11.5,8.5,28.9,59.3,87.6,115.8,123.9,117.1,123.6,129.1,122.5,112.8,103,93.2,80.2,72.6,56.3,36.8,28.2,41.6,75.2,0,0,0,0,0,0,0,0,0,0,0,0,0,0,0,0,0,0,0,0,0,0,0,0,5106.9,4425.8,82.36935484,71.38387097,115,55,5,5
11,2,A,W,2,18.6,384,9,56,28,52,20,-16,1.5,1,1,0,90,2106,22,18,111.1,98.7,86.8,88.9,98.8,114.7,120.8,119,117.5,116.8,112.3,109.5,107.6,98.5,82,58.6,34.2,8.9,0,0,0,0,0,0,0,0,0,0,0,0,0,0,0,0,0,0,0,0,0,0,0,0,0,0,0,0,0,0,0,0,0,0,0,0,0,0,0,0,0,0,0,0,0,0,0,0,0,0,0,0,0,0,0,0,0,0,0,0,0,0,0,0,0,0,0,0,0,0,0,0,57.8,45.8,22.4,7,24.7,46.9,52.6,48,42.6,32.1,24.6,31.6,48.4,63.2,76.6,77.5,76.6,84.5,0,0,0,0,0,0,0,0,0,0,0,0,0,0,0,0,0,0,0,0,0,0,0,0,0,0,0,0,0,0,0,0,0,0,0,0,0,0,0,0,0,0,0,0,0,0,0,0,0,0,0,0,0,0,0,0,0,0,0,0,0,0,0,0,0,0,0,0,0,0,0,0,TT,O,,2021,5,1,3/28/2008,20.64516129,21.03586887,21.02226343,21.1038961,0,0,0,0,98.8,114.7,120.8,119,117.5,116.8,112.3,109.5,107.6,98.5,82,58.6,34.2,8.9,0,0,0,0,0,0,0,0,0,0,0,0,0,0,0,0,0,0,0,0,0,0,0,0,0,0,0,0,0,0,0,0,0,0,0,0,0,0,0,0,0,0,0,0,0,0,0,0,0,0,0,0,0,0,0,0,0,0,0,0,0,0,0,0,0,0,0,0,0,0,0,0,0,0,0,0,24.7,46.9,52.6,48,42.6,32.1,24.6,31.6,48.4,63.2,76.6,77.5,76.6,84.5,0,0,0,0,0,0,0,0,0,0,0,0,0,0,0,0,0,0,0,0,0,0,0,0,0,0,0,0,0,0,0,0,0,0,0,0,0,0,0,0,0,0,0,0,0,0,0,0,0,0,0,0,0,0,0,0,0,0,0,0,0,0,0,0,0,0,0,0,0,0,0,0,1299.2,729.9,92.8,52.13571429,115,55,5,5
12,2,A,E,2,30.8,650,13,38,31,59,10,66,1.5,0,1,0,90,2106,22,30,68.1,63.4,65.5,74.4,90.8,108.7,115.3,116.2,108.4,89.9,69.2,49,32.1,29,20.6,22.1,38.6,56.4,69.1,85,101.6,107.2,109.9,109.4,108.1,106.3,92.4,74.7,68.5,77.2,0,0,0,0,0,0,0,0,0,0,0,0,0,0,0,0,0,0,0,0,0,0,0,0,0,0,0,0,0,0,0,0,0,0,0,0,0,0,0,0,0,0,0,0,0,0,0,0,0,0,0,0,0,0,0,0,0,0,0,0,118,101.8,84,63.4,45.8,41,40.6,36.6,25.3,9.8,20.8,46,74,94.8,106.4,108.8,112.2,108.7,98.4,90.4,88.2,77,69,59.3,41.1,27.4,13.5,28.3,52.8,71.4,0,0,0,0,0,0,0,0,0,0,0,0,0,0,0,0,0,0,0,0,0,0,0,0,0,0,0,0,0,0,0,0,0,0,0,0,0,0,0,0,0,0,0,0,0,0,0,0,0,0,0,0,0,0,0,0,0,0,0,0,FS,O,,2021,6,1,3/28/2008,21.1038961,21.03586887,21.02226343,21.1038961,0,0,65.5,74.4,90.8,108.7,115.3,116.2,108.4,89.9,69.2,49,32.1,29,20.6,22.1,38.6,56.4,69.1,85,101.6,107.2,109.9,109.4,108.1,106.3,92.4,74.7,68.5,77.2,0,0,0,0,0,0,0,0,0,0,0,0,0,0,0,0,0,0,0,0,0,0,0,0,0,0,0,0,0,0,0,0,0,0,0,0,0,0,0,0,0,0,0,0,0,0,0,0,0,0,0,0,0,0,0,0,0,0,0,0,0,0,84,63.4,45.8,41,40.6,36.6,25.3,9.8,20.8,46,74,94.8,106.4,108.8,112.2,108.7,98.4,90.4,88.2,77,69,59.3,41.1,27.4,13.5,28.3,52.8,71.4,0,0,0,0,0,0,0,0,0,0,0,0,0,0,0,0,0,0,0,0,0,0,0,0,0,0,0,0,0,0,0,0,0,0,0,0,0,0,0,0,0,0,0,0,0,0,0,0,0,0,0,0,0,0,0,0,0,0,0,0,2195.6,1735,78.41428571,61.96428571,55,115,3,3
19,1,A,S,2,10.1,175,100,0,14,46,40,28,1.5,1,0,0,90,2106,24,10,51.5,47.7,45.3,31.7,19.6,32.8,45.4,44.8,13.2,3,0,0,0,0,0,0,0,0,0,0,0,0,0,0,0,0,0,0,0,0,0,0,0,0,0,0,0,0,0,0,0,0,0,0,0,0,0,0,0,0,0,0,0,0,0,0,0,0,0,0,0,0,0,0,0,0,0,0,0,0,0,0,0,0,0,0,0,0,0,0,0,0,0,0,0,0,0,0,0,0,115.7,111.1,112.3,109.4,106,118.3,131,129,102.2,90.4,0,0,0,0,0,0,0,0,0,0,0,0,0,0,0,0,0,0,0,0,0,0,0,0,0,0,0,0,0,0,0,0,0,0,0,0,0,0,0,0,0,0,0,0,0,0,0,0,0,0,0,0,0,0,0,0,0,0,0,0,0,0,0,0,0,0,0,0,0,0,0,0,0,0,0,0,0,0,0,0,TT,O,,2021,1,1,3/27/2008,17.32673267,25.73314819,25.8538038,25.12987013,0,47.7,45.3,31.7,19.6,32.8,45.4,44.8,13.2,3,0,0,0,0,0,0,0,0,0,0,0,0,0,0,0,0,0,0,0,0,0,0,0,0,0,0,0,0,0,0,0,0,0,0,0,0,0,0,0,0,0,0,0,0,0,0,0,0,0,0,0,0,0,0,0,0,0,0,0,0,0,0,0,0,0,0,0,0,0,0,0,0,0,0,0,0,0,0,0,0,0,111.1,112.3,109.4,106,118.3,131,129,102.2,90.4,0,0,0,0,0,0,0,0,0,0,0,0,0,0,0,0,0,0,0,0,0,0,0,0,0,0,0,0,0,0,0,0,0,0,0,0,0,0,0,0,0,0,0,0,0,0,0,0,0,0,0,0,0,0,0,0,0,0,0,0,0,0,0,0,0,0,0,0,0,0,0,0,0,0,0,0,0,0,0,0,283.5,1009.7,31.5,112.1888889,55,115,2,2
20,1,A,E,2,90.1,2740,23,25,0,17,83,69,1.5,0,0,0,90,2106,24,90,67.6,74.1,102.5,105.9,96.6,77.7,49.1,43,44.2,61,85.4,109.7,117.8,116.2,119,118.2,109.9,93.5,72.5,51.5,50.2,45.2,45.3,53.5,72.1,91.3,109.5,117.7,125.5,125.9,121.7,116,105.7,93,81.3,66.2,50.6,43.8,47.4,57.9,65.2,71.3,79.9,101,120.3,123.3,125.7,125.2,119.5,107.6,98.8,89.2,79.9,63.4,46.6,44.8,51.7,65,71.7,81.4,102.3,116,119.3,126.5,119.9,121.7,109.6,104.6,94.8,86.7,86.4,89.9,90.5,102.6,116.7,117.3,126.1,126.5,122.6,117,107.7,95.2,80.6,69,60.7,50.2,45,45.1,44.6,42,113.2,92.2,88.4,89.6,92.9,102.5,113,130.7,129.4,116.6,96.3,79.6,59,33,38.1,50.5,56.6,79.3,101.7,117.9,132.8,132.1,132,124.9,113,96.9,80.4,61.3,46.6,37.6,44.2,64.3,86.8,101.3,115.5,126.9,131.6,132.5,129.7,122.2,115.1,104.7,88.3,71.4,62.5,44.8,37.5,42,50.6,66.1,85.5,106,112.2,123,130.5,131.9,124.7,116.7,109.5,92.9,79.3,69.1,51.3,41.6,33.5,49.2,57.2,87.4,92.5,111,116.1,109.8,93.4,76.5,66.5,51.5,40,40.3,49.8,65.9,80.9,94.3,106.3,114.6,119.5,127.8,133.1,134,133.4,131.2,TT,O,,2021,2,1,3/27/2008,30.41065483,25.73314819,25.8538038,25.12987013,0,74.1,102.5,105.9,96.6,77.7,49.1,43,44.2,61,85.4,109.7,117.8,116.2,119,118.2,109.9,93.5,72.5,51.5,50.2,45.2,45.3,53.5,72.1,91.3,109.5,117.7,125.5,125.9,121.7,116,105.7,93,81.3,66.2,50.6,43.8,47.4,57.9,65.2,71.3,79.9,101,120.3,123.3,125.7,125.2,119.5,107.6,98.8,89.2,79.9,63.4,46.6,44.8,51.7,65,71.7,81.4,102.3,116,119.3,126.5,119.9,121.7,109.6,104.6,94.8,86.7,86.4,89.9,90.5,102.6,116.7,117.3,126.1,126.5,122.6,117,107.7,95.2,80.6,69,60.7,50.2,45,45.1,44.6,42,0,92.2,88.4,89.6,92.9,102.5,113,130.7,129.4,116.6,96.3,79.6,59,33,38.1,50.5,56.6,79.3,101.7,117.9,132.8,132.1,132,124.9,113,96.9,80.4,61.3,46.6,37.6,44.2,64.3,86.8,101.3,115.5,126.9,131.6,132.5,129.7,122.2,115.1,104.7,88.3,71.4,62.5,44.8,37.5,42,50.6,66.1,85.5,106,112.2,123,130.5,131.9,124.7,116.7,109.5,92.9,79.3,69.1,51.3,41.6,33.5,49.2,57.2,87.4,92.5,111,116.1,109.8,93.4,76.5,66.5,51.5,40,40.3,49.8,65.9,80.9,94.3,106.3,114.6,119.5,127.8,133.1,134,133.4,131.2,7836.2,8052.8,88.04719101,90.48089888,55,115,2,2
21,1,A,N,2,90.1,2285,23,27,5,15,80,3,1.5,0,0,0,90,2106,24,90,112.9,107,84.9,52.1,25.8,45.8,67.4,62,59.6,76.7,106.9,127.8,122.5,111.8,110.1,98.1,84.8,75.1,63.8,50.7,42.8,50.6,68,90,107,115.8,120.3,126.1,116.7,110.7,118.2,111,99.2,91.2,98,90.8,81.6,70.2,63.7,58.6,52.7,42.7,33.4,56.2,77.4,98.6,107.7,119.7,126,126.9,125.9,125,117.1,113.6,117.9,110.5,104.8,102.4,98.9,94,94.6,97.7,108.4,113.2,117.6,121.8,123,126.3,124,120,111,103.3,91.4,79.4,67.1,56.5,52.4,55.6,57.2,61,56.4,50.2,45.1,47.7,59.3,75.3,87,98.1,108.5,113.4,62.1,59.4,46.4,52,70.9,99.4,114.5,101.3,72.6,35.4,22,38.5,35,42.1,70.6,88.1,107.2,120.5,126.9,127.3,130.9,124.4,110.5,95.2,81.6,66.2,44.6,39,30.2,44.9,64.6,62.3,64.3,82.6,102.4,103.2,105,122.8,129.4,128,125.1,123,118.9,117.4,104.7,91,77.5,62.2,48.3,40.2,38.4,36.9,30.1,42.3,64.5,73.5,91.1,97.1,101.1,106.8,104,92,85.3,72.6,60.4,48.3,36.6,39.2,47.7,57.8,69.2,83.4,97,107.5,114.2,123.8,126.6,125.7,121.6,119.5,119,124.4,130.9,134.9,133.4,127,114,102.4,86,68.2,TT,O,,2021,3,1,3/27/2008,25.36071032,25.73314819,25.8538038,25.12987013,0,0,0,52.1,25.8,45.8,67.4,62,59.6,76.7,106.9,127.8,122.5,111.8,110.1,98.1,84.8,75.1,63.8,50.7,42.8,50.6,68,90,107,115.8,120.3,126.1,116.7,110.7,118.2,111,99.2,91.2,98,90.8,81.6,70.2,63.7,58.6,52.7,42.7,33.4,56.2,77.4,98.6,107.7,119.7,126,126.9,125.9,125,117.1,113.6,117.9,110.5,104.8,102.4,98.9,94,94.6,97.7,108.4,113.2,117.6,121.8,123,126.3,124,120,111,103.3,91.4,79.4,67.1,56.5,52.4,55.6,57.2,61,56.4,50.2,45.1,47.7,59.3,75.3,87,98.1,108.5,113.4,0,0,0,52,70.9,99.4,114.5,101.3,72.6,35.4,22,38.5,35,42.1,70.6,88.1,107.2,120.5,126.9,127.3,130.9,124.4,110.5,95.2,81.6,66.2,44.6,39,30.2,44.9,64.6,62.3,64.3,82.6,102.4,103.2,105,122.8,129.4,128,125.1,123,118.9,117.4,104.7,91,77.5,62.2,48.3,40.2,38.4,36.9,30.1,42.3,64.5,73.5,91.1,97.1,101.1,106.8,104,92,85.3,72.6,60.4,48.3,36.6,39.2,47.7,57.8,69.2,83.4,97,107.5,114.2,123.8,126.6,125.7,121.6,119.5,119,124.4,130.9,134.9,133.4,127,114,102.4,86,68.2,7745.4,7519.1,89.02758621,86.42643678,115,55,4,4
16,2,A,N,2,90.1,2720,20,26,12,27,61,-50,1.5,1,2,0,90,2106,24,90,109.6,100.9,75.7,54.2,71.7,116.2,123.1,118.2,114.9,114.5,117.6,110.5,101.8,97.1,88.1,75.8,63,47.1,43.4,42.5,54.5,70.3,85.5,106.8,110,114.3,116,113.9,108.4,110.3,104.8,92.2,66.8,45.5,48.1,39.4,46.5,58.8,72.5,90,102.6,121.3,121.2,111.4,92,71.3,58,55.6,50.4,34,35.1,60.2,86.3,92.3,77.2,60.3,47.3,45,49.2,61.5,76.1,89.1,96.6,111,114.4,121.4,120.8,123.4,125.3,121.4,112.2,104.8,93.1,83.2,72.1,70.3,73.1,76.6,79.5,80.8,78.7,80.4,80.1,74,62.5,28.5,14.4,50.9,88.8,119.6,67.3,72.7,65.1,47.5,35.1,51.6,51.4,38.5,26.9,40.3,62.3,64.6,86.2,94.8,100.5,114.7,126.6,130.7,132.5,128.3,119.2,101.6,83.2,81.2,70.2,52.8,33.1,29.2,47,75.2,79.7,89.8,93.1,111.8,132,126.8,123.2,120.7,105.7,84.4,61.6,53.9,47.2,28.8,9.9,38.5,72.1,107.5,129.9,122.2,102.7,82.1,85.6,93.8,92.8,104.1,120.8,132.6,134.8,131.7,123.4,111.3,90.5,77.4,59.7,49.7,38.5,35,45.4,53.3,67,82.5,93.8,104.6,112.1,108.6,97.1,77.7,49.3,14,35.6,68,93.5,120.3,124.1,106.7,76.9,47.3,34.5,47.2,TT,O,,2021,4,1,3/28/2008,30.18867925,25.73314819,25.8538038,25.12987013,0,0,0,54.2,71.7,116.2,123.1,118.2,114.9,114.5,117.6,110.5,101.8,97.1,88.1,75.8,63,47.1,43.4,42.5,54.5,70.3,85.5,106.8,110,114.3,116,113.9,108.4,110.3,104.8,92.2,66.8,45.5,48.1,39.4,46.5,58.8,72.5,90,102.6,121.3,121.2,111.4,92,71.3,58,55.6,50.4,34,35.1,60.2,86.3,92.3,77.2,60.3,47.3,45,49.2,61.5,76.1,89.1,96.6,111,114.4,121.4,120.8,123.4,125.3,121.4,112.2,104.8,93.1,83.2,72.1,70.3,73.1,76.6,79.5,80.8,78.7,80.4,80.1,74,62.5,28.5,14.4,50.9,88.8,119.6,0,0,0,47.5,35.1,51.6,51.4,38.5,26.9,40.3,62.3,64.6,86.2,94.8,100.5,114.7,126.6,130.7,132.5,128.3,119.2,101.6,83.2,81.2,70.2,52.8,33.1,29.2,47,75.2,79.7,89.8,93.1,111.8,132,126.8,123.2,120.7,105.7,84.4,61.6,53.9,47.2,28.8,9.9,38.5,72.1,107.5,129.9,122.2,102.7,82.1,85.6,93.8,92.8,104.1,120.8,132.6,134.8,131.7,123.4,111.3,90.5,77.4,59.7,49.7,38.5,35,45.4,53.3,67,82.5,93.8,104.6,112.1,108.6,97.1,77.7,49.3,14,35.6,68,93.5,120.3,124.1,106.7,76.9,47.3,34.5,47.2,7209.6,7090,82.86896552,81.49425287,115,55,4,4
17,2,A,W,2,90.1,2341,28,29,13,43,44,-63,1.5,0,1,0,90,2106,24,90,109.7,98.3,84,51,24.1,36.5,41,36,51.9,65.5,65.7,72.7,91.1,107.3,119.7,119.4,111.6,100.2,84.2,65.6,55.2,48.1,43.2,40.7,52.7,60.2,73.6,84.6,89.5,104.5,110.1,101.7,98.6,108.5,125.3,121.8,110.9,107.7,104.3,93.1,70,43.9,30.3,43.6,43,43.4,59,79,107.1,115.9,111.6,108.7,107.4,102.5,94.7,82.2,62.5,50,39.6,34.8,19,26.6,52.4,82.2,95.1,84,73.6,60.8,61.6,61.2,57.3,42.5,12.2,21.6,50.7,85.9,114,125.8,125.9,120.3,109.9,101.3,90.1,71.3,72.8,90.8,90.4,78.6,71.7,55.1,41.3,15.5,8.2,43.3,83.6,121.4,129.8,119.7,115.9,114.5,99.8,81.5,54.6,35.1,32,36.6,46.2,58.7,80.7,100.3,121.8,132.3,131.3,126.6,123.8,115.1,106.8,100.6,85.1,78.1,76.3,53.8,30,20.8,40.4,40.3,45,72.2,86.3,90.4,97.9,109.4,117.6,130.1,123.1,108.4,81.8,65.6,65,70.6,57.8,31.9,20.2,32.9,52,64.5,80.7,94.9,111.3,116.5,101.7,90.2,81.6,90.4,105.1,104.6,104.4,112.7,125,127.1,127.5,122.7,96.6,72.9,43.4,15.9,25.5,38,44.1,38.1,22.6,14.6,21.8,56,87.9,113.5,113.2,113.1,118.1,124.3,TT,O,,2021,5,1,3/28/2008,25.98224195,25.73314819,25.8538038,25.12987013,0,0,0,51,24.1,36.5,41,36,51.9,65.5,65.7,72.7,91.1,107.3,119.7,119.4,111.6,100.2,84.2,65.6,55.2,48.1,43.2,40.7,52.7,60.2,73.6,84.6,89.5,104.5,110.1,101.7,98.6,108.5,125.3,121.8,110.9,107.7,104.3,93.1,70,43.9,30.3,43.6,43,43.4,59,79,107.1,115.9,111.6,108.7,107.4,102.5,94.7,82.2,62.5,50,39.6,34.8,19,26.6,52.4,82.2,95.1,84,73.6,60.8,61.6,61.2,57.3,42.5,12.2,21.6,50.7,85.9,114,125.8,125.9,120.3,109.9,101.3,90.1,71.3,72.8,90.8,90.4,78.6,71.7,55.1,0,0,0,43.3,83.6,121.4,129.8,119.7,115.9,114.5,99.8,81.5,54.6,35.1,32,36.6,46.2,58.7,80.7,100.3,121.8,132.3,131.3,126.6,123.8,115.1,106.8,100.6,85.1,78.1,76.3,53.8,30,20.8,40.4,40.3,45,72.2,86.3,90.4,97.9,109.4,117.6,130.1,123.1,108.4,81.8,65.6,65,70.6,57.8,31.9,20.2,32.9,52,64.5,80.7,94.9,111.3,116.5,101.7,90.2,81.6,90.4,105.1,104.6,104.4,112.7,125,127.1,127.5,122.7,96.6,72.9,43.4,15.9,25.5,38,44.1,38.1,22.6,14.6,21.8,56,87.9,113.5,113.2,113.1,118.1,124.3,6611.7,7115.5,75.99655172,81.78735632,115,55,4,4
18,2,A,E,2,30.8,774,27,26,4,30,66,-33,1.5,0,0,0,90,2106,24,30,55.1,43.9,22.6,28.8,62.6,94.5,109.8,107.4,109.3,114,122.3,122.3,113.7,104.2,89.2,74.6,67.2,55.6,41.5,40.7,47.4,52,74.8,88.8,99.6,108.6,115.8,120.8,123.6,125.7,0,0,0,0,0,0,0,0,0,0,0,0,0,0,0,0,0,0,0,0,0,0,0,0,0,0,0,0,0,0,0,0,0,0,0,0,0,0,0,0,0,0,0,0,0,0,0,0,0,0,0,0,0,0,0,0,0,0,0,0,122.9,120.2,109.2,88.4,76.9,77.1,77.4,62,44.6,28.9,35,41.6,45.1,55,69.6,97,117.9,126,126,129.1,129.8,120.4,111.9,103.4,93.7,83.5,72.5,62.7,55.1,51,0,0,0,0,0,0,0,0,0,0,0,0,0,0,0,0,0,0,0,0,0,0,0,0,0,0,0,0,0,0,0,0,0,0,0,0,0,0,0,0,0,0,0,0,0,0,0,0,0,0,0,0,0,0,0,0,0,0,0,0,FS,O,,2021,6,1,3/28/2008,25.12987013,25.73314819,25.8538038,25.12987013,0,43.9,22.6,28.8,62.6,94.5,109.8,107.4,109.3,114,122.3,122.3,113.7,104.2,89.2,74.6,67.2,55.6,41.5,40.7,47.4,52,74.8,88.8,99.6,108.6,115.8,120.8,123.6,125.7,0,0,0,0,0,0,0,0,0,0,0,0,0,0,0,0,0,0,0,0,0,0,0,0,0,0,0,0,0,0,0,0,0,0,0,0,0,0,0,0,0,0,0,0,0,0,0,0,0,0,0,0,0,0,0,0,0,0,0,0,0,120.2,109.2,88.4,76.9,77.1,77.4,62,44.6,28.9,35,41.6,45.1,55,69.6,97,117.9,126,126,129.1,129.8,120.4,111.9,103.4,93.7,83.5,72.5,62.7,55.1,51,0,0,0,0,0,0,0,0,0,0,0,0,0,0,0,0,0,0,0,0,0,0,0,0,0,0,0,0,0,0,0,0,0,0,0,0,0,0,0,0,0,0,0,0,0,0,0,0,0,0,0,0,0,0,0,0,0,0,0,0,2481.3,2411,85.56206897,83.13793103,55,115,2,2
22,1,A,S,2,90.1,2092,35,29,19,25,56,-69,1.5,0,1,0,90,2106,29,90,51.3,51.7,50.7,43,32.5,27.3,32.8,42.8,50,44.1,38.3,57.5,71.4,67.4,53.6,39.7,44.8,56.1,70.7,84,94.2,95.9,105.6,116.5,119.2,124.3,124.6,120.3,113.8,102.1,88.6,75,61.6,47.5,37.5,39.8,50,49.6,38.3,16,22.6,51.2,79.1,103,110.4,102.7,85.5,72.1,57.3,41.5,47.4,63.7,58.8,46.5,41.6,52.5,55.1,57.2,55,47.4,45.6,47.6,50.3,47.4,44,60,86.3,97.9,97.3,96.7,109.1,126.2,126.9,122.2,114.1,105.2,91.2,70.5,50.5,38.8,55.4,82.6,100.9,103.7,109.8,122.2,124.6,127.1,124,111.7,118.5,117.8,109.8,88.1,68.8,66,80.3,111.1,131.6,130.9,120.1,113.1,111.9,112.3,113.9,120.2,133.2,133.7,128,119.3,109.6,88.8,67.7,53.9,39.2,35.8,42.8,54.4,68.4,84.6,97.1,108.2,116.1,122.8,125.3,127,132.6,132.2,123.8,98.9,70.9,44.3,19.1,16.2,26.5,23,16.1,18.3,34.5,57.8,78.3,83.1,75,83.2,104.2,123.2,119.9,115.9,119.3,124.8,133.2,135.4,130.7,116.7,96.2,80.4,87.3,83,70.6,48.5,33.5,40.2,40.7,41.7,43.6,46,40.8,34.6,40.6,62.2,80.7,89.8,90.7,78.8,65.4,57.9,45.4,40.6,36.9,22.8,TT,O,,2021,1,1,3/27/2008,23.21864595,20.36018009,20.80355161,18.14332248,0,0,50.7,43,32.5,27.3,32.8,42.8,50,44.1,38.3,57.5,71.4,67.4,53.6,39.7,44.8,56.1,70.7,84,94.2,95.9,105.6,116.5,119.2,124.3,124.6,120.3,113.8,102.1,88.6,75,61.6,47.5,37.5,39.8,50,49.6,38.3,16,22.6,51.2,79.1,103,110.4,102.7,85.5,72.1,57.3,41.5,47.4,63.7,58.8,46.5,41.6,52.5,55.1,57.2,55,47.4,45.6,47.6,50.3,47.4,44,60,86.3,97.9,97.3,96.7,109.1,126.2,126.9,122.2,114.1,105.2,91.2,70.5,50.5,38.8,55.4,82.6,100.9,103.7,109.8,122.2,124.6,127.1,124,111.7,0,0,109.8,88.1,68.8,66,80.3,111.1,131.6,130.9,120.1,113.1,111.9,112.3,113.9,120.2,133.2,133.7,128,119.3,109.6,88.8,67.7,53.9,39.2,35.8,42.8,54.4,68.4,84.6,97.1,108.2,116.1,122.8,125.3,127,132.6,132.2,123.8,98.9,70.9,44.3,19.1,16.2,26.5,23,16.1,18.3,34.5,57.8,78.3,83.1,75,83.2,104.2,123.2,119.9,115.9,119.3,124.8,133.2,135.4,130.7,116.7,96.2,80.4,87.3,83,70.6,48.5,33.5,40.2,40.7,41.7,43.6,46,40.8,34.6,40.6,62.2,80.7,89.8,90.7,78.8,65.4,57.9,45.4,40.6,36.9,22.8,6467.5,7190,73.49431818,81.70454545,55,115,3,3
23,1,A,E,2,90.1,1709,25,33,15,24,61,75,1.5,1,0,0,90,2106,29,90,67.8,67.2,67.3,68.6,74.5,69.5,55.6,41.8,48.6,76.8,104.2,124.1,125.8,120.1,115.2,108.7,102.2,85.4,61.4,60.2,71.7,64.9,53.7,44.6,45,45.7,41.7,35.9,28.4,19.4,11,20.1,36,49.1,44.2,39.9,43.7,49.5,55.9,62.9,70.1,80.6,95.7,111.9,120.7,119.5,118.3,114.7,110.1,106.5,114.3,119.5,116.9,116.8,110.2,106.4,108.5,114.7,123.6,120.1,113.6,109.4,102,87.7,77.1,65.9,52.8,49.3,50.7,48,54.1,62.1,74.4,80.7,76.9,59.3,35.8,16.9,30.4,54.9,75.9,96,105,111.3,118.4,123.5,125,122.6,123.2,120.4,126.4,125.6,125.8,126.4,125.5,115.9,98,70.9,42.6,24.8,26.8,37.5,39.3,38.8,42.1,53,57.9,58.6,70.2,94.6,110.5,111.3,113.6,118,123,127.2,126.9,119.4,109.4,93.3,83,93.5,113.6,131.8,130.9,128.9,128,122.1,117.4,109.4,98.1,83.3,66.5,57.4,56.8,50.5,39.3,27.3,23.7,37.2,55.1,59.8,61.9,59.1,51.6,40.9,29,26.4,42.6,53.2,64.9,75.5,83.8,96.4,108.1,114.6,119,125.9,121,108.1,87.8,67,44.8,19.8,13.3,33.5,55.9,77.3,87.9,89,89.5,86.8,76.5,64.4,55.7,49.8,43,34.9,35.5,41.5,TT,O,,2021,2,1,3/27/2008,18.96781354,20.36018009,20.80355161,18.14332248,0,0,67.3,68.6,74.5,69.5,55.6,41.8,48.6,76.8,104.2,124.1,125.8,120.1,115.2,108.7,102.2,85.4,61.4,60.2,71.7,64.9,53.7,44.6,45,45.7,41.7,35.9,28.4,19.4,11,20.1,36,49.1,44.2,39.9,43.7,49.5,55.9,62.9,70.1,80.6,95.7,111.9,120.7,119.5,118.3,114.7,110.1,106.5,114.3,119.5,116.9,116.8,110.2,106.4,108.5,114.7,123.6,120.1,113.6,109.4,102,87.7,77.1,65.9,52.8,49.3,50.7,48,54.1,62.1,74.4,80.7,76.9,59.3,35.8,16.9,30.4,54.9,75.9,96,105,111.3,118.4,123.5,125,122.6,123.2,120.4,0,0,125.8,126.4,125.5,115.9,98,70.9,42.6,24.8,26.8,37.5,39.3,38.8,42.1,53,57.9,58.6,70.2,94.6,110.5,111.3,113.6,118,123,127.2,126.9,119.4,109.4,93.3,83,93.5,113.6,131.8,130.9,128.9,128,122.1,117.4,109.4,98.1,83.3,66.5,57.4,56.8,50.5,39.3,27.3,23.7,37.2,55.1,59.8,61.9,59.1,51.6,40.9,29,26.4,42.6,53.2,64.9,75.5,83.8,96.4,108.1,114.6,119,125.9,121,108.1,87.8,67,44.8,19.8,13.3,33.5,55.9,77.3,87.9,89,89.5,86.8,76.5,64.4,55.7,49.8,43,34.9,35.5,41.5,6995.7,6750.8,79.49659091,76.71363636,55,115,3,3
24,1,A,N,2,90.1,1759,27,26,10,21,69,-28,1.5,0,1,0,90,2106,29,90,118.7,117.9,113.6,108.2,89.7,67.5,44.5,50.2,79.8,103.8,124.5,125.7,124.5,118.5,107.8,90.2,75.6,69,76.7,89,94.3,88.3,77.9,66.7,56.2,48.9,45.5,46.2,45.4,47.2,56,67,69.9,79,89.6,91.3,95.2,95.3,96.2,103.4,115.4,123.7,124.1,124.9,121.3,115.9,109.9,100.7,90.6,79.8,70.2,60.2,52.2,47.8,43.5,39.1,43.1,44.7,45.1,51.2,42.2,42.5,53.4,73.1,96.3,112.9,115.2,116.5,118.3,120.9,121,116.4,112.5,104.6,95.2,88.4,76.9,65.9,55.7,49.7,44.1,40.5,46.4,43.9,47.2,60.7,78.2,87.9,86.7,89.2,64.5,64.9,63.7,61.6,63.1,60.2,55,44,30.3,26.1,38.1,38.4,36.1,29.7,22.5,11.6,15.3,36,65.2,84.8,94.9,96.5,100.9,108.4,116.8,125.7,132,135.3,132.7,130.1,131.5,132.9,123.6,117.1,115.5,109.8,104.5,91.5,73.3,54.2,43,39,35.3,41.1,50.4,61.7,74.1,85,96.2,106,112.9,116,123.8,129.8,129,127.4,131.5,132.8,132.2,134.1,118.2,100.5,79.5,63.5,62.1,65.9,56.8,43.2,32.3,33.6,44,54.9,68.9,80,90.1,99.2,105.9,115.6,119.5,126.6,130.2,129.4,132.6,122.5,112,104.8,110.3,113,96,79.1,TT,O,,2021,3,1,3/27/2008,19.5227525,20.36018009,20.80355161,18.14332248,0,0,0,0,0,67.5,44.5,50.2,79.8,103.8,124.5,125.7,124.5,118.5,107.8,90.2,75.6,69,76.7,89,94.3,88.3,77.9,66.7,56.2,48.9,45.5,46.2,45.4,47.2,56,67,69.9,79,89.6,91.3,95.2,95.3,96.2,103.4,115.4,123.7,124.1,124.9,121.3,115.9,109.9,100.7,90.6,79.8,70.2,60.2,52.2,47.8,43.5,39.1,43.1,44.7,45.1,51.2,42.2,42.5,53.4,73.1,96.3,112.9,115.2,116.5,118.3,120.9,121,116.4,112.5,104.6,95.2,88.4,76.9,65.9,55.7,49.7,44.1,40.5,46.4,43.9,47.2,60.7,78.2,87.9,86.7,89.2,0,0,0,0,0,60.2,55,44,30.3,26.1,38.1,38.4,36.1,29.7,22.5,11.6,15.3,36,65.2,84.8,94.9,96.5,100.9,108.4,116.8,125.7,132,135.3,132.7,130.1,131.5,132.9,123.6,117.1,115.5,109.8,104.5,91.5,73.3,54.2,43,39,35.3,41.1,50.4,61.7,74.1,85,96.2,106,112.9,116,123.8,129.8,129,127.4,131.5,132.8,132.2,134.1,118.2,100.5,79.5,63.5,62.1,65.9,56.8,43.2,32.3,33.6,44,54.9,68.9,80,90.1,99.2,105.9,115.6,119.5,126.6,130.2,129.4,132.6,122.5,112,104.8,110.3,113,96,79.1,6812.6,7412,80.14823529,87.2,115,55,6,6
19,2,A,N,2,90.1,2003,18,31,19,35,46,-55,1.5,1,0,0,90,2106,29,90,119,117.9,116.5,115.7,114.8,113.7,112.7,112,111.2,110.5,109.9,109.6,109.2,108.7,108.6,106,102.1,85.3,73.5,73,57.2,28.3,24.6,16.8,15.4,47.2,68.6,78.8,67.3,46.6,50,57.3,55.2,54.1,50.4,53.3,59.8,65.5,80.5,102.1,123,124.4,116.7,108.1,91.8,68.8,45.4,34,40.5,45.9,53,70.6,85.3,97.4,107.4,115.9,123,126.5,125.8,120.8,119.7,117,110.7,103.4,91.2,81.6,71.6,56.7,38.1,29.5,41.8,66.5,88.2,102.8,106.6,109.4,110.4,111.9,117.8,123.6,119.2,114.5,111.4,112.3,108.4,93.6,69,58.8,35.9,18.3,64.1,64.5,64.4,64.8,65.1,65.1,65.6,66.3,66.6,67.6,68.2,69.1,69.7,70.1,69.3,62.7,54.6,29.5,21.5,47.4,62.1,87.9,112.1,102.1,76.4,42.5,24.1,30,49.9,71.4,103.2,112.4,110.8,118.5,121.5,119.4,108.4,94.5,68.6,49.7,46.5,39,28.8,30.3,40.9,62.9,84.7,108,128.4,130.7,125.1,113.4,104,94.1,82.4,69.8,57.7,47.1,38,36.5,51.4,64.5,72.7,87.3,100.6,111.9,124.2,126.8,122.1,115,107.6,98.9,93.2,87.5,73.6,56.7,35.5,24,36.4,44.1,39,27.5,23.9,33.6,39.4,42.7,57.4,68.4,81.3,94.3,TT,O,,2021,4,1,3/28/2008,22.23085461,20.36018009,20.80355161,18.14332248,0,0,0,0,0,113.7,112.7,112,111.2,110.5,109.9,109.6,109.2,108.7,108.6,106,102.1,85.3,73.5,73,57.2,28.3,24.6,16.8,15.4,47.2,68.6,78.8,67.3,46.6,50,57.3,55.2,54.1,50.4,53.3,59.8,65.5,80.5,102.1,123,124.4,116.7,108.1,91.8,68.8,45.4,34,40.5,45.9,53,70.6,85.3,97.4,107.4,115.9,123,126.5,125.8,120.8,119.7,117,110.7,103.4,91.2,81.6,71.6,56.7,38.1,29.5,41.8,66.5,88.2,102.8,106.6,109.4,110.4,111.9,117.8,123.6,119.2,114.5,111.4,112.3,108.4,93.6,69,58.8,35.9,18.3,0,0,0,0,0,65.1,65.6,66.3,66.6,67.6,68.2,69.1,69.7,70.1,69.3,62.7,54.6,29.5,21.5,47.4,62.1,87.9,112.1,102.1,76.4,42.5,24.1,30,49.9,71.4,103.2,112.4,110.8,118.5,121.5,119.4,108.4,94.5,68.6,49.7,46.5,39,28.8,30.3,40.9,62.9,84.7,108,128.4,130.7,125.1,113.4,104,94.1,82.4,69.8,57.7,47.1,38,36.5,51.4,64.5,72.7,87.3,100.6,111.9,124.2,126.8,122.1,115,107.6,98.9,93.2,87.5,73.6,56.7,35.5,24,36.4,44.1,39,27.5,23.9,33.6,39.4,42.7,57.4,68.4,81.3,94.3,7089.2,6168.6,83.40235294,72.57176471,115,55,6,6
20,2,A,W,2,90.1,1809,25,27,34,34,32,16,1.5,3,0,0,90,2106,29,90,115.1,110.6,100,76.4,58.4,49.3,54.1,49.5,37.8,28.6,20.6,10.7,21.1,44.4,72.4,92.2,105.1,105.1,98.4,89.8,78.8,69.5,58.7,37,23.7,18.6,33.4,55.7,78.8,103.4,118.5,120.9,117.7,113.1,105.7,89.3,69.2,46.3,22.6,26.8,53.5,75.9,101.1,113.9,118.6,116.7,115.5,112.1,108.5,102,91.8,82.7,71,57.6,39.5,17.2,8.8,15.1,25.3,41.1,33.9,16.5,9.6,24.3,48.6,72.3,96.8,117.6,125.4,123.3,124.6,119.6,115,108.2,101.8,99,94.5,87,80.7,76.2,62.2,46.7,36.4,35.3,40.9,58.2,75.8,94.8,108.9,112.7,59.6,57.8,56.4,64.4,78.7,104.1,117.7,121.4,120.4,114.2,105,87.9,78.2,61,49.1,54.1,70.8,82.6,90.7,97.5,103.1,110.6,117.3,112.3,100.9,83.9,60.2,41.3,29.3,31.8,35,32.3,33.4,40.5,48.6,56.7,60,60.9,73,74,65.7,60.8,58.6,54.4,44.9,32,27.2,30.9,36.4,45.5,53,56.3,56.6,60,74.4,82.2,86.8,97.1,112.2,129.9,121.6,102.2,82.2,65.8,47.2,33.1,32.7,39.3,40.1,34.9,36.1,34,35.9,46.8,63.8,82.5,93.8,99.4,102.3,98.5,90.9,78.7,64.4,55.5,62.3,56.3,50.7,50.4,47.4,41.9,TT,O,,2021,5,1,3/28/2008,20.07769145,20.36018009,20.80355161,18.14332248,0,0,0,0,0,49.3,54.1,49.5,37.8,28.6,20.6,10.7,21.1,44.4,72.4,92.2,105.1,105.1,98.4,89.8,78.8,69.5,58.7,37,23.7,18.6,33.4,55.7,78.8,103.4,118.5,120.9,117.7,113.1,105.7,89.3,69.2,46.3,22.6,26.8,53.5,75.9,101.1,113.9,118.6,116.7,115.5,112.1,108.5,102,91.8,82.7,71,57.6,39.5,17.2,8.8,15.1,25.3,41.1,33.9,16.5,9.6,24.3,48.6,72.3,96.8,117.6,125.4,123.3,124.6,119.6,115,108.2,101.8,99,94.5,87,80.7,76.2,62.2,46.7,36.4,35.3,40.9,58.2,75.8,94.8,108.9,112.7,0,0,0,0,0,104.1,117.7,121.4,120.4,114.2,105,87.9,78.2,61,49.1,54.1,70.8,82.6,90.7,97.5,103.1,110.6,117.3,112.3,100.9,83.9,60.2,41.3,29.3,31.8,35,32.3,33.4,40.5,48.6,56.7,60,60.9,73,74,65.7,60.8,58.6,54.4,44.9,32,27.2,30.9,36.4,45.5,53,56.3,56.6,60,74.4,82.2,86.8,97.1,112.2,129.9,121.6,102.2,82.2,65.8,47.2,33.1,32.7,39.3,40.1,34.9,36.1,34,35.9,46.8,63.8,82.5,93.8,99.4,102.3,98.5,90.9,78.7,64.4,55.5,62.3,56.3,50.7,50.4,47.4,41.9,6081.5,5815.4,71.54705882,68.41647059,115,55,6,6
21,2,A,E,2,30.7,557,5,30,22,31,47,59,1.5,0,0,0,90,2106,29,30,71.4,63,59,45.4,34.9,44.8,73.9,97.9,106.6,106.3,103.2,95.4,72.5,62.1,70.1,84.3,104.7,115.4,120.8,122.9,120.6,119.2,115.1,107.4,99.7,93.2,89,82,74,65.5,0,0,0,0,0,0,0,0,0,0,0,0,0,0,0,0,0,0,0,0,0,0,0,0,0,0,0,0,0,0,0,0,0,0,0,0,0,0,0,0,0,0,0,0,0,0,0,0,0,0,0,0,0,0,0,0,0,0,0,0,124.1,107.4,101.8,86.2,65.6,45.4,28,29.9,36.4,45.7,52.1,53.1,63.2,59.7,44.4,26.1,21.3,29.8,38,47.5,51,54.7,57.4,61.9,72,87.8,99.1,105.6,111.8,117.3,0,0,0,0,0,0,0,0,0,0,0,0,0,0,0,0,0,0,0,0,0,0,0,0,0,0,0,0,0,0,0,0,0,0,0,0,0,0,0,0,0,0,0,0,0,0,0,0,0,0,0,0,0,0,0,0,0,0,0,0,FS,O,,2021,6,1,3/28/2008,18.14332248,20.36018009,20.80355161,18.14332248,0,0,59,45.4,34.9,44.8,73.9,97.9,106.6,106.3,103.2,95.4,72.5,62.1,70.1,84.3,104.7,115.4,120.8,122.9,120.6,119.2,115.1,107.4,99.7,93.2,89,82,74,65.5,0,0,0,0,0,0,0,0,0,0,0,0,0,0,0,0,0,0,0,0,0,0,0,0,0,0,0,0,0,0,0,0,0,0,0,0,0,0,0,0,0,0,0,0,0,0,0,0,0,0,0,0,0,0,0,0,0,0,0,0,0,0,101.8,86.2,65.6,45.4,28,29.9,36.4,45.7,52.1,53.1,63.2,59.7,44.4,26.1,21.3,29.8,38,47.5,51,54.7,57.4,61.9,72,87.8,99.1,105.6,111.8,117.3,0,0,0,0,0,0,0,0,0,0,0,0,0,0,0,0,0,0,0,0,0,0,0,0,0,0,0,0,0,0,0,0,0,0,0,0,0,0,0,0,0,0,0,0,0,0,0,0,0,0,0,0,0,0,0,0,0,0,0,0,2485.9,1692.8,88.78214286,60.45714286,55,115,3,3
31,1,A,S,2,90.1,2031,18,32,10,25,65,8,1.5,0,0,0,90,2106,46,90,42.3,29.5,43.3,75.2,110.1,124.4,122.6,118.6,119.7,116.9,107.2,97.7,85.8,71.5,58.5,48.4,44.4,48.1,59.7,78.1,93.9,106.6,109.1,116.9,124,119.2,123,122.5,120.2,116.9,117.3,108.1,94.9,76.9,86.3,86.9,84.7,80,65.9,43.1,26.6,40.7,61.2,67.2,74.8,89.2,95.8,98.7,96.7,85.8,66.9,43,24.3,23.3,52.4,80.3,106.4,122.1,125.1,126.9,126.2,123.8,119.9,112.6,104.9,93.1,76.3,70.7,69.6,69.1,59.5,46.4,31.9,29.8,40.5,43.6,44.5,44.5,55.2,69.1,87.5,105.8,113.3,117.8,119.6,119.1,117.4,121.5,126.4,126.5,116.1,97.8,65.7,37.5,37.9,48.6,43.2,30.7,42.9,60.9,73.2,98.1,114.2,125.2,130.8,133,133.2,128.8,118.7,108.8,97.7,85.1,67.6,52,41.2,30.7,39.8,47.7,48.8,53.6,63,62.9,65.3,85.9,114,113.6,100.1,91.4,73.6,60.2,69.6,90.4,110.8,115.4,109.8,102.4,95.1,90.9,89.2,86.4,83.6,83.4,83.4,72.2,57.5,46.9,43.2,42.9,37.8,38.4,42,50.4,58.9,61.1,61.9,65.3,79.3,94,107.1,110.2,108.9,111.6,111.2,118.3,129,131.9,129.3,121.3,115.5,105,97.3,90.8,76.7,66.1,60.5,58.3,48.2,42.3,39.4,37.7,TT,O,,2021,1,1,3/27/2008,22.54162042,19.45625268,19.58698542,18.802589,0,0,43.3,75.2,110.1,124.4,122.6,118.6,119.7,116.9,107.2,97.7,85.8,71.5,58.5,48.4,44.4,48.1,59.7,78.1,93.9,106.6,109.1,116.9,124,119.2,123,122.5,120.2,116.9,117.3,108.1,94.9,76.9,86.3,86.9,84.7,80,65.9,43.1,26.6,40.7,61.2,67.2,74.8,89.2,95.8,98.7,96.7,85.8,66.9,43,24.3,23.3,52.4,80.3,106.4,122.1,125.1,126.9,126.2,123.8,119.9,112.6,104.9,93.1,76.3,70.7,69.6,69.1,59.5,46.4,31.9,29.8,40.5,43.6,44.5,44.5,55.2,69.1,87.5,105.8,113.3,117.8,119.6,119.1,117.4,121.5,126.4,126.5,0,0,65.7,37.5,37.9,48.6,43.2,30.7,42.9,60.9,73.2,98.1,114.2,125.2,130.8,133,133.2,128.8,118.7,108.8,97.7,85.1,67.6,52,41.2,30.7,39.8,47.7,48.8,53.6,63,62.9,65.3,85.9,114,113.6,100.1,91.4,73.6,60.2,69.6,90.4,110.8,115.4,109.8,102.4,95.1,90.9,89.2,86.4,83.6,83.4,83.4,72.2,57.5,46.9,43.2,42.9,37.8,38.4,42,50.4,58.9,61.1,61.9,65.3,79.3,94,107.1,110.2,108.9,111.6,111.2,118.3,129,131.9,129.3,121.3,115.5,105,97.3,90.8,76.7,66.1,60.5,58.3,48.2,42.3,39.4,37.7,7620.1,7004.4,86.59204545,79.59545455,55,115,3,3
32,1,A,E,2,17,364,8,26,33,26,41,65,1.5,1,0,0,90,2106,46,16,67.2,60.1,55.5,45.9,55.8,83.3,111.1,122.5,120.3,114.9,113.5,106.2,89.7,69.6,43.8,23,0,0,0,0,0,0,0,0,0,0,0,0,0,0,0,0,0,0,0,0,0,0,0,0,0,0,0,0,0,0,0,0,0,0,0,0,0,0,0,0,0,0,0,0,0,0,0,0,0,0,0,0,0,0,0,0,0,0,0,0,0,0,0,0,0,0,0,0,0,0,0,0,0,0,117,100.4,92.1,62.8,37.8,22.6,44.2,55.8,55.3,56,67.4,76,77.1,78.2,81.2,84.2,0,0,0,0,0,0,0,0,0,0,0,0,0,0,0,0,0,0,0,0,0,0,0,0,0,0,0,0,0,0,0,0,0,0,0,0,0,0,0,0,0,0,0,0,0,0,0,0,0,0,0,0,0,0,0,0,0,0,0,0,0,0,0,0,0,0,0,0,0,0,0,0,0,0,TT,O,,2021,2,1,3/27/2008,21.41176471,19.45625268,19.58698542,18.802589,0,0,55.5,45.9,55.8,83.3,111.1,122.5,120.3,114.9,113.5,106.2,89.7,69.6,43.8,23,0,0,0,0,0,0,0,0,0,0,0,0,0,0,0,0,0,0,0,0,0,0,0,0,0,0,0,0,0,0,0,0,0,0,0,0,0,0,0,0,0,0,0,0,0,0,0,0,0,0,0,0,0,0,0,0,0,0,0,0,0,0,0,0,0,0,0,0,0,0,0,0,0,0,0,0,92.1,62.8,37.8,22.6,44.2,55.8,55.3,56,67.4,76,77.1,78.2,81.2,84.2,0,0,0,0,0,0,0,0,0,0,0,0,0,0,0,0,0,0,0,0,0,0,0,0,0,0,0,0,0,0,0,0,0,0,0,0,0,0,0,0,0,0,0,0,0,0,0,0,0,0,0,0,0,0,0,0,0,0,0,0,0,0,0,0,0,0,0,0,0,0,0,0,0,0,1155.1,890.7,82.50714286,63.62142857,55,115,3,3
33,1,A,N,2,26.1,514,8,74,31,54,15,54,1.5,1,2,0,90,2106,46,26,111,107.2,97.2,88.9,84.3,75.1,62.2,69.2,86.1,107.2,120.5,118.8,116.1,115.1,119,123.4,119.9,112.4,104.1,99.1,97.9,86,69,43.4,17.4,9.4,0,0,0,0,0,0,0,0,0,0,0,0,0,0,0,0,0,0,0,0,0,0,0,0,0,0,0,0,0,0,0,0,0,0,0,0,0,0,0,0,0,0,0,0,0,0,0,0,0,0,0,0,0,0,0,0,0,0,0,0,0,0,0,0,52.8,43.1,20.3,5,12.6,26.5,27.9,29.2,39.1,52,58.6,56.3,52.7,49.8,38.8,36.5,31.2,25.3,28,41.9,56.5,71.1,76.3,84,96.1,98.5,0,0,0,0,0,0,0,0,0,0,0,0,0,0,0,0,0,0,0,0,0,0,0,0,0,0,0,0,0,0,0,0,0,0,0,0,0,0,0,0,0,0,0,0,0,0,0,0,0,0,0,0,0,0,0,0,0,0,0,0,0,0,0,0,TT,O,,2021,3,1,3/27/2008,19.69348659,19.45625268,19.58698542,18.802589,0,0,0,0,0,75.1,62.2,69.2,86.1,107.2,120.5,118.8,116.1,115.1,119,123.4,119.9,112.4,104.1,99.1,97.9,86,69,43.4,17.4,9.4,0,0,0,0,0,0,0,0,0,0,0,0,0,0,0,0,0,0,0,0,0,0,0,0,0,0,0,0,0,0,0,0,0,0,0,0,0,0,0,0,0,0,0,0,0,0,0,0,0,0,0,0,0,0,0,0,0,0,0,0,0,0,0,0,0,0,0,0,0,26.5,27.9,29.2,39.1,52,58.6,56.3,52.7,49.8,38.8,36.5,31.2,25.3,28,41.9,56.5,71.1,76.3,84,96.1,98.5,0,0,0,0,0,0,0,0,0,0,0,0,0,0,0,0,0,0,0,0,0,0,0,0,0,0,0,0,0,0,0,0,0,0,0,0,0,0,0,0,0,0,0,0,0,0,0,0,0,0,0,0,0,0,0,0,0,0,0,0,0,0,0,0,1871.3,1076.3,89.10952381,51.25238095,115,55,6,6
28,2,A,N,2,90.1,1463,12,39,0,19,81,63,1.5,0,0,0,90,2106,46,90,111.7,109,94.9,97.2,100.5,110.2,123.9,123.3,124.2,125.4,123.7,119.4,115.2,105.8,98.7,95.8,79.1,52.1,31,21.9,38,57.5,61.8,69.7,76.5,78.7,80.7,90.9,102.9,108.2,107.7,106,104.3,106.5,112.2,120.6,120.2,121,122.4,123.9,124.4,122.2,119.5,119.7,115.1,110.8,106.5,96.3,88,86.4,79,72.1,65.9,60.9,57.4,55.2,46.3,41.1,43.3,46.4,49.4,56.1,66.5,78,85.1,90.1,94.7,102.2,110.6,113.9,116.8,119.4,120.9,123,123.8,124.4,124.3,124.4,120.5,119.1,116.9,112.6,111.1,113.7,117.5,116,112.4,108.3,99,87.9,54.2,44.1,37.6,47.8,44.9,39,41.3,40.7,36.1,38.7,45.2,54.9,67.6,75.2,79.8,83.6,85.4,88.6,96.9,109.3,123.6,135.2,131.4,129.9,127.2,121.1,109.5,101.2,93.3,87.7,85.9,83.6,80.9,70.5,60.3,53.6,51.1,46.4,40.4,35.7,37,38.2,44.5,56,63.7,69.8,74.4,79.7,90.2,100.8,106.3,109.3,109.6,108,106.8,106.9,115.5,122.1,131.3,134.8,132.5,129.2,127,124.2,116.7,107,95.2,84.9,75.7,68.1,58.8,51.3,46.1,42.8,40.9,39.6,37.6,36,32.7,30.7,28.2,27.9,36.7,51.5,60,65,70.9,77.7,80.3,82.3,TT,O,,2021,4,1,3/28/2008,16.23751387,19.45625268,19.58698542,18.802589,0,0,0,0,0,110.2,123.9,123.3,124.2,125.4,123.7,119.4,115.2,105.8,98.7,95.8,79.1,52.1,31,21.9,38,57.5,61.8,69.7,76.5,78.7,80.7,90.9,102.9,108.2,107.7,106,104.3,106.5,112.2,120.6,120.2,121,122.4,123.9,124.4,122.2,119.5,119.7,115.1,110.8,106.5,96.3,88,86.4,79,72.1,65.9,60.9,57.4,55.2,46.3,41.1,43.3,46.4,49.4,56.1,66.5,78,85.1,90.1,94.7,102.2,110.6,113.9,116.8,119.4,120.9,123,123.8,124.4,124.3,124.4,120.5,119.1,116.9,112.6,111.1,113.7,117.5,116,112.4,108.3,99,87.9,0,0,0,0,0,39,41.3,40.7,36.1,38.7,45.2,54.9,67.6,75.2,79.8,83.6,85.4,88.6,96.9,109.3,123.6,135.2,131.4,129.9,127.2,121.1,109.5,101.2,93.3,87.7,85.9,83.6,80.9,70.5,60.3,53.6,51.1,46.4,40.4,35.7,37,38.2,44.5,56,63.7,69.8,74.4,79.7,90.2,100.8,106.3,109.3,109.6,108,106.8,106.9,115.5,122.1,131.3,134.8,132.5,129.2,127,124.2,116.7,107,95.2,84.9,75.7,68.1,58.8,51.3,46.1,42.8,40.9,39.6,37.6,36,32.7,30.7,28.2,27.9,36.7,51.5,60,65,70.9,77.7,80.3,82.3,8174.5,6613.2,96.17058824,77.80235294,115,55,6,6
29,2,A,W,2,55.4,1000,20,20,22,38,40,63,1.5,3,0,0,90,2106,46,55,110.5,108.9,95.6,67.9,50.8,42.5,52.6,73.7,97.1,103.9,100.8,100.5,104.1,106.3,114.2,120.9,122.1,120.8,115.8,109.2,102.5,90.6,86.4,71.9,50.5,39.7,27.4,33.9,47.1,51.7,54.6,60.4,69.6,86.3,95.3,99.1,100.1,100.9,101.5,101.7,101.4,100.1,99.6,93.9,82.5,68.7,55.5,47.5,45,43.8,37.5,24,14.8,8,7.5,0,0,0,0,0,0,0,0,0,0,0,0,0,0,0,0,0,0,0,0,0,0,0,0,0,0,0,0,0,0,0,0,0,0,0,53.4,60.2,60.6,51.2,44.8,49.9,62.5,78.6,93,91.9,84.6,74.8,60.2,51.2,37.3,33.6,35.4,42.9,48.9,58.1,67.1,78.6,87.5,94.3,99.3,103.4,109.9,122.7,132.2,130.5,124.5,117.5,110.2,111.5,104.9,95.9,86,78.9,74.9,70.6,64.6,58.4,53,42.2,33.4,29.4,34.5,46,64.1,81.7,100.5,105.1,102.5,97.3,96.8,0,0,0,0,0,0,0,0,0,0,0,0,0,0,0,0,0,0,0,0,0,0,0,0,0,0,0,0,0,0,0,0,0,0,0,TT,O,,2021,5,1,3/28/2008,18.05054152,19.45625268,19.58698542,18.802589,0,0,0,0,0,42.5,52.6,73.7,97.1,103.9,100.8,100.5,104.1,106.3,114.2,120.9,122.1,120.8,115.8,109.2,102.5,90.6,86.4,71.9,50.5,39.7,27.4,33.9,47.1,51.7,54.6,60.4,69.6,86.3,95.3,99.1,100.1,100.9,101.5,101.7,101.4,100.1,99.6,93.9,82.5,68.7,55.5,47.5,45,43.8,37.5,24,14.8,8,7.5,0,0,0,0,0,0,0,0,0,0,0,0,0,0,0,0,0,0,0,0,0,0,0,0,0,0,0,0,0,0,0,0,0,0,0,0,0,0,0,0,49.9,62.5,78.6,93,91.9,84.6,74.8,60.2,51.2,37.3,33.6,35.4,42.9,48.9,58.1,67.1,78.6,87.5,94.3,99.3,103.4,109.9,122.7,132.2,130.5,124.5,117.5,110.2,111.5,104.9,95.9,86,78.9,74.9,70.6,64.6,58.4,53,42.2,33.4,29.4,34.5,46,64.1,81.7,100.5,105.1,102.5,97.3,96.8,0,0,0,0,0,0,0,0,0,0,0,0,0,0,0,0,0,0,0,0,0,0,0,0,0,0,0,0,0,0,0,0,0,0,0,3785.5,3912.8,75.71,78.256,115,55,6,6
30,2,A,E,2,30.9,581,0,57,17,56,27,79,1.5,0,0,0,90,2106,46,30,70.9,74,81.8,96.3,111.7,118.8,122.9,121.1,117.6,112.8,107.8,103.1,85.8,86,92.7,102.5,118.4,127.2,125.1,118.2,112.4,95.8,91.6,96.7,110.5,109.9,105.7,102.6,93.1,78.9,0,0,0,0,0,0,0,0,0,0,0,0,0,0,0,0,0,0,0,0,0,0,0,0,0,0,0,0,0,0,0,0,0,0,0,0,0,0,0,0,0,0,0,0,0,0,0,0,0,0,0,0,0,0,0,0,0,0,0,0,114.8,101.4,84,68.4,57.1,48.8,39.7,32.8,32.8,38.5,49.4,57.3,49,38.5,25.5,16.7,29.5,39.9,37.4,29.3,23.1,18.5,37.1,62.3,78.8,73,70.1,62.9,43.1,28.7,0,0,0,0,0,0,0,0,0,0,0,0,0,0,0,0,0,0,0,0,0,0,0,0,0,0,0,0,0,0,0,0,0,0,0,0,0,0,0,0,0,0,0,0,0,0,0,0,0,0,0,0,0,0,0,0,0,0,0,0,FS,O,,2021,6,1,3/28/2008,18.802589,19.45625268,19.58698542,18.802589,0,0,81.8,96.3,111.7,118.8,122.9,121.1,117.6,112.8,107.8,103.1,85.8,86,92.7,102.5,118.4,127.2,125.1,118.2,112.4,95.8,91.6,96.7,110.5,109.9,105.7,102.6,93.1,78.9,0,0,0,0,0,0,0,0,0,0,0,0,0,0,0,0,0,0,0,0,0,0,0,0,0,0,0,0,0,0,0,0,0,0,0,0,0,0,0,0,0,0,0,0,0,0,0,0,0,0,0,0,0,0,0,0,0,0,0,0,0,0,84,68.4,57.1,48.8,39.7,32.8,32.8,38.5,49.4,57.3,49,38.5,25.5,16.7,29.5,39.9,37.4,29.3,23.1,18.5,37.1,62.3,78.8,73,70.1,62.9,43.1,28.7,0,0,0,0,0,0,0,0,0,0,0,0,0,0,0,0,0,0,0,0,0,0,0,0,0,0,0,0,0,0,0,0,0,0,0,0,0,0,0,0,0,0,0,0,0,0,0,0,0,0,0,0,0,0,0,0,0,0,0,0,2947,1272.2,105.25,45.43571429,55,115,3,3
34,1,A,S,2,50.3,1319,27,24,10,22,68,-107,1.5,1,0,0,90,2106,50,50,46.8,44.9,64.5,83.8,112.1,122.3,126.8,127.5,124.4,120.6,115.3,107.8,99.8,89.8,80.1,69.7,50.2,41.5,43.9,48.8,55.4,57.7,61.8,73.9,93.9,111.6,125.9,127.6,125.9,122.7,118.1,111.8,105.7,100.7,91.3,70.5,43.6,30.9,41.5,42.4,50,55.8,62.9,66.6,67.3,60.1,54.3,53.5,37.4,12.7,0,0,0,0,0,0,0,0,0,0,0,0,0,0,0,0,0,0,0,0,0,0,0,0,0,0,0,0,0,0,0,0,0,0,0,0,0,0,0,0,114.2,114.3,102.3,83.9,73,58.8,45,39,43.5,57.8,69.4,81.1,92.7,107.4,117.5,123.2,124.2,129,131.6,128.1,117.4,106.4,88.6,70.5,52.5,44.5,42.7,39,41.2,51.8,66.2,77.4,81.7,92.9,106.7,103.1,93.3,106.5,126.9,128.4,131.2,122.2,103.8,77.6,57.5,33.7,49.2,78.8,99.7,96,0,0,0,0,0,0,0,0,0,0,0,0,0,0,0,0,0,0,0,0,0,0,0,0,0,0,0,0,0,0,0,0,0,0,0,0,0,0,0,0,TT,O,,2021,1,1,3/27/2008,26.22266402,23.46223301,23.32351078,24.15584416,0,44.9,64.5,83.8,112.1,122.3,126.8,127.5,124.4,120.6,115.3,107.8,99.8,89.8,80.1,69.7,50.2,41.5,43.9,48.8,55.4,57.7,61.8,73.9,93.9,111.6,125.9,127.6,125.9,122.7,118.1,111.8,105.7,100.7,91.3,70.5,43.6,30.9,41.5,42.4,50,55.8,62.9,66.6,67.3,60.1,54.3,53.5,37.4,12.7,0,0,0,0,0,0,0,0,0,0,0,0,0,0,0,0,0,0,0,0,0,0,0,0,0,0,0,0,0,0,0,0,0,0,0,0,0,0,0,0,0,114.3,102.3,83.9,73,58.8,45,39,43.5,57.8,69.4,81.1,92.7,107.4,117.5,123.2,124.2,129,131.6,128.1,117.4,106.4,88.6,70.5,52.5,44.5,42.7,39,41.2,51.8,66.2,77.4,81.7,92.9,106.7,103.1,93.3,106.5,126.9,128.4,131.2,122.2,103.8,77.6,57.5,33.7,49.2,78.8,99.7,96,0,0,0,0,0,0,0,0,0,0,0,0,0,0,0,0,0,0,0,0,0,0,0,0,0,0,0,0,0,0,0,0,0,0,0,0,0,0,0,0,3907.3,4209.2,79.74081633,85.90204082,55,115,2,2
35,1,A,E,2,23.9,487,26,15,39,36,25,-46,1.5,0,1,0,90,2106,50,23,65.8,63.4,64.4,60.7,36.1,27.2,21.2,54.2,84,97.1,98.5,86.8,84.7,93.4,105.3,113.1,109.4,100.5,88,72.6,57.1,42.2,28.8,0,0,0,0,0,0,0,0,0,0,0,0,0,0,0,0,0,0,0,0,0,0,0,0,0,0,0,0,0,0,0,0,0,0,0,0,0,0,0,0,0,0,0,0,0,0,0,0,0,0,0,0,0,0,0,0,0,0,0,0,0,0,0,0,0,0,0,123.8,121.3,125.4,128.7,106.7,91.3,75.1,48,41.3,44.3,53,35.2,11.7,21.8,50.2,67.4,75.3,79.5,81.8,86.6,87.6,84.8,84.7,0,0,0,0,0,0,0,0,0,0,0,0,0,0,0,0,0,0,0,0,0,0,0,0,0,0,0,0,0,0,0,0,0,0,0,0,0,0,0,0,0,0,0,0,0,0,0,0,0,0,0,0,0,0,0,0,0,0,0,0,0,0,0,0,0,0,0,TT,O,,2021,2,1,3/27/2008,20.37656904,23.46223301,23.32351078,24.15584416,0,63.4,64.4,60.7,36.1,27.2,21.2,54.2,84,97.1,98.5,86.8,84.7,93.4,105.3,113.1,109.4,100.5,88,72.6,57.1,42.2,28.8,0,0,0,0,0,0,0,0,0,0,0,0,0,0,0,0,0,0,0,0,0,0,0,0,0,0,0,0,0,0,0,0,0,0,0,0,0,0,0,0,0,0,0,0,0,0,0,0,0,0,0,0,0,0,0,0,0,0,0,0,0,0,0,0,0,0,0,0,121.3,125.4,128.7,106.7,91.3,75.1,48,41.3,44.3,53,35.2,11.7,21.8,50.2,67.4,75.3,79.5,81.8,86.6,87.6,84.8,84.7,0,0,0,0,0,0,0,0,0,0,0,0,0,0,0,0,0,0,0,0,0,0,0,0,0,0,0,0,0,0,0,0,0,0,0,0,0,0,0,0,0,0,0,0,0,0,0,0,0,0,0,0,0,0,0,0,0,0,0,0,0,0,0,0,0,0,0,1588.7,1601.7,72.21363636,72.80454545,55,115,2,2
36,1,A,N,2,90.1,2389,20,29,9,8,83,-58,1.5,0,0,0,90,2106,50,90,117.5,113.4,111.2,106.2,95.1,83.4,74.4,68.3,63.5,54.6,49.5,62.9,76.5,87,106.3,122.1,121.5,114.2,101.8,88.8,73.8,58.5,45.8,47.6,57.7,71.4,83.4,93.2,101.2,111.8,120.4,123.1,124.7,122.9,116.7,105.4,90.7,77.2,62.4,49.2,44.6,47.9,56.3,68.8,82.3,92.3,104.3,113.6,117.8,121.4,124,124,120.1,113.8,103.3,91,65.7,43.8,36.2,46.4,52.1,60.8,71.9,86.2,100.9,109.7,116.4,119.3,123.1,123.5,122.7,117.3,108.9,100,84.1,71,54.5,45.6,44.3,52.4,63.2,76.4,86.3,95.4,105.7,114.1,120.7,123.8,124.3,125.5,64.8,67.8,68.1,73,71.5,64.3,59.1,55.4,52.2,47.7,68.5,56.7,36.2,21.3,18.6,40.9,51.4,65.5,78.4,96.6,108.6,120.1,130,134.9,133.9,129.3,119.2,103,82.2,64.1,52.3,39.9,36.5,45.1,57.2,71,85.2,99.5,116.3,125.6,132.5,134.5,131.6,126.7,118.1,104.1,89.6,73.1,58.4,44.9,36.2,39.1,48.4,65.4,79.5,91,98.1,108.3,120.6,134.6,133.1,127.3,117.3,106.3,93.2,76.1,61.6,49.6,38.1,35.7,46.3,56.5,71.5,84.7,99.5,110.2,121.5,130.4,132.9,133.8,130.3,125.4,115,101.3,87.3,72.4,57.9,46,38.5,36.2,TT,O,,2021,3,1,3/27/2008,26.51498335,23.46223301,23.32351078,24.15584416,0,0,0,0,95.1,83.4,74.4,68.3,63.5,54.6,49.5,62.9,76.5,87,106.3,122.1,121.5,114.2,101.8,88.8,73.8,58.5,45.8,47.6,57.7,71.4,83.4,93.2,101.2,111.8,120.4,123.1,124.7,122.9,116.7,105.4,90.7,77.2,62.4,49.2,44.6,47.9,56.3,68.8,82.3,92.3,104.3,113.6,117.8,121.4,124,124,120.1,113.8,103.3,91,65.7,43.8,36.2,46.4,52.1,60.8,71.9,86.2,100.9,109.7,116.4,119.3,123.1,123.5,122.7,117.3,108.9,100,84.1,71,54.5,45.6,44.3,52.4,63.2,76.4,86.3,95.4,105.7,114.1,120.7,123.8,124.3,125.5,0,0,0,0,71.5,64.3,59.1,55.4,52.2,47.7,68.5,56.7,36.2,21.3,18.6,40.9,51.4,65.5,78.4,96.6,108.6,120.1,130,134.9,133.9,129.3,119.2,103,82.2,64.1,52.3,39.9,36.5,45.1,57.2,71,85.2,99.5,116.3,125.6,132.5,134.5,131.6,126.7,118.1,104.1,89.6,73.1,58.4,44.9,36.2,39.1,48.4,65.4,79.5,91,98.1,108.3,120.6,134.6,133.1,127.3,117.3,106.3,93.2,76.1,61.6,49.6,38.1,35.7,46.3,56.5,71.5,84.7,99.5,110.2,121.5,130.4,132.9,133.8,130.3,125.4,115,101.3,87.3,72.4,57.9,46,38.5,36.2,7624.7,7208.8,88.65930233,83.82325581,115,55,5,5
31,2,A,N,2,40.8,794,29,43,11,52,37,95,1.5,0,1,0,90,2106,50,40,114.6,112.5,111.2,110,109.1,108.1,107.4,106.7,106.6,114.7,119.8,120.7,117.9,115.9,112.9,104.4,90.7,68.9,50.8,42.9,44.3,43.9,42.7,45.8,50.1,60.3,69.6,82.1,90.6,96.5,91.4,74.8,64.1,57.1,47.4,42.9,39.3,32.2,22,22.6,0,0,0,0,0,0,0,0,0,0,0,0,0,0,0,0,0,0,0,0,0,0,0,0,0,0,0,0,0,0,0,0,0,0,0,0,0,0,0,0,0,0,0,0,0,0,0,0,0,0,63.2,61.1,58.5,56.2,54.5,52.5,51.2,49.3,48.3,51.5,52.5,41.9,30,34,52.5,69.6,82.9,93.8,106,124.1,133.3,130.2,119.1,100.8,74.2,49.9,30.7,10.1,27.6,53.9,71.4,84.6,100.3,117,127.3,128.8,128.3,120.6,109.3,108.2,0,0,0,0,0,0,0,0,0,0,0,0,0,0,0,0,0,0,0,0,0,0,0,0,0,0,0,0,0,0,0,0,0,0,0,0,0,0,0,0,0,0,0,0,0,0,0,0,0,0,TT,O,,2021,4,1,3/28/2008,19.46078431,23.46223301,23.32351078,24.15584416,0,0,0,0,109.1,108.1,107.4,106.7,106.6,114.7,119.8,120.7,117.9,115.9,112.9,104.4,90.7,68.9,50.8,42.9,44.3,43.9,42.7,45.8,50.1,60.3,69.6,82.1,90.6,96.5,91.4,74.8,64.1,57.1,47.4,42.9,39.3,32.2,22,22.6,0,0,0,0,0,0,0,0,0,0,0,0,0,0,0,0,0,0,0,0,0,0,0,0,0,0,0,0,0,0,0,0,0,0,0,0,0,0,0,0,0,0,0,0,0,0,0,0,0,0,0,0,0,0,54.5,52.5,51.2,49.3,48.3,51.5,52.5,41.9,30,34,52.5,69.6,82.9,93.8,106,124.1,133.3,130.2,119.1,100.8,74.2,49.9,30.7,10.1,27.6,53.9,71.4,84.6,100.3,117,127.3,128.8,128.3,120.6,109.3,108.2,0,0,0,0,0,0,0,0,0,0,0,0,0,0,0,0,0,0,0,0,0,0,0,0,0,0,0,0,0,0,0,0,0,0,0,0,0,0,0,0,0,0,0,0,0,0,0,0,0,0,2717.2,2820.2,75.47777778,78.33888889,115,55,5,5
32,2,A,W,2,51.7,1243,25,17,19,38,43,60,1.5,1,1,0,90,2106,50,51,111.6,108.8,86.1,61.8,73.6,95.9,107,117.1,117.7,113.4,105.4,93.5,77.2,62.1,44,29.2,18.2,31.9,60.4,83.7,101,113.2,110,97.6,80.9,62.9,55,51.4,33.3,20.8,34.9,55.9,66.9,50.2,31.4,23.1,35.5,59.5,81.5,91.7,99,102.5,104.9,109,114.7,117.5,107.7,97.5,71.6,47.6,21.5,0,0,0,0,0,0,0,0,0,0,0,0,0,0,0,0,0,0,0,0,0,0,0,0,0,0,0,0,0,0,0,0,0,0,0,0,0,0,0,53.6,62.1,57.7,41.7,19.9,10.3,19.5,38.9,56.9,67.4,79.3,87.6,96,109.7,118.9,108.6,90.7,64.7,43.5,41.6,50.8,67,73.1,79.6,88.1,100.3,116,121.4,113.9,95.1,87.6,97.3,113.4,113.9,111.6,110.6,107.2,107.3,104.7,89.3,71.5,56.1,35.9,22.1,33.6,55.4,64.8,70.5,71.6,70.8,78.8,0,0,0,0,0,0,0,0,0,0,0,0,0,0,0,0,0,0,0,0,0,0,0,0,0,0,0,0,0,0,0,0,0,0,0,0,0,0,0,TT,O,,2021,5,1,3/28/2008,24.04255319,23.46223301,23.32351078,24.15584416,0,0,0,0,73.6,95.9,107,117.1,117.7,113.4,105.4,93.5,77.2,62.1,44,29.2,18.2,31.9,60.4,83.7,101,113.2,110,97.6,80.9,62.9,55,51.4,33.3,20.8,34.9,55.9,66.9,50.2,31.4,23.1,35.5,59.5,81.5,91.7,99,102.5,104.9,109,114.7,117.5,107.7,97.5,71.6,47.6,21.5,0,0,0,0,0,0,0,0,0,0,0,0,0,0,0,0,0,0,0,0,0,0,0,0,0,0,0,0,0,0,0,0,0,0,0,0,0,0,0,0,0,0,0,19.9,10.3,19.5,38.9,56.9,67.4,79.3,87.6,96,109.7,118.9,108.6,90.7,64.7,43.5,41.6,50.8,67,73.1,79.6,88.1,100.3,116,121.4,113.9,95.1,87.6,97.3,113.4,113.9,111.6,110.6,107.2,107.3,104.7,89.3,71.5,56.1,35.9,22.1,33.6,55.4,64.8,70.5,71.6,70.8,78.8,0,0,0,0,0,0,0,0,0,0,0,0,0,0,0,0,0,0,0,0,0,0,0,0,0,0,0,0,0,0,0,0,0,0,0,0,0,0,0,3480.5,3632.8,74.05319149,77.29361702,115,55,5,5
33,2,A,E,2,30.8,744,17,38,33,35,32,71,1.5,0,1,0,90,2106,50,30,72.8,65.4,59.6,45.8,32.9,39,47,46.2,36.6,24.1,23.6,41.8,64.6,89.1,107.9,117,120.1,117.1,108.2,98.3,80.7,53.4,44.6,51.4,71.6,97.7,121.9,125.9,122.8,112.9,0,0,0,0,0,0,0,0,0,0,0,0,0,0,0,0,0,0,0,0,0,0,0,0,0,0,0,0,0,0,0,0,0,0,0,0,0,0,0,0,0,0,0,0,0,0,0,0,0,0,0,0,0,0,0,0,0,0,0,0,124.6,108.1,97.7,77.3,60.2,69.4,97.2,115.9,122,112.7,98.5,78.9,54.6,34.5,28.8,29.4,37,50.1,62.8,72.7,79.3,79.5,67.4,46.7,20.2,11.6,33.9,39.8,41,40.5,0,0,0,0,0,0,0,0,0,0,0,0,0,0,0,0,0,0,0,0,0,0,0,0,0,0,0,0,0,0,0,0,0,0,0,0,0,0,0,0,0,0,0,0,0,0,0,0,0,0,0,0,0,0,0,0,0,0,0,0,FS,O,,2021,6,1,3/28/2008,24.15584416,23.46223301,23.32351078,24.15584416,0,65.4,59.6,45.8,32.9,39,47,46.2,36.6,24.1,23.6,41.8,64.6,89.1,107.9,117,120.1,117.1,108.2,98.3,80.7,53.4,44.6,51.4,71.6,97.7,121.9,125.9,122.8,112.9,0,0,0,0,0,0,0,0,0,0,0,0,0,0,0,0,0,0,0,0,0,0,0,0,0,0,0,0,0,0,0,0,0,0,0,0,0,0,0,0,0,0,0,0,0,0,0,0,0,0,0,0,0,0,0,0,0,0,0,0,0,108.1,97.7,77.3,60.2,69.4,97.2,115.9,122,112.7,98.5,78.9,54.6,34.5,28.8,29.4,37,50.1,62.8,72.7,79.3,79.5,67.4,46.7,20.2,11.6,33.9,39.8,41,40.5,0,0,0,0,0,0,0,0,0,0,0,0,0,0,0,0,0,0,0,0,0,0,0,0,0,0,0,0,0,0,0,0,0,0,0,0,0,0,0,0,0,0,0,0,0,0,0,0,0,0,0,0,0,0,0,0,0,0,0,0,2167.2,1867.7,74.73103448,64.40344828,55,115,2,2
37,1,A,S,2,38.3,963,21,17,3,28,69,-111,1.5,0,0,0,90,2106,62,38,60.5,69.1,72.4,65,61.9,57.9,47.3,39.4,55.5,73.1,84.5,91.7,95.5,96.6,84.8,70.2,47.1,35.6,48,59.5,82.5,102.7,113.9,121.1,120.2,109.4,107.8,122.8,121.8,110,97.6,90.3,85,80.8,80.1,76.1,60.1,24,0,0,0,0,0,0,0,0,0,0,0,0,0,0,0,0,0,0,0,0,0,0,0,0,0,0,0,0,0,0,0,0,0,0,0,0,0,0,0,0,0,0,0,0,0,0,0,0,0,0,0,0,115.9,111.8,103.3,96.6,99.9,115,120.2,127.2,134.3,129.7,120.5,110.4,105.3,103.3,99.9,103.3,111.9,122.7,128.5,118.7,105.1,90.9,77.6,65.4,56.7,35.8,20.6,39.8,40.8,43.4,65.4,95.3,114.2,119.8,118.3,110.2,100.1,92.5,0,0,0,0,0,0,0,0,0,0,0,0,0,0,0,0,0,0,0,0,0,0,0,0,0,0,0,0,0,0,0,0,0,0,0,0,0,0,0,0,0,0,0,0,0,0,0,0,0,0,0,0,TT,O,,2021,1,1,3/27/2008,25.14360313,24.33335832,25.08964037,20.55194805,0,69.1,72.4,65,61.9,57.9,47.3,39.4,55.5,73.1,84.5,91.7,95.5,96.6,84.8,70.2,47.1,35.6,48,59.5,82.5,102.7,113.9,121.1,120.2,109.4,107.8,122.8,121.8,110,97.6,90.3,85,80.8,80.1,76.1,60.1,24,0,0,0,0,0,0,0,0,0,0,0,0,0,0,0,0,0,0,0,0,0,0,0,0,0,0,0,0,0,0,0,0,0,0,0,0,0,0,0,0,0,0,0,0,0,0,0,0,0,0,0,0,0,111.8,103.3,96.6,99.9,115,120.2,127.2,134.3,129.7,120.5,110.4,105.3,103.3,99.9,103.3,111.9,122.7,128.5,118.7,105.1,90.9,77.6,65.4,56.7,35.8,20.6,39.8,40.8,43.4,65.4,95.3,114.2,119.8,118.3,110.2,100.1,92.5,0,0,0,0,0,0,0,0,0,0,0,0,0,0,0,0,0,0,0,0,0,0,0,0,0,0,0,0,0,0,0,0,0,0,0,0,0,0,0,0,0,0,0,0,0,0,0,0,0,0,0,0,2961.3,3554.4,80.03513514,96.06486486,55,115,2,2
38,1,A,E,2,10.5,299,11,53,50,31,19,38,1.5,1,1,0,90,2106,62,10,68.1,55,46.4,72.1,108,121.7,113.4,94,59.3,16.3,0,0,0,0,0,0,0,0,0,0,0,0,0,0,0,0,0,0,0,0,0,0,0,0,0,0,0,0,0,0,0,0,0,0,0,0,0,0,0,0,0,0,0,0,0,0,0,0,0,0,0,0,0,0,0,0,0,0,0,0,0,0,0,0,0,0,0,0,0,0,0,0,0,0,0,0,0,0,0,0,122.8,104.9,68.6,30.3,26.9,35,24.8,10.1,33,76.8,0,0,0,0,0,0,0,0,0,0,0,0,0,0,0,0,0,0,0,0,0,0,0,0,0,0,0,0,0,0,0,0,0,0,0,0,0,0,0,0,0,0,0,0,0,0,0,0,0,0,0,0,0,0,0,0,0,0,0,0,0,0,0,0,0,0,0,0,0,0,0,0,0,0,0,0,0,0,0,0,TT,O,,2021,2,1,3/27/2008,28.47619048,24.33335832,25.08964037,20.55194805,0,55,46.4,72.1,108,121.7,113.4,94,59.3,16.3,0,0,0,0,0,0,0,0,0,0,0,0,0,0,0,0,0,0,0,0,0,0,0,0,0,0,0,0,0,0,0,0,0,0,0,0,0,0,0,0,0,0,0,0,0,0,0,0,0,0,0,0,0,0,0,0,0,0,0,0,0,0,0,0,0,0,0,0,0,0,0,0,0,0,0,0,0,0,0,0,0,104.9,68.6,30.3,26.9,35,24.8,10.1,33,76.8,0,0,0,0,0,0,0,0,0,0,0,0,0,0,0,0,0,0,0,0,0,0,0,0,0,0,0,0,0,0,0,0,0,0,0,0,0,0,0,0,0,0,0,0,0,0,0,0,0,0,0,0,0,0,0,0,0,0,0,0,0,0,0,0,0,0,0,0,0,0,0,0,0,0,0,0,0,0,0,0,686.2,410.4,76.24444444,45.6,55,115,2,2
39,1,A,N,2,28.8,753,28,19,2,43,55,-49,1.5,1,0,0,90,2106,62,28,111.4,104.9,94.4,91.1,88.3,78.2,57.6,28,36.6,52.9,55.8,68.8,99.4,114.4,110.1,108.3,119.4,124.9,117.8,115.2,107.8,95.7,82.2,69.3,56.2,45.9,38.6,20.7,0,0,0,0,0,0,0,0,0,0,0,0,0,0,0,0,0,0,0,0,0,0,0,0,0,0,0,0,0,0,0,0,0,0,0,0,0,0,0,0,0,0,0,0,0,0,0,0,0,0,0,0,0,0,0,0,0,0,0,0,0,0,62.8,64.8,82.1,109,108.3,106.6,104.1,106.1,121.4,123.8,108.5,93.9,84.7,73.8,57.5,31.1,31.2,40.9,41.5,62.3,74.2,84.3,106.1,125.7,132.4,131.6,126.9,110,0,0,0,0,0,0,0,0,0,0,0,0,0,0,0,0,0,0,0,0,0,0,0,0,0,0,0,0,0,0,0,0,0,0,0,0,0,0,0,0,0,0,0,0,0,0,0,0,0,0,0,0,0,0,0,0,0,0,0,0,0,0,TT,O,,2021,3,1,3/27/2008,26.14583333,24.33335832,25.08964037,20.55194805,0,0,0,0,88.3,78.2,57.6,28,36.6,52.9,55.8,68.8,99.4,114.4,110.1,108.3,119.4,124.9,117.8,115.2,107.8,95.7,82.2,69.3,56.2,45.9,38.6,20.7,0,0,0,0,0,0,0,0,0,0,0,0,0,0,0,0,0,0,0,0,0,0,0,0,0,0,0,0,0,0,0,0,0,0,0,0,0,0,0,0,0,0,0,0,0,0,0,0,0,0,0,0,0,0,0,0,0,0,0,0,0,0,0,0,0,0,108.3,106.6,104.1,106.1,121.4,123.8,108.5,93.9,84.7,73.8,57.5,31.1,31.2,40.9,41.5,62.3,74.2,84.3,106.1,125.7,132.4,131.6,126.9,110,0,0,0,0,0,0,0,0,0,0,0,0,0,0,0,0,0,0,0,0,0,0,0,0,0,0,0,0,0,0,0,0,0,0,0,0,0,0,0,0,0,0,0,0,0,0,0,0,0,0,0,0,0,0,0,0,0,0,0,0,0,0,1892.1,2186.9,78.8375,91.12083333,115,55,5,5
34,2,A,N,2,90.1,2257,23,21,12,37,51,1,1.5,0,0,0,90,2106,62,90,116.6,113.4,95,82,73.6,68.6,52.8,44.4,64.4,88.8,95.6,97.9,109.1,125.8,117.5,104.1,101.4,109.5,103.4,95.1,85.2,71.8,57.9,42,43.3,40.3,30.2,14.9,36.3,75.9,109.4,124.2,118.6,105.2,91.3,100.7,98.9,88.5,74.3,52,28.5,29.2,52.1,62.4,69.4,94.1,113.7,107.9,89.1,61.6,57.2,62.8,58.3,42.7,49.4,51.6,42.3,40,45.9,54.7,66.2,82,99.9,109,114.6,115.5,112.8,122.3,123.4,108.2,93.7,87.6,80.1,65,52,47,45.4,43,44.4,57.8,73.1,74.3,73.1,73.1,77.1,74.3,82.7,105.4,110.7,105.9,62.3,56.9,51.9,49.3,63.2,67.5,61,47.7,65.3,85.3,87.4,71.7,48.3,48.7,38,17.5,38,73.6,88.1,97.9,106.6,124,128.2,127.8,130.8,124.7,108.7,91.3,61.8,44.3,39,41.3,41.2,40.5,60.6,90,96.7,106.8,116.8,107.1,104.4,113.6,116.2,102.1,82.8,65.1,66.7,54.8,45,56.7,83.7,87.3,80.3,89,114,108.9,110.9,124.8,133.5,131.2,121.7,108.1,93.9,73.9,58.2,35.5,27,47.9,48.1,36,34.5,52.4,74,95.6,113.8,127,132.4,132.1,128,124,127.6,126.7,125.6,124.7,122.4,102.3,80.5,75.7,75.4,65.9,TT,O,,2021,4,1,3/28/2008,25.04994451,24.33335832,25.08964037,20.55194805,0,0,0,0,73.6,68.6,52.8,44.4,64.4,88.8,95.6,97.9,109.1,125.8,117.5,104.1,101.4,109.5,103.4,95.1,85.2,71.8,57.9,42,43.3,40.3,30.2,14.9,36.3,75.9,109.4,124.2,118.6,105.2,91.3,100.7,98.9,88.5,74.3,52,28.5,29.2,52.1,62.4,69.4,94.1,113.7,107.9,89.1,61.6,57.2,62.8,58.3,42.7,49.4,51.6,42.3,40,45.9,54.7,66.2,82,99.9,109,114.6,115.5,112.8,122.3,123.4,108.2,93.7,87.6,80.1,65,52,47,45.4,43,44.4,57.8,73.1,74.3,73.1,73.1,77.1,74.3,82.7,105.4,110.7,105.9,0,0,0,0,63.2,67.5,61,47.7,65.3,85.3,87.4,71.7,48.3,48.7,38,17.5,38,73.6,88.1,97.9,106.6,124,128.2,127.8,130.8,124.7,108.7,91.3,61.8,44.3,39,41.3,41.2,40.5,60.6,90,96.7,106.8,116.8,107.1,104.4,113.6,116.2,102.1,82.8,65.1,66.7,54.8,45,56.7,83.7,87.3,80.3,89,114,108.9,110.9,124.8,133.5,131.2,121.7,108.1,93.9,73.9,58.2,35.5,27,47.9,48.1,36,34.5,52.4,74,95.6,113.8,127,132.4,132.1,128,124,127.6,126.7,125.6,124.7,122.4,102.3,80.5,75.7,75.4,65.9,6645.4,7349.3,77.27209302,85.45697674,115,55,5,5
35,2,A,W,2,90.1,1859,31,40,13,43,44,-37,1.5,0,1,0,90,2106,62,90,108.3,101.1,107.9,105.4,98.8,103.1,105.2,93,75.8,53.4,39.4,45.6,52.7,58.9,54.7,46.2,45.2,53.8,47.8,31,25.3,48.7,82.7,111.5,124.6,119.5,119,125.1,120.8,124.2,119.8,107.8,86.4,49.1,25.3,35.9,47.2,38.4,38.5,47.3,45.2,37.9,51.6,76.5,97,98.5,96,101.5,119.2,125.3,125.1,123.7,121.3,113.6,114.1,120,115.2,107.1,100,91,81.8,73.2,66,52.6,49.3,39.5,26.5,23.5,39,37.9,36.6,35.1,46,77.5,106.6,117.6,109,104,113.2,109.7,111.2,109.3,106.6,101.8,89.2,68.8,44.9,42.8,68.7,87.3,50.5,38,36.5,40,53.6,72.6,77,80.2,85.2,98.7,120.9,133.5,130.7,130.8,128.3,117.4,106.2,112.2,112.8,96.1,70.6,43.9,36.2,45.4,45,36.1,30.6,36.2,35.1,41.2,37.9,29.2,25.5,49.8,82.7,117.2,131.5,126,125.8,128.8,123.4,109.9,83.5,76,87.7,91.5,74.3,51.2,44.7,46.9,46.3,46.2,41.4,26.4,29.9,51,64,79.9,95.5,103.3,108,120.3,121.9,120.1,129.8,124.5,114.2,108.1,113.6,111.1,110,100.5,45.1,34.6,47.3,61.3,54.4,38.7,40.3,40.6,38.5,39.5,32.3,19.3,7,20.9,50,82.4,106.8,115.5,TT,O,,2021,5,1,3/28/2008,20.63263041,24.33335832,25.08964037,20.55194805,0,0,0,0,98.8,103.1,105.2,93,75.8,53.4,39.4,45.6,52.7,58.9,54.7,46.2,45.2,53.8,47.8,31,25.3,48.7,82.7,111.5,124.6,119.5,119,125.1,120.8,124.2,119.8,107.8,86.4,49.1,25.3,35.9,47.2,38.4,38.5,47.3,45.2,37.9,51.6,76.5,97,98.5,96,101.5,119.2,125.3,125.1,123.7,121.3,113.6,114.1,120,115.2,107.1,100,91,81.8,73.2,66,52.6,49.3,39.5,26.5,23.5,39,37.9,36.6,35.1,46,77.5,106.6,117.6,109,104,113.2,109.7,111.2,109.3,106.6,101.8,89.2,68.8,44.9,42.8,68.7,87.3,0,0,0,0,53.6,72.6,77,80.2,85.2,98.7,120.9,133.5,130.7,130.8,128.3,117.4,106.2,112.2,112.8,96.1,70.6,43.9,36.2,45.4,45,36.1,30.6,36.2,35.1,41.2,37.9,29.2,25.5,49.8,82.7,117.2,131.5,126,125.8,128.8,123.4,109.9,83.5,76,87.7,91.5,74.3,51.2,44.7,46.9,46.3,46.2,41.4,26.4,29.9,51,64,79.9,95.5,103.3,108,120.3,121.9,120.1,129.8,124.5,114.2,108.1,113.6,111.1,110,100.5,45.1,34.6,47.3,61.3,54.4,38.7,40.3,40.6,38.5,39.5,32.3,19.3,7,20.9,50,82.4,106.8,115.5,6756.7,6560.5,78.56627907,76.28488372,115,55,5,5
36,2,A,E,2,30.8,633,51,18,35,34,31,19,1.5,0,0,0,90,2106,62,30,57.1,43.7,35.5,49.6,79.6,104.2,105,95.7,78.5,52.7,34.8,40.3,47.3,39.2,23.4,29.9,44.1,44.8,55.5,57.1,47.3,27.6,18.7,48.2,65,68.2,60.7,51.3,47.8,40.7,0,0,0,0,0,0,0,0,0,0,0,0,0,0,0,0,0,0,0,0,0,0,0,0,0,0,0,0,0,0,0,0,0,0,0,0,0,0,0,0,0,0,0,0,0,0,0,0,0,0,0,0,0,0,0,0,0,0,0,0,121.7,108.1,84.3,53.4,28.6,32.1,35.7,31.3,31.5,51.7,81.9,115.9,131.9,126.4,112.3,108.7,110.5,95.1,78,69.4,70.6,73.4,83,98.5,113.9,126.8,122.6,121.5,124.4,123.1,0,0,0,0,0,0,0,0,0,0,0,0,0,0,0,0,0,0,0,0,0,0,0,0,0,0,0,0,0,0,0,0,0,0,0,0,0,0,0,0,0,0,0,0,0,0,0,0,0,0,0,0,0,0,0,0,0,0,0,0,FS,O,,2021,6,1,3/28/2008,20.55194805,24.33335832,25.08964037,20.55194805,0,0,35.5,49.6,79.6,104.2,105,95.7,78.5,52.7,34.8,40.3,47.3,39.2,23.4,29.9,44.1,44.8,55.5,57.1,47.3,27.6,18.7,48.2,65,68.2,60.7,51.3,47.8,40.7,0,0,0,0,0,0,0,0,0,0,0,0,0,0,0,0,0,0,0,0,0,0,0,0,0,0,0,0,0,0,0,0,0,0,0,0,0,0,0,0,0,0,0,0,0,0,0,0,0,0,0,0,0,0,0,0,0,0,0,0,0,0,84.3,53.4,28.6,32.1,35.7,31.3,31.5,51.7,81.9,115.9,131.9,126.4,112.3,108.7,110.5,95.1,78,69.4,70.6,73.4,83,98.5,113.9,126.8,122.6,121.5,124.4,123.1,0,0,0,0,0,0,0,0,0,0,0,0,0,0,0,0,0,0,0,0,0,0,0,0,0,0,0,0,0,0,0,0,0,0,0,0,0,0,0,0,0,0,0,0,0,0,0,0,0,0,0,0,0,0,0,0,0,0,0,0,1492.7,2436.5,53.31071429,87.01785714,55,115,3,3
1,1,B,S,2,90.1,1925,28,25,3,28,69,-106,1.5,0,0,0,90,2106,73,90,51.2,49.3,49,47.9,46.9,46,45.6,44.4,44.8,45,44.3,44.5,51.9,65.8,85.5,83.5,80.8,87.3,101.3,117.1,125.8,126.8,126.9,123,118.2,113,106.7,101.3,92.2,90.2,86.1,70.3,63.6,64.1,49.4,36.4,40.5,49.5,59.1,68.7,80,92,106.4,110.3,111.9,112.9,111.3,100.2,103.5,104.4,97.6,90.5,70.7,42.7,18.4,32.2,46.7,44,44.6,45.2,43.1,50.5,72.1,89.5,102.3,106.8,111.2,111.5,118.8,122.5,121.1,117.6,99.6,93.8,103.3,100.8,96.3,85.3,76,77.6,79.1,94.9,102.5,109.4,117.3,120.6,123.6,126.2,125.1,121.2,115.8,114.6,115,114.2,113.5,113.1,112.7,111.9,111.8,111.1,111.5,111.5,107.7,107.1,101.9,101.4,92.1,76.9,60.2,50.2,43.2,38.2,41,48.8,62,77.6,83.1,80.4,96.5,103.6,106.6,110.9,122.9,129.4,125.4,123.6,127.4,116.7,105,92.9,72.3,52.1,38.7,26.1,24.5,36.6,44.2,59,89,88.1,75.4,63.6,43.1,52.9,82.8,114.1,131.4,129.9,133.2,128.8,122.9,116.4,103.2,95.3,89.2,77.5,63.7,43.2,34.8,34.2,37.4,38.3,39.5,72,92.8,94.1,99.5,112.4,119.4,121.9,109.5,108.8,97.5,81.7,66.6,52.8,41.7,37.5,43.9,54.1,TT,O,,2021,1,1,3/27/2008,21.36514983,19.09724083,18.7147346,21.00977199,0,0,49,47.9,46.9,46,45.6,44.4,44.8,45,44.3,44.5,51.9,65.8,85.5,83.5,80.8,87.3,101.3,117.1,125.8,126.8,126.9,123,118.2,113,106.7,101.3,92.2,90.2,86.1,70.3,63.6,64.1,49.4,36.4,40.5,49.5,59.1,68.7,80,92,106.4,110.3,111.9,112.9,111.3,100.2,103.5,104.4,97.6,90.5,70.7,42.7,18.4,32.2,46.7,44,44.6,45.2,43.1,50.5,72.1,89.5,102.3,106.8,111.2,111.5,118.8,122.5,121.1,117.6,99.6,93.8,103.3,100.8,96.3,85.3,76,77.6,79.1,94.9,102.5,109.4,117.3,120.6,123.6,126.2,125.1,121.2,0,0,115,114.2,113.5,113.1,112.7,111.9,111.8,111.1,111.5,111.5,107.7,107.1,101.9,101.4,92.1,76.9,60.2,50.2,43.2,38.2,41,48.8,62,77.6,83.1,80.4,96.5,103.6,106.6,110.9,122.9,129.4,125.4,123.6,127.4,116.7,105,92.9,72.3,52.1,38.7,26.1,24.5,36.6,44.2,59,89,88.1,75.4,63.6,43.1,52.9,82.8,114.1,131.4,129.9,133.2,128.8,122.9,116.4,103.2,95.3,89.2,77.5,63.7,43.2,34.8,34.2,37.4,38.3,39.5,72,92.8,94.1,99.5,112.4,119.4,121.9,109.5,108.8,97.5,81.7,66.6,52.8,41.7,37.5,43.9,54.1,7428.5,7446.6,84.41477273,84.62045455,55,115,3,3
2,1,B,E,2,74.3,1784,23,27,13,38,49,50,1.5,1,0,0,90,2106,73,74,62.5,58.2,56.1,64.1,58.1,50.6,43.2,40.5,55.6,81.1,99.8,99.5,91.2,71.3,46,34.9,35.9,34.3,40.3,44.7,51.2,66.9,91.8,115.7,122.6,119,114,102.2,93,93.2,98.2,89,81.2,60.5,55.2,56,43.2,29.6,18.6,42.6,71,93.2,105.6,110.5,119.4,121.3,120.5,120.6,121,116.8,109.9,102.4,93.1,82.6,70.5,63.2,51.4,45.5,45.1,47.4,52.8,68.1,79.4,87.6,94.2,102.5,112.2,116.6,117.9,109.7,96.3,76.1,49.7,17.4,0,0,0,0,0,0,0,0,0,0,0,0,0,0,0,0,120.9,115.4,116.2,122.1,107.8,95.3,82.4,54.6,38.2,46.3,72.4,82.6,79.9,79.8,94.8,115.9,124.9,120,113.6,99.2,77.6,55.4,38.8,42.1,44.4,37.3,28.3,17.9,33.8,69.1,87,86.8,89.5,100.4,116.6,123.3,117.5,111.8,100.9,99.6,102.6,100,87.7,68.1,55.1,43.4,36.9,36.4,46,58,71.4,83.5,92.9,98.6,114,117.5,122.8,129.8,134.2,133.3,127.5,124.5,114.7,101.3,82,63.3,50.4,43.5,32.4,20.7,14.8,22.8,42.4,73.9,0,0,0,0,0,0,0,0,0,0,0,0,0,0,0,0,TT,O,,2021,2,1,3/27/2008,24.01076716,19.09724083,18.7147346,21.00977199,0,0,56.1,64.1,58.1,50.6,43.2,40.5,55.6,81.1,99.8,99.5,91.2,71.3,46,34.9,35.9,34.3,40.3,44.7,51.2,66.9,91.8,115.7,122.6,119,114,102.2,93,93.2,98.2,89,81.2,60.5,55.2,56,43.2,29.6,18.6,42.6,71,93.2,105.6,110.5,119.4,121.3,120.5,120.6,121,116.8,109.9,102.4,93.1,82.6,70.5,63.2,51.4,45.5,45.1,47.4,52.8,68.1,79.4,87.6,94.2,102.5,112.2,116.6,117.9,109.7,96.3,76.1,49.7,17.4,0,0,0,0,0,0,0,0,0,0,0,0,0,0,0,0,0,0,116.2,122.1,107.8,95.3,82.4,54.6,38.2,46.3,72.4,82.6,79.9,79.8,94.8,115.9,124.9,120,113.6,99.2,77.6,55.4,38.8,42.1,44.4,37.3,28.3,17.9,33.8,69.1,87,86.8,89.5,100.4,116.6,123.3,117.5,111.8,100.9,99.6,102.6,100,87.7,68.1,55.1,43.4,36.9,36.4,46,58,71.4,83.5,92.9,98.6,114,117.5,122.8,129.8,134.2,133.3,127.5,124.5,114.7,101.3,82,63.3,50.4,43.5,32.4,20.7,14.8,22.8,42.4,73.9,0,0,0,0,0,0,0,0,0,0,0,0,0,0,0,0,5582.4,5770.5,77.53333333,80.14583333,55,115,3,3
3,1,B,N,2,90.1,1913,32,28,8,32,60,44,1.5,0,1,0,90,2106,73,90,115.1,109.7,105.5,93.5,72.1,45.5,19.4,21,40.1,44.8,41.4,30.1,24.4,36.8,63,92.3,116.9,126,124,120.8,111.8,101.7,82.9,63.5,50,47.8,48.8,46.6,40.6,31.1,24.5,36.3,62.3,89,104.9,104.1,103.7,100.8,101.8,115.8,127.5,125.6,114.6,105.4,90.3,90.7,86.4,75.1,56.8,40,28.7,39,49.8,51.3,58,61,67.6,80.6,97.6,108.8,114.4,116.8,119.6,119,115.7,113.1,107.6,100.3,91.4,80.4,75,73.9,60.2,53.2,50.3,48.9,46.6,45.1,45.5,52.2,61.2,70.1,81.1,90.4,98.4,104.5,111.6,116.1,118,118.9,59.2,54.5,47,29.7,25.2,48.1,77.2,106.1,128.7,133.2,127,111.8,90.7,64.2,30.2,7.8,32.8,44.9,44.4,46.4,53.2,63.3,74.5,85.5,105.1,119.9,126.8,126.7,126.1,119.6,110.5,100.3,94.6,94.9,93.5,80.3,70.4,55.4,29.7,28.7,41.3,39.5,35.2,41.1,59.7,88.1,98.5,103.9,109.9,115,116.3,123.6,131.3,132.3,127.8,116,100.7,84.8,71.8,60.2,46.4,34.8,31.7,40.2,54.2,69.7,78.9,87.3,91.1,96.7,107.6,110.4,108.5,112.9,125.2,129.9,131.6,133.6,134.2,134.5,134.1,129,124.8,114.9,103.9,89.8,80.8,68.3,60.2,54.9,TT,O,,2021,3,1,3/27/2008,21.23196448,19.09724083,18.7147346,21.00977199,0,0,0,0,0,45.5,19.4,21,40.1,44.8,41.4,30.1,24.4,36.8,63,92.3,116.9,126,124,120.8,111.8,101.7,82.9,63.5,50,47.8,48.8,46.6,40.6,31.1,24.5,36.3,62.3,89,104.9,104.1,103.7,100.8,101.8,115.8,127.5,125.6,114.6,105.4,90.3,90.7,86.4,75.1,56.8,40,28.7,39,49.8,51.3,58,61,67.6,80.6,97.6,108.8,114.4,116.8,119.6,119,115.7,113.1,107.6,100.3,91.4,80.4,75,73.9,60.2,53.2,50.3,48.9,46.6,45.1,45.5,52.2,61.2,70.1,81.1,90.4,98.4,104.5,111.6,116.1,118,118.9,0,0,0,0,0,48.1,77.2,106.1,128.7,133.2,127,111.8,90.7,64.2,30.2,7.8,32.8,44.9,44.4,46.4,53.2,63.3,74.5,85.5,105.1,119.9,126.8,126.7,126.1,119.6,110.5,100.3,94.6,94.9,93.5,80.3,70.4,55.4,29.7,28.7,41.3,39.5,35.2,41.1,59.7,88.1,98.5,103.9,109.9,115,116.3,123.6,131.3,132.3,127.8,116,100.7,84.8,71.8,60.2,46.4,34.8,31.7,40.2,54.2,69.7,78.9,87.3,91.1,96.7,107.6,110.4,108.5,112.9,125.2,129.9,131.6,133.6,134.2,134.5,134.1,129,124.8,114.9,103.9,89.8,80.8,68.3,60.2,54.9,6568.8,7469.6,77.28,87.87764706,115,55,6,6
1,2,B,N,2,90.1,537,0,56,92,7,1,-33,1.5,0,0,0,90,2106,73,90,113.8,109,105.5,101,99.4,96,93.9,92,90.6,90.2,89.6,88.1,87,85.6,84.5,83.3,82.3,80.9,79.9,79.3,78.1,77,76.7,75.5,74.8,73.8,72.8,71.5,71.2,70.7,69.9,69.6,68.2,65.9,65,64.3,64.1,64.2,64.8,65.1,64.9,65.1,64.8,64.6,64.8,64.7,64.4,64.4,63.6,62.4,61.5,59.3,59.5,59.9,60.6,60.5,60.5,61,61,61.1,61,61.4,61.7,61.8,62.2,62.3,62.3,62,62,62.1,62.2,61.7,62,62,62.4,62.6,62.9,63.1,63.8,63.8,63.6,63.4,63.3,63.5,64.5,65.4,65.3,65,65.5,65.8,58.2,56.6,53.2,57.9,56.2,50.8,47.7,46.4,45.2,45.9,45,44.2,43.1,41.5,40.4,38.8,37.6,36.5,35.2,34.5,33.2,32.2,32,30.8,30.1,29.1,28.5,27.8,27.2,27.2,26.8,26.4,26.4,26.7,26.7,26.7,26.6,26.3,25.7,25.4,25.3,24.9,25.1,25.3,25,25,25.2,25.1,25.7,27.1,28.3,31.3,31.3,31,30.3,30.7,30.8,30.6,30.7,31,31.8,31.4,31.7,31.4,31.1,31.8,31.9,33.7,33.8,34.5,35.3,37.3,38.8,39.2,39.6,39.7,40.3,40.6,40.5,40.6,42.7,44.5,45.8,47.2,46.2,44.6,46.8,47.5,47.8,48.9,TT,O,,2021,4,1,3/28/2008,5.960044395,19.09724083,18.7147346,21.00977199,0,0,0,0,0,96,93.9,92,90.6,90.2,89.6,88.1,87,85.6,84.5,83.3,82.3,80.9,79.9,79.3,78.1,77,76.7,75.5,74.8,73.8,72.8,71.5,71.2,70.7,69.9,69.6,68.2,65.9,65,64.3,64.1,64.2,64.8,65.1,64.9,65.1,64.8,64.6,64.8,64.7,64.4,64.4,63.6,62.4,61.5,59.3,59.5,59.9,60.6,60.5,60.5,61,61,61.1,61,61.4,61.7,61.8,62.2,62.3,62.3,62,62,62.1,62.2,61.7,62,62,62.4,62.6,62.9,63.1,63.8,63.8,63.6,63.4,63.3,63.5,64.5,65.4,65.3,65,65.5,65.8,0,0,0,0,0,50.8,47.7,46.4,45.2,45.9,45,44.2,43.1,41.5,40.4,38.8,37.6,36.5,35.2,34.5,33.2,32.2,32,30.8,30.1,29.1,28.5,27.8,27.2,27.2,26.8,26.4,26.4,26.7,26.7,26.7,26.6,26.3,25.7,25.4,25.3,24.9,25.1,25.3,25,25,25.2,25.1,25.7,27.1,28.3,31.3,31.3,31,30.3,30.7,30.8,30.6,30.7,31,31.8,31.4,31.7,31.4,31.1,31.8,31.9,33.7,33.8,34.5,35.3,37.3,38.8,39.2,39.6,39.7,40.3,40.6,40.5,40.6,42.7,44.5,45.8,47.2,46.2,44.6,46.8,47.5,47.8,48.9,5845.6,2931.3,68.77176471,34.48588235,115,55,6,6
2,2,B,W,2,69.6,1462,18,34,17,30,53,1,1.5,1,1,0,90,2106,73,69,114.9,105.9,81,59.4,43.7,59.6,88.9,102,104.2,102.9,100.5,93.9,83.9,73.4,70.8,72.3,68.3,58.2,46,38.8,43.6,55.8,61.4,65,67.2,73.9,84.7,98.6,113.3,119.8,125.2,123.5,121.3,117.9,114.8,113.3,112.2,111,108.7,102.5,92.9,72.4,54.8,32.1,35,45.5,41,35.6,36.7,45.5,62.1,82.4,102.9,118.6,123.9,121.9,120.9,124.5,125.1,124.9,125.1,124.6,122,120.1,117.1,107.1,86.3,64.4,25.6,0,0,0,0,0,0,0,0,0,0,0,0,0,0,0,0,0,0,0,0,0,59.5,56.6,42.5,36.4,53.3,81.1,100.3,93.1,81.2,71.4,50.8,24.1,10.1,44.2,72.2,100.5,114.1,120.1,125.5,127.2,130.1,135,128.9,118,101.9,84.2,63.1,46.9,36.6,35,37.3,42.9,52.9,60.7,62,64.1,66.7,68.1,68.6,69.7,71.9,75.6,82.5,102.9,121.4,134.5,127.6,116.1,101.2,83.9,66.9,54.3,49.9,48.2,44,40.3,37,35.5,36,36.5,37.7,38.2,36.1,35.9,37.4,33.9,33.3,43.5,73.7,0,0,0,0,0,0,0,0,0,0,0,0,0,0,0,0,0,0,0,0,0,TT,O,,2021,5,1,3/28/2008,21.00574713,19.09724083,18.7147346,21.00977199,0,0,0,0,0,59.6,88.9,102,104.2,102.9,100.5,93.9,83.9,73.4,70.8,72.3,68.3,58.2,46,38.8,43.6,55.8,61.4,65,67.2,73.9,84.7,98.6,113.3,119.8,125.2,123.5,121.3,117.9,114.8,113.3,112.2,111,108.7,102.5,92.9,72.4,54.8,32.1,35,45.5,41,35.6,36.7,45.5,62.1,82.4,102.9,118.6,123.9,121.9,120.9,124.5,125.1,124.9,125.1,124.6,122,120.1,117.1,107.1,86.3,64.4,25.6,0,0,0,0,0,0,0,0,0,0,0,0,0,0,0,0,0,0,0,0,0,0,0,0,0,0,81.1,100.3,93.1,81.2,71.4,50.8,24.1,10.1,44.2,72.2,100.5,114.1,120.1,125.5,127.2,130.1,135,128.9,118,101.9,84.2,63.1,46.9,36.6,35,37.3,42.9,52.9,60.7,62,64.1,66.7,68.1,68.6,69.7,71.9,75.6,82.5,102.9,121.4,134.5,127.6,116.1,101.2,83.9,66.9,54.3,49.9,48.2,44,40.3,37,35.5,36,36.5,37.7,38.2,36.1,35.9,37.4,33.9,33.3,43.5,73.7,0,0,0,0,0,0,0,0,0,0,0,0,0,0,0,0,0,0,0,0,0,5588.4,4524.5,87.31875,70.6953125,115,55,6,6
3,2,B,E,2,30.7,645,34,30,33,41,26,58,1.5,0,1,0,90,2106,73,30,70.1,64.1,60.2,49.4,28.7,26.8,41.9,59.2,62.8,47.9,32.9,14.5,18.9,40.1,61.1,86.2,111.3,125.7,122.7,119.2,116.9,105.9,87.2,64.8,51.5,31.2,21.1,23.7,33.9,48.7,0,0,0,0,0,0,0,0,0,0,0,0,0,0,0,0,0,0,0,0,0,0,0,0,0,0,0,0,0,0,0,0,0,0,0,0,0,0,0,0,0,0,0,0,0,0,0,0,0,0,0,0,0,0,0,0,0,0,0,0,125.6,112.6,108.2,100.7,84,69.3,74.1,95.2,110.7,113.8,106.8,92.5,73.2,49.3,28.3,9.7,26.5,41.7,38.5,36.3,38.6,37.3,38.8,54.1,68.6,90.1,105.6,111.5,112.6,112,0,0,0,0,0,0,0,0,0,0,0,0,0,0,0,0,0,0,0,0,0,0,0,0,0,0,0,0,0,0,0,0,0,0,0,0,0,0,0,0,0,0,0,0,0,0,0,0,0,0,0,0,0,0,0,0,0,0,0,0,FS,O,,2021,6,1,3/28/2008,21.00977199,19.09724083,18.7147346,21.00977199,0,0,60.2,49.4,28.7,26.8,41.9,59.2,62.8,47.9,32.9,14.5,18.9,40.1,61.1,86.2,111.3,125.7,122.7,119.2,116.9,105.9,87.2,64.8,51.5,31.2,21.1,23.7,33.9,48.7,0,0,0,0,0,0,0,0,0,0,0,0,0,0,0,0,0,0,0,0,0,0,0,0,0,0,0,0,0,0,0,0,0,0,0,0,0,0,0,0,0,0,0,0,0,0,0,0,0,0,0,0,0,0,0,0,0,0,0,0,0,0,108.2,100.7,84,69.3,74.1,95.2,110.7,113.8,106.8,92.5,73.2,49.3,28.3,9.7,26.5,41.7,38.5,36.3,38.6,37.3,38.8,54.1,68.6,90.1,105.6,111.5,112.6,112,0,0,0,0,0,0,0,0,0,0,0,0,0,0,0,0,0,0,0,0,0,0,0,0,0,0,0,0,0,0,0,0,0,0,0,0,0,0,0,0,0,0,0,0,0,0,0,0,0,0,0,0,0,0,0,0,0,0,0,0,1694.4,2028,60.51428571,72.42857143,55,115,3,3
4,1,B,S,2,90.1,2151,26,22,9,15,76,47,1.5,1,0,0,90,2106,77,90,50.9,41.6,42.5,41.3,45.4,73.8,107.9,113.7,117.7,125.7,124.6,119.7,112.6,101.9,89.6,78.6,67.6,49.3,44,36.1,35.3,56.2,60.6,46.6,33.1,41.6,78.6,108.8,122.2,112.9,94.7,64.3,50.5,67.9,95.8,115.7,118.6,121,126.5,127.1,124.5,119,112.4,102.5,91,77,63.3,52.2,46.3,46.2,55.9,63,73.8,77.7,89.4,105.2,102.1,100.5,109.1,121.3,124.2,123.9,122.1,126.2,125.4,120.9,111.8,103.3,101,97.4,89,83.2,68.6,61.5,68.2,68.4,69.2,71,58.9,41.8,32.2,11.8,24.1,46.3,55.2,59,65.8,75.2,84.9,92.3,110.1,118.6,130.8,129.2,112.8,90,80.6,70.3,50.2,38.7,39.9,57.4,75.1,90.4,107.9,118.5,126.5,131.4,133,124.1,110.9,114.5,118.1,113.4,96.7,55,19.6,32.9,53.9,53.8,46.8,39.3,43.2,57.5,68.7,69.3,57.2,43.8,38.6,40.4,48.7,59.7,74.1,87.2,98.1,106.5,117.9,127.2,133.1,134.2,135.1,128.2,120.8,104.7,92.6,93.3,86.6,76.8,62.7,53.8,44.3,37.5,33.7,39.8,48.1,53.8,59.1,68.4,85.1,92.1,89.7,88.4,89.8,104.7,114.3,115.6,113.2,105.2,88.6,75.7,71.8,83.4,102.6,126.8,133.5,132.6,129.9,125.2,117.1,103.3,TT,O,,2021,1,1,3/27/2008,23.87347392,23.47619908,22.98697287,25.9223301,0,41.6,42.5,41.3,45.4,73.8,107.9,113.7,117.7,125.7,124.6,119.7,112.6,101.9,89.6,78.6,67.6,49.3,44,36.1,35.3,56.2,60.6,46.6,33.1,41.6,78.6,108.8,122.2,112.9,94.7,64.3,50.5,67.9,95.8,115.7,118.6,121,126.5,127.1,124.5,119,112.4,102.5,91,77,63.3,52.2,46.3,46.2,55.9,63,73.8,77.7,89.4,105.2,102.1,100.5,109.1,121.3,124.2,123.9,122.1,126.2,125.4,120.9,111.8,103.3,101,97.4,89,83.2,68.6,61.5,68.2,68.4,69.2,71,58.9,41.8,32.2,11.8,24.1,46.3,55.2,59,65.8,75.2,84.9,92.3,0,118.6,130.8,129.2,112.8,90,80.6,70.3,50.2,38.7,39.9,57.4,75.1,90.4,107.9,118.5,126.5,131.4,133,124.1,110.9,114.5,118.1,113.4,96.7,55,19.6,32.9,53.9,53.8,46.8,39.3,43.2,57.5,68.7,69.3,57.2,43.8,38.6,40.4,48.7,59.7,74.1,87.2,98.1,106.5,117.9,127.2,133.1,134.2,135.1,128.2,120.8,104.7,92.6,93.3,86.6,76.8,62.7,53.8,44.3,37.5,33.7,39.8,48.1,53.8,59.1,68.4,85.1,92.1,89.7,88.4,89.8,104.7,114.3,115.6,113.2,105.2,88.6,75.7,71.8,83.4,102.6,126.8,133.5,132.6,129.9,125.2,117.1,103.3,7326.8,7713.6,82.32359551,86.66966292,55,115,2,2
5,1,B,E,2,90.1,1817,23,19,26,34,40,105,1.5,0,0,0,90,2106,77,90,76.1,94.3,101.5,104.4,103.8,98.6,106.2,124.1,126,119.1,114.9,118.2,126,116.2,110,96.3,79.3,76.1,92.5,102.8,98.9,87.1,72.9,60.1,54.2,46.2,41.8,50.5,65,74.5,81.8,87.5,90.8,99,107.7,98.2,85.8,70.6,52.8,50.1,45.2,37.2,40.5,44.3,40.8,42.2,51.4,62.4,69.5,70.3,68.7,68.7,70,63.9,52.9,43.6,52.9,58.7,53.7,47.6,53.4,62.6,55.3,50.9,49.2,29.7,19.6,33.7,54.7,69.2,77.6,86.4,92.9,90.7,88.7,93.9,91.6,76.3,60,51.1,52.8,70.7,84.8,89,86.1,80.7,67.3,53.9,37.8,44.1,112.3,107.8,95,78.8,58.8,37.3,22.7,35,37.8,30.9,30.7,43.1,50.1,41.4,37.8,31.2,36.6,56.3,76.4,84.8,86.4,85.8,92.6,104.5,121.2,130.3,130.5,131.6,131.2,125.9,119.2,113,102,90,88.7,86.6,85.7,93.9,106.1,126.5,128.8,123.7,129.4,129.9,116.6,107.6,84.6,66.5,44.4,23.5,27.6,51,75.4,92.5,99.7,86.3,80.2,87.8,94.1,103.3,118.7,130.5,128.3,128.3,132.1,117.7,101.9,80,55.2,29,13.9,26,47.2,62.2,78,98.4,105.4,102.5,98.4,81,60.6,41.7,48.3,59.6,69.3,73.8,74.9,75.9,59.8,48.4,TT,O,,2021,2,1,3/27/2008,20.16648169,23.47619908,22.98697287,25.9223301,0,94.3,101.5,104.4,103.8,98.6,106.2,124.1,126,119.1,114.9,118.2,126,116.2,110,96.3,79.3,76.1,92.5,102.8,98.9,87.1,72.9,60.1,54.2,46.2,41.8,50.5,65,74.5,81.8,87.5,90.8,99,107.7,98.2,85.8,70.6,52.8,50.1,45.2,37.2,40.5,44.3,40.8,42.2,51.4,62.4,69.5,70.3,68.7,68.7,70,63.9,52.9,43.6,52.9,58.7,53.7,47.6,53.4,62.6,55.3,50.9,49.2,29.7,19.6,33.7,54.7,69.2,77.6,86.4,92.9,90.7,88.7,93.9,91.6,76.3,60,51.1,52.8,70.7,84.8,89,86.1,80.7,67.3,53.9,37.8,44.1,0,107.8,95,78.8,58.8,37.3,22.7,35,37.8,30.9,30.7,43.1,50.1,41.4,37.8,31.2,36.6,56.3,76.4,84.8,86.4,85.8,92.6,104.5,121.2,130.3,130.5,131.6,131.2,125.9,119.2,113,102,90,88.7,86.6,85.7,93.9,106.1,126.5,128.8,123.7,129.4,129.9,116.6,107.6,84.6,66.5,44.4,23.5,27.6,51,75.4,92.5,99.7,86.3,80.2,87.8,94.1,103.3,118.7,130.5,128.3,128.3,132.1,117.7,101.9,80,55.2,29,13.9,26,47.2,62.2,78,98.4,105.4,102.5,98.4,81,60.6,41.7,48.3,59.6,69.3,73.8,74.9,75.9,59.8,48.4,6525,7244.1,73.31460674,81.39438202,55,115,2,2
6,1,B,N,2,90.1,1741,34,35,23,25,52,30,1.5,0,1,0,90,2106,77,90,118.5,120.4,110.4,98.1,80.1,64,76.8,95.7,106.4,105.3,95.5,79.4,77.8,89.5,104.7,112.3,114,106.1,96.1,85.9,73.6,62.9,61.4,72.5,79.7,74.5,67.1,54.2,45.9,42.9,45.5,48.3,57.5,68.5,83.3,94.1,101.2,106,115.7,119.6,120.4,123.9,124.9,124.2,121.8,119.4,115.3,106.2,95.9,82.1,72.3,63.6,53.2,48.4,49.7,50.9,41.7,33.5,15.5,21.3,39.3,46.3,41,21.5,28.3,40.5,39.4,33.8,30.4,37.2,41.7,28.6,20.3,17.7,35.2,54.9,60.5,63.1,65.6,68.7,82.9,83,73.5,61.2,47.3,33,28.6,37.2,52.3,62.9,53.6,51,45.5,36.7,28.4,27.3,19.8,18.2,18.2,18.3,22,23.3,13.1,6.7,15.7,25.7,33.9,33.5,27.2,16.8,16.9,32.8,59.9,85.9,104.3,109,108,113,122.4,131,133.5,129.1,125.7,119,114.3,104.5,92.1,76.1,65.6,54.5,44.6,38.5,36.3,40.1,48.5,60.5,69.3,76.2,83.8,94,108.9,120,122.8,127.5,126.4,112.1,87.5,79.8,88.7,104.7,122,119.9,111.3,104,115.9,129.1,124.3,118.9,119.2,126.1,130.7,117.4,106.6,87.9,65.4,37.8,30.7,41.4,58.3,80.3,105.7,110.8,111.7,111.4,112.6,113.3,116.3,119.1,117.2,109,TT,O,,2021,3,1,3/27/2008,19.32297447,23.47619908,22.98697287,25.9223301,0,0,0,0,80.1,64,76.8,95.7,106.4,105.3,95.5,79.4,77.8,89.5,104.7,112.3,114,106.1,96.1,85.9,73.6,62.9,61.4,72.5,79.7,74.5,67.1,54.2,45.9,42.9,45.5,48.3,57.5,68.5,83.3,94.1,101.2,106,115.7,119.6,120.4,123.9,124.9,124.2,121.8,119.4,115.3,106.2,95.9,82.1,72.3,63.6,53.2,48.4,49.7,50.9,41.7,33.5,15.5,21.3,39.3,46.3,41,21.5,28.3,40.5,39.4,33.8,30.4,37.2,41.7,28.6,20.3,17.7,35.2,54.9,60.5,63.1,65.6,68.7,82.9,83,73.5,61.2,47.3,33,28.6,37.2,52.3,62.9,0,0,0,0,28.4,27.3,19.8,18.2,18.2,18.3,22,23.3,13.1,6.7,15.7,25.7,33.9,33.5,27.2,16.8,16.9,32.8,59.9,85.9,104.3,109,108,113,122.4,131,133.5,129.1,125.7,119,114.3,104.5,92.1,76.1,65.6,54.5,44.6,38.5,36.3,40.1,48.5,60.5,69.3,76.2,83.8,94,108.9,120,122.8,127.5,126.4,112.1,87.5,79.8,88.7,104.7,122,119.9,111.3,104,115.9,129.1,124.3,118.9,119.2,126.1,130.7,117.4,106.6,87.9,65.4,37.8,30.7,41.4,58.3,80.3,105.7,110.8,111.7,111.4,112.6,113.3,116.3,119.1,117.2,109,5924.1,6990.2,68.88488372,81.28139535,115,55,5,5
4,2,B,N,2,68.8,1793,32,22,44,25,31,100,1.5,1,0,0,90,2106,77,68,114.6,125.4,123.8,118.6,109.9,99.3,84.9,67,51.4,45,47.9,56.3,68.4,81.3,88.3,80,63.5,39.9,46.1,67,68.1,57.9,33.8,30.4,45.7,44,35.7,24.1,19.8,34.1,45.5,44.4,31.9,16.6,25.2,41.4,52.6,50.1,40.5,31.4,30.5,34.1,39.1,44.9,49.9,37.2,21,38.7,66.1,96.1,113.7,113.9,109.1,104.6,92.4,73.6,55.9,47.7,56.3,77.6,81.2,78.3,71.4,66.1,62,55.3,50.4,31.1,0,0,0,0,0,0,0,0,0,0,0,0,0,0,0,0,0,0,0,0,0,0,42.5,38.2,46.7,59.8,76.3,87.4,103.3,115.9,125.8,132.7,134.9,132.6,127.6,122.1,117.3,112.7,105.6,90,43.8,30.1,41,54.6,69.7,62.7,44.8,48.4,64.9,87.1,106.2,117.4,105.7,84.3,75.4,86.7,109,123.1,119.1,103.5,83.4,67.1,61.8,73.3,87,110.7,128.1,123.3,100,70.9,53.3,45.5,40.8,28.8,21.1,24,27.9,28.4,34.5,57.6,83.1,100.5,89,74.2,52.9,30.7,29.2,45.4,58.3,76.7,0,0,0,0,0,0,0,0,0,0,0,0,0,0,0,0,0,0,0,0,0,0,TT,O,,2021,4,1,3/28/2008,26.06104651,23.47619908,22.98697287,25.9223301,0,0,0,0,109.9,99.3,84.9,67,51.4,45,47.9,56.3,68.4,81.3,88.3,80,63.5,39.9,46.1,67,68.1,57.9,33.8,30.4,45.7,44,35.7,24.1,19.8,34.1,45.5,44.4,31.9,16.6,25.2,41.4,52.6,50.1,40.5,31.4,30.5,34.1,39.1,44.9,49.9,37.2,21,38.7,66.1,96.1,113.7,113.9,109.1,104.6,92.4,73.6,55.9,47.7,56.3,77.6,81.2,78.3,71.4,66.1,62,55.3,50.4,31.1,0,0,0,0,0,0,0,0,0,0,0,0,0,0,0,0,0,0,0,0,0,0,0,0,0,0,76.3,87.4,103.3,115.9,125.8,132.7,134.9,132.6,127.6,122.1,117.3,112.7,105.6,90,43.8,30.1,41,54.6,69.7,62.7,44.8,48.4,64.9,87.1,106.2,117.4,105.7,84.3,75.4,86.7,109,123.1,119.1,103.5,83.4,67.1,61.8,73.3,87,110.7,128.1,123.3,100,70.9,53.3,45.5,40.8,28.8,21.1,24,27.9,28.4,34.5,57.6,83.1,100.5,89,74.2,52.9,30.7,29.2,45.4,58.3,76.7,0,0,0,0,0,0,0,0,0,0,0,0,0,0,0,0,0,0,0,0,0,0,3667.6,5069.2,57.30625,79.20625,115,55,5,5
5,2,B,W,2,59.7,1523,31,20,28,44,28,-44,1.5,2,0,0,90,2106,77,59,108.7,92.9,67.1,34.9,46.5,67.3,65.2,47.9,28.7,8,17.8,26.8,33.4,41.7,47.6,44.7,48.8,56.4,64.9,61.5,56.7,52.5,39.7,27.8,28.6,52.7,75.6,89.6,99,107,110.4,111.4,111.8,116.1,109.3,102.2,93.7,81.4,64.8,43.5,27.3,36.4,50.6,65.5,78.6,94.7,108,108.8,99.8,87.8,72.4,48.2,28.8,26.1,44.3,52.2,50.9,40.4,22.4,0,0,0,0,0,0,0,0,0,0,0,0,0,0,0,0,0,0,0,0,0,0,0,0,0,0,0,0,0,0,0,35.4,19,26.4,68.9,98,101.5,88.3,69.6,67.2,82.8,103.6,115,111.2,96.4,72.6,55.3,42.5,54,68.8,87.2,98.1,118.3,120.7,114.9,105.5,102.3,94.1,83,67.6,49.9,30.9,23.2,35.5,57.6,70,76.3,91.5,103.8,108.7,111.1,112.6,117.6,112.4,101.3,89.3,77.9,68.2,52.5,33.7,16.6,21.1,42.4,68,103.2,121.8,118.4,109.1,93.8,89.9,0,0,0,0,0,0,0,0,0,0,0,0,0,0,0,0,0,0,0,0,0,0,0,0,0,0,0,0,0,0,0,TT,O,,2021,5,1,3/28/2008,25.51088777,23.47619908,22.98697287,25.9223301,0,0,0,0,46.5,67.3,65.2,47.9,28.7,8,17.8,26.8,33.4,41.7,47.6,44.7,48.8,56.4,64.9,61.5,56.7,52.5,39.7,27.8,28.6,52.7,75.6,89.6,99,107,110.4,111.4,111.8,116.1,109.3,102.2,93.7,81.4,64.8,43.5,27.3,36.4,50.6,65.5,78.6,94.7,108,108.8,99.8,87.8,72.4,48.2,28.8,26.1,44.3,52.2,50.9,40.4,22.4,0,0,0,0,0,0,0,0,0,0,0,0,0,0,0,0,0,0,0,0,0,0,0,0,0,0,0,0,0,0,0,0,0,0,0,98,101.5,88.3,69.6,67.2,82.8,103.6,115,111.2,96.4,72.6,55.3,42.5,54,68.8,87.2,98.1,118.3,120.7,114.9,105.5,102.3,94.1,83,67.6,49.9,30.9,23.2,35.5,57.6,70,76.3,91.5,103.8,108.7,111.1,112.6,117.6,112.4,101.3,89.3,77.9,68.2,52.5,33.7,16.6,21.1,42.4,68,103.2,121.8,118.4,109.1,93.8,89.9,0,0,0,0,0,0,0,0,0,0,0,0,0,0,0,0,0,0,0,0,0,0,0,0,0,0,0,0,0,0,0,3424.2,4526.8,62.25818182,82.30545455,115,55,5,5
6,2,B,E,2,30.9,801,27,17,36,52,12,-1,1.5,1,0,0,90,2106,77,30,53.8,31.1,31.3,58.4,68.5,61.4,45.4,18.8,18.5,45.9,65.8,82.7,96.5,105.7,111.7,113.6,109.2,100.4,86.7,68.7,54.8,35.3,24.6,29.1,47.3,68.1,90.2,90.3,86.3,76.2,0,0,0,0,0,0,0,0,0,0,0,0,0,0,0,0,0,0,0,0,0,0,0,0,0,0,0,0,0,0,0,0,0,0,0,0,0,0,0,0,0,0,0,0,0,0,0,0,0,0,0,0,0,0,0,0,0,0,0,0,121.3,97.8,66.5,46.9,54.4,67.4,77.1,86.1,96.4,97.1,88.8,74.4,58,42,28.8,25.4,29.6,39.8,55.5,71.9,83.8,104.2,111.6,110.5,106.1,101.5,99,84.4,63,41.2,0,0,0,0,0,0,0,0,0,0,0,0,0,0,0,0,0,0,0,0,0,0,0,0,0,0,0,0,0,0,0,0,0,0,0,0,0,0,0,0,0,0,0,0,0,0,0,0,0,0,0,0,0,0,0,0,0,0,0,0,FS,O,,2021,6,1,3/28/2008,25.9223301,23.47619908,22.98697287,25.9223301,0,31.1,31.3,58.4,68.5,61.4,45.4,18.8,18.5,45.9,65.8,82.7,96.5,105.7,111.7,113.6,109.2,100.4,86.7,68.7,54.8,35.3,24.6,29.1,47.3,68.1,90.2,90.3,86.3,76.2,0,0,0,0,0,0,0,0,0,0,0,0,0,0,0,0,0,0,0,0,0,0,0,0,0,0,0,0,0,0,0,0,0,0,0,0,0,0,0,0,0,0,0,0,0,0,0,0,0,0,0,0,0,0,0,0,0,0,0,0,0,97.8,66.5,46.9,54.4,67.4,77.1,86.1,96.4,97.1,88.8,74.4,58,42,28.8,25.4,29.6,39.8,55.5,71.9,83.8,104.2,111.6,110.5,106.1,101.5,99,84.4,63,41.2,0,0,0,0,0,0,0,0,0,0,0,0,0,0,0,0,0,0,0,0,0,0,0,0,0,0,0,0,0,0,0,0,0,0,0,0,0,0,0,0,0,0,0,0,0,0,0,0,0,0,0,0,0,0,0,0,0,0,0,0,1922.5,2109.2,66.29310345,72.73103448,55,115,2,2
7,1,B,S,2,90.1,2069,34,25,7,25,68,70,1.5,1,1,0,90,2106,78,90,52.5,52.9,47.6,43,40,31.2,48.5,78.4,98.4,107.9,123.2,127.6,125.8,120,111.3,95.4,78.5,60.2,47.4,45.4,52.5,65.4,78.8,94.2,91.5,95.8,109.5,126.9,122.2,103,88.9,73.6,63.4,64.1,62.2,47.3,26.2,12,9.8,20.8,47.4,72.9,91.4,101.3,111.1,118.4,114.4,111.4,108.3,101.2,89.8,81.7,78.4,71.1,61.8,53.7,47.2,38.6,30.1,37.3,54.5,60.6,59.8,61.1,68.5,90.8,106.2,117.6,120.4,125.4,126.6,126.8,125.7,120.2,115.1,115.1,111,105.5,98.9,85.9,78.5,78,72.7,66.6,52.5,37.5,21.2,26.6,41.4,43.6,117,117.9,121.9,129.2,128.1,116.1,104.5,90.6,65.8,40.5,34.8,40.1,41.2,55,72.8,90,107.2,119.3,129.5,133.7,130,122.8,111.9,110.7,91,56.9,37.1,41.5,34.6,22.4,37.5,55.9,81.5,107.2,117.7,111.7,106.4,100.1,89.9,69.1,45.6,22.4,7.5,23.9,47,62.5,63.5,71.8,83.8,90.4,97.7,109.8,121.7,125,128.8,132.7,133.3,127.7,115.8,111.1,116.8,120.2,116.5,102.9,93.7,84.1,77.9,71,61.4,52.7,47.5,40.2,39.2,40.9,51,68.8,78.8,90.5,99.9,104.7,113.9,123.9,128.2,129.2,123.3,115.5,107.8,113.4,125.7,129.6,TT,O,,2021,1,1,3/27/2008,22.96337403,20.97818571,21.10867627,20.3257329,0,0,47.6,43,40,31.2,48.5,78.4,98.4,107.9,123.2,127.6,125.8,120,111.3,95.4,78.5,60.2,47.4,45.4,52.5,65.4,78.8,94.2,91.5,95.8,109.5,126.9,122.2,103,88.9,73.6,63.4,64.1,62.2,47.3,26.2,12,9.8,20.8,47.4,72.9,91.4,101.3,111.1,118.4,114.4,111.4,108.3,101.2,89.8,81.7,78.4,71.1,61.8,53.7,47.2,38.6,30.1,37.3,54.5,60.6,59.8,61.1,68.5,90.8,106.2,117.6,120.4,125.4,126.6,126.8,125.7,120.2,115.1,115.1,111,105.5,98.9,85.9,78.5,78,72.7,66.6,52.5,37.5,21.2,26.6,41.4,43.6,0,0,121.9,129.2,128.1,116.1,104.5,90.6,65.8,40.5,34.8,40.1,41.2,55,72.8,90,107.2,119.3,129.5,133.7,130,122.8,111.9,110.7,91,56.9,37.1,41.5,34.6,22.4,37.5,55.9,81.5,107.2,117.7,111.7,106.4,100.1,89.9,69.1,45.6,22.4,7.5,23.9,47,62.5,63.5,71.8,83.8,90.4,97.7,109.8,121.7,125,128.8,132.7,133.3,127.7,115.8,111.1,116.8,120.2,116.5,102.9,93.7,84.1,77.9,71,61.4,52.7,47.5,40.2,39.2,40.9,51,68.8,78.8,90.5,99.9,104.7,113.9,123.9,128.2,129.2,123.3,115.5,107.8,113.4,125.7,129.6,6919.7,7747.4,78.63295455,88.03863636,55,115,3,3
8,1,B,E,2,90.1,1641,22,12,24,36,40,63,1.5,0,0,0,90,2106,78,90,66.8,62.2,55.9,46.9,42.9,52.3,69.2,85.4,89,80.8,64.3,46.2,31.2,22.6,38.5,52.1,53.6,59.9,71.7,83.9,91.3,96.9,103.4,106.2,100.4,91.1,75.4,54.8,43.1,48.2,62.7,77,84.6,89.3,86.9,79.9,71.9,63.5,54.7,51.2,45.5,43.3,43.9,43.4,49.8,60.8,66.7,70.8,66.8,65.4,77.5,90.1,92.7,84.5,76.7,68.3,64.1,74.8,91.3,110,122.4,124.5,116.4,104.7,92.1,76.6,57.9,41.5,35,34.4,43.5,42.7,40,40.4,43.7,47.6,48.5,45.2,43,46.4,53.6,61.7,66.6,70.3,74.3,80.3,78.6,76.9,78,87.3,116.9,104.7,89.4,70.1,52.3,39.4,41.8,59.6,77.9,86.7,88.3,90,96.8,110.9,125.1,133.1,124.2,112.5,101.2,87.4,71.3,51.8,35.3,20.6,15.2,27.3,42.6,49.4,48.6,45.8,49.8,65.1,82.2,102.9,114,120.9,125.8,131.2,131.7,134.3,133.3,132.4,130.6,123.8,119,118.5,116.6,115.2,104,94.9,86.3,90.5,95,89.2,79.3,69.2,52,31.2,21.9,32.3,46,49.4,49.8,54.2,57.9,61.8,68.6,82.3,93.3,116.6,130.8,131.9,128.3,123.4,115.6,104,89,74.6,59,44.9,39.7,50.4,64.5,77.7,100.6,105.5,100.4,94.6,84,75,TT,O,,2021,2,1,3/27/2008,18.21309656,20.97818571,21.10867627,20.3257329,0,0,55.9,46.9,42.9,52.3,69.2,85.4,89,80.8,64.3,46.2,31.2,22.6,38.5,52.1,53.6,59.9,71.7,83.9,91.3,96.9,103.4,106.2,100.4,91.1,75.4,54.8,43.1,48.2,62.7,77,84.6,89.3,86.9,79.9,71.9,63.5,54.7,51.2,45.5,43.3,43.9,43.4,49.8,60.8,66.7,70.8,66.8,65.4,77.5,90.1,92.7,84.5,76.7,68.3,64.1,74.8,91.3,110,122.4,124.5,116.4,104.7,92.1,76.6,57.9,41.5,35,34.4,43.5,42.7,40,40.4,43.7,47.6,48.5,45.2,43,46.4,53.6,61.7,66.6,70.3,74.3,80.3,78.6,76.9,78,87.3,0,0,89.4,70.1,52.3,39.4,41.8,59.6,77.9,86.7,88.3,90,96.8,110.9,125.1,133.1,124.2,112.5,101.2,87.4,71.3,51.8,35.3,20.6,15.2,27.3,42.6,49.4,48.6,45.8,49.8,65.1,82.2,102.9,114,120.9,125.8,131.2,131.7,134.3,133.3,132.4,130.6,123.8,119,118.5,116.6,115.2,104,94.9,86.3,90.5,95,89.2,79.3,69.2,52,31.2,21.9,32.3,46,49.4,49.8,54.2,57.9,61.8,68.6,82.3,93.3,116.6,130.8,131.9,128.3,123.4,115.6,104,89,74.6,59,44.9,39.7,50.4,64.5,77.7,100.6,105.5,100.4,94.6,84,75,5939.4,7361.5,67.49318182,83.65340909,55,115,3,3
9,1,B,N,2,86.6,1493,21,32,40,38,22,71,1.5,0,2,0,90,2106,78,86,115.5,113,105.5,93.6,79,68.7,75.3,86.7,90.3,93.3,90.8,89.1,94,103.9,110.5,106.2,96.2,79.3,61.4,45.2,37.8,31.2,31.9,41.7,48.3,53.4,57,62.9,73.6,81,78.6,69.5,58.1,46.8,49.9,63.6,78.9,87.8,88.4,80.7,67.2,53.2,39.5,30.6,32.2,43.7,61.2,82.4,97,96.5,99.2,110,119.3,118.3,114.7,103.5,87,75.4,73,80.3,94.5,104.4,107.4,104,97.4,90.1,86.8,93.1,97.3,92.7,84.6,74,59.4,50.6,39.2,21.3,15.6,19.2,25.7,29.5,29.3,28.7,28.5,28,21.5,13,0,0,0,0,51.6,41.7,29.7,21.4,26.5,44,61.7,60.1,53.3,41.6,25.2,5.9,19,40.2,55,60.4,62.2,66,73.2,87.8,103.4,114.7,120.7,125.1,120.7,110.7,96.2,77.8,59.4,41.3,26.9,25.5,34.8,51.8,68.9,79,90.1,101.6,109.2,110.1,99.5,85.7,73.2,62.4,61.4,69.9,83.5,96.1,94.5,83.3,70.3,62.6,62.4,57.1,45.9,34.1,20.9,15.5,23.6,37.6,44.5,43.5,36.1,25,11.1,9.6,28.2,51.3,68.7,78.9,87.2,95.9,100.7,103.1,104.7,106.9,102.8,94.1,78.5,64.8,60.4,66.4,77.2,82.7,105,101.6,0,0,0,0,TT,O,,2021,3,1,3/27/2008,17.24018476,20.97818571,21.10867627,20.3257329,0,0,0,0,79,68.7,75.3,86.7,90.3,93.3,90.8,89.1,94,103.9,110.5,106.2,96.2,79.3,61.4,45.2,37.8,31.2,31.9,41.7,48.3,53.4,57,62.9,73.6,81,78.6,69.5,58.1,46.8,49.9,63.6,78.9,87.8,88.4,80.7,67.2,53.2,39.5,30.6,32.2,43.7,61.2,82.4,97,96.5,99.2,110,119.3,118.3,114.7,103.5,87,75.4,73,80.3,94.5,104.4,107.4,104,97.4,90.1,86.8,93.1,97.3,92.7,84.6,74,59.4,50.6,39.2,21.3,15.6,19.2,25.7,29.5,29.3,28.7,28.5,28,21.5,13,0,0,0,0,0,0,0,0,26.5,44,61.7,60.1,53.3,41.6,25.2,5.9,19,40.2,55,60.4,62.2,66,73.2,87.8,103.4,114.7,120.7,125.1,120.7,110.7,96.2,77.8,59.4,41.3,26.9,25.5,34.8,51.8,68.9,79,90.1,101.6,109.2,110.1,99.5,85.7,73.2,62.4,61.4,69.9,83.5,96.1,94.5,83.3,70.3,62.6,62.4,57.1,45.9,34.1,20.9,15.5,23.6,37.6,44.5,43.5,36.1,25,11.1,9.6,28.2,51.3,68.7,78.9,87.2,95.9,100.7,103.1,104.7,106.9,102.8,94.1,78.5,64.8,60.4,66.4,77.2,82.7,105,101.6,0,0,0,0,5711,5518.4,69.64634146,67.29756098,115,55,5,5
7,2,B,N,2,90.1,2321,15,26,31,36,33,53,1.5,0,3,0,90,2106,78,90,111.5,103,82.9,49.5,34.1,55.9,66.4,71.8,78.7,85.5,81.7,59.9,29.5,33.4,57,74,82.6,83.7,72.5,53.2,35.4,53.9,69.4,89.1,88.5,76,57.6,34.3,17.5,32.3,41.6,56.1,67.1,85.6,90.3,89.6,102.1,119.8,122,116.5,111.6,113.2,107.1,92.4,74.3,67.2,53.8,33.2,37.4,49.6,60.6,70.7,82.7,92.6,105,120.7,114.4,98.9,76.3,80.3,94.8,109,117.1,105.1,85.8,64.5,51.5,58.8,69.1,73.5,74,70.2,71.3,81.6,100.2,120.4,125,120.9,118.8,113,106.4,104,94,81.6,64.6,48.2,35,27.4,25,26.3,54.6,33,13.2,40.5,78.8,78.9,61.2,46.1,18,26.6,56.1,74.4,76,57.2,33.2,32.4,50.3,62.2,82.9,92.5,67.4,36,22.9,33,56.4,74.5,88,93.1,81.5,62.4,60.7,65.6,85,98.5,90.7,73.6,59.1,57,52.3,36,24.1,40.3,51.6,60.1,79,103.5,115.3,113.8,125.1,127.6,119.1,104.5,88.1,68.6,52.4,53.8,54.1,53.3,46.7,32.4,34.4,51,64.4,65,60,60.9,76.8,98.9,112.2,110.5,96.8,74.7,48.3,18.9,11.8,32.7,36,33.4,39.5,49,62.3,79.2,90.8,101.4,108.5,113.3,117.8,116.1,107.3,90.9,TT,O,,2021,4,1,3/28/2008,25.76026637,20.97818571,21.10867627,20.3257329,0,0,0,0,34.1,55.9,66.4,71.8,78.7,85.5,81.7,59.9,29.5,33.4,57,74,82.6,83.7,72.5,53.2,35.4,53.9,69.4,89.1,88.5,76,57.6,34.3,17.5,32.3,41.6,56.1,67.1,85.6,90.3,89.6,102.1,119.8,122,116.5,111.6,113.2,107.1,92.4,74.3,67.2,53.8,33.2,37.4,49.6,60.6,70.7,82.7,92.6,105,120.7,114.4,98.9,76.3,80.3,94.8,109,117.1,105.1,85.8,64.5,51.5,58.8,69.1,73.5,74,70.2,71.3,81.6,100.2,120.4,125,120.9,118.8,113,106.4,104,94,81.6,64.6,48.2,35,27.4,25,26.3,0,0,0,0,78.8,78.9,61.2,46.1,18,26.6,56.1,74.4,76,57.2,33.2,32.4,50.3,62.2,82.9,92.5,67.4,36,22.9,33,56.4,74.5,88,93.1,81.5,62.4,60.7,65.6,85,98.5,90.7,73.6,59.1,57,52.3,36,24.1,40.3,51.6,60.1,79,103.5,115.3,113.8,125.1,127.6,119.1,104.5,88.1,68.6,52.4,53.8,54.1,53.3,46.7,32.4,34.4,51,64.4,65,60,60.9,76.8,98.9,112.2,110.5,96.8,74.7,48.3,18.9,11.8,32.7,36,33.4,39.5,49,62.3,79.2,90.8,101.4,108.5,113.3,117.8,116.1,107.3,90.9,6543.7,5896.7,76.08953488,68.56627907,115,55,5,5
8,2,B,W,2,64.4,1376,17,24,38,44,18,43,1.5,1,0,0,90,2106,78,64,116.9,108,93.8,75.3,53.7,40.8,46.5,67,86.1,97.4,100.5,103.7,99.1,89.4,79.2,73.1,74.5,70.3,58,42.2,28.8,17.9,19.8,30.7,43.6,53.4,61.8,63.8,64.3,54.6,51.1,28.8,25.8,46.3,69.3,91.9,110.8,113.2,108.8,107.7,105.1,99.1,86.9,73.4,66,76.9,78,67.9,55.5,39.6,25.6,32.2,47.6,66.3,81.7,84.8,81.5,76.6,74.3,75.8,71.3,54.9,33.2,11.6,0,0,0,0,0,0,0,0,0,0,0,0,0,0,0,0,0,0,0,0,0,0,0,0,0,0,61.8,64.7,67.1,65.2,55.7,50.7,53.4,58.8,52.9,41,31.1,16.1,22.3,36.7,55,76.5,99,112.1,117.5,118.5,115.3,104.9,89.1,66.7,47.1,38.9,51.8,72.7,93.2,101.1,103.4,94.1,71.5,49.7,35.3,33.5,36.4,29.8,20.1,24.9,37.6,51.3,61.9,77.2,91.9,119.9,120.4,103.8,87.3,72.8,65.6,71.4,84.5,99.9,100.8,89.7,76.4,59.8,32.9,16.1,22.4,42.8,62.2,80.5,0,0,0,0,0,0,0,0,0,0,0,0,0,0,0,0,0,0,0,0,0,0,0,0,0,0,TT,O,,2021,5,1,3/29/2008,21.36645963,20.97818571,21.10867627,20.3257329,0,0,0,0,53.7,40.8,46.5,67,86.1,97.4,100.5,103.7,99.1,89.4,79.2,73.1,74.5,70.3,58,42.2,28.8,17.9,19.8,30.7,43.6,53.4,61.8,63.8,64.3,54.6,51.1,28.8,25.8,46.3,69.3,91.9,110.8,113.2,108.8,107.7,105.1,99.1,86.9,73.4,66,76.9,78,67.9,55.5,39.6,25.6,32.2,47.6,66.3,81.7,84.8,81.5,76.6,74.3,75.8,71.3,54.9,33.2,11.6,0,0,0,0,0,0,0,0,0,0,0,0,0,0,0,0,0,0,0,0,0,0,0,0,0,0,0,0,0,0,55.7,50.7,53.4,58.8,52.9,41,31.1,16.1,22.3,36.7,55,76.5,99,112.1,117.5,118.5,115.3,104.9,89.1,66.7,47.1,38.9,51.8,72.7,93.2,101.1,103.4,94.1,71.5,49.7,35.3,33.5,36.4,29.8,20.1,24.9,37.6,51.3,61.9,77.2,91.9,119.9,120.4,103.8,87.3,72.8,65.6,71.4,84.5,99.9,100.8,89.7,76.4,59.8,32.9,16.1,22.4,42.8,62.2,80.5,0,0,0,0,0,0,0,0,0,0,0,0,0,0,0,0,0,0,0,0,0,0,0,0,0,0,3939.7,4005.9,65.66166667,66.765,115,55,5,5
9,2,B,E,2,30.7,624,23,11,54,32,14,63,1.5,0,0,0,90,2106,78,30,69.6,64.3,58.5,47.7,34.2,26.7,39.5,60.2,68.8,76.5,79.4,74.6,65,47.5,25.8,13,30.8,54,74.3,87.1,87.2,76.9,59.9,46.6,30.7,15,27.8,42.4,51.9,58.8,0,0,0,0,0,0,0,0,0,0,0,0,0,0,0,0,0,0,0,0,0,0,0,0,0,0,0,0,0,0,0,0,0,0,0,0,0,0,0,0,0,0,0,0,0,0,0,0,0,0,0,0,0,0,0,0,0,0,0,0,117.4,101.6,85,66.9,60.1,66.6,71.9,66.9,51.9,30.2,12.4,21.5,41,57.9,69.5,81.2,87.2,82.9,84.1,93.8,96.5,96.1,98,99.3,100,101.5,102.6,96.3,80.2,62.6,0,0,0,0,0,0,0,0,0,0,0,0,0,0,0,0,0,0,0,0,0,0,0,0,0,0,0,0,0,0,0,0,0,0,0,0,0,0,0,0,0,0,0,0,0,0,0,0,0,0,0,0,0,0,0,0,0,0,0,0,FS,O,,2021,6,1,3/29/2008,20.3257329,20.97818571,21.10867627,20.3257329,0,0,58.5,47.7,34.2,26.7,39.5,60.2,68.8,76.5,79.4,74.6,65,47.5,25.8,13,30.8,54,74.3,87.1,87.2,76.9,59.9,46.6,30.7,15,27.8,42.4,51.9,58.8,0,0,0,0,0,0,0,0,0,0,0,0,0,0,0,0,0,0,0,0,0,0,0,0,0,0,0,0,0,0,0,0,0,0,0,0,0,0,0,0,0,0,0,0,0,0,0,0,0,0,0,0,0,0,0,0,0,0,0,0,0,0,85,66.9,60.1,66.6,71.9,66.9,51.9,30.2,12.4,21.5,41,57.9,69.5,81.2,87.2,82.9,84.1,93.8,96.5,96.1,98,99.3,100,101.5,102.6,96.3,80.2,62.6,0,0,0,0,0,0,0,0,0,0,0,0,0,0,0,0,0,0,0,0,0,0,0,0,0,0,0,0,0,0,0,0,0,0,0,0,0,0,0,0,0,0,0,0,0,0,0,0,0,0,0,0,0,0,0,0,0,0,0,0,1460.8,2064.1,52.17142857,73.71785714,55,115,3,3
10,1,B,S,2,32.6,916,18,39,8,28,64,-116,1.5,1,0,0,90,2106,80,32,51.7,53.7,76.7,98.7,113.4,123.1,126.3,125.5,120.1,120.6,115,100.9,89.1,77,62.6,53,25.6,37,71.3,78.9,78.6,82.3,99.9,123.9,127.1,129,127,123,113.9,101,74.1,28.5,0,0,0,0,0,0,0,0,0,0,0,0,0,0,0,0,0,0,0,0,0,0,0,0,0,0,0,0,0,0,0,0,0,0,0,0,0,0,0,0,0,0,0,0,0,0,0,0,0,0,0,0,0,0,0,0,0,0,117,116.3,107.3,91.8,74.9,59.4,45.4,37.4,33.6,49.6,67.7,80,98.2,117.1,125.6,126.4,111.8,95.4,101.3,104.1,92.5,74.5,46,43.9,39.9,39.8,38.7,34.3,25.2,22.6,32.9,68.6,0,0,0,0,0,0,0,0,0,0,0,0,0,0,0,0,0,0,0,0,0,0,0,0,0,0,0,0,0,0,0,0,0,0,0,0,0,0,0,0,0,0,0,0,0,0,0,0,0,0,0,0,0,0,0,0,0,0,TT,O,,2021,1,1,3/27/2008,28.09815951,21.07901451,22.33377845,14.80519481,0,53.7,76.7,98.7,113.4,123.1,126.3,125.5,120.1,120.6,115,100.9,89.1,77,62.6,53,25.6,37,71.3,78.9,78.6,82.3,99.9,123.9,127.1,129,127,123,113.9,101,74.1,28.5,0,0,0,0,0,0,0,0,0,0,0,0,0,0,0,0,0,0,0,0,0,0,0,0,0,0,0,0,0,0,0,0,0,0,0,0,0,0,0,0,0,0,0,0,0,0,0,0,0,0,0,0,0,0,0,0,0,0,0,116.3,107.3,91.8,74.9,59.4,45.4,37.4,33.6,49.6,67.7,80,98.2,117.1,125.6,126.4,111.8,95.4,101.3,104.1,92.5,74.5,46,43.9,39.9,39.8,38.7,34.3,25.2,22.6,32.9,68.6,0,0,0,0,0,0,0,0,0,0,0,0,0,0,0,0,0,0,0,0,0,0,0,0,0,0,0,0,0,0,0,0,0,0,0,0,0,0,0,0,0,0,0,0,0,0,0,0,0,0,0,0,0,0,0,0,0,0,2876.8,2202.2,92.8,71.03870968,55,115,2,2
11,1,B,E,2,83.4,1677,42,31,10,17,73,103,1.5,2,0,0,90,2106,80,83,71.8,78.9,95.5,104.9,115.7,121,123.3,124.7,122.1,113.2,103.4,91.3,71.5,45.9,25,21.2,42.1,54.8,67.9,89.1,104.3,108.2,107.9,90.7,61.9,21.2,17,30.4,41,42.7,46.4,45,45.6,42,43.7,40.1,41.8,47.3,47.8,54.8,71.6,94.8,119,126.2,124.7,124.5,124.6,125.9,128,127.4,123.4,119.5,120.9,124,119,108.6,102.7,98.3,89.5,80.2,70.8,64.7,59.1,51.9,47.3,44,43.8,42.6,42.9,43.5,47.2,43.5,44.8,45.9,50.8,65.1,67.6,67.7,65.6,63.8,62.8,51.1,27.4,0,0,0,0,0,0,0,123.8,114,103.5,84.8,66.9,53,40.8,36.1,41.9,51.4,70.6,84.1,91.7,105.1,107.9,104.3,98.4,80.7,58.9,34.8,27.5,19.3,20.6,14.2,31,71.8,94.4,115.1,128,129.2,129.9,126.7,127.3,126.9,132.2,128.9,125.6,119.3,103.7,81.5,55.8,35,35.3,38,36.5,36.5,36.6,37.3,38.9,38.2,34.7,30.5,33.2,41.3,45.8,58.7,76.7,90.8,98.2,105,111.9,116.1,119.2,124.9,128.3,130.2,131.5,129.8,129.9,131,133.9,132.2,134.1,133.3,130.8,133.4,130.2,127.7,125.9,126.7,127.8,122.8,110.5,0,0,0,0,0,0,0,TT,O,,2021,2,1,3/27/2008,20.10791367,21.07901451,22.33377845,14.80519481,0,78.9,95.5,104.9,115.7,121,123.3,124.7,122.1,113.2,103.4,91.3,71.5,45.9,25,21.2,42.1,54.8,67.9,89.1,104.3,108.2,107.9,90.7,61.9,21.2,17,30.4,41,42.7,46.4,45,45.6,42,43.7,40.1,41.8,47.3,47.8,54.8,71.6,94.8,119,126.2,124.7,124.5,124.6,125.9,128,127.4,123.4,119.5,120.9,124,119,108.6,102.7,98.3,89.5,80.2,70.8,64.7,59.1,51.9,47.3,44,43.8,42.6,42.9,43.5,47.2,43.5,44.8,45.9,50.8,65.1,67.6,67.7,65.6,63.8,62.8,51.1,27.4,0,0,0,0,0,0,0,0,114,103.5,84.8,66.9,53,40.8,36.1,41.9,51.4,70.6,84.1,91.7,105.1,107.9,104.3,98.4,80.7,58.9,34.8,27.5,19.3,20.6,14.2,31,71.8,94.4,115.1,128,129.2,129.9,126.7,127.3,126.9,132.2,128.9,125.6,119.3,103.7,81.5,55.8,35,35.3,38,36.5,36.5,36.6,37.3,38.9,38.2,34.7,30.5,33.2,41.3,45.8,58.7,76.7,90.8,98.2,105,111.9,116.1,119.2,124.9,128.3,130.2,131.5,129.8,129.9,131,133.9,132.2,134.1,133.3,130.8,133.4,130.2,127.7,125.9,126.7,127.8,122.8,110.5,0,0,0,0,0,0,0,6158,7207.1,75.09756098,87.89146341,55,115,2,2
12,1,B,N,2,90.1,1829,15,26,3,29,68,-28,1.5,0,3,0,90,2106,80,90,115.2,104.9,95.6,81.3,70.1,62.7,48.3,44.8,46,62.7,64.3,65.1,65.7,82.3,109,120.6,120.3,125.1,127.4,124.5,116.1,111.7,114.3,115,110.1,108.7,95.1,82,70.2,69.8,68.3,60.8,41.9,22,35.5,65.8,84.1,88.4,91.8,103.5,114.7,120.9,118.9,115.3,114.6,111.8,112.7,116.1,113,105.4,99.8,93.6,96.1,108.4,109.4,103.8,99.9,93.5,88.4,79,68.9,59.3,50.4,36.4,26,31.5,53.1,65.2,64.7,68.2,72.9,78.8,94.1,111.9,126.6,125.6,126.4,124.4,120.8,113.6,98.9,86.3,91,109.1,107.1,108.8,117.4,120.5,122.5,125.7,64.1,62,67.7,86.3,111.9,129.3,129.9,133.4,126.8,120.9,115.2,108.5,96.3,80.9,72.6,65.2,55.4,45.8,41.4,36.7,27.9,36.7,60.3,70.8,69.5,71.1,78.8,92.9,110.4,125.5,127.1,125.5,118.3,106.9,103.2,105.7,104.3,98.8,89.3,80,70.2,64.6,64.8,68.2,68.8,69.2,68.8,68.5,64.2,50.1,30.5,10,37.3,70.6,81.9,80.2,83.9,98.4,107.9,116.9,124.5,127.1,127.9,119.4,114.3,111.3,115.1,116.5,112.9,106.5,96.8,78.5,56.1,47,47.5,45.6,46,44.8,39.8,29.5,12.7,27.9,61.8,86.7,82.6,79.5,66.4,55.5,45.4,39.3,TT,O,,2021,3,1,3/27/2008,20.29966704,21.07901451,22.33377845,14.80519481,0,0,0,0,70.1,62.7,48.3,44.8,46,62.7,64.3,65.1,65.7,82.3,109,120.6,120.3,125.1,127.4,124.5,116.1,111.7,114.3,115,110.1,108.7,95.1,82,70.2,69.8,68.3,60.8,41.9,22,35.5,65.8,84.1,88.4,91.8,103.5,114.7,120.9,118.9,115.3,114.6,111.8,112.7,116.1,113,105.4,99.8,93.6,96.1,108.4,109.4,103.8,99.9,93.5,88.4,79,68.9,59.3,50.4,36.4,26,31.5,53.1,65.2,64.7,68.2,72.9,78.8,94.1,111.9,126.6,125.6,126.4,124.4,120.8,113.6,98.9,86.3,91,109.1,107.1,108.8,117.4,120.5,122.5,125.7,0,0,0,0,111.9,129.3,129.9,133.4,126.8,120.9,115.2,108.5,96.3,80.9,72.6,65.2,55.4,45.8,41.4,36.7,27.9,36.7,60.3,70.8,69.5,71.1,78.8,92.9,110.4,125.5,127.1,125.5,118.3,106.9,103.2,105.7,104.3,98.8,89.3,80,70.2,64.6,64.8,68.2,68.8,69.2,68.8,68.5,64.2,50.1,30.5,10,37.3,70.6,81.9,80.2,83.9,98.4,107.9,116.9,124.5,127.1,127.9,119.4,114.3,111.3,115.1,116.5,112.9,106.5,96.8,78.5,56.1,47,47.5,45.6,46,44.8,39.8,29.5,12.7,27.9,61.8,86.7,82.6,79.5,66.4,55.5,45.4,39.3,7815.4,6913.1,90.87674419,80.38488372,115,55,5,5
10,2,B,N,2,90.1,2256,21,29,0,10,90,-59,1.5,0,0,0,90,2106,80,90,109.4,100.3,97.1,89.5,72.3,60.1,53.8,42.3,49.7,57.3,64.4,75.6,95.1,100.3,100.4,109.6,125.6,126.1,120.7,114.2,111.3,117.9,117,108.3,100.1,89.5,91.8,94.9,100.8,107,114,119,121.6,125.1,125.7,122.2,114.5,103.3,89.3,75.8,60.2,48.7,46.5,52.5,64.8,77.1,87.3,96.1,104.9,111.7,116.6,117.6,124.4,127.4,124.5,119.7,112.9,102.6,90.8,78.2,68.1,60,50.2,45.7,47,42.7,45.7,51.7,60.8,73.9,85.6,95.7,101.5,112.4,118,121.6,119.5,117.6,119.6,122.6,120.5,116.4,110.2,104.3,91.6,82.9,71.3,59.4,47.9,45.8,59.7,85.5,99.1,96.4,109.8,129.5,131.2,129.7,128.4,121.3,112.5,101,94.6,87.8,74.7,57.7,50.3,43.7,35.9,27,42.8,64.8,62.7,56.7,58.4,90.7,109.9,109.1,101.1,91.5,76.8,60.9,49.1,37.8,42.1,53.9,69,84.4,96.4,108.3,120,128.3,135.1,136.1,134.2,128.3,118.8,107.3,94.2,80.6,65.6,54.3,40.1,39.9,47,58.3,73.9,85.2,96.5,108,115.1,117.8,127.3,128.3,130.8,130.3,134.4,135.2,132,129,120,107.5,89.5,78.8,65.5,53.2,43.7,29.9,37.9,53,57.1,60.5,70.6,80.2,92.5,102.2,112.8,119.5,127.9,133.6,TT,O,,2021,4,1,3/29/2008,25.03884573,21.07901451,22.33377845,14.80519481,0,0,0,0,72.3,60.1,53.8,42.3,49.7,57.3,64.4,75.6,95.1,100.3,100.4,109.6,125.6,126.1,120.7,114.2,111.3,117.9,117,108.3,100.1,89.5,91.8,94.9,100.8,107,114,119,121.6,125.1,125.7,122.2,114.5,103.3,89.3,75.8,60.2,48.7,46.5,52.5,64.8,77.1,87.3,96.1,104.9,111.7,116.6,117.6,124.4,127.4,124.5,119.7,112.9,102.6,90.8,78.2,68.1,60,50.2,45.7,47,42.7,45.7,51.7,60.8,73.9,85.6,95.7,101.5,112.4,118,121.6,119.5,117.6,119.6,122.6,120.5,116.4,110.2,104.3,91.6,82.9,71.3,59.4,47.9,45.8,0,0,0,0,109.8,129.5,131.2,129.7,128.4,121.3,112.5,101,94.6,87.8,74.7,57.7,50.3,43.7,35.9,27,42.8,64.8,62.7,56.7,58.4,90.7,109.9,109.1,101.1,91.5,76.8,60.9,49.1,37.8,42.1,53.9,69,84.4,96.4,108.3,120,128.3,135.1,136.1,134.2,128.3,118.8,107.3,94.2,80.6,65.6,54.3,40.1,39.9,47,58.3,73.9,85.2,96.5,108,115.1,117.8,127.3,128.3,130.8,130.3,134.4,135.2,132,129,120,107.5,89.5,78.8,65.5,53.2,43.7,29.9,37.9,53,57.1,60.5,70.6,80.2,92.5,102.2,112.8,119.5,127.9,133.6,7891.3,7669.3,91.75930233,89.17790698,115,55,5,5
11,2,B,W,2,90.1,1633,33,23,1,14,85,-126,1.5,0,0,0,90,2106,80,90,118.8,125.6,116.2,107.4,104.2,110.3,117.3,113.1,110.7,104.9,100.3,93.2,89.8,75.9,69.9,66.2,66.1,55.8,44.9,39.2,38.2,47,44.1,46.7,44.4,41.5,41.2,55.8,77.5,102.9,103.5,100.8,105.2,117.7,126.6,122,118,112,102.2,91,89.7,102.8,97.2,97.7,97.3,101.3,106,106.4,108.4,109.2,113.2,118.3,121.1,123.6,124.8,126.6,125,122.1,117.9,112.3,105.5,97.4,88.3,81,69.2,60.1,53.2,47.2,44.3,45.7,46,43.3,43.6,44.8,39.8,36.1,41.9,48.6,45.9,44.8,42.7,43.9,48.7,61.1,70.5,79.9,87.5,94.7,100.8,105.5,52.7,52.2,40.6,22.6,21.5,48,65.8,64.6,65.9,83.5,94.4,95.8,97.1,107.2,125.3,126.3,126.1,128.5,124.8,121.7,125.1,130.2,128.3,130.6,128,122.1,113.4,96.1,88.6,87.4,81.3,68.5,53.3,46.4,47.7,41.7,30.9,24.2,26.6,42.3,79,98.7,98.1,103.6,103.5,96.8,93,91.2,88.1,82.5,75.4,64.2,53.9,43.6,38.3,38.5,43.4,53.1,61.7,70.7,80.8,91,98.8,105.3,114.1,120.8,125.4,127.3,131,134.8,133.9,131.4,131.8,133.5,128.8,125.2,127.5,128.5,130,131.4,131.4,132.7,133,135.4,132,125.8,118.1,110.4,101.3,92,TT,O,,2021,5,1,3/29/2008,18.12430633,21.07901451,22.33377845,14.80519481,0,0,0,0,104.2,110.3,117.3,113.1,110.7,104.9,100.3,93.2,89.8,75.9,69.9,66.2,66.1,55.8,44.9,39.2,38.2,47,44.1,46.7,44.4,41.5,41.2,55.8,77.5,102.9,103.5,100.8,105.2,117.7,126.6,122,118,112,102.2,91,89.7,102.8,97.2,97.7,97.3,101.3,106,106.4,108.4,109.2,113.2,118.3,121.1,123.6,124.8,126.6,125,122.1,117.9,112.3,105.5,97.4,88.3,81,69.2,60.1,53.2,47.2,44.3,45.7,46,43.3,43.6,44.8,39.8,36.1,41.9,48.6,45.9,44.8,42.7,43.9,48.7,61.1,70.5,79.9,87.5,94.7,100.8,105.5,0,0,0,0,21.5,48,65.8,64.6,65.9,83.5,94.4,95.8,97.1,107.2,125.3,126.3,126.1,128.5,124.8,121.7,125.1,130.2,128.3,130.6,128,122.1,113.4,96.1,88.6,87.4,81.3,68.5,53.3,46.4,47.7,41.7,30.9,24.2,26.6,42.3,79,98.7,98.1,103.6,103.5,96.8,93,91.2,88.1,82.5,75.4,64.2,53.9,43.6,38.3,38.5,43.4,53.1,61.7,70.7,80.8,91,98.8,105.3,114.1,120.8,125.4,127.3,131,134.8,133.9,131.4,131.8,133.5,128.8,125.2,127.5,128.5,130,131.4,131.4,132.7,133,135.4,132,125.8,118.1,110.4,101.3,92,7083,8229.9,82.36046512,95.69651163,115,55,5,5
12,2,B,E,2,30.8,456,56,8,0,3,97,-31,1.5,0,0,0,90,2106,80,30,61.3,51.8,43.7,34.1,45.8,47.3,47.2,44.1,43.3,44,46.3,52.3,59.2,64.3,61.7,60.9,62.3,71.2,80.7,88.5,95.5,102.7,107.7,106.1,105.1,103.5,102.8,110.9,115.1,119.5,0,0,0,0,0,0,0,0,0,0,0,0,0,0,0,0,0,0,0,0,0,0,0,0,0,0,0,0,0,0,0,0,0,0,0,0,0,0,0,0,0,0,0,0,0,0,0,0,0,0,0,0,0,0,0,0,0,0,0,0,123.2,120.3,120.4,121.5,131.1,130.9,131.5,130.9,132,133.2,134.2,135.9,134.6,132.6,131.7,130.7,130.5,130.6,125.1,117.2,108,96.7,88.3,89.5,92.8,92.8,87.9,82,67.9,55.1,0,0,0,0,0,0,0,0,0,0,0,0,0,0,0,0,0,0,0,0,0,0,0,0,0,0,0,0,0,0,0,0,0,0,0,0,0,0,0,0,0,0,0,0,0,0,0,0,0,0,0,0,0,0,0,0,0,0,0,0,FS,O,,2021,6,1,3/29/2008,14.80519481,21.07901451,22.33377845,14.80519481,0,0,0,34.1,45.8,47.3,47.2,44.1,43.3,44,46.3,52.3,59.2,64.3,61.7,60.9,62.3,71.2,80.7,88.5,95.5,102.7,107.7,106.1,105.1,103.5,102.8,110.9,115.1,119.5,0,0,0,0,0,0,0,0,0,0,0,0,0,0,0,0,0,0,0,0,0,0,0,0,0,0,0,0,0,0,0,0,0,0,0,0,0,0,0,0,0,0,0,0,0,0,0,0,0,0,0,0,0,0,0,0,0,0,0,0,0,0,0,121.5,131.1,130.9,131.5,130.9,132,133.2,134.2,135.9,134.6,132.6,131.7,130.7,130.5,130.6,125.1,117.2,108,96.7,88.3,89.5,92.8,92.8,87.9,82,67.9,55.1,0,0,0,0,0,0,0,0,0,0,0,0,0,0,0,0,0,0,0,0,0,0,0,0,0,0,0,0,0,0,0,0,0,0,0,0,0,0,0,0,0,0,0,0,0,0,0,0,0,0,0,0,0,0,0,0,0,0,0,0,2022.1,3075.2,74.89259259,113.8962963,55,115,4,4
13,1,B,S,2,11,146,97,1,45,54,1,-26,1.5,1,0,0,90,2106,85,10,45.2,43.6,39.9,35.8,32.2,29.3,28.1,27.3,29,15.2,0,0,0,0,0,0,0,0,0,0,0,0,0,0,0,0,0,0,0,0,0,0,0,0,0,0,0,0,0,0,0,0,0,0,0,0,0,0,0,0,0,0,0,0,0,0,0,0,0,0,0,0,0,0,0,0,0,0,0,0,0,0,0,0,0,0,0,0,0,0,0,0,0,0,0,0,0,0,0,0,108.5,109,107.5,105.4,101.9,96.9,91.6,89.7,85.7,90.1,0,0,0,0,0,0,0,0,0,0,0,0,0,0,0,0,0,0,0,0,0,0,0,0,0,0,0,0,0,0,0,0,0,0,0,0,0,0,0,0,0,0,0,0,0,0,0,0,0,0,0,0,0,0,0,0,0,0,0,0,0,0,0,0,0,0,0,0,0,0,0,0,0,0,0,0,0,0,0,0,TT,O,,2021,1,1,3/27/2008,13.27272727,10.87872622,9.779961659,16.37254902,0,0,0,0,0,29.3,28.1,27.3,29,15.2,0,0,0,0,0,0,0,0,0,0,0,0,0,0,0,0,0,0,0,0,0,0,0,0,0,0,0,0,0,0,0,0,0,0,0,0,0,0,0,0,0,0,0,0,0,0,0,0,0,0,0,0,0,0,0,0,0,0,0,0,0,0,0,0,0,0,0,0,0,0,0,0,0,0,0,0,0,0,0,0,0,0,0,0,0,96.9,91.6,89.7,85.7,90.1,0,0,0,0,0,0,0,0,0,0,0,0,0,0,0,0,0,0,0,0,0,0,0,0,0,0,0,0,0,0,0,0,0,0,0,0,0,0,0,0,0,0,0,0,0,0,0,0,0,0,0,0,0,0,0,0,0,0,0,0,0,0,0,0,0,0,0,0,0,0,0,0,0,0,0,0,0,0,0,0,128.9,454,25.78,90.8,55,115,6,6
14,1,B,E,2,90.1,1063,10,43,45,14,41,76,1.5,0,0,0,90,2106,85,90,68.7,67.8,64.5,63.5,65,60.8,58.2,57.3,57.5,58,58.3,59,59.7,60.9,61.6,62.7,63.4,64.3,64.7,66.4,66.5,67.4,67.4,67.2,67.7,68.5,69,69.4,70,70.4,70.6,71.1,71.3,71.7,72.1,71.7,72.6,72.2,72.5,72.4,72.6,73.4,73.3,72.2,71.8,65.7,71,85.1,86.5,93.7,104.4,116.3,125.4,119.3,113.4,110.2,110.6,107,96.7,85.9,77.6,69.6,60.5,54.3,47.9,42.8,45,50.2,54.2,58.1,65.1,73.5,77.6,86.9,94.9,100.7,109.5,114.6,119.3,121.9,119.1,120.4,121,121.4,121.5,120.3,117.2,113.4,109.4,104,126.6,118.1,105.7,98,96,83.8,74.5,66.3,59.1,53.3,50.6,44.6,41,36.9,34,31,29,27.1,26,23.5,23.2,22,22,22.2,22.1,22.1,22,22.3,22.5,22.7,23.2,23.7,24.2,25.3,25.8,26.6,27.4,27.8,28.9,29.3,30,30.1,31.5,35.5,39.4,46.2,55.3,51.9,40.9,28.6,20.6,27.8,41.5,43.2,49.2,64.4,76.8,83.6,93,105.2,118.9,125.7,128.5,128.3,128.7,127,130,132.7,134,132.5,131.6,129.6,121.2,116,106,93.5,85.4,74.6,63.6,55.5,49.7,40.9,34,32.6,36.4,41.1,47.3,54.5,64,69.6,TT,O,,2021,2,1,3/27/2008,11.79800222,10.87872622,9.779961659,16.37254902,0,0,0,0,0,60.8,58.2,57.3,57.5,58,58.3,59,59.7,60.9,61.6,62.7,63.4,64.3,64.7,66.4,66.5,67.4,67.4,67.2,67.7,68.5,69,69.4,70,70.4,70.6,71.1,71.3,71.7,72.1,71.7,72.6,72.2,72.5,72.4,72.6,73.4,73.3,72.2,71.8,65.7,71,85.1,86.5,93.7,104.4,116.3,125.4,119.3,113.4,110.2,110.6,107,96.7,85.9,77.6,69.6,60.5,54.3,47.9,42.8,45,50.2,54.2,58.1,65.1,73.5,77.6,86.9,94.9,100.7,109.5,114.6,119.3,121.9,119.1,120.4,121,121.4,121.5,120.3,117.2,113.4,109.4,104,0,0,0,0,0,83.8,74.5,66.3,59.1,53.3,50.6,44.6,41,36.9,34,31,29,27.1,26,23.5,23.2,22,22,22.2,22.1,22.1,22,22.3,22.5,22.7,23.2,23.7,24.2,25.3,25.8,26.6,27.4,27.8,28.9,29.3,30,30.1,31.5,35.5,39.4,46.2,55.3,51.9,40.9,28.6,20.6,27.8,41.5,43.2,49.2,64.4,76.8,83.6,93,105.2,118.9,125.7,128.5,128.3,128.7,127,130,132.7,134,132.5,131.6,129.6,121.2,116,106,93.5,85.4,74.6,63.6,55.5,49.7,40.9,34,32.6,36.4,41.1,47.3,54.5,64,69.6,6860.9,4894.1,80.71647059,57.57764706,55,115,6,6
15,1,B,N,2,90.1,984,15,45,6,41,53,24,1.5,0,0,0,90,2106,85,90,118.2,116.1,114.3,113.3,111.8,110.7,109.6,108.5,107.5,106.9,105.9,105,104,103.2,102.3,101.4,100.5,99.6,99,98.1,97.5,96.7,96,95.4,94.6,94.6,96.6,104.7,113.3,117.1,116,116.6,111.3,106.2,102.9,97.8,90.9,84.3,79.3,78.5,79.9,74.1,63.6,56.3,51.1,44.1,40.4,37.5,35.3,32.4,33.2,36.9,41.7,38.3,36.8,40.6,46.4,50.3,50.3,44.9,40.3,40.5,33.9,40,50.2,66.8,79.8,85.8,97.2,104.2,111.3,117.3,121.7,125.2,127.3,127.7,127,126.4,124.8,122.1,119.7,116.2,111.8,109,104.7,98.4,92.7,87,80.4,74.6,62.5,60.1,58.2,57.2,55.7,54.7,53.6,52.6,51.8,51.1,50.5,49.4,48.7,48.2,47.4,47.2,46.7,45.8,45.6,45.2,44.6,44.2,44.2,44.1,44.1,44.1,45.5,49.2,59.5,66.7,59.9,60.6,66.3,76.4,90.4,99.8,105.6,105.4,104.8,108.4,118,124.5,125.9,129.2,129.3,123.6,122.7,121.6,120.9,118.6,120.3,125.2,130.9,121.6,109.7,107.3,91,80.2,69.8,64.9,66.5,65,78.1,89.4,94.2,100.4,102.4,99.8,95.7,88.6,81.1,73.1,63.9,55.1,48,41.6,38.3,39.7,44.7,53.4,62.3,70.4,77.1,76.6,86.5,93.1,101,109.4,115.7,121.1,TT,O,,2021,3,1,3/27/2008,10.92119867,10.87872622,9.779961659,16.37254902,0,0,0,0,0,0,0,0,0,0,0,105,104,103.2,102.3,101.4,100.5,99.6,99,98.1,97.5,96.7,96,95.4,94.6,94.6,96.6,104.7,113.3,117.1,116,116.6,111.3,106.2,102.9,97.8,90.9,84.3,79.3,78.5,79.9,74.1,63.6,56.3,51.1,44.1,40.4,37.5,35.3,32.4,33.2,36.9,41.7,38.3,36.8,40.6,46.4,50.3,50.3,44.9,40.3,40.5,33.9,40,50.2,66.8,79.8,85.8,97.2,104.2,111.3,117.3,121.7,125.2,127.3,127.7,127,126.4,124.8,122.1,119.7,116.2,111.8,109,104.7,98.4,92.7,87,80.4,74.6,0,0,0,0,0,0,0,0,0,0,0,49.4,48.7,48.2,47.4,47.2,46.7,45.8,45.6,45.2,44.6,44.2,44.2,44.1,44.1,44.1,45.5,49.2,59.5,66.7,59.9,60.6,66.3,76.4,90.4,99.8,105.6,105.4,104.8,108.4,118,124.5,125.9,129.2,129.3,123.6,122.7,121.6,120.9,118.6,120.3,125.2,130.9,121.6,109.7,107.3,91,80.2,69.8,64.9,66.5,65,78.1,89.4,94.2,100.4,102.4,99.8,95.7,88.6,81.1,73.1,63.9,55.1,48,41.6,38.3,39.7,44.7,53.4,62.3,70.4,77.1,76.6,86.5,93.1,101,109.4,115.7,121.1,6701.5,6375.4,84.82911392,80.70126582,115,55,12,12
13,2,B,N,2,90.1,581,30,3,0,20,80,-61,1.5,0,0,0,90,2106,85,90,117.4,114.5,112.6,111.3,109.8,108.5,107.6,106.5,105.6,104.1,103.2,102.5,101.7,100.4,99.3,98.2,97.2,96.1,95,94.3,93,91.8,89.6,88.1,87.4,86.7,85.7,85.3,84.5,84,82.5,82.1,81.5,80.7,80.2,79.4,79,78.4,77.5,77.4,76.1,76,75.4,75,74.7,73.8,73.7,73.3,72.7,71.8,71.6,71.4,71.4,70.6,69.1,69.2,67.3,68.5,68,65.6,66.7,66.1,66,65.7,64.6,64.4,60.1,62.2,61.6,52.9,54.7,53,50.8,53.8,52.3,52.8,50.8,47.6,45.9,44.1,43.1,42.8,41.9,40.6,40.5,39.6,39.1,38.2,37.8,37.3,63.2,65,67.8,71,74.1,77.3,80.2,83.1,85.4,87.5,89.9,92.3,94.3,95.8,97.5,98.8,100.5,101.8,103,104.8,105.3,106.7,105.9,105.9,106.9,108,108.6,109.7,110.8,111.8,111.7,112.7,113.3,113.8,114.6,114.9,115.8,116.3,116.6,117.5,117.3,118.2,118.5,119.2,119.7,120,120.6,121.2,121.4,121.3,122.1,122.9,123.6,123.9,123,124.2,122.8,125,125.6,123.6,125.8,126.1,126.8,127.3,127,127.6,124,126.8,127.2,118.9,121.6,120.6,119.3,123.2,122.5,123.7,122.6,120.3,119.3,118.2,118,118.3,118.3,117.8,118.2,118,118,118.1,118.2,118.3,TT,O,,2021,4,1,3/29/2008,6.448390677,10.87872622,9.779961659,16.37254902,0,0,0,0,0,0,0,0,0,0,0,102.5,101.7,100.4,99.3,98.2,97.2,96.1,95,94.3,93,91.8,89.6,88.1,87.4,86.7,85.7,85.3,84.5,84,82.5,82.1,81.5,80.7,80.2,79.4,79,78.4,77.5,77.4,76.1,76,75.4,75,74.7,73.8,73.7,73.3,72.7,71.8,71.6,71.4,71.4,70.6,69.1,69.2,67.3,68.5,68,65.6,66.7,66.1,66,65.7,64.6,64.4,60.1,62.2,61.6,52.9,54.7,53,50.8,53.8,52.3,52.8,50.8,47.6,45.9,44.1,43.1,42.8,41.9,40.6,40.5,39.6,39.1,38.2,37.8,37.3,0,0,0,0,0,0,0,0,0,0,0,92.3,94.3,95.8,97.5,98.8,100.5,101.8,103,104.8,105.3,106.7,105.9,105.9,106.9,108,108.6,109.7,110.8,111.8,111.7,112.7,113.3,113.8,114.6,114.9,115.8,116.3,116.6,117.5,117.3,118.2,118.5,119.2,119.7,120,120.6,121.2,121.4,121.3,122.1,122.9,123.6,123.9,123,124.2,122.8,125,125.6,123.6,125.8,126.1,126.8,127.3,127,127.6,124,126.8,127.2,118.9,121.6,120.6,119.3,123.2,122.5,123.7,122.6,120.3,119.3,118.2,118,118.3,118.3,117.8,118.2,118,118,118.1,118.2,118.3,5531.7,9199.7,70.02151899,116.4518987,115,55,12,12
14,2,B,W,2,90.1,582,0,0,54,22,24,-3,1.5,0,0,0,90,2106,85,90,119.9,119.1,117.5,118.8,119,116.7,116.3,116.3,115.8,114.1,113.7,113.6,112.3,111.4,112.2,111.1,110.5,110.4,109.6,108.4,108.1,107.4,106.6,106,105.6,103.6,103.3,102.6,98,98.7,96.1,95.2,92.7,94.3,94.4,92,92.1,88.8,87.6,86.5,86.6,85.2,85,84.2,84.1,83.4,84.4,82.5,81.7,79.5,79.7,79,78.3,77.8,77.8,76.8,76.7,75.7,74.1,74.3,73.6,73.1,72.2,71.7,70.6,69.5,69.1,68.4,68.4,67,66.1,64.4,62.3,62.1,61.9,63.1,73.2,73.9,73.9,75,77.8,77.5,77.3,76.7,76.4,75.7,75.4,74.6,74.2,73.5,59.5,59,57.6,59.2,59.6,57.6,57.4,57.8,57.6,56.2,56,56.1,55.3,54.7,56,55.2,54.9,55.2,54.8,54.1,53.9,53.4,52.9,52.7,52.4,51,50.7,50.3,47.1,47.5,45.8,45.1,43.6,44.4,44.5,43.1,43,41,40.3,39.4,39.6,38.5,38.5,37.9,37.8,37.5,37.9,36.7,36.2,35.3,35.3,34.6,34.3,34.1,34,33.6,33.5,33.4,32.7,32.8,32.6,32.5,32.5,32.3,32.2,31.9,32,32.1,32.2,32.1,32.3,32.4,32.6,32.8,33.2,33.6,32.3,32.5,31.8,32,32.3,31.7,31.4,31.2,31.1,31.1,31,31,30.6,30.8,TT,O,,2021,5,1,3/29/2008,6.459489456,10.87872622,9.779961659,16.37254902,0,0,0,0,0,0,0,0,0,0,0,113.6,112.3,111.4,112.2,111.1,110.5,110.4,109.6,108.4,108.1,107.4,106.6,106,105.6,103.6,103.3,102.6,98,98.7,96.1,95.2,92.7,94.3,94.4,92,92.1,88.8,87.6,86.5,86.6,85.2,85,84.2,84.1,83.4,84.4,82.5,81.7,79.5,79.7,79,78.3,77.8,77.8,76.8,76.7,75.7,74.1,74.3,73.6,73.1,72.2,71.7,70.6,69.5,69.1,68.4,68.4,67,66.1,64.4,62.3,62.1,61.9,63.1,73.2,73.9,73.9,75,77.8,77.5,77.3,76.7,76.4,75.7,75.4,74.6,74.2,73.5,0,0,0,0,0,0,0,0,0,0,0,56.1,55.3,54.7,56,55.2,54.9,55.2,54.8,54.1,53.9,53.4,52.9,52.7,52.4,51,50.7,50.3,47.1,47.5,45.8,45.1,43.6,44.4,44.5,43.1,43,41,40.3,39.4,39.6,38.5,38.5,37.9,37.8,37.5,37.9,36.7,36.2,35.3,35.3,34.6,34.3,34.1,34,33.6,33.5,33.4,32.7,32.8,32.6,32.5,32.5,32.3,32.2,31.9,32,32.1,32.2,32.1,32.3,32.4,32.6,32.8,33.2,33.6,32.3,32.5,31.8,32,32.3,31.7,31.4,31.2,31.1,31.1,31,31,30.6,30.8,6704.5,3112.7,84.86708861,39.40126582,115,55,12,12
15,2,B,E,2,30.6,501,4,44,0,6,94,116,1.5,0,0,0,90,2106,85,30,71.9,73.8,78,83.8,89.6,96.8,103.4,110.7,116.2,120.6,121.8,118.8,122.1,122.1,121.1,126.8,126.8,124.3,124.9,125.3,122.1,120.1,116.1,111.1,105.2,98.8,90.6,83.3,73.2,63.9,0,0,0,0,0,0,0,0,0,0,0,0,0,0,0,0,0,0,0,0,0,0,0,0,0,0,0,0,0,0,0,0,0,0,0,0,0,0,0,0,0,0,0,0,0,0,0,0,0,0,0,0,0,0,0,0,0,0,0,0,128.2,127.1,124.3,118.5,110.7,102.8,92.9,82,70,60.9,52.6,47.7,40.7,35.4,32.1,38.4,38.6,35.4,36.7,42.5,49.1,60.9,70.9,73.7,84.8,95.1,105.1,114.4,120.6,127.3,0,0,0,0,0,0,0,0,0,0,0,0,0,0,0,0,0,0,0,0,0,0,0,0,0,0,0,0,0,0,0,0,0,0,0,0,0,0,0,0,0,0,0,0,0,0,0,0,0,0,0,0,0,0,0,0,0,0,0,0,FS,O,,2021,6,1,3/29/2008,16.37254902,10.87872622,9.779961659,16.37254902,0,0,78,83.8,89.6,96.8,103.4,110.7,116.2,120.6,121.8,118.8,122.1,122.1,121.1,126.8,126.8,124.3,124.9,125.3,122.1,120.1,116.1,111.1,105.2,98.8,90.6,83.3,73.2,63.9,0,0,0,0,0,0,0,0,0,0,0,0,0,0,0,0,0,0,0,0,0,0,0,0,0,0,0,0,0,0,0,0,0,0,0,0,0,0,0,0,0,0,0,0,0,0,0,0,0,0,0,0,0,0,0,0,0,0,0,0,0,0,124.3,118.5,110.7,102.8,92.9,82,70,60.9,52.6,47.7,40.7,35.4,32.1,38.4,38.6,35.4,36.7,42.5,49.1,60.9,70.9,73.7,84.8,95.1,105.1,114.4,120.6,127.3,0,0,0,0,0,0,0,0,0,0,0,0,0,0,0,0,0,0,0,0,0,0,0,0,0,0,0,0,0,0,0,0,0,0,0,0,0,0,0,0,0,0,0,0,0,0,0,0,0,0,0,0,0,0,0,0,0,0,0,0,3017.5,2064.1,107.7678571,73.71785714,55,115,3,3
16,1,B,S,2,85.6,2413,22,23,8,12,80,-74,1.5,0,1,0,90,2106,90,85,49.5,47.6,46.7,51,39.3,31,61.1,93.4,98,77.3,75.2,87.2,79.7,70.1,49.4,44.4,50.2,72.2,96,111.6,120.9,126.8,124.1,122.2,114.8,105.4,97.8,85,75.9,69.6,57.9,45.7,43.3,52.3,70.5,91.8,108.2,119.1,125.7,128,126.8,124.6,120.8,113.6,103.1,102,100.3,90.1,74.4,76.7,79.9,74.1,72.3,79.9,95.2,112.7,117.6,106.4,93,76.7,61.1,48.4,45.7,54.3,65.6,77,86.8,100,111.6,119.8,122.9,126.3,126.6,123.9,117.6,108.6,98.9,91.2,84.9,79.6,72.2,63.9,53.8,38,18.6,0,0,0,0,0,115.1,114.2,115.1,109.5,84.6,62.8,51.4,50.9,44.7,47.9,95.1,116.6,115.6,120.4,126.8,131.8,125.2,111.6,95.7,78.5,59,43.2,38.2,54.1,67.4,74.6,96.4,110.4,120.5,125.2,130.1,132.7,131.2,124.3,113.1,100,84.7,69.3,53.5,41.6,38.9,43.5,48,54.8,69,93.1,99,97.3,103.2,125.1,122.4,100.4,71.3,35.4,11.2,39.9,66.5,80.7,96.2,109.2,120.4,129.3,134.4,136.4,133.2,128.4,115.3,101.5,81,62.5,48.7,39.4,40.1,51.4,65.3,79.8,90.8,97.6,100.3,104.7,112,117.5,118.1,114.1,103.9,0,0,0,0,0,TT,O,,2021,1,1,3/28/2008,28.18925234,23.88285952,23.50910463,25.75163399,0,47.6,46.7,51,39.3,31,61.1,93.4,98,77.3,75.2,87.2,79.7,70.1,49.4,44.4,50.2,72.2,96,111.6,120.9,126.8,124.1,122.2,114.8,105.4,97.8,85,75.9,69.6,57.9,45.7,43.3,52.3,70.5,91.8,108.2,119.1,125.7,128,126.8,124.6,120.8,113.6,103.1,102,100.3,90.1,74.4,76.7,79.9,74.1,72.3,79.9,95.2,112.7,117.6,106.4,93,76.7,61.1,48.4,45.7,54.3,65.6,77,86.8,100,111.6,119.8,122.9,126.3,126.6,123.9,117.6,108.6,98.9,91.2,84.9,79.6,72.2,63.9,53.8,38,18.6,0,0,0,0,0,0,114.2,115.1,109.5,84.6,62.8,51.4,50.9,44.7,47.9,95.1,116.6,115.6,120.4,126.8,131.8,125.2,111.6,95.7,78.5,59,43.2,38.2,54.1,67.4,74.6,96.4,110.4,120.5,125.2,130.1,132.7,131.2,124.3,113.1,100,84.7,69.3,53.5,41.6,38.9,43.5,48,54.8,69,93.1,99,97.3,103.2,125.1,122.4,100.4,71.3,35.4,11.2,39.9,66.5,80.7,96.2,109.2,120.4,129.3,134.4,136.4,133.2,128.4,115.3,101.5,81,62.5,48.7,39.4,40.1,51.4,65.3,79.8,90.8,97.6,100.3,104.7,112,117.5,118.1,114.1,103.9,0,0,0,0,0,7203.9,7499.1,85.76071429,89.275,55,115,2,2
17,1,B,E,2,90.1,1822,25,26,5,13,82,-3,1.5,0,0,0,90,2106,90,90,65.7,56.7,60.5,37.1,28.4,42.7,75.7,109.5,127.3,125,114.1,100.5,77.2,49.6,24.7,36,57.9,75.1,88.2,98.6,109.2,118.5,122.9,126.4,127,125.8,125.8,124.6,125.3,120.9,119.3,116.9,115.2,111.8,113.1,105.8,96.8,86.2,76.8,71,67.6,65,62.5,53.3,47.5,46.4,48,49.8,49.4,52.4,60.1,66.9,72.4,71.2,70.2,71.7,72.8,74.4,70.3,69.5,79.5,99.8,121.1,127.6,125.4,121.2,115,110,104.8,96.6,86.5,66.7,45.6,40.3,47,51.3,57.2,64.3,64,65.2,68.2,82.3,100.2,104.6,102.3,106,120.5,121.6,123.5,123.3,125.2,113.8,123.3,102.6,80.4,48.7,18.5,28.8,46,45.1,44.9,50.8,64,81.3,103,119.9,124.3,118.5,106.5,89.4,72.2,58.7,47.5,40.4,37.8,37.2,38.6,39.8,48.4,52.5,59,60.3,61.6,60,70.4,79.9,93.1,101.6,109,112.2,107.7,110.8,116.5,124.8,132,135.5,135.3,134.7,132.8,132.9,135.3,134.5,132,130.2,130,131.2,130.6,123.6,108.1,86,58.5,34.6,34.9,39.5,45.5,57.8,67.4,75.1,80.4,91.1,98.1,101.7,111.9,126.4,135.5,135.1,131.2,130.9,130.7,126.1,113.2,105.3,99.4,90.9,87.6,73.5,58.2,47.7,42.9,38.1,TT,O,,2021,2,1,3/28/2008,20.22197558,23.88285952,23.50910463,25.75163399,0,56.7,60.5,37.1,28.4,42.7,75.7,109.5,127.3,125,114.1,100.5,77.2,49.6,24.7,36,57.9,75.1,88.2,98.6,109.2,118.5,122.9,126.4,127,125.8,125.8,124.6,125.3,120.9,119.3,116.9,115.2,111.8,113.1,105.8,96.8,86.2,76.8,71,67.6,65,62.5,53.3,47.5,46.4,48,49.8,49.4,52.4,60.1,66.9,72.4,71.2,70.2,71.7,72.8,74.4,70.3,69.5,79.5,99.8,121.1,127.6,125.4,121.2,115,110,104.8,96.6,86.5,66.7,45.6,40.3,47,51.3,57.2,64.3,64,65.2,68.2,82.3,100.2,104.6,102.3,106,120.5,121.6,123.5,123.3,0,113.8,123.3,102.6,80.4,48.7,18.5,28.8,46,45.1,44.9,50.8,64,81.3,103,119.9,124.3,118.5,106.5,89.4,72.2,58.7,47.5,40.4,37.8,37.2,38.6,39.8,48.4,52.5,59,60.3,61.6,60,70.4,79.9,93.1,101.6,109,112.2,107.7,110.8,116.5,124.8,132,135.5,135.3,134.7,132.8,132.9,135.3,134.5,132,130.2,130,131.2,130.6,123.6,108.1,86,58.5,34.6,34.9,39.5,45.5,57.8,67.4,75.1,80.4,91.1,98.1,101.7,111.9,126.4,135.5,135.1,131.2,130.9,130.7,126.1,113.2,105.3,99.4,90.9,87.6,73.5,58.2,47.7,42.9,38.1,7607.1,7863.7,85.47303371,88.35617978,55,115,2,2
18,1,B,N,2,90.1,1783,20,38,1,13,86,-48,1.5,0,0,0,90,2106,90,90,114.7,110.7,105,88.8,66.1,43,29.3,41.2,43.8,44,41.4,52.5,76.4,102.6,115.4,120.3,122.4,127,125.6,122,120.9,119,118.9,119.3,120.1,121.9,121.8,123.7,122.9,117.3,113.1,106.4,99.3,95.3,90.7,85.4,77.2,64.8,57,49.1,44.3,41,47.4,55,65,68.3,74.4,86.6,103.5,105,107.2,113.9,119.1,118.3,122.7,125.4,121.2,120.7,122.1,121.9,119.5,115.4,115.8,115.2,114.2,109.5,102.5,94.1,86.5,70.5,50.6,45.5,42.2,36.3,44,66.1,81,83.9,85.9,93,104.9,111.6,115.6,116.9,116.3,118.3,118.8,123,125.7,120.2,68.1,66.6,72,73.3,76.7,90.7,110.2,130.3,132.6,132.8,120.8,105.9,91.4,82.2,67.6,51.9,37.5,38.6,42.1,47.5,57.1,61.3,60.6,55.6,48.6,40.2,33.4,40.8,51,56.5,69,82.3,88.2,90.2,88.1,91.7,97.6,114.2,122.9,124.5,127.6,129.9,133.1,133.7,133.1,126.5,117.2,104.2,95.4,82.4,71,60.8,56.2,50,42.8,40.6,36.1,32.3,35.7,40.4,41.6,37.6,44.6,53.8,58.5,68.7,83.5,92.9,96.3,108,120,128.7,130,124.9,123.2,125.5,124.2,115.9,106.7,94.3,83.5,75.1,69.1,65.8,61.2,56.3,46.8,39.5,37.4,30.9,TT,O,,2021,3,1,3/28/2008,19.7891232,23.88285952,23.50910463,25.75163399,0,0,0,0,66.1,43,29.3,41.2,43.8,44,41.4,52.5,76.4,102.6,115.4,120.3,122.4,127,125.6,122,120.9,119,118.9,119.3,120.1,121.9,121.8,123.7,122.9,117.3,113.1,106.4,99.3,95.3,90.7,85.4,77.2,64.8,57,49.1,44.3,41,47.4,55,65,68.3,74.4,86.6,103.5,105,107.2,113.9,119.1,118.3,122.7,125.4,121.2,120.7,122.1,121.9,119.5,115.4,115.8,115.2,114.2,109.5,102.5,94.1,86.5,70.5,50.6,45.5,42.2,36.3,44,66.1,81,83.9,85.9,93,104.9,111.6,115.6,116.9,116.3,118.3,118.8,123,125.7,120.2,0,0,0,0,76.7,90.7,110.2,130.3,132.6,132.8,120.8,105.9,91.4,82.2,67.6,51.9,37.5,38.6,42.1,47.5,57.1,61.3,60.6,55.6,48.6,40.2,33.4,40.8,51,56.5,69,82.3,88.2,90.2,88.1,91.7,97.6,114.2,122.9,124.5,127.6,129.9,133.1,133.7,133.1,126.5,117.2,104.2,95.4,82.4,71,60.8,56.2,50,42.8,40.6,36.1,32.3,35.7,40.4,41.6,37.6,44.6,53.8,58.5,68.7,83.5,92.9,96.3,108,120,128.7,130,124.9,123.2,125.5,124.2,115.9,106.7,94.3,83.5,75.1,69.1,65.8,61.2,56.3,46.8,39.5,37.4,30.9,8043.1,6926.1,93.5244186,80.53604651,115,55,5,5
16,2,B,N,2,90.1,2179,20,35,9,19,72,29,1.5,1,0,0,90,2106,90,90,110.4,105.6,101.4,98.1,94.9,92.5,90.5,93.6,76.6,83.8,122.1,123.9,126.3,125,123.2,118.8,111.7,104,94.8,85.5,75.7,65.6,53.8,44,42.7,46.8,58.9,75.3,87.8,103.3,115.5,122.5,126.3,123.6,117,114.5,101.8,87.3,73,50.6,40.1,47.1,58.9,69.9,81.3,85.9,91.4,100.7,112.8,121.2,123.3,121.3,120.3,119.5,113.7,106.1,96.8,86,74.6,60.3,47.3,44.2,47.2,50.5,58.9,72.9,83.6,95.8,106.8,113.6,119.7,122.5,122.7,119.8,112.8,98.9,89.9,84.7,84.2,83.7,75.9,55.5,35.6,8.6,12.8,32.9,57.9,75,83.4,87.3,60.7,56.2,52.4,48.2,45.4,42.8,40.4,32.7,27.8,18.1,50.4,43.1,38.8,38.7,49.8,64.3,78.8,84.7,96.8,108.7,117.4,126.5,130.3,129.9,131.5,128.2,120.7,110.3,100.4,89,74.6,59.6,48.9,44.2,41.2,55.1,70.6,88.2,103.5,117.6,126.8,133.1,132.1,125.5,119,105.6,87.4,68.8,54.8,46.3,38.3,33.4,36.6,51.5,67.6,81.2,90.4,97.4,108.3,117.8,124.6,132.2,135.2,132.5,128.1,123.5,113.1,101,89,74.4,61,49.1,40.6,32.9,25,29,47.3,78.2,92.8,99.4,101,96.4,91.3,87.5,83.1,84.5,97.6,112.4,120.6,113.5,TT,O,,2021,4,1,3/29/2008,24.18423973,23.88285952,23.50910463,25.75163399,0,0,0,0,94.9,92.5,90.5,93.6,76.6,83.8,122.1,123.9,126.3,125,123.2,118.8,111.7,104,94.8,85.5,75.7,65.6,53.8,44,42.7,46.8,58.9,75.3,87.8,103.3,115.5,122.5,126.3,123.6,117,114.5,101.8,87.3,73,50.6,40.1,47.1,58.9,69.9,81.3,85.9,91.4,100.7,112.8,121.2,123.3,121.3,120.3,119.5,113.7,106.1,96.8,86,74.6,60.3,47.3,44.2,47.2,50.5,58.9,72.9,83.6,95.8,106.8,113.6,119.7,122.5,122.7,119.8,112.8,98.9,89.9,84.7,84.2,83.7,75.9,55.5,35.6,8.6,12.8,32.9,57.9,75,83.4,87.3,0,0,0,0,45.4,42.8,40.4,32.7,27.8,18.1,50.4,43.1,38.8,38.7,49.8,64.3,78.8,84.7,96.8,108.7,117.4,126.5,130.3,129.9,131.5,128.2,120.7,110.3,100.4,89,74.6,59.6,48.9,44.2,41.2,55.1,70.6,88.2,103.5,117.6,126.8,133.1,132.1,125.5,119,105.6,87.4,68.8,54.8,46.3,38.3,33.4,36.6,51.5,67.6,81.2,90.4,97.4,108.3,117.8,124.6,132.2,135.2,132.5,128.1,123.5,113.1,101,89,74.4,61,49.1,40.6,32.9,25,29,47.3,78.2,92.8,99.4,101,96.4,91.3,87.5,83.1,84.5,97.6,112.4,120.6,113.5,7469,7167.7,86.84883721,83.34534884,115,55,5,5
17,2,B,W,2,90.1,2267,22,29,0,10,90,-64,1.5,0,0,0,90,2106,90,90,117.7,112.4,108.5,107,106.8,103.1,94,83.2,72.2,59.5,48.2,43.5,51.6,66.9,86.2,97.8,110.5,118.9,123.2,127,127.2,125.5,121.9,117.6,111.1,104.8,97.1,87.9,79.6,67.7,59.7,51,44,45.3,49,58.4,77.2,93.9,105,112.7,119.6,123.6,125.9,127.4,125.3,127,120.7,111.9,96.1,84.2,89.7,79.1,67.8,52.5,46.2,43.7,50.8,64.2,78.9,90,103.9,115.9,123.2,125.1,123,121,115.6,107.6,98.1,89,79.2,72.8,64.9,58.1,49.5,43.2,47,53.5,68.3,76.9,88.8,96.2,104.3,112.7,114.6,121.2,118.4,125.2,121,113.1,40.9,25.2,27.4,49.2,74.3,87.7,102.2,116.4,127.2,131.6,133,131.9,127.2,116.2,105.5,91.4,79.3,67.1,54.1,44.1,38.6,41,51.5,65.8,79.5,84.2,94.3,104.6,113.6,123,132.1,133.9,132.6,132.2,126.4,118.8,107.9,98.5,88.8,78.6,68.6,58.6,50.2,43.3,36.7,39.5,37.7,35,45.7,69.6,108.9,111.3,114.3,123.2,131.4,131.1,126.9,116.7,104,87,71.5,58.2,46.3,37.6,38,52.1,68.7,77.4,90.9,107.3,118.4,116,121,129.6,133.4,132,128.6,124.2,113.9,107.6,100.8,93.9,83.9,77.6,64.9,57.4,39.4,37.7,32.4,32.3,TT,O,,2021,5,1,3/29/2008,25.1609323,23.88285952,23.50910463,25.75163399,0,0,0,0,106.8,103.1,94,83.2,72.2,59.5,48.2,43.5,51.6,66.9,86.2,97.8,110.5,118.9,123.2,127,127.2,125.5,121.9,117.6,111.1,104.8,97.1,87.9,79.6,67.7,59.7,51,44,45.3,49,58.4,77.2,93.9,105,112.7,119.6,123.6,125.9,127.4,125.3,127,120.7,111.9,96.1,84.2,89.7,79.1,67.8,52.5,46.2,43.7,50.8,64.2,78.9,90,103.9,115.9,123.2,125.1,123,121,115.6,107.6,98.1,89,79.2,72.8,64.9,58.1,49.5,43.2,47,53.5,68.3,76.9,88.8,96.2,104.3,112.7,114.6,121.2,118.4,125.2,121,113.1,0,0,0,0,74.3,87.7,102.2,116.4,127.2,131.6,133,131.9,127.2,116.2,105.5,91.4,79.3,67.1,54.1,44.1,38.6,41,51.5,65.8,79.5,84.2,94.3,104.6,113.6,123,132.1,133.9,132.6,132.2,126.4,118.8,107.9,98.5,88.8,78.6,68.6,58.6,50.2,43.3,36.7,39.5,37.7,35,45.7,69.6,108.9,111.3,114.3,123.2,131.4,131.1,126.9,116.7,104,87,71.5,58.2,46.3,37.6,38,52.1,68.7,77.4,90.9,107.3,118.4,116,121,129.6,133.4,132,128.6,124.2,113.9,107.6,100.8,93.9,83.9,77.6,64.9,57.4,39.4,37.7,32.4,32.3,7805.1,7667.8,90.75697674,89.16046512,115,55,5,5
18,2,B,E,2,30.6,788,24,27,15,52,33,-57,1.5,1,0,0,90,2106,90,30,60.6,55,35.2,11.5,36.8,71.4,101.2,112.7,108.9,100.1,80.5,58.3,36.7,23.5,30.9,51.5,75.3,88.9,94.8,97.9,104.2,118.8,126.2,121.6,115.8,109.9,93,67.7,54.4,67.8,0,0,0,0,0,0,0,0,0,0,0,0,0,0,0,0,0,0,0,0,0,0,0,0,0,0,0,0,0,0,0,0,0,0,0,0,0,0,0,0,0,0,0,0,0,0,0,0,0,0,0,0,0,0,0,0,0,0,0,0,120.2,121.8,113.6,90.5,66.6,51.6,55,70.3,75.7,79,89,100.8,111.6,111.6,105.3,96.6,89.9,75.9,61.5,42.7,24.6,30.4,37.9,33.3,34.1,35.4,40.3,61.9,90.9,125.7,0,0,0,0,0,0,0,0,0,0,0,0,0,0,0,0,0,0,0,0,0,0,0,0,0,0,0,0,0,0,0,0,0,0,0,0,0,0,0,0,0,0,0,0,0,0,0,0,0,0,0,0,0,0,0,0,0,0,0,0,FS,O,,2021,6,1,3/29/2008,25.75163399,23.88285952,23.50910463,25.75163399,0,55,35.2,11.5,36.8,71.4,101.2,112.7,108.9,100.1,80.5,58.3,36.7,23.5,30.9,51.5,75.3,88.9,94.8,97.9,104.2,118.8,126.2,121.6,115.8,109.9,93,67.7,54.4,67.8,0,0,0,0,0,0,0,0,0,0,0,0,0,0,0,0,0,0,0,0,0,0,0,0,0,0,0,0,0,0,0,0,0,0,0,0,0,0,0,0,0,0,0,0,0,0,0,0,0,0,0,0,0,0,0,0,0,0,0,0,0,121.8,113.6,90.5,66.6,51.6,55,70.3,75.7,79,89,100.8,111.6,111.6,105.3,96.6,89.9,75.9,61.5,42.7,24.6,30.4,37.9,33.3,34.1,35.4,40.3,61.9,90.9,125.7,0,0,0,0,0,0,0,0,0,0,0,0,0,0,0,0,0,0,0,0,0,0,0,0,0,0,0,0,0,0,0,0,0,0,0,0,0,0,0,0,0,0,0,0,0,0,0,0,0,0,0,0,0,0,0,0,0,0,0,0,2250.5,2123.5,77.60344828,73.22413793,55,115,2,2
19,1,B,S,2,53.9,1426,29,27,11,38,51,-108,1.5,1,0,0,90,2106,92,53,52.7,52.2,52.9,50.4,61.9,77.7,96.4,110.6,112.1,104.7,92,83,81.1,73.5,60.7,51.7,35.7,45.3,65.2,88.2,108.4,106.9,110.4,125.4,119.3,110.3,89.5,67.6,48.3,37.1,42,43.7,49.6,55.8,58.4,49.6,51.1,65.3,92.7,117.9,118.5,125.7,125.4,116.5,101.8,87.2,81.1,86.2,96.6,90,77.9,63,38.6,0,0,0,0,0,0,0,0,0,0,0,0,0,0,0,0,0,0,0,0,0,0,0,0,0,0,0,0,0,0,0,0,0,0,0,0,0,114.2,114.1,118.1,114.9,104.5,86.5,62.8,42.3,25,29.8,57.9,86.9,115.9,124,126.6,130,122.9,115.2,99,85.2,80,56,33.9,38.8,31,33.2,40.4,58.5,84.1,112.4,130.6,130.3,126.2,121.5,116.4,108.5,88.8,71.4,62.1,65.8,47.7,38.6,36.3,32.5,27.7,38.2,62.2,91.6,107.7,103,98.5,96.1,93.1,0,0,0,0,0,0,0,0,0,0,0,0,0,0,0,0,0,0,0,0,0,0,0,0,0,0,0,0,0,0,0,0,0,0,0,0,0,TT,O,,2021,1,1,3/28/2008,26.45640074,21.14783251,21.60541204,18.85993485,0,0,52.9,50.4,61.9,77.7,96.4,110.6,112.1,104.7,92,83,81.1,73.5,60.7,51.7,35.7,45.3,65.2,88.2,108.4,106.9,110.4,125.4,119.3,110.3,89.5,67.6,48.3,37.1,42,43.7,49.6,55.8,58.4,49.6,51.1,65.3,92.7,117.9,118.5,125.7,125.4,116.5,101.8,87.2,81.1,86.2,96.6,90,77.9,63,38.6,0,0,0,0,0,0,0,0,0,0,0,0,0,0,0,0,0,0,0,0,0,0,0,0,0,0,0,0,0,0,0,0,0,0,0,0,0,0,0,118.1,114.9,104.5,86.5,62.8,42.3,25,29.8,57.9,86.9,115.9,124,126.6,130,122.9,115.2,99,85.2,80,56,33.9,38.8,31,33.2,40.4,58.5,84.1,112.4,130.6,130.3,126.2,121.5,116.4,108.5,88.8,71.4,62.1,65.8,47.7,38.6,36.3,32.5,27.7,38.2,62.2,91.6,107.7,103,98.5,96.1,93.1,0,0,0,0,0,0,0,0,0,0,0,0,0,0,0,0,0,0,0,0,0,0,0,0,0,0,0,0,0,0,0,0,0,0,0,0,0,4100.9,4110.6,80.40980392,80.6,55,115,3,3
20,1,B,E,2,90.1,1775,16,37,17,32,51,72,1.5,0,2,0,90,2106,92,90,66.4,67.8,63,57,59.8,70.8,88.2,111.7,125.3,120.3,109.3,102.1,97.1,96.7,93.7,86.8,78.5,69.5,64.1,65.1,64.2,56.3,49.5,40.1,38.6,50.7,72.5,96.4,109.9,105.9,101.2,90.3,71.4,45.4,18.6,22.9,47,67.5,84.3,96.1,109.2,117,120.5,123.4,123.9,123.9,125.3,120.1,113.8,109.3,99.1,88.2,74.1,60.6,48.1,33.8,30.6,41.9,42.9,42.7,41.1,31.5,19.7,17.3,33.7,59.9,86.6,112.4,126.2,124.8,121.2,123.2,124.1,124.5,122.6,116.6,110.6,104.7,100.8,99.5,97.6,100.4,98.1,96.8,98.1,100.9,106.7,113.1,119.7,118.1,125.3,123,108.5,90,66.6,39.1,11,26.6,43.7,40.8,29.6,14.4,21.8,47.4,69.9,87.6,106.5,119.5,127.2,129,122.4,106.7,98,82.8,60.7,40.1,38.2,58.8,76.1,76.9,75.3,73.3,68,63.8,72.9,89.6,100.1,102,97.3,86,77.4,66.3,54.9,45.4,37.1,35.6,44,53.1,63,76.4,87.4,95.1,98.6,104.3,110.1,112.3,118.8,131.2,132.1,131.9,130.1,120.1,105.1,84,57.6,29.6,11.5,27.6,41.4,42.1,37.2,37,36.5,35.5,38.5,43.8,54.7,70.3,89.8,100.5,100,98.9,89,76.6,63,45.9,31.8,25.5,35,45.8,TT,O,,2021,2,1,3/28/2008,19.70033296,21.14783251,21.60541204,18.85993485,0,0,63,57,59.8,70.8,88.2,111.7,125.3,120.3,109.3,102.1,97.1,96.7,93.7,86.8,78.5,69.5,64.1,65.1,64.2,56.3,49.5,40.1,38.6,50.7,72.5,96.4,109.9,105.9,101.2,90.3,71.4,45.4,18.6,22.9,47,67.5,84.3,96.1,109.2,117,120.5,123.4,123.9,123.9,125.3,120.1,113.8,109.3,99.1,88.2,74.1,60.6,48.1,33.8,30.6,41.9,42.9,42.7,41.1,31.5,19.7,17.3,33.7,59.9,86.6,112.4,126.2,124.8,121.2,123.2,124.1,124.5,122.6,116.6,110.6,104.7,100.8,99.5,97.6,100.4,98.1,96.8,98.1,100.9,106.7,113.1,119.7,118.1,0,0,108.5,90,66.6,39.1,11,26.6,43.7,40.8,29.6,14.4,21.8,47.4,69.9,87.6,106.5,119.5,127.2,129,122.4,106.7,98,82.8,60.7,40.1,38.2,58.8,76.1,76.9,75.3,73.3,68,63.8,72.9,89.6,100.1,102,97.3,86,77.4,66.3,54.9,45.4,37.1,35.6,44,53.1,63,76.4,87.4,95.1,98.6,104.3,110.1,112.3,118.8,131.2,132.1,131.9,130.1,120.1,105.1,84,57.6,29.6,11.5,27.6,41.4,42.1,37.2,37,36.5,35.5,38.5,43.8,54.7,70.3,89.8,100.5,100,98.9,89,76.6,63,45.9,31.8,25.5,35,45.8,7486.7,6247.6,85.07613636,70.99545455,55,115,3,3
21,1,B,N,2,52.1,968,18,39,35,33,32,67,1.5,2,5,0,90,2106,92,52,113.6,112,106.4,100.1,87.7,66.8,42.7,17.3,27,43.8,44.3,38.5,34.7,31.1,30.1,45,65.1,91.7,113.9,123.4,117.8,98.7,87.3,83.7,91.3,105.2,108.1,105.3,104.1,99.7,94.6,89,86,97.5,116.2,119.7,116.1,111.5,108.8,102.1,94,84.4,79.2,81.9,91.9,104.2,104.4,88.7,73.6,53.7,29.8,9,0,0,0,0,0,0,0,0,0,0,0,0,0,0,0,0,0,0,0,0,0,0,0,0,0,0,0,0,0,0,0,0,0,0,0,0,0,0,57.8,50.7,37.1,19.9,5.5,24.7,50.7,83.8,111,128.8,129.4,124.7,119.5,109.3,98.9,78.4,63.7,53.6,52.7,54.6,50.6,27.5,9.3,24.8,51.6,77.4,86,84.3,76.2,69.2,52.9,33.5,9.8,24.7,49.2,56.3,55.9,52.8,48.8,41.9,30.6,14.1,16.1,40.9,67.2,89.8,92.5,77.5,72,71.2,75.4,84.1,0,0,0,0,0,0,0,0,0,0,0,0,0,0,0,0,0,0,0,0,0,0,0,0,0,0,0,0,0,0,0,0,0,0,0,0,0,0,TT,O,,2021,3,1,3/28/2008,18.57965451,21.14783251,21.60541204,18.85993485,0,0,0,0,87.7,66.8,42.7,17.3,27,43.8,44.3,38.5,34.7,31.1,30.1,45,65.1,91.7,113.9,123.4,117.8,98.7,87.3,83.7,91.3,105.2,108.1,105.3,104.1,99.7,94.6,89,86,97.5,116.2,119.7,116.1,111.5,108.8,102.1,94,84.4,79.2,81.9,91.9,104.2,104.4,88.7,73.6,53.7,29.8,9,0,0,0,0,0,0,0,0,0,0,0,0,0,0,0,0,0,0,0,0,0,0,0,0,0,0,0,0,0,0,0,0,0,0,0,0,0,0,0,0,0,0,5.5,24.7,50.7,83.8,111,128.8,129.4,124.7,119.5,109.3,98.9,78.4,63.7,53.6,52.7,54.6,50.6,27.5,9.3,24.8,51.6,77.4,86,84.3,76.2,69.2,52.9,33.5,9.8,24.7,49.2,56.3,55.9,52.8,48.8,41.9,30.6,14.1,16.1,40.9,67.2,89.8,92.5,77.5,72,71.2,75.4,84.1,0,0,0,0,0,0,0,0,0,0,0,0,0,0,0,0,0,0,0,0,0,0,0,0,0,0,0,0,0,0,0,0,0,0,0,0,0,0,3840.6,3003.4,80.0125,62.57083333,115,55,5,5
19,2,B,N,2,90.1,2073,27,33,12,22,66,47,1.5,0,0,0,90,2106,92,90,117.3,112.3,102.5,82.6,46.9,17.5,28.8,46.8,45.8,47.1,37.8,22.9,26,50.7,79.2,105.3,119.3,124.5,127,125.9,123.9,118.5,111.1,100.9,87.6,75.2,61.7,51.4,45.2,44.9,51.1,62.2,72.7,79.9,79.1,72.1,60.6,59.2,76.7,105.8,126.1,124.3,116.3,98.9,95.3,93.8,86.1,72.4,55.4,44.3,44.7,47,53.2,65.9,72.7,79.1,84.9,94.8,108.8,119.1,121.3,123.8,125.2,123.3,120.7,117.6,116.8,114.5,106.4,97.9,88.5,78.1,68,58.8,47.7,35.5,23.2,24.6,40.3,59.1,76.3,93.5,110.8,117.6,117.7,113.4,110.6,108.3,111.2,108.8,54.6,47.5,34.8,24.5,43.1,78,109.3,126.2,123.8,125.9,124.1,111.3,96.5,81.3,70.7,64.1,56.3,44,38.1,40.3,50.4,62.3,75.1,88.7,96.8,107.8,118.3,125.7,130,133.8,135.5,135,131.2,124.1,110.8,94.2,71,39.6,17.3,31.5,48.7,47.4,49.3,58.8,84.4,94.7,93.8,101.1,111.9,122.2,132.8,134.4,133.4,134.4,125.9,114.2,99.4,84.2,73.1,63.4,52.7,44.6,39.4,34.6,33.7,40.1,55.6,70.8,80.6,90.6,100.1,107.8,115.3,119.6,121.9,119.4,111.7,102.9,91.9,79.5,65.9,55.1,49.7,42.8,34.4,25,26.5,40.9,62.9,77,TT,O,,2021,4,1,3/29/2008,23.00776915,21.14783251,21.60541204,18.85993485,0,0,0,0,46.9,17.5,28.8,46.8,45.8,47.1,37.8,22.9,26,50.7,79.2,105.3,119.3,124.5,127,125.9,123.9,118.5,111.1,100.9,87.6,75.2,61.7,51.4,45.2,44.9,51.1,62.2,72.7,79.9,79.1,72.1,60.6,59.2,76.7,105.8,126.1,124.3,116.3,98.9,95.3,93.8,86.1,72.4,55.4,44.3,44.7,47,53.2,65.9,72.7,79.1,84.9,94.8,108.8,119.1,121.3,123.8,125.2,123.3,120.7,117.6,116.8,114.5,106.4,97.9,88.5,78.1,68,58.8,47.7,35.5,23.2,24.6,40.3,59.1,76.3,93.5,110.8,117.6,117.7,113.4,110.6,108.3,111.2,108.8,0,0,0,0,43.1,78,109.3,126.2,123.8,125.9,124.1,111.3,96.5,81.3,70.7,64.1,56.3,44,38.1,40.3,50.4,62.3,75.1,88.7,96.8,107.8,118.3,125.7,130,133.8,135.5,135,131.2,124.1,110.8,94.2,71,39.6,17.3,31.5,48.7,47.4,49.3,58.8,84.4,94.7,93.8,101.1,111.9,122.2,132.8,134.4,133.4,134.4,125.9,114.2,99.4,84.2,73.1,63.4,52.7,44.6,39.4,34.6,33.7,40.1,55.6,70.8,80.6,90.6,100.1,107.8,115.3,119.6,121.9,119.4,111.7,102.9,91.9,79.5,65.9,55.1,49.7,42.8,34.4,25,26.5,40.9,62.9,77,7033.9,7212.6,81.78953488,83.86744186,115,55,5,5
20,2,B,W,2,81.3,1649,21,23,22,33,45,20,1.5,2,1,0,90,2106,92,81,108.4,91.8,71.3,44.8,17.1,25.7,54.2,76.5,92.7,105.7,110.4,112.5,115.3,118.5,118.5,116.6,114,113.9,107.6,98.8,87.2,74.2,64.2,51.4,38.2,28.1,32.8,50.4,63.7,68.1,67.2,68.2,73.7,81,89.1,100.4,113,123.6,116.4,109.2,101.5,90.8,81.9,78.7,73.3,61.3,45.7,34.6,34.3,44.5,54.6,60.3,65.5,74.6,85.3,92.8,96.3,101.2,108.4,116.8,117.9,114,105.9,95.2,84.6,71,51.9,34.7,38.6,55.4,75.1,95.7,110.2,107.5,106.3,101,90.3,73.5,51.8,25.3,10.7,0,0,0,0,0,0,0,0,0,56.8,54.1,57.5,61.4,75.6,91.8,102.5,102.5,96.9,87.5,74.4,59.5,44,32.8,30.8,38.4,52.1,69.2,79.3,87.7,95.5,105,116.2,119.9,118.6,116,118.9,126.9,128.4,120.7,108.2,91.3,72.3,51.2,30.5,15.4,26.1,43.9,47.3,47.9,52.1,62.2,79,94.7,107.8,111.7,113.5,116.2,123.2,129.7,131.3,126.9,121,115.5,110.2,101.4,90,77.9,67.1,58.3,49.2,36.2,21.8,8.2,15.6,31.8,44.2,55.5,60.6,63.8,67.2,74.7,82.2,79.6,76.1,72.4,66.2,61.3,63,75,91.5,0,0,0,0,0,0,0,0,0,TT,O,,2021,5,1,3/29/2008,20.28290283,21.14783251,21.60541204,18.85993485,0,0,0,0,17.1,25.7,54.2,76.5,92.7,105.7,110.4,112.5,115.3,118.5,118.5,116.6,114,113.9,107.6,98.8,87.2,74.2,64.2,51.4,38.2,28.1,32.8,50.4,63.7,68.1,67.2,68.2,73.7,81,89.1,100.4,113,123.6,116.4,109.2,101.5,90.8,81.9,78.7,73.3,61.3,45.7,34.6,34.3,44.5,54.6,60.3,65.5,74.6,85.3,92.8,96.3,101.2,108.4,116.8,117.9,114,105.9,95.2,84.6,71,51.9,34.7,38.6,55.4,75.1,95.7,110.2,107.5,106.3,101,90.3,73.5,51.8,25.3,10.7,0,0,0,0,0,0,0,0,0,0,0,0,0,75.6,91.8,102.5,102.5,96.9,87.5,74.4,59.5,44,32.8,30.8,38.4,52.1,69.2,79.3,87.7,95.5,105,116.2,119.9,118.6,116,118.9,126.9,128.4,120.7,108.2,91.3,72.3,51.2,30.5,15.4,26.1,43.9,47.3,47.9,52.1,62.2,79,94.7,107.8,111.7,113.5,116.2,123.2,129.7,131.3,126.9,121,115.5,110.2,101.4,90,77.9,67.1,58.3,49.2,36.2,21.8,8.2,15.6,31.8,44.2,55.5,60.6,63.8,67.2,74.7,82.2,79.6,76.1,72.4,66.2,61.3,63,75,91.5,0,0,0,0,0,0,0,0,0,6117.1,6011,79.44285714,78.06493506,115,55,5,5
21,2,B,E,2,30.7,579,29,17,39,44,17,71,1.5,2,1,0,90,2106,92,30,73.1,63.6,51.7,33.3,13.2,10.2,30.3,40,34.8,22.4,8.9,21.3,46.8,74.9,94.4,102.9,102.3,99.4,96.9,91.6,85.4,73.3,59,49.4,43.5,49.5,61.9,78,94.3,97.2,0,0,0,0,0,0,0,0,0,0,0,0,0,0,0,0,0,0,0,0,0,0,0,0,0,0,0,0,0,0,0,0,0,0,0,0,0,0,0,0,0,0,0,0,0,0,0,0,0,0,0,0,0,0,0,0,0,0,0,0,121.7,105.3,96.3,84.4,83.1,93.1,108.5,122.5,122.4,111.4,94.7,70.4,43.3,14.6,7,21.2,32.1,44,60.3,73.7,82.1,81.4,69.2,58.3,47.9,48.5,62.1,81.4,94.2,89.5,0,0,0,0,0,0,0,0,0,0,0,0,0,0,0,0,0,0,0,0,0,0,0,0,0,0,0,0,0,0,0,0,0,0,0,0,0,0,0,0,0,0,0,0,0,0,0,0,0,0,0,0,0,0,0,0,0,0,0,0,FS,O,,2021,6,1,3/29/2008,18.85993485,21.14783251,21.60541204,18.85993485,0,0,51.7,33.3,13.2,10.2,30.3,40,34.8,22.4,8.9,21.3,46.8,74.9,94.4,102.9,102.3,99.4,96.9,91.6,85.4,73.3,59,49.4,43.5,49.5,61.9,78,94.3,97.2,0,0,0,0,0,0,0,0,0,0,0,0,0,0,0,0,0,0,0,0,0,0,0,0,0,0,0,0,0,0,0,0,0,0,0,0,0,0,0,0,0,0,0,0,0,0,0,0,0,0,0,0,0,0,0,0,0,0,0,0,0,0,96.3,84.4,83.1,93.1,108.5,122.5,122.4,111.4,94.7,70.4,43.3,14.6,7,21.2,32.1,44,60.3,73.7,82.1,81.4,69.2,58.3,47.9,48.5,62.1,81.4,94.2,89.5,0,0,0,0,0,0,0,0,0,0,0,0,0,0,0,0,0,0,0,0,0,0,0,0,0,0,0,0,0,0,0,0,0,0,0,0,0,0,0,0,0,0,0,0,0,0,0,0,0,0,0,0,0,0,0,0,0,0,0,0,1666.8,1997.6,59.52857143,71.34285714,55,115,3,3
25,1,B,S,2,16.6,431,47,23,30,33,37,-127,1.5,0,0,0,90,2106,97,16,47.5,48.9,50.2,50.4,56.6,50.7,54.6,76.4,106.2,113.5,103.9,73.4,41.5,36,44.1,24.6,0,0,0,0,0,0,0,0,0,0,0,0,0,0,0,0,0,0,0,0,0,0,0,0,0,0,0,0,0,0,0,0,0,0,0,0,0,0,0,0,0,0,0,0,0,0,0,0,0,0,0,0,0,0,0,0,0,0,0,0,0,0,0,0,0,0,0,0,0,0,0,0,0,0,113.6,113,113.2,116,101.8,74.3,39.9,38.3,58.6,58.4,46.6,50.9,79.8,117,130.7,112.8,0,0,0,0,0,0,0,0,0,0,0,0,0,0,0,0,0,0,0,0,0,0,0,0,0,0,0,0,0,0,0,0,0,0,0,0,0,0,0,0,0,0,0,0,0,0,0,0,0,0,0,0,0,0,0,0,0,0,0,0,0,0,0,0,0,0,0,0,0,0,0,0,0,0,TT,O,,2021,1,1,3/28/2008,25.96385542,25.36985941,25.42435077,25.0974026,0,48.9,50.2,50.4,56.6,50.7,54.6,76.4,106.2,113.5,103.9,73.4,41.5,36,44.1,24.6,0,0,0,0,0,0,0,0,0,0,0,0,0,0,0,0,0,0,0,0,0,0,0,0,0,0,0,0,0,0,0,0,0,0,0,0,0,0,0,0,0,0,0,0,0,0,0,0,0,0,0,0,0,0,0,0,0,0,0,0,0,0,0,0,0,0,0,0,0,0,0,0,0,0,0,113,113.2,116,101.8,74.3,39.9,38.3,58.6,58.4,46.6,50.9,79.8,117,130.7,112.8,0,0,0,0,0,0,0,0,0,0,0,0,0,0,0,0,0,0,0,0,0,0,0,0,0,0,0,0,0,0,0,0,0,0,0,0,0,0,0,0,0,0,0,0,0,0,0,0,0,0,0,0,0,0,0,0,0,0,0,0,0,0,0,0,0,0,0,0,0,0,0,0,0,0,931,1251.3,62.06666667,83.42,55,115,2,2
26,1,B,E,2,41.8,1106,31,21,8,40,52,-23,1.5,1,0,0,90,2106,97,41,63.6,65.6,59.9,52.2,40.5,34.5,47.3,69,76.9,93.7,110,109.5,98.4,90.7,90.7,94.6,86,74.6,59.3,49.4,36,33.2,49.5,68.4,76.4,85.5,96.7,111.1,122.6,120.7,116.1,109.9,109.4,109.1,96.8,73.9,49.3,41.8,49.9,48.6,34.5,0,0,0,0,0,0,0,0,0,0,0,0,0,0,0,0,0,0,0,0,0,0,0,0,0,0,0,0,0,0,0,0,0,0,0,0,0,0,0,0,0,0,0,0,0,0,0,0,0,124.1,119.2,113.7,116,120.4,121.9,117.1,111.9,86.6,59.4,44.3,27.4,14.3,39.1,69.6,96.9,105.9,114.7,127.9,133.2,124.6,109.7,104.5,107.8,103.1,92.2,75.2,58.4,46.2,33.8,30.3,42.8,63.1,71.3,80.2,79.5,82.7,102.7,125.7,128.1,114.5,0,0,0,0,0,0,0,0,0,0,0,0,0,0,0,0,0,0,0,0,0,0,0,0,0,0,0,0,0,0,0,0,0,0,0,0,0,0,0,0,0,0,0,0,0,0,0,0,0,TT,O,,2021,2,1,3/28/2008,26.45933014,25.36985941,25.42435077,25.0974026,0,65.6,59.9,52.2,40.5,34.5,47.3,69,76.9,93.7,110,109.5,98.4,90.7,90.7,94.6,86,74.6,59.3,49.4,36,33.2,49.5,68.4,76.4,85.5,96.7,111.1,122.6,120.7,116.1,109.9,109.4,109.1,96.8,73.9,49.3,41.8,49.9,48.6,34.5,0,0,0,0,0,0,0,0,0,0,0,0,0,0,0,0,0,0,0,0,0,0,0,0,0,0,0,0,0,0,0,0,0,0,0,0,0,0,0,0,0,0,0,0,0,0,0,0,0,0,119.2,113.7,116,120.4,121.9,117.1,111.9,86.6,59.4,44.3,27.4,14.3,39.1,69.6,96.9,105.9,114.7,127.9,133.2,124.6,109.7,104.5,107.8,103.1,92.2,75.2,58.4,46.2,33.8,30.3,42.8,63.1,71.3,80.2,79.5,82.7,102.7,125.7,128.1,114.5,0,0,0,0,0,0,0,0,0,0,0,0,0,0,0,0,0,0,0,0,0,0,0,0,0,0,0,0,0,0,0,0,0,0,0,0,0,0,0,0,0,0,0,0,0,0,0,0,0,3042.2,3515.9,76.055,87.8975,55,115,2,2
27,1,B,N,2,90.1,2303,17,23,26,42,32,-21,1.5,2,1,0,90,2106,97,90,108,96.8,74.9,44.7,29.2,55.6,90.9,107.1,104.6,100.5,100.2,100.4,101.5,96.8,84.8,65.8,48.8,40,34,36.4,52.9,57.6,59.6,61.5,67,76.2,79.6,75.7,70.7,60,46.8,22.6,29.1,63.2,94.3,114.9,118.4,119.2,118.5,119.2,112.9,99.2,85.8,69.3,54.4,26.4,9.1,33.5,57.5,87.5,100.3,102.8,97.8,87.2,75.9,62.7,56.9,53.2,49,29.7,13.1,26.6,55.7,88.5,104.5,115.9,114.1,104.8,95.8,74.6,51.5,34.7,43.4,60.7,74,79.6,88,97.6,113.2,126.1,124.7,120.5,119.1,115.9,107.8,97.1,84.5,66.1,57.4,51.1,58.6,57.3,54.8,59.2,64.7,67.6,73.9,75.5,58,34.3,14.4,34.7,61.1,80.3,92,105.6,115.3,124.6,122.4,112.6,100.2,81.1,56.5,31.3,35.4,58.9,82.6,104.2,121.4,115.6,106,83.9,65.9,60.7,66,64.4,52.8,38.5,30.2,37.3,44.8,56.5,73.9,88.3,99.5,97.3,84.7,70.6,77.6,87.5,81.5,65.9,43.6,18.4,15.9,45.9,74,98.1,116.8,108.9,89.3,63.2,38.8,31.2,43.1,60.3,56.5,40.4,33.2,35,53.8,76.5,96.1,105,94.2,78.3,58.1,37.3,32.4,40.9,41.5,43.2,52.2,64,73.7,87.6,98.1,108.3,121.4,124.2,TT,O,,2021,3,1,3/28/2008,25.56048835,25.36985941,25.42435077,25.0974026,0,0,0,0,29.2,55.6,90.9,107.1,104.6,100.5,100.2,100.4,101.5,96.8,84.8,65.8,48.8,40,34,36.4,52.9,57.6,59.6,61.5,67,76.2,79.6,75.7,70.7,60,46.8,22.6,29.1,63.2,94.3,114.9,118.4,119.2,118.5,119.2,112.9,99.2,85.8,69.3,54.4,26.4,9.1,33.5,57.5,87.5,100.3,102.8,97.8,87.2,75.9,62.7,56.9,53.2,49,29.7,13.1,26.6,55.7,88.5,104.5,115.9,114.1,104.8,95.8,74.6,51.5,34.7,43.4,60.7,74,79.6,88,97.6,113.2,126.1,124.7,120.5,119.1,115.9,107.8,97.1,84.5,66.1,57.4,51.1,0,0,0,0,64.7,67.6,73.9,75.5,58,34.3,14.4,34.7,61.1,80.3,92,105.6,115.3,124.6,122.4,112.6,100.2,81.1,56.5,31.3,35.4,58.9,82.6,104.2,121.4,115.6,106,83.9,65.9,60.7,66,64.4,52.8,38.5,30.2,37.3,44.8,56.5,73.9,88.3,99.5,97.3,84.7,70.6,77.6,87.5,81.5,65.9,43.6,18.4,15.9,45.9,74,98.1,116.8,108.9,89.3,63.2,38.8,31.2,43.1,60.3,56.5,40.4,33.2,35,53.8,76.5,96.1,105,94.2,78.3,58.1,37.3,32.4,40.9,41.5,43.2,52.2,64,73.7,87.6,98.1,108.3,121.4,124.2,6561.3,6057.4,76.29418605,70.43488372,115,55,5,5
25,2,B,N,2,47.8,1179,20,28,2,40,58,-29,1.5,0,0,0,90,2106,97,47,110.8,90.5,61.1,37.8,23.7,41.5,63.9,90.2,108.1,108.3,104.7,107.3,114.5,119.1,117.3,116.5,113.6,108.6,104,96.6,85.5,71.7,56.9,45.8,44.4,44.7,47.1,60,74.6,87.9,100.5,111,114.1,118.3,125.6,125.3,125.5,120.4,112.9,114.2,104.4,91.3,82.1,79.4,67.5,53.9,31.2,0,0,0,0,0,0,0,0,0,0,0,0,0,0,0,0,0,0,0,0,0,0,0,0,0,0,0,0,0,0,0,0,0,0,0,0,0,0,0,0,0,0,0,57.5,61,77.7,100.4,110.4,106.9,86.3,77.9,77.8,74.5,64.1,50.4,36.9,30.9,33.5,45.9,58,73.1,84.8,96.9,106.7,111.7,115.7,122.3,131.4,133.4,128.5,113.1,102,89.9,79.2,69.7,55.5,42.2,38.8,36.5,42.1,42.4,53.5,64.4,68.5,82.5,102.7,115.2,117.8,119.6,108.7,0,0,0,0,0,0,0,0,0,0,0,0,0,0,0,0,0,0,0,0,0,0,0,0,0,0,0,0,0,0,0,0,0,0,0,0,0,0,0,0,0,0,0,TT,O,,2021,4,1,3/29/2008,24.66527197,25.36985941,25.42435077,25.0974026,0,0,0,0,23.7,41.5,63.9,90.2,108.1,108.3,104.7,107.3,114.5,119.1,117.3,116.5,113.6,108.6,104,96.6,85.5,71.7,56.9,45.8,44.4,44.7,47.1,60,74.6,87.9,100.5,111,114.1,118.3,125.6,125.3,125.5,120.4,112.9,114.2,104.4,91.3,82.1,79.4,67.5,53.9,31.2,0,0,0,0,0,0,0,0,0,0,0,0,0,0,0,0,0,0,0,0,0,0,0,0,0,0,0,0,0,0,0,0,0,0,0,0,0,0,0,0,0,0,0,0,0,0,0,110.4,106.9,86.3,77.9,77.8,74.5,64.1,50.4,36.9,30.9,33.5,45.9,58,73.1,84.8,96.9,106.7,111.7,115.7,122.3,131.4,133.4,128.5,113.1,102,89.9,79.2,69.7,55.5,42.2,38.8,36.5,42.1,42.4,53.5,64.4,68.5,82.5,102.7,115.2,117.8,119.6,108.7,0,0,0,0,0,0,0,0,0,0,0,0,0,0,0,0,0,0,0,0,0,0,0,0,0,0,0,0,0,0,0,0,0,0,0,0,0,0,0,0,0,0,0,3834.1,3502.3,89.16511628,81.44883721,115,55,5,5
26,2,B,W,2,90.1,2205,14,36,10,42,48,-44,1.5,0,2,0,90,2106,97,90,102.1,86.8,76.4,71.4,72.5,80.2,75.7,62.9,42.7,29.3,34.5,55.8,68.9,93.1,109.3,116.5,114.4,106.6,96.5,92,99.5,116.5,120.1,119,118.2,116.3,108.1,96.9,72.2,55,37.7,36.7,46,51,59.6,70.3,88,101.5,108.6,111.1,113.3,117.8,123.5,123.5,118.4,109.4,100.5,97.3,90.2,78.8,66.1,49.7,39.9,34.7,39.5,52.2,63.5,75.3,92.7,107.7,113.6,118.9,117.8,116.9,115.2,111.8,107.8,100.3,97.7,105.6,106.9,93.7,83.3,76.7,73.1,69.6,71.3,88.2,95.3,94.9,95.1,98.2,103.4,111.7,121.7,121.9,118.1,108.6,97.7,91.4,35.3,11.5,28,56.4,90.3,112.9,120.6,121.3,119.2,117.2,113,98.1,89.9,76.5,69.9,63.4,55.1,39.2,15.1,15.1,42.8,55.5,50.8,39.2,29.8,34.4,43.9,54.2,64.8,79.3,104.4,122,133.7,129.5,119.9,107.4,99.7,86.7,73.7,62.3,47,36.2,35,40.3,47.2,56.3,69.8,88.6,96,103.9,111.9,118.6,123.5,123.4,121.5,118.7,110.7,100.3,94.2,86.9,72.8,62.8,54.1,42.6,32.4,24.8,20.6,31.3,47.7,72.4,68.4,46.3,22.8,17.2,41.7,64.4,97.1,112.3,105.3,91.1,75.6,57,41.1,30.6,33.4,39.2,48.4,57.9,72.9,93.7,TT,O,,2021,5,1,3/29/2008,24.47280799,25.36985941,25.42435077,25.0974026,0,0,0,0,72.5,80.2,75.7,62.9,42.7,29.3,34.5,55.8,68.9,93.1,109.3,116.5,114.4,106.6,96.5,92,99.5,116.5,120.1,119,118.2,116.3,108.1,96.9,72.2,55,37.7,36.7,46,51,59.6,70.3,88,101.5,108.6,111.1,113.3,117.8,123.5,123.5,118.4,109.4,100.5,97.3,90.2,78.8,66.1,49.7,39.9,34.7,39.5,52.2,63.5,75.3,92.7,107.7,113.6,118.9,117.8,116.9,115.2,111.8,107.8,100.3,97.7,105.6,106.9,93.7,83.3,76.7,73.1,69.6,71.3,88.2,95.3,94.9,95.1,98.2,103.4,111.7,121.7,121.9,118.1,108.6,97.7,91.4,0,0,0,0,90.3,112.9,120.6,121.3,119.2,117.2,113,98.1,89.9,76.5,69.9,63.4,55.1,39.2,15.1,15.1,42.8,55.5,50.8,39.2,29.8,34.4,43.9,54.2,64.8,79.3,104.4,122,133.7,129.5,119.9,107.4,99.7,86.7,73.7,62.3,47,36.2,35,40.3,47.2,56.3,69.8,88.6,96,103.9,111.9,118.6,123.5,123.4,121.5,118.7,110.7,100.3,94.2,86.9,72.8,62.8,54.1,42.6,32.4,24.8,20.6,31.3,47.7,72.4,68.4,46.3,22.8,17.2,41.7,64.4,97.1,112.3,105.3,91.1,75.6,57,41.1,30.6,33.4,39.2,48.4,57.9,72.9,93.7,7703.6,6258.7,89.57674419,72.7755814,115,55,5,5
27,2,B,E,2,30.8,773,26,16,10,51,39,-32,1.5,1,0,0,90,2106,97,30,61.4,52.5,28.4,12.1,43.5,74.7,96.4,104,111.3,115.9,115.8,114.6,113.1,108.3,97.9,84.7,71.2,59.1,54.4,49,30.1,21.7,49.1,76.4,97.1,109.5,112.2,105.5,91.3,71.9,0,0,0,0,0,0,0,0,0,0,0,0,0,0,0,0,0,0,0,0,0,0,0,0,0,0,0,0,0,0,0,0,0,0,0,0,0,0,0,0,0,0,0,0,0,0,0,0,0,0,0,0,0,0,0,0,0,0,0,0,125.1,123.1,108.1,86.9,75.4,78.9,81.5,71.3,56,38.8,27.7,33.6,48.5,64.1,75.6,90.2,102.5,113.4,125.3,130.1,117.2,97.2,76.3,67.5,57.1,60.1,67.4,71.4,76,85.2,0,0,0,0,0,0,0,0,0,0,0,0,0,0,0,0,0,0,0,0,0,0,0,0,0,0,0,0,0,0,0,0,0,0,0,0,0,0,0,0,0,0,0,0,0,0,0,0,0,0,0,0,0,0,0,0,0,0,0,0,FS,O,,2021,6,1,3/29/2008,25.0974026,25.36985941,25.42435077,25.0974026,0,52.5,28.4,12.1,43.5,74.7,96.4,104,111.3,115.9,115.8,114.6,113.1,108.3,97.9,84.7,71.2,59.1,54.4,49,30.1,21.7,49.1,76.4,97.1,109.5,112.2,105.5,91.3,71.9,0,0,0,0,0,0,0,0,0,0,0,0,0,0,0,0,0,0,0,0,0,0,0,0,0,0,0,0,0,0,0,0,0,0,0,0,0,0,0,0,0,0,0,0,0,0,0,0,0,0,0,0,0,0,0,0,0,0,0,0,0,123.1,108.1,86.9,75.4,78.9,81.5,71.3,56,38.8,27.7,33.6,48.5,64.1,75.6,90.2,102.5,113.4,125.3,130.1,117.2,97.2,76.3,67.5,57.1,60.1,67.4,71.4,76,85.2,0,0,0,0,0,0,0,0,0,0,0,0,0,0,0,0,0,0,0,0,0,0,0,0,0,0,0,0,0,0,0,0,0,0,0,0,0,0,0,0,0,0,0,0,0,0,0,0,0,0,0,0,0,0,0,0,0,0,0,0,2271.7,2306.4,78.33448276,79.53103448,55,115,2,2
28,1,B,S,2,90.1,2180,20,32,25,15,60,-79,1.5,0,2,0,90,2106,99,90,43.9,52.9,60.5,79.6,95.2,96.8,94.2,100.3,99.1,95.9,91.5,82.1,66.9,59.7,44.1,16.3,31,56,69.5,75.7,78.8,81.3,85.6,102.3,120.9,121.6,123.2,126.2,124,120.1,113,104.4,95.2,81,70.1,59.5,48.7,44.3,44.2,39.5,46.8,56.3,74.5,94.8,103,110,118,118.9,121.2,122.2,122.8,121.8,119.5,112.7,103.3,93.4,86.3,76.7,70.7,72.9,78.1,83.7,84.2,82.2,78.7,72.1,66.3,44.7,21.4,18.3,42.7,53.1,76.7,90.5,100.4,112.6,114.3,110.5,101.5,84.7,55.9,47.7,44.6,53.5,66.8,61.3,49.8,41.7,48.5,70.2,114.4,99.2,69.5,32.5,11.3,30.6,59.1,92.3,92.7,101.7,97.9,106.1,119.5,129.7,127.2,98.2,66.3,36.2,20.7,21.1,25.3,28.6,33,40.5,48.9,44.9,38.7,38.5,42.1,53.9,66.4,77.9,89.8,99.7,109.2,114.9,122.4,129.2,133.3,126.6,125.1,116.3,110.2,107.7,93.8,77.3,63.6,55.8,44.2,34.7,35.1,45.2,55.7,66.5,77.5,90.3,96.5,104.8,105.5,107.7,99.9,90.3,74.6,51.1,25.5,17.9,24.9,49.2,69.8,87.1,96.7,101.2,103.6,93.5,80.6,71.4,55.5,35.7,19.3,9.7,41.8,63,91,119.6,132.1,127.4,114.1,96.1,74.9,59.3,TT,O,,2021,1,1,3/28/2008,24.19533851,20.55025532,20.74499693,19.57654723,0,0,60.5,79.6,95.2,96.8,94.2,100.3,99.1,95.9,91.5,82.1,66.9,59.7,44.1,16.3,31,56,69.5,75.7,78.8,81.3,85.6,102.3,120.9,121.6,123.2,126.2,124,120.1,113,104.4,95.2,81,70.1,59.5,48.7,44.3,44.2,39.5,46.8,56.3,74.5,94.8,103,110,118,118.9,121.2,122.2,122.8,121.8,119.5,112.7,103.3,93.4,86.3,76.7,70.7,72.9,78.1,83.7,84.2,82.2,78.7,72.1,66.3,44.7,21.4,18.3,42.7,53.1,76.7,90.5,100.4,112.6,114.3,110.5,101.5,84.7,55.9,47.7,44.6,53.5,66.8,61.3,49.8,41.7,48.5,70.2,0,0,69.5,32.5,11.3,30.6,59.1,92.3,92.7,101.7,97.9,106.1,119.5,129.7,127.2,98.2,66.3,36.2,20.7,21.1,25.3,28.6,33,40.5,48.9,44.9,38.7,38.5,42.1,53.9,66.4,77.9,89.8,99.7,109.2,114.9,122.4,129.2,133.3,126.6,125.1,116.3,110.2,107.7,93.8,77.3,63.6,55.8,44.2,34.7,35.1,45.2,55.7,66.5,77.5,90.3,96.5,104.8,105.5,107.7,99.9,90.3,74.6,51.1,25.5,17.9,24.9,49.2,69.8,87.1,96.7,101.2,103.6,93.5,80.6,71.4,55.5,35.7,19.3,9.7,41.8,63,91,119.6,132.1,127.4,114.1,96.1,74.9,59.3,7100.8,6566.7,80.69090909,74.62159091,55,115,3,3
29,1,B,E,2,90.1,1908,33,20,13,23,64,6,1.5,0,0,0,90,2106,99,90,62,55.8,39.1,58.6,85.8,98.8,91.8,88.2,71.5,47.3,44.1,86.9,118.5,123.5,118.1,112.8,114.1,115.2,112.2,97.2,88.1,68.7,53.4,48.1,58.5,75.2,75.5,71.8,67.4,57.9,50.3,46.7,45.7,42.2,44.4,46.8,50.9,51.6,47.3,44.9,44.2,42.4,43.6,41,43.3,51.6,66.5,87.7,101.1,109.2,113.2,112.8,116.8,126.2,125.2,121.9,114.9,105.2,94,80.3,70,65.3,60.7,52,41.7,35.3,38.2,45.1,53.8,59.2,71.6,84.8,89.5,87,81.3,76.1,70.2,70.8,80.1,94.8,100.2,95.6,93.9,89.1,88.1,79.3,63.9,46.9,26.6,21,123.4,119.2,91.2,77,87.6,101.3,99,94.5,90.9,73,49,38.5,52.2,51.8,42.3,28.1,28.2,45.3,54.7,52.7,48.3,37.4,36.8,57.1,77.5,104.8,111.8,112.4,113.6,117,126,128.6,130.4,130,133.5,134.1,134.2,132.3,132.3,131.4,132.2,131.3,132.4,128.4,124.4,113.6,103.1,95.7,88.4,79.8,75.4,63.2,49.2,43.5,40.1,34.5,35.3,42.9,56.6,79.6,101.6,122.9,129.5,128.5,126.2,121.6,127.2,126.4,122.5,118.5,110.2,103.4,96.1,83.2,65.3,39.7,22,37.7,68,93.9,100.6,100.4,105.5,107.2,108,113.3,114.9,117.3,112.2,100.7,TT,O,,2021,2,1,3/28/2008,21.17647059,20.55025532,20.74499693,19.57654723,0,0,39.1,58.6,85.8,98.8,91.8,88.2,71.5,47.3,44.1,86.9,118.5,123.5,118.1,112.8,114.1,115.2,112.2,97.2,88.1,68.7,53.4,48.1,58.5,75.2,75.5,71.8,67.4,57.9,50.3,46.7,45.7,42.2,44.4,46.8,50.9,51.6,47.3,44.9,44.2,42.4,43.6,41,43.3,51.6,66.5,87.7,101.1,109.2,113.2,112.8,116.8,126.2,125.2,121.9,114.9,105.2,94,80.3,70,65.3,60.7,52,41.7,35.3,38.2,45.1,53.8,59.2,71.6,84.8,89.5,87,81.3,76.1,70.2,70.8,80.1,94.8,100.2,95.6,93.9,89.1,88.1,79.3,63.9,46.9,26.6,21,0,0,91.2,77,87.6,101.3,99,94.5,90.9,73,49,38.5,52.2,51.8,42.3,28.1,28.2,45.3,54.7,52.7,48.3,37.4,36.8,57.1,77.5,104.8,111.8,112.4,113.6,117,126,128.6,130.4,130,133.5,134.1,134.2,132.3,132.3,131.4,132.2,131.3,132.4,128.4,124.4,113.6,103.1,95.7,88.4,79.8,75.4,63.2,49.2,43.5,40.1,34.5,35.3,42.9,56.6,79.6,101.6,122.9,129.5,128.5,126.2,121.6,127.2,126.4,122.5,118.5,110.2,103.4,96.1,83.2,65.3,39.7,22,37.7,68,93.9,100.6,100.4,105.5,107.2,108,113.3,114.9,117.3,112.2,100.7,6532.3,7960.9,74.23068182,90.46477273,55,115,3,3
30,1,B,N,2,16.1,370,22,6,42,34,24,-59,1.5,3,0,0,90,2106,99,16,114.9,110.3,107.9,98,75.7,45.1,19.5,45.5,79.5,87.3,81,69,55,35.6,13.9,8.3,0,0,0,0,0,0,0,0,0,0,0,0,0,0,0,0,0,0,0,0,0,0,0,0,0,0,0,0,0,0,0,0,0,0,0,0,0,0,0,0,0,0,0,0,0,0,0,0,0,0,0,0,0,0,0,0,0,0,0,0,0,0,0,0,0,0,0,0,0,0,0,0,0,0,63.7,66.6,67,73.8,74.8,74.8,80.6,92.4,103.8,99.3,86.4,69.5,56.7,57,75.9,86.5,0,0,0,0,0,0,0,0,0,0,0,0,0,0,0,0,0,0,0,0,0,0,0,0,0,0,0,0,0,0,0,0,0,0,0,0,0,0,0,0,0,0,0,0,0,0,0,0,0,0,0,0,0,0,0,0,0,0,0,0,0,0,0,0,0,0,0,0,0,0,0,0,0,0,TT,O,,2021,3,1,3/28/2008,22.98136646,20.55025532,20.74499693,19.57654723,0,0,0,0,0,45.1,19.5,45.5,79.5,87.3,81,69,55,35.6,13.9,8.3,0,0,0,0,0,0,0,0,0,0,0,0,0,0,0,0,0,0,0,0,0,0,0,0,0,0,0,0,0,0,0,0,0,0,0,0,0,0,0,0,0,0,0,0,0,0,0,0,0,0,0,0,0,0,0,0,0,0,0,0,0,0,0,0,0,0,0,0,0,0,0,0,0,0,0,0,0,0,0,74.8,80.6,92.4,103.8,99.3,86.4,69.5,56.7,57,75.9,86.5,0,0,0,0,0,0,0,0,0,0,0,0,0,0,0,0,0,0,0,0,0,0,0,0,0,0,0,0,0,0,0,0,0,0,0,0,0,0,0,0,0,0,0,0,0,0,0,0,0,0,0,0,0,0,0,0,0,0,0,0,0,0,0,0,0,0,0,0,0,0,0,0,0,0,539.7,882.9,49.06363636,80.26363636,115,55,6,6
28,2,B,N,2,90.1,1433,17,41,29,47,24,-50,1.5,1,5,0,90,2106,99,90,113.6,108.5,105.9,101.3,95.8,91.3,86.8,83.2,79.9,71.3,82.1,96.1,111.2,122,123.2,121.6,120.3,116.6,113.4,120.1,124.7,117.2,113.5,101.1,92.6,89.6,88.9,88.2,89.1,89.3,90,91.1,92.5,94.1,96,96.3,100.6,105.8,99.6,88.4,82.2,74.6,67.4,65.3,61.2,43.1,29.5,18.2,33.7,57.4,72,69.3,63.2,63.6,54.9,38.8,21.2,20.7,38.5,38.2,34.3,39.7,48.6,56.3,60.8,66.1,63.3,64.5,66.1,77.8,103.1,120.2,121.8,121.6,108.8,87.7,57.5,23.1,21.4,42.5,36.8,18.4,13.5,32.1,59.3,91.2,105.9,106.2,109.3,109.4,62.6,63.8,61.8,65.9,68.1,69.4,69.8,70.6,71.9,63.6,40.3,35.1,38.1,43.7,44,41.4,40.3,38.5,37.7,33.6,36.4,29.6,25.3,15.2,5.5,1.7,7.9,10.5,13,15.1,17.5,19.9,22.1,24.3,26,28.7,34.2,46,63.5,83.3,100.6,103.4,100.9,97.9,96.9,90.2,79.3,73.9,83.8,107.5,124.1,121.3,113.2,112,114.6,111.7,105.5,106.2,123.6,127.1,117.9,113,111.3,113.6,116.5,111.7,94.3,76.5,64.5,24.3,14.6,32.2,36.1,37,26.8,12.4,32.2,67.8,93.5,88.6,86.2,85.4,80.4,74.7,72.9,85.3,91.9,84.5,74.3,63.5,TT,O,,2021,4,1,3/29/2008,15.9045505,20.55025532,20.74499693,19.57654723,0,0,0,0,0,91.3,86.8,83.2,79.9,71.3,82.1,96.1,111.2,122,123.2,121.6,120.3,116.6,113.4,120.1,124.7,117.2,113.5,101.1,92.6,89.6,88.9,88.2,89.1,89.3,90,91.1,92.5,94.1,96,96.3,100.6,105.8,99.6,88.4,82.2,74.6,67.4,65.3,61.2,43.1,29.5,18.2,33.7,57.4,72,69.3,63.2,63.6,54.9,38.8,21.2,20.7,38.5,38.2,34.3,39.7,48.6,56.3,60.8,66.1,63.3,64.5,66.1,77.8,103.1,120.2,121.8,121.6,108.8,87.7,57.5,23.1,21.4,42.5,36.8,18.4,13.5,32.1,59.3,91.2,105.9,106.2,109.3,109.4,0,0,0,0,0,69.4,69.8,70.6,71.9,63.6,40.3,35.1,38.1,43.7,44,41.4,40.3,38.5,37.7,33.6,36.4,29.6,25.3,15.2,5.5,1.7,7.9,10.5,13,15.1,17.5,19.9,22.1,24.3,26,28.7,34.2,46,63.5,83.3,100.6,103.4,100.9,97.9,96.9,90.2,79.3,73.9,83.8,107.5,124.1,121.3,113.2,112,114.6,111.7,105.5,106.2,123.6,127.1,117.9,113,111.3,113.6,116.5,111.7,94.3,76.5,64.5,24.3,14.6,32.2,36.1,37,26.8,12.4,32.2,67.8,93.5,88.6,86.2,85.4,80.4,74.7,72.9,85.3,91.9,84.5,74.3,63.5,6568,5541.3,77.27058824,65.19176471,115,55,6,6
29,2,B,W,2,90.1,1754,22,26,29,23,48,-53,1.5,0,1,0,90,2106,99,90,120.3,110.4,100.9,91.1,71.3,40.8,15.3,25.8,40.9,42.9,39.4,43.5,44.8,50.5,63.9,84.5,87.8,86.5,87.9,93.4,94.6,94.5,87.5,66,35.1,12,37.5,69.3,88.6,94.9,96.2,97.2,89.2,73.9,75.1,82.2,85.5,82.9,79.5,60.9,45.5,44.8,44.6,45.2,49.3,54.2,61.9,67.5,66.1,68.1,82.2,96.6,100,98.2,97.1,96.8,93.5,90.8,86.1,81.1,78.8,73.1,59.9,43.9,30.3,33.4,53.8,77.1,97.5,113.3,119.9,119,117.3,116,108.7,91.9,73.6,56.5,56.4,72.1,92,110.5,112.8,116.8,112.8,106,94.8,80.9,56.6,23.8,56.9,43.3,35.7,28.7,28.4,51.7,87.8,110.3,128.1,130,126.3,116.8,102.9,76.9,49.3,19.9,7.4,34.3,63.1,91.7,102.1,98.5,106,101.6,95,81.5,63.5,52.3,38.3,27.7,21.5,19.5,18.3,39.5,62.7,89.1,100.5,99.9,98.7,108,122.5,132.3,133.8,132.8,133.2,131.8,131.2,129.5,121.2,112.5,108.7,104.2,102.1,104.5,104.2,106,105.3,106.4,104.5,110.8,112.4,116.3,114.3,103.1,82.5,64.1,41.3,27.6,33.6,49.4,58.9,57.8,56.4,52.8,54.7,52.9,46.9,39.2,36,44.2,60.1,76.5,75,68.4,56.3,42.1,30,28.4,42.7,80.9,TT,O,,2021,5,1,3/29/2008,19.4672586,20.55025532,20.74499693,19.57654723,0,0,0,0,0,40.8,15.3,25.8,40.9,42.9,39.4,43.5,44.8,50.5,63.9,84.5,87.8,86.5,87.9,93.4,94.6,94.5,87.5,66,35.1,12,37.5,69.3,88.6,94.9,96.2,97.2,89.2,73.9,75.1,82.2,85.5,82.9,79.5,60.9,45.5,44.8,44.6,45.2,49.3,54.2,61.9,67.5,66.1,68.1,82.2,96.6,100,98.2,97.1,96.8,93.5,90.8,86.1,81.1,78.8,73.1,59.9,43.9,30.3,33.4,53.8,77.1,97.5,113.3,119.9,119,117.3,116,108.7,91.9,73.6,56.5,56.4,72.1,92,110.5,112.8,116.8,112.8,106,94.8,80.9,56.6,23.8,0,0,0,0,0,51.7,87.8,110.3,128.1,130,126.3,116.8,102.9,76.9,49.3,19.9,7.4,34.3,63.1,91.7,102.1,98.5,106,101.6,95,81.5,63.5,52.3,38.3,27.7,21.5,19.5,18.3,39.5,62.7,89.1,100.5,99.9,98.7,108,122.5,132.3,133.8,132.8,133.2,131.8,131.2,129.5,121.2,112.5,108.7,104.2,102.1,104.5,104.2,106,105.3,106.4,104.5,110.8,112.4,116.3,114.3,103.1,82.5,64.1,41.3,27.6,33.6,49.4,58.9,57.8,56.4,52.8,54.7,52.9,46.9,39.2,36,44.2,60.1,76.5,75,68.4,56.3,42.1,30,28.4,42.7,80.9,6319.6,6763,74.34823529,79.56470588,115,55,6,6
30,2,B,E,2,30.7,601,15,24,47,31,22,-77,1.5,0,0,0,90,2106,99,30,59.1,58.1,32,19.9,33.4,51,56.3,60.9,58.9,41.1,41.5,58.9,85.3,106.6,116.7,116.5,107.3,99,80.6,70.5,66.3,69.5,85.2,107.3,113.5,112,106.2,95.3,78.9,67,0,0,0,0,0,0,0,0,0,0,0,0,0,0,0,0,0,0,0,0,0,0,0,0,0,0,0,0,0,0,0,0,0,0,0,0,0,0,0,0,0,0,0,0,0,0,0,0,0,0,0,0,0,0,0,0,0,0,0,0,120.5,128.7,111.7,86.3,67.6,64.8,73.5,85,99.6,84,62.9,35.4,17.5,30.5,48.8,58.4,60.8,60.9,52.3,37.7,25.8,23.5,42.9,68.2,72.7,69,59.3,50.9,53.2,60.9,0,0,0,0,0,0,0,0,0,0,0,0,0,0,0,0,0,0,0,0,0,0,0,0,0,0,0,0,0,0,0,0,0,0,0,0,0,0,0,0,0,0,0,0,0,0,0,0,0,0,0,0,0,0,0,0,0,0,0,0,FS,O,,2021,6,1,3/29/2008,19.57654723,20.55025532,20.74499693,19.57654723,0,0,32,19.9,33.4,51,56.3,60.9,58.9,41.1,41.5,58.9,85.3,106.6,116.7,116.5,107.3,99,80.6,70.5,66.3,69.5,85.2,107.3,113.5,112,106.2,95.3,78.9,67,0,0,0,0,0,0,0,0,0,0,0,0,0,0,0,0,0,0,0,0,0,0,0,0,0,0,0,0,0,0,0,0,0,0,0,0,0,0,0,0,0,0,0,0,0,0,0,0,0,0,0,0,0,0,0,0,0,0,0,0,0,0,111.7,86.3,67.6,64.8,73.5,85,99.6,84,62.9,35.4,17.5,30.5,48.8,58.4,60.8,60.9,52.3,37.7,25.8,23.5,42.9,68.2,72.7,69,59.3,50.9,53.2,60.9,0,0,0,0,0,0,0,0,0,0,0,0,0,0,0,0,0,0,0,0,0,0,0,0,0,0,0,0,0,0,0,0,0,0,0,0,0,0,0,0,0,0,0,0,0,0,0,0,0,0,0,0,0,0,0,0,0,0,0,0,2137.6,1664.1,76.34285714,59.43214286,55,115,3,3
1,3,A,N,2,90.1,1939,23,35,7,39,54,49,1.5,0,1,0,90,2106,4,90,106.5,95.9,82.2,77.6,72.7,64.2,59.5,47.7,43.3,49.8,60.7,74.4,84.4,83.5,75.1,71,80.2,103.7,123.3,123.8,123.4,122.5,123,123.7,121.2,115.5,109.9,107.1,109.8,107.1,105.4,104,102.9,102.6,104.2,101.8,92.7,80.8,75.6,65.6,46.1,32.3,40.7,58.6,62.7,66,77.7,95.4,114.3,120,119.4,119.6,119.8,120.5,117.6,107.5,90.1,72,61.7,61,59.9,54.2,37.7,29.3,40.1,57.6,63.3,55.3,50.9,56.5,75.6,102.1,121.7,122,123.7,120.8,124.8,121,113.4,104.9,96.2,91.9,85.3,68.3,47.3,31.3,41.1,46.8,37.8,33.3,46,24,16.8,54.3,80.6,101.4,117.9,125.5,131.8,133.8,131.1,127.5,120.7,114.8,98.6,79.1,50.2,36.1,42.7,41.9,38.7,34,37,47.6,50.4,38.3,32.6,33.4,42.7,41.3,42.6,41.9,41.4,41.8,44.1,51.7,65.8,84.2,103.8,110.3,112.5,117.2,127.2,135.2,125.8,108.1,90,74,65,55.4,42.2,31.9,36.4,51.6,60.7,66.1,72.3,85.2,104.3,115.7,114,114.5,114,116.8,124.1,131.8,132,117,98.8,74.4,47.6,35.3,43.5,43.3,37.8,32,39,41.1,46.5,60.2,78.7,92.9,92.1,92.6,99.2,112.1,129.7,132.7,116.6,91.1,TT,O,,2021,1,2,3/29/2008,21.52053274,21.75839776,21.48020718,23.14935065,0,0,0,0,72.7,64.2,59.5,47.7,43.3,49.8,60.7,74.4,84.4,83.5,75.1,71,80.2,103.7,123.3,123.8,123.4,122.5,123,123.7,121.2,115.5,109.9,107.1,109.8,107.1,105.4,104,102.9,102.6,104.2,101.8,92.7,80.8,75.6,65.6,46.1,32.3,40.7,58.6,62.7,66,77.7,95.4,114.3,120,119.4,119.6,119.8,120.5,117.6,107.5,90.1,72,61.7,61,59.9,54.2,37.7,29.3,40.1,57.6,63.3,55.3,50.9,56.5,75.6,102.1,121.7,122,123.7,120.8,124.8,121,113.4,104.9,96.2,91.9,85.3,68.3,47.3,31.3,41.1,46.8,37.8,33.3,0,0,0,0,80.6,101.4,117.9,125.5,131.8,133.8,131.1,127.5,120.7,114.8,98.6,79.1,50.2,36.1,42.7,41.9,38.7,34,37,47.6,50.4,38.3,32.6,33.4,42.7,41.3,42.6,41.9,41.4,41.8,44.1,51.7,65.8,84.2,103.8,110.3,112.5,117.2,127.2,135.2,125.8,108.1,90,74,65,55.4,42.2,31.9,36.4,51.6,60.7,66.1,72.3,85.2,104.3,115.7,114,114.5,114,116.8,124.1,131.8,132,117,98.8,74.4,47.6,35.3,43.5,43.3,37.8,32,39,41.1,46.5,60.2,78.7,92.9,92.1,92.6,99.2,112.1,129.7,132.7,116.6,91.1,7233.2,6835.5,84.10697674,79.48255814,115,55,5,5
2,3,A,S,2,2.4,35,100,0,0,86,14,6,1.5,0,0,0,90,2106,4,2,36.1,20.3,0,0,0,0,0,0,0,0,0,0,0,0,0,0,0,0,0,0,0,0,0,0,0,0,0,0,0,0,0,0,0,0,0,0,0,0,0,0,0,0,0,0,0,0,0,0,0,0,0,0,0,0,0,0,0,0,0,0,0,0,0,0,0,0,0,0,0,0,0,0,0,0,0,0,0,0,0,0,0,0,0,0,0,0,0,0,0,0,112.7,103.6,0,0,0,0,0,0,0,0,0,0,0,0,0,0,0,0,0,0,0,0,0,0,0,0,0,0,0,0,0,0,0,0,0,0,0,0,0,0,0,0,0,0,0,0,0,0,0,0,0,0,0,0,0,0,0,0,0,0,0,0,0,0,0,0,0,0,0,0,0,0,0,0,0,0,0,0,0,0,0,0,0,0,0,0,0,0,0,0,TT,O,,2021,2,2,3/29/2008,14.58333333,21.75839776,21.48020718,23.14935065,0,0,0,0,0,0,0,0,0,0,0,0,0,0,0,0,0,0,0,0,0,0,0,0,0,0,0,0,0,0,0,0,0,0,0,0,0,0,0,0,0,0,0,0,0,0,0,0,0,0,0,0,0,0,0,0,0,0,0,0,0,0,0,0,0,0,0,0,0,0,0,0,0,0,0,0,0,0,0,0,0,0,0,0,0,0,0,0,0,0,0,0,0,0,0,0,0,0,0,0,0,0,0,0,0,0,0,0,0,0,0,0,0,0,0,0,0,0,0,0,0,0,0,0,0,0,0,0,0,0,0,0,0,0,0,0,0,0,0,0,0,0,0,0,0,0,0,0,0,0,0,0,0,0,0,0,0,0,0,0,0,0,0,0,0,0,0,0,0,0,0,0,0,0,0,0,0,0,0,0,0,0,0,0,55,115,3,2
3,3,A,W,2,4.8,114,29,1,59,29,12,26,1.5,1,0,0,90,2106,4,4,100.9,81,55.3,22.7,0,0,0,0,0,0,0,0,0,0,0,0,0,0,0,0,0,0,0,0,0,0,0,0,0,0,0,0,0,0,0,0,0,0,0,0,0,0,0,0,0,0,0,0,0,0,0,0,0,0,0,0,0,0,0,0,0,0,0,0,0,0,0,0,0,0,0,0,0,0,0,0,0,0,0,0,0,0,0,0,0,0,0,0,0,0,63.9,64.3,64.6,75.8,0,0,0,0,0,0,0,0,0,0,0,0,0,0,0,0,0,0,0,0,0,0,0,0,0,0,0,0,0,0,0,0,0,0,0,0,0,0,0,0,0,0,0,0,0,0,0,0,0,0,0,0,0,0,0,0,0,0,0,0,0,0,0,0,0,0,0,0,0,0,0,0,0,0,0,0,0,0,0,0,0,0,0,0,0,0,TT,O,,2021,3,2,3/29/2008,23.75,21.75839776,21.48020718,23.14935065,0,0,0,0,0,0,0,0,0,0,0,0,0,0,0,0,0,0,0,0,0,0,0,0,0,0,0,0,0,0,0,0,0,0,0,0,0,0,0,0,0,0,0,0,0,0,0,0,0,0,0,0,0,0,0,0,0,0,0,0,0,0,0,0,0,0,0,0,0,0,0,0,0,0,0,0,0,0,0,0,0,0,0,0,0,0,0,0,0,0,0,0,0,0,0,0,0,0,0,0,0,0,0,0,0,0,0,0,0,0,0,0,0,0,0,0,0,0,0,0,0,0,0,0,0,0,0,0,0,0,0,0,0,0,0,0,0,0,0,0,0,0,0,0,0,0,0,0,0,0,0,0,0,0,0,0,0,0,0,0,0,0,0,0,0,0,0,0,0,0,0,0,0,0,0,0,0,0,0,0,0,0,0,0,115,55,5,5
1,4,A,E,2,90.1,1962,23,22,6,24,70,49,1.5,0,0,0,90,2106,4,90,56.8,49.8,56.7,80.2,96.9,118.4,114.8,104.1,88.5,69.4,52.7,48,46.4,39.6,25.5,15.4,28.1,56.1,83.8,100.1,97.3,94.8,93.6,81.8,64.6,41.9,34.1,42.9,46,54.3,64.7,79.5,94.5,105,115.4,121.7,123.6,123.1,124.9,125.2,124.6,125.8,126.1,121,113.5,109.3,110.2,115.1,110.8,104.8,98.3,92.8,86.3,80.3,74.6,67.3,62.9,59.8,58.9,52.1,44.5,46.5,55.2,70.1,84,98,111.7,117.1,119.8,120.2,122.3,123.2,118.5,114.8,109.7,104.7,100.2,96.2,88.8,76.1,64.6,62.2,52.4,43.7,46,55.2,65.2,71,74.7,77.2,101.8,77.7,41.6,15.1,29.8,57.5,57.4,59.8,66.2,78.2,97.8,119.4,122.8,122,113.4,101.2,87.2,79,86.7,97.5,93.8,87.8,92.8,100.1,105.3,110.3,120.5,131.5,129.4,124.9,116.5,107.2,97,83.3,71.4,60.9,52.9,48.3,47.3,45.7,43,43.1,41.3,34.2,24.7,29.1,49.7,71.1,78.1,87,85,92,103.5,112.2,115.9,114.6,114.7,115,123,129.8,131.8,130,121.7,112.1,99.4,87.3,76.4,63.3,49,36.1,34.3,45.4,57.3,71.9,81.4,87.8,85.2,80.8,89.4,95.1,112.7,130.6,131.6,131.5,129.7,124.5,115.8,110.3,106.7,104.6,TT,O,,2021,4,2,3/30/2008,21.77580466,21.75839776,21.48020718,23.14935065,0,0,56.7,80.2,96.9,118.4,114.8,104.1,88.5,69.4,52.7,48,46.4,39.6,25.5,15.4,28.1,56.1,83.8,100.1,97.3,94.8,93.6,81.8,64.6,41.9,34.1,42.9,46,54.3,64.7,79.5,94.5,105,115.4,121.7,123.6,123.1,124.9,125.2,124.6,125.8,126.1,121,113.5,109.3,110.2,115.1,110.8,104.8,98.3,92.8,86.3,80.3,74.6,67.3,62.9,59.8,58.9,52.1,44.5,46.5,55.2,70.1,84,98,111.7,117.1,119.8,120.2,122.3,123.2,118.5,114.8,109.7,104.7,100.2,96.2,88.8,76.1,64.6,62.2,52.4,43.7,46,55.2,65.2,71,74.7,77.2,0,0,41.6,15.1,29.8,57.5,57.4,59.8,66.2,78.2,97.8,119.4,122.8,122,113.4,101.2,87.2,79,86.7,97.5,93.8,87.8,92.8,100.1,105.3,110.3,120.5,131.5,129.4,124.9,116.5,107.2,97,83.3,71.4,60.9,52.9,48.3,47.3,45.7,43,43.1,41.3,34.2,24.7,29.1,49.7,71.1,78.1,87,85,92,103.5,112.2,115.9,114.6,114.7,115,123,129.8,131.8,130,121.7,112.1,99.4,87.3,76.4,63.3,49,36.1,34.3,45.4,57.3,71.9,81.4,87.8,85.2,80.8,89.4,95.1,112.7,130.6,131.6,131.5,129.7,124.5,115.8,110.3,106.7,104.6,7381.9,7700.2,83.88522727,87.50227273,55,115,3,3
2,4,A,S,2,90.1,2322,29,35,16,39,45,-3,1.5,1,1,0,90,2106,4,90,35.8,16.6,12.8,36.5,65.3,94.3,118.6,123.4,122.7,119,111.7,97.7,77.5,60,45.9,44.5,38.7,36.3,49.6,59.4,59.1,66.5,83.8,107,124.3,121.9,115.3,108.8,102.5,89.8,71.4,40.1,18.3,30.3,40.7,37.6,35,33.4,28.7,36.8,57.4,83.7,108.3,119.9,119,110.5,100.7,92,89.1,76.5,54.8,40.2,44.9,46.2,52.2,62.7,74.9,89.4,102.4,105.8,109.3,111.5,118.3,114,102.1,86.2,69.2,59.6,52.5,42.6,41.7,43.2,51.2,64,63.9,59.6,58.5,58.6,62.4,84.7,115.2,122.3,122.4,119.1,119.6,122.2,123.4,120.6,115.8,109.9,112.2,96.5,80.4,54.1,26.5,11.8,29.4,34,34.3,35.5,39,47.9,66.2,82.9,111.5,127.8,127.7,119,114.7,106,87.8,61.7,34,24,35.2,33.1,29.9,33.3,48.5,52.4,56.9,69.1,99.3,118.8,129.7,126,123.2,121.5,108.5,89.7,67.3,46.3,37.5,36.9,30.2,27.8,42.4,69.1,94.4,105.6,112.1,121.3,133.4,127.6,116,100.4,81.9,62.8,47.8,37.8,26.9,26.5,48.5,63.7,73.7,84.3,98.4,114.8,123.6,126.4,130.6,129.2,127.1,127.4,113,92.4,68.7,50.8,28.3,31.2,53.9,56.6,53.6,42.7,33.1,34.8,46.3,59.5,70,82.4,TT,O,,2021,5,2,3/30/2008,25.77136515,21.75839776,21.48020718,23.14935065,0,0,12.8,36.5,65.3,94.3,118.6,123.4,122.7,119,111.7,97.7,77.5,60,45.9,44.5,38.7,36.3,49.6,59.4,59.1,66.5,83.8,107,124.3,121.9,115.3,108.8,102.5,89.8,71.4,40.1,18.3,30.3,40.7,37.6,35,33.4,28.7,36.8,57.4,83.7,108.3,119.9,119,110.5,100.7,92,89.1,76.5,54.8,40.2,44.9,46.2,52.2,62.7,74.9,89.4,102.4,105.8,109.3,111.5,118.3,114,102.1,86.2,69.2,59.6,52.5,42.6,41.7,43.2,51.2,64,63.9,59.6,58.5,58.6,62.4,84.7,115.2,122.3,122.4,119.1,119.6,122.2,123.4,120.6,115.8,109.9,0,0,80.4,54.1,26.5,11.8,29.4,34,34.3,35.5,39,47.9,66.2,82.9,111.5,127.8,127.7,119,114.7,106,87.8,61.7,34,24,35.2,33.1,29.9,33.3,48.5,52.4,56.9,69.1,99.3,118.8,129.7,126,123.2,121.5,108.5,89.7,67.3,46.3,37.5,36.9,30.2,27.8,42.4,69.1,94.4,105.6,112.1,121.3,133.4,127.6,116,100.4,81.9,62.8,47.8,37.8,26.9,26.5,48.5,63.7,73.7,84.3,98.4,114.8,123.6,126.4,130.6,129.2,127.1,127.4,113,92.4,68.7,50.8,28.3,31.2,53.9,56.6,53.6,42.7,33.1,34.8,46.3,59.5,70,82.4,6939.4,6448.3,78.85681818,73.27613636,55,115,3,3
3,4,A,W,2,30.8,713,32,2,31,38,31,14,1.5,0,0,0,90,2106,4,30,104.4,85.1,60.8,33.6,16.5,39,65.5,77.4,74.3,65.3,47.1,18.6,28.6,56.3,66.2,60.8,50.5,32.1,16.3,17.2,39.5,61.5,89.9,114.4,118.2,108.4,97.9,79.4,57.9,36.3,0,0,0,0,0,0,0,0,0,0,0,0,0,0,0,0,0,0,0,0,0,0,0,0,0,0,0,0,0,0,0,0,0,0,0,0,0,0,0,0,0,0,0,0,0,0,0,0,0,0,0,0,0,0,0,0,0,0,0,0,59.2,54.8,51.8,60.2,81.3,105.8,120.2,116.2,100.5,90.4,79.1,78.9,91.1,107,112.5,113.4,114.1,109.7,96.4,76.9,56.1,43.7,45.1,56.1,59.9,59.4,62.5,67.4,76.6,95.6,0,0,0,0,0,0,0,0,0,0,0,0,0,0,0,0,0,0,0,0,0,0,0,0,0,0,0,0,0,0,0,0,0,0,0,0,0,0,0,0,0,0,0,0,0,0,0,0,0,0,0,0,0,0,0,0,0,0,0,0,FS,O,,2021,6,2,3/30/2008,23.14935065,21.75839776,21.48020718,23.14935065,0,0,0,0,16.5,39,65.5,77.4,74.3,65.3,47.1,18.6,28.6,56.3,66.2,60.8,50.5,32.1,16.3,17.2,39.5,61.5,89.9,114.4,118.2,108.4,97.9,79.4,57.9,36.3,0,0,0,0,0,0,0,0,0,0,0,0,0,0,0,0,0,0,0,0,0,0,0,0,0,0,0,0,0,0,0,0,0,0,0,0,0,0,0,0,0,0,0,0,0,0,0,0,0,0,0,0,0,0,0,0,0,0,0,0,0,0,0,0,81.3,105.8,120.2,116.2,100.5,90.4,79.1,78.9,91.1,107,112.5,113.4,114.1,109.7,96.4,76.9,56.1,43.7,45.1,56.1,59.9,59.4,62.5,67.4,76.6,95.6,0,0,0,0,0,0,0,0,0,0,0,0,0,0,0,0,0,0,0,0,0,0,0,0,0,0,0,0,0,0,0,0,0,0,0,0,0,0,0,0,0,0,0,0,0,0,0,0,0,0,0,0,0,0,0,0,0,0,0,0,1535.1,2215.9,59.04230769,85.22692308,115,55,5,5
7,3,A,N,2,90.1,1318,30,39,12,39,49,58,1.5,1,0,0,90,2106,11,90,115,114,113.2,111.9,110.6,109.4,108.5,107.6,106.9,106.1,104.9,104.3,103.8,103.3,102.2,101.7,101.3,100.7,99.9,99.2,98.1,97.5,96.8,95.9,94.9,99.7,115.6,116.8,116.5,108.7,88.2,59.3,55.5,78,94.9,94.2,91.9,89.9,80.7,69.7,66.9,74.1,79.4,68.9,50.2,34.7,32.8,47.2,51.2,47.9,46.3,46.8,44.6,43.4,44.2,48.1,48.3,50.7,51.2,46.5,35.7,19.6,20.3,51.1,80.8,87.6,85.4,86.3,83.3,77.7,72.3,66.4,64,60.2,57.9,56.7,55.9,56,56.8,51.1,40.3,40.2,48.3,48.6,61.1,75.3,86.3,94.2,98.8,102,60.2,56.9,54,52.1,50.3,49.1,47.4,46.3,45.3,44.1,42.9,41.6,39.2,37.3,36.3,35.2,34.1,33.5,33,32.4,32.4,32,31.6,31.1,37.4,49.8,58.1,59.9,47.8,28.8,14.1,40.1,78.3,100.4,104.1,94.1,89.5,77.3,52.5,30.6,30.4,69.8,96,109.7,115,118.1,120.6,127.9,129.1,125,121.9,123.1,129.1,131.7,130.2,115.7,108.7,102.3,95.7,90.2,84.7,81.5,82.5,93.5,108,111.5,107.6,105.4,110.7,118.7,122,125.2,128.4,128.6,128.8,128.9,128.4,128.9,129.8,128.6,125.7,128.9,130,126.6,119.5,110.6,103.2,96.2,90.5,85.8,TT,O,,2021,1,2,3/29/2008,14.6281909,16.2705359,15.43343787,20.45602606,0,0,0,0,0,0,108.5,107.6,106.9,106.1,104.9,104.3,103.8,103.3,102.2,101.7,101.3,100.7,99.9,99.2,98.1,97.5,96.8,95.9,94.9,99.7,115.6,116.8,116.5,108.7,88.2,59.3,55.5,78,94.9,94.2,91.9,89.9,80.7,69.7,66.9,74.1,79.4,68.9,50.2,34.7,32.8,47.2,51.2,47.9,46.3,46.8,44.6,43.4,44.2,48.1,48.3,50.7,51.2,46.5,35.7,19.6,20.3,51.1,80.8,87.6,85.4,86.3,83.3,77.7,72.3,66.4,64,60.2,57.9,56.7,55.9,56,56.8,51.1,40.3,40.2,48.3,48.6,61.1,75.3,86.3,94.2,98.8,102,0,0,0,0,0,0,47.4,46.3,45.3,44.1,42.9,41.6,39.2,37.3,36.3,35.2,34.1,33.5,33,32.4,32.4,32,31.6,31.1,37.4,49.8,58.1,59.9,47.8,28.8,14.1,40.1,78.3,100.4,104.1,94.1,89.5,77.3,52.5,30.6,30.4,69.8,96,109.7,115,118.1,120.6,127.9,129.1,125,121.9,123.1,129.1,131.7,130.2,115.7,108.7,102.3,95.7,90.2,84.7,81.5,82.5,93.5,108,111.5,107.6,105.4,110.7,118.7,122,125.2,128.4,128.6,128.8,128.9,128.4,128.9,129.8,128.6,125.7,128.9,130,126.6,119.5,110.6,103.2,96.2,90.5,85.8,6236.8,7227.4,74.24761905,86.04047619,115,55,7,7
8,3,A,S,2,90.1,1610,29,27,6,18,76,-127,1.5,0,1,0,90,2106,11,90,53.1,67.1,79.8,90.4,101,110.7,117.7,121.9,123.9,125.9,126,122.5,117.1,109.8,101.7,89.6,81.8,73.9,65,53.9,45.9,39.7,40.2,48.2,64,84.4,98.4,103.7,105.7,108.9,112.8,115.9,119,125.1,126.9,123.6,121,118.9,114.8,109.3,103.2,96,89.1,84.9,79.5,71.2,60.3,50,42.6,52.6,66.9,84.2,101.5,103.7,99.8,96.6,93.7,90.7,88,83.8,77.4,70.4,63.9,58.7,54.6,51.3,47.8,43.3,37.2,36.9,40,40.4,38.1,42.9,38.6,29.6,18.4,14.4,23,39.5,57.1,72.9,86.4,99.7,111.6,121.4,124,121.2,115.6,109.3,115.2,113.2,107.1,99,89.5,79.1,67.7,56.6,45.4,38.6,38.2,44.6,52.7,59,68.5,87.2,108.1,123.5,125.8,128.7,132.2,127.6,121.7,110,102.9,97.5,90.1,81.1,69.1,58,49.9,43.4,37.2,37,39.6,42.1,51.5,63.4,72.4,77.2,88.7,98.6,105.1,112.7,118.6,125.1,128,121.1,106.1,103.5,99.4,95.3,93.1,91.5,97.4,100.1,98.2,106.1,109.1,112.9,120,124.2,126.2,129.9,130.5,131.3,131.5,130.4,126,123.2,123.8,121.8,118.6,123.9,121.1,116.3,107.4,95.2,81.1,62,41,22.3,8.7,10.5,22.8,34.8,41.7,41.2,41.1,46.2,TT,O,,2021,2,2,3/29/2008,17.86903441,16.2705359,15.43343787,20.45602606,0,0,0,90.4,101,110.7,117.7,121.9,123.9,125.9,126,122.5,117.1,109.8,101.7,89.6,81.8,73.9,65,53.9,45.9,39.7,40.2,48.2,64,84.4,98.4,103.7,105.7,108.9,112.8,115.9,119,125.1,126.9,123.6,121,118.9,114.8,109.3,103.2,96,89.1,84.9,79.5,71.2,60.3,50,42.6,52.6,66.9,84.2,101.5,103.7,99.8,96.6,93.7,90.7,88,83.8,77.4,70.4,63.9,58.7,54.6,51.3,47.8,43.3,37.2,36.9,40,40.4,38.1,42.9,38.6,29.6,18.4,14.4,23,39.5,57.1,72.9,86.4,99.7,111.6,121.4,124,121.2,115.6,109.3,0,0,0,99,89.5,79.1,67.7,56.6,45.4,38.6,38.2,44.6,52.7,59,68.5,87.2,108.1,123.5,125.8,128.7,132.2,127.6,121.7,110,102.9,97.5,90.1,81.1,69.1,58,49.9,43.4,37.2,37,39.6,42.1,51.5,63.4,72.4,77.2,88.7,98.6,105.1,112.7,118.6,125.1,128,121.1,106.1,103.5,99.4,95.3,93.1,91.5,97.4,100.1,98.2,106.1,109.1,112.9,120,124.2,126.2,129.9,130.5,131.3,131.5,130.4,126,123.2,123.8,121.8,118.6,123.9,121.1,116.3,107.4,95.2,81.1,62,41,22.3,8.7,10.5,22.8,34.8,41.7,41.2,41.1,46.2,7183.1,7581.4,82.56436782,87.14252874,55,115,4,4
9,3,A,W,2,90.1,1212,5,13,13,17,70,-91,1.5,0,0,0,90,2106,11,90,118.3,116.9,119.7,126,126.8,125,122.9,120.3,117.3,113.7,110.7,108.1,107.4,106.9,105.4,104.7,102.2,99.8,96.5,90,80,71.9,69.8,71.6,69.7,75.3,78.1,79.7,81.1,82.9,82.7,81.9,84.2,77.5,66.5,46.1,19.8,14.4,27.5,46.8,59.7,65.9,70.6,80.8,94.9,106.1,108.5,108.2,104.2,102.8,102.7,103.5,106.5,105.1,101.8,103,100.2,88.6,86.5,81.8,70.6,57.3,55,59,69.6,71.2,65.1,66,71.3,76,76.4,77,78.7,80.2,81.6,82.7,86,91.5,95.5,92.6,96.9,103.3,101,99.7,98.6,94.4,93,92.3,94.8,91.6,52,46.7,41.3,39.6,37.8,40.6,45.7,56.1,66.6,73.6,77.7,79.9,83.2,83.9,80.4,83.5,87.8,92.1,94.1,93.3,97.4,106.3,117.7,122.6,122.5,125.4,117.1,104.9,92.6,77.1,67.1,48.2,29.3,14.1,28,52.4,80.9,102.2,115.1,125.8,129.1,124.5,114,102.2,90.7,83.3,80.9,86.2,87.2,90.2,90.1,87.9,84.4,74.4,68.5,71,61,52.9,47.5,46.2,51.1,65.6,87.4,100.7,118,121,113.7,116,121.1,118.8,113.2,110.4,109.6,108.9,108.5,106.8,104.1,103.6,103.6,96.6,92.4,93.3,96.6,95.9,97.8,98.4,97.6,97.1,100.7,94.7,TT,O,,2021,3,2,3/29/2008,13.45172031,16.2705359,15.43343787,20.45602606,0,0,0,0,0,0,122.9,120.3,117.3,113.7,110.7,108.1,107.4,106.9,105.4,104.7,102.2,99.8,96.5,90,80,71.9,69.8,71.6,69.7,75.3,78.1,79.7,81.1,82.9,82.7,81.9,84.2,77.5,66.5,46.1,19.8,14.4,27.5,46.8,59.7,65.9,70.6,80.8,94.9,106.1,108.5,108.2,104.2,102.8,102.7,103.5,106.5,105.1,101.8,103,100.2,88.6,86.5,81.8,70.6,57.3,55,59,69.6,71.2,65.1,66,71.3,76,76.4,77,78.7,80.2,81.6,82.7,86,91.5,95.5,92.6,96.9,103.3,101,99.7,98.6,94.4,93,92.3,94.8,91.6,0,0,0,0,0,0,45.7,56.1,66.6,73.6,77.7,79.9,83.2,83.9,80.4,83.5,87.8,92.1,94.1,93.3,97.4,106.3,117.7,122.6,122.5,125.4,117.1,104.9,92.6,77.1,67.1,48.2,29.3,14.1,28,52.4,80.9,102.2,115.1,125.8,129.1,124.5,114,102.2,90.7,83.3,80.9,86.2,87.2,90.2,90.1,87.9,84.4,74.4,68.5,71,61,52.9,47.5,46.2,51.1,65.6,87.4,100.7,118,121,113.7,116,121.1,118.8,113.2,110.4,109.6,108.9,108.5,106.8,104.1,103.6,103.6,96.6,92.4,93.3,96.6,95.9,97.8,98.4,97.6,97.1,100.7,94.7,7163.7,7560,85.28214286,90,115,55,7,7
7,4,A,E,2,90.1,1422,34,14,7,36,57,-43,1.5,0,0,0,90,2106,11,90,66.8,67.3,67.2,68.3,68.7,69.6,69.2,68.7,71.9,70.5,68.5,68.2,65.5,62,55.2,56.9,52.7,47.4,45.2,38.7,33.4,37.6,49.6,55.9,56.6,54.8,49.5,32.8,19.1,24.2,47.5,71.1,88.6,96.6,102.3,99.3,82.1,58.2,45.2,68.1,79.1,75,71.7,68.8,67.7,67.7,56.2,42.3,32.2,34.9,43.6,43.5,34.5,31,40,52.6,62.7,70,75.2,78.8,76.6,78.8,81.6,85.4,100,119.1,125.7,124.1,125.9,123.7,120.6,116.5,112.1,109.7,108.5,106.2,103.6,98.7,85.5,75,71,69.2,67.6,66,64,62,59.4,58.2,56.6,54.7,126,125.6,128,126.8,128.5,129.6,129.5,129,129.7,129.6,128,128.1,125.9,124.1,118.5,122,126.4,129.6,131.4,127.1,121.2,116.9,117.4,114.8,115.7,114.4,108.3,110.4,106.3,101.7,95.8,88.7,81.1,76.3,80.3,64.4,48.2,53.2,84.1,119.1,124.7,121.9,114.4,105.5,97.9,92.4,69.3,54.5,65,97.1,114.8,125.3,122.5,117.5,112.6,109.7,109.7,110.6,110,107.3,98,87,73.7,60.2,29.8,33.5,37.3,35.3,38.1,37.5,38.2,41.5,50.9,62.5,71.5,82,84,85.6,87.3,94.3,102.5,111.1,119.6,125.3,128.5,129.9,130.5,131.7,131.9,131.5,TT,O,,2021,4,2,3/30/2008,15.78246393,16.2705359,15.43343787,20.45602606,0,0,0,68.3,68.7,69.6,69.2,68.7,71.9,70.5,68.5,68.2,65.5,62,55.2,56.9,52.7,47.4,45.2,38.7,33.4,37.6,49.6,55.9,56.6,54.8,49.5,32.8,19.1,24.2,47.5,71.1,88.6,96.6,102.3,99.3,82.1,58.2,45.2,68.1,79.1,75,71.7,68.8,67.7,67.7,56.2,42.3,32.2,34.9,43.6,43.5,34.5,31,40,52.6,62.7,70,75.2,78.8,76.6,78.8,81.6,85.4,100,119.1,125.7,124.1,125.9,123.7,120.6,116.5,112.1,109.7,108.5,106.2,103.6,98.7,85.5,75,71,69.2,67.6,66,64,62,59.4,58.2,56.6,54.7,0,0,0,126.8,128.5,129.6,129.5,129,129.7,129.6,128,128.1,125.9,124.1,118.5,122,126.4,129.6,131.4,127.1,121.2,116.9,117.4,114.8,115.7,114.4,108.3,110.4,106.3,101.7,95.8,88.7,81.1,76.3,80.3,64.4,48.2,53.2,84.1,119.1,124.7,121.9,114.4,105.5,97.9,92.4,69.3,54.5,65,97.1,114.8,125.3,122.5,117.5,112.6,109.7,109.7,110.6,110,107.3,98,87,73.7,60.2,29.8,33.5,37.3,35.3,38.1,37.5,38.2,41.5,50.9,62.5,71.5,82,84,85.6,87.3,94.3,102.5,111.1,119.6,125.3,128.5,129.9,130.5,131.7,131.9,131.5,6053.2,8635.5,69.57701149,99.25862069,55,115,4,4
8,4,A,S,2,43.6,673,21,25,12,37,51,-115,1.5,1,0,0,90,2106,11,43,57.5,64.5,80.9,89.9,94.8,100,104.6,107.2,112.1,119.7,124.1,120.2,116.9,115.1,113.8,112.9,112.9,113.3,115.9,112.7,111.9,108.5,100.9,97.1,93.1,85.5,76.6,71.2,68.3,65,53.5,36.3,23.4,32,50.6,59.5,56,49.8,40.1,35.4,25.2,20.7,12,0,0,0,0,0,0,0,0,0,0,0,0,0,0,0,0,0,0,0,0,0,0,0,0,0,0,0,0,0,0,0,0,0,0,0,0,0,0,0,0,0,0,0,0,0,0,0,112.3,108.2,102.9,95.9,85.7,73,58.3,41.7,29.3,30.9,41.4,47.3,52.2,55.6,57.6,59.5,61.1,64.4,69,66.4,66.9,73,84.6,98.1,104.4,111.9,118.2,123,126.6,127.8,123.1,116.4,111,104.8,98.6,92.7,87,84.5,83.6,84,86.6,86.8,89.1,0,0,0,0,0,0,0,0,0,0,0,0,0,0,0,0,0,0,0,0,0,0,0,0,0,0,0,0,0,0,0,0,0,0,0,0,0,0,0,0,0,0,0,0,0,0,0,TT,O,,2021,5,2,3/30/2008,15.43577982,16.2705359,15.43343787,20.45602606,0,0,0,89.9,94.8,100,104.6,107.2,112.1,119.7,124.1,120.2,116.9,115.1,113.8,112.9,112.9,113.3,115.9,112.7,111.9,108.5,100.9,97.1,93.1,85.5,76.6,71.2,68.3,65,53.5,36.3,23.4,32,50.6,59.5,56,49.8,40.1,35.4,25.2,20.7,12,0,0,0,0,0,0,0,0,0,0,0,0,0,0,0,0,0,0,0,0,0,0,0,0,0,0,0,0,0,0,0,0,0,0,0,0,0,0,0,0,0,0,0,0,0,0,0,0,0,0,95.9,85.7,73,58.3,41.7,29.3,30.9,41.4,47.3,52.2,55.6,57.6,59.5,61.1,64.4,69,66.4,66.9,73,84.6,98.1,104.4,111.9,118.2,123,126.6,127.8,123.1,116.4,111,104.8,98.6,92.7,87,84.5,83.6,84,86.6,86.8,89.1,0,0,0,0,0,0,0,0,0,0,0,0,0,0,0,0,0,0,0,0,0,0,0,0,0,0,0,0,0,0,0,0,0,0,0,0,0,0,0,0,0,0,0,0,0,0,0,3258.7,3272,81.4675,81.8,55,115,4,4
9,4,A,W,2,30.7,628,0,66,9,44,47,-99,1.5,0,0,0,90,2106,11,30,119.6,121.7,125.2,125.4,125.4,125.7,118.7,113,116.5,120.6,117,116.4,112,95,75.7,59.4,70.4,87.5,93.4,96.7,98.3,102.5,112.4,122.3,121.8,118.1,108.3,96.9,86.7,78.3,0,0,0,0,0,0,0,0,0,0,0,0,0,0,0,0,0,0,0,0,0,0,0,0,0,0,0,0,0,0,0,0,0,0,0,0,0,0,0,0,0,0,0,0,0,0,0,0,0,0,0,0,0,0,0,0,0,0,0,0,52.5,48.2,43.4,38.1,36.3,39.4,34.8,36.2,47.4,48.3,52,45.2,33.7,18.4,25.2,58.1,92.6,97.1,86.8,73.8,68.4,46.8,31.6,34,36.8,41.2,51.2,64.6,88,100.7,0,0,0,0,0,0,0,0,0,0,0,0,0,0,0,0,0,0,0,0,0,0,0,0,0,0,0,0,0,0,0,0,0,0,0,0,0,0,0,0,0,0,0,0,0,0,0,0,0,0,0,0,0,0,0,0,0,0,0,0,FS,O,,2021,6,2,3/30/2008,20.45602606,16.2705359,15.43343787,20.45602606,0,0,0,0,0,125.7,118.7,113,116.5,120.6,117,116.4,112,95,75.7,59.4,70.4,87.5,93.4,96.7,98.3,102.5,112.4,122.3,121.8,118.1,108.3,96.9,86.7,78.3,0,0,0,0,0,0,0,0,0,0,0,0,0,0,0,0,0,0,0,0,0,0,0,0,0,0,0,0,0,0,0,0,0,0,0,0,0,0,0,0,0,0,0,0,0,0,0,0,0,0,0,0,0,0,0,0,0,0,0,0,0,0,0,0,0,39.4,34.8,36.2,47.4,48.3,52,45.2,33.7,18.4,25.2,58.1,92.6,97.1,86.8,73.8,68.4,46.8,31.6,34,36.8,41.2,51.2,64.6,88,100.7,0,0,0,0,0,0,0,0,0,0,0,0,0,0,0,0,0,0,0,0,0,0,0,0,0,0,0,0,0,0,0,0,0,0,0,0,0,0,0,0,0,0,0,0,0,0,0,0,0,0,0,0,0,0,0,0,0,0,0,0,2563.6,1352.3,102.544,54.092,115,55,6,6
10,3,A,N,2,90.1,1470,20,11,19,34,47,25,1.5,0,0,0,90,2106,22,90,109.2,104.4,93.5,80.9,81.9,84,85.7,88.1,90.2,94,98.3,102.1,104.9,104.8,105.5,106.2,106,106.2,106.2,106.2,106.2,106.3,106.8,104.5,99.3,91.8,75.6,65,66.4,70.8,65.5,54.3,45,42,43.4,50.9,64.7,72.5,73.3,65.3,58.5,57.3,59.7,62.1,74,91.5,96.3,92,92.3,90.2,80.5,69.2,61.8,58.7,63.3,66.4,65,62.6,59.1,53.6,31.3,20.1,16.2,33,56.4,77.3,81,79.1,56.3,39.8,35.5,46.3,55.6,62.3,73.1,88.7,99.2,103.7,106.6,107.1,101.3,86.7,70.7,57.4,55.2,61.1,61,49.7,38.8,39.5,54.8,48.1,36.7,55,64.4,70.2,74,78.2,80.8,84.2,86.7,89.3,91.5,90.7,91.4,91.5,91.4,91.2,91.3,90.9,91,90.8,90.5,84.8,79,66.2,61.5,77.8,99.8,118.7,127.2,128.2,129.7,130.8,127.4,118,102.7,88.8,72.8,57.4,39.5,33.2,40.1,56.1,83.3,101.2,105.1,90.8,89.7,85.3,78.6,84.3,91.7,102.5,115.8,126,125.3,121.7,122.3,122.4,103.1,91.1,77.9,65.7,70.5,92.7,95.8,99.4,106.5,113.7,123.1,132.3,130.7,121,110.9,104.3,92.9,77.8,68.1,62.2,46.3,30.7,22.8,35.2,55.5,70.4,87.8,101.6,114.2,122.8,TT,O,,2021,1,2,3/29/2008,16.31520533,18.9020109,18.493488,20.94462541,0,0,0,0,0,84,85.7,88.1,90.2,94,98.3,102.1,104.9,104.8,105.5,106.2,106,106.2,106.2,106.2,106.2,106.3,106.8,104.5,99.3,91.8,75.6,65,66.4,70.8,65.5,54.3,45,42,43.4,50.9,64.7,72.5,73.3,65.3,58.5,57.3,59.7,62.1,74,91.5,96.3,92,92.3,90.2,80.5,69.2,61.8,58.7,63.3,66.4,65,62.6,59.1,53.6,31.3,20.1,16.2,33,56.4,77.3,81,79.1,56.3,39.8,35.5,46.3,55.6,62.3,73.1,88.7,99.2,103.7,106.6,107.1,101.3,86.7,70.7,57.4,55.2,61.1,61,49.7,38.8,39.5,0,0,0,0,0,70.2,74,78.2,80.8,84.2,86.7,89.3,91.5,90.7,91.4,91.5,91.4,91.2,91.3,90.9,91,90.8,90.5,84.8,79,66.2,61.5,77.8,99.8,118.7,127.2,128.2,129.7,130.8,127.4,118,102.7,88.8,72.8,57.4,39.5,33.2,40.1,56.1,83.3,101.2,105.1,90.8,89.7,85.3,78.6,84.3,91.7,102.5,115.8,126,125.3,121.7,122.3,122.4,103.1,91.1,77.9,65.7,70.5,92.7,95.8,99.4,106.5,113.7,123.1,132.3,130.7,121,110.9,104.3,92.9,77.8,68.1,62.2,46.3,30.7,22.8,35.2,55.5,70.4,87.8,101.6,114.2,122.8,6262.1,7678.3,73.67176471,90.33294118,115,55,6,6
11,3,A,S,2,88.3,1536,35,17,27,44,29,52,1.5,1,0,0,90,2106,22,88,49.7,38.4,28.6,27.2,40.1,48.2,64.1,78.8,79.2,74.1,55.1,45.4,36,32.2,41.6,61.1,86.1,109.8,121.5,124,121.5,117,110.5,99.8,92.8,85.5,80.6,60.6,51.2,36.9,34.5,41.9,53.6,59.1,64.7,66.8,68.2,61.9,47.3,31.4,28.9,56.3,76.5,86.1,89.5,88,72.2,53.1,37.9,21.3,10.9,27.5,45.7,63.6,77,84.7,87.6,87.5,80.6,77.3,79.9,80.5,69.9,52.8,32,19,33.3,55.9,57.7,55.1,53,49.6,52.3,49.3,47.4,42.1,32.8,26,32.1,38.9,43.5,45.6,45,42.7,39.8,39.8,30,18.2,0,0,118.1,119.4,108.6,97.9,85.7,83.7,88.1,97.6,99.1,103.5,100.4,91.3,80.2,65.5,48.2,32.7,25.2,33,39.4,36.9,32.7,31.2,33.4,42.1,60.4,78.4,88.6,96.6,102.6,112.3,122.3,129.2,132.7,125,114.5,102.6,98.6,88.1,77.4,71.7,62.8,54.2,57.9,65.4,76,89.2,91.2,86.1,82.5,82.8,84.6,88.1,92.3,98.1,97.8,90.8,88.8,83.3,64.6,41.9,27.4,11.9,19.5,36.8,59.2,83.6,110.5,126.1,120.5,113.3,107.6,101.3,104.3,100.3,98,91.2,90.6,101,113.4,121.8,128.8,132.4,132.1,129.8,126.9,127.7,118.8,106,0,0,TT,O,,2021,2,2,3/29/2008,17.39524349,18.9020109,18.493488,20.94462541,0,0,28.6,27.2,40.1,48.2,64.1,78.8,79.2,74.1,55.1,45.4,36,32.2,41.6,61.1,86.1,109.8,121.5,124,121.5,117,110.5,99.8,92.8,85.5,80.6,60.6,51.2,36.9,34.5,41.9,53.6,59.1,64.7,66.8,68.2,61.9,47.3,31.4,28.9,56.3,76.5,86.1,89.5,88,72.2,53.1,37.9,21.3,10.9,27.5,45.7,63.6,77,84.7,87.6,87.5,80.6,77.3,79.9,80.5,69.9,52.8,32,19,33.3,55.9,57.7,55.1,53,49.6,52.3,49.3,47.4,42.1,32.8,26,32.1,38.9,43.5,45.6,45,42.7,39.8,39.8,30,18.2,0,0,0,0,108.6,97.9,85.7,83.7,88.1,97.6,99.1,103.5,100.4,91.3,80.2,65.5,48.2,32.7,25.2,33,39.4,36.9,32.7,31.2,33.4,42.1,60.4,78.4,88.6,96.6,102.6,112.3,122.3,129.2,132.7,125,114.5,102.6,98.6,88.1,77.4,71.7,62.8,54.2,57.9,65.4,76,89.2,91.2,86.1,82.5,82.8,84.6,88.1,92.3,98.1,97.8,90.8,88.8,83.3,64.6,41.9,27.4,11.9,19.5,36.8,59.2,83.6,110.5,126.1,120.5,113.3,107.6,101.3,104.3,100.3,98,91.2,90.6,101,113.4,121.8,128.8,132.4,132.1,129.8,126.9,127.7,118.8,106,0,0,5055.3,7376.6,58.78255814,85.7744186,55,115,3,3
12,3,A,W,2,77.3,1366,33,31,41,47,12,28,1.5,1,5,0,90,2106,22,77,111.6,104.7,90.4,87.2,89.2,100.2,110.6,111.5,111.5,104.8,95.5,85.9,69.1,63,77,88.1,93.1,96.6,98.6,94.7,85.3,74.4,66,51,34.7,33,44.1,42.2,36.1,31.8,31.4,31.9,36.3,48.8,63,74.7,87.5,96.2,95.3,91.9,84.6,80,69.1,53,38.5,34.4,34.1,29.5,20.3,25.1,25.7,18.9,9.7,17.3,34.4,46.4,48.6,50.4,52.4,29.5,20.1,28.3,49.5,64.4,78.9,98,116.6,120.4,119.5,117.7,109.2,93.7,70.1,43,22.6,22.5,23.5,0,0,0,0,0,0,0,0,0,0,0,0,0,59.8,60.9,48.1,32.6,15.2,11.4,22.1,23,22.7,17.8,8.5,5,30.7,60.7,83.8,88.9,80.1,70.5,68.4,58.9,45.8,34.7,27.2,38.4,56.3,79,100.7,111.1,115.5,119.2,119.3,113.8,107.9,108.2,110.8,108.2,105.7,99.9,93.2,90.6,70.9,52.9,41.9,52.7,69.6,83.9,93.6,100.2,105.1,114,110.6,98.4,85.8,81,87.6,95.4,96.6,109,121.4,101.2,82.9,62.3,40.9,25.1,17.1,27.3,44.6,48.7,42.9,35.9,21.3,7.7,22,49.7,76.6,96,103.6,0,0,0,0,0,0,0,0,0,0,0,0,0,TT,O,,2021,3,2,3/29/2008,17.67141009,18.9020109,18.493488,20.94462541,0,0,0,0,0,100.2,110.6,111.5,111.5,104.8,95.5,85.9,69.1,63,77,88.1,93.1,96.6,98.6,94.7,85.3,74.4,66,51,34.7,33,44.1,42.2,36.1,31.8,31.4,31.9,36.3,48.8,63,74.7,87.5,96.2,95.3,91.9,84.6,80,69.1,53,38.5,34.4,34.1,29.5,20.3,25.1,25.7,18.9,9.7,17.3,34.4,46.4,48.6,50.4,52.4,29.5,20.1,28.3,49.5,64.4,78.9,98,116.6,120.4,119.5,117.7,109.2,93.7,70.1,43,22.6,22.5,23.5,0,0,0,0,0,0,0,0,0,0,0,0,0,0,0,0,0,0,11.4,22.1,23,22.7,17.8,8.5,5,30.7,60.7,83.8,88.9,80.1,70.5,68.4,58.9,45.8,34.7,27.2,38.4,56.3,79,100.7,111.1,115.5,119.2,119.3,113.8,107.9,108.2,110.8,108.2,105.7,99.9,93.2,90.6,70.9,52.9,41.9,52.7,69.6,83.9,93.6,100.2,105.1,114,110.6,98.4,85.8,81,87.6,95.4,96.6,109,121.4,101.2,82.9,62.3,40.9,25.1,17.1,27.3,44.6,48.7,42.9,35.9,21.3,7.7,22,49.7,76.6,96,103.6,0,0,0,0,0,0,0,0,0,0,0,0,0,4555.7,5014.4,63.27361111,69.64444444,115,55,6,6
10,4,A,E,2,39.6,864,27,21,38,43,19,26,1.5,3,1,0,90,2106,22,39,57.6,48,38.8,18.8,14.1,44.5,68.7,92.4,104.5,108.2,115.4,117.5,115.9,112.5,109,104,88.6,71.8,60.7,55.2,41.9,22.1,26.4,41.2,40.5,41.2,51.6,60.5,66.1,73.5,82.3,88.1,86.6,78.1,70.2,60.7,48.7,30.5,14.7,0,0,0,0,0,0,0,0,0,0,0,0,0,0,0,0,0,0,0,0,0,0,0,0,0,0,0,0,0,0,0,0,0,0,0,0,0,0,0,0,0,0,0,0,0,0,0,0,0,0,0,110.8,101.7,92.3,80.5,85.8,91.3,89.9,88.6,82.4,69.2,57.2,42.5,28.9,28,39.4,48.6,59,68.5,79.7,93.9,101.6,100.8,114.3,125.2,120.2,111.3,102.1,90.4,81.4,65.6,50.8,36.6,13.3,16.1,40.6,64,78.4,90.9,94.9,0,0,0,0,0,0,0,0,0,0,0,0,0,0,0,0,0,0,0,0,0,0,0,0,0,0,0,0,0,0,0,0,0,0,0,0,0,0,0,0,0,0,0,0,0,0,0,0,0,0,0,TT,O,,2021,4,2,3/30/2008,21.81818182,18.9020109,18.493488,20.94462541,0,0,38.8,18.8,14.1,44.5,68.7,92.4,104.5,108.2,115.4,117.5,115.9,112.5,109,104,88.6,71.8,60.7,55.2,41.9,22.1,26.4,41.2,40.5,41.2,51.6,60.5,66.1,73.5,82.3,88.1,86.6,78.1,70.2,60.7,48.7,30.5,14.7,0,0,0,0,0,0,0,0,0,0,0,0,0,0,0,0,0,0,0,0,0,0,0,0,0,0,0,0,0,0,0,0,0,0,0,0,0,0,0,0,0,0,0,0,0,0,0,0,0,0,0,0,0,92.3,80.5,85.8,91.3,89.9,88.6,82.4,69.2,57.2,42.5,28.9,28,39.4,48.6,59,68.5,79.7,93.9,101.6,100.8,114.3,125.2,120.2,111.3,102.1,90.4,81.4,65.6,50.8,36.6,13.3,16.1,40.6,64,78.4,90.9,94.9,0,0,0,0,0,0,0,0,0,0,0,0,0,0,0,0,0,0,0,0,0,0,0,0,0,0,0,0,0,0,0,0,0,0,0,0,0,0,0,0,0,0,0,0,0,0,0,0,0,0,0,2465.5,2724.2,66.63513514,73.62702703,55,115,3,3
11,4,A,S,2,54.6,1052,20,21,34,43,23,-85,1.5,1,0,0,90,2106,22,54,57.9,54,59.8,72.1,86.5,91.8,88.3,62.4,57.4,61.8,64.8,73.5,88.5,98.7,101.8,101.1,92.8,83.8,75.4,58.6,54.2,63.8,71.6,74.4,78.3,80.4,81.1,76.1,67.6,59.2,52.9,45.6,42.3,41.4,43.3,49.1,62.1,64.3,65,67.5,75.9,88,99.6,101.5,103.2,104.6,100.2,89.4,78.2,59.9,41.2,35.2,38.2,19.7,0,0,0,0,0,0,0,0,0,0,0,0,0,0,0,0,0,0,0,0,0,0,0,0,0,0,0,0,0,0,0,0,0,0,0,0,112.8,95,76.5,61,53.8,55.6,63,56.8,43.9,30.4,27.9,41.4,56.1,56.4,59.1,49.3,32.3,18.4,14.9,33.1,45.2,46.5,54.7,65.4,81.1,86.6,101.8,115,123.6,128.1,131,131,131.4,129.8,126.8,122.4,106.1,86.5,64.9,38.6,15.8,18.9,34.3,45.8,63,68.1,77,87.2,98.3,95.3,93.3,103.9,118.8,108.1,0,0,0,0,0,0,0,0,0,0,0,0,0,0,0,0,0,0,0,0,0,0,0,0,0,0,0,0,0,0,0,0,0,0,0,0,TT,O,,2021,5,2,3/30/2008,19.26739927,18.9020109,18.493488,20.94462541,0,0,59.8,72.1,86.5,91.8,88.3,62.4,57.4,61.8,64.8,73.5,88.5,98.7,101.8,101.1,92.8,83.8,75.4,58.6,54.2,63.8,71.6,74.4,78.3,80.4,81.1,76.1,67.6,59.2,52.9,45.6,42.3,41.4,43.3,49.1,62.1,64.3,65,67.5,75.9,88,99.6,101.5,103.2,104.6,100.2,89.4,78.2,59.9,41.2,35.2,38.2,19.7,0,0,0,0,0,0,0,0,0,0,0,0,0,0,0,0,0,0,0,0,0,0,0,0,0,0,0,0,0,0,0,0,0,0,0,0,0,0,76.5,61,53.8,55.6,63,56.8,43.9,30.4,27.9,41.4,56.1,56.4,59.1,49.3,32.3,18.4,14.9,33.1,45.2,46.5,54.7,65.4,81.1,86.6,101.8,115,123.6,128.1,131,131,131.4,129.8,126.8,122.4,106.1,86.5,64.9,38.6,15.8,18.9,34.3,45.8,63,68.1,77,87.2,98.3,95.3,93.3,103.9,118.8,108.1,0,0,0,0,0,0,0,0,0,0,0,0,0,0,0,0,0,0,0,0,0,0,0,0,0,0,0,0,0,0,0,0,0,0,0,0,3694.1,3774.2,71.04038462,72.58076923,55,115,3,3
12,4,A,W,2,30.7,643,16,21,31,47,22,20,1.5,0,0,0,90,2106,22,30,110.6,94.1,74.6,65.6,66.2,81.1,88.6,92.7,91.7,88.5,79.6,74.5,90.8,105.1,113.9,110.6,110.1,108.9,98.4,81.1,74.1,72.3,62.8,55.5,43.9,43.3,41,33.8,41,58.8,0,0,0,0,0,0,0,0,0,0,0,0,0,0,0,0,0,0,0,0,0,0,0,0,0,0,0,0,0,0,0,0,0,0,0,0,0,0,0,0,0,0,0,0,0,0,0,0,0,0,0,0,0,0,0,0,0,0,0,0,57.3,51.9,36.7,26.9,31.5,45.8,60.6,64.3,74.5,83.1,86.1,61.3,59.5,70.2,74.9,66.5,61.3,46.6,27.7,13.8,24.1,45.5,68.7,92.2,115,127.6,130,118.8,111.6,109.7,0,0,0,0,0,0,0,0,0,0,0,0,0,0,0,0,0,0,0,0,0,0,0,0,0,0,0,0,0,0,0,0,0,0,0,0,0,0,0,0,0,0,0,0,0,0,0,0,0,0,0,0,0,0,0,0,0,0,0,0,FS,O,,2021,6,2,3/30/2008,20.94462541,18.9020109,18.493488,20.94462541,0,0,0,0,66.2,81.1,88.6,92.7,91.7,88.5,79.6,74.5,90.8,105.1,113.9,110.6,110.1,108.9,98.4,81.1,74.1,72.3,62.8,55.5,43.9,43.3,41,33.8,41,58.8,0,0,0,0,0,0,0,0,0,0,0,0,0,0,0,0,0,0,0,0,0,0,0,0,0,0,0,0,0,0,0,0,0,0,0,0,0,0,0,0,0,0,0,0,0,0,0,0,0,0,0,0,0,0,0,0,0,0,0,0,0,0,0,0,31.5,45.8,60.6,64.3,74.5,83.1,86.1,61.3,59.5,70.2,74.9,66.5,61.3,46.6,27.7,13.8,24.1,45.5,68.7,92.2,115,127.6,130,118.8,111.6,109.7,0,0,0,0,0,0,0,0,0,0,0,0,0,0,0,0,0,0,0,0,0,0,0,0,0,0,0,0,0,0,0,0,0,0,0,0,0,0,0,0,0,0,0,0,0,0,0,0,0,0,0,0,0,0,0,0,0,0,0,0,2008.3,1870.9,77.24230769,71.95769231,115,55,5,5
16,3,A,N,2,90.1,2442,30,19,15,38,47,-41,1.5,1,3,0,90,2106,24,90,106.9,91.6,61.9,32.2,13,27.6,41.5,39.4,43.6,60.3,82.2,105.2,121.6,125.8,127,125.3,119.9,111.8,97.7,77.6,68.7,52.8,21.9,32.5,47.8,52.2,57.6,64.2,81.6,104.8,115.7,114.3,108,107.9,98,84.8,66.7,52.4,43.9,44.8,56.9,64.2,79.9,98.5,102.8,109.9,114.9,105.8,89.5,72.7,54.5,45.1,44.2,42.9,47.5,54.7,75.9,84.7,74.2,48,15.4,42.4,61.8,73.2,76,84.6,83.3,83.3,88.2,95.1,102.6,97,80.8,57.2,30.5,39.5,73.1,100.3,118,118.6,113.4,99.9,76.2,48,28.8,36.7,46.2,43.6,52.4,54.6,62.4,67.3,69.4,82.3,99.1,116.8,130.8,125.8,111.9,96,80,66.5,57.9,48.3,42.1,38.7,39.7,51.9,58.6,78.8,98.6,110.1,104.6,114.9,125.8,117,98,73.9,48.4,31.7,27.8,37.7,58,80.9,85.2,107.3,125.6,130.4,132.4,127.6,121.6,113,102.2,89.8,82.8,75.1,70.6,71,75,84.5,104.3,124,132.9,130,123.3,109.7,106.3,113.7,110.8,102.1,82.4,70.7,87,102.9,105,100.9,99.7,99.7,36.2,28.5,59.1,74.8,85.1,83.6,75.2,55.2,36.9,41,55.8,44.1,28.2,11.9,18.3,50.4,80.4,114.4,129.8,131.6,128.5,127.8,TT,O,,2021,1,2,3/29/2008,27.10321865,25.80232857,24.61751741,31.72638436,0,0,0,0,13,27.6,41.5,39.4,43.6,60.3,82.2,105.2,121.6,125.8,127,125.3,119.9,111.8,97.7,77.6,68.7,52.8,21.9,32.5,47.8,52.2,57.6,64.2,81.6,104.8,115.7,114.3,108,107.9,98,84.8,66.7,52.4,43.9,44.8,56.9,64.2,79.9,98.5,102.8,109.9,114.9,105.8,89.5,72.7,54.5,45.1,44.2,42.9,47.5,54.7,75.9,84.7,74.2,48,15.4,42.4,61.8,73.2,76,84.6,83.3,83.3,88.2,95.1,102.6,97,80.8,57.2,30.5,39.5,73.1,100.3,118,118.6,113.4,99.9,76.2,48,28.8,36.7,46.2,43.6,52.4,54.6,0,0,0,0,99.1,116.8,130.8,125.8,111.9,96,80,66.5,57.9,48.3,42.1,38.7,39.7,51.9,58.6,78.8,98.6,110.1,104.6,114.9,125.8,117,98,73.9,48.4,31.7,27.8,37.7,58,80.9,85.2,107.3,125.6,130.4,132.4,127.6,121.6,113,102.2,89.8,82.8,75.1,70.6,71,75,84.5,104.3,124,132.9,130,123.3,109.7,106.3,113.7,110.8,102.1,82.4,70.7,87,102.9,105,100.9,99.7,99.7,36.2,28.5,59.1,74.8,85.1,83.6,75.2,55.2,36.9,41,55.8,44.1,28.2,11.9,18.3,50.4,80.4,114.4,129.8,131.6,128.5,127.8,6327.6,7366.6,73.57674419,85.65813953,115,55,5,5
17,3,A,S,2,90.1,2226,25,25,8,31,61,-77,1.5,0,0,0,90,2106,24,90,55.4,57.8,68.9,87.8,108.2,120.8,118.7,105.3,91.7,71.5,55.5,41.3,30.3,33.4,45.2,53.2,65.9,85.1,100.6,110.8,115,115.4,110.7,99.1,84.5,64.2,56.2,69,85,76.8,65.9,51.2,44,43.6,55.6,61.1,68.1,85.2,101.7,115,125.4,122,116.1,119.7,113.8,97,80,59.7,45.5,43.5,48.2,52.1,61.1,86.6,90.9,106.9,116.2,109.2,100.3,88.9,77.4,70.1,65.1,57.6,56.3,57.4,58.9,66.1,82.9,100.7,117.2,121.8,121,121.1,118.5,114,109.9,105.1,92.8,77.8,65.6,73.1,75.3,64.6,50.1,40,41.4,46.2,45,48.2,103.2,79.9,54.3,26.1,20.8,38.9,50,58.3,73.5,88.2,102.2,113.6,116.6,121.6,127.7,123.7,115.8,104.4,92.4,80.2,70.9,64.1,52.2,33.5,14.6,30.8,59.7,96,114.7,114.8,116.8,125.9,131.2,126.6,122.4,107.8,89.9,68.6,50.3,36.5,37.6,34,39.3,60.3,72,101.7,119.2,130.6,133.2,130.8,128.3,124.9,118.6,102.9,99,82.8,68.8,70.2,70.9,77.9,89.8,107.1,116.5,120.4,118.2,102.4,79.1,54,23.6,14,34.8,45.7,49.1,45.1,34.5,25.5,26.7,38.3,47.7,59.3,84.3,105.1,110.4,117.1,121,123.9,129.8,134.2,127.9,122.1,TT,O,,2021,2,2,3/29/2008,24.70588235,25.80232857,24.61751741,31.72638436,0,57.8,68.9,87.8,108.2,120.8,118.7,105.3,91.7,71.5,55.5,41.3,30.3,33.4,45.2,53.2,65.9,85.1,100.6,110.8,115,115.4,110.7,99.1,84.5,64.2,56.2,69,85,76.8,65.9,51.2,44,43.6,55.6,61.1,68.1,85.2,101.7,115,125.4,122,116.1,119.7,113.8,97,80,59.7,45.5,43.5,48.2,52.1,61.1,86.6,90.9,106.9,116.2,109.2,100.3,88.9,77.4,70.1,65.1,57.6,56.3,57.4,58.9,66.1,82.9,100.7,117.2,121.8,121,121.1,118.5,114,109.9,105.1,92.8,77.8,65.6,73.1,75.3,64.6,50.1,40,41.4,46.2,45,48.2,0,79.9,54.3,26.1,20.8,38.9,50,58.3,73.5,88.2,102.2,113.6,116.6,121.6,127.7,123.7,115.8,104.4,92.4,80.2,70.9,64.1,52.2,33.5,14.6,30.8,59.7,96,114.7,114.8,116.8,125.9,131.2,126.6,122.4,107.8,89.9,68.6,50.3,36.5,37.6,34,39.3,60.3,72,101.7,119.2,130.6,133.2,130.8,128.3,124.9,118.6,102.9,99,82.8,68.8,70.2,70.9,77.9,89.8,107.1,116.5,120.4,118.2,102.4,79.1,54,23.6,14,34.8,45.7,49.1,45.1,34.5,25.5,26.7,38.3,47.7,59.3,84.3,105.1,110.4,117.1,121,123.9,129.8,134.2,127.9,122.1,7143.6,7426.1,80.26516854,83.43932584,55,115,2,2
18,3,A,W,2,90.1,1935,27,19,11,35,54,-67,1.5,0,2,0,90,2106,24,90,113.8,103,82.6,58.9,37.4,35.7,49.5,50.4,46.9,43.7,37.7,26.2,37.3,65.1,92.1,111.3,101.3,91.5,89.5,97.3,111.7,112.8,101.9,96.5,94.4,83,64.4,37.6,32.5,43,38.2,58.3,74.3,77.9,81.4,81.1,92.4,105.3,119.3,120.5,116.6,107.7,95.5,77.1,47.6,23.9,34.5,44.5,38.7,41.4,58.7,79.6,99,104.9,108.7,110.9,110.3,117.8,120,108.3,89.3,71.6,69.4,66.2,53.3,44.7,54.4,71.3,73.5,82.8,122,120.5,118.5,114.1,105.7,91.2,72.6,58.7,50.3,42.4,45.6,50.8,55.7,64.6,67.4,67.4,67.4,67.4,100.2,114,40.9,21.5,9,34.2,69.4,100.6,126.8,132.7,131.9,131.1,126.2,107.2,82.3,64,68.2,75.2,55.2,26.9,9.3,38.5,65.3,71.1,73.7,95.8,105,103.5,105.5,107.9,120.2,132.1,117,111.7,110.9,107.3,102.7,84.7,62,46.3,49.1,52.7,55,54,47.3,44.1,60.6,93,120.3,130.5,118.1,104.4,81.4,77,74.6,60.7,43.1,26.6,25.3,42.7,52,50.2,55.6,82.1,107.3,124.9,133.3,131.8,125.8,115.8,115.5,105.7,59.8,57.9,55.9,55.7,58.4,62.8,73,89.5,103.2,111.8,120.1,122.8,120.5,117.4,116.3,116.3,116.3,116.3,75.9,57.5,TT,O,,2021,3,2,3/29/2008,21.47613762,25.80232857,24.61751741,31.72638436,0,0,0,0,37.4,35.7,49.5,50.4,46.9,43.7,37.7,26.2,37.3,65.1,92.1,111.3,101.3,91.5,89.5,97.3,111.7,112.8,101.9,96.5,94.4,83,64.4,37.6,32.5,43,38.2,58.3,74.3,77.9,81.4,81.1,92.4,105.3,119.3,120.5,116.6,107.7,95.5,77.1,47.6,23.9,34.5,44.5,38.7,41.4,58.7,79.6,99,104.9,108.7,110.9,110.3,117.8,120,108.3,89.3,71.6,69.4,66.2,53.3,44.7,54.4,71.3,73.5,82.8,122,120.5,118.5,114.1,105.7,91.2,72.6,58.7,50.3,42.4,45.6,50.8,55.7,64.6,67.4,67.4,67.4,67.4,100.2,114,0,0,0,0,69.4,100.6,126.8,132.7,131.9,131.1,126.2,107.2,82.3,64,68.2,75.2,55.2,26.9,9.3,38.5,65.3,71.1,73.7,95.8,105,103.5,105.5,107.9,120.2,132.1,117,111.7,110.9,107.3,102.7,84.7,62,46.3,49.1,52.7,55,54,47.3,44.1,60.6,93,120.3,130.5,118.1,104.4,81.4,77,74.6,60.7,43.1,26.6,25.3,42.7,52,50.2,55.6,82.1,107.3,124.9,133.3,131.8,125.8,115.8,115.5,105.7,59.8,57.9,55.9,55.7,58.4,62.8,73,89.5,103.2,111.8,120.1,122.8,120.5,117.4,116.3,116.3,116.3,116.3,75.9,57.5,6558.1,7436.1,76.25697674,86.46627907,115,55,5,5
16,4,A,E,2,2.9,69,96,4,0,50,50,-33,1.5,0,0,0,90,2106,24,2,60.6,41.1,0,0,0,0,0,0,0,0,0,0,0,0,0,0,0,0,0,0,0,0,0,0,0,0,0,0,0,0,0,0,0,0,0,0,0,0,0,0,0,0,0,0,0,0,0,0,0,0,0,0,0,0,0,0,0,0,0,0,0,0,0,0,0,0,0,0,0,0,0,0,0,0,0,0,0,0,0,0,0,0,0,0,0,0,0,0,0,0,123.7,118.4,0,0,0,0,0,0,0,0,0,0,0,0,0,0,0,0,0,0,0,0,0,0,0,0,0,0,0,0,0,0,0,0,0,0,0,0,0,0,0,0,0,0,0,0,0,0,0,0,0,0,0,0,0,0,0,0,0,0,0,0,0,0,0,0,0,0,0,0,0,0,0,0,0,0,0,0,0,0,0,0,0,0,0,0,0,0,0,0,TT,O,,2021,4,2,3/30/2008,23.79310345,25.80232857,24.61751741,31.72638436,0,41.1,0,0,0,0,0,0,0,0,0,0,0,0,0,0,0,0,0,0,0,0,0,0,0,0,0,0,0,0,0,0,0,0,0,0,0,0,0,0,0,0,0,0,0,0,0,0,0,0,0,0,0,0,0,0,0,0,0,0,0,0,0,0,0,0,0,0,0,0,0,0,0,0,0,0,0,0,0,0,0,0,0,0,0,0,0,0,0,0,0,118.4,0,0,0,0,0,0,0,0,0,0,0,0,0,0,0,0,0,0,0,0,0,0,0,0,0,0,0,0,0,0,0,0,0,0,0,0,0,0,0,0,0,0,0,0,0,0,0,0,0,0,0,0,0,0,0,0,0,0,0,0,0,0,0,0,0,0,0,0,0,0,0,0,0,0,0,0,0,0,0,0,0,0,0,0,0,0,0,0,41.1,118.4,41.1,118.4,55,115,2,2
17,4,A,S,2,64.9,1688,14,27,26,30,44,-97,1.5,1,0,0,90,2106,24,64,62.6,64.8,72.5,70.8,55.7,52,77.1,93.6,93.1,90.6,88.6,94,120.1,121.7,126.3,121.2,115.5,101.1,79.8,64.7,79,82.5,81,61.9,40.1,35,50.1,53.8,61,56.8,54,64.8,70.1,71.5,76.5,87.6,107,111.7,124.5,113.6,104.5,103.4,104.4,90.9,71.1,44.1,43,70.3,75.6,72.3,70.9,63.5,67,72.7,79.8,70.2,57.4,72.3,95.5,111,110.5,104.1,81,44.3,0,0,0,0,0,0,0,0,0,0,0,0,0,0,0,0,0,0,0,0,0,0,0,0,0,0,103.5,77.5,45.4,23.1,40,76.5,107.9,107.6,95.8,78.1,60.4,27.6,30.8,32.7,39,32.4,30,33.3,49.7,73.1,94,97.9,99.3,103.8,112.5,123.2,134.7,134.4,133.8,131,127.5,124,112.4,92.3,64.5,39.3,25,22.8,44.7,51.6,67.1,77.8,72.3,47.3,30.9,47.5,82.4,106.2,115,122.7,123.6,122.7,109.4,77.5,33.8,21.1,42.5,55.6,68.2,78.9,68,53.4,33.9,50.1,0,0,0,0,0,0,0,0,0,0,0,0,0,0,0,0,0,0,0,0,0,0,0,0,0,0,TT,O,,2021,5,2,3/30/2008,26.00924499,25.80232857,24.61751741,31.72638436,0,64.8,72.5,70.8,55.7,52,77.1,93.6,93.1,90.6,88.6,94,120.1,121.7,126.3,121.2,115.5,101.1,79.8,64.7,79,82.5,81,61.9,40.1,35,50.1,53.8,61,56.8,54,64.8,70.1,71.5,76.5,87.6,107,111.7,124.5,113.6,104.5,103.4,104.4,90.9,71.1,44.1,43,70.3,75.6,72.3,70.9,63.5,67,72.7,79.8,70.2,57.4,72.3,95.5,111,110.5,104.1,81,44.3,0,0,0,0,0,0,0,0,0,0,0,0,0,0,0,0,0,0,0,0,0,0,0,0,0,0,0,77.5,45.4,23.1,40,76.5,107.9,107.6,95.8,78.1,60.4,27.6,30.8,32.7,39,32.4,30,33.3,49.7,73.1,94,97.9,99.3,103.8,112.5,123.2,134.7,134.4,133.8,131,127.5,124,112.4,92.3,64.5,39.3,25,22.8,44.7,51.6,67.1,77.8,72.3,47.3,30.9,47.5,82.4,106.2,115,122.7,123.6,122.7,109.4,77.5,33.8,21.1,42.5,55.6,68.2,78.9,68,53.4,33.9,50.1,0,0,0,0,0,0,0,0,0,0,0,0,0,0,0,0,0,0,0,0,0,0,0,0,0,0,5065.5,4637.5,80.4047619,73.61111111,55,115,2,2
18,4,A,W,2,30.7,974,25,30,14,42,44,-4,1.5,0,1,0,90,2106,24,30,111.2,101.1,72.8,47.4,33.5,42.2,38.4,39,44.6,55.3,67.9,85.5,107.5,125.8,125.5,123.3,113.9,96.7,81.5,57.3,27.1,26,39,62.3,86.7,100.1,107.7,100.4,96.9,90.8,0,0,0,0,0,0,0,0,0,0,0,0,0,0,0,0,0,0,0,0,0,0,0,0,0,0,0,0,0,0,0,0,0,0,0,0,0,0,0,0,0,0,0,0,0,0,0,0,0,0,0,0,0,0,0,0,0,0,0,0,40.4,35.5,50.4,75.8,113.2,131.2,127,124,112.8,98,79.6,58.6,45.9,44.8,37.2,44.6,73.1,96,108.4,106.9,106,112,107,104.4,103.1,88.1,57.6,23.2,13,25.4,0,0,0,0,0,0,0,0,0,0,0,0,0,0,0,0,0,0,0,0,0,0,0,0,0,0,0,0,0,0,0,0,0,0,0,0,0,0,0,0,0,0,0,0,0,0,0,0,0,0,0,0,0,0,0,0,0,0,0,0,FS,O,,2021,6,2,3/30/2008,31.72638436,25.80232857,24.61751741,31.72638436,0,0,0,47.4,33.5,42.2,38.4,39,44.6,55.3,67.9,85.5,107.5,125.8,125.5,123.3,113.9,96.7,81.5,57.3,27.1,26,39,62.3,86.7,100.1,107.7,100.4,96.9,90.8,0,0,0,0,0,0,0,0,0,0,0,0,0,0,0,0,0,0,0,0,0,0,0,0,0,0,0,0,0,0,0,0,0,0,0,0,0,0,0,0,0,0,0,0,0,0,0,0,0,0,0,0,0,0,0,0,0,0,0,0,0,0,0,75.8,113.2,131.2,127,124,112.8,98,79.6,58.6,45.9,44.8,37.2,44.6,73.1,96,108.4,106.9,106,112,107,104.4,103.1,88.1,57.6,23.2,13,25.4,0,0,0,0,0,0,0,0,0,0,0,0,0,0,0,0,0,0,0,0,0,0,0,0,0,0,0,0,0,0,0,0,0,0,0,0,0,0,0,0,0,0,0,0,0,0,0,0,0,0,0,0,0,0,0,0,0,0,0,0,2022.3,2216.9,74.9,82.10740741,115,55,4,4
19,3,A,N,2,21.1,350,4,67,29,62,9,-16,1.5,0,0,0,90,2106,29,21,115.9,114.6,113.9,113.4,112.9,112.6,111,106.6,104.8,105.4,105.5,96.3,74.8,77.8,93.5,110.6,113.1,106,81.5,51.5,21.1,0,0,0,0,0,0,0,0,0,0,0,0,0,0,0,0,0,0,0,0,0,0,0,0,0,0,0,0,0,0,0,0,0,0,0,0,0,0,0,0,0,0,0,0,0,0,0,0,0,0,0,0,0,0,0,0,0,0,0,0,0,0,0,0,0,0,0,0,0,60.2,60.2,60.1,61.4,62.1,62.9,65.8,65.2,43.9,36.8,31,18.9,27.8,27.4,17.1,32.3,45.1,52.7,60.7,75.1,87.2,0,0,0,0,0,0,0,0,0,0,0,0,0,0,0,0,0,0,0,0,0,0,0,0,0,0,0,0,0,0,0,0,0,0,0,0,0,0,0,0,0,0,0,0,0,0,0,0,0,0,0,0,0,0,0,0,0,0,0,0,0,0,0,0,0,0,0,0,0,TT,O,,2021,1,2,3/29/2008,16.58767773,21.37385672,20.76914924,24.39739414,0,0,0,0,0,112.6,111,106.6,104.8,105.4,105.5,96.3,74.8,77.8,93.5,110.6,113.1,106,81.5,51.5,21.1,0,0,0,0,0,0,0,0,0,0,0,0,0,0,0,0,0,0,0,0,0,0,0,0,0,0,0,0,0,0,0,0,0,0,0,0,0,0,0,0,0,0,0,0,0,0,0,0,0,0,0,0,0,0,0,0,0,0,0,0,0,0,0,0,0,0,0,0,0,0,0,0,0,0,62.9,65.8,65.2,43.9,36.8,31,18.9,27.8,27.4,17.1,32.3,45.1,52.7,60.7,75.1,87.2,0,0,0,0,0,0,0,0,0,0,0,0,0,0,0,0,0,0,0,0,0,0,0,0,0,0,0,0,0,0,0,0,0,0,0,0,0,0,0,0,0,0,0,0,0,0,0,0,0,0,0,0,0,0,0,0,0,0,0,0,0,0,0,0,0,0,0,0,0,1472.1,749.9,92.00625,46.86875,115,55,6,6
20,3,A,S,2,90.1,2262,33,22,31,31,38,0,1.5,0,2,0,90,2106,29,90,53.7,40.6,29.7,30.9,41.8,43.6,38.3,31.6,37,45.7,54.6,58.6,55.5,51.1,66.1,71.8,70.8,49.4,20.4,27.4,51.5,75.1,92.4,102.9,113.7,122,124.8,122.1,113.6,108.4,107.2,98.1,85.4,77.6,73.3,62,49.2,33.2,34.9,59.2,80.2,106.1,119.3,114.4,105.3,90.5,74.7,62.6,61.7,57.9,51.2,46,38.3,23.2,14.1,32.7,60.4,88.9,109.2,119.7,121.1,112,97.3,76.3,48.6,18.5,26.7,50.9,75.1,88.6,88.2,81.7,73.8,61.6,52.4,29.1,13.7,31.7,48,37.3,25.8,24.9,42.5,65.7,88.6,108.6,117.8,116.4,110.9,104.8,115.4,111,91.2,62.8,54,62.4,86.3,110.5,125.1,119.4,102,79,54.1,39.6,25.4,32.8,39.9,50.7,73.3,101,105.3,104.6,96.2,82.6,69.3,56.7,44.2,33.7,32.7,48,62.1,79.4,94.5,111.3,125.5,130.3,131.2,120.4,100.4,80.2,64.2,56.8,59.1,59.2,63.7,69.5,82.6,98.3,110.2,120.1,126.4,131.4,127.4,111.1,88.4,59.4,29.9,7.4,20.6,35.6,45.2,47.5,51.3,55.8,65.9,76.9,84.1,96.2,102,98.6,87.3,69,43.5,30.6,37.2,62.5,91.4,118.9,132.9,118.8,100.6,76.5,50.7,24.2,12.2,30.4,50.1,63.5,73.3,82.3,TT,O,,2021,2,2,3/29/2008,25.1054384,21.37385672,20.76914924,24.39739414,0,0,29.7,30.9,41.8,43.6,38.3,31.6,37,45.7,54.6,58.6,55.5,51.1,66.1,71.8,70.8,49.4,20.4,27.4,51.5,75.1,92.4,102.9,113.7,122,124.8,122.1,113.6,108.4,107.2,98.1,85.4,77.6,73.3,62,49.2,33.2,34.9,59.2,80.2,106.1,119.3,114.4,105.3,90.5,74.7,62.6,61.7,57.9,51.2,46,38.3,23.2,14.1,32.7,60.4,88.9,109.2,119.7,121.1,112,97.3,76.3,48.6,18.5,26.7,50.9,75.1,88.6,88.2,81.7,73.8,61.6,52.4,29.1,13.7,31.7,48,37.3,25.8,24.9,42.5,65.7,88.6,108.6,117.8,116.4,110.9,104.8,0,0,91.2,62.8,54,62.4,86.3,110.5,125.1,119.4,102,79,54.1,39.6,25.4,32.8,39.9,50.7,73.3,101,105.3,104.6,96.2,82.6,69.3,56.7,44.2,33.7,32.7,48,62.1,79.4,94.5,111.3,125.5,130.3,131.2,120.4,100.4,80.2,64.2,56.8,59.1,59.2,63.7,69.5,82.6,98.3,110.2,120.1,126.4,131.4,127.4,111.1,88.4,59.4,29.9,7.4,20.6,35.6,45.2,47.5,51.3,55.8,65.9,76.9,84.1,96.2,102,98.6,87.3,69,43.5,30.6,37.2,62.5,91.4,118.9,132.9,118.8,100.6,76.5,50.7,24.2,12.2,30.4,50.1,63.5,73.3,82.3,6025.9,6618.8,68.47613636,75.21363636,55,115,3,3
21,3,A,W,2,63,1458,29,27,29,44,27,33,1.5,0,2,0,90,2106,29,62,112.2,105.6,87.7,65,57.3,59.8,51.4,38.8,26.7,16.9,19.2,37.6,59.8,76.6,81.4,83,85.5,94.5,109.4,110.8,106.8,90,66.3,43.1,26.1,35.9,46.9,40.7,39.9,48.5,63.2,83.6,100.2,111.5,117.3,125.7,120.3,113.1,110.2,108.6,100.9,85.2,68.5,49.7,32.6,30.3,44.7,42.2,28.1,22.6,36.9,61.9,87.2,104.2,106.7,111.1,115.4,112,102.8,83.7,61.6,33.6,0,0,0,0,0,0,0,0,0,0,0,0,0,0,0,0,0,0,0,0,0,0,0,0,0,0,0,0,57.4,58.6,59.2,65.7,80.2,101.2,107.9,108.6,112.3,105.7,95.5,81.1,69.7,53.9,42.3,19,13.2,38.2,63,74.2,78.2,74,68.6,78.4,102.2,124,133.9,121.9,106.7,88.6,68.6,52.1,41.1,33.6,31.3,38,36.7,39.6,59.1,75.4,84.6,92.5,102.5,101.6,107.3,117.7,131.9,124.9,104.3,81,54.1,29,20.9,22,18.1,29.1,45.6,55.9,62.6,72.4,83.9,90.6,0,0,0,0,0,0,0,0,0,0,0,0,0,0,0,0,0,0,0,0,0,0,0,0,0,0,0,0,TT,O,,2021,3,2,3/29/2008,23.14285714,21.37385672,20.76914924,24.39739414,0,0,0,0,0,59.8,51.4,38.8,26.7,16.9,19.2,37.6,59.8,76.6,81.4,83,85.5,94.5,109.4,110.8,106.8,90,66.3,43.1,26.1,35.9,46.9,40.7,39.9,48.5,63.2,83.6,100.2,111.5,117.3,125.7,120.3,113.1,110.2,108.6,100.9,85.2,68.5,49.7,32.6,30.3,44.7,42.2,28.1,22.6,36.9,61.9,87.2,104.2,106.7,111.1,115.4,112,102.8,83.7,61.6,33.6,0,0,0,0,0,0,0,0,0,0,0,0,0,0,0,0,0,0,0,0,0,0,0,0,0,0,0,0,0,0,0,0,0,101.2,107.9,108.6,112.3,105.7,95.5,81.1,69.7,53.9,42.3,19,13.2,38.2,63,74.2,78.2,74,68.6,78.4,102.2,124,133.9,121.9,106.7,88.6,68.6,52.1,41.1,33.6,31.3,38,36.7,39.6,59.1,75.4,84.6,92.5,102.5,101.6,107.3,117.7,131.9,124.9,104.3,81,54.1,29,20.9,22,18.1,29.1,45.6,55.9,62.6,72.4,83.9,90.6,0,0,0,0,0,0,0,0,0,0,0,0,0,0,0,0,0,0,0,0,0,0,0,0,0,0,0,0,4071.2,4170.3,71.4245614,73.16315789,115,55,6,6
19,4,A,E,2,14.2,183,11,1,12,78,10,48,1.5,1,0,0,90,2106,29,14,65.5,62.3,61.3,60.1,59.3,60.1,61.5,59.6,54.7,63.4,72.1,66.7,43.4,17.3,0,0,0,0,0,0,0,0,0,0,0,0,0,0,0,0,0,0,0,0,0,0,0,0,0,0,0,0,0,0,0,0,0,0,0,0,0,0,0,0,0,0,0,0,0,0,0,0,0,0,0,0,0,0,0,0,0,0,0,0,0,0,0,0,0,0,0,0,0,0,0,0,0,0,0,0,118.7,113.8,111,108,105.7,104.7,104.4,101.6,93.3,78.8,81.5,89.3,98.9,101.1,0,0,0,0,0,0,0,0,0,0,0,0,0,0,0,0,0,0,0,0,0,0,0,0,0,0,0,0,0,0,0,0,0,0,0,0,0,0,0,0,0,0,0,0,0,0,0,0,0,0,0,0,0,0,0,0,0,0,0,0,0,0,0,0,0,0,0,0,0,0,0,0,0,0,0,0,TT,O,,2021,4,2,3/30/2008,12.88732394,21.37385672,20.76914924,24.39739414,0,0,61.3,60.1,59.3,60.1,61.5,59.6,54.7,63.4,72.1,66.7,43.4,17.3,0,0,0,0,0,0,0,0,0,0,0,0,0,0,0,0,0,0,0,0,0,0,0,0,0,0,0,0,0,0,0,0,0,0,0,0,0,0,0,0,0,0,0,0,0,0,0,0,0,0,0,0,0,0,0,0,0,0,0,0,0,0,0,0,0,0,0,0,0,0,0,0,0,0,0,0,0,0,111,108,105.7,104.7,104.4,101.6,93.3,78.8,81.5,89.3,98.9,101.1,0,0,0,0,0,0,0,0,0,0,0,0,0,0,0,0,0,0,0,0,0,0,0,0,0,0,0,0,0,0,0,0,0,0,0,0,0,0,0,0,0,0,0,0,0,0,0,0,0,0,0,0,0,0,0,0,0,0,0,0,0,0,0,0,0,0,0,0,0,0,0,0,0,0,0,0,679.5,1178.3,56.625,98.19166667,55,115,3,3
20,4,A,S,2,29.4,768,28,13,48,39,13,-43,1.5,1,1,0,90,2106,29,29,58.1,46.1,40.6,39.8,45.7,50.1,43.1,25.5,24.3,44.1,60.3,72.4,89.3,101,97.6,93,84.2,76.9,56.6,31.5,12,36.1,53.5,69.1,72,61.1,46.8,35.3,24,0,0,0,0,0,0,0,0,0,0,0,0,0,0,0,0,0,0,0,0,0,0,0,0,0,0,0,0,0,0,0,0,0,0,0,0,0,0,0,0,0,0,0,0,0,0,0,0,0,0,0,0,0,0,0,0,0,0,0,0,0,107.6,86.7,60.8,51.9,64.6,75.9,95.6,102.9,108,109.3,96,82.1,63.6,45.9,21.9,8.4,28.3,45,64.8,76.1,84.4,103.1,112.8,107.8,97,77.6,61.8,58.2,65.9,0,0,0,0,0,0,0,0,0,0,0,0,0,0,0,0,0,0,0,0,0,0,0,0,0,0,0,0,0,0,0,0,0,0,0,0,0,0,0,0,0,0,0,0,0,0,0,0,0,0,0,0,0,0,0,0,0,0,0,0,0,TT,O,,2021,5,2,3/30/2008,26.12244898,21.37385672,20.76914924,24.39739414,0,0,40.6,39.8,45.7,50.1,43.1,25.5,24.3,44.1,60.3,72.4,89.3,101,97.6,93,84.2,76.9,56.6,31.5,12,36.1,53.5,69.1,72,61.1,46.8,35.3,24,0,0,0,0,0,0,0,0,0,0,0,0,0,0,0,0,0,0,0,0,0,0,0,0,0,0,0,0,0,0,0,0,0,0,0,0,0,0,0,0,0,0,0,0,0,0,0,0,0,0,0,0,0,0,0,0,0,0,0,0,0,0,0,60.8,51.9,64.6,75.9,95.6,102.9,108,109.3,96,82.1,63.6,45.9,21.9,8.4,28.3,45,64.8,76.1,84.4,103.1,112.8,107.8,97,77.6,61.8,58.2,65.9,0,0,0,0,0,0,0,0,0,0,0,0,0,0,0,0,0,0,0,0,0,0,0,0,0,0,0,0,0,0,0,0,0,0,0,0,0,0,0,0,0,0,0,0,0,0,0,0,0,0,0,0,0,0,0,0,0,0,0,0,0,1485.9,1969.7,55.03333333,72.95185185,55,115,3,3
21,4,A,W,2,30.7,749,36,16,21,48,31,39,1.5,0,0,0,90,2106,29,30,111.8,103.1,77.3,54.1,34.4,32.7,40.1,39.8,38.3,49.6,61.9,78.7,93.3,100.2,101.2,98.6,99.1,99.5,101.6,100,91.3,79.3,55.2,37,26.6,36.7,40.8,29,24.3,37.3,0,0,0,0,0,0,0,0,0,0,0,0,0,0,0,0,0,0,0,0,0,0,0,0,0,0,0,0,0,0,0,0,0,0,0,0,0,0,0,0,0,0,0,0,0,0,0,0,0,0,0,0,0,0,0,0,0,0,0,0,54.7,54.3,55.7,64.9,90.3,113.5,129,125,111.2,98,80.3,63.9,49.5,43,24.4,12.2,30.9,50.4,73.8,85.2,94.3,103.5,103.1,104.9,111,125.1,127.2,110.9,89.6,64,0,0,0,0,0,0,0,0,0,0,0,0,0,0,0,0,0,0,0,0,0,0,0,0,0,0,0,0,0,0,0,0,0,0,0,0,0,0,0,0,0,0,0,0,0,0,0,0,0,0,0,0,0,0,0,0,0,0,0,0,FS,O,,2021,6,2,3/30/2008,24.39739414,21.37385672,20.76914924,24.39739414,0,0,0,0,34.4,32.7,40.1,39.8,38.3,49.6,61.9,78.7,93.3,100.2,101.2,98.6,99.1,99.5,101.6,100,91.3,79.3,55.2,37,26.6,36.7,40.8,29,24.3,37.3,0,0,0,0,0,0,0,0,0,0,0,0,0,0,0,0,0,0,0,0,0,0,0,0,0,0,0,0,0,0,0,0,0,0,0,0,0,0,0,0,0,0,0,0,0,0,0,0,0,0,0,0,0,0,0,0,0,0,0,0,0,0,0,0,90.3,113.5,129,125,111.2,98,80.3,63.9,49.5,43,24.4,12.2,30.9,50.4,73.8,85.2,94.3,103.5,103.1,104.9,111,125.1,127.2,110.9,89.6,64,0,0,0,0,0,0,0,0,0,0,0,0,0,0,0,0,0,0,0,0,0,0,0,0,0,0,0,0,0,0,0,0,0,0,0,0,0,0,0,0,0,0,0,0,0,0,0,0,0,0,0,0,0,0,0,0,0,0,0,0,1626.5,2214.2,62.55769231,85.16153846,115,55,5,5
28,3,A,N,2,54.2,1098,13,41,29,64,7,68,1.5,0,1,0,90,2106,46,54,111.2,105.4,86.8,71.9,83.1,93.3,97.4,102.8,108.5,115.2,116.3,110.5,99.5,91.4,60.2,37.7,19.9,31.7,51.7,72.5,90.3,99,104.2,106.9,107.9,103.1,99.7,99.4,91.9,76.8,57.6,37.8,29.5,46.4,65.9,69.1,67.5,67.8,72.5,80.5,92.1,104.6,110.3,115.8,115.8,114.3,106.5,91.8,72.2,56,53,46.3,26.5,17.5,0,0,0,0,0,0,0,0,0,0,0,0,0,0,0,0,0,0,0,0,0,0,0,0,0,0,0,0,0,0,0,0,0,0,0,0,52.5,35.2,30.1,62.5,82.3,79.8,70.9,57.6,47,39.7,28.9,24.8,32.5,50.4,53.9,60.1,72.7,82.4,82.4,85.5,85.2,76.9,69.8,68.8,60.1,47.1,35.6,21.6,6.4,13.5,35,61.3,84.7,116.6,130.2,125.7,114.2,100.3,85.4,68.9,54.3,44.3,43.7,35.5,27.9,27.5,28.6,28.7,34.7,52.6,69.5,84.7,102.4,101.5,0,0,0,0,0,0,0,0,0,0,0,0,0,0,0,0,0,0,0,0,0,0,0,0,0,0,0,0,0,0,0,0,0,0,0,0,TT,O,,2021,1,2,3/29/2008,20.25830258,20.7096007,20.58441987,21.33550489,0,0,0,0,0,93.3,97.4,102.8,108.5,115.2,116.3,110.5,99.5,91.4,60.2,37.7,19.9,31.7,51.7,72.5,90.3,99,104.2,106.9,107.9,103.1,99.7,99.4,91.9,76.8,57.6,37.8,29.5,46.4,65.9,69.1,67.5,67.8,72.5,80.5,92.1,104.6,110.3,115.8,115.8,114.3,106.5,91.8,72.2,56,53,46.3,26.5,17.5,0,0,0,0,0,0,0,0,0,0,0,0,0,0,0,0,0,0,0,0,0,0,0,0,0,0,0,0,0,0,0,0,0,0,0,0,0,0,0,0,0,79.8,70.9,57.6,47,39.7,28.9,24.8,32.5,50.4,53.9,60.1,72.7,82.4,82.4,85.5,85.2,76.9,69.8,68.8,60.1,47.1,35.6,21.6,6.4,13.5,35,61.3,84.7,116.6,130.2,125.7,114.2,100.3,85.4,68.9,54.3,44.3,43.7,35.5,27.9,27.5,28.6,28.7,34.7,52.6,69.5,84.7,102.4,101.5,0,0,0,0,0,0,0,0,0,0,0,0,0,0,0,0,0,0,0,0,0,0,0,0,0,0,0,0,0,0,0,0,0,0,0,0,3905.1,3011.8,79.69591837,61.46530612,115,55,6,6
29,3,A,S,2,12.4,266,36,2,35,61,4,17,1.5,0,0,0,90,2106,46,12,39.4,28.1,24.1,43.9,67.3,85.1,95.8,97,86.3,69.6,38.5,17.9,0,0,0,0,0,0,0,0,0,0,0,0,0,0,0,0,0,0,0,0,0,0,0,0,0,0,0,0,0,0,0,0,0,0,0,0,0,0,0,0,0,0,0,0,0,0,0,0,0,0,0,0,0,0,0,0,0,0,0,0,0,0,0,0,0,0,0,0,0,0,0,0,0,0,0,0,0,0,111.9,99.4,79.5,54.8,44.6,45.5,52.4,64.9,74.7,80.2,86.9,95.6,0,0,0,0,0,0,0,0,0,0,0,0,0,0,0,0,0,0,0,0,0,0,0,0,0,0,0,0,0,0,0,0,0,0,0,0,0,0,0,0,0,0,0,0,0,0,0,0,0,0,0,0,0,0,0,0,0,0,0,0,0,0,0,0,0,0,0,0,0,0,0,0,0,0,0,0,0,0,TT,O,,2021,2,2,3/29/2008,21.4516129,20.7096007,20.58441987,21.33550489,0,0,24.1,43.9,67.3,85.1,95.8,97,86.3,69.6,38.5,17.9,0,0,0,0,0,0,0,0,0,0,0,0,0,0,0,0,0,0,0,0,0,0,0,0,0,0,0,0,0,0,0,0,0,0,0,0,0,0,0,0,0,0,0,0,0,0,0,0,0,0,0,0,0,0,0,0,0,0,0,0,0,0,0,0,0,0,0,0,0,0,0,0,0,0,0,0,0,0,0,0,79.5,54.8,44.6,45.5,52.4,64.9,74.7,80.2,86.9,95.6,0,0,0,0,0,0,0,0,0,0,0,0,0,0,0,0,0,0,0,0,0,0,0,0,0,0,0,0,0,0,0,0,0,0,0,0,0,0,0,0,0,0,0,0,0,0,0,0,0,0,0,0,0,0,0,0,0,0,0,0,0,0,0,0,0,0,0,0,0,0,0,0,0,0,0,0,0,0,625.5,679.1,62.55,67.91,55,115,3,3
30,3,A,W,2,73.2,1440,28,36,48,39,13,-10,1.5,1,3,0,90,2106,46,73,112.6,92.3,83.7,84.7,94.2,112,119.6,117.4,114.7,111.2,103.1,88,65.9,42.4,43.4,56.7,63.7,66.6,67.2,69.8,72.5,67.5,55.4,40.4,29.1,33.4,57.6,60.3,62.7,66.8,74.9,86,97.9,104.8,107.8,107.5,111.4,111.5,103.1,95.7,84.1,66.1,44.4,31.1,25.5,36.2,38.7,36.7,40.8,43.7,46.6,54.1,67.7,75,83.1,79.3,70.9,46,29.8,21.4,36.9,45.6,46.6,42.1,27.3,15.7,20.3,31.4,41.8,43.3,33.5,17.8,9.3,0,0,0,0,0,0,0,0,0,0,0,0,0,0,0,0,0,55.8,41.3,21,9.4,30.8,54.2,56.6,54.6,43.5,30,17.2,8.7,25.3,53.8,82.5,80,67.9,57.5,52,39.4,25.3,22.6,34.2,50.7,70.7,94.3,120.7,115.8,107.6,96.1,83.2,68.4,54.7,49.2,40.5,25.9,22.7,29,33.9,45,57,67.7,79.2,91.3,107.1,123.8,127.1,120.2,112.2,97,77.1,55.6,30.8,19.9,9,21,38.4,51.2,62,78.9,96.1,92.6,89.9,83.7,74.2,78.9,96.3,108.9,121.9,125.1,121,106.7,93.7,0,0,0,0,0,0,0,0,0,0,0,0,0,0,0,0,0,TT,O,,2021,3,2,3/29/2008,19.67213115,20.7096007,20.58441987,21.33550489,0,0,0,0,0,112,119.6,117.4,114.7,111.2,103.1,88,65.9,42.4,43.4,56.7,63.7,66.6,67.2,69.8,72.5,67.5,55.4,40.4,29.1,33.4,57.6,60.3,62.7,66.8,74.9,86,97.9,104.8,107.8,107.5,111.4,111.5,103.1,95.7,84.1,66.1,44.4,31.1,25.5,36.2,38.7,36.7,40.8,43.7,46.6,54.1,67.7,75,83.1,79.3,70.9,46,29.8,21.4,36.9,45.6,46.6,42.1,27.3,15.7,20.3,31.4,41.8,43.3,33.5,17.8,9.3,0,0,0,0,0,0,0,0,0,0,0,0,0,0,0,0,0,0,0,0,0,0,54.2,56.6,54.6,43.5,30,17.2,8.7,25.3,53.8,82.5,80,67.9,57.5,52,39.4,25.3,22.6,34.2,50.7,70.7,94.3,120.7,115.8,107.6,96.1,83.2,68.4,54.7,49.2,40.5,25.9,22.7,29,33.9,45,57,67.7,79.2,91.3,107.1,123.8,127.1,120.2,112.2,97,77.1,55.6,30.8,19.9,9,21,38.4,51.2,62,78.9,96.1,92.6,89.9,83.7,74.2,78.9,96.3,108.9,121.9,125.1,121,106.7,93.7,0,0,0,0,0,0,0,0,0,0,0,0,0,0,0,0,0,4220.8,4629.2,62.07058824,68.07647059,115,55,6,6
25,4,A,E,2,55,1103,16,31,47,46,7,39,1.5,1,2,0,90,2106,46,54,60.8,58.2,39.2,16.3,35.1,46.1,54,61.6,74.2,81.6,87.4,96,97.8,87.1,60.1,59.7,73,91.4,103.9,109.1,113.9,109.2,94.3,75.7,53.9,37.4,43.7,65.4,71.5,77.1,83.5,91.2,94.8,99.1,97.1,87.5,75.6,65.5,66.4,77.6,82.1,83.9,85.8,83.7,84.6,83.7,76.7,66.2,58.2,43.8,23.5,19.1,18.2,11.4,0,0,0,0,0,0,0,0,0,0,0,0,0,0,0,0,0,0,0,0,0,0,0,0,0,0,0,0,0,0,0,0,0,0,0,0,109.9,105.6,92.8,92.3,114.9,112.4,100.7,83.7,63.6,50.8,31.4,11.6,19.9,33.1,35.7,30.1,21.5,15.2,18.9,24.7,24.8,21,7.6,14.2,40.8,68.7,102.3,119.4,114.2,105.2,93.9,84.5,79.5,80.7,68.9,58.8,60,69.7,92.9,102,95.2,85.9,85.4,71,52.6,33.4,19.1,24.2,41,60.6,83.4,107.3,104.1,92.8,0,0,0,0,0,0,0,0,0,0,0,0,0,0,0,0,0,0,0,0,0,0,0,0,0,0,0,0,0,0,0,0,0,0,0,0,TT,O,,2021,4,2,4/10/2008,20.05454545,20.7096007,20.58441987,21.33550489,0,0,39.2,16.3,35.1,46.1,54,61.6,74.2,81.6,87.4,96,97.8,87.1,60.1,59.7,73,91.4,103.9,109.1,113.9,109.2,94.3,75.7,53.9,37.4,43.7,65.4,71.5,77.1,83.5,91.2,94.8,99.1,97.1,87.5,75.6,65.5,66.4,77.6,82.1,83.9,85.8,83.7,84.6,83.7,76.7,66.2,58.2,43.8,23.5,19.1,18.2,11.4,0,0,0,0,0,0,0,0,0,0,0,0,0,0,0,0,0,0,0,0,0,0,0,0,0,0,0,0,0,0,0,0,0,0,0,0,0,0,92.8,92.3,114.9,112.4,100.7,83.7,63.6,50.8,31.4,11.6,19.9,33.1,35.7,30.1,21.5,15.2,18.9,24.7,24.8,21,7.6,14.2,40.8,68.7,102.3,119.4,114.2,105.2,93.9,84.5,79.5,80.7,68.9,58.8,60,69.7,92.9,102,95.2,85.9,85.4,71,52.6,33.4,19.1,24.2,41,60.6,83.4,107.3,104.1,92.8,0,0,0,0,0,0,0,0,0,0,0,0,0,0,0,0,0,0,0,0,0,0,0,0,0,0,0,0,0,0,0,0,0,0,0,0,3674.9,3318.4,70.67115385,63.81538462,55,115,3,3
26,4,A,S,2,27.6,593,21,20,83,15,2,-34,1.5,0,0,0,90,2106,46,27,41,35.8,48.6,54.9,61.3,40.8,38.3,52.9,70.2,77.6,78.5,62.3,29.9,18.7,35.1,48.3,65,72.9,77.5,64.5,43.7,35.2,53.1,54.7,57.1,49.6,30.6,0,0,0,0,0,0,0,0,0,0,0,0,0,0,0,0,0,0,0,0,0,0,0,0,0,0,0,0,0,0,0,0,0,0,0,0,0,0,0,0,0,0,0,0,0,0,0,0,0,0,0,0,0,0,0,0,0,0,0,0,0,0,0,111.3,94.7,75.4,71.4,81.8,81.3,65.4,42.6,27.8,25.6,39.2,53.3,67.9,73.8,67.2,50.4,30.6,23.2,13.1,25.9,46.9,82.8,92.6,85.8,86.5,71.2,72.9,0,0,0,0,0,0,0,0,0,0,0,0,0,0,0,0,0,0,0,0,0,0,0,0,0,0,0,0,0,0,0,0,0,0,0,0,0,0,0,0,0,0,0,0,0,0,0,0,0,0,0,0,0,0,0,0,0,0,0,0,0,0,0,TT,O,,2021,5,2,4/10/2008,21.48550725,20.7096007,20.58441987,21.33550489,0,0,48.6,54.9,61.3,40.8,38.3,52.9,70.2,77.6,78.5,62.3,29.9,18.7,35.1,48.3,65,72.9,77.5,64.5,43.7,35.2,53.1,54.7,57.1,49.6,30.6,0,0,0,0,0,0,0,0,0,0,0,0,0,0,0,0,0,0,0,0,0,0,0,0,0,0,0,0,0,0,0,0,0,0,0,0,0,0,0,0,0,0,0,0,0,0,0,0,0,0,0,0,0,0,0,0,0,0,0,0,0,0,0,0,0,75.4,71.4,81.8,81.3,65.4,42.6,27.8,25.6,39.2,53.3,67.9,73.8,67.2,50.4,30.6,23.2,13.1,25.9,46.9,82.8,92.6,85.8,86.5,71.2,72.9,0,0,0,0,0,0,0,0,0,0,0,0,0,0,0,0,0,0,0,0,0,0,0,0,0,0,0,0,0,0,0,0,0,0,0,0,0,0,0,0,0,0,0,0,0,0,0,0,0,0,0,0,0,0,0,0,0,0,0,0,0,0,0,1321.3,1454.6,52.852,58.184,55,115,3,3
27,4,A,W,2,30.7,655,40,24,27,58,15,-28,1.5,1,0,0,90,2106,46,30,103.7,92.2,101.8,106,112.4,110.9,100.7,76.6,39.9,25.5,44.7,70.6,83.8,87.1,88.2,89.2,88.3,82.5,68,46.7,21.2,24.4,34.6,35.2,28.4,28.9,53.3,52.4,45.8,44.2,0,0,0,0,0,0,0,0,0,0,0,0,0,0,0,0,0,0,0,0,0,0,0,0,0,0,0,0,0,0,0,0,0,0,0,0,0,0,0,0,0,0,0,0,0,0,0,0,0,0,0,0,0,0,0,0,0,0,0,0,49.7,31.7,25.5,25.8,34.6,44.5,48.3,47.1,53.9,70.4,92,105.8,100.6,87.1,72.4,64.8,42.7,22.3,22.4,42.6,69,102.6,103.3,102.5,99.9,113,135.1,131.4,120.8,117.8,0,0,0,0,0,0,0,0,0,0,0,0,0,0,0,0,0,0,0,0,0,0,0,0,0,0,0,0,0,0,0,0,0,0,0,0,0,0,0,0,0,0,0,0,0,0,0,0,0,0,0,0,0,0,0,0,0,0,0,0,FS,O,,2021,6,2,4/10/2008,21.33550489,20.7096007,20.58441987,21.33550489,0,0,0,0,112.4,110.9,100.7,76.6,39.9,25.5,44.7,70.6,83.8,87.1,88.2,89.2,88.3,82.5,68,46.7,21.2,24.4,34.6,35.2,28.4,28.9,53.3,52.4,45.8,44.2,0,0,0,0,0,0,0,0,0,0,0,0,0,0,0,0,0,0,0,0,0,0,0,0,0,0,0,0,0,0,0,0,0,0,0,0,0,0,0,0,0,0,0,0,0,0,0,0,0,0,0,0,0,0,0,0,0,0,0,0,0,0,0,0,34.6,44.5,48.3,47.1,53.9,70.4,92,105.8,100.6,87.1,72.4,64.8,42.7,22.3,22.4,42.6,69,102.6,103.3,102.5,99.9,113,135.1,131.4,120.8,117.8,0,0,0,0,0,0,0,0,0,0,0,0,0,0,0,0,0,0,0,0,0,0,0,0,0,0,0,0,0,0,0,0,0,0,0,0,0,0,0,0,0,0,0,0,0,0,0,0,0,0,0,0,0,0,0,0,0,0,0,0,1583.5,2046.9,60.90384615,78.72692308,115,55,5,5
31,3,A,N,2,90.1,1874,6,59,42,35,23,45,1.5,0,4,0,90,2106,50,90,115.8,112.8,102.8,103.3,107.3,110.4,113.4,111.3,99.9,100.8,116.1,113.7,89,83.2,96.3,115.8,122.3,118.3,107.4,90.4,62.2,63.4,79.8,103.7,115.3,124,117.1,99.6,110,124.1,125.3,123.7,118.9,109.1,88.7,65.6,47.6,34,36.7,36.8,38.7,48.3,65.1,80.4,96.3,115.3,114.6,101.3,75.7,81.2,91.5,94.6,102.6,94.2,77.9,75.7,76.5,76.7,77.2,77.4,77.6,77.8,77.9,80.1,78.7,82.4,67.6,35.1,19.7,40.8,60.2,79.1,96.5,109.2,117.1,122.7,123.1,122,116.1,104.2,92.5,75.7,51.1,34.7,41.6,64.3,74.8,81.4,87.3,90.7,57.3,55.7,46.4,58.1,58.1,53,40.5,26,14,33.5,56.4,64.7,60,44.9,34.6,41.4,46.9,45.7,51.8,61.6,56,37.3,13.8,15.9,26.8,37.7,34.5,12,23.1,39.8,41.2,38.4,30.3,25,32,57.2,87.6,113.8,125.1,116.4,96,68.3,40.5,15.5,11.7,39.1,52.6,52.7,36.3,23.8,22.4,23.5,40.6,42.9,32.2,25.3,21.5,19.2,17.7,16.9,16.1,15.7,15.4,17.2,18.5,28.7,40.9,59.7,76.8,90.7,84.6,74.5,61.5,49.8,42.5,35.8,35.7,44.3,51.5,61.7,78.5,89.7,82.1,69.6,48.7,25.4,15.7,10.2,2.6,2.6,TT,O,,2021,1,2,3/29/2008,20.7991121,21.86842795,20.73562003,27.53246753,0,0,0,0,0,110.4,113.4,111.3,99.9,100.8,116.1,113.7,89,83.2,96.3,115.8,122.3,118.3,107.4,90.4,62.2,63.4,79.8,103.7,115.3,124,117.1,99.6,110,124.1,125.3,123.7,118.9,109.1,88.7,65.6,47.6,34,36.7,36.8,38.7,48.3,65.1,80.4,96.3,115.3,114.6,101.3,75.7,81.2,91.5,94.6,102.6,94.2,77.9,75.7,76.5,76.7,77.2,77.4,77.6,77.8,77.9,80.1,78.7,82.4,67.6,35.1,19.7,40.8,60.2,79.1,96.5,109.2,117.1,122.7,123.1,122,116.1,104.2,92.5,75.7,51.1,34.7,41.6,64.3,74.8,81.4,87.3,90.7,0,0,0,0,0,53,40.5,26,14,33.5,56.4,64.7,60,44.9,34.6,41.4,46.9,45.7,51.8,61.6,56,37.3,13.8,15.9,26.8,37.7,34.5,12,23.1,39.8,41.2,38.4,30.3,25,32,57.2,87.6,113.8,125.1,116.4,96,68.3,40.5,15.5,11.7,39.1,52.6,52.7,36.3,23.8,22.4,23.5,40.6,42.9,32.2,25.3,21.5,19.2,17.7,16.9,16.1,15.7,15.4,17.2,18.5,28.7,40.9,59.7,76.8,90.7,84.6,74.5,61.5,49.8,42.5,35.8,35.7,44.3,51.5,61.7,78.5,89.7,82.1,69.6,48.7,25.4,15.7,10.2,2.6,2.6,7417.1,3684.3,87.26,43.34470588,115,55,6,6
32,3,A,S,2,90.1,1994,34,11,24,46,30,6,1.5,0,2,0,90,2106,50,90,48.5,34.7,36.5,50.7,69,65,52.4,34.1,28.1,41.1,56.2,69.7,82.4,94.7,100,97,89.3,85.9,89,89.1,72.1,55.3,52.1,62,65.3,69.5,63.9,59.6,56.1,51.7,44.4,37.6,35.1,46,64.4,81.1,91.7,100.5,103,101.7,92.6,83.6,78.8,86.6,97.9,95.4,92.6,81.7,63.7,45.3,28.2,22.6,32.4,41.5,37.3,23.6,13.8,24.8,44.8,58.1,65.3,63.7,59.9,51.6,44.6,43,40.7,39.2,42.9,53.3,63.4,75,77.3,76.7,75.8,78,88.6,99.4,113.5,121,114.7,107.6,90.8,66.5,52.8,44.7,43.4,40.3,36.2,27.2,116.3,104.8,79.3,66.7,75.2,91.4,99.9,111.9,116.4,117.7,110.2,96.1,76.8,56.2,44.5,26.5,6.9,24.5,52.8,71.6,75.3,69.8,57.9,44.1,41.3,47.7,67,85.7,105.1,120.8,128.5,126.5,119.8,114.8,110.9,104.8,92.2,78.9,73.4,62.7,56.9,58,73.9,90.8,100.7,91.4,91.1,81.3,73,74.9,88.6,105.5,121.2,130.5,125.5,108.3,86.4,65.2,50.1,54.2,70.3,83.6,91.4,100.9,109.7,114.2,121.8,127.7,130.3,132.9,129.4,124.8,108.9,90.7,71.2,45.1,18.8,11.1,30.6,52,61.6,74.5,83.1,94.9,107.5,121.7,131.1,128.4,119,104,TT,O,,2021,2,2,3/29/2008,22.13096559,21.86842795,20.73562003,27.53246753,0,0,36.5,50.7,69,65,52.4,34.1,28.1,41.1,56.2,69.7,82.4,94.7,100,97,89.3,85.9,89,89.1,72.1,55.3,52.1,62,65.3,69.5,63.9,59.6,56.1,51.7,44.4,37.6,35.1,46,64.4,81.1,91.7,100.5,103,101.7,92.6,83.6,78.8,86.6,97.9,95.4,92.6,81.7,63.7,45.3,28.2,22.6,32.4,41.5,37.3,23.6,13.8,24.8,44.8,58.1,65.3,63.7,59.9,51.6,44.6,43,40.7,39.2,42.9,53.3,63.4,75,77.3,76.7,75.8,78,88.6,99.4,113.5,121,114.7,107.6,90.8,66.5,52.8,44.7,43.4,40.3,36.2,27.2,0,0,79.3,66.7,75.2,91.4,99.9,111.9,116.4,117.7,110.2,96.1,76.8,56.2,44.5,26.5,6.9,24.5,52.8,71.6,75.3,69.8,57.9,44.1,41.3,47.7,67,85.7,105.1,120.8,128.5,126.5,119.8,114.8,110.9,104.8,92.2,78.9,73.4,62.7,56.9,58,73.9,90.8,100.7,91.4,91.1,81.3,73,74.9,88.6,105.5,121.2,130.5,125.5,108.3,86.4,65.2,50.1,54.2,70.3,83.6,91.4,100.9,109.7,114.2,121.8,127.7,130.3,132.9,129.4,124.8,108.9,90.7,71.2,45.1,18.8,11.1,30.6,52,61.6,74.5,83.1,94.9,107.5,121.7,131.1,128.4,119,104,5685.7,7570.5,64.61022727,86.02840909,55,115,3,3
33,3,A,W,2,90.1,1707,23,18,32,48,20,-7,1.5,1,1,0,90,2106,50,90,108.5,89.9,82.8,95.2,115.5,119.2,115.3,105.3,86.3,64.9,48,30.2,20.1,12.9,11.3,10.8,22.3,41.2,36.5,27.7,24.2,29.8,49.4,61.8,65.5,64.4,55.1,47.8,47.4,49.7,60.2,73.9,80.1,80.7,89.2,93.8,92.7,86.6,79.6,69,51.4,36,23,23,41.5,65.2,76.7,83,82.9,80,74.9,72.9,76.1,88.7,103.3,102.6,93.8,90.5,80.5,80.7,78.8,68.8,66.5,66.5,66.4,66.7,66,61.1,49.7,39.3,35.1,43.6,63.3,87.1,99.9,110.1,114.5,108.7,98.6,85.3,67.7,53.4,39.4,35.6,43.4,50.2,50.5,49.6,53.6,62,59.6,45.9,21.8,8.8,28.1,30.9,26.9,24.7,32.7,56.7,83.3,106.8,107.7,96.1,86.3,84.1,86.4,103.4,110.6,106,96.2,78.1,61.5,62.3,68.7,74.6,78.6,74.5,66.6,55.5,38.3,27,25.9,25.5,37.1,53.9,69.4,82.1,93.8,104.7,109.8,110.8,109,108.1,113.3,121.8,115.5,102.5,86.3,74,49.7,24.5,21,38.9,58.6,69.5,72.6,74.3,79.1,80.5,82.5,90.5,93.6,94.9,96.4,98.1,99.8,103.9,101.7,91.5,75.4,56.6,33.9,20.3,24.1,36.2,52.5,62.7,70.9,81.1,93.8,103.8,115.3,123.5,130.5,128.6,116.4,97.7,75.7,56,TT,O,,2021,3,2,3/29/2008,18.94561598,21.86842795,20.73562003,27.53246753,0,0,0,0,0,119.2,115.3,105.3,86.3,64.9,48,30.2,20.1,12.9,11.3,10.8,22.3,41.2,36.5,27.7,24.2,29.8,49.4,61.8,65.5,64.4,55.1,47.8,47.4,49.7,60.2,73.9,80.1,80.7,89.2,93.8,92.7,86.6,79.6,69,51.4,36,23,23,41.5,65.2,76.7,83,82.9,80,74.9,72.9,76.1,88.7,103.3,102.6,93.8,90.5,80.5,80.7,78.8,68.8,66.5,66.5,66.4,66.7,66,61.1,49.7,39.3,35.1,43.6,63.3,87.1,99.9,110.1,114.5,108.7,98.6,85.3,67.7,53.4,39.4,35.6,43.4,50.2,50.5,49.6,53.6,62,0,0,0,0,0,30.9,26.9,24.7,32.7,56.7,83.3,106.8,107.7,96.1,86.3,84.1,86.4,103.4,110.6,106,96.2,78.1,61.5,62.3,68.7,74.6,78.6,74.5,66.6,55.5,38.3,27,25.9,25.5,37.1,53.9,69.4,82.1,93.8,104.7,109.8,110.8,109,108.1,113.3,121.8,115.5,102.5,86.3,74,49.7,24.5,21,38.9,58.6,69.5,72.6,74.3,79.1,80.5,82.5,90.5,93.6,94.9,96.4,98.1,99.8,103.9,101.7,91.5,75.4,56.6,33.9,20.3,24.1,36.2,52.5,62.7,70.9,81.1,93.8,103.8,115.3,123.5,130.5,128.6,116.4,97.7,75.7,56,5461,6544.6,64.24705882,76.99529412,115,55,6,6
28,4,A,E,2,90.1,1993,5,57,25,38,37,64,1.5,0,4,0,90,2106,50,90,67.8,64.1,64.7,67,63.6,43.3,27.9,50.9,73,82.1,93.2,102.7,107.9,112.7,119.6,121.8,118.4,108.3,77.1,72.1,87.6,110.1,120.8,122.6,122.8,123.4,122.7,115.9,92.5,71.4,69,77.3,94.9,109.1,116.7,119.2,118.2,112.1,103.9,96.2,88.8,83.8,74.2,47.3,31.7,27.7,49.6,76.9,102.2,112.2,119.5,111.2,94.5,86.3,83.5,91.3,97.9,105.4,119.5,124.7,121.3,115.4,107.7,103.8,80.2,79.4,86.6,97,110.2,112.1,117.3,122.1,113.1,110,118.8,120.4,126.2,124.1,126.1,125.1,117.2,99.2,68.9,46.1,60.2,67.2,67.3,57,42.4,36.5,117.4,98.2,74.9,58.1,36.2,49.1,82.4,115.3,123.7,115.3,102.6,87.1,68.9,58.6,44.3,34.4,32.6,33,23.3,21.1,31.9,41.4,46,42.5,35.2,37.5,47.9,57.8,53.4,40,26.2,12.8,9.9,21.4,28.1,32.4,36.2,41.3,48.1,60.2,79.3,95.2,105.8,110,100.1,77.5,48.8,28.7,29.8,35.3,49.2,51.8,38.5,20.5,7.4,9.4,10.7,16.9,32.5,42.2,49.5,59.1,70.7,80.4,73.6,61.6,46,33.8,33.1,32.9,39.5,46.5,39.3,26.5,32.1,32.8,37.8,34.8,37.3,36.6,28.3,11,21.4,60.7,94.3,87.5,85.1,66.1,53,61.8,TT,O,,2021,4,2,4/10/2008,22.11986681,21.86842795,20.73562003,27.53246753,0,0,64.7,67,63.6,43.3,27.9,50.9,73,82.1,93.2,102.7,107.9,112.7,119.6,121.8,118.4,108.3,77.1,72.1,87.6,110.1,120.8,122.6,122.8,123.4,122.7,115.9,92.5,71.4,69,77.3,94.9,109.1,116.7,119.2,118.2,112.1,103.9,96.2,88.8,83.8,74.2,47.3,31.7,27.7,49.6,76.9,102.2,112.2,119.5,111.2,94.5,86.3,83.5,91.3,97.9,105.4,119.5,124.7,121.3,115.4,107.7,103.8,80.2,79.4,86.6,97,110.2,112.1,117.3,122.1,113.1,110,118.8,120.4,126.2,124.1,126.1,125.1,117.2,99.2,68.9,46.1,60.2,67.2,67.3,57,42.4,36.5,0,0,74.9,58.1,36.2,49.1,82.4,115.3,123.7,115.3,102.6,87.1,68.9,58.6,44.3,34.4,32.6,33,23.3,21.1,31.9,41.4,46,42.5,35.2,37.5,47.9,57.8,53.4,40,26.2,12.8,9.9,21.4,28.1,32.4,36.2,41.3,48.1,60.2,79.3,95.2,105.8,110,100.1,77.5,48.8,28.7,29.8,35.3,49.2,51.8,38.5,20.5,7.4,9.4,10.7,16.9,32.5,42.2,49.5,59.1,70.7,80.4,73.6,61.6,46,33.8,33.1,32.9,39.5,46.5,39.3,26.5,32.1,32.8,37.8,34.8,37.3,36.6,28.3,11,21.4,60.7,94.3,87.5,85.1,66.1,53,61.8,8219.8,4373.8,93.40681818,49.70227273,55,115,3,3
29,4,A,S,2,6.3,124,100,0,3,61,36,3,1.5,1,0,0,90,2106,50,6,45,35.3,40.4,44.8,36.6,18.1,0,0,0,0,0,0,0,0,0,0,0,0,0,0,0,0,0,0,0,0,0,0,0,0,0,0,0,0,0,0,0,0,0,0,0,0,0,0,0,0,0,0,0,0,0,0,0,0,0,0,0,0,0,0,0,0,0,0,0,0,0,0,0,0,0,0,0,0,0,0,0,0,0,0,0,0,0,0,0,0,0,0,0,0,115.9,105.8,108.3,115.5,121.4,105.7,0,0,0,0,0,0,0,0,0,0,0,0,0,0,0,0,0,0,0,0,0,0,0,0,0,0,0,0,0,0,0,0,0,0,0,0,0,0,0,0,0,0,0,0,0,0,0,0,0,0,0,0,0,0,0,0,0,0,0,0,0,0,0,0,0,0,0,0,0,0,0,0,0,0,0,0,0,0,0,0,0,0,0,0,TT,O,,2021,5,2,4/10/2008,19.68253968,21.86842795,20.73562003,27.53246753,0,0,40.4,44.8,36.6,18.1,0,0,0,0,0,0,0,0,0,0,0,0,0,0,0,0,0,0,0,0,0,0,0,0,0,0,0,0,0,0,0,0,0,0,0,0,0,0,0,0,0,0,0,0,0,0,0,0,0,0,0,0,0,0,0,0,0,0,0,0,0,0,0,0,0,0,0,0,0,0,0,0,0,0,0,0,0,0,0,0,0,0,0,0,0,0,108.3,115.5,121.4,105.7,0,0,0,0,0,0,0,0,0,0,0,0,0,0,0,0,0,0,0,0,0,0,0,0,0,0,0,0,0,0,0,0,0,0,0,0,0,0,0,0,0,0,0,0,0,0,0,0,0,0,0,0,0,0,0,0,0,0,0,0,0,0,0,0,0,0,0,0,0,0,0,0,0,0,0,0,0,0,0,0,0,0,0,0,139.9,450.9,34.975,112.725,55,115,3,3
30,4,A,W,2,30.8,848,15,38,29,39,32,40,1.5,2,0,0,90,2106,50,30,110.6,94.5,61.3,23.8,18.9,48.9,68.8,86.1,106.6,116.6,120.2,119.4,112.1,95.6,73,44.3,14.2,9.6,27.8,53.1,81.8,106.9,114,118.9,121,120.8,119.3,119.1,113.6,103.5,0,0,0,0,0,0,0,0,0,0,0,0,0,0,0,0,0,0,0,0,0,0,0,0,0,0,0,0,0,0,0,0,0,0,0,0,0,0,0,0,0,0,0,0,0,0,0,0,0,0,0,0,0,0,0,0,0,0,0,0,58.7,61.2,66.4,80.1,96,98.2,86.9,71,58.4,52.4,39.9,30.9,24.3,19,30.8,56.1,89.4,93.1,85.3,75.3,78.2,83.3,70.4,57.3,45.9,36.7,31.5,43.9,59.9,71.5,0,0,0,0,0,0,0,0,0,0,0,0,0,0,0,0,0,0,0,0,0,0,0,0,0,0,0,0,0,0,0,0,0,0,0,0,0,0,0,0,0,0,0,0,0,0,0,0,0,0,0,0,0,0,0,0,0,0,0,0,FS,O,,2021,6,2,4/10/2008,27.53246753,21.86842795,20.73562003,27.53246753,0,0,0,23.8,18.9,48.9,68.8,86.1,106.6,116.6,120.2,119.4,112.1,95.6,73,44.3,14.2,9.6,27.8,53.1,81.8,106.9,114,118.9,121,120.8,119.3,119.1,113.6,103.5,0,0,0,0,0,0,0,0,0,0,0,0,0,0,0,0,0,0,0,0,0,0,0,0,0,0,0,0,0,0,0,0,0,0,0,0,0,0,0,0,0,0,0,0,0,0,0,0,0,0,0,0,0,0,0,0,0,0,0,0,0,0,0,80.1,96,98.2,86.9,71,58.4,52.4,39.9,30.9,24.3,19,30.8,56.1,89.4,93.1,85.3,75.3,78.2,83.3,70.4,57.3,45.9,36.7,31.5,43.9,59.9,71.5,0,0,0,0,0,0,0,0,0,0,0,0,0,0,0,0,0,0,0,0,0,0,0,0,0,0,0,0,0,0,0,0,0,0,0,0,0,0,0,0,0,0,0,0,0,0,0,0,0,0,0,0,0,0,0,0,0,0,0,0,2257.9,1665.7,83.62592593,61.69259259,115,55,4,4
34,3,A,N,2,12,235,47,2,10,63,27,-63,1.5,2,0,0,90,2106,62,11,114.1,110.9,101.6,84.4,69.8,64.5,49.3,30.7,28.1,22.4,15.5,0,0,0,0,0,0,0,0,0,0,0,0,0,0,0,0,0,0,0,0,0,0,0,0,0,0,0,0,0,0,0,0,0,0,0,0,0,0,0,0,0,0,0,0,0,0,0,0,0,0,0,0,0,0,0,0,0,0,0,0,0,0,0,0,0,0,0,0,0,0,0,0,0,0,0,0,0,0,0,67.2,71.5,76.4,84.6,97,112.8,111.4,110,116.2,105.7,98.2,0,0,0,0,0,0,0,0,0,0,0,0,0,0,0,0,0,0,0,0,0,0,0,0,0,0,0,0,0,0,0,0,0,0,0,0,0,0,0,0,0,0,0,0,0,0,0,0,0,0,0,0,0,0,0,0,0,0,0,0,0,0,0,0,0,0,0,0,0,0,0,0,0,0,0,0,0,0,0,TT,O,,2021,1,2,3/29/2008,19.58333333,21.75375718,21.55548901,22.74509804,0,0,0,0,69.8,64.5,49.3,30.7,28.1,22.4,15.5,0,0,0,0,0,0,0,0,0,0,0,0,0,0,0,0,0,0,0,0,0,0,0,0,0,0,0,0,0,0,0,0,0,0,0,0,0,0,0,0,0,0,0,0,0,0,0,0,0,0,0,0,0,0,0,0,0,0,0,0,0,0,0,0,0,0,0,0,0,0,0,0,0,0,0,0,0,0,0,0,0,0,0,97,112.8,111.4,110,116.2,105.7,98.2,0,0,0,0,0,0,0,0,0,0,0,0,0,0,0,0,0,0,0,0,0,0,0,0,0,0,0,0,0,0,0,0,0,0,0,0,0,0,0,0,0,0,0,0,0,0,0,0,0,0,0,0,0,0,0,0,0,0,0,0,0,0,0,0,0,0,0,0,0,0,0,0,0,0,0,0,0,0,0,280.3,751.3,40.04285714,107.3285714,115,55,5,5
35,3,A,S,2,54.6,1346,27,11,41,36,23,-92,1.5,2,1,0,90,2106,62,54,60.2,66.7,78.6,94.2,100.4,93.1,90.3,91,74.7,58.1,44,32.8,32.3,44.2,41.6,35.7,17.9,34.7,41.9,46.5,30.2,35.6,57.5,72.8,92.3,103.6,107.7,103.7,95.7,78.6,68.9,45.3,17.2,16.5,38.1,61.8,86.3,88.5,79.9,65.7,48.7,37,37.9,48.4,68,87.5,92.5,85.6,72.5,45.4,42.3,38.4,25.9,10.7,0,0,0,0,0,0,0,0,0,0,0,0,0,0,0,0,0,0,0,0,0,0,0,0,0,0,0,0,0,0,0,0,0,0,0,0,105.7,91.5,67,41.7,24.2,9.6,32.7,44.2,60.1,82.4,103.5,115.7,119,111.8,89.5,84.7,77.6,54.7,47.9,45.4,72.4,90.6,88.5,75.6,70.8,70.1,71.7,58.7,47.4,28.9,28.1,46.7,73.5,82.7,78.6,84.6,85.6,82,71.6,75,97.8,119.5,125.2,120,112.8,105.3,106.6,100.5,99.6,82.7,73.9,75.8,83.2,79.9,0,0,0,0,0,0,0,0,0,0,0,0,0,0,0,0,0,0,0,0,0,0,0,0,0,0,0,0,0,0,0,0,0,0,0,0,TT,O,,2021,2,2,3/29/2008,24.65201465,21.75375718,21.55548901,22.74509804,0,0,78.6,94.2,100.4,93.1,90.3,91,74.7,58.1,44,32.8,32.3,44.2,41.6,35.7,17.9,34.7,41.9,46.5,30.2,35.6,57.5,72.8,92.3,103.6,107.7,103.7,95.7,78.6,68.9,45.3,17.2,16.5,38.1,61.8,86.3,88.5,79.9,65.7,48.7,37,37.9,48.4,68,87.5,92.5,85.6,72.5,45.4,42.3,38.4,25.9,10.7,0,0,0,0,0,0,0,0,0,0,0,0,0,0,0,0,0,0,0,0,0,0,0,0,0,0,0,0,0,0,0,0,0,0,0,0,0,0,67,41.7,24.2,9.6,32.7,44.2,60.1,82.4,103.5,115.7,119,111.8,89.5,84.7,77.6,54.7,47.9,45.4,72.4,90.6,88.5,75.6,70.8,70.1,71.7,58.7,47.4,28.9,28.1,46.7,73.5,82.7,78.6,84.6,85.6,82,71.6,75,97.8,119.5,125.2,120,112.8,105.3,106.6,100.5,99.6,82.7,73.9,75.8,83.2,79.9,0,0,0,0,0,0,0,0,0,0,0,0,0,0,0,0,0,0,0,0,0,0,0,0,0,0,0,0,0,0,0,0,0,0,0,0,3138.7,3977.6,60.35961538,76.49230769,55,115,3,3
36,3,A,W,2,65.6,1403,35,25,31,43,26,-24,1.5,1,0,0,90,2106,62,65,106.1,103.2,91.9,65.5,37.5,46.9,57.2,56.2,47.4,35.8,37.2,47.9,45.3,25.7,20.7,28.2,37.5,45.5,40.4,35.4,21.5,22.4,35.7,46.8,52.1,57.1,61.1,45.9,39,38.7,27.2,40.3,47.2,55.9,59.6,35.4,27.8,34.3,60.1,92.2,109.1,115,118.3,114.7,108.6,103,95.9,98.1,105.1,102.4,108.9,121.9,117.7,115.6,116.8,118.4,114.3,102.7,89.8,71.9,51.6,28.9,37.6,32,18.8,0,0,0,0,0,0,0,0,0,0,0,0,0,0,0,0,0,0,0,0,0,0,0,0,0,42.2,38.2,32.6,35.1,55.9,63.5,58,51.2,47.9,57,79.1,93.2,104.3,103.5,105.5,99.3,79.2,65.7,63.5,70.4,84.7,94.1,106.8,109.3,103.1,104.4,115.4,120.1,124.5,127.6,108.3,100.6,103.7,115.8,128.2,108.1,91.9,73.2,43.5,20.3,29.3,29.4,31.4,43,67.6,82.7,82.9,83.7,78.7,63.4,48,52.8,42.8,30.5,31.3,42.4,49.3,55.7,68.8,73.8,77.5,100.5,125.5,121.1,107.3,0,0,0,0,0,0,0,0,0,0,0,0,0,0,0,0,0,0,0,0,0,0,0,0,0,TT,O,,2021,3,2,3/29/2008,21.38719512,21.75375718,21.55548901,22.74509804,0,0,0,0,37.5,46.9,57.2,56.2,47.4,35.8,37.2,47.9,45.3,25.7,20.7,28.2,37.5,45.5,40.4,35.4,21.5,22.4,35.7,46.8,52.1,57.1,61.1,45.9,39,38.7,27.2,40.3,47.2,55.9,59.6,35.4,27.8,34.3,60.1,92.2,109.1,115,118.3,114.7,108.6,103,95.9,98.1,105.1,102.4,108.9,121.9,117.7,115.6,116.8,118.4,114.3,102.7,89.8,71.9,51.6,28.9,37.6,32,18.8,0,0,0,0,0,0,0,0,0,0,0,0,0,0,0,0,0,0,0,0,0,0,0,0,0,0,0,0,0,55.9,63.5,58,51.2,47.9,57,79.1,93.2,104.3,103.5,105.5,99.3,79.2,65.7,63.5,70.4,84.7,94.1,106.8,109.3,103.1,104.4,115.4,120.1,124.5,127.6,108.3,100.6,103.7,115.8,128.2,108.1,91.9,73.2,43.5,20.3,29.3,29.4,31.4,43,67.6,82.7,82.9,83.7,78.7,63.4,48,52.8,42.8,30.5,31.3,42.4,49.3,55.7,68.8,73.8,77.5,100.5,125.5,121.1,107.3,0,0,0,0,0,0,0,0,0,0,0,0,0,0,0,0,0,0,0,0,0,0,0,0,0,3862.2,4800.2,63.3147541,78.69180328,115,55,5,5
31,4,A,E,2,3.4,70,100,0,21,33,46,-17,1.5,1,0,0,90,2106,62,3,60.8,47.5,20.2,0,0,0,0,0,0,0,0,0,0,0,0,0,0,0,0,0,0,0,0,0,0,0,0,0,0,0,0,0,0,0,0,0,0,0,0,0,0,0,0,0,0,0,0,0,0,0,0,0,0,0,0,0,0,0,0,0,0,0,0,0,0,0,0,0,0,0,0,0,0,0,0,0,0,0,0,0,0,0,0,0,0,0,0,0,0,0,126.3,118.9,102.9,0,0,0,0,0,0,0,0,0,0,0,0,0,0,0,0,0,0,0,0,0,0,0,0,0,0,0,0,0,0,0,0,0,0,0,0,0,0,0,0,0,0,0,0,0,0,0,0,0,0,0,0,0,0,0,0,0,0,0,0,0,0,0,0,0,0,0,0,0,0,0,0,0,0,0,0,0,0,0,0,0,0,0,0,0,0,0,TT,O,,2021,4,2,4/10/2008,20.58823529,21.75375718,21.55548901,22.74509804,0,0,0,0,0,0,0,0,0,0,0,0,0,0,0,0,0,0,0,0,0,0,0,0,0,0,0,0,0,0,0,0,0,0,0,0,0,0,0,0,0,0,0,0,0,0,0,0,0,0,0,0,0,0,0,0,0,0,0,0,0,0,0,0,0,0,0,0,0,0,0,0,0,0,0,0,0,0,0,0,0,0,0,0,0,0,0,0,0,0,0,0,0,0,0,0,0,0,0,0,0,0,0,0,0,0,0,0,0,0,0,0,0,0,0,0,0,0,0,0,0,0,0,0,0,0,0,0,0,0,0,0,0,0,0,0,0,0,0,0,0,0,0,0,0,0,0,0,0,0,0,0,0,0,0,0,0,0,0,0,0,0,0,0,0,0,0,0,0,0,0,0,0,0,0,0,0,0,0,0,0,0,0,0,55,115,3,3
32,4,A,S,2,60,1294,36,19,51,27,22,-57,1.5,3,0,0,90,2106,62,59,55.6,43.2,25.4,20.1,16.1,37,61,78,73.9,69.7,68.8,74.3,75.2,75.7,60.9,49,39.6,36.8,39.2,34.4,34,41.4,53.8,53.4,40.8,22.6,20.3,21.3,41.5,55.3,58.4,54.4,41,20.2,21.4,47.1,56.5,51.7,44.7,42.2,34.6,39.1,47,58.8,56.5,55.8,59,79.4,103.2,113.8,121.1,119.3,111.8,111.6,107,101.7,89.6,72.6,45.2,0,0,0,0,0,0,0,0,0,0,0,0,0,0,0,0,0,0,0,0,0,0,0,0,0,0,0,0,0,0,0,104,85.8,75.5,71.2,76.3,66.5,49.2,37.8,25.7,20.3,25.9,30.1,37.2,34,49.9,79.4,101.6,119.2,127.4,122.7,116.8,113.3,120.1,121.3,114.9,108.1,107.7,92,77.8,66.9,60.3,43.2,48.7,70.1,77.3,75.5,63.5,58.4,63.7,70.7,78,103.2,116.6,118.2,115.6,104.6,81.4,67.3,72.2,65.7,56.1,47.5,28.6,25.9,38.2,56.4,63.9,74,71.9,0,0,0,0,0,0,0,0,0,0,0,0,0,0,0,0,0,0,0,0,0,0,0,0,0,0,0,0,0,0,0,TT,O,,2021,5,2,4/10/2008,21.56666667,21.75375718,21.55548901,22.74509804,0,0,25.4,20.1,16.1,37,61,78,73.9,69.7,68.8,74.3,75.2,75.7,60.9,49,39.6,36.8,39.2,34.4,34,41.4,53.8,53.4,40.8,22.6,20.3,21.3,41.5,55.3,58.4,54.4,41,20.2,21.4,47.1,56.5,51.7,44.7,42.2,34.6,39.1,47,58.8,56.5,55.8,59,79.4,103.2,113.8,121.1,119.3,111.8,111.6,107,101.7,89.6,72.6,45.2,0,0,0,0,0,0,0,0,0,0,0,0,0,0,0,0,0,0,0,0,0,0,0,0,0,0,0,0,0,0,0,0,0,75.5,71.2,76.3,66.5,49.2,37.8,25.7,20.3,25.9,30.1,37.2,34,49.9,79.4,101.6,119.2,127.4,122.7,116.8,113.3,120.1,121.3,114.9,108.1,107.7,92,77.8,66.9,60.3,43.2,48.7,70.1,77.3,75.5,63.5,58.4,63.7,70.7,78,103.2,116.6,118.2,115.6,104.6,81.4,67.3,72.2,65.7,56.1,47.5,28.6,25.9,38.2,56.4,63.9,74,71.9,0,0,0,0,0,0,0,0,0,0,0,0,0,0,0,0,0,0,0,0,0,0,0,0,0,0,0,0,0,0,0,3284.2,4205.5,57.61754386,73.78070175,55,115,3,3
33,4,A,W,2,30.6,696,20,19,40,44,16,5,1.5,0,0,0,90,2106,62,30,111.9,102.8,89.9,79.9,84.4,86.3,87.8,66.1,69.4,81.6,79.9,62.5,44.6,49.4,75.3,89,92.8,85.4,62.5,38.8,30.4,26.9,28.5,34.3,26,16.7,35.5,51,73,95.3,0,0,0,0,0,0,0,0,0,0,0,0,0,0,0,0,0,0,0,0,0,0,0,0,0,0,0,0,0,0,0,0,0,0,0,0,0,0,0,0,0,0,0,0,0,0,0,0,0,0,0,0,0,0,0,0,0,0,0,0,46.4,42.2,41.4,45.3,38.5,39.5,50.3,68.9,88.2,93.7,88.1,71.6,53.7,53.3,77.2,93.8,107.3,103.7,100.5,111,115.6,110.3,94.5,66.3,66.7,73.9,54.4,39.6,21.1,10.5,0,0,0,0,0,0,0,0,0,0,0,0,0,0,0,0,0,0,0,0,0,0,0,0,0,0,0,0,0,0,0,0,0,0,0,0,0,0,0,0,0,0,0,0,0,0,0,0,0,0,0,0,0,0,0,0,0,0,0,0,FS,O,,2021,6,2,4/10/2008,22.74509804,21.75375718,21.55548901,22.74509804,0,0,0,0,84.4,86.3,87.8,66.1,69.4,81.6,79.9,62.5,44.6,49.4,75.3,89,92.8,85.4,62.5,38.8,30.4,26.9,28.5,34.3,26,16.7,35.5,51,73,95.3,0,0,0,0,0,0,0,0,0,0,0,0,0,0,0,0,0,0,0,0,0,0,0,0,0,0,0,0,0,0,0,0,0,0,0,0,0,0,0,0,0,0,0,0,0,0,0,0,0,0,0,0,0,0,0,0,0,0,0,0,0,0,0,0,38.5,39.5,50.3,68.9,88.2,93.7,88.1,71.6,53.7,53.3,77.2,93.8,107.3,103.7,100.5,111,115.6,110.3,94.5,66.3,66.7,73.9,54.4,39.6,21.1,10.5,0,0,0,0,0,0,0,0,0,0,0,0,0,0,0,0,0,0,0,0,0,0,0,0,0,0,0,0,0,0,0,0,0,0,0,0,0,0,0,0,0,0,0,0,0,0,0,0,0,0,0,0,0,0,0,0,0,0,0,0,1573.4,1892.2,60.51538462,72.77692308,115,55,5,5
1,3,B,N,2,90.1,1056,57,21,29,55,16,32,1.5,1,2,0,90,2106,73,90,115.5,112.5,110.5,108.2,106.6,105,103.2,96.8,88.3,62,50.7,70.7,86.7,93.6,94.7,83.1,63.5,39.1,13.3,21.5,37.6,31.1,30,29.2,29,28.3,28.3,28,28.1,28.5,29.7,30.6,32.4,33.5,33.1,31.1,31.4,31.7,32.1,32.5,32.5,33,33.6,34,34.4,35,37.2,48.9,49.4,50.4,54.7,66.1,75.6,79.3,82.7,69.9,58.6,52.8,52.6,50.1,47.6,45.8,46.3,43.5,42.9,42.8,42.9,43,42.9,43.4,43.4,43.6,43.9,44.6,44.6,43.5,42.2,40.7,39.5,38.7,34.4,22.1,11.8,22.3,39.1,53.3,59.3,63.8,61.1,50.4,60.2,57.9,55.7,53.3,51.3,49.7,47.2,40.3,32.6,35.9,75.1,88.7,85.2,77.3,70.9,50.6,37.8,51.3,80.4,105.8,123.4,115.7,114.2,113.2,112.6,111.6,111.2,110.5,110.4,110.3,111.4,112,113.9,114.7,113.4,110,109.7,109.7,109.7,109.5,109,109.5,109.7,109.6,109.8,110.2,111.6,114.8,99.1,79.6,57.6,33.5,17.7,13.2,14.8,35.3,53.4,65.3,68.7,76.8,85.1,92.8,96,104.8,107.5,109.3,110.3,112.3,114.2,116.1,118.2,120.6,121.5,122.9,123.9,123.1,121.7,120.5,119,117.8,116.6,102.6,87.2,68.3,55.4,43.4,34.4,27.7,30.5,48.4,TT,O,,2021,1,2,3/29/2008,11.72031077,16.24741486,15.07722571,22.09836066,0,0,0,0,0,0,0,96.8,88.3,62,50.7,70.7,86.7,93.6,94.7,83.1,63.5,39.1,13.3,21.5,37.6,31.1,30,29.2,29,28.3,28.3,28,28.1,28.5,29.7,30.6,32.4,33.5,33.1,31.1,31.4,31.7,32.1,32.5,32.5,33,33.6,34,34.4,35,37.2,48.9,49.4,50.4,54.7,66.1,75.6,79.3,82.7,69.9,58.6,52.8,52.6,50.1,47.6,45.8,46.3,43.5,42.9,42.8,42.9,43,42.9,43.4,43.4,43.6,43.9,44.6,44.6,43.5,42.2,40.7,39.5,38.7,34.4,22.1,11.8,22.3,39.1,53.3,59.3,63.8,61.1,50.4,0,0,0,0,0,0,0,40.3,32.6,35.9,75.1,88.7,85.2,77.3,70.9,50.6,37.8,51.3,80.4,105.8,123.4,115.7,114.2,113.2,112.6,111.6,111.2,110.5,110.4,110.3,111.4,112,113.9,114.7,113.4,110,109.7,109.7,109.7,109.5,109,109.5,109.7,109.6,109.8,110.2,111.6,114.8,99.1,79.6,57.6,33.5,17.7,13.2,14.8,35.3,53.4,65.3,68.7,76.8,85.1,92.8,96,104.8,107.5,109.3,110.3,112.3,114.2,116.1,118.2,120.6,121.5,122.9,123.9,123.1,121.7,120.5,119,117.8,116.6,102.6,87.2,68.3,55.4,43.4,34.4,27.7,30.5,48.4,3794.4,7450.3,45.71566265,89.7626506,115,55,8,8
2,3,B,S,2,45.6,693,14,28,25,45,30,-3,1.5,1,0,0,90,2106,73,45,51.7,42.2,28.5,21.3,40.1,64.4,69,74.7,61.9,40.4,34.5,51.6,74.6,87.9,100.9,108.1,113,116.9,118.6,117.9,116.2,112.4,104.1,100.3,98.2,95.7,94.8,94.2,92.9,92.2,91.8,92.2,92.3,92.5,91.8,91.8,91.9,91.6,91.7,91.2,91.4,75,58.9,37.3,11.4,0,0,0,0,0,0,0,0,0,0,0,0,0,0,0,0,0,0,0,0,0,0,0,0,0,0,0,0,0,0,0,0,0,0,0,0,0,0,0,0,0,0,0,0,0,114.2,110.7,97.6,77.9,50.1,26.4,22.7,21.7,34.3,49.9,71.8,95.2,104.8,101.9,94.5,84.2,75.4,66.5,57.9,52,39.1,29.8,15.4,16.9,22.6,31.8,36.3,37.7,44.8,51.8,58.4,62.7,66.4,69.6,72,74.7,76.9,79,80.9,82.5,83.9,77.2,72.8,72.3,82.4,0,0,0,0,0,0,0,0,0,0,0,0,0,0,0,0,0,0,0,0,0,0,0,0,0,0,0,0,0,0,0,0,0,0,0,0,0,0,0,0,0,0,0,0,0,TT,O,,2021,2,2,3/29/2008,15.19736842,16.24741486,15.07722571,22.09836066,0,0,0,21.3,40.1,64.4,69,74.7,61.9,40.4,34.5,51.6,74.6,87.9,100.9,108.1,113,116.9,118.6,117.9,116.2,112.4,104.1,100.3,98.2,95.7,94.8,94.2,92.9,92.2,91.8,92.2,92.3,92.5,91.8,91.8,91.9,91.6,91.7,91.2,91.4,75,58.9,37.3,11.4,0,0,0,0,0,0,0,0,0,0,0,0,0,0,0,0,0,0,0,0,0,0,0,0,0,0,0,0,0,0,0,0,0,0,0,0,0,0,0,0,0,0,0,0,0,0,0,0,77.9,50.1,26.4,22.7,21.7,34.3,49.9,71.8,95.2,104.8,101.9,94.5,84.2,75.4,66.5,57.9,52,39.1,29.8,15.4,16.9,22.6,31.8,36.3,37.7,44.8,51.8,58.4,62.7,66.4,69.6,72,74.7,76.9,79,80.9,82.5,83.9,77.2,72.8,72.3,82.4,0,0,0,0,0,0,0,0,0,0,0,0,0,0,0,0,0,0,0,0,0,0,0,0,0,0,0,0,0,0,0,0,0,0,0,0,0,0,0,0,0,0,0,0,0,3489.6,2525.1,83.08571429,60.12142857,55,115,4,4
3,3,B,W,2,66.6,792,3,28,19,34,47,16,1.5,1,1,0,90,2106,73,66,109,103.8,80.5,50.3,31,35.7,64.1,84.8,90.5,94,94.5,95.3,96.2,97.5,98.8,100.1,101.2,101.6,102.2,102.6,103.2,104.4,104.7,105.8,106.4,107.4,108.6,109.4,110.5,111.3,112.2,112.7,111.8,111.1,110.8,110.3,111.3,111.7,112,112.4,113,112.9,113.7,114.3,114.8,115.4,115.8,116.2,116.4,114.9,112.2,110.4,98.9,77,55.2,41.2,54.6,70.6,71.1,68,66.6,70.2,75.5,74.7,57.2,25.7,0,0,0,0,0,0,0,0,0,0,0,0,0,0,0,0,0,0,0,0,0,0,0,0,53.1,53.7,47.7,48,60.8,84.4,110.7,119.6,113.5,109.8,107.5,104.8,102.8,101.3,100.3,99.5,98.3,95.6,92.5,89.9,88.2,86.5,84.4,83.6,82.3,81.4,81.7,80,78.8,77.1,75.5,73.6,70.2,67.2,64.7,63.1,63.1,62.4,61.8,60.3,58.9,57.4,58.5,58.7,58.3,57.7,57,56.4,55.1,49.5,44.2,34.3,15.6,16,40.3,72.1,109.6,126.7,122.5,102.1,75,45.6,22.6,22.6,45.5,68.4,0,0,0,0,0,0,0,0,0,0,0,0,0,0,0,0,0,0,0,0,0,0,0,0,TT,O,,2021,3,2,3/29/2008,11.89189189,16.24741486,15.07722571,22.09836066,0,0,0,0,0,0,0,84.8,90.5,94,94.5,95.3,96.2,97.5,98.8,100.1,101.2,101.6,102.2,102.6,103.2,104.4,104.7,105.8,106.4,107.4,108.6,109.4,110.5,111.3,112.2,112.7,111.8,111.1,110.8,110.3,111.3,111.7,112,112.4,113,112.9,113.7,114.3,114.8,115.4,115.8,116.2,116.4,114.9,112.2,110.4,98.9,77,55.2,41.2,54.6,70.6,71.1,68,66.6,70.2,75.5,74.7,57.2,25.7,0,0,0,0,0,0,0,0,0,0,0,0,0,0,0,0,0,0,0,0,0,0,0,0,0,0,0,0,0,0,0,119.6,113.5,109.8,107.5,104.8,102.8,101.3,100.3,99.5,98.3,95.6,92.5,89.9,88.2,86.5,84.4,83.6,82.3,81.4,81.7,80,78.8,77.1,75.5,73.6,70.2,67.2,64.7,63.1,63.1,62.4,61.8,60.3,58.9,57.4,58.5,58.7,58.3,57.7,57,56.4,55.1,49.5,44.2,34.3,15.6,16,40.3,72.1,109.6,126.7,122.5,102.1,75,45.6,22.6,22.6,45.5,68.4,0,0,0,0,0,0,0,0,0,0,0,0,0,0,0,0,0,0,0,0,0,0,0,0,5723.8,4351.9,97.01355932,73.76101695,115,55,8,8
1,4,B,E,2,90.1,1235,10,27,31,28,41,29,1.5,0,1,0,90,2106,73,90,66,58,52.7,49.6,47.8,47.4,44.1,43.6,43.7,45.5,47.4,48,48.2,48.6,49.1,51.6,57.7,59.8,61.3,67.5,70.7,57.6,40.9,19.1,35.2,50.6,57.7,64.9,68.3,69.3,69.8,70.5,71.4,73.2,74.6,75.5,78.3,80.1,80.6,79.4,75.4,67.4,60.6,44.3,27.4,30.3,49.7,66.2,70.8,72.2,71.6,55.3,42.7,31.2,36.3,59.1,83.5,104.7,111.6,115.4,121.8,123.7,123.3,119.6,116.7,114.2,112,110.6,109.5,109.4,94.7,72.1,57.5,68.4,90.1,101.5,103.1,103.6,104.4,105.6,106.5,107.3,107.4,105.4,102.1,95.2,92.6,96.6,101.2,104.9,125.1,115.5,108.3,103,99.3,96.8,88.6,84.7,83,84.4,86.3,85.3,83.1,81.2,80.1,81.3,80.8,65.5,51.2,29,25,49.4,71.5,100.2,123.8,134.7,134.7,133.1,131.5,129.1,127,125.8,125.3,125.7,126.1,125.6,124.5,124.1,123.7,121.6,113.4,104.7,97.3,79.5,67.1,76.7,92,107,106.7,107.2,109.2,106.8,96,81.9,54.8,30.3,7.3,16.1,23.3,27.6,36.6,40,40.4,36.7,34.6,33,31,29.7,28.4,29.1,18,19.6,50,77.7,97.7,98.8,94.2,90.5,87.1,84.7,82.8,80.7,78.5,77.7,75.8,62.7,46,33.6,29.3,29.5,TT,O,,2021,4,2,4/10/2008,13.70699223,16.24741486,15.07722571,22.09836066,0,0,0,49.6,47.8,47.4,44.1,43.6,43.7,45.5,47.4,48,48.2,48.6,49.1,51.6,57.7,59.8,61.3,67.5,70.7,57.6,40.9,19.1,35.2,50.6,57.7,64.9,68.3,69.3,69.8,70.5,71.4,73.2,74.6,75.5,78.3,80.1,80.6,79.4,75.4,67.4,60.6,44.3,27.4,30.3,49.7,66.2,70.8,72.2,71.6,55.3,42.7,31.2,36.3,59.1,83.5,104.7,111.6,115.4,121.8,123.7,123.3,119.6,116.7,114.2,112,110.6,109.5,109.4,94.7,72.1,57.5,68.4,90.1,101.5,103.1,103.6,104.4,105.6,106.5,107.3,107.4,105.4,102.1,95.2,92.6,96.6,101.2,104.9,0,0,0,103,99.3,96.8,88.6,84.7,83,84.4,86.3,85.3,83.1,81.2,80.1,81.3,80.8,65.5,51.2,29,25,49.4,71.5,100.2,123.8,134.7,134.7,133.1,131.5,129.1,127,125.8,125.3,125.7,126.1,125.6,124.5,124.1,123.7,121.6,113.4,104.7,97.3,79.5,67.1,76.7,92,107,106.7,107.2,109.2,106.8,96,81.9,54.8,30.3,7.3,16.1,23.3,27.6,36.6,40,40.4,36.7,34.6,33,31,29.7,28.4,29.1,18,19.6,50,77.7,97.7,98.8,94.2,90.5,87.1,84.7,82.8,80.7,78.5,77.7,75.8,62.7,46,33.6,29.3,29.5,6505.3,6805.3,74.77356322,78.22183908,55,115,4,4
2,4,B,S,2,23,526,27,31,7,59,34,38,1.5,1,0,0,90,2106,73,22,50.4,39.7,24.5,19.2,35,58.5,79.7,101.5,117.2,121.1,120.8,123.1,120.1,110.3,97,86.1,80.6,82.5,84.8,76.4,52.7,33,0,0,0,0,0,0,0,0,0,0,0,0,0,0,0,0,0,0,0,0,0,0,0,0,0,0,0,0,0,0,0,0,0,0,0,0,0,0,0,0,0,0,0,0,0,0,0,0,0,0,0,0,0,0,0,0,0,0,0,0,0,0,0,0,0,0,0,0,114,114.6,110.1,103.4,95.9,88.7,79.1,71.2,62.9,52.9,45.4,39.1,31.6,22.6,28.1,49.3,76.7,89,97.5,102,98.1,94.2,0,0,0,0,0,0,0,0,0,0,0,0,0,0,0,0,0,0,0,0,0,0,0,0,0,0,0,0,0,0,0,0,0,0,0,0,0,0,0,0,0,0,0,0,0,0,0,0,0,0,0,0,0,0,0,0,0,0,0,0,0,0,0,0,0,0,0,0,TT,O,,2021,5,2,4/10/2008,22.86956522,16.24741486,15.07722571,22.09836066,0,0,0,19.2,35,58.5,79.7,101.5,117.2,121.1,120.8,123.1,120.1,110.3,97,86.1,80.6,82.5,84.8,76.4,52.7,33,0,0,0,0,0,0,0,0,0,0,0,0,0,0,0,0,0,0,0,0,0,0,0,0,0,0,0,0,0,0,0,0,0,0,0,0,0,0,0,0,0,0,0,0,0,0,0,0,0,0,0,0,0,0,0,0,0,0,0,0,0,0,0,0,0,0,0,0,0,0,0,103.4,95.9,88.7,79.1,71.2,62.9,52.9,45.4,39.1,31.6,22.6,28.1,49.3,76.7,89,97.5,102,98.1,94.2,0,0,0,0,0,0,0,0,0,0,0,0,0,0,0,0,0,0,0,0,0,0,0,0,0,0,0,0,0,0,0,0,0,0,0,0,0,0,0,0,0,0,0,0,0,0,0,0,0,0,0,0,0,0,0,0,0,0,0,0,0,0,0,0,0,0,0,0,1599.6,1327.7,84.18947368,69.87894737,55,115,4,4
3,4,B,W,2,30.5,674,21,4,31,35,34,17,1.5,2,0,0,90,2106,73,30,116.7,112.4,104.9,98,71.1,51.5,14.7,21.6,46.3,65.4,68.7,67,62.8,56.6,53.5,59.2,72.5,78.7,83.6,83.3,79.2,63.2,44.7,24.3,8.2,30.5,60.4,88.4,108.3,110.1,0,0,0,0,0,0,0,0,0,0,0,0,0,0,0,0,0,0,0,0,0,0,0,0,0,0,0,0,0,0,0,0,0,0,0,0,0,0,0,0,0,0,0,0,0,0,0,0,0,0,0,0,0,0,0,0,0,0,0,0,58.4,56.2,54.1,55,61.5,71.7,91.3,105.2,113.7,114.3,102.7,90.6,79.6,62.1,40.6,38.4,66,85.8,97.2,103.9,106,109.9,109.3,104.8,91.8,77,71.1,77.4,81.4,75.1,0,0,0,0,0,0,0,0,0,0,0,0,0,0,0,0,0,0,0,0,0,0,0,0,0,0,0,0,0,0,0,0,0,0,0,0,0,0,0,0,0,0,0,0,0,0,0,0,0,0,0,0,0,0,0,0,0,0,0,0,FS,O,,2021,6,2,4/10/2008,22.09836066,16.24741486,15.07722571,22.09836066,0,0,0,0,71.1,51.5,14.7,21.6,46.3,65.4,68.7,67,62.8,56.6,53.5,59.2,72.5,78.7,83.6,83.3,79.2,63.2,44.7,24.3,8.2,30.5,60.4,88.4,108.3,110.1,0,0,0,0,0,0,0,0,0,0,0,0,0,0,0,0,0,0,0,0,0,0,0,0,0,0,0,0,0,0,0,0,0,0,0,0,0,0,0,0,0,0,0,0,0,0,0,0,0,0,0,0,0,0,0,0,0,0,0,0,0,0,0,0,61.5,71.7,91.3,105.2,113.7,114.3,102.7,90.6,79.6,62.1,40.6,38.4,66,85.8,97.2,103.9,106,109.9,109.3,104.8,91.8,77,71.1,77.4,81.4,75.1,0,0,0,0,0,0,0,0,0,0,0,0,0,0,0,0,0,0,0,0,0,0,0,0,0,0,0,0,0,0,0,0,0,0,0,0,0,0,0,0,0,0,0,0,0,0,0,0,0,0,0,0,0,0,0,0,0,0,0,0,1573.8,2228.4,60.53076923,85.70769231,115,55,5,5
4,3,B,N,2,19.1,528,48,34,52,41,7,8,1.5,0,1,0,90,2106,77,19,106.1,85.1,82,102.2,100.3,84.7,57.8,37.6,27.4,36.5,34.5,29.7,31.1,30.6,32,37.4,45.2,41.4,20,0,0,0,0,0,0,0,0,0,0,0,0,0,0,0,0,0,0,0,0,0,0,0,0,0,0,0,0,0,0,0,0,0,0,0,0,0,0,0,0,0,0,0,0,0,0,0,0,0,0,0,0,0,0,0,0,0,0,0,0,0,0,0,0,0,0,0,0,0,0,0,58.6,36.2,14.4,21.9,15.1,8.8,35.5,67.9,99.8,123.4,117.7,96.3,69.2,60.2,69.5,80.6,103.4,115.4,105.5,0,0,0,0,0,0,0,0,0,0,0,0,0,0,0,0,0,0,0,0,0,0,0,0,0,0,0,0,0,0,0,0,0,0,0,0,0,0,0,0,0,0,0,0,0,0,0,0,0,0,0,0,0,0,0,0,0,0,0,0,0,0,0,0,0,0,0,0,0,0,0,TT,O,,2021,1,2,3/29/2008,27.64397906,26.23161194,26.86754472,23.05194805,0,0,0,102.2,100.3,84.7,57.8,37.6,27.4,36.5,34.5,29.7,31.1,30.6,32,37.4,45.2,41.4,20,0,0,0,0,0,0,0,0,0,0,0,0,0,0,0,0,0,0,0,0,0,0,0,0,0,0,0,0,0,0,0,0,0,0,0,0,0,0,0,0,0,0,0,0,0,0,0,0,0,0,0,0,0,0,0,0,0,0,0,0,0,0,0,0,0,0,0,0,0,0,0,0,0,0,21.9,15.1,8.8,35.5,67.9,99.8,123.4,117.7,96.3,69.2,60.2,69.5,80.6,103.4,115.4,105.5,0,0,0,0,0,0,0,0,0,0,0,0,0,0,0,0,0,0,0,0,0,0,0,0,0,0,0,0,0,0,0,0,0,0,0,0,0,0,0,0,0,0,0,0,0,0,0,0,0,0,0,0,0,0,0,0,0,0,0,0,0,0,0,0,0,0,0,0,0,0,0,748.4,1190.2,46.775,74.3875,115,55,4,4
5,3,B,S,2,25.9,735,34,11,29,56,15,-68,1.5,1,1,0,90,2106,77,25,55.5,45.7,36.3,41.4,53.2,60.5,51.2,29.8,22.3,45.3,63.6,75.2,87.2,84.2,78.3,83,92.2,96.2,93,75.3,53.5,37.4,42.2,31.1,20.6,0,0,0,0,0,0,0,0,0,0,0,0,0,0,0,0,0,0,0,0,0,0,0,0,0,0,0,0,0,0,0,0,0,0,0,0,0,0,0,0,0,0,0,0,0,0,0,0,0,0,0,0,0,0,0,0,0,0,0,0,0,0,0,0,0,91.4,65.3,54.8,67.5,86.2,105.7,114.8,109.6,108.7,107.7,95.2,93.1,91.5,68.9,35.1,12.3,35.8,57.6,72.3,82.9,93.5,109.7,128.9,116.9,96.4,0,0,0,0,0,0,0,0,0,0,0,0,0,0,0,0,0,0,0,0,0,0,0,0,0,0,0,0,0,0,0,0,0,0,0,0,0,0,0,0,0,0,0,0,0,0,0,0,0,0,0,0,0,0,0,0,0,0,0,0,0,0,0,0,0,TT,O,,2021,2,2,3/29/2008,28.37837838,26.23161194,26.86754472,23.05194805,0,45.7,36.3,41.4,53.2,60.5,51.2,29.8,22.3,45.3,63.6,75.2,87.2,84.2,78.3,83,92.2,96.2,93,75.3,53.5,37.4,42.2,31.1,20.6,0,0,0,0,0,0,0,0,0,0,0,0,0,0,0,0,0,0,0,0,0,0,0,0,0,0,0,0,0,0,0,0,0,0,0,0,0,0,0,0,0,0,0,0,0,0,0,0,0,0,0,0,0,0,0,0,0,0,0,0,0,0,0,0,0,0,65.3,54.8,67.5,86.2,105.7,114.8,109.6,108.7,107.7,95.2,93.1,91.5,68.9,35.1,12.3,35.8,57.6,72.3,82.9,93.5,109.7,128.9,116.9,96.4,0,0,0,0,0,0,0,0,0,0,0,0,0,0,0,0,0,0,0,0,0,0,0,0,0,0,0,0,0,0,0,0,0,0,0,0,0,0,0,0,0,0,0,0,0,0,0,0,0,0,0,0,0,0,0,0,0,0,0,0,0,0,0,0,0,1398.7,2010.4,58.27916667,83.76666667,55,115,2,2
6,3,B,W,2,39.9,983,36,6,36,55,9,-25,1.5,1,0,0,90,2106,77,39,105.9,90.2,61.7,50.4,78.3,79.3,71.1,57.5,37.9,47.3,46.6,37.3,35.6,41.7,25.9,18.7,21,43.8,72.3,90.5,78.4,66.3,40.6,14.8,42.6,69.1,74,69.4,50.6,41.1,57.7,51.1,37.3,29.8,40.5,47.8,34.3,30.6,29.6,0,0,0,0,0,0,0,0,0,0,0,0,0,0,0,0,0,0,0,0,0,0,0,0,0,0,0,0,0,0,0,0,0,0,0,0,0,0,0,0,0,0,0,0,0,0,0,0,0,0,0,35.6,25.4,38.5,70.4,69.5,49,35.7,41.2,68.3,95.9,90,89.9,105,104.7,95.9,104.5,102,102.6,108.2,113.5,110.7,107.7,97.7,85,72.4,63.3,43.5,38.8,52.3,82.9,95.1,84.3,76.8,91.3,107.8,109.9,103.3,108.5,102.5,0,0,0,0,0,0,0,0,0,0,0,0,0,0,0,0,0,0,0,0,0,0,0,0,0,0,0,0,0,0,0,0,0,0,0,0,0,0,0,0,0,0,0,0,0,0,0,0,0,0,0,TT,O,,2021,3,2,3/29/2008,24.63659148,26.23161194,26.86754472,23.05194805,0,0,0,50.4,78.3,79.3,71.1,57.5,37.9,47.3,46.6,37.3,35.6,41.7,25.9,18.7,21,43.8,72.3,90.5,78.4,66.3,40.6,14.8,42.6,69.1,74,69.4,50.6,41.1,57.7,51.1,37.3,29.8,40.5,47.8,34.3,30.6,29.6,0,0,0,0,0,0,0,0,0,0,0,0,0,0,0,0,0,0,0,0,0,0,0,0,0,0,0,0,0,0,0,0,0,0,0,0,0,0,0,0,0,0,0,0,0,0,0,0,0,0,0,0,0,0,70.4,69.5,49,35.7,41.2,68.3,95.9,90,89.9,105,104.7,95.9,104.5,102,102.6,108.2,113.5,110.7,107.7,97.7,85,72.4,63.3,43.5,38.8,52.3,82.9,95.1,84.3,76.8,91.3,107.8,109.9,103.3,108.5,102.5,0,0,0,0,0,0,0,0,0,0,0,0,0,0,0,0,0,0,0,0,0,0,0,0,0,0,0,0,0,0,0,0,0,0,0,0,0,0,0,0,0,0,0,0,0,0,0,0,0,0,0,1760.8,3080.1,48.91111111,85.55833333,115,55,4,4
4,4,B,E,2,51.7,1409,25,18,40,23,37,18,1.5,0,0,0,90,2106,77,51,51.6,49.6,76.4,84.7,76.9,55.6,52.1,61,70.6,78.2,73.5,71.8,49.7,26.1,32.3,64,58.7,51.6,58.7,68.9,75.7,64.8,55.1,45,44.9,45,51.5,60.5,77.1,90.5,100.9,107.7,110.6,118.5,121.5,122.2,117.8,111,103.2,95.2,82.8,62.6,49.9,45.7,42.2,38.5,31.4,34.8,50.7,56.1,43.9,0,0,0,0,0,0,0,0,0,0,0,0,0,0,0,0,0,0,0,0,0,0,0,0,0,0,0,0,0,0,0,0,0,0,0,0,0,0,0,112.5,78.3,73.6,78.9,87.9,75.8,44.8,29.8,32,20.6,17.3,23,44.9,65.1,77.3,69,57.7,51.3,37.2,29,41,66.2,91.4,115.5,132.6,132.5,129.4,121.2,114.7,102.7,86.8,70.6,59,41.9,33.9,42.5,55.5,70.3,82.9,89.6,102.1,115.6,124.6,126,113.1,86,63.4,67.5,85.1,102.5,106.3,0,0,0,0,0,0,0,0,0,0,0,0,0,0,0,0,0,0,0,0,0,0,0,0,0,0,0,0,0,0,0,0,0,0,0,0,0,0,0,TT,O,,2021,4,2,4/10/2008,27.25338491,26.23161194,26.86754472,23.05194805,0,49.6,76.4,84.7,76.9,55.6,52.1,61,70.6,78.2,73.5,71.8,49.7,26.1,32.3,64,58.7,51.6,58.7,68.9,75.7,64.8,55.1,45,44.9,45,51.5,60.5,77.1,90.5,100.9,107.7,110.6,118.5,121.5,122.2,117.8,111,103.2,95.2,82.8,62.6,49.9,45.7,42.2,38.5,31.4,34.8,50.7,56.1,43.9,0,0,0,0,0,0,0,0,0,0,0,0,0,0,0,0,0,0,0,0,0,0,0,0,0,0,0,0,0,0,0,0,0,0,0,0,0,0,0,0,78.3,73.6,78.9,87.9,75.8,44.8,29.8,32,20.6,17.3,23,44.9,65.1,77.3,69,57.7,51.3,37.2,29,41,66.2,91.4,115.5,132.6,132.5,129.4,121.2,114.7,102.7,86.8,70.6,59,41.9,33.9,42.5,55.5,70.3,82.9,89.6,102.1,115.6,124.6,126,113.1,86,63.4,67.5,85.1,102.5,106.3,0,0,0,0,0,0,0,0,0,0,0,0,0,0,0,0,0,0,0,0,0,0,0,0,0,0,0,0,0,0,0,0,0,0,0,0,0,0,0,3417.7,3765.9,68.354,75.318,55,115,2,2
5,4,B,S,2,89.8,2373,23,28,35,41,24,-72,1.5,0,1,0,90,2106,77,89,54.1,55.7,69.7,78,83.5,80.2,63.7,43.2,22,31.8,47,53.1,63.2,77.9,94.8,99.8,98,95.4,91.8,94.1,88,71.4,52.1,39.9,27.8,31.3,38.8,55.1,75.3,100.2,114.9,118,117,110.6,100.5,81.9,61,47.7,39,36.9,42.4,48.5,68.5,86,102.2,112.2,115.6,116.9,118.6,114.7,110.6,97.7,77.3,50,25.4,34.1,53.1,42.9,33.1,14.9,24.5,49.7,60.8,67.4,60.5,35.5,22.7,43.8,70.3,82.3,83.4,81.6,68.3,50.6,38.9,43.3,72,95.2,102.5,102,93.8,81.8,70,68.6,80.5,91.6,85.5,70.4,46.9,0,89.6,58.4,24.2,28.4,52.5,70.1,85.6,99.3,103.7,114.4,116,102,81.7,61.6,38.6,17.4,17.5,38.4,65.1,88.4,101.5,111,117,123.8,115.3,94.7,71.5,51.2,24.7,14.9,29,43.2,56.3,66.2,74.9,79.7,89.7,108.3,120.3,126.1,129.4,119.8,105.8,95,83.9,70.9,55.7,38.4,30.3,29.9,31.7,35.4,33.6,43.8,72.4,94.1,91.5,82.8,79.4,78.4,87.2,101.8,110.2,126.2,126.5,108.3,76.9,47.7,25.5,33.5,43.3,55.7,68.4,70.2,57.8,50.1,64.5,68.6,60.3,43.9,26.3,11.7,29.5,57.7,88.2,104.3,107.2,105.6,98.9,0,TT,O,,2021,5,2,4/10/2008,26.42538976,26.23161194,26.86754472,23.05194805,0,55.7,69.7,78,83.5,80.2,63.7,43.2,22,31.8,47,53.1,63.2,77.9,94.8,99.8,98,95.4,91.8,94.1,88,71.4,52.1,39.9,27.8,31.3,38.8,55.1,75.3,100.2,114.9,118,117,110.6,100.5,81.9,61,47.7,39,36.9,42.4,48.5,68.5,86,102.2,112.2,115.6,116.9,118.6,114.7,110.6,97.7,77.3,50,25.4,34.1,53.1,42.9,33.1,14.9,24.5,49.7,60.8,67.4,60.5,35.5,22.7,43.8,70.3,82.3,83.4,81.6,68.3,50.6,38.9,43.3,72,95.2,102.5,102,93.8,81.8,70,68.6,80.5,91.6,85.5,70.4,46.9,0,0,58.4,24.2,28.4,52.5,70.1,85.6,99.3,103.7,114.4,116,102,81.7,61.6,38.6,17.4,17.5,38.4,65.1,88.4,101.5,111,117,123.8,115.3,94.7,71.5,51.2,24.7,14.9,29,43.2,56.3,66.2,74.9,79.7,89.7,108.3,120.3,126.1,129.4,119.8,105.8,95,83.9,70.9,55.7,38.4,30.3,29.9,31.7,35.4,33.6,43.8,72.4,94.1,91.5,82.8,79.4,78.4,87.2,101.8,110.2,126.2,126.5,108.3,76.9,47.7,25.5,33.5,43.3,55.7,68.4,70.2,57.8,50.1,64.5,68.6,60.3,43.9,26.3,11.7,29.5,57.7,88.2,104.3,107.2,105.6,98.9,0,6159.4,6340.8,69.99318182,72.05454545,55,115,2,2
6,4,B,W,2,30.8,710,36,26,68,22,10,-42,1.5,2,1,0,90,2106,77,30,106,93.9,80.3,58.8,34.6,8.9,17.4,21.9,35.5,56.6,78.5,87.1,91.2,91.9,80.4,66.1,39.7,26.1,23.4,42,64,79,82.2,78.6,67.8,55.6,44.3,21.7,2.9,24.3,0,0,0,0,0,0,0,0,0,0,0,0,0,0,0,0,0,0,0,0,0,0,0,0,0,0,0,0,0,0,0,0,0,0,0,0,0,0,0,0,0,0,0,0,0,0,0,0,0,0,0,0,0,0,0,0,0,0,0,0,40.9,22.4,11.1,31.8,56.5,86,102.7,92.2,72.2,46.1,20.7,8.1,29,40.9,50.5,58.4,65,66,85.1,104.3,107.8,101.3,87.4,72,50.3,38.2,45.3,68.1,89.1,103.8,0,0,0,0,0,0,0,0,0,0,0,0,0,0,0,0,0,0,0,0,0,0,0,0,0,0,0,0,0,0,0,0,0,0,0,0,0,0,0,0,0,0,0,0,0,0,0,0,0,0,0,0,0,0,0,0,0,0,0,0,FS,O,,2021,6,2,4/10/2008,23.05194805,26.23161194,26.86754472,23.05194805,0,0,0,0,34.6,8.9,17.4,21.9,35.5,56.6,78.5,87.1,91.2,91.9,80.4,66.1,39.7,26.1,23.4,42,64,79,82.2,78.6,67.8,55.6,44.3,21.7,2.9,24.3,0,0,0,0,0,0,0,0,0,0,0,0,0,0,0,0,0,0,0,0,0,0,0,0,0,0,0,0,0,0,0,0,0,0,0,0,0,0,0,0,0,0,0,0,0,0,0,0,0,0,0,0,0,0,0,0,0,0,0,0,0,0,0,0,56.5,86,102.7,92.2,72.2,46.1,20.7,8.1,29,40.9,50.5,58.4,65,66,85.1,104.3,107.8,101.3,87.4,72,50.3,38.2,45.3,68.1,89.1,103.8,0,0,0,0,0,0,0,0,0,0,0,0,0,0,0,0,0,0,0,0,0,0,0,0,0,0,0,0,0,0,0,0,0,0,0,0,0,0,0,0,0,0,0,0,0,0,0,0,0,0,0,0,0,0,0,0,0,0,0,0,1321.7,1747,50.83461538,67.19230769,115,55,5,5
7,3,B,N,2,20.6,578,41,22,38,44,18,70,1.5,0,1,0,90,2106,78,20,114.1,108.5,92.2,63.8,32.3,14,33.5,48,45.3,29,42.8,71.6,84.2,80,64.9,46.6,42.1,46.3,39,24.7,0,0,0,0,0,0,0,0,0,0,0,0,0,0,0,0,0,0,0,0,0,0,0,0,0,0,0,0,0,0,0,0,0,0,0,0,0,0,0,0,0,0,0,0,0,0,0,0,0,0,0,0,0,0,0,0,0,0,0,0,0,0,0,0,0,0,0,0,0,0,51.8,33,11.5,25.6,57.5,91.8,118.7,132.4,133.3,112.9,100.5,93.3,80.9,60.5,41.3,44.2,64.9,77.2,98,104.8,0,0,0,0,0,0,0,0,0,0,0,0,0,0,0,0,0,0,0,0,0,0,0,0,0,0,0,0,0,0,0,0,0,0,0,0,0,0,0,0,0,0,0,0,0,0,0,0,0,0,0,0,0,0,0,0,0,0,0,0,0,0,0,0,0,0,0,0,0,0,TT,O,,2021,1,2,3/29/2008,28.05825243,24.78889461,24.53494715,26.05863192,0,0,0,0,32.3,14,33.5,48,45.3,29,42.8,71.6,84.2,80,64.9,46.6,42.1,46.3,39,24.7,0,0,0,0,0,0,0,0,0,0,0,0,0,0,0,0,0,0,0,0,0,0,0,0,0,0,0,0,0,0,0,0,0,0,0,0,0,0,0,0,0,0,0,0,0,0,0,0,0,0,0,0,0,0,0,0,0,0,0,0,0,0,0,0,0,0,0,0,0,0,0,0,0,0,57.5,91.8,118.7,132.4,133.3,112.9,100.5,93.3,80.9,60.5,41.3,44.2,64.9,77.2,98,104.8,0,0,0,0,0,0,0,0,0,0,0,0,0,0,0,0,0,0,0,0,0,0,0,0,0,0,0,0,0,0,0,0,0,0,0,0,0,0,0,0,0,0,0,0,0,0,0,0,0,0,0,0,0,0,0,0,0,0,0,0,0,0,0,0,0,0,0,0,0,0,744.3,1412.2,46.51875,88.2625,115,55,5,5
8,3,B,S,2,3.3,72,100,0,18,31,51,54,1.5,2,0,0,90,2106,78,3,48.7,32.3,12.9,0,0,0,0,0,0,0,0,0,0,0,0,0,0,0,0,0,0,0,0,0,0,0,0,0,0,0,0,0,0,0,0,0,0,0,0,0,0,0,0,0,0,0,0,0,0,0,0,0,0,0,0,0,0,0,0,0,0,0,0,0,0,0,0,0,0,0,0,0,0,0,0,0,0,0,0,0,0,0,0,0,0,0,0,0,0,0,117.2,116.2,101.8,0,0,0,0,0,0,0,0,0,0,0,0,0,0,0,0,0,0,0,0,0,0,0,0,0,0,0,0,0,0,0,0,0,0,0,0,0,0,0,0,0,0,0,0,0,0,0,0,0,0,0,0,0,0,0,0,0,0,0,0,0,0,0,0,0,0,0,0,0,0,0,0,0,0,0,0,0,0,0,0,0,0,0,0,0,0,0,TT,O,,2021,2,2,3/29/2008,21.81818182,24.78889461,24.53494715,26.05863192,0,32.3,12.9,0,0,0,0,0,0,0,0,0,0,0,0,0,0,0,0,0,0,0,0,0,0,0,0,0,0,0,0,0,0,0,0,0,0,0,0,0,0,0,0,0,0,0,0,0,0,0,0,0,0,0,0,0,0,0,0,0,0,0,0,0,0,0,0,0,0,0,0,0,0,0,0,0,0,0,0,0,0,0,0,0,0,0,0,0,0,0,0,116.2,101.8,0,0,0,0,0,0,0,0,0,0,0,0,0,0,0,0,0,0,0,0,0,0,0,0,0,0,0,0,0,0,0,0,0,0,0,0,0,0,0,0,0,0,0,0,0,0,0,0,0,0,0,0,0,0,0,0,0,0,0,0,0,0,0,0,0,0,0,0,0,0,0,0,0,0,0,0,0,0,0,0,0,0,0,0,0,0,0,45.2,218,22.6,109,55,115,2,2
9,3,B,W,2,4.5,121,27,1,47,25,28,46,1.5,0,0,0,90,2106,78,4,105.5,90.8,53.7,20.9,0,0,0,0,0,0,0,0,0,0,0,0,0,0,0,0,0,0,0,0,0,0,0,0,0,0,0,0,0,0,0,0,0,0,0,0,0,0,0,0,0,0,0,0,0,0,0,0,0,0,0,0,0,0,0,0,0,0,0,0,0,0,0,0,0,0,0,0,0,0,0,0,0,0,0,0,0,0,0,0,0,0,0,0,0,0,62,67.7,71.4,83.7,0,0,0,0,0,0,0,0,0,0,0,0,0,0,0,0,0,0,0,0,0,0,0,0,0,0,0,0,0,0,0,0,0,0,0,0,0,0,0,0,0,0,0,0,0,0,0,0,0,0,0,0,0,0,0,0,0,0,0,0,0,0,0,0,0,0,0,0,0,0,0,0,0,0,0,0,0,0,0,0,0,0,0,0,0,0,TT,O,,2021,3,2,3/29/2008,26.88888889,24.78889461,24.53494715,26.05863192,0,0,0,0,0,0,0,0,0,0,0,0,0,0,0,0,0,0,0,0,0,0,0,0,0,0,0,0,0,0,0,0,0,0,0,0,0,0,0,0,0,0,0,0,0,0,0,0,0,0,0,0,0,0,0,0,0,0,0,0,0,0,0,0,0,0,0,0,0,0,0,0,0,0,0,0,0,0,0,0,0,0,0,0,0,0,0,0,0,0,0,0,0,0,0,0,0,0,0,0,0,0,0,0,0,0,0,0,0,0,0,0,0,0,0,0,0,0,0,0,0,0,0,0,0,0,0,0,0,0,0,0,0,0,0,0,0,0,0,0,0,0,0,0,0,0,0,0,0,0,0,0,0,0,0,0,0,0,0,0,0,0,0,0,0,0,0,0,0,0,0,0,0,0,0,0,0,0,0,0,0,0,0,0,115,55,5,5
7,4,B,E,2,15.7,337,37,18,68,27,5,71,1.5,1,0,0,90,2106,78,15,66.6,63.8,62.4,61,55.5,42.6,30.1,48.2,55.1,56.4,52.2,30,17.4,24.8,23.8,0,0,0,0,0,0,0,0,0,0,0,0,0,0,0,0,0,0,0,0,0,0,0,0,0,0,0,0,0,0,0,0,0,0,0,0,0,0,0,0,0,0,0,0,0,0,0,0,0,0,0,0,0,0,0,0,0,0,0,0,0,0,0,0,0,0,0,0,0,0,0,0,0,0,0,114.8,98.3,86.1,73.7,53.2,49.6,59.6,45.8,34.7,34,39,60.7,85.9,106.2,111.6,0,0,0,0,0,0,0,0,0,0,0,0,0,0,0,0,0,0,0,0,0,0,0,0,0,0,0,0,0,0,0,0,0,0,0,0,0,0,0,0,0,0,0,0,0,0,0,0,0,0,0,0,0,0,0,0,0,0,0,0,0,0,0,0,0,0,0,0,0,0,0,0,0,0,0,TT,O,,2021,4,2,4/10/2008,21.46496815,24.78889461,24.53494715,26.05863192,0,63.8,62.4,61,55.5,42.6,30.1,48.2,55.1,56.4,52.2,30,17.4,24.8,23.8,0,0,0,0,0,0,0,0,0,0,0,0,0,0,0,0,0,0,0,0,0,0,0,0,0,0,0,0,0,0,0,0,0,0,0,0,0,0,0,0,0,0,0,0,0,0,0,0,0,0,0,0,0,0,0,0,0,0,0,0,0,0,0,0,0,0,0,0,0,0,0,0,0,0,0,0,98.3,86.1,73.7,53.2,49.6,59.6,45.8,34.7,34,39,60.7,85.9,106.2,111.6,0,0,0,0,0,0,0,0,0,0,0,0,0,0,0,0,0,0,0,0,0,0,0,0,0,0,0,0,0,0,0,0,0,0,0,0,0,0,0,0,0,0,0,0,0,0,0,0,0,0,0,0,0,0,0,0,0,0,0,0,0,0,0,0,0,0,0,0,0,0,0,0,0,0,0,623.3,938.4,44.52142857,67.02857143,55,115,2,2
8,4,B,S,2,2.7,66,100,0,3,65,32,53,1.5,0,0,0,90,2106,78,2,42.8,24.2,0,0,0,0,0,0,0,0,0,0,0,0,0,0,0,0,0,0,0,0,0,0,0,0,0,0,0,0,0,0,0,0,0,0,0,0,0,0,0,0,0,0,0,0,0,0,0,0,0,0,0,0,0,0,0,0,0,0,0,0,0,0,0,0,0,0,0,0,0,0,0,0,0,0,0,0,0,0,0,0,0,0,0,0,0,0,0,0,116.8,109.3,0,0,0,0,0,0,0,0,0,0,0,0,0,0,0,0,0,0,0,0,0,0,0,0,0,0,0,0,0,0,0,0,0,0,0,0,0,0,0,0,0,0,0,0,0,0,0,0,0,0,0,0,0,0,0,0,0,0,0,0,0,0,0,0,0,0,0,0,0,0,0,0,0,0,0,0,0,0,0,0,0,0,0,0,0,0,0,0,TT,O,,2021,5,2,4/10/2008,24.44444444,24.78889461,24.53494715,26.05863192,0,24.2,0,0,0,0,0,0,0,0,0,0,0,0,0,0,0,0,0,0,0,0,0,0,0,0,0,0,0,0,0,0,0,0,0,0,0,0,0,0,0,0,0,0,0,0,0,0,0,0,0,0,0,0,0,0,0,0,0,0,0,0,0,0,0,0,0,0,0,0,0,0,0,0,0,0,0,0,0,0,0,0,0,0,0,0,0,0,0,0,0,109.3,0,0,0,0,0,0,0,0,0,0,0,0,0,0,0,0,0,0,0,0,0,0,0,0,0,0,0,0,0,0,0,0,0,0,0,0,0,0,0,0,0,0,0,0,0,0,0,0,0,0,0,0,0,0,0,0,0,0,0,0,0,0,0,0,0,0,0,0,0,0,0,0,0,0,0,0,0,0,0,0,0,0,0,0,0,0,0,0,24.2,109.3,24.2,109.3,55,115,2,2
9,4,B,W,2,30.7,800,46,3,48,45,7,29,1.5,4,0,0,90,2106,78,30,105,86.8,72.6,66.4,49,32.6,11.1,18,19.9,11.7,25.8,29,16.4,37.6,64.5,75.8,74.5,56.4,42.3,45.6,59.7,84.4,78.6,65.4,46.7,12.3,12.9,28.5,29.2,17.3,0,0,0,0,0,0,0,0,0,0,0,0,0,0,0,0,0,0,0,0,0,0,0,0,0,0,0,0,0,0,0,0,0,0,0,0,0,0,0,0,0,0,0,0,0,0,0,0,0,0,0,0,0,0,0,0,0,0,0,0,61.6,66.4,81.4,98.6,98.9,98.4,98.7,106.9,106,94.4,99.1,107.5,82.7,55.9,40.6,50.1,59.1,66.1,54.6,53,67.8,70.3,54.9,46.9,54.8,82.5,102,116.6,117,105.8,0,0,0,0,0,0,0,0,0,0,0,0,0,0,0,0,0,0,0,0,0,0,0,0,0,0,0,0,0,0,0,0,0,0,0,0,0,0,0,0,0,0,0,0,0,0,0,0,0,0,0,0,0,0,0,0,0,0,0,0,FS,O,,2021,6,2,4/10/2008,26.05863192,24.78889461,24.53494715,26.05863192,0,0,0,66.4,49,32.6,11.1,18,19.9,11.7,25.8,29,16.4,37.6,64.5,75.8,74.5,56.4,42.3,45.6,59.7,84.4,78.6,65.4,46.7,12.3,12.9,28.5,29.2,17.3,0,0,0,0,0,0,0,0,0,0,0,0,0,0,0,0,0,0,0,0,0,0,0,0,0,0,0,0,0,0,0,0,0,0,0,0,0,0,0,0,0,0,0,0,0,0,0,0,0,0,0,0,0,0,0,0,0,0,0,0,0,0,0,98.6,98.9,98.4,98.7,106.9,106,94.4,99.1,107.5,82.7,55.9,40.6,50.1,59.1,66.1,54.6,53,67.8,70.3,54.9,46.9,54.8,82.5,102,116.6,117,105.8,0,0,0,0,0,0,0,0,0,0,0,0,0,0,0,0,0,0,0,0,0,0,0,0,0,0,0,0,0,0,0,0,0,0,0,0,0,0,0,0,0,0,0,0,0,0,0,0,0,0,0,0,0,0,0,0,0,0,0,0,1111.6,2189.2,41.17037037,81.08148148,115,55,4,4
10,3,B,N,2,69.6,1902,25,26,1,11,88,-26,1.5,1,0,0,90,2106,80,69,110.5,98.7,80.6,92.1,84.1,76.5,63.1,50.2,42,47,58.4,79.3,97.9,110,119,125.9,127,124.5,124.2,123.3,121.6,115.6,104.9,92.7,79,63,49.1,45.2,51.3,63.7,77.5,89,101.8,111.5,119.5,120.5,122.9,125.5,122.7,117,108.5,98.4,88,76,62.1,52.3,46,46.7,54.1,64.1,76,85.6,93.8,106.3,114.5,119.1,117.8,117.4,110.4,112.3,115.6,110,99.7,88.4,73.3,61.8,45,31.9,23.2,0,0,0,0,0,0,0,0,0,0,0,0,0,0,0,0,0,0,0,0,0,57.3,57.8,80.4,111.5,107.6,112.4,127.6,131.3,130.7,127.7,117,107,94,79.7,63.4,49.6,40.8,35.8,36.4,39.4,51.8,65,79.5,95.1,104.8,116.5,126.7,133.8,134.8,132.1,125.3,111,95.4,77.2,60.4,47.4,37.8,40,49.8,61.5,76.2,88.8,98.2,107.5,117.7,124.5,130.9,135.3,136.2,133.2,127.9,116.1,99.6,88.6,73.7,58,45.7,32.3,24.3,42.4,62.6,66.3,76,86.5,100.8,114.3,122,115.9,109.9,0,0,0,0,0,0,0,0,0,0,0,0,0,0,0,0,0,0,0,0,0,TT,O,,2021,1,2,3/29/2008,27.32758621,24.84137039,25.11257606,23.48534202,0,0,0,0,84.1,76.5,63.1,50.2,42,47,58.4,79.3,97.9,110,119,125.9,127,124.5,124.2,123.3,121.6,115.6,104.9,92.7,79,63,49.1,45.2,51.3,63.7,77.5,89,101.8,111.5,119.5,120.5,122.9,125.5,122.7,117,108.5,98.4,88,76,62.1,52.3,46,46.7,54.1,64.1,76,85.6,93.8,106.3,114.5,119.1,117.8,117.4,110.4,112.3,115.6,110,99.7,88.4,73.3,61.8,45,31.9,23.2,0,0,0,0,0,0,0,0,0,0,0,0,0,0,0,0,0,0,0,0,0,0,0,0,0,107.6,112.4,127.6,131.3,130.7,127.7,117,107,94,79.7,63.4,49.6,40.8,35.8,36.4,39.4,51.8,65,79.5,95.1,104.8,116.5,126.7,133.8,134.8,132.1,125.3,111,95.4,77.2,60.4,47.4,37.8,40,49.8,61.5,76.2,88.8,98.2,107.5,117.7,124.5,130.9,135.3,136.2,133.2,127.9,116.1,99.6,88.6,73.7,58,45.7,32.3,24.3,42.4,62.6,66.3,76,86.5,100.8,114.3,122,115.9,109.9,0,0,0,0,0,0,0,0,0,0,0,0,0,0,0,0,0,0,0,0,0,5744.7,5857.7,88.38,90.11846154,115,55,5,5
11,3,B,S,2,90.1,2237,28,24,18,34,48,58,1.5,0,1,0,90,2106,80,90,53.3,49.1,44.5,44.4,51.1,59.6,60.5,66.5,73.5,78.6,84.5,89.4,88.4,88.6,92.3,85.5,76.9,57.9,46.8,41.1,33.4,21.3,14.2,27.6,57,86,113.9,125.6,121.2,117.7,111.1,99.8,84.8,55.7,35.7,23.1,42.3,50,57.4,66.2,78.8,94.7,110.6,115.3,116.2,122,122.5,117.6,113.4,109,102.2,94.6,70.8,48.2,32.9,33.3,50.3,73.8,97.7,110.6,107.6,107.1,101.7,87.7,70.7,52,38.9,51,58.4,53.6,42.5,39.4,44.5,52.9,63.5,71.6,83.1,89,91.8,93.8,99.2,105.7,112.5,114.4,113,104.4,93.4,66.6,53.7,53.5,120.3,124.3,129.9,132.8,131.7,125,106.8,83.6,60.6,44.2,14.1,20.4,41.8,70.6,92.9,98.8,107,117.7,125.4,129.2,122,106.2,86.2,62.3,36.7,28,41.5,50.8,49.7,56.8,68.2,75.2,79.6,83.6,92.7,109.7,129.2,127.7,119.5,105.8,92.6,80.4,70.2,62.7,49.7,38.2,34.4,37,47.2,69.6,81.8,91.1,91.3,80.7,69.3,57.5,55.1,63.3,78.6,79.2,69.8,61.4,41.8,21.2,20.3,43.7,78.3,106.8,116.6,117.6,119.9,127,132.2,133.4,131.4,124.1,117.8,103.9,86.8,66.1,48,36.6,26.1,28.7,43.2,53.1,59.8,73.6,91.4,111.9,TT,O,,2021,2,2,3/29/2008,24.82796892,24.84137039,25.11257606,23.48534202,0,49.1,44.5,44.4,51.1,59.6,60.5,66.5,73.5,78.6,84.5,89.4,88.4,88.6,92.3,85.5,76.9,57.9,46.8,41.1,33.4,21.3,14.2,27.6,57,86,113.9,125.6,121.2,117.7,111.1,99.8,84.8,55.7,35.7,23.1,42.3,50,57.4,66.2,78.8,94.7,110.6,115.3,116.2,122,122.5,117.6,113.4,109,102.2,94.6,70.8,48.2,32.9,33.3,50.3,73.8,97.7,110.6,107.6,107.1,101.7,87.7,70.7,52,38.9,51,58.4,53.6,42.5,39.4,44.5,52.9,63.5,71.6,83.1,89,91.8,93.8,99.2,105.7,112.5,114.4,113,104.4,93.4,66.6,53.7,53.5,0,124.3,129.9,132.8,131.7,125,106.8,83.6,60.6,44.2,14.1,20.4,41.8,70.6,92.9,98.8,107,117.7,125.4,129.2,122,106.2,86.2,62.3,36.7,28,41.5,50.8,49.7,56.8,68.2,75.2,79.6,83.6,92.7,109.7,129.2,127.7,119.5,105.8,92.6,80.4,70.2,62.7,49.7,38.2,34.4,37,47.2,69.6,81.8,91.1,91.3,80.7,69.3,57.5,55.1,63.3,78.6,79.2,69.8,61.4,41.8,21.2,20.3,43.7,78.3,106.8,116.6,117.6,119.9,127,132.2,133.4,131.4,124.1,117.8,103.9,86.8,66.1,48,36.6,26.1,28.7,43.2,53.1,59.8,73.6,91.4,111.9,6754.9,7110.6,75.89775281,79.89438202,55,115,2,2
12,3,B,W,2,90.1,2207,22,24,15,29,56,61,1.5,1,1,0,90,2106,80,90,108.4,102.6,89.4,81.3,62.3,46.2,42.1,44.3,45.4,42.2,38.9,46.5,65.9,89.1,115.3,126.4,124.9,118.2,116.1,109,102.3,96.9,87.1,61.3,53.8,29.1,22.8,42.6,65.6,75,83,88.9,94.6,101.9,113.9,120.8,121.9,124,124.9,121.2,115.2,109.6,100.9,89,79.3,62.5,52.1,44.3,45.4,50.7,52.8,50.6,51.5,62.2,87.1,113,125.2,119.2,114.4,107.4,92.2,71.9,66.2,72,72,57.7,52,47.1,9.3,23.2,48.1,71.5,82.6,83.7,82.8,82.3,73.3,60.2,50.7,60.8,86.9,102.3,98.7,93.2,85.8,59.1,48.2,23.9,19.7,40.8,65.4,76.5,92.5,103.4,116.4,123.1,130,131.4,122.7,104.9,81.9,56.1,25.1,12.5,31.6,39.8,39.3,41.9,50.3,66.6,81.4,88.1,96.8,101.1,103.6,104.5,110.1,121.2,131.5,125.4,114.8,100.3,83.2,65.1,52.8,46.4,37.4,35.9,43.7,52.2,63.3,75.8,84.9,96.9,104.4,116,124.4,130.3,133.9,132.4,119.5,99,76,46.9,26.1,32.8,40,30.9,25.6,25.7,32.6,55.2,75.6,97,108.7,105.8,104.6,103.9,85.4,90.6,104.1,121.2,119.6,106.4,95.8,88.9,69.9,48.7,40.1,48.2,66.9,78.3,83.1,86.6,91.5,93.5,96.9,101.3,107.2,121.3,TT,O,,2021,3,2,3/29/2008,24.49500555,24.84137039,25.11257606,23.48534202,0,0,0,0,62.3,46.2,42.1,44.3,45.4,42.2,38.9,46.5,65.9,89.1,115.3,126.4,124.9,118.2,116.1,109,102.3,96.9,87.1,61.3,53.8,29.1,22.8,42.6,65.6,75,83,88.9,94.6,101.9,113.9,120.8,121.9,124,124.9,121.2,115.2,109.6,100.9,89,79.3,62.5,52.1,44.3,45.4,50.7,52.8,50.6,51.5,62.2,87.1,113,125.2,119.2,114.4,107.4,92.2,71.9,66.2,72,72,57.7,52,47.1,9.3,23.2,48.1,71.5,82.6,83.7,82.8,82.3,73.3,60.2,50.7,60.8,86.9,102.3,98.7,93.2,85.8,59.1,48.2,23.9,19.7,40.8,0,0,0,0,116.4,123.1,130,131.4,122.7,104.9,81.9,56.1,25.1,12.5,31.6,39.8,39.3,41.9,50.3,66.6,81.4,88.1,96.8,101.1,103.6,104.5,110.1,121.2,131.5,125.4,114.8,100.3,83.2,65.1,52.8,46.4,37.4,35.9,43.7,52.2,63.3,75.8,84.9,96.9,104.4,116,124.4,130.3,133.9,132.4,119.5,99,76,46.9,26.1,32.8,40,30.9,25.6,25.7,32.6,55.2,75.6,97,108.7,105.8,104.6,103.9,85.4,90.6,104.1,121.2,119.6,106.4,95.8,88.9,69.9,48.7,40.1,48.2,66.9,78.3,83.1,86.6,91.5,93.5,96.9,101.3,107.2,121.3,6515,7082.8,75.75581395,82.35813953,115,55,5,5
10,4,B,E,2,90.1,2304,25,27,13,36,51,102,1.5,0,3,0,90,2106,80,90,75.5,86.7,97.9,106.2,111.3,114.2,111.2,103.1,93.5,85.3,86.4,81.9,59.9,45.6,44.3,46.5,47.7,46.5,45.1,46.4,52.4,72.4,108.3,120.4,118.3,109.7,95.5,76.4,66.5,63.5,50.3,37.9,26.9,29.4,45.9,68.9,90.2,107.8,111.8,113,113.2,105.3,90.6,81.2,70.6,75.2,83.2,81.3,75.5,60.6,43.4,29.7,19.8,22.1,39.1,65,88,108,121.4,119,114,108.4,100.3,89.5,78.4,63.3,46.8,44,46.8,56.7,65.9,72.5,84.7,99.1,103.2,106.4,108,113.9,122.8,122.1,119.9,114.5,103.4,87.2,65.4,54.2,36,37.6,37.5,24.5,120.6,106.9,91.1,74.2,65.6,46.2,26.7,20.3,38.4,66.7,90.7,105.2,112.9,122.4,132.2,133.4,124.2,107.3,87.5,66.3,47.6,23.1,35.6,48.9,52,59.4,65.2,75.4,93.9,112.1,122.2,124.5,115.4,106.7,98.4,93.3,88.6,83.8,70.9,61.4,43.2,23.5,6.8,26.9,57.7,84.3,99.3,102.1,106.4,115.6,123.1,118,103.7,82.4,58.2,27.9,6.3,21.4,40.1,49.8,64.4,76.8,85.6,95.3,105.2,115.9,123.7,131.6,134,133.6,127.7,116.2,107.5,101.2,86.1,72.3,65.1,47.5,41.5,36.6,31.4,30.7,33.3,42.6,62.6,77.3,102.7,118.4,126.6,111.3,TT,O,,2021,4,2,4/10/2008,25.57158713,24.84137039,25.11257606,23.48534202,0,86.7,97.9,106.2,111.3,114.2,111.2,103.1,93.5,85.3,86.4,81.9,59.9,45.6,44.3,46.5,47.7,46.5,45.1,46.4,52.4,72.4,108.3,120.4,118.3,109.7,95.5,76.4,66.5,63.5,50.3,37.9,26.9,29.4,45.9,68.9,90.2,107.8,111.8,113,113.2,105.3,90.6,81.2,70.6,75.2,83.2,81.3,75.5,60.6,43.4,29.7,19.8,22.1,39.1,65,88,108,121.4,119,114,108.4,100.3,89.5,78.4,63.3,46.8,44,46.8,56.7,65.9,72.5,84.7,99.1,103.2,106.4,108,113.9,122.8,122.1,119.9,114.5,103.4,87.2,65.4,54.2,36,37.6,37.5,24.5,0,106.9,91.1,74.2,65.6,46.2,26.7,20.3,38.4,66.7,90.7,105.2,112.9,122.4,132.2,133.4,124.2,107.3,87.5,66.3,47.6,23.1,35.6,48.9,52,59.4,65.2,75.4,93.9,112.1,122.2,124.5,115.4,106.7,98.4,93.3,88.6,83.8,70.9,61.4,43.2,23.5,6.8,26.9,57.7,84.3,99.3,102.1,106.4,115.6,123.1,118,103.7,82.4,58.2,27.9,6.3,21.4,40.1,49.8,64.4,76.8,85.6,95.3,105.2,115.9,123.7,131.6,134,133.6,127.7,116.2,107.5,101.2,86.1,72.3,65.1,47.5,41.5,36.6,31.4,30.7,33.3,42.6,62.6,77.3,102.7,118.4,126.6,111.3,6944.4,7098,78.02696629,79.75280899,55,115,2,2
11,4,B,S,2,90.1,2103,26,23,22,34,44,45,1.5,0,2,0,90,2106,80,90,41.8,26.3,18.9,23,38.5,49.4,77.5,80.4,64.3,50,55.7,68.2,90.1,111.1,125.6,120.7,118.1,115.4,107,89.5,73.4,63.5,54.6,42.9,30.4,26.5,41.3,64.9,88.5,102.6,109.6,114.4,120,117.8,114.1,103.6,89.6,71.3,64.7,52.1,40.6,44,43.1,52.1,62.9,66.9,64.3,63.1,65,70.8,76.6,84.3,84.8,74.4,75.1,82,82,69.5,59.8,46.2,43.2,50.1,60.4,73.2,83.5,92.3,97.7,103.6,104.7,101.1,91.3,76.2,61.1,48.1,48,55.2,51.9,37.9,25,17.7,27.7,42.1,59.3,80.5,99.6,111.6,120.8,117.2,112.7,102,119.9,110.6,100,92.6,82.3,80.3,91.5,97.7,96.9,84.2,69,53.6,42.5,42.6,49.9,49.9,51.5,62.6,68.3,76.6,91.4,105,118.7,127,118.9,109.5,101.4,99.3,102.4,95.1,78.6,66.8,54.4,45.7,29.9,17.2,27.7,55.4,76.5,99.3,118,132.2,129.5,128.8,132.4,126.2,110.7,93.2,70.6,49.5,34.9,11.6,16.5,37.9,72.5,90.3,101.8,109.5,116.8,128.1,132.1,134.4,133.1,129.5,121.4,110.4,93.9,82.1,78.1,60.8,38.6,23.3,29.8,55.3,84.7,108.3,120.5,119.8,112.6,103.9,95.8,82.2,68.6,61.6,57.5,51.7,51,46.5,33.8,15.8,TT,O,,2021,5,2,4/10/2008,23.34073252,24.84137039,25.11257606,23.48534202,0,26.3,18.9,23,38.5,49.4,77.5,80.4,64.3,50,55.7,68.2,90.1,111.1,125.6,120.7,118.1,115.4,107,89.5,73.4,63.5,54.6,42.9,30.4,26.5,41.3,64.9,88.5,102.6,109.6,114.4,120,117.8,114.1,103.6,89.6,71.3,64.7,52.1,40.6,44,43.1,52.1,62.9,66.9,64.3,63.1,65,70.8,76.6,84.3,84.8,74.4,75.1,82,82,69.5,59.8,46.2,43.2,50.1,60.4,73.2,83.5,92.3,97.7,103.6,104.7,101.1,91.3,76.2,61.1,48.1,48,55.2,51.9,37.9,25,17.7,27.7,42.1,59.3,80.5,99.6,111.6,120.8,117.2,112.7,102,0,110.6,100,92.6,82.3,80.3,91.5,97.7,96.9,84.2,69,53.6,42.5,42.6,49.9,49.9,51.5,62.6,68.3,76.6,91.4,105,118.7,127,118.9,109.5,101.4,99.3,102.4,95.1,78.6,66.8,54.4,45.7,29.9,17.2,27.7,55.4,76.5,99.3,118,132.2,129.5,128.8,132.4,126.2,110.7,93.2,70.6,49.5,34.9,11.6,16.5,37.9,72.5,90.3,101.8,109.5,116.8,128.1,132.1,134.4,133.1,129.5,121.4,110.4,93.9,82.1,78.1,60.8,38.6,23.3,29.8,55.3,84.7,108.3,120.5,119.8,112.6,103.9,95.8,82.2,68.6,61.6,57.5,51.7,51,46.5,33.8,15.8,6478.7,7270.9,72.79438202,81.69550562,55,115,2,2
12,4,B,W,2,30.7,721,23,3,23,26,51,53,1.5,0,0,0,90,2106,80,30,110.4,102,88.4,77.2,67.6,47.8,40.9,44.5,48,53,54.5,56.5,50.4,35.9,35.2,53.2,74,86,82.9,67.2,49.7,39.1,43.6,64.1,86.2,96.1,107.3,107.8,97.7,69.8,0,0,0,0,0,0,0,0,0,0,0,0,0,0,0,0,0,0,0,0,0,0,0,0,0,0,0,0,0,0,0,0,0,0,0,0,0,0,0,0,0,0,0,0,0,0,0,0,0,0,0,0,0,0,0,0,0,0,0,0,62.8,69,79.4,95.2,112,122.7,127.9,132.3,127.8,117.8,101.7,95.2,82.7,66.3,55.9,64.4,78.2,94.1,102,108.8,107.1,88.8,66,44.7,39.8,40.7,59.6,70.3,76.5,74.3,0,0,0,0,0,0,0,0,0,0,0,0,0,0,0,0,0,0,0,0,0,0,0,0,0,0,0,0,0,0,0,0,0,0,0,0,0,0,0,0,0,0,0,0,0,0,0,0,0,0,0,0,0,0,0,0,0,0,0,0,FS,O,,2021,6,2,4/10/2008,23.48534202,24.84137039,25.11257606,23.48534202,0,0,0,0,67.6,47.8,40.9,44.5,48,53,54.5,56.5,50.4,35.9,35.2,53.2,74,86,82.9,67.2,49.7,39.1,43.6,64.1,86.2,96.1,107.3,107.8,97.7,69.8,0,0,0,0,0,0,0,0,0,0,0,0,0,0,0,0,0,0,0,0,0,0,0,0,0,0,0,0,0,0,0,0,0,0,0,0,0,0,0,0,0,0,0,0,0,0,0,0,0,0,0,0,0,0,0,0,0,0,0,0,0,0,0,0,112,122.7,127.9,132.3,127.8,117.8,101.7,95.2,82.7,66.3,55.9,64.4,78.2,94.1,102,108.8,107.1,88.8,66,44.7,39.8,40.7,59.6,70.3,76.5,74.3,0,0,0,0,0,0,0,0,0,0,0,0,0,0,0,0,0,0,0,0,0,0,0,0,0,0,0,0,0,0,0,0,0,0,0,0,0,0,0,0,0,0,0,0,0,0,0,0,0,0,0,0,0,0,0,0,0,0,0,0,1659,2257.6,63.80769231,86.83076923,115,55,5,5
13,3,B,N,2,90.1,340,0,21,7,88,5,-50,1.5,0,0,0,90,2106,85,90,117.1,115.5,113.4,112,110.3,109,108.1,106.5,105.4,104.1,103,101.9,101,100,98.8,98.1,97.1,96.4,95.5,94.7,94.2,93.4,92.7,92.1,91.7,91.2,90.9,90.4,90.2,90.1,89.9,89.5,89.4,89.4,89.1,88.8,88.7,88.7,88.6,88.6,88.6,88.5,88.5,88.3,88.1,88.1,88.1,88,87.9,88,87.9,87.9,88,88,88,87.7,87.8,87.7,87.7,87.7,87.6,87.6,87.7,87.7,87.7,87.7,87.9,87.8,87.9,88.5,87.9,89.7,90.5,91.3,91.4,92,92.1,92.2,92.4,92.8,93,93.1,93.4,93.6,93.8,94,94.4,94.5,94.7,94.9,63.4,64,64.4,65.6,66,67.3,68.7,69,70.2,70.9,71.2,72.2,72.9,72.9,73.4,74.1,74,74.3,73.7,73.7,73.8,73.7,72.1,71.1,72.6,71,70.5,70.2,69.6,70.3,69.5,68.7,68.6,68.9,68.3,67.4,67.2,67.2,67,66.9,66.8,66.4,66.3,65.6,65.3,65.3,65.1,64.8,64.8,64.5,64,63.9,64,63.8,63.4,62.3,62.3,61.8,61,61.1,60.7,60.6,60.5,59.9,59.9,59.8,58.9,59.2,59.1,56.6,58.7,52.7,50,47.3,47,45.2,45.4,45.3,45.4,45.4,45.4,45.1,44.4,44.4,44.9,44.7,44.4,44.3,43.9,43.4,TT,O,,2021,1,2,3/29/2008,3.773584906,7.477269194,5.493895671,17.39413681,0,0,0,0,0,0,0,0,0,0,0,0,0,0,0,0,0,0,0,0,94.2,93.4,92.7,92.1,91.7,91.2,90.9,90.4,90.2,90.1,89.9,89.5,89.4,89.4,89.1,88.8,88.7,88.7,88.6,88.6,88.6,88.5,88.5,88.3,88.1,88.1,88.1,88,87.9,88,87.9,87.9,88,88,88,87.7,87.8,87.7,87.7,87.7,87.6,87.6,87.7,87.7,87.7,87.7,87.9,87.8,87.9,88.5,87.9,89.7,90.5,91.3,91.4,92,92.1,92.2,92.4,92.8,93,93.1,93.4,93.6,93.8,94,94.4,94.5,94.7,94.9,0,0,0,0,0,0,0,0,0,0,0,0,0,0,0,0,0,0,0,0,73.8,73.7,72.1,71.1,72.6,71,70.5,70.2,69.6,70.3,69.5,68.7,68.6,68.9,68.3,67.4,67.2,67.2,67,66.9,66.8,66.4,66.3,65.6,65.3,65.3,65.1,64.8,64.8,64.5,64,63.9,64,63.8,63.4,62.3,62.3,61.8,61,61.1,60.7,60.6,60.5,59.9,59.9,59.8,58.9,59.2,59.1,56.6,58.7,52.7,50,47.3,47,45.2,45.4,45.3,45.4,45.4,45.4,45.1,44.4,44.4,44.9,44.7,44.4,44.3,43.9,43.4,6297.9,4199.6,89.97,59.99428571,115,55,21,21
14,3,B,S,2,90.1,603,44,13,0,48,52,-137,1.5,0,0,0,90,2106,85,90,48.7,48.6,49.8,49.2,51.1,64.6,82.4,91.4,101.3,110,116.9,121.8,122.8,121.1,120.4,124.8,127.7,126.6,125.9,124.5,122.9,120.8,117.5,113.2,109.2,105.5,103.3,100.8,97.7,92.8,88.9,86.1,84,84,84,84,83.4,82.7,81.7,79.9,78.6,77.2,76,74.3,72.8,70.8,69.4,68,66.1,64.7,63,61.7,60.1,58.7,57.6,56.9,55.5,54.2,52.7,51.5,50.5,49.5,48.8,48.3,48.4,48.2,48.4,48.8,48.9,49.8,49.9,50.7,51.2,51.8,51.7,53,52.6,52.9,53.7,54.4,54.4,54.7,54.9,55.1,55.7,55.5,55.7,55.9,56.1,55.9,109.6,108.5,108.5,107.6,109,110.7,105.8,99.6,91.6,81.6,71.7,62.8,57.4,52.9,46.9,44.2,41.3,37.8,38.2,42.5,49.1,58.8,67.6,75.9,81.7,76.5,83.2,88.9,93.1,93.7,93.9,96.2,97.8,100,101.5,102.2,102.5,103.6,105.4,107.2,108.7,108.3,108.6,108.9,109.7,109.8,110.5,111.3,111.8,112.9,113.5,114.4,114.9,115.8,116.6,117.3,117.5,118.7,120.2,120.6,118.1,116.8,115.6,114.7,114,113.2,112.5,112.3,111.9,112,111.5,111.8,111.9,112.3,111.9,112.9,112.4,112.6,113.1,113.7,113.4,113.9,114.2,114.6,115.2,115.1,115.5,115.5,115.6,115.5,TT,O,,2021,2,2,3/29/2008,6.692563818,7.477269194,5.493895671,17.39413681,0,0,0,0,0,0,0,0,0,110,116.9,121.8,122.8,121.1,120.4,124.8,127.7,126.6,125.9,124.5,122.9,120.8,117.5,113.2,109.2,105.5,103.3,100.8,97.7,92.8,88.9,86.1,84,84,84,84,83.4,82.7,81.7,79.9,78.6,77.2,76,74.3,72.8,70.8,69.4,68,66.1,64.7,63,61.7,60.1,58.7,57.6,56.9,55.5,54.2,52.7,51.5,50.5,49.5,48.8,48.3,48.4,48.2,48.4,48.8,48.9,49.8,49.9,50.7,51.2,51.8,51.7,53,52.6,52.9,53.7,54.4,54.4,54.7,54.9,55.1,55.7,55.5,55.7,55.9,56.1,55.9,0,0,0,0,0,0,0,0,0,81.6,71.7,62.8,57.4,52.9,46.9,44.2,41.3,37.8,38.2,42.5,49.1,58.8,67.6,75.9,81.7,76.5,83.2,88.9,93.1,93.7,93.9,96.2,97.8,100,101.5,102.2,102.5,103.6,105.4,107.2,108.7,108.3,108.6,108.9,109.7,109.8,110.5,111.3,111.8,112.9,113.5,114.4,114.9,115.8,116.6,117.3,117.5,118.7,120.2,120.6,118.1,116.8,115.6,114.7,114,113.2,112.5,112.3,111.9,112,111.5,111.8,111.9,112.3,111.9,112.9,112.4,112.6,113.1,113.7,113.4,113.9,114.2,114.6,115.2,115.1,115.5,115.5,115.6,115.5,6120.1,8039.8,75.55679012,99.25679012,55,115,10,10
15,3,B,W,2,90.1,647,9,16,0,37,63,-99,1.5,0,0,0,90,2106,85,90,119.6,122.6,124.9,126.5,127.3,126.3,126.8,125.1,123.3,120.7,119.7,120.8,120.4,117.9,116.4,114.5,113,112.6,112.5,112.5,112.6,112.3,112,111.8,111.2,110.8,110.5,109.8,109.3,108.9,108.3,108,107.5,107.3,106.5,106.3,105.8,105.3,104.9,104.4,104.1,103.9,103.7,103.2,103,102.9,102.4,102.1,102,101.5,101.4,100.9,100.9,100.7,97.6,92.6,86.3,80.8,75.5,71.1,66.8,63.1,61,59.8,59.2,58.4,57.5,56.7,56,55.1,54.7,53.6,53.1,52.5,52.1,51,50.5,50.1,49.7,48.9,47.7,49.2,58.5,55.1,55.3,55.1,48.7,43.4,42.4,44.6,60.8,57.6,51.7,45.7,40.7,37.3,40,43.6,47.1,47,48.3,52.4,58.8,65.2,69.3,69.3,68.6,69.2,72.2,73.1,74.3,75.1,76.8,78.8,78.9,79.6,81,81.5,81.4,81.4,82.1,83.7,84.1,84.5,84.6,85.5,85.3,81.3,77.7,76.8,76.8,77.4,78.2,78.1,79,80.2,80.2,80.8,81.2,81.6,81.9,82.8,86.2,92.4,97,102.7,106.8,110.6,113.5,117.7,120.6,116.4,113.1,110.7,109.2,107.8,106.7,106,105.3,104.2,103.7,103.2,102.5,102,102,101.1,101,100.7,100.6,99.6,100.5,109.1,124,121.9,120.6,129.6,130.9,131,131.1,128.7,TT,O,,2021,3,2,3/29/2008,7.1809101,7.477269194,5.493895671,17.39413681,0,0,0,0,0,0,0,0,0,0,0,0,0,0,0,0,0,0,0,0,112.6,112.3,112,111.8,111.2,110.8,110.5,109.8,109.3,108.9,108.3,108,107.5,107.3,106.5,106.3,105.8,105.3,104.9,104.4,104.1,103.9,103.7,103.2,103,102.9,102.4,102.1,102,101.5,101.4,100.9,100.9,100.7,97.6,92.6,86.3,80.8,75.5,71.1,66.8,63.1,61,59.8,59.2,58.4,57.5,56.7,56,55.1,54.7,53.6,53.1,52.5,52.1,51,50.5,50.1,49.7,48.9,47.7,49.2,58.5,55.1,55.3,55.1,48.7,43.4,42.4,44.6,0,0,0,0,0,0,0,0,0,0,0,0,0,0,0,0,0,0,0,0,74.3,75.1,76.8,78.8,78.9,79.6,81,81.5,81.4,81.4,82.1,83.7,84.1,84.5,84.6,85.5,85.3,81.3,77.7,76.8,76.8,77.4,78.2,78.1,79,80.2,80.2,80.8,81.2,81.6,81.9,82.8,86.2,92.4,97,102.7,106.8,110.6,113.5,117.7,120.6,116.4,113.1,110.7,109.2,107.8,106.7,106,105.3,104.2,103.7,103.2,102.5,102,102,101.1,101,100.7,100.6,99.6,100.5,109.1,124,121.9,120.6,129.6,130.9,131,131.1,128.7,5719.9,6743.3,81.71285714,96.33285714,115,55,21,21
13,4,B,E,2,90.1,306,99,1,86,9,5,1,1.5,0,0,0,90,2106,85,90,66.7,62.6,59.2,49.4,41.8,39.1,36.9,34.9,32.8,31.8,29.9,28.9,27.8,23.8,23.3,23.6,22.8,23,22.8,23,22.2,22.6,22.1,22.1,22.3,21.9,21.5,21.6,21.5,21.3,21.1,21.2,21,21,20.9,20.7,20.8,20.8,21,20.9,20.8,20.9,21,20.7,20.9,21,20.8,20.9,21.4,21.1,21,20.8,20.7,20.9,20.8,21,21,21.1,20.9,21,21,21.2,21.1,21.1,21.1,20.7,21,21,20.9,20.9,20.7,20.9,21.2,20.9,20.8,21,21.1,20.7,20.8,20.9,21,20.8,20.6,20.9,20.4,20.9,20.5,20.6,20.5,20.8,127.4,125.5,123.7,114.9,107.9,105.9,104.1,102.7,101,100.2,98.7,97.8,96.6,92,90.6,90.5,89.3,89.1,88.9,88.9,88.4,88.3,88,87.7,87.7,87.5,87.2,87.4,87.2,87.3,87.3,86.5,86.5,85.8,85.8,85.5,85.8,85.5,85.3,85,84.8,84.5,84.5,84.6,84.5,84.5,84.2,84.5,84.3,85.1,84.6,84.5,84.3,84.3,84.6,84.5,84.8,84.7,84.7,84.5,84.7,84.7,84.9,84.7,85.4,84.9,85.7,85.5,85.3,85.7,86,86,86.2,86.1,86.5,86.4,86.5,86.3,86.7,86.7,86.8,86.8,87.2,87.4,87.2,87.1,87.4,87.5,87.8,88.1,TT,O,,2021,4,2,4/10/2008,3.396226415,7.477269194,5.493895671,17.39413681,0,0,0,0,0,0,0,0,0,31.8,29.9,28.9,27.8,23.8,23.3,23.6,22.8,23,22.8,23,22.2,22.6,22.1,22.1,22.3,21.9,21.5,21.6,21.5,21.3,21.1,21.2,21,21,20.9,20.7,20.8,20.8,21,20.9,20.8,20.9,21,20.7,20.9,21,20.8,20.9,21.4,21.1,21,20.8,20.7,20.9,20.8,21,21,21.1,20.9,21,21,21.2,21.1,21.1,21.1,20.7,21,21,20.9,20.9,20.7,20.9,21.2,20.9,20.8,21,21.1,20.7,20.8,20.9,21,20.8,20.6,20.9,20.4,20.9,20.5,20.6,20.5,20.8,0,0,0,0,0,0,0,0,0,100.2,98.7,97.8,96.6,92,90.6,90.5,89.3,89.1,88.9,88.9,88.4,88.3,88,87.7,87.7,87.5,87.2,87.4,87.2,87.3,87.3,86.5,86.5,85.8,85.8,85.5,85.8,85.5,85.3,85,84.8,84.5,84.5,84.6,84.5,84.5,84.2,84.5,84.3,85.1,84.6,84.5,84.3,84.3,84.6,84.5,84.8,84.7,84.7,84.5,84.7,84.7,84.9,84.7,85.4,84.9,85.7,85.5,85.3,85.7,86,86,86.2,86.1,86.5,86.4,86.5,86.3,86.7,86.7,86.8,86.8,87.2,87.4,87.2,87.1,87.4,87.5,87.8,88.1,1753.9,7037.5,21.65308642,86.88271605,55,115,10,10
14,4,B,S,2,90.1,579,16,38,0,48,52,-136,1.5,0,0,0,90,2106,85,90,48.8,56.2,77.9,90.2,101,108.6,114.4,119.5,123.5,126.8,127.1,127.3,127,126.3,127.1,126.5,124.3,122,118.5,116.4,115.2,114.3,113.5,112.6,112,111.5,110.9,110.3,109.8,109.4,109,108.7,108.3,108.1,108,107.7,107.4,107.3,107.1,107,106.7,106.5,106.5,106.3,106.2,106.1,108.8,114.1,112,111.2,106.8,101,94.8,89.2,83.4,80.3,78.3,76.3,75.4,74.5,73,72.1,70.8,69.4,68.2,66.5,63.3,61.4,59.3,57.9,57.2,57,56.4,56.6,56.5,56,56.5,56.6,56.5,55.7,54.7,54.1,53.8,53.2,53.1,53.3,52.7,52.7,52.6,52.5,109.9,112.6,107.9,101,92.4,83.5,75.4,67.1,58,50.3,44.2,41,38.9,37,39,42.3,44.7,45,44.6,45.4,46.3,47.2,48.1,49,49.5,50.3,51.3,51.6,52.4,53,53.4,54.3,54.6,55.4,55.6,56.2,56.4,57,57.3,57.5,57.9,58.5,59,59.5,59.7,60.3,64.6,71.9,74.4,75,83.8,91.9,97.3,103,101.1,102.3,104.7,106,108.4,110.6,111.7,114.4,117.4,118.7,120,120.3,118.5,117.3,115.8,114.7,114.3,114.3,114.1,114.8,114.9,115,115.8,116.1,116.5,116.4,116,116.3,117,117.7,118,118.9,119.3,119.9,120.6,121.2,TT,O,,2021,5,2,4/10/2008,6.426193119,7.477269194,5.493895671,17.39413681,0,0,0,0,0,0,0,0,0,126.8,127.1,127.3,127,126.3,127.1,126.5,124.3,122,118.5,116.4,115.2,114.3,113.5,112.6,112,111.5,110.9,110.3,109.8,109.4,109,108.7,108.3,108.1,108,107.7,107.4,107.3,107.1,107,106.7,106.5,106.5,106.3,106.2,106.1,108.8,114.1,112,111.2,106.8,101,94.8,89.2,83.4,80.3,78.3,76.3,75.4,74.5,73,72.1,70.8,69.4,68.2,66.5,63.3,61.4,59.3,57.9,57.2,57,56.4,56.6,56.5,56,56.5,56.6,56.5,55.7,54.7,54.1,53.8,53.2,53.1,53.3,52.7,52.7,52.6,52.5,0,0,0,0,0,0,0,0,0,50.3,44.2,41,38.9,37,39,42.3,44.7,45,44.6,45.4,46.3,47.2,48.1,49,49.5,50.3,51.3,51.6,52.4,53,53.4,54.3,54.6,55.4,55.6,56.2,56.4,57,57.3,57.5,57.9,58.5,59,59.5,59.7,60.3,64.6,71.9,74.4,75,83.8,91.9,97.3,103,101.1,102.3,104.7,106,108.4,110.6,111.7,114.4,117.4,118.7,120,120.3,118.5,117.3,115.8,114.7,114.3,114.3,114.1,114.8,114.9,115,115.8,116.1,116.5,116.4,116,116.3,117,117.7,118,118.9,119.3,119.9,120.6,121.2,7271.4,6684.6,89.77037037,82.52592593,55,115,10,10
15,4,B,W,2,30.7,534,24,29,0,2,98,-107,1.5,0,0,0,90,2106,85,30,118.7,124,126.3,126.2,126.3,125.2,122.7,120.3,117.3,113.5,108.3,103.6,98.6,94.7,88.6,82.8,76.1,69.7,64,55.2,50.7,47.8,43,42.5,45.1,48.6,58.6,69.8,91.3,100,0,0,0,0,0,0,0,0,0,0,0,0,0,0,0,0,0,0,0,0,0,0,0,0,0,0,0,0,0,0,0,0,0,0,0,0,0,0,0,0,0,0,0,0,0,0,0,0,0,0,0,0,0,0,0,0,0,0,0,0,47.5,45.5,41.9,37.7,38.1,42.2,49.5,60.8,68,72.8,85,94.4,96.7,101.9,108.1,110.8,117.1,124.2,125.9,127.1,130.2,131.2,130.9,131.1,126.4,113.6,104.4,100.6,97.8,90.1,0,0,0,0,0,0,0,0,0,0,0,0,0,0,0,0,0,0,0,0,0,0,0,0,0,0,0,0,0,0,0,0,0,0,0,0,0,0,0,0,0,0,0,0,0,0,0,0,0,0,0,0,0,0,0,0,0,0,0,0,FS,O,,2021,6,2,4/10/2008,17.39413681,7.477269194,5.493895671,17.39413681,0,0,0,0,0,0,122.7,120.3,117.3,113.5,108.3,103.6,98.6,94.7,88.6,82.8,76.1,69.7,64,55.2,50.7,47.8,43,42.5,45.1,48.6,58.6,69.8,91.3,100,0,0,0,0,0,0,0,0,0,0,0,0,0,0,0,0,0,0,0,0,0,0,0,0,0,0,0,0,0,0,0,0,0,0,0,0,0,0,0,0,0,0,0,0,0,0,0,0,0,0,0,0,0,0,0,0,0,0,0,0,0,0,0,0,0,0,49.5,60.8,68,72.8,85,94.4,96.7,101.9,108.1,110.8,117.1,124.2,125.9,127.1,130.2,131.2,130.9,131.1,126.4,113.6,104.4,100.6,97.8,90.1,0,0,0,0,0,0,0,0,0,0,0,0,0,0,0,0,0,0,0,0,0,0,0,0,0,0,0,0,0,0,0,0,0,0,0,0,0,0,0,0,0,0,0,0,0,0,0,0,0,0,0,0,0,0,0,0,0,0,0,0,1912.8,2498.6,79.7,104.1083333,115,55,7,7
16,3,B,N,2,90.1,2216,14,31,5,28,67,-26,1.5,0,0,0,90,2106,90,90,110.5,105.3,91.8,67.3,47.5,34.4,55.2,55.8,55.8,54.6,38.9,52.2,80,104.2,112.4,103,85.4,58.9,28.9,31.5,40.4,37.7,41.2,58.9,81.5,105.7,114.7,121.6,124,118.9,114.8,122.6,121.5,112.1,109.6,103.3,96,87.7,80.7,74.1,67.5,76.4,74.5,79.4,91.2,104.9,120.4,126.8,126.4,123.3,117.9,109.4,98.3,85.4,76.1,74.1,76.7,88.5,92,102.8,118.6,126.5,124.8,126.4,123.2,120.8,119.2,119,118.5,119.9,121.2,124,123.1,120.3,114.1,105.4,100.2,88.9,72.9,53.1,45.9,44.4,51.9,64.4,65.7,73.8,87.7,99.2,105.1,117.4,64.1,60.7,64.4,70.7,86.5,105.2,129.6,121.4,108,101.7,74.7,43.5,44.2,61.2,69.2,68.5,70.5,79.8,100.4,118.5,129,123,110.4,94.9,84.2,83.9,73,62.2,51.8,34.7,28.2,43.3,47.5,55.8,78.7,86.9,95.6,106.2,112.8,114.6,112.5,123,105.5,86.6,63.9,44.6,36.8,37.9,42,51.4,64,76.6,89.9,100.7,105.5,104.4,102.6,96,79.9,64.5,56.9,47.7,37.1,39.9,47.7,57.9,61.9,60.9,63.2,59.8,52.4,45.3,38.3,33.6,41.3,63.3,84,96.9,105.5,118.5,130.9,132.5,129.9,133.2,122.8,106.6,87.5,68.5,47,34,TT,O,,2021,1,2,3/29/2008,24.59489456,24.82203993,24.66592675,25.60260586,0,0,0,0,47.5,34.4,55.2,55.8,55.8,54.6,38.9,52.2,80,104.2,112.4,103,85.4,58.9,28.9,31.5,40.4,37.7,41.2,58.9,81.5,105.7,114.7,121.6,124,118.9,114.8,122.6,121.5,112.1,109.6,103.3,96,87.7,80.7,74.1,67.5,76.4,74.5,79.4,91.2,104.9,120.4,126.8,126.4,123.3,117.9,109.4,98.3,85.4,76.1,74.1,76.7,88.5,92,102.8,118.6,126.5,124.8,126.4,123.2,120.8,119.2,119,118.5,119.9,121.2,124,123.1,120.3,114.1,105.4,100.2,88.9,72.9,53.1,45.9,44.4,51.9,64.4,65.7,73.8,87.7,99.2,105.1,117.4,0,0,0,0,86.5,105.2,129.6,121.4,108,101.7,74.7,43.5,44.2,61.2,69.2,68.5,70.5,79.8,100.4,118.5,129,123,110.4,94.9,84.2,83.9,73,62.2,51.8,34.7,28.2,43.3,47.5,55.8,78.7,86.9,95.6,106.2,112.8,114.6,112.5,123,105.5,86.6,63.9,44.6,36.8,37.9,42,51.4,64,76.6,89.9,100.7,105.5,104.4,102.6,96,79.9,64.5,56.9,47.7,37.1,39.9,47.7,57.9,61.9,60.9,63.2,59.8,52.4,45.3,38.3,33.6,41.3,63.3,84,96.9,105.5,118.5,130.9,132.5,129.9,133.2,122.8,106.6,87.5,68.5,47,34,7773.3,6792.9,90.3872093,78.9872093,115,55,5,5
17,3,B,S,2,90.1,2131,13,31,6,30,64,-70,1.5,0,2,0,90,2106,90,90,58.8,57.8,60.6,70.8,87.8,108.8,121.3,117.7,107.4,90,71.9,67.5,75.7,70,69.1,73.1,82.1,95.3,116.3,121.3,111.4,97.8,73.1,49.4,41,43.4,40.9,39.8,34.1,37.3,59.6,86.4,99,105.2,110.9,114.9,122.7,125.4,119.4,111.4,100.4,90.1,81.7,79.9,83,88.3,93.1,99.9,112.4,124.9,124.7,117.2,113.6,107.8,100.4,88.7,78.9,70.3,59.2,52.5,45.7,40,34.8,49.2,68,85.2,96.5,109.1,114.4,116.5,121.8,126,126.6,125.5,125.9,124.4,120.7,114.2,115.5,114.7,110.4,105.3,94.4,81.8,79.6,74.8,73.9,74.4,70,79.3,101.1,82.4,59.7,30.2,9.4,33.5,54.5,57.6,59.5,69.6,87.3,112.6,125.5,108.2,86.5,59.5,26.2,10.1,39.9,57.5,67.2,77.7,90.1,106.1,119,126.7,124.8,125.9,121.8,108.4,97.6,95.5,85.4,69.5,50.1,36.6,34.9,45.7,57.5,73.3,87.5,97.4,102,102.1,98.9,81.8,60.7,38.2,27.2,37,43.7,50.5,69.1,82.1,91.4,103.9,118.5,125.8,127.8,130.9,130.7,127.8,120.3,114.5,112.1,102.7,91.1,81.8,70.9,54.8,42.3,37.9,37.5,38.1,41.1,41.3,42.8,49.5,67.4,72.6,76,80.4,90.1,99.9,117.4,115,123.9,118.6,94.4,70.6,TT,O,,2021,2,2,3/29/2008,23.65149834,24.82203993,24.66592675,25.60260586,0,57.8,60.6,70.8,87.8,108.8,121.3,117.7,107.4,90,71.9,67.5,75.7,70,69.1,73.1,82.1,95.3,116.3,121.3,111.4,97.8,73.1,49.4,41,43.4,40.9,39.8,34.1,37.3,59.6,86.4,99,105.2,110.9,114.9,122.7,125.4,119.4,111.4,100.4,90.1,81.7,79.9,83,88.3,93.1,99.9,112.4,124.9,124.7,117.2,113.6,107.8,100.4,88.7,78.9,70.3,59.2,52.5,45.7,40,34.8,49.2,68,85.2,96.5,109.1,114.4,116.5,121.8,126,126.6,125.5,125.9,124.4,120.7,114.2,115.5,114.7,110.4,105.3,94.4,81.8,79.6,74.8,73.9,74.4,70,79.3,0,82.4,59.7,30.2,9.4,33.5,54.5,57.6,59.5,69.6,87.3,112.6,125.5,108.2,86.5,59.5,26.2,10.1,39.9,57.5,67.2,77.7,90.1,106.1,119,126.7,124.8,125.9,121.8,108.4,97.6,95.5,85.4,69.5,50.1,36.6,34.9,45.7,57.5,73.3,87.5,97.4,102,102.1,98.9,81.8,60.7,38.2,27.2,37,43.7,50.5,69.1,82.1,91.4,103.9,118.5,125.8,127.8,130.9,130.7,127.8,120.3,114.5,112.1,102.7,91.1,81.8,70.9,54.8,42.3,37.9,37.5,38.1,41.1,41.3,42.8,49.5,67.4,72.6,76,80.4,90.1,99.9,117.4,115,123.9,118.6,94.4,70.6,7973.2,7023.5,89.58651685,78.91573034,55,115,2,2
18,3,B,W,2,90.1,2281,27,21,4,42,54,-64,1.5,0,1,0,90,2106,90,90,111.6,103.5,89.9,75.2,58.8,51.3,61.6,64.4,54.5,31.5,35.4,54.8,60.9,58.6,64.1,80.7,106,117.4,116.8,107.7,93.5,70.2,44.5,34.4,43.8,54.7,70.2,86.4,87.1,91.5,92.9,100.9,110.8,116.6,118.2,116.9,112.9,108.8,98.8,85.2,71,60.6,45.8,27.4,23.6,46,71.9,90.9,98.6,106.1,113.1,116.2,116.2,116,112.2,105.1,104.7,103.8,89.5,64.7,41.8,25.3,20.4,35.5,56.5,66.3,79.2,94.9,101.3,101.5,104.3,118.3,123.9,119.1,109.7,97.2,78.3,57.8,49.4,52.7,54.1,40.9,31.5,40.6,57.9,65,74.8,85.6,95.5,102.1,39.1,21.6,7.2,23.4,50.7,84,116,127.6,125.1,116.4,117,122.3,117.7,98.6,75.2,54.4,46.2,56.3,64.8,75.5,88.3,100.1,111,121.5,127.3,121.5,113.3,113.2,111.6,106,87,70,53,39.3,31.1,37.1,56.4,74.8,87.1,97.9,109.9,117.9,117,111.8,107.3,108,112,112.1,99.7,85.8,69.9,55.7,38.1,28.7,33.2,53,73.8,81.1,82,85.8,99.3,106.7,108,110.1,111.1,98.9,83.6,68.5,54.9,39.9,18.8,35.3,50,55,62.9,71.7,81.8,92.3,107.7,118.3,121.3,119.5,119.2,127.4,135.1,132.7,128.6,120.2,109.2,98.9,TT,O,,2021,3,2,3/29/2008,25.31631521,24.82203993,24.66592675,25.60260586,0,0,0,0,58.8,51.3,61.6,64.4,54.5,31.5,35.4,54.8,60.9,58.6,64.1,80.7,106,117.4,116.8,107.7,93.5,70.2,44.5,34.4,43.8,54.7,70.2,86.4,87.1,91.5,92.9,100.9,110.8,116.6,118.2,116.9,112.9,108.8,98.8,85.2,71,60.6,45.8,27.4,23.6,46,71.9,90.9,98.6,106.1,113.1,116.2,116.2,116,112.2,105.1,104.7,103.8,89.5,64.7,41.8,25.3,20.4,35.5,56.5,66.3,79.2,94.9,101.3,101.5,104.3,118.3,123.9,119.1,109.7,97.2,78.3,57.8,49.4,52.7,54.1,40.9,31.5,40.6,57.9,65,74.8,85.6,95.5,102.1,0,0,0,0,50.7,84,116,127.6,125.1,116.4,117,122.3,117.7,98.6,75.2,54.4,46.2,56.3,64.8,75.5,88.3,100.1,111,121.5,127.3,121.5,113.3,113.2,111.6,106,87,70,53,39.3,31.1,37.1,56.4,74.8,87.1,97.9,109.9,117.9,117,111.8,107.3,108,112,112.1,99.7,85.8,69.9,55.7,38.1,28.7,33.2,53,73.8,81.1,82,85.8,99.3,106.7,108,110.1,111.1,98.9,83.6,68.5,54.9,39.9,18.8,35.3,50,55,62.9,71.7,81.8,92.3,107.7,118.3,121.3,119.5,119.2,127.4,135.1,132.7,128.6,120.2,109.2,98.9,6727.6,7665,78.22790698,89.12790698,115,55,5,5
16,4,B,E,2,90.1,2406,16,28,4,23,73,-79,1.5,1,0,0,90,2106,90,90,60.2,46,32.7,50.3,68.9,84.8,83.9,75.3,72.9,56.6,23,27.9,53.7,87.4,94.2,99.7,113.4,126.5,128,127,124.3,121.8,118.8,114.1,107.6,102.7,101.7,104.1,103.4,104.9,108.4,112.6,110.4,99.1,83,64.6,52.1,36.4,30.7,46.5,72.9,91.6,101,109,115.1,119.9,124.1,126.6,123.6,115.6,107,91.6,76.4,60.2,44.2,43.9,42.9,51.4,64.1,85.1,103.2,117.6,124.8,119.4,114.7,116.5,113.7,107.8,101.7,93.4,76.4,65.6,71.9,69.9,75.9,88.7,105.5,120.6,126.8,124.8,119.2,113.8,107.8,98.1,87.1,77,67.6,59.5,49.6,45,119.3,117.5,91.9,93.2,105.7,119,118.4,111.3,119.7,117.9,98.1,75.1,77.7,93.1,90.9,73.4,56.7,47.3,39.8,39.9,44.9,55.6,64.7,74.9,80.4,89.3,97,94.1,73.6,54.8,33.6,26.7,45.4,66.3,85.1,103.7,119,122.1,116.9,114.1,117.5,113.5,99.7,83.2,64.9,50.7,39.3,39.7,49.4,64.8,81.2,94.3,107.7,117.5,123.9,128.1,124.1,108.8,96,77.3,62.6,51.2,42.2,30.9,38.3,59.9,75.4,81.5,88.4,99.8,105.5,116.1,122.3,100.6,76.6,51.3,33.5,32.7,40.2,47.4,48.8,52,66.4,81.8,99,108.2,114.8,119.8,127.8,133,TT,O,,2021,4,2,4/10/2008,26.7036626,24.82203993,24.66592675,25.60260586,0,46,32.7,50.3,68.9,84.8,83.9,75.3,72.9,56.6,23,27.9,53.7,87.4,94.2,99.7,113.4,126.5,128,127,124.3,121.8,118.8,114.1,107.6,102.7,101.7,104.1,103.4,104.9,108.4,112.6,110.4,99.1,83,64.6,52.1,36.4,30.7,46.5,72.9,91.6,101,109,115.1,119.9,124.1,126.6,123.6,115.6,107,91.6,76.4,60.2,44.2,43.9,42.9,51.4,64.1,85.1,103.2,117.6,124.8,119.4,114.7,116.5,113.7,107.8,101.7,93.4,76.4,65.6,71.9,69.9,75.9,88.7,105.5,120.6,126.8,124.8,119.2,113.8,107.8,98.1,87.1,77,67.6,59.5,49.6,45,0,117.5,91.9,93.2,105.7,119,118.4,111.3,119.7,117.9,98.1,75.1,77.7,93.1,90.9,73.4,56.7,47.3,39.8,39.9,44.9,55.6,64.7,74.9,80.4,89.3,97,94.1,73.6,54.8,33.6,26.7,45.4,66.3,85.1,103.7,119,122.1,116.9,114.1,117.5,113.5,99.7,83.2,64.9,50.7,39.3,39.7,49.4,64.8,81.2,94.3,107.7,117.5,123.9,128.1,124.1,108.8,96,77.3,62.6,51.2,42.2,30.9,38.3,59.9,75.4,81.5,88.4,99.8,105.5,116.1,122.3,100.6,76.6,51.3,33.5,32.7,40.2,47.4,48.8,52,66.4,81.8,99,108.2,114.8,119.8,127.8,133,7929.2,7338.4,89.09213483,82.45393258,55,115,2,2
17,4,B,S,2,90.1,2078,20,26,4,22,74,-101,1.5,0,0,0,90,2106,90,90,57.9,50,37.4,31.3,43.8,70.2,97.3,106.2,114.4,120.7,123.2,125.9,126.5,123.6,117.5,108.8,97.3,85.3,73.9,61.5,42.1,23.8,25.8,35.1,52.5,70.9,80.9,88.2,90.3,92,96.2,103.7,109.8,112.8,111.4,107.7,107,112.4,122.3,122.6,118.2,115,111.1,105.6,99.3,91.3,85.5,81.5,75.9,58.4,42.5,39.8,45.5,48.6,58.5,72.5,82.4,93.2,102.3,107.8,111.8,118.5,122,123.6,124.4,126.4,122,118.2,109.4,99.5,92.1,89.6,81.6,63.1,54.9,50.5,45.3,47.1,54.7,64.9,77,82.7,83.9,91.9,104.7,118.8,124.7,124.2,119.1,113.1,104.9,87.8,71.4,59.9,63.8,80.9,98.1,89.6,72.5,57.9,43.4,38.1,41.9,52,63.8,79,90.6,101.9,110.4,118.2,116.1,109.7,108.8,112,125.2,131.4,124.6,117.1,113.3,111.2,105.4,96.4,85.1,77.3,71.2,61.3,40.5,26.3,42,56.8,60.4,60.3,66.3,77.7,90.7,97.7,99.9,97.6,102.9,106.2,112.6,124.2,134.3,132.1,130.5,130,120.9,110.5,98.8,87.9,77.2,65.5,54.9,46.8,42.9,41.6,37.7,29.8,24.8,41.7,70.4,95.1,105.6,107.6,117.3,125.1,131.7,135.5,136.2,133.1,127.6,115.6,94.9,71.8,53.5,44.1,40.6,36,33,37.9,TT,O,,2021,5,2,4/10/2008,23.06326304,24.82203993,24.66592675,25.60260586,0,50,37.4,31.3,43.8,70.2,97.3,106.2,114.4,120.7,123.2,125.9,126.5,123.6,117.5,108.8,97.3,85.3,73.9,61.5,42.1,23.8,25.8,35.1,52.5,70.9,80.9,88.2,90.3,92,96.2,103.7,109.8,112.8,111.4,107.7,107,112.4,122.3,122.6,118.2,115,111.1,105.6,99.3,91.3,85.5,81.5,75.9,58.4,42.5,39.8,45.5,48.6,58.5,72.5,82.4,93.2,102.3,107.8,111.8,118.5,122,123.6,124.4,126.4,122,118.2,109.4,99.5,92.1,89.6,81.6,63.1,54.9,50.5,45.3,47.1,54.7,64.9,77,82.7,83.9,91.9,104.7,118.8,124.7,124.2,119.1,113.1,0,87.8,71.4,59.9,63.8,80.9,98.1,89.6,72.5,57.9,43.4,38.1,41.9,52,63.8,79,90.6,101.9,110.4,118.2,116.1,109.7,108.8,112,125.2,131.4,124.6,117.1,113.3,111.2,105.4,96.4,85.1,77.3,71.2,61.3,40.5,26.3,42,56.8,60.4,60.3,66.3,77.7,90.7,97.7,99.9,97.6,102.9,106.2,112.6,124.2,134.3,132.1,130.5,130,120.9,110.5,98.8,87.9,77.2,65.5,54.9,46.8,42.9,41.6,37.7,29.8,24.8,41.7,70.4,95.1,105.6,107.6,117.3,125.1,131.7,135.5,136.2,133.1,127.6,115.6,94.9,71.8,53.5,44.1,40.6,36,33,37.9,7916.9,7569.9,88.95393258,85.05505618,55,115,2,2
18,4,B,W,2,30.7,786,31,30,17,39,44,-51,1.5,0,1,0,90,2106,90,30,110.7,99.3,83.8,68.6,62.9,69.5,76.8,70.7,55.5,34.8,28.1,53.1,69.9,78.7,79.6,86.5,97.2,114.5,123.9,117.4,106.5,82.1,60.9,53.5,64.7,60,49.8,38.8,42.6,37.6,0,0,0,0,0,0,0,0,0,0,0,0,0,0,0,0,0,0,0,0,0,0,0,0,0,0,0,0,0,0,0,0,0,0,0,0,0,0,0,0,0,0,0,0,0,0,0,0,0,0,0,0,0,0,0,0,0,0,0,0,37.7,19.3,9.6,36.9,71.3,99,117.8,128.7,127.9,118.3,111.5,116.8,113,102.2,81.7,59,36,29.7,35,30.2,26.7,37.8,65.8,95.9,122.5,125.1,126.2,126.6,131.9,125.1,0,0,0,0,0,0,0,0,0,0,0,0,0,0,0,0,0,0,0,0,0,0,0,0,0,0,0,0,0,0,0,0,0,0,0,0,0,0,0,0,0,0,0,0,0,0,0,0,0,0,0,0,0,0,0,0,0,0,0,0,FS,O,,2021,6,2,4/10/2008,25.60260586,24.82203993,24.66592675,25.60260586,0,0,0,68.6,62.9,69.5,76.8,70.7,55.5,34.8,28.1,53.1,69.9,78.7,79.6,86.5,97.2,114.5,123.9,117.4,106.5,82.1,60.9,53.5,64.7,60,49.8,38.8,42.6,37.6,0,0,0,0,0,0,0,0,0,0,0,0,0,0,0,0,0,0,0,0,0,0,0,0,0,0,0,0,0,0,0,0,0,0,0,0,0,0,0,0,0,0,0,0,0,0,0,0,0,0,0,0,0,0,0,0,0,0,0,0,0,0,0,36.9,71.3,99,117.8,128.7,127.9,118.3,111.5,116.8,113,102.2,81.7,59,36,29.7,35,30.2,26.7,37.8,65.8,95.9,122.5,125.1,126.2,126.6,131.9,125.1,0,0,0,0,0,0,0,0,0,0,0,0,0,0,0,0,0,0,0,0,0,0,0,0,0,0,0,0,0,0,0,0,0,0,0,0,0,0,0,0,0,0,0,0,0,0,0,0,0,0,0,0,0,0,0,0,0,0,0,0,1884.2,2398.6,69.78518519,88.83703704,115,55,4,4
19,3,B,N,2,90.1,2217,30,24,40,35,25,49,1.5,1,2,0,90,2106,92,90,116.2,106.2,88.3,52.4,18,29.8,45.5,49.4,52.3,59,74.7,90.7,95,95.8,98.5,101.3,95.9,84.7,55.3,33.6,32.6,52,61.5,67.1,73.8,82.8,94.5,101.9,105,102.2,98.6,98.8,97.9,93.8,79,56.4,43.8,44.2,45.9,47,50.2,56.4,60.1,60.7,54.3,54.4,65.7,79.7,93.6,83.7,64,44.2,28.4,23.9,30.4,43.3,55.9,66.2,74.1,80.2,81.3,77.8,65.2,45.8,26.4,38.1,43.5,41.2,33,15.7,27.8,48.7,75.8,105.1,124.3,122.9,114.1,99.8,79.9,53.8,36.8,39.8,37.7,28.2,19.1,25.5,41.6,58.3,71.3,80.6,54.4,41.2,27.3,37.4,81.6,116.5,133.7,130.6,117.2,94.2,68.5,45.9,25.5,13.8,39.8,70,92.9,100.5,107.6,111.8,120.8,133,131.7,123.1,109,90.3,71.3,60.1,42.1,20,22,45.5,71.8,90.6,96.8,103.8,117.3,131,134.6,130.1,120.7,106.3,87.7,78.2,56.8,37.3,31.9,44.6,66.3,78,76,71.7,68.7,66,64.6,62.9,62.6,62.8,65.3,61.3,56.6,44,35.3,45.1,71.6,94.2,84.9,81.6,75.1,78.7,62.8,40.7,15.1,17.2,35.2,34.4,29,27.2,37.4,60.6,82.2,107.9,119.6,114.9,107.3,101.6,97.3,94.3,92.3,90.4,TT,O,,2021,1,2,3/29/2008,24.60599334,21.71603549,21.20582239,24.26710098,0,0,0,0,18,29.8,45.5,49.4,52.3,59,74.7,90.7,95,95.8,98.5,101.3,95.9,84.7,55.3,33.6,32.6,52,61.5,67.1,73.8,82.8,94.5,101.9,105,102.2,98.6,98.8,97.9,93.8,79,56.4,43.8,44.2,45.9,47,50.2,56.4,60.1,60.7,54.3,54.4,65.7,79.7,93.6,83.7,64,44.2,28.4,23.9,30.4,43.3,55.9,66.2,74.1,80.2,81.3,77.8,65.2,45.8,26.4,38.1,43.5,41.2,33,15.7,27.8,48.7,75.8,105.1,124.3,122.9,114.1,99.8,79.9,53.8,36.8,39.8,37.7,28.2,19.1,25.5,41.6,58.3,71.3,80.6,0,0,0,0,81.6,116.5,133.7,130.6,117.2,94.2,68.5,45.9,25.5,13.8,39.8,70,92.9,100.5,107.6,111.8,120.8,133,131.7,123.1,109,90.3,71.3,60.1,42.1,20,22,45.5,71.8,90.6,96.8,103.8,117.3,131,134.6,130.1,120.7,106.3,87.7,78.2,56.8,37.3,31.9,44.6,66.3,78,76,71.7,68.7,66,64.6,62.9,62.6,62.8,65.3,61.3,56.6,44,35.3,45.1,71.6,94.2,84.9,81.6,75.1,78.7,62.8,40.7,15.1,17.2,35.2,34.4,29,27.2,37.4,60.6,82.2,107.9,119.6,114.9,107.3,101.6,97.3,94.3,92.3,90.4,5486.8,6599.2,63.8,76.73488372,115,55,5,5
20,3,B,S,2,3.3,59,96,1,21,43,36,31,1.5,1,0,0,90,2106,92,3,49.3,30.9,11.6,0,0,0,0,0,0,0,0,0,0,0,0,0,0,0,0,0,0,0,0,0,0,0,0,0,0,0,0,0,0,0,0,0,0,0,0,0,0,0,0,0,0,0,0,0,0,0,0,0,0,0,0,0,0,0,0,0,0,0,0,0,0,0,0,0,0,0,0,0,0,0,0,0,0,0,0,0,0,0,0,0,0,0,0,0,0,0,120.2,109.9,95.9,0,0,0,0,0,0,0,0,0,0,0,0,0,0,0,0,0,0,0,0,0,0,0,0,0,0,0,0,0,0,0,0,0,0,0,0,0,0,0,0,0,0,0,0,0,0,0,0,0,0,0,0,0,0,0,0,0,0,0,0,0,0,0,0,0,0,0,0,0,0,0,0,0,0,0,0,0,0,0,0,0,0,0,0,0,0,0,TT,O,,2021,2,2,3/29/2008,17.87878788,21.71603549,21.20582239,24.26710098,0,0,0,0,0,0,0,0,0,0,0,0,0,0,0,0,0,0,0,0,0,0,0,0,0,0,0,0,0,0,0,0,0,0,0,0,0,0,0,0,0,0,0,0,0,0,0,0,0,0,0,0,0,0,0,0,0,0,0,0,0,0,0,0,0,0,0,0,0,0,0,0,0,0,0,0,0,0,0,0,0,0,0,0,0,0,0,0,0,0,0,0,0,0,0,0,0,0,0,0,0,0,0,0,0,0,0,0,0,0,0,0,0,0,0,0,0,0,0,0,0,0,0,0,0,0,0,0,0,0,0,0,0,0,0,0,0,0,0,0,0,0,0,0,0,0,0,0,0,0,0,0,0,0,0,0,0,0,0,0,0,0,0,0,0,0,0,0,0,0,0,0,0,0,0,0,0,0,0,0,0,0,0,0,55,115,3,3
21,3,B,W,2,86.9,1697,31,15,35,43,22,33,1.5,1,1,0,90,2106,92,86,111.6,98.9,77.5,54.2,52.8,73.2,97.9,103.7,100.2,88.8,81.9,76.3,77,79,72.2,57,35.5,24.1,31.4,41.6,38.7,37.8,44.9,55.5,59.7,51.4,40.4,27.3,27,27.2,29,24.8,25.6,21.2,13.9,13.5,24,26.7,30.8,42.1,46.1,48.3,49.6,50,49.9,48.5,46.9,46,51.9,50.1,46.5,38.9,34.7,53.6,71.6,72.9,69.7,70.3,73.9,81.8,89.1,92,87.7,75,55.9,41.9,45.6,58.1,67.7,64.4,53.3,43.8,42.7,57.2,81.8,100.8,107.2,108.5,108.8,113.8,117.1,115.1,103.8,89.7,61.4,33.5,0,0,0,0,61.7,60.1,50.1,42,44.6,58.8,63.9,57.8,43.7,19,17.1,53.4,78.4,100.6,108.9,110.7,110.9,111.8,113.4,106.1,91.2,72.4,51.4,34.6,39.8,60.3,79,100.9,114.9,113.9,108.3,97.5,97.1,93.2,86.7,78.5,82.1,98.3,112.5,131,134.7,133.5,127.6,118.8,110.8,104.8,101,99.9,108,106.2,101.3,92.7,100.3,117.8,129.5,123.9,113.7,101.9,90,79.1,68.7,66.3,52,41.4,37.8,53.4,74.4,96.8,112.6,110.7,97.7,80.1,57.2,33,18.9,18.7,18.8,23.1,30.4,49.8,61.7,62.5,59.5,59.2,60.7,71.6,0,0,0,0,TT,O,,2021,3,2,3/29/2008,19.52819333,21.71603549,21.20582239,24.26710098,0,0,0,0,52.8,73.2,97.9,103.7,100.2,88.8,81.9,76.3,77,79,72.2,57,35.5,24.1,31.4,41.6,38.7,37.8,44.9,55.5,59.7,51.4,40.4,27.3,27,27.2,29,24.8,25.6,21.2,13.9,13.5,24,26.7,30.8,42.1,46.1,48.3,49.6,50,49.9,48.5,46.9,46,51.9,50.1,46.5,38.9,34.7,53.6,71.6,72.9,69.7,70.3,73.9,81.8,89.1,92,87.7,75,55.9,41.9,45.6,58.1,67.7,64.4,53.3,43.8,42.7,57.2,81.8,100.8,107.2,108.5,108.8,113.8,117.1,115.1,103.8,89.7,61.4,33.5,0,0,0,0,0,0,0,0,44.6,58.8,63.9,57.8,43.7,19,17.1,53.4,78.4,100.6,108.9,110.7,110.9,111.8,113.4,106.1,91.2,72.4,51.4,34.6,39.8,60.3,79,100.9,114.9,113.9,108.3,97.5,97.1,93.2,86.7,78.5,82.1,98.3,112.5,131,134.7,133.5,127.6,118.8,110.8,104.8,101,99.9,108,106.2,101.3,92.7,100.3,117.8,129.5,123.9,113.7,101.9,90,79.1,68.7,66.3,52,41.4,37.8,53.4,74.4,96.8,112.6,110.7,97.7,80.1,57.2,33,18.9,18.7,18.8,23.1,30.4,49.8,61.7,62.5,59.5,59.2,60.7,71.6,0,0,0,0,4871.2,6655.2,59.40487805,81.16097561,115,55,5,5
19,4,B,E,2,11.3,288,35,2,29,38,33,79,1.5,1,0,0,90,2106,92,11,70.6,63.5,55.8,39.7,42.2,60,65.8,63.4,49.5,31.8,12.6,0,0,0,0,0,0,0,0,0,0,0,0,0,0,0,0,0,0,0,0,0,0,0,0,0,0,0,0,0,0,0,0,0,0,0,0,0,0,0,0,0,0,0,0,0,0,0,0,0,0,0,0,0,0,0,0,0,0,0,0,0,0,0,0,0,0,0,0,0,0,0,0,0,0,0,0,0,0,0,123.4,105.4,96.5,67.5,53.3,71.4,98.1,114.6,119.3,112.5,101.1,0,0,0,0,0,0,0,0,0,0,0,0,0,0,0,0,0,0,0,0,0,0,0,0,0,0,0,0,0,0,0,0,0,0,0,0,0,0,0,0,0,0,0,0,0,0,0,0,0,0,0,0,0,0,0,0,0,0,0,0,0,0,0,0,0,0,0,0,0,0,0,0,0,0,0,0,0,0,0,TT,O,,2021,4,2,4/10/2008,25.48672566,21.71603549,21.20582239,24.26710098,0,0,55.8,39.7,42.2,60,65.8,63.4,49.5,31.8,12.6,0,0,0,0,0,0,0,0,0,0,0,0,0,0,0,0,0,0,0,0,0,0,0,0,0,0,0,0,0,0,0,0,0,0,0,0,0,0,0,0,0,0,0,0,0,0,0,0,0,0,0,0,0,0,0,0,0,0,0,0,0,0,0,0,0,0,0,0,0,0,0,0,0,0,0,0,0,0,0,0,0,96.5,67.5,53.3,71.4,98.1,114.6,119.3,112.5,101.1,0,0,0,0,0,0,0,0,0,0,0,0,0,0,0,0,0,0,0,0,0,0,0,0,0,0,0,0,0,0,0,0,0,0,0,0,0,0,0,0,0,0,0,0,0,0,0,0,0,0,0,0,0,0,0,0,0,0,0,0,0,0,0,0,0,0,0,0,0,0,0,0,0,0,0,0,0,0,0,420.8,834.3,46.75555556,92.7,55,115,3,3
20,4,B,S,2,3.4,63,100,0,27,42,31,43,1.5,1,0,0,90,2106,92,3,46.3,27.7,9.8,0,0,0,0,0,0,0,0,0,0,0,0,0,0,0,0,0,0,0,0,0,0,0,0,0,0,0,0,0,0,0,0,0,0,0,0,0,0,0,0,0,0,0,0,0,0,0,0,0,0,0,0,0,0,0,0,0,0,0,0,0,0,0,0,0,0,0,0,0,0,0,0,0,0,0,0,0,0,0,0,0,0,0,0,0,0,0,116.7,110.1,98.4,0,0,0,0,0,0,0,0,0,0,0,0,0,0,0,0,0,0,0,0,0,0,0,0,0,0,0,0,0,0,0,0,0,0,0,0,0,0,0,0,0,0,0,0,0,0,0,0,0,0,0,0,0,0,0,0,0,0,0,0,0,0,0,0,0,0,0,0,0,0,0,0,0,0,0,0,0,0,0,0,0,0,0,0,0,0,0,TT,O,,2021,5,2,4/10/2008,18.52941176,21.71603549,21.20582239,24.26710098,0,0,0,0,0,0,0,0,0,0,0,0,0,0,0,0,0,0,0,0,0,0,0,0,0,0,0,0,0,0,0,0,0,0,0,0,0,0,0,0,0,0,0,0,0,0,0,0,0,0,0,0,0,0,0,0,0,0,0,0,0,0,0,0,0,0,0,0,0,0,0,0,0,0,0,0,0,0,0,0,0,0,0,0,0,0,0,0,0,0,0,0,0,0,0,0,0,0,0,0,0,0,0,0,0,0,0,0,0,0,0,0,0,0,0,0,0,0,0,0,0,0,0,0,0,0,0,0,0,0,0,0,0,0,0,0,0,0,0,0,0,0,0,0,0,0,0,0,0,0,0,0,0,0,0,0,0,0,0,0,0,0,0,0,0,0,0,0,0,0,0,0,0,0,0,0,0,0,0,0,0,0,0,0,55,115,3,3
21,4,B,W,2,30.7,745,16,24,85,9,6,35,1.5,0,2,0,90,2106,92,30,112,102.4,79.3,43.1,28.6,49.4,74.3,82.8,82.5,82.5,80,68.1,49.9,20.5,27.9,47.9,65.1,80.2,89,93.1,91.9,84.3,69,46.6,25.8,20.9,41.2,63.4,75.1,84.3,0,0,0,0,0,0,0,0,0,0,0,0,0,0,0,0,0,0,0,0,0,0,0,0,0,0,0,0,0,0,0,0,0,0,0,0,0,0,0,0,0,0,0,0,0,0,0,0,0,0,0,0,0,0,0,0,0,0,0,0,59.8,60.5,58.5,58.2,65.8,77.8,80.7,69.5,57.8,36.9,13.9,25.4,45.5,70.4,77.1,74.5,63,47.7,39.3,23.5,8.4,24.2,49,65.6,69.3,73,81.6,81.4,70.4,56.1,0,0,0,0,0,0,0,0,0,0,0,0,0,0,0,0,0,0,0,0,0,0,0,0,0,0,0,0,0,0,0,0,0,0,0,0,0,0,0,0,0,0,0,0,0,0,0,0,0,0,0,0,0,0,0,0,0,0,0,0,FS,O,,2021,6,2,4/10/2008,24.26710098,21.71603549,21.20582239,24.26710098,0,0,0,0,28.6,49.4,74.3,82.8,82.5,82.5,80,68.1,49.9,20.5,27.9,47.9,65.1,80.2,89,93.1,91.9,84.3,69,46.6,25.8,20.9,41.2,63.4,75.1,84.3,0,0,0,0,0,0,0,0,0,0,0,0,0,0,0,0,0,0,0,0,0,0,0,0,0,0,0,0,0,0,0,0,0,0,0,0,0,0,0,0,0,0,0,0,0,0,0,0,0,0,0,0,0,0,0,0,0,0,0,0,0,0,0,0,65.8,77.8,80.7,69.5,57.8,36.9,13.9,25.4,45.5,70.4,77.1,74.5,63,47.7,39.3,23.5,8.4,24.2,49,65.6,69.3,73,81.6,81.4,70.4,56.1,0,0,0,0,0,0,0,0,0,0,0,0,0,0,0,0,0,0,0,0,0,0,0,0,0,0,0,0,0,0,0,0,0,0,0,0,0,0,0,0,0,0,0,0,0,0,0,0,0,0,0,0,0,0,0,0,0,0,0,0,1624.3,1447.8,62.47307692,55.68461538,115,55,5,5
25,3,B,N,2,21.8,607,29,20,29,60,11,-39,1.5,1,0,0,90,2106,97,21,110.1,96.5,67.9,36.3,19.1,28.4,16.2,15.7,33.5,52.7,70.1,88.6,102.5,105.2,102.1,98.7,100.1,98.1,87,57.3,29.3,0,0,0,0,0,0,0,0,0,0,0,0,0,0,0,0,0,0,0,0,0,0,0,0,0,0,0,0,0,0,0,0,0,0,0,0,0,0,0,0,0,0,0,0,0,0,0,0,0,0,0,0,0,0,0,0,0,0,0,0,0,0,0,0,0,0,0,0,0,60.7,64,70.7,77.9,72.5,71.5,92.5,102.1,102.9,94.4,79.1,60.8,48.7,35.9,15.8,30,54.8,78.7,90.7,87.1,84.5,0,0,0,0,0,0,0,0,0,0,0,0,0,0,0,0,0,0,0,0,0,0,0,0,0,0,0,0,0,0,0,0,0,0,0,0,0,0,0,0,0,0,0,0,0,0,0,0,0,0,0,0,0,0,0,0,0,0,0,0,0,0,0,0,0,0,0,0,0,TT,O,,2021,1,2,3/29/2008,27.8440367,25.28968675,25.78084885,22.83387622,0,0,0,36.3,19.1,28.4,16.2,15.7,33.5,52.7,70.1,88.6,102.5,105.2,102.1,98.7,100.1,98.1,87,57.3,29.3,0,0,0,0,0,0,0,0,0,0,0,0,0,0,0,0,0,0,0,0,0,0,0,0,0,0,0,0,0,0,0,0,0,0,0,0,0,0,0,0,0,0,0,0,0,0,0,0,0,0,0,0,0,0,0,0,0,0,0,0,0,0,0,0,0,0,0,0,0,0,0,0,77.9,72.5,71.5,92.5,102.1,102.9,94.4,79.1,60.8,48.7,35.9,15.8,30,54.8,78.7,90.7,87.1,84.5,0,0,0,0,0,0,0,0,0,0,0,0,0,0,0,0,0,0,0,0,0,0,0,0,0,0,0,0,0,0,0,0,0,0,0,0,0,0,0,0,0,0,0,0,0,0,0,0,0,0,0,0,0,0,0,0,0,0,0,0,0,0,0,0,0,0,0,0,0,1140.9,1279.9,63.38333333,71.10555556,115,55,4,4
26,3,B,S,2,45.7,1173,17,27,16,75,9,-90,1.5,0,1,0,90,2106,97,45,57.6,66,81.3,100.1,109.9,110.3,110.6,107.5,101.5,91.5,79.7,68.7,53.7,35.7,22.3,41.1,59.8,76.4,94.6,103.4,109.7,112.1,111.7,112,110.2,107.3,100,93.8,79.3,60.8,38.2,16,28,47.5,71,84.1,89.8,88,84.7,85.9,83.8,79.3,62.7,48.1,36.4,0,0,0,0,0,0,0,0,0,0,0,0,0,0,0,0,0,0,0,0,0,0,0,0,0,0,0,0,0,0,0,0,0,0,0,0,0,0,0,0,0,0,0,0,0,102.2,85.3,66.1,46.7,30.6,22.7,36,53.5,64.5,84.8,101.6,116.4,121.9,117.8,107.2,104.1,93.1,84.7,73.8,59.5,43.2,28.7,24.1,34.6,51.6,63.1,74.6,88.7,96.1,98.7,94.8,82.8,75.2,75.9,70.5,54.6,34.1,11.8,17.6,42.3,57.6,74.5,84.6,98.5,108.6,0,0,0,0,0,0,0,0,0,0,0,0,0,0,0,0,0,0,0,0,0,0,0,0,0,0,0,0,0,0,0,0,0,0,0,0,0,0,0,0,0,0,0,0,0,TT,O,,2021,2,2,3/29/2008,25.66739606,25.28968675,25.78084885,22.83387622,0,66,81.3,100.1,109.9,110.3,110.6,107.5,101.5,91.5,79.7,68.7,53.7,35.7,22.3,41.1,59.8,76.4,94.6,103.4,109.7,112.1,111.7,112,110.2,107.3,100,93.8,79.3,60.8,38.2,16,28,47.5,71,84.1,89.8,88,84.7,85.9,83.8,79.3,62.7,48.1,36.4,0,0,0,0,0,0,0,0,0,0,0,0,0,0,0,0,0,0,0,0,0,0,0,0,0,0,0,0,0,0,0,0,0,0,0,0,0,0,0,0,0,0,0,0,0,0,85.3,66.1,46.7,30.6,22.7,36,53.5,64.5,84.8,101.6,116.4,121.9,117.8,107.2,104.1,93.1,84.7,73.8,59.5,43.2,28.7,24.1,34.6,51.6,63.1,74.6,88.7,96.1,98.7,94.8,82.8,75.2,75.9,70.5,54.6,34.1,11.8,17.6,42.3,57.6,74.5,84.6,98.5,108.6,0,0,0,0,0,0,0,0,0,0,0,0,0,0,0,0,0,0,0,0,0,0,0,0,0,0,0,0,0,0,0,0,0,0,0,0,0,0,0,0,0,0,0,0,0,3454.5,3057.1,78.51136364,69.47954545,55,115,2,2
27,3,B,W,2,25.4,643,16,32,60,39,1,-62,1.5,1,2,0,90,2106,97,25,108.4,98,85.4,82.8,77.7,64.5,48.6,29.3,23.6,36,58.4,69.5,86.1,88.1,87.9,85,78.5,61.8,70.9,77.1,77.7,71.6,54.2,38.1,16.7,0,0,0,0,0,0,0,0,0,0,0,0,0,0,0,0,0,0,0,0,0,0,0,0,0,0,0,0,0,0,0,0,0,0,0,0,0,0,0,0,0,0,0,0,0,0,0,0,0,0,0,0,0,0,0,0,0,0,0,0,0,0,0,0,0,38,15.4,18.3,44.6,62.4,82.7,98.5,105.9,110.6,101.4,83.2,65.9,44.7,23.4,6.6,18.5,32.8,61.3,77.6,65.2,61.8,45.4,40.3,53.4,79,0,0,0,0,0,0,0,0,0,0,0,0,0,0,0,0,0,0,0,0,0,0,0,0,0,0,0,0,0,0,0,0,0,0,0,0,0,0,0,0,0,0,0,0,0,0,0,0,0,0,0,0,0,0,0,0,0,0,0,0,0,0,0,0,0,TT,O,,2021,3,2,3/29/2008,25.31496063,25.28968675,25.78084885,22.83387622,0,0,0,82.8,77.7,64.5,48.6,29.3,23.6,36,58.4,69.5,86.1,88.1,87.9,85,78.5,61.8,70.9,77.1,77.7,71.6,54.2,38.1,16.7,0,0,0,0,0,0,0,0,0,0,0,0,0,0,0,0,0,0,0,0,0,0,0,0,0,0,0,0,0,0,0,0,0,0,0,0,0,0,0,0,0,0,0,0,0,0,0,0,0,0,0,0,0,0,0,0,0,0,0,0,0,0,0,0,0,0,0,0,44.6,62.4,82.7,98.5,105.9,110.6,101.4,83.2,65.9,44.7,23.4,6.6,18.5,32.8,61.3,77.6,65.2,61.8,45.4,40.3,53.4,79,0,0,0,0,0,0,0,0,0,0,0,0,0,0,0,0,0,0,0,0,0,0,0,0,0,0,0,0,0,0,0,0,0,0,0,0,0,0,0,0,0,0,0,0,0,0,0,0,0,0,0,0,0,0,0,0,0,0,0,0,0,0,0,0,0,1384.1,1365.2,62.91363636,62.05454545,115,55,4,4
25,4,B,E,2,3.2,83,80,4,0,45,55,-59,1.5,0,0,0,90,2106,97,3,59.9,53.5,23.7,0,0,0,0,0,0,0,0,0,0,0,0,0,0,0,0,0,0,0,0,0,0,0,0,0,0,0,0,0,0,0,0,0,0,0,0,0,0,0,0,0,0,0,0,0,0,0,0,0,0,0,0,0,0,0,0,0,0,0,0,0,0,0,0,0,0,0,0,0,0,0,0,0,0,0,0,0,0,0,0,0,0,0,0,0,0,0,119,124.3,108.8,0,0,0,0,0,0,0,0,0,0,0,0,0,0,0,0,0,0,0,0,0,0,0,0,0,0,0,0,0,0,0,0,0,0,0,0,0,0,0,0,0,0,0,0,0,0,0,0,0,0,0,0,0,0,0,0,0,0,0,0,0,0,0,0,0,0,0,0,0,0,0,0,0,0,0,0,0,0,0,0,0,0,0,0,0,0,0,TT,O,,2021,4,2,4/10/2008,25.9375,25.28968675,25.78084885,22.83387622,0,53.5,23.7,0,0,0,0,0,0,0,0,0,0,0,0,0,0,0,0,0,0,0,0,0,0,0,0,0,0,0,0,0,0,0,0,0,0,0,0,0,0,0,0,0,0,0,0,0,0,0,0,0,0,0,0,0,0,0,0,0,0,0,0,0,0,0,0,0,0,0,0,0,0,0,0,0,0,0,0,0,0,0,0,0,0,0,0,0,0,0,0,124.3,108.8,0,0,0,0,0,0,0,0,0,0,0,0,0,0,0,0,0,0,0,0,0,0,0,0,0,0,0,0,0,0,0,0,0,0,0,0,0,0,0,0,0,0,0,0,0,0,0,0,0,0,0,0,0,0,0,0,0,0,0,0,0,0,0,0,0,0,0,0,0,0,0,0,0,0,0,0,0,0,0,0,0,0,0,0,0,0,0,77.2,233.1,38.6,116.55,55,115,2,2
26,4,B,S,2,28.5,688,14,30,90,8,2,-83,1.5,1,0,0,90,2106,97,28,56.8,62.6,67.8,61.9,61.9,77.8,80.8,79.7,65.3,40.7,14.1,27.7,36.8,45.8,46.2,64.5,78.8,77.3,76.1,61.5,69.4,83.7,89.8,89,81.8,61.3,40.2,27.3,0,0,0,0,0,0,0,0,0,0,0,0,0,0,0,0,0,0,0,0,0,0,0,0,0,0,0,0,0,0,0,0,0,0,0,0,0,0,0,0,0,0,0,0,0,0,0,0,0,0,0,0,0,0,0,0,0,0,0,0,0,0,100.5,79,53.7,33,36.4,43.4,41.5,24.4,24.9,53.2,77.7,89.6,75.3,56.7,53.7,31.6,17.2,13.1,15.3,39.7,49.1,41.3,50,51.6,57.2,63.6,77.8,95.9,0,0,0,0,0,0,0,0,0,0,0,0,0,0,0,0,0,0,0,0,0,0,0,0,0,0,0,0,0,0,0,0,0,0,0,0,0,0,0,0,0,0,0,0,0,0,0,0,0,0,0,0,0,0,0,0,0,0,0,0,0,0,TT,O,,2021,5,2,4/10/2008,24.14035088,25.28968675,25.78084885,22.83387622,0,62.6,67.8,61.9,61.9,77.8,80.8,79.7,65.3,40.7,14.1,27.7,36.8,45.8,46.2,64.5,78.8,77.3,76.1,61.5,69.4,83.7,89.8,89,81.8,61.3,40.2,27.3,0,0,0,0,0,0,0,0,0,0,0,0,0,0,0,0,0,0,0,0,0,0,0,0,0,0,0,0,0,0,0,0,0,0,0,0,0,0,0,0,0,0,0,0,0,0,0,0,0,0,0,0,0,0,0,0,0,0,0,0,0,0,0,79,53.7,33,36.4,43.4,41.5,24.4,24.9,53.2,77.7,89.6,75.3,56.7,53.7,31.6,17.2,13.1,15.3,39.7,49.1,41.3,50,51.6,57.2,63.6,77.8,95.9,0,0,0,0,0,0,0,0,0,0,0,0,0,0,0,0,0,0,0,0,0,0,0,0,0,0,0,0,0,0,0,0,0,0,0,0,0,0,0,0,0,0,0,0,0,0,0,0,0,0,0,0,0,0,0,0,0,0,0,0,0,0,1669.8,1345.9,61.84444444,49.84814815,55,115,2,2
27,4,B,W,2,30.7,701,14,35,56,43,1,-39,1.5,0,1,0,90,2106,97,30,103.6,86.4,68.2,50.3,57.4,59.4,48.4,33.5,42.6,58.5,67.2,69.3,70.7,67.8,59.9,52.7,33.1,17.4,23.6,36.7,55.4,76.5,85.9,94.3,98.9,100.9,100.6,97.2,90.3,76.5,0,0,0,0,0,0,0,0,0,0,0,0,0,0,0,0,0,0,0,0,0,0,0,0,0,0,0,0,0,0,0,0,0,0,0,0,0,0,0,0,0,0,0,0,0,0,0,0,0,0,0,0,0,0,0,0,0,0,0,0,36.8,16.6,21.8,52.5,63.3,67.9,75.6,67.7,52.9,43.9,34.1,25.5,21.8,37.4,61.7,78.8,93.2,101.9,106.4,101,94.4,93.4,80.3,67.5,62.3,45.2,25.9,11.2,18.5,35.5,0,0,0,0,0,0,0,0,0,0,0,0,0,0,0,0,0,0,0,0,0,0,0,0,0,0,0,0,0,0,0,0,0,0,0,0,0,0,0,0,0,0,0,0,0,0,0,0,0,0,0,0,0,0,0,0,0,0,0,0,FS,O,,2021,6,2,4/10/2008,22.83387622,25.28968675,25.78084885,22.83387622,0,0,0,0,57.4,59.4,48.4,33.5,42.6,58.5,67.2,69.3,70.7,67.8,59.9,52.7,33.1,17.4,23.6,36.7,55.4,76.5,85.9,94.3,98.9,100.9,100.6,97.2,90.3,76.5,0,0,0,0,0,0,0,0,0,0,0,0,0,0,0,0,0,0,0,0,0,0,0,0,0,0,0,0,0,0,0,0,0,0,0,0,0,0,0,0,0,0,0,0,0,0,0,0,0,0,0,0,0,0,0,0,0,0,0,0,0,0,0,0,63.3,67.9,75.6,67.7,52.9,43.9,34.1,25.5,21.8,37.4,61.7,78.8,93.2,101.9,106.4,101,94.4,93.4,80.3,67.5,62.3,45.2,25.9,11.2,18.5,35.5,0,0,0,0,0,0,0,0,0,0,0,0,0,0,0,0,0,0,0,0,0,0,0,0,0,0,0,0,0,0,0,0,0,0,0,0,0,0,0,0,0,0,0,0,0,0,0,0,0,0,0,0,0,0,0,0,0,0,0,0,1674.7,1567.3,64.41153846,60.28076923,115,55,5,5
28,3,B,N,2,24.1,262,64,1,44,41,15,-32,1.5,1,0,0,90,2106,99,24,109.8,106.4,102.8,93.5,78.4,63.1,51.3,42.3,34.1,27.3,21.5,16.5,13.2,12.3,12.8,14.6,17.4,21.2,29.9,39.4,37.1,38.7,18.9,9.6,0,0,0,0,0,0,0,0,0,0,0,0,0,0,0,0,0,0,0,0,0,0,0,0,0,0,0,0,0,0,0,0,0,0,0,0,0,0,0,0,0,0,0,0,0,0,0,0,0,0,0,0,0,0,0,0,0,0,0,0,0,0,0,0,0,0,63.4,60.5,64.4,65.2,60.9,61.8,66.2,70.8,75.5,80.5,85,88.9,92,96.4,99.7,103,106.5,110.5,118.9,128.5,125.3,126.7,108.2,98.9,0,0,0,0,0,0,0,0,0,0,0,0,0,0,0,0,0,0,0,0,0,0,0,0,0,0,0,0,0,0,0,0,0,0,0,0,0,0,0,0,0,0,0,0,0,0,0,0,0,0,0,0,0,0,0,0,0,0,0,0,0,0,0,0,0,0,TT,O,,2021,1,2,3/29/2008,10.87136929,21.37859028,20.14132132,27.56493506,0,0,0,0,0,63.1,51.3,42.3,34.1,27.3,21.5,16.5,13.2,12.3,12.8,14.6,17.4,21.2,29.9,39.4,37.1,38.7,18.9,9.6,0,0,0,0,0,0,0,0,0,0,0,0,0,0,0,0,0,0,0,0,0,0,0,0,0,0,0,0,0,0,0,0,0,0,0,0,0,0,0,0,0,0,0,0,0,0,0,0,0,0,0,0,0,0,0,0,0,0,0,0,0,0,0,0,0,0,0,0,0,0,0,61.8,66.2,70.8,75.5,80.5,85,88.9,92,96.4,99.7,103,106.5,110.5,118.9,128.5,125.3,126.7,108.2,98.9,0,0,0,0,0,0,0,0,0,0,0,0,0,0,0,0,0,0,0,0,0,0,0,0,0,0,0,0,0,0,0,0,0,0,0,0,0,0,0,0,0,0,0,0,0,0,0,0,0,0,0,0,0,0,0,0,0,0,0,0,0,0,0,0,0,0,521.2,1843.3,27.43157895,97.01578947,115,55,6,6
29,3,B,S,2,90.1,2133,24,22,22,32,46,-98,1.5,1,0,0,90,2106,99,90,53.2,55.8,63,79.5,103.9,124.5,122.9,116.6,103.1,76.4,56.4,61.7,65.7,48,26.4,39.9,55.2,60.5,73.5,92,107.4,109.8,102.8,92.5,73.6,57.6,63.6,78.5,74.7,67.1,36.5,13,33,57.6,72.9,72.7,75.3,71,70.8,79.5,97.9,108.5,118.7,122.4,120.6,115.7,107.8,101.1,93.1,88.7,88.7,84.3,96,87.8,74.3,62.6,33.3,22.2,37.2,44.9,40.7,41.6,44.9,44.1,40.1,41.7,57.4,79.4,104.1,118.7,116.1,111.2,94.5,70.7,45.6,41.5,54,51.8,47.6,45.7,28.3,25.4,48.9,75.8,97.4,98.9,96.7,97.1,97.9,96.6,105.4,87.9,65.7,38.5,23.2,35.4,35.3,32.2,32.3,48.2,80.4,116.2,128,121,112.9,117.7,120.7,100.5,79.7,68.1,74.2,68.8,48.3,23.2,18.5,55.3,94.6,120.7,119.9,118.6,106.7,84.9,81.1,94.5,108.4,106.5,97.2,80.6,56.9,28,15.7,23.6,38.7,48.5,50.6,60.1,74.9,80.9,87.8,93.7,88.7,84,85.4,68.5,53.5,48.9,68.7,104.6,124.2,133.5,128.1,126.5,126.5,111.6,87.7,63.1,34.5,18.1,36.3,59.3,62,60.3,61.3,66.6,81.1,106.3,126.5,129.6,130.1,128.5,116.2,94.8,83.6,87.5,91.7,88.2,78.2,63.5,44.7,22.6,TT,O,,2021,2,2,3/29/2008,23.67369589,21.37859028,20.14132132,27.56493506,0,0,63,79.5,103.9,124.5,122.9,116.6,103.1,76.4,56.4,61.7,65.7,48,26.4,39.9,55.2,60.5,73.5,92,107.4,109.8,102.8,92.5,73.6,57.6,63.6,78.5,74.7,67.1,36.5,13,33,57.6,72.9,72.7,75.3,71,70.8,79.5,97.9,108.5,118.7,122.4,120.6,115.7,107.8,101.1,93.1,88.7,88.7,84.3,96,87.8,74.3,62.6,33.3,22.2,37.2,44.9,40.7,41.6,44.9,44.1,40.1,41.7,57.4,79.4,104.1,118.7,116.1,111.2,94.5,70.7,45.6,41.5,54,51.8,47.6,45.7,28.3,25.4,48.9,75.8,97.4,98.9,96.7,97.1,97.9,96.6,0,0,65.7,38.5,23.2,35.4,35.3,32.2,32.3,48.2,80.4,116.2,128,121,112.9,117.7,120.7,100.5,79.7,68.1,74.2,68.8,48.3,23.2,18.5,55.3,94.6,120.7,119.9,118.6,106.7,84.9,81.1,94.5,108.4,106.5,97.2,80.6,56.9,28,15.7,23.6,38.7,48.5,50.6,60.1,74.9,80.9,87.8,93.7,88.7,84,85.4,68.5,53.5,48.9,68.7,104.6,124.2,133.5,128.1,126.5,126.5,111.6,87.7,63.1,34.5,18.1,36.3,59.3,62,60.3,61.3,66.6,81.1,106.3,126.5,129.6,130.1,128.5,116.2,94.8,83.6,87.5,91.7,88.2,78.2,63.5,44.7,22.6,6539.3,6892.4,74.31022727,78.32272727,55,115,3,3
30,3,B,W,2,6.1,135,21,48,60,25,15,-43,1.5,1,0,0,90,2106,99,6,113.4,102.9,90.9,74,42.3,10.8,0,0,0,0,0,0,0,0,0,0,0,0,0,0,0,0,0,0,0,0,0,0,0,0,0,0,0,0,0,0,0,0,0,0,0,0,0,0,0,0,0,0,0,0,0,0,0,0,0,0,0,0,0,0,0,0,0,0,0,0,0,0,0,0,0,0,0,0,0,0,0,0,0,0,0,0,0,0,0,0,0,0,0,0,52.2,38.3,25.7,24.6,48.1,81.9,0,0,0,0,0,0,0,0,0,0,0,0,0,0,0,0,0,0,0,0,0,0,0,0,0,0,0,0,0,0,0,0,0,0,0,0,0,0,0,0,0,0,0,0,0,0,0,0,0,0,0,0,0,0,0,0,0,0,0,0,0,0,0,0,0,0,0,0,0,0,0,0,0,0,0,0,0,0,0,0,0,0,0,0,TT,O,,2021,3,2,3/29/2008,22.13114754,21.37859028,20.14132132,27.56493506,0,0,0,0,0,0,0,0,0,0,0,0,0,0,0,0,0,0,0,0,0,0,0,0,0,0,0,0,0,0,0,0,0,0,0,0,0,0,0,0,0,0,0,0,0,0,0,0,0,0,0,0,0,0,0,0,0,0,0,0,0,0,0,0,0,0,0,0,0,0,0,0,0,0,0,0,0,0,0,0,0,0,0,0,0,0,0,0,0,0,0,0,0,0,0,0,0,0,0,0,0,0,0,0,0,0,0,0,0,0,0,0,0,0,0,0,0,0,0,0,0,0,0,0,0,0,0,0,0,0,0,0,0,0,0,0,0,0,0,0,0,0,0,0,0,0,0,0,0,0,0,0,0,0,0,0,0,0,0,0,0,0,0,0,0,0,0,0,0,0,0,0,0,0,0,0,0,0,0,0,0,0,0,0,115,55,6,6
28,4,B,E,2,27.7,540,39,9,17,40,43,-35,1.5,1,0,0,90,2106,99,27,57,56.3,52.8,45.5,31.8,17.1,23.5,42,42.5,49,55.3,68.5,87.9,109.1,109.2,106.5,99.8,90.6,81.7,78.2,87,103.3,104.2,101.4,86,60.8,28.2,0,0,0,0,0,0,0,0,0,0,0,0,0,0,0,0,0,0,0,0,0,0,0,0,0,0,0,0,0,0,0,0,0,0,0,0,0,0,0,0,0,0,0,0,0,0,0,0,0,0,0,0,0,0,0,0,0,0,0,0,0,0,0,117.1,119.4,123.6,121.3,112.1,104.7,105.9,115.8,117.1,109.8,93.6,80.7,76.8,81,77.6,71.9,57.3,38.2,15.6,26.3,56.8,83.8,85.6,85.4,83.8,81.4,78.4,0,0,0,0,0,0,0,0,0,0,0,0,0,0,0,0,0,0,0,0,0,0,0,0,0,0,0,0,0,0,0,0,0,0,0,0,0,0,0,0,0,0,0,0,0,0,0,0,0,0,0,0,0,0,0,0,0,0,0,0,0,0,0,TT,O,,2021,4,2,4/10/2008,19.49458484,21.37859028,20.14132132,27.56493506,0,0,52.8,45.5,31.8,17.1,23.5,42,42.5,49,55.3,68.5,87.9,109.1,109.2,106.5,99.8,90.6,81.7,78.2,87,103.3,104.2,101.4,86,60.8,28.2,0,0,0,0,0,0,0,0,0,0,0,0,0,0,0,0,0,0,0,0,0,0,0,0,0,0,0,0,0,0,0,0,0,0,0,0,0,0,0,0,0,0,0,0,0,0,0,0,0,0,0,0,0,0,0,0,0,0,0,0,0,0,0,0,0,123.6,121.3,112.1,104.7,105.9,115.8,117.1,109.8,93.6,80.7,76.8,81,77.6,71.9,57.3,38.2,15.6,26.3,56.8,83.8,85.6,85.4,83.8,81.4,78.4,0,0,0,0,0,0,0,0,0,0,0,0,0,0,0,0,0,0,0,0,0,0,0,0,0,0,0,0,0,0,0,0,0,0,0,0,0,0,0,0,0,0,0,0,0,0,0,0,0,0,0,0,0,0,0,0,0,0,0,0,0,0,0,1761.9,2084.5,70.476,83.38,55,115,3,3
29,4,B,S,2,37.7,925,20,32,57,24,19,-120,1.5,2,1,0,90,2106,99,37,55.4,56.6,56.9,64.6,74.9,83.1,78.3,74.7,64.9,58.7,64.3,77.5,66.9,49.2,31,37.1,60,78.5,76.1,68.8,38.6,13.3,25.8,34.7,41.1,41.1,23.3,18.7,40.8,71.4,102.1,124,122.9,117.3,97.8,69.5,37.7,0,0,0,0,0,0,0,0,0,0,0,0,0,0,0,0,0,0,0,0,0,0,0,0,0,0,0,0,0,0,0,0,0,0,0,0,0,0,0,0,0,0,0,0,0,0,0,0,0,0,0,0,0,106.9,87.3,63.6,34.1,15.6,10,16.7,16.1,35.2,64.6,92.6,104.2,90.5,71.1,61.8,73.2,100.3,121.2,120,117.6,101.2,83.9,80.5,72.1,78.7,93.7,95.3,78.8,52.1,21.4,16.3,34.9,34.5,30.1,22.1,28.1,53.9,0,0,0,0,0,0,0,0,0,0,0,0,0,0,0,0,0,0,0,0,0,0,0,0,0,0,0,0,0,0,0,0,0,0,0,0,0,0,0,0,0,0,0,0,0,0,0,0,0,0,0,0,0,TT,O,,2021,5,2,4/10/2008,24.53580902,21.37859028,20.14132132,27.56493506,0,0,56.9,64.6,74.9,83.1,78.3,74.7,64.9,58.7,64.3,77.5,66.9,49.2,31,37.1,60,78.5,76.1,68.8,38.6,13.3,25.8,34.7,41.1,41.1,23.3,18.7,40.8,71.4,102.1,124,122.9,117.3,97.8,69.5,37.7,0,0,0,0,0,0,0,0,0,0,0,0,0,0,0,0,0,0,0,0,0,0,0,0,0,0,0,0,0,0,0,0,0,0,0,0,0,0,0,0,0,0,0,0,0,0,0,0,0,0,0,0,0,0,0,63.6,34.1,15.6,10,16.7,16.1,35.2,64.6,92.6,104.2,90.5,71.1,61.8,73.2,100.3,121.2,120,117.6,101.2,83.9,80.5,72.1,78.7,93.7,95.3,78.8,52.1,21.4,16.3,34.9,34.5,30.1,22.1,28.1,53.9,0,0,0,0,0,0,0,0,0,0,0,0,0,0,0,0,0,0,0,0,0,0,0,0,0,0,0,0,0,0,0,0,0,0,0,0,0,0,0,0,0,0,0,0,0,0,0,0,0,0,0,0,0,2185.6,2186,62.44571429,62.45714286,55,115,3,3
30,4,B,W,2,30.8,849,24,32,27,49,24,-52,1.5,1,1,0,90,2106,99,30,112.7,99.9,82.1,64.2,49.4,50.6,40.8,22.3,19.8,47.7,62.9,61.6,64.4,75,98.3,121.4,125.1,117.6,107.4,89.6,68.9,53.9,60.9,66.8,48,22,26.3,51.6,76.4,84.2,0,0,0,0,0,0,0,0,0,0,0,0,0,0,0,0,0,0,0,0,0,0,0,0,0,0,0,0,0,0,0,0,0,0,0,0,0,0,0,0,0,0,0,0,0,0,0,0,0,0,0,0,0,0,0,0,0,0,0,0,40.4,19,9,33.5,65.7,96.6,98.6,88.8,89.5,107,115,102.3,79.9,56.3,36.8,38.9,36.4,30.4,29.6,38.4,55.4,79.3,107.8,126.6,118.8,105.1,99.2,101.4,103.2,81.2,0,0,0,0,0,0,0,0,0,0,0,0,0,0,0,0,0,0,0,0,0,0,0,0,0,0,0,0,0,0,0,0,0,0,0,0,0,0,0,0,0,0,0,0,0,0,0,0,0,0,0,0,0,0,0,0,0,0,0,0,FS,O,,2021,6,2,4/10/2008,27.56493506,21.37859028,20.14132132,27.56493506,0,0,0,64.2,49.4,50.6,40.8,22.3,19.8,47.7,62.9,61.6,64.4,75,98.3,121.4,125.1,117.6,107.4,89.6,68.9,53.9,60.9,66.8,48,22,26.3,51.6,76.4,84.2,0,0,0,0,0,0,0,0,0,0,0,0,0,0,0,0,0,0,0,0,0,0,0,0,0,0,0,0,0,0,0,0,0,0,0,0,0,0,0,0,0,0,0,0,0,0,0,0,0,0,0,0,0,0,0,0,0,0,0,0,0,0,0,33.5,65.7,96.6,98.6,88.8,89.5,107,115,102.3,79.9,56.3,36.8,38.9,36.4,30.4,29.6,38.4,55.4,79.3,107.8,126.6,118.8,105.1,99.2,101.4,103.2,81.2,0,0,0,0,0,0,0,0,0,0,0,0,0,0,0,0,0,0,0,0,0,0,0,0,0,0,0,0,0,0,0,0,0,0,0,0,0,0,0,0,0,0,0,0,0,0,0,0,0,0,0,0,0,0,0,0,0,0,0,0,1777.1,2121.7,65.81851852,78.58148148,115,55,4,4
1,5,A,S,2,90.1,2117,21,22,14,40,46,-38,1.5,0,0,0,90,2106,4,90,33.7,25.1,40.1,69.2,99.1,122.3,124.7,124.2,118.6,110.7,101.3,85.1,69.2,63.4,60.3,60.9,55.5,55.7,56.2,57.9,68.8,90.7,114,126.4,125.3,120.9,116.3,112.7,107,100.8,92.2,81.3,72.6,62.9,51.4,43.6,41.3,43.5,44.8,52.3,59.3,58.9,62.6,65.2,75.7,90.9,109.7,124.4,122.4,115.6,104.8,92.1,66.7,42.4,28.5,39.2,56.4,66.1,76.1,78.6,84.3,91.6,97.6,98.5,99.8,101.4,99.3,96,83.5,72.8,52.2,31.5,22.7,34.2,54.3,64.3,63.8,63,63.4,62.5,51,33.3,31.2,49.7,66.9,74.1,77.3,80.3,80.6,71.1,105.9,83.6,55,24.6,16.9,34.9,37.1,38.4,40,46.2,52.9,64.9,80.2,89.5,105.2,111.2,109.8,107.1,94,76.5,56.2,37.5,35.9,39.6,37,40.4,52,67.9,82.7,86.8,101.7,113,123.2,127.1,127.7,128,129.9,130.1,127.5,123.2,118.4,114.5,100.8,86.4,70.8,54.6,50.6,54.1,51.9,51.6,48.7,45,39.4,49.1,68.9,95.6,115,126.1,122.8,105.1,86.7,68.2,52.3,43,24.7,17.5,38.8,54.6,70.6,80.2,93.7,103.6,110.3,119,129.2,128.9,116.6,100.2,86.2,79.5,59.5,57.4,78.1,97.4,110.6,109.2,106.6,103,100.7,102.5,TT,O,,2021,1,3,4/11/2008,23.49611543,22.57916755,22.91318288,20.90909091,0,25.1,40.1,69.2,99.1,122.3,124.7,124.2,118.6,110.7,101.3,85.1,69.2,63.4,60.3,60.9,55.5,55.7,56.2,57.9,68.8,90.7,114,126.4,125.3,120.9,116.3,112.7,107,100.8,92.2,81.3,72.6,62.9,51.4,43.6,41.3,43.5,44.8,52.3,59.3,58.9,62.6,65.2,75.7,90.9,109.7,124.4,122.4,115.6,104.8,92.1,66.7,42.4,28.5,39.2,56.4,66.1,76.1,78.6,84.3,91.6,97.6,98.5,99.8,101.4,99.3,96,83.5,72.8,52.2,31.5,22.7,34.2,54.3,64.3,63.8,63,63.4,62.5,51,33.3,31.2,49.7,66.9,74.1,77.3,80.3,80.6,71.1,0,83.6,55,24.6,16.9,34.9,37.1,38.4,40,46.2,52.9,64.9,80.2,89.5,105.2,111.2,109.8,107.1,94,76.5,56.2,37.5,35.9,39.6,37,40.4,52,67.9,82.7,86.8,101.7,113,123.2,127.1,127.7,128,129.9,130.1,127.5,123.2,118.4,114.5,100.8,86.4,70.8,54.6,50.6,54.1,51.9,51.6,48.7,45,39.4,49.1,68.9,95.6,115,126.1,122.8,105.1,86.7,68.2,52.3,43,24.7,17.5,38.8,54.6,70.6,80.2,93.7,103.6,110.3,119,129.2,128.9,116.6,100.2,86.2,79.5,59.5,57.4,78.1,97.4,110.6,109.2,106.6,103,100.7,102.5,6756.1,7133.6,75.91123596,80.15280899,55,115,2,2
2,5,A,W,2,5.4,129,24,1,43,35,22,33,1.5,1,0,0,90,2106,4,5,108,93.1,71,45.1,16.2,0,0,0,0,0,0,0,0,0,0,0,0,0,0,0,0,0,0,0,0,0,0,0,0,0,0,0,0,0,0,0,0,0,0,0,0,0,0,0,0,0,0,0,0,0,0,0,0,0,0,0,0,0,0,0,0,0,0,0,0,0,0,0,0,0,0,0,0,0,0,0,0,0,0,0,0,0,0,0,0,0,0,0,0,0,63.5,63.7,64.3,70.9,88.6,0,0,0,0,0,0,0,0,0,0,0,0,0,0,0,0,0,0,0,0,0,0,0,0,0,0,0,0,0,0,0,0,0,0,0,0,0,0,0,0,0,0,0,0,0,0,0,0,0,0,0,0,0,0,0,0,0,0,0,0,0,0,0,0,0,0,0,0,0,0,0,0,0,0,0,0,0,0,0,0,0,0,0,0,0,TT,O,,2021,2,3,4/11/2008,23.88888889,22.57916755,22.91318288,20.90909091,0,0,0,0,0,0,0,0,0,0,0,0,0,0,0,0,0,0,0,0,0,0,0,0,0,0,0,0,0,0,0,0,0,0,0,0,0,0,0,0,0,0,0,0,0,0,0,0,0,0,0,0,0,0,0,0,0,0,0,0,0,0,0,0,0,0,0,0,0,0,0,0,0,0,0,0,0,0,0,0,0,0,0,0,0,0,0,0,0,0,0,0,0,0,0,0,0,0,0,0,0,0,0,0,0,0,0,0,0,0,0,0,0,0,0,0,0,0,0,0,0,0,0,0,0,0,0,0,0,0,0,0,0,0,0,0,0,0,0,0,0,0,0,0,0,0,0,0,0,0,0,0,0,0,0,0,0,0,0,0,0,0,0,0,0,0,0,0,0,0,0,0,0,0,0,0,0,0,0,0,0,0,0,0,115,55,5,5
3,5,A,N,2,90.1,2324,21,38,7,31,62,65,1.5,0,3,0,90,2106,4,90,111.3,102.6,88.5,70.5,77.7,94.4,113,119.8,111.5,97.4,76.3,59.1,50.2,57.7,52.8,38.7,31,40.3,63,77.7,85.7,98,108.9,115.8,116.3,115,113.8,107.5,97.3,87.4,74.1,63.4,52.6,41.7,42.9,50.5,55.3,64.9,79.8,87.3,89.9,98.4,112.1,120.6,124.1,119.3,112.2,105.6,90.2,77.7,64,51.6,43.7,43.7,46.8,54.1,68.8,87.5,98.9,100.6,103.7,109.4,114.3,120.2,124.2,123.2,119.2,116,109.9,101.5,89.4,77.1,62.1,49.6,41,39.2,49.1,66.4,77.1,83.5,87.5,97.9,110.3,116.8,122.3,121.8,121.7,120.9,117.9,105.5,42.7,25.4,10,26.2,35,38.9,49.1,45.7,31.6,14.3,16.8,44.6,82.2,110.3,117.6,117.9,119.4,121.3,127.4,120.7,104.3,88.8,73.9,62.2,44.9,33.5,29.1,36.5,55.3,80.6,96.3,112.4,122.6,125.5,131.7,134.1,124.5,111.9,100,84,66.4,41.5,30.4,33.5,41.8,51,63.4,78.4,88.3,102.2,113.4,120.6,127.6,132.5,129.1,121.1,113.6,108.5,98.4,83.2,69,55.2,44.4,35.8,35.8,40.5,48.6,61.4,73.2,84.9,95.2,105,114.8,121.6,126.5,127.1,127,127.8,119.7,106.4,87.9,69.2,56.6,48.4,40.9,33.3,35.5,45.9,58.2,64.7,TT,O,,2021,3,3,4/11/2008,25.79356271,22.57916755,22.91318288,20.90909091,0,0,0,0,77.7,94.4,113,119.8,111.5,97.4,76.3,59.1,50.2,57.7,52.8,38.7,31,40.3,63,77.7,85.7,98,108.9,115.8,116.3,115,113.8,107.5,97.3,87.4,74.1,63.4,52.6,41.7,42.9,50.5,55.3,64.9,79.8,87.3,89.9,98.4,112.1,120.6,124.1,119.3,112.2,105.6,90.2,77.7,64,51.6,43.7,43.7,46.8,54.1,68.8,87.5,98.9,100.6,103.7,109.4,114.3,120.2,124.2,123.2,119.2,116,109.9,101.5,89.4,77.1,62.1,49.6,41,39.2,49.1,66.4,77.1,83.5,87.5,97.9,110.3,116.8,122.3,121.8,121.7,120.9,117.9,105.5,0,0,0,0,35,38.9,49.1,45.7,31.6,14.3,16.8,44.6,82.2,110.3,117.6,117.9,119.4,121.3,127.4,120.7,104.3,88.8,73.9,62.2,44.9,33.5,29.1,36.5,55.3,80.6,96.3,112.4,122.6,125.5,131.7,134.1,124.5,111.9,100,84,66.4,41.5,30.4,33.5,41.8,51,63.4,78.4,88.3,102.2,113.4,120.6,127.6,132.5,129.1,121.1,113.6,108.5,98.4,83.2,69,55.2,44.4,35.8,35.8,40.5,48.6,61.4,73.2,84.9,95.2,105,114.8,121.6,126.5,127.1,127,127.8,119.7,106.4,87.9,69.2,56.6,48.4,40.9,33.3,35.5,45.9,58.2,64.7,7427.3,6950.3,86.36395349,80.81744186,115,55,5,5
1,6,A,N,2,90.1,1828,25,23,1,39,60,63,1.5,0,1,0,90,2106,4,90,113.4,108.8,100.3,89.9,90.3,99.6,105.3,108.9,111.1,111.4,109.6,110.7,110.6,102.7,89.6,71.3,49.1,42.5,44.9,44.2,54.2,74.4,94,102.6,109.2,115.2,118.1,119.3,120.3,125.7,126.2,123.6,115.4,111.5,109,97.9,85.7,77.2,76.4,75.7,73.3,70.7,69.9,66.9,63.8,61.4,58.4,55.2,53.4,51.8,50.1,47.7,46.3,44.7,43.4,42.1,40.9,39.6,32.9,29.4,39.6,56.9,59.6,60.3,68,86.6,111,120.9,118.9,114.9,113.4,107.7,101.1,92.5,83.6,81.2,71.6,59,52.5,44.8,44.4,45.4,50.2,64.1,83.9,89.8,87.3,82,82.6,74.2,45.8,33.6,16,24.9,49,66.3,74.9,78.6,77.8,78,78.1,76.8,76.1,79.8,89.6,98.4,110,124.2,133.8,126,117.7,113.4,109.2,94.6,80.5,67.4,54.2,40.1,35.2,39.3,45.8,45.9,36.4,35.5,39.8,46.1,60.2,82.6,99.5,106,106.7,107.6,109.3,106,105.8,106.4,107,103.1,105.4,107.7,109.2,109.7,110.6,110.8,111.3,111.4,112.1,112.7,113,117.6,126.6,133.4,121.9,103.9,83.8,66.2,63.5,59.8,54.6,40.1,30.1,24.7,38.1,56.5,85.5,101.8,107.5,114,122.6,129.1,133.3,130.4,121.5,113.3,117.9,115.6,111.9,103.9,102.6,104.8,TT,O,,2021,4,3,4/12/2008,20.28856826,22.57916755,22.91318288,20.90909091,0,0,0,0,90.3,99.6,105.3,108.9,111.1,111.4,109.6,110.7,110.6,102.7,89.6,71.3,49.1,42.5,44.9,44.2,54.2,74.4,94,102.6,109.2,115.2,118.1,119.3,120.3,125.7,126.2,123.6,115.4,111.5,109,97.9,85.7,77.2,76.4,75.7,73.3,70.7,69.9,66.9,63.8,61.4,58.4,55.2,53.4,51.8,50.1,47.7,46.3,44.7,43.4,42.1,40.9,39.6,32.9,29.4,39.6,56.9,59.6,60.3,68,86.6,111,120.9,118.9,114.9,113.4,107.7,101.1,92.5,83.6,81.2,71.6,59,52.5,44.8,44.4,45.4,50.2,64.1,83.9,89.8,87.3,82,82.6,74.2,0,0,0,0,49,66.3,74.9,78.6,77.8,78,78.1,76.8,76.1,79.8,89.6,98.4,110,124.2,133.8,126,117.7,113.4,109.2,94.6,80.5,67.4,54.2,40.1,35.2,39.3,45.8,45.9,36.4,35.5,39.8,46.1,60.2,82.6,99.5,106,106.7,107.6,109.3,106,105.8,106.4,107,103.1,105.4,107.7,109.2,109.7,110.6,110.8,111.3,111.4,112.1,112.7,113,117.6,126.6,133.4,121.9,103.9,83.8,66.2,63.5,59.8,54.6,40.1,30.1,24.7,38.1,56.5,85.5,101.8,107.5,114,122.6,129.1,133.3,130.4,121.5,113.3,117.9,115.6,111.9,103.9,102.6,104.8,6823.3,7769.1,79.34069767,90.33837209,115,55,5,5
2,6,A,E,2,90.1,1901,26,35,9,28,63,102,1.5,0,4,0,90,2106,4,90,77.4,87.5,93.4,90.8,87.6,86.2,103.8,125.1,126.7,126.3,123,115.5,109.2,98.1,78,62.1,56.8,59,57.7,55.1,53,49.6,38,26,28.8,50.4,73.7,85.3,87.4,85,81.7,80.3,87.1,102.4,120.5,123.4,122.6,123.1,123.7,122.3,117.1,110.7,96,83.2,59,35.5,26.4,40.2,46.1,44.4,38.8,36.5,45.1,63.6,87.9,104.6,110.6,120.3,123.3,120.2,121.2,122.8,119.5,112.7,108.1,101.1,91.9,83.2,73.7,62.5,48.3,43.2,43.4,44.6,42.4,41,38.7,50,68.8,90.7,111.4,117.9,119.6,120,116.2,111.7,108.2,107.6,111.8,111.9,120.5,113.6,102.2,87.1,62,45.9,21.5,37.6,39.9,41.3,42,45.2,48.2,50.5,61.8,80.8,106.6,118.2,117.4,121.1,122.5,121.1,116.7,113.4,110.9,113.1,121.2,120.5,108.6,92.1,73.4,46.9,18.2,17.1,42.6,49.1,49.9,50.9,51.2,46.8,37,28.4,10.3,7.2,35.7,69.5,94.9,122.6,132.6,129.9,127.6,119.9,111,100.1,94.3,86,71.3,61.3,50.2,35.9,32.7,41.8,53.3,65.3,74.4,92.4,102,113.8,121.2,127.8,129.6,129.7,131.6,129.2,126.6,121.8,107.9,91.6,80.1,75.1,73.5,66.6,57.8,46.2,32.2,23.1,27.2,45.4,67.5,75.3,TT,O,,2021,5,3,4/12/2008,21.09877913,22.57916755,22.91318288,20.90909091,0,87.5,93.4,90.8,87.6,86.2,103.8,125.1,126.7,126.3,123,115.5,109.2,98.1,78,62.1,56.8,59,57.7,55.1,53,49.6,38,26,28.8,50.4,73.7,85.3,87.4,85,81.7,80.3,87.1,102.4,120.5,123.4,122.6,123.1,123.7,122.3,117.1,110.7,96,83.2,59,35.5,26.4,40.2,46.1,44.4,38.8,36.5,45.1,63.6,87.9,104.6,110.6,120.3,123.3,120.2,121.2,122.8,119.5,112.7,108.1,101.1,91.9,83.2,73.7,62.5,48.3,43.2,43.4,44.6,42.4,41,38.7,50,68.8,90.7,111.4,117.9,119.6,120,116.2,111.7,108.2,107.6,111.8,111.9,0,113.6,102.2,87.1,62,45.9,21.5,37.6,39.9,41.3,42,45.2,48.2,50.5,61.8,80.8,106.6,118.2,117.4,121.1,122.5,121.1,116.7,113.4,110.9,113.1,121.2,120.5,108.6,92.1,73.4,46.9,18.2,17.1,42.6,49.1,49.9,50.9,51.2,46.8,37,28.4,10.3,7.2,35.7,69.5,94.9,122.6,132.6,129.9,127.6,119.9,111,100.1,94.3,86,71.3,61.3,50.2,35.9,32.7,41.8,53.3,65.3,74.4,92.4,102,113.8,121.2,127.8,129.6,129.7,131.6,129.2,126.6,121.8,107.9,91.6,80.1,75.1,73.5,66.6,57.8,46.2,32.2,23.1,27.2,45.4,67.5,75.3,7559.8,6917.5,84.94157303,77.7247191,55,115,2,2
3,6,A,S,2,30.8,644,39,24,45,30,25,-91,1.5,0,1,0,90,2106,4,30,59.7,63,71,87,105.7,120.5,122.1,120.1,114,104.2,96.9,81.2,64.1,51.3,50.8,38.3,26.1,19.3,19.2,25.4,28.1,25.5,31.4,42.5,42.7,34.1,27.1,32.6,54.9,84.6,0,0,0,0,0,0,0,0,0,0,0,0,0,0,0,0,0,0,0,0,0,0,0,0,0,0,0,0,0,0,0,0,0,0,0,0,0,0,0,0,0,0,0,0,0,0,0,0,0,0,0,0,0,0,0,0,0,0,0,0,109.8,98.5,88.3,74.1,67.1,62.9,53,41.1,28.7,16,8,10.4,30.9,48.4,54.2,70.4,75.9,74.7,73.4,80.3,92.6,105.8,119,130.7,125.6,106.6,86.5,59.6,37.4,33.3,0,0,0,0,0,0,0,0,0,0,0,0,0,0,0,0,0,0,0,0,0,0,0,0,0,0,0,0,0,0,0,0,0,0,0,0,0,0,0,0,0,0,0,0,0,0,0,0,0,0,0,0,0,0,0,0,0,0,0,0,FS,O,,2021,6,3,4/12/2008,20.90909091,22.57916755,22.91318288,20.90909091,0,0,71,87,105.7,120.5,122.1,120.1,114,104.2,96.9,81.2,64.1,51.3,50.8,38.3,26.1,19.3,19.2,25.4,28.1,25.5,31.4,42.5,42.7,34.1,27.1,32.6,54.9,84.6,0,0,0,0,0,0,0,0,0,0,0,0,0,0,0,0,0,0,0,0,0,0,0,0,0,0,0,0,0,0,0,0,0,0,0,0,0,0,0,0,0,0,0,0,0,0,0,0,0,0,0,0,0,0,0,0,0,0,0,0,0,0,88.3,74.1,67.1,62.9,53,41.1,28.7,16,8,10.4,30.9,48.4,54.2,70.4,75.9,74.7,73.4,80.3,92.6,105.8,119,130.7,125.6,106.6,86.5,59.6,37.4,33.3,0,0,0,0,0,0,0,0,0,0,0,0,0,0,0,0,0,0,0,0,0,0,0,0,0,0,0,0,0,0,0,0,0,0,0,0,0,0,0,0,0,0,0,0,0,0,0,0,0,0,0,0,0,0,0,0,0,0,0,0,1720.7,1854.9,61.45357143,66.24642857,55,115,3,3
7,5,A,S,2,74.5,1520,38,26,40,38,22,-94,1.5,1,0,0,90,2106,11,74,42.8,41.1,54.8,62,65.2,68.7,79.4,100.1,109.6,115.5,115.6,86.4,66.1,71.6,92,109,112.2,113.1,112.7,110.2,100.4,77.9,51.8,62.3,68.3,73,70.3,62.1,51.2,42.6,36.1,27.5,11.6,12.2,11.8,16,29.5,32.3,41.8,50.3,53.8,55.6,54.9,56,39.6,15.1,12.9,17.8,36.6,42.2,36.8,38.9,30.2,22.9,33.9,58.6,88.4,107.3,112.4,110.9,102.3,93.7,87,79.4,76.4,64.2,48.8,48,50.5,47.6,43.5,45.8,44.7,25.8,0,0,0,0,0,0,0,0,0,0,0,0,0,0,0,0,114.2,112.2,101.2,91.9,81.7,64.7,39.4,27.9,27.8,36.8,39.1,26.4,25.3,41.7,54.5,62.3,65.2,63.6,48.6,29.2,13.8,21.4,41.5,42.7,42,38.1,24.7,27.9,40.2,49.2,56.3,64.7,79.3,87.9,83.8,99.8,117.4,120.5,126,130.8,128.2,119.4,106.4,103.4,87.6,86,90.6,103.6,124.1,131.3,121.3,102.8,89.8,75.3,56,38.9,34.7,49.8,56.5,61.7,70.4,88.3,108,118,117.7,116.2,116.1,124.6,123.5,113.2,98.6,93.1,85.2,78.3,0,0,0,0,0,0,0,0,0,0,0,0,0,0,0,0,TT,O,,2021,1,3,4/11/2008,20.40268456,19.80736665,19.58642955,20.91205212,0,0,54.8,62,65.2,68.7,79.4,100.1,109.6,115.5,115.6,86.4,66.1,71.6,92,109,112.2,113.1,112.7,110.2,100.4,77.9,51.8,62.3,68.3,73,70.3,62.1,51.2,42.6,36.1,27.5,11.6,12.2,11.8,16,29.5,32.3,41.8,50.3,53.8,55.6,54.9,56,39.6,15.1,12.9,17.8,36.6,42.2,36.8,38.9,30.2,22.9,33.9,58.6,88.4,107.3,112.4,110.9,102.3,93.7,87,79.4,76.4,64.2,48.8,48,50.5,47.6,43.5,45.8,44.7,25.8,0,0,0,0,0,0,0,0,0,0,0,0,0,0,0,0,0,0,101.2,91.9,81.7,64.7,39.4,27.9,27.8,36.8,39.1,26.4,25.3,41.7,54.5,62.3,65.2,63.6,48.6,29.2,13.8,21.4,41.5,42.7,42,38.1,24.7,27.9,40.2,49.2,56.3,64.7,79.3,87.9,83.8,99.8,117.4,120.5,126,130.8,128.2,119.4,106.4,103.4,87.6,86,90.6,103.6,124.1,131.3,121.3,102.8,89.8,75.3,56,38.9,34.7,49.8,56.5,61.7,70.4,88.3,108,118,117.7,116.2,116.1,124.6,123.5,113.2,98.6,93.1,85.2,78.3,0,0,0,0,0,0,0,0,0,0,0,0,0,0,0,0,4455.7,5453.9,61.88472222,75.74861111,55,115,3,3
8,5,A,W,2,14.2,304,15,34,4,76,20,-89,1.5,1,0,0,90,2106,11,14,112.6,113,111.6,106.5,103.6,102.1,103.8,103.9,98.4,87.4,70.2,53.1,42,14.4,0,0,0,0,0,0,0,0,0,0,0,0,0,0,0,0,0,0,0,0,0,0,0,0,0,0,0,0,0,0,0,0,0,0,0,0,0,0,0,0,0,0,0,0,0,0,0,0,0,0,0,0,0,0,0,0,0,0,0,0,0,0,0,0,0,0,0,0,0,0,0,0,0,0,0,0,57.4,51.1,39,22.8,17.4,36.4,59,69.9,85.5,94.6,95.8,100.6,112,100.4,0,0,0,0,0,0,0,0,0,0,0,0,0,0,0,0,0,0,0,0,0,0,0,0,0,0,0,0,0,0,0,0,0,0,0,0,0,0,0,0,0,0,0,0,0,0,0,0,0,0,0,0,0,0,0,0,0,0,0,0,0,0,0,0,0,0,0,0,0,0,0,0,0,0,0,0,TT,O,,2021,2,3,4/11/2008,21.4084507,19.80736665,19.58642955,20.91205212,0,0,0,0,0,102.1,103.8,103.9,98.4,87.4,70.2,53.1,42,14.4,0,0,0,0,0,0,0,0,0,0,0,0,0,0,0,0,0,0,0,0,0,0,0,0,0,0,0,0,0,0,0,0,0,0,0,0,0,0,0,0,0,0,0,0,0,0,0,0,0,0,0,0,0,0,0,0,0,0,0,0,0,0,0,0,0,0,0,0,0,0,0,0,0,0,0,0,0,0,0,0,0,36.4,59,69.9,85.5,94.6,95.8,100.6,112,100.4,0,0,0,0,0,0,0,0,0,0,0,0,0,0,0,0,0,0,0,0,0,0,0,0,0,0,0,0,0,0,0,0,0,0,0,0,0,0,0,0,0,0,0,0,0,0,0,0,0,0,0,0,0,0,0,0,0,0,0,0,0,0,0,0,0,0,0,0,0,0,0,0,0,0,0,0,675.3,754.2,75.03333333,83.8,115,55,6,6
9,5,A,N,2,15.5,318,41,18,34,52,14,-55,1.5,0,0,0,90,2106,11,15,111.4,109.1,108.8,104.9,95,83.5,75.7,65.7,51.4,27.6,31.1,39.5,55.8,44,35.7,0,0,0,0,0,0,0,0,0,0,0,0,0,0,0,0,0,0,0,0,0,0,0,0,0,0,0,0,0,0,0,0,0,0,0,0,0,0,0,0,0,0,0,0,0,0,0,0,0,0,0,0,0,0,0,0,0,0,0,0,0,0,0,0,0,0,0,0,0,0,0,0,0,0,0,65.2,62.6,65.9,70.3,70,55.9,40,30.2,38,67.5,97.4,104.9,126.8,122.4,116.1,0,0,0,0,0,0,0,0,0,0,0,0,0,0,0,0,0,0,0,0,0,0,0,0,0,0,0,0,0,0,0,0,0,0,0,0,0,0,0,0,0,0,0,0,0,0,0,0,0,0,0,0,0,0,0,0,0,0,0,0,0,0,0,0,0,0,0,0,0,0,0,0,0,0,0,TT,O,,2021,3,3,4/11/2008,20.51612903,19.80736665,19.58642955,20.91205212,0,0,0,0,0,83.5,75.7,65.7,51.4,27.6,31.1,39.5,55.8,44,35.7,0,0,0,0,0,0,0,0,0,0,0,0,0,0,0,0,0,0,0,0,0,0,0,0,0,0,0,0,0,0,0,0,0,0,0,0,0,0,0,0,0,0,0,0,0,0,0,0,0,0,0,0,0,0,0,0,0,0,0,0,0,0,0,0,0,0,0,0,0,0,0,0,0,0,0,0,0,0,0,0,55.9,40,30.2,38,67.5,97.4,104.9,126.8,122.4,116.1,0,0,0,0,0,0,0,0,0,0,0,0,0,0,0,0,0,0,0,0,0,0,0,0,0,0,0,0,0,0,0,0,0,0,0,0,0,0,0,0,0,0,0,0,0,0,0,0,0,0,0,0,0,0,0,0,0,0,0,0,0,0,0,0,0,0,0,0,0,0,0,0,0,0,0,510,799.2,51,79.92,115,55,6,6
7,6,A,N,2,90.1,1518,1,63,36,55,9,12,1.5,0,4,0,90,2106,11,90,113.5,108.2,104,99.8,95.8,92.1,87.2,83.7,83.9,72.1,50.4,30.9,43.9,60.2,71.2,79.7,84,86.2,88,90.7,94.3,98.1,102.9,99.4,97.1,95.9,93.8,92.5,91,83.4,67.6,74.7,93.5,115.4,121.6,116.7,116.9,111.8,95.9,83.6,87.1,89.6,80.1,60.6,43.9,44.2,57.3,68.2,82.2,95.5,96.4,95.4,98.3,103.6,103.6,96.6,89,78.9,88.2,95.6,101.2,104.8,105.1,108.9,112.7,118.2,116.4,116,110.3,92.1,89.6,101.9,103.4,107.4,104.9,101.3,99.2,94.4,93.5,113.3,120.4,112.5,111.9,101.9,95.4,99.9,105.8,109.4,109.7,110.5,57.4,52.1,49.7,47.8,46.8,45.8,44.6,47.3,41.8,27.8,40,73,82.4,80,68.9,64.8,59.6,38.2,23.1,11.9,6.3,10.4,23.8,29.2,31.3,34.1,36.5,39.1,41.2,41.8,29.8,16.2,23.1,43.1,48.2,50.2,50.5,35.1,14.8,12.8,41,65.7,78.6,71.3,59.8,46.4,46.4,61.8,87.1,93.1,94.2,75.9,64.4,63.4,46.4,37.4,30.9,48,49.4,44.3,42.4,43.7,50.9,50.6,51.4,47.6,45.9,40.9,27.2,30.5,54.5,62.1,66.6,69.6,64.9,59.4,42.6,17.5,14.4,47.3,53.9,46.9,45,35.9,17.9,12.4,16.6,20.5,26.2,30.2,TT,O,,2021,4,3,4/12/2008,16.84794673,19.80736665,19.58642955,20.91205212,0,0,0,0,0,92.1,87.2,83.7,83.9,72.1,50.4,30.9,43.9,60.2,71.2,79.7,84,86.2,88,90.7,94.3,98.1,102.9,99.4,97.1,95.9,93.8,92.5,91,83.4,67.6,74.7,93.5,115.4,121.6,116.7,116.9,111.8,95.9,83.6,87.1,89.6,80.1,60.6,43.9,44.2,57.3,68.2,82.2,95.5,96.4,95.4,98.3,103.6,103.6,96.6,89,78.9,88.2,95.6,101.2,104.8,105.1,108.9,112.7,118.2,116.4,116,110.3,92.1,89.6,101.9,103.4,107.4,104.9,101.3,99.2,94.4,93.5,113.3,120.4,112.5,111.9,101.9,95.4,99.9,105.8,109.4,109.7,110.5,0,0,0,0,0,45.8,44.6,47.3,41.8,27.8,40,73,82.4,80,68.9,64.8,59.6,38.2,23.1,11.9,6.3,10.4,23.8,29.2,31.3,34.1,36.5,39.1,41.2,41.8,29.8,16.2,23.1,43.1,48.2,50.2,50.5,35.1,14.8,12.8,41,65.7,78.6,71.3,59.8,46.4,46.4,61.8,87.1,93.1,94.2,75.9,64.4,63.4,46.4,37.4,30.9,48,49.4,44.3,42.4,43.7,50.9,50.6,51.4,47.6,45.9,40.9,27.2,30.5,54.5,62.1,66.6,69.6,64.9,59.4,42.6,17.5,14.4,47.3,53.9,46.9,45,35.9,17.9,12.4,16.6,20.5,26.2,30.2,7876.6,3807.7,92.66588235,44.79647059,115,55,6,6
8,6,A,E,2,90.1,1690,36,10,38,38,24,-52,1.5,0,2,0,90,2106,11,90,58,59.8,58.3,43.2,25.7,19.3,28.4,56.2,68.8,68.3,63.6,55.9,44,45.6,38.2,25.8,19.2,21.5,36,41,45.6,50.5,55,60.7,61,60.2,61.1,62.2,64.5,62.9,48.8,39.1,47.9,53.6,54.9,57.7,61.3,69.2,79.2,85.3,86,83.1,78.7,68.8,47.2,27.9,34.1,49.4,62,70.6,77.3,81.2,86.6,82.7,76.5,73.4,67.2,70.1,75.9,77.2,81.3,78.9,61.3,36.3,15.5,25.7,43.6,53,54.2,55.1,47.3,40.2,38.4,39.4,45.5,44.9,42.3,44.1,45.6,46.2,35.8,38.9,51.5,58.5,71,89,101.2,105.9,106.5,102.4,115.4,118.5,126.8,118.2,106.8,106.6,109.3,99.8,94.4,80.5,65.9,61.1,60.1,56,56.3,66.2,75.4,81.8,74.4,60.4,45.7,42.5,47.9,46.6,51.8,63.6,68.5,72.8,76.7,87.2,93.4,105.3,124.4,125.1,118.1,107.5,92.6,74.3,60.1,55.2,33.2,12,11.1,23,44.3,66.1,84.5,99,98.9,92.6,83.6,83.3,82.1,67.8,62.8,61.4,68,83.9,86,75.4,81.6,74,65.7,72.4,93.5,114.3,124,118.7,118.4,117.4,119,122.8,127,127.6,130.8,127.9,125,125.9,126.5,130.5,124.3,118.7,101.2,85.1,69.9,56.6,49.2,37.4,24.5,14,TT,O,,2021,5,3,4/12/2008,18.75693674,19.80736665,19.58642955,20.91205212,0,0,58.3,43.2,25.7,19.3,28.4,56.2,68.8,68.3,63.6,55.9,44,45.6,38.2,25.8,19.2,21.5,36,41,45.6,50.5,55,60.7,61,60.2,61.1,62.2,64.5,62.9,48.8,39.1,47.9,53.6,54.9,57.7,61.3,69.2,79.2,85.3,86,83.1,78.7,68.8,47.2,27.9,34.1,49.4,62,70.6,77.3,81.2,86.6,82.7,76.5,73.4,67.2,70.1,75.9,77.2,81.3,78.9,61.3,36.3,15.5,25.7,43.6,53,54.2,55.1,47.3,40.2,38.4,39.4,45.5,44.9,42.3,44.1,45.6,46.2,35.8,38.9,51.5,58.5,71,89,101.2,105.9,106.5,102.4,0,0,126.8,118.2,106.8,106.6,109.3,99.8,94.4,80.5,65.9,61.1,60.1,56,56.3,66.2,75.4,81.8,74.4,60.4,45.7,42.5,47.9,46.6,51.8,63.6,68.5,72.8,76.7,87.2,93.4,105.3,124.4,125.1,118.1,107.5,92.6,74.3,60.1,55.2,33.2,12,11.1,23,44.3,66.1,84.5,99,98.9,92.6,83.6,83.3,82.1,67.8,62.8,61.4,68,83.9,86,75.4,81.6,74,65.7,72.4,93.5,114.3,124,118.7,118.4,117.4,119,122.8,127,127.6,130.8,127.9,125,125.9,126.5,130.5,124.3,118.7,101.2,85.1,69.9,56.6,49.2,37.4,24.5,14,5015.1,7302.2,56.98977273,82.97954545,55,115,3,3
9,6,A,S,2,30.7,642,58,13,40,49,11,27,1.5,0,0,0,90,2106,11,30,50.5,52.8,41.3,27.1,19,18.2,33.1,46.2,53.7,45,37.4,31,38.7,57.5,69.1,73.7,80.2,74.9,62.9,50,29.4,22,30.2,32.9,30.7,37.3,25.1,15.1,31.6,49.9,0,0,0,0,0,0,0,0,0,0,0,0,0,0,0,0,0,0,0,0,0,0,0,0,0,0,0,0,0,0,0,0,0,0,0,0,0,0,0,0,0,0,0,0,0,0,0,0,0,0,0,0,0,0,0,0,0,0,0,0,113.2,117,113.7,105.9,94.9,92.4,90.9,91.9,104.2,103.2,91,74.5,52.4,31.9,20.4,18.4,19.9,41,64.2,87.8,105.3,109.9,115.6,109.7,102.6,105.7,92.2,81.4,88,97.2,0,0,0,0,0,0,0,0,0,0,0,0,0,0,0,0,0,0,0,0,0,0,0,0,0,0,0,0,0,0,0,0,0,0,0,0,0,0,0,0,0,0,0,0,0,0,0,0,0,0,0,0,0,0,0,0,0,0,0,0,FS,O,,2021,6,3,4/12/2008,20.91205212,19.80736665,19.58642955,20.91205212,0,0,41.3,27.1,19,18.2,33.1,46.2,53.7,45,37.4,31,38.7,57.5,69.1,73.7,80.2,74.9,62.9,50,29.4,22,30.2,32.9,30.7,37.3,25.1,15.1,31.6,49.9,0,0,0,0,0,0,0,0,0,0,0,0,0,0,0,0,0,0,0,0,0,0,0,0,0,0,0,0,0,0,0,0,0,0,0,0,0,0,0,0,0,0,0,0,0,0,0,0,0,0,0,0,0,0,0,0,0,0,0,0,0,0,113.7,105.9,94.9,92.4,90.9,91.9,104.2,103.2,91,74.5,52.4,31.9,20.4,18.4,19.9,41,64.2,87.8,105.3,109.9,115.6,109.7,102.6,105.7,92.2,81.4,88,97.2,0,0,0,0,0,0,0,0,0,0,0,0,0,0,0,0,0,0,0,0,0,0,0,0,0,0,0,0,0,0,0,0,0,0,0,0,0,0,0,0,0,0,0,0,0,0,0,0,0,0,0,0,0,0,0,0,0,0,0,0,1163.2,2306.2,41.54285714,82.36428571,55,115,3,3
10,5,A,S,2,25.1,498,33,20,5,56,39,-91,1.5,0,0,0,90,2106,22,25,58.8,59.2,69.2,88.4,107.6,118.8,118.2,114,110.6,110.4,111,106.3,100,95.9,89.8,77.1,57.1,41.5,53.5,61,54.3,47.7,48,39.7,23.9,0,0,0,0,0,0,0,0,0,0,0,0,0,0,0,0,0,0,0,0,0,0,0,0,0,0,0,0,0,0,0,0,0,0,0,0,0,0,0,0,0,0,0,0,0,0,0,0,0,0,0,0,0,0,0,0,0,0,0,0,0,0,0,0,0,115.9,95.7,77,64.1,57,48.2,34.4,26,36.3,56.8,72.8,82.2,86.9,89.9,95.8,100.7,100.7,106.7,127.8,131.5,120.5,110.1,108.1,97.9,89.5,0,0,0,0,0,0,0,0,0,0,0,0,0,0,0,0,0,0,0,0,0,0,0,0,0,0,0,0,0,0,0,0,0,0,0,0,0,0,0,0,0,0,0,0,0,0,0,0,0,0,0,0,0,0,0,0,0,0,0,0,0,0,0,0,0,TT,O,,2021,1,3,4/11/2008,19.84063745,19.73627752,20.02010261,18.3171521,0,0,69.2,88.4,107.6,118.8,118.2,114,110.6,110.4,111,106.3,100,95.9,89.8,77.1,57.1,41.5,53.5,61,54.3,47.7,48,39.7,23.9,0,0,0,0,0,0,0,0,0,0,0,0,0,0,0,0,0,0,0,0,0,0,0,0,0,0,0,0,0,0,0,0,0,0,0,0,0,0,0,0,0,0,0,0,0,0,0,0,0,0,0,0,0,0,0,0,0,0,0,0,0,0,0,0,0,0,0,77,64.1,57,48.2,34.4,26,36.3,56.8,72.8,82.2,86.9,89.9,95.8,100.7,100.7,106.7,127.8,131.5,120.5,110.1,108.1,97.9,89.5,0,0,0,0,0,0,0,0,0,0,0,0,0,0,0,0,0,0,0,0,0,0,0,0,0,0,0,0,0,0,0,0,0,0,0,0,0,0,0,0,0,0,0,0,0,0,0,0,0,0,0,0,0,0,0,0,0,0,0,0,0,0,0,0,0,1844,1920.9,80.17391304,83.5173913,55,115,3,3
11,5,A,W,2,53.4,1111,27,14,39,36,25,14,1.5,1,0,0,90,2106,22,53,111.6,95.9,74.3,58,45.3,41.6,51.2,60.9,67.4,68.9,73.3,75.1,74.6,66.1,53.1,30,17.1,43.4,73.3,98.1,116,123.6,119.1,116.6,113.1,104.6,90.6,75.7,61.9,47.7,35.5,35.1,36.2,37.8,41.4,34,27.9,37.4,57.6,69.9,76.9,79.1,79.5,79.5,70.1,49.5,33.7,29.7,46.4,60.8,55.3,32.9,13.5,0,0,0,0,0,0,0,0,0,0,0,0,0,0,0,0,0,0,0,0,0,0,0,0,0,0,0,0,0,0,0,0,0,0,0,0,0,56.5,52.7,40.6,36.8,45.4,60.5,74.4,75.7,84.8,90.2,97.2,100.9,115.8,121.5,118.9,105.3,73.3,47.6,21.6,12.9,27.8,41.7,50.6,62.1,66.7,79.3,88.5,97.3,107.2,110.3,110.7,118.2,124.4,127,128.2,114.7,96,73.7,59.7,62.9,65.9,68.5,81.6,100.9,108.7,97.3,81.3,61.8,51.5,62.3,77.2,89.4,96.4,0,0,0,0,0,0,0,0,0,0,0,0,0,0,0,0,0,0,0,0,0,0,0,0,0,0,0,0,0,0,0,0,0,0,0,0,0,TT,O,,2021,2,3,4/11/2008,20.80524345,19.73627752,20.02010261,18.3171521,0,0,0,0,0,41.6,51.2,60.9,67.4,68.9,73.3,75.1,74.6,66.1,53.1,30,17.1,43.4,73.3,98.1,116,123.6,119.1,116.6,113.1,104.6,90.6,75.7,61.9,47.7,35.5,35.1,36.2,37.8,41.4,34,27.9,37.4,57.6,69.9,76.9,79.1,79.5,79.5,70.1,49.5,33.7,29.7,46.4,60.8,55.3,32.9,13.5,0,0,0,0,0,0,0,0,0,0,0,0,0,0,0,0,0,0,0,0,0,0,0,0,0,0,0,0,0,0,0,0,0,0,0,0,0,0,0,0,0,0,60.5,74.4,75.7,84.8,90.2,97.2,100.9,115.8,121.5,118.9,105.3,73.3,47.6,21.6,12.9,27.8,41.7,50.6,62.1,66.7,79.3,88.5,97.3,107.2,110.3,110.7,118.2,124.4,127,128.2,114.7,96,73.7,59.7,62.9,65.9,68.5,81.6,100.9,108.7,97.3,81.3,61.8,51.5,62.3,77.2,89.4,96.4,0,0,0,0,0,0,0,0,0,0,0,0,0,0,0,0,0,0,0,0,0,0,0,0,0,0,0,0,0,0,0,0,0,0,0,0,0,2982.7,3990.4,62.13958333,83.13333333,115,55,6,6
12,5,A,N,2,43.3,941,31,14,45,38,17,49,1.5,1,0,0,90,2106,22,43,109.6,103.9,87.4,64.3,47.5,44.5,57.4,71.8,75.4,78.9,66.9,42.6,31.3,40.3,56.7,66.9,74.6,67.5,56.5,33.1,16,19.8,41.3,51.1,45.8,43.4,54.6,72.6,92.9,104.5,105.4,98.1,82.7,65.7,54.5,51.2,43.7,26.4,33.2,41.5,39.3,27.7,8.5,0,0,0,0,0,0,0,0,0,0,0,0,0,0,0,0,0,0,0,0,0,0,0,0,0,0,0,0,0,0,0,0,0,0,0,0,0,0,0,0,0,0,0,0,0,0,0,51.5,40.5,27.9,36,50.6,76.6,88.7,103.4,104.7,118.8,118.8,97.1,71.8,50.2,35.7,31.4,45.9,66.7,73.4,84.3,98.6,109.1,127.8,130.9,118,102.1,91.2,87.2,89.1,84.2,79.7,62.5,43.3,31.5,36.7,56.3,73.2,96.7,106,108.2,90.4,83.8,85.9,0,0,0,0,0,0,0,0,0,0,0,0,0,0,0,0,0,0,0,0,0,0,0,0,0,0,0,0,0,0,0,0,0,0,0,0,0,0,0,0,0,0,0,0,0,0,0,TT,O,,2021,3,3,4/11/2008,21.73210162,19.73627752,20.02010261,18.3171521,0,0,0,0,0,44.5,57.4,71.8,75.4,78.9,66.9,42.6,31.3,40.3,56.7,66.9,74.6,67.5,56.5,33.1,16,19.8,41.3,51.1,45.8,43.4,54.6,72.6,92.9,104.5,105.4,98.1,82.7,65.7,54.5,51.2,43.7,26.4,33.2,41.5,39.3,27.7,8.5,0,0,0,0,0,0,0,0,0,0,0,0,0,0,0,0,0,0,0,0,0,0,0,0,0,0,0,0,0,0,0,0,0,0,0,0,0,0,0,0,0,0,0,0,0,0,0,0,0,0,0,0,76.6,88.7,103.4,104.7,118.8,118.8,97.1,71.8,50.2,35.7,31.4,45.9,66.7,73.4,84.3,98.6,109.1,127.8,130.9,118,102.1,91.2,87.2,89.1,84.2,79.7,62.5,43.3,31.5,36.7,56.3,73.2,96.7,106,108.2,90.4,83.8,85.9,0,0,0,0,0,0,0,0,0,0,0,0,0,0,0,0,0,0,0,0,0,0,0,0,0,0,0,0,0,0,0,0,0,0,0,0,0,0,0,0,0,0,0,0,0,0,0,2084.3,3159.9,54.85,83.15526316,115,55,6,6
10,6,A,N,2,42.5,790,30,37,57,29,14,54,1.5,2,1,0,90,2106,22,42,114.3,109.8,105.3,92.2,77.8,65.9,56.6,49.6,42.1,34.7,28.1,19.8,27.5,42,60,81,102.4,116.3,117.5,113.5,103,86.5,72.3,60.9,42.4,11.5,9.9,25.5,48.3,66.2,82.1,84.3,89,80.6,67.7,58.5,48.8,42.3,44.9,34.6,21.3,8.7,0,0,0,0,0,0,0,0,0,0,0,0,0,0,0,0,0,0,0,0,0,0,0,0,0,0,0,0,0,0,0,0,0,0,0,0,0,0,0,0,0,0,0,0,0,0,0,0,55.7,51.4,39.1,26.3,23.2,27.5,34.1,40,47.3,54.7,61.4,75.8,79,70.8,58,44.1,42.9,56,62.6,66.5,77.2,87,100.3,114.7,116.6,90.1,83,67.4,44.2,24.6,10.7,9.1,19.5,37.3,57,76.7,92,107.1,122,120.6,106.8,91.2,0,0,0,0,0,0,0,0,0,0,0,0,0,0,0,0,0,0,0,0,0,0,0,0,0,0,0,0,0,0,0,0,0,0,0,0,0,0,0,0,0,0,0,0,0,0,0,0,TT,O,,2021,4,3,4/12/2008,18.58823529,19.73627752,20.02010261,18.3171521,0,0,0,0,0,65.9,56.6,49.6,42.1,34.7,28.1,19.8,27.5,42,60,81,102.4,116.3,117.5,113.5,103,86.5,72.3,60.9,42.4,11.5,9.9,25.5,48.3,66.2,82.1,84.3,89,80.6,67.7,58.5,48.8,42.3,44.9,34.6,21.3,8.7,0,0,0,0,0,0,0,0,0,0,0,0,0,0,0,0,0,0,0,0,0,0,0,0,0,0,0,0,0,0,0,0,0,0,0,0,0,0,0,0,0,0,0,0,0,0,0,0,0,0,0,0,0,27.5,34.1,40,47.3,54.7,61.4,75.8,79,70.8,58,44.1,42.9,56,62.6,66.5,77.2,87,100.3,114.7,116.6,90.1,83,67.4,44.2,24.6,10.7,9.1,19.5,37.3,57,76.7,92,107.1,122,120.6,106.8,91.2,0,0,0,0,0,0,0,0,0,0,0,0,0,0,0,0,0,0,0,0,0,0,0,0,0,0,0,0,0,0,0,0,0,0,0,0,0,0,0,0,0,0,0,0,0,0,0,0,2146.3,2475.8,58.00810811,66.91351351,115,55,6,6
11,6,A,E,2,90.1,1724,43,24,45,41,14,59,1.5,2,2,0,90,2106,22,90,69,63.7,60.9,61.4,60.6,50.4,34.7,21.4,16.5,24.1,35.9,43.7,49.5,56.4,61.5,57.5,50.1,44.7,46.7,59.4,77.2,83.9,86.8,80.5,69,62,57.2,42.7,29.8,21.1,20.3,22,32.9,46.3,59.3,76.3,93.6,107.2,116.1,120.6,119.5,120.3,117.1,113.4,109.3,94.9,76.4,60.4,46.8,39.2,42.2,33.2,26.4,24,26.6,34.4,34,42.5,55.8,75.2,96.3,106.7,113.7,116,110,99,80,52.7,29.5,26.6,35.8,42.7,47,39.9,34.9,21.3,19.2,16.4,23.8,31.8,23.8,14.2,11.8,10.6,21,24.5,22.8,42.2,48.8,56.6,116.3,101.1,81.5,62.2,54.8,46,58.5,76.7,95.5,112.3,124.2,127.1,123.7,115.6,98.8,81.8,67,53.7,43.5,41.5,49.5,60.8,65.6,78.5,90.2,104.3,116.5,116.1,114.7,107.5,90.8,77.7,63.3,48.4,31.1,13.2,7.1,21,35.2,46,52.4,57.7,47.8,41,27,9.4,13.2,33.4,57,73.7,93.8,109.1,111.9,112.7,108.6,101.8,86.3,69.9,51.8,33.2,23.4,23.8,25.8,29.5,31.9,36.7,41.2,46.7,62,80.1,87.8,95,109.1,112.9,117.1,109.5,106.3,90.4,89.3,75.3,73.3,76,78,86.6,102,109.5,111.5,127.5,128,128.6,TT,O,,2021,5,3,4/12/2008,19.13429523,19.73627752,20.02010261,18.3171521,0,0,60.9,61.4,60.6,50.4,34.7,21.4,16.5,24.1,35.9,43.7,49.5,56.4,61.5,57.5,50.1,44.7,46.7,59.4,77.2,83.9,86.8,80.5,69,62,57.2,42.7,29.8,21.1,20.3,22,32.9,46.3,59.3,76.3,93.6,107.2,116.1,120.6,119.5,120.3,117.1,113.4,109.3,94.9,76.4,60.4,46.8,39.2,42.2,33.2,26.4,24,26.6,34.4,34,42.5,55.8,75.2,96.3,106.7,113.7,116,110,99,80,52.7,29.5,26.6,35.8,42.7,47,39.9,34.9,21.3,19.2,16.4,23.8,31.8,23.8,14.2,11.8,10.6,21,24.5,22.8,42.2,48.8,56.6,0,0,81.5,62.2,54.8,46,58.5,76.7,95.5,112.3,124.2,127.1,123.7,115.6,98.8,81.8,67,53.7,43.5,41.5,49.5,60.8,65.6,78.5,90.2,104.3,116.5,116.1,114.7,107.5,90.8,77.7,63.3,48.4,31.1,13.2,7.1,21,35.2,46,52.4,57.7,47.8,41,27,9.4,13.2,33.4,57,73.7,93.8,109.1,111.9,112.7,108.6,101.8,86.3,69.9,51.8,33.2,23.4,23.8,25.8,29.5,31.9,36.7,41.2,46.7,62,80.1,87.8,95,109.1,112.9,117.1,109.5,106.3,90.4,89.3,75.3,73.3,76,78,86.6,102,109.5,111.5,127.5,128,128.6,4851.4,6508.4,55.12954545,73.95909091,55,115,3,3
12,6,A,S,2,30.9,566,34,18,50,33,17,47,1.5,1,2,0,90,2106,22,30,50.6,44.7,30,18.6,17.1,26.9,40,40.6,53.4,83.6,98.2,105,102.2,103.5,104.1,96.9,85.4,72.5,67.8,61.8,57.9,56.8,44.1,29.9,19.7,8.6,22.9,42.5,47.4,46.6,0,0,0,0,0,0,0,0,0,0,0,0,0,0,0,0,0,0,0,0,0,0,0,0,0,0,0,0,0,0,0,0,0,0,0,0,0,0,0,0,0,0,0,0,0,0,0,0,0,0,0,0,0,0,0,0,0,0,0,0,118.3,120.1,114,100.6,89.6,82.8,74.6,75.3,76,82.3,80.7,74,60.1,45.7,32,20.3,9.2,25.2,41.2,62.6,85.7,105.6,107.2,104.2,103.2,88.8,72.8,57.9,45.2,42.8,0,0,0,0,0,0,0,0,0,0,0,0,0,0,0,0,0,0,0,0,0,0,0,0,0,0,0,0,0,0,0,0,0,0,0,0,0,0,0,0,0,0,0,0,0,0,0,0,0,0,0,0,0,0,0,0,0,0,0,0,FS,O,,2021,6,3,4/12/2008,18.3171521,19.73627752,20.02010261,18.3171521,0,0,30,18.6,17.1,26.9,40,40.6,53.4,83.6,98.2,105,102.2,103.5,104.1,96.9,85.4,72.5,67.8,61.8,57.9,56.8,44.1,29.9,19.7,8.6,22.9,42.5,47.4,46.6,0,0,0,0,0,0,0,0,0,0,0,0,0,0,0,0,0,0,0,0,0,0,0,0,0,0,0,0,0,0,0,0,0,0,0,0,0,0,0,0,0,0,0,0,0,0,0,0,0,0,0,0,0,0,0,0,0,0,0,0,0,0,114,100.6,89.6,82.8,74.6,75.3,76,82.3,80.7,74,60.1,45.7,32,20.3,9.2,25.2,41.2,62.6,85.7,105.6,107.2,104.2,103.2,88.8,72.8,57.9,45.2,42.8,0,0,0,0,0,0,0,0,0,0,0,0,0,0,0,0,0,0,0,0,0,0,0,0,0,0,0,0,0,0,0,0,0,0,0,0,0,0,0,0,0,0,0,0,0,0,0,0,0,0,0,0,0,0,0,0,0,0,0,0,1584,1959.6,56.57142857,69.98571429,55,115,3,3
16,5,A,S,2,43.1,1186,27,27,35,33,32,-106,1.5,0,2,0,90,2106,24,43,56,52.1,41.7,40,60,79.5,81.8,71.5,44.5,22.9,29.9,43,42.8,42,45.2,47.3,51.7,55.6,67.7,93.1,119.5,124.1,113.1,97.2,85.3,82.4,84.3,77.7,63.1,50,34.8,39.7,56.1,68,89.5,85.2,81.3,90.7,109.8,105.4,91.2,61,24.1,0,0,0,0,0,0,0,0,0,0,0,0,0,0,0,0,0,0,0,0,0,0,0,0,0,0,0,0,0,0,0,0,0,0,0,0,0,0,0,0,0,0,0,0,0,0,0,104,82.2,65.8,50.8,31.5,23.4,28.9,40.5,54.8,82,111.4,129,131.8,129.5,126.7,122.2,105.6,81.1,54.4,33.8,38.8,36.9,25.7,30.4,56.1,80.9,102.1,115.9,126,131.3,121.7,108.4,90.4,67.9,37.7,16.1,20.1,51.5,76.8,80,83.4,84.3,87,0,0,0,0,0,0,0,0,0,0,0,0,0,0,0,0,0,0,0,0,0,0,0,0,0,0,0,0,0,0,0,0,0,0,0,0,0,0,0,0,0,0,0,0,0,0,0,TT,O,,2021,1,3,4/11/2008,27.51740139,26.83212955,26.51673728,28.40909091,0,52.1,41.7,40,60,79.5,81.8,71.5,44.5,22.9,29.9,43,42.8,42,45.2,47.3,51.7,55.6,67.7,93.1,119.5,124.1,113.1,97.2,85.3,82.4,84.3,77.7,63.1,50,34.8,39.7,56.1,68,89.5,85.2,81.3,90.7,109.8,105.4,91.2,61,24.1,0,0,0,0,0,0,0,0,0,0,0,0,0,0,0,0,0,0,0,0,0,0,0,0,0,0,0,0,0,0,0,0,0,0,0,0,0,0,0,0,0,0,0,0,0,0,0,0,82.2,65.8,50.8,31.5,23.4,28.9,40.5,54.8,82,111.4,129,131.8,129.5,126.7,122.2,105.6,81.1,54.4,33.8,38.8,36.9,25.7,30.4,56.1,80.9,102.1,115.9,126,131.3,121.7,108.4,90.4,67.9,37.7,16.1,20.1,51.5,76.8,80,83.4,84.3,87,0,0,0,0,0,0,0,0,0,0,0,0,0,0,0,0,0,0,0,0,0,0,0,0,0,0,0,0,0,0,0,0,0,0,0,0,0,0,0,0,0,0,0,0,0,0,0,2845.8,3154.8,67.75714286,75.11428571,55,115,2,2
17,5,A,W,2,8.7,243,25,39,36,36,28,-48,1.5,0,0,0,90,2106,24,8,112.1,96.8,69.9,42.5,42.7,59.8,64.2,43.9,0,0,0,0,0,0,0,0,0,0,0,0,0,0,0,0,0,0,0,0,0,0,0,0,0,0,0,0,0,0,0,0,0,0,0,0,0,0,0,0,0,0,0,0,0,0,0,0,0,0,0,0,0,0,0,0,0,0,0,0,0,0,0,0,0,0,0,0,0,0,0,0,0,0,0,0,0,0,0,0,0,0,41.1,23.5,22.6,54.3,91.8,115.7,127,116.9,0,0,0,0,0,0,0,0,0,0,0,0,0,0,0,0,0,0,0,0,0,0,0,0,0,0,0,0,0,0,0,0,0,0,0,0,0,0,0,0,0,0,0,0,0,0,0,0,0,0,0,0,0,0,0,0,0,0,0,0,0,0,0,0,0,0,0,0,0,0,0,0,0,0,0,0,0,0,0,0,0,0,TT,O,,2021,2,3,4/11/2008,27.93103448,26.83212955,26.51673728,28.40909091,0,0,0,42.5,42.7,59.8,64.2,43.9,0,0,0,0,0,0,0,0,0,0,0,0,0,0,0,0,0,0,0,0,0,0,0,0,0,0,0,0,0,0,0,0,0,0,0,0,0,0,0,0,0,0,0,0,0,0,0,0,0,0,0,0,0,0,0,0,0,0,0,0,0,0,0,0,0,0,0,0,0,0,0,0,0,0,0,0,0,0,0,0,0,0,0,0,0,54.3,91.8,115.7,127,116.9,0,0,0,0,0,0,0,0,0,0,0,0,0,0,0,0,0,0,0,0,0,0,0,0,0,0,0,0,0,0,0,0,0,0,0,0,0,0,0,0,0,0,0,0,0,0,0,0,0,0,0,0,0,0,0,0,0,0,0,0,0,0,0,0,0,0,0,0,0,0,0,0,0,0,0,0,0,0,0,0,0,0,253.1,505.7,50.62,101.14,115,55,4,4
18,5,A,N,2,24.7,598,51,2,34,50,16,-34,1.5,0,0,0,90,2106,24,24,106.5,88.3,70.1,54.6,43.7,38,16.2,14.7,19,13.3,14.9,21.1,33,35.1,43.8,54.3,48.9,33.8,40.6,67.8,87.9,81.9,68.8,39.4,0,0,0,0,0,0,0,0,0,0,0,0,0,0,0,0,0,0,0,0,0,0,0,0,0,0,0,0,0,0,0,0,0,0,0,0,0,0,0,0,0,0,0,0,0,0,0,0,0,0,0,0,0,0,0,0,0,0,0,0,0,0,0,0,0,0,65.4,72,85.2,100.6,120.9,125.5,103.2,84.5,78.3,85.6,95.9,103.8,112.7,102.8,75.6,53.9,46.1,58.4,80,96.6,113.5,112.1,108.6,103.3,0,0,0,0,0,0,0,0,0,0,0,0,0,0,0,0,0,0,0,0,0,0,0,0,0,0,0,0,0,0,0,0,0,0,0,0,0,0,0,0,0,0,0,0,0,0,0,0,0,0,0,0,0,0,0,0,0,0,0,0,0,0,0,0,0,0,TT,O,,2021,3,3,4/11/2008,24.21052632,26.83212955,26.51673728,28.40909091,0,0,0,54.6,43.7,38,16.2,14.7,19,13.3,14.9,21.1,33,35.1,43.8,54.3,48.9,33.8,40.6,67.8,87.9,81.9,68.8,39.4,0,0,0,0,0,0,0,0,0,0,0,0,0,0,0,0,0,0,0,0,0,0,0,0,0,0,0,0,0,0,0,0,0,0,0,0,0,0,0,0,0,0,0,0,0,0,0,0,0,0,0,0,0,0,0,0,0,0,0,0,0,0,0,0,0,0,0,0,0,100.6,120.9,125.5,103.2,84.5,78.3,85.6,95.9,103.8,112.7,102.8,75.6,53.9,46.1,58.4,80,96.6,113.5,112.1,108.6,103.3,0,0,0,0,0,0,0,0,0,0,0,0,0,0,0,0,0,0,0,0,0,0,0,0,0,0,0,0,0,0,0,0,0,0,0,0,0,0,0,0,0,0,0,0,0,0,0,0,0,0,0,0,0,0,0,0,0,0,0,0,0,0,0,0,0,0,870.8,1961.9,41.46666667,93.42380952,115,55,4,4
16,6,A,N,2,34.5,984,18,28,30,49,21,-56,1.5,0,1,0,90,2106,24,34,110.2,100.5,83.4,58.3,32.8,26.9,28.5,44.2,57.9,79.8,85,95.9,94.1,88.5,85.7,89.9,89.3,76.4,66.4,45.1,23.9,22.7,46.5,59,80,105.5,124.8,127.5,126.3,117.5,106.6,85.5,63.2,35.8,0,0,0,0,0,0,0,0,0,0,0,0,0,0,0,0,0,0,0,0,0,0,0,0,0,0,0,0,0,0,0,0,0,0,0,0,0,0,0,0,0,0,0,0,0,0,0,0,0,0,0,0,0,0,0,0,68.3,74.8,79.6,85,98.6,113.2,108.8,91,84.2,92.1,95.1,85.1,64.3,36.2,10,30.7,44.4,69.8,92.8,103,106.9,94.4,83.7,64,46,39.3,46.3,41.1,38.3,40.9,48.2,56.4,67,77.9,0,0,0,0,0,0,0,0,0,0,0,0,0,0,0,0,0,0,0,0,0,0,0,0,0,0,0,0,0,0,0,0,0,0,0,0,0,0,0,0,0,0,0,0,0,0,0,0,0,0,0,0,0,0,0,0,TT,O,,2021,4,3,4/12/2008,28.52173913,26.83212955,26.51673728,28.40909091,0,0,0,58.3,32.8,26.9,28.5,44.2,57.9,79.8,85,95.9,94.1,88.5,85.7,89.9,89.3,76.4,66.4,45.1,23.9,22.7,46.5,59,80,105.5,124.8,127.5,126.3,117.5,106.6,85.5,63.2,35.8,0,0,0,0,0,0,0,0,0,0,0,0,0,0,0,0,0,0,0,0,0,0,0,0,0,0,0,0,0,0,0,0,0,0,0,0,0,0,0,0,0,0,0,0,0,0,0,0,0,0,0,0,0,0,0,0,0,0,0,85,98.6,113.2,108.8,91,84.2,92.1,95.1,85.1,64.3,36.2,10,30.7,44.4,69.8,92.8,103,106.9,94.4,83.7,64,46,39.3,46.3,41.1,38.3,40.9,48.2,56.4,67,77.9,0,0,0,0,0,0,0,0,0,0,0,0,0,0,0,0,0,0,0,0,0,0,0,0,0,0,0,0,0,0,0,0,0,0,0,0,0,0,0,0,0,0,0,0,0,0,0,0,0,0,0,0,0,0,0,0,2269.5,2154.7,73.20967742,69.50645161,115,55,4,4
17,6,A,E,2,13.4,327,80,3,33,31,36,-58,1.5,2,0,0,90,2106,24,13,59.7,49.2,32.7,24.5,44.7,39.7,25.2,12.5,23.2,35.8,37.4,41,19.6,0,0,0,0,0,0,0,0,0,0,0,0,0,0,0,0,0,0,0,0,0,0,0,0,0,0,0,0,0,0,0,0,0,0,0,0,0,0,0,0,0,0,0,0,0,0,0,0,0,0,0,0,0,0,0,0,0,0,0,0,0,0,0,0,0,0,0,0,0,0,0,0,0,0,0,0,0,120.8,125.2,120,94.5,71.6,61,65.7,84.2,105.8,120.3,121.8,125.8,108.3,0,0,0,0,0,0,0,0,0,0,0,0,0,0,0,0,0,0,0,0,0,0,0,0,0,0,0,0,0,0,0,0,0,0,0,0,0,0,0,0,0,0,0,0,0,0,0,0,0,0,0,0,0,0,0,0,0,0,0,0,0,0,0,0,0,0,0,0,0,0,0,0,0,0,0,0,0,TT,O,,2021,5,3,4/12/2008,24.40298507,26.83212955,26.51673728,28.40909091,0,49.2,32.7,24.5,44.7,39.7,25.2,12.5,23.2,35.8,37.4,41,19.6,0,0,0,0,0,0,0,0,0,0,0,0,0,0,0,0,0,0,0,0,0,0,0,0,0,0,0,0,0,0,0,0,0,0,0,0,0,0,0,0,0,0,0,0,0,0,0,0,0,0,0,0,0,0,0,0,0,0,0,0,0,0,0,0,0,0,0,0,0,0,0,0,0,0,0,0,0,0,125.2,120,94.5,71.6,61,65.7,84.2,105.8,120.3,121.8,125.8,108.3,0,0,0,0,0,0,0,0,0,0,0,0,0,0,0,0,0,0,0,0,0,0,0,0,0,0,0,0,0,0,0,0,0,0,0,0,0,0,0,0,0,0,0,0,0,0,0,0,0,0,0,0,0,0,0,0,0,0,0,0,0,0,0,0,0,0,0,0,0,0,0,0,0,0,0,0,0,385.5,1204.2,32.125,100.35,55,115,2,2
18,6,A,S,2,30.8,875,23,21,31,39,30,-111,1.5,0,0,0,90,2106,24,30,64,65,63,49.3,46.7,53.3,55.4,57.5,59.1,38.7,19.3,40.3,66.1,86.3,101.2,111.4,111,104,112.1,125.9,118.4,105.7,74.1,40.9,15.8,31.6,50.4,47.1,53.3,68.2,0,0,0,0,0,0,0,0,0,0,0,0,0,0,0,0,0,0,0,0,0,0,0,0,0,0,0,0,0,0,0,0,0,0,0,0,0,0,0,0,0,0,0,0,0,0,0,0,0,0,0,0,0,0,0,0,0,0,0,0,107.3,88.1,65.5,52,45.4,56.1,79.9,93.9,114.5,112.5,103.8,108.1,109.6,103.2,92.8,79.9,58.4,25.5,23.6,39.9,37.8,35.3,36.2,53.3,87.4,112.4,122.6,102.8,74.7,51.2,0,0,0,0,0,0,0,0,0,0,0,0,0,0,0,0,0,0,0,0,0,0,0,0,0,0,0,0,0,0,0,0,0,0,0,0,0,0,0,0,0,0,0,0,0,0,0,0,0,0,0,0,0,0,0,0,0,0,0,0,FS,O,,2021,6,3,4/12/2008,28.40909091,26.83212955,26.51673728,28.40909091,0,65,63,49.3,46.7,53.3,55.4,57.5,59.1,38.7,19.3,40.3,66.1,86.3,101.2,111.4,111,104,112.1,125.9,118.4,105.7,74.1,40.9,15.8,31.6,50.4,47.1,53.3,68.2,0,0,0,0,0,0,0,0,0,0,0,0,0,0,0,0,0,0,0,0,0,0,0,0,0,0,0,0,0,0,0,0,0,0,0,0,0,0,0,0,0,0,0,0,0,0,0,0,0,0,0,0,0,0,0,0,0,0,0,0,0,88.1,65.5,52,45.4,56.1,79.9,93.9,114.5,112.5,103.8,108.1,109.6,103.2,92.8,79.9,58.4,25.5,23.6,39.9,37.8,35.3,36.2,53.3,87.4,112.4,122.6,102.8,74.7,51.2,0,0,0,0,0,0,0,0,0,0,0,0,0,0,0,0,0,0,0,0,0,0,0,0,0,0,0,0,0,0,0,0,0,0,0,0,0,0,0,0,0,0,0,0,0,0,0,0,0,0,0,0,0,0,0,0,0,0,0,0,1971.1,2166.4,67.96896552,74.70344828,55,115,2,2
19,5,A,S,2,10.7,160,60,1,35,27,38,-110,1.5,1,0,0,90,2106,29,10,51.5,50.2,49.6,49,48.9,57.9,57.1,50.7,44.7,33.3,0,0,0,0,0,0,0,0,0,0,0,0,0,0,0,0,0,0,0,0,0,0,0,0,0,0,0,0,0,0,0,0,0,0,0,0,0,0,0,0,0,0,0,0,0,0,0,0,0,0,0,0,0,0,0,0,0,0,0,0,0,0,0,0,0,0,0,0,0,0,0,0,0,0,0,0,0,0,0,0,112.2,111.3,110,108.9,109.6,107.2,86,62,51.2,57.9,0,0,0,0,0,0,0,0,0,0,0,0,0,0,0,0,0,0,0,0,0,0,0,0,0,0,0,0,0,0,0,0,0,0,0,0,0,0,0,0,0,0,0,0,0,0,0,0,0,0,0,0,0,0,0,0,0,0,0,0,0,0,0,0,0,0,0,0,0,0,0,0,0,0,0,0,0,0,0,0,TT,O,,2021,1,3,4/11/2008,14.95327103,21.73633098,21.08685451,24.98371336,0,0,49.6,49,48.9,57.9,57.1,50.7,44.7,33.3,0,0,0,0,0,0,0,0,0,0,0,0,0,0,0,0,0,0,0,0,0,0,0,0,0,0,0,0,0,0,0,0,0,0,0,0,0,0,0,0,0,0,0,0,0,0,0,0,0,0,0,0,0,0,0,0,0,0,0,0,0,0,0,0,0,0,0,0,0,0,0,0,0,0,0,0,0,0,0,0,0,0,110,108.9,109.6,107.2,86,62,51.2,57.9,0,0,0,0,0,0,0,0,0,0,0,0,0,0,0,0,0,0,0,0,0,0,0,0,0,0,0,0,0,0,0,0,0,0,0,0,0,0,0,0,0,0,0,0,0,0,0,0,0,0,0,0,0,0,0,0,0,0,0,0,0,0,0,0,0,0,0,0,0,0,0,0,0,0,0,0,0,0,0,0,391.2,692.8,48.9,86.6,55,115,3,3
20,5,A,W,2,12.7,323,12,25,52,35,13,39,1.5,1,0,0,90,2106,29,12,112,103.4,79.8,54.8,40.3,56.4,69.8,77.7,85.1,84.1,67.4,39.4,0,0,0,0,0,0,0,0,0,0,0,0,0,0,0,0,0,0,0,0,0,0,0,0,0,0,0,0,0,0,0,0,0,0,0,0,0,0,0,0,0,0,0,0,0,0,0,0,0,0,0,0,0,0,0,0,0,0,0,0,0,0,0,0,0,0,0,0,0,0,0,0,0,0,0,0,0,0,56.5,58.1,57.2,64.9,89.6,92.6,79.6,58.9,30.4,15.6,23,50.8,0,0,0,0,0,0,0,0,0,0,0,0,0,0,0,0,0,0,0,0,0,0,0,0,0,0,0,0,0,0,0,0,0,0,0,0,0,0,0,0,0,0,0,0,0,0,0,0,0,0,0,0,0,0,0,0,0,0,0,0,0,0,0,0,0,0,0,0,0,0,0,0,0,0,0,0,0,0,TT,O,,2021,2,3,4/11/2008,25.43307087,21.73633098,21.08685451,24.98371336,0,0,0,0,40.3,56.4,69.8,77.7,85.1,84.1,67.4,39.4,0,0,0,0,0,0,0,0,0,0,0,0,0,0,0,0,0,0,0,0,0,0,0,0,0,0,0,0,0,0,0,0,0,0,0,0,0,0,0,0,0,0,0,0,0,0,0,0,0,0,0,0,0,0,0,0,0,0,0,0,0,0,0,0,0,0,0,0,0,0,0,0,0,0,0,0,0,0,0,0,0,0,89.6,92.6,79.6,58.9,30.4,15.6,23,50.8,0,0,0,0,0,0,0,0,0,0,0,0,0,0,0,0,0,0,0,0,0,0,0,0,0,0,0,0,0,0,0,0,0,0,0,0,0,0,0,0,0,0,0,0,0,0,0,0,0,0,0,0,0,0,0,0,0,0,0,0,0,0,0,0,0,0,0,0,0,0,0,0,0,0,0,0,0,0,520.2,440.5,65.025,55.0625,115,55,5,5
21,5,A,N,2,24.1,557,34,34,67,30,3,40,1.5,1,3,0,90,2106,29,24,114.3,109.8,97,85.6,99.7,95.6,80.2,52.7,36,48.5,65.1,68,64.3,51.1,27.5,23.1,38.3,32.1,16.1,17.1,28.9,35,36,20.3,0,0,0,0,0,0,0,0,0,0,0,0,0,0,0,0,0,0,0,0,0,0,0,0,0,0,0,0,0,0,0,0,0,0,0,0,0,0,0,0,0,0,0,0,0,0,0,0,0,0,0,0,0,0,0,0,0,0,0,0,0,0,0,0,0,0,58.6,53.1,34.2,12.5,13.5,6.7,12.2,37.2,59.5,76.7,65.9,46.1,37.7,42.7,65,92.5,88.5,75.6,76.6,81.7,90.3,93.5,107,105.1,0,0,0,0,0,0,0,0,0,0,0,0,0,0,0,0,0,0,0,0,0,0,0,0,0,0,0,0,0,0,0,0,0,0,0,0,0,0,0,0,0,0,0,0,0,0,0,0,0,0,0,0,0,0,0,0,0,0,0,0,0,0,0,0,0,0,TT,O,,2021,3,3,4/11/2008,23.1120332,21.73633098,21.08685451,24.98371336,0,0,0,0,99.7,95.6,80.2,52.7,36,48.5,65.1,68,64.3,51.1,27.5,23.1,38.3,32.1,16.1,17.1,28.9,35,36,20.3,0,0,0,0,0,0,0,0,0,0,0,0,0,0,0,0,0,0,0,0,0,0,0,0,0,0,0,0,0,0,0,0,0,0,0,0,0,0,0,0,0,0,0,0,0,0,0,0,0,0,0,0,0,0,0,0,0,0,0,0,0,0,0,0,0,0,0,0,0,0,13.5,6.7,12.2,37.2,59.5,76.7,65.9,46.1,37.7,42.7,65,92.5,88.5,75.6,76.6,81.7,90.3,93.5,107,105.1,0,0,0,0,0,0,0,0,0,0,0,0,0,0,0,0,0,0,0,0,0,0,0,0,0,0,0,0,0,0,0,0,0,0,0,0,0,0,0,0,0,0,0,0,0,0,0,0,0,0,0,0,0,0,0,0,0,0,0,0,0,0,0,0,0,0,935.6,1274,46.78,63.7,115,55,5,5
19,6,A,N,2,13,231,9,67,46,38,16,-36,1.5,1,0,0,90,2106,29,12,117.9,117.1,116.3,115.5,114.5,111,97,68.9,60.2,72,66,44,0,0,0,0,0,0,0,0,0,0,0,0,0,0,0,0,0,0,0,0,0,0,0,0,0,0,0,0,0,0,0,0,0,0,0,0,0,0,0,0,0,0,0,0,0,0,0,0,0,0,0,0,0,0,0,0,0,0,0,0,0,0,0,0,0,0,0,0,0,0,0,0,0,0,0,0,0,0,56.4,55,54.1,53.4,56,57.5,58.3,57.1,36.2,20.1,27.3,50.7,0,0,0,0,0,0,0,0,0,0,0,0,0,0,0,0,0,0,0,0,0,0,0,0,0,0,0,0,0,0,0,0,0,0,0,0,0,0,0,0,0,0,0,0,0,0,0,0,0,0,0,0,0,0,0,0,0,0,0,0,0,0,0,0,0,0,0,0,0,0,0,0,0,0,0,0,0,0,TT,O,,2021,4,3,4/12/2008,17.76923077,21.73633098,21.08685451,24.98371336,0,0,0,0,114.5,111,97,68.9,60.2,72,66,44,0,0,0,0,0,0,0,0,0,0,0,0,0,0,0,0,0,0,0,0,0,0,0,0,0,0,0,0,0,0,0,0,0,0,0,0,0,0,0,0,0,0,0,0,0,0,0,0,0,0,0,0,0,0,0,0,0,0,0,0,0,0,0,0,0,0,0,0,0,0,0,0,0,0,0,0,0,0,0,0,0,0,56,57.5,58.3,57.1,36.2,20.1,27.3,50.7,0,0,0,0,0,0,0,0,0,0,0,0,0,0,0,0,0,0,0,0,0,0,0,0,0,0,0,0,0,0,0,0,0,0,0,0,0,0,0,0,0,0,0,0,0,0,0,0,0,0,0,0,0,0,0,0,0,0,0,0,0,0,0,0,0,0,0,0,0,0,0,0,0,0,0,0,0,0,633.6,363.2,79.2,45.4,115,55,5,5
20,6,A,E,2,10.8,261,38,27,70,7,23,-38,1.5,1,0,0,90,2106,29,10,73.3,65.5,48.1,23.7,28.9,58,68,68.5,56,35.1,0,0,0,0,0,0,0,0,0,0,0,0,0,0,0,0,0,0,0,0,0,0,0,0,0,0,0,0,0,0,0,0,0,0,0,0,0,0,0,0,0,0,0,0,0,0,0,0,0,0,0,0,0,0,0,0,0,0,0,0,0,0,0,0,0,0,0,0,0,0,0,0,0,0,0,0,0,0,0,0,128,122.4,116.8,91.2,62.6,31.5,27.5,32.7,50,74.8,0,0,0,0,0,0,0,0,0,0,0,0,0,0,0,0,0,0,0,0,0,0,0,0,0,0,0,0,0,0,0,0,0,0,0,0,0,0,0,0,0,0,0,0,0,0,0,0,0,0,0,0,0,0,0,0,0,0,0,0,0,0,0,0,0,0,0,0,0,0,0,0,0,0,0,0,0,0,0,0,TT,O,,2021,5,3,4/12/2008,24.16666667,21.73633098,21.08685451,24.98371336,0,0,48.1,23.7,28.9,58,68,68.5,56,35.1,0,0,0,0,0,0,0,0,0,0,0,0,0,0,0,0,0,0,0,0,0,0,0,0,0,0,0,0,0,0,0,0,0,0,0,0,0,0,0,0,0,0,0,0,0,0,0,0,0,0,0,0,0,0,0,0,0,0,0,0,0,0,0,0,0,0,0,0,0,0,0,0,0,0,0,0,0,0,0,0,0,0,116.8,91.2,62.6,31.5,27.5,32.7,50,74.8,0,0,0,0,0,0,0,0,0,0,0,0,0,0,0,0,0,0,0,0,0,0,0,0,0,0,0,0,0,0,0,0,0,0,0,0,0,0,0,0,0,0,0,0,0,0,0,0,0,0,0,0,0,0,0,0,0,0,0,0,0,0,0,0,0,0,0,0,0,0,0,0,0,0,0,0,0,0,0,0,386.3,487.1,48.2875,60.8875,55,115,3,3
21,6,A,S,2,30.7,767,37,21,61,32,7,-26,1.5,1,1,0,90,2106,29,30,51.8,36.1,11.3,3.4,17.1,36.4,37.2,41.1,55,67.6,78.5,87.8,85.2,82.1,78.5,63,42.6,20.2,18.8,45.8,63.3,63.5,60.4,59,57.7,41.2,29.6,16.4,22.9,36.6,0,0,0,0,0,0,0,0,0,0,0,0,0,0,0,0,0,0,0,0,0,0,0,0,0,0,0,0,0,0,0,0,0,0,0,0,0,0,0,0,0,0,0,0,0,0,0,0,0,0,0,0,0,0,0,0,0,0,0,0,101.3,89.1,84.8,91.4,104.8,124.3,124.1,105.7,86.7,69.3,46.2,20.6,8.8,24.9,37.5,56.6,70.8,75.7,87.4,83,73.2,57.9,38.7,30.9,33.1,57,83.6,98,104.4,96.7,0,0,0,0,0,0,0,0,0,0,0,0,0,0,0,0,0,0,0,0,0,0,0,0,0,0,0,0,0,0,0,0,0,0,0,0,0,0,0,0,0,0,0,0,0,0,0,0,0,0,0,0,0,0,0,0,0,0,0,0,FS,O,,2021,6,3,4/12/2008,24.98371336,21.73633098,21.08685451,24.98371336,0,36.1,11.3,3.4,17.1,36.4,37.2,41.1,55,67.6,78.5,87.8,85.2,82.1,78.5,63,42.6,20.2,18.8,45.8,63.3,63.5,60.4,59,57.7,41.2,29.6,16.4,22.9,36.6,0,0,0,0,0,0,0,0,0,0,0,0,0,0,0,0,0,0,0,0,0,0,0,0,0,0,0,0,0,0,0,0,0,0,0,0,0,0,0,0,0,0,0,0,0,0,0,0,0,0,0,0,0,0,0,0,0,0,0,0,0,89.1,84.8,91.4,104.8,124.3,124.1,105.7,86.7,69.3,46.2,20.6,8.8,24.9,37.5,56.6,70.8,75.7,87.4,83,73.2,57.9,38.7,30.9,33.1,57,83.6,98,104.4,96.7,0,0,0,0,0,0,0,0,0,0,0,0,0,0,0,0,0,0,0,0,0,0,0,0,0,0,0,0,0,0,0,0,0,0,0,0,0,0,0,0,0,0,0,0,0,0,0,0,0,0,0,0,0,0,0,0,0,0,0,0,1358.3,2065.2,46.83793103,71.2137931,55,115,2,2
25,5,A,S,2,88.6,1887,23,27,38,48,14,44,1.5,1,1,0,90,2106,46,88,39.1,28.8,33.9,55.2,78.2,85.9,101.4,103.1,95.6,74.4,57.2,38.1,19.7,17.3,38.6,58.4,75.8,81.4,88.4,97.4,93,80.2,67.7,49.8,29.2,17.7,22.3,35,44.9,56.3,61.7,64.6,66.5,60.1,52.5,29.9,35.5,45.1,45.9,55.1,58.1,68.7,80.5,87.2,74.9,56.2,40.9,24,22,31.1,43.3,56.2,70.2,81.2,92.8,100.7,105.1,108,113.4,116.5,114.7,115,115.4,116.1,106.5,90.7,70.3,37.6,21.9,26.5,41.7,57.2,68.7,87.2,104.9,114.1,123,125.9,121.8,117.7,115.9,104.5,92.5,80.1,65.2,47.3,34.6,16.2,0,0,112.2,97.7,76.9,54.7,43.1,40.9,57.3,75.8,86,90.3,92.4,95.8,85.6,74.8,63.5,46.8,29.4,26.5,7.9,17.7,32,48.7,66.2,79,92,105,104,99.1,84.5,68.2,61.6,50,31.4,29.6,40.8,60.9,55,44.7,44.5,35.9,47.7,70.6,90.6,97.1,101.7,100.9,103.7,105.7,110.7,113.5,112.3,107.8,102.5,92.3,82,69.1,63.4,53.1,40.6,32.4,25.9,28.7,35,43,43.8,44.1,49.7,65.3,68.5,68.1,68.2,58.4,45.3,36.1,31.2,32.6,35,38.6,37.2,37.4,45.1,49.3,59.5,74.3,89.1,97.9,101.3,101.4,0,0,TT,O,,2021,1,3,4/11/2008,21.2979684,21.73771487,21.59014384,22.47557003,0,0,33.9,55.2,78.2,85.9,101.4,103.1,95.6,74.4,57.2,38.1,19.7,17.3,38.6,58.4,75.8,81.4,88.4,97.4,93,80.2,67.7,49.8,29.2,17.7,22.3,35,44.9,56.3,61.7,64.6,66.5,60.1,52.5,29.9,35.5,45.1,45.9,55.1,58.1,68.7,80.5,87.2,74.9,56.2,40.9,24,22,31.1,43.3,56.2,70.2,81.2,92.8,100.7,105.1,108,113.4,116.5,114.7,115,115.4,116.1,106.5,90.7,70.3,37.6,21.9,26.5,41.7,57.2,68.7,87.2,104.9,114.1,123,125.9,121.8,117.7,115.9,104.5,92.5,80.1,65.2,47.3,34.6,16.2,0,0,0,0,76.9,54.7,43.1,40.9,57.3,75.8,86,90.3,92.4,95.8,85.6,74.8,63.5,46.8,29.4,26.5,7.9,17.7,32,48.7,66.2,79,92,105,104,99.1,84.5,68.2,61.6,50,31.4,29.6,40.8,60.9,55,44.7,44.5,35.9,47.7,70.6,90.6,97.1,101.7,100.9,103.7,105.7,110.7,113.5,112.3,107.8,102.5,92.3,82,69.1,63.4,53.1,40.6,32.4,25.9,28.7,35,43,43.8,44.1,49.7,65.3,68.5,68.1,68.2,58.4,45.3,36.1,31.2,32.6,35,38.6,37.2,37.4,45.1,49.3,59.5,74.3,89.1,97.9,101.3,101.4,0,0,5977.2,5506.2,69.50232558,64.0255814,55,115,3,3
26,5,A,W,2,32.3,673,9,40,56,30,14,2,1.5,1,2,0,90,2106,46,32,106.4,84.7,74.7,76.5,90,110.2,122.9,119.6,117.7,107.2,92.2,77,59.4,63.1,66.7,71,69,54.6,38,51.8,75.5,77.2,68.6,64.4,56.6,47.2,43.3,43,48.4,36.9,18.9,6.4,0,0,0,0,0,0,0,0,0,0,0,0,0,0,0,0,0,0,0,0,0,0,0,0,0,0,0,0,0,0,0,0,0,0,0,0,0,0,0,0,0,0,0,0,0,0,0,0,0,0,0,0,0,0,0,0,0,0,56.7,44,27.9,15.2,23.7,38.4,44.9,43.2,36.3,21.1,8,22.9,34.8,26.8,28.5,34,42.2,57.2,72.5,106.3,126.2,120.5,104.9,95.8,80.7,60.6,47.4,59.6,73.3,96.6,97.1,93.8,0,0,0,0,0,0,0,0,0,0,0,0,0,0,0,0,0,0,0,0,0,0,0,0,0,0,0,0,0,0,0,0,0,0,0,0,0,0,0,0,0,0,0,0,0,0,0,0,0,0,0,0,0,0,0,0,0,0,TT,O,,2021,2,3,4/11/2008,20.83591331,21.73771487,21.59014384,22.47557003,0,0,0,0,90,110.2,122.9,119.6,117.7,107.2,92.2,77,59.4,63.1,66.7,71,69,54.6,38,51.8,75.5,77.2,68.6,64.4,56.6,47.2,43.3,43,48.4,36.9,18.9,6.4,0,0,0,0,0,0,0,0,0,0,0,0,0,0,0,0,0,0,0,0,0,0,0,0,0,0,0,0,0,0,0,0,0,0,0,0,0,0,0,0,0,0,0,0,0,0,0,0,0,0,0,0,0,0,0,0,0,0,0,0,0,0,23.7,38.4,44.9,43.2,36.3,21.1,8,22.9,34.8,26.8,28.5,34,42.2,57.2,72.5,106.3,126.2,120.5,104.9,95.8,80.7,60.6,47.4,59.6,73.3,96.6,97.1,93.8,0,0,0,0,0,0,0,0,0,0,0,0,0,0,0,0,0,0,0,0,0,0,0,0,0,0,0,0,0,0,0,0,0,0,0,0,0,0,0,0,0,0,0,0,0,0,0,0,0,0,0,0,0,0,0,0,0,0,1896.8,1697.3,67.74285714,60.61785714,115,55,5,5
27,5,A,N,2,10.3,214,26,49,59,40,1,49,1.5,1,0,0,90,2106,46,10,110.9,107.5,98.5,83.6,73.4,61.5,54.1,38.6,17.6,6.4,0,0,0,0,0,0,0,0,0,0,0,0,0,0,0,0,0,0,0,0,0,0,0,0,0,0,0,0,0,0,0,0,0,0,0,0,0,0,0,0,0,0,0,0,0,0,0,0,0,0,0,0,0,0,0,0,0,0,0,0,0,0,0,0,0,0,0,0,0,0,0,0,0,0,0,0,0,0,0,0,53.7,45.4,28.5,13.6,20,42.9,68.9,92,94.3,88.3,0,0,0,0,0,0,0,0,0,0,0,0,0,0,0,0,0,0,0,0,0,0,0,0,0,0,0,0,0,0,0,0,0,0,0,0,0,0,0,0,0,0,0,0,0,0,0,0,0,0,0,0,0,0,0,0,0,0,0,0,0,0,0,0,0,0,0,0,0,0,0,0,0,0,0,0,0,0,0,0,TT,O,,2021,3,3,4/11/2008,20.77669903,21.73771487,21.59014384,22.47557003,0,0,0,0,73.4,61.5,54.1,38.6,17.6,6.4,0,0,0,0,0,0,0,0,0,0,0,0,0,0,0,0,0,0,0,0,0,0,0,0,0,0,0,0,0,0,0,0,0,0,0,0,0,0,0,0,0,0,0,0,0,0,0,0,0,0,0,0,0,0,0,0,0,0,0,0,0,0,0,0,0,0,0,0,0,0,0,0,0,0,0,0,0,0,0,0,0,0,0,0,20,42.9,68.9,92,94.3,88.3,0,0,0,0,0,0,0,0,0,0,0,0,0,0,0,0,0,0,0,0,0,0,0,0,0,0,0,0,0,0,0,0,0,0,0,0,0,0,0,0,0,0,0,0,0,0,0,0,0,0,0,0,0,0,0,0,0,0,0,0,0,0,0,0,0,0,0,0,0,0,0,0,0,0,0,0,0,0,0,0,251.6,406.4,41.93333333,67.73333333,115,55,5,5
25,6,A,N,2,24.8,574,11,38,54,45,1,58,1.5,1,0,0,90,2106,46,24,112,106.9,87,63.9,71.5,88.1,98,100.2,101.3,101.8,104.3,102.9,97.3,79.4,50,39.5,34,46.4,60.4,63.2,68.5,58.8,41.8,18.5,0,0,0,0,0,0,0,0,0,0,0,0,0,0,0,0,0,0,0,0,0,0,0,0,0,0,0,0,0,0,0,0,0,0,0,0,0,0,0,0,0,0,0,0,0,0,0,0,0,0,0,0,0,0,0,0,0,0,0,0,0,0,0,0,0,0,53.2,39.3,26.5,50.6,76.6,76.9,67.1,65.2,50.2,29.9,17,25.4,42.2,55.4,58.3,51.8,59,64.4,53,52.3,38,33.1,48.4,71.2,0,0,0,0,0,0,0,0,0,0,0,0,0,0,0,0,0,0,0,0,0,0,0,0,0,0,0,0,0,0,0,0,0,0,0,0,0,0,0,0,0,0,0,0,0,0,0,0,0,0,0,0,0,0,0,0,0,0,0,0,0,0,0,0,0,0,TT,O,,2021,4,3,4/12/2008,23.14516129,21.73771487,21.59014384,22.47557003,0,0,0,0,71.5,88.1,98,100.2,101.3,101.8,104.3,102.9,97.3,79.4,50,39.5,34,46.4,60.4,63.2,68.5,58.8,41.8,18.5,0,0,0,0,0,0,0,0,0,0,0,0,0,0,0,0,0,0,0,0,0,0,0,0,0,0,0,0,0,0,0,0,0,0,0,0,0,0,0,0,0,0,0,0,0,0,0,0,0,0,0,0,0,0,0,0,0,0,0,0,0,0,0,0,0,0,0,0,0,0,76.6,76.9,67.1,65.2,50.2,29.9,17,25.4,42.2,55.4,58.3,51.8,59,64.4,53,52.3,38,33.1,48.4,71.2,0,0,0,0,0,0,0,0,0,0,0,0,0,0,0,0,0,0,0,0,0,0,0,0,0,0,0,0,0,0,0,0,0,0,0,0,0,0,0,0,0,0,0,0,0,0,0,0,0,0,0,0,0,0,0,0,0,0,0,0,0,0,0,0,0,0,1425.9,1035.4,71.295,51.77,115,55,5,5
26,6,A,E,2,43.8,959,13,46,33,48,19,86,1.5,1,3,0,90,2106,46,43,68.2,74.1,86,102.7,111.2,116.3,116.4,109,95,84.2,54.7,42.5,56.2,70.3,81.2,87.2,101.4,108.4,104.9,86.2,78.8,77.7,85.7,103.6,120.4,119.1,113.8,109.7,92.3,68.1,49.7,60.1,79.6,80.2,73.5,71.5,58.8,39,22.7,32.3,43.5,38.9,22.1,0,0,0,0,0,0,0,0,0,0,0,0,0,0,0,0,0,0,0,0,0,0,0,0,0,0,0,0,0,0,0,0,0,0,0,0,0,0,0,0,0,0,0,0,0,0,0,108.9,92.8,74.2,59.3,50.6,40.9,29.2,23.7,28.8,44.5,52.9,47.7,34.6,19.4,11,12.3,31.5,51.6,62.8,50.3,34,15.8,17.7,37,51.3,49.3,42.6,30.5,15.8,30.1,62.3,101.5,121.1,118.8,104.1,100.3,87.6,87.9,100.3,121.1,132,128.2,111.3,0,0,0,0,0,0,0,0,0,0,0,0,0,0,0,0,0,0,0,0,0,0,0,0,0,0,0,0,0,0,0,0,0,0,0,0,0,0,0,0,0,0,0,0,0,0,0,TT,O,,2021,5,3,4/12/2008,21.89497717,21.73771487,21.59014384,22.47557003,0,0,86,102.7,111.2,116.3,116.4,109,95,84.2,54.7,42.5,56.2,70.3,81.2,87.2,101.4,108.4,104.9,86.2,78.8,77.7,85.7,103.6,120.4,119.1,113.8,109.7,92.3,68.1,49.7,60.1,79.6,80.2,73.5,71.5,58.8,39,22.7,32.3,43.5,38.9,22.1,0,0,0,0,0,0,0,0,0,0,0,0,0,0,0,0,0,0,0,0,0,0,0,0,0,0,0,0,0,0,0,0,0,0,0,0,0,0,0,0,0,0,0,0,0,0,0,0,0,74.2,59.3,50.6,40.9,29.2,23.7,28.8,44.5,52.9,47.7,34.6,19.4,11,12.3,31.5,51.6,62.8,50.3,34,15.8,17.7,37,51.3,49.3,42.6,30.5,15.8,30.1,62.3,101.5,121.1,118.8,104.1,100.3,87.6,87.9,100.3,121.1,132,128.2,111.3,0,0,0,0,0,0,0,0,0,0,0,0,0,0,0,0,0,0,0,0,0,0,0,0,0,0,0,0,0,0,0,0,0,0,0,0,0,0,0,0,0,0,0,0,0,0,0,3254.9,2425.9,79.38780488,59.16829268,55,115,3,3
27,6,A,S,2,30.7,690,6,22,50,34,16,-35,1.5,0,0,0,90,2106,46,30,40,31.5,40.5,60.6,76,93.6,105.1,95.2,68.3,45.6,39,55.6,83,109.4,119,112.4,108.1,93.1,75.6,62.7,63.3,75.3,65.9,62.3,48.9,46,48.4,50.9,55.1,48.7,0,0,0,0,0,0,0,0,0,0,0,0,0,0,0,0,0,0,0,0,0,0,0,0,0,0,0,0,0,0,0,0,0,0,0,0,0,0,0,0,0,0,0,0,0,0,0,0,0,0,0,0,0,0,0,0,0,0,0,0,109.9,92.3,66.6,47.2,42.8,55.1,79.3,85.5,79.1,68.7,53,42.4,44.2,53.7,56.8,54.5,47.4,43.5,56.6,79.4,104.6,120.5,103.5,98.6,86.2,65.5,57,51.6,36.4,42.3,0,0,0,0,0,0,0,0,0,0,0,0,0,0,0,0,0,0,0,0,0,0,0,0,0,0,0,0,0,0,0,0,0,0,0,0,0,0,0,0,0,0,0,0,0,0,0,0,0,0,0,0,0,0,0,0,0,0,0,0,FS,O,,2021,6,3,4/12/2008,22.47557003,21.73771487,21.59014384,22.47557003,0,31.5,40.5,60.6,76,93.6,105.1,95.2,68.3,45.6,39,55.6,83,109.4,119,112.4,108.1,93.1,75.6,62.7,63.3,75.3,65.9,62.3,48.9,46,48.4,50.9,55.1,48.7,0,0,0,0,0,0,0,0,0,0,0,0,0,0,0,0,0,0,0,0,0,0,0,0,0,0,0,0,0,0,0,0,0,0,0,0,0,0,0,0,0,0,0,0,0,0,0,0,0,0,0,0,0,0,0,0,0,0,0,0,0,92.3,66.6,47.2,42.8,55.1,79.3,85.5,79.1,68.7,53,42.4,44.2,53.7,56.8,54.5,47.4,43.5,56.6,79.4,104.6,120.5,103.5,98.6,86.2,65.5,57,51.6,36.4,42.3,0,0,0,0,0,0,0,0,0,0,0,0,0,0,0,0,0,0,0,0,0,0,0,0,0,0,0,0,0,0,0,0,0,0,0,0,0,0,0,0,0,0,0,0,0,0,0,0,0,0,0,0,0,0,0,0,0,0,0,0,2039.1,1914.3,70.3137931,66.01034483,55,115,2,2
28,5,A,S,2,2.4,59,100,0,17,60,23,47,1.5,1,0,0,90,2106,50,2,40.2,20.3,0,0,0,0,0,0,0,0,0,0,0,0,0,0,0,0,0,0,0,0,0,0,0,0,0,0,0,0,0,0,0,0,0,0,0,0,0,0,0,0,0,0,0,0,0,0,0,0,0,0,0,0,0,0,0,0,0,0,0,0,0,0,0,0,0,0,0,0,0,0,0,0,0,0,0,0,0,0,0,0,0,0,0,0,0,0,0,0,115.4,104.2,0,0,0,0,0,0,0,0,0,0,0,0,0,0,0,0,0,0,0,0,0,0,0,0,0,0,0,0,0,0,0,0,0,0,0,0,0,0,0,0,0,0,0,0,0,0,0,0,0,0,0,0,0,0,0,0,0,0,0,0,0,0,0,0,0,0,0,0,0,0,0,0,0,0,0,0,0,0,0,0,0,0,0,0,0,0,0,0,TT,O,,2021,1,3,4/11/2008,24.58333333,25.41412729,25.79565404,23.50649351,0,0,0,0,0,0,0,0,0,0,0,0,0,0,0,0,0,0,0,0,0,0,0,0,0,0,0,0,0,0,0,0,0,0,0,0,0,0,0,0,0,0,0,0,0,0,0,0,0,0,0,0,0,0,0,0,0,0,0,0,0,0,0,0,0,0,0,0,0,0,0,0,0,0,0,0,0,0,0,0,0,0,0,0,0,0,0,0,0,0,0,0,0,0,0,0,0,0,0,0,0,0,0,0,0,0,0,0,0,0,0,0,0,0,0,0,0,0,0,0,0,0,0,0,0,0,0,0,0,0,0,0,0,0,0,0,0,0,0,0,0,0,0,0,0,0,0,0,0,0,0,0,0,0,0,0,0,0,0,0,0,0,0,0,0,0,0,0,0,0,0,0,0,0,0,0,0,0,0,0,0,0,0,0,55,115,2,2
29,5,A,W,2,59.1,1432,16,30,26,50,24,39,1.5,0,0,0,90,2106,50,59,109.6,90.2,51.1,20.3,22,53.1,82.4,100.6,107.8,111.4,115,118.5,119.4,116.1,110.2,104.5,82.5,53.1,44.2,52.8,75.8,92.4,99.4,101.9,105.5,105,89.1,61.3,43.7,35,47.6,70.8,88.9,100,107,112.6,119.3,122.9,122.3,116.8,111.7,111.2,88.8,76,85.8,90.6,98.5,97.2,83.9,66.2,53.7,39,29.8,31.7,41.5,42.2,43.5,41.9,22.3,0,0,0,0,0,0,0,0,0,0,0,0,0,0,0,0,0,0,0,0,0,0,0,0,0,0,0,0,0,0,0,63.6,67.2,73.2,75.9,82,87,91.8,84.9,72.2,61.1,44.6,32,33.8,44.8,61.2,78.6,83.9,75.4,57.9,37.3,21,14.1,14.2,19.6,42.3,62.1,67.4,59.5,54.5,56.7,66.2,76.2,70,60.7,53.6,44,35.6,35,38.9,47.6,59.8,65.2,58.6,42.8,33.1,31.2,39.5,55,63.7,71.3,77.8,93.7,113,120.2,122.7,113,110.4,106.8,98.6,0,0,0,0,0,0,0,0,0,0,0,0,0,0,0,0,0,0,0,0,0,0,0,0,0,0,0,0,0,0,0,TT,O,,2021,2,3,4/11/2008,24.23011844,25.41412729,25.79565404,23.50649351,0,0,0,20.3,22,53.1,82.4,100.6,107.8,111.4,115,118.5,119.4,116.1,110.2,104.5,82.5,53.1,44.2,52.8,75.8,92.4,99.4,101.9,105.5,105,89.1,61.3,43.7,35,47.6,70.8,88.9,100,107,112.6,119.3,122.9,122.3,116.8,111.7,111.2,88.8,76,85.8,90.6,98.5,97.2,83.9,66.2,53.7,39,29.8,31.7,41.5,42.2,43.5,41.9,22.3,0,0,0,0,0,0,0,0,0,0,0,0,0,0,0,0,0,0,0,0,0,0,0,0,0,0,0,0,0,0,0,0,0,0,75.9,82,87,91.8,84.9,72.2,61.1,44.6,32,33.8,44.8,61.2,78.6,83.9,75.4,57.9,37.3,21,14.1,14.2,19.6,42.3,62.1,67.4,59.5,54.5,56.7,66.2,76.2,70,60.7,53.6,44,35.6,35,38.9,47.6,59.8,65.2,58.6,42.8,33.1,31.2,39.5,55,63.7,71.3,77.8,93.7,113,120.2,122.7,113,110.4,106.8,98.6,0,0,0,0,0,0,0,0,0,0,0,0,0,0,0,0,0,0,0,0,0,0,0,0,0,0,0,0,0,0,0,4486.7,3520,80.11964286,62.85714286,115,55,4,4
30,5,A,N,2,15.4,396,25,31,70,28,2,33,1.5,1,0,0,90,2106,50,15,114.6,106.3,86.9,64.7,46.8,37.8,46.9,50.1,56.1,61.5,63.4,55.5,42.4,33,10.7,0,0,0,0,0,0,0,0,0,0,0,0,0,0,0,0,0,0,0,0,0,0,0,0,0,0,0,0,0,0,0,0,0,0,0,0,0,0,0,0,0,0,0,0,0,0,0,0,0,0,0,0,0,0,0,0,0,0,0,0,0,0,0,0,0,0,0,0,0,0,0,0,0,0,0,55.6,43.1,25.5,40.4,68.5,98,110.6,99.2,78,61.2,43.8,35.1,55.6,83.2,93.1,0,0,0,0,0,0,0,0,0,0,0,0,0,0,0,0,0,0,0,0,0,0,0,0,0,0,0,0,0,0,0,0,0,0,0,0,0,0,0,0,0,0,0,0,0,0,0,0,0,0,0,0,0,0,0,0,0,0,0,0,0,0,0,0,0,0,0,0,0,0,0,0,0,0,0,TT,O,,2021,3,3,4/11/2008,25.71428571,25.41412729,25.79565404,23.50649351,0,0,0,64.7,46.8,37.8,46.9,50.1,56.1,61.5,63.4,55.5,42.4,33,10.7,0,0,0,0,0,0,0,0,0,0,0,0,0,0,0,0,0,0,0,0,0,0,0,0,0,0,0,0,0,0,0,0,0,0,0,0,0,0,0,0,0,0,0,0,0,0,0,0,0,0,0,0,0,0,0,0,0,0,0,0,0,0,0,0,0,0,0,0,0,0,0,0,0,0,0,0,0,0,40.4,68.5,98,110.6,99.2,78,61.2,43.8,35.1,55.6,83.2,93.1,0,0,0,0,0,0,0,0,0,0,0,0,0,0,0,0,0,0,0,0,0,0,0,0,0,0,0,0,0,0,0,0,0,0,0,0,0,0,0,0,0,0,0,0,0,0,0,0,0,0,0,0,0,0,0,0,0,0,0,0,0,0,0,0,0,0,0,0,0,0,0,0,0,0,0,568.9,866.7,47.40833333,72.225,115,55,4,4
28,6,A,N,2,36.5,933,18,46,53,41,6,68,1.5,2,3,0,90,2106,50,36,116.9,116.1,105.9,87.3,63.3,37.4,18.3,18.6,29.9,34,42.1,45.6,39.6,37.1,54.6,58.4,45.4,35.3,49,77.6,99.4,109.6,106.8,88.2,66.4,75.2,89.6,94.5,96.8,110.9,119,118.1,102.8,79.8,46.8,13.5,0,0,0,0,0,0,0,0,0,0,0,0,0,0,0,0,0,0,0,0,0,0,0,0,0,0,0,0,0,0,0,0,0,0,0,0,0,0,0,0,0,0,0,0,0,0,0,0,0,0,0,0,0,0,58.2,52.4,31.2,12.4,31.1,52.5,82.4,107.2,111.6,99,81.9,77,56.8,57.6,70.2,87.6,79.3,64.3,41,18.3,15.8,22.2,18.3,8.7,34,55.5,56.4,58,37.6,25.2,30.9,35.1,33.9,38.7,58.5,77.9,0,0,0,0,0,0,0,0,0,0,0,0,0,0,0,0,0,0,0,0,0,0,0,0,0,0,0,0,0,0,0,0,0,0,0,0,0,0,0,0,0,0,0,0,0,0,0,0,0,0,0,0,0,0,TT,O,,2021,4,3,4/12/2008,25.56164384,25.41412729,25.79565404,23.50649351,0,0,0,87.3,63.3,37.4,18.3,18.6,29.9,34,42.1,45.6,39.6,37.1,54.6,58.4,45.4,35.3,49,77.6,99.4,109.6,106.8,88.2,66.4,75.2,89.6,94.5,96.8,110.9,119,118.1,102.8,79.8,46.8,13.5,0,0,0,0,0,0,0,0,0,0,0,0,0,0,0,0,0,0,0,0,0,0,0,0,0,0,0,0,0,0,0,0,0,0,0,0,0,0,0,0,0,0,0,0,0,0,0,0,0,0,0,0,0,0,0,0,0,12.4,31.1,52.5,82.4,107.2,111.6,99,81.9,77,56.8,57.6,70.2,87.6,79.3,64.3,41,18.3,15.8,22.2,18.3,8.7,34,55.5,56.4,58,37.6,25.2,30.9,35.1,33.9,38.7,58.5,77.9,0,0,0,0,0,0,0,0,0,0,0,0,0,0,0,0,0,0,0,0,0,0,0,0,0,0,0,0,0,0,0,0,0,0,0,0,0,0,0,0,0,0,0,0,0,0,0,0,0,0,0,0,0,0,2190.9,1736.9,66.39090909,52.63333333,115,55,4,4
29,6,A,E,2,8.1,234,13,21,81,13,6,62,1.5,1,0,0,90,2106,50,8,67.6,64.9,65.1,71.9,76.5,66.8,44.9,10.8,0,0,0,0,0,0,0,0,0,0,0,0,0,0,0,0,0,0,0,0,0,0,0,0,0,0,0,0,0,0,0,0,0,0,0,0,0,0,0,0,0,0,0,0,0,0,0,0,0,0,0,0,0,0,0,0,0,0,0,0,0,0,0,0,0,0,0,0,0,0,0,0,0,0,0,0,0,0,0,0,0,0,108.4,85.5,58.5,29.6,17.5,44.3,69.1,85.5,0,0,0,0,0,0,0,0,0,0,0,0,0,0,0,0,0,0,0,0,0,0,0,0,0,0,0,0,0,0,0,0,0,0,0,0,0,0,0,0,0,0,0,0,0,0,0,0,0,0,0,0,0,0,0,0,0,0,0,0,0,0,0,0,0,0,0,0,0,0,0,0,0,0,0,0,0,0,0,0,0,0,TT,O,,2021,5,3,4/12/2008,28.88888889,25.41412729,25.79565404,23.50649351,0,64.9,65.1,71.9,76.5,66.8,44.9,10.8,0,0,0,0,0,0,0,0,0,0,0,0,0,0,0,0,0,0,0,0,0,0,0,0,0,0,0,0,0,0,0,0,0,0,0,0,0,0,0,0,0,0,0,0,0,0,0,0,0,0,0,0,0,0,0,0,0,0,0,0,0,0,0,0,0,0,0,0,0,0,0,0,0,0,0,0,0,0,0,0,0,0,0,85.5,58.5,29.6,17.5,44.3,69.1,85.5,0,0,0,0,0,0,0,0,0,0,0,0,0,0,0,0,0,0,0,0,0,0,0,0,0,0,0,0,0,0,0,0,0,0,0,0,0,0,0,0,0,0,0,0,0,0,0,0,0,0,0,0,0,0,0,0,0,0,0,0,0,0,0,0,0,0,0,0,0,0,0,0,0,0,0,0,0,0,0,0,0,0,400.9,390,57.27142857,55.71428571,55,115,2,2
30,6,A,S,2,30.8,724,60,3,23,56,21,3,1.5,0,0,0,90,2106,50,30,35.9,20,18,36.8,50.8,39.5,27.6,20,21,31,29.5,23.4,21.5,43.8,55.3,47.2,43.3,50.4,67.7,76.9,78.2,67.2,57.3,41.5,34.7,41.2,50.9,45.8,41.9,41.2,0,0,0,0,0,0,0,0,0,0,0,0,0,0,0,0,0,0,0,0,0,0,0,0,0,0,0,0,0,0,0,0,0,0,0,0,0,0,0,0,0,0,0,0,0,0,0,0,0,0,0,0,0,0,0,0,0,0,0,0,114.3,98.3,84.7,80.8,89.6,103.1,113.7,109.2,110,118.8,118.8,112.1,107.2,103.2,107,107.1,89.4,70.2,58.1,61.7,71.1,90,105.5,116.8,122.5,126.9,123.9,107.9,88.5,77.4,0,0,0,0,0,0,0,0,0,0,0,0,0,0,0,0,0,0,0,0,0,0,0,0,0,0,0,0,0,0,0,0,0,0,0,0,0,0,0,0,0,0,0,0,0,0,0,0,0,0,0,0,0,0,0,0,0,0,0,0,FS,O,,2021,6,3,4/12/2008,23.50649351,25.41412729,25.79565404,23.50649351,0,20,18,36.8,50.8,39.5,27.6,20,21,31,29.5,23.4,21.5,43.8,55.3,47.2,43.3,50.4,67.7,76.9,78.2,67.2,57.3,41.5,34.7,41.2,50.9,45.8,41.9,41.2,0,0,0,0,0,0,0,0,0,0,0,0,0,0,0,0,0,0,0,0,0,0,0,0,0,0,0,0,0,0,0,0,0,0,0,0,0,0,0,0,0,0,0,0,0,0,0,0,0,0,0,0,0,0,0,0,0,0,0,0,0,98.3,84.7,80.8,89.6,103.1,113.7,109.2,110,118.8,118.8,112.1,107.2,103.2,107,107.1,89.4,70.2,58.1,61.7,71.1,90,105.5,116.8,122.5,126.9,123.9,107.9,88.5,77.4,0,0,0,0,0,0,0,0,0,0,0,0,0,0,0,0,0,0,0,0,0,0,0,0,0,0,0,0,0,0,0,0,0,0,0,0,0,0,0,0,0,0,0,0,0,0,0,0,0,0,0,0,0,0,0,0,0,0,0,0,1223.6,2873.5,42.19310345,99.0862069,55,115,2,2
31,5,A,S,2,82.6,1684,23,14,46,31,23,-9,1.5,2,1,0,90,2106,62,82,52.4,50.1,40.5,31.2,26.1,29.9,36,37,35.7,45.7,53.3,57.6,66.7,70.3,67.9,64.8,64.2,61.9,61,61,61.1,51,39.4,32.2,22.5,13.8,10.8,24.6,40.3,40.7,28.3,31.5,44,57.1,85.8,86.3,84.6,84.7,79.6,64.5,61.4,63.6,62.5,53.5,54.3,66.9,91.9,115.4,121.6,119.5,101,79,65,65.9,55.3,37.7,31.1,49.6,68,78.8,65.7,53.7,43.2,55.2,56.1,51.1,57.5,51.5,37.3,48.8,59.9,62.5,74.9,81.1,92.3,90.2,73.4,73.7,76,57.8,32.4,9.1,0,0,0,0,0,0,0,0,112.1,108,101.1,94.4,93.4,98.1,102.8,78.3,66.4,54.9,45.8,36.3,31.1,31.3,47,62.8,66.9,72.5,78.3,82.5,86,90.9,76.8,72,71.6,76,88.4,109.8,127.5,127.3,114.9,96,87.5,87.8,92.4,91,88.5,97.9,102.7,107,112.5,108.1,94.3,73.9,50.2,27,10.1,26.4,36.1,37.5,38.2,56.9,84.2,111.5,122.4,121.5,116.9,112.4,100.8,89.6,73.2,66.3,79.9,78.6,65.8,71.4,74.8,65,55.7,44.6,31.7,35.7,37.7,19.3,15.3,28.6,44.9,62,56.8,56.6,68.3,83.6,0,0,0,0,0,0,0,0,TT,O,,2021,1,3,4/11/2008,20.3874092,22.77774131,22.16824103,25.82524272,0,50.1,40.5,31.2,26.1,29.9,36,37,35.7,45.7,53.3,57.6,66.7,70.3,67.9,64.8,64.2,61.9,61,61,61.1,51,39.4,32.2,22.5,13.8,10.8,24.6,40.3,40.7,28.3,31.5,44,57.1,85.8,86.3,84.6,84.7,79.6,64.5,61.4,63.6,62.5,53.5,54.3,66.9,91.9,115.4,121.6,119.5,101,79,65,65.9,55.3,37.7,31.1,49.6,68,78.8,65.7,53.7,43.2,55.2,56.1,51.1,57.5,51.5,37.3,48.8,59.9,62.5,74.9,81.1,92.3,90.2,73.4,73.7,76,57.8,32.4,9.1,0,0,0,0,0,0,0,0,0,108,101.1,94.4,93.4,98.1,102.8,78.3,66.4,54.9,45.8,36.3,31.1,31.3,47,62.8,66.9,72.5,78.3,82.5,86,90.9,76.8,72,71.6,76,88.4,109.8,127.5,127.3,114.9,96,87.5,87.8,92.4,91,88.5,97.9,102.7,107,112.5,108.1,94.3,73.9,50.2,27,10.1,26.4,36.1,37.5,38.2,56.9,84.2,111.5,122.4,121.5,116.9,112.4,100.8,89.6,73.2,66.3,79.9,78.6,65.8,71.4,74.8,65,55.7,44.6,31.7,35.7,37.7,19.3,15.3,28.6,44.9,62,56.8,56.6,68.3,83.6,0,0,0,0,0,0,0,0,4689.1,5990.2,57.89012346,73.95308642,55,115,2,2
32,5,A,W,2,5.2,135,27,60,62,33,5,-30,1.5,2,0,0,90,2106,62,5,109.9,100.8,75.4,43.8,14,0,0,0,0,0,0,0,0,0,0,0,0,0,0,0,0,0,0,0,0,0,0,0,0,0,0,0,0,0,0,0,0,0,0,0,0,0,0,0,0,0,0,0,0,0,0,0,0,0,0,0,0,0,0,0,0,0,0,0,0,0,0,0,0,0,0,0,0,0,0,0,0,0,0,0,0,0,0,0,0,0,0,0,0,0,41.8,33.5,25,46,77.7,0,0,0,0,0,0,0,0,0,0,0,0,0,0,0,0,0,0,0,0,0,0,0,0,0,0,0,0,0,0,0,0,0,0,0,0,0,0,0,0,0,0,0,0,0,0,0,0,0,0,0,0,0,0,0,0,0,0,0,0,0,0,0,0,0,0,0,0,0,0,0,0,0,0,0,0,0,0,0,0,0,0,0,0,0,TT,O,,2021,2,3,4/11/2008,25.96153846,22.77774131,22.16824103,25.82524272,0,0,0,0,0,0,0,0,0,0,0,0,0,0,0,0,0,0,0,0,0,0,0,0,0,0,0,0,0,0,0,0,0,0,0,0,0,0,0,0,0,0,0,0,0,0,0,0,0,0,0,0,0,0,0,0,0,0,0,0,0,0,0,0,0,0,0,0,0,0,0,0,0,0,0,0,0,0,0,0,0,0,0,0,0,0,0,0,0,0,0,0,0,0,0,0,0,0,0,0,0,0,0,0,0,0,0,0,0,0,0,0,0,0,0,0,0,0,0,0,0,0,0,0,0,0,0,0,0,0,0,0,0,0,0,0,0,0,0,0,0,0,0,0,0,0,0,0,0,0,0,0,0,0,0,0,0,0,0,0,0,0,0,0,0,0,0,0,0,0,0,0,0,0,0,0,0,0,0,0,0,0,0,0,115,55,5,5
33,5,A,N,2,23.1,515,50,5,66,25,9,-29,1.5,1,0,0,90,2106,62,23,108.6,98.8,74.5,47.3,19.9,27.1,38.9,48,36.1,13.5,15.4,27.3,46.6,47.2,55.1,42.3,24,11.9,17.1,35.4,43.7,29.4,11.4,0,0,0,0,0,0,0,0,0,0,0,0,0,0,0,0,0,0,0,0,0,0,0,0,0,0,0,0,0,0,0,0,0,0,0,0,0,0,0,0,0,0,0,0,0,0,0,0,0,0,0,0,0,0,0,0,0,0,0,0,0,0,0,0,0,0,0,61.4,62.6,65.5,69.5,75.7,84,84.6,91.2,93.5,87.8,75.4,62.9,42.8,42.4,40.1,58.2,68.3,83.8,93.2,119.5,130.4,117.4,97.7,0,0,0,0,0,0,0,0,0,0,0,0,0,0,0,0,0,0,0,0,0,0,0,0,0,0,0,0,0,0,0,0,0,0,0,0,0,0,0,0,0,0,0,0,0,0,0,0,0,0,0,0,0,0,0,0,0,0,0,0,0,0,0,0,0,0,0,TT,O,,2021,3,3,4/11/2008,22.29437229,22.77774131,22.16824103,25.82524272,0,0,0,0,19.9,27.1,38.9,48,36.1,13.5,15.4,27.3,46.6,47.2,55.1,42.3,24,11.9,17.1,35.4,43.7,29.4,11.4,0,0,0,0,0,0,0,0,0,0,0,0,0,0,0,0,0,0,0,0,0,0,0,0,0,0,0,0,0,0,0,0,0,0,0,0,0,0,0,0,0,0,0,0,0,0,0,0,0,0,0,0,0,0,0,0,0,0,0,0,0,0,0,0,0,0,0,0,0,0,0,75.7,84,84.6,91.2,93.5,87.8,75.4,62.9,42.8,42.4,40.1,58.2,68.3,83.8,93.2,119.5,130.4,117.4,97.7,0,0,0,0,0,0,0,0,0,0,0,0,0,0,0,0,0,0,0,0,0,0,0,0,0,0,0,0,0,0,0,0,0,0,0,0,0,0,0,0,0,0,0,0,0,0,0,0,0,0,0,0,0,0,0,0,0,0,0,0,0,0,0,0,0,0,0,590.3,1548.9,31.06842105,81.52105263,115,55,5,5
31,6,A,N,2,33.1,652,20,18,71,20,9,-47,1.5,0,0,0,90,2106,62,33,111.2,107.1,95,81.6,63.7,48.5,42.4,53.3,57,53.9,40.9,27.5,29,32,34.8,47.3,48.3,50.8,50.4,38.2,39.1,50.6,52.2,64.6,77.8,82.7,80.4,73.4,61.3,60.8,65.3,58.2,31.1,0,0,0,0,0,0,0,0,0,0,0,0,0,0,0,0,0,0,0,0,0,0,0,0,0,0,0,0,0,0,0,0,0,0,0,0,0,0,0,0,0,0,0,0,0,0,0,0,0,0,0,0,0,0,0,0,0,63.1,65.9,68.8,68.3,59.5,51.2,47.9,41.1,34.7,37.1,48.7,65.3,76.4,68.4,59.6,42.2,41.2,38.9,44.5,58.6,70.8,59.7,53.3,29.5,20.1,37.3,51.7,76.5,98.5,118.8,124.7,122.6,110.3,0,0,0,0,0,0,0,0,0,0,0,0,0,0,0,0,0,0,0,0,0,0,0,0,0,0,0,0,0,0,0,0,0,0,0,0,0,0,0,0,0,0,0,0,0,0,0,0,0,0,0,0,0,0,0,0,0,TT,O,,2021,4,3,4/12/2008,19.6978852,22.77774131,22.16824103,25.82524272,0,0,0,0,63.7,48.5,42.4,53.3,57,53.9,40.9,27.5,29,32,34.8,47.3,48.3,50.8,50.4,38.2,39.1,50.6,52.2,64.6,77.8,82.7,80.4,73.4,61.3,60.8,65.3,58.2,31.1,0,0,0,0,0,0,0,0,0,0,0,0,0,0,0,0,0,0,0,0,0,0,0,0,0,0,0,0,0,0,0,0,0,0,0,0,0,0,0,0,0,0,0,0,0,0,0,0,0,0,0,0,0,0,0,0,0,0,0,0,0,59.5,51.2,47.9,41.1,34.7,37.1,48.7,65.3,76.4,68.4,59.6,42.2,41.2,38.9,44.5,58.6,70.8,59.7,53.3,29.5,20.1,37.3,51.7,76.5,98.5,118.8,124.7,122.6,110.3,0,0,0,0,0,0,0,0,0,0,0,0,0,0,0,0,0,0,0,0,0,0,0,0,0,0,0,0,0,0,0,0,0,0,0,0,0,0,0,0,0,0,0,0,0,0,0,0,0,0,0,0,0,0,0,0,0,1515.5,1789.1,52.25862069,61.69310345,115,55,5,5
32,6,A,E,2,2.8,63,92,8,22,29,49,-32,1.5,1,0,0,90,2106,62,2,60.3,42.1,0,0,0,0,0,0,0,0,0,0,0,0,0,0,0,0,0,0,0,0,0,0,0,0,0,0,0,0,0,0,0,0,0,0,0,0,0,0,0,0,0,0,0,0,0,0,0,0,0,0,0,0,0,0,0,0,0,0,0,0,0,0,0,0,0,0,0,0,0,0,0,0,0,0,0,0,0,0,0,0,0,0,0,0,0,0,0,0,122.3,116.8,0,0,0,0,0,0,0,0,0,0,0,0,0,0,0,0,0,0,0,0,0,0,0,0,0,0,0,0,0,0,0,0,0,0,0,0,0,0,0,0,0,0,0,0,0,0,0,0,0,0,0,0,0,0,0,0,0,0,0,0,0,0,0,0,0,0,0,0,0,0,0,0,0,0,0,0,0,0,0,0,0,0,0,0,0,0,0,0,TT,O,,2021,5,3,4/12/2008,22.5,22.77774131,22.16824103,25.82524272,0,42.1,0,0,0,0,0,0,0,0,0,0,0,0,0,0,0,0,0,0,0,0,0,0,0,0,0,0,0,0,0,0,0,0,0,0,0,0,0,0,0,0,0,0,0,0,0,0,0,0,0,0,0,0,0,0,0,0,0,0,0,0,0,0,0,0,0,0,0,0,0,0,0,0,0,0,0,0,0,0,0,0,0,0,0,0,0,0,0,0,0,116.8,0,0,0,0,0,0,0,0,0,0,0,0,0,0,0,0,0,0,0,0,0,0,0,0,0,0,0,0,0,0,0,0,0,0,0,0,0,0,0,0,0,0,0,0,0,0,0,0,0,0,0,0,0,0,0,0,0,0,0,0,0,0,0,0,0,0,0,0,0,0,0,0,0,0,0,0,0,0,0,0,0,0,0,0,0,0,0,0,42.1,116.8,42.1,116.8,55,115,2,2
33,6,A,S,2,30.9,798,40,17,50,37,13,-50,1.5,2,1,0,90,2106,62,30,50.3,33.9,21.1,14.9,26.3,34.8,32.2,30.5,37.5,42.9,45.5,50.2,53,42.8,14.8,31,46.9,83.5,109.6,105.7,102.7,99.1,100.6,98.8,88.3,73,46.9,16.4,19.5,35.6,0,0,0,0,0,0,0,0,0,0,0,0,0,0,0,0,0,0,0,0,0,0,0,0,0,0,0,0,0,0,0,0,0,0,0,0,0,0,0,0,0,0,0,0,0,0,0,0,0,0,0,0,0,0,0,0,0,0,0,0,95.3,80.9,84.7,96.6,109.1,102.7,78.5,63.4,60.3,70.5,93.6,119.1,126.3,119,97.1,73.9,69.8,73.7,76.4,60.2,33.4,12.5,27.3,40.2,56.7,72.6,79.5,84,88.2,74.9,0,0,0,0,0,0,0,0,0,0,0,0,0,0,0,0,0,0,0,0,0,0,0,0,0,0,0,0,0,0,0,0,0,0,0,0,0,0,0,0,0,0,0,0,0,0,0,0,0,0,0,0,0,0,0,0,0,0,0,0,FS,O,,2021,6,3,4/12/2008,25.82524272,22.77774131,22.16824103,25.82524272,0,33.9,21.1,14.9,26.3,34.8,32.2,30.5,37.5,42.9,45.5,50.2,53,42.8,14.8,31,46.9,83.5,109.6,105.7,102.7,99.1,100.6,98.8,88.3,73,46.9,16.4,19.5,35.6,0,0,0,0,0,0,0,0,0,0,0,0,0,0,0,0,0,0,0,0,0,0,0,0,0,0,0,0,0,0,0,0,0,0,0,0,0,0,0,0,0,0,0,0,0,0,0,0,0,0,0,0,0,0,0,0,0,0,0,0,0,80.9,84.7,96.6,109.1,102.7,78.5,63.4,60.3,70.5,93.6,119.1,126.3,119,97.1,73.9,69.8,73.7,76.4,60.2,33.4,12.5,27.3,40.2,56.7,72.6,79.5,84,88.2,74.9,0,0,0,0,0,0,0,0,0,0,0,0,0,0,0,0,0,0,0,0,0,0,0,0,0,0,0,0,0,0,0,0,0,0,0,0,0,0,0,0,0,0,0,0,0,0,0,0,0,0,0,0,0,0,0,0,0,0,0,0,1538,2225.1,53.03448276,76.72758621,55,115,2,2
1,5,B,S,2,90.1,1297,3,17,33,23,44,-121,1.5,0,1,0,90,2106,73,90,55.1,56.2,56.5,57.7,58.7,58.9,60.4,60.8,62,63.4,63.8,65.8,66.5,67.9,69,69.6,66.2,50.4,41.8,46.8,71.2,99.7,115.3,118.2,116.4,101.6,77.5,49.5,43.5,59.3,63.7,62.3,63.6,52.8,42.6,44.5,59.1,71.7,79.1,83.5,87.6,88.8,88.6,88.2,86.9,86,85.5,84,83.7,82.8,82.5,82.2,81.8,82,81.1,80.5,80.3,80,81.8,60.7,43.6,35.3,47.8,71.2,89.7,103,110.1,108.5,106.1,97.5,88.5,82.1,79.8,77.4,73.3,72.1,70.7,48.5,32.9,28.2,45,64.6,73.9,67.8,59.9,51.9,48.3,49.1,58.8,59.6,108.6,107,106.3,104.7,104.2,103.9,104.5,104.4,104.2,104.4,104.1,103.6,103.4,103.1,103.1,102.6,102.4,89.3,68.1,44.4,25.4,25.5,34.7,37.2,30.8,17.3,17.3,49.6,85.2,102.9,96,86,90.2,71.6,55,47.7,56.2,71.4,77.8,82.9,86.3,88.6,90.4,91.4,91.8,92.3,92.4,93,93.3,93.6,93.7,93.7,93.8,93.7,93.2,92.9,92.3,92.2,92.3,84.1,70.6,56.9,50.5,56.8,71.1,80.2,81.4,76,77,60.7,38.2,18.7,10.5,16.7,25.4,30.7,37.6,48,57.2,79,102.6,121.4,123.4,111,95.2,72.7,58.8,47.1,31.3,32.6,TT,O,,2021,1,3,4/11/2008,14.39511654,18.47334227,17.53164709,23.18181818,0,0,56.5,57.7,58.7,58.9,60.4,60.8,62,63.4,63.8,65.8,66.5,67.9,69,69.6,66.2,50.4,41.8,46.8,71.2,99.7,115.3,118.2,116.4,101.6,77.5,49.5,43.5,59.3,63.7,62.3,63.6,52.8,42.6,44.5,59.1,71.7,79.1,83.5,87.6,88.8,88.6,88.2,86.9,86,85.5,84,83.7,82.8,82.5,82.2,81.8,82,81.1,80.5,80.3,80,81.8,60.7,43.6,35.3,47.8,71.2,89.7,103,110.1,108.5,106.1,97.5,88.5,82.1,79.8,77.4,73.3,72.1,70.7,48.5,32.9,28.2,45,64.6,73.9,67.8,59.9,51.9,48.3,49.1,58.8,59.6,0,0,106.3,104.7,104.2,103.9,104.5,104.4,104.2,104.4,104.1,103.6,103.4,103.1,103.1,102.6,102.4,89.3,68.1,44.4,25.4,25.5,34.7,37.2,30.8,17.3,17.3,49.6,85.2,102.9,96,86,90.2,71.6,55,47.7,56.2,71.4,77.8,82.9,86.3,88.6,90.4,91.4,91.8,92.3,92.4,93,93.3,93.6,93.7,93.7,93.8,93.7,93.2,92.9,92.3,92.2,92.3,84.1,70.6,56.9,50.5,56.8,71.1,80.2,81.4,76,77,60.7,38.2,18.7,10.5,16.7,25.4,30.7,37.6,48,57.2,79,102.6,121.4,123.4,111,95.2,72.7,58.8,47.1,31.3,32.6,6261.5,6595.7,71.15340909,74.95113636,55,115,3,3
2,5,B,E,2,12.9,248,11,13,82,7,11,-4,1.5,1,0,0,90,2106,73,12,110.7,103.2,83.7,67,58.5,67,78.8,85.5,83.2,79.9,61.8,33.8,0,0,0,0,0,0,0,0,0,0,0,0,0,0,0,0,0,0,0,0,0,0,0,0,0,0,0,0,0,0,0,0,0,0,0,0,0,0,0,0,0,0,0,0,0,0,0,0,0,0,0,0,0,0,0,0,0,0,0,0,0,0,0,0,0,0,0,0,0,0,0,0,0,0,0,0,0,0,55.7,51.4,37.4,28.5,35.4,48.5,52.5,52.9,55.3,51.8,51.5,65.5,0,0,0,0,0,0,0,0,0,0,0,0,0,0,0,0,0,0,0,0,0,0,0,0,0,0,0,0,0,0,0,0,0,0,0,0,0,0,0,0,0,0,0,0,0,0,0,0,0,0,0,0,0,0,0,0,0,0,0,0,0,0,0,0,0,0,0,0,0,0,0,0,0,0,0,0,0,0,TT,O,,2021,2,3,4/11/2008,19.2248062,18.47334227,17.53164709,23.18181818,0,0,83.7,67,58.5,67,78.8,85.5,83.2,79.9,61.8,33.8,0,0,0,0,0,0,0,0,0,0,0,0,0,0,0,0,0,0,0,0,0,0,0,0,0,0,0,0,0,0,0,0,0,0,0,0,0,0,0,0,0,0,0,0,0,0,0,0,0,0,0,0,0,0,0,0,0,0,0,0,0,0,0,0,0,0,0,0,0,0,0,0,0,0,0,0,0,0,0,0,37.4,28.5,35.4,48.5,52.5,52.9,55.3,51.8,51.5,65.5,0,0,0,0,0,0,0,0,0,0,0,0,0,0,0,0,0,0,0,0,0,0,0,0,0,0,0,0,0,0,0,0,0,0,0,0,0,0,0,0,0,0,0,0,0,0,0,0,0,0,0,0,0,0,0,0,0,0,0,0,0,0,0,0,0,0,0,0,0,0,0,0,0,0,0,0,0,0,699.2,479.3,69.92,47.93,55,115,3,3
3,5,B,N,2,22.8,396,17,41,51,33,16,69,1.5,2,1,0,90,2106,73,22,117,115.4,114.4,114.1,114.9,108.9,104.7,95.1,83.6,72.6,62.4,50.4,37.3,27.2,22.8,37.3,47.1,49.5,61.5,65.7,47.4,27.9,0,0,0,0,0,0,0,0,0,0,0,0,0,0,0,0,0,0,0,0,0,0,0,0,0,0,0,0,0,0,0,0,0,0,0,0,0,0,0,0,0,0,0,0,0,0,0,0,0,0,0,0,0,0,0,0,0,0,0,0,0,0,0,0,0,0,0,0,65,63.4,61.8,60.3,52.6,45.5,32.3,10.6,18.1,46.5,66.7,82.9,102.3,100.9,88.3,71.9,66.3,65.1,65.6,72.1,73.2,78.1,0,0,0,0,0,0,0,0,0,0,0,0,0,0,0,0,0,0,0,0,0,0,0,0,0,0,0,0,0,0,0,0,0,0,0,0,0,0,0,0,0,0,0,0,0,0,0,0,0,0,0,0,0,0,0,0,0,0,0,0,0,0,0,0,0,0,0,0,TT,O,,2021,3,3,4/11/2008,17.36842105,18.47334227,17.53164709,23.18181818,0,0,0,0,0,0,104.7,95.1,83.6,72.6,62.4,50.4,37.3,27.2,22.8,37.3,47.1,49.5,61.5,65.7,47.4,27.9,0,0,0,0,0,0,0,0,0,0,0,0,0,0,0,0,0,0,0,0,0,0,0,0,0,0,0,0,0,0,0,0,0,0,0,0,0,0,0,0,0,0,0,0,0,0,0,0,0,0,0,0,0,0,0,0,0,0,0,0,0,0,0,0,0,0,0,0,0,0,0,0,0,0,32.3,10.6,18.1,46.5,66.7,82.9,102.3,100.9,88.3,71.9,66.3,65.1,65.6,72.1,73.2,78.1,0,0,0,0,0,0,0,0,0,0,0,0,0,0,0,0,0,0,0,0,0,0,0,0,0,0,0,0,0,0,0,0,0,0,0,0,0,0,0,0,0,0,0,0,0,0,0,0,0,0,0,0,0,0,0,0,0,0,0,0,0,0,0,0,0,0,0,0,892.5,1040.9,55.78125,65.05625,115,55,7,7
1,6,B,N,2,27.2,321,77,19,19,15,66,42,1.5,2,0,0,90,2106,73,27,118.2,114.4,106.1,94.1,69.5,43.2,32.5,42.2,48.5,50.3,51.6,53.9,56,57.4,58.4,59,58.9,58.6,58.4,58.1,58.1,58.1,58.4,58.1,32.4,7.2,5,0,0,0,0,0,0,0,0,0,0,0,0,0,0,0,0,0,0,0,0,0,0,0,0,0,0,0,0,0,0,0,0,0,0,0,0,0,0,0,0,0,0,0,0,0,0,0,0,0,0,0,0,0,0,0,0,0,0,0,0,0,0,0,55.6,51.8,38.1,24.6,29.7,57.9,89.1,116.9,122.4,122.6,123.6,126,128.2,129.9,131.1,131.8,131.7,131.6,131.3,131.4,131.4,131.5,131.8,134.3,115.7,95.4,92,0,0,0,0,0,0,0,0,0,0,0,0,0,0,0,0,0,0,0,0,0,0,0,0,0,0,0,0,0,0,0,0,0,0,0,0,0,0,0,0,0,0,0,0,0,0,0,0,0,0,0,0,0,0,0,0,0,0,0,0,0,0,0,TT,O,,2021,4,3,4/12/2008,11.80147059,18.47334227,17.53164709,23.18181818,0,0,0,0,0,0,32.5,42.2,48.5,50.3,51.6,53.9,56,57.4,58.4,59,58.9,58.6,58.4,58.1,58.1,58.1,58.4,58.1,32.4,7.2,5,0,0,0,0,0,0,0,0,0,0,0,0,0,0,0,0,0,0,0,0,0,0,0,0,0,0,0,0,0,0,0,0,0,0,0,0,0,0,0,0,0,0,0,0,0,0,0,0,0,0,0,0,0,0,0,0,0,0,0,0,0,0,0,0,0,0,0,0,0,89.1,116.9,122.4,122.6,123.6,126,128.2,129.9,131.1,131.8,131.7,131.6,131.3,131.4,131.4,131.5,131.8,134.3,115.7,95.4,92,0,0,0,0,0,0,0,0,0,0,0,0,0,0,0,0,0,0,0,0,0,0,0,0,0,0,0,0,0,0,0,0,0,0,0,0,0,0,0,0,0,0,0,0,0,0,0,0,0,0,0,0,0,0,0,0,0,0,0,0,0,0,0,1021.1,2579.7,48.62380952,122.8428571,115,55,7,7
2,6,B,E,2,7.6,189,16,20,66,20,14,68,1.5,1,0,0,90,2106,73,7,72.7,68.3,67.5,67,69.8,58.6,33.9,0,0,0,0,0,0,0,0,0,0,0,0,0,0,0,0,0,0,0,0,0,0,0,0,0,0,0,0,0,0,0,0,0,0,0,0,0,0,0,0,0,0,0,0,0,0,0,0,0,0,0,0,0,0,0,0,0,0,0,0,0,0,0,0,0,0,0,0,0,0,0,0,0,0,0,0,0,0,0,0,0,0,0,119,100,78.1,63.7,38.3,32.1,55.6,0,0,0,0,0,0,0,0,0,0,0,0,0,0,0,0,0,0,0,0,0,0,0,0,0,0,0,0,0,0,0,0,0,0,0,0,0,0,0,0,0,0,0,0,0,0,0,0,0,0,0,0,0,0,0,0,0,0,0,0,0,0,0,0,0,0,0,0,0,0,0,0,0,0,0,0,0,0,0,0,0,0,0,TT,O,,2021,5,3,4/12/2008,24.86842105,18.47334227,17.53164709,23.18181818,0,0,67.5,67,69.8,58.6,33.9,0,0,0,0,0,0,0,0,0,0,0,0,0,0,0,0,0,0,0,0,0,0,0,0,0,0,0,0,0,0,0,0,0,0,0,0,0,0,0,0,0,0,0,0,0,0,0,0,0,0,0,0,0,0,0,0,0,0,0,0,0,0,0,0,0,0,0,0,0,0,0,0,0,0,0,0,0,0,0,0,0,0,0,0,0,78.1,63.7,38.3,32.1,55.6,0,0,0,0,0,0,0,0,0,0,0,0,0,0,0,0,0,0,0,0,0,0,0,0,0,0,0,0,0,0,0,0,0,0,0,0,0,0,0,0,0,0,0,0,0,0,0,0,0,0,0,0,0,0,0,0,0,0,0,0,0,0,0,0,0,0,0,0,0,0,0,0,0,0,0,0,0,0,0,0,0,0,0,296.8,267.8,59.36,53.56,55,115,3,3
3,6,B,S,2,30.8,714,33,30,42,48,10,47,1.5,0,4,0,90,2106,73,30,51.5,39.5,22.1,14.7,30.6,49.6,72.8,81.6,89.4,86.6,71.2,49.8,37.9,37.2,36.8,29.6,28.7,36.7,54.2,65.9,70.9,79.1,86.9,98.9,104.6,105.8,93.7,81.6,71.7,70.1,0,0,0,0,0,0,0,0,0,0,0,0,0,0,0,0,0,0,0,0,0,0,0,0,0,0,0,0,0,0,0,0,0,0,0,0,0,0,0,0,0,0,0,0,0,0,0,0,0,0,0,0,0,0,0,0,0,0,0,0,118.4,119.4,110.1,94.7,75.7,48.3,19.9,9.7,8.6,19.2,32.7,56.7,81.3,108.2,117.7,117.4,115.6,111.2,108.8,102.7,90.1,72.7,55.4,38.4,34.5,23.7,12,29,56.7,74.2,0,0,0,0,0,0,0,0,0,0,0,0,0,0,0,0,0,0,0,0,0,0,0,0,0,0,0,0,0,0,0,0,0,0,0,0,0,0,0,0,0,0,0,0,0,0,0,0,0,0,0,0,0,0,0,0,0,0,0,0,FS,O,,2021,6,3,4/12/2008,23.18181818,18.47334227,17.53164709,23.18181818,0,39.5,22.1,14.7,30.6,49.6,72.8,81.6,89.4,86.6,71.2,49.8,37.9,37.2,36.8,29.6,28.7,36.7,54.2,65.9,70.9,79.1,86.9,98.9,104.6,105.8,93.7,81.6,71.7,70.1,0,0,0,0,0,0,0,0,0,0,0,0,0,0,0,0,0,0,0,0,0,0,0,0,0,0,0,0,0,0,0,0,0,0,0,0,0,0,0,0,0,0,0,0,0,0,0,0,0,0,0,0,0,0,0,0,0,0,0,0,0,119.4,110.1,94.7,75.7,48.3,19.9,9.7,8.6,19.2,32.7,56.7,81.3,108.2,117.7,117.4,115.6,111.2,108.8,102.7,90.1,72.7,55.4,38.4,34.5,23.7,12,29,56.7,74.2,0,0,0,0,0,0,0,0,0,0,0,0,0,0,0,0,0,0,0,0,0,0,0,0,0,0,0,0,0,0,0,0,0,0,0,0,0,0,0,0,0,0,0,0,0,0,0,0,0,0,0,0,0,0,0,0,0,0,0,0,1798.2,1944.6,62.00689655,67.05517241,55,115,2,2
4,5,B,S,2,30.2,763,20,19,62,31,7,-62,1.5,0,0,0,90,2106,77,30,53.1,40.4,32.8,34.4,22.8,31.7,53,83.3,108,115.3,116.6,112.2,106.5,103.5,93.4,78.6,79.2,83.8,74.5,65.9,57.1,33.4,24.7,37.7,42.8,44,46.3,52,46,24.1,0,0,0,0,0,0,0,0,0,0,0,0,0,0,0,0,0,0,0,0,0,0,0,0,0,0,0,0,0,0,0,0,0,0,0,0,0,0,0,0,0,0,0,0,0,0,0,0,0,0,0,0,0,0,0,0,0,0,0,0,90.1,64.2,57.4,60.4,75.5,59.5,47.6,45,49,48.6,33.7,24.6,35.6,58.6,75.3,85.6,92.4,74.4,50.7,37,36.9,58.8,77.8,67.1,50.2,48.3,62,69.9,83.8,85.2,0,0,0,0,0,0,0,0,0,0,0,0,0,0,0,0,0,0,0,0,0,0,0,0,0,0,0,0,0,0,0,0,0,0,0,0,0,0,0,0,0,0,0,0,0,0,0,0,0,0,0,0,0,0,0,0,0,0,0,0,TT,O,,2021,1,3,4/11/2008,25.26490066,27.36799459,27.56237273,26.3961039,0,40.4,32.8,34.4,22.8,31.7,53,83.3,108,115.3,116.6,112.2,106.5,103.5,93.4,78.6,79.2,83.8,74.5,65.9,57.1,33.4,24.7,37.7,42.8,44,46.3,52,46,24.1,0,0,0,0,0,0,0,0,0,0,0,0,0,0,0,0,0,0,0,0,0,0,0,0,0,0,0,0,0,0,0,0,0,0,0,0,0,0,0,0,0,0,0,0,0,0,0,0,0,0,0,0,0,0,0,0,0,0,0,0,0,64.2,57.4,60.4,75.5,59.5,47.6,45,49,48.6,33.7,24.6,35.6,58.6,75.3,85.6,92.4,74.4,50.7,37,36.9,58.8,77.8,67.1,50.2,48.3,62,69.9,83.8,85.2,0,0,0,0,0,0,0,0,0,0,0,0,0,0,0,0,0,0,0,0,0,0,0,0,0,0,0,0,0,0,0,0,0,0,0,0,0,0,0,0,0,0,0,0,0,0,0,0,0,0,0,0,0,0,0,0,0,0,0,0,1844,1715.1,63.5862069,59.14137931,55,115,2,2
5,5,B,E,2,20.3,570,35,24,37,37,26,81,1.5,1,1,0,90,2106,77,20,73.9,78,85.3,89.1,93.5,91.9,93.3,102,94.8,88.3,73.6,44.4,27.3,38.3,32.6,36,45.4,57.6,49.3,29.6,0,0,0,0,0,0,0,0,0,0,0,0,0,0,0,0,0,0,0,0,0,0,0,0,0,0,0,0,0,0,0,0,0,0,0,0,0,0,0,0,0,0,0,0,0,0,0,0,0,0,0,0,0,0,0,0,0,0,0,0,0,0,0,0,0,0,0,0,0,0,109,85.2,61.3,39.2,10.8,29.6,56.8,54.2,35.3,22.2,23.3,48.9,79.2,89.2,109.6,124.4,127.7,130.8,124.4,110.7,0,0,0,0,0,0,0,0,0,0,0,0,0,0,0,0,0,0,0,0,0,0,0,0,0,0,0,0,0,0,0,0,0,0,0,0,0,0,0,0,0,0,0,0,0,0,0,0,0,0,0,0,0,0,0,0,0,0,0,0,0,0,0,0,0,0,0,0,0,0,TT,O,,2021,2,3,4/11/2008,28.07881773,27.36799459,27.56237273,26.3961039,0,78,85.3,89.1,93.5,91.9,93.3,102,94.8,88.3,73.6,44.4,27.3,38.3,32.6,36,45.4,57.6,49.3,29.6,0,0,0,0,0,0,0,0,0,0,0,0,0,0,0,0,0,0,0,0,0,0,0,0,0,0,0,0,0,0,0,0,0,0,0,0,0,0,0,0,0,0,0,0,0,0,0,0,0,0,0,0,0,0,0,0,0,0,0,0,0,0,0,0,0,0,0,0,0,0,0,85.2,61.3,39.2,10.8,29.6,56.8,54.2,35.3,22.2,23.3,48.9,79.2,89.2,109.6,124.4,127.7,130.8,124.4,110.7,0,0,0,0,0,0,0,0,0,0,0,0,0,0,0,0,0,0,0,0,0,0,0,0,0,0,0,0,0,0,0,0,0,0,0,0,0,0,0,0,0,0,0,0,0,0,0,0,0,0,0,0,0,0,0,0,0,0,0,0,0,0,0,0,0,0,0,0,0,0,1250.3,1362.8,65.80526316,71.72631579,55,115,2,2
6,5,B,N,2,17.6,504,30,21,34,42,24,79,1.5,0,0,0,90,2106,77,17,116.3,112.5,101.3,86.5,74.2,71.9,55.4,42.7,40.3,40.6,40,44.1,49.1,57.8,55.6,45.7,31,0,0,0,0,0,0,0,0,0,0,0,0,0,0,0,0,0,0,0,0,0,0,0,0,0,0,0,0,0,0,0,0,0,0,0,0,0,0,0,0,0,0,0,0,0,0,0,0,0,0,0,0,0,0,0,0,0,0,0,0,0,0,0,0,0,0,0,0,0,0,0,0,0,50.6,30.5,17.1,38.4,71.9,100.1,115.8,123.3,121.9,106.2,73.7,48.8,50.9,62.4,78.3,94.8,101,0,0,0,0,0,0,0,0,0,0,0,0,0,0,0,0,0,0,0,0,0,0,0,0,0,0,0,0,0,0,0,0,0,0,0,0,0,0,0,0,0,0,0,0,0,0,0,0,0,0,0,0,0,0,0,0,0,0,0,0,0,0,0,0,0,0,0,0,0,0,0,0,0,TT,O,,2021,3,3,4/11/2008,28.63636364,27.36799459,27.56237273,26.3961039,0,0,0,86.5,74.2,71.9,55.4,42.7,40.3,40.6,40,44.1,49.1,57.8,55.6,45.7,31,0,0,0,0,0,0,0,0,0,0,0,0,0,0,0,0,0,0,0,0,0,0,0,0,0,0,0,0,0,0,0,0,0,0,0,0,0,0,0,0,0,0,0,0,0,0,0,0,0,0,0,0,0,0,0,0,0,0,0,0,0,0,0,0,0,0,0,0,0,0,0,0,0,0,0,0,38.4,71.9,100.1,115.8,123.3,121.9,106.2,73.7,48.8,50.9,62.4,78.3,94.8,101,0,0,0,0,0,0,0,0,0,0,0,0,0,0,0,0,0,0,0,0,0,0,0,0,0,0,0,0,0,0,0,0,0,0,0,0,0,0,0,0,0,0,0,0,0,0,0,0,0,0,0,0,0,0,0,0,0,0,0,0,0,0,0,0,0,0,0,0,0,0,0,0,0,734.9,1187.5,52.49285714,84.82142857,115,55,4,4
4,6,B,N,2,22.6,649,9,39,26,60,14,88,1.5,1,0,0,90,2106,77,22,112.9,109.9,104.2,94.7,96,82.8,73.2,80.9,71.5,54.9,51.2,59.1,84.3,96.4,107.6,115.4,113.8,100.2,77.1,64,34.8,15,0,0,0,0,0,0,0,0,0,0,0,0,0,0,0,0,0,0,0,0,0,0,0,0,0,0,0,0,0,0,0,0,0,0,0,0,0,0,0,0,0,0,0,0,0,0,0,0,0,0,0,0,0,0,0,0,0,0,0,0,0,0,0,0,0,0,0,0,48.9,25.4,23.7,42.3,70,84.3,97.8,89.4,65.5,48,39.5,43.2,40.4,35.7,27.4,27.7,35.2,40.4,53.4,75.6,97.4,101.9,0,0,0,0,0,0,0,0,0,0,0,0,0,0,0,0,0,0,0,0,0,0,0,0,0,0,0,0,0,0,0,0,0,0,0,0,0,0,0,0,0,0,0,0,0,0,0,0,0,0,0,0,0,0,0,0,0,0,0,0,0,0,0,0,0,0,0,0,TT,O,,2021,4,3,4/12/2008,28.71681416,27.36799459,27.56237273,26.3961039,0,0,0,94.7,96,82.8,73.2,80.9,71.5,54.9,51.2,59.1,84.3,96.4,107.6,115.4,113.8,100.2,77.1,64,34.8,15,0,0,0,0,0,0,0,0,0,0,0,0,0,0,0,0,0,0,0,0,0,0,0,0,0,0,0,0,0,0,0,0,0,0,0,0,0,0,0,0,0,0,0,0,0,0,0,0,0,0,0,0,0,0,0,0,0,0,0,0,0,0,0,0,0,0,0,0,0,0,0,42.3,70,84.3,97.8,89.4,65.5,48,39.5,43.2,40.4,35.7,27.4,27.7,35.2,40.4,53.4,75.6,97.4,101.9,0,0,0,0,0,0,0,0,0,0,0,0,0,0,0,0,0,0,0,0,0,0,0,0,0,0,0,0,0,0,0,0,0,0,0,0,0,0,0,0,0,0,0,0,0,0,0,0,0,0,0,0,0,0,0,0,0,0,0,0,0,0,0,0,0,0,0,0,1472.9,1115.1,77.52105263,58.68947368,115,55,4,4
5,6,B,E,2,46.1,1250,28,39,53,41,6,70,1.5,1,2,0,90,2106,77,46,67.2,73.8,88.1,97.9,104.4,104.8,115.9,108.6,95.2,82.5,91.3,106.8,111.8,113.4,102.2,87.6,73.7,58.2,29.4,19.7,31.1,38.4,46.3,51.1,47,28.8,18.4,36.6,45.8,50.1,64.3,79.9,103.1,107.5,98.1,91.9,77.7,50.9,19.6,11.9,20,28,25.4,23.4,18.5,18.3,0,0,0,0,0,0,0,0,0,0,0,0,0,0,0,0,0,0,0,0,0,0,0,0,0,0,0,0,0,0,0,0,0,0,0,0,0,0,0,0,0,0,0,0,106.7,78.8,50.6,34.1,18.3,32.1,47.2,30,8.9,25.4,50.1,49.4,47.7,33.5,14.4,19,47.1,75.6,95.6,107.3,106.9,90.1,66.1,58,44.8,62.3,83.8,76.4,59.3,51.6,26.8,35,60.2,50.5,29.9,15.7,14.9,38.5,70.2,91.8,106.4,114,98.1,80.7,71.2,71.6,0,0,0,0,0,0,0,0,0,0,0,0,0,0,0,0,0,0,0,0,0,0,0,0,0,0,0,0,0,0,0,0,0,0,0,0,0,0,0,0,0,0,0,0,TT,O,,2021,5,3,4/12/2008,27.11496746,27.36799459,27.56237273,26.3961039,0,73.8,88.1,97.9,104.4,104.8,115.9,108.6,95.2,82.5,91.3,106.8,111.8,113.4,102.2,87.6,73.7,58.2,29.4,19.7,31.1,38.4,46.3,51.1,47,28.8,18.4,36.6,45.8,50.1,64.3,79.9,103.1,107.5,98.1,91.9,77.7,50.9,19.6,11.9,20,28,25.4,23.4,18.5,18.3,0,0,0,0,0,0,0,0,0,0,0,0,0,0,0,0,0,0,0,0,0,0,0,0,0,0,0,0,0,0,0,0,0,0,0,0,0,0,0,0,0,0,0,0,0,78.8,50.6,34.1,18.3,32.1,47.2,30,8.9,25.4,50.1,49.4,47.7,33.5,14.4,19,47.1,75.6,95.6,107.3,106.9,90.1,66.1,58,44.8,62.3,83.8,76.4,59.3,51.6,26.8,35,60.2,50.5,29.9,15.7,14.9,38.5,70.2,91.8,106.4,114,98.1,80.7,71.2,71.6,0,0,0,0,0,0,0,0,0,0,0,0,0,0,0,0,0,0,0,0,0,0,0,0,0,0,0,0,0,0,0,0,0,0,0,0,0,0,0,0,0,0,0,0,2897.4,2539.9,64.38666667,56.44222222,55,115,2,2
6,6,B,S,2,30.8,813,18,34,43,42,15,18,1.5,2,3,0,90,2106,77,30,30.1,9.8,31.7,66.1,85,95.3,96.5,90,74.6,59.6,66.3,62.3,51.9,54.6,77.3,102.3,120.5,122.2,118.4,117.6,108.1,86.6,60,32,13.3,38.3,57.5,60.3,50.5,38.1,0,0,0,0,0,0,0,0,0,0,0,0,0,0,0,0,0,0,0,0,0,0,0,0,0,0,0,0,0,0,0,0,0,0,0,0,0,0,0,0,0,0,0,0,0,0,0,0,0,0,0,0,0,0,0,0,0,0,0,0,110.9,92.4,59.2,24,8.5,26.4,50.8,73.9,90.5,100.4,95.4,73.4,54.1,36.1,12.8,13.1,33.3,40.4,49.4,60.6,59.3,64.6,72.1,80.5,94.8,106.6,98.1,81.3,65.8,61.4,0,0,0,0,0,0,0,0,0,0,0,0,0,0,0,0,0,0,0,0,0,0,0,0,0,0,0,0,0,0,0,0,0,0,0,0,0,0,0,0,0,0,0,0,0,0,0,0,0,0,0,0,0,0,0,0,0,0,0,0,FS,O,,2021,6,3,4/12/2008,26.3961039,27.36799459,27.56237273,26.3961039,0,9.8,31.7,66.1,85,95.3,96.5,90,74.6,59.6,66.3,62.3,51.9,54.6,77.3,102.3,120.5,122.2,118.4,117.6,108.1,86.6,60,32,13.3,38.3,57.5,60.3,50.5,38.1,0,0,0,0,0,0,0,0,0,0,0,0,0,0,0,0,0,0,0,0,0,0,0,0,0,0,0,0,0,0,0,0,0,0,0,0,0,0,0,0,0,0,0,0,0,0,0,0,0,0,0,0,0,0,0,0,0,0,0,0,0,92.4,59.2,24,8.5,26.4,50.8,73.9,90.5,100.4,95.4,73.4,54.1,36.1,12.8,13.1,33.3,40.4,49.4,60.6,59.3,64.6,72.1,80.5,94.8,106.6,98.1,81.3,65.8,61.4,0,0,0,0,0,0,0,0,0,0,0,0,0,0,0,0,0,0,0,0,0,0,0,0,0,0,0,0,0,0,0,0,0,0,0,0,0,0,0,0,0,0,0,0,0,0,0,0,0,0,0,0,0,0,0,0,0,0,0,0,2046.7,1779.2,70.57586207,61.35172414,55,115,2,2
7,5,B,S,2,37.5,825,38,12,68,21,11,39,1.5,1,1,0,90,2106,78,37,39.8,24.2,25.4,24.6,36.4,27.6,17.4,32.7,53,64,61.9,61.9,49.3,27.7,17.3,21.5,33.9,34.4,33.2,30,27.9,39.2,54.8,64.4,72.1,77.7,86.2,89.7,92.7,97.2,107.4,101.2,91.5,78.7,68.6,55.4,30.1,0,0,0,0,0,0,0,0,0,0,0,0,0,0,0,0,0,0,0,0,0,0,0,0,0,0,0,0,0,0,0,0,0,0,0,0,0,0,0,0,0,0,0,0,0,0,0,0,0,0,0,0,0,118.4,112.5,112,110.1,121.4,115.7,96.4,79.6,64.3,45,35.3,33.2,41.6,63.3,86.8,90.1,78.7,64.1,56.8,60.3,69.1,79,69.9,53.7,36.2,26.3,8.4,23.4,52.5,70.6,74.7,62,45.4,33.5,31.2,38.5,59.6,0,0,0,0,0,0,0,0,0,0,0,0,0,0,0,0,0,0,0,0,0,0,0,0,0,0,0,0,0,0,0,0,0,0,0,0,0,0,0,0,0,0,0,0,0,0,0,0,0,0,0,0,0,TT,O,,2021,1,3,4/11/2008,22,24.01670947,24.05783638,23.81107492,0,24.2,25.4,24.6,36.4,27.6,17.4,32.7,53,64,61.9,61.9,49.3,27.7,17.3,21.5,33.9,34.4,33.2,30,27.9,39.2,54.8,64.4,72.1,77.7,86.2,89.7,92.7,97.2,107.4,101.2,91.5,78.7,68.6,55.4,30.1,0,0,0,0,0,0,0,0,0,0,0,0,0,0,0,0,0,0,0,0,0,0,0,0,0,0,0,0,0,0,0,0,0,0,0,0,0,0,0,0,0,0,0,0,0,0,0,0,0,0,0,0,0,0,112.5,112,110.1,121.4,115.7,96.4,79.6,64.3,45,35.3,33.2,41.6,63.3,86.8,90.1,78.7,64.1,56.8,60.3,69.1,79,69.9,53.7,36.2,26.3,8.4,23.4,52.5,70.6,74.7,62,45.4,33.5,31.2,38.5,59.6,0,0,0,0,0,0,0,0,0,0,0,0,0,0,0,0,0,0,0,0,0,0,0,0,0,0,0,0,0,0,0,0,0,0,0,0,0,0,0,0,0,0,0,0,0,0,0,0,0,0,0,0,0,1911.2,2301.2,53.08888889,63.92222222,55,115,2,2
8,5,B,E,2,15,357,6,60,21,66,13,82,1.5,0,1,0,90,2106,78,14,70.2,74.6,86.5,95.4,101.7,108.5,110.6,108.9,119,117.9,111,102.4,77.9,48.9,0,0,0,0,0,0,0,0,0,0,0,0,0,0,0,0,0,0,0,0,0,0,0,0,0,0,0,0,0,0,0,0,0,0,0,0,0,0,0,0,0,0,0,0,0,0,0,0,0,0,0,0,0,0,0,0,0,0,0,0,0,0,0,0,0,0,0,0,0,0,0,0,0,0,0,0,112.7,98.6,88.6,75.5,59.7,50.1,34.9,22.2,32.2,29.3,21.8,14.5,17.3,44,0,0,0,0,0,0,0,0,0,0,0,0,0,0,0,0,0,0,0,0,0,0,0,0,0,0,0,0,0,0,0,0,0,0,0,0,0,0,0,0,0,0,0,0,0,0,0,0,0,0,0,0,0,0,0,0,0,0,0,0,0,0,0,0,0,0,0,0,0,0,0,0,0,0,0,0,TT,O,,2021,2,3,4/11/2008,23.8,24.01670947,24.05783638,23.81107492,0,74.6,86.5,95.4,101.7,108.5,110.6,108.9,119,117.9,111,102.4,77.9,48.9,0,0,0,0,0,0,0,0,0,0,0,0,0,0,0,0,0,0,0,0,0,0,0,0,0,0,0,0,0,0,0,0,0,0,0,0,0,0,0,0,0,0,0,0,0,0,0,0,0,0,0,0,0,0,0,0,0,0,0,0,0,0,0,0,0,0,0,0,0,0,0,0,0,0,0,0,0,98.6,88.6,75.5,59.7,50.1,34.9,22.2,32.2,29.3,21.8,14.5,17.3,44,0,0,0,0,0,0,0,0,0,0,0,0,0,0,0,0,0,0,0,0,0,0,0,0,0,0,0,0,0,0,0,0,0,0,0,0,0,0,0,0,0,0,0,0,0,0,0,0,0,0,0,0,0,0,0,0,0,0,0,0,0,0,0,0,0,0,0,0,0,0,0,0,0,0,0,0,1263.3,588.7,97.17692308,45.28461538,55,115,2,2
9,5,B,N,2,25.2,648,19,28,56,41,3,69,1.5,1,2,0,90,2106,78,25,112.1,110.3,103.9,88.6,77,71.7,79.9,90.9,91.2,84.4,73.7,65.9,68.2,68.1,51.5,25.2,13.7,31.6,57.6,60.7,58.2,50.6,41.1,36.7,21.3,0,0,0,0,0,0,0,0,0,0,0,0,0,0,0,0,0,0,0,0,0,0,0,0,0,0,0,0,0,0,0,0,0,0,0,0,0,0,0,0,0,0,0,0,0,0,0,0,0,0,0,0,0,0,0,0,0,0,0,0,0,0,0,0,0,52.3,41.4,21.9,7.5,26.6,63.7,80.1,74,56.9,33.9,19.5,36.7,62.8,78,91.9,91,83.2,88.8,95.5,83.2,66.8,51.7,49.2,54.9,74.1,0,0,0,0,0,0,0,0,0,0,0,0,0,0,0,0,0,0,0,0,0,0,0,0,0,0,0,0,0,0,0,0,0,0,0,0,0,0,0,0,0,0,0,0,0,0,0,0,0,0,0,0,0,0,0,0,0,0,0,0,0,0,0,0,0,TT,O,,2021,3,3,4/11/2008,25.71428571,24.01670947,24.05783638,23.81107492,0,0,0,0,77,71.7,79.9,90.9,91.2,84.4,73.7,65.9,68.2,68.1,51.5,25.2,13.7,31.6,57.6,60.7,58.2,50.6,41.1,36.7,21.3,0,0,0,0,0,0,0,0,0,0,0,0,0,0,0,0,0,0,0,0,0,0,0,0,0,0,0,0,0,0,0,0,0,0,0,0,0,0,0,0,0,0,0,0,0,0,0,0,0,0,0,0,0,0,0,0,0,0,0,0,0,0,0,0,0,0,0,0,0,26.6,63.7,80.1,74,56.9,33.9,19.5,36.7,62.8,78,91.9,91,83.2,88.8,95.5,83.2,66.8,51.7,49.2,54.9,74.1,0,0,0,0,0,0,0,0,0,0,0,0,0,0,0,0,0,0,0,0,0,0,0,0,0,0,0,0,0,0,0,0,0,0,0,0,0,0,0,0,0,0,0,0,0,0,0,0,0,0,0,0,0,0,0,0,0,0,0,0,0,0,0,0,0,1219.2,1362.5,58.05714286,64.88095238,115,55,5,5
7,6,B,N,2,13.1,333,11,51,46,53,1,79,1.5,1,0,0,90,2106,78,13,114.5,114.1,109.2,96.3,86.8,84.5,91,89.7,83.1,72.3,65.8,41,13.1,0,0,0,0,0,0,0,0,0,0,0,0,0,0,0,0,0,0,0,0,0,0,0,0,0,0,0,0,0,0,0,0,0,0,0,0,0,0,0,0,0,0,0,0,0,0,0,0,0,0,0,0,0,0,0,0,0,0,0,0,0,0,0,0,0,0,0,0,0,0,0,0,0,0,0,0,0,51.5,36.7,22.2,20.6,34.6,66.3,66.2,55.6,37,24.6,26.2,48.5,77.8,0,0,0,0,0,0,0,0,0,0,0,0,0,0,0,0,0,0,0,0,0,0,0,0,0,0,0,0,0,0,0,0,0,0,0,0,0,0,0,0,0,0,0,0,0,0,0,0,0,0,0,0,0,0,0,0,0,0,0,0,0,0,0,0,0,0,0,0,0,0,0,0,0,0,0,0,0,TT,O,,2021,4,3,4/12/2008,25.41984733,24.01670947,24.05783638,23.81107492,0,0,0,0,86.8,84.5,91,89.7,83.1,72.3,65.8,41,13.1,0,0,0,0,0,0,0,0,0,0,0,0,0,0,0,0,0,0,0,0,0,0,0,0,0,0,0,0,0,0,0,0,0,0,0,0,0,0,0,0,0,0,0,0,0,0,0,0,0,0,0,0,0,0,0,0,0,0,0,0,0,0,0,0,0,0,0,0,0,0,0,0,0,0,0,0,0,0,0,0,0,34.6,66.3,66.2,55.6,37,24.6,26.2,48.5,77.8,0,0,0,0,0,0,0,0,0,0,0,0,0,0,0,0,0,0,0,0,0,0,0,0,0,0,0,0,0,0,0,0,0,0,0,0,0,0,0,0,0,0,0,0,0,0,0,0,0,0,0,0,0,0,0,0,0,0,0,0,0,0,0,0,0,0,0,0,0,0,0,0,0,0,0,0,0,627.3,436.8,69.7,48.53333333,115,55,5,5
8,6,B,E,2,30.7,717,50,13,62,33,5,53,1.5,2,0,0,90,2106,78,30,59.4,53.1,54.3,71,89.4,93.3,92.1,80.5,59.6,34.9,13.8,29.6,47.5,56.1,55.8,49,42,23.7,13.4,27.9,28.4,31.7,33.2,28.8,25.8,15.8,13.3,31.9,31.1,18.9,0,0,0,0,0,0,0,0,0,0,0,0,0,0,0,0,0,0,0,0,0,0,0,0,0,0,0,0,0,0,0,0,0,0,0,0,0,0,0,0,0,0,0,0,0,0,0,0,0,0,0,0,0,0,0,0,0,0,0,0,108.6,87.4,59.8,33.9,31.1,42.4,47,62.5,71.4,77,83.4,93,83.1,67.3,49.5,42.1,47.7,71.1,96.2,116.3,109.1,98.6,79.3,63.2,63.9,77.5,99,119.1,119.8,106.5,0,0,0,0,0,0,0,0,0,0,0,0,0,0,0,0,0,0,0,0,0,0,0,0,0,0,0,0,0,0,0,0,0,0,0,0,0,0,0,0,0,0,0,0,0,0,0,0,0,0,0,0,0,0,0,0,0,0,0,0,TT,O,,2021,5,3,4/12/2008,23.35504886,24.01670947,24.05783638,23.81107492,0,53.1,54.3,71,89.4,93.3,92.1,80.5,59.6,34.9,13.8,29.6,47.5,56.1,55.8,49,42,23.7,13.4,27.9,28.4,31.7,33.2,28.8,25.8,15.8,13.3,31.9,31.1,18.9,0,0,0,0,0,0,0,0,0,0,0,0,0,0,0,0,0,0,0,0,0,0,0,0,0,0,0,0,0,0,0,0,0,0,0,0,0,0,0,0,0,0,0,0,0,0,0,0,0,0,0,0,0,0,0,0,0,0,0,0,0,87.4,59.8,33.9,31.1,42.4,47,62.5,71.4,77,83.4,93,83.1,67.3,49.5,42.1,47.7,71.1,96.2,116.3,109.1,98.6,79.3,63.2,63.9,77.5,99,119.1,119.8,106.5,0,0,0,0,0,0,0,0,0,0,0,0,0,0,0,0,0,0,0,0,0,0,0,0,0,0,0,0,0,0,0,0,0,0,0,0,0,0,0,0,0,0,0,0,0,0,0,0,0,0,0,0,0,0,0,0,0,0,0,0,1245.9,2198.2,42.96206897,75.8,55,115,2,2
9,6,B,S,2,30.7,731,45,18,61,36,3,21,1.5,2,1,0,90,2106,78,30,37.7,22.1,8.5,25.8,46.4,51.7,47.1,39.7,27.6,23.4,37.2,40,37,32.1,22.1,17.3,24.5,12.4,9.7,34.3,58,82.7,92,92.5,91.9,92,90.2,79.6,69.4,60.8,0,0,0,0,0,0,0,0,0,0,0,0,0,0,0,0,0,0,0,0,0,0,0,0,0,0,0,0,0,0,0,0,0,0,0,0,0,0,0,0,0,0,0,0,0,0,0,0,0,0,0,0,0,0,0,0,0,0,0,0,116.3,108.2,92.2,79.6,77.6,79.3,93.1,108.8,111.9,107.9,94.9,72.2,56.4,57.5,72.1,95.4,111.9,98.8,82.7,57.3,40.6,31.7,19.5,6.8,19.3,39.3,50.3,67.7,87.7,103.2,0,0,0,0,0,0,0,0,0,0,0,0,0,0,0,0,0,0,0,0,0,0,0,0,0,0,0,0,0,0,0,0,0,0,0,0,0,0,0,0,0,0,0,0,0,0,0,0,0,0,0,0,0,0,0,0,0,0,0,0,FS,O,,2021,6,3,4/12/2008,23.81107492,24.01670947,24.05783638,23.81107492,0,22.1,8.5,25.8,46.4,51.7,47.1,39.7,27.6,23.4,37.2,40,37,32.1,22.1,17.3,24.5,12.4,9.7,34.3,58,82.7,92,92.5,91.9,92,90.2,79.6,69.4,60.8,0,0,0,0,0,0,0,0,0,0,0,0,0,0,0,0,0,0,0,0,0,0,0,0,0,0,0,0,0,0,0,0,0,0,0,0,0,0,0,0,0,0,0,0,0,0,0,0,0,0,0,0,0,0,0,0,0,0,0,0,0,108.2,92.2,79.6,77.6,79.3,93.1,108.8,111.9,107.9,94.9,72.2,56.4,57.5,72.1,95.4,111.9,98.8,82.7,57.3,40.6,31.7,19.5,6.8,19.3,39.3,50.3,67.7,87.7,103.2,0,0,0,0,0,0,0,0,0,0,0,0,0,0,0,0,0,0,0,0,0,0,0,0,0,0,0,0,0,0,0,0,0,0,0,0,0,0,0,0,0,0,0,0,0,0,0,0,0,0,0,0,0,0,0,0,0,0,0,0,1368,2123.9,47.17241379,73.23793103,55,115,2,2
10,5,B,S,2,29.3,733,47,5,43,18,39,61,1.5,1,0,0,90,2106,80,29,48.5,41.1,30.6,23.7,26.5,38.1,47.2,61.9,66.2,68.9,73.7,68.2,54.6,47.1,42,36.2,26.7,20.7,28,45.3,56.1,84.3,111.3,112.9,106.3,83.3,60.3,39.2,12.5,0,0,0,0,0,0,0,0,0,0,0,0,0,0,0,0,0,0,0,0,0,0,0,0,0,0,0,0,0,0,0,0,0,0,0,0,0,0,0,0,0,0,0,0,0,0,0,0,0,0,0,0,0,0,0,0,0,0,0,0,0,122.5,128.9,118.8,101.8,77.5,56.3,44.2,34.8,59.8,84.6,102.2,111,120.6,126.8,130.4,123,106.8,87.3,64.6,44.5,37.5,37.1,55.8,63.7,68.3,69.4,69.6,74.2,84.9,0,0,0,0,0,0,0,0,0,0,0,0,0,0,0,0,0,0,0,0,0,0,0,0,0,0,0,0,0,0,0,0,0,0,0,0,0,0,0,0,0,0,0,0,0,0,0,0,0,0,0,0,0,0,0,0,0,0,0,0,0,TT,O,,2021,1,3,4/11/2008,25.01706485,24.76280862,25.09445531,23.10457516,0,41.1,30.6,23.7,26.5,38.1,47.2,61.9,66.2,68.9,73.7,68.2,54.6,47.1,42,36.2,26.7,20.7,28,45.3,56.1,84.3,111.3,112.9,106.3,83.3,60.3,39.2,12.5,0,0,0,0,0,0,0,0,0,0,0,0,0,0,0,0,0,0,0,0,0,0,0,0,0,0,0,0,0,0,0,0,0,0,0,0,0,0,0,0,0,0,0,0,0,0,0,0,0,0,0,0,0,0,0,0,0,0,0,0,0,0,128.9,118.8,101.8,77.5,56.3,44.2,34.8,59.8,84.6,102.2,111,120.6,126.8,130.4,123,106.8,87.3,64.6,44.5,37.5,37.1,55.8,63.7,68.3,69.4,69.6,74.2,84.9,0,0,0,0,0,0,0,0,0,0,0,0,0,0,0,0,0,0,0,0,0,0,0,0,0,0,0,0,0,0,0,0,0,0,0,0,0,0,0,0,0,0,0,0,0,0,0,0,0,0,0,0,0,0,0,0,0,0,0,0,0,1512.9,2284.4,54.03214286,81.58571429,55,115,2,2
11,5,B,E,2,12.3,337,9,44,25,45,30,97,1.5,1,0,0,90,2106,80,12,73.4,80.8,87.9,101.4,117.8,119,120.1,116.2,104.8,83.6,54.6,11.7,0,0,0,0,0,0,0,0,0,0,0,0,0,0,0,0,0,0,0,0,0,0,0,0,0,0,0,0,0,0,0,0,0,0,0,0,0,0,0,0,0,0,0,0,0,0,0,0,0,0,0,0,0,0,0,0,0,0,0,0,0,0,0,0,0,0,0,0,0,0,0,0,0,0,0,0,0,0,115.6,100.5,81.9,67,61.1,54.6,39.1,27.6,24.8,30.4,51.5,81.8,0,0,0,0,0,0,0,0,0,0,0,0,0,0,0,0,0,0,0,0,0,0,0,0,0,0,0,0,0,0,0,0,0,0,0,0,0,0,0,0,0,0,0,0,0,0,0,0,0,0,0,0,0,0,0,0,0,0,0,0,0,0,0,0,0,0,0,0,0,0,0,0,0,0,0,0,0,0,TT,O,,2021,2,3,4/11/2008,27.39837398,24.76280862,25.09445531,23.10457516,0,80.8,87.9,101.4,117.8,119,120.1,116.2,104.8,83.6,54.6,11.7,0,0,0,0,0,0,0,0,0,0,0,0,0,0,0,0,0,0,0,0,0,0,0,0,0,0,0,0,0,0,0,0,0,0,0,0,0,0,0,0,0,0,0,0,0,0,0,0,0,0,0,0,0,0,0,0,0,0,0,0,0,0,0,0,0,0,0,0,0,0,0,0,0,0,0,0,0,0,0,100.5,81.9,67,61.1,54.6,39.1,27.6,24.8,30.4,51.5,81.8,0,0,0,0,0,0,0,0,0,0,0,0,0,0,0,0,0,0,0,0,0,0,0,0,0,0,0,0,0,0,0,0,0,0,0,0,0,0,0,0,0,0,0,0,0,0,0,0,0,0,0,0,0,0,0,0,0,0,0,0,0,0,0,0,0,0,0,0,0,0,0,0,0,0,0,0,0,0,997.9,620.3,90.71818182,56.39090909,55,115,2,2
12,5,B,N,2,14.4,372,27,39,40,44,16,80,1.5,1,0,0,90,2106,80,14,115.4,116.5,115.5,101.1,79.9,48.5,14,32,60.9,69.5,65.1,64.8,51.8,29.6,0,0,0,0,0,0,0,0,0,0,0,0,0,0,0,0,0,0,0,0,0,0,0,0,0,0,0,0,0,0,0,0,0,0,0,0,0,0,0,0,0,0,0,0,0,0,0,0,0,0,0,0,0,0,0,0,0,0,0,0,0,0,0,0,0,0,0,0,0,0,0,0,0,0,0,0,55.4,45.2,30.1,14,15.9,45.4,80.8,105.2,127.2,121.3,103.3,96.1,78.5,72.7,0,0,0,0,0,0,0,0,0,0,0,0,0,0,0,0,0,0,0,0,0,0,0,0,0,0,0,0,0,0,0,0,0,0,0,0,0,0,0,0,0,0,0,0,0,0,0,0,0,0,0,0,0,0,0,0,0,0,0,0,0,0,0,0,0,0,0,0,0,0,0,0,0,0,0,0,TT,O,,2021,3,3,4/11/2008,25.83333333,24.76280862,25.09445531,23.10457516,0,0,0,0,79.9,48.5,14,32,60.9,69.5,65.1,64.8,51.8,29.6,0,0,0,0,0,0,0,0,0,0,0,0,0,0,0,0,0,0,0,0,0,0,0,0,0,0,0,0,0,0,0,0,0,0,0,0,0,0,0,0,0,0,0,0,0,0,0,0,0,0,0,0,0,0,0,0,0,0,0,0,0,0,0,0,0,0,0,0,0,0,0,0,0,0,0,0,0,0,0,0,15.9,45.4,80.8,105.2,127.2,121.3,103.3,96.1,78.5,72.7,0,0,0,0,0,0,0,0,0,0,0,0,0,0,0,0,0,0,0,0,0,0,0,0,0,0,0,0,0,0,0,0,0,0,0,0,0,0,0,0,0,0,0,0,0,0,0,0,0,0,0,0,0,0,0,0,0,0,0,0,0,0,0,0,0,0,0,0,0,0,0,0,0,0,0,0,516.1,846.4,51.61,84.64,115,55,5,5
10,6,B,N,2,35.6,846,28,26,47,45,8,77,1.5,1,2,0,90,2106,80,35,115.5,116,106.7,83.4,64.6,70.7,88.5,94.7,97.7,90.8,73.4,54.1,40.3,42.5,56.6,53.4,50.8,45.7,28.7,25,41.9,46.3,29.7,12.4,19.1,42.3,66.9,80,94.6,105.4,100.3,93,68.2,44.1,14.9,0,0,0,0,0,0,0,0,0,0,0,0,0,0,0,0,0,0,0,0,0,0,0,0,0,0,0,0,0,0,0,0,0,0,0,0,0,0,0,0,0,0,0,0,0,0,0,0,0,0,0,0,0,0,0,51.4,38.5,22,19.3,48.8,77.3,91,87.3,89,75.4,66.6,75.9,95.4,117.7,128.8,112.9,103.7,94,77.8,66.3,69.9,89.9,96.5,86.8,71.6,51.5,27.5,14.1,8.2,26.7,41.5,57.8,68.7,74.3,83.9,0,0,0,0,0,0,0,0,0,0,0,0,0,0,0,0,0,0,0,0,0,0,0,0,0,0,0,0,0,0,0,0,0,0,0,0,0,0,0,0,0,0,0,0,0,0,0,0,0,0,0,0,0,0,0,TT,O,,2021,4,3,4/12/2008,23.76404494,24.76280862,25.09445531,23.10457516,0,0,0,0,64.6,70.7,88.5,94.7,97.7,90.8,73.4,54.1,40.3,42.5,56.6,53.4,50.8,45.7,28.7,25,41.9,46.3,29.7,12.4,19.1,42.3,66.9,80,94.6,105.4,100.3,93,68.2,44.1,14.9,0,0,0,0,0,0,0,0,0,0,0,0,0,0,0,0,0,0,0,0,0,0,0,0,0,0,0,0,0,0,0,0,0,0,0,0,0,0,0,0,0,0,0,0,0,0,0,0,0,0,0,0,0,0,0,0,0,0,0,48.8,77.3,91,87.3,89,75.4,66.6,75.9,95.4,117.7,128.8,112.9,103.7,94,77.8,66.3,69.9,89.9,96.5,86.8,71.6,51.5,27.5,14.1,8.2,26.7,41.5,57.8,68.7,74.3,83.9,0,0,0,0,0,0,0,0,0,0,0,0,0,0,0,0,0,0,0,0,0,0,0,0,0,0,0,0,0,0,0,0,0,0,0,0,0,0,0,0,0,0,0,0,0,0,0,0,0,0,0,0,0,0,0,1836.6,2276.8,59.24516129,73.44516129,115,55,5,5
11,6,B,E,2,18.5,434,53,2,47,42,11,91,1.5,2,0,0,90,2106,80,18,74,76.1,79.9,71.9,54.1,28.4,11.3,40.6,46.1,41.1,39.8,32.5,24.7,38.6,60.7,55.3,35.3,10.8,0,0,0,0,0,0,0,0,0,0,0,0,0,0,0,0,0,0,0,0,0,0,0,0,0,0,0,0,0,0,0,0,0,0,0,0,0,0,0,0,0,0,0,0,0,0,0,0,0,0,0,0,0,0,0,0,0,0,0,0,0,0,0,0,0,0,0,0,0,0,0,0,115.4,96.8,92.9,74.7,62.5,69.4,91.7,120.2,117,104.7,98.9,86.5,68.3,61.8,67.8,85.9,91.7,90.1,0,0,0,0,0,0,0,0,0,0,0,0,0,0,0,0,0,0,0,0,0,0,0,0,0,0,0,0,0,0,0,0,0,0,0,0,0,0,0,0,0,0,0,0,0,0,0,0,0,0,0,0,0,0,0,0,0,0,0,0,0,0,0,0,0,0,0,0,0,0,0,0,TT,O,,2021,5,3,4/12/2008,23.45945946,24.76280862,25.09445531,23.10457516,0,76.1,79.9,71.9,54.1,28.4,11.3,40.6,46.1,41.1,39.8,32.5,24.7,38.6,60.7,55.3,35.3,10.8,0,0,0,0,0,0,0,0,0,0,0,0,0,0,0,0,0,0,0,0,0,0,0,0,0,0,0,0,0,0,0,0,0,0,0,0,0,0,0,0,0,0,0,0,0,0,0,0,0,0,0,0,0,0,0,0,0,0,0,0,0,0,0,0,0,0,0,0,0,0,0,0,0,96.8,92.9,74.7,62.5,69.4,91.7,120.2,117,104.7,98.9,86.5,68.3,61.8,67.8,85.9,91.7,90.1,0,0,0,0,0,0,0,0,0,0,0,0,0,0,0,0,0,0,0,0,0,0,0,0,0,0,0,0,0,0,0,0,0,0,0,0,0,0,0,0,0,0,0,0,0,0,0,0,0,0,0,0,0,0,0,0,0,0,0,0,0,0,0,0,0,0,0,0,0,0,0,0,747.2,1480.9,43.95294118,87.11176471,55,115,2,2
12,6,B,S,2,30.6,707,51,15,58,35,7,41,1.5,3,1,0,90,2106,80,30,42.1,25.4,9,22,47.5,70.3,84.9,92.3,98.5,93.2,81.9,69.1,51,14.2,10.6,33.9,58.9,72.4,76.8,76.1,64.5,44.9,24.2,20.3,33.3,35.1,28.8,16.9,6.5,19.7,0,0,0,0,0,0,0,0,0,0,0,0,0,0,0,0,0,0,0,0,0,0,0,0,0,0,0,0,0,0,0,0,0,0,0,0,0,0,0,0,0,0,0,0,0,0,0,0,0,0,0,0,0,0,0,0,0,0,0,0,118,108.8,95.7,82.5,72.9,62.5,46.7,45,31.8,10.3,13.5,38.6,64.1,87.6,92.9,99.2,104.7,97.5,93.7,85.7,71.2,63,67.4,93.4,109.8,121,117.8,106.1,88.9,69.9,0,0,0,0,0,0,0,0,0,0,0,0,0,0,0,0,0,0,0,0,0,0,0,0,0,0,0,0,0,0,0,0,0,0,0,0,0,0,0,0,0,0,0,0,0,0,0,0,0,0,0,0,0,0,0,0,0,0,0,0,FS,O,,2021,6,3,4/12/2008,23.10457516,24.76280862,25.09445531,23.10457516,0,25.4,9,22,47.5,70.3,84.9,92.3,98.5,93.2,81.9,69.1,51,14.2,10.6,33.9,58.9,72.4,76.8,76.1,64.5,44.9,24.2,20.3,33.3,35.1,28.8,16.9,6.5,19.7,0,0,0,0,0,0,0,0,0,0,0,0,0,0,0,0,0,0,0,0,0,0,0,0,0,0,0,0,0,0,0,0,0,0,0,0,0,0,0,0,0,0,0,0,0,0,0,0,0,0,0,0,0,0,0,0,0,0,0,0,0,108.8,95.7,82.5,72.9,62.5,46.7,45,31.8,10.3,13.5,38.6,64.1,87.6,92.9,99.2,104.7,97.5,93.7,85.7,71.2,63,67.4,93.4,109.8,121,117.8,106.1,88.9,69.9,0,0,0,0,0,0,0,0,0,0,0,0,0,0,0,0,0,0,0,0,0,0,0,0,0,0,0,0,0,0,0,0,0,0,0,0,0,0,0,0,0,0,0,0,0,0,0,0,0,0,0,0,0,0,0,0,0,0,0,0,1382.2,2242.2,47.66206897,77.31724138,55,115,2,2
13,5,B,S,2,90.1,606,100,0,0,80,20,14,1.5,0,0,0,90,2106,85,90,42.3,38.2,37,32.2,30.1,28.8,28.1,27.7,26.9,26.3,26.4,26.6,26.6,27,27.7,28.5,29,27.6,25.8,24.9,26.7,28.3,30.6,30.6,29.3,30.4,30.6,30.5,31.5,30.9,31.4,31.7,31.5,31.6,31.6,31.4,31.7,31.7,31.5,31.7,31.4,31.4,31.6,32.3,31.5,30.9,31.8,31.6,30.9,31.8,31.1,30.8,29.5,26.7,23.6,25.1,24.2,24,23.4,23.2,23.1,23.1,23,22.6,22.5,22.5,22.4,22.4,22.5,22.2,22.2,21.9,21.8,21.9,21.7,21.5,21.5,21.5,21.6,21.7,21.6,21.3,21.4,21,20.9,20.8,21,21.2,21.3,21.5,110.7,109.3,109.7,107.9,107.8,108,108.7,109.8,110.5,111.1,111.7,112.7,113.3,114.3,115.2,116.5,116.9,112.6,109,108,111.8,115.2,119.6,119.7,117.5,119.5,119.8,119.7,120.8,120.2,120.6,121,120.8,120.9,120.9,120.7,121,121,120.8,121,120.7,120.7,120.9,121.6,120.8,119.9,121.1,120.9,119.9,121.1,120.1,119.7,117.9,113.7,109,111.3,109.7,109.3,108.3,107.4,107.4,107,107,107,107,106.7,106.8,106.5,106.3,105.6,105.5,105.5,105.1,105,105.1,105.2,104.8,104.2,103.7,103,102.8,103.2,102.6,103.2,102.8,102.6,101.9,101,100.9,100.4,TT,O,,2021,1,3,4/11/2008,6.725860155,8.166461267,7.520532741,11.3961039,0,0,0,0,0,0,28.1,27.7,26.9,26.3,26.4,26.6,26.6,27,27.7,28.5,29,27.6,25.8,24.9,26.7,28.3,30.6,30.6,29.3,30.4,30.6,30.5,31.5,30.9,31.4,31.7,31.5,31.6,31.6,31.4,31.7,31.7,31.5,31.7,31.4,31.4,31.6,32.3,31.5,30.9,31.8,31.6,30.9,31.8,31.1,30.8,29.5,26.7,23.6,25.1,24.2,24,23.4,23.2,23.1,23.1,23,22.6,22.5,22.5,22.4,22.4,22.5,22.2,22.2,21.9,21.8,21.9,21.7,21.5,21.5,21.5,21.6,21.7,21.6,21.3,21.4,21,20.9,20.8,21,21.2,21.3,21.5,0,0,0,0,0,0,108.7,109.8,110.5,111.1,111.7,112.7,113.3,114.3,115.2,116.5,116.9,112.6,109,108,111.8,115.2,119.6,119.7,117.5,119.5,119.8,119.7,120.8,120.2,120.6,121,120.8,120.9,120.9,120.7,121,121,120.8,121,120.7,120.7,120.9,121.6,120.8,119.9,121.1,120.9,119.9,121.1,120.1,119.7,117.9,113.7,109,111.3,109.7,109.3,108.3,107.4,107.4,107,107,107,107,106.7,106.8,106.5,106.3,105.6,105.5,105.5,105.1,105,105.1,105.2,104.8,104.2,103.7,103,102.8,103.2,102.6,103.2,102.8,102.6,101.9,101,100.9,100.4,2226.7,9432.6,26.50833333,112.2928571,55,115,7,7
14,5,B,E,2,90.1,525,9,61,0,37,63,-49,1.5,0,0,0,90,2106,85,90,67.4,59.9,60.7,58.3,53.6,46.9,42.5,41.8,43.2,46.5,49.9,58,65,71,76.3,83,91,97.7,101.9,104.6,107.6,110,111,111.1,110.8,111.2,111.7,112.4,113.6,116.2,117.8,118.1,118,117.5,118.1,118.4,119.9,120,121,121.5,121.8,122.4,122.4,123.2,123.3,123.9,124.1,124.3,124.4,124.5,124.6,124.4,122.6,120.7,119.1,117.6,116.8,115.6,114.6,113.8,112.6,111.9,111,110.8,110.3,110,109.5,108.9,108.7,108.5,108.2,108.1,107.6,107.7,107.2,107.3,107.2,106.9,107.1,107,106.9,106.9,107.2,107.3,107.4,107.6,107,107,106.6,106.7,125.4,114.6,119,126.2,131.3,131.1,131,130.9,129.8,126.8,123.5,113.9,109.2,106.2,102,98.1,94.1,88.9,84,79.7,74.6,69.7,65.2,61,57,54,51.8,50.7,50.4,51.2,52.8,53.4,53.8,54.3,54.7,55.2,55.6,55.7,55.8,55.8,55.5,55.3,54.7,54.4,53.8,53.4,52.9,52.4,51.9,51.3,51.1,50.3,47,43.8,41.2,38.7,37,35.4,33.8,32.8,31,29.7,28.4,27.8,26.3,25.7,24.5,23.5,22.8,22.2,21.7,21.2,20.3,20,19.2,19.3,18.7,18.2,18.2,18,17.8,17.7,17.9,18,18.1,18.2,17.8,17.8,17.7,17.9,TT,O,,2021,2,3,4/11/2008,5.826859046,8.166461267,7.520532741,11.3961039,0,0,0,0,0,0,42.5,41.8,43.2,46.5,49.9,58,65,71,76.3,83,91,97.7,101.9,104.6,107.6,110,111,111.1,110.8,111.2,111.7,112.4,113.6,116.2,117.8,118.1,118,117.5,118.1,118.4,119.9,120,121,121.5,121.8,122.4,122.4,123.2,123.3,123.9,124.1,124.3,124.4,124.5,124.6,124.4,122.6,120.7,119.1,117.6,116.8,115.6,114.6,113.8,112.6,111.9,111,110.8,110.3,110,109.5,108.9,108.7,108.5,108.2,108.1,107.6,107.7,107.2,107.3,107.2,106.9,107.1,107,106.9,106.9,107.2,107.3,107.4,107.6,107,107,106.6,106.7,0,0,0,0,0,0,131,130.9,129.8,126.8,123.5,113.9,109.2,106.2,102,98.1,94.1,88.9,84,79.7,74.6,69.7,65.2,61,57,54,51.8,50.7,50.4,51.2,52.8,53.4,53.8,54.3,54.7,55.2,55.6,55.7,55.8,55.8,55.5,55.3,54.7,54.4,53.8,53.4,52.9,52.4,51.9,51.3,51.1,50.3,47,43.8,41.2,38.7,37,35.4,33.8,32.8,31,29.7,28.4,27.8,26.3,25.7,24.5,23.5,22.8,22.2,21.7,21.2,20.3,20,19.2,19.3,18.7,18.2,18.2,18,17.8,17.7,17.9,18,18.1,18.2,17.8,17.8,17.7,17.9,8949.5,4233.1,106.5416667,50.39404762,55,115,7,7
15,5,B,N,2,90.1,756,47,1,20,19,61,-76,1.5,0,0,0,90,2106,85,90,110.1,107.7,108,108.2,104.8,99.9,93.5,90.8,89.9,87.5,80.3,71,63.5,60.5,50.4,36.3,41,45.6,46.1,43,43.5,50.8,56.2,59.2,55.7,51.5,46.5,43,40.4,37.1,35.2,34,33.3,32.4,32,31.6,31.3,31.7,31.8,32.5,32.1,32.2,32.2,32.8,33.7,34.1,34.5,34.7,34.9,35.6,33.2,34.9,36.2,35.9,36.6,44.1,55.7,76.7,84.2,87.3,91.4,95.4,98.2,100.7,102.2,99.5,96.5,94.3,92.9,95.6,89.9,85.3,79.8,74.1,67,61.9,58.5,55.8,54.1,58.7,69.8,67.7,68.2,68.1,66.9,67.2,66.8,65.5,64.5,62.6,69.8,75.3,76.5,85.2,90.2,95.7,97.1,104.4,105.1,109.4,110.5,110.5,112.8,119.7,118.2,102,102.4,105.6,108.4,107.1,106.8,115.8,121.1,128.7,131.2,131.3,129.2,128.3,127.3,125.2,124.1,123.2,122.6,121.7,121.3,120.8,120.4,120.7,120.7,121.4,121,120.9,120.9,121.4,122.1,122.2,122.5,122.5,122.5,123.1,121.5,123.5,123.9,120.4,115.7,111.8,109.9,105.9,101.8,98,94.1,89.7,85.1,81.2,76.8,70.6,65,61.4,59.1,57.2,52.9,50,44.3,41.1,42.3,45.2,48.2,50.5,53,54.4,53.4,52.3,51.9,51.3,50.7,50,49.7,49.1,49,48.9,TT,O,,2021,3,3,4/11/2008,8.390677026,8.166461267,7.520532741,11.3961039,0,0,0,0,0,0,0,0,0,0,0,0,0,0,50.4,36.3,41,45.6,46.1,43,43.5,50.8,56.2,59.2,55.7,51.5,46.5,43,40.4,37.1,35.2,34,33.3,32.4,32,31.6,31.3,31.7,31.8,32.5,32.1,32.2,32.2,32.8,33.7,34.1,34.5,34.7,34.9,35.6,33.2,34.9,36.2,35.9,36.6,44.1,55.7,76.7,84.2,87.3,91.4,95.4,98.2,100.7,102.2,99.5,96.5,94.3,92.9,95.6,89.9,85.3,79.8,74.1,67,61.9,58.5,55.8,54.1,58.7,69.8,67.7,68.2,68.1,66.9,67.2,66.8,65.5,64.5,62.6,0,0,0,0,0,0,0,0,0,0,0,0,0,0,118.2,102,102.4,105.6,108.4,107.1,106.8,115.8,121.1,128.7,131.2,131.3,129.2,128.3,127.3,125.2,124.1,123.2,122.6,121.7,121.3,120.8,120.4,120.7,120.7,121.4,121,120.9,120.9,121.4,122.1,122.2,122.5,122.5,122.5,123.1,121.5,123.5,123.9,120.4,115.7,111.8,109.9,105.9,101.8,98,94.1,89.7,85.1,81.2,76.8,70.6,65,61.4,59.1,57.2,52.9,50,44.3,41.1,42.3,45.2,48.2,50.5,53,54.4,53.4,52.3,51.9,51.3,50.7,50,49.7,49.1,49,48.9,4252.8,7185.4,55.95789474,94.54473684,115,55,15,15
13,6,B,N,2,90.1,234,0,3,0,39,61,-50,1.5,0,0,0,90,2106,85,90,118.8,117.4,117.7,115.9,112.6,109.8,107.4,105.1,103.4,101.3,99.5,97.9,96.3,94.7,93.4,92.5,91.3,90,89.4,88.4,87.8,86.9,86.2,85.6,84.6,84,83.2,82.8,82.8,82.1,82,81.5,81.4,80.8,80.6,80.8,80.4,80.3,80.2,80,79.8,80,79.9,80.2,80.1,79.9,80.3,79.9,80,80.4,80,80.3,80.4,79.9,80.3,80.4,80.3,80.2,80,80.2,80.1,79.7,79.6,79.6,79.7,79,79,78.7,78.4,78.4,78.1,78.1,77.7,77.7,77.4,77.3,77.2,77,76.8,76.9,77.4,77.4,77.6,77.7,77.9,77.5,77.7,78,77.8,78.4,63.2,65,66.8,68.7,68.2,68.7,69.4,70.2,71.2,72.3,73.3,74.6,75.4,76.4,77.9,79,80.2,81.3,82.5,83.3,84.2,85.4,86.3,87.5,88.1,89.2,90.3,91.3,92.4,93.4,94.4,95.2,96.4,97,98.2,99.2,100,101.2,102.2,103.3,103.9,105.4,106.2,107.5,108.6,109.1,110.6,110.9,112.1,113.1,113.4,114.4,115.2,115.5,116.6,117.3,117.8,118.2,118.8,119.6,119.9,120.3,120.4,121.1,121.7,121.1,121.1,120.6,120.3,120.2,119.8,119.8,119.2,119.3,118.9,118.6,118.6,118.2,117.9,118,118.1,118.2,118.3,118.5,118.6,117.9,118.1,118.2,118,118.3,TT,O,,2021,4,3,4/12/2008,2.597114317,8.166461267,7.520532741,11.3961039,0,0,0,0,0,0,0,0,0,0,0,0,0,0,93.4,92.5,91.3,90,89.4,88.4,87.8,86.9,86.2,85.6,84.6,84,83.2,82.8,82.8,82.1,82,81.5,81.4,80.8,80.6,80.8,80.4,80.3,80.2,80,79.8,80,79.9,80.2,80.1,79.9,80.3,79.9,80,80.4,80,80.3,80.4,79.9,80.3,80.4,80.3,80.2,80,80.2,80.1,79.7,79.6,79.6,79.7,79,79,78.7,78.4,78.4,78.1,78.1,77.7,77.7,77.4,77.3,77.2,77,76.8,76.9,77.4,77.4,77.6,77.7,77.9,77.5,77.7,78,77.8,78.4,0,0,0,0,0,0,0,0,0,0,0,0,0,0,77.9,79,80.2,81.3,82.5,83.3,84.2,85.4,86.3,87.5,88.1,89.2,90.3,91.3,92.4,93.4,94.4,95.2,96.4,97,98.2,99.2,100,101.2,102.2,103.3,103.9,105.4,106.2,107.5,108.6,109.1,110.6,110.9,112.1,113.1,113.4,114.4,115.2,115.5,116.6,117.3,117.8,118.2,118.8,119.6,119.9,120.3,120.4,121.1,121.7,121.1,121.1,120.6,120.3,120.2,119.8,119.8,119.2,119.3,118.9,118.6,118.6,118.2,117.9,118,118.1,118.2,118.3,118.5,118.6,117.9,118.1,118.2,118,118.3,6145.3,8190.8,80.85921053,107.7736842,115,55,15,15
14,6,B,E,2,90.1,1267,19,37,0,31,69,-47,1.5,0,0,0,90,2106,85,90,58.9,56.5,58.2,56,51.4,45.7,43.6,43.6,36.9,33.8,40.8,57.9,73.3,78.8,87.2,93.1,95.8,96.4,92.1,92.9,92.8,81.7,70.7,66.4,75.3,100.5,107.3,112.2,114.7,117.5,122.1,125.5,126.8,126.5,124.1,121.7,120.4,119.3,117.3,115.6,114.4,113,111.9,111.2,111.1,110.7,110.6,110.7,110.9,111.7,111.6,113.4,111.5,104.9,100.9,101.6,97.6,91.8,86.2,79.8,73.8,67.6,60.1,52.3,45.8,43.6,42.7,41.3,44.2,53.5,65.5,77.1,86.5,96.5,104.2,109.7,114.7,117.5,120.9,125.4,125.2,122.6,122.3,121.4,119,119.1,114,110.1,106.2,100.4,115.2,111.2,119.8,128.3,132,130.5,131.1,132.6,125.6,118.3,114.4,115.8,108.6,102.7,96.7,89.5,82,74.1,66.8,64.2,60.1,58.2,65.4,69.2,78.8,87.3,81.7,75.2,67.2,58.5,50.9,45,40,37.5,35.6,35.8,38.1,39.9,41,41.7,41.6,42.5,43.3,44.5,45.5,46,46.3,47.4,47.9,49.8,50.5,48.9,52.2,60.4,73.7,90.1,98.6,103.9,109.3,116.1,123.1,127,129.2,131.2,131.7,132.6,131.7,128,125.7,121.9,113.7,107.9,101.6,94.3,85.6,75.7,65.7,56.2,47.7,42.3,37.1,34.3,39.6,47.8,56.5,59.6,69.5,80.6,86.6,91.3,TT,O,,2021,5,3,4/12/2008,14.06215316,8.166461267,7.520532741,11.3961039,0,0,0,0,0,0,43.6,43.6,36.9,33.8,40.8,57.9,73.3,78.8,87.2,93.1,95.8,96.4,92.1,92.9,92.8,81.7,70.7,66.4,75.3,100.5,107.3,112.2,114.7,117.5,122.1,125.5,126.8,126.5,124.1,121.7,120.4,119.3,117.3,115.6,114.4,113,111.9,111.2,111.1,110.7,110.6,110.7,110.9,111.7,111.6,113.4,111.5,104.9,100.9,101.6,97.6,91.8,86.2,79.8,73.8,67.6,60.1,52.3,45.8,43.6,42.7,41.3,44.2,53.5,65.5,77.1,86.5,96.5,104.2,109.7,114.7,117.5,120.9,125.4,125.2,122.6,122.3,121.4,119,119.1,114,110.1,106.2,100.4,0,0,0,0,0,0,131.1,132.6,125.6,118.3,114.4,115.8,108.6,102.7,96.7,89.5,82,74.1,66.8,64.2,60.1,58.2,65.4,69.2,78.8,87.3,81.7,75.2,67.2,58.5,50.9,45,40,37.5,35.6,35.8,38.1,39.9,41,41.7,41.6,42.5,43.3,44.5,45.5,46,46.3,47.4,47.9,49.8,50.5,48.9,52.2,60.4,73.7,90.1,98.6,103.9,109.3,116.1,123.1,127,129.2,131.2,131.7,132.6,131.7,128,125.7,121.9,113.7,107.9,101.6,94.3,85.6,75.7,65.7,56.2,47.7,42.3,37.1,34.3,39.6,47.8,56.5,59.6,69.5,80.6,86.6,91.3,7943.3,6463.7,94.56309524,76.94880952,55,115,7,7
15,6,B,S,2,30.8,351,4,2,43,29,28,-123,1.5,0,0,0,90,2106,85,30,48,52.3,72.4,80.4,78.1,79,77.3,66.9,65.4,89.7,96.2,100.1,102.8,99.2,96.4,96.2,90.2,84.2,78.7,74.8,69.6,65,61.2,58.4,55.7,53.8,51.8,50.1,48.7,60.4,0,0,0,0,0,0,0,0,0,0,0,0,0,0,0,0,0,0,0,0,0,0,0,0,0,0,0,0,0,0,0,0,0,0,0,0,0,0,0,0,0,0,0,0,0,0,0,0,0,0,0,0,0,0,0,0,0,0,0,0,109.2,108.7,102.5,95.4,88.3,86.1,80.3,79.9,92.1,96.2,92.1,85.3,75.9,65.4,60.9,55.8,49.2,44.1,40.1,36.2,35.5,35.9,37.3,39.1,40.6,41.5,41.7,42.6,43.6,43.1,0,0,0,0,0,0,0,0,0,0,0,0,0,0,0,0,0,0,0,0,0,0,0,0,0,0,0,0,0,0,0,0,0,0,0,0,0,0,0,0,0,0,0,0,0,0,0,0,0,0,0,0,0,0,0,0,0,0,0,0,FS,O,,2021,6,3,4/12/2008,11.3961039,8.166461267,7.520532741,11.3961039,0,0,0,0,78.1,79,77.3,66.9,65.4,89.7,96.2,100.1,102.8,99.2,96.4,96.2,90.2,84.2,78.7,74.8,69.6,65,61.2,58.4,55.7,53.8,51.8,50.1,48.7,60.4,0,0,0,0,0,0,0,0,0,0,0,0,0,0,0,0,0,0,0,0,0,0,0,0,0,0,0,0,0,0,0,0,0,0,0,0,0,0,0,0,0,0,0,0,0,0,0,0,0,0,0,0,0,0,0,0,0,0,0,0,0,0,0,0,88.3,86.1,80.3,79.9,92.1,96.2,92.1,85.3,75.9,65.4,60.9,55.8,49.2,44.1,40.1,36.2,35.5,35.9,37.3,39.1,40.6,41.5,41.7,42.6,43.6,43.1,0,0,0,0,0,0,0,0,0,0,0,0,0,0,0,0,0,0,0,0,0,0,0,0,0,0,0,0,0,0,0,0,0,0,0,0,0,0,0,0,0,0,0,0,0,0,0,0,0,0,0,0,0,0,0,0,0,0,0,0,1949.9,1528.8,74.99615385,58.8,55,115,5,5
16,5,B,S,2,90.1,2468,19,29,5,32,63,-83,1.5,0,0,0,90,2106,90,90,61.1,66.7,80.8,102.2,123.2,126.2,118.6,110.6,98.4,100.6,99,92,87.6,76.8,69.2,63.8,71,73,52.6,31.7,28.4,42.9,67.8,91,95.3,95,101.3,108.7,116,125.5,123.5,119.5,117.5,112.4,100.1,83.9,71,56.4,46.1,47.1,48.3,56.6,76.8,92.3,105.3,117.8,122.6,122.1,127.8,126.3,121.3,116,111.9,106.8,96,76.8,60.8,50.2,38.1,40.5,57,69.2,82,93.7,104.3,113.1,119.8,122.9,126.4,127,127.2,125.7,117.9,103.3,87.4,71.9,63.7,61.5,38.9,16.9,29.8,57.9,72.3,63.3,46.8,19.1,44.4,81.8,103.5,99.3,102.7,79.2,50.2,26.9,34.4,41.4,45.3,51.8,68.9,100.7,97.3,84.3,73.6,37.7,24.7,60.2,97.8,108.1,108,112.2,114.5,108.3,105.4,113.3,103.2,81.5,56.4,37.2,29.9,36.9,36.7,42.4,55.6,72.8,85.4,97.1,111.8,121.4,130,135.4,127.9,114.5,105.4,91.1,75.3,65.6,53.4,41.3,39.2,45.9,56.5,66.4,70.9,72.4,78.2,88.3,102.9,116.3,123.1,128.5,135.8,132.8,124.3,112.1,97.4,80.9,65,52.3,42.2,38,39.6,43.1,47.6,55,74,89,108.9,113.6,110.3,103.6,104.1,114.2,124.9,122.2,111.6,85.4,63.1,67,80,85.3,TT,O,,2021,1,3,4/11/2008,27.3917869,27.18320698,27.28867954,26.65584416,0,66.7,80.8,102.2,123.2,126.2,118.6,110.6,98.4,100.6,99,92,87.6,76.8,69.2,63.8,71,73,52.6,31.7,28.4,42.9,67.8,91,95.3,95,101.3,108.7,116,125.5,123.5,119.5,117.5,112.4,100.1,83.9,71,56.4,46.1,47.1,48.3,56.6,76.8,92.3,105.3,117.8,122.6,122.1,127.8,126.3,121.3,116,111.9,106.8,96,76.8,60.8,50.2,38.1,40.5,57,69.2,82,93.7,104.3,113.1,119.8,122.9,126.4,127,127.2,125.7,117.9,103.3,87.4,71.9,63.7,61.5,38.9,16.9,29.8,57.9,72.3,63.3,46.8,19.1,44.4,81.8,103.5,99.3,0,79.2,50.2,26.9,34.4,41.4,45.3,51.8,68.9,100.7,97.3,84.3,73.6,37.7,24.7,60.2,97.8,108.1,108,112.2,114.5,108.3,105.4,113.3,103.2,81.5,56.4,37.2,29.9,36.9,36.7,42.4,55.6,72.8,85.4,97.1,111.8,121.4,130,135.4,127.9,114.5,105.4,91.1,75.3,65.6,53.4,41.3,39.2,45.9,56.5,66.4,70.9,72.4,78.2,88.3,102.9,116.3,123.1,128.5,135.8,132.8,124.3,112.1,97.4,80.9,65,52.3,42.2,38,39.6,43.1,47.6,55,74,89,108.9,113.6,110.3,103.6,104.1,114.2,124.9,122.2,111.6,85.4,63.1,67,80,85.3,7655.7,7264.3,86.01910112,81.62134831,55,115,2,2
17,5,B,E,2,42,1024,28,32,8,31,61,-5,1.5,1,0,0,90,2106,90,41,58.4,36.9,18,37,74.1,107.9,127.6,127.2,121.8,123.9,120.8,118.3,113.6,109.6,98.8,80.6,61.6,62.7,56.1,41.6,36,45.9,57.3,70.2,83.1,96.6,104.7,114.2,114.2,115.9,126.6,120.8,111.6,110,113.9,109.7,97.1,76.5,51.2,40.1,23.2,0,0,0,0,0,0,0,0,0,0,0,0,0,0,0,0,0,0,0,0,0,0,0,0,0,0,0,0,0,0,0,0,0,0,0,0,0,0,0,0,0,0,0,0,0,0,0,0,0,122.8,108.6,83,53.2,27.6,33.4,44.4,39.1,35.1,46,58.5,68.1,76.1,79.4,86.6,92.9,105.9,126.1,133.5,128.1,123,125.5,121.4,111.9,100.7,91.8,78.2,69.9,55,39.2,41.6,32.5,27.2,44.8,65.8,73.2,77.3,81.1,92,110,108.9,0,0,0,0,0,0,0,0,0,0,0,0,0,0,0,0,0,0,0,0,0,0,0,0,0,0,0,0,0,0,0,0,0,0,0,0,0,0,0,0,0,0,0,0,0,0,0,0,0,TT,O,,2021,2,3,4/11/2008,24.38095238,27.18320698,27.28867954,26.65584416,0,36.9,18,37,74.1,107.9,127.6,127.2,121.8,123.9,120.8,118.3,113.6,109.6,98.8,80.6,61.6,62.7,56.1,41.6,36,45.9,57.3,70.2,83.1,96.6,104.7,114.2,114.2,115.9,126.6,120.8,111.6,110,113.9,109.7,97.1,76.5,51.2,40.1,23.2,0,0,0,0,0,0,0,0,0,0,0,0,0,0,0,0,0,0,0,0,0,0,0,0,0,0,0,0,0,0,0,0,0,0,0,0,0,0,0,0,0,0,0,0,0,0,0,0,0,0,108.6,83,53.2,27.6,33.4,44.4,39.1,35.1,46,58.5,68.1,76.1,79.4,86.6,92.9,105.9,126.1,133.5,128.1,123,125.5,121.4,111.9,100.7,91.8,78.2,69.9,55,39.2,41.6,32.5,27.2,44.8,65.8,73.2,77.3,81.1,92,110,108.9,0,0,0,0,0,0,0,0,0,0,0,0,0,0,0,0,0,0,0,0,0,0,0,0,0,0,0,0,0,0,0,0,0,0,0,0,0,0,0,0,0,0,0,0,0,0,0,0,0,3456.9,3096.6,86.4225,77.415,55,115,2,2
18,5,B,N,2,34.7,970,26,31,28,52,20,-40,1.5,0,1,0,90,2106,90,34,109.2,96.9,77.8,59.4,39.9,30.8,41.6,51.5,58.5,60.7,67.6,84.4,105.9,123.5,125.8,116.4,104.6,81.1,55,33.6,36.3,41,30.4,37.6,57.8,84,95.1,101.6,100.4,93.2,83.9,74.7,62.1,40.8,0,0,0,0,0,0,0,0,0,0,0,0,0,0,0,0,0,0,0,0,0,0,0,0,0,0,0,0,0,0,0,0,0,0,0,0,0,0,0,0,0,0,0,0,0,0,0,0,0,0,0,0,0,0,0,0,67.3,72.7,82.9,96.8,109,117.4,127.2,125.2,108.4,87,60,29.6,19.3,35,42,39.4,42.4,52.5,67.9,93.1,120.6,129.5,109.4,86.1,56.6,32.9,13.3,18.1,30.9,40.9,64.7,88.5,100.8,98.1,0,0,0,0,0,0,0,0,0,0,0,0,0,0,0,0,0,0,0,0,0,0,0,0,0,0,0,0,0,0,0,0,0,0,0,0,0,0,0,0,0,0,0,0,0,0,0,0,0,0,0,0,0,0,0,0,TT,O,,2021,3,3,4/11/2008,27.95389049,27.18320698,27.28867954,26.65584416,0,0,0,59.4,39.9,30.8,41.6,51.5,58.5,60.7,67.6,84.4,105.9,123.5,125.8,116.4,104.6,81.1,55,33.6,36.3,41,30.4,37.6,57.8,84,95.1,101.6,100.4,93.2,83.9,74.7,62.1,40.8,0,0,0,0,0,0,0,0,0,0,0,0,0,0,0,0,0,0,0,0,0,0,0,0,0,0,0,0,0,0,0,0,0,0,0,0,0,0,0,0,0,0,0,0,0,0,0,0,0,0,0,0,0,0,0,0,0,0,0,96.8,109,117.4,127.2,125.2,108.4,87,60,29.6,19.3,35,42,39.4,42.4,52.5,67.9,93.1,120.6,129.5,109.4,86.1,56.6,32.9,13.3,18.1,30.9,40.9,64.7,88.5,100.8,98.1,0,0,0,0,0,0,0,0,0,0,0,0,0,0,0,0,0,0,0,0,0,0,0,0,0,0,0,0,0,0,0,0,0,0,0,0,0,0,0,0,0,0,0,0,0,0,0,0,0,0,0,0,0,0,0,0,2179.2,2242.6,70.29677419,72.34193548,115,55,4,4
16,6,B,N,2,15.9,476,22,12,51,48,1,-48,1.5,1,0,0,90,2106,90,15,108.1,93.8,69.9,45.1,24.5,33.4,54.2,65.8,74.5,72.5,68.5,70.9,73.9,64.8,46.2,0,0,0,0,0,0,0,0,0,0,0,0,0,0,0,0,0,0,0,0,0,0,0,0,0,0,0,0,0,0,0,0,0,0,0,0,0,0,0,0,0,0,0,0,0,0,0,0,0,0,0,0,0,0,0,0,0,0,0,0,0,0,0,0,0,0,0,0,0,0,0,0,0,0,0,66.2,73.8,80.4,93.2,107.2,109.9,94,73.4,48.3,25.2,25.5,49.3,63,81.4,83,0,0,0,0,0,0,0,0,0,0,0,0,0,0,0,0,0,0,0,0,0,0,0,0,0,0,0,0,0,0,0,0,0,0,0,0,0,0,0,0,0,0,0,0,0,0,0,0,0,0,0,0,0,0,0,0,0,0,0,0,0,0,0,0,0,0,0,0,0,0,0,0,0,0,0,TT,O,,2021,4,3,4/12/2008,29.93710692,27.18320698,27.28867954,26.65584416,0,0,0,45.1,24.5,33.4,54.2,65.8,74.5,72.5,68.5,70.9,73.9,64.8,46.2,0,0,0,0,0,0,0,0,0,0,0,0,0,0,0,0,0,0,0,0,0,0,0,0,0,0,0,0,0,0,0,0,0,0,0,0,0,0,0,0,0,0,0,0,0,0,0,0,0,0,0,0,0,0,0,0,0,0,0,0,0,0,0,0,0,0,0,0,0,0,0,0,0,0,0,0,0,0,93.2,107.2,109.9,94,73.4,48.3,25.2,25.5,49.3,63,81.4,83,0,0,0,0,0,0,0,0,0,0,0,0,0,0,0,0,0,0,0,0,0,0,0,0,0,0,0,0,0,0,0,0,0,0,0,0,0,0,0,0,0,0,0,0,0,0,0,0,0,0,0,0,0,0,0,0,0,0,0,0,0,0,0,0,0,0,0,0,0,0,0,0,0,0,0,694.3,853.4,57.85833333,71.11666667,115,55,4,4
17,6,B,E,2,11.8,316,46,3,45,41,14,-74,1.5,2,0,0,90,2106,90,11,59.8,40.3,10.5,18.8,43,67.7,76.4,81.8,76.3,61.2,34.7,0,0,0,0,0,0,0,0,0,0,0,0,0,0,0,0,0,0,0,0,0,0,0,0,0,0,0,0,0,0,0,0,0,0,0,0,0,0,0,0,0,0,0,0,0,0,0,0,0,0,0,0,0,0,0,0,0,0,0,0,0,0,0,0,0,0,0,0,0,0,0,0,0,0,0,0,0,0,0,122.2,118.1,91.3,71.5,50.7,41.8,58.3,71.1,87.6,97.1,98.5,0,0,0,0,0,0,0,0,0,0,0,0,0,0,0,0,0,0,0,0,0,0,0,0,0,0,0,0,0,0,0,0,0,0,0,0,0,0,0,0,0,0,0,0,0,0,0,0,0,0,0,0,0,0,0,0,0,0,0,0,0,0,0,0,0,0,0,0,0,0,0,0,0,0,0,0,0,0,0,TT,O,,2021,5,3,4/12/2008,26.77966102,27.18320698,27.28867954,26.65584416,0,40.3,10.5,18.8,43,67.7,76.4,81.8,76.3,61.2,34.7,0,0,0,0,0,0,0,0,0,0,0,0,0,0,0,0,0,0,0,0,0,0,0,0,0,0,0,0,0,0,0,0,0,0,0,0,0,0,0,0,0,0,0,0,0,0,0,0,0,0,0,0,0,0,0,0,0,0,0,0,0,0,0,0,0,0,0,0,0,0,0,0,0,0,0,0,0,0,0,0,118.1,91.3,71.5,50.7,41.8,58.3,71.1,87.6,97.1,98.5,0,0,0,0,0,0,0,0,0,0,0,0,0,0,0,0,0,0,0,0,0,0,0,0,0,0,0,0,0,0,0,0,0,0,0,0,0,0,0,0,0,0,0,0,0,0,0,0,0,0,0,0,0,0,0,0,0,0,0,0,0,0,0,0,0,0,0,0,0,0,0,0,0,0,0,0,0,0,0,510.7,786,51.07,78.6,55,115,2,2
18,6,B,S,2,30.8,821,32,11,32,48,20,-50,1.5,1,0,0,90,2106,90,30,56,41.2,31.1,30,39,45.7,40.8,52.7,71.8,81.3,91.3,95.9,90.9,72.3,47.9,14.7,35.5,58.8,79.4,81.7,61.3,40.7,25.8,23,33.9,58.2,76.5,82.1,77.3,57.1,0,0,0,0,0,0,0,0,0,0,0,0,0,0,0,0,0,0,0,0,0,0,0,0,0,0,0,0,0,0,0,0,0,0,0,0,0,0,0,0,0,0,0,0,0,0,0,0,0,0,0,0,0,0,0,0,0,0,0,0,101.6,87.6,91.2,106.9,119.5,110.8,83.1,51.5,21.6,18.4,41.4,57.9,70.8,82.2,83.7,86.2,80.6,82.2,92.4,101.4,108.6,112.1,112.9,106.4,93.6,86.8,96.2,101.7,114.2,108.1,0,0,0,0,0,0,0,0,0,0,0,0,0,0,0,0,0,0,0,0,0,0,0,0,0,0,0,0,0,0,0,0,0,0,0,0,0,0,0,0,0,0,0,0,0,0,0,0,0,0,0,0,0,0,0,0,0,0,0,0,FS,O,,2021,6,3,4/12/2008,26.65584416,27.18320698,27.28867954,26.65584416,0,41.2,31.1,30,39,45.7,40.8,52.7,71.8,81.3,91.3,95.9,90.9,72.3,47.9,14.7,35.5,58.8,79.4,81.7,61.3,40.7,25.8,23,33.9,58.2,76.5,82.1,77.3,57.1,0,0,0,0,0,0,0,0,0,0,0,0,0,0,0,0,0,0,0,0,0,0,0,0,0,0,0,0,0,0,0,0,0,0,0,0,0,0,0,0,0,0,0,0,0,0,0,0,0,0,0,0,0,0,0,0,0,0,0,0,0,87.6,91.2,106.9,119.5,110.8,83.1,51.5,21.6,18.4,41.4,57.9,70.8,82.2,83.7,86.2,80.6,82.2,92.4,101.4,108.6,112.1,112.9,106.4,93.6,86.8,96.2,101.7,114.2,108.1,0,0,0,0,0,0,0,0,0,0,0,0,0,0,0,0,0,0,0,0,0,0,0,0,0,0,0,0,0,0,0,0,0,0,0,0,0,0,0,0,0,0,0,0,0,0,0,0,0,0,0,0,0,0,0,0,0,0,0,0,1637.9,2510,56.47931034,86.55172414,55,115,2,2
19,5,B,S,2,79.2,1662,20,38,47,31,22,33,1.5,3,2,0,90,2106,92,79,47.9,47.3,30.9,18.1,33.5,52.7,70.9,80.2,82.8,75.7,54.9,37.8,18.9,17.6,43.6,65.2,75.7,93.9,108.1,115.5,113.8,93.6,77.5,55.5,53.6,66.6,86.1,97.3,101.8,109.6,110.6,103.8,92.6,70.9,51.7,28.2,10.3,7.2,20,37.4,57,76.9,93.5,101.4,110.3,119.2,120.3,117.7,105,82.8,73.3,77.2,93.2,111.1,116.2,115.5,108,89.8,69.4,50.3,37.5,46.9,63.7,69.8,76.3,70.2,68.8,61.5,43.2,25.5,26.8,46.3,66.7,85.7,91.1,68.3,51,31.3,7.7,0,0,0,0,0,0,0,0,0,0,0,114.7,118.6,111.3,91.2,63.3,47.4,56.3,79.1,92.2,107.8,112,106.8,92.7,73.4,46.7,24.3,15.4,22.7,47.1,63.9,67.9,63.1,60.1,49.6,37.6,25.1,15,15.3,19,20.8,25.9,32.4,40.7,55,66,76.7,84.9,82.2,69.6,52.7,33.5,14.4,6.3,12.5,21.4,33.5,42.8,46.8,43.4,28,18.5,23.8,40.5,47.9,48.6,38.7,28.3,18.6,28.4,45.8,74,96.7,114.5,117.6,120.9,118.9,119.6,113.3,96.1,77.1,65.3,63.7,70,83.7,96.3,93.7,87.1,84.8,88.6,0,0,0,0,0,0,0,0,0,0,0,TT,O,,2021,1,3,4/11/2008,20.98484848,21.85433339,21.51091435,23.57142857,0,0,30.9,18.1,33.5,52.7,70.9,80.2,82.8,75.7,54.9,37.8,18.9,17.6,43.6,65.2,75.7,93.9,108.1,115.5,113.8,93.6,77.5,55.5,53.6,66.6,86.1,97.3,101.8,109.6,110.6,103.8,92.6,70.9,51.7,28.2,10.3,7.2,20,37.4,57,76.9,93.5,101.4,110.3,119.2,120.3,117.7,105,82.8,73.3,77.2,93.2,111.1,116.2,115.5,108,89.8,69.4,50.3,37.5,46.9,63.7,69.8,76.3,70.2,68.8,61.5,43.2,25.5,26.8,46.3,66.7,85.7,91.1,68.3,51,31.3,7.7,0,0,0,0,0,0,0,0,0,0,0,0,0,111.3,91.2,63.3,47.4,56.3,79.1,92.2,107.8,112,106.8,92.7,73.4,46.7,24.3,15.4,22.7,47.1,63.9,67.9,63.1,60.1,49.6,37.6,25.1,15,15.3,19,20.8,25.9,32.4,40.7,55,66,76.7,84.9,82.2,69.6,52.7,33.5,14.4,6.3,12.5,21.4,33.5,42.8,46.8,43.4,28,18.5,23.8,40.5,47.9,48.6,38.7,28.3,18.6,28.4,45.8,74,96.7,114.5,117.6,120.9,118.9,119.6,113.3,96.1,77.1,65.3,63.7,70,83.7,96.3,93.7,87.1,84.8,88.6,0,0,0,0,0,0,0,0,0,0,0,5390.5,4616.8,70.00649351,59.95844156,55,115,3,3
20,5,B,E,2,10.7,224,20,13,70,16,14,67,1.5,1,0,0,90,2106,92,10,67.3,64.6,62.2,64.3,66.3,65,58.1,45.1,24.2,2.4,0,0,0,0,0,0,0,0,0,0,0,0,0,0,0,0,0,0,0,0,0,0,0,0,0,0,0,0,0,0,0,0,0,0,0,0,0,0,0,0,0,0,0,0,0,0,0,0,0,0,0,0,0,0,0,0,0,0,0,0,0,0,0,0,0,0,0,0,0,0,0,0,0,0,0,0,0,0,0,0,123.6,110.9,92.5,74.2,62,39.7,32.3,52.6,78.2,88,0,0,0,0,0,0,0,0,0,0,0,0,0,0,0,0,0,0,0,0,0,0,0,0,0,0,0,0,0,0,0,0,0,0,0,0,0,0,0,0,0,0,0,0,0,0,0,0,0,0,0,0,0,0,0,0,0,0,0,0,0,0,0,0,0,0,0,0,0,0,0,0,0,0,0,0,0,0,0,0,TT,O,,2021,2,3,4/11/2008,20.93457944,21.85433339,21.51091435,23.57142857,0,0,62.2,64.3,66.3,65,58.1,45.1,24.2,2.4,0,0,0,0,0,0,0,0,0,0,0,0,0,0,0,0,0,0,0,0,0,0,0,0,0,0,0,0,0,0,0,0,0,0,0,0,0,0,0,0,0,0,0,0,0,0,0,0,0,0,0,0,0,0,0,0,0,0,0,0,0,0,0,0,0,0,0,0,0,0,0,0,0,0,0,0,0,0,0,0,0,0,92.5,74.2,62,39.7,32.3,52.6,78.2,88,0,0,0,0,0,0,0,0,0,0,0,0,0,0,0,0,0,0,0,0,0,0,0,0,0,0,0,0,0,0,0,0,0,0,0,0,0,0,0,0,0,0,0,0,0,0,0,0,0,0,0,0,0,0,0,0,0,0,0,0,0,0,0,0,0,0,0,0,0,0,0,0,0,0,0,0,0,0,0,0,387.6,519.5,48.45,64.9375,55,115,3,3
21,5,B,N,2,18.4,418,34,35,64,21,15,50,1.5,1,0,0,90,2106,92,18,116.8,109.5,99.1,78.7,54.4,30.1,27.7,52.4,61.4,51.9,49.1,54.3,63.8,64.2,59.9,52.2,36.9,11.3,0,0,0,0,0,0,0,0,0,0,0,0,0,0,0,0,0,0,0,0,0,0,0,0,0,0,0,0,0,0,0,0,0,0,0,0,0,0,0,0,0,0,0,0,0,0,0,0,0,0,0,0,0,0,0,0,0,0,0,0,0,0,0,0,0,0,0,0,0,0,0,0,53.8,44.2,33.6,23.9,39.6,66.5,92.7,123.6,129,113.3,94.5,69.2,50.2,34.7,30.1,47.4,69.1,82.7,0,0,0,0,0,0,0,0,0,0,0,0,0,0,0,0,0,0,0,0,0,0,0,0,0,0,0,0,0,0,0,0,0,0,0,0,0,0,0,0,0,0,0,0,0,0,0,0,0,0,0,0,0,0,0,0,0,0,0,0,0,0,0,0,0,0,0,0,0,0,0,0,TT,O,,2021,3,3,4/11/2008,22.7173913,21.85433339,21.51091435,23.57142857,0,0,0,0,54.4,30.1,27.7,52.4,61.4,51.9,49.1,54.3,63.8,64.2,59.9,52.2,36.9,11.3,0,0,0,0,0,0,0,0,0,0,0,0,0,0,0,0,0,0,0,0,0,0,0,0,0,0,0,0,0,0,0,0,0,0,0,0,0,0,0,0,0,0,0,0,0,0,0,0,0,0,0,0,0,0,0,0,0,0,0,0,0,0,0,0,0,0,0,0,0,0,0,0,0,0,0,0,39.6,66.5,92.7,123.6,129,113.3,94.5,69.2,50.2,34.7,30.1,47.4,69.1,82.7,0,0,0,0,0,0,0,0,0,0,0,0,0,0,0,0,0,0,0,0,0,0,0,0,0,0,0,0,0,0,0,0,0,0,0,0,0,0,0,0,0,0,0,0,0,0,0,0,0,0,0,0,0,0,0,0,0,0,0,0,0,0,0,0,0,0,0,0,0,0,0,0,669.6,1042.6,47.82857143,74.47142857,115,55,5,5
19,6,B,N,2,90.1,2040,27,19,50,33,17,75,1.5,0,3,0,90,2106,92,90,117.8,114.2,108.3,90.2,60.4,36.5,56.7,76.1,81.3,80.2,73.1,61.1,43.1,18.4,24,29.7,29.7,39.2,55.4,67.7,80,82.6,59.6,43.5,38.3,55.6,72.3,75.1,75.6,74.1,71.6,59.4,38.5,37.3,52.5,58.5,61.2,52,34.5,26.8,39.2,52.7,52.6,57.6,74.2,87.1,85.8,90.4,95.2,92.5,78.2,56.6,32.9,37.7,46,64,69.3,72.4,68,64.7,48.2,39,41.9,37,35.1,24.5,30.8,49.7,60.5,60,46.6,29.2,15.1,29.1,43.7,50,45.4,40.8,60,76.9,90.9,96.8,92.3,66.8,52.7,47.2,59.2,77.9,84.1,87.2,62.1,51.7,38.3,19.8,30.5,71.8,99.6,98.9,85.5,76.9,49.9,32.9,49,86.2,112.5,111,95.1,73.9,48.5,32.4,12.9,18.8,34.7,47.4,70.5,97.3,102,91.9,82.7,67.1,43,34.9,57.5,85,83.6,72.8,72.1,59.9,69.4,93.2,120.6,128.9,120.5,111.2,114.5,114.8,100.7,86.4,79.4,64,53.2,53.4,74.9,95,109.1,130.6,130.3,122.4,111.8,107,97.3,103.7,120.1,123.9,123.9,109.5,100.9,99.5,110.5,115,110.8,96.8,79.3,72.8,77.1,81.7,88.5,62.1,31.4,12.9,18.1,34.3,46.2,46.1,42.7,44.2,48.9,43.5,42.7,34.3,TT,O,,2021,4,3,4/12/2008,22.64150943,21.85433339,21.51091435,23.57142857,0,0,0,0,60.4,36.5,56.7,76.1,81.3,80.2,73.1,61.1,43.1,18.4,24,29.7,29.7,39.2,55.4,67.7,80,82.6,59.6,43.5,38.3,55.6,72.3,75.1,75.6,74.1,71.6,59.4,38.5,37.3,52.5,58.5,61.2,52,34.5,26.8,39.2,52.7,52.6,57.6,74.2,87.1,85.8,90.4,95.2,92.5,78.2,56.6,32.9,37.7,46,64,69.3,72.4,68,64.7,48.2,39,41.9,37,35.1,24.5,30.8,49.7,60.5,60,46.6,29.2,15.1,29.1,43.7,50,45.4,40.8,60,76.9,90.9,96.8,92.3,66.8,52.7,47.2,59.2,77.9,84.1,87.2,0,0,0,0,30.5,71.8,99.6,98.9,85.5,76.9,49.9,32.9,49,86.2,112.5,111,95.1,73.9,48.5,32.4,12.9,18.8,34.7,47.4,70.5,97.3,102,91.9,82.7,67.1,43,34.9,57.5,85,83.6,72.8,72.1,59.9,69.4,93.2,120.6,128.9,120.5,111.2,114.5,114.8,100.7,86.4,79.4,64,53.2,53.4,74.9,95,109.1,130.6,130.3,122.4,111.8,107,97.3,103.7,120.1,123.9,123.9,109.5,100.9,99.5,110.5,115,110.8,96.8,79.3,72.8,77.1,81.7,88.5,62.1,31.4,12.9,18.1,34.3,46.2,46.1,42.7,44.2,48.9,43.5,42.7,34.3,4917.3,6698.7,57.17790698,77.89186047,115,55,5,5
20,6,B,E,2,18.1,367,54,3,39,47,14,54,1.5,3,0,0,90,2106,92,18,68.2,59.6,55.5,40.2,46.6,57.2,58,46.7,25.3,14.8,22.7,19.4,18.3,24.9,40.1,35.1,19.6,8.1,0,0,0,0,0,0,0,0,0,0,0,0,0,0,0,0,0,0,0,0,0,0,0,0,0,0,0,0,0,0,0,0,0,0,0,0,0,0,0,0,0,0,0,0,0,0,0,0,0,0,0,0,0,0,0,0,0,0,0,0,0,0,0,0,0,0,0,0,0,0,0,0,115,96.4,83,74,94.7,89.7,88.3,78.8,76.4,85.9,103.4,108.1,106.8,113.4,127.7,124.3,108.7,96.6,0,0,0,0,0,0,0,0,0,0,0,0,0,0,0,0,0,0,0,0,0,0,0,0,0,0,0,0,0,0,0,0,0,0,0,0,0,0,0,0,0,0,0,0,0,0,0,0,0,0,0,0,0,0,0,0,0,0,0,0,0,0,0,0,0,0,0,0,0,0,0,0,TT,O,,2021,5,3,4/12/2008,20.27624309,21.85433339,21.51091435,23.57142857,0,0,55.5,40.2,46.6,57.2,58,46.7,25.3,14.8,22.7,19.4,18.3,24.9,40.1,35.1,19.6,8.1,0,0,0,0,0,0,0,0,0,0,0,0,0,0,0,0,0,0,0,0,0,0,0,0,0,0,0,0,0,0,0,0,0,0,0,0,0,0,0,0,0,0,0,0,0,0,0,0,0,0,0,0,0,0,0,0,0,0,0,0,0,0,0,0,0,0,0,0,0,0,0,0,0,0,83,74,94.7,89.7,88.3,78.8,76.4,85.9,103.4,108.1,106.8,113.4,127.7,124.3,108.7,96.6,0,0,0,0,0,0,0,0,0,0,0,0,0,0,0,0,0,0,0,0,0,0,0,0,0,0,0,0,0,0,0,0,0,0,0,0,0,0,0,0,0,0,0,0,0,0,0,0,0,0,0,0,0,0,0,0,0,0,0,0,0,0,0,0,0,0,0,0,0,0,0,0,532.5,1559.8,33.28125,97.4875,55,115,3,3
21,6,B,S,2,30.8,726,35,21,24,25,51,49,1.5,0,0,0,90,2106,92,30,51,37.4,20.6,14.5,30.5,46.5,56.7,57.2,47.4,40.4,46.5,54.6,51.6,48.6,45,41.3,46.7,58.4,69,76.5,86.8,99.3,104.5,108.9,114.1,118,118.7,119.1,116.3,111.8,0,0,0,0,0,0,0,0,0,0,0,0,0,0,0,0,0,0,0,0,0,0,0,0,0,0,0,0,0,0,0,0,0,0,0,0,0,0,0,0,0,0,0,0,0,0,0,0,0,0,0,0,0,0,0,0,0,0,0,0,117.3,115.9,107.3,96.6,83.8,66.6,54.6,45.9,43.4,53.8,72.9,94.9,112.5,123.8,131.2,130.3,131.7,132.3,127.9,117.4,106.2,94.4,80.2,64.7,54.4,40.3,31.8,34.4,46.3,60.7,0,0,0,0,0,0,0,0,0,0,0,0,0,0,0,0,0,0,0,0,0,0,0,0,0,0,0,0,0,0,0,0,0,0,0,0,0,0,0,0,0,0,0,0,0,0,0,0,0,0,0,0,0,0,0,0,0,0,0,0,FS,O,,2021,6,3,4/13/2008,23.57142857,21.85433339,21.51091435,23.57142857,0,37.4,20.6,14.5,30.5,46.5,56.7,57.2,47.4,40.4,46.5,54.6,51.6,48.6,45,41.3,46.7,58.4,69,76.5,86.8,99.3,104.5,108.9,114.1,118,118.7,119.1,116.3,111.8,0,0,0,0,0,0,0,0,0,0,0,0,0,0,0,0,0,0,0,0,0,0,0,0,0,0,0,0,0,0,0,0,0,0,0,0,0,0,0,0,0,0,0,0,0,0,0,0,0,0,0,0,0,0,0,0,0,0,0,0,0,115.9,107.3,96.6,83.8,66.6,54.6,45.9,43.4,53.8,72.9,94.9,112.5,123.8,131.2,130.3,131.7,132.3,127.9,117.4,106.2,94.4,80.2,64.7,54.4,40.3,31.8,34.4,46.3,60.7,0,0,0,0,0,0,0,0,0,0,0,0,0,0,0,0,0,0,0,0,0,0,0,0,0,0,0,0,0,0,0,0,0,0,0,0,0,0,0,0,0,0,0,0,0,0,0,0,0,0,0,0,0,0,0,0,0,0,0,0,1986.9,2456.2,68.5137931,84.69655172,55,115,2,2
25,5,B,S,2,13.1,316,18,19,86,11,3,-78,1.5,1,0,0,90,2106,97,13,55.7,51.2,39,34.2,49.9,69,72.2,79.5,71.9,66.9,56.2,29.3,7.9,0,0,0,0,0,0,0,0,0,0,0,0,0,0,0,0,0,0,0,0,0,0,0,0,0,0,0,0,0,0,0,0,0,0,0,0,0,0,0,0,0,0,0,0,0,0,0,0,0,0,0,0,0,0,0,0,0,0,0,0,0,0,0,0,0,0,0,0,0,0,0,0,0,0,0,0,0,101.3,83.2,67.9,56.4,53.9,41.7,42.9,22,18.3,34.8,57.8,71.1,82.6,0,0,0,0,0,0,0,0,0,0,0,0,0,0,0,0,0,0,0,0,0,0,0,0,0,0,0,0,0,0,0,0,0,0,0,0,0,0,0,0,0,0,0,0,0,0,0,0,0,0,0,0,0,0,0,0,0,0,0,0,0,0,0,0,0,0,0,0,0,0,0,0,0,0,0,0,0,TT,O,,2021,1,3,4/11/2008,24.1221374,23.50076678,23.78533572,22.07792208,0,51.2,39,34.2,49.9,69,72.2,79.5,71.9,66.9,56.2,29.3,7.9,0,0,0,0,0,0,0,0,0,0,0,0,0,0,0,0,0,0,0,0,0,0,0,0,0,0,0,0,0,0,0,0,0,0,0,0,0,0,0,0,0,0,0,0,0,0,0,0,0,0,0,0,0,0,0,0,0,0,0,0,0,0,0,0,0,0,0,0,0,0,0,0,0,0,0,0,0,0,83.2,67.9,56.4,53.9,41.7,42.9,22,18.3,34.8,57.8,71.1,82.6,0,0,0,0,0,0,0,0,0,0,0,0,0,0,0,0,0,0,0,0,0,0,0,0,0,0,0,0,0,0,0,0,0,0,0,0,0,0,0,0,0,0,0,0,0,0,0,0,0,0,0,0,0,0,0,0,0,0,0,0,0,0,0,0,0,0,0,0,0,0,0,0,0,0,0,0,0,627.2,632.6,52.26666667,52.71666667,55,115,2,2
26,5,B,E,2,8.8,231,34,27,86,4,10,6,1.5,1,0,0,90,2106,97,8,59.2,38.7,56.1,68.9,70.6,59.8,30.8,8.4,0,0,0,0,0,0,0,0,0,0,0,0,0,0,0,0,0,0,0,0,0,0,0,0,0,0,0,0,0,0,0,0,0,0,0,0,0,0,0,0,0,0,0,0,0,0,0,0,0,0,0,0,0,0,0,0,0,0,0,0,0,0,0,0,0,0,0,0,0,0,0,0,0,0,0,0,0,0,0,0,0,0,118.9,84.5,54,36.5,22,33.9,64.1,83.1,0,0,0,0,0,0,0,0,0,0,0,0,0,0,0,0,0,0,0,0,0,0,0,0,0,0,0,0,0,0,0,0,0,0,0,0,0,0,0,0,0,0,0,0,0,0,0,0,0,0,0,0,0,0,0,0,0,0,0,0,0,0,0,0,0,0,0,0,0,0,0,0,0,0,0,0,0,0,0,0,0,0,TT,O,,2021,2,3,4/11/2008,26.25,23.50076678,23.78533572,22.07792208,0,38.7,56.1,68.9,70.6,59.8,30.8,8.4,0,0,0,0,0,0,0,0,0,0,0,0,0,0,0,0,0,0,0,0,0,0,0,0,0,0,0,0,0,0,0,0,0,0,0,0,0,0,0,0,0,0,0,0,0,0,0,0,0,0,0,0,0,0,0,0,0,0,0,0,0,0,0,0,0,0,0,0,0,0,0,0,0,0,0,0,0,0,0,0,0,0,0,84.5,54,36.5,22,33.9,64.1,83.1,0,0,0,0,0,0,0,0,0,0,0,0,0,0,0,0,0,0,0,0,0,0,0,0,0,0,0,0,0,0,0,0,0,0,0,0,0,0,0,0,0,0,0,0,0,0,0,0,0,0,0,0,0,0,0,0,0,0,0,0,0,0,0,0,0,0,0,0,0,0,0,0,0,0,0,0,0,0,0,0,0,0,333.3,378.1,47.61428571,54.01428571,55,115,2,2
27,5,B,N,2,12.8,284,40,1,65,34,1,-28,1.5,0,0,0,90,2106,97,12,105.9,88.1,65.4,43.1,51.4,51.8,48.2,45.6,37.2,16.9,16.2,22.7,0,0,0,0,0,0,0,0,0,0,0,0,0,0,0,0,0,0,0,0,0,0,0,0,0,0,0,0,0,0,0,0,0,0,0,0,0,0,0,0,0,0,0,0,0,0,0,0,0,0,0,0,0,0,0,0,0,0,0,0,0,0,0,0,0,0,0,0,0,0,0,0,0,0,0,0,0,0,61.8,67.5,78.4,89.1,107.5,93,75.2,63,53.8,73.9,88.1,93.5,0,0,0,0,0,0,0,0,0,0,0,0,0,0,0,0,0,0,0,0,0,0,0,0,0,0,0,0,0,0,0,0,0,0,0,0,0,0,0,0,0,0,0,0,0,0,0,0,0,0,0,0,0,0,0,0,0,0,0,0,0,0,0,0,0,0,0,0,0,0,0,0,0,0,0,0,0,0,TT,O,,2021,3,3,4/11/2008,22.1875,23.50076678,23.78533572,22.07792208,0,0,0,0,51.4,51.8,48.2,45.6,37.2,16.9,16.2,22.7,0,0,0,0,0,0,0,0,0,0,0,0,0,0,0,0,0,0,0,0,0,0,0,0,0,0,0,0,0,0,0,0,0,0,0,0,0,0,0,0,0,0,0,0,0,0,0,0,0,0,0,0,0,0,0,0,0,0,0,0,0,0,0,0,0,0,0,0,0,0,0,0,0,0,0,0,0,0,0,0,0,0,107.5,93,75.2,63,53.8,73.9,88.1,93.5,0,0,0,0,0,0,0,0,0,0,0,0,0,0,0,0,0,0,0,0,0,0,0,0,0,0,0,0,0,0,0,0,0,0,0,0,0,0,0,0,0,0,0,0,0,0,0,0,0,0,0,0,0,0,0,0,0,0,0,0,0,0,0,0,0,0,0,0,0,0,0,0,0,0,0,0,0,0,290,648,36.25,81,115,55,5,5
25,6,B,N,2,8.9,205,39,4,56,42,2,-30,1.5,1,0,0,90,2106,97,8,109.5,97.4,75.4,59.5,43.7,28.8,15.1,16.9,0,0,0,0,0,0,0,0,0,0,0,0,0,0,0,0,0,0,0,0,0,0,0,0,0,0,0,0,0,0,0,0,0,0,0,0,0,0,0,0,0,0,0,0,0,0,0,0,0,0,0,0,0,0,0,0,0,0,0,0,0,0,0,0,0,0,0,0,0,0,0,0,0,0,0,0,0,0,0,0,0,0,62,64.8,69.8,87.4,86.7,69.9,81.4,94.3,0,0,0,0,0,0,0,0,0,0,0,0,0,0,0,0,0,0,0,0,0,0,0,0,0,0,0,0,0,0,0,0,0,0,0,0,0,0,0,0,0,0,0,0,0,0,0,0,0,0,0,0,0,0,0,0,0,0,0,0,0,0,0,0,0,0,0,0,0,0,0,0,0,0,0,0,0,0,0,0,0,0,TT,O,,2021,4,3,4/13/2008,23.03370787,23.50076678,23.78533572,22.07792208,0,0,0,0,43.7,28.8,15.1,16.9,0,0,0,0,0,0,0,0,0,0,0,0,0,0,0,0,0,0,0,0,0,0,0,0,0,0,0,0,0,0,0,0,0,0,0,0,0,0,0,0,0,0,0,0,0,0,0,0,0,0,0,0,0,0,0,0,0,0,0,0,0,0,0,0,0,0,0,0,0,0,0,0,0,0,0,0,0,0,0,0,0,0,0,0,0,0,86.7,69.9,81.4,94.3,0,0,0,0,0,0,0,0,0,0,0,0,0,0,0,0,0,0,0,0,0,0,0,0,0,0,0,0,0,0,0,0,0,0,0,0,0,0,0,0,0,0,0,0,0,0,0,0,0,0,0,0,0,0,0,0,0,0,0,0,0,0,0,0,0,0,0,0,0,0,0,0,0,0,0,0,0,0,0,0,0,0,104.5,332.3,26.125,83.075,115,55,5,5
26,6,B,E,2,3,70,72,1,6,31,63,-36,1.5,1,0,0,90,2106,97,2,63.5,48.2,0,0,0,0,0,0,0,0,0,0,0,0,0,0,0,0,0,0,0,0,0,0,0,0,0,0,0,0,0,0,0,0,0,0,0,0,0,0,0,0,0,0,0,0,0,0,0,0,0,0,0,0,0,0,0,0,0,0,0,0,0,0,0,0,0,0,0,0,0,0,0,0,0,0,0,0,0,0,0,0,0,0,0,0,0,0,0,0,123.7,120.9,0,0,0,0,0,0,0,0,0,0,0,0,0,0,0,0,0,0,0,0,0,0,0,0,0,0,0,0,0,0,0,0,0,0,0,0,0,0,0,0,0,0,0,0,0,0,0,0,0,0,0,0,0,0,0,0,0,0,0,0,0,0,0,0,0,0,0,0,0,0,0,0,0,0,0,0,0,0,0,0,0,0,0,0,0,0,0,0,TT,O,,2021,5,3,4/13/2008,23.33333333,23.50076678,23.78533572,22.07792208,0,48.2,0,0,0,0,0,0,0,0,0,0,0,0,0,0,0,0,0,0,0,0,0,0,0,0,0,0,0,0,0,0,0,0,0,0,0,0,0,0,0,0,0,0,0,0,0,0,0,0,0,0,0,0,0,0,0,0,0,0,0,0,0,0,0,0,0,0,0,0,0,0,0,0,0,0,0,0,0,0,0,0,0,0,0,0,0,0,0,0,0,120.9,0,0,0,0,0,0,0,0,0,0,0,0,0,0,0,0,0,0,0,0,0,0,0,0,0,0,0,0,0,0,0,0,0,0,0,0,0,0,0,0,0,0,0,0,0,0,0,0,0,0,0,0,0,0,0,0,0,0,0,0,0,0,0,0,0,0,0,0,0,0,0,0,0,0,0,0,0,0,0,0,0,0,0,0,0,0,0,0,48.2,120.9,48.2,120.9,55,115,2,2
27,6,B,S,2,30.8,680,26,12,71,26,3,-86,1.5,2,1,0,90,2106,97,30,56.2,59.1,65.7,61.4,72.5,79,80.1,79.2,80.5,70.8,56.5,35.5,11.1,21.2,48.1,64.5,68.3,65.4,55.6,45.5,18.9,19.8,21.3,16.5,33.9,33.9,35,35.9,49.9,58.1,0,0,0,0,0,0,0,0,0,0,0,0,0,0,0,0,0,0,0,0,0,0,0,0,0,0,0,0,0,0,0,0,0,0,0,0,0,0,0,0,0,0,0,0,0,0,0,0,0,0,0,0,0,0,0,0,0,0,0,0,100.4,80.8,56.6,38.6,17.5,16.2,29.8,54,66.5,82.1,86.5,89.2,90.3,97.7,103.6,97.7,87,64.1,55,57.3,71.9,72.7,74.5,77.1,64.6,58.3,58.3,66.2,62.7,66.2,0,0,0,0,0,0,0,0,0,0,0,0,0,0,0,0,0,0,0,0,0,0,0,0,0,0,0,0,0,0,0,0,0,0,0,0,0,0,0,0,0,0,0,0,0,0,0,0,0,0,0,0,0,0,0,0,0,0,0,0,FS,O,,2021,6,3,4/13/2008,22.07792208,23.50076678,23.78533572,22.07792208,0,59.1,65.7,61.4,72.5,79,80.1,79.2,80.5,70.8,56.5,35.5,11.1,21.2,48.1,64.5,68.3,65.4,55.6,45.5,18.9,19.8,21.3,16.5,33.9,33.9,35,35.9,49.9,58.1,0,0,0,0,0,0,0,0,0,0,0,0,0,0,0,0,0,0,0,0,0,0,0,0,0,0,0,0,0,0,0,0,0,0,0,0,0,0,0,0,0,0,0,0,0,0,0,0,0,0,0,0,0,0,0,0,0,0,0,0,0,80.8,56.6,38.6,17.5,16.2,29.8,54,66.5,82.1,86.5,89.2,90.3,97.7,103.6,97.7,87,64.1,55,57.3,71.9,72.7,74.5,77.1,64.6,58.3,58.3,66.2,62.7,66.2,0,0,0,0,0,0,0,0,0,0,0,0,0,0,0,0,0,0,0,0,0,0,0,0,0,0,0,0,0,0,0,0,0,0,0,0,0,0,0,0,0,0,0,0,0,0,0,0,0,0,0,0,0,0,0,0,0,0,0,0,1443.2,1943,49.76551724,67,55,115,2,2
28,5,B,S,2,11.9,238,11,27,82,16,2,-109,1.5,0,0,0,90,2106,99,11,52.2,51.4,52.5,54.7,59.5,68.5,77.5,81.8,71.7,58.4,36.9,0,0,0,0,0,0,0,0,0,0,0,0,0,0,0,0,0,0,0,0,0,0,0,0,0,0,0,0,0,0,0,0,0,0,0,0,0,0,0,0,0,0,0,0,0,0,0,0,0,0,0,0,0,0,0,0,0,0,0,0,0,0,0,0,0,0,0,0,0,0,0,0,0,0,0,0,0,0,0,102,87.9,71.3,52.1,32.6,26.3,34.3,37.7,46.9,58.2,65.8,0,0,0,0,0,0,0,0,0,0,0,0,0,0,0,0,0,0,0,0,0,0,0,0,0,0,0,0,0,0,0,0,0,0,0,0,0,0,0,0,0,0,0,0,0,0,0,0,0,0,0,0,0,0,0,0,0,0,0,0,0,0,0,0,0,0,0,0,0,0,0,0,0,0,0,0,0,0,0,TT,O,,2021,1,3,4/11/2008,20,23.18269768,23.04399291,23.8762215,0,51.4,52.5,54.7,59.5,68.5,77.5,81.8,71.7,58.4,36.9,0,0,0,0,0,0,0,0,0,0,0,0,0,0,0,0,0,0,0,0,0,0,0,0,0,0,0,0,0,0,0,0,0,0,0,0,0,0,0,0,0,0,0,0,0,0,0,0,0,0,0,0,0,0,0,0,0,0,0,0,0,0,0,0,0,0,0,0,0,0,0,0,0,0,0,0,0,0,0,0,87.9,71.3,52.1,32.6,26.3,34.3,37.7,46.9,58.2,65.8,0,0,0,0,0,0,0,0,0,0,0,0,0,0,0,0,0,0,0,0,0,0,0,0,0,0,0,0,0,0,0,0,0,0,0,0,0,0,0,0,0,0,0,0,0,0,0,0,0,0,0,0,0,0,0,0,0,0,0,0,0,0,0,0,0,0,0,0,0,0,0,0,0,0,0,0,0,0,0,612.9,513.1,61.29,51.31,55,115,2,2
29,5,B,E,2,85.6,2171,41,17,26,43,31,-37,1.5,0,2,0,90,2106,99,85,65.9,58.5,43,32.2,30.9,44.9,74,75.7,77.9,82.1,84.1,83.5,69.6,55.4,33.8,18.4,27.9,43.4,33.9,35.7,52.9,79.1,85.5,92.3,91.3,85.1,76.1,53.7,34.7,25.1,31.4,31.3,30.4,49.5,71.2,70.3,60.3,43.9,27,28.1,45.8,59.4,56.7,37.3,23,34.7,56.1,70.2,69.4,67.9,47.3,28.8,26.1,41.9,64.5,74.8,80.8,83.5,88.8,96.8,116.7,123.7,120,101.4,75,55.8,50.3,71.7,70.9,64.9,58.9,56.7,48.2,43.9,42.5,41.9,32.9,21.9,34.1,59.1,83.3,91.4,86.3,65.3,37.1,0,0,0,0,0,119.4,119.8,117.6,119,116.3,113.3,105.3,82.6,55.2,25.7,6.9,9.9,31.5,60.5,80.1,97.5,116.3,132.2,122.1,108.1,99,91.1,74.9,54.7,32.2,18.6,17.8,37.1,66.2,94,116.2,120.3,111.2,99.9,91.8,73.6,58.7,52.6,63.9,87.2,106.7,122.3,129.4,118.6,111.1,106.9,107.5,103.3,101.6,104.7,105.2,106,114.2,120.7,128.4,121.1,107.6,87.3,62,41.1,34.2,39.7,35.6,23,18.3,39.4,69.2,86.3,80,78.6,88.6,110.2,123.4,125.3,123.7,117.1,99.8,76.9,62,73.1,95.1,106.9,109,105.9,99.1,0,0,0,0,0,TT,O,,2021,2,3,4/11/2008,25.36214953,23.18269768,23.04399291,23.8762215,0,58.5,43,32.2,30.9,44.9,74,75.7,77.9,82.1,84.1,83.5,69.6,55.4,33.8,18.4,27.9,43.4,33.9,35.7,52.9,79.1,85.5,92.3,91.3,85.1,76.1,53.7,34.7,25.1,31.4,31.3,30.4,49.5,71.2,70.3,60.3,43.9,27,28.1,45.8,59.4,56.7,37.3,23,34.7,56.1,70.2,69.4,67.9,47.3,28.8,26.1,41.9,64.5,74.8,80.8,83.5,88.8,96.8,116.7,123.7,120,101.4,75,55.8,50.3,71.7,70.9,64.9,58.9,56.7,48.2,43.9,42.5,41.9,32.9,21.9,34.1,59.1,83.3,91.4,86.3,65.3,37.1,0,0,0,0,0,0,119.8,117.6,119,116.3,113.3,105.3,82.6,55.2,25.7,6.9,9.9,31.5,60.5,80.1,97.5,116.3,132.2,122.1,108.1,99,91.1,74.9,54.7,32.2,18.6,17.8,37.1,66.2,94,116.2,120.3,111.2,99.9,91.8,73.6,58.7,52.6,63.9,87.2,106.7,122.3,129.4,118.6,111.1,106.9,107.5,103.3,101.6,104.7,105.2,106,114.2,120.7,128.4,121.1,107.6,87.3,62,41.1,34.2,39.7,35.6,23,18.3,39.4,69.2,86.3,80,78.6,88.6,110.2,123.4,125.3,123.7,117.1,99.8,76.9,62,73.1,95.1,106.9,109,105.9,99.1,0,0,0,0,0,4931.8,7207,58.71190476,85.79761905,55,115,2,2
30,5,B,N,2,5.3,139,25,2,48,50,2,-34,1.5,0,0,0,90,2106,99,5,110.5,99.8,74.9,44.2,19.7,0,0,0,0,0,0,0,0,0,0,0,0,0,0,0,0,0,0,0,0,0,0,0,0,0,0,0,0,0,0,0,0,0,0,0,0,0,0,0,0,0,0,0,0,0,0,0,0,0,0,0,0,0,0,0,0,0,0,0,0,0,0,0,0,0,0,0,0,0,0,0,0,0,0,0,0,0,0,0,0,0,0,0,0,0,64.5,66.7,70.3,75.7,91.5,0,0,0,0,0,0,0,0,0,0,0,0,0,0,0,0,0,0,0,0,0,0,0,0,0,0,0,0,0,0,0,0,0,0,0,0,0,0,0,0,0,0,0,0,0,0,0,0,0,0,0,0,0,0,0,0,0,0,0,0,0,0,0,0,0,0,0,0,0,0,0,0,0,0,0,0,0,0,0,0,0,0,0,0,0,TT,O,,2021,3,3,4/11/2008,26.22641509,23.18269768,23.04399291,23.8762215,0,0,0,0,0,0,0,0,0,0,0,0,0,0,0,0,0,0,0,0,0,0,0,0,0,0,0,0,0,0,0,0,0,0,0,0,0,0,0,0,0,0,0,0,0,0,0,0,0,0,0,0,0,0,0,0,0,0,0,0,0,0,0,0,0,0,0,0,0,0,0,0,0,0,0,0,0,0,0,0,0,0,0,0,0,0,0,0,0,0,0,0,0,0,0,0,0,0,0,0,0,0,0,0,0,0,0,0,0,0,0,0,0,0,0,0,0,0,0,0,0,0,0,0,0,0,0,0,0,0,0,0,0,0,0,0,0,0,0,0,0,0,0,0,0,0,0,0,0,0,0,0,0,0,0,0,0,0,0,0,0,0,0,0,0,0,0,0,0,0,0,0,0,0,0,0,0,0,0,0,0,0,0,0,115,55,5,5
28,6,B,N,2,7.6,131,18,2,48,41,11,-37,1.5,1,0,0,90,2106,99,7,113.8,111.2,103.9,87.8,70,47.6,23.4,0,0,0,0,0,0,0,0,0,0,0,0,0,0,0,0,0,0,0,0,0,0,0,0,0,0,0,0,0,0,0,0,0,0,0,0,0,0,0,0,0,0,0,0,0,0,0,0,0,0,0,0,0,0,0,0,0,0,0,0,0,0,0,0,0,0,0,0,0,0,0,0,0,0,0,0,0,0,0,0,0,0,0,64.9,63.9,67.5,66.3,72,72.9,82.8,0,0,0,0,0,0,0,0,0,0,0,0,0,0,0,0,0,0,0,0,0,0,0,0,0,0,0,0,0,0,0,0,0,0,0,0,0,0,0,0,0,0,0,0,0,0,0,0,0,0,0,0,0,0,0,0,0,0,0,0,0,0,0,0,0,0,0,0,0,0,0,0,0,0,0,0,0,0,0,0,0,0,0,TT,O,,2021,4,3,4/13/2008,17.23684211,23.18269768,23.04399291,23.8762215,0,0,0,0,70,47.6,23.4,0,0,0,0,0,0,0,0,0,0,0,0,0,0,0,0,0,0,0,0,0,0,0,0,0,0,0,0,0,0,0,0,0,0,0,0,0,0,0,0,0,0,0,0,0,0,0,0,0,0,0,0,0,0,0,0,0,0,0,0,0,0,0,0,0,0,0,0,0,0,0,0,0,0,0,0,0,0,0,0,0,0,0,0,0,0,0,72,72.9,82.8,0,0,0,0,0,0,0,0,0,0,0,0,0,0,0,0,0,0,0,0,0,0,0,0,0,0,0,0,0,0,0,0,0,0,0,0,0,0,0,0,0,0,0,0,0,0,0,0,0,0,0,0,0,0,0,0,0,0,0,0,0,0,0,0,0,0,0,0,0,0,0,0,0,0,0,0,0,0,0,0,0,0,0,141,227.7,47,75.9,115,55,5,5
29,6,B,E,2,14.7,388,60,8,41,45,14,-57,1.5,1,0,0,90,2106,99,14,59.9,55,37,27.7,37.1,52.1,56.5,61,64.7,66.8,42.5,31.2,26.1,27.1,0,0,0,0,0,0,0,0,0,0,0,0,0,0,0,0,0,0,0,0,0,0,0,0,0,0,0,0,0,0,0,0,0,0,0,0,0,0,0,0,0,0,0,0,0,0,0,0,0,0,0,0,0,0,0,0,0,0,0,0,0,0,0,0,0,0,0,0,0,0,0,0,0,0,0,0,119.4,124.1,118.9,115.8,110.4,102.7,84.6,58.9,33.3,28.1,47.9,68.1,97.8,112,0,0,0,0,0,0,0,0,0,0,0,0,0,0,0,0,0,0,0,0,0,0,0,0,0,0,0,0,0,0,0,0,0,0,0,0,0,0,0,0,0,0,0,0,0,0,0,0,0,0,0,0,0,0,0,0,0,0,0,0,0,0,0,0,0,0,0,0,0,0,0,0,0,0,0,0,TT,O,,2021,5,3,4/13/2008,26.39455782,23.18269768,23.04399291,23.8762215,0,55,37,27.7,37.1,52.1,56.5,61,64.7,66.8,42.5,31.2,26.1,27.1,0,0,0,0,0,0,0,0,0,0,0,0,0,0,0,0,0,0,0,0,0,0,0,0,0,0,0,0,0,0,0,0,0,0,0,0,0,0,0,0,0,0,0,0,0,0,0,0,0,0,0,0,0,0,0,0,0,0,0,0,0,0,0,0,0,0,0,0,0,0,0,0,0,0,0,0,0,124.1,118.9,115.8,110.4,102.7,84.6,58.9,33.3,28.1,47.9,68.1,97.8,112,0,0,0,0,0,0,0,0,0,0,0,0,0,0,0,0,0,0,0,0,0,0,0,0,0,0,0,0,0,0,0,0,0,0,0,0,0,0,0,0,0,0,0,0,0,0,0,0,0,0,0,0,0,0,0,0,0,0,0,0,0,0,0,0,0,0,0,0,0,0,0,0,0,0,0,0,584.8,1102.6,44.98461538,84.81538462,55,115,2,2
30,6,B,S,2,30.7,733,50,6,72,24,4,-88,1.5,2,0,0,90,2106,99,30,55.8,49.9,39.5,33.2,28.8,16.5,7.4,23.4,30.4,22.4,37.5,56,70.7,65.5,57.4,59.7,63,48.2,25.1,7.5,36.3,36.9,24,14.5,19.3,27.4,16.9,19.7,25.4,39.5,0,0,0,0,0,0,0,0,0,0,0,0,0,0,0,0,0,0,0,0,0,0,0,0,0,0,0,0,0,0,0,0,0,0,0,0,0,0,0,0,0,0,0,0,0,0,0,0,0,0,0,0,0,0,0,0,0,0,0,0,108.8,93.8,75.3,63.9,64.3,74.7,87.7,106.5,118.1,107.2,87.3,64.4,42,32.4,34.3,49.2,58.8,74.4,85.3,89.6,85.3,78.2,75.8,76.6,82.8,99.3,102.1,100.7,87.4,64.7,0,0,0,0,0,0,0,0,0,0,0,0,0,0,0,0,0,0,0,0,0,0,0,0,0,0,0,0,0,0,0,0,0,0,0,0,0,0,0,0,0,0,0,0,0,0,0,0,0,0,0,0,0,0,0,0,0,0,0,0,FS,O,,2021,6,3,4/13/2008,23.8762215,23.18269768,23.04399291,23.8762215,0,49.9,39.5,33.2,28.8,16.5,7.4,23.4,30.4,22.4,37.5,56,70.7,65.5,57.4,59.7,63,48.2,25.1,7.5,36.3,36.9,24,14.5,19.3,27.4,16.9,19.7,25.4,39.5,0,0,0,0,0,0,0,0,0,0,0,0,0,0,0,0,0,0,0,0,0,0,0,0,0,0,0,0,0,0,0,0,0,0,0,0,0,0,0,0,0,0,0,0,0,0,0,0,0,0,0,0,0,0,0,0,0,0,0,0,0,93.8,75.3,63.9,64.3,74.7,87.7,106.5,118.1,107.2,87.3,64.4,42,32.4,34.3,49.2,58.8,74.4,85.3,89.6,85.3,78.2,75.8,76.6,82.8,99.3,102.1,100.7,87.4,64.7,0,0,0,0,0,0,0,0,0,0,0,0,0,0,0,0,0,0,0,0,0,0,0,0,0,0,0,0,0,0,0,0,0,0,0,0,0,0,0,0,0,0,0,0,0,0,0,0,0,0,0,0,0,0,0,0,0,0,0,0,1002,2262.1,34.55172414,78.00344828,55,115,2,2
1,7,A,W,2,79.7,1462,17,35,15,30,55,-62,1.5,2,4,0,90,2106,4,79,116.8,113.3,111.2,115,122.4,121.3,121.3,118,110.4,107.3,93.1,84.3,80,81.9,81.9,78.3,77.3,79.1,83,82.7,82.9,82.6,81.9,78.6,80,72.3,61.2,47.8,44,42.6,42.6,62.5,75.8,82.1,87.3,97.2,112.1,117.5,120.8,120.5,121.9,124.4,125.8,125.4,124.6,125,123.5,119.8,113.1,106.4,89.8,63.8,58.7,73.8,83.2,85.3,86.9,85.6,87.2,90.5,93.5,96.6,94.4,88.4,87.1,86.4,77.5,57.5,21.9,11.8,38.9,52.1,57.9,59.4,63.1,63.2,54,44.5,23.8,0,0,0,0,0,0,0,0,0,0,0,54,38.2,25.6,28.2,44.3,54.2,55.6,52.1,49,49,57.6,71.2,92.6,102.3,98.7,95.1,93.6,100.1,108.1,108.2,109,108.2,108.1,100.1,113.2,122.7,128.8,129.4,132,130.8,122.9,115.1,109,103.4,93.6,84,76.8,67.1,61.8,59.2,56.1,52.9,47.9,43.7,40.7,39.1,36.6,31.7,24.2,17.6,9.1,39.6,75.3,104.9,118,117.1,109.1,93.7,79.9,59.9,45.5,30.4,13.9,9.2,15.8,23,33.9,43.3,70.6,88,109.9,119.2,123.6,117.2,120.1,126.1,120,115.2,102.8,0,0,0,0,0,0,0,0,0,0,0,TT,O,,2021,1,4,4/13/2008,18.34378921,19.37111166,18.4700897,23.8762215,0,0,0,0,0,121.3,121.3,118,110.4,107.3,93.1,84.3,80,81.9,81.9,78.3,77.3,79.1,83,82.7,82.9,82.6,81.9,78.6,80,72.3,61.2,47.8,44,42.6,42.6,62.5,75.8,82.1,87.3,97.2,112.1,117.5,120.8,120.5,121.9,124.4,125.8,125.4,124.6,125,123.5,119.8,113.1,106.4,89.8,63.8,58.7,73.8,83.2,85.3,86.9,85.6,87.2,90.5,93.5,96.6,94.4,88.4,87.1,86.4,77.5,57.5,21.9,11.8,38.9,52.1,57.9,59.4,63.1,63.2,54,44.5,23.8,0,0,0,0,0,0,0,0,0,0,0,0,0,0,0,0,54.2,55.6,52.1,49,49,57.6,71.2,92.6,102.3,98.7,95.1,93.6,100.1,108.1,108.2,109,108.2,108.1,100.1,113.2,122.7,128.8,129.4,132,130.8,122.9,115.1,109,103.4,93.6,84,76.8,67.1,61.8,59.2,56.1,52.9,47.9,43.7,40.7,39.1,36.6,31.7,24.2,17.6,9.1,39.6,75.3,104.9,118,117.1,109.1,93.7,79.9,59.9,45.5,30.4,13.9,9.2,15.8,23,33.9,43.3,70.6,88,109.9,119.2,123.6,117.2,120.1,126.1,120,115.2,102.8,0,0,0,0,0,0,0,0,0,0,0,6178.9,5887.4,83.49864865,79.55945946,115,55,6,6
2,7,A,N,2,90.1,1626,44,34,17,20,63,78,1.5,0,0,0,90,2106,4,90,120.3,116.3,110.4,104.1,94.7,76.2,60.1,65.4,70.4,67.7,61,45.3,27.6,25.7,42.5,42.8,41.8,42.8,40.3,40.3,37.9,38.4,36.2,27.9,16.1,24,50.7,82.5,111.7,124.7,124.3,123.4,123,122.6,123.1,119.6,113,104.1,86.9,60.7,40.5,39.6,44.7,46.2,44.2,43.5,40.9,34.5,34.9,42.9,46.6,41.8,38.7,41.2,41,33.1,32.4,42.8,65.9,78.1,89.3,94.4,105.5,118.4,122.9,125.8,126.3,126.6,126,125.8,123.9,122.2,116.4,118.7,119,113.3,105.7,95,86.6,77.6,67.2,54.9,46.6,44.2,41.5,39.3,38.7,34.6,40.3,45,54.6,42.3,30.3,20.4,14.4,25.1,50.4,71.5,62.2,64.2,58.2,68.4,86.9,108.2,130.9,131.5,130.5,132,129.4,129.6,126.5,126.1,113.7,104,88.7,66.6,40.7,21,30.5,41.4,41.9,43,44.4,43.2,42.6,35,24.8,16.6,19.9,46.6,77.7,111,123,124.8,123,122.2,120.9,122.1,123.7,128.9,130.8,125.7,119.1,120.8,123.8,119.9,116,115,113.1,107.2,100.7,87.5,74.8,67.1,58.1,51.4,45.3,39.8,36.9,37.7,38,39,40.4,51.1,63.2,75.6,80.2,88.9,107.1,118.3,121.8,125.4,130.7,133.4,130.4,127.7,126.4,122.6,126,126.1,TT,O,,2021,2,4,4/13/2008,18.04661487,19.37111166,18.4700897,23.8762215,0,0,0,0,0,76.2,60.1,65.4,70.4,67.7,61,45.3,27.6,25.7,42.5,42.8,41.8,42.8,40.3,40.3,37.9,38.4,36.2,27.9,16.1,24,50.7,82.5,111.7,124.7,124.3,123.4,123,122.6,123.1,119.6,113,104.1,86.9,60.7,40.5,39.6,44.7,46.2,44.2,43.5,40.9,34.5,34.9,42.9,46.6,41.8,38.7,41.2,41,33.1,32.4,42.8,65.9,78.1,89.3,94.4,105.5,118.4,122.9,125.8,126.3,126.6,126,125.8,123.9,122.2,116.4,118.7,119,113.3,105.7,95,86.6,77.6,67.2,54.9,46.6,44.2,41.5,39.3,38.7,34.6,40.3,45,0,0,0,0,0,25.1,50.4,71.5,62.2,64.2,58.2,68.4,86.9,108.2,130.9,131.5,130.5,132,129.4,129.6,126.5,126.1,113.7,104,88.7,66.6,40.7,21,30.5,41.4,41.9,43,44.4,43.2,42.6,35,24.8,16.6,19.9,46.6,77.7,111,123,124.8,123,122.2,120.9,122.1,123.7,128.9,130.8,125.7,119.1,120.8,123.8,119.9,116,115,113.1,107.2,100.7,87.5,74.8,67.1,58.1,51.4,45.3,39.8,36.9,37.7,38,39,40.4,51.1,63.2,75.6,80.2,88.9,107.1,118.3,121.8,125.4,130.7,133.4,130.4,127.7,126.4,122.6,126,126.1,5965.9,7436.5,70.18705882,87.48823529,115,55,6,6
3,7,A,E,2,90.1,1720,36,25,5,22,73,-63,1.5,0,0,0,90,2106,4,90,66.4,64.3,60.7,56.9,47,44.4,47.1,55.3,66.7,78.7,87.1,93.7,103.6,113,122.2,126.7,126.7,126.1,124.6,121.1,114,106.7,97.4,85.5,77.4,71.1,70.5,65.5,57.9,51.6,46.2,45.2,43.7,41.4,39,44.1,57.1,70.7,83.1,92.6,100,105.2,108.6,109.3,107.2,104.1,102.9,103,106.5,105.2,96.5,84.3,67.4,42.8,32,42.7,48.3,43.8,43.2,44.9,46.9,45.4,48.5,53.3,53.8,64.4,82.5,105.6,123.4,126.2,124.6,123.3,123.1,119.5,114.8,111.1,104.4,96.3,86.8,79.2,70.9,64,56.9,52.2,49.1,50.5,41.1,35,42.8,43.4,126.3,125.5,124.4,130.4,131.2,132.5,127.4,121,115.2,108.1,95.6,81.4,67.4,55.7,47.5,42,37.9,38.6,40.7,41.3,40.2,43.5,51,63.8,83.9,102.1,119.4,127.7,130.3,130.6,131.7,133.6,132.1,129.3,118.9,108.4,101.2,100,101.5,97.9,92.4,86.5,82.3,77.3,66.1,49.9,31.7,15.8,28.3,38.9,47.9,52.8,52.9,67.3,94.5,123.3,133.4,130.6,132.1,131.6,128.2,125.5,119.6,105.1,87.9,68.4,48.7,38.9,42.3,39.6,35.8,36.2,43.8,52.9,64.8,79.9,82.7,94.2,105.1,113.6,120.2,122.9,122,120.8,120.3,127,122.7,122.3,131.9,131.8,TT,O,,2021,3,4,4/13/2008,19.08990011,19.37111166,18.4700897,23.8762215,0,0,60.7,56.9,47,44.4,47.1,55.3,66.7,78.7,87.1,93.7,103.6,113,122.2,126.7,126.7,126.1,124.6,121.1,114,106.7,97.4,85.5,77.4,71.1,70.5,65.5,57.9,51.6,46.2,45.2,43.7,41.4,39,44.1,57.1,70.7,83.1,92.6,100,105.2,108.6,109.3,107.2,104.1,102.9,103,106.5,105.2,96.5,84.3,67.4,42.8,32,42.7,48.3,43.8,43.2,44.9,46.9,45.4,48.5,53.3,53.8,64.4,82.5,105.6,123.4,126.2,124.6,123.3,123.1,119.5,114.8,111.1,104.4,96.3,86.8,79.2,70.9,64,56.9,52.2,49.1,50.5,41.1,35,42.8,43.4,0,0,124.4,130.4,131.2,132.5,127.4,121,115.2,108.1,95.6,81.4,67.4,55.7,47.5,42,37.9,38.6,40.7,41.3,40.2,43.5,51,63.8,83.9,102.1,119.4,127.7,130.3,130.6,131.7,133.6,132.1,129.3,118.9,108.4,101.2,100,101.5,97.9,92.4,86.5,82.3,77.3,66.1,49.9,31.7,15.8,28.3,38.9,47.9,52.8,52.9,67.3,94.5,123.3,133.4,130.6,132.1,131.6,128.2,125.5,119.6,105.1,87.9,68.4,48.7,38.9,42.3,39.6,35.8,36.2,43.8,52.9,64.8,79.9,82.7,94.2,105.1,113.6,120.2,122.9,122,120.8,120.3,127,122.7,122.3,131.9,131.8,6899.2,7876.1,78.4,89.50113636,55,115,3,3
1,8,A,E,2,90.1,1814,20,22,0,15,85,-52,1.5,0,0,0,90,2106,4,90,64.9,62.3,53,38.6,46.3,61.7,75.8,86.6,101.7,119,123.5,120.8,118.2,117.6,120.4,115.9,110,104.4,95.9,82.1,67.9,58.9,47.6,35.1,34.2,43.9,47.1,58.2,72.8,87.4,101.3,111,118.4,123.1,126,126.7,125.5,121.1,120.6,116.8,111.8,108,105.9,101.7,98.8,90.2,76.6,66.2,59.5,49.2,40.7,43.8,48.2,50.6,50.4,53.2,61.1,66.9,58.8,68.6,80.7,93,101.4,102.4,100,100.4,103.5,105.6,105.9,106.7,109.8,110,107.7,105.8,105.8,110.2,117.4,121.4,122.5,123.8,126.2,125.2,122.4,119.2,114.5,109.2,102.4,95,86.9,79.4,123.9,126.8,132.5,126.6,125.6,117.8,106.9,88.2,73,64.9,52.9,37,30.4,41,57.7,64.4,68,71.6,82.4,91.7,102.4,111.9,108.2,108,119.1,132.3,127.6,120.3,110.1,101,91.4,80.2,68.9,57.4,47.1,39.6,37.8,45.4,59.5,68.7,77.8,85.1,86.8,82.6,85.5,93.2,104.4,119.6,130.3,129,126.9,132,129.5,124.7,120.6,119,115.3,113,110,106.1,103,97.5,90.5,86.8,84.3,82.8,81.3,79.6,77.4,75.9,74.8,74.3,72.6,70.3,69,67.2,67.2,58.6,47.1,37.6,37.7,42.7,51.7,63.3,74,83.1,88.3,90.3,106,118.1,TT,O,,2021,4,4,4/14/2008,20.13318535,19.37111166,18.4700897,23.8762215,0,0,53,38.6,46.3,61.7,75.8,86.6,101.7,119,123.5,120.8,118.2,117.6,120.4,115.9,110,104.4,95.9,82.1,67.9,58.9,47.6,35.1,34.2,43.9,47.1,58.2,72.8,87.4,101.3,111,118.4,123.1,126,126.7,125.5,121.1,120.6,116.8,111.8,108,105.9,101.7,98.8,90.2,76.6,66.2,59.5,49.2,40.7,43.8,48.2,50.6,50.4,53.2,61.1,66.9,58.8,68.6,80.7,93,101.4,102.4,100,100.4,103.5,105.6,105.9,106.7,109.8,110,107.7,105.8,105.8,110.2,117.4,121.4,122.5,123.8,126.2,125.2,122.4,119.2,114.5,109.2,102.4,95,86.9,79.4,0,0,132.5,126.6,125.6,117.8,106.9,88.2,73,64.9,52.9,37,30.4,41,57.7,64.4,68,71.6,82.4,91.7,102.4,111.9,108.2,108,119.1,132.3,127.6,120.3,110.1,101,91.4,80.2,68.9,57.4,47.1,39.6,37.8,45.4,59.5,68.7,77.8,85.1,86.8,82.6,85.5,93.2,104.4,119.6,130.3,129,126.9,132,129.5,124.7,120.6,119,115.3,113,110,106.1,103,97.5,90.5,86.8,84.3,82.8,81.3,79.6,77.4,75.9,74.8,74.3,72.6,70.3,69,67.2,67.2,58.6,47.1,37.6,37.7,42.7,51.7,63.3,74,83.1,88.3,90.3,106,118.1,8059.7,7613.9,91.5875,86.52159091,55,115,3,3
2,8,A,S,2,90.1,1508,15,41,4,8,88,-136,1.5,0,0,0,90,2106,4,90,70.2,85.1,93.5,96.5,103.4,115.3,125.5,127.1,126.4,126.6,126.9,126.2,125.2,125.2,124.5,122.4,120.9,114.7,106.7,98.3,80.6,65.6,52.7,46.9,50.6,61.9,60.4,56,54.2,47.2,44.2,42.9,45.8,52.6,60.6,70.6,80.7,82.6,83.7,86.2,89.1,95.5,102.1,108.6,114.4,119.1,122.8,125.5,126.8,126.7,126.5,126.3,123.3,121.3,119.2,118.1,115.4,112.8,106.1,99.4,92.9,84.8,74.9,64.6,52.4,42.1,42.2,50.4,63.4,75.7,83.9,87.4,88,95.5,108.2,122.5,125.9,126.1,126,123.9,122.7,125.3,126.1,123.3,121,119.1,116.9,114.8,112.6,107.9,106.9,103.1,96.5,83.8,69.5,59.4,51.7,44.5,39.4,37.8,37.7,38.2,38.4,40.5,44.5,51.6,53.4,50,47.9,47.4,54.2,62.4,72.5,91.9,106.5,122.6,126.5,123.9,126.7,128.4,132.7,131.2,127.3,122,116.7,110,104.2,100.1,96.8,95.3,94.3,93.5,89.6,83.3,75.3,66.9,59.6,51.8,44.7,39,37.3,40.6,46,56.6,62.7,66,68,69.8,70.4,87.5,101.7,109.8,119.2,128.4,129.9,129.5,127.8,125.8,116.9,108.5,102.2,95.3,83.7,71.4,60.7,55.1,48.1,45.9,45.7,40.9,35.3,36.5,41.7,45.2,54.9,61.1,64.9,66.4,66.8,63.9,TT,O,,2021,5,4,4/14/2008,16.73695893,19.37111166,18.4700897,23.8762215,0,0,93.5,96.5,103.4,115.3,125.5,127.1,126.4,126.6,126.9,126.2,125.2,125.2,124.5,122.4,120.9,114.7,106.7,98.3,80.6,65.6,52.7,46.9,50.6,61.9,60.4,56,54.2,47.2,44.2,42.9,45.8,52.6,60.6,70.6,80.7,82.6,83.7,86.2,89.1,95.5,102.1,108.6,114.4,119.1,122.8,125.5,126.8,126.7,126.5,126.3,123.3,121.3,119.2,118.1,115.4,112.8,106.1,99.4,92.9,84.8,74.9,64.6,52.4,42.1,42.2,50.4,63.4,75.7,83.9,87.4,88,95.5,108.2,122.5,125.9,126.1,126,123.9,122.7,125.3,126.1,123.3,121,119.1,116.9,114.8,112.6,107.9,0,0,96.5,83.8,69.5,59.4,51.7,44.5,39.4,37.8,37.7,38.2,38.4,40.5,44.5,51.6,53.4,50,47.9,47.4,54.2,62.4,72.5,91.9,106.5,122.6,126.5,123.9,126.7,128.4,132.7,131.2,127.3,122,116.7,110,104.2,100.1,96.8,95.3,94.3,93.5,89.6,83.3,75.3,66.9,59.6,51.8,44.7,39,37.3,40.6,46,56.6,62.7,66,68,69.8,70.4,87.5,101.7,109.8,119.2,128.4,129.9,129.5,127.8,125.8,116.9,108.5,102.2,95.3,83.7,71.4,60.7,55.1,48.1,45.9,45.7,40.9,35.3,36.5,41.7,45.2,54.9,61.1,64.9,66.4,66.8,63.9,8550.8,6770.2,97.16818182,76.93409091,55,115,3,3
3,8,A,N,2,30.7,733,20,23,0,6,94,-51,1.5,0,0,0,90,2106,4,30,110.6,102.7,95.2,87.5,75.2,65,53.6,44.9,44.8,54.7,67.3,81.6,96.9,108.8,118.1,123.9,125.7,125.9,125.5,123.5,121.2,117.9,114.1,110,105.6,99.5,91.5,82.9,71.3,59.7,0,0,0,0,0,0,0,0,0,0,0,0,0,0,0,0,0,0,0,0,0,0,0,0,0,0,0,0,0,0,0,0,0,0,0,0,0,0,0,0,0,0,0,0,0,0,0,0,0,0,0,0,0,0,0,0,0,0,0,0,70.9,76.5,92.8,110.6,120.7,127,133.2,133.7,130.3,122.7,114.3,104.3,92.8,78.6,64.6,51.6,40.8,37,40.4,46,57.6,66.7,73.7,78.9,82.5,90,103,116.2,124.7,128.2,0,0,0,0,0,0,0,0,0,0,0,0,0,0,0,0,0,0,0,0,0,0,0,0,0,0,0,0,0,0,0,0,0,0,0,0,0,0,0,0,0,0,0,0,0,0,0,0,0,0,0,0,0,0,0,0,0,0,0,0,FS,O,,2021,6,4,4/14/2008,23.8762215,19.37111166,18.4700897,23.8762215,0,0,0,0,75.2,65,53.6,44.9,44.8,54.7,67.3,81.6,96.9,108.8,118.1,123.9,125.7,125.9,125.5,123.5,121.2,117.9,114.1,110,105.6,99.5,91.5,82.9,71.3,59.7,0,0,0,0,0,0,0,0,0,0,0,0,0,0,0,0,0,0,0,0,0,0,0,0,0,0,0,0,0,0,0,0,0,0,0,0,0,0,0,0,0,0,0,0,0,0,0,0,0,0,0,0,0,0,0,0,0,0,0,0,0,0,0,0,120.7,127,133.2,133.7,130.3,122.7,114.3,104.3,92.8,78.6,64.6,51.6,40.8,37,40.4,46,57.6,66.7,73.7,78.9,82.5,90,103,116.2,124.7,128.2,0,0,0,0,0,0,0,0,0,0,0,0,0,0,0,0,0,0,0,0,0,0,0,0,0,0,0,0,0,0,0,0,0,0,0,0,0,0,0,0,0,0,0,0,0,0,0,0,0,0,0,0,0,0,0,0,0,0,0,0,2409.1,2359.5,92.65769231,90.75,115,55,5,5
7,7,A,W,2,90.1,1663,18,35,41,50,9,-29,1.5,1,1,0,90,2106,11,90,114.3,110.4,108.9,105,101.1,99.3,99,99.5,100.1,100.5,101.5,102.2,103.3,104.5,107.2,108,110.8,112.5,110.3,110.6,96,64,40.8,52.2,66.6,75.7,83,85.8,88.9,78.2,58.5,39.1,18.7,15.9,32.3,49,67.9,81.1,90.6,95.2,92,87,80.3,71.3,59.2,32.4,18.4,32.5,56.6,71.5,80.7,81.1,63.2,26.6,13.8,29.8,45.9,57.4,69.7,81.6,92.4,97.5,92.9,93,83,66,48.8,33.5,52.9,52.6,44.9,37.2,37.9,19.8,24.1,43.2,57.5,76.4,87.9,89.1,88.3,84.4,77.3,73.9,83.5,95.8,101.8,104.2,98,86.1,49.9,46.9,46.1,40.5,34.8,27.6,22.1,17.6,14.7,12.1,12.3,13.1,14.8,17.2,20.2,22.5,24.4,24,22.3,23.5,26.3,37,53.2,66.9,64.4,58,54.6,57.5,59.3,41,39,51.9,71,89.4,94,87.8,81.5,70,62.4,52.1,27.2,8.8,27.7,54.7,71.3,82.4,77.9,57.3,32.8,18.3,14.1,25.9,42,66.2,86.3,97.2,101.5,96.5,91.1,91.4,95.5,101.4,90.6,87.3,89.5,88.9,96.1,106.6,131.6,128.5,117.7,108.2,107.4,92.2,71.1,62.9,63.1,72.5,65.3,52.2,35,22.3,14.3,30.8,51.9,64.4,76.6,81.9,89.2,93.6,TT,O,,2021,1,4,4/13/2008,18.4572697,17.95351907,17.38888308,20.77669903,0,0,0,0,0,0,99,99.5,100.1,100.5,101.5,102.2,103.3,104.5,107.2,108,110.8,112.5,110.3,110.6,96,64,40.8,52.2,66.6,75.7,83,85.8,88.9,78.2,58.5,39.1,18.7,15.9,32.3,49,67.9,81.1,90.6,95.2,92,87,80.3,71.3,59.2,32.4,18.4,32.5,56.6,71.5,80.7,81.1,63.2,26.6,13.8,29.8,45.9,57.4,69.7,81.6,92.4,97.5,92.9,93,83,66,48.8,33.5,52.9,52.6,44.9,37.2,37.9,19.8,24.1,43.2,57.5,76.4,87.9,89.1,88.3,84.4,77.3,73.9,83.5,95.8,101.8,104.2,98,86.1,0,0,0,0,0,0,22.1,17.6,14.7,12.1,12.3,13.1,14.8,17.2,20.2,22.5,24.4,24,22.3,23.5,26.3,37,53.2,66.9,64.4,58,54.6,57.5,59.3,41,39,51.9,71,89.4,94,87.8,81.5,70,62.4,52.1,27.2,8.8,27.7,54.7,71.3,82.4,77.9,57.3,32.8,18.3,14.1,25.9,42,66.2,86.3,97.2,101.5,96.5,91.1,91.4,95.5,101.4,90.6,87.3,89.5,88.9,96.1,106.6,131.6,128.5,117.7,108.2,107.4,92.2,71.1,62.9,63.1,72.5,65.3,52.2,35,22.3,14.3,30.8,51.9,64.4,76.6,81.9,89.2,93.6,6024.4,5037.3,71.71904762,59.96785714,115,55,7,7
8,7,A,N,2,29.1,495,10,48,67,29,4,76,1.5,0,2,0,90,2106,11,29,115.8,116.1,114.4,112.4,108.5,101.1,83.5,77.2,82.7,86.7,87.1,83.5,83.4,74.3,52.1,43.1,51.4,60.3,70.7,80.7,86.1,88.2,83.6,76.9,64.6,55,33.5,19.3,29.9,0,0,0,0,0,0,0,0,0,0,0,0,0,0,0,0,0,0,0,0,0,0,0,0,0,0,0,0,0,0,0,0,0,0,0,0,0,0,0,0,0,0,0,0,0,0,0,0,0,0,0,0,0,0,0,0,0,0,0,0,0,57,55.6,53.5,44.2,31.9,17.1,18.4,33.6,44.7,40.2,41.1,23.3,10.9,18.6,39.9,47.4,45.8,45,36.8,44.8,51.2,52.8,57.9,70.7,82.1,89.9,91.4,99,105.6,0,0,0,0,0,0,0,0,0,0,0,0,0,0,0,0,0,0,0,0,0,0,0,0,0,0,0,0,0,0,0,0,0,0,0,0,0,0,0,0,0,0,0,0,0,0,0,0,0,0,0,0,0,0,0,0,0,0,0,0,0,TT,O,,2021,2,4,4/13/2008,17.01030928,17.95351907,17.38888308,20.77669903,0,0,0,0,0,0,83.5,77.2,82.7,86.7,87.1,83.5,83.4,74.3,52.1,43.1,51.4,60.3,70.7,80.7,86.1,88.2,83.6,76.9,64.6,55,33.5,19.3,29.9,0,0,0,0,0,0,0,0,0,0,0,0,0,0,0,0,0,0,0,0,0,0,0,0,0,0,0,0,0,0,0,0,0,0,0,0,0,0,0,0,0,0,0,0,0,0,0,0,0,0,0,0,0,0,0,0,0,0,0,0,0,0,0,0,0,0,0,18.4,33.6,44.7,40.2,41.1,23.3,10.9,18.6,39.9,47.4,45.8,45,36.8,44.8,51.2,52.8,57.9,70.7,82.1,89.9,91.4,99,105.6,0,0,0,0,0,0,0,0,0,0,0,0,0,0,0,0,0,0,0,0,0,0,0,0,0,0,0,0,0,0,0,0,0,0,0,0,0,0,0,0,0,0,0,0,0,0,0,0,0,0,0,0,0,0,0,0,0,0,0,0,0,1553.8,1191.1,67.55652174,51.78695652,115,55,7,7
9,7,A,E,2,12.3,227,18,1,35,54,11,59,1.5,0,0,0,90,2106,11,12,57.6,63.5,49.7,48.3,52.6,60.6,75.8,82.7,85,74.6,52.6,26.1,0,0,0,0,0,0,0,0,0,0,0,0,0,0,0,0,0,0,0,0,0,0,0,0,0,0,0,0,0,0,0,0,0,0,0,0,0,0,0,0,0,0,0,0,0,0,0,0,0,0,0,0,0,0,0,0,0,0,0,0,0,0,0,0,0,0,0,0,0,0,0,0,0,0,0,0,0,0,112.3,120.8,110.8,94.9,80.1,68.1,70.7,78.3,82.8,86.2,88.4,92.9,0,0,0,0,0,0,0,0,0,0,0,0,0,0,0,0,0,0,0,0,0,0,0,0,0,0,0,0,0,0,0,0,0,0,0,0,0,0,0,0,0,0,0,0,0,0,0,0,0,0,0,0,0,0,0,0,0,0,0,0,0,0,0,0,0,0,0,0,0,0,0,0,0,0,0,0,0,0,TT,O,,2021,3,4,4/13/2008,18.45528455,17.95351907,17.38888308,20.77669903,0,0,49.7,48.3,52.6,60.6,75.8,82.7,85,74.6,52.6,26.1,0,0,0,0,0,0,0,0,0,0,0,0,0,0,0,0,0,0,0,0,0,0,0,0,0,0,0,0,0,0,0,0,0,0,0,0,0,0,0,0,0,0,0,0,0,0,0,0,0,0,0,0,0,0,0,0,0,0,0,0,0,0,0,0,0,0,0,0,0,0,0,0,0,0,0,0,0,0,0,0,110.8,94.9,80.1,68.1,70.7,78.3,82.8,86.2,88.4,92.9,0,0,0,0,0,0,0,0,0,0,0,0,0,0,0,0,0,0,0,0,0,0,0,0,0,0,0,0,0,0,0,0,0,0,0,0,0,0,0,0,0,0,0,0,0,0,0,0,0,0,0,0,0,0,0,0,0,0,0,0,0,0,0,0,0,0,0,0,0,0,0,0,0,0,0,0,0,0,608,853.2,60.8,85.32,55,115,3,3
7,8,A,E,2,38.6,505,38,8,75,20,5,23,1.5,1,0,0,90,2106,11,38,64.6,56,45.1,43.2,41.3,39.6,40.1,41.2,15.3,11.2,13.4,19.4,29.2,44.1,49.4,53.7,50.3,46.5,43.1,41.7,39.1,39.3,39,39.7,39.4,39.7,40.3,40.7,41.9,42.9,33.9,17.3,19.7,36,46.5,51.2,41.9,24.8,0,0,0,0,0,0,0,0,0,0,0,0,0,0,0,0,0,0,0,0,0,0,0,0,0,0,0,0,0,0,0,0,0,0,0,0,0,0,0,0,0,0,0,0,0,0,0,0,0,0,0,0,122.1,113.8,100.8,98.9,96.5,95.1,95.2,106.7,90.7,81.4,81.8,81.9,75.2,60.4,56.2,43.4,39.8,43.2,48.7,53,58.9,63.1,65.7,68.4,72.4,76,79,81.7,83.7,85.8,94.8,88.3,71.6,59.8,61.1,61.9,80.7,94.7,0,0,0,0,0,0,0,0,0,0,0,0,0,0,0,0,0,0,0,0,0,0,0,0,0,0,0,0,0,0,0,0,0,0,0,0,0,0,0,0,0,0,0,0,0,0,0,0,0,0,0,0,TT,O,,2021,4,4,4/14/2008,13.08290155,17.95351907,17.38888308,20.77669903,0,0,45.1,43.2,41.3,39.6,40.1,41.2,15.3,11.2,13.4,19.4,29.2,44.1,49.4,53.7,50.3,46.5,43.1,41.7,39.1,39.3,39,39.7,39.4,39.7,40.3,40.7,41.9,42.9,33.9,17.3,19.7,36,46.5,51.2,41.9,24.8,0,0,0,0,0,0,0,0,0,0,0,0,0,0,0,0,0,0,0,0,0,0,0,0,0,0,0,0,0,0,0,0,0,0,0,0,0,0,0,0,0,0,0,0,0,0,0,0,0,0,0,0,0,0,100.8,98.9,96.5,95.1,95.2,106.7,90.7,81.4,81.8,81.9,75.2,60.4,56.2,43.4,39.8,43.2,48.7,53,58.9,63.1,65.7,68.4,72.4,76,79,81.7,83.7,85.8,94.8,88.3,71.6,59.8,61.1,61.9,80.7,94.7,0,0,0,0,0,0,0,0,0,0,0,0,0,0,0,0,0,0,0,0,0,0,0,0,0,0,0,0,0,0,0,0,0,0,0,0,0,0,0,0,0,0,0,0,0,0,0,0,0,0,0,0,1341.1,2696.5,37.25277778,74.90277778,55,115,3,3
8,8,A,S,2,16.3,325,45,2,69,23,8,-115,1.5,1,0,0,90,2106,11,16,54.4,57.8,47.9,37.1,23.1,21,36.8,53.7,56.8,61.5,57.1,48.7,33.3,24.1,22.1,12.5,0,0,0,0,0,0,0,0,0,0,0,0,0,0,0,0,0,0,0,0,0,0,0,0,0,0,0,0,0,0,0,0,0,0,0,0,0,0,0,0,0,0,0,0,0,0,0,0,0,0,0,0,0,0,0,0,0,0,0,0,0,0,0,0,0,0,0,0,0,0,0,0,0,0,111.2,97,82.2,72.3,69.8,72.8,82.4,85.2,79.3,82.4,69.6,52.8,56.8,82,103.7,100.9,0,0,0,0,0,0,0,0,0,0,0,0,0,0,0,0,0,0,0,0,0,0,0,0,0,0,0,0,0,0,0,0,0,0,0,0,0,0,0,0,0,0,0,0,0,0,0,0,0,0,0,0,0,0,0,0,0,0,0,0,0,0,0,0,0,0,0,0,0,0,0,0,0,0,TT,O,,2021,5,4,4/14/2008,19.93865031,17.95351907,17.38888308,20.77669903,0,0,47.9,37.1,23.1,21,36.8,53.7,56.8,61.5,57.1,48.7,33.3,24.1,22.1,12.5,0,0,0,0,0,0,0,0,0,0,0,0,0,0,0,0,0,0,0,0,0,0,0,0,0,0,0,0,0,0,0,0,0,0,0,0,0,0,0,0,0,0,0,0,0,0,0,0,0,0,0,0,0,0,0,0,0,0,0,0,0,0,0,0,0,0,0,0,0,0,0,0,0,0,0,0,82.2,72.3,69.8,72.8,82.4,85.2,79.3,82.4,69.6,52.8,56.8,82,103.7,100.9,0,0,0,0,0,0,0,0,0,0,0,0,0,0,0,0,0,0,0,0,0,0,0,0,0,0,0,0,0,0,0,0,0,0,0,0,0,0,0,0,0,0,0,0,0,0,0,0,0,0,0,0,0,0,0,0,0,0,0,0,0,0,0,0,0,0,0,0,0,0,0,0,0,0,535.7,1092.2,38.26428571,78.01428571,55,115,3,3
9,8,A,N,2,30.9,642,25,25,76,23,1,50,1.5,1,0,0,90,2106,11,30,111.9,111,105,90,68.7,43.8,47.5,57,58.4,59,55.6,49.1,42.4,42.8,32.2,16.5,5.3,10.8,12.3,13.5,26,61.7,73.3,74.9,66.9,55.7,52.3,54.8,55.1,40.2,0,0,0,0,0,0,0,0,0,0,0,0,0,0,0,0,0,0,0,0,0,0,0,0,0,0,0,0,0,0,0,0,0,0,0,0,0,0,0,0,0,0,0,0,0,0,0,0,0,0,0,0,0,0,0,0,0,0,0,0,54.2,48.2,36.1,20.7,22.8,54.5,69.1,62.9,66.8,62,48.2,41.6,57,76.8,97.7,95.7,88.2,78.7,79.8,77.7,69.9,59.8,45,31.1,27.2,36.1,55.9,70,87.5,96.3,0,0,0,0,0,0,0,0,0,0,0,0,0,0,0,0,0,0,0,0,0,0,0,0,0,0,0,0,0,0,0,0,0,0,0,0,0,0,0,0,0,0,0,0,0,0,0,0,0,0,0,0,0,0,0,0,0,0,0,0,FS,O,,2021,6,4,4/14/2008,20.77669903,17.95351907,17.38888308,20.77669903,0,0,0,0,0,43.8,47.5,57,58.4,59,55.6,49.1,42.4,42.8,32.2,16.5,5.3,10.8,12.3,13.5,26,61.7,73.3,74.9,66.9,55.7,52.3,54.8,55.1,40.2,0,0,0,0,0,0,0,0,0,0,0,0,0,0,0,0,0,0,0,0,0,0,0,0,0,0,0,0,0,0,0,0,0,0,0,0,0,0,0,0,0,0,0,0,0,0,0,0,0,0,0,0,0,0,0,0,0,0,0,0,0,0,0,0,0,54.5,69.1,62.9,66.8,62,48.2,41.6,57,76.8,97.7,95.7,88.2,78.7,79.8,77.7,69.9,59.8,45,31.1,27.2,36.1,55.9,70,87.5,96.3,0,0,0,0,0,0,0,0,0,0,0,0,0,0,0,0,0,0,0,0,0,0,0,0,0,0,0,0,0,0,0,0,0,0,0,0,0,0,0,0,0,0,0,0,0,0,0,0,0,0,0,0,0,0,0,0,0,0,0,0,1107.1,1635.5,44.284,65.42,115,55,6,6
10,7,A,W,2,21.6,273,15,30,9,59,32,-54,1.5,0,0,0,90,2106,22,21,117.7,111.1,105.3,100.5,98.1,95.2,91.6,86.8,83.2,80.3,77.8,75.5,74.1,72.9,70.9,71.1,71.6,68.9,56.1,39.4,29.2,0,0,0,0,0,0,0,0,0,0,0,0,0,0,0,0,0,0,0,0,0,0,0,0,0,0,0,0,0,0,0,0,0,0,0,0,0,0,0,0,0,0,0,0,0,0,0,0,0,0,0,0,0,0,0,0,0,0,0,0,0,0,0,0,0,0,0,0,0,52.9,40.1,25.3,12.7,21,37.5,52.2,66.3,79.1,89,95.3,100.7,105.3,110,112,114.8,117.5,122.9,119.8,109.2,100.3,0,0,0,0,0,0,0,0,0,0,0,0,0,0,0,0,0,0,0,0,0,0,0,0,0,0,0,0,0,0,0,0,0,0,0,0,0,0,0,0,0,0,0,0,0,0,0,0,0,0,0,0,0,0,0,0,0,0,0,0,0,0,0,0,0,0,0,0,0,TT,O,,2021,1,4,4/13/2008,12.63888889,18.44321631,18.12538708,20.03236246,0,0,0,0,0,95.2,91.6,86.8,83.2,80.3,77.8,75.5,74.1,72.9,70.9,71.1,71.6,68.9,56.1,39.4,29.2,0,0,0,0,0,0,0,0,0,0,0,0,0,0,0,0,0,0,0,0,0,0,0,0,0,0,0,0,0,0,0,0,0,0,0,0,0,0,0,0,0,0,0,0,0,0,0,0,0,0,0,0,0,0,0,0,0,0,0,0,0,0,0,0,0,0,0,0,0,0,0,0,0,0,37.5,52.2,66.3,79.1,89,95.3,100.7,105.3,110,112,114.8,117.5,122.9,119.8,109.2,100.3,0,0,0,0,0,0,0,0,0,0,0,0,0,0,0,0,0,0,0,0,0,0,0,0,0,0,0,0,0,0,0,0,0,0,0,0,0,0,0,0,0,0,0,0,0,0,0,0,0,0,0,0,0,0,0,0,0,0,0,0,0,0,0,0,0,0,0,0,0,1144.6,1531.9,71.5375,95.74375,115,55,6,6
11,7,A,N,2,17,383,73,12,46,41,13,5,1.5,1,0,0,90,2106,22,16,109.9,97.8,76.6,53.4,31.9,22.2,34,43.6,42.1,41.4,34.1,15.5,15.3,19.8,26.6,25.3,0,0,0,0,0,0,0,0,0,0,0,0,0,0,0,0,0,0,0,0,0,0,0,0,0,0,0,0,0,0,0,0,0,0,0,0,0,0,0,0,0,0,0,0,0,0,0,0,0,0,0,0,0,0,0,0,0,0,0,0,0,0,0,0,0,0,0,0,0,0,0,0,0,0,57.7,47.4,44.1,52.6,72.8,96.8,120.1,132.5,121.8,105.5,88.5,77.5,80.5,89.3,107.8,113.3,0,0,0,0,0,0,0,0,0,0,0,0,0,0,0,0,0,0,0,0,0,0,0,0,0,0,0,0,0,0,0,0,0,0,0,0,0,0,0,0,0,0,0,0,0,0,0,0,0,0,0,0,0,0,0,0,0,0,0,0,0,0,0,0,0,0,0,0,0,0,0,0,0,0,TT,O,,2021,2,4,4/13/2008,22.52941176,18.44321631,18.12538708,20.03236246,0,0,0,0,0,22.2,34,43.6,42.1,41.4,34.1,15.5,15.3,19.8,26.6,25.3,0,0,0,0,0,0,0,0,0,0,0,0,0,0,0,0,0,0,0,0,0,0,0,0,0,0,0,0,0,0,0,0,0,0,0,0,0,0,0,0,0,0,0,0,0,0,0,0,0,0,0,0,0,0,0,0,0,0,0,0,0,0,0,0,0,0,0,0,0,0,0,0,0,0,0,0,0,0,0,96.8,120.1,132.5,121.8,105.5,88.5,77.5,80.5,89.3,107.8,113.3,0,0,0,0,0,0,0,0,0,0,0,0,0,0,0,0,0,0,0,0,0,0,0,0,0,0,0,0,0,0,0,0,0,0,0,0,0,0,0,0,0,0,0,0,0,0,0,0,0,0,0,0,0,0,0,0,0,0,0,0,0,0,0,0,0,0,0,0,0,0,0,0,0,0,319.9,1133.6,29.08181818,103.0545455,115,55,6,6
12,7,A,E,2,10.4,228,18,3,62,28,10,66,1.5,1,0,0,90,2106,22,10,70.4,62.2,58.9,48.2,45,49.8,53,52.2,33.5,16.6,0,0,0,0,0,0,0,0,0,0,0,0,0,0,0,0,0,0,0,0,0,0,0,0,0,0,0,0,0,0,0,0,0,0,0,0,0,0,0,0,0,0,0,0,0,0,0,0,0,0,0,0,0,0,0,0,0,0,0,0,0,0,0,0,0,0,0,0,0,0,0,0,0,0,0,0,0,0,0,0,122.4,104.7,96.8,75.1,54.8,41.2,50.4,69.2,87.2,97.8,0,0,0,0,0,0,0,0,0,0,0,0,0,0,0,0,0,0,0,0,0,0,0,0,0,0,0,0,0,0,0,0,0,0,0,0,0,0,0,0,0,0,0,0,0,0,0,0,0,0,0,0,0,0,0,0,0,0,0,0,0,0,0,0,0,0,0,0,0,0,0,0,0,0,0,0,0,0,0,0,TT,O,,2021,3,4,4/13/2008,21.92307692,18.44321631,18.12538708,20.03236246,0,0,58.9,48.2,45,49.8,53,52.2,33.5,16.6,0,0,0,0,0,0,0,0,0,0,0,0,0,0,0,0,0,0,0,0,0,0,0,0,0,0,0,0,0,0,0,0,0,0,0,0,0,0,0,0,0,0,0,0,0,0,0,0,0,0,0,0,0,0,0,0,0,0,0,0,0,0,0,0,0,0,0,0,0,0,0,0,0,0,0,0,0,0,0,0,0,0,96.8,75.1,54.8,41.2,50.4,69.2,87.2,97.8,0,0,0,0,0,0,0,0,0,0,0,0,0,0,0,0,0,0,0,0,0,0,0,0,0,0,0,0,0,0,0,0,0,0,0,0,0,0,0,0,0,0,0,0,0,0,0,0,0,0,0,0,0,0,0,0,0,0,0,0,0,0,0,0,0,0,0,0,0,0,0,0,0,0,0,0,0,0,0,0,357.2,572.5,44.65,71.5625,55,115,3,3
10,8,A,E,2,9.2,96,43,4,61,31,8,33,1.5,1,0,0,90,2106,22,9,61.2,52.5,50.9,44.4,38,33.2,28.7,26,19.3,0,0,0,0,0,0,0,0,0,0,0,0,0,0,0,0,0,0,0,0,0,0,0,0,0,0,0,0,0,0,0,0,0,0,0,0,0,0,0,0,0,0,0,0,0,0,0,0,0,0,0,0,0,0,0,0,0,0,0,0,0,0,0,0,0,0,0,0,0,0,0,0,0,0,0,0,0,0,0,0,0,116.1,104.9,102.2,93.4,85.3,79.8,73.4,69.5,71.5,0,0,0,0,0,0,0,0,0,0,0,0,0,0,0,0,0,0,0,0,0,0,0,0,0,0,0,0,0,0,0,0,0,0,0,0,0,0,0,0,0,0,0,0,0,0,0,0,0,0,0,0,0,0,0,0,0,0,0,0,0,0,0,0,0,0,0,0,0,0,0,0,0,0,0,0,0,0,0,0,0,TT,O,,2021,4,4,4/14/2008,10.43478261,18.44321631,18.12538708,20.03236246,0,0,50.9,44.4,38,33.2,28.7,26,19.3,0,0,0,0,0,0,0,0,0,0,0,0,0,0,0,0,0,0,0,0,0,0,0,0,0,0,0,0,0,0,0,0,0,0,0,0,0,0,0,0,0,0,0,0,0,0,0,0,0,0,0,0,0,0,0,0,0,0,0,0,0,0,0,0,0,0,0,0,0,0,0,0,0,0,0,0,0,0,0,0,0,0,0,102.2,93.4,85.3,79.8,73.4,69.5,71.5,0,0,0,0,0,0,0,0,0,0,0,0,0,0,0,0,0,0,0,0,0,0,0,0,0,0,0,0,0,0,0,0,0,0,0,0,0,0,0,0,0,0,0,0,0,0,0,0,0,0,0,0,0,0,0,0,0,0,0,0,0,0,0,0,0,0,0,0,0,0,0,0,0,0,0,0,0,0,0,0,0,240.5,575.1,34.35714286,82.15714286,55,115,3,3
11,8,A,S,2,12.9,298,10,29,71,25,4,-84,1.5,0,1,0,90,2106,22,12,56.9,59.4,70.4,83.1,85.4,85.7,85,83.1,73.4,70.8,59.7,38.5,0,0,0,0,0,0,0,0,0,0,0,0,0,0,0,0,0,0,0,0,0,0,0,0,0,0,0,0,0,0,0,0,0,0,0,0,0,0,0,0,0,0,0,0,0,0,0,0,0,0,0,0,0,0,0,0,0,0,0,0,0,0,0,0,0,0,0,0,0,0,0,0,0,0,0,0,0,0,103.9,79.8,59.7,41.2,20.3,8.8,27,39.4,59.9,79.7,87.9,89.4,0,0,0,0,0,0,0,0,0,0,0,0,0,0,0,0,0,0,0,0,0,0,0,0,0,0,0,0,0,0,0,0,0,0,0,0,0,0,0,0,0,0,0,0,0,0,0,0,0,0,0,0,0,0,0,0,0,0,0,0,0,0,0,0,0,0,0,0,0,0,0,0,0,0,0,0,0,0,TT,O,,2021,5,4,4/14/2008,23.10077519,18.44321631,18.12538708,20.03236246,0,0,70.4,83.1,85.4,85.7,85,83.1,73.4,70.8,59.7,38.5,0,0,0,0,0,0,0,0,0,0,0,0,0,0,0,0,0,0,0,0,0,0,0,0,0,0,0,0,0,0,0,0,0,0,0,0,0,0,0,0,0,0,0,0,0,0,0,0,0,0,0,0,0,0,0,0,0,0,0,0,0,0,0,0,0,0,0,0,0,0,0,0,0,0,0,0,0,0,0,0,59.7,41.2,20.3,8.8,27,39.4,59.9,79.7,87.9,89.4,0,0,0,0,0,0,0,0,0,0,0,0,0,0,0,0,0,0,0,0,0,0,0,0,0,0,0,0,0,0,0,0,0,0,0,0,0,0,0,0,0,0,0,0,0,0,0,0,0,0,0,0,0,0,0,0,0,0,0,0,0,0,0,0,0,0,0,0,0,0,0,0,0,0,0,0,0,0,735.1,513.3,73.51,51.33,55,115,3,3
12,8,A,N,2,30.9,619,54,9,71,19,10,22,1.5,2,0,0,90,2106,22,30,114.2,104.8,87.2,66.2,47.4,28.2,17.7,13.4,10.3,13.6,20.8,27.2,18.5,22.1,39,44.7,46.6,35.8,21.9,20,39.5,43.2,19.2,5.5,8.8,28.1,49.3,68.2,65.6,61.8,0,0,0,0,0,0,0,0,0,0,0,0,0,0,0,0,0,0,0,0,0,0,0,0,0,0,0,0,0,0,0,0,0,0,0,0,0,0,0,0,0,0,0,0,0,0,0,0,0,0,0,0,0,0,0,0,0,0,0,0,59.6,50.7,49.7,58.5,72.6,81.9,95.9,92.6,83.6,85.1,89,95.1,94.3,78,71.1,73.3,77,82.8,77.4,71.5,64.8,73.3,84.3,91,94.7,110.2,122.9,129,112.2,97.4,0,0,0,0,0,0,0,0,0,0,0,0,0,0,0,0,0,0,0,0,0,0,0,0,0,0,0,0,0,0,0,0,0,0,0,0,0,0,0,0,0,0,0,0,0,0,0,0,0,0,0,0,0,0,0,0,0,0,0,0,FS,O,,2021,6,4,4/14/2008,20.03236246,18.44321631,18.12538708,20.03236246,0,0,0,0,0,28.2,17.7,13.4,10.3,13.6,20.8,27.2,18.5,22.1,39,44.7,46.6,35.8,21.9,20,39.5,43.2,19.2,5.5,8.8,28.1,49.3,68.2,65.6,61.8,0,0,0,0,0,0,0,0,0,0,0,0,0,0,0,0,0,0,0,0,0,0,0,0,0,0,0,0,0,0,0,0,0,0,0,0,0,0,0,0,0,0,0,0,0,0,0,0,0,0,0,0,0,0,0,0,0,0,0,0,0,0,0,0,0,81.9,95.9,92.6,83.6,85.1,89,95.1,94.3,78,71.1,73.3,77,82.8,77.4,71.5,64.8,73.3,84.3,91,94.7,110.2,122.9,129,112.2,97.4,0,0,0,0,0,0,0,0,0,0,0,0,0,0,0,0,0,0,0,0,0,0,0,0,0,0,0,0,0,0,0,0,0,0,0,0,0,0,0,0,0,0,0,0,0,0,0,0,0,0,0,0,0,0,0,0,0,0,0,0,769,2228.4,30.76,89.136,115,55,6,6
16,7,A,W,2,79,2134,36,22,46,21,33,-42,1.5,4,1,0,90,2106,24,78,109.2,93.8,74.1,51.5,29.5,11.2,28.9,35.5,30.7,18,26.1,50.8,70.5,95.4,117.1,126.4,126.5,124.5,120.1,114,104.2,93.4,83.3,70.4,53.3,41.5,39.9,42.8,40,27.4,12.4,17.2,27,21.3,27.9,46.8,59.9,61.4,56.5,67.9,83.2,79,76.3,66.8,79,82,68.6,42.7,14.4,17.2,46.1,73.8,94.9,94.8,87.8,80.1,73.7,60.6,31.4,40.9,53.5,58.2,46.6,33.2,42.5,40.3,35.2,39,60.5,79,84.3,95.3,112.6,114.3,108.1,108.1,74.1,43.7,0,0,0,0,0,0,0,0,0,0,0,0,44.6,28.7,28.1,39.1,65.4,86.4,61,57.9,69.3,78.2,80.7,68.8,55.3,42.5,41.5,40.4,38.2,43.8,59.3,74.6,84.9,96,111.1,125.9,131.5,128,112.8,84,64.4,64.5,79.9,98.6,114.8,99.2,79.6,45.8,34.4,49.3,67.6,108.8,118.4,105.1,99.2,62.8,54.6,58.2,68.1,71.8,81.4,89.9,91.8,99.1,94.4,75.5,49,22.6,16.4,31.9,68.6,103.6,117.5,127.9,125,122.1,130.4,123,108.9,71.4,40,21.6,8.8,27.4,51.4,55.3,80.8,80.8,114.8,125.1,0,0,0,0,0,0,0,0,0,0,0,0,TT,O,,2021,1,4,4/13/2008,27.01265823,25.10029864,24.83464409,26.42857143,0,0,0,0,29.5,11.2,28.9,35.5,30.7,18,26.1,50.8,70.5,95.4,117.1,126.4,126.5,124.5,120.1,114,104.2,93.4,83.3,70.4,53.3,41.5,39.9,42.8,40,27.4,12.4,17.2,27,21.3,27.9,46.8,59.9,61.4,56.5,67.9,83.2,79,76.3,66.8,79,82,68.6,42.7,14.4,17.2,46.1,73.8,94.9,94.8,87.8,80.1,73.7,60.6,31.4,40.9,53.5,58.2,46.6,33.2,42.5,40.3,35.2,39,60.5,79,84.3,95.3,112.6,114.3,108.1,108.1,74.1,43.7,0,0,0,0,0,0,0,0,0,0,0,0,0,0,0,0,65.4,86.4,61,57.9,69.3,78.2,80.7,68.8,55.3,42.5,41.5,40.4,38.2,43.8,59.3,74.6,84.9,96,111.1,125.9,131.5,128,112.8,84,64.4,64.5,79.9,98.6,114.8,99.2,79.6,45.8,34.4,49.3,67.6,108.8,118.4,105.1,99.2,62.8,54.6,58.2,68.1,71.8,81.4,89.9,91.8,99.1,94.4,75.5,49,22.6,16.4,31.9,68.6,103.6,117.5,127.9,125,122.1,130.4,123,108.9,71.4,40,21.6,8.8,27.4,51.4,55.3,80.8,80.8,114.8,125.1,0,0,0,0,0,0,0,0,0,0,0,0,4641.5,5739,62.72297297,77.55405405,115,55,5,5
17,7,A,N,2,6.1,166,30,2,0,81,19,-31,1.5,0,0,0,90,2106,24,6,108,95.2,75.6,65.1,53.7,28.4,0,0,0,0,0,0,0,0,0,0,0,0,0,0,0,0,0,0,0,0,0,0,0,0,0,0,0,0,0,0,0,0,0,0,0,0,0,0,0,0,0,0,0,0,0,0,0,0,0,0,0,0,0,0,0,0,0,0,0,0,0,0,0,0,0,0,0,0,0,0,0,0,0,0,0,0,0,0,0,0,0,0,0,0,61.6,64.6,80.9,104.7,120.1,108,0,0,0,0,0,0,0,0,0,0,0,0,0,0,0,0,0,0,0,0,0,0,0,0,0,0,0,0,0,0,0,0,0,0,0,0,0,0,0,0,0,0,0,0,0,0,0,0,0,0,0,0,0,0,0,0,0,0,0,0,0,0,0,0,0,0,0,0,0,0,0,0,0,0,0,0,0,0,0,0,0,0,0,0,TT,O,,2021,2,4,4/13/2008,27.21311475,25.10029864,24.83464409,26.42857143,0,0,0,0,53.7,28.4,0,0,0,0,0,0,0,0,0,0,0,0,0,0,0,0,0,0,0,0,0,0,0,0,0,0,0,0,0,0,0,0,0,0,0,0,0,0,0,0,0,0,0,0,0,0,0,0,0,0,0,0,0,0,0,0,0,0,0,0,0,0,0,0,0,0,0,0,0,0,0,0,0,0,0,0,0,0,0,0,0,0,0,0,0,0,0,0,120.1,108,0,0,0,0,0,0,0,0,0,0,0,0,0,0,0,0,0,0,0,0,0,0,0,0,0,0,0,0,0,0,0,0,0,0,0,0,0,0,0,0,0,0,0,0,0,0,0,0,0,0,0,0,0,0,0,0,0,0,0,0,0,0,0,0,0,0,0,0,0,0,0,0,0,0,0,0,0,0,0,0,0,0,0,0,82.1,228.1,41.05,114.05,115,55,5,5
18,7,A,E,2,3.7,81,100,0,13,25,62,-41,1.5,1,0,0,90,2106,24,3,61.3,52.5,28.6,0,0,0,0,0,0,0,0,0,0,0,0,0,0,0,0,0,0,0,0,0,0,0,0,0,0,0,0,0,0,0,0,0,0,0,0,0,0,0,0,0,0,0,0,0,0,0,0,0,0,0,0,0,0,0,0,0,0,0,0,0,0,0,0,0,0,0,0,0,0,0,0,0,0,0,0,0,0,0,0,0,0,0,0,0,0,0,124.9,125.8,114.3,0,0,0,0,0,0,0,0,0,0,0,0,0,0,0,0,0,0,0,0,0,0,0,0,0,0,0,0,0,0,0,0,0,0,0,0,0,0,0,0,0,0,0,0,0,0,0,0,0,0,0,0,0,0,0,0,0,0,0,0,0,0,0,0,0,0,0,0,0,0,0,0,0,0,0,0,0,0,0,0,0,0,0,0,0,0,0,TT,O,,2021,3,4,4/13/2008,21.89189189,25.10029864,24.83464409,26.42857143,0,52.5,28.6,0,0,0,0,0,0,0,0,0,0,0,0,0,0,0,0,0,0,0,0,0,0,0,0,0,0,0,0,0,0,0,0,0,0,0,0,0,0,0,0,0,0,0,0,0,0,0,0,0,0,0,0,0,0,0,0,0,0,0,0,0,0,0,0,0,0,0,0,0,0,0,0,0,0,0,0,0,0,0,0,0,0,0,0,0,0,0,0,125.8,114.3,0,0,0,0,0,0,0,0,0,0,0,0,0,0,0,0,0,0,0,0,0,0,0,0,0,0,0,0,0,0,0,0,0,0,0,0,0,0,0,0,0,0,0,0,0,0,0,0,0,0,0,0,0,0,0,0,0,0,0,0,0,0,0,0,0,0,0,0,0,0,0,0,0,0,0,0,0,0,0,0,0,0,0,0,0,0,0,81.1,240.1,40.55,120.05,55,115,2,2
16,8,A,E,2,3.2,72,100,0,22,19,59,-74,1.5,1,0,0,90,2106,24,3,56.4,46.5,12.3,0,0,0,0,0,0,0,0,0,0,0,0,0,0,0,0,0,0,0,0,0,0,0,0,0,0,0,0,0,0,0,0,0,0,0,0,0,0,0,0,0,0,0,0,0,0,0,0,0,0,0,0,0,0,0,0,0,0,0,0,0,0,0,0,0,0,0,0,0,0,0,0,0,0,0,0,0,0,0,0,0,0,0,0,0,0,0,119.7,123.7,98.1,0,0,0,0,0,0,0,0,0,0,0,0,0,0,0,0,0,0,0,0,0,0,0,0,0,0,0,0,0,0,0,0,0,0,0,0,0,0,0,0,0,0,0,0,0,0,0,0,0,0,0,0,0,0,0,0,0,0,0,0,0,0,0,0,0,0,0,0,0,0,0,0,0,0,0,0,0,0,0,0,0,0,0,0,0,0,0,TT,O,,2021,4,4,4/14/2008,22.5,25.10029864,24.83464409,26.42857143,0,46.5,12.3,0,0,0,0,0,0,0,0,0,0,0,0,0,0,0,0,0,0,0,0,0,0,0,0,0,0,0,0,0,0,0,0,0,0,0,0,0,0,0,0,0,0,0,0,0,0,0,0,0,0,0,0,0,0,0,0,0,0,0,0,0,0,0,0,0,0,0,0,0,0,0,0,0,0,0,0,0,0,0,0,0,0,0,0,0,0,0,0,123.7,98.1,0,0,0,0,0,0,0,0,0,0,0,0,0,0,0,0,0,0,0,0,0,0,0,0,0,0,0,0,0,0,0,0,0,0,0,0,0,0,0,0,0,0,0,0,0,0,0,0,0,0,0,0,0,0,0,0,0,0,0,0,0,0,0,0,0,0,0,0,0,0,0,0,0,0,0,0,0,0,0,0,0,0,0,0,0,0,0,58.8,221.8,29.4,110.9,55,115,2,2
17,8,A,S,2,7.2,184,36,1,64,25,11,-104,1.5,0,0,0,90,2106,24,7,62.4,66.9,70.5,61.8,40.8,24.5,19.4,0,0,0,0,0,0,0,0,0,0,0,0,0,0,0,0,0,0,0,0,0,0,0,0,0,0,0,0,0,0,0,0,0,0,0,0,0,0,0,0,0,0,0,0,0,0,0,0,0,0,0,0,0,0,0,0,0,0,0,0,0,0,0,0,0,0,0,0,0,0,0,0,0,0,0,0,0,0,0,0,0,0,0,103.6,84.4,60,41,49.8,67.4,83.7,0,0,0,0,0,0,0,0,0,0,0,0,0,0,0,0,0,0,0,0,0,0,0,0,0,0,0,0,0,0,0,0,0,0,0,0,0,0,0,0,0,0,0,0,0,0,0,0,0,0,0,0,0,0,0,0,0,0,0,0,0,0,0,0,0,0,0,0,0,0,0,0,0,0,0,0,0,0,0,0,0,0,0,TT,O,,2021,5,4,4/14/2008,25.55555556,25.10029864,24.83464409,26.42857143,0,66.9,70.5,61.8,40.8,24.5,19.4,0,0,0,0,0,0,0,0,0,0,0,0,0,0,0,0,0,0,0,0,0,0,0,0,0,0,0,0,0,0,0,0,0,0,0,0,0,0,0,0,0,0,0,0,0,0,0,0,0,0,0,0,0,0,0,0,0,0,0,0,0,0,0,0,0,0,0,0,0,0,0,0,0,0,0,0,0,0,0,0,0,0,0,0,84.4,60,41,49.8,67.4,83.7,0,0,0,0,0,0,0,0,0,0,0,0,0,0,0,0,0,0,0,0,0,0,0,0,0,0,0,0,0,0,0,0,0,0,0,0,0,0,0,0,0,0,0,0,0,0,0,0,0,0,0,0,0,0,0,0,0,0,0,0,0,0,0,0,0,0,0,0,0,0,0,0,0,0,0,0,0,0,0,0,0,0,0,283.9,386.3,47.31666667,64.38333333,55,115,2,2
18,8,A,N,2,30.8,814,21,22,45,32,23,-60,1.5,1,0,0,90,2106,24,30,109.6,103,87.7,60.7,28.6,10.1,30.2,22.2,18.1,40,67.5,96.1,103.3,103,98.4,93.5,72.8,42.3,24.1,43.2,70.8,100.8,124.5,127.6,126.7,120.1,105.7,85,58.4,29.3,0,0,0,0,0,0,0,0,0,0,0,0,0,0,0,0,0,0,0,0,0,0,0,0,0,0,0,0,0,0,0,0,0,0,0,0,0,0,0,0,0,0,0,0,0,0,0,0,0,0,0,0,0,0,0,0,0,0,0,0,67.6,76.6,82,74.7,76.7,88.7,74.9,71.9,76.5,76.9,74.9,84.7,92.7,92.8,83.8,83.8,82.4,76.4,70.1,51.3,27.5,24.8,41.8,39.8,39.5,48.8,58.9,71.9,81.2,94.2,0,0,0,0,0,0,0,0,0,0,0,0,0,0,0,0,0,0,0,0,0,0,0,0,0,0,0,0,0,0,0,0,0,0,0,0,0,0,0,0,0,0,0,0,0,0,0,0,0,0,0,0,0,0,0,0,0,0,0,0,FS,O,,2021,6,4,4/14/2008,26.42857143,25.10029864,24.83464409,26.42857143,0,0,0,60.7,28.6,10.1,30.2,22.2,18.1,40,67.5,96.1,103.3,103,98.4,93.5,72.8,42.3,24.1,43.2,70.8,100.8,124.5,127.6,126.7,120.1,105.7,85,58.4,29.3,0,0,0,0,0,0,0,0,0,0,0,0,0,0,0,0,0,0,0,0,0,0,0,0,0,0,0,0,0,0,0,0,0,0,0,0,0,0,0,0,0,0,0,0,0,0,0,0,0,0,0,0,0,0,0,0,0,0,0,0,0,0,0,74.7,76.7,88.7,74.9,71.9,76.5,76.9,74.9,84.7,92.7,92.8,83.8,83.8,82.4,76.4,70.1,51.3,27.5,24.8,41.8,39.8,39.5,48.8,58.9,71.9,81.2,94.2,0,0,0,0,0,0,0,0,0,0,0,0,0,0,0,0,0,0,0,0,0,0,0,0,0,0,0,0,0,0,0,0,0,0,0,0,0,0,0,0,0,0,0,0,0,0,0,0,0,0,0,0,0,0,0,0,0,0,0,0,1903,1861.6,70.48148148,68.94814815,115,55,4,4
19,7,A,W,2,48.6,1125,51,10,53,36,11,-19,1.5,2,0,0,90,2106,29,48,113.8,99.8,86.8,56.9,27.9,34.9,50.5,53.8,39.2,22.6,14.3,20.8,27.1,26.4,31,29,17.8,10.7,17.9,25.8,29,38.7,27.5,20.5,33.6,55,60.3,59.9,46.2,24.6,10.1,24.5,51.9,81.6,100,103.3,100,90,86.3,65.7,41.7,20.9,28.6,41.6,52.9,52.2,42.1,25.6,0,0,0,0,0,0,0,0,0,0,0,0,0,0,0,0,0,0,0,0,0,0,0,0,0,0,0,0,0,0,0,0,0,0,0,0,0,0,0,0,0,0,58,45.9,41.1,47.2,83.3,107.2,101.4,84.4,71.4,69.8,76.4,97.2,112.7,112.8,96.5,80.5,74.9,81.5,91.4,107.9,116.8,124.2,110.5,91.7,66.9,59.2,57.1,63,79.8,84.7,83.7,79.3,76.2,72,68.5,55.7,38.7,21.7,16.5,25.9,50.1,86.8,107.6,121.6,115.9,100.9,83.7,78.4,0,0,0,0,0,0,0,0,0,0,0,0,0,0,0,0,0,0,0,0,0,0,0,0,0,0,0,0,0,0,0,0,0,0,0,0,0,0,0,0,0,0,TT,O,,2021,1,4,4/13/2008,23.14814815,22.74894876,22.93510214,21.81818182,0,0,0,0,27.9,34.9,50.5,53.8,39.2,22.6,14.3,20.8,27.1,26.4,31,29,17.8,10.7,17.9,25.8,29,38.7,27.5,20.5,33.6,55,60.3,59.9,46.2,24.6,10.1,24.5,51.9,81.6,100,103.3,100,90,86.3,65.7,41.7,20.9,28.6,41.6,52.9,52.2,42.1,25.6,0,0,0,0,0,0,0,0,0,0,0,0,0,0,0,0,0,0,0,0,0,0,0,0,0,0,0,0,0,0,0,0,0,0,0,0,0,0,0,0,0,0,0,0,0,0,83.3,107.2,101.4,84.4,71.4,69.8,76.4,97.2,112.7,112.8,96.5,80.5,74.9,81.5,91.4,107.9,116.8,124.2,110.5,91.7,66.9,59.2,57.1,63,79.8,84.7,83.7,79.3,76.2,72,68.5,55.7,38.7,21.7,16.5,25.9,50.1,86.8,107.6,121.6,115.9,100.9,83.7,78.4,0,0,0,0,0,0,0,0,0,0,0,0,0,0,0,0,0,0,0,0,0,0,0,0,0,0,0,0,0,0,0,0,0,0,0,0,0,0,0,0,0,0,1864,3586.4,42.36363636,81.50909091,115,55,5,5
20,7,A,N,2,13.2,311,22,18,69,20,11,-50,1.5,1,0,0,90,2106,29,13,117.1,111,102.8,85.5,62.2,35.7,13.7,37.9,56.5,60.1,53.8,45.7,25.1,0,0,0,0,0,0,0,0,0,0,0,0,0,0,0,0,0,0,0,0,0,0,0,0,0,0,0,0,0,0,0,0,0,0,0,0,0,0,0,0,0,0,0,0,0,0,0,0,0,0,0,0,0,0,0,0,0,0,0,0,0,0,0,0,0,0,0,0,0,0,0,0,0,0,0,0,0,63.7,64.2,67.1,72.8,78.9,82.1,82.4,74.3,58.9,38.8,36,44.8,72.6,0,0,0,0,0,0,0,0,0,0,0,0,0,0,0,0,0,0,0,0,0,0,0,0,0,0,0,0,0,0,0,0,0,0,0,0,0,0,0,0,0,0,0,0,0,0,0,0,0,0,0,0,0,0,0,0,0,0,0,0,0,0,0,0,0,0,0,0,0,0,0,0,0,0,0,0,0,TT,O,,2021,2,4,4/13/2008,23.56060606,22.74894876,22.93510214,21.81818182,0,0,0,0,62.2,35.7,13.7,37.9,56.5,60.1,53.8,45.7,25.1,0,0,0,0,0,0,0,0,0,0,0,0,0,0,0,0,0,0,0,0,0,0,0,0,0,0,0,0,0,0,0,0,0,0,0,0,0,0,0,0,0,0,0,0,0,0,0,0,0,0,0,0,0,0,0,0,0,0,0,0,0,0,0,0,0,0,0,0,0,0,0,0,0,0,0,0,0,0,0,0,0,78.9,82.1,82.4,74.3,58.9,38.8,36,44.8,72.6,0,0,0,0,0,0,0,0,0,0,0,0,0,0,0,0,0,0,0,0,0,0,0,0,0,0,0,0,0,0,0,0,0,0,0,0,0,0,0,0,0,0,0,0,0,0,0,0,0,0,0,0,0,0,0,0,0,0,0,0,0,0,0,0,0,0,0,0,0,0,0,0,0,0,0,0,0,390.7,568.8,43.41111111,63.2,115,55,5,5
21,7,A,E,2,10.6,249,45,5,60,17,23,-33,1.5,0,0,0,90,2106,29,10,65.5,60.6,34.5,17.1,40.3,59.4,66.1,64.6,53.3,34.4,0,0,0,0,0,0,0,0,0,0,0,0,0,0,0,0,0,0,0,0,0,0,0,0,0,0,0,0,0,0,0,0,0,0,0,0,0,0,0,0,0,0,0,0,0,0,0,0,0,0,0,0,0,0,0,0,0,0,0,0,0,0,0,0,0,0,0,0,0,0,0,0,0,0,0,0,0,0,0,0,125,124.7,108.8,77.8,50.9,44.9,55.3,70,89.5,97.8,0,0,0,0,0,0,0,0,0,0,0,0,0,0,0,0,0,0,0,0,0,0,0,0,0,0,0,0,0,0,0,0,0,0,0,0,0,0,0,0,0,0,0,0,0,0,0,0,0,0,0,0,0,0,0,0,0,0,0,0,0,0,0,0,0,0,0,0,0,0,0,0,0,0,0,0,0,0,0,0,TT,O,,2021,3,4,4/13/2008,23.49056604,22.74894876,22.93510214,21.81818182,0,60.6,34.5,17.1,40.3,59.4,66.1,64.6,53.3,34.4,0,0,0,0,0,0,0,0,0,0,0,0,0,0,0,0,0,0,0,0,0,0,0,0,0,0,0,0,0,0,0,0,0,0,0,0,0,0,0,0,0,0,0,0,0,0,0,0,0,0,0,0,0,0,0,0,0,0,0,0,0,0,0,0,0,0,0,0,0,0,0,0,0,0,0,0,0,0,0,0,0,124.7,108.8,77.8,50.9,44.9,55.3,70,89.5,97.8,0,0,0,0,0,0,0,0,0,0,0,0,0,0,0,0,0,0,0,0,0,0,0,0,0,0,0,0,0,0,0,0,0,0,0,0,0,0,0,0,0,0,0,0,0,0,0,0,0,0,0,0,0,0,0,0,0,0,0,0,0,0,0,0,0,0,0,0,0,0,0,0,0,0,0,0,0,0,0,0,430.3,719.7,47.81111111,79.96666667,55,115,2,2
19,8,A,E,2,47.6,1088,33,9,48,34,18,-36,1.5,2,1,0,90,2106,29,47,64.3,43.6,24.3,43.9,63.4,68.5,61.9,42.3,16.4,37.3,51.5,47.5,44.7,23.5,10.4,13,27.5,43.8,51.5,59.5,45.5,35.6,26.3,23.6,38.2,45.4,54.5,71.1,91.3,100,100.2,91.4,100.7,103.9,100.8,90.8,81.5,83.1,89.8,103.5,108.3,109.1,94.8,79.5,48.7,31.6,13,0,0,0,0,0,0,0,0,0,0,0,0,0,0,0,0,0,0,0,0,0,0,0,0,0,0,0,0,0,0,0,0,0,0,0,0,0,0,0,0,0,0,0,124.2,112.3,77,56.3,57.8,60.1,76.8,84.2,81.2,66.4,47.9,43.2,45,67.3,86.5,85.7,92.3,100.4,98.8,104.6,113.4,117.5,115.1,107.5,103.5,92.4,75.3,57.7,49.5,56.7,60.5,74.4,93.4,87.2,83.9,68.2,43.3,17.6,11.3,36.4,57.9,74.1,78.1,78.3,80.9,84.3,95.8,0,0,0,0,0,0,0,0,0,0,0,0,0,0,0,0,0,0,0,0,0,0,0,0,0,0,0,0,0,0,0,0,0,0,0,0,0,0,0,0,0,0,0,TT,O,,2021,4,4,4/14/2008,22.85714286,22.74894876,22.93510214,21.81818182,0,43.6,24.3,43.9,63.4,68.5,61.9,42.3,16.4,37.3,51.5,47.5,44.7,23.5,10.4,13,27.5,43.8,51.5,59.5,45.5,35.6,26.3,23.6,38.2,45.4,54.5,71.1,91.3,100,100.2,91.4,100.7,103.9,100.8,90.8,81.5,83.1,89.8,103.5,108.3,109.1,94.8,79.5,48.7,31.6,13,0,0,0,0,0,0,0,0,0,0,0,0,0,0,0,0,0,0,0,0,0,0,0,0,0,0,0,0,0,0,0,0,0,0,0,0,0,0,0,0,0,0,0,0,112.3,77,56.3,57.8,60.1,76.8,84.2,81.2,66.4,47.9,43.2,45,67.3,86.5,85.7,92.3,100.4,98.8,104.6,113.4,117.5,115.1,107.5,103.5,92.4,75.3,57.7,49.5,56.7,60.5,74.4,93.4,87.2,83.9,68.2,43.3,17.6,11.3,36.4,57.9,74.1,78.1,78.3,80.9,84.3,95.8,0,0,0,0,0,0,0,0,0,0,0,0,0,0,0,0,0,0,0,0,0,0,0,0,0,0,0,0,0,0,0,0,0,0,0,0,0,0,0,0,0,0,0,2736.7,3458,59.49347826,75.17391304,55,115,2,2
20,8,A,S,2,10.5,227,84,4,37,54,9,-54,1.5,0,0,0,90,2106,29,10,56.6,46.5,27,19.2,24,29.8,30.1,21.7,13.2,15.9,0,0,0,0,0,0,0,0,0,0,0,0,0,0,0,0,0,0,0,0,0,0,0,0,0,0,0,0,0,0,0,0,0,0,0,0,0,0,0,0,0,0,0,0,0,0,0,0,0,0,0,0,0,0,0,0,0,0,0,0,0,0,0,0,0,0,0,0,0,0,0,0,0,0,0,0,0,0,0,0,111.7,99.4,97.4,106.5,113.2,112.8,93.2,77.1,77.7,82,0,0,0,0,0,0,0,0,0,0,0,0,0,0,0,0,0,0,0,0,0,0,0,0,0,0,0,0,0,0,0,0,0,0,0,0,0,0,0,0,0,0,0,0,0,0,0,0,0,0,0,0,0,0,0,0,0,0,0,0,0,0,0,0,0,0,0,0,0,0,0,0,0,0,0,0,0,0,0,0,TT,O,,2021,5,4,4/14/2008,21.61904762,22.74894876,22.93510214,21.81818182,0,46.5,27,19.2,24,29.8,30.1,21.7,13.2,15.9,0,0,0,0,0,0,0,0,0,0,0,0,0,0,0,0,0,0,0,0,0,0,0,0,0,0,0,0,0,0,0,0,0,0,0,0,0,0,0,0,0,0,0,0,0,0,0,0,0,0,0,0,0,0,0,0,0,0,0,0,0,0,0,0,0,0,0,0,0,0,0,0,0,0,0,0,0,0,0,0,0,99.4,97.4,106.5,113.2,112.8,93.2,77.1,77.7,82,0,0,0,0,0,0,0,0,0,0,0,0,0,0,0,0,0,0,0,0,0,0,0,0,0,0,0,0,0,0,0,0,0,0,0,0,0,0,0,0,0,0,0,0,0,0,0,0,0,0,0,0,0,0,0,0,0,0,0,0,0,0,0,0,0,0,0,0,0,0,0,0,0,0,0,0,0,0,0,0,227.4,859.3,25.26666667,95.47777778,55,115,2,2
21,8,A,N,2,30.8,672,39,18,80,19,1,-39,1.5,2,2,0,90,2106,29,30,110.5,98.7,80,67.6,62.1,81.7,78.6,72,49,24.1,14.3,35,40.6,32.3,26.5,10.2,7.5,16.4,24.5,21.5,12.3,24.4,37.6,53,68.2,69.8,59.4,40.3,24.2,35,0,0,0,0,0,0,0,0,0,0,0,0,0,0,0,0,0,0,0,0,0,0,0,0,0,0,0,0,0,0,0,0,0,0,0,0,0,0,0,0,0,0,0,0,0,0,0,0,0,0,0,0,0,0,0,0,0,0,0,0,61.1,64.7,62.6,47.2,31.8,11.4,11.9,20.6,46.5,72,81.7,76.2,61.5,58.9,63.1,79.6,95.8,104.5,113.4,108.2,94.5,82.7,69.3,50.9,53.5,56.8,70.7,73.6,68.9,66.4,0,0,0,0,0,0,0,0,0,0,0,0,0,0,0,0,0,0,0,0,0,0,0,0,0,0,0,0,0,0,0,0,0,0,0,0,0,0,0,0,0,0,0,0,0,0,0,0,0,0,0,0,0,0,0,0,0,0,0,0,FS,O,,2021,6,4,4/14/2008,21.81818182,22.74894876,22.93510214,21.81818182,0,0,0,0,62.1,81.7,78.6,72,49,24.1,14.3,35,40.6,32.3,26.5,10.2,7.5,16.4,24.5,21.5,12.3,24.4,37.6,53,68.2,69.8,59.4,40.3,24.2,35,0,0,0,0,0,0,0,0,0,0,0,0,0,0,0,0,0,0,0,0,0,0,0,0,0,0,0,0,0,0,0,0,0,0,0,0,0,0,0,0,0,0,0,0,0,0,0,0,0,0,0,0,0,0,0,0,0,0,0,0,0,0,0,0,31.8,11.4,11.9,20.6,46.5,72,81.7,76.2,61.5,58.9,63.1,79.6,95.8,104.5,113.4,108.2,94.5,82.7,69.3,50.9,53.5,56.8,70.7,73.6,68.9,66.4,0,0,0,0,0,0,0,0,0,0,0,0,0,0,0,0,0,0,0,0,0,0,0,0,0,0,0,0,0,0,0,0,0,0,0,0,0,0,0,0,0,0,0,0,0,0,0,0,0,0,0,0,0,0,0,0,0,0,0,0,1020.5,1724.4,39.25,66.32307692,115,55,5,5
25,7,A,W,2,45.4,938,32,22,38,40,22,10,1.5,0,0,0,90,2106,46,45,109.2,89.1,87.2,102.8,109.5,119.1,115.1,96.1,64.8,48.3,55.5,77.3,96.9,109.5,114.7,112.3,108.2,98.7,81,57.3,35.4,44,54.7,55.8,61.2,49.5,36.2,33.1,52.3,42,26.8,13.5,21.4,34.9,47.6,59.6,66,67.6,67.6,58.6,43.6,27.9,19,19.3,22.3,0,0,0,0,0,0,0,0,0,0,0,0,0,0,0,0,0,0,0,0,0,0,0,0,0,0,0,0,0,0,0,0,0,0,0,0,0,0,0,0,0,0,0,0,0,59.4,46.8,26.5,24,26.9,42.1,45.2,35.3,28.8,46.1,69.3,79.1,80.8,75.2,70.2,71.3,62.4,42.5,31.5,42.2,65.8,101.5,100.4,95.8,101.9,94.9,98.5,113.4,133.7,123,108.5,90.4,68.5,55.4,47.6,56.6,76.4,96.6,107.6,114.3,108,94.4,76,70.1,67.3,0,0,0,0,0,0,0,0,0,0,0,0,0,0,0,0,0,0,0,0,0,0,0,0,0,0,0,0,0,0,0,0,0,0,0,0,0,0,0,0,0,0,0,0,0,TT,O,,2021,1,4,4/13/2008,20.66079295,20.84500375,20.53997852,22.37012987,0,0,0,0,0,119.1,115.1,96.1,64.8,48.3,55.5,77.3,96.9,109.5,114.7,112.3,108.2,98.7,81,57.3,35.4,44,54.7,55.8,61.2,49.5,36.2,33.1,52.3,42,26.8,13.5,21.4,34.9,47.6,59.6,66,67.6,67.6,58.6,43.6,27.9,19,19.3,22.3,0,0,0,0,0,0,0,0,0,0,0,0,0,0,0,0,0,0,0,0,0,0,0,0,0,0,0,0,0,0,0,0,0,0,0,0,0,0,0,0,0,0,0,0,0,0,0,0,0,0,42.1,45.2,35.3,28.8,46.1,69.3,79.1,80.8,75.2,70.2,71.3,62.4,42.5,31.5,42.2,65.8,101.5,100.4,95.8,101.9,94.9,98.5,113.4,133.7,123,108.5,90.4,68.5,55.4,47.6,56.6,76.4,96.6,107.6,114.3,108,94.4,76,70.1,67.3,0,0,0,0,0,0,0,0,0,0,0,0,0,0,0,0,0,0,0,0,0,0,0,0,0,0,0,0,0,0,0,0,0,0,0,0,0,0,0,0,0,0,0,0,0,2414.7,3088.6,60.3675,77.215,115,55,6,6
26,7,A,N,2,35.7,679,11,34,64,28,8,78,1.5,1,0,0,90,2106,46,35,112.2,111,111.8,109.8,105.1,96.9,82.8,58.2,38.2,47.7,57.7,60.5,65.5,65.8,57.7,29.8,17.9,28,45.5,63.5,78.2,83.6,87.9,79.4,64.8,48.8,45.8,62.3,77.9,72.1,65.1,66.2,55.5,41.5,27.8,0,0,0,0,0,0,0,0,0,0,0,0,0,0,0,0,0,0,0,0,0,0,0,0,0,0,0,0,0,0,0,0,0,0,0,0,0,0,0,0,0,0,0,0,0,0,0,0,0,0,0,0,0,0,0,53.1,45.6,31.6,21.3,22.9,32.4,39.2,49.7,52,41.6,31.8,29.4,25.7,34.8,53.2,70.7,72.4,68.9,64.8,57.6,47.9,48.5,41.1,33.5,41.4,57.2,88.1,112.4,125.5,114.3,104.7,105.9,93.5,84.2,77,0,0,0,0,0,0,0,0,0,0,0,0,0,0,0,0,0,0,0,0,0,0,0,0,0,0,0,0,0,0,0,0,0,0,0,0,0,0,0,0,0,0,0,0,0,0,0,0,0,0,0,0,0,0,0,TT,O,,2021,2,4,4/13/2008,19.01960784,20.84500375,20.53997852,22.37012987,0,0,0,0,0,96.9,82.8,58.2,38.2,47.7,57.7,60.5,65.5,65.8,57.7,29.8,17.9,28,45.5,63.5,78.2,83.6,87.9,79.4,64.8,48.8,45.8,62.3,77.9,72.1,65.1,66.2,55.5,41.5,27.8,0,0,0,0,0,0,0,0,0,0,0,0,0,0,0,0,0,0,0,0,0,0,0,0,0,0,0,0,0,0,0,0,0,0,0,0,0,0,0,0,0,0,0,0,0,0,0,0,0,0,0,0,0,0,0,0,0,0,0,0,32.4,39.2,49.7,52,41.6,31.8,29.4,25.7,34.8,53.2,70.7,72.4,68.9,64.8,57.6,47.9,48.5,41.1,33.5,41.4,57.2,88.1,112.4,125.5,114.3,104.7,105.9,93.5,84.2,77,0,0,0,0,0,0,0,0,0,0,0,0,0,0,0,0,0,0,0,0,0,0,0,0,0,0,0,0,0,0,0,0,0,0,0,0,0,0,0,0,0,0,0,0,0,0,0,0,0,0,0,0,0,0,0,1772.6,1899.4,59.08666667,63.31333333,115,55,6,6
27,7,A,E,2,50.1,1022,36,32,57,32,11,77,1.5,1,1,0,90,2106,46,50,66,67.9,73.6,83,88.7,94.8,94.9,87.6,69,48.8,37.3,49,62.2,78.8,96.5,111,116.4,124.3,125.6,122.5,117.9,114.7,99.3,76.7,53.7,56.1,72.6,85,88.7,88.6,76.2,58.1,35.3,14.5,28.1,53.7,45.6,35.3,30.2,26.8,23.7,17.6,25.3,27.3,22.7,22.8,18.4,18.4,21.6,8.3,0,0,0,0,0,0,0,0,0,0,0,0,0,0,0,0,0,0,0,0,0,0,0,0,0,0,0,0,0,0,0,0,0,0,0,0,0,0,0,0,108,91.8,71.8,51.4,40.5,23.8,8.4,18.6,33.1,42.3,56.5,53.7,45.2,36.1,28.2,28.7,31.4,36.3,40.4,38.6,32.6,35.2,27.4,23.3,39.4,61.7,70.4,66.2,68.2,60.9,53.2,52.2,64.9,85.6,112.7,131.2,116.9,100,87.4,78.8,67.6,84.6,102.8,115.2,111.3,106.3,92.9,83,80.1,82.9,0,0,0,0,0,0,0,0,0,0,0,0,0,0,0,0,0,0,0,0,0,0,0,0,0,0,0,0,0,0,0,0,0,0,0,0,0,0,0,0,TT,O,,2021,3,4,4/13/2008,20.3992016,20.84500375,20.53997852,22.37012987,0,0,73.6,83,88.7,94.8,94.9,87.6,69,48.8,37.3,49,62.2,78.8,96.5,111,116.4,124.3,125.6,122.5,117.9,114.7,99.3,76.7,53.7,56.1,72.6,85,88.7,88.6,76.2,58.1,35.3,14.5,28.1,53.7,45.6,35.3,30.2,26.8,23.7,17.6,25.3,27.3,22.7,22.8,18.4,18.4,21.6,8.3,0,0,0,0,0,0,0,0,0,0,0,0,0,0,0,0,0,0,0,0,0,0,0,0,0,0,0,0,0,0,0,0,0,0,0,0,0,0,0,0,0,0,71.8,51.4,40.5,23.8,8.4,18.6,33.1,42.3,56.5,53.7,45.2,36.1,28.2,28.7,31.4,36.3,40.4,38.6,32.6,35.2,27.4,23.3,39.4,61.7,70.4,66.2,68.2,60.9,53.2,52.2,64.9,85.6,112.7,131.2,116.9,100,87.4,78.8,67.6,84.6,102.8,115.2,111.3,106.3,92.9,83,80.1,82.9,0,0,0,0,0,0,0,0,0,0,0,0,0,0,0,0,0,0,0,0,0,0,0,0,0,0,0,0,0,0,0,0,0,0,0,0,0,0,0,0,3027.2,2979.9,63.06666667,62.08125,55,115,3,3
25,8,A,E,2,49.1,1126,20,19,62,23,15,77,1.5,1,1,0,90,2106,46,49,68.7,68.4,66.8,56.7,43.1,24,37.4,50.6,55.1,59.5,53.7,46.1,38,18.1,17.7,20,28.4,41.5,62.6,87.9,105.9,118.5,122.3,117,103.5,76.3,46.7,26.6,31,47.3,52,54,42,34.5,52.7,75.2,91.8,96.8,93.2,90.7,88.2,82,75.2,69.5,61.4,52.5,41.3,21.5,11.7,0,0,0,0,0,0,0,0,0,0,0,0,0,0,0,0,0,0,0,0,0,0,0,0,0,0,0,0,0,0,0,0,0,0,0,0,0,0,0,0,0,104.4,89,74.3,51.2,47.5,72.8,78.2,66.1,62.6,53.5,41.1,45.3,66.5,94.3,104.5,96,81.8,60.2,35.4,11.7,16.7,32.1,46.4,51.7,56.2,55.2,56.2,64.6,64.1,55.2,50.8,44.3,51.5,79.6,101.1,110.8,109.9,102.8,97.8,95.8,89.5,68.7,44.7,25.3,31.1,52.5,74.5,97.9,100.1,0,0,0,0,0,0,0,0,0,0,0,0,0,0,0,0,0,0,0,0,0,0,0,0,0,0,0,0,0,0,0,0,0,0,0,0,0,0,0,0,0,TT,O,,2021,4,4,4/14/2008,22.93279022,20.84500375,20.53997852,22.37012987,0,0,66.8,56.7,43.1,24,37.4,50.6,55.1,59.5,53.7,46.1,38,18.1,17.7,20,28.4,41.5,62.6,87.9,105.9,118.5,122.3,117,103.5,76.3,46.7,26.6,31,47.3,52,54,42,34.5,52.7,75.2,91.8,96.8,93.2,90.7,88.2,82,75.2,69.5,61.4,52.5,41.3,21.5,11.7,0,0,0,0,0,0,0,0,0,0,0,0,0,0,0,0,0,0,0,0,0,0,0,0,0,0,0,0,0,0,0,0,0,0,0,0,0,0,0,0,0,0,0,74.3,51.2,47.5,72.8,78.2,66.1,62.6,53.5,41.1,45.3,66.5,94.3,104.5,96,81.8,60.2,35.4,11.7,16.7,32.1,46.4,51.7,56.2,55.2,56.2,64.6,64.1,55.2,50.8,44.3,51.5,79.6,101.1,110.8,109.9,102.8,97.8,95.8,89.5,68.7,44.7,25.3,31.1,52.5,74.5,97.9,100.1,0,0,0,0,0,0,0,0,0,0,0,0,0,0,0,0,0,0,0,0,0,0,0,0,0,0,0,0,0,0,0,0,0,0,0,0,0,0,0,0,0,2788.5,3070.1,59.32978723,65.3212766,55,115,3,3
26,8,A,S,2,3.2,63,100,0,29,54,17,37,1.5,1,0,0,90,2106,46,3,38.3,20.4,4.9,0,0,0,0,0,0,0,0,0,0,0,0,0,0,0,0,0,0,0,0,0,0,0,0,0,0,0,0,0,0,0,0,0,0,0,0,0,0,0,0,0,0,0,0,0,0,0,0,0,0,0,0,0,0,0,0,0,0,0,0,0,0,0,0,0,0,0,0,0,0,0,0,0,0,0,0,0,0,0,0,0,0,0,0,0,0,0,117,107.8,91.2,0,0,0,0,0,0,0,0,0,0,0,0,0,0,0,0,0,0,0,0,0,0,0,0,0,0,0,0,0,0,0,0,0,0,0,0,0,0,0,0,0,0,0,0,0,0,0,0,0,0,0,0,0,0,0,0,0,0,0,0,0,0,0,0,0,0,0,0,0,0,0,0,0,0,0,0,0,0,0,0,0,0,0,0,0,0,0,TT,O,,2021,5,4,4/14/2008,19.6875,20.84500375,20.53997852,22.37012987,0,0,0,0,0,0,0,0,0,0,0,0,0,0,0,0,0,0,0,0,0,0,0,0,0,0,0,0,0,0,0,0,0,0,0,0,0,0,0,0,0,0,0,0,0,0,0,0,0,0,0,0,0,0,0,0,0,0,0,0,0,0,0,0,0,0,0,0,0,0,0,0,0,0,0,0,0,0,0,0,0,0,0,0,0,0,0,0,0,0,0,0,0,0,0,0,0,0,0,0,0,0,0,0,0,0,0,0,0,0,0,0,0,0,0,0,0,0,0,0,0,0,0,0,0,0,0,0,0,0,0,0,0,0,0,0,0,0,0,0,0,0,0,0,0,0,0,0,0,0,0,0,0,0,0,0,0,0,0,0,0,0,0,0,0,0,0,0,0,0,0,0,0,0,0,0,0,0,0,0,0,0,0,0,55,115,3,3
27,8,A,N,2,30.8,689,26,28,43,43,14,34,1.5,1,0,0,90,2106,46,30,108,99.9,77.8,53.3,30.8,20.5,45.8,53.1,56.2,59.6,60.3,47.3,36.9,53.5,68.8,84.4,99.7,112.1,110.3,105.7,93.9,74.5,55.2,27,4.3,17,39.9,60.7,66.4,61.4,0,0,0,0,0,0,0,0,0,0,0,0,0,0,0,0,0,0,0,0,0,0,0,0,0,0,0,0,0,0,0,0,0,0,0,0,0,0,0,0,0,0,0,0,0,0,0,0,0,0,0,0,0,0,0,0,0,0,0,0,43.1,32.1,23.1,37.5,62.1,93.2,113.9,105.1,90.1,77,68.4,60.6,72.8,98.2,94.8,89.7,82,72.6,60.9,48.3,28.1,19.1,35.7,68,88.9,101.9,118.2,130.8,124.9,107.3,0,0,0,0,0,0,0,0,0,0,0,0,0,0,0,0,0,0,0,0,0,0,0,0,0,0,0,0,0,0,0,0,0,0,0,0,0,0,0,0,0,0,0,0,0,0,0,0,0,0,0,0,0,0,0,0,0,0,0,0,FS,O,,2021,6,4,4/14/2008,22.37012987,20.84500375,20.53997852,22.37012987,0,0,0,0,30.8,20.5,45.8,53.1,56.2,59.6,60.3,47.3,36.9,53.5,68.8,84.4,99.7,112.1,110.3,105.7,93.9,74.5,55.2,27,4.3,17,39.9,60.7,66.4,61.4,0,0,0,0,0,0,0,0,0,0,0,0,0,0,0,0,0,0,0,0,0,0,0,0,0,0,0,0,0,0,0,0,0,0,0,0,0,0,0,0,0,0,0,0,0,0,0,0,0,0,0,0,0,0,0,0,0,0,0,0,0,0,0,0,62.1,93.2,113.9,105.1,90.1,77,68.4,60.6,72.8,98.2,94.8,89.7,82,72.6,60.9,48.3,28.1,19.1,35.7,68,88.9,101.9,118.2,130.8,124.9,107.3,0,0,0,0,0,0,0,0,0,0,0,0,0,0,0,0,0,0,0,0,0,0,0,0,0,0,0,0,0,0,0,0,0,0,0,0,0,0,0,0,0,0,0,0,0,0,0,0,0,0,0,0,0,0,0,0,0,0,0,0,1545.3,2112.6,59.43461538,81.25384615,115,55,5,5
28,7,A,W,2,16.5,437,34,24,77,18,5,20,1.5,1,0,0,90,2106,50,16,103.4,68.9,64.2,72.8,79.2,72.4,53.8,31.8,19.9,25,21.9,32.2,46.2,52.6,41.5,20.9,0,0,0,0,0,0,0,0,0,0,0,0,0,0,0,0,0,0,0,0,0,0,0,0,0,0,0,0,0,0,0,0,0,0,0,0,0,0,0,0,0,0,0,0,0,0,0,0,0,0,0,0,0,0,0,0,0,0,0,0,0,0,0,0,0,0,0,0,0,0,0,0,0,0,63.3,48.4,28,17.6,14.7,33.6,58.5,88.4,107,105.8,89.3,66.8,49,37.8,50.6,75.8,0,0,0,0,0,0,0,0,0,0,0,0,0,0,0,0,0,0,0,0,0,0,0,0,0,0,0,0,0,0,0,0,0,0,0,0,0,0,0,0,0,0,0,0,0,0,0,0,0,0,0,0,0,0,0,0,0,0,0,0,0,0,0,0,0,0,0,0,0,0,0,0,0,0,TT,O,,2021,1,4,4/13/2008,26.48484848,23.639725,23.60391595,23.81877023,0,0,0,0,79.2,72.4,53.8,31.8,19.9,25,21.9,32.2,46.2,52.6,41.5,20.9,0,0,0,0,0,0,0,0,0,0,0,0,0,0,0,0,0,0,0,0,0,0,0,0,0,0,0,0,0,0,0,0,0,0,0,0,0,0,0,0,0,0,0,0,0,0,0,0,0,0,0,0,0,0,0,0,0,0,0,0,0,0,0,0,0,0,0,0,0,0,0,0,0,0,0,0,0,0,14.7,33.6,58.5,88.4,107,105.8,89.3,66.8,49,37.8,50.6,75.8,0,0,0,0,0,0,0,0,0,0,0,0,0,0,0,0,0,0,0,0,0,0,0,0,0,0,0,0,0,0,0,0,0,0,0,0,0,0,0,0,0,0,0,0,0,0,0,0,0,0,0,0,0,0,0,0,0,0,0,0,0,0,0,0,0,0,0,0,0,0,0,0,0,0,497.4,777.3,41.45,64.775,115,55,5,5
29,7,A,N,2,8.8,201,48,52,54,42,4,51,1.5,1,0,0,90,2106,50,8,115.2,111.4,96,71.5,42.2,14.5,20.1,13.5,0,0,0,0,0,0,0,0,0,0,0,0,0,0,0,0,0,0,0,0,0,0,0,0,0,0,0,0,0,0,0,0,0,0,0,0,0,0,0,0,0,0,0,0,0,0,0,0,0,0,0,0,0,0,0,0,0,0,0,0,0,0,0,0,0,0,0,0,0,0,0,0,0,0,0,0,0,0,0,0,0,0,56.4,46.5,26.8,23,47.9,81.4,106.6,101.8,0,0,0,0,0,0,0,0,0,0,0,0,0,0,0,0,0,0,0,0,0,0,0,0,0,0,0,0,0,0,0,0,0,0,0,0,0,0,0,0,0,0,0,0,0,0,0,0,0,0,0,0,0,0,0,0,0,0,0,0,0,0,0,0,0,0,0,0,0,0,0,0,0,0,0,0,0,0,0,0,0,0,TT,O,,2021,2,4,4/13/2008,22.84090909,23.639725,23.60391595,23.81877023,0,0,0,0,42.2,14.5,20.1,13.5,0,0,0,0,0,0,0,0,0,0,0,0,0,0,0,0,0,0,0,0,0,0,0,0,0,0,0,0,0,0,0,0,0,0,0,0,0,0,0,0,0,0,0,0,0,0,0,0,0,0,0,0,0,0,0,0,0,0,0,0,0,0,0,0,0,0,0,0,0,0,0,0,0,0,0,0,0,0,0,0,0,0,0,0,0,0,47.9,81.4,106.6,101.8,0,0,0,0,0,0,0,0,0,0,0,0,0,0,0,0,0,0,0,0,0,0,0,0,0,0,0,0,0,0,0,0,0,0,0,0,0,0,0,0,0,0,0,0,0,0,0,0,0,0,0,0,0,0,0,0,0,0,0,0,0,0,0,0,0,0,0,0,0,0,0,0,0,0,0,0,0,0,0,0,0,0,90.3,337.7,22.575,84.425,115,55,5,5
30,7,A,E,2,13.4,317,48,2,55,37,8,54,1.5,1,0,0,90,2106,50,13,65.8,61.5,50.7,28.6,17.9,39.5,33.8,22.2,33.8,45.2,60.7,43.9,15.4,0,0,0,0,0,0,0,0,0,0,0,0,0,0,0,0,0,0,0,0,0,0,0,0,0,0,0,0,0,0,0,0,0,0,0,0,0,0,0,0,0,0,0,0,0,0,0,0,0,0,0,0,0,0,0,0,0,0,0,0,0,0,0,0,0,0,0,0,0,0,0,0,0,0,0,0,0,118.2,108.4,93.6,75.5,81.4,100.9,104.6,91.8,72.9,65.6,70.1,84.1,92.2,0,0,0,0,0,0,0,0,0,0,0,0,0,0,0,0,0,0,0,0,0,0,0,0,0,0,0,0,0,0,0,0,0,0,0,0,0,0,0,0,0,0,0,0,0,0,0,0,0,0,0,0,0,0,0,0,0,0,0,0,0,0,0,0,0,0,0,0,0,0,0,0,0,0,0,0,0,TT,O,,2021,3,4,4/13/2008,23.65671642,23.639725,23.60391595,23.81877023,0,61.5,50.7,28.6,17.9,39.5,33.8,22.2,33.8,45.2,60.7,43.9,15.4,0,0,0,0,0,0,0,0,0,0,0,0,0,0,0,0,0,0,0,0,0,0,0,0,0,0,0,0,0,0,0,0,0,0,0,0,0,0,0,0,0,0,0,0,0,0,0,0,0,0,0,0,0,0,0,0,0,0,0,0,0,0,0,0,0,0,0,0,0,0,0,0,0,0,0,0,0,0,108.4,93.6,75.5,81.4,100.9,104.6,91.8,72.9,65.6,70.1,84.1,92.2,0,0,0,0,0,0,0,0,0,0,0,0,0,0,0,0,0,0,0,0,0,0,0,0,0,0,0,0,0,0,0,0,0,0,0,0,0,0,0,0,0,0,0,0,0,0,0,0,0,0,0,0,0,0,0,0,0,0,0,0,0,0,0,0,0,0,0,0,0,0,0,0,0,0,0,0,0,453.2,1041.1,37.76666667,86.75833333,55,115,2,2
28,8,A,E,2,7.7,159,43,5,35,56,9,69,1.5,0,0,0,90,2106,50,7,69.2,68.9,57.8,37.8,45.1,45.9,36.6,0,0,0,0,0,0,0,0,0,0,0,0,0,0,0,0,0,0,0,0,0,0,0,0,0,0,0,0,0,0,0,0,0,0,0,0,0,0,0,0,0,0,0,0,0,0,0,0,0,0,0,0,0,0,0,0,0,0,0,0,0,0,0,0,0,0,0,0,0,0,0,0,0,0,0,0,0,0,0,0,0,0,0,111.6,101.2,84.8,88.3,104.2,102.2,93.5,0,0,0,0,0,0,0,0,0,0,0,0,0,0,0,0,0,0,0,0,0,0,0,0,0,0,0,0,0,0,0,0,0,0,0,0,0,0,0,0,0,0,0,0,0,0,0,0,0,0,0,0,0,0,0,0,0,0,0,0,0,0,0,0,0,0,0,0,0,0,0,0,0,0,0,0,0,0,0,0,0,0,0,TT,O,,2021,4,4,4/14/2008,20.64935065,23.639725,23.60391595,23.81877023,0,68.9,57.8,37.8,45.1,45.9,36.6,0,0,0,0,0,0,0,0,0,0,0,0,0,0,0,0,0,0,0,0,0,0,0,0,0,0,0,0,0,0,0,0,0,0,0,0,0,0,0,0,0,0,0,0,0,0,0,0,0,0,0,0,0,0,0,0,0,0,0,0,0,0,0,0,0,0,0,0,0,0,0,0,0,0,0,0,0,0,0,0,0,0,0,0,101.2,84.8,88.3,104.2,102.2,93.5,0,0,0,0,0,0,0,0,0,0,0,0,0,0,0,0,0,0,0,0,0,0,0,0,0,0,0,0,0,0,0,0,0,0,0,0,0,0,0,0,0,0,0,0,0,0,0,0,0,0,0,0,0,0,0,0,0,0,0,0,0,0,0,0,0,0,0,0,0,0,0,0,0,0,0,0,0,0,0,0,0,0,0,292.1,574.2,48.68333333,95.7,55,115,2,2
29,8,A,S,2,19.6,478,96,3,30,53,17,27,1.5,0,0,0,90,2106,50,19,37.8,20.3,16.9,26.1,39.9,36.3,36,30.5,28.6,27.9,19.9,27.9,35.1,24.9,32,42.8,41.4,42.8,27.9,0,0,0,0,0,0,0,0,0,0,0,0,0,0,0,0,0,0,0,0,0,0,0,0,0,0,0,0,0,0,0,0,0,0,0,0,0,0,0,0,0,0,0,0,0,0,0,0,0,0,0,0,0,0,0,0,0,0,0,0,0,0,0,0,0,0,0,0,0,0,0,115.7,104.1,92.2,95.6,100.8,116.1,124.6,113.9,96,87.7,72.2,87.7,103.5,108.5,120.7,125.6,110.7,104.4,92.9,0,0,0,0,0,0,0,0,0,0,0,0,0,0,0,0,0,0,0,0,0,0,0,0,0,0,0,0,0,0,0,0,0,0,0,0,0,0,0,0,0,0,0,0,0,0,0,0,0,0,0,0,0,0,0,0,0,0,0,0,0,0,0,0,0,0,0,0,0,0,0,TT,O,,2021,5,4,4/14/2008,24.3877551,23.639725,23.60391595,23.81877023,0,20.3,16.9,26.1,39.9,36.3,36,30.5,28.6,27.9,19.9,27.9,35.1,24.9,32,42.8,41.4,42.8,27.9,0,0,0,0,0,0,0,0,0,0,0,0,0,0,0,0,0,0,0,0,0,0,0,0,0,0,0,0,0,0,0,0,0,0,0,0,0,0,0,0,0,0,0,0,0,0,0,0,0,0,0,0,0,0,0,0,0,0,0,0,0,0,0,0,0,0,0,0,0,0,0,0,104.1,92.2,95.6,100.8,116.1,124.6,113.9,96,87.7,72.2,87.7,103.5,108.5,120.7,125.6,110.7,104.4,92.9,0,0,0,0,0,0,0,0,0,0,0,0,0,0,0,0,0,0,0,0,0,0,0,0,0,0,0,0,0,0,0,0,0,0,0,0,0,0,0,0,0,0,0,0,0,0,0,0,0,0,0,0,0,0,0,0,0,0,0,0,0,0,0,0,0,0,0,0,0,0,0,557.2,1857.2,30.95555556,103.1777778,55,115,2,2
30,8,A,N,2,30.9,736,53,17,84,14,2,54,1.5,7,0,0,90,2106,50,30,116.7,111.7,94,67.7,44.7,46.9,46.2,35.9,10.9,14.1,9.4,11.7,18.4,23.1,9.7,8.3,13.1,19.9,24.3,12.7,32.3,45.6,57.8,68,71.1,63.8,58.9,34.5,10.8,13.4,0,0,0,0,0,0,0,0,0,0,0,0,0,0,0,0,0,0,0,0,0,0,0,0,0,0,0,0,0,0,0,0,0,0,0,0,0,0,0,0,0,0,0,0,0,0,0,0,0,0,0,0,0,0,0,0,0,0,0,0,55.1,41.8,26.7,36.9,64.9,90.7,87.7,78.2,81.8,101.2,91.9,80.8,72.1,79.7,92.8,84.9,80,71.6,66.7,82.5,90.5,80.2,63.4,52.3,35.2,27.2,39.7,63.8,80.3,88.7,0,0,0,0,0,0,0,0,0,0,0,0,0,0,0,0,0,0,0,0,0,0,0,0,0,0,0,0,0,0,0,0,0,0,0,0,0,0,0,0,0,0,0,0,0,0,0,0,0,0,0,0,0,0,0,0,0,0,0,0,FS,O,,2021,6,4,4/14/2008,23.81877023,23.639725,23.60391595,23.81877023,0,0,0,0,44.7,46.9,46.2,35.9,10.9,14.1,9.4,11.7,18.4,23.1,9.7,8.3,13.1,19.9,24.3,12.7,32.3,45.6,57.8,68,71.1,63.8,58.9,34.5,10.8,13.4,0,0,0,0,0,0,0,0,0,0,0,0,0,0,0,0,0,0,0,0,0,0,0,0,0,0,0,0,0,0,0,0,0,0,0,0,0,0,0,0,0,0,0,0,0,0,0,0,0,0,0,0,0,0,0,0,0,0,0,0,0,0,0,0,64.9,90.7,87.7,78.2,81.8,101.2,91.9,80.8,72.1,79.7,92.8,84.9,80,71.6,66.7,82.5,90.5,80.2,63.4,52.3,35.2,27.2,39.7,63.8,80.3,88.7,0,0,0,0,0,0,0,0,0,0,0,0,0,0,0,0,0,0,0,0,0,0,0,0,0,0,0,0,0,0,0,0,0,0,0,0,0,0,0,0,0,0,0,0,0,0,0,0,0,0,0,0,0,0,0,0,0,0,0,0,805.5,1928.8,30.98076923,74.18461538,115,55,5,5
31,7,A,W,2,12.4,258,65,33,35,54,11,-47,1.5,1,0,0,90,2106,62,12,111.1,99.7,79.5,64.9,37.5,17.7,25.6,35.4,29.5,27.7,34.3,20.8,0,0,0,0,0,0,0,0,0,0,0,0,0,0,0,0,0,0,0,0,0,0,0,0,0,0,0,0,0,0,0,0,0,0,0,0,0,0,0,0,0,0,0,0,0,0,0,0,0,0,0,0,0,0,0,0,0,0,0,0,0,0,0,0,0,0,0,0,0,0,0,0,0,0,0,0,0,0,47.4,34.7,21.4,26.4,53.5,84.6,110.2,121,114.3,112.2,119.6,108.7,0,0,0,0,0,0,0,0,0,0,0,0,0,0,0,0,0,0,0,0,0,0,0,0,0,0,0,0,0,0,0,0,0,0,0,0,0,0,0,0,0,0,0,0,0,0,0,0,0,0,0,0,0,0,0,0,0,0,0,0,0,0,0,0,0,0,0,0,0,0,0,0,0,0,0,0,0,0,TT,O,,2021,1,4,4/13/2008,20.80645161,22.71843495,22.07381025,25.94155844,0,0,0,0,37.5,17.7,25.6,35.4,29.5,27.7,34.3,20.8,0,0,0,0,0,0,0,0,0,0,0,0,0,0,0,0,0,0,0,0,0,0,0,0,0,0,0,0,0,0,0,0,0,0,0,0,0,0,0,0,0,0,0,0,0,0,0,0,0,0,0,0,0,0,0,0,0,0,0,0,0,0,0,0,0,0,0,0,0,0,0,0,0,0,0,0,0,0,0,0,0,0,53.5,84.6,110.2,121,114.3,112.2,119.6,108.7,0,0,0,0,0,0,0,0,0,0,0,0,0,0,0,0,0,0,0,0,0,0,0,0,0,0,0,0,0,0,0,0,0,0,0,0,0,0,0,0,0,0,0,0,0,0,0,0,0,0,0,0,0,0,0,0,0,0,0,0,0,0,0,0,0,0,0,0,0,0,0,0,0,0,0,0,0,0,228.5,824.1,28.5625,103.0125,115,55,5,5
32,7,A,N,2,13.8,360,48,2,52,37,11,-39,1.5,2,0,0,90,2106,62,13,109.9,94,62.1,25.4,12,44.1,57.5,50.1,36.2,18.6,32.8,36.5,16.2,0,0,0,0,0,0,0,0,0,0,0,0,0,0,0,0,0,0,0,0,0,0,0,0,0,0,0,0,0,0,0,0,0,0,0,0,0,0,0,0,0,0,0,0,0,0,0,0,0,0,0,0,0,0,0,0,0,0,0,0,0,0,0,0,0,0,0,0,0,0,0,0,0,0,0,0,0,63.4,67.9,68.6,75.5,87.6,88.1,74,65.7,70.4,97.4,121.3,123.4,101,0,0,0,0,0,0,0,0,0,0,0,0,0,0,0,0,0,0,0,0,0,0,0,0,0,0,0,0,0,0,0,0,0,0,0,0,0,0,0,0,0,0,0,0,0,0,0,0,0,0,0,0,0,0,0,0,0,0,0,0,0,0,0,0,0,0,0,0,0,0,0,0,0,0,0,0,0,TT,O,,2021,2,4,4/13/2008,26.08695652,22.71843495,22.07381025,25.94155844,0,0,0,0,12,44.1,57.5,50.1,36.2,18.6,32.8,36.5,16.2,0,0,0,0,0,0,0,0,0,0,0,0,0,0,0,0,0,0,0,0,0,0,0,0,0,0,0,0,0,0,0,0,0,0,0,0,0,0,0,0,0,0,0,0,0,0,0,0,0,0,0,0,0,0,0,0,0,0,0,0,0,0,0,0,0,0,0,0,0,0,0,0,0,0,0,0,0,0,0,0,0,87.6,88.1,74,65.7,70.4,97.4,121.3,123.4,101,0,0,0,0,0,0,0,0,0,0,0,0,0,0,0,0,0,0,0,0,0,0,0,0,0,0,0,0,0,0,0,0,0,0,0,0,0,0,0,0,0,0,0,0,0,0,0,0,0,0,0,0,0,0,0,0,0,0,0,0,0,0,0,0,0,0,0,0,0,0,0,0,0,0,0,0,0,304,828.9,33.77777778,92.1,115,55,5,5
33,7,A,E,2,2.9,69,85,12,17,28,55,-40,1.5,2,0,0,90,2106,62,2,59.8,43.7,0,0,0,0,0,0,0,0,0,0,0,0,0,0,0,0,0,0,0,0,0,0,0,0,0,0,0,0,0,0,0,0,0,0,0,0,0,0,0,0,0,0,0,0,0,0,0,0,0,0,0,0,0,0,0,0,0,0,0,0,0,0,0,0,0,0,0,0,0,0,0,0,0,0,0,0,0,0,0,0,0,0,0,0,0,0,0,0,121,118.4,0,0,0,0,0,0,0,0,0,0,0,0,0,0,0,0,0,0,0,0,0,0,0,0,0,0,0,0,0,0,0,0,0,0,0,0,0,0,0,0,0,0,0,0,0,0,0,0,0,0,0,0,0,0,0,0,0,0,0,0,0,0,0,0,0,0,0,0,0,0,0,0,0,0,0,0,0,0,0,0,0,0,0,0,0,0,0,0,TT,O,,2021,3,4,4/13/2008,23.79310345,22.71843495,22.07381025,25.94155844,0,43.7,0,0,0,0,0,0,0,0,0,0,0,0,0,0,0,0,0,0,0,0,0,0,0,0,0,0,0,0,0,0,0,0,0,0,0,0,0,0,0,0,0,0,0,0,0,0,0,0,0,0,0,0,0,0,0,0,0,0,0,0,0,0,0,0,0,0,0,0,0,0,0,0,0,0,0,0,0,0,0,0,0,0,0,0,0,0,0,0,0,118.4,0,0,0,0,0,0,0,0,0,0,0,0,0,0,0,0,0,0,0,0,0,0,0,0,0,0,0,0,0,0,0,0,0,0,0,0,0,0,0,0,0,0,0,0,0,0,0,0,0,0,0,0,0,0,0,0,0,0,0,0,0,0,0,0,0,0,0,0,0,0,0,0,0,0,0,0,0,0,0,0,0,0,0,0,0,0,0,0,43.7,118.4,43.7,118.4,55,115,2,2
31,8,A,E,2,3.6,70,100,0,5,40,55,-26,1.5,0,0,0,90,2106,62,3,59,50.2,22.5,0,0,0,0,0,0,0,0,0,0,0,0,0,0,0,0,0,0,0,0,0,0,0,0,0,0,0,0,0,0,0,0,0,0,0,0,0,0,0,0,0,0,0,0,0,0,0,0,0,0,0,0,0,0,0,0,0,0,0,0,0,0,0,0,0,0,0,0,0,0,0,0,0,0,0,0,0,0,0,0,0,0,0,0,0,0,0,122,121.9,106.3,0,0,0,0,0,0,0,0,0,0,0,0,0,0,0,0,0,0,0,0,0,0,0,0,0,0,0,0,0,0,0,0,0,0,0,0,0,0,0,0,0,0,0,0,0,0,0,0,0,0,0,0,0,0,0,0,0,0,0,0,0,0,0,0,0,0,0,0,0,0,0,0,0,0,0,0,0,0,0,0,0,0,0,0,0,0,0,TT,O,,2021,4,4,4/14/2008,19.44444444,22.71843495,22.07381025,25.94155844,0,50.2,22.5,0,0,0,0,0,0,0,0,0,0,0,0,0,0,0,0,0,0,0,0,0,0,0,0,0,0,0,0,0,0,0,0,0,0,0,0,0,0,0,0,0,0,0,0,0,0,0,0,0,0,0,0,0,0,0,0,0,0,0,0,0,0,0,0,0,0,0,0,0,0,0,0,0,0,0,0,0,0,0,0,0,0,0,0,0,0,0,0,121.9,106.3,0,0,0,0,0,0,0,0,0,0,0,0,0,0,0,0,0,0,0,0,0,0,0,0,0,0,0,0,0,0,0,0,0,0,0,0,0,0,0,0,0,0,0,0,0,0,0,0,0,0,0,0,0,0,0,0,0,0,0,0,0,0,0,0,0,0,0,0,0,0,0,0,0,0,0,0,0,0,0,0,0,0,0,0,0,0,0,72.7,228.2,36.35,114.1,55,115,2,2
32,8,A,S,2,4.2,85,48,1,70,24,6,-55,1.5,1,0,0,90,2106,62,4,54.7,39.7,23.6,14.3,0,0,0,0,0,0,0,0,0,0,0,0,0,0,0,0,0,0,0,0,0,0,0,0,0,0,0,0,0,0,0,0,0,0,0,0,0,0,0,0,0,0,0,0,0,0,0,0,0,0,0,0,0,0,0,0,0,0,0,0,0,0,0,0,0,0,0,0,0,0,0,0,0,0,0,0,0,0,0,0,0,0,0,0,0,0,100.1,81.8,78.6,81.3,0,0,0,0,0,0,0,0,0,0,0,0,0,0,0,0,0,0,0,0,0,0,0,0,0,0,0,0,0,0,0,0,0,0,0,0,0,0,0,0,0,0,0,0,0,0,0,0,0,0,0,0,0,0,0,0,0,0,0,0,0,0,0,0,0,0,0,0,0,0,0,0,0,0,0,0,0,0,0,0,0,0,0,0,0,0,TT,O,,2021,5,4,4/14/2008,20.23809524,22.71843495,22.07381025,25.94155844,0,39.7,23.6,14.3,0,0,0,0,0,0,0,0,0,0,0,0,0,0,0,0,0,0,0,0,0,0,0,0,0,0,0,0,0,0,0,0,0,0,0,0,0,0,0,0,0,0,0,0,0,0,0,0,0,0,0,0,0,0,0,0,0,0,0,0,0,0,0,0,0,0,0,0,0,0,0,0,0,0,0,0,0,0,0,0,0,0,0,0,0,0,0,81.8,78.6,81.3,0,0,0,0,0,0,0,0,0,0,0,0,0,0,0,0,0,0,0,0,0,0,0,0,0,0,0,0,0,0,0,0,0,0,0,0,0,0,0,0,0,0,0,0,0,0,0,0,0,0,0,0,0,0,0,0,0,0,0,0,0,0,0,0,0,0,0,0,0,0,0,0,0,0,0,0,0,0,0,0,0,0,0,0,0,0,77.6,241.7,25.86666667,80.56666667,55,115,2,2
33,8,A,N,2,30.8,799,47,10,33,35,32,-50,1.5,0,0,0,90,2106,62,30,109.9,98.3,77,49.6,21.5,16.4,20.4,19.3,28.6,38.9,16.5,19.7,24.4,36.7,56.8,70.4,76.3,85.1,82.7,84,70.4,51.5,39.1,41.7,38.6,44.8,53.2,70.4,82.6,88.8,0,0,0,0,0,0,0,0,0,0,0,0,0,0,0,0,0,0,0,0,0,0,0,0,0,0,0,0,0,0,0,0,0,0,0,0,0,0,0,0,0,0,0,0,0,0,0,0,0,0,0,0,0,0,0,0,0,0,0,0,66.1,73.1,81,84.9,89.1,74.6,77.7,85.5,110.3,126.2,105.2,103.2,90.5,71.3,43.9,27.8,17.3,38.7,74.9,95.9,107.1,109.7,117.3,128,127.3,127.5,118.9,115.7,101.3,81.1,0,0,0,0,0,0,0,0,0,0,0,0,0,0,0,0,0,0,0,0,0,0,0,0,0,0,0,0,0,0,0,0,0,0,0,0,0,0,0,0,0,0,0,0,0,0,0,0,0,0,0,0,0,0,0,0,0,0,0,0,FS,O,,2021,6,4,4/14/2008,25.94155844,22.71843495,22.07381025,25.94155844,0,0,0,49.6,21.5,16.4,20.4,19.3,28.6,38.9,16.5,19.7,24.4,36.7,56.8,70.4,76.3,85.1,82.7,84,70.4,51.5,39.1,41.7,38.6,44.8,53.2,70.4,82.6,88.8,0,0,0,0,0,0,0,0,0,0,0,0,0,0,0,0,0,0,0,0,0,0,0,0,0,0,0,0,0,0,0,0,0,0,0,0,0,0,0,0,0,0,0,0,0,0,0,0,0,0,0,0,0,0,0,0,0,0,0,0,0,0,0,84.9,89.1,74.6,77.7,85.5,110.3,126.2,105.2,103.2,90.5,71.3,43.9,27.8,17.3,38.7,74.9,95.9,107.1,109.7,117.3,128,127.3,127.5,118.9,115.7,101.3,81.1,0,0,0,0,0,0,0,0,0,0,0,0,0,0,0,0,0,0,0,0,0,0,0,0,0,0,0,0,0,0,0,0,0,0,0,0,0,0,0,0,0,0,0,0,0,0,0,0,0,0,0,0,0,0,0,0,0,0,0,0,1328.4,2450.9,49.2,90.77407407,115,55,4,4
1,7,B,W,2,14.4,224,8,33,53,16,31,11,1.5,0,0,0,90,2106,73,14,109.9,107.3,105.7,104.4,103.1,103.4,84.5,60.7,57.4,71.6,71.6,68.9,53,28.5,0,0,0,0,0,0,0,0,0,0,0,0,0,0,0,0,0,0,0,0,0,0,0,0,0,0,0,0,0,0,0,0,0,0,0,0,0,0,0,0,0,0,0,0,0,0,0,0,0,0,0,0,0,0,0,0,0,0,0,0,0,0,0,0,0,0,0,0,0,0,0,0,0,0,0,0,59.8,59.5,59.3,58.7,58.4,60.6,50.7,36.8,35.8,32,34.3,29.3,39.1,61.5,0,0,0,0,0,0,0,0,0,0,0,0,0,0,0,0,0,0,0,0,0,0,0,0,0,0,0,0,0,0,0,0,0,0,0,0,0,0,0,0,0,0,0,0,0,0,0,0,0,0,0,0,0,0,0,0,0,0,0,0,0,0,0,0,0,0,0,0,0,0,0,0,0,0,0,0,TT,O,,2021,1,4,4/13/2008,15.55555556,19.64013832,19.70408831,19.32038835,0,0,0,0,0,103.4,84.5,60.7,57.4,71.6,71.6,68.9,53,28.5,0,0,0,0,0,0,0,0,0,0,0,0,0,0,0,0,0,0,0,0,0,0,0,0,0,0,0,0,0,0,0,0,0,0,0,0,0,0,0,0,0,0,0,0,0,0,0,0,0,0,0,0,0,0,0,0,0,0,0,0,0,0,0,0,0,0,0,0,0,0,0,0,0,0,0,0,0,0,0,0,0,60.6,50.7,36.8,35.8,32,34.3,29.3,39.1,61.5,0,0,0,0,0,0,0,0,0,0,0,0,0,0,0,0,0,0,0,0,0,0,0,0,0,0,0,0,0,0,0,0,0,0,0,0,0,0,0,0,0,0,0,0,0,0,0,0,0,0,0,0,0,0,0,0,0,0,0,0,0,0,0,0,0,0,0,0,0,0,0,0,0,0,0,0,599.6,380.1,66.62222222,42.23333333,115,55,6,6
2,7,B,N,2,18.5,399,25,41,79,20,1,27,1.5,1,0,0,90,2106,73,18,113.9,108.3,95.6,76.1,60.2,46.3,34.5,30.4,38,36.9,43.3,56.9,69.4,71.9,78.2,67.1,46,18.3,0,0,0,0,0,0,0,0,0,0,0,0,0,0,0,0,0,0,0,0,0,0,0,0,0,0,0,0,0,0,0,0,0,0,0,0,0,0,0,0,0,0,0,0,0,0,0,0,0,0,0,0,0,0,0,0,0,0,0,0,0,0,0,0,0,0,0,0,0,0,0,0,56.3,48.9,36.6,36.5,51.7,72.4,86.1,101.6,103,86.7,66.2,42.5,24.1,22,13.9,32.5,58,76.3,0,0,0,0,0,0,0,0,0,0,0,0,0,0,0,0,0,0,0,0,0,0,0,0,0,0,0,0,0,0,0,0,0,0,0,0,0,0,0,0,0,0,0,0,0,0,0,0,0,0,0,0,0,0,0,0,0,0,0,0,0,0,0,0,0,0,0,0,0,0,0,0,TT,O,,2021,2,4,4/13/2008,21.56756757,19.64013832,19.70408831,19.32038835,0,0,0,0,0,46.3,34.5,30.4,38,36.9,43.3,56.9,69.4,71.9,78.2,67.1,46,18.3,0,0,0,0,0,0,0,0,0,0,0,0,0,0,0,0,0,0,0,0,0,0,0,0,0,0,0,0,0,0,0,0,0,0,0,0,0,0,0,0,0,0,0,0,0,0,0,0,0,0,0,0,0,0,0,0,0,0,0,0,0,0,0,0,0,0,0,0,0,0,0,0,0,0,0,0,0,72.4,86.1,101.6,103,86.7,66.2,42.5,24.1,22,13.9,32.5,58,76.3,0,0,0,0,0,0,0,0,0,0,0,0,0,0,0,0,0,0,0,0,0,0,0,0,0,0,0,0,0,0,0,0,0,0,0,0,0,0,0,0,0,0,0,0,0,0,0,0,0,0,0,0,0,0,0,0,0,0,0,0,0,0,0,0,0,0,0,0,0,0,0,0,637.2,785.3,49.01538462,60.40769231,115,55,6,6
3,7,B,E,2,46.5,975,10,25,61,32,7,60,1.5,1,1,0,90,2106,73,46,71.1,62.2,56.1,46.7,30.8,26.7,40.9,44.8,33.4,20,30.4,50.2,56.2,60.4,52.9,65.8,74.4,72.6,70.1,64.4,77.6,90.7,103.3,105.4,107.9,99.2,86.2,73.8,62.6,61.2,74.5,67.1,60.7,59.5,67.6,75,82,79.9,76.5,75.9,77.9,84.8,86.8,67.7,44.9,20.7,0,0,0,0,0,0,0,0,0,0,0,0,0,0,0,0,0,0,0,0,0,0,0,0,0,0,0,0,0,0,0,0,0,0,0,0,0,0,0,0,0,0,0,0,119.4,102.4,93.6,85.1,71.1,68.8,70.4,81.8,83.9,72.8,62.2,55.9,51.6,50.5,67.1,97.5,93.3,83.4,80.5,57,24.5,19.4,25.3,27.6,29.1,30.4,41.4,61.9,83.5,109.1,125.7,108.7,89.6,66.7,40.5,26.8,12.5,13,28.6,36.6,46.6,56.2,61.2,67.8,72.6,82.4,0,0,0,0,0,0,0,0,0,0,0,0,0,0,0,0,0,0,0,0,0,0,0,0,0,0,0,0,0,0,0,0,0,0,0,0,0,0,0,0,0,0,0,0,TT,O,,2021,3,4,4/13/2008,20.96774194,19.64013832,19.70408831,19.32038835,0,0,56.1,46.7,30.8,26.7,40.9,44.8,33.4,20,30.4,50.2,56.2,60.4,52.9,65.8,74.4,72.6,70.1,64.4,77.6,90.7,103.3,105.4,107.9,99.2,86.2,73.8,62.6,61.2,74.5,67.1,60.7,59.5,67.6,75,82,79.9,76.5,75.9,77.9,84.8,86.8,67.7,44.9,20.7,0,0,0,0,0,0,0,0,0,0,0,0,0,0,0,0,0,0,0,0,0,0,0,0,0,0,0,0,0,0,0,0,0,0,0,0,0,0,0,0,0,0,0,0,0,0,93.6,85.1,71.1,68.8,70.4,81.8,83.9,72.8,62.2,55.9,51.6,50.5,67.1,97.5,93.3,83.4,80.5,57,24.5,19.4,25.3,27.6,29.1,30.4,41.4,61.9,83.5,109.1,125.7,108.7,89.6,66.7,40.5,26.8,12.5,13,28.6,36.6,46.6,56.2,61.2,67.8,72.6,82.4,0,0,0,0,0,0,0,0,0,0,0,0,0,0,0,0,0,0,0,0,0,0,0,0,0,0,0,0,0,0,0,0,0,0,0,0,0,0,0,0,0,0,0,0,2866.2,2714.2,65.14090909,61.68636364,55,115,3,3
1,8,B,E,2,38.9,764,30,15,13,39,48,55,1.5,1,0,0,90,2106,73,38,72.7,64.8,60.5,51.9,38.9,37.3,48.9,62.2,80.5,88,96.2,98,102.9,106.8,103.5,105.1,107,104,89.5,84,92.9,95.4,90,84.7,72.7,61.7,51.8,38.5,37.9,39.5,38.5,35.3,39.9,50.9,57.3,60.2,42.1,24.2,0,0,0,0,0,0,0,0,0,0,0,0,0,0,0,0,0,0,0,0,0,0,0,0,0,0,0,0,0,0,0,0,0,0,0,0,0,0,0,0,0,0,0,0,0,0,0,0,0,0,0,0,118.7,105.3,97.3,81.9,61.1,57.6,67,81.5,95.4,91.8,85.3,72,54.6,36.7,19.1,21.1,32,35.7,49.4,82.1,98.9,105.2,103.2,104.9,110,118.5,124.7,123,127,128.8,127.2,117,111.1,107.6,105.9,111.4,111.5,102.6,0,0,0,0,0,0,0,0,0,0,0,0,0,0,0,0,0,0,0,0,0,0,0,0,0,0,0,0,0,0,0,0,0,0,0,0,0,0,0,0,0,0,0,0,0,0,0,0,0,0,0,0,TT,O,,2021,4,4,4/14/2008,19.64010283,19.64013832,19.70408831,19.32038835,0,0,60.5,51.9,38.9,37.3,48.9,62.2,80.5,88,96.2,98,102.9,106.8,103.5,105.1,107,104,89.5,84,92.9,95.4,90,84.7,72.7,61.7,51.8,38.5,37.9,39.5,38.5,35.3,39.9,50.9,57.3,60.2,42.1,24.2,0,0,0,0,0,0,0,0,0,0,0,0,0,0,0,0,0,0,0,0,0,0,0,0,0,0,0,0,0,0,0,0,0,0,0,0,0,0,0,0,0,0,0,0,0,0,0,0,0,0,0,0,0,0,97.3,81.9,61.1,57.6,67,81.5,95.4,91.8,85.3,72,54.6,36.7,19.1,21.1,32,35.7,49.4,82.1,98.9,105.2,103.2,104.9,110,118.5,124.7,123,127,128.8,127.2,117,111.1,107.6,105.9,111.4,111.5,102.6,0,0,0,0,0,0,0,0,0,0,0,0,0,0,0,0,0,0,0,0,0,0,0,0,0,0,0,0,0,0,0,0,0,0,0,0,0,0,0,0,0,0,0,0,0,0,0,0,0,0,0,0,2478.7,3160.1,68.85277778,87.78055556,55,115,3,3
2,8,B,S,2,7.6,158,82,4,40,44,16,45,1.5,1,0,0,90,2106,73,7,47.4,33.5,18,16.6,34.6,40.1,21.2,0,0,0,0,0,0,0,0,0,0,0,0,0,0,0,0,0,0,0,0,0,0,0,0,0,0,0,0,0,0,0,0,0,0,0,0,0,0,0,0,0,0,0,0,0,0,0,0,0,0,0,0,0,0,0,0,0,0,0,0,0,0,0,0,0,0,0,0,0,0,0,0,0,0,0,0,0,0,0,0,0,0,0,114.7,112.8,94.7,87.3,88.1,91.3,93,0,0,0,0,0,0,0,0,0,0,0,0,0,0,0,0,0,0,0,0,0,0,0,0,0,0,0,0,0,0,0,0,0,0,0,0,0,0,0,0,0,0,0,0,0,0,0,0,0,0,0,0,0,0,0,0,0,0,0,0,0,0,0,0,0,0,0,0,0,0,0,0,0,0,0,0,0,0,0,0,0,0,0,TT,O,,2021,5,4,4/14/2008,20.78947368,19.64013832,19.70408831,19.32038835,0,0,18,16.6,34.6,40.1,21.2,0,0,0,0,0,0,0,0,0,0,0,0,0,0,0,0,0,0,0,0,0,0,0,0,0,0,0,0,0,0,0,0,0,0,0,0,0,0,0,0,0,0,0,0,0,0,0,0,0,0,0,0,0,0,0,0,0,0,0,0,0,0,0,0,0,0,0,0,0,0,0,0,0,0,0,0,0,0,0,0,0,0,0,0,0,94.7,87.3,88.1,91.3,93,0,0,0,0,0,0,0,0,0,0,0,0,0,0,0,0,0,0,0,0,0,0,0,0,0,0,0,0,0,0,0,0,0,0,0,0,0,0,0,0,0,0,0,0,0,0,0,0,0,0,0,0,0,0,0,0,0,0,0,0,0,0,0,0,0,0,0,0,0,0,0,0,0,0,0,0,0,0,0,0,0,0,0,130.5,454.4,26.1,90.88,55,115,3,3
3,8,B,N,2,30.9,597,33,17,61,32,7,33,1.5,0,0,0,90,2106,73,30,113.7,105,87.1,66.7,50.1,48.8,52.1,39.1,25.6,13,21.8,37.2,49.1,55.1,64.7,77.9,79.9,78.8,68.4,52.8,32.5,21.8,36.4,43.4,52.7,60.2,54.3,36.2,23,26.9,0,0,0,0,0,0,0,0,0,0,0,0,0,0,0,0,0,0,0,0,0,0,0,0,0,0,0,0,0,0,0,0,0,0,0,0,0,0,0,0,0,0,0,0,0,0,0,0,0,0,0,0,0,0,0,0,0,0,0,0,53.1,41.3,24.5,24.3,48.5,67.9,83.8,93,87.8,81.2,81,87.3,81.9,68.1,48.2,41.2,45.4,45,54.2,60,65.3,72.4,83.7,91.2,98.8,106.2,111.5,107.9,108.6,115.9,0,0,0,0,0,0,0,0,0,0,0,0,0,0,0,0,0,0,0,0,0,0,0,0,0,0,0,0,0,0,0,0,0,0,0,0,0,0,0,0,0,0,0,0,0,0,0,0,0,0,0,0,0,0,0,0,0,0,0,0,FS,O,,2021,6,4,4/14/2008,19.32038835,19.64013832,19.70408831,19.32038835,0,0,0,0,0,48.8,52.1,39.1,25.6,13,21.8,37.2,49.1,55.1,64.7,77.9,79.9,78.8,68.4,52.8,32.5,21.8,36.4,43.4,52.7,60.2,54.3,36.2,23,26.9,0,0,0,0,0,0,0,0,0,0,0,0,0,0,0,0,0,0,0,0,0,0,0,0,0,0,0,0,0,0,0,0,0,0,0,0,0,0,0,0,0,0,0,0,0,0,0,0,0,0,0,0,0,0,0,0,0,0,0,0,0,0,0,0,0,67.9,83.8,93,87.8,81.2,81,87.3,81.9,68.1,48.2,41.2,45.4,45,54.2,60,65.3,72.4,83.7,91.2,98.8,106.2,111.5,107.9,108.6,115.9,0,0,0,0,0,0,0,0,0,0,0,0,0,0,0,0,0,0,0,0,0,0,0,0,0,0,0,0,0,0,0,0,0,0,0,0,0,0,0,0,0,0,0,0,0,0,0,0,0,0,0,0,0,0,0,0,0,0,0,0,1151.7,1987.5,46.068,79.5,115,55,6,6
4,7,B,W,2,31.3,862,33,25,61,33,6,35,1.5,0,1,0,90,2106,77,31,103.1,62.6,36.3,52.2,64.6,66.6,57.1,33.1,48.7,53.1,62.6,56.4,23.5,12.6,22.2,43.4,64.4,80.6,88.6,95.7,96.6,97.6,87.6,81.3,65.8,44.3,25.6,26.2,33,45,18.2,0,0,0,0,0,0,0,0,0,0,0,0,0,0,0,0,0,0,0,0,0,0,0,0,0,0,0,0,0,0,0,0,0,0,0,0,0,0,0,0,0,0,0,0,0,0,0,0,0,0,0,0,0,0,0,0,0,0,0,62.1,61.9,55.9,40.6,31.4,24.2,38.7,57,41,37.5,34.2,52.7,76,79.9,87,83.7,75.6,58.9,55.3,35.3,12.9,21.8,38.8,63.3,82.9,100,111.4,112.6,115.3,129.2,107.5,0,0,0,0,0,0,0,0,0,0,0,0,0,0,0,0,0,0,0,0,0,0,0,0,0,0,0,0,0,0,0,0,0,0,0,0,0,0,0,0,0,0,0,0,0,0,0,0,0,0,0,0,0,0,0,0,0,0,0,TT,O,,2021,1,4,4/13/2008,27.5399361,28.81478587,28.79924142,28.89250814,0,0,0,52.2,64.6,66.6,57.1,33.1,48.7,53.1,62.6,56.4,23.5,12.6,22.2,43.4,64.4,80.6,88.6,95.7,96.6,97.6,87.6,81.3,65.8,44.3,25.6,26.2,33,45,18.2,0,0,0,0,0,0,0,0,0,0,0,0,0,0,0,0,0,0,0,0,0,0,0,0,0,0,0,0,0,0,0,0,0,0,0,0,0,0,0,0,0,0,0,0,0,0,0,0,0,0,0,0,0,0,0,0,0,0,0,0,0,0,40.6,31.4,24.2,38.7,57,41,37.5,34.2,52.7,76,79.9,87,83.7,75.6,58.9,55.3,35.3,12.9,21.8,38.8,63.3,82.9,100,111.4,112.6,115.3,129.2,107.5,0,0,0,0,0,0,0,0,0,0,0,0,0,0,0,0,0,0,0,0,0,0,0,0,0,0,0,0,0,0,0,0,0,0,0,0,0,0,0,0,0,0,0,0,0,0,0,0,0,0,0,0,0,0,0,0,0,0,0,1546.6,1804.7,55.23571429,64.45357143,115,55,4,4
5,7,B,N,2,21.4,589,19,54,64,34,2,73,1.5,2,2,0,90,2106,77,21,114.1,108,91.8,74,57.1,36.7,14.2,23.5,38.1,58,77.2,88.9,95.9,103.6,98.5,104.1,107.6,100.4,87.5,59.5,27.6,0,0,0,0,0,0,0,0,0,0,0,0,0,0,0,0,0,0,0,0,0,0,0,0,0,0,0,0,0,0,0,0,0,0,0,0,0,0,0,0,0,0,0,0,0,0,0,0,0,0,0,0,0,0,0,0,0,0,0,0,0,0,0,0,0,0,0,0,0,50.2,26.8,10.2,35.1,63.6,86.4,82.7,68.4,70.4,67.9,56,41.9,31.1,16.6,19.8,42.2,33.2,18.4,7.9,30.1,63.6,0,0,0,0,0,0,0,0,0,0,0,0,0,0,0,0,0,0,0,0,0,0,0,0,0,0,0,0,0,0,0,0,0,0,0,0,0,0,0,0,0,0,0,0,0,0,0,0,0,0,0,0,0,0,0,0,0,0,0,0,0,0,0,0,0,0,0,0,0,TT,O,,2021,2,4,4/13/2008,27.52336449,28.81478587,28.79924142,28.89250814,0,0,0,74,57.1,36.7,14.2,23.5,38.1,58,77.2,88.9,95.9,103.6,98.5,104.1,107.6,100.4,87.5,59.5,27.6,0,0,0,0,0,0,0,0,0,0,0,0,0,0,0,0,0,0,0,0,0,0,0,0,0,0,0,0,0,0,0,0,0,0,0,0,0,0,0,0,0,0,0,0,0,0,0,0,0,0,0,0,0,0,0,0,0,0,0,0,0,0,0,0,0,0,0,0,0,0,0,0,35.1,63.6,86.4,82.7,68.4,70.4,67.9,56,41.9,31.1,16.6,19.8,42.2,33.2,18.4,7.9,30.1,63.6,0,0,0,0,0,0,0,0,0,0,0,0,0,0,0,0,0,0,0,0,0,0,0,0,0,0,0,0,0,0,0,0,0,0,0,0,0,0,0,0,0,0,0,0,0,0,0,0,0,0,0,0,0,0,0,0,0,0,0,0,0,0,0,0,0,0,0,0,0,1252.4,835.3,69.57777778,46.40555556,115,55,4,4
6,7,B,E,2,20.4,556,19,29,70,26,4,79,1.5,0,1,0,90,2106,77,20,65.5,70,81.5,87.9,96.3,95.3,82.4,62.8,39.7,24.8,36.4,40.4,48.1,58.3,72.1,75.3,76,66.1,47.5,26.3,0,0,0,0,0,0,0,0,0,0,0,0,0,0,0,0,0,0,0,0,0,0,0,0,0,0,0,0,0,0,0,0,0,0,0,0,0,0,0,0,0,0,0,0,0,0,0,0,0,0,0,0,0,0,0,0,0,0,0,0,0,0,0,0,0,0,0,0,0,0,105.1,80.3,56.4,43.4,17.1,17.3,37.9,62,87.3,105.1,114.1,97.2,78.8,55.5,27.4,15.7,20.8,39.9,60.7,81,0,0,0,0,0,0,0,0,0,0,0,0,0,0,0,0,0,0,0,0,0,0,0,0,0,0,0,0,0,0,0,0,0,0,0,0,0,0,0,0,0,0,0,0,0,0,0,0,0,0,0,0,0,0,0,0,0,0,0,0,0,0,0,0,0,0,0,0,0,0,TT,O,,2021,3,4,4/13/2008,27.25490196,28.81478587,28.79924142,28.89250814,0,70,81.5,87.9,96.3,95.3,82.4,62.8,39.7,24.8,36.4,40.4,48.1,58.3,72.1,75.3,76,66.1,47.5,26.3,0,0,0,0,0,0,0,0,0,0,0,0,0,0,0,0,0,0,0,0,0,0,0,0,0,0,0,0,0,0,0,0,0,0,0,0,0,0,0,0,0,0,0,0,0,0,0,0,0,0,0,0,0,0,0,0,0,0,0,0,0,0,0,0,0,0,0,0,0,0,0,80.3,56.4,43.4,17.1,17.3,37.9,62,87.3,105.1,114.1,97.2,78.8,55.5,27.4,15.7,20.8,39.9,60.7,81,0,0,0,0,0,0,0,0,0,0,0,0,0,0,0,0,0,0,0,0,0,0,0,0,0,0,0,0,0,0,0,0,0,0,0,0,0,0,0,0,0,0,0,0,0,0,0,0,0,0,0,0,0,0,0,0,0,0,0,0,0,0,0,0,0,0,0,0,0,0,1187.2,1097.9,62.48421053,57.78421053,55,115,2,2
4,8,B,E,2,8.1,261,12,28,85,12,3,80,1.5,1,1,0,90,2106,77,8,70.8,73.2,77.8,85.8,89.2,77.7,52.7,12.6,0,0,0,0,0,0,0,0,0,0,0,0,0,0,0,0,0,0,0,0,0,0,0,0,0,0,0,0,0,0,0,0,0,0,0,0,0,0,0,0,0,0,0,0,0,0,0,0,0,0,0,0,0,0,0,0,0,0,0,0,0,0,0,0,0,0,0,0,0,0,0,0,0,0,0,0,0,0,0,0,0,0,101.4,69.3,47.2,15,18.8,45.1,65.2,83.7,0,0,0,0,0,0,0,0,0,0,0,0,0,0,0,0,0,0,0,0,0,0,0,0,0,0,0,0,0,0,0,0,0,0,0,0,0,0,0,0,0,0,0,0,0,0,0,0,0,0,0,0,0,0,0,0,0,0,0,0,0,0,0,0,0,0,0,0,0,0,0,0,0,0,0,0,0,0,0,0,0,0,TT,O,,2021,4,4,4/14/2008,32.22222222,28.81478587,28.79924142,28.89250814,0,73.2,77.8,85.8,89.2,77.7,52.7,12.6,0,0,0,0,0,0,0,0,0,0,0,0,0,0,0,0,0,0,0,0,0,0,0,0,0,0,0,0,0,0,0,0,0,0,0,0,0,0,0,0,0,0,0,0,0,0,0,0,0,0,0,0,0,0,0,0,0,0,0,0,0,0,0,0,0,0,0,0,0,0,0,0,0,0,0,0,0,0,0,0,0,0,0,69.3,47.2,15,18.8,45.1,65.2,83.7,0,0,0,0,0,0,0,0,0,0,0,0,0,0,0,0,0,0,0,0,0,0,0,0,0,0,0,0,0,0,0,0,0,0,0,0,0,0,0,0,0,0,0,0,0,0,0,0,0,0,0,0,0,0,0,0,0,0,0,0,0,0,0,0,0,0,0,0,0,0,0,0,0,0,0,0,0,0,0,0,0,0,469,344.3,67,49.18571429,55,115,2,2
5,8,B,S,2,14.7,433,16,18,79,20,1,-69,1.5,1,0,0,90,2106,77,14,59.8,55.7,61.3,74,87.1,82.3,60,31.5,23.7,58.5,74.8,72.8,64.3,35.7,0,0,0,0,0,0,0,0,0,0,0,0,0,0,0,0,0,0,0,0,0,0,0,0,0,0,0,0,0,0,0,0,0,0,0,0,0,0,0,0,0,0,0,0,0,0,0,0,0,0,0,0,0,0,0,0,0,0,0,0,0,0,0,0,0,0,0,0,0,0,0,0,0,0,0,0,86,53,30.9,47.6,65.8,77.6,76.7,73,72.4,58.9,37.7,25.3,28.1,54,0,0,0,0,0,0,0,0,0,0,0,0,0,0,0,0,0,0,0,0,0,0,0,0,0,0,0,0,0,0,0,0,0,0,0,0,0,0,0,0,0,0,0,0,0,0,0,0,0,0,0,0,0,0,0,0,0,0,0,0,0,0,0,0,0,0,0,0,0,0,0,0,0,0,0,0,TT,O,,2021,5,4,4/14/2008,29.45578231,28.81478587,28.79924142,28.89250814,0,55.7,61.3,74,87.1,82.3,60,31.5,23.7,58.5,74.8,72.8,64.3,35.7,0,0,0,0,0,0,0,0,0,0,0,0,0,0,0,0,0,0,0,0,0,0,0,0,0,0,0,0,0,0,0,0,0,0,0,0,0,0,0,0,0,0,0,0,0,0,0,0,0,0,0,0,0,0,0,0,0,0,0,0,0,0,0,0,0,0,0,0,0,0,0,0,0,0,0,0,0,53,30.9,47.6,65.8,77.6,76.7,73,72.4,58.9,37.7,25.3,28.1,54,0,0,0,0,0,0,0,0,0,0,0,0,0,0,0,0,0,0,0,0,0,0,0,0,0,0,0,0,0,0,0,0,0,0,0,0,0,0,0,0,0,0,0,0,0,0,0,0,0,0,0,0,0,0,0,0,0,0,0,0,0,0,0,0,0,0,0,0,0,0,0,0,0,0,0,0,781.7,701,60.13076923,53.92307692,55,115,2,2
6,8,B,N,2,30.7,887,34,23,75,22,3,68,1.5,2,2,0,90,2106,77,30,111,104.3,88.9,71,47.9,24.4,13.7,28.7,48.9,71.7,87.9,95.3,95.3,84.6,62.3,33.8,12,25.2,36.6,42.2,12.9,12.3,38.3,68.4,86.5,88.6,74.8,51.8,25.2,36.7,0,0,0,0,0,0,0,0,0,0,0,0,0,0,0,0,0,0,0,0,0,0,0,0,0,0,0,0,0,0,0,0,0,0,0,0,0,0,0,0,0,0,0,0,0,0,0,0,0,0,0,0,0,0,0,0,0,0,0,0,46,22.6,15.4,50.4,78.3,91.4,99.2,91.4,73.9,50.3,35,17.8,15.3,36.6,59,80.3,96.2,102.4,107.8,120,100.4,79.7,56.5,41.3,52.1,57.9,66,63.3,68.7,63.3,0,0,0,0,0,0,0,0,0,0,0,0,0,0,0,0,0,0,0,0,0,0,0,0,0,0,0,0,0,0,0,0,0,0,0,0,0,0,0,0,0,0,0,0,0,0,0,0,0,0,0,0,0,0,0,0,0,0,0,0,FS,O,,2021,6,4,4/14/2008,28.89250814,28.81478587,28.79924142,28.89250814,0,0,0,71,47.9,24.4,13.7,28.7,48.9,71.7,87.9,95.3,95.3,84.6,62.3,33.8,12,25.2,36.6,42.2,12.9,12.3,38.3,68.4,86.5,88.6,74.8,51.8,25.2,36.7,0,0,0,0,0,0,0,0,0,0,0,0,0,0,0,0,0,0,0,0,0,0,0,0,0,0,0,0,0,0,0,0,0,0,0,0,0,0,0,0,0,0,0,0,0,0,0,0,0,0,0,0,0,0,0,0,0,0,0,0,0,0,0,50.4,78.3,91.4,99.2,91.4,73.9,50.3,35,17.8,15.3,36.6,59,80.3,96.2,102.4,107.8,120,100.4,79.7,56.5,41.3,52.1,57.9,66,63.3,68.7,63.3,0,0,0,0,0,0,0,0,0,0,0,0,0,0,0,0,0,0,0,0,0,0,0,0,0,0,0,0,0,0,0,0,0,0,0,0,0,0,0,0,0,0,0,0,0,0,0,0,0,0,0,0,0,0,0,0,0,0,0,0,1377,1854.5,51,68.68518519,115,55,4,4
7,7,B,W,2,20.1,497,34,28,60,33,7,8,1.5,0,1,0,90,2106,78,20,101.9,73.1,53.6,39.1,31.8,24.3,28.4,22.4,24.1,45.6,65.1,85.8,102,111.9,107.5,99,85,64.5,39.6,15.7,0,0,0,0,0,0,0,0,0,0,0,0,0,0,0,0,0,0,0,0,0,0,0,0,0,0,0,0,0,0,0,0,0,0,0,0,0,0,0,0,0,0,0,0,0,0,0,0,0,0,0,0,0,0,0,0,0,0,0,0,0,0,0,0,0,0,0,0,0,0,63.9,53.8,44.9,51.2,62.6,84.5,110.8,107.9,88.1,68.5,49.4,42.2,46.7,42.8,30,16.5,8,24.9,49.9,74.8,0,0,0,0,0,0,0,0,0,0,0,0,0,0,0,0,0,0,0,0,0,0,0,0,0,0,0,0,0,0,0,0,0,0,0,0,0,0,0,0,0,0,0,0,0,0,0,0,0,0,0,0,0,0,0,0,0,0,0,0,0,0,0,0,0,0,0,0,0,0,TT,O,,2021,1,4,4/13/2008,24.72636816,24.43165214,24.31472524,25.01628664,0,0,0,0,31.8,24.3,28.4,22.4,24.1,45.6,65.1,85.8,102,111.9,107.5,99,85,64.5,39.6,15.7,0,0,0,0,0,0,0,0,0,0,0,0,0,0,0,0,0,0,0,0,0,0,0,0,0,0,0,0,0,0,0,0,0,0,0,0,0,0,0,0,0,0,0,0,0,0,0,0,0,0,0,0,0,0,0,0,0,0,0,0,0,0,0,0,0,0,0,0,0,0,0,0,0,0,62.6,84.5,110.8,107.9,88.1,68.5,49.4,42.2,46.7,42.8,30,16.5,8,24.9,49.9,74.8,0,0,0,0,0,0,0,0,0,0,0,0,0,0,0,0,0,0,0,0,0,0,0,0,0,0,0,0,0,0,0,0,0,0,0,0,0,0,0,0,0,0,0,0,0,0,0,0,0,0,0,0,0,0,0,0,0,0,0,0,0,0,0,0,0,0,0,0,0,0,952.7,907.6,59.54375,56.725,115,55,5,5
8,7,B,N,2,27.9,783,34,32,51,45,4,52,1.5,1,1,0,90,2106,78,27,109.6,101.6,82.6,64.1,67.9,89.6,94.9,91.3,81.9,62.4,42.6,21.5,23.7,33.5,50.9,75.3,80.5,73.3,61.4,48.5,35.3,38.8,35.3,27.5,37.3,33.7,21.8,0,0,0,0,0,0,0,0,0,0,0,0,0,0,0,0,0,0,0,0,0,0,0,0,0,0,0,0,0,0,0,0,0,0,0,0,0,0,0,0,0,0,0,0,0,0,0,0,0,0,0,0,0,0,0,0,0,0,0,0,0,0,0,50.7,32.7,17.7,27.1,46.9,38.1,17.5,8.6,20.8,41.4,70.1,91.6,111.8,102.9,93.4,84.8,66.8,43.2,30.9,44.3,73.8,94.4,111,115.1,120,105.7,92,0,0,0,0,0,0,0,0,0,0,0,0,0,0,0,0,0,0,0,0,0,0,0,0,0,0,0,0,0,0,0,0,0,0,0,0,0,0,0,0,0,0,0,0,0,0,0,0,0,0,0,0,0,0,0,0,0,0,0,0,0,0,0,TT,O,,2021,2,4,4/13/2008,28.06451613,24.43165214,24.31472524,25.01628664,0,0,0,0,67.9,89.6,94.9,91.3,81.9,62.4,42.6,21.5,23.7,33.5,50.9,75.3,80.5,73.3,61.4,48.5,35.3,38.8,35.3,27.5,37.3,33.7,21.8,0,0,0,0,0,0,0,0,0,0,0,0,0,0,0,0,0,0,0,0,0,0,0,0,0,0,0,0,0,0,0,0,0,0,0,0,0,0,0,0,0,0,0,0,0,0,0,0,0,0,0,0,0,0,0,0,0,0,0,0,0,0,0,0,0,0,0,46.9,38.1,17.5,8.6,20.8,41.4,70.1,91.6,111.8,102.9,93.4,84.8,66.8,43.2,30.9,44.3,73.8,94.4,111,115.1,120,105.7,92,0,0,0,0,0,0,0,0,0,0,0,0,0,0,0,0,0,0,0,0,0,0,0,0,0,0,0,0,0,0,0,0,0,0,0,0,0,0,0,0,0,0,0,0,0,0,0,0,0,0,0,0,0,0,0,0,0,0,0,0,0,0,0,1228.9,1625.1,53.43043478,70.65652174,115,55,5,5
9,7,B,E,2,18.5,449,52,9,59,38,3,58,1.5,1,0,0,90,2106,78,18,65.2,59.4,57,67.3,79.3,78.5,71.3,54.2,44.1,27.2,22.5,30,26,18.1,27.7,36.5,38.7,23.9,0,0,0,0,0,0,0,0,0,0,0,0,0,0,0,0,0,0,0,0,0,0,0,0,0,0,0,0,0,0,0,0,0,0,0,0,0,0,0,0,0,0,0,0,0,0,0,0,0,0,0,0,0,0,0,0,0,0,0,0,0,0,0,0,0,0,0,0,0,0,0,0,110.9,90.2,67,38.2,37.5,47,58.2,75.4,97.9,104.1,108.1,92.3,74.6,73.3,80.6,89.3,104.9,105.3,0,0,0,0,0,0,0,0,0,0,0,0,0,0,0,0,0,0,0,0,0,0,0,0,0,0,0,0,0,0,0,0,0,0,0,0,0,0,0,0,0,0,0,0,0,0,0,0,0,0,0,0,0,0,0,0,0,0,0,0,0,0,0,0,0,0,0,0,0,0,0,0,TT,O,,2021,3,4,4/13/2008,24.27027027,24.43165214,24.31472524,25.01628664,0,59.4,57,67.3,79.3,78.5,71.3,54.2,44.1,27.2,22.5,30,26,18.1,27.7,36.5,38.7,23.9,0,0,0,0,0,0,0,0,0,0,0,0,0,0,0,0,0,0,0,0,0,0,0,0,0,0,0,0,0,0,0,0,0,0,0,0,0,0,0,0,0,0,0,0,0,0,0,0,0,0,0,0,0,0,0,0,0,0,0,0,0,0,0,0,0,0,0,0,0,0,0,0,0,90.2,67,38.2,37.5,47,58.2,75.4,97.9,104.1,108.1,92.3,74.6,73.3,80.6,89.3,104.9,105.3,0,0,0,0,0,0,0,0,0,0,0,0,0,0,0,0,0,0,0,0,0,0,0,0,0,0,0,0,0,0,0,0,0,0,0,0,0,0,0,0,0,0,0,0,0,0,0,0,0,0,0,0,0,0,0,0,0,0,0,0,0,0,0,0,0,0,0,0,0,0,0,0,761.7,1343.9,44.80588235,79.05294118,55,115,2,2
7,8,B,E,2,9.8,206,11,1,20,70,10,84,1.5,1,0,0,90,2106,78,9,71.2,73.4,79.5,92.9,94.6,93.8,81.3,61.9,38.6,0,0,0,0,0,0,0,0,0,0,0,0,0,0,0,0,0,0,0,0,0,0,0,0,0,0,0,0,0,0,0,0,0,0,0,0,0,0,0,0,0,0,0,0,0,0,0,0,0,0,0,0,0,0,0,0,0,0,0,0,0,0,0,0,0,0,0,0,0,0,0,0,0,0,0,0,0,0,0,0,0,116,96.7,76.1,71,71.3,73.4,78.7,84.1,86.3,0,0,0,0,0,0,0,0,0,0,0,0,0,0,0,0,0,0,0,0,0,0,0,0,0,0,0,0,0,0,0,0,0,0,0,0,0,0,0,0,0,0,0,0,0,0,0,0,0,0,0,0,0,0,0,0,0,0,0,0,0,0,0,0,0,0,0,0,0,0,0,0,0,0,0,0,0,0,0,0,0,TT,O,,2021,4,4,4/14/2008,21.02040816,24.43165214,24.31472524,25.01628664,0,73.4,79.5,92.9,94.6,93.8,81.3,61.9,38.6,0,0,0,0,0,0,0,0,0,0,0,0,0,0,0,0,0,0,0,0,0,0,0,0,0,0,0,0,0,0,0,0,0,0,0,0,0,0,0,0,0,0,0,0,0,0,0,0,0,0,0,0,0,0,0,0,0,0,0,0,0,0,0,0,0,0,0,0,0,0,0,0,0,0,0,0,0,0,0,0,0,0,96.7,76.1,71,71.3,73.4,78.7,84.1,86.3,0,0,0,0,0,0,0,0,0,0,0,0,0,0,0,0,0,0,0,0,0,0,0,0,0,0,0,0,0,0,0,0,0,0,0,0,0,0,0,0,0,0,0,0,0,0,0,0,0,0,0,0,0,0,0,0,0,0,0,0,0,0,0,0,0,0,0,0,0,0,0,0,0,0,0,0,0,0,0,0,0,616,637.6,77,79.7,55,115,2,2
8,8,B,S,2,6.3,148,100,0,9,72,19,24,1.5,1,0,0,90,2106,78,6,36,19.1,23.6,33.4,41.6,16.1,0,0,0,0,0,0,0,0,0,0,0,0,0,0,0,0,0,0,0,0,0,0,0,0,0,0,0,0,0,0,0,0,0,0,0,0,0,0,0,0,0,0,0,0,0,0,0,0,0,0,0,0,0,0,0,0,0,0,0,0,0,0,0,0,0,0,0,0,0,0,0,0,0,0,0,0,0,0,0,0,0,0,0,0,115.2,106.4,105.5,109.8,120.9,103.7,0,0,0,0,0,0,0,0,0,0,0,0,0,0,0,0,0,0,0,0,0,0,0,0,0,0,0,0,0,0,0,0,0,0,0,0,0,0,0,0,0,0,0,0,0,0,0,0,0,0,0,0,0,0,0,0,0,0,0,0,0,0,0,0,0,0,0,0,0,0,0,0,0,0,0,0,0,0,0,0,0,0,0,0,TT,O,,2021,5,4,4/14/2008,23.49206349,24.43165214,24.31472524,25.01628664,0,19.1,23.6,33.4,41.6,16.1,0,0,0,0,0,0,0,0,0,0,0,0,0,0,0,0,0,0,0,0,0,0,0,0,0,0,0,0,0,0,0,0,0,0,0,0,0,0,0,0,0,0,0,0,0,0,0,0,0,0,0,0,0,0,0,0,0,0,0,0,0,0,0,0,0,0,0,0,0,0,0,0,0,0,0,0,0,0,0,0,0,0,0,0,0,106.4,105.5,109.8,120.9,103.7,0,0,0,0,0,0,0,0,0,0,0,0,0,0,0,0,0,0,0,0,0,0,0,0,0,0,0,0,0,0,0,0,0,0,0,0,0,0,0,0,0,0,0,0,0,0,0,0,0,0,0,0,0,0,0,0,0,0,0,0,0,0,0,0,0,0,0,0,0,0,0,0,0,0,0,0,0,0,0,0,0,0,0,0,133.8,546.3,26.76,109.26,55,115,2,2
9,8,B,N,2,30.7,768,43,29,62,36,2,67,1.5,3,1,0,90,2106,78,30,115.9,111.7,100,90.1,103.7,95.8,86.1,65.5,37.9,11.4,16.3,26.4,37.9,36.1,34.8,43.3,51.4,47.1,33.3,24.5,29.5,17.4,5.5,14.3,25.1,20.5,38.5,62.9,68.8,58.5,0,0,0,0,0,0,0,0,0,0,0,0,0,0,0,0,0,0,0,0,0,0,0,0,0,0,0,0,0,0,0,0,0,0,0,0,0,0,0,0,0,0,0,0,0,0,0,0,0,0,0,0,0,0,0,0,0,0,0,0,48.8,35.5,13.4,21.8,34.1,20.1,14.1,24.9,52.2,83.3,102.1,86,65.9,55.2,58.7,77.7,86.6,98.4,107.3,112.1,107.7,91.7,92.4,100.2,113.3,92.6,73.6,54.6,37.8,35.7,0,0,0,0,0,0,0,0,0,0,0,0,0,0,0,0,0,0,0,0,0,0,0,0,0,0,0,0,0,0,0,0,0,0,0,0,0,0,0,0,0,0,0,0,0,0,0,0,0,0,0,0,0,0,0,0,0,0,0,0,FS,O,,2021,6,4,4/14/2008,25.01628664,24.43165214,24.31472524,25.01628664,0,0,0,0,103.7,95.8,86.1,65.5,37.9,11.4,16.3,26.4,37.9,36.1,34.8,43.3,51.4,47.1,33.3,24.5,29.5,17.4,5.5,14.3,25.1,20.5,38.5,62.9,68.8,58.5,0,0,0,0,0,0,0,0,0,0,0,0,0,0,0,0,0,0,0,0,0,0,0,0,0,0,0,0,0,0,0,0,0,0,0,0,0,0,0,0,0,0,0,0,0,0,0,0,0,0,0,0,0,0,0,0,0,0,0,0,0,0,0,0,34.1,20.1,14.1,24.9,52.2,83.3,102.1,86,65.9,55.2,58.7,77.7,86.6,98.4,107.3,112.1,107.7,91.7,92.4,100.2,113.3,92.6,73.6,54.6,37.8,35.7,0,0,0,0,0,0,0,0,0,0,0,0,0,0,0,0,0,0,0,0,0,0,0,0,0,0,0,0,0,0,0,0,0,0,0,0,0,0,0,0,0,0,0,0,0,0,0,0,0,0,0,0,0,0,0,0,0,0,0,0,1092.5,1878.3,42.01923077,72.24230769,115,55,5,5
10,7,B,W,2,16.7,394,45,24,62,21,17,60,1.5,1,0,0,90,2106,80,16,108,86.2,57.3,44.5,48.9,63.3,67.3,68.3,55.6,27,21.7,15.1,17.2,34.9,36,19.5,0,0,0,0,0,0,0,0,0,0,0,0,0,0,0,0,0,0,0,0,0,0,0,0,0,0,0,0,0,0,0,0,0,0,0,0,0,0,0,0,0,0,0,0,0,0,0,0,0,0,0,0,0,0,0,0,0,0,0,0,0,0,0,0,0,0,0,0,0,0,0,0,0,0,70.6,72.8,64.2,52.8,41.7,28.7,27.1,22.4,39.3,62.7,67.8,87.2,103.5,123.2,125.1,108.4,0,0,0,0,0,0,0,0,0,0,0,0,0,0,0,0,0,0,0,0,0,0,0,0,0,0,0,0,0,0,0,0,0,0,0,0,0,0,0,0,0,0,0,0,0,0,0,0,0,0,0,0,0,0,0,0,0,0,0,0,0,0,0,0,0,0,0,0,0,0,0,0,0,0,TT,O,,2021,1,4,4/13/2008,23.59281437,22.82875455,22.72349569,23.35504886,0,0,0,0,48.9,63.3,67.3,68.3,55.6,27,21.7,15.1,17.2,34.9,36,19.5,0,0,0,0,0,0,0,0,0,0,0,0,0,0,0,0,0,0,0,0,0,0,0,0,0,0,0,0,0,0,0,0,0,0,0,0,0,0,0,0,0,0,0,0,0,0,0,0,0,0,0,0,0,0,0,0,0,0,0,0,0,0,0,0,0,0,0,0,0,0,0,0,0,0,0,0,0,0,41.7,28.7,27.1,22.4,39.3,62.7,67.8,87.2,103.5,123.2,125.1,108.4,0,0,0,0,0,0,0,0,0,0,0,0,0,0,0,0,0,0,0,0,0,0,0,0,0,0,0,0,0,0,0,0,0,0,0,0,0,0,0,0,0,0,0,0,0,0,0,0,0,0,0,0,0,0,0,0,0,0,0,0,0,0,0,0,0,0,0,0,0,0,0,0,0,0,474.8,837.1,39.56666667,69.75833333,115,55,5,5
11,7,B,N,2,8.7,205,46,49,53,46,1,58,1.5,2,0,0,90,2106,80,8,112.8,108.8,92.3,67.2,41.2,17.3,15.6,18.8,0,0,0,0,0,0,0,0,0,0,0,0,0,0,0,0,0,0,0,0,0,0,0,0,0,0,0,0,0,0,0,0,0,0,0,0,0,0,0,0,0,0,0,0,0,0,0,0,0,0,0,0,0,0,0,0,0,0,0,0,0,0,0,0,0,0,0,0,0,0,0,0,0,0,0,0,0,0,0,0,0,0,54.4,39.6,21.6,27.1,51.8,75.7,88.1,100.5,0,0,0,0,0,0,0,0,0,0,0,0,0,0,0,0,0,0,0,0,0,0,0,0,0,0,0,0,0,0,0,0,0,0,0,0,0,0,0,0,0,0,0,0,0,0,0,0,0,0,0,0,0,0,0,0,0,0,0,0,0,0,0,0,0,0,0,0,0,0,0,0,0,0,0,0,0,0,0,0,0,0,TT,O,,2021,2,4,4/13/2008,23.56321839,22.82875455,22.72349569,23.35504886,0,0,0,0,41.2,17.3,15.6,18.8,0,0,0,0,0,0,0,0,0,0,0,0,0,0,0,0,0,0,0,0,0,0,0,0,0,0,0,0,0,0,0,0,0,0,0,0,0,0,0,0,0,0,0,0,0,0,0,0,0,0,0,0,0,0,0,0,0,0,0,0,0,0,0,0,0,0,0,0,0,0,0,0,0,0,0,0,0,0,0,0,0,0,0,0,0,0,51.8,75.7,88.1,100.5,0,0,0,0,0,0,0,0,0,0,0,0,0,0,0,0,0,0,0,0,0,0,0,0,0,0,0,0,0,0,0,0,0,0,0,0,0,0,0,0,0,0,0,0,0,0,0,0,0,0,0,0,0,0,0,0,0,0,0,0,0,0,0,0,0,0,0,0,0,0,0,0,0,0,0,0,0,0,0,0,0,0,92.9,316.1,23.225,79.025,115,55,5,5
12,7,B,E,2,11.7,261,23,29,75,22,3,22,1.5,0,0,0,90,2106,80,11,60.3,57.5,45.4,28.6,37.7,53.9,65.2,68.2,64.7,57,40.8,0,0,0,0,0,0,0,0,0,0,0,0,0,0,0,0,0,0,0,0,0,0,0,0,0,0,0,0,0,0,0,0,0,0,0,0,0,0,0,0,0,0,0,0,0,0,0,0,0,0,0,0,0,0,0,0,0,0,0,0,0,0,0,0,0,0,0,0,0,0,0,0,0,0,0,0,0,0,0,112,109.9,99.1,82.1,51.8,36,31.8,35.2,43,61.6,80.1,0,0,0,0,0,0,0,0,0,0,0,0,0,0,0,0,0,0,0,0,0,0,0,0,0,0,0,0,0,0,0,0,0,0,0,0,0,0,0,0,0,0,0,0,0,0,0,0,0,0,0,0,0,0,0,0,0,0,0,0,0,0,0,0,0,0,0,0,0,0,0,0,0,0,0,0,0,0,0,TT,O,,2021,3,4,4/13/2008,22.30769231,22.82875455,22.72349569,23.35504886,0,57.5,45.4,28.6,37.7,53.9,65.2,68.2,64.7,57,40.8,0,0,0,0,0,0,0,0,0,0,0,0,0,0,0,0,0,0,0,0,0,0,0,0,0,0,0,0,0,0,0,0,0,0,0,0,0,0,0,0,0,0,0,0,0,0,0,0,0,0,0,0,0,0,0,0,0,0,0,0,0,0,0,0,0,0,0,0,0,0,0,0,0,0,0,0,0,0,0,0,109.9,99.1,82.1,51.8,36,31.8,35.2,43,61.6,80.1,0,0,0,0,0,0,0,0,0,0,0,0,0,0,0,0,0,0,0,0,0,0,0,0,0,0,0,0,0,0,0,0,0,0,0,0,0,0,0,0,0,0,0,0,0,0,0,0,0,0,0,0,0,0,0,0,0,0,0,0,0,0,0,0,0,0,0,0,0,0,0,0,0,0,0,0,0,0,0,519,630.6,51.9,63.06,55,115,2,2
10,8,B,E,2,38.9,857,32,8,58,38,4,73,1.5,2,0,0,90,2106,80,38,71.2,66.8,65.6,76.7,80.1,79.7,74.6,57.4,45.5,30.4,20.4,33.9,55.5,69.4,71.5,69.1,69,63.2,58.2,54,57.8,66.9,64.7,64.1,48.4,26.9,14.3,25.2,45.2,47.9,30.6,13.1,16.5,31.8,34.2,38.6,36.9,27.2,0,0,0,0,0,0,0,0,0,0,0,0,0,0,0,0,0,0,0,0,0,0,0,0,0,0,0,0,0,0,0,0,0,0,0,0,0,0,0,0,0,0,0,0,0,0,0,0,0,0,0,0,111.6,95.1,74.8,70.8,73.9,74.2,88.6,91.2,104.9,111.1,105.6,85.8,72.6,61.3,43.3,27.9,21.3,34.2,55.1,68.7,101.9,108.5,102.6,100,86.1,80,79.7,75.6,74.6,91.2,95.6,85.7,74.8,60.1,59.9,51.4,58.5,78.2,0,0,0,0,0,0,0,0,0,0,0,0,0,0,0,0,0,0,0,0,0,0,0,0,0,0,0,0,0,0,0,0,0,0,0,0,0,0,0,0,0,0,0,0,0,0,0,0,0,0,0,0,TT,O,,2021,4,4,4/14/2008,22.03084833,22.82875455,22.72349569,23.35504886,0,66.8,65.6,76.7,80.1,79.7,74.6,57.4,45.5,30.4,20.4,33.9,55.5,69.4,71.5,69.1,69,63.2,58.2,54,57.8,66.9,64.7,64.1,48.4,26.9,14.3,25.2,45.2,47.9,30.6,13.1,16.5,31.8,34.2,38.6,36.9,27.2,0,0,0,0,0,0,0,0,0,0,0,0,0,0,0,0,0,0,0,0,0,0,0,0,0,0,0,0,0,0,0,0,0,0,0,0,0,0,0,0,0,0,0,0,0,0,0,0,0,0,0,0,0,95.1,74.8,70.8,73.9,74.2,88.6,91.2,104.9,111.1,105.6,85.8,72.6,61.3,43.3,27.9,21.3,34.2,55.1,68.7,101.9,108.5,102.6,100,86.1,80,79.7,75.6,74.6,91.2,95.6,85.7,74.8,60.1,59.9,51.4,58.5,78.2,0,0,0,0,0,0,0,0,0,0,0,0,0,0,0,0,0,0,0,0,0,0,0,0,0,0,0,0,0,0,0,0,0,0,0,0,0,0,0,0,0,0,0,0,0,0,0,0,0,0,0,0,1831.3,2824.8,49.49459459,76.34594595,55,115,2,2
11,8,B,S,2,17.9,396,74,2,58,29,13,52,1.5,1,0,0,90,2106,80,17,42,25.9,13.2,12.1,27.4,45.2,49.1,49.3,40.1,27.9,31.7,44.8,32.9,32,19.4,23.9,31.8,0,0,0,0,0,0,0,0,0,0,0,0,0,0,0,0,0,0,0,0,0,0,0,0,0,0,0,0,0,0,0,0,0,0,0,0,0,0,0,0,0,0,0,0,0,0,0,0,0,0,0,0,0,0,0,0,0,0,0,0,0,0,0,0,0,0,0,0,0,0,0,0,0,118.3,110.3,100.5,88,72.4,69.4,68.2,78.2,90.8,101.8,118.4,124.4,106.7,101.4,84.9,66.5,68.7,0,0,0,0,0,0,0,0,0,0,0,0,0,0,0,0,0,0,0,0,0,0,0,0,0,0,0,0,0,0,0,0,0,0,0,0,0,0,0,0,0,0,0,0,0,0,0,0,0,0,0,0,0,0,0,0,0,0,0,0,0,0,0,0,0,0,0,0,0,0,0,0,0,TT,O,,2021,5,4,4/14/2008,22.12290503,22.82875455,22.72349569,23.35504886,0,25.9,13.2,12.1,27.4,45.2,49.1,49.3,40.1,27.9,31.7,44.8,32.9,32,19.4,23.9,31.8,0,0,0,0,0,0,0,0,0,0,0,0,0,0,0,0,0,0,0,0,0,0,0,0,0,0,0,0,0,0,0,0,0,0,0,0,0,0,0,0,0,0,0,0,0,0,0,0,0,0,0,0,0,0,0,0,0,0,0,0,0,0,0,0,0,0,0,0,0,0,0,0,0,0,110.3,100.5,88,72.4,69.4,68.2,78.2,90.8,101.8,118.4,124.4,106.7,101.4,84.9,66.5,68.7,0,0,0,0,0,0,0,0,0,0,0,0,0,0,0,0,0,0,0,0,0,0,0,0,0,0,0,0,0,0,0,0,0,0,0,0,0,0,0,0,0,0,0,0,0,0,0,0,0,0,0,0,0,0,0,0,0,0,0,0,0,0,0,0,0,0,0,0,0,0,0,0,0,506.7,1450.6,31.66875,90.6625,55,115,2,2
12,8,B,N,2,30.7,717,51,30,73,18,9,58,1.5,4,1,0,90,2106,80,30,117.5,111.4,92.5,68,45.2,15.7,14.7,28.4,28,32.5,25.2,8.6,6.9,29.8,50,58.9,52,38.8,22.7,11,26.5,50.6,71.6,81.8,87.8,84.6,73.3,60.2,29.4,13.2,0,0,0,0,0,0,0,0,0,0,0,0,0,0,0,0,0,0,0,0,0,0,0,0,0,0,0,0,0,0,0,0,0,0,0,0,0,0,0,0,0,0,0,0,0,0,0,0,0,0,0,0,0,0,0,0,0,0,0,0,50.1,34,16.2,25.5,44.9,74.9,95.7,95.5,84.5,86,74.1,81.6,92,94,99.3,112.4,120,112.1,98.8,83.2,75.3,59.9,44.1,40.1,26.4,8.9,21.2,45.2,66.3,80.8,0,0,0,0,0,0,0,0,0,0,0,0,0,0,0,0,0,0,0,0,0,0,0,0,0,0,0,0,0,0,0,0,0,0,0,0,0,0,0,0,0,0,0,0,0,0,0,0,0,0,0,0,0,0,0,0,0,0,0,0,FS,O,,2021,6,4,4/14/2008,23.35504886,22.82875455,22.72349569,23.35504886,0,0,0,0,45.2,15.7,14.7,28.4,28,32.5,25.2,8.6,6.9,29.8,50,58.9,52,38.8,22.7,11,26.5,50.6,71.6,81.8,87.8,84.6,73.3,60.2,29.4,13.2,0,0,0,0,0,0,0,0,0,0,0,0,0,0,0,0,0,0,0,0,0,0,0,0,0,0,0,0,0,0,0,0,0,0,0,0,0,0,0,0,0,0,0,0,0,0,0,0,0,0,0,0,0,0,0,0,0,0,0,0,0,0,0,0,44.9,74.9,95.7,95.5,84.5,86,74.1,81.6,92,94,99.3,112.4,120,112.1,98.8,83.2,75.3,59.9,44.1,40.1,26.4,8.9,21.2,45.2,66.3,80.8,0,0,0,0,0,0,0,0,0,0,0,0,0,0,0,0,0,0,0,0,0,0,0,0,0,0,0,0,0,0,0,0,0,0,0,0,0,0,0,0,0,0,0,0,0,0,0,0,0,0,0,0,0,0,0,0,0,0,0,0,1047.4,1917.2,40.28461538,73.73846154,115,55,5,5
13,7,B,W,2,90.1,621,54,15,0,76,24,-60,1.5,0,0,0,90,2106,85,90,116.2,112.9,116.3,123.1,126.6,125.5,123.9,122.4,120.5,119.6,119,117.8,114.5,111.7,109.2,108.2,107.7,107.5,106.5,103.6,97.8,91.5,87.2,87.7,86.7,84.2,81.9,79.4,76.4,73.2,70.4,67.9,65,63.1,60.8,58.1,55.9,53.6,51.9,49.7,47.5,45.9,43.8,42,40.2,37.8,36.1,35,33.4,31.1,30.4,29.1,27.7,26.6,25.6,24.5,24.1,23.4,22.6,22.3,21.9,21.9,22,22.5,23.8,24.3,25.2,25.1,24.9,24.6,25.2,26,26.1,26.7,26.9,28.4,29.2,29.8,30.8,31.9,33,36.1,39.2,43.1,43.5,44.6,48,48.8,49.3,46.3,57,46.6,41,39.4,38.1,37,40.2,44.5,50,55.6,60.1,64.9,64.9,65.7,65.7,62.4,58.7,60.9,63.4,65.5,69.2,80,92.3,104.4,108.9,109.1,111.2,111.8,111.7,111.2,111.1,110.9,110.8,111.3,111.7,111.9,111.8,112,112.6,112.8,112.8,113.9,114.7,114.9,114.7,113.7,113.5,114,114.8,113.6,113.4,112.9,112.9,112.6,112.6,112.2,112.4,112.1,111.8,111.6,111.2,111.1,111.1,111.2,111.9,111.6,111.8,110.4,109.4,108.7,108.4,108.1,107.3,106.8,106.1,105.7,105.4,104.9,104.4,104.3,103.7,104.5,105.3,105.5,104.7,104.1,103.3,101.2,99.6,99,TT,O,,2021,1,4,4/13/2008,6.892341842,9.692789637,9.189789123,12.20779221,0,0,0,0,0,0,0,0,0,0,0,0,114.5,111.7,109.2,108.2,107.7,107.5,106.5,103.6,97.8,91.5,87.2,87.7,86.7,84.2,81.9,79.4,76.4,73.2,70.4,67.9,65,63.1,60.8,58.1,55.9,53.6,51.9,49.7,47.5,45.9,43.8,42,40.2,37.8,36.1,35,33.4,31.1,30.4,29.1,27.7,26.6,25.6,24.5,24.1,23.4,22.6,22.3,21.9,21.9,22,22.5,23.8,24.3,25.2,25.1,24.9,24.6,25.2,26,26.1,26.7,26.9,28.4,29.2,29.8,30.8,31.9,33,36.1,39.2,43.1,43.5,44.6,48,48.8,49.3,46.3,0,0,0,0,0,0,0,0,0,0,0,0,64.9,65.7,65.7,62.4,58.7,60.9,63.4,65.5,69.2,80,92.3,104.4,108.9,109.1,111.2,111.8,111.7,111.2,111.1,110.9,110.8,111.3,111.7,111.9,111.8,112,112.6,112.8,112.8,113.9,114.7,114.9,114.7,113.7,113.5,114,114.8,113.6,113.4,112.9,112.9,112.6,112.6,112.2,112.4,112.1,111.8,111.6,111.2,111.1,111.1,111.2,111.9,111.6,111.8,110.4,109.4,108.7,108.4,108.1,107.3,106.8,106.1,105.7,105.4,104.9,104.4,104.3,103.7,104.5,105.3,105.5,104.7,104.1,103.3,101.2,99.6,99,3909.5,8099.7,50.12179487,103.8423077,115,55,13,13
14,7,B,N,2,90.1,652,11,2,41,39,20,-62,1.5,0,0,0,90,2106,85,90,115.7,110.9,109.4,110.2,109.1,107.8,106.3,104.4,103,102.8,101.2,100.5,99.3,93.7,94.9,104.8,111.8,109.7,105.6,104.1,105.2,103.9,101.3,98.6,95.4,93.3,91.4,89.6,87.8,86.4,84.7,84.6,84,83.1,82.7,81.4,80.7,79.4,78.3,77.5,76.1,75.1,74.1,73.5,72.5,71.1,69.9,69.1,68.3,66.6,65.6,65.1,63.7,62.8,61.4,60.5,59.2,58.3,57.3,55.7,54.8,53.7,52.8,51.4,49.9,48.5,47.3,46.1,44.5,43.4,42,40.5,39.1,37.7,36.3,35.2,33.7,32.4,31,29.7,28.5,27.4,26.3,25.2,24.5,25,29.7,39.4,51.8,63,65.7,68.8,75.7,73.5,75.5,77.8,79.8,80,80.1,81.1,80.4,83.4,88.2,90.4,72.8,77,80.7,81.8,84.3,80.4,85.8,90.1,89.6,89.3,85.7,84.5,83.6,82.5,81.4,80.7,79.9,84.8,87.9,88.8,90.8,89.9,90.4,89.1,88.6,88.5,87.5,87,86.5,86.6,86,85,84,83.7,83.8,82,81.6,82.1,81.2,80.7,79.4,79.4,78.5,78.4,77.9,76.9,77,76.5,77.1,76.1,75.2,74.4,74.4,74.6,73.3,73.8,73.4,73.1,72.2,71.8,72.1,71.9,71.8,71.7,71.6,70.6,70.3,70.7,69.8,69.2,71.3,73,78.6,84.8,91.5,97,TT,O,,2021,2,4,4/13/2008,7.236403996,9.692789637,9.189789123,12.20779221,0,0,0,0,0,0,0,0,0,0,0,0,99.3,93.7,94.9,104.8,111.8,109.7,105.6,104.1,105.2,103.9,101.3,98.6,95.4,93.3,91.4,89.6,87.8,86.4,84.7,84.6,84,83.1,82.7,81.4,80.7,79.4,78.3,77.5,76.1,75.1,74.1,73.5,72.5,71.1,69.9,69.1,68.3,66.6,65.6,65.1,63.7,62.8,61.4,60.5,59.2,58.3,57.3,55.7,54.8,53.7,52.8,51.4,49.9,48.5,47.3,46.1,44.5,43.4,42,40.5,39.1,37.7,36.3,35.2,33.7,32.4,31,29.7,28.5,27.4,26.3,25.2,24.5,25,29.7,39.4,51.8,63,0,0,0,0,0,0,0,0,0,0,0,0,88.2,90.4,72.8,77,80.7,81.8,84.3,80.4,85.8,90.1,89.6,89.3,85.7,84.5,83.6,82.5,81.4,80.7,79.9,84.8,87.9,88.8,90.8,89.9,90.4,89.1,88.6,88.5,87.5,87,86.5,86.6,86,85,84,83.7,83.8,82,81.6,82.1,81.2,80.7,79.4,79.4,78.5,78.4,77.9,76.9,77,76.5,77.1,76.1,75.2,74.4,74.4,74.6,73.3,73.8,73.4,73.1,72.2,71.8,72.1,71.9,71.8,71.7,71.6,70.6,70.3,70.7,69.8,69.2,71.3,73,78.6,84.8,91.5,97,5109.9,6284.5,65.51153846,80.57051282,115,55,13,13
15,7,B,E,2,90.1,853,63,2,1,51,48,-62,1.5,0,0,0,90,2106,85,90,58,52.4,55.4,57.5,36.7,43.7,47.2,45,47.3,45.9,46,46.3,45.4,44.4,40,42.6,58.9,65.6,64.2,58.1,51.9,49.4,50.7,54.3,58,63,71.7,83.1,95.6,107.4,111.6,108.3,106.5,105.6,104.9,102.5,99.7,96.7,93.8,91.4,88.9,87.8,86.6,84.1,81.5,79,78.1,78.1,71.6,65.4,63.6,59.4,53.4,48.3,47.3,45.3,26.8,17.6,18,21.5,28.2,23.6,31.3,37.1,42,45.9,47.7,49.1,50,50.2,49.2,49,49.2,48.8,48.5,48.9,43.1,35.2,33.3,34.3,31.7,29.4,24.6,21,20.3,36.9,50.8,54.7,72.9,76.6,119,114.8,122.7,132.5,113.7,115.6,118.7,115.5,116.9,113.1,113.7,115.7,116.7,117.9,115.6,120.1,130.7,132.4,131.5,125.1,116.2,108.1,100.7,94.8,89,82,75.7,72.4,73,78.5,80.6,83.1,83.8,79.6,83.9,85.1,84.9,83.9,83.8,83.7,83.5,85,86.8,91.6,98.3,105.1,107.8,113.7,116,120.1,128.6,132.6,132.1,130.2,131.9,132.6,115.5,106.8,106.5,108.9,114.1,109.6,115.1,118.5,123.1,127.8,130.6,132.6,134,134.4,133.8,133.8,134,133.9,133.7,134.2,129.4,120.2,117.2,118.9,117.4,116.7,113.5,109.9,104.2,103.9,106.1,107.5,105.9,99.7,TT,O,,2021,3,4,4/13/2008,9.467258602,9.692789637,9.189789123,12.20779221,0,0,0,0,0,43.7,47.2,45,47.3,45.9,46,46.3,45.4,44.4,40,42.6,58.9,65.6,64.2,58.1,51.9,49.4,50.7,54.3,58,63,71.7,83.1,95.6,107.4,111.6,108.3,106.5,105.6,104.9,102.5,99.7,96.7,93.8,91.4,88.9,87.8,86.6,84.1,81.5,79,78.1,78.1,71.6,65.4,63.6,59.4,53.4,48.3,47.3,45.3,26.8,17.6,18,21.5,28.2,23.6,31.3,37.1,42,45.9,47.7,49.1,50,50.2,49.2,49,49.2,48.8,48.5,48.9,43.1,35.2,33.3,34.3,31.7,29.4,24.6,21,20.3,36.9,50.8,54.7,72.9,76.6,0,0,0,0,0,115.6,118.7,115.5,116.9,113.1,113.7,115.7,116.7,117.9,115.6,120.1,130.7,132.4,131.5,125.1,116.2,108.1,100.7,94.8,89,82,75.7,72.4,73,78.5,80.6,83.1,83.8,79.6,83.9,85.1,84.9,83.9,83.8,83.7,83.5,85,86.8,91.6,98.3,105.1,107.8,113.7,116,120.1,128.6,132.6,132.1,130.2,131.9,132.6,115.5,106.8,106.5,108.9,114.1,109.6,115.1,118.5,123.1,127.8,130.6,132.6,134,134.4,133.8,133.8,134,133.9,133.7,134.2,129.4,120.2,117.2,118.9,117.4,116.7,113.5,109.9,104.2,103.9,106.1,107.5,105.9,99.7,4912.5,9369.3,57.79411765,110.2270588,55,115,6,6
13,8,B,E,2,90.1,722,10,33,0,31,69,-40,1.5,0,0,0,90,2106,85,90,63.9,53.9,54.6,53.5,50,44.8,43.7,44.8,52.4,67.6,78,86,92.7,98.7,102.9,106.9,111,113.9,115.9,117,116.8,118.2,118.7,118.5,118.4,118,117.2,116,115.9,115.3,115.3,114.7,114.7,114.8,114.7,114.6,114.8,114.8,115,115.4,115.9,116.2,116.8,117.4,118.9,121,122.8,122.7,119.9,117.7,115,114.8,114,110.3,106.3,102.6,99.6,97,95.2,92.3,87.9,84.9,82.7,81.4,80.2,80.2,79.6,79.2,78.3,77.4,76.9,76.4,76.3,76.1,76.1,75.8,75.7,75.7,75,74.5,74.6,73.9,73.2,73.2,72.8,72.9,72.8,73.5,67.8,59.2,125.2,116,119.2,127.9,132.9,132.7,132.6,129.1,121.4,110.8,103.6,96.3,89.8,83.5,77.1,71.6,67.4,63.9,61.4,58.9,57,54,51.9,50.1,48.6,47.1,45.6,43.6,42.7,41.1,40.2,39.1,38.7,38.4,38.2,37.8,37.7,37.6,37.5,37.7,37.8,37.9,38.3,37.6,34.6,32.6,34.7,39.9,44.7,50.6,60.6,70.2,72.4,78.8,85.9,90.4,93.4,98.7,100.6,102.3,103,100.7,99.9,99.8,99.9,100.7,101.3,102.2,102,102.5,102.3,102.4,103.6,104.5,105.3,106.4,107.3,109,109.5,110.8,112.5,112.6,113.1,114.4,115.8,118.2,117,118.4,118.4,119.1,TT,O,,2021,4,4,4/14/2008,8.013318535,9.692789637,9.189789123,12.20779221,0,0,0,0,0,44.8,43.7,44.8,52.4,67.6,78,86,92.7,98.7,102.9,106.9,111,113.9,115.9,117,116.8,118.2,118.7,118.5,118.4,118,117.2,116,115.9,115.3,115.3,114.7,114.7,114.8,114.7,114.6,114.8,114.8,115,115.4,115.9,116.2,116.8,117.4,118.9,121,122.8,122.7,119.9,117.7,115,114.8,114,110.3,106.3,102.6,99.6,97,95.2,92.3,87.9,84.9,82.7,81.4,80.2,80.2,79.6,79.2,78.3,77.4,76.9,76.4,76.3,76.1,76.1,75.8,75.7,75.7,75,74.5,74.6,73.9,73.2,73.2,72.8,72.9,72.8,73.5,67.8,59.2,0,0,0,0,0,132.7,132.6,129.1,121.4,110.8,103.6,96.3,89.8,83.5,77.1,71.6,67.4,63.9,61.4,58.9,57,54,51.9,50.1,48.6,47.1,45.6,43.6,42.7,41.1,40.2,39.1,38.7,38.4,38.2,37.8,37.7,37.6,37.5,37.7,37.8,37.9,38.3,37.6,34.6,32.6,34.7,39.9,44.7,50.6,60.6,70.2,72.4,78.8,85.9,90.4,93.4,98.7,100.6,102.3,103,100.7,99.9,99.8,99.9,100.7,101.3,102.2,102,102.5,102.3,102.4,103.6,104.5,105.3,106.4,107.3,109,109.5,110.8,112.5,112.6,113.1,114.4,115.8,118.2,117,118.4,118.4,119.1,8118.7,6739.3,95.51411765,79.28588235,55,115,6,6
14,8,B,S,2,90.1,1292,38,13,5,32,63,-123,1.5,0,0,0,90,2106,85,90,51.1,68.3,77.6,74.1,65.2,64,59.4,62.6,66.7,58.4,77.2,77,67.3,53.8,38.5,22.5,22.4,40.3,61.8,82.7,91.2,87.6,86.4,83.3,76.2,67.6,59.6,52.7,45.3,40.8,38.9,42.3,45,46.8,48.4,48.9,46.7,38.8,28.2,21.2,21.2,28.6,33.4,42.9,42.4,47.2,44.7,40.2,40.1,38,36.8,41.2,49.7,60.4,74.5,85.1,92.1,94.4,97,100.9,106.2,113.2,118.3,122.3,123.5,123.1,121.6,119.3,115.9,112.7,112.4,113.3,110.6,107.1,104.7,100.1,95.1,89.4,84.1,78.3,73.5,69.8,68.4,66.5,61.7,58.5,54.9,46,31.3,10.9,111.8,107.5,100.6,93.7,89.5,87.2,87.5,102.1,106.5,102.7,99.7,92.9,88.1,79.5,72.9,70.7,72.6,80.5,90.9,104.7,111.4,109.8,106.9,116.2,122.1,126.3,128.5,130.2,130.1,129.4,127.9,129.8,130.3,122.8,114.6,111.4,109,105.9,104.9,105.9,110.2,115.8,118.2,127.4,122.2,128.7,130.3,128.6,129.4,123.1,114,110,102.5,97,94.7,91.5,87.4,82.1,75.7,66.9,58.6,51.3,43.7,38.9,35.6,34,34.5,36.4,40.3,47.3,54.5,60.7,69.9,77,85.2,92.4,97.6,103.3,105.5,106.1,106.6,108,110.2,115,118.8,124.2,129.8,127.8,117.3,100.1,TT,O,,2021,5,4,4/14/2008,14.33962264,9.692789637,9.189789123,12.20779221,0,0,0,0,0,64,59.4,62.6,66.7,58.4,77.2,77,67.3,53.8,38.5,22.5,22.4,40.3,61.8,82.7,91.2,87.6,86.4,83.3,76.2,67.6,59.6,52.7,45.3,40.8,38.9,42.3,45,46.8,48.4,48.9,46.7,38.8,28.2,21.2,21.2,28.6,33.4,42.9,42.4,47.2,44.7,40.2,40.1,38,36.8,41.2,49.7,60.4,74.5,85.1,92.1,94.4,97,100.9,106.2,113.2,118.3,122.3,123.5,123.1,121.6,119.3,115.9,112.7,112.4,113.3,110.6,107.1,104.7,100.1,95.1,89.4,84.1,78.3,73.5,69.8,68.4,66.5,61.7,58.5,54.9,46,31.3,10.9,0,0,0,0,0,87.2,87.5,102.1,106.5,102.7,99.7,92.9,88.1,79.5,72.9,70.7,72.6,80.5,90.9,104.7,111.4,109.8,106.9,116.2,122.1,126.3,128.5,130.2,130.1,129.4,127.9,129.8,130.3,122.8,114.6,111.4,109,105.9,104.9,105.9,110.2,115.8,118.2,127.4,122.2,128.7,130.3,128.6,129.4,123.1,114,110,102.5,97,94.7,91.5,87.4,82.1,75.7,66.9,58.6,51.3,43.7,38.9,35.6,34,34.5,36.4,40.3,47.3,54.5,60.7,69.9,77,85.2,92.4,97.6,103.3,105.5,106.1,106.6,108,110.2,115,118.8,124.2,129.8,127.8,117.3,100.1,5774,8298.2,67.92941176,97.62588235,55,115,6,6
15,8,B,N,2,30.8,376,10,20,21,38,41,-61,1.5,0,0,0,90,2106,85,30,111.1,107.5,105.9,106.8,102.8,97.1,94.6,90.8,81,69,55.1,41.2,23.7,28.8,36.7,51.2,65.1,78,92.2,105.1,115.1,116,118.5,116.7,114.5,112.1,108.9,106.6,105,103.3,0,0,0,0,0,0,0,0,0,0,0,0,0,0,0,0,0,0,0,0,0,0,0,0,0,0,0,0,0,0,0,0,0,0,0,0,0,0,0,0,0,0,0,0,0,0,0,0,0,0,0,0,0,0,0,0,0,0,0,0,62.4,66.9,66.3,71,77.8,83.6,92.2,101.9,102.4,101.1,100.9,99.9,78.6,69.4,59.8,47.1,39.8,37.6,41.1,50.2,60.1,66.1,63,67.4,70.9,74.8,77.5,79.8,81.3,82.8,0,0,0,0,0,0,0,0,0,0,0,0,0,0,0,0,0,0,0,0,0,0,0,0,0,0,0,0,0,0,0,0,0,0,0,0,0,0,0,0,0,0,0,0,0,0,0,0,0,0,0,0,0,0,0,0,0,0,0,0,FS,O,,2021,6,4,4/14/2008,12.20779221,9.692789637,9.189789123,12.20779221,0,0,0,0,0,0,0,0,81,69,55.1,41.2,23.7,28.8,36.7,51.2,65.1,78,92.2,105.1,115.1,116,118.5,116.7,114.5,112.1,108.9,106.6,105,103.3,0,0,0,0,0,0,0,0,0,0,0,0,0,0,0,0,0,0,0,0,0,0,0,0,0,0,0,0,0,0,0,0,0,0,0,0,0,0,0,0,0,0,0,0,0,0,0,0,0,0,0,0,0,0,0,0,0,0,0,0,0,0,0,0,0,0,0,0,102.4,101.1,100.9,99.9,78.6,69.4,59.8,47.1,39.8,37.6,41.1,50.2,60.1,66.1,63,67.4,70.9,74.8,77.5,79.8,81.3,82.8,0,0,0,0,0,0,0,0,0,0,0,0,0,0,0,0,0,0,0,0,0,0,0,0,0,0,0,0,0,0,0,0,0,0,0,0,0,0,0,0,0,0,0,0,0,0,0,0,0,0,0,0,0,0,0,0,0,0,0,0,1843.8,1551.6,83.80909091,70.52727273,115,55,9,9
16,7,B,W,2,19.9,516,21,20,57,41,2,-28,1.5,0,0,0,90,2106,90,19,104.9,96.8,75.5,56.1,64.6,55,45,18.2,22.2,37.6,49,64.6,65.3,69,71.7,69.5,67.4,63.9,48,0,0,0,0,0,0,0,0,0,0,0,0,0,0,0,0,0,0,0,0,0,0,0,0,0,0,0,0,0,0,0,0,0,0,0,0,0,0,0,0,0,0,0,0,0,0,0,0,0,0,0,0,0,0,0,0,0,0,0,0,0,0,0,0,0,0,0,0,0,0,0,42.3,34,31.7,56,59.8,58.3,63.8,83.2,104.7,110.5,95.4,80.8,61.7,36.3,19.9,34.8,51,82,96.5,0,0,0,0,0,0,0,0,0,0,0,0,0,0,0,0,0,0,0,0,0,0,0,0,0,0,0,0,0,0,0,0,0,0,0,0,0,0,0,0,0,0,0,0,0,0,0,0,0,0,0,0,0,0,0,0,0,0,0,0,0,0,0,0,0,0,0,0,0,0,0,TT,O,,2021,1,4,4/13/2008,25.92964824,26.41019982,26.2329564,27.29641694,0,0,0,56.1,64.6,55,45,18.2,22.2,37.6,49,64.6,65.3,69,71.7,69.5,67.4,63.9,48,0,0,0,0,0,0,0,0,0,0,0,0,0,0,0,0,0,0,0,0,0,0,0,0,0,0,0,0,0,0,0,0,0,0,0,0,0,0,0,0,0,0,0,0,0,0,0,0,0,0,0,0,0,0,0,0,0,0,0,0,0,0,0,0,0,0,0,0,0,0,0,0,0,0,56,59.8,58.3,63.8,83.2,104.7,110.5,95.4,80.8,61.7,36.3,19.9,34.8,51,82,96.5,0,0,0,0,0,0,0,0,0,0,0,0,0,0,0,0,0,0,0,0,0,0,0,0,0,0,0,0,0,0,0,0,0,0,0,0,0,0,0,0,0,0,0,0,0,0,0,0,0,0,0,0,0,0,0,0,0,0,0,0,0,0,0,0,0,0,0,0,0,0,0,867.1,1094.7,54.19375,68.41875,115,55,4,4
17,7,B,N,2,12.5,323,20,2,62,37,1,-44,1.5,0,0,0,90,2106,90,12,108.6,98.5,75.7,49.7,28.4,47.2,47.1,44,49,54.3,54.7,36.3,0,0,0,0,0,0,0,0,0,0,0,0,0,0,0,0,0,0,0,0,0,0,0,0,0,0,0,0,0,0,0,0,0,0,0,0,0,0,0,0,0,0,0,0,0,0,0,0,0,0,0,0,0,0,0,0,0,0,0,0,0,0,0,0,0,0,0,0,0,0,0,0,0,0,0,0,0,0,65.6,70.2,66.8,60.4,63.9,56.3,46.2,48.5,63.5,77.9,99.9,105,0,0,0,0,0,0,0,0,0,0,0,0,0,0,0,0,0,0,0,0,0,0,0,0,0,0,0,0,0,0,0,0,0,0,0,0,0,0,0,0,0,0,0,0,0,0,0,0,0,0,0,0,0,0,0,0,0,0,0,0,0,0,0,0,0,0,0,0,0,0,0,0,0,0,0,0,0,0,TT,O,,2021,2,4,4/13/2008,25.84,26.41019982,26.2329564,27.29641694,0,0,0,49.7,28.4,47.2,47.1,44,49,54.3,54.7,36.3,0,0,0,0,0,0,0,0,0,0,0,0,0,0,0,0,0,0,0,0,0,0,0,0,0,0,0,0,0,0,0,0,0,0,0,0,0,0,0,0,0,0,0,0,0,0,0,0,0,0,0,0,0,0,0,0,0,0,0,0,0,0,0,0,0,0,0,0,0,0,0,0,0,0,0,0,0,0,0,0,0,60.4,63.9,56.3,46.2,48.5,63.5,77.9,99.9,105,0,0,0,0,0,0,0,0,0,0,0,0,0,0,0,0,0,0,0,0,0,0,0,0,0,0,0,0,0,0,0,0,0,0,0,0,0,0,0,0,0,0,0,0,0,0,0,0,0,0,0,0,0,0,0,0,0,0,0,0,0,0,0,0,0,0,0,0,0,0,0,0,0,0,0,0,0,0,410.7,621.6,45.63333333,69.06666667,115,55,4,4
18,7,B,E,2,6.5,161,100,0,75,10,15,-11,1.5,2,0,0,90,2106,90,6,54.1,21,14.8,34.5,35.4,24.5,0,0,0,0,0,0,0,0,0,0,0,0,0,0,0,0,0,0,0,0,0,0,0,0,0,0,0,0,0,0,0,0,0,0,0,0,0,0,0,0,0,0,0,0,0,0,0,0,0,0,0,0,0,0,0,0,0,0,0,0,0,0,0,0,0,0,0,0,0,0,0,0,0,0,0,0,0,0,0,0,0,0,0,0,123.7,100.2,75.9,56.1,55.6,66.9,0,0,0,0,0,0,0,0,0,0,0,0,0,0,0,0,0,0,0,0,0,0,0,0,0,0,0,0,0,0,0,0,0,0,0,0,0,0,0,0,0,0,0,0,0,0,0,0,0,0,0,0,0,0,0,0,0,0,0,0,0,0,0,0,0,0,0,0,0,0,0,0,0,0,0,0,0,0,0,0,0,0,0,0,TT,O,,2021,3,4,4/13/2008,24.76923077,26.41019982,26.2329564,27.29641694,0,21,14.8,34.5,35.4,24.5,0,0,0,0,0,0,0,0,0,0,0,0,0,0,0,0,0,0,0,0,0,0,0,0,0,0,0,0,0,0,0,0,0,0,0,0,0,0,0,0,0,0,0,0,0,0,0,0,0,0,0,0,0,0,0,0,0,0,0,0,0,0,0,0,0,0,0,0,0,0,0,0,0,0,0,0,0,0,0,0,0,0,0,0,0,100.2,75.9,56.1,55.6,66.9,0,0,0,0,0,0,0,0,0,0,0,0,0,0,0,0,0,0,0,0,0,0,0,0,0,0,0,0,0,0,0,0,0,0,0,0,0,0,0,0,0,0,0,0,0,0,0,0,0,0,0,0,0,0,0,0,0,0,0,0,0,0,0,0,0,0,0,0,0,0,0,0,0,0,0,0,0,0,0,0,0,0,0,0,130.2,354.7,26.04,70.94,55,115,2,2
16,8,B,E,2,10.2,274,49,1,43,44,13,-9,1.5,1,0,0,90,2106,90,10,56.7,45.4,20.1,31,52.5,68.1,75.2,73.3,58.6,32.2,0,0,0,0,0,0,0,0,0,0,0,0,0,0,0,0,0,0,0,0,0,0,0,0,0,0,0,0,0,0,0,0,0,0,0,0,0,0,0,0,0,0,0,0,0,0,0,0,0,0,0,0,0,0,0,0,0,0,0,0,0,0,0,0,0,0,0,0,0,0,0,0,0,0,0,0,0,0,0,0,117.8,116.2,89.1,61.9,54.4,67.7,77.1,95.3,105.9,106.5,0,0,0,0,0,0,0,0,0,0,0,0,0,0,0,0,0,0,0,0,0,0,0,0,0,0,0,0,0,0,0,0,0,0,0,0,0,0,0,0,0,0,0,0,0,0,0,0,0,0,0,0,0,0,0,0,0,0,0,0,0,0,0,0,0,0,0,0,0,0,0,0,0,0,0,0,0,0,0,0,TT,O,,2021,4,4,4/14/2008,26.8627451,26.41019982,26.2329564,27.29641694,0,45.4,20.1,31,52.5,68.1,75.2,73.3,58.6,32.2,0,0,0,0,0,0,0,0,0,0,0,0,0,0,0,0,0,0,0,0,0,0,0,0,0,0,0,0,0,0,0,0,0,0,0,0,0,0,0,0,0,0,0,0,0,0,0,0,0,0,0,0,0,0,0,0,0,0,0,0,0,0,0,0,0,0,0,0,0,0,0,0,0,0,0,0,0,0,0,0,0,116.2,89.1,61.9,54.4,67.7,77.1,95.3,105.9,106.5,0,0,0,0,0,0,0,0,0,0,0,0,0,0,0,0,0,0,0,0,0,0,0,0,0,0,0,0,0,0,0,0,0,0,0,0,0,0,0,0,0,0,0,0,0,0,0,0,0,0,0,0,0,0,0,0,0,0,0,0,0,0,0,0,0,0,0,0,0,0,0,0,0,0,0,0,0,0,0,0,456.4,774.1,50.71111111,86.01111111,55,115,2,2
17,8,B,S,2,53.2,1477,48,8,34,52,14,-58,1.5,2,0,0,90,2106,90,53,54.6,40.7,21.8,11.6,21,35.8,28.3,40.6,47.4,32,17.7,33,47.4,67.2,73.5,69.4,63.5,58.7,79.3,86,86,75.7,67.8,42,17.8,30.9,39,35.5,49.9,44.8,31.5,14.1,17.8,36.9,28.2,27.6,51.6,65.4,68.7,85.7,90.8,86.4,81.3,56.7,42.4,19.4,26.8,45.6,65.8,72.7,64.6,41.6,18.3,0,0,0,0,0,0,0,0,0,0,0,0,0,0,0,0,0,0,0,0,0,0,0,0,0,0,0,0,0,0,0,0,0,0,0,0,0,95.5,74.2,70.6,79.4,102.3,123.8,111,106.2,110.9,107.4,104.5,102.5,87.1,68.5,59.5,39,29.7,56.5,74.9,63.6,44.3,26.8,24.7,47.9,84.7,117.2,125.8,107.1,83.4,66.6,64,79.6,93.2,121.5,116.5,108,95.3,82.5,65.1,53,59.1,74.2,88.3,96.2,102.3,105.1,109.8,108,115.6,120,122.6,114.6,104.4,0,0,0,0,0,0,0,0,0,0,0,0,0,0,0,0,0,0,0,0,0,0,0,0,0,0,0,0,0,0,0,0,0,0,0,0,0,TT,O,,2021,5,4,4/14/2008,27.76315789,26.41019982,26.2329564,27.29641694,0,40.7,21.8,11.6,21,35.8,28.3,40.6,47.4,32,17.7,33,47.4,67.2,73.5,69.4,63.5,58.7,79.3,86,86,75.7,67.8,42,17.8,30.9,39,35.5,49.9,44.8,31.5,14.1,17.8,36.9,28.2,27.6,51.6,65.4,68.7,85.7,90.8,86.4,81.3,56.7,42.4,19.4,26.8,45.6,65.8,72.7,64.6,41.6,18.3,0,0,0,0,0,0,0,0,0,0,0,0,0,0,0,0,0,0,0,0,0,0,0,0,0,0,0,0,0,0,0,0,0,0,0,0,0,0,74.2,70.6,79.4,102.3,123.8,111,106.2,110.9,107.4,104.5,102.5,87.1,68.5,59.5,39,29.7,56.5,74.9,63.6,44.3,26.8,24.7,47.9,84.7,117.2,125.8,107.1,83.4,66.6,64,79.6,93.2,121.5,116.5,108,95.3,82.5,65.1,53,59.1,74.2,88.3,96.2,102.3,105.1,109.8,108,115.6,120,122.6,114.6,104.4,0,0,0,0,0,0,0,0,0,0,0,0,0,0,0,0,0,0,0,0,0,0,0,0,0,0,0,0,0,0,0,0,0,0,0,0,0,2504.2,4499,48.15769231,86.51923077,55,115,2,2
18,8,B,N,2,30.7,838,47,5,44,41,15,-41,1.5,1,0,0,90,2106,90,30,108.9,99.1,76.3,47.2,15.9,29.3,48.8,57.5,62.2,55.8,50.9,45.5,33.5,21.3,24.3,40.2,37.1,23.1,15.9,24.4,19.1,23.6,42.7,46.7,42.5,32.8,34.8,39.4,51.2,65.4,0,0,0,0,0,0,0,0,0,0,0,0,0,0,0,0,0,0,0,0,0,0,0,0,0,0,0,0,0,0,0,0,0,0,0,0,0,0,0,0,0,0,0,0,0,0,0,0,0,0,0,0,0,0,0,0,0,0,0,0,66,70.9,70.8,73.9,86.2,99.2,89.5,69.9,45.4,35,44.3,61.7,88.7,104.2,104.1,94.8,88,94.6,102.8,106.8,96.1,76.4,67.8,68.3,83.2,102.4,121.3,126.8,122.2,112.9,0,0,0,0,0,0,0,0,0,0,0,0,0,0,0,0,0,0,0,0,0,0,0,0,0,0,0,0,0,0,0,0,0,0,0,0,0,0,0,0,0,0,0,0,0,0,0,0,0,0,0,0,0,0,0,0,0,0,0,0,FS,O,,2021,6,4,4/14/2008,27.29641694,26.41019982,26.2329564,27.29641694,0,0,0,47.2,15.9,29.3,48.8,57.5,62.2,55.8,50.9,45.5,33.5,21.3,24.3,40.2,37.1,23.1,15.9,24.4,19.1,23.6,42.7,46.7,42.5,32.8,34.8,39.4,51.2,65.4,0,0,0,0,0,0,0,0,0,0,0,0,0,0,0,0,0,0,0,0,0,0,0,0,0,0,0,0,0,0,0,0,0,0,0,0,0,0,0,0,0,0,0,0,0,0,0,0,0,0,0,0,0,0,0,0,0,0,0,0,0,0,0,73.9,86.2,99.2,89.5,69.9,45.4,35,44.3,61.7,88.7,104.2,104.1,94.8,88,94.6,102.8,106.8,96.1,76.4,67.8,68.3,83.2,102.4,121.3,126.8,122.2,112.9,0,0,0,0,0,0,0,0,0,0,0,0,0,0,0,0,0,0,0,0,0,0,0,0,0,0,0,0,0,0,0,0,0,0,0,0,0,0,0,0,0,0,0,0,0,0,0,0,0,0,0,0,0,0,0,0,0,0,0,0,1031.1,2366.5,38.18888889,87.64814815,115,55,4,4
19,7,B,W,2,17.8,501,25,17,59,33,8,29,1.5,1,1,0,90,2106,92,17,107.9,84,52.2,17.9,22.5,49.1,56.7,65.2,78.7,85.3,89.4,89.7,85.9,75.3,61.1,37.2,16.5,0,0,0,0,0,0,0,0,0,0,0,0,0,0,0,0,0,0,0,0,0,0,0,0,0,0,0,0,0,0,0,0,0,0,0,0,0,0,0,0,0,0,0,0,0,0,0,0,0,0,0,0,0,0,0,0,0,0,0,0,0,0,0,0,0,0,0,0,0,0,0,0,0,61.8,58.5,56.8,73.8,99.8,112.6,99.9,80.1,58.2,47.4,24,8.5,30.6,61.2,75.9,78.6,89.2,0,0,0,0,0,0,0,0,0,0,0,0,0,0,0,0,0,0,0,0,0,0,0,0,0,0,0,0,0,0,0,0,0,0,0,0,0,0,0,0,0,0,0,0,0,0,0,0,0,0,0,0,0,0,0,0,0,0,0,0,0,0,0,0,0,0,0,0,0,0,0,0,0,TT,O,,2021,1,4,4/13/2008,28.14606742,25.19105997,25.84490715,21.9218241,0,0,0,17.9,22.5,49.1,56.7,65.2,78.7,85.3,89.4,89.7,85.9,75.3,61.1,37.2,16.5,0,0,0,0,0,0,0,0,0,0,0,0,0,0,0,0,0,0,0,0,0,0,0,0,0,0,0,0,0,0,0,0,0,0,0,0,0,0,0,0,0,0,0,0,0,0,0,0,0,0,0,0,0,0,0,0,0,0,0,0,0,0,0,0,0,0,0,0,0,0,0,0,0,0,0,0,73.8,99.8,112.6,99.9,80.1,58.2,47.4,24,8.5,30.6,61.2,75.9,78.6,89.2,0,0,0,0,0,0,0,0,0,0,0,0,0,0,0,0,0,0,0,0,0,0,0,0,0,0,0,0,0,0,0,0,0,0,0,0,0,0,0,0,0,0,0,0,0,0,0,0,0,0,0,0,0,0,0,0,0,0,0,0,0,0,0,0,0,0,0,0,0,0,0,0,0,830.5,939.8,59.32142857,67.12857143,115,55,4,4
20,7,B,N,2,18.8,472,26,31,67,24,9,37,1.5,0,1,0,90,2106,92,18,111.2,100.7,78.9,50.2,36.1,38.7,62.4,63,61.6,65,71.2,75.8,80.6,72.9,48.3,21.3,10.6,16.5,0,0,0,0,0,0,0,0,0,0,0,0,0,0,0,0,0,0,0,0,0,0,0,0,0,0,0,0,0,0,0,0,0,0,0,0,0,0,0,0,0,0,0,0,0,0,0,0,0,0,0,0,0,0,0,0,0,0,0,0,0,0,0,0,0,0,0,0,0,0,0,0,47.7,35.8,24.2,43.8,74.3,94,123.6,112.5,95.7,74,52.3,34.5,12.1,28.9,51.5,69.2,82.6,92.6,0,0,0,0,0,0,0,0,0,0,0,0,0,0,0,0,0,0,0,0,0,0,0,0,0,0,0,0,0,0,0,0,0,0,0,0,0,0,0,0,0,0,0,0,0,0,0,0,0,0,0,0,0,0,0,0,0,0,0,0,0,0,0,0,0,0,0,0,0,0,0,0,TT,O,,2021,2,4,4/13/2008,25.10638298,25.19105997,25.84490715,21.9218241,0,0,0,50.2,36.1,38.7,62.4,63,61.6,65,71.2,75.8,80.6,72.9,48.3,21.3,10.6,16.5,0,0,0,0,0,0,0,0,0,0,0,0,0,0,0,0,0,0,0,0,0,0,0,0,0,0,0,0,0,0,0,0,0,0,0,0,0,0,0,0,0,0,0,0,0,0,0,0,0,0,0,0,0,0,0,0,0,0,0,0,0,0,0,0,0,0,0,0,0,0,0,0,0,0,0,43.8,74.3,94,123.6,112.5,95.7,74,52.3,34.5,12.1,28.9,51.5,69.2,82.6,92.6,0,0,0,0,0,0,0,0,0,0,0,0,0,0,0,0,0,0,0,0,0,0,0,0,0,0,0,0,0,0,0,0,0,0,0,0,0,0,0,0,0,0,0,0,0,0,0,0,0,0,0,0,0,0,0,0,0,0,0,0,0,0,0,0,0,0,0,0,0,0,0,0,774.2,1041.6,51.61333333,69.44,115,55,4,4
21,7,B,E,2,9.7,251,12,25,71,18,11,77,1.5,1,0,0,90,2106,92,9,70.6,68.3,75.1,82.2,82.3,79.3,69,54.3,28.4,0,0,0,0,0,0,0,0,0,0,0,0,0,0,0,0,0,0,0,0,0,0,0,0,0,0,0,0,0,0,0,0,0,0,0,0,0,0,0,0,0,0,0,0,0,0,0,0,0,0,0,0,0,0,0,0,0,0,0,0,0,0,0,0,0,0,0,0,0,0,0,0,0,0,0,0,0,0,0,0,0,117.7,96.8,75.6,57.9,40.8,18.6,24.4,50.7,75.1,0,0,0,0,0,0,0,0,0,0,0,0,0,0,0,0,0,0,0,0,0,0,0,0,0,0,0,0,0,0,0,0,0,0,0,0,0,0,0,0,0,0,0,0,0,0,0,0,0,0,0,0,0,0,0,0,0,0,0,0,0,0,0,0,0,0,0,0,0,0,0,0,0,0,0,0,0,0,0,0,0,TT,O,,2021,3,4,4/13/2008,25.87628866,25.19105997,25.84490715,21.9218241,0,68.3,75.1,82.2,82.3,79.3,69,54.3,28.4,0,0,0,0,0,0,0,0,0,0,0,0,0,0,0,0,0,0,0,0,0,0,0,0,0,0,0,0,0,0,0,0,0,0,0,0,0,0,0,0,0,0,0,0,0,0,0,0,0,0,0,0,0,0,0,0,0,0,0,0,0,0,0,0,0,0,0,0,0,0,0,0,0,0,0,0,0,0,0,0,0,0,96.8,75.6,57.9,40.8,18.6,24.4,50.7,75.1,0,0,0,0,0,0,0,0,0,0,0,0,0,0,0,0,0,0,0,0,0,0,0,0,0,0,0,0,0,0,0,0,0,0,0,0,0,0,0,0,0,0,0,0,0,0,0,0,0,0,0,0,0,0,0,0,0,0,0,0,0,0,0,0,0,0,0,0,0,0,0,0,0,0,0,0,0,0,0,0,0,538.9,439.9,67.3625,54.9875,55,115,2,2
19,8,B,E,2,9.3,241,30,12,81,10,9,75,1.5,1,0,0,90,2106,92,9,71.2,64.1,62.3,62,65.9,52.9,26.8,14.6,13.2,0,0,0,0,0,0,0,0,0,0,0,0,0,0,0,0,0,0,0,0,0,0,0,0,0,0,0,0,0,0,0,0,0,0,0,0,0,0,0,0,0,0,0,0,0,0,0,0,0,0,0,0,0,0,0,0,0,0,0,0,0,0,0,0,0,0,0,0,0,0,0,0,0,0,0,0,0,0,0,0,0,114.2,87.7,67.7,38.8,30.9,58.4,71.7,75.4,79.5,0,0,0,0,0,0,0,0,0,0,0,0,0,0,0,0,0,0,0,0,0,0,0,0,0,0,0,0,0,0,0,0,0,0,0,0,0,0,0,0,0,0,0,0,0,0,0,0,0,0,0,0,0,0,0,0,0,0,0,0,0,0,0,0,0,0,0,0,0,0,0,0,0,0,0,0,0,0,0,0,0,TT,O,,2021,4,4,4/14/2008,25.91397849,25.19105997,25.84490715,21.9218241,0,64.1,62.3,62,65.9,52.9,26.8,14.6,13.2,0,0,0,0,0,0,0,0,0,0,0,0,0,0,0,0,0,0,0,0,0,0,0,0,0,0,0,0,0,0,0,0,0,0,0,0,0,0,0,0,0,0,0,0,0,0,0,0,0,0,0,0,0,0,0,0,0,0,0,0,0,0,0,0,0,0,0,0,0,0,0,0,0,0,0,0,0,0,0,0,0,0,87.7,67.7,38.8,30.9,58.4,71.7,75.4,79.5,0,0,0,0,0,0,0,0,0,0,0,0,0,0,0,0,0,0,0,0,0,0,0,0,0,0,0,0,0,0,0,0,0,0,0,0,0,0,0,0,0,0,0,0,0,0,0,0,0,0,0,0,0,0,0,0,0,0,0,0,0,0,0,0,0,0,0,0,0,0,0,0,0,0,0,0,0,0,0,0,0,361.8,510.1,45.225,63.7625,55,115,2,2
20,8,B,S,2,11,266,15,17,76,14,10,86,1.5,2,0,0,90,2106,92,10,73.3,72.4,72.8,72.4,70.2,61.1,69,64,49.9,22.2,0,0,0,0,0,0,0,0,0,0,0,0,0,0,0,0,0,0,0,0,0,0,0,0,0,0,0,0,0,0,0,0,0,0,0,0,0,0,0,0,0,0,0,0,0,0,0,0,0,0,0,0,0,0,0,0,0,0,0,0,0,0,0,0,0,0,0,0,0,0,0,0,0,0,0,0,0,0,0,0,118.9,97.9,73.7,54.7,28.8,29.5,38.3,61.7,73.3,83.5,0,0,0,0,0,0,0,0,0,0,0,0,0,0,0,0,0,0,0,0,0,0,0,0,0,0,0,0,0,0,0,0,0,0,0,0,0,0,0,0,0,0,0,0,0,0,0,0,0,0,0,0,0,0,0,0,0,0,0,0,0,0,0,0,0,0,0,0,0,0,0,0,0,0,0,0,0,0,0,0,TT,O,,2021,5,4,4/14/2008,24.18181818,25.19105997,25.84490715,21.9218241,0,72.4,72.8,72.4,70.2,61.1,69,64,49.9,22.2,0,0,0,0,0,0,0,0,0,0,0,0,0,0,0,0,0,0,0,0,0,0,0,0,0,0,0,0,0,0,0,0,0,0,0,0,0,0,0,0,0,0,0,0,0,0,0,0,0,0,0,0,0,0,0,0,0,0,0,0,0,0,0,0,0,0,0,0,0,0,0,0,0,0,0,0,0,0,0,0,0,97.9,73.7,54.7,28.8,29.5,38.3,61.7,73.3,83.5,0,0,0,0,0,0,0,0,0,0,0,0,0,0,0,0,0,0,0,0,0,0,0,0,0,0,0,0,0,0,0,0,0,0,0,0,0,0,0,0,0,0,0,0,0,0,0,0,0,0,0,0,0,0,0,0,0,0,0,0,0,0,0,0,0,0,0,0,0,0,0,0,0,0,0,0,0,0,0,0,554,541.4,61.55555556,60.15555556,55,115,2,2
21,8,B,N,2,30.7,673,45,24,64,33,3,67,1.5,1,1,0,90,2106,92,30,118.5,112.8,106.5,88.4,66.1,37.1,15.9,36,51,51.8,40.8,22.9,19.6,23.2,39.5,53,41.2,24.3,11.9,14.3,26,43.3,58.6,66,77.6,74.7,56.4,38.4,21.3,14.5,0,0,0,0,0,0,0,0,0,0,0,0,0,0,0,0,0,0,0,0,0,0,0,0,0,0,0,0,0,0,0,0,0,0,0,0,0,0,0,0,0,0,0,0,0,0,0,0,0,0,0,0,0,0,0,0,0,0,0,0,54.9,41.8,23.7,10.7,30.7,57.7,80.3,90.4,94.7,100.7,101.6,88.6,71.9,71,79.4,97.6,107.2,102.7,99.7,89.1,72.7,54.2,33.8,23.6,24.4,47,56.8,65,74.2,88.8,0,0,0,0,0,0,0,0,0,0,0,0,0,0,0,0,0,0,0,0,0,0,0,0,0,0,0,0,0,0,0,0,0,0,0,0,0,0,0,0,0,0,0,0,0,0,0,0,0,0,0,0,0,0,0,0,0,0,0,0,FS,O,,2021,6,4,4/14/2008,21.9218241,25.19105997,25.84490715,21.9218241,0,0,0,0,66.1,37.1,15.9,36,51,51.8,40.8,22.9,19.6,23.2,39.5,53,41.2,24.3,11.9,14.3,26,43.3,58.6,66,77.6,74.7,56.4,38.4,21.3,14.5,0,0,0,0,0,0,0,0,0,0,0,0,0,0,0,0,0,0,0,0,0,0,0,0,0,0,0,0,0,0,0,0,0,0,0,0,0,0,0,0,0,0,0,0,0,0,0,0,0,0,0,0,0,0,0,0,0,0,0,0,0,0,0,0,30.7,57.7,80.3,90.4,94.7,100.7,101.6,88.6,71.9,71,79.4,97.6,107.2,102.7,99.7,89.1,72.7,54.2,33.8,23.6,24.4,47,56.8,65,74.2,88.8,0,0,0,0,0,0,0,0,0,0,0,0,0,0,0,0,0,0,0,0,0,0,0,0,0,0,0,0,0,0,0,0,0,0,0,0,0,0,0,0,0,0,0,0,0,0,0,0,0,0,0,0,0,0,0,0,0,0,0,0,1025.4,1903.8,39.43846154,73.22307692,115,55,5,5
25,7,B,W,2,7.8,198,16,53,59,37,4,-63,1.5,1,1,0,90,2106,97,7,111.1,102.4,87.6,78.2,59.8,52.7,40.9,0,0,0,0,0,0,0,0,0,0,0,0,0,0,0,0,0,0,0,0,0,0,0,0,0,0,0,0,0,0,0,0,0,0,0,0,0,0,0,0,0,0,0,0,0,0,0,0,0,0,0,0,0,0,0,0,0,0,0,0,0,0,0,0,0,0,0,0,0,0,0,0,0,0,0,0,0,0,0,0,0,0,0,39.9,19.7,11.7,28.4,51.6,78.7,98.4,0,0,0,0,0,0,0,0,0,0,0,0,0,0,0,0,0,0,0,0,0,0,0,0,0,0,0,0,0,0,0,0,0,0,0,0,0,0,0,0,0,0,0,0,0,0,0,0,0,0,0,0,0,0,0,0,0,0,0,0,0,0,0,0,0,0,0,0,0,0,0,0,0,0,0,0,0,0,0,0,0,0,0,TT,O,,2021,1,4,4/13/2008,25.38461538,23.673377,23.96792296,22.20064725,0,0,0,0,59.8,52.7,40.9,0,0,0,0,0,0,0,0,0,0,0,0,0,0,0,0,0,0,0,0,0,0,0,0,0,0,0,0,0,0,0,0,0,0,0,0,0,0,0,0,0,0,0,0,0,0,0,0,0,0,0,0,0,0,0,0,0,0,0,0,0,0,0,0,0,0,0,0,0,0,0,0,0,0,0,0,0,0,0,0,0,0,0,0,0,0,0,51.6,78.7,98.4,0,0,0,0,0,0,0,0,0,0,0,0,0,0,0,0,0,0,0,0,0,0,0,0,0,0,0,0,0,0,0,0,0,0,0,0,0,0,0,0,0,0,0,0,0,0,0,0,0,0,0,0,0,0,0,0,0,0,0,0,0,0,0,0,0,0,0,0,0,0,0,0,0,0,0,0,0,0,0,0,0,0,0,153.4,228.7,51.13333333,76.23333333,115,55,5,5
26,7,B,N,2,6.9,167,35,1,48,51,1,-46,1.5,1,0,0,90,2106,97,6,109,95.9,77,57.5,33.8,19,0,0,0,0,0,0,0,0,0,0,0,0,0,0,0,0,0,0,0,0,0,0,0,0,0,0,0,0,0,0,0,0,0,0,0,0,0,0,0,0,0,0,0,0,0,0,0,0,0,0,0,0,0,0,0,0,0,0,0,0,0,0,0,0,0,0,0,0,0,0,0,0,0,0,0,0,0,0,0,0,0,0,0,0,66.3,73.2,83.5,86.2,83.6,78.2,0,0,0,0,0,0,0,0,0,0,0,0,0,0,0,0,0,0,0,0,0,0,0,0,0,0,0,0,0,0,0,0,0,0,0,0,0,0,0,0,0,0,0,0,0,0,0,0,0,0,0,0,0,0,0,0,0,0,0,0,0,0,0,0,0,0,0,0,0,0,0,0,0,0,0,0,0,0,0,0,0,0,0,0,TT,O,,2021,2,4,4/13/2008,24.20289855,23.673377,23.96792296,22.20064725,0,0,0,0,33.8,19,0,0,0,0,0,0,0,0,0,0,0,0,0,0,0,0,0,0,0,0,0,0,0,0,0,0,0,0,0,0,0,0,0,0,0,0,0,0,0,0,0,0,0,0,0,0,0,0,0,0,0,0,0,0,0,0,0,0,0,0,0,0,0,0,0,0,0,0,0,0,0,0,0,0,0,0,0,0,0,0,0,0,0,0,0,0,0,0,83.6,78.2,0,0,0,0,0,0,0,0,0,0,0,0,0,0,0,0,0,0,0,0,0,0,0,0,0,0,0,0,0,0,0,0,0,0,0,0,0,0,0,0,0,0,0,0,0,0,0,0,0,0,0,0,0,0,0,0,0,0,0,0,0,0,0,0,0,0,0,0,0,0,0,0,0,0,0,0,0,0,0,0,0,0,0,0,52.8,161.8,26.4,80.9,115,55,5,5
27,7,B,E,2,4,105,100,0,30,35,35,-43,1.5,1,0,0,90,2106,97,3,57.3,36.3,15.5,0,0,0,0,0,0,0,0,0,0,0,0,0,0,0,0,0,0,0,0,0,0,0,0,0,0,0,0,0,0,0,0,0,0,0,0,0,0,0,0,0,0,0,0,0,0,0,0,0,0,0,0,0,0,0,0,0,0,0,0,0,0,0,0,0,0,0,0,0,0,0,0,0,0,0,0,0,0,0,0,0,0,0,0,0,0,0,125.4,116.5,100.6,0,0,0,0,0,0,0,0,0,0,0,0,0,0,0,0,0,0,0,0,0,0,0,0,0,0,0,0,0,0,0,0,0,0,0,0,0,0,0,0,0,0,0,0,0,0,0,0,0,0,0,0,0,0,0,0,0,0,0,0,0,0,0,0,0,0,0,0,0,0,0,0,0,0,0,0,0,0,0,0,0,0,0,0,0,0,0,TT,O,,2021,3,4,4/13/2008,26.25,23.673377,23.96792296,22.20064725,0,36.3,15.5,0,0,0,0,0,0,0,0,0,0,0,0,0,0,0,0,0,0,0,0,0,0,0,0,0,0,0,0,0,0,0,0,0,0,0,0,0,0,0,0,0,0,0,0,0,0,0,0,0,0,0,0,0,0,0,0,0,0,0,0,0,0,0,0,0,0,0,0,0,0,0,0,0,0,0,0,0,0,0,0,0,0,0,0,0,0,0,0,116.5,100.6,0,0,0,0,0,0,0,0,0,0,0,0,0,0,0,0,0,0,0,0,0,0,0,0,0,0,0,0,0,0,0,0,0,0,0,0,0,0,0,0,0,0,0,0,0,0,0,0,0,0,0,0,0,0,0,0,0,0,0,0,0,0,0,0,0,0,0,0,0,0,0,0,0,0,0,0,0,0,0,0,0,0,0,0,0,0,0,51.8,217.1,25.9,108.55,55,115,2,2
25,8,B,E,2,3.4,81,100,0,21,21,58,-62,1.5,1,0,0,90,2106,97,3,59.8,51.7,21.7,0,0,0,0,0,0,0,0,0,0,0,0,0,0,0,0,0,0,0,0,0,0,0,0,0,0,0,0,0,0,0,0,0,0,0,0,0,0,0,0,0,0,0,0,0,0,0,0,0,0,0,0,0,0,0,0,0,0,0,0,0,0,0,0,0,0,0,0,0,0,0,0,0,0,0,0,0,0,0,0,0,0,0,0,0,0,0,122.3,125.6,106.7,0,0,0,0,0,0,0,0,0,0,0,0,0,0,0,0,0,0,0,0,0,0,0,0,0,0,0,0,0,0,0,0,0,0,0,0,0,0,0,0,0,0,0,0,0,0,0,0,0,0,0,0,0,0,0,0,0,0,0,0,0,0,0,0,0,0,0,0,0,0,0,0,0,0,0,0,0,0,0,0,0,0,0,0,0,0,0,TT,O,,2021,4,4,4/15/2008,23.82352941,23.673377,23.96792296,22.20064725,0,51.7,21.7,0,0,0,0,0,0,0,0,0,0,0,0,0,0,0,0,0,0,0,0,0,0,0,0,0,0,0,0,0,0,0,0,0,0,0,0,0,0,0,0,0,0,0,0,0,0,0,0,0,0,0,0,0,0,0,0,0,0,0,0,0,0,0,0,0,0,0,0,0,0,0,0,0,0,0,0,0,0,0,0,0,0,0,0,0,0,0,0,125.6,106.7,0,0,0,0,0,0,0,0,0,0,0,0,0,0,0,0,0,0,0,0,0,0,0,0,0,0,0,0,0,0,0,0,0,0,0,0,0,0,0,0,0,0,0,0,0,0,0,0,0,0,0,0,0,0,0,0,0,0,0,0,0,0,0,0,0,0,0,0,0,0,0,0,0,0,0,0,0,0,0,0,0,0,0,0,0,0,0,73.4,232.3,36.7,116.15,55,115,2,2
26,8,B,S,2,11.2,226,36,7,81,18,1,-82,1.5,1,0,0,90,2106,97,11,53.4,62.1,64.5,60.2,50.3,33.8,39.9,39.9,36.9,36,11.5,0,0,0,0,0,0,0,0,0,0,0,0,0,0,0,0,0,0,0,0,0,0,0,0,0,0,0,0,0,0,0,0,0,0,0,0,0,0,0,0,0,0,0,0,0,0,0,0,0,0,0,0,0,0,0,0,0,0,0,0,0,0,0,0,0,0,0,0,0,0,0,0,0,0,0,0,0,0,0,97.4,76.6,62.6,58.5,58.2,57.4,50.7,50.8,54.2,56,81,0,0,0,0,0,0,0,0,0,0,0,0,0,0,0,0,0,0,0,0,0,0,0,0,0,0,0,0,0,0,0,0,0,0,0,0,0,0,0,0,0,0,0,0,0,0,0,0,0,0,0,0,0,0,0,0,0,0,0,0,0,0,0,0,0,0,0,0,0,0,0,0,0,0,0,0,0,0,0,TT,O,,2021,5,4,4/15/2008,20.17857143,23.673377,23.96792296,22.20064725,0,62.1,64.5,60.2,50.3,33.8,39.9,39.9,36.9,36,11.5,0,0,0,0,0,0,0,0,0,0,0,0,0,0,0,0,0,0,0,0,0,0,0,0,0,0,0,0,0,0,0,0,0,0,0,0,0,0,0,0,0,0,0,0,0,0,0,0,0,0,0,0,0,0,0,0,0,0,0,0,0,0,0,0,0,0,0,0,0,0,0,0,0,0,0,0,0,0,0,0,76.6,62.6,58.5,58.2,57.4,50.7,50.8,54.2,56,81,0,0,0,0,0,0,0,0,0,0,0,0,0,0,0,0,0,0,0,0,0,0,0,0,0,0,0,0,0,0,0,0,0,0,0,0,0,0,0,0,0,0,0,0,0,0,0,0,0,0,0,0,0,0,0,0,0,0,0,0,0,0,0,0,0,0,0,0,0,0,0,0,0,0,0,0,0,0,0,435.1,606,43.51,60.6,55,115,2,2
27,8,B,N,2,30.9,686,45,8,48,45,7,-36,1.5,2,0,0,90,2106,97,30,109.2,92.1,68.2,49.3,47.7,64.5,66.2,64,48.3,23.6,25.2,49.1,63.7,55.4,49.7,36.6,22.5,3.8,12.8,23.8,28,31.5,41.1,43,29.5,14.2,15.1,35.6,52.5,58.3,0,0,0,0,0,0,0,0,0,0,0,0,0,0,0,0,0,0,0,0,0,0,0,0,0,0,0,0,0,0,0,0,0,0,0,0,0,0,0,0,0,0,0,0,0,0,0,0,0,0,0,0,0,0,0,0,0,0,0,0,59.5,60.5,58.6,62.1,88.6,96.7,85.1,75.1,62.4,77.6,105.4,125.7,127.1,109,97.3,80.7,69.8,90.2,102,112.9,109.7,99.4,94.2,102.9,103.7,90.9,76.6,66.7,49.6,43,0,0,0,0,0,0,0,0,0,0,0,0,0,0,0,0,0,0,0,0,0,0,0,0,0,0,0,0,0,0,0,0,0,0,0,0,0,0,0,0,0,0,0,0,0,0,0,0,0,0,0,0,0,0,0,0,0,0,0,0,FS,O,,2021,6,4,4/15/2008,22.20064725,23.673377,23.96792296,22.20064725,0,0,0,0,47.7,64.5,66.2,64,48.3,23.6,25.2,49.1,63.7,55.4,49.7,36.6,22.5,3.8,12.8,23.8,28,31.5,41.1,43,29.5,14.2,15.1,35.6,52.5,58.3,0,0,0,0,0,0,0,0,0,0,0,0,0,0,0,0,0,0,0,0,0,0,0,0,0,0,0,0,0,0,0,0,0,0,0,0,0,0,0,0,0,0,0,0,0,0,0,0,0,0,0,0,0,0,0,0,0,0,0,0,0,0,0,0,88.6,96.7,85.1,75.1,62.4,77.6,105.4,125.7,127.1,109,97.3,80.7,69.8,90.2,102,112.9,109.7,99.4,94.2,102.9,103.7,90.9,76.6,66.7,49.6,43,0,0,0,0,0,0,0,0,0,0,0,0,0,0,0,0,0,0,0,0,0,0,0,0,0,0,0,0,0,0,0,0,0,0,0,0,0,0,0,0,0,0,0,0,0,0,0,0,0,0,0,0,0,0,0,0,0,0,0,0,1005.7,2342.3,38.68076923,90.08846154,115,55,5,5
28,7,B,W,2,9.7,163,20,51,61,28,11,-54,1.5,1,0,0,90,2106,99,9,116.6,108.5,106.7,96.3,84.5,64.7,46.4,31.9,20.8,0,0,0,0,0,0,0,0,0,0,0,0,0,0,0,0,0,0,0,0,0,0,0,0,0,0,0,0,0,0,0,0,0,0,0,0,0,0,0,0,0,0,0,0,0,0,0,0,0,0,0,0,0,0,0,0,0,0,0,0,0,0,0,0,0,0,0,0,0,0,0,0,0,0,0,0,0,0,0,0,0,51.7,38.2,34.4,21.2,18,31.8,49.9,63.9,78,0,0,0,0,0,0,0,0,0,0,0,0,0,0,0,0,0,0,0,0,0,0,0,0,0,0,0,0,0,0,0,0,0,0,0,0,0,0,0,0,0,0,0,0,0,0,0,0,0,0,0,0,0,0,0,0,0,0,0,0,0,0,0,0,0,0,0,0,0,0,0,0,0,0,0,0,0,0,0,0,0,TT,O,,2021,1,4,4/13/2008,16.80412371,22.09846104,22.01488527,22.51633987,0,0,0,0,84.5,64.7,46.4,31.9,20.8,0,0,0,0,0,0,0,0,0,0,0,0,0,0,0,0,0,0,0,0,0,0,0,0,0,0,0,0,0,0,0,0,0,0,0,0,0,0,0,0,0,0,0,0,0,0,0,0,0,0,0,0,0,0,0,0,0,0,0,0,0,0,0,0,0,0,0,0,0,0,0,0,0,0,0,0,0,0,0,0,0,0,0,0,0,18,31.8,49.9,63.9,78,0,0,0,0,0,0,0,0,0,0,0,0,0,0,0,0,0,0,0,0,0,0,0,0,0,0,0,0,0,0,0,0,0,0,0,0,0,0,0,0,0,0,0,0,0,0,0,0,0,0,0,0,0,0,0,0,0,0,0,0,0,0,0,0,0,0,0,0,0,0,0,0,0,0,0,0,0,0,0,0,0,248.3,241.6,49.66,48.32,115,55,5,5
29,7,B,N,2,90.1,2120,23,20,46,32,22,-32,1.5,2,0,0,90,2106,99,90,111.5,101.7,81.3,59.8,39.4,21.8,11.1,17.7,35.1,33.2,32.7,30.1,49.5,48.6,47.9,42.8,21.6,11.2,16.7,26.4,38.6,55.9,79.4,93.2,94.9,85.2,67.8,44.6,19.1,30.8,59.6,88.2,111.9,120.7,125.2,117.9,109.5,95.8,80,83.1,88.2,87.1,71.6,46.9,34.8,39,47.9,58.4,70.1,83.7,95.3,104.1,108.8,108.9,107.3,107.6,103.4,86.5,64.4,35.5,13,24,52.2,69.4,73.2,64.1,54,41.8,51.9,56.4,59.8,71.5,73.6,60.4,44.8,49.4,60.8,63.6,79.9,93.9,101.6,99.3,86.4,71.6,62.8,63.3,74,94.2,99.6,104.5,62.2,64.2,64.9,70,81.8,82.8,79.9,73,57,56.4,57.1,60.8,41.9,41.7,48.3,62.3,76.9,80.6,76.4,64.1,51.1,40.8,45.9,61.3,70,85.9,92.8,95.9,81.3,60,44.5,37.9,39.7,35.7,36.3,29.8,26.6,29.9,63.2,88.1,106,109.8,113.1,112.4,120.1,125.7,126.6,118.6,101.2,84.6,67,49.2,32.4,20.9,29.4,45.9,53.7,62.3,67.8,72.3,82.7,88.5,88.8,83.2,74.4,69.8,58.5,52.1,37.5,33,31.8,34.6,50.2,64.5,84.4,112,116.4,113.2,105.4,97,88.6,73.4,53.2,32.9,28.6,46.8,75.4,101.9,102.6,96.5,TT,O,,2021,2,4,4/13/2008,23.52941176,22.09846104,22.01488527,22.51633987,0,0,0,0,39.4,21.8,11.1,17.7,35.1,33.2,32.7,30.1,49.5,48.6,47.9,42.8,21.6,11.2,16.7,26.4,38.6,55.9,79.4,93.2,94.9,85.2,67.8,44.6,19.1,30.8,59.6,88.2,111.9,120.7,125.2,117.9,109.5,95.8,80,83.1,88.2,87.1,71.6,46.9,34.8,39,47.9,58.4,70.1,83.7,95.3,104.1,108.8,108.9,107.3,107.6,103.4,86.5,64.4,35.5,13,24,52.2,69.4,73.2,64.1,54,41.8,51.9,56.4,59.8,71.5,73.6,60.4,44.8,49.4,60.8,63.6,79.9,93.9,101.6,99.3,86.4,71.6,62.8,63.3,74,94.2,99.6,104.5,0,0,0,0,81.8,82.8,79.9,73,57,56.4,57.1,60.8,41.9,41.7,48.3,62.3,76.9,80.6,76.4,64.1,51.1,40.8,45.9,61.3,70,85.9,92.8,95.9,81.3,60,44.5,37.9,39.7,35.7,36.3,29.8,26.6,29.9,63.2,88.1,106,109.8,113.1,112.4,120.1,125.7,126.6,118.6,101.2,84.6,67,49.2,32.4,20.9,29.4,45.9,53.7,62.3,67.8,72.3,82.7,88.5,88.8,83.2,74.4,69.8,58.5,52.1,37.5,33,31.8,34.6,50.2,64.5,84.4,112,116.4,113.2,105.4,97,88.6,73.4,53.2,32.9,28.6,46.8,75.4,101.9,102.6,96.5,5651.7,5954.6,65.71744186,69.23953488,115,55,5,5
30,7,B,E,2,10.6,277,54,27,62,12,26,-81,1.5,0,0,0,90,2106,99,10,59.6,58.4,42.3,20.5,36.3,55.3,65.2,67.4,54.1,29.5,0,0,0,0,0,0,0,0,0,0,0,0,0,0,0,0,0,0,0,0,0,0,0,0,0,0,0,0,0,0,0,0,0,0,0,0,0,0,0,0,0,0,0,0,0,0,0,0,0,0,0,0,0,0,0,0,0,0,0,0,0,0,0,0,0,0,0,0,0,0,0,0,0,0,0,0,0,0,0,0,121.6,129.3,123.9,106.7,76.1,46.7,25.8,22,36.8,63.1,0,0,0,0,0,0,0,0,0,0,0,0,0,0,0,0,0,0,0,0,0,0,0,0,0,0,0,0,0,0,0,0,0,0,0,0,0,0,0,0,0,0,0,0,0,0,0,0,0,0,0,0,0,0,0,0,0,0,0,0,0,0,0,0,0,0,0,0,0,0,0,0,0,0,0,0,0,0,0,0,TT,O,,2021,3,4,4/13/2008,26.13207547,22.09846104,22.01488527,22.51633987,0,58.4,42.3,20.5,36.3,55.3,65.2,67.4,54.1,29.5,0,0,0,0,0,0,0,0,0,0,0,0,0,0,0,0,0,0,0,0,0,0,0,0,0,0,0,0,0,0,0,0,0,0,0,0,0,0,0,0,0,0,0,0,0,0,0,0,0,0,0,0,0,0,0,0,0,0,0,0,0,0,0,0,0,0,0,0,0,0,0,0,0,0,0,0,0,0,0,0,0,129.3,123.9,106.7,76.1,46.7,25.8,22,36.8,63.1,0,0,0,0,0,0,0,0,0,0,0,0,0,0,0,0,0,0,0,0,0,0,0,0,0,0,0,0,0,0,0,0,0,0,0,0,0,0,0,0,0,0,0,0,0,0,0,0,0,0,0,0,0,0,0,0,0,0,0,0,0,0,0,0,0,0,0,0,0,0,0,0,0,0,0,0,0,0,0,0,429,630.4,47.66666667,70.04444444,55,115,2,2
28,8,B,E,2,72.6,1648,42,14,52,33,15,-60,1.5,2,1,0,90,2106,99,72,58.2,55.5,47,36,29.1,26.6,25.9,28.2,27.2,35.6,19.6,18.8,37.6,52.9,57.2,56.9,37.8,22.3,39.3,74.9,82,83.5,71.9,45.8,33.1,52.3,65,57.3,45.7,35.6,28.9,22.1,19.4,23.6,46.7,57.6,78.5,81,69.2,49.6,30.4,18.3,18.9,39.6,48.3,46,36.1,37.1,57.2,64.4,65.2,63.5,62.5,58.4,54.1,53.8,33.3,15.3,41.2,71.5,102.5,121.5,121.2,110,88.1,64.3,44.1,50.5,60.6,52.6,37.9,16.3,0,0,0,0,0,0,0,0,0,0,0,0,0,0,0,0,0,0,118.5,123.1,122.1,117.8,114.9,114.6,114.3,115.9,116.3,122.6,104.9,91.6,84.8,89.5,85.6,95.1,84.3,71.5,62.8,52.3,35.9,30.2,31.5,47.9,69.4,77.9,71.2,61.9,53.8,54.3,62.6,84.8,103.4,107.9,103.3,101.1,102.2,100.7,88.1,68.3,63.5,72.7,91.9,121.8,131.8,129.4,123.8,113.3,89.1,67.1,41.2,27.6,39.4,56.4,83.5,108.4,104.7,77.8,48.4,18,14.6,37.2,39.9,35.9,25.1,27.2,51,73.7,70.2,67.6,70.3,82.8,0,0,0,0,0,0,0,0,0,0,0,0,0,0,0,0,0,0,TT,O,,2021,4,4,4/15/2008,22.69972452,22.09846104,22.01488527,22.51633987,0,55.5,47,36,29.1,26.6,25.9,28.2,27.2,35.6,19.6,18.8,37.6,52.9,57.2,56.9,37.8,22.3,39.3,74.9,82,83.5,71.9,45.8,33.1,52.3,65,57.3,45.7,35.6,28.9,22.1,19.4,23.6,46.7,57.6,78.5,81,69.2,49.6,30.4,18.3,18.9,39.6,48.3,46,36.1,37.1,57.2,64.4,65.2,63.5,62.5,58.4,54.1,53.8,33.3,15.3,41.2,71.5,102.5,121.5,121.2,110,88.1,64.3,44.1,50.5,60.6,52.6,37.9,16.3,0,0,0,0,0,0,0,0,0,0,0,0,0,0,0,0,0,0,0,123.1,122.1,117.8,114.9,114.6,114.3,115.9,116.3,122.6,104.9,91.6,84.8,89.5,85.6,95.1,84.3,71.5,62.8,52.3,35.9,30.2,31.5,47.9,69.4,77.9,71.2,61.9,53.8,54.3,62.6,84.8,103.4,107.9,103.3,101.1,102.2,100.7,88.1,68.3,63.5,72.7,91.9,121.8,131.8,129.4,123.8,113.3,89.1,67.1,41.2,27.6,39.4,56.4,83.5,108.4,104.7,77.8,48.4,18,14.6,37.2,39.9,35.9,25.1,27.2,51,73.7,70.2,67.6,70.3,82.8,0,0,0,0,0,0,0,0,0,0,0,0,0,0,0,0,0,0,3561.9,5545.7,50.16760563,78.1084507,55,115,2,2
29,8,B,S,2,13.2,276,73,2,66,30,4,-121,1.5,0,0,0,90,2106,99,13,54.4,45.5,39.9,38.4,22.4,16.9,21.2,24,25.2,27.5,28,25.3,21.5,0,0,0,0,0,0,0,0,0,0,0,0,0,0,0,0,0,0,0,0,0,0,0,0,0,0,0,0,0,0,0,0,0,0,0,0,0,0,0,0,0,0,0,0,0,0,0,0,0,0,0,0,0,0,0,0,0,0,0,0,0,0,0,0,0,0,0,0,0,0,0,0,0,0,0,0,0,104,95,86.7,83.7,90.1,93.7,100,82.7,66,63.9,68.3,88.8,101.4,0,0,0,0,0,0,0,0,0,0,0,0,0,0,0,0,0,0,0,0,0,0,0,0,0,0,0,0,0,0,0,0,0,0,0,0,0,0,0,0,0,0,0,0,0,0,0,0,0,0,0,0,0,0,0,0,0,0,0,0,0,0,0,0,0,0,0,0,0,0,0,0,0,0,0,0,0,TT,O,,2021,5,4,4/15/2008,20.90909091,22.09846104,22.01488527,22.51633987,0,45.5,39.9,38.4,22.4,16.9,21.2,24,25.2,27.5,28,25.3,21.5,0,0,0,0,0,0,0,0,0,0,0,0,0,0,0,0,0,0,0,0,0,0,0,0,0,0,0,0,0,0,0,0,0,0,0,0,0,0,0,0,0,0,0,0,0,0,0,0,0,0,0,0,0,0,0,0,0,0,0,0,0,0,0,0,0,0,0,0,0,0,0,0,0,0,0,0,0,0,95,86.7,83.7,90.1,93.7,100,82.7,66,63.9,68.3,88.8,101.4,0,0,0,0,0,0,0,0,0,0,0,0,0,0,0,0,0,0,0,0,0,0,0,0,0,0,0,0,0,0,0,0,0,0,0,0,0,0,0,0,0,0,0,0,0,0,0,0,0,0,0,0,0,0,0,0,0,0,0,0,0,0,0,0,0,0,0,0,0,0,0,0,0,0,0,0,0,335.8,1020.3,27.98333333,85.025,55,115,2,2
30,8,B,N,2,30.6,689,31,17,67,25,8,-34,1.5,1,1,0,90,2106,99,30,111,104,82.9,56.8,35.5,22.4,40.4,34.8,33.3,25.3,36.1,38.3,36.5,29.2,28.8,23.8,11.5,20.7,33.2,36.5,53.1,82,106.1,106.6,109.4,102.5,95.7,76.4,55.3,33.8,0,0,0,0,0,0,0,0,0,0,0,0,0,0,0,0,0,0,0,0,0,0,0,0,0,0,0,0,0,0,0,0,0,0,0,0,0,0,0,0,0,0,0,0,0,0,0,0,0,0,0,0,0,0,0,0,0,0,0,0,66.6,67.7,63,56.8,57.9,75.8,74,71.4,74.2,95.4,98.8,83.6,66,61.2,62.3,76.7,84.2,73.9,60.7,58.6,57.3,65,73.3,58.6,41,23.7,13.4,13.2,35,59.6,0,0,0,0,0,0,0,0,0,0,0,0,0,0,0,0,0,0,0,0,0,0,0,0,0,0,0,0,0,0,0,0,0,0,0,0,0,0,0,0,0,0,0,0,0,0,0,0,0,0,0,0,0,0,0,0,0,0,0,0,FS,O,,2021,6,4,4/15/2008,22.51633987,22.09846104,22.01488527,22.51633987,0,0,0,0,35.5,22.4,40.4,34.8,33.3,25.3,36.1,38.3,36.5,29.2,28.8,23.8,11.5,20.7,33.2,36.5,53.1,82,106.1,106.6,109.4,102.5,95.7,76.4,55.3,33.8,0,0,0,0,0,0,0,0,0,0,0,0,0,0,0,0,0,0,0,0,0,0,0,0,0,0,0,0,0,0,0,0,0,0,0,0,0,0,0,0,0,0,0,0,0,0,0,0,0,0,0,0,0,0,0,0,0,0,0,0,0,0,0,0,57.9,75.8,74,71.4,74.2,95.4,98.8,83.6,66,61.2,62.3,76.7,84.2,73.9,60.7,58.6,57.3,65,73.3,58.6,41,23.7,13.4,13.2,35,59.6,0,0,0,0,0,0,0,0,0,0,0,0,0,0,0,0,0,0,0,0,0,0,0,0,0,0,0,0,0,0,0,0,0,0,0,0,0,0,0,0,0,0,0,0,0,0,0,0,0,0,0,0,0,0,0,0,0,0,0,0,1307.2,1614.8,50.27692308,62.10769231,115,55,5,5
1,CT,A,N,3,30.1,560,31,23,0,19,81,-82,1.5,0,0,0,30,2106,4,30,115.6,116.2,123.1,129.1,128,124.7,120.2,112.9,103,92.9,85.8,77.9,71.6,66.8,64.1,57.6,54.5,55.8,44.3,40.2,41.6,46.4,53,60.5,68.8,76.3,79,77.9,79.3,85.3,0,0,0,0,0,0,0,0,0,0,0,0,0,0,0,0,0,0,0,0,0,0,0,0,0,0,0,0,0,0,0,0,0,0,0,0,0,0,0,0,0,0,0,0,0,0,0,0,0,0,0,0,0,0,0,0,0,0,0,0,48.9,38,30.3,35.3,41.2,50.3,61.4,70.8,80.7,98.5,101.5,101.3,100.7,107.7,110,112.9,115.9,120.6,128.9,134.4,135.4,134,131.3,127.1,121.4,114.8,110.6,106,101.3,92.8,0,0,0,0,0,0,0,0,0,0,0,0,0,0,0,0,0,0,0,0,0,0,0,0,0,0,0,0,0,0,0,0,0,0,0,0,0,0,0,0,0,0,0,0,0,0,0,0,0,0,0,0,0,0,0,0,0,0,0,0,CUE,O,,2021,1,7,4/15/2008,18.60465116,14.40753045,14.40753045,0,0,0,0,0,0,0,0,112.9,103,92.9,85.8,77.9,71.6,66.8,64.1,57.6,54.5,55.8,44.3,40.2,41.6,46.4,53,60.5,68.8,76.3,79,77.9,79.3,85.3,0,0,0,0,0,0,0,0,0,0,0,0,0,0,0,0,0,0,0,0,0,0,0,0,0,0,0,0,0,0,0,0,0,0,0,0,0,0,0,0,0,0,0,0,0,0,0,0,0,0,0,0,0,0,0,0,0,0,0,0,0,0,0,0,0,0,0,70.8,80.7,98.5,101.5,101.3,100.7,107.7,110,112.9,115.9,120.6,128.9,134.4,135.4,134,131.3,127.1,121.4,114.8,110.6,106,101.3,92.8,0,0,0,0,0,0,0,0,0,0,0,0,0,0,0,0,0,0,0,0,0,0,0,0,0,0,0,0,0,0,0,0,0,0,0,0,0,0,0,0,0,0,0,0,0,0,0,0,0,0,0,0,0,0,0,0,0,0,0,0,1595.5,2558.6,69.36956522,111.2434783,115,55,8,8
2,CT,A,E,4,30.1,484,23,41,0,3,97,-126,1.5,0,0,0,30,2106,4,30,116.6,122.7,130,129,130,126.2,120.9,115.7,106,97.8,89.7,82.7,78.3,74.5,67.7,60.3,54.8,51.8,49,46,43.1,42,37.9,34.5,35.6,41.1,48.9,61.5,73,77.5,0,0,0,0,0,0,0,0,0,0,0,0,0,0,0,0,0,0,0,0,0,0,0,0,0,0,0,0,0,0,0,0,0,0,0,0,0,0,0,0,0,0,0,0,0,0,0,0,0,0,0,0,0,0,0,0,0,0,0,0,57.4,55.2,50.8,42.3,41.3,42.4,49.8,58.6,76.5,89.1,99.5,105.6,107.8,111.1,115.7,119.2,121.4,122.1,122.3,123.6,123.7,124.2,122.1,122.2,124.2,123.7,119.7,117,111.7,105.2,0,0,0,0,0,0,0,0,0,0,0,0,0,0,0,0,0,0,0,0,0,0,0,0,0,0,0,0,0,0,0,0,0,0,0,0,0,0,0,0,0,0,0,0,0,0,0,0,0,0,0,0,0,0,0,0,0,0,0,0,CUE,O,,2021,2,7,4/15/2008,16.07973422,14.40753045,14.40753045,0,0,0,0,0,0,0,0,115.7,106,97.8,89.7,82.7,78.3,74.5,67.7,60.3,54.8,51.8,49,46,43.1,42,37.9,34.5,35.6,41.1,48.9,61.5,73,77.5,0,0,0,0,0,0,0,0,0,0,0,0,0,0,0,0,0,0,0,0,0,0,0,0,0,0,0,0,0,0,0,0,0,0,0,0,0,0,0,0,0,0,0,0,0,0,0,0,0,0,0,0,0,0,0,0,0,0,0,0,0,0,0,0,0,0,0,58.6,76.5,89.1,99.5,105.6,107.8,111.1,115.7,119.2,121.4,122.1,122.3,123.6,123.7,124.2,122.1,122.2,124.2,123.7,119.7,117,111.7,105.2,0,0,0,0,0,0,0,0,0,0,0,0,0,0,0,0,0,0,0,0,0,0,0,0,0,0,0,0,0,0,0,0,0,0,0,0,0,0,0,0,0,0,0,0,0,0,0,0,0,0,0,0,0,0,0,0,0,0,0,0,1469.4,2566.2,63.88695652,111.573913,115,55,8,8
3,CT,A,S,4,30.1,599,11,21,0,7,93,93,1.5,0,0,0,30,2106,4,30,120.1,129.2,130.8,127.1,123,110.1,100.2,89.3,74.4,59.6,48.4,35.2,30.4,40,54,63.7,75.1,84.8,93.5,101.1,102.4,101.4,101.9,104.4,100.2,93.7,85.1,74.8,65.8,57.4,0,0,0,0,0,0,0,0,0,0,0,0,0,0,0,0,0,0,0,0,0,0,0,0,0,0,0,0,0,0,0,0,0,0,0,0,0,0,0,0,0,0,0,0,0,0,0,0,0,0,0,0,0,0,0,0,0,0,0,0,36.1,41.5,54.1,65.7,77.6,81.5,91.6,103.8,111.4,116.6,120.5,119.4,118.4,119.8,119.3,114,106.8,97.6,87.5,78.5,71.9,67.5,65.8,70.9,80.4,93.4,102.2,109.2,116.2,119.4,0,0,0,0,0,0,0,0,0,0,0,0,0,0,0,0,0,0,0,0,0,0,0,0,0,0,0,0,0,0,0,0,0,0,0,0,0,0,0,0,0,0,0,0,0,0,0,0,0,0,0,0,0,0,0,0,0,0,0,0,CUE,O,,2021,3,7,4/15/2008,19.90033223,14.40753045,14.40753045,0,0,0,0,0,0,0,0,89.3,74.4,59.6,48.4,35.2,30.4,40,54,63.7,75.1,84.8,93.5,101.1,102.4,101.4,101.9,104.4,100.2,93.7,85.1,74.8,65.8,57.4,0,0,0,0,0,0,0,0,0,0,0,0,0,0,0,0,0,0,0,0,0,0,0,0,0,0,0,0,0,0,0,0,0,0,0,0,0,0,0,0,0,0,0,0,0,0,0,0,0,0,0,0,0,0,0,0,0,0,0,0,0,0,0,0,0,0,0,103.8,111.4,116.6,120.5,119.4,118.4,119.8,119.3,114,106.8,97.6,87.5,78.5,71.9,67.5,65.8,70.9,80.4,93.4,102.2,109.2,116.2,119.4,0,0,0,0,0,0,0,0,0,0,0,0,0,0,0,0,0,0,0,0,0,0,0,0,0,0,0,0,0,0,0,0,0,0,0,0,0,0,0,0,0,0,0,0,0,0,0,0,0,0,0,0,0,0,0,0,0,0,0,0,1736.6,2310.5,75.50434783,100.4565217,115,55,8,8
4,CT,A,E,3,30.1,396,24,41,0,0,100,-88,1.5,0,0,0,30,2106,4,30,117.6,117.9,115.7,110.6,104.6,89.2,80.3,64.5,57.1,49.9,42.6,38.7,36.9,39.4,39.1,41.3,46.9,53.3,60.9,67.3,67.5,67.6,70.4,73.5,74.6,74.4,74.4,77.5,82.1,87.3,0,0,0,0,0,0,0,0,0,0,0,0,0,0,0,0,0,0,0,0,0,0,0,0,0,0,0,0,0,0,0,0,0,0,0,0,0,0,0,0,0,0,0,0,0,0,0,0,0,0,0,0,0,0,0,0,0,0,0,0,51.5,58.4,70.7,76.3,82.1,93.5,106.6,117.6,121.3,124.4,128.1,128.4,130,134.5,133.9,134.2,133.6,130.7,126.4,121.9,118.9,116.9,117.1,116.2,115.6,115.2,113.9,112.7,106.6,101.7,0,0,0,0,0,0,0,0,0,0,0,0,0,0,0,0,0,0,0,0,0,0,0,0,0,0,0,0,0,0,0,0,0,0,0,0,0,0,0,0,0,0,0,0,0,0,0,0,0,0,0,0,0,0,0,0,0,0,0,0,CUE,O,,2021,4,7,4/15/2008,13.15614618,14.40753045,14.40753045,0,0,0,0,0,0,0,0,64.5,57.1,49.9,42.6,38.7,36.9,39.4,39.1,41.3,46.9,53.3,60.9,67.3,67.5,67.6,70.4,73.5,74.6,74.4,74.4,77.5,82.1,87.3,0,0,0,0,0,0,0,0,0,0,0,0,0,0,0,0,0,0,0,0,0,0,0,0,0,0,0,0,0,0,0,0,0,0,0,0,0,0,0,0,0,0,0,0,0,0,0,0,0,0,0,0,0,0,0,0,0,0,0,0,0,0,0,0,0,0,0,117.6,121.3,124.4,128.1,128.4,130,134.5,133.9,134.2,133.6,130.7,126.4,121.9,118.9,116.9,117.1,116.2,115.6,115.2,113.9,112.7,106.6,101.7,0,0,0,0,0,0,0,0,0,0,0,0,0,0,0,0,0,0,0,0,0,0,0,0,0,0,0,0,0,0,0,0,0,0,0,0,0,0,0,0,0,0,0,0,0,0,0,0,0,0,0,0,0,0,0,0,0,0,0,0,1387.2,2799.8,60.31304348,121.7304348,115,55,8,8
5,CT,A,W,2,30.1,384,17,32,0,29,71,-108,1.5,0,0,0,30,2106,4,30,119,124.6,125,123.5,123.6,120.6,116.7,116.9,118.9,115.4,111.4,107.1,101.6,97.6,89.8,87.2,85.7,82.9,81.1,80.7,80.3,76.5,71.6,68.1,67.5,59.8,51.7,43.8,37.9,38.2,0,0,0,0,0,0,0,0,0,0,0,0,0,0,0,0,0,0,0,0,0,0,0,0,0,0,0,0,0,0,0,0,0,0,0,0,0,0,0,0,0,0,0,0,0,0,0,0,0,0,0,0,0,0,0,0,0,0,0,0,46,43.9,39.1,36,34.4,32,32.1,41.8,56.5,65.2,73.8,77.5,75.2,74.2,84.1,98.7,104.8,108.4,102.2,97.7,100.6,108,115.9,123,125.9,128.3,129.2,127.3,123.9,126.4,0,0,0,0,0,0,0,0,0,0,0,0,0,0,0,0,0,0,0,0,0,0,0,0,0,0,0,0,0,0,0,0,0,0,0,0,0,0,0,0,0,0,0,0,0,0,0,0,0,0,0,0,0,0,0,0,0,0,0,0,CUE,O,,2021,5,7,4/15/2008,12.75747508,14.40753045,14.40753045,0,0,0,0,0,0,0,0,116.9,118.9,115.4,111.4,107.1,101.6,97.6,89.8,87.2,85.7,82.9,81.1,80.7,80.3,76.5,71.6,68.1,67.5,59.8,51.7,43.8,37.9,38.2,0,0,0,0,0,0,0,0,0,0,0,0,0,0,0,0,0,0,0,0,0,0,0,0,0,0,0,0,0,0,0,0,0,0,0,0,0,0,0,0,0,0,0,0,0,0,0,0,0,0,0,0,0,0,0,0,0,0,0,0,0,0,0,0,0,0,0,41.8,56.5,65.2,73.8,77.5,75.2,74.2,84.1,98.7,104.8,108.4,102.2,97.7,100.6,108,115.9,123,125.9,128.3,129.2,127.3,123.9,126.4,0,0,0,0,0,0,0,0,0,0,0,0,0,0,0,0,0,0,0,0,0,0,0,0,0,0,0,0,0,0,0,0,0,0,0,0,0,0,0,0,0,0,0,0,0,0,0,0,0,0,0,0,0,0,0,0,0,0,0,0,1871.7,2268.6,81.37826087,98.63478261,115,55,8,8
6,CT,A,S,1,30.1,179,0,0,0,0,100,-113,1.5,0,0,0,30,2106,4,30,120.4,124.9,126.6,128,126.4,127.3,126.9,132.1,134.9,135,134.4,132.6,131,130.3,133,132.1,130.9,131,130.9,130.1,129.6,129.4,129,128.8,128.6,128.3,128.3,127.1,126.6,125.9,0,0,0,0,0,0,0,0,0,0,0,0,0,0,0,0,0,0,0,0,0,0,0,0,0,0,0,0,0,0,0,0,0,0,0,0,0,0,0,0,0,0,0,0,0,0,0,0,0,0,0,0,0,0,0,0,0,0,0,0,54.6,50,46,43.8,42.6,39.1,33.6,37.1,41.9,42.6,42.5,40.8,39.6,41.7,48.1,49.4,49.8,52,53.4,53.7,53.7,55.5,57.1,57.1,57,56.5,57.5,58,58.4,58.5,0,0,0,0,0,0,0,0,0,0,0,0,0,0,0,0,0,0,0,0,0,0,0,0,0,0,0,0,0,0,0,0,0,0,0,0,0,0,0,0,0,0,0,0,0,0,0,0,0,0,0,0,0,0,0,0,0,0,0,0,CUE,O,,2021,6,7,4/15/2008,5.946843854,14.40753045,14.40753045,0,0,0,0,0,0,0,0,132.1,134.9,135,134.4,132.6,131,130.3,133,132.1,130.9,131,130.9,130.1,129.6,129.4,129,128.8,128.6,128.3,128.3,127.1,126.6,125.9,0,0,0,0,0,0,0,0,0,0,0,0,0,0,0,0,0,0,0,0,0,0,0,0,0,0,0,0,0,0,0,0,0,0,0,0,0,0,0,0,0,0,0,0,0,0,0,0,0,0,0,0,0,0,0,0,0,0,0,0,0,0,0,0,0,0,0,37.1,41.9,42.6,42.5,40.8,39.6,41.7,48.1,49.4,49.8,52,53.4,53.7,53.7,55.5,57.1,57.1,57,56.5,57.5,58,58.4,58.5,0,0,0,0,0,0,0,0,0,0,0,0,0,0,0,0,0,0,0,0,0,0,0,0,0,0,0,0,0,0,0,0,0,0,0,0,0,0,0,0,0,0,0,0,0,0,0,0,0,0,0,0,0,0,0,0,0,0,0,0,2999.9,1161.9,130.4304348,50.5173913,115,55,8,8
13,CT,A,N,3,19.4,388,13,60,78,21,1,44,1.5,0,0,0,30,2106,11,19,108.8,103.3,100,91.2,78.6,84.9,81,82.1,65.4,40.6,26.8,33.4,52.9,65.8,73.2,75.1,76.3,65.1,43.2,0,0,0,0,0,0,0,0,0,0,0,0,0,0,0,0,0,0,0,0,0,0,0,0,0,0,0,0,0,0,0,0,0,0,0,0,0,0,0,0,0,0,0,0,0,0,0,0,0,0,0,0,0,0,0,0,0,0,0,0,0,0,0,0,0,0,0,0,0,0,0,56.8,60.1,61.6,67.9,55.2,45.3,50.2,49,61.3,68.2,70.1,65.9,58.8,46.4,28.8,20.7,21.6,39.9,62.5,0,0,0,0,0,0,0,0,0,0,0,0,0,0,0,0,0,0,0,0,0,0,0,0,0,0,0,0,0,0,0,0,0,0,0,0,0,0,0,0,0,0,0,0,0,0,0,0,0,0,0,0,0,0,0,0,0,0,0,0,0,0,0,0,0,0,0,0,0,0,0,CUE,O,,2021,1,7,4/15/2008,20,16.97355689,16.97355689,0,0,0,0,0,0,0,81,82.1,65.4,40.6,26.8,33.4,52.9,65.8,73.2,75.1,76.3,65.1,43.2,0,0,0,0,0,0,0,0,0,0,0,0,0,0,0,0,0,0,0,0,0,0,0,0,0,0,0,0,0,0,0,0,0,0,0,0,0,0,0,0,0,0,0,0,0,0,0,0,0,0,0,0,0,0,0,0,0,0,0,0,0,0,0,0,0,0,0,0,0,0,0,0,0,0,0,0,0,50.2,49,61.3,68.2,70.1,65.9,58.8,46.4,28.8,20.7,21.6,39.9,62.5,0,0,0,0,0,0,0,0,0,0,0,0,0,0,0,0,0,0,0,0,0,0,0,0,0,0,0,0,0,0,0,0,0,0,0,0,0,0,0,0,0,0,0,0,0,0,0,0,0,0,0,0,0,0,0,0,0,0,0,0,0,0,0,0,0,0,0,0,0,0,0,780.9,643.4,60.06923077,49.49230769,115,55,7,7
14,CT,A,E,4,30.1,465,12,25,75,18,7,25,1.5,0,0,0,30,2106,11,30,121.3,117,114,111.7,106.4,94,91.1,77.9,61.3,45.2,41.4,49.3,67,59,47,37.1,35.2,23.5,23.7,36.9,54,64.1,60.2,61.4,53.5,45.5,48.6,36.6,22.7,15.3,0,0,0,0,0,0,0,0,0,0,0,0,0,0,0,0,0,0,0,0,0,0,0,0,0,0,0,0,0,0,0,0,0,0,0,0,0,0,0,0,0,0,0,0,0,0,0,0,0,0,0,0,0,0,0,0,0,0,0,0,64,60.5,59,59.6,64.3,65.8,69,65,60.8,57.6,49.7,40.6,24.7,35.6,46.2,54.2,58,66,70.2,64.6,42.5,25.7,33,41.8,54.7,62.4,64.4,70.8,74.9,75.7,0,0,0,0,0,0,0,0,0,0,0,0,0,0,0,0,0,0,0,0,0,0,0,0,0,0,0,0,0,0,0,0,0,0,0,0,0,0,0,0,0,0,0,0,0,0,0,0,0,0,0,0,0,0,0,0,0,0,0,0,CUE,O,,2021,2,7,4/15/2008,15.44850498,16.97355689,16.97355689,0,0,0,0,0,0,0,91.1,77.9,61.3,45.2,41.4,49.3,67,59,47,37.1,35.2,23.5,23.7,36.9,54,64.1,60.2,61.4,53.5,45.5,48.6,36.6,22.7,15.3,0,0,0,0,0,0,0,0,0,0,0,0,0,0,0,0,0,0,0,0,0,0,0,0,0,0,0,0,0,0,0,0,0,0,0,0,0,0,0,0,0,0,0,0,0,0,0,0,0,0,0,0,0,0,0,0,0,0,0,0,0,0,0,0,0,0,69,65,60.8,57.6,49.7,40.6,24.7,35.6,46.2,54.2,58,66,70.2,64.6,42.5,25.7,33,41.8,54.7,62.4,64.4,70.8,74.9,75.7,0,0,0,0,0,0,0,0,0,0,0,0,0,0,0,0,0,0,0,0,0,0,0,0,0,0,0,0,0,0,0,0,0,0,0,0,0,0,0,0,0,0,0,0,0,0,0,0,0,0,0,0,0,0,0,0,0,0,0,0,1157.5,1308.1,48.22916667,54.50416667,115,55,7,7
15,CT,A,S,4,30.1,482,19,12,85,10,5,20,1.5,0,0,0,30,2106,11,30,123.5,114.7,104,100.5,92.1,80.3,81.4,88.8,88.7,75.3,63.9,52.9,50.4,40.8,40.3,58.9,64,61.2,60.1,52.9,61.9,53,37.6,23.9,34.7,44.3,62,67.3,66.3,60.2,0,0,0,0,0,0,0,0,0,0,0,0,0,0,0,0,0,0,0,0,0,0,0,0,0,0,0,0,0,0,0,0,0,0,0,0,0,0,0,0,0,0,0,0,0,0,0,0,0,0,0,0,0,0,0,0,0,0,0,0,63,60.9,55.1,54,49.2,38.6,18.1,14.2,26,33.7,40,46.1,48.8,49.6,51,31.1,31.9,46.1,59,66.2,72,74.7,71.5,71,57.1,49.2,41.2,45.8,53.6,55.8,0,0,0,0,0,0,0,0,0,0,0,0,0,0,0,0,0,0,0,0,0,0,0,0,0,0,0,0,0,0,0,0,0,0,0,0,0,0,0,0,0,0,0,0,0,0,0,0,0,0,0,0,0,0,0,0,0,0,0,0,CUE,O,,2021,3,7,4/15/2008,16.01328904,16.97355689,16.97355689,0,0,0,0,0,0,0,81.4,88.8,88.7,75.3,63.9,52.9,50.4,40.8,40.3,58.9,64,61.2,60.1,52.9,61.9,53,37.6,23.9,34.7,44.3,62,67.3,66.3,60.2,0,0,0,0,0,0,0,0,0,0,0,0,0,0,0,0,0,0,0,0,0,0,0,0,0,0,0,0,0,0,0,0,0,0,0,0,0,0,0,0,0,0,0,0,0,0,0,0,0,0,0,0,0,0,0,0,0,0,0,0,0,0,0,0,0,0,18.1,14.2,26,33.7,40,46.1,48.8,49.6,51,31.1,31.9,46.1,59,66.2,72,74.7,71.5,71,57.1,49.2,41.2,45.8,53.6,55.8,0,0,0,0,0,0,0,0,0,0,0,0,0,0,0,0,0,0,0,0,0,0,0,0,0,0,0,0,0,0,0,0,0,0,0,0,0,0,0,0,0,0,0,0,0,0,0,0,0,0,0,0,0,0,0,0,0,0,0,0,1390.8,1153.7,57.95,48.07083333,115,55,7,7
16,CT,A,E,3,24.6,389,43,1,73,19,8,67,1.5,2,0,0,30,2106,11,24,122.7,117.5,115.6,116.3,111.3,105.8,95.7,87.8,74.4,45.7,42.4,51.3,58.6,68.5,79.6,73.6,61.4,30.9,26.8,29.6,23.8,26,29,30.4,0,0,0,0,0,0,0,0,0,0,0,0,0,0,0,0,0,0,0,0,0,0,0,0,0,0,0,0,0,0,0,0,0,0,0,0,0,0,0,0,0,0,0,0,0,0,0,0,0,0,0,0,0,0,0,0,0,0,0,0,0,0,0,0,0,0,51.3,39,35.5,34,30.4,31,35.9,42.7,57.3,64.4,56.5,45.8,40.6,33.7,40.1,57.6,69.4,83.1,77.8,69.8,71.7,69.6,67.8,67.8,0,0,0,0,0,0,0,0,0,0,0,0,0,0,0,0,0,0,0,0,0,0,0,0,0,0,0,0,0,0,0,0,0,0,0,0,0,0,0,0,0,0,0,0,0,0,0,0,0,0,0,0,0,0,0,0,0,0,0,0,0,0,0,0,0,0,CUE,O,,2021,4,7,4/15/2008,15.81300813,16.97355689,16.97355689,0,0,0,0,0,0,0,95.7,87.8,74.4,45.7,42.4,51.3,58.6,68.5,79.6,73.6,61.4,30.9,26.8,29.6,23.8,26,29,30.4,0,0,0,0,0,0,0,0,0,0,0,0,0,0,0,0,0,0,0,0,0,0,0,0,0,0,0,0,0,0,0,0,0,0,0,0,0,0,0,0,0,0,0,0,0,0,0,0,0,0,0,0,0,0,0,0,0,0,0,0,0,0,0,0,0,0,0,0,0,0,0,0,35.9,42.7,57.3,64.4,56.5,45.8,40.6,33.7,40.1,57.6,69.4,83.1,77.8,69.8,71.7,69.6,67.8,67.8,0,0,0,0,0,0,0,0,0,0,0,0,0,0,0,0,0,0,0,0,0,0,0,0,0,0,0,0,0,0,0,0,0,0,0,0,0,0,0,0,0,0,0,0,0,0,0,0,0,0,0,0,0,0,0,0,0,0,0,0,0,0,0,0,0,0,935.5,1051.6,51.97222222,58.42222222,115,55,7,7
17,CT,A,W,2,15.9,267,9,52,73,20,7,-72,1.5,0,0,0,30,2106,11,15,111.5,108.4,99.8,99.2,88.9,66.4,61,56.8,40.1,43,49.1,52.6,53.7,54.8,44.3,0,0,0,0,0,0,0,0,0,0,0,0,0,0,0,0,0,0,0,0,0,0,0,0,0,0,0,0,0,0,0,0,0,0,0,0,0,0,0,0,0,0,0,0,0,0,0,0,0,0,0,0,0,0,0,0,0,0,0,0,0,0,0,0,0,0,0,0,0,0,0,0,0,0,0,51.2,39,28.1,25.9,22.6,25.1,28.5,33.1,51.1,47.5,41,42.6,47.6,54.2,65.1,0,0,0,0,0,0,0,0,0,0,0,0,0,0,0,0,0,0,0,0,0,0,0,0,0,0,0,0,0,0,0,0,0,0,0,0,0,0,0,0,0,0,0,0,0,0,0,0,0,0,0,0,0,0,0,0,0,0,0,0,0,0,0,0,0,0,0,0,0,0,0,0,0,0,0,CUE,O,,2021,5,7,4/15/2008,16.79245283,16.97355689,16.97355689,0,0,0,0,0,0,0,61,56.8,40.1,43,49.1,52.6,53.7,54.8,44.3,0,0,0,0,0,0,0,0,0,0,0,0,0,0,0,0,0,0,0,0,0,0,0,0,0,0,0,0,0,0,0,0,0,0,0,0,0,0,0,0,0,0,0,0,0,0,0,0,0,0,0,0,0,0,0,0,0,0,0,0,0,0,0,0,0,0,0,0,0,0,0,0,0,0,0,0,0,0,0,0,0,28.5,33.1,51.1,47.5,41,42.6,47.6,54.2,65.1,0,0,0,0,0,0,0,0,0,0,0,0,0,0,0,0,0,0,0,0,0,0,0,0,0,0,0,0,0,0,0,0,0,0,0,0,0,0,0,0,0,0,0,0,0,0,0,0,0,0,0,0,0,0,0,0,0,0,0,0,0,0,0,0,0,0,0,0,0,0,0,0,0,0,0,455.4,410.7,50.6,45.63333333,115,55,7,7
18,CT,A,S,1,30.1,535,78,2,74,15,11,13,1.5,2,0,0,30,2106,11,30,108.9,97.6,85.4,73.4,75.5,83.1,86.6,78.4,66.8,53.7,48.9,52.9,68.4,83.2,84.7,78.6,73.8,61.7,53.9,47.3,49.7,61,62.1,74.5,84.4,92.2,103,112.3,109.9,108.9,0,0,0,0,0,0,0,0,0,0,0,0,0,0,0,0,0,0,0,0,0,0,0,0,0,0,0,0,0,0,0,0,0,0,0,0,0,0,0,0,0,0,0,0,0,0,0,0,0,0,0,0,0,0,0,0,0,0,0,0,49.4,54.7,47.6,53,60.9,59,44.7,37.7,43.3,55.2,60.8,72.1,65,47.9,29.8,30.4,35.4,41,46.9,54.6,62.7,49.7,44.9,31,19.3,24.7,51.1,63.5,65,67.9,0,0,0,0,0,0,0,0,0,0,0,0,0,0,0,0,0,0,0,0,0,0,0,0,0,0,0,0,0,0,0,0,0,0,0,0,0,0,0,0,0,0,0,0,0,0,0,0,0,0,0,0,0,0,0,0,0,0,0,0,CUE,O,,2021,6,7,4/15/2008,17.77408638,16.97355689,16.97355689,0,0,0,0,0,0,0,86.6,78.4,66.8,53.7,48.9,52.9,68.4,83.2,84.7,78.6,73.8,61.7,53.9,47.3,49.7,61,62.1,74.5,84.4,92.2,103,112.3,109.9,108.9,0,0,0,0,0,0,0,0,0,0,0,0,0,0,0,0,0,0,0,0,0,0,0,0,0,0,0,0,0,0,0,0,0,0,0,0,0,0,0,0,0,0,0,0,0,0,0,0,0,0,0,0,0,0,0,0,0,0,0,0,0,0,0,0,0,0,44.7,37.7,43.3,55.2,60.8,72.1,65,47.9,29.8,30.4,35.4,41,46.9,54.6,62.7,49.7,44.9,31,19.3,24.7,51.1,63.5,65,67.9,0,0,0,0,0,0,0,0,0,0,0,0,0,0,0,0,0,0,0,0,0,0,0,0,0,0,0,0,0,0,0,0,0,0,0,0,0,0,0,0,0,0,0,0,0,0,0,0,0,0,0,0,0,0,0,0,0,0,0,0,1796.9,1144.6,74.87083333,47.69166667,115,55,7,7
19,CT,A,N,3,7.4,171,26,41,73,26,1,19,1.5,0,0,0,30,2106,22,7,107.2,91,74.5,61.1,52.8,44.8,22.9,0,0,0,0,0,0,0,0,0,0,0,0,0,0,0,0,0,0,0,0,0,0,0,0,0,0,0,0,0,0,0,0,0,0,0,0,0,0,0,0,0,0,0,0,0,0,0,0,0,0,0,0,0,0,0,0,0,0,0,0,0,0,0,0,0,0,0,0,0,0,0,0,0,0,0,0,0,0,0,0,0,0,0,59.4,55.1,39.2,35.5,50.1,74,95.2,0,0,0,0,0,0,0,0,0,0,0,0,0,0,0,0,0,0,0,0,0,0,0,0,0,0,0,0,0,0,0,0,0,0,0,0,0,0,0,0,0,0,0,0,0,0,0,0,0,0,0,0,0,0,0,0,0,0,0,0,0,0,0,0,0,0,0,0,0,0,0,0,0,0,0,0,0,0,0,0,0,0,0,CUE,O,,2021,1,7,4/15/2008,23.10810811,20.45108586,20.45108586,0,0,0,0,0,0,44.8,22.9,0,0,0,0,0,0,0,0,0,0,0,0,0,0,0,0,0,0,0,0,0,0,0,0,0,0,0,0,0,0,0,0,0,0,0,0,0,0,0,0,0,0,0,0,0,0,0,0,0,0,0,0,0,0,0,0,0,0,0,0,0,0,0,0,0,0,0,0,0,0,0,0,0,0,0,0,0,0,0,0,0,0,0,0,0,0,0,0,74,95.2,0,0,0,0,0,0,0,0,0,0,0,0,0,0,0,0,0,0,0,0,0,0,0,0,0,0,0,0,0,0,0,0,0,0,0,0,0,0,0,0,0,0,0,0,0,0,0,0,0,0,0,0,0,0,0,0,0,0,0,0,0,0,0,0,0,0,0,0,0,0,0,0,0,0,0,0,0,0,0,0,0,0,0,67.7,169.2,33.85,84.6,115,55,6,6
20,CT,A,E,4,15.4,301,54,12,45,39,16,33,1.5,1,0,0,30,2106,22,15,122.8,109.4,106.8,94.5,94.4,106.8,118.5,121.6,122.1,105.1,86,64.4,45.2,33.4,19.4,0,0,0,0,0,0,0,0,0,0,0,0,0,0,0,0,0,0,0,0,0,0,0,0,0,0,0,0,0,0,0,0,0,0,0,0,0,0,0,0,0,0,0,0,0,0,0,0,0,0,0,0,0,0,0,0,0,0,0,0,0,0,0,0,0,0,0,0,0,0,0,0,0,0,0,65.5,60.8,58.5,40.2,19.7,18.6,29.2,32.5,36.1,20.7,9.8,27.1,57.3,83.3,92.2,0,0,0,0,0,0,0,0,0,0,0,0,0,0,0,0,0,0,0,0,0,0,0,0,0,0,0,0,0,0,0,0,0,0,0,0,0,0,0,0,0,0,0,0,0,0,0,0,0,0,0,0,0,0,0,0,0,0,0,0,0,0,0,0,0,0,0,0,0,0,0,0,0,0,0,CUE,O,,2021,2,7,4/15/2008,19.54545455,20.45108586,20.45108586,0,0,0,0,0,0,106.8,118.5,121.6,122.1,105.1,86,64.4,45.2,33.4,19.4,0,0,0,0,0,0,0,0,0,0,0,0,0,0,0,0,0,0,0,0,0,0,0,0,0,0,0,0,0,0,0,0,0,0,0,0,0,0,0,0,0,0,0,0,0,0,0,0,0,0,0,0,0,0,0,0,0,0,0,0,0,0,0,0,0,0,0,0,0,0,0,0,0,0,0,0,0,0,0,0,18.6,29.2,32.5,36.1,20.7,9.8,27.1,57.3,83.3,92.2,0,0,0,0,0,0,0,0,0,0,0,0,0,0,0,0,0,0,0,0,0,0,0,0,0,0,0,0,0,0,0,0,0,0,0,0,0,0,0,0,0,0,0,0,0,0,0,0,0,0,0,0,0,0,0,0,0,0,0,0,0,0,0,0,0,0,0,0,0,0,0,0,0,0,0,822.5,406.8,82.25,40.68,115,55,6,6
21,CT,A,S,4,6.6,145,6,22,43,40,17,-64,1.5,0,0,0,30,2106,22,6,110.8,96.5,79,58.7,35.5,22.3,0,0,0,0,0,0,0,0,0,0,0,0,0,0,0,0,0,0,0,0,0,0,0,0,0,0,0,0,0,0,0,0,0,0,0,0,0,0,0,0,0,0,0,0,0,0,0,0,0,0,0,0,0,0,0,0,0,0,0,0,0,0,0,0,0,0,0,0,0,0,0,0,0,0,0,0,0,0,0,0,0,0,0,0,56.4,64.6,72.1,76.6,74.5,70.7,0,0,0,0,0,0,0,0,0,0,0,0,0,0,0,0,0,0,0,0,0,0,0,0,0,0,0,0,0,0,0,0,0,0,0,0,0,0,0,0,0,0,0,0,0,0,0,0,0,0,0,0,0,0,0,0,0,0,0,0,0,0,0,0,0,0,0,0,0,0,0,0,0,0,0,0,0,0,0,0,0,0,0,0,CUE,O,,2021,3,7,4/15/2008,21.96969697,20.45108586,20.45108586,0,0,0,0,0,0,22.3,0,0,0,0,0,0,0,0,0,0,0,0,0,0,0,0,0,0,0,0,0,0,0,0,0,0,0,0,0,0,0,0,0,0,0,0,0,0,0,0,0,0,0,0,0,0,0,0,0,0,0,0,0,0,0,0,0,0,0,0,0,0,0,0,0,0,0,0,0,0,0,0,0,0,0,0,0,0,0,0,0,0,0,0,0,0,0,0,0,70.7,0,0,0,0,0,0,0,0,0,0,0,0,0,0,0,0,0,0,0,0,0,0,0,0,0,0,0,0,0,0,0,0,0,0,0,0,0,0,0,0,0,0,0,0,0,0,0,0,0,0,0,0,0,0,0,0,0,0,0,0,0,0,0,0,0,0,0,0,0,0,0,0,0,0,0,0,0,0,0,0,0,0,0,0,22.3,70.7,22.3,70.7,115,55,6,6
22,CT,A,E,3,27,487,43,2,33,50,17,64,1.5,3,0,0,30,2106,22,26,123.5,119,110.1,107.2,92.8,73.4,52.7,54.3,59.2,83.2,91.9,86.9,78.4,82.4,93.2,97.3,106.5,118.7,122.9,122.5,111.6,95.5,78,60,47.2,33.3,0,0,0,0,0,0,0,0,0,0,0,0,0,0,0,0,0,0,0,0,0,0,0,0,0,0,0,0,0,0,0,0,0,0,0,0,0,0,0,0,0,0,0,0,0,0,0,0,0,0,0,0,0,0,0,0,0,0,0,0,0,0,0,0,53.9,42.7,31.2,27.3,22,31.5,50.2,68.3,73.1,71,61.5,49.3,38,25,20.1,19.3,25,39.8,47.1,51.3,56.6,63.5,73.2,97.5,110.2,111.9,0,0,0,0,0,0,0,0,0,0,0,0,0,0,0,0,0,0,0,0,0,0,0,0,0,0,0,0,0,0,0,0,0,0,0,0,0,0,0,0,0,0,0,0,0,0,0,0,0,0,0,0,0,0,0,0,0,0,0,0,0,0,0,0,CUE,O,,2021,4,7,4/15/2008,18.03703704,20.45108586,20.45108586,0,0,0,0,0,0,73.4,52.7,54.3,59.2,83.2,91.9,86.9,78.4,82.4,93.2,97.3,106.5,118.7,122.9,122.5,111.6,95.5,78,60,47.2,33.3,0,0,0,0,0,0,0,0,0,0,0,0,0,0,0,0,0,0,0,0,0,0,0,0,0,0,0,0,0,0,0,0,0,0,0,0,0,0,0,0,0,0,0,0,0,0,0,0,0,0,0,0,0,0,0,0,0,0,0,0,0,0,0,0,0,0,0,0,0,31.5,50.2,68.3,73.1,71,61.5,49.3,38,25,20.1,19.3,25,39.8,47.1,51.3,56.6,63.5,73.2,97.5,110.2,111.9,0,0,0,0,0,0,0,0,0,0,0,0,0,0,0,0,0,0,0,0,0,0,0,0,0,0,0,0,0,0,0,0,0,0,0,0,0,0,0,0,0,0,0,0,0,0,0,0,0,0,0,0,0,0,0,0,0,0,0,0,0,0,0,0,1749.1,1183.4,83.29047619,56.35238095,115,55,6,6
23,CT,A,W,2,6.8,130,13,1,49,16,35,25,1.5,0,0,0,30,2106,22,6,111.6,106.6,94.7,76.6,59.5,40.3,0,0,0,0,0,0,0,0,0,0,0,0,0,0,0,0,0,0,0,0,0,0,0,0,0,0,0,0,0,0,0,0,0,0,0,0,0,0,0,0,0,0,0,0,0,0,0,0,0,0,0,0,0,0,0,0,0,0,0,0,0,0,0,0,0,0,0,0,0,0,0,0,0,0,0,0,0,0,0,0,0,0,0,0,56.5,58.4,55.2,49.4,48.3,54.5,0,0,0,0,0,0,0,0,0,0,0,0,0,0,0,0,0,0,0,0,0,0,0,0,0,0,0,0,0,0,0,0,0,0,0,0,0,0,0,0,0,0,0,0,0,0,0,0,0,0,0,0,0,0,0,0,0,0,0,0,0,0,0,0,0,0,0,0,0,0,0,0,0,0,0,0,0,0,0,0,0,0,0,0,CUE,O,,2021,5,7,4/15/2008,19.11764706,20.45108586,20.45108586,0,0,0,0,0,0,40.3,0,0,0,0,0,0,0,0,0,0,0,0,0,0,0,0,0,0,0,0,0,0,0,0,0,0,0,0,0,0,0,0,0,0,0,0,0,0,0,0,0,0,0,0,0,0,0,0,0,0,0,0,0,0,0,0,0,0,0,0,0,0,0,0,0,0,0,0,0,0,0,0,0,0,0,0,0,0,0,0,0,0,0,0,0,0,0,0,0,54.5,0,0,0,0,0,0,0,0,0,0,0,0,0,0,0,0,0,0,0,0,0,0,0,0,0,0,0,0,0,0,0,0,0,0,0,0,0,0,0,0,0,0,0,0,0,0,0,0,0,0,0,0,0,0,0,0,0,0,0,0,0,0,0,0,0,0,0,0,0,0,0,0,0,0,0,0,0,0,0,0,0,0,0,0,40.3,54.5,40.3,54.5,115,55,6,6
24,CT,A,S,1,14,293,53,3,46,34,20,38,1.5,0,0,0,30,2106,22,13,112,97.8,86.6,82.8,88.1,94.3,114,123.2,112.9,98.1,79.5,57.4,35.8,0,0,0,0,0,0,0,0,0,0,0,0,0,0,0,0,0,0,0,0,0,0,0,0,0,0,0,0,0,0,0,0,0,0,0,0,0,0,0,0,0,0,0,0,0,0,0,0,0,0,0,0,0,0,0,0,0,0,0,0,0,0,0,0,0,0,0,0,0,0,0,0,0,0,0,0,0,59.9,61.3,53.2,36.6,20.1,15.3,25.3,38.6,52.3,58.4,68,78.2,91.2,0,0,0,0,0,0,0,0,0,0,0,0,0,0,0,0,0,0,0,0,0,0,0,0,0,0,0,0,0,0,0,0,0,0,0,0,0,0,0,0,0,0,0,0,0,0,0,0,0,0,0,0,0,0,0,0,0,0,0,0,0,0,0,0,0,0,0,0,0,0,0,0,0,0,0,0,0,CUE,O,,2021,6,7,4/15/2008,20.92857143,20.45108586,20.45108586,0,0,0,0,0,0,94.3,114,123.2,112.9,98.1,79.5,57.4,35.8,0,0,0,0,0,0,0,0,0,0,0,0,0,0,0,0,0,0,0,0,0,0,0,0,0,0,0,0,0,0,0,0,0,0,0,0,0,0,0,0,0,0,0,0,0,0,0,0,0,0,0,0,0,0,0,0,0,0,0,0,0,0,0,0,0,0,0,0,0,0,0,0,0,0,0,0,0,0,0,0,0,0,15.3,25.3,38.6,52.3,58.4,68,78.2,91.2,0,0,0,0,0,0,0,0,0,0,0,0,0,0,0,0,0,0,0,0,0,0,0,0,0,0,0,0,0,0,0,0,0,0,0,0,0,0,0,0,0,0,0,0,0,0,0,0,0,0,0,0,0,0,0,0,0,0,0,0,0,0,0,0,0,0,0,0,0,0,0,0,0,0,0,0,0,715.2,427.3,89.4,53.4125,115,55,6,6
31,CT,A,N,3,5.4,158,18,6,58,41,1,-75,1.5,0,0,0,30,2106,24,5,111.4,109.1,98,78.5,48.1,0,0,0,0,0,0,0,0,0,0,0,0,0,0,0,0,0,0,0,0,0,0,0,0,0,0,0,0,0,0,0,0,0,0,0,0,0,0,0,0,0,0,0,0,0,0,0,0,0,0,0,0,0,0,0,0,0,0,0,0,0,0,0,0,0,0,0,0,0,0,0,0,0,0,0,0,0,0,0,0,0,0,0,0,0,48.8,30.6,7.4,24.7,54.5,0,0,0,0,0,0,0,0,0,0,0,0,0,0,0,0,0,0,0,0,0,0,0,0,0,0,0,0,0,0,0,0,0,0,0,0,0,0,0,0,0,0,0,0,0,0,0,0,0,0,0,0,0,0,0,0,0,0,0,0,0,0,0,0,0,0,0,0,0,0,0,0,0,0,0,0,0,0,0,0,0,0,0,0,0,CUE,O,,2021,1,7,4/15/2008,29.25925926,27.38256875,27.38256875,0,0,0,0,78.5,48.1,0,0,0,0,0,0,0,0,0,0,0,0,0,0,0,0,0,0,0,0,0,0,0,0,0,0,0,0,0,0,0,0,0,0,0,0,0,0,0,0,0,0,0,0,0,0,0,0,0,0,0,0,0,0,0,0,0,0,0,0,0,0,0,0,0,0,0,0,0,0,0,0,0,0,0,0,0,0,0,0,0,0,0,0,0,0,0,0,24.7,54.5,0,0,0,0,0,0,0,0,0,0,0,0,0,0,0,0,0,0,0,0,0,0,0,0,0,0,0,0,0,0,0,0,0,0,0,0,0,0,0,0,0,0,0,0,0,0,0,0,0,0,0,0,0,0,0,0,0,0,0,0,0,0,0,0,0,0,0,0,0,0,0,0,0,0,0,0,0,0,0,0,0,0,0,0,0,126.6,79.2,63.3,39.6,115,55,4,4
32,CT,A,E,4,5.6,175,54,20,63,9,28,-108,1.5,1,0,0,30,2106,24,5,121.1,115.4,83.2,53.9,28.7,0,0,0,0,0,0,0,0,0,0,0,0,0,0,0,0,0,0,0,0,0,0,0,0,0,0,0,0,0,0,0,0,0,0,0,0,0,0,0,0,0,0,0,0,0,0,0,0,0,0,0,0,0,0,0,0,0,0,0,0,0,0,0,0,0,0,0,0,0,0,0,0,0,0,0,0,0,0,0,0,0,0,0,0,0,57.5,36.2,8.9,42.5,74.7,0,0,0,0,0,0,0,0,0,0,0,0,0,0,0,0,0,0,0,0,0,0,0,0,0,0,0,0,0,0,0,0,0,0,0,0,0,0,0,0,0,0,0,0,0,0,0,0,0,0,0,0,0,0,0,0,0,0,0,0,0,0,0,0,0,0,0,0,0,0,0,0,0,0,0,0,0,0,0,0,0,0,0,0,0,CUE,O,,2021,2,7,4/15/2008,31.25,27.38256875,27.38256875,0,0,0,0,53.9,28.7,0,0,0,0,0,0,0,0,0,0,0,0,0,0,0,0,0,0,0,0,0,0,0,0,0,0,0,0,0,0,0,0,0,0,0,0,0,0,0,0,0,0,0,0,0,0,0,0,0,0,0,0,0,0,0,0,0,0,0,0,0,0,0,0,0,0,0,0,0,0,0,0,0,0,0,0,0,0,0,0,0,0,0,0,0,0,0,0,42.5,74.7,0,0,0,0,0,0,0,0,0,0,0,0,0,0,0,0,0,0,0,0,0,0,0,0,0,0,0,0,0,0,0,0,0,0,0,0,0,0,0,0,0,0,0,0,0,0,0,0,0,0,0,0,0,0,0,0,0,0,0,0,0,0,0,0,0,0,0,0,0,0,0,0,0,0,0,0,0,0,0,0,0,0,0,0,0,82.6,117.2,41.3,58.6,115,55,4,4
33,CT,A,S,4,15.9,420,6,8,67,21,12,-54,1.5,0,1,0,30,2106,24,15,103.4,81.3,59.6,42.8,39.6,55.1,78.2,93.9,94.1,72.3,50.5,49.4,63,64,40.5,0,0,0,0,0,0,0,0,0,0,0,0,0,0,0,0,0,0,0,0,0,0,0,0,0,0,0,0,0,0,0,0,0,0,0,0,0,0,0,0,0,0,0,0,0,0,0,0,0,0,0,0,0,0,0,0,0,0,0,0,0,0,0,0,0,0,0,0,0,0,0,0,0,0,0,60.5,62.1,57.2,51.2,50.6,35.1,34.8,56,83.1,77.5,65.8,52.3,34.9,47.1,57.3,0,0,0,0,0,0,0,0,0,0,0,0,0,0,0,0,0,0,0,0,0,0,0,0,0,0,0,0,0,0,0,0,0,0,0,0,0,0,0,0,0,0,0,0,0,0,0,0,0,0,0,0,0,0,0,0,0,0,0,0,0,0,0,0,0,0,0,0,0,0,0,0,0,0,0,CUE,O,,2021,3,7,4/15/2008,26.41509434,27.38256875,27.38256875,0,0,0,0,42.8,39.6,55.1,78.2,93.9,94.1,72.3,50.5,49.4,63,64,40.5,0,0,0,0,0,0,0,0,0,0,0,0,0,0,0,0,0,0,0,0,0,0,0,0,0,0,0,0,0,0,0,0,0,0,0,0,0,0,0,0,0,0,0,0,0,0,0,0,0,0,0,0,0,0,0,0,0,0,0,0,0,0,0,0,0,0,0,0,0,0,0,0,0,0,0,0,0,0,51.2,50.6,35.1,34.8,56,83.1,77.5,65.8,52.3,34.9,47.1,57.3,0,0,0,0,0,0,0,0,0,0,0,0,0,0,0,0,0,0,0,0,0,0,0,0,0,0,0,0,0,0,0,0,0,0,0,0,0,0,0,0,0,0,0,0,0,0,0,0,0,0,0,0,0,0,0,0,0,0,0,0,0,0,0,0,0,0,0,0,0,0,0,0,0,0,0,743.4,645.7,61.95,53.80833333,115,55,4,4
34,CT,A,E,3,6,143,74,1,45,13,42,-59,1.5,0,0,0,30,2106,24,5,117.3,110.6,88.5,56.5,33.5,0,0,0,0,0,0,0,0,0,0,0,0,0,0,0,0,0,0,0,0,0,0,0,0,0,0,0,0,0,0,0,0,0,0,0,0,0,0,0,0,0,0,0,0,0,0,0,0,0,0,0,0,0,0,0,0,0,0,0,0,0,0,0,0,0,0,0,0,0,0,0,0,0,0,0,0,0,0,0,0,0,0,0,0,0,54,65.1,75.7,74,71.7,0,0,0,0,0,0,0,0,0,0,0,0,0,0,0,0,0,0,0,0,0,0,0,0,0,0,0,0,0,0,0,0,0,0,0,0,0,0,0,0,0,0,0,0,0,0,0,0,0,0,0,0,0,0,0,0,0,0,0,0,0,0,0,0,0,0,0,0,0,0,0,0,0,0,0,0,0,0,0,0,0,0,0,0,0,CUE,O,,2021,4,7,4/15/2008,23.83333333,27.38256875,27.38256875,0,0,0,0,56.5,33.5,0,0,0,0,0,0,0,0,0,0,0,0,0,0,0,0,0,0,0,0,0,0,0,0,0,0,0,0,0,0,0,0,0,0,0,0,0,0,0,0,0,0,0,0,0,0,0,0,0,0,0,0,0,0,0,0,0,0,0,0,0,0,0,0,0,0,0,0,0,0,0,0,0,0,0,0,0,0,0,0,0,0,0,0,0,0,0,0,74,71.7,0,0,0,0,0,0,0,0,0,0,0,0,0,0,0,0,0,0,0,0,0,0,0,0,0,0,0,0,0,0,0,0,0,0,0,0,0,0,0,0,0,0,0,0,0,0,0,0,0,0,0,0,0,0,0,0,0,0,0,0,0,0,0,0,0,0,0,0,0,0,0,0,0,0,0,0,0,0,0,0,0,0,0,0,0,90,145.7,45,72.85,115,55,4,4
35,CT,A,W,2,7.3,195,6,54,27,69,4,-67,1.5,0,0,0,30,2106,24,7,114,103.2,100.4,100.7,90.4,69.5,39.7,0,0,0,0,0,0,0,0,0,0,0,0,0,0,0,0,0,0,0,0,0,0,0,0,0,0,0,0,0,0,0,0,0,0,0,0,0,0,0,0,0,0,0,0,0,0,0,0,0,0,0,0,0,0,0,0,0,0,0,0,0,0,0,0,0,0,0,0,0,0,0,0,0,0,0,0,0,0,0,0,0,0,0,32.1,16.6,33.1,49.1,61.6,74.6,78.7,0,0,0,0,0,0,0,0,0,0,0,0,0,0,0,0,0,0,0,0,0,0,0,0,0,0,0,0,0,0,0,0,0,0,0,0,0,0,0,0,0,0,0,0,0,0,0,0,0,0,0,0,0,0,0,0,0,0,0,0,0,0,0,0,0,0,0,0,0,0,0,0,0,0,0,0,0,0,0,0,0,0,0,CUE,O,,2021,5,7,4/15/2008,26.71232877,27.38256875,27.38256875,0,0,0,0,100.7,90.4,69.5,39.7,0,0,0,0,0,0,0,0,0,0,0,0,0,0,0,0,0,0,0,0,0,0,0,0,0,0,0,0,0,0,0,0,0,0,0,0,0,0,0,0,0,0,0,0,0,0,0,0,0,0,0,0,0,0,0,0,0,0,0,0,0,0,0,0,0,0,0,0,0,0,0,0,0,0,0,0,0,0,0,0,0,0,0,0,0,0,49.1,61.6,74.6,78.7,0,0,0,0,0,0,0,0,0,0,0,0,0,0,0,0,0,0,0,0,0,0,0,0,0,0,0,0,0,0,0,0,0,0,0,0,0,0,0,0,0,0,0,0,0,0,0,0,0,0,0,0,0,0,0,0,0,0,0,0,0,0,0,0,0,0,0,0,0,0,0,0,0,0,0,0,0,0,0,0,0,0,0,300.3,264,75.075,66,115,55,4,4
36,CT,A,S,1,6.3,169,0,17,56,35,9,-75,1.5,0,0,0,30,2106,24,6,117.9,113,102.4,81.8,57.7,26.1,0,0,0,0,0,0,0,0,0,0,0,0,0,0,0,0,0,0,0,0,0,0,0,0,0,0,0,0,0,0,0,0,0,0,0,0,0,0,0,0,0,0,0,0,0,0,0,0,0,0,0,0,0,0,0,0,0,0,0,0,0,0,0,0,0,0,0,0,0,0,0,0,0,0,0,0,0,0,0,0,0,0,0,0,41.7,25.8,12.6,25.2,41.8,69.8,0,0,0,0,0,0,0,0,0,0,0,0,0,0,0,0,0,0,0,0,0,0,0,0,0,0,0,0,0,0,0,0,0,0,0,0,0,0,0,0,0,0,0,0,0,0,0,0,0,0,0,0,0,0,0,0,0,0,0,0,0,0,0,0,0,0,0,0,0,0,0,0,0,0,0,0,0,0,0,0,0,0,0,0,CUE,O,,2021,6,7,4/15/2008,26.82539683,27.38256875,27.38256875,0,0,0,0,81.8,57.7,26.1,0,0,0,0,0,0,0,0,0,0,0,0,0,0,0,0,0,0,0,0,0,0,0,0,0,0,0,0,0,0,0,0,0,0,0,0,0,0,0,0,0,0,0,0,0,0,0,0,0,0,0,0,0,0,0,0,0,0,0,0,0,0,0,0,0,0,0,0,0,0,0,0,0,0,0,0,0,0,0,0,0,0,0,0,0,0,0,25.2,41.8,69.8,0,0,0,0,0,0,0,0,0,0,0,0,0,0,0,0,0,0,0,0,0,0,0,0,0,0,0,0,0,0,0,0,0,0,0,0,0,0,0,0,0,0,0,0,0,0,0,0,0,0,0,0,0,0,0,0,0,0,0,0,0,0,0,0,0,0,0,0,0,0,0,0,0,0,0,0,0,0,0,0,0,0,0,0,165.6,136.8,55.2,45.6,115,55,4,4
37,CT,A,N,3,10.6,222,1,31,40,46,14,-83,1.5,0,0,0,30,2106,29,10,114.9,115.2,112.3,96.2,92.8,102.1,104.2,99.3,79.3,52.5,0,0,0,0,0,0,0,0,0,0,0,0,0,0,0,0,0,0,0,0,0,0,0,0,0,0,0,0,0,0,0,0,0,0,0,0,0,0,0,0,0,0,0,0,0,0,0,0,0,0,0,0,0,0,0,0,0,0,0,0,0,0,0,0,0,0,0,0,0,0,0,0,0,0,0,0,0,0,0,0,63,55,44.3,31.2,45.1,46.3,41.3,19.2,16.9,42.9,0,0,0,0,0,0,0,0,0,0,0,0,0,0,0,0,0,0,0,0,0,0,0,0,0,0,0,0,0,0,0,0,0,0,0,0,0,0,0,0,0,0,0,0,0,0,0,0,0,0,0,0,0,0,0,0,0,0,0,0,0,0,0,0,0,0,0,0,0,0,0,0,0,0,0,0,0,0,0,0,CUE,O,,2021,1,7,4/15/2008,20.94339623,20.16837506,20.16837506,0,0,0,0,0,0,102.1,104.2,99.3,79.3,52.5,0,0,0,0,0,0,0,0,0,0,0,0,0,0,0,0,0,0,0,0,0,0,0,0,0,0,0,0,0,0,0,0,0,0,0,0,0,0,0,0,0,0,0,0,0,0,0,0,0,0,0,0,0,0,0,0,0,0,0,0,0,0,0,0,0,0,0,0,0,0,0,0,0,0,0,0,0,0,0,0,0,0,0,0,0,46.3,41.3,19.2,16.9,42.9,0,0,0,0,0,0,0,0,0,0,0,0,0,0,0,0,0,0,0,0,0,0,0,0,0,0,0,0,0,0,0,0,0,0,0,0,0,0,0,0,0,0,0,0,0,0,0,0,0,0,0,0,0,0,0,0,0,0,0,0,0,0,0,0,0,0,0,0,0,0,0,0,0,0,0,0,0,0,0,0,437.4,166.6,87.48,33.32,115,55,6,6
38,CT,A,E,4,14.1,318,43,22,80,4,16,-83,1.5,0,0,0,30,2106,29,14,120.2,123.7,104.8,78.7,51.9,36.8,42.3,52,62.2,76.7,75.2,54.7,35.2,14.1,0,0,0,0,0,0,0,0,0,0,0,0,0,0,0,0,0,0,0,0,0,0,0,0,0,0,0,0,0,0,0,0,0,0,0,0,0,0,0,0,0,0,0,0,0,0,0,0,0,0,0,0,0,0,0,0,0,0,0,0,0,0,0,0,0,0,0,0,0,0,0,0,0,0,0,0,59.6,55,25.1,16.8,38.9,59.7,63.1,64.4,61.2,43.8,24.3,35.2,54.7,75.6,0,0,0,0,0,0,0,0,0,0,0,0,0,0,0,0,0,0,0,0,0,0,0,0,0,0,0,0,0,0,0,0,0,0,0,0,0,0,0,0,0,0,0,0,0,0,0,0,0,0,0,0,0,0,0,0,0,0,0,0,0,0,0,0,0,0,0,0,0,0,0,0,0,0,0,0,CUE,O,,2021,2,7,4/15/2008,22.55319149,20.16837506,20.16837506,0,0,0,0,0,0,36.8,42.3,52,62.2,76.7,75.2,54.7,35.2,14.1,0,0,0,0,0,0,0,0,0,0,0,0,0,0,0,0,0,0,0,0,0,0,0,0,0,0,0,0,0,0,0,0,0,0,0,0,0,0,0,0,0,0,0,0,0,0,0,0,0,0,0,0,0,0,0,0,0,0,0,0,0,0,0,0,0,0,0,0,0,0,0,0,0,0,0,0,0,0,0,0,0,59.7,63.1,64.4,61.2,43.8,24.3,35.2,54.7,75.6,0,0,0,0,0,0,0,0,0,0,0,0,0,0,0,0,0,0,0,0,0,0,0,0,0,0,0,0,0,0,0,0,0,0,0,0,0,0,0,0,0,0,0,0,0,0,0,0,0,0,0,0,0,0,0,0,0,0,0,0,0,0,0,0,0,0,0,0,0,0,0,0,0,0,0,0,449.2,482,49.91111111,53.55555556,115,55,6,6
39,CT,A,S,4,7.3,148,20,39,72,18,10,-28,1.5,0,0,0,30,2106,29,7,109.6,90.6,72.9,62.3,49.9,32.7,16.7,0,0,0,0,0,0,0,0,0,0,0,0,0,0,0,0,0,0,0,0,0,0,0,0,0,0,0,0,0,0,0,0,0,0,0,0,0,0,0,0,0,0,0,0,0,0,0,0,0,0,0,0,0,0,0,0,0,0,0,0,0,0,0,0,0,0,0,0,0,0,0,0,0,0,0,0,0,0,0,0,0,0,0,55.6,49.6,40.7,31.2,39.7,58.9,80.4,0,0,0,0,0,0,0,0,0,0,0,0,0,0,0,0,0,0,0,0,0,0,0,0,0,0,0,0,0,0,0,0,0,0,0,0,0,0,0,0,0,0,0,0,0,0,0,0,0,0,0,0,0,0,0,0,0,0,0,0,0,0,0,0,0,0,0,0,0,0,0,0,0,0,0,0,0,0,0,0,0,0,0,CUE,O,,2021,3,7,4/15/2008,20.2739726,20.16837506,20.16837506,0,0,0,0,0,0,32.7,16.7,0,0,0,0,0,0,0,0,0,0,0,0,0,0,0,0,0,0,0,0,0,0,0,0,0,0,0,0,0,0,0,0,0,0,0,0,0,0,0,0,0,0,0,0,0,0,0,0,0,0,0,0,0,0,0,0,0,0,0,0,0,0,0,0,0,0,0,0,0,0,0,0,0,0,0,0,0,0,0,0,0,0,0,0,0,0,0,0,58.9,80.4,0,0,0,0,0,0,0,0,0,0,0,0,0,0,0,0,0,0,0,0,0,0,0,0,0,0,0,0,0,0,0,0,0,0,0,0,0,0,0,0,0,0,0,0,0,0,0,0,0,0,0,0,0,0,0,0,0,0,0,0,0,0,0,0,0,0,0,0,0,0,0,0,0,0,0,0,0,0,0,0,0,0,0,49.4,139.3,24.7,69.65,115,55,6,6
40,CT,A,E,3,15.9,322,74,3,43,23,34,-69,1.5,0,0,0,30,2106,29,15,121.4,115.6,90.4,65.4,51,59.9,62.7,74.1,79.5,83,87.6,74.1,58.1,41.6,26.3,0,0,0,0,0,0,0,0,0,0,0,0,0,0,0,0,0,0,0,0,0,0,0,0,0,0,0,0,0,0,0,0,0,0,0,0,0,0,0,0,0,0,0,0,0,0,0,0,0,0,0,0,0,0,0,0,0,0,0,0,0,0,0,0,0,0,0,0,0,0,0,0,0,0,0,54.3,60.5,56.2,53.2,50.8,39.7,38.8,46.7,64.1,84.3,100.1,109.5,116,112.1,100.8,0,0,0,0,0,0,0,0,0,0,0,0,0,0,0,0,0,0,0,0,0,0,0,0,0,0,0,0,0,0,0,0,0,0,0,0,0,0,0,0,0,0,0,0,0,0,0,0,0,0,0,0,0,0,0,0,0,0,0,0,0,0,0,0,0,0,0,0,0,0,0,0,0,0,0,CUE,O,,2021,4,7,4/15/2008,20.25157233,20.16837506,20.16837506,0,0,0,0,0,0,59.9,62.7,74.1,79.5,83,87.6,74.1,58.1,41.6,26.3,0,0,0,0,0,0,0,0,0,0,0,0,0,0,0,0,0,0,0,0,0,0,0,0,0,0,0,0,0,0,0,0,0,0,0,0,0,0,0,0,0,0,0,0,0,0,0,0,0,0,0,0,0,0,0,0,0,0,0,0,0,0,0,0,0,0,0,0,0,0,0,0,0,0,0,0,0,0,0,0,39.7,38.8,46.7,64.1,84.3,100.1,109.5,116,112.1,100.8,0,0,0,0,0,0,0,0,0,0,0,0,0,0,0,0,0,0,0,0,0,0,0,0,0,0,0,0,0,0,0,0,0,0,0,0,0,0,0,0,0,0,0,0,0,0,0,0,0,0,0,0,0,0,0,0,0,0,0,0,0,0,0,0,0,0,0,0,0,0,0,0,0,0,0,646.9,812.1,64.69,81.21,115,55,6,6
41,CT,A,W,2,11.1,200,21,74,73,20,7,-25,1.5,1,0,0,30,2106,29,11,116.7,108.5,95,89.7,82.7,81.9,73,52.8,37.9,29.5,12.6,0,0,0,0,0,0,0,0,0,0,0,0,0,0,0,0,0,0,0,0,0,0,0,0,0,0,0,0,0,0,0,0,0,0,0,0,0,0,0,0,0,0,0,0,0,0,0,0,0,0,0,0,0,0,0,0,0,0,0,0,0,0,0,0,0,0,0,0,0,0,0,0,0,0,0,0,0,0,0,48.1,39.6,24.6,20.4,23.5,14.6,18,37.2,55.9,64.9,79.1,0,0,0,0,0,0,0,0,0,0,0,0,0,0,0,0,0,0,0,0,0,0,0,0,0,0,0,0,0,0,0,0,0,0,0,0,0,0,0,0,0,0,0,0,0,0,0,0,0,0,0,0,0,0,0,0,0,0,0,0,0,0,0,0,0,0,0,0,0,0,0,0,0,0,0,0,0,0,0,CUE,O,,2021,5,7,4/15/2008,18.01801802,20.16837506,20.16837506,0,0,0,0,0,0,81.9,73,52.8,37.9,29.5,12.6,0,0,0,0,0,0,0,0,0,0,0,0,0,0,0,0,0,0,0,0,0,0,0,0,0,0,0,0,0,0,0,0,0,0,0,0,0,0,0,0,0,0,0,0,0,0,0,0,0,0,0,0,0,0,0,0,0,0,0,0,0,0,0,0,0,0,0,0,0,0,0,0,0,0,0,0,0,0,0,0,0,0,0,0,14.6,18,37.2,55.9,64.9,79.1,0,0,0,0,0,0,0,0,0,0,0,0,0,0,0,0,0,0,0,0,0,0,0,0,0,0,0,0,0,0,0,0,0,0,0,0,0,0,0,0,0,0,0,0,0,0,0,0,0,0,0,0,0,0,0,0,0,0,0,0,0,0,0,0,0,0,0,0,0,0,0,0,0,0,0,0,0,0,0,287.7,269.7,47.95,44.95,115,55,6,6
42,CT,A,S,1,30.1,571,44,2,38,44,18,-85,1.5,2,0,0,30,2106,29,30,117.5,110.9,99.5,94.8,86.1,88.5,97.3,88.9,71.6,54.8,51.7,57.5,81.7,100.7,110.2,115.3,115.5,105.5,90.5,85.8,84.1,94.6,105.3,109.6,104.2,96,84.6,70.8,55,45.3,0,0,0,0,0,0,0,0,0,0,0,0,0,0,0,0,0,0,0,0,0,0,0,0,0,0,0,0,0,0,0,0,0,0,0,0,0,0,0,0,0,0,0,0,0,0,0,0,0,0,0,0,0,0,0,0,0,0,0,0,49.5,36.4,33.2,24.4,31.2,36.5,32.8,21.3,29.5,45.8,49.2,59.2,56,47.6,35.3,32.1,20.7,11.3,8.3,12.1,18.8,39,58.1,71.1,88.5,98.8,103.9,96.4,95.1,102.1,0,0,0,0,0,0,0,0,0,0,0,0,0,0,0,0,0,0,0,0,0,0,0,0,0,0,0,0,0,0,0,0,0,0,0,0,0,0,0,0,0,0,0,0,0,0,0,0,0,0,0,0,0,0,0,0,0,0,0,0,CUE,O,,2021,6,7,4/15/2008,18.97009967,20.16837506,20.16837506,0,0,0,0,0,0,88.5,97.3,88.9,71.6,54.8,51.7,57.5,81.7,100.7,110.2,115.3,115.5,105.5,90.5,85.8,84.1,94.6,105.3,109.6,104.2,96,84.6,70.8,55,45.3,0,0,0,0,0,0,0,0,0,0,0,0,0,0,0,0,0,0,0,0,0,0,0,0,0,0,0,0,0,0,0,0,0,0,0,0,0,0,0,0,0,0,0,0,0,0,0,0,0,0,0,0,0,0,0,0,0,0,0,0,0,0,0,0,0,36.5,32.8,21.3,29.5,45.8,49.2,59.2,56,47.6,35.3,32.1,20.7,11.3,8.3,12.1,18.8,39,58.1,71.1,88.5,98.8,103.9,96.4,95.1,102.1,0,0,0,0,0,0,0,0,0,0,0,0,0,0,0,0,0,0,0,0,0,0,0,0,0,0,0,0,0,0,0,0,0,0,0,0,0,0,0,0,0,0,0,0,0,0,0,0,0,0,0,0,0,0,0,0,0,0,0,0,2165,1269.5,86.6,50.78,115,55,6,6
49,CT,A,N,3,30.1,629,3,48,60,35,5,26,1.5,0,1,0,30,2106,46,30,104.9,91.4,71.8,59.4,80.8,101.6,109.5,113.5,114.6,111,93.2,75.4,51.8,40.3,65.2,81,78.3,81.8,70.6,59.3,74.1,82,83.7,79.3,78.3,95.2,109.3,106.8,94.7,78.4,0,0,0,0,0,0,0,0,0,0,0,0,0,0,0,0,0,0,0,0,0,0,0,0,0,0,0,0,0,0,0,0,0,0,0,0,0,0,0,0,0,0,0,0,0,0,0,0,0,0,0,0,0,0,0,0,0,0,0,0,62,65.8,56.1,41.8,24.3,14.7,15,28.2,36.5,42.1,43.5,47.8,57,56.7,38,22.9,18.3,15.3,25.6,37.8,24.9,29.3,34.9,42.9,68,73.1,71.7,74.6,76.5,77.2,0,0,0,0,0,0,0,0,0,0,0,0,0,0,0,0,0,0,0,0,0,0,0,0,0,0,0,0,0,0,0,0,0,0,0,0,0,0,0,0,0,0,0,0,0,0,0,0,0,0,0,0,0,0,0,0,0,0,0,0,CUE,O,,2021,1,7,4/15/2008,20.89700997,19.41034307,19.41034307,0,0,0,0,0,0,101.6,109.5,113.5,114.6,111,93.2,75.4,51.8,40.3,65.2,81,78.3,81.8,70.6,59.3,74.1,82,83.7,79.3,78.3,95.2,109.3,106.8,94.7,78.4,0,0,0,0,0,0,0,0,0,0,0,0,0,0,0,0,0,0,0,0,0,0,0,0,0,0,0,0,0,0,0,0,0,0,0,0,0,0,0,0,0,0,0,0,0,0,0,0,0,0,0,0,0,0,0,0,0,0,0,0,0,0,0,0,0,14.7,15,28.2,36.5,42.1,43.5,47.8,57,56.7,38,22.9,18.3,15.3,25.6,37.8,24.9,29.3,34.9,42.9,68,73.1,71.7,74.6,76.5,77.2,0,0,0,0,0,0,0,0,0,0,0,0,0,0,0,0,0,0,0,0,0,0,0,0,0,0,0,0,0,0,0,0,0,0,0,0,0,0,0,0,0,0,0,0,0,0,0,0,0,0,0,0,0,0,0,0,0,0,0,0,2128.9,1072.5,85.156,42.9,115,55,6,6
50,CT,A,E,4,30.1,575,11,36,36,58,6,28,1.5,0,0,0,30,2106,46,30,105.7,88.6,68.2,51.9,46.7,37.3,26.7,16.3,27.7,29.4,27.2,23,22.9,29.2,60.6,72.8,85.5,86,78,73.1,55.8,43.6,46.8,66.1,95.1,102.3,93.1,86.5,81.6,69.2,0,0,0,0,0,0,0,0,0,0,0,0,0,0,0,0,0,0,0,0,0,0,0,0,0,0,0,0,0,0,0,0,0,0,0,0,0,0,0,0,0,0,0,0,0,0,0,0,0,0,0,0,0,0,0,0,0,0,0,0,66.4,70.3,78.7,92.5,104.5,109.4,108.7,103.5,116.3,118.6,115.9,109.6,98.3,82.9,72.5,85.6,99.9,103.9,96.6,94.2,83.3,67.2,47.6,24.8,24.8,42.1,47.6,48.1,45.6,33.6,0,0,0,0,0,0,0,0,0,0,0,0,0,0,0,0,0,0,0,0,0,0,0,0,0,0,0,0,0,0,0,0,0,0,0,0,0,0,0,0,0,0,0,0,0,0,0,0,0,0,0,0,0,0,0,0,0,0,0,0,CUE,O,,2021,2,7,4/15/2008,19.10299003,19.41034307,19.41034307,0,0,0,0,0,0,37.3,26.7,16.3,27.7,29.4,27.2,23,22.9,29.2,60.6,72.8,85.5,86,78,73.1,55.8,43.6,46.8,66.1,95.1,102.3,93.1,86.5,81.6,69.2,0,0,0,0,0,0,0,0,0,0,0,0,0,0,0,0,0,0,0,0,0,0,0,0,0,0,0,0,0,0,0,0,0,0,0,0,0,0,0,0,0,0,0,0,0,0,0,0,0,0,0,0,0,0,0,0,0,0,0,0,0,0,0,0,0,109.4,108.7,103.5,116.3,118.6,115.9,109.6,98.3,82.9,72.5,85.6,99.9,103.9,96.6,94.2,83.3,67.2,47.6,24.8,24.8,42.1,47.6,48.1,45.6,33.6,0,0,0,0,0,0,0,0,0,0,0,0,0,0,0,0,0,0,0,0,0,0,0,0,0,0,0,0,0,0,0,0,0,0,0,0,0,0,0,0,0,0,0,0,0,0,0,0,0,0,0,0,0,0,0,0,0,0,0,0,1435.8,1980.6,57.432,79.224,115,55,6,6
51,CT,A,S,4,8.1,167,50,10,66,30,4,63,1.5,0,0,0,30,2106,46,8,114.3,108.8,100.9,88.9,74.9,56,47.1,32.4,0,0,0,0,0,0,0,0,0,0,0,0,0,0,0,0,0,0,0,0,0,0,0,0,0,0,0,0,0,0,0,0,0,0,0,0,0,0,0,0,0,0,0,0,0,0,0,0,0,0,0,0,0,0,0,0,0,0,0,0,0,0,0,0,0,0,0,0,0,0,0,0,0,0,0,0,0,0,0,0,0,0,35.6,22.3,15.9,26.7,45.1,61.8,69,71.6,0,0,0,0,0,0,0,0,0,0,0,0,0,0,0,0,0,0,0,0,0,0,0,0,0,0,0,0,0,0,0,0,0,0,0,0,0,0,0,0,0,0,0,0,0,0,0,0,0,0,0,0,0,0,0,0,0,0,0,0,0,0,0,0,0,0,0,0,0,0,0,0,0,0,0,0,0,0,0,0,0,0,CUE,O,,2021,3,7,4/15/2008,20.61728395,19.41034307,19.41034307,0,0,0,0,0,0,56,47.1,32.4,0,0,0,0,0,0,0,0,0,0,0,0,0,0,0,0,0,0,0,0,0,0,0,0,0,0,0,0,0,0,0,0,0,0,0,0,0,0,0,0,0,0,0,0,0,0,0,0,0,0,0,0,0,0,0,0,0,0,0,0,0,0,0,0,0,0,0,0,0,0,0,0,0,0,0,0,0,0,0,0,0,0,0,0,0,0,0,61.8,69,71.6,0,0,0,0,0,0,0,0,0,0,0,0,0,0,0,0,0,0,0,0,0,0,0,0,0,0,0,0,0,0,0,0,0,0,0,0,0,0,0,0,0,0,0,0,0,0,0,0,0,0,0,0,0,0,0,0,0,0,0,0,0,0,0,0,0,0,0,0,0,0,0,0,0,0,0,0,0,0,0,0,0,0,135.5,202.4,45.16666667,67.46666667,115,55,6,6
52,CT,A,E,3,30.1,565,18,11,62,28,10,64,1.5,1,0,0,30,2106,46,30,125.8,120.5,123.4,125.1,118,112.8,109,91.3,76.9,61.7,61.9,84.4,86,83,81.7,66.2,49.3,34.7,26.4,47.6,63.6,69.4,66,55.2,43.4,32.7,29.9,34.9,39.6,45.8,0,0,0,0,0,0,0,0,0,0,0,0,0,0,0,0,0,0,0,0,0,0,0,0,0,0,0,0,0,0,0,0,0,0,0,0,0,0,0,0,0,0,0,0,0,0,0,0,0,0,0,0,0,0,0,0,0,0,0,0,43.9,30.5,28.6,31.4,30.1,34,37.4,41.5,43.7,41.1,35,19.3,10.5,13,15,31.6,46.5,60.9,76.6,87.3,85,75.6,60.7,55.1,54.4,63.5,77.5,91.6,100,123.4,0,0,0,0,0,0,0,0,0,0,0,0,0,0,0,0,0,0,0,0,0,0,0,0,0,0,0,0,0,0,0,0,0,0,0,0,0,0,0,0,0,0,0,0,0,0,0,0,0,0,0,0,0,0,0,0,0,0,0,0,CUE,O,,2021,4,7,4/15/2008,18.77076412,19.41034307,19.41034307,0,0,0,0,0,0,112.8,109,91.3,76.9,61.7,61.9,84.4,86,83,81.7,66.2,49.3,34.7,26.4,47.6,63.6,69.4,66,55.2,43.4,32.7,29.9,34.9,39.6,45.8,0,0,0,0,0,0,0,0,0,0,0,0,0,0,0,0,0,0,0,0,0,0,0,0,0,0,0,0,0,0,0,0,0,0,0,0,0,0,0,0,0,0,0,0,0,0,0,0,0,0,0,0,0,0,0,0,0,0,0,0,0,0,0,0,0,34,37.4,41.5,43.7,41.1,35,19.3,10.5,13,15,31.6,46.5,60.9,76.6,87.3,85,75.6,60.7,55.1,54.4,63.5,77.5,91.6,100,123.4,0,0,0,0,0,0,0,0,0,0,0,0,0,0,0,0,0,0,0,0,0,0,0,0,0,0,0,0,0,0,0,0,0,0,0,0,0,0,0,0,0,0,0,0,0,0,0,0,0,0,0,0,0,0,0,0,0,0,0,0,1553.4,1380.2,62.136,55.208,115,55,6,6
53,CT,A,W,2,16.6,319,8,18,70,28,2,-10,1.5,0,0,0,30,2106,46,16,105.8,98.3,71.9,54.8,47.2,58,76.9,89.1,92.2,90.5,82.1,69,53.7,46.1,38.4,21.2,0,0,0,0,0,0,0,0,0,0,0,0,0,0,0,0,0,0,0,0,0,0,0,0,0,0,0,0,0,0,0,0,0,0,0,0,0,0,0,0,0,0,0,0,0,0,0,0,0,0,0,0,0,0,0,0,0,0,0,0,0,0,0,0,0,0,0,0,0,0,0,0,0,0,51.7,48.4,37,37,48.5,62.3,68.4,63.5,65.1,55.8,41.9,32.8,36.8,47.5,67.9,90.4,0,0,0,0,0,0,0,0,0,0,0,0,0,0,0,0,0,0,0,0,0,0,0,0,0,0,0,0,0,0,0,0,0,0,0,0,0,0,0,0,0,0,0,0,0,0,0,0,0,0,0,0,0,0,0,0,0,0,0,0,0,0,0,0,0,0,0,0,0,0,0,0,0,0,CUE,O,,2021,5,7,4/15/2008,19.21686747,19.41034307,19.41034307,0,0,0,0,0,0,58,76.9,89.1,92.2,90.5,82.1,69,53.7,46.1,38.4,21.2,0,0,0,0,0,0,0,0,0,0,0,0,0,0,0,0,0,0,0,0,0,0,0,0,0,0,0,0,0,0,0,0,0,0,0,0,0,0,0,0,0,0,0,0,0,0,0,0,0,0,0,0,0,0,0,0,0,0,0,0,0,0,0,0,0,0,0,0,0,0,0,0,0,0,0,0,0,0,0,62.3,68.4,63.5,65.1,55.8,41.9,32.8,36.8,47.5,67.9,90.4,0,0,0,0,0,0,0,0,0,0,0,0,0,0,0,0,0,0,0,0,0,0,0,0,0,0,0,0,0,0,0,0,0,0,0,0,0,0,0,0,0,0,0,0,0,0,0,0,0,0,0,0,0,0,0,0,0,0,0,0,0,0,0,0,0,0,0,0,0,0,0,0,0,0,717.2,632.4,65.2,57.49090909,115,55,6,6
54,CT,A,S,1,7,125,81,2,30,55,15,49,1.5,0,0,0,30,2106,46,6,111.2,99.5,87.9,71.6,54.5,34.6,0,0,0,0,0,0,0,0,0,0,0,0,0,0,0,0,0,0,0,0,0,0,0,0,0,0,0,0,0,0,0,0,0,0,0,0,0,0,0,0,0,0,0,0,0,0,0,0,0,0,0,0,0,0,0,0,0,0,0,0,0,0,0,0,0,0,0,0,0,0,0,0,0,0,0,0,0,0,0,0,0,0,0,0,62.8,68.9,74.7,82.1,87.6,88.4,0,0,0,0,0,0,0,0,0,0,0,0,0,0,0,0,0,0,0,0,0,0,0,0,0,0,0,0,0,0,0,0,0,0,0,0,0,0,0,0,0,0,0,0,0,0,0,0,0,0,0,0,0,0,0,0,0,0,0,0,0,0,0,0,0,0,0,0,0,0,0,0,0,0,0,0,0,0,0,0,0,0,0,0,CUE,O,,2021,6,7,4/15/2008,17.85714286,19.41034307,19.41034307,0,0,0,0,0,0,34.6,0,0,0,0,0,0,0,0,0,0,0,0,0,0,0,0,0,0,0,0,0,0,0,0,0,0,0,0,0,0,0,0,0,0,0,0,0,0,0,0,0,0,0,0,0,0,0,0,0,0,0,0,0,0,0,0,0,0,0,0,0,0,0,0,0,0,0,0,0,0,0,0,0,0,0,0,0,0,0,0,0,0,0,0,0,0,0,0,0,88.4,0,0,0,0,0,0,0,0,0,0,0,0,0,0,0,0,0,0,0,0,0,0,0,0,0,0,0,0,0,0,0,0,0,0,0,0,0,0,0,0,0,0,0,0,0,0,0,0,0,0,0,0,0,0,0,0,0,0,0,0,0,0,0,0,0,0,0,0,0,0,0,0,0,0,0,0,0,0,0,0,0,0,0,0,34.6,88.4,34.6,88.4,115,55,6,6
55,CT,A,N,3,9.2,246,31,41,37,62,1,27,1.5,0,0,0,30,2106,50,9,108.3,94.4,74.9,63.4,70.3,81.3,72.9,46.2,19.3,0,0,0,0,0,0,0,0,0,0,0,0,0,0,0,0,0,0,0,0,0,0,0,0,0,0,0,0,0,0,0,0,0,0,0,0,0,0,0,0,0,0,0,0,0,0,0,0,0,0,0,0,0,0,0,0,0,0,0,0,0,0,0,0,0,0,0,0,0,0,0,0,0,0,0,0,0,0,0,0,0,63.4,65.7,54.4,36.9,33.7,54.8,76,93.1,103,0,0,0,0,0,0,0,0,0,0,0,0,0,0,0,0,0,0,0,0,0,0,0,0,0,0,0,0,0,0,0,0,0,0,0,0,0,0,0,0,0,0,0,0,0,0,0,0,0,0,0,0,0,0,0,0,0,0,0,0,0,0,0,0,0,0,0,0,0,0,0,0,0,0,0,0,0,0,0,0,0,CUE,O,,2021,1,7,4/15/2008,26.73913043,22.1582567,22.1582567,0,0,0,0,0,70.3,81.3,72.9,46.2,19.3,0,0,0,0,0,0,0,0,0,0,0,0,0,0,0,0,0,0,0,0,0,0,0,0,0,0,0,0,0,0,0,0,0,0,0,0,0,0,0,0,0,0,0,0,0,0,0,0,0,0,0,0,0,0,0,0,0,0,0,0,0,0,0,0,0,0,0,0,0,0,0,0,0,0,0,0,0,0,0,0,0,0,0,0,0,33.7,54.8,76,93.1,103,0,0,0,0,0,0,0,0,0,0,0,0,0,0,0,0,0,0,0,0,0,0,0,0,0,0,0,0,0,0,0,0,0,0,0,0,0,0,0,0,0,0,0,0,0,0,0,0,0,0,0,0,0,0,0,0,0,0,0,0,0,0,0,0,0,0,0,0,0,0,0,0,0,0,0,0,0,0,0,0,0,290,360.6,58,72.12,115,55,5,5
56,CT,A,E,4,7,163,11,19,71,21,8,14,1.5,0,0,0,30,2106,50,6,115.3,96.7,83.6,63.3,50.3,33,0,0,0,0,0,0,0,0,0,0,0,0,0,0,0,0,0,0,0,0,0,0,0,0,0,0,0,0,0,0,0,0,0,0,0,0,0,0,0,0,0,0,0,0,0,0,0,0,0,0,0,0,0,0,0,0,0,0,0,0,0,0,0,0,0,0,0,0,0,0,0,0,0,0,0,0,0,0,0,0,0,0,0,0,63.7,56.1,51.3,40.9,41.5,66.3,0,0,0,0,0,0,0,0,0,0,0,0,0,0,0,0,0,0,0,0,0,0,0,0,0,0,0,0,0,0,0,0,0,0,0,0,0,0,0,0,0,0,0,0,0,0,0,0,0,0,0,0,0,0,0,0,0,0,0,0,0,0,0,0,0,0,0,0,0,0,0,0,0,0,0,0,0,0,0,0,0,0,0,0,CUE,O,,2021,2,7,4/15/2008,23.28571429,22.1582567,22.1582567,0,0,0,0,0,50.3,33,0,0,0,0,0,0,0,0,0,0,0,0,0,0,0,0,0,0,0,0,0,0,0,0,0,0,0,0,0,0,0,0,0,0,0,0,0,0,0,0,0,0,0,0,0,0,0,0,0,0,0,0,0,0,0,0,0,0,0,0,0,0,0,0,0,0,0,0,0,0,0,0,0,0,0,0,0,0,0,0,0,0,0,0,0,0,0,0,41.5,66.3,0,0,0,0,0,0,0,0,0,0,0,0,0,0,0,0,0,0,0,0,0,0,0,0,0,0,0,0,0,0,0,0,0,0,0,0,0,0,0,0,0,0,0,0,0,0,0,0,0,0,0,0,0,0,0,0,0,0,0,0,0,0,0,0,0,0,0,0,0,0,0,0,0,0,0,0,0,0,0,0,0,0,0,0,83.3,107.8,41.65,53.9,115,55,5,5
57,CT,A,S,4,30.1,694,66,3,56,37,7,17,1.5,2,0,0,30,2106,50,30,105.8,83.9,74.1,80.6,98.9,107.7,101.7,87.9,81.7,80.6,101,122.1,114.8,112.9,99.2,98.4,110.3,116.6,107.6,90.1,72.7,67.4,77.9,81.2,67.3,49.6,44.5,49.5,68.8,98.6,0,0,0,0,0,0,0,0,0,0,0,0,0,0,0,0,0,0,0,0,0,0,0,0,0,0,0,0,0,0,0,0,0,0,0,0,0,0,0,0,0,0,0,0,0,0,0,0,0,0,0,0,0,0,0,0,0,0,0,0,33,25.3,32,37.7,20.6,22.3,34.9,39.6,38.7,15,12.4,40.4,37.6,35.5,14.2,23.9,47.1,41.6,27.1,18.9,33.4,45.9,49.2,28.8,23.9,39.9,45.4,48.2,38.2,34.5,0,0,0,0,0,0,0,0,0,0,0,0,0,0,0,0,0,0,0,0,0,0,0,0,0,0,0,0,0,0,0,0,0,0,0,0,0,0,0,0,0,0,0,0,0,0,0,0,0,0,0,0,0,0,0,0,0,0,0,0,CUE,O,,2021,3,7,4/15/2008,23.05647841,22.1582567,22.1582567,0,0,0,0,0,98.9,107.7,101.7,87.9,81.7,80.6,101,122.1,114.8,112.9,99.2,98.4,110.3,116.6,107.6,90.1,72.7,67.4,77.9,81.2,67.3,49.6,44.5,49.5,68.8,98.6,0,0,0,0,0,0,0,0,0,0,0,0,0,0,0,0,0,0,0,0,0,0,0,0,0,0,0,0,0,0,0,0,0,0,0,0,0,0,0,0,0,0,0,0,0,0,0,0,0,0,0,0,0,0,0,0,0,0,0,0,0,0,0,0,20.6,22.3,34.9,39.6,38.7,15,12.4,40.4,37.6,35.5,14.2,23.9,47.1,41.6,27.1,18.9,33.4,45.9,49.2,28.8,23.9,39.9,45.4,48.2,38.2,34.5,0,0,0,0,0,0,0,0,0,0,0,0,0,0,0,0,0,0,0,0,0,0,0,0,0,0,0,0,0,0,0,0,0,0,0,0,0,0,0,0,0,0,0,0,0,0,0,0,0,0,0,0,0,0,0,0,0,0,0,0,2309,857.2,88.80769231,32.96923077,115,55,5,5
58,CT,A,E,3,30.1,613,58,2,66,32,2,34,1.5,1,0,0,30,2106,50,30,117.1,109.6,97.5,80.2,81.4,89.9,82.1,76.2,55.6,56.4,73.9,79.6,81.6,81.2,80.1,68.9,54.8,61.8,90.1,99.7,102.4,101.3,102.2,86.3,68.7,57.3,80.4,84.1,77.2,71.2,0,0,0,0,0,0,0,0,0,0,0,0,0,0,0,0,0,0,0,0,0,0,0,0,0,0,0,0,0,0,0,0,0,0,0,0,0,0,0,0,0,0,0,0,0,0,0,0,0,0,0,0,0,0,0,0,0,0,0,0,39.4,30,23.6,32.6,52,49.1,43.1,42.3,63.9,81.2,76.1,62.8,43.6,21.9,15.7,26.8,41.9,48,48.5,38.8,25,11.8,8.8,10.6,31.9,54.1,56.8,45.8,35.7,30.8,0,0,0,0,0,0,0,0,0,0,0,0,0,0,0,0,0,0,0,0,0,0,0,0,0,0,0,0,0,0,0,0,0,0,0,0,0,0,0,0,0,0,0,0,0,0,0,0,0,0,0,0,0,0,0,0,0,0,0,0,CUE,O,,2021,4,7,4/15/2008,20.3654485,22.1582567,22.1582567,0,0,0,0,0,81.4,89.9,82.1,76.2,55.6,56.4,73.9,79.6,81.6,81.2,80.1,68.9,54.8,61.8,90.1,99.7,102.4,101.3,102.2,86.3,68.7,57.3,80.4,84.1,77.2,71.2,0,0,0,0,0,0,0,0,0,0,0,0,0,0,0,0,0,0,0,0,0,0,0,0,0,0,0,0,0,0,0,0,0,0,0,0,0,0,0,0,0,0,0,0,0,0,0,0,0,0,0,0,0,0,0,0,0,0,0,0,0,0,0,0,52,49.1,43.1,42.3,63.9,81.2,76.1,62.8,43.6,21.9,15.7,26.8,41.9,48,48.5,38.8,25,11.8,8.8,10.6,31.9,54.1,56.8,45.8,35.7,30.8,0,0,0,0,0,0,0,0,0,0,0,0,0,0,0,0,0,0,0,0,0,0,0,0,0,0,0,0,0,0,0,0,0,0,0,0,0,0,0,0,0,0,0,0,0,0,0,0,0,0,0,0,0,0,0,0,0,0,0,0,2044.4,1067,78.63076923,41.03846154,115,55,5,5
59,CT,A,W,2,9,183,8,35,77,12,11,17,1.5,0,0,0,30,2106,50,8,110.7,96.5,68.2,58.2,65.8,69.4,65.8,47.5,0,0,0,0,0,0,0,0,0,0,0,0,0,0,0,0,0,0,0,0,0,0,0,0,0,0,0,0,0,0,0,0,0,0,0,0,0,0,0,0,0,0,0,0,0,0,0,0,0,0,0,0,0,0,0,0,0,0,0,0,0,0,0,0,0,0,0,0,0,0,0,0,0,0,0,0,0,0,0,0,0,0,51.3,51.9,41.6,32.8,23.8,20.9,29.3,46.5,0,0,0,0,0,0,0,0,0,0,0,0,0,0,0,0,0,0,0,0,0,0,0,0,0,0,0,0,0,0,0,0,0,0,0,0,0,0,0,0,0,0,0,0,0,0,0,0,0,0,0,0,0,0,0,0,0,0,0,0,0,0,0,0,0,0,0,0,0,0,0,0,0,0,0,0,0,0,0,0,0,0,CUE,O,,2021,5,7,4/15/2008,20.33333333,22.1582567,22.1582567,0,0,0,0,0,65.8,69.4,65.8,47.5,0,0,0,0,0,0,0,0,0,0,0,0,0,0,0,0,0,0,0,0,0,0,0,0,0,0,0,0,0,0,0,0,0,0,0,0,0,0,0,0,0,0,0,0,0,0,0,0,0,0,0,0,0,0,0,0,0,0,0,0,0,0,0,0,0,0,0,0,0,0,0,0,0,0,0,0,0,0,0,0,0,0,0,0,0,0,23.8,20.9,29.3,46.5,0,0,0,0,0,0,0,0,0,0,0,0,0,0,0,0,0,0,0,0,0,0,0,0,0,0,0,0,0,0,0,0,0,0,0,0,0,0,0,0,0,0,0,0,0,0,0,0,0,0,0,0,0,0,0,0,0,0,0,0,0,0,0,0,0,0,0,0,0,0,0,0,0,0,0,0,0,0,0,0,0,0,248.5,120.5,62.125,30.125,115,55,5,5
60,CT,A,S,1,30.1,577,70,3,44,43,13,61,1.5,5,0,0,30,2106,50,30,112.2,100.6,95.9,97.2,95.6,80.2,72.3,78.3,88.3,101.9,112.3,113.7,104.1,92,74.6,53.6,32.1,22.3,21.2,38.8,60.6,65,58,55.2,57.6,75.9,86.5,88.3,81.6,71.9,0,0,0,0,0,0,0,0,0,0,0,0,0,0,0,0,0,0,0,0,0,0,0,0,0,0,0,0,0,0,0,0,0,0,0,0,0,0,0,0,0,0,0,0,0,0,0,0,0,0,0,0,0,0,0,0,0,0,0,0,55.9,58.5,45.3,41.7,53.7,56.2,47.6,35.1,25.6,28.6,46,61,70,85,94.9,95.1,93.5,92.6,87.9,72,65.6,83.9,74.9,60.9,54.7,45.1,53.9,69.8,80.9,74.2,0,0,0,0,0,0,0,0,0,0,0,0,0,0,0,0,0,0,0,0,0,0,0,0,0,0,0,0,0,0,0,0,0,0,0,0,0,0,0,0,0,0,0,0,0,0,0,0,0,0,0,0,0,0,0,0,0,0,0,0,CUE,O,,2021,6,7,4/15/2008,19.16943522,22.1582567,22.1582567,0,0,0,0,0,95.6,80.2,72.3,78.3,88.3,101.9,112.3,113.7,104.1,92,74.6,53.6,32.1,22.3,21.2,38.8,60.6,65,58,55.2,57.6,75.9,86.5,88.3,81.6,71.9,0,0,0,0,0,0,0,0,0,0,0,0,0,0,0,0,0,0,0,0,0,0,0,0,0,0,0,0,0,0,0,0,0,0,0,0,0,0,0,0,0,0,0,0,0,0,0,0,0,0,0,0,0,0,0,0,0,0,0,0,0,0,0,0,53.7,56.2,47.6,35.1,25.6,28.6,46,61,70,85,94.9,95.1,93.5,92.6,87.9,72,65.6,83.9,74.9,60.9,54.7,45.1,53.9,69.8,80.9,74.2,0,0,0,0,0,0,0,0,0,0,0,0,0,0,0,0,0,0,0,0,0,0,0,0,0,0,0,0,0,0,0,0,0,0,0,0,0,0,0,0,0,0,0,0,0,0,0,0,0,0,0,0,0,0,0,0,0,0,0,0,1881.9,1708.7,72.38076923,65.71923077,115,55,5,5
61,CT,A,N,3,12.9,240,21,38,42,29,29,-69,1.5,1,0,0,30,2106,62,12,115.9,114.1,114.6,113.4,113.9,110.9,106.9,98.1,91.3,82.8,65.9,43.4,0,0,0,0,0,0,0,0,0,0,0,0,0,0,0,0,0,0,0,0,0,0,0,0,0,0,0,0,0,0,0,0,0,0,0,0,0,0,0,0,0,0,0,0,0,0,0,0,0,0,0,0,0,0,0,0,0,0,0,0,0,0,0,0,0,0,0,0,0,0,0,0,0,0,0,0,0,0,60.2,62.7,65.1,65.9,58.4,48.9,26.5,6.1,22.5,48.8,69.7,78.4,0,0,0,0,0,0,0,0,0,0,0,0,0,0,0,0,0,0,0,0,0,0,0,0,0,0,0,0,0,0,0,0,0,0,0,0,0,0,0,0,0,0,0,0,0,0,0,0,0,0,0,0,0,0,0,0,0,0,0,0,0,0,0,0,0,0,0,0,0,0,0,0,0,0,0,0,0,0,CUE,O,,2021,1,7,4/15/2008,18.60465116,21.13124043,21.13124043,0,0,0,0,0,113.9,110.9,106.9,98.1,91.3,82.8,65.9,43.4,0,0,0,0,0,0,0,0,0,0,0,0,0,0,0,0,0,0,0,0,0,0,0,0,0,0,0,0,0,0,0,0,0,0,0,0,0,0,0,0,0,0,0,0,0,0,0,0,0,0,0,0,0,0,0,0,0,0,0,0,0,0,0,0,0,0,0,0,0,0,0,0,0,0,0,0,0,0,0,0,0,0,58.4,48.9,26.5,6.1,22.5,48.8,69.7,78.4,0,0,0,0,0,0,0,0,0,0,0,0,0,0,0,0,0,0,0,0,0,0,0,0,0,0,0,0,0,0,0,0,0,0,0,0,0,0,0,0,0,0,0,0,0,0,0,0,0,0,0,0,0,0,0,0,0,0,0,0,0,0,0,0,0,0,0,0,0,0,0,0,0,0,0,0,0,0,713.2,359.3,89.15,44.9125,115,55,5,5
62,CT,A,E,4,12.4,247,59,16,77,6,17,-94,1.5,0,0,0,30,2106,62,12,120.7,123.9,109.9,82,71.3,70.6,83,88.1,78.4,59,38.7,17.4,0,0,0,0,0,0,0,0,0,0,0,0,0,0,0,0,0,0,0,0,0,0,0,0,0,0,0,0,0,0,0,0,0,0,0,0,0,0,0,0,0,0,0,0,0,0,0,0,0,0,0,0,0,0,0,0,0,0,0,0,0,0,0,0,0,0,0,0,0,0,0,0,0,0,0,0,0,0,55.8,48.3,24,18.7,32.2,37.6,33.4,14.5,15,31.3,51.2,72.9,0,0,0,0,0,0,0,0,0,0,0,0,0,0,0,0,0,0,0,0,0,0,0,0,0,0,0,0,0,0,0,0,0,0,0,0,0,0,0,0,0,0,0,0,0,0,0,0,0,0,0,0,0,0,0,0,0,0,0,0,0,0,0,0,0,0,0,0,0,0,0,0,0,0,0,0,0,0,CUE,O,,2021,2,7,4/15/2008,19.91935484,21.13124043,21.13124043,0,0,0,0,0,71.3,70.6,83,88.1,78.4,59,38.7,17.4,0,0,0,0,0,0,0,0,0,0,0,0,0,0,0,0,0,0,0,0,0,0,0,0,0,0,0,0,0,0,0,0,0,0,0,0,0,0,0,0,0,0,0,0,0,0,0,0,0,0,0,0,0,0,0,0,0,0,0,0,0,0,0,0,0,0,0,0,0,0,0,0,0,0,0,0,0,0,0,0,0,0,32.2,37.6,33.4,14.5,15,31.3,51.2,72.9,0,0,0,0,0,0,0,0,0,0,0,0,0,0,0,0,0,0,0,0,0,0,0,0,0,0,0,0,0,0,0,0,0,0,0,0,0,0,0,0,0,0,0,0,0,0,0,0,0,0,0,0,0,0,0,0,0,0,0,0,0,0,0,0,0,0,0,0,0,0,0,0,0,0,0,0,0,0,506.5,288.1,63.3125,36.0125,115,55,5,5
63,CT,A,S,4,5.5,116,5,25,64,27,9,-36,1.5,0,0,0,30,2106,62,5,105.9,86.7,67.2,43.3,21.3,0,0,0,0,0,0,0,0,0,0,0,0,0,0,0,0,0,0,0,0,0,0,0,0,0,0,0,0,0,0,0,0,0,0,0,0,0,0,0,0,0,0,0,0,0,0,0,0,0,0,0,0,0,0,0,0,0,0,0,0,0,0,0,0,0,0,0,0,0,0,0,0,0,0,0,0,0,0,0,0,0,0,0,0,0,54.5,53.1,48.5,53.7,69.5,0,0,0,0,0,0,0,0,0,0,0,0,0,0,0,0,0,0,0,0,0,0,0,0,0,0,0,0,0,0,0,0,0,0,0,0,0,0,0,0,0,0,0,0,0,0,0,0,0,0,0,0,0,0,0,0,0,0,0,0,0,0,0,0,0,0,0,0,0,0,0,0,0,0,0,0,0,0,0,0,0,0,0,0,0,CUE,O,,2021,3,7,4/15/2008,21.09090909,21.13124043,21.13124043,0,0,0,0,0,21.3,0,0,0,0,0,0,0,0,0,0,0,0,0,0,0,0,0,0,0,0,0,0,0,0,0,0,0,0,0,0,0,0,0,0,0,0,0,0,0,0,0,0,0,0,0,0,0,0,0,0,0,0,0,0,0,0,0,0,0,0,0,0,0,0,0,0,0,0,0,0,0,0,0,0,0,0,0,0,0,0,0,0,0,0,0,0,0,0,0,69.5,0,0,0,0,0,0,0,0,0,0,0,0,0,0,0,0,0,0,0,0,0,0,0,0,0,0,0,0,0,0,0,0,0,0,0,0,0,0,0,0,0,0,0,0,0,0,0,0,0,0,0,0,0,0,0,0,0,0,0,0,0,0,0,0,0,0,0,0,0,0,0,0,0,0,0,0,0,0,0,0,0,0,0,0,0,21.3,69.5,21.3,69.5,115,55,5,5
64,CT,A,E,3,13.3,304,92,1,39,31,30,-72,1.5,0,0,0,30,2106,62,13,117.2,112.8,86.5,69.4,50,56.1,68.2,83.8,102.3,100.3,70.3,53.7,26.7,0,0,0,0,0,0,0,0,0,0,0,0,0,0,0,0,0,0,0,0,0,0,0,0,0,0,0,0,0,0,0,0,0,0,0,0,0,0,0,0,0,0,0,0,0,0,0,0,0,0,0,0,0,0,0,0,0,0,0,0,0,0,0,0,0,0,0,0,0,0,0,0,0,0,0,0,0,53.8,65.2,72.4,72.5,71.1,56.9,48.6,51.4,69.4,83.5,84.2,86.1,89.2,0,0,0,0,0,0,0,0,0,0,0,0,0,0,0,0,0,0,0,0,0,0,0,0,0,0,0,0,0,0,0,0,0,0,0,0,0,0,0,0,0,0,0,0,0,0,0,0,0,0,0,0,0,0,0,0,0,0,0,0,0,0,0,0,0,0,0,0,0,0,0,0,0,0,0,0,0,CUE,O,,2021,4,7,4/15/2008,22.85714286,21.13124043,21.13124043,0,0,0,0,0,50,56.1,68.2,83.8,102.3,100.3,70.3,53.7,26.7,0,0,0,0,0,0,0,0,0,0,0,0,0,0,0,0,0,0,0,0,0,0,0,0,0,0,0,0,0,0,0,0,0,0,0,0,0,0,0,0,0,0,0,0,0,0,0,0,0,0,0,0,0,0,0,0,0,0,0,0,0,0,0,0,0,0,0,0,0,0,0,0,0,0,0,0,0,0,0,0,0,71.1,56.9,48.6,51.4,69.4,83.5,84.2,86.1,89.2,0,0,0,0,0,0,0,0,0,0,0,0,0,0,0,0,0,0,0,0,0,0,0,0,0,0,0,0,0,0,0,0,0,0,0,0,0,0,0,0,0,0,0,0,0,0,0,0,0,0,0,0,0,0,0,0,0,0,0,0,0,0,0,0,0,0,0,0,0,0,0,0,0,0,0,0,0,611.4,640.4,67.93333333,71.15555556,115,55,5,5
65,CT,A,W,2,5,111,18,82,69,30,1,-39,1.5,0,0,0,30,2106,62,4,107.4,92.7,77.8,57.7,0,0,0,0,0,0,0,0,0,0,0,0,0,0,0,0,0,0,0,0,0,0,0,0,0,0,0,0,0,0,0,0,0,0,0,0,0,0,0,0,0,0,0,0,0,0,0,0,0,0,0,0,0,0,0,0,0,0,0,0,0,0,0,0,0,0,0,0,0,0,0,0,0,0,0,0,0,0,0,0,0,0,0,0,0,0,37.7,21,14.9,32,0,0,0,0,0,0,0,0,0,0,0,0,0,0,0,0,0,0,0,0,0,0,0,0,0,0,0,0,0,0,0,0,0,0,0,0,0,0,0,0,0,0,0,0,0,0,0,0,0,0,0,0,0,0,0,0,0,0,0,0,0,0,0,0,0,0,0,0,0,0,0,0,0,0,0,0,0,0,0,0,0,0,0,0,0,0,CUE,O,,2021,5,7,4/15/2008,22.2,21.13124043,21.13124043,0,0,0,0,0,0,0,0,0,0,0,0,0,0,0,0,0,0,0,0,0,0,0,0,0,0,0,0,0,0,0,0,0,0,0,0,0,0,0,0,0,0,0,0,0,0,0,0,0,0,0,0,0,0,0,0,0,0,0,0,0,0,0,0,0,0,0,0,0,0,0,0,0,0,0,0,0,0,0,0,0,0,0,0,0,0,0,0,0,0,0,0,0,0,0,0,0,0,0,0,0,0,0,0,0,0,0,0,0,0,0,0,0,0,0,0,0,0,0,0,0,0,0,0,0,0,0,0,0,0,0,0,0,0,0,0,0,0,0,0,0,0,0,0,0,0,0,0,0,0,0,0,0,0,0,0,0,0,0,0,0,0,0,0,0,0,0,0,0,0,0,0,0,0,0,0,0,0,0,0,0,0,0,0,0,115,55,5,5
66,CT,A,S,1,5.2,115,17,6,66,25,9,-47,1.5,0,0,0,30,2106,62,5,112,96.2,73.2,45.8,17.9,0,0,0,0,0,0,0,0,0,0,0,0,0,0,0,0,0,0,0,0,0,0,0,0,0,0,0,0,0,0,0,0,0,0,0,0,0,0,0,0,0,0,0,0,0,0,0,0,0,0,0,0,0,0,0,0,0,0,0,0,0,0,0,0,0,0,0,0,0,0,0,0,0,0,0,0,0,0,0,0,0,0,0,0,0,46.1,32.2,32.4,50.6,77.6,0,0,0,0,0,0,0,0,0,0,0,0,0,0,0,0,0,0,0,0,0,0,0,0,0,0,0,0,0,0,0,0,0,0,0,0,0,0,0,0,0,0,0,0,0,0,0,0,0,0,0,0,0,0,0,0,0,0,0,0,0,0,0,0,0,0,0,0,0,0,0,0,0,0,0,0,0,0,0,0,0,0,0,0,0,CUE,O,,2021,6,7,4/15/2008,22.11538462,21.13124043,21.13124043,0,0,0,0,0,0,0,0,0,0,0,0,0,0,0,0,0,0,0,0,0,0,0,0,0,0,0,0,0,0,0,0,0,0,0,0,0,0,0,0,0,0,0,0,0,0,0,0,0,0,0,0,0,0,0,0,0,0,0,0,0,0,0,0,0,0,0,0,0,0,0,0,0,0,0,0,0,0,0,0,0,0,0,0,0,0,0,0,0,0,0,0,0,0,0,0,0,0,0,0,0,0,0,0,0,0,0,0,0,0,0,0,0,0,0,0,0,0,0,0,0,0,0,0,0,0,0,0,0,0,0,0,0,0,0,0,0,0,0,0,0,0,0,0,0,0,0,0,0,0,0,0,0,0,0,0,0,0,0,0,0,0,0,0,0,0,0,0,0,0,0,0,0,0,0,0,0,0,0,0,0,0,0,0,0,115,55,5,5
1,CT,B,N,3,4.8,104,0,88,55,42,3,0,1.5,0,0,0,30,2106,73,4,106.7,98.5,76.8,49.3,0,0,0,0,0,0,0,0,0,0,0,0,0,0,0,0,0,0,0,0,0,0,0,0,0,0,0,0,0,0,0,0,0,0,0,0,0,0,0,0,0,0,0,0,0,0,0,0,0,0,0,0,0,0,0,0,0,0,0,0,0,0,0,0,0,0,0,0,0,0,0,0,0,0,0,0,0,0,0,0,0,0,0,0,0,0,61.7,58.6,55.9,59.7,0,0,0,0,0,0,0,0,0,0,0,0,0,0,0,0,0,0,0,0,0,0,0,0,0,0,0,0,0,0,0,0,0,0,0,0,0,0,0,0,0,0,0,0,0,0,0,0,0,0,0,0,0,0,0,0,0,0,0,0,0,0,0,0,0,0,0,0,0,0,0,0,0,0,0,0,0,0,0,0,0,0,0,0,0,0,CUE,O,,2021,1,7,4/15/2008,21.66666667,22.78458895,22.78458895,0,0,0,0,0,0,0,0,0,0,0,0,0,0,0,0,0,0,0,0,0,0,0,0,0,0,0,0,0,0,0,0,0,0,0,0,0,0,0,0,0,0,0,0,0,0,0,0,0,0,0,0,0,0,0,0,0,0,0,0,0,0,0,0,0,0,0,0,0,0,0,0,0,0,0,0,0,0,0,0,0,0,0,0,0,0,0,0,0,0,0,0,0,0,0,0,0,0,0,0,0,0,0,0,0,0,0,0,0,0,0,0,0,0,0,0,0,0,0,0,0,0,0,0,0,0,0,0,0,0,0,0,0,0,0,0,0,0,0,0,0,0,0,0,0,0,0,0,0,0,0,0,0,0,0,0,0,0,0,0,0,0,0,0,0,0,0,0,0,0,0,0,0,0,0,0,0,0,0,0,0,0,0,0,0,115,55,5,5
2,CT,B,E,4,5.3,113,0,29,67,23,10,-1,1.5,0,0,0,30,2106,73,5,114.2,95.3,72,43.6,17,0,0,0,0,0,0,0,0,0,0,0,0,0,0,0,0,0,0,0,0,0,0,0,0,0,0,0,0,0,0,0,0,0,0,0,0,0,0,0,0,0,0,0,0,0,0,0,0,0,0,0,0,0,0,0,0,0,0,0,0,0,0,0,0,0,0,0,0,0,0,0,0,0,0,0,0,0,0,0,0,0,0,0,0,0,63.8,53.6,48.9,56,74.2,0,0,0,0,0,0,0,0,0,0,0,0,0,0,0,0,0,0,0,0,0,0,0,0,0,0,0,0,0,0,0,0,0,0,0,0,0,0,0,0,0,0,0,0,0,0,0,0,0,0,0,0,0,0,0,0,0,0,0,0,0,0,0,0,0,0,0,0,0,0,0,0,0,0,0,0,0,0,0,0,0,0,0,0,0,CUE,O,,2021,2,7,4/15/2008,21.32075472,22.78458895,22.78458895,0,0,0,0,0,0,0,0,0,0,0,0,0,0,0,0,0,0,0,0,0,0,0,0,0,0,0,0,0,0,0,0,0,0,0,0,0,0,0,0,0,0,0,0,0,0,0,0,0,0,0,0,0,0,0,0,0,0,0,0,0,0,0,0,0,0,0,0,0,0,0,0,0,0,0,0,0,0,0,0,0,0,0,0,0,0,0,0,0,0,0,0,0,0,0,0,0,0,0,0,0,0,0,0,0,0,0,0,0,0,0,0,0,0,0,0,0,0,0,0,0,0,0,0,0,0,0,0,0,0,0,0,0,0,0,0,0,0,0,0,0,0,0,0,0,0,0,0,0,0,0,0,0,0,0,0,0,0,0,0,0,0,0,0,0,0,0,0,0,0,0,0,0,0,0,0,0,0,0,0,0,0,0,0,0,115,55,5,5
3,CT,B,S,4,6.2,151,50,28,73,24,3,47,1.5,1,0,0,30,2106,73,6,109.8,98.1,80.2,59.1,38.9,26.3,0,0,0,0,0,0,0,0,0,0,0,0,0,0,0,0,0,0,0,0,0,0,0,0,0,0,0,0,0,0,0,0,0,0,0,0,0,0,0,0,0,0,0,0,0,0,0,0,0,0,0,0,0,0,0,0,0,0,0,0,0,0,0,0,0,0,0,0,0,0,0,0,0,0,0,0,0,0,0,0,0,0,0,0,33.9,13.8,17.3,44,70.4,84.1,0,0,0,0,0,0,0,0,0,0,0,0,0,0,0,0,0,0,0,0,0,0,0,0,0,0,0,0,0,0,0,0,0,0,0,0,0,0,0,0,0,0,0,0,0,0,0,0,0,0,0,0,0,0,0,0,0,0,0,0,0,0,0,0,0,0,0,0,0,0,0,0,0,0,0,0,0,0,0,0,0,0,0,0,CUE,O,,2021,3,7,4/15/2008,24.35483871,22.78458895,22.78458895,0,0,0,0,0,38.9,26.3,0,0,0,0,0,0,0,0,0,0,0,0,0,0,0,0,0,0,0,0,0,0,0,0,0,0,0,0,0,0,0,0,0,0,0,0,0,0,0,0,0,0,0,0,0,0,0,0,0,0,0,0,0,0,0,0,0,0,0,0,0,0,0,0,0,0,0,0,0,0,0,0,0,0,0,0,0,0,0,0,0,0,0,0,0,0,0,0,70.4,84.1,0,0,0,0,0,0,0,0,0,0,0,0,0,0,0,0,0,0,0,0,0,0,0,0,0,0,0,0,0,0,0,0,0,0,0,0,0,0,0,0,0,0,0,0,0,0,0,0,0,0,0,0,0,0,0,0,0,0,0,0,0,0,0,0,0,0,0,0,0,0,0,0,0,0,0,0,0,0,0,0,0,0,0,0,65.2,154.5,32.6,77.25,115,55,5,5
4,CT,B,E,3,7.9,171,0,25,73,17,10,45,1.5,0,0,0,30,2106,73,7,121.3,107.1,94.4,81,67.5,48,29.2,0,0,0,0,0,0,0,0,0,0,0,0,0,0,0,0,0,0,0,0,0,0,0,0,0,0,0,0,0,0,0,0,0,0,0,0,0,0,0,0,0,0,0,0,0,0,0,0,0,0,0,0,0,0,0,0,0,0,0,0,0,0,0,0,0,0,0,0,0,0,0,0,0,0,0,0,0,0,0,0,0,0,0,44.8,24.1,8.2,16.9,33.6,60.1,84.4,0,0,0,0,0,0,0,0,0,0,0,0,0,0,0,0,0,0,0,0,0,0,0,0,0,0,0,0,0,0,0,0,0,0,0,0,0,0,0,0,0,0,0,0,0,0,0,0,0,0,0,0,0,0,0,0,0,0,0,0,0,0,0,0,0,0,0,0,0,0,0,0,0,0,0,0,0,0,0,0,0,0,0,CUE,O,,2021,4,7,4/15/2008,21.64556962,22.78458895,22.78458895,0,0,0,0,0,67.5,48,29.2,0,0,0,0,0,0,0,0,0,0,0,0,0,0,0,0,0,0,0,0,0,0,0,0,0,0,0,0,0,0,0,0,0,0,0,0,0,0,0,0,0,0,0,0,0,0,0,0,0,0,0,0,0,0,0,0,0,0,0,0,0,0,0,0,0,0,0,0,0,0,0,0,0,0,0,0,0,0,0,0,0,0,0,0,0,0,0,33.6,60.1,84.4,0,0,0,0,0,0,0,0,0,0,0,0,0,0,0,0,0,0,0,0,0,0,0,0,0,0,0,0,0,0,0,0,0,0,0,0,0,0,0,0,0,0,0,0,0,0,0,0,0,0,0,0,0,0,0,0,0,0,0,0,0,0,0,0,0,0,0,0,0,0,0,0,0,0,0,0,0,0,0,0,0,0,0,144.7,178.1,48.23333333,59.36666667,115,55,5,5
5,CT,B,W,2,4.7,117,17,1,50,21,29,8,1.5,0,0,0,30,2106,73,4,107.8,98.6,68.2,40.1,0,0,0,0,0,0,0,0,0,0,0,0,0,0,0,0,0,0,0,0,0,0,0,0,0,0,0,0,0,0,0,0,0,0,0,0,0,0,0,0,0,0,0,0,0,0,0,0,0,0,0,0,0,0,0,0,0,0,0,0,0,0,0,0,0,0,0,0,0,0,0,0,0,0,0,0,0,0,0,0,0,0,0,0,0,0,61.2,59.9,55.3,62.6,0,0,0,0,0,0,0,0,0,0,0,0,0,0,0,0,0,0,0,0,0,0,0,0,0,0,0,0,0,0,0,0,0,0,0,0,0,0,0,0,0,0,0,0,0,0,0,0,0,0,0,0,0,0,0,0,0,0,0,0,0,0,0,0,0,0,0,0,0,0,0,0,0,0,0,0,0,0,0,0,0,0,0,0,0,0,CUE,O,,2021,5,7,4/15/2008,24.89361702,22.78458895,22.78458895,0,0,0,0,0,0,0,0,0,0,0,0,0,0,0,0,0,0,0,0,0,0,0,0,0,0,0,0,0,0,0,0,0,0,0,0,0,0,0,0,0,0,0,0,0,0,0,0,0,0,0,0,0,0,0,0,0,0,0,0,0,0,0,0,0,0,0,0,0,0,0,0,0,0,0,0,0,0,0,0,0,0,0,0,0,0,0,0,0,0,0,0,0,0,0,0,0,0,0,0,0,0,0,0,0,0,0,0,0,0,0,0,0,0,0,0,0,0,0,0,0,0,0,0,0,0,0,0,0,0,0,0,0,0,0,0,0,0,0,0,0,0,0,0,0,0,0,0,0,0,0,0,0,0,0,0,0,0,0,0,0,0,0,0,0,0,0,0,0,0,0,0,0,0,0,0,0,0,0,0,0,0,0,0,0,115,55,5,5
6,CT,B,S,1,4.6,105,77,3,60,33,7,25,1.5,1,0,0,30,2106,73,4,102.7,85,59.8,30.8,0,0,0,0,0,0,0,0,0,0,0,0,0,0,0,0,0,0,0,0,0,0,0,0,0,0,0,0,0,0,0,0,0,0,0,0,0,0,0,0,0,0,0,0,0,0,0,0,0,0,0,0,0,0,0,0,0,0,0,0,0,0,0,0,0,0,0,0,0,0,0,0,0,0,0,0,0,0,0,0,0,0,0,0,0,0,63.9,62.8,64.9,75.3,0,0,0,0,0,0,0,0,0,0,0,0,0,0,0,0,0,0,0,0,0,0,0,0,0,0,0,0,0,0,0,0,0,0,0,0,0,0,0,0,0,0,0,0,0,0,0,0,0,0,0,0,0,0,0,0,0,0,0,0,0,0,0,0,0,0,0,0,0,0,0,0,0,0,0,0,0,0,0,0,0,0,0,0,0,0,CUE,O,,2021,6,7,4/15/2008,22.82608696,22.78458895,22.78458895,0,0,0,0,0,0,0,0,0,0,0,0,0,0,0,0,0,0,0,0,0,0,0,0,0,0,0,0,0,0,0,0,0,0,0,0,0,0,0,0,0,0,0,0,0,0,0,0,0,0,0,0,0,0,0,0,0,0,0,0,0,0,0,0,0,0,0,0,0,0,0,0,0,0,0,0,0,0,0,0,0,0,0,0,0,0,0,0,0,0,0,0,0,0,0,0,0,0,0,0,0,0,0,0,0,0,0,0,0,0,0,0,0,0,0,0,0,0,0,0,0,0,0,0,0,0,0,0,0,0,0,0,0,0,0,0,0,0,0,0,0,0,0,0,0,0,0,0,0,0,0,0,0,0,0,0,0,0,0,0,0,0,0,0,0,0,0,0,0,0,0,0,0,0,0,0,0,0,0,0,0,0,0,0,0,115,55,5,5
7,CT,B,N,3,4.9,136,0,63,66,33,1,53,1.5,0,1,0,30,2106,77,4,102.8,78.1,48.8,24.3,0,0,0,0,0,0,0,0,0,0,0,0,0,0,0,0,0,0,0,0,0,0,0,0,0,0,0,0,0,0,0,0,0,0,0,0,0,0,0,0,0,0,0,0,0,0,0,0,0,0,0,0,0,0,0,0,0,0,0,0,0,0,0,0,0,0,0,0,0,0,0,0,0,0,0,0,0,0,0,0,0,0,0,0,0,0,61.1,70.7,73.7,76.3,0,0,0,0,0,0,0,0,0,0,0,0,0,0,0,0,0,0,0,0,0,0,0,0,0,0,0,0,0,0,0,0,0,0,0,0,0,0,0,0,0,0,0,0,0,0,0,0,0,0,0,0,0,0,0,0,0,0,0,0,0,0,0,0,0,0,0,0,0,0,0,0,0,0,0,0,0,0,0,0,0,0,0,0,0,0,CUE,O,,2021,1,7,4/15/2008,27.75510204,27.64686535,27.64686535,0,0,0,0,24.3,0,0,0,0,0,0,0,0,0,0,0,0,0,0,0,0,0,0,0,0,0,0,0,0,0,0,0,0,0,0,0,0,0,0,0,0,0,0,0,0,0,0,0,0,0,0,0,0,0,0,0,0,0,0,0,0,0,0,0,0,0,0,0,0,0,0,0,0,0,0,0,0,0,0,0,0,0,0,0,0,0,0,0,0,0,0,0,0,0,76.3,0,0,0,0,0,0,0,0,0,0,0,0,0,0,0,0,0,0,0,0,0,0,0,0,0,0,0,0,0,0,0,0,0,0,0,0,0,0,0,0,0,0,0,0,0,0,0,0,0,0,0,0,0,0,0,0,0,0,0,0,0,0,0,0,0,0,0,0,0,0,0,0,0,0,0,0,0,0,0,0,0,0,0,0,0,0,24.3,76.3,24.3,76.3,115,55,4,4
8,CT,B,E,4,4.3,133,47,46,78,14,8,-27,1.5,0,1,0,30,2106,77,4,109.2,75.4,39.5,9.4,0,0,0,0,0,0,0,0,0,0,0,0,0,0,0,0,0,0,0,0,0,0,0,0,0,0,0,0,0,0,0,0,0,0,0,0,0,0,0,0,0,0,0,0,0,0,0,0,0,0,0,0,0,0,0,0,0,0,0,0,0,0,0,0,0,0,0,0,0,0,0,0,0,0,0,0,0,0,0,0,0,0,0,0,0,0,46.4,30.2,50.9,80,0,0,0,0,0,0,0,0,0,0,0,0,0,0,0,0,0,0,0,0,0,0,0,0,0,0,0,0,0,0,0,0,0,0,0,0,0,0,0,0,0,0,0,0,0,0,0,0,0,0,0,0,0,0,0,0,0,0,0,0,0,0,0,0,0,0,0,0,0,0,0,0,0,0,0,0,0,0,0,0,0,0,0,0,0,0,CUE,O,,2021,2,7,4/15/2008,30.93023256,27.64686535,27.64686535,0,0,0,0,0,0,0,0,0,0,0,0,0,0,0,0,0,0,0,0,0,0,0,0,0,0,0,0,0,0,0,0,0,0,0,0,0,0,0,0,0,0,0,0,0,0,0,0,0,0,0,0,0,0,0,0,0,0,0,0,0,0,0,0,0,0,0,0,0,0,0,0,0,0,0,0,0,0,0,0,0,0,0,0,0,0,0,0,0,0,0,0,0,0,0,0,0,0,0,0,0,0,0,0,0,0,0,0,0,0,0,0,0,0,0,0,0,0,0,0,0,0,0,0,0,0,0,0,0,0,0,0,0,0,0,0,0,0,0,0,0,0,0,0,0,0,0,0,0,0,0,0,0,0,0,0,0,0,0,0,0,0,0,0,0,0,0,0,0,0,0,0,0,0,0,0,0,0,0,0,0,0,0,0,0,115,55,4,4
9,CT,B,S,4,9.6,254,15,16,92,7,1,-6,1.5,0,0,0,30,2106,77,9,87.2,58.8,44,47.6,60.1,72.4,72.8,54.8,33.1,0,0,0,0,0,0,0,0,0,0,0,0,0,0,0,0,0,0,0,0,0,0,0,0,0,0,0,0,0,0,0,0,0,0,0,0,0,0,0,0,0,0,0,0,0,0,0,0,0,0,0,0,0,0,0,0,0,0,0,0,0,0,0,0,0,0,0,0,0,0,0,0,0,0,0,0,0,0,0,0,0,49.8,44.2,48.2,58.6,54.2,32.8,20.6,37.5,57.2,0,0,0,0,0,0,0,0,0,0,0,0,0,0,0,0,0,0,0,0,0,0,0,0,0,0,0,0,0,0,0,0,0,0,0,0,0,0,0,0,0,0,0,0,0,0,0,0,0,0,0,0,0,0,0,0,0,0,0,0,0,0,0,0,0,0,0,0,0,0,0,0,0,0,0,0,0,0,0,0,0,CUE,O,,2021,3,7,4/15/2008,26.45833333,27.64686535,27.64686535,0,0,0,0,47.6,60.1,72.4,72.8,54.8,33.1,0,0,0,0,0,0,0,0,0,0,0,0,0,0,0,0,0,0,0,0,0,0,0,0,0,0,0,0,0,0,0,0,0,0,0,0,0,0,0,0,0,0,0,0,0,0,0,0,0,0,0,0,0,0,0,0,0,0,0,0,0,0,0,0,0,0,0,0,0,0,0,0,0,0,0,0,0,0,0,0,0,0,0,0,58.6,54.2,32.8,20.6,37.5,57.2,0,0,0,0,0,0,0,0,0,0,0,0,0,0,0,0,0,0,0,0,0,0,0,0,0,0,0,0,0,0,0,0,0,0,0,0,0,0,0,0,0,0,0,0,0,0,0,0,0,0,0,0,0,0,0,0,0,0,0,0,0,0,0,0,0,0,0,0,0,0,0,0,0,0,0,0,0,0,0,0,0,340.8,260.9,56.8,43.48333333,115,55,4,4
10,CT,B,E,3,7.5,198,0,40,82,16,2,51,1.5,0,1,0,30,2106,77,7,113.9,99.6,91.4,89,70.9,44.3,15.7,0,0,0,0,0,0,0,0,0,0,0,0,0,0,0,0,0,0,0,0,0,0,0,0,0,0,0,0,0,0,0,0,0,0,0,0,0,0,0,0,0,0,0,0,0,0,0,0,0,0,0,0,0,0,0,0,0,0,0,0,0,0,0,0,0,0,0,0,0,0,0,0,0,0,0,0,0,0,0,0,0,0,0,31.6,9.8,32.1,48,67.5,80.4,91.2,0,0,0,0,0,0,0,0,0,0,0,0,0,0,0,0,0,0,0,0,0,0,0,0,0,0,0,0,0,0,0,0,0,0,0,0,0,0,0,0,0,0,0,0,0,0,0,0,0,0,0,0,0,0,0,0,0,0,0,0,0,0,0,0,0,0,0,0,0,0,0,0,0,0,0,0,0,0,0,0,0,0,0,CUE,O,,2021,4,7,4/15/2008,26.4,27.64686535,27.64686535,0,0,0,0,89,70.9,44.3,15.7,0,0,0,0,0,0,0,0,0,0,0,0,0,0,0,0,0,0,0,0,0,0,0,0,0,0,0,0,0,0,0,0,0,0,0,0,0,0,0,0,0,0,0,0,0,0,0,0,0,0,0,0,0,0,0,0,0,0,0,0,0,0,0,0,0,0,0,0,0,0,0,0,0,0,0,0,0,0,0,0,0,0,0,0,0,0,48,67.5,80.4,91.2,0,0,0,0,0,0,0,0,0,0,0,0,0,0,0,0,0,0,0,0,0,0,0,0,0,0,0,0,0,0,0,0,0,0,0,0,0,0,0,0,0,0,0,0,0,0,0,0,0,0,0,0,0,0,0,0,0,0,0,0,0,0,0,0,0,0,0,0,0,0,0,0,0,0,0,0,0,0,0,0,0,0,0,219.9,287.1,54.975,71.775,115,55,4,4
11,CT,B,W,2,4.4,123,20,67,72,27,1,-46,1.5,1,0,0,30,2106,77,4,103.6,92,62.5,32.6,0,0,0,0,0,0,0,0,0,0,0,0,0,0,0,0,0,0,0,0,0,0,0,0,0,0,0,0,0,0,0,0,0,0,0,0,0,0,0,0,0,0,0,0,0,0,0,0,0,0,0,0,0,0,0,0,0,0,0,0,0,0,0,0,0,0,0,0,0,0,0,0,0,0,0,0,0,0,0,0,0,0,0,0,0,0,26.2,14.7,27.4,58.4,0,0,0,0,0,0,0,0,0,0,0,0,0,0,0,0,0,0,0,0,0,0,0,0,0,0,0,0,0,0,0,0,0,0,0,0,0,0,0,0,0,0,0,0,0,0,0,0,0,0,0,0,0,0,0,0,0,0,0,0,0,0,0,0,0,0,0,0,0,0,0,0,0,0,0,0,0,0,0,0,0,0,0,0,0,0,CUE,O,,2021,5,7,4/15/2008,27.95454545,27.64686535,27.64686535,0,0,0,0,0,0,0,0,0,0,0,0,0,0,0,0,0,0,0,0,0,0,0,0,0,0,0,0,0,0,0,0,0,0,0,0,0,0,0,0,0,0,0,0,0,0,0,0,0,0,0,0,0,0,0,0,0,0,0,0,0,0,0,0,0,0,0,0,0,0,0,0,0,0,0,0,0,0,0,0,0,0,0,0,0,0,0,0,0,0,0,0,0,0,0,0,0,0,0,0,0,0,0,0,0,0,0,0,0,0,0,0,0,0,0,0,0,0,0,0,0,0,0,0,0,0,0,0,0,0,0,0,0,0,0,0,0,0,0,0,0,0,0,0,0,0,0,0,0,0,0,0,0,0,0,0,0,0,0,0,0,0,0,0,0,0,0,0,0,0,0,0,0,0,0,0,0,0,0,0,0,0,0,0,0,115,55,4,4
12,CT,B,S,1,4.7,124,15,4,76,21,3,-46,1.5,0,0,0,30,2106,77,4,111.1,91.7,63.5,34.3,0,0,0,0,0,0,0,0,0,0,0,0,0,0,0,0,0,0,0,0,0,0,0,0,0,0,0,0,0,0,0,0,0,0,0,0,0,0,0,0,0,0,0,0,0,0,0,0,0,0,0,0,0,0,0,0,0,0,0,0,0,0,0,0,0,0,0,0,0,0,0,0,0,0,0,0,0,0,0,0,0,0,0,0,0,0,33.7,15.1,33.3,63.6,0,0,0,0,0,0,0,0,0,0,0,0,0,0,0,0,0,0,0,0,0,0,0,0,0,0,0,0,0,0,0,0,0,0,0,0,0,0,0,0,0,0,0,0,0,0,0,0,0,0,0,0,0,0,0,0,0,0,0,0,0,0,0,0,0,0,0,0,0,0,0,0,0,0,0,0,0,0,0,0,0,0,0,0,0,0,CUE,O,,2021,6,7,4/15/2008,26.38297872,27.64686535,27.64686535,0,0,0,0,34.3,0,0,0,0,0,0,0,0,0,0,0,0,0,0,0,0,0,0,0,0,0,0,0,0,0,0,0,0,0,0,0,0,0,0,0,0,0,0,0,0,0,0,0,0,0,0,0,0,0,0,0,0,0,0,0,0,0,0,0,0,0,0,0,0,0,0,0,0,0,0,0,0,0,0,0,0,0,0,0,0,0,0,0,0,0,0,0,0,0,63.6,0,0,0,0,0,0,0,0,0,0,0,0,0,0,0,0,0,0,0,0,0,0,0,0,0,0,0,0,0,0,0,0,0,0,0,0,0,0,0,0,0,0,0,0,0,0,0,0,0,0,0,0,0,0,0,0,0,0,0,0,0,0,0,0,0,0,0,0,0,0,0,0,0,0,0,0,0,0,0,0,0,0,0,0,0,0,34.3,63.6,34.3,63.6,115,55,4,4
13,CT,B,N,3,30.1,738,42,34,84,15,1,24,1.5,1,1,0,30,2106,78,30,99.4,83.8,55.9,45.2,51.9,51,52.4,54.7,38.1,18.7,23.2,43.9,64.9,77.2,79.5,63.3,46.1,56.2,74,85.6,97.1,86.4,54.1,36.4,37.1,60.7,84,89.9,93.5,106.2,0,0,0,0,0,0,0,0,0,0,0,0,0,0,0,0,0,0,0,0,0,0,0,0,0,0,0,0,0,0,0,0,0,0,0,0,0,0,0,0,0,0,0,0,0,0,0,0,0,0,0,0,0,0,0,0,0,0,0,0,64.5,64.3,65.1,85.2,75.7,66,49.7,42.9,75.5,85.4,73.7,53.2,35.6,30.8,46.1,69.7,72.8,56.5,44.5,42,55.9,72.1,71.5,66.2,61.8,54.3,44.6,39.8,16.3,14.5,0,0,0,0,0,0,0,0,0,0,0,0,0,0,0,0,0,0,0,0,0,0,0,0,0,0,0,0,0,0,0,0,0,0,0,0,0,0,0,0,0,0,0,0,0,0,0,0,0,0,0,0,0,0,0,0,0,0,0,0,CUE,O,,2021,1,7,4/15/2008,24.51827243,17.91581104,17.91581104,0,0,0,0,0,0,51,52.4,54.7,38.1,18.7,23.2,43.9,64.9,77.2,79.5,63.3,46.1,56.2,74,85.6,97.1,86.4,54.1,36.4,37.1,60.7,84,89.9,93.5,106.2,0,0,0,0,0,0,0,0,0,0,0,0,0,0,0,0,0,0,0,0,0,0,0,0,0,0,0,0,0,0,0,0,0,0,0,0,0,0,0,0,0,0,0,0,0,0,0,0,0,0,0,0,0,0,0,0,0,0,0,0,0,0,0,0,0,66,49.7,42.9,75.5,85.4,73.7,53.2,35.6,30.8,46.1,69.7,72.8,56.5,44.5,42,55.9,72.1,71.5,66.2,61.8,54.3,44.6,39.8,16.3,14.5,0,0,0,0,0,0,0,0,0,0,0,0,0,0,0,0,0,0,0,0,0,0,0,0,0,0,0,0,0,0,0,0,0,0,0,0,0,0,0,0,0,0,0,0,0,0,0,0,0,0,0,0,0,0,0,0,0,0,0,0,1574.2,1341.4,62.968,53.656,115,55,6,6
14,CT,B,E,4,12.1,231,11,15,50,46,4,18,1.5,0,0,0,30,2106,78,12,106.6,87.7,75.2,79.8,79.9,86.2,82,74.3,67.4,45.7,25.3,17.3,0,0,0,0,0,0,0,0,0,0,0,0,0,0,0,0,0,0,0,0,0,0,0,0,0,0,0,0,0,0,0,0,0,0,0,0,0,0,0,0,0,0,0,0,0,0,0,0,0,0,0,0,0,0,0,0,0,0,0,0,0,0,0,0,0,0,0,0,0,0,0,0,0,0,0,0,0,0,66,65.1,74.1,82.3,82.8,76.1,61.5,41.7,27.2,48.8,69.6,84.8,0,0,0,0,0,0,0,0,0,0,0,0,0,0,0,0,0,0,0,0,0,0,0,0,0,0,0,0,0,0,0,0,0,0,0,0,0,0,0,0,0,0,0,0,0,0,0,0,0,0,0,0,0,0,0,0,0,0,0,0,0,0,0,0,0,0,0,0,0,0,0,0,0,0,0,0,0,0,CUE,O,,2021,2,7,4/15/2008,19.09090909,17.91581104,17.91581104,0,0,0,0,0,0,86.2,82,74.3,67.4,45.7,25.3,17.3,0,0,0,0,0,0,0,0,0,0,0,0,0,0,0,0,0,0,0,0,0,0,0,0,0,0,0,0,0,0,0,0,0,0,0,0,0,0,0,0,0,0,0,0,0,0,0,0,0,0,0,0,0,0,0,0,0,0,0,0,0,0,0,0,0,0,0,0,0,0,0,0,0,0,0,0,0,0,0,0,0,0,0,76.1,61.5,41.7,27.2,48.8,69.6,84.8,0,0,0,0,0,0,0,0,0,0,0,0,0,0,0,0,0,0,0,0,0,0,0,0,0,0,0,0,0,0,0,0,0,0,0,0,0,0,0,0,0,0,0,0,0,0,0,0,0,0,0,0,0,0,0,0,0,0,0,0,0,0,0,0,0,0,0,0,0,0,0,0,0,0,0,0,0,0,398.2,409.7,56.88571429,58.52857143,115,55,6,6
15,CT,B,S,4,28.8,532,61,18,68,31,1,33,1.5,4,0,0,30,2106,78,28,107.9,93.2,79.5,58.8,40.7,29.5,29.8,38,57.2,80.4,96.4,102.3,103.7,91.5,80.7,74.6,77.7,87.2,98,101.8,112.1,118.5,108.2,90.2,77.6,55.2,37.5,20.8,0,0,0,0,0,0,0,0,0,0,0,0,0,0,0,0,0,0,0,0,0,0,0,0,0,0,0,0,0,0,0,0,0,0,0,0,0,0,0,0,0,0,0,0,0,0,0,0,0,0,0,0,0,0,0,0,0,0,0,0,0,0,30.2,19.2,23.3,36.6,50.4,60.2,60.5,53.1,36.3,18.9,13.4,25.2,39.3,42.7,39.9,30.5,18.1,7.3,23,30.4,38.7,38.3,20.7,4.4,14.7,34.7,52.8,72.4,0,0,0,0,0,0,0,0,0,0,0,0,0,0,0,0,0,0,0,0,0,0,0,0,0,0,0,0,0,0,0,0,0,0,0,0,0,0,0,0,0,0,0,0,0,0,0,0,0,0,0,0,0,0,0,0,0,0,0,0,0,0,CUE,O,,2021,3,7,4/15/2008,18.47222222,17.91581104,17.91581104,0,0,0,0,0,0,29.5,29.8,38,57.2,80.4,96.4,102.3,103.7,91.5,80.7,74.6,77.7,87.2,98,101.8,112.1,118.5,108.2,90.2,77.6,55.2,37.5,20.8,0,0,0,0,0,0,0,0,0,0,0,0,0,0,0,0,0,0,0,0,0,0,0,0,0,0,0,0,0,0,0,0,0,0,0,0,0,0,0,0,0,0,0,0,0,0,0,0,0,0,0,0,0,0,0,0,0,0,0,0,0,0,0,0,0,0,0,60.2,60.5,53.1,36.3,18.9,13.4,25.2,39.3,42.7,39.9,30.5,18.1,7.3,23,30.4,38.7,38.3,20.7,4.4,14.7,34.7,52.8,72.4,0,0,0,0,0,0,0,0,0,0,0,0,0,0,0,0,0,0,0,0,0,0,0,0,0,0,0,0,0,0,0,0,0,0,0,0,0,0,0,0,0,0,0,0,0,0,0,0,0,0,0,0,0,0,0,0,0,0,0,0,0,0,1768.9,775.5,76.90869565,33.7173913,115,55,6,6
16,CT,B,E,3,17,351,8,32,78,17,5,49,1.5,0,0,0,30,2106,78,16,122,113,107.5,101.5,100.7,87.9,78,64.8,69.3,80,81.9,79.8,74.9,68,53.5,38.4,0,0,0,0,0,0,0,0,0,0,0,0,0,0,0,0,0,0,0,0,0,0,0,0,0,0,0,0,0,0,0,0,0,0,0,0,0,0,0,0,0,0,0,0,0,0,0,0,0,0,0,0,0,0,0,0,0,0,0,0,0,0,0,0,0,0,0,0,0,0,0,0,0,0,41.4,26.5,13.9,9.3,11.6,19.6,28.2,50.8,63.8,61,54.9,45.2,33.2,29.7,44.3,59.9,0,0,0,0,0,0,0,0,0,0,0,0,0,0,0,0,0,0,0,0,0,0,0,0,0,0,0,0,0,0,0,0,0,0,0,0,0,0,0,0,0,0,0,0,0,0,0,0,0,0,0,0,0,0,0,0,0,0,0,0,0,0,0,0,0,0,0,0,0,0,0,0,0,0,CUE,O,,2021,4,7,4/15/2008,20.64705882,17.91581104,17.91581104,0,0,0,0,0,0,87.9,78,64.8,69.3,80,81.9,79.8,74.9,68,53.5,38.4,0,0,0,0,0,0,0,0,0,0,0,0,0,0,0,0,0,0,0,0,0,0,0,0,0,0,0,0,0,0,0,0,0,0,0,0,0,0,0,0,0,0,0,0,0,0,0,0,0,0,0,0,0,0,0,0,0,0,0,0,0,0,0,0,0,0,0,0,0,0,0,0,0,0,0,0,0,0,0,19.6,28.2,50.8,63.8,61,54.9,45.2,33.2,29.7,44.3,59.9,0,0,0,0,0,0,0,0,0,0,0,0,0,0,0,0,0,0,0,0,0,0,0,0,0,0,0,0,0,0,0,0,0,0,0,0,0,0,0,0,0,0,0,0,0,0,0,0,0,0,0,0,0,0,0,0,0,0,0,0,0,0,0,0,0,0,0,0,0,0,0,0,0,0,776.5,490.6,70.59090909,44.6,115,55,6,6
17,CT,B,W,2,19.2,258,9,15,69,28,3,-8,1.5,1,0,0,30,2106,78,19,112,104.8,93.6,83.6,84.3,94.7,93.1,85.3,72.7,56.8,42.8,42.1,54.1,62.9,62.2,54.3,44,30.3,14.3,0,0,0,0,0,0,0,0,0,0,0,0,0,0,0,0,0,0,0,0,0,0,0,0,0,0,0,0,0,0,0,0,0,0,0,0,0,0,0,0,0,0,0,0,0,0,0,0,0,0,0,0,0,0,0,0,0,0,0,0,0,0,0,0,0,0,0,0,0,0,0,42.8,37,33.2,38.1,49.7,52,40.5,32.7,32.5,42.6,57.8,69.1,72.3,64.4,52.5,46.1,49,59.7,75.1,0,0,0,0,0,0,0,0,0,0,0,0,0,0,0,0,0,0,0,0,0,0,0,0,0,0,0,0,0,0,0,0,0,0,0,0,0,0,0,0,0,0,0,0,0,0,0,0,0,0,0,0,0,0,0,0,0,0,0,0,0,0,0,0,0,0,0,0,0,0,0,CUE,O,,2021,5,7,4/15/2008,13.4375,17.91581104,17.91581104,0,0,0,0,0,0,94.7,93.1,85.3,72.7,56.8,42.8,42.1,54.1,62.9,62.2,54.3,44,30.3,14.3,0,0,0,0,0,0,0,0,0,0,0,0,0,0,0,0,0,0,0,0,0,0,0,0,0,0,0,0,0,0,0,0,0,0,0,0,0,0,0,0,0,0,0,0,0,0,0,0,0,0,0,0,0,0,0,0,0,0,0,0,0,0,0,0,0,0,0,0,0,0,0,0,0,0,0,0,52,40.5,32.7,32.5,42.6,57.8,69.1,72.3,64.4,52.5,46.1,49,59.7,75.1,0,0,0,0,0,0,0,0,0,0,0,0,0,0,0,0,0,0,0,0,0,0,0,0,0,0,0,0,0,0,0,0,0,0,0,0,0,0,0,0,0,0,0,0,0,0,0,0,0,0,0,0,0,0,0,0,0,0,0,0,0,0,0,0,0,0,0,0,0,0,0,809.6,746.3,57.82857143,53.30714286,115,55,6,6
18,CT,B,S,1,30.1,341,51,0,58,33,9,38,1.5,2,0,0,30,2106,78,30,110,99.5,89.1,80.5,66.7,55,44.2,37.3,39.7,46.3,52.1,58.4,63.8,71.7,77,94.3,108.2,120.7,120.9,117.5,105.6,97.4,86.1,74.9,70.3,77,86.8,96.6,105.2,104.2,0,0,0,0,0,0,0,0,0,0,0,0,0,0,0,0,0,0,0,0,0,0,0,0,0,0,0,0,0,0,0,0,0,0,0,0,0,0,0,0,0,0,0,0,0,0,0,0,0,0,0,0,0,0,0,0,0,0,0,0,62.6,65.6,65.6,64.1,63.8,64.9,72.6,80.9,83.4,79.3,70.8,61.6,55.7,49.4,46.3,41,40.8,40,34.2,29.4,12.9,3.7,9.3,20.7,29,30,23.7,16.5,14.1,9.5,0,0,0,0,0,0,0,0,0,0,0,0,0,0,0,0,0,0,0,0,0,0,0,0,0,0,0,0,0,0,0,0,0,0,0,0,0,0,0,0,0,0,0,0,0,0,0,0,0,0,0,0,0,0,0,0,0,0,0,0,CUE,O,,2021,6,7,4/15/2008,11.32890365,17.91581104,17.91581104,0,0,0,0,0,0,55,44.2,37.3,39.7,46.3,52.1,58.4,63.8,71.7,77,94.3,108.2,120.7,120.9,117.5,105.6,97.4,86.1,74.9,70.3,77,86.8,96.6,105.2,104.2,0,0,0,0,0,0,0,0,0,0,0,0,0,0,0,0,0,0,0,0,0,0,0,0,0,0,0,0,0,0,0,0,0,0,0,0,0,0,0,0,0,0,0,0,0,0,0,0,0,0,0,0,0,0,0,0,0,0,0,0,0,0,0,0,0,64.9,72.6,80.9,83.4,79.3,70.8,61.6,55.7,49.4,46.3,41,40.8,40,34.2,29.4,12.9,3.7,9.3,20.7,29,30,23.7,16.5,14.1,9.5,0,0,0,0,0,0,0,0,0,0,0,0,0,0,0,0,0,0,0,0,0,0,0,0,0,0,0,0,0,0,0,0,0,0,0,0,0,0,0,0,0,0,0,0,0,0,0,0,0,0,0,0,0,0,0,0,0,0,0,0,2011.2,1019.7,80.448,40.788,115,55,6,6
19,CT,B,N,3,6.7,176,15,62,63,36,1,44,1.5,0,0,0,30,2106,80,6,105.5,94,75,61.2,54.3,39.7,0,0,0,0,0,0,0,0,0,0,0,0,0,0,0,0,0,0,0,0,0,0,0,0,0,0,0,0,0,0,0,0,0,0,0,0,0,0,0,0,0,0,0,0,0,0,0,0,0,0,0,0,0,0,0,0,0,0,0,0,0,0,0,0,0,0,0,0,0,0,0,0,0,0,0,0,0,0,0,0,0,0,0,0,66.6,73.4,66.6,48.7,41.9,65.4,0,0,0,0,0,0,0,0,0,0,0,0,0,0,0,0,0,0,0,0,0,0,0,0,0,0,0,0,0,0,0,0,0,0,0,0,0,0,0,0,0,0,0,0,0,0,0,0,0,0,0,0,0,0,0,0,0,0,0,0,0,0,0,0,0,0,0,0,0,0,0,0,0,0,0,0,0,0,0,0,0,0,0,0,CUE,O,,2021,1,7,4/15/2008,26.26865672,24.22500239,24.22500239,0,0,0,0,0,54.3,39.7,0,0,0,0,0,0,0,0,0,0,0,0,0,0,0,0,0,0,0,0,0,0,0,0,0,0,0,0,0,0,0,0,0,0,0,0,0,0,0,0,0,0,0,0,0,0,0,0,0,0,0,0,0,0,0,0,0,0,0,0,0,0,0,0,0,0,0,0,0,0,0,0,0,0,0,0,0,0,0,0,0,0,0,0,0,0,0,0,41.9,65.4,0,0,0,0,0,0,0,0,0,0,0,0,0,0,0,0,0,0,0,0,0,0,0,0,0,0,0,0,0,0,0,0,0,0,0,0,0,0,0,0,0,0,0,0,0,0,0,0,0,0,0,0,0,0,0,0,0,0,0,0,0,0,0,0,0,0,0,0,0,0,0,0,0,0,0,0,0,0,0,0,0,0,0,0,94,107.3,47,53.65,115,55,5,5
20,CT,B,E,4,11.1,255,49,21,22,63,15,-80,1.5,0,2,0,30,2106,80,11,112.1,115.3,121.8,115.9,104.3,90.5,75,63.9,45.5,24.5,6.8,0,0,0,0,0,0,0,0,0,0,0,0,0,0,0,0,0,0,0,0,0,0,0,0,0,0,0,0,0,0,0,0,0,0,0,0,0,0,0,0,0,0,0,0,0,0,0,0,0,0,0,0,0,0,0,0,0,0,0,0,0,0,0,0,0,0,0,0,0,0,0,0,0,0,0,0,0,0,0,53.3,54,53.2,37,16.5,25.1,61.2,80.2,89.3,89.6,88.5,0,0,0,0,0,0,0,0,0,0,0,0,0,0,0,0,0,0,0,0,0,0,0,0,0,0,0,0,0,0,0,0,0,0,0,0,0,0,0,0,0,0,0,0,0,0,0,0,0,0,0,0,0,0,0,0,0,0,0,0,0,0,0,0,0,0,0,0,0,0,0,0,0,0,0,0,0,0,0,CUE,O,,2021,2,7,4/15/2008,22.97297297,24.22500239,24.22500239,0,0,0,0,0,104.3,90.5,75,63.9,45.5,24.5,6.8,0,0,0,0,0,0,0,0,0,0,0,0,0,0,0,0,0,0,0,0,0,0,0,0,0,0,0,0,0,0,0,0,0,0,0,0,0,0,0,0,0,0,0,0,0,0,0,0,0,0,0,0,0,0,0,0,0,0,0,0,0,0,0,0,0,0,0,0,0,0,0,0,0,0,0,0,0,0,0,0,0,0,0,16.5,25.1,61.2,80.2,89.3,89.6,88.5,0,0,0,0,0,0,0,0,0,0,0,0,0,0,0,0,0,0,0,0,0,0,0,0,0,0,0,0,0,0,0,0,0,0,0,0,0,0,0,0,0,0,0,0,0,0,0,0,0,0,0,0,0,0,0,0,0,0,0,0,0,0,0,0,0,0,0,0,0,0,0,0,0,0,0,0,0,0,0,410.5,450.4,58.64285714,64.34285714,115,55,5,5
21,CT,B,S,4,6.3,150,8,22,30,50,20,-64,1.5,0,1,0,30,2106,80,6,112.2,99.1,85.9,63.6,38.6,13.2,0,0,0,0,0,0,0,0,0,0,0,0,0,0,0,0,0,0,0,0,0,0,0,0,0,0,0,0,0,0,0,0,0,0,0,0,0,0,0,0,0,0,0,0,0,0,0,0,0,0,0,0,0,0,0,0,0,0,0,0,0,0,0,0,0,0,0,0,0,0,0,0,0,0,0,0,0,0,0,0,0,0,0,0,55.5,63.1,69.7,77.5,83.8,86.1,0,0,0,0,0,0,0,0,0,0,0,0,0,0,0,0,0,0,0,0,0,0,0,0,0,0,0,0,0,0,0,0,0,0,0,0,0,0,0,0,0,0,0,0,0,0,0,0,0,0,0,0,0,0,0,0,0,0,0,0,0,0,0,0,0,0,0,0,0,0,0,0,0,0,0,0,0,0,0,0,0,0,0,0,CUE,O,,2021,3,7,4/15/2008,23.80952381,24.22500239,24.22500239,0,0,0,0,0,38.6,13.2,0,0,0,0,0,0,0,0,0,0,0,0,0,0,0,0,0,0,0,0,0,0,0,0,0,0,0,0,0,0,0,0,0,0,0,0,0,0,0,0,0,0,0,0,0,0,0,0,0,0,0,0,0,0,0,0,0,0,0,0,0,0,0,0,0,0,0,0,0,0,0,0,0,0,0,0,0,0,0,0,0,0,0,0,0,0,0,0,83.8,86.1,0,0,0,0,0,0,0,0,0,0,0,0,0,0,0,0,0,0,0,0,0,0,0,0,0,0,0,0,0,0,0,0,0,0,0,0,0,0,0,0,0,0,0,0,0,0,0,0,0,0,0,0,0,0,0,0,0,0,0,0,0,0,0,0,0,0,0,0,0,0,0,0,0,0,0,0,0,0,0,0,0,0,0,0,51.8,169.9,25.9,84.95,115,55,5,5
22,CT,B,E,3,5.8,135,59,3,54,8,38,-52,1.5,0,0,0,30,2106,80,5,120.5,119.8,95.4,63.1,40.5,0,0,0,0,0,0,0,0,0,0,0,0,0,0,0,0,0,0,0,0,0,0,0,0,0,0,0,0,0,0,0,0,0,0,0,0,0,0,0,0,0,0,0,0,0,0,0,0,0,0,0,0,0,0,0,0,0,0,0,0,0,0,0,0,0,0,0,0,0,0,0,0,0,0,0,0,0,0,0,0,0,0,0,0,0,51.8,58,56.1,52,58.5,0,0,0,0,0,0,0,0,0,0,0,0,0,0,0,0,0,0,0,0,0,0,0,0,0,0,0,0,0,0,0,0,0,0,0,0,0,0,0,0,0,0,0,0,0,0,0,0,0,0,0,0,0,0,0,0,0,0,0,0,0,0,0,0,0,0,0,0,0,0,0,0,0,0,0,0,0,0,0,0,0,0,0,0,0,CUE,O,,2021,4,7,4/15/2008,23.27586207,24.22500239,24.22500239,0,0,0,0,0,40.5,0,0,0,0,0,0,0,0,0,0,0,0,0,0,0,0,0,0,0,0,0,0,0,0,0,0,0,0,0,0,0,0,0,0,0,0,0,0,0,0,0,0,0,0,0,0,0,0,0,0,0,0,0,0,0,0,0,0,0,0,0,0,0,0,0,0,0,0,0,0,0,0,0,0,0,0,0,0,0,0,0,0,0,0,0,0,0,0,0,58.5,0,0,0,0,0,0,0,0,0,0,0,0,0,0,0,0,0,0,0,0,0,0,0,0,0,0,0,0,0,0,0,0,0,0,0,0,0,0,0,0,0,0,0,0,0,0,0,0,0,0,0,0,0,0,0,0,0,0,0,0,0,0,0,0,0,0,0,0,0,0,0,0,0,0,0,0,0,0,0,0,0,0,0,0,0,40.5,58.5,40.5,58.5,115,55,5,5
23,CT,B,W,2,7.1,180,21,5,5,31,64,85,1.5,0,0,0,30,2106,80,7,112.5,111.8,105.2,93.8,69.3,46.5,18.8,0,0,0,0,0,0,0,0,0,0,0,0,0,0,0,0,0,0,0,0,0,0,0,0,0,0,0,0,0,0,0,0,0,0,0,0,0,0,0,0,0,0,0,0,0,0,0,0,0,0,0,0,0,0,0,0,0,0,0,0,0,0,0,0,0,0,0,0,0,0,0,0,0,0,0,0,0,0,0,0,0,0,0,51.3,63.9,74.9,86.3,95.3,99.5,97.6,0,0,0,0,0,0,0,0,0,0,0,0,0,0,0,0,0,0,0,0,0,0,0,0,0,0,0,0,0,0,0,0,0,0,0,0,0,0,0,0,0,0,0,0,0,0,0,0,0,0,0,0,0,0,0,0,0,0,0,0,0,0,0,0,0,0,0,0,0,0,0,0,0,0,0,0,0,0,0,0,0,0,0,CUE,O,,2021,5,7,4/15/2008,25.35211268,24.22500239,24.22500239,0,0,0,0,0,69.3,46.5,18.8,0,0,0,0,0,0,0,0,0,0,0,0,0,0,0,0,0,0,0,0,0,0,0,0,0,0,0,0,0,0,0,0,0,0,0,0,0,0,0,0,0,0,0,0,0,0,0,0,0,0,0,0,0,0,0,0,0,0,0,0,0,0,0,0,0,0,0,0,0,0,0,0,0,0,0,0,0,0,0,0,0,0,0,0,0,0,0,95.3,99.5,97.6,0,0,0,0,0,0,0,0,0,0,0,0,0,0,0,0,0,0,0,0,0,0,0,0,0,0,0,0,0,0,0,0,0,0,0,0,0,0,0,0,0,0,0,0,0,0,0,0,0,0,0,0,0,0,0,0,0,0,0,0,0,0,0,0,0,0,0,0,0,0,0,0,0,0,0,0,0,0,0,0,0,0,0,134.6,292.4,44.86666667,97.46666667,115,55,5,5
24,CT,B,S,1,15.8,374,0,59,26,49,25,-100,1.5,0,1,0,30,2106,80,15,117.9,124.2,122.9,122.2,116.3,105.4,87.8,68.2,54.8,64.3,66.5,66.4,69.5,60.1,38.4,0,0,0,0,0,0,0,0,0,0,0,0,0,0,0,0,0,0,0,0,0,0,0,0,0,0,0,0,0,0,0,0,0,0,0,0,0,0,0,0,0,0,0,0,0,0,0,0,0,0,0,0,0,0,0,0,0,0,0,0,0,0,0,0,0,0,0,0,0,0,0,0,0,0,0,52,38.5,28.9,30.2,38.1,48.4,59.8,75.9,95.9,112.9,109.9,102.6,85.7,66,62.5,0,0,0,0,0,0,0,0,0,0,0,0,0,0,0,0,0,0,0,0,0,0,0,0,0,0,0,0,0,0,0,0,0,0,0,0,0,0,0,0,0,0,0,0,0,0,0,0,0,0,0,0,0,0,0,0,0,0,0,0,0,0,0,0,0,0,0,0,0,0,0,0,0,0,0,CUE,O,,2021,6,7,4/15/2008,23.67088608,24.22500239,24.22500239,0,0,0,0,0,116.3,105.4,87.8,68.2,54.8,64.3,66.5,66.4,69.5,60.1,38.4,0,0,0,0,0,0,0,0,0,0,0,0,0,0,0,0,0,0,0,0,0,0,0,0,0,0,0,0,0,0,0,0,0,0,0,0,0,0,0,0,0,0,0,0,0,0,0,0,0,0,0,0,0,0,0,0,0,0,0,0,0,0,0,0,0,0,0,0,0,0,0,0,0,0,0,0,0,0,0,38.1,48.4,59.8,75.9,95.9,112.9,109.9,102.6,85.7,66,62.5,0,0,0,0,0,0,0,0,0,0,0,0,0,0,0,0,0,0,0,0,0,0,0,0,0,0,0,0,0,0,0,0,0,0,0,0,0,0,0,0,0,0,0,0,0,0,0,0,0,0,0,0,0,0,0,0,0,0,0,0,0,0,0,0,0,0,0,0,0,0,0,0,0,0,0,797.7,857.7,72.51818182,77.97272727,115,55,5,5
25,CT,B,N,3,30.1,163,0,1,0,10,90,-98,1.5,0,0,0,30,2106,85,30,115.4,115.3,118.3,122.6,125.5,127.9,127,128,129.3,127.8,126.8,126.8,127,127.1,126.2,126.2,126.4,126.4,126.6,126.6,126.6,126.5,126.5,126.3,126.5,126.3,125.4,125.5,125.1,125,0,0,0,0,0,0,0,0,0,0,0,0,0,0,0,0,0,0,0,0,0,0,0,0,0,0,0,0,0,0,0,0,0,0,0,0,0,0,0,0,0,0,0,0,0,0,0,0,0,0,0,0,0,0,0,0,0,0,0,0,55.4,49.1,47.6,42.2,37.2,34.8,32.4,32.8,34.2,32.8,32,32.1,32.4,32.6,32,32.3,32.6,33,33.6,33.8,34.4,34.6,35.2,35.3,36,36.2,35.9,36.4,36.6,37.1,0,0,0,0,0,0,0,0,0,0,0,0,0,0,0,0,0,0,0,0,0,0,0,0,0,0,0,0,0,0,0,0,0,0,0,0,0,0,0,0,0,0,0,0,0,0,0,0,0,0,0,0,0,0,0,0,0,0,0,0,CUE,O,,2021,1,7,4/15/2008,5.415282392,11.70731283,11.70731283,0,0,0,0,0,0,0,0,0,0,127.8,126.8,126.8,127,127.1,126.2,126.2,126.4,126.4,126.6,126.6,126.6,126.5,126.5,126.3,126.5,126.3,125.4,125.5,125.1,125,0,0,0,0,0,0,0,0,0,0,0,0,0,0,0,0,0,0,0,0,0,0,0,0,0,0,0,0,0,0,0,0,0,0,0,0,0,0,0,0,0,0,0,0,0,0,0,0,0,0,0,0,0,0,0,0,0,0,0,0,0,0,0,0,0,0,0,0,0,32.8,32,32.1,32.4,32.6,32,32.3,32.6,33,33.6,33.8,34.4,34.6,35.2,35.3,36,36.2,35.9,36.4,36.6,37.1,0,0,0,0,0,0,0,0,0,0,0,0,0,0,0,0,0,0,0,0,0,0,0,0,0,0,0,0,0,0,0,0,0,0,0,0,0,0,0,0,0,0,0,0,0,0,0,0,0,0,0,0,0,0,0,0,0,0,0,0,2653.6,716.9,126.3619048,34.13809524,115,55,10,10
26,CT,B,E,4,21.4,330,32,17,14,51,35,-94,1.5,1,0,0,30,2106,85,21,113.5,119.1,126.9,119.9,109.7,100.8,88.8,77.6,76.9,78.8,76.8,71.6,66.2,61,56.1,52.5,48.2,43,35.1,21.3,12.8,0,0,0,0,0,0,0,0,0,0,0,0,0,0,0,0,0,0,0,0,0,0,0,0,0,0,0,0,0,0,0,0,0,0,0,0,0,0,0,0,0,0,0,0,0,0,0,0,0,0,0,0,0,0,0,0,0,0,0,0,0,0,0,0,0,0,0,0,0,53.5,54.8,51.8,39.6,24.8,12.2,15.2,42.2,56.5,84.8,99.6,104.1,106.2,106.8,106.5,106.7,105.9,103.9,101.8,98.3,97.5,0,0,0,0,0,0,0,0,0,0,0,0,0,0,0,0,0,0,0,0,0,0,0,0,0,0,0,0,0,0,0,0,0,0,0,0,0,0,0,0,0,0,0,0,0,0,0,0,0,0,0,0,0,0,0,0,0,0,0,0,0,0,0,0,0,0,0,0,0,CUE,O,,2021,2,7,4/15/2008,15.42056075,11.70731283,11.70731283,0,0,0,0,0,0,0,0,0,0,78.8,76.8,71.6,66.2,61,56.1,52.5,48.2,43,35.1,21.3,12.8,0,0,0,0,0,0,0,0,0,0,0,0,0,0,0,0,0,0,0,0,0,0,0,0,0,0,0,0,0,0,0,0,0,0,0,0,0,0,0,0,0,0,0,0,0,0,0,0,0,0,0,0,0,0,0,0,0,0,0,0,0,0,0,0,0,0,0,0,0,0,0,0,0,0,0,0,0,0,84.8,99.6,104.1,106.2,106.8,106.5,106.7,105.9,103.9,101.8,98.3,97.5,0,0,0,0,0,0,0,0,0,0,0,0,0,0,0,0,0,0,0,0,0,0,0,0,0,0,0,0,0,0,0,0,0,0,0,0,0,0,0,0,0,0,0,0,0,0,0,0,0,0,0,0,0,0,0,0,0,0,0,0,0,0,0,0,0,0,0,0,0,623.4,1222.1,51.95,101.8416667,115,55,10,10
27,CT,B,S,4,30.1,400,67,2,29,50,21,-67,1.5,1,0,0,30,2106,85,30,110.7,102.6,95.8,95.9,94.6,92.2,92.9,98,106,109.1,113.5,125.3,128.2,128.5,128.4,125.1,121.8,120.3,116.3,108.8,102.2,94.8,87.3,82.9,79.6,76.4,74.7,72.7,70.8,78.4,0,0,0,0,0,0,0,0,0,0,0,0,0,0,0,0,0,0,0,0,0,0,0,0,0,0,0,0,0,0,0,0,0,0,0,0,0,0,0,0,0,0,0,0,0,0,0,0,0,0,0,0,0,0,0,0,0,0,0,0,42.4,52.3,44,36.6,24.6,12.1,5,13,28.2,35.6,44.2,54.8,55.1,54,50.8,43.3,35.5,31.4,30.6,36.6,46.4,53.8,54.6,51.3,48.5,43.1,35.7,33.7,32.1,18.8,0,0,0,0,0,0,0,0,0,0,0,0,0,0,0,0,0,0,0,0,0,0,0,0,0,0,0,0,0,0,0,0,0,0,0,0,0,0,0,0,0,0,0,0,0,0,0,0,0,0,0,0,0,0,0,0,0,0,0,0,CUE,O,,2021,3,7,4/15/2008,13.28903654,11.70731283,11.70731283,0,0,0,0,0,0,0,0,0,0,109.1,113.5,125.3,128.2,128.5,128.4,125.1,121.8,120.3,116.3,108.8,102.2,94.8,87.3,82.9,79.6,76.4,74.7,72.7,70.8,78.4,0,0,0,0,0,0,0,0,0,0,0,0,0,0,0,0,0,0,0,0,0,0,0,0,0,0,0,0,0,0,0,0,0,0,0,0,0,0,0,0,0,0,0,0,0,0,0,0,0,0,0,0,0,0,0,0,0,0,0,0,0,0,0,0,0,0,0,0,0,35.6,44.2,54.8,55.1,54,50.8,43.3,35.5,31.4,30.6,36.6,46.4,53.8,54.6,51.3,48.5,43.1,35.7,33.7,32.1,18.8,0,0,0,0,0,0,0,0,0,0,0,0,0,0,0,0,0,0,0,0,0,0,0,0,0,0,0,0,0,0,0,0,0,0,0,0,0,0,0,0,0,0,0,0,0,0,0,0,0,0,0,0,0,0,0,0,0,0,0,0,2145.1,889.9,102.147619,42.37619048,115,55,10,10
28,CT,B,E,3,30.1,368,26,3,48,33,19,-80,1.5,0,0,0,30,2106,85,30,113.8,115.8,119.7,105.1,85.8,75.4,68.3,70.3,77,86.8,97.1,106.9,107.9,116.6,125.2,127.5,126.8,121.9,115.8,107.6,83.2,77.1,82.2,87.6,90.5,87.4,92.5,98.4,104.7,110.5,0,0,0,0,0,0,0,0,0,0,0,0,0,0,0,0,0,0,0,0,0,0,0,0,0,0,0,0,0,0,0,0,0,0,0,0,0,0,0,0,0,0,0,0,0,0,0,0,0,0,0,0,0,0,0,0,0,0,0,0,50.1,51.4,63.1,62.7,54.6,48.2,40.8,30.5,19.7,8.6,3.9,11.7,14.2,21.7,30.2,34.6,38.2,39,39.5,41.2,34.7,28.9,23.5,20.8,20.9,17.8,16.7,19.9,25.8,36,0,0,0,0,0,0,0,0,0,0,0,0,0,0,0,0,0,0,0,0,0,0,0,0,0,0,0,0,0,0,0,0,0,0,0,0,0,0,0,0,0,0,0,0,0,0,0,0,0,0,0,0,0,0,0,0,0,0,0,0,CUE,O,,2021,4,7,4/15/2008,12.22591362,11.70731283,11.70731283,0,0,0,0,0,0,0,0,0,0,86.8,97.1,106.9,107.9,116.6,125.2,127.5,126.8,121.9,115.8,107.6,83.2,77.1,82.2,87.6,90.5,87.4,92.5,98.4,104.7,110.5,0,0,0,0,0,0,0,0,0,0,0,0,0,0,0,0,0,0,0,0,0,0,0,0,0,0,0,0,0,0,0,0,0,0,0,0,0,0,0,0,0,0,0,0,0,0,0,0,0,0,0,0,0,0,0,0,0,0,0,0,0,0,0,0,0,0,0,0,0,8.6,3.9,11.7,14.2,21.7,30.2,34.6,38.2,39,39.5,41.2,34.7,28.9,23.5,20.8,20.9,17.8,16.7,19.9,25.8,36,0,0,0,0,0,0,0,0,0,0,0,0,0,0,0,0,0,0,0,0,0,0,0,0,0,0,0,0,0,0,0,0,0,0,0,0,0,0,0,0,0,0,0,0,0,0,0,0,0,0,0,0,0,0,0,0,0,0,0,0,2154.2,527.8,102.5809524,25.13333333,115,55,10,10
29,CT,B,W,2,30.1,254,0,100,13,54,33,-80,1.5,0,0,0,30,2106,85,30,119.9,117.5,115.8,112.4,108.4,110.5,111.4,107.4,98,87.2,75.8,87.9,97.2,103.7,111,118.4,122.9,122.7,122.8,122.6,122.1,122,121.3,120.8,119.7,118.5,117.8,116.8,116.3,115.7,0,0,0,0,0,0,0,0,0,0,0,0,0,0,0,0,0,0,0,0,0,0,0,0,0,0,0,0,0,0,0,0,0,0,0,0,0,0,0,0,0,0,0,0,0,0,0,0,0,0,0,0,0,0,0,0,0,0,0,0,52.1,43.5,34.6,26.4,19.5,21.3,22.7,20.9,18.2,17.8,18.4,12.5,13.5,16.8,22.1,29.1,34.3,36.4,38.5,38.8,38.7,38.5,37.6,37,36.4,35.4,35.1,34.7,34.3,33.9,0,0,0,0,0,0,0,0,0,0,0,0,0,0,0,0,0,0,0,0,0,0,0,0,0,0,0,0,0,0,0,0,0,0,0,0,0,0,0,0,0,0,0,0,0,0,0,0,0,0,0,0,0,0,0,0,0,0,0,0,CUE,O,,2021,5,7,4/15/2008,8.438538206,11.70731283,11.70731283,0,0,0,0,0,0,0,0,0,0,87.2,75.8,87.9,97.2,103.7,111,118.4,122.9,122.7,122.8,122.6,122.1,122,121.3,120.8,119.7,118.5,117.8,116.8,116.3,115.7,0,0,0,0,0,0,0,0,0,0,0,0,0,0,0,0,0,0,0,0,0,0,0,0,0,0,0,0,0,0,0,0,0,0,0,0,0,0,0,0,0,0,0,0,0,0,0,0,0,0,0,0,0,0,0,0,0,0,0,0,0,0,0,0,0,0,0,0,0,17.8,18.4,12.5,13.5,16.8,22.1,29.1,34.3,36.4,38.5,38.8,38.7,38.5,37.6,37,36.4,35.4,35.1,34.7,34.3,33.9,0,0,0,0,0,0,0,0,0,0,0,0,0,0,0,0,0,0,0,0,0,0,0,0,0,0,0,0,0,0,0,0,0,0,0,0,0,0,0,0,0,0,0,0,0,0,0,0,0,0,0,0,0,0,0,0,0,0,0,0,2363.2,639.8,112.5333333,30.46666667,115,55,10,10
30,CT,B,S,1,20.9,323,1,40,25,55,20,-98,1.5,0,1,0,30,2106,85,20,112.6,113.2,114.5,104.1,94.8,86,76.6,71.9,70,70.4,67.3,65.6,64.1,64.9,57.5,52.2,52,48.2,43.7,35.5,0,0,0,0,0,0,0,0,0,0,0,0,0,0,0,0,0,0,0,0,0,0,0,0,0,0,0,0,0,0,0,0,0,0,0,0,0,0,0,0,0,0,0,0,0,0,0,0,0,0,0,0,0,0,0,0,0,0,0,0,0,0,0,0,0,0,0,0,0,0,54,49.6,36.9,26.6,14.6,11,25.4,43.6,63,80.9,95.2,106.1,114.4,113.5,116.2,117.6,116.1,116.2,117.3,117.6,0,0,0,0,0,0,0,0,0,0,0,0,0,0,0,0,0,0,0,0,0,0,0,0,0,0,0,0,0,0,0,0,0,0,0,0,0,0,0,0,0,0,0,0,0,0,0,0,0,0,0,0,0,0,0,0,0,0,0,0,0,0,0,0,0,0,0,0,0,0,CUE,O,,2021,6,7,4/15/2008,15.45454545,11.70731283,11.70731283,0,0,0,0,0,0,0,0,0,0,70.4,67.3,65.6,64.1,64.9,57.5,52.2,52,48.2,43.7,35.5,0,0,0,0,0,0,0,0,0,0,0,0,0,0,0,0,0,0,0,0,0,0,0,0,0,0,0,0,0,0,0,0,0,0,0,0,0,0,0,0,0,0,0,0,0,0,0,0,0,0,0,0,0,0,0,0,0,0,0,0,0,0,0,0,0,0,0,0,0,0,0,0,0,0,0,0,0,0,0,80.9,95.2,106.1,114.4,113.5,116.2,117.6,116.1,116.2,117.3,117.6,0,0,0,0,0,0,0,0,0,0,0,0,0,0,0,0,0,0,0,0,0,0,0,0,0,0,0,0,0,0,0,0,0,0,0,0,0,0,0,0,0,0,0,0,0,0,0,0,0,0,0,0,0,0,0,0,0,0,0,0,0,0,0,0,0,0,0,0,0,0,621.4,1211.1,56.49090909,110.1,115,55,10,10
31,CT,B,N,3,4.6,128,6,1,68,31,1,-83,1.5,0,0,0,30,2106,90,4,112.5,99.5,78.2,46.6,0,0,0,0,0,0,0,0,0,0,0,0,0,0,0,0,0,0,0,0,0,0,0,0,0,0,0,0,0,0,0,0,0,0,0,0,0,0,0,0,0,0,0,0,0,0,0,0,0,0,0,0,0,0,0,0,0,0,0,0,0,0,0,0,0,0,0,0,0,0,0,0,0,0,0,0,0,0,0,0,0,0,0,0,0,0,41.2,16.2,17.8,49.2,0,0,0,0,0,0,0,0,0,0,0,0,0,0,0,0,0,0,0,0,0,0,0,0,0,0,0,0,0,0,0,0,0,0,0,0,0,0,0,0,0,0,0,0,0,0,0,0,0,0,0,0,0,0,0,0,0,0,0,0,0,0,0,0,0,0,0,0,0,0,0,0,0,0,0,0,0,0,0,0,0,0,0,0,0,0,CUE,O,,2021,1,7,4/15/2008,27.82608696,26.60438639,26.60438639,0,0,0,0,46.6,0,0,0,0,0,0,0,0,0,0,0,0,0,0,0,0,0,0,0,0,0,0,0,0,0,0,0,0,0,0,0,0,0,0,0,0,0,0,0,0,0,0,0,0,0,0,0,0,0,0,0,0,0,0,0,0,0,0,0,0,0,0,0,0,0,0,0,0,0,0,0,0,0,0,0,0,0,0,0,0,0,0,0,0,0,0,0,0,0,49.2,0,0,0,0,0,0,0,0,0,0,0,0,0,0,0,0,0,0,0,0,0,0,0,0,0,0,0,0,0,0,0,0,0,0,0,0,0,0,0,0,0,0,0,0,0,0,0,0,0,0,0,0,0,0,0,0,0,0,0,0,0,0,0,0,0,0,0,0,0,0,0,0,0,0,0,0,0,0,0,0,0,0,0,0,0,0,46.6,49.2,46.6,49.2,115,55,4,4
32,CT,B,E,4,22.9,647,46,9,71,20,9,-104,1.5,1,0,0,30,2106,90,22,121.6,111.4,86.6,60.2,37.2,43.5,53,81.1,98.5,100.4,82.9,62.1,46.9,48.5,56.6,81,98.3,115.7,116.7,93.9,67.7,39.2,0,0,0,0,0,0,0,0,0,0,0,0,0,0,0,0,0,0,0,0,0,0,0,0,0,0,0,0,0,0,0,0,0,0,0,0,0,0,0,0,0,0,0,0,0,0,0,0,0,0,0,0,0,0,0,0,0,0,0,0,0,0,0,0,0,0,0,0,52.8,26.6,12.7,36.2,53.1,55.3,56.1,46.1,28.5,17.3,35.6,43.7,44.8,43.3,41.5,30.2,17.8,27.7,29.2,23.4,42.6,65.9,0,0,0,0,0,0,0,0,0,0,0,0,0,0,0,0,0,0,0,0,0,0,0,0,0,0,0,0,0,0,0,0,0,0,0,0,0,0,0,0,0,0,0,0,0,0,0,0,0,0,0,0,0,0,0,0,0,0,0,0,0,0,0,0,0,0,0,0,CUE,O,,2021,2,7,4/15/2008,28.25327511,26.60438639,26.60438639,0,0,0,0,60.2,37.2,43.5,53,81.1,98.5,100.4,82.9,62.1,46.9,48.5,56.6,81,98.3,115.7,116.7,93.9,67.7,39.2,0,0,0,0,0,0,0,0,0,0,0,0,0,0,0,0,0,0,0,0,0,0,0,0,0,0,0,0,0,0,0,0,0,0,0,0,0,0,0,0,0,0,0,0,0,0,0,0,0,0,0,0,0,0,0,0,0,0,0,0,0,0,0,0,0,0,0,0,0,0,0,36.2,53.1,55.3,56.1,46.1,28.5,17.3,35.6,43.7,44.8,43.3,41.5,30.2,17.8,27.7,29.2,23.4,42.6,65.9,0,0,0,0,0,0,0,0,0,0,0,0,0,0,0,0,0,0,0,0,0,0,0,0,0,0,0,0,0,0,0,0,0,0,0,0,0,0,0,0,0,0,0,0,0,0,0,0,0,0,0,0,0,0,0,0,0,0,0,0,0,0,0,0,0,0,0,0,1383.4,738.3,72.81052632,38.85789474,115,55,4,4
33,CT,B,S,4,14.2,383,19,14,53,45,2,-8,1.5,0,0,0,30,2106,90,14,94.9,71.9,48.7,37.4,51.9,66.4,89.1,104.5,106.3,98.6,84,68.3,43.5,17.7,0,0,0,0,0,0,0,0,0,0,0,0,0,0,0,0,0,0,0,0,0,0,0,0,0,0,0,0,0,0,0,0,0,0,0,0,0,0,0,0,0,0,0,0,0,0,0,0,0,0,0,0,0,0,0,0,0,0,0,0,0,0,0,0,0,0,0,0,0,0,0,0,0,0,0,0,55.8,53.8,52.4,53.9,53.7,53.2,42.7,30,20.2,39.9,60.5,69.6,79.7,87.1,0,0,0,0,0,0,0,0,0,0,0,0,0,0,0,0,0,0,0,0,0,0,0,0,0,0,0,0,0,0,0,0,0,0,0,0,0,0,0,0,0,0,0,0,0,0,0,0,0,0,0,0,0,0,0,0,0,0,0,0,0,0,0,0,0,0,0,0,0,0,0,0,0,0,0,0,CUE,O,,2021,3,7,4/15/2008,26.97183099,26.60438639,26.60438639,0,0,0,0,37.4,51.9,66.4,89.1,104.5,106.3,98.6,84,68.3,43.5,17.7,0,0,0,0,0,0,0,0,0,0,0,0,0,0,0,0,0,0,0,0,0,0,0,0,0,0,0,0,0,0,0,0,0,0,0,0,0,0,0,0,0,0,0,0,0,0,0,0,0,0,0,0,0,0,0,0,0,0,0,0,0,0,0,0,0,0,0,0,0,0,0,0,0,0,0,0,0,0,0,53.9,53.7,53.2,42.7,30,20.2,39.9,60.5,69.6,79.7,87.1,0,0,0,0,0,0,0,0,0,0,0,0,0,0,0,0,0,0,0,0,0,0,0,0,0,0,0,0,0,0,0,0,0,0,0,0,0,0,0,0,0,0,0,0,0,0,0,0,0,0,0,0,0,0,0,0,0,0,0,0,0,0,0,0,0,0,0,0,0,0,0,0,0,0,0,0,767.7,590.5,69.79090909,53.68181818,115,55,4,4
34,CT,B,E,3,4.6,124,68,2,44,28,28,-56,1.5,1,0,0,30,2106,90,4,118,102.8,71.2,35.8,0,0,0,0,0,0,0,0,0,0,0,0,0,0,0,0,0,0,0,0,0,0,0,0,0,0,0,0,0,0,0,0,0,0,0,0,0,0,0,0,0,0,0,0,0,0,0,0,0,0,0,0,0,0,0,0,0,0,0,0,0,0,0,0,0,0,0,0,0,0,0,0,0,0,0,0,0,0,0,0,0,0,0,0,0,0,54.6,60.6,66.7,77.2,0,0,0,0,0,0,0,0,0,0,0,0,0,0,0,0,0,0,0,0,0,0,0,0,0,0,0,0,0,0,0,0,0,0,0,0,0,0,0,0,0,0,0,0,0,0,0,0,0,0,0,0,0,0,0,0,0,0,0,0,0,0,0,0,0,0,0,0,0,0,0,0,0,0,0,0,0,0,0,0,0,0,0,0,0,0,CUE,O,,2021,4,7,4/15/2008,26.95652174,26.60438639,26.60438639,0,0,0,0,35.8,0,0,0,0,0,0,0,0,0,0,0,0,0,0,0,0,0,0,0,0,0,0,0,0,0,0,0,0,0,0,0,0,0,0,0,0,0,0,0,0,0,0,0,0,0,0,0,0,0,0,0,0,0,0,0,0,0,0,0,0,0,0,0,0,0,0,0,0,0,0,0,0,0,0,0,0,0,0,0,0,0,0,0,0,0,0,0,0,0,77.2,0,0,0,0,0,0,0,0,0,0,0,0,0,0,0,0,0,0,0,0,0,0,0,0,0,0,0,0,0,0,0,0,0,0,0,0,0,0,0,0,0,0,0,0,0,0,0,0,0,0,0,0,0,0,0,0,0,0,0,0,0,0,0,0,0,0,0,0,0,0,0,0,0,0,0,0,0,0,0,0,0,0,0,0,0,0,35.8,77.2,35.8,77.2,115,55,4,4
35,CT,B,W,2,5.1,124,12,64,58,42,0,-29,1.5,0,0,0,30,2106,90,5,108.4,103.4,84.2,56.9,26.6,0,0,0,0,0,0,0,0,0,0,0,0,0,0,0,0,0,0,0,0,0,0,0,0,0,0,0,0,0,0,0,0,0,0,0,0,0,0,0,0,0,0,0,0,0,0,0,0,0,0,0,0,0,0,0,0,0,0,0,0,0,0,0,0,0,0,0,0,0,0,0,0,0,0,0,0,0,0,0,0,0,0,0,0,0,33,28.3,19.9,36.6,68.3,0,0,0,0,0,0,0,0,0,0,0,0,0,0,0,0,0,0,0,0,0,0,0,0,0,0,0,0,0,0,0,0,0,0,0,0,0,0,0,0,0,0,0,0,0,0,0,0,0,0,0,0,0,0,0,0,0,0,0,0,0,0,0,0,0,0,0,0,0,0,0,0,0,0,0,0,0,0,0,0,0,0,0,0,0,CUE,O,,2021,5,7,4/15/2008,24.31372549,26.60438639,26.60438639,0,0,0,0,56.9,26.6,0,0,0,0,0,0,0,0,0,0,0,0,0,0,0,0,0,0,0,0,0,0,0,0,0,0,0,0,0,0,0,0,0,0,0,0,0,0,0,0,0,0,0,0,0,0,0,0,0,0,0,0,0,0,0,0,0,0,0,0,0,0,0,0,0,0,0,0,0,0,0,0,0,0,0,0,0,0,0,0,0,0,0,0,0,0,0,0,36.6,68.3,0,0,0,0,0,0,0,0,0,0,0,0,0,0,0,0,0,0,0,0,0,0,0,0,0,0,0,0,0,0,0,0,0,0,0,0,0,0,0,0,0,0,0,0,0,0,0,0,0,0,0,0,0,0,0,0,0,0,0,0,0,0,0,0,0,0,0,0,0,0,0,0,0,0,0,0,0,0,0,0,0,0,0,0,0,83.5,104.9,41.75,52.45,115,55,4,4
36,CT,B,S,1,16.4,415,19,15,71,26,3,-62,1.5,1,0,0,30,2106,90,16,114.7,98.1,75.6,48.5,23.9,18.2,26.1,40,46,59.4,84.4,96,87.9,72.7,52.6,33.1,0,0,0,0,0,0,0,0,0,0,0,0,0,0,0,0,0,0,0,0,0,0,0,0,0,0,0,0,0,0,0,0,0,0,0,0,0,0,0,0,0,0,0,0,0,0,0,0,0,0,0,0,0,0,0,0,0,0,0,0,0,0,0,0,0,0,0,0,0,0,0,0,0,0,38,21.3,24.9,49.7,80.9,100.4,110.7,111.9,94.3,66.4,28.5,4.5,12.9,33.3,56.9,76.1,0,0,0,0,0,0,0,0,0,0,0,0,0,0,0,0,0,0,0,0,0,0,0,0,0,0,0,0,0,0,0,0,0,0,0,0,0,0,0,0,0,0,0,0,0,0,0,0,0,0,0,0,0,0,0,0,0,0,0,0,0,0,0,0,0,0,0,0,0,0,0,0,0,0,CUE,O,,2021,6,7,4/15/2008,25.30487805,26.60438639,26.60438639,0,0,0,0,48.5,23.9,18.2,26.1,40,46,59.4,84.4,96,87.9,72.7,52.6,33.1,0,0,0,0,0,0,0,0,0,0,0,0,0,0,0,0,0,0,0,0,0,0,0,0,0,0,0,0,0,0,0,0,0,0,0,0,0,0,0,0,0,0,0,0,0,0,0,0,0,0,0,0,0,0,0,0,0,0,0,0,0,0,0,0,0,0,0,0,0,0,0,0,0,0,0,0,0,49.7,80.9,100.4,110.7,111.9,94.3,66.4,28.5,4.5,12.9,33.3,56.9,76.1,0,0,0,0,0,0,0,0,0,0,0,0,0,0,0,0,0,0,0,0,0,0,0,0,0,0,0,0,0,0,0,0,0,0,0,0,0,0,0,0,0,0,0,0,0,0,0,0,0,0,0,0,0,0,0,0,0,0,0,0,0,0,0,0,0,0,0,0,0,0,0,0,0,0,688.8,826.5,52.98461538,63.57692308,115,55,4,4
37,CT,B,N,3,7,177,23,59,72,26,2,28,1.5,0,1,0,30,2106,92,6,103,87.9,59.8,42.5,50.6,40.6,0,0,0,0,0,0,0,0,0,0,0,0,0,0,0,0,0,0,0,0,0,0,0,0,0,0,0,0,0,0,0,0,0,0,0,0,0,0,0,0,0,0,0,0,0,0,0,0,0,0,0,0,0,0,0,0,0,0,0,0,0,0,0,0,0,0,0,0,0,0,0,0,0,0,0,0,0,0,0,0,0,0,0,0,64.2,65.9,62.9,57,48.1,62.9,0,0,0,0,0,0,0,0,0,0,0,0,0,0,0,0,0,0,0,0,0,0,0,0,0,0,0,0,0,0,0,0,0,0,0,0,0,0,0,0,0,0,0,0,0,0,0,0,0,0,0,0,0,0,0,0,0,0,0,0,0,0,0,0,0,0,0,0,0,0,0,0,0,0,0,0,0,0,0,0,0,0,0,0,CUE,O,,2021,1,7,4/15/2008,25.28571429,21.55991154,21.55991154,0,0,0,0,0,50.6,40.6,0,0,0,0,0,0,0,0,0,0,0,0,0,0,0,0,0,0,0,0,0,0,0,0,0,0,0,0,0,0,0,0,0,0,0,0,0,0,0,0,0,0,0,0,0,0,0,0,0,0,0,0,0,0,0,0,0,0,0,0,0,0,0,0,0,0,0,0,0,0,0,0,0,0,0,0,0,0,0,0,0,0,0,0,0,0,0,0,48.1,62.9,0,0,0,0,0,0,0,0,0,0,0,0,0,0,0,0,0,0,0,0,0,0,0,0,0,0,0,0,0,0,0,0,0,0,0,0,0,0,0,0,0,0,0,0,0,0,0,0,0,0,0,0,0,0,0,0,0,0,0,0,0,0,0,0,0,0,0,0,0,0,0,0,0,0,0,0,0,0,0,0,0,0,0,0,91.2,111,45.6,55.5,115,55,5,5
38,CT,B,E,4,30.1,701,47,7,50,29,21,8,1.5,0,0,0,30,2106,92,30,109.5,90.7,71.1,51.1,26.7,34.1,60.3,79.5,89.4,97.6,107.5,125,126,108.8,87.1,66.5,57.5,62.3,76.8,99,104,96.5,79.1,61.8,61,73.2,94.8,115.6,118.2,106.7,0,0,0,0,0,0,0,0,0,0,0,0,0,0,0,0,0,0,0,0,0,0,0,0,0,0,0,0,0,0,0,0,0,0,0,0,0,0,0,0,0,0,0,0,0,0,0,0,0,0,0,0,0,0,0,0,0,0,0,0,62.1,56.3,53.6,52.4,63.3,71.2,62.3,51.2,28.4,25.1,30.5,38.8,37.4,23.3,14.4,23.8,34.4,56.6,71.7,79.6,62.8,42.5,30.7,29.8,28.5,24.1,34.2,60.1,76.8,80.6,0,0,0,0,0,0,0,0,0,0,0,0,0,0,0,0,0,0,0,0,0,0,0,0,0,0,0,0,0,0,0,0,0,0,0,0,0,0,0,0,0,0,0,0,0,0,0,0,0,0,0,0,0,0,0,0,0,0,0,0,CUE,O,,2021,2,7,4/15/2008,23.28903654,21.55991154,21.55991154,0,0,0,0,0,26.7,34.1,60.3,79.5,89.4,97.6,107.5,125,126,108.8,87.1,66.5,57.5,62.3,76.8,99,104,96.5,79.1,61.8,61,73.2,94.8,115.6,118.2,106.7,0,0,0,0,0,0,0,0,0,0,0,0,0,0,0,0,0,0,0,0,0,0,0,0,0,0,0,0,0,0,0,0,0,0,0,0,0,0,0,0,0,0,0,0,0,0,0,0,0,0,0,0,0,0,0,0,0,0,0,0,0,0,0,0,63.3,71.2,62.3,51.2,28.4,25.1,30.5,38.8,37.4,23.3,14.4,23.8,34.4,56.6,71.7,79.6,62.8,42.5,30.7,29.8,28.5,24.1,34.2,60.1,76.8,80.6,0,0,0,0,0,0,0,0,0,0,0,0,0,0,0,0,0,0,0,0,0,0,0,0,0,0,0,0,0,0,0,0,0,0,0,0,0,0,0,0,0,0,0,0,0,0,0,0,0,0,0,0,0,0,0,0,0,0,0,0,2215,1182.1,85.19230769,45.46538462,115,55,5,5
39,CT,B,S,4,27.1,579,36,7,43,28,29,71,1.5,0,0,0,30,2106,92,27,114.9,108.6,93.7,74.9,53.6,40.8,46.8,62.6,78,82.4,81.6,70.6,65.5,66.7,84.9,96.6,104.4,109.7,118.1,124.1,129.5,123.8,111.7,94,73.4,51.2,29.4,0,0,0,0,0,0,0,0,0,0,0,0,0,0,0,0,0,0,0,0,0,0,0,0,0,0,0,0,0,0,0,0,0,0,0,0,0,0,0,0,0,0,0,0,0,0,0,0,0,0,0,0,0,0,0,0,0,0,0,0,0,0,0,39.8,25.3,12.8,20.9,42.6,61.6,73.3,82.9,74.9,57.7,36.7,39.3,51.7,58.3,78.1,82,68.5,61.5,45.1,39.8,40.4,37.8,35.9,38.9,50,63.5,74.7,0,0,0,0,0,0,0,0,0,0,0,0,0,0,0,0,0,0,0,0,0,0,0,0,0,0,0,0,0,0,0,0,0,0,0,0,0,0,0,0,0,0,0,0,0,0,0,0,0,0,0,0,0,0,0,0,0,0,0,0,0,0,0,CUE,O,,2021,3,7,4/15/2008,21.36531365,21.55991154,21.55991154,0,0,0,0,0,53.6,40.8,46.8,62.6,78,82.4,81.6,70.6,65.5,66.7,84.9,96.6,104.4,109.7,118.1,124.1,129.5,123.8,111.7,94,73.4,51.2,29.4,0,0,0,0,0,0,0,0,0,0,0,0,0,0,0,0,0,0,0,0,0,0,0,0,0,0,0,0,0,0,0,0,0,0,0,0,0,0,0,0,0,0,0,0,0,0,0,0,0,0,0,0,0,0,0,0,0,0,0,0,0,0,0,0,0,0,0,42.6,61.6,73.3,82.9,74.9,57.7,36.7,39.3,51.7,58.3,78.1,82,68.5,61.5,45.1,39.8,40.4,37.8,35.9,38.9,50,63.5,74.7,0,0,0,0,0,0,0,0,0,0,0,0,0,0,0,0,0,0,0,0,0,0,0,0,0,0,0,0,0,0,0,0,0,0,0,0,0,0,0,0,0,0,0,0,0,0,0,0,0,0,0,0,0,0,0,0,0,0,0,0,0,0,0,1899.4,1295.2,82.5826087,56.31304348,115,55,5,5
40,CT,B,E,3,10.9,231,0,34,60,23,17,92,1.5,0,1,0,30,2106,92,10,118.7,125.9,118,110.2,100.4,91.9,80.2,73.2,55.2,40.7,0,0,0,0,0,0,0,0,0,0,0,0,0,0,0,0,0,0,0,0,0,0,0,0,0,0,0,0,0,0,0,0,0,0,0,0,0,0,0,0,0,0,0,0,0,0,0,0,0,0,0,0,0,0,0,0,0,0,0,0,0,0,0,0,0,0,0,0,0,0,0,0,0,0,0,0,0,0,0,0,48.3,46.1,30.9,16.2,15.2,27.9,47.2,64.6,83.1,88.7,0,0,0,0,0,0,0,0,0,0,0,0,0,0,0,0,0,0,0,0,0,0,0,0,0,0,0,0,0,0,0,0,0,0,0,0,0,0,0,0,0,0,0,0,0,0,0,0,0,0,0,0,0,0,0,0,0,0,0,0,0,0,0,0,0,0,0,0,0,0,0,0,0,0,0,0,0,0,0,0,CUE,O,,2021,4,7,4/15/2008,21.19266055,21.55991154,21.55991154,0,0,0,0,0,100.4,91.9,80.2,73.2,55.2,40.7,0,0,0,0,0,0,0,0,0,0,0,0,0,0,0,0,0,0,0,0,0,0,0,0,0,0,0,0,0,0,0,0,0,0,0,0,0,0,0,0,0,0,0,0,0,0,0,0,0,0,0,0,0,0,0,0,0,0,0,0,0,0,0,0,0,0,0,0,0,0,0,0,0,0,0,0,0,0,0,0,0,0,0,0,15.2,27.9,47.2,64.6,83.1,88.7,0,0,0,0,0,0,0,0,0,0,0,0,0,0,0,0,0,0,0,0,0,0,0,0,0,0,0,0,0,0,0,0,0,0,0,0,0,0,0,0,0,0,0,0,0,0,0,0,0,0,0,0,0,0,0,0,0,0,0,0,0,0,0,0,0,0,0,0,0,0,0,0,0,0,0,0,0,0,0,0,441.6,326.7,73.6,54.45,115,55,5,5
41,CT,B,W,2,5.6,119,12,3,54,40,6,11,1.5,0,0,0,30,2106,92,5,107.9,97.6,81.9,56.4,31.6,0,0,0,0,0,0,0,0,0,0,0,0,0,0,0,0,0,0,0,0,0,0,0,0,0,0,0,0,0,0,0,0,0,0,0,0,0,0,0,0,0,0,0,0,0,0,0,0,0,0,0,0,0,0,0,0,0,0,0,0,0,0,0,0,0,0,0,0,0,0,0,0,0,0,0,0,0,0,0,0,0,0,0,0,0,49.6,47.7,46.7,51.8,66.6,0,0,0,0,0,0,0,0,0,0,0,0,0,0,0,0,0,0,0,0,0,0,0,0,0,0,0,0,0,0,0,0,0,0,0,0,0,0,0,0,0,0,0,0,0,0,0,0,0,0,0,0,0,0,0,0,0,0,0,0,0,0,0,0,0,0,0,0,0,0,0,0,0,0,0,0,0,0,0,0,0,0,0,0,0,CUE,O,,2021,5,7,4/15/2008,21.25,21.55991154,21.55991154,0,0,0,0,0,31.6,0,0,0,0,0,0,0,0,0,0,0,0,0,0,0,0,0,0,0,0,0,0,0,0,0,0,0,0,0,0,0,0,0,0,0,0,0,0,0,0,0,0,0,0,0,0,0,0,0,0,0,0,0,0,0,0,0,0,0,0,0,0,0,0,0,0,0,0,0,0,0,0,0,0,0,0,0,0,0,0,0,0,0,0,0,0,0,0,0,66.6,0,0,0,0,0,0,0,0,0,0,0,0,0,0,0,0,0,0,0,0,0,0,0,0,0,0,0,0,0,0,0,0,0,0,0,0,0,0,0,0,0,0,0,0,0,0,0,0,0,0,0,0,0,0,0,0,0,0,0,0,0,0,0,0,0,0,0,0,0,0,0,0,0,0,0,0,0,0,0,0,0,0,0,0,0,31.6,66.6,31.6,66.6,115,55,5,5
42,CT,B,S,1,30.1,511,37,12,38,38,24,23,1.5,0,0,0,30,2106,92,30,106.2,92.8,85,88,98.8,110.9,119.8,115.3,103.2,88.2,68.9,49.3,30.9,17.7,22.3,35.7,45.2,64.3,89.3,109,123.9,131,128.9,127.4,120.9,111.2,104.1,95.8,88.7,79.6,0,0,0,0,0,0,0,0,0,0,0,0,0,0,0,0,0,0,0,0,0,0,0,0,0,0,0,0,0,0,0,0,0,0,0,0,0,0,0,0,0,0,0,0,0,0,0,0,0,0,0,0,0,0,0,0,0,0,0,0,60.3,56.8,45,31.2,29.4,40.1,54,55.7,58.2,63.8,72.8,74.6,75.8,80.1,76.9,71.4,65.7,54.4,39.8,31.2,31.9,36,36.7,38.9,42.1,45.9,48.8,49.9,50.1,48.2,0,0,0,0,0,0,0,0,0,0,0,0,0,0,0,0,0,0,0,0,0,0,0,0,0,0,0,0,0,0,0,0,0,0,0,0,0,0,0,0,0,0,0,0,0,0,0,0,0,0,0,0,0,0,0,0,0,0,0,0,CUE,O,,2021,6,7,4/15/2008,16.97674419,21.55991154,21.55991154,0,0,0,0,0,98.8,110.9,119.8,115.3,103.2,88.2,68.9,49.3,30.9,17.7,22.3,35.7,45.2,64.3,89.3,109,123.9,131,128.9,127.4,120.9,111.2,104.1,95.8,88.7,79.6,0,0,0,0,0,0,0,0,0,0,0,0,0,0,0,0,0,0,0,0,0,0,0,0,0,0,0,0,0,0,0,0,0,0,0,0,0,0,0,0,0,0,0,0,0,0,0,0,0,0,0,0,0,0,0,0,0,0,0,0,0,0,0,0,29.4,40.1,54,55.7,58.2,63.8,72.8,74.6,75.8,80.1,76.9,71.4,65.7,54.4,39.8,31.2,31.9,36,36.7,38.9,42.1,45.9,48.8,49.9,50.1,48.2,0,0,0,0,0,0,0,0,0,0,0,0,0,0,0,0,0,0,0,0,0,0,0,0,0,0,0,0,0,0,0,0,0,0,0,0,0,0,0,0,0,0,0,0,0,0,0,0,0,0,0,0,0,0,0,0,0,0,0,0,2280.3,1372.4,87.70384615,52.78461538,115,55,5,5
49,CT,B,N,3,7.8,160,24,4,76,23,1,-71,1.5,0,0,0,30,2106,97,7,112.8,105.3,90.9,74.2,72.7,58.3,41.4,0,0,0,0,0,0,0,0,0,0,0,0,0,0,0,0,0,0,0,0,0,0,0,0,0,0,0,0,0,0,0,0,0,0,0,0,0,0,0,0,0,0,0,0,0,0,0,0,0,0,0,0,0,0,0,0,0,0,0,0,0,0,0,0,0,0,0,0,0,0,0,0,0,0,0,0,0,0,0,0,0,0,0,50.4,30,13,22.1,29.2,43.5,55.9,0,0,0,0,0,0,0,0,0,0,0,0,0,0,0,0,0,0,0,0,0,0,0,0,0,0,0,0,0,0,0,0,0,0,0,0,0,0,0,0,0,0,0,0,0,0,0,0,0,0,0,0,0,0,0,0,0,0,0,0,0,0,0,0,0,0,0,0,0,0,0,0,0,0,0,0,0,0,0,0,0,0,0,CUE,O,,2021,1,7,4/15/2008,20.51282051,20.8905493,20.8905493,0,0,0,0,0,0,58.3,41.4,0,0,0,0,0,0,0,0,0,0,0,0,0,0,0,0,0,0,0,0,0,0,0,0,0,0,0,0,0,0,0,0,0,0,0,0,0,0,0,0,0,0,0,0,0,0,0,0,0,0,0,0,0,0,0,0,0,0,0,0,0,0,0,0,0,0,0,0,0,0,0,0,0,0,0,0,0,0,0,0,0,0,0,0,0,0,0,0,43.5,55.9,0,0,0,0,0,0,0,0,0,0,0,0,0,0,0,0,0,0,0,0,0,0,0,0,0,0,0,0,0,0,0,0,0,0,0,0,0,0,0,0,0,0,0,0,0,0,0,0,0,0,0,0,0,0,0,0,0,0,0,0,0,0,0,0,0,0,0,0,0,0,0,0,0,0,0,0,0,0,0,0,0,0,0,99.7,99.4,49.85,49.7,115,55,6,6
50,CT,B,E,4,11.9,294,55,17,76,18,6,-51,1.5,2,1,0,30,2106,97,11,119.5,104.4,80.8,70.7,77.6,93.6,97.2,86.1,70.9,49.4,28,0,0,0,0,0,0,0,0,0,0,0,0,0,0,0,0,0,0,0,0,0,0,0,0,0,0,0,0,0,0,0,0,0,0,0,0,0,0,0,0,0,0,0,0,0,0,0,0,0,0,0,0,0,0,0,0,0,0,0,0,0,0,0,0,0,0,0,0,0,0,0,0,0,0,0,0,0,0,0,52.3,23.9,18.6,36,38.3,21.6,9.3,12.6,33.4,50,66.3,0,0,0,0,0,0,0,0,0,0,0,0,0,0,0,0,0,0,0,0,0,0,0,0,0,0,0,0,0,0,0,0,0,0,0,0,0,0,0,0,0,0,0,0,0,0,0,0,0,0,0,0,0,0,0,0,0,0,0,0,0,0,0,0,0,0,0,0,0,0,0,0,0,0,0,0,0,0,0,CUE,O,,2021,2,7,4/15/2008,24.70588235,20.8905493,20.8905493,0,0,0,0,0,0,93.6,97.2,86.1,70.9,49.4,28,0,0,0,0,0,0,0,0,0,0,0,0,0,0,0,0,0,0,0,0,0,0,0,0,0,0,0,0,0,0,0,0,0,0,0,0,0,0,0,0,0,0,0,0,0,0,0,0,0,0,0,0,0,0,0,0,0,0,0,0,0,0,0,0,0,0,0,0,0,0,0,0,0,0,0,0,0,0,0,0,0,0,0,0,21.6,9.3,12.6,33.4,50,66.3,0,0,0,0,0,0,0,0,0,0,0,0,0,0,0,0,0,0,0,0,0,0,0,0,0,0,0,0,0,0,0,0,0,0,0,0,0,0,0,0,0,0,0,0,0,0,0,0,0,0,0,0,0,0,0,0,0,0,0,0,0,0,0,0,0,0,0,0,0,0,0,0,0,0,0,0,0,0,0,425.2,193.2,70.86666667,32.2,115,55,6,6
51,CT,B,S,4,4.8,100,0,20,48,51,1,-33,1.5,0,0,0,30,2106,97,4,94.4,76.2,57.9,33.3,0,0,0,0,0,0,0,0,0,0,0,0,0,0,0,0,0,0,0,0,0,0,0,0,0,0,0,0,0,0,0,0,0,0,0,0,0,0,0,0,0,0,0,0,0,0,0,0,0,0,0,0,0,0,0,0,0,0,0,0,0,0,0,0,0,0,0,0,0,0,0,0,0,0,0,0,0,0,0,0,0,0,0,0,0,0,59.3,66.4,70.3,77.4,0,0,0,0,0,0,0,0,0,0,0,0,0,0,0,0,0,0,0,0,0,0,0,0,0,0,0,0,0,0,0,0,0,0,0,0,0,0,0,0,0,0,0,0,0,0,0,0,0,0,0,0,0,0,0,0,0,0,0,0,0,0,0,0,0,0,0,0,0,0,0,0,0,0,0,0,0,0,0,0,0,0,0,0,0,0,CUE,O,,2021,3,7,4/15/2008,20.83333333,20.8905493,20.8905493,0,0,0,0,0,0,0,0,0,0,0,0,0,0,0,0,0,0,0,0,0,0,0,0,0,0,0,0,0,0,0,0,0,0,0,0,0,0,0,0,0,0,0,0,0,0,0,0,0,0,0,0,0,0,0,0,0,0,0,0,0,0,0,0,0,0,0,0,0,0,0,0,0,0,0,0,0,0,0,0,0,0,0,0,0,0,0,0,0,0,0,0,0,0,0,0,0,0,0,0,0,0,0,0,0,0,0,0,0,0,0,0,0,0,0,0,0,0,0,0,0,0,0,0,0,0,0,0,0,0,0,0,0,0,0,0,0,0,0,0,0,0,0,0,0,0,0,0,0,0,0,0,0,0,0,0,0,0,0,0,0,0,0,0,0,0,0,0,0,0,0,0,0,0,0,0,0,0,0,0,0,0,0,0,0,115,55,6,5
52,CT,B,E,3,13,291,54,11,41,51,8,-38,1.5,1,0,0,30,2106,97,12,116.8,100.5,79.2,72.8,87.2,98.6,101,100.4,94.1,85.6,72,49.7,0,0,0,0,0,0,0,0,0,0,0,0,0,0,0,0,0,0,0,0,0,0,0,0,0,0,0,0,0,0,0,0,0,0,0,0,0,0,0,0,0,0,0,0,0,0,0,0,0,0,0,0,0,0,0,0,0,0,0,0,0,0,0,0,0,0,0,0,0,0,0,0,0,0,0,0,0,0,54.7,59.2,67.6,81.9,75.7,65,49.2,28.7,7.6,12.6,31.5,55.7,0,0,0,0,0,0,0,0,0,0,0,0,0,0,0,0,0,0,0,0,0,0,0,0,0,0,0,0,0,0,0,0,0,0,0,0,0,0,0,0,0,0,0,0,0,0,0,0,0,0,0,0,0,0,0,0,0,0,0,0,0,0,0,0,0,0,0,0,0,0,0,0,0,0,0,0,0,0,CUE,O,,2021,4,7,4/15/2008,22.38461538,20.8905493,20.8905493,0,0,0,0,0,0,98.6,101,100.4,94.1,85.6,72,49.7,0,0,0,0,0,0,0,0,0,0,0,0,0,0,0,0,0,0,0,0,0,0,0,0,0,0,0,0,0,0,0,0,0,0,0,0,0,0,0,0,0,0,0,0,0,0,0,0,0,0,0,0,0,0,0,0,0,0,0,0,0,0,0,0,0,0,0,0,0,0,0,0,0,0,0,0,0,0,0,0,0,0,0,65,49.2,28.7,7.6,12.6,31.5,55.7,0,0,0,0,0,0,0,0,0,0,0,0,0,0,0,0,0,0,0,0,0,0,0,0,0,0,0,0,0,0,0,0,0,0,0,0,0,0,0,0,0,0,0,0,0,0,0,0,0,0,0,0,0,0,0,0,0,0,0,0,0,0,0,0,0,0,0,0,0,0,0,0,0,0,0,0,0,0,601.4,250.3,85.91428571,35.75714286,115,55,6,6
53,CT,B,W,2,5.8,104,19,3,56,24,20,34,1.5,0,0,0,30,2106,97,5,105.5,93.6,69.8,51.4,30.6,0,0,0,0,0,0,0,0,0,0,0,0,0,0,0,0,0,0,0,0,0,0,0,0,0,0,0,0,0,0,0,0,0,0,0,0,0,0,0,0,0,0,0,0,0,0,0,0,0,0,0,0,0,0,0,0,0,0,0,0,0,0,0,0,0,0,0,0,0,0,0,0,0,0,0,0,0,0,0,0,0,0,0,0,0,61.4,64.2,64.7,67.6,74.6,0,0,0,0,0,0,0,0,0,0,0,0,0,0,0,0,0,0,0,0,0,0,0,0,0,0,0,0,0,0,0,0,0,0,0,0,0,0,0,0,0,0,0,0,0,0,0,0,0,0,0,0,0,0,0,0,0,0,0,0,0,0,0,0,0,0,0,0,0,0,0,0,0,0,0,0,0,0,0,0,0,0,0,0,0,CUE,O,,2021,5,7,4/15/2008,17.93103448,20.8905493,20.8905493,0,0,0,0,0,0,0,0,0,0,0,0,0,0,0,0,0,0,0,0,0,0,0,0,0,0,0,0,0,0,0,0,0,0,0,0,0,0,0,0,0,0,0,0,0,0,0,0,0,0,0,0,0,0,0,0,0,0,0,0,0,0,0,0,0,0,0,0,0,0,0,0,0,0,0,0,0,0,0,0,0,0,0,0,0,0,0,0,0,0,0,0,0,0,0,0,0,0,0,0,0,0,0,0,0,0,0,0,0,0,0,0,0,0,0,0,0,0,0,0,0,0,0,0,0,0,0,0,0,0,0,0,0,0,0,0,0,0,0,0,0,0,0,0,0,0,0,0,0,0,0,0,0,0,0,0,0,0,0,0,0,0,0,0,0,0,0,0,0,0,0,0,0,0,0,0,0,0,0,0,0,0,0,0,0,115,55,6,6
54,CT,B,S,1,20.5,389,11,50,48,51,1,-63,1.5,0,1,0,30,2106,97,20,110.5,105.5,102,97.6,89,77.4,62.2,49.5,48.4,58.7,61.9,62.8,61.4,54.9,41.6,36.8,42.1,43.4,32.3,18.7,0,0,0,0,0,0,0,0,0,0,0,0,0,0,0,0,0,0,0,0,0,0,0,0,0,0,0,0,0,0,0,0,0,0,0,0,0,0,0,0,0,0,0,0,0,0,0,0,0,0,0,0,0,0,0,0,0,0,0,0,0,0,0,0,0,0,0,0,0,0,38.5,20.7,8.6,18.4,37.9,55.2,73.2,87.7,103,110.5,110,100.8,88.7,72,60.3,61.4,80.5,102,102.6,99.4,0,0,0,0,0,0,0,0,0,0,0,0,0,0,0,0,0,0,0,0,0,0,0,0,0,0,0,0,0,0,0,0,0,0,0,0,0,0,0,0,0,0,0,0,0,0,0,0,0,0,0,0,0,0,0,0,0,0,0,0,0,0,0,0,0,0,0,0,0,0,CUE,O,,2021,6,7,4/15/2008,18.97560976,20.8905493,20.8905493,0,0,0,0,0,0,77.4,62.2,49.5,48.4,58.7,61.9,62.8,61.4,54.9,41.6,36.8,42.1,43.4,32.3,18.7,0,0,0,0,0,0,0,0,0,0,0,0,0,0,0,0,0,0,0,0,0,0,0,0,0,0,0,0,0,0,0,0,0,0,0,0,0,0,0,0,0,0,0,0,0,0,0,0,0,0,0,0,0,0,0,0,0,0,0,0,0,0,0,0,0,0,0,0,0,0,0,0,0,0,0,55.2,73.2,87.7,103,110.5,110,100.8,88.7,72,60.3,61.4,80.5,102,102.6,99.4,0,0,0,0,0,0,0,0,0,0,0,0,0,0,0,0,0,0,0,0,0,0,0,0,0,0,0,0,0,0,0,0,0,0,0,0,0,0,0,0,0,0,0,0,0,0,0,0,0,0,0,0,0,0,0,0,0,0,0,0,0,0,0,0,0,0,0,0,0,0,752.1,1307.3,50.14,87.15333333,115,55,6,6
55,CT,B,N,3,8.3,157,0,30,68,31,1,-75,1.5,0,0,0,30,2106,99,8,112.8,112.8,101.6,87.1,70.6,69.5,61.4,39.4,0,0,0,0,0,0,0,0,0,0,0,0,0,0,0,0,0,0,0,0,0,0,0,0,0,0,0,0,0,0,0,0,0,0,0,0,0,0,0,0,0,0,0,0,0,0,0,0,0,0,0,0,0,0,0,0,0,0,0,0,0,0,0,0,0,0,0,0,0,0,0,0,0,0,0,0,0,0,0,0,0,0,52,42.6,28,19.1,38.3,35.8,41.5,61.8,0,0,0,0,0,0,0,0,0,0,0,0,0,0,0,0,0,0,0,0,0,0,0,0,0,0,0,0,0,0,0,0,0,0,0,0,0,0,0,0,0,0,0,0,0,0,0,0,0,0,0,0,0,0,0,0,0,0,0,0,0,0,0,0,0,0,0,0,0,0,0,0,0,0,0,0,0,0,0,0,0,0,CUE,O,,2021,1,7,4/15/2008,18.91566265,21.48041218,21.48041218,0,0,0,0,0,70.6,69.5,61.4,39.4,0,0,0,0,0,0,0,0,0,0,0,0,0,0,0,0,0,0,0,0,0,0,0,0,0,0,0,0,0,0,0,0,0,0,0,0,0,0,0,0,0,0,0,0,0,0,0,0,0,0,0,0,0,0,0,0,0,0,0,0,0,0,0,0,0,0,0,0,0,0,0,0,0,0,0,0,0,0,0,0,0,0,0,0,0,0,38.3,35.8,41.5,61.8,0,0,0,0,0,0,0,0,0,0,0,0,0,0,0,0,0,0,0,0,0,0,0,0,0,0,0,0,0,0,0,0,0,0,0,0,0,0,0,0,0,0,0,0,0,0,0,0,0,0,0,0,0,0,0,0,0,0,0,0,0,0,0,0,0,0,0,0,0,0,0,0,0,0,0,0,0,0,0,0,0,0,240.9,177.4,60.225,44.35,115,55,5,5
56,CT,B,E,4,6.5,135,34,27,78,7,15,-78,1.5,0,1,0,30,2106,99,6,118.6,96.6,71.7,57.8,44.1,21.6,0,0,0,0,0,0,0,0,0,0,0,0,0,0,0,0,0,0,0,0,0,0,0,0,0,0,0,0,0,0,0,0,0,0,0,0,0,0,0,0,0,0,0,0,0,0,0,0,0,0,0,0,0,0,0,0,0,0,0,0,0,0,0,0,0,0,0,0,0,0,0,0,0,0,0,0,0,0,0,0,0,0,0,0,57.6,30.3,32.6,46.3,55.4,72.9,0,0,0,0,0,0,0,0,0,0,0,0,0,0,0,0,0,0,0,0,0,0,0,0,0,0,0,0,0,0,0,0,0,0,0,0,0,0,0,0,0,0,0,0,0,0,0,0,0,0,0,0,0,0,0,0,0,0,0,0,0,0,0,0,0,0,0,0,0,0,0,0,0,0,0,0,0,0,0,0,0,0,0,0,CUE,O,,2021,2,7,4/15/2008,20.76923077,21.48041218,21.48041218,0,0,0,0,0,44.1,21.6,0,0,0,0,0,0,0,0,0,0,0,0,0,0,0,0,0,0,0,0,0,0,0,0,0,0,0,0,0,0,0,0,0,0,0,0,0,0,0,0,0,0,0,0,0,0,0,0,0,0,0,0,0,0,0,0,0,0,0,0,0,0,0,0,0,0,0,0,0,0,0,0,0,0,0,0,0,0,0,0,0,0,0,0,0,0,0,0,55.4,72.9,0,0,0,0,0,0,0,0,0,0,0,0,0,0,0,0,0,0,0,0,0,0,0,0,0,0,0,0,0,0,0,0,0,0,0,0,0,0,0,0,0,0,0,0,0,0,0,0,0,0,0,0,0,0,0,0,0,0,0,0,0,0,0,0,0,0,0,0,0,0,0,0,0,0,0,0,0,0,0,0,0,0,0,0,65.7,128.3,32.85,64.15,115,55,5,5
57,CT,B,S,4,13.8,263,37,13,65,29,6,-41,1.5,1,0,0,30,2106,99,13,108.3,97.9,100,99,88.5,82.9,82,87.7,89.5,89.4,77.4,57.7,37.3,0,0,0,0,0,0,0,0,0,0,0,0,0,0,0,0,0,0,0,0,0,0,0,0,0,0,0,0,0,0,0,0,0,0,0,0,0,0,0,0,0,0,0,0,0,0,0,0,0,0,0,0,0,0,0,0,0,0,0,0,0,0,0,0,0,0,0,0,0,0,0,0,0,0,0,0,0,53.8,48.9,48.9,52.9,39.8,22.9,10.5,8.8,22.9,41.8,53.1,65.4,79.2,0,0,0,0,0,0,0,0,0,0,0,0,0,0,0,0,0,0,0,0,0,0,0,0,0,0,0,0,0,0,0,0,0,0,0,0,0,0,0,0,0,0,0,0,0,0,0,0,0,0,0,0,0,0,0,0,0,0,0,0,0,0,0,0,0,0,0,0,0,0,0,0,0,0,0,0,0,CUE,O,,2021,3,7,4/15/2008,19.05797101,21.48041218,21.48041218,0,0,0,0,0,88.5,82.9,82,87.7,89.5,89.4,77.4,57.7,37.3,0,0,0,0,0,0,0,0,0,0,0,0,0,0,0,0,0,0,0,0,0,0,0,0,0,0,0,0,0,0,0,0,0,0,0,0,0,0,0,0,0,0,0,0,0,0,0,0,0,0,0,0,0,0,0,0,0,0,0,0,0,0,0,0,0,0,0,0,0,0,0,0,0,0,0,0,0,0,0,0,0,39.8,22.9,10.5,8.8,22.9,41.8,53.1,65.4,79.2,0,0,0,0,0,0,0,0,0,0,0,0,0,0,0,0,0,0,0,0,0,0,0,0,0,0,0,0,0,0,0,0,0,0,0,0,0,0,0,0,0,0,0,0,0,0,0,0,0,0,0,0,0,0,0,0,0,0,0,0,0,0,0,0,0,0,0,0,0,0,0,0,0,0,0,0,0,692.4,344.4,76.93333333,38.26666667,115,55,5,5
58,CT,B,E,3,6.2,158,60,5,62,13,25,-66,1.5,0,0,0,30,2106,99,6,118.2,113.4,85.6,63.7,40.8,25.9,0,0,0,0,0,0,0,0,0,0,0,0,0,0,0,0,0,0,0,0,0,0,0,0,0,0,0,0,0,0,0,0,0,0,0,0,0,0,0,0,0,0,0,0,0,0,0,0,0,0,0,0,0,0,0,0,0,0,0,0,0,0,0,0,0,0,0,0,0,0,0,0,0,0,0,0,0,0,0,0,0,0,0,0,49.5,57.2,51.8,52.3,58.6,69.9,0,0,0,0,0,0,0,0,0,0,0,0,0,0,0,0,0,0,0,0,0,0,0,0,0,0,0,0,0,0,0,0,0,0,0,0,0,0,0,0,0,0,0,0,0,0,0,0,0,0,0,0,0,0,0,0,0,0,0,0,0,0,0,0,0,0,0,0,0,0,0,0,0,0,0,0,0,0,0,0,0,0,0,0,CUE,O,,2021,4,7,4/15/2008,25.48387097,21.48041218,21.48041218,0,0,0,0,0,40.8,25.9,0,0,0,0,0,0,0,0,0,0,0,0,0,0,0,0,0,0,0,0,0,0,0,0,0,0,0,0,0,0,0,0,0,0,0,0,0,0,0,0,0,0,0,0,0,0,0,0,0,0,0,0,0,0,0,0,0,0,0,0,0,0,0,0,0,0,0,0,0,0,0,0,0,0,0,0,0,0,0,0,0,0,0,0,0,0,0,0,58.6,69.9,0,0,0,0,0,0,0,0,0,0,0,0,0,0,0,0,0,0,0,0,0,0,0,0,0,0,0,0,0,0,0,0,0,0,0,0,0,0,0,0,0,0,0,0,0,0,0,0,0,0,0,0,0,0,0,0,0,0,0,0,0,0,0,0,0,0,0,0,0,0,0,0,0,0,0,0,0,0,0,0,0,0,0,0,66.7,128.5,33.35,64.25,115,55,5,5
59,CT,B,W,2,5,120,12,37,57,40,3,-9,1.5,0,0,0,30,2106,99,4,109.2,102.2,78.8,55.2,0,0,0,0,0,0,0,0,0,0,0,0,0,0,0,0,0,0,0,0,0,0,0,0,0,0,0,0,0,0,0,0,0,0,0,0,0,0,0,0,0,0,0,0,0,0,0,0,0,0,0,0,0,0,0,0,0,0,0,0,0,0,0,0,0,0,0,0,0,0,0,0,0,0,0,0,0,0,0,0,0,0,0,0,0,0,42,38,37.2,55.1,0,0,0,0,0,0,0,0,0,0,0,0,0,0,0,0,0,0,0,0,0,0,0,0,0,0,0,0,0,0,0,0,0,0,0,0,0,0,0,0,0,0,0,0,0,0,0,0,0,0,0,0,0,0,0,0,0,0,0,0,0,0,0,0,0,0,0,0,0,0,0,0,0,0,0,0,0,0,0,0,0,0,0,0,0,0,CUE,O,,2021,5,7,4/15/2008,24,21.48041218,21.48041218,0,0,0,0,0,0,0,0,0,0,0,0,0,0,0,0,0,0,0,0,0,0,0,0,0,0,0,0,0,0,0,0,0,0,0,0,0,0,0,0,0,0,0,0,0,0,0,0,0,0,0,0,0,0,0,0,0,0,0,0,0,0,0,0,0,0,0,0,0,0,0,0,0,0,0,0,0,0,0,0,0,0,0,0,0,0,0,0,0,0,0,0,0,0,0,0,0,0,0,0,0,0,0,0,0,0,0,0,0,0,0,0,0,0,0,0,0,0,0,0,0,0,0,0,0,0,0,0,0,0,0,0,0,0,0,0,0,0,0,0,0,0,0,0,0,0,0,0,0,0,0,0,0,0,0,0,0,0,0,0,0,0,0,0,0,0,0,0,0,0,0,0,0,0,0,0,0,0,0,0,0,0,0,0,0,115,55,5,5
60,CT,B,S,1,6.1,126,0,7,73,21,6,-53,1.5,0,0,0,30,2106,99,6,114.6,99.6,77.8,54.1,30.9,15.5,0,0,0,0,0,0,0,0,0,0,0,0,0,0,0,0,0,0,0,0,0,0,0,0,0,0,0,0,0,0,0,0,0,0,0,0,0,0,0,0,0,0,0,0,0,0,0,0,0,0,0,0,0,0,0,0,0,0,0,0,0,0,0,0,0,0,0,0,0,0,0,0,0,0,0,0,0,0,0,0,0,0,0,0,39.4,20.8,19.6,41.9,66.2,80.8,0,0,0,0,0,0,0,0,0,0,0,0,0,0,0,0,0,0,0,0,0,0,0,0,0,0,0,0,0,0,0,0,0,0,0,0,0,0,0,0,0,0,0,0,0,0,0,0,0,0,0,0,0,0,0,0,0,0,0,0,0,0,0,0,0,0,0,0,0,0,0,0,0,0,0,0,0,0,0,0,0,0,0,0,CUE,O,,2021,6,7,4/15/2008,20.6557377,21.48041218,21.48041218,0,0,0,0,0,30.9,15.5,0,0,0,0,0,0,0,0,0,0,0,0,0,0,0,0,0,0,0,0,0,0,0,0,0,0,0,0,0,0,0,0,0,0,0,0,0,0,0,0,0,0,0,0,0,0,0,0,0,0,0,0,0,0,0,0,0,0,0,0,0,0,0,0,0,0,0,0,0,0,0,0,0,0,0,0,0,0,0,0,0,0,0,0,0,0,0,0,66.2,80.8,0,0,0,0,0,0,0,0,0,0,0,0,0,0,0,0,0,0,0,0,0,0,0,0,0,0,0,0,0,0,0,0,0,0,0,0,0,0,0,0,0,0,0,0,0,0,0,0,0,0,0,0,0,0,0,0,0,0,0,0,0,0,0,0,0,0,0,0,0,0,0,0,0,0,0,0,0,0,0,0,0,0,0,0,46.4,147,23.2,73.5,115,55,5,5
4,1,A,S,2,90.1,1787,44,13,6,18,76,17,1.5,0,0,0,90,2106,8,90,53.7,52.1,52.8,51.7,54.1,51.9,53.8,52.1,49.7,40.1,38.7,30.2,36.5,64,104.7,120,119.3,118.7,115.7,115.4,114.2,113.7,112.8,118.8,115.7,100.2,74.2,46.7,42.8,46.6,33.3,23.5,19.1,58.7,102.6,124.8,123.8,125.8,122.6,119.7,114.6,106.3,96.8,84.5,71.6,58.6,50,44,46.7,47.7,56.7,78.9,100.4,104.3,107.6,114.5,119.1,116.5,109.5,95.5,72.9,64.3,72.1,69.5,59.4,50,45.7,43.5,39.6,35.7,30.2,41.5,72.7,97.2,99.5,97.2,94.6,85.7,74.1,60,51.8,47.8,45.4,45.9,46.7,44.4,49.2,58,60.6,66.2,116.8,115.6,111.9,112.4,113.3,112.2,114.2,111.4,112,111.5,111.7,104.3,78,55.2,54.8,61.1,60.1,60.4,60.7,60.4,53.3,36.4,26,49.8,63,63.9,65.5,87.5,118.7,131.7,122.3,111.9,81.8,43.5,37.3,49.6,48.4,49.6,50.8,58.4,70.9,83.1,93.7,103.7,114.9,123.2,127.7,131.3,134.7,127.1,113.5,103.7,100.8,93.7,85.6,72.8,62.9,67.8,67.4,67.3,79.2,108.7,128.9,129.2,130.9,135.3,134.6,130.6,125.7,120.8,108.4,86.5,81.7,93.3,90.9,92,93.9,99.4,112.5,122.6,127.4,131.9,132.3,132.5,131.9,126.7,124.9,124.2,120.9,118.4,FS,Y,,2021,1,0,3/27/2008,19.83351831,21.87125416,21.87125416,21.87125416,0,0,52.8,51.7,54.1,51.9,53.8,52.1,49.7,40.1,38.7,30.2,36.5,64,104.7,120,119.3,118.7,115.7,115.4,114.2,113.7,112.8,118.8,115.7,100.2,74.2,46.7,42.8,46.6,33.3,23.5,19.1,58.7,102.6,124.8,123.8,125.8,122.6,119.7,114.6,106.3,96.8,84.5,71.6,58.6,50,44,46.7,47.7,56.7,78.9,100.4,104.3,107.6,114.5,119.1,116.5,109.5,95.5,72.9,64.3,72.1,69.5,59.4,50,45.7,43.5,39.6,35.7,30.2,41.5,72.7,97.2,99.5,97.2,94.6,85.7,74.1,60,51.8,47.8,45.4,45.9,46.7,44.4,49.2,58,60.6,66.2,0,0,111.9,112.4,113.3,112.2,114.2,111.4,112,111.5,111.7,104.3,78,55.2,54.8,61.1,60.1,60.4,60.7,60.4,53.3,36.4,26,49.8,63,63.9,65.5,87.5,118.7,131.7,122.3,111.9,81.8,43.5,37.3,49.6,48.4,49.6,50.8,58.4,70.9,83.1,93.7,103.7,114.9,123.2,127.7,131.3,134.7,127.1,113.5,103.7,100.8,93.7,85.6,72.8,62.9,67.8,67.4,67.3,79.2,108.7,128.9,129.2,130.9,135.3,134.6,130.6,125.7,120.8,108.4,86.5,81.7,93.3,90.9,92,93.9,99.4,112.5,122.6,127.4,131.9,132.3,132.5,131.9,126.7,124.9,124.2,120.9,118.4,6554.2,8377,74.47954545,95.19318182,55,115,3,3
28,1,A,S,2,90.1,2363,34,15,9,24,67,-123,1.5,1,1,0,90,2106,41,90,52.6,54.8,54,54.5,61.9,66.6,78,104.9,102,94.4,81.9,78.8,69.9,43.4,45.2,56.2,65.2,59.8,69,101.7,120.5,120.1,112.2,112.6,118.3,110.6,94,81.9,77.3,68.4,67.8,70.7,79.5,80.5,61.6,26.8,23.2,50.4,52.3,46.1,32.8,21.9,52.4,58.7,64.4,87.5,92.4,95.2,117.5,121,107.8,95.8,102.1,108.7,100.7,89.1,75.7,55.2,49.1,45.5,45.3,43.9,49,60.3,75.2,93.6,93.9,94.3,105,102.6,93.9,76.8,47.4,37.9,45.4,36.6,13.7,25.8,67.5,109.2,124.5,121.8,105,77.9,38.4,28.5,58.3,64.3,51.2,53.5,117.5,116.6,113.8,113.2,111.9,102.4,87.8,85.2,86.7,93.4,104.9,104.4,101.4,112.7,133.2,135.1,131.3,114.3,85.2,64.3,55.3,41.8,25.4,42.3,64.3,65.5,73.9,102.1,107.4,109.7,115,109.9,102.7,98.3,83.1,70.5,98.7,132.3,131.9,120,110.3,106.8,120.4,122.8,112,102,87,60.2,53.7,53.8,33.4,16.2,59.7,85.8,93.5,103.5,107,113.9,131.5,134.5,133.6,131.3,128.2,120.6,111.2,100.2,95.2,89.1,82.6,74.3,65.7,68.1,86.3,121.9,133.6,125.7,99.9,64.7,26.5,37.1,53.4,51.4,41.8,36.8,53.5,89.6,125.2,127.7,98,59.7,FS,Y,,2021,1,0,3/27/2008,26.22641509,24.79750535,24.79750535,24.79750535,0,54.8,54,54.5,61.9,66.6,78,104.9,102,94.4,81.9,78.8,69.9,43.4,45.2,56.2,65.2,59.8,69,101.7,120.5,120.1,112.2,112.6,118.3,110.6,94,81.9,77.3,68.4,67.8,70.7,79.5,80.5,61.6,26.8,23.2,50.4,52.3,46.1,32.8,21.9,52.4,58.7,64.4,87.5,92.4,95.2,117.5,121,107.8,95.8,102.1,108.7,100.7,89.1,75.7,55.2,49.1,45.5,45.3,43.9,49,60.3,75.2,93.6,93.9,94.3,105,102.6,93.9,76.8,47.4,37.9,45.4,36.6,13.7,25.8,67.5,109.2,124.5,121.8,105,77.9,38.4,28.5,58.3,64.3,51.2,53.5,0,116.6,113.8,113.2,111.9,102.4,87.8,85.2,86.7,93.4,104.9,104.4,101.4,112.7,133.2,135.1,131.3,114.3,85.2,64.3,55.3,41.8,25.4,42.3,64.3,65.5,73.9,102.1,107.4,109.7,115,109.9,102.7,98.3,83.1,70.5,98.7,132.3,131.9,120,110.3,106.8,120.4,122.8,112,102,87,60.2,53.7,53.8,33.4,16.2,59.7,85.8,93.5,103.5,107,113.9,131.5,134.5,133.6,131.3,128.2,120.6,111.2,100.2,95.2,89.1,82.6,74.3,65.7,68.1,86.3,121.9,133.6,125.7,99.9,64.7,26.5,37.1,53.4,51.4,41.8,36.8,53.5,89.6,125.2,127.7,98,59.7,6531.2,8188.8,73.38426966,92.00898876,55,115,2,2
22,1,B,S,2,90.1,2049,14,28,14,25,61,-106,1.5,0,3,0,90,2106,93,90,50,49.2,53,57.7,56.8,47.6,62.4,88.1,109.4,103.7,91.6,90.3,108.8,114.3,113.9,103,79.7,76.7,70.8,55.2,45.6,47,57,69.2,82.4,97.8,111.9,119.2,116.9,117.1,117.4,125.6,127.5,125.1,120.8,116.2,108.3,101.6,91.9,88,89.5,76.9,74.1,78.8,75.6,86.9,110.4,114.2,121.3,123,121.4,111.2,87.4,71.5,85.4,92.5,83.6,82.1,97.7,96.1,88.1,79.5,73.9,59.2,65.5,104,125.9,125.5,126.8,119.8,102.7,81.2,77.7,93.5,109.2,108.3,94.9,95.5,102,94.2,85.7,76.5,64.3,53.1,46.6,47.4,57.2,68.2,72.7,84.1,112.3,112.2,111.4,113.8,99.5,87,67.7,71.2,77.7,69.7,38.9,15.2,59.2,72.8,72.3,69.4,81.1,113.7,122.7,130.4,133.4,130,123,114.4,105.4,94.8,81.4,69.3,65.2,64,58.3,48.1,41.1,42.9,45.9,46.3,49.4,58,66.3,98.4,109.8,95.3,77.1,54.5,24.8,36.6,69.6,73.7,61.7,51.6,44.9,29.5,10.4,47.7,95.1,109.8,107.2,97.1,103.8,100.3,91,72.4,52.9,41.3,26.1,23.5,38.7,37.9,38.4,30.8,13.5,10.2,26.5,41.3,45,37.5,39.2,64.6,86.9,94.6,101.9,106.7,112.4,124.4,131.7,135.5,135.6,132.2,130.2,121.8,FS,Y,,2021,1,0,3/28/2008,22.74139845,25.06040704,25.06040704,25.06040704,0,49.2,53,57.7,56.8,47.6,62.4,88.1,109.4,103.7,91.6,90.3,108.8,114.3,113.9,103,79.7,76.7,70.8,55.2,45.6,47,57,69.2,82.4,97.8,111.9,119.2,116.9,117.1,117.4,125.6,127.5,125.1,120.8,116.2,108.3,101.6,91.9,88,89.5,76.9,74.1,78.8,75.6,86.9,110.4,114.2,121.3,123,121.4,111.2,87.4,71.5,85.4,92.5,83.6,82.1,97.7,96.1,88.1,79.5,73.9,59.2,65.5,104,125.9,125.5,126.8,119.8,102.7,81.2,77.7,93.5,109.2,108.3,94.9,95.5,102,94.2,85.7,76.5,64.3,53.1,46.6,47.4,57.2,68.2,72.7,84.1,0,112.2,111.4,113.8,99.5,87,67.7,71.2,77.7,69.7,38.9,15.2,59.2,72.8,72.3,69.4,81.1,113.7,122.7,130.4,133.4,130,123,114.4,105.4,94.8,81.4,69.3,65.2,64,58.3,48.1,41.1,42.9,45.9,46.3,49.4,58,66.3,98.4,109.8,95.3,77.1,54.5,24.8,36.6,69.6,73.7,61.7,51.6,44.9,29.5,10.4,47.7,95.1,109.8,107.2,97.1,103.8,100.3,91,72.4,52.9,41.3,26.1,23.5,38.7,37.9,38.4,30.8,13.5,10.2,26.5,41.3,45,37.5,39.2,64.6,86.9,94.6,101.9,106.7,112.4,124.4,131.7,135.5,135.6,132.2,130.2,121.8,7981.5,6666.7,89.67977528,74.90674157,55,115,2,2
4,1,A,S,2,90.1,1787,44,13,6,18,76,17,1.5,0,0,0,90,2106,8,90,53.7,52.1,52.8,51.7,54.1,51.9,53.8,52.1,49.7,40.1,38.7,30.2,36.5,64,104.7,120,119.3,118.7,115.7,115.4,114.2,113.7,112.8,118.8,115.7,100.2,74.2,46.7,42.8,46.6,33.3,23.5,19.1,58.7,102.6,124.8,123.8,125.8,122.6,119.7,114.6,106.3,96.8,84.5,71.6,58.6,50,44,46.7,47.7,56.7,78.9,100.4,104.3,107.6,114.5,119.1,116.5,109.5,95.5,72.9,64.3,72.1,69.5,59.4,50,45.7,43.5,39.6,35.7,30.2,41.5,72.7,97.2,99.5,97.2,94.6,85.7,74.1,60,51.8,47.8,45.4,45.9,46.7,44.4,49.2,58,60.6,66.2,116.8,115.6,111.9,112.4,113.3,112.2,114.2,111.4,112,111.5,111.7,104.3,78,55.2,54.8,61.1,60.1,60.4,60.7,60.4,53.3,36.4,26,49.8,63,63.9,65.5,87.5,118.7,131.7,122.3,111.9,81.8,43.5,37.3,49.6,48.4,49.6,50.8,58.4,70.9,83.1,93.7,103.7,114.9,123.2,127.7,131.3,134.7,127.1,113.5,103.7,100.8,93.7,85.6,72.8,62.9,67.8,67.4,67.3,79.2,108.7,128.9,129.2,130.9,135.3,134.6,130.6,125.7,120.8,108.4,86.5,81.7,93.3,90.9,92,93.9,99.4,112.5,122.6,127.4,131.9,132.3,132.5,131.9,126.7,124.9,124.2,120.9,118.4,TT,Y,,2021,1,1,3/27/2008,19.83351831,22.63429704,21.87125416,26.4495114,0,0,52.8,51.7,54.1,51.9,53.8,52.1,49.7,40.1,38.7,30.2,36.5,64,104.7,120,119.3,118.7,115.7,115.4,114.2,113.7,112.8,118.8,115.7,100.2,74.2,46.7,42.8,46.6,33.3,23.5,19.1,58.7,102.6,124.8,123.8,125.8,122.6,119.7,114.6,106.3,96.8,84.5,71.6,58.6,50,44,46.7,47.7,56.7,78.9,100.4,104.3,107.6,114.5,119.1,116.5,109.5,95.5,72.9,64.3,72.1,69.5,59.4,50,45.7,43.5,39.6,35.7,30.2,41.5,72.7,97.2,99.5,97.2,94.6,85.7,74.1,60,51.8,47.8,45.4,45.9,46.7,44.4,49.2,58,60.6,66.2,0,0,111.9,112.4,113.3,112.2,114.2,111.4,112,111.5,111.7,104.3,78,55.2,54.8,61.1,60.1,60.4,60.7,60.4,53.3,36.4,26,49.8,63,63.9,65.5,87.5,118.7,131.7,122.3,111.9,81.8,43.5,37.3,49.6,48.4,49.6,50.8,58.4,70.9,83.1,93.7,103.7,114.9,123.2,127.7,131.3,134.7,127.1,113.5,103.7,100.8,93.7,85.6,72.8,62.9,67.8,67.4,67.3,79.2,108.7,128.9,129.2,130.9,135.3,134.6,130.6,125.7,120.8,108.4,86.5,81.7,93.3,90.9,92,93.9,99.4,112.5,122.6,127.4,131.9,132.3,132.5,131.9,126.7,124.9,124.2,120.9,118.4,6554.2,8377,74.47954545,95.19318182,55,115,3,3
5,1,A,E,2,90.1,1560,45,3,12,10,78,51,1.5,0,0,0,90,2106,8,90,66.8,68.2,69.5,69.2,62.3,48.1,30.8,33,56.6,80.1,83.2,86.2,83.7,72.9,60.2,49.6,44.8,44.6,51.8,51.6,55.9,74.7,88.6,88.2,86.6,83.1,71.6,56.9,48.7,44.2,51,55.2,58.3,64,75.3,88.5,100,111.4,119,119.4,117.9,116.6,111.4,93.3,59.1,47.6,58.4,73.5,72.9,65.9,55.5,49.4,45.7,40.4,51.8,53.8,45.6,49.5,51.4,52.4,51.3,51.3,53.8,53.6,50.6,50.5,47.9,46.6,45.6,45.4,44,38.5,40,48.4,52.3,49.5,46.7,45.7,46.3,48.5,51,50.2,51.3,55.7,65.3,82.2,95.8,108.1,115.4,122.6,126.2,122.7,124.2,122.2,113.1,99.1,76.5,61.4,78.3,102.3,106.6,103.2,103.9,109.3,121,129.2,132.4,132.5,133.9,127.3,118,112.4,111.9,104.8,95,78.6,50.6,35.1,61.2,91.8,122.1,126.5,122.1,118.7,113.3,104,91.7,79.3,67.2,64.1,66.1,68.4,62.8,53.5,53.8,69.2,78.4,93.7,108.3,114.9,111,109.3,100.3,58.1,58.9,76.7,103.1,125.5,128,127.3,124.7,124.1,126.3,126.7,127.4,129.4,130,130.6,132,133.2,132.4,127.5,125.6,129.9,133.6,133.4,134.1,134.9,134,132.4,130.6,127.7,127.2,125.1,118.8,109.1,97.8,85.4,72,58.5,TT,Y,,2021,2,1,3/27/2008,17.31409545,22.63429704,21.87125416,26.4495114,0,0,69.5,69.2,62.3,48.1,30.8,33,56.6,80.1,83.2,86.2,83.7,72.9,60.2,49.6,44.8,44.6,51.8,51.6,55.9,74.7,88.6,88.2,86.6,83.1,71.6,56.9,48.7,44.2,51,55.2,58.3,64,75.3,88.5,100,111.4,119,119.4,117.9,116.6,111.4,93.3,59.1,47.6,58.4,73.5,72.9,65.9,55.5,49.4,45.7,40.4,51.8,53.8,45.6,49.5,51.4,52.4,51.3,51.3,53.8,53.6,50.6,50.5,47.9,46.6,45.6,45.4,44,38.5,40,48.4,52.3,49.5,46.7,45.7,46.3,48.5,51,50.2,51.3,55.7,65.3,82.2,95.8,108.1,115.4,122.6,0,0,124.2,122.2,113.1,99.1,76.5,61.4,78.3,102.3,106.6,103.2,103.9,109.3,121,129.2,132.4,132.5,133.9,127.3,118,112.4,111.9,104.8,95,78.6,50.6,35.1,61.2,91.8,122.1,126.5,122.1,118.7,113.3,104,91.7,79.3,67.2,64.1,66.1,68.4,62.8,53.5,53.8,69.2,78.4,93.7,108.3,114.9,111,109.3,100.3,58.1,58.9,76.7,103.1,125.5,128,127.3,124.7,124.1,126.3,126.7,127.4,129.4,130,130.6,132,133.2,132.4,127.5,125.6,129.9,133.6,133.4,134.1,134.9,134,132.4,130.6,127.7,127.2,125.1,118.8,109.1,97.8,85.4,72,58.5,5685,9266.5,64.60227273,105.3011364,55,115,3,3
6,1,A,N,2,90.1,2001,24,25,9,12,79,1,1.5,0,2,0,90,2106,8,90,116,112.6,103.7,87.2,61.5,39.9,45.1,53.8,55,54.8,61.6,68.6,75.1,81.8,93.5,111.7,119.5,114.3,100.4,94.3,94.6,85.1,70.2,54.2,45.7,47.2,59.7,71.3,80.5,91.2,97.8,110.3,119.3,115.8,111.6,108,100.3,90.8,79.3,65.7,59.1,55.8,52.5,45.3,44,55.6,74.1,91.8,104.3,114.7,122,126.2,125.8,122.5,117.3,109.3,98.9,85.5,69.9,57.1,47.5,46.1,48.3,53.7,58.9,62.4,70.1,83.7,97.8,103.5,104.6,104.7,100.7,93.6,85.5,71,54.5,53.4,56.6,78.6,107.6,124.5,126.4,126.2,125.7,121.2,116.7,114.2,105,87.6,56.9,51.7,46.6,47.7,58.8,88,118.9,133.4,130.9,123.3,110.9,87.5,58.3,23.2,16.5,47.3,60.2,63.8,73.5,88.9,93.9,95.7,107.3,125,132.3,133.9,133.8,129.5,119.7,104.3,82.4,62.8,63,68,75,82.6,91.8,108.3,121.5,129.1,132.7,133.8,133.3,132.1,130.6,123.2,111.5,98.3,83.5,68.2,54.3,42.1,38.3,47.3,63.6,79.5,97.4,113.4,125.8,133.5,134.2,134.6,130.4,125.5,122.6,118.8,115.6,106.9,97,88.3,87,86.4,89.2,91.1,91.6,87.3,76.5,67.4,48.9,16.5,23.4,42.7,45.4,45.5,46.3,48,51.1,53.5,59.6,67.5,TT,Y,,2021,3,1,3/27/2008,22.20865705,22.63429704,21.87125416,26.4495114,0,0,0,0,61.5,39.9,45.1,53.8,55,54.8,61.6,68.6,75.1,81.8,93.5,111.7,119.5,114.3,100.4,94.3,94.6,85.1,70.2,54.2,45.7,47.2,59.7,71.3,80.5,91.2,97.8,110.3,119.3,115.8,111.6,108,100.3,90.8,79.3,65.7,59.1,55.8,52.5,45.3,44,55.6,74.1,91.8,104.3,114.7,122,126.2,125.8,122.5,117.3,109.3,98.9,85.5,69.9,57.1,47.5,46.1,48.3,53.7,58.9,62.4,70.1,83.7,97.8,103.5,104.6,104.7,100.7,93.6,85.5,71,54.5,53.4,56.6,78.6,107.6,124.5,126.4,126.2,125.7,121.2,116.7,114.2,105,87.6,0,0,0,0,58.8,88,118.9,133.4,130.9,123.3,110.9,87.5,58.3,23.2,16.5,47.3,60.2,63.8,73.5,88.9,93.9,95.7,107.3,125,132.3,133.9,133.8,129.5,119.7,104.3,82.4,62.8,63,68,75,82.6,91.8,108.3,121.5,129.1,132.7,133.8,133.3,132.1,130.6,123.2,111.5,98.3,83.5,68.2,54.3,42.1,38.3,47.3,63.6,79.5,97.4,113.4,125.8,133.5,134.2,134.6,130.4,125.5,122.6,118.8,115.6,106.9,97,88.3,87,86.4,89.2,91.1,91.6,87.3,76.5,67.4,48.9,16.5,23.4,42.7,45.4,45.5,46.3,48,51.1,53.5,59.6,67.5,7291.5,7684.5,84.78488372,89.35465116,115,55,5,5
4,2,A,N,2,90.1,2249,9,31,12,13,75,27,1.5,0,0,0,90,2106,8,90,113.5,109.6,103.4,94,85,75.8,73,72.3,60.9,48.1,53.2,69.8,90.3,99.4,109.1,117.9,123.2,126.8,126.9,125.6,121.5,116.8,110.7,102.6,94.1,83.7,72.6,66.8,50.6,43.7,45.8,52,68.3,85,101.7,108.6,118.1,123.4,126.9,126,121,116.4,108.1,98.3,86.6,81.5,84,85.4,93.2,98.9,94.9,92.9,90.3,78.7,57.5,44.1,47.5,64,77,93.5,101.5,105.1,114.7,121.2,118.9,119.9,117.2,108.8,98.8,86.7,74.9,61.6,50,45.7,50.5,62.4,64.6,70.9,94.7,118.5,122.8,126.8,126.8,125.4,126.6,126.1,119,112.9,107.8,101.5,58.9,59.3,48,41.8,41.9,50.4,51.9,56.6,56.4,45.7,58.7,75.9,92.4,91.5,82.2,69.7,57.2,45.7,38.6,41.9,55.1,67.6,76.5,88.8,101.9,116,124.2,127.2,126.1,131.5,133.3,128,114.4,102.8,92.2,79.8,67.6,53.2,42.3,38.2,46,60.9,75.8,98.3,110.4,116,119.8,113.7,106.4,104.6,98.1,82,65.2,30.8,33.7,62.3,97.7,116.8,108.8,97.5,88.6,73.7,58.1,45.2,31.4,41.1,62.1,79,97.1,114,124.3,131.3,135,133.6,126.8,117.6,105.6,92.2,73,66.8,54,42.4,40.1,40.6,41.5,41.3,43.3,57.7,78.4,94.8,TT,Y,,2021,4,1,3/28/2008,24.96115427,22.63429704,21.87125416,26.4495114,0,0,0,0,85,75.8,73,72.3,60.9,48.1,53.2,69.8,90.3,99.4,109.1,117.9,123.2,126.8,126.9,125.6,121.5,116.8,110.7,102.6,94.1,83.7,72.6,66.8,50.6,43.7,45.8,52,68.3,85,101.7,108.6,118.1,123.4,126.9,126,121,116.4,108.1,98.3,86.6,81.5,84,85.4,93.2,98.9,94.9,92.9,90.3,78.7,57.5,44.1,47.5,64,77,93.5,101.5,105.1,114.7,121.2,118.9,119.9,117.2,108.8,98.8,86.7,74.9,61.6,50,45.7,50.5,62.4,64.6,70.9,94.7,118.5,122.8,126.8,126.8,125.4,126.6,126.1,119,112.9,107.8,101.5,0,0,0,0,41.9,50.4,51.9,56.6,56.4,45.7,58.7,75.9,92.4,91.5,82.2,69.7,57.2,45.7,38.6,41.9,55.1,67.6,76.5,88.8,101.9,116,124.2,127.2,126.1,131.5,133.3,128,114.4,102.8,92.2,79.8,67.6,53.2,42.3,38.2,46,60.9,75.8,98.3,110.4,116,119.8,113.7,106.4,104.6,98.1,82,65.2,30.8,33.7,62.3,97.7,116.8,108.8,97.5,88.6,73.7,58.1,45.2,31.4,41.1,62.1,79,97.1,114,124.3,131.3,135,133.6,126.8,117.6,105.6,92.2,73,66.8,54,42.4,40.1,40.6,41.5,41.3,43.3,57.7,78.4,94.8,7972.3,6898.8,92.70116279,80.21860465,115,55,5,5
5,2,A,W,2,90.1,2256,27,29,4,9,87,55,1.5,0,0,0,90,2106,8,90,115.8,109.3,93.7,73.2,53.6,51.2,50.6,44.2,45.1,39.5,25.3,20.2,38.6,65.6,87.6,100.7,114.7,124.4,126.8,123.7,119.4,112.5,103.6,95,84.7,73.8,62.7,53,48.7,44.4,44.9,50.1,60.2,74.5,90.1,100.2,110.4,118.4,124.2,126.7,127.2,124.3,122.3,117.4,112,101.9,91.9,82.3,70.5,59.6,50.2,46.4,50.3,61.1,76.6,90.5,103.6,113.6,121.5,126.9,127.4,125.9,124.3,122.7,119.9,110.7,103,93.2,81.6,67.9,54.6,46.7,45,53.9,67.2,86.5,105.6,112.5,116,123.1,127.2,126.2,119.9,119.6,115.3,112.6,104.6,96,88.7,78.5,60.9,67.6,72.7,81.6,101.6,123.2,128.4,130,134.3,128.5,110.4,85.7,52.9,26.9,25.6,38.1,40.9,39.2,38.7,43.5,60.4,75.4,89.7,102.7,115.1,125,132.1,133.5,131.4,129.7,133.3,130.5,122.3,113.3,103.6,92.4,80.9,67.9,54.5,43.2,39.9,41.7,46.9,61.5,72.5,86.6,107,117.6,129.2,132.2,133.3,134.8,129.9,122,113.2,102.7,91,76.9,61.8,47.7,39.6,41.3,42.3,46.3,52.5,64,85.7,105.5,119.8,130.7,134,134.7,131.9,125.3,112.2,97.2,85.6,73.9,58.5,44.3,39.6,38.8,42.1,58.5,67.2,73.5,77.8,99.7,112.2,120.2,TT,Y,,2021,5,1,3/28/2008,25.03884573,22.63429704,21.87125416,26.4495114,0,0,0,0,53.6,51.2,50.6,44.2,45.1,39.5,25.3,20.2,38.6,65.6,87.6,100.7,114.7,124.4,126.8,123.7,119.4,112.5,103.6,95,84.7,73.8,62.7,53,48.7,44.4,44.9,50.1,60.2,74.5,90.1,100.2,110.4,118.4,124.2,126.7,127.2,124.3,122.3,117.4,112,101.9,91.9,82.3,70.5,59.6,50.2,46.4,50.3,61.1,76.6,90.5,103.6,113.6,121.5,126.9,127.4,125.9,124.3,122.7,119.9,110.7,103,93.2,81.6,67.9,54.6,46.7,45,53.9,67.2,86.5,105.6,112.5,116,123.1,127.2,126.2,119.9,119.6,115.3,112.6,104.6,96,88.7,78.5,0,0,0,0,101.6,123.2,128.4,130,134.3,128.5,110.4,85.7,52.9,26.9,25.6,38.1,40.9,39.2,38.7,43.5,60.4,75.4,89.7,102.7,115.1,125,132.1,133.5,131.4,129.7,133.3,130.5,122.3,113.3,103.6,92.4,80.9,67.9,54.5,43.2,39.9,41.7,46.9,61.5,72.5,86.6,107,117.6,129.2,132.2,133.3,134.8,129.9,122,113.2,102.7,91,76.9,61.8,47.7,39.6,41.3,42.3,46.3,52.5,64,85.7,105.5,119.8,130.7,134,134.7,131.9,125.3,112.2,97.2,85.6,73.9,58.5,44.3,39.6,38.8,42.1,58.5,67.2,73.5,77.8,99.7,112.2,120.2,7635.7,7588.1,88.7872093,88.23372093,115,55,5,5
6,2,A,E,2,30.7,812,16,36,23,20,57,71,1.5,1,0,0,90,2106,8,30,64.1,67,62.3,56,53.9,65.6,86,108.7,117.2,118.6,119.8,118.2,118,112.8,98,71.4,51.2,26.5,11.2,34,57.6,67.8,83.2,98,109.4,118.5,124.2,126.4,126.6,122.8,0,0,0,0,0,0,0,0,0,0,0,0,0,0,0,0,0,0,0,0,0,0,0,0,0,0,0,0,0,0,0,0,0,0,0,0,0,0,0,0,0,0,0,0,0,0,0,0,0,0,0,0,0,0,0,0,0,0,0,0,127.1,126.2,110.3,86.9,55,27.1,40.5,64.6,68.4,54.7,38.9,31.5,42.5,50.7,56.2,66.1,80.2,82.3,87.5,108.5,121.4,115.4,106.2,94.6,80.7,66.8,52.8,41.9,39.4,44.9,0,0,0,0,0,0,0,0,0,0,0,0,0,0,0,0,0,0,0,0,0,0,0,0,0,0,0,0,0,0,0,0,0,0,0,0,0,0,0,0,0,0,0,0,0,0,0,0,0,0,0,0,0,0,0,0,0,0,0,0,FS,Y,,2021,6,1,3/28/2008,26.4495114,22.63429704,21.87125416,26.4495114,0,67,62.3,56,53.9,65.6,86,108.7,117.2,118.6,119.8,118.2,118,112.8,98,71.4,51.2,26.5,11.2,34,57.6,67.8,83.2,98,109.4,118.5,124.2,126.4,126.6,122.8,0,0,0,0,0,0,0,0,0,0,0,0,0,0,0,0,0,0,0,0,0,0,0,0,0,0,0,0,0,0,0,0,0,0,0,0,0,0,0,0,0,0,0,0,0,0,0,0,0,0,0,0,0,0,0,0,0,0,0,0,0,126.2,110.3,86.9,55,27.1,40.5,64.6,68.4,54.7,38.9,31.5,42.5,50.7,56.2,66.1,80.2,82.3,87.5,108.5,121.4,115.4,106.2,94.6,80.7,66.8,52.8,41.9,39.4,44.9,0,0,0,0,0,0,0,0,0,0,0,0,0,0,0,0,0,0,0,0,0,0,0,0,0,0,0,0,0,0,0,0,0,0,0,0,0,0,0,0,0,0,0,0,0,0,0,0,0,0,0,0,0,0,0,0,0,0,0,0,2530.9,2042.2,87.27241379,70.42068966,55,115,2,2
16,1,A,S,2,14.5,242,89,2,3,45,52,2,1.5,1,0,0,90,2106,23,14,52.5,52,52.7,50.6,43.7,39.1,35.2,21.7,37.1,45.5,46.5,48,44,23.9,0,0,0,0,0,0,0,0,0,0,0,0,0,0,0,0,0,0,0,0,0,0,0,0,0,0,0,0,0,0,0,0,0,0,0,0,0,0,0,0,0,0,0,0,0,0,0,0,0,0,0,0,0,0,0,0,0,0,0,0,0,0,0,0,0,0,0,0,0,0,0,0,0,0,0,0,114.2,107.7,107.6,109.4,110.1,106.7,104.8,106.8,126.1,134.7,134.3,130.1,124.2,110.2,0,0,0,0,0,0,0,0,0,0,0,0,0,0,0,0,0,0,0,0,0,0,0,0,0,0,0,0,0,0,0,0,0,0,0,0,0,0,0,0,0,0,0,0,0,0,0,0,0,0,0,0,0,0,0,0,0,0,0,0,0,0,0,0,0,0,0,0,0,0,0,0,0,0,0,0,TT,Y,,2021,1,1,3/27/2008,16.68965517,21.38526402,21.3376415,21.62337662,0,0,52.7,50.6,43.7,39.1,35.2,21.7,37.1,45.5,46.5,48,44,23.9,0,0,0,0,0,0,0,0,0,0,0,0,0,0,0,0,0,0,0,0,0,0,0,0,0,0,0,0,0,0,0,0,0,0,0,0,0,0,0,0,0,0,0,0,0,0,0,0,0,0,0,0,0,0,0,0,0,0,0,0,0,0,0,0,0,0,0,0,0,0,0,0,0,0,0,0,0,0,107.6,109.4,110.1,106.7,104.8,106.8,126.1,134.7,134.3,130.1,124.2,110.2,0,0,0,0,0,0,0,0,0,0,0,0,0,0,0,0,0,0,0,0,0,0,0,0,0,0,0,0,0,0,0,0,0,0,0,0,0,0,0,0,0,0,0,0,0,0,0,0,0,0,0,0,0,0,0,0,0,0,0,0,0,0,0,0,0,0,0,0,0,0,0,0,0,0,0,0,488,1405,40.66666667,117.0833333,55,115,3,3
17,1,A,E,2,90.1,2083,30,32,11,22,67,-53,1.5,0,1,0,90,2106,23,90,63.8,58.7,58.4,35.6,44,62.1,64.5,61.8,37.2,32.4,43,45.6,55.1,64.5,62.4,56.1,43.6,37.2,42.5,40.9,42.3,48.2,49.6,50.4,60,71.4,75.1,71.7,64.5,64.3,78.5,98,123.4,125,122,122.5,122.9,127.3,126.7,123.7,123,125.5,113.4,108.5,107.3,104.2,91.7,76.5,59.8,41.3,40.7,43.7,41.3,41.7,31,43.7,84.7,121.9,126.3,120.1,121.3,115.7,104.3,100.2,92.2,82.2,69.5,52.8,45.1,44.8,45,42.1,51.6,70.7,84.8,99.1,106.9,112.3,114.4,122.4,124.4,122.7,118.9,124.2,118.3,120.9,114.2,112.8,104.5,81.5,123.7,121.5,126.6,107.3,100,106.6,109.3,117.6,96.8,62.6,47.6,61,88.5,115.1,118.4,124.2,121.6,121.9,130.4,128.8,129.3,131,125.5,112.3,99.7,82.2,66.9,25.1,34.9,65,62.3,42.7,40.6,41.6,38.5,35.5,34.7,38.1,37.5,35.3,41.8,50.9,47,68.4,80.8,82.7,85.5,95.4,95,100.7,123.1,131.3,127.9,121.1,93.1,49,12.2,34.5,38.6,35.9,51.2,62,74.6,95.9,103.7,115.7,119.6,127.6,132.7,133.6,132.7,125.3,118.8,115,105.9,95.9,86.9,78.2,68,58.9,49.9,43,30.4,36.1,39.6,51,54.6,72.5,74.4,78.4,TT,Y,,2021,2,1,3/27/2008,23.11875694,21.38526402,21.3376415,21.62337662,0,0,58.4,35.6,44,62.1,64.5,61.8,37.2,32.4,43,45.6,55.1,64.5,62.4,56.1,43.6,37.2,42.5,40.9,42.3,48.2,49.6,50.4,60,71.4,75.1,71.7,64.5,64.3,78.5,98,123.4,125,122,122.5,122.9,127.3,126.7,123.7,123,125.5,113.4,108.5,107.3,104.2,91.7,76.5,59.8,41.3,40.7,43.7,41.3,41.7,31,43.7,84.7,121.9,126.3,120.1,121.3,115.7,104.3,100.2,92.2,82.2,69.5,52.8,45.1,44.8,45,42.1,51.6,70.7,84.8,99.1,106.9,112.3,114.4,122.4,124.4,122.7,118.9,124.2,118.3,120.9,114.2,112.8,104.5,81.5,0,0,126.6,107.3,100,106.6,109.3,117.6,96.8,62.6,47.6,61,88.5,115.1,118.4,124.2,121.6,121.9,130.4,128.8,129.3,131,125.5,112.3,99.7,82.2,66.9,25.1,34.9,65,62.3,42.7,40.6,41.6,38.5,35.5,34.7,38.1,37.5,35.3,41.8,50.9,47,68.4,80.8,82.7,85.5,95.4,95,100.7,123.1,131.3,127.9,121.1,93.1,49,12.2,34.5,38.6,35.9,51.2,62,74.6,95.9,103.7,115.7,119.6,127.6,132.7,133.6,132.7,125.3,118.8,115,105.9,95.9,86.9,78.2,68,58.9,49.9,43,30.4,36.1,39.6,51,54.6,72.5,74.4,78.4,7120.5,7210,80.91477273,81.93181818,55,115,3,3
18,1,A,N,2,10.6,254,15,50,53,40,7,-36,1.5,2,0,0,90,2106,23,10,113.9,109.4,94.6,75.3,84.2,102.1,103.8,87.6,54.1,15.9,0,0,0,0,0,0,0,0,0,0,0,0,0,0,0,0,0,0,0,0,0,0,0,0,0,0,0,0,0,0,0,0,0,0,0,0,0,0,0,0,0,0,0,0,0,0,0,0,0,0,0,0,0,0,0,0,0,0,0,0,0,0,0,0,0,0,0,0,0,0,0,0,0,0,0,0,0,0,0,0,62.3,61.1,59.6,46.9,17.6,25.4,32.1,33.4,42.7,75.8,0,0,0,0,0,0,0,0,0,0,0,0,0,0,0,0,0,0,0,0,0,0,0,0,0,0,0,0,0,0,0,0,0,0,0,0,0,0,0,0,0,0,0,0,0,0,0,0,0,0,0,0,0,0,0,0,0,0,0,0,0,0,0,0,0,0,0,0,0,0,0,0,0,0,0,0,0,0,0,0,TT,Y,,2021,3,1,3/27/2008,23.96226415,21.38526402,21.3376415,21.62337662,0,0,0,0,84.2,102.1,103.8,87.6,54.1,15.9,0,0,0,0,0,0,0,0,0,0,0,0,0,0,0,0,0,0,0,0,0,0,0,0,0,0,0,0,0,0,0,0,0,0,0,0,0,0,0,0,0,0,0,0,0,0,0,0,0,0,0,0,0,0,0,0,0,0,0,0,0,0,0,0,0,0,0,0,0,0,0,0,0,0,0,0,0,0,0,0,0,0,0,0,17.6,25.4,32.1,33.4,42.7,75.8,0,0,0,0,0,0,0,0,0,0,0,0,0,0,0,0,0,0,0,0,0,0,0,0,0,0,0,0,0,0,0,0,0,0,0,0,0,0,0,0,0,0,0,0,0,0,0,0,0,0,0,0,0,0,0,0,0,0,0,0,0,0,0,0,0,0,0,0,0,0,0,0,0,0,0,0,0,0,0,0,447.7,227,74.61666667,37.83333333,115,55,5,5
13,2,A,N,2,90.1,1869,16,32,25,33,42,33,1.5,0,4,0,90,2106,23,90,117.2,113.3,108.2,102.5,103,111.4,119.3,112.1,108.1,103,84,66.4,60.2,70.7,75.9,75.4,70.7,68.1,72,76.3,71.3,60,50.3,41.8,33.7,32.8,32.7,36.5,45,63.9,82.6,90.8,98.5,106.3,117.4,114.7,110.6,111.7,110,113.3,116.4,113,110.2,99.9,84.7,84.3,84.4,75.4,76.5,69.2,53.7,35,36.8,44.2,61.2,81,91.2,97.5,109.6,123.6,119.7,114.2,111.5,105.8,102.4,89.7,71,51.4,43.6,46.2,43.9,47.7,58,71.4,71.8,64.6,61.9,64.4,69.7,68.5,72.6,77.5,87.5,92.8,95.2,95,95.9,95.9,96.3,100.9,59.7,62.4,57,41.6,23.7,23.4,40.9,50.4,61.5,72.4,71.5,75.6,88.7,98,86.6,75.6,37.7,24.1,45.5,60.1,77.3,82.2,85.5,84.1,77.3,62,62.4,54.2,63,75.1,85.5,88.6,84.6,76.1,70.8,66.3,56.7,45.2,29.9,24.8,35.1,47.6,56.3,72.3,89.1,113.9,114.4,109.8,116.2,120.9,121.3,119.5,124,123.1,106.6,94.5,83.5,68.6,53.4,49.2,42.3,30.2,23.3,29.2,36.8,49.3,65.5,86,112.6,126.2,123.1,128.3,130.1,131.1,131.1,129,125.4,118.2,108.9,95.5,83.7,65.3,45.3,37.5,24.5,12.7,10.1,7.6,10.7,19.7,TT,Y,,2021,4,1,3/28/2008,20.7436182,21.38526402,21.3376415,21.62337662,0,0,0,0,103,111.4,119.3,112.1,108.1,103,84,66.4,60.2,70.7,75.9,75.4,70.7,68.1,72,76.3,71.3,60,50.3,41.8,33.7,32.8,32.7,36.5,45,63.9,82.6,90.8,98.5,106.3,117.4,114.7,110.6,111.7,110,113.3,116.4,113,110.2,99.9,84.7,84.3,84.4,75.4,76.5,69.2,53.7,35,36.8,44.2,61.2,81,91.2,97.5,109.6,123.6,119.7,114.2,111.5,105.8,102.4,89.7,71,51.4,43.6,46.2,43.9,47.7,58,71.4,71.8,64.6,61.9,64.4,69.7,68.5,72.6,77.5,87.5,92.8,95.2,95,95.9,95.9,96.3,100.9,0,0,0,0,23.7,23.4,40.9,50.4,61.5,72.4,71.5,75.6,88.7,98,86.6,75.6,37.7,24.1,45.5,60.1,77.3,82.2,85.5,84.1,77.3,62,62.4,54.2,63,75.1,85.5,88.6,84.6,76.1,70.8,66.3,56.7,45.2,29.9,24.8,35.1,47.6,56.3,72.3,89.1,113.9,114.4,109.8,116.2,120.9,121.3,119.5,124,123.1,106.6,94.5,83.5,68.6,53.4,49.2,42.3,30.2,23.3,29.2,36.8,49.3,65.5,86,112.6,126.2,123.1,128.3,130.1,131.1,131.1,129,125.4,118.2,108.9,95.5,83.7,65.3,45.3,37.5,24.5,12.7,10.1,7.6,10.7,19.7,6935.3,6245.8,80.64302326,72.6255814,115,55,5,5
14,2,A,W,2,6.9,153,26,55,63,26,11,-61,1.5,0,0,0,90,2106,23,6,115.3,108.7,94.9,67.6,40.2,18.3,0,0,0,0,0,0,0,0,0,0,0,0,0,0,0,0,0,0,0,0,0,0,0,0,0,0,0,0,0,0,0,0,0,0,0,0,0,0,0,0,0,0,0,0,0,0,0,0,0,0,0,0,0,0,0,0,0,0,0,0,0,0,0,0,0,0,0,0,0,0,0,0,0,0,0,0,0,0,0,0,0,0,0,0,45.5,31.7,19.9,27.8,56.2,82.4,0,0,0,0,0,0,0,0,0,0,0,0,0,0,0,0,0,0,0,0,0,0,0,0,0,0,0,0,0,0,0,0,0,0,0,0,0,0,0,0,0,0,0,0,0,0,0,0,0,0,0,0,0,0,0,0,0,0,0,0,0,0,0,0,0,0,0,0,0,0,0,0,0,0,0,0,0,0,0,0,0,0,0,0,TT,Y,,2021,5,1,3/28/2008,22.17391304,21.38526402,21.3376415,21.62337662,0,0,0,0,40.2,18.3,0,0,0,0,0,0,0,0,0,0,0,0,0,0,0,0,0,0,0,0,0,0,0,0,0,0,0,0,0,0,0,0,0,0,0,0,0,0,0,0,0,0,0,0,0,0,0,0,0,0,0,0,0,0,0,0,0,0,0,0,0,0,0,0,0,0,0,0,0,0,0,0,0,0,0,0,0,0,0,0,0,0,0,0,0,0,0,0,56.2,82.4,0,0,0,0,0,0,0,0,0,0,0,0,0,0,0,0,0,0,0,0,0,0,0,0,0,0,0,0,0,0,0,0,0,0,0,0,0,0,0,0,0,0,0,0,0,0,0,0,0,0,0,0,0,0,0,0,0,0,0,0,0,0,0,0,0,0,0,0,0,0,0,0,0,0,0,0,0,0,0,0,0,0,0,0,58.5,138.6,29.25,69.3,115,55,5,5
15,2,A,E,2,30.8,666,37,16,48,28,24,-65,1.5,1,0,0,90,2106,23,30,61.6,55.7,37.6,27.6,29.7,30.4,28.9,37.8,54.5,74.6,94.9,95.4,92.2,77.9,64.1,50.3,34.8,30.2,38.5,49.3,60.9,64.6,79.8,82,75.4,68.8,56.5,42.2,33.3,13.8,0,0,0,0,0,0,0,0,0,0,0,0,0,0,0,0,0,0,0,0,0,0,0,0,0,0,0,0,0,0,0,0,0,0,0,0,0,0,0,0,0,0,0,0,0,0,0,0,0,0,0,0,0,0,0,0,0,0,0,0,124.8,130.5,123.9,112.5,104,104.7,93.1,67.6,59.6,60.8,52.1,32.3,17.7,17.2,25.9,40.2,55.2,66.1,76.4,97.3,110.4,109.4,106.2,94.3,78.8,64.7,45.2,49.2,56.6,78.9,0,0,0,0,0,0,0,0,0,0,0,0,0,0,0,0,0,0,0,0,0,0,0,0,0,0,0,0,0,0,0,0,0,0,0,0,0,0,0,0,0,0,0,0,0,0,0,0,0,0,0,0,0,0,0,0,0,0,0,0,FS,Y,,2021,6,1,3/28/2008,21.62337662,21.38526402,21.3376415,21.62337662,0,0,37.6,27.6,29.7,30.4,28.9,37.8,54.5,74.6,94.9,95.4,92.2,77.9,64.1,50.3,34.8,30.2,38.5,49.3,60.9,64.6,79.8,82,75.4,68.8,56.5,42.2,33.3,13.8,0,0,0,0,0,0,0,0,0,0,0,0,0,0,0,0,0,0,0,0,0,0,0,0,0,0,0,0,0,0,0,0,0,0,0,0,0,0,0,0,0,0,0,0,0,0,0,0,0,0,0,0,0,0,0,0,0,0,0,0,0,0,123.9,112.5,104,104.7,93.1,67.6,59.6,60.8,52.1,32.3,17.7,17.2,25.9,40.2,55.2,66.1,76.4,97.3,110.4,109.4,106.2,94.3,78.8,64.7,45.2,49.2,56.6,78.9,0,0,0,0,0,0,0,0,0,0,0,0,0,0,0,0,0,0,0,0,0,0,0,0,0,0,0,0,0,0,0,0,0,0,0,0,0,0,0,0,0,0,0,0,0,0,0,0,0,0,0,0,0,0,0,0,0,0,0,0,1526,2000.3,54.5,71.43928571,55,115,3,3
28,1,A,S,2,90.1,2363,34,15,9,24,67,-123,1.5,1,1,0,90,2106,41,90,52.6,54.8,54,54.5,61.9,66.6,78,104.9,102,94.4,81.9,78.8,69.9,43.4,45.2,56.2,65.2,59.8,69,101.7,120.5,120.1,112.2,112.6,118.3,110.6,94,81.9,77.3,68.4,67.8,70.7,79.5,80.5,61.6,26.8,23.2,50.4,52.3,46.1,32.8,21.9,52.4,58.7,64.4,87.5,92.4,95.2,117.5,121,107.8,95.8,102.1,108.7,100.7,89.1,75.7,55.2,49.1,45.5,45.3,43.9,49,60.3,75.2,93.6,93.9,94.3,105,102.6,93.9,76.8,47.4,37.9,45.4,36.6,13.7,25.8,67.5,109.2,124.5,121.8,105,77.9,38.4,28.5,58.3,64.3,51.2,53.5,117.5,116.6,113.8,113.2,111.9,102.4,87.8,85.2,86.7,93.4,104.9,104.4,101.4,112.7,133.2,135.1,131.3,114.3,85.2,64.3,55.3,41.8,25.4,42.3,64.3,65.5,73.9,102.1,107.4,109.7,115,109.9,102.7,98.3,83.1,70.5,98.7,132.3,131.9,120,110.3,106.8,120.4,122.8,112,102,87,60.2,53.7,53.8,33.4,16.2,59.7,85.8,93.5,103.5,107,113.9,131.5,134.5,133.6,131.3,128.2,120.6,111.2,100.2,95.2,89.1,82.6,74.3,65.7,68.1,86.3,121.9,133.6,125.7,99.9,64.7,26.5,37.1,53.4,51.4,41.8,36.8,53.5,89.6,125.2,127.7,98,59.7,TT,Y,,2021,1,1,3/27/2008,26.22641509,24.17591465,24.79750535,21.06796117,0,54.8,54,54.5,61.9,66.6,78,104.9,102,94.4,81.9,78.8,69.9,43.4,45.2,56.2,65.2,59.8,69,101.7,120.5,120.1,112.2,112.6,118.3,110.6,94,81.9,77.3,68.4,67.8,70.7,79.5,80.5,61.6,26.8,23.2,50.4,52.3,46.1,32.8,21.9,52.4,58.7,64.4,87.5,92.4,95.2,117.5,121,107.8,95.8,102.1,108.7,100.7,89.1,75.7,55.2,49.1,45.5,45.3,43.9,49,60.3,75.2,93.6,93.9,94.3,105,102.6,93.9,76.8,47.4,37.9,45.4,36.6,13.7,25.8,67.5,109.2,124.5,121.8,105,77.9,38.4,28.5,58.3,64.3,51.2,53.5,0,116.6,113.8,113.2,111.9,102.4,87.8,85.2,86.7,93.4,104.9,104.4,101.4,112.7,133.2,135.1,131.3,114.3,85.2,64.3,55.3,41.8,25.4,42.3,64.3,65.5,73.9,102.1,107.4,109.7,115,109.9,102.7,98.3,83.1,70.5,98.7,132.3,131.9,120,110.3,106.8,120.4,122.8,112,102,87,60.2,53.7,53.8,33.4,16.2,59.7,85.8,93.5,103.5,107,113.9,131.5,134.5,133.6,131.3,128.2,120.6,111.2,100.2,95.2,89.1,82.6,74.3,65.7,68.1,86.3,121.9,133.6,125.7,99.9,64.7,26.5,37.1,53.4,51.4,41.8,36.8,53.5,89.6,125.2,127.7,98,59.7,6531.2,8188.8,73.38426966,92.00898876,55,115,2,2
29,1,A,E,2,4.5,78,40,4,38,25,37,26,1.5,1,0,0,90,2106,41,4,69.6,63.5,45.5,10.8,0,0,0,0,0,0,0,0,0,0,0,0,0,0,0,0,0,0,0,0,0,0,0,0,0,0,0,0,0,0,0,0,0,0,0,0,0,0,0,0,0,0,0,0,0,0,0,0,0,0,0,0,0,0,0,0,0,0,0,0,0,0,0,0,0,0,0,0,0,0,0,0,0,0,0,0,0,0,0,0,0,0,0,0,0,0,122.3,114.4,100.6,89.7,0,0,0,0,0,0,0,0,0,0,0,0,0,0,0,0,0,0,0,0,0,0,0,0,0,0,0,0,0,0,0,0,0,0,0,0,0,0,0,0,0,0,0,0,0,0,0,0,0,0,0,0,0,0,0,0,0,0,0,0,0,0,0,0,0,0,0,0,0,0,0,0,0,0,0,0,0,0,0,0,0,0,0,0,0,0,TT,Y,,2021,2,1,3/27/2008,17.33333333,24.17591465,24.79750535,21.06796117,0,63.5,45.5,10.8,0,0,0,0,0,0,0,0,0,0,0,0,0,0,0,0,0,0,0,0,0,0,0,0,0,0,0,0,0,0,0,0,0,0,0,0,0,0,0,0,0,0,0,0,0,0,0,0,0,0,0,0,0,0,0,0,0,0,0,0,0,0,0,0,0,0,0,0,0,0,0,0,0,0,0,0,0,0,0,0,0,0,0,0,0,0,0,114.4,100.6,89.7,0,0,0,0,0,0,0,0,0,0,0,0,0,0,0,0,0,0,0,0,0,0,0,0,0,0,0,0,0,0,0,0,0,0,0,0,0,0,0,0,0,0,0,0,0,0,0,0,0,0,0,0,0,0,0,0,0,0,0,0,0,0,0,0,0,0,0,0,0,0,0,0,0,0,0,0,0,0,0,0,0,0,0,0,0,0,119.8,304.7,39.93333333,101.5666667,55,115,2,2
30,1,A,N,2,57.8,1603,27,21,22,32,46,36,1.5,1,0,0,90,2106,41,57,108.9,86.4,61.3,57.7,64.8,67.5,57.4,39.7,46.8,56.5,71.9,99.7,100.6,108.3,117.3,113.1,110.1,95.1,60,32.8,28.3,42.6,55.1,69.9,98.5,108.1,108,107.9,116.6,120.3,113.2,92.2,65.5,27.7,27.7,52.6,52.2,48.8,41.9,31.9,48.5,66.4,82.2,101.5,106.3,94.4,70.3,47.8,47.7,65.1,82.2,96,93.2,85.7,78.3,62.5,31.1,0,0,0,0,0,0,0,0,0,0,0,0,0,0,0,0,0,0,0,0,0,0,0,0,0,0,0,0,0,0,0,0,0,49.2,34.8,60,89.6,119.1,127.6,131.2,127,122.4,117.3,100.1,91,77.9,55.4,43.2,26.5,33.3,38.9,58.2,94.9,115.3,115.1,105.1,88.6,82,78,59.6,28.3,27.4,31.1,26.3,21.8,33.8,63.8,101.1,130.1,133.5,132.6,128.3,119.5,115,105.6,87.6,81.3,75.1,57.1,51.8,47.7,43.9,58.5,88.8,107.2,102.9,94.8,92.1,81.3,74.4,0,0,0,0,0,0,0,0,0,0,0,0,0,0,0,0,0,0,0,0,0,0,0,0,0,0,0,0,0,0,0,0,0,TT,Y,,2021,3,1,3/27/2008,27.73356401,24.17591465,24.79750535,21.06796117,0,0,0,0,64.8,67.5,57.4,39.7,46.8,56.5,71.9,99.7,100.6,108.3,117.3,113.1,110.1,95.1,60,32.8,28.3,42.6,55.1,69.9,98.5,108.1,108,107.9,116.6,120.3,113.2,92.2,65.5,27.7,27.7,52.6,52.2,48.8,41.9,31.9,48.5,66.4,82.2,101.5,106.3,94.4,70.3,47.8,47.7,65.1,82.2,96,93.2,85.7,78.3,62.5,31.1,0,0,0,0,0,0,0,0,0,0,0,0,0,0,0,0,0,0,0,0,0,0,0,0,0,0,0,0,0,0,0,0,0,0,0,0,0,119.1,127.6,131.2,127,122.4,117.3,100.1,91,77.9,55.4,43.2,26.5,33.3,38.9,58.2,94.9,115.3,115.1,105.1,88.6,82,78,59.6,28.3,27.4,31.1,26.3,21.8,33.8,63.8,101.1,130.1,133.5,132.6,128.3,119.5,115,105.6,87.6,81.3,75.1,57.1,51.8,47.7,43.9,58.5,88.8,107.2,102.9,94.8,92.1,81.3,74.4,0,0,0,0,0,0,0,0,0,0,0,0,0,0,0,0,0,0,0,0,0,0,0,0,0,0,0,0,0,0,0,0,0,3909.8,4350.4,73.76981132,82.08301887,115,55,5,5
25,2,A,N,2,79.6,1871,41,14,17,41,42,49,1.5,1,0,0,90,2106,41,79,111.4,96.1,80.6,62.9,44.9,36.9,26.1,28.9,50.8,56.6,53.7,51,34.8,41.6,47.8,55.9,63.7,62.6,53.3,42.2,40.4,23,17.3,29.4,39.7,40.8,46.2,54.9,55.1,57.1,77.8,92.4,88.6,97.3,112.1,114.9,109.2,102.9,106.2,101,87.6,64.5,45.8,30.7,31.5,40.4,66.9,73.2,72.2,77.7,96.5,98,87.8,78.2,65.2,52.8,45.6,46.2,48.6,51.1,57.5,57.3,60.7,63.5,65.8,67.2,64.9,65.2,56.4,34.6,35.8,38.4,49.2,75,92.2,94,85.6,73,38.4,0,0,0,0,0,0,0,0,0,0,0,50.9,36.4,45.7,66.9,96,114.2,114.3,108.1,91.5,76.3,69.4,71.8,81.1,104.9,112.6,116.1,114.2,105.7,89.9,77,74.2,91,102.8,116.5,123.2,123.3,130.7,134.1,131.5,122.3,115.9,108.2,96.6,73.1,59.7,50,29.3,23.7,48.6,62.9,80,90.8,103.6,115.4,118.3,107.7,102.3,89.5,56.5,18.4,30.4,46,67.8,91.1,102.1,117.7,128,134.7,134.3,129.4,131.3,130.8,127.8,126.6,125.2,123.5,122.6,127.8,124.8,120,121.6,114.4,92.1,82.1,85.9,75.7,54.9,48.6,63.2,0,0,0,0,0,0,0,0,0,0,0,TT,Y,,2021,4,1,3/28/2008,23.50502513,24.17591465,24.79750535,21.06796117,0,0,0,0,44.9,36.9,26.1,28.9,50.8,56.6,53.7,51,34.8,41.6,47.8,55.9,63.7,62.6,53.3,42.2,40.4,23,17.3,29.4,39.7,40.8,46.2,54.9,55.1,57.1,77.8,92.4,88.6,97.3,112.1,114.9,109.2,102.9,106.2,101,87.6,64.5,45.8,30.7,31.5,40.4,66.9,73.2,72.2,77.7,96.5,98,87.8,78.2,65.2,52.8,45.6,46.2,48.6,51.1,57.5,57.3,60.7,63.5,65.8,67.2,64.9,65.2,56.4,34.6,35.8,38.4,49.2,75,92.2,94,85.6,73,38.4,0,0,0,0,0,0,0,0,0,0,0,0,0,0,0,96,114.2,114.3,108.1,91.5,76.3,69.4,71.8,81.1,104.9,112.6,116.1,114.2,105.7,89.9,77,74.2,91,102.8,116.5,123.2,123.3,130.7,134.1,131.5,122.3,115.9,108.2,96.6,73.1,59.7,50,29.3,23.7,48.6,62.9,80,90.8,103.6,115.4,118.3,107.7,102.3,89.5,56.5,18.4,30.4,46,67.8,91.1,102.1,117.7,128,134.7,134.3,129.4,131.3,130.8,127.8,126.6,125.2,123.5,122.6,127.8,124.8,120,121.6,114.4,92.1,82.1,85.9,75.7,54.9,48.6,63.2,0,0,0,0,0,0,0,0,0,0,0,4592.3,7223.6,61.23066667,96.31466667,115,55,5,5
26,2,A,W,2,3.7,108,27,1,69,19,12,19,1.5,1,0,0,90,2106,41,3,99.1,66.7,33.5,0,0,0,0,0,0,0,0,0,0,0,0,0,0,0,0,0,0,0,0,0,0,0,0,0,0,0,0,0,0,0,0,0,0,0,0,0,0,0,0,0,0,0,0,0,0,0,0,0,0,0,0,0,0,0,0,0,0,0,0,0,0,0,0,0,0,0,0,0,0,0,0,0,0,0,0,0,0,0,0,0,0,0,0,0,0,0,60.1,58.4,69.9,0,0,0,0,0,0,0,0,0,0,0,0,0,0,0,0,0,0,0,0,0,0,0,0,0,0,0,0,0,0,0,0,0,0,0,0,0,0,0,0,0,0,0,0,0,0,0,0,0,0,0,0,0,0,0,0,0,0,0,0,0,0,0,0,0,0,0,0,0,0,0,0,0,0,0,0,0,0,0,0,0,0,0,0,0,0,0,TT,Y,,2021,5,1,3/28/2008,29.18918919,24.17591465,24.79750535,21.06796117,0,0,0,0,0,0,0,0,0,0,0,0,0,0,0,0,0,0,0,0,0,0,0,0,0,0,0,0,0,0,0,0,0,0,0,0,0,0,0,0,0,0,0,0,0,0,0,0,0,0,0,0,0,0,0,0,0,0,0,0,0,0,0,0,0,0,0,0,0,0,0,0,0,0,0,0,0,0,0,0,0,0,0,0,0,0,0,0,0,0,0,0,0,0,0,0,0,0,0,0,0,0,0,0,0,0,0,0,0,0,0,0,0,0,0,0,0,0,0,0,0,0,0,0,0,0,0,0,0,0,0,0,0,0,0,0,0,0,0,0,0,0,0,0,0,0,0,0,0,0,0,0,0,0,0,0,0,0,0,0,0,0,0,0,0,0,0,0,0,0,0,0,0,0,0,0,0,0,0,0,0,0,0,0,115,55,5,4
27,2,A,E,2,30.9,651,59,9,57,37,6,-29,1.5,1,1,0,90,2106,41,30,64.1,43.1,24.5,8.6,6.3,17.3,18.6,21.7,50.2,56.6,51.2,40.9,27.9,12.8,27.2,38.7,41.5,52,65.6,81.3,81.4,70.7,56,40.2,21.5,19,30.3,31.9,20.8,13.2,0,0,0,0,0,0,0,0,0,0,0,0,0,0,0,0,0,0,0,0,0,0,0,0,0,0,0,0,0,0,0,0,0,0,0,0,0,0,0,0,0,0,0,0,0,0,0,0,0,0,0,0,0,0,0,0,0,0,0,0,124.7,113.7,101.3,93.1,87,86.8,86.5,87.9,96.3,84.2,75,66.1,76.1,97.8,111.9,111.1,98,66.3,36.1,10.7,22,50.4,74.2,86.8,104.1,106.8,110.1,100.4,91.9,78,0,0,0,0,0,0,0,0,0,0,0,0,0,0,0,0,0,0,0,0,0,0,0,0,0,0,0,0,0,0,0,0,0,0,0,0,0,0,0,0,0,0,0,0,0,0,0,0,0,0,0,0,0,0,0,0,0,0,0,0,FS,Y,,2021,6,1,3/28/2008,21.06796117,24.17591465,24.79750535,21.06796117,0,0,24.5,8.6,6.3,17.3,18.6,21.7,50.2,56.6,51.2,40.9,27.9,12.8,27.2,38.7,41.5,52,65.6,81.3,81.4,70.7,56,40.2,21.5,19,30.3,31.9,20.8,13.2,0,0,0,0,0,0,0,0,0,0,0,0,0,0,0,0,0,0,0,0,0,0,0,0,0,0,0,0,0,0,0,0,0,0,0,0,0,0,0,0,0,0,0,0,0,0,0,0,0,0,0,0,0,0,0,0,0,0,0,0,0,0,101.3,93.1,87,86.8,86.5,87.9,96.3,84.2,75,66.1,76.1,97.8,111.9,111.1,98,66.3,36.1,10.7,22,50.4,74.2,86.8,104.1,106.8,110.1,100.4,91.9,78,0,0,0,0,0,0,0,0,0,0,0,0,0,0,0,0,0,0,0,0,0,0,0,0,0,0,0,0,0,0,0,0,0,0,0,0,0,0,0,0,0,0,0,0,0,0,0,0,0,0,0,0,0,0,0,0,0,0,0,0,1027.9,2296.9,36.71071429,82.03214286,55,115,3,3
22,1,B,S,2,90.1,2049,14,28,14,25,61,-106,1.5,0,3,0,90,2106,93,90,50,49.2,53,57.7,56.8,47.6,62.4,88.1,109.4,103.7,91.6,90.3,108.8,114.3,113.9,103,79.7,76.7,70.8,55.2,45.6,47,57,69.2,82.4,97.8,111.9,119.2,116.9,117.1,117.4,125.6,127.5,125.1,120.8,116.2,108.3,101.6,91.9,88,89.5,76.9,74.1,78.8,75.6,86.9,110.4,114.2,121.3,123,121.4,111.2,87.4,71.5,85.4,92.5,83.6,82.1,97.7,96.1,88.1,79.5,73.9,59.2,65.5,104,125.9,125.5,126.8,119.8,102.7,81.2,77.7,93.5,109.2,108.3,94.9,95.5,102,94.2,85.7,76.5,64.3,53.1,46.6,47.4,57.2,68.2,72.7,84.1,112.3,112.2,111.4,113.8,99.5,87,67.7,71.2,77.7,69.7,38.9,15.2,59.2,72.8,72.3,69.4,81.1,113.7,122.7,130.4,133.4,130,123,114.4,105.4,94.8,81.4,69.3,65.2,64,58.3,48.1,41.1,42.9,45.9,46.3,49.4,58,66.3,98.4,109.8,95.3,77.1,54.5,24.8,36.6,69.6,73.7,61.7,51.6,44.9,29.5,10.4,47.7,95.1,109.8,107.2,97.1,103.8,100.3,91,72.4,52.9,41.3,26.1,23.5,38.7,37.9,38.4,30.8,13.5,10.2,26.5,41.3,45,37.5,39.2,64.6,86.9,94.6,101.9,106.7,112.4,124.4,131.7,135.5,135.6,132.2,130.2,121.8,TT,Y,,2021,1,1,3/28/2008,22.74139845,25.73166384,25.06040704,29.08794788,0,49.2,53,57.7,56.8,47.6,62.4,88.1,109.4,103.7,91.6,90.3,108.8,114.3,113.9,103,79.7,76.7,70.8,55.2,45.6,47,57,69.2,82.4,97.8,111.9,119.2,116.9,117.1,117.4,125.6,127.5,125.1,120.8,116.2,108.3,101.6,91.9,88,89.5,76.9,74.1,78.8,75.6,86.9,110.4,114.2,121.3,123,121.4,111.2,87.4,71.5,85.4,92.5,83.6,82.1,97.7,96.1,88.1,79.5,73.9,59.2,65.5,104,125.9,125.5,126.8,119.8,102.7,81.2,77.7,93.5,109.2,108.3,94.9,95.5,102,94.2,85.7,76.5,64.3,53.1,46.6,47.4,57.2,68.2,72.7,84.1,0,112.2,111.4,113.8,99.5,87,67.7,71.2,77.7,69.7,38.9,15.2,59.2,72.8,72.3,69.4,81.1,113.7,122.7,130.4,133.4,130,123,114.4,105.4,94.8,81.4,69.3,65.2,64,58.3,48.1,41.1,42.9,45.9,46.3,49.4,58,66.3,98.4,109.8,95.3,77.1,54.5,24.8,36.6,69.6,73.7,61.7,51.6,44.9,29.5,10.4,47.7,95.1,109.8,107.2,97.1,103.8,100.3,91,72.4,52.9,41.3,26.1,23.5,38.7,37.9,38.4,30.8,13.5,10.2,26.5,41.3,45,37.5,39.2,64.6,86.9,94.6,101.9,106.7,112.4,124.4,131.7,135.5,135.6,132.2,130.2,121.8,7981.5,6666.7,89.67977528,74.90674157,55,115,2,2
23,1,B,E,2,36.4,989,26,30,10,19,71,59,1.5,1,1,0,90,2106,93,36,66.2,59.4,63.7,93.3,123.2,121.1,111.8,100.8,85,65.9,50.9,46.8,51.9,64.9,76.9,87.9,98.2,109.2,111.2,109.1,118.1,125.3,121,124.6,124.8,115.6,97.7,71.1,70,75,63.6,49.6,48.7,41,31.4,13.1,0,0,0,0,0,0,0,0,0,0,0,0,0,0,0,0,0,0,0,0,0,0,0,0,0,0,0,0,0,0,0,0,0,0,0,0,0,0,0,0,0,0,0,0,0,0,0,0,0,0,0,0,0,0,115.1,92.4,50.3,14.8,39.1,46.9,65.8,86.8,101.8,116.3,126.4,135.2,136.4,135.1,128.8,118.7,104.8,87.9,75.6,63.7,47.4,39.8,32.8,40,43.7,36.7,32.5,52.4,95.5,112.1,110.2,121.1,129.3,125,117.7,101.4,0,0,0,0,0,0,0,0,0,0,0,0,0,0,0,0,0,0,0,0,0,0,0,0,0,0,0,0,0,0,0,0,0,0,0,0,0,0,0,0,0,0,0,0,0,0,0,0,0,0,0,0,0,0,TT,Y,,2021,2,1,3/28/2008,27.17032967,25.73166384,25.06040704,29.08794788,0,59.4,63.7,93.3,123.2,121.1,111.8,100.8,85,65.9,50.9,46.8,51.9,64.9,76.9,87.9,98.2,109.2,111.2,109.1,118.1,125.3,121,124.6,124.8,115.6,97.7,71.1,70,75,63.6,49.6,48.7,41,31.4,13.1,0,0,0,0,0,0,0,0,0,0,0,0,0,0,0,0,0,0,0,0,0,0,0,0,0,0,0,0,0,0,0,0,0,0,0,0,0,0,0,0,0,0,0,0,0,0,0,0,0,0,0,0,0,0,0,92.4,50.3,14.8,39.1,46.9,65.8,86.8,101.8,116.3,126.4,135.2,136.4,135.1,128.8,118.7,104.8,87.9,75.6,63.7,47.4,39.8,32.8,40,43.7,36.7,32.5,52.4,95.5,112.1,110.2,121.1,129.3,125,117.7,101.4,0,0,0,0,0,0,0,0,0,0,0,0,0,0,0,0,0,0,0,0,0,0,0,0,0,0,0,0,0,0,0,0,0,0,0,0,0,0,0,0,0,0,0,0,0,0,0,0,0,0,0,0,0,0,2921.8,2964.4,83.48,84.69714286,55,115,2,2
24,1,B,N,2,5.1,133,32,50,52,40,8,12,1.5,1,0,0,90,2106,93,5,113,103.7,80.3,34.3,11.7,0,0,0,0,0,0,0,0,0,0,0,0,0,0,0,0,0,0,0,0,0,0,0,0,0,0,0,0,0,0,0,0,0,0,0,0,0,0,0,0,0,0,0,0,0,0,0,0,0,0,0,0,0,0,0,0,0,0,0,0,0,0,0,0,0,0,0,0,0,0,0,0,0,0,0,0,0,0,0,0,0,0,0,0,0,59.1,51.9,43.1,62.1,95,0,0,0,0,0,0,0,0,0,0,0,0,0,0,0,0,0,0,0,0,0,0,0,0,0,0,0,0,0,0,0,0,0,0,0,0,0,0,0,0,0,0,0,0,0,0,0,0,0,0,0,0,0,0,0,0,0,0,0,0,0,0,0,0,0,0,0,0,0,0,0,0,0,0,0,0,0,0,0,0,0,0,0,0,0,TT,Y,,2021,3,1,3/28/2008,26.07843137,25.73166384,25.06040704,29.08794788,0,0,0,0,0,0,0,0,0,0,0,0,0,0,0,0,0,0,0,0,0,0,0,0,0,0,0,0,0,0,0,0,0,0,0,0,0,0,0,0,0,0,0,0,0,0,0,0,0,0,0,0,0,0,0,0,0,0,0,0,0,0,0,0,0,0,0,0,0,0,0,0,0,0,0,0,0,0,0,0,0,0,0,0,0,0,0,0,0,0,0,0,0,0,0,0,0,0,0,0,0,0,0,0,0,0,0,0,0,0,0,0,0,0,0,0,0,0,0,0,0,0,0,0,0,0,0,0,0,0,0,0,0,0,0,0,0,0,0,0,0,0,0,0,0,0,0,0,0,0,0,0,0,0,0,0,0,0,0,0,0,0,0,0,0,0,0,0,0,0,0,0,0,0,0,0,0,0,0,0,0,0,0,0,115,55,5,5
22,2,B,N,2,90.1,2067,17,33,8,37,55,52,1.5,0,1,0,90,2106,93,90,116.2,114.4,114.6,112.9,104.3,113,121.8,103.8,67.7,40.7,41.6,42.5,43.7,50,54.4,62.6,68.5,76.8,96.4,104.2,101.9,101.9,112.3,125,120.5,119.9,118,105,109.7,110.6,108.7,100.5,90.9,83.4,71,56.5,46.4,47.8,57.7,62.2,60.2,60.7,82.7,100.9,100,95.9,96.4,96.2,85.3,68.7,88,110.1,126,123.1,119.4,107.5,84.4,65.8,58.8,43.9,26,44.5,47.7,57.5,85.9,97.3,95.7,96.7,94.5,91.2,84.4,80,82,102.9,117.4,117.3,113.2,103.4,93.3,74,73.7,101.6,107.9,105.4,121.8,124.2,119.7,105.6,103,100.7,62.4,65,57.6,54.6,29.8,27.1,48,50.5,62.5,94.9,122.5,128.7,132.2,134.6,129.7,128.4,127,115.4,106.9,96.1,85.4,67.3,47.2,42.4,38.8,35.5,29.2,32.2,63,68.9,76.7,88.4,97.6,100.2,111.6,123.3,131.4,135.5,136.5,132.7,121.4,101.9,91.6,100.5,97.2,91.4,87.8,90,86.8,52.5,13.7,26.6,43.7,42.8,45.1,44,44.5,72.1,99.7,103.7,113.2,130.2,126,110.2,101.2,102.8,103.1,102.9,100,97.5,89.9,71.3,50.5,40.7,57.9,61.1,62.2,56.7,40.4,27.1,36.3,54.8,42.1,20.1,37.4,40.9,39.3,46.7,82,90.5,TT,Y,,2021,4,1,3/29/2008,22.94117647,25.73166384,25.06040704,29.08794788,0,0,0,0,104.3,113,121.8,103.8,67.7,40.7,41.6,42.5,43.7,50,54.4,62.6,68.5,76.8,96.4,104.2,101.9,101.9,112.3,125,120.5,119.9,118,105,109.7,110.6,108.7,100.5,90.9,83.4,71,56.5,46.4,47.8,57.7,62.2,60.2,60.7,82.7,100.9,100,95.9,96.4,96.2,85.3,68.7,88,110.1,126,123.1,119.4,107.5,84.4,65.8,58.8,43.9,26,44.5,47.7,57.5,85.9,97.3,95.7,96.7,94.5,91.2,84.4,80,82,102.9,117.4,117.3,113.2,103.4,93.3,74,73.7,101.6,107.9,105.4,121.8,124.2,119.7,105.6,103,100.7,0,0,0,0,29.8,27.1,48,50.5,62.5,94.9,122.5,128.7,132.2,134.6,129.7,128.4,127,115.4,106.9,96.1,85.4,67.3,47.2,42.4,38.8,35.5,29.2,32.2,63,68.9,76.7,88.4,97.6,100.2,111.6,123.3,131.4,135.5,136.5,132.7,121.4,101.9,91.6,100.5,97.2,91.4,87.8,90,86.8,52.5,13.7,26.6,43.7,42.8,45.1,44,44.5,72.1,99.7,103.7,113.2,130.2,126,110.2,101.2,102.8,103.1,102.9,100,97.5,89.9,71.3,50.5,40.7,57.9,61.1,62.2,56.7,40.4,27.1,36.3,54.8,42.1,20.1,37.4,40.9,39.3,46.7,82,90.5,7584.4,6770.1,88.19069767,78.72209302,115,55,5,5
23,2,B,W,2,90.1,2376,22,16,6,42,52,7,1.5,0,0,0,90,2106,93,90,111.5,95.5,68,49,62.6,89.3,88.2,81.7,68.6,62.2,88.4,118.3,119.5,107.9,86.6,78.1,72.5,51.5,28.4,47.5,49.3,70.2,97.2,96.5,93,100.9,112.2,112.5,117.2,114.4,104.9,95.4,88.1,77,62.4,43.6,31.2,19.5,47.7,83.9,94.9,95.2,85.9,69.4,39.8,30,44.9,49.3,57.2,82,102.5,104,102.2,108.2,119.6,119,117.3,111,97,87.9,97.5,96.5,83,58.1,42,43.7,46.6,45.6,45,41.4,58.6,78.8,87.7,104.3,107.5,106.2,107.5,105.9,101.2,100.6,89.1,58,26.9,41.2,41.4,38,59.9,83.1,82.1,89.3,60,50.8,33.9,48.3,87.4,112.6,108.1,95.5,76.9,34.6,25.8,56.8,60.4,62.9,78.4,104,105.8,101.8,113.9,132.5,119.3,100,104.2,98.4,80.1,55.4,37.1,25.8,50.6,68.6,81.2,93.2,96.8,99.2,109.5,112.3,113.4,103,96.8,100.2,105.1,105.2,102.3,101.5,104.9,117.3,124.9,108.8,77,52.8,45.9,32.4,17,45.4,60.8,52.4,40.8,24,20.6,53.5,86.3,91,85.5,94.3,112,131,135.3,133.7,132.5,121.6,115.1,108.9,93.7,91.2,89.9,89.9,92.6,92.5,91.2,94.4,91.3,95.4,104.7,130.2,129.3,114.5,102,102.6,89.9,75.1,TT,Y,,2021,5,1,3/29/2008,26.37069922,25.73166384,25.06040704,29.08794788,0,0,0,0,62.6,89.3,88.2,81.7,68.6,62.2,88.4,118.3,119.5,107.9,86.6,78.1,72.5,51.5,28.4,47.5,49.3,70.2,97.2,96.5,93,100.9,112.2,112.5,117.2,114.4,104.9,95.4,88.1,77,62.4,43.6,31.2,19.5,47.7,83.9,94.9,95.2,85.9,69.4,39.8,30,44.9,49.3,57.2,82,102.5,104,102.2,108.2,119.6,119,117.3,111,97,87.9,97.5,96.5,83,58.1,42,43.7,46.6,45.6,45,41.4,58.6,78.8,87.7,104.3,107.5,106.2,107.5,105.9,101.2,100.6,89.1,58,26.9,41.2,41.4,38,59.9,83.1,82.1,89.3,0,0,0,0,87.4,112.6,108.1,95.5,76.9,34.6,25.8,56.8,60.4,62.9,78.4,104,105.8,101.8,113.9,132.5,119.3,100,104.2,98.4,80.1,55.4,37.1,25.8,50.6,68.6,81.2,93.2,96.8,99.2,109.5,112.3,113.4,103,96.8,100.2,105.1,105.2,102.3,101.5,104.9,117.3,124.9,108.8,77,52.8,45.9,32.4,17,45.4,60.8,52.4,40.8,24,20.6,53.5,86.3,91,85.5,94.3,112,131,135.3,133.7,132.5,121.6,115.1,108.9,93.7,91.2,89.9,89.9,92.6,92.5,91.2,94.4,91.3,95.4,104.7,130.2,129.3,114.5,102,102.6,89.9,75.1,6752.4,7612.7,78.51627907,88.51976744,115,55,5,5
24,2,B,E,2,30.7,893,29,30,17,46,37,38,1.5,0,1,0,90,2106,93,30,66.7,57.2,37.2,29.6,67.8,102.7,124.3,124.2,113.8,91.8,74.6,74.9,69.7,49,27,43.7,42.2,40.2,68.1,92.6,92.9,90.5,92.9,104.5,106.2,96.7,73.3,47.3,37,31.3,0,0,0,0,0,0,0,0,0,0,0,0,0,0,0,0,0,0,0,0,0,0,0,0,0,0,0,0,0,0,0,0,0,0,0,0,0,0,0,0,0,0,0,0,0,0,0,0,0,0,0,0,0,0,0,0,0,0,0,0,121.8,110.1,93.6,63.5,22.5,14.4,36,36.4,32.4,41.4,82,117.3,120.5,112.6,112.7,130.5,127.8,112.8,97.1,95.9,88.3,72.1,41.1,19.2,27.6,45.8,68.2,93.5,118.5,119.9,0,0,0,0,0,0,0,0,0,0,0,0,0,0,0,0,0,0,0,0,0,0,0,0,0,0,0,0,0,0,0,0,0,0,0,0,0,0,0,0,0,0,0,0,0,0,0,0,0,0,0,0,0,0,0,0,0,0,0,0,FS,Y,,2021,6,1,3/29/2008,29.08794788,25.73166384,25.06040704,29.08794788,0,57.2,37.2,29.6,67.8,102.7,124.3,124.2,113.8,91.8,74.6,74.9,69.7,49,27,43.7,42.2,40.2,68.1,92.6,92.9,90.5,92.9,104.5,106.2,96.7,73.3,47.3,37,31.3,0,0,0,0,0,0,0,0,0,0,0,0,0,0,0,0,0,0,0,0,0,0,0,0,0,0,0,0,0,0,0,0,0,0,0,0,0,0,0,0,0,0,0,0,0,0,0,0,0,0,0,0,0,0,0,0,0,0,0,0,0,110.1,93.6,63.5,22.5,14.4,36,36.4,32.4,41.4,82,117.3,120.5,112.6,112.7,130.5,127.8,112.8,97.1,95.9,88.3,72.1,41.1,19.2,27.6,45.8,68.2,93.5,118.5,119.9,0,0,0,0,0,0,0,0,0,0,0,0,0,0,0,0,0,0,0,0,0,0,0,0,0,0,0,0,0,0,0,0,0,0,0,0,0,0,0,0,0,0,0,0,0,0,0,0,0,0,0,0,0,0,0,0,0,0,0,0,2103.2,2253.7,72.52413793,77.7137931,55,115,2,2
4,3,A,N,2,90.1,1817,28,20,4,16,80,-67,1.5,0,0,0,90,2106,8,90,115.9,115,110.3,104,98.8,86.2,71.1,63.2,61.6,50.8,43.6,47.6,55.8,61.6,66.6,75.1,92.1,105.9,112.4,114.6,112.9,107,96.4,89.5,72.5,48,19.2,35.3,45.3,47.5,48.1,47.7,48.3,48.3,56.7,78.3,93.8,106.4,116.5,123,126.8,126.9,123.4,119.5,121.2,116.5,109.3,103.7,103.4,100.2,95.3,80.4,67.5,64.4,53.9,46.1,40,31.1,35.4,60.2,82,83.3,85.2,82.9,83.4,89.2,104.5,116.5,122.5,125.1,119.4,114.5,109.7,104.3,98.1,98.3,110.4,108.5,102.2,96.3,87.9,76.6,67.9,59.3,51.3,44.2,45.1,49.6,53.2,57.1,65.3,68.4,77.1,88.3,90.9,94.6,102.7,118.3,131.6,132.2,132.1,130.6,122.8,116.7,108.4,102.5,97.6,85.9,77.7,70,57.6,43.3,24.9,17.9,19.2,42.2,87.2,118.5,128.1,127.6,126.9,126.3,126.3,125.2,118.2,109.3,98.3,84.7,70.2,55.9,44.5,38.8,37.6,41.4,55.2,69.5,78.3,87.2,91.6,90.3,92.6,98.4,115,129.7,133.4,133.5,128.4,113.6,107.2,105.8,106.5,102.5,102.1,102.8,102.5,93,83.6,71.5,58.1,50,39.5,26.5,22.1,27.5,38.4,55.2,75.1,82.1,87.1,97.6,111,119.8,125.1,130.8,133.2,131.5,132.8,128.3,115.8,108.8,TT,Y,,2021,1,2,3/29/2008,20.16648169,20.22023389,20.0954495,20.84415584,0,0,0,0,0,86.2,71.1,63.2,61.6,50.8,43.6,47.6,55.8,61.6,66.6,75.1,92.1,105.9,112.4,114.6,112.9,107,96.4,89.5,72.5,48,19.2,35.3,45.3,47.5,48.1,47.7,48.3,48.3,56.7,78.3,93.8,106.4,116.5,123,126.8,126.9,123.4,119.5,121.2,116.5,109.3,103.7,103.4,100.2,95.3,80.4,67.5,64.4,53.9,46.1,40,31.1,35.4,60.2,82,83.3,85.2,82.9,83.4,89.2,104.5,116.5,122.5,125.1,119.4,114.5,109.7,104.3,98.1,98.3,110.4,108.5,102.2,96.3,87.9,76.6,67.9,59.3,51.3,44.2,45.1,49.6,53.2,57.1,0,0,0,0,0,94.6,102.7,118.3,131.6,132.2,132.1,130.6,122.8,116.7,108.4,102.5,97.6,85.9,77.7,70,57.6,43.3,24.9,17.9,19.2,42.2,87.2,118.5,128.1,127.6,126.9,126.3,126.3,125.2,118.2,109.3,98.3,84.7,70.2,55.9,44.5,38.8,37.6,41.4,55.2,69.5,78.3,87.2,91.6,90.3,92.6,98.4,115,129.7,133.4,133.5,128.4,113.6,107.2,105.8,106.5,102.5,102.1,102.8,102.5,93,83.6,71.5,58.1,50,39.5,26.5,22.1,27.5,38.4,55.2,75.1,82.1,87.1,97.6,111,119.8,125.1,130.8,133.2,131.5,132.8,128.3,115.8,108.8,6902.6,7784.3,81.20705882,91.58,115,55,6,6
5,3,A,S,2,90.1,1734,12,23,16,24,60,-103,1.5,0,2,0,90,2106,8,90,56.7,60.9,56.7,53.8,52.8,58.8,67.8,80.7,83.8,82.9,83.5,83.6,83,83.4,84.2,79.4,76.6,69.5,48.7,22.6,12.7,25.4,53.6,74.6,78.9,73.8,77.4,82.8,87.4,94.8,96.7,96,79.1,70.8,80.8,89.4,100.9,112.7,119.5,123.8,125.9,123.6,120.9,121.9,124.9,123.5,113.6,107.1,98.7,88.2,89.9,93.8,104.7,108.7,112.4,112.6,103.7,96.2,90.9,87.7,77.8,74.7,92.2,111.4,107,97.9,77.2,45.2,35.4,44.9,41.5,50.9,62.3,74.5,91.8,104.7,112.9,119.9,123.7,125.7,125.5,121.5,115.4,106.8,101.4,94.8,83.2,68.7,62,49,110.9,97.1,88.4,89.6,110.6,119.9,113,107.6,103.8,102.8,103.1,102.9,103,102.6,94,85.5,79.6,72.8,67.1,72.2,85.3,82.3,73.4,69.1,61.1,48.3,33.6,17.3,9.8,8.4,12.9,30.3,45.4,70.1,97.9,100.5,89.5,76.9,62.5,50.5,45.6,40.9,35.9,36.3,41.2,45.4,47.1,52.2,58.2,54.8,51,55.5,73.2,79.7,76.7,73.8,76.5,78.9,78.5,67.5,43,19.9,44.8,74.8,79.9,77.7,76.3,87.7,115.4,133.3,130.3,126.5,118.7,110.1,99.3,87.1,74.1,61.6,49.5,40.7,40.2,49,66,84.4,94.7,95.9,102,116.9,132.2,132.6,TT,Y,,2021,2,2,3/29/2008,19.24528302,20.22023389,20.0954495,20.84415584,0,0,56.7,53.8,52.8,58.8,67.8,80.7,83.8,82.9,83.5,83.6,83,83.4,84.2,79.4,76.6,69.5,48.7,22.6,12.7,25.4,53.6,74.6,78.9,73.8,77.4,82.8,87.4,94.8,96.7,96,79.1,70.8,80.8,89.4,100.9,112.7,119.5,123.8,125.9,123.6,120.9,121.9,124.9,123.5,113.6,107.1,98.7,88.2,89.9,93.8,104.7,108.7,112.4,112.6,103.7,96.2,90.9,87.7,77.8,74.7,92.2,111.4,107,97.9,77.2,45.2,35.4,44.9,41.5,50.9,62.3,74.5,91.8,104.7,112.9,119.9,123.7,125.7,125.5,121.5,115.4,106.8,101.4,94.8,83.2,68.7,62,49,0,0,88.4,89.6,110.6,119.9,113,107.6,103.8,102.8,103.1,102.9,103,102.6,94,85.5,79.6,72.8,67.1,72.2,85.3,82.3,73.4,69.1,61.1,48.3,33.6,17.3,9.8,8.4,12.9,30.3,45.4,70.1,97.9,100.5,89.5,76.9,62.5,50.5,45.6,40.9,35.9,36.3,41.2,45.4,47.1,52.2,58.2,54.8,51,55.5,73.2,79.7,76.7,73.8,76.5,78.9,78.5,67.5,43,19.9,44.8,74.8,79.9,77.7,76.3,87.7,115.4,133.3,130.3,126.5,118.7,110.1,99.3,87.1,74.1,61.6,49.5,40.7,40.2,49,66,84.4,94.7,95.9,102,116.9,132.2,132.6,7631.7,6577.1,86.72386364,74.73977273,55,115,3,3
6,3,A,W,2,90.1,1885,18,29,6,13,81,-98,1.5,0,0,0,90,2106,8,90,116,113.8,114.2,117.1,123.8,124,116.2,110,119,123,124.6,124.1,125,125.2,120.7,113.9,105.8,97.9,88.7,78.2,66.2,54.5,45.7,46.3,53.2,60.1,74.2,77,72,58.6,41.5,21,30.5,52.2,78.8,102.7,120.6,121.9,122.3,123,125.2,124.4,121.4,114.4,104.5,93.2,80.1,66.3,54.1,48.2,46.7,54.2,68.8,83.8,96.3,107.8,116.9,122.4,125.3,125.6,122.5,118.4,111.1,102.3,92.2,81.9,69.2,55.2,50.8,48.5,45.3,49.7,60.5,69.4,74.9,77.9,80.4,87.9,101.7,113.3,111.7,105.5,108,106.5,97.7,98.3,100.2,96.4,92,89.1,64.4,68.9,69.7,59.5,48.6,38.3,29.4,28.7,44,51.9,50.9,41.7,37.7,40.6,52,66.3,81.9,96.8,110.7,122.9,129.3,132.7,134,132,125.6,116.5,110.5,99.2,81,60,57,69.9,65.2,47.1,41.3,44.4,49.6,43.4,37.6,34.6,38.5,46.2,56.6,70.8,84.3,96.1,106.3,117.2,126.1,129.7,126.4,122.4,115.2,105.2,93.1,80.4,66.5,53.1,41.6,38.5,42.5,57.7,71.5,88.3,106,118.4,126.4,124.4,127.1,133.1,133.7,128,118.8,114.1,105,97,85.6,72,67.6,71.9,70.5,62.8,59.5,59.4,60.1,55.6,56.8,59.2,60.8,66.6,TT,Y,,2021,3,2,3/29/2008,20.92119867,20.22023389,20.0954495,20.84415584,0,0,0,0,0,124,116.2,110,119,123,124.6,124.1,125,125.2,120.7,113.9,105.8,97.9,88.7,78.2,66.2,54.5,45.7,46.3,53.2,60.1,74.2,77,72,58.6,41.5,21,30.5,52.2,78.8,102.7,120.6,121.9,122.3,123,125.2,124.4,121.4,114.4,104.5,93.2,80.1,66.3,54.1,48.2,46.7,54.2,68.8,83.8,96.3,107.8,116.9,122.4,125.3,125.6,122.5,118.4,111.1,102.3,92.2,81.9,69.2,55.2,50.8,48.5,45.3,49.7,60.5,69.4,74.9,77.9,80.4,87.9,101.7,113.3,111.7,105.5,108,106.5,97.7,98.3,100.2,96.4,92,89.1,0,0,0,0,0,38.3,29.4,28.7,44,51.9,50.9,41.7,37.7,40.6,52,66.3,81.9,96.8,110.7,122.9,129.3,132.7,134,132,125.6,116.5,110.5,99.2,81,60,57,69.9,65.2,47.1,41.3,44.4,49.6,43.4,37.6,34.6,38.5,46.2,56.6,70.8,84.3,96.1,106.3,117.2,126.1,129.7,126.4,122.4,115.2,105.2,93.1,80.4,66.5,53.1,41.6,38.5,42.5,57.7,71.5,88.3,106,118.4,126.4,124.4,127.1,133.1,133.7,128,118.8,114.1,105,97,85.6,72,67.6,71.9,70.5,62.8,59.5,59.4,60.1,55.6,56.8,59.2,60.8,66.6,7616.7,6819.3,89.60823529,80.22705882,115,55,6,6
4,4,A,E,2,90.1,1847,16,36,7,12,81,-67,1.5,0,0,0,90,2106,8,90,57.2,56.8,48.9,45.3,53.9,75.6,93.5,107,117.2,123.2,126.4,126.8,125.4,124.9,122.6,119.4,116.2,113.9,106.9,105.7,103.4,119.3,125.5,121.8,117.1,118.2,117.3,116.6,119.1,119.7,118.5,114.7,111.1,104.1,96.5,85.3,69.8,59.3,61.3,65,72.2,72.2,68.9,80.6,100.1,98.7,91.3,79.6,66.7,54.2,46,47.2,55.9,65.1,81.7,98.5,110.3,118.6,123.2,124.8,125.2,125.3,126.4,124,120.5,121.2,117.1,110.3,102.4,94.8,88.2,80.3,71.9,60,51.6,46.1,46.9,55.5,70.9,86.4,100.8,109.7,112.5,114.4,118,125.6,126.3,125.8,125,124.6,120,127.4,133.1,133.3,125.6,111,97.1,82.1,67.4,52.8,41.8,37.8,37.1,40.8,41.6,44.6,45.9,46.2,40,36.5,28.8,32.1,46.7,57.8,65.9,67.5,65.4,64.6,65.4,63,61.6,55.1,50.5,52.7,59.7,65.5,73.5,71.2,60.8,37.4,18.9,23.5,41.8,63,89.8,94.8,105.1,120.1,129.2,133.6,134.3,131.6,124.4,116.4,105.5,93.8,79.2,65,54.2,51,45.6,38.4,39.1,41.7,42.4,50.6,65.3,77.2,89.9,103.7,109.9,115.9,126.7,132.2,134.4,134.8,131.9,124,111.6,101.6,91.1,79.9,67.8,59.1,52.3,49.3,46.6,43.9,39.2,37.4,TT,Y,,2021,4,2,3/30/2008,20.49944506,20.22023389,20.0954495,20.84415584,0,0,48.9,45.3,53.9,75.6,93.5,107,117.2,123.2,126.4,126.8,125.4,124.9,122.6,119.4,116.2,113.9,106.9,105.7,103.4,119.3,125.5,121.8,117.1,118.2,117.3,116.6,119.1,119.7,118.5,114.7,111.1,104.1,96.5,85.3,69.8,59.3,61.3,65,72.2,72.2,68.9,80.6,100.1,98.7,91.3,79.6,66.7,54.2,46,47.2,55.9,65.1,81.7,98.5,110.3,118.6,123.2,124.8,125.2,125.3,126.4,124,120.5,121.2,117.1,110.3,102.4,94.8,88.2,80.3,71.9,60,51.6,46.1,46.9,55.5,70.9,86.4,100.8,109.7,112.5,114.4,118,125.6,126.3,125.8,125,124.6,0,0,133.1,133.3,125.6,111,97.1,82.1,67.4,52.8,41.8,37.8,37.1,40.8,41.6,44.6,45.9,46.2,40,36.5,28.8,32.1,46.7,57.8,65.9,67.5,65.4,64.6,65.4,63,61.6,55.1,50.5,52.7,59.7,65.5,73.5,71.2,60.8,37.4,18.9,23.5,41.8,63,89.8,94.8,105.1,120.1,129.2,133.6,134.3,131.6,124.4,116.4,105.5,93.8,79.2,65,54.2,51,45.6,38.4,39.1,41.7,42.4,50.6,65.3,77.2,89.9,103.7,109.9,115.9,126.7,132.2,134.4,134.8,131.9,124,111.6,101.6,91.1,79.9,67.8,59.1,52.3,49.3,46.6,43.9,39.2,37.4,8579.9,6518.6,97.49886364,74.075,55,115,3,3
5,4,A,S,2,90.1,1770,17,27,14,8,78,-115,1.5,0,0,0,90,2106,8,90,57.9,62.8,74.8,77.7,80.2,83.4,83.2,84.8,79.2,70.6,60.1,55.6,54.4,50.2,51.6,57.6,74.8,88.7,102.8,113.3,120.9,125.2,125.6,120.9,120.6,125.9,126.2,123.8,124.1,121,122.2,122.7,118.3,108.1,85,55.8,31.7,28.3,43.9,46.5,62.1,82.4,95,96.9,92.4,81,71,73.1,70.3,60.4,53.7,56.2,64,67,60.7,57.5,56.2,60.5,67.3,80.1,95.3,105.5,112.9,115.7,110.9,97.1,93.2,106.5,117.4,121.1,125.4,126.6,123.3,118.6,111.1,102.3,92,81.3,69.2,59.1,47.4,44.8,48.4,62.1,76,82.3,85.4,96.2,98.2,93.2,119.7,114.6,109.9,106.2,105.6,101.3,99.7,102.9,101.2,110.9,120.7,121.8,122.9,123.6,125,120,111.2,99.8,86.8,72.4,59.1,47.5,40.7,33.8,31.8,37.1,39.5,41.8,51.5,53.5,54.6,53.3,40.8,27.4,16.5,41.9,71.9,107.2,130.5,128.5,118.8,106,96,92.2,81.3,63.2,33.3,17.1,20.7,29.9,37.1,49.9,56.5,48.6,56.4,73.5,95.2,119.5,115.2,106.8,95.9,84.8,76.5,71.9,70.1,68.7,62.1,66.1,68.4,59.1,44.7,38.2,43.7,59.4,75.1,91.9,106.6,118.8,126.6,132.9,132.6,133.1,126.6,117,110,105.8,95,92,81.8,68.6,TT,Y,,2021,5,2,3/30/2008,19.64483907,20.22023389,20.0954495,20.84415584,0,0,74.8,77.7,80.2,83.4,83.2,84.8,79.2,70.6,60.1,55.6,54.4,50.2,51.6,57.6,74.8,88.7,102.8,113.3,120.9,125.2,125.6,120.9,120.6,125.9,126.2,123.8,124.1,121,122.2,122.7,118.3,108.1,85,55.8,31.7,28.3,43.9,46.5,62.1,82.4,95,96.9,92.4,81,71,73.1,70.3,60.4,53.7,56.2,64,67,60.7,57.5,56.2,60.5,67.3,80.1,95.3,105.5,112.9,115.7,110.9,97.1,93.2,106.5,117.4,121.1,125.4,126.6,123.3,118.6,111.1,102.3,92,81.3,69.2,59.1,47.4,44.8,48.4,62.1,76,82.3,85.4,96.2,98.2,93.2,0,0,109.9,106.2,105.6,101.3,99.7,102.9,101.2,110.9,120.7,121.8,122.9,123.6,125,120,111.2,99.8,86.8,72.4,59.1,47.5,40.7,33.8,31.8,37.1,39.5,41.8,51.5,53.5,54.6,53.3,40.8,27.4,16.5,41.9,71.9,107.2,130.5,128.5,118.8,106,96,92.2,81.3,63.2,33.3,17.1,20.7,29.9,37.1,49.9,56.5,48.6,56.4,73.5,95.2,119.5,115.2,106.8,95.9,84.8,76.5,71.9,70.1,68.7,62.1,66.1,68.4,59.1,44.7,38.2,43.7,59.4,75.1,91.9,106.6,118.8,126.6,132.9,132.6,133.1,126.6,117,110,105.8,95,92,81.8,68.6,7566,7092,85.97727273,80.59090909,55,115,3,3
6,4,A,W,2,30.8,642,37,10,17,20,63,9,1.5,0,0,0,90,2106,8,30,121.1,119,116.7,116.6,107.5,94.6,80.3,59.1,48.1,50.9,56.2,62.1,80.1,89.9,90.9,89,81.1,71.2,58.3,44.1,20,21.7,49.1,63.4,57.9,48.8,44.8,48.9,60.5,75.1,0,0,0,0,0,0,0,0,0,0,0,0,0,0,0,0,0,0,0,0,0,0,0,0,0,0,0,0,0,0,0,0,0,0,0,0,0,0,0,0,0,0,0,0,0,0,0,0,0,0,0,0,0,0,0,0,0,0,0,0,60.1,57.2,50.9,53.6,52.3,53.5,59.7,77.1,101.8,119.8,123.3,116.8,107.7,100,89.3,70.3,42,22.6,32.8,48.8,70.2,89.6,114.9,129.4,129.5,131.9,133.3,128.2,120.5,110.4,0,0,0,0,0,0,0,0,0,0,0,0,0,0,0,0,0,0,0,0,0,0,0,0,0,0,0,0,0,0,0,0,0,0,0,0,0,0,0,0,0,0,0,0,0,0,0,0,0,0,0,0,0,0,0,0,0,0,0,0,FS,Y,,2021,6,2,3/30/2008,20.84415584,20.22023389,20.0954495,20.84415584,0,0,0,0,0,94.6,80.3,59.1,48.1,50.9,56.2,62.1,80.1,89.9,90.9,89,81.1,71.2,58.3,44.1,20,21.7,49.1,63.4,57.9,48.8,44.8,48.9,60.5,75.1,0,0,0,0,0,0,0,0,0,0,0,0,0,0,0,0,0,0,0,0,0,0,0,0,0,0,0,0,0,0,0,0,0,0,0,0,0,0,0,0,0,0,0,0,0,0,0,0,0,0,0,0,0,0,0,0,0,0,0,0,0,0,0,0,0,53.5,59.7,77.1,101.8,119.8,123.3,116.8,107.7,100,89.3,70.3,42,22.6,32.8,48.8,70.2,89.6,114.9,129.4,129.5,131.9,133.3,128.2,120.5,110.4,0,0,0,0,0,0,0,0,0,0,0,0,0,0,0,0,0,0,0,0,0,0,0,0,0,0,0,0,0,0,0,0,0,0,0,0,0,0,0,0,0,0,0,0,0,0,0,0,0,0,0,0,0,0,0,0,0,0,0,0,1546.1,2323.4,61.844,92.936,115,55,6,6
13,3,A,N,2,90.1,1833,33,16,12,33,55,-71,1.5,1,1,0,90,2106,23,90,112.2,109.5,100.9,91.8,84.3,77.2,66.5,55,38,13.5,26,25.6,30.1,30.8,37.7,54.5,62.6,60.2,71.8,90.2,96.7,90,90.6,82.3,72.9,56.4,42.4,42.3,38.9,39.5,42.7,53.8,62.8,59.6,65.4,77,97.7,101.4,101.3,105.9,107.9,111.1,107.7,91.9,80.1,78.9,83.2,92.9,94.7,93.7,84.7,61.8,41.8,33.9,38,38.5,34.3,34.4,44.7,53.6,57,55,51.9,53.7,57.7,54.1,37.7,23.6,39.3,65.2,84.5,92.3,104.2,114.9,119.4,123.2,125.3,122.5,120.3,115.5,109.6,94.7,80.7,81.3,79.6,74.9,58.9,36.1,39.3,47,67.1,72.8,81.1,85.4,88.7,89.2,85.4,81.8,86,82.7,70.1,73.4,74,74.4,77.2,95.2,103.9,103.2,103.5,97.9,92.7,88.4,90.7,98.8,103.8,108.5,117.8,126,124.2,128,130.2,132.2,133.2,123.9,112.7,100.5,100.3,93.7,76.4,63.6,50.7,39.3,24.9,7.2,17.8,32.2,55.5,79.4,83.7,84.5,85.6,86,97.5,112.6,121.7,124.3,123.2,118.4,118.6,119.8,122.2,118.2,111.4,110,118.5,124.6,119,109.1,104.7,105.2,100,85.2,69.6,56.4,42,34.9,41.5,49,56.7,54.9,51.8,62.8,84.1,112.7,113.4,114.4,120.8,118.4,125.5,128.1,TT,Y,,2021,1,2,3/29/2008,20.34406215,22.97431224,23.10164222,22.33766234,0,0,0,0,84.3,77.2,66.5,55,38,13.5,26,25.6,30.1,30.8,37.7,54.5,62.6,60.2,71.8,90.2,96.7,90,90.6,82.3,72.9,56.4,42.4,42.3,38.9,39.5,42.7,53.8,62.8,59.6,65.4,77,97.7,101.4,101.3,105.9,107.9,111.1,107.7,91.9,80.1,78.9,83.2,92.9,94.7,93.7,84.7,61.8,41.8,33.9,38,38.5,34.3,34.4,44.7,53.6,57,55,51.9,53.7,57.7,54.1,37.7,23.6,39.3,65.2,84.5,92.3,104.2,114.9,119.4,123.2,125.3,122.5,120.3,115.5,109.6,94.7,80.7,81.3,79.6,74.9,58.9,36.1,39.3,47,0,0,0,0,88.7,89.2,85.4,81.8,86,82.7,70.1,73.4,74,74.4,77.2,95.2,103.9,103.2,103.5,97.9,92.7,88.4,90.7,98.8,103.8,108.5,117.8,126,124.2,128,130.2,132.2,133.2,123.9,112.7,100.5,100.3,93.7,76.4,63.6,50.7,39.3,24.9,7.2,17.8,32.2,55.5,79.4,83.7,84.5,85.6,86,97.5,112.6,121.7,124.3,123.2,118.4,118.6,119.8,122.2,118.2,111.4,110,118.5,124.6,119,109.1,104.7,105.2,100,85.2,69.6,56.4,42,34.9,41.5,49,56.7,54.9,51.8,62.8,84.1,112.7,113.4,114.4,120.8,118.4,125.5,128.1,5970.8,7880.2,69.42790698,91.63023256,115,55,5,5
14,3,A,S,2,52.9,1241,29,12,21,42,37,-118,1.5,2,1,0,90,2106,23,52,61.4,64.2,77.2,93.6,99.6,103.7,108.6,100.2,81.7,66.2,63.3,67.5,75,74.5,72.9,59.4,37.4,32.5,46.1,47,57.4,74.1,86.9,96.1,104.7,120.5,122.8,118.2,111.1,93.3,62.9,49,47.1,39.5,32.4,24.8,33.1,49.6,63.1,59.3,49.4,36.1,21.8,22.1,37.5,45.1,53.7,54.1,45.9,33.4,24.9,13,0,0,0,0,0,0,0,0,0,0,0,0,0,0,0,0,0,0,0,0,0,0,0,0,0,0,0,0,0,0,0,0,0,0,0,0,0,0,110.4,96.7,90.2,87.9,84.2,69.7,53.1,28.7,12.1,38.4,75.8,96.5,120.7,117.1,116.5,119.7,117.6,118.8,123.7,120.4,106,91.8,74.1,59,47.8,51.8,52.1,51.4,58.2,58.4,68.5,96,120.4,123.1,116.1,105.8,98.7,99.1,95.9,85.9,82.5,80.9,83.2,68.7,52.6,49.4,67.1,84.4,93.3,107.2,110.2,101.7,0,0,0,0,0,0,0,0,0,0,0,0,0,0,0,0,0,0,0,0,0,0,0,0,0,0,0,0,0,0,0,0,0,0,0,0,0,0,TT,Y,,2021,2,2,3/29/2008,23.45935728,22.97431224,23.10164222,22.33766234,0,64.2,77.2,93.6,99.6,103.7,108.6,100.2,81.7,66.2,63.3,67.5,75,74.5,72.9,59.4,37.4,32.5,46.1,47,57.4,74.1,86.9,96.1,104.7,120.5,122.8,118.2,111.1,93.3,62.9,49,47.1,39.5,32.4,24.8,33.1,49.6,63.1,59.3,49.4,36.1,21.8,22.1,37.5,45.1,53.7,54.1,45.9,33.4,24.9,13,0,0,0,0,0,0,0,0,0,0,0,0,0,0,0,0,0,0,0,0,0,0,0,0,0,0,0,0,0,0,0,0,0,0,0,0,0,0,0,96.7,90.2,87.9,84.2,69.7,53.1,28.7,12.1,38.4,75.8,96.5,120.7,117.1,116.5,119.7,117.6,118.8,123.7,120.4,106,91.8,74.1,59,47.8,51.8,52.1,51.4,58.2,58.4,68.5,96,120.4,123.1,116.1,105.8,98.7,99.1,95.9,85.9,82.5,80.9,83.2,68.7,52.6,49.4,67.1,84.4,93.3,107.2,110.2,101.7,0,0,0,0,0,0,0,0,0,0,0,0,0,0,0,0,0,0,0,0,0,0,0,0,0,0,0,0,0,0,0,0,0,0,0,0,0,0,3253.5,4329.1,63.79411765,84.88431373,55,115,2,2
15,3,A,W,2,36.3,865,43,34,34,37,29,-60,1.5,1,1,0,90,2106,23,36,115.6,105.4,90.9,76.6,46.5,26.3,28.8,21.5,23.5,44,54.1,53,30.8,27.7,45.5,45.4,35.7,21.6,17.6,34.2,56.6,77,108.9,125.8,123.7,123.6,119.9,116.2,101.9,85.6,64.2,45.5,42.6,43,30.4,14.5,0,0,0,0,0,0,0,0,0,0,0,0,0,0,0,0,0,0,0,0,0,0,0,0,0,0,0,0,0,0,0,0,0,0,0,0,0,0,0,0,0,0,0,0,0,0,0,0,0,0,0,0,0,0,44.9,26.6,7.1,13.3,43.3,79.8,107.1,101.4,95.6,77.4,71.6,80.7,93.6,114.2,133.5,132.1,117.4,98.2,82.2,58,35,17.4,26.3,41.6,40.6,47,48.9,50.6,56.7,66.7,68.4,82,113,121.9,115.4,103,0,0,0,0,0,0,0,0,0,0,0,0,0,0,0,0,0,0,0,0,0,0,0,0,0,0,0,0,0,0,0,0,0,0,0,0,0,0,0,0,0,0,0,0,0,0,0,0,0,0,0,0,0,0,TT,Y,,2021,3,2,3/29/2008,23.8292011,22.97431224,23.10164222,22.33766234,0,0,0,0,46.5,26.3,28.8,21.5,23.5,44,54.1,53,30.8,27.7,45.5,45.4,35.7,21.6,17.6,34.2,56.6,77,108.9,125.8,123.7,123.6,119.9,116.2,101.9,85.6,64.2,45.5,42.6,43,30.4,14.5,0,0,0,0,0,0,0,0,0,0,0,0,0,0,0,0,0,0,0,0,0,0,0,0,0,0,0,0,0,0,0,0,0,0,0,0,0,0,0,0,0,0,0,0,0,0,0,0,0,0,0,0,0,0,0,0,0,0,43.3,79.8,107.1,101.4,95.6,77.4,71.6,80.7,93.6,114.2,133.5,132.1,117.4,98.2,82.2,58,35,17.4,26.3,41.6,40.6,47,48.9,50.6,56.7,66.7,68.4,82,113,121.9,115.4,103,0,0,0,0,0,0,0,0,0,0,0,0,0,0,0,0,0,0,0,0,0,0,0,0,0,0,0,0,0,0,0,0,0,0,0,0,0,0,0,0,0,0,0,0,0,0,0,0,0,0,0,0,0,0,1835.6,2520.6,57.3625,78.76875,115,55,5,5
13,4,A,E,2,38.1,963,45,12,20,32,48,-58,1.5,1,0,0,90,2106,23,38,58.4,52.5,38.2,32,47,69.8,85.9,104.6,109.2,106.6,104.3,107.9,113.8,116.6,114.1,103.6,83.9,64.3,45.7,37.7,43.8,41.5,39.4,38.5,51.3,66.9,59.7,51.3,18.3,18.2,22.5,23.9,30.6,39,41.6,50.9,51.6,14.7,0,0,0,0,0,0,0,0,0,0,0,0,0,0,0,0,0,0,0,0,0,0,0,0,0,0,0,0,0,0,0,0,0,0,0,0,0,0,0,0,0,0,0,0,0,0,0,0,0,0,0,0,122.4,128.4,125.2,116.7,116.8,111.8,95.8,84.1,74.1,54.6,28.3,21.4,45.9,65.5,62.9,70.8,82.1,97,110.9,123.6,132.9,130.5,128.5,121.4,110.5,108,108.1,105.9,86.7,73.5,67.4,65.5,60.1,65.3,74.6,91.5,99.8,96.2,0,0,0,0,0,0,0,0,0,0,0,0,0,0,0,0,0,0,0,0,0,0,0,0,0,0,0,0,0,0,0,0,0,0,0,0,0,0,0,0,0,0,0,0,0,0,0,0,0,0,0,0,TT,Y,,2021,4,2,3/30/2008,25.27559055,22.97431224,23.10164222,22.33766234,0,52.5,38.2,32,47,69.8,85.9,104.6,109.2,106.6,104.3,107.9,113.8,116.6,114.1,103.6,83.9,64.3,45.7,37.7,43.8,41.5,39.4,38.5,51.3,66.9,59.7,51.3,18.3,18.2,22.5,23.9,30.6,39,41.6,50.9,51.6,14.7,0,0,0,0,0,0,0,0,0,0,0,0,0,0,0,0,0,0,0,0,0,0,0,0,0,0,0,0,0,0,0,0,0,0,0,0,0,0,0,0,0,0,0,0,0,0,0,0,0,0,0,0,0,128.4,125.2,116.7,116.8,111.8,95.8,84.1,74.1,54.6,28.3,21.4,45.9,65.5,62.9,70.8,82.1,97,110.9,123.6,132.9,130.5,128.5,121.4,110.5,108,108.1,105.9,86.7,73.5,67.4,65.5,60.1,65.3,74.6,91.5,99.8,96.2,0,0,0,0,0,0,0,0,0,0,0,0,0,0,0,0,0,0,0,0,0,0,0,0,0,0,0,0,0,0,0,0,0,0,0,0,0,0,0,0,0,0,0,0,0,0,0,0,0,0,0,0,2241.4,3342.3,60.57837838,90.33243243,55,115,2,2
14,4,A,S,2,10,226,61,2,35,36,29,-113,1.5,0,0,0,90,2106,23,9,52.9,67.8,70.9,51.9,40.2,23.3,21.4,16.7,16.4,0,0,0,0,0,0,0,0,0,0,0,0,0,0,0,0,0,0,0,0,0,0,0,0,0,0,0,0,0,0,0,0,0,0,0,0,0,0,0,0,0,0,0,0,0,0,0,0,0,0,0,0,0,0,0,0,0,0,0,0,0,0,0,0,0,0,0,0,0,0,0,0,0,0,0,0,0,0,0,0,0,114.9,110.5,95.9,71.5,69.8,101.9,108.1,104.6,97.4,0,0,0,0,0,0,0,0,0,0,0,0,0,0,0,0,0,0,0,0,0,0,0,0,0,0,0,0,0,0,0,0,0,0,0,0,0,0,0,0,0,0,0,0,0,0,0,0,0,0,0,0,0,0,0,0,0,0,0,0,0,0,0,0,0,0,0,0,0,0,0,0,0,0,0,0,0,0,0,0,0,TT,Y,,2021,5,2,3/30/2008,22.6,22.97431224,23.10164222,22.33766234,0,67.8,70.9,51.9,40.2,23.3,21.4,16.7,16.4,0,0,0,0,0,0,0,0,0,0,0,0,0,0,0,0,0,0,0,0,0,0,0,0,0,0,0,0,0,0,0,0,0,0,0,0,0,0,0,0,0,0,0,0,0,0,0,0,0,0,0,0,0,0,0,0,0,0,0,0,0,0,0,0,0,0,0,0,0,0,0,0,0,0,0,0,0,0,0,0,0,0,110.5,95.9,71.5,69.8,101.9,108.1,104.6,97.4,0,0,0,0,0,0,0,0,0,0,0,0,0,0,0,0,0,0,0,0,0,0,0,0,0,0,0,0,0,0,0,0,0,0,0,0,0,0,0,0,0,0,0,0,0,0,0,0,0,0,0,0,0,0,0,0,0,0,0,0,0,0,0,0,0,0,0,0,0,0,0,0,0,0,0,0,0,0,0,0,0,308.6,759.7,38.575,94.9625,55,115,2,2
15,4,A,W,2,30.8,688,28,10,22,37,41,57,1.5,2,0,0,90,2106,23,30,113.4,102.9,79.9,61,33.2,13.2,3.8,6.3,7.5,30.5,53.3,74.3,77.6,76,56.1,41.9,15.2,26.6,54.5,70.4,82.1,80.5,88.4,105.2,106.7,106.2,104.6,103.1,91.6,78.3,0,0,0,0,0,0,0,0,0,0,0,0,0,0,0,0,0,0,0,0,0,0,0,0,0,0,0,0,0,0,0,0,0,0,0,0,0,0,0,0,0,0,0,0,0,0,0,0,0,0,0,0,0,0,0,0,0,0,0,0,63.9,69.5,70.8,74.7,95,100.8,88.7,86.9,87,83,87.5,99.6,103.4,103.8,103.9,103.4,99.4,105.8,125.3,129.3,123.8,111.4,94.5,90.6,89.3,85.4,76.8,63,41.8,20.4,0,0,0,0,0,0,0,0,0,0,0,0,0,0,0,0,0,0,0,0,0,0,0,0,0,0,0,0,0,0,0,0,0,0,0,0,0,0,0,0,0,0,0,0,0,0,0,0,0,0,0,0,0,0,0,0,0,0,0,0,FS,Y,,2021,6,2,3/30/2008,22.33766234,22.97431224,23.10164222,22.33766234,0,0,0,0,33.2,13.2,3.8,6.3,7.5,30.5,53.3,74.3,77.6,76,56.1,41.9,15.2,26.6,54.5,70.4,82.1,80.5,88.4,105.2,106.7,106.2,104.6,103.1,91.6,78.3,0,0,0,0,0,0,0,0,0,0,0,0,0,0,0,0,0,0,0,0,0,0,0,0,0,0,0,0,0,0,0,0,0,0,0,0,0,0,0,0,0,0,0,0,0,0,0,0,0,0,0,0,0,0,0,0,0,0,0,0,0,0,0,0,95,100.8,88.7,86.9,87,83,87.5,99.6,103.4,103.8,103.9,103.4,99.4,105.8,125.3,129.3,123.8,111.4,94.5,90.6,89.3,85.4,76.8,63,41.8,20.4,0,0,0,0,0,0,0,0,0,0,0,0,0,0,0,0,0,0,0,0,0,0,0,0,0,0,0,0,0,0,0,0,0,0,0,0,0,0,0,0,0,0,0,0,0,0,0,0,0,0,0,0,0,0,0,0,0,0,0,0,1587.1,2399.8,61.04230769,92.3,115,55,5,5
25,3,A,N,2,36.2,836,15,34,33,35,32,48,1.5,1,1,0,90,2106,41,36,111.5,105,95.3,84.5,75.8,76.8,91.1,102.5,100.6,98.2,95.7,86.1,71.3,59.5,48.3,46.5,48.8,37.6,32.8,36.2,48.1,60.8,70,71.4,75.1,80.5,85.6,101.3,119.8,124.8,120.7,115.8,104.7,84.6,51.6,19.2,0,0,0,0,0,0,0,0,0,0,0,0,0,0,0,0,0,0,0,0,0,0,0,0,0,0,0,0,0,0,0,0,0,0,0,0,0,0,0,0,0,0,0,0,0,0,0,0,0,0,0,0,0,0,54.3,42.2,33.5,37.7,48.4,73.4,86.3,95.7,95.2,86.3,73.3,49.6,28.2,32.4,59.3,83.1,106.1,117.3,121.5,121.4,121,116.1,104.3,84.7,59.8,43.3,18.1,19.3,41.8,48.7,48.6,52.7,65,75.8,81.7,87.2,0,0,0,0,0,0,0,0,0,0,0,0,0,0,0,0,0,0,0,0,0,0,0,0,0,0,0,0,0,0,0,0,0,0,0,0,0,0,0,0,0,0,0,0,0,0,0,0,0,0,0,0,0,0,TT,Y,,2021,1,2,3/29/2008,23.09392265,20.81664034,20.91482183,20.3257329,0,0,0,0,75.8,76.8,91.1,102.5,100.6,98.2,95.7,86.1,71.3,59.5,48.3,46.5,48.8,37.6,32.8,36.2,48.1,60.8,70,71.4,75.1,80.5,85.6,101.3,119.8,124.8,120.7,115.8,104.7,84.6,51.6,19.2,0,0,0,0,0,0,0,0,0,0,0,0,0,0,0,0,0,0,0,0,0,0,0,0,0,0,0,0,0,0,0,0,0,0,0,0,0,0,0,0,0,0,0,0,0,0,0,0,0,0,0,0,0,0,0,0,0,0,48.4,73.4,86.3,95.7,95.2,86.3,73.3,49.6,28.2,32.4,59.3,83.1,106.1,117.3,121.5,121.4,121,116.1,104.3,84.7,59.8,43.3,18.1,19.3,41.8,48.7,48.6,52.7,65,75.8,81.7,87.2,0,0,0,0,0,0,0,0,0,0,0,0,0,0,0,0,0,0,0,0,0,0,0,0,0,0,0,0,0,0,0,0,0,0,0,0,0,0,0,0,0,0,0,0,0,0,0,0,0,0,0,0,0,0,2441.8,2345.6,76.30625,73.3,115,55,5,5
26,3,A,S,2,23.1,533,29,15,42,39,19,-94,1.5,1,1,0,90,2106,41,23,54.6,58,47,43.6,51.5,70.6,85.9,83.3,71.7,60.3,63.5,63.6,61,51.2,41.7,27.8,26.5,32.6,50.1,71.9,69.9,42.3,15.4,0,0,0,0,0,0,0,0,0,0,0,0,0,0,0,0,0,0,0,0,0,0,0,0,0,0,0,0,0,0,0,0,0,0,0,0,0,0,0,0,0,0,0,0,0,0,0,0,0,0,0,0,0,0,0,0,0,0,0,0,0,0,0,0,0,0,0,109.7,95.1,87.4,73.7,54.4,33.7,21.2,10.3,20.3,50.2,77.1,84.1,101.1,116.5,124,116.2,105.6,89.3,80.5,98.1,108.5,109.4,96.9,0,0,0,0,0,0,0,0,0,0,0,0,0,0,0,0,0,0,0,0,0,0,0,0,0,0,0,0,0,0,0,0,0,0,0,0,0,0,0,0,0,0,0,0,0,0,0,0,0,0,0,0,0,0,0,0,0,0,0,0,0,0,0,0,0,0,0,TT,Y,,2021,2,2,3/29/2008,23.07359307,20.81664034,20.91482183,20.3257329,0,0,47,43.6,51.5,70.6,85.9,83.3,71.7,60.3,63.5,63.6,61,51.2,41.7,27.8,26.5,32.6,50.1,71.9,69.9,42.3,15.4,0,0,0,0,0,0,0,0,0,0,0,0,0,0,0,0,0,0,0,0,0,0,0,0,0,0,0,0,0,0,0,0,0,0,0,0,0,0,0,0,0,0,0,0,0,0,0,0,0,0,0,0,0,0,0,0,0,0,0,0,0,0,0,0,0,0,0,0,0,87.4,73.7,54.4,33.7,21.2,10.3,20.3,50.2,77.1,84.1,101.1,116.5,124,116.2,105.6,89.3,80.5,98.1,108.5,109.4,96.9,0,0,0,0,0,0,0,0,0,0,0,0,0,0,0,0,0,0,0,0,0,0,0,0,0,0,0,0,0,0,0,0,0,0,0,0,0,0,0,0,0,0,0,0,0,0,0,0,0,0,0,0,0,0,0,0,0,0,0,0,0,0,0,0,0,0,0,1131.4,1658.5,53.87619048,78.97619048,55,115,3,3
27,3,A,W,2,4.9,105,18,1,50,33,17,36,1.5,1,0,0,90,2106,41,4,103,87.9,64,39.9,0,0,0,0,0,0,0,0,0,0,0,0,0,0,0,0,0,0,0,0,0,0,0,0,0,0,0,0,0,0,0,0,0,0,0,0,0,0,0,0,0,0,0,0,0,0,0,0,0,0,0,0,0,0,0,0,0,0,0,0,0,0,0,0,0,0,0,0,0,0,0,0,0,0,0,0,0,0,0,0,0,0,0,0,0,0,63.3,66.2,66.7,70.2,0,0,0,0,0,0,0,0,0,0,0,0,0,0,0,0,0,0,0,0,0,0,0,0,0,0,0,0,0,0,0,0,0,0,0,0,0,0,0,0,0,0,0,0,0,0,0,0,0,0,0,0,0,0,0,0,0,0,0,0,0,0,0,0,0,0,0,0,0,0,0,0,0,0,0,0,0,0,0,0,0,0,0,0,0,0,TT,Y,,2021,3,2,3/29/2008,21.42857143,20.81664034,20.91482183,20.3257329,0,0,0,0,0,0,0,0,0,0,0,0,0,0,0,0,0,0,0,0,0,0,0,0,0,0,0,0,0,0,0,0,0,0,0,0,0,0,0,0,0,0,0,0,0,0,0,0,0,0,0,0,0,0,0,0,0,0,0,0,0,0,0,0,0,0,0,0,0,0,0,0,0,0,0,0,0,0,0,0,0,0,0,0,0,0,0,0,0,0,0,0,0,0,0,0,0,0,0,0,0,0,0,0,0,0,0,0,0,0,0,0,0,0,0,0,0,0,0,0,0,0,0,0,0,0,0,0,0,0,0,0,0,0,0,0,0,0,0,0,0,0,0,0,0,0,0,0,0,0,0,0,0,0,0,0,0,0,0,0,0,0,0,0,0,0,0,0,0,0,0,0,0,0,0,0,0,0,0,0,0,0,0,0,115,55,5,5
22,4,A,E,2,12.6,279,32,9,65,26,9,-8,1.5,1,0,0,90,2106,41,12,61.1,38.1,40.8,43.2,39.4,39.3,47.7,57.1,59.6,57.1,39.4,18.1,0,0,0,0,0,0,0,0,0,0,0,0,0,0,0,0,0,0,0,0,0,0,0,0,0,0,0,0,0,0,0,0,0,0,0,0,0,0,0,0,0,0,0,0,0,0,0,0,0,0,0,0,0,0,0,0,0,0,0,0,0,0,0,0,0,0,0,0,0,0,0,0,0,0,0,0,0,0,124.7,104.2,97.8,89.5,75.8,64.2,43.1,36.1,49.4,67.6,80.2,97.1,0,0,0,0,0,0,0,0,0,0,0,0,0,0,0,0,0,0,0,0,0,0,0,0,0,0,0,0,0,0,0,0,0,0,0,0,0,0,0,0,0,0,0,0,0,0,0,0,0,0,0,0,0,0,0,0,0,0,0,0,0,0,0,0,0,0,0,0,0,0,0,0,0,0,0,0,0,0,TT,Y,,2021,4,2,3/30/2008,22.14285714,20.81664034,20.91482183,20.3257329,0,0,40.8,43.2,39.4,39.3,47.7,57.1,59.6,57.1,39.4,18.1,0,0,0,0,0,0,0,0,0,0,0,0,0,0,0,0,0,0,0,0,0,0,0,0,0,0,0,0,0,0,0,0,0,0,0,0,0,0,0,0,0,0,0,0,0,0,0,0,0,0,0,0,0,0,0,0,0,0,0,0,0,0,0,0,0,0,0,0,0,0,0,0,0,0,0,0,0,0,0,0,97.8,89.5,75.8,64.2,43.1,36.1,49.4,67.6,80.2,97.1,0,0,0,0,0,0,0,0,0,0,0,0,0,0,0,0,0,0,0,0,0,0,0,0,0,0,0,0,0,0,0,0,0,0,0,0,0,0,0,0,0,0,0,0,0,0,0,0,0,0,0,0,0,0,0,0,0,0,0,0,0,0,0,0,0,0,0,0,0,0,0,0,0,0,0,0,0,0,441.7,700.8,44.17,70.08,55,115,3,3
23,4,A,S,2,9.1,135,21,1,64,26,10,-88,1.5,1,0,0,90,2106,41,9,61.8,62.1,62.3,53.9,41.7,39.4,38.9,14.1,3.7,0,0,0,0,0,0,0,0,0,0,0,0,0,0,0,0,0,0,0,0,0,0,0,0,0,0,0,0,0,0,0,0,0,0,0,0,0,0,0,0,0,0,0,0,0,0,0,0,0,0,0,0,0,0,0,0,0,0,0,0,0,0,0,0,0,0,0,0,0,0,0,0,0,0,0,0,0,0,0,0,0,104,91.9,81,74.5,68.4,65.7,65.3,82.1,91.6,0,0,0,0,0,0,0,0,0,0,0,0,0,0,0,0,0,0,0,0,0,0,0,0,0,0,0,0,0,0,0,0,0,0,0,0,0,0,0,0,0,0,0,0,0,0,0,0,0,0,0,0,0,0,0,0,0,0,0,0,0,0,0,0,0,0,0,0,0,0,0,0,0,0,0,0,0,0,0,0,0,TT,Y,,2021,5,2,3/30/2008,14.83516484,20.81664034,20.91482183,20.3257329,0,0,62.3,53.9,41.7,39.4,38.9,14.1,3.7,0,0,0,0,0,0,0,0,0,0,0,0,0,0,0,0,0,0,0,0,0,0,0,0,0,0,0,0,0,0,0,0,0,0,0,0,0,0,0,0,0,0,0,0,0,0,0,0,0,0,0,0,0,0,0,0,0,0,0,0,0,0,0,0,0,0,0,0,0,0,0,0,0,0,0,0,0,0,0,0,0,0,0,81,74.5,68.4,65.7,65.3,82.1,91.6,0,0,0,0,0,0,0,0,0,0,0,0,0,0,0,0,0,0,0,0,0,0,0,0,0,0,0,0,0,0,0,0,0,0,0,0,0,0,0,0,0,0,0,0,0,0,0,0,0,0,0,0,0,0,0,0,0,0,0,0,0,0,0,0,0,0,0,0,0,0,0,0,0,0,0,0,0,0,0,0,0,254,528.6,36.28571429,75.51428571,55,115,3,3
24,4,A,W,2,30.7,624,54,20,64,33,3,-51,1.5,4,1,0,90,2106,41,30,112.9,104.6,93.3,78.2,68.7,61.7,50.4,34.9,16.3,18.7,28.6,39.2,44.2,57,49.2,27.6,8.2,9.8,13.5,18.2,13.6,23,16.4,9.4,20.4,34.7,37.7,27.1,20.2,17.6,0,0,0,0,0,0,0,0,0,0,0,0,0,0,0,0,0,0,0,0,0,0,0,0,0,0,0,0,0,0,0,0,0,0,0,0,0,0,0,0,0,0,0,0,0,0,0,0,0,0,0,0,0,0,0,0,0,0,0,0,41.3,27.3,12.1,13.7,34.9,49.6,67.2,76.6,81.3,73.3,64.9,61,67.6,76.7,92.7,95.3,87.4,84.5,84.6,96.5,101,109.1,102.4,88.2,79.4,75.2,93.6,108.7,104.5,98.6,0,0,0,0,0,0,0,0,0,0,0,0,0,0,0,0,0,0,0,0,0,0,0,0,0,0,0,0,0,0,0,0,0,0,0,0,0,0,0,0,0,0,0,0,0,0,0,0,0,0,0,0,0,0,0,0,0,0,0,0,FS,Y,,2021,6,2,3/30/2008,20.3257329,20.81664034,20.91482183,20.3257329,0,0,0,0,0,61.7,50.4,34.9,16.3,18.7,28.6,39.2,44.2,57,49.2,27.6,8.2,9.8,13.5,18.2,13.6,23,16.4,9.4,20.4,34.7,37.7,27.1,20.2,17.6,0,0,0,0,0,0,0,0,0,0,0,0,0,0,0,0,0,0,0,0,0,0,0,0,0,0,0,0,0,0,0,0,0,0,0,0,0,0,0,0,0,0,0,0,0,0,0,0,0,0,0,0,0,0,0,0,0,0,0,0,0,0,0,0,0,49.6,67.2,76.6,81.3,73.3,64.9,61,67.6,76.7,92.7,95.3,87.4,84.5,84.6,96.5,101,109.1,102.4,88.2,79.4,75.2,93.6,108.7,104.5,98.6,0,0,0,0,0,0,0,0,0,0,0,0,0,0,0,0,0,0,0,0,0,0,0,0,0,0,0,0,0,0,0,0,0,0,0,0,0,0,0,0,0,0,0,0,0,0,0,0,0,0,0,0,0,0,0,0,0,0,0,0,697.6,2119.9,27.904,84.796,115,55,6,6
22,3,B,N,2,57,569,19,31,16,15,69,66,1.5,2,1,0,90,2106,93,56,116.2,118.5,119.4,120,120.7,120.2,117,111.6,104.9,97.4,91.4,86.4,78.8,72.2,68,64,49.7,43,63.8,85,90.2,89.7,89.3,87.2,88.5,90.1,90.8,90.3,88.4,85.1,81.8,78.3,78.8,77.7,85.6,92.5,92.2,96,99.4,96.1,90.8,87.7,76.8,65.1,64.9,64.1,62,58.6,59.1,57.4,57,54.4,52,48.8,46.3,34.7,0,0,0,0,0,0,0,0,0,0,0,0,0,0,0,0,0,0,0,0,0,0,0,0,0,0,0,0,0,0,0,0,0,0,59.8,58.8,58,57.4,57.5,55.7,53.4,42.8,30.2,22.3,14.3,9.8,13.2,19.5,21.9,25.8,41.2,65.2,97.5,112.4,115.3,112.6,110.4,110.2,112.5,113.7,113.3,111.7,110.1,104.5,100.2,96.9,95.7,95,105.3,112.1,110.6,107.5,102.3,100.7,102.5,105.6,110,115.1,124.3,125.2,121.7,122.7,124.5,126.7,128.2,128,127.8,124.6,123.8,117.1,0,0,0,0,0,0,0,0,0,0,0,0,0,0,0,0,0,0,0,0,0,0,0,0,0,0,0,0,0,0,0,0,0,0,TT,Y,,2021,1,2,3/29/2008,9.98245614,17.07816377,16.5717186,19.61038961,0,0,0,0,0,0,117,111.6,104.9,97.4,91.4,86.4,78.8,72.2,68,64,49.7,43,63.8,85,90.2,89.7,89.3,87.2,88.5,90.1,90.8,90.3,88.4,85.1,81.8,78.3,78.8,77.7,85.6,92.5,92.2,96,99.4,96.1,90.8,87.7,76.8,65.1,64.9,64.1,62,58.6,59.1,57.4,57,54.4,52,48.8,46.3,34.7,0,0,0,0,0,0,0,0,0,0,0,0,0,0,0,0,0,0,0,0,0,0,0,0,0,0,0,0,0,0,0,0,0,0,0,0,0,0,0,0,53.4,42.8,30.2,22.3,14.3,9.8,13.2,19.5,21.9,25.8,41.2,65.2,97.5,112.4,115.3,112.6,110.4,110.2,112.5,113.7,113.3,111.7,110.1,104.5,100.2,96.9,95.7,95,105.3,112.1,110.6,107.5,102.3,100.7,102.5,105.6,110,115.1,124.3,125.2,121.7,122.7,124.5,126.7,128.2,128,127.8,124.6,123.8,117.1,0,0,0,0,0,0,0,0,0,0,0,0,0,0,0,0,0,0,0,0,0,0,0,0,0,0,0,0,0,0,0,0,0,0,3880.9,4637.9,77.618,92.758,115,55,7,7
23,3,B,S,2,20.5,388,43,3,40,16,44,52,1.5,1,0,0,90,2106,93,20,57,51.8,47.7,38,23,13.3,36.3,66,84.5,98.8,99.2,99.2,98.1,89.4,66.5,44.1,44.1,39.2,26.4,8.1,0,0,0,0,0,0,0,0,0,0,0,0,0,0,0,0,0,0,0,0,0,0,0,0,0,0,0,0,0,0,0,0,0,0,0,0,0,0,0,0,0,0,0,0,0,0,0,0,0,0,0,0,0,0,0,0,0,0,0,0,0,0,0,0,0,0,0,0,0,0,119.2,120.9,127.4,123.2,111.2,93,71.5,72.7,88.7,100.9,100.4,100.5,100.7,100.6,91.5,70.8,49,51.6,68.8,85.8,0,0,0,0,0,0,0,0,0,0,0,0,0,0,0,0,0,0,0,0,0,0,0,0,0,0,0,0,0,0,0,0,0,0,0,0,0,0,0,0,0,0,0,0,0,0,0,0,0,0,0,0,0,0,0,0,0,0,0,0,0,0,0,0,0,0,0,0,0,0,TT,Y,,2021,2,2,3/29/2008,18.92682927,17.07816377,16.5717186,19.61038961,0,0,47.7,38,23,13.3,36.3,66,84.5,98.8,99.2,99.2,98.1,89.4,66.5,44.1,44.1,39.2,26.4,8.1,0,0,0,0,0,0,0,0,0,0,0,0,0,0,0,0,0,0,0,0,0,0,0,0,0,0,0,0,0,0,0,0,0,0,0,0,0,0,0,0,0,0,0,0,0,0,0,0,0,0,0,0,0,0,0,0,0,0,0,0,0,0,0,0,0,0,0,0,0,0,0,0,127.4,123.2,111.2,93,71.5,72.7,88.7,100.9,100.4,100.5,100.7,100.6,91.5,70.8,49,51.6,68.8,85.8,0,0,0,0,0,0,0,0,0,0,0,0,0,0,0,0,0,0,0,0,0,0,0,0,0,0,0,0,0,0,0,0,0,0,0,0,0,0,0,0,0,0,0,0,0,0,0,0,0,0,0,0,0,0,0,0,0,0,0,0,0,0,0,0,0,0,0,0,0,0,1021.9,1608.3,56.77222222,89.35,55,115,3,3
24,3,B,W,2,14.3,244,12,1,26,16,58,66,1.5,1,0,0,90,2106,93,14,116.3,118.8,114.1,105.5,82.5,78.4,83.9,82.8,84.3,82.3,64.6,45.4,34.6,15.3,0,0,0,0,0,0,0,0,0,0,0,0,0,0,0,0,0,0,0,0,0,0,0,0,0,0,0,0,0,0,0,0,0,0,0,0,0,0,0,0,0,0,0,0,0,0,0,0,0,0,0,0,0,0,0,0,0,0,0,0,0,0,0,0,0,0,0,0,0,0,0,0,0,0,0,0,58,61.7,64,67.4,76.3,87,98.2,98.2,100.8,87.4,64.3,47.7,55.3,75,0,0,0,0,0,0,0,0,0,0,0,0,0,0,0,0,0,0,0,0,0,0,0,0,0,0,0,0,0,0,0,0,0,0,0,0,0,0,0,0,0,0,0,0,0,0,0,0,0,0,0,0,0,0,0,0,0,0,0,0,0,0,0,0,0,0,0,0,0,0,0,0,0,0,0,0,TT,Y,,2021,3,2,3/29/2008,17.06293706,17.07816377,16.5717186,19.61038961,0,0,0,0,0,0,83.9,82.8,84.3,82.3,64.6,45.4,34.6,15.3,0,0,0,0,0,0,0,0,0,0,0,0,0,0,0,0,0,0,0,0,0,0,0,0,0,0,0,0,0,0,0,0,0,0,0,0,0,0,0,0,0,0,0,0,0,0,0,0,0,0,0,0,0,0,0,0,0,0,0,0,0,0,0,0,0,0,0,0,0,0,0,0,0,0,0,0,0,0,0,0,0,0,98.2,98.2,100.8,87.4,64.3,47.7,55.3,75,0,0,0,0,0,0,0,0,0,0,0,0,0,0,0,0,0,0,0,0,0,0,0,0,0,0,0,0,0,0,0,0,0,0,0,0,0,0,0,0,0,0,0,0,0,0,0,0,0,0,0,0,0,0,0,0,0,0,0,0,0,0,0,0,0,0,0,0,0,0,0,0,0,0,0,0,493.2,626.9,61.65,78.3625,115,55,7,7
22,4,B,E,2,54.4,1042,37,8,30,27,43,-41,1.5,1,1,0,90,2106,93,54,66,60,44.8,26.3,26.6,31.9,44,54.8,69.5,75.8,84,79.9,71.5,78.1,81.7,78.2,75.9,75.8,76.2,84.2,71.8,63.5,55.9,47.1,45.8,38.3,41,46.5,52.4,62,69.3,68.4,64.9,69.1,87,99.5,104,98.2,81.7,57,40,30.1,12.4,25.7,39.7,38.3,42.8,43.1,39.9,46.1,60.1,59,43,19,0,0,0,0,0,0,0,0,0,0,0,0,0,0,0,0,0,0,0,0,0,0,0,0,0,0,0,0,0,0,0,0,0,0,0,0,126.2,124.1,119.8,99.6,89.9,75.4,57.9,45.9,33.6,27.3,9.5,20.3,57.9,89.8,99.9,97.8,98.6,100.2,98.4,91.3,76.2,70,71.2,79.5,85.3,101.7,123.3,135.3,136.5,135.6,132.2,124,111.5,90,79.8,86.1,92.1,89.8,99.3,91.8,76.8,66.9,89.4,110.2,126.2,124.8,129.8,129.6,119.3,110.5,94,73.5,66.7,77.5,0,0,0,0,0,0,0,0,0,0,0,0,0,0,0,0,0,0,0,0,0,0,0,0,0,0,0,0,0,0,0,0,0,0,0,0,TT,Y,,2021,4,2,4/10/2008,19.15441176,17.07816377,16.5717186,19.61038961,0,0,44.8,26.3,26.6,31.9,44,54.8,69.5,75.8,84,79.9,71.5,78.1,81.7,78.2,75.9,75.8,76.2,84.2,71.8,63.5,55.9,47.1,45.8,38.3,41,46.5,52.4,62,69.3,68.4,64.9,69.1,87,99.5,104,98.2,81.7,57,40,30.1,12.4,25.7,39.7,38.3,42.8,43.1,39.9,46.1,60.1,59,43,19,0,0,0,0,0,0,0,0,0,0,0,0,0,0,0,0,0,0,0,0,0,0,0,0,0,0,0,0,0,0,0,0,0,0,0,0,0,0,119.8,99.6,89.9,75.4,57.9,45.9,33.6,27.3,9.5,20.3,57.9,89.8,99.9,97.8,98.6,100.2,98.4,91.3,76.2,70,71.2,79.5,85.3,101.7,123.3,135.3,136.5,135.6,132.2,124,111.5,90,79.8,86.1,92.1,89.8,99.3,91.8,76.8,66.9,89.4,110.2,126.2,124.8,129.8,129.6,119.3,110.5,94,73.5,66.7,77.5,0,0,0,0,0,0,0,0,0,0,0,0,0,0,0,0,0,0,0,0,0,0,0,0,0,0,0,0,0,0,0,0,0,0,0,0,3021.8,4719.5,58.11153846,90.75961538,55,115,3,3
23,4,B,S,2,9.7,172,61,9,6,39,55,-75,1.5,1,0,0,90,2106,93,9,55.1,53.7,54.9,57.1,53.7,57.1,43.6,27.5,14.8,0,0,0,0,0,0,0,0,0,0,0,0,0,0,0,0,0,0,0,0,0,0,0,0,0,0,0,0,0,0,0,0,0,0,0,0,0,0,0,0,0,0,0,0,0,0,0,0,0,0,0,0,0,0,0,0,0,0,0,0,0,0,0,0,0,0,0,0,0,0,0,0,0,0,0,0,0,0,0,0,0,113.9,112.2,112.3,118.6,116.5,101.5,92.6,100.6,103.2,0,0,0,0,0,0,0,0,0,0,0,0,0,0,0,0,0,0,0,0,0,0,0,0,0,0,0,0,0,0,0,0,0,0,0,0,0,0,0,0,0,0,0,0,0,0,0,0,0,0,0,0,0,0,0,0,0,0,0,0,0,0,0,0,0,0,0,0,0,0,0,0,0,0,0,0,0,0,0,0,0,TT,Y,,2021,5,2,4/10/2008,17.73195876,17.07816377,16.5717186,19.61038961,0,0,54.9,57.1,53.7,57.1,43.6,27.5,14.8,0,0,0,0,0,0,0,0,0,0,0,0,0,0,0,0,0,0,0,0,0,0,0,0,0,0,0,0,0,0,0,0,0,0,0,0,0,0,0,0,0,0,0,0,0,0,0,0,0,0,0,0,0,0,0,0,0,0,0,0,0,0,0,0,0,0,0,0,0,0,0,0,0,0,0,0,0,0,0,0,0,0,0,112.3,118.6,116.5,101.5,92.6,100.6,103.2,0,0,0,0,0,0,0,0,0,0,0,0,0,0,0,0,0,0,0,0,0,0,0,0,0,0,0,0,0,0,0,0,0,0,0,0,0,0,0,0,0,0,0,0,0,0,0,0,0,0,0,0,0,0,0,0,0,0,0,0,0,0,0,0,0,0,0,0,0,0,0,0,0,0,0,0,0,0,0,0,0,308.7,745.3,44.1,106.4714286,55,115,3,3
24,4,B,W,2,30.8,604,29,18,22,31,47,88,1.5,0,0,0,90,2106,93,30,116.2,118.6,113.6,111.9,110,102,76.7,61,57.9,57.4,63,54.3,38,23.9,24.2,46.4,45.1,42.8,41.4,41.4,35.5,42.7,57.6,65.6,88.9,92.8,101.5,121,126.3,120.8,0,0,0,0,0,0,0,0,0,0,0,0,0,0,0,0,0,0,0,0,0,0,0,0,0,0,0,0,0,0,0,0,0,0,0,0,0,0,0,0,0,0,0,0,0,0,0,0,0,0,0,0,0,0,0,0,0,0,0,0,60.6,60.8,60.3,65.3,74.3,80.5,76.7,69,66.3,72.3,57.1,44.4,52.3,71.1,104.2,130.4,129.2,128.9,128.7,129.8,121.8,109.4,93.6,73,55.9,33,19.1,35.2,40.1,32.5,0,0,0,0,0,0,0,0,0,0,0,0,0,0,0,0,0,0,0,0,0,0,0,0,0,0,0,0,0,0,0,0,0,0,0,0,0,0,0,0,0,0,0,0,0,0,0,0,0,0,0,0,0,0,0,0,0,0,0,0,FS,Y,,2021,6,2,4/10/2008,19.61038961,17.07816377,16.5717186,19.61038961,0,0,0,0,0,102,76.7,61,57.9,57.4,63,54.3,38,23.9,24.2,46.4,45.1,42.8,41.4,41.4,35.5,42.7,57.6,65.6,88.9,92.8,101.5,121,126.3,120.8,0,0,0,0,0,0,0,0,0,0,0,0,0,0,0,0,0,0,0,0,0,0,0,0,0,0,0,0,0,0,0,0,0,0,0,0,0,0,0,0,0,0,0,0,0,0,0,0,0,0,0,0,0,0,0,0,0,0,0,0,0,0,0,0,0,80.5,76.7,69,66.3,72.3,57.1,44.4,52.3,71.1,104.2,130.4,129.2,128.9,128.7,129.8,121.8,109.4,93.6,73,55.9,33,19.1,35.2,40.1,32.5,0,0,0,0,0,0,0,0,0,0,0,0,0,0,0,0,0,0,0,0,0,0,0,0,0,0,0,0,0,0,0,0,0,0,0,0,0,0,0,0,0,0,0,0,0,0,0,0,0,0,0,0,0,0,0,0,0,0,0,0,1628.2,1954.5,65.128,78.18,115,55,6,6
4,5,A,S,2,90.1,2025,25,15,16,12,72,-112,1.5,0,1,0,90,2106,8,90,65.2,76.7,84.4,85.7,85.9,88.9,88.7,90.3,106.1,122.1,121.9,113.4,98.9,79.6,66.5,52.9,38.7,15.5,34.1,45.9,47,48.2,57.1,83.9,94.9,106.5,106.6,93.1,75.5,48,20.1,33.2,41.6,42.4,43.1,42.2,44.9,46.6,58.5,76.2,89.4,97.5,106.1,109.2,115.2,123.6,125.6,125.4,122.5,116.3,107,97.8,87.1,74.2,66,58.8,38.3,25,35.7,58.2,72.7,76.2,77.9,83.1,89.8,98.8,107.1,106.4,92.1,73.1,53.4,38.3,48.4,76.5,96.8,94.7,87.2,78.6,65.7,51.6,44.7,48.2,53.9,60.6,64.8,81.7,89.5,83.8,79.9,80,113.8,108.3,103.8,99.9,96.9,94.8,88.7,79.8,66.9,57.8,48.8,33.1,12.5,17.5,37.9,65,79.1,92.8,122.7,129.7,124.2,115.4,110.4,104.3,92.6,81.6,71.7,53,42.8,58,91.9,122.3,131,131.6,132,130.2,130.2,126.6,119.5,109.1,94.7,77.2,66.5,59.3,56.6,50.6,42.6,38.1,44,63,78.5,95.2,109.8,122.7,125.7,126.1,121.7,110.6,89.9,93,105.8,108.1,107.2,102.9,95.6,93.1,81.9,71.4,51.2,34.3,38.1,54.6,66.5,84.5,102.6,103.4,106.2,119.3,127.9,131.9,133.3,128.2,121.9,116.2,102.4,87.7,70.6,49.2,26.7,15.2,TT,Y,,2021,1,3,4/11/2008,22.47502775,24.96937671,24.69464364,26.34304207,0,76.7,84.4,85.7,85.9,88.9,88.7,90.3,106.1,122.1,121.9,113.4,98.9,79.6,66.5,52.9,38.7,15.5,34.1,45.9,47,48.2,57.1,83.9,94.9,106.5,106.6,93.1,75.5,48,20.1,33.2,41.6,42.4,43.1,42.2,44.9,46.6,58.5,76.2,89.4,97.5,106.1,109.2,115.2,123.6,125.6,125.4,122.5,116.3,107,97.8,87.1,74.2,66,58.8,38.3,25,35.7,58.2,72.7,76.2,77.9,83.1,89.8,98.8,107.1,106.4,92.1,73.1,53.4,38.3,48.4,76.5,96.8,94.7,87.2,78.6,65.7,51.6,44.7,48.2,53.9,60.6,64.8,81.7,89.5,83.8,79.9,80,0,108.3,103.8,99.9,96.9,94.8,88.7,79.8,66.9,57.8,48.8,33.1,12.5,17.5,37.9,65,79.1,92.8,122.7,129.7,124.2,115.4,110.4,104.3,92.6,81.6,71.7,53,42.8,58,91.9,122.3,131,131.6,132,130.2,130.2,126.6,119.5,109.1,94.7,77.2,66.5,59.3,56.6,50.6,42.6,38.1,44,63,78.5,95.2,109.8,122.7,125.7,126.1,121.7,110.6,89.9,93,105.8,108.1,107.2,102.9,95.6,93.1,81.9,71.4,51.2,34.3,38.1,54.6,66.5,84.5,102.6,103.4,106.2,119.3,127.9,131.9,133.3,128.2,121.9,116.2,102.4,87.7,70.6,49.2,26.7,15.2,6740.2,7818.1,75.73258427,87.84382022,55,115,2,2
5,5,A,W,2,10.7,195,13,68,39,10,51,-95,1.5,0,0,0,90,2106,8,10,120.7,120.9,125.3,125.4,124.2,117.7,95.4,67.1,36.5,20.3,0,0,0,0,0,0,0,0,0,0,0,0,0,0,0,0,0,0,0,0,0,0,0,0,0,0,0,0,0,0,0,0,0,0,0,0,0,0,0,0,0,0,0,0,0,0,0,0,0,0,0,0,0,0,0,0,0,0,0,0,0,0,0,0,0,0,0,0,0,0,0,0,0,0,0,0,0,0,0,0,54.4,47.4,43.8,40.6,37.2,29.4,14.5,33.8,67.7,83.2,0,0,0,0,0,0,0,0,0,0,0,0,0,0,0,0,0,0,0,0,0,0,0,0,0,0,0,0,0,0,0,0,0,0,0,0,0,0,0,0,0,0,0,0,0,0,0,0,0,0,0,0,0,0,0,0,0,0,0,0,0,0,0,0,0,0,0,0,0,0,0,0,0,0,0,0,0,0,0,0,TT,Y,,2021,2,3,4/11/2008,18.22429907,24.96937671,24.69464364,26.34304207,0,0,0,0,124.2,117.7,95.4,67.1,36.5,20.3,0,0,0,0,0,0,0,0,0,0,0,0,0,0,0,0,0,0,0,0,0,0,0,0,0,0,0,0,0,0,0,0,0,0,0,0,0,0,0,0,0,0,0,0,0,0,0,0,0,0,0,0,0,0,0,0,0,0,0,0,0,0,0,0,0,0,0,0,0,0,0,0,0,0,0,0,0,0,0,0,0,0,0,0,37.2,29.4,14.5,33.8,67.7,83.2,0,0,0,0,0,0,0,0,0,0,0,0,0,0,0,0,0,0,0,0,0,0,0,0,0,0,0,0,0,0,0,0,0,0,0,0,0,0,0,0,0,0,0,0,0,0,0,0,0,0,0,0,0,0,0,0,0,0,0,0,0,0,0,0,0,0,0,0,0,0,0,0,0,0,0,0,0,0,0,0,461.2,265.8,76.86666667,44.3,115,55,5,5
6,5,A,N,2,22.5,608,22,19,27,16,57,-67,1.5,1,2,0,90,2106,8,22,111.7,106.2,96.5,84.5,69.8,58.8,45.8,44.1,53.2,57.5,55.6,66.8,74.1,85.9,103.1,114,116,115.6,106.1,90.3,64.9,24.3,0,0,0,0,0,0,0,0,0,0,0,0,0,0,0,0,0,0,0,0,0,0,0,0,0,0,0,0,0,0,0,0,0,0,0,0,0,0,0,0,0,0,0,0,0,0,0,0,0,0,0,0,0,0,0,0,0,0,0,0,0,0,0,0,0,0,0,0,70.9,79.7,97.3,109.5,120.5,130.9,131.9,129.7,118.4,97.2,70.9,46.9,43.3,57.9,73.9,72.8,63.5,42.8,19.2,11.2,29.8,66.2,0,0,0,0,0,0,0,0,0,0,0,0,0,0,0,0,0,0,0,0,0,0,0,0,0,0,0,0,0,0,0,0,0,0,0,0,0,0,0,0,0,0,0,0,0,0,0,0,0,0,0,0,0,0,0,0,0,0,0,0,0,0,0,0,0,0,0,0,TT,Y,,2021,3,3,4/11/2008,27.02222222,24.96937671,24.69464364,26.34304207,0,0,0,0,69.8,58.8,45.8,44.1,53.2,57.5,55.6,66.8,74.1,85.9,103.1,114,116,115.6,106.1,90.3,64.9,24.3,0,0,0,0,0,0,0,0,0,0,0,0,0,0,0,0,0,0,0,0,0,0,0,0,0,0,0,0,0,0,0,0,0,0,0,0,0,0,0,0,0,0,0,0,0,0,0,0,0,0,0,0,0,0,0,0,0,0,0,0,0,0,0,0,0,0,0,0,0,0,0,0,120.5,130.9,131.9,129.7,118.4,97.2,70.9,46.9,43.3,57.9,73.9,72.8,63.5,42.8,19.2,11.2,29.8,66.2,0,0,0,0,0,0,0,0,0,0,0,0,0,0,0,0,0,0,0,0,0,0,0,0,0,0,0,0,0,0,0,0,0,0,0,0,0,0,0,0,0,0,0,0,0,0,0,0,0,0,0,0,0,0,0,0,0,0,0,0,0,0,0,0,0,0,0,0,1345.9,1327,74.77222222,73.72222222,115,55,5,5
4,6,A,N,2,37.4,1097,30,11,9,15,76,-64,1.5,1,0,0,90,2106,8,37,111.9,106,96,87.2,73.3,55.8,44.1,43.4,42.7,39.7,64.8,85.9,97,106.3,114.9,124.4,119.9,115.5,107.6,95.6,80.9,63.5,47.8,41.9,57.4,70.4,62.7,44.9,23.1,35.2,71.8,89.9,86,79.9,75,59.8,23.7,0,0,0,0,0,0,0,0,0,0,0,0,0,0,0,0,0,0,0,0,0,0,0,0,0,0,0,0,0,0,0,0,0,0,0,0,0,0,0,0,0,0,0,0,0,0,0,0,0,0,0,0,0,69.8,78.3,94.3,112.2,121.4,127.3,131.1,132.1,131.5,120.2,106.5,91.5,69.1,43.3,28.4,40.4,54.7,67.1,77.7,96.3,113.2,124.5,130.6,128.6,118.6,100,86.2,75.7,72.1,80.8,98.3,111.9,108.9,115.6,121.1,118.8,97.7,0,0,0,0,0,0,0,0,0,0,0,0,0,0,0,0,0,0,0,0,0,0,0,0,0,0,0,0,0,0,0,0,0,0,0,0,0,0,0,0,0,0,0,0,0,0,0,0,0,0,0,0,0,TT,Y,,2021,4,3,4/12/2008,29.3315508,24.96937671,24.69464364,26.34304207,0,0,0,0,73.3,55.8,44.1,43.4,42.7,39.7,64.8,85.9,97,106.3,114.9,124.4,119.9,115.5,107.6,95.6,80.9,63.5,47.8,41.9,57.4,70.4,62.7,44.9,23.1,35.2,71.8,89.9,86,79.9,75,59.8,23.7,0,0,0,0,0,0,0,0,0,0,0,0,0,0,0,0,0,0,0,0,0,0,0,0,0,0,0,0,0,0,0,0,0,0,0,0,0,0,0,0,0,0,0,0,0,0,0,0,0,0,0,0,0,0,0,0,0,121.4,127.3,131.1,132.1,131.5,120.2,106.5,91.5,69.1,43.3,28.4,40.4,54.7,67.1,77.7,96.3,113.2,124.5,130.6,128.6,118.6,100,86.2,75.7,72.1,80.8,98.3,111.9,108.9,115.6,121.1,118.8,97.7,0,0,0,0,0,0,0,0,0,0,0,0,0,0,0,0,0,0,0,0,0,0,0,0,0,0,0,0,0,0,0,0,0,0,0,0,0,0,0,0,0,0,0,0,0,0,0,0,0,0,0,0,0,2344.8,3241.2,71.05454545,98.21818182,115,55,5,5
5,6,A,E,2,33.8,893,39,13,49,16,35,-55,1.5,1,0,0,90,2106,8,33,62.2,52.4,47.3,40.1,44.9,66.9,82.8,94,82.4,64.3,66.1,84.2,87.3,76.3,52.1,22.5,14.7,18.9,31.5,27.4,40.9,49.5,42.1,28.7,48.6,73.1,79.6,90.1,89.9,77.5,64.4,37.9,17.1,0,0,0,0,0,0,0,0,0,0,0,0,0,0,0,0,0,0,0,0,0,0,0,0,0,0,0,0,0,0,0,0,0,0,0,0,0,0,0,0,0,0,0,0,0,0,0,0,0,0,0,0,0,0,0,0,0,128,129.4,131.4,128.2,117.1,106.2,97.2,88.7,63.8,34.4,37.5,40.4,36.2,19.4,42.4,77.4,100.8,104.3,111.3,97.7,88,75.8,65.2,66.6,85.4,104.1,106,94.4,72.4,47.6,39,55.2,73,0,0,0,0,0,0,0,0,0,0,0,0,0,0,0,0,0,0,0,0,0,0,0,0,0,0,0,0,0,0,0,0,0,0,0,0,0,0,0,0,0,0,0,0,0,0,0,0,0,0,0,0,0,0,0,0,0,TT,Y,,2021,5,3,4/12/2008,26.42011834,24.96937671,24.69464364,26.34304207,0,52.4,47.3,40.1,44.9,66.9,82.8,94,82.4,64.3,66.1,84.2,87.3,76.3,52.1,22.5,14.7,18.9,31.5,27.4,40.9,49.5,42.1,28.7,48.6,73.1,79.6,90.1,89.9,77.5,64.4,37.9,17.1,0,0,0,0,0,0,0,0,0,0,0,0,0,0,0,0,0,0,0,0,0,0,0,0,0,0,0,0,0,0,0,0,0,0,0,0,0,0,0,0,0,0,0,0,0,0,0,0,0,0,0,0,0,0,0,0,0,0,129.4,131.4,128.2,117.1,106.2,97.2,88.7,63.8,34.4,37.5,40.4,36.2,19.4,42.4,77.4,100.8,104.3,111.3,97.7,88,75.8,65.2,66.6,85.4,104.1,106,94.4,72.4,47.6,39,55.2,73,0,0,0,0,0,0,0,0,0,0,0,0,0,0,0,0,0,0,0,0,0,0,0,0,0,0,0,0,0,0,0,0,0,0,0,0,0,0,0,0,0,0,0,0,0,0,0,0,0,0,0,0,0,0,0,0,0,1795.5,2536.5,56.109375,79.265625,55,115,2,2
6,6,A,S,2,30.9,814,22,18,22,32,46,-116,1.5,1,0,0,90,2106,8,30,62.8,63.6,48.2,28.3,29.8,47.1,78.7,109.4,114.6,106.1,96.9,83.9,61.3,29.2,13.8,34.5,49.7,59,70.1,74.5,78.2,92.8,118.5,126.6,125,120.4,114.7,105.8,94.1,67.7,0,0,0,0,0,0,0,0,0,0,0,0,0,0,0,0,0,0,0,0,0,0,0,0,0,0,0,0,0,0,0,0,0,0,0,0,0,0,0,0,0,0,0,0,0,0,0,0,0,0,0,0,0,0,0,0,0,0,0,0,115.4,99.4,76.3,68.1,60.2,50.8,44,62.2,72.1,76.2,88.6,100.3,103.1,98.2,96.9,110.3,124,116.9,103.3,83.8,59.1,32.7,36,38.4,41,53.7,69.5,79.3,89.7,87.6,0,0,0,0,0,0,0,0,0,0,0,0,0,0,0,0,0,0,0,0,0,0,0,0,0,0,0,0,0,0,0,0,0,0,0,0,0,0,0,0,0,0,0,0,0,0,0,0,0,0,0,0,0,0,0,0,0,0,0,0,FS,Y,,2021,6,3,4/12/2008,26.34304207,24.96937671,24.69464364,26.34304207,0,63.6,48.2,28.3,29.8,47.1,78.7,109.4,114.6,106.1,96.9,83.9,61.3,29.2,13.8,34.5,49.7,59,70.1,74.5,78.2,92.8,118.5,126.6,125,120.4,114.7,105.8,94.1,67.7,0,0,0,0,0,0,0,0,0,0,0,0,0,0,0,0,0,0,0,0,0,0,0,0,0,0,0,0,0,0,0,0,0,0,0,0,0,0,0,0,0,0,0,0,0,0,0,0,0,0,0,0,0,0,0,0,0,0,0,0,0,99.4,76.3,68.1,60.2,50.8,44,62.2,72.1,76.2,88.6,100.3,103.1,98.2,96.9,110.3,124,116.9,103.3,83.8,59.1,32.7,36,38.4,41,53.7,69.5,79.3,89.7,87.6,0,0,0,0,0,0,0,0,0,0,0,0,0,0,0,0,0,0,0,0,0,0,0,0,0,0,0,0,0,0,0,0,0,0,0,0,0,0,0,0,0,0,0,0,0,0,0,0,0,0,0,0,0,0,0,0,0,0,0,0,2242.5,2221.7,77.32758621,76.61034483,55,115,2,2
13,5,A,S,2,34.7,892,34,18,25,15,60,-118,1.5,1,0,0,90,2106,23,34,58.9,72,86.1,105.2,118.3,123.5,124.9,121.4,114.2,108.6,94.5,83.8,79.4,64.7,52.8,44.9,43.8,46.1,63.3,76.1,82.9,88.8,92.9,99.2,100.2,92.4,79.1,64.8,34.7,20.6,25.7,26.7,27.3,25.3,0,0,0,0,0,0,0,0,0,0,0,0,0,0,0,0,0,0,0,0,0,0,0,0,0,0,0,0,0,0,0,0,0,0,0,0,0,0,0,0,0,0,0,0,0,0,0,0,0,0,0,0,0,0,0,0,113.3,101.9,88.1,77.8,67.1,53.3,39.4,36.7,48.8,60.4,79.7,102.4,122.5,129.7,132.3,133,131.2,125,116.7,105.3,102.3,98.3,95.6,86.8,68.3,44.6,27.2,29.4,55.2,83.5,82.5,79.6,71,65,0,0,0,0,0,0,0,0,0,0,0,0,0,0,0,0,0,0,0,0,0,0,0,0,0,0,0,0,0,0,0,0,0,0,0,0,0,0,0,0,0,0,0,0,0,0,0,0,0,0,0,0,0,0,0,0,TT,Y,,2021,1,3,4/11/2008,25.70605187,24.83747649,25.74671936,20.29126214,0,72,86.1,105.2,118.3,123.5,124.9,121.4,114.2,108.6,94.5,83.8,79.4,64.7,52.8,44.9,43.8,46.1,63.3,76.1,82.9,88.8,92.9,99.2,100.2,92.4,79.1,64.8,34.7,20.6,25.7,26.7,27.3,25.3,0,0,0,0,0,0,0,0,0,0,0,0,0,0,0,0,0,0,0,0,0,0,0,0,0,0,0,0,0,0,0,0,0,0,0,0,0,0,0,0,0,0,0,0,0,0,0,0,0,0,0,0,0,0,0,0,0,101.9,88.1,77.8,67.1,53.3,39.4,36.7,48.8,60.4,79.7,102.4,122.5,129.7,132.3,133,131.2,125,116.7,105.3,102.3,98.3,95.6,86.8,68.3,44.6,27.2,29.4,55.2,83.5,82.5,79.6,71,65,0,0,0,0,0,0,0,0,0,0,0,0,0,0,0,0,0,0,0,0,0,0,0,0,0,0,0,0,0,0,0,0,0,0,0,0,0,0,0,0,0,0,0,0,0,0,0,0,0,0,0,0,0,0,0,0,2484.2,2740.6,75.27878788,83.04848485,55,115,2,2
14,5,A,W,2,18.9,482,27,19,28,47,25,51,1.5,1,2,0,90,2106,23,18,113.6,112.7,109.4,98.8,68.8,48.3,41.5,25.7,33.9,59.7,90.6,103.1,91.2,70.9,60.5,47.8,35.6,21.8,0,0,0,0,0,0,0,0,0,0,0,0,0,0,0,0,0,0,0,0,0,0,0,0,0,0,0,0,0,0,0,0,0,0,0,0,0,0,0,0,0,0,0,0,0,0,0,0,0,0,0,0,0,0,0,0,0,0,0,0,0,0,0,0,0,0,0,0,0,0,0,0,58.1,59.4,62.1,64.3,72.6,85.3,92.1,88.3,62.1,31.8,8.5,18.6,31.8,62.2,87.4,110.3,118.3,110,0,0,0,0,0,0,0,0,0,0,0,0,0,0,0,0,0,0,0,0,0,0,0,0,0,0,0,0,0,0,0,0,0,0,0,0,0,0,0,0,0,0,0,0,0,0,0,0,0,0,0,0,0,0,0,0,0,0,0,0,0,0,0,0,0,0,0,0,0,0,0,0,TT,Y,,2021,2,3,4/11/2008,25.5026455,24.83747649,25.74671936,20.29126214,0,0,0,98.8,68.8,48.3,41.5,25.7,33.9,59.7,90.6,103.1,91.2,70.9,60.5,47.8,35.6,21.8,0,0,0,0,0,0,0,0,0,0,0,0,0,0,0,0,0,0,0,0,0,0,0,0,0,0,0,0,0,0,0,0,0,0,0,0,0,0,0,0,0,0,0,0,0,0,0,0,0,0,0,0,0,0,0,0,0,0,0,0,0,0,0,0,0,0,0,0,0,0,0,0,0,0,0,64.3,72.6,85.3,92.1,88.3,62.1,31.8,8.5,18.6,31.8,62.2,87.4,110.3,118.3,110,0,0,0,0,0,0,0,0,0,0,0,0,0,0,0,0,0,0,0,0,0,0,0,0,0,0,0,0,0,0,0,0,0,0,0,0,0,0,0,0,0,0,0,0,0,0,0,0,0,0,0,0,0,0,0,0,0,0,0,0,0,0,0,0,0,0,0,0,0,0,0,0,898.2,1043.6,59.88,69.57333333,115,55,4,4
15,5,A,N,2,13.9,383,28,8,50,31,19,-48,1.5,1,0,0,90,2106,23,13,107.9,92,74.4,62.3,46.4,46.3,39,51.5,56.5,66.7,70,57.1,40.8,0,0,0,0,0,0,0,0,0,0,0,0,0,0,0,0,0,0,0,0,0,0,0,0,0,0,0,0,0,0,0,0,0,0,0,0,0,0,0,0,0,0,0,0,0,0,0,0,0,0,0,0,0,0,0,0,0,0,0,0,0,0,0,0,0,0,0,0,0,0,0,0,0,0,0,0,0,66.4,79,97.7,117.6,124,122.1,99.2,87.2,74.6,53.9,46.8,36.9,51.8,0,0,0,0,0,0,0,0,0,0,0,0,0,0,0,0,0,0,0,0,0,0,0,0,0,0,0,0,0,0,0,0,0,0,0,0,0,0,0,0,0,0,0,0,0,0,0,0,0,0,0,0,0,0,0,0,0,0,0,0,0,0,0,0,0,0,0,0,0,0,0,0,0,0,0,0,0,TT,Y,,2021,3,3,4/11/2008,27.55395683,24.83747649,25.74671936,20.29126214,0,0,0,62.3,46.4,46.3,39,51.5,56.5,66.7,70,57.1,40.8,0,0,0,0,0,0,0,0,0,0,0,0,0,0,0,0,0,0,0,0,0,0,0,0,0,0,0,0,0,0,0,0,0,0,0,0,0,0,0,0,0,0,0,0,0,0,0,0,0,0,0,0,0,0,0,0,0,0,0,0,0,0,0,0,0,0,0,0,0,0,0,0,0,0,0,0,0,0,0,0,117.6,124,122.1,99.2,87.2,74.6,53.9,46.8,36.9,51.8,0,0,0,0,0,0,0,0,0,0,0,0,0,0,0,0,0,0,0,0,0,0,0,0,0,0,0,0,0,0,0,0,0,0,0,0,0,0,0,0,0,0,0,0,0,0,0,0,0,0,0,0,0,0,0,0,0,0,0,0,0,0,0,0,0,0,0,0,0,0,0,0,0,0,0,0,0,536.6,814.1,53.66,81.41,115,55,4,4
13,6,A,N,2,25.4,755,32,18,21,60,19,-55,1.5,1,0,0,90,2106,23,25,112.4,105.2,86,58.9,31.9,32.4,47.8,57.3,71.1,90.6,108.4,113,107.5,98.5,75.2,54.9,65.7,68.2,62.2,49.4,24.4,19.1,38.9,31.1,14.2,0,0,0,0,0,0,0,0,0,0,0,0,0,0,0,0,0,0,0,0,0,0,0,0,0,0,0,0,0,0,0,0,0,0,0,0,0,0,0,0,0,0,0,0,0,0,0,0,0,0,0,0,0,0,0,0,0,0,0,0,0,0,0,0,0,68.9,72.9,83.9,92.9,104.6,120.4,126,105.2,81.1,54.4,40.8,29,22.8,30.6,52.7,82.8,117.9,113.8,99.6,81.1,74,91,110.9,112.8,102.6,0,0,0,0,0,0,0,0,0,0,0,0,0,0,0,0,0,0,0,0,0,0,0,0,0,0,0,0,0,0,0,0,0,0,0,0,0,0,0,0,0,0,0,0,0,0,0,0,0,0,0,0,0,0,0,0,0,0,0,0,0,0,0,0,0,TT,Y,,2021,4,3,4/12/2008,29.72440945,24.83747649,25.74671936,20.29126214,0,0,0,58.9,31.9,32.4,47.8,57.3,71.1,90.6,108.4,113,107.5,98.5,75.2,54.9,65.7,68.2,62.2,49.4,24.4,19.1,38.9,31.1,14.2,0,0,0,0,0,0,0,0,0,0,0,0,0,0,0,0,0,0,0,0,0,0,0,0,0,0,0,0,0,0,0,0,0,0,0,0,0,0,0,0,0,0,0,0,0,0,0,0,0,0,0,0,0,0,0,0,0,0,0,0,0,0,0,0,0,0,0,0,92.9,104.6,120.4,126,105.2,81.1,54.4,40.8,29,22.8,30.6,52.7,82.8,117.9,113.8,99.6,81.1,74,91,110.9,112.8,102.6,0,0,0,0,0,0,0,0,0,0,0,0,0,0,0,0,0,0,0,0,0,0,0,0,0,0,0,0,0,0,0,0,0,0,0,0,0,0,0,0,0,0,0,0,0,0,0,0,0,0,0,0,0,0,0,0,0,0,0,0,0,0,0,0,0,1320.7,1847,60.03181818,83.95454545,115,55,4,4
14,6,A,E,2,64.9,1314,31,8,21,38,41,-60,1.5,1,0,0,90,2106,23,64,62.1,47.9,28.4,46.1,76.2,105.3,123.5,125.9,124.6,115.2,99.5,78.6,77.7,82.7,87.2,80.5,76.5,62.8,34,16.3,40,55.2,63.9,67.7,69.5,71.5,78.4,75.7,72.2,73.4,75,75.8,76.4,78.1,80.1,84.7,86.8,97.2,97,98.4,97.7,99.2,95.2,89,88.6,82.6,52.1,34.1,17.5,24.2,32.5,27,19.4,16.5,36.1,40.2,29.7,31.4,35.6,36.2,29.9,17.8,24.4,17.7,0,0,0,0,0,0,0,0,0,0,0,0,0,0,0,0,0,0,0,0,0,0,0,0,0,0,124.7,126.1,115.4,97.5,75.2,61.6,54,40.6,36.7,39.3,51.2,76.2,112.8,117.4,118.2,105.6,95.8,82.3,76.3,80.7,92.2,98.6,99,99.4,100,100.6,104.2,99,95.7,91.3,79.6,76.7,75,72.9,70.7,71.2,74,81.9,80.6,80.8,81.4,85,85.2,94.6,93.8,92.1,90.5,88.5,81.8,71.9,61.4,62.5,73.2,101.4,125.4,129.3,114.6,101.8,90.8,82,74.5,73.4,86.4,99,0,0,0,0,0,0,0,0,0,0,0,0,0,0,0,0,0,0,0,0,0,0,0,0,0,0,TT,Y,,2021,5,3,4/12/2008,20.24653313,24.83747649,25.74671936,20.29126214,0,47.9,28.4,46.1,76.2,105.3,123.5,125.9,124.6,115.2,99.5,78.6,77.7,82.7,87.2,80.5,76.5,62.8,34,16.3,40,55.2,63.9,67.7,69.5,71.5,78.4,75.7,72.2,73.4,75,75.8,76.4,78.1,80.1,84.7,86.8,97.2,97,98.4,97.7,99.2,95.2,89,88.6,82.6,52.1,34.1,17.5,24.2,32.5,27,19.4,16.5,36.1,40.2,29.7,31.4,35.6,36.2,29.9,17.8,24.4,17.7,0,0,0,0,0,0,0,0,0,0,0,0,0,0,0,0,0,0,0,0,0,0,0,0,0,0,0,126.1,115.4,97.5,75.2,61.6,54,40.6,36.7,39.3,51.2,76.2,112.8,117.4,118.2,105.6,95.8,82.3,76.3,80.7,92.2,98.6,99,99.4,100,100.6,104.2,99,95.7,91.3,79.6,76.7,75,72.9,70.7,71.2,74,81.9,80.6,80.8,81.4,85,85.2,94.6,93.8,92.1,90.5,88.5,81.8,71.9,61.4,62.5,73.2,101.4,125.4,129.3,114.6,101.8,90.8,82,74.5,73.4,86.4,99,0,0,0,0,0,0,0,0,0,0,0,0,0,0,0,0,0,0,0,0,0,0,0,0,0,0,4080.5,5446.8,64.76984127,86.45714286,55,115,2,2
15,6,A,S,2,30.9,627,56,4,61,21,18,-40,1.5,6,0,0,90,2106,23,30,62.6,50,31.5,9.8,17.4,20.5,20.3,19.4,29.4,17.5,9.3,9.1,8.1,17.4,33,39.2,52.5,65.1,73.4,70,50.9,30.7,15.2,4.3,8.4,21.7,34.7,52.3,77.3,83.5,0,0,0,0,0,0,0,0,0,0,0,0,0,0,0,0,0,0,0,0,0,0,0,0,0,0,0,0,0,0,0,0,0,0,0,0,0,0,0,0,0,0,0,0,0,0,0,0,0,0,0,0,0,0,0,0,0,0,0,0,100.7,86.6,78.8,85.1,80.3,77.2,70.5,74.3,77.7,89.1,96.9,94.1,87.5,72.2,58.2,55.9,68.6,90.1,103.1,103.7,109.3,107.7,103.9,93,81.5,73.8,76.3,93.6,115.7,113.6,0,0,0,0,0,0,0,0,0,0,0,0,0,0,0,0,0,0,0,0,0,0,0,0,0,0,0,0,0,0,0,0,0,0,0,0,0,0,0,0,0,0,0,0,0,0,0,0,0,0,0,0,0,0,0,0,0,0,0,0,FS,Y,,2021,6,3,4/12/2008,20.29126214,24.83747649,25.74671936,20.29126214,0,0,31.5,9.8,17.4,20.5,20.3,19.4,29.4,17.5,9.3,9.1,8.1,17.4,33,39.2,52.5,65.1,73.4,70,50.9,30.7,15.2,4.3,8.4,21.7,34.7,52.3,77.3,83.5,0,0,0,0,0,0,0,0,0,0,0,0,0,0,0,0,0,0,0,0,0,0,0,0,0,0,0,0,0,0,0,0,0,0,0,0,0,0,0,0,0,0,0,0,0,0,0,0,0,0,0,0,0,0,0,0,0,0,0,0,0,0,78.8,85.1,80.3,77.2,70.5,74.3,77.7,89.1,96.9,94.1,87.5,72.2,58.2,55.9,68.6,90.1,103.1,103.7,109.3,107.7,103.9,93,81.5,73.8,76.3,93.6,115.7,113.6,0,0,0,0,0,0,0,0,0,0,0,0,0,0,0,0,0,0,0,0,0,0,0,0,0,0,0,0,0,0,0,0,0,0,0,0,0,0,0,0,0,0,0,0,0,0,0,0,0,0,0,0,0,0,0,0,0,0,0,0,921.9,2431.7,32.925,86.84642857,55,115,3,3
22,5,A,S,2,5.7,99,100,0,41,35,24,12,1.5,1,0,0,90,2106,41,5,55.6,40,26.8,24.6,17.1,0,0,0,0,0,0,0,0,0,0,0,0,0,0,0,0,0,0,0,0,0,0,0,0,0,0,0,0,0,0,0,0,0,0,0,0,0,0,0,0,0,0,0,0,0,0,0,0,0,0,0,0,0,0,0,0,0,0,0,0,0,0,0,0,0,0,0,0,0,0,0,0,0,0,0,0,0,0,0,0,0,0,0,0,0,117.5,111.7,100.7,93.5,83.3,0,0,0,0,0,0,0,0,0,0,0,0,0,0,0,0,0,0,0,0,0,0,0,0,0,0,0,0,0,0,0,0,0,0,0,0,0,0,0,0,0,0,0,0,0,0,0,0,0,0,0,0,0,0,0,0,0,0,0,0,0,0,0,0,0,0,0,0,0,0,0,0,0,0,0,0,0,0,0,0,0,0,0,0,0,TT,Y,,2021,1,3,4/11/2008,17.36842105,18.11391011,17.6324576,20.52117264,0,0,26.8,24.6,17.1,0,0,0,0,0,0,0,0,0,0,0,0,0,0,0,0,0,0,0,0,0,0,0,0,0,0,0,0,0,0,0,0,0,0,0,0,0,0,0,0,0,0,0,0,0,0,0,0,0,0,0,0,0,0,0,0,0,0,0,0,0,0,0,0,0,0,0,0,0,0,0,0,0,0,0,0,0,0,0,0,0,0,0,0,0,0,0,100.7,93.5,83.3,0,0,0,0,0,0,0,0,0,0,0,0,0,0,0,0,0,0,0,0,0,0,0,0,0,0,0,0,0,0,0,0,0,0,0,0,0,0,0,0,0,0,0,0,0,0,0,0,0,0,0,0,0,0,0,0,0,0,0,0,0,0,0,0,0,0,0,0,0,0,0,0,0,0,0,0,0,0,0,0,0,0,0,0,0,68.5,277.5,22.83333333,92.5,55,115,3,3
23,5,A,W,2,7.3,142,18,1,70,9,21,43,1.5,1,0,0,90,2106,41,7,109.2,90.7,69.1,50.7,46,34.9,12.3,0,0,0,0,0,0,0,0,0,0,0,0,0,0,0,0,0,0,0,0,0,0,0,0,0,0,0,0,0,0,0,0,0,0,0,0,0,0,0,0,0,0,0,0,0,0,0,0,0,0,0,0,0,0,0,0,0,0,0,0,0,0,0,0,0,0,0,0,0,0,0,0,0,0,0,0,0,0,0,0,0,0,0,63.7,63.8,58.5,56.4,54.5,65.7,82.9,0,0,0,0,0,0,0,0,0,0,0,0,0,0,0,0,0,0,0,0,0,0,0,0,0,0,0,0,0,0,0,0,0,0,0,0,0,0,0,0,0,0,0,0,0,0,0,0,0,0,0,0,0,0,0,0,0,0,0,0,0,0,0,0,0,0,0,0,0,0,0,0,0,0,0,0,0,0,0,0,0,0,0,TT,Y,,2021,2,3,4/11/2008,19.45205479,18.11391011,17.6324576,20.52117264,0,0,0,0,0,0,0,0,0,0,0,0,0,0,0,0,0,0,0,0,0,0,0,0,0,0,0,0,0,0,0,0,0,0,0,0,0,0,0,0,0,0,0,0,0,0,0,0,0,0,0,0,0,0,0,0,0,0,0,0,0,0,0,0,0,0,0,0,0,0,0,0,0,0,0,0,0,0,0,0,0,0,0,0,0,0,0,0,0,0,0,0,0,0,0,0,0,0,0,0,0,0,0,0,0,0,0,0,0,0,0,0,0,0,0,0,0,0,0,0,0,0,0,0,0,0,0,0,0,0,0,0,0,0,0,0,0,0,0,0,0,0,0,0,0,0,0,0,0,0,0,0,0,0,0,0,0,0,0,0,0,0,0,0,0,0,0,0,0,0,0,0,0,0,0,0,0,0,0,0,0,0,0,0,115,55,7,7
24,5,A,N,2,7.4,150,23,1,52,28,20,-43,1.5,2,0,0,90,2106,41,7,115.2,110.3,100.9,87,64.8,37.9,10.5,0,0,0,0,0,0,0,0,0,0,0,0,0,0,0,0,0,0,0,0,0,0,0,0,0,0,0,0,0,0,0,0,0,0,0,0,0,0,0,0,0,0,0,0,0,0,0,0,0,0,0,0,0,0,0,0,0,0,0,0,0,0,0,0,0,0,0,0,0,0,0,0,0,0,0,0,0,0,0,0,0,0,0,67.8,66.6,72.6,62.4,58.4,64.8,80.1,0,0,0,0,0,0,0,0,0,0,0,0,0,0,0,0,0,0,0,0,0,0,0,0,0,0,0,0,0,0,0,0,0,0,0,0,0,0,0,0,0,0,0,0,0,0,0,0,0,0,0,0,0,0,0,0,0,0,0,0,0,0,0,0,0,0,0,0,0,0,0,0,0,0,0,0,0,0,0,0,0,0,0,TT,Y,,2021,3,3,4/11/2008,20.27027027,18.11391011,17.6324576,20.52117264,0,0,0,0,0,0,0,0,0,0,0,0,0,0,0,0,0,0,0,0,0,0,0,0,0,0,0,0,0,0,0,0,0,0,0,0,0,0,0,0,0,0,0,0,0,0,0,0,0,0,0,0,0,0,0,0,0,0,0,0,0,0,0,0,0,0,0,0,0,0,0,0,0,0,0,0,0,0,0,0,0,0,0,0,0,0,0,0,0,0,0,0,0,0,0,0,0,0,0,0,0,0,0,0,0,0,0,0,0,0,0,0,0,0,0,0,0,0,0,0,0,0,0,0,0,0,0,0,0,0,0,0,0,0,0,0,0,0,0,0,0,0,0,0,0,0,0,0,0,0,0,0,0,0,0,0,0,0,0,0,0,0,0,0,0,0,0,0,0,0,0,0,0,0,0,0,0,0,0,0,0,0,0,0,115,55,7,7
22,6,A,N,2,19.7,332,6,15,69,18,13,48,1.5,1,0,0,90,2106,41,19,114.6,111.1,112.2,106.8,103.1,97,84.9,73.5,78,81.1,76.5,63.4,47.5,52.6,57.9,63,62.2,51.6,34,0,0,0,0,0,0,0,0,0,0,0,0,0,0,0,0,0,0,0,0,0,0,0,0,0,0,0,0,0,0,0,0,0,0,0,0,0,0,0,0,0,0,0,0,0,0,0,0,0,0,0,0,0,0,0,0,0,0,0,0,0,0,0,0,0,0,0,0,0,0,0,69.8,68.1,72.6,63.7,52.6,40.9,32.5,50.3,54.5,53.7,48.1,41,61,75,79.8,72.6,64.3,48.3,57.3,0,0,0,0,0,0,0,0,0,0,0,0,0,0,0,0,0,0,0,0,0,0,0,0,0,0,0,0,0,0,0,0,0,0,0,0,0,0,0,0,0,0,0,0,0,0,0,0,0,0,0,0,0,0,0,0,0,0,0,0,0,0,0,0,0,0,0,0,0,0,0,TT,Y,,2021,4,3,4/12/2008,16.85279188,18.11391011,17.6324576,20.52117264,0,0,0,0,0,0,84.9,73.5,78,81.1,76.5,63.4,47.5,52.6,57.9,63,62.2,51.6,34,0,0,0,0,0,0,0,0,0,0,0,0,0,0,0,0,0,0,0,0,0,0,0,0,0,0,0,0,0,0,0,0,0,0,0,0,0,0,0,0,0,0,0,0,0,0,0,0,0,0,0,0,0,0,0,0,0,0,0,0,0,0,0,0,0,0,0,0,0,0,0,0,0,0,0,0,0,32.5,50.3,54.5,53.7,48.1,41,61,75,79.8,72.6,64.3,48.3,57.3,0,0,0,0,0,0,0,0,0,0,0,0,0,0,0,0,0,0,0,0,0,0,0,0,0,0,0,0,0,0,0,0,0,0,0,0,0,0,0,0,0,0,0,0,0,0,0,0,0,0,0,0,0,0,0,0,0,0,0,0,0,0,0,0,0,0,0,0,0,0,0,826.2,738.4,63.55384615,56.8,115,55,7,7
23,6,A,E,2,6.4,91,95,4,19,30,51,22,1.5,1,0,0,90,2106,41,6,60.3,56.7,59.2,54.5,42.2,23.8,0,0,0,0,0,0,0,0,0,0,0,0,0,0,0,0,0,0,0,0,0,0,0,0,0,0,0,0,0,0,0,0,0,0,0,0,0,0,0,0,0,0,0,0,0,0,0,0,0,0,0,0,0,0,0,0,0,0,0,0,0,0,0,0,0,0,0,0,0,0,0,0,0,0,0,0,0,0,0,0,0,0,0,0,121.9,120.8,121.4,114.4,103.4,93.9,0,0,0,0,0,0,0,0,0,0,0,0,0,0,0,0,0,0,0,0,0,0,0,0,0,0,0,0,0,0,0,0,0,0,0,0,0,0,0,0,0,0,0,0,0,0,0,0,0,0,0,0,0,0,0,0,0,0,0,0,0,0,0,0,0,0,0,0,0,0,0,0,0,0,0,0,0,0,0,0,0,0,0,0,TT,Y,,2021,5,3,4/12/2008,14.21875,18.11391011,17.6324576,20.52117264,0,0,59.2,54.5,42.2,23.8,0,0,0,0,0,0,0,0,0,0,0,0,0,0,0,0,0,0,0,0,0,0,0,0,0,0,0,0,0,0,0,0,0,0,0,0,0,0,0,0,0,0,0,0,0,0,0,0,0,0,0,0,0,0,0,0,0,0,0,0,0,0,0,0,0,0,0,0,0,0,0,0,0,0,0,0,0,0,0,0,0,0,0,0,0,0,121.4,114.4,103.4,93.9,0,0,0,0,0,0,0,0,0,0,0,0,0,0,0,0,0,0,0,0,0,0,0,0,0,0,0,0,0,0,0,0,0,0,0,0,0,0,0,0,0,0,0,0,0,0,0,0,0,0,0,0,0,0,0,0,0,0,0,0,0,0,0,0,0,0,0,0,0,0,0,0,0,0,0,0,0,0,0,0,0,0,0,0,179.7,433.1,44.925,108.275,55,115,3,3
24,6,A,S,2,30.7,630,60,5,31,42,27,21,1.5,2,0,0,90,2106,41,30,52.3,37.7,31.7,25.5,17.1,19.6,23.2,15.8,15.9,21.8,18.7,13.5,10,29.2,33.1,33.2,36.7,41.2,52.4,63.1,72.9,80.6,93.3,94.7,83.4,66.4,57,55.6,54.1,67.4,0,0,0,0,0,0,0,0,0,0,0,0,0,0,0,0,0,0,0,0,0,0,0,0,0,0,0,0,0,0,0,0,0,0,0,0,0,0,0,0,0,0,0,0,0,0,0,0,0,0,0,0,0,0,0,0,0,0,0,0,116.1,109.6,100.7,97.5,92.1,84,91.7,102.4,103.4,102.9,91.8,88.4,88.8,105.3,116.8,121.4,124.4,122.1,109.2,104.6,94.5,86.1,73.3,56,36,26.5,44.7,57.6,90.3,104.4,0,0,0,0,0,0,0,0,0,0,0,0,0,0,0,0,0,0,0,0,0,0,0,0,0,0,0,0,0,0,0,0,0,0,0,0,0,0,0,0,0,0,0,0,0,0,0,0,0,0,0,0,0,0,0,0,0,0,0,0,FS,Y,,2021,6,3,4/12/2008,20.52117264,18.11391011,17.6324576,20.52117264,0,0,31.7,25.5,17.1,19.6,23.2,15.8,15.9,21.8,18.7,13.5,10,29.2,33.1,33.2,36.7,41.2,52.4,63.1,72.9,80.6,93.3,94.7,83.4,66.4,57,55.6,54.1,67.4,0,0,0,0,0,0,0,0,0,0,0,0,0,0,0,0,0,0,0,0,0,0,0,0,0,0,0,0,0,0,0,0,0,0,0,0,0,0,0,0,0,0,0,0,0,0,0,0,0,0,0,0,0,0,0,0,0,0,0,0,0,0,100.7,97.5,92.1,84,91.7,102.4,103.4,102.9,91.8,88.4,88.8,105.3,116.8,121.4,124.4,122.1,109.2,104.6,94.5,86.1,73.3,56,36,26.5,44.7,57.6,90.3,104.4,0,0,0,0,0,0,0,0,0,0,0,0,0,0,0,0,0,0,0,0,0,0,0,0,0,0,0,0,0,0,0,0,0,0,0,0,0,0,0,0,0,0,0,0,0,0,0,0,0,0,0,0,0,0,0,0,0,0,0,0,1227.1,2516.9,43.825,89.88928571,55,115,3,3
22,5,B,S,2,13.3,135,81,7,1,45,54,73,1.5,1,0,0,90,2106,93,13,51.6,55,55.4,52.3,52.3,50.3,49.2,49.1,50.2,45.4,34.9,24,14.8,0,0,0,0,0,0,0,0,0,0,0,0,0,0,0,0,0,0,0,0,0,0,0,0,0,0,0,0,0,0,0,0,0,0,0,0,0,0,0,0,0,0,0,0,0,0,0,0,0,0,0,0,0,0,0,0,0,0,0,0,0,0,0,0,0,0,0,0,0,0,0,0,0,0,0,0,0,114.3,112.7,111.8,107.9,108.3,107.9,107.4,108,118.5,126.3,119.9,112,103.6,0,0,0,0,0,0,0,0,0,0,0,0,0,0,0,0,0,0,0,0,0,0,0,0,0,0,0,0,0,0,0,0,0,0,0,0,0,0,0,0,0,0,0,0,0,0,0,0,0,0,0,0,0,0,0,0,0,0,0,0,0,0,0,0,0,0,0,0,0,0,0,0,0,0,0,0,0,TT,Y,,2021,1,3,4/11/2008,10.15037594,15.55269124,14.76678936,19.48220065,0,0,0,52.3,52.3,50.3,49.2,49.1,50.2,45.4,34.9,24,14.8,0,0,0,0,0,0,0,0,0,0,0,0,0,0,0,0,0,0,0,0,0,0,0,0,0,0,0,0,0,0,0,0,0,0,0,0,0,0,0,0,0,0,0,0,0,0,0,0,0,0,0,0,0,0,0,0,0,0,0,0,0,0,0,0,0,0,0,0,0,0,0,0,0,0,0,0,0,0,0,0,107.9,108.3,107.9,107.4,108,118.5,126.3,119.9,112,103.6,0,0,0,0,0,0,0,0,0,0,0,0,0,0,0,0,0,0,0,0,0,0,0,0,0,0,0,0,0,0,0,0,0,0,0,0,0,0,0,0,0,0,0,0,0,0,0,0,0,0,0,0,0,0,0,0,0,0,0,0,0,0,0,0,0,0,0,0,0,0,0,0,0,0,0,0,0,422.5,1119.8,42.25,111.98,55,115,4,4
23,5,B,E,2,8.9,101,47,1,0,28,72,-43,1.5,0,0,0,90,2106,93,8,66.9,73.8,74.4,70.2,66.6,55.8,44.4,36,0,0,0,0,0,0,0,0,0,0,0,0,0,0,0,0,0,0,0,0,0,0,0,0,0,0,0,0,0,0,0,0,0,0,0,0,0,0,0,0,0,0,0,0,0,0,0,0,0,0,0,0,0,0,0,0,0,0,0,0,0,0,0,0,0,0,0,0,0,0,0,0,0,0,0,0,0,0,0,0,0,0,123.7,129.7,128.2,123.4,125,125.2,118.3,114.1,0,0,0,0,0,0,0,0,0,0,0,0,0,0,0,0,0,0,0,0,0,0,0,0,0,0,0,0,0,0,0,0,0,0,0,0,0,0,0,0,0,0,0,0,0,0,0,0,0,0,0,0,0,0,0,0,0,0,0,0,0,0,0,0,0,0,0,0,0,0,0,0,0,0,0,0,0,0,0,0,0,0,TT,Y,,2021,2,3,4/11/2008,11.34831461,15.55269124,14.76678936,19.48220065,0,0,0,70.2,66.6,55.8,44.4,36,0,0,0,0,0,0,0,0,0,0,0,0,0,0,0,0,0,0,0,0,0,0,0,0,0,0,0,0,0,0,0,0,0,0,0,0,0,0,0,0,0,0,0,0,0,0,0,0,0,0,0,0,0,0,0,0,0,0,0,0,0,0,0,0,0,0,0,0,0,0,0,0,0,0,0,0,0,0,0,0,0,0,0,0,0,123.4,125,125.2,118.3,114.1,0,0,0,0,0,0,0,0,0,0,0,0,0,0,0,0,0,0,0,0,0,0,0,0,0,0,0,0,0,0,0,0,0,0,0,0,0,0,0,0,0,0,0,0,0,0,0,0,0,0,0,0,0,0,0,0,0,0,0,0,0,0,0,0,0,0,0,0,0,0,0,0,0,0,0,0,0,0,0,0,0,0,273,606,54.6,121.2,55,115,4,4
24,5,B,N,2,9.5,163,24,16,47,14,39,-60,1.5,1,0,0,90,2106,93,9,119.3,117.6,111.9,102.5,83.2,65,46.1,29,16.9,0,0,0,0,0,0,0,0,0,0,0,0,0,0,0,0,0,0,0,0,0,0,0,0,0,0,0,0,0,0,0,0,0,0,0,0,0,0,0,0,0,0,0,0,0,0,0,0,0,0,0,0,0,0,0,0,0,0,0,0,0,0,0,0,0,0,0,0,0,0,0,0,0,0,0,0,0,0,0,0,0,65.7,68,72,80.2,78.8,67.1,62,72.4,83.2,0,0,0,0,0,0,0,0,0,0,0,0,0,0,0,0,0,0,0,0,0,0,0,0,0,0,0,0,0,0,0,0,0,0,0,0,0,0,0,0,0,0,0,0,0,0,0,0,0,0,0,0,0,0,0,0,0,0,0,0,0,0,0,0,0,0,0,0,0,0,0,0,0,0,0,0,0,0,0,0,0,TT,Y,,2021,3,3,4/11/2008,17.15789474,15.55269124,14.76678936,19.48220065,0,0,0,0,0,0,0,29,16.9,0,0,0,0,0,0,0,0,0,0,0,0,0,0,0,0,0,0,0,0,0,0,0,0,0,0,0,0,0,0,0,0,0,0,0,0,0,0,0,0,0,0,0,0,0,0,0,0,0,0,0,0,0,0,0,0,0,0,0,0,0,0,0,0,0,0,0,0,0,0,0,0,0,0,0,0,0,0,0,0,0,0,0,0,0,0,0,0,72.4,83.2,0,0,0,0,0,0,0,0,0,0,0,0,0,0,0,0,0,0,0,0,0,0,0,0,0,0,0,0,0,0,0,0,0,0,0,0,0,0,0,0,0,0,0,0,0,0,0,0,0,0,0,0,0,0,0,0,0,0,0,0,0,0,0,0,0,0,0,0,0,0,0,0,0,0,0,0,0,0,0,0,0,45.9,155.6,22.95,77.8,115,55,8,8
22,6,B,N,2,14,177,10,24,25,29,46,-69,1.5,1,0,0,90,2106,93,13,118.1,115.9,114.4,114.1,115.1,114.6,112,107.8,105.3,93,72,55.1,35.4,0,0,0,0,0,0,0,0,0,0,0,0,0,0,0,0,0,0,0,0,0,0,0,0,0,0,0,0,0,0,0,0,0,0,0,0,0,0,0,0,0,0,0,0,0,0,0,0,0,0,0,0,0,0,0,0,0,0,0,0,0,0,0,0,0,0,0,0,0,0,0,0,0,0,0,0,0,63.3,63.2,60.3,65.6,69.3,70.9,72.4,67.5,71.3,70.1,66.9,80.6,88,0,0,0,0,0,0,0,0,0,0,0,0,0,0,0,0,0,0,0,0,0,0,0,0,0,0,0,0,0,0,0,0,0,0,0,0,0,0,0,0,0,0,0,0,0,0,0,0,0,0,0,0,0,0,0,0,0,0,0,0,0,0,0,0,0,0,0,0,0,0,0,0,0,0,0,0,0,TT,Y,,2021,4,3,4/13/2008,12.64285714,15.55269124,14.76678936,19.48220065,0,0,0,0,0,0,0,107.8,105.3,93,72,55.1,35.4,0,0,0,0,0,0,0,0,0,0,0,0,0,0,0,0,0,0,0,0,0,0,0,0,0,0,0,0,0,0,0,0,0,0,0,0,0,0,0,0,0,0,0,0,0,0,0,0,0,0,0,0,0,0,0,0,0,0,0,0,0,0,0,0,0,0,0,0,0,0,0,0,0,0,0,0,0,0,0,0,0,0,0,0,67.5,71.3,70.1,66.9,80.6,88,0,0,0,0,0,0,0,0,0,0,0,0,0,0,0,0,0,0,0,0,0,0,0,0,0,0,0,0,0,0,0,0,0,0,0,0,0,0,0,0,0,0,0,0,0,0,0,0,0,0,0,0,0,0,0,0,0,0,0,0,0,0,0,0,0,0,0,0,0,0,0,0,0,0,0,0,0,468.6,444.4,78.1,74.06666667,115,55,8,8
23,6,B,E,2,79.7,1796,19,11,27,18,55,94,1.5,0,0,0,90,2106,93,79,67.5,65.7,57.9,72.1,74.2,66.5,63.8,61.3,56,51.6,53.6,85.9,102.4,109,107.4,105.9,108.4,107.8,108.6,106.6,104.5,101.8,83.2,58.6,40.1,42.5,46,42.7,22.6,47.5,62.1,60.4,63.5,72.1,84,92.5,94.1,90.2,83.4,64.4,42,43.1,65.8,75.5,77.3,73,63.7,54.1,34,35.3,43.6,45.3,36.5,27.1,34.5,45.8,56,44.6,36.6,51.9,54.8,73.8,95.5,108.8,119,125.1,126.2,123.4,119.6,117.1,118.1,118.9,115.1,107,100.4,80.8,63.9,61.8,42.3,0,0,0,0,0,0,0,0,0,0,0,128.3,126.1,119.9,131.2,124.5,107.2,87,76.5,57.8,42,48.9,65.5,74.3,77.4,72.8,68.6,67.3,69.8,74.8,75.1,77,78.6,81.5,85.4,78.2,62.2,46.3,47,74.7,118.4,131.8,130.7,131.8,128.6,121.7,110.8,98.6,80.7,66.4,55.6,52.1,81.2,106.6,106.5,91,72.6,46.1,46.8,66.7,78.2,118.4,129.4,125.1,111.2,100.2,75.2,62.3,53.9,57.6,68.7,86.9,100.5,96.5,83.9,66.5,49.7,39.6,40.5,60.2,65.5,65.2,61.8,70.8,83.1,88.6,97,108,120.3,115.8,0,0,0,0,0,0,0,0,0,0,0,TT,Y,,2021,5,3,4/13/2008,22.53450439,15.55269124,14.76678936,19.48220065,0,0,0,72.1,74.2,66.5,63.8,61.3,56,51.6,53.6,85.9,102.4,109,107.4,105.9,108.4,107.8,108.6,106.6,104.5,101.8,83.2,58.6,40.1,42.5,46,42.7,22.6,47.5,62.1,60.4,63.5,72.1,84,92.5,94.1,90.2,83.4,64.4,42,43.1,65.8,75.5,77.3,73,63.7,54.1,34,35.3,43.6,45.3,36.5,27.1,34.5,45.8,56,44.6,36.6,51.9,54.8,73.8,95.5,108.8,119,125.1,126.2,123.4,119.6,117.1,118.1,118.9,115.1,107,100.4,80.8,63.9,61.8,42.3,0,0,0,0,0,0,0,0,0,0,0,0,0,0,131.2,124.5,107.2,87,76.5,57.8,42,48.9,65.5,74.3,77.4,72.8,68.6,67.3,69.8,74.8,75.1,77,78.6,81.5,85.4,78.2,62.2,46.3,47,74.7,118.4,131.8,130.7,131.8,128.6,121.7,110.8,98.6,80.7,66.4,55.6,52.1,81.2,106.6,106.5,91,72.6,46.1,46.8,66.7,78.2,118.4,129.4,125.1,111.2,100.2,75.2,62.3,53.9,57.6,68.7,86.9,100.5,96.5,83.9,66.5,49.7,39.6,40.5,60.2,65.5,65.2,61.8,70.8,83.1,88.6,97,108,120.3,115.8,0,0,0,0,0,0,0,0,0,0,0,5654.6,6276.9,74.40263158,82.59078947,55,115,4,4
24,6,B,S,2,30.9,602,43,2,25,22,53,-10,1.5,1,0,0,90,2106,93,30,55,53.2,48.9,42.7,33.8,42,50.4,56.8,48.6,36.4,51.3,74,79.8,72.3,55.3,33.8,13.5,18,49.5,55.2,51.5,47.9,40.6,38.1,60.5,68.8,67.4,83.3,106,116.4,0,0,0,0,0,0,0,0,0,0,0,0,0,0,0,0,0,0,0,0,0,0,0,0,0,0,0,0,0,0,0,0,0,0,0,0,0,0,0,0,0,0,0,0,0,0,0,0,0,0,0,0,0,0,0,0,0,0,0,0,118,116.1,116.1,109.8,101.4,79.1,73.1,64.8,61.5,76.5,90,101.9,102.6,93.1,81.2,70.9,77.8,100.7,132.6,134.1,130.2,129,127.4,119.4,115.2,107.3,92.2,73.6,73.8,70.9,0,0,0,0,0,0,0,0,0,0,0,0,0,0,0,0,0,0,0,0,0,0,0,0,0,0,0,0,0,0,0,0,0,0,0,0,0,0,0,0,0,0,0,0,0,0,0,0,0,0,0,0,0,0,0,0,0,0,0,0,FS,Y,,2021,6,3,4/13/2008,19.48220065,15.55269124,14.76678936,19.48220065,0,0,48.9,42.7,33.8,42,50.4,56.8,48.6,36.4,51.3,74,79.8,72.3,55.3,33.8,13.5,18,49.5,55.2,51.5,47.9,40.6,38.1,60.5,68.8,67.4,83.3,106,116.4,0,0,0,0,0,0,0,0,0,0,0,0,0,0,0,0,0,0,0,0,0,0,0,0,0,0,0,0,0,0,0,0,0,0,0,0,0,0,0,0,0,0,0,0,0,0,0,0,0,0,0,0,0,0,0,0,0,0,0,0,0,0,116.1,109.8,101.4,79.1,73.1,64.8,61.5,76.5,90,101.9,102.6,93.1,81.2,70.9,77.8,100.7,132.6,134.1,130.2,129,127.4,119.4,115.2,107.3,92.2,73.6,73.8,70.9,0,0,0,0,0,0,0,0,0,0,0,0,0,0,0,0,0,0,0,0,0,0,0,0,0,0,0,0,0,0,0,0,0,0,0,0,0,0,0,0,0,0,0,0,0,0,0,0,0,0,0,0,0,0,0,0,0,0,0,0,1542.8,2706.2,55.1,96.65,55,115,3,3
4,7,A,W,2,28.1,700,33,12,38,25,37,-20,1.5,3,0,0,90,2106,8,28,118.3,121.3,117.9,109.6,103.8,78.3,31.5,15.1,45.1,54.9,53.8,40.3,31.2,55.1,80.7,76.1,59.7,46.1,53.9,80.7,108.8,115.6,107.8,84.2,55.9,36.2,23.2,9.2,0,0,0,0,0,0,0,0,0,0,0,0,0,0,0,0,0,0,0,0,0,0,0,0,0,0,0,0,0,0,0,0,0,0,0,0,0,0,0,0,0,0,0,0,0,0,0,0,0,0,0,0,0,0,0,0,0,0,0,0,0,0,61.2,61.4,59.4,48.3,46,44.6,63.8,90,116.2,125.3,130.4,127.4,114.2,108.5,100.1,79.4,58.5,47.4,41.2,38.1,53.2,66,67.5,66.9,66.8,69,69.5,86.8,0,0,0,0,0,0,0,0,0,0,0,0,0,0,0,0,0,0,0,0,0,0,0,0,0,0,0,0,0,0,0,0,0,0,0,0,0,0,0,0,0,0,0,0,0,0,0,0,0,0,0,0,0,0,0,0,0,0,0,0,0,0,TT,Y,,2021,1,4,4/13/2008,24.91103203,23.19538791,23.03187649,24.01294498,0,0,0,0,103.8,78.3,31.5,15.1,45.1,54.9,53.8,40.3,31.2,55.1,80.7,76.1,59.7,46.1,53.9,80.7,108.8,115.6,107.8,84.2,55.9,36.2,23.2,9.2,0,0,0,0,0,0,0,0,0,0,0,0,0,0,0,0,0,0,0,0,0,0,0,0,0,0,0,0,0,0,0,0,0,0,0,0,0,0,0,0,0,0,0,0,0,0,0,0,0,0,0,0,0,0,0,0,0,0,0,0,0,0,0,0,0,0,46,44.6,63.8,90,116.2,125.3,130.4,127.4,114.2,108.5,100.1,79.4,58.5,47.4,41.2,38.1,53.2,66,67.5,66.9,66.8,69,69.5,86.8,0,0,0,0,0,0,0,0,0,0,0,0,0,0,0,0,0,0,0,0,0,0,0,0,0,0,0,0,0,0,0,0,0,0,0,0,0,0,0,0,0,0,0,0,0,0,0,0,0,0,0,0,0,0,0,0,0,0,0,0,0,0,1447.2,1876.8,60.3,78.2,115,55,5,5
5,7,A,N,2,6.8,153,19,1,1,37,62,-75,1.5,0,0,0,90,2106,8,6,111.3,107.1,99,88,72.1,40.7,0,0,0,0,0,0,0,0,0,0,0,0,0,0,0,0,0,0,0,0,0,0,0,0,0,0,0,0,0,0,0,0,0,0,0,0,0,0,0,0,0,0,0,0,0,0,0,0,0,0,0,0,0,0,0,0,0,0,0,0,0,0,0,0,0,0,0,0,0,0,0,0,0,0,0,0,0,0,0,0,0,0,0,0,74.9,84.6,89.3,99.2,102.9,99.9,0,0,0,0,0,0,0,0,0,0,0,0,0,0,0,0,0,0,0,0,0,0,0,0,0,0,0,0,0,0,0,0,0,0,0,0,0,0,0,0,0,0,0,0,0,0,0,0,0,0,0,0,0,0,0,0,0,0,0,0,0,0,0,0,0,0,0,0,0,0,0,0,0,0,0,0,0,0,0,0,0,0,0,0,TT,Y,,2021,2,4,4/13/2008,22.5,23.19538791,23.03187649,24.01294498,0,0,0,0,72.1,40.7,0,0,0,0,0,0,0,0,0,0,0,0,0,0,0,0,0,0,0,0,0,0,0,0,0,0,0,0,0,0,0,0,0,0,0,0,0,0,0,0,0,0,0,0,0,0,0,0,0,0,0,0,0,0,0,0,0,0,0,0,0,0,0,0,0,0,0,0,0,0,0,0,0,0,0,0,0,0,0,0,0,0,0,0,0,0,0,0,102.9,99.9,0,0,0,0,0,0,0,0,0,0,0,0,0,0,0,0,0,0,0,0,0,0,0,0,0,0,0,0,0,0,0,0,0,0,0,0,0,0,0,0,0,0,0,0,0,0,0,0,0,0,0,0,0,0,0,0,0,0,0,0,0,0,0,0,0,0,0,0,0,0,0,0,0,0,0,0,0,0,0,0,0,0,0,0,112.8,202.8,56.4,101.4,115,55,5,5
6,7,A,E,2,35.2,945,36,16,41,27,32,-59,1.5,1,1,0,90,2106,8,35,62.3,56.3,44.9,19,16.5,38,56.1,77.8,108.6,124.2,116.6,102.3,76.2,45.6,31.4,42.5,56.1,43.7,27.6,50,77.8,92,89.5,74.2,50.5,26.5,25.3,45.8,82.7,97.4,92.1,76.1,52.6,35.6,8.4,0,0,0,0,0,0,0,0,0,0,0,0,0,0,0,0,0,0,0,0,0,0,0,0,0,0,0,0,0,0,0,0,0,0,0,0,0,0,0,0,0,0,0,0,0,0,0,0,0,0,0,0,0,0,0,123.2,128.3,129.6,107.6,98.6,87.2,67.1,45.2,45.2,47.5,31.7,17.6,18,47.2,72,96.8,117.2,116.4,85.9,68.1,80.6,97.8,107.4,114.3,98.2,79.4,70.8,85.7,97,93.6,81.8,64.5,56.5,61.6,83.1,0,0,0,0,0,0,0,0,0,0,0,0,0,0,0,0,0,0,0,0,0,0,0,0,0,0,0,0,0,0,0,0,0,0,0,0,0,0,0,0,0,0,0,0,0,0,0,0,0,0,0,0,0,0,0,TT,Y,,2021,3,4,4/13/2008,26.84659091,23.19538791,23.03187649,24.01294498,0,56.3,44.9,19,16.5,38,56.1,77.8,108.6,124.2,116.6,102.3,76.2,45.6,31.4,42.5,56.1,43.7,27.6,50,77.8,92,89.5,74.2,50.5,26.5,25.3,45.8,82.7,97.4,92.1,76.1,52.6,35.6,8.4,0,0,0,0,0,0,0,0,0,0,0,0,0,0,0,0,0,0,0,0,0,0,0,0,0,0,0,0,0,0,0,0,0,0,0,0,0,0,0,0,0,0,0,0,0,0,0,0,0,0,0,0,0,0,0,0,128.3,129.6,107.6,98.6,87.2,67.1,45.2,45.2,47.5,31.7,17.6,18,47.2,72,96.8,117.2,116.4,85.9,68.1,80.6,97.8,107.4,114.3,98.2,79.4,70.8,85.7,97,93.6,81.8,64.5,56.5,61.6,83.1,0,0,0,0,0,0,0,0,0,0,0,0,0,0,0,0,0,0,0,0,0,0,0,0,0,0,0,0,0,0,0,0,0,0,0,0,0,0,0,0,0,0,0,0,0,0,0,0,0,0,0,0,0,0,0,2059.9,2699.5,60.58529412,79.39705882,55,115,2,2
4,8,A,E,2,62,1465,30,14,37,27,36,-50,1.5,1,0,0,90,2106,8,61,62,47.8,32.4,26.4,30.2,48.9,57.2,62.2,51.2,47.4,52.2,49.8,41.3,30.1,15.8,22.1,37.1,58.7,75.3,98.6,118.8,120.5,114.8,98.9,71.5,58.8,56.8,47.7,43,41.4,47.5,57.2,71.6,81.5,79.5,75.1,69.9,64.4,48.7,35.7,43.1,54.7,61.4,66.7,87.3,109.6,115.9,105.4,89,66.4,50.4,50.5,59.5,64.8,69.3,76,87.4,92.8,86.8,63.6,34.4,0,0,0,0,0,0,0,0,0,0,0,0,0,0,0,0,0,0,0,0,0,0,0,0,0,0,0,0,0,127.4,127,119.4,110.8,108.5,114.7,117.3,101.3,74.4,47.6,44.2,55.9,69.6,65,80.7,77.4,66.1,60.5,50.9,42.4,46.6,51.1,57.3,62.7,68.9,93.1,122.4,130.4,130.4,130,125.6,120,110.5,92.3,71.5,40.9,21.9,29.3,43.8,62.5,96.1,117,107.2,85.7,70.6,68.1,64.3,42.2,27.5,37.7,59,70.8,79.9,88,97.6,101.7,99.5,94.4,78,65.1,72.1,0,0,0,0,0,0,0,0,0,0,0,0,0,0,0,0,0,0,0,0,0,0,0,0,0,0,0,0,0,TT,Y,,2021,4,4,4/14/2008,23.62903226,23.19538791,23.03187649,24.01294498,0,47.8,32.4,26.4,30.2,48.9,57.2,62.2,51.2,47.4,52.2,49.8,41.3,30.1,15.8,22.1,37.1,58.7,75.3,98.6,118.8,120.5,114.8,98.9,71.5,58.8,56.8,47.7,43,41.4,47.5,57.2,71.6,81.5,79.5,75.1,69.9,64.4,48.7,35.7,43.1,54.7,61.4,66.7,87.3,109.6,115.9,105.4,89,66.4,50.4,50.5,59.5,64.8,69.3,76,87.4,92.8,86.8,63.6,34.4,0,0,0,0,0,0,0,0,0,0,0,0,0,0,0,0,0,0,0,0,0,0,0,0,0,0,0,0,0,0,127,119.4,110.8,108.5,114.7,117.3,101.3,74.4,47.6,44.2,55.9,69.6,65,80.7,77.4,66.1,60.5,50.9,42.4,46.6,51.1,57.3,62.7,68.9,93.1,122.4,130.4,130.4,130,125.6,120,110.5,92.3,71.5,40.9,21.9,29.3,43.8,62.5,96.1,117,107.2,85.7,70.6,68.1,64.3,42.2,27.5,37.7,59,70.8,79.9,88,97.6,101.7,99.5,94.4,78,65.1,72.1,0,0,0,0,0,0,0,0,0,0,0,0,0,0,0,0,0,0,0,0,0,0,0,0,0,0,0,0,0,3823,4767.4,63.71666667,79.45666667,55,115,2,2
5,8,A,S,2,5.5,95,55,1,22,62,16,-93,1.5,1,0,0,90,2106,8,5,58.5,46.3,40.8,26.9,13.4,0,0,0,0,0,0,0,0,0,0,0,0,0,0,0,0,0,0,0,0,0,0,0,0,0,0,0,0,0,0,0,0,0,0,0,0,0,0,0,0,0,0,0,0,0,0,0,0,0,0,0,0,0,0,0,0,0,0,0,0,0,0,0,0,0,0,0,0,0,0,0,0,0,0,0,0,0,0,0,0,0,0,0,0,0,109.6,95.1,96,96.1,92.1,0,0,0,0,0,0,0,0,0,0,0,0,0,0,0,0,0,0,0,0,0,0,0,0,0,0,0,0,0,0,0,0,0,0,0,0,0,0,0,0,0,0,0,0,0,0,0,0,0,0,0,0,0,0,0,0,0,0,0,0,0,0,0,0,0,0,0,0,0,0,0,0,0,0,0,0,0,0,0,0,0,0,0,0,0,TT,Y,,2021,5,4,4/14/2008,17.27272727,23.19538791,23.03187649,24.01294498,0,46.3,40.8,26.9,13.4,0,0,0,0,0,0,0,0,0,0,0,0,0,0,0,0,0,0,0,0,0,0,0,0,0,0,0,0,0,0,0,0,0,0,0,0,0,0,0,0,0,0,0,0,0,0,0,0,0,0,0,0,0,0,0,0,0,0,0,0,0,0,0,0,0,0,0,0,0,0,0,0,0,0,0,0,0,0,0,0,0,0,0,0,0,0,95.1,96,96.1,92.1,0,0,0,0,0,0,0,0,0,0,0,0,0,0,0,0,0,0,0,0,0,0,0,0,0,0,0,0,0,0,0,0,0,0,0,0,0,0,0,0,0,0,0,0,0,0,0,0,0,0,0,0,0,0,0,0,0,0,0,0,0,0,0,0,0,0,0,0,0,0,0,0,0,0,0,0,0,0,0,0,0,0,0,0,0,127.4,379.3,31.85,94.825,55,115,2,2
6,8,A,N,2,30.9,742,35,2,41,35,24,-46,1.5,1,0,0,90,2106,8,30,110.4,97.6,72.8,50,21.7,15.5,42.7,61.5,74.3,80.9,65,42.2,24.3,18.3,36.2,55.5,76.9,79.8,67.7,39.4,15.7,23.4,34.3,45.2,50.7,54.5,59.7,65.9,77.1,73,0,0,0,0,0,0,0,0,0,0,0,0,0,0,0,0,0,0,0,0,0,0,0,0,0,0,0,0,0,0,0,0,0,0,0,0,0,0,0,0,0,0,0,0,0,0,0,0,0,0,0,0,0,0,0,0,0,0,0,0,67.5,73.5,71.5,79.3,95,82.3,67.7,77.3,99.6,93.5,75.4,69.3,68.4,82,94.7,94.5,110.6,119.9,115.9,93.8,81,82.3,98.7,114.8,125.2,117.2,97.4,88,77.7,61.9,0,0,0,0,0,0,0,0,0,0,0,0,0,0,0,0,0,0,0,0,0,0,0,0,0,0,0,0,0,0,0,0,0,0,0,0,0,0,0,0,0,0,0,0,0,0,0,0,0,0,0,0,0,0,0,0,0,0,0,0,FS,Y,,2021,6,4,4/14/2008,24.01294498,23.19538791,23.03187649,24.01294498,0,0,0,0,21.7,15.5,42.7,61.5,74.3,80.9,65,42.2,24.3,18.3,36.2,55.5,76.9,79.8,67.7,39.4,15.7,23.4,34.3,45.2,50.7,54.5,59.7,65.9,77.1,73,0,0,0,0,0,0,0,0,0,0,0,0,0,0,0,0,0,0,0,0,0,0,0,0,0,0,0,0,0,0,0,0,0,0,0,0,0,0,0,0,0,0,0,0,0,0,0,0,0,0,0,0,0,0,0,0,0,0,0,0,0,0,0,0,95,82.3,67.7,77.3,99.6,93.5,75.4,69.3,68.4,82,94.7,94.5,110.6,119.9,115.9,93.8,81,82.3,98.7,114.8,125.2,117.2,97.4,88,77.7,61.9,0,0,0,0,0,0,0,0,0,0,0,0,0,0,0,0,0,0,0,0,0,0,0,0,0,0,0,0,0,0,0,0,0,0,0,0,0,0,0,0,0,0,0,0,0,0,0,0,0,0,0,0,0,0,0,0,0,0,0,0,1301.4,2384.1,50.05384615,91.69615385,115,55,5,5
13,7,A,W,2,7.5,192,43,40,33,63,4,-47,1.5,1,0,0,90,2106,23,7,110.4,101.1,78.8,45.5,31.5,34.1,22.4,0,0,0,0,0,0,0,0,0,0,0,0,0,0,0,0,0,0,0,0,0,0,0,0,0,0,0,0,0,0,0,0,0,0,0,0,0,0,0,0,0,0,0,0,0,0,0,0,0,0,0,0,0,0,0,0,0,0,0,0,0,0,0,0,0,0,0,0,0,0,0,0,0,0,0,0,0,0,0,0,0,0,0,40.8,27.3,21.9,51.2,92.9,111.3,108,0,0,0,0,0,0,0,0,0,0,0,0,0,0,0,0,0,0,0,0,0,0,0,0,0,0,0,0,0,0,0,0,0,0,0,0,0,0,0,0,0,0,0,0,0,0,0,0,0,0,0,0,0,0,0,0,0,0,0,0,0,0,0,0,0,0,0,0,0,0,0,0,0,0,0,0,0,0,0,0,0,0,0,TT,Y,,2021,1,4,4/13/2008,25.6,26.10167089,26.06875832,26.26623377,0,0,0,45.5,31.5,34.1,22.4,0,0,0,0,0,0,0,0,0,0,0,0,0,0,0,0,0,0,0,0,0,0,0,0,0,0,0,0,0,0,0,0,0,0,0,0,0,0,0,0,0,0,0,0,0,0,0,0,0,0,0,0,0,0,0,0,0,0,0,0,0,0,0,0,0,0,0,0,0,0,0,0,0,0,0,0,0,0,0,0,0,0,0,0,0,0,51.2,92.9,111.3,108,0,0,0,0,0,0,0,0,0,0,0,0,0,0,0,0,0,0,0,0,0,0,0,0,0,0,0,0,0,0,0,0,0,0,0,0,0,0,0,0,0,0,0,0,0,0,0,0,0,0,0,0,0,0,0,0,0,0,0,0,0,0,0,0,0,0,0,0,0,0,0,0,0,0,0,0,0,0,0,0,0,0,0,133.5,363.4,33.375,90.85,115,55,4,4
14,7,A,N,2,20.1,658,24,21,3,46,51,-61,1.5,0,0,0,90,2106,23,20,109.5,100,77.9,53.1,41.5,43.1,42.4,69.6,91.2,103.7,118.3,125.2,120.6,112.1,104.3,100.8,88.8,75.3,52.2,25.8,0,0,0,0,0,0,0,0,0,0,0,0,0,0,0,0,0,0,0,0,0,0,0,0,0,0,0,0,0,0,0,0,0,0,0,0,0,0,0,0,0,0,0,0,0,0,0,0,0,0,0,0,0,0,0,0,0,0,0,0,0,0,0,0,0,0,0,0,0,0,69.4,80.1,93.2,107.4,125,131.9,118.4,99.3,81.5,57.4,42.1,40.1,33.8,45.1,67.2,90.8,102.5,110.5,108.8,98.8,0,0,0,0,0,0,0,0,0,0,0,0,0,0,0,0,0,0,0,0,0,0,0,0,0,0,0,0,0,0,0,0,0,0,0,0,0,0,0,0,0,0,0,0,0,0,0,0,0,0,0,0,0,0,0,0,0,0,0,0,0,0,0,0,0,0,0,0,0,0,TT,Y,,2021,2,4,4/13/2008,32.73631841,26.10167089,26.06875832,26.26623377,0,0,0,53.1,41.5,43.1,42.4,69.6,91.2,103.7,118.3,125.2,120.6,112.1,104.3,100.8,88.8,75.3,52.2,25.8,0,0,0,0,0,0,0,0,0,0,0,0,0,0,0,0,0,0,0,0,0,0,0,0,0,0,0,0,0,0,0,0,0,0,0,0,0,0,0,0,0,0,0,0,0,0,0,0,0,0,0,0,0,0,0,0,0,0,0,0,0,0,0,0,0,0,0,0,0,0,0,0,0,107.4,125,131.9,118.4,99.3,81.5,57.4,42.1,40.1,33.8,45.1,67.2,90.8,102.5,110.5,108.8,98.8,0,0,0,0,0,0,0,0,0,0,0,0,0,0,0,0,0,0,0,0,0,0,0,0,0,0,0,0,0,0,0,0,0,0,0,0,0,0,0,0,0,0,0,0,0,0,0,0,0,0,0,0,0,0,0,0,0,0,0,0,0,0,0,0,0,0,0,0,0,0,1368,1460.6,80.47058824,85.91764706,115,55,4,4
15,7,A,E,2,15,446,46,16,26,48,26,-78,1.5,2,0,0,90,2106,23,14,60.3,53.2,40.9,35.8,47.7,69.9,95.3,105.4,107.6,94.9,63.8,36.1,33.3,26.5,0,0,0,0,0,0,0,0,0,0,0,0,0,0,0,0,0,0,0,0,0,0,0,0,0,0,0,0,0,0,0,0,0,0,0,0,0,0,0,0,0,0,0,0,0,0,0,0,0,0,0,0,0,0,0,0,0,0,0,0,0,0,0,0,0,0,0,0,0,0,0,0,0,0,0,0,122.1,131.2,129,107.8,77.1,47.5,31.9,31.8,48,55.3,62.1,88.1,116.6,115.6,0,0,0,0,0,0,0,0,0,0,0,0,0,0,0,0,0,0,0,0,0,0,0,0,0,0,0,0,0,0,0,0,0,0,0,0,0,0,0,0,0,0,0,0,0,0,0,0,0,0,0,0,0,0,0,0,0,0,0,0,0,0,0,0,0,0,0,0,0,0,0,0,0,0,0,0,TT,Y,,2021,3,4,4/13/2008,29.73333333,26.10167089,26.06875832,26.26623377,0,53.2,40.9,35.8,47.7,69.9,95.3,105.4,107.6,94.9,63.8,36.1,33.3,26.5,0,0,0,0,0,0,0,0,0,0,0,0,0,0,0,0,0,0,0,0,0,0,0,0,0,0,0,0,0,0,0,0,0,0,0,0,0,0,0,0,0,0,0,0,0,0,0,0,0,0,0,0,0,0,0,0,0,0,0,0,0,0,0,0,0,0,0,0,0,0,0,0,0,0,0,0,0,131.2,129,107.8,77.1,47.5,31.9,31.8,48,55.3,62.1,88.1,116.6,115.6,0,0,0,0,0,0,0,0,0,0,0,0,0,0,0,0,0,0,0,0,0,0,0,0,0,0,0,0,0,0,0,0,0,0,0,0,0,0,0,0,0,0,0,0,0,0,0,0,0,0,0,0,0,0,0,0,0,0,0,0,0,0,0,0,0,0,0,0,0,0,0,0,0,0,0,0,810.4,1042,62.33846154,80.15384615,55,115,2,2
13,8,A,E,2,90.1,2097,30,21,42,35,23,-52,1.5,1,1,0,90,2106,23,90,61.8,48.9,30.5,32.5,49.6,60.9,71.9,91.3,99.2,96.2,90.5,67.1,39.4,11.7,34.2,36.4,38.1,27.1,22.7,41.7,50.7,56.5,53.1,67.9,85.4,99.1,112,113.1,112.6,102.3,94.4,94.5,88.6,82.7,75.3,68.9,53,34.8,16.7,48.7,63,55.3,52.7,56.6,67.3,75.3,82.6,88.4,91.7,97.2,97.5,99,100.1,101.1,92.2,74.7,53.6,33.7,30.2,48.5,66.8,83.5,67.1,48.5,24.5,24.2,33.4,46.6,50,40.6,17.7,31.9,49,52.9,52.3,40.5,27,16,13.5,31.4,60.8,88.4,100.3,101.3,101.2,102.3,93.5,82.4,87.4,101.9,123.5,125.6,118.7,119.2,119.3,99.8,76.1,51,23.9,17.2,32.5,47.8,57.3,80.5,111.3,99.1,93.7,80.9,72.2,78.5,103.3,111.5,110.7,109.3,98.2,81.1,76.7,62.1,37.8,15.4,20.9,23.1,32.6,35,38.5,41.2,41,54.9,85.2,121.8,129.2,108.5,90.1,74.4,64.9,58.1,56.1,54.6,56.2,55.8,54.1,51.2,44.7,37.1,24.1,23.3,40.1,57.2,65.4,66.6,72,84.7,93.7,96.6,106.8,110.1,103.7,95.4,90.2,83.2,79.8,82.7,91.1,111.2,119.3,119.6,112.3,104.3,93.8,87.1,81.9,94.7,101,89.7,71.4,52.4,22.7,14.4,51.9,79.8,TT,Y,,2021,4,4,4/14/2008,23.27413984,26.10167089,26.06875832,26.26623377,0,48.9,30.5,32.5,49.6,60.9,71.9,91.3,99.2,96.2,90.5,67.1,39.4,11.7,34.2,36.4,38.1,27.1,22.7,41.7,50.7,56.5,53.1,67.9,85.4,99.1,112,113.1,112.6,102.3,94.4,94.5,88.6,82.7,75.3,68.9,53,34.8,16.7,48.7,63,55.3,52.7,56.6,67.3,75.3,82.6,88.4,91.7,97.2,97.5,99,100.1,101.1,92.2,74.7,53.6,33.7,30.2,48.5,66.8,83.5,67.1,48.5,24.5,24.2,33.4,46.6,50,40.6,17.7,31.9,49,52.9,52.3,40.5,27,16,13.5,31.4,60.8,88.4,100.3,101.3,101.2,102.3,93.5,82.4,87.4,101.9,0,125.6,118.7,119.2,119.3,99.8,76.1,51,23.9,17.2,32.5,47.8,57.3,80.5,111.3,99.1,93.7,80.9,72.2,78.5,103.3,111.5,110.7,109.3,98.2,81.1,76.7,62.1,37.8,15.4,20.9,23.1,32.6,35,38.5,41.2,41,54.9,85.2,121.8,129.2,108.5,90.1,74.4,64.9,58.1,56.1,54.6,56.2,55.8,54.1,51.2,44.7,37.1,24.1,23.3,40.1,57.2,65.4,66.6,72,84.7,93.7,96.6,106.8,110.1,103.7,95.4,90.2,83.2,79.8,82.7,91.1,111.2,119.3,119.6,112.3,104.3,93.8,87.1,81.9,94.7,101,89.7,71.4,52.4,22.7,14.4,51.9,79.8,5697.8,6614.1,64.02022472,74.31573034,55,115,2,2
14,8,A,S,2,4,76,51,8,17,74,9,-13,1.5,2,0,0,90,2106,23,3,55.9,45.4,27.2,0,0,0,0,0,0,0,0,0,0,0,0,0,0,0,0,0,0,0,0,0,0,0,0,0,0,0,0,0,0,0,0,0,0,0,0,0,0,0,0,0,0,0,0,0,0,0,0,0,0,0,0,0,0,0,0,0,0,0,0,0,0,0,0,0,0,0,0,0,0,0,0,0,0,0,0,0,0,0,0,0,0,0,0,0,0,0,103.6,97.1,100.9,0,0,0,0,0,0,0,0,0,0,0,0,0,0,0,0,0,0,0,0,0,0,0,0,0,0,0,0,0,0,0,0,0,0,0,0,0,0,0,0,0,0,0,0,0,0,0,0,0,0,0,0,0,0,0,0,0,0,0,0,0,0,0,0,0,0,0,0,0,0,0,0,0,0,0,0,0,0,0,0,0,0,0,0,0,0,0,TT,Y,,2021,5,4,4/14/2008,19,26.10167089,26.06875832,26.26623377,0,45.4,27.2,0,0,0,0,0,0,0,0,0,0,0,0,0,0,0,0,0,0,0,0,0,0,0,0,0,0,0,0,0,0,0,0,0,0,0,0,0,0,0,0,0,0,0,0,0,0,0,0,0,0,0,0,0,0,0,0,0,0,0,0,0,0,0,0,0,0,0,0,0,0,0,0,0,0,0,0,0,0,0,0,0,0,0,0,0,0,0,0,97.1,100.9,0,0,0,0,0,0,0,0,0,0,0,0,0,0,0,0,0,0,0,0,0,0,0,0,0,0,0,0,0,0,0,0,0,0,0,0,0,0,0,0,0,0,0,0,0,0,0,0,0,0,0,0,0,0,0,0,0,0,0,0,0,0,0,0,0,0,0,0,0,0,0,0,0,0,0,0,0,0,0,0,0,0,0,0,0,0,0,72.6,198,36.3,99,55,115,2,2
15,8,A,N,2,30.8,809,37,4,20,45,35,-51,1.5,0,0,0,90,2106,23,30,107.9,93.9,74.7,62,44.9,35.4,43.9,49.8,62.8,76.6,79.3,83.9,89.6,101.6,100.9,85.3,61.3,37.7,23.5,39.2,36.4,28.4,31.8,40.3,44.5,47.2,59.7,50.7,41.5,26.1,0,0,0,0,0,0,0,0,0,0,0,0,0,0,0,0,0,0,0,0,0,0,0,0,0,0,0,0,0,0,0,0,0,0,0,0,0,0,0,0,0,0,0,0,0,0,0,0,0,0,0,0,0,0,0,0,0,0,0,0,70.7,82.6,99.1,115.3,119.7,123.1,126.9,112.4,103.4,102,87.5,72.2,69.1,77.7,75.7,78.6,91.8,103.3,110.9,122.1,112.4,92.7,69.5,51.9,48.3,71,95.7,106.1,103.9,80.1,0,0,0,0,0,0,0,0,0,0,0,0,0,0,0,0,0,0,0,0,0,0,0,0,0,0,0,0,0,0,0,0,0,0,0,0,0,0,0,0,0,0,0,0,0,0,0,0,0,0,0,0,0,0,0,0,0,0,0,0,FS,Y,,2021,6,4,4/14/2008,26.26623377,26.10167089,26.06875832,26.26623377,0,0,0,62,44.9,35.4,43.9,49.8,62.8,76.6,79.3,83.9,89.6,101.6,100.9,85.3,61.3,37.7,23.5,39.2,36.4,28.4,31.8,40.3,44.5,47.2,59.7,50.7,41.5,26.1,0,0,0,0,0,0,0,0,0,0,0,0,0,0,0,0,0,0,0,0,0,0,0,0,0,0,0,0,0,0,0,0,0,0,0,0,0,0,0,0,0,0,0,0,0,0,0,0,0,0,0,0,0,0,0,0,0,0,0,0,0,0,0,115.3,119.7,123.1,126.9,112.4,103.4,102,87.5,72.2,69.1,77.7,75.7,78.6,91.8,103.3,110.9,122.1,112.4,92.7,69.5,51.9,48.3,71,95.7,106.1,103.9,80.1,0,0,0,0,0,0,0,0,0,0,0,0,0,0,0,0,0,0,0,0,0,0,0,0,0,0,0,0,0,0,0,0,0,0,0,0,0,0,0,0,0,0,0,0,0,0,0,0,0,0,0,0,0,0,0,0,0,0,0,0,1484.3,2523.3,54.97407407,93.45555556,115,55,4,4
22,7,A,W,2,8.9,155,15,1,69,11,20,61,1.5,1,0,0,90,2106,41,8,110.9,103.5,83.4,66.6,54.8,42.1,42.1,31.4,0,0,0,0,0,0,0,0,0,0,0,0,0,0,0,0,0,0,0,0,0,0,0,0,0,0,0,0,0,0,0,0,0,0,0,0,0,0,0,0,0,0,0,0,0,0,0,0,0,0,0,0,0,0,0,0,0,0,0,0,0,0,0,0,0,0,0,0,0,0,0,0,0,0,0,0,0,0,0,0,0,0,60.3,64.1,59.9,55.8,55.2,54.8,54.7,62.5,0,0,0,0,0,0,0,0,0,0,0,0,0,0,0,0,0,0,0,0,0,0,0,0,0,0,0,0,0,0,0,0,0,0,0,0,0,0,0,0,0,0,0,0,0,0,0,0,0,0,0,0,0,0,0,0,0,0,0,0,0,0,0,0,0,0,0,0,0,0,0,0,0,0,0,0,0,0,0,0,0,0,TT,Y,,2021,1,4,4/13/2008,17.41573034,18.38857955,17.63123053,22.17532468,0,0,0,0,0,0,42.1,31.4,0,0,0,0,0,0,0,0,0,0,0,0,0,0,0,0,0,0,0,0,0,0,0,0,0,0,0,0,0,0,0,0,0,0,0,0,0,0,0,0,0,0,0,0,0,0,0,0,0,0,0,0,0,0,0,0,0,0,0,0,0,0,0,0,0,0,0,0,0,0,0,0,0,0,0,0,0,0,0,0,0,0,0,0,0,0,0,0,54.7,62.5,0,0,0,0,0,0,0,0,0,0,0,0,0,0,0,0,0,0,0,0,0,0,0,0,0,0,0,0,0,0,0,0,0,0,0,0,0,0,0,0,0,0,0,0,0,0,0,0,0,0,0,0,0,0,0,0,0,0,0,0,0,0,0,0,0,0,0,0,0,0,0,0,0,0,0,0,0,0,0,0,0,0,73.5,117.2,36.75,58.6,115,55,7,7
23,7,A,N,2,6.7,128,16,3,57,37,6,-40,1.5,0,0,0,90,2106,41,6,111.2,101.1,85.4,66.5,48.5,37.6,0,0,0,0,0,0,0,0,0,0,0,0,0,0,0,0,0,0,0,0,0,0,0,0,0,0,0,0,0,0,0,0,0,0,0,0,0,0,0,0,0,0,0,0,0,0,0,0,0,0,0,0,0,0,0,0,0,0,0,0,0,0,0,0,0,0,0,0,0,0,0,0,0,0,0,0,0,0,0,0,0,0,0,0,65.6,69.3,70.7,70.9,78.6,91.3,0,0,0,0,0,0,0,0,0,0,0,0,0,0,0,0,0,0,0,0,0,0,0,0,0,0,0,0,0,0,0,0,0,0,0,0,0,0,0,0,0,0,0,0,0,0,0,0,0,0,0,0,0,0,0,0,0,0,0,0,0,0,0,0,0,0,0,0,0,0,0,0,0,0,0,0,0,0,0,0,0,0,0,0,TT,Y,,2021,2,4,4/13/2008,19.10447761,18.38857955,17.63123053,22.17532468,0,0,0,0,0,0,0,0,0,0,0,0,0,0,0,0,0,0,0,0,0,0,0,0,0,0,0,0,0,0,0,0,0,0,0,0,0,0,0,0,0,0,0,0,0,0,0,0,0,0,0,0,0,0,0,0,0,0,0,0,0,0,0,0,0,0,0,0,0,0,0,0,0,0,0,0,0,0,0,0,0,0,0,0,0,0,0,0,0,0,0,0,0,0,0,0,0,0,0,0,0,0,0,0,0,0,0,0,0,0,0,0,0,0,0,0,0,0,0,0,0,0,0,0,0,0,0,0,0,0,0,0,0,0,0,0,0,0,0,0,0,0,0,0,0,0,0,0,0,0,0,0,0,0,0,0,0,0,0,0,0,0,0,0,0,0,0,0,0,0,0,0,0,0,0,0,0,0,0,0,0,0,0,0,115,55,7,7
24,7,A,E,2,2.5,55,100,0,0,58,42,-20,1.5,0,0,0,90,2106,41,2,56.9,31.6,0,0,0,0,0,0,0,0,0,0,0,0,0,0,0,0,0,0,0,0,0,0,0,0,0,0,0,0,0,0,0,0,0,0,0,0,0,0,0,0,0,0,0,0,0,0,0,0,0,0,0,0,0,0,0,0,0,0,0,0,0,0,0,0,0,0,0,0,0,0,0,0,0,0,0,0,0,0,0,0,0,0,0,0,0,0,0,0,125.5,111,0,0,0,0,0,0,0,0,0,0,0,0,0,0,0,0,0,0,0,0,0,0,0,0,0,0,0,0,0,0,0,0,0,0,0,0,0,0,0,0,0,0,0,0,0,0,0,0,0,0,0,0,0,0,0,0,0,0,0,0,0,0,0,0,0,0,0,0,0,0,0,0,0,0,0,0,0,0,0,0,0,0,0,0,0,0,0,0,TT,Y,,2021,3,4,4/13/2008,22,18.38857955,17.63123053,22.17532468,0,0,0,0,0,0,0,0,0,0,0,0,0,0,0,0,0,0,0,0,0,0,0,0,0,0,0,0,0,0,0,0,0,0,0,0,0,0,0,0,0,0,0,0,0,0,0,0,0,0,0,0,0,0,0,0,0,0,0,0,0,0,0,0,0,0,0,0,0,0,0,0,0,0,0,0,0,0,0,0,0,0,0,0,0,0,0,0,0,0,0,0,0,0,0,0,0,0,0,0,0,0,0,0,0,0,0,0,0,0,0,0,0,0,0,0,0,0,0,0,0,0,0,0,0,0,0,0,0,0,0,0,0,0,0,0,0,0,0,0,0,0,0,0,0,0,0,0,0,0,0,0,0,0,0,0,0,0,0,0,0,0,0,0,0,0,0,0,0,0,0,0,0,0,0,0,0,0,0,0,0,0,0,0,55,115,3,3
22,8,A,E,2,3.5,58,100,0,11,47,42,-30,1.5,0,0,0,90,2106,41,3,60.7,43.7,27.9,0,0,0,0,0,0,0,0,0,0,0,0,0,0,0,0,0,0,0,0,0,0,0,0,0,0,0,0,0,0,0,0,0,0,0,0,0,0,0,0,0,0,0,0,0,0,0,0,0,0,0,0,0,0,0,0,0,0,0,0,0,0,0,0,0,0,0,0,0,0,0,0,0,0,0,0,0,0,0,0,0,0,0,0,0,0,0,124.6,116.8,102.8,0,0,0,0,0,0,0,0,0,0,0,0,0,0,0,0,0,0,0,0,0,0,0,0,0,0,0,0,0,0,0,0,0,0,0,0,0,0,0,0,0,0,0,0,0,0,0,0,0,0,0,0,0,0,0,0,0,0,0,0,0,0,0,0,0,0,0,0,0,0,0,0,0,0,0,0,0,0,0,0,0,0,0,0,0,0,0,TT,Y,,2021,4,4,4/14/2008,16.57142857,18.38857955,17.63123053,22.17532468,0,0,27.9,0,0,0,0,0,0,0,0,0,0,0,0,0,0,0,0,0,0,0,0,0,0,0,0,0,0,0,0,0,0,0,0,0,0,0,0,0,0,0,0,0,0,0,0,0,0,0,0,0,0,0,0,0,0,0,0,0,0,0,0,0,0,0,0,0,0,0,0,0,0,0,0,0,0,0,0,0,0,0,0,0,0,0,0,0,0,0,0,0,102.8,0,0,0,0,0,0,0,0,0,0,0,0,0,0,0,0,0,0,0,0,0,0,0,0,0,0,0,0,0,0,0,0,0,0,0,0,0,0,0,0,0,0,0,0,0,0,0,0,0,0,0,0,0,0,0,0,0,0,0,0,0,0,0,0,0,0,0,0,0,0,0,0,0,0,0,0,0,0,0,0,0,0,0,0,0,0,0,27.9,102.8,27.9,102.8,55,115,3,3
23,8,A,S,2,6.2,81,54,4,44,49,7,-21,1.5,2,0,0,90,2106,41,6,54.2,48.2,40,34.6,28.5,11.9,0,0,0,0,0,0,0,0,0,0,0,0,0,0,0,0,0,0,0,0,0,0,0,0,0,0,0,0,0,0,0,0,0,0,0,0,0,0,0,0,0,0,0,0,0,0,0,0,0,0,0,0,0,0,0,0,0,0,0,0,0,0,0,0,0,0,0,0,0,0,0,0,0,0,0,0,0,0,0,0,0,0,0,0,106.4,99.3,94.9,89.7,85.3,90.1,0,0,0,0,0,0,0,0,0,0,0,0,0,0,0,0,0,0,0,0,0,0,0,0,0,0,0,0,0,0,0,0,0,0,0,0,0,0,0,0,0,0,0,0,0,0,0,0,0,0,0,0,0,0,0,0,0,0,0,0,0,0,0,0,0,0,0,0,0,0,0,0,0,0,0,0,0,0,0,0,0,0,0,0,TT,Y,,2021,5,4,4/14/2008,13.06451613,18.38857955,17.63123053,22.17532468,0,0,40,34.6,28.5,11.9,0,0,0,0,0,0,0,0,0,0,0,0,0,0,0,0,0,0,0,0,0,0,0,0,0,0,0,0,0,0,0,0,0,0,0,0,0,0,0,0,0,0,0,0,0,0,0,0,0,0,0,0,0,0,0,0,0,0,0,0,0,0,0,0,0,0,0,0,0,0,0,0,0,0,0,0,0,0,0,0,0,0,0,0,0,0,94.9,89.7,85.3,90.1,0,0,0,0,0,0,0,0,0,0,0,0,0,0,0,0,0,0,0,0,0,0,0,0,0,0,0,0,0,0,0,0,0,0,0,0,0,0,0,0,0,0,0,0,0,0,0,0,0,0,0,0,0,0,0,0,0,0,0,0,0,0,0,0,0,0,0,0,0,0,0,0,0,0,0,0,0,0,0,0,0,0,0,0,115,360,28.75,90,55,115,3,3
24,8,A,N,2,30.8,683,57,4,81,17,2,-19,1.5,4,0,0,90,2106,41,30,109.6,93.2,75.7,61.4,49.9,47,34.9,29.2,26.4,31.1,36.5,37,29.6,13.5,10.9,17.9,18.2,23.8,15.6,5.4,33.1,63.3,69.5,65.4,49.2,16.6,13.6,30.4,49.7,67.6,0,0,0,0,0,0,0,0,0,0,0,0,0,0,0,0,0,0,0,0,0,0,0,0,0,0,0,0,0,0,0,0,0,0,0,0,0,0,0,0,0,0,0,0,0,0,0,0,0,0,0,0,0,0,0,0,0,0,0,0,66.2,63.8,59.8,62.6,71.6,80.2,86.9,95.3,81.9,81.2,93,91.4,85.1,79.7,94.2,91,90.1,98.7,103.4,87.3,56.8,29.4,30,54.2,72.6,86.9,85.1,84.5,90.3,75.6,0,0,0,0,0,0,0,0,0,0,0,0,0,0,0,0,0,0,0,0,0,0,0,0,0,0,0,0,0,0,0,0,0,0,0,0,0,0,0,0,0,0,0,0,0,0,0,0,0,0,0,0,0,0,0,0,0,0,0,0,FS,Y,,2021,6,4,4/14/2008,22.17532468,18.38857955,17.63123053,22.17532468,0,0,0,0,49.9,47,34.9,29.2,26.4,31.1,36.5,37,29.6,13.5,10.9,17.9,18.2,23.8,15.6,5.4,33.1,63.3,69.5,65.4,49.2,16.6,13.6,30.4,49.7,67.6,0,0,0,0,0,0,0,0,0,0,0,0,0,0,0,0,0,0,0,0,0,0,0,0,0,0,0,0,0,0,0,0,0,0,0,0,0,0,0,0,0,0,0,0,0,0,0,0,0,0,0,0,0,0,0,0,0,0,0,0,0,0,0,0,71.6,80.2,86.9,95.3,81.9,81.2,93,91.4,85.1,79.7,94.2,91,90.1,98.7,103.4,87.3,56.8,29.4,30,54.2,72.6,86.9,85.1,84.5,90.3,75.6,0,0,0,0,0,0,0,0,0,0,0,0,0,0,0,0,0,0,0,0,0,0,0,0,0,0,0,0,0,0,0,0,0,0,0,0,0,0,0,0,0,0,0,0,0,0,0,0,0,0,0,0,0,0,0,0,0,0,0,0,885.3,2076.4,34.05,79.86153846,115,55,5,5
22,7,B,W,2,28.4,385,6,50,18,23,59,-112,1.5,1,1,0,90,2106,93,28,111.9,114.8,116.8,117.1,111.6,111.6,112.9,116.6,113.5,102.4,112.7,121,120.5,122.9,115.6,112.9,110,111.5,119.3,118.3,117,107.9,97.2,92.2,83.6,58.1,30.3,11.8,0,0,0,0,0,0,0,0,0,0,0,0,0,0,0,0,0,0,0,0,0,0,0,0,0,0,0,0,0,0,0,0,0,0,0,0,0,0,0,0,0,0,0,0,0,0,0,0,0,0,0,0,0,0,0,0,0,0,0,0,0,0,51.7,54.2,55.8,55.2,50.6,49.5,52.5,58.4,59.5,51.7,52.5,55.6,53.5,53.7,46.8,46.8,44.4,46.6,46.6,35.5,32.2,22.2,12.5,12.6,16.9,41.3,76,97.5,0,0,0,0,0,0,0,0,0,0,0,0,0,0,0,0,0,0,0,0,0,0,0,0,0,0,0,0,0,0,0,0,0,0,0,0,0,0,0,0,0,0,0,0,0,0,0,0,0,0,0,0,0,0,0,0,0,0,0,0,0,0,TT,Y,,2021,1,4,4/13/2008,13.55633803,15.86259703,14.80058875,21.17263844,0,0,0,0,0,0,0,116.6,113.5,102.4,112.7,121,120.5,122.9,115.6,112.9,110,111.5,119.3,118.3,117,107.9,97.2,92.2,83.6,58.1,30.3,11.8,0,0,0,0,0,0,0,0,0,0,0,0,0,0,0,0,0,0,0,0,0,0,0,0,0,0,0,0,0,0,0,0,0,0,0,0,0,0,0,0,0,0,0,0,0,0,0,0,0,0,0,0,0,0,0,0,0,0,0,0,0,0,0,0,0,0,0,0,0,58.4,59.5,51.7,52.5,55.6,53.5,53.7,46.8,46.8,44.4,46.6,46.6,35.5,32.2,22.2,12.5,12.6,16.9,41.3,76,97.5,0,0,0,0,0,0,0,0,0,0,0,0,0,0,0,0,0,0,0,0,0,0,0,0,0,0,0,0,0,0,0,0,0,0,0,0,0,0,0,0,0,0,0,0,0,0,0,0,0,0,0,0,0,0,0,0,0,0,0,0,0,0,2095.3,962.8,99.77619048,45.84761905,115,55,8,8
23,7,B,N,2,12.6,166,10,60,35,8,57,-22,1.5,1,0,0,90,2106,93,12,118.8,119.3,119.8,119.9,120.1,119.2,117.3,105.7,87.2,75.3,57.9,31.1,0,0,0,0,0,0,0,0,0,0,0,0,0,0,0,0,0,0,0,0,0,0,0,0,0,0,0,0,0,0,0,0,0,0,0,0,0,0,0,0,0,0,0,0,0,0,0,0,0,0,0,0,0,0,0,0,0,0,0,0,0,0,0,0,0,0,0,0,0,0,0,0,0,0,0,0,0,0,64.1,62.1,60.6,60.4,59.7,60.7,60.4,58.8,53.9,57,55.4,64.8,0,0,0,0,0,0,0,0,0,0,0,0,0,0,0,0,0,0,0,0,0,0,0,0,0,0,0,0,0,0,0,0,0,0,0,0,0,0,0,0,0,0,0,0,0,0,0,0,0,0,0,0,0,0,0,0,0,0,0,0,0,0,0,0,0,0,0,0,0,0,0,0,0,0,0,0,0,0,TT,Y,,2021,2,4,4/13/2008,13.17460317,15.86259703,14.80058875,21.17263844,0,0,0,0,0,0,0,105.7,87.2,75.3,57.9,31.1,0,0,0,0,0,0,0,0,0,0,0,0,0,0,0,0,0,0,0,0,0,0,0,0,0,0,0,0,0,0,0,0,0,0,0,0,0,0,0,0,0,0,0,0,0,0,0,0,0,0,0,0,0,0,0,0,0,0,0,0,0,0,0,0,0,0,0,0,0,0,0,0,0,0,0,0,0,0,0,0,0,0,0,0,0,58.8,53.9,57,55.4,64.8,0,0,0,0,0,0,0,0,0,0,0,0,0,0,0,0,0,0,0,0,0,0,0,0,0,0,0,0,0,0,0,0,0,0,0,0,0,0,0,0,0,0,0,0,0,0,0,0,0,0,0,0,0,0,0,0,0,0,0,0,0,0,0,0,0,0,0,0,0,0,0,0,0,0,0,0,0,0,357.2,289.9,71.44,57.98,115,55,8,8
24,7,B,E,2,4.9,72,45,1,10,22,68,-21,1.5,1,0,0,90,2106,93,4,68.6,66.3,64.5,46.2,0,0,0,0,0,0,0,0,0,0,0,0,0,0,0,0,0,0,0,0,0,0,0,0,0,0,0,0,0,0,0,0,0,0,0,0,0,0,0,0,0,0,0,0,0,0,0,0,0,0,0,0,0,0,0,0,0,0,0,0,0,0,0,0,0,0,0,0,0,0,0,0,0,0,0,0,0,0,0,0,0,0,0,0,0,0,125.3,123.9,124.3,114.5,0,0,0,0,0,0,0,0,0,0,0,0,0,0,0,0,0,0,0,0,0,0,0,0,0,0,0,0,0,0,0,0,0,0,0,0,0,0,0,0,0,0,0,0,0,0,0,0,0,0,0,0,0,0,0,0,0,0,0,0,0,0,0,0,0,0,0,0,0,0,0,0,0,0,0,0,0,0,0,0,0,0,0,0,0,0,TT,Y,,2021,3,4,4/13/2008,14.69387755,15.86259703,14.80058875,21.17263844,0,0,0,46.2,0,0,0,0,0,0,0,0,0,0,0,0,0,0,0,0,0,0,0,0,0,0,0,0,0,0,0,0,0,0,0,0,0,0,0,0,0,0,0,0,0,0,0,0,0,0,0,0,0,0,0,0,0,0,0,0,0,0,0,0,0,0,0,0,0,0,0,0,0,0,0,0,0,0,0,0,0,0,0,0,0,0,0,0,0,0,0,0,0,114.5,0,0,0,0,0,0,0,0,0,0,0,0,0,0,0,0,0,0,0,0,0,0,0,0,0,0,0,0,0,0,0,0,0,0,0,0,0,0,0,0,0,0,0,0,0,0,0,0,0,0,0,0,0,0,0,0,0,0,0,0,0,0,0,0,0,0,0,0,0,0,0,0,0,0,0,0,0,0,0,0,0,0,0,0,0,0,46.2,114.5,46.2,114.5,55,115,4,4
22,8,B,E,2,12.8,129,21,2,4,17,79,9,1.5,0,0,0,90,2106,93,12,74,74.4,75.4,72.7,77.6,78.6,73.8,68.5,67.4,63.9,46,33.3,0,0,0,0,0,0,0,0,0,0,0,0,0,0,0,0,0,0,0,0,0,0,0,0,0,0,0,0,0,0,0,0,0,0,0,0,0,0,0,0,0,0,0,0,0,0,0,0,0,0,0,0,0,0,0,0,0,0,0,0,0,0,0,0,0,0,0,0,0,0,0,0,0,0,0,0,0,0,131.2,129.1,126.8,123.4,126.5,125.6,120.2,116,115.9,117.8,109.2,102.8,0,0,0,0,0,0,0,0,0,0,0,0,0,0,0,0,0,0,0,0,0,0,0,0,0,0,0,0,0,0,0,0,0,0,0,0,0,0,0,0,0,0,0,0,0,0,0,0,0,0,0,0,0,0,0,0,0,0,0,0,0,0,0,0,0,0,0,0,0,0,0,0,0,0,0,0,0,0,TT,Y,,2021,4,4,4/14/2008,10.078125,15.86259703,14.80058875,21.17263844,0,0,0,72.7,77.6,78.6,73.8,68.5,67.4,63.9,46,33.3,0,0,0,0,0,0,0,0,0,0,0,0,0,0,0,0,0,0,0,0,0,0,0,0,0,0,0,0,0,0,0,0,0,0,0,0,0,0,0,0,0,0,0,0,0,0,0,0,0,0,0,0,0,0,0,0,0,0,0,0,0,0,0,0,0,0,0,0,0,0,0,0,0,0,0,0,0,0,0,0,0,123.4,126.5,125.6,120.2,116,115.9,117.8,109.2,102.8,0,0,0,0,0,0,0,0,0,0,0,0,0,0,0,0,0,0,0,0,0,0,0,0,0,0,0,0,0,0,0,0,0,0,0,0,0,0,0,0,0,0,0,0,0,0,0,0,0,0,0,0,0,0,0,0,0,0,0,0,0,0,0,0,0,0,0,0,0,0,0,0,0,0,0,0,0,0,581.8,1057.4,64.64444444,117.4888889,55,115,4,4
23,8,B,S,2,76.4,1719,34,23,32,25,43,-120,1.5,1,0,0,90,2106,93,76,53.5,57.9,66.6,71.6,79.7,82.5,86.3,88.7,91.7,101,98.8,86.7,76.3,59.9,70.8,72.5,65.5,42.8,22.9,37.3,58.2,83,98.2,110.8,118.8,123.8,126.1,123.6,118.8,101.1,78.2,54.2,25.5,33.9,45.4,44.2,47.5,41.9,29,29.5,30.4,35.7,51.7,57.5,59.3,53.4,44.5,30.9,39.2,45.9,45.8,49.6,53.5,50.6,39,23.4,17.9,29.5,40.6,56.6,79.5,94.3,109.9,118.7,123.2,114.3,104.6,101.4,83.7,95.6,100.7,95.8,85.7,66.5,42.5,20,0,0,0,0,0,0,0,0,0,0,0,0,0,0,114,112.8,96.6,90.7,82.7,80.4,79.3,78,78.3,78.9,64.4,48.6,42.5,32.5,19.2,21.1,30.1,48,72.6,76.4,80.5,83.1,85.7,78.6,65.5,51.9,40.9,35.6,34.8,28.9,26.7,35.6,75.5,112,126.7,131.4,135.5,126.8,105.4,87.2,77.6,58.3,38.2,32.8,40.4,55.7,66.4,82.7,113.7,127.7,126,124.8,122.1,123.9,117.9,100.2,75.4,60.6,59.7,73.8,97.2,94.7,81,65,51.5,29.3,19,24.4,56.5,97.7,100.2,99.5,107.9,117.8,117.6,108,0,0,0,0,0,0,0,0,0,0,0,0,0,0,TT,Y,,2021,5,4,4/14/2008,22.5,15.86259703,14.80058875,21.17263844,0,0,0,71.6,79.7,82.5,86.3,88.7,91.7,101,98.8,86.7,76.3,59.9,70.8,72.5,65.5,42.8,22.9,37.3,58.2,83,98.2,110.8,118.8,123.8,126.1,123.6,118.8,101.1,78.2,54.2,25.5,33.9,45.4,44.2,47.5,41.9,29,29.5,30.4,35.7,51.7,57.5,59.3,53.4,44.5,30.9,39.2,45.9,45.8,49.6,53.5,50.6,39,23.4,17.9,29.5,40.6,56.6,79.5,94.3,109.9,118.7,123.2,114.3,104.6,101.4,83.7,95.6,100.7,95.8,85.7,66.5,42.5,20,0,0,0,0,0,0,0,0,0,0,0,0,0,0,0,0,0,90.7,82.7,80.4,79.3,78,78.3,78.9,64.4,48.6,42.5,32.5,19.2,21.1,30.1,48,72.6,76.4,80.5,83.1,85.7,78.6,65.5,51.9,40.9,35.6,34.8,28.9,26.7,35.6,75.5,112,126.7,131.4,135.5,126.8,105.4,87.2,77.6,58.3,38.2,32.8,40.4,55.7,66.4,82.7,113.7,127.7,126,124.8,122.1,123.9,117.9,100.2,75.4,60.6,59.7,73.8,97.2,94.7,81,65,51.5,29.3,19,24.4,56.5,97.7,100.2,99.5,107.9,117.8,117.6,108,0,0,0,0,0,0,0,0,0,0,0,0,0,0,5018.1,5517.2,68.74109589,75.57808219,55,115,4,4
24,8,B,N,2,30.7,650,40,15,33,32,35,-24,1.5,2,0,0,90,2106,93,30,119.3,116.6,115.7,111.5,98.5,81.8,68.7,51.6,33.4,31.3,22.3,32,47.7,67.3,71.7,78,64.7,48.5,37.9,27.3,13.1,27.9,39.2,45.2,41.5,36.9,26.5,11.7,40.7,78,0,0,0,0,0,0,0,0,0,0,0,0,0,0,0,0,0,0,0,0,0,0,0,0,0,0,0,0,0,0,0,0,0,0,0,0,0,0,0,0,0,0,0,0,0,0,0,0,0,0,0,0,0,0,0,0,0,0,0,0,62.4,61.4,60.2,59.8,58.5,59.5,66.5,74.6,95.5,115.1,106.5,89.1,90.4,108.2,110.1,102.7,88.1,77.9,64.6,67.1,100.3,115.4,120.1,127.1,128.5,126.1,115.3,88.6,53.1,44.4,0,0,0,0,0,0,0,0,0,0,0,0,0,0,0,0,0,0,0,0,0,0,0,0,0,0,0,0,0,0,0,0,0,0,0,0,0,0,0,0,0,0,0,0,0,0,0,0,0,0,0,0,0,0,0,0,0,0,0,0,FS,Y,,2021,6,4,4/14/2008,21.17263844,15.86259703,14.80058875,21.17263844,0,0,0,0,98.5,81.8,68.7,51.6,33.4,31.3,22.3,32,47.7,67.3,71.7,78,64.7,48.5,37.9,27.3,13.1,27.9,39.2,45.2,41.5,36.9,26.5,11.7,40.7,78,0,0,0,0,0,0,0,0,0,0,0,0,0,0,0,0,0,0,0,0,0,0,0,0,0,0,0,0,0,0,0,0,0,0,0,0,0,0,0,0,0,0,0,0,0,0,0,0,0,0,0,0,0,0,0,0,0,0,0,0,0,0,0,0,58.5,59.5,66.5,74.6,95.5,115.1,106.5,89.1,90.4,108.2,110.1,102.7,88.1,77.9,64.6,67.1,100.3,115.4,120.1,127.1,128.5,126.1,115.3,88.6,53.1,44.4,0,0,0,0,0,0,0,0,0,0,0,0,0,0,0,0,0,0,0,0,0,0,0,0,0,0,0,0,0,0,0,0,0,0,0,0,0,0,0,0,0,0,0,0,0,0,0,0,0,0,0,0,0,0,0,0,0,0,0,0,1223.4,2393.3,47.05384615,92.05,115,55,5,5
7,CT,A,N,3,7.6,176,9,2,40,48,12,-102,1.5,0,0,0,30,2106,8,7,119.9,121.3,116.2,115.1,101.8,74.5,43.2,0,0,0,0,0,0,0,0,0,0,0,0,0,0,0,0,0,0,0,0,0,0,0,0,0,0,0,0,0,0,0,0,0,0,0,0,0,0,0,0,0,0,0,0,0,0,0,0,0,0,0,0,0,0,0,0,0,0,0,0,0,0,0,0,0,0,0,0,0,0,0,0,0,0,0,0,0,0,0,0,0,0,0,49.9,41,27.7,21.2,10.5,26.6,54,0,0,0,0,0,0,0,0,0,0,0,0,0,0,0,0,0,0,0,0,0,0,0,0,0,0,0,0,0,0,0,0,0,0,0,0,0,0,0,0,0,0,0,0,0,0,0,0,0,0,0,0,0,0,0,0,0,0,0,0,0,0,0,0,0,0,0,0,0,0,0,0,0,0,0,0,0,0,0,0,0,0,0,CUE,Y,,2021,1,7,4/15/2008,23.15789474,17.1074622,17.1074622,0,0,0,0,0,0,0,43.2,0,0,0,0,0,0,0,0,0,0,0,0,0,0,0,0,0,0,0,0,0,0,0,0,0,0,0,0,0,0,0,0,0,0,0,0,0,0,0,0,0,0,0,0,0,0,0,0,0,0,0,0,0,0,0,0,0,0,0,0,0,0,0,0,0,0,0,0,0,0,0,0,0,0,0,0,0,0,0,0,0,0,0,0,0,0,0,0,0,54,0,0,0,0,0,0,0,0,0,0,0,0,0,0,0,0,0,0,0,0,0,0,0,0,0,0,0,0,0,0,0,0,0,0,0,0,0,0,0,0,0,0,0,0,0,0,0,0,0,0,0,0,0,0,0,0,0,0,0,0,0,0,0,0,0,0,0,0,0,0,0,0,0,0,0,0,0,0,0,0,0,0,0,43.2,54,43.2,54,115,55,7,7
8,CT,A,E,4,19.4,268,68,6,32,8,60,-82,1.5,1,0,0,30,2106,8,19,125.2,124.3,123.4,125.3,126.3,131.3,132.1,129,128.8,130.6,129.3,119.8,104.4,77.8,57.8,50.9,48.9,41.8,19.9,0,0,0,0,0,0,0,0,0,0,0,0,0,0,0,0,0,0,0,0,0,0,0,0,0,0,0,0,0,0,0,0,0,0,0,0,0,0,0,0,0,0,0,0,0,0,0,0,0,0,0,0,0,0,0,0,0,0,0,0,0,0,0,0,0,0,0,0,0,0,0,67.6,59.2,52.4,46.6,44.4,51.6,54.5,53.7,49.4,44.6,41,30.7,15.8,17.8,38.1,48.4,56.9,64.3,75.7,0,0,0,0,0,0,0,0,0,0,0,0,0,0,0,0,0,0,0,0,0,0,0,0,0,0,0,0,0,0,0,0,0,0,0,0,0,0,0,0,0,0,0,0,0,0,0,0,0,0,0,0,0,0,0,0,0,0,0,0,0,0,0,0,0,0,0,0,0,0,0,CUE,Y,,2021,2,7,4/15/2008,13.81443299,17.1074622,17.1074622,0,0,0,0,0,0,0,132.1,129,128.8,130.6,129.3,119.8,104.4,77.8,57.8,50.9,48.9,41.8,19.9,0,0,0,0,0,0,0,0,0,0,0,0,0,0,0,0,0,0,0,0,0,0,0,0,0,0,0,0,0,0,0,0,0,0,0,0,0,0,0,0,0,0,0,0,0,0,0,0,0,0,0,0,0,0,0,0,0,0,0,0,0,0,0,0,0,0,0,0,0,0,0,0,0,0,0,0,0,54.5,53.7,49.4,44.6,41,30.7,15.8,17.8,38.1,48.4,56.9,64.3,75.7,0,0,0,0,0,0,0,0,0,0,0,0,0,0,0,0,0,0,0,0,0,0,0,0,0,0,0,0,0,0,0,0,0,0,0,0,0,0,0,0,0,0,0,0,0,0,0,0,0,0,0,0,0,0,0,0,0,0,0,0,0,0,0,0,0,0,0,0,0,0,0,1171.1,590.9,90.08461538,45.45384615,115,55,7,7
9,CT,A,S,4,25,438,52,11,54,18,28,-47,1.5,1,0,0,30,2106,8,24,110.2,92.9,76.4,68.3,55.5,45.4,52.2,78.4,100.8,90,95.6,112.6,129.3,130.8,130.4,132.8,129.8,118.1,103.3,82.9,62,52.1,38.7,27.4,0,0,0,0,0,0,0,0,0,0,0,0,0,0,0,0,0,0,0,0,0,0,0,0,0,0,0,0,0,0,0,0,0,0,0,0,0,0,0,0,0,0,0,0,0,0,0,0,0,0,0,0,0,0,0,0,0,0,0,0,0,0,0,0,0,0,65.4,61.3,45.8,35.1,39.8,44.6,37.6,16.9,15.8,2.9,9,23.6,40,41.5,41.3,47.1,47.7,39.4,36,41.7,54.6,68.9,77,87.4,0,0,0,0,0,0,0,0,0,0,0,0,0,0,0,0,0,0,0,0,0,0,0,0,0,0,0,0,0,0,0,0,0,0,0,0,0,0,0,0,0,0,0,0,0,0,0,0,0,0,0,0,0,0,0,0,0,0,0,0,0,0,0,0,0,0,CUE,Y,,2021,3,7,4/15/2008,17.52,17.1074622,17.1074622,0,0,0,0,0,0,0,52.2,78.4,100.8,90,95.6,112.6,129.3,130.8,130.4,132.8,129.8,118.1,103.3,82.9,62,52.1,38.7,27.4,0,0,0,0,0,0,0,0,0,0,0,0,0,0,0,0,0,0,0,0,0,0,0,0,0,0,0,0,0,0,0,0,0,0,0,0,0,0,0,0,0,0,0,0,0,0,0,0,0,0,0,0,0,0,0,0,0,0,0,0,0,0,0,0,0,0,0,0,0,0,0,0,37.6,16.9,15.8,2.9,9,23.6,40,41.5,41.3,47.1,47.7,39.4,36,41.7,54.6,68.9,77,87.4,0,0,0,0,0,0,0,0,0,0,0,0,0,0,0,0,0,0,0,0,0,0,0,0,0,0,0,0,0,0,0,0,0,0,0,0,0,0,0,0,0,0,0,0,0,0,0,0,0,0,0,0,0,0,0,0,0,0,0,0,0,0,0,0,0,0,1667.2,728.4,92.62222222,40.46666667,115,55,7,7
10,CT,A,E,3,15.9,278,76,3,30,48,22,-46,1.5,0,0,0,30,2106,8,15,121.5,114,92.2,79.9,69,55.4,39.4,37,50.2,69.9,74.1,71.7,58.8,50.7,34.2,0,0,0,0,0,0,0,0,0,0,0,0,0,0,0,0,0,0,0,0,0,0,0,0,0,0,0,0,0,0,0,0,0,0,0,0,0,0,0,0,0,0,0,0,0,0,0,0,0,0,0,0,0,0,0,0,0,0,0,0,0,0,0,0,0,0,0,0,0,0,0,0,0,0,0,58.2,62.4,63.6,73.2,91.7,93,91.3,92.3,99.9,106.1,100.5,88.5,76.7,68.5,66.4,0,0,0,0,0,0,0,0,0,0,0,0,0,0,0,0,0,0,0,0,0,0,0,0,0,0,0,0,0,0,0,0,0,0,0,0,0,0,0,0,0,0,0,0,0,0,0,0,0,0,0,0,0,0,0,0,0,0,0,0,0,0,0,0,0,0,0,0,0,0,0,0,0,0,0,CUE,Y,,2021,4,7,4/15/2008,17.48427673,17.1074622,17.1074622,0,0,0,0,0,0,0,39.4,37,50.2,69.9,74.1,71.7,58.8,50.7,34.2,0,0,0,0,0,0,0,0,0,0,0,0,0,0,0,0,0,0,0,0,0,0,0,0,0,0,0,0,0,0,0,0,0,0,0,0,0,0,0,0,0,0,0,0,0,0,0,0,0,0,0,0,0,0,0,0,0,0,0,0,0,0,0,0,0,0,0,0,0,0,0,0,0,0,0,0,0,0,0,0,0,91.3,92.3,99.9,106.1,100.5,88.5,76.7,68.5,66.4,0,0,0,0,0,0,0,0,0,0,0,0,0,0,0,0,0,0,0,0,0,0,0,0,0,0,0,0,0,0,0,0,0,0,0,0,0,0,0,0,0,0,0,0,0,0,0,0,0,0,0,0,0,0,0,0,0,0,0,0,0,0,0,0,0,0,0,0,0,0,0,0,0,0,0,486,790.2,54,87.8,115,55,7,7
11,CT,A,W,2,21.1,360,3,45,29,37,34,43,1.5,0,0,0,30,2106,8,21,118.9,110.8,101.4,89.1,77.3,68.6,68.9,77.4,91.2,109.7,122.3,121.5,122.2,121.1,118.9,118.4,113.5,100.8,75.2,50.8,25.8,0,0,0,0,0,0,0,0,0,0,0,0,0,0,0,0,0,0,0,0,0,0,0,0,0,0,0,0,0,0,0,0,0,0,0,0,0,0,0,0,0,0,0,0,0,0,0,0,0,0,0,0,0,0,0,0,0,0,0,0,0,0,0,0,0,0,0,0,0,52.7,53.6,55.9,58.3,59.7,57.6,48.9,53.4,49.6,47.7,47.7,38,34,39.7,45.6,50.3,49.2,46.4,55.1,66.6,82.6,0,0,0,0,0,0,0,0,0,0,0,0,0,0,0,0,0,0,0,0,0,0,0,0,0,0,0,0,0,0,0,0,0,0,0,0,0,0,0,0,0,0,0,0,0,0,0,0,0,0,0,0,0,0,0,0,0,0,0,0,0,0,0,0,0,0,0,0,0,CUE,Y,,2021,5,7,4/15/2008,17.06161137,17.1074622,17.1074622,0,0,0,0,0,0,0,68.9,77.4,91.2,109.7,122.3,121.5,122.2,121.1,118.9,118.4,113.5,100.8,75.2,50.8,25.8,0,0,0,0,0,0,0,0,0,0,0,0,0,0,0,0,0,0,0,0,0,0,0,0,0,0,0,0,0,0,0,0,0,0,0,0,0,0,0,0,0,0,0,0,0,0,0,0,0,0,0,0,0,0,0,0,0,0,0,0,0,0,0,0,0,0,0,0,0,0,0,0,0,0,0,48.9,53.4,49.6,47.7,47.7,38,34,39.7,45.6,50.3,49.2,46.4,55.1,66.6,82.6,0,0,0,0,0,0,0,0,0,0,0,0,0,0,0,0,0,0,0,0,0,0,0,0,0,0,0,0,0,0,0,0,0,0,0,0,0,0,0,0,0,0,0,0,0,0,0,0,0,0,0,0,0,0,0,0,0,0,0,0,0,0,0,0,0,0,0,0,0,1437.7,754.8,95.84666667,50.32,115,55,7,7
12,CT,A,S,1,24.4,332,9,4,27,25,48,-107,1.5,0,0,0,30,2106,8,24,119.5,124.1,127.7,125.6,118.5,111.6,107.6,105.6,113.4,124.9,127.8,128.3,129.5,131.6,132.4,130,118.4,102.8,84.1,64.5,50,35.7,28.8,22.7,0,0,0,0,0,0,0,0,0,0,0,0,0,0,0,0,0,0,0,0,0,0,0,0,0,0,0,0,0,0,0,0,0,0,0,0,0,0,0,0,0,0,0,0,0,0,0,0,0,0,0,0,0,0,0,0,0,0,0,0,0,0,0,0,0,0,57.4,52,44.6,37.1,33.2,32.4,36.2,40.5,45.2,48.6,41.2,37.2,38.1,38.7,37.2,34.8,24.2,11.2,11.8,32.6,49.3,66.5,74,82.4,0,0,0,0,0,0,0,0,0,0,0,0,0,0,0,0,0,0,0,0,0,0,0,0,0,0,0,0,0,0,0,0,0,0,0,0,0,0,0,0,0,0,0,0,0,0,0,0,0,0,0,0,0,0,0,0,0,0,0,0,0,0,0,0,0,0,CUE,Y,,2021,6,7,4/15/2008,13.60655738,17.1074622,17.1074622,0,0,0,0,0,0,0,107.6,105.6,113.4,124.9,127.8,128.3,129.5,131.6,132.4,130,118.4,102.8,84.1,64.5,50,35.7,28.8,22.7,0,0,0,0,0,0,0,0,0,0,0,0,0,0,0,0,0,0,0,0,0,0,0,0,0,0,0,0,0,0,0,0,0,0,0,0,0,0,0,0,0,0,0,0,0,0,0,0,0,0,0,0,0,0,0,0,0,0,0,0,0,0,0,0,0,0,0,0,0,0,0,0,36.2,40.5,45.2,48.6,41.2,37.2,38.1,38.7,37.2,34.8,24.2,11.2,11.8,32.6,49.3,66.5,74,82.4,0,0,0,0,0,0,0,0,0,0,0,0,0,0,0,0,0,0,0,0,0,0,0,0,0,0,0,0,0,0,0,0,0,0,0,0,0,0,0,0,0,0,0,0,0,0,0,0,0,0,0,0,0,0,0,0,0,0,0,0,0,0,0,0,0,0,1738.1,749.7,96.56111111,41.65,115,55,7,7
25,CT,A,N,3,6.7,192,19,3,42,53,5,-83,1.5,1,0,0,30,2106,23,6,116.6,115.1,113.8,103.8,82.4,41,0,0,0,0,0,0,0,0,0,0,0,0,0,0,0,0,0,0,0,0,0,0,0,0,0,0,0,0,0,0,0,0,0,0,0,0,0,0,0,0,0,0,0,0,0,0,0,0,0,0,0,0,0,0,0,0,0,0,0,0,0,0,0,0,0,0,0,0,0,0,0,0,0,0,0,0,0,0,0,0,0,0,0,0,52.1,42.2,22.9,17.8,40.5,70.2,0,0,0,0,0,0,0,0,0,0,0,0,0,0,0,0,0,0,0,0,0,0,0,0,0,0,0,0,0,0,0,0,0,0,0,0,0,0,0,0,0,0,0,0,0,0,0,0,0,0,0,0,0,0,0,0,0,0,0,0,0,0,0,0,0,0,0,0,0,0,0,0,0,0,0,0,0,0,0,0,0,0,0,0,CUE,Y,,2021,1,7,4/15/2008,28.65671642,17.3579627,17.3579627,0,0,0,0,0,0,0,0,0,0,0,0,0,0,0,0,0,0,0,0,0,0,0,0,0,0,0,0,0,0,0,0,0,0,0,0,0,0,0,0,0,0,0,0,0,0,0,0,0,0,0,0,0,0,0,0,0,0,0,0,0,0,0,0,0,0,0,0,0,0,0,0,0,0,0,0,0,0,0,0,0,0,0,0,0,0,0,0,0,0,0,0,0,0,0,0,0,0,0,0,0,0,0,0,0,0,0,0,0,0,0,0,0,0,0,0,0,0,0,0,0,0,0,0,0,0,0,0,0,0,0,0,0,0,0,0,0,0,0,0,0,0,0,0,0,0,0,0,0,0,0,0,0,0,0,0,0,0,0,0,0,0,0,0,0,0,0,0,0,0,0,0,0,0,0,0,0,0,0,0,0,0,0,0,0,115,55,7,7
26,CT,A,E,4,30.1,511,86,1,17,26,57,-99,1.5,1,0,0,30,2106,23,30,120.7,126.9,126.8,125.7,127.4,124.6,110.1,101.5,96.8,96.3,102,118.9,126.5,123.2,124.2,125.4,124.5,126.1,129.1,131.2,120.7,107.7,106.8,91.4,79.6,81.7,91.8,99.9,107.1,107.4,0,0,0,0,0,0,0,0,0,0,0,0,0,0,0,0,0,0,0,0,0,0,0,0,0,0,0,0,0,0,0,0,0,0,0,0,0,0,0,0,0,0,0,0,0,0,0,0,0,0,0,0,0,0,0,0,0,0,0,0,53.9,48.1,40.6,36.8,38.6,35.7,26.1,26.1,24.2,22.7,14.7,30.7,38.1,35.9,37.6,39.1,35.6,39.4,44.9,48.7,41.2,32.6,33.4,16.7,13.2,25.3,46.8,60.4,69.8,57.2,0,0,0,0,0,0,0,0,0,0,0,0,0,0,0,0,0,0,0,0,0,0,0,0,0,0,0,0,0,0,0,0,0,0,0,0,0,0,0,0,0,0,0,0,0,0,0,0,0,0,0,0,0,0,0,0,0,0,0,0,CUE,Y,,2021,2,7,4/15/2008,16.97674419,17.3579627,17.3579627,0,0,0,0,0,0,0,110.1,101.5,96.8,96.3,102,118.9,126.5,123.2,124.2,125.4,124.5,126.1,129.1,131.2,120.7,107.7,106.8,91.4,79.6,81.7,91.8,99.9,107.1,107.4,0,0,0,0,0,0,0,0,0,0,0,0,0,0,0,0,0,0,0,0,0,0,0,0,0,0,0,0,0,0,0,0,0,0,0,0,0,0,0,0,0,0,0,0,0,0,0,0,0,0,0,0,0,0,0,0,0,0,0,0,0,0,0,0,0,0,26.1,26.1,24.2,22.7,14.7,30.7,38.1,35.9,37.6,39.1,35.6,39.4,44.9,48.7,41.2,32.6,33.4,16.7,13.2,25.3,46.8,60.4,69.8,57.2,0,0,0,0,0,0,0,0,0,0,0,0,0,0,0,0,0,0,0,0,0,0,0,0,0,0,0,0,0,0,0,0,0,0,0,0,0,0,0,0,0,0,0,0,0,0,0,0,0,0,0,0,0,0,0,0,0,0,0,0,2629.9,860.4,109.5791667,35.85,115,55,7,7
27,CT,A,S,4,30.1,508,72,2,58,37,5,-47,1.5,3,0,0,30,2106,23,30,113.6,104.9,89.8,80.8,75.4,74.6,79.9,80.7,81.6,73.1,65.3,57.2,70.1,93.4,99.6,108.9,110.7,114.6,115.2,114.5,105.2,87.7,81.6,81.8,89.3,94.3,101.4,94.1,94.8,85.4,0,0,0,0,0,0,0,0,0,0,0,0,0,0,0,0,0,0,0,0,0,0,0,0,0,0,0,0,0,0,0,0,0,0,0,0,0,0,0,0,0,0,0,0,0,0,0,0,0,0,0,0,0,0,0,0,0,0,0,0,52,55.1,53.8,53.6,44.8,40.8,26.5,12.5,19,29.9,35.2,36.4,20.6,11.3,15.7,25.8,28.6,35.1,37,35.2,41.5,38,33.6,25.6,7.9,9.5,22.9,27.4,29.2,20.2,0,0,0,0,0,0,0,0,0,0,0,0,0,0,0,0,0,0,0,0,0,0,0,0,0,0,0,0,0,0,0,0,0,0,0,0,0,0,0,0,0,0,0,0,0,0,0,0,0,0,0,0,0,0,0,0,0,0,0,0,CUE,Y,,2021,3,7,4/15/2008,16.87707641,17.3579627,17.3579627,0,0,0,0,0,0,0,79.9,80.7,81.6,73.1,65.3,57.2,70.1,93.4,99.6,108.9,110.7,114.6,115.2,114.5,105.2,87.7,81.6,81.8,89.3,94.3,101.4,94.1,94.8,85.4,0,0,0,0,0,0,0,0,0,0,0,0,0,0,0,0,0,0,0,0,0,0,0,0,0,0,0,0,0,0,0,0,0,0,0,0,0,0,0,0,0,0,0,0,0,0,0,0,0,0,0,0,0,0,0,0,0,0,0,0,0,0,0,0,0,0,26.5,12.5,19,29.9,35.2,36.4,20.6,11.3,15.7,25.8,28.6,35.1,37,35.2,41.5,38,33.6,25.6,7.9,9.5,22.9,27.4,29.2,20.2,0,0,0,0,0,0,0,0,0,0,0,0,0,0,0,0,0,0,0,0,0,0,0,0,0,0,0,0,0,0,0,0,0,0,0,0,0,0,0,0,0,0,0,0,0,0,0,0,0,0,0,0,0,0,0,0,0,0,0,0,2180.4,624.6,90.85,26.025,115,55,7,7
28,CT,A,E,3,30.1,431,90,2,23,59,18,-72,1.5,0,0,0,30,2106,23,30,117.7,115.4,99,82,71,65.4,63.4,70.1,75.8,71.2,64.2,56.3,55.6,59.2,63.8,69.7,72.8,72.8,72.5,72.9,66.3,64.1,67.6,64.8,56.8,52.3,50.3,33.8,33,32,0,0,0,0,0,0,0,0,0,0,0,0,0,0,0,0,0,0,0,0,0,0,0,0,0,0,0,0,0,0,0,0,0,0,0,0,0,0,0,0,0,0,0,0,0,0,0,0,0,0,0,0,0,0,0,0,0,0,0,0,55.6,66.3,70.4,74.6,77.8,81.8,85.8,87.3,76.8,75.1,76.6,79.7,93.8,103,108.2,110.6,102.6,98.4,93.7,87.8,82.7,85.4,90.8,85.3,79.6,73.4,73.6,77.9,78.4,89,0,0,0,0,0,0,0,0,0,0,0,0,0,0,0,0,0,0,0,0,0,0,0,0,0,0,0,0,0,0,0,0,0,0,0,0,0,0,0,0,0,0,0,0,0,0,0,0,0,0,0,0,0,0,0,0,0,0,0,0,CUE,Y,,2021,4,7,4/15/2008,14.31893688,17.3579627,17.3579627,0,0,0,0,0,0,0,63.4,70.1,75.8,71.2,64.2,56.3,55.6,59.2,63.8,69.7,72.8,72.8,72.5,72.9,66.3,64.1,67.6,64.8,56.8,52.3,50.3,33.8,33,32,0,0,0,0,0,0,0,0,0,0,0,0,0,0,0,0,0,0,0,0,0,0,0,0,0,0,0,0,0,0,0,0,0,0,0,0,0,0,0,0,0,0,0,0,0,0,0,0,0,0,0,0,0,0,0,0,0,0,0,0,0,0,0,0,0,0,85.8,87.3,76.8,75.1,76.6,79.7,93.8,103,108.2,110.6,102.6,98.4,93.7,87.8,82.7,85.4,90.8,85.3,79.6,73.4,73.6,77.9,78.4,89,0,0,0,0,0,0,0,0,0,0,0,0,0,0,0,0,0,0,0,0,0,0,0,0,0,0,0,0,0,0,0,0,0,0,0,0,0,0,0,0,0,0,0,0,0,0,0,0,0,0,0,0,0,0,0,0,0,0,0,0,1461.3,2095.5,60.8875,87.3125,115,55,7,7
29,CT,A,W,2,8.9,129,7,66,40,55,5,-45,1.5,0,0,0,30,2106,23,8,109.4,106.9,101.6,95.2,96.6,90.6,73.1,49,0,0,0,0,0,0,0,0,0,0,0,0,0,0,0,0,0,0,0,0,0,0,0,0,0,0,0,0,0,0,0,0,0,0,0,0,0,0,0,0,0,0,0,0,0,0,0,0,0,0,0,0,0,0,0,0,0,0,0,0,0,0,0,0,0,0,0,0,0,0,0,0,0,0,0,0,0,0,0,0,0,0,46.5,42.1,34.6,26.8,26.2,25.3,28.5,45.4,0,0,0,0,0,0,0,0,0,0,0,0,0,0,0,0,0,0,0,0,0,0,0,0,0,0,0,0,0,0,0,0,0,0,0,0,0,0,0,0,0,0,0,0,0,0,0,0,0,0,0,0,0,0,0,0,0,0,0,0,0,0,0,0,0,0,0,0,0,0,0,0,0,0,0,0,0,0,0,0,0,0,CUE,Y,,2021,5,7,4/15/2008,14.49438202,17.3579627,17.3579627,0,0,0,0,0,0,0,73.1,49,0,0,0,0,0,0,0,0,0,0,0,0,0,0,0,0,0,0,0,0,0,0,0,0,0,0,0,0,0,0,0,0,0,0,0,0,0,0,0,0,0,0,0,0,0,0,0,0,0,0,0,0,0,0,0,0,0,0,0,0,0,0,0,0,0,0,0,0,0,0,0,0,0,0,0,0,0,0,0,0,0,0,0,0,0,0,0,0,28.5,45.4,0,0,0,0,0,0,0,0,0,0,0,0,0,0,0,0,0,0,0,0,0,0,0,0,0,0,0,0,0,0,0,0,0,0,0,0,0,0,0,0,0,0,0,0,0,0,0,0,0,0,0,0,0,0,0,0,0,0,0,0,0,0,0,0,0,0,0,0,0,0,0,0,0,0,0,0,0,0,0,0,0,0,122.1,73.9,61.05,36.95,115,55,7,7
30,CT,A,S,1,30.1,386,46,1,0,54,46,-47,1.5,0,0,0,30,2106,23,30,117.7,111.9,113.4,108.9,106.8,105.2,105.6,108.2,116.7,113.4,113.9,111.8,113.3,109.9,102.1,95.7,88.4,86.3,87.4,97.5,103.8,102.4,107.4,112.3,114.2,114.8,116.7,122.6,123.3,126.2,0,0,0,0,0,0,0,0,0,0,0,0,0,0,0,0,0,0,0,0,0,0,0,0,0,0,0,0,0,0,0,0,0,0,0,0,0,0,0,0,0,0,0,0,0,0,0,0,0,0,0,0,0,0,0,0,0,0,0,0,55.8,55.9,52.8,51.4,39.5,32.6,30.9,30.5,34.1,39.2,41.5,45.3,45.9,52.8,59.4,59.6,64.7,69,69,77,80.4,78.5,74.7,70.3,67.2,59.1,52.7,53.4,53.4,49.3,0,0,0,0,0,0,0,0,0,0,0,0,0,0,0,0,0,0,0,0,0,0,0,0,0,0,0,0,0,0,0,0,0,0,0,0,0,0,0,0,0,0,0,0,0,0,0,0,0,0,0,0,0,0,0,0,0,0,0,0,CUE,Y,,2021,6,7,4/15/2008,12.82392027,17.3579627,17.3579627,0,0,0,0,0,0,0,105.6,108.2,116.7,113.4,113.9,111.8,113.3,109.9,102.1,95.7,88.4,86.3,87.4,97.5,103.8,102.4,107.4,112.3,114.2,114.8,116.7,122.6,123.3,126.2,0,0,0,0,0,0,0,0,0,0,0,0,0,0,0,0,0,0,0,0,0,0,0,0,0,0,0,0,0,0,0,0,0,0,0,0,0,0,0,0,0,0,0,0,0,0,0,0,0,0,0,0,0,0,0,0,0,0,0,0,0,0,0,0,0,0,30.9,30.5,34.1,39.2,41.5,45.3,45.9,52.8,59.4,59.6,64.7,69,69,77,80.4,78.5,74.7,70.3,67.2,59.1,52.7,53.4,53.4,49.3,0,0,0,0,0,0,0,0,0,0,0,0,0,0,0,0,0,0,0,0,0,0,0,0,0,0,0,0,0,0,0,0,0,0,0,0,0,0,0,0,0,0,0,0,0,0,0,0,0,0,0,0,0,0,0,0,0,0,0,0,2593.9,1357.9,108.0791667,56.57916667,115,55,7,7
43,CT,A,N,3,12.9,216,25,2,82,17,1,-69,1.5,1,0,0,30,2106,41,12,113.1,107.9,98.5,90.7,83.3,88.3,90.1,81.1,68.9,64.9,55,39,0,0,0,0,0,0,0,0,0,0,0,0,0,0,0,0,0,0,0,0,0,0,0,0,0,0,0,0,0,0,0,0,0,0,0,0,0,0,0,0,0,0,0,0,0,0,0,0,0,0,0,0,0,0,0,0,0,0,0,0,0,0,0,0,0,0,0,0,0,0,0,0,0,0,0,0,0,0,51.9,36.8,24.8,17.7,16.6,7.4,7.1,18.6,34.1,48,62.5,73.6,0,0,0,0,0,0,0,0,0,0,0,0,0,0,0,0,0,0,0,0,0,0,0,0,0,0,0,0,0,0,0,0,0,0,0,0,0,0,0,0,0,0,0,0,0,0,0,0,0,0,0,0,0,0,0,0,0,0,0,0,0,0,0,0,0,0,0,0,0,0,0,0,0,0,0,0,0,0,CUE,Y,,2021,1,7,4/15/2008,16.74418605,19.13284227,19.13284227,0,0,0,0,0,0,88.3,90.1,81.1,68.9,64.9,55,39,0,0,0,0,0,0,0,0,0,0,0,0,0,0,0,0,0,0,0,0,0,0,0,0,0,0,0,0,0,0,0,0,0,0,0,0,0,0,0,0,0,0,0,0,0,0,0,0,0,0,0,0,0,0,0,0,0,0,0,0,0,0,0,0,0,0,0,0,0,0,0,0,0,0,0,0,0,0,0,0,0,0,0,7.4,7.1,18.6,34.1,48,62.5,73.6,0,0,0,0,0,0,0,0,0,0,0,0,0,0,0,0,0,0,0,0,0,0,0,0,0,0,0,0,0,0,0,0,0,0,0,0,0,0,0,0,0,0,0,0,0,0,0,0,0,0,0,0,0,0,0,0,0,0,0,0,0,0,0,0,0,0,0,0,0,0,0,0,0,0,0,0,0,0,487.3,251.3,69.61428571,35.9,115,55,6,6
44,CT,A,E,4,16.5,298,66,14,53,31,16,-92,1.5,0,0,0,30,2106,41,16,120.3,124.2,121.1,112.7,115,107,114.1,100.6,78.5,63.1,61.6,60,70.4,67.7,44.2,22.5,0,0,0,0,0,0,0,0,0,0,0,0,0,0,0,0,0,0,0,0,0,0,0,0,0,0,0,0,0,0,0,0,0,0,0,0,0,0,0,0,0,0,0,0,0,0,0,0,0,0,0,0,0,0,0,0,0,0,0,0,0,0,0,0,0,0,0,0,0,0,0,0,0,0,60,56.9,49.9,36.8,31.8,23.9,37.2,37.1,35.8,41.7,42.3,31.9,21.5,27.1,46.3,67.2,0,0,0,0,0,0,0,0,0,0,0,0,0,0,0,0,0,0,0,0,0,0,0,0,0,0,0,0,0,0,0,0,0,0,0,0,0,0,0,0,0,0,0,0,0,0,0,0,0,0,0,0,0,0,0,0,0,0,0,0,0,0,0,0,0,0,0,0,0,0,0,0,0,0,CUE,Y,,2021,2,7,4/15/2008,18.06060606,19.13284227,19.13284227,0,0,0,0,0,0,107,114.1,100.6,78.5,63.1,61.6,60,70.4,67.7,44.2,22.5,0,0,0,0,0,0,0,0,0,0,0,0,0,0,0,0,0,0,0,0,0,0,0,0,0,0,0,0,0,0,0,0,0,0,0,0,0,0,0,0,0,0,0,0,0,0,0,0,0,0,0,0,0,0,0,0,0,0,0,0,0,0,0,0,0,0,0,0,0,0,0,0,0,0,0,0,0,0,0,23.9,37.2,37.1,35.8,41.7,42.3,31.9,21.5,27.1,46.3,67.2,0,0,0,0,0,0,0,0,0,0,0,0,0,0,0,0,0,0,0,0,0,0,0,0,0,0,0,0,0,0,0,0,0,0,0,0,0,0,0,0,0,0,0,0,0,0,0,0,0,0,0,0,0,0,0,0,0,0,0,0,0,0,0,0,0,0,0,0,0,0,0,0,0,0,789.7,412,71.79090909,37.45454545,115,55,6,6
45,CT,A,S,4,12.8,229,74,13,35,48,17,69,1.5,0,0,0,30,2106,41,12,114.2,112.6,107.4,103.8,108.8,118.2,124.5,108.9,95.5,79.3,56.5,33.6,0,0,0,0,0,0,0,0,0,0,0,0,0,0,0,0,0,0,0,0,0,0,0,0,0,0,0,0,0,0,0,0,0,0,0,0,0,0,0,0,0,0,0,0,0,0,0,0,0,0,0,0,0,0,0,0,0,0,0,0,0,0,0,0,0,0,0,0,0,0,0,0,0,0,0,0,0,0,42,32.8,29.4,32,33.7,38.4,42.1,22.4,18.5,34.3,46.8,65.1,0,0,0,0,0,0,0,0,0,0,0,0,0,0,0,0,0,0,0,0,0,0,0,0,0,0,0,0,0,0,0,0,0,0,0,0,0,0,0,0,0,0,0,0,0,0,0,0,0,0,0,0,0,0,0,0,0,0,0,0,0,0,0,0,0,0,0,0,0,0,0,0,0,0,0,0,0,0,CUE,Y,,2021,3,7,4/15/2008,17.890625,19.13284227,19.13284227,0,0,0,0,0,0,118.2,124.5,108.9,95.5,79.3,56.5,33.6,0,0,0,0,0,0,0,0,0,0,0,0,0,0,0,0,0,0,0,0,0,0,0,0,0,0,0,0,0,0,0,0,0,0,0,0,0,0,0,0,0,0,0,0,0,0,0,0,0,0,0,0,0,0,0,0,0,0,0,0,0,0,0,0,0,0,0,0,0,0,0,0,0,0,0,0,0,0,0,0,0,0,0,38.4,42.1,22.4,18.5,34.3,46.8,65.1,0,0,0,0,0,0,0,0,0,0,0,0,0,0,0,0,0,0,0,0,0,0,0,0,0,0,0,0,0,0,0,0,0,0,0,0,0,0,0,0,0,0,0,0,0,0,0,0,0,0,0,0,0,0,0,0,0,0,0,0,0,0,0,0,0,0,0,0,0,0,0,0,0,0,0,0,0,0,616.5,267.6,88.07142857,38.22857143,115,55,6,6
46,CT,A,E,3,5.4,107,24,6,73,26,1,18,1.5,0,0,0,30,2106,41,5,106.5,95.8,81,56.2,23.7,0,0,0,0,0,0,0,0,0,0,0,0,0,0,0,0,0,0,0,0,0,0,0,0,0,0,0,0,0,0,0,0,0,0,0,0,0,0,0,0,0,0,0,0,0,0,0,0,0,0,0,0,0,0,0,0,0,0,0,0,0,0,0,0,0,0,0,0,0,0,0,0,0,0,0,0,0,0,0,0,0,0,0,0,0,34.2,29.5,29.3,45,74.7,0,0,0,0,0,0,0,0,0,0,0,0,0,0,0,0,0,0,0,0,0,0,0,0,0,0,0,0,0,0,0,0,0,0,0,0,0,0,0,0,0,0,0,0,0,0,0,0,0,0,0,0,0,0,0,0,0,0,0,0,0,0,0,0,0,0,0,0,0,0,0,0,0,0,0,0,0,0,0,0,0,0,0,0,0,CUE,Y,,2021,4,7,4/15/2008,19.81481481,19.13284227,19.13284227,0,0,0,0,0,0,0,0,0,0,0,0,0,0,0,0,0,0,0,0,0,0,0,0,0,0,0,0,0,0,0,0,0,0,0,0,0,0,0,0,0,0,0,0,0,0,0,0,0,0,0,0,0,0,0,0,0,0,0,0,0,0,0,0,0,0,0,0,0,0,0,0,0,0,0,0,0,0,0,0,0,0,0,0,0,0,0,0,0,0,0,0,0,0,0,0,0,0,0,0,0,0,0,0,0,0,0,0,0,0,0,0,0,0,0,0,0,0,0,0,0,0,0,0,0,0,0,0,0,0,0,0,0,0,0,0,0,0,0,0,0,0,0,0,0,0,0,0,0,0,0,0,0,0,0,0,0,0,0,0,0,0,0,0,0,0,0,0,0,0,0,0,0,0,0,0,0,0,0,0,0,0,0,0,0,115,55,6,5
47,CT,A,W,2,4.3,103,16,4,59,33,8,27,1.5,0,0,0,30,2106,41,4,104.7,83.3,53.4,28.1,0,0,0,0,0,0,0,0,0,0,0,0,0,0,0,0,0,0,0,0,0,0,0,0,0,0,0,0,0,0,0,0,0,0,0,0,0,0,0,0,0,0,0,0,0,0,0,0,0,0,0,0,0,0,0,0,0,0,0,0,0,0,0,0,0,0,0,0,0,0,0,0,0,0,0,0,0,0,0,0,0,0,0,0,0,0,54.8,55.3,62.1,73.4,0,0,0,0,0,0,0,0,0,0,0,0,0,0,0,0,0,0,0,0,0,0,0,0,0,0,0,0,0,0,0,0,0,0,0,0,0,0,0,0,0,0,0,0,0,0,0,0,0,0,0,0,0,0,0,0,0,0,0,0,0,0,0,0,0,0,0,0,0,0,0,0,0,0,0,0,0,0,0,0,0,0,0,0,0,0,CUE,Y,,2021,5,7,4/15/2008,23.95348837,19.13284227,19.13284227,0,0,0,0,0,0,0,0,0,0,0,0,0,0,0,0,0,0,0,0,0,0,0,0,0,0,0,0,0,0,0,0,0,0,0,0,0,0,0,0,0,0,0,0,0,0,0,0,0,0,0,0,0,0,0,0,0,0,0,0,0,0,0,0,0,0,0,0,0,0,0,0,0,0,0,0,0,0,0,0,0,0,0,0,0,0,0,0,0,0,0,0,0,0,0,0,0,0,0,0,0,0,0,0,0,0,0,0,0,0,0,0,0,0,0,0,0,0,0,0,0,0,0,0,0,0,0,0,0,0,0,0,0,0,0,0,0,0,0,0,0,0,0,0,0,0,0,0,0,0,0,0,0,0,0,0,0,0,0,0,0,0,0,0,0,0,0,0,0,0,0,0,0,0,0,0,0,0,0,0,0,0,0,0,0,115,55,6,4
48,CT,A,S,1,6,110,57,10,76,22,2,-17,1.5,0,0,0,30,2106,41,5,105.7,90.4,70.5,47.7,35.8,0,0,0,0,0,0,0,0,0,0,0,0,0,0,0,0,0,0,0,0,0,0,0,0,0,0,0,0,0,0,0,0,0,0,0,0,0,0,0,0,0,0,0,0,0,0,0,0,0,0,0,0,0,0,0,0,0,0,0,0,0,0,0,0,0,0,0,0,0,0,0,0,0,0,0,0,0,0,0,0,0,0,0,0,0,48.1,39.8,42.4,52,63.1,0,0,0,0,0,0,0,0,0,0,0,0,0,0,0,0,0,0,0,0,0,0,0,0,0,0,0,0,0,0,0,0,0,0,0,0,0,0,0,0,0,0,0,0,0,0,0,0,0,0,0,0,0,0,0,0,0,0,0,0,0,0,0,0,0,0,0,0,0,0,0,0,0,0,0,0,0,0,0,0,0,0,0,0,0,CUE,Y,,2021,6,7,4/15/2008,18.33333333,19.13284227,19.13284227,0,0,0,0,0,0,0,0,0,0,0,0,0,0,0,0,0,0,0,0,0,0,0,0,0,0,0,0,0,0,0,0,0,0,0,0,0,0,0,0,0,0,0,0,0,0,0,0,0,0,0,0,0,0,0,0,0,0,0,0,0,0,0,0,0,0,0,0,0,0,0,0,0,0,0,0,0,0,0,0,0,0,0,0,0,0,0,0,0,0,0,0,0,0,0,0,0,0,0,0,0,0,0,0,0,0,0,0,0,0,0,0,0,0,0,0,0,0,0,0,0,0,0,0,0,0,0,0,0,0,0,0,0,0,0,0,0,0,0,0,0,0,0,0,0,0,0,0,0,0,0,0,0,0,0,0,0,0,0,0,0,0,0,0,0,0,0,0,0,0,0,0,0,0,0,0,0,0,0,0,0,0,0,0,0,115,55,6,6
43,CT,B,N,3,19.7,265,18,63,24,23,53,-50,1.5,1,0,0,30,2106,93,19,114.8,113.6,114,114,115.8,115.7,115,114.2,113.6,113,113.9,109.6,103.8,90.5,71.3,68,77.4,65.5,36,0,0,0,0,0,0,0,0,0,0,0,0,0,0,0,0,0,0,0,0,0,0,0,0,0,0,0,0,0,0,0,0,0,0,0,0,0,0,0,0,0,0,0,0,0,0,0,0,0,0,0,0,0,0,0,0,0,0,0,0,0,0,0,0,0,0,0,0,0,0,0,63.8,65,65.2,64.5,64.1,64.1,64.8,66.2,66.9,65.5,61.2,57,42.3,26.5,26.2,46.9,68.8,84.5,82.8,0,0,0,0,0,0,0,0,0,0,0,0,0,0,0,0,0,0,0,0,0,0,0,0,0,0,0,0,0,0,0,0,0,0,0,0,0,0,0,0,0,0,0,0,0,0,0,0,0,0,0,0,0,0,0,0,0,0,0,0,0,0,0,0,0,0,0,0,0,0,0,CUE,Y,,2021,1,7,4/15/2008,13.45177665,17.28477905,17.28477905,0,0,0,0,0,0,0,115,114.2,113.6,113,113.9,109.6,103.8,90.5,71.3,68,77.4,65.5,36,0,0,0,0,0,0,0,0,0,0,0,0,0,0,0,0,0,0,0,0,0,0,0,0,0,0,0,0,0,0,0,0,0,0,0,0,0,0,0,0,0,0,0,0,0,0,0,0,0,0,0,0,0,0,0,0,0,0,0,0,0,0,0,0,0,0,0,0,0,0,0,0,0,0,0,0,0,64.8,66.2,66.9,65.5,61.2,57,42.3,26.5,26.2,46.9,68.8,84.5,82.8,0,0,0,0,0,0,0,0,0,0,0,0,0,0,0,0,0,0,0,0,0,0,0,0,0,0,0,0,0,0,0,0,0,0,0,0,0,0,0,0,0,0,0,0,0,0,0,0,0,0,0,0,0,0,0,0,0,0,0,0,0,0,0,0,0,0,0,0,0,0,0,1191.8,759.6,91.67692308,58.43076923,115,55,7,7
44,CT,B,E,4,9.9,227,51,22,52,29,19,-83,1.5,1,0,0,30,2106,93,9,118.9,112.8,117.9,118.5,99.8,87.1,65.9,36.4,22.1,0,0,0,0,0,0,0,0,0,0,0,0,0,0,0,0,0,0,0,0,0,0,0,0,0,0,0,0,0,0,0,0,0,0,0,0,0,0,0,0,0,0,0,0,0,0,0,0,0,0,0,0,0,0,0,0,0,0,0,0,0,0,0,0,0,0,0,0,0,0,0,0,0,0,0,0,0,0,0,0,0,59.9,53.2,55.3,45.5,14.6,23.6,49.8,71.7,91.1,0,0,0,0,0,0,0,0,0,0,0,0,0,0,0,0,0,0,0,0,0,0,0,0,0,0,0,0,0,0,0,0,0,0,0,0,0,0,0,0,0,0,0,0,0,0,0,0,0,0,0,0,0,0,0,0,0,0,0,0,0,0,0,0,0,0,0,0,0,0,0,0,0,0,0,0,0,0,0,0,0,CUE,Y,,2021,2,7,4/15/2008,22.92929293,17.28477905,17.28477905,0,0,0,0,0,0,0,65.9,36.4,22.1,0,0,0,0,0,0,0,0,0,0,0,0,0,0,0,0,0,0,0,0,0,0,0,0,0,0,0,0,0,0,0,0,0,0,0,0,0,0,0,0,0,0,0,0,0,0,0,0,0,0,0,0,0,0,0,0,0,0,0,0,0,0,0,0,0,0,0,0,0,0,0,0,0,0,0,0,0,0,0,0,0,0,0,0,0,0,0,49.8,71.7,91.1,0,0,0,0,0,0,0,0,0,0,0,0,0,0,0,0,0,0,0,0,0,0,0,0,0,0,0,0,0,0,0,0,0,0,0,0,0,0,0,0,0,0,0,0,0,0,0,0,0,0,0,0,0,0,0,0,0,0,0,0,0,0,0,0,0,0,0,0,0,0,0,0,0,0,0,0,0,0,0,0,0,124.4,212.6,41.46666667,70.86666667,115,55,7,7
45,CT,B,S,4,12.3,158,30,19,58,7,35,-78,1.5,0,0,0,30,2106,93,12,112.3,117.7,116.8,112.6,94.1,69.3,56.7,45,36.5,30,23.5,15.2,0,0,0,0,0,0,0,0,0,0,0,0,0,0,0,0,0,0,0,0,0,0,0,0,0,0,0,0,0,0,0,0,0,0,0,0,0,0,0,0,0,0,0,0,0,0,0,0,0,0,0,0,0,0,0,0,0,0,0,0,0,0,0,0,0,0,0,0,0,0,0,0,0,0,0,0,0,0,48.5,48.8,50.7,55.6,60.4,54.8,56.4,60.9,65,68.9,73.4,78,0,0,0,0,0,0,0,0,0,0,0,0,0,0,0,0,0,0,0,0,0,0,0,0,0,0,0,0,0,0,0,0,0,0,0,0,0,0,0,0,0,0,0,0,0,0,0,0,0,0,0,0,0,0,0,0,0,0,0,0,0,0,0,0,0,0,0,0,0,0,0,0,0,0,0,0,0,0,CUE,Y,,2021,3,7,4/15/2008,12.84552846,17.28477905,17.28477905,0,0,0,0,0,0,0,56.7,45,36.5,30,23.5,15.2,0,0,0,0,0,0,0,0,0,0,0,0,0,0,0,0,0,0,0,0,0,0,0,0,0,0,0,0,0,0,0,0,0,0,0,0,0,0,0,0,0,0,0,0,0,0,0,0,0,0,0,0,0,0,0,0,0,0,0,0,0,0,0,0,0,0,0,0,0,0,0,0,0,0,0,0,0,0,0,0,0,0,0,0,56.4,60.9,65,68.9,73.4,78,0,0,0,0,0,0,0,0,0,0,0,0,0,0,0,0,0,0,0,0,0,0,0,0,0,0,0,0,0,0,0,0,0,0,0,0,0,0,0,0,0,0,0,0,0,0,0,0,0,0,0,0,0,0,0,0,0,0,0,0,0,0,0,0,0,0,0,0,0,0,0,0,0,0,0,0,0,0,206.9,402.6,34.48333333,67.1,115,55,7,7
46,CT,B,E,3,7.1,141,34,1,30,14,56,-37,1.5,1,0,0,30,2106,93,7,126.6,126.6,124.5,120.4,94.3,59.1,22.7,0,0,0,0,0,0,0,0,0,0,0,0,0,0,0,0,0,0,0,0,0,0,0,0,0,0,0,0,0,0,0,0,0,0,0,0,0,0,0,0,0,0,0,0,0,0,0,0,0,0,0,0,0,0,0,0,0,0,0,0,0,0,0,0,0,0,0,0,0,0,0,0,0,0,0,0,0,0,0,0,0,0,0,56.7,56.3,53.1,54.8,57.3,68.4,81.6,0,0,0,0,0,0,0,0,0,0,0,0,0,0,0,0,0,0,0,0,0,0,0,0,0,0,0,0,0,0,0,0,0,0,0,0,0,0,0,0,0,0,0,0,0,0,0,0,0,0,0,0,0,0,0,0,0,0,0,0,0,0,0,0,0,0,0,0,0,0,0,0,0,0,0,0,0,0,0,0,0,0,0,CUE,Y,,2021,4,7,4/15/2008,19.85915493,17.28477905,17.28477905,0,0,0,0,0,0,0,0,0,0,0,0,0,0,0,0,0,0,0,0,0,0,0,0,0,0,0,0,0,0,0,0,0,0,0,0,0,0,0,0,0,0,0,0,0,0,0,0,0,0,0,0,0,0,0,0,0,0,0,0,0,0,0,0,0,0,0,0,0,0,0,0,0,0,0,0,0,0,0,0,0,0,0,0,0,0,0,0,0,0,0,0,0,0,0,0,0,0,0,0,0,0,0,0,0,0,0,0,0,0,0,0,0,0,0,0,0,0,0,0,0,0,0,0,0,0,0,0,0,0,0,0,0,0,0,0,0,0,0,0,0,0,0,0,0,0,0,0,0,0,0,0,0,0,0,0,0,0,0,0,0,0,0,0,0,0,0,0,0,0,0,0,0,0,0,0,0,0,0,0,0,0,0,0,0,115,55,7,7
47,CT,B,W,2,12.5,187,5,49,26,43,31,-38,1.5,0,0,0,30,2106,93,12,111.1,112,109.1,110.9,106,115.1,118.4,111.9,102,88.2,77.2,42.2,0,0,0,0,0,0,0,0,0,0,0,0,0,0,0,0,0,0,0,0,0,0,0,0,0,0,0,0,0,0,0,0,0,0,0,0,0,0,0,0,0,0,0,0,0,0,0,0,0,0,0,0,0,0,0,0,0,0,0,0,0,0,0,0,0,0,0,0,0,0,0,0,0,0,0,0,0,0,44.2,46.2,48.4,54.5,49,56,52.3,39.6,30.1,26.6,35.1,58.9,0,0,0,0,0,0,0,0,0,0,0,0,0,0,0,0,0,0,0,0,0,0,0,0,0,0,0,0,0,0,0,0,0,0,0,0,0,0,0,0,0,0,0,0,0,0,0,0,0,0,0,0,0,0,0,0,0,0,0,0,0,0,0,0,0,0,0,0,0,0,0,0,0,0,0,0,0,0,CUE,Y,,2021,5,7,4/15/2008,14.96,17.28477905,17.28477905,0,0,0,0,0,0,0,118.4,111.9,102,88.2,77.2,42.2,0,0,0,0,0,0,0,0,0,0,0,0,0,0,0,0,0,0,0,0,0,0,0,0,0,0,0,0,0,0,0,0,0,0,0,0,0,0,0,0,0,0,0,0,0,0,0,0,0,0,0,0,0,0,0,0,0,0,0,0,0,0,0,0,0,0,0,0,0,0,0,0,0,0,0,0,0,0,0,0,0,0,0,0,52.3,39.6,30.1,26.6,35.1,58.9,0,0,0,0,0,0,0,0,0,0,0,0,0,0,0,0,0,0,0,0,0,0,0,0,0,0,0,0,0,0,0,0,0,0,0,0,0,0,0,0,0,0,0,0,0,0,0,0,0,0,0,0,0,0,0,0,0,0,0,0,0,0,0,0,0,0,0,0,0,0,0,0,0,0,0,0,0,0,539.9,242.6,89.98333333,40.43333333,115,55,7,7
48,CT,B,S,1,8.9,175,10,9,52,13,35,-93,1.5,0,0,0,30,2106,93,8,116.3,115.7,116.9,114.2,92.8,65.3,39.4,31.6,0,0,0,0,0,0,0,0,0,0,0,0,0,0,0,0,0,0,0,0,0,0,0,0,0,0,0,0,0,0,0,0,0,0,0,0,0,0,0,0,0,0,0,0,0,0,0,0,0,0,0,0,0,0,0,0,0,0,0,0,0,0,0,0,0,0,0,0,0,0,0,0,0,0,0,0,0,0,0,0,0,0,55.6,55.6,50.8,32.3,15.6,32.7,56.1,64.9,0,0,0,0,0,0,0,0,0,0,0,0,0,0,0,0,0,0,0,0,0,0,0,0,0,0,0,0,0,0,0,0,0,0,0,0,0,0,0,0,0,0,0,0,0,0,0,0,0,0,0,0,0,0,0,0,0,0,0,0,0,0,0,0,0,0,0,0,0,0,0,0,0,0,0,0,0,0,0,0,0,0,CUE,Y,,2021,6,7,4/15/2008,19.66292135,17.28477905,17.28477905,0,0,0,0,0,0,0,39.4,31.6,0,0,0,0,0,0,0,0,0,0,0,0,0,0,0,0,0,0,0,0,0,0,0,0,0,0,0,0,0,0,0,0,0,0,0,0,0,0,0,0,0,0,0,0,0,0,0,0,0,0,0,0,0,0,0,0,0,0,0,0,0,0,0,0,0,0,0,0,0,0,0,0,0,0,0,0,0,0,0,0,0,0,0,0,0,0,0,0,56.1,64.9,0,0,0,0,0,0,0,0,0,0,0,0,0,0,0,0,0,0,0,0,0,0,0,0,0,0,0,0,0,0,0,0,0,0,0,0,0,0,0,0,0,0,0,0,0,0,0,0,0,0,0,0,0,0,0,0,0,0,0,0,0,0,0,0,0,0,0,0,0,0,0,0,0,0,0,0,0,0,0,0,0,0,71,121,35.5,60.5,115,55,7,7
