SEQUENCE,DAY,SUBGROUP,START,PLATFORM,LAT,PATH,TMQUADB,TMQUADD,TIMEINN,TIMEMID,TIMEOUT,ANGLE,CNTDIAM,ANCROSB,ANCROSD,MAXMIN,MAXSEC,GROUP,NUMBER,LINENO,TDIS1,TDIS2,TDIS3,TDIS4,TDIS5,TDIS6,TDIS7,TDIS8,TDIS9,TDIS10,TDIS11,TDIS12,TDIS13,TDIS14,TDIS15,TDIS16,TDIS17,TDIS18,TDIS19,TDIS20,TDIS21,TDIS22,TDIS23,TDIS24,TDIS25,TDIS26,TDIS27,TDIS28,TDIS29,TDIS30,TDIS31,TDIS32,TDIS33,TDIS34,TDIS35,TDIS36,TDIS37,TDIS38,TDIS39,TDIS40,TDIS41,TDIS42,TDIS43,TDIS44,TDIS45,TDIS46,TDIS47,TDIS48,TDIS49,TDIS50,TDIS51,TDIS52,TDIS53,TDIS54,TDIS55,TDIS56,TDIS57,TDIS58,TDIS59,TDIS60,TDIS61,TDIS62,TDIS63,TDIS64,TDIS65,TDIS66,TDIS67,TDIS68,TDIS69,TDIS70,TDIS71,TDIS72,TDIS73,TDIS74,TDIS75,TDIS76,TDIS77,TDIS78,TDIS79,TDIS80,TDIS81,TDIS82,TDIS83,TDIS84,TDIS85,TDIS86,TDIS87,TDIS88,TDIS89,TDIS90,ODIS1,ODIS2,ODIS3,ODIS4,ODIS5,ODIS6,ODIS7,ODIS8,ODIS9,ODIS10,ODIS11,ODIS12,ODIS13,ODIS14,ODIS15,ODIS16,ODIS17,ODIS18,ODIS19,ODIS20,ODIS21,ODIS22,ODIS23,ODIS24,ODIS25,ODIS26,ODIS27,ODIS28,ODIS29,ODIS30,ODIS31,ODIS32,ODIS33,ODIS34,ODIS35,ODIS36,ODIS37,ODIS38,ODIS39,ODIS40,ODIS41,ODIS42,ODIS43,ODIS44,ODIS45,ODIS46,ODIS47,ODIS48,ODIS49,ODIS50,ODIS51,ODIS52,ODIS53,ODIS54,ODIS55,ODIS56,ODIS57,ODIS58,ODIS59,ODIS60,ODIS61,ODIS62,ODIS63,ODIS64,ODIS65,ODIS66,ODIS67,ODIS68,ODIS69,ODIS70,ODIS71,ODIS72,ODIS73,ODIS74,ODIS75,ODIS76,ODIS77,ODIS78,ODIS79,ODIS80,ODIS81,ODIS82,ODIS83,ODIS84,ODIS85,ODIS86,ODIS87,ODIS88,ODIS89,ODIS90,COND,AGE,SLGROUP,YEAR,TRIAL,BLOCK,RUNDATE,SPEED,BSPEED,BSPEEDTT,BSPEEDFS,AJTDIS1,AJTDIS2,AJTDIS3,AJTDIS4,AJTDIS5,AJTDIS6,AJTDIS7,AJTDIS8,AJTDIS9,AJTDIS10,AJTDIS11,AJTDIS12,AJTDIS13,AJTDIS14,AJTDIS15,AJTDIS16,AJTDIS17,AJTDIS18,AJTDIS19,AJTDIS20,AJTDIS21,AJTDIS22,AJTDIS23,AJTDIS24,AJTDIS25,AJTDIS26,AJTDIS27,AJTDIS28,AJTDIS29,AJTDIS30,AJTDIS31,AJTDIS32,AJTDIS33,AJTDIS34,AJTDIS35,AJTDIS36,AJTDIS37,AJTDIS38,AJTDIS39,AJTDIS40,AJTDIS41,AJTDIS42,AJTDIS43,AJTDIS44,AJTDIS45,AJTDIS46,AJTDIS47,AJTDIS48,AJTDIS49,AJTDIS50,AJTDIS51,AJTDIS52,AJTDIS53,AJTDIS54,AJTDIS55,AJTDIS56,AJTDIS57,AJTDIS58,AJTDIS59,AJTDIS60,AJTDIS61,AJTDIS62,AJTDIS63,AJTDIS64,AJTDIS65,AJTDIS66,AJTDIS67,AJTDIS68,AJTDIS69,AJTDIS70,AJTDIS71,AJTDIS72,AJTDIS73,AJTDIS74,AJTDIS75,AJTDIS76,AJTDIS77,AJTDIS78,AJTDIS79,AJTDIS80,AJTDIS81,AJTDIS82,AJTDIS83,AJTDIS84,AJTDIS85,AJTDIS86,AJTDIS87,AJTDIS88,AJTDIS89,AJTDIS90,AJODIS1,AJODIS2,AJODIS3,AJODIS4,AJODIS5,AJODIS6,AJODIS7,AJODIS8,AJODIS9,AJODIS10,AJODIS11,AJODIS12,AJODIS13,AJODIS14,AJODIS15,AJODIS16,AJODIS17,AJODIS18,AJODIS19,AJODIS20,AJODIS21,AJODIS22,AJODIS23,AJODIS24,AJODIS25,AJODIS26,AJODIS27,AJODIS28,AJODIS29,AJODIS30,AJODIS31,AJODIS32,AJODIS33,AJODIS34,AJODIS35,AJODIS36,AJODIS37,AJODIS38,AJODIS39,AJODIS40,AJODIS41,AJODIS42,AJODIS43,AJODIS44,AJODIS45,AJODIS46,AJODIS47,AJODIS48,AJODIS49,AJODIS50,AJODIS51,AJODIS52,AJODIS53,AJODIS54,AJODIS55,AJODIS56,AJODIS57,AJODIS58,AJODIS59,AJODIS60,AJODIS61,AJODIS62,AJODIS63,AJODIS64,AJODIS65,AJODIS66,AJODIS67,AJODIS68,AJODIS69,AJODIS70,AJODIS71,AJODIS72,AJODIS73,AJODIS74,AJODIS75,AJODIS76,AJODIS77,AJODIS78,AJODIS79,AJODIS80,AJODIS81,AJODIS82,AJODIS83,AJODIS84,AJODIS85,AJODIS86,AJODIS87,AJODIS88,AJODIS89,AJODIS90,CUMDS,CUMDSO,TAVDS,TAVDSO,PLATDIS,PLATDISO,PLATTIME,BEGIN
001,01,A,E,2,90.1,1931,13,36,18,23,59,91,1.5,0,1,0,90,803,25,90,62.5,64.4,60.7,58.4,64.3,70.4,93.3,99.4,92.4,89,67.5,66.2,101.3,129.6,131.3,124.9,113.3,92.1,83.6,79.3,66.4,53.6,45.3,45.6,52.4,59.8,58,55.3,64.8,76.1,86.1,95,100.6,104.9,120.9,123.4,123.2,120.7,117.5,111.6,103.6,95,84,70.7,56.2,37.8,29.7,36.9,46.6,53.3,67.5,92.6,117.2,126,127.2,122.3,112.3,102.8,87.1,63.3,47.8,48.2,52.6,77.6,82.8,104.4,100.5,91.2,85,82.1,75,86.8,83.5,79.2,86.3,95.3,102.8,101.8,111,118.8,118.7,117.3,124.8,132,131.1,126.2,123.1,115.7,122,124.6,121.4,122.2,120.8,124.5,124,107.7,101,100.5,100.9,97.3,85.1,35.9,10.9,34.4,36.2,30.4,27.1,47.5,84.6,114.5,124.7,132.1,138.4,139.7,138.3,135.1,129.6,129.3,130.7,126.2,115.9,106.1,91.5,70.9,59.6,53.6,57.4,62,69,78.9,89.5,103.6,115.1,124.3,130.5,128.6,119.7,98.5,69.1,44.5,40,51.1,55.6,50.2,42.1,30.2,22,39.9,56.1,66.7,63.4,65,69.9,75.6,80.4,96.2,87,71.4,57.9,53.1,64.6,61.1,50.9,38,25.4,16.7,21.3,22.9,22.5,29.4,30.7,24.1,29.8,36.8,36,32,29.7,21.4,26.9,29.7,FS,O,,2008,1,0,03/06/08,21.431742508,19.087680355,19.087680355,19.087680355,,,60.7,58.4,64.3,70.4,93.3,99.4,92.4,89,67.5,66.2,101.3,129.6,131.3,124.9,113.3,92.1,83.6,79.3,66.4,53.6,45.3,45.6,52.4,59.8,58,55.3,64.8,76.1,86.1,95,100.6,104.9,120.9,123.4,123.2,120.7,117.5,111.6,103.6,95,84,70.7,56.2,37.8,29.7,36.9,46.6,53.3,67.5,92.6,117.2,126,127.2,122.3,112.3,102.8,87.1,63.3,47.8,48.2,52.6,77.6,82.8,104.4,100.5,91.2,85,82.1,75,86.8,83.5,79.2,86.3,95.3,102.8,101.8,111,118.8,118.7,117.3,124.8,132,131.1,126.2,123.1,115.7,122,124.6,,,120.8,124.5,124,107.7,101,100.5,100.9,97.3,85.1,35.9,10.9,34.4,36.2,30.4,27.1,47.5,84.6,114.5,124.7,132.1,138.4,139.7,138.3,135.1,129.6,129.3,130.7,126.2,115.9,106.1,91.5,70.9,59.6,53.6,57.4,62,69,78.9,89.5,103.6,115.1,124.3,130.5,128.6,119.7,98.5,69.1,44.5,40,51.1,55.6,50.2,42.1,30.2,22,39.9,56.1,66.7,63.4,65,69.9,75.6,80.4,96.2,87,71.4,57.9,53.1,64.6,61.1,50.9,38,25.4,16.7,21.3,22.9,22.5,29.4,30.7,24.1,29.8,36.8,36,32,29.7,21.4,26.9,29.7,7878.5,6319.4,89.528409091,71.811363636,55,115,3,3
010,01,A,E,2,90.1,1908,29,18,3,18,79,4,1.5,0,1,0,90,803,43,90,60,60.8,42.1,56.7,60.8,52.9,33.3,38.4,58.2,64.3,58.9,38.8,19.5,45.1,84,90.7,95.3,112.9,128.8,130.1,132.1,131,123.7,112.7,97.2,77.7,64.6,68.6,64,57.9,49.8,44.7,44.3,49.1,58.5,69.9,80.2,89.2,92.4,98.1,108.6,117,121.1,122.2,121.5,116.5,115.3,108.9,100.1,81.9,62.7,59.3,56.4,48.4,33.9,15.5,37.3,71.3,100,116.7,117,117.7,118.1,116.7,108.9,102.5,94.3,83.4,75.1,69.1,62.2,53.3,40.8,38.9,42.8,43.1,44.1,57,69.5,85.5,94.3,99.5,95.4,103.9,117.1,123.6,129.4,129.4,123.1,118.6,124.7,126,108.4,114.4,123.3,125.5,119.8,125.8,124.4,122.1,123.1,122.2,111.2,105,114.7,105.2,78.2,50.1,43.2,36.7,37,36.6,29.1,18.4,13.2,43.6,84.2,117.8,125.2,127.8,132.5,136.9,139.1,138.8,136.4,131.8,124.5,116.4,107.1,94.7,82.1,70,61.7,59.6,61.4,69.4,73.6,71.9,73.7,78.8,97.4,124.6,131.3,125.5,119,108.5,94.1,83.4,81.2,85.2,84.3,82.1,81.5,83.2,90.5,96.5,107.2,113.2,118.1,120.5,126.9,131.7,130.1,133.4,137.6,135.1,127.4,123.5,115.2,110.2,102.9,95.3,81.5,67.4,57.2,47.1,39.5,35.6,29.9,24.5,FS,O,,2008,1,0,03/06/08,21.176470588,23.652643772,23.652643772,23.652643772,,60.8,42.1,56.7,60.8,52.9,33.3,38.4,58.2,64.3,58.9,38.8,19.5,45.1,84,90.7,95.3,112.9,128.8,130.1,132.1,131,123.7,112.7,97.2,77.7,64.6,68.6,64,57.9,49.8,44.7,44.3,49.1,58.5,69.9,80.2,89.2,92.4,98.1,108.6,117,121.1,122.2,121.5,116.5,115.3,108.9,100.1,81.9,62.7,59.3,56.4,48.4,33.9,15.5,37.3,71.3,100,116.7,117,117.7,118.1,116.7,108.9,102.5,94.3,83.4,75.1,69.1,62.2,53.3,40.8,38.9,42.8,43.1,44.1,57,69.5,85.5,94.3,99.5,95.4,103.9,117.1,123.6,129.4,129.4,123.1,118.6,,126,108.4,114.4,123.3,125.5,119.8,125.8,124.4,122.1,123.1,122.2,111.2,105,114.7,105.2,78.2,50.1,43.2,36.7,37,36.6,29.1,18.4,13.2,43.6,84.2,117.8,125.2,127.8,132.5,136.9,139.1,138.8,136.4,131.8,124.5,116.4,107.1,94.7,82.1,70,61.7,59.6,61.4,69.4,73.6,71.9,73.7,78.8,97.4,124.6,131.3,125.5,119,108.5,94.1,83.4,81.2,85.2,84.3,82.1,81.5,83.2,90.5,96.5,107.2,113.2,118.1,120.5,126.9,131.7,130.1,133.4,137.6,135.1,127.4,123.5,115.2,110.2,102.9,95.3,81.5,67.4,57.2,47.1,39.5,35.6,29.9,24.5,7266.2,8451.9,81.642696629,94.965168539,55,115,2,2
013,01,A,E,2,90.1,2364,29,34,12,16,72,17,1.5,0,0,0,90,803,45,90,62,59.5,52.5,32.6,66.6,108.6,129.3,126,114,95.4,87.9,72.6,55.9,43.6,45,63.2,91.6,109.9,122.9,129.8,131,131.9,127.3,110.2,89.7,99.2,107.2,105.1,116.8,126.4,128.8,131.9,131.4,128.6,122,110.6,95.9,81.5,64.3,51.1,42,36.4,50.7,57.2,51.9,50.6,66.7,94.5,118.4,120,115.5,104.3,86,65.8,54.2,53.7,46.2,38.2,39.8,45.5,52.3,47.7,37.4,36.2,57.1,86.5,116.7,132.6,132.6,130.7,125.3,125.9,121.1,112.6,100.6,86.5,69.5,55.2,45.7,43,47.7,49.4,47.9,43.1,24.9,17.4,37,67.9,97.3,121.1,123.2,118.3,113.1,76.2,31.5,23.9,41.4,41.2,45,75.1,107.9,122,133.2,135.9,135,121.4,109.3,93.9,76.5,60.2,42.6,37.4,38.3,34.3,51.1,84.3,85.3,66.2,54.9,46.6,39.4,37.4,45.4,60.3,74.6,89.9,105,115.5,120.6,131.5,134.7,129.9,133.3,128.1,109.9,84.6,54.7,47.6,57.7,52.8,50.6,43.2,52.1,75.4,104.4,130.3,133.6,131.9,133.1,132.9,128.3,115.8,96.3,68.7,38.7,17.2,29.4,41.8,40.3,40.3,43.1,56.1,71,87.2,101.9,111.5,120.3,130.3,137.4,137.3,137.2,134.4,132.2,128.1,111.9,89.7,61,33,25.5,41,FS,O,,2008,1,0,03/06/08,26.237513873,24.201803349,24.201803349,24.201803349,,59.5,52.5,32.6,66.6,108.6,129.3,126,114,95.4,87.9,72.6,55.9,43.6,45,63.2,91.6,109.9,122.9,129.8,131,131.9,127.3,110.2,89.7,99.2,107.2,105.1,116.8,126.4,128.8,131.9,131.4,128.6,122,110.6,95.9,81.5,64.3,51.1,42,36.4,50.7,57.2,51.9,50.6,66.7,94.5,118.4,120,115.5,104.3,86,65.8,54.2,53.7,46.2,38.2,39.8,45.5,52.3,47.7,37.4,36.2,57.1,86.5,116.7,132.6,132.6,130.7,125.3,125.9,121.1,112.6,100.6,86.5,69.5,55.2,45.7,43,47.7,49.4,47.9,43.1,24.9,17.4,37,67.9,97.3,121.1,,118.3,113.1,76.2,31.5,23.9,41.4,41.2,45,75.1,107.9,122,133.2,135.9,135,121.4,109.3,93.9,76.5,60.2,42.6,37.4,38.3,34.3,51.1,84.3,85.3,66.2,54.9,46.6,39.4,37.4,45.4,60.3,74.6,89.9,105,115.5,120.6,131.5,134.7,129.9,133.3,128.1,109.9,84.6,54.7,47.6,57.7,52.8,50.6,43.2,52.1,75.4,104.4,130.3,133.6,131.9,133.1,132.9,128.3,115.8,96.3,68.7,38.7,17.2,29.4,41.8,40.3,40.3,43.1,56.1,71,87.2,101.9,111.5,120.3,130.3,137.4,137.3,137.2,134.4,132.2,128.1,111.9,89.7,61,33,25.5,41,7404.3,7449.3,83.194382022,83.7,55,115,2,2
019,01,A,E,2,48.7,1247,23,24,7,3,90,153,1.5,1,0,0,90,803,52,48,63.1,61.2,68.5,80.1,92.9,105.7,113.2,120.7,125.9,130.2,131.6,131.7,127.5,119.7,107.7,94.7,76.2,58.4,46.1,43.6,54,63.9,78.8,91.1,99.7,108.9,120.3,124.8,127.2,130.8,132.1,130.2,125,116.9,107.4,93,82.7,72,55.3,45.9,40.5,40.8,44.2,49.3,56.8,55.4,43.7,32.7,,,,,,,,,,,,,,,,,,,,,,,,,,,,,,,,,,,,,,,,,,,123.3,121.1,125.1,119.1,106.1,90.2,76.3,61.6,48.5,38.7,37.7,49.1,63.7,79.1,93,106.4,118,127.7,136,137.4,137.4,128.8,120.8,108.9,95,77.9,63.6,51.8,40.2,36.5,42.8,54.9,69.9,82.7,93.6,105.8,111.4,118.9,130.2,134.5,134,134.1,135.3,124.3,101.5,74.9,61.4,65,,,,,,,,,,,,,,,,,,,,,,,,,,,,,,,,,,,,,,,,,,,FS,O,,2008,1,0,03/06/08,25.605749487,23.132248676,23.132248676,23.132248676,,61.2,68.5,80.1,92.9,105.7,113.2,120.7,125.9,130.2,131.6,131.7,127.5,119.7,107.7,94.7,76.2,58.4,46.1,43.6,54,63.9,78.8,91.1,99.7,108.9,120.3,124.8,127.2,130.8,132.1,130.2,125,116.9,107.4,93,82.7,72,55.3,45.9,40.5,40.8,44.2,49.3,56.8,55.4,43.7,32.7,,,,,,,,,,,,,,,,,,,,,,,,,,,,,,,,,,,,,,,,,,,,121.1,125.1,119.1,106.1,90.2,76.3,61.6,48.5,38.7,37.7,49.1,63.7,79.1,93,106.4,118,127.7,136,137.4,137.4,128.8,120.8,108.9,95,77.9,63.6,51.8,40.2,36.5,42.8,54.9,69.9,82.7,93.6,105.8,111.4,118.9,130.2,134.5,134,134.1,135.3,124.3,101.5,74.9,61.4,65,,,,,,,,,,,,,,,,,,,,,,,,,,,,,,,,,,,,,,,,,,,4159,4370.9,88.489361702,92.99787234,55,115,2,2
025,01,A,E,2,90.1,2251,21,30,11,19,70,34,1.5,0,1,0,90,803,56,90,70.8,73.3,66.6,51.3,62.6,92.6,116.2,115.4,105.7,83.2,61.9,45.8,41.8,39.9,50.2,64.9,83,94.5,88.4,72.1,47.8,35.1,29.3,38.2,43.2,44,44.6,55.5,72.1,86.9,104.6,114.3,122.6,127.1,130.9,132.1,131.6,127,120.3,112.6,104.4,92.9,81,63.9,50.5,45.8,46.3,57.6,64.6,73.4,76.1,76,90.6,112.5,120.3,121.2,122.9,121.8,118.3,102.6,85.9,51.9,24.7,27.7,52.1,75.3,90.5,102.7,114.9,122.1,127.8,132.1,132.7,131.2,122.7,116.3,118.6,119.3,120.1,125.3,130,130.3,122.4,109.2,97.6,79.6,69.1,67.9,65.7,55.4,121.2,119.6,117,91.9,59.5,45.3,61.5,69.7,73.5,84.7,96.6,121.3,134.9,134.4,129.3,111.9,94.2,71.5,45.1,33.7,49.2,72.9,107.4,128.1,137,137.7,132.2,126.1,116.9,102.5,89.5,73.3,58,45.3,37.2,40.1,53.6,67.7,80.3,89.2,96.7,105.7,116.9,127.4,134.3,140.1,136.9,137.1,129.7,119.4,101,77.6,57.1,60.1,63.9,60.8,51.4,41.5,28.1,13.2,14.6,43.4,74,98.6,114.5,118,110.1,100,88.4,74.2,60.8,49.7,40.2,36.8,36.4,51,68.4,66,52.2,43.6,39.4,36.1,28,21.4,25.6,50.4,81,109,126.6,129.1,FS,O,,2008,1,0,03/06/08,24.983351831,23.084637864,23.084637864,23.084637864,,73.3,66.6,51.3,62.6,92.6,116.2,115.4,105.7,83.2,61.9,45.8,41.8,39.9,50.2,64.9,83,94.5,88.4,72.1,47.8,35.1,29.3,38.2,43.2,44,44.6,55.5,72.1,86.9,104.6,114.3,122.6,127.1,130.9,132.1,131.6,127,120.3,112.6,104.4,92.9,81,63.9,50.5,45.8,46.3,57.6,64.6,73.4,76.1,76,90.6,112.5,120.3,121.2,122.9,121.8,118.3,102.6,85.9,51.9,24.7,27.7,52.1,75.3,90.5,102.7,114.9,122.1,127.8,132.1,132.7,131.2,122.7,116.3,118.6,119.3,120.1,125.3,130,130.3,122.4,109.2,97.6,79.6,69.1,67.9,65.7,55.4,,119.6,117,91.9,59.5,45.3,61.5,69.7,73.5,84.7,96.6,121.3,134.9,134.4,129.3,111.9,94.2,71.5,45.1,33.7,49.2,72.9,107.4,128.1,137,137.7,132.2,126.1,116.9,102.5,89.5,73.3,58,45.3,37.2,40.1,53.6,67.7,80.3,89.2,96.7,105.7,116.9,127.4,134.3,140.1,136.9,137.1,129.7,119.4,101,77.6,57.1,60.1,63.9,60.8,51.4,41.5,28.1,13.2,14.6,43.4,74,98.6,114.5,118,110.1,100,88.4,74.2,60.8,49.7,40.2,36.8,36.4,51,68.4,66,52.2,43.6,39.4,36.1,28,21.4,25.6,50.4,81,109,126.6,129.1,7793,7226.2,87.561797753,81.193258427,55,115,2,2
004,01,B,S,2,90.1,2157,27,26,4,6,90,49,1.5,0,0,0,90,803,65,90,55.3,46.6,43.3,40.6,45.6,64.4,79.4,92.3,104,113.4,116.4,123.9,129.3,131.3,132.1,129.6,122.2,112.3,101.8,87.9,72.7,56.7,47.4,41.3,39.2,57.4,68.2,80.3,92,103,111.1,116.2,121.7,121.4,118,125.1,132.1,128.1,120.9,114.6,117.6,110.4,97.5,90.2,84.5,89.5,94.5,99.3,94.5,82.5,67.4,52.2,36.6,30,33.7,44.1,47.6,54,73.6,90.4,102.7,115.3,123.7,129.1,132.2,132.3,130.5,126.6,121.9,112,105.8,97.3,87.9,77.4,66.3,55.6,46,42.6,40.6,41.8,42,40.6,39.8,54,73.4,88,101.4,114.7,125.7,130.8,127.4,134.9,138.4,134.8,132.2,132.4,122.4,108.2,91.8,77,63.4,47.4,38.3,36.9,47,61.1,74.4,87.9,101.6,112.4,119.3,130.2,137.2,136.1,129.2,134.9,130.5,123.3,110.8,97,82.3,68.9,57.4,48,32.6,31.3,39.4,38,40.3,60.8,83.1,89.7,99.4,109.4,111.5,103.2,89.3,70.5,46.2,26.5,28.7,48.3,80.8,108,126.5,137.5,134.6,131.4,121.5,112.9,101.3,90.8,77.2,64.1,50.2,39.9,36.5,44.5,54.2,64.1,81.3,98.1,105.2,114.7,127.2,132.7,135.5,137.5,135.1,136.3,136.9,134.1,128.5,123.9,115.2,104.2,91,78.4,66.1,55.2,FS,O,,2008,1,0,03/06/08,23.940066593,19.900110988,19.900110988,19.900110988,,,43.3,40.6,45.6,64.4,79.4,92.3,104,113.4,116.4,123.9,129.3,131.3,132.1,129.6,122.2,112.3,101.8,87.9,72.7,56.7,47.4,41.3,39.2,57.4,68.2,80.3,92,103,111.1,116.2,121.7,121.4,118,125.1,132.1,128.1,120.9,114.6,117.6,110.4,97.5,90.2,84.5,89.5,94.5,99.3,94.5,82.5,67.4,52.2,36.6,30,33.7,44.1,47.6,54,73.6,90.4,102.7,115.3,123.7,129.1,132.2,132.3,130.5,126.6,121.9,112,105.8,97.3,87.9,77.4,66.3,55.6,46,42.6,40.6,41.8,42,40.6,39.8,54,73.4,88,101.4,114.7,125.7,130.8,,,138.4,134.8,132.2,132.4,122.4,108.2,91.8,77,63.4,47.4,38.3,36.9,47,61.1,74.4,87.9,101.6,112.4,119.3,130.2,137.2,136.1,129.2,134.9,130.5,123.3,110.8,97,82.3,68.9,57.4,48,32.6,31.3,39.4,38,40.3,60.8,83.1,89.7,99.4,109.4,111.5,103.2,89.3,70.5,46.2,26.5,28.7,48.3,80.8,108,126.5,137.5,134.6,131.4,121.5,112.9,101.3,90.8,77.2,64.1,50.2,39.9,36.5,44.5,54.2,64.1,81.3,98.1,105.2,114.7,127.2,132.7,135.5,137.5,135.1,136.3,136.9,134.1,128.5,123.9,115.2,104.2,91,78.4,66.1,55.2,7825.3,8074,88.923863636,91.75,55,115,3,3
007,01,B,S,2,90.1,2385,19,25,0,16,84,-125,1.5,0,0,0,90,803,66,90,62,86.2,100.5,106.7,128.2,126.4,116.8,110.2,93.7,82.9,74.8,57.9,41.9,44.2,46.9,65.4,92.3,113.1,119.5,123.5,123.5,116.4,106.3,87.9,73.4,60.8,43.7,26.6,43,69.3,77,80,83.9,94.5,116.3,130.8,131.6,125,127.9,124.1,113.6,101.9,90.7,79.8,56.1,38.7,38.2,46.4,52.2,49.6,63,90.8,103.2,114,120.8,124.9,128.1,129,126.7,124.6,117.3,99,76,60.4,56.8,47.8,41.8,44.2,49,59.7,75.9,93.6,106.2,116.6,127.2,131.6,132.9,131.8,129.4,121.9,115.5,112.9,107.5,108.2,110.5,108.3,104.9,101.5,91.9,81.9,110.8,101.9,73.8,36.3,33.8,35.4,53.3,75.6,95,114.9,116.3,118.7,131.2,137.1,131,116.4,104.8,92.4,77.9,69.2,66.1,65.3,77,102.4,117.7,121.6,125.4,120.2,121.5,129.5,124.4,112,87.4,55.9,34.5,37.1,37.8,39.2,61.2,66.8,72,94.9,107.9,108.5,104.9,108.3,131.3,139.1,136.7,120.6,108.4,106,92.7,77.2,62.8,52.6,44,41,42.1,43.1,44.2,53.8,74,103.7,129.4,134.5,134.9,137.3,132.7,126.1,119.4,110.5,99.9,84,68.5,53,42.3,37,39,40.9,56.4,75.1,82.3,85.9,82.7,82.4,82,90.7,102.9,112.2,FS,O,,2008,1,0,03/06/08,26.470588235,22.22159176,22.22159176,22.22159176,,86.2,100.5,106.7,128.2,126.4,116.8,110.2,93.7,82.9,74.8,57.9,41.9,44.2,46.9,65.4,92.3,113.1,119.5,123.5,123.5,116.4,106.3,87.9,73.4,60.8,43.7,26.6,43,69.3,77,80,83.9,94.5,116.3,130.8,131.6,125,127.9,124.1,113.6,101.9,90.7,79.8,56.1,38.7,38.2,46.4,52.2,49.6,63,90.8,103.2,114,120.8,124.9,128.1,129,126.7,124.6,117.3,99,76,60.4,56.8,47.8,41.8,44.2,49,59.7,75.9,93.6,106.2,116.6,127.2,131.6,132.9,131.8,129.4,121.9,115.5,112.9,107.5,108.2,110.5,108.3,104.9,101.5,91.9,81.9,,101.9,73.8,36.3,33.8,35.4,53.3,75.6,95,114.9,116.3,118.7,131.2,137.1,131,116.4,104.8,92.4,77.9,69.2,66.1,65.3,77,102.4,117.7,121.6,125.4,120.2,121.5,129.5,124.4,112,87.4,55.9,34.5,37.1,37.8,39.2,61.2,66.8,72,94.9,107.9,108.5,104.9,108.3,131.3,139.1,136.7,120.6,108.4,106,92.7,77.2,62.8,52.6,44,41,42.1,43.1,44.2,53.8,74,103.7,129.4,134.5,134.9,137.3,132.7,126.1,119.4,110.5,99.9,84,68.5,53,42.3,37,39,40.9,56.4,75.1,82.3,85.9,82.7,82.4,82,90.7,102.9,112.2,8227.6,7829.8,92.44494382,87.975280899,55,115,2,2
013,01,B,S,2,74.6,1759,36,18,2,10,88,43,1.5,1,0,0,90,803,68,74,55.1,53.7,62.9,66,69.8,75.6,72,59.9,47.1,43.7,49.6,59.9,65.4,75,99.2,102.9,109.2,120.4,131.6,131.6,129.4,122.9,114.1,99.5,81.7,63.5,48.3,43.6,49.6,51.5,50.7,65.8,100.1,119,117.3,113.3,107.7,99,86.7,75.7,66.2,54.9,45.8,42.8,44.8,55,63.7,57.8,48.4,55.9,83.8,117.7,125.6,127.5,130.7,132.4,132.4,130,124.9,118.4,110.3,100.6,89.2,76.5,66.4,57.7,52.7,50,46.5,44,43.3,43.5,31.6,17.9,,,,,,,,,,,,,,,,,123.8,124.5,121.4,114.7,113.2,113.5,115.2,124.6,132.3,137.6,138.5,134.9,126.1,110.5,97.8,84.2,65.3,41.6,37.1,42.7,57.7,72.6,87.7,102.1,114.6,124.7,134.1,138.2,138,130,110.1,80.5,63.7,66.2,66.4,70.4,85,96.2,110,122.3,124.5,132.6,135.9,137.2,134.4,129.5,125.5,122.1,106.2,83.1,59.8,59.6,67,65.5,58.3,47.3,38.8,40.3,53.1,67.8,79.3,91.5,108,119.6,123.5,127.9,133.9,134.2,135.1,135.7,135.4,133.6,120.9,108.7,,,,,,,,,,,,,,,,,FS,O,,2008,1,0,03/06/08,23.579088472,21.535844372,21.535844372,21.535844372,,,62.9,66,69.8,75.6,72,59.9,47.1,43.7,49.6,59.9,65.4,75,99.2,102.9,109.2,120.4,131.6,131.6,129.4,122.9,114.1,99.5,81.7,63.5,48.3,43.6,49.6,51.5,50.7,65.8,100.1,119,117.3,113.3,107.7,99,86.7,75.7,66.2,54.9,45.8,42.8,44.8,55,63.7,57.8,48.4,55.9,83.8,117.7,125.6,127.5,130.7,132.4,132.4,130,124.9,118.4,110.3,100.6,89.2,76.5,66.4,57.7,52.7,50,46.5,44,43.3,43.5,31.6,17.9,,,,,,,,,,,,,,,,,,,121.4,114.7,113.2,113.5,115.2,124.6,132.3,137.6,138.5,134.9,126.1,110.5,97.8,84.2,65.3,41.6,37.1,42.7,57.7,72.6,87.7,102.1,114.6,124.7,134.1,138.2,138,130,110.1,80.5,63.7,66.2,66.4,70.4,85,96.2,110,122.3,124.5,132.6,135.9,137.2,134.4,129.5,125.5,122.1,106.2,83.1,59.8,59.6,67,65.5,58.3,47.3,38.8,40.3,53.1,67.8,79.3,91.5,108,119.6,123.5,127.9,133.9,134.2,135.1,135.7,135.4,133.6,120.9,108.7,,,,,,,,,,,,,,,,,5770.1,7297.5,80.140277778,101.35416667,55,115,3,3
016,01,B,S,2,90.1,2110,16,34,15,17,68,-21,1.5,0,1,0,90,803,69,90,40.9,19.7,37.4,68.9,95.6,119.1,123.4,117.2,107.4,98.1,98.9,98.6,99.9,92,84.6,70.5,61.9,65.2,56.1,34.8,26.9,45.4,73,98.6,119.5,123.9,127.6,123.7,123.2,129.9,126.6,122.5,117,109.4,95.8,86.8,73.7,62,44.4,38.9,47.5,54.9,67.7,80.7,91.5,100,108.1,114.2,118.5,125,126.4,127.3,126.4,126.8,128.8,127.4,121.5,115.7,108.4,98.1,84.1,71.9,56.8,48.5,42.9,42.9,49.1,56.6,68.2,83.7,89.7,88.2,83,75.9,60.5,36.7,21.5,51.3,68.8,87.2,107.2,126.5,130.6,127,127.7,127,122.9,116.9,100.9,82.3,96.7,80.3,70.6,60.7,50.8,53.7,51.1,38.9,19.6,14.1,44.8,72.1,94.2,101.3,110.2,117.2,115.4,115.2,106,89.2,71,61.8,60.4,61.2,61.9,49.8,41.5,31.8,30,47.7,58.8,70.1,76,78.8,94.3,108.5,117.2,122.9,129.2,133.2,137.5,132.1,128.4,121.6,111.5,98.1,82.2,70.2,58.9,52.1,44.5,38.9,31.9,34.6,47.2,59.5,69.7,78.5,87.9,91.3,102.3,118.2,124.1,128.8,136.9,136.3,134,126.6,118.8,115.5,106.5,94.1,86.1,74.4,74,78.2,78.1,64.4,53.1,47.3,48.4,53.4,46.8,36.2,32.8,33.9,33.9,34.7,34.8,46.7,FS,O,,2008,1,0,03/06/08,23.418423973,22.135405105,22.135405105,22.135405105,,19.7,37.4,68.9,95.6,119.1,123.4,117.2,107.4,98.1,98.9,98.6,99.9,92,84.6,70.5,61.9,65.2,56.1,34.8,26.9,45.4,73,98.6,119.5,123.9,127.6,123.7,123.2,129.9,126.6,122.5,117,109.4,95.8,86.8,73.7,62,44.4,38.9,47.5,54.9,67.7,80.7,91.5,100,108.1,114.2,118.5,125,126.4,127.3,126.4,126.8,128.8,127.4,121.5,115.7,108.4,98.1,84.1,71.9,56.8,48.5,42.9,42.9,49.1,56.6,68.2,83.7,89.7,88.2,83,75.9,60.5,36.7,21.5,51.3,68.8,87.2,107.2,126.5,130.6,127,127.7,127,122.9,116.9,100.9,82.3,,80.3,70.6,60.7,50.8,53.7,51.1,38.9,19.6,14.1,44.8,72.1,94.2,101.3,110.2,117.2,115.4,115.2,106,89.2,71,61.8,60.4,61.2,61.9,49.8,41.5,31.8,30,47.7,58.8,70.1,76,78.8,94.3,108.5,117.2,122.9,129.2,133.2,137.5,132.1,128.4,121.6,111.5,98.1,82.2,70.2,58.9,52.1,44.5,38.9,31.9,34.6,47.2,59.5,69.7,78.5,87.9,91.3,102.3,118.2,124.1,128.8,136.9,136.3,134,126.6,118.8,115.5,106.5,94.1,86.1,74.4,74,78.2,78.1,64.4,53.1,47.3,48.4,53.4,46.8,36.2,32.8,33.9,33.9,34.7,34.8,46.7,7969.5,6887.4,89.54494382,77.386516854,55,115,2,2
019,01,B,S,2,90.1,2280,26,30,5,14,81,42,1.5,0,2,0,90,803,72,90,60.2,54.5,37,33.6,40.8,67.5,80.9,86.7,80.9,80.9,74.3,59.5,46,35.1,45.3,44,49.2,78.2,89.8,86.2,95.3,114.1,131.9,131.4,127.2,117.6,103.5,89.2,69,53.9,44.4,47.9,56.7,60.3,75.2,98.8,102.3,109.6,119.3,123,123.8,124.2,110.8,93.6,67.3,64.3,83.9,88,93.6,105.8,117.4,125.4,130.9,132.8,131.2,127.4,120.9,109.2,101.8,93.7,83.6,70.6,57.5,44.2,42.6,47,56.3,70.2,85.1,105,116.8,124.4,128.1,128,132.6,131.1,128.3,125.2,124.1,123.3,120.3,113.5,95.4,65.2,29.1,27.4,52.5,53.8,49,42.8,118.5,120.8,118.1,108.4,112.1,120.4,113.9,108.7,105.8,109.9,108.4,114.8,133.2,128.7,135.8,130.4,116.9,108.7,103.6,83.6,49.2,27.3,40,49.2,65.1,81.5,95.8,111.3,123,131.4,137.9,139.8,136.2,122.3,106.9,102.6,93.7,78.2,66,55.3,45.8,39.5,26.6,11.7,36.8,77.3,108.2,111.7,106.7,98.8,86.3,71.9,56.9,43.6,36.8,43.1,55.2,69.8,92.8,101.2,114.3,125.5,131.8,132.8,137.2,135,128.4,121.6,110.3,101,87.9,75.6,61.8,45,40.3,36.9,44,52,52.1,45.3,34.9,20.4,6.4,30.1,69,108.2,132.5,135,134.7,134.2,FS,O,,2008,1,0,03/06/08,25.305216426,24.136410485,24.136410485,24.136410485,,54.5,37,33.6,40.8,67.5,80.9,86.7,80.9,80.9,74.3,59.5,46,35.1,45.3,44,49.2,78.2,89.8,86.2,95.3,114.1,131.9,131.4,127.2,117.6,103.5,89.2,69,53.9,44.4,47.9,56.7,60.3,75.2,98.8,102.3,109.6,119.3,123,123.8,124.2,110.8,93.6,67.3,64.3,83.9,88,93.6,105.8,117.4,125.4,130.9,132.8,131.2,127.4,120.9,109.2,101.8,93.7,83.6,70.6,57.5,44.2,42.6,47,56.3,70.2,85.1,105,116.8,124.4,128.1,128,132.6,131.1,128.3,125.2,124.1,123.3,120.3,113.5,95.4,65.2,29.1,27.4,52.5,53.8,49,42.8,,120.8,118.1,108.4,112.1,120.4,113.9,108.7,105.8,109.9,108.4,114.8,133.2,128.7,135.8,130.4,116.9,108.7,103.6,83.6,49.2,27.3,40,49.2,65.1,81.5,95.8,111.3,123,131.4,137.9,139.8,136.2,122.3,106.9,102.6,93.7,78.2,66,55.3,45.8,39.5,26.6,11.7,36.8,77.3,108.2,111.7,106.7,98.8,86.3,71.9,56.9,43.6,36.8,43.1,55.2,69.8,92.8,101.2,114.3,125.5,131.8,132.8,137.2,135,128.4,121.6,110.3,101,87.9,75.6,61.8,45,40.3,36.9,44,52,52.1,45.3,34.9,20.4,6.4,30.1,69,108.2,132.5,135,134.7,134.2,7760,7899.8,87.191011236,88.761797753,55,115,2,2
001,01,A,E,2,90.1,1931,13,36,18,23,59,91,1.5,0,1,0,90,803,25,90,62.5,64.4,60.7,58.4,64.3,70.4,93.3,99.4,92.4,89,67.5,66.2,101.3,129.6,131.3,124.9,113.3,92.1,83.6,79.3,66.4,53.6,45.3,45.6,52.4,59.8,58,55.3,64.8,76.1,86.1,95,100.6,104.9,120.9,123.4,123.2,120.7,117.5,111.6,103.6,95,84,70.7,56.2,37.8,29.7,36.9,46.6,53.3,67.5,92.6,117.2,126,127.2,122.3,112.3,102.8,87.1,63.3,47.8,48.2,52.6,77.6,82.8,104.4,100.5,91.2,85,82.1,75,86.8,83.5,79.2,86.3,95.3,102.8,101.8,111,118.8,118.7,117.3,124.8,132,131.1,126.2,123.1,115.7,122,124.6,121.4,122.2,120.8,124.5,124,107.7,101,100.5,100.9,97.3,85.1,35.9,10.9,34.4,36.2,30.4,27.1,47.5,84.6,114.5,124.7,132.1,138.4,139.7,138.3,135.1,129.6,129.3,130.7,126.2,115.9,106.1,91.5,70.9,59.6,53.6,57.4,62,69,78.9,89.5,103.6,115.1,124.3,130.5,128.6,119.7,98.5,69.1,44.5,40,51.1,55.6,50.2,42.1,30.2,22,39.9,56.1,66.7,63.4,65,69.9,75.6,80.4,96.2,87,71.4,57.9,53.1,64.6,61.1,50.9,38,25.4,16.7,21.3,22.9,22.5,29.4,30.7,24.1,29.8,36.8,36,32,29.7,21.4,26.9,29.7,TT,O,,2008,1,1,03/06/08,21.431742508,18.034521903,19.087680355,12.768729642,,,60.7,58.4,64.3,70.4,93.3,99.4,92.4,89,67.5,66.2,101.3,129.6,131.3,124.9,113.3,92.1,83.6,79.3,66.4,53.6,45.3,45.6,52.4,59.8,58,55.3,64.8,76.1,86.1,95,100.6,104.9,120.9,123.4,123.2,120.7,117.5,111.6,103.6,95,84,70.7,56.2,37.8,29.7,36.9,46.6,53.3,67.5,92.6,117.2,126,127.2,122.3,112.3,102.8,87.1,63.3,47.8,48.2,52.6,77.6,82.8,104.4,100.5,91.2,85,82.1,75,86.8,83.5,79.2,86.3,95.3,102.8,101.8,111,118.8,118.7,117.3,124.8,132,131.1,126.2,123.1,115.7,122,124.6,,,120.8,124.5,124,107.7,101,100.5,100.9,97.3,85.1,35.9,10.9,34.4,36.2,30.4,27.1,47.5,84.6,114.5,124.7,132.1,138.4,139.7,138.3,135.1,129.6,129.3,130.7,126.2,115.9,106.1,91.5,70.9,59.6,53.6,57.4,62,69,78.9,89.5,103.6,115.1,124.3,130.5,128.6,119.7,98.5,69.1,44.5,40,51.1,55.6,50.2,42.1,30.2,22,39.9,56.1,66.7,63.4,65,69.9,75.6,80.4,96.2,87,71.4,57.9,53.1,64.6,61.1,50.9,38,25.4,16.7,21.3,22.9,22.5,29.4,30.7,24.1,29.8,36.8,36,32,29.7,21.4,26.9,29.7,7878.5,6319.4,89.528409091,71.811363636,55,115,3,3
002,01,A,W,2,90.1,1592,12,45,3,3,94,-91,1.5,0,1,0,90,803,25,90,128.9,129.8,129.7,130.7,127.4,120.3,108,90.4,64.4,51.8,53.9,64.1,60.2,55.3,51,44.6,44,51.9,61.6,77.2,92.2,105.6,114.7,122,127,130.5,132.3,132.4,132.5,132,132.7,132.4,132.1,132.5,132.4,132.5,132.3,132.4,130.9,128,128.1,123.5,116.7,107.5,99.1,90.8,83.6,81.1,84.7,92.7,100,106.5,111,114.1,116,118.4,120.5,121.9,124.9,129.2,125.5,120,113.4,106.1,97.2,89.2,82.2,77.7,71.5,54.3,37.1,40.5,50.1,57.9,73.3,85.3,93.8,99.7,111.1,125.8,129.5,130,127.7,125.9,125.8,126.3,123.4,121.2,119.6,112.7,62.7,60.6,55.4,50.2,41.4,32,18.4,11.9,40.3,68.3,102.6,129.1,131.3,132.2,133.2,136.6,136.6,133.1,127.9,120.4,111.4,102.1,91.1,80.7,68.8,57.8,49.6,45.4,42.9,43.8,46.9,47.1,46.4,44.2,42.4,41.4,42.4,43.5,43.8,46.4,60,73,86.7,96.8,104.4,110.2,114.5,115.4,114.1,110.9,106.2,100.5,94.9,91.6,84.8,74,58.6,41.1,31.2,37.8,48,58.2,71.8,86.3,99.7,110.1,104.2,107.6,118.6,121.5,124.4,134.1,134.3,127.9,121.7,115.5,105.5,89.8,74.1,67.3,61.5,50.1,39.3,31.8,33.5,45.8,52.7,57.7,63.9,63.9,TT,O,,2008,2,1,03/06/08,17.669256382,18.034521903,19.087680355,12.768729642,,,,,,120.3,108,90.4,64.4,51.8,53.9,64.1,60.2,55.3,51,44.6,44,51.9,61.6,77.2,92.2,105.6,114.7,122,127,130.5,132.3,132.4,132.5,132,132.7,132.4,132.1,132.5,132.4,132.5,132.3,132.4,130.9,128,128.1,123.5,116.7,107.5,99.1,90.8,83.6,81.1,84.7,92.7,100,106.5,111,114.1,116,118.4,120.5,121.9,124.9,129.2,125.5,120,113.4,106.1,97.2,89.2,82.2,77.7,71.5,54.3,37.1,40.5,50.1,57.9,73.3,85.3,93.8,99.7,111.1,125.8,129.5,130,127.7,125.9,125.8,126.3,123.4,121.2,119.6,112.7,,,,,,32,18.4,11.9,40.3,68.3,102.6,129.1,131.3,132.2,133.2,136.6,136.6,133.1,127.9,120.4,111.4,102.1,91.1,80.7,68.8,57.8,49.6,45.4,42.9,43.8,46.9,47.1,46.4,44.2,42.4,41.4,42.4,43.5,43.8,46.4,60,73,86.7,96.8,104.4,110.2,114.5,115.4,114.1,110.9,106.2,100.5,94.9,91.6,84.8,74,58.6,41.1,31.2,37.8,48,58.2,71.8,86.3,99.7,110.1,104.2,107.6,118.6,121.5,124.4,134.1,134.3,127.9,121.7,115.5,105.5,89.8,74.1,67.3,61.5,50.1,39.3,31.8,33.5,45.8,52.7,57.7,63.9,63.9,8662.2,6819.5,101.90823529,80.229411765,115,55,6,6
003,01,A,N,2,90.1,1686,23,25,10,12,78,-3,1.5,0,0,0,90,803,25,90,118.7,112.1,100.9,92.2,99.1,120.6,132.2,131.8,128.7,126.8,122.7,117.3,111.6,104.8,97.5,90,81.5,71.1,61.1,52.3,45,39.1,31.9,48.8,73.1,88.1,98.2,113.6,119.9,118.3,113.6,103.1,86.8,62.5,33.3,14.5,33.8,49.1,46,36.6,16.1,16,31.1,49.7,69.2,84.6,92.7,96.6,93.9,85.4,78.2,70.8,61.5,52.9,46.3,43.4,44.7,50.1,60.5,72.7,87.9,99.9,110.4,119.3,125.1,129.8,131.7,132.7,132,130,127,123.5,121.1,116.3,112.5,109.7,107.2,106.5,103.5,103.9,103.1,107.2,109.1,110.4,109,107.8,110.2,109.6,107.6,107.5,64.2,61.2,54.7,39,14.4,25.4,37.1,36.7,38.4,47.4,57.9,68.3,78,88.7,99.7,108.8,117.2,125,130.6,134.5,135.4,132.7,121.5,118.6,119.4,110,98.4,90.2,76.9,60.9,42.7,23.9,16,33.2,62.1,90.6,120.4,136.1,136.3,129.3,110.3,91.1,70.8,47.1,29.5,37.5,56.5,71.6,83.5,96.3,114.3,126.3,130.9,133.7,135.4,138,137.5,134.3,128.8,121.9,114.1,104.6,95.6,84.3,72.6,61.4,50.3,41.8,37.1,38.7,47.4,56.5,62.2,69.1,78.5,83.1,88.3,87.6,88,92.1,93.7,90.2,89.3,85.9,89,91.5,87.8,86,84.3,88.6,TT,O,,2008,3,1,03/06/08,18.71254162,18.034521903,19.087680355,12.768729642,,,,,,120.6,132.2,131.8,128.7,126.8,122.7,117.3,111.6,104.8,97.5,90,81.5,71.1,61.1,52.3,45,39.1,31.9,48.8,73.1,88.1,98.2,113.6,119.9,118.3,113.6,103.1,86.8,62.5,33.3,14.5,33.8,49.1,46,36.6,16.1,16,31.1,49.7,69.2,84.6,92.7,96.6,93.9,85.4,78.2,70.8,61.5,52.9,46.3,43.4,44.7,50.1,60.5,72.7,87.9,99.9,110.4,119.3,125.1,129.8,131.7,132.7,132,130,127,123.5,121.1,116.3,112.5,109.7,107.2,106.5,103.5,103.9,103.1,107.2,109.1,110.4,109,107.8,110.2,109.6,107.6,107.5,,,,,,25.4,37.1,36.7,38.4,47.4,57.9,68.3,78,88.7,99.7,108.8,117.2,125,130.6,134.5,135.4,132.7,121.5,118.6,119.4,110,98.4,90.2,76.9,60.9,42.7,23.9,16,33.2,62.1,90.6,120.4,136.1,136.3,129.3,110.3,91.1,70.8,47.1,29.5,37.5,56.5,71.6,83.5,96.3,114.3,126.3,130.9,133.7,135.4,138,137.5,134.3,128.8,121.9,114.1,104.6,95.6,84.3,72.6,61.4,50.3,41.8,37.1,38.7,47.4,56.5,62.2,69.1,78.5,83.1,88.3,87.6,88,92.1,93.7,90.2,89.3,85.9,89,91.5,87.8,86,84.3,88.6,7533.2,7383.2,88.625882353,86.861176471,115,55,6,6
001,02,A,S,2,90.1,1861,15,34,4,12,84,-65,1.5,0,0,0,90,803,25,90,65.7,70.7,69.1,58.8,54,54.1,54.5,64.7,80.4,97.4,111.5,121.6,128.2,131.4,132.3,131.4,124.8,119.3,111,101.8,93.4,83,70.3,56.7,46.4,45.1,52.5,67.8,88.2,100.8,107.8,106.5,106.2,107.5,108.6,115.8,123.1,127.5,130.3,131.8,131.5,123.7,111.3,94.1,70.6,54.6,46.2,71.3,102,125.7,130.2,131.2,132.2,131.7,129.6,127.9,127.5,127.5,125.2,121.8,117.6,112.1,106,101.9,98.7,89.5,76.5,70.2,63.6,57.7,51,44.6,42.7,46.8,60.8,76.3,86.8,89.4,87.5,91.3,104.8,125.3,132.1,132,127,120,106.3,85.4,78.5,97.2,122.4,122.7,116.9,105.7,112,125,128.2,126.8,118.8,107.9,94.9,79.8,64,50.9,42.8,38.7,47.8,63.4,78.9,91.9,103.1,114.3,126.7,133.3,137.9,138.6,133.6,125.2,114.1,103.9,98.1,94.7,94.9,98.5,94.8,85.9,76.3,64.6,55.3,49.2,48.4,47.8,60.2,74.4,77.8,69.2,57.2,37.3,36.1,52.2,55.8,52.1,46.7,38.1,37.7,42.2,41.8,42.9,48.3,57.9,67.7,77.6,85.9,92.5,95.1,98.7,108.2,123.4,132.7,133.3,135.1,137.5,136.9,131.6,127.1,120,114.2,107.1,89.7,67.5,47.4,43.3,43,40.4,32.5,31.4,32.6,44,73.1,93.4,TT,O,,2008,4,1,03/07/08,20.654827969,18.034521903,19.087680355,12.768729642,,,69.1,58.8,54,54.1,54.5,64.7,80.4,97.4,111.5,121.6,128.2,131.4,132.3,131.4,124.8,119.3,111,101.8,93.4,83,70.3,56.7,46.4,45.1,52.5,67.8,88.2,100.8,107.8,106.5,106.2,107.5,108.6,115.8,123.1,127.5,130.3,131.8,131.5,123.7,111.3,94.1,70.6,54.6,46.2,71.3,102,125.7,130.2,131.2,132.2,131.7,129.6,127.9,127.5,127.5,125.2,121.8,117.6,112.1,106,101.9,98.7,89.5,76.5,70.2,63.6,57.7,51,44.6,42.7,46.8,60.8,76.3,86.8,89.4,87.5,91.3,104.8,125.3,132.1,132,127,120,106.3,85.4,78.5,97.2,,,116.9,105.7,112,125,128.2,126.8,118.8,107.9,94.9,79.8,64,50.9,42.8,38.7,47.8,63.4,78.9,91.9,103.1,114.3,126.7,133.3,137.9,138.6,133.6,125.2,114.1,103.9,98.1,94.7,94.9,98.5,94.8,85.9,76.3,64.6,55.3,49.2,48.4,47.8,60.2,74.4,77.8,69.2,57.2,37.3,36.1,52.2,55.8,52.1,46.7,38.1,37.7,42.2,41.8,42.9,48.3,57.9,67.7,77.6,85.9,92.5,95.1,98.7,108.2,123.4,132.7,133.3,135.1,137.5,136.9,131.6,127.1,120,114.2,107.1,89.7,67.5,47.4,43.3,43,40.4,32.5,31.4,32.6,44,73.1,93.4,8511,7324.4,96.715909091,83.231818182,55,115,3,3
002,02,A,E,2,90.1,1529,41,15,0,16,84,-12,1.5,0,0,0,90,803,25,90,61.5,55.5,40.7,42.5,59.1,81.5,99.9,103.6,99.9,93.1,86.9,78.8,71.1,65.5,58.3,53.3,49.1,48.6,45.5,42.8,33.8,45.2,42.6,40.5,39,34.8,30.9,30.5,28.8,34.7,49.2,50.6,57.3,68.4,81.5,93.9,104.8,113.3,118.2,119.3,126.3,132.2,131.9,129.6,125.1,120,114.9,111.1,110.4,103.9,96.7,83.5,75.3,66.3,59.9,53.6,48.5,44.5,42,39.7,39.1,39.2,36.9,36.9,37.3,34.5,33.7,39.8,47.4,61.2,78.4,95.8,109.2,119.1,126.1,130.4,132.5,132.1,129.1,124.3,119.6,113.4,107.6,100.2,93.2,86.7,80.6,74.1,66,59.9,130.5,125.9,116,103.7,100.6,101.5,96.7,94.2,97.9,105.5,113,120.7,125.3,129.9,132.2,129.4,131.8,136.1,135,133.9,125.6,136.5,135.8,135.2,134.1,129.9,125.9,124.8,122.3,125.9,133.6,132.6,129.1,124.8,118.5,110.5,102.1,92.1,81,64,48.8,43.3,41.8,38.9,50.2,62.4,72.1,74.9,81.7,84,86.1,99,121.7,129.8,124.6,118.8,121.2,121.5,120.4,118.9,119.5,123.6,122.6,125.9,129.7,128.3,128.6,133.9,134.6,128.1,118.4,109.1,97.2,81.9,69.8,56.6,44.9,38.3,39.2,51.3,63.1,73.2,81.7,86,97.6,111.9,112.5,113.4,116.3,113.5,TT,O,,2008,5,1,03/07/08,16.970033296,18.034521903,19.087680355,12.768729642,,,40.7,42.5,59.1,81.5,99.9,103.6,99.9,93.1,86.9,78.8,71.1,65.5,58.3,53.3,49.1,48.6,45.5,42.8,33.8,45.2,42.6,40.5,39,34.8,30.9,30.5,28.8,34.7,49.2,50.6,57.3,68.4,81.5,93.9,104.8,113.3,118.2,119.3,126.3,132.2,131.9,129.6,125.1,120,114.9,111.1,110.4,103.9,96.7,83.5,75.3,66.3,59.9,53.6,48.5,44.5,42,39.7,39.1,39.2,36.9,36.9,37.3,34.5,33.7,39.8,47.4,61.2,78.4,95.8,109.2,119.1,126.1,130.4,132.5,132.1,129.1,124.3,119.6,113.4,107.6,100.2,93.2,86.7,80.6,74.1,66,59.9,,,116,103.7,100.6,101.5,96.7,94.2,97.9,105.5,113,120.7,125.3,129.9,132.2,129.4,131.8,136.1,135,133.9,125.6,136.5,135.8,135.2,134.1,129.9,125.9,124.8,122.3,125.9,133.6,132.6,129.1,124.8,118.5,110.5,102.1,92.1,81,64,48.8,43.3,41.8,38.9,50.2,62.4,72.1,74.9,81.7,84,86.1,99,121.7,129.8,124.6,118.8,121.2,121.5,120.4,118.9,119.5,123.6,122.6,125.9,129.7,128.3,128.6,133.9,134.6,128.1,118.4,109.1,97.2,81.9,69.8,56.6,44.9,38.3,39.2,51.3,63.1,73.2,81.7,86,97.6,111.9,112.5,113.4,116.3,113.5,6737.2,9198.5,76.559090909,104.52840909,55,115,3,3
003,02,A,W,2,30.7,392,4,53,0,4,96,69,1.5,0,0,0,90,803,25,30,127.6,114.7,113.3,123,125.1,124.2,125.8,128.7,130.5,131.6,132,132.4,131.1,130.3,129.2,127.2,126,125.9,123.7,121.2,118.6,113.9,109.2,104.9,100.5,94.2,86.2,78.1,68.9,58.1,,,,,,,,,,,,,,,,,,,,,,,,,,,,,,,,,,,,,,,,,,,,,,,,,,,,,,,,,,,,,60,51.9,57,68.2,71.9,70.4,69.3,63.3,56.8,49.6,43.3,40,36.6,35.6,37.8,43.7,47.3,47.8,50.2,55.1,65.2,74.3,80.6,86.2,94.2,103.3,111.4,117,126.1,130.7,,,,,,,,,,,,,,,,,,,,,,,,,,,,,,,,,,,,,,,,,,,,,,,,,,,,,,,,,,,,,FS,O,,2008,6,1,03/07/08,12.768729642,18.034521903,19.087680355,12.768729642,,,,,,,,,130.5,131.6,132,132.4,131.1,130.3,129.2,127.2,126,125.9,123.7,121.2,118.6,113.9,109.2,104.9,100.5,94.2,86.2,78.1,68.9,58.1,,,,,,,,,,,,,,,,,,,,,,,,,,,,,,,,,,,,,,,,,,,,,,,,,,,,,,,,,,,,,,,,,,,,,56.8,49.6,43.3,40,36.6,35.6,37.8,43.7,47.3,47.8,50.2,55.1,65.2,74.3,80.6,86.2,94.2,103.3,111.4,117,126.1,130.7,,,,,,,,,,,,,,,,,,,,,,,,,,,,,,,,,,,,,,,,,,,,,,,,,,,,,,,,,,,,,2473.7,1532.8,112.44090909,69.672727273,115,55,9,9
010,01,A,E,2,90.1,1908,29,18,3,18,79,4,1.5,0,1,0,90,803,43,90,60,60.8,42.1,56.7,60.8,52.9,33.3,38.4,58.2,64.3,58.9,38.8,19.5,45.1,84,90.7,95.3,112.9,128.8,130.1,132.1,131,123.7,112.7,97.2,77.7,64.6,68.6,64,57.9,49.8,44.7,44.3,49.1,58.5,69.9,80.2,89.2,92.4,98.1,108.6,117,121.1,122.2,121.5,116.5,115.3,108.9,100.1,81.9,62.7,59.3,56.4,48.4,33.9,15.5,37.3,71.3,100,116.7,117,117.7,118.1,116.7,108.9,102.5,94.3,83.4,75.1,69.1,62.2,53.3,40.8,38.9,42.8,43.1,44.1,57,69.5,85.5,94.3,99.5,95.4,103.9,117.1,123.6,129.4,129.4,123.1,118.6,124.7,126,108.4,114.4,123.3,125.5,119.8,125.8,124.4,122.1,123.1,122.2,111.2,105,114.7,105.2,78.2,50.1,43.2,36.7,37,36.6,29.1,18.4,13.2,43.6,84.2,117.8,125.2,127.8,132.5,136.9,139.1,138.8,136.4,131.8,124.5,116.4,107.1,94.7,82.1,70,61.7,59.6,61.4,69.4,73.6,71.9,73.7,78.8,97.4,124.6,131.3,125.5,119,108.5,94.1,83.4,81.2,85.2,84.3,82.1,81.5,83.2,90.5,96.5,107.2,113.2,118.1,120.5,126.9,131.7,130.1,133.4,137.6,135.1,127.4,123.5,115.2,110.2,102.9,95.3,81.5,67.4,57.2,47.1,39.5,35.6,29.9,24.5,TT,O,,2008,1,1,03/06/08,21.176470588,23.326171656,23.652643772,21.693811075,,60.8,42.1,56.7,60.8,52.9,33.3,38.4,58.2,64.3,58.9,38.8,19.5,45.1,84,90.7,95.3,112.9,128.8,130.1,132.1,131,123.7,112.7,97.2,77.7,64.6,68.6,64,57.9,49.8,44.7,44.3,49.1,58.5,69.9,80.2,89.2,92.4,98.1,108.6,117,121.1,122.2,121.5,116.5,115.3,108.9,100.1,81.9,62.7,59.3,56.4,48.4,33.9,15.5,37.3,71.3,100,116.7,117,117.7,118.1,116.7,108.9,102.5,94.3,83.4,75.1,69.1,62.2,53.3,40.8,38.9,42.8,43.1,44.1,57,69.5,85.5,94.3,99.5,95.4,103.9,117.1,123.6,129.4,129.4,123.1,118.6,,126,108.4,114.4,123.3,125.5,119.8,125.8,124.4,122.1,123.1,122.2,111.2,105,114.7,105.2,78.2,50.1,43.2,36.7,37,36.6,29.1,18.4,13.2,43.6,84.2,117.8,125.2,127.8,132.5,136.9,139.1,138.8,136.4,131.8,124.5,116.4,107.1,94.7,82.1,70,61.7,59.6,61.4,69.4,73.6,71.9,73.7,78.8,97.4,124.6,131.3,125.5,119,108.5,94.1,83.4,81.2,85.2,84.3,82.1,81.5,83.2,90.5,96.5,107.2,113.2,118.1,120.5,126.9,131.7,130.1,133.4,137.6,135.1,127.4,123.5,115.2,110.2,102.9,95.3,81.5,67.4,57.2,47.1,39.5,35.6,29.9,24.5,7266.2,8451.9,81.642696629,94.965168539,55,115,2,2
011,01,A,W,2,34,772,42,28,15,23,62,-17,1.5,1,0,0,90,803,43,33,122.9,107.2,80.8,46.4,17.1,27.9,43.3,37.6,24.1,26.6,56,87.7,111,112.8,118.9,123.3,132.1,132.5,129.6,122.7,115.9,103.7,90.3,82.3,69.2,54.7,45.2,43.7,42.2,40.9,40.6,36.1,21.7,,,,,,,,,,,,,,,,,,,,,,,,,,,,,,,,,,,,,,,,,,,,,,,,,,,,,,,,,,55.5,42.3,29.5,49.5,85,118.2,136.5,132.3,118.6,98.3,83.3,82.1,90.9,89.8,76.4,58.1,48.5,38.8,36.3,42.7,54.9,69.1,84.6,102,107.9,112.7,123.7,136.1,137.2,135.9,135.6,131.1,116.3,,,,,,,,,,,,,,,,,,,,,,,,,,,,,,,,,,,,,,,,,,,,,,,,,,,,,,,,,,TT,O,,2008,2,1,03/06/08,22.705882353,23.326171656,23.652643772,21.693811075,,,,,17.1,27.9,43.3,37.6,24.1,26.6,56,87.7,111,112.8,118.9,123.3,132.1,132.5,129.6,122.7,115.9,103.7,90.3,82.3,69.2,54.7,45.2,43.7,42.2,40.9,40.6,36.1,21.7,,,,,,,,,,,,,,,,,,,,,,,,,,,,,,,,,,,,,,,,,,,,,,,,,,,,,,,,,,,,,,85,118.2,136.5,132.3,118.6,98.3,83.3,82.1,90.9,89.8,76.4,58.1,48.5,38.8,36.3,42.7,54.9,69.1,84.6,102,107.9,112.7,123.7,136.1,137.2,135.9,135.6,131.1,116.3,,,,,,,,,,,,,,,,,,,,,,,,,,,,,,,,,,,,,,,,,,,,,,,,,,,,,,,,,,2089.7,2782.9,72.05862069,95.962068966,115,55,5,5
012,01,A,N,2,41.2,983,28,26,28,39,33,24,1.5,1,1,0,90,803,43,41,116.1,101.8,78.8,61.3,56.4,58.8,48.2,43.5,37.3,23.4,30.4,59.2,92.6,115.8,119.8,114.2,103.7,95.5,98,114.3,123.6,121.3,109.7,91.7,69.2,50.2,36.7,26.1,29.8,25.1,29.6,48.3,76.3,101.6,122.3,121.2,110.1,91.6,65.7,43.3,16.8,,,,,,,,,,,,,,,,,,,,,,,,,,,,,,,,,,,,,,,,,,,,,,,,,,48.2,40.2,51.7,79.7,110.2,131.4,133.2,135.4,131.8,115.8,98.2,83.9,81.1,82.9,81.7,67.2,43.6,13.8,18.2,45.6,56.7,51.4,45.9,52.1,69.2,88.9,107.1,116,124.3,110,92.2,67.1,48.3,48.1,64.3,72,66.3,57.5,51.4,58.4,79.6,,,,,,,,,,,,,,,,,,,,,,,,,,,,,,,,,,,,,,,,,,,,,,,,,,TT,O,,2008,3,1,03/06/08,23.859223301,23.326171656,23.652643772,21.693811075,,,,,56.4,58.8,48.2,43.5,37.3,23.4,30.4,59.2,92.6,115.8,119.8,114.2,103.7,95.5,98,114.3,123.6,121.3,109.7,91.7,69.2,50.2,36.7,26.1,29.8,25.1,29.6,48.3,76.3,101.6,122.3,121.2,110.1,91.6,65.7,43.3,16.8,,,,,,,,,,,,,,,,,,,,,,,,,,,,,,,,,,,,,,,,,,,,,,,,,,,,,,110.2,131.4,133.2,135.4,131.8,115.8,98.2,83.9,81.1,82.9,81.7,67.2,43.6,13.8,18.2,45.6,56.7,51.4,45.9,52.1,69.2,88.9,107.1,116,124.3,110,92.2,67.1,48.3,48.1,64.3,72,66.3,57.5,51.4,58.4,79.6,,,,,,,,,,,,,,,,,,,,,,,,,,,,,,,,,,,,,,,,,,,,,,,,,,2721.3,2900.8,73.548648649,78.4,115,55,5,5
010,02,A,S,2,90.1,2445,33,28,15,34,51,27,1.5,0,2,0,90,803,43,90,59.2,37.6,22.8,51.5,91.8,121.9,122.1,112,95.6,84.5,74,63.8,49.7,43.2,47.1,58.6,81.5,99.3,118.5,129,131.1,127.2,118.6,104.5,90.9,82.8,73.2,60.2,49.8,45.4,42.6,33.6,35.4,62,85.1,102.9,106.2,102.4,106.9,119.4,120.3,106.8,91.9,80,70.1,62.9,47.9,27.9,22.5,49.3,58.7,58,61.4,66.2,70.7,86,109.5,128.4,129.6,118.5,104.2,87.3,60.9,38.4,23.4,35.4,40.7,33.7,36,48.5,68.5,92.8,116.6,125.1,120.5,113.7,94.7,73.6,49.7,26.3,33.2,43.6,40.5,38.3,29.9,31.6,51,76,85.4,75.4,123,112.9,82.4,44.9,26.1,43.6,51.9,57.7,80.7,110,120.2,130.1,136.4,137.7,134.5,123.7,108.5,89.7,73.2,57.1,41.8,34.1,41.2,56.4,80.5,107.1,125.6,129,134.2,137,137,128.4,115.4,98.4,84.4,67.8,45.7,18.4,17.1,43.7,58.7,63.6,75.4,92.3,109.8,125.6,130.2,120.7,115.1,123.9,129,116.4,98.4,73.1,43.1,12.7,15.5,34.2,35.2,30.3,31.5,41.1,58.8,77.5,101.5,129.3,135.8,127.3,116.2,94.5,75.3,63.2,68.2,66.1,50.7,40.8,31.2,37.1,56.6,91.4,121.2,136.5,134.6,133.1,120.9,106.5,94.8,100.4,111.1,110.2,TT,O,,2008,4,1,03/07/08,27.136514983,23.326171656,23.652643772,21.693811075,,37.6,22.8,51.5,91.8,121.9,122.1,112,95.6,84.5,74,63.8,49.7,43.2,47.1,58.6,81.5,99.3,118.5,129,131.1,127.2,118.6,104.5,90.9,82.8,73.2,60.2,49.8,45.4,42.6,33.6,35.4,62,85.1,102.9,106.2,102.4,106.9,119.4,120.3,106.8,91.9,80,70.1,62.9,47.9,27.9,22.5,49.3,58.7,58,61.4,66.2,70.7,86,109.5,128.4,129.6,118.5,104.2,87.3,60.9,38.4,23.4,35.4,40.7,33.7,36,48.5,68.5,92.8,116.6,125.1,120.5,113.7,94.7,73.6,49.7,26.3,33.2,43.6,40.5,38.3,29.9,31.6,51,76,85.4,75.4,,112.9,82.4,44.9,26.1,43.6,51.9,57.7,80.7,110,120.2,130.1,136.4,137.7,134.5,123.7,108.5,89.7,73.2,57.1,41.8,34.1,41.2,56.4,80.5,107.1,125.6,129,134.2,137,137,128.4,115.4,98.4,84.4,67.8,45.7,18.4,17.1,43.7,58.7,63.6,75.4,92.3,109.8,125.6,130.2,120.7,115.1,123.9,129,116.4,98.4,73.1,43.1,12.7,15.5,34.2,35.2,30.3,31.5,41.1,58.8,77.5,101.5,129.3,135.8,127.3,116.2,94.5,75.3,63.2,68.2,66.1,50.7,40.8,31.2,37.1,56.6,91.4,121.2,136.5,134.6,133.1,120.9,106.5,94.8,100.4,111.1,110.2,6646.2,7631.1,74.676404494,85.742696629,55,115,2,2
011,02,A,E,2,90.1,2107,39,22,17,35,48,7,1.5,0,1,0,90,803,43,90,52.4,30.1,26.7,57.2,74.7,78.7,70.8,52.8,42.6,42.1,39.5,40,58.2,80.6,94.7,99.5,102.9,114.2,128.3,126.4,112.2,87.1,57.9,35.4,41.9,50.6,41.1,29.4,34.2,51.9,52.4,43.4,34.7,24.4,23.7,42.4,61.2,69.9,79.3,89.1,93.6,93.6,83,70.9,59.1,56.1,57.1,58.8,58.1,50.7,41.8,42.1,42,38.6,38.5,43.5,61.3,82.3,102.7,118.9,115.4,103.4,86.3,67.6,57.2,49.6,45.5,42.7,32.7,30.7,42.2,61.6,71.8,71.3,63.8,53,35.1,26.4,49.2,81.1,108.7,128.5,131.2,132.7,132,131.1,127.5,125.2,121.1,115.5,117.7,100.2,71.5,68.8,89.2,110.4,119.8,127,132.6,136.7,128.1,110,93.6,78.7,60.2,37.7,13.8,28.2,49,42.2,32,29.5,51.1,83,114.2,132.4,130.8,123.8,123,132.1,129.8,113.7,96.8,79.5,79.4,99.8,122,118.6,110.3,100.8,83.4,60.3,36.7,26.6,45,73.8,93.3,121.6,132.9,132.8,132.6,136.6,136.9,132,124.8,111.3,97.1,83,73.2,75.8,77,75,79.1,92,110.9,128,136.8,137.3,127.5,118.7,110.9,112.6,120.8,124.5,121.5,112.6,97.3,72.9,51.3,42.4,47,57.1,51.9,45.6,39.2,36.4,37.4,48,59.9,71.9,TT,O,,2008,5,1,03/07/08,23.385127636,23.326171656,23.652643772,21.693811075,,30.1,26.7,57.2,74.7,78.7,70.8,52.8,42.6,42.1,39.5,40,58.2,80.6,94.7,99.5,102.9,114.2,128.3,126.4,112.2,87.1,57.9,35.4,41.9,50.6,41.1,29.4,34.2,51.9,52.4,43.4,34.7,24.4,23.7,42.4,61.2,69.9,79.3,89.1,93.6,93.6,83,70.9,59.1,56.1,57.1,58.8,58.1,50.7,41.8,42.1,42,38.6,38.5,43.5,61.3,82.3,102.7,118.9,115.4,103.4,86.3,67.6,57.2,49.6,45.5,42.7,32.7,30.7,42.2,61.6,71.8,71.3,63.8,53,35.1,26.4,49.2,81.1,108.7,128.5,131.2,132.7,132,131.1,127.5,125.2,121.1,115.5,,100.2,71.5,68.8,89.2,110.4,119.8,127,132.6,136.7,128.1,110,93.6,78.7,60.2,37.7,13.8,28.2,49,42.2,32,29.5,51.1,83,114.2,132.4,130.8,123.8,123,132.1,129.8,113.7,96.8,79.5,79.4,99.8,122,118.6,110.3,100.8,83.4,60.3,36.7,26.6,45,73.8,93.3,121.6,132.9,132.8,132.6,136.6,136.9,132,124.8,111.3,97.1,83,73.2,75.8,77,75,79.1,92,110.9,128,136.8,137.3,127.5,118.7,110.9,112.6,120.8,124.5,121.5,112.6,97.3,72.9,51.3,42.4,47,57.1,51.9,45.6,39.2,36.4,37.4,48,59.9,71.9,6155,8053.5,69.157303371,90.488764045,55,115,2,2
012,02,A,W,2,30.7,666,59,10,33,51,16,-25,1.5,1,0,0,90,803,43,30,115.9,98.7,76,53.3,39.5,44.3,46.9,39.3,30.3,34,33.4,27.7,14,23.4,46.3,59.6,47.5,42.4,50.3,66.1,82.2,84.5,74.7,59.7,45.8,35,27,10.5,11.8,36.6,,,,,,,,,,,,,,,,,,,,,,,,,,,,,,,,,,,,,,,,,,,,,,,,,,,,,,,,,,,,,45.6,34.3,39.2,63.1,94,123.3,135,132,125,120.2,104.3,90.1,84.1,90.7,108.1,124,121.7,106.5,91.3,77.8,83.1,94.6,100.8,107.5,115.7,123.3,122,105.4,83.6,58.8,,,,,,,,,,,,,,,,,,,,,,,,,,,,,,,,,,,,,,,,,,,,,,,,,,,,,,,,,,,,,FS,O,,2008,6,1,03/07/08,21.693811075,23.326171656,23.652643772,21.693811075,,,,,39.5,44.3,46.9,39.3,30.3,34,33.4,27.7,14,23.4,46.3,59.6,47.5,42.4,50.3,66.1,82.2,84.5,74.7,59.7,45.8,35,27,10.5,11.8,36.6,,,,,,,,,,,,,,,,,,,,,,,,,,,,,,,,,,,,,,,,,,,,,,,,,,,,,,,,,,,,,,,,,94,123.3,135,132,125,120.2,104.3,90.1,84.1,90.7,108.1,124,121.7,106.5,91.3,77.8,83.1,94.6,100.8,107.5,115.7,123.3,122,105.4,83.6,58.8,,,,,,,,,,,,,,,,,,,,,,,,,,,,,,,,,,,,,,,,,,,,,,,,,,,,,,,,,,,,,1112.8,2722.9,42.8,104.72692308,115,55,5,5
013,01,A,E,2,90.1,2364,29,34,12,16,72,17,1.5,0,0,0,90,803,45,90,62,59.5,52.5,32.6,66.6,108.6,129.3,126,114,95.4,87.9,72.6,55.9,43.6,45,63.2,91.6,109.9,122.9,129.8,131,131.9,127.3,110.2,89.7,99.2,107.2,105.1,116.8,126.4,128.8,131.9,131.4,128.6,122,110.6,95.9,81.5,64.3,51.1,42,36.4,50.7,57.2,51.9,50.6,66.7,94.5,118.4,120,115.5,104.3,86,65.8,54.2,53.7,46.2,38.2,39.8,45.5,52.3,47.7,37.4,36.2,57.1,86.5,116.7,132.6,132.6,130.7,125.3,125.9,121.1,112.6,100.6,86.5,69.5,55.2,45.7,43,47.7,49.4,47.9,43.1,24.9,17.4,37,67.9,97.3,121.1,123.2,118.3,113.1,76.2,31.5,23.9,41.4,41.2,45,75.1,107.9,122,133.2,135.9,135,121.4,109.3,93.9,76.5,60.2,42.6,37.4,38.3,34.3,51.1,84.3,85.3,66.2,54.9,46.6,39.4,37.4,45.4,60.3,74.6,89.9,105,115.5,120.6,131.5,134.7,129.9,133.3,128.1,109.9,84.6,54.7,47.6,57.7,52.8,50.6,43.2,52.1,75.4,104.4,130.3,133.6,131.9,133.1,132.9,128.3,115.8,96.3,68.7,38.7,17.2,29.4,41.8,40.3,40.3,43.1,56.1,71,87.2,101.9,111.5,120.3,130.3,137.4,137.3,137.2,134.4,132.2,128.1,111.9,89.7,61,33,25.5,41,TT,O,,2008,1,1,03/06/08,26.237513873,23.684890062,24.201803349,21.100323625,,59.5,52.5,32.6,66.6,108.6,129.3,126,114,95.4,87.9,72.6,55.9,43.6,45,63.2,91.6,109.9,122.9,129.8,131,131.9,127.3,110.2,89.7,99.2,107.2,105.1,116.8,126.4,128.8,131.9,131.4,128.6,122,110.6,95.9,81.5,64.3,51.1,42,36.4,50.7,57.2,51.9,50.6,66.7,94.5,118.4,120,115.5,104.3,86,65.8,54.2,53.7,46.2,38.2,39.8,45.5,52.3,47.7,37.4,36.2,57.1,86.5,116.7,132.6,132.6,130.7,125.3,125.9,121.1,112.6,100.6,86.5,69.5,55.2,45.7,43,47.7,49.4,47.9,43.1,24.9,17.4,37,67.9,97.3,121.1,,118.3,113.1,76.2,31.5,23.9,41.4,41.2,45,75.1,107.9,122,133.2,135.9,135,121.4,109.3,93.9,76.5,60.2,42.6,37.4,38.3,34.3,51.1,84.3,85.3,66.2,54.9,46.6,39.4,37.4,45.4,60.3,74.6,89.9,105,115.5,120.6,131.5,134.7,129.9,133.3,128.1,109.9,84.6,54.7,47.6,57.7,52.8,50.6,43.2,52.1,75.4,104.4,130.3,133.6,131.9,133.1,132.9,128.3,115.8,96.3,68.7,38.7,17.2,29.4,41.8,40.3,40.3,43.1,56.1,71,87.2,101.9,111.5,120.3,130.3,137.4,137.3,137.2,134.4,132.2,128.1,111.9,89.7,61,33,25.5,41,7404.3,7449.3,83.194382022,83.7,55,115,2,2
014,01,A,W,2,90.1,1937,21,31,7,10,83,33,1.5,0,0,0,90,803,45,90,127.2,124.9,121.3,118.9,114.5,105,83.2,52.8,25.3,20.9,39.2,41.8,43.3,49.5,61.4,57.6,54.5,65.2,91.5,120.2,131.8,131.9,131.5,127.4,121.3,110.8,99.3,85,69,54.3,44.7,44.3,51.3,62.2,73.8,84.3,91.1,93.9,97.2,97.1,101.1,93.9,95.9,118.4,123.1,126.7,129.3,130.1,130.3,126.5,122.5,118.2,119.7,121.2,114.4,104.4,94.2,84.3,78.1,73.4,65.6,54.6,45,44.6,54.6,67.1,73.4,74.7,68.2,63.1,69.1,86.9,111.4,129.4,130.1,129.2,131.8,130.6,128.5,123.7,116.3,107.9,99.4,89.1,78.1,64.3,51.1,41.4,40.9,47.2,57.6,55.6,57.8,64.3,59.4,55.3,54.5,70.3,89.8,113.7,133.6,135.5,134,129.1,124.1,107.7,82.9,50.8,23.5,27.8,36.9,39.6,47.7,59.9,76,90.6,102.8,113.3,122.2,130.3,136.6,138.6,138.1,135.5,128.6,119.8,112.5,108.4,104.5,96.6,92.6,87.3,85.4,67.7,57.4,47.3,40.1,36.5,35.6,31.7,27.7,29,49.2,76.7,88,97.8,106.1,111.5,111.4,113.3,122.7,129.6,137.7,137.8,135.9,132.9,127.9,121.5,103.4,83.5,58.5,31.7,25.7,37.7,36.5,34.2,39.2,46.3,59.2,74,85.2,95.7,99.8,106.3,117.4,123.3,131.1,135.1,132.6,124.5,TT,O,,2008,2,1,03/06/08,21.498335183,23.684890062,24.201803349,21.100323625,,,,,114.5,105,83.2,52.8,25.3,20.9,39.2,41.8,43.3,49.5,61.4,57.6,54.5,65.2,91.5,120.2,131.8,131.9,131.5,127.4,121.3,110.8,99.3,85,69,54.3,44.7,44.3,51.3,62.2,73.8,84.3,91.1,93.9,97.2,97.1,101.1,93.9,95.9,118.4,123.1,126.7,129.3,130.1,130.3,126.5,122.5,118.2,119.7,121.2,114.4,104.4,94.2,84.3,78.1,73.4,65.6,54.6,45,44.6,54.6,67.1,73.4,74.7,68.2,63.1,69.1,86.9,111.4,129.4,130.1,129.2,131.8,130.6,128.5,123.7,116.3,107.9,99.4,89.1,78.1,64.3,51.1,41.4,40.9,47.2,,,,,59.4,55.3,54.5,70.3,89.8,113.7,133.6,135.5,134,129.1,124.1,107.7,82.9,50.8,23.5,27.8,36.9,39.6,47.7,59.9,76,90.6,102.8,113.3,122.2,130.3,136.6,138.6,138.1,135.5,128.6,119.8,112.5,108.4,104.5,96.6,92.6,87.3,85.4,67.7,57.4,47.3,40.1,36.5,35.6,31.7,27.7,29,49.2,76.7,88,97.8,106.1,111.5,111.4,113.3,122.7,129.6,137.7,137.8,135.9,132.9,127.9,121.5,103.4,83.5,58.5,31.7,25.7,37.7,36.5,34.2,39.2,46.3,59.2,74,85.2,95.7,99.8,106.3,117.4,123.3,131.1,135.1,132.6,124.5,7551.1,7649.7,87.803488372,88.95,115,55,5,5
015,01,A,N,2,90.1,2168,26,32,14,55,31,0,1.5,0,3,0,90,803,45,90,117.5,110.4,102.3,85.6,79.1,80.4,91.4,92.6,86.6,72,55.8,42.6,33.1,29.8,38.1,58.4,77.3,97.6,108.1,111.6,114.1,119.8,119.8,124,123.5,117.2,108.4,98.2,90.4,77.7,61.2,45,39.6,46.1,54.9,59.7,68.3,76.9,85.3,98.2,111.2,114.1,112.3,106.3,101.3,89.4,77.3,68.6,59.2,54,40.2,30.5,38.5,40.6,34.8,29.5,43.9,69.9,99,123.7,130.6,124.9,116,107.7,100.8,89.4,76.5,59.8,42,39.8,45.5,37.6,24.6,20.5,33.6,50.8,60.9,76.4,93.3,98.4,99.6,98.8,95.5,87.3,85.5,79.3,62.2,43.9,30.6,35.9,52.7,48.2,44.9,30.6,18.3,36.6,69.9,91.6,99.9,109.3,117.2,130.9,127.9,119.2,106.8,98.1,84.4,74.7,64.1,53.6,44.1,29.1,25.8,40.7,61.6,71.9,77.4,92.7,109,111.5,113.3,122.5,133.8,137.7,134.6,121.2,104.9,86.2,64.1,43.4,32.2,21.7,17.6,23.8,44.3,61.8,74.8,95.9,112.3,124.3,127.7,125,129.2,121.5,105.6,82.1,54.5,25.5,8.4,28.6,36.1,32.6,33.5,39.3,58.6,74.6,77.3,82.2,98,121.5,135.1,130.3,119.4,107.3,94.8,79.6,58.2,36,19.2,13.8,7.2,18.3,39.7,56,80.7,99.5,104.9,107.3,112.8,130.3,TT,O,,2008,3,1,03/06/08,24.062153163,23.684890062,24.201803349,21.100323625,,,,,79.1,80.4,91.4,92.6,86.6,72,55.8,42.6,33.1,29.8,38.1,58.4,77.3,97.6,108.1,111.6,114.1,119.8,119.8,124,123.5,117.2,108.4,98.2,90.4,77.7,61.2,45,39.6,46.1,54.9,59.7,68.3,76.9,85.3,98.2,111.2,114.1,112.3,106.3,101.3,89.4,77.3,68.6,59.2,54,40.2,30.5,38.5,40.6,34.8,29.5,43.9,69.9,99,123.7,130.6,124.9,116,107.7,100.8,89.4,76.5,59.8,42,39.8,45.5,37.6,24.6,20.5,33.6,50.8,60.9,76.4,93.3,98.4,99.6,98.8,95.5,87.3,85.5,79.3,62.2,43.9,30.6,35.9,,,,,18.3,36.6,69.9,91.6,99.9,109.3,117.2,130.9,127.9,119.2,106.8,98.1,84.4,74.7,64.1,53.6,44.1,29.1,25.8,40.7,61.6,71.9,77.4,92.7,109,111.5,113.3,122.5,133.8,137.7,134.6,121.2,104.9,86.2,64.1,43.4,32.2,21.7,17.6,23.8,44.3,61.8,74.8,95.9,112.3,124.3,127.7,125,129.2,121.5,105.6,82.1,54.5,25.5,8.4,28.6,36.1,32.6,33.5,39.3,58.6,74.6,77.3,82.2,98,121.5,135.1,130.3,119.4,107.3,94.8,79.6,58.2,36,19.2,13.8,7.2,18.3,39.7,56,80.7,99.5,104.9,107.3,112.8,130.3,6474.8,6748.9,75.288372093,78.475581395,115,55,5,5
013,02,A,S,2,90.1,2382,30,16,13,38,49,-9,1.5,0,0,0,90,803,45,90,50,26.2,20.6,51.4,83.8,96.9,91.2,76.2,58.9,59.1,65.1,76.5,87.6,102.8,119.5,127.7,129.5,118.6,107,86.4,60.3,47.6,43.3,32.6,37.5,54.5,74.6,82.8,79.5,73.6,65.7,57.6,45.9,42.7,44.1,61.1,78.1,95.6,108.6,116.8,122.3,124.9,124.6,122,115.2,106.8,89.7,71.3,68.4,65.5,54.2,41.9,44.7,50.4,60.9,68.2,74,79.7,94.4,104.7,107.5,97.2,75.1,49,32.9,41.2,38.8,22.3,14.3,35.4,67.3,92.9,105.2,106.7,95.4,79.2,64.5,52.5,36.4,34,41.1,40.4,27.4,22.5,36.1,61.3,86.1,100,104.4,106.1,110.3,95.1,79.1,81.1,100.5,94.4,81.3,60.4,41,55,91.3,113,105.5,94,81,66.7,59.1,54.8,56.3,68.2,87.8,113.5,134.8,126.6,116.5,104.5,107.7,110.7,102.8,108.5,121.5,133.5,134.2,137,133.2,120.8,110.8,101.3,93,77.8,60.2,42.6,30.6,30.6,39.1,51,64.8,84.1,108,126.7,130.8,132.1,137.8,134.4,125,119.8,108.2,94.3,82.7,81.2,83.8,84.2,86.5,95.8,116.6,135.7,129,109.1,86.1,62.2,45.3,43.7,51.4,65.7,73,84.8,102.1,119.7,124.4,128.1,136,131.7,114.1,93.9,70.1,49.4,41.9,32.5,26.5,17.5,TT,O,,2008,4,1,03/07/08,26.437291898,23.684890062,24.201803349,21.100323625,,26.2,20.6,51.4,83.8,96.9,91.2,76.2,58.9,59.1,65.1,76.5,87.6,102.8,119.5,127.7,129.5,118.6,107,86.4,60.3,47.6,43.3,32.6,37.5,54.5,74.6,82.8,79.5,73.6,65.7,57.6,45.9,42.7,44.1,61.1,78.1,95.6,108.6,116.8,122.3,124.9,124.6,122,115.2,106.8,89.7,71.3,68.4,65.5,54.2,41.9,44.7,50.4,60.9,68.2,74,79.7,94.4,104.7,107.5,97.2,75.1,49,32.9,41.2,38.8,22.3,14.3,35.4,67.3,92.9,105.2,106.7,95.4,79.2,64.5,52.5,36.4,34,41.1,40.4,27.4,22.5,36.1,61.3,86.1,100,104.4,106.1,,95.1,79.1,81.1,100.5,94.4,81.3,60.4,41,55,91.3,113,105.5,94,81,66.7,59.1,54.8,56.3,68.2,87.8,113.5,134.8,126.6,116.5,104.5,107.7,110.7,102.8,108.5,121.5,133.5,134.2,137,133.2,120.8,110.8,101.3,93,77.8,60.2,42.6,30.6,30.6,39.1,51,64.8,84.1,108,126.7,130.8,132.1,137.8,134.4,125,119.8,108.2,94.3,82.7,81.2,83.8,84.2,86.5,95.8,116.6,135.7,129,109.1,86.1,62.2,45.3,43.7,51.4,65.7,73,84.8,102.1,119.7,124.4,128.1,136,131.7,114.1,93.9,70.1,49.4,41.9,32.5,26.5,17.5,6444.5,8079.1,72.41011236,90.776404494,55,115,2,2
014,02,A,E,2,13.7,312,35,16,58,30,12,86,1.5,2,0,0,90,803,45,13,63,59.9,57.9,61.4,64.5,67.7,73.5,62.2,47.1,30.6,28.7,26.5,12.8,,,,,,,,,,,,,,,,,,,,,,,,,,,,,,,,,,,,,,,,,,,,,,,,,,,,,,,,,,,,,,,,,,,,,,,,,,,,,,127.1,108.9,87.7,63.9,43.2,29.3,37.6,59.3,76.5,97.2,120.4,120.2,107,,,,,,,,,,,,,,,,,,,,,,,,,,,,,,,,,,,,,,,,,,,,,,,,,,,,,,,,,,,,,,,,,,,,,,,,,,,,,,TT,O,,2008,5,1,03/07/08,22.773722628,23.684890062,24.201803349,21.100323625,,59.9,57.9,61.4,64.5,67.7,73.5,62.2,47.1,30.6,28.7,26.5,12.8,,,,,,,,,,,,,,,,,,,,,,,,,,,,,,,,,,,,,,,,,,,,,,,,,,,,,,,,,,,,,,,,,,,,,,,,,,,,,,,108.9,87.7,63.9,43.2,29.3,37.6,59.3,76.5,97.2,120.4,120.2,107,,,,,,,,,,,,,,,,,,,,,,,,,,,,,,,,,,,,,,,,,,,,,,,,,,,,,,,,,,,,,,,,,,,,,,,,,,,,,,592.8,951.2,49.4,79.266666667,55,115,2,2
015,02,A,W,2,30.9,652,57,5,24,51,25,33,1.5,1,0,0,90,803,45,30,118.2,109.1,94.3,72.9,52,38.3,23.2,17.9,23.2,38,56.3,54.5,38.9,23.8,14.7,8.4,24.3,51.8,77.9,91.5,84.4,76.1,61.5,54,48.1,43.7,42.2,43.4,42,32.9,,,,,,,,,,,,,,,,,,,,,,,,,,,,,,,,,,,,,,,,,,,,,,,,,,,,,,,,,,,,,59,60,72.3,84.3,94.8,110.3,107.8,94.2,87,91.6,106.1,117.9,116.4,115.3,107.2,90.9,71.4,51,51.9,72.1,87,95.3,105.9,125.8,134.2,134.5,134.1,135.4,135,127.9,,,,,,,,,,,,,,,,,,,,,,,,,,,,,,,,,,,,,,,,,,,,,,,,,,,,,,,,,,,,,FS,O,,2008,6,1,03/07/08,21.100323625,23.684890062,24.201803349,21.100323625,,,,,52,38.3,23.2,17.9,23.2,38,56.3,54.5,38.9,23.8,14.7,8.4,24.3,51.8,77.9,91.5,84.4,76.1,61.5,54,48.1,43.7,42.2,43.4,42,32.9,,,,,,,,,,,,,,,,,,,,,,,,,,,,,,,,,,,,,,,,,,,,,,,,,,,,,,,,,,,,,,,,,94.8,110.3,107.8,94.2,87,91.6,106.1,117.9,116.4,115.3,107.2,90.9,71.4,51,51.9,72.1,87,95.3,105.9,125.8,134.2,134.5,134.1,135.4,135,127.9,,,,,,,,,,,,,,,,,,,,,,,,,,,,,,,,,,,,,,,,,,,,,,,,,,,,,,,,,,,,,1163,2701,44.730769231,103.88461538,115,55,5,5
016,01,A,E,2,3.8,78,62,1,13,27,60,-4,1.5,1,0,0,90,803,51,3,66.1,55.4,42.8,,,,,,,,,,,,,,,,,,,,,,,,,,,,,,,,,,,,,,,,,,,,,,,,,,,,,,,,,,,,,,,,,,,,,,,,,,,,,,,,,,,,,,,,127.5,122,115.4,,,,,,,,,,,,,,,,,,,,,,,,,,,,,,,,,,,,,,,,,,,,,,,,,,,,,,,,,,,,,,,,,,,,,,,,,,,,,,,,,,,,,,,,TT,O,,2008,1,1,03/06/08,20.526315789,21.444919197,22.018692681,18.57605178,,55.4,42.8,,,,,,,,,,,,,,,,,,,,,,,,,,,,,,,,,,,,,,,,,,,,,,,,,,,,,,,,,,,,,,,,,,,,,,,,,,,,,,,,,,,,,,,,,122,115.4,,,,,,,,,,,,,,,,,,,,,,,,,,,,,,,,,,,,,,,,,,,,,,,,,,,,,,,,,,,,,,,,,,,,,,,,,,,,,,,,,,,,,,,,98.2,237.4,49.1,118.7,55,115,2,2
017,01,A,W,2,90.1,2220,21,37,4,7,89,-39,1.5,0,1,0,90,803,51,90,125.7,111.6,103.3,121.8,129.7,123.3,118.1,118.1,119.8,109.7,97.5,79.6,61.5,48,44.5,51.1,62.9,74.4,92.8,104.3,112.4,122.8,127.9,131,132.7,131.1,125.8,117.4,106.1,91.4,74.6,59.2,46.7,44.9,51,63.1,73.7,73.9,68.7,61.8,55.1,48.3,39.3,41.9,51.5,60.6,77,97.4,107.8,116.7,122.9,128.8,131,132.4,129.8,130.9,126.1,122.8,115.4,103.9,99,90.8,75.6,62.1,55.8,46.4,42.1,41.7,49.1,63.8,83.7,96.1,102.1,109.4,124.2,130.1,129.8,122.7,114.1,102.5,67.1,47.5,57.1,80.4,104.3,125.1,130.2,129.9,124.5,124,52.7,34.2,11.7,32.8,38,29.6,24.6,43.1,75,90.3,104.6,115.7,127.3,134.8,139.1,138.2,133.1,119.3,109.4,92.6,73.3,56.1,44.4,36.9,42.1,54.3,68.7,84.1,97.5,109.2,119.7,127.9,135.1,139.3,137.9,135,129.7,123.3,124.1,124.9,125.4,135.2,133.5,133.5,133,119.8,113.2,107.4,97.1,86.6,73.5,64.3,54.8,47.3,37.2,36.7,40.6,53.9,63.8,77.7,94.9,105.1,109.4,118.2,130.5,133.6,136,135.6,131.4,122.7,116.5,106.5,90.2,70.8,62.6,59.6,57.8,54.8,53.2,55.1,51.8,49.8,45.8,38,34.1,38.2,37.3,35.1,30.5,39.3,TT,O,,2008,2,1,03/06/08,24.639289678,21.444919197,22.018692681,18.57605178,,,,,129.7,123.3,118.1,118.1,119.8,109.7,97.5,79.6,61.5,48,44.5,51.1,62.9,74.4,92.8,104.3,112.4,122.8,127.9,131,132.7,131.1,125.8,117.4,106.1,91.4,74.6,59.2,46.7,44.9,51,63.1,73.7,73.9,68.7,61.8,55.1,48.3,39.3,41.9,51.5,60.6,77,97.4,107.8,116.7,122.9,128.8,131,132.4,129.8,130.9,126.1,122.8,115.4,103.9,99,90.8,75.6,62.1,55.8,46.4,42.1,41.7,49.1,63.8,83.7,96.1,102.1,109.4,124.2,130.1,129.8,122.7,114.1,102.5,67.1,47.5,57.1,80.4,104.3,125.1,130.2,129.9,124.5,124,,,,,38,29.6,24.6,43.1,75,90.3,104.6,115.7,127.3,134.8,139.1,138.2,133.1,119.3,109.4,92.6,73.3,56.1,44.4,36.9,42.1,54.3,68.7,84.1,97.5,109.2,119.7,127.9,135.1,139.3,137.9,135,129.7,123.3,124.1,124.9,125.4,135.2,133.5,133.5,133,119.8,113.2,107.4,97.1,86.6,73.5,64.3,54.8,47.3,37.2,36.7,40.6,53.9,63.8,77.7,94.9,105.1,109.4,118.2,130.5,133.6,136,135.6,131.4,122.7,116.5,106.5,90.2,70.8,62.6,59.6,57.8,54.8,53.2,55.1,51.8,49.8,45.8,38,34.1,38.2,37.3,35.1,30.5,39.3,7922.3,7557.1,92.119767442,87.873255814,115,55,5,5
018,01,A,N,2,90.1,1515,39,24,7,10,83,82,1.5,0,2,0,90,803,51,90,122.5,120,108.1,90.8,65.8,34,15.5,34.8,43.2,42.8,42.2,38.1,30.4,31.4,47.1,71.3,91.6,111.6,128.7,131.6,126.6,121.9,115.2,103.6,90,76.9,69.3,61.9,55.8,48.2,45.1,46.8,50.5,51.6,49.2,46.9,46.8,44.5,39.8,42.8,50.9,57.6,63.6,75.9,90,93.5,90.8,91.8,96.9,105.8,114.1,117.4,116.6,108.7,106.4,112.7,121.3,119.8,110.8,104.7,112.8,128.6,131.3,126.4,117,124.4,131.3,130,127.1,123.7,120.3,115.4,110.6,104.4,97.1,88.5,79,70.2,61.5,53.9,47.2,43.4,43.2,45.4,47.3,48.3,48.6,49.1,46.2,46.6,52.1,38.6,18.9,7.7,33.8,66.3,99.7,129,138.1,137.8,137.2,131.2,117.8,98.3,71.4,41.8,15.1,18.3,42.4,50.9,52.1,64.1,78.4,86.9,95.4,111.5,123.6,124.9,130.3,134.8,139.4,140.2,137.6,134.2,131.2,130.8,135.8,137.4,134.6,134.2,133.5,129.4,124.5,118.8,114,109,106.9,106.4,100.8,97.3,92.1,87.1,85.1,82,79.6,84,78.8,68.2,59.5,46.5,38.5,47.5,49.3,46.5,32.1,30.9,36.4,39.4,46.5,54.4,64.3,69.8,74.4,83.9,97.7,108.8,116.8,124.7,130.3,133.8,135.6,136.8,138.3,137.5,135.5,131.9,129.4,132.4,134.4,135.1,TT,O,,2008,3,1,03/06/08,16.814650388,21.444919197,22.018692681,18.57605178,,,,,65.8,34,15.5,34.8,43.2,42.8,42.2,38.1,30.4,31.4,47.1,71.3,91.6,111.6,128.7,131.6,126.6,121.9,115.2,103.6,90,76.9,69.3,61.9,55.8,48.2,45.1,46.8,50.5,51.6,49.2,46.9,46.8,44.5,39.8,42.8,50.9,57.6,63.6,75.9,90,93.5,90.8,91.8,96.9,105.8,114.1,117.4,116.6,108.7,106.4,112.7,121.3,119.8,110.8,104.7,112.8,128.6,131.3,126.4,117,124.4,131.3,130,127.1,123.7,120.3,115.4,110.6,104.4,97.1,88.5,79,70.2,61.5,53.9,47.2,43.4,43.2,45.4,47.3,48.3,48.6,49.1,46.2,46.6,,,,,33.8,66.3,99.7,129,138.1,137.8,137.2,131.2,117.8,98.3,71.4,41.8,15.1,18.3,42.4,50.9,52.1,64.1,78.4,86.9,95.4,111.5,123.6,124.9,130.3,134.8,139.4,140.2,137.6,134.2,131.2,130.8,135.8,137.4,134.6,134.2,133.5,129.4,124.5,118.8,114,109,106.9,106.4,100.8,97.3,92.1,87.1,85.1,82,79.6,84,78.8,68.2,59.5,46.5,38.5,47.5,49.3,46.5,32.1,30.9,36.4,39.4,46.5,54.4,64.3,69.8,74.4,83.9,97.7,108.8,116.8,124.7,130.3,133.8,135.6,136.8,138.3,137.5,135.5,131.9,129.4,132.4,134.4,135.1,6861.6,8362.9,79.786046512,97.243023256,115,55,5,5
016,02,A,S,2,90.1,2310,22,26,6,17,77,-103,1.5,1,0,0,90,803,51,90,70.2,93.2,112.3,114.9,126,131,125.1,124.9,124.4,117.2,108.1,98,86.3,74.1,60.3,45.5,41.9,47.3,61.4,76.1,93.9,108.4,116.7,118.9,126.9,132,127.3,113.6,103.3,114.6,118.2,114.1,116.1,127,132,128.3,116.3,109.1,105,96.6,86.7,69.1,52.3,42.3,33.1,32.5,50.9,70.7,73.6,68.2,58.6,47.5,40.9,40.4,49.8,65.6,73,86.1,105.4,116.1,122.5,127.8,131.1,131.4,130.7,127.1,115.2,105.3,96,78.8,56.6,29.5,13.5,30.3,43.1,46.7,59.9,72.6,85,94.6,90.7,77.7,51.1,25.5,24.5,50.2,80.4,107.5,115.5,116,109.1,98.8,89.4,67.6,53.8,44.2,30.9,37.8,52.6,62.9,75.6,94,109.9,122.4,131.4,134.1,136.5,134.2,122.5,116.6,102.8,93.1,77.7,59.1,47.7,42.4,32.4,22.7,38.5,60.7,59.1,53.8,41.2,34.4,39.2,43.8,53,66.3,93.8,101.9,109.8,121.4,130.4,134.9,126.5,111.7,104.2,113.7,120.6,123.4,129,133,134.7,133.8,132.8,123.6,104.3,88.1,88.8,85.8,77.3,65.4,52.7,39.7,36.4,42.7,47.9,62.3,83.8,89.3,86.4,87.8,105.3,125.3,134.7,133.9,125.2,114.8,108.3,106.2,104.3,102.7,98.9,88.2,72.1,59.3,55.8,64.3,71.6,60.7,TT,O,,2008,4,1,03/07/08,25.6381798,21.444919197,22.018692681,18.57605178,,93.2,112.3,114.9,126,131,125.1,124.9,124.4,117.2,108.1,98,86.3,74.1,60.3,45.5,41.9,47.3,61.4,76.1,93.9,108.4,116.7,118.9,126.9,132,127.3,113.6,103.3,114.6,118.2,114.1,116.1,127,132,128.3,116.3,109.1,105,96.6,86.7,69.1,52.3,42.3,33.1,32.5,50.9,70.7,73.6,68.2,58.6,47.5,40.9,40.4,49.8,65.6,73,86.1,105.4,116.1,122.5,127.8,131.1,131.4,130.7,127.1,115.2,105.3,96,78.8,56.6,29.5,13.5,30.3,43.1,46.7,59.9,72.6,85,94.6,90.7,77.7,51.1,25.5,24.5,50.2,80.4,107.5,115.5,116,,98.8,89.4,67.6,53.8,44.2,30.9,37.8,52.6,62.9,75.6,94,109.9,122.4,131.4,134.1,136.5,134.2,122.5,116.6,102.8,93.1,77.7,59.1,47.7,42.4,32.4,22.7,38.5,60.7,59.1,53.8,41.2,34.4,39.2,43.8,53,66.3,93.8,101.9,109.8,121.4,130.4,134.9,126.5,111.7,104.2,113.7,120.6,123.4,129,133,134.7,133.8,132.8,123.6,104.3,88.1,88.8,85.8,77.3,65.4,52.7,39.7,36.4,42.7,47.9,62.3,83.8,89.3,86.4,87.8,105.3,125.3,134.7,133.9,125.2,114.8,108.3,106.2,104.3,102.7,98.9,88.2,72.1,59.3,55.8,64.3,71.6,60.7,7785.9,7732.6,87.482022472,86.883146067,55,115,2,2
017,02,A,E,2,90.1,2025,26,28,8,37,55,-22,1.5,0,1,0,90,803,51,90,60.2,52.9,38.4,36.8,40.9,49.6,62.2,75.2,75.4,81.6,97,121.6,131.2,122.6,107.9,90.8,77.3,68.4,57,46.4,39,38.4,51.7,71.6,88.6,91.2,98.4,101.2,105.1,106.9,106.9,110.3,118.9,117.6,119,118.7,112,104.2,100.5,106,116.1,118.5,116.6,109.2,97.3,84.2,63,46.4,37.9,45.5,47.4,38.3,36.5,38.7,30,24.7,32.9,56.5,80.1,92.5,103.3,112.8,119.7,122.5,126.1,125.6,118.3,109.3,95.2,80,69.9,64.2,52.3,43,42.3,43.8,48.3,61.6,67.1,66.4,68.8,71.3,79.6,95.3,111.5,130.5,131.1,123.1,112.2,98.2,121,118.6,121.7,131.3,130.6,125,114.3,101.2,81.5,58.7,38.4,44.3,50.6,52.7,57.2,71.1,92.8,114.9,127.8,133.9,133.7,126,119.9,113.2,105.6,82.7,61.8,39.6,19.2,17.3,38.1,63.3,79.9,80.3,74.1,59.1,39.9,15.4,17.4,44,65.2,66.2,57.8,45.7,30.9,19.8,36.9,65.5,94,116.2,132.9,130.9,131.6,133.6,125.2,118.9,108.3,109.1,114.7,109.6,102.9,93.4,83.3,71.8,68.5,66.1,66,68.3,75.8,89.4,107.6,123.7,128.9,132.3,137.1,135.3,128.8,131.2,122.5,106,87.6,63.9,38.3,15.3,18.2,40.2,43.7,42.6,48.7,59.6,TT,O,,2008,5,1,03/07/08,22.475027747,21.444919197,22.018692681,18.57605178,,52.9,38.4,36.8,40.9,49.6,62.2,75.2,75.4,81.6,97,121.6,131.2,122.6,107.9,90.8,77.3,68.4,57,46.4,39,38.4,51.7,71.6,88.6,91.2,98.4,101.2,105.1,106.9,106.9,110.3,118.9,117.6,119,118.7,112,104.2,100.5,106,116.1,118.5,116.6,109.2,97.3,84.2,63,46.4,37.9,45.5,47.4,38.3,36.5,38.7,30,24.7,32.9,56.5,80.1,92.5,103.3,112.8,119.7,122.5,126.1,125.6,118.3,109.3,95.2,80,69.9,64.2,52.3,43,42.3,43.8,48.3,61.6,67.1,66.4,68.8,71.3,79.6,95.3,111.5,130.5,131.1,123.1,112.2,98.2,,118.6,121.7,131.3,130.6,125,114.3,101.2,81.5,58.7,38.4,44.3,50.6,52.7,57.2,71.1,92.8,114.9,127.8,133.9,133.7,126,119.9,113.2,105.6,82.7,61.8,39.6,19.2,17.3,38.1,63.3,79.9,80.3,74.1,59.1,39.9,15.4,17.4,44,65.2,66.2,57.8,45.7,30.9,19.8,36.9,65.5,94,116.2,132.9,130.9,131.6,133.6,125.2,118.9,108.3,109.1,114.7,109.6,102.9,93.4,83.3,71.8,68.5,66.1,66,68.3,75.8,89.4,107.6,123.7,128.9,132.3,137.1,135.3,128.8,131.2,122.5,106,87.6,63.9,38.3,15.3,18.2,40.2,43.7,42.6,48.7,59.6,7345,7407.1,82.528089888,83.225842697,55,115,2,2
018,02,A,W,2,30.9,574,31,23,5,23,72,-50,1.5,1,0,0,90,803,51,30,120,112.3,106,111,122.5,122.7,118.2,106.7,93.5,84.2,85.7,79.7,72.6,57.3,46.8,44.8,41.2,41.6,48.5,58.5,65.1,72.3,83.4,90.9,91,83.1,77.8,62.4,40.3,17.2,,,,,,,,,,,,,,,,,,,,,,,,,,,,,,,,,,,,,,,,,,,,,,,,,,,,,,,,,,,,,47.9,30.6,12.5,26.2,45.4,53.4,56.8,62.8,73.3,89.2,108.4,118.6,124.6,124.9,128.5,136.3,135.8,135.1,133,129.6,125.3,121.5,115.8,110.5,107.7,106.6,116.4,114.2,109.5,97.8,,,,,,,,,,,,,,,,,,,,,,,,,,,,,,,,,,,,,,,,,,,,,,,,,,,,,,,,,,,,,FS,O,,2008,6,1,03/07/08,18.57605178,21.444919197,22.018692681,18.57605178,,,,,,122.7,118.2,106.7,93.5,84.2,85.7,79.7,72.6,57.3,46.8,44.8,41.2,41.6,48.5,58.5,65.1,72.3,83.4,90.9,91,83.1,77.8,62.4,40.3,17.2,,,,,,,,,,,,,,,,,,,,,,,,,,,,,,,,,,,,,,,,,,,,,,,,,,,,,,,,,,,,,,,,,,53.4,56.8,62.8,73.3,89.2,108.4,118.6,124.6,124.9,128.5,136.3,135.8,135.1,133,129.6,125.3,121.5,115.8,110.5,107.7,106.6,116.4,114.2,109.5,97.8,,,,,,,,,,,,,,,,,,,,,,,,,,,,,,,,,,,,,,,,,,,,,,,,,,,,,,,,,,,,,1785.5,2735.6,71.42,109.424,115,55,6,6
019,01,A,E,2,48.7,1247,23,24,7,3,90,153,1.5,1,0,0,90,803,52,48,63.1,61.2,68.5,80.1,92.9,105.7,113.2,120.7,125.9,130.2,131.6,131.7,127.5,119.7,107.7,94.7,76.2,58.4,46.1,43.6,54,63.9,78.8,91.1,99.7,108.9,120.3,124.8,127.2,130.8,132.1,130.2,125,116.9,107.4,93,82.7,72,55.3,45.9,40.5,40.8,44.2,49.3,56.8,55.4,43.7,32.7,,,,,,,,,,,,,,,,,,,,,,,,,,,,,,,,,,,,,,,,,,,123.3,121.1,125.1,119.1,106.1,90.2,76.3,61.6,48.5,38.7,37.7,49.1,63.7,79.1,93,106.4,118,127.7,136,137.4,137.4,128.8,120.8,108.9,95,77.9,63.6,51.8,40.2,36.5,42.8,54.9,69.9,82.7,93.6,105.8,111.4,118.9,130.2,134.5,134,134.1,135.3,124.3,101.5,74.9,61.4,65,,,,,,,,,,,,,,,,,,,,,,,,,,,,,,,,,,,,,,,,,,,TT,O,,2008,1,1,03/06/08,25.605749487,23.571119283,23.132248676,25.765472313,,61.2,68.5,80.1,92.9,105.7,113.2,120.7,125.9,130.2,131.6,131.7,127.5,119.7,107.7,94.7,76.2,58.4,46.1,43.6,54,63.9,78.8,91.1,99.7,108.9,120.3,124.8,127.2,130.8,132.1,130.2,125,116.9,107.4,93,82.7,72,55.3,45.9,40.5,40.8,44.2,49.3,56.8,55.4,43.7,32.7,,,,,,,,,,,,,,,,,,,,,,,,,,,,,,,,,,,,,,,,,,,,121.1,125.1,119.1,106.1,90.2,76.3,61.6,48.5,38.7,37.7,49.1,63.7,79.1,93,106.4,118,127.7,136,137.4,137.4,128.8,120.8,108.9,95,77.9,63.6,51.8,40.2,36.5,42.8,54.9,69.9,82.7,93.6,105.8,111.4,118.9,130.2,134.5,134,134.1,135.3,124.3,101.5,74.9,61.4,65,,,,,,,,,,,,,,,,,,,,,,,,,,,,,,,,,,,,,,,,,,,4159,4370.9,88.489361702,92.99787234,55,115,2,2
020,01,A,W,2,90.1,1906,28,27,3,4,93,-38,1.5,0,0,0,90,803,52,90,129.3,128.2,121.4,110.5,91.1,65.4,35.9,19.6,39,45.2,43.4,44.5,51.3,61.6,74.2,88.3,97.3,108.1,118.9,123.5,128.9,130.4,131.3,130.7,126.6,118.4,111.7,101.2,89.7,76.5,64.4,52,46.2,44.6,48.6,54.9,62.8,72.4,80.8,85.8,91.9,105.3,111.5,118.9,124.5,128.4,130.9,132.4,133,131.3,128.9,127,122.7,118.1,111.5,103,93.8,80.1,67.6,55.7,48.5,44.9,44.3,46.5,47.8,53.9,61.1,76.4,94.5,94.6,90.6,85.2,79.8,72.9,64.4,55.6,46.6,42.3,42.5,49.8,63.2,80,91.6,103.6,114.4,121.4,128.4,132.4,125.3,118.6,62.7,59.4,50.2,39.3,35,47.9,69.6,102.1,132.8,139.2,138,137.8,135.2,129.3,120.4,110.3,93.3,76.8,63,49.3,39.8,35.8,41.6,53.1,64.1,76.4,90.2,101.9,110.5,117.9,125.2,131.7,138.3,139.6,139.4,137.7,133.2,127.9,121.4,112.8,100.2,91.2,76.3,63.6,53,43.2,37.3,37.9,42,50.3,58.4,67.6,76.6,83.8,87.9,98.2,106.7,115.8,123.7,129.4,135.1,138.9,139.2,138.2,131.6,124.7,112.2,103.5,106.7,105.6,105.5,110.2,116.9,123.2,128.9,132.7,135,136.8,134.9,132.1,122.6,115.6,103.2,90.8,77.2,62.9,51.9,43,30.7,33.2,TT,O,,2008,2,1,03/06/08,21.15427303,23.571119283,23.132248676,25.765472313,,,,,91.1,65.4,35.9,19.6,39,45.2,43.4,44.5,51.3,61.6,74.2,88.3,97.3,108.1,118.9,123.5,128.9,130.4,131.3,130.7,126.6,118.4,111.7,101.2,89.7,76.5,64.4,52,46.2,44.6,48.6,54.9,62.8,72.4,80.8,85.8,91.9,105.3,111.5,118.9,124.5,128.4,130.9,132.4,133,131.3,128.9,127,122.7,118.1,111.5,103,93.8,80.1,67.6,55.7,48.5,44.9,44.3,46.5,47.8,53.9,61.1,76.4,94.5,94.6,90.6,85.2,79.8,72.9,64.4,55.6,46.6,42.3,42.5,49.8,63.2,80,91.6,103.6,114.4,121.4,128.4,132.4,125.3,118.6,,,,,35,47.9,69.6,102.1,132.8,139.2,138,137.8,135.2,129.3,120.4,110.3,93.3,76.8,63,49.3,39.8,35.8,41.6,53.1,64.1,76.4,90.2,101.9,110.5,117.9,125.2,131.7,138.3,139.6,139.4,137.7,133.2,127.9,121.4,112.8,100.2,91.2,76.3,63.6,53,43.2,37.3,37.9,42,50.3,58.4,67.6,76.6,83.8,87.9,98.2,106.7,115.8,123.7,129.4,135.1,138.9,139.2,138.2,131.6,124.7,112.2,103.5,106.7,105.6,105.5,110.2,116.9,123.2,128.9,132.7,135,136.8,134.9,132.1,122.6,115.6,103.2,90.8,77.2,62.9,51.9,43,30.7,33.2,7402.8,8384.6,86.079069767,97.495348837,115,55,5,5
021,01,A,N,2,90.1,2030,20,30,4,14,82,80,1.5,0,0,0,90,803,52,90,120.7,121.1,119.7,122.1,123.9,124.6,125.8,114,99.4,81.2,71.8,62.5,49.1,40,38.4,45.6,59,64.1,70.8,78.6,90.8,105.8,117.4,124.4,126.1,124.2,119.7,114.3,105.7,96.2,90,73.2,59.9,50.5,43.3,41,39.3,48.1,64.9,68.7,65.6,60.3,51.3,46.6,51,67.9,90.7,112.1,119.7,122.3,128.1,128.6,127.8,128.6,127,120.8,112.8,107.1,98.7,87.3,80.6,74,63.1,55.9,48.1,41.4,40.5,45,56.7,68.8,83.4,97.4,107.6,114.3,125,130.7,129,132.1,130.5,125.3,124.3,119.3,113.3,105.5,95.9,85.7,77.7,67.4,57,43.5,55.6,48,38.8,31.5,32.4,47.5,66.7,71.8,80,93.4,112.7,124.1,128.1,131.9,131.9,129.4,127.9,115.7,100.5,80.2,57.9,40.7,32.1,30.1,34.2,43.6,56.4,70.3,83,95.7,108.8,111.5,115.8,124.2,135.2,135.8,129.1,125.1,130,119.6,107.1,97,79.2,66.6,47,46,64.1,83.7,80.3,69.4,60.1,46.8,36.6,33.8,37.6,42.3,51.5,63.7,79.3,90.5,97.5,115.6,123.5,124.1,133.2,136.1,133.3,131.2,126.3,113.8,104.3,94,81.7,68.2,61.2,53.9,40.1,37.9,35.9,37.6,49.4,60.7,70.3,85.2,97.7,107.5,117.8,126.5,131.7,131.5,TT,O,,2008,3,1,03/06/08,22.530521643,23.571119283,23.132248676,25.765472313,,,,,123.9,124.6,125.8,114,99.4,81.2,71.8,62.5,49.1,40,38.4,45.6,59,64.1,70.8,78.6,90.8,105.8,117.4,124.4,126.1,124.2,119.7,114.3,105.7,96.2,90,73.2,59.9,50.5,43.3,41,39.3,48.1,64.9,68.7,65.6,60.3,51.3,46.6,51,67.9,90.7,112.1,119.7,122.3,128.1,128.6,127.8,128.6,127,120.8,112.8,107.1,98.7,87.3,80.6,74,63.1,55.9,48.1,41.4,40.5,45,56.7,68.8,83.4,97.4,107.6,114.3,125,130.7,129,132.1,130.5,125.3,124.3,119.3,113.3,105.5,95.9,85.7,77.7,67.4,57,43.5,,,,,32.4,47.5,66.7,71.8,80,93.4,112.7,124.1,128.1,131.9,131.9,129.4,127.9,115.7,100.5,80.2,57.9,40.7,32.1,30.1,34.2,43.6,56.4,70.3,83,95.7,108.8,111.5,115.8,124.2,135.2,135.8,129.1,125.1,130,119.6,107.1,97,79.2,66.6,47,46,64.1,83.7,80.3,69.4,60.1,46.8,36.6,33.8,37.6,42.3,51.5,63.7,79.3,90.5,97.5,115.6,123.5,124.1,133.2,136.1,133.3,131.2,126.3,113.8,104.3,94,81.7,68.2,61.2,53.9,40.1,37.9,35.9,37.6,49.4,60.7,70.3,85.2,97.7,107.5,117.8,126.5,131.7,131.5,7545.6,7463.6,87.739534884,86.786046512,115,55,5,5
019,02,A,S,2,90.1,2429,27,24,3,5,92,29,1.5,0,0,0,90,803,52,90,57.3,35.2,29.3,51.7,65.5,76.2,92.1,104.8,115.5,123.3,125.4,126.6,122.9,117.5,109,97.1,82.2,63.8,50.9,42.7,40.7,52.3,65.6,77.6,93.5,107.4,117.7,124.6,128.8,131.3,128.3,122.6,117.4,108,96.5,83.4,68.8,53.1,45.8,43.4,38.6,39.6,40.5,51.9,67.2,75.6,74,61.8,47.6,35.5,36.2,51.6,57,74.3,87.3,104.2,117.8,117.9,125.4,130.4,122.4,119.1,117.6,111.4,100.1,89.5,78.4,67.2,53.4,45,42.8,47,57.4,76,92.3,107,116.1,124.1,130.2,131.1,129.4,129.7,124.6,118.7,112.4,103.7,94,80.3,74.4,62,124.9,118.8,122.8,133.3,127.6,113.3,98,80,62,45.2,32.9,35.6,49.5,69.5,89.5,103.4,114.7,122.3,131.8,136.4,132.5,129.2,120.1,104.7,88.9,71.7,56.6,42.6,35.2,39.7,49,63.1,81.2,95.3,104.6,114.2,122.5,132.4,138,138.5,133.2,134.7,133.6,126.2,115.7,98.5,76.9,64.3,70.5,88,114.1,128.1,121.5,116.5,101.2,91.2,80.3,60,47.4,39.2,28.7,38.8,57.8,71.4,83,92.1,108.9,124.5,125.9,133.9,136.9,134.4,127.2,117.2,107.4,96.2,80.7,66.7,55.9,42.8,34.7,38.7,49.4,61.4,75,84.2,86.6,97.9,118.4,130.8,TT,O,,2008,4,1,03/07/08,26.958934517,23.571119283,23.132248676,25.765472313,,35.2,29.3,51.7,65.5,76.2,92.1,104.8,115.5,123.3,125.4,126.6,122.9,117.5,109,97.1,82.2,63.8,50.9,42.7,40.7,52.3,65.6,77.6,93.5,107.4,117.7,124.6,128.8,131.3,128.3,122.6,117.4,108,96.5,83.4,68.8,53.1,45.8,43.4,38.6,39.6,40.5,51.9,67.2,75.6,74,61.8,47.6,35.5,36.2,51.6,57,74.3,87.3,104.2,117.8,117.9,125.4,130.4,122.4,119.1,117.6,111.4,100.1,89.5,78.4,67.2,53.4,45,42.8,47,57.4,76,92.3,107,116.1,124.1,130.2,131.1,129.4,129.7,124.6,118.7,112.4,103.7,94,80.3,74.4,62,,118.8,122.8,133.3,127.6,113.3,98,80,62,45.2,32.9,35.6,49.5,69.5,89.5,103.4,114.7,122.3,131.8,136.4,132.5,129.2,120.1,104.7,88.9,71.7,56.6,42.6,35.2,39.7,49,63.1,81.2,95.3,104.6,114.2,122.5,132.4,138,138.5,133.2,134.7,133.6,126.2,115.7,98.5,76.9,64.3,70.5,88,114.1,128.1,121.5,116.5,101.2,91.2,80.3,60,47.4,39.2,28.7,38.8,57.8,71.4,83,92.1,108.9,124.5,125.9,133.9,136.9,134.4,127.2,117.2,107.4,96.2,80.7,66.7,55.9,42.8,34.7,38.7,49.4,61.4,75,84.2,86.6,97.9,118.4,130.8,7730.2,8195.2,86.856179775,92.080898876,55,115,2,2
020,02,A,E,2,3.4,66,51,7,6,51,43,3,1.5,1,0,0,90,803,52,3,59.2,51.4,28.8,,,,,,,,,,,,,,,,,,,,,,,,,,,,,,,,,,,,,,,,,,,,,,,,,,,,,,,,,,,,,,,,,,,,,,,,,,,,,,,,,,,,,,,,121.9,116.2,107.3,,,,,,,,,,,,,,,,,,,,,,,,,,,,,,,,,,,,,,,,,,,,,,,,,,,,,,,,,,,,,,,,,,,,,,,,,,,,,,,,,,,,,,,,TT,O,,2008,5,1,03/07/08,19.411764706,23.571119283,23.132248676,25.765472313,,51.4,28.8,,,,,,,,,,,,,,,,,,,,,,,,,,,,,,,,,,,,,,,,,,,,,,,,,,,,,,,,,,,,,,,,,,,,,,,,,,,,,,,,,,,,,,,,,116.2,107.3,,,,,,,,,,,,,,,,,,,,,,,,,,,,,,,,,,,,,,,,,,,,,,,,,,,,,,,,,,,,,,,,,,,,,,,,,,,,,,,,,,,,,,,,80.2,223.5,40.1,111.75,55,115,2,2
021,02,A,W,2,30.7,791,12,54,0,13,87,-79,1.5,0,0,0,90,803,52,30,129,124.7,124.4,122,116.8,102.4,83.4,62.3,40.5,32.1,41.2,46.3,64.3,86.1,105.1,117,126.3,130.9,132.2,131.3,128.9,125.6,120.5,117.6,115.5,120.8,124.5,126.3,126.2,124.4,,,,,,,,,,,,,,,,,,,,,,,,,,,,,,,,,,,,,,,,,,,,,,,,,,,,,,,,,,,,,54.9,37.1,30.5,42.3,57.4,69.7,79.5,91.2,104.7,121.6,134.7,126.3,116.7,105.4,96.4,81.2,68.9,54.2,42.9,36.6,39.5,49.2,61.7,66.9,57.5,49,41.1,33.6,32.5,40.6,,,,,,,,,,,,,,,,,,,,,,,,,,,,,,,,,,,,,,,,,,,,,,,,,,,,,,,,,,,,,FS,O,,2008,6,1,03/07/08,25.765472313,23.571119283,23.132248676,25.765472313,,,,122,116.8,102.4,83.4,62.3,40.5,32.1,41.2,46.3,64.3,86.1,105.1,117,126.3,130.9,132.2,131.3,128.9,125.6,120.5,117.6,115.5,120.8,124.5,126.3,126.2,124.4,,,,,,,,,,,,,,,,,,,,,,,,,,,,,,,,,,,,,,,,,,,,,,,,,,,,,,,,,,,,,,,,42.3,57.4,69.7,79.5,91.2,104.7,121.6,134.7,126.3,116.7,105.4,96.4,81.2,68.9,54.2,42.9,36.6,39.5,49.2,61.7,66.9,57.5,49,41.1,33.6,32.5,40.6,,,,,,,,,,,,,,,,,,,,,,,,,,,,,,,,,,,,,,,,,,,,,,,,,,,,,,,,,,,,,2770.5,1901.3,102.61111111,70.418518519,115,55,4,4
022,01,A,E,2,11.2,189,42,5,49,20,31,-4,1.5,0,0,0,90,803,53,11,60.2,56.9,53.1,53.4,42.7,35.9,34.6,32.2,30.2,27.6,18.9,,,,,,,,,,,,,,,,,,,,,,,,,,,,,,,,,,,,,,,,,,,,,,,,,,,,,,,,,,,,,,,,,,,,,,,,,,,,,,,,120.1,118.4,111.9,120.9,109.2,94.2,88,73.9,70.2,67.8,77.1,,,,,,,,,,,,,,,,,,,,,,,,,,,,,,,,,,,,,,,,,,,,,,,,,,,,,,,,,,,,,,,,,,,,,,,,,,,,,,,,TT,O,,2008,1,1,03/06/08,16.875,18.225188951,17.84408295,20.130718954,,,53.1,53.4,42.7,35.9,34.6,32.2,30.2,27.6,18.9,,,,,,,,,,,,,,,,,,,,,,,,,,,,,,,,,,,,,,,,,,,,,,,,,,,,,,,,,,,,,,,,,,,,,,,,,,,,,,,,,,111.9,120.9,109.2,94.2,88,73.9,70.2,67.8,77.1,,,,,,,,,,,,,,,,,,,,,,,,,,,,,,,,,,,,,,,,,,,,,,,,,,,,,,,,,,,,,,,,,,,,,,,,,,,,,,,,328.6,813.2,36.511111111,90.355555556,55,115,3,3
023,01,A,W,2,9.2,143,7,54,27,30,43,5,1.5,0,0,0,90,803,53,9,128.6,124.7,118.9,116,107.6,105.9,90.3,62.1,28.5,,,,,,,,,,,,,,,,,,,,,,,,,,,,,,,,,,,,,,,,,,,,,,,,,,,,,,,,,,,,,,,,,,,,,,,,,,,,,,,,,,62.7,60.1,57.3,57.4,51,54,53.1,57.7,75.6,,,,,,,,,,,,,,,,,,,,,,,,,,,,,,,,,,,,,,,,,,,,,,,,,,,,,,,,,,,,,,,,,,,,,,,,,,,,,,,,,,TT,O,,2008,2,1,03/06/08,15.543478261,18.225188951,17.84408295,20.130718954,,,,,,105.9,90.3,62.1,28.5,,,,,,,,,,,,,,,,,,,,,,,,,,,,,,,,,,,,,,,,,,,,,,,,,,,,,,,,,,,,,,,,,,,,,,,,,,,,,,,,,,,,,,,54,53.1,57.7,75.6,,,,,,,,,,,,,,,,,,,,,,,,,,,,,,,,,,,,,,,,,,,,,,,,,,,,,,,,,,,,,,,,,,,,,,,,,,,,,,,,,,286.8,240.4,71.7,60.1,115,55,6,6
024,01,A,N,2,90.1,1795,35,26,7,10,83,100,1.5,0,0,0,90,803,53,90,118.8,120,120.2,119.6,123,124.5,126.1,128,128,130.9,129.4,124.3,115.7,102.1,86.8,73.9,58.3,44.2,43,45.6,47.4,52,68.9,91.6,113.9,118.1,119.6,117.6,108.8,94.5,71.5,51.4,42.4,46.6,45.5,43.6,43.8,45.8,51,67.4,84.8,98.7,110.6,120.6,126.9,130.9,132.7,132.4,131.2,128.1,122.8,117,110.7,102.9,96.7,92.7,88.8,79.8,69.4,60,51.5,48,56.7,61.9,65.4,66.8,64,52.8,33.2,15.6,14.2,25.8,39.6,40.6,41.5,41.1,41.6,39.3,37.1,37.1,42,46.1,49.1,58.3,71.1,84,93.6,102,112.7,121.2,55.2,51.7,51.9,52.5,56,50.2,44.2,37.9,33.3,41.4,53.9,67.3,81,94,106.1,118.9,125,131,137.6,134.9,123.6,106.1,88.5,75.9,70.3,63.1,54.1,44.6,34.9,30.5,45.7,74.2,108.1,128.2,133.4,133.1,138.6,136.2,131.5,123.7,115.2,105.2,94.7,82.7,69,56.8,45.7,38.1,37.8,44.5,52.4,66.8,78.5,87.2,89,96.2,107.6,119,126.4,128.4,126.4,128.3,133,128.1,117,101,80,67.5,70.6,88,102.8,117.4,133.8,135,136,135.7,136.4,134.3,132.3,132.2,136.8,137.5,133.2,129,124.4,117.4,105.2,89.2,74.3,60.2,TT,O,,2008,3,1,03/06/08,19.922308546,18.225188951,17.84408295,20.130718954,,,,,,124.5,126.1,128,128,130.9,129.4,124.3,115.7,102.1,86.8,73.9,58.3,44.2,43,45.6,47.4,52,68.9,91.6,113.9,118.1,119.6,117.6,108.8,94.5,71.5,51.4,42.4,46.6,45.5,43.6,43.8,45.8,51,67.4,84.8,98.7,110.6,120.6,126.9,130.9,132.7,132.4,131.2,128.1,122.8,117,110.7,102.9,96.7,92.7,88.8,79.8,69.4,60,51.5,48,56.7,61.9,65.4,66.8,64,52.8,33.2,15.6,14.2,25.8,39.6,40.6,41.5,41.1,41.6,39.3,37.1,37.1,42,46.1,49.1,58.3,71.1,84,93.6,102,112.7,121.2,,,,,,50.2,44.2,37.9,33.3,41.4,53.9,67.3,81,94,106.1,118.9,125,131,137.6,134.9,123.6,106.1,88.5,75.9,70.3,63.1,54.1,44.6,34.9,30.5,45.7,74.2,108.1,128.2,133.4,133.1,138.6,136.2,131.5,123.7,115.2,105.2,94.7,82.7,69,56.8,45.7,38.1,37.8,44.5,52.4,66.8,78.5,87.2,89,96.2,107.6,119,126.4,128.4,126.4,128.3,133,128.1,117,101,80,67.5,70.6,88,102.8,117.4,133.8,135,136,135.7,136.4,134.3,132.3,132.2,136.8,137.5,133.2,129,124.4,117.4,105.2,89.2,74.3,60.2,6693.8,8185.2,78.750588235,96.296470588,115,55,6,6
022,02,A,S,2,90.1,1773,22,26,4,17,79,16,1.5,0,0,0,90,803,53,90,52,47.5,39.7,28.1,33.7,46.3,68.9,71.3,69.4,65.9,53.8,44.4,43.6,47.4,59,72.5,85.1,102.4,111.6,118.7,124.9,128.3,130.6,132,129.7,125.6,123.3,116.5,102.4,87.1,77.2,73,68.5,63.4,57.9,44.6,32.5,39.2,55.9,64.6,71.1,82.9,91,96.3,104.7,108.2,105.3,102.3,95,80.1,61.7,59.4,81.4,85.3,84.5,86.6,95,110.2,120.6,122.7,125.6,126.8,125.4,126.2,123.9,122,113.3,99.8,87.2,88.9,87.5,84.6,74.2,65.2,53.1,45,43.9,49.8,60.9,74,79.3,88.9,102.9,110.3,113.7,125.1,128.2,125.4,118.3,102,118.9,113.5,113.4,100.4,94.8,99.8,113.8,117.3,115.3,120.8,125,132.4,138.3,134.9,129.3,119,104.6,92.4,76.8,62.5,51.1,41.1,36.1,39,40.5,38.1,40.5,48.9,59.8,78.5,102.8,119.4,119.6,119.8,120.9,121.9,123.7,131,135.2,130.8,123.2,117.8,110.4,98.6,89.3,81.9,73.8,64.5,51,44.6,60.1,90.9,116.7,115.2,108,96.5,81.9,69.8,59.8,52.2,47.1,43.5,42.5,44.5,46.8,49.9,51.6,59.4,78.7,103.9,107.2,113.1,124.3,130.2,135.7,136.9,137.6,134,127.4,120,113.1,106.1,96.4,80.7,63,56.1,56.8,56.8,56.3,46.7,TT,O,,2008,4,1,03/07/08,19.678135405,18.225188951,17.84408295,20.130718954,,,39.7,28.1,33.7,46.3,68.9,71.3,69.4,65.9,53.8,44.4,43.6,47.4,59,72.5,85.1,102.4,111.6,118.7,124.9,128.3,130.6,132,129.7,125.6,123.3,116.5,102.4,87.1,77.2,73,68.5,63.4,57.9,44.6,32.5,39.2,55.9,64.6,71.1,82.9,91,96.3,104.7,108.2,105.3,102.3,95,80.1,61.7,59.4,81.4,85.3,84.5,86.6,95,110.2,120.6,122.7,125.6,126.8,125.4,126.2,123.9,122,113.3,99.8,87.2,88.9,87.5,84.6,74.2,65.2,53.1,45,43.9,49.8,60.9,74,79.3,88.9,102.9,110.3,113.7,125.1,128.2,125.4,118.3,102,,,113.4,100.4,94.8,99.8,113.8,117.3,115.3,120.8,125,132.4,138.3,134.9,129.3,119,104.6,92.4,76.8,62.5,51.1,41.1,36.1,39,40.5,38.1,40.5,48.9,59.8,78.5,102.8,119.4,119.6,119.8,120.9,121.9,123.7,131,135.2,130.8,123.2,117.8,110.4,98.6,89.3,81.9,73.8,64.5,51,44.6,60.1,90.9,116.7,115.2,108,96.5,81.9,69.8,59.8,52.2,47.1,43.5,42.5,44.5,46.8,49.9,51.6,59.4,78.7,103.9,107.2,113.1,124.3,130.2,135.7,136.9,137.6,134,127.4,120,113.1,106.1,96.4,80.7,63,56.1,56.8,56.8,56.3,46.7,7654.7,7962,86.985227273,90.477272727,55,115,3,3
023,02,A,E,2,26.8,461,67,8,37,8,55,-62,1.5,7,0,0,90,803,53,26,64.6,64.3,60.9,53.7,48.2,43.9,43.2,46.3,50.3,59.1,63.2,64.2,62.6,57.7,42.7,27.1,14.4,18.2,32.7,39,43.3,42.2,29,13.7,10.1,8.5,,,,,,,,,,,,,,,,,,,,,,,,,,,,,,,,,,,,,,,,,,,,,,,,,,,,,,,,,,,,,,,,,126.2,126,131.6,135.2,136.5,137.4,137.8,136.3,132.2,127.9,120.9,118.5,119,122.2,124.7,119.3,107.1,86.4,65.1,59,52.5,55.7,69.8,84.3,91.8,94.1,,,,,,,,,,,,,,,,,,,,,,,,,,,,,,,,,,,,,,,,,,,,,,,,,,,,,,,,,,,,,,,,,TT,O,,2008,5,1,03/07/08,17.201492537,18.225188951,17.84408295,20.130718954,,,60.9,53.7,48.2,43.9,43.2,46.3,50.3,59.1,63.2,64.2,62.6,57.7,42.7,27.1,14.4,18.2,32.7,39,43.3,42.2,29,13.7,10.1,8.5,,,,,,,,,,,,,,,,,,,,,,,,,,,,,,,,,,,,,,,,,,,,,,,,,,,,,,,,,,,,,,,,,,,131.6,135.2,136.5,137.4,137.8,136.3,132.2,127.9,120.9,118.5,119,122.2,124.7,119.3,107.1,86.4,65.1,59,52.5,55.7,69.8,84.3,91.8,94.1,,,,,,,,,,,,,,,,,,,,,,,,,,,,,,,,,,,,,,,,,,,,,,,,,,,,,,,,,,,,,,,,,974.2,2565.3,40.591666667,106.8875,55,115,3,3
024,02,A,W,2,30.6,616,40,7,7,11,82,60,1.5,1,0,0,90,803,53,30,125.8,123.1,117.1,105.9,92.6,81.6,69.7,57.3,47.7,41.4,40.7,50.9,66.4,75.9,79.4,74.6,72.2,56.9,34.6,8.4,26.9,61.6,68.8,66,63.8,59.3,57.5,55,46.9,43.2,,,,,,,,,,,,,,,,,,,,,,,,,,,,,,,,,,,,,,,,,,,,,,,,,,,,,,,,,,,,,62.8,67.3,75.1,83.2,95.7,111.6,120.8,125.4,133,135.6,133.6,132.2,130.3,125.3,117.6,103.5,101.5,91.3,85.6,91.9,108.3,121.9,120.6,118.8,120.1,120,120.5,127,134.2,137.2,,,,,,,,,,,,,,,,,,,,,,,,,,,,,,,,,,,,,,,,,,,,,,,,,,,,,,,,,,,,,FS,O,,2008,6,1,03/07/08,20.130718954,18.225188951,17.84408295,20.130718954,,,,,,81.6,69.7,57.3,47.7,41.4,40.7,50.9,66.4,75.9,79.4,74.6,72.2,56.9,34.6,8.4,26.9,61.6,68.8,66,63.8,59.3,57.5,55,46.9,43.2,,,,,,,,,,,,,,,,,,,,,,,,,,,,,,,,,,,,,,,,,,,,,,,,,,,,,,,,,,,,,,,,,,111.6,120.8,125.4,133,135.6,133.6,132.2,130.3,125.3,117.6,103.5,101.5,91.3,85.6,91.9,108.3,121.9,120.6,118.8,120.1,120,120.5,127,134.2,137.2,,,,,,,,,,,,,,,,,,,,,,,,,,,,,,,,,,,,,,,,,,,,,,,,,,,,,,,,,,,,,1406.7,2967.8,56.268,118.712,115,55,6,6
025,01,A,E,2,90.1,2251,21,30,11,19,70,34,1.5,0,1,0,90,803,56,90,70.8,73.3,66.6,51.3,62.6,92.6,116.2,115.4,105.7,83.2,61.9,45.8,41.8,39.9,50.2,64.9,83,94.5,88.4,72.1,47.8,35.1,29.3,38.2,43.2,44,44.6,55.5,72.1,86.9,104.6,114.3,122.6,127.1,130.9,132.1,131.6,127,120.3,112.6,104.4,92.9,81,63.9,50.5,45.8,46.3,57.6,64.6,73.4,76.1,76,90.6,112.5,120.3,121.2,122.9,121.8,118.3,102.6,85.9,51.9,24.7,27.7,52.1,75.3,90.5,102.7,114.9,122.1,127.8,132.1,132.7,131.2,122.7,116.3,118.6,119.3,120.1,125.3,130,130.3,122.4,109.2,97.6,79.6,69.1,67.9,65.7,55.4,121.2,119.6,117,91.9,59.5,45.3,61.5,69.7,73.5,84.7,96.6,121.3,134.9,134.4,129.3,111.9,94.2,71.5,45.1,33.7,49.2,72.9,107.4,128.1,137,137.7,132.2,126.1,116.9,102.5,89.5,73.3,58,45.3,37.2,40.1,53.6,67.7,80.3,89.2,96.7,105.7,116.9,127.4,134.3,140.1,136.9,137.1,129.7,119.4,101,77.6,57.1,60.1,63.9,60.8,51.4,41.5,28.1,13.2,14.6,43.4,74,98.6,114.5,118,110.1,100,88.4,74.2,60.8,49.7,40.2,36.8,36.4,51,68.4,66,52.2,43.6,39.4,36.1,28,21.4,25.6,50.4,81,109,126.6,129.1,TT,O,,2008,1,1,03/06/08,24.983351831,22.978920074,23.084637864,22.450331126,,73.3,66.6,51.3,62.6,92.6,116.2,115.4,105.7,83.2,61.9,45.8,41.8,39.9,50.2,64.9,83,94.5,88.4,72.1,47.8,35.1,29.3,38.2,43.2,44,44.6,55.5,72.1,86.9,104.6,114.3,122.6,127.1,130.9,132.1,131.6,127,120.3,112.6,104.4,92.9,81,63.9,50.5,45.8,46.3,57.6,64.6,73.4,76.1,76,90.6,112.5,120.3,121.2,122.9,121.8,118.3,102.6,85.9,51.9,24.7,27.7,52.1,75.3,90.5,102.7,114.9,122.1,127.8,132.1,132.7,131.2,122.7,116.3,118.6,119.3,120.1,125.3,130,130.3,122.4,109.2,97.6,79.6,69.1,67.9,65.7,55.4,,119.6,117,91.9,59.5,45.3,61.5,69.7,73.5,84.7,96.6,121.3,134.9,134.4,129.3,111.9,94.2,71.5,45.1,33.7,49.2,72.9,107.4,128.1,137,137.7,132.2,126.1,116.9,102.5,89.5,73.3,58,45.3,37.2,40.1,53.6,67.7,80.3,89.2,96.7,105.7,116.9,127.4,134.3,140.1,136.9,137.1,129.7,119.4,101,77.6,57.1,60.1,63.9,60.8,51.4,41.5,28.1,13.2,14.6,43.4,74,98.6,114.5,118,110.1,100,88.4,74.2,60.8,49.7,40.2,36.8,36.4,51,68.4,66,52.2,43.6,39.4,36.1,28,21.4,25.6,50.4,81,109,126.6,129.1,7793,7226.2,87.561797753,81.193258427,55,115,2,2
026,01,A,W,2,90.1,1795,10,41,30,26,44,-79,1.5,0,2,0,90,803,56,90,128.4,126.8,126,127.2,124.1,115.7,101.6,90,87.1,102.6,119.3,130.4,126.5,120.1,114,104.8,89.2,70,48.4,40.9,53.8,79.4,98.6,97.9,100.7,104.4,102.9,99.5,94,82.6,67.4,48.1,32,36.7,57.3,72.3,69.3,65.8,60.9,60.8,59,63.7,64.8,63.3,54.2,47.7,40.9,41.7,58.5,79.6,102,118.6,117.2,114.7,110.4,98.6,82.9,64.6,43.7,45.9,63.7,78.6,89.8,100.4,110.1,116.5,124.8,129.6,132.3,132.7,131.5,129.4,121.7,111.2,96.6,81.8,63,50.5,54.6,69.8,85.7,79.3,69.5,59.7,47.2,32.4,27.9,31.6,32.4,32.7,62,59.6,53.3,46.9,35.6,21.8,6.9,11.2,31.6,49.7,54.4,52.9,39.9,26.4,23.9,30.5,34.5,37.6,48.1,62.8,82.7,99.4,102.2,89.5,74.6,56,34.5,14,8.5,23.6,34.7,48.7,65,80.3,99,116.5,123.4,123.6,125,127,124.4,124.3,124.8,120.8,107.4,94.4,76.9,56.8,40.6,44.1,57.2,60.6,47.9,31.9,16.7,11.7,23,44.6,76.2,102.7,119,118.6,113,105.9,96.6,82.7,72.4,60.2,51.1,42.2,36.7,39.9,45,49.3,47.5,40.8,38.9,46.9,62.7,87.2,108.3,116.2,117.8,125.8,131.3,125.8,119.9,107.9,89,73.9,TT,O,,2008,2,1,03/06/08,19.922308546,22.978920074,23.084637864,22.450331126,,,,,124.1,115.7,101.6,90,87.1,102.6,119.3,130.4,126.5,120.1,114,104.8,89.2,70,48.4,40.9,53.8,79.4,98.6,97.9,100.7,104.4,102.9,99.5,94,82.6,67.4,48.1,32,36.7,57.3,72.3,69.3,65.8,60.9,60.8,59,63.7,64.8,63.3,54.2,47.7,40.9,41.7,58.5,79.6,102,118.6,117.2,114.7,110.4,98.6,82.9,64.6,43.7,45.9,63.7,78.6,89.8,100.4,110.1,116.5,124.8,129.6,132.3,132.7,131.5,129.4,121.7,111.2,96.6,81.8,63,50.5,54.6,69.8,85.7,79.3,69.5,59.7,47.2,32.4,27.9,31.6,32.4,32.7,,,,,35.6,21.8,6.9,11.2,31.6,49.7,54.4,52.9,39.9,26.4,23.9,30.5,34.5,37.6,48.1,62.8,82.7,99.4,102.2,89.5,74.6,56,34.5,14,8.5,23.6,34.7,48.7,65,80.3,99,116.5,123.4,123.6,125,127,124.4,124.3,124.8,120.8,107.4,94.4,76.9,56.8,40.6,44.1,57.2,60.6,47.9,31.9,16.7,11.7,23,44.6,76.2,102.7,119,118.6,113,105.9,96.6,82.7,72.4,60.2,51.1,42.2,36.7,39.9,45,49.3,47.5,40.8,38.9,46.9,62.7,87.2,108.3,116.2,117.8,125.8,131.3,125.8,119.9,107.9,89,73.9,7028.1,5955.5,81.722093023,69.25,115,55,5,5
027,01,A,N,2,54.5,1068,19,18,27,38,35,59,1.5,1,0,0,90,803,56,54,114.4,110.4,116.2,126,125.4,122.3,119.1,115.5,107.2,89.9,70.8,49.1,38.3,59.9,83.3,108.3,119.8,108.9,99.8,79.3,58.3,43.9,42.5,44,43.1,41.7,33.2,28.7,33.5,46.7,65.4,86.1,100,100.9,92.6,82.4,73.3,74.1,79.2,89.3,97,94,86.4,69.3,53.9,43.2,38.1,46.4,59.9,63.1,58.2,48.5,35.6,17.8,,,,,,,,,,,,,,,,,,,,,,,,,,,,,,,,,,,,,54.4,44.6,36.2,43.1,44.5,47.7,54.1,67.9,76.8,77.4,70.8,64.2,58.7,47.7,47.8,61.2,77.7,81.2,88.3,92.2,100.7,116.1,132.6,138.2,138.2,135.9,124,112.3,101.6,92.9,85.1,78.4,68.8,59.5,43.8,27.7,24,42.7,69.3,93.6,104.2,109.1,111.3,112.8,100.8,85.9,67.4,49.8,48.9,61,74.9,91.1,101.9,101.8,,,,,,,,,,,,,,,,,,,,,,,,,,,,,,,,,,,,,TT,O,,2008,3,1,03/06/08,19.596330275,22.978920074,23.084637864,22.450331126,,,,,125.4,122.3,119.1,115.5,107.2,89.9,70.8,49.1,38.3,59.9,83.3,108.3,119.8,108.9,99.8,79.3,58.3,43.9,42.5,44,43.1,41.7,33.2,28.7,33.5,46.7,65.4,86.1,100,100.9,92.6,82.4,73.3,74.1,79.2,89.3,97,94,86.4,69.3,53.9,43.2,38.1,46.4,59.9,63.1,58.2,48.5,35.6,17.8,,,,,,,,,,,,,,,,,,,,,,,,,,,,,,,,,,,,,,,,,44.5,47.7,54.1,67.9,76.8,77.4,70.8,64.2,58.7,47.7,47.8,61.2,77.7,81.2,88.3,92.2,100.7,116.1,132.6,138.2,138.2,135.9,124,112.3,101.6,92.9,85.1,78.4,68.8,59.5,43.8,27.7,24,42.7,69.3,93.6,104.2,109.1,111.3,112.8,100.8,85.9,67.4,49.8,48.9,61,74.9,91.1,101.9,101.8,,,,,,,,,,,,,,,,,,,,,,,,,,,,,,,,,,,,,3567.2,4064.5,71.344,81.29,115,55,5,5
025,02,A,S,2,90.1,2402,21,31,6,18,76,-25,1.5,0,1,0,90,803,56,90,53.8,29.8,23.6,43.4,47.1,63.6,78.5,85.7,99.6,115.7,124.1,123.9,131.1,128.9,125.3,113.8,99.9,85.4,62.9,46,40,40.9,55.2,80.3,95.5,104.4,112.7,124,127.7,127.1,122.3,116.8,116.2,108.1,96.7,80.1,62.9,48.9,42,43.4,61.9,74.4,81.4,93.5,101.8,112.7,121.2,125.5,129.2,131.3,132.2,130.6,128.6,118.7,105.6,99.5,110.3,122.6,113.6,101.6,79.3,53.1,37.1,45.8,58.7,60.5,71.6,90.4,107,107.8,109.4,106.2,97.7,86.3,79.2,73.4,67.3,60.1,54.9,38.5,30.7,27.9,50.7,83,98.4,107.7,118.9,127.4,128.8,131.8,108.3,100.9,116.4,136.8,131.2,128.5,118.2,97.3,77.1,60.4,46.1,31.1,40.5,52,68.8,82.6,97.4,113.3,120.2,129.6,134.4,126.6,117.7,114.8,101.6,84.3,62.9,49.1,36.4,33.8,43.1,61.9,84,94.8,105.6,116.3,126.5,135.6,136.5,129.6,130,126.9,116.1,105.1,87.5,73.6,60.1,47,37.4,36.3,37.8,38.1,34.6,25.5,21.9,38.7,65.3,71.9,57.6,46.3,40.8,57.5,85.6,114.3,127.8,118.1,109.9,104.6,96,74.9,52.2,28.1,7.2,24,50,79.5,102.8,116.1,129.3,127.3,124.7,116.7,115.6,113.1,104.4,91.4,78.3,66,50.2,41.6,TT,O,,2008,4,1,03/07/08,26.659267481,22.978920074,23.084637864,22.450331126,,29.8,23.6,43.4,47.1,63.6,78.5,85.7,99.6,115.7,124.1,123.9,131.1,128.9,125.3,113.8,99.9,85.4,62.9,46,40,40.9,55.2,80.3,95.5,104.4,112.7,124,127.7,127.1,122.3,116.8,116.2,108.1,96.7,80.1,62.9,48.9,42,43.4,61.9,74.4,81.4,93.5,101.8,112.7,121.2,125.5,129.2,131.3,132.2,130.6,128.6,118.7,105.6,99.5,110.3,122.6,113.6,101.6,79.3,53.1,37.1,45.8,58.7,60.5,71.6,90.4,107,107.8,109.4,106.2,97.7,86.3,79.2,73.4,67.3,60.1,54.9,38.5,30.7,27.9,50.7,83,98.4,107.7,118.9,127.4,128.8,131.8,,100.9,116.4,136.8,131.2,128.5,118.2,97.3,77.1,60.4,46.1,31.1,40.5,52,68.8,82.6,97.4,113.3,120.2,129.6,134.4,126.6,117.7,114.8,101.6,84.3,62.9,49.1,36.4,33.8,43.1,61.9,84,94.8,105.6,116.3,126.5,135.6,136.5,129.6,130,126.9,116.1,105.1,87.5,73.6,60.1,47,37.4,36.3,37.8,38.1,34.6,25.5,21.9,38.7,65.3,71.9,57.6,46.3,40.8,57.5,85.6,114.3,127.8,118.1,109.9,104.6,96,74.9,52.2,28.1,7.2,24,50,79.5,102.8,116.1,129.3,127.3,124.7,116.7,115.6,113.1,104.4,91.4,78.3,66,50.2,41.6,7959.3,7449.6,89.430337079,83.703370787,55,115,2,2
026,02,A,E,2,90.1,2186,27,14,13,27,60,44,1.5,0,1,0,90,803,56,90,59.7,52.6,58.5,76.9,102.2,117.6,121,125.1,126.4,127.7,128.7,123.1,113.6,103,93.8,77.2,56.9,36.4,28.8,40.6,53.7,64.1,69,71.6,76,72.8,58,40.1,19.5,18.8,32.9,58.8,81.3,90.4,84.6,79.9,79.7,89.2,97.4,99.9,94.9,89.6,83.2,76.2,62.9,51.1,44.8,39,44.9,49.6,62.2,82.8,92.9,99.9,100.9,93.7,87.9,75.5,64.3,56.1,50.1,42.5,45.4,49.4,60.2,72.5,85.3,95.6,97.1,88.1,75.7,61.3,45.1,30.6,38.4,68.1,100,101,96.6,86.8,70.9,55.8,46.2,38.8,39.8,53.3,72.8,80.1,84.3,94.4,123.9,105.7,87.2,72.7,67.9,61.7,49.2,40.3,31.8,37.1,52,65.9,78.5,93.3,107.2,113,117.9,120.7,123.2,127,122.5,112.2,94.4,73.3,54.7,33.6,38,55.2,79.4,101.4,109.7,115.3,114,103.1,84.1,59.9,32,9.7,27.5,46.5,61.3,75.6,95.3,112.3,122.9,125.5,128.6,132.9,133.3,125.3,121.2,114.6,103.9,100.8,96.1,81.2,80.1,85.2,93.1,115.1,131.8,136,139.2,134.3,129.6,122.3,114.7,104.9,102.7,101.7,98.8,92.8,86.6,71.4,63,67.6,88.6,100.8,105.8,113.1,121.6,128.7,135.7,133.6,128.2,124.5,123,107.9,87.9,69.8,TT,O,,2008,5,1,03/07/08,24.261931188,22.978920074,23.084637864,22.450331126,,52.6,58.5,76.9,102.2,117.6,121,125.1,126.4,127.7,128.7,123.1,113.6,103,93.8,77.2,56.9,36.4,28.8,40.6,53.7,64.1,69,71.6,76,72.8,58,40.1,19.5,18.8,32.9,58.8,81.3,90.4,84.6,79.9,79.7,89.2,97.4,99.9,94.9,89.6,83.2,76.2,62.9,51.1,44.8,39,44.9,49.6,62.2,82.8,92.9,99.9,100.9,93.7,87.9,75.5,64.3,56.1,50.1,42.5,45.4,49.4,60.2,72.5,85.3,95.6,97.1,88.1,75.7,61.3,45.1,30.6,38.4,68.1,100,101,96.6,86.8,70.9,55.8,46.2,38.8,39.8,53.3,72.8,80.1,84.3,94.4,,105.7,87.2,72.7,67.9,61.7,49.2,40.3,31.8,37.1,52,65.9,78.5,93.3,107.2,113,117.9,120.7,123.2,127,122.5,112.2,94.4,73.3,54.7,33.6,38,55.2,79.4,101.4,109.7,115.3,114,103.1,84.1,59.9,32,9.7,27.5,46.5,61.3,75.6,95.3,112.3,122.9,125.5,128.6,132.9,133.3,125.3,121.2,114.6,103.9,100.8,96.1,81.2,80.1,85.2,93.1,115.1,131.8,136,139.2,134.3,129.6,122.3,114.7,104.9,102.7,101.7,98.8,92.8,86.6,71.4,63,67.6,88.6,100.8,105.8,113.1,121.6,128.7,135.7,133.6,128.2,124.5,123,107.9,87.9,69.8,6526.4,8389.7,73.330337079,94.266292135,55,115,2,2
027,02,A,W,2,30.2,678,17,22,5,29,66,21,1.5,0,0,0,90,803,56,30,115.6,103.9,100.2,112.8,120.3,114.2,103.5,89.8,74.7,65.3,65.6,58.6,47,42.7,43.6,49.3,56.5,65.6,79.7,95.1,105.9,109.1,112.7,115,117,121.1,127.1,118.9,112.5,103,,,,,,,,,,,,,,,,,,,,,,,,,,,,,,,,,,,,,,,,,,,,,,,,,,,,,,,,,,,,,49,51.8,65.7,79.5,76.7,62,52.2,52.9,65,88,113.5,126.8,131.2,136.3,137,133.8,125.7,115.4,104.8,95,82.4,64.9,49.7,32,22.9,36.8,59.3,72.6,85.1,98.8,,,,,,,,,,,,,,,,,,,,,,,,,,,,,,,,,,,,,,,,,,,,,,,,,,,,,,,,,,,,,FS,O,,2008,6,1,03/07/08,22.450331126,22.978920074,23.084637864,22.450331126,,,,,120.3,114.2,103.5,89.8,74.7,65.3,65.6,58.6,47,42.7,43.6,49.3,56.5,65.6,79.7,95.1,105.9,109.1,112.7,115,117,121.1,127.1,118.9,112.5,103,,,,,,,,,,,,,,,,,,,,,,,,,,,,,,,,,,,,,,,,,,,,,,,,,,,,,,,,,,,,,,,,,76.7,62,52.2,52.9,65,88,113.5,126.8,131.2,136.3,137,133.8,125.7,115.4,104.8,95,82.4,64.9,49.7,32,22.9,36.8,59.3,72.6,85.1,98.8,,,,,,,,,,,,,,,,,,,,,,,,,,,,,,,,,,,,,,,,,,,,,,,,,,,,,,,,,,,,,2313.8,2220.8,88.992307692,85.415384615,115,55,5,5
004,01,B,S,2,90.1,2157,27,26,4,6,90,49,1.5,0,0,0,90,803,65,90,55.3,46.6,43.3,40.6,45.6,64.4,79.4,92.3,104,113.4,116.4,123.9,129.3,131.3,132.1,129.6,122.2,112.3,101.8,87.9,72.7,56.7,47.4,41.3,39.2,57.4,68.2,80.3,92,103,111.1,116.2,121.7,121.4,118,125.1,132.1,128.1,120.9,114.6,117.6,110.4,97.5,90.2,84.5,89.5,94.5,99.3,94.5,82.5,67.4,52.2,36.6,30,33.7,44.1,47.6,54,73.6,90.4,102.7,115.3,123.7,129.1,132.2,132.3,130.5,126.6,121.9,112,105.8,97.3,87.9,77.4,66.3,55.6,46,42.6,40.6,41.8,42,40.6,39.8,54,73.4,88,101.4,114.7,125.7,130.8,127.4,134.9,138.4,134.8,132.2,132.4,122.4,108.2,91.8,77,63.4,47.4,38.3,36.9,47,61.1,74.4,87.9,101.6,112.4,119.3,130.2,137.2,136.1,129.2,134.9,130.5,123.3,110.8,97,82.3,68.9,57.4,48,32.6,31.3,39.4,38,40.3,60.8,83.1,89.7,99.4,109.4,111.5,103.2,89.3,70.5,46.2,26.5,28.7,48.3,80.8,108,126.5,137.5,134.6,131.4,121.5,112.9,101.3,90.8,77.2,64.1,50.2,39.9,36.5,44.5,54.2,64.1,81.3,98.1,105.2,114.7,127.2,132.7,135.5,137.5,135.1,136.3,136.9,134.1,128.5,123.9,115.2,104.2,91,78.4,66.1,55.2,TT,O,,2008,1,1,03/06/08,23.940066593,19.608317598,19.900110988,18.149350649,,,43.3,40.6,45.6,64.4,79.4,92.3,104,113.4,116.4,123.9,129.3,131.3,132.1,129.6,122.2,112.3,101.8,87.9,72.7,56.7,47.4,41.3,39.2,57.4,68.2,80.3,92,103,111.1,116.2,121.7,121.4,118,125.1,132.1,128.1,120.9,114.6,117.6,110.4,97.5,90.2,84.5,89.5,94.5,99.3,94.5,82.5,67.4,52.2,36.6,30,33.7,44.1,47.6,54,73.6,90.4,102.7,115.3,123.7,129.1,132.2,132.3,130.5,126.6,121.9,112,105.8,97.3,87.9,77.4,66.3,55.6,46,42.6,40.6,41.8,42,40.6,39.8,54,73.4,88,101.4,114.7,125.7,130.8,,,138.4,134.8,132.2,132.4,122.4,108.2,91.8,77,63.4,47.4,38.3,36.9,47,61.1,74.4,87.9,101.6,112.4,119.3,130.2,137.2,136.1,129.2,134.9,130.5,123.3,110.8,97,82.3,68.9,57.4,48,32.6,31.3,39.4,38,40.3,60.8,83.1,89.7,99.4,109.4,111.5,103.2,89.3,70.5,46.2,26.5,28.7,48.3,80.8,108,126.5,137.5,134.6,131.4,121.5,112.9,101.3,90.8,77.2,64.1,50.2,39.9,36.5,44.5,54.2,64.1,81.3,98.1,105.2,114.7,127.2,132.7,135.5,137.5,135.1,136.3,136.9,134.1,128.5,123.9,115.2,104.2,91,78.4,66.1,55.2,7825.3,8074,88.923863636,91.75,55,115,3,3
005,01,B,E,2,90.1,1666,21,25,5,25,70,75,1.5,0,2,0,90,803,65,90,64.5,64.1,59.2,54.3,62.5,82.1,108.1,124,114.4,123.8,111.6,100.1,89.1,77.6,61,50.1,48.4,48.6,37.4,30.3,37.3,53.7,74,85.1,93.3,101.3,110.4,117.1,121.9,124.6,121.8,117.8,109,103,94.4,91.4,100.5,110.7,109.6,106.4,100.4,93.4,86.9,74.5,61.6,46.8,32,19.8,25,47.8,70.1,78.7,84.2,93.3,103.2,109.2,115.7,121.1,125,126.1,125.1,126.6,126.7,122.5,118.7,121,117.2,109.3,101.5,92.9,85.7,79,73.8,69,60.1,44.9,36.9,40.6,46.7,49.4,50.8,52.6,53.4,53.6,62.8,77.2,94.9,106,111.3,113,126.6,117.4,106.9,84.1,55.8,26.1,16.3,43.4,63.4,31.7,28.4,36.3,54.5,72,83.1,97.5,121.3,134.3,129.2,124.8,123.1,121.5,123.1,116.5,106.8,94.7,81.9,68.8,58.1,51.1,45.3,34.1,17.9,8.9,21.2,49,73.4,90.4,93.7,97.5,101.9,106.1,109.6,107.7,111.4,117.1,116.5,113.5,113.1,119.1,127,123.3,114.1,104.2,93.1,82.7,70.7,59.4,50,43.5,35.8,32.2,32.5,35.3,48.9,68.4,84.5,94.3,101.2,107.7,112.4,110.5,112.1,113.3,119.3,120.4,125.4,135.2,140.3,139.7,138.2,137,132.1,121,112.9,104.3,98.3,89.1,80.3,72.8,TT,O,,2008,2,1,03/06/08,18.490566038,19.608317598,19.900110988,18.149350649,,,59.2,54.3,62.5,82.1,108.1,124,114.4,123.8,111.6,100.1,89.1,77.6,61,50.1,48.4,48.6,37.4,30.3,37.3,53.7,74,85.1,93.3,101.3,110.4,117.1,121.9,124.6,121.8,117.8,109,103,94.4,91.4,100.5,110.7,109.6,106.4,100.4,93.4,86.9,74.5,61.6,46.8,32,19.8,25,47.8,70.1,78.7,84.2,93.3,103.2,109.2,115.7,121.1,125,126.1,125.1,126.6,126.7,122.5,118.7,121,117.2,109.3,101.5,92.9,85.7,79,73.8,69,60.1,44.9,36.9,40.6,46.7,49.4,50.8,52.6,53.4,53.6,62.8,77.2,94.9,106,111.3,113,,,106.9,84.1,55.8,26.1,16.3,43.4,63.4,31.7,28.4,36.3,54.5,72,83.1,97.5,121.3,134.3,129.2,124.8,123.1,121.5,123.1,116.5,106.8,94.7,81.9,68.8,58.1,51.1,45.3,34.1,17.9,8.9,21.2,49,73.4,90.4,93.7,97.5,101.9,106.1,109.6,107.7,111.4,117.1,116.5,113.5,113.1,119.1,127,123.3,114.1,104.2,93.1,82.7,70.7,59.4,50,43.5,35.8,32.2,32.5,35.3,48.9,68.4,84.5,94.3,101.2,107.7,112.4,110.5,112.1,113.3,119.3,120.4,125.4,135.2,140.3,139.7,138.2,137,132.1,121,112.9,104.3,98.3,89.1,80.3,72.8,7503.9,7725.5,85.271590909,87.789772727,55,115,3,3
006,01,B,W,2,90.1,1459,18,21,15,22,63,36,1.5,0,0,0,90,803,65,90,127,121.1,111.4,100.4,89.9,82.8,76.9,68.7,60.7,48.9,43.6,43.2,38.8,39.6,48.7,58.1,68.5,81.5,96.8,106.7,107.3,102.4,91.5,82.7,80.4,86.9,99.7,112.2,113.6,112.4,112.2,104.9,94.5,81.9,68.4,61.3,55.5,47.8,39.3,34.1,32.9,32.5,36.1,40.8,51.1,67,82.8,102.1,117.9,124.8,122.4,111.6,95.6,78.1,59.6,39.1,18,20.1,36.3,55.4,75.2,93,96.8,98.6,99.6,101.3,106.4,111.2,113,116.7,118.1,121.2,123.8,124.8,122.4,115.8,102.6,97.4,99,102.4,107.6,104.2,101.1,97.2,92.6,88.5,81.6,75.5,69.7,64.9,66.9,67.2,68.4,74.1,82.8,94.6,107.1,117.9,126.6,127.5,132.9,137.7,133.1,127.7,123.7,117.3,110,101.7,94.8,86.8,74.7,64.4,49.1,29.1,17.1,33.1,58,80.9,87.7,87.4,85.8,86.1,89.8,96.9,107.8,121.5,130,131.9,130.9,129,124.9,113.7,98.6,78.6,55.7,31.5,14.1,21.6,39.4,52.6,57.9,54,47.5,44.2,48.6,60.4,77.8,84.6,83,88.9,96.3,102.8,102.9,100.7,99.3,94.2,87.3,80.7,74.6,68.9,59.8,53,46.2,39.5,33.4,24.2,21.8,35.9,50,65.7,82.7,88.3,91.1,92.1,96.4,106.7,114,121.9,125.7,122.9,TT,O,,2008,3,1,03/06/08,16.193118757,19.608317598,19.900110988,18.149350649,,,,,,82.8,76.9,68.7,60.7,48.9,43.6,43.2,38.8,39.6,48.7,58.1,68.5,81.5,96.8,106.7,107.3,102.4,91.5,82.7,80.4,86.9,99.7,112.2,113.6,112.4,112.2,104.9,94.5,81.9,68.4,61.3,55.5,47.8,39.3,34.1,32.9,32.5,36.1,40.8,51.1,67,82.8,102.1,117.9,124.8,122.4,111.6,95.6,78.1,59.6,39.1,18,20.1,36.3,55.4,75.2,93,96.8,98.6,99.6,101.3,106.4,111.2,113,116.7,118.1,121.2,123.8,124.8,122.4,115.8,102.6,97.4,99,102.4,107.6,104.2,101.1,97.2,92.6,88.5,81.6,75.5,69.7,64.9,,,,,,94.6,107.1,117.9,126.6,127.5,132.9,137.7,133.1,127.7,123.7,117.3,110,101.7,94.8,86.8,74.7,64.4,49.1,29.1,17.1,33.1,58,80.9,87.7,87.4,85.8,86.1,89.8,96.9,107.8,121.5,130,131.9,130.9,129,124.9,113.7,98.6,78.6,55.7,31.5,14.1,21.6,39.4,52.6,57.9,54,47.5,44.2,48.6,60.4,77.8,84.6,83,88.9,96.3,102.8,102.9,100.7,99.3,94.2,87.3,80.7,74.6,68.9,59.8,53,46.2,39.5,33.4,24.2,21.8,35.9,50,65.7,82.7,88.3,91.1,92.1,96.4,106.7,114,121.9,125.7,122.9,6998.9,7087.2,82.34,83.378823529,115,55,6,6
004,02,B,N,2,90.1,2050,9,31,17,18,65,77,1.5,0,0,0,90,803,65,90,116.9,118.9,128.2,122.7,109.1,91.9,74,64.5,45.1,65.7,77.2,82.7,84.1,87.5,93.5,94,84.5,67.6,45.9,19.9,19.3,47,76.8,89,102.8,117.1,126.2,129.8,131.8,130.6,125.3,122.2,118.4,112.3,100.5,82.3,66.5,61.7,57.9,49.1,41.7,43.6,50.3,69.4,88,101.7,113.1,119.5,122.7,121.7,120,123.1,128.1,130.4,127.3,123.7,119,116.4,111.1,105.8,99.5,92.8,81.7,70.1,68.2,69.1,74.6,67.8,62.2,57,59.8,78,103.6,124.3,124.7,113.3,89.5,55.2,41.5,47.6,68.9,93.8,106,102,97.7,100.4,101.3,101.7,91.3,75.9,59.9,44.7,37.4,27.9,28.6,37.3,33,36.6,56.3,55.9,38.5,17.6,22,47.8,75.8,94.3,109,113,110.2,107.2,108.7,117.3,115.7,101.5,89,78.8,66.6,52.4,42,35.8,34.9,44.5,58.1,66.2,72.5,78.7,95.1,117.4,132.2,133.2,135.2,136.2,130.9,122,111.9,102.3,92.2,83.6,76.6,65,48.6,36.7,33.6,37,43,46.5,53.9,68.5,78.2,80.8,90.7,96.2,97.9,103.3,117.5,119.9,123.1,107.8,95.4,77.3,45.6,21.3,30.3,55.3,65.7,66.8,67.9,63.9,57.4,55.2,64.5,82.9,90.5,90.3,94.8,94.2,83.6,81.1,67.9,53.2,TT,O,,2008,4,1,03/07/08,22.752497225,19.608317598,19.900110988,18.149350649,,,,,,91.9,74,64.5,45.1,65.7,77.2,82.7,84.1,87.5,93.5,94,84.5,67.6,45.9,19.9,19.3,47,76.8,89,102.8,117.1,126.2,129.8,131.8,130.6,125.3,122.2,118.4,112.3,100.5,82.3,66.5,61.7,57.9,49.1,41.7,43.6,50.3,69.4,88,101.7,113.1,119.5,122.7,121.7,120,123.1,128.1,130.4,127.3,123.7,119,116.4,111.1,105.8,99.5,92.8,81.7,70.1,68.2,69.1,74.6,67.8,62.2,57,59.8,78,103.6,124.3,124.7,113.3,89.5,55.2,41.5,47.6,68.9,93.8,106,102,97.7,100.4,101.3,101.7,91.3,75.9,,,,,,37.3,33,36.6,56.3,55.9,38.5,17.6,22,47.8,75.8,94.3,109,113,110.2,107.2,108.7,117.3,115.7,101.5,89,78.8,66.6,52.4,42,35.8,34.9,44.5,58.1,66.2,72.5,78.7,95.1,117.4,132.2,133.2,135.2,136.2,130.9,122,111.9,102.3,92.2,83.6,76.6,65,48.6,36.7,33.6,37,43,46.5,53.9,68.5,78.2,80.8,90.7,96.2,97.9,103.3,117.5,119.9,123.1,107.8,95.4,77.3,45.6,21.3,30.3,55.3,65.7,66.8,67.9,63.9,57.4,55.2,64.5,82.9,90.5,90.3,94.8,94.2,83.6,81.1,67.9,53.2,7540.8,6539.3,88.715294118,76.932941176,115,55,6,6
005,02,B,W,2,90.1,1633,14,45,13,23,64,8,1.5,0,2,0,90,803,65,90,119.8,106.8,90.2,77.2,77.6,88.9,105,116.1,116.7,119.4,117.4,110.5,103.1,96.8,92.8,92.1,92.3,86.2,71,56.2,46.8,44.6,46.4,51.2,58.2,57.8,54.1,57.2,68.2,86.2,105.2,122.9,131.4,132.1,131.4,129.5,126.5,122.3,108,93.5,79.7,68.6,65.2,71,83,97,99.3,98.5,95.7,91.2,85.6,80.8,73,66.6,57.4,51.5,44.8,35.8,27.4,29.5,44,55.9,74.9,98.5,102.4,102.1,105.1,111.5,120.8,129.9,131.4,130.9,129,127.2,124.1,122.8,121.5,118.6,120.9,123.8,125.2,125.1,128.8,129.7,129.3,126.8,124.2,114.5,103.3,97.6,67.8,60.7,44.8,28.1,21.9,35.2,54.5,68.6,68.7,58.1,45.6,26.8,10.3,17.6,46.2,73.8,97.1,111.3,115.7,122.4,132.1,138.8,139.4,135.5,130.2,117.3,100.8,79.4,54.1,30.7,18.5,28,37.1,43,50.3,56.1,64.8,70.6,66,53.1,39.2,29.4,37.3,55.8,76.5,95,97.6,96.1,92.9,101.5,107.8,111.6,117.9,127.5,131.4,132.4,131,128,122.1,118.4,107.9,102.1,99.5,101.3,97.2,86.4,75.1,62.2,51.4,45.3,41.3,35.8,36,42.3,47.2,53.4,56,53,53.2,51.7,47.6,45.9,39.4,36.2,34.6,31.8,30.1,22,9.3,3.4,TT,O,,2008,5,1,03/07/08,18.124306326,19.608317598,19.900110988,18.149350649,,,,,,88.9,105,116.1,116.7,119.4,117.4,110.5,103.1,96.8,92.8,92.1,92.3,86.2,71,56.2,46.8,44.6,46.4,51.2,58.2,57.8,54.1,57.2,68.2,86.2,105.2,122.9,131.4,132.1,131.4,129.5,126.5,122.3,108,93.5,79.7,68.6,65.2,71,83,97,99.3,98.5,95.7,91.2,85.6,80.8,73,66.6,57.4,51.5,44.8,35.8,27.4,29.5,44,55.9,74.9,98.5,102.4,102.1,105.1,111.5,120.8,129.9,131.4,130.9,129,127.2,124.1,122.8,121.5,118.6,120.9,123.8,125.2,125.1,128.8,129.7,129.3,126.8,124.2,114.5,103.3,97.6,,,,,,35.2,54.5,68.6,68.7,58.1,45.6,26.8,10.3,17.6,46.2,73.8,97.1,111.3,115.7,122.4,132.1,138.8,139.4,135.5,130.2,117.3,100.8,79.4,54.1,30.7,18.5,28,37.1,43,50.3,56.1,64.8,70.6,66,53.1,39.2,29.4,37.3,55.8,76.5,95,97.6,96.1,92.9,101.5,107.8,111.6,117.9,127.5,131.4,132.4,131,128,122.1,118.4,107.9,102.1,99.5,101.3,97.2,86.4,75.1,62.2,51.4,45.3,41.3,35.8,36,42.3,47.2,53.4,56,53,53.2,51.7,47.6,45.9,39.4,36.2,34.6,31.8,30.1,22,9.3,3.4,8039.4,6045.7,94.581176471,71.125882353,115,55,6,6
006,02,B,S,2,30.8,559,33,30,5,28,67,49,1.5,0,0,0,90,803,65,30,59.7,54.8,47.7,43.4,42.7,44.5,54.3,63.5,66.9,65.7,61.8,67.2,84.3,106.5,125.1,129,128.3,126.3,120.7,110.8,102.3,95.2,90.7,88.2,86.6,83.2,74.1,63.4,54,48.9,,,,,,,,,,,,,,,,,,,,,,,,,,,,,,,,,,,,,,,,,,,,,,,,,,,,,,,,,,,,,127.7,130.5,133.9,137,137.4,134.7,134.2,130.9,121.9,109.6,92.4,68.7,46.5,36.3,39.6,38.7,35,31.7,26.1,24.8,34.7,50.6,68.6,87.4,102.4,114.2,117.2,119.2,125.3,134.1,,,,,,,,,,,,,,,,,,,,,,,,,,,,,,,,,,,,,,,,,,,,,,,,,,,,,,,,,,,,,FS,O,,2008,6,1,03/07/08,18.149350649,19.608317598,19.900110988,18.149350649,,,47.7,43.4,42.7,44.5,54.3,63.5,66.9,65.7,61.8,67.2,84.3,106.5,125.1,129,128.3,126.3,120.7,110.8,102.3,95.2,90.7,88.2,86.6,83.2,74.1,63.4,54,48.9,,,,,,,,,,,,,,,,,,,,,,,,,,,,,,,,,,,,,,,,,,,,,,,,,,,,,,,,,,,,,,,133.9,137,137.4,134.7,134.2,130.9,121.9,109.6,92.4,68.7,46.5,36.3,39.6,38.7,35,31.7,26.1,24.8,34.7,50.6,68.6,87.4,102.4,114.2,117.2,119.2,125.3,134.1,,,,,,,,,,,,,,,,,,,,,,,,,,,,,,,,,,,,,,,,,,,,,,,,,,,,,,,,,,,,,2275.3,2433.1,81.260714286,86.896428571,55,115,3,3
007,01,B,S,2,90.1,2385,19,25,0,16,84,-125,1.5,0,0,0,90,803,66,90,62,86.2,100.5,106.7,128.2,126.4,116.8,110.2,93.7,82.9,74.8,57.9,41.9,44.2,46.9,65.4,92.3,113.1,119.5,123.5,123.5,116.4,106.3,87.9,73.4,60.8,43.7,26.6,43,69.3,77,80,83.9,94.5,116.3,130.8,131.6,125,127.9,124.1,113.6,101.9,90.7,79.8,56.1,38.7,38.2,46.4,52.2,49.6,63,90.8,103.2,114,120.8,124.9,128.1,129,126.7,124.6,117.3,99,76,60.4,56.8,47.8,41.8,44.2,49,59.7,75.9,93.6,106.2,116.6,127.2,131.6,132.9,131.8,129.4,121.9,115.5,112.9,107.5,108.2,110.5,108.3,104.9,101.5,91.9,81.9,110.8,101.9,73.8,36.3,33.8,35.4,53.3,75.6,95,114.9,116.3,118.7,131.2,137.1,131,116.4,104.8,92.4,77.9,69.2,66.1,65.3,77,102.4,117.7,121.6,125.4,120.2,121.5,129.5,124.4,112,87.4,55.9,34.5,37.1,37.8,39.2,61.2,66.8,72,94.9,107.9,108.5,104.9,108.3,131.3,139.1,136.7,120.6,108.4,106,92.7,77.2,62.8,52.6,44,41,42.1,43.1,44.2,53.8,74,103.7,129.4,134.5,134.9,137.3,132.7,126.1,119.4,110.5,99.9,84,68.5,53,42.3,37,39,40.9,56.4,75.1,82.3,85.9,82.7,82.4,82,90.7,102.9,112.2,TT,O,,2008,1,1,03/06/08,26.470588235,21.391369757,22.22159176,17.24025974,,86.2,100.5,106.7,128.2,126.4,116.8,110.2,93.7,82.9,74.8,57.9,41.9,44.2,46.9,65.4,92.3,113.1,119.5,123.5,123.5,116.4,106.3,87.9,73.4,60.8,43.7,26.6,43,69.3,77,80,83.9,94.5,116.3,130.8,131.6,125,127.9,124.1,113.6,101.9,90.7,79.8,56.1,38.7,38.2,46.4,52.2,49.6,63,90.8,103.2,114,120.8,124.9,128.1,129,126.7,124.6,117.3,99,76,60.4,56.8,47.8,41.8,44.2,49,59.7,75.9,93.6,106.2,116.6,127.2,131.6,132.9,131.8,129.4,121.9,115.5,112.9,107.5,108.2,110.5,108.3,104.9,101.5,91.9,81.9,,101.9,73.8,36.3,33.8,35.4,53.3,75.6,95,114.9,116.3,118.7,131.2,137.1,131,116.4,104.8,92.4,77.9,69.2,66.1,65.3,77,102.4,117.7,121.6,125.4,120.2,121.5,129.5,124.4,112,87.4,55.9,34.5,37.1,37.8,39.2,61.2,66.8,72,94.9,107.9,108.5,104.9,108.3,131.3,139.1,136.7,120.6,108.4,106,92.7,77.2,62.8,52.6,44,41,42.1,43.1,44.2,53.8,74,103.7,129.4,134.5,134.9,137.3,132.7,126.1,119.4,110.5,99.9,84,68.5,53,42.3,37,39,40.9,56.4,75.1,82.3,85.9,82.7,82.4,82,90.7,102.9,112.2,8227.6,7829.8,92.44494382,87.975280899,55,115,2,2
008,01,B,E,2,90.1,1881,17,30,0,10,90,119,1.5,0,0,0,90,803,66,90,66.2,67.1,70.8,79,83.2,86.9,94,99.7,106.6,110.7,116.5,119.7,121.4,128.1,131.8,127.9,118.2,96.4,74.7,57.5,54.6,47.4,44.5,46.2,51.1,60.7,71.2,80.4,87.2,96.8,105.4,111.9,115.1,121,124.3,126.4,128.5,128.8,124.3,123.3,121.2,114.7,106.7,95,85,70.7,63.7,50.9,40.9,41.6,39.7,59,86.7,93.1,104.7,114.8,121.9,123,128.5,132.4,130,129,124.7,121,115.3,109.1,105.7,99.8,95.3,87.3,79.5,67.7,55.6,28.8,20.2,38.6,55.9,59.9,69.3,84.4,100.3,112.7,121.7,127,126.8,130.7,130.1,125.1,117.7,111.3,130.5,125.8,124.1,123.9,118.3,110.1,105.1,95.7,88.3,76,66.1,51.9,35.9,33.9,43.7,52.7,56.8,62.7,76.3,104,126.8,131.2,138.4,139.2,136.2,133.4,128.6,123.2,115.4,105.1,92.8,80.7,70.6,62.5,54.7,48.7,42.9,40.8,43.1,51.4,58.4,65.5,79.4,97.4,111.1,122.1,127.7,131.8,133.1,135.8,124.5,116.8,113.1,104.8,96,85.4,76.2,60.9,47.7,40.1,35.6,41.3,51.3,62.2,67.9,77.8,84.3,85.6,91.6,110.3,116.5,115.7,115.1,111.5,114.2,125.7,129.2,122.8,111.3,101,90.9,77.6,64.1,49.8,36.8,35.9,39.2,42.3,45.6,53,TT,O,,2008,2,1,03/06/08,20.876803552,21.391369757,22.22159176,17.24025974,,67.1,70.8,79,83.2,86.9,94,99.7,106.6,110.7,116.5,119.7,121.4,128.1,131.8,127.9,118.2,96.4,74.7,57.5,54.6,47.4,44.5,46.2,51.1,60.7,71.2,80.4,87.2,96.8,105.4,111.9,115.1,121,124.3,126.4,128.5,128.8,124.3,123.3,121.2,114.7,106.7,95,85,70.7,63.7,50.9,40.9,41.6,39.7,59,86.7,93.1,104.7,114.8,121.9,123,128.5,132.4,130,129,124.7,121,115.3,109.1,105.7,99.8,95.3,87.3,79.5,67.7,55.6,28.8,20.2,38.6,55.9,59.9,69.3,84.4,100.3,112.7,121.7,127,126.8,130.7,130.1,125.1,117.7,111.3,,125.8,124.1,123.9,118.3,110.1,105.1,95.7,88.3,76,66.1,51.9,35.9,33.9,43.7,52.7,56.8,62.7,76.3,104,126.8,131.2,138.4,139.2,136.2,133.4,128.6,123.2,115.4,105.1,92.8,80.7,70.6,62.5,54.7,48.7,42.9,40.8,43.1,51.4,58.4,65.5,79.4,97.4,111.1,122.1,127.7,131.8,133.1,135.8,124.5,116.8,113.1,104.8,96,85.4,76.2,60.9,47.7,40.1,35.6,41.3,51.3,62.2,67.9,77.8,84.3,85.6,91.6,110.3,116.5,115.7,115.1,111.5,114.2,125.7,129.2,122.8,111.3,101,90.9,77.6,64.1,49.8,36.8,35.9,39.2,42.3,45.6,53,8414,7750.9,94.539325843,87.088764045,55,115,2,2
009,01,B,W,2,65.7,1273,16,34,11,28,61,-17,1.5,0,0,0,90,803,66,65,123.6,115.4,108.6,93,88.2,97.1,101.6,104.3,102,108.4,112.5,107.5,93.7,74,48.3,28.3,36,48.6,49.2,49.4,59.1,68.3,80.2,95.1,110.6,121.5,125.6,130.9,132.6,131.2,129.2,125.9,120.5,114.9,109.6,106.7,101.8,93.2,86.9,83.8,80.6,77.1,70.8,56.5,35.5,16.1,30.2,54.8,63.5,70.1,81.6,93.9,102.5,106.2,107.2,108.8,115.9,126.6,130.1,125.9,117.3,101.1,84,58.6,27.7,,,,,,,,,,,,,,,,,,,,,,,,,,66.8,57.6,54.5,55.6,75.2,94.6,95.9,89.9,75.6,58.8,42.2,30.6,24.3,30.3,54.9,86.4,119.7,134.6,133,129,122.4,111.7,98.4,86.7,76.9,68.4,55.1,46.4,40.2,36.6,40.7,47.3,47.3,51.4,62.5,78.5,88.3,92.5,98.8,103.6,106,109,115.3,113.5,107.3,108.1,115.2,126.7,122,115.5,109,102.3,97.3,87.9,72.5,58.8,45.9,40.1,35.8,31.9,26.9,19.7,20.5,41.6,70.3,,,,,,,,,,,,,,,,,,,,,,,,,,TT,O,,2008,3,1,03/06/08,19.375951294,21.391369757,22.22159176,17.24025974,,,,,88.2,97.1,101.6,104.3,102,108.4,112.5,107.5,93.7,74,48.3,28.3,36,48.6,49.2,49.4,59.1,68.3,80.2,95.1,110.6,121.5,125.6,130.9,132.6,131.2,129.2,125.9,120.5,114.9,109.6,106.7,101.8,93.2,86.9,83.8,80.6,77.1,70.8,56.5,35.5,16.1,30.2,54.8,63.5,70.1,81.6,93.9,102.5,106.2,107.2,108.8,115.9,126.6,130.1,125.9,117.3,101.1,84,58.6,27.7,,,,,,,,,,,,,,,,,,,,,,,,,,,,,,75.2,94.6,95.9,89.9,75.6,58.8,42.2,30.6,24.3,30.3,54.9,86.4,119.7,134.6,133,129,122.4,111.7,98.4,86.7,76.9,68.4,55.1,46.4,40.2,36.6,40.7,47.3,47.3,51.4,62.5,78.5,88.3,92.5,98.8,103.6,106,109,115.3,113.5,107.3,108.1,115.2,126.7,122,115.5,109,102.3,97.3,87.9,72.5,58.8,45.9,40.1,35.8,31.9,26.9,19.7,20.5,41.6,70.3,,,,,,,,,,,,,,,,,,,,,,,,,,5419.3,4727.8,88.840983607,77.504918033,115,55,5,5
007,02,B,N,2,76.1,1843,14,18,12,31,57,-34,1.5,0,0,0,90,803,66,76,120.2,116.8,108,87.2,65.9,51.6,33.3,30.9,61.1,77.6,76.1,85.6,103.3,124,129.8,126,121,111.5,100.5,94.7,90.1,79.6,60,43.9,42.4,41.4,44.1,45.5,47.5,49.9,52.5,56.2,73.4,92.9,90.6,89.8,79.1,61.8,76.8,101.7,114.5,111.7,110,98.6,82.4,73.2,74.7,70.1,61.6,64.9,68.9,77.3,89.6,81.4,79.5,70,63.4,44.8,39.3,56.6,95.6,125.5,130,123.4,119.1,113.8,112.3,112.9,106.2,87.3,81.4,75.6,59,40.6,33.3,13.4,,,,,,,,,,,,,,,59.5,61.1,61,71.5,95.3,119.3,121.9,121.3,124,113.7,92.7,65.4,38.2,31.6,37.9,39.8,35.9,38.6,54.9,83.1,106.5,114.4,117.6,127.2,136.8,133.7,129.4,119.9,100.3,75.6,49.3,48.3,74.6,100.9,101.3,98.6,102.5,73.4,53.1,63.5,73.6,69.7,68,74.2,84.2,103.8,117.6,118.3,113.2,120.7,119.7,114.5,112.3,101.2,101.5,90.1,94.9,80.6,67,45.1,47.2,58.5,54.3,40.4,26.2,26.1,47.9,68.6,76.4,92.1,108.9,120.9,117.4,102.4,98.3,90.8,,,,,,,,,,,,,,,TT,O,,2008,4,1,03/07/08,24.218134034,21.391369757,22.22159176,17.24025974,,,,,65.9,51.6,33.3,30.9,61.1,77.6,76.1,85.6,103.3,124,129.8,126,121,111.5,100.5,94.7,90.1,79.6,60,43.9,42.4,41.4,44.1,45.5,47.5,49.9,52.5,56.2,73.4,92.9,90.6,89.8,79.1,61.8,76.8,101.7,114.5,111.7,110,98.6,82.4,73.2,74.7,70.1,61.6,64.9,68.9,77.3,89.6,81.4,79.5,70,63.4,44.8,39.3,56.6,95.6,125.5,130,123.4,119.1,113.8,112.3,112.9,106.2,87.3,81.4,75.6,59,40.6,33.3,13.4,,,,,,,,,,,,,,,,,,,95.3,119.3,121.9,121.3,124,113.7,92.7,65.4,38.2,31.6,37.9,39.8,35.9,38.6,54.9,83.1,106.5,114.4,117.6,127.2,136.8,133.7,129.4,119.9,100.3,75.6,49.3,48.3,74.6,100.9,101.3,98.6,102.5,73.4,53.1,63.5,73.6,69.7,68,74.2,84.2,103.8,117.6,118.3,113.2,120.7,119.7,114.5,112.3,101.2,101.5,90.1,94.9,80.6,67,45.1,47.2,58.5,54.3,40.4,26.2,26.1,47.9,68.6,76.4,92.1,108.9,120.9,117.4,102.4,98.3,90.8,,,,,,,,,,,,,,,5674,6187.1,78.805555556,85.931944444,115,55,5,5
008,02,B,W,2,90.1,1817,24,34,12,26,62,-40,1.5,0,0,0,90,803,66,90,126.2,121.4,116.9,106.6,94.8,84.1,63.2,42,38.9,47.8,58.8,69.5,68.2,61,47.9,39.6,38.9,47.9,62.8,80.9,88.4,88.8,95,102.2,112.4,126.7,128,123.4,118.8,113,97.3,78.2,64.4,65,67.7,66.7,56.5,42.1,36.9,36.5,37,43.8,59.6,84.8,109.6,120.3,121.4,113,110.4,113.1,120.4,120.9,116,112,102.4,93.2,87.3,78.5,67.4,58.4,43.7,34.8,29.7,29.8,39.1,39.9,50.4,68.7,92,115.6,131.5,131,127.2,124.5,123,118.4,111.5,107.4,106.3,98.5,89.4,81.7,67.3,53.4,45.2,44.3,38.4,36.3,36.5,47.3,63.7,55.3,50.1,38.4,28.2,25.1,35.4,57.1,72.7,78,93.4,116.4,119.8,122,130,133.4,131.1,126.6,120.6,115.8,105.5,90.3,74.1,57,39.9,37.8,38.1,36.5,36.4,36.1,39,56.4,83.4,114.4,124,123.2,122.9,125.3,130.4,128,114.3,100.8,85.1,76,76.7,70.3,61.3,43.8,23.4,21.4,43.4,52.9,57.8,65.8,77.6,93.7,106.9,114.1,120.3,126.6,125.1,126.6,124.2,120.3,107.5,94.1,77.6,57,38.2,35.9,43.9,40.9,32.9,29.9,31,33.7,45.1,64.8,77.1,88.5,96,104.4,109.9,117.2,126.8,135.1,133.2,131.4,128.5,123,TT,O,,2008,5,1,03/07/08,20.166481687,21.391369757,22.22159176,17.24025974,,,,,94.8,84.1,63.2,42,38.9,47.8,58.8,69.5,68.2,61,47.9,39.6,38.9,47.9,62.8,80.9,88.4,88.8,95,102.2,112.4,126.7,128,123.4,118.8,113,97.3,78.2,64.4,65,67.7,66.7,56.5,42.1,36.9,36.5,37,43.8,59.6,84.8,109.6,120.3,121.4,113,110.4,113.1,120.4,120.9,116,112,102.4,93.2,87.3,78.5,67.4,58.4,43.7,34.8,29.7,29.8,39.1,39.9,50.4,68.7,92,115.6,131.5,131,127.2,124.5,123,118.4,111.5,107.4,106.3,98.5,89.4,81.7,67.3,53.4,45.2,44.3,38.4,36.3,36.5,47.3,,,,,28.2,25.1,35.4,57.1,72.7,78,93.4,116.4,119.8,122,130,133.4,131.1,126.6,120.6,115.8,105.5,90.3,74.1,57,39.9,37.8,38.1,36.5,36.4,36.1,39,56.4,83.4,114.4,124,123.2,122.9,125.3,130.4,128,114.3,100.8,85.1,76,76.7,70.3,61.3,43.8,23.4,21.4,43.4,52.9,57.8,65.8,77.6,93.7,106.9,114.1,120.3,126.6,125.1,126.6,124.2,120.3,107.5,94.1,77.6,57,38.2,35.9,43.9,40.9,32.9,29.9,31,33.7,45.1,64.8,77.1,88.5,96,104.4,109.9,117.2,126.8,135.1,133.2,131.4,128.5,123,6786.6,7236.3,78.913953488,84.143023256,115,55,5,5
009,02,B,S,2,30.8,531,74,2,43,33,24,-48,1.5,2,0,0,90,803,66,30,63.1,59.3,53.1,49.3,42,40.3,42.7,40.5,35.3,23.7,11.1,15.9,15.5,23.1,25.7,40.2,52.9,50.3,47.3,48.6,37.4,26.7,22.5,26.4,36.6,37.5,29.3,19.2,11.4,5,,,,,,,,,,,,,,,,,,,,,,,,,,,,,,,,,,,,,,,,,,,,,,,,,,,,,,,,,,,,,124.4,114.1,97.8,75.3,58.7,57.4,62.7,80.6,99.2,105.7,87.6,80,80.2,78.3,96.6,119.7,129,130.4,128,121.8,110.3,110.7,110.6,120.7,131.6,132.7,119.8,107.3,98.3,97.6,,,,,,,,,,,,,,,,,,,,,,,,,,,,,,,,,,,,,,,,,,,,,,,,,,,,,,,,,,,,,FS,O,,2008,6,1,03/07/08,17.24025974,21.391369757,22.22159176,17.24025974,,,53.1,49.3,42,40.3,42.7,40.5,35.3,23.7,11.1,15.9,15.5,23.1,25.7,40.2,52.9,50.3,47.3,48.6,37.4,26.7,22.5,26.4,36.6,37.5,29.3,19.2,11.4,5,,,,,,,,,,,,,,,,,,,,,,,,,,,,,,,,,,,,,,,,,,,,,,,,,,,,,,,,,,,,,,,97.8,75.3,58.7,57.4,62.7,80.6,99.2,105.7,87.6,80,80.2,78.3,96.6,119.7,129,130.4,128,121.8,110.3,110.7,110.6,120.7,131.6,132.7,119.8,107.3,98.3,97.6,,,,,,,,,,,,,,,,,,,,,,,,,,,,,,,,,,,,,,,,,,,,,,,,,,,,,,,,,,,,,909.5,2828.6,32.482142857,101.02142857,55,115,3,3
013,01,B,S,2,74.6,1759,36,18,2,10,88,43,1.5,1,0,0,90,803,68,74,55.1,53.7,62.9,66,69.8,75.6,72,59.9,47.1,43.7,49.6,59.9,65.4,75,99.2,102.9,109.2,120.4,131.6,131.6,129.4,122.9,114.1,99.5,81.7,63.5,48.3,43.6,49.6,51.5,50.7,65.8,100.1,119,117.3,113.3,107.7,99,86.7,75.7,66.2,54.9,45.8,42.8,44.8,55,63.7,57.8,48.4,55.9,83.8,117.7,125.6,127.5,130.7,132.4,132.4,130,124.9,118.4,110.3,100.6,89.2,76.5,66.4,57.7,52.7,50,46.5,44,43.3,43.5,31.6,17.9,,,,,,,,,,,,,,,,,123.8,124.5,121.4,114.7,113.2,113.5,115.2,124.6,132.3,137.6,138.5,134.9,126.1,110.5,97.8,84.2,65.3,41.6,37.1,42.7,57.7,72.6,87.7,102.1,114.6,124.7,134.1,138.2,138,130,110.1,80.5,63.7,66.2,66.4,70.4,85,96.2,110,122.3,124.5,132.6,135.9,137.2,134.4,129.5,125.5,122.1,106.2,83.1,59.8,59.6,67,65.5,58.3,47.3,38.8,40.3,53.1,67.8,79.3,91.5,108,119.6,123.5,127.9,133.9,134.2,135.1,135.7,135.4,133.6,120.9,108.7,,,,,,,,,,,,,,,,,TT,O,,2008,1,1,03/06/08,23.579088472,21.815584596,21.535844372,23.214285714,,,62.9,66,69.8,75.6,72,59.9,47.1,43.7,49.6,59.9,65.4,75,99.2,102.9,109.2,120.4,131.6,131.6,129.4,122.9,114.1,99.5,81.7,63.5,48.3,43.6,49.6,51.5,50.7,65.8,100.1,119,117.3,113.3,107.7,99,86.7,75.7,66.2,54.9,45.8,42.8,44.8,55,63.7,57.8,48.4,55.9,83.8,117.7,125.6,127.5,130.7,132.4,132.4,130,124.9,118.4,110.3,100.6,89.2,76.5,66.4,57.7,52.7,50,46.5,44,43.3,43.5,31.6,17.9,,,,,,,,,,,,,,,,,,,121.4,114.7,113.2,113.5,115.2,124.6,132.3,137.6,138.5,134.9,126.1,110.5,97.8,84.2,65.3,41.6,37.1,42.7,57.7,72.6,87.7,102.1,114.6,124.7,134.1,138.2,138,130,110.1,80.5,63.7,66.2,66.4,70.4,85,96.2,110,122.3,124.5,132.6,135.9,137.2,134.4,129.5,125.5,122.1,106.2,83.1,59.8,59.6,67,65.5,58.3,47.3,38.8,40.3,53.1,67.8,79.3,91.5,108,119.6,123.5,127.9,133.9,134.2,135.1,135.7,135.4,133.6,120.9,108.7,,,,,,,,,,,,,,,,,5770.1,7297.5,80.140277778,101.35416667,55,115,3,3
014,01,B,E,2,90.1,1536,22,47,14,23,63,12,1.5,1,0,0,90,803,68,90,54.7,50.9,47.5,42.1,32.4,15.9,36.7,68.8,100,127,132.7,132.6,131.7,128.1,124.2,118.9,117.8,114.9,105.2,90,68.6,50.4,49.8,51.3,46.7,35,12.2,11.1,22.2,40.6,64,83.8,101.3,116.6,116.7,118.6,118.9,120.1,123.6,125.6,129.7,130.8,130.3,124.8,116.7,109.6,108.8,114,129.1,132.5,132.6,131.9,131.8,132.5,130.5,127,122.7,119.1,103.4,78.4,50.9,31.3,43.4,70,83.4,86.6,94.6,106.7,117.3,123.4,128.2,130.5,132.2,132.6,130.8,126.7,121.4,114.1,103.8,94.2,82.3,78.7,71.9,64.7,41.5,28.3,34.3,30,21.9,14.5,131.7,130,126.9,121,111.3,89,59.8,30.8,17.1,34.3,39.7,39.6,37,33,29.7,32.5,48.1,60,65.1,64.9,71.5,93,117.4,129.6,129.5,122.6,102.2,86.1,74,55.1,39.1,45.5,66.2,83.4,82.3,82,80.8,77.4,70.6,57.6,46.2,38,35.2,30.4,23.6,15.4,13.8,20.5,39.1,42.2,40.4,38.4,37.8,37.8,35.7,33.5,30.2,26.9,18,23.5,45,70.2,97.7,116.1,118.4,106.7,94.7,81.5,67.7,54.7,43.7,37.2,37.7,44.5,54.3,65.3,76.9,88.6,91.1,90.8,99.4,115.5,121.4,121.4,117.8,120.8,127.7,121.4,113.6,106.9,TT,O,,2008,2,1,03/06/08,17.04772475,21.815584596,21.535844372,23.214285714,,,47.5,42.1,32.4,15.9,36.7,68.8,100,127,132.7,132.6,131.7,128.1,124.2,118.9,117.8,114.9,105.2,90,68.6,50.4,49.8,51.3,46.7,35,12.2,11.1,22.2,40.6,64,83.8,101.3,116.6,116.7,118.6,118.9,120.1,123.6,125.6,129.7,130.8,130.3,124.8,116.7,109.6,108.8,114,129.1,132.5,132.6,131.9,131.8,132.5,130.5,127,122.7,119.1,103.4,78.4,50.9,31.3,43.4,70,83.4,86.6,94.6,106.7,117.3,123.4,128.2,130.5,132.2,132.6,130.8,126.7,121.4,114.1,103.8,94.2,82.3,78.7,71.9,64.7,41.5,28.3,34.3,30,21.9,14.5,,,126.9,121,111.3,89,59.8,30.8,17.1,34.3,39.7,39.6,37,33,29.7,32.5,48.1,60,65.1,64.9,71.5,93,117.4,129.6,129.5,122.6,102.2,86.1,74,55.1,39.1,45.5,66.2,83.4,82.3,82,80.8,77.4,70.6,57.6,46.2,38,35.2,30.4,23.6,15.4,13.8,20.5,39.1,42.2,40.4,38.4,37.8,37.8,35.7,33.5,30.2,26.9,18,23.5,45,70.2,97.7,116.1,118.4,106.7,94.7,81.5,67.7,54.7,43.7,37.2,37.7,44.5,54.3,65.3,76.9,88.6,91.1,90.8,99.4,115.5,121.4,121.4,117.8,120.8,127.7,121.4,113.6,106.9,8070,5981,91.704545455,67.965909091,55,115,3,3
015,01,B,W,2,90.1,1767,21,26,6,12,82,-92,1.5,0,0,0,90,803,68,90,122.1,123.2,120.7,118.1,113.7,102.9,81.5,55.4,38.2,43.3,49.2,46.3,40,34.8,42,54.7,63.1,74,89.5,107.4,119.1,119.5,122.4,130.1,132.8,130.7,128.8,125.3,119.3,112.6,105,95.4,86.3,79.3,71,59.5,41.7,20.7,15.5,33.6,54.6,70,68.5,69.7,73.8,77.1,79.2,87.3,102.8,109.9,111.6,116.9,128.3,129.1,124.9,120.6,118.8,122.9,125.5,118.3,112.7,104.1,93.2,82.5,70.3,59.7,51,43.4,36.4,45.4,51,58.1,73,91.2,101.2,107.7,117.8,123.4,121.7,121.8,120.9,116.6,109.3,96.3,86.3,75.2,63.4,49.7,36.5,39.1,61.4,53.1,39.9,25.7,20.7,23.2,35.3,58.8,87.9,116,131.8,134.8,132,129.6,130.9,129.5,121.9,109.4,98.8,91,83.5,71.9,59.3,49.9,42.5,36,39,48.9,58.3,71.6,87.4,97.5,109.6,119.3,120.1,112.3,97.9,86.3,84.7,91.7,108.9,121.8,122.6,121.2,119.7,117.2,110.4,102.6,96.9,90.4,78.7,64,57.5,54.6,45.5,34.6,25.2,31.4,45.8,55.7,70.2,84.9,98.7,112.1,121.1,129.7,132.6,131.4,130.7,134.4,131.8,125.5,118.4,111.6,102.1,92.5,83.5,76,69.7,70.5,74.4,75.2,83.2,95.7,110.4,115.4,115.3,117.2,123.3,133.9,TT,O,,2008,3,1,03/06/08,19.61154273,21.815584596,21.535844372,23.214285714,,,,,113.7,102.9,81.5,55.4,38.2,43.3,49.2,46.3,40,34.8,42,54.7,63.1,74,89.5,107.4,119.1,119.5,122.4,130.1,132.8,130.7,128.8,125.3,119.3,112.6,105,95.4,86.3,79.3,71,59.5,41.7,20.7,15.5,33.6,54.6,70,68.5,69.7,73.8,77.1,79.2,87.3,102.8,109.9,111.6,116.9,128.3,129.1,124.9,120.6,118.8,122.9,125.5,118.3,112.7,104.1,93.2,82.5,70.3,59.7,51,43.4,36.4,45.4,51,58.1,73,91.2,101.2,107.7,117.8,123.4,121.7,121.8,120.9,116.6,109.3,96.3,86.3,75.2,63.4,49.7,36.5,39.1,,,,,20.7,23.2,35.3,58.8,87.9,116,131.8,134.8,132,129.6,130.9,129.5,121.9,109.4,98.8,91,83.5,71.9,59.3,49.9,42.5,36,39,48.9,58.3,71.6,87.4,97.5,109.6,119.3,120.1,112.3,97.9,86.3,84.7,91.7,108.9,121.8,122.6,121.2,119.7,117.2,110.4,102.6,96.9,90.4,78.7,64,57.5,54.6,45.5,34.6,25.2,31.4,45.8,55.7,70.2,84.9,98.7,112.1,121.1,129.7,132.6,131.4,130.7,134.4,131.8,125.5,118.4,111.6,102.1,92.5,83.5,76,69.7,70.5,74.4,75.2,83.2,95.7,110.4,115.4,115.3,117.2,123.3,133.9,7353.3,7895.4,85.503488372,91.806976744,115,55,5,5
013,02,B,N,2,90.1,2770,23,29,6,34,60,90,1.5,0,1,0,90,803,68,90,115.5,123,128.1,119,101.2,71.8,47,20.9,40.1,65.6,82.8,104,117.2,123.6,131.2,126.6,111.8,108.9,107.5,92,68,47.1,36.9,50.6,73,91.9,106,112.2,123.8,126.1,115.5,113.3,107.9,84.6,52.4,44.1,43.5,46.8,57.6,72.7,87,100.2,110.9,116.7,124.9,129,131.7,131.9,128.8,121.7,111.4,98.4,84.5,66.9,52,46.9,32.1,20.9,44.7,58.4,63.9,83.5,101.5,104,108.7,120.3,127.6,121.9,115,104.3,87.2,64.5,44.4,26,30.7,44.1,47.9,63.3,89.6,108.8,105.4,98.6,89.1,88,79.7,56.8,22.4,24.1,50.3,60.6,58.7,44.3,34,40.4,59.4,81.3,105.9,110.3,124.9,121.6,97.4,70.2,48.3,32,38.1,38.2,42.3,70.2,87.9,105.1,120.3,130.9,130.3,125.4,115.1,96.5,73.9,49.8,33.5,32.9,39.9,68.1,82.9,83.1,95.2,123.6,137,139.1,135.7,128.2,114.3,97.3,81,63.8,48.3,38.8,38.3,47.5,57.1,73.8,90.4,103.2,110.7,115,127.1,132.1,123,110.5,113.5,114.3,99.2,80.8,66.9,50,25.1,25.9,39.7,50.5,70.8,86.9,100.5,107.9,117.7,118.2,120.2,119.2,103.2,82.7,78.9,81.1,71.5,56.4,32.4,8.9,18.7,43.2,74.8,99.2,106,89.1,TT,O,,2008,4,1,03/07/08,30.743618202,21.815584596,21.535844372,23.214285714,,,,,101.2,71.8,47,20.9,40.1,65.6,82.8,104,117.2,123.6,131.2,126.6,111.8,108.9,107.5,92,68,47.1,36.9,50.6,73,91.9,106,112.2,123.8,126.1,115.5,113.3,107.9,84.6,52.4,44.1,43.5,46.8,57.6,72.7,87,100.2,110.9,116.7,124.9,129,131.7,131.9,128.8,121.7,111.4,98.4,84.5,66.9,52,46.9,32.1,20.9,44.7,58.4,63.9,83.5,101.5,104,108.7,120.3,127.6,121.9,115,104.3,87.2,64.5,44.4,26,30.7,44.1,47.9,63.3,89.6,108.8,105.4,98.6,89.1,88,79.7,56.8,22.4,24.1,50.3,60.6,,,,,59.4,81.3,105.9,110.3,124.9,121.6,97.4,70.2,48.3,32,38.1,38.2,42.3,70.2,87.9,105.1,120.3,130.9,130.3,125.4,115.1,96.5,73.9,49.8,33.5,32.9,39.9,68.1,82.9,83.1,95.2,123.6,137,139.1,135.7,128.2,114.3,97.3,81,63.8,48.3,38.8,38.3,47.5,57.1,73.8,90.4,103.2,110.7,115,127.1,132.1,123,110.5,113.5,114.3,99.2,80.8,66.9,50,25.1,25.9,39.7,50.5,70.8,86.9,100.5,107.9,117.7,118.2,120.2,119.2,103.2,82.7,78.9,81.1,71.5,56.4,32.4,8.9,18.7,43.2,74.8,99.2,106,89.1,7157.4,7200.1,83.225581395,83.722093023,115,55,5,5
014,02,B,W,2,10.9,182,31,15,20,46,34,38,1.5,1,0,0,90,803,68,10,127.8,126.4,119.1,111.7,99,82.2,59.8,46.9,37.9,26.2,,,,,,,,,,,,,,,,,,,,,,,,,,,,,,,,,,,,,,,,,,,,,,,,,,,,,,,,,,,,,,,,,,,,,,,,,,,,,,,,,65.3,67,66.9,65.7,61.1,61.4,78.5,106.4,117.2,111.2,,,,,,,,,,,,,,,,,,,,,,,,,,,,,,,,,,,,,,,,,,,,,,,,,,,,,,,,,,,,,,,,,,,,,,,,,,,,,,,,,TT,O,,2008,5,1,03/07/08,16.697247706,21.815584596,21.535844372,23.214285714,,,,,99,82.2,59.8,46.9,37.9,26.2,,,,,,,,,,,,,,,,,,,,,,,,,,,,,,,,,,,,,,,,,,,,,,,,,,,,,,,,,,,,,,,,,,,,,,,,,,,,,,,,,,,,,61.1,61.4,78.5,106.4,117.2,111.2,,,,,,,,,,,,,,,,,,,,,,,,,,,,,,,,,,,,,,,,,,,,,,,,,,,,,,,,,,,,,,,,,,,,,,,,,,,,,,,,,352,535.8,58.666666667,89.3,115,55,5,5
015,02,B,S,2,30.8,715,33,11,28,26,46,-40,1.5,0,0,0,90,803,68,30,64,57.2,46.2,40.2,31.2,16.5,32.3,46.9,45.2,54.3,70.4,89.1,92.1,84.9,77.2,81.9,84.8,76.3,58,49.1,48.5,42.6,41.2,49.3,63.7,81.8,90.5,98.6,105,107,,,,,,,,,,,,,,,,,,,,,,,,,,,,,,,,,,,,,,,,,,,,,,,,,,,,,,,,,,,,,119.1,105.1,91.4,92.6,92.9,103.7,126.3,136.2,127.1,115.1,99.5,86,74.1,56.9,31.4,19.8,33.9,52.1,77.8,106.6,128.3,134.9,134.6,131,124.9,118,105,91.5,83.8,72.2,,,,,,,,,,,,,,,,,,,,,,,,,,,,,,,,,,,,,,,,,,,,,,,,,,,,,,,,,,,,,FS,O,,2008,6,1,03/07/08,23.214285714,21.815584596,21.535844372,23.214285714,,57.2,46.2,40.2,31.2,16.5,32.3,46.9,45.2,54.3,70.4,89.1,92.1,84.9,77.2,81.9,84.8,76.3,58,49.1,48.5,42.6,41.2,49.3,63.7,81.8,90.5,98.6,105,107,,,,,,,,,,,,,,,,,,,,,,,,,,,,,,,,,,,,,,,,,,,,,,,,,,,,,,,,,,,,,,105.1,91.4,92.6,92.9,103.7,126.3,136.2,127.1,115.1,99.5,86,74.1,56.9,31.4,19.8,33.9,52.1,77.8,106.6,128.3,134.9,134.6,131,124.9,118,105,91.5,83.8,72.2,,,,,,,,,,,,,,,,,,,,,,,,,,,,,,,,,,,,,,,,,,,,,,,,,,,,,,,,,,,,,1862,2752.7,64.206896552,94.920689655,55,115,2,2
016,01,B,S,2,90.1,2110,16,34,15,17,68,-21,1.5,0,1,0,90,803,69,90,40.9,19.7,37.4,68.9,95.6,119.1,123.4,117.2,107.4,98.1,98.9,98.6,99.9,92,84.6,70.5,61.9,65.2,56.1,34.8,26.9,45.4,73,98.6,119.5,123.9,127.6,123.7,123.2,129.9,126.6,122.5,117,109.4,95.8,86.8,73.7,62,44.4,38.9,47.5,54.9,67.7,80.7,91.5,100,108.1,114.2,118.5,125,126.4,127.3,126.4,126.8,128.8,127.4,121.5,115.7,108.4,98.1,84.1,71.9,56.8,48.5,42.9,42.9,49.1,56.6,68.2,83.7,89.7,88.2,83,75.9,60.5,36.7,21.5,51.3,68.8,87.2,107.2,126.5,130.6,127,127.7,127,122.9,116.9,100.9,82.3,96.7,80.3,70.6,60.7,50.8,53.7,51.1,38.9,19.6,14.1,44.8,72.1,94.2,101.3,110.2,117.2,115.4,115.2,106,89.2,71,61.8,60.4,61.2,61.9,49.8,41.5,31.8,30,47.7,58.8,70.1,76,78.8,94.3,108.5,117.2,122.9,129.2,133.2,137.5,132.1,128.4,121.6,111.5,98.1,82.2,70.2,58.9,52.1,44.5,38.9,31.9,34.6,47.2,59.5,69.7,78.5,87.9,91.3,102.3,118.2,124.1,128.8,136.9,136.3,134,126.6,118.8,115.5,106.5,94.1,86.1,74.4,74,78.2,78.1,64.4,53.1,47.3,48.4,53.4,46.8,36.2,32.8,33.9,33.9,34.7,34.8,46.7,TT,O,,2008,1,1,03/06/08,23.418423973,21.703499911,22.135405105,19.543973941,,19.7,37.4,68.9,95.6,119.1,123.4,117.2,107.4,98.1,98.9,98.6,99.9,92,84.6,70.5,61.9,65.2,56.1,34.8,26.9,45.4,73,98.6,119.5,123.9,127.6,123.7,123.2,129.9,126.6,122.5,117,109.4,95.8,86.8,73.7,62,44.4,38.9,47.5,54.9,67.7,80.7,91.5,100,108.1,114.2,118.5,125,126.4,127.3,126.4,126.8,128.8,127.4,121.5,115.7,108.4,98.1,84.1,71.9,56.8,48.5,42.9,42.9,49.1,56.6,68.2,83.7,89.7,88.2,83,75.9,60.5,36.7,21.5,51.3,68.8,87.2,107.2,126.5,130.6,127,127.7,127,122.9,116.9,100.9,82.3,,80.3,70.6,60.7,50.8,53.7,51.1,38.9,19.6,14.1,44.8,72.1,94.2,101.3,110.2,117.2,115.4,115.2,106,89.2,71,61.8,60.4,61.2,61.9,49.8,41.5,31.8,30,47.7,58.8,70.1,76,78.8,94.3,108.5,117.2,122.9,129.2,133.2,137.5,132.1,128.4,121.6,111.5,98.1,82.2,70.2,58.9,52.1,44.5,38.9,31.9,34.6,47.2,59.5,69.7,78.5,87.9,91.3,102.3,118.2,124.1,128.8,136.9,136.3,134,126.6,118.8,115.5,106.5,94.1,86.1,74.4,74,78.2,78.1,64.4,53.1,47.3,48.4,53.4,46.8,36.2,32.8,33.9,33.9,34.7,34.8,46.7,7969.5,6887.4,89.54494382,77.386516854,55,115,2,2
017,01,B,E,2,90.1,1862,26,25,0,20,80,10,1.5,0,0,0,90,803,69,90,59.7,56.8,54.2,42.5,50.2,63.7,82.7,102.4,115.8,121,117.3,117.6,117,113.8,111.8,112.6,109.8,97.3,82.9,56.8,38.1,26.7,33.3,43.4,48,60.3,69.2,75.1,85.2,97.4,106,111.6,119.7,121.3,118.8,117.4,112.4,109.7,109.2,111.7,110.4,102.3,92.7,83.1,72.7,58.1,46.1,42.3,42.3,49.8,56.9,65.6,71.5,69.8,70.5,72.7,64.3,61.2,61.2,57,48.5,37.1,38.1,47.3,50,65.8,88.1,100.4,108.9,118.2,125,129.3,131.8,133,132.7,130.4,127.9,126.2,122.5,117.6,111.4,103.7,95.1,91.3,82.6,77,69.3,63.3,52.5,44.8,128,126.4,123.9,107.3,98.5,87.5,80,73.1,65.1,54.8,46.9,31.6,22.6,28.3,44.5,65.5,87.9,96.2,99.2,100.4,104.2,109.4,127,134.2,130,129.9,124.2,113.8,104.2,95,83.2,70.3,61.5,54.1,50,34.7,19,21,39.8,60.6,86.2,94.6,101.6,107.3,116.2,124.8,132.2,136.5,135.3,135,131.4,128.7,127.4,125.3,124,123.1,116.8,111.9,122.2,130.2,132.7,130.1,132.5,128.4,124.8,118.3,111.2,103.7,92.7,82.4,72.8,63.5,54.5,46.4,39.6,36,40.6,50,58.5,64.8,71.5,88.4,97.3,99.4,106.7,114.5,119.6,126.8,128.6,131.4,TT,O,,2008,2,1,03/06/08,20.665926748,21.703499911,22.135405105,19.543973941,,56.8,54.2,42.5,50.2,63.7,82.7,102.4,115.8,121,117.3,117.6,117,113.8,111.8,112.6,109.8,97.3,82.9,56.8,38.1,26.7,33.3,43.4,48,60.3,69.2,75.1,85.2,97.4,106,111.6,119.7,121.3,118.8,117.4,112.4,109.7,109.2,111.7,110.4,102.3,92.7,83.1,72.7,58.1,46.1,42.3,42.3,49.8,56.9,65.6,71.5,69.8,70.5,72.7,64.3,61.2,61.2,57,48.5,37.1,38.1,47.3,50,65.8,88.1,100.4,108.9,118.2,125,129.3,131.8,133,132.7,130.4,127.9,126.2,122.5,117.6,111.4,103.7,95.1,91.3,82.6,77,69.3,63.3,52.5,44.8,,126.4,123.9,107.3,98.5,87.5,80,73.1,65.1,54.8,46.9,31.6,22.6,28.3,44.5,65.5,87.9,96.2,99.2,100.4,104.2,109.4,127,134.2,130,129.9,124.2,113.8,104.2,95,83.2,70.3,61.5,54.1,50,34.7,19,21,39.8,60.6,86.2,94.6,101.6,107.3,116.2,124.8,132.2,136.5,135.3,135,131.4,128.7,127.4,125.3,124,123.1,116.8,111.9,122.2,130.2,132.7,130.1,132.5,128.4,124.8,118.3,111.2,103.7,92.7,82.4,72.8,63.5,54.5,46.4,39.6,36,40.6,50,58.5,64.8,71.5,88.4,97.3,99.4,106.7,114.5,119.6,126.8,128.6,131.4,7561,8284.2,84.95505618,93.080898876,55,115,2,2
018,01,B,W,2,90.1,1734,21,36,2,10,88,-99,1.5,0,0,0,90,803,69,90,128,131.1,132.1,131.7,131.8,130,126.7,120.6,116.5,111.6,101.6,94.7,87.6,79.7,71.8,61.1,54.7,49.3,41.7,39.9,45.6,48.7,58.1,75.9,94.1,104.3,112.5,119.2,123.7,128,130.3,132,132.8,132.9,131.1,128.8,126.3,124.7,123.1,118.4,113.8,108.6,97.2,77.1,59.5,43.6,30.6,28.9,36,44.5,61.7,78.6,93.2,102.6,112.5,118.8,122.3,129,132.7,132.7,132.7,131.2,124.8,122.9,113,95.4,78,64.8,59.5,64.4,59.3,53.3,46.1,41.7,40.5,41.5,46.6,53.7,60.7,87.7,97.5,105.5,110.9,117.4,123,125.1,129.3,132.5,132.6,132.3,61.9,56.9,48.2,39.9,36.9,38.8,45.6,52,62.7,70.6,75,83,98.5,116.5,117.8,120.2,127.9,131.7,131.8,134.5,135.1,130.3,119.7,111.3,108,100.5,93.3,85.4,76.5,67.5,58.1,48.8,42.2,38.6,37.5,42.5,49.2,53.9,56.8,62.3,62.4,69.2,73,74.1,84,97.9,110.7,122.5,129,128.2,123.2,116.7,109.2,100.8,92.7,81.6,66.9,57,48.9,41.2,37.7,36.3,32.2,31.7,29.1,31.7,48.3,71.5,93.5,115.6,130.6,129.7,130.5,134.3,135,131.8,128.2,124.1,119.3,113.6,107.4,100.3,91.5,84.9,77.5,65.8,56.2,49.6,40.7,37.4,TT,O,,2008,3,1,03/06/08,19.245283019,21.703499911,22.135405105,19.543973941,,,,,131.8,130,126.7,120.6,116.5,111.6,101.6,94.7,87.6,79.7,71.8,61.1,54.7,49.3,41.7,39.9,45.6,48.7,58.1,75.9,94.1,104.3,112.5,119.2,123.7,128,130.3,132,132.8,132.9,131.1,128.8,126.3,124.7,123.1,118.4,113.8,108.6,97.2,77.1,59.5,43.6,30.6,28.9,36,44.5,61.7,78.6,93.2,102.6,112.5,118.8,122.3,129,132.7,132.7,132.7,131.2,124.8,122.9,113,95.4,78,64.8,59.5,64.4,59.3,53.3,46.1,41.7,40.5,41.5,46.6,53.7,60.7,87.7,97.5,105.5,110.9,117.4,123,125.1,129.3,132.5,132.6,132.3,,,,,36.9,38.8,45.6,52,62.7,70.6,75,83,98.5,116.5,117.8,120.2,127.9,131.7,131.8,134.5,135.1,130.3,119.7,111.3,108,100.5,93.3,85.4,76.5,67.5,58.1,48.8,42.2,38.6,37.5,42.5,49.2,53.9,56.8,62.3,62.4,69.2,73,74.1,84,97.9,110.7,122.5,129,128.2,123.2,116.7,109.2,100.8,92.7,81.6,66.9,57,48.9,41.2,37.7,36.3,32.2,31.7,29.1,31.7,48.3,71.5,93.5,115.6,130.6,129.7,130.5,134.3,135,131.8,128.2,124.1,119.3,113.6,107.4,100.3,91.5,84.9,77.5,65.8,56.2,49.6,40.7,37.4,8057.6,7266.2,93.693023256,84.490697674,115,55,5,5
016,02,B,N,2,90.1,2290,22,24,6,17,77,-45,1.5,0,3,0,90,803,69,90,114.8,103.4,87.8,63.9,42.2,34.8,42.9,44.5,57.7,77.1,95.5,111.1,118.3,117.9,117.1,120.8,125.2,118.5,112.1,97.7,85.6,77.1,60.9,44.1,37.8,45.2,51.1,68.5,90.1,102.1,114.6,124.2,129.3,131.1,130.7,130.6,127.4,123.2,117.8,110.4,100.7,89.3,79.2,67.1,55.7,44.8,39.7,46.4,49.9,64.7,82.2,92.1,97.3,100.5,101.3,99.5,96.3,90.8,84.4,95.4,109.4,109.6,98.6,91.5,80.9,73.8,65.4,53.7,44.7,39.3,41.8,48.2,65.2,75.5,79.4,77.5,79.1,83.7,92.6,108.6,123.6,118.6,114.7,108.1,100.3,89.2,80.6,70.6,58.5,47.2,72,71.1,76.9,83.3,100.2,121.4,137.2,133.8,126.2,114.8,103.5,89.9,71.8,48.7,28,28.4,46.6,58.4,75.2,84.7,100,117.3,123.9,124.6,131.3,134.8,128.9,115.9,109.7,97.7,86.8,74.6,62.2,49.3,37.7,37,44,54.6,65.6,77.4,89.4,105.5,112,122.9,130.9,132.3,134.3,134.8,131,121.8,110.3,97.2,81.3,63.1,42.2,19.9,4.6,14.8,45.9,66.6,79.6,84.2,88.7,92,100.8,115.9,126.9,128.5,133.3,133.7,134.2,126.3,110.4,97.5,80.2,61.5,41.1,19.4,9.5,25.4,44.8,53.9,66.1,78.1,86.4,101.4,113.2,120.3,127.9,132.6,TT,O,,2008,4,1,03/07/08,25.416204218,21.703499911,22.135405105,19.543973941,,,,,42.2,34.8,42.9,44.5,57.7,77.1,95.5,111.1,118.3,117.9,117.1,120.8,125.2,118.5,112.1,97.7,85.6,77.1,60.9,44.1,37.8,45.2,51.1,68.5,90.1,102.1,114.6,124.2,129.3,131.1,130.7,130.6,127.4,123.2,117.8,110.4,100.7,89.3,79.2,67.1,55.7,44.8,39.7,46.4,49.9,64.7,82.2,92.1,97.3,100.5,101.3,99.5,96.3,90.8,84.4,95.4,109.4,109.6,98.6,91.5,80.9,73.8,65.4,53.7,44.7,39.3,41.8,48.2,65.2,75.5,79.4,77.5,79.1,83.7,92.6,108.6,123.6,118.6,114.7,108.1,100.3,89.2,80.6,70.6,58.5,47.2,,,,,100.2,121.4,137.2,133.8,126.2,114.8,103.5,89.9,71.8,48.7,28,28.4,46.6,58.4,75.2,84.7,100,117.3,123.9,124.6,131.3,134.8,128.9,115.9,109.7,97.7,86.8,74.6,62.2,49.3,37.7,37,44,54.6,65.6,77.4,89.4,105.5,112,122.9,130.9,132.3,134.3,134.8,131,121.8,110.3,97.2,81.3,63.1,42.2,19.9,4.6,14.8,45.9,66.6,79.6,84.2,88.7,92,100.8,115.9,126.9,128.5,133.3,133.7,134.2,126.3,110.4,97.5,80.2,61.5,41.1,19.4,9.5,25.4,44.8,53.9,66.1,78.1,86.4,101.4,113.2,120.3,127.9,132.6,7342.4,7616.7,85.376744186,88.56627907,115,55,5,5
017,02,B,W,2,90.1,1976,26,24,4,14,82,-64,1.5,0,0,0,90,803,69,90,124.2,120.5,122.3,126.5,128.3,122.6,116.7,112.1,108.6,101,94.7,85.3,74.9,67.4,56.2,43.2,35.5,31.6,44.9,63.2,76.3,82.4,88,95.3,106.7,122.1,132.1,130.4,130.1,128.8,124.3,120.8,115.4,109,101.5,94.5,86.3,77.8,70.7,62.7,54.1,45.5,41,39.3,40.9,49.5,65.7,84.6,94.6,97.7,95.2,89.6,89.2,77.1,60.1,48.1,51.4,62.7,63.4,54.1,44.8,40.8,44.3,46.3,52.9,65.7,80.3,88.2,90.9,98.8,112.1,122.8,125.8,128.5,129.9,130.1,128.2,123.9,117.1,105.5,94.9,82.2,65.2,56.4,46.9,41.6,43.6,45.8,51.4,62.1,58.2,44,32.9,31.8,39,43.3,53,67.1,79.1,91.7,94.8,107.2,121,124,131.2,132.3,128.5,125.7,129.1,124.6,113.7,99.6,84.6,66.9,52.6,48.2,46.6,36.9,35.7,40.6,49.9,60.1,70.3,76.1,89.4,97.5,103.1,111,120.7,125.6,128.8,131.1,133.2,134.2,131.9,129.8,122.4,112.8,103,88.3,72.4,59.7,53.6,48.2,54.5,71.1,87,105.5,123.1,125.8,129,134.5,138.4,133.7,127.4,123.2,120,108.1,88.5,71.6,58.5,50.6,41,35.7,35.5,42.9,50.8,66.9,76.7,87.6,96.1,109.9,114.8,117.6,127.1,135.8,137,131.5,123.6,117.1,TT,O,,2008,5,1,03/07/08,21.931187569,21.703499911,22.135405105,19.543973941,,,,,128.3,122.6,116.7,112.1,108.6,101,94.7,85.3,74.9,67.4,56.2,43.2,35.5,31.6,44.9,63.2,76.3,82.4,88,95.3,106.7,122.1,132.1,130.4,130.1,128.8,124.3,120.8,115.4,109,101.5,94.5,86.3,77.8,70.7,62.7,54.1,45.5,41,39.3,40.9,49.5,65.7,84.6,94.6,97.7,95.2,89.6,89.2,77.1,60.1,48.1,51.4,62.7,63.4,54.1,44.8,40.8,44.3,46.3,52.9,65.7,80.3,88.2,90.9,98.8,112.1,122.8,125.8,128.5,129.9,130.1,128.2,123.9,117.1,105.5,94.9,82.2,65.2,56.4,46.9,41.6,43.6,45.8,51.4,62.1,,,,,39,43.3,53,67.1,79.1,91.7,94.8,107.2,121,124,131.2,132.3,128.5,125.7,129.1,124.6,113.7,99.6,84.6,66.9,52.6,48.2,46.6,36.9,35.7,40.6,49.9,60.1,70.3,76.1,89.4,97.5,103.1,111,120.7,125.6,128.8,131.1,133.2,134.2,131.9,129.8,122.4,112.8,103,88.3,72.4,59.7,53.6,48.2,54.5,71.1,87,105.5,123.1,125.8,129,134.5,138.4,133.7,127.4,123.2,120,108.1,88.5,71.6,58.5,50.6,41,35.7,35.5,42.9,50.8,66.9,76.7,87.6,96.1,109.9,114.8,117.6,127.1,135.8,137,131.5,123.6,117.1,7112.2,8068.2,82.7,93.81627907,115,55,5,5
018,02,B,S,2,30.7,600,47,23,16,27,57,13,1.5,0,0,0,90,803,69,30,58.3,45.6,29,16.1,20.8,31.8,45.7,46.8,34.3,14.6,17.7,34.9,56.5,77.6,95.1,106.8,114.1,120.8,123.8,118.9,114.4,108.2,100.7,92.3,84.7,75.9,68.2,60.2,50.6,43.2,,,,,,,,,,,,,,,,,,,,,,,,,,,,,,,,,,,,,,,,,,,,,,,,,,,,,,,,,,,,,127.1,120.8,113.1,110,110.4,113.3,130.4,133.3,127.5,106.5,90,71.6,51.8,32.7,17.3,12.7,22.5,37.5,51.2,60.4,70,76,82.7,96.2,104.9,113.5,121.1,126.4,128.7,130.7,,,,,,,,,,,,,,,,,,,,,,,,,,,,,,,,,,,,,,,,,,,,,,,,,,,,,,,,,,,,,FS,O,,2008,6,1,03/07/08,19.543973941,21.703499911,22.135405105,19.543973941,,,29,16.1,20.8,31.8,45.7,46.8,34.3,14.6,17.7,34.9,56.5,77.6,95.1,106.8,114.1,120.8,123.8,118.9,114.4,108.2,100.7,92.3,84.7,75.9,68.2,60.2,50.6,43.2,,,,,,,,,,,,,,,,,,,,,,,,,,,,,,,,,,,,,,,,,,,,,,,,,,,,,,,,,,,,,,,113.1,110,110.4,113.3,130.4,133.3,127.5,106.5,90,71.6,51.8,32.7,17.3,12.7,22.5,37.5,51.2,60.4,70,76,82.7,96.2,104.9,113.5,121.1,126.4,128.7,130.7,,,,,,,,,,,,,,,,,,,,,,,,,,,,,,,,,,,,,,,,,,,,,,,,,,,,,,,,,,,,,1903.7,2442.4,67.989285714,87.228571429,55,115,3,3
019,01,B,S,2,90.1,2280,26,30,5,14,81,42,1.5,0,2,0,90,803,72,90,60.2,54.5,37,33.6,40.8,67.5,80.9,86.7,80.9,80.9,74.3,59.5,46,35.1,45.3,44,49.2,78.2,89.8,86.2,95.3,114.1,131.9,131.4,127.2,117.6,103.5,89.2,69,53.9,44.4,47.9,56.7,60.3,75.2,98.8,102.3,109.6,119.3,123,123.8,124.2,110.8,93.6,67.3,64.3,83.9,88,93.6,105.8,117.4,125.4,130.9,132.8,131.2,127.4,120.9,109.2,101.8,93.7,83.6,70.6,57.5,44.2,42.6,47,56.3,70.2,85.1,105,116.8,124.4,128.1,128,132.6,131.1,128.3,125.2,124.1,123.3,120.3,113.5,95.4,65.2,29.1,27.4,52.5,53.8,49,42.8,118.5,120.8,118.1,108.4,112.1,120.4,113.9,108.7,105.8,109.9,108.4,114.8,133.2,128.7,135.8,130.4,116.9,108.7,103.6,83.6,49.2,27.3,40,49.2,65.1,81.5,95.8,111.3,123,131.4,137.9,139.8,136.2,122.3,106.9,102.6,93.7,78.2,66,55.3,45.8,39.5,26.6,11.7,36.8,77.3,108.2,111.7,106.7,98.8,86.3,71.9,56.9,43.6,36.8,43.1,55.2,69.8,92.8,101.2,114.3,125.5,131.8,132.8,137.2,135,128.4,121.6,110.3,101,87.9,75.6,61.8,45,40.3,36.9,44,52,52.1,45.3,34.9,20.4,6.4,30.1,69,108.2,132.5,135,134.7,134.2,TT,O,,2008,1,1,03/06/08,25.305216426,24.172116963,24.136410485,24.350649351,,54.5,37,33.6,40.8,67.5,80.9,86.7,80.9,80.9,74.3,59.5,46,35.1,45.3,44,49.2,78.2,89.8,86.2,95.3,114.1,131.9,131.4,127.2,117.6,103.5,89.2,69,53.9,44.4,47.9,56.7,60.3,75.2,98.8,102.3,109.6,119.3,123,123.8,124.2,110.8,93.6,67.3,64.3,83.9,88,93.6,105.8,117.4,125.4,130.9,132.8,131.2,127.4,120.9,109.2,101.8,93.7,83.6,70.6,57.5,44.2,42.6,47,56.3,70.2,85.1,105,116.8,124.4,128.1,128,132.6,131.1,128.3,125.2,124.1,123.3,120.3,113.5,95.4,65.2,29.1,27.4,52.5,53.8,49,42.8,,120.8,118.1,108.4,112.1,120.4,113.9,108.7,105.8,109.9,108.4,114.8,133.2,128.7,135.8,130.4,116.9,108.7,103.6,83.6,49.2,27.3,40,49.2,65.1,81.5,95.8,111.3,123,131.4,137.9,139.8,136.2,122.3,106.9,102.6,93.7,78.2,66,55.3,45.8,39.5,26.6,11.7,36.8,77.3,108.2,111.7,106.7,98.8,86.3,71.9,56.9,43.6,36.8,43.1,55.2,69.8,92.8,101.2,114.3,125.5,131.8,132.8,137.2,135,128.4,121.6,110.3,101,87.9,75.6,61.8,45,40.3,36.9,44,52,52.1,45.3,34.9,20.4,6.4,30.1,69,108.2,132.5,135,134.7,134.2,7760,7899.8,87.191011236,88.761797753,55,115,2,2
020,01,B,E,2,90.1,2069,22,41,12,24,64,3,1.5,0,1,0,90,803,72,90,55.3,48.9,40.9,33.4,40.7,45.5,35.7,22.7,23.3,53.8,89.9,110.1,108,100.3,85.2,64,45.9,38,37,52.4,73.7,87.9,102.7,120.4,132.3,128.5,120.4,105.8,87.2,67.5,51.8,52.2,66,67.1,64.9,65.6,73.5,95.8,118.6,125.7,127.2,126.9,127.7,128.5,127.2,125.2,121.6,109.6,97.2,88.8,86.2,90.9,104.1,108.6,101.7,92.5,82.4,69.9,56.2,46,42.5,49,60.8,79.7,96,109.6,120.4,126.6,131,132.7,132.2,129.7,126,122.7,122.5,121.6,126.1,122.6,121.1,122.7,125.3,131.4,130.1,119,100.7,73.3,43.2,31.2,45.6,52.1,124.5,118.2,115.8,117.9,124.9,122.5,109.4,94.2,74.3,63.5,75.1,91.9,93.9,94.2,98.7,110.5,125.4,132.4,122.8,110.4,93.7,67.4,39.1,29.2,39.1,39.1,38.2,31.4,19.5,29.8,62.9,98.6,126.4,130.7,119,104.1,84.3,64.8,55,47.3,40.4,32.8,39.3,55.6,61.6,64.5,69.9,68.5,54.1,32.4,13.2,38.1,71.3,83.9,90.7,102.3,115.5,125.4,132.8,137.1,136.7,133.8,126.9,117.7,106.7,94.5,81,68.3,56,44.3,37.8,39.7,49.9,55.8,57,50.7,47.6,43.5,37.2,29.4,35,49.6,50.4,42.4,32.8,39.1,66.7,100.6,128.7,134.6,TT,O,,2008,2,1,03/06/08,22.963374029,24.172116963,24.136410485,24.350649351,,48.9,40.9,33.4,40.7,45.5,35.7,22.7,23.3,53.8,89.9,110.1,108,100.3,85.2,64,45.9,38,37,52.4,73.7,87.9,102.7,120.4,132.3,128.5,120.4,105.8,87.2,67.5,51.8,52.2,66,67.1,64.9,65.6,73.5,95.8,118.6,125.7,127.2,126.9,127.7,128.5,127.2,125.2,121.6,109.6,97.2,88.8,86.2,90.9,104.1,108.6,101.7,92.5,82.4,69.9,56.2,46,42.5,49,60.8,79.7,96,109.6,120.4,126.6,131,132.7,132.2,129.7,126,122.7,122.5,121.6,126.1,122.6,121.1,122.7,125.3,131.4,130.1,119,100.7,73.3,43.2,31.2,45.6,52.1,,118.2,115.8,117.9,124.9,122.5,109.4,94.2,74.3,63.5,75.1,91.9,93.9,94.2,98.7,110.5,125.4,132.4,122.8,110.4,93.7,67.4,39.1,29.2,39.1,39.1,38.2,31.4,19.5,29.8,62.9,98.6,126.4,130.7,119,104.1,84.3,64.8,55,47.3,40.4,32.8,39.3,55.6,61.6,64.5,69.9,68.5,54.1,32.4,13.2,38.1,71.3,83.9,90.7,102.3,115.5,125.4,132.8,137.1,136.7,133.8,126.9,117.7,106.7,94.5,81,68.3,56,44.3,37.8,39.7,49.9,55.8,57,50.7,47.6,43.5,37.2,29.4,35,49.6,50.4,42.4,32.8,39.1,66.7,100.6,128.7,134.6,7949.1,6839.4,89.315730337,76.847191011,55,115,2,2
021,01,B,W,2,90.1,1889,25,32,11,27,62,-80,1.5,0,0,0,90,803,72,90,115,114.6,120.6,130.6,131.4,126.4,118.7,112.4,95.6,74.3,58.8,58.9,57.5,55,45.5,30.3,14,14.7,16.3,19,38.2,50,47.4,49.2,62.7,88.6,115.6,129.1,125,117,107,102.5,106.2,111.6,104.6,92.9,75.2,65.7,67.1,66.6,70.9,77.9,93,110.1,120,128.9,131.5,132.2,129.9,126.2,117.8,106.8,91.7,83.2,78.9,67.1,53.7,41.5,41.8,42.5,51.9,65.1,82,93.8,107.6,118.7,123.7,129.8,132.2,132.3,131.9,129.5,127,123.6,118.6,109.8,94.7,76.6,52.2,28.4,17.9,30.9,43.1,44.6,43.5,48.5,58.9,64.1,70.3,84.1,50.1,38.9,32.1,35.9,36.3,31.7,27,32.5,42.2,63,92.9,120.8,129.8,130.2,126.1,110.5,92.2,81.3,84.1,96.5,116.5,122.3,110.5,91.9,65.3,41,36,40.1,34.9,24,16.1,37,66.8,88.4,87.1,88,98.5,116.7,124.5,122.4,118.1,108.3,99.6,90.2,75.8,64.1,50.4,39.9,36.4,43.6,52.9,67.5,82,103.3,120,124.7,127.7,130.3,136.6,133.7,129.6,120.7,113.5,100.8,90.4,84.2,72.8,62.6,51.8,41.1,37.1,38.2,46,55.7,59.7,55.7,51,54.6,67.9,89.6,108.8,124.9,136.1,138.1,134.7,131.4,123.6,108.5,88.8,70.9,TT,O,,2008,3,1,03/06/08,20.965593785,24.172116963,24.136410485,24.350649351,,,,,131.4,126.4,118.7,112.4,95.6,74.3,58.8,58.9,57.5,55,45.5,30.3,14,14.7,16.3,19,38.2,50,47.4,49.2,62.7,88.6,115.6,129.1,125,117,107,102.5,106.2,111.6,104.6,92.9,75.2,65.7,67.1,66.6,70.9,77.9,93,110.1,120,128.9,131.5,132.2,129.9,126.2,117.8,106.8,91.7,83.2,78.9,67.1,53.7,41.5,41.8,42.5,51.9,65.1,82,93.8,107.6,118.7,123.7,129.8,132.2,132.3,131.9,129.5,127,123.6,118.6,109.8,94.7,76.6,52.2,28.4,17.9,30.9,43.1,44.6,43.5,48.5,58.9,64.1,70.3,84.1,,,,,36.3,31.7,27,32.5,42.2,63,92.9,120.8,129.8,130.2,126.1,110.5,92.2,81.3,84.1,96.5,116.5,122.3,110.5,91.9,65.3,41,36,40.1,34.9,24,16.1,37,66.8,88.4,87.1,88,98.5,116.7,124.5,122.4,118.1,108.3,99.6,90.2,75.8,64.1,50.4,39.9,36.4,43.6,52.9,67.5,82,103.3,120,124.7,127.7,130.3,136.6,133.7,129.6,120.7,113.5,100.8,90.4,84.2,72.8,62.6,51.8,41.1,37.1,38.2,46,55.7,59.7,55.7,51,54.6,67.9,89.6,108.8,124.9,136.1,138.1,134.7,131.4,123.6,108.5,88.8,70.9,7131.9,7219,82.929069767,83.941860465,115,55,5,5
019,02,B,N,2,6.7,176,18,1,0,31,69,-57,1.5,0,0,0,90,803,72,6,116.2,107,95.5,88.2,69.8,40.4,,,,,,,,,,,,,,,,,,,,,,,,,,,,,,,,,,,,,,,,,,,,,,,,,,,,,,,,,,,,,,,,,,,,,,,,,,,,,,,,,,,,,70.1,72.8,87.9,98.7,102.4,110.1,,,,,,,,,,,,,,,,,,,,,,,,,,,,,,,,,,,,,,,,,,,,,,,,,,,,,,,,,,,,,,,,,,,,,,,,,,,,,,,,,,,,,TT,O,,2008,4,1,03/07/08,26.268656716,24.172116963,24.136410485,24.350649351,,,,,69.8,40.4,,,,,,,,,,,,,,,,,,,,,,,,,,,,,,,,,,,,,,,,,,,,,,,,,,,,,,,,,,,,,,,,,,,,,,,,,,,,,,,,,,,,,,,,,102.4,110.1,,,,,,,,,,,,,,,,,,,,,,,,,,,,,,,,,,,,,,,,,,,,,,,,,,,,,,,,,,,,,,,,,,,,,,,,,,,,,,,,,,,,,110.2,212.5,55.1,106.25,115,55,5,5
020,02,B,W,2,55.8,1405,24,25,36,23,41,-30,1.5,0,0,0,90,803,72,55,119.9,109.7,95.1,65.8,43.7,53.7,63.5,77,95.5,111.7,127.7,125.1,118.1,114.4,105.8,93.3,84.2,74.8,69.2,57.9,31.7,20.1,56.3,98.4,128.4,131.5,126,127.7,123,107.8,80.4,49.6,23.5,32.6,32.3,19.5,18.9,29.9,48.4,63.7,62.2,48.9,38.4,63.4,85.6,89.6,86.7,83.7,74,57.3,52.5,52,51.7,40.6,20.5,,,,,,,,,,,,,,,,,,,,,,,,,,,,,,,,,,,,63.6,52.7,48.8,65,98.5,114.4,98,70.9,40.7,20.8,36,41.2,52.5,66.5,81.7,100.9,109.9,115.8,122.4,121.3,105.8,81.5,50.3,43.6,51.3,43.6,31.9,35.2,42,43.2,41.5,52.6,81,91.6,77.9,79.1,91.2,79.5,63.7,69,81.1,77.7,63.2,43.8,56.8,81.3,104.3,109.9,112.5,119.4,130.5,131.7,123.1,100.9,87.6,,,,,,,,,,,,,,,,,,,,,,,,,,,,,,,,,,,,TT,O,,2008,5,1,03/07/08,25.17921147,24.172116963,24.136410485,24.350649351,,,,,43.7,53.7,63.5,77,95.5,111.7,127.7,125.1,118.1,114.4,105.8,93.3,84.2,74.8,69.2,57.9,31.7,20.1,56.3,98.4,128.4,131.5,126,127.7,123,107.8,80.4,49.6,23.5,32.6,32.3,19.5,18.9,29.9,48.4,63.7,62.2,48.9,38.4,63.4,85.6,89.6,86.7,83.7,74,57.3,52.5,52,51.7,40.6,20.5,,,,,,,,,,,,,,,,,,,,,,,,,,,,,,,,,,,,,,,,98.5,114.4,98,70.9,40.7,20.8,36,41.2,52.5,66.5,81.7,100.9,109.9,115.8,122.4,121.3,105.8,81.5,50.3,43.6,51.3,43.6,31.9,35.2,42,43.2,41.5,52.6,81,91.6,77.9,79.1,91.2,79.5,63.7,69,81.1,77.7,63.2,43.8,56.8,81.3,104.3,109.9,112.5,119.4,130.5,131.7,123.1,100.9,87.6,,,,,,,,,,,,,,,,,,,,,,,,,,,,,,,,,,,,3672.4,3970.8,72.007843137,77.858823529,115,55,5,5
021,02,B,S,2,30.8,750,17,32,20,31,49,-81,1.5,0,1,0,90,803,72,30,61.4,62.2,64.7,81.4,102.9,122.4,131,124.2,108.5,80.3,45.1,22.8,40.1,48.1,49.8,65.4,85.1,91.3,94.6,85.5,69.2,54.6,68.5,93.6,114.8,119.4,111.8,97.4,90.6,88.2,,,,,,,,,,,,,,,,,,,,,,,,,,,,,,,,,,,,,,,,,,,,,,,,,,,,,,,,,,,,,128.4,119.9,101.3,81.1,62,50.6,47.2,33.1,14.7,16.6,52.7,91.5,126.4,132.1,120,113.7,113.3,106.4,96,82.9,63.6,46.9,27.4,19.9,41.8,60.4,69.5,78.6,95.9,106.1,,,,,,,,,,,,,,,,,,,,,,,,,,,,,,,,,,,,,,,,,,,,,,,,,,,,,,,,,,,,,FS,O,,2008,6,1,03/07/08,24.350649351,24.172116963,24.136410485,24.350649351,,62.2,64.7,81.4,102.9,122.4,131,124.2,108.5,80.3,45.1,22.8,40.1,48.1,49.8,65.4,85.1,91.3,94.6,85.5,69.2,54.6,68.5,93.6,114.8,119.4,111.8,97.4,90.6,88.2,,,,,,,,,,,,,,,,,,,,,,,,,,,,,,,,,,,,,,,,,,,,,,,,,,,,,,,,,,,,,,119.9,101.3,81.1,62,50.6,47.2,33.1,14.7,16.6,52.7,91.5,126.4,132.1,120,113.7,113.3,106.4,96,82.9,63.6,46.9,27.4,19.9,41.8,60.4,69.5,78.6,95.9,106.1,,,,,,,,,,,,,,,,,,,,,,,,,,,,,,,,,,,,,,,,,,,,,,,,,,,,,,,,,,,,,2413.5,2171.6,83.224137931,74.882758621,55,115,2,2
025,01,B,S,2,7.4,112,93,5,42,46,12,30,1.5,2,0,0,90,803,94,7,58.5,49,38.8,21.9,14,14.2,9.9,,,,,,,,,,,,,,,,,,,,,,,,,,,,,,,,,,,,,,,,,,,,,,,,,,,,,,,,,,,,,,,,,,,,,,,,,,,,,,,,,,,,120.9,115.4,119.2,111.6,100.8,92.1,87.7,,,,,,,,,,,,,,,,,,,,,,,,,,,,,,,,,,,,,,,,,,,,,,,,,,,,,,,,,,,,,,,,,,,,,,,,,,,,,,,,,,,,TT,O,,2008,1,1,03/06/08,15.135135135,19.925563157,18.670416048,26.201298701,,,38.8,21.9,14,14.2,9.9,,,,,,,,,,,,,,,,,,,,,,,,,,,,,,,,,,,,,,,,,,,,,,,,,,,,,,,,,,,,,,,,,,,,,,,,,,,,,,,,,,,,,,119.2,111.6,100.8,92.1,87.7,,,,,,,,,,,,,,,,,,,,,,,,,,,,,,,,,,,,,,,,,,,,,,,,,,,,,,,,,,,,,,,,,,,,,,,,,,,,,,,,,,,,98.8,511.4,19.76,102.28,55,115,3,3
026,01,B,E,2,70.6,1157,17,40,3,19,78,84,1.5,0,0,0,90,803,94,70,55.5,55,50.7,50.5,53.8,60.4,75.6,86,85.4,90.8,101.4,112.4,118,118,128.7,125.9,124.2,127.2,124.9,118.4,108.9,96.6,84.9,77,68.5,58.1,49.9,41.4,30.2,28.4,41.7,62.8,83.9,97.4,98.7,104.4,105.1,103.2,100.4,99.1,97.1,99.5,99.3,102.2,111.2,120.9,122.2,121,117.1,120.6,118.6,121.7,122.5,123.9,125.6,124.9,120.4,120.6,124.3,126.6,124.6,116.9,118.3,121.7,113.7,103.5,87.3,64.7,40.5,17.5,,,,,,,,,,,,,,,,,,,,,131.2,131.8,128.6,129,124.5,119.7,118.2,112.5,100.6,83.5,67.7,53.7,47.7,47.7,33.7,32.6,40.1,56.2,63.2,65.4,74.3,87.2,101.8,115.4,120.7,124.7,130.1,132.3,124.9,117.7,111.4,106.7,103,99.3,88,84.3,84,86.8,88,93.3,94.9,90.5,78.1,66.8,57.1,52.5,50.2,48.6,51,51.6,45.2,45.2,46.4,45,41.9,41.4,34.4,31.5,29.2,31.9,33,33.8,49.9,61.1,64.6,68.8,76.2,88.4,95.1,101.2,,,,,,,,,,,,,,,,,,,,,TT,O,,2008,2,1,03/06/08,16.388101983,19.925563157,18.670416048,26.201298701,,,50.7,50.5,53.8,60.4,75.6,86,85.4,90.8,101.4,112.4,118,118,128.7,125.9,124.2,127.2,124.9,118.4,108.9,96.6,84.9,77,68.5,58.1,49.9,41.4,30.2,28.4,41.7,62.8,83.9,97.4,98.7,104.4,105.1,103.2,100.4,99.1,97.1,99.5,99.3,102.2,111.2,120.9,122.2,121,117.1,120.6,118.6,121.7,122.5,123.9,125.6,124.9,120.4,120.6,124.3,126.6,124.6,116.9,118.3,121.7,113.7,103.5,87.3,64.7,40.5,17.5,,,,,,,,,,,,,,,,,,,,,,,128.6,129,124.5,119.7,118.2,112.5,100.6,83.5,67.7,53.7,47.7,47.7,33.7,32.6,40.1,56.2,63.2,65.4,74.3,87.2,101.8,115.4,120.7,124.7,130.1,132.3,124.9,117.7,111.4,106.7,103,99.3,88,84.3,84,86.8,88,93.3,94.9,90.5,78.1,66.8,57.1,52.5,50.2,48.6,51,51.6,45.2,45.2,46.4,45,41.9,41.4,34.4,31.5,29.2,31.9,33,33.8,49.9,61.1,64.6,68.8,76.2,88.4,95.1,101.2,,,,,,,,,,,,,,,,,,,,,6541.8,5204,96.202941176,76.529411765,55,115,3,3
027,01,B,W,2,90,1701,26,14,11,28,61,37,1.5,0,0,0,90,803,94,89,118.3,109.6,97.9,74.6,45.5,17.2,24.3,46,51.3,60.1,66.3,80,88.3,87.9,94.8,104.7,116.6,126.4,126.1,120.7,117.5,118,118,105.2,91.1,74.6,55.7,43.1,42.1,40.5,31.8,37.4,55.2,58.6,65.6,72.1,73.8,81.2,76,75.4,76.2,76.7,68.5,62.1,57.6,53.3,48.4,42.5,39,43.9,52,57.8,64.4,77.9,93.9,106.9,104,95.8,85,78.7,74,70.1,65.6,60.7,51.5,47.2,50.8,49,53.8,64.4,69.8,68.8,63.7,55.4,50.5,56.7,72.4,89.7,98.1,92.6,93.8,95.1,99.2,105.6,119.9,121.6,118.5,109.3,100.5,,68.3,72,76.9,82.6,90.4,101.7,114.8,129,131.7,129.1,119.7,114.1,104.7,85.5,64.4,43.5,29.9,31.4,31.1,30.3,40.7,58.9,70.2,69.9,80,92.8,104.9,117.5,132.5,133.9,126.6,126.1,133.5,131,128.3,125.4,118.7,117.5,116.6,118.7,121.2,119.3,117.3,119.2,127.9,132.8,136,136.4,133.8,132.6,131.2,125.8,115.7,103.4,96.8,93.2,85.6,67.5,47.7,27.8,24.5,46.2,70.3,93,109.9,124.7,131.6,124.6,120.5,122.2,114.3,102.5,87.7,68.5,49.4,44.6,59.6,83.5,102.6,105.9,104,97.7,89,77.7,73.9,71.8,68.3,53.1,49.4,,TT,O,,2008,3,1,03/06/08,18.9,19.925563157,18.670416048,26.201298701,,,,,,17.2,24.3,46,51.3,60.1,66.3,80,88.3,87.9,94.8,104.7,116.6,126.4,126.1,120.7,117.5,118,118,105.2,91.1,74.6,55.7,43.1,42.1,40.5,31.8,37.4,55.2,58.6,65.6,72.1,73.8,81.2,76,75.4,76.2,76.7,68.5,62.1,57.6,53.3,48.4,42.5,39,43.9,52,57.8,64.4,77.9,93.9,106.9,104,95.8,85,78.7,74,70.1,65.6,60.7,51.5,47.2,50.8,49,53.8,64.4,69.8,68.8,63.7,55.4,50.5,56.7,72.4,89.7,98.1,92.6,93.8,95.1,99.2,105.6,119.9,121.6,118.5,109.3,100.5,,,,,,,101.7,114.8,129,131.7,129.1,119.7,114.1,104.7,85.5,64.4,43.5,29.9,31.4,31.1,30.3,40.7,58.9,70.2,69.9,80,92.8,104.9,117.5,132.5,133.9,126.6,126.1,133.5,131,128.3,125.4,118.7,117.5,116.6,118.7,121.2,119.3,117.3,119.2,127.9,132.8,136,136.4,133.8,132.6,131.2,125.8,115.7,103.4,96.8,93.2,85.6,67.5,47.7,27.8,24.5,46.2,70.3,93,109.9,124.7,131.6,124.6,120.5,122.2,114.3,102.5,87.7,68.5,49.4,44.6,59.6,83.5,102.6,105.9,104,97.7,89,77.7,73.9,71.8,68.3,53.1,49.4,,6296.5,8046.8,74.958333333,95.795238095,115,55,6,6
025,02,B,N,2,90.1,2116,23,20,0,22,78,-40,1.5,0,1,0,90,803,94,90,107.4,90.7,69.8,54.2,46.7,42.2,41.7,40,51.8,75.5,102.1,124.5,126.5,117.4,105.9,102.3,106.9,113.1,106.3,96.5,72.1,58.8,65.8,60.5,49.1,36,32.4,47.2,57.5,66.6,84,104.4,114.1,120.8,128.8,130.3,131.7,130,126,121.4,115.1,105.5,96.3,85.2,74.4,64,52.4,44,42.6,47.2,59.2,75.8,92.3,103.7,114.8,123,129.2,131.8,132.3,130.2,126.6,122.1,115.5,108.2,94.9,90.9,88.4,82.5,70.6,60.9,58.1,52.5,43.9,41.2,44.1,51.2,62.2,78.4,99.6,110.9,109.6,115.7,120.6,123.8,121.5,117.3,115.9,110.4,102.3,86.5,65.3,76.2,101.9,124.2,135.1,136.1,135.9,128.1,108.5,88.2,72,67.6,59.7,40.3,16.4,22.2,55.1,73.9,70.6,70.3,76.5,100.4,123.7,122,122,125.4,125.6,127.1,122.4,109.3,99.4,94.9,85.5,72.8,61.5,47.3,38.6,36.9,45.5,57.4,68.7,80.6,95.5,108.9,119.8,128.2,133.4,135,136.9,135.1,127,116.9,108.8,99.2,88,74.9,61.6,48.1,39,37.2,45.5,57.2,61.8,62.3,69.6,96.4,103.6,101.5,107.9,121.1,130.3,132.8,134.2,135.7,134.8,123.3,107.5,94.2,87.3,87.6,85.8,83.6,74.2,70.1,66.4,69.4,78.7,84.7,85.7,93.9,TT,O,,2008,4,1,03/07/08,23.485016648,19.925563157,18.670416048,26.201298701,,,,,,42.2,41.7,40,51.8,75.5,102.1,124.5,126.5,117.4,105.9,102.3,106.9,113.1,106.3,96.5,72.1,58.8,65.8,60.5,49.1,36,32.4,47.2,57.5,66.6,84,104.4,114.1,120.8,128.8,130.3,131.7,130,126,121.4,115.1,105.5,96.3,85.2,74.4,64,52.4,44,42.6,47.2,59.2,75.8,92.3,103.7,114.8,123,129.2,131.8,132.3,130.2,126.6,122.1,115.5,108.2,94.9,90.9,88.4,82.5,70.6,60.9,58.1,52.5,43.9,41.2,44.1,51.2,62.2,78.4,99.6,110.9,109.6,115.7,120.6,123.8,121.5,117.3,115.9,110.4,102.3,86.5,,,,,,136.1,135.9,128.1,108.5,88.2,72,67.6,59.7,40.3,16.4,22.2,55.1,73.9,70.6,70.3,76.5,100.4,123.7,122,122,125.4,125.6,127.1,122.4,109.3,99.4,94.9,85.5,72.8,61.5,47.3,38.6,36.9,45.5,57.4,68.7,80.6,95.5,108.9,119.8,128.2,133.4,135,136.9,135.1,127,116.9,108.8,99.2,88,74.9,61.6,48.1,39,37.2,45.5,57.2,61.8,62.3,69.6,96.4,103.6,101.5,107.9,121.1,130.3,132.8,134.2,135.7,134.8,123.3,107.5,94.2,87.3,87.6,85.8,83.6,74.2,70.1,66.4,69.4,78.7,84.7,85.7,93.9,7635.5,7669,89.829411765,90.223529412,115,55,6,6
026,02,B,W,2,89.9,1748,23,31,3,18,79,47,1.5,0,0,0,90,803,94,89,121,117.2,111.6,98.6,74.5,46.5,23.4,18.2,34.1,48.1,46.2,46.3,36.4,34.7,46.1,56.3,70.2,85.9,104.9,117.4,122.6,129,131,131.5,130.3,127.2,122.8,117.6,111.3,105,97.8,93.6,86.5,75.4,67.7,57.7,49.4,43.1,41.7,46.8,60.4,74.7,79.9,75.9,81.8,95.9,116,128.4,128.5,131.7,128.2,122.9,120.9,125,117.6,109.2,102.6,103.5,97.4,89.4,81.7,71.7,67.7,62.1,55.5,37.6,23.6,37,48.2,49,62.8,80.4,93.6,97.7,95.8,102.2,116.6,130.6,129.3,124.7,129.6,127.8,120,121.7,122.7,123.3,121.8,120.9,115.5,,69.9,72.3,75.5,78.4,77.9,74.6,76.3,88.2,107.1,127.1,129.1,127.3,126.8,128.3,129.8,119.9,108.4,98.2,91.7,83.3,70.8,60.1,47.6,38.3,36.7,43.4,53,63.3,73.7,84.1,92.3,98,108.3,117,124.4,129.6,133.6,136.3,136.2,134.1,126.1,118.6,110,94.4,78.1,61.6,55.3,57.9,54.4,48.8,38.5,28.4,34.3,48.6,50,53,64.5,91.5,90.4,91,96.6,113.3,123.6,122.6,121.4,115.9,116.8,127.5,132,125,118.4,111.1,106.9,96.2,78.5,59.8,48.4,51,45.1,32.7,34.5,34.4,34.3,47.2,49.8,48.3,54.2,58.6,60.6,,TT,O,,2008,5,1,03/07/08,19.443826474,19.925563157,18.670416048,26.201298701,,,,,,46.5,23.4,18.2,34.1,48.1,46.2,46.3,36.4,34.7,46.1,56.3,70.2,85.9,104.9,117.4,122.6,129,131,131.5,130.3,127.2,122.8,117.6,111.3,105,97.8,93.6,86.5,75.4,67.7,57.7,49.4,43.1,41.7,46.8,60.4,74.7,79.9,75.9,81.8,95.9,116,128.4,128.5,131.7,128.2,122.9,120.9,125,117.6,109.2,102.6,103.5,97.4,89.4,81.7,71.7,67.7,62.1,55.5,37.6,23.6,37,48.2,49,62.8,80.4,93.6,97.7,95.8,102.2,116.6,130.6,129.3,124.7,129.6,127.8,120,121.7,122.7,123.3,121.8,120.9,115.5,,,,,,,74.6,76.3,88.2,107.1,127.1,129.1,127.3,126.8,128.3,129.8,119.9,108.4,98.2,91.7,83.3,70.8,60.1,47.6,38.3,36.7,43.4,53,63.3,73.7,84.1,92.3,98,108.3,117,124.4,129.6,133.6,136.3,136.2,134.1,126.1,118.6,110,94.4,78.1,61.6,55.3,57.9,54.4,48.8,38.5,28.4,34.3,48.6,50,53,64.5,91.5,90.4,91,96.6,113.3,123.6,122.6,121.4,115.9,116.8,127.5,132,125,118.4,111.1,106.9,96.2,78.5,59.8,48.4,51,45.1,32.7,34.5,34.4,34.3,47.2,49.8,48.3,54.2,58.6,60.6,,7463.7,7157,88.853571429,85.202380952,115,55,6,6
027,02,B,S,2,30.8,807,22,32,4,42,54,14,1.5,0,1,0,90,803,94,30,57.3,54.8,50,50.7,55.5,71.6,94.4,113.9,115.1,111.6,109.2,110.5,104.9,93.5,87.1,87.6,84.1,73.2,61.4,45.5,43.1,43.7,41.2,42.8,49,61,78.3,92.2,103.4,114.5,,,,,,,,,,,,,,,,,,,,,,,,,,,,,,,,,,,,,,,,,,,,,,,,,,,,,,,,,,,,,123.6,122.8,118.4,105.8,93.4,80.7,75.8,80.6,76.3,60,44,28.2,14,11.1,38.3,59.2,72.5,81.8,89.6,104,125.6,136.2,136.3,136,132.6,125.7,116.3,107.6,98.2,87.7,,,,,,,,,,,,,,,,,,,,,,,,,,,,,,,,,,,,,,,,,,,,,,,,,,,,,,,,,,,,,FS,O,,2008,6,1,03/07/08,26.201298701,19.925563157,18.670416048,26.201298701,,54.8,50,50.7,55.5,71.6,94.4,113.9,115.1,111.6,109.2,110.5,104.9,93.5,87.1,87.6,84.1,73.2,61.4,45.5,43.1,43.7,41.2,42.8,49,61,78.3,92.2,103.4,114.5,,,,,,,,,,,,,,,,,,,,,,,,,,,,,,,,,,,,,,,,,,,,,,,,,,,,,,,,,,,,,,122.8,118.4,105.8,93.4,80.7,75.8,80.6,76.3,60,44,28.2,14,11.1,38.3,59.2,72.5,81.8,89.6,104,125.6,136.2,136.3,136,132.6,125.7,116.3,107.6,98.2,87.7,,,,,,,,,,,,,,,,,,,,,,,,,,,,,,,,,,,,,,,,,,,,,,,,,,,,,,,,,,,,,2243.8,2558.7,77.372413793,88.231034483,55,115,2,2
001,03,A,N,2,74.5,1815,21,28,3,7,90,-8,1.5,0,0,0,90,803,25,74,117.1,102.8,74.2,48.7,63.8,104.6,122.6,126.7,131.1,132.3,130.8,127.6,123.7,117.6,109.8,101,93.8,83.7,73.9,61.2,50.3,42.6,42.5,48.2,57.3,78.1,94.4,107.6,117.2,124.3,129.3,131.6,132.1,129.5,124.4,118.1,109.9,101.9,93.8,70.7,47.7,59.4,65,75.1,72.6,62.7,52.9,45.1,43.5,46.5,56.1,70.8,88.6,103.6,113.5,121.2,125.7,121.6,121.1,130.5,131.1,127.3,126.3,121.6,111.1,105,97.2,89.6,78.9,70.5,60.5,54.2,49.4,25,,,,,,,,,,,,,,,,,52.2,49.3,48,49.2,57.7,70.5,77,68.1,52.8,41.7,36.4,42.7,54,67,78.9,86.2,98.4,110.7,122.3,129.3,133.7,135.2,136.9,135.1,128.9,119.2,111,100.3,88.1,75.4,61.6,48.4,38.9,38.8,52.2,66.2,81.1,87.6,92.7,96.6,106.9,130.8,129.3,128.6,126.3,126.4,123.5,134.7,138.3,136.9,131.2,123.3,114.1,104.5,93.2,81.3,66.2,45.4,30,35.5,35.9,35.8,44.5,56.9,66.4,85.1,99.2,105,116.4,123.3,129.3,128.3,131.2,117.2,,,,,,,,,,,,,,,,,TT,O,,2008,1,2,03/08/08,24.362416107,19.50520199,20.003644986,17.012987013,,,,,,104.6,122.6,126.7,131.1,132.3,130.8,127.6,123.7,117.6,109.8,101,93.8,83.7,73.9,61.2,50.3,42.6,42.5,48.2,57.3,78.1,94.4,107.6,117.2,124.3,129.3,131.6,132.1,129.5,124.4,118.1,109.9,101.9,93.8,70.7,47.7,59.4,65,75.1,72.6,62.7,52.9,45.1,43.5,46.5,56.1,70.8,88.6,103.6,113.5,121.2,125.7,121.6,121.1,130.5,131.1,127.3,126.3,121.6,111.1,105,97.2,89.6,78.9,70.5,60.5,54.2,49.4,25,,,,,,,,,,,,,,,,,,,,,,70.5,77,68.1,52.8,41.7,36.4,42.7,54,67,78.9,86.2,98.4,110.7,122.3,129.3,133.7,135.2,136.9,135.1,128.9,119.2,111,100.3,88.1,75.4,61.6,48.4,38.9,38.8,52.2,66.2,81.1,87.6,92.7,96.6,106.9,130.8,129.3,128.6,126.3,126.4,123.5,134.7,138.3,136.9,131.2,123.3,114.1,104.5,93.2,81.3,66.2,45.4,30,35.5,35.9,35.8,44.5,56.9,66.4,85.1,99.2,105,116.4,123.3,129.3,128.3,131.2,117.2,,,,,,,,,,,,,,,,,6415.1,6344.8,92.972463768,91.953623188,115,55,6,6
002,03,A,W,2,90.1,1701,6,45,11,10,79,-74,1.5,0,0,0,90,803,25,90,129.4,126.3,130.7,132.4,132.6,128.7,125.1,121.7,117.5,112.7,107.9,102.6,94.5,88.7,90.6,92.4,94.7,101.7,109.4,115.6,120.2,120.6,115.9,110.7,103.3,93.9,87.4,85.4,81.3,76.5,80.1,87.4,95.4,103.4,109.4,114.9,117.1,123.3,130.5,130.9,128.9,125.5,116.9,104.8,84,54.4,26.3,18.6,42.1,57.8,61.4,60.3,51.6,44,31.7,27.9,41,50.1,53.6,61.3,70.5,84,105.2,123.7,128.9,129.1,130.4,131.7,132,130.2,127.6,130.6,128.3,118.4,106.2,106.5,120.9,130.1,132.2,132,128.7,125.3,129.1,126.2,120.9,117.2,110.8,102.9,95,83.9,58.2,48.4,43.8,40.5,39.6,41.7,50.4,58.4,68.2,75.8,83,90.9,96.9,107.7,111.8,109.6,103,94.2,82.6,71,61.4,60.7,69.9,79.3,90.7,97.8,106.7,111.8,114.7,117.2,120,113.4,104,92.7,80.2,66.6,48.8,35.1,35.9,41.2,52.9,69.3,82.2,95.1,98.8,94.2,86.5,79.4,63.4,45.6,37.4,39,58.6,79.9,107.7,121.6,130.1,123.8,106.8,86.3,63,38.7,31.6,39.4,39,35.9,35.8,40.6,43.1,38.6,32.9,35.8,37.7,34.5,24.7,15.2,26.3,37.4,43.8,42.5,36.4,30.5,36.2,42.5,50.4,64.5,76.9,88.6,100.2,108.5,TT,O,,2008,2,2,03/08/08,18.879023307,19.50520199,20.003644986,17.012987013,,,,,,128.7,125.1,121.7,117.5,112.7,107.9,102.6,94.5,88.7,90.6,92.4,94.7,101.7,109.4,115.6,120.2,120.6,115.9,110.7,103.3,93.9,87.4,85.4,81.3,76.5,80.1,87.4,95.4,103.4,109.4,114.9,117.1,123.3,130.5,130.9,128.9,125.5,116.9,104.8,84,54.4,26.3,18.6,42.1,57.8,61.4,60.3,51.6,44,31.7,27.9,41,50.1,53.6,61.3,70.5,84,105.2,123.7,128.9,129.1,130.4,131.7,132,130.2,127.6,130.6,128.3,118.4,106.2,106.5,120.9,130.1,132.2,132,128.7,125.3,129.1,126.2,120.9,117.2,110.8,102.9,95,83.9,,,,,,41.7,50.4,58.4,68.2,75.8,83,90.9,96.9,107.7,111.8,109.6,103,94.2,82.6,71,61.4,60.7,69.9,79.3,90.7,97.8,106.7,111.8,114.7,117.2,120,113.4,104,92.7,80.2,66.6,48.8,35.1,35.9,41.2,52.9,69.3,82.2,95.1,98.8,94.2,86.5,79.4,63.4,45.6,37.4,39,58.6,79.9,107.7,121.6,130.1,123.8,106.8,86.3,63,38.7,31.6,39.4,39,35.9,35.8,40.6,43.1,38.6,32.9,35.8,37.7,34.5,24.7,15.2,26.3,37.4,43.8,42.5,36.4,30.5,36.2,42.5,50.4,64.5,76.9,88.6,100.2,108.5,8472.1,5923.1,99.671764706,69.683529412,115,55,6,6
003,03,A,S,2,84.3,1462,29,13,8,12,80,-113,1.5,0,0,0,90,803,25,84,66.4,72.3,82.8,86.2,81.8,75.4,70.8,64,54,47.2,44.6,45,47,54.4,54.1,51.5,49.9,45.6,37,30.9,41.8,60.6,69.7,75.1,77.3,75.3,77.7,85.6,80.6,65.9,51.5,52.4,71.9,89.1,102.2,114.3,121.1,116.5,108.1,99.4,90.4,79.3,69.4,62.5,59.7,60.4,66.5,72.7,78.6,88.4,97.5,101,101.1,103.2,99,95.2,87.3,76.9,65,54.2,45.7,45.4,49.2,59.5,71.1,81.8,91.8,101.1,109.6,115.9,115.6,112.8,115.6,117.4,122,122.6,114.7,101.4,84,67.2,55.4,44.3,29.7,16,,,,,,,125.1,120.3,116.5,113.2,113.4,115.2,121.2,126.9,130.9,136.5,139.4,139.3,135.9,135.6,132.7,130.2,133.2,135.1,131.4,123.3,124.9,128.7,124,120.6,118.8,118.1,116.9,113.8,102.2,88.7,71.1,49.3,28,23.7,36.2,57.2,76.8,86.2,95.2,102.3,109.2,116.5,124.4,127.9,126.8,125.3,124.3,115.1,109.1,110.5,107.1,103.3,98.8,99.1,99.1,105.1,110.9,118.8,126.3,132.6,137.2,139.9,137.2,134.3,128.4,119.1,108.1,96.1,82.5,71.2,71.9,72.4,68.1,56.7,46.7,34.1,20.2,15.8,33.6,59.9,88.8,110.6,118.7,111,,,,,,,TT,O,,2008,3,2,03/08/08,17.34282325,19.50520199,20.003644986,17.012987013,,,82.8,86.2,81.8,75.4,70.8,64,54,47.2,44.6,45,47,54.4,54.1,51.5,49.9,45.6,37,30.9,41.8,60.6,69.7,75.1,77.3,75.3,77.7,85.6,80.6,65.9,51.5,52.4,71.9,89.1,102.2,114.3,121.1,116.5,108.1,99.4,90.4,79.3,69.4,62.5,59.7,60.4,66.5,72.7,78.6,88.4,97.5,101,101.1,103.2,99,95.2,87.3,76.9,65,54.2,45.7,45.4,49.2,59.5,71.1,81.8,91.8,101.1,109.6,115.9,115.6,112.8,115.6,117.4,122,122.6,114.7,101.4,84,67.2,55.4,44.3,29.7,16,,,,,,,,,116.5,113.2,113.4,115.2,121.2,126.9,130.9,136.5,139.4,139.3,135.9,135.6,132.7,130.2,133.2,135.1,131.4,123.3,124.9,128.7,124,120.6,118.8,118.1,116.9,113.8,102.2,88.7,71.1,49.3,28,23.7,36.2,57.2,76.8,86.2,95.2,102.3,109.2,116.5,124.4,127.9,126.8,125.3,124.3,115.1,109.1,110.5,107.1,103.3,98.8,99.1,99.1,105.1,110.9,118.8,126.3,132.6,137.2,139.9,137.2,134.3,128.4,119.1,108.1,96.1,82.5,71.2,71.9,72.4,68.1,56.7,46.7,34.1,20.2,15.8,33.6,59.9,88.8,110.6,118.7,111,,,,,,,6256.4,8445.3,76.297560976,102.99146341,55,115,3,3
001,04,A,W,2,90.1,1822,26,22,1,3,96,-55,1.5,0,1,0,90,803,25,90,123.3,111.1,95.3,87.2,99.8,114.8,112.3,106.2,98.1,86,75.2,62.6,51.6,43.4,42.7,45.2,59.3,82.2,99.5,111.6,120.1,124.5,127.4,132.4,130.9,128.3,124.5,116.9,111.1,106.8,105,97,90.1,84.8,79.9,65.1,57.5,54.6,42.9,33.9,46.4,46.9,43.4,43.7,44.4,45.2,49,53.2,63.7,74.1,85.2,94.4,102.1,108,117.6,117.2,111.4,108.9,108.1,108.8,111.3,113.3,117.7,122.4,126,128.6,130.5,131.9,132,132.3,131,129.3,126.4,120.6,114.4,106,95.2,85.5,71,61.3,50.3,42.4,44.2,48.4,56.6,68.6,79.2,88.3,97.2,105.3,64.3,43.3,12.4,28.3,62.2,73.8,76.6,82.6,96.5,108.2,117.1,128.1,132.1,133.9,137,131.4,118.6,114.6,106.5,96.1,83.3,68,50.3,42.1,36.2,40.8,49.9,60.1,76.7,82.5,80.4,89.2,106.5,112.5,113.6,117,130.2,133.2,130.9,128.2,133.7,133.3,134.7,138.6,137.8,133,134.4,134.4,132.3,124.8,116,105.8,92.3,73.9,66.6,66.9,70.8,80,83.5,81.3,78.9,72.9,66.1,56,45.8,38.2,35.6,41.7,47.6,47.9,52.1,56.3,65.8,76.4,87.6,96.6,104,113.6,120.8,127.1,132.5,135.3,138.8,137,133.3,129.1,122.2,113.4,101.6,89.1,TT,O,,2008,4,2,03/09/08,20.221975583,19.50520199,20.003644986,17.012987013,,,,,,114.8,112.3,106.2,98.1,86,75.2,62.6,51.6,43.4,42.7,45.2,59.3,82.2,99.5,111.6,120.1,124.5,127.4,132.4,130.9,128.3,124.5,116.9,111.1,106.8,105,97,90.1,84.8,79.9,65.1,57.5,54.6,42.9,33.9,46.4,46.9,43.4,43.7,44.4,45.2,49,53.2,63.7,74.1,85.2,94.4,102.1,108,117.6,117.2,111.4,108.9,108.1,108.8,111.3,113.3,117.7,122.4,126,128.6,130.5,131.9,132,132.3,131,129.3,126.4,120.6,114.4,106,95.2,85.5,71,61.3,50.3,42.4,44.2,48.4,56.6,68.6,79.2,88.3,97.2,105.3,,,,,,73.8,76.6,82.6,96.5,108.2,117.1,128.1,132.1,133.9,137,131.4,118.6,114.6,106.5,96.1,83.3,68,50.3,42.1,36.2,40.8,49.9,60.1,76.7,82.5,80.4,89.2,106.5,112.5,113.6,117,130.2,133.2,130.9,128.2,133.7,133.3,134.7,138.6,137.8,133,134.4,134.4,132.3,124.8,116,105.8,92.3,73.9,66.6,66.9,70.8,80,83.5,81.3,78.9,72.9,66.1,56,45.8,38.2,35.6,41.7,47.6,47.9,52.1,56.3,65.8,76.4,87.6,96.6,104,113.6,120.8,127.1,132.5,135.3,138.8,137,133.3,129.1,122.2,113.4,101.6,89.1,7663.3,8222.1,90.156470588,96.730588235,115,55,6,6
002,04,A,S,2,90.1,1731,21,24,2,12,86,-103,1.5,0,1,0,90,803,25,90,66.1,66.6,73.1,77.7,80.3,83.3,82,87.6,104.9,124.4,131.3,131.2,131.8,131.9,131.6,129.6,125.5,119.9,113.5,105.3,97.6,86.6,70.8,57.7,46.4,43,43.9,50,60.7,69,79.9,80.5,76.5,75.4,63.8,51.7,30.4,23.5,41.7,47.2,51.6,62.9,80.7,95.4,102.7,106.3,104.2,113.1,128.4,130,126,124,121.3,116.4,108.4,98.3,88.5,78.5,71.2,59.4,46.7,40.9,45.4,51,60.8,70.5,79.6,88.9,95.5,102.6,108.5,117.2,122.8,126.7,129.1,125.8,116.6,107,112.3,122.7,122.8,118.1,115.2,107.8,98.9,89.4,78.1,66.6,56.4,48.9,127.4,124.7,117.3,103.3,87.8,67.8,44.1,19.1,11.5,29.2,36.2,36.2,38.1,41.8,48.7,58.2,68.3,78,87.9,97.3,103.7,110.3,115.9,124.1,131.1,136.3,137.5,135.2,131.7,122.4,118.2,116.2,112.9,115.4,116.4,112,110.1,118,135,135.8,130.2,122.1,117.7,109.2,97.3,79.6,58.5,46,51.3,53.4,54.3,57.7,72.4,83.4,92.7,101.9,111,118,120.9,127.9,134.8,135.4,139.2,137.2,134.6,129,120.4,112.2,104,93.6,78.8,65.7,52,42.5,36.5,31.3,30.4,40.9,63.3,74.8,73.4,75.3,83.5,94.7,102.4,110.1,117.7,124,129.5,134.2,TT,O,,2008,5,2,03/09/08,19.211986681,19.50520199,20.003644986,17.012987013,,,73.1,77.7,80.3,83.3,82,87.6,104.9,124.4,131.3,131.2,131.8,131.9,131.6,129.6,125.5,119.9,113.5,105.3,97.6,86.6,70.8,57.7,46.4,43,43.9,50,60.7,69,79.9,80.5,76.5,75.4,63.8,51.7,30.4,23.5,41.7,47.2,51.6,62.9,80.7,95.4,102.7,106.3,104.2,113.1,128.4,130,126,124,121.3,116.4,108.4,98.3,88.5,78.5,71.2,59.4,46.7,40.9,45.4,51,60.8,70.5,79.6,88.9,95.5,102.6,108.5,117.2,122.8,126.7,129.1,125.8,116.6,107,112.3,122.7,122.8,118.1,115.2,107.8,98.9,89.4,78.1,66.6,56.4,48.9,,,117.3,103.3,87.8,67.8,44.1,19.1,11.5,29.2,36.2,36.2,38.1,41.8,48.7,58.2,68.3,78,87.9,97.3,103.7,110.3,115.9,124.1,131.1,136.3,137.5,135.2,131.7,122.4,118.2,116.2,112.9,115.4,116.4,112,110.1,118,135,135.8,130.2,122.1,117.7,109.2,97.3,79.6,58.5,46,51.3,53.4,54.3,57.7,72.4,83.4,92.7,101.9,111,118,120.9,127.9,134.8,135.4,139.2,137.2,134.6,129,120.4,112.2,104,93.6,78.8,65.7,52,42.5,36.5,31.3,30.4,40.9,63.3,74.8,73.4,75.3,83.5,94.7,102.4,110.1,117.7,124,129.5,134.2,7901.3,8115.9,89.7875,92.226136364,55,115,3,3
003,04,A,E,2,30.8,524,1,28,0,0,100,111,1.5,0,0,0,90,803,25,30,64,72,80.8,88.8,97.3,105,112.5,117.9,122.8,126,129,131.1,131.4,131.8,129.1,126.7,124.5,119.3,113.7,105.1,94.2,86.6,79.9,75.1,72.8,75,82.2,90.1,98,107.7,,,,,,,,,,,,,,,,,,,,,,,,,,,,,,,,,,,,,,,,,,,,,,,,,,,,,,,,,,,,,130.2,126.6,120.6,112.3,101.6,88.8,76.9,66.3,55.1,45.6,37.9,36.1,37.4,44.4,50.5,60.5,70.5,76.4,87.5,99.1,106.7,112.9,115.9,118.6,120.6,116.9,109.2,101.1,90.5,79.4,,,,,,,,,,,,,,,,,,,,,,,,,,,,,,,,,,,,,,,,,,,,,,,,,,,,,,,,,,,,,FS,O,,2008,6,2,03/09/08,17.012987013,19.50520199,20.003644986,17.012987013,,,80.8,88.8,97.3,105,112.5,117.9,122.8,126,129,131.1,131.4,131.8,129.1,126.7,124.5,119.3,113.7,105.1,94.2,86.6,79.9,75.1,72.8,75,82.2,90.1,98,107.7,,,,,,,,,,,,,,,,,,,,,,,,,,,,,,,,,,,,,,,,,,,,,,,,,,,,,,,,,,,,,,,120.6,112.3,101.6,88.8,76.9,66.3,55.1,45.6,37.9,36.1,37.4,44.4,50.5,60.5,70.5,76.4,87.5,99.1,106.7,112.9,115.9,118.6,120.6,116.9,109.2,101.1,90.5,79.4,,,,,,,,,,,,,,,,,,,,,,,,,,,,,,,,,,,,,,,,,,,,,,,,,,,,,,,,,,,,,2954.4,2339.3,105.51428571,83.546428571,55,115,3,3
010,03,A,N,2,74.4,1835,28,28,12,18,70,-22,1.5,1,0,0,90,803,43,74,108.3,83.4,72.7,71,57,42.2,41.5,50.8,76.9,96.4,106.6,116,121.8,126,129.6,126.4,121.2,113.8,106.6,97.1,86.3,75.4,68,57.5,39.7,37.9,44.3,45.4,47.3,68.2,83.6,90.1,103.3,114.6,122.6,128.5,131.4,125.9,115.5,115.2,116.8,111.9,104.7,94.8,84.8,64.9,45.5,31.3,40.4,41.4,33.6,33,42.3,63.1,80.1,86.3,99.2,116.9,123.9,126.9,125.6,117.1,100,78.2,54.3,41.6,45.4,61.7,60.7,57.2,50.1,41,28.1,11.3,,,,,,,,,,,,,,,,,52,66.5,101.4,123.5,128.8,131.8,135.2,131.7,120.1,108.6,93.5,73.9,52.7,36.3,36.2,46.3,59.7,72.3,83.1,94.1,109.8,119,121.8,120.2,124.2,132.1,135.9,134.3,125.8,115.7,114.3,110,101.9,90.5,78.1,63.3,48.3,32.5,26.8,46.1,66.1,77.3,86.5,90.4,95.6,103.4,113.1,122.5,135.3,134.8,119.4,100.3,74.6,46.4,19,19.1,38.6,49.3,48.7,41.4,34.2,22.9,17.3,27,51.9,77.7,98.2,121.8,125.8,129.9,131.5,132.2,123.1,105.3,,,,,,,,,,,,,,,,,TT,O,,2008,1,2,03/08/08,24.663978495,24.054640334,24.096838759,23.843648208,,,,,57,42.2,41.5,50.8,76.9,96.4,106.6,116,121.8,126,129.6,126.4,121.2,113.8,106.6,97.1,86.3,75.4,68,57.5,39.7,37.9,44.3,45.4,47.3,68.2,83.6,90.1,103.3,114.6,122.6,128.5,131.4,125.9,115.5,115.2,116.8,111.9,104.7,94.8,84.8,64.9,45.5,31.3,40.4,41.4,33.6,33,42.3,63.1,80.1,86.3,99.2,116.9,123.9,126.9,125.6,117.1,100,78.2,54.3,41.6,45.4,61.7,60.7,57.2,50.1,41,28.1,11.3,,,,,,,,,,,,,,,,,,,,,128.8,131.8,135.2,131.7,120.1,108.6,93.5,73.9,52.7,36.3,36.2,46.3,59.7,72.3,83.1,94.1,109.8,119,121.8,120.2,124.2,132.1,135.9,134.3,125.8,115.7,114.3,110,101.9,90.5,78.1,63.3,48.3,32.5,26.8,46.1,66.1,77.3,86.5,90.4,95.6,103.4,113.1,122.5,135.3,134.8,119.4,100.3,74.6,46.4,19,19.1,38.6,49.3,48.7,41.4,34.2,22.9,17.3,27,51.9,77.7,98.2,121.8,125.8,129.9,131.5,132.2,123.1,105.3,,,,,,,,,,,,,,,,,5644.7,6135.5,80.638571429,87.65,115,55,5,5
011,03,A,W,2,17,366,52,18,63,20,17,-27,1.5,1,0,0,90,803,43,16,115.9,99.9,74.4,44.9,20.2,27.7,42.6,39.2,30.4,17.3,21.1,46.3,62.9,58,41.4,23.2,,,,,,,,,,,,,,,,,,,,,,,,,,,,,,,,,,,,,,,,,,,,,,,,,,,,,,,,,,,,,,,,,,,,,,,,,,,39.9,29.2,34.8,59.7,90.2,119.6,136.7,134.1,124.1,104.2,78.7,52.9,49.4,57,70,88.2,,,,,,,,,,,,,,,,,,,,,,,,,,,,,,,,,,,,,,,,,,,,,,,,,,,,,,,,,,,,,,,,,,,,,,,,,,,TT,O,,2008,2,2,03/08/08,21.529411765,24.054640334,24.096838759,23.843648208,,,,,20.2,27.7,42.6,39.2,30.4,17.3,21.1,46.3,62.9,58,41.4,23.2,,,,,,,,,,,,,,,,,,,,,,,,,,,,,,,,,,,,,,,,,,,,,,,,,,,,,,,,,,,,,,,,,,,,,,,,,,,,,,,90.2,119.6,136.7,134.1,124.1,104.2,78.7,52.9,49.4,57,70,88.2,,,,,,,,,,,,,,,,,,,,,,,,,,,,,,,,,,,,,,,,,,,,,,,,,,,,,,,,,,,,,,,,,,,,,,,,,,,430.3,1105.1,35.858333333,92.091666667,115,55,5,5
012,03,A,S,2,10.6,203,78,2,36,57,7,-61,1.5,0,0,0,90,803,43,10,61,47.4,30.2,16.8,30,27.9,18.5,32.4,33.3,23.3,,,,,,,,,,,,,,,,,,,,,,,,,,,,,,,,,,,,,,,,,,,,,,,,,,,,,,,,,,,,,,,,,,,,,,,,,,,,,,,,,107.3,89.1,90.1,103.7,124.3,118.6,101,97.2,102.8,106.7,,,,,,,,,,,,,,,,,,,,,,,,,,,,,,,,,,,,,,,,,,,,,,,,,,,,,,,,,,,,,,,,,,,,,,,,,,,,,,,,,TT,O,,2008,3,2,03/08/08,19.150943396,24.054640334,24.096838759,23.843648208,,47.4,30.2,16.8,30,27.9,18.5,32.4,33.3,23.3,,,,,,,,,,,,,,,,,,,,,,,,,,,,,,,,,,,,,,,,,,,,,,,,,,,,,,,,,,,,,,,,,,,,,,,,,,,,,,,,,,89.1,90.1,103.7,124.3,118.6,101,97.2,102.8,106.7,,,,,,,,,,,,,,,,,,,,,,,,,,,,,,,,,,,,,,,,,,,,,,,,,,,,,,,,,,,,,,,,,,,,,,,,,,,,,,,,,259.8,933.5,28.866666667,103.72222222,55,115,2,2
010,04,A,W,2,11,340,40,33,24,45,31,-55,1.5,0,0,0,90,803,43,10,122.6,110.3,99.6,89.9,73.2,66.3,59.7,47,20.3,18.6,,,,,,,,,,,,,,,,,,,,,,,,,,,,,,,,,,,,,,,,,,,,,,,,,,,,,,,,,,,,,,,,,,,,,,,,,,,,,,,,,53.2,22.4,19.5,39.3,70.6,103.6,123.7,131.2,111.2,86.2,,,,,,,,,,,,,,,,,,,,,,,,,,,,,,,,,,,,,,,,,,,,,,,,,,,,,,,,,,,,,,,,,,,,,,,,,,,,,,,,,TT,O,,2008,4,2,03/09/08,30.909090909,24.054640334,24.096838759,23.843648208,,,,,73.2,66.3,59.7,47,20.3,18.6,,,,,,,,,,,,,,,,,,,,,,,,,,,,,,,,,,,,,,,,,,,,,,,,,,,,,,,,,,,,,,,,,,,,,,,,,,,,,,,,,,,,,70.6,103.6,123.7,131.2,111.2,86.2,,,,,,,,,,,,,,,,,,,,,,,,,,,,,,,,,,,,,,,,,,,,,,,,,,,,,,,,,,,,,,,,,,,,,,,,,,,,,,,,,285.1,626.5,47.516666667,104.41666667,115,55,5,5
011,04,A,S,2,2.6,63,96,4,20,52,28,22,1.5,1,0,0,90,803,43,2,55.4,28.8,,,,,,,,,,,,,,,,,,,,,,,,,,,,,,,,,,,,,,,,,,,,,,,,,,,,,,,,,,,,,,,,,,,,,,,,,,,,,,,,,,,,,,,,,123.5,114,,,,,,,,,,,,,,,,,,,,,,,,,,,,,,,,,,,,,,,,,,,,,,,,,,,,,,,,,,,,,,,,,,,,,,,,,,,,,,,,,,,,,,,,,TT,O,,2008,5,2,03/09/08,24.230769231,24.054640334,24.096838759,23.843648208,,28.8,,,,,,,,,,,,,,,,,,,,,,,,,,,,,,,,,,,,,,,,,,,,,,,,,,,,,,,,,,,,,,,,,,,,,,,,,,,,,,,,,,,,,,,,,,114,,,,,,,,,,,,,,,,,,,,,,,,,,,,,,,,,,,,,,,,,,,,,,,,,,,,,,,,,,,,,,,,,,,,,,,,,,,,,,,,,,,,,,,,,28.8,114,28.8,114,55,115,2,2
012,04,A,E,2,30.7,732,58,5,65,27,8,43,1.5,2,0,0,90,803,43,30,60.1,51.6,53.4,42.1,30.5,49.3,65.6,58.9,34.7,25.9,31.6,39.9,23.6,13.4,38,42.4,35.9,23.7,27.2,21.2,20.8,14.7,3.8,8.2,28.9,54.9,46.2,28.5,27.2,30,,,,,,,,,,,,,,,,,,,,,,,,,,,,,,,,,,,,,,,,,,,,,,,,,,,,,,,,,,,,,120.2,95.5,74.5,62.2,67,82.4,100.3,116.5,116.4,120,125.7,133.8,118.4,100.6,77.8,65.4,72.9,87.1,100.8,96.4,104.7,109.7,95.7,89.3,79.3,61,60.4,69.9,73.2,78.3,,,,,,,,,,,,,,,,,,,,,,,,,,,,,,,,,,,,,,,,,,,,,,,,,,,,,,,,,,,,,FS,O,,2008,6,2,03/09/08,23.843648208,24.054640334,24.096838759,23.843648208,,51.6,53.4,42.1,30.5,49.3,65.6,58.9,34.7,25.9,31.6,39.9,23.6,13.4,38,42.4,35.9,23.7,27.2,21.2,20.8,14.7,3.8,8.2,28.9,54.9,46.2,28.5,27.2,30,,,,,,,,,,,,,,,,,,,,,,,,,,,,,,,,,,,,,,,,,,,,,,,,,,,,,,,,,,,,,,95.5,74.5,62.2,67,82.4,100.3,116.5,116.4,120,125.7,133.8,118.4,100.6,77.8,65.4,72.9,87.1,100.8,96.4,104.7,109.7,95.7,89.3,79.3,61,60.4,69.9,73.2,78.3,,,,,,,,,,,,,,,,,,,,,,,,,,,,,,,,,,,,,,,,,,,,,,,,,,,,,,,,,,,,,972.1,2635.2,33.520689655,90.868965517,55,115,2,2
013,03,A,N,2,36.5,1053,32,33,48,43,9,47,1.5,0,1,0,90,803,45,36,117.5,103.4,78.9,60.5,52.2,60,44.4,30.7,29.7,48.5,41.9,32.9,32,32.5,43.1,62.8,80.8,92.5,106.2,104.4,88.1,64.9,36.8,25.9,40.4,26.4,12.8,29.7,63.2,88.9,107,110.5,103.1,84.1,58,31.4,,,,,,,,,,,,,,,,,,,,,,,,,,,,,,,,,,,,,,,,,,,,,,,,,,,,,,,45,31.5,43.4,74.2,105.4,122.8,102.4,88.8,69.1,77.9,98.6,122.7,123,105.7,80.3,48.7,19,14.4,39,57.7,69.2,82.4,101.9,116.6,133.1,115.7,91.7,67.1,41.2,18.1,16.6,22.5,28.2,31.6,43.2,64.4,,,,,,,,,,,,,,,,,,,,,,,,,,,,,,,,,,,,,,,,,,,,,,,,,,,,,,,TT,O,,2008,1,2,03/08/08,28.849315068,23.678585927,23.984335685,22.149837134,,,,,52.2,60,44.4,30.7,29.7,48.5,41.9,32.9,32,32.5,43.1,62.8,80.8,92.5,106.2,104.4,88.1,64.9,36.8,25.9,40.4,26.4,12.8,29.7,63.2,88.9,107,110.5,103.1,84.1,58,31.4,,,,,,,,,,,,,,,,,,,,,,,,,,,,,,,,,,,,,,,,,,,,,,,,,,,,,,,,,,,105.4,122.8,102.4,88.8,69.1,77.9,98.6,122.7,123,105.7,80.3,48.7,19,14.4,39,57.7,69.2,82.4,101.9,116.6,133.1,115.7,91.7,67.1,41.2,18.1,16.6,22.5,28.2,31.6,43.2,64.4,,,,,,,,,,,,,,,,,,,,,,,,,,,,,,,,,,,,,,,,,,,,,,,,,,,,,,,1865.8,2319,58.30625,72.46875,115,55,5,5
014,03,A,W,2,5.9,136,24,35,51,31,18,9,1.5,0,0,0,90,803,45,5,119.9,110.5,91.6,62.1,31.4,,,,,,,,,,,,,,,,,,,,,,,,,,,,,,,,,,,,,,,,,,,,,,,,,,,,,,,,,,,,,,,,,,,,,,,,,,,,,,,,,,,,,,55.7,51.7,51,58.8,78.4,,,,,,,,,,,,,,,,,,,,,,,,,,,,,,,,,,,,,,,,,,,,,,,,,,,,,,,,,,,,,,,,,,,,,,,,,,,,,,,,,,,,,,TT,O,,2008,2,2,03/08/08,23.050847458,23.678585927,23.984335685,22.149837134,,,,,31.4,,,,,,,,,,,,,,,,,,,,,,,,,,,,,,,,,,,,,,,,,,,,,,,,,,,,,,,,,,,,,,,,,,,,,,,,,,,,,,,,,,,,,,,,,,78.4,,,,,,,,,,,,,,,,,,,,,,,,,,,,,,,,,,,,,,,,,,,,,,,,,,,,,,,,,,,,,,,,,,,,,,,,,,,,,,,,,,,,,,31.4,78.4,31.4,78.4,115,55,5,5
015,03,A,S,2,85.5,1802,42,10,29,41,30,24,1.5,2,1,0,90,803,45,85,50.8,26.3,24.9,42.6,52.6,74.6,75.1,63.9,46.9,44.7,46.8,41,24,21.6,34.9,56.4,74.4,79.5,61.6,43.7,45.7,48.3,59.5,47.1,49.5,56,70.5,64.6,64,72.5,76.8,72.1,69.2,54.4,32.4,22.5,41.9,50.9,42.5,35.8,30.6,26.3,31.1,48.3,65.5,71.8,83.7,97.3,107.4,115.2,122.7,124.6,118.8,110.6,93.8,70.4,51.3,34.9,29.5,52.8,47.2,39.7,22.3,13.8,28.8,42.4,32.2,21.8,24.1,33.4,58.4,83.6,97,102.7,103.7,104.2,98.4,91.8,75.2,60.5,38.6,32.2,40.5,31.5,17.1,,,,,,123.2,109,90.9,75.7,73.3,83.5,98.5,108.7,120.1,128.5,131.2,130.6,115,100.4,87.6,78.8,87.6,103.7,104.4,97.7,89.8,92.7,111.3,120.5,108.4,107.7,113.6,115.8,98.9,82.4,62.7,46.3,38.2,44.6,63.9,91.1,122.5,123.7,107.2,91,78.8,70.9,86,107.8,124.3,118.6,110.6,101.7,88.3,72.8,58.1,43.2,31.6,21.3,8.8,26.1,49.6,73.8,100.8,126.2,117.5,111.9,103.4,108.2,120.7,132.2,125.5,109.6,102.3,96.5,102.5,111.7,105.4,101.7,99.6,99.3,99.1,100.8,99.7,103,111.7,121.9,135.6,125.8,110.9,,,,,,TT,O,,2008,3,2,03/08/08,21.076023392,23.678585927,23.984335685,22.149837134,,26.3,24.9,42.6,52.6,74.6,75.1,63.9,46.9,44.7,46.8,41,24,21.6,34.9,56.4,74.4,79.5,61.6,43.7,45.7,48.3,59.5,47.1,49.5,56,70.5,64.6,64,72.5,76.8,72.1,69.2,54.4,32.4,22.5,41.9,50.9,42.5,35.8,30.6,26.3,31.1,48.3,65.5,71.8,83.7,97.3,107.4,115.2,122.7,124.6,118.8,110.6,93.8,70.4,51.3,34.9,29.5,52.8,47.2,39.7,22.3,13.8,28.8,42.4,32.2,21.8,24.1,33.4,58.4,83.6,97,102.7,103.7,104.2,98.4,91.8,75.2,60.5,38.6,32.2,40.5,31.5,17.1,,,,,,,109,90.9,75.7,73.3,83.5,98.5,108.7,120.1,128.5,131.2,130.6,115,100.4,87.6,78.8,87.6,103.7,104.4,97.7,89.8,92.7,111.3,120.5,108.4,107.7,113.6,115.8,98.9,82.4,62.7,46.3,38.2,44.6,63.9,91.1,122.5,123.7,107.2,91,78.8,70.9,86,107.8,124.3,118.6,110.6,101.7,88.3,72.8,58.1,43.2,31.6,21.3,8.8,26.1,49.6,73.8,100.8,126.2,117.5,111.9,103.4,108.2,120.7,132.2,125.5,109.6,102.3,96.5,102.5,111.7,105.4,101.7,99.6,99.3,99.1,100.8,99.7,103,111.7,121.9,135.6,125.8,110.9,,,,,,4839.4,8013.3,57.611904762,95.396428571,55,115,2,2
013,04,A,W,2,43.3,1078,30,14,34,25,41,21,1.5,2,0,0,90,803,45,43,122.7,110.3,85.1,49.8,12.9,24.5,52.2,42.3,34.1,13.5,27.8,69.6,93.7,109.6,116.5,119.5,119,119.4,120.3,117.1,109.4,97.7,85.5,82.3,71.9,62.7,48.7,38.8,35,45.9,68.2,62.7,52.9,58,60.5,68.3,48.5,39,42.1,41,39.1,18,9.2,,,,,,,,,,,,,,,,,,,,,,,,,,,,,,,,,,,,,,,,,,,,,,,,66,64.2,58.1,61.1,85.4,105.9,125.7,109.2,100.1,88.8,86.9,93.3,87.2,80.9,66.7,49.9,31.8,25.8,38,47.8,61,77.4,90.8,106.9,116.5,125.3,127.3,130.4,128.8,125.4,116.6,103,88,71.3,67.2,72.2,82.6,72,67,69.4,85.1,104.7,104.3,,,,,,,,,,,,,,,,,,,,,,,,,,,,,,,,,,,,,,,,,,,,,,,,TT,O,,2008,4,2,03/09/08,24.896073903,23.678585927,23.984335685,22.149837134,,,,,12.9,24.5,52.2,42.3,34.1,13.5,27.8,69.6,93.7,109.6,116.5,119.5,119,119.4,120.3,117.1,109.4,97.7,85.5,82.3,71.9,62.7,48.7,38.8,35,45.9,68.2,62.7,52.9,58,60.5,68.3,48.5,39,42.1,41,39.1,18,9.2,,,,,,,,,,,,,,,,,,,,,,,,,,,,,,,,,,,,,,,,,,,,,,,,,,,,85.4,105.9,125.7,109.2,100.1,88.8,86.9,93.3,87.2,80.9,66.7,49.9,31.8,25.8,38,47.8,61,77.4,90.8,106.9,116.5,125.3,127.3,130.4,128.8,125.4,116.6,103,88,71.3,67.2,72.2,82.6,72,67,69.4,85.1,104.7,104.3,,,,,,,,,,,,,,,,,,,,,,,,,,,,,,,,,,,,,,,,,,,,,,,,2477.4,3416.6,63.523076923,87.605128205,115,55,5,5
014,04,A,S,2,68.8,1517,34,19,39,43,18,27,1.5,3,0,0,90,803,45,68,63.8,57.3,40,31.4,26.8,30.1,46.5,65.3,81.8,94.4,93.4,88.9,79.6,64.9,55.7,56.2,62.3,62.9,46.8,31.2,15.5,8.2,13.7,33.9,41.3,32.7,22.2,18.3,10.1,25.8,57,97.3,108.4,107.9,100.3,89.6,73.7,53.5,19.9,20.9,35.8,42.9,52.9,74,96.8,119,127.5,122.1,114.5,97,79.7,63.5,52.2,42.5,28,24.5,39.4,62.8,84.8,93.8,95.8,103.1,111.6,113.3,106.4,90.7,69,44.8,,,,,,,,,,,,,,,,,,,,,,,122.7,121.5,117.2,102.6,86,67.4,52.2,55,74.3,75.7,74.7,65.1,47.8,37.3,44,68.9,97.9,117.7,119.2,112.9,102.6,102.7,107.7,127.6,134.5,121.6,105.2,97.4,88.6,83.2,90.5,99.8,94.9,83.4,69.9,58.2,53.7,59.7,77.3,90.1,83.1,68.2,49.4,22.1,17.6,39.9,53.9,56.8,59.7,66.9,81.9,100.3,119.5,131.1,119.5,108.4,97.8,87.7,79.9,66.1,48.9,33.5,33.3,35.7,39,41.6,50.5,68.6,,,,,,,,,,,,,,,,,,,,,,,TT,O,,2008,5,2,03/09/08,22.049418605,23.678585927,23.984335685,22.149837134,,57.3,40,31.4,26.8,30.1,46.5,65.3,81.8,94.4,93.4,88.9,79.6,64.9,55.7,56.2,62.3,62.9,46.8,31.2,15.5,8.2,13.7,33.9,41.3,32.7,22.2,18.3,10.1,25.8,57,97.3,108.4,107.9,100.3,89.6,73.7,53.5,19.9,20.9,35.8,42.9,52.9,74,96.8,119,127.5,122.1,114.5,97,79.7,63.5,52.2,42.5,28,24.5,39.4,62.8,84.8,93.8,95.8,103.1,111.6,113.3,106.4,90.7,69,44.8,,,,,,,,,,,,,,,,,,,,,,,,121.5,117.2,102.6,86,67.4,52.2,55,74.3,75.7,74.7,65.1,47.8,37.3,44,68.9,97.9,117.7,119.2,112.9,102.6,102.7,107.7,127.6,134.5,121.6,105.2,97.4,88.6,83.2,90.5,99.8,94.9,83.4,69.9,58.2,53.7,59.7,77.3,90.1,83.1,68.2,49.4,22.1,17.6,39.9,53.9,56.8,59.7,66.9,81.9,100.3,119.5,131.1,119.5,108.4,97.8,87.7,79.9,66.1,48.9,33.5,33.3,35.7,39,41.6,50.5,68.6,,,,,,,,,,,,,,,,,,,,,,,4254.1,5246.9,63.494029851,78.311940299,55,115,2,2
015,04,A,E,2,30.7,680,46,18,43,36,21,18,1.5,2,0,0,90,803,45,30,56.6,50.9,40.8,20.5,21.6,57.9,87.5,87.6,74,55.4,32.9,17.4,25.2,44.8,71.1,98.5,116.9,116.4,111.2,101.4,78.8,49.9,23.3,13.7,43.7,42.9,28.9,20.3,9.7,21.7,,,,,,,,,,,,,,,,,,,,,,,,,,,,,,,,,,,,,,,,,,,,,,,,,,,,,,,,,,,,,120.4,114.1,107,91,82.1,85.9,101.6,106.8,104.9,101.4,102,92.7,79,61.7,51.9,53.3,55.7,46.6,40.2,34.8,33.2,50.3,72.8,104,133.1,126.6,109.4,99.7,90.8,91.2,,,,,,,,,,,,,,,,,,,,,,,,,,,,,,,,,,,,,,,,,,,,,,,,,,,,,,,,,,,,,FS,O,,2008,6,2,03/09/08,22.149837134,23.678585927,23.984335685,22.149837134,,50.9,40.8,20.5,21.6,57.9,87.5,87.6,74,55.4,32.9,17.4,25.2,44.8,71.1,98.5,116.9,116.4,111.2,101.4,78.8,49.9,23.3,13.7,43.7,42.9,28.9,20.3,9.7,21.7,,,,,,,,,,,,,,,,,,,,,,,,,,,,,,,,,,,,,,,,,,,,,,,,,,,,,,,,,,,,,,114.1,107,91,82.1,85.9,101.6,106.8,104.9,101.4,102,92.7,79,61.7,51.9,53.3,55.7,46.6,40.2,34.8,33.2,50.3,72.8,104,133.1,126.6,109.4,99.7,90.8,91.2,,,,,,,,,,,,,,,,,,,,,,,,,,,,,,,,,,,,,,,,,,,,,,,,,,,,,,,,,,,,,1564.9,2423.8,53.962068966,83.579310345,55,115,2,2
016,03,A,N,2,31.3,864,27,33,7,56,37,-31,1.5,2,0,0,90,803,51,31,102.1,78.7,72,67.7,49.5,29.9,37.3,47.4,57.4,75.1,89.1,100.7,111.9,126.3,131.3,124.8,110.9,99.1,107.2,115.7,117.9,116.8,114.6,109.9,97.7,78.6,55.5,38.5,39.2,26.4,10.6,,,,,,,,,,,,,,,,,,,,,,,,,,,,,,,,,,,,,,,,,,,,,,,,,,,,,,,,,,,,57.2,78.2,108.1,127.5,125,120.3,131.8,133.6,118.5,106.7,91.6,75,59.2,52,43.4,30.9,19.5,35.8,57.8,57.7,54.4,36.5,21.2,29.4,47.6,67.2,87.4,109,131.3,121.1,102.9,,,,,,,,,,,,,,,,,,,,,,,,,,,,,,,,,,,,,,,,,,,,,,,,,,,,,,,,,,,,TT,O,,2008,1,2,03/08/08,27.603833866,25.413979418,25.669413738,24.136807818,,,,67.7,49.5,29.9,37.3,47.4,57.4,75.1,89.1,100.7,111.9,126.3,131.3,124.8,110.9,99.1,107.2,115.7,117.9,116.8,114.6,109.9,97.7,78.6,55.5,38.5,39.2,26.4,10.6,,,,,,,,,,,,,,,,,,,,,,,,,,,,,,,,,,,,,,,,,,,,,,,,,,,,,,,,,,,,,,,127.5,125,120.3,131.8,133.6,118.5,106.7,91.6,75,59.2,52,43.4,30.9,19.5,35.8,57.8,57.7,54.4,36.5,21.2,29.4,47.6,67.2,87.4,109,131.3,121.1,102.9,,,,,,,,,,,,,,,,,,,,,,,,,,,,,,,,,,,,,,,,,,,,,,,,,,,,,,,,,,,,2287,2194.3,81.678571429,78.367857143,115,55,4,4
017,03,A,W,2,33.5,885,39,21,34,46,20,-50,1.5,1,1,0,90,803,51,33,118.2,107.3,93.8,82.5,65.3,52.6,47.9,39,27,25.7,53.6,63.2,71.3,87.8,111,121.5,121.7,111.1,90.7,58.9,21.7,20.6,42.4,34.6,21,15.4,24.2,46.7,61.9,65.6,66,43.7,19.7,,,,,,,,,,,,,,,,,,,,,,,,,,,,,,,,,,,,,,,,,,,,,,,,,,,,,,,,,,43.7,21.7,9.7,34.8,61.3,87,117.1,127.7,121,114,111.5,95.5,74.8,51.7,41.6,48.9,58.2,63.4,65.9,72.5,91,114.3,132.6,119,98.1,85.1,77.5,75.6,97.4,107.9,118.3,116.8,108.1,,,,,,,,,,,,,,,,,,,,,,,,,,,,,,,,,,,,,,,,,,,,,,,,,,,,,,,,,,TT,O,,2008,2,2,03/08/08,26.417910448,25.413979418,25.669413738,24.136807818,,,,82.5,65.3,52.6,47.9,39,27,25.7,53.6,63.2,71.3,87.8,111,121.5,121.7,111.1,90.7,58.9,21.7,20.6,42.4,34.6,21,15.4,24.2,46.7,61.9,65.6,66,43.7,19.7,,,,,,,,,,,,,,,,,,,,,,,,,,,,,,,,,,,,,,,,,,,,,,,,,,,,,,,,,,,,,34.8,61.3,87,117.1,127.7,121,114,111.5,95.5,74.8,51.7,41.6,48.9,58.2,63.4,65.9,72.5,91,114.3,132.6,119,98.1,85.1,77.5,75.6,97.4,107.9,118.3,116.8,108.1,,,,,,,,,,,,,,,,,,,,,,,,,,,,,,,,,,,,,,,,,,,,,,,,,,,,,,,,,,1714.3,2688.6,57.143333333,89.62,115,55,4,4
018,03,A,S,2,33.2,770,29,17,37,52,11,-73,1.5,2,0,0,90,803,51,33,63.8,62.1,72.3,84.2,85.7,74,53.3,33.1,17.8,14.1,28.5,51.6,69,67.1,57.3,43.8,31.1,49.3,59.1,53.8,46.5,36.9,45.2,62.1,79.9,92.2,94.6,82.6,63.4,41.6,27.5,20,9.9,,,,,,,,,,,,,,,,,,,,,,,,,,,,,,,,,,,,,,,,,,,,,,,,,,,,,,,,,,112.3,96.2,80.3,80.3,88.8,97.2,103.3,112.2,112,96.2,71.1,44.2,27,31.3,41.8,58.7,94.1,123.9,124.3,109.6,93.9,72.6,51.2,39.2,50.2,74.8,94.2,100.2,103.7,109.3,118.4,113.6,102.6,,,,,,,,,,,,,,,,,,,,,,,,,,,,,,,,,,,,,,,,,,,,,,,,,,,,,,,,,,TT,O,,2008,3,2,03/08/08,23.192771084,25.413979418,25.669413738,24.136807818,,62.1,72.3,84.2,85.7,74,53.3,33.1,17.8,14.1,28.5,51.6,69,67.1,57.3,43.8,31.1,49.3,59.1,53.8,46.5,36.9,45.2,62.1,79.9,92.2,94.6,82.6,63.4,41.6,27.5,20,9.9,,,,,,,,,,,,,,,,,,,,,,,,,,,,,,,,,,,,,,,,,,,,,,,,,,,,,,,,,,,96.2,80.3,80.3,88.8,97.2,103.3,112.2,112,96.2,71.1,44.2,27,31.3,41.8,58.7,94.1,123.9,124.3,109.6,93.9,72.6,51.2,39.2,50.2,74.8,94.2,100.2,103.7,109.3,118.4,113.6,102.6,,,,,,,,,,,,,,,,,,,,,,,,,,,,,,,,,,,,,,,,,,,,,,,,,,,,,,,,,,1709.6,2716.4,53.425,84.8875,55,115,2,2
016,04,A,W,2,25.5,657,10,28,29,49,22,-82,1.5,1,0,0,90,803,51,25,123.7,119.8,116.2,113.7,103.4,107.4,108.9,108.3,95.1,70.8,44.2,45.9,62.6,74.5,77.8,79.3,73.1,68.4,63.9,57.4,55.4,68.8,61.1,42.3,20.1,,,,,,,,,,,,,,,,,,,,,,,,,,,,,,,,,,,,,,,,,,,,,,,,,,,,,,,,,,,,,,,,,,48.5,29,26.2,40.6,58.2,73.3,69.8,57.1,39.4,41,66.3,103.1,108.8,101.3,87.5,81.8,59.4,36.7,33.6,55.8,83.9,106.2,117.3,116.6,110.6,,,,,,,,,,,,,,,,,,,,,,,,,,,,,,,,,,,,,,,,,,,,,,,,,,,,,,,,,,,,,,,,,,TT,O,,2008,4,2,03/09/08,25.764705882,25.413979418,25.669413738,24.136807818,,,,113.7,103.4,107.4,108.9,108.3,95.1,70.8,44.2,45.9,62.6,74.5,77.8,79.3,73.1,68.4,63.9,57.4,55.4,68.8,61.1,42.3,20.1,,,,,,,,,,,,,,,,,,,,,,,,,,,,,,,,,,,,,,,,,,,,,,,,,,,,,,,,,,,,,,,,,,,,,40.6,58.2,73.3,69.8,57.1,39.4,41,66.3,103.1,108.8,101.3,87.5,81.8,59.4,36.7,33.6,55.8,83.9,106.2,117.3,116.6,110.6,,,,,,,,,,,,,,,,,,,,,,,,,,,,,,,,,,,,,,,,,,,,,,,,,,,,,,,,,,,,,,,,,,1602.4,1648.3,72.836363636,74.922727273,115,55,4,4
017,04,A,S,2,36.7,931,41,32,45,33,22,7,1.5,1,1,0,90,803,51,36,85,34.8,27.7,43.3,70.3,83.4,91.2,86.5,69,44.5,25.1,22.5,16.2,16,18,30.1,52.6,53.9,46.2,27.8,17.8,25.3,48.9,77,106.2,127.6,126.4,123.9,121.7,122.9,115.3,101.1,82.3,60.4,41,22,,,,,,,,,,,,,,,,,,,,,,,,,,,,,,,,,,,,,,,,,,,,,,,,,,,,,,,104.9,107,83.8,56.3,26.9,16.1,27.2,49.8,67.3,85.9,113.3,113.6,95.5,85.8,79,85,99,112.7,125.6,114.6,96.5,74.4,47.2,18.4,14.5,35.2,31.6,29.7,43.1,59,72.8,83.5,96.8,107.9,118.8,115.6,,,,,,,,,,,,,,,,,,,,,,,,,,,,,,,,,,,,,,,,,,,,,,,,,,,,,,,TT,O,,2008,5,2,03/09/08,25.367847411,25.413979418,25.669413738,24.136807818,,34.8,27.7,43.3,70.3,83.4,91.2,86.5,69,44.5,25.1,22.5,16.2,16,18,30.1,52.6,53.9,46.2,27.8,17.8,25.3,48.9,77,106.2,127.6,126.4,123.9,121.7,122.9,115.3,101.1,82.3,60.4,41,22,,,,,,,,,,,,,,,,,,,,,,,,,,,,,,,,,,,,,,,,,,,,,,,,,,,,,,,,107,83.8,56.3,26.9,16.1,27.2,49.8,67.3,85.9,113.3,113.6,95.5,85.8,79,85,99,112.7,125.6,114.6,96.5,74.4,47.2,18.4,14.5,35.2,31.6,29.7,43.1,59,72.8,83.5,96.8,107.9,118.8,115.6,,,,,,,,,,,,,,,,,,,,,,,,,,,,,,,,,,,,,,,,,,,,,,,,,,,,,,,2178.9,2589.4,62.254285714,73.982857143,55,115,2,2
018,04,A,E,2,30.7,741,43,12,31,44,25,30,1.5,0,0,0,90,803,51,30,56,44.1,33,19.2,35,54.3,45.2,34.5,20.1,25.1,51.7,74.8,93.1,97.4,94.4,85.1,80.8,89.4,110.5,118.9,110.1,100.1,84.6,64.2,53,46.8,40.1,24.1,13.3,22.1,,,,,,,,,,,,,,,,,,,,,,,,,,,,,,,,,,,,,,,,,,,,,,,,,,,,,,,,,,,,,120.9,107,94.2,80.2,84.6,104.3,110.1,96,82.8,76.6,87.7,86,81.3,73.7,58.3,38.9,18.5,34.8,60.1,75.9,81.6,90.6,97.4,105.9,120.2,133.6,134.1,118.7,100.3,100.7,,,,,,,,,,,,,,,,,,,,,,,,,,,,,,,,,,,,,,,,,,,,,,,,,,,,,,,,,,,,,FS,O,,2008,6,2,03/09/08,24.136807818,25.413979418,25.669413738,24.136807818,,44.1,33,19.2,35,54.3,45.2,34.5,20.1,25.1,51.7,74.8,93.1,97.4,94.4,85.1,80.8,89.4,110.5,118.9,110.1,100.1,84.6,64.2,53,46.8,40.1,24.1,13.3,22.1,,,,,,,,,,,,,,,,,,,,,,,,,,,,,,,,,,,,,,,,,,,,,,,,,,,,,,,,,,,,,,107,94.2,80.2,84.6,104.3,110.1,96,82.8,76.6,87.7,86,81.3,73.7,58.3,38.9,18.5,34.8,60.1,75.9,81.6,90.6,97.4,105.9,120.2,133.6,134.1,118.7,100.3,100.7,,,,,,,,,,,,,,,,,,,,,,,,,,,,,,,,,,,,,,,,,,,,,,,,,,,,,,,,,,,,,1765,2534.1,60.862068966,87.382758621,55,115,2,2
019,03,A,N,2,90.1,2366,22,31,2,7,91,-2,1.5,0,0,0,90,803,52,90,118,106.5,77.5,42.7,19.2,34.2,43.8,51,73.7,94.7,113.5,122.9,129.8,132.4,131.4,127.5,122.5,115.2,106.7,94.5,83.1,70.3,56.4,45.6,44,50.4,64,86.1,103.2,116.2,124.4,129.1,129,120.8,117.5,104.8,88.1,64.2,45,42.6,42.8,44.7,52.7,69.7,90.7,106.4,116.9,124.5,129.7,132,131.2,127.9,121.5,114.8,104,95.5,82.5,70.2,57.1,46.3,41.3,44.6,53.9,66.9,76.9,91.2,106.2,116.8,124.2,128.9,131.4,132.4,131.6,129,125.5,123.2,122.9,121.3,122.6,123.8,123.4,116.7,118.2,115.8,106,93.9,82.7,71.1,53.9,43.2,57,52.5,47.5,66.7,97.6,128.7,135.5,123.9,110.3,99.8,88.5,70.9,55.6,43.2,37.1,42.7,55.1,65,79.8,96.8,112.4,124.9,131.3,135.2,137.9,133.5,122.5,113.3,102.2,89.4,75,63.1,58.5,58,64.8,78.2,90.9,105.2,114.3,130.8,136.3,133.3,131.2,121.8,112.2,101.4,88.2,74.7,58,44,36.5,41,54.2,67.9,82.2,95.2,111.1,123.7,132.7,132.4,135,136.8,131.3,123.9,117.8,107.7,100,88.6,75.7,63.3,52.7,43.2,37,39.1,48,53.9,44.4,34.7,31.2,30.1,38.5,49,67.2,82.3,87.7,94.4,108.6,120.6,125.5,131,TT,O,,2008,1,2,03/08/08,26.259711432,24.345253854,24.282708533,24.657980456,,,,,19.2,34.2,43.8,51,73.7,94.7,113.5,122.9,129.8,132.4,131.4,127.5,122.5,115.2,106.7,94.5,83.1,70.3,56.4,45.6,44,50.4,64,86.1,103.2,116.2,124.4,129.1,129,120.8,117.5,104.8,88.1,64.2,45,42.6,42.8,44.7,52.7,69.7,90.7,106.4,116.9,124.5,129.7,132,131.2,127.9,121.5,114.8,104,95.5,82.5,70.2,57.1,46.3,41.3,44.6,53.9,66.9,76.9,91.2,106.2,116.8,124.2,128.9,131.4,132.4,131.6,129,125.5,123.2,122.9,121.3,122.6,123.8,123.4,116.7,118.2,115.8,106,93.9,82.7,71.1,53.9,43.2,,,,,97.6,128.7,135.5,123.9,110.3,99.8,88.5,70.9,55.6,43.2,37.1,42.7,55.1,65,79.8,96.8,112.4,124.9,131.3,135.2,137.9,133.5,122.5,113.3,102.2,89.4,75,63.1,58.5,58,64.8,78.2,90.9,105.2,114.3,130.8,136.3,133.3,131.2,121.8,112.2,101.4,88.2,74.7,58,44,36.5,41,54.2,67.9,82.2,95.2,111.1,123.7,132.7,132.4,135,136.8,131.3,123.9,117.8,107.7,100,88.6,75.7,63.3,52.7,43.2,37,39.1,48,53.9,44.4,34.7,31.2,30.1,38.5,49,67.2,82.3,87.7,94.4,108.6,120.6,125.5,131,8098.4,7649.1,94.16744186,88.943023256,115,55,5,5
020,03,A,W,2,90.1,2153,28,29,15,28,57,-62,1.5,0,2,0,90,803,52,90,128.5,119.3,108.9,95.7,72.7,49.9,26.1,26.9,41.6,44.3,53.7,72.6,92,104,116.6,123.3,127.5,131.7,130.9,128.9,123.2,118.4,110.8,99.4,89,77.1,67,53.1,42.5,43.4,47.7,56.9,67.5,80.2,87.2,83,72.2,58.7,40.1,33.8,40.9,41.5,38.7,36.1,42.4,57.3,77.4,100.8,122.4,131.7,124.4,112.2,95.1,74.8,52.5,42.4,60.2,64.9,66.2,75.1,87.4,104.4,119.3,125.6,127.2,122.4,115,108.4,101,87,74.2,60.5,43.7,42.6,41.1,26.9,16.4,23.4,44.6,67.5,79.6,86.6,87.6,79.3,72.1,60.8,48.4,43,42.3,44.8,59.1,40.1,17.8,11,34.3,56.1,86.3,117.2,135.9,134.2,126.8,118.3,109.6,98.8,86.6,71.8,57.3,46.2,37,37,45.5,59.3,75.8,87.2,105.4,117.8,125.2,130.8,132.6,137.5,134.7,130,123.1,116.4,111.1,106.9,102.3,104.2,111.1,124.6,135.2,130,116.5,96.5,72.9,46.2,19.2,12.8,31.7,37.7,29.4,21.2,20.9,34.1,63,90.2,123.3,115.1,97.1,77.4,54.1,37,32.8,31.5,33.2,35.6,46.3,65.3,82.7,92.7,100.6,110.6,121.8,130.5,135,122,107.3,89.8,72.9,69.1,80.3,95.1,108.3,112.7,119.1,130.4,132.4,135,135.9,134,TT,O,,2008,2,2,03/08/08,23.895671476,24.345253854,24.282708533,24.657980456,,,,,72.7,49.9,26.1,26.9,41.6,44.3,53.7,72.6,92,104,116.6,123.3,127.5,131.7,130.9,128.9,123.2,118.4,110.8,99.4,89,77.1,67,53.1,42.5,43.4,47.7,56.9,67.5,80.2,87.2,83,72.2,58.7,40.1,33.8,40.9,41.5,38.7,36.1,42.4,57.3,77.4,100.8,122.4,131.7,124.4,112.2,95.1,74.8,52.5,42.4,60.2,64.9,66.2,75.1,87.4,104.4,119.3,125.6,127.2,122.4,115,108.4,101,87,74.2,60.5,43.7,42.6,41.1,26.9,16.4,23.4,44.6,67.5,79.6,86.6,87.6,79.3,72.1,60.8,48.4,43,42.3,44.8,,,,,34.3,56.1,86.3,117.2,135.9,134.2,126.8,118.3,109.6,98.8,86.6,71.8,57.3,46.2,37,37,45.5,59.3,75.8,87.2,105.4,117.8,125.2,130.8,132.6,137.5,134.7,130,123.1,116.4,111.1,106.9,102.3,104.2,111.1,124.6,135.2,130,116.5,96.5,72.9,46.2,19.2,12.8,31.7,37.7,29.4,21.2,20.9,34.1,63,90.2,123.3,115.1,97.1,77.4,54.1,37,32.8,31.5,33.2,35.6,46.3,65.3,82.7,92.7,100.6,110.6,121.8,130.5,135,122,107.3,89.8,72.9,69.1,80.3,95.1,108.3,112.7,119.1,130.4,132.4,135,135.9,134,6434,7659.3,74.813953488,89.061627907,115,55,5,5
021,03,A,S,2,90.1,1862,35,22,11,42,47,15,1.5,1,0,0,90,803,52,90,48,29.7,25.3,35.2,52.8,69.8,87.3,98.6,108.5,115.9,118.1,116.2,113.5,107,94.5,79.7,71.2,60.1,47.1,37.3,42.9,48.2,46.2,48.8,61.6,70,76,83.7,96.9,114.4,125,123.2,118.7,114.8,110.8,106.7,111.9,124.3,122.2,109.2,98.5,95.7,89,81.3,71.7,62.3,55,48.7,45.2,44.7,46.4,52.2,57.7,59.1,52.5,46.6,36.8,23.3,13.7,18.6,34.4,44.3,69.2,80,88.6,99.7,113.8,120.5,124.6,120.9,106.7,96.2,71.2,43,27.6,26.6,37.5,46.1,40.2,35.2,29.4,34.4,50.6,73.8,96.7,116.4,130.8,130.6,128.7,124,122.4,118.2,118.4,112.3,103.7,91.5,76.4,59.1,43.8,32.1,23.9,30.1,48,66.3,82.2,97.7,116.2,126.8,129.4,130.1,137.2,136.5,124.3,110.3,102.1,90.1,76.5,56.7,38.3,38.1,47.1,46.3,33.7,21.1,21.4,35.7,56,71.2,72.4,75.3,84.8,100.4,111.4,117.3,123.4,127.9,131.4,135.5,138.8,139.5,138.6,138.2,136.4,127.8,111.9,101.5,91.3,85.5,84.9,94.5,107.1,114.7,115.5,109.4,102.4,95.8,90.7,79.5,73,70.3,62.2,62,70.5,82.1,96.7,112.3,129.3,136.6,127.3,114.5,97.8,78.3,57.3,41.3,35.2,37.3,41.7,35.9,38,49,TT,O,,2008,3,2,03/08/08,20.665926748,24.345253854,24.282708533,24.657980456,,29.7,25.3,35.2,52.8,69.8,87.3,98.6,108.5,115.9,118.1,116.2,113.5,107,94.5,79.7,71.2,60.1,47.1,37.3,42.9,48.2,46.2,48.8,61.6,70,76,83.7,96.9,114.4,125,123.2,118.7,114.8,110.8,106.7,111.9,124.3,122.2,109.2,98.5,95.7,89,81.3,71.7,62.3,55,48.7,45.2,44.7,46.4,52.2,57.7,59.1,52.5,46.6,36.8,23.3,13.7,18.6,34.4,44.3,69.2,80,88.6,99.7,113.8,120.5,124.6,120.9,106.7,96.2,71.2,43,27.6,26.6,37.5,46.1,40.2,35.2,29.4,34.4,50.6,73.8,96.7,116.4,130.8,130.6,128.7,124,,118.2,118.4,112.3,103.7,91.5,76.4,59.1,43.8,32.1,23.9,30.1,48,66.3,82.2,97.7,116.2,126.8,129.4,130.1,137.2,136.5,124.3,110.3,102.1,90.1,76.5,56.7,38.3,38.1,47.1,46.3,33.7,21.1,21.4,35.7,56,71.2,72.4,75.3,84.8,100.4,111.4,117.3,123.4,127.9,131.4,135.5,138.8,139.5,138.6,138.2,136.4,127.8,111.9,101.5,91.3,85.5,84.9,94.5,107.1,114.7,115.5,109.4,102.4,95.8,90.7,79.5,73,70.3,62.2,62,70.5,82.1,96.7,112.3,129.3,136.6,127.3,114.5,97.8,78.3,57.3,41.3,35.2,37.3,41.7,35.9,38,49,6764,7781.2,76,87.429213483,55,115,2,2
019,04,A,W,2,51.5,1318,24,24,1,9,90,49,1.5,0,1,0,90,803,52,51,120.5,113.5,98.8,82.5,65.8,47.3,43,48.1,61.8,76.3,90,101.1,112.1,120.9,124.5,126.3,130.3,130.7,128.8,123.3,115.3,106.5,93.6,78.7,65.1,50.1,44.4,44.6,46.8,54.5,72.2,85.6,87.6,96.4,112.3,114,111.6,105.7,97.6,103.7,126.8,129.7,121.2,116.5,110.1,99.7,87.8,72.6,49.4,32.9,15.8,,,,,,,,,,,,,,,,,,,,,,,,,,,,,,,,,,,,,,,,68.4,72.7,87.1,106.1,122.2,132.6,137.5,134.4,129.5,119.5,106.9,89.6,72.6,57.9,46.5,37.4,36,42.9,54.3,66.9,79.4,93.7,104.1,113,123.6,131.7,138.1,138.6,132.6,124.7,123.7,117,98,80.5,75.7,67.6,64.2,46.8,19.1,18.3,46.7,51.2,51.6,61.7,84.4,100.1,108.3,119.8,127.9,125,111,,,,,,,,,,,,,,,,,,,,,,,,,,,,,,,,,,,,,,,,TT,O,,2008,4,2,03/09/08,25.59223301,24.345253854,24.282708533,24.657980456,,,,,65.8,47.3,43,48.1,61.8,76.3,90,101.1,112.1,120.9,124.5,126.3,130.3,130.7,128.8,123.3,115.3,106.5,93.6,78.7,65.1,50.1,44.4,44.6,46.8,54.5,72.2,85.6,87.6,96.4,112.3,114,111.6,105.7,97.6,103.7,126.8,129.7,121.2,116.5,110.1,99.7,87.8,72.6,49.4,32.9,15.8,,,,,,,,,,,,,,,,,,,,,,,,,,,,,,,,,,,,,,,,,,,,122.2,132.6,137.5,134.4,129.5,119.5,106.9,89.6,72.6,57.9,46.5,37.4,36,42.9,54.3,66.9,79.4,93.7,104.1,113,123.6,131.7,138.1,138.6,132.6,124.7,123.7,117,98,80.5,75.7,67.6,64.2,46.8,19.1,18.3,46.7,51.2,51.6,61.7,84.4,100.1,108.3,119.8,127.9,125,111,,,,,,,,,,,,,,,,,,,,,,,,,,,,,,,,,,,,,,,,4179.1,4264.8,88.917021277,90.740425532,115,55,5,5
020,04,A,S,2,25.6,640,36,23,2,9,89,32,1.5,1,0,0,90,803,52,25,53.3,38.7,35.8,47.6,57.7,70.6,85.6,95.8,104.8,114,121.1,124.4,127,128.4,128.5,121.6,115.4,106.3,95,83.2,68.4,54.2,45.2,33.4,17.5,,,,,,,,,,,,,,,,,,,,,,,,,,,,,,,,,,,,,,,,,,,,,,,,,,,,,,,,,,,,,,,,,,125.1,125.5,130.3,134.8,129.4,120.3,109.7,94.1,76.4,60.7,47.5,36.8,32.2,39.5,53.7,68.7,79.1,95.6,105.8,112.6,120.3,129.8,135.5,128.4,111.7,,,,,,,,,,,,,,,,,,,,,,,,,,,,,,,,,,,,,,,,,,,,,,,,,,,,,,,,,,,,,,,,,,TT,O,,2008,5,2,03/09/08,25,24.345253854,24.282708533,24.657980456,,38.7,35.8,47.6,57.7,70.6,85.6,95.8,104.8,114,121.1,124.4,127,128.4,128.5,121.6,115.4,106.3,95,83.2,68.4,54.2,45.2,33.4,17.5,,,,,,,,,,,,,,,,,,,,,,,,,,,,,,,,,,,,,,,,,,,,,,,,,,,,,,,,,,,,,,,,,,,125.5,130.3,134.8,129.4,120.3,109.7,94.1,76.4,60.7,47.5,36.8,32.2,39.5,53.7,68.7,79.1,95.6,105.8,112.6,120.3,129.8,135.5,128.4,111.7,,,,,,,,,,,,,,,,,,,,,,,,,,,,,,,,,,,,,,,,,,,,,,,,,,,,,,,,,,,,,,,,,,2020.2,2278.4,84.175,94.933333333,55,115,2,2
021,04,A,E,2,30.7,757,18,31,0,20,80,83,1.5,0,0,0,90,803,52,30,66.5,67.1,75.4,89.5,106.2,122.1,126.1,126,127.3,128.2,122.5,114.4,104.8,91.8,79.6,64.8,48,38.9,37,47.4,57.9,66.1,77.6,88.7,93.1,97,100.8,104.7,113.5,130.6,,,,,,,,,,,,,,,,,,,,,,,,,,,,,,,,,,,,,,,,,,,,,,,,,,,,,,,,,,,,,129.5,113.8,96.7,76.8,59.3,49.4,40.3,32.6,35.3,49.2,65.1,77.4,95.7,105.7,110.4,121.6,130.2,131.8,131.1,134.7,132.4,124.4,116.8,106.6,89.9,73.2,54.5,40.5,27.8,36,,,,,,,,,,,,,,,,,,,,,,,,,,,,,,,,,,,,,,,,,,,,,,,,,,,,,,,,,,,,,FS,O,,2008,6,2,03/09/08,24.657980456,24.345253854,24.282708533,24.657980456,,67.1,75.4,89.5,106.2,122.1,126.1,126,127.3,128.2,122.5,114.4,104.8,91.8,79.6,64.8,48,38.9,37,47.4,57.9,66.1,77.6,88.7,93.1,97,100.8,104.7,113.5,130.6,,,,,,,,,,,,,,,,,,,,,,,,,,,,,,,,,,,,,,,,,,,,,,,,,,,,,,,,,,,,,,113.8,96.7,76.8,59.3,49.4,40.3,32.6,35.3,49.2,65.1,77.4,95.7,105.7,110.4,121.6,130.2,131.8,131.1,134.7,132.4,124.4,116.8,106.6,89.9,73.2,54.5,40.5,27.8,36,,,,,,,,,,,,,,,,,,,,,,,,,,,,,,,,,,,,,,,,,,,,,,,,,,,,,,,,,,,,,2647.1,2459.2,91.279310345,84.8,55,115,2,2
022,03,A,N,2,90.1,1577,27,24,3,12,85,83,1.5,0,0,0,90,803,53,90,121.4,122.8,118.9,120.7,127.6,131.3,127.9,123.6,119.5,112.2,102,91.3,81.3,68.4,60.7,51.1,45.8,40.7,32.8,24.6,30.5,51.4,72.3,86.2,100.4,113.3,118.6,120.5,117.4,114.4,115.2,116.1,114.8,101.2,76,53.2,35.5,39.7,48.5,50,56.3,64.8,71.3,79.8,82.2,81,75.4,75.7,88.4,103,102.8,99.9,100.9,105.1,110.8,115.3,118.7,123.1,126,129.3,131.2,130.7,128.7,125.9,123.7,118.5,107.8,99.7,90.3,81.7,69,56.4,47.1,42,38.5,33.8,33.7,32.8,29.7,35.2,42.5,47.5,54,66.9,79,79.3,79,77.5,76.7,68,54.3,48.8,37.6,29.2,34.5,48.2,57.4,69,78.3,87.5,99.1,107.9,114.9,121.6,124.9,128.1,126.6,129.1,125.2,119.2,114.8,113.2,109.5,99.2,87.2,74.4,63.5,58.3,54,58.5,52.6,50.9,44.3,35.7,41.9,59.8,87.6,116.1,129.7,128.3,131.5,131.2,125.8,120.3,115,111.1,103.6,95.9,93.1,94.6,93.7,93,93,86.8,77.7,72.2,64.2,54.1,43,36.6,36.8,43,50.4,54.2,62.5,72,84.3,99.1,107.2,113.7,121.2,126.8,130.3,133.4,132.5,128.7,128.9,128,124.9,130.1,136.9,137.4,132.6,124.9,118.5,111.9,110.5,112.7,113.9,122.2,TT,O,,2008,1,2,03/08/08,17.502774695,14.815478358,15.74600074,10.16286645,,,,,,,127.9,123.6,119.5,112.2,102,91.3,81.3,68.4,60.7,51.1,45.8,40.7,32.8,24.6,30.5,51.4,72.3,86.2,100.4,113.3,118.6,120.5,117.4,114.4,115.2,116.1,114.8,101.2,76,53.2,35.5,39.7,48.5,50,56.3,64.8,71.3,79.8,82.2,81,75.4,75.7,88.4,103,102.8,99.9,100.9,105.1,110.8,115.3,118.7,123.1,126,129.3,131.2,130.7,128.7,125.9,123.7,118.5,107.8,99.7,90.3,81.7,69,56.4,47.1,42,38.5,33.8,33.7,32.8,29.7,35.2,42.5,47.5,54,66.9,79,79.3,79,77.5,76.7,68,,,,,,,57.4,69,78.3,87.5,99.1,107.9,114.9,121.6,124.9,128.1,126.6,129.1,125.2,119.2,114.8,113.2,109.5,99.2,87.2,74.4,63.5,58.3,54,58.5,52.6,50.9,44.3,35.7,41.9,59.8,87.6,116.1,129.7,128.3,131.5,131.2,125.8,120.3,115,111.1,103.6,95.9,93.1,94.6,93.7,93,93,86.8,77.7,72.2,64.2,54.1,43,36.6,36.8,43,50.4,54.2,62.5,72,84.3,99.1,107.2,113.7,121.2,126.8,130.3,133.4,132.5,128.7,128.9,128,124.9,130.1,136.9,137.4,132.6,124.9,118.5,111.9,110.5,112.7,113.9,122.2,6893.7,8134.2,82.067857143,96.835714286,115,55,7,7
023,03,A,W,2,90.1,1443,30,17,0,10,90,54,1.5,0,0,0,90,803,53,90,125.9,122.5,117.6,112.4,104,96.6,88.1,77.4,65.2,54.7,47.5,42.7,38.4,36.9,41.9,46.3,53.5,60.7,66.2,69,66.6,63.4,63.3,69.3,81.8,101.7,111.7,113.3,116.6,120.3,124.2,127.1,125.3,127.6,130.9,131,129.7,127.1,122.3,121.8,117.8,113.9,110.9,109.4,105.6,101.6,95.8,88.7,84.7,80.9,78.3,75,68.3,61.1,50.6,44.2,42.8,42.9,45.3,44.9,49.5,55.6,59.4,69,74.4,84.7,87.4,85.5,83.2,68,54.4,36.8,32.8,42,40.4,41.9,44.7,52.2,58.9,67.9,77.9,85.3,97.3,101.5,112.3,120.4,123.7,125.3,124.5,123.4,65.3,67.4,65.8,77.7,90.1,103.9,111.1,117.7,123.2,128.3,129.1,129.2,131.7,132,135.8,137.2,137.7,135.6,132.5,128.7,122.3,116.1,109,98.2,86.6,83.1,80,76.4,68.5,60.3,52.1,43.8,39.5,35.7,35.9,37.7,39,41,50.4,70.7,78.3,77,78.7,79.7,84.8,95.4,104.4,106.4,106.9,105.8,105.7,112.7,121,125.1,129.3,128.4,133.2,137.4,138.9,136.1,136.9,136,132,130.6,121.5,115,101.8,93.8,86.2,81.9,89,103.8,121.5,135.7,134.4,136,136.3,137,133.7,128.6,121.8,109.2,100.9,85,72.4,61,53.5,47.8,42.6,39.8,TT,O,,2008,2,2,03/08/08,16.015538291,14.815478358,15.74600074,10.16286645,,,,,,,88.1,77.4,65.2,54.7,47.5,42.7,38.4,36.9,41.9,46.3,53.5,60.7,66.2,69,66.6,63.4,63.3,69.3,81.8,101.7,111.7,113.3,116.6,120.3,124.2,127.1,125.3,127.6,130.9,131,129.7,127.1,122.3,121.8,117.8,113.9,110.9,109.4,105.6,101.6,95.8,88.7,84.7,80.9,78.3,75,68.3,61.1,50.6,44.2,42.8,42.9,45.3,44.9,49.5,55.6,59.4,69,74.4,84.7,87.4,85.5,83.2,68,54.4,36.8,32.8,42,40.4,41.9,44.7,52.2,58.9,67.9,77.9,85.3,97.3,101.5,112.3,120.4,123.7,125.3,124.5,123.4,,,,,,,111.1,117.7,123.2,128.3,129.1,129.2,131.7,132,135.8,137.2,137.7,135.6,132.5,128.7,122.3,116.1,109,98.2,86.6,83.1,80,76.4,68.5,60.3,52.1,43.8,39.5,35.7,35.9,37.7,39,41,50.4,70.7,78.3,77,78.7,79.7,84.8,95.4,104.4,106.4,106.9,105.8,105.7,112.7,121,125.1,129.3,128.4,133.2,137.4,138.9,136.1,136.9,136,132,130.6,121.5,115,101.8,93.8,86.2,81.9,89,103.8,121.5,135.7,134.4,136,136.3,137,133.7,128.6,121.8,109.2,100.9,85,72.4,61,53.5,47.8,42.6,39.8,6806.5,8467,81.029761905,100.79761905,115,55,7,7
024,03,A,S,2,15,236,100,0,10,12,78,49,1.5,2,0,0,90,803,53,14,56.9,54.4,49,39.5,37.3,38.2,36.3,37.8,39.4,43.2,48.9,44.4,37.7,23.6,,,,,,,,,,,,,,,,,,,,,,,,,,,,,,,,,,,,,,,,,,,,,,,,,,,,,,,,,,,,,,,,,,,,,,,,,,,,,125.1,128.2,126.7,128.7,130.5,133,131.5,133,134.5,136.2,133.7,128.4,114.4,101.2,,,,,,,,,,,,,,,,,,,,,,,,,,,,,,,,,,,,,,,,,,,,,,,,,,,,,,,,,,,,,,,,,,,,,,,,,,,,,TT,O,,2008,3,2,03/08/08,15.733333333,14.815478358,15.74600074,10.16286645,,,49,39.5,37.3,38.2,36.3,37.8,39.4,43.2,48.9,44.4,37.7,23.6,,,,,,,,,,,,,,,,,,,,,,,,,,,,,,,,,,,,,,,,,,,,,,,,,,,,,,,,,,,,,,,,,,,,,,,,,,,,,,,126.7,128.7,130.5,133,131.5,133,134.5,136.2,133.7,128.4,114.4,101.2,,,,,,,,,,,,,,,,,,,,,,,,,,,,,,,,,,,,,,,,,,,,,,,,,,,,,,,,,,,,,,,,,,,,,,,,,,,,,475.3,1531.8,39.608333333,127.65,55,115,3,3
022,04,A,W,2,90.1,1440,17,36,4,22,74,-57,1.5,0,2,0,90,803,53,90,124.9,126,121.2,121.5,121.5,118.6,116.4,117,124.7,132.2,131.4,131.3,130.1,128.3,130,128.8,130.1,131.6,130.6,127.5,123.4,118,106.6,93.8,85.2,81.4,80.8,78.7,76.3,64.7,54.3,47.4,41.6,33.9,26.6,32.6,45.8,55.7,60.1,62,59.1,70.2,72.1,77.9,77.2,79.5,84.5,87.7,88.2,89.1,93.1,102.6,115.4,121,122.2,123.4,124.2,120.9,114.5,109.7,119.4,118.3,117.6,119.8,113.8,110.3,107.5,101.3,86.8,76.7,58.5,49.8,45.7,41.6,39.1,34.5,23.3,23.7,44.9,69.6,89.3,94.3,95.1,96.8,100.3,98.8,92.4,89.8,94.4,112.9,66.4,66.6,61.3,62.1,61.5,57.9,54.6,47.8,43,42.2,38,36.2,35.9,35.1,36.1,34.2,35.5,41.4,48.7,57,62.9,66.5,74.4,89.8,105.5,109.3,105.3,104.6,108.2,115.1,122.8,129.4,131.4,127.2,121.2,119.1,122.9,128.2,127.8,125.9,118.9,126.2,123.7,122.8,120.5,118.4,118.2,114.8,111.1,102.1,88.4,74.2,63,55.1,44.9,35.4,29.8,27.5,33.1,49.4,73.3,77,77.8,79.3,80.6,83.4,90.2,96.7,102.9,109.4,116.4,120.8,124.5,122.5,125.6,129.3,116.5,99.8,86.9,91.5,105.6,104.3,96,83.4,69.8,53.7,31.8,8.7,20.5,49.9,TT,O,,2008,4,2,03/09/08,15.982241953,14.815478358,15.74600074,10.16286645,,,,,,,116.4,117,124.7,132.2,131.4,131.3,130.1,128.3,130,128.8,130.1,131.6,130.6,127.5,123.4,118,106.6,93.8,85.2,81.4,80.8,78.7,76.3,64.7,54.3,47.4,41.6,33.9,26.6,32.6,45.8,55.7,60.1,62,59.1,70.2,72.1,77.9,77.2,79.5,84.5,87.7,88.2,89.1,93.1,102.6,115.4,121,122.2,123.4,124.2,120.9,114.5,109.7,119.4,118.3,117.6,119.8,113.8,110.3,107.5,101.3,86.8,76.7,58.5,49.8,45.7,41.6,39.1,34.5,23.3,23.7,44.9,69.6,89.3,94.3,95.1,96.8,100.3,98.8,92.4,89.8,94.4,112.9,,,,,,,54.6,47.8,43,42.2,38,36.2,35.9,35.1,36.1,34.2,35.5,41.4,48.7,57,62.9,66.5,74.4,89.8,105.5,109.3,105.3,104.6,108.2,115.1,122.8,129.4,131.4,127.2,121.2,119.1,122.9,128.2,127.8,125.9,118.9,126.2,123.7,122.8,120.5,118.4,118.2,114.8,111.1,102.1,88.4,74.2,63,55.1,44.9,35.4,29.8,27.5,33.1,49.4,73.3,77,77.8,79.3,80.6,83.4,90.2,96.7,102.9,109.4,116.4,120.8,124.5,122.5,125.6,129.3,116.5,99.8,86.9,91.5,105.6,104.3,96,83.4,69.8,53.7,31.8,8.7,20.5,49.9,7557.7,7088.8,89.972619048,84.39047619,115,55,7,7
023,04,A,S,2,90.1,1216,13,15,11,17,72,43,1.5,0,0,0,90,803,53,90,67.1,61,48.2,33.1,20.1,19.4,38.1,58.5,79.1,100.5,112.9,111.2,110.8,112.5,111.4,109.3,106.9,107.8,105.9,106.6,105.6,105.4,98.7,83.6,66.7,63.2,80.3,84.4,79.3,80.6,79.2,77,83.3,89.3,88.5,91.9,102.7,115.8,118.4,119.9,120.7,124.4,129.9,130.1,130.3,130.9,128.4,126.9,124.1,117.2,106.6,98.6,88,85.6,85.5,79.5,77.1,72.6,69.9,67.3,65.9,63.1,60.5,60.3,60.7,59.1,56.3,51.2,52.1,54.5,65.8,71.3,60.7,49.6,40.9,42,54,67.4,78.9,95.7,103.1,101.8,101.1,98.4,95.2,94.8,96.8,97.8,99.4,98.2,123.4,124.1,124,114.8,99.5,79.4,58,47,53.6,70.4,75.9,78,75.5,76.4,79.5,81.7,82.4,82.7,79.9,71,64.6,64,52.7,50.4,64.2,90.3,115.9,117.8,115.9,117.7,116.6,115.2,112.7,106.7,91.4,78.2,72.3,68.3,62.6,53.8,44.7,35.9,35.9,35.7,35.6,35.8,34.1,35.1,38.8,43.7,51.8,61.8,76.3,102.9,111.4,113.2,113.1,116.5,117.8,118.6,121.4,123.1,123.4,123.4,124.3,123.7,122.6,113.9,115.7,122.6,122.7,119.2,109.2,95.4,76.8,56,47.4,54.5,71.7,90.5,94.5,95.3,97.6,95.7,94.8,98.4,98.4,97.7,97.8,97.2,TT,O,,2008,5,2,03/09/08,13.496115427,14.815478358,15.74600074,10.16286645,,,48.2,33.1,20.1,19.4,38.1,58.5,79.1,100.5,112.9,111.2,110.8,112.5,111.4,109.3,106.9,107.8,105.9,106.6,105.6,105.4,98.7,83.6,66.7,63.2,80.3,84.4,79.3,80.6,79.2,77,83.3,89.3,88.5,91.9,102.7,115.8,118.4,119.9,120.7,124.4,129.9,130.1,130.3,130.9,128.4,126.9,124.1,117.2,106.6,98.6,88,85.6,85.5,79.5,77.1,72.6,69.9,67.3,65.9,63.1,60.5,60.3,60.7,59.1,56.3,51.2,52.1,54.5,65.8,71.3,60.7,49.6,40.9,42,54,67.4,78.9,95.7,103.1,101.8,101.1,98.4,95.2,94.8,96.8,97.8,99.4,98.2,,,124,114.8,99.5,79.4,58,47,53.6,70.4,75.9,78,75.5,76.4,79.5,81.7,82.4,82.7,79.9,71,64.6,64,52.7,50.4,64.2,90.3,115.9,117.8,115.9,117.7,116.6,115.2,112.7,106.7,91.4,78.2,72.3,68.3,62.6,53.8,44.7,35.9,35.9,35.7,35.6,35.8,34.1,35.1,38.8,43.7,51.8,61.8,76.3,102.9,111.4,113.2,113.1,116.5,117.8,118.6,121.4,123.1,123.4,123.4,124.3,123.7,122.6,113.9,115.7,122.6,122.7,119.2,109.2,95.4,76.8,56,47.4,54.5,71.7,90.5,94.5,95.3,97.6,95.7,94.8,98.4,98.4,97.7,97.8,97.2,7596.3,7544.6,86.321590909,85.734090909,55,115,3,3
024,04,A,E,2,30.7,312,17,4,0,17,83,1,1.5,0,0,0,90,803,53,30,58.1,61.9,64.4,63.1,62.5,62.3,55.8,57.3,59.3,46.7,37.3,45.8,57.2,72.1,73.3,74.1,72.8,71.8,70.5,70,72.3,76.4,75.6,77.8,73.6,70.6,71.4,68.5,58.6,43.2,,,,,,,,,,,,,,,,,,,,,,,,,,,,,,,,,,,,,,,,,,,,,,,,,,,,,,,,,,,,,128.4,128.8,129.5,127.8,127.1,125.4,118.1,120.7,129.1,123.3,109.2,108.3,111.1,121.3,122.6,123.3,124,122.5,122.1,120.9,121.6,121.8,119.3,119.5,113.9,106.6,110.7,116.6,116.7,98.9,,,,,,,,,,,,,,,,,,,,,,,,,,,,,,,,,,,,,,,,,,,,,,,,,,,,,,,,,,,,,FS,O,,2008,6,2,03/09/08,10.16286645,14.815478358,15.74600074,10.16286645,,,,,62.5,62.3,55.8,57.3,59.3,46.7,37.3,45.8,57.2,72.1,73.3,74.1,72.8,71.8,70.5,70,72.3,76.4,75.6,77.8,73.6,70.6,71.4,68.5,58.6,43.2,,,,,,,,,,,,,,,,,,,,,,,,,,,,,,,,,,,,,,,,,,,,,,,,,,,,,,,,,,,,,,,,,127.1,125.4,118.1,120.7,129.1,123.3,109.2,108.3,111.1,121.3,122.6,123.3,124,122.5,122.1,120.9,121.6,121.8,119.3,119.5,113.9,106.6,110.7,116.6,116.7,98.9,,,,,,,,,,,,,,,,,,,,,,,,,,,,,,,,,,,,,,,,,,,,,,,,,,,,,,,,,,,,,1676.8,3074.6,64.492307692,118.25384615,55,115,5,5
025,03,A,N,2,51.5,1419,21,31,9,32,59,12,1.5,0,1,0,90,803,56,51,110.9,99.3,93.2,108.2,126.2,124,113.1,99.3,81,63.2,42.6,38,39.9,51.3,69.8,85.3,95.5,111.6,121.5,121.3,127.8,132.3,129,125.4,119.5,110.5,100.7,89.2,74.5,55.1,43.4,38,36.6,48.5,71.4,86.8,77.8,68.5,43.7,31,63.8,90.9,104.2,106.9,105.8,100.2,87.7,76.7,60.1,43.7,22.9,,,,,,,,,,,,,,,,,,,,,,,,,,,,,,,,,,,,,,,,50.3,39.8,13,26,52.8,65.7,74.3,91.4,106.7,119.9,127.8,132.5,126.7,117.8,108.7,94.3,74.8,62,54.1,38.8,33.5,43.7,53,65.7,81.2,90.5,99,106.4,117.8,127.6,133.8,132.3,121,108.5,104.6,111.3,108.3,106,93.6,68.8,42.5,25,12.3,20.8,40.1,55.5,71.2,86.7,103.2,112.4,110.6,,,,,,,,,,,,,,,,,,,,,,,,,,,,,,,,,,,,,,,,TT,O,,2008,1,2,03/08/08,27.553398058,23.179898399,23.121072883,23.474025974,,,,,126.2,124,113.1,99.3,81,63.2,42.6,38,39.9,51.3,69.8,85.3,95.5,111.6,121.5,121.3,127.8,132.3,129,125.4,119.5,110.5,100.7,89.2,74.5,55.1,43.4,38,36.6,48.5,71.4,86.8,77.8,68.5,43.7,31,63.8,90.9,104.2,106.9,105.8,100.2,87.7,76.7,60.1,43.7,22.9,,,,,,,,,,,,,,,,,,,,,,,,,,,,,,,,,,,,,,,,,,,,52.8,65.7,74.3,91.4,106.7,119.9,127.8,132.5,126.7,117.8,108.7,94.3,74.8,62,54.1,38.8,33.5,43.7,53,65.7,81.2,90.5,99,106.4,117.8,127.6,133.8,132.3,121,108.5,104.6,111.3,108.3,106,93.6,68.8,42.5,25,12.3,20.8,40.1,55.5,71.2,86.7,103.2,112.4,110.6,,,,,,,,,,,,,,,,,,,,,,,,,,,,,,,,,,,,,,,,3856.2,4035.2,82.046808511,85.855319149,115,55,5,5
026,03,A,W,2,66.7,1509,23,24,2,37,61,37,1.5,0,0,0,90,803,56,66,126.6,122.7,115.6,103.6,89.6,78.5,60.1,47.9,37.8,33.1,37.2,55.7,79.5,98.8,108.8,112.6,112.1,116.4,122.3,119,108.9,95.4,79.2,68.8,66.5,54.6,47.7,44.7,47.9,55.3,65.2,72.1,72.6,73.2,76.5,88.7,104.9,109.4,100.6,89.8,80.3,59.8,42.4,28.3,39.6,49.5,61.9,80,97.1,108.8,115.9,121.5,125.9,129.5,131.2,131.3,125,120.5,116.7,113.7,110,101.4,87.8,76.2,55.1,29.3,,,,,,,,,,,,,,,,,,,,,,,,,61.1,61.4,64.2,73.4,92.1,110.1,122.3,130.4,132,124.2,110.6,99,90.9,82.4,70,55.4,36,25,29,35.7,44.2,56.4,74.7,97.8,119.9,128.7,135.7,139.6,139.2,137,134.6,129.8,124.3,111.4,96.8,85.4,79.5,81.7,80.7,82.7,89.9,98.6,109.1,117.9,131.9,130.5,124.6,114.5,107.8,98.8,89.2,80.8,71.2,61.6,52.6,48.3,34.8,25.9,29.7,45,63.3,76.7,84,90.1,96,97.3,,,,,,,,,,,,,,,,,,,,,,,,,TT,O,,2008,2,2,03/08/08,22.623688156,23.179898399,23.121072883,23.474025974,,,,,89.6,78.5,60.1,47.9,37.8,33.1,37.2,55.7,79.5,98.8,108.8,112.6,112.1,116.4,122.3,119,108.9,95.4,79.2,68.8,66.5,54.6,47.7,44.7,47.9,55.3,65.2,72.1,72.6,73.2,76.5,88.7,104.9,109.4,100.6,89.8,80.3,59.8,42.4,28.3,39.6,49.5,61.9,80,97.1,108.8,115.9,121.5,125.9,129.5,131.2,131.3,125,120.5,116.7,113.7,110,101.4,87.8,76.2,55.1,29.3,,,,,,,,,,,,,,,,,,,,,,,,,,,,,92.1,110.1,122.3,130.4,132,124.2,110.6,99,90.9,82.4,70,55.4,36,25,29,35.7,44.2,56.4,74.7,97.8,119.9,128.7,135.7,139.6,139.2,137,134.6,129.8,124.3,111.4,96.8,85.4,79.5,81.7,80.7,82.7,89.9,98.6,109.1,117.9,131.9,130.5,124.6,114.5,107.8,98.8,89.2,80.8,71.2,61.6,52.6,48.3,34.8,25.9,29.7,45,63.3,76.7,84,90.1,96,97.3,,,,,,,,,,,,,,,,,,,,,,,,,5170.1,5595.3,83.388709677,90.246774194,115,55,5,5
027,03,A,S,2,90.1,1841,31,25,17,31,52,-84,1.5,0,1,0,90,803,56,90,65.4,62.8,55.2,50.4,48,51.7,54.8,56.3,58.4,58.4,48,36.5,22.9,20.5,37.1,66.8,91.4,96.5,102.2,106.3,110.9,117.4,119.7,116.7,106.3,91.4,70.8,45.1,25.8,24.5,43.4,54.6,55.6,56.3,58.1,63.4,71.1,77.3,87.7,99.7,111.4,123.2,131.4,127,118.5,108.6,99.2,84.7,67.4,52.1,40.8,38.3,43.7,40.7,40.7,46.5,59.8,71.7,84.4,98.5,108.5,113.8,123.1,128.8,131.7,132.1,126.5,113.6,96.3,76.1,56,47.1,52.8,64.6,63.6,55.7,49.4,44.7,42.4,43.3,40.8,35.7,36.3,50.3,64.2,67,70.1,70.1,77.1,89.3,122.2,105,88.1,66,49.5,54.3,71.5,93.1,113.6,127.1,127.6,124.5,117.6,110.7,104.6,103.7,106.5,97.6,86.1,70.7,52.2,36.6,26.2,23.7,22.4,24.8,33.7,52.5,71,94.4,116.8,131.3,131.3,128.5,126.3,121.8,112.1,97.9,82.9,67.9,55,47.4,43.6,33.1,24.2,22.3,29.4,42.1,62.1,84.4,103.1,120.3,135,135.6,133.6,130.8,128,122.2,112.7,104.6,95.2,79.9,70.2,59.6,50.7,43.2,31.8,18.4,5.2,20.7,45.4,69,94.2,116.2,127.3,130.6,131.9,137.1,137.4,138.1,135.3,126.6,118.7,116.9,123.7,125.3,125.4,112.5,101.7,90.8,TT,O,,2008,3,2,03/08/08,20.432852386,23.179898399,23.121072883,23.474025974,,62.8,55.2,50.4,48,51.7,54.8,56.3,58.4,58.4,48,36.5,22.9,20.5,37.1,66.8,91.4,96.5,102.2,106.3,110.9,117.4,119.7,116.7,106.3,91.4,70.8,45.1,25.8,24.5,43.4,54.6,55.6,56.3,58.1,63.4,71.1,77.3,87.7,99.7,111.4,123.2,131.4,127,118.5,108.6,99.2,84.7,67.4,52.1,40.8,38.3,43.7,40.7,40.7,46.5,59.8,71.7,84.4,98.5,108.5,113.8,123.1,128.8,131.7,132.1,126.5,113.6,96.3,76.1,56,47.1,52.8,64.6,63.6,55.7,49.4,44.7,42.4,43.3,40.8,35.7,36.3,50.3,64.2,67,70.1,70.1,77.1,89.3,,105,88.1,66,49.5,54.3,71.5,93.1,113.6,127.1,127.6,124.5,117.6,110.7,104.6,103.7,106.5,97.6,86.1,70.7,52.2,36.6,26.2,23.7,22.4,24.8,33.7,52.5,71,94.4,116.8,131.3,131.3,128.5,126.3,121.8,112.1,97.9,82.9,67.9,55,47.4,43.6,33.1,24.2,22.3,29.4,42.1,62.1,84.4,103.1,120.3,135,135.6,133.6,130.8,128,122.2,112.7,104.6,95.2,79.9,70.2,59.6,50.7,43.2,31.8,18.4,5.2,20.7,45.4,69,94.2,116.2,127.3,130.6,131.9,137.1,137.4,138.1,135.3,126.6,118.7,116.9,123.7,125.3,125.4,112.5,101.7,90.8,6479.6,7820.6,72.804494382,87.871910112,55,115,2,2
025,04,A,W,2,90.1,2188,27,25,16,30,54,-10,1.5,1,0,0,90,803,56,90,116.2,106.4,82.5,65,62.4,48.8,33.2,33.1,45.3,55.6,74.3,92.5,98.1,102.9,110.8,117.2,124.2,129.1,127.3,122.7,113.6,104.7,96,81.3,64.5,45.1,33.9,34.9,52.4,73.6,80.3,85.2,96.9,113,120.4,125.6,127,122.7,115.1,103.6,82.2,54.6,42.8,64.9,98.7,120.7,118.4,110.8,98.9,79.3,58.5,36.6,37.1,52.5,53.6,60.7,72.9,87.3,103.2,119.5,130.5,126.2,116.7,109,102.5,95.9,83.4,73.4,49.2,28.2,12.6,36.6,77.5,100.1,96.9,85.1,71.2,48,30.3,24.9,43.4,46.8,52.7,60.9,64.1,63.6,63.3,61.9,57.3,47.3,56.9,50.9,52.6,77.4,109.4,125.8,124.9,125.3,123.1,111.3,103.8,108,93,77.5,60.8,45.3,33.6,36,45.2,57.3,75.3,94.9,104.9,111.8,123,130,128.2,123.5,121.3,124.6,115.2,99.9,84.2,71.5,57.2,47.1,41.6,42.3,40,41.1,44,49.3,55.4,62.3,73.8,77.8,60.1,41.3,29.4,29.5,45.8,73.7,106.5,130.3,128.8,118,103.9,87,69.9,58,50.3,36.1,22.6,28.7,52.9,72.7,85.3,93.6,94.3,91,86.1,85.9,92.6,99.2,85.9,72.9,68.4,74.7,88.7,109.7,137.9,138,137.6,136.1,130.5,128,129.7,130.7,127.9,121,TT,O,,2008,4,2,03/09/08,24.284128746,23.179898399,23.121072883,23.474025974,,,,,62.4,48.8,33.2,33.1,45.3,55.6,74.3,92.5,98.1,102.9,110.8,117.2,124.2,129.1,127.3,122.7,113.6,104.7,96,81.3,64.5,45.1,33.9,34.9,52.4,73.6,80.3,85.2,96.9,113,120.4,125.6,127,122.7,115.1,103.6,82.2,54.6,42.8,64.9,98.7,120.7,118.4,110.8,98.9,79.3,58.5,36.6,37.1,52.5,53.6,60.7,72.9,87.3,103.2,119.5,130.5,126.2,116.7,109,102.5,95.9,83.4,73.4,49.2,28.2,12.6,36.6,77.5,100.1,96.9,85.1,71.2,48,30.3,24.9,43.4,46.8,52.7,60.9,64.1,63.6,63.3,61.9,57.3,47.3,,,,,109.4,125.8,124.9,125.3,123.1,111.3,103.8,108,93,77.5,60.8,45.3,33.6,36,45.2,57.3,75.3,94.9,104.9,111.8,123,130,128.2,123.5,121.3,124.6,115.2,99.9,84.2,71.5,57.2,47.1,41.6,42.3,40,41.1,44,49.3,55.4,62.3,73.8,77.8,60.1,41.3,29.4,29.5,45.8,73.7,106.5,130.3,128.8,118,103.9,87,69.9,58,50.3,36.1,22.6,28.7,52.9,72.7,85.3,93.6,94.3,91,86.1,85.9,92.6,99.2,85.9,72.9,68.4,74.7,88.7,109.7,137.9,138,137.6,136.1,130.5,128,129.7,130.7,127.9,121,6780,7411.7,78.837209302,86.18255814,115,55,5,5
026,04,A,S,2,23.9,495,28,39,27,24,49,52,1.5,0,1,0,90,803,56,23,58,49.9,42.2,37.6,41.4,47.2,61.3,80.1,82,74.7,63.5,51,46.3,65.9,93.9,119.6,131.8,128.9,122.2,114.5,96.4,73.6,46.6,,,,,,,,,,,,,,,,,,,,,,,,,,,,,,,,,,,,,,,,,,,,,,,,,,,,,,,,,,,,,,,,,,,,126.9,130.8,134.7,132,127.4,115.2,105,109.9,112.4,112.2,105.4,89.1,62.3,30.1,16.3,33.6,43.2,37.5,28.1,19.5,7.1,22.8,49,,,,,,,,,,,,,,,,,,,,,,,,,,,,,,,,,,,,,,,,,,,,,,,,,,,,,,,,,,,,,,,,,,,,TT,O,,2008,5,2,03/09/08,20.711297071,23.179898399,23.121072883,23.474025974,,49.9,42.2,37.6,41.4,47.2,61.3,80.1,82,74.7,63.5,51,46.3,65.9,93.9,119.6,131.8,128.9,122.2,114.5,96.4,73.6,46.6,,,,,,,,,,,,,,,,,,,,,,,,,,,,,,,,,,,,,,,,,,,,,,,,,,,,,,,,,,,,,,,,,,,,,130.8,134.7,132,127.4,115.2,105,109.9,112.4,112.2,105.4,89.1,62.3,30.1,16.3,33.6,43.2,37.5,28.1,19.5,7.1,22.8,49,,,,,,,,,,,,,,,,,,,,,,,,,,,,,,,,,,,,,,,,,,,,,,,,,,,,,,,,,,,,,,,,,,,,1670.6,1623.6,75.936363636,73.8,55,115,2,2
027,04,A,E,2,30.8,723,24,21,9,33,58,69,1.5,2,0,0,90,803,56,30,57.8,56.3,60,70.5,87.8,106.4,118.4,125,128.6,129,125.6,119.1,107.3,95.4,85,66.8,48.7,38.4,36.8,37.7,47.1,61.7,81.8,92.8,89,79.2,65.7,54.1,27.6,10.9,,,,,,,,,,,,,,,,,,,,,,,,,,,,,,,,,,,,,,,,,,,,,,,,,,,,,,,,,,,,,123.4,110.4,93,70.5,52.6,40.1,35.6,31.6,35.4,45.9,59,72.7,85.1,99,113.1,119.9,125.4,130.6,130.4,121.1,109.7,95.9,92.7,101.4,104.7,104.3,102.5,103.3,98.2,96.9,,,,,,,,,,,,,,,,,,,,,,,,,,,,,,,,,,,,,,,,,,,,,,,,,,,,,,,,,,,,,FS,O,,2008,6,2,03/09/08,23.474025974,23.179898399,23.121072883,23.474025974,,56.3,60,70.5,87.8,106.4,118.4,125,128.6,129,125.6,119.1,107.3,95.4,85,66.8,48.7,38.4,36.8,37.7,47.1,61.7,81.8,92.8,89,79.2,65.7,54.1,27.6,10.9,,,,,,,,,,,,,,,,,,,,,,,,,,,,,,,,,,,,,,,,,,,,,,,,,,,,,,,,,,,,,,110.4,93,70.5,52.6,40.1,35.6,31.6,35.4,45.9,59,72.7,85.1,99,113.1,119.9,125.4,130.6,130.4,121.1,109.7,95.9,92.7,101.4,104.7,104.3,102.5,103.3,98.2,96.9,,,,,,,,,,,,,,,,,,,,,,,,,,,,,,,,,,,,,,,,,,,,,,,,,,,,,,,,,,,,,2252.7,2581,77.679310345,89,55,115,2,2
004,03,B,W,2,79.7,1908,20,35,0,13,87,-96,1.5,1,0,0,90,803,65,79,130.9,131.8,129.8,124.3,116,103.1,83.5,61.7,42.7,24.3,19.3,42.2,69.8,81.8,92.8,104,115.2,119.8,126.5,130.6,127.9,123.7,122.8,126,125,120.4,107.7,103.4,96.9,85.4,73.5,63.2,52.6,43.8,43.4,48.6,63.1,79.3,93.1,110.6,123,126.9,130.9,131,129.5,130.6,126.4,119.8,116.2,110.4,100.6,89.2,79,67.8,56.5,43.4,42.1,46.1,49,69.8,89.4,98.2,107.3,119.3,129.9,131.5,127.7,122.1,117.4,113,112.9,108.6,99.7,89.3,82.4,71.4,61.6,53.2,31.6,,,,,,,,,,,,53.5,41.5,36.7,45.7,55.8,68,76.9,89.6,106.5,112.2,111.6,117.7,119.7,110.9,103.5,95.3,85.4,72.5,63.2,55.9,45,32.9,28.6,39.6,45.3,47.5,60.8,83.6,95,102.9,116.5,129.5,132.5,135.7,136.9,131.8,122,112,95.6,84.4,74.2,61.7,52,42.9,35.5,35.6,36.8,45.2,63,77.5,88.2,102.2,116.1,125.5,131.5,133.4,136.4,133.9,123.3,112.5,107.3,91.7,74.8,61.6,56,48,37.6,27.5,28.9,42.2,65.5,75.8,88.5,100.9,112.1,123.1,126.3,127.8,115.9,,,,,,,,,,,,TT,O,,2008,1,2,03/08/08,23.939774153,19.049167377,19.670689164,15.941558442,,,,,,103.1,83.5,61.7,42.7,24.3,19.3,42.2,69.8,81.8,92.8,104,115.2,119.8,126.5,130.6,127.9,123.7,122.8,126,125,120.4,107.7,103.4,96.9,85.4,73.5,63.2,52.6,43.8,43.4,48.6,63.1,79.3,93.1,110.6,123,126.9,130.9,131,129.5,130.6,126.4,119.8,116.2,110.4,100.6,89.2,79,67.8,56.5,43.4,42.1,46.1,49,69.8,89.4,98.2,107.3,119.3,129.9,131.5,127.7,122.1,117.4,113,112.9,108.6,99.7,89.3,82.4,71.4,61.6,53.2,31.6,,,,,,,,,,,,,,,,,68,76.9,89.6,106.5,112.2,111.6,117.7,119.7,110.9,103.5,95.3,85.4,72.5,63.2,55.9,45,32.9,28.6,39.6,45.3,47.5,60.8,83.6,95,102.9,116.5,129.5,132.5,135.7,136.9,131.8,122,112,95.6,84.4,74.2,61.7,52,42.9,35.5,35.6,36.8,45.2,63,77.5,88.2,102.2,116.1,125.5,131.5,133.4,136.4,133.9,123.3,112.5,107.3,91.7,74.8,61.6,56,48,37.6,27.5,28.9,42.2,65.5,75.8,88.5,100.9,112.1,123.1,126.3,127.8,115.9,,,,,,,,,,,,6782.4,6405.9,91.654054054,86.566216216,115,55,6,6
005,03,B,S,2,55,1016,33,21,34,28,38,47,1.5,1,1,0,90,803,65,54,60.1,53.9,48.9,38.3,27.4,25.2,34.7,36.9,44.6,60.5,75.3,79.9,76.5,63.7,46.5,26.3,18.3,42.6,73.4,97.6,101.8,99,93.7,85,71,57.9,44.8,26.7,12.6,21,40.8,56.4,60.8,65.3,71.2,84,99.2,116.5,129.6,131.3,131.5,131,125.1,113,92.9,72,57.2,58.2,68.7,69,59.9,52.9,39.3,23.5,,,,,,,,,,,,,,,,,,,,,,,,,,,,,,,,,,,,,127.5,128.8,132.6,130.2,122.3,114.5,105.5,91.3,72.2,50.5,49.4,57,64.2,75.2,81.4,82.6,78.5,75.9,80.3,93.9,99.5,100.2,106.9,114.6,121.2,129,130.9,118.5,106.2,95.5,95.6,93.1,79.2,67.1,48,21.8,9.4,24.1,39.9,43.7,46.4,53,53.8,49.7,43.6,50.5,68.8,89,108,122.3,126,128.5,121,109,,,,,,,,,,,,,,,,,,,,,,,,,,,,,,,,,,,,,TT,O,,2008,2,2,03/08/08,18.472727273,19.049167377,19.670689164,15.941558442,,,48.9,38.3,27.4,25.2,34.7,36.9,44.6,60.5,75.3,79.9,76.5,63.7,46.5,26.3,18.3,42.6,73.4,97.6,101.8,99,93.7,85,71,57.9,44.8,26.7,12.6,21,40.8,56.4,60.8,65.3,71.2,84,99.2,116.5,129.6,131.3,131.5,131,125.1,113,92.9,72,57.2,58.2,68.7,69,59.9,52.9,39.3,23.5,,,,,,,,,,,,,,,,,,,,,,,,,,,,,,,,,,,,,,,132.6,130.2,122.3,114.5,105.5,91.3,72.2,50.5,49.4,57,64.2,75.2,81.4,82.6,78.5,75.9,80.3,93.9,99.5,100.2,106.9,114.6,121.2,129,130.9,118.5,106.2,95.5,95.6,93.1,79.2,67.1,48,21.8,9.4,24.1,39.9,43.7,46.4,53,53.8,49.7,43.6,50.5,68.8,89,108,122.3,126,128.5,121,109,,,,,,,,,,,,,,,,,,,,,,,,,,,,,,,,,,,,,3479.4,4371.5,66.911538462,84.067307692,55,115,3,3
006,03,B,E,2,17.5,306,19,4,20,52,28,72,1.5,1,0,0,90,803,65,17,64,62.2,61.5,57.6,59.4,67.8,84.5,96.8,99.2,93.8,81.9,70.2,60.6,58.8,59.1,46.1,21.5,,,,,,,,,,,,,,,,,,,,,,,,,,,,,,,,,,,,,,,,,,,,,,,,,,,,,,,,,,,,,,,,,,,,,,,,,,127.1,117.8,106.4,90.2,71.2,51.4,38.3,45.6,54.8,61.4,74.7,84.6,97.2,115.3,129.8,127.1,110.9,,,,,,,,,,,,,,,,,,,,,,,,,,,,,,,,,,,,,,,,,,,,,,,,,,,,,,,,,,,,,,,,,,,,,,,,,,TT,O,,2008,3,2,03/08/08,17.485714286,19.049167377,19.670689164,15.941558442,,,61.5,57.6,59.4,67.8,84.5,96.8,99.2,93.8,81.9,70.2,60.6,58.8,59.1,46.1,21.5,,,,,,,,,,,,,,,,,,,,,,,,,,,,,,,,,,,,,,,,,,,,,,,,,,,,,,,,,,,,,,,,,,,,,,,,,,,,106.4,90.2,71.2,51.4,38.3,45.6,54.8,61.4,74.7,84.6,97.2,115.3,129.8,127.1,110.9,,,,,,,,,,,,,,,,,,,,,,,,,,,,,,,,,,,,,,,,,,,,,,,,,,,,,,,,,,,,,,,,,,,,,,,,,,1018.8,1258.9,67.92,83.926666667,55,115,3,3
004,04,B,E,2,90.1,1896,17,41,22,35,43,119,1.5,0,2,0,90,803,65,90,63.1,74.3,85.1,95.7,105.6,113,115.4,113.9,128.6,129.4,122.1,110.8,99.3,88,82.7,78.2,64,43.1,25.5,43.1,68.8,87.8,91,92.6,80.4,64.9,57.2,58.9,85.4,105.8,124,130.1,128.5,127,124.3,121.4,116.9,115,113,104.4,91.2,76.1,64.7,49.7,32.2,27.6,42.8,57.1,63.8,73.5,89,105.8,116.7,116.4,112.2,102.7,98.4,100.1,104.3,103.6,95.2,88.6,78.8,61.9,40.4,22.8,28.6,44.2,44.9,40.8,27.5,12.9,18,37.1,45.9,36,34,44.4,62.6,81.9,101.1,117.2,123,124.1,123.7,120.2,119.8,115.6,108.3,106.5,126.5,122.5,110.2,93.7,74.9,59.9,49.6,28.9,33.6,34.2,28.5,27.6,37.4,61.3,88.8,111,119.1,108.7,78.4,52.6,29.3,11,5.1,5.8,20.4,32.4,38.9,45.5,55.3,59.5,62.3,55.2,44.2,34.8,29.8,32.2,41.2,56.5,67.9,77.7,82.2,93,107.6,114.4,116.9,121.9,129,118.7,103.8,85.9,69.5,58.2,49.5,37.8,24.3,10.5,26.2,48.7,64.5,77.4,90.8,105.7,112.9,111.1,102.3,87.1,68.5,51.8,50.4,55.3,69.8,89.7,110.8,130.3,134.4,119.5,102.6,84.6,70.9,63.5,61.9,60.9,55.2,50,49,47,42.9,33.5,19.5,13.1,TT,O,,2008,4,2,03/09/08,21.043285239,19.049167377,19.670689164,15.941558442,,,85.1,95.7,105.6,113,115.4,113.9,128.6,129.4,122.1,110.8,99.3,88,82.7,78.2,64,43.1,25.5,43.1,68.8,87.8,91,92.6,80.4,64.9,57.2,58.9,85.4,105.8,124,130.1,128.5,127,124.3,121.4,116.9,115,113,104.4,91.2,76.1,64.7,49.7,32.2,27.6,42.8,57.1,63.8,73.5,89,105.8,116.7,116.4,112.2,102.7,98.4,100.1,104.3,103.6,95.2,88.6,78.8,61.9,40.4,22.8,28.6,44.2,44.9,40.8,27.5,12.9,18,37.1,45.9,36,34,44.4,62.6,81.9,101.1,117.2,123,124.1,123.7,120.2,119.8,115.6,108.3,106.5,,,110.2,93.7,74.9,59.9,49.6,28.9,33.6,34.2,28.5,27.6,37.4,61.3,88.8,111,119.1,108.7,78.4,52.6,29.3,11,5.1,5.8,20.4,32.4,38.9,45.5,55.3,59.5,62.3,55.2,44.2,34.8,29.8,32.2,41.2,56.5,67.9,77.7,82.2,93,107.6,114.4,116.9,121.9,129,118.7,103.8,85.9,69.5,58.2,49.5,37.8,24.3,10.5,26.2,48.7,64.5,77.4,90.8,105.7,112.9,111.1,102.3,87.1,68.5,51.8,50.4,55.3,69.8,89.7,110.8,130.3,134.4,119.5,102.6,84.6,70.9,63.5,61.9,60.9,55.2,50,49,47,42.9,33.5,19.5,13.1,7374.8,5788.4,83.804545455,65.777272727,55,115,3,3
005,04,B,N,2,65.3,1137,3,44,19,41,40,85,1.5,0,0,0,90,803,65,65,117.6,117.6,115,106.9,96,104.3,107.2,108.1,105.6,101.5,94.4,87,75.4,59.5,41.9,36.9,53.4,61.2,67.1,76.7,84.4,84.7,80.9,69.8,59.3,63.2,75,91.9,109.3,124.2,127.5,125.6,123,120.3,117.9,118,111.8,100.1,87.7,73.1,60.3,56.2,61.6,69.5,81.5,86.3,91.2,98.9,106.4,115.9,121.6,122.5,119.1,116.4,114.2,114.1,112.6,106.9,98.9,87.1,75.1,66.7,54.5,40.8,25.2,,,,,,,,,,,,,,,,,,,,,,,,,,61.1,52.2,41.8,30.4,23.6,14.3,23.9,34,50.1,68.3,81.9,96.5,106,103.8,95,66.8,51.7,55.8,65,85.2,98.5,108.8,110.7,106.3,82,64.4,45.2,29,26.3,36.6,41.6,40,38.9,40.3,42,41,40.1,33.7,25.4,24.4,39.3,60.8,86,105.1,111.3,105,94.9,82,67.9,56.9,46.4,36.4,25.8,23.1,32.5,46.3,58.8,67.2,77,86.4,97.2,109,113.2,111.5,109.2,,,,,,,,,,,,,,,,,,,,,,,,,,TT,O,,2008,5,2,03/09/08,17.41194487,19.049167377,19.670689164,15.941558442,,,,,,104.3,107.2,108.1,105.6,101.5,94.4,87,75.4,59.5,41.9,36.9,53.4,61.2,67.1,76.7,84.4,84.7,80.9,69.8,59.3,63.2,75,91.9,109.3,124.2,127.5,125.6,123,120.3,117.9,118,111.8,100.1,87.7,73.1,60.3,56.2,61.6,69.5,81.5,86.3,91.2,98.9,106.4,115.9,121.6,122.5,119.1,116.4,114.2,114.1,112.6,106.9,98.9,87.1,75.1,66.7,54.5,40.8,25.2,,,,,,,,,,,,,,,,,,,,,,,,,,,,,,,14.3,23.9,34,50.1,68.3,81.9,96.5,106,103.8,95,66.8,51.7,55.8,65,85.2,98.5,108.8,110.7,106.3,82,64.4,45.2,29,26.3,36.6,41.6,40,38.9,40.3,42,41,40.1,33.7,25.4,24.4,39.3,60.8,86,105.1,111.3,105,94.9,82,67.9,56.9,46.4,36.4,25.8,23.1,32.5,46.3,58.8,67.2,77,86.4,97.2,109,113.2,111.5,109.2,,,,,,,,,,,,,,,,,,,,,,,,,,5331.4,3922.7,88.856666667,65.378333333,115,55,6,6
006,04,B,W,2,30.8,491,0,83,17,40,43,-84,1.5,0,3,0,90,803,65,30,128,128.6,126,124,120.8,121.3,117.9,111.7,101.6,88.9,72.6,57.1,48.9,65.8,87.8,108.3,116,115.7,112.4,101.5,94.8,88.6,99.2,115.2,129.4,131.9,130.5,129.9,131.8,131.5,,,,,,,,,,,,,,,,,,,,,,,,,,,,,,,,,,,,,,,,,,,,,,,,,,,,,,,,,,,,,65.2,59.5,47.3,35.4,26.1,31,38.4,49.4,60.9,72.1,76.3,74.5,55.3,30.9,9.5,14.8,27.7,33.3,34.9,34.4,33.4,21.2,8.4,20.5,35.5,38.9,37.8,37.4,38.5,36.6,,,,,,,,,,,,,,,,,,,,,,,,,,,,,,,,,,,,,,,,,,,,,,,,,,,,,,,,,,,,,FS,O,,2008,6,2,03/09/08,15.941558442,19.049167377,19.670689164,15.941558442,,,,,,,117.9,111.7,101.6,88.9,72.6,57.1,48.9,65.8,87.8,108.3,116,115.7,112.4,101.5,94.8,88.6,99.2,115.2,129.4,131.9,130.5,129.9,131.8,131.5,,,,,,,,,,,,,,,,,,,,,,,,,,,,,,,,,,,,,,,,,,,,,,,,,,,,,,,,,,,,,,,,,,,38.4,49.4,60.9,72.1,76.3,74.5,55.3,30.9,9.5,14.8,27.7,33.3,34.9,34.4,33.4,21.2,8.4,20.5,35.5,38.9,37.8,37.4,38.5,36.6,,,,,,,,,,,,,,,,,,,,,,,,,,,,,,,,,,,,,,,,,,,,,,,,,,,,,,,,,,,,,2489,920.6,103.70833333,38.358333333,115,55,7,7
007,03,B,W,2,90.1,2133,22,26,0,33,67,-91,1.5,0,1,0,90,803,66,90,129,127.5,121.7,119.1,111.1,96.6,80.6,70.2,48,33.3,41.8,42.9,47.2,69,88.5,96.7,93,100.2,111.1,121.7,128.3,126.3,117.3,110,104.4,96.8,90.5,74.6,67.3,64.6,52.3,39.8,39.1,41.9,51.4,60.8,68.3,71.3,80.7,99.3,121,129,122.2,123.8,124,118.3,107.6,96.8,81.5,52.7,35.4,36,38.1,35,32.6,34.7,52.8,77.9,104.9,119.8,117.5,120.2,122.4,122.2,117.8,107.3,99.5,102.8,113.7,108.5,100.7,86.8,75.8,64.1,45.7,38.1,35.9,41.5,64,77.2,94.4,113.9,119.4,118.5,114.2,110.7,112.7,119.9,123.8,120.4,55.6,36.9,32.6,51.1,65.6,84.5,100.6,117.1,117.2,123.9,135.6,132.2,120.5,111.2,108.1,104.4,91.2,73.3,51.8,36.2,33.8,37.5,44.8,61.4,81.8,93,95.7,103.9,120,128.7,130.5,131,133.6,128.6,116,109,101.5,90.7,73.5,56.8,58.2,60.9,53.9,54.5,63.5,78.9,92,98.3,101.2,108.1,117.2,128.4,132.3,130,124.3,107.3,91.8,79.4,75.5,78.1,77.4,78.1,66.9,53.2,39.7,17,20.1,52.3,72.7,72.9,77.1,90.8,109,119.8,121.6,129.6,129.9,120.8,111.5,99.7,90.7,89.1,83.5,76.8,63,42.1,22.4,29.5,47.8,59.1,TT,O,,2008,1,2,03/08/08,23.673695893,23.765480035,24.518576042,20,,,,,111.1,96.6,80.6,70.2,48,33.3,41.8,42.9,47.2,69,88.5,96.7,93,100.2,111.1,121.7,128.3,126.3,117.3,110,104.4,96.8,90.5,74.6,67.3,64.6,52.3,39.8,39.1,41.9,51.4,60.8,68.3,71.3,80.7,99.3,121,129,122.2,123.8,124,118.3,107.6,96.8,81.5,52.7,35.4,36,38.1,35,32.6,34.7,52.8,77.9,104.9,119.8,117.5,120.2,122.4,122.2,117.8,107.3,99.5,102.8,113.7,108.5,100.7,86.8,75.8,64.1,45.7,38.1,35.9,41.5,64,77.2,94.4,113.9,119.4,118.5,114.2,110.7,112.7,119.9,123.8,120.4,,,,,65.6,84.5,100.6,117.1,117.2,123.9,135.6,132.2,120.5,111.2,108.1,104.4,91.2,73.3,51.8,36.2,33.8,37.5,44.8,61.4,81.8,93,95.7,103.9,120,128.7,130.5,131,133.6,128.6,116,109,101.5,90.7,73.5,56.8,58.2,60.9,53.9,54.5,63.5,78.9,92,98.3,101.2,108.1,117.2,128.4,132.3,130,124.3,107.3,91.8,79.4,75.5,78.1,77.4,78.1,66.9,53.2,39.7,17,20.1,52.3,72.7,72.9,77.1,90.8,109,119.8,121.6,129.6,129.9,120.8,111.5,99.7,90.7,89.1,83.5,76.8,63,42.1,22.4,29.5,47.8,59.1,7390.6,7543.1,85.937209302,87.710465116,115,55,5,5
008,03,B,S,2,90.1,2063,27,17,21,51,28,37,1.5,0,0,0,90,803,66,90,60.8,52.4,39.2,30.8,37.4,52,69.2,81.5,83.7,78.8,62.8,47.7,53.1,80.4,90.2,88.2,82.2,69.4,52.8,41.3,40.5,39.5,40.4,51.7,73.7,86.5,91.8,81.1,68.5,45.8,21,23.5,43.3,49.7,61.7,77.1,88.2,96,105.2,114.5,119,112.9,109.3,108.6,100.8,88.8,78.8,63.2,51.8,46,34.4,20.6,20.8,38,62.2,79.1,91,103.9,105.4,103.4,101.1,94.5,89.8,80.7,65.6,45.6,26.9,30.2,62.9,76.2,84.2,92.4,110.2,120.8,122.5,115,103.4,87,66.1,51.4,45.1,46.7,48.5,53.6,56.1,66.2,76,74.2,71.7,77.2,125.7,126.1,124.1,124.9,126.7,124.2,115.4,97.5,82.8,65.4,47.2,50.5,73.6,96.9,107.3,107.2,113.5,116.9,122.2,129.8,134.6,126,111.1,95.4,88.6,93.5,100.9,107.6,107.1,104.7,105.1,116,128.5,122.6,112,100.2,88.9,73.1,55.1,39.7,29.9,18.8,29.4,41.7,54,70.2,86.8,94.4,105.5,118.5,120.4,115.1,96.4,79.8,64.7,46.7,28.5,14.8,14.6,26.2,34.2,53.2,66.4,78.9,80.2,78,74.3,69.5,57.2,47.8,42,45,55,62.7,67.9,70.2,75,82.7,97.3,116.2,127,131.2,128.3,116.5,98.7,76.6,53.2,29.9,28.4,50.7,TT,O,,2008,2,2,03/08/08,22.896781354,23.765480035,24.518576042,20,,52.4,39.2,30.8,37.4,52,69.2,81.5,83.7,78.8,62.8,47.7,53.1,80.4,90.2,88.2,82.2,69.4,52.8,41.3,40.5,39.5,40.4,51.7,73.7,86.5,91.8,81.1,68.5,45.8,21,23.5,43.3,49.7,61.7,77.1,88.2,96,105.2,114.5,119,112.9,109.3,108.6,100.8,88.8,78.8,63.2,51.8,46,34.4,20.6,20.8,38,62.2,79.1,91,103.9,105.4,103.4,101.1,94.5,89.8,80.7,65.6,45.6,26.9,30.2,62.9,76.2,84.2,92.4,110.2,120.8,122.5,115,103.4,87,66.1,51.4,45.1,46.7,48.5,53.6,56.1,66.2,76,74.2,71.7,77.2,,126.1,124.1,124.9,126.7,124.2,115.4,97.5,82.8,65.4,47.2,50.5,73.6,96.9,107.3,107.2,113.5,116.9,122.2,129.8,134.6,126,111.1,95.4,88.6,93.5,100.9,107.6,107.1,104.7,105.1,116,128.5,122.6,112,100.2,88.9,73.1,55.1,39.7,29.9,18.8,29.4,41.7,54,70.2,86.8,94.4,105.5,118.5,120.4,115.1,96.4,79.8,64.7,46.7,28.5,14.8,14.6,26.2,34.2,53.2,66.4,78.9,80.2,78,74.3,69.5,57.2,47.8,42,45,55,62.7,67.9,70.2,75,82.7,97.3,116.2,127,131.2,128.3,116.5,98.7,76.6,53.2,29.9,28.4,50.7,6272.6,7413.5,70.478651685,83.297752809,55,115,2,2
009,03,B,E,2,26.3,593,38,4,40,44,16,82,1.5,1,0,0,90,803,66,26,68.7,67,62.8,52.1,47.2,57.5,82.2,100.1,95.5,75.9,56.5,31.1,29.6,40.7,33.4,19.7,19.7,28,37,53.8,63.7,63.1,57.5,44,27.9,8.7,,,,,,,,,,,,,,,,,,,,,,,,,,,,,,,,,,,,,,,,,,,,,,,,,,,,,,,,,,,,,,,,,126.5,114,100.3,79.1,61.4,41.7,48.8,73.8,85.7,88,88.4,97.8,121.3,135.2,127.4,108.4,88.3,69.6,63.5,69.8,79.7,97.2,108,109.6,107.8,102.7,,,,,,,,,,,,,,,,,,,,,,,,,,,,,,,,,,,,,,,,,,,,,,,,,,,,,,,,,,,,,,,,,TT,O,,2008,3,2,03/08/08,22.547528517,23.765480035,24.518576042,20,,67,62.8,52.1,47.2,57.5,82.2,100.1,95.5,75.9,56.5,31.1,29.6,40.7,33.4,19.7,19.7,28,37,53.8,63.7,63.1,57.5,44,27.9,8.7,,,,,,,,,,,,,,,,,,,,,,,,,,,,,,,,,,,,,,,,,,,,,,,,,,,,,,,,,,,,,,,,,,114,100.3,79.1,61.4,41.7,48.8,73.8,85.7,88,88.4,97.8,121.3,135.2,127.4,108.4,88.3,69.6,63.5,69.8,79.7,97.2,108,109.6,107.8,102.7,,,,,,,,,,,,,,,,,,,,,,,,,,,,,,,,,,,,,,,,,,,,,,,,,,,,,,,,,,,,,,,,,1254.7,2267.5,50.188,90.7,55,115,2,2
007,04,B,E,2,22.7,666,31,19,12,66,22,56,1.5,0,0,0,90,803,66,22,65.1,62.6,81,108,116.9,112.9,107.5,107.6,96.2,67.6,34.9,19.6,28,43.3,25.2,18.4,44.1,72.3,85.5,85.2,65.6,35.1,,,,,,,,,,,,,,,,,,,,,,,,,,,,,,,,,,,,,,,,,,,,,,,,,,,,,,,,,,,,,,,,,,,,,120.2,92.8,63,47.1,40.3,20.6,27.9,58.9,81.8,97.9,104.9,113.2,120.1,132.6,118.2,95.5,81.2,85.1,93.2,106.7,103.4,98.3,,,,,,,,,,,,,,,,,,,,,,,,,,,,,,,,,,,,,,,,,,,,,,,,,,,,,,,,,,,,,,,,,,,,,TT,O,,2008,4,2,03/09/08,29.339207048,23.765480035,24.518576042,20,,62.6,81,108,116.9,112.9,107.5,107.6,96.2,67.6,34.9,19.6,28,43.3,25.2,18.4,44.1,72.3,85.5,85.2,65.6,35.1,,,,,,,,,,,,,,,,,,,,,,,,,,,,,,,,,,,,,,,,,,,,,,,,,,,,,,,,,,,,,,,,,,,,,,92.8,63,47.1,40.3,20.6,27.9,58.9,81.8,97.9,104.9,113.2,120.1,132.6,118.2,95.5,81.2,85.1,93.2,106.7,103.4,98.3,,,,,,,,,,,,,,,,,,,,,,,,,,,,,,,,,,,,,,,,,,,,,,,,,,,,,,,,,,,,,,,,,,,,,1417.5,1782.7,67.5,84.89047619,55,115,2,2
008,04,B,N,2,45.7,1103,27,34,12,72,16,65,1.5,0,1,0,90,803,66,45,117.4,112.4,96.2,78.5,62.3,37.5,23.8,21.8,25.7,30.3,32.3,34.7,35.2,44.3,59,74.4,87.9,99.2,106.7,116,118.1,112,95.7,76.4,57.4,37.9,26.8,29.1,36.8,54.2,61.5,82.5,91.6,99.2,109.5,124.1,131.2,126.3,116.6,103,94.1,87,78.9,63,44,,,,,,,,,,,,,,,,,,,,,,,,,,,,,,,,,,,,,,,,,,,,,,55.8,37,12.7,26,54.2,78.5,96.9,109.2,117.9,124.8,127.3,129.2,116.7,102.2,89,73.2,53.7,30.6,14.1,31.1,44.7,52.2,63,79.1,94.2,105.7,116.4,120.8,115.4,103.1,100.5,90.6,76.9,58.1,40,35.3,36.8,31.1,25.5,31.5,51,77.4,96.7,104.4,105,,,,,,,,,,,,,,,,,,,,,,,,,,,,,,,,,,,,,,,,,,,,,,TT,O,,2008,5,2,03/09/08,24.135667396,23.765480035,24.518576042,20,,,,,62.3,37.5,23.8,21.8,25.7,30.3,32.3,34.7,35.2,44.3,59,74.4,87.9,99.2,106.7,116,118.1,112,95.7,76.4,57.4,37.9,26.8,29.1,36.8,54.2,61.5,82.5,91.6,99.2,109.5,124.1,131.2,126.3,116.6,103,94.1,87,78.9,63,44,,,,,,,,,,,,,,,,,,,,,,,,,,,,,,,,,,,,,,,,,,,,,,,,,,54.2,78.5,96.9,109.2,117.9,124.8,127.3,129.2,116.7,102.2,89,73.2,53.7,30.6,14.1,31.1,44.7,52.2,63,79.1,94.2,105.7,116.4,120.8,115.4,103.1,100.5,90.6,76.9,58.1,40,35.3,36.8,31.1,25.5,31.5,51,77.4,96.7,104.4,105,,,,,,,,,,,,,,,,,,,,,,,,,,,,,,,,,,,,,,,,,,,,,,2948,3204,71.902439024,78.146341463,115,55,5,5
009,04,B,W,2,30.8,616,21,36,46,47,7,-62,1.5,1,3,0,90,803,66,30,126.9,120.6,113.8,103.7,97.2,94.1,88.6,79.2,65.9,51.2,41.5,31.2,16.9,15.1,38.8,55.7,75.1,84,92.4,92.3,92.4,93.7,88.5,78.4,63.6,57.7,48.1,35.5,19.4,19.8,,,,,,,,,,,,,,,,,,,,,,,,,,,,,,,,,,,,,,,,,,,,,,,,,,,,,,,,,,,,,62.5,48.1,31.4,10.3,21,40.3,54.6,63.7,72.4,78.6,76.1,74.4,83.4,84.3,70.9,64.9,53.6,37.4,19.2,6.2,23.4,32.2,46,62.6,81.5,104.2,115.6,118.3,113.6,103.9,,,,,,,,,,,,,,,,,,,,,,,,,,,,,,,,,,,,,,,,,,,,,,,,,,,,,,,,,,,,,FS,O,,2008,6,2,03/09/08,20,23.765480035,24.518576042,20,,,,,,94.1,88.6,79.2,65.9,51.2,41.5,31.2,16.9,15.1,38.8,55.7,75.1,84,92.4,92.3,92.4,93.7,88.5,78.4,63.6,57.7,48.1,35.5,19.4,19.8,,,,,,,,,,,,,,,,,,,,,,,,,,,,,,,,,,,,,,,,,,,,,,,,,,,,,,,,,,,,,,,,,,40.3,54.6,63.7,72.4,78.6,76.1,74.4,83.4,84.3,70.9,64.9,53.6,37.4,19.2,6.2,23.4,32.2,46,62.6,81.5,104.2,115.6,118.3,113.6,103.9,,,,,,,,,,,,,,,,,,,,,,,,,,,,,,,,,,,,,,,,,,,,,,,,,,,,,,,,,,,,,1519.1,1681.3,60.764,67.252,115,55,6,6
013,03,B,W,2,90.1,2674,23,30,9,40,51,-73,1.5,0,2,0,90,803,68,90,124.6,118.2,110.5,123.9,123.2,111.7,100.3,91.8,81.9,73.5,58.9,45.5,43.5,55,75.9,85,92.3,103.8,112.2,110,115.8,126.6,127.3,120,106.6,89.3,68.6,56.4,40.7,37.8,42.6,45.3,64.3,80.6,91.7,101.9,109.4,117,116.7,103,83.6,73.8,76.7,78.6,66.3,50.6,44,46.8,53.5,70.9,84.5,87,94.1,110.5,120.3,114.5,101.9,91.8,84.4,68.7,46.9,39.5,41.5,31.5,19.9,44.6,76.4,93.2,107.3,108.4,103,95.3,97.7,92,82.6,74.6,57,45.1,44,44.5,50.5,58.5,77.5,97.9,101.9,92.8,79.3,77.9,74.7,63.4,58,31.5,26.7,46.4,41,21.9,26.4,57.9,80.3,104.1,121.3,136.1,135.7,128.4,122,111.4,91.6,69.6,57.9,38.8,22.9,42.4,60.8,80.7,97.5,112.2,123.8,125.2,121.8,131.6,136.1,128.1,125,116.8,96.8,75.2,58.4,44.7,34.8,12.4,27.2,66.6,98.2,116.5,123.1,131.4,138.2,135.1,125.4,118,107.7,86.3,55.5,32.5,27.7,22.1,35.2,65.9,94.6,108.2,118.7,130.5,134.9,126.2,105,94,92.6,79.8,67.9,54.3,27.9,10.7,38.2,59.3,83.4,99.2,112.2,126.8,138.3,133.3,120.4,100.8,79.6,62.5,44.6,17.8,22.3,48,63.4,81.4,TT,O,,2008,1,2,03/08/08,29.678135405,21.15790291,21.624011179,18.827361564,,,,,123.2,111.7,100.3,91.8,81.9,73.5,58.9,45.5,43.5,55,75.9,85,92.3,103.8,112.2,110,115.8,126.6,127.3,120,106.6,89.3,68.6,56.4,40.7,37.8,42.6,45.3,64.3,80.6,91.7,101.9,109.4,117,116.7,103,83.6,73.8,76.7,78.6,66.3,50.6,44,46.8,53.5,70.9,84.5,87,94.1,110.5,120.3,114.5,101.9,91.8,84.4,68.7,46.9,39.5,41.5,31.5,19.9,44.6,76.4,93.2,107.3,108.4,103,95.3,97.7,92,82.6,74.6,57,45.1,44,44.5,50.5,58.5,77.5,97.9,101.9,92.8,79.3,77.9,74.7,63.4,,,,,41,21.9,26.4,57.9,80.3,104.1,121.3,136.1,135.7,128.4,122,111.4,91.6,69.6,57.9,38.8,22.9,42.4,60.8,80.7,97.5,112.2,123.8,125.2,121.8,131.6,136.1,128.1,125,116.8,96.8,75.2,58.4,44.7,34.8,12.4,27.2,66.6,98.2,116.5,123.1,131.4,138.2,135.1,125.4,118,107.7,86.3,55.5,32.5,27.7,22.1,35.2,65.9,94.6,108.2,118.7,130.5,134.9,126.2,105,94,92.6,79.8,67.9,54.3,27.9,10.7,38.2,59.3,83.4,99.2,112.2,126.8,138.3,133.3,120.4,100.8,79.6,62.5,44.6,17.8,22.3,48,63.4,81.4,6848,7281,79.627906977,84.662790698,115,55,5,5
014,03,B,S,2,11.8,213,80,5,58,14,28,39,1.5,1,0,0,90,803,68,11,62.1,55.6,41.3,31.3,17.5,21.5,36.8,34.5,28.6,32.5,25.4,,,,,,,,,,,,,,,,,,,,,,,,,,,,,,,,,,,,,,,,,,,,,,,,,,,,,,,,,,,,,,,,,,,,,,,,,,,,,,,,126.2,127.5,127,125.9,110.9,88.4,67.5,64.9,67.9,75.5,83.3,,,,,,,,,,,,,,,,,,,,,,,,,,,,,,,,,,,,,,,,,,,,,,,,,,,,,,,,,,,,,,,,,,,,,,,,,,,,,,,,TT,O,,2008,2,2,03/08/08,18.050847458,21.15790291,21.624011179,18.827361564,,,41.3,31.3,17.5,21.5,36.8,34.5,28.6,32.5,25.4,,,,,,,,,,,,,,,,,,,,,,,,,,,,,,,,,,,,,,,,,,,,,,,,,,,,,,,,,,,,,,,,,,,,,,,,,,,,,,,,,,127,125.9,110.9,88.4,67.5,64.9,67.9,75.5,83.3,,,,,,,,,,,,,,,,,,,,,,,,,,,,,,,,,,,,,,,,,,,,,,,,,,,,,,,,,,,,,,,,,,,,,,,,,,,,,,,,269.4,811.3,29.933333333,90.144444444,55,115,3,3
015,03,B,E,2,17.1,258,65,3,46,31,23,68,1.5,3,0,0,90,803,68,17,64.1,60.7,56.4,56,51.7,43.8,25.7,16.4,9.6,8.7,11.1,21.5,39.8,37.4,28.8,18.8,11.4,,,,,,,,,,,,,,,,,,,,,,,,,,,,,,,,,,,,,,,,,,,,,,,,,,,,,,,,,,,,,,,,,,,,,,,,,,128.5,116.9,101.8,80.2,73.4,67.7,70.8,79.6,90,100.4,105.4,116,133.8,132.5,122.8,107.8,101.5,,,,,,,,,,,,,,,,,,,,,,,,,,,,,,,,,,,,,,,,,,,,,,,,,,,,,,,,,,,,,,,,,,,,,,,,,,TT,O,,2008,3,2,03/08/08,15.087719298,21.15790291,21.624011179,18.827361564,,,56.4,56,51.7,43.8,25.7,16.4,9.6,8.7,11.1,21.5,39.8,37.4,28.8,18.8,11.4,,,,,,,,,,,,,,,,,,,,,,,,,,,,,,,,,,,,,,,,,,,,,,,,,,,,,,,,,,,,,,,,,,,,,,,,,,,,101.8,80.2,73.4,67.7,70.8,79.6,90,100.4,105.4,116,133.8,132.5,122.8,107.8,101.5,,,,,,,,,,,,,,,,,,,,,,,,,,,,,,,,,,,,,,,,,,,,,,,,,,,,,,,,,,,,,,,,,,,,,,,,,,437.1,1483.7,29.14,98.913333333,55,115,3,3
013,04,B,E,2,37.3,941,30,24,37,44,19,41,1.5,1,1,0,90,803,68,37,51.1,40.7,30.7,39.9,48.6,58.2,76.1,90,100.5,100.1,91.1,85.3,80.6,65.7,44.9,38,47.5,57.5,66.1,74.4,87.6,103,107,104.3,98,90.4,80.5,70.9,71.5,58.9,43.5,23.4,17.9,35,45,38.8,16.9,,,,,,,,,,,,,,,,,,,,,,,,,,,,,,,,,,,,,,,,,,,,,,,,,,,,,,117.5,101.9,94.1,96.7,72.2,49.2,21.4,14.2,27.9,46,64.2,91.3,111,121.9,124.4,132.1,135.3,128.6,113.8,92.5,71.9,58,46.8,25.6,8.8,31.4,56.8,82.6,106.4,113,111.6,99.2,84.2,73.7,75.4,92.9,103.1,,,,,,,,,,,,,,,,,,,,,,,,,,,,,,,,,,,,,,,,,,,,,,,,,,,,,,TT,O,,2008,4,2,03/09/08,25.227882038,21.15790291,21.624011179,18.827361564,,,30.7,39.9,48.6,58.2,76.1,90,100.5,100.1,91.1,85.3,80.6,65.7,44.9,38,47.5,57.5,66.1,74.4,87.6,103,107,104.3,98,90.4,80.5,70.9,71.5,58.9,43.5,23.4,17.9,35,45,38.8,16.9,,,,,,,,,,,,,,,,,,,,,,,,,,,,,,,,,,,,,,,,,,,,,,,,,,,,,,,,94.1,96.7,72.2,49.2,21.4,14.2,27.9,46,64.2,91.3,111,121.9,124.4,132.1,135.3,128.6,113.8,92.5,71.9,58,46.8,25.6,8.8,31.4,56.8,82.6,106.4,113,111.6,99.2,84.2,73.7,75.4,92.9,103.1,,,,,,,,,,,,,,,,,,,,,,,,,,,,,,,,,,,,,,,,,,,,,,,,,,,,,,2287.8,2778.2,65.365714286,79.377142857,55,115,3,3
014,04,B,N,2,26.5,532,34,23,54,35,11,68,1.5,1,0,0,90,803,68,26,118.6,114.5,114.9,114.4,108.1,99.7,84.7,65.3,53.9,24.9,10.3,19.6,33.7,43.1,41.4,28.7,20,35.1,36.5,31.9,24.1,43.6,58.2,54.5,48.8,30.3,,,,,,,,,,,,,,,,,,,,,,,,,,,,,,,,,,,,,,,,,,,,,,,,,,,,,,,,,,,,,,,,,55.5,41.5,23.5,21.7,31.3,42.9,61.4,68.5,74.3,91.3,87.8,87.8,84.8,71.6,69.8,70.6,89.3,92,83.1,82.4,92.2,115.4,118.3,106.5,102,101,,,,,,,,,,,,,,,,,,,,,,,,,,,,,,,,,,,,,,,,,,,,,,,,,,,,,,,,,,,,,,,,,TT,O,,2008,5,2,03/09/08,20.075471698,21.15790291,21.624011179,18.827361564,,,,,108.1,99.7,84.7,65.3,53.9,24.9,10.3,19.6,33.7,43.1,41.4,28.7,20,35.1,36.5,31.9,24.1,43.6,58.2,54.5,48.8,30.3,,,,,,,,,,,,,,,,,,,,,,,,,,,,,,,,,,,,,,,,,,,,,,,,,,,,,,,,,,,,,,,,,,,,,31.3,42.9,61.4,68.5,74.3,91.3,87.8,87.8,84.8,71.6,69.8,70.6,89.3,92,83.1,82.4,92.2,115.4,118.3,106.5,102,101,,,,,,,,,,,,,,,,,,,,,,,,,,,,,,,,,,,,,,,,,,,,,,,,,,,,,,,,,,,,,,,,,996.4,1824.3,45.290909091,82.922727273,115,55,5,5
015,04,B,W,2,30.7,578,55,5,26,51,23,21,1.5,0,0,0,90,803,68,30,124.5,123.7,114.9,101.3,79.8,64.4,51.2,37.2,34.3,38.7,36.6,38.8,34.8,22.6,34.4,37.1,35.2,32.5,38.4,33.3,20.4,28.7,46.2,49.1,45.2,41,52.8,43.3,28.7,21.4,,,,,,,,,,,,,,,,,,,,,,,,,,,,,,,,,,,,,,,,,,,,,,,,,,,,,,,,,,,,,69.4,67,65.2,67.5,81.6,101.3,109.9,118,128.3,128.7,112.4,94.4,88.9,90.6,100.4,89.3,88.5,96.4,92.1,89.6,93.4,107.7,118.1,111.9,112.2,121.7,130.1,120.5,114.8,115.3,,,,,,,,,,,,,,,,,,,,,,,,,,,,,,,,,,,,,,,,,,,,,,,,,,,,,,,,,,,,,FS,O,,2008,6,2,03/09/08,18.827361564,21.15790291,21.624011179,18.827361564,,,,,,64.4,51.2,37.2,34.3,38.7,36.6,38.8,34.8,22.6,34.4,37.1,35.2,32.5,38.4,33.3,20.4,28.7,46.2,49.1,45.2,41,52.8,43.3,28.7,21.4,,,,,,,,,,,,,,,,,,,,,,,,,,,,,,,,,,,,,,,,,,,,,,,,,,,,,,,,,,,,,,,,,,101.3,109.9,118,128.3,128.7,112.4,94.4,88.9,90.6,100.4,89.3,88.5,96.4,92.1,89.6,93.4,107.7,118.1,111.9,112.2,121.7,130.1,120.5,114.8,115.3,,,,,,,,,,,,,,,,,,,,,,,,,,,,,,,,,,,,,,,,,,,,,,,,,,,,,,,,,,,,,946.3,2674.5,37.852,106.98,115,55,6,6
016,03,B,W,2,90.1,1278,20,7,44,38,18,2,1.5,0,0,0,90,803,69,90,125.5,113.1,89.9,66,66.7,63,55.5,51.3,43.1,35.6,30,23.7,27.6,24.1,35.7,38.1,36.8,31.7,24.5,19.9,32.6,62.9,76.6,82.4,91.6,90.9,85.4,79.3,87.1,86.1,82.5,78.3,78.2,74.9,73.5,73.7,74.3,74.6,76.8,75.1,67.8,63,59.7,51.4,45.1,40.4,38.4,38,35.6,33.6,36.7,36.1,37,37.8,38.6,39.2,39.7,40.1,41.2,41.4,44.7,46.2,53.2,65,62.5,77.8,88.3,83,75,72,71.3,70.3,68.1,64.5,57.4,63.4,57.6,61.4,56.2,49.9,47.9,42,37.2,34.8,33.5,36.2,41,42.3,46.1,50.4,63.9,57.1,48.6,58.3,67.1,67.2,71.1,76.1,79.1,85.6,106.6,117.3,121.1,116.8,130.2,133.3,132,126.8,115.5,106,108.9,118.8,117.5,111.7,104,91,89.9,82.8,85.5,90.8,89.3,83.4,83.7,77.9,72.5,68.9,65.2,62.3,55.7,39.3,30.3,32.7,37.3,52.6,61.9,67.4,59.1,63.9,66.4,76.6,79.5,78.1,78.7,79.9,80.6,81.5,82.2,83.3,84.3,84.9,85.3,83.1,89.8,93.6,92.3,105.8,112.9,113.6,107.4,102.3,103.3,103.7,109.3,113.8,106.8,113.4,105.1,112.6,108.8,102.6,95.9,93.2,92.6,94.5,96.6,102.4,109.2,110.8,114.3,117.4,TT,O,,2008,1,2,03/08/08,14.184239734,14.730853493,14.910790425,13.831168831,,,,,,,,51.3,43.1,35.6,30,23.7,27.6,24.1,35.7,38.1,36.8,31.7,24.5,19.9,32.6,62.9,76.6,82.4,91.6,90.9,85.4,79.3,87.1,86.1,82.5,78.3,78.2,74.9,73.5,73.7,74.3,74.6,76.8,75.1,67.8,63,59.7,51.4,45.1,40.4,38.4,38,35.6,33.6,36.7,36.1,37,37.8,38.6,39.2,39.7,40.1,41.2,41.4,44.7,46.2,53.2,65,62.5,77.8,88.3,83,75,72,71.3,70.3,68.1,64.5,57.4,63.4,57.6,61.4,56.2,49.9,47.9,42,37.2,34.8,33.5,36.2,41,42.3,46.1,50.4,,,,,,,,76.1,79.1,85.6,106.6,117.3,121.1,116.8,130.2,133.3,132,126.8,115.5,106,108.9,118.8,117.5,111.7,104,91,89.9,82.8,85.5,90.8,89.3,83.4,83.7,77.9,72.5,68.9,65.2,62.3,55.7,39.3,30.3,32.7,37.3,52.6,61.9,67.4,59.1,63.9,66.4,76.6,79.5,78.1,78.7,79.9,80.6,81.5,82.2,83.3,84.3,84.9,85.3,83.1,89.8,93.6,92.3,105.8,112.9,113.6,107.4,102.3,103.3,103.7,109.3,113.8,106.8,113.4,105.1,112.6,108.8,102.6,95.9,93.2,92.6,94.5,96.6,102.4,109.2,110.8,114.3,117.4,4518.9,7599.1,54.444578313,91.555421687,115,55,8,8
017,03,B,S,2,90.1,1262,15,23,16,39,45,-106,1.5,0,0,0,90,803,69,90,67.8,72.7,82.9,79.6,82.4,79.7,80.8,82.7,70.8,68.1,67.2,66,68.6,82.7,93.9,103.2,103.1,106.2,112,118.6,123.5,128.6,129.9,124.8,116.5,105,97,81.4,69,65.6,67.4,61.7,66.1,58.1,61.8,62.7,63.8,66.6,69.1,71.8,74.6,76.9,78.3,80.5,81.4,81.7,82.5,82.1,81.2,79.2,75.7,74.2,67.7,64.3,59.3,54.1,49.9,45.3,39.9,34.9,31.7,36,34.9,35.8,36.1,39.4,53.1,51.4,56.8,49.7,59.7,71.3,78.9,82.6,94.5,104.8,105.8,102.8,90.5,101.3,97.9,99,100.6,100.4,99.2,99.3,99.4,97.6,96.4,95.4,118.4,113.9,109,98.7,96.7,97,108,109.7,95.4,98.8,99.9,101.1,103,104.5,103,101.8,94.2,82.8,72.9,66.4,62.6,60.5,57.4,47.8,39.2,26.9,19,19.3,26.3,30.9,28,36.7,29.9,38,36.9,41.4,49.8,56.5,62.9,66.4,63,68,68.8,75.6,83.1,87.8,93.1,98.1,108.6,115.2,117.6,117.5,124.1,122.6,121.1,120.2,128.3,131,129.7,127,124.1,130.9,129.6,130.8,129.3,129.2,128.9,125,121,113.4,107.4,99.3,95.2,91.7,91,91.9,89.8,86.5,79.1,81.2,77.1,73.5,70.5,61.6,52.1,45.8,41.3,36.3,31.3,27.1,TT,O,,2008,2,2,03/08/08,14.006659267,14.730853493,14.910790425,13.831168831,,,,79.6,82.4,79.7,80.8,82.7,70.8,68.1,67.2,66,68.6,82.7,93.9,103.2,103.1,106.2,112,118.6,123.5,128.6,129.9,124.8,116.5,105,97,81.4,69,65.6,67.4,61.7,66.1,58.1,61.8,62.7,63.8,66.6,69.1,71.8,74.6,76.9,78.3,80.5,81.4,81.7,82.5,82.1,81.2,79.2,75.7,74.2,67.7,64.3,59.3,54.1,49.9,45.3,39.9,34.9,31.7,36,34.9,35.8,36.1,39.4,53.1,51.4,56.8,49.7,59.7,71.3,78.9,82.6,94.5,104.8,105.8,102.8,90.5,101.3,97.9,99,100.6,100.4,99.2,99.3,99.4,97.6,96.4,95.4,,,,98.7,96.7,97,108,109.7,95.4,98.8,99.9,101.1,103,104.5,103,101.8,94.2,82.8,72.9,66.4,62.6,60.5,57.4,47.8,39.2,26.9,19,19.3,26.3,30.9,28,36.7,29.9,38,36.9,41.4,49.8,56.5,62.9,66.4,63,68,68.8,75.6,83.1,87.8,93.1,98.1,108.6,115.2,117.6,117.5,124.1,122.6,121.1,120.2,128.3,131,129.7,127,124.1,130.9,129.6,130.8,129.3,129.2,128.9,125,121,113.4,107.4,99.3,95.2,91.7,91,91.9,89.8,86.5,79.1,81.2,77.1,73.5,70.5,61.6,52.1,45.8,41.3,36.3,31.3,27.1,6822,7262.6,78.413793103,83.47816092,55,115,4,4
018,03,B,E,2,5.5,89,100,0,9,48,43,5,1.5,0,0,0,90,803,69,5,55,52.4,42.4,31.8,32,,,,,,,,,,,,,,,,,,,,,,,,,,,,,,,,,,,,,,,,,,,,,,,,,,,,,,,,,,,,,,,,,,,,,,,,,,,,,,,,,,,,,,129.9,126.4,118.7,108.3,103.2,,,,,,,,,,,,,,,,,,,,,,,,,,,,,,,,,,,,,,,,,,,,,,,,,,,,,,,,,,,,,,,,,,,,,,,,,,,,,,,,,,,,,,TT,O,,2008,3,2,03/08/08,16.181818182,14.730853493,14.910790425,13.831168831,,,,31.8,32,,,,,,,,,,,,,,,,,,,,,,,,,,,,,,,,,,,,,,,,,,,,,,,,,,,,,,,,,,,,,,,,,,,,,,,,,,,,,,,,,,,,,,,,,108.3,103.2,,,,,,,,,,,,,,,,,,,,,,,,,,,,,,,,,,,,,,,,,,,,,,,,,,,,,,,,,,,,,,,,,,,,,,,,,,,,,,,,,,,,,,63.8,211.5,31.9,105.75,55,115,4,4
016,04,B,E,2,8.2,137,91,5,2,40,58,-19,1.5,1,0,0,90,803,69,8,56.8,53,56.1,55,47.5,42.7,37.4,16.8,,,,,,,,,,,,,,,,,,,,,,,,,,,,,,,,,,,,,,,,,,,,,,,,,,,,,,,,,,,,,,,,,,,,,,,,,,,,,,,,,,,122.4,121.4,128.1,123.9,117.8,118.1,119.7,110.8,,,,,,,,,,,,,,,,,,,,,,,,,,,,,,,,,,,,,,,,,,,,,,,,,,,,,,,,,,,,,,,,,,,,,,,,,,,,,,,,,,,TT,O,,2008,4,2,03/09/08,16.707317073,14.730853493,14.910790425,13.831168831,,,,55,47.5,42.7,37.4,16.8,,,,,,,,,,,,,,,,,,,,,,,,,,,,,,,,,,,,,,,,,,,,,,,,,,,,,,,,,,,,,,,,,,,,,,,,,,,,,,,,,,,,,,123.9,117.8,118.1,119.7,110.8,,,,,,,,,,,,,,,,,,,,,,,,,,,,,,,,,,,,,,,,,,,,,,,,,,,,,,,,,,,,,,,,,,,,,,,,,,,,,,,,,,,199.4,590.3,39.88,118.06,55,115,4,4
017,04,B,N,2,90.1,1214,35,19,22,27,51,-32,1.5,0,0,0,90,803,69,90,116.5,110.2,100,91.8,78.9,67.9,62.4,60.5,59.9,64.2,66.3,68.8,66.2,69.2,74.7,78.7,83.2,90.9,88,85.8,73,64,62.5,75.4,75.6,71.5,65.6,62.2,55.9,51,46.3,41.8,39.1,37.4,37.9,40.9,41.6,43.3,50.5,64.1,79,85.2,91.8,95,98.5,106.8,118.2,126.4,125.3,120,115.9,119.4,125.5,131.2,130.7,130.8,129.6,124.5,119.7,111.3,102.2,83,69.7,55.6,41.5,31.4,42.9,56.1,60.4,61.6,65,62.6,58.4,53.1,54.7,51.2,50.5,41.2,35.9,31.2,24.8,20.8,18.4,17.4,18,18.2,18.8,18.8,19.3,21.5,61.5,59.1,64.2,74.8,76.5,75.2,57.1,55.3,54.6,54,58.9,54.9,61.8,42.9,36.1,37.6,42.1,37.2,35.8,33.3,44.3,58.9,93.2,115,119.6,122.1,121.4,119.9,125.4,122.1,124.7,128.4,130.5,131.9,132.4,132.4,129.3,125.5,123.9,122,115.8,111.4,107.2,99.7,87.6,77.4,71.4,68.3,60,46.6,35.8,27.9,31.1,36.1,35.6,35.6,34.6,31.5,29.3,28.6,30.7,39.5,47.7,55.9,65.1,86.7,108,120.9,124.2,125.7,128.9,126.8,129.4,128.9,127.5,131,131.1,124.5,122.7,121.9,117.2,114.7,113.3,112.6,113.1,113,113.2,112.5,112.5,115.8,TT,O,,2008,5,2,03/09/08,13.473917869,14.730853493,14.910790425,13.831168831,,,,,,,,60.5,59.9,64.2,66.3,68.8,66.2,69.2,74.7,78.7,83.2,90.9,88,85.8,73,64,62.5,75.4,75.6,71.5,65.6,62.2,55.9,51,46.3,41.8,39.1,37.4,37.9,40.9,41.6,43.3,50.5,64.1,79,85.2,91.8,95,98.5,106.8,118.2,126.4,125.3,120,115.9,119.4,125.5,131.2,130.7,130.8,129.6,124.5,119.7,111.3,102.2,83,69.7,55.6,41.5,31.4,42.9,56.1,60.4,61.6,65,62.6,58.4,53.1,54.7,51.2,50.5,41.2,35.9,31.2,24.8,20.8,18.4,17.4,18,18.2,18.8,18.8,19.3,21.5,,,,,,,,55.3,54.6,54,58.9,54.9,61.8,42.9,36.1,37.6,42.1,37.2,35.8,33.3,44.3,58.9,93.2,115,119.6,122.1,121.4,119.9,125.4,122.1,124.7,128.4,130.5,131.9,132.4,132.4,129.3,125.5,123.9,122,115.8,111.4,107.2,99.7,87.6,77.4,71.4,68.3,60,46.6,35.8,27.9,31.1,36.1,35.6,35.6,34.6,31.5,29.3,28.6,30.7,39.5,47.7,55.9,65.1,86.7,108,120.9,124.2,125.7,128.9,126.8,129.4,128.9,127.5,131,131.1,124.5,122.7,121.9,117.2,114.7,113.3,112.6,113.1,113,113.2,112.5,112.5,115.8,5645,7313.9,68.012048193,88.119277108,115,55,8,8
018,04,B,W,2,30.8,426,34,1,19,73,8,-5,1.5,0,0,0,90,803,69,30,119.3,107.5,101.8,88.2,79.3,77.3,76,79.2,77.1,71.3,82.6,78.7,74,69.4,67.2,68.1,61.4,53.4,46.7,46.1,42.6,35,37.3,30.1,23.7,24.6,30.6,42.7,39.1,37.7,,,,,,,,,,,,,,,,,,,,,,,,,,,,,,,,,,,,,,,,,,,,,,,,,,,,,,,,,,,,,65.3,57.8,56.6,53.3,56,75.7,81.3,93,97.9,98.4,98,92.3,91.2,89.9,89.7,88.7,85,85.8,89.4,95.8,105.3,105.3,103.5,103.5,104.7,108.6,113.7,124,113.5,111.4,,,,,,,,,,,,,,,,,,,,,,,,,,,,,,,,,,,,,,,,,,,,,,,,,,,,,,,,,,,,,FS,O,,2008,6,2,03/09/08,13.831168831,14.730853493,14.910790425,13.831168831,,,,,,,,79.2,77.1,71.3,82.6,78.7,74,69.4,67.2,68.1,61.4,53.4,46.7,46.1,42.6,35,37.3,30.1,23.7,24.6,30.6,42.7,39.1,37.7,,,,,,,,,,,,,,,,,,,,,,,,,,,,,,,,,,,,,,,,,,,,,,,,,,,,,,,,,,,,,,,,,,,,93,97.9,98.4,98,92.3,91.2,89.9,89.7,88.7,85,85.8,89.4,95.8,105.3,105.3,103.5,103.5,104.7,108.6,113.7,124,113.5,111.4,,,,,,,,,,,,,,,,,,,,,,,,,,,,,,,,,,,,,,,,,,,,,,,,,,,,,,,,,,,,,1218.6,2288.6,52.982608696,99.504347826,115,55,8,8
019,03,B,W,2,90.1,2234,25,29,11,34,55,-97,1.5,1,0,0,90,803,72,90,129.1,130.2,128.7,118.9,92.6,82.1,90.4,93.5,84,76.4,84.9,109.5,114.3,125.8,131.2,124.2,123.8,122.4,107.4,85.3,62.4,59.3,51.3,30.7,29.7,54.1,60.1,51.9,46.6,37,14.4,20.9,48.5,68.5,69.9,76.6,89.2,91.3,86.8,102.8,111.7,105.6,109,124.3,125.6,124.8,130.7,127.9,122.9,119.2,111,101.5,93.2,83.5,72.1,60.1,45.1,40.6,38.7,44.1,56.7,73.4,84.6,86.8,95.8,113.6,120,117.4,106.5,86.8,75.9,79.2,71.6,50.4,29.7,33.4,41.9,41,37.7,38.3,57.8,81.8,103.3,113.2,109.6,93.4,69.7,44.9,30.6,31.2,59.6,41.5,34.2,28.2,25.7,55.7,57.5,52.5,30.9,27.3,59.7,89.3,77.2,63.3,50,30.8,35.7,47.7,50.9,64.6,97.6,122.5,130.8,121.5,114.6,125.6,128.6,127.6,131.9,126.8,107.4,94.2,108.1,127.3,125.5,117.3,112.4,107.2,89.5,76.9,77.9,69.6,51.2,41.8,38.2,31.3,40.3,48.5,64.3,78.3,88.6,95.9,102.4,107.4,113.5,124.8,127.7,134,132.5,126.5,116.9,106.9,94.8,74,45.3,37.9,32,23.5,18,31.8,60.5,84.2,96,99.8,106.2,124.3,136.8,133.5,119.4,94.2,66.3,46.1,42.6,55.7,63.3,64.8,72.2,90.3,111.2,125.6,TT,O,,2008,1,2,03/08/08,24.794672586,21.9205974,21.646736424,23.28990228,,,,,92.6,82.1,90.4,93.5,84,76.4,84.9,109.5,114.3,125.8,131.2,124.2,123.8,122.4,107.4,85.3,62.4,59.3,51.3,30.7,29.7,54.1,60.1,51.9,46.6,37,14.4,20.9,48.5,68.5,69.9,76.6,89.2,91.3,86.8,102.8,111.7,105.6,109,124.3,125.6,124.8,130.7,127.9,122.9,119.2,111,101.5,93.2,83.5,72.1,60.1,45.1,40.6,38.7,44.1,56.7,73.4,84.6,86.8,95.8,113.6,120,117.4,106.5,86.8,75.9,79.2,71.6,50.4,29.7,33.4,41.9,41,37.7,38.3,57.8,81.8,103.3,113.2,109.6,93.4,69.7,44.9,30.6,31.2,,,,,25.7,55.7,57.5,52.5,30.9,27.3,59.7,89.3,77.2,63.3,50,30.8,35.7,47.7,50.9,64.6,97.6,122.5,130.8,121.5,114.6,125.6,128.6,127.6,131.9,126.8,107.4,94.2,108.1,127.3,125.5,117.3,112.4,107.2,89.5,76.9,77.9,69.6,51.2,41.8,38.2,31.3,40.3,48.5,64.3,78.3,88.6,95.9,102.4,107.4,113.5,124.8,127.7,134,132.5,126.5,116.9,106.9,94.8,74,45.3,37.9,32,23.5,18,31.8,60.5,84.2,96,99.8,106.2,124.3,136.8,133.5,119.4,94.2,66.3,46.1,42.6,55.7,63.3,64.8,72.2,90.3,111.2,125.6,6867.6,7180.9,79.855813953,83.498837209,115,55,5,5
020,03,B,S,2,9.3,145,43,1,28,61,11,-76,1.5,1,0,0,90,803,72,9,68.1,67.2,70,61.4,50.8,32.7,19.9,14.7,6.9,,,,,,,,,,,,,,,,,,,,,,,,,,,,,,,,,,,,,,,,,,,,,,,,,,,,,,,,,,,,,,,,,,,,,,,,,,,,,,,,,,120.6,104.8,94.1,90.3,93.4,99.4,108.3,108.7,99.2,,,,,,,,,,,,,,,,,,,,,,,,,,,,,,,,,,,,,,,,,,,,,,,,,,,,,,,,,,,,,,,,,,,,,,,,,,,,,,,,,,TT,O,,2008,2,2,03/08/08,15.591397849,21.9205974,21.646736424,23.28990228,,,70,61.4,50.8,32.7,19.9,14.7,6.9,,,,,,,,,,,,,,,,,,,,,,,,,,,,,,,,,,,,,,,,,,,,,,,,,,,,,,,,,,,,,,,,,,,,,,,,,,,,,,,,,,,,94.1,90.3,93.4,99.4,108.3,108.7,99.2,,,,,,,,,,,,,,,,,,,,,,,,,,,,,,,,,,,,,,,,,,,,,,,,,,,,,,,,,,,,,,,,,,,,,,,,,,,,,,,,,,256.4,693.4,36.628571429,99.057142857,55,115,3,3
021,03,B,E,2,17.1,252,44,2,65,24,11,54,1.5,0,0,0,90,803,72,17,64.3,58.7,51.2,41.4,31.2,22.3,20.2,18.8,26.2,36.6,42.1,47.3,57,55.3,48.8,35.2,16.8,,,,,,,,,,,,,,,,,,,,,,,,,,,,,,,,,,,,,,,,,,,,,,,,,,,,,,,,,,,,,,,,,,,,,,,,,,127.4,115.4,101.1,84.7,70.1,73.4,79.7,91.1,100.7,101.3,100.3,95.6,83.1,66.4,61.8,72,86.3,,,,,,,,,,,,,,,,,,,,,,,,,,,,,,,,,,,,,,,,,,,,,,,,,,,,,,,,,,,,,,,,,,,,,,,,,,TT,O,,2008,3,2,03/08/08,14.736842105,21.9205974,21.646736424,23.28990228,,,51.2,41.4,31.2,22.3,20.2,18.8,26.2,36.6,42.1,47.3,57,55.3,48.8,35.2,16.8,,,,,,,,,,,,,,,,,,,,,,,,,,,,,,,,,,,,,,,,,,,,,,,,,,,,,,,,,,,,,,,,,,,,,,,,,,,,101.1,84.7,70.1,73.4,79.7,91.1,100.7,101.3,100.3,95.6,83.1,66.4,61.8,72,86.3,,,,,,,,,,,,,,,,,,,,,,,,,,,,,,,,,,,,,,,,,,,,,,,,,,,,,,,,,,,,,,,,,,,,,,,,,,550.4,1267.6,36.693333333,84.506666667,55,115,3,3
019,04,B,E,2,28.8,845,26,24,32,52,16,-26,1.5,1,0,0,90,803,72,28,54.6,37.7,18.8,42.5,72.1,103,104.9,102.7,88.1,74.6,54.1,40.3,62.5,72.3,90.2,101.4,106.5,105.2,100,85.6,68.5,57.6,60.6,41.7,28.4,38.7,45,27.5,,,,,,,,,,,,,,,,,,,,,,,,,,,,,,,,,,,,,,,,,,,,,,,,,,,,,,,,,,,,,,,126.8,120.9,109.4,95.9,98.8,98.3,77.2,55.2,29.8,22.1,43.8,82.9,109.6,91.9,69.7,47.4,31,13.1,27.3,47.6,71.2,101.5,118.3,115.6,96.8,85.3,97.8,107.5,,,,,,,,,,,,,,,,,,,,,,,,,,,,,,,,,,,,,,,,,,,,,,,,,,,,,,,,,,,,,,,TT,O,,2008,4,2,03/09/08,29.340277778,21.9205974,21.646736424,23.28990228,,,18.8,42.5,72.1,103,104.9,102.7,88.1,74.6,54.1,40.3,62.5,72.3,90.2,101.4,106.5,105.2,100,85.6,68.5,57.6,60.6,41.7,28.4,38.7,45,27.5,,,,,,,,,,,,,,,,,,,,,,,,,,,,,,,,,,,,,,,,,,,,,,,,,,,,,,,,,,,,,,,,,109.4,95.9,98.8,98.3,77.2,55.2,29.8,22.1,43.8,82.9,109.6,91.9,69.7,47.4,31,13.1,27.3,47.6,71.2,101.5,118.3,115.6,96.8,85.3,97.8,107.5,,,,,,,,,,,,,,,,,,,,,,,,,,,,,,,,,,,,,,,,,,,,,,,,,,,,,,,,,,,,,,,1792.8,1945,68.953846154,74.807692308,55,115,3,3
020,04,B,N,2,6.1,145,35,35,60,23,17,38,1.5,2,0,0,90,803,72,6,114.7,105.8,77.7,44.6,16.3,8.8,,,,,,,,,,,,,,,,,,,,,,,,,,,,,,,,,,,,,,,,,,,,,,,,,,,,,,,,,,,,,,,,,,,,,,,,,,,,,,,,,,,,,52.8,40.8,38.5,63.9,91.5,103.5,,,,,,,,,,,,,,,,,,,,,,,,,,,,,,,,,,,,,,,,,,,,,,,,,,,,,,,,,,,,,,,,,,,,,,,,,,,,,,,,,,,,,TT,O,,2008,5,2,03/09/08,23.770491803,21.9205974,21.646736424,23.28990228,,,,,16.3,8.8,,,,,,,,,,,,,,,,,,,,,,,,,,,,,,,,,,,,,,,,,,,,,,,,,,,,,,,,,,,,,,,,,,,,,,,,,,,,,,,,,,,,,,,,,91.5,103.5,,,,,,,,,,,,,,,,,,,,,,,,,,,,,,,,,,,,,,,,,,,,,,,,,,,,,,,,,,,,,,,,,,,,,,,,,,,,,,,,,,,,,25.1,195,12.55,97.5,115,55,5,5
021,04,B,W,2,30.7,715,51,17,77,18,5,-28,1.5,5,1,0,90,803,72,30,116.3,97.1,70.1,33.2,11.9,24.2,36.3,27.6,13,16.6,26.7,22.3,6.2,9.5,15.1,20.1,40.1,50.6,56.9,47.8,27.6,8.1,21,49.9,72.9,84.3,92.2,90.3,81.1,60.1,,,,,,,,,,,,,,,,,,,,,,,,,,,,,,,,,,,,,,,,,,,,,,,,,,,,,,,,,,,,,52.1,39.7,43.1,65.5,90.3,119.1,129.8,118.2,100.2,80.2,76.3,92.9,97.3,87.3,80.5,79.4,83.1,73.5,80.4,87.4,92,92.8,83.5,76.9,68.5,50.4,32.5,11.1,22.5,55.3,,,,,,,,,,,,,,,,,,,,,,,,,,,,,,,,,,,,,,,,,,,,,,,,,,,,,,,,,,,,,FS,O,,2008,6,2,03/09/08,23.28990228,21.9205974,21.646736424,23.28990228,,,,,11.9,24.2,36.3,27.6,13,16.6,26.7,22.3,6.2,9.5,15.1,20.1,40.1,50.6,56.9,47.8,27.6,8.1,21,49.9,72.9,84.3,92.2,90.3,81.1,60.1,,,,,,,,,,,,,,,,,,,,,,,,,,,,,,,,,,,,,,,,,,,,,,,,,,,,,,,,,,,,,,,,,90.3,119.1,129.8,118.2,100.2,80.2,76.3,92.9,97.3,87.3,80.5,79.4,83.1,73.5,80.4,87.4,92,92.8,83.5,76.9,68.5,50.4,32.5,11.1,22.5,55.3,,,,,,,,,,,,,,,,,,,,,,,,,,,,,,,,,,,,,,,,,,,,,,,,,,,,,,,,,,,,,1012.4,2061.4,38.938461538,79.284615385,115,55,5,5
025,03,B,W,2,90.1,2179,21,28,0,31,69,14,1.5,0,0,0,90,803,94,90,106.8,80.8,52.2,46.5,45,50.2,67.3,79.4,95.3,107,113.7,114.6,119.3,119.7,113.1,105.1,94,82.8,70.3,58.7,47.3,41,44.6,51.3,69.1,87.3,102.6,114.6,121.2,129.5,131.7,131.5,129.6,126,121.4,114.8,106.8,98,88.6,82.5,71.3,64.5,61.8,48.1,31.8,39,43.5,49.9,62.9,78.1,87.5,86.9,95.7,110.1,126.1,131.9,124.6,117.5,116.7,110.9,104.9,110.2,103.6,97,82.6,76,71.3,66.2,45.9,36.6,38.5,37.5,33.8,43.1,67.9,79.8,88.7,99.8,113.2,125.4,132,130.6,127.9,127,125.2,118.7,107.7,99.3,91.1,77.1,57.3,66.1,96.6,126,125.6,123.1,113.3,96.3,77.4,55.1,32.7,21.7,42.7,60.8,70.1,81,97.9,111,121.5,130.6,134.3,135.6,135.9,130.7,119.9,111.2,101.3,89.5,73,59.9,46.6,38.1,36.7,46,57.6,67.8,78.5,92.2,102.5,105.9,111,123.2,125.2,124.5,122.7,133.5,136.2,131.7,124.3,114.6,107.2,90.6,71.3,53.1,45.7,44.4,32.6,23.4,28.9,36.3,59,80.3,80.3,80.8,93.5,113.9,117.3,117.1,114.8,125.4,131.6,131.8,127.4,120.1,119.1,107.3,92.2,73.4,56.7,45.3,40.6,35.9,37.5,43.5,48.4,47.4,47.4,57.9,70.6,84.1,TT,O,,2008,1,2,03/08/08,24.184239734,19.929521405,19.648324708,21.335504886,,,,,,50.2,67.3,79.4,95.3,107,113.7,114.6,119.3,119.7,113.1,105.1,94,82.8,70.3,58.7,47.3,41,44.6,51.3,69.1,87.3,102.6,114.6,121.2,129.5,131.7,131.5,129.6,126,121.4,114.8,106.8,98,88.6,82.5,71.3,64.5,61.8,48.1,31.8,39,43.5,49.9,62.9,78.1,87.5,86.9,95.7,110.1,126.1,131.9,124.6,117.5,116.7,110.9,104.9,110.2,103.6,97,82.6,76,71.3,66.2,45.9,36.6,38.5,37.5,33.8,43.1,67.9,79.8,88.7,99.8,113.2,125.4,132,130.6,127.9,127,125.2,118.7,107.7,99.3,91.1,77.1,,,,,,123.1,113.3,96.3,77.4,55.1,32.7,21.7,42.7,60.8,70.1,81,97.9,111,121.5,130.6,134.3,135.6,135.9,130.7,119.9,111.2,101.3,89.5,73,59.9,46.6,38.1,36.7,46,57.6,67.8,78.5,92.2,102.5,105.9,111,123.2,125.2,124.5,122.7,133.5,136.2,131.7,124.3,114.6,107.2,90.6,71.3,53.1,45.7,44.4,32.6,23.4,28.9,36.3,59,80.3,80.3,80.8,93.5,113.9,117.3,117.1,114.8,125.4,131.6,131.8,127.4,120.1,119.1,107.3,92.2,73.4,56.7,45.3,40.6,35.9,37.5,43.5,48.4,47.4,47.4,57.9,70.6,84.1,7647.3,7279.4,89.968235294,85.64,115,55,6,6
026,03,B,S,2,5.1,67,88,0,30,36,34,0,1.5,2,0,0,90,803,94,5,62.1,56.1,41.7,24.6,9.6,,,,,,,,,,,,,,,,,,,,,,,,,,,,,,,,,,,,,,,,,,,,,,,,,,,,,,,,,,,,,,,,,,,,,,,,,,,,,,,,,,,,,,124.3,121.8,112.6,102.9,92,,,,,,,,,,,,,,,,,,,,,,,,,,,,,,,,,,,,,,,,,,,,,,,,,,,,,,,,,,,,,,,,,,,,,,,,,,,,,,,,,,,,,,TT,O,,2008,2,2,03/08/08,13.137254902,19.929521405,19.648324708,21.335504886,,,41.7,24.6,9.6,,,,,,,,,,,,,,,,,,,,,,,,,,,,,,,,,,,,,,,,,,,,,,,,,,,,,,,,,,,,,,,,,,,,,,,,,,,,,,,,,,,,,,,,112.6,102.9,92,,,,,,,,,,,,,,,,,,,,,,,,,,,,,,,,,,,,,,,,,,,,,,,,,,,,,,,,,,,,,,,,,,,,,,,,,,,,,,,,,,,,,,75.9,307.5,25.3,102.5,55,115,3,3
027,03,B,E,2,90.1,1812,29,27,0,18,82,-4,1.5,0,0,0,90,803,94,90,58.1,56.4,52.2,47.6,36,24,35.5,51.6,57.7,68.4,80.8,94.2,105.5,113,121.6,131.1,130.5,128,124.1,115.4,108,108.5,106,100.1,92.7,83.2,72.7,62.2,51.1,40.8,39.8,45,53.4,68.7,86.5,98.8,108.8,119,125.2,129.5,131.7,132.2,130.5,128.7,126.1,121.7,116.9,110.4,103.5,96.2,87.9,78.5,69.4,59.4,50.6,45.2,40.2,38.4,42.7,46.5,53.9,62.4,75,84,94.6,105.7,111.4,115.8,112.1,113.4,121.7,131.6,130.9,131.9,126.3,117.9,112.5,108.7,105.3,98.9,90.6,80.4,73.4,62.1,49.5,34.4,36.4,45.5,53.3,66.2,130.9,130.8,126.5,122,117.5,117.6,123.6,127.3,119.9,109.5,96,79.8,62.5,44.5,33.9,37,35.4,34.4,34.3,32.9,47.2,69.4,82.3,91.3,100.4,111.3,122,127.7,132.6,133.3,134.5,133.8,129.1,119.9,113.3,103.8,94.3,83.6,72.3,61.4,49.5,40.8,35.7,37.4,45,53.9,63.6,72.7,85.2,92.6,106.9,112.6,121.6,127.1,128.4,133.6,134.7,133.2,132.5,129.6,125.6,121.5,116.2,110.9,106.2,101.7,94.3,85.8,69.5,51.9,40.6,43.9,42,38.8,31.2,25.3,35.1,53,68.8,84.1,96.4,102.6,117.5,122.3,122.3,124.2,130.4,132.9,127.2,115.6,TT,O,,2008,3,2,03/08/08,20.110987791,19.929521405,19.648324708,21.335504886,,,52.2,47.6,36,24,35.5,51.6,57.7,68.4,80.8,94.2,105.5,113,121.6,131.1,130.5,128,124.1,115.4,108,108.5,106,100.1,92.7,83.2,72.7,62.2,51.1,40.8,39.8,45,53.4,68.7,86.5,98.8,108.8,119,125.2,129.5,131.7,132.2,130.5,128.7,126.1,121.7,116.9,110.4,103.5,96.2,87.9,78.5,69.4,59.4,50.6,45.2,40.2,38.4,42.7,46.5,53.9,62.4,75,84,94.6,105.7,111.4,115.8,112.1,113.4,121.7,131.6,130.9,131.9,126.3,117.9,112.5,108.7,105.3,98.9,90.6,80.4,73.4,62.1,49.5,34.4,36.4,45.5,53.3,66.2,,,126.5,122,117.5,117.6,123.6,127.3,119.9,109.5,96,79.8,62.5,44.5,33.9,37,35.4,34.4,34.3,32.9,47.2,69.4,82.3,91.3,100.4,111.3,122,127.7,132.6,133.3,134.5,133.8,129.1,119.9,113.3,103.8,94.3,83.6,72.3,61.4,49.5,40.8,35.7,37.4,45,53.9,63.6,72.7,85.2,92.6,106.9,112.6,121.6,127.1,128.4,133.6,134.7,133.2,132.5,129.6,125.6,121.5,116.2,110.9,106.2,101.7,94.3,85.8,69.5,51.9,40.6,43.9,42,38.8,31.2,25.3,35.1,53,68.8,84.1,96.4,102.6,117.5,122.3,122.3,124.2,130.4,132.9,127.2,115.6,7679.7,7992.5,87.269318182,90.823863636,55,115,3,3
025,04,B,E,2,90.1,2168,24,26,0,25,75,-40,1.5,0,0,0,90,803,94,90,62.5,56.2,50.8,40.9,46.1,61.8,77.4,94,108.2,118.1,127,126.4,120.8,113.4,103.6,95.2,83.4,73.7,62.7,50.2,43.5,43,48.6,67,86.2,102.5,111.2,115.8,117.4,121.4,131.2,130.2,122.5,117.9,122.7,117.4,108.2,94.5,85.4,86.2,80.6,72.7,53,42.2,42.2,43.6,49.2,62.5,79.9,96.5,109.1,119.3,126,130.2,132,131.8,129.9,126.1,121.3,115.8,107.5,100.3,91.5,82.6,70.8,61.2,48.8,36.1,22.4,36.8,60,70,75.1,85.9,102.2,121,127,121.9,120,109.9,92.6,74.8,66.9,69.5,69.3,68.1,53.7,39.1,34.4,32.7,126.6,125.2,128.7,133.6,131.4,115.1,93.6,70.5,47.5,29.8,33.5,45.2,57.8,69.8,80.3,96.3,108.5,120.6,127.9,131.3,136,137,133,119.9,112,102.3,88.8,71.8,52.8,36.2,37.8,35.7,28.9,36.3,52.7,56.4,58.8,65.4,94.1,109.1,107.9,111.9,117.6,127,136,137.3,132.6,124.6,115.3,106.8,96,84.2,71.3,58.2,45.9,38,37,45.8,57.6,66.2,77,86.8,99,109.8,116.9,126,129.3,124.2,116,112.5,117.1,112.2,98,82.9,67,60.6,59.4,55.7,58.9,65.9,74.2,90.7,106.3,114.2,110.9,112.5,117.2,122.8,128.6,124,TT,O,,2008,4,2,03/09/08,24.062153163,19.929521405,19.648324708,21.335504886,,,50.8,40.9,46.1,61.8,77.4,94,108.2,118.1,127,126.4,120.8,113.4,103.6,95.2,83.4,73.7,62.7,50.2,43.5,43,48.6,67,86.2,102.5,111.2,115.8,117.4,121.4,131.2,130.2,122.5,117.9,122.7,117.4,108.2,94.5,85.4,86.2,80.6,72.7,53,42.2,42.2,43.6,49.2,62.5,79.9,96.5,109.1,119.3,126,130.2,132,131.8,129.9,126.1,121.3,115.8,107.5,100.3,91.5,82.6,70.8,61.2,48.8,36.1,22.4,36.8,60,70,75.1,85.9,102.2,121,127,121.9,120,109.9,92.6,74.8,66.9,69.5,69.3,68.1,53.7,39.1,34.4,32.7,,,128.7,133.6,131.4,115.1,93.6,70.5,47.5,29.8,33.5,45.2,57.8,69.8,80.3,96.3,108.5,120.6,127.9,131.3,136,137,133,119.9,112,102.3,88.8,71.8,52.8,36.2,37.8,35.7,28.9,36.3,52.7,56.4,58.8,65.4,94.1,109.1,107.9,111.9,117.6,127,136,137.3,132.6,124.6,115.3,106.8,96,84.2,71.3,58.2,45.9,38,37,45.8,57.6,66.2,77,86.8,99,109.8,116.9,126,129.3,124.2,116,112.5,117.1,112.2,98,82.9,67,60.6,59.4,55.7,58.9,65.9,74.2,90.7,106.3,114.2,110.9,112.5,117.2,122.8,128.6,124,7642.5,7980.2,86.846590909,90.684090909,55,115,3,3
026,04,B,N,2,8.3,139,12,1,32,25,43,-48,1.5,0,0,0,90,803,94,8,118.8,115.9,112.6,105.5,92.7,77.1,48.7,19.7,,,,,,,,,,,,,,,,,,,,,,,,,,,,,,,,,,,,,,,,,,,,,,,,,,,,,,,,,,,,,,,,,,,,,,,,,,,,,,,,,,,59.8,62.2,61.3,62.3,60.4,56.9,62.5,81.8,,,,,,,,,,,,,,,,,,,,,,,,,,,,,,,,,,,,,,,,,,,,,,,,,,,,,,,,,,,,,,,,,,,,,,,,,,,,,,,,,,,TT,O,,2008,5,2,03/09/08,16.746987952,19.929521405,19.648324708,21.335504886,,,,,,77.1,48.7,19.7,,,,,,,,,,,,,,,,,,,,,,,,,,,,,,,,,,,,,,,,,,,,,,,,,,,,,,,,,,,,,,,,,,,,,,,,,,,,,,,,,,,,,,,,56.9,62.5,81.8,,,,,,,,,,,,,,,,,,,,,,,,,,,,,,,,,,,,,,,,,,,,,,,,,,,,,,,,,,,,,,,,,,,,,,,,,,,,,,,,,,,145.5,201.2,48.5,67.066666667,115,55,6,6
027,04,B,W,2,30.7,655,16,39,6,26,68,-43,1.5,0,2,0,90,803,94,30,123.9,116.3,106.1,95.6,88.8,91.7,102.1,106.9,101.1,96.7,83.9,72.9,67.3,58.2,48.3,37.6,27.2,29.9,56.9,79.8,96.6,98.6,103.5,111.7,122,131.4,131.9,130.1,127,123,,,,,,,,,,,,,,,,,,,,,,,,,,,,,,,,,,,,,,,,,,,,,,,,,,,,,,,,,,,,,63.5,53.9,38.7,15.6,15.6,45,70.5,81.8,81,83.9,93,107.8,124.3,130,131.6,129.1,122.2,112.1,105.1,104.9,102.8,92,78.5,63.2,51.6,46.4,38.7,35.8,41.3,50.6,,,,,,,,,,,,,,,,,,,,,,,,,,,,,,,,,,,,,,,,,,,,,,,,,,,,,,,,,,,,,FS,O,,2008,6,2,03/09/08,21.335504886,19.929521405,19.648324708,21.335504886,,,,,88.8,91.7,102.1,106.9,101.1,96.7,83.9,72.9,67.3,58.2,48.3,37.6,27.2,29.9,56.9,79.8,96.6,98.6,103.5,111.7,122,131.4,131.9,130.1,127,123,,,,,,,,,,,,,,,,,,,,,,,,,,,,,,,,,,,,,,,,,,,,,,,,,,,,,,,,,,,,,,,,,15.6,45,70.5,81.8,81,83.9,93,107.8,124.3,130,131.6,129.1,122.2,112.1,105.1,104.9,102.8,92,78.5,63.2,51.6,46.4,38.7,35.8,41.3,50.6,,,,,,,,,,,,,,,,,,,,,,,,,,,,,,,,,,,,,,,,,,,,,,,,,,,,,,,,,,,,,2325.1,2138.8,89.426923077,82.261538462,115,55,5,5
001,05,A,E,2,90.1,2194,31,30,5,10,85,-37,1.5,0,1,0,90,803,25,90,62.8,52.9,35.2,29.4,53,72.6,90.6,111.2,129.5,131.6,131.6,129.8,124.7,117.3,105.2,93.3,79,66.3,53.4,46.6,46.2,48.6,52.5,50.2,45.1,45.6,40.6,23.8,25.9,50,70.3,83.5,103.3,115,117.9,117.4,129.2,131.9,129.7,129.3,125.7,121.8,113.2,105.2,102.3,95.3,87.1,72.1,62.9,54.1,41.1,35.9,48.6,61.8,77.3,93,109.6,115.6,114.2,104.5,92.7,92.3,109.1,123.6,128.5,130.5,131.9,132,129.7,126.5,123.9,119.5,115,111.9,103.3,95,86.3,75.1,66.4,53.7,46.5,46.1,44.1,33.8,34.3,39.3,44.4,60.3,80.3,92.3,120.7,126.1,126.2,107.7,84.7,57.7,29.7,19.8,34.8,39.2,46.2,57.3,66.9,80.2,96.8,105.2,116.6,124.1,131.5,137.4,141.1,140,138,133.7,127.1,128.6,132.2,116.5,107.2,113.5,120.3,110.3,103.9,90.4,71.1,49.1,44.4,40.7,34.9,37.7,47.9,57.8,60.4,75.1,89.7,96.3,109.7,117.2,126.9,134.3,132.7,130.2,134.5,128,111.8,103.8,97.2,79.7,57.5,30.6,9.7,28,40.3,44.8,39.4,36.1,38.6,47.2,54.9,57.6,71.1,80,80.1,91.7,100.4,104.9,106.2,112.7,124.4,132.9,137.2,140.9,138.3,128.8,129.2,133.2,129.8,127,118.5,110.3,TT,O,,2008,1,3,03/10/08,24.350721421,20.229917178,20.556030907,18.599348534,,,35.2,29.4,53,72.6,90.6,111.2,129.5,131.6,131.6,129.8,124.7,117.3,105.2,93.3,79,66.3,53.4,46.6,46.2,48.6,52.5,50.2,45.1,45.6,40.6,23.8,25.9,50,70.3,83.5,103.3,115,117.9,117.4,129.2,131.9,129.7,129.3,125.7,121.8,113.2,105.2,102.3,95.3,87.1,72.1,62.9,54.1,41.1,35.9,48.6,61.8,77.3,93,109.6,115.6,114.2,104.5,92.7,92.3,109.1,123.6,128.5,130.5,131.9,132,129.7,126.5,123.9,119.5,115,111.9,103.3,95,86.3,75.1,66.4,53.7,46.5,46.1,44.1,33.8,34.3,39.3,44.4,60.3,80.3,92.3,,,126.2,107.7,84.7,57.7,29.7,19.8,34.8,39.2,46.2,57.3,66.9,80.2,96.8,105.2,116.6,124.1,131.5,137.4,141.1,140,138,133.7,127.1,128.6,132.2,116.5,107.2,113.5,120.3,110.3,103.9,90.4,71.1,49.1,44.4,40.7,34.9,37.7,47.9,57.8,60.4,75.1,89.7,96.3,109.7,117.2,126.9,134.3,132.7,130.2,134.5,128,111.8,103.8,97.2,79.7,57.5,30.6,9.7,28,40.3,44.8,39.4,36.1,38.6,47.2,54.9,57.6,71.1,80,80.1,91.7,100.4,104.9,106.2,112.7,124.4,132.9,137.2,140.9,138.3,128.8,129.2,133.2,129.8,127,118.5,110.3,7565.9,8058.2,85.976136364,91.570454545,55,115,3,3
002,05,A,N,2,90.1,1828,24,29,20,21,59,-71,1.5,0,4,0,90,803,25,90,118,114.4,107.7,100.8,94.7,85.3,72.5,69.8,62,53.1,48,42.6,37.9,36.6,50.6,56.8,61.6,60.3,57.6,64.8,80.5,88.8,90,97.2,94.7,85.2,72.2,68.4,87.6,114.8,130.9,130.5,127,122.8,118.4,114.2,104.1,87.9,67.9,45,30.6,32.6,42.8,64.6,76,71,59.5,55.7,62.1,71.5,89.2,109.9,124.4,128.7,126.6,119.3,108,95.6,78.8,67,61.8,57,47.4,36.8,34.8,46.2,63.7,75.3,85.7,93.7,101.8,109,113.1,112.3,107.8,102,94.9,90.7,88.4,78.9,62.7,36.7,22.8,28.5,47,68.5,90.5,111.1,125.3,126.2,64,72.6,85.4,95.8,98.5,100.7,110.1,123.8,129.8,133,129.6,130.5,129.3,128.8,138.1,137.5,136,134.3,125.9,120.1,119.9,111.3,101.5,95.4,85.2,77.5,63.6,36.8,12.4,25.1,37.8,35.8,37.1,45.5,59.6,69.7,71.5,71.7,66.9,63.3,66.7,80.8,103.7,120.9,116.1,103.1,88.3,69.2,47.9,27.2,7.7,14.8,30.4,39.4,46.2,48.6,54.3,65.4,84.4,101.4,118.9,131,130.7,129.9,128.2,129.4,133,126.3,117.6,105.1,92.2,78.1,63.9,48.4,30.1,12.9,10.7,33,59.1,85.4,95.4,98.9,87.7,70.2,48.9,27.5,21.3,35.3,44,39,TT,O,,2008,2,3,03/10/08,20.288568257,20.229917178,20.556030907,18.599348534,,,,,,85.3,72.5,69.8,62,53.1,48,42.6,37.9,36.6,50.6,56.8,61.6,60.3,57.6,64.8,80.5,88.8,90,97.2,94.7,85.2,72.2,68.4,87.6,114.8,130.9,130.5,127,122.8,118.4,114.2,104.1,87.9,67.9,45,30.6,32.6,42.8,64.6,76,71,59.5,55.7,62.1,71.5,89.2,109.9,124.4,128.7,126.6,119.3,108,95.6,78.8,67,61.8,57,47.4,36.8,34.8,46.2,63.7,75.3,85.7,93.7,101.8,109,113.1,112.3,107.8,102,94.9,90.7,88.4,78.9,62.7,36.7,22.8,28.5,47,68.5,90.5,111.1,125.3,126.2,,,,,,100.7,110.1,123.8,129.8,133,129.6,130.5,129.3,128.8,138.1,137.5,136,134.3,125.9,120.1,119.9,111.3,101.5,95.4,85.2,77.5,63.6,36.8,12.4,25.1,37.8,35.8,37.1,45.5,59.6,69.7,71.5,71.7,66.9,63.3,66.7,80.8,103.7,120.9,116.1,103.1,88.3,69.2,47.9,27.2,7.7,14.8,30.4,39.4,46.2,48.6,54.3,65.4,84.4,101.4,118.9,131,130.7,129.9,128.2,129.4,133,126.3,117.6,105.1,92.2,78.1,63.9,48.4,30.1,12.9,10.7,33,59.1,85.4,95.4,98.9,87.7,70.2,48.9,27.5,21.3,35.3,44,39,6722.1,6843.7,79.083529412,80.514117647,115,55,6,6
003,05,A,W,2,90.1,1468,28,27,0,13,87,-91,1.5,0,0,0,90,803,25,90,130.3,131.6,131.7,131.2,129.9,126.9,116,98.4,88,88,93,88.3,79.5,71.3,65.4,59.6,55.1,50.8,43.5,39,43.7,45.9,49.7,53.3,57.4,65.4,75.7,85.7,95.9,104.5,112.4,119.6,124.6,128.5,130.5,124.5,123,130.5,130.1,127.4,125,121.6,118.2,115.9,112.6,106.8,100.2,94,89,71.2,58.2,57.6,59,54.8,49.4,44.4,43.1,45.7,49.8,51.9,65.4,81.2,90.7,94.9,94.5,92,88.6,82.6,76,71.4,64.7,59.6,55.5,47.8,45.9,45.5,44.9,49.4,59.3,72.1,88.5,108,116.2,116.1,115,116,123.7,131.2,130.4,121.3,53.2,47.4,41.4,36.2,35.3,34,27.7,28.8,51.2,78.6,102.2,110.7,116.7,122.8,126.2,125.3,130,134,131.9,133,138.4,137.2,135,130.9,127.2,122.7,119.8,114.6,109.2,102.4,93.5,84,73.7,64.1,56.7,39.3,29.8,35.4,36.4,42.4,49.7,58.4,64.1,68.7,76.6,85.7,94.3,96.8,98.2,96.2,100.8,120.6,133.6,132.9,133.5,135.9,137.6,136.4,133.4,129.6,124.4,117,110.7,108.2,106.5,107.9,112.2,116.2,120.7,124.1,126.9,130.7,131.3,127.6,128.7,130.6,129.8,124.3,113.8,103,94.5,94.9,85,68.9,49.6,31.9,29.2,36,35.4,31.4,TT,O,,2008,3,3,03/10/08,16.293007769,20.229917178,20.556030907,18.599348534,,,,,,126.9,116,98.4,88,88,93,88.3,79.5,71.3,65.4,59.6,55.1,50.8,43.5,39,43.7,45.9,49.7,53.3,57.4,65.4,75.7,85.7,95.9,104.5,112.4,119.6,124.6,128.5,130.5,124.5,123,130.5,130.1,127.4,125,121.6,118.2,115.9,112.6,106.8,100.2,94,89,71.2,58.2,57.6,59,54.8,49.4,44.4,43.1,45.7,49.8,51.9,65.4,81.2,90.7,94.9,94.5,92,88.6,82.6,76,71.4,64.7,59.6,55.5,47.8,45.9,45.5,44.9,49.4,59.3,72.1,88.5,108,116.2,116.1,115,116,123.7,131.2,130.4,121.3,,,,,,34,27.7,28.8,51.2,78.6,102.2,110.7,116.7,122.8,126.2,125.3,130,134,131.9,133,138.4,137.2,135,130.9,127.2,122.7,119.8,114.6,109.2,102.4,93.5,84,73.7,64.1,56.7,39.3,29.8,35.4,36.4,42.4,49.7,58.4,64.1,68.7,76.6,85.7,94.3,96.8,98.2,96.2,100.8,120.6,133.6,132.9,133.5,135.9,137.6,136.4,133.4,129.6,124.4,117,110.7,108.2,106.5,107.9,112.2,116.2,120.7,124.1,126.9,130.7,131.3,127.6,128.7,130.6,129.8,124.3,113.8,103,94.5,94.9,85,68.9,49.6,31.9,29.2,36,35.4,31.4,7207.9,8280.2,84.798823529,97.414117647,115,55,6,6
001,06,A,S,2,68.1,1379,21,41,0,8,92,-111,1.5,1,0,0,90,803,25,68,69.6,89.6,107.7,113.7,123.1,131.2,130.7,130.7,127.1,123.6,118.9,104.5,104,106.9,102.2,95.9,90,86.1,85.8,70.5,56,43.5,51.5,48.7,43.3,39.6,35.2,36,42.5,41.3,38.3,47.9,49,54.6,78.9,97.9,104.3,116.9,125.1,128.8,128.7,122.4,123.3,128.4,128.1,126.4,126.6,125,128.2,131.8,131.6,127.4,132,131.8,131.8,131.4,129.2,125.9,121.8,116.1,110.1,95.6,83.5,81.7,76.8,62.2,46.7,22,,,,,,,,,,,,,,,,,,,,,,,116.5,107.2,97.3,78,61.8,51.8,38.2,36.4,43.6,53.7,55.4,56.4,84.5,89.1,90.2,89,106.7,108.2,104.6,101.8,99.2,112.9,128.8,133.9,134.4,132.1,129.5,131.2,135.1,133.1,128.7,130.9,129.4,122.9,117.1,108.9,93.4,80.7,72.9,63.1,47.4,30.7,28.9,37,41,42.6,39.1,34.3,34.1,39.3,43,39.5,46,42.4,39.2,36.4,38.4,47.2,58.1,68,73.1,80.7,97.5,116.3,121.6,122.4,123.3,111.5,,,,,,,,,,,,,,,,,,,,,,,TT,O,,2008,4,3,03/11/08,20.249632893,20.229917178,20.556030907,18.599348534,,,107.7,113.7,123.1,131.2,130.7,130.7,127.1,123.6,118.9,104.5,104,106.9,102.2,95.9,90,86.1,85.8,70.5,56,43.5,51.5,48.7,43.3,39.6,35.2,36,42.5,41.3,38.3,47.9,49,54.6,78.9,97.9,104.3,116.9,125.1,128.8,128.7,122.4,123.3,128.4,128.1,126.4,126.6,125,128.2,131.8,131.6,127.4,132,131.8,131.8,131.4,129.2,125.9,121.8,116.1,110.1,95.6,83.5,81.7,76.8,62.2,46.7,22,,,,,,,,,,,,,,,,,,,,,,,,,97.3,78,61.8,51.8,38.2,36.4,43.6,53.7,55.4,56.4,84.5,89.1,90.2,89,106.7,108.2,104.6,101.8,99.2,112.9,128.8,133.9,134.4,132.1,129.5,131.2,135.1,133.1,128.7,130.9,129.4,122.9,117.1,108.9,93.4,80.7,72.9,63.1,47.4,30.7,28.9,37,41,42.6,39.1,34.3,34.1,39.3,43,39.5,46,42.4,39.2,36.4,38.4,47.2,58.1,68,73.1,80.7,97.5,116.3,121.6,122.4,123.3,111.5,,,,,,,,,,,,,,,,,,,,,,,6358.4,5343.9,96.339393939,80.968181818,55,115,3,3
002,06,A,N,2,90.1,1946,19,42,17,18,65,-5,1.5,0,3,0,90,803,25,90,114.5,100.4,75.4,49,31.4,35.2,43.4,39.8,37.5,51.9,69,83.4,97.8,113.6,123.5,128.3,129.5,120.9,103.5,88.7,62,45,56.6,72,71.1,67.4,55.7,38.7,21.4,38.7,57.9,68.3,80.3,97.4,119.6,128.9,129.8,131.2,131.7,128.2,128.6,124.5,116.5,117.3,108,94.8,87.5,81.1,75.1,68.4,53.2,32.2,14.3,18.1,32.2,41.4,34.9,35.5,46,58.5,58.5,65.7,77.7,96.9,116.4,123.8,120.8,116.7,125.5,128.6,123.5,118.2,105.9,112.4,125.6,131.4,131.4,130.5,128.6,125,120.9,114.9,105.7,97.3,90,83.6,80,75,70.5,56,53.3,48.6,49.8,64,90,120.2,135.7,134.3,130.1,129.9,121.3,109.2,96.9,86.8,76.6,65.2,50.7,33.4,10.4,9,38.8,73.3,106.3,121.7,122.9,126.1,131.1,126.6,115.3,93.6,69.8,44.2,18.2,13.1,33.2,39.1,36.2,36.2,38.4,37.2,43.3,48.4,60.3,83.2,86.3,92.7,109.1,112.8,117.7,123.3,120.9,110.2,106.1,112.6,126.2,136,124.7,106.3,87.4,65.2,47.4,30.7,29,42.7,49,51.1,46.7,40,34.4,37.2,36.9,34.5,19.8,18,33.3,38.2,36.3,36,40.2,49.3,60.2,72.6,86.8,97.5,105.8,110.5,110.5,108.7,112.6,112.6,TT,O,,2008,5,3,03/11/08,21.598224195,20.229917178,20.556030907,18.599348534,,,,,,35.2,43.4,39.8,37.5,51.9,69,83.4,97.8,113.6,123.5,128.3,129.5,120.9,103.5,88.7,62,45,56.6,72,71.1,67.4,55.7,38.7,21.4,38.7,57.9,68.3,80.3,97.4,119.6,128.9,129.8,131.2,131.7,128.2,128.6,124.5,116.5,117.3,108,94.8,87.5,81.1,75.1,68.4,53.2,32.2,14.3,18.1,32.2,41.4,34.9,35.5,46,58.5,58.5,65.7,77.7,96.9,116.4,123.8,120.8,116.7,125.5,128.6,123.5,118.2,105.9,112.4,125.6,131.4,131.4,130.5,128.6,125,120.9,114.9,105.7,97.3,90,83.6,80,75,70.5,56,,,,,,120.2,135.7,134.3,130.1,129.9,121.3,109.2,96.9,86.8,76.6,65.2,50.7,33.4,10.4,9,38.8,73.3,106.3,121.7,122.9,126.1,131.1,126.6,115.3,93.6,69.8,44.2,18.2,13.1,33.2,39.1,36.2,36.2,38.4,37.2,43.3,48.4,60.3,83.2,86.3,92.7,109.1,112.8,117.7,123.3,120.9,110.2,106.1,112.6,126.2,136,124.7,106.3,87.4,65.2,47.4,30.7,29,42.7,49,51.1,46.7,40,34.4,37.2,36.9,34.5,19.8,18,33.3,38.2,36.3,36,40.2,49.3,60.2,72.6,86.8,97.5,105.8,110.5,110.5,108.7,112.6,112.6,7393,6432.2,86.976470588,75.672941176,115,55,6,6
003,06,A,E,2,30.7,571,58,21,0,15,85,-57,1.5,0,0,0,90,803,25,30,59,53.9,50.3,41.2,42.7,41.8,40.9,37.1,26.4,23.5,39.8,60.9,63.7,58.7,55.7,48.2,42.8,42.1,48.8,58.3,72.5,88.2,100.5,111.1,110.1,112.2,122.3,131.7,132.3,131.1,,,,,,,,,,,,,,,,,,,,,,,,,,,,,,,,,,,,,,,,,,,,,,,,,,,,,,,,,,,,,125,129.8,131.1,130.8,136.6,136.7,135.5,132.2,121.4,113.4,115.4,124.8,128,126.8,129.6,134.6,136,136.6,134,129.2,122,113.6,104,91.8,71.1,55,48.1,48.7,44,36.6,,,,,,,,,,,,,,,,,,,,,,,,,,,,,,,,,,,,,,,,,,,,,,,,,,,,,,,,,,,,,FS,O,,2008,6,3,03/11/08,18.599348534,20.229917178,20.556030907,18.599348534,,,50.3,41.2,42.7,41.8,40.9,37.1,26.4,23.5,39.8,60.9,63.7,58.7,55.7,48.2,42.8,42.1,48.8,58.3,72.5,88.2,100.5,111.1,110.1,112.2,122.3,131.7,132.3,131.1,,,,,,,,,,,,,,,,,,,,,,,,,,,,,,,,,,,,,,,,,,,,,,,,,,,,,,,,,,,,,,,131.1,130.8,136.6,136.7,135.5,132.2,121.4,113.4,115.4,124.8,128,126.8,129.6,134.6,136,136.6,134,129.2,122,113.6,104,91.8,71.1,55,48.1,48.7,44,36.6,,,,,,,,,,,,,,,,,,,,,,,,,,,,,,,,,,,,,,,,,,,,,,,,,,,,,,,,,,,,,1934.9,3067.6,69.103571429,109.55714286,55,115,3,3
010,05,A,E,2,3.1,69,60,0,33,26,41,-23,1.5,1,0,0,90,803,43,3,65.3,43.7,13.9,,,,,,,,,,,,,,,,,,,,,,,,,,,,,,,,,,,,,,,,,,,,,,,,,,,,,,,,,,,,,,,,,,,,,,,,,,,,,,,,,,,,,,,,121.6,111.8,92.7,,,,,,,,,,,,,,,,,,,,,,,,,,,,,,,,,,,,,,,,,,,,,,,,,,,,,,,,,,,,,,,,,,,,,,,,,,,,,,,,,,,,,,,,TT,O,,2008,1,3,03/10/08,22.258064516,25.703732677,25.954868823,24.448051948,,43.7,13.9,,,,,,,,,,,,,,,,,,,,,,,,,,,,,,,,,,,,,,,,,,,,,,,,,,,,,,,,,,,,,,,,,,,,,,,,,,,,,,,,,,,,,,,,,111.8,92.7,,,,,,,,,,,,,,,,,,,,,,,,,,,,,,,,,,,,,,,,,,,,,,,,,,,,,,,,,,,,,,,,,,,,,,,,,,,,,,,,,,,,,,,,57.6,204.5,28.8,102.25,55,115,2,2
011,05,A,N,2,16,467,53,6,54,39,7,-14,1.5,1,0,0,90,803,43,15,113.8,98.1,64.8,37.1,17.4,27.3,42.3,61.6,69.9,59.1,33,26.6,25.9,31.1,20.9,,,,,,,,,,,,,,,,,,,,,,,,,,,,,,,,,,,,,,,,,,,,,,,,,,,,,,,,,,,,,,,,,,,,,,,,,,,,53.8,51.5,61.3,87.8,103.7,121,108.4,88.8,65.8,57.7,66.3,74.6,87.7,113.1,113.4,,,,,,,,,,,,,,,,,,,,,,,,,,,,,,,,,,,,,,,,,,,,,,,,,,,,,,,,,,,,,,,,,,,,,,,,,,,,TT,O,,2008,2,3,03/10/08,29.1875,25.703732677,25.954868823,24.448051948,,,,37.1,17.4,27.3,42.3,61.6,69.9,59.1,33,26.6,25.9,31.1,20.9,,,,,,,,,,,,,,,,,,,,,,,,,,,,,,,,,,,,,,,,,,,,,,,,,,,,,,,,,,,,,,,,,,,,,,,,,,,,,,,87.8,103.7,121,108.4,88.8,65.8,57.7,66.3,74.6,87.7,113.1,113.4,,,,,,,,,,,,,,,,,,,,,,,,,,,,,,,,,,,,,,,,,,,,,,,,,,,,,,,,,,,,,,,,,,,,,,,,,,,,452.2,1088.3,37.683333333,90.691666667,115,55,4,4
012,05,A,W,2,6.1,144,30,60,66,21,13,-16,1.5,0,0,0,90,803,43,6,119.1,104,76.3,59.9,32.1,22.1,,,,,,,,,,,,,,,,,,,,,,,,,,,,,,,,,,,,,,,,,,,,,,,,,,,,,,,,,,,,,,,,,,,,,,,,,,,,,,,,,,,,,49,39.5,36.5,41.5,64.4,73.7,,,,,,,,,,,,,,,,,,,,,,,,,,,,,,,,,,,,,,,,,,,,,,,,,,,,,,,,,,,,,,,,,,,,,,,,,,,,,,,,,,,,,TT,O,,2008,3,3,03/10/08,23.606557377,25.703732677,25.954868823,24.448051948,,,,59.9,32.1,22.1,,,,,,,,,,,,,,,,,,,,,,,,,,,,,,,,,,,,,,,,,,,,,,,,,,,,,,,,,,,,,,,,,,,,,,,,,,,,,,,,,,,,,,,,41.5,64.4,73.7,,,,,,,,,,,,,,,,,,,,,,,,,,,,,,,,,,,,,,,,,,,,,,,,,,,,,,,,,,,,,,,,,,,,,,,,,,,,,,,,,,,,,114.1,179.6,38.033333333,59.866666667,115,55,4,4
010,06,A,S,2,4,114,38,1,64,30,6,-120,1.5,1,0,0,90,803,43,3,62.3,52.6,38,,,,,,,,,,,,,,,,,,,,,,,,,,,,,,,,,,,,,,,,,,,,,,,,,,,,,,,,,,,,,,,,,,,,,,,,,,,,,,,,,,,,,,,,107.5,87.4,92.4,,,,,,,,,,,,,,,,,,,,,,,,,,,,,,,,,,,,,,,,,,,,,,,,,,,,,,,,,,,,,,,,,,,,,,,,,,,,,,,,,,,,,,,,TT,O,,2008,4,3,03/11/08,28.5,25.703732677,25.954868823,24.448051948,,52.6,38,,,,,,,,,,,,,,,,,,,,,,,,,,,,,,,,,,,,,,,,,,,,,,,,,,,,,,,,,,,,,,,,,,,,,,,,,,,,,,,,,,,,,,,,,87.4,92.4,,,,,,,,,,,,,,,,,,,,,,,,,,,,,,,,,,,,,,,,,,,,,,,,,,,,,,,,,,,,,,,,,,,,,,,,,,,,,,,,,,,,,,,,90.6,179.8,45.3,89.9,55,115,2,2
011,06,A,N,2,27,708,31,12,41,35,24,5,1.5,1,0,0,90,803,43,26,112.6,93.7,70.4,56.4,66.2,69,69.6,69.2,75,66.8,43.9,33,38,42.9,60.6,82.8,90.6,91.7,101.3,98,85.2,61.6,32.6,13.9,27.5,24,,,,,,,,,,,,,,,,,,,,,,,,,,,,,,,,,,,,,,,,,,,,,,,,,,,,,,,,,,,,,,,,,54.7,48.1,37.2,48.3,33.5,28.1,43.6,74.2,104.3,122.2,126.8,127.2,127.9,116.1,109,107.4,93.2,71.8,62.7,62.6,62.6,60.2,68.2,88.4,106.1,100.2,,,,,,,,,,,,,,,,,,,,,,,,,,,,,,,,,,,,,,,,,,,,,,,,,,,,,,,,,,,,,,,,,TT,O,,2008,5,3,03/11/08,26.222222222,25.703732677,25.954868823,24.448051948,,,,56.4,66.2,69,69.6,69.2,75,66.8,43.9,33,38,42.9,60.6,82.8,90.6,91.7,101.3,98,85.2,61.6,32.6,13.9,27.5,24,,,,,,,,,,,,,,,,,,,,,,,,,,,,,,,,,,,,,,,,,,,,,,,,,,,,,,,,,,,,,,,,,,,,48.3,33.5,28.1,43.6,74.2,104.3,122.2,126.8,127.2,127.9,116.1,109,107.4,93.2,71.8,62.7,62.6,62.6,60.2,68.2,88.4,106.1,100.2,,,,,,,,,,,,,,,,,,,,,,,,,,,,,,,,,,,,,,,,,,,,,,,,,,,,,,,,,,,,,,,,,1399.8,1944.6,60.860869565,84.547826087,115,55,4,4
012,06,A,E,2,30.8,753,75,9,54,26,20,-7,1.5,3,0,0,90,803,43,30,54.2,42.3,23.9,36.3,38.8,21.1,9.6,28.8,31.3,20.7,17.1,19.6,15.9,20.6,24.1,26.2,31.9,36.6,42.1,42.8,33.8,18.9,18.2,36,43.4,61.6,73.3,78.9,92.9,109.7,,,,,,,,,,,,,,,,,,,,,,,,,,,,,,,,,,,,,,,,,,,,,,,,,,,,,,,,,,,,,122.5,115.9,115,131.1,133.4,113.1,92.9,67.1,64.4,76.1,81,76,83.4,84.5,75.2,70.6,87,108.6,129.5,137.7,126.6,106,81.2,65.4,76.6,79.4,66.4,51.5,25.6,19.4,,,,,,,,,,,,,,,,,,,,,,,,,,,,,,,,,,,,,,,,,,,,,,,,,,,,,,,,,,,,,FS,O,,2008,6,3,03/11/08,24.448051948,25.703732677,25.954868823,24.448051948,,42.3,23.9,36.3,38.8,21.1,9.6,28.8,31.3,20.7,17.1,19.6,15.9,20.6,24.1,26.2,31.9,36.6,42.1,42.8,33.8,18.9,18.2,36,43.4,61.6,73.3,78.9,92.9,109.7,,,,,,,,,,,,,,,,,,,,,,,,,,,,,,,,,,,,,,,,,,,,,,,,,,,,,,,,,,,,,,115.9,115,131.1,133.4,113.1,92.9,67.1,64.4,76.1,81,76,83.4,84.5,75.2,70.6,87,108.6,129.5,137.7,126.6,106,81.2,65.4,76.6,79.4,66.4,51.5,25.6,19.4,,,,,,,,,,,,,,,,,,,,,,,,,,,,,,,,,,,,,,,,,,,,,,,,,,,,,,,,,,,,,1096.4,2540.6,37.806896552,87.606896552,55,115,2,2
013,05,A,E,2,22.3,614,29,25,19,64,17,65,1.5,1,0,0,90,803,45,22,65.5,58.3,50.9,66.2,99.8,112.2,115,113.3,106.5,92.4,76.5,63.5,55.4,40,32.3,38.6,44.1,57.3,69.9,50.6,35.6,18.1,,,,,,,,,,,,,,,,,,,,,,,,,,,,,,,,,,,,,,,,,,,,,,,,,,,,,,,,,,,,,,,,,,,,,113.7,91.8,69,34.7,23.1,18.9,25.4,35.3,48.4,63.6,83.7,103.8,121.4,124.6,126.7,118.1,112,108.9,112.1,107.3,93.1,90.2,,,,,,,,,,,,,,,,,,,,,,,,,,,,,,,,,,,,,,,,,,,,,,,,,,,,,,,,,,,,,,,,,,,,,TT,O,,2008,1,3,03/10/08,27.533632287,23.442184836,24.05219043,20.392156863,,58.3,50.9,66.2,99.8,112.2,115,113.3,106.5,92.4,76.5,63.5,55.4,40,32.3,38.6,44.1,57.3,69.9,50.6,35.6,18.1,,,,,,,,,,,,,,,,,,,,,,,,,,,,,,,,,,,,,,,,,,,,,,,,,,,,,,,,,,,,,,,,,,,,,,91.8,69,34.7,23.1,18.9,25.4,35.3,48.4,63.6,83.7,103.8,121.4,124.6,126.7,118.1,112,108.9,112.1,107.3,93.1,90.2,,,,,,,,,,,,,,,,,,,,,,,,,,,,,,,,,,,,,,,,,,,,,,,,,,,,,,,,,,,,,,,,,,,,,1396.5,1712.1,66.5,81.528571429,55,115,2,2
014,05,A,N,2,18.2,449,38,44,65,17,18,53,1.5,1,0,0,90,803,45,18,118.9,114.1,100.3,76.4,49.7,31.9,36.5,45.8,35.6,21.5,25.6,48.5,70.1,78.3,81,66.6,42.8,18,,,,,,,,,,,,,,,,,,,,,,,,,,,,,,,,,,,,,,,,,,,,,,,,,,,,,,,,,,,,,,,,,,,,,,,,,51.8,44.5,27.1,22.6,47.5,80.8,112.3,131.4,124.9,103.9,78,49,28.1,22.2,33.4,52,70.9,93,,,,,,,,,,,,,,,,,,,,,,,,,,,,,,,,,,,,,,,,,,,,,,,,,,,,,,,,,,,,,,,,,,,,,,,,,TT,O,,2008,2,3,03/10/08,24.67032967,23.442184836,24.05219043,20.392156863,,,,,49.7,31.9,36.5,45.8,35.6,21.5,25.6,48.5,70.1,78.3,81,66.6,42.8,18,,,,,,,,,,,,,,,,,,,,,,,,,,,,,,,,,,,,,,,,,,,,,,,,,,,,,,,,,,,,,,,,,,,,,,,,,,,,,47.5,80.8,112.3,131.4,124.9,103.9,78,49,28.1,22.2,33.4,52,70.9,93,,,,,,,,,,,,,,,,,,,,,,,,,,,,,,,,,,,,,,,,,,,,,,,,,,,,,,,,,,,,,,,,,,,,,,,,,651.9,1027.4,46.564285714,73.385714286,115,55,5,5
015,05,A,W,2,10.1,235,52,16,20,50,30,37,1.5,2,0,0,90,803,45,10,122,117.3,100.3,77,51.5,29.1,31.8,34.2,21.8,10.4,,,,,,,,,,,,,,,,,,,,,,,,,,,,,,,,,,,,,,,,,,,,,,,,,,,,,,,,,,,,,,,,,,,,,,,,,,,,,,,,,59.2,60.3,63.5,73.1,90.7,106.3,123.9,127.3,113.6,98.6,,,,,,,,,,,,,,,,,,,,,,,,,,,,,,,,,,,,,,,,,,,,,,,,,,,,,,,,,,,,,,,,,,,,,,,,,,,,,,,,,TT,O,,2008,3,3,03/10/08,23.267326733,23.442184836,24.05219043,20.392156863,,,,,51.5,29.1,31.8,34.2,21.8,10.4,,,,,,,,,,,,,,,,,,,,,,,,,,,,,,,,,,,,,,,,,,,,,,,,,,,,,,,,,,,,,,,,,,,,,,,,,,,,,,,,,,,,,90.7,106.3,123.9,127.3,113.6,98.6,,,,,,,,,,,,,,,,,,,,,,,,,,,,,,,,,,,,,,,,,,,,,,,,,,,,,,,,,,,,,,,,,,,,,,,,,,,,,,,,,178.8,660.4,29.8,110.06666667,115,55,5,5
013,06,A,S,2,2.6,61,100,0,40,56,4,8,1.5,2,0,0,90,803,45,2,42.5,16.9,,,,,,,,,,,,,,,,,,,,,,,,,,,,,,,,,,,,,,,,,,,,,,,,,,,,,,,,,,,,,,,,,,,,,,,,,,,,,,,,,,,,,,,,,115.5,103.4,,,,,,,,,,,,,,,,,,,,,,,,,,,,,,,,,,,,,,,,,,,,,,,,,,,,,,,,,,,,,,,,,,,,,,,,,,,,,,,,,,,,,,,,,TT,O,,2008,4,3,03/11/08,23.461538462,23.442184836,24.05219043,20.392156863,,16.9,,,,,,,,,,,,,,,,,,,,,,,,,,,,,,,,,,,,,,,,,,,,,,,,,,,,,,,,,,,,,,,,,,,,,,,,,,,,,,,,,,,,,,,,,,103.4,,,,,,,,,,,,,,,,,,,,,,,,,,,,,,,,,,,,,,,,,,,,,,,,,,,,,,,,,,,,,,,,,,,,,,,,,,,,,,,,,,,,,,,,,16.9,103.4,16.9,103.4,55,115,2,2
014,06,A,N,2,12.8,273,37,38,67,21,12,63,1.5,1,1,0,90,803,45,12,121.3,114.9,99.9,75.9,50.6,27.8,18.1,32.6,35.4,37.8,38.6,25.1,,,,,,,,,,,,,,,,,,,,,,,,,,,,,,,,,,,,,,,,,,,,,,,,,,,,,,,,,,,,,,,,,,,,,,,,,,,,,,,47.1,35.8,16.7,20.5,45.2,68.5,93.4,105.2,92.9,81.8,78.6,75.4,,,,,,,,,,,,,,,,,,,,,,,,,,,,,,,,,,,,,,,,,,,,,,,,,,,,,,,,,,,,,,,,,,,,,,,,,,,,,,,TT,O,,2008,5,3,03/11/08,21.328125,23.442184836,24.05219043,20.392156863,,,,,50.6,27.8,18.1,32.6,35.4,37.8,38.6,25.1,,,,,,,,,,,,,,,,,,,,,,,,,,,,,,,,,,,,,,,,,,,,,,,,,,,,,,,,,,,,,,,,,,,,,,,,,,,,,,,,,,,45.2,68.5,93.4,105.2,92.9,81.8,78.6,75.4,,,,,,,,,,,,,,,,,,,,,,,,,,,,,,,,,,,,,,,,,,,,,,,,,,,,,,,,,,,,,,,,,,,,,,,,,,,,,,,266,641,33.25,80.125,115,55,5,5
015,06,A,E,2,30.6,624,67,1,34,39,27,93,1.5,5,0,0,90,803,45,30,70.7,67.9,67.7,69.4,61.1,42.2,19.3,13.6,33.7,45.5,42.5,30,16.7,11.1,11.6,11.2,7.7,18.9,22.3,33.8,48.6,40.4,36.5,22.9,11.2,34.4,60.9,81.9,88.9,89.6,,,,,,,,,,,,,,,,,,,,,,,,,,,,,,,,,,,,,,,,,,,,,,,,,,,,,,,,,,,,,122.5,101.6,85.7,83.8,74.7,68.3,77.7,98.8,120.8,132.1,130.5,124.1,107.5,96.4,92.3,99.4,92.7,95.2,95.1,115,130.8,117.7,112.5,104.8,104.5,119.2,119.7,113.1,103.6,88.7,,,,,,,,,,,,,,,,,,,,,,,,,,,,,,,,,,,,,,,,,,,,,,,,,,,,,,,,,,,,,FS,O,,2008,6,3,03/11/08,20.392156863,23.442184836,24.05219043,20.392156863,,,67.7,69.4,61.1,42.2,19.3,13.6,33.7,45.5,42.5,30,16.7,11.1,11.6,11.2,7.7,18.9,22.3,33.8,48.6,40.4,36.5,22.9,11.2,34.4,60.9,81.9,88.9,89.6,,,,,,,,,,,,,,,,,,,,,,,,,,,,,,,,,,,,,,,,,,,,,,,,,,,,,,,,,,,,,,,85.7,83.8,74.7,68.3,77.7,98.8,120.8,132.1,130.5,124.1,107.5,96.4,92.3,99.4,92.7,95.2,95.1,115,130.8,117.7,112.5,104.8,104.5,119.2,119.7,113.1,103.6,88.7,,,,,,,,,,,,,,,,,,,,,,,,,,,,,,,,,,,,,,,,,,,,,,,,,,,,,,,,,,,,,1073.6,2904.7,38.342857143,103.73928571,55,115,3,3
016,05,A,E,2,2.8,61,59,1,7,55,38,-5,1.5,0,0,0,90,803,51,2,62.2,40.7,,,,,,,,,,,,,,,,,,,,,,,,,,,,,,,,,,,,,,,,,,,,,,,,,,,,,,,,,,,,,,,,,,,,,,,,,,,,,,,,,,,,,,,,,121.8,110.8,,,,,,,,,,,,,,,,,,,,,,,,,,,,,,,,,,,,,,,,,,,,,,,,,,,,,,,,,,,,,,,,,,,,,,,,,,,,,,,,,,,,,,,,,TT,O,,2008,1,3,03/10/08,21.785714286,25.063592719,25.366213543,23.550488599,,40.7,,,,,,,,,,,,,,,,,,,,,,,,,,,,,,,,,,,,,,,,,,,,,,,,,,,,,,,,,,,,,,,,,,,,,,,,,,,,,,,,,,,,,,,,,,110.8,,,,,,,,,,,,,,,,,,,,,,,,,,,,,,,,,,,,,,,,,,,,,,,,,,,,,,,,,,,,,,,,,,,,,,,,,,,,,,,,,,,,,,,,,40.7,110.8,40.7,110.8,55,115,2,2
017,05,A,N,2,9.6,245,10,16,37,49,14,-6,1.5,0,0,0,90,803,51,9,114.8,101.4,77.5,66,78.3,80.3,75.7,56.1,28.8,,,,,,,,,,,,,,,,,,,,,,,,,,,,,,,,,,,,,,,,,,,,,,,,,,,,,,,,,,,,,,,,,,,,,,,,,,,,,,,,,,52.7,49.2,57.9,89,96,89.1,77.8,62.5,74.2,,,,,,,,,,,,,,,,,,,,,,,,,,,,,,,,,,,,,,,,,,,,,,,,,,,,,,,,,,,,,,,,,,,,,,,,,,,,,,,,,,TT,O,,2008,2,3,03/10/08,25.520833333,25.063592719,25.366213543,23.550488599,,,,,78.3,80.3,75.7,56.1,28.8,,,,,,,,,,,,,,,,,,,,,,,,,,,,,,,,,,,,,,,,,,,,,,,,,,,,,,,,,,,,,,,,,,,,,,,,,,,,,,,,,,,,,,96,89.1,77.8,62.5,74.2,,,,,,,,,,,,,,,,,,,,,,,,,,,,,,,,,,,,,,,,,,,,,,,,,,,,,,,,,,,,,,,,,,,,,,,,,,,,,,,,,,319.2,399.6,63.84,79.92,115,55,5,5
018,05,A,W,2,18.5,507,5,26,43,46,11,-49,1.5,1,1,0,90,803,51,18,122,111,96.4,82.1,72.6,65,56.1,66.3,58.3,56.7,56.8,57,71,94.5,104,94.1,71.3,30.7,,,,,,,,,,,,,,,,,,,,,,,,,,,,,,,,,,,,,,,,,,,,,,,,,,,,,,,,,,,,,,,,,,,,,,,,,46.4,25.8,8.7,32.7,61.5,88.4,106.5,123.9,106.4,85.3,65.8,45.2,37.1,49.7,65.1,72.8,75.3,83.4,,,,,,,,,,,,,,,,,,,,,,,,,,,,,,,,,,,,,,,,,,,,,,,,,,,,,,,,,,,,,,,,,,,,,,,,,TT,O,,2008,3,3,03/10/08,27.405405405,25.063592719,25.366213543,23.550488599,,,,,72.6,65,56.1,66.3,58.3,56.7,56.8,57,71,94.5,104,94.1,71.3,30.7,,,,,,,,,,,,,,,,,,,,,,,,,,,,,,,,,,,,,,,,,,,,,,,,,,,,,,,,,,,,,,,,,,,,,,,,,,,,,61.5,88.4,106.5,123.9,106.4,85.3,65.8,45.2,37.1,49.7,65.1,72.8,75.3,83.4,,,,,,,,,,,,,,,,,,,,,,,,,,,,,,,,,,,,,,,,,,,,,,,,,,,,,,,,,,,,,,,,,,,,,,,,,954.4,1066.4,68.171428571,76.171428571,115,55,5,5
016,06,A,S,2,7.5,192,32,2,28,70,2,-64,1.5,1,0,0,90,803,51,7,61.6,65.5,71.1,76.7,64.5,37.8,16.8,,,,,,,,,,,,,,,,,,,,,,,,,,,,,,,,,,,,,,,,,,,,,,,,,,,,,,,,,,,,,,,,,,,,,,,,,,,,,,,,,,,,106.3,80.2,71.3,81.8,98.3,113.7,108.2,,,,,,,,,,,,,,,,,,,,,,,,,,,,,,,,,,,,,,,,,,,,,,,,,,,,,,,,,,,,,,,,,,,,,,,,,,,,,,,,,,,,TT,O,,2008,4,3,03/11/08,25.6,25.063592719,25.366213543,23.550488599,,65.5,71.1,76.7,64.5,37.8,16.8,,,,,,,,,,,,,,,,,,,,,,,,,,,,,,,,,,,,,,,,,,,,,,,,,,,,,,,,,,,,,,,,,,,,,,,,,,,,,,,,,,,,,80.2,71.3,81.8,98.3,113.7,108.2,,,,,,,,,,,,,,,,,,,,,,,,,,,,,,,,,,,,,,,,,,,,,,,,,,,,,,,,,,,,,,,,,,,,,,,,,,,,,,,,,,,,332.4,553.5,55.4,92.25,55,115,2,2
017,06,A,N,2,49.7,1318,38,23,35,45,20,0,1.5,1,0,0,90,803,51,49,112.9,101.3,80.4,55.8,51.7,54.6,55.9,51.7,48.3,31.9,25.3,44.3,39,25.6,19.7,27.9,39,58,47.5,36.1,31.5,49.6,78.8,107.9,125.6,127.8,112.7,97.1,71.6,45.6,29.5,38.6,39,38.2,44.7,61.6,84.3,108.2,122.1,121.5,112.5,97.3,75.3,55.6,43.7,44.3,43,34.9,17.4,,,,,,,,,,,,,,,,,,,,,,,,,,,,,,,,,,,,,,,,,,54.3,48.6,53.1,76,104.9,125.7,117.3,99.2,89.2,73.4,76.8,95.8,114.7,116.6,103.1,94.8,91,105.3,114.5,103.1,83.2,54.8,26.6,25.9,42.6,51.7,57.8,63.1,78.2,95.2,116,132.3,124.4,107.2,83.3,56.9,32.7,25.3,30.1,26.9,22.4,29.5,52,79.1,105.6,129,137.6,128.3,109.5,,,,,,,,,,,,,,,,,,,,,,,,,,,,,,,,,,,,,,,,,,TT,O,,2008,5,3,03/11/08,26.519114688,25.063592719,25.366213543,23.550488599,,,,,51.7,54.6,55.9,51.7,48.3,31.9,25.3,44.3,39,25.6,19.7,27.9,39,58,47.5,36.1,31.5,49.6,78.8,107.9,125.6,127.8,112.7,97.1,71.6,45.6,29.5,38.6,39,38.2,44.7,61.6,84.3,108.2,122.1,121.5,112.5,97.3,75.3,55.6,43.7,44.3,43,34.9,17.4,,,,,,,,,,,,,,,,,,,,,,,,,,,,,,,,,,,,,,,,,,,,,,104.9,125.7,117.3,99.2,89.2,73.4,76.8,95.8,114.7,116.6,103.1,94.8,91,105.3,114.5,103.1,83.2,54.8,26.6,25.9,42.6,51.7,57.8,63.1,78.2,95.2,116,132.3,124.4,107.2,83.3,56.9,32.7,25.3,30.1,26.9,22.4,29.5,52,79.1,105.6,129,137.6,128.3,109.5,,,,,,,,,,,,,,,,,,,,,,,,,,,,,,,,,,,,,,,,,,2716.4,3732.6,60.364444444,82.946666667,115,55,5,5
018,06,A,E,2,30.7,723,57,27,58,32,10,10,1.5,2,1,0,90,803,51,30,56.6,44.3,19.3,18.2,21.4,26.6,25,36.4,32.3,16.6,13.1,25.4,47.2,52.7,64.1,84.3,103.8,107,97.8,81.5,53.8,24.4,20.4,34,28.3,24.9,19.2,41.2,67.9,65.1,,,,,,,,,,,,,,,,,,,,,,,,,,,,,,,,,,,,,,,,,,,,,,,,,,,,,,,,,,,,,118.5,109.9,85.9,79.4,77.1,86,100.4,125.9,127.4,111.4,96.3,75,50.1,42.9,35.8,28,27.8,24.9,10.3,14,41.6,71,101,107.4,95.4,87.9,78.9,83.6,105.5,116.3,,,,,,,,,,,,,,,,,,,,,,,,,,,,,,,,,,,,,,,,,,,,,,,,,,,,,,,,,,,,,FS,O,,2008,6,3,03/11/08,23.550488599,25.063592719,25.366213543,23.550488599,,44.3,19.3,18.2,21.4,26.6,25,36.4,32.3,16.6,13.1,25.4,47.2,52.7,64.1,84.3,103.8,107,97.8,81.5,53.8,24.4,20.4,34,28.3,24.9,19.2,41.2,67.9,65.1,,,,,,,,,,,,,,,,,,,,,,,,,,,,,,,,,,,,,,,,,,,,,,,,,,,,,,,,,,,,,,109.9,85.9,79.4,77.1,86,100.4,125.9,127.4,111.4,96.3,75,50.1,42.9,35.8,28,27.8,24.9,10.3,14,41.6,71,101,107.4,95.4,87.9,78.9,83.6,105.5,116.3,,,,,,,,,,,,,,,,,,,,,,,,,,,,,,,,,,,,,,,,,,,,,,,,,,,,,,,,,,,,,1296.2,2197.1,44.696551724,75.762068966,55,115,2,2
019,05,A,E,2,90.1,2506,23,25,10,19,71,85,1.5,0,0,0,90,803,52,90,71.5,79.1,91.6,109,125.3,128.7,127.4,126.2,120.5,107.2,95.6,76,50,40.6,41.7,53.1,67.7,85.1,96.7,104.7,108.9,111.6,127.5,131.5,130.6,125.5,115.9,104.3,96,79,58,35.3,25.8,34.2,54.8,58.1,56.5,58.2,67,85.3,108.3,124.8,125.9,125.5,126.8,124.2,119.7,106.5,93.1,75.1,49.7,36.2,41.3,50.8,49.9,47.1,40.7,34.2,40.8,62.9,87.6,97.2,97.3,102.6,115.6,130.1,130.2,127.7,122.2,115.2,103.8,93.9,80.2,68.5,55.1,44.3,43.1,48.7,62.7,79.4,92.6,95.6,84.8,68.7,42.1,20,18.3,42.4,69.7,94.7,116.4,94.5,69,46.7,39.9,34.4,38,54.3,73.8,90.3,105.5,115.6,125.6,133.7,133.1,129.1,119.8,109.1,92.4,74.7,60.1,43.7,33.9,38.3,44.9,55.6,68.4,83.9,103.5,113.7,120.2,123.3,120.2,122.9,133.2,123.1,106.3,84.9,59.7,36.4,32.7,44.5,40.4,32.6,35.4,51.2,72.9,92.8,103.6,115.2,125.7,129,133.3,129.7,112,95.6,81.4,64.4,64.9,80.5,101.3,103.3,84,61.6,44,41.2,35.9,42,55.6,68,80.4,99.1,112.9,123.9,130.4,134,137.3,133.6,126.5,117.6,108.8,102.8,99.5,99.5,95.9,88.1,81.3,80,85.1,92.7,TT,O,,2008,1,3,03/10/08,27.813540511,24.796217935,24.908555984,24.234527687,,79.1,91.6,109,125.3,128.7,127.4,126.2,120.5,107.2,95.6,76,50,40.6,41.7,53.1,67.7,85.1,96.7,104.7,108.9,111.6,127.5,131.5,130.6,125.5,115.9,104.3,96,79,58,35.3,25.8,34.2,54.8,58.1,56.5,58.2,67,85.3,108.3,124.8,125.9,125.5,126.8,124.2,119.7,106.5,93.1,75.1,49.7,36.2,41.3,50.8,49.9,47.1,40.7,34.2,40.8,62.9,87.6,97.2,97.3,102.6,115.6,130.1,130.2,127.7,122.2,115.2,103.8,93.9,80.2,68.5,55.1,44.3,43.1,48.7,62.7,79.4,92.6,95.6,84.8,68.7,42.1,20,18.3,42.4,69.7,94.7,,94.5,69,46.7,39.9,34.4,38,54.3,73.8,90.3,105.5,115.6,125.6,133.7,133.1,129.1,119.8,109.1,92.4,74.7,60.1,43.7,33.9,38.3,44.9,55.6,68.4,83.9,103.5,113.7,120.2,123.3,120.2,122.9,133.2,123.1,106.3,84.9,59.7,36.4,32.7,44.5,40.4,32.6,35.4,51.2,72.9,92.8,103.6,115.2,125.7,129,133.3,129.7,112,95.6,81.4,64.4,64.9,80.5,101.3,103.3,84,61.6,44,41.2,35.9,42,55.6,68,80.4,99.1,112.9,123.9,130.4,134,137.3,133.6,126.5,117.6,108.8,102.8,99.5,99.5,95.9,88.1,81.3,80,85.1,92.7,7408,7759.8,83.235955056,87.188764045,55,115,2,2
020,05,A,N,2,90.1,2116,26,27,31,36,33,74,1.5,0,2,0,90,803,52,90,121.7,113.4,105.9,90,74.1,61.8,66.3,64,48.5,31.4,25.5,41.1,65.6,78.1,80,78.8,74.2,66.8,62.3,64.3,78.8,107.4,117.7,124.7,128.9,128.6,120.1,111.8,97.6,74.6,48.1,25.5,29.1,45,38.4,33.7,34.1,32.2,35.2,47.7,70.8,89,79.8,56.9,43.1,47.6,55.7,72.2,75.8,52.7,31.6,14.1,12.2,16.3,20.4,32,58.5,53.9,49.9,48.8,59.6,81.4,106.4,127.3,130.1,124.7,121.5,113.1,103.5,97.6,94.1,83.5,69,52,38.4,37.5,44.6,45.2,49.1,60.2,75.8,92,107.1,113.9,112.6,106.8,90.9,69.7,44.6,22.7,53.2,35.2,19.1,11,39.4,72.3,106.4,123.4,126.9,123,117.3,114.3,119.5,112,97.2,84.2,65.5,42.8,34.6,49.2,75.4,92.7,84.4,73.7,62.5,56.7,51.3,49.6,53,61.7,77.1,97.4,122.2,134,116.4,96,83.6,69.6,63.1,73.8,91,108.2,107.5,104.3,91.4,83.1,84.9,100.7,113.8,113.6,104.5,90.8,85.4,86.4,89.6,110.4,131.1,115.4,98,75.2,46.7,18.1,12.7,32.2,35.3,33,38.1,48,63.7,86.4,104.7,110.4,116.7,123.9,126.8,132.1,134.6,122.2,105.9,86.7,66.9,49.7,36.1,25.3,18.2,19.4,30.6,47.4,68.3,91.8,TT,O,,2008,2,3,03/10/08,23.485016648,24.796217935,24.908555984,24.234527687,,,,,74.1,61.8,66.3,64,48.5,31.4,25.5,41.1,65.6,78.1,80,78.8,74.2,66.8,62.3,64.3,78.8,107.4,117.7,124.7,128.9,128.6,120.1,111.8,97.6,74.6,48.1,25.5,29.1,45,38.4,33.7,34.1,32.2,35.2,47.7,70.8,89,79.8,56.9,43.1,47.6,55.7,72.2,75.8,52.7,31.6,14.1,12.2,16.3,20.4,32,58.5,53.9,49.9,48.8,59.6,81.4,106.4,127.3,130.1,124.7,121.5,113.1,103.5,97.6,94.1,83.5,69,52,38.4,37.5,44.6,45.2,49.1,60.2,75.8,92,107.1,113.9,112.6,106.8,90.9,69.7,44.6,22.7,,,,,39.4,72.3,106.4,123.4,126.9,123,117.3,114.3,119.5,112,97.2,84.2,65.5,42.8,34.6,49.2,75.4,92.7,84.4,73.7,62.5,56.7,51.3,49.6,53,61.7,77.1,97.4,122.2,134,116.4,96,83.6,69.6,63.1,73.8,91,108.2,107.5,104.3,91.4,83.1,84.9,100.7,113.8,113.6,104.5,90.8,85.4,86.4,89.6,110.4,131.1,115.4,98,75.2,46.7,18.1,12.7,32.2,35.3,33,38.1,48,63.7,86.4,104.7,110.4,116.7,123.9,126.8,132.1,134.6,122.2,105.9,86.7,66.9,49.7,36.1,25.3,18.2,19.4,30.6,47.4,68.3,91.8,5898.2,7039.4,68.58372093,81.853488372,115,55,5,5
021,05,A,W,2,41.8,951,24,21,25,23,52,42,1.5,2,0,0,90,803,52,41,126.5,117,108.2,89.7,60,35.8,28.6,42.5,47.1,50.6,49.1,46.5,38,37.3,48.8,75.5,105.3,120,124.2,126.9,129.6,130.8,131.4,129.9,127,120.6,113.5,107.1,94,83.8,77.2,80.9,79.4,76.9,67.7,53.6,37.6,28.4,27.2,20.9,16.8,,,,,,,,,,,,,,,,,,,,,,,,,,,,,,,,,,,,,,,,,,,,,,,,,,63.3,63.4,69.4,75.8,85,100.7,120.9,134.5,130,118.5,100.9,86.9,70.9,59.3,62.2,77.8,84.9,82.9,74.2,67.4,58,46.4,38.3,36.2,43.7,53.5,66.3,80.4,91.7,98.7,115.5,114.1,89.8,75.8,59.6,53.6,58.6,74.1,98.8,112.4,111.6,,,,,,,,,,,,,,,,,,,,,,,,,,,,,,,,,,,,,,,,,,,,,,,,,,TT,O,,2008,3,3,03/10/08,22.751196172,24.796217935,24.908555984,24.234527687,,,,,60,35.8,28.6,42.5,47.1,50.6,49.1,46.5,38,37.3,48.8,75.5,105.3,120,124.2,126.9,129.6,130.8,131.4,129.9,127,120.6,113.5,107.1,94,83.8,77.2,80.9,79.4,76.9,67.7,53.6,37.6,28.4,27.2,20.9,16.8,,,,,,,,,,,,,,,,,,,,,,,,,,,,,,,,,,,,,,,,,,,,,,,,,,,,,,85,100.7,120.9,134.5,130,118.5,100.9,86.9,70.9,59.3,62.2,77.8,84.9,82.9,74.2,67.4,58,46.4,38.3,36.2,43.7,53.5,66.3,80.4,91.7,98.7,115.5,114.1,89.8,75.8,59.6,53.6,58.6,74.1,98.8,112.4,111.6,,,,,,,,,,,,,,,,,,,,,,,,,,,,,,,,,,,,,,,,,,,,,,,,,,2770.5,3034.1,74.878378378,82.002702703,115,55,5,5
019,06,A,S,2,22.4,625,35,27,4,37,59,37,1.5,1,0,0,90,803,52,22,56.2,36.1,24.9,42.6,67.8,78.4,84.2,95.1,116.1,125,127.3,125.1,114.5,104.4,111.1,103.1,88.6,71.3,54,41.6,28.7,13.8,,,,,,,,,,,,,,,,,,,,,,,,,,,,,,,,,,,,,,,,,,,,,,,,,,,,,,,,,,,,,,,,,,,,,123.5,122.6,118.2,119.1,119.9,105.3,81.9,55.5,47,44.9,35.6,31.3,34.3,52.9,80.4,94.6,104.2,113.9,126.1,134.5,123.1,104.6,,,,,,,,,,,,,,,,,,,,,,,,,,,,,,,,,,,,,,,,,,,,,,,,,,,,,,,,,,,,,,,,,,,,,TT,O,,2008,4,3,03/11/08,27.901785714,24.796217935,24.908555984,24.234527687,,36.1,24.9,42.6,67.8,78.4,84.2,95.1,116.1,125,127.3,125.1,114.5,104.4,111.1,103.1,88.6,71.3,54,41.6,28.7,13.8,,,,,,,,,,,,,,,,,,,,,,,,,,,,,,,,,,,,,,,,,,,,,,,,,,,,,,,,,,,,,,,,,,,,,,122.6,118.2,119.1,119.9,105.3,81.9,55.5,47,44.9,35.6,31.3,34.3,52.9,80.4,94.6,104.2,113.9,126.1,134.5,123.1,104.6,,,,,,,,,,,,,,,,,,,,,,,,,,,,,,,,,,,,,,,,,,,,,,,,,,,,,,,,,,,,,,,,,,,,,1653.7,1849.9,78.747619048,88.09047619,55,115,2,2
020,06,A,N,2,82.2,1857,42,29,27,41,32,71,1.5,2,1,0,90,803,52,82,121.1,115.7,109.4,96.9,83.7,81.5,81.6,56,33.5,33.7,40.4,34.2,27.8,15.5,15.7,22.4,41.1,44.9,25.8,14.8,19.1,37.5,64,92.3,119.1,132.1,128,124.1,110.7,95.1,96.3,99.5,74.7,48.8,30.6,28.8,40.5,37.2,29.5,25.8,24.1,29.1,66.3,93.7,116.9,129.3,131.3,132,130.7,128,123.9,120.2,117.5,111.2,103.7,88,67.5,49.4,31.6,34.7,50.2,38.6,30.7,30.8,35.1,52.6,64.7,50,44.9,51.1,67,86.7,104.1,110.3,104.7,91.9,75.5,47,28.1,20.8,13.2,10.3,,,,,,,,,51.8,39.1,17.5,19.5,48.3,83.5,111.6,114.2,116.6,127.8,126.8,111.2,100.8,88.8,86.9,103.3,121.8,128.4,115.6,97.6,80.4,61.9,37.4,19.1,28.1,39.9,38.6,39.9,44.1,57.9,83.5,101.6,104.2,104.2,106.5,118.8,132.7,122.8,105.5,91.5,81,67.9,59.7,57,62.2,61,48.9,40.6,35.9,40.1,52,61.2,55.2,47.8,35.4,19.5,28.5,51.2,80.3,106.5,126.4,121.9,108.1,99,95.4,102.3,117.6,123,110.5,101.3,95.9,97,99.2,95.2,92.1,88.4,88.6,93,102.3,115.1,107,102,,,,,,,,,TT,O,,2008,5,3,03/11/08,22.591240876,24.796217935,24.908555984,24.234527687,,,,,83.7,81.5,81.6,56,33.5,33.7,40.4,34.2,27.8,15.5,15.7,22.4,41.1,44.9,25.8,14.8,19.1,37.5,64,92.3,119.1,132.1,128,124.1,110.7,95.1,96.3,99.5,74.7,48.8,30.6,28.8,40.5,37.2,29.5,25.8,24.1,29.1,66.3,93.7,116.9,129.3,131.3,132,130.7,128,123.9,120.2,117.5,111.2,103.7,88,67.5,49.4,31.6,34.7,50.2,38.6,30.7,30.8,35.1,52.6,64.7,50,44.9,51.1,67,86.7,104.1,110.3,104.7,91.9,75.5,47,28.1,20.8,13.2,10.3,,,,,,,,,,,,,48.3,83.5,111.6,114.2,116.6,127.8,126.8,111.2,100.8,88.8,86.9,103.3,121.8,128.4,115.6,97.6,80.4,61.9,37.4,19.1,28.1,39.9,38.6,39.9,44.1,57.9,83.5,101.6,104.2,104.2,106.5,118.8,132.7,122.8,105.5,91.5,81,67.9,59.7,57,62.2,61,48.9,40.6,35.9,40.1,52,61.2,55.2,47.8,35.4,19.5,28.5,51.2,80.3,106.5,126.4,121.9,108.1,99,95.4,102.3,117.6,123,110.5,101.3,95.9,97,99.2,95.2,92.1,88.4,88.6,93,102.3,115.1,107,102,,,,,,,,,5123.7,6575,65.688461538,84.294871795,115,55,5,5
021,06,A,E,2,30.7,744,39,4,26,45,29,63,1.5,1,0,0,90,803,52,30,64,56.9,50,45.5,56.5,77.5,98.7,99.2,85.5,68.9,51.5,40.5,32.8,19.7,8.6,20.4,48.3,70.9,92.6,113.8,114.7,105.4,86.5,66.6,41.2,29.1,32.6,37.2,28.4,23.9,,,,,,,,,,,,,,,,,,,,,,,,,,,,,,,,,,,,,,,,,,,,,,,,,,,,,,,,,,,,,115.7,96,79,59.6,43.2,54.3,81.2,99.6,105.6,109.2,117.8,131.3,127.8,112.9,93.8,75.2,55.5,45.4,52.4,69.8,83.7,86.8,88.1,96.7,108.6,115.6,125,129.6,119.2,114.2,,,,,,,,,,,,,,,,,,,,,,,,,,,,,,,,,,,,,,,,,,,,,,,,,,,,,,,,,,,,,FS,O,,2008,6,3,03/11/08,24.234527687,24.796217935,24.908555984,24.234527687,,56.9,50,45.5,56.5,77.5,98.7,99.2,85.5,68.9,51.5,40.5,32.8,19.7,8.6,20.4,48.3,70.9,92.6,113.8,114.7,105.4,86.5,66.6,41.2,29.1,32.6,37.2,28.4,23.9,,,,,,,,,,,,,,,,,,,,,,,,,,,,,,,,,,,,,,,,,,,,,,,,,,,,,,,,,,,,,,96,79,59.6,43.2,54.3,81.2,99.6,105.6,109.2,117.8,131.3,127.8,112.9,93.8,75.2,55.5,45.4,52.4,69.8,83.7,86.8,88.1,96.7,108.6,115.6,125,129.6,119.2,114.2,,,,,,,,,,,,,,,,,,,,,,,,,,,,,,,,,,,,,,,,,,,,,,,,,,,,,,,,,,,,,1703.4,2677.1,58.737931034,92.313793103,55,115,2,2
022,05,A,E,2,90.1,1200,17,14,2,10,88,-22,1.5,0,0,0,90,803,53,90,63.6,63.8,51,44.8,42.5,37.5,39.1,49.2,52.5,64.7,80.4,92.5,94.1,95.1,94.5,90.6,88.4,96.6,106.4,107.1,107,108.9,110.8,112.4,113.1,109.7,105.9,104.5,103.6,95.3,86.5,88.8,104.1,112.5,110.6,109,113.9,121.8,121.8,122.2,121.7,122,124.4,120.7,118.4,118.9,123.1,124.2,122,117.5,104.6,92.1,79.8,69.7,52.7,43.7,41.2,37.5,34.4,33.4,45,59.1,63.3,67.9,76,75.1,71.8,74.9,72.7,71.1,70.6,72.1,73.8,75.3,75.7,75,73.5,78.7,85.5,91.9,97.6,94.2,91.8,89.4,94,94.2,91.8,82.8,59.5,32.7,123.2,120.5,118.7,125,128.5,125.7,127.5,130.2,122.9,118.5,112.9,108,102.3,104.7,105,99.8,92.5,86.7,87.2,86.1,84.1,83.5,82.4,79.2,76.4,74.5,71.8,74.1,82.6,87.2,87.9,75.1,80.6,79,76.1,69.2,60,57.1,56.5,56.5,55.9,55,49.1,43.2,32.7,25.1,38.1,56.6,68.6,78.3,90.8,101.4,112.8,119.1,124.2,130.8,133.8,129.1,129.1,127.3,130.8,132.7,128.1,123.3,124,121.1,117.7,120,118.7,117.9,117.1,117.5,118.7,121.9,119.4,120,116.4,117.8,112.9,103.7,103.5,103.4,98.4,86.2,79.2,74.6,70.3,58.5,56.1,73.3,TT,O,,2008,1,3,03/10/08,13.318534961,13.689646966,13.035419496,16.960784314,,,,44.8,42.5,37.5,39.1,49.2,52.5,64.7,80.4,92.5,94.1,95.1,94.5,90.6,88.4,96.6,106.4,107.1,107,108.9,110.8,112.4,113.1,109.7,105.9,104.5,103.6,95.3,86.5,88.8,104.1,112.5,110.6,109,113.9,121.8,121.8,122.2,121.7,122,124.4,120.7,118.4,118.9,123.1,124.2,122,117.5,104.6,92.1,79.8,69.7,52.7,43.7,41.2,37.5,34.4,33.4,45,59.1,63.3,67.9,76,75.1,71.8,74.9,72.7,71.1,70.6,72.1,73.8,75.3,75.7,75,73.5,78.7,85.5,91.9,97.6,94.2,91.8,89.4,94,94.2,91.8,82.8,59.5,32.7,,,,125,128.5,125.7,127.5,130.2,122.9,118.5,112.9,108,102.3,104.7,105,99.8,92.5,86.7,87.2,86.1,84.1,83.5,82.4,79.2,76.4,74.5,71.8,74.1,82.6,87.2,87.9,75.1,80.6,79,76.1,69.2,60,57.1,56.5,56.5,55.9,55,49.1,43.2,32.7,25.1,38.1,56.6,68.6,78.3,90.8,101.4,112.8,119.1,124.2,130.8,133.8,129.1,129.1,127.3,130.8,132.7,128.1,123.3,124,121.1,117.7,120,118.7,117.9,117.1,117.5,118.7,121.9,119.4,120,116.4,117.8,112.9,103.7,103.5,103.4,98.4,86.2,79.2,74.6,70.3,58.5,56.1,73.3,7517.4,8261.5,86.406896552,94.959770115,55,115,4,4
023,05,A,N,2,90.1,1113,18,28,0,19,81,98,1.5,0,0,0,90,803,53,90,119.5,122.1,124.5,125.4,125.4,126.1,126.3,125.8,126.1,123.7,121.8,106.1,87.1,79.5,89.2,89.1,89.9,89.4,89.7,92.6,94.4,94.2,98.5,98.5,96.5,92.3,95.5,97.6,97.7,95.7,91.3,89.7,82.2,93.3,102.9,103.5,102.1,100.1,96.7,94.7,90.6,79.7,78.7,91,107.9,122.8,124.7,124,123,122.2,120.3,117.4,115.7,115.6,109.5,99.9,91.5,92.7,95.7,89.4,84.6,78.6,74.7,72.6,70.1,68.4,67.1,62.8,57.2,49.8,46.4,44.4,46,44.2,44.5,42.9,39.8,37.9,33.6,23.1,21.1,34.6,49.7,55.6,64.8,72.6,73.4,78.9,85.7,87.3,57.5,56.3,50.3,48,46.5,44.9,45.9,46.3,45.6,47.2,45.9,42.5,50,78.9,104.1,108.3,107,108.8,109.8,105.9,105.5,104.2,104,103.2,103.1,103.4,101.3,100.7,103.1,101.9,98.1,98.1,88.2,89.2,94.3,94.6,94.2,92.7,85.9,87.8,91.4,80.7,61.2,52.9,49.9,52.2,50.5,52.2,54.5,56.2,52.1,42.6,34.1,21.8,18.2,28.8,51.4,82.2,104.1,108.8,105.3,109.7,113.4,107.7,114.9,119.2,120.8,124.5,128.7,128.5,127.2,130.8,132.7,132,135.7,135.5,132.6,130.2,118.5,113.2,115.4,127.3,136.7,136,133.4,128.5,124.4,123.3,117.4,114.1,TT,O,,2008,2,3,03/10/08,12.352941176,13.689646966,13.035419496,16.960784314,,,,,,,,,126.1,123.7,121.8,106.1,87.1,79.5,89.2,89.1,89.9,89.4,89.7,92.6,94.4,94.2,98.5,98.5,96.5,92.3,95.5,97.6,97.7,95.7,91.3,89.7,82.2,93.3,102.9,103.5,102.1,100.1,96.7,94.7,90.6,79.7,78.7,91,107.9,122.8,124.7,124,123,122.2,120.3,117.4,115.7,115.6,109.5,99.9,91.5,92.7,95.7,89.4,84.6,78.6,74.7,72.6,70.1,68.4,67.1,62.8,57.2,49.8,46.4,44.4,46,44.2,44.5,42.9,39.8,37.9,33.6,23.1,21.1,34.6,49.7,55.6,64.8,72.6,73.4,78.9,85.7,87.3,,,,,,,,,45.6,47.2,45.9,42.5,50,78.9,104.1,108.3,107,108.8,109.8,105.9,105.5,104.2,104,103.2,103.1,103.4,101.3,100.7,103.1,101.9,98.1,98.1,88.2,89.2,94.3,94.6,94.2,92.7,85.9,87.8,91.4,80.7,61.2,52.9,49.9,52.2,50.5,52.2,54.5,56.2,52.1,42.6,34.1,21.8,18.2,28.8,51.4,82.2,104.1,108.8,105.3,109.7,113.4,107.7,114.9,119.2,120.8,124.5,128.7,128.5,127.2,130.8,132.7,132,135.7,135.5,132.6,130.2,118.5,113.2,115.4,127.3,136.7,136,133.4,128.5,124.4,123.3,117.4,114.1,6926.3,7770.9,84.467073171,94.767073171,115,55,9,9
024,05,A,W,2,90.1,1426,50,10,1,33,66,-58,1.5,0,0,0,90,803,53,90,125.5,128.2,126.1,119.8,115.9,108,99.3,104.8,115.2,114.5,117.4,111.9,99.8,94.6,81.9,65.5,55,53.5,54,52,49,50.4,48.6,48,38.2,30.7,26.2,26,35.2,32.2,28,24.4,12.8,21.5,35.6,52,62.8,62.1,63.3,72.1,83.2,95.9,109.5,116.4,114.3,115,117,117.4,113.5,107.6,100.7,91.9,82.2,70.4,58.7,48.3,42.4,36.4,47.5,51.4,40,38.5,36.4,34.8,42.2,45.1,51.6,60.3,68.5,75.3,73.5,71.1,69.5,69.9,72.9,75.7,77.8,70.6,61.6,52.9,46.4,27.9,30.2,30.3,40.1,37.3,27.7,32.9,47.9,62,60.6,62.2,58.8,45.8,41.4,36,44.9,70.4,85.4,84.7,84.6,81.1,69.7,66.8,67.3,79.9,100.1,118.6,130.7,128.1,127.4,128.9,128.1,120,111.9,112,113.6,118.6,130,127.3,123.1,118.5,107.2,107.9,111.3,123.6,131.8,126.8,117.5,107.7,95,80.7,70.7,68.7,66.3,62.1,63.6,64.4,64.7,76,93.7,104.5,115.7,124.9,131.1,133.7,134.5,129.9,130.6,119.6,109.9,107.3,106.9,121.4,136.8,137.4,136.4,134.7,131,126.1,121.9,117.3,111.4,106,109.2,110.8,117.9,124.4,130.5,132.3,133.9,119,120,121.4,133.5,132,121.5,120.9,124.3,129,TT,O,,2008,3,3,03/10/08,15.826859046,13.689646966,13.035419496,16.960784314,,,,,,,,,115.2,114.5,117.4,111.9,99.8,94.6,81.9,65.5,55,53.5,54,52,49,50.4,48.6,48,38.2,30.7,26.2,26,35.2,32.2,28,24.4,12.8,21.5,35.6,52,62.8,62.1,63.3,72.1,83.2,95.9,109.5,116.4,114.3,115,117,117.4,113.5,107.6,100.7,91.9,82.2,70.4,58.7,48.3,42.4,36.4,47.5,51.4,40,38.5,36.4,34.8,42.2,45.1,51.6,60.3,68.5,75.3,73.5,71.1,69.5,69.9,72.9,75.7,77.8,70.6,61.6,52.9,46.4,27.9,30.2,30.3,40.1,37.3,27.7,32.9,47.9,62,,,,,,,,,85.4,84.7,84.6,81.1,69.7,66.8,67.3,79.9,100.1,118.6,130.7,128.1,127.4,128.9,128.1,120,111.9,112,113.6,118.6,130,127.3,123.1,118.5,107.2,107.9,111.3,123.6,131.8,126.8,117.5,107.7,95,80.7,70.7,68.7,66.3,62.1,63.6,64.4,64.7,76,93.7,104.5,115.7,124.9,131.1,133.7,134.5,129.9,130.6,119.6,109.9,107.3,106.9,121.4,136.8,137.4,136.4,134.7,131,126.1,121.9,117.3,111.4,106,109.2,110.8,117.9,124.4,130.5,132.3,133.9,119,120,121.4,133.5,132,121.5,120.9,124.3,129,5125,9105.7,62.5,111.04512195,115,55,9,9
022,06,A,S,2,90.1,978,32,12,3,43,54,5,1.5,0,0,0,90,803,53,90,57.3,48,43.7,43,41.1,40.2,39.2,38.6,37.5,36.4,35.6,34.3,33.7,32,31.6,36,39.6,25.9,18.9,16.1,15.8,19.3,18,25.4,40.4,53.1,48.9,48.3,60.6,63.9,64.8,72,78.1,82,84.7,87,86.5,86.4,82.8,81,79.6,69.1,70.3,72.5,76.1,79.3,82.6,85.3,87.9,89.9,92.5,103.7,120.3,128.9,129,128.8,126.4,125.5,123.4,109.1,83.6,55.2,47,60.8,75.9,76.1,75.9,74.4,75.9,73.2,72.2,73.3,72.4,72,70.9,70.9,70.4,71.2,71,70.8,67.4,68.7,64.5,63.2,55.4,63.2,77,93.8,98.4,98.9,122.2,116.8,113.9,113.2,113.7,114,113.7,113.3,112.7,111.8,110.9,110.5,109.4,108.6,109.1,105.6,115,111.7,109.5,110.3,110.8,112.3,108,113.5,124.2,132.4,128.8,126.8,132.3,125.1,116.3,112.6,112.4,112.1,111.7,111.7,108.7,108.5,105.4,102.9,108.2,90.4,81,72.9,68,64.5,61.7,60.5,59.9,60.4,49,38.4,36.7,38.9,37.1,35.7,32.1,30.6,30.4,20.6,17.3,43.8,72.5,102.9,120.2,120.6,121,120.5,122,121.3,120.9,122,120.5,119.9,118.2,117.9,116.8,117.4,117.1,116.7,113.2,119.7,125.4,125.4,114.5,106.8,100.2,99.6,99.4,97.4,TT,O,,2008,4,3,03/11/08,10.854605993,13.689646966,13.035419496,16.960784314,,,,43,41.1,40.2,39.2,38.6,37.5,36.4,35.6,34.3,33.7,32,31.6,36,39.6,25.9,18.9,16.1,15.8,19.3,18,25.4,40.4,53.1,48.9,48.3,60.6,63.9,64.8,72,78.1,82,84.7,87,86.5,86.4,82.8,81,79.6,69.1,70.3,72.5,76.1,79.3,82.6,85.3,87.9,89.9,92.5,103.7,120.3,128.9,129,128.8,126.4,125.5,123.4,109.1,83.6,55.2,47,60.8,75.9,76.1,75.9,74.4,75.9,73.2,72.2,73.3,72.4,72,70.9,70.9,70.4,71.2,71,70.8,67.4,68.7,64.5,63.2,55.4,63.2,77,93.8,98.4,98.9,,,,113.2,113.7,114,113.7,113.3,112.7,111.8,110.9,110.5,109.4,108.6,109.1,105.6,115,111.7,109.5,110.3,110.8,112.3,108,113.5,124.2,132.4,128.8,126.8,132.3,125.1,116.3,112.6,112.4,112.1,111.7,111.7,108.7,108.5,105.4,102.9,108.2,90.4,81,72.9,68,64.5,61.7,60.5,59.9,60.4,49,38.4,36.7,38.9,37.1,35.7,32.1,30.6,30.4,20.6,17.3,43.8,72.5,102.9,120.2,120.6,121,120.5,122,121.3,120.9,122,120.5,119.9,118.2,117.9,116.8,117.4,117.1,116.7,113.2,119.7,125.4,125.4,114.5,106.8,100.2,99.6,99.4,97.4,5922.5,8537.6,68.074712644,98.133333333,55,115,4,4
023,06,A,N,2,56.3,722,1,6,5,18,77,-62,1.5,0,0,0,90,803,53,56,120,118.5,113.9,112.6,112,107.8,101,96.8,99.6,102.5,102.5,102.1,100.2,99.9,102.9,105.4,99.6,95.2,93,83.9,84.1,90.9,93.6,107.9,115.4,113.8,109.4,105.5,98,88.8,79.2,79.2,88,92.5,91,85.5,84.5,82.6,80,76.3,76.9,73.6,72.2,77.2,74.5,76.9,75.6,69.3,70.1,64.7,66.2,65.5,56.9,47.4,42.4,22.3,,,,,,,,,,,,,,,,,,,,,,,,,,,,,,,,,,,54.8,51.1,57,70.5,73.9,80.7,87.4,93.8,100.3,98.1,95,95.9,94.2,93.5,90.1,89.8,82.8,75.6,72.4,62,39,43.7,55.3,69,71.8,72.9,73.1,78.5,91.1,102.2,103.9,95.7,104.1,107.7,106.7,100.6,100.5,101.9,103.8,110.4,114.1,111.3,109.2,117.8,115.9,118.9,116.5,111.9,114.9,109.7,107.1,109.7,105.5,94.3,90.7,85.2,,,,,,,,,,,,,,,,,,,,,,,,,,,,,,,,,,,TT,O,,2008,5,3,03/11/08,12.824156306,13.689646966,13.035419496,16.960784314,,,,,,,,,99.6,102.5,102.5,102.1,100.2,99.9,102.9,105.4,99.6,95.2,93,83.9,84.1,90.9,93.6,107.9,115.4,113.8,109.4,105.5,98,88.8,79.2,79.2,88,92.5,91,85.5,84.5,82.6,80,76.3,76.9,73.6,72.2,77.2,74.5,76.9,75.6,69.3,70.1,64.7,66.2,65.5,56.9,47.4,42.4,22.3,,,,,,,,,,,,,,,,,,,,,,,,,,,,,,,,,,,,,,,,,,,100.3,98.1,95,95.9,94.2,93.5,90.1,89.8,82.8,75.6,72.4,62,39,43.7,55.3,69,71.8,72.9,73.1,78.5,91.1,102.2,103.9,95.7,104.1,107.7,106.7,100.6,100.5,101.9,103.8,110.4,114.1,111.3,109.2,117.8,115.9,118.9,116.5,111.9,114.9,109.7,107.1,109.7,105.5,94.3,90.7,85.2,,,,,,,,,,,,,,,,,,,,,,,,,,,,,,,,,,,4064.7,4514.3,84.68125,94.047916667,115,55,9,9
024,06,A,E,2,30.6,519,44,12,8,35,57,-54,1.5,0,0,0,90,803,53,30,64.8,65.4,62,58.5,57.8,52.6,39,48.1,62.5,71.6,68.3,62.3,60.8,46.6,29.1,18,35.2,40,39.4,38.7,32.8,34.4,49.2,76.9,90.5,89.2,85,89.4,106.6,125,,,,,,,,,,,,,,,,,,,,,,,,,,,,,,,,,,,,,,,,,,,,,,,,,,,,,,,,,,,,,126.4,124.2,122.8,127.3,131.3,131.6,116.2,115.2,124,128.4,123,109.9,107.3,95.8,97.7,108.7,130.4,135.1,134.5,133.4,122.4,110.1,110.3,111.5,106.1,92.3,69.2,44.6,35.9,45,,,,,,,,,,,,,,,,,,,,,,,,,,,,,,,,,,,,,,,,,,,,,,,,,,,,,,,,,,,,,FS,O,,2008,6,3,03/11/08,16.960784314,13.689646966,13.035419496,16.960784314,,,62,58.5,57.8,52.6,39,48.1,62.5,71.6,68.3,62.3,60.8,46.6,29.1,18,35.2,40,39.4,38.7,32.8,34.4,49.2,76.9,90.5,89.2,85,89.4,106.6,125,,,,,,,,,,,,,,,,,,,,,,,,,,,,,,,,,,,,,,,,,,,,,,,,,,,,,,,,,,,,,,,122.8,127.3,131.3,131.6,116.2,115.2,124,128.4,123,109.9,107.3,95.8,97.7,108.7,130.4,135.1,134.5,133.4,122.4,110.1,110.3,111.5,106.1,92.3,69.2,44.6,35.9,45,,,,,,,,,,,,,,,,,,,,,,,,,,,,,,,,,,,,,,,,,,,,,,,,,,,,,,,,,,,,,1669.5,3020,59.625,107.85714286,55,115,3,3
025,05,A,E,2,19.2,549,31,20,49,28,23,11,1.5,0,1,0,90,803,56,19,57.5,29.3,30.3,62.7,91.1,109.1,114,110.6,97.1,73.5,44.4,16.8,20.5,50.2,81.6,77.3,64,44.7,17,,,,,,,,,,,,,,,,,,,,,,,,,,,,,,,,,,,,,,,,,,,,,,,,,,,,,,,,,,,,,,,,,,,,,,,,124.1,99.6,66.3,32.6,13.5,35.5,55.4,65.1,76,81.3,80.5,82.7,87.2,103.8,107.4,86.5,70.2,67.2,80.4,,,,,,,,,,,,,,,,,,,,,,,,,,,,,,,,,,,,,,,,,,,,,,,,,,,,,,,,,,,,,,,,,,,,,,,,TT,O,,2008,1,3,03/10/08,28.59375,25.261119608,26.106223789,21.035598706,,29.3,30.3,62.7,91.1,109.1,114,110.6,97.1,73.5,44.4,16.8,20.5,50.2,81.6,77.3,64,44.7,17,,,,,,,,,,,,,,,,,,,,,,,,,,,,,,,,,,,,,,,,,,,,,,,,,,,,,,,,,,,,,,,,,,,,,,,,,99.6,66.3,32.6,13.5,35.5,55.4,65.1,76,81.3,80.5,82.7,87.2,103.8,107.4,86.5,70.2,67.2,80.4,,,,,,,,,,,,,,,,,,,,,,,,,,,,,,,,,,,,,,,,,,,,,,,,,,,,,,,,,,,,,,,,,,,,,,,,1134.2,1291.2,63.011111111,71.733333333,55,115,2,2
026,05,A,N,2,50,1310,29,22,25,43,32,-26,1.5,0,1,0,90,803,56,49,115,94.9,66.6,37.5,13.9,27.2,47.6,51.9,55.6,64.2,76.9,91.4,100.7,104.5,107.1,106.9,93.6,82.2,63.8,44.7,31.3,40,48.2,46.5,48.1,57.6,74.6,90.7,104.2,117.2,109,96.2,79.6,56.7,42.5,43.2,39.3,36.8,45.3,60.4,69.6,80.7,95.2,110.7,114.2,107.3,93.9,75.7,52.2,,,,,,,,,,,,,,,,,,,,,,,,,,,,,,,,,,,,,,,,,,58.6,61.5,70.7,83.9,100.8,119.2,130.5,119.3,101.7,78.4,51.3,23.4,9.8,33,60.5,81.2,87.2,95.7,107.6,117.2,122.6,130.9,123.1,102.7,77.9,50,22.5,18.5,42.8,62.6,66.9,72.2,81.7,95.3,111,130.5,133,131.5,130.3,123.5,109.5,95.2,81.5,70.1,53.5,40.3,30.5,32.5,47.5,,,,,,,,,,,,,,,,,,,,,,,,,,,,,,,,,,,,,,,,,,TT,O,,2008,2,3,03/10/08,26.2,25.261119608,26.106223789,21.035598706,,,,37.5,13.9,27.2,47.6,51.9,55.6,64.2,76.9,91.4,100.7,104.5,107.1,106.9,93.6,82.2,63.8,44.7,31.3,40,48.2,46.5,48.1,57.6,74.6,90.7,104.2,117.2,109,96.2,79.6,56.7,42.5,43.2,39.3,36.8,45.3,60.4,69.6,80.7,95.2,110.7,114.2,107.3,93.9,75.7,52.2,,,,,,,,,,,,,,,,,,,,,,,,,,,,,,,,,,,,,,,,,,,,,83.9,100.8,119.2,130.5,119.3,101.7,78.4,51.3,23.4,9.8,33,60.5,81.2,87.2,95.7,107.6,117.2,122.6,130.9,123.1,102.7,77.9,50,22.5,18.5,42.8,62.6,66.9,72.2,81.7,95.3,111,130.5,133,131.5,130.3,123.5,109.5,95.2,81.5,70.1,53.5,40.3,30.5,32.5,47.5,,,,,,,,,,,,,,,,,,,,,,,,,,,,,,,,,,,,,,,,,,3236.6,3790.8,70.360869565,82.408695652,115,55,4,4
027,05,A,W,2,68.2,1519,25,34,12,42,46,26,1.5,1,2,0,90,803,56,68,125.1,117.4,107.4,89.6,76.3,63.3,47.4,31.5,34.9,46.8,59.4,66.4,74.7,86.7,96,105.2,111.8,111.7,112.6,126.9,130.6,122,108.9,88.3,59.9,32.8,13.6,26.7,42.3,39.4,41.5,52.5,71.4,84.1,85.1,89,94.1,101.2,108.9,118.7,126.6,125.4,121.1,116,108.2,100.3,91.2,80.1,70,61.1,49,38.3,33.9,38.4,53.3,73.4,91.1,101.1,101.6,103.6,108.4,113.3,109.4,100.2,84.5,63.1,40.1,18.7,,,,,,,,,,,,,,,,,,,,,,,62,59.1,62.1,75.4,97.3,114.9,123.4,123.3,128.8,129.8,126.5,113.3,103,91.9,76.6,59.9,44.9,26.2,18.5,37.3,37.6,27.1,14.6,14.6,39.9,67.1,93,121.6,137.2,132.3,127.2,119.6,118.2,111,96,78.9,58.8,37.9,22,24.2,37.8,48,59.1,69.3,81.8,94.2,102.2,111.2,119.3,128.7,130.9,129.9,128.2,121.8,114.7,109.7,105,98.3,81.8,65.3,48,33.3,18.7,9.4,13,32.8,55.8,77.1,,,,,,,,,,,,,,,,,,,,,,,TT,O,,2008,3,3,03/10/08,22.272727273,25.261119608,26.106223789,21.035598706,,,,89.6,76.3,63.3,47.4,31.5,34.9,46.8,59.4,66.4,74.7,86.7,96,105.2,111.8,111.7,112.6,126.9,130.6,122,108.9,88.3,59.9,32.8,13.6,26.7,42.3,39.4,41.5,52.5,71.4,84.1,85.1,89,94.1,101.2,108.9,118.7,126.6,125.4,121.1,116,108.2,100.3,91.2,80.1,70,61.1,49,38.3,33.9,38.4,53.3,73.4,91.1,101.1,101.6,103.6,108.4,113.3,109.4,100.2,84.5,63.1,40.1,18.7,,,,,,,,,,,,,,,,,,,,,,,,,,75.4,97.3,114.9,123.4,123.3,128.8,129.8,126.5,113.3,103,91.9,76.6,59.9,44.9,26.2,18.5,37.3,37.6,27.1,14.6,14.6,39.9,67.1,93,121.6,137.2,132.3,127.2,119.6,118.2,111,96,78.9,58.8,37.9,22,24.2,37.8,48,59.1,69.3,81.8,94.2,102.2,111.2,119.3,128.7,130.9,129.9,128.2,121.8,114.7,109.7,105,98.3,81.8,65.3,48,33.3,18.7,9.4,13,32.8,55.8,77.1,,,,,,,,,,,,,,,,,,,,,,,5173.6,5195.1,79.593846154,79.924615385,115,55,4,4
025,06,A,S,2,30.1,866,34,23,42,47,11,-78,1.5,0,0,0,90,803,56,30,59.8,56.1,48.6,40.1,33.4,27.8,31.9,34.9,38.4,59.7,84.7,93.3,88.7,77.4,60.3,43.1,28.8,39.3,42.5,37.5,34.2,51.9,79.5,99.3,106.3,103.4,93.3,81.5,56.1,24.2,,,,,,,,,,,,,,,,,,,,,,,,,,,,,,,,,,,,,,,,,,,,,,,,,,,,,,,,,,,,,110.9,85.2,59.6,56,67,93.2,119.7,128.5,113.7,98.8,85.1,65.3,42.4,27.2,35.4,54.5,86.1,120,134.7,131.4,114.3,100.4,92.9,81.2,63.8,40.8,25.4,24.4,40.7,71.2,,,,,,,,,,,,,,,,,,,,,,,,,,,,,,,,,,,,,,,,,,,,,,,,,,,,,,,,,,,,,TT,O,,2008,4,3,03/11/08,28.77076412,25.261119608,26.106223789,21.035598706,,56.1,48.6,40.1,33.4,27.8,31.9,34.9,38.4,59.7,84.7,93.3,88.7,77.4,60.3,43.1,28.8,39.3,42.5,37.5,34.2,51.9,79.5,99.3,106.3,103.4,93.3,81.5,56.1,24.2,,,,,,,,,,,,,,,,,,,,,,,,,,,,,,,,,,,,,,,,,,,,,,,,,,,,,,,,,,,,,,85.2,59.6,56,67,93.2,119.7,128.5,113.7,98.8,85.1,65.3,42.4,27.2,35.4,54.5,86.1,120,134.7,131.4,114.3,100.4,92.9,81.2,63.8,40.8,25.4,24.4,40.7,71.2,,,,,,,,,,,,,,,,,,,,,,,,,,,,,,,,,,,,,,,,,,,,,,,,,,,,,,,,,,,,,1696.2,2258.9,58.489655172,77.893103448,55,115,2,2
026,06,A,N,2,34.3,847,34,28,18,57,25,21,1.5,1,0,0,90,803,56,34,111.4,97.3,73.7,68.4,85.8,95.9,89.5,79.9,59.4,40.8,34.8,39.7,44.5,47.9,58.7,67.3,78,95.2,112,121.6,121.3,112.2,102.5,93.1,80.1,72.1,67.2,47.6,31.5,26.4,36.3,41.2,34.6,15,,,,,,,,,,,,,,,,,,,,,,,,,,,,,,,,,,,,,,,,,,,,,,,,,,,,,,,,,49.2,40.2,28,33.2,55.5,53.1,51.6,54.9,72.8,97.4,122.4,134.2,132,120.3,112.8,95.7,77.6,56.9,44.5,36.2,26.9,21.9,30.7,57.5,80.2,96.5,116.2,125.2,122.4,119.5,124.4,130.1,127.1,110.1,,,,,,,,,,,,,,,,,,,,,,,,,,,,,,,,,,,,,,,,,,,,,,,,,,,,,,,,,TT,O,,2008,5,3,03/11/08,24.693877551,25.261119608,26.106223789,21.035598706,,,,68.4,85.8,95.9,89.5,79.9,59.4,40.8,34.8,39.7,44.5,47.9,58.7,67.3,78,95.2,112,121.6,121.3,112.2,102.5,93.1,80.1,72.1,67.2,47.6,31.5,26.4,36.3,41.2,34.6,15,,,,,,,,,,,,,,,,,,,,,,,,,,,,,,,,,,,,,,,,,,,,,,,,,,,,,,,,,,,,33.2,55.5,53.1,51.6,54.9,72.8,97.4,122.4,134.2,132,120.3,112.8,95.7,77.6,56.9,44.5,36.2,26.9,21.9,30.7,57.5,80.2,96.5,116.2,125.2,122.4,119.5,124.4,130.1,127.1,110.1,,,,,,,,,,,,,,,,,,,,,,,,,,,,,,,,,,,,,,,,,,,,,,,,,,,,,,,,,2100.5,2639.8,67.758064516,85.15483871,115,55,4,4
027,06,A,E,2,30.9,650,43,12,58,39,3,32,1.5,2,0,0,90,803,56,30,51.9,39,38.2,59.7,83,85.4,76.7,59.5,33.4,11,25.8,46.8,48.9,41,26.4,7.8,10.6,23.1,29.7,35,44.8,48.1,50.3,55.9,62.1,67.4,73.1,71.5,64.3,55.2,,,,,,,,,,,,,,,,,,,,,,,,,,,,,,,,,,,,,,,,,,,,,,,,,,,,,,,,,,,,,117.4,99.5,72.8,46.3,37.9,44,50,58.2,71.6,88,107.9,117.5,109.4,100,92.8,91.7,100.7,116.4,124.7,126.5,119.3,106.4,88.5,65.6,42.1,29.6,40,58.3,75.3,92.3,,,,,,,,,,,,,,,,,,,,,,,,,,,,,,,,,,,,,,,,,,,,,,,,,,,,,,,,,,,,,FS,O,,2008,6,3,03/11/08,21.035598706,25.261119608,26.106223789,21.035598706,,,38.2,59.7,83,85.4,76.7,59.5,33.4,11,25.8,46.8,48.9,41,26.4,7.8,10.6,23.1,29.7,35,44.8,48.1,50.3,55.9,62.1,67.4,73.1,71.5,64.3,55.2,,,,,,,,,,,,,,,,,,,,,,,,,,,,,,,,,,,,,,,,,,,,,,,,,,,,,,,,,,,,,,,72.8,46.3,37.9,44,50,58.2,71.6,88,107.9,117.5,109.4,100,92.8,91.7,100.7,116.4,124.7,126.5,119.3,106.4,88.5,65.6,42.1,29.6,40,58.3,75.3,92.3,,,,,,,,,,,,,,,,,,,,,,,,,,,,,,,,,,,,,,,,,,,,,,,,,,,,,,,,,,,,,1334.7,2273.8,47.667857143,81.207142857,55,115,3,3
004,05,B,S,2,90.1,2416,25,28,8,23,69,-107,1.5,0,0,0,90,803,65,90,70,74.2,72.8,59.9,48.1,29.6,31.1,45.7,55.5,70.7,87.3,103.4,111.8,116.9,124,126.5,123,115.3,107.4,96.2,82.4,68.9,54.5,40.9,39.7,43.7,58.6,82.8,96.1,108.3,119.4,127.3,131.3,129.9,126.2,124.4,120,112.3,103.1,91.8,78.9,65.3,49.5,34.6,32.3,46.9,75.3,95.4,109.8,119,126.1,131.1,130.6,128.1,125.3,120.3,114.5,102.5,84,69.1,62.2,51.7,40,34.1,43.4,60.4,77.7,98,118.4,129.7,127.7,127,115.7,98.1,79.1,67,62,42.3,20.3,22.6,47.3,59.4,60.8,45.4,24,29.6,56.7,81.9,102.6,120.1,118.2,101.1,76.8,62.9,60.9,76.6,104.1,128.9,123.9,114.3,103.9,91.3,72.1,51.8,36.3,32.8,41.2,55.4,69.4,90.3,107.5,121.1,129.4,130.6,134.1,130.2,122,113.8,102.2,89.9,77.4,64.6,50.6,37.6,33.4,45,59.7,67.8,84.3,100.3,112.3,122.7,126.6,126.7,122.8,116.2,107.3,98.1,89,75.7,62.9,50.4,38.6,34.5,42.8,56,65.2,78.8,87.8,103.7,122.9,131.9,131.3,127.2,111.9,93.3,75.7,60.6,53.9,56.5,57,63.8,72.4,77.3,89.2,108.4,125.4,122.4,113.6,104.5,108.9,117.1,127.4,121.3,98.8,65.9,38.6,15.1,20.6,41.8,TT,O,,2008,1,3,03/10/08,26.814650388,22.604079741,22.86345778,21.307189542,,74.2,72.8,59.9,48.1,29.6,31.1,45.7,55.5,70.7,87.3,103.4,111.8,116.9,124,126.5,123,115.3,107.4,96.2,82.4,68.9,54.5,40.9,39.7,43.7,58.6,82.8,96.1,108.3,119.4,127.3,131.3,129.9,126.2,124.4,120,112.3,103.1,91.8,78.9,65.3,49.5,34.6,32.3,46.9,75.3,95.4,109.8,119,126.1,131.1,130.6,128.1,125.3,120.3,114.5,102.5,84,69.1,62.2,51.7,40,34.1,43.4,60.4,77.7,98,118.4,129.7,127.7,127,115.7,98.1,79.1,67,62,42.3,20.3,22.6,47.3,59.4,60.8,45.4,24,29.6,56.7,81.9,102.6,120.1,,101.1,76.8,62.9,60.9,76.6,104.1,128.9,123.9,114.3,103.9,91.3,72.1,51.8,36.3,32.8,41.2,55.4,69.4,90.3,107.5,121.1,129.4,130.6,134.1,130.2,122,113.8,102.2,89.9,77.4,64.6,50.6,37.6,33.4,45,59.7,67.8,84.3,100.3,112.3,122.7,126.6,126.7,122.8,116.2,107.3,98.1,89,75.7,62.9,50.4,38.6,34.5,42.8,56,65.2,78.8,87.8,103.7,122.9,131.9,131.3,127.2,111.9,93.3,75.7,60.6,53.9,56.5,57,63.8,72.4,77.3,89.2,108.4,125.4,122.4,113.6,104.5,108.9,117.1,127.4,121.3,98.8,65.9,38.6,15.1,20.6,41.8,7404.8,7668.3,83.2,86.160674157,55,115,2,2
005,05,B,N,2,90.1,1944,22,26,30,33,37,50,1.5,0,2,0,90,803,65,90,119,113.8,102.8,93.9,85.9,65.9,45.7,54.5,66.1,62.2,59.2,63,74,78.2,74.4,61.4,41.6,21.6,17.4,39.5,60.7,83.8,104.4,119.8,129.2,129.5,124.9,123.2,123.2,117.8,109.8,98.2,83.2,69.1,59.8,55.8,46.9,38.2,37.1,44.8,61.1,73.3,83.7,94.1,95.9,100.3,105.4,111.2,115.2,120.2,120.9,116.2,107.6,99.5,92.8,85.1,76,61,47.1,41.2,33.2,31.2,40.7,48.6,55.9,61.3,61.7,63.4,63.7,59.2,49,35.8,25.1,34.4,38.5,40.2,40.8,39.2,34.6,28.8,19.9,15.1,22.4,38.9,65.5,92.3,109,116.6,123.8,129.5,55.9,44.9,27.8,14.4,10.5,30.7,52.7,62,48.2,37.4,38.8,55.8,80.2,97.1,109.2,113.2,110.4,109.5,107.6,92.8,81.6,74.1,67.8,61.9,53.6,41.1,30.4,33.3,45.1,54,58.8,67.6,79.6,93.1,111.1,128.5,132.3,131.8,130,126.4,116.2,105.9,94.2,83.2,66.5,48.8,31.6,19.7,22.9,39.9,54.2,65,68.7,80.5,96.8,107.6,115.4,118.9,122.9,131.2,127.8,114.9,96,77.2,56.8,38.7,35.6,45.7,58.1,72.8,84.8,90.1,81.3,63.1,65.1,68.1,73.4,87.7,99,107.9,109.8,108.9,103.3,99.8,95.7,97.1,93.1,80.2,68.6,58.2,TT,O,,2008,2,3,03/10/08,21.576026637,22.604079741,22.86345778,21.307189542,,,,,85.9,65.9,45.7,54.5,66.1,62.2,59.2,63,74,78.2,74.4,61.4,41.6,21.6,17.4,39.5,60.7,83.8,104.4,119.8,129.2,129.5,124.9,123.2,123.2,117.8,109.8,98.2,83.2,69.1,59.8,55.8,46.9,38.2,37.1,44.8,61.1,73.3,83.7,94.1,95.9,100.3,105.4,111.2,115.2,120.2,120.9,116.2,107.6,99.5,92.8,85.1,76,61,47.1,41.2,33.2,31.2,40.7,48.6,55.9,61.3,61.7,63.4,63.7,59.2,49,35.8,25.1,34.4,38.5,40.2,40.8,39.2,34.6,28.8,19.9,15.1,22.4,38.9,65.5,92.3,109,116.6,123.8,129.5,,,,,10.5,30.7,52.7,62,48.2,37.4,38.8,55.8,80.2,97.1,109.2,113.2,110.4,109.5,107.6,92.8,81.6,74.1,67.8,61.9,53.6,41.1,30.4,33.3,45.1,54,58.8,67.6,79.6,93.1,111.1,128.5,132.3,131.8,130,126.4,116.2,105.9,94.2,83.2,66.5,48.8,31.6,19.7,22.9,39.9,54.2,65,68.7,80.5,96.8,107.6,115.4,118.9,122.9,131.2,127.8,114.9,96,77.2,56.8,38.7,35.6,45.7,58.1,72.8,84.8,90.1,81.3,63.1,65.1,68.1,73.4,87.7,99,107.9,109.8,108.9,103.3,99.8,95.7,97.1,93.1,80.2,68.6,58.2,6096.1,6807.1,70.884883721,79.152325581,115,55,5,5
006,05,B,E,2,90.1,1647,28,11,24,38,38,52,1.5,0,0,0,90,803,65,90,63.3,58.9,52.9,47,53.9,62.7,64.1,58.7,47.2,33.8,24.9,31.7,43.8,61.1,76.9,86.5,96,93.7,85.9,71.2,62.9,43.7,29.1,28.8,42.9,60.2,69.6,70.9,66.4,62.7,59.3,60.1,66.5,79.5,92.6,96.8,93.1,83.3,70.2,59.4,56.6,50,41.5,33.1,33.7,45.3,52.4,58.3,68.9,81.5,89.1,96.6,104.1,112.4,119.5,119.2,115.1,109.7,105.4,104.6,102.8,98.6,89,74.7,58.6,38.2,20,15.9,32.1,52.4,73.3,70,59.4,46.3,34,24.3,23.6,26.8,41.2,59.1,72.9,76.1,76,71.1,68.9,69.8,66.1,60.4,45.1,25,127.1,117.2,108.4,90.5,76.4,79.8,88.2,96.2,103.3,109.3,117.2,124.8,127.5,123.1,114.1,102.6,91.8,77.7,68.6,59,58,69.1,85.8,105.9,119.9,126.5,120.9,106.3,89.9,72.8,55.2,38.4,33.8,46.6,67.3,81,89.9,96.2,100.9,111.8,125.6,132.1,130.9,126.9,127.9,133.1,126.7,117.6,110.7,105.5,96.7,86.4,73.5,61.8,51.1,37,22.7,17.2,30.1,50.5,68.5,79.9,87.6,82.1,74.3,72.3,78,87.3,99.3,108.3,109,98.9,88.6,79,72.8,72.1,76,83.7,105.7,123.9,129.5,126.8,123.4,122,124.3,125.4,125.6,123.6,120.1,107,TT,O,,2008,3,3,03/10/08,18.279689234,22.604079741,22.86345778,21.307189542,,58.9,52.9,47,53.9,62.7,64.1,58.7,47.2,33.8,24.9,31.7,43.8,61.1,76.9,86.5,96,93.7,85.9,71.2,62.9,43.7,29.1,28.8,42.9,60.2,69.6,70.9,66.4,62.7,59.3,60.1,66.5,79.5,92.6,96.8,93.1,83.3,70.2,59.4,56.6,50,41.5,33.1,33.7,45.3,52.4,58.3,68.9,81.5,89.1,96.6,104.1,112.4,119.5,119.2,115.1,109.7,105.4,104.6,102.8,98.6,89,74.7,58.6,38.2,20,15.9,32.1,52.4,73.3,70,59.4,46.3,34,24.3,23.6,26.8,41.2,59.1,72.9,76.1,76,71.1,68.9,69.8,66.1,60.4,45.1,25,,117.2,108.4,90.5,76.4,79.8,88.2,96.2,103.3,109.3,117.2,124.8,127.5,123.1,114.1,102.6,91.8,77.7,68.6,59,58,69.1,85.8,105.9,119.9,126.5,120.9,106.3,89.9,72.8,55.2,38.4,33.8,46.6,67.3,81,89.9,96.2,100.9,111.8,125.6,132.1,130.9,126.9,127.9,133.1,126.7,117.6,110.7,105.5,96.7,86.4,73.5,61.8,51.1,37,22.7,17.2,30.1,50.5,68.5,79.9,87.6,82.1,74.3,72.3,78,87.3,99.3,108.3,109,98.9,88.6,79,72.8,72.1,76,83.7,105.7,123.9,129.5,126.8,123.4,122,124.3,125.4,125.6,123.6,120.1,107,5717.6,8290.9,64.242696629,93.156179775,55,115,2,2
004,06,B,N,2,16.3,398,11,64,0,11,89,92,1.5,0,0,0,90,803,65,16,122.2,125.6,129.2,130.2,130.9,130.3,131.8,128.5,123.2,118.1,112,102.4,86,68.2,49.3,25.3,,,,,,,,,,,,,,,,,,,,,,,,,,,,,,,,,,,,,,,,,,,,,,,,,,,,,,,,,,,,,,,,,,,,,,,,,,,54.5,44.2,35,38.4,44.3,46.5,42.6,34,33.1,44.8,61.4,79.8,94.6,108.7,118.2,111.7,,,,,,,,,,,,,,,,,,,,,,,,,,,,,,,,,,,,,,,,,,,,,,,,,,,,,,,,,,,,,,,,,,,,,,,,,,,TT,O,,2008,4,3,03/11/08,24.417177914,22.604079741,22.86345778,21.307189542,,,,,130.9,130.3,131.8,128.5,123.2,118.1,112,102.4,86,68.2,49.3,25.3,,,,,,,,,,,,,,,,,,,,,,,,,,,,,,,,,,,,,,,,,,,,,,,,,,,,,,,,,,,,,,,,,,,,,,,,,,,,,,,44.3,46.5,42.6,34,33.1,44.8,61.4,79.8,94.6,108.7,118.2,111.7,,,,,,,,,,,,,,,,,,,,,,,,,,,,,,,,,,,,,,,,,,,,,,,,,,,,,,,,,,,,,,,,,,,,,,,,,,,1206,819.7,100.5,68.308333333,115,55,5,5
005,06,B,E,2,90.1,2093,21,28,4,33,63,-26,1.5,0,0,0,90,803,65,90,68.2,65,58.5,54.3,38.7,28.3,41.1,57.1,68.5,82.3,100.5,114.5,119.6,119.8,119.3,115.5,107.7,98.9,85.9,74.3,66.1,50.4,34.5,33.1,40.2,55.6,69.9,82.9,100.2,117.6,128.6,128.4,123.9,119.6,117.3,116.5,113.4,104.2,90.8,79.6,67.3,50.7,35.7,30.4,39.6,51.5,66.7,81.9,95.9,111.3,118.9,122.5,125.7,126.9,128.1,128.1,124.4,118.5,113.5,105.1,94.3,84.7,80.2,73.5,67.5,51,31.3,13.4,23.4,49.8,72.1,94.9,101.9,108.9,113.6,115.5,116.4,121.5,126.8,125.4,118.8,109.1,94.2,79.8,66.4,66.1,68.9,60.4,46.2,25,132,127.6,123.7,127.6,125.6,122.2,123.4,114.3,97,78,61.9,46.9,32,26,38.9,53.1,64.7,82.5,97.2,109.4,123.4,125.8,123.4,127.3,125.8,115.2,100.1,85.5,74.4,68.8,61.6,48.2,33,25.6,34.6,51.7,62.7,73,84.3,101.7,113.2,115.4,120.2,125,131.5,126.8,115.6,106.6,97.2,91.9,81.5,68,53.8,40.5,33.9,36.6,43,53.5,64.3,73.5,83.2,97,113,119.2,122.3,118.1,102.7,89.2,79.6,75.7,79.7,93.7,100.2,88.2,71.4,53,34.8,28,33.9,40.1,46.5,53,64.5,77.9,94.8,118.9,126.4,126.8,124.8,111.5,TT,O,,2008,5,3,03/11/08,23.229744728,22.604079741,22.86345778,21.307189542,,65,58.5,54.3,38.7,28.3,41.1,57.1,68.5,82.3,100.5,114.5,119.6,119.8,119.3,115.5,107.7,98.9,85.9,74.3,66.1,50.4,34.5,33.1,40.2,55.6,69.9,82.9,100.2,117.6,128.6,128.4,123.9,119.6,117.3,116.5,113.4,104.2,90.8,79.6,67.3,50.7,35.7,30.4,39.6,51.5,66.7,81.9,95.9,111.3,118.9,122.5,125.7,126.9,128.1,128.1,124.4,118.5,113.5,105.1,94.3,84.7,80.2,73.5,67.5,51,31.3,13.4,23.4,49.8,72.1,94.9,101.9,108.9,113.6,115.5,116.4,121.5,126.8,125.4,118.8,109.1,94.2,79.8,66.4,66.1,68.9,60.4,46.2,25,,127.6,123.7,127.6,125.6,122.2,123.4,114.3,97,78,61.9,46.9,32,26,38.9,53.1,64.7,82.5,97.2,109.4,123.4,125.8,123.4,127.3,125.8,115.2,100.1,85.5,74.4,68.8,61.6,48.2,33,25.6,34.6,51.7,62.7,73,84.3,101.7,113.2,115.4,120.2,125,131.5,126.8,115.6,106.6,97.2,91.9,81.5,68,53.8,40.5,33.9,36.6,43,53.5,64.3,73.5,83.2,97,113,119.2,122.3,118.1,102.7,89.2,79.6,75.7,79.7,93.7,100.2,88.2,71.4,53,34.8,28,33.9,40.1,46.5,53,64.5,77.9,94.8,118.9,126.4,126.8,124.8,111.5,7566.3,7558.2,85.014606742,84.923595506,55,115,2,2
006,06,B,W,2,30.6,652,22,40,42,35,23,-49,1.5,1,1,0,90,803,65,30,126.4,121.5,114.5,100,83.1,65.8,45.6,27.3,11.3,25.6,43.4,63.7,86.9,103.9,107,103.2,91.6,79.9,68.7,61.5,51.2,41.4,33.8,28.8,35,51.1,70,82.2,95.6,111.2,,,,,,,,,,,,,,,,,,,,,,,,,,,,,,,,,,,,,,,,,,,,,,,,,,,,,,,,,,,,,63.5,54.3,46,31.2,21.6,29.7,51.3,71.5,84.7,81.9,67.5,51.2,37.5,28.5,17.2,9.1,13.5,32.6,54.2,74.7,93.4,106.7,119.3,123.3,125.2,123.4,113.2,101.5,91.7,89,,,,,,,,,,,,,,,,,,,,,,,,,,,,,,,,,,,,,,,,,,,,,,,,,,,,,,,,,,,,,FS,O,,2008,6,3,03/11/08,21.307189542,22.604079741,22.86345778,21.307189542,,,,,83.1,65.8,45.6,27.3,11.3,25.6,43.4,63.7,86.9,103.9,107,103.2,91.6,79.9,68.7,61.5,51.2,41.4,33.8,28.8,35,51.1,70,82.2,95.6,111.2,,,,,,,,,,,,,,,,,,,,,,,,,,,,,,,,,,,,,,,,,,,,,,,,,,,,,,,,,,,,,,,,,21.6,29.7,51.3,71.5,84.7,81.9,67.5,51.2,37.5,28.5,17.2,9.1,13.5,32.6,54.2,74.7,93.4,106.7,119.3,123.3,125.2,123.4,113.2,101.5,91.7,89,,,,,,,,,,,,,,,,,,,,,,,,,,,,,,,,,,,,,,,,,,,,,,,,,,,,,,,,,,,,,1668.8,1813.4,64.184615385,69.746153846,115,55,5,5
007,05,B,S,2,90.1,2187,28,25,31,57,12,-95,1.5,0,3,0,90,803,66,90,65.7,68,84.2,102.6,102.5,101.5,106.4,106.3,95.9,77.2,57.6,44.3,32.9,24.6,28.5,50,65.4,78.6,93.9,91.3,86.9,64.8,36.5,16,17.4,25.9,33.2,38.9,37.4,44.6,60.3,79.3,87.4,90.9,90,89.1,92.1,94.7,86.5,74.2,60,38.4,21.5,39.7,56.1,75.4,89.7,90.2,68,40.2,18.2,17.2,32.8,35.1,43.5,62.4,89.9,115.9,127.1,127.8,117.7,96.7,71.4,44.6,37.3,48.1,65.6,74.3,73,67.1,55.1,44,34.5,31.1,24.2,25.2,39.9,39.1,39.2,26.3,22.2,42,64,87.2,96.3,103.7,112.8,113.5,113.6,113.7,116.2,93.5,70.5,61.6,43.2,20.2,14.2,23.7,37.1,58.8,82.9,102.6,115.6,118.2,115.8,111.8,99.3,84.6,73.1,55.8,47.9,46.5,62.1,81.7,91.6,113.1,126.8,133.9,123.3,112.8,106,94.2,77.6,54.6,27.4,11.6,33.8,47.1,66.9,83,96.2,95.3,82.4,65.2,60.8,68.2,83.5,101.3,110.7,110.5,106.6,105.4,103,90,70.5,40.9,12,20.8,33.1,34.7,28.8,22.3,29.6,51.7,76.8,100.7,115.1,105.8,89.8,73,60.9,55.7,62.3,72.9,92.8,109.6,125.5,123.9,127.1,120.6,103,89.7,82.6,77.2,67.7,54,39.5,24,18.6,20.3,TT,O,,2008,1,3,03/10/08,24.273029967,26.370691141,26.752321226,24.462540717,,68,84.2,102.6,102.5,101.5,106.4,106.3,95.9,77.2,57.6,44.3,32.9,24.6,28.5,50,65.4,78.6,93.9,91.3,86.9,64.8,36.5,16,17.4,25.9,33.2,38.9,37.4,44.6,60.3,79.3,87.4,90.9,90,89.1,92.1,94.7,86.5,74.2,60,38.4,21.5,39.7,56.1,75.4,89.7,90.2,68,40.2,18.2,17.2,32.8,35.1,43.5,62.4,89.9,115.9,127.1,127.8,117.7,96.7,71.4,44.6,37.3,48.1,65.6,74.3,73,67.1,55.1,44,34.5,31.1,24.2,25.2,39.9,39.1,39.2,26.3,22.2,42,64,87.2,96.3,103.7,112.8,113.5,113.6,113.7,,93.5,70.5,61.6,43.2,20.2,14.2,23.7,37.1,58.8,82.9,102.6,115.6,118.2,115.8,111.8,99.3,84.6,73.1,55.8,47.9,46.5,62.1,81.7,91.6,113.1,126.8,133.9,123.3,112.8,106,94.2,77.6,54.6,27.4,11.6,33.8,47.1,66.9,83,96.2,95.3,82.4,65.2,60.8,68.2,83.5,101.3,110.7,110.5,106.6,105.4,103,90,70.5,40.9,12,20.8,33.1,34.7,28.8,22.3,29.6,51.7,76.8,100.7,115.1,105.8,89.8,73,60.9,55.7,62.3,72.9,92.8,109.6,125.5,123.9,127.1,120.6,103,89.7,82.6,77.2,67.7,54,39.5,24,18.6,20.3,5830.3,6637,65.508988764,74.573033708,55,115,2,2
008,05,B,N,2,38.6,947,36,25,57,26,17,75,1.5,1,2,0,90,803,66,38,117.4,113.8,100,85.7,82.8,69.3,41.8,28.8,24.2,29.9,36.5,29.9,31.4,59.2,85,95.7,98.6,84.2,59.8,30.8,14,31.5,40.2,37.1,36.4,45.5,54.7,81.5,83.9,77.9,63.6,49.8,35.8,38.6,50.5,59.6,56.2,31.6,,,,,,,,,,,,,,,,,,,,,,,,,,,,,,,,,,,,,,,,,,,,,,,,,,,,,56.9,42.1,14,21.2,50.4,71.9,86.9,79.7,72.5,74.8,77,87.9,64.8,37,11.1,11.2,15.2,21.4,38.8,66.5,97.9,120.4,133.3,131.1,125,108.9,102.9,93.1,79.4,63.8,52.5,50,63.8,84.3,104.1,124.4,131.5,116.9,,,,,,,,,,,,,,,,,,,,,,,,,,,,,,,,,,,,,,,,,,,,,,,,,,,,,TT,O,,2008,2,3,03/10/08,24.533678756,26.370691141,26.752321226,24.462540717,,,,85.7,82.8,69.3,41.8,28.8,24.2,29.9,36.5,29.9,31.4,59.2,85,95.7,98.6,84.2,59.8,30.8,14,31.5,40.2,37.1,36.4,45.5,54.7,81.5,83.9,77.9,63.6,49.8,35.8,38.6,50.5,59.6,56.2,31.6,,,,,,,,,,,,,,,,,,,,,,,,,,,,,,,,,,,,,,,,,,,,,,,,,,,,,,,,21.2,50.4,71.9,86.9,79.7,72.5,74.8,77,87.9,64.8,37,11.1,11.2,15.2,21.4,38.8,66.5,97.9,120.4,133.3,131.1,125,108.9,102.9,93.1,79.4,63.8,52.5,50,63.8,84.3,104.1,124.4,131.5,116.9,,,,,,,,,,,,,,,,,,,,,,,,,,,,,,,,,,,,,,,,,,,,,,,,,,,,,1862,2671.6,53.2,76.331428571,115,55,4,4
009,05,B,E,2,9,238,12,20,75,14,11,59,1.5,1,0,0,90,803,66,8,61.3,55.3,60.2,70.6,74.1,70.4,60.6,40.9,,,,,,,,,,,,,,,,,,,,,,,,,,,,,,,,,,,,,,,,,,,,,,,,,,,,,,,,,,,,,,,,,,,,,,,,,,,,,,,,,,,123.1,101.8,74,49.5,31.7,28.6,52.6,72.7,,,,,,,,,,,,,,,,,,,,,,,,,,,,,,,,,,,,,,,,,,,,,,,,,,,,,,,,,,,,,,,,,,,,,,,,,,,,,,,,,,,TT,O,,2008,3,3,03/10/08,26.444444444,26.370691141,26.752321226,24.462540717,,55.3,60.2,70.6,74.1,70.4,60.6,40.9,,,,,,,,,,,,,,,,,,,,,,,,,,,,,,,,,,,,,,,,,,,,,,,,,,,,,,,,,,,,,,,,,,,,,,,,,,,,,,,,,,,,101.8,74,49.5,31.7,28.6,52.6,72.7,,,,,,,,,,,,,,,,,,,,,,,,,,,,,,,,,,,,,,,,,,,,,,,,,,,,,,,,,,,,,,,,,,,,,,,,,,,,,,,,,,,432.1,410.9,61.728571429,58.7,55,115,2,2
007,06,B,N,2,8.4,247,26,49,36,43,21,84,1.5,1,0,0,90,803,66,8,120.6,120,108,84.4,63.1,60.1,39.1,17.8,,,,,,,,,,,,,,,,,,,,,,,,,,,,,,,,,,,,,,,,,,,,,,,,,,,,,,,,,,,,,,,,,,,,,,,,,,,,,,,,,,,54.5,37.6,14.9,22.8,57.6,92.7,107.1,105.8,,,,,,,,,,,,,,,,,,,,,,,,,,,,,,,,,,,,,,,,,,,,,,,,,,,,,,,,,,,,,,,,,,,,,,,,,,,,,,,,,,,TT,O,,2008,4,3,03/11/08,29.404761905,26.370691141,26.752321226,24.462540717,,,,84.4,63.1,60.1,39.1,17.8,,,,,,,,,,,,,,,,,,,,,,,,,,,,,,,,,,,,,,,,,,,,,,,,,,,,,,,,,,,,,,,,,,,,,,,,,,,,,,,,,,,,,,22.8,57.6,92.7,107.1,105.8,,,,,,,,,,,,,,,,,,,,,,,,,,,,,,,,,,,,,,,,,,,,,,,,,,,,,,,,,,,,,,,,,,,,,,,,,,,,,,,,,,,264.5,386,52.9,77.2,115,55,4,4
008,06,B,E,2,24.6,716,18,37,40,38,22,49,1.5,1,4,0,90,803,66,24,61.7,56.2,67,76.2,96.1,106.5,111.1,103.9,81.6,42.4,19.7,33,57.1,67.9,57.6,35.3,44.9,75.4,99,104.2,99.3,79.3,50.9,20.5,,,,,,,,,,,,,,,,,,,,,,,,,,,,,,,,,,,,,,,,,,,,,,,,,,,,,,,,,,,,,,,,,,,119.2,91.7,58.1,35.4,12.9,39.9,71,92.6,100.7,104.9,110.9,112.1,116.7,123,118.9,89.6,51.7,20.4,6.7,11.1,10.9,19.5,45.4,75.1,,,,,,,,,,,,,,,,,,,,,,,,,,,,,,,,,,,,,,,,,,,,,,,,,,,,,,,,,,,,,,,,,,,TT,O,,2008,5,3,03/11/08,29.105691057,26.370691141,26.752321226,24.462540717,,56.2,67,76.2,96.1,106.5,111.1,103.9,81.6,42.4,19.7,33,57.1,67.9,57.6,35.3,44.9,75.4,99,104.2,99.3,79.3,50.9,20.5,,,,,,,,,,,,,,,,,,,,,,,,,,,,,,,,,,,,,,,,,,,,,,,,,,,,,,,,,,,,,,,,,,,,91.7,58.1,35.4,12.9,39.9,71,92.6,100.7,104.9,110.9,112.1,116.7,123,118.9,89.6,51.7,20.4,6.7,11.1,10.9,19.5,45.4,75.1,,,,,,,,,,,,,,,,,,,,,,,,,,,,,,,,,,,,,,,,,,,,,,,,,,,,,,,,,,,,,,,,,,,1585.1,1519.2,68.917391304,66.052173913,55,115,2,2
009,06,B,W,2,30.7,751,36,22,45,36,19,-56,1.5,1,0,0,90,803,66,30,125.1,117.2,106.1,78.2,58.7,43.7,48.3,55.8,45.2,26.1,22.1,42.2,53.1,35.9,13.9,14.3,43.1,55.9,60.2,61.7,70,63.6,69.2,89,81,76.8,60.4,41.3,31.2,40,,,,,,,,,,,,,,,,,,,,,,,,,,,,,,,,,,,,,,,,,,,,,,,,,,,,,,,,,,,,,62.2,47.5,33.3,22.3,38.5,71.3,102.2,126.5,129.3,119.4,109.4,106.2,118.1,113,101.1,92.3,85.1,69.9,60.3,38.7,30.2,51.6,77.1,81.2,73.7,71.6,76.9,92.9,115.5,134.8,,,,,,,,,,,,,,,,,,,,,,,,,,,,,,,,,,,,,,,,,,,,,,,,,,,,,,,,,,,,,FS,O,,2008,6,3,03/11/08,24.462540717,26.370691141,26.752321226,24.462540717,,,,,58.7,43.7,48.3,55.8,45.2,26.1,22.1,42.2,53.1,35.9,13.9,14.3,43.1,55.9,60.2,61.7,70,63.6,69.2,89,81,76.8,60.4,41.3,31.2,40,,,,,,,,,,,,,,,,,,,,,,,,,,,,,,,,,,,,,,,,,,,,,,,,,,,,,,,,,,,,,,,,,38.5,71.3,102.2,126.5,129.3,119.4,109.4,106.2,118.1,113,101.1,92.3,85.1,69.9,60.3,38.7,30.2,51.6,77.1,81.2,73.7,71.6,76.9,92.9,115.5,134.8,,,,,,,,,,,,,,,,,,,,,,,,,,,,,,,,,,,,,,,,,,,,,,,,,,,,,,,,,,,,,1302.7,2286.8,50.103846154,87.953846154,115,55,5,5
013,05,B,S,2,22.2,534,36,3,29,48,23,38,1.5,1,0,0,90,803,68,22,61.3,46.2,29.8,36,55.5,67.1,69,70.9,66.4,56.8,45.8,40.3,62.4,66.9,65,54.3,39.4,34.3,48,43.6,21.9,6.9,,,,,,,,,,,,,,,,,,,,,,,,,,,,,,,,,,,,,,,,,,,,,,,,,,,,,,,,,,,,,,,,,,,,,124.8,124.2,122.7,124.5,124.5,111.4,97.3,98.6,91.8,79.8,73.9,91.7,112.7,99.2,90.8,78.9,63.5,68.2,94.3,121,112.7,101.9,,,,,,,,,,,,,,,,,,,,,,,,,,,,,,,,,,,,,,,,,,,,,,,,,,,,,,,,,,,,,,,,,,,,,TT,O,,2008,1,3,03/10/08,24.054054054,23.255631073,23.183630252,23.615635179,,46.2,29.8,36,55.5,67.1,69,70.9,66.4,56.8,45.8,40.3,62.4,66.9,65,54.3,39.4,34.3,48,43.6,21.9,6.9,,,,,,,,,,,,,,,,,,,,,,,,,,,,,,,,,,,,,,,,,,,,,,,,,,,,,,,,,,,,,,,,,,,,,,124.2,122.7,124.5,124.5,111.4,97.3,98.6,91.8,79.8,73.9,91.7,112.7,99.2,90.8,78.9,63.5,68.2,94.3,121,112.7,101.9,,,,,,,,,,,,,,,,,,,,,,,,,,,,,,,,,,,,,,,,,,,,,,,,,,,,,,,,,,,,,,,,,,,,,1026.5,2083.6,48.880952381,99.219047619,55,115,2,2
014,05,B,N,2,52.7,1230,17,23,21,28,51,65,1.5,1,1,0,90,803,68,52,118.7,113,103.1,90.5,75.9,63.5,46.8,32.6,44.5,70.5,84,82.7,64.1,48.6,62.3,70,68.8,62.8,81.4,91.7,91.9,84.3,76.7,91.2,95.2,88.1,78.7,82.7,78.9,70.1,56.8,45.2,44.3,46.2,53.8,76,93.6,108.1,115.9,120.1,116.6,111.4,117.9,131.1,130.3,121.2,108.3,96.9,81.2,57.1,32.8,15.5,,,,,,,,,,,,,,,,,,,,,,,,,,,,,,,,,,,,,,,56.4,38.7,19.1,9.8,22.6,37.7,51.8,65.3,72.2,64.9,50.8,39.9,40.7,69.7,90.5,83.2,83.1,89.3,109.1,101,88,80.9,88.9,101.9,92.2,84,91.8,113.5,117.6,125.7,133.6,137.4,137.1,132.9,129,120.2,110.4,98.2,88.2,81.3,64,41.6,27.8,38.4,42.6,49.7,66.5,90,110.1,118.2,121,110.6,,,,,,,,,,,,,,,,,,,,,,,,,,,,,,,,,,,,,,,TT,O,,2008,2,3,03/10/08,23.339658444,23.255631073,23.183630252,23.615635179,,,,,75.9,63.5,46.8,32.6,44.5,70.5,84,82.7,64.1,48.6,62.3,70,68.8,62.8,81.4,91.7,91.9,84.3,76.7,91.2,95.2,88.1,78.7,82.7,78.9,70.1,56.8,45.2,44.3,46.2,53.8,76,93.6,108.1,115.9,120.1,116.6,111.4,117.9,131.1,130.3,121.2,108.3,96.9,81.2,57.1,32.8,15.5,,,,,,,,,,,,,,,,,,,,,,,,,,,,,,,,,,,,,,,,,,,22.6,37.7,51.8,65.3,72.2,64.9,50.8,39.9,40.7,69.7,90.5,83.2,83.1,89.3,109.1,101,88,80.9,88.9,101.9,92.2,84,91.8,113.5,117.6,125.7,133.6,137.4,137.1,132.9,129,120.2,110.4,98.2,88.2,81.3,64,41.6,27.8,38.4,42.6,49.7,66.5,90,110.1,118.2,121,110.6,,,,,,,,,,,,,,,,,,,,,,,,,,,,,,,,,,,,,,,3768.3,4105.1,78.50625,85.522916667,115,55,5,5
015,05,B,E,2,10.2,194,17,2,32,55,13,71,1.5,0,0,0,90,803,68,10,65.6,61.3,58.8,51.8,63,67.9,64.7,47.5,27.2,13.3,,,,,,,,,,,,,,,,,,,,,,,,,,,,,,,,,,,,,,,,,,,,,,,,,,,,,,,,,,,,,,,,,,,,,,,,,,,,,,,,,122.7,103.8,93.7,90.1,101.9,87.9,80.9,68.4,69.7,86.5,,,,,,,,,,,,,,,,,,,,,,,,,,,,,,,,,,,,,,,,,,,,,,,,,,,,,,,,,,,,,,,,,,,,,,,,,,,,,,,,,TT,O,,2008,3,3,03/10/08,19.019607843,23.255631073,23.183630252,23.615635179,,61.3,58.8,51.8,63,67.9,64.7,47.5,27.2,13.3,,,,,,,,,,,,,,,,,,,,,,,,,,,,,,,,,,,,,,,,,,,,,,,,,,,,,,,,,,,,,,,,,,,,,,,,,,,,,,,,,,103.8,93.7,90.1,101.9,87.9,80.9,68.4,69.7,86.5,,,,,,,,,,,,,,,,,,,,,,,,,,,,,,,,,,,,,,,,,,,,,,,,,,,,,,,,,,,,,,,,,,,,,,,,,,,,,,,,,455.5,782.9,50.611111111,86.988888889,55,115,2,2
013,06,B,N,2,14.4,356,53,27,55,37,8,69,1.5,1,1,0,90,803,68,14,115.8,111.6,97.3,83.8,67.7,52.9,44.3,31,18.9,15.8,21,27.7,34.3,14.4,,,,,,,,,,,,,,,,,,,,,,,,,,,,,,,,,,,,,,,,,,,,,,,,,,,,,,,,,,,,,,,,,,,,,,,,,,,,,53,34.8,8.5,25.6,54.3,80.1,105.5,120.7,110.1,96.2,92.5,91.3,105.5,102.6,,,,,,,,,,,,,,,,,,,,,,,,,,,,,,,,,,,,,,,,,,,,,,,,,,,,,,,,,,,,,,,,,,,,,,,,,,,,,TT,O,,2008,4,3,03/11/08,24.722222222,23.255631073,23.183630252,23.615635179,,,,,67.7,52.9,44.3,31,18.9,15.8,21,27.7,34.3,14.4,,,,,,,,,,,,,,,,,,,,,,,,,,,,,,,,,,,,,,,,,,,,,,,,,,,,,,,,,,,,,,,,,,,,,,,,,,,,,,,,,54.3,80.1,105.5,120.7,110.1,96.2,92.5,91.3,105.5,102.6,,,,,,,,,,,,,,,,,,,,,,,,,,,,,,,,,,,,,,,,,,,,,,,,,,,,,,,,,,,,,,,,,,,,,,,,,,,,,328,958.8,32.8,95.88,115,55,5,5
014,06,B,E,2,29.9,741,27,8,32,28,40,77,1.5,1,0,0,90,803,68,29,63.4,61.6,63.9,70.9,72.8,61.6,40.9,21.7,33.1,32.7,38.6,64.4,68.2,62.5,49.2,22.6,20,39.9,51.9,66.4,84.5,99,114.1,118.9,114.5,104.7,84,57.3,30.3,,,,,,,,,,,,,,,,,,,,,,,,,,,,,,,,,,,,,,,,,,,,,,,,,,,,,,,,,,,,,,125.3,108.2,82,55.6,38.4,35,58,78.1,80.4,84.4,104.6,126.6,116,103.1,97.2,100.1,114.6,131,127.8,115.5,102.4,85.1,74.8,73.7,73.6,80.4,87.6,92.6,97.2,,,,,,,,,,,,,,,,,,,,,,,,,,,,,,,,,,,,,,,,,,,,,,,,,,,,,,,,,,,,,,TT,O,,2008,5,3,03/11/08,24.782608696,23.255631073,23.183630252,23.615635179,,61.6,63.9,70.9,72.8,61.6,40.9,21.7,33.1,32.7,38.6,64.4,68.2,62.5,49.2,22.6,20,39.9,51.9,66.4,84.5,99,114.1,118.9,114.5,104.7,84,57.3,30.3,,,,,,,,,,,,,,,,,,,,,,,,,,,,,,,,,,,,,,,,,,,,,,,,,,,,,,,,,,,,,,,108.2,82,55.6,38.4,35,58,78.1,80.4,84.4,104.6,126.6,116,103.1,97.2,100.1,114.6,131,127.8,115.5,102.4,85.1,74.8,73.7,73.6,80.4,87.6,92.6,97.2,,,,,,,,,,,,,,,,,,,,,,,,,,,,,,,,,,,,,,,,,,,,,,,,,,,,,,,,,,,,,,1750.2,2524,62.507142857,90.142857143,55,115,2,2
015,06,B,W,2,30.7,725,61,27,48,39,13,-58,1.5,3,0,0,90,803,68,30,124.5,113.6,107.3,116.7,114,99.1,79.1,60.3,41.5,18,7.2,16.6,16.2,8.1,19.4,50.4,59.3,52.7,35.9,16.7,14.7,28.1,34.6,19.9,15.2,27.1,28.7,16.4,21.9,50,,,,,,,,,,,,,,,,,,,,,,,,,,,,,,,,,,,,,,,,,,,,,,,,,,,,,,,,,,,,,62.3,41,18.2,22.5,23.6,22.7,45,76,101.3,108.8,99.6,94,84.5,89.4,113,133.2,126,111.2,98,85.8,89,104.9,126.4,113.2,98.8,101.2,112.1,99,77.9,47.3,,,,,,,,,,,,,,,,,,,,,,,,,,,,,,,,,,,,,,,,,,,,,,,,,,,,,,,,,,,,,FS,O,,2008,6,3,03/11/08,23.615635179,23.255631073,23.183630252,23.615635179,,,,,114,99.1,79.1,60.3,41.5,18,7.2,16.6,16.2,8.1,19.4,50.4,59.3,52.7,35.9,16.7,14.7,28.1,34.6,19.9,15.2,27.1,28.7,16.4,21.9,50,,,,,,,,,,,,,,,,,,,,,,,,,,,,,,,,,,,,,,,,,,,,,,,,,,,,,,,,,,,,,,,,,23.6,22.7,45,76,101.3,108.8,99.6,94,84.5,89.4,113,133.2,126,111.2,98,85.8,89,104.9,126.4,113.2,98.8,101.2,112.1,99,77.9,47.3,,,,,,,,,,,,,,,,,,,,,,,,,,,,,,,,,,,,,,,,,,,,,,,,,,,,,,,,,,,,,951.1,2381.9,36.580769231,91.611538462,115,55,5,5
016,05,B,S,2,90.1,1854,21,32,3,2,95,-118,1.5,0,0,0,90,803,69,90,60.9,58.4,47.8,58.1,82.6,108.9,122.1,129.6,131.5,129.9,130.7,128.2,123.8,117.3,108.3,97.2,86.8,74.7,60.4,47.9,38.6,40.9,46.8,59.3,83,97.2,104.7,112.4,121.1,130.1,131.9,132.1,131.1,129.3,126.8,123.5,116.8,111.1,104.8,96.7,88.9,79.5,68.9,60.1,49.8,42.8,39.5,41.8,48.5,57.5,75.6,89.9,100.6,109.1,115.6,120.9,124.7,128.5,130.4,131.6,132.2,131.8,131.4,130.1,128,125,121.7,117.4,112,105.8,97.3,86,75.2,72.1,66,57.5,49.6,41.6,36,39.4,44.9,52.7,69.2,87.8,97.1,105.3,113.9,119.1,123.5,128.3,119.6,103,81.1,54.4,32.5,32.3,41.7,54.1,49.9,38.6,36.1,40.7,52.7,66.4,81.2,91.5,103.2,116.1,126.1,131.5,132,134.2,131.5,124.3,115.3,105.5,90,73.4,60.3,55.8,46.6,39.8,36.1,38.2,44.7,53.1,62.9,77.3,89.5,94.8,103.1,111.5,118.7,126.7,131.2,134.7,134.3,132.2,128.4,124.3,117.4,111.5,105.1,97.9,89.9,81.6,73,64.8,55.9,49.6,43.8,39,36.3,36.4,41.3,50.2,58.1,66.6,67,77,89.5,97.6,106.2,117.3,125,129.3,133.2,133.2,130.9,132.1,130,126.9,119.8,112.7,104.6,97.8,90.1,79.5,69.2,62.1,TT,O,,2008,1,3,03/10/08,20.577136515,19.267919003,18.881243063,21.201298701,,,47.8,58.1,82.6,108.9,122.1,129.6,131.5,129.9,130.7,128.2,123.8,117.3,108.3,97.2,86.8,74.7,60.4,47.9,38.6,40.9,46.8,59.3,83,97.2,104.7,112.4,121.1,130.1,131.9,132.1,131.1,129.3,126.8,123.5,116.8,111.1,104.8,96.7,88.9,79.5,68.9,60.1,49.8,42.8,39.5,41.8,48.5,57.5,75.6,89.9,100.6,109.1,115.6,120.9,124.7,128.5,130.4,131.6,132.2,131.8,131.4,130.1,128,125,121.7,117.4,112,105.8,97.3,86,75.2,72.1,66,57.5,49.6,41.6,36,39.4,44.9,52.7,69.2,87.8,97.1,105.3,113.9,119.1,123.5,128.3,,,81.1,54.4,32.5,32.3,41.7,54.1,49.9,38.6,36.1,40.7,52.7,66.4,81.2,91.5,103.2,116.1,126.1,131.5,132,134.2,131.5,124.3,115.3,105.5,90,73.4,60.3,55.8,46.6,39.8,36.1,38.2,44.7,53.1,62.9,77.3,89.5,94.8,103.1,111.5,118.7,126.7,131.2,134.7,134.3,132.2,128.4,124.3,117.4,111.5,105.1,97.9,89.9,81.6,73,64.8,55.9,49.6,43.8,39,36.3,36.4,41.3,50.2,58.1,66.6,67,77,89.5,97.6,106.2,117.3,125,129.3,133.2,133.2,130.9,132.1,130,126.9,119.8,112.7,104.6,97.8,90.1,79.5,69.2,62.1,8326.1,7629.9,94.614772727,86.703409091,55,115,3,3
017,05,B,N,2,90.1,1837,21,25,0,1,99,-51,1.5,0,0,0,90,803,69,90,116.7,110.8,105.5,93.9,86.8,77.4,69.3,61.8,49.9,42.7,39,42.5,50.2,61.5,87.3,94.4,104.2,119.2,124.6,129,131.3,131.9,131.2,129.1,125.6,122.2,117.7,112.1,106.4,100.3,95,88,80.8,71,61.9,51.9,43.6,40.9,40.9,47,61.6,82,92.5,103.8,113.5,121,126.4,129.7,131.8,131.8,130.6,129.2,125.9,122.6,119.5,114.3,109.2,104.2,97.5,89.7,80.3,73,64.2,56.2,48.7,43.3,40.4,39.9,43.6,48.3,67.5,81.9,94.5,101.3,106.2,112.7,118.7,123.9,123.9,122.6,121.4,120,119.5,118.8,115.3,110.3,104.3,98.3,92.2,85.3,64.6,65.2,68.2,80.1,99.6,115.5,119.9,124.9,130.3,133.7,133.1,132.8,128.9,122.8,113.5,107.7,98.2,84.6,73.6,62.5,51.9,42.4,36.6,37.9,46.4,57.1,66.2,76.3,86.1,86.5,94.1,103.4,112.5,121,125.5,130.6,132.8,135.5,133.2,128.7,122.3,115.6,107.8,99.9,90,79.6,67.7,56.1,47.4,39.9,35.7,38.2,44.4,54.3,62.7,69.2,72.7,82.3,92.3,101.4,109.3,117.8,122.9,126.9,130.2,133.2,135,134,132.1,126.7,115.6,107.4,102.2,92.6,80.5,70,59.1,49,38,29.5,27.4,34.6,47.1,60.5,71.1,72.3,79.7,89.3,99.5,107.8,TT,O,,2008,2,3,03/10/08,20.38845727,19.267919003,18.881243063,21.201298701,,,,,,77.4,69.3,61.8,49.9,42.7,39,42.5,50.2,61.5,87.3,94.4,104.2,119.2,124.6,129,131.3,131.9,131.2,129.1,125.6,122.2,117.7,112.1,106.4,100.3,95,88,80.8,71,61.9,51.9,43.6,40.9,40.9,47,61.6,82,92.5,103.8,113.5,121,126.4,129.7,131.8,131.8,130.6,129.2,125.9,122.6,119.5,114.3,109.2,104.2,97.5,89.7,80.3,73,64.2,56.2,48.7,43.3,40.4,39.9,43.6,48.3,67.5,81.9,94.5,101.3,106.2,112.7,118.7,123.9,123.9,122.6,121.4,120,119.5,118.8,115.3,110.3,104.3,98.3,92.2,85.3,,,,,,115.5,119.9,124.9,130.3,133.7,133.1,132.8,128.9,122.8,113.5,107.7,98.2,84.6,73.6,62.5,51.9,42.4,36.6,37.9,46.4,57.1,66.2,76.3,86.1,86.5,94.1,103.4,112.5,121,125.5,130.6,132.8,135.5,133.2,128.7,122.3,115.6,107.8,99.9,90,79.6,67.7,56.1,47.4,39.9,35.7,38.2,44.4,54.3,62.7,69.2,72.7,82.3,92.3,101.4,109.3,117.8,122.9,126.9,130.2,133.2,135,134,132.1,126.7,115.6,107.4,102.2,92.6,80.5,70,59.1,49,38,29.5,27.4,34.6,47.1,60.5,71.1,72.3,79.7,89.3,99.5,107.8,7895.1,7667.5,92.883529412,90.205882353,115,55,6,6
018,05,B,E,2,90.1,1493,29,22,0,5,95,-46,1.5,0,0,0,90,803,69,90,56.8,49.8,47.7,36.4,32.9,45.1,55.1,64.2,81,95.7,106.9,115.8,122.7,127.2,130.4,131.9,132,130.3,129,126.3,123,118.2,111.9,107.1,102.6,102.4,102,99.1,98.3,94.6,86.8,79.5,72.1,62.3,53.5,44,40.4,38.9,40.7,44.6,51.6,60.2,75.6,93,102,108.3,114.1,118.6,122.1,124.9,127.4,129.1,130.2,131.6,132.2,131.9,131.2,126.9,122.7,118.7,116,115.4,114.1,110.6,105.5,100.4,93.9,88,81.4,73.3,65.7,58,49.1,42,38.3,37.6,38.5,40.5,43.8,46.5,48.6,49.8,57.4,77.5,90.9,97.5,100.1,101.3,96.5,95.1,130.3,129.2,128.4,127,127.8,132.5,124.5,120.7,114.3,106.2,98.5,88.8,77.6,67.1,57.3,46.9,39.8,36,36.7,43.6,54.7,65.7,74.4,83.8,91.7,94.4,90.9,90.4,88.3,97.5,103.7,113,120.2,126.3,130,130.5,133.5,133.8,132.3,129.2,125.9,122,116.2,110.6,105,98.6,92.2,86.1,79.7,73.4,67.2,61.2,55.6,50.9,45.6,41,37.2,32.1,32.1,38.1,48.9,64.2,71.3,69.8,77.9,85.6,94.5,103.7,112.6,118.5,123.7,127.7,129,129.6,131,132.5,132.8,131.3,129,125.5,122.3,119,118.8,116.5,112.3,107.9,103.5,99.2,95.2,90.7,TT,O,,2008,3,3,03/10/08,16.570477248,19.267919003,18.881243063,21.201298701,,,47.7,36.4,32.9,45.1,55.1,64.2,81,95.7,106.9,115.8,122.7,127.2,130.4,131.9,132,130.3,129,126.3,123,118.2,111.9,107.1,102.6,102.4,102,99.1,98.3,94.6,86.8,79.5,72.1,62.3,53.5,44,40.4,38.9,40.7,44.6,51.6,60.2,75.6,93,102,108.3,114.1,118.6,122.1,124.9,127.4,129.1,130.2,131.6,132.2,131.9,131.2,126.9,122.7,118.7,116,115.4,114.1,110.6,105.5,100.4,93.9,88,81.4,73.3,65.7,58,49.1,42,38.3,37.6,38.5,40.5,43.8,46.5,48.6,49.8,57.4,77.5,90.9,97.5,100.1,101.3,96.5,95.1,,,128.4,127,127.8,132.5,124.5,120.7,114.3,106.2,98.5,88.8,77.6,67.1,57.3,46.9,39.8,36,36.7,43.6,54.7,65.7,74.4,83.8,91.7,94.4,90.9,90.4,88.3,97.5,103.7,113,120.2,126.3,130,130.5,133.5,133.8,132.3,129.2,125.9,122,116.2,110.6,105,98.6,92.2,86.1,79.7,73.4,67.2,61.2,55.6,50.9,45.6,41,37.2,32.1,32.1,38.1,48.9,64.2,71.3,69.8,77.9,85.6,94.5,103.7,112.6,118.5,123.7,127.7,129,129.6,131,132.5,132.8,131.3,129,125.5,122.3,119,118.8,116.5,112.3,107.9,103.5,99.2,95.2,90.7,7858.2,8353.2,89.297727273,94.922727273,55,115,3,3
016,06,B,N,2,90.1,1971,26,28,3,5,92,12,1.5,0,0,0,90,803,69,90,112.3,106.4,94.7,71.1,41.4,37.1,61.6,59.6,56.7,48.3,40.4,41,47.5,65.7,89.5,103.5,112.6,123.5,129.6,131.7,131.5,129.3,125.5,120.5,113.8,105.5,96,88.3,79.1,70,59.2,49.3,42.2,40.9,46,56.7,65.6,78.8,99.5,108.8,115.5,122.1,126.2,128.6,128.7,127.6,127.8,127.9,123.7,120.8,115.1,109.4,102,94.4,84.5,75.1,65.3,54.4,43.5,33.9,37.3,48.1,51.8,61.1,86.5,99.1,109.5,117.2,122.8,127,130,131.4,131.9,132,129.5,124.3,119.8,115.6,115.1,111.2,104.5,94.4,83.8,78.7,75.2,67.5,54.5,45.2,41.1,38.6,45.1,40.4,36.3,39.8,62.7,99,128.2,126.3,125.3,132,133.1,134.5,130.7,122.2,111.9,100,82.5,70,58.5,46.4,37.7,37,46.5,59.6,73.3,79.3,90.6,102.1,113,121.4,127.2,130.9,133.7,135.4,128.5,119,114.6,111.9,105.9,98.6,89.5,78.8,65.9,53.2,41.7,33.7,33.8,40,48.5,59.3,70.8,75.9,84.1,96.1,107.7,117.8,126.8,129.4,130.6,127.9,131.2,133.6,127.7,121.6,113.5,105.4,96.9,86.6,77.4,67.8,58.7,49.8,43,38.3,34.9,35,40.7,52.3,58.4,70.1,80.9,88.9,97,105.4,116.1,124.7,126.1,128.9,133.7,133.6,TT,O,,2008,4,3,03/11/08,21.875693674,19.267919003,18.881243063,21.201298701,,,,,,37.1,61.6,59.6,56.7,48.3,40.4,41,47.5,65.7,89.5,103.5,112.6,123.5,129.6,131.7,131.5,129.3,125.5,120.5,113.8,105.5,96,88.3,79.1,70,59.2,49.3,42.2,40.9,46,56.7,65.6,78.8,99.5,108.8,115.5,122.1,126.2,128.6,128.7,127.6,127.8,127.9,123.7,120.8,115.1,109.4,102,94.4,84.5,75.1,65.3,54.4,43.5,33.9,37.3,48.1,51.8,61.1,86.5,99.1,109.5,117.2,122.8,127,130,131.4,131.9,132,129.5,124.3,119.8,115.6,115.1,111.2,104.5,94.4,83.8,78.7,75.2,67.5,54.5,45.2,41.1,38.6,,,,,,99,128.2,126.3,125.3,132,133.1,134.5,130.7,122.2,111.9,100,82.5,70,58.5,46.4,37.7,37,46.5,59.6,73.3,79.3,90.6,102.1,113,121.4,127.2,130.9,133.7,135.4,128.5,119,114.6,111.9,105.9,98.6,89.5,78.8,65.9,53.2,41.7,33.7,33.8,40,48.5,59.3,70.8,75.9,84.1,96.1,107.7,117.8,126.8,129.4,130.6,127.9,131.2,133.6,127.7,121.6,113.5,105.4,96.9,86.6,77.4,67.8,58.7,49.8,43,38.3,34.9,35,40.7,52.3,58.4,70.1,80.9,88.9,97,105.4,116.1,124.7,126.1,128.9,133.7,133.6,7666,7856.5,90.188235294,92.429411765,115,55,6,6
017,06,B,E,2,90.1,1351,24,29,5,21,74,-38,1.5,0,0,0,90,803,69,90,55.7,51.1,45.4,28.4,21.7,41.4,62.3,76.5,88.8,99.6,109.4,116.7,122.6,125.6,127.8,129,130,128.9,126.4,131.2,131.7,131.9,130.6,128.5,126,122.7,120.7,118.1,114.1,109.7,106.2,103.3,100.7,98.2,101.1,109.5,116.4,112.2,110.7,107.1,98,84.6,74.2,73.7,67.6,59.1,49.9,43.3,39.5,37.2,34.5,32,31.7,33.3,35.9,39.5,49.4,68.9,84.7,96.4,106.8,114.9,120.7,124.9,128.9,131,131.7,131,129.2,128.8,127.3,123.4,119.9,118.4,119.8,118.5,116.9,112,110.9,103.3,89.7,74.1,54.3,34.2,19.3,22.1,37.2,59.8,71.3,81.4,128.6,127.1,128.1,120,113.7,118.1,124.4,117.7,112.5,104.9,97.2,87.8,78.5,69.9,63.7,59.7,56.5,54.2,46.7,46.2,42.1,38.1,35.7,38,46.2,55.1,60.2,60,56.8,53.3,50.9,48.4,44,46,54.9,61.1,69,72.2,69.9,80.2,87.2,91.8,103.1,117.5,125.1,127.6,129.1,131.4,133,132.2,128.4,124.1,120.6,119.3,117.8,119.1,124.7,121.5,115,107.8,100,90.7,81.6,72.5,62.4,51.2,42.6,36.6,35,38.7,41.9,41.2,43.1,51.4,60.8,64.8,62.3,55.8,54.2,58.3,53,47.4,52.4,63.7,77.8,91.9,107.3,119.5,114,110.6,TT,O,,2008,5,3,03/11/08,14.99445061,19.267919003,18.881243063,21.201298701,,,45.4,28.4,21.7,41.4,62.3,76.5,88.8,99.6,109.4,116.7,122.6,125.6,127.8,129,130,128.9,126.4,131.2,131.7,131.9,130.6,128.5,126,122.7,120.7,118.1,114.1,109.7,106.2,103.3,100.7,98.2,101.1,109.5,116.4,112.2,110.7,107.1,98,84.6,74.2,73.7,67.6,59.1,49.9,43.3,39.5,37.2,34.5,32,31.7,33.3,35.9,39.5,49.4,68.9,84.7,96.4,106.8,114.9,120.7,124.9,128.9,131,131.7,131,129.2,128.8,127.3,123.4,119.9,118.4,119.8,118.5,116.9,112,110.9,103.3,89.7,74.1,54.3,34.2,19.3,22.1,37.2,59.8,71.3,81.4,,,128.1,120,113.7,118.1,124.4,117.7,112.5,104.9,97.2,87.8,78.5,69.9,63.7,59.7,56.5,54.2,46.7,46.2,42.1,38.1,35.7,38,46.2,55.1,60.2,60,56.8,53.3,50.9,48.4,44,46,54.9,61.1,69,72.2,69.9,80.2,87.2,91.8,103.1,117.5,125.1,127.6,129.1,131.4,133,132.2,128.4,124.1,120.6,119.3,117.8,119.1,124.7,121.5,115,107.8,100,90.7,81.6,72.5,62.4,51.2,42.6,36.6,35,38.7,41.9,41.2,43.1,51.4,60.8,64.8,62.3,55.8,54.2,58.3,53,47.4,52.4,63.7,77.8,91.9,107.3,119.5,114,110.6,8106.2,7040.9,92.115909091,80.010227273,55,115,3,3
018,06,B,W,2,30.8,653,25,43,34,9,57,-19,1.5,1,1,0,90,803,69,30,119.8,110.6,105.6,76,53.7,62.1,78.8,86.7,93.5,93,78.1,60,37.3,11.3,16.8,39.3,41.9,39.7,44.7,51.7,69.7,84.4,96.7,105.8,115.2,121.3,125.4,129.5,131.2,132.1,,,,,,,,,,,,,,,,,,,,,,,,,,,,,,,,,,,,,,,,,,,,,,,,,,,,,,,,,,,,,62.5,54.3,49.9,40.1,42.9,41.1,32.4,26.3,22.2,9.7,17.4,35.8,58.1,84.9,111.2,133.8,137.1,133.6,132.7,128.6,121,114.3,107.4,98.8,90.7,81.4,71.1,60.5,50.8,42.3,,,,,,,,,,,,,,,,,,,,,,,,,,,,,,,,,,,,,,,,,,,,,,,,,,,,,,,,,,,,,FS,O,,2008,6,3,03/11/08,21.201298701,19.267919003,18.881243063,21.201298701,,,,,53.7,62.1,78.8,86.7,93.5,93,78.1,60,37.3,11.3,16.8,39.3,41.9,39.7,44.7,51.7,69.7,84.4,96.7,105.8,115.2,121.3,125.4,129.5,131.2,132.1,,,,,,,,,,,,,,,,,,,,,,,,,,,,,,,,,,,,,,,,,,,,,,,,,,,,,,,,,,,,,,,,,42.9,41.1,32.4,26.3,22.2,9.7,17.4,35.8,58.1,84.9,111.2,133.8,137.1,133.6,132.7,128.6,121,114.3,107.4,98.8,90.7,81.4,71.1,60.5,50.8,42.3,,,,,,,,,,,,,,,,,,,,,,,,,,,,,,,,,,,,,,,,,,,,,,,,,,,,,,,,,,,,,1999.9,1986.1,76.919230769,76.388461538,115,55,5,5
019,05,B,S,2,20.3,500,23,8,51,29,20,-62,1.5,0,0,0,90,803,72,20,63.5,58.3,47,40.2,33.7,37.3,43.5,55.5,77.9,79.5,76.2,79.2,76.7,63.6,32.8,19.4,52.4,55,51.3,33.2,,,,,,,,,,,,,,,,,,,,,,,,,,,,,,,,,,,,,,,,,,,,,,,,,,,,,,,,,,,,,,,,,,,,,,,116.5,95.6,85.5,85.5,75.8,72.4,83.8,112.2,116.4,102.6,81,53.8,38.3,39.4,62.8,99.4,129.5,120.3,107.5,91.3,,,,,,,,,,,,,,,,,,,,,,,,,,,,,,,,,,,,,,,,,,,,,,,,,,,,,,,,,,,,,,,,,,,,,,,TT,O,,2008,1,3,03/10/08,24.630541872,24.07564695,24.14077634,23.75,,58.3,47,40.2,33.7,37.3,43.5,55.5,77.9,79.5,76.2,79.2,76.7,63.6,32.8,19.4,52.4,55,51.3,33.2,,,,,,,,,,,,,,,,,,,,,,,,,,,,,,,,,,,,,,,,,,,,,,,,,,,,,,,,,,,,,,,,,,,,,,,,95.6,85.5,85.5,75.8,72.4,83.8,112.2,116.4,102.6,81,53.8,38.3,39.4,62.8,99.4,129.5,120.3,107.5,91.3,,,,,,,,,,,,,,,,,,,,,,,,,,,,,,,,,,,,,,,,,,,,,,,,,,,,,,,,,,,,,,,,,,,,,,,1012.7,1653.1,53.3,87.005263158,55,115,2,2
020,05,B,N,2,8.6,240,36,41,51,38,11,79,1.5,1,1,0,90,803,72,8,115.4,110.4,89.3,61.6,47.3,41.2,24,6.8,,,,,,,,,,,,,,,,,,,,,,,,,,,,,,,,,,,,,,,,,,,,,,,,,,,,,,,,,,,,,,,,,,,,,,,,,,,,,,,,,,,48.8,21.5,9.9,41.9,73,100,113.3,101.3,,,,,,,,,,,,,,,,,,,,,,,,,,,,,,,,,,,,,,,,,,,,,,,,,,,,,,,,,,,,,,,,,,,,,,,,,,,,,,,,,,,TT,O,,2008,2,3,03/10/08,27.906976744,24.07564695,24.14077634,23.75,,,,,47.3,41.2,24,6.8,,,,,,,,,,,,,,,,,,,,,,,,,,,,,,,,,,,,,,,,,,,,,,,,,,,,,,,,,,,,,,,,,,,,,,,,,,,,,,,,,,,,,,,73,100,113.3,101.3,,,,,,,,,,,,,,,,,,,,,,,,,,,,,,,,,,,,,,,,,,,,,,,,,,,,,,,,,,,,,,,,,,,,,,,,,,,,,,,,,,,119.3,387.6,29.825,96.9,115,55,5,5
021,05,B,E,2,8.1,156,82,4,46,32,22,-12,1.5,0,0,0,90,803,72,8,60.8,48.6,28.6,16.5,26,37.7,31,20.7,,,,,,,,,,,,,,,,,,,,,,,,,,,,,,,,,,,,,,,,,,,,,,,,,,,,,,,,,,,,,,,,,,,,,,,,,,,,,,,,,,,127.6,120.9,111.1,110.5,99.7,83.9,76.3,79.4,,,,,,,,,,,,,,,,,,,,,,,,,,,,,,,,,,,,,,,,,,,,,,,,,,,,,,,,,,,,,,,,,,,,,,,,,,,,,,,,,,,TT,O,,2008,3,3,03/10/08,19.259259259,24.07564695,24.14077634,23.75,,48.6,28.6,16.5,26,37.7,31,20.7,,,,,,,,,,,,,,,,,,,,,,,,,,,,,,,,,,,,,,,,,,,,,,,,,,,,,,,,,,,,,,,,,,,,,,,,,,,,,,,,,,,,120.9,111.1,110.5,99.7,83.9,76.3,79.4,,,,,,,,,,,,,,,,,,,,,,,,,,,,,,,,,,,,,,,,,,,,,,,,,,,,,,,,,,,,,,,,,,,,,,,,,,,,,,,,,,,209.1,681.8,29.871428571,97.4,55,115,2,2
019,06,B,N,2,6.9,161,36,53,69,11,20,62,1.5,1,0,0,90,803,72,6,116.5,108.9,82.7,56.2,36.6,21.6,,,,,,,,,,,,,,,,,,,,,,,,,,,,,,,,,,,,,,,,,,,,,,,,,,,,,,,,,,,,,,,,,,,,,,,,,,,,,,,,,,,,,57.8,40.9,27.2,39.9,58.9,75.8,,,,,,,,,,,,,,,,,,,,,,,,,,,,,,,,,,,,,,,,,,,,,,,,,,,,,,,,,,,,,,,,,,,,,,,,,,,,,,,,,,,,,TT,O,,2008,4,3,03/11/08,23.333333333,24.07564695,24.14077634,23.75,,,,,36.6,21.6,,,,,,,,,,,,,,,,,,,,,,,,,,,,,,,,,,,,,,,,,,,,,,,,,,,,,,,,,,,,,,,,,,,,,,,,,,,,,,,,,,,,,,,,,58.9,75.8,,,,,,,,,,,,,,,,,,,,,,,,,,,,,,,,,,,,,,,,,,,,,,,,,,,,,,,,,,,,,,,,,,,,,,,,,,,,,,,,,,,,,58.2,134.7,29.1,67.35,115,55,5,5
020,06,B,E,2,6.1,156,35,2,60,26,14,59,1.5,1,0,0,90,803,72,6,61.7,58.9,56.7,41.3,19.3,13.7,,,,,,,,,,,,,,,,,,,,,,,,,,,,,,,,,,,,,,,,,,,,,,,,,,,,,,,,,,,,,,,,,,,,,,,,,,,,,,,,,,,,,118.8,95,79.6,63.3,76.2,93.6,,,,,,,,,,,,,,,,,,,,,,,,,,,,,,,,,,,,,,,,,,,,,,,,,,,,,,,,,,,,,,,,,,,,,,,,,,,,,,,,,,,,,TT,O,,2008,5,3,03/11/08,25.573770492,24.07564695,24.14077634,23.75,,58.9,56.7,41.3,19.3,13.7,,,,,,,,,,,,,,,,,,,,,,,,,,,,,,,,,,,,,,,,,,,,,,,,,,,,,,,,,,,,,,,,,,,,,,,,,,,,,,,,,,,,,,95,79.6,63.3,76.2,93.6,,,,,,,,,,,,,,,,,,,,,,,,,,,,,,,,,,,,,,,,,,,,,,,,,,,,,,,,,,,,,,,,,,,,,,,,,,,,,,,,,,,,,189.9,407.7,37.98,81.54,55,115,2,2
021,06,B,W,2,30.4,722,32,26,44,35,21,-11,1.5,1,0,0,90,803,72,30,121.6,107.1,78.5,45.8,28.6,34.6,43.6,38.4,25.1,13.3,28.1,51.7,66,64,55.4,36.4,22.2,18.4,41.3,68.8,98.3,118.9,121.9,120.2,109.1,96.9,93.8,88.9,78.5,59.7,,,,,,,,,,,,,,,,,,,,,,,,,,,,,,,,,,,,,,,,,,,,,,,,,,,,,,,,,,,,,59.3,49.8,46.3,56.4,69.4,60.7,51.7,57.7,70.7,90.7,117,131.2,121.4,106,85.2,77.4,78.3,79.4,67.7,50.6,47.8,50.8,43.1,30.1,18.7,39.4,60.8,77.4,92.8,103.6,,,,,,,,,,,,,,,,,,,,,,,,,,,,,,,,,,,,,,,,,,,,,,,,,,,,,,,,,,,,,FS,O,,2008,6,3,03/11/08,23.75,24.07564695,24.14077634,23.75,,,,,28.6,34.6,43.6,38.4,25.1,13.3,28.1,51.7,66,64,55.4,36.4,22.2,18.4,41.3,68.8,98.3,118.9,121.9,120.2,109.1,96.9,93.8,88.9,78.5,59.7,,,,,,,,,,,,,,,,,,,,,,,,,,,,,,,,,,,,,,,,,,,,,,,,,,,,,,,,,,,,,,,,,69.4,60.7,51.7,57.7,70.7,90.7,117,131.2,121.4,106,85.2,77.4,78.3,79.4,67.7,50.6,47.8,50.8,43.1,30.1,18.7,39.4,60.8,77.4,92.8,103.6,,,,,,,,,,,,,,,,,,,,,,,,,,,,,,,,,,,,,,,,,,,,,,,,,,,,,,,,,,,,,1622.1,1879.6,62.388461538,72.292307692,115,55,5,5
025,05,B,S,2,23.4,523,29,24,9,36,55,-106,1.5,1,0,0,90,803,94,23,60.7,68.7,75.3,88.8,106.1,121.5,129.3,126.7,123.3,117.6,113.2,109.8,106.8,102.3,85.2,59.8,41.7,49.6,54.1,49.6,48.7,48.3,20.9,,,,,,,,,,,,,,,,,,,,,,,,,,,,,,,,,,,,,,,,,,,,,,,,,,,,,,,,,,,,,,,,,,,,116.6,98.4,75,48.2,27.9,27.3,36.9,43.5,54.1,65.9,71.3,77.1,71,72,69.2,77.8,98.1,120.9,127.3,123.7,122.4,130.4,110,,,,,,,,,,,,,,,,,,,,,,,,,,,,,,,,,,,,,,,,,,,,,,,,,,,,,,,,,,,,,,,,,,,,TT,O,,2008,1,3,03/10/08,22.35042735,21.449237039,20.807488356,24.657980456,,,75.3,88.8,106.1,121.5,129.3,126.7,123.3,117.6,113.2,109.8,106.8,102.3,85.2,59.8,41.7,49.6,54.1,49.6,48.7,48.3,20.9,,,,,,,,,,,,,,,,,,,,,,,,,,,,,,,,,,,,,,,,,,,,,,,,,,,,,,,,,,,,,,,,,,,,,,75,48.2,27.9,27.3,36.9,43.5,54.1,65.9,71.3,77.1,71,72,69.2,77.8,98.1,120.9,127.3,123.7,122.4,130.4,110,,,,,,,,,,,,,,,,,,,,,,,,,,,,,,,,,,,,,,,,,,,,,,,,,,,,,,,,,,,,,,,,,,,,1778.6,1650,84.695238095,78.571428571,55,115,3,3
026,05,B,N,2,90.1,1952,15,35,11,17,72,64,1.5,0,1,0,90,803,94,90,118.4,116.1,110.5,98.9,86,79.3,78.9,86.3,101.3,102.2,109.6,122.4,130.1,131.5,132,130,126.9,122.9,117,110.7,102.1,92.6,83.6,72.8,62.3,52.9,44.5,42.6,44.4,53.4,74.3,91.5,101.1,112.6,120.8,125.2,129.2,127.7,117.4,109.8,106.3,107.7,117.2,117.7,114.7,104.8,92.2,71.2,52.8,29.5,29.6,59.5,88.4,104.5,114.4,120.8,126,129.5,131.8,132.1,131.1,129.2,125.8,122.3,117.1,111.9,104.7,94.4,81.5,64.9,47.3,36.1,31.5,35.4,44.2,43.8,37,46.5,61.8,86.3,100.4,110,119,124.3,128.8,131.2,131.9,131.4,129.9,127.8,60.9,56.2,42.1,19.3,13.3,42.2,72.6,93.5,99,89.7,77.6,67.5,57.7,45.5,38.3,36.4,43.7,54.2,65.9,74.5,87.9,100.8,111.7,121.9,129.2,133,135.5,137.1,131.3,127,117.7,110.2,100.9,90.3,79.8,68.4,58.9,49.5,34.1,17.1,15.2,33.1,53.3,62.8,62.2,66.5,66.7,74.8,71,69.7,79,87.9,97.1,96.6,90,80.9,70.6,60.2,50.1,41,36.2,38.4,47.2,56.7,67.2,73,82.2,89.1,83.1,69.8,57.5,61.3,83,106.6,125,126.1,120.1,117.1,113.2,111.1,103.8,94.4,84.5,73.2,62.6,52.1,42.8,36.8,37.4,41.8,TT,O,,2008,2,3,03/10/08,21.66481687,21.449237039,20.807488356,24.657980456,,,,,,79.3,78.9,86.3,101.3,102.2,109.6,122.4,130.1,131.5,132,130,126.9,122.9,117,110.7,102.1,92.6,83.6,72.8,62.3,52.9,44.5,42.6,44.4,53.4,74.3,91.5,101.1,112.6,120.8,125.2,129.2,127.7,117.4,109.8,106.3,107.7,117.2,117.7,114.7,104.8,92.2,71.2,52.8,29.5,29.6,59.5,88.4,104.5,114.4,120.8,126,129.5,131.8,132.1,131.1,129.2,125.8,122.3,117.1,111.9,104.7,94.4,81.5,64.9,47.3,36.1,31.5,35.4,44.2,43.8,37,46.5,61.8,86.3,100.4,110,119,124.3,128.8,131.2,131.9,131.4,129.9,127.8,,,,,,42.2,72.6,93.5,99,89.7,77.6,67.5,57.7,45.5,38.3,36.4,43.7,54.2,65.9,74.5,87.9,100.8,111.7,121.9,129.2,133,135.5,137.1,131.3,127,117.7,110.2,100.9,90.3,79.8,68.4,58.9,49.5,34.1,17.1,15.2,33.1,53.3,62.8,62.2,66.5,66.7,74.8,71,69.7,79,87.9,97.1,96.6,90,80.9,70.6,60.2,50.1,41,36.2,38.4,47.2,56.7,67.2,73,82.2,89.1,83.1,69.8,57.5,61.3,83,106.6,125,126.1,120.1,117.1,113.2,111.1,103.8,94.4,84.5,73.2,62.6,52.1,42.8,36.8,37.4,41.8,8180.1,6522.6,96.236470588,76.736470588,115,55,6,6
027,05,B,E,2,90.1,1683,13,46,4,30,66,61,1.5,0,0,0,90,803,94,90,60.7,57.5,55,51.1,46.6,53.7,77.6,105.6,127.1,131.6,130.6,130.1,128,126,117.7,110.8,105.2,103.9,107,117,122.6,124.9,118.2,111.9,105.2,91.7,72.5,55.4,49.9,47.6,43,37.6,38.9,37.5,40.9,52.2,67.6,84.9,101.7,114.7,111,107.9,110.2,116,131.1,131.7,132.2,131.2,131.6,130.3,128.8,125.9,122.1,117.9,113.1,109.5,109.5,107.4,106.1,107.4,110.6,116.9,119.3,129.1,126.7,124.8,120.2,119.5,124.7,126.3,123.1,129.3,132,131.9,131,128.5,124.9,120.2,114.3,105.5,96,84.8,74.8,62.8,51.1,43,42.9,47,58.1,78.3,124.6,113,101.8,87.1,73,43.9,22.2,21.9,36.2,38.3,35.7,35.7,35.9,34.9,28.8,19,11.9,27.1,50.7,72.3,74.4,71.3,61.5,58.8,58.2,63.3,77.1,99.2,115.1,123.8,120.8,127.9,133.8,129.5,122.2,112.7,99.6,86.6,73.8,66.1,57.9,47.4,24.7,22.7,43,43.8,43,38.5,36.6,35.5,39,47,57.3,66.1,75,81.2,81,68.8,61.9,51,34.9,23.6,25.9,42.7,44.4,47.8,52.3,63.9,68.3,66.5,57.6,53.8,47.6,40,36.3,40,50.5,61,68.7,80.1,95.5,107.9,118.7,127.8,132.6,135.3,136.9,133.5,126.9,117,TT,O,,2008,3,3,03/10/08,18.679245283,21.449237039,20.807488356,24.657980456,,,55,51.1,46.6,53.7,77.6,105.6,127.1,131.6,130.6,130.1,128,126,117.7,110.8,105.2,103.9,107,117,122.6,124.9,118.2,111.9,105.2,91.7,72.5,55.4,49.9,47.6,43,37.6,38.9,37.5,40.9,52.2,67.6,84.9,101.7,114.7,111,107.9,110.2,116,131.1,131.7,132.2,131.2,131.6,130.3,128.8,125.9,122.1,117.9,113.1,109.5,109.5,107.4,106.1,107.4,110.6,116.9,119.3,129.1,126.7,124.8,120.2,119.5,124.7,126.3,123.1,129.3,132,131.9,131,128.5,124.9,120.2,114.3,105.5,96,84.8,74.8,62.8,51.1,43,42.9,47,58.1,78.3,,,101.8,87.1,73,43.9,22.2,21.9,36.2,38.3,35.7,35.7,35.9,34.9,28.8,19,11.9,27.1,50.7,72.3,74.4,71.3,61.5,58.8,58.2,63.3,77.1,99.2,115.1,123.8,120.8,127.9,133.8,129.5,122.2,112.7,99.6,86.6,73.8,66.1,57.9,47.4,24.7,22.7,43,43.8,43,38.5,36.6,35.5,39,47,57.3,66.1,75,81.2,81,68.8,61.9,51,34.9,23.6,25.9,42.7,44.4,47.8,52.3,63.9,68.3,66.5,57.6,53.8,47.6,40,36.3,40,50.5,61,68.7,80.1,95.5,107.9,118.7,127.8,132.6,135.3,136.9,133.5,126.9,117,8822,5911.5,100.25,67.176136364,55,115,3,3
025,06,B,N,2,90.1,1938,15,42,7,16,77,72,1.5,0,0,0,90,803,94,90,117.7,114.7,114.7,117.6,124.7,131.5,131.5,132,130.6,127.7,123.4,118.2,112.5,105.9,103.5,94.7,83.2,74,77,91.9,119.8,130.2,131.5,132.3,131.8,131.1,129.2,126.6,123.6,120.3,116.8,110.5,106,103.4,97.6,88.5,79.5,67.9,55.4,46.4,43.5,46.9,60.8,80.1,97.6,109,118.5,125.3,129.7,131.9,131.7,129.9,127.1,124.7,119.6,115.7,104.8,86.3,59,34.7,19.2,33,48,52.7,65.9,84.7,99.3,110.5,119.5,125.8,129.7,131.9,131.7,130.8,122.2,114,100.3,97.1,103,101.5,98.8,91.2,84.8,73.7,56.9,33.9,20.9,35.1,48.7,58.5,57.5,47,28.6,24.9,40.4,47.3,42.7,38.9,36.3,42.2,53.6,64.5,69.3,81,75.5,79.5,70.1,48.4,22.8,24.7,53.2,57.1,50.8,44.6,38.7,36.1,37.6,45.5,53.8,61.1,66.8,64.9,75.8,85.3,94.3,103.7,116.8,126.3,132.3,136.3,137.9,134.8,126,115.3,106.4,96.1,83.6,71.1,58.1,46.8,38.4,36.6,42.6,48.5,51.3,53.5,53.1,42.5,45.6,61.2,87.2,111.7,126.9,121.6,116,112.3,104.9,95.1,83.3,70.5,56.7,46.8,40.2,36.5,27.3,22.7,35,61.8,83.6,90.2,88.2,101.9,110.5,118.6,119.6,115.7,115,123.5,126.5,119.2,TT,O,,2008,4,3,03/11/08,21.509433962,21.449237039,20.807488356,24.657980456,,,,,,131.5,131.5,132,130.6,127.7,123.4,118.2,112.5,105.9,103.5,94.7,83.2,74,77,91.9,119.8,130.2,131.5,132.3,131.8,131.1,129.2,126.6,123.6,120.3,116.8,110.5,106,103.4,97.6,88.5,79.5,67.9,55.4,46.4,43.5,46.9,60.8,80.1,97.6,109,118.5,125.3,129.7,131.9,131.7,129.9,127.1,124.7,119.6,115.7,104.8,86.3,59,34.7,19.2,33,48,52.7,65.9,84.7,99.3,110.5,119.5,125.8,129.7,131.9,131.7,130.8,122.2,114,100.3,97.1,103,101.5,98.8,91.2,84.8,73.7,56.9,33.9,20.9,35.1,48.7,58.5,,,,,,47.3,42.7,38.9,36.3,42.2,53.6,64.5,69.3,81,75.5,79.5,70.1,48.4,22.8,24.7,53.2,57.1,50.8,44.6,38.7,36.1,37.6,45.5,53.8,61.1,66.8,64.9,75.8,85.3,94.3,103.7,116.8,126.3,132.3,136.3,137.9,134.8,126,115.3,106.4,96.1,83.6,71.1,58.1,46.8,38.4,36.6,42.6,48.5,51.3,53.5,53.1,42.5,45.6,61.2,87.2,111.7,126.9,121.6,116,112.3,104.9,95.1,83.3,70.5,56.7,46.8,40.2,36.5,27.3,22.7,35,61.8,83.6,90.2,88.2,101.9,110.5,118.6,119.6,115.7,115,123.5,126.5,119.2,8286.1,6396.2,97.483529412,75.249411765,115,55,6,6
026,06,B,E,2,90.1,1787,28,30,9,19,72,-29,1.5,0,0,0,90,803,94,90,56.1,57.9,50,40.5,40.5,40.4,44.8,52.9,65.8,84,94.7,99.3,110.5,123.2,127.6,130.5,132.2,131.5,128,129.6,128.2,124.2,112.9,99,78.7,55.4,30.1,13.6,29.7,43.7,42.7,45.7,54.8,71.9,87,100.9,110.9,118.8,113.4,101.5,94.1,80.4,61,49.3,45.2,48.5,48.6,44.4,41.8,43.1,42.2,56.3,80.6,105.9,124.6,126.9,129.3,131,132.1,131.5,129.7,126.6,122.3,116.8,110.2,101.6,93.8,84.5,75.5,66.8,56.1,47.1,42.3,44,47.4,57.5,75.3,86.6,89.6,87.1,87.6,94.8,88.9,91.1,99.5,114.6,129.4,129.9,125.3,117.6,122.9,122.4,121.6,124.3,133.2,135.4,131.7,121.9,113.7,109.6,100.8,88.9,79.2,75.6,65.2,55.6,46.1,40.4,33.7,34.9,38.4,39.5,37.4,34.6,40.3,54.9,73.3,98,121.1,137.7,137.6,135.7,129.5,119.9,112,103.9,94.7,85.2,71.5,60.3,56.7,57.4,65.5,88,106.9,123.8,125.7,125.3,125.2,111,94,73.8,58.6,53.9,60.5,61.1,54.6,47,41.9,37,36.9,44.3,56,65.2,74.5,85.2,97.7,110.2,119,127.3,132,134,135.6,137.4,134.6,127.9,118.3,111,105.7,100.4,97.3,88.6,74.3,56.6,36.8,27.7,34.8,35.3,33.6,34,TT,O,,2008,5,3,03/11/08,19.833518313,21.449237039,20.807488356,24.657980456,,,50,40.5,40.5,40.4,44.8,52.9,65.8,84,94.7,99.3,110.5,123.2,127.6,130.5,132.2,131.5,128,129.6,128.2,124.2,112.9,99,78.7,55.4,30.1,13.6,29.7,43.7,42.7,45.7,54.8,71.9,87,100.9,110.9,118.8,113.4,101.5,94.1,80.4,61,49.3,45.2,48.5,48.6,44.4,41.8,43.1,42.2,56.3,80.6,105.9,124.6,126.9,129.3,131,132.1,131.5,129.7,126.6,122.3,116.8,110.2,101.6,93.8,84.5,75.5,66.8,56.1,47.1,42.3,44,47.4,57.5,75.3,86.6,89.6,87.1,87.6,94.8,88.9,91.1,99.5,114.6,129.4,129.9,125.3,117.6,,,121.6,124.3,133.2,135.4,131.7,121.9,113.7,109.6,100.8,88.9,79.2,75.6,65.2,55.6,46.1,40.4,33.7,34.9,38.4,39.5,37.4,34.6,40.3,54.9,73.3,98,121.1,137.7,137.6,135.7,129.5,119.9,112,103.9,94.7,85.2,71.5,60.3,56.7,57.4,65.5,88,106.9,123.8,125.7,125.3,125.2,111,94,73.8,58.6,53.9,60.5,61.1,54.6,47,41.9,37,36.9,44.3,56,65.2,74.5,85.2,97.7,110.2,119,127.3,132,134,135.6,137.4,134.6,127.9,118.3,111,105.7,100.4,97.3,88.6,74.3,56.6,36.8,27.7,34.8,35.3,33.6,34,7545.4,7477.4,85.743181818,84.970454545,55,115,3,3
027,06,B,W,2,30.7,757,0,61,27,37,36,-95,1.5,0,1,0,90,803,94,30,127.7,129.9,131,130.8,129.9,127.9,124.3,117.4,109.2,104.5,94,77.6,63.7,57.7,69.8,76.4,69.7,70.7,83.8,103.4,121.9,129.6,127.8,125.1,120.9,115.8,114.9,113,106.5,94.6,,,,,,,,,,,,,,,,,,,,,,,,,,,,,,,,,,,,,,,,,,,,,,,,,,,,,,,,,,,,,62.5,56.2,47.1,39.1,35,36.3,35.8,30.9,19.6,11.4,20.3,43.4,67.2,96,112.3,106.8,91.6,71.6,53.3,44,50.7,55.9,46.2,36.2,26.8,25.7,37.5,41.4,43.4,36.1,,,,,,,,,,,,,,,,,,,,,,,,,,,,,,,,,,,,,,,,,,,,,,,,,,,,,,,,,,,,,FS,O,,2008,6,3,03/11/08,24.657980456,21.449237039,20.807488356,24.657980456,,,,,129.9,127.9,124.3,117.4,109.2,104.5,94,77.6,63.7,57.7,69.8,76.4,69.7,70.7,83.8,103.4,121.9,129.6,127.8,125.1,120.9,115.8,114.9,113,106.5,94.6,,,,,,,,,,,,,,,,,,,,,,,,,,,,,,,,,,,,,,,,,,,,,,,,,,,,,,,,,,,,,,,,,35,36.3,35.8,30.9,19.6,11.4,20.3,43.4,67.2,96,112.3,106.8,91.6,71.6,53.3,44,50.7,55.9,46.2,36.2,26.8,25.7,37.5,41.4,43.4,36.1,,,,,,,,,,,,,,,,,,,,,,,,,,,,,,,,,,,,,,,,,,,,,,,,,,,,,,,,,,,,,2650.1,1275.4,101.92692308,49.053846154,115,55,5,5
001,07,A,N,2,90.1,2095,22,25,0,13,87,-59,1.5,0,0,0,90,803,25,90,118,108.7,98.5,83.7,76.4,65.6,57.6,49.2,33.1,29.1,47.1,58.8,78.3,91.2,99.5,110.7,123.8,128.8,128.5,122.4,125.5,128.5,125,120.7,115.5,108.9,102,95.1,87.5,80.7,75.3,63.5,43.4,25.8,29.8,50.4,54.5,74.4,93.3,109.9,119,125.4,129.9,132,131.7,129.7,126.5,121.6,114.5,105.8,96.4,87.3,73.7,61.7,53.8,43.4,34.9,45.5,65.7,81.3,92.6,100.8,113.5,122.1,127,130.7,131.8,131.3,131.6,131.2,123.9,115.7,117,118.1,111.2,102.8,93.8,84.2,70,63.3,52.1,39.8,27.2,37.2,59.9,71.4,88.6,96.2,101.7,94.1,64.5,67.9,83.3,99.3,118.8,125.8,126.9,130.1,124.6,121.4,131.2,128.4,119.2,108.6,93.8,79.8,73.6,61.1,44.2,28.9,31,39.1,49.3,60,70.4,79.2,84.7,94.9,102.8,109.1,118.2,125.1,122.5,119,116.3,128.1,125.3,113.2,106.8,97.7,84.3,71.5,58.6,46.2,38.6,35.8,44.7,57.6,71.5,79.5,94.5,105.8,115.7,125.5,134.9,135.8,128.9,129.5,125.8,117.8,109,98.2,89.3,79.2,66.7,54.7,48.5,42.6,40.5,37.2,29.8,33.1,51.7,65.5,79.1,91.9,96.9,107.7,114.6,127.9,133.7,132.7,120.1,103.1,96,95.1,100.8,103.9,92.1,72.3,TT,O,,2008,1,4,03/12/08,23.251942286,17.918410443,18.134014355,16.840390879,,,,,,65.6,57.6,49.2,33.1,29.1,47.1,58.8,78.3,91.2,99.5,110.7,123.8,128.8,128.5,122.4,125.5,128.5,125,120.7,115.5,108.9,102,95.1,87.5,80.7,75.3,63.5,43.4,25.8,29.8,50.4,54.5,74.4,93.3,109.9,119,125.4,129.9,132,131.7,129.7,126.5,121.6,114.5,105.8,96.4,87.3,73.7,61.7,53.8,43.4,34.9,45.5,65.7,81.3,92.6,100.8,113.5,122.1,127,130.7,131.8,131.3,131.6,131.2,123.9,115.7,117,118.1,111.2,102.8,93.8,84.2,70,63.3,52.1,39.8,27.2,37.2,59.9,71.4,88.6,96.2,101.7,94.1,,,,,,125.8,126.9,130.1,124.6,121.4,131.2,128.4,119.2,108.6,93.8,79.8,73.6,61.1,44.2,28.9,31,39.1,49.3,60,70.4,79.2,84.7,94.9,102.8,109.1,118.2,125.1,122.5,119,116.3,128.1,125.3,113.2,106.8,97.7,84.3,71.5,58.6,46.2,38.6,35.8,44.7,57.6,71.5,79.5,94.5,105.8,115.7,125.5,134.9,135.8,128.9,129.5,125.8,117.8,109,98.2,89.3,79.2,66.7,54.7,48.5,42.6,40.5,37.2,29.8,33.1,51.7,65.5,79.1,91.9,96.9,107.7,114.6,127.9,133.7,132.7,120.1,103.1,96,95.1,100.8,103.9,92.1,72.3,7694,7706.7,90.517647059,90.667058824,115,55,6,6
002,07,A,E,2,90.1,1568,21,26,11,19,70,-34,1.5,1,2,0,90,803,25,90,57.2,53.4,23.7,11.8,22,40.5,62.2,78.4,84.4,87.4,96.8,107.4,115.6,122.1,126.5,130.1,131.7,131.4,128.6,125.5,127.8,126.7,123.3,119.8,116.5,112.3,105.8,106.9,103.4,99.2,93.7,87.1,82.8,78.5,80,82.3,75.4,71.7,57.3,44.5,38.3,42.3,42.3,41.2,47.5,57.2,53.3,50.6,66.9,76.3,90.9,107,114.9,120.4,124.4,126.8,128.8,130.1,130.5,124.1,113.8,101.7,94.1,88.6,89.3,100.2,103.1,101.1,93.5,88,81.6,76,71.4,66.8,51.4,32,17.7,29,50.4,62.4,70.9,70.3,69.3,63.2,58.7,61.1,76,94.7,115,125.7,127.3,127.5,107.9,85.3,74.6,69.1,84.7,104.4,112.9,110.4,105.4,98.6,89.7,79.4,69.2,57.5,47.7,41.2,34.4,30.7,36.8,44.3,53.6,62.4,66.7,67.6,70.5,83.4,89.5,95.9,105.1,103.3,100,96.6,106.3,114.5,108.8,114.5,115,118.7,127.3,136.6,137.1,134.3,132.8,129.3,125.7,122.2,110.3,102.2,96.9,97.4,90.8,82.4,73.7,66.4,60.8,57,52.2,42.3,27.9,9.4,18.5,42,68.1,90.7,95.1,94.7,94.9,107.4,117.4,115.1,113.4,119.8,117.2,114.5,111,119.5,130.1,126.4,114,97.1,79.7,61.5,46,34.5,24,26.4,37.2,45,TT,O,,2008,2,4,03/12/08,17.402885683,17.918410443,18.134014355,16.840390879,,,23.7,11.8,22,40.5,62.2,78.4,84.4,87.4,96.8,107.4,115.6,122.1,126.5,130.1,131.7,131.4,128.6,125.5,127.8,126.7,123.3,119.8,116.5,112.3,105.8,106.9,103.4,99.2,93.7,87.1,82.8,78.5,80,82.3,75.4,71.7,57.3,44.5,38.3,42.3,42.3,41.2,47.5,57.2,53.3,50.6,66.9,76.3,90.9,107,114.9,120.4,124.4,126.8,128.8,130.1,130.5,124.1,113.8,101.7,94.1,88.6,89.3,100.2,103.1,101.1,93.5,88,81.6,76,71.4,66.8,51.4,32,17.7,29,50.4,62.4,70.9,70.3,69.3,63.2,58.7,61.1,76,94.7,115,125.7,,,107.9,85.3,74.6,69.1,84.7,104.4,112.9,110.4,105.4,98.6,89.7,79.4,69.2,57.5,47.7,41.2,34.4,30.7,36.8,44.3,53.6,62.4,66.7,67.6,70.5,83.4,89.5,95.9,105.1,103.3,100,96.6,106.3,114.5,108.8,114.5,115,118.7,127.3,136.6,137.1,134.3,132.8,129.3,125.7,122.2,110.3,102.2,96.9,97.4,90.8,82.4,73.7,66.4,60.8,57,52.2,42.3,27.9,9.4,18.5,42,68.1,90.7,95.1,94.7,94.9,107.4,117.4,115.1,113.4,119.8,117.2,114.5,111,119.5,130.1,126.4,114,97.1,79.7,61.5,46,34.5,24,26.4,37.2,45,7551.9,7532.8,85.817045455,85.6,55,115,3,3
003,07,A,W,2,89.7,1205,7,30,2,6,92,-115,1.5,0,1,0,90,803,25,89,122.5,129.3,131.2,132.1,131.7,130.2,127,124.2,117,108.9,108.1,109.8,106.9,103.6,101,98.6,96.2,94.4,93.7,95.5,95.3,95.4,97.3,98.8,98.9,99,99.6,97.3,90.7,89.6,96,106.5,115.5,121.7,117.2,116.1,116.1,120.1,124.9,128,130.1,131.6,131.5,131.3,129.2,127.2,125.8,125.8,125.2,121.3,117.1,117.7,116.1,111.8,107.6,105.5,103.3,100.7,98.1,100.7,101,96.6,91.3,86.1,78.9,74,70.8,68.5,64.9,63.1,55.4,48,43.2,42.7,45.7,49.8,58.9,71.9,73,67.2,71.5,77.7,84.3,97.9,107.1,112.4,108.4,113.2,120.4,,60.8,58.2,50.3,43.3,37.9,37,42.5,50.4,51.3,55.4,70.8,82.2,84,89.7,93.2,95.8,96.4,98.9,101.3,103.4,103.9,103.8,103.7,99.8,93.2,82.5,75.5,67.5,46.5,22.2,7,31.9,58.7,76.7,78.1,83.6,82.2,77,71.8,65,57,49,41.8,36.8,36.5,42.5,45.6,45.5,46.9,48.8,50.8,62.3,70.1,78.1,83.8,87.1,88.2,87.7,86.5,90.7,93.9,99.4,107.8,113.8,112.9,114.6,109.9,108.6,116.5,127.1,131.9,134.1,135.8,137.3,135.4,132.5,127.6,121.3,117.1,112,109,112,109.7,106.4,99,90.4,76,68.3,70.4,,TT,O,,2008,3,4,03/12/08,13.433667781,17.918410443,18.134014355,16.840390879,,,,,,130.2,127,124.2,117,108.9,108.1,109.8,106.9,103.6,101,98.6,96.2,94.4,93.7,95.5,95.3,95.4,97.3,98.8,98.9,99,99.6,97.3,90.7,89.6,96,106.5,115.5,121.7,117.2,116.1,116.1,120.1,124.9,128,130.1,131.6,131.5,131.3,129.2,127.2,125.8,125.8,125.2,121.3,117.1,117.7,116.1,111.8,107.6,105.5,103.3,100.7,98.1,100.7,101,96.6,91.3,86.1,78.9,74,70.8,68.5,64.9,63.1,55.4,48,43.2,42.7,45.7,49.8,58.9,71.9,73,67.2,71.5,77.7,84.3,97.9,107.1,112.4,108.4,113.2,120.4,,,,,,,37,42.5,50.4,51.3,55.4,70.8,82.2,84,89.7,93.2,95.8,96.4,98.9,101.3,103.4,103.9,103.8,103.7,99.8,93.2,82.5,75.5,67.5,46.5,22.2,7,31.9,58.7,76.7,78.1,83.6,82.2,77,71.8,65,57,49,41.8,36.8,36.5,42.5,45.6,45.5,46.9,48.8,50.8,62.3,70.1,78.1,83.8,87.1,88.2,87.7,86.5,90.7,93.9,99.4,107.8,113.8,112.9,114.6,109.9,108.6,116.5,127.1,131.9,134.1,135.8,137.3,135.4,132.5,127.6,121.3,117.1,112,109,112,109.7,106.4,99,90.4,76,68.3,70.4,,8340.6,7049.3,99.292857143,83.920238095,115,55,6,6
001,08,A,W,2,90.1,1771,24,24,0,7,93,-76,1.5,0,0,0,90,803,25,90,123.9,128.3,130.2,126.4,120.7,113.8,104.4,94.6,85.2,76.1,68.9,62,54.5,47.5,42.8,43.5,48.6,59.2,80.2,94,100.5,96.1,103.5,116,123.1,127.7,130.3,131.9,132,130.7,128.4,125,119.9,110,99.5,96.8,90.1,80.3,70.4,61.4,51.3,42.8,39.6,48.5,62.8,76.9,95.2,106.6,114.8,114.4,115.5,126.4,131.2,132.5,132,129.8,127.2,123.2,118.7,113.9,110.5,107.1,107,104,90.2,71.3,51.4,43.3,58.7,57.7,56.8,49.8,47.6,46.1,42.3,41.5,45.4,52.3,61.2,66.6,65.8,68.9,80,83.8,94.5,108.7,117.9,122.7,126.3,129.6,44.5,35.2,37.2,46.8,60.8,75.7,84.5,97.1,109.5,119.4,123,123.1,126.4,132.9,137,136.2,131.6,126.4,117.4,109.7,104,98.1,90.4,87,77.1,66.5,56.5,46.9,39.7,36.2,40.2,50.6,57.1,61,82.8,95.5,105.3,113.8,121.9,129,133.8,135.3,133.7,133.7,121.2,114.5,109.1,100.4,90.5,76.6,63.4,59.6,53.2,44.2,37.8,37.1,44.7,55.6,65.4,75.1,78.6,76.7,74.9,82.1,76.5,75.1,85.2,105.7,129.6,129.1,128.8,124.4,126.3,134.5,136.8,135.5,133.1,129.5,124.7,118.9,114.3,111.3,106.6,96.9,94.8,92.7,86.4,77.9,69.4,60.1,TT,O,,2008,4,4,03/13/08,19.655937847,17.918410443,18.134014355,16.840390879,,,,,,113.8,104.4,94.6,85.2,76.1,68.9,62,54.5,47.5,42.8,43.5,48.6,59.2,80.2,94,100.5,96.1,103.5,116,123.1,127.7,130.3,131.9,132,130.7,128.4,125,119.9,110,99.5,96.8,90.1,80.3,70.4,61.4,51.3,42.8,39.6,48.5,62.8,76.9,95.2,106.6,114.8,114.4,115.5,126.4,131.2,132.5,132,129.8,127.2,123.2,118.7,113.9,110.5,107.1,107,104,90.2,71.3,51.4,43.3,58.7,57.7,56.8,49.8,47.6,46.1,42.3,41.5,45.4,52.3,61.2,66.6,65.8,68.9,80,83.8,94.5,108.7,117.9,122.7,126.3,129.6,,,,,,75.7,84.5,97.1,109.5,119.4,123,123.1,126.4,132.9,137,136.2,131.6,126.4,117.4,109.7,104,98.1,90.4,87,77.1,66.5,56.5,46.9,39.7,36.2,40.2,50.6,57.1,61,82.8,95.5,105.3,113.8,121.9,129,133.8,135.3,133.7,133.7,121.2,114.5,109.1,100.4,90.5,76.6,63.4,59.6,53.2,44.2,37.8,37.1,44.7,55.6,65.4,75.1,78.6,76.7,74.9,82.1,76.5,75.1,85.2,105.7,129.6,129.1,128.8,124.4,126.3,134.5,136.8,135.5,133.1,129.5,124.7,118.9,114.3,111.3,106.6,96.9,94.8,92.7,86.4,77.9,69.4,60.1,7561.2,8110.8,88.955294118,95.421176471,115,55,6,6
002,08,A,N,2,90.1,1525,24,17,10,19,71,-46,1.5,0,1,0,90,803,25,90,116.8,107.6,103.4,99.9,98.8,98.1,91.8,78.3,75.3,74.8,68.8,66.4,61.5,57.4,54.4,51.8,49.3,44.9,41.2,42.1,40.6,38.4,40.3,44,48.1,46.9,49.6,65.7,87.1,89.1,96.6,106.9,114.8,120.1,122.6,123.8,125.3,128.7,130.8,131.2,131.4,132,132,129.1,124.7,110.5,88.1,65.9,44.2,49.1,69,84.1,85.2,84.5,83.9,83.2,75.6,68.6,70.2,61,43.6,26.1,24.8,41.8,61.3,64.8,66.9,81.5,96.2,113.7,122.5,118.8,106.2,91.7,67.9,45.6,31,36.1,50.1,49.9,62.7,78.4,89.6,95.7,98.4,93.6,83,69.4,63.7,46.8,54.5,59.6,84.4,94.6,98.5,92.3,93.9,100.9,116.6,118.7,123.6,130.2,128.3,118.6,122.3,128,126.7,122.8,125.5,132.6,134.1,133.3,135.1,135.5,128.9,115.1,110,110.1,112.9,107.9,106.2,99.7,90.3,82.1,77.2,72.5,69.2,62.8,55.3,50.8,48.4,43.9,39.7,34.1,29.5,15.7,10.9,30.1,64.6,88.3,108.5,117.3,118.4,117.2,117.3,118.4,118.1,116.7,121.5,122.6,114.8,114.7,118.4,124.4,125.5,113.8,97.7,88.5,81.4,81.1,77.1,65.7,51.4,45.1,50.6,70.6,96,119.7,132.6,130.9,126,119,112.5,107.2,98.4,85.3,73.2,62.2,59.9,70.4,TT,O,,2008,5,4,03/13/08,16.92563818,17.918410443,18.134014355,16.840390879,,,,,,98.1,91.8,78.3,75.3,74.8,68.8,66.4,61.5,57.4,54.4,51.8,49.3,44.9,41.2,42.1,40.6,38.4,40.3,44,48.1,46.9,49.6,65.7,87.1,89.1,96.6,106.9,114.8,120.1,122.6,123.8,125.3,128.7,130.8,131.2,131.4,132,132,129.1,124.7,110.5,88.1,65.9,44.2,49.1,69,84.1,85.2,84.5,83.9,83.2,75.6,68.6,70.2,61,43.6,26.1,24.8,41.8,61.3,64.8,66.9,81.5,96.2,113.7,122.5,118.8,106.2,91.7,67.9,45.6,31,36.1,50.1,49.9,62.7,78.4,89.6,95.7,98.4,93.6,83,69.4,63.7,46.8,,,,,,92.3,93.9,100.9,116.6,118.7,123.6,130.2,128.3,118.6,122.3,128,126.7,122.8,125.5,132.6,134.1,133.3,135.1,135.5,128.9,115.1,110,110.1,112.9,107.9,106.2,99.7,90.3,82.1,77.2,72.5,69.2,62.8,55.3,50.8,48.4,43.9,39.7,34.1,29.5,15.7,10.9,30.1,64.6,88.3,108.5,117.3,118.4,117.2,117.3,118.4,118.1,116.7,121.5,122.6,114.8,114.7,118.4,124.4,125.5,113.8,97.7,88.5,81.4,81.1,77.1,65.7,51.4,45.1,50.6,70.6,96,119.7,132.6,130.9,126,119,112.5,107.2,98.4,85.3,73.2,62.2,59.9,70.4,6600.8,8165.3,77.656470588,96.062352941,115,55,6,6
003,08,A,S,2,30.7,517,17,43,26,20,54,36,1.5,0,1,0,90,803,25,30,63.5,61.6,52.3,40.9,24.4,12.4,24.2,49.4,78.1,94.6,98.9,97,90.3,85.1,85.9,91.3,91.2,93.5,100.7,108.2,116,122,125.4,128.4,130.8,131.8,131.6,124.2,121.9,110.6,,,,,,,,,,,,,,,,,,,,,,,,,,,,,,,,,,,,,,,,,,,,,,,,,,,,,,,,,,,,,124.5,123.9,124.4,122,109.4,89.7,71.7,52.9,33.5,19.4,9.6,8.3,23.7,42.4,72.1,99.5,109.4,107.6,104.4,98.2,88.7,79.1,70.6,63.7,55,48.1,43.6,33.6,31.5,23.1,,,,,,,,,,,,,,,,,,,,,,,,,,,,,,,,,,,,,,,,,,,,,,,,,,,,,,,,,,,,,FS,O,,2008,6,4,03/13/08,16.840390879,17.918410443,18.134014355,16.840390879,,,52.3,40.9,24.4,12.4,24.2,49.4,78.1,94.6,98.9,97,90.3,85.1,85.9,91.3,91.2,93.5,100.7,108.2,116,122,125.4,128.4,130.8,131.8,131.6,124.2,121.9,110.6,,,,,,,,,,,,,,,,,,,,,,,,,,,,,,,,,,,,,,,,,,,,,,,,,,,,,,,,,,,,,,,124.4,122,109.4,89.7,71.7,52.9,33.5,19.4,9.6,8.3,23.7,42.4,72.1,99.5,109.4,107.6,104.4,98.2,88.7,79.1,70.6,63.7,55,48.1,43.6,33.6,31.5,23.1,,,,,,,,,,,,,,,,,,,,,,,,,,,,,,,,,,,,,,,,,,,,,,,,,,,,,,,,,,,,,2561.1,1835.2,91.467857143,65.542857143,55,115,3,3
010,07,A,N,2,6.6,204,18,47,60,20,20,72,1.5,1,1,0,90,803,43,6,115.6,112.1,98,77.1,55.6,23.6,,,,,,,,,,,,,,,,,,,,,,,,,,,,,,,,,,,,,,,,,,,,,,,,,,,,,,,,,,,,,,,,,,,,,,,,,,,,,,,,,,,,,59.9,40.2,13.7,22.6,57.9,90.9,,,,,,,,,,,,,,,,,,,,,,,,,,,,,,,,,,,,,,,,,,,,,,,,,,,,,,,,,,,,,,,,,,,,,,,,,,,,,,,,,,,,,TT,O,,2008,1,4,03/12/08,30.909090909,25.746163697,25.992799034,24.512987013,,,,77.1,55.6,23.6,,,,,,,,,,,,,,,,,,,,,,,,,,,,,,,,,,,,,,,,,,,,,,,,,,,,,,,,,,,,,,,,,,,,,,,,,,,,,,,,,,,,,,,,22.6,57.9,90.9,,,,,,,,,,,,,,,,,,,,,,,,,,,,,,,,,,,,,,,,,,,,,,,,,,,,,,,,,,,,,,,,,,,,,,,,,,,,,,,,,,,,,156.3,171.4,52.1,57.133333333,115,55,4,4
011,07,A,E,2,6.2,120,18,1,22,65,13,63,1.5,0,0,0,90,803,43,6,57.6,52.3,62.6,62.4,50.5,25.8,,,,,,,,,,,,,,,,,,,,,,,,,,,,,,,,,,,,,,,,,,,,,,,,,,,,,,,,,,,,,,,,,,,,,,,,,,,,,,,,,,,,,118.3,95.6,88.5,90.7,92.7,91.5,,,,,,,,,,,,,,,,,,,,,,,,,,,,,,,,,,,,,,,,,,,,,,,,,,,,,,,,,,,,,,,,,,,,,,,,,,,,,,,,,,,,,TT,O,,2008,2,4,03/12/08,19.35483871,25.746163697,25.992799034,24.512987013,,52.3,62.6,62.4,50.5,25.8,,,,,,,,,,,,,,,,,,,,,,,,,,,,,,,,,,,,,,,,,,,,,,,,,,,,,,,,,,,,,,,,,,,,,,,,,,,,,,,,,,,,,,95.6,88.5,90.7,92.7,91.5,,,,,,,,,,,,,,,,,,,,,,,,,,,,,,,,,,,,,,,,,,,,,,,,,,,,,,,,,,,,,,,,,,,,,,,,,,,,,,,,,,,,,253.6,459,50.72,91.8,55,115,2,2
012,07,A,W,2,16.4,417,30,22,60,25,15,-33,1.5,2,0,0,90,803,43,16,119,108.2,85.1,57.8,25.1,24.6,34.2,40.1,44.5,46.8,46.1,50.4,65.5,65.8,39.2,17.7,,,,,,,,,,,,,,,,,,,,,,,,,,,,,,,,,,,,,,,,,,,,,,,,,,,,,,,,,,,,,,,,,,,,,,,,,,,58.7,47.4,36.2,45.3,71.2,101.2,93.9,76.6,58.7,49.7,59.7,86.7,109,122.1,115.9,102.6,,,,,,,,,,,,,,,,,,,,,,,,,,,,,,,,,,,,,,,,,,,,,,,,,,,,,,,,,,,,,,,,,,,,,,,,,,,TT,O,,2008,3,4,03/12/08,25.426829268,25.746163697,25.992799034,24.512987013,,,,57.8,25.1,24.6,34.2,40.1,44.5,46.8,46.1,50.4,65.5,65.8,39.2,17.7,,,,,,,,,,,,,,,,,,,,,,,,,,,,,,,,,,,,,,,,,,,,,,,,,,,,,,,,,,,,,,,,,,,,,,,,,,,,,,45.3,71.2,101.2,93.9,76.6,58.7,49.7,59.7,86.7,109,122.1,115.9,102.6,,,,,,,,,,,,,,,,,,,,,,,,,,,,,,,,,,,,,,,,,,,,,,,,,,,,,,,,,,,,,,,,,,,,,,,,,,,557.8,1092.6,42.907692308,84.046153846,115,55,4,4
010,08,A,W,2,9.5,269,29,47,80,11,9,-49,1.5,1,1,0,90,803,43,9,122.3,105.5,96.2,80.2,61.9,45.3,25.8,28.5,19.8,,,,,,,,,,,,,,,,,,,,,,,,,,,,,,,,,,,,,,,,,,,,,,,,,,,,,,,,,,,,,,,,,,,,,,,,,,,,,,,,,,46.8,21.4,2.7,17.5,42.8,69.9,77.7,72.9,91.4,,,,,,,,,,,,,,,,,,,,,,,,,,,,,,,,,,,,,,,,,,,,,,,,,,,,,,,,,,,,,,,,,,,,,,,,,,,,,,,,,,TT,O,,2008,4,4,03/13/08,28.315789474,25.746163697,25.992799034,24.512987013,,,,80.2,61.9,45.3,25.8,28.5,19.8,,,,,,,,,,,,,,,,,,,,,,,,,,,,,,,,,,,,,,,,,,,,,,,,,,,,,,,,,,,,,,,,,,,,,,,,,,,,,,,,,,,,,17.5,42.8,69.9,77.7,72.9,91.4,,,,,,,,,,,,,,,,,,,,,,,,,,,,,,,,,,,,,,,,,,,,,,,,,,,,,,,,,,,,,,,,,,,,,,,,,,,,,,,,,,261.5,372.2,43.583333333,62.033333333,115,55,4,4
011,08,A,N,2,4.7,122,19,18,63,23,14,-4,1.5,1,0,0,90,803,43,4,111.3,92.2,64.4,36,,,,,,,,,,,,,,,,,,,,,,,,,,,,,,,,,,,,,,,,,,,,,,,,,,,,,,,,,,,,,,,,,,,,,,,,,,,,,,,,,,,,,,,51.2,48.2,61.7,83.5,,,,,,,,,,,,,,,,,,,,,,,,,,,,,,,,,,,,,,,,,,,,,,,,,,,,,,,,,,,,,,,,,,,,,,,,,,,,,,,,,,,,,,,TT,O,,2008,5,4,03/13/08,25.957446809,25.746163697,25.992799034,24.512987013,,,,36,,,,,,,,,,,,,,,,,,,,,,,,,,,,,,,,,,,,,,,,,,,,,,,,,,,,,,,,,,,,,,,,,,,,,,,,,,,,,,,,,,,,,,,,,,83.5,,,,,,,,,,,,,,,,,,,,,,,,,,,,,,,,,,,,,,,,,,,,,,,,,,,,,,,,,,,,,,,,,,,,,,,,,,,,,,,,,,,,,,,36,83.5,36,83.5,115,55,4,4
012,08,A,S,2,30.8,755,40,14,34,51,15,-74,1.5,1,1,0,90,803,43,30,62.9,64.3,50.3,44.2,37.7,23.8,16.2,10.1,19.7,28.2,11.7,17.2,36.9,41.3,56.3,68.9,74.3,91,103.3,102.5,95.8,90.2,93,100.2,96.8,92,85.3,72.8,47.3,27.8,,,,,,,,,,,,,,,,,,,,,,,,,,,,,,,,,,,,,,,,,,,,,,,,,,,,,,,,,,,,,112.2,87.1,69,55.3,57.9,72.2,96.2,99.5,88.9,99.3,104,111.8,123.6,113.9,105.1,92.2,73.1,64.2,58.5,48,28.6,9.5,31.1,59.9,79.7,100.4,112.1,119.8,123.2,117,,,,,,,,,,,,,,,,,,,,,,,,,,,,,,,,,,,,,,,,,,,,,,,,,,,,,,,,,,,,,FS,O,,2008,6,4,03/13/08,24.512987013,25.746163697,25.992799034,24.512987013,,64.3,50.3,44.2,37.7,23.8,16.2,10.1,19.7,28.2,11.7,17.2,36.9,41.3,56.3,68.9,74.3,91,103.3,102.5,95.8,90.2,93,100.2,96.8,92,85.3,72.8,47.3,27.8,,,,,,,,,,,,,,,,,,,,,,,,,,,,,,,,,,,,,,,,,,,,,,,,,,,,,,,,,,,,,,87.1,69,55.3,57.9,72.2,96.2,99.5,88.9,99.3,104,111.8,123.6,113.9,105.1,92.2,73.1,64.2,58.5,48,28.6,9.5,31.1,59.9,79.7,100.4,112.1,119.8,123.2,117,,,,,,,,,,,,,,,,,,,,,,,,,,,,,,,,,,,,,,,,,,,,,,,,,,,,,,,,,,,,,1699.1,2401.1,58.589655172,82.796551724,55,115,2,2
013,07,A,N,2,18.4,440,33,49,44,43,13,40,1.5,1,2,0,90,803,45,18,115.5,104.5,85.5,70.4,90.3,99.9,103.9,101.5,97.4,80.9,60,40.1,33.2,37.6,32.5,26.9,28.4,14,,,,,,,,,,,,,,,,,,,,,,,,,,,,,,,,,,,,,,,,,,,,,,,,,,,,,,,,,,,,,,,,,,,,,,,,,62.5,45.7,25.4,27.4,38.2,29.4,16,8,6.6,20.4,45.7,72.4,101.6,124.8,126.1,119.7,110.4,98.7,,,,,,,,,,,,,,,,,,,,,,,,,,,,,,,,,,,,,,,,,,,,,,,,,,,,,,,,,,,,,,,,,,,,,,,,,TT,O,,2008,1,4,03/12/08,23.913043478,23.612679823,24.068114811,21.335504886,,,,,90.3,99.9,103.9,101.5,97.4,80.9,60,40.1,33.2,37.6,32.5,26.9,28.4,14,,,,,,,,,,,,,,,,,,,,,,,,,,,,,,,,,,,,,,,,,,,,,,,,,,,,,,,,,,,,,,,,,,,,,,,,,,,,,38.2,29.4,16,8,6.6,20.4,45.7,72.4,101.6,124.8,126.1,119.7,110.4,98.7,,,,,,,,,,,,,,,,,,,,,,,,,,,,,,,,,,,,,,,,,,,,,,,,,,,,,,,,,,,,,,,,,,,,,,,,,846.6,918,60.471428571,65.571428571,115,55,5,5
014,07,A,E,2,6.1,134,55,4,50,35,15,55,1.5,1,0,0,90,803,45,6,59.6,56.1,43.7,22.6,13.4,17.4,,,,,,,,,,,,,,,,,,,,,,,,,,,,,,,,,,,,,,,,,,,,,,,,,,,,,,,,,,,,,,,,,,,,,,,,,,,,,,,,,,,,,120,110.8,101.6,91.8,85.3,91.1,,,,,,,,,,,,,,,,,,,,,,,,,,,,,,,,,,,,,,,,,,,,,,,,,,,,,,,,,,,,,,,,,,,,,,,,,,,,,,,,,,,,,TT,O,,2008,2,4,03/12/08,21.967213115,23.612679823,24.068114811,21.335504886,,56.1,43.7,22.6,13.4,17.4,,,,,,,,,,,,,,,,,,,,,,,,,,,,,,,,,,,,,,,,,,,,,,,,,,,,,,,,,,,,,,,,,,,,,,,,,,,,,,,,,,,,,,110.8,101.6,91.8,85.3,91.1,,,,,,,,,,,,,,,,,,,,,,,,,,,,,,,,,,,,,,,,,,,,,,,,,,,,,,,,,,,,,,,,,,,,,,,,,,,,,,,,,,,,,153.2,480.6,30.64,96.12,55,115,2,2
015,07,A,W,2,6,132,16,1,42,23,35,38,1.5,0,0,0,90,803,45,5,121.5,110.5,98.2,74.5,46.3,,,,,,,,,,,,,,,,,,,,,,,,,,,,,,,,,,,,,,,,,,,,,,,,,,,,,,,,,,,,,,,,,,,,,,,,,,,,,,,,,,,,,,70.3,71.3,71.4,73.4,80.1,,,,,,,,,,,,,,,,,,,,,,,,,,,,,,,,,,,,,,,,,,,,,,,,,,,,,,,,,,,,,,,,,,,,,,,,,,,,,,,,,,,,,,TT,O,,2008,3,4,03/12/08,22,23.612679823,24.068114811,21.335504886,,,,,46.3,,,,,,,,,,,,,,,,,,,,,,,,,,,,,,,,,,,,,,,,,,,,,,,,,,,,,,,,,,,,,,,,,,,,,,,,,,,,,,,,,,,,,,,,,,80.1,,,,,,,,,,,,,,,,,,,,,,,,,,,,,,,,,,,,,,,,,,,,,,,,,,,,,,,,,,,,,,,,,,,,,,,,,,,,,,,,,,,,,,46.3,80.1,46.3,80.1,115,55,5,5
013,08,A,W,2,6.6,165,35,12,52,29,19,47,1.5,1,0,0,90,803,45,6,120.7,103.2,77.2,50.2,25.9,11.3,,,,,,,,,,,,,,,,,,,,,,,,,,,,,,,,,,,,,,,,,,,,,,,,,,,,,,,,,,,,,,,,,,,,,,,,,,,,,,,,,,,,,63.1,65.9,66.5,73.5,89.1,106,,,,,,,,,,,,,,,,,,,,,,,,,,,,,,,,,,,,,,,,,,,,,,,,,,,,,,,,,,,,,,,,,,,,,,,,,,,,,,,,,,,,,TT,O,,2008,4,4,03/13/08,25,23.612679823,24.068114811,21.335504886,,,,,25.9,11.3,,,,,,,,,,,,,,,,,,,,,,,,,,,,,,,,,,,,,,,,,,,,,,,,,,,,,,,,,,,,,,,,,,,,,,,,,,,,,,,,,,,,,,,,,89.1,106,,,,,,,,,,,,,,,,,,,,,,,,,,,,,,,,,,,,,,,,,,,,,,,,,,,,,,,,,,,,,,,,,,,,,,,,,,,,,,,,,,,,,37.2,195.1,18.6,97.55,115,55,5,5
014,08,A,N,2,6.3,173,25,69,53,24,23,61,1.5,0,0,0,90,803,45,6,121,113.9,95.5,69,39.3,16.4,,,,,,,,,,,,,,,,,,,,,,,,,,,,,,,,,,,,,,,,,,,,,,,,,,,,,,,,,,,,,,,,,,,,,,,,,,,,,,,,,,,,,49.8,35.6,15.7,26.7,58.6,93.5,,,,,,,,,,,,,,,,,,,,,,,,,,,,,,,,,,,,,,,,,,,,,,,,,,,,,,,,,,,,,,,,,,,,,,,,,,,,,,,,,,,,,TT,O,,2008,5,4,03/13/08,27.46031746,23.612679823,24.068114811,21.335504886,,,,,39.3,16.4,,,,,,,,,,,,,,,,,,,,,,,,,,,,,,,,,,,,,,,,,,,,,,,,,,,,,,,,,,,,,,,,,,,,,,,,,,,,,,,,,,,,,,,,,58.6,93.5,,,,,,,,,,,,,,,,,,,,,,,,,,,,,,,,,,,,,,,,,,,,,,,,,,,,,,,,,,,,,,,,,,,,,,,,,,,,,,,,,,,,,55.7,152.1,27.85,76.05,115,55,5,5
015,08,A,S,2,30.7,655,71,3,56,37,7,15,1.5,6,0,0,90,803,45,30,52.1,40.4,27,8.8,13.4,30.8,31.1,22.9,7.3,25.8,53.1,51.5,44.7,28,19.7,34.3,47.2,52.6,56.1,51,45.2,46.7,35.6,31.4,43.7,41.8,26.1,13.4,13.8,10.2,,,,,,,,,,,,,,,,,,,,,,,,,,,,,,,,,,,,,,,,,,,,,,,,,,,,,,,,,,,,,119.3,116.7,104.4,98.9,99.6,97.7,95.6,93.2,93.7,111.8,116.5,103.7,90.7,82.7,76.8,61.6,51.6,55,54.8,69.4,92.2,116.1,119.8,125.6,132.7,117.7,102.5,99.9,105.5,96.3,,,,,,,,,,,,,,,,,,,,,,,,,,,,,,,,,,,,,,,,,,,,,,,,,,,,,,,,,,,,,FS,O,,2008,6,4,03/13/08,21.335504886,23.612679823,24.068114811,21.335504886,,,27,8.8,13.4,30.8,31.1,22.9,7.3,25.8,53.1,51.5,44.7,28,19.7,34.3,47.2,52.6,56.1,51,45.2,46.7,35.6,31.4,43.7,41.8,26.1,13.4,13.8,10.2,,,,,,,,,,,,,,,,,,,,,,,,,,,,,,,,,,,,,,,,,,,,,,,,,,,,,,,,,,,,,,,104.4,98.9,99.6,97.7,95.6,93.2,93.7,111.8,116.5,103.7,90.7,82.7,76.8,61.6,51.6,55,54.8,69.4,92.2,116.1,119.8,125.6,132.7,117.7,102.5,99.9,105.5,96.3,,,,,,,,,,,,,,,,,,,,,,,,,,,,,,,,,,,,,,,,,,,,,,,,,,,,,,,,,,,,,913.2,2666,32.614285714,95.214285714,55,115,3,3
016,07,A,N,2,54.5,1449,27,37,27,48,25,83,1.5,0,2,0,90,803,51,54,116.7,118,105.8,82,54,33.6,34.9,40.7,30.9,32.5,53.7,74.2,91.8,104.7,108.2,112.2,113.8,116.2,108.2,88.5,64.9,51.1,44.3,43.2,42.2,51.2,52.4,48.8,45.8,29.4,23.2,41,69.2,97.8,99.6,106.8,112.7,112.9,106,107.1,120.4,125.8,127.6,124.4,110.2,90.3,67.6,39.8,17.9,30.9,52,49.3,47.9,33.6,,,,,,,,,,,,,,,,,,,,,,,,,,,,,,,,,,,,,43.1,24.6,28.9,43.1,67.2,96.2,126.7,132.7,113.6,93.5,88.5,79.9,66.2,57.4,51,33.5,20.4,29.4,41,49.1,65.5,92,119.3,137,134.8,133.6,119,104.1,97.3,80.2,74.7,81.4,98.8,102.6,85.6,67.3,49.4,31.2,12.7,23.9,38.1,41.6,36.9,29.6,15.5,11.2,31.6,56,82.1,109.7,121.1,109.6,105.4,92.6,,,,,,,,,,,,,,,,,,,,,,,,,,,,,,,,,,,,,TT,O,,2008,1,4,03/12/08,26.587155963,24.494228421,24.481021988,24.560260586,,,,,54,33.6,34.9,40.7,30.9,32.5,53.7,74.2,91.8,104.7,108.2,112.2,113.8,116.2,108.2,88.5,64.9,51.1,44.3,43.2,42.2,51.2,52.4,48.8,45.8,29.4,23.2,41,69.2,97.8,99.6,106.8,112.7,112.9,106,107.1,120.4,125.8,127.6,124.4,110.2,90.3,67.6,39.8,17.9,30.9,52,49.3,47.9,33.6,,,,,,,,,,,,,,,,,,,,,,,,,,,,,,,,,,,,,,,,,67.2,96.2,126.7,132.7,113.6,93.5,88.5,79.9,66.2,57.4,51,33.5,20.4,29.4,41,49.1,65.5,92,119.3,137,134.8,133.6,119,104.1,97.3,80.2,74.7,81.4,98.8,102.6,85.6,67.3,49.4,31.2,12.7,23.9,38.1,41.6,36.9,29.6,15.5,11.2,31.6,56,82.1,109.7,121.1,109.6,105.4,92.6,,,,,,,,,,,,,,,,,,,,,,,,,,,,,,,,,,,,,3585.4,3737.7,71.708,74.754,115,55,5,5
017,07,A,E,2,3.8,67,100,0,13,43,44,3,1.5,1,0,0,90,803,51,3,54.8,50.6,34.9,,,,,,,,,,,,,,,,,,,,,,,,,,,,,,,,,,,,,,,,,,,,,,,,,,,,,,,,,,,,,,,,,,,,,,,,,,,,,,,,,,,,,,,,122.5,119.2,111.7,,,,,,,,,,,,,,,,,,,,,,,,,,,,,,,,,,,,,,,,,,,,,,,,,,,,,,,,,,,,,,,,,,,,,,,,,,,,,,,,,,,,,,,,TT,O,,2008,2,4,03/12/08,17.631578947,24.494228421,24.481021988,24.560260586,,50.6,34.9,,,,,,,,,,,,,,,,,,,,,,,,,,,,,,,,,,,,,,,,,,,,,,,,,,,,,,,,,,,,,,,,,,,,,,,,,,,,,,,,,,,,,,,,,119.2,111.7,,,,,,,,,,,,,,,,,,,,,,,,,,,,,,,,,,,,,,,,,,,,,,,,,,,,,,,,,,,,,,,,,,,,,,,,,,,,,,,,,,,,,,,,85.5,230.9,42.75,115.45,55,115,2,2
018,07,A,W,2,32.2,782,9,28,35,24,41,7,1.5,0,0,0,90,803,51,32,116.3,97.9,75.6,51,43.1,61.2,68,68.1,65.4,62.4,61.5,49.2,42.8,55.7,64.9,76.4,89.9,99.2,108,117.8,127.2,128.9,124.4,115.3,108.4,109.9,115.2,110.3,99.7,77.6,47.4,20.4,,,,,,,,,,,,,,,,,,,,,,,,,,,,,,,,,,,,,,,,,,,,,,,,,,,,,,,,,,,61.9,54.7,49.3,49.1,58.6,51.9,43.8,34.2,32.8,57,86.9,100.3,107.6,124.9,120,114.9,109.4,100,86.1,72.4,59.7,45.2,31.1,24.4,38.1,64.9,63.8,58.7,41.7,33.7,51.8,75.2,,,,,,,,,,,,,,,,,,,,,,,,,,,,,,,,,,,,,,,,,,,,,,,,,,,,,,,,,,,TT,O,,2008,3,4,03/12/08,24.285714286,24.494228421,24.481021988,24.560260586,,,,,43.1,61.2,68,68.1,65.4,62.4,61.5,49.2,42.8,55.7,64.9,76.4,89.9,99.2,108,117.8,127.2,128.9,124.4,115.3,108.4,109.9,115.2,110.3,99.7,77.6,47.4,20.4,,,,,,,,,,,,,,,,,,,,,,,,,,,,,,,,,,,,,,,,,,,,,,,,,,,,,,,,,,,,,,,58.6,51.9,43.8,34.2,32.8,57,86.9,100.3,107.6,124.9,120,114.9,109.4,100,86.1,72.4,59.7,45.2,31.1,24.4,38.1,64.9,63.8,58.7,41.7,33.7,51.8,75.2,,,,,,,,,,,,,,,,,,,,,,,,,,,,,,,,,,,,,,,,,,,,,,,,,,,,,,,,,,,2318.3,1889.1,82.796428571,67.467857143,115,55,5,5
016,08,A,W,2,11.4,308,11,29,22,57,21,-58,1.5,1,0,0,90,803,51,11,119.7,108.1,97.9,90.7,71.9,60,72.8,69.5,65.3,45.1,19.4,,,,,,,,,,,,,,,,,,,,,,,,,,,,,,,,,,,,,,,,,,,,,,,,,,,,,,,,,,,,,,,,,,,,,,,,,,,,,,,,37.4,14.9,28.8,45.7,68.3,98,117.4,106.6,98.4,84.2,89.4,,,,,,,,,,,,,,,,,,,,,,,,,,,,,,,,,,,,,,,,,,,,,,,,,,,,,,,,,,,,,,,,,,,,,,,,,,,,,,,,TT,O,,2008,4,4,03/13/08,27.01754386,24.494228421,24.481021988,24.560260586,,,,,71.9,60,72.8,69.5,65.3,45.1,19.4,,,,,,,,,,,,,,,,,,,,,,,,,,,,,,,,,,,,,,,,,,,,,,,,,,,,,,,,,,,,,,,,,,,,,,,,,,,,,,,,,,,,68.3,98,117.4,106.6,98.4,84.2,89.4,,,,,,,,,,,,,,,,,,,,,,,,,,,,,,,,,,,,,,,,,,,,,,,,,,,,,,,,,,,,,,,,,,,,,,,,,,,,,,,,404,662.3,57.714285714,94.614285714,115,55,5,5
017,08,A,N,2,15.4,414,41,5,32,50,18,4,1.5,1,0,0,90,803,51,15,114.4,105.4,81.4,53.2,38.9,57.3,52.6,48.7,31.1,23.5,48.7,56.4,42,32.7,15.4,,,,,,,,,,,,,,,,,,,,,,,,,,,,,,,,,,,,,,,,,,,,,,,,,,,,,,,,,,,,,,,,,,,,,,,,,,,,54.6,49.4,50.1,70.8,102.2,125.7,111.3,104.6,86.2,76.2,85.4,110.7,123.1,126.9,110.6,,,,,,,,,,,,,,,,,,,,,,,,,,,,,,,,,,,,,,,,,,,,,,,,,,,,,,,,,,,,,,,,,,,,,,,,,,,,TT,O,,2008,5,4,03/13/08,26.883116883,24.494228421,24.481021988,24.560260586,,,,,38.9,57.3,52.6,48.7,31.1,23.5,48.7,56.4,42,32.7,15.4,,,,,,,,,,,,,,,,,,,,,,,,,,,,,,,,,,,,,,,,,,,,,,,,,,,,,,,,,,,,,,,,,,,,,,,,,,,,,,,,102.2,125.7,111.3,104.6,86.2,76.2,85.4,110.7,123.1,126.9,110.6,,,,,,,,,,,,,,,,,,,,,,,,,,,,,,,,,,,,,,,,,,,,,,,,,,,,,,,,,,,,,,,,,,,,,,,,,,,,447.3,1162.9,40.663636364,105.71818182,115,55,5,5
018,08,A,S,2,30.7,754,43,16,51,46,3,-52,1.5,1,1,0,90,803,51,30,53.2,49.2,63.2,75.4,87.7,83.1,68.7,44.6,23.1,13.1,26.4,48.9,51.3,45.3,26.4,23.4,33,22.4,18.7,30.5,51.5,65.5,53.4,34.7,13.1,9.4,33.6,67.8,96.1,101.2,,,,,,,,,,,,,,,,,,,,,,,,,,,,,,,,,,,,,,,,,,,,,,,,,,,,,,,,,,,,,109.8,89.7,66.6,61.4,76.4,92.7,108,120.1,111.7,90.9,70.4,48.7,44.1,53.1,79.1,107,127.4,115.9,98.2,85.2,87.6,98.8,110.2,113,104.8,86.8,65.6,38,19.8,13.1,,,,,,,,,,,,,,,,,,,,,,,,,,,,,,,,,,,,,,,,,,,,,,,,,,,,,,,,,,,,,FS,O,,2008,6,4,03/13/08,24.560260586,24.494228421,24.481021988,24.560260586,,49.2,63.2,75.4,87.7,83.1,68.7,44.6,23.1,13.1,26.4,48.9,51.3,45.3,26.4,23.4,33,22.4,18.7,30.5,51.5,65.5,53.4,34.7,13.1,9.4,33.6,67.8,96.1,101.2,,,,,,,,,,,,,,,,,,,,,,,,,,,,,,,,,,,,,,,,,,,,,,,,,,,,,,,,,,,,,,89.7,66.6,61.4,76.4,92.7,108,120.1,111.7,90.9,70.4,48.7,44.1,53.1,79.1,107,127.4,115.9,98.2,85.2,87.6,98.8,110.2,113,104.8,86.8,65.6,38,19.8,13.1,,,,,,,,,,,,,,,,,,,,,,,,,,,,,,,,,,,,,,,,,,,,,,,,,,,,,,,,,,,,,1360.7,2384.3,46.920689655,82.217241379,55,115,2,2
019,07,A,N,2,13.3,406,36,27,0,51,49,64,1.5,0,0,0,90,803,52,13,115.1,110.9,109.6,113.5,118.9,113.1,100,77.4,51.4,42.2,41,32.6,26.4,,,,,,,,,,,,,,,,,,,,,,,,,,,,,,,,,,,,,,,,,,,,,,,,,,,,,,,,,,,,,,,,,,,,,,,,,,,,,,60.8,40,18.1,34.9,65.7,85.9,101.1,107.2,114.1,129.3,135,121.9,112.7,,,,,,,,,,,,,,,,,,,,,,,,,,,,,,,,,,,,,,,,,,,,,,,,,,,,,,,,,,,,,,,,,,,,,,,,,,,,,,TT,O,,2008,1,4,03/12/08,30.526315789,26.11463156,26.568828231,23.843648208,,,,113.5,118.9,113.1,100,77.4,51.4,42.2,41,32.6,26.4,,,,,,,,,,,,,,,,,,,,,,,,,,,,,,,,,,,,,,,,,,,,,,,,,,,,,,,,,,,,,,,,,,,,,,,,,,,,,,,,,34.9,65.7,85.9,101.1,107.2,114.1,129.3,135,121.9,112.7,,,,,,,,,,,,,,,,,,,,,,,,,,,,,,,,,,,,,,,,,,,,,,,,,,,,,,,,,,,,,,,,,,,,,,,,,,,,,,716.5,1007.8,71.65,100.78,115,55,4,4
020,07,A,E,2,65.5,1656,24,12,13,44,43,85,1.5,0,0,0,90,803,52,65,66.7,68.4,73.2,85.8,99.7,115.1,127.7,124.6,114.8,100.8,87.3,65.9,47.5,41.5,38.9,34.6,41.3,62,85.1,99.8,101.3,97.7,84.4,64.1,43.5,37.4,56.2,67.7,50.1,38.6,43,50.4,68.5,90.6,85.3,71.4,51.7,39,42.6,41.5,54,74.6,79.5,79.8,79.8,77.6,74.1,70.8,76.4,96.3,107.8,101.4,77.9,69.1,79,80.7,96.8,95,75.5,59.2,49.6,40.8,40.7,31.7,20.5,,,,,,,,,,,,,,,,,,,,,,,,,,120.7,99.9,72.8,40.3,17,22.8,50.5,68,79.8,93.3,109.1,118.8,128.6,135.5,130.3,114.6,97.6,95.6,98.3,91.8,79.9,64.6,47,40.3,53,76.8,100.6,119.9,121,109.4,100.9,98.4,100.8,106.4,106.7,103.5,106.5,118.9,137.3,129.5,123.9,123,106,84.6,70.5,47,25.5,31.5,53.3,72.5,90.5,99.1,95.4,83.5,77.9,77.3,88.5,101.6,102.3,101.4,103.8,121.4,135.3,126,114.8,,,,,,,,,,,,,,,,,,,,,,,,,,TT,O,,2008,2,4,03/12/08,25.282442748,26.11463156,26.568828231,23.843648208,,68.4,73.2,85.8,99.7,115.1,127.7,124.6,114.8,100.8,87.3,65.9,47.5,41.5,38.9,34.6,41.3,62,85.1,99.8,101.3,97.7,84.4,64.1,43.5,37.4,56.2,67.7,50.1,38.6,43,50.4,68.5,90.6,85.3,71.4,51.7,39,42.6,41.5,54,74.6,79.5,79.8,79.8,77.6,74.1,70.8,76.4,96.3,107.8,101.4,77.9,69.1,79,80.7,96.8,95,75.5,59.2,49.6,40.8,40.7,31.7,20.5,,,,,,,,,,,,,,,,,,,,,,,,,,,99.9,72.8,40.3,17,22.8,50.5,68,79.8,93.3,109.1,118.8,128.6,135.5,130.3,114.6,97.6,95.6,98.3,91.8,79.9,64.6,47,40.3,53,76.8,100.6,119.9,121,109.4,100.9,98.4,100.8,106.4,106.7,103.5,106.5,118.9,137.3,129.5,123.9,123,106,84.6,70.5,47,25.5,31.5,53.3,72.5,90.5,99.1,95.4,83.5,77.9,77.3,88.5,101.6,102.3,101.4,103.8,121.4,135.3,126,114.8,,,,,,,,,,,,,,,,,,,,,,,,,,4527.6,5842.6,70.74375,91.290625,55,115,2,2
021,07,A,W,2,45.9,996,43,2,17,50,33,40,1.5,1,0,0,90,803,52,45,119.1,107.9,93.8,74,60.1,45.7,42,41.8,49.3,64.4,70.6,68.7,66.2,55.9,44.5,43.7,56.5,75.5,74.3,52,35.4,27.1,28.5,40.6,27.8,15.3,13.5,19.3,28,50.5,73.2,75.2,57.7,53.2,57.4,62.7,78,86.1,66.5,49.1,35.5,28.3,38.3,36.2,24.4,,,,,,,,,,,,,,,,,,,,,,,,,,,,,,,,,,,,,,,,,,,,,,71.4,72.6,80.6,94.9,113.8,131.8,136.7,132.2,128.4,125.9,114.8,99.7,90.8,71.1,56.5,56.2,75,100,115.6,111.4,107.5,108.4,120.1,135.6,122.9,109.4,96.7,96.9,94.1,90.8,101.8,115.2,109.9,96.6,91.9,90.6,99,110.7,111.1,107,107.4,112.1,132.4,128.9,115.1,,,,,,,,,,,,,,,,,,,,,,,,,,,,,,,,,,,,,,,,,,,,,,TT,O,,2008,3,4,03/12/08,21.699346405,26.11463156,26.568828231,23.843648208,,,,74,60.1,45.7,42,41.8,49.3,64.4,70.6,68.7,66.2,55.9,44.5,43.7,56.5,75.5,74.3,52,35.4,27.1,28.5,40.6,27.8,15.3,13.5,19.3,28,50.5,73.2,75.2,57.7,53.2,57.4,62.7,78,86.1,66.5,49.1,35.5,28.3,38.3,36.2,24.4,,,,,,,,,,,,,,,,,,,,,,,,,,,,,,,,,,,,,,,,,,,,,,,,,94.9,113.8,131.8,136.7,132.2,128.4,125.9,114.8,99.7,90.8,71.1,56.5,56.2,75,100,115.6,111.4,107.5,108.4,120.1,135.6,122.9,109.4,96.7,96.9,94.1,90.8,101.8,115.2,109.9,96.6,91.9,90.6,99,110.7,111.1,107,107.4,112.1,132.4,128.9,115.1,,,,,,,,,,,,,,,,,,,,,,,,,,,,,,,,,,,,,,,,,,,,,,2093,4466.9,49.833333333,106.3547619,115,55,4,4
019,08,A,W,2,37.9,1065,43,19,34,25,41,42,1.5,3,1,0,90,803,52,37,121.4,111.8,99.5,89,68.6,46.3,42,33.8,21.9,18,38.3,57.8,90.9,108.6,80.7,59.7,42.1,32.5,27.2,30.1,45.3,42,35.3,25,38.7,68.8,100,123.3,130.5,126.1,111.2,88.6,63.5,51,52.5,36.4,18.1,,,,,,,,,,,,,,,,,,,,,,,,,,,,,,,,,,,,,,,,,,,,,,,,,,,,,,60,68.3,87.8,109,120.1,131,136.6,123,103.1,80.1,63.6,60.3,72.2,90.9,87.4,71.6,61.3,63.1,78.8,107.7,131.7,134.6,124.3,98.9,66.3,31.1,9.8,29.8,43.3,49.9,56.5,63.4,78.5,101.8,125.7,126.4,113,,,,,,,,,,,,,,,,,,,,,,,,,,,,,,,,,,,,,,,,,,,,,,,,,,,,,,TT,O,,2008,4,4,03/13/08,28.100263852,26.11463156,26.568828231,23.843648208,,,,89,68.6,46.3,42,33.8,21.9,18,38.3,57.8,90.9,108.6,80.7,59.7,42.1,32.5,27.2,30.1,45.3,42,35.3,25,38.7,68.8,100,123.3,130.5,126.1,111.2,88.6,63.5,51,52.5,36.4,18.1,,,,,,,,,,,,,,,,,,,,,,,,,,,,,,,,,,,,,,,,,,,,,,,,,,,,,,,,,109,120.1,131,136.6,123,103.1,80.1,63.6,60.3,72.2,90.9,87.4,71.6,61.3,63.1,78.8,107.7,131.7,134.6,124.3,98.9,66.3,31.1,9.8,29.8,43.3,49.9,56.5,63.4,78.5,101.8,125.7,126.4,113,,,,,,,,,,,,,,,,,,,,,,,,,,,,,,,,,,,,,,,,,,,,,,,,,,,,,,2043.8,2944.8,60.111764706,86.611764706,115,55,4,4
020,08,A,N,2,12.3,335,32,34,6,52,42,60,1.5,3,0,0,90,803,52,12,119.9,113.3,105.9,103.3,106.8,104.3,90.7,69.8,51.5,40.4,28.2,11.4,,,,,,,,,,,,,,,,,,,,,,,,,,,,,,,,,,,,,,,,,,,,,,,,,,,,,,,,,,,,,,,,,,,,,,,,,,,,,,,46.3,30.3,13.9,35.6,67.6,94.9,106.2,111.7,119.3,132.8,123.2,105.8,,,,,,,,,,,,,,,,,,,,,,,,,,,,,,,,,,,,,,,,,,,,,,,,,,,,,,,,,,,,,,,,,,,,,,,,,,,,,,,TT,O,,2008,5,4,03/13/08,27.235772358,26.11463156,26.568828231,23.843648208,,,,103.3,106.8,104.3,90.7,69.8,51.5,40.4,28.2,11.4,,,,,,,,,,,,,,,,,,,,,,,,,,,,,,,,,,,,,,,,,,,,,,,,,,,,,,,,,,,,,,,,,,,,,,,,,,,,,,,,,,35.6,67.6,94.9,106.2,111.7,119.3,132.8,123.2,105.8,,,,,,,,,,,,,,,,,,,,,,,,,,,,,,,,,,,,,,,,,,,,,,,,,,,,,,,,,,,,,,,,,,,,,,,,,,,,,,,606.4,897.1,67.377777778,99.677777778,115,55,4,4
021,08,A,S,2,30.7,732,41,17,28,41,31,19,1.5,2,1,0,90,803,52,30,58.4,39.9,23.9,31.6,54,69.2,80,94.3,111.7,119.3,116.3,107.6,96.5,92.4,101.9,113.1,103.6,80.1,68.7,49.9,48.2,38.1,22.6,11.6,23.4,32.4,43.6,43.3,28.6,10.6,,,,,,,,,,,,,,,,,,,,,,,,,,,,,,,,,,,,,,,,,,,,,,,,,,,,,,,,,,,,,123.3,117.6,116.3,119.7,122.6,114.4,98,79.9,67.2,56.6,40.5,22.4,7.6,31,58.1,83,91.8,89.3,89.8,98.6,118.1,127.1,112.5,93.8,74.1,64.9,60.5,69.2,79.6,95.7,,,,,,,,,,,,,,,,,,,,,,,,,,,,,,,,,,,,,,,,,,,,,,,,,,,,,,,,,,,,,FS,O,,2008,6,4,03/13/08,23.843648208,26.11463156,26.568828231,23.843648208,,39.9,23.9,31.6,54,69.2,80,94.3,111.7,119.3,116.3,107.6,96.5,92.4,101.9,113.1,103.6,80.1,68.7,49.9,48.2,38.1,22.6,11.6,23.4,32.4,43.6,43.3,28.6,10.6,,,,,,,,,,,,,,,,,,,,,,,,,,,,,,,,,,,,,,,,,,,,,,,,,,,,,,,,,,,,,,117.6,116.3,119.7,122.6,114.4,98,79.9,67.2,56.6,40.5,22.4,7.6,31,58.1,83,91.8,89.3,89.8,98.6,118.1,127.1,112.5,93.8,74.1,64.9,60.5,69.2,79.6,95.7,,,,,,,,,,,,,,,,,,,,,,,,,,,,,,,,,,,,,,,,,,,,,,,,,,,,,,,,,,,,,1856.4,2399.9,64.013793103,82.755172414,55,115,2,2
022,07,A,N,2,31,338,17,52,14,18,68,77,1.5,1,0,0,90,803,53,30,116.4,117.8,118.1,117.7,118.2,118,118.4,118.2,117.8,117.6,117.6,117.5,117.3,116.8,116.5,117.2,117.5,117.2,118.7,114.7,110.4,104.4,93.9,83.5,63.1,35,22.2,17.9,33.8,20.6,,,,,,,,,,,,,,,,,,,,,,,,,,,,,,,,,,,,,,,,,,,,,,,,,,,,,,,,,,,,,57.8,54.9,55,53.5,52.3,51.6,51.6,50.2,48.9,47.6,46.6,46,44.7,44.6,46,53.2,63.6,66.7,63,59.9,51.8,51.7,50.3,41.8,39.2,62.9,79.3,103.3,125,115.4,,,,,,,,,,,,,,,,,,,,,,,,,,,,,,,,,,,,,,,,,,,,,,,,,,,,,,,,,,,,,TT,O,,2008,1,4,03/12/08,10.903225806,16.425445646,15.963781528,18.733766234,,,,,,,118.4,118.2,117.8,117.6,117.6,117.5,117.3,116.8,116.5,117.2,117.5,117.2,118.7,114.7,110.4,104.4,93.9,83.5,63.1,35,22.2,17.9,33.8,20.6,,,,,,,,,,,,,,,,,,,,,,,,,,,,,,,,,,,,,,,,,,,,,,,,,,,,,,,,,,,,,,,,,,,51.6,50.2,48.9,47.6,46.6,46,44.7,44.6,46,53.2,63.6,66.7,63,59.9,51.8,51.7,50.3,41.8,39.2,62.9,79.3,103.3,125,115.4,,,,,,,,,,,,,,,,,,,,,,,,,,,,,,,,,,,,,,,,,,,,,,,,,,,,,,,,,,,,,2227.8,1453.3,92.825,60.554166667,115,55,7,7
023,07,A,E,2,9.3,129,80,3,10,29,61,-42,1.5,2,0,0,90,803,53,9,54.5,53.5,52.9,53.4,54.4,58.4,51,38.2,12.1,,,,,,,,,,,,,,,,,,,,,,,,,,,,,,,,,,,,,,,,,,,,,,,,,,,,,,,,,,,,,,,,,,,,,,,,,,,,,,,,,,122.5,120.9,119,118.2,117,125.3,125.7,122.4,101.3,,,,,,,,,,,,,,,,,,,,,,,,,,,,,,,,,,,,,,,,,,,,,,,,,,,,,,,,,,,,,,,,,,,,,,,,,,,,,,,,,,TT,O,,2008,2,4,03/12/08,13.870967742,16.425445646,15.963781528,18.733766234,,,52.9,53.4,54.4,58.4,51,38.2,12.1,,,,,,,,,,,,,,,,,,,,,,,,,,,,,,,,,,,,,,,,,,,,,,,,,,,,,,,,,,,,,,,,,,,,,,,,,,,,,,,,,,,,119,118.2,117,125.3,125.7,122.4,101.3,,,,,,,,,,,,,,,,,,,,,,,,,,,,,,,,,,,,,,,,,,,,,,,,,,,,,,,,,,,,,,,,,,,,,,,,,,,,,,,,,,320.4,828.9,45.771428571,118.41428571,55,115,3,3
024,07,A,W,2,9.2,164,10,73,46,37,17,-48,1.5,0,0,0,90,803,53,9,121.5,114.8,110.3,106.1,100.3,94.8,78.4,56.8,27.9,,,,,,,,,,,,,,,,,,,,,,,,,,,,,,,,,,,,,,,,,,,,,,,,,,,,,,,,,,,,,,,,,,,,,,,,,,,,,,,,,,65,54.7,43.8,31.4,24.2,16.7,22.1,41.8,68.3,,,,,,,,,,,,,,,,,,,,,,,,,,,,,,,,,,,,,,,,,,,,,,,,,,,,,,,,,,,,,,,,,,,,,,,,,,,,,,,,,,TT,O,,2008,3,4,03/12/08,17.826086957,16.425445646,15.963781528,18.733766234,,,,,,,78.4,56.8,27.9,,,,,,,,,,,,,,,,,,,,,,,,,,,,,,,,,,,,,,,,,,,,,,,,,,,,,,,,,,,,,,,,,,,,,,,,,,,,,,,,,,,,,,,,22.1,41.8,68.3,,,,,,,,,,,,,,,,,,,,,,,,,,,,,,,,,,,,,,,,,,,,,,,,,,,,,,,,,,,,,,,,,,,,,,,,,,,,,,,,,,163.1,132.2,54.366666667,44.066666667,115,55,7,7
022,08,A,W,2,90.1,1895,31,24,40,34,26,-52,1.5,0,0,0,90,803,53,90,127.6,122,113,101.8,82.7,64.8,46.5,25.5,23.9,30.7,22,22.6,23.4,17.8,22.5,40.8,60.2,70.2,77.1,72.8,55.6,48.3,59.8,80.5,86.3,85.5,83.6,72.9,76.7,74.8,70.2,58.5,38.3,27.2,28.3,39.1,46.2,29.4,15.1,18.8,46.8,73,93.4,105.5,105.3,89.1,79.8,82.8,90,103.6,119.8,120.9,119.2,117.5,116.8,115.7,110.4,106,92,73.9,59.7,54.4,40.5,27.2,32.5,41.8,59.8,64.5,59.6,56.7,42,25.3,26.9,43.3,43.4,38.8,39.9,54.2,77.4,102.9,119.1,124.1,119.2,102.2,85.6,61.3,34.3,19,32.4,32.6,59.7,49.2,36.4,21.6,15.3,32.9,55.9,82.5,111.3,124.8,116.2,117.3,112.5,99.1,82.1,64.5,45.2,35.3,21.7,23.9,43.4,65.5,88,106,108.7,109,108.7,102.4,95.8,81.7,63.1,54.2,59,72.7,94.9,119.2,135.5,123.5,101.9,93.1,85.6,78.9,80.7,74.7,69.8,56.8,37.2,16.1,20.5,44.7,56.8,59.8,64,68.2,68.6,70.4,70.6,73.9,78.6,89.5,105.8,122.9,123.6,119.5,117.2,112.9,100,84.7,75.1,72.8,79.2,95.6,112.3,126,112.7,93.6,69.6,43.2,21.5,21.2,39.5,48.5,44.8,41.2,38.8,48.9,71.6,97.4,122.6,127.3,TT,O,,2008,4,4,03/13/08,21.032186459,16.425445646,15.963781528,18.733766234,,,,,,,46.5,25.5,23.9,30.7,22,22.6,23.4,17.8,22.5,40.8,60.2,70.2,77.1,72.8,55.6,48.3,59.8,80.5,86.3,85.5,83.6,72.9,76.7,74.8,70.2,58.5,38.3,27.2,28.3,39.1,46.2,29.4,15.1,18.8,46.8,73,93.4,105.5,105.3,89.1,79.8,82.8,90,103.6,119.8,120.9,119.2,117.5,116.8,115.7,110.4,106,92,73.9,59.7,54.4,40.5,27.2,32.5,41.8,59.8,64.5,59.6,56.7,42,25.3,26.9,43.3,43.4,38.8,39.9,54.2,77.4,102.9,119.1,124.1,119.2,102.2,85.6,61.3,34.3,19,32.4,32.6,,,,,,,55.9,82.5,111.3,124.8,116.2,117.3,112.5,99.1,82.1,64.5,45.2,35.3,21.7,23.9,43.4,65.5,88,106,108.7,109,108.7,102.4,95.8,81.7,63.1,54.2,59,72.7,94.9,119.2,135.5,123.5,101.9,93.1,85.6,78.9,80.7,74.7,69.8,56.8,37.2,16.1,20.5,44.7,56.8,59.8,64,68.2,68.6,70.4,70.6,73.9,78.6,89.5,105.8,122.9,123.6,119.5,117.2,112.9,100,84.7,75.1,72.8,79.2,95.6,112.3,126,112.7,93.6,69.6,43.2,21.5,21.2,39.5,48.5,44.8,41.2,38.8,48.9,71.6,97.4,122.6,127.3,5333.2,6674,63.49047619,79.452380952,115,55,7,7
023,08,A,N,2,11.8,191,9,39,35,47,18,-7,1.5,0,0,0,90,803,53,11,119.7,117.8,107.2,105.2,107.7,105.6,93.9,81.5,67.4,47.1,29.3,,,,,,,,,,,,,,,,,,,,,,,,,,,,,,,,,,,,,,,,,,,,,,,,,,,,,,,,,,,,,,,,,,,,,,,,,,,,,,,,55.4,51.5,51.6,42,45.3,47.3,52,56.5,54.8,60.9,77.6,,,,,,,,,,,,,,,,,,,,,,,,,,,,,,,,,,,,,,,,,,,,,,,,,,,,,,,,,,,,,,,,,,,,,,,,,,,,,,,,TT,O,,2008,5,4,03/13/08,16.186440678,16.425445646,15.963781528,18.733766234,,,,,,,93.9,81.5,67.4,47.1,29.3,,,,,,,,,,,,,,,,,,,,,,,,,,,,,,,,,,,,,,,,,,,,,,,,,,,,,,,,,,,,,,,,,,,,,,,,,,,,,,,,,,,,,,52,56.5,54.8,60.9,77.6,,,,,,,,,,,,,,,,,,,,,,,,,,,,,,,,,,,,,,,,,,,,,,,,,,,,,,,,,,,,,,,,,,,,,,,,,,,,,,,,319.2,301.8,63.84,60.36,115,55,7,7
024,08,A,S,2,30.8,577,18,16,72,25,3,-66,1.5,3,0,0,90,803,53,30,61.6,58,46.4,42.9,38.4,44.9,53.8,53.7,48.6,49.2,33.5,15.4,13,8.8,25,35.3,62.4,66.8,68.9,65.2,60.3,52,57.5,79.8,83.9,86.9,91.3,94.7,96.3,91.7,,,,,,,,,,,,,,,,,,,,,,,,,,,,,,,,,,,,,,,,,,,,,,,,,,,,,,,,,,,,,120.6,108,98,93.8,92.1,92.4,80.4,68.3,58.8,54.4,64.6,83.3,90.5,92.4,96.8,94.6,84.9,71.5,57,49.6,46.7,61,79,88,82.3,72.2,55.2,36.6,26.6,18.7,,,,,,,,,,,,,,,,,,,,,,,,,,,,,,,,,,,,,,,,,,,,,,,,,,,,,,,,,,,,,FS,O,,2008,6,4,03/13/08,18.733766234,16.425445646,15.963781528,18.733766234,,,46.4,42.9,38.4,44.9,53.8,53.7,48.6,49.2,33.5,15.4,13,8.8,25,35.3,62.4,66.8,68.9,65.2,60.3,52,57.5,79.8,83.9,86.9,91.3,94.7,96.3,91.7,,,,,,,,,,,,,,,,,,,,,,,,,,,,,,,,,,,,,,,,,,,,,,,,,,,,,,,,,,,,,,,98,93.8,92.1,92.4,80.4,68.3,58.8,54.4,64.6,83.3,90.5,92.4,96.8,94.6,84.9,71.5,57,49.6,46.7,61,79,88,82.3,72.2,55.2,36.6,26.6,18.7,,,,,,,,,,,,,,,,,,,,,,,,,,,,,,,,,,,,,,,,,,,,,,,,,,,,,,,,,,,,,1566.6,1989.7,55.95,71.060714286,55,115,3,3
025,07,A,N,2,69.1,1767,34,16,29,31,40,42,1.5,1,1,0,90,803,56,69,114,106.3,98.6,120.3,127.2,121.4,108.6,86,71.9,77.6,87,74.6,49.9,34.8,37.5,47.7,58.3,71.2,72.5,76.1,64.5,38.5,16.5,38.7,59.8,67.1,68.1,64,64.6,62.7,54.3,34.3,14.2,31.6,51.6,71.3,85.9,97.5,98.6,90.2,79.3,63.8,53.8,48.7,40.1,34.9,46.4,69.8,84.9,78.7,63.4,43.1,18.7,20.8,34.3,44,44.6,39,36.3,52.7,77.5,90.7,101.3,106.8,101,89.8,75.5,52.1,22.5,,,,,,,,,,,,,,,,,,,,,,62,48.4,20.9,29.1,33.7,27.1,15.2,20.1,49.2,83.4,109.9,114,118.4,123.8,130.2,126.6,115.9,115.9,112.4,120.9,122.4,113.4,83.2,56.8,42.8,51.3,61,85.3,112.7,128.1,131.8,124.2,97.9,76.6,51.5,25.4,22.1,43.5,57.1,69.7,81.4,98.2,117.3,132.9,133,128,117.3,114.1,104.1,87.1,72.9,67.4,78.6,96.1,110.6,130.5,134.3,133.4,127.3,121.6,112.5,101.8,88.8,72.4,54.7,44.8,43.7,55.4,79.5,,,,,,,,,,,,,,,,,,,,,,TT,O,,2008,1,4,03/12/08,25.571635311,22.515669466,22.882439723,20.681818182,,,,,127.2,121.4,108.6,86,71.9,77.6,87,74.6,49.9,34.8,37.5,47.7,58.3,71.2,72.5,76.1,64.5,38.5,16.5,38.7,59.8,67.1,68.1,64,64.6,62.7,54.3,34.3,14.2,31.6,51.6,71.3,85.9,97.5,98.6,90.2,79.3,63.8,53.8,48.7,40.1,34.9,46.4,69.8,84.9,78.7,63.4,43.1,18.7,20.8,34.3,44,44.6,39,36.3,52.7,77.5,90.7,101.3,106.8,101,89.8,75.5,52.1,22.5,,,,,,,,,,,,,,,,,,,,,,,,,,33.7,27.1,15.2,20.1,49.2,83.4,109.9,114,118.4,123.8,130.2,126.6,115.9,115.9,112.4,120.9,122.4,113.4,83.2,56.8,42.8,51.3,61,85.3,112.7,128.1,131.8,124.2,97.9,76.6,51.5,25.4,22.1,43.5,57.1,69.7,81.4,98.2,117.3,132.9,133,128,117.3,114.1,104.1,87.1,72.9,67.4,78.6,96.1,110.6,130.5,134.3,133.4,127.3,121.6,112.5,101.8,88.8,72.4,54.7,44.8,43.7,55.4,79.5,,,,,,,,,,,,,,,,,,,,,,4090.8,5813.2,62.935384615,89.433846154,115,55,5,5
026,07,A,E,2,49,1036,32,26,40,45,15,96,1.5,1,1,0,90,803,56,48,64.9,68.8,76,87.7,97.8,104,110.3,117.7,120.4,114.5,100.2,85.2,70.2,71.4,79.6,67.4,50.2,30.1,12.1,16.2,30.6,34.1,27.2,16.9,21.7,40.9,63.3,85.8,105.4,110.6,108.7,99.5,82.6,58.1,33.9,13.8,19.5,34,39.2,45,55.4,60.8,68.2,72.3,69.1,61.1,46.7,28.8,,,,,,,,,,,,,,,,,,,,,,,,,,,,,,,,,,,,,,,,,,,126.9,112.7,100.2,84.9,68.6,52.4,34,25.9,26.9,31.7,39.1,53.3,84.1,107.2,106.9,92.2,80.8,77.9,85.8,100.9,117.6,126.3,122.2,108.1,90.5,68.9,45.3,26.3,20.3,16.1,13.7,7.8,16.7,39.5,64.3,89.7,112.7,129,130.4,126.7,116.2,102.6,84.3,63.4,45.8,42.2,51,67.5,,,,,,,,,,,,,,,,,,,,,,,,,,,,,,,,,,,,,,,,,,,TT,O,,2008,2,4,03/12/08,21.142857143,22.515669466,22.882439723,20.681818182,,68.8,76,87.7,97.8,104,110.3,117.7,120.4,114.5,100.2,85.2,70.2,71.4,79.6,67.4,50.2,30.1,12.1,16.2,30.6,34.1,27.2,16.9,21.7,40.9,63.3,85.8,105.4,110.6,108.7,99.5,82.6,58.1,33.9,13.8,19.5,34,39.2,45,55.4,60.8,68.2,72.3,69.1,61.1,46.7,28.8,,,,,,,,,,,,,,,,,,,,,,,,,,,,,,,,,,,,,,,,,,,,112.7,100.2,84.9,68.6,52.4,34,25.9,26.9,31.7,39.1,53.3,84.1,107.2,106.9,92.2,80.8,77.9,85.8,100.9,117.6,126.3,122.2,108.1,90.5,68.9,45.3,26.3,20.3,16.1,13.7,7.8,16.7,39.5,64.3,89.7,112.7,129,130.4,126.7,116.2,102.6,84.3,63.4,45.8,42.2,51,67.5,,,,,,,,,,,,,,,,,,,,,,,,,,,,,,,,,,,,,,,,,,,3013,3410.6,64.106382979,72.565957447,55,115,2,2
027,07,A,W,2,14.8,295,65,1,7,50,43,26,1.5,0,0,0,90,803,56,14,113.9,103.9,89.5,70,53.1,49.4,46.4,34,27.2,38.9,49.6,51.4,48.5,32.2,,,,,,,,,,,,,,,,,,,,,,,,,,,,,,,,,,,,,,,,,,,,,,,,,,,,,,,,,,,,,,,,,,,,,,,,,,,,,60.3,59.9,64.5,76.1,95.9,117.2,132,128.2,119.5,119,126.7,131.5,132.1,122.7,,,,,,,,,,,,,,,,,,,,,,,,,,,,,,,,,,,,,,,,,,,,,,,,,,,,,,,,,,,,,,,,,,,,,,,,,,,,,TT,O,,2008,3,4,03/12/08,19.932432432,22.515669466,22.882439723,20.681818182,,,,,53.1,49.4,46.4,34,27.2,38.9,49.6,51.4,48.5,32.2,,,,,,,,,,,,,,,,,,,,,,,,,,,,,,,,,,,,,,,,,,,,,,,,,,,,,,,,,,,,,,,,,,,,,,,,,,,,,,,,,95.9,117.2,132,128.2,119.5,119,126.7,131.5,132.1,122.7,,,,,,,,,,,,,,,,,,,,,,,,,,,,,,,,,,,,,,,,,,,,,,,,,,,,,,,,,,,,,,,,,,,,,,,,,,,,,430.7,1224.8,43.07,122.48,115,55,5,5
025,08,A,W,2,8.6,230,55,43,51,37,12,-34,1.5,2,0,0,90,803,56,8,118.5,104.9,82.6,50.5,18.1,18.3,30.3,15.1,,,,,,,,,,,,,,,,,,,,,,,,,,,,,,,,,,,,,,,,,,,,,,,,,,,,,,,,,,,,,,,,,,,,,,,,,,,,,,,,,,,44.9,31.2,26.2,46.6,78.2,107.1,124.1,105.3,,,,,,,,,,,,,,,,,,,,,,,,,,,,,,,,,,,,,,,,,,,,,,,,,,,,,,,,,,,,,,,,,,,,,,,,,,,,,,,,,,,TT,O,,2008,4,4,03/13/08,26.744186047,22.515669466,22.882439723,20.681818182,,,,,18.1,18.3,30.3,15.1,,,,,,,,,,,,,,,,,,,,,,,,,,,,,,,,,,,,,,,,,,,,,,,,,,,,,,,,,,,,,,,,,,,,,,,,,,,,,,,,,,,,,,,78.2,107.1,124.1,105.3,,,,,,,,,,,,,,,,,,,,,,,,,,,,,,,,,,,,,,,,,,,,,,,,,,,,,,,,,,,,,,,,,,,,,,,,,,,,,,,,,,,81.8,414.7,20.45,103.675,115,55,5,5
026,08,A,N,2,90.1,1894,32,25,51,35,14,-4,1.5,0,0,0,90,803,56,90,113.4,103,82.8,61,58.4,78.7,98.3,93.1,81.3,59.3,37.7,18.1,25.1,37.9,36.7,33.7,38.6,48.6,52.9,61.1,65.9,65.5,67.6,65.5,58.1,50.2,48.4,40.7,27.6,11.7,29.3,51.2,68.9,77.2,75.1,64.8,51.8,40.2,30.2,35.1,37.4,35.9,37.5,48.2,63.5,78.3,86.3,82,73.1,60.7,52,49.6,44.2,51.4,58.7,55.8,40.3,21.2,24.2,45.1,68.9,91.4,96.5,92.2,82.6,68.2,45.9,27.7,24.8,41.5,54,56.1,49.3,41.6,29.6,20.3,26,42.1,61.8,74.2,82.8,95.1,108.8,122.5,125.7,117,107.5,92.8,76.8,51.9,52.7,49,44.7,38.3,46.4,62.9,62.1,47.4,37.1,40,57.7,85.5,113,130.8,131.7,125.7,115.8,99.4,81.1,58.8,36.5,31.9,43.5,62.4,80.6,99.8,117,121.6,117.2,104.1,84.9,62.9,39.1,20.1,20.7,34.6,55,76,101.7,122.1,131.8,129.1,119.8,108.2,93.8,77.3,57.3,40.9,34.3,35.8,46.6,54.6,80.6,107.8,124.8,128.9,119.1,98.5,76.9,54.4,33.7,27.9,33.7,34.3,34,39.5,53.5,68.2,91.7,114.4,129.4,126.1,110.1,96.5,84.9,77.4,74.7,80.1,85.7,80.2,67.4,56.7,45.5,43.6,44.5,47.2,47.5,50,55.4,63,TT,O,,2008,5,4,03/13/08,21.02108768,22.515669466,22.882439723,20.681818182,,,,,58.4,78.7,98.3,93.1,81.3,59.3,37.7,18.1,25.1,37.9,36.7,33.7,38.6,48.6,52.9,61.1,65.9,65.5,67.6,65.5,58.1,50.2,48.4,40.7,27.6,11.7,29.3,51.2,68.9,77.2,75.1,64.8,51.8,40.2,30.2,35.1,37.4,35.9,37.5,48.2,63.5,78.3,86.3,82,73.1,60.7,52,49.6,44.2,51.4,58.7,55.8,40.3,21.2,24.2,45.1,68.9,91.4,96.5,92.2,82.6,68.2,45.9,27.7,24.8,41.5,54,56.1,49.3,41.6,29.6,20.3,26,42.1,61.8,74.2,82.8,95.1,108.8,122.5,125.7,117,107.5,92.8,76.8,51.9,,,,,46.4,62.9,62.1,47.4,37.1,40,57.7,85.5,113,130.8,131.7,125.7,115.8,99.4,81.1,58.8,36.5,31.9,43.5,62.4,80.6,99.8,117,121.6,117.2,104.1,84.9,62.9,39.1,20.1,20.7,34.6,55,76,101.7,122.1,131.8,129.1,119.8,108.2,93.8,77.3,57.3,40.9,34.3,35.8,46.6,54.6,80.6,107.8,124.8,128.9,119.1,98.5,76.9,54.4,33.7,27.9,33.7,34.3,34,39.5,53.5,68.2,91.7,114.4,129.4,126.1,110.1,96.5,84.9,77.4,74.7,80.1,85.7,80.2,67.4,56.7,45.5,43.6,44.5,47.2,47.5,50,55.4,63,5005.5,6444.4,58.203488372,74.934883721,115,55,5,5
027,08,A,S,2,30.8,637,39,15,66,32,2,-59,1.5,1,0,0,90,803,56,30,61.7,50.3,36.2,16.6,9.6,28.4,44.5,50.7,47.4,35,33.8,44.6,66.4,79.8,80.2,70.6,55.3,39.9,30.3,26.9,22.8,22.2,35.5,53.7,71.6,85.1,88.3,82.4,73.2,59.9,,,,,,,,,,,,,,,,,,,,,,,,,,,,,,,,,,,,,,,,,,,,,,,,,,,,,,,,,,,,,115.4,99.1,89.5,89.1,96.2,99.2,103.5,109.3,112,98.9,81.4,59.9,41.4,45.9,54.5,65.1,76.5,91,106.6,118.3,116.9,108.4,97,84.2,69.6,53.6,34.3,23.9,25.5,36.1,,,,,,,,,,,,,,,,,,,,,,,,,,,,,,,,,,,,,,,,,,,,,,,,,,,,,,,,,,,,,FS,O,,2008,6,4,03/13/08,20.681818182,22.515669466,22.882439723,20.681818182,,,36.2,16.6,9.6,28.4,44.5,50.7,47.4,35,33.8,44.6,66.4,79.8,80.2,70.6,55.3,39.9,30.3,26.9,22.8,22.2,35.5,53.7,71.6,85.1,88.3,82.4,73.2,59.9,,,,,,,,,,,,,,,,,,,,,,,,,,,,,,,,,,,,,,,,,,,,,,,,,,,,,,,,,,,,,,,89.5,89.1,96.2,99.2,103.5,109.3,112,98.9,81.4,59.9,41.4,45.9,54.5,65.1,76.5,91,106.6,118.3,116.9,108.4,97,84.2,69.6,53.6,34.3,23.9,25.5,36.1,,,,,,,,,,,,,,,,,,,,,,,,,,,,,,,,,,,,,,,,,,,,,,,,,,,,,,,,,,,,,1390.9,2187.8,49.675,78.135714286,55,115,3,3
004,07,B,W,2,25.4,720,18,34,14,36,50,-95,1.5,0,1,0,90,803,65,25,129.4,130.6,129.3,126.6,119.7,111.7,98.7,84.4,68.6,49.6,33.1,35.1,46.6,56.6,66.9,77.6,90,100.6,105.2,104.3,97.9,87.9,74,55.6,34.9,,,,,,,,,,,,,,,,,,,,,,,,,,,,,,,,,,,,,,,,,,,,,,,,,,,,,,,,,,,,,,,,,,59.8,45.5,35.1,39.4,53.4,64.7,80.8,100.6,115.2,121,122.4,127.3,111.5,90.7,66,38,10.6,20.4,42.4,57.4,75.2,93.8,106.5,111,112.6,,,,,,,,,,,,,,,,,,,,,,,,,,,,,,,,,,,,,,,,,,,,,,,,,,,,,,,,,,,,,,,,,,TT,O,,2008,1,4,03/12/08,28.346456693,23.955023843,24.15125737,22.973856209,,,,,119.7,111.7,98.7,84.4,68.6,49.6,33.1,35.1,46.6,56.6,66.9,77.6,90,100.6,105.2,104.3,97.9,87.9,74,55.6,34.9,,,,,,,,,,,,,,,,,,,,,,,,,,,,,,,,,,,,,,,,,,,,,,,,,,,,,,,,,,,,,,,,,,,,,,53.4,64.7,80.8,100.6,115.2,121,122.4,127.3,111.5,90.7,66,38,10.6,20.4,42.4,57.4,75.2,93.8,106.5,111,112.6,,,,,,,,,,,,,,,,,,,,,,,,,,,,,,,,,,,,,,,,,,,,,,,,,,,,,,,,,,,,,,,,,,1599,1721.5,76.142857143,81.976190476,115,55,5,5
005,07,B,N,2,90.1,1988,14,27,19,37,44,-57,1.5,0,1,0,90,803,65,90,121.5,121.1,115.3,113.2,104,90.5,73.6,52.5,27.7,14.2,46.9,72.9,97.3,118.7,125.7,122.4,114.1,107.7,105,98.1,88.7,74.4,63.6,53.2,42.3,32.5,34.9,50,73.9,93.6,104.9,114.2,121.6,121.4,115.9,105.7,95.1,88,85.1,85.4,80.8,68.8,51.6,30.9,15.3,21.1,45.9,70.5,99.5,103,109.4,116.1,118.2,117.1,115.5,114.9,115.2,113.7,107.7,96.6,83.8,72.2,64.5,57.4,43.7,25.5,38.4,51,65.5,83.1,88,81,74.8,59.2,41.6,49.7,71,95.6,115.9,121.8,116.6,108.2,96.2,88.2,80.3,69.2,55.5,39.3,26.7,30.4,58.8,57.6,61.2,66.2,76.9,88.8,95.7,100.4,99,84.6,55.9,33.9,18.7,24.7,32.9,37.3,45.4,62.2,73.5,90.3,99.1,103.8,115.6,124.9,128.9,126.8,123.4,117.7,109,99.7,86.7,72.7,59.8,44.7,30.5,12.6,13.7,36.5,60.8,74,92.2,101,105.3,96.7,86.1,82.7,87.2,97.7,101.4,87.3,72.5,58.7,43.9,28.9,21.3,31.7,48.4,61.1,70.4,73.5,78.9,88,102.8,116.1,116.1,91.1,82.9,88.4,99.5,116.4,115.5,115.2,115.4,111.9,84.8,60,35.8,26.2,39.9,54.9,58.9,63.2,70.8,83.9,98.3,103.9,96.1,85.5,75.7,67.9,TT,O,,2008,2,4,03/12/08,22.064372919,23.955023843,24.15125737,22.973856209,,,,,104,90.5,73.6,52.5,27.7,14.2,46.9,72.9,97.3,118.7,125.7,122.4,114.1,107.7,105,98.1,88.7,74.4,63.6,53.2,42.3,32.5,34.9,50,73.9,93.6,104.9,114.2,121.6,121.4,115.9,105.7,95.1,88,85.1,85.4,80.8,68.8,51.6,30.9,15.3,21.1,45.9,70.5,99.5,103,109.4,116.1,118.2,117.1,115.5,114.9,115.2,113.7,107.7,96.6,83.8,72.2,64.5,57.4,43.7,25.5,38.4,51,65.5,83.1,88,81,74.8,59.2,41.6,49.7,71,95.6,115.9,121.8,116.6,108.2,96.2,88.2,80.3,69.2,55.5,39.3,26.7,30.4,,,,,76.9,88.8,95.7,100.4,99,84.6,55.9,33.9,18.7,24.7,32.9,37.3,45.4,62.2,73.5,90.3,99.1,103.8,115.6,124.9,128.9,126.8,123.4,117.7,109,99.7,86.7,72.7,59.8,44.7,30.5,12.6,13.7,36.5,60.8,74,92.2,101,105.3,96.7,86.1,82.7,87.2,97.7,101.4,87.3,72.5,58.7,43.9,28.9,21.3,31.7,48.4,61.1,70.4,73.5,78.9,88,102.8,116.1,116.1,91.1,82.9,88.4,99.5,116.4,115.5,115.2,115.4,111.9,84.8,60,35.8,26.2,39.9,54.9,58.9,63.2,70.8,83.9,98.3,103.9,96.1,85.5,75.7,67.9,6821.8,6653.1,79.323255814,77.361627907,115,55,5,5
006,07,B,S,2,62.8,1287,9,27,29,38,33,-109,1.5,0,1,0,90,803,65,62,66.1,69.1,75,71.6,68.2,67.4,68.3,70.9,74.3,76.9,76.7,71.8,57.5,40.1,46.1,64.2,83.6,99.9,107.5,106.4,99.6,91,77.5,63.5,51,43.2,46,60.9,88.2,107.7,113.3,115.8,119,117.7,112.1,106.2,100.2,96.1,90.5,78.7,63.4,47.3,34.2,25.7,31.2,44.2,54.3,72.5,86.8,100.3,112,120.4,126.2,127.6,126.5,122.1,116.6,105.8,89.7,70.2,50.4,31,,,,,,,,,,,,,,,,,,,,,,,,,,,,,123.8,118.9,109.1,93,72.1,47.4,29.1,34.3,56.1,80.4,96.3,111,111.5,88.8,66.6,48.6,48.2,60.2,70.2,77.6,84.7,89.2,88.3,80.9,70.4,57.7,51.8,56.8,68,67.7,59,46.6,35.8,25,18.5,23.9,38,45.7,61.2,69.9,77.3,91.2,105.5,115.1,125.7,131,126.3,115.6,106.7,98.1,86.8,75.6,64.6,50.8,38.1,28.3,21.6,10.9,8.2,26.5,48.1,69.7,,,,,,,,,,,,,,,,,,,,,,,,,,,,,TT,O,,2008,3,4,03/12/08,20.493630573,23.955023843,24.15125737,22.973856209,,69.1,75,71.6,68.2,67.4,68.3,70.9,74.3,76.9,76.7,71.8,57.5,40.1,46.1,64.2,83.6,99.9,107.5,106.4,99.6,91,77.5,63.5,51,43.2,46,60.9,88.2,107.7,113.3,115.8,119,117.7,112.1,106.2,100.2,96.1,90.5,78.7,63.4,47.3,34.2,25.7,31.2,44.2,54.3,72.5,86.8,100.3,112,120.4,126.2,127.6,126.5,122.1,116.6,105.8,89.7,70.2,50.4,31,,,,,,,,,,,,,,,,,,,,,,,,,,,,,,118.9,109.1,93,72.1,47.4,29.1,34.3,56.1,80.4,96.3,111,111.5,88.8,66.6,48.6,48.2,60.2,70.2,77.6,84.7,89.2,88.3,80.9,70.4,57.7,51.8,56.8,68,67.7,59,46.6,35.8,25,18.5,23.9,38,45.7,61.2,69.9,77.3,91.2,105.5,115.1,125.7,131,126.3,115.6,106.7,98.1,86.8,75.6,64.6,50.8,38.1,28.3,21.6,10.9,8.2,26.5,48.1,69.7,,,,,,,,,,,,,,,,,,,,,,,,,,,,,4932.1,4180.2,80.854098361,68.527868852,55,115,2,2
004,08,B,E,2,46.9,1233,26,22,9,52,39,-23,1.5,0,0,0,90,803,65,46,69.4,63.3,44.7,17.6,34.6,54.5,67.1,71.3,68.4,55.7,41.3,31.2,34.2,54.6,79.6,97.9,111.3,117.5,116,114.2,114.7,111.4,104.3,91.3,78.6,63.2,47.3,35.6,36.9,48.6,60,72.7,87.8,103.2,114.1,115.8,113.8,112.7,111.4,108.3,101.6,91.4,79.7,67.1,51.2,32.8,,,,,,,,,,,,,,,,,,,,,,,,,,,,,,,,,,,,,,,,,,,,,124.9,124.4,120,89.8,67.7,65.1,76.1,88.1,107.9,117.8,124,125.3,119.3,107.1,94.1,80.5,65.1,46.4,27,22.1,40,54.7,69.1,85,102.7,113.6,120.2,125.8,130.6,128.2,113.4,99.7,85.6,71.7,56.8,38,21.7,22.7,40.2,55.1,68.5,86.2,100.9,113.6,116.1,104.6,,,,,,,,,,,,,,,,,,,,,,,,,,,,,,,,,,,,,,,,,,,,,TT,O,,2008,4,4,03/13/08,26.289978678,23.955023843,24.15125737,22.973856209,,63.3,44.7,17.6,34.6,54.5,67.1,71.3,68.4,55.7,41.3,31.2,34.2,54.6,79.6,97.9,111.3,117.5,116,114.2,114.7,111.4,104.3,91.3,78.6,63.2,47.3,35.6,36.9,48.6,60,72.7,87.8,103.2,114.1,115.8,113.8,112.7,111.4,108.3,101.6,91.4,79.7,67.1,51.2,32.8,,,,,,,,,,,,,,,,,,,,,,,,,,,,,,,,,,,,,,,,,,,,,,124.4,120,89.8,67.7,65.1,76.1,88.1,107.9,117.8,124,125.3,119.3,107.1,94.1,80.5,65.1,46.4,27,22.1,40,54.7,69.1,85,102.7,113.6,120.2,125.8,130.6,128.2,113.4,99.7,85.6,71.7,56.8,38,21.7,22.7,40.2,55.1,68.5,86.2,100.9,113.6,116.1,104.6,,,,,,,,,,,,,,,,,,,,,,,,,,,,,,,,,,,,,,,,,,,,,3430.5,3832.5,76.233333333,85.166666667,55,115,2,2
005,08,B,W,2,67.1,1581,26,27,40,45,15,-71,1.5,1,3,0,90,803,65,67,127.1,127.5,119.7,109.8,92.8,75,56.4,33.8,25.8,44,76.4,85.5,77.7,71,67.2,70.9,78.5,82.1,77.1,64.1,45.4,28.5,23.1,34.2,63,87.4,102.9,107.8,103.9,102.8,99.7,93.7,81.2,59,35.1,15.5,11.2,19.5,41,61.6,68.4,79.5,86.3,80.8,70.5,55.7,46.4,36.3,25,26.4,36,40.6,46,58,70.2,83,90.3,89.7,90.9,91.2,85.4,79.5,64.3,46.6,34.6,29.2,18.3,,,,,,,,,,,,,,,,,,,,,,,,64,58.6,41,21.7,8.1,31.8,49.9,66,73.5,84.7,95.4,85.3,66.8,45.4,30.2,38.5,60.1,80.1,96.1,103,108.5,114.5,116.3,112.9,105.4,96.7,86.8,70,49.4,27,7.4,6.9,22.3,42.9,67.4,92.9,105.7,108,114.1,124.5,115.2,102.5,85.6,66.5,50.7,43.9,49.4,65.3,88.7,112.6,130.1,134,131.4,120.9,108.8,96.5,80.3,61.2,40.1,20.3,12.2,16.8,37.2,60.8,85.6,106.8,107.8,,,,,,,,,,,,,,,,,,,,,,,,TT,O,,2008,5,4,03/13/08,23.561847988,23.955023843,24.15125737,22.973856209,,,,,92.8,75,56.4,33.8,25.8,44,76.4,85.5,77.7,71,67.2,70.9,78.5,82.1,77.1,64.1,45.4,28.5,23.1,34.2,63,87.4,102.9,107.8,103.9,102.8,99.7,93.7,81.2,59,35.1,15.5,11.2,19.5,41,61.6,68.4,79.5,86.3,80.8,70.5,55.7,46.4,36.3,25,26.4,36,40.6,46,58,70.2,83,90.3,89.7,90.9,91.2,85.4,79.5,64.3,46.6,34.6,29.2,18.3,,,,,,,,,,,,,,,,,,,,,,,,,,,,8.1,31.8,49.9,66,73.5,84.7,95.4,85.3,66.8,45.4,30.2,38.5,60.1,80.1,96.1,103,108.5,114.5,116.3,112.9,105.4,96.7,86.8,70,49.4,27,7.4,6.9,22.3,42.9,67.4,92.9,105.7,108,114.1,124.5,115.2,102.5,85.6,66.5,50.7,43.9,49.4,65.3,88.7,112.6,130.1,134,131.4,120.9,108.8,96.5,80.3,61.2,40.1,20.3,12.2,16.8,37.2,60.8,85.6,106.8,107.8,,,,,,,,,,,,,,,,,,,,,,,,3923.9,4725.7,62.284126984,75.011111111,115,55,5,5
006,08,B,S,2,30.6,703,36,14,36,58,6,-84,1.5,2,1,0,90,803,65,30,66,62.5,48.5,34.4,25.9,22.5,8.6,15.2,36.8,44.1,40.2,49.8,67.4,83.5,95,102.4,101.7,95.7,88.1,81,75.2,65.6,54,36.4,19,12.1,34.4,65.5,87.4,97,,,,,,,,,,,,,,,,,,,,,,,,,,,,,,,,,,,,,,,,,,,,,,,,,,,,,,,,,,,,,120.1,101.3,84.2,70.1,70.1,74.8,90.3,109.1,126.5,118.3,101.2,86.8,74.2,57.3,39.1,18.7,8.8,24.1,47.4,66.3,88.4,103,113.1,108.9,96.8,87.8,91.6,96.1,91.7,79.5,,,,,,,,,,,,,,,,,,,,,,,,,,,,,,,,,,,,,,,,,,,,,,,,,,,,,,,,,,,,,FS,O,,2008,6,4,03/13/08,22.973856209,23.955023843,24.15125737,22.973856209,,62.5,48.5,34.4,25.9,22.5,8.6,15.2,36.8,44.1,40.2,49.8,67.4,83.5,95,102.4,101.7,95.7,88.1,81,75.2,65.6,54,36.4,19,12.1,34.4,65.5,87.4,97,,,,,,,,,,,,,,,,,,,,,,,,,,,,,,,,,,,,,,,,,,,,,,,,,,,,,,,,,,,,,,101.3,84.2,70.1,70.1,74.8,90.3,109.1,126.5,118.3,101.2,86.8,74.2,57.3,39.1,18.7,8.8,24.1,47.4,66.3,88.4,103,113.1,108.9,96.8,87.8,91.6,96.1,91.7,79.5,,,,,,,,,,,,,,,,,,,,,,,,,,,,,,,,,,,,,,,,,,,,,,,,,,,,,,,,,,,,,1649.9,2325.5,56.893103448,80.189655172,55,115,2,2
007,07,B,W,2,7.4,205,4,44,42,47,11,-46,1.5,0,1,0,90,803,66,7,119.4,105.6,89.4,82.5,84.5,71,46.3,,,,,,,,,,,,,,,,,,,,,,,,,,,,,,,,,,,,,,,,,,,,,,,,,,,,,,,,,,,,,,,,,,,,,,,,,,,,,,,,,,,,53.2,27.4,12.2,45.8,62.2,77.7,83.2,,,,,,,,,,,,,,,,,,,,,,,,,,,,,,,,,,,,,,,,,,,,,,,,,,,,,,,,,,,,,,,,,,,,,,,,,,,,,,,,,,,,TT,O,,2008,1,4,03/12/08,27.702702703,24.609205436,24.462642615,25.342019544,,,,,84.5,71,46.3,,,,,,,,,,,,,,,,,,,,,,,,,,,,,,,,,,,,,,,,,,,,,,,,,,,,,,,,,,,,,,,,,,,,,,,,,,,,,,,,,,,,,,,,62.2,77.7,83.2,,,,,,,,,,,,,,,,,,,,,,,,,,,,,,,,,,,,,,,,,,,,,,,,,,,,,,,,,,,,,,,,,,,,,,,,,,,,,,,,,,,,201.8,223.1,67.266666667,74.366666667,115,55,5,5
008,07,B,N,2,16,420,15,29,62,29,9,59,1.5,1,0,0,90,803,66,15,114.8,107.1,86.5,54,42.1,54,65.2,72.8,82.4,86.4,75.6,64.6,56.6,43.7,23.2,,,,,,,,,,,,,,,,,,,,,,,,,,,,,,,,,,,,,,,,,,,,,,,,,,,,,,,,,,,,,,,,,,,,,,,,,,,,61.5,41.7,21.3,43.8,75.9,87,78.6,63.8,44.1,34.8,23.2,40.6,70.4,101.5,112.3,,,,,,,,,,,,,,,,,,,,,,,,,,,,,,,,,,,,,,,,,,,,,,,,,,,,,,,,,,,,,,,,,,,,,,,,,,,,TT,O,,2008,2,4,03/12/08,26.25,24.609205436,24.462642615,25.342019544,,,,,42.1,54,65.2,72.8,82.4,86.4,75.6,64.6,56.6,43.7,23.2,,,,,,,,,,,,,,,,,,,,,,,,,,,,,,,,,,,,,,,,,,,,,,,,,,,,,,,,,,,,,,,,,,,,,,,,,,,,,,,,75.9,87,78.6,63.8,44.1,34.8,23.2,40.6,70.4,101.5,112.3,,,,,,,,,,,,,,,,,,,,,,,,,,,,,,,,,,,,,,,,,,,,,,,,,,,,,,,,,,,,,,,,,,,,,,,,,,,,666.6,732.2,60.6,66.563636364,115,55,5,5
009,07,B,S,2,12.9,287,9,30,61,25,14,-67,1.5,0,3,0,90,803,66,12,62,61.5,57.2,58.2,72.1,87.5,91,85.4,75,64.6,53.7,42.9,,,,,,,,,,,,,,,,,,,,,,,,,,,,,,,,,,,,,,,,,,,,,,,,,,,,,,,,,,,,,,,,,,,,,,,,,,,,,,,121.8,116.8,96.4,69.8,38.9,11.6,8.6,21.4,43.5,63.9,84.5,101.6,,,,,,,,,,,,,,,,,,,,,,,,,,,,,,,,,,,,,,,,,,,,,,,,,,,,,,,,,,,,,,,,,,,,,,,,,,,,,,,TT,O,,2008,3,4,03/12/08,22.248062016,24.609205436,24.462642615,25.342019544,,61.5,57.2,58.2,72.1,87.5,91,85.4,75,64.6,53.7,42.9,,,,,,,,,,,,,,,,,,,,,,,,,,,,,,,,,,,,,,,,,,,,,,,,,,,,,,,,,,,,,,,,,,,,,,,,,,,,,,,,116.8,96.4,69.8,38.9,11.6,8.6,21.4,43.5,63.9,84.5,101.6,,,,,,,,,,,,,,,,,,,,,,,,,,,,,,,,,,,,,,,,,,,,,,,,,,,,,,,,,,,,,,,,,,,,,,,,,,,,,,,749.1,657,68.1,59.727272727,55,115,2,2
007,08,B,E,2,29.3,725,32,14,59,35,6,-5,1.5,1,0,0,90,803,66,29,63.3,39.9,22.5,29.1,32.7,18.3,35.7,56.9,81.5,97.1,101.4,88,65.7,42.7,23.2,20.7,36.1,50.1,60.9,69.1,80.9,80.8,75.7,62.4,58.8,61.4,61.8,45.6,19.9,,,,,,,,,,,,,,,,,,,,,,,,,,,,,,,,,,,,,,,,,,,,,,,,,,,,,,,,,,,,,,123.3,110.3,84,68.2,68.6,77.4,59.6,43.8,37.2,48.9,52.9,60.1,72,91.1,105.9,112.6,101.9,90.4,75,53.8,35.5,22.1,21.4,42.6,64.3,82.3,102.1,105.7,104.5,,,,,,,,,,,,,,,,,,,,,,,,,,,,,,,,,,,,,,,,,,,,,,,,,,,,,,,,,,,,,,TT,O,,2008,4,4,03/13/08,24.744027304,24.609205436,24.462642615,25.342019544,,39.9,22.5,29.1,32.7,18.3,35.7,56.9,81.5,97.1,101.4,88,65.7,42.7,23.2,20.7,36.1,50.1,60.9,69.1,80.9,80.8,75.7,62.4,58.8,61.4,61.8,45.6,19.9,,,,,,,,,,,,,,,,,,,,,,,,,,,,,,,,,,,,,,,,,,,,,,,,,,,,,,,,,,,,,,,110.3,84,68.2,68.6,77.4,59.6,43.8,37.2,48.9,52.9,60.1,72,91.1,105.9,112.6,101.9,90.4,75,53.8,35.5,22.1,21.4,42.6,64.3,82.3,102.1,105.7,104.5,,,,,,,,,,,,,,,,,,,,,,,,,,,,,,,,,,,,,,,,,,,,,,,,,,,,,,,,,,,,,,1518.9,1994.2,54.246428571,71.221428571,55,115,2,2
008,08,B,W,2,9.5,203,41,52,68,23,9,-52,1.5,1,1,0,90,803,66,9,124,111.7,100,78.2,56.3,37.3,20.5,23.9,13.1,,,,,,,,,,,,,,,,,,,,,,,,,,,,,,,,,,,,,,,,,,,,,,,,,,,,,,,,,,,,,,,,,,,,,,,,,,,,,,,,,,49.2,29.9,15.1,17.4,39.3,58.3,75.8,88.2,103.8,,,,,,,,,,,,,,,,,,,,,,,,,,,,,,,,,,,,,,,,,,,,,,,,,,,,,,,,,,,,,,,,,,,,,,,,,,,,,,,,,,TT,O,,2008,5,4,03/13/08,21.368421053,24.609205436,24.462642615,25.342019544,,,,,56.3,37.3,20.5,23.9,13.1,,,,,,,,,,,,,,,,,,,,,,,,,,,,,,,,,,,,,,,,,,,,,,,,,,,,,,,,,,,,,,,,,,,,,,,,,,,,,,,,,,,,,,39.3,58.3,75.8,88.2,103.8,,,,,,,,,,,,,,,,,,,,,,,,,,,,,,,,,,,,,,,,,,,,,,,,,,,,,,,,,,,,,,,,,,,,,,,,,,,,,,,,,,151.1,365.4,30.22,73.08,115,55,5,5
009,08,B,S,2,30.7,778,35,18,49,47,4,-81,1.5,1,2,0,90,803,66,30,65.6,58,51,45.4,46.1,36.4,19.3,11,29.8,29.4,33,48.6,58.9,55.1,50.1,31.8,17.5,29,31.4,34.4,47.7,67.6,85.8,96.7,100.2,105.9,109.4,107.8,93.3,71.5,,,,,,,,,,,,,,,,,,,,,,,,,,,,,,,,,,,,,,,,,,,,,,,,,,,,,,,,,,,,,111.4,86.6,59.9,50.4,51.5,66,78.2,101.7,124,118.7,98.7,82.6,60.5,48,46.8,64.5,90.3,117.4,125.9,125.8,117.3,108,98.2,83.4,63.9,41.3,22.4,13.1,12.1,36.5,,,,,,,,,,,,,,,,,,,,,,,,,,,,,,,,,,,,,,,,,,,,,,,,,,,,,,,,,,,,,FS,O,,2008,6,4,03/13/08,25.342019544,24.609205436,24.462642615,25.342019544,,58,51,45.4,46.1,36.4,19.3,11,29.8,29.4,33,48.6,58.9,55.1,50.1,31.8,17.5,29,31.4,34.4,47.7,67.6,85.8,96.7,100.2,105.9,109.4,107.8,93.3,71.5,,,,,,,,,,,,,,,,,,,,,,,,,,,,,,,,,,,,,,,,,,,,,,,,,,,,,,,,,,,,,,86.6,59.9,50.4,51.5,66,78.2,101.7,124,118.7,98.7,82.6,60.5,48,46.8,64.5,90.3,117.4,125.9,125.8,117.3,108,98.2,83.4,63.9,41.3,22.4,13.1,12.1,36.5,,,,,,,,,,,,,,,,,,,,,,,,,,,,,,,,,,,,,,,,,,,,,,,,,,,,,,,,,,,,,1602.1,2193.7,55.244827586,75.644827586,55,115,2,2
013,07,B,W,2,15.3,349,50,45,50,44,6,-53,1.5,1,2,0,90,803,68,15,118.4,108.3,105.5,116,113.7,100.5,72.6,41.1,14.5,19.1,20.1,18.2,31,25.6,25.9,,,,,,,,,,,,,,,,,,,,,,,,,,,,,,,,,,,,,,,,,,,,,,,,,,,,,,,,,,,,,,,,,,,,,,,,,,,,58.9,32.4,12.5,21.8,19.3,11.4,26.5,56.3,81.4,99.9,96.7,103.7,108.7,88.6,86.8,,,,,,,,,,,,,,,,,,,,,,,,,,,,,,,,,,,,,,,,,,,,,,,,,,,,,,,,,,,,,,,,,,,,,,,,,,,,TT,O,,2008,1,4,03/12/08,22.810457516,23.757223905,23.279910516,26.14379085,,,,,113.7,100.5,72.6,41.1,14.5,19.1,20.1,18.2,31,25.6,25.9,,,,,,,,,,,,,,,,,,,,,,,,,,,,,,,,,,,,,,,,,,,,,,,,,,,,,,,,,,,,,,,,,,,,,,,,,,,,,,,,19.3,11.4,26.5,56.3,81.4,99.9,96.7,103.7,108.7,88.6,86.8,,,,,,,,,,,,,,,,,,,,,,,,,,,,,,,,,,,,,,,,,,,,,,,,,,,,,,,,,,,,,,,,,,,,,,,,,,,,482.3,779.3,43.845454545,70.845454545,115,55,5,5
014,07,B,N,2,10.8,264,34,46,46,41,13,71,1.5,1,1,0,90,803,68,10,120,114.3,108.8,96.3,77.5,65.3,44.2,35.5,41,25.5,,,,,,,,,,,,,,,,,,,,,,,,,,,,,,,,,,,,,,,,,,,,,,,,,,,,,,,,,,,,,,,,,,,,,,,,,,,,,,,,,55.4,36.9,17.3,10.3,32.2,54.7,68,90.5,108,116.7,,,,,,,,,,,,,,,,,,,,,,,,,,,,,,,,,,,,,,,,,,,,,,,,,,,,,,,,,,,,,,,,,,,,,,,,,,,,,,,,,TT,O,,2008,2,4,03/12/08,24.444444444,23.757223905,23.279910516,26.14379085,,,,,77.5,65.3,44.2,35.5,41,25.5,,,,,,,,,,,,,,,,,,,,,,,,,,,,,,,,,,,,,,,,,,,,,,,,,,,,,,,,,,,,,,,,,,,,,,,,,,,,,,,,,,,,,32.2,54.7,68,90.5,108,116.7,,,,,,,,,,,,,,,,,,,,,,,,,,,,,,,,,,,,,,,,,,,,,,,,,,,,,,,,,,,,,,,,,,,,,,,,,,,,,,,,,289,470.1,48.166666667,78.35,115,55,5,5
015,07,B,S,2,8.4,180,79,2,56,20,24,37,1.5,1,0,0,90,803,68,8,56.9,41.8,24.5,20.9,21.6,34.3,35.9,21.6,,,,,,,,,,,,,,,,,,,,,,,,,,,,,,,,,,,,,,,,,,,,,,,,,,,,,,,,,,,,,,,,,,,,,,,,,,,,,,,,,,,123.9,126.7,116.7,106.5,87.8,73,71.8,83.5,,,,,,,,,,,,,,,,,,,,,,,,,,,,,,,,,,,,,,,,,,,,,,,,,,,,,,,,,,,,,,,,,,,,,,,,,,,,,,,,,,,TT,O,,2008,3,4,03/12/08,21.428571429,23.757223905,23.279910516,26.14379085,,41.8,24.5,20.9,21.6,34.3,35.9,21.6,,,,,,,,,,,,,,,,,,,,,,,,,,,,,,,,,,,,,,,,,,,,,,,,,,,,,,,,,,,,,,,,,,,,,,,,,,,,,,,,,,,,126.7,116.7,106.5,87.8,73,71.8,83.5,,,,,,,,,,,,,,,,,,,,,,,,,,,,,,,,,,,,,,,,,,,,,,,,,,,,,,,,,,,,,,,,,,,,,,,,,,,,,,,,,,,200.6,666,28.657142857,95.142857143,55,115,2,2
013,08,B,E,2,5.7,147,19,1,64,17,19,78,1.5,0,0,0,90,803,68,5,68.3,62.8,60.8,55.1,37.5,,,,,,,,,,,,,,,,,,,,,,,,,,,,,,,,,,,,,,,,,,,,,,,,,,,,,,,,,,,,,,,,,,,,,,,,,,,,,,,,,,,,,,120,93.1,68.4,53.5,58.3,,,,,,,,,,,,,,,,,,,,,,,,,,,,,,,,,,,,,,,,,,,,,,,,,,,,,,,,,,,,,,,,,,,,,,,,,,,,,,,,,,,,,,TT,O,,2008,4,4,03/13/08,25.789473684,23.757223905,23.279910516,26.14379085,,62.8,60.8,55.1,37.5,,,,,,,,,,,,,,,,,,,,,,,,,,,,,,,,,,,,,,,,,,,,,,,,,,,,,,,,,,,,,,,,,,,,,,,,,,,,,,,,,,,,,,,93.1,68.4,53.5,58.3,,,,,,,,,,,,,,,,,,,,,,,,,,,,,,,,,,,,,,,,,,,,,,,,,,,,,,,,,,,,,,,,,,,,,,,,,,,,,,,,,,,,,,216.2,273.3,54.05,68.325,55,115,2,2
014,08,B,W,2,10.9,239,39,14,75,8,17,36,1.5,1,0,0,90,803,68,10,125.1,115,89.3,47.5,29.3,13.5,31,38.5,33.5,20.2,,,,,,,,,,,,,,,,,,,,,,,,,,,,,,,,,,,,,,,,,,,,,,,,,,,,,,,,,,,,,,,,,,,,,,,,,,,,,,,,,60.9,60.5,57.3,64.1,70.5,87.3,85,72.1,73.4,84.3,,,,,,,,,,,,,,,,,,,,,,,,,,,,,,,,,,,,,,,,,,,,,,,,,,,,,,,,,,,,,,,,,,,,,,,,,,,,,,,,,TT,O,,2008,5,4,03/13/08,21.926605505,23.757223905,23.279910516,26.14379085,,,,,29.3,13.5,31,38.5,33.5,20.2,,,,,,,,,,,,,,,,,,,,,,,,,,,,,,,,,,,,,,,,,,,,,,,,,,,,,,,,,,,,,,,,,,,,,,,,,,,,,,,,,,,,,70.5,87.3,85,72.1,73.4,84.3,,,,,,,,,,,,,,,,,,,,,,,,,,,,,,,,,,,,,,,,,,,,,,,,,,,,,,,,,,,,,,,,,,,,,,,,,,,,,,,,,166,472.6,27.666666667,78.766666667,115,55,5,5
015,08,B,S,2,30.6,800,50,16,28,52,20,27,1.5,2,0,0,90,803,68,30,59.9,35.6,16.2,6.4,16.6,39.5,60.4,75.3,89.8,107.9,119.7,116.2,98.3,79.2,52.4,27.5,21.7,41.7,56.7,63.3,56.8,45.6,19.5,13.9,33.4,39.2,20.7,24,53.5,79.4,,,,,,,,,,,,,,,,,,,,,,,,,,,,,,,,,,,,,,,,,,,,,,,,,,,,,,,,,,,,,124.6,116.8,96.9,89.6,93.1,100.9,96.7,76.6,49.8,28.9,25.7,30.4,37.6,43.2,60.4,89.6,114,131.1,129.8,123.6,110.9,107.6,103.6,106.9,126.3,134.1,115.2,98.3,88.3,85.4,,,,,,,,,,,,,,,,,,,,,,,,,,,,,,,,,,,,,,,,,,,,,,,,,,,,,,,,,,,,,FS,O,,2008,6,4,03/13/08,26.14379085,23.757223905,23.279910516,26.14379085,,35.6,16.2,6.4,16.6,39.5,60.4,75.3,89.8,107.9,119.7,116.2,98.3,79.2,52.4,27.5,21.7,41.7,56.7,63.3,56.8,45.6,19.5,13.9,33.4,39.2,20.7,24,53.5,79.4,,,,,,,,,,,,,,,,,,,,,,,,,,,,,,,,,,,,,,,,,,,,,,,,,,,,,,,,,,,,,,116.8,96.9,89.6,93.1,100.9,96.7,76.6,49.8,28.9,25.7,30.4,37.6,43.2,60.4,89.6,114,131.1,129.8,123.6,110.9,107.6,103.6,106.9,126.3,134.1,115.2,98.3,88.3,85.4,,,,,,,,,,,,,,,,,,,,,,,,,,,,,,,,,,,,,,,,,,,,,,,,,,,,,,,,,,,,,1510.4,2611.3,52.082758621,90.044827586,55,115,2,2
016,07,B,W,2,82.3,1459,24,28,6,24,70,-79,1.5,0,0,0,90,803,69,82,126.9,121,115.2,118.6,121.7,111.5,96.5,72.6,53.2,42,41.3,39.7,34.8,31.9,31.4,32.1,32.1,31.6,33.6,46.5,70,88.9,98.3,104.5,107.2,106.1,105.9,105.2,115.5,129.5,131.7,131.8,131.8,130.4,126.4,123,119.7,114.1,103.7,102.8,107,100.8,93.6,82,77.3,72.1,64.4,53.3,43.6,38.3,37.6,38.2,36.9,37.6,39.9,48.6,69.6,86.3,97,106.7,115.5,121.7,126.3,129.5,131.4,132.3,131,128.9,126.1,122.3,118.1,115.1,114.3,115.7,112.9,108.4,106.8,97.3,82.9,66.5,47.8,27.5,,,,,,,,,61.9,38.7,21.8,37.1,57.2,67.8,76.5,80.9,95.4,115.6,132.4,134.4,129.8,126.4,125.2,125.1,113.1,97.7,92.2,91.4,109.4,110.3,104.4,98.3,92.5,86.4,80.6,66.6,55.5,56.9,49.4,42.6,37.8,35.2,31.7,29.3,27.7,28.1,40.4,67.1,86.2,95.9,101.1,103,114.5,119.1,126,128,129.8,131.7,132.4,131,126.9,125.2,123.4,121.7,119.2,113.4,106.5,98.4,89.5,79.5,69.5,59.8,49,40.4,36.4,39,47.6,58.2,66.3,70.6,69.3,71.2,71.3,66.3,71.3,74.3,71.8,70.6,72.2,79.4,,,,,,,,,TT,O,,2008,1,4,03/12/08,17.72782503,19.493503696,19.15116209,21.205211726,,,,,,111.5,96.5,72.6,53.2,42,41.3,39.7,34.8,31.9,31.4,32.1,32.1,31.6,33.6,46.5,70,88.9,98.3,104.5,107.2,106.1,105.9,105.2,115.5,129.5,131.7,131.8,131.8,130.4,126.4,123,119.7,114.1,103.7,102.8,107,100.8,93.6,82,77.3,72.1,64.4,53.3,43.6,38.3,37.6,38.2,36.9,37.6,39.9,48.6,69.6,86.3,97,106.7,115.5,121.7,126.3,129.5,131.4,132.3,131,128.9,126.1,122.3,118.1,115.1,114.3,115.7,112.9,108.4,106.8,97.3,82.9,66.5,47.8,27.5,,,,,,,,,,,,,,67.8,76.5,80.9,95.4,115.6,132.4,134.4,129.8,126.4,125.2,125.1,113.1,97.7,92.2,91.4,109.4,110.3,104.4,98.3,92.5,86.4,80.6,66.6,55.5,56.9,49.4,42.6,37.8,35.2,31.7,29.3,27.7,28.1,40.4,67.1,86.2,95.9,101.1,103,114.5,119.1,126,128,129.8,131.7,132.4,131,126.9,125.2,123.4,121.7,119.2,113.4,106.5,98.4,89.5,79.5,69.5,59.8,49,40.4,36.4,39,47.6,58.2,66.3,70.6,69.3,71.2,71.3,66.3,71.3,74.3,71.8,70.6,72.2,79.4,,,,,,,,,6686.4,6611,86.836363636,85.857142857,115,55,6,6
017,07,B,N,2,90.1,1719,24,23,27,32,41,-34,1.5,0,3,0,90,803,69,90,118.9,109.8,104.4,89.1,72.1,57.5,47,45.9,44.4,40.5,39.7,43.6,51.3,65.3,88,98.1,107.7,115.1,119.5,121.9,122,114.8,109.3,104,104.2,108.6,116.8,122,119.3,117.2,107.9,94.3,78.6,64.4,54.2,49.8,51.6,59.3,76.3,90.6,90.4,93.1,93.5,91.2,85.7,82.2,81.8,73.1,58.3,40,25.5,26.9,40.1,52.6,55.5,55.3,51.7,51.2,49.5,39.5,23.7,17.3,26.2,51.2,73.1,87.1,112,114.2,115.4,112.8,109.3,104.8,109,98.8,82.3,63.3,43,32.7,43.6,63.9,76.1,85.7,89.7,84.8,79,80.8,68.1,54.9,44.1,32.2,64.3,65.2,64.3,69.3,80.4,93.9,109.3,125.6,135.1,135.4,133.2,131.2,127.3,120.6,113.1,105.9,98.5,90.1,83.3,77.7,72,58.4,44.2,24.9,11.3,22.5,42.4,57,62,59.9,63,56.6,48.7,42.5,42,50.7,65.9,84.9,104.2,105.4,98.1,89.5,77.6,63.4,49,38.4,32.7,29.1,37.8,55.7,77,96.7,112.6,123.8,128.1,129.2,126.7,127.9,132.9,129.5,116.4,105.9,98.1,89.8,87.7,89.8,90.5,79,66.3,52.3,36.5,22.6,20.5,4.9,13,32.1,54.4,76.6,95,108.7,113.3,109.2,97.9,83,74.1,68,64.9,73.3,85.7,99.9,TT,O,,2008,2,4,03/12/08,19.078801332,19.493503696,19.15116209,21.205211726,,,,,,57.5,47,45.9,44.4,40.5,39.7,43.6,51.3,65.3,88,98.1,107.7,115.1,119.5,121.9,122,114.8,109.3,104,104.2,108.6,116.8,122,119.3,117.2,107.9,94.3,78.6,64.4,54.2,49.8,51.6,59.3,76.3,90.6,90.4,93.1,93.5,91.2,85.7,82.2,81.8,73.1,58.3,40,25.5,26.9,40.1,52.6,55.5,55.3,51.7,51.2,49.5,39.5,23.7,17.3,26.2,51.2,73.1,87.1,112,114.2,115.4,112.8,109.3,104.8,109,98.8,82.3,63.3,43,32.7,43.6,63.9,76.1,85.7,89.7,84.8,79,80.8,68.1,54.9,44.1,32.2,,,,,,93.9,109.3,125.6,135.1,135.4,133.2,131.2,127.3,120.6,113.1,105.9,98.5,90.1,83.3,77.7,72,58.4,44.2,24.9,11.3,22.5,42.4,57,62,59.9,63,56.6,48.7,42.5,42,50.7,65.9,84.9,104.2,105.4,98.1,89.5,77.6,63.4,49,38.4,32.7,29.1,37.8,55.7,77,96.7,112.6,123.8,128.1,129.2,126.7,127.9,132.9,129.5,116.4,105.9,98.1,89.8,87.7,89.8,90.5,79,66.3,52.3,36.5,22.6,20.5,4.9,13,32.1,54.4,76.6,95,108.7,113.3,109.2,97.9,83,74.1,68,64.9,73.3,85.7,99.9,6366.9,6763.8,74.904705882,79.574117647,115,55,6,6
018,07,B,S,2,69.1,1095,15,33,5,21,74,-97,1.5,1,1,0,90,803,69,69,67.2,72.4,73,78.2,88.1,106.8,125.6,131.9,132.1,131.9,130.5,127.6,124.3,119.9,115,109.3,101.5,93.9,88.4,80.9,73.7,64,54.9,47.2,40.9,38.4,39.2,48,56.9,59.4,82.8,97.2,106.5,112.3,117.2,121.7,124.5,125.8,127.9,130.3,129.7,128.4,124.9,122,118.7,114.9,108.2,103,96.8,89.5,87.1,89.4,95.9,104.5,104.4,100.9,96.7,91.1,84.3,78.5,71.6,66,62,58.9,56.8,57.5,48.1,33.6,29.8,,,,,,,,,,,,,,,,,,,,,,120.6,108.9,92.2,74.3,56.7,49.2,51.2,48.3,42.2,37.6,36.4,42.6,51,60.5,70.8,73.4,83.4,94,105.4,113.3,121.1,125.6,131.3,132.1,133.7,133.3,131.2,129.9,121,118.6,112.9,107,100.4,93.1,85,79.2,72.2,63.4,56.4,55.3,54.4,53.7,51.2,48.7,45.4,40,29.5,21.3,10.3,9.6,26,44.5,64.4,80.8,83.7,88.3,92.3,100.8,107.5,114.4,116.1,113.4,110.9,109.4,110.3,119.9,121.8,114.1,105.8,,,,,,,,,,,,,,,,,,,,,,TT,O,,2008,3,4,03/12/08,15.846599132,19.493503696,19.15116209,21.205211726,,,73,78.2,88.1,106.8,125.6,131.9,132.1,131.9,130.5,127.6,124.3,119.9,115,109.3,101.5,93.9,88.4,80.9,73.7,64,54.9,47.2,40.9,38.4,39.2,48,56.9,59.4,82.8,97.2,106.5,112.3,117.2,121.7,124.5,125.8,127.9,130.3,129.7,128.4,124.9,122,118.7,114.9,108.2,103,96.8,89.5,87.1,89.4,95.9,104.5,104.4,100.9,96.7,91.1,84.3,78.5,71.6,66,62,58.9,56.8,57.5,48.1,33.6,29.8,,,,,,,,,,,,,,,,,,,,,,,,92.2,74.3,56.7,49.2,51.2,48.3,42.2,37.6,36.4,42.6,51,60.5,70.8,73.4,83.4,94,105.4,113.3,121.1,125.6,131.3,132.1,133.7,133.3,131.2,129.9,121,118.6,112.9,107,100.4,93.1,85,79.2,72.2,63.4,56.4,55.3,54.4,53.7,51.2,48.7,45.4,40,29.5,21.3,10.3,9.6,26,44.5,64.4,80.8,83.7,88.3,92.3,100.8,107.5,114.4,116.1,113.4,110.9,109.4,110.3,119.9,121.8,114.1,105.8,,,,,,,,,,,,,,,,,,,,,,6180.9,5473.7,92.252238806,81.697014925,55,115,3,3
016,08,B,E,2,49.6,1126,12,38,44,32,24,19,1.5,0,1,0,90,803,69,49,64.7,42.4,31.5,39.7,63,87.7,122,120.4,118,112.9,109.5,101,83.9,62.5,41.9,29,37.7,55.9,77.8,85.8,89.3,91.8,93.3,93.7,96.6,103.4,115.5,125,121.4,118.6,106.7,91.5,72.4,54.1,39.6,35.3,48.2,65.6,79.2,88.2,93.7,96.6,95.4,91,85.7,83.2,66.8,48.4,26.7,,,,,,,,,,,,,,,,,,,,,,,,,,,,,,,,,,,,,,,,,,121.8,100.2,78.7,57,49.6,58.2,73.8,56,37.8,20.6,14.9,15.3,20.9,35.1,53.9,75.9,95.9,116.7,114.4,102.3,85.5,67.3,47.8,27.4,8.3,14.7,33.9,47.9,54.5,56.9,63.1,65.1,60.5,57.1,58,65.1,75.2,85.6,104.9,104.8,91,76.6,59.1,44.7,35.3,30.3,34.6,49.3,68.9,,,,,,,,,,,,,,,,,,,,,,,,,,,,,,,,,,,,,,,,,,TT,O,,2008,4,4,03/13/08,22.701612903,19.493503696,19.15116209,21.205211726,,,31.5,39.7,63,87.7,122,120.4,118,112.9,109.5,101,83.9,62.5,41.9,29,37.7,55.9,77.8,85.8,89.3,91.8,93.3,93.7,96.6,103.4,115.5,125,121.4,118.6,106.7,91.5,72.4,54.1,39.6,35.3,48.2,65.6,79.2,88.2,93.7,96.6,95.4,91,85.7,83.2,66.8,48.4,26.7,,,,,,,,,,,,,,,,,,,,,,,,,,,,,,,,,,,,,,,,,,,,78.7,57,49.6,58.2,73.8,56,37.8,20.6,14.9,15.3,20.9,35.1,53.9,75.9,95.9,116.7,114.4,102.3,85.5,67.3,47.8,27.4,8.3,14.7,33.9,47.9,54.5,56.9,63.1,65.1,60.5,57.1,58,65.1,75.2,85.6,104.9,104.8,91,76.6,59.1,44.7,35.3,30.3,34.6,49.3,68.9,,,,,,,,,,,,,,,,,,,,,,,,,,,,,,,,,,,,,,,,,,3797.1,2750.4,80.789361702,58.519148936,55,115,3,3
017,08,B,W,2,82.3,1679,23,35,27,29,44,-49,1.5,0,0,0,90,803,69,82,122.8,110,99.1,82.7,58.9,37.8,32.2,45,54,46.4,38.4,32.9,36.5,51.1,78.3,93.2,94.6,91.1,84.6,77.4,70.8,72.9,82.5,96.6,107,102.3,95.3,77.8,59.9,48.9,64.2,81.7,100.4,118.4,131.1,130.7,126.9,122.5,113.4,101.6,89.9,81.1,75.9,75.8,77.3,78,87.3,94.1,88.9,87.3,87,74.6,60.1,37.3,19.4,21.2,30.5,37.9,39,39.7,39.6,42.6,46.8,53.8,73.6,91.2,101.1,109.7,116.1,122.6,127.4,130.4,131.9,130.5,126.7,122,110.7,97.3,80.7,62.5,43.9,21.5,,,,,,,,,47,28.6,16.2,14.9,36.9,63.9,89.2,114.4,133,133.3,132.4,125.9,118,112.6,110.7,96.9,79.6,61.1,44.3,30.7,25.3,35.7,52.3,70.2,83.9,82,89.4,86.9,76.7,60.6,32.1,23.9,29.5,42.8,51.4,44,37.3,30.9,23.6,23,33.5,51.1,70.6,91,110.3,109.4,107.5,97.9,85.8,81.6,78.7,80.2,84.3,92.2,104.7,116.2,124.3,130.8,130.7,134.2,133.9,132.3,127.6,122.5,116.9,110.2,103.6,96.8,88.1,77.1,65.5,54.6,45.8,37.1,31.6,27.8,18.5,11,18.7,34.8,52.8,74.8,,,,,,,,,TT,O,,2008,5,4,03/13/08,20.400972053,19.493503696,19.15116209,21.205211726,,,,,,37.8,32.2,45,54,46.4,38.4,32.9,36.5,51.1,78.3,93.2,94.6,91.1,84.6,77.4,70.8,72.9,82.5,96.6,107,102.3,95.3,77.8,59.9,48.9,64.2,81.7,100.4,118.4,131.1,130.7,126.9,122.5,113.4,101.6,89.9,81.1,75.9,75.8,77.3,78,87.3,94.1,88.9,87.3,87,74.6,60.1,37.3,19.4,21.2,30.5,37.9,39,39.7,39.6,42.6,46.8,53.8,73.6,91.2,101.1,109.7,116.1,122.6,127.4,130.4,131.9,130.5,126.7,122,110.7,97.3,80.7,62.5,43.9,21.5,,,,,,,,,,,,,,63.9,89.2,114.4,133,133.3,132.4,125.9,118,112.6,110.7,96.9,79.6,61.1,44.3,30.7,25.3,35.7,52.3,70.2,83.9,82,89.4,86.9,76.7,60.6,32.1,23.9,29.5,42.8,51.4,44,37.3,30.9,23.6,23,33.5,51.1,70.6,91,110.3,109.4,107.5,97.9,85.8,81.6,78.7,80.2,84.3,92.2,104.7,116.2,124.3,130.8,130.7,134.2,133.9,132.3,127.6,122.5,116.9,110.2,103.6,96.8,88.1,77.1,65.5,54.6,45.8,37.1,31.6,27.8,18.5,11,18.7,34.8,52.8,74.8,,,,,,,,,6063.3,5944.5,78.744155844,77.201298701,115,55,6,6
018,08,B,S,2,30.7,651,18,21,52,33,15,-98,1.5,1,3,0,90,803,69,30,64.7,69.1,73.4,81.9,92,96.9,97,102.7,93.1,79.1,64.8,55.1,56.1,64.3,61.1,49.1,31.1,13.6,14.5,35.6,57.2,86.1,84.7,77.8,67,57.6,52.1,52.5,60.9,69.9,,,,,,,,,,,,,,,,,,,,,,,,,,,,,,,,,,,,,,,,,,,,,,,,,,,,,,,,,,,,,114.3,97.2,78.4,57.8,37.2,15.8,4.2,9.3,15.3,31.8,51.4,74.9,97.7,120.2,129.1,128.1,118.8,106.7,98.3,95.5,101.6,108.8,92.2,75.4,61.8,50.8,44.5,48.5,59.8,71.7,,,,,,,,,,,,,,,,,,,,,,,,,,,,,,,,,,,,,,,,,,,,,,,,,,,,,,,,,,,,,FS,O,,2008,6,4,03/13/08,21.205211726,19.493503696,19.15116209,21.205211726,,,73.4,81.9,92,96.9,97,102.7,93.1,79.1,64.8,55.1,56.1,64.3,61.1,49.1,31.1,13.6,14.5,35.6,57.2,86.1,84.7,77.8,67,57.6,52.1,52.5,60.9,69.9,,,,,,,,,,,,,,,,,,,,,,,,,,,,,,,,,,,,,,,,,,,,,,,,,,,,,,,,,,,,,,,78.4,57.8,37.2,15.8,4.2,9.3,15.3,31.8,51.4,74.9,97.7,120.2,129.1,128.1,118.8,106.7,98.3,95.5,101.6,108.8,92.2,75.4,61.8,50.8,44.5,48.5,59.8,71.7,,,,,,,,,,,,,,,,,,,,,,,,,,,,,,,,,,,,,,,,,,,,,,,,,,,,,,,,,,,,,1827.2,1985.6,65.257142857,70.914285714,55,115,3,3
019,07,B,W,2,46.5,1232,29,20,31,37,32,-61,1.5,1,0,0,90,803,72,46,123.7,115.7,95.5,63.5,46.6,27,26.6,33.8,39.2,44.6,59.1,76.5,98.8,99.2,67.6,35.1,14,17.7,28.8,45.6,42.8,35.3,43.7,67,75.3,83,88.5,78.2,75.1,87.7,110.8,119,115.5,106.7,85.2,65.9,66.8,72.4,65.8,50.7,26.2,34,62.3,69.8,54.5,25.4,,,,,,,,,,,,,,,,,,,,,,,,,,,,,,,,,,,,,,,,,,,,,58.1,44.4,31,36.8,49.3,70.2,96.7,86.4,70.2,54.4,42.4,57,86.4,101.6,104.9,107.7,107,107.5,114.5,132.7,135.9,129,126.1,122.7,107.7,89.6,71.2,49.6,25.1,24.5,48.6,64,67.2,63.9,69.3,90.5,119.4,119.3,100,82.9,74,84.3,111.9,122.1,121,111.6,,,,,,,,,,,,,,,,,,,,,,,,,,,,,,,,,,,,,,,,,,,,,TT,O,,2008,1,4,03/12/08,26.494623656,21.636008135,21.676564811,21.433224756,,,,,46.6,27,26.6,33.8,39.2,44.6,59.1,76.5,98.8,99.2,67.6,35.1,14,17.7,28.8,45.6,42.8,35.3,43.7,67,75.3,83,88.5,78.2,75.1,87.7,110.8,119,115.5,106.7,85.2,65.9,66.8,72.4,65.8,50.7,26.2,34,62.3,69.8,54.5,25.4,,,,,,,,,,,,,,,,,,,,,,,,,,,,,,,,,,,,,,,,,,,,,,,,,49.3,70.2,96.7,86.4,70.2,54.4,42.4,57,86.4,101.6,104.9,107.7,107,107.5,114.5,132.7,135.9,129,126.1,122.7,107.7,89.6,71.2,49.6,25.1,24.5,48.6,64,67.2,63.9,69.3,90.5,119.4,119.3,100,82.9,74,84.3,111.9,122.1,121,111.6,,,,,,,,,,,,,,,,,,,,,,,,,,,,,,,,,,,,,,,,,,,,,2567.8,3720.3,61.138095238,88.578571429,115,55,5,5
020,07,B,N,2,9.2,187,20,29,63,25,12,75,1.5,0,0,0,90,803,72,9,115.4,106.5,77.8,50.8,33.9,38,38.7,35.2,17.3,,,,,,,,,,,,,,,,,,,,,,,,,,,,,,,,,,,,,,,,,,,,,,,,,,,,,,,,,,,,,,,,,,,,,,,,,,,,,,,,,,56.5,33.5,28.5,48.9,69.5,90.5,93.7,100.3,97.2,,,,,,,,,,,,,,,,,,,,,,,,,,,,,,,,,,,,,,,,,,,,,,,,,,,,,,,,,,,,,,,,,,,,,,,,,,,,,,,,,,TT,O,,2008,2,4,03/12/08,20.326086957,21.636008135,21.676564811,21.433224756,,,,,33.9,38,38.7,35.2,17.3,,,,,,,,,,,,,,,,,,,,,,,,,,,,,,,,,,,,,,,,,,,,,,,,,,,,,,,,,,,,,,,,,,,,,,,,,,,,,,,,,,,,,,69.5,90.5,93.7,100.3,97.2,,,,,,,,,,,,,,,,,,,,,,,,,,,,,,,,,,,,,,,,,,,,,,,,,,,,,,,,,,,,,,,,,,,,,,,,,,,,,,,,,,163.1,451.2,32.62,90.24,115,55,5,5
021,07,B,S,2,6.7,116,39,4,57,21,22,-94,1.5,0,0,0,90,803,72,6,65.6,67.4,52.7,34,32.6,23.3,,,,,,,,,,,,,,,,,,,,,,,,,,,,,,,,,,,,,,,,,,,,,,,,,,,,,,,,,,,,,,,,,,,,,,,,,,,,,,,,,,,,,122.6,110.8,96,89.1,76.8,80.6,,,,,,,,,,,,,,,,,,,,,,,,,,,,,,,,,,,,,,,,,,,,,,,,,,,,,,,,,,,,,,,,,,,,,,,,,,,,,,,,,,,,,TT,O,,2008,3,4,03/12/08,17.313432836,21.636008135,21.676564811,21.433224756,,,52.7,34,32.6,23.3,,,,,,,,,,,,,,,,,,,,,,,,,,,,,,,,,,,,,,,,,,,,,,,,,,,,,,,,,,,,,,,,,,,,,,,,,,,,,,,,,,,,,,,96,89.1,76.8,80.6,,,,,,,,,,,,,,,,,,,,,,,,,,,,,,,,,,,,,,,,,,,,,,,,,,,,,,,,,,,,,,,,,,,,,,,,,,,,,,,,,,,,,142.6,342.5,35.65,85.625,55,115,3,3
019,08,B,E,2,90.1,2194,46,8,36,38,26,-13,1.5,1,1,0,90,803,72,90,63.5,38.1,13.9,14.1,29.1,38.9,28.8,22.9,35.9,44.8,48.3,42.6,22.9,30.2,50.2,44.8,38.2,20.9,20.5,50.7,84.1,89,86.4,83.1,86.6,89,78.2,71.6,57.8,62.3,69.8,65.4,50.2,28.4,36.9,50.7,62,66.2,54.7,38,26.4,35,57.2,62.2,43.6,25.5,35.4,59.2,84,101.4,107.7,104.5,84.6,68.4,61.5,44.1,37.4,34,35.1,49.2,53.4,44.8,19.4,15.6,40.3,44.7,30.4,34.8,50.5,48.2,37.7,21.6,19.1,30.7,32.3,30.5,51.7,90.6,115.8,120.8,121.6,123.4,113.6,103.5,88,73.9,51.1,37.3,38.1,31.4,120.9,110,102,109.2,124.2,129.4,110,89.5,62.9,51.8,48.4,60,80.5,110.2,130.6,111.5,92.7,79.2,88.5,90.5,109.3,104.9,81.3,50.2,18.6,8.2,30.2,47.1,65.2,100.7,113.2,124.8,121.2,118.8,128,128.3,117.5,96.8,83.5,79,88.4,101.1,114.2,122.8,119.6,105.4,91.7,75.3,58,47.2,54.5,70.1,79.7,97.2,113.9,122.5,129.4,127.2,115.8,122.7,129.6,129.5,113.4,107.2,119.1,128.3,111.1,88,65.3,55,62.6,74.6,91,83.1,74.6,66.3,67.5,81.3,85.8,77.4,73.3,68.5,68.2,70.6,89.5,99.4,101.2,107.8,124.8,123.8,TT,O,,2008,4,4,03/13/08,24.350721421,21.636008135,21.676564811,21.433224756,,,13.9,14.1,29.1,38.9,28.8,22.9,35.9,44.8,48.3,42.6,22.9,30.2,50.2,44.8,38.2,20.9,20.5,50.7,84.1,89,86.4,83.1,86.6,89,78.2,71.6,57.8,62.3,69.8,65.4,50.2,28.4,36.9,50.7,62,66.2,54.7,38,26.4,35,57.2,62.2,43.6,25.5,35.4,59.2,84,101.4,107.7,104.5,84.6,68.4,61.5,44.1,37.4,34,35.1,49.2,53.4,44.8,19.4,15.6,40.3,44.7,30.4,34.8,50.5,48.2,37.7,21.6,19.1,30.7,32.3,30.5,51.7,90.6,115.8,120.8,121.6,123.4,113.6,103.5,88,73.9,51.1,37.3,38.1,31.4,,,102,109.2,124.2,129.4,110,89.5,62.9,51.8,48.4,60,80.5,110.2,130.6,111.5,92.7,79.2,88.5,90.5,109.3,104.9,81.3,50.2,18.6,8.2,30.2,47.1,65.2,100.7,113.2,124.8,121.2,118.8,128,128.3,117.5,96.8,83.5,79,88.4,101.1,114.2,122.8,119.6,105.4,91.7,75.3,58,47.2,54.5,70.1,79.7,97.2,113.9,122.5,129.4,127.2,115.8,122.7,129.6,129.5,113.4,107.2,119.1,128.3,111.1,88,65.3,55,62.6,74.6,91,83.1,74.6,66.3,67.5,81.3,85.8,77.4,73.3,68.5,68.2,70.6,89.5,99.4,101.2,107.8,124.8,123.8,4779.3,8092.4,54.310227273,91.959090909,55,115,3,3
020,08,B,W,2,9.8,195,15,31,79,13,8,-18,1.5,2,0,0,90,803,72,9,119.8,109.4,81.5,70,71.9,70.3,62,41.6,26.6,,,,,,,,,,,,,,,,,,,,,,,,,,,,,,,,,,,,,,,,,,,,,,,,,,,,,,,,,,,,,,,,,,,,,,,,,,,,,,,,,,47.6,41,36.2,46.8,55.9,47.5,50.7,64.1,81.8,,,,,,,,,,,,,,,,,,,,,,,,,,,,,,,,,,,,,,,,,,,,,,,,,,,,,,,,,,,,,,,,,,,,,,,,,,,,,,,,,,TT,O,,2008,5,4,03/13/08,19.897959184,21.636008135,21.676564811,21.433224756,,,,,71.9,70.3,62,41.6,26.6,,,,,,,,,,,,,,,,,,,,,,,,,,,,,,,,,,,,,,,,,,,,,,,,,,,,,,,,,,,,,,,,,,,,,,,,,,,,,,,,,,,,,,55.9,47.5,50.7,64.1,81.8,,,,,,,,,,,,,,,,,,,,,,,,,,,,,,,,,,,,,,,,,,,,,,,,,,,,,,,,,,,,,,,,,,,,,,,,,,,,,,,,,,272.4,300,54.48,60,115,55,5,5
021,08,B,S,2,30.7,658,43,3,59,28,13,-46,1.5,3,0,0,90,803,72,30,57.7,40.4,31.2,34.2,46,54.7,57.2,69.4,74,57,34.5,13,20.3,38.1,57.2,72,89.9,99.1,89.8,72,45.8,13.3,12.5,34.8,36.7,18.9,10,13.4,35.6,45.4,,,,,,,,,,,,,,,,,,,,,,,,,,,,,,,,,,,,,,,,,,,,,,,,,,,,,,,,,,,,,108.6,90.5,92.6,97.9,105.5,95.8,80.7,72.1,80,82.9,88.5,93,78.8,57.5,41.5,48.4,72.2,92.4,98.4,96.2,86.7,88,101.7,127.4,131.8,111.5,93,87.3,78.3,79.5,,,,,,,,,,,,,,,,,,,,,,,,,,,,,,,,,,,,,,,,,,,,,,,,,,,,,,,,,,,,,FS,O,,2008,6,4,03/13/08,21.433224756,21.636008135,21.676564811,21.433224756,,,31.2,34.2,46,54.7,57.2,69.4,74,57,34.5,13,20.3,38.1,57.2,72,89.9,99.1,89.8,72,45.8,13.3,12.5,34.8,36.7,18.9,10,13.4,35.6,45.4,,,,,,,,,,,,,,,,,,,,,,,,,,,,,,,,,,,,,,,,,,,,,,,,,,,,,,,,,,,,,,,92.6,97.9,105.5,95.8,80.7,72.1,80,82.9,88.5,93,78.8,57.5,41.5,48.4,72.2,92.4,98.4,96.2,86.7,88,101.7,127.4,131.8,111.5,93,87.3,78.3,79.5,,,,,,,,,,,,,,,,,,,,,,,,,,,,,,,,,,,,,,,,,,,,,,,,,,,,,,,,,,,,,1276,2459.6,45.571428571,87.842857143,55,115,3,3
025,07,B,W,2,90.1,1819,21,36,7,16,77,-88,1.5,0,0,0,90,803,94,90,127.1,126.2,131.3,132,131.7,129,122.8,126.1,124.6,122.6,118.5,115,102.6,92.4,78.6,68.6,61.9,56,42.5,37,37.9,30.5,29.9,37.3,27.2,29.5,51.2,74,85.7,113.4,118.1,124.6,128.1,130.6,132.3,131.8,129.7,126,121.8,116.3,108.8,100.6,91.5,82.5,72.1,62.2,51.8,44.4,42.4,44.5,51.3,69.4,73.6,79.4,77.3,89,97.3,104.4,105.7,111.4,122.9,130.1,131.9,132.4,131.7,129.4,126.6,122,119.5,107.9,90.4,71,69.2,74.7,75.4,69.8,59.4,48.8,38.3,37.2,45,55.1,69.5,84.3,96.5,104.5,114.4,119.9,117.9,110.6,64.2,53.1,45.8,39.7,36.7,34.1,31.9,42.5,51.5,53.9,51,50.1,49.2,35.5,20.3,36.6,67.5,98.4,119.1,129.4,133,125.6,124.5,131.8,117.6,102.1,86.4,80.3,80.6,86.8,78.8,72.8,62.2,51.6,42.9,37.2,38.5,47.6,58.2,66.1,77.7,89.2,102.2,113.5,122.7,129.4,132.6,135.2,137.3,135.6,130.6,120,113.8,103.4,99.2,100,93.5,90.5,79.7,70.2,63.9,57.3,48.1,40.9,36.9,38.1,42.7,42.4,41.4,39.6,42.2,63.9,94.1,111,119.2,124.7,129.4,133.3,129,132.1,135,127.6,120.4,113.3,105.8,96.7,87.1,81.3,71.1,55.8,TT,O,,2008,1,4,03/12/08,20.188679245,19.227182887,18.968384937,20.521172638,,,,,,129,122.8,126.1,124.6,122.6,118.5,115,102.6,92.4,78.6,68.6,61.9,56,42.5,37,37.9,30.5,29.9,37.3,27.2,29.5,51.2,74,85.7,113.4,118.1,124.6,128.1,130.6,132.3,131.8,129.7,126,121.8,116.3,108.8,100.6,91.5,82.5,72.1,62.2,51.8,44.4,42.4,44.5,51.3,69.4,73.6,79.4,77.3,89,97.3,104.4,105.7,111.4,122.9,130.1,131.9,132.4,131.7,129.4,126.6,122,119.5,107.9,90.4,71,69.2,74.7,75.4,69.8,59.4,48.8,38.3,37.2,45,55.1,69.5,84.3,96.5,104.5,114.4,119.9,117.9,110.6,,,,,,34.1,31.9,42.5,51.5,53.9,51,50.1,49.2,35.5,20.3,36.6,67.5,98.4,119.1,129.4,133,125.6,124.5,131.8,117.6,102.1,86.4,80.3,80.6,86.8,78.8,72.8,62.2,51.6,42.9,37.2,38.5,47.6,58.2,66.1,77.7,89.2,102.2,113.5,122.7,129.4,132.6,135.2,137.3,135.6,130.6,120,113.8,103.4,99.2,100,93.5,90.5,79.7,70.2,63.9,57.3,48.1,40.9,36.9,38.1,42.7,42.4,41.4,39.6,42.2,63.9,94.1,111,119.2,124.7,129.4,133.3,129,132.1,135,127.6,120.4,113.3,105.8,96.7,87.1,81.3,71.1,55.8,7540,7196.2,88.705882353,84.661176471,115,55,6,6
026,07,B,N,2,21.1,312,2,54,14,20,66,-63,1.5,0,1,0,90,803,94,21,115.2,112.1,111.7,110.8,110.1,109.2,110.9,107.8,109,114.3,119.9,129.5,129.6,129.3,127.2,125.5,116.8,106.3,84.9,58.7,31.9,,,,,,,,,,,,,,,,,,,,,,,,,,,,,,,,,,,,,,,,,,,,,,,,,,,,,,,,,,,,,,,,,,,,,,66.3,68.7,71.7,69.9,72.4,83.5,79.9,68.1,55.5,42.4,35.7,36.4,36.8,38.6,39,36.4,27.7,14.3,11,38.2,64.7,,,,,,,,,,,,,,,,,,,,,,,,,,,,,,,,,,,,,,,,,,,,,,,,,,,,,,,,,,,,,,,,,,,,,,TT,O,,2008,2,4,03/12/08,14.786729858,19.227182887,18.968384937,20.521172638,,,,,,109.2,110.9,107.8,109,114.3,119.9,129.5,129.6,129.3,127.2,125.5,116.8,106.3,84.9,58.7,31.9,,,,,,,,,,,,,,,,,,,,,,,,,,,,,,,,,,,,,,,,,,,,,,,,,,,,,,,,,,,,,,,,,,,,,,,,,,,83.5,79.9,68.1,55.5,42.4,35.7,36.4,36.8,38.6,39,36.4,27.7,14.3,11,38.2,64.7,,,,,,,,,,,,,,,,,,,,,,,,,,,,,,,,,,,,,,,,,,,,,,,,,,,,,,,,,,,,,,,,,,,,,,1710.8,708.2,106.925,44.2625,115,55,6,6
027,07,B,S,2,90.1,1553,26,27,7,14,79,33,1.5,0,0,0,90,803,94,90,62.4,54.1,43.6,40.5,37.7,35.6,43,49.5,57.9,68.3,78,85.5,83.4,87.6,97,108.3,124.3,128.3,127.3,130.4,130.6,130.9,131.3,131.2,130.5,130.5,130.7,129.4,126.4,122.5,117.6,111.6,103.6,94.9,86.3,77.1,67.5,56.2,48,42,42.5,46.1,50.4,55.5,50.5,55.6,73.9,80.8,83.5,71.9,59.2,42,30.1,41.5,64.5,88.4,100.7,101.1,98.2,94.1,88.8,79.9,71.2,62.5,56.4,45,40.4,33.5,12.6,18.6,45.5,70.7,97,108.3,108.8,106.2,108.9,106.6,106.8,109.2,111.9,114.9,122.6,129.1,131.5,132,131.5,129.6,127,123.8,122.8,122.6,123.2,126.8,128.3,130.5,135.6,134,130.7,125.6,117.4,112.2,94.3,75.7,56.1,39.6,38.2,37.8,33.6,35.4,35.6,35.7,36.4,36.4,36.3,35.3,36.1,39.1,46.5,56.5,66.4,74.1,85,96.3,107.3,117,126,130,133.4,135,136.6,133.8,129.3,121.8,113.9,112.9,112.1,110.5,100.1,88.4,80.2,71.5,66.8,67,72.1,83.6,92.7,94.4,95.9,97.5,105.5,115.8,122.2,128.5,131.7,125.6,124.2,124.9,105.3,100,89.8,90.8,98.3,94.3,89.1,87.9,88.6,88.4,90.2,90,88,77.7,69.9,61.1,51,41.3,36.7,37.4,44.9,54.1,TT,O,,2008,3,4,03/12/08,17.236403996,19.227182887,18.968384937,20.521172638,,,43.6,40.5,37.7,35.6,43,49.5,57.9,68.3,78,85.5,83.4,87.6,97,108.3,124.3,128.3,127.3,130.4,130.6,130.9,131.3,131.2,130.5,130.5,130.7,129.4,126.4,122.5,117.6,111.6,103.6,94.9,86.3,77.1,67.5,56.2,48,42,42.5,46.1,50.4,55.5,50.5,55.6,73.9,80.8,83.5,71.9,59.2,42,30.1,41.5,64.5,88.4,100.7,101.1,98.2,94.1,88.8,79.9,71.2,62.5,56.4,45,40.4,33.5,12.6,18.6,45.5,70.7,97,108.3,108.8,106.2,108.9,106.6,106.8,109.2,111.9,114.9,122.6,129.1,131.5,132,131.5,129.6,127,123.8,,,123.2,126.8,128.3,130.5,135.6,134,130.7,125.6,117.4,112.2,94.3,75.7,56.1,39.6,38.2,37.8,33.6,35.4,35.6,35.7,36.4,36.4,36.3,35.3,36.1,39.1,46.5,56.5,66.4,74.1,85,96.3,107.3,117,126,130,133.4,135,136.6,133.8,129.3,121.8,113.9,112.9,112.1,110.5,100.1,88.4,80.2,71.5,66.8,67,72.1,83.6,92.7,94.4,95.9,97.5,105.5,115.8,122.2,128.5,131.7,125.6,124.2,124.9,105.3,100,89.8,90.8,98.3,94.3,89.1,87.9,88.6,88.4,90.2,90,88,77.7,69.9,61.1,51,41.3,36.7,37.4,44.9,54.1,7586.3,7773.7,86.207954545,88.3375,55,115,3,3
025,08,B,E,2,90.1,1896,23,25,4,15,81,23,1.5,0,2,0,90,803,94,90,63.9,60.3,35.2,41.6,72.3,105.9,129.2,129.5,127.2,123.4,118,111.5,103.1,94,84.8,74.7,63.6,51.9,43.5,42.8,48.3,68.1,83.7,99.2,110.3,119,123.6,122.6,111.1,102.2,100.5,112.7,124.7,123.6,120.3,115.8,109.8,102.4,94.8,86.4,77.1,67.4,56.4,47.6,43.1,43.1,50.4,64.1,68.5,71.1,69.6,81.7,90.1,79.3,76.1,57.8,31.7,21.6,27.3,38.9,37.8,40.1,42,45.7,51.8,71.4,77.3,78.3,81.8,92.2,102,110.1,117.8,111.5,107.2,111.5,121.9,130.6,130.5,128.9,128,124.2,119,112.3,103.7,93.3,83.3,73.3,62.9,51.9,121,122.5,93.7,61.1,23.7,11.6,34.1,36.3,43.7,54.7,66.8,72.1,84.7,98.2,110.2,121,128.8,133.3,136,136.7,133,121.6,113.4,105,94.4,83.6,75.2,67,50.4,29,9.3,27.1,46.9,53.8,61.6,70.4,75.6,85.5,97.9,108.6,118.6,126.8,130.9,134.8,137.4,135.6,132,122.1,115,111.8,108.1,107,104.1,90.6,89.3,91.2,99.5,113.7,121.9,133.3,132.4,135.1,136,134,128.2,120.3,113.3,108.4,107,102.4,98.2,89.8,84,68.5,49.7,33.3,30.6,36,35.4,35.3,42.1,52.9,64.2,72.4,83.9,97.8,110.9,121.6,128.9,133,TT,O,,2008,4,4,03/13/08,21.043285239,19.227182887,18.968384937,20.521172638,,,35.2,41.6,72.3,105.9,129.2,129.5,127.2,123.4,118,111.5,103.1,94,84.8,74.7,63.6,51.9,43.5,42.8,48.3,68.1,83.7,99.2,110.3,119,123.6,122.6,111.1,102.2,100.5,112.7,124.7,123.6,120.3,115.8,109.8,102.4,94.8,86.4,77.1,67.4,56.4,47.6,43.1,43.1,50.4,64.1,68.5,71.1,69.6,81.7,90.1,79.3,76.1,57.8,31.7,21.6,27.3,38.9,37.8,40.1,42,45.7,51.8,71.4,77.3,78.3,81.8,92.2,102,110.1,117.8,111.5,107.2,111.5,121.9,130.6,130.5,128.9,128,124.2,119,112.3,103.7,93.3,83.3,73.3,62.9,51.9,,,93.7,61.1,23.7,11.6,34.1,36.3,43.7,54.7,66.8,72.1,84.7,98.2,110.2,121,128.8,133.3,136,136.7,133,121.6,113.4,105,94.4,83.6,75.2,67,50.4,29,9.3,27.1,46.9,53.8,61.6,70.4,75.6,85.5,97.9,108.6,118.6,126.8,130.9,134.8,137.4,135.6,132,122.1,115,111.8,108.1,107,104.1,90.6,89.3,91.2,99.5,113.7,121.9,133.3,132.4,135.1,136,134,128.2,120.3,113.3,108.4,107,102.4,98.2,89.8,84,68.5,49.7,33.3,30.6,36,35.4,35.3,42.1,52.9,64.2,72.4,83.9,97.8,110.9,121.6,128.9,133,7536.5,7965.3,85.642045455,90.514772727,55,115,3,3
026,08,B,W,2,33.4,721,9,25,26,16,58,-74,1.5,0,0,0,90,803,94,33,129.5,126.7,130.1,131.6,130.3,127.6,124.1,120.3,114.3,107.3,99.2,90.2,81.2,71.6,53.6,37,22,31.9,51.7,82.5,88.5,71.2,56.4,50.4,53,61.4,66.4,68.9,73,75,71.7,55.2,28.5,,,,,,,,,,,,,,,,,,,,,,,,,,,,,,,,,,,,,,,,,,,,,,,,,,,,,,,,,,57.9,47.8,41.8,37.8,36.6,42.7,52.2,61.6,70.1,78.4,90.8,104.1,112.5,119.8,110.2,94.7,78.3,79.5,94.9,108.9,101.9,77.3,56.4,46.2,52.2,68.5,79.9,95.8,115.5,117,119,105.8,93.3,,,,,,,,,,,,,,,,,,,,,,,,,,,,,,,,,,,,,,,,,,,,,,,,,,,,,,,,,,TT,O,,2008,5,4,03/13/08,21.586826347,19.227182887,18.968384937,20.521172638,,,,,,127.6,124.1,120.3,114.3,107.3,99.2,90.2,81.2,71.6,53.6,37,22,31.9,51.7,82.5,88.5,71.2,56.4,50.4,53,61.4,66.4,68.9,73,75,71.7,55.2,28.5,,,,,,,,,,,,,,,,,,,,,,,,,,,,,,,,,,,,,,,,,,,,,,,,,,,,,,,,,,,,,,,42.7,52.2,61.6,70.1,78.4,90.8,104.1,112.5,119.8,110.2,94.7,78.3,79.5,94.9,108.9,101.9,77.3,56.4,46.2,52.2,68.5,79.9,95.8,115.5,117,119,105.8,93.3,,,,,,,,,,,,,,,,,,,,,,,,,,,,,,,,,,,,,,,,,,,,,,,,,,,,,,,,,,2034.1,2427.5,72.646428571,86.696428571,115,55,6,6
027,08,B,S,2,30.7,630,33,31,25,41,34,-69,1.5,0,0,0,90,803,94,30,59.6,56.4,52,59,61.5,71,88.1,106.4,122.6,131,129.8,125,118.6,100.2,72.8,48.3,39,40.3,59.9,56.5,54.5,48.2,36.3,16.6,22.3,46.5,68.7,91.9,103.3,110,,,,,,,,,,,,,,,,,,,,,,,,,,,,,,,,,,,,,,,,,,,,,,,,,,,,,,,,,,,,,122.2,120,115.3,108.6,92.5,71.4,50.5,35.3,32.7,36.2,36.6,32.7,27,13.2,25.8,56,78.1,102.8,130.2,127.3,127.4,126.8,120.1,108.7,97.8,82,73.8,71.9,65.2,56.1,,,,,,,,,,,,,,,,,,,,,,,,,,,,,,,,,,,,,,,,,,,,,,,,,,,,,,,,,,,,,FS,O,,2008,6,4,03/13/08,20.521172638,19.227182887,18.968384937,20.521172638,,,52,59,61.5,71,88.1,106.4,122.6,131,129.8,125,118.6,100.2,72.8,48.3,39,40.3,59.9,56.5,54.5,48.2,36.3,16.6,22.3,46.5,68.7,91.9,103.3,110,,,,,,,,,,,,,,,,,,,,,,,,,,,,,,,,,,,,,,,,,,,,,,,,,,,,,,,,,,,,,,,115.3,108.6,92.5,71.4,50.5,35.3,32.7,36.2,36.6,32.7,27,13.2,25.8,56,78.1,102.8,130.2,127.3,127.4,126.8,120.1,108.7,97.8,82,73.8,71.9,65.2,56.1,,,,,,,,,,,,,,,,,,,,,,,,,,,,,,,,,,,,,,,,,,,,,,,,,,,,,,,,,,,,,2080.3,2102,74.296428571,75.071428571,55,115,3,3
001,CT,A,N,3,16.8,392,29,4,4,39,57,-64,1.5,0,0,0,30,803,25,16,112.5,111.3,125.1,130.4,130,126,107.7,90.5,87.2,90.7,80.5,66.6,57.6,45.1,28.9,17.5,,,,,,,,,,,,,,,,,,,,,,,,,,,,,,,,,,,,,,,,,,,,,,,,,,,,,,,,,,,,,,,,,,,,,,,,,,,54.8,34.7,31.3,36.9,40.1,45.3,48.3,65,90.8,103.6,115.3,121.5,122.4,125.3,119.8,111.3,,,,,,,,,,,,,,,,,,,,,,,,,,,,,,,,,,,,,,,,,,,,,,,,,,,,,,,,,,,,,,,,,,,,,,,,,,,CUE,O,,2008,1,7,03/14/08,23.333333333,22.706543188,22.706543188,,,,,,130,126,107.7,90.5,87.2,90.7,80.5,66.6,57.6,45.1,28.9,17.5,,,,,,,,,,,,,,,,,,,,,,,,,,,,,,,,,,,,,,,,,,,,,,,,,,,,,,,,,,,,,,,,,,,,,,,,,,,,,,,40.1,45.3,48.3,65,90.8,103.6,115.3,121.5,122.4,125.3,119.8,111.3,,,,,,,,,,,,,,,,,,,,,,,,,,,,,,,,,,,,,,,,,,,,,,,,,,,,,,,,,,,,,,,,,,,,,,,,,,,928.3,1108.7,77.358333333,92.391666667,115,55,5,5
002,CT,A,E,4,12.2,332,26,26,0,52,48,-47,1.5,0,0,0,30,803,25,12,122.3,112.2,108.7,117.6,122,114.3,104.6,92.1,71.8,50.5,29.6,15.4,,,,,,,,,,,,,,,,,,,,,,,,,,,,,,,,,,,,,,,,,,,,,,,,,,,,,,,,,,,,,,,,,,,,,,,,,,,,,,,59,33.3,16.8,40.5,67.7,83.1,97.8,106.4,109.2,111.9,113.7,110.1,,,,,,,,,,,,,,,,,,,,,,,,,,,,,,,,,,,,,,,,,,,,,,,,,,,,,,,,,,,,,,,,,,,,,,,,,,,,,,,CUE,O,,2008,2,7,03/14/08,27.213114754,22.706543188,22.706543188,,,,,,122,114.3,104.6,92.1,71.8,50.5,29.6,15.4,,,,,,,,,,,,,,,,,,,,,,,,,,,,,,,,,,,,,,,,,,,,,,,,,,,,,,,,,,,,,,,,,,,,,,,,,,,,,,,,,,,67.7,83.1,97.8,106.4,109.2,111.9,113.7,110.1,,,,,,,,,,,,,,,,,,,,,,,,,,,,,,,,,,,,,,,,,,,,,,,,,,,,,,,,,,,,,,,,,,,,,,,,,,,,,,,600.3,799.9,75.0375,99.9875,115,55,5,5
003,CT,A,S,4,30.1,643,18,11,22,22,56,-71,1.5,1,0,0,30,803,25,30,123,123.5,121.2,119.2,113.7,106.2,88.7,68.7,49.6,44.6,50.9,61.8,76.9,84.7,84.1,85.8,83.6,84.4,90.8,100.3,114.8,119.9,112.1,104.2,94.9,85.6,73.6,53.8,40.1,43.6,,,,,,,,,,,,,,,,,,,,,,,,,,,,,,,,,,,,,,,,,,,,,,,,,,,,,,,,,,,,,58.3,59.6,59.5,67.7,81.7,90.9,88.8,76.5,62.2,52.5,61.9,82.3,101,106.5,101.2,89.1,66.6,39.7,11.9,18.5,45.9,70.3,86.7,99.7,110.4,117.7,117.1,109.5,114.5,127.7,,,,,,,,,,,,,,,,,,,,,,,,,,,,,,,,,,,,,,,,,,,,,,,,,,,,,,,,,,,,,CUE,O,,2008,3,7,03/14/08,21.362126246,22.706543188,22.706543188,,,,,,113.7,106.2,88.7,68.7,49.6,44.6,50.9,61.8,76.9,84.7,84.1,85.8,83.6,84.4,90.8,100.3,114.8,119.9,112.1,104.2,94.9,85.6,73.6,53.8,40.1,43.6,,,,,,,,,,,,,,,,,,,,,,,,,,,,,,,,,,,,,,,,,,,,,,,,,,,,,,,,,,,,,,,,,81.7,90.9,88.8,76.5,62.2,52.5,61.9,82.3,101,106.5,101.2,89.1,66.6,39.7,11.9,18.5,45.9,70.3,86.7,99.7,110.4,117.7,117.1,109.5,114.5,127.7,,,,,,,,,,,,,,,,,,,,,,,,,,,,,,,,,,,,,,,,,,,,,,,,,,,,,,,,,,,,,2117.4,2130.8,81.438461538,81.953846154,115,55,5,5
004,CT,A,E,3,16,303,30,2,26,19,55,6,1.5,0,0,0,30,803,25,15,124,108.1,108.5,118.7,127.5,127.5,128.5,126.2,123.3,118.9,112,84.3,47.7,26.2,19.9,,,,,,,,,,,,,,,,,,,,,,,,,,,,,,,,,,,,,,,,,,,,,,,,,,,,,,,,,,,,,,,,,,,,,,,,,,,,58.8,44.7,32.3,32,40.3,41.4,50.1,56.8,67,74.8,77.8,80.3,76.6,72.9,76.2,,,,,,,,,,,,,,,,,,,,,,,,,,,,,,,,,,,,,,,,,,,,,,,,,,,,,,,,,,,,,,,,,,,,,,,,,,,,CUE,O,,2008,4,7,03/14/08,18.9375,22.706543188,22.706543188,,,,,,127.5,127.5,128.5,126.2,123.3,118.9,112,84.3,47.7,26.2,19.9,,,,,,,,,,,,,,,,,,,,,,,,,,,,,,,,,,,,,,,,,,,,,,,,,,,,,,,,,,,,,,,,,,,,,,,,,,,,,,,,40.3,41.4,50.1,56.8,67,74.8,77.8,80.3,76.6,72.9,76.2,,,,,,,,,,,,,,,,,,,,,,,,,,,,,,,,,,,,,,,,,,,,,,,,,,,,,,,,,,,,,,,,,,,,,,,,,,,,1042,714.2,94.727272727,64.927272727,115,55,5,5
005,CT,A,W,2,7,145,10,64,50,33,17,-62,1.5,0,0,0,30,803,25,6,123.4,116.4,107.2,94.1,74.4,50.2,,,,,,,,,,,,,,,,,,,,,,,,,,,,,,,,,,,,,,,,,,,,,,,,,,,,,,,,,,,,,,,,,,,,,,,,,,,,,,,,,,,,,52.2,36.4,28.5,27.3,40.4,60.3,,,,,,,,,,,,,,,,,,,,,,,,,,,,,,,,,,,,,,,,,,,,,,,,,,,,,,,,,,,,,,,,,,,,,,,,,,,,,,,,,,,,,CUE,O,,2008,5,7,03/14/08,20.714285714,22.706543188,22.706543188,,,,,,74.4,50.2,,,,,,,,,,,,,,,,,,,,,,,,,,,,,,,,,,,,,,,,,,,,,,,,,,,,,,,,,,,,,,,,,,,,,,,,,,,,,,,,,,,,,,,,,40.4,60.3,,,,,,,,,,,,,,,,,,,,,,,,,,,,,,,,,,,,,,,,,,,,,,,,,,,,,,,,,,,,,,,,,,,,,,,,,,,,,,,,,,,,,124.6,100.7,62.3,50.35,115,55,5,5
006,CT,A,S,1,21.8,538,11,23,53,27,20,-36,1.5,1,0,0,30,803,25,21,119.4,101.2,81,60.8,49.8,53.5,62.2,60,50.7,39.1,25.8,19.7,37.6,68.1,96.2,121.7,128.3,112.7,88.5,63.3,37,,,,,,,,,,,,,,,,,,,,,,,,,,,,,,,,,,,,,,,,,,,,,,,,,,,,,,,,,,,,,,,,,,,,,,51.9,35.4,26.6,34.8,54.6,79,103.2,118.5,119.3,112.1,93.7,76.8,68.9,60.4,57.5,55.3,42.7,21.8,9.6,32.1,58.9,,,,,,,,,,,,,,,,,,,,,,,,,,,,,,,,,,,,,,,,,,,,,,,,,,,,,,,,,,,,,,,,,,,,,,CUE,O,,2008,6,7,03/14/08,24.678899083,22.706543188,22.706543188,,,,,,49.8,53.5,62.2,60,50.7,39.1,25.8,19.7,37.6,68.1,96.2,121.7,128.3,112.7,88.5,63.3,37,,,,,,,,,,,,,,,,,,,,,,,,,,,,,,,,,,,,,,,,,,,,,,,,,,,,,,,,,,,,,,,,,,,,,,,,,,54.6,79,103.2,118.5,119.3,112.1,93.7,76.8,68.9,60.4,57.5,55.3,42.7,21.8,9.6,32.1,58.9,,,,,,,,,,,,,,,,,,,,,,,,,,,,,,,,,,,,,,,,,,,,,,,,,,,,,,,,,,,,,,,,,,,,,,1114.2,1164.4,65.541176471,68.494117647,115,55,5,5
019,CT,A,N,3,12.6,342,53,6,44,45,11,-47,1.5,3,0,0,30,803,43,12,109.3,98.3,84.9,64.3,44.5,66.1,76.3,89.7,90.6,74.7,47.3,25.9,,,,,,,,,,,,,,,,,,,,,,,,,,,,,,,,,,,,,,,,,,,,,,,,,,,,,,,,,,,,,,,,,,,,,,,,,,,,,,,55.1,31.2,13.2,41.9,70.2,73.1,70.9,78.9,93.5,108.5,113.2,107.6,,,,,,,,,,,,,,,,,,,,,,,,,,,,,,,,,,,,,,,,,,,,,,,,,,,,,,,,,,,,,,,,,,,,,,,,,,,,,,,CUE,O,,2008,1,7,03/14/08,27.142857143,22.107335898,22.107335898,,,,,,44.5,66.1,76.3,89.7,90.6,74.7,47.3,25.9,,,,,,,,,,,,,,,,,,,,,,,,,,,,,,,,,,,,,,,,,,,,,,,,,,,,,,,,,,,,,,,,,,,,,,,,,,,,,,,,,,,70.2,73.1,70.9,78.9,93.5,108.5,113.2,107.6,,,,,,,,,,,,,,,,,,,,,,,,,,,,,,,,,,,,,,,,,,,,,,,,,,,,,,,,,,,,,,,,,,,,,,,,,,,,,,,515.1,715.9,64.3875,89.4875,115,55,5,5
020,CT,A,E,4,30.1,679,48,9,46,34,20,-42,1.5,2,0,0,30,803,43,30,125.1,111.4,94.7,77.7,58.8,46.8,30.3,32.2,46.3,68.3,96.5,120.1,116.2,97.2,78.1,72.3,80.8,97.4,112.9,114.8,112.8,100.2,100.5,108,124.9,128.4,123.1,117.7,98.9,78.4,,,,,,,,,,,,,,,,,,,,,,,,,,,,,,,,,,,,,,,,,,,,,,,,,,,,,,,,,,,,,55.9,35.7,13.9,30.4,43.4,48.7,66.6,65.9,52.2,32.7,17.9,27.5,27.7,34.5,37.2,48.7,61,68,70.7,59.4,39.3,21.2,8,18.4,43.7,60.3,70.5,76.8,72.4,73.1,,,,,,,,,,,,,,,,,,,,,,,,,,,,,,,,,,,,,,,,,,,,,,,,,,,,,,,,,,,,,CUE,O,,2008,2,7,03/14/08,22.558139535,22.107335898,22.107335898,,,,,,58.8,46.8,30.3,32.2,46.3,68.3,96.5,120.1,116.2,97.2,78.1,72.3,80.8,97.4,112.9,114.8,112.8,100.2,100.5,108,124.9,128.4,123.1,117.7,98.9,78.4,,,,,,,,,,,,,,,,,,,,,,,,,,,,,,,,,,,,,,,,,,,,,,,,,,,,,,,,,,,,,,,,,43.4,48.7,66.6,65.9,52.2,32.7,17.9,27.5,27.7,34.5,37.2,48.7,61,68,70.7,59.4,39.3,21.2,8,18.4,43.7,60.3,70.5,76.8,72.4,73.1,,,,,,,,,,,,,,,,,,,,,,,,,,,,,,,,,,,,,,,,,,,,,,,,,,,,,,,,,,,,,2361.9,1245.8,90.842307692,47.915384615,115,55,5,5
021,CT,A,S,4,15.9,326,47,12,52,43,5,25,1.5,0,0,0,30,803,43,15,107.2,96.6,97.9,107.2,123.6,120.2,106.4,93.6,94,97.5,91.5,83.9,72.8,53.3,35.4,,,,,,,,,,,,,,,,,,,,,,,,,,,,,,,,,,,,,,,,,,,,,,,,,,,,,,,,,,,,,,,,,,,,,,,,,,,,61.6,45.1,28.2,16.3,30.9,34.5,29.2,37.3,47.2,45.6,34.6,18,31.1,53.8,66,,,,,,,,,,,,,,,,,,,,,,,,,,,,,,,,,,,,,,,,,,,,,,,,,,,,,,,,,,,,,,,,,,,,,,,,,,,,CUE,O,,2008,3,7,03/14/08,20.503144654,22.107335898,22.107335898,,,,,,123.6,120.2,106.4,93.6,94,97.5,91.5,83.9,72.8,53.3,35.4,,,,,,,,,,,,,,,,,,,,,,,,,,,,,,,,,,,,,,,,,,,,,,,,,,,,,,,,,,,,,,,,,,,,,,,,,,,,,,,,30.9,34.5,29.2,37.3,47.2,45.6,34.6,18,31.1,53.8,66,,,,,,,,,,,,,,,,,,,,,,,,,,,,,,,,,,,,,,,,,,,,,,,,,,,,,,,,,,,,,,,,,,,,,,,,,,,,972.2,428.2,88.381818182,38.927272727,115,55,5,5
022,CT,A,E,3,5.5,125,77,6,51,27,22,-17,1.5,1,0,0,30,803,43,5,118.1,108.5,89.9,60.2,34.7,,,,,,,,,,,,,,,,,,,,,,,,,,,,,,,,,,,,,,,,,,,,,,,,,,,,,,,,,,,,,,,,,,,,,,,,,,,,,,,,,,,,,,58.4,55.1,54.6,64.6,74.1,,,,,,,,,,,,,,,,,,,,,,,,,,,,,,,,,,,,,,,,,,,,,,,,,,,,,,,,,,,,,,,,,,,,,,,,,,,,,,,,,,,,,,CUE,O,,2008,4,7,03/14/08,22.727272727,22.107335898,22.107335898,,,,,,34.7,,,,,,,,,,,,,,,,,,,,,,,,,,,,,,,,,,,,,,,,,,,,,,,,,,,,,,,,,,,,,,,,,,,,,,,,,,,,,,,,,,,,,,,,,,74.1,,,,,,,,,,,,,,,,,,,,,,,,,,,,,,,,,,,,,,,,,,,,,,,,,,,,,,,,,,,,,,,,,,,,,,,,,,,,,,,,,,,,,,34.7,74.1,34.7,74.1,115,55,5,5
023,CT,A,W,2,5.9,124,10,68,56,27,17,-29,1.5,0,0,0,30,803,43,5,122.2,113.7,96.3,76.9,48.1,,,,,,,,,,,,,,,,,,,,,,,,,,,,,,,,,,,,,,,,,,,,,,,,,,,,,,,,,,,,,,,,,,,,,,,,,,,,,,,,,,,,,,51.2,42.6,33.1,35.2,54.5,,,,,,,,,,,,,,,,,,,,,,,,,,,,,,,,,,,,,,,,,,,,,,,,,,,,,,,,,,,,,,,,,,,,,,,,,,,,,,,,,,,,,,CUE,O,,2008,5,7,03/14/08,21.016949153,22.107335898,22.107335898,,,,,,48.1,,,,,,,,,,,,,,,,,,,,,,,,,,,,,,,,,,,,,,,,,,,,,,,,,,,,,,,,,,,,,,,,,,,,,,,,,,,,,,,,,,,,,,,,,,54.5,,,,,,,,,,,,,,,,,,,,,,,,,,,,,,,,,,,,,,,,,,,,,,,,,,,,,,,,,,,,,,,,,,,,,,,,,,,,,,,,,,,,,,48.1,54.5,48.1,54.5,115,55,5,5
024,CT,A,S,1,9.2,172,67,2,52,46,2,-4,1.5,0,0,0,30,803,43,9,113.2,96.4,83.5,75.1,73.9,61.8,52.5,35.8,16.7,,,,,,,,,,,,,,,,,,,,,,,,,,,,,,,,,,,,,,,,,,,,,,,,,,,,,,,,,,,,,,,,,,,,,,,,,,,,,,,,,,48.9,47.4,58.3,75.6,92.4,93.8,81.9,74.3,84.2,,,,,,,,,,,,,,,,,,,,,,,,,,,,,,,,,,,,,,,,,,,,,,,,,,,,,,,,,,,,,,,,,,,,,,,,,,,,,,,,,,CUE,O,,2008,6,7,03/14/08,18.695652174,22.107335898,22.107335898,,,,,,73.9,61.8,52.5,35.8,16.7,,,,,,,,,,,,,,,,,,,,,,,,,,,,,,,,,,,,,,,,,,,,,,,,,,,,,,,,,,,,,,,,,,,,,,,,,,,,,,,,,,,,,,92.4,93.8,81.9,74.3,84.2,,,,,,,,,,,,,,,,,,,,,,,,,,,,,,,,,,,,,,,,,,,,,,,,,,,,,,,,,,,,,,,,,,,,,,,,,,,,,,,,,,240.7,426.6,48.14,85.32,115,55,5,5
025,CT,A,N,3,4.4,103,0,87,51,25,24,14,1.5,0,0,0,30,803,45,4,108.8,93.4,67.6,41,,,,,,,,,,,,,,,,,,,,,,,,,,,,,,,,,,,,,,,,,,,,,,,,,,,,,,,,,,,,,,,,,,,,,,,,,,,,,,,,,,,,,,,64.5,62.4,56.2,58.3,,,,,,,,,,,,,,,,,,,,,,,,,,,,,,,,,,,,,,,,,,,,,,,,,,,,,,,,,,,,,,,,,,,,,,,,,,,,,,,,,,,,,,,CUE,O,,2008,1,7,03/14/08,23.409090909,23.093919357,23.093919357,,,,,,,,,,,,,,,,,,,,,,,,,,,,,,,,,,,,,,,,,,,,,,,,,,,,,,,,,,,,,,,,,,,,,,,,,,,,,,,,,,,,,,,,,,,,,,,,,,,,,,,,,,,,,,,,,,,,,,,,,,,,,,,,,,,,,,,,,,,,,,,,,,,,,,,,,,,,,,,,,,,,,,,,,,,,,,,,,,,,,,0,0,0,0,115,55,5,4
026,CT,A,E,4,4.7,124,0,27,60,26,14,16,1.5,0,1,0,30,803,45,4,114.7,89.5,62.7,30.3,,,,,,,,,,,,,,,,,,,,,,,,,,,,,,,,,,,,,,,,,,,,,,,,,,,,,,,,,,,,,,,,,,,,,,,,,,,,,,,,,,,,,,,62.7,56.9,60.4,74.8,,,,,,,,,,,,,,,,,,,,,,,,,,,,,,,,,,,,,,,,,,,,,,,,,,,,,,,,,,,,,,,,,,,,,,,,,,,,,,,,,,,,,,,CUE,O,,2008,2,7,03/14/08,26.382978723,23.093919357,23.093919357,,,,,,,,,,,,,,,,,,,,,,,,,,,,,,,,,,,,,,,,,,,,,,,,,,,,,,,,,,,,,,,,,,,,,,,,,,,,,,,,,,,,,,,,,,,,,,,,,,,,,,,,,,,,,,,,,,,,,,,,,,,,,,,,,,,,,,,,,,,,,,,,,,,,,,,,,,,,,,,,,,,,,,,,,,,,,,,,,,,,,,0,0,0,0,115,55,5,5
027,CT,A,S,4,17.5,382,49,11,68,29,3,57,1.5,0,0,0,30,803,45,17,119.3,109.3,101,87.3,72.3,52.7,51.4,50.8,70.3,93.3,107.1,106.6,103.3,85.7,68.2,47.1,24.2,,,,,,,,,,,,,,,,,,,,,,,,,,,,,,,,,,,,,,,,,,,,,,,,,,,,,,,,,,,,,,,,,,,,,,,,,,50.1,31.5,16,17.6,23.3,43.2,52.6,55.6,50.5,39.9,27.5,13.3,20,43.6,54.7,69.5,78.7,,,,,,,,,,,,,,,,,,,,,,,,,,,,,,,,,,,,,,,,,,,,,,,,,,,,,,,,,,,,,,,,,,,,,,,,,,CUE,O,,2008,3,7,03/14/08,21.828571429,23.093919357,23.093919357,,,,,,72.3,52.7,51.4,50.8,70.3,93.3,107.1,106.6,103.3,85.7,68.2,47.1,24.2,,,,,,,,,,,,,,,,,,,,,,,,,,,,,,,,,,,,,,,,,,,,,,,,,,,,,,,,,,,,,,,,,,,,,,,,,,,,,,23.3,43.2,52.6,55.6,50.5,39.9,27.5,13.3,20,43.6,54.7,69.5,78.7,,,,,,,,,,,,,,,,,,,,,,,,,,,,,,,,,,,,,,,,,,,,,,,,,,,,,,,,,,,,,,,,,,,,,,,,,,933,572.4,71.769230769,44.030769231,115,55,5,5
028,CT,A,E,3,5.7,133,10,3,50,35,15,37,1.5,0,0,0,30,803,45,5,121.8,107.6,100.8,79,48.3,,,,,,,,,,,,,,,,,,,,,,,,,,,,,,,,,,,,,,,,,,,,,,,,,,,,,,,,,,,,,,,,,,,,,,,,,,,,,,,,,,,,,,51,34.9,28.9,29.4,50.3,,,,,,,,,,,,,,,,,,,,,,,,,,,,,,,,,,,,,,,,,,,,,,,,,,,,,,,,,,,,,,,,,,,,,,,,,,,,,,,,,,,,,,CUE,O,,2008,4,7,03/14/08,23.333333333,23.093919357,23.093919357,,,,,,48.3,,,,,,,,,,,,,,,,,,,,,,,,,,,,,,,,,,,,,,,,,,,,,,,,,,,,,,,,,,,,,,,,,,,,,,,,,,,,,,,,,,,,,,,,,,50.3,,,,,,,,,,,,,,,,,,,,,,,,,,,,,,,,,,,,,,,,,,,,,,,,,,,,,,,,,,,,,,,,,,,,,,,,,,,,,,,,,,,,,,48.3,50.3,48.3,50.3,115,55,5,5
029,CT,A,W,2,5.4,122,16,7,43,24,33,36,1.5,0,0,0,30,803,45,5,118.7,113.2,94.8,60.3,30,,,,,,,,,,,,,,,,,,,,,,,,,,,,,,,,,,,,,,,,,,,,,,,,,,,,,,,,,,,,,,,,,,,,,,,,,,,,,,,,,,,,,,62,63,64.7,65.8,74.5,,,,,,,,,,,,,,,,,,,,,,,,,,,,,,,,,,,,,,,,,,,,,,,,,,,,,,,,,,,,,,,,,,,,,,,,,,,,,,,,,,,,,,CUE,O,,2008,5,7,03/14/08,22.592592593,23.093919357,23.093919357,,,,,,,,,,,,,,,,,,,,,,,,,,,,,,,,,,,,,,,,,,,,,,,,,,,,,,,,,,,,,,,,,,,,,,,,,,,,,,,,,,,,,,,,,,,,,,,,,,,,,,,,,,,,,,,,,,,,,,,,,,,,,,,,,,,,,,,,,,,,,,,,,,,,,,,,,,,,,,,,,,,,,,,,,,,,,,,,,,,,,,0,0,0,0,115,55,5,5
030,CT,A,S,1,5.9,124,70,3,67,25,8,16,1.5,0,0,0,30,803,45,5,113.7,98.5,78.9,55.4,28.6,,,,,,,,,,,,,,,,,,,,,,,,,,,,,,,,,,,,,,,,,,,,,,,,,,,,,,,,,,,,,,,,,,,,,,,,,,,,,,,,,,,,,,64.9,57.1,51.7,53.5,70.4,,,,,,,,,,,,,,,,,,,,,,,,,,,,,,,,,,,,,,,,,,,,,,,,,,,,,,,,,,,,,,,,,,,,,,,,,,,,,,,,,,,,,,CUE,O,,2008,6,7,03/14/08,21.016949153,23.093919357,23.093919357,,,,,,28.6,,,,,,,,,,,,,,,,,,,,,,,,,,,,,,,,,,,,,,,,,,,,,,,,,,,,,,,,,,,,,,,,,,,,,,,,,,,,,,,,,,,,,,,,,,70.4,,,,,,,,,,,,,,,,,,,,,,,,,,,,,,,,,,,,,,,,,,,,,,,,,,,,,,,,,,,,,,,,,,,,,,,,,,,,,,,,,,,,,,28.6,70.4,28.6,70.4,115,55,5,5
031,CT,A,N,3,14.6,366,62,4,37,51,12,-57,1.5,1,0,0,30,803,51,14,113,105.7,96.1,96.2,101.9,107.8,96.7,90.2,74.8,61.4,60.1,65.4,49.4,26.3,,,,,,,,,,,,,,,,,,,,,,,,,,,,,,,,,,,,,,,,,,,,,,,,,,,,,,,,,,,,,,,,,,,,,,,,,,,,,55.9,34,8.7,30.1,61.7,80.7,66.6,61.2,60.4,76.4,99.2,93.1,91.1,92.4,,,,,,,,,,,,,,,,,,,,,,,,,,,,,,,,,,,,,,,,,,,,,,,,,,,,,,,,,,,,,,,,,,,,,,,,,,,,,CUE,O,,2008,1,7,03/14/08,25.068493151,22.19772532,22.19772532,,,,,,101.9,107.8,96.7,90.2,74.8,61.4,60.1,65.4,49.4,26.3,,,,,,,,,,,,,,,,,,,,,,,,,,,,,,,,,,,,,,,,,,,,,,,,,,,,,,,,,,,,,,,,,,,,,,,,,,,,,,,,,61.7,80.7,66.6,61.2,60.4,76.4,99.2,93.1,91.1,92.4,,,,,,,,,,,,,,,,,,,,,,,,,,,,,,,,,,,,,,,,,,,,,,,,,,,,,,,,,,,,,,,,,,,,,,,,,,,,,734,782.8,73.4,78.28,115,55,5,5
032,CT,A,E,4,30.1,750,54,14,41,55,4,-63,1.5,2,0,0,30,803,51,30,116.4,107.1,107,115.7,125.6,107,84.6,59.9,49.3,58.4,75.4,83.3,76.6,59.6,46.6,46.2,64.8,89,115.4,114.9,108.7,104.3,106.6,108.6,99.7,92,78.5,61.3,42.6,26.4,,,,,,,,,,,,,,,,,,,,,,,,,,,,,,,,,,,,,,,,,,,,,,,,,,,,,,,,,,,,,47.8,26,14.9,38.9,38.4,25,27.2,51.5,68.9,80.6,73.1,38.2,22.9,35.6,48.8,51.3,35.1,12.2,22.2,25.1,18.6,12.6,14.8,35.5,53.1,76.3,91.9,103.8,110.8,115.5,,,,,,,,,,,,,,,,,,,,,,,,,,,,,,,,,,,,,,,,,,,,,,,,,,,,,,,,,,,,,CUE,O,,2008,2,7,03/14/08,24.916943522,22.19772532,22.19772532,,,,,,125.6,107,84.6,59.9,49.3,58.4,75.4,83.3,76.6,59.6,46.6,46.2,64.8,89,115.4,114.9,108.7,104.3,106.6,108.6,99.7,92,78.5,61.3,42.6,26.4,,,,,,,,,,,,,,,,,,,,,,,,,,,,,,,,,,,,,,,,,,,,,,,,,,,,,,,,,,,,,,,,,38.4,25,27.2,51.5,68.9,80.6,73.1,38.2,22.9,35.6,48.8,51.3,35.1,12.2,22.2,25.1,18.6,12.6,14.8,35.5,53.1,76.3,91.9,103.8,110.8,115.5,,,,,,,,,,,,,,,,,,,,,,,,,,,,,,,,,,,,,,,,,,,,,,,,,,,,,,,,,,,,,2085.3,1289,80.203846154,49.576923077,115,55,5,5
033,CT,A,S,4,30.1,677,30,30,49,47,4,-9,1.5,1,1,0,30,803,51,30,68,40.5,22.5,23.2,33.2,37.3,44,56.7,76.1,98.3,107.5,95.6,81.8,66.2,60.3,73,84.7,104.3,124.4,123,111.6,97.1,84,77,74.5,67.2,54.6,39,20.4,9.6,,,,,,,,,,,,,,,,,,,,,,,,,,,,,,,,,,,,,,,,,,,,,,,,,,,,,,,,,,,,,51.7,70.5,95.1,110.1,112.6,103.3,88,67,41.1,15,17.3,11.9,14.3,32.3,44.6,53.2,48.2,48.4,44.7,33.6,28.2,28.4,43.7,66.7,89.9,105.2,111.8,112.9,107.7,102.8,,,,,,,,,,,,,,,,,,,,,,,,,,,,,,,,,,,,,,,,,,,,,,,,,,,,,,,,,,,,,CUE,O,,2008,3,7,03/14/08,22.491694352,22.19772532,22.19772532,,,,,,33.2,37.3,44,56.7,76.1,98.3,107.5,95.6,81.8,66.2,60.3,73,84.7,104.3,124.4,123,111.6,97.1,84,77,74.5,67.2,54.6,39,20.4,9.6,,,,,,,,,,,,,,,,,,,,,,,,,,,,,,,,,,,,,,,,,,,,,,,,,,,,,,,,,,,,,,,,,112.6,103.3,88,67,41.1,15,17.3,11.9,14.3,32.3,44.6,53.2,48.2,48.4,44.7,33.6,28.2,28.4,43.7,66.7,89.9,105.2,111.8,112.9,107.7,102.8,,,,,,,,,,,,,,,,,,,,,,,,,,,,,,,,,,,,,,,,,,,,,,,,,,,,,,,,,,,,,1901.4,1572.8,73.130769231,60.492307692,115,55,5,5
034,CT,A,E,3,12,257,74,8,43,42,15,-2,1.5,1,0,0,30,803,51,11,117.2,111,94.7,76.3,63,62.5,71,62.7,54.6,40.8,31.9,,,,,,,,,,,,,,,,,,,,,,,,,,,,,,,,,,,,,,,,,,,,,,,,,,,,,,,,,,,,,,,,,,,,,,,,,,,,,,,,56.3,52.6,53,67.6,90.1,112.3,111,97.4,77.7,64.5,63.3,,,,,,,,,,,,,,,,,,,,,,,,,,,,,,,,,,,,,,,,,,,,,,,,,,,,,,,,,,,,,,,,,,,,,,,,,,,,,,,,CUE,O,,2008,4,7,03/14/08,21.416666667,22.19772532,22.19772532,,,,,,63,62.5,71,62.7,54.6,40.8,31.9,,,,,,,,,,,,,,,,,,,,,,,,,,,,,,,,,,,,,,,,,,,,,,,,,,,,,,,,,,,,,,,,,,,,,,,,,,,,,,,,,,,,90.1,112.3,111,97.4,77.7,64.5,63.3,,,,,,,,,,,,,,,,,,,,,,,,,,,,,,,,,,,,,,,,,,,,,,,,,,,,,,,,,,,,,,,,,,,,,,,,,,,,,,,,386.5,616.3,55.214285714,88.042857143,115,55,5,5
035,CT,A,W,2,11.9,245,9,77,61,36,3,-28,1.5,1,4,0,30,803,51,11,116.3,103.8,94,88.9,100.3,103.5,99,86.1,67.5,47.3,33.4,,,,,,,,,,,,,,,,,,,,,,,,,,,,,,,,,,,,,,,,,,,,,,,,,,,,,,,,,,,,,,,,,,,,,,,,,,,,,,,,46,32,14.2,14.8,25.7,20.9,10,9.4,29.7,55.2,75.9,,,,,,,,,,,,,,,,,,,,,,,,,,,,,,,,,,,,,,,,,,,,,,,,,,,,,,,,,,,,,,,,,,,,,,,,,,,,,,,,CUE,O,,2008,5,7,03/14/08,20.588235294,22.19772532,22.19772532,,,,,,100.3,103.5,99,86.1,67.5,47.3,33.4,,,,,,,,,,,,,,,,,,,,,,,,,,,,,,,,,,,,,,,,,,,,,,,,,,,,,,,,,,,,,,,,,,,,,,,,,,,,,,,,,,,,25.7,20.9,10,9.4,29.7,55.2,75.9,,,,,,,,,,,,,,,,,,,,,,,,,,,,,,,,,,,,,,,,,,,,,,,,,,,,,,,,,,,,,,,,,,,,,,,,,,,,,,,,537.1,226.8,76.728571429,32.4,115,55,5,5
036,CT,A,S,1,30.1,563,27,30,49,27,24,-91,1.5,1,0,0,30,803,51,30,116.2,113.8,120.3,133,137.3,137.8,134.6,126.5,110.7,98.1,79.7,60.3,51.2,57.3,62.7,63.8,63.9,69.9,80.1,85.1,89.5,95.2,90.1,74.7,61.4,50.6,45,55,76.2,93.9,,,,,,,,,,,,,,,,,,,,,,,,,,,,,,,,,,,,,,,,,,,,,,,,,,,,,,,,,,,,,56.4,42.4,38.9,44,43.1,43.1,39.8,32.1,17.4,11,19.3,39,54.8,62,55.5,42.8,32.4,30.4,39.7,62.4,85.4,100.3,102.1,90.7,75.5,60.8,51.7,49.4,56.7,65,,,,,,,,,,,,,,,,,,,,,,,,,,,,,,,,,,,,,,,,,,,,,,,,,,,,,,,,,,,,,CUE,O,,2008,6,7,03/14/08,18.704318937,22.19772532,22.19772532,,,,,,137.3,137.8,134.6,126.5,110.7,98.1,79.7,60.3,51.2,57.3,62.7,63.8,63.9,69.9,80.1,85.1,89.5,95.2,90.1,74.7,61.4,50.6,45,55,76.2,93.9,,,,,,,,,,,,,,,,,,,,,,,,,,,,,,,,,,,,,,,,,,,,,,,,,,,,,,,,,,,,,,,,,43.1,43.1,39.8,32.1,17.4,11,19.3,39,54.8,62,55.5,42.8,32.4,30.4,39.7,62.4,85.4,100.3,102.1,90.7,75.5,60.8,51.7,49.4,56.7,65,,,,,,,,,,,,,,,,,,,,,,,,,,,,,,,,,,,,,,,,,,,,,,,,,,,,,,,,,,,,,2150.6,1362.4,82.715384615,52.4,115,55,5,5
037,CT,A,N,3,28.6,794,45,16,25,49,26,31,1.5,1,0,0,30,803,52,28,107.8,92.5,66.1,42.7,39.2,39.5,41.8,52.2,74.4,96.7,84.1,64.2,40,26.9,28.7,33.2,39.3,37.6,32.6,45,71.9,82.4,96.9,105.5,97.8,88,76.8,52.4,,,,,,,,,,,,,,,,,,,,,,,,,,,,,,,,,,,,,,,,,,,,,,,,,,,,,,,,,,,,,,,68.2,72.8,86.5,104.2,127.1,133.7,124.5,111.2,103.9,91.8,72.4,58.9,58.9,73.9,87.5,108.9,129.1,132.1,122.3,117,111.5,96.1,85.6,70.8,56.6,47.3,45.8,57.3,,,,,,,,,,,,,,,,,,,,,,,,,,,,,,,,,,,,,,,,,,,,,,,,,,,,,,,,,,,,,,,CUE,O,,2008,1,7,03/14/08,27.762237762,24.019942301,24.019942301,,,,,,39.2,39.5,41.8,52.2,74.4,96.7,84.1,64.2,40,26.9,28.7,33.2,39.3,37.6,32.6,45,71.9,82.4,96.9,105.5,97.8,88,76.8,52.4,,,,,,,,,,,,,,,,,,,,,,,,,,,,,,,,,,,,,,,,,,,,,,,,,,,,,,,,,,,,,,,,,,,127.1,133.7,124.5,111.2,103.9,91.8,72.4,58.9,58.9,73.9,87.5,108.9,129.1,132.1,122.3,117,111.5,96.1,85.6,70.8,56.6,47.3,45.8,57.3,,,,,,,,,,,,,,,,,,,,,,,,,,,,,,,,,,,,,,,,,,,,,,,,,,,,,,,,,,,,,,,1447.1,2224.2,60.295833333,92.675,115,55,5,5
038,CT,A,E,4,23.3,580,34,31,21,43,36,30,1.5,0,0,0,30,803,52,23,117.6,95.4,69.2,41.8,20.3,26.1,44.4,53.5,64.1,82.9,95.8,107.2,116.3,115.1,120,126.4,119.9,107,93,81.3,61.6,41,21.2,,,,,,,,,,,,,,,,,,,,,,,,,,,,,,,,,,,,,,,,,,,,,,,,,,,,,,,,,,,,,,,,,,,,65.6,66.9,75.8,89,106.1,120.4,128.6,124,114.8,108.4,95.4,82.3,60.5,39.3,29.8,32.8,34.6,33.4,30.2,28.7,36.2,54.5,75.6,,,,,,,,,,,,,,,,,,,,,,,,,,,,,,,,,,,,,,,,,,,,,,,,,,,,,,,,,,,,,,,,,,,,CUE,O,,2008,2,7,03/14/08,24.892703863,24.019942301,24.019942301,,,,,,20.3,26.1,44.4,53.5,64.1,82.9,95.8,107.2,116.3,115.1,120,126.4,119.9,107,93,81.3,61.6,41,21.2,,,,,,,,,,,,,,,,,,,,,,,,,,,,,,,,,,,,,,,,,,,,,,,,,,,,,,,,,,,,,,,,,,,,,,,,106.1,120.4,128.6,124,114.8,108.4,95.4,82.3,60.5,39.3,29.8,32.8,34.6,33.4,30.2,28.7,36.2,54.5,75.6,,,,,,,,,,,,,,,,,,,,,,,,,,,,,,,,,,,,,,,,,,,,,,,,,,,,,,,,,,,,,,,,,,,,1497.1,1335.6,78.794736842,70.294736842,115,55,5,5
039,CT,A,S,4,13.8,309,38,22,0,33,67,69,1.5,0,0,0,30,803,52,13,120.9,116.8,124.9,131.7,122.9,114.7,113.3,103.2,89,73.9,60.1,50.8,36.8,,,,,,,,,,,,,,,,,,,,,,,,,,,,,,,,,,,,,,,,,,,,,,,,,,,,,,,,,,,,,,,,,,,,,,,,,,,,,,48.9,31.6,30.7,41.2,43.3,55.2,75.8,87.5,95.7,104.7,112.2,117.2,116.8,,,,,,,,,,,,,,,,,,,,,,,,,,,,,,,,,,,,,,,,,,,,,,,,,,,,,,,,,,,,,,,,,,,,,,,,,,,,,,CUE,O,,2008,3,7,03/14/08,22.391304348,24.019942301,24.019942301,,,,,,122.9,114.7,113.3,103.2,89,73.9,60.1,50.8,36.8,,,,,,,,,,,,,,,,,,,,,,,,,,,,,,,,,,,,,,,,,,,,,,,,,,,,,,,,,,,,,,,,,,,,,,,,,,,,,,,,,,43.3,55.2,75.8,87.5,95.7,104.7,112.2,117.2,116.8,,,,,,,,,,,,,,,,,,,,,,,,,,,,,,,,,,,,,,,,,,,,,,,,,,,,,,,,,,,,,,,,,,,,,,,,,,,,,,764.7,808.4,84.966666667,89.822222222,115,55,5,5
040,CT,A,E,3,25,563,24,24,26,33,41,69,1.5,1,0,0,30,803,52,24,124.9,115.3,110.1,106.1,104.7,102.9,94.9,83,72.6,57.4,48.5,41.8,37.4,36.9,45,64.9,84.7,83.5,70.9,57.2,52.7,29.3,14.2,10.3,,,,,,,,,,,,,,,,,,,,,,,,,,,,,,,,,,,,,,,,,,,,,,,,,,,,,,,,,,,,,,,,,,,54,32.7,16.8,28.3,54,74.5,91.8,104,109.9,115.6,127.1,133.2,131.9,124.8,117.4,112,101,87.1,72.7,62.4,59.9,72.6,82,84.5,,,,,,,,,,,,,,,,,,,,,,,,,,,,,,,,,,,,,,,,,,,,,,,,,,,,,,,,,,,,,,,,,,,CUE,O,,2008,4,7,03/14/08,22.52,24.019942301,24.019942301,,,,,,104.7,102.9,94.9,83,72.6,57.4,48.5,41.8,37.4,36.9,45,64.9,84.7,83.5,70.9,57.2,52.7,29.3,14.2,10.3,,,,,,,,,,,,,,,,,,,,,,,,,,,,,,,,,,,,,,,,,,,,,,,,,,,,,,,,,,,,,,,,,,,,,,,54,74.5,91.8,104,109.9,115.6,127.1,133.2,131.9,124.8,117.4,112,101,87.1,72.7,62.4,59.9,72.6,82,84.5,,,,,,,,,,,,,,,,,,,,,,,,,,,,,,,,,,,,,,,,,,,,,,,,,,,,,,,,,,,,,,,,,,,1192.8,1918.4,59.64,95.92,115,55,5,5
041,CT,A,W,2,13.2,322,59,9,12,33,55,39,1.5,5,0,0,30,803,52,13,126.3,115.5,105.3,80.6,63.8,62.3,46.9,36.3,30.6,41.7,38,34.8,26.6,,,,,,,,,,,,,,,,,,,,,,,,,,,,,,,,,,,,,,,,,,,,,,,,,,,,,,,,,,,,,,,,,,,,,,,,,,,,,,63.4,63,69.1,88.5,104.8,121.8,128.4,129.6,123.7,124,110,100.6,90.4,,,,,,,,,,,,,,,,,,,,,,,,,,,,,,,,,,,,,,,,,,,,,,,,,,,,,,,,,,,,,,,,,,,,,,,,,,,,,,CUE,O,,2008,5,7,03/14/08,24.393939394,24.019942301,24.019942301,,,,,,63.8,62.3,46.9,36.3,30.6,41.7,38,34.8,26.6,,,,,,,,,,,,,,,,,,,,,,,,,,,,,,,,,,,,,,,,,,,,,,,,,,,,,,,,,,,,,,,,,,,,,,,,,,,,,,,,,,104.8,121.8,128.4,129.6,123.7,124,110,100.6,90.4,,,,,,,,,,,,,,,,,,,,,,,,,,,,,,,,,,,,,,,,,,,,,,,,,,,,,,,,,,,,,,,,,,,,,,,,,,,,,,381,1033.3,42.333333333,114.81111111,115,55,5,5
042,CT,A,S,1,30.1,667,33,21,13,41,46,36,1.5,0,0,0,30,803,52,30,117.8,99.6,83.2,73.1,64.6,52.4,41.7,30.2,29.9,42.3,53.1,66.3,76.7,93.4,97.6,98.2,104.4,119.1,133.1,131.6,122.7,110.7,108.6,111.5,102.8,90.2,77.8,59.9,39.6,16.9,,,,,,,,,,,,,,,,,,,,,,,,,,,,,,,,,,,,,,,,,,,,,,,,,,,,,,,,,,,,,63.8,67.2,80.5,101.7,117.7,122,126.6,123.9,120.8,119,113.7,104.6,99.3,89.1,75.6,60,41.6,39.5,45.1,38.1,28.9,29.6,43,61.2,77.8,71,60.1,60.6,70.6,83.9,,,,,,,,,,,,,,,,,,,,,,,,,,,,,,,,,,,,,,,,,,,,,,,,,,,,,,,,,,,,,CUE,O,,2008,6,7,03/14/08,22.159468439,24.019942301,24.019942301,,,,,,64.6,52.4,41.7,30.2,29.9,42.3,53.1,66.3,76.7,93.4,97.6,98.2,104.4,119.1,133.1,131.6,122.7,110.7,108.6,111.5,102.8,90.2,77.8,59.9,39.6,16.9,,,,,,,,,,,,,,,,,,,,,,,,,,,,,,,,,,,,,,,,,,,,,,,,,,,,,,,,,,,,,,,,,117.7,122,126.6,123.9,120.8,119,113.7,104.6,99.3,89.1,75.6,60,41.6,39.5,45.1,38.1,28.9,29.6,43,61.2,77.8,71,60.1,60.6,70.6,83.9,,,,,,,,,,,,,,,,,,,,,,,,,,,,,,,,,,,,,,,,,,,,,,,,,,,,,,,,,,,,,2075.3,2023.3,79.819230769,77.819230769,115,55,5,5
043,CT,A,N,3,9.9,179,8,65,51,28,21,-6,1.5,0,0,0,30,803,53,9,114.2,109.5,104.1,98,89.6,70.9,54.8,41.2,30.1,,,,,,,,,,,,,,,,,,,,,,,,,,,,,,,,,,,,,,,,,,,,,,,,,,,,,,,,,,,,,,,,,,,,,,,,,,,,,,,,,,58.5,57.6,53.5,49.6,41.5,39.2,41.9,56,78.8,,,,,,,,,,,,,,,,,,,,,,,,,,,,,,,,,,,,,,,,,,,,,,,,,,,,,,,,,,,,,,,,,,,,,,,,,,,,,,,,,,CUE,O,,2008,1,7,03/14/08,18.080808081,18.740964809,18.740964809,,,,,,,70.9,54.8,41.2,30.1,,,,,,,,,,,,,,,,,,,,,,,,,,,,,,,,,,,,,,,,,,,,,,,,,,,,,,,,,,,,,,,,,,,,,,,,,,,,,,,,,,,,,,,39.2,41.9,56,78.8,,,,,,,,,,,,,,,,,,,,,,,,,,,,,,,,,,,,,,,,,,,,,,,,,,,,,,,,,,,,,,,,,,,,,,,,,,,,,,,,,,197,215.9,49.25,53.975,115,55,6,6
044,CT,A,E,4,8.1,158,35,28,51,17,32,-31,1.5,0,0,0,30,803,53,8,118.8,119.3,115.3,102.1,75.9,57.4,35.5,22.1,,,,,,,,,,,,,,,,,,,,,,,,,,,,,,,,,,,,,,,,,,,,,,,,,,,,,,,,,,,,,,,,,,,,,,,,,,,,,,,,,,,61.6,62,53.3,36.4,23.5,38.4,60,85.4,,,,,,,,,,,,,,,,,,,,,,,,,,,,,,,,,,,,,,,,,,,,,,,,,,,,,,,,,,,,,,,,,,,,,,,,,,,,,,,,,,,CUE,O,,2008,2,7,03/14/08,19.50617284,18.740964809,18.740964809,,,,,,,57.4,35.5,22.1,,,,,,,,,,,,,,,,,,,,,,,,,,,,,,,,,,,,,,,,,,,,,,,,,,,,,,,,,,,,,,,,,,,,,,,,,,,,,,,,,,,,,,,,38.4,60,85.4,,,,,,,,,,,,,,,,,,,,,,,,,,,,,,,,,,,,,,,,,,,,,,,,,,,,,,,,,,,,,,,,,,,,,,,,,,,,,,,,,,,115,183.8,38.333333333,61.266666667,115,55,6,6
045,CT,A,S,4,24.9,438,10,25,52,28,20,-55,1.5,0,1,0,30,803,53,24,116.8,106,92.8,77.5,65.5,53.6,38.5,32.3,29.6,43.2,58.2,78,95.4,94.1,83.8,74.8,75.6,87.8,91.7,88.9,85,73.3,58,37.7,,,,,,,,,,,,,,,,,,,,,,,,,,,,,,,,,,,,,,,,,,,,,,,,,,,,,,,,,,,,,,,,,,,59.6,63,62.3,62.9,61.1,62.8,66.7,64.8,67,52.1,38.3,20.5,22,45.6,51.6,65.8,83.5,99.4,103.1,103.5,106.1,108.9,103.7,100.5,,,,,,,,,,,,,,,,,,,,,,,,,,,,,,,,,,,,,,,,,,,,,,,,,,,,,,,,,,,,,,,,,,,CUE,O,,2008,3,7,03/14/08,17.590361446,18.740964809,18.740964809,,,,,,,53.6,38.5,32.3,29.6,43.2,58.2,78,95.4,94.1,83.8,74.8,75.6,87.8,91.7,88.9,85,73.3,58,37.7,,,,,,,,,,,,,,,,,,,,,,,,,,,,,,,,,,,,,,,,,,,,,,,,,,,,,,,,,,,,,,,,,,,,,,,,62.8,66.7,64.8,67,52.1,38.3,20.5,22,45.6,51.6,65.8,83.5,99.4,103.1,103.5,106.1,108.9,103.7,100.5,,,,,,,,,,,,,,,,,,,,,,,,,,,,,,,,,,,,,,,,,,,,,,,,,,,,,,,,,,,,,,,,,,,1279.5,1365.9,67.342105263,71.889473684,115,55,6,6
046,CT,A,E,3,7,139,40,4,44,18,38,3,1.5,1,0,0,30,803,53,6,127.3,126.1,113.9,99.6,76.1,44,,,,,,,,,,,,,,,,,,,,,,,,,,,,,,,,,,,,,,,,,,,,,,,,,,,,,,,,,,,,,,,,,,,,,,,,,,,,,,,,,,,,,60.3,57.8,52.9,46.8,50.7,68.9,,,,,,,,,,,,,,,,,,,,,,,,,,,,,,,,,,,,,,,,,,,,,,,,,,,,,,,,,,,,,,,,,,,,,,,,,,,,,,,,,,,,,CUE,O,,2008,4,7,03/14/08,19.857142857,18.740964809,18.740964809,,,,,,,44,,,,,,,,,,,,,,,,,,,,,,,,,,,,,,,,,,,,,,,,,,,,,,,,,,,,,,,,,,,,,,,,,,,,,,,,,,,,,,,,,,,,,,,,,,68.9,,,,,,,,,,,,,,,,,,,,,,,,,,,,,,,,,,,,,,,,,,,,,,,,,,,,,,,,,,,,,,,,,,,,,,,,,,,,,,,,,,,,,44,68.9,44,68.9,115,55,6,6
047,CT,A,W,2,9.6,170,7,78,51,32,17,-58,1.5,0,1,0,30,803,53,9,123.5,118.2,111.2,106.7,98.4,84.9,75.9,62,38.1,,,,,,,,,,,,,,,,,,,,,,,,,,,,,,,,,,,,,,,,,,,,,,,,,,,,,,,,,,,,,,,,,,,,,,,,,,,,,,,,,,58.5,47,30.6,21.5,10.9,11.4,25.3,43.8,65.9,,,,,,,,,,,,,,,,,,,,,,,,,,,,,,,,,,,,,,,,,,,,,,,,,,,,,,,,,,,,,,,,,,,,,,,,,,,,,,,,,,CUE,O,,2008,5,7,03/14/08,17.708333333,18.740964809,18.740964809,,,,,,,84.9,75.9,62,38.1,,,,,,,,,,,,,,,,,,,,,,,,,,,,,,,,,,,,,,,,,,,,,,,,,,,,,,,,,,,,,,,,,,,,,,,,,,,,,,,,,,,,,,,11.4,25.3,43.8,65.9,,,,,,,,,,,,,,,,,,,,,,,,,,,,,,,,,,,,,,,,,,,,,,,,,,,,,,,,,,,,,,,,,,,,,,,,,,,,,,,,,,260.9,146.4,65.225,36.6,115,55,6,6
048,CT,A,S,1,10.1,199,38,2,47,44,9,-99,1.5,1,0,0,30,803,53,10,119.9,119.6,121.1,112.6,106.7,92.4,76.7,59.3,39.8,17.2,,,,,,,,,,,,,,,,,,,,,,,,,,,,,,,,,,,,,,,,,,,,,,,,,,,,,,,,,,,,,,,,,,,,,,,,,,,,,,,,,59.2,55.7,47.9,39.7,41.7,48.3,62.7,80.4,82.6,86.7,,,,,,,,,,,,,,,,,,,,,,,,,,,,,,,,,,,,,,,,,,,,,,,,,,,,,,,,,,,,,,,,,,,,,,,,,,,,,,,,,CUE,O,,2008,6,7,03/14/08,19.702970297,18.740964809,18.740964809,,,,,,,92.4,76.7,59.3,39.8,17.2,,,,,,,,,,,,,,,,,,,,,,,,,,,,,,,,,,,,,,,,,,,,,,,,,,,,,,,,,,,,,,,,,,,,,,,,,,,,,,,,,,,,,,48.3,62.7,80.4,82.6,86.7,,,,,,,,,,,,,,,,,,,,,,,,,,,,,,,,,,,,,,,,,,,,,,,,,,,,,,,,,,,,,,,,,,,,,,,,,,,,,,,,,285.4,360.7,57.08,72.14,115,55,6,6
049,CT,A,N,3,22,577,28,5,65,24,11,-41,1.5,2,0,0,30,803,56,21,108,92.4,73.6,58.9,30.5,41.6,57.4,83.4,101,118.3,114.3,79.8,54.7,51.1,68.1,84.2,91.8,105.8,104.6,87.8,50.1,,,,,,,,,,,,,,,,,,,,,,,,,,,,,,,,,,,,,,,,,,,,,,,,,,,,,,,,,,,,,,,,,,,,,,50.2,33.2,26.8,40,64.8,53.3,38.9,28.5,35.9,56.6,69.4,66,59.7,45.7,28.2,13.1,7.2,22,41.3,52.4,69.4,,,,,,,,,,,,,,,,,,,,,,,,,,,,,,,,,,,,,,,,,,,,,,,,,,,,,,,,,,,,,,,,,,,,,,CUE,O,,2008,1,7,03/14/08,26.227272727,23.135932445,23.135932445,,,,,,30.5,41.6,57.4,83.4,101,118.3,114.3,79.8,54.7,51.1,68.1,84.2,91.8,105.8,104.6,87.8,50.1,,,,,,,,,,,,,,,,,,,,,,,,,,,,,,,,,,,,,,,,,,,,,,,,,,,,,,,,,,,,,,,,,,,,,,,,,,64.8,53.3,38.9,28.5,35.9,56.6,69.4,66,59.7,45.7,28.2,13.1,7.2,22,41.3,52.4,69.4,,,,,,,,,,,,,,,,,,,,,,,,,,,,,,,,,,,,,,,,,,,,,,,,,,,,,,,,,,,,,,,,,,,,,,1324.5,752.4,77.911764706,44.258823529,115,55,5,5
050,CT,A,E,4,5.2,137,49,34,62,11,27,-48,1.5,0,0,0,30,803,56,5,120.4,113.6,82.8,52.2,22,,,,,,,,,,,,,,,,,,,,,,,,,,,,,,,,,,,,,,,,,,,,,,,,,,,,,,,,,,,,,,,,,,,,,,,,,,,,,,,,,,,,,,56.1,43.9,22.3,43.4,73.6,,,,,,,,,,,,,,,,,,,,,,,,,,,,,,,,,,,,,,,,,,,,,,,,,,,,,,,,,,,,,,,,,,,,,,,,,,,,,,,,,,,,,,CUE,O,,2008,2,7,03/14/08,26.346153846,23.135932445,23.135932445,,,,,,,,,,,,,,,,,,,,,,,,,,,,,,,,,,,,,,,,,,,,,,,,,,,,,,,,,,,,,,,,,,,,,,,,,,,,,,,,,,,,,,,,,,,,,,,,,,,,,,,,,,,,,,,,,,,,,,,,,,,,,,,,,,,,,,,,,,,,,,,,,,,,,,,,,,,,,,,,,,,,,,,,,,,,,,,,,,,,,,0,0,0,0,115,55,5,5
051,CT,A,S,4,24.4,544,39,16,76,23,1,-26,1.5,1,0,0,30,803,56,24,111.7,90,64,41,34.7,48.9,71.7,94.2,100.6,85.5,67.7,45.7,40.3,50.7,64.7,81.8,102.7,122.3,124.6,116.7,100.3,79.2,54.9,27.2,,,,,,,,,,,,,,,,,,,,,,,,,,,,,,,,,,,,,,,,,,,,,,,,,,,,,,,,,,,,,,,,,,,62.8,61.6,62,63.3,61.1,54.2,41.8,29.7,13.9,10.3,28.3,50,64.7,62.5,51.9,34.5,22.9,28.9,30,27.2,29.5,39.3,55.6,74.2,,,,,,,,,,,,,,,,,,,,,,,,,,,,,,,,,,,,,,,,,,,,,,,,,,,,,,,,,,,,,,,,,,,CUE,O,,2008,3,7,03/14/08,22.295081967,23.135932445,23.135932445,,,,,,34.7,48.9,71.7,94.2,100.6,85.5,67.7,45.7,40.3,50.7,64.7,81.8,102.7,122.3,124.6,116.7,100.3,79.2,54.9,27.2,,,,,,,,,,,,,,,,,,,,,,,,,,,,,,,,,,,,,,,,,,,,,,,,,,,,,,,,,,,,,,,,,,,,,,,61.1,54.2,41.8,29.7,13.9,10.3,28.3,50,64.7,62.5,51.9,34.5,22.9,28.9,30,27.2,29.5,39.3,55.6,74.2,,,,,,,,,,,,,,,,,,,,,,,,,,,,,,,,,,,,,,,,,,,,,,,,,,,,,,,,,,,,,,,,,,,1514.4,810.5,75.72,40.525,115,55,5,5
052,CT,A,E,3,20,433,32,31,43,47,10,20,1.5,2,1,0,30,803,56,19,109.2,90.7,67.1,48.1,52.8,72.7,92,99.8,99.5,96,88.4,79,75.4,77.4,85.9,87.3,74.6,56.7,34.6,,,,,,,,,,,,,,,,,,,,,,,,,,,,,,,,,,,,,,,,,,,,,,,,,,,,,,,,,,,,,,,,,,,,,,,,49.6,40.4,37.3,48.5,62.7,72.7,75.6,68,55.3,40.3,23.1,17.8,37.8,64.8,89.3,105.8,109.8,109.1,104.8,,,,,,,,,,,,,,,,,,,,,,,,,,,,,,,,,,,,,,,,,,,,,,,,,,,,,,,,,,,,,,,,,,,,,,,,CUE,O,,2008,4,7,03/14/08,21.65,23.135932445,23.135932445,,,,,,52.8,72.7,92,99.8,99.5,96,88.4,79,75.4,77.4,85.9,87.3,74.6,56.7,34.6,,,,,,,,,,,,,,,,,,,,,,,,,,,,,,,,,,,,,,,,,,,,,,,,,,,,,,,,,,,,,,,,,,,,,,,,,,,,62.7,72.7,75.6,68,55.3,40.3,23.1,17.8,37.8,64.8,89.3,105.8,109.8,109.1,104.8,,,,,,,,,,,,,,,,,,,,,,,,,,,,,,,,,,,,,,,,,,,,,,,,,,,,,,,,,,,,,,,,,,,,,,,,1172.1,1036.9,78.14,69.126666667,115,55,5,5
053,CT,A,W,2,25.3,570,21,44,23,60,17,25,1.5,0,0,0,30,803,56,25,116.4,106.2,84.1,57.7,39.1,25.5,29.7,37.2,46.4,54,63.1,78.5,97,113.5,119.9,118.1,114.6,113.8,124.1,123.1,115,100.8,81.7,56,28.4,,,,,,,,,,,,,,,,,,,,,,,,,,,,,,,,,,,,,,,,,,,,,,,,,,,,,,,,,,,,,,,,,,62.6,62.1,63.5,75.6,94.7,110.9,123.9,123.3,116.9,103.7,86.3,69.3,53.4,43.1,34.5,24.5,22.6,38,54.2,48,37.8,24.5,22.7,41.2,68.3,,,,,,,,,,,,,,,,,,,,,,,,,,,,,,,,,,,,,,,,,,,,,,,,,,,,,,,,,,,,,,,,,,CUE,O,,2008,5,7,03/14/08,22.529644269,23.135932445,23.135932445,,,,,,39.1,25.5,29.7,37.2,46.4,54,63.1,78.5,97,113.5,119.9,118.1,114.6,113.8,124.1,123.1,115,100.8,81.7,56,28.4,,,,,,,,,,,,,,,,,,,,,,,,,,,,,,,,,,,,,,,,,,,,,,,,,,,,,,,,,,,,,,,,,,,,,,94.7,110.9,123.9,123.3,116.9,103.7,86.3,69.3,53.4,43.1,34.5,24.5,22.6,38,54.2,48,37.8,24.5,22.7,41.2,68.3,,,,,,,,,,,,,,,,,,,,,,,,,,,,,,,,,,,,,,,,,,,,,,,,,,,,,,,,,,,,,,,,,,1679.5,1341.8,79.976190476,63.895238095,115,55,5,5
054,CT,A,S,1,30.1,595,27,27,24,51,25,38,1.5,0,1,0,30,803,56,30,112.9,96.8,80.5,66.5,54.8,42,31.7,34.4,33.3,36,49.9,67.9,83.2,93.8,85.6,77,68.1,66.4,77.7,95.7,113.8,126.9,127,117.4,102.3,88.6,77.8,76.5,86.9,100.2,,,,,,,,,,,,,,,,,,,,,,,,,,,,,,,,,,,,,,,,,,,,,,,,,,,,,,,,,,,,,68,69.7,78.2,95.7,111.5,119.3,122.6,128.9,122.7,111.4,100.3,92.8,91,93.7,91.2,81.2,67.8,46.7,21.6,7.5,29.9,41.2,37.2,26.7,15.9,22.1,40.8,62.8,84.1,95.4,,,,,,,,,,,,,,,,,,,,,,,,,,,,,,,,,,,,,,,,,,,,,,,,,,,,,,,,,,,,,CUE,O,,2008,6,7,03/14/08,19.76744186,23.135932445,23.135932445,,,,,,54.8,42,31.7,34.4,33.3,36,49.9,67.9,83.2,93.8,85.6,77,68.1,66.4,77.7,95.7,113.8,126.9,127,117.4,102.3,88.6,77.8,76.5,86.9,100.2,,,,,,,,,,,,,,,,,,,,,,,,,,,,,,,,,,,,,,,,,,,,,,,,,,,,,,,,,,,,,,,,,111.5,119.3,122.6,128.9,122.7,111.4,100.3,92.8,91,93.7,91.2,81.2,67.8,46.7,21.6,7.5,29.9,41.2,37.2,26.7,15.9,22.1,40.8,62.8,84.1,95.4,,,,,,,,,,,,,,,,,,,,,,,,,,,,,,,,,,,,,,,,,,,,,,,,,,,,,,,,,,,,,2014.9,1866.3,77.496153846,71.780769231,115,55,5,5
007,CT,B,N,3,17.8,515,13,37,42,46,12,-74,1.5,1,0,0,30,803,65,17,117,113.1,97.1,69.3,43.3,46.9,62.7,68.4,75.5,83.5,91.3,91.9,84,76.5,69.9,47.6,27.4,,,,,,,,,,,,,,,,,,,,,,,,,,,,,,,,,,,,,,,,,,,,,,,,,,,,,,,,,,,,,,,,,,,,,,,,,,54,38,16.1,29.2,63,103.1,110.3,95.8,73.9,49.6,27.2,8.7,36,68.9,100.2,116.2,114.6,,,,,,,,,,,,,,,,,,,,,,,,,,,,,,,,,,,,,,,,,,,,,,,,,,,,,,,,,,,,,,,,,,,,,,,,,,CUE,O,,2008,1,7,03/14/08,28.93258427,24.01683366,24.01683366,,,,,,43.3,46.9,62.7,68.4,75.5,83.5,91.3,91.9,84,76.5,69.9,47.6,27.4,,,,,,,,,,,,,,,,,,,,,,,,,,,,,,,,,,,,,,,,,,,,,,,,,,,,,,,,,,,,,,,,,,,,,,,,,,,,,,63,103.1,110.3,95.8,73.9,49.6,27.2,8.7,36,68.9,100.2,116.2,114.6,,,,,,,,,,,,,,,,,,,,,,,,,,,,,,,,,,,,,,,,,,,,,,,,,,,,,,,,,,,,,,,,,,,,,,,,,,868.9,967.5,66.838461538,74.423076923,115,55,5,5
008,CT,B,E,4,29.5,760,25,24,31,64,5,-61,1.5,1,1,0,30,803,65,29,124.8,114.9,85.2,60.4,50.1,66.5,76.3,86.4,85.8,78,60.4,43,31.6,16.8,14.6,28.5,41,59.1,81.7,101.5,112.3,111.8,101,97.5,88.9,79.4,64.7,46.6,25.4,,,,,,,,,,,,,,,,,,,,,,,,,,,,,,,,,,,,,,,,,,,,,,,,,,,,,,,,,,,,,,55.7,36.4,17,40.4,68.4,86.2,88.4,77.1,54.3,32.2,38.7,72.9,98.3,106.4,106.2,103.4,97,85.4,72.9,62.1,47.8,27.4,8.7,22.8,60,79.7,93.8,97.4,98.6,,,,,,,,,,,,,,,,,,,,,,,,,,,,,,,,,,,,,,,,,,,,,,,,,,,,,,,,,,,,,,CUE,O,,2008,2,7,03/14/08,25.762711864,24.01683366,24.01683366,,,,,,50.1,66.5,76.3,86.4,85.8,78,60.4,43,31.6,16.8,14.6,28.5,41,59.1,81.7,101.5,112.3,111.8,101,97.5,88.9,79.4,64.7,46.6,25.4,,,,,,,,,,,,,,,,,,,,,,,,,,,,,,,,,,,,,,,,,,,,,,,,,,,,,,,,,,,,,,,,,,68.4,86.2,88.4,77.1,54.3,32.2,38.7,72.9,98.3,106.4,106.2,103.4,97,85.4,72.9,62.1,47.8,27.4,8.7,22.8,60,79.7,93.8,97.4,98.6,,,,,,,,,,,,,,,,,,,,,,,,,,,,,,,,,,,,,,,,,,,,,,,,,,,,,,,,,,,,,,1648.9,1786.1,65.956,71.444,115,55,5,5
009,CT,B,S,4,28,603,18,17,54,44,2,-18,1.5,1,0,0,30,803,65,27,115.6,99.7,78.8,55.3,36.7,38.3,51.7,71.2,94.4,111,96.3,78.1,61.5,50.4,54.6,66,72.8,84.3,95.2,99.1,92.4,82,71.4,57,47.6,36.8,22.7,,,,,,,,,,,,,,,,,,,,,,,,,,,,,,,,,,,,,,,,,,,,,,,,,,,,,,,,,,,,,,,,61.4,57.6,57.7,61.2,62.1,60.5,56.1,45.1,35.5,30.6,12.1,20,40.2,63.1,84.9,94.7,95.2,88.8,77.9,62.7,46.1,30.7,25.4,50.9,80.4,97,105,,,,,,,,,,,,,,,,,,,,,,,,,,,,,,,,,,,,,,,,,,,,,,,,,,,,,,,,,,,,,,,,CUE,O,,2008,3,7,03/14/08,21.535714286,24.01683366,24.01683366,,,,,,36.7,38.3,51.7,71.2,94.4,111,96.3,78.1,61.5,50.4,54.6,66,72.8,84.3,95.2,99.1,92.4,82,71.4,57,47.6,36.8,22.7,,,,,,,,,,,,,,,,,,,,,,,,,,,,,,,,,,,,,,,,,,,,,,,,,,,,,,,,,,,,,,,,,,,,62.1,60.5,56.1,45.1,35.5,30.6,12.1,20,40.2,63.1,84.9,94.7,95.2,88.8,77.9,62.7,46.1,30.7,25.4,50.9,80.4,97,105,,,,,,,,,,,,,,,,,,,,,,,,,,,,,,,,,,,,,,,,,,,,,,,,,,,,,,,,,,,,,,,,1571.5,1365,68.326086957,59.347826087,115,55,5,5
010,CT,B,E,3,21.8,465,17,22,21,71,8,9,1.5,0,1,0,30,803,65,21,122.9,115.5,106.9,89,75.3,65.4,61,75.7,88.4,95.7,96.7,96.5,98.9,102.5,98.9,92.2,79.4,65.3,44.7,33.7,21.1,,,,,,,,,,,,,,,,,,,,,,,,,,,,,,,,,,,,,,,,,,,,,,,,,,,,,,,,,,,,,,,,,,,,,,57,50.9,45.4,35.8,25.3,31.4,52.5,67.6,64.4,52.5,40.9,22.1,8.1,29.9,51.9,73.5,91.9,107.4,122.5,125.2,115.8,,,,,,,,,,,,,,,,,,,,,,,,,,,,,,,,,,,,,,,,,,,,,,,,,,,,,,,,,,,,,,,,,,,,,,CUE,O,,2008,4,7,03/14/08,21.330275229,24.01683366,24.01683366,,,,,,75.3,65.4,61,75.7,88.4,95.7,96.7,96.5,98.9,102.5,98.9,92.2,79.4,65.3,44.7,33.7,21.1,,,,,,,,,,,,,,,,,,,,,,,,,,,,,,,,,,,,,,,,,,,,,,,,,,,,,,,,,,,,,,,,,,,,,,,,,,25.3,31.4,52.5,67.6,64.4,52.5,40.9,22.1,8.1,29.9,51.9,73.5,91.9,107.4,122.5,125.2,115.8,,,,,,,,,,,,,,,,,,,,,,,,,,,,,,,,,,,,,,,,,,,,,,,,,,,,,,,,,,,,,,,,,,,,,,1291.4,1082.9,75.964705882,63.7,115,55,5,5
011,CT,B,W,2,10,231,22,47,35,52,13,-63,1.5,1,1,0,30,803,65,9,124,118.2,110.8,98.7,84,69.5,55,42.9,34.2,,,,,,,,,,,,,,,,,,,,,,,,,,,,,,,,,,,,,,,,,,,,,,,,,,,,,,,,,,,,,,,,,,,,,,,,,,,,,,,,,,52.3,37.5,19.1,12.5,33,53.3,78.6,98.8,111.5,,,,,,,,,,,,,,,,,,,,,,,,,,,,,,,,,,,,,,,,,,,,,,,,,,,,,,,,,,,,,,,,,,,,,,,,,,,,,,,,,,CUE,O,,2008,5,7,03/14/08,23.1,24.01683366,24.01683366,,,,,,84,69.5,55,42.9,34.2,,,,,,,,,,,,,,,,,,,,,,,,,,,,,,,,,,,,,,,,,,,,,,,,,,,,,,,,,,,,,,,,,,,,,,,,,,,,,,,,,,,,,,33,53.3,78.6,98.8,111.5,,,,,,,,,,,,,,,,,,,,,,,,,,,,,,,,,,,,,,,,,,,,,,,,,,,,,,,,,,,,,,,,,,,,,,,,,,,,,,,,,,285.6,375.2,57.12,75.04,115,55,5,5
012,CT,B,S,1,28.2,661,16,21,15,63,22,-49,1.5,0,0,0,30,803,65,28,120.7,108.4,91,70.6,46.9,22.3,12.7,26.5,32.2,34.4,38.5,47.5,61.5,75.8,90.8,102.2,116.8,126.9,129.4,123.2,114.9,106.5,97.8,85.5,71.9,56.2,44.9,28.1,,,,,,,,,,,,,,,,,,,,,,,,,,,,,,,,,,,,,,,,,,,,,,,,,,,,,,,,,,,,,,,53,39.7,30,31.2,48.4,74.3,100.7,120.2,126.8,126.4,123,115.1,108,96.7,84,68.5,50.4,38.6,35,33.1,38.5,51.5,67.5,82.5,93.2,101.9,106.2,106,,,,,,,,,,,,,,,,,,,,,,,,,,,,,,,,,,,,,,,,,,,,,,,,,,,,,,,,,,,,,,,CUE,O,,2008,6,7,03/14/08,23.439716312,24.01683366,24.01683366,,,,,,46.9,22.3,12.7,26.5,32.2,34.4,38.5,47.5,61.5,75.8,90.8,102.2,116.8,126.9,129.4,123.2,114.9,106.5,97.8,85.5,71.9,56.2,44.9,28.1,,,,,,,,,,,,,,,,,,,,,,,,,,,,,,,,,,,,,,,,,,,,,,,,,,,,,,,,,,,,,,,,,,,48.4,74.3,100.7,120.2,126.8,126.4,123,115.1,108,96.7,84,68.5,50.4,38.6,35,33.1,38.5,51.5,67.5,82.5,93.2,101.9,106.2,106,,,,,,,,,,,,,,,,,,,,,,,,,,,,,,,,,,,,,,,,,,,,,,,,,,,,,,,,,,,,,,,1693.4,1996.5,70.558333333,83.1875,115,55,5,5
013,CT,B,N,3,6.7,200,25,11,68,13,19,-62,1.5,1,0,0,30,803,66,6,114,107.6,83.5,58.8,62.5,37.2,,,,,,,,,,,,,,,,,,,,,,,,,,,,,,,,,,,,,,,,,,,,,,,,,,,,,,,,,,,,,,,,,,,,,,,,,,,,,,,,,,,,,56.6,37.5,22.8,38.6,60.1,84.6,,,,,,,,,,,,,,,,,,,,,,,,,,,,,,,,,,,,,,,,,,,,,,,,,,,,,,,,,,,,,,,,,,,,,,,,,,,,,,,,,,,,,CUE,O,,2008,1,7,03/14/08,29.850746269,21.666059,21.666059,,,,,,62.5,37.2,,,,,,,,,,,,,,,,,,,,,,,,,,,,,,,,,,,,,,,,,,,,,,,,,,,,,,,,,,,,,,,,,,,,,,,,,,,,,,,,,,,,,,,,,60.1,84.6,,,,,,,,,,,,,,,,,,,,,,,,,,,,,,,,,,,,,,,,,,,,,,,,,,,,,,,,,,,,,,,,,,,,,,,,,,,,,,,,,,,,,99.7,144.7,49.85,72.35,115,55,5,5
014,CT,B,E,4,15,376,22,15,75,17,8,-40,1.5,2,0,0,30,803,66,14,124.3,96.9,65.7,42.1,45,49.6,56.5,67.7,85.2,97.9,97.4,81.8,60.4,36.1,,,,,,,,,,,,,,,,,,,,,,,,,,,,,,,,,,,,,,,,,,,,,,,,,,,,,,,,,,,,,,,,,,,,,,,,,,,,,59.3,34.2,42,69.6,87.3,91.4,81.5,58.9,37.5,17.2,8.9,41.2,57.7,69.6,,,,,,,,,,,,,,,,,,,,,,,,,,,,,,,,,,,,,,,,,,,,,,,,,,,,,,,,,,,,,,,,,,,,,,,,,,,,,CUE,O,,2008,2,7,03/14/08,25.066666667,21.666059,21.666059,,,,,,45,49.6,56.5,67.7,85.2,97.9,97.4,81.8,60.4,36.1,,,,,,,,,,,,,,,,,,,,,,,,,,,,,,,,,,,,,,,,,,,,,,,,,,,,,,,,,,,,,,,,,,,,,,,,,,,,,,,,,87.3,91.4,81.5,58.9,37.5,17.2,8.9,41.2,57.7,69.6,,,,,,,,,,,,,,,,,,,,,,,,,,,,,,,,,,,,,,,,,,,,,,,,,,,,,,,,,,,,,,,,,,,,,,,,,,,,,677.6,551.2,67.76,55.12,115,55,5,5
015,CT,B,S,4,30.1,606,27,10,65,27,8,-26,1.5,1,0,0,30,803,66,30,109,93.3,80.6,71.9,58.2,52,50,58.2,78.3,99.6,91.7,72.3,56.1,50.6,41,35.2,30.8,45.9,69.7,97.4,119,128.7,125.6,113.2,102,90.1,72.9,57.8,50.6,54.4,,,,,,,,,,,,,,,,,,,,,,,,,,,,,,,,,,,,,,,,,,,,,,,,,,,,,,,,,,,,,63.4,68.5,74.1,82,79.8,77.4,72.1,48.6,18.5,7.1,22.1,33.6,41.5,45.9,60.1,66.4,66.5,50.6,37.1,28.5,44,47.8,47.5,54.4,62,65.6,65.6,63.7,54.7,42.2,,,,,,,,,,,,,,,,,,,,,,,,,,,,,,,,,,,,,,,,,,,,,,,,,,,,,,,,,,,,,CUE,O,,2008,3,7,03/14/08,20.132890365,21.666059,21.666059,,,,,,58.2,52,50,58.2,78.3,99.6,91.7,72.3,56.1,50.6,41,35.2,30.8,45.9,69.7,97.4,119,128.7,125.6,113.2,102,90.1,72.9,57.8,50.6,54.4,,,,,,,,,,,,,,,,,,,,,,,,,,,,,,,,,,,,,,,,,,,,,,,,,,,,,,,,,,,,,,,,,79.8,77.4,72.1,48.6,18.5,7.1,22.1,33.6,41.5,45.9,60.1,66.4,66.5,50.6,37.1,28.5,44,47.8,47.5,54.4,62,65.6,65.6,63.7,54.7,42.2,,,,,,,,,,,,,,,,,,,,,,,,,,,,,,,,,,,,,,,,,,,,,,,,,,,,,,,,,,,,,1901.3,1303.3,73.126923077,50.126923077,115,55,5,5
016,CT,B,E,3,17.2,353,32,4,54,39,7,-5,1.5,1,0,0,30,803,66,17,122,95.1,75.9,70.8,69.6,56.4,73.2,91.8,98.3,108.6,112,101.3,85.6,70.9,43,25.9,13.1,,,,,,,,,,,,,,,,,,,,,,,,,,,,,,,,,,,,,,,,,,,,,,,,,,,,,,,,,,,,,,,,,,,,,,,,,,58,48.8,34.3,26.9,26.2,39.3,35.2,30,29.3,36.4,49.6,56.1,62.5,76,91.7,103.8,105,,,,,,,,,,,,,,,,,,,,,,,,,,,,,,,,,,,,,,,,,,,,,,,,,,,,,,,,,,,,,,,,,,,,,,,,,,CUE,O,,2008,4,7,03/14/08,20.523255814,21.666059,21.666059,,,,,,69.6,56.4,73.2,91.8,98.3,108.6,112,101.3,85.6,70.9,43,25.9,13.1,,,,,,,,,,,,,,,,,,,,,,,,,,,,,,,,,,,,,,,,,,,,,,,,,,,,,,,,,,,,,,,,,,,,,,,,,,,,,,26.2,39.3,35.2,30,29.3,36.4,49.6,56.1,62.5,76,91.7,103.8,105,,,,,,,,,,,,,,,,,,,,,,,,,,,,,,,,,,,,,,,,,,,,,,,,,,,,,,,,,,,,,,,,,,,,,,,,,,949.7,741.1,73.053846154,57.007692308,115,55,5,5
017,CT,B,W,2,8.6,162,5,59,71,17,12,-58,1.5,0,2,0,30,803,66,8,124.5,113.1,96.4,82.1,71.7,59.7,48.2,34.8,,,,,,,,,,,,,,,,,,,,,,,,,,,,,,,,,,,,,,,,,,,,,,,,,,,,,,,,,,,,,,,,,,,,,,,,,,,,,,,,,,,51.3,32.4,11.7,14.4,30,47.9,65.3,75.4,,,,,,,,,,,,,,,,,,,,,,,,,,,,,,,,,,,,,,,,,,,,,,,,,,,,,,,,,,,,,,,,,,,,,,,,,,,,,,,,,,,CUE,O,,2008,5,7,03/14/08,18.837209302,21.666059,21.666059,,,,,,71.7,59.7,48.2,34.8,,,,,,,,,,,,,,,,,,,,,,,,,,,,,,,,,,,,,,,,,,,,,,,,,,,,,,,,,,,,,,,,,,,,,,,,,,,,,,,,,,,,,,,30,47.9,65.3,75.4,,,,,,,,,,,,,,,,,,,,,,,,,,,,,,,,,,,,,,,,,,,,,,,,,,,,,,,,,,,,,,,,,,,,,,,,,,,,,,,,,,,214.4,218.6,53.6,54.65,115,55,5,5
018,CT,B,S,1,11.1,173,0,49,82,12,6,-85,1.5,0,0,0,30,803,66,11,120.9,108.2,94.7,83.3,73.1,63.8,58,51.4,40.7,38.7,28,,,,,,,,,,,,,,,,,,,,,,,,,,,,,,,,,,,,,,,,,,,,,,,,,,,,,,,,,,,,,,,,,,,,,,,,,,,,,,,,53.2,32.5,16,12.8,28.5,42.5,51.3,58.5,68,70.9,75.8,,,,,,,,,,,,,,,,,,,,,,,,,,,,,,,,,,,,,,,,,,,,,,,,,,,,,,,,,,,,,,,,,,,,,,,,,,,,,,,,CUE,O,,2008,6,7,03/14/08,15.585585586,21.666059,21.666059,,,,,,73.1,63.8,58,51.4,40.7,38.7,28,,,,,,,,,,,,,,,,,,,,,,,,,,,,,,,,,,,,,,,,,,,,,,,,,,,,,,,,,,,,,,,,,,,,,,,,,,,,,,,,,,,,28.5,42.5,51.3,58.5,68,70.9,75.8,,,,,,,,,,,,,,,,,,,,,,,,,,,,,,,,,,,,,,,,,,,,,,,,,,,,,,,,,,,,,,,,,,,,,,,,,,,,,,,,353.7,395.5,50.528571429,56.5,115,55,5,5
025,CT,B,N,3,4,120,0,83,41,35,24,43,1.5,0,1,0,30,803,68,3,109.3,86.3,53.5,,,,,,,,,,,,,,,,,,,,,,,,,,,,,,,,,,,,,,,,,,,,,,,,,,,,,,,,,,,,,,,,,,,,,,,,,,,,,,,,,,,,,,,,69.5,73.4,77.7,,,,,,,,,,,,,,,,,,,,,,,,,,,,,,,,,,,,,,,,,,,,,,,,,,,,,,,,,,,,,,,,,,,,,,,,,,,,,,,,,,,,,,,,CUE,O,,2008,1,7,03/14/08,30,22.639698394,22.639698394,,,,,,,,,,,,,,,,,,,,,,,,,,,,,,,,,,,,,,,,,,,,,,,,,,,,,,,,,,,,,,,,,,,,,,,,,,,,,,,,,,,,,,,,,,,,,,,,,,,,,,,,,,,,,,,,,,,,,,,,,,,,,,,,,,,,,,,,,,,,,,,,,,,,,,,,,,,,,,,,,,,,,,,,,,,,,,,,,,,,,,0,0,0,0,115,55,5,4
026,CT,B,E,4,5.4,117,0,23,60,26,14,9,1.5,0,0,0,30,803,68,5,116.5,97.3,79.9,52.9,27.3,,,,,,,,,,,,,,,,,,,,,,,,,,,,,,,,,,,,,,,,,,,,,,,,,,,,,,,,,,,,,,,,,,,,,,,,,,,,,,,,,,,,,,63.2,53.3,47.1,53.5,71.3,,,,,,,,,,,,,,,,,,,,,,,,,,,,,,,,,,,,,,,,,,,,,,,,,,,,,,,,,,,,,,,,,,,,,,,,,,,,,,,,,,,,,,CUE,O,,2008,2,7,03/14/08,21.666666667,22.639698394,22.639698394,,,,,,,,,,,,,,,,,,,,,,,,,,,,,,,,,,,,,,,,,,,,,,,,,,,,,,,,,,,,,,,,,,,,,,,,,,,,,,,,,,,,,,,,,,,,,,,,,,,,,,,,,,,,,,,,,,,,,,,,,,,,,,,,,,,,,,,,,,,,,,,,,,,,,,,,,,,,,,,,,,,,,,,,,,,,,,,,,,,,,,0,0,0,0,115,55,5,5
027,CT,B,S,4,6,133,59,28,72,20,8,64,1.5,0,1,0,30,803,68,5,120.8,105.3,85.5,62.6,37.4,,,,,,,,,,,,,,,,,,,,,,,,,,,,,,,,,,,,,,,,,,,,,,,,,,,,,,,,,,,,,,,,,,,,,,,,,,,,,,,,,,,,,,47.4,29.6,24.6,36.5,60.2,,,,,,,,,,,,,,,,,,,,,,,,,,,,,,,,,,,,,,,,,,,,,,,,,,,,,,,,,,,,,,,,,,,,,,,,,,,,,,,,,,,,,,CUE,O,,2008,3,7,03/14/08,22.166666667,22.639698394,22.639698394,,,,,,37.4,,,,,,,,,,,,,,,,,,,,,,,,,,,,,,,,,,,,,,,,,,,,,,,,,,,,,,,,,,,,,,,,,,,,,,,,,,,,,,,,,,,,,,,,,,60.2,,,,,,,,,,,,,,,,,,,,,,,,,,,,,,,,,,,,,,,,,,,,,,,,,,,,,,,,,,,,,,,,,,,,,,,,,,,,,,,,,,,,,,37.4,60.2,37.4,60.2,115,55,5,5
028,CT,B,E,3,7.4,170,0,31,65,19,16,69,1.5,0,0,0,30,803,68,7,127.6,113.2,97.3,79.1,68.9,48.6,25,,,,,,,,,,,,,,,,,,,,,,,,,,,,,,,,,,,,,,,,,,,,,,,,,,,,,,,,,,,,,,,,,,,,,,,,,,,,,,,,,,,,53.2,30.7,11.1,21.7,40,60.6,76.1,,,,,,,,,,,,,,,,,,,,,,,,,,,,,,,,,,,,,,,,,,,,,,,,,,,,,,,,,,,,,,,,,,,,,,,,,,,,,,,,,,,,CUE,O,,2008,4,7,03/14/08,22.972972973,22.639698394,22.639698394,,,,,,68.9,48.6,25,,,,,,,,,,,,,,,,,,,,,,,,,,,,,,,,,,,,,,,,,,,,,,,,,,,,,,,,,,,,,,,,,,,,,,,,,,,,,,,,,,,,,,,,40,60.6,76.1,,,,,,,,,,,,,,,,,,,,,,,,,,,,,,,,,,,,,,,,,,,,,,,,,,,,,,,,,,,,,,,,,,,,,,,,,,,,,,,,,,,,142.5,176.7,47.5,58.9,115,55,5,5
029,CT,B,W,2,6.9,135,17,1,38,41,21,23,1.5,0,0,0,30,803,68,6,119.7,109.3,94.3,81,63.7,39.4,,,,,,,,,,,,,,,,,,,,,,,,,,,,,,,,,,,,,,,,,,,,,,,,,,,,,,,,,,,,,,,,,,,,,,,,,,,,,,,,,,,,,65.7,64.5,65.1,69,81.4,94.2,,,,,,,,,,,,,,,,,,,,,,,,,,,,,,,,,,,,,,,,,,,,,,,,,,,,,,,,,,,,,,,,,,,,,,,,,,,,,,,,,,,,,CUE,O,,2008,5,7,03/14/08,19.565217391,22.639698394,22.639698394,,,,,,63.7,39.4,,,,,,,,,,,,,,,,,,,,,,,,,,,,,,,,,,,,,,,,,,,,,,,,,,,,,,,,,,,,,,,,,,,,,,,,,,,,,,,,,,,,,,,,,81.4,94.2,,,,,,,,,,,,,,,,,,,,,,,,,,,,,,,,,,,,,,,,,,,,,,,,,,,,,,,,,,,,,,,,,,,,,,,,,,,,,,,,,,,,,103.1,175.6,51.55,87.8,115,55,5,5
030,CT,B,S,1,7.5,146,72,5,44,36,20,46,1.5,1,0,0,30,803,68,7,122.8,113,101.1,85.5,68.7,50.5,27.8,,,,,,,,,,,,,,,,,,,,,,,,,,,,,,,,,,,,,,,,,,,,,,,,,,,,,,,,,,,,,,,,,,,,,,,,,,,,,,,,,,,,64.8,67.4,71.4,75.3,75.3,85.5,93.5,,,,,,,,,,,,,,,,,,,,,,,,,,,,,,,,,,,,,,,,,,,,,,,,,,,,,,,,,,,,,,,,,,,,,,,,,,,,,,,,,,,,CUE,O,,2008,6,7,03/14/08,19.466666667,22.639698394,22.639698394,,,,,,68.7,50.5,27.8,,,,,,,,,,,,,,,,,,,,,,,,,,,,,,,,,,,,,,,,,,,,,,,,,,,,,,,,,,,,,,,,,,,,,,,,,,,,,,,,,,,,,,,,75.3,85.5,93.5,,,,,,,,,,,,,,,,,,,,,,,,,,,,,,,,,,,,,,,,,,,,,,,,,,,,,,,,,,,,,,,,,,,,,,,,,,,,,,,,,,,,147,254.3,49,84.766666667,115,55,5,5
031,CT,B,N,3,4.5,108,0,53,56,34,10,-17,1.5,0,0,0,30,803,69,4,109.6,95.1,70,41.3,,,,,,,,,,,,,,,,,,,,,,,,,,,,,,,,,,,,,,,,,,,,,,,,,,,,,,,,,,,,,,,,,,,,,,,,,,,,,,,,,,,,,,,53.8,42.3,42.5,57.1,,,,,,,,,,,,,,,,,,,,,,,,,,,,,,,,,,,,,,,,,,,,,,,,,,,,,,,,,,,,,,,,,,,,,,,,,,,,,,,,,,,,,,,CUE,O,,2008,1,7,03/14/08,24,21.790309106,21.790309106,,,,,,,,,,,,,,,,,,,,,,,,,,,,,,,,,,,,,,,,,,,,,,,,,,,,,,,,,,,,,,,,,,,,,,,,,,,,,,,,,,,,,,,,,,,,,,,,,,,,,,,,,,,,,,,,,,,,,,,,,,,,,,,,,,,,,,,,,,,,,,,,,,,,,,,,,,,,,,,,,,,,,,,,,,,,,,,,,,,,,,0,0,0,0,115,55,5,5
032,CT,B,E,4,30.1,693,18,34,26,34,40,-40,1.5,0,0,0,30,803,69,30,119.2,110.4,91.1,72.1,66.1,75.1,76.8,61.9,47.4,34.9,33,37.7,45.7,52.4,57.2,57.9,52.4,50.1,60.3,76.1,95.8,114.4,112.2,98.1,81.6,63.3,46,32.8,31.7,36.4,,,,,,,,,,,,,,,,,,,,,,,,,,,,,,,,,,,,,,,,,,,,,,,,,,,,,,,,,,,,,59.7,45.9,24,25,59.4,98.1,118.2,120.1,122.8,124.4,127.6,128.4,124.6,116.5,107,94.2,76.6,56.5,36.3,25,32.1,54.4,72.4,77,79.3,83.7,91.4,104,118.9,130.1,,,,,,,,,,,,,,,,,,,,,,,,,,,,,,,,,,,,,,,,,,,,,,,,,,,,,,,,,,,,,CUE,O,,2008,2,7,03/14/08,23.023255814,21.790309106,21.790309106,,,,,,66.1,75.1,76.8,61.9,47.4,34.9,33,37.7,45.7,52.4,57.2,57.9,52.4,50.1,60.3,76.1,95.8,114.4,112.2,98.1,81.6,63.3,46,32.8,31.7,36.4,,,,,,,,,,,,,,,,,,,,,,,,,,,,,,,,,,,,,,,,,,,,,,,,,,,,,,,,,,,,,,,,,59.4,98.1,118.2,120.1,122.8,124.4,127.6,128.4,124.6,116.5,107,94.2,76.6,56.5,36.3,25,32.1,54.4,72.4,77,79.3,83.7,91.4,104,118.9,130.1,,,,,,,,,,,,,,,,,,,,,,,,,,,,,,,,,,,,,,,,,,,,,,,,,,,,,,,,,,,,,1597.3,2379,61.434615385,91.5,115,55,5,5
033,CT,B,S,4,30.1,595,7,28,17,25,58,-77,1.5,0,0,0,30,803,69,30,118.1,116.5,114.7,104.7,92.3,78.5,65.9,57.1,52.3,43.6,34.5,31.5,40.4,52.9,63.3,68.2,75,73.6,70.3,70.4,68.7,68.5,71.4,78,91.1,98.2,87.6,78.1,70.5,60.4,,,,,,,,,,,,,,,,,,,,,,,,,,,,,,,,,,,,,,,,,,,,,,,,,,,,,,,,,,,,,57.2,53.7,72.9,84.8,91.2,97.9,107.1,119,129.4,131.3,128.3,124.5,121.9,121.9,117,109.1,99.5,84.2,67.7,47.4,31.2,29.5,43.6,64.8,84.1,103.4,107.7,115.4,122.7,126.5,,,,,,,,,,,,,,,,,,,,,,,,,,,,,,,,,,,,,,,,,,,,,,,,,,,,,,,,,,,,,CUE,O,,2008,3,7,03/14/08,19.76744186,21.790309106,21.790309106,,,,,,92.3,78.5,65.9,57.1,52.3,43.6,34.5,31.5,40.4,52.9,63.3,68.2,75,73.6,70.3,70.4,68.7,68.5,71.4,78,91.1,98.2,87.6,78.1,70.5,60.4,,,,,,,,,,,,,,,,,,,,,,,,,,,,,,,,,,,,,,,,,,,,,,,,,,,,,,,,,,,,,,,,,91.2,97.9,107.1,119,129.4,131.3,128.3,124.5,121.9,121.9,117,109.1,99.5,84.2,67.7,47.4,31.2,29.5,43.6,64.8,84.1,103.4,107.7,115.4,122.7,126.5,,,,,,,,,,,,,,,,,,,,,,,,,,,,,,,,,,,,,,,,,,,,,,,,,,,,,,,,,,,,,1742.3,2526.3,67.011538462,97.165384615,115,55,5,5
034,CT,B,E,3,5.7,128,51,5,48,19,33,-37,1.5,0,0,0,30,803,69,5,127.3,118.8,100.1,74.7,48.7,,,,,,,,,,,,,,,,,,,,,,,,,,,,,,,,,,,,,,,,,,,,,,,,,,,,,,,,,,,,,,,,,,,,,,,,,,,,,,,,,,,,,,55.1,54.4,49.1,46.3,54.3,,,,,,,,,,,,,,,,,,,,,,,,,,,,,,,,,,,,,,,,,,,,,,,,,,,,,,,,,,,,,,,,,,,,,,,,,,,,,,,,,,,,,,CUE,O,,2008,4,7,03/14/08,22.456140351,21.790309106,21.790309106,,,,,,48.7,,,,,,,,,,,,,,,,,,,,,,,,,,,,,,,,,,,,,,,,,,,,,,,,,,,,,,,,,,,,,,,,,,,,,,,,,,,,,,,,,,,,,,,,,,54.3,,,,,,,,,,,,,,,,,,,,,,,,,,,,,,,,,,,,,,,,,,,,,,,,,,,,,,,,,,,,,,,,,,,,,,,,,,,,,,,,,,,,,,48.7,54.3,48.7,54.3,115,55,5,5
035,CT,B,W,2,30.1,600,21,43,30,24,46,-92,1.5,1,1,0,30,803,69,30,123.9,127.9,131.5,131,125.9,117.4,108.7,94.4,74.5,53.5,32.9,21.3,29.6,40.6,39.1,39.4,45.3,57.7,66.8,66.4,68.2,72.4,78.2,84.1,91.1,99.8,110.3,116.8,111.6,108,,,,,,,,,,,,,,,,,,,,,,,,,,,,,,,,,,,,,,,,,,,,,,,,,,,,,,,,,,,,,54.4,48.2,43.2,37.5,32.3,31.5,33.5,38.7,42.6,53.7,74.6,96.5,119.2,134.6,133.2,129.3,126.9,115.5,104,88.6,71,52.4,32.2,14.2,12.7,30.3,49.7,64,68.8,75.6,,,,,,,,,,,,,,,,,,,,,,,,,,,,,,,,,,,,,,,,,,,,,,,,,,,,,,,,,,,,,CUE,O,,2008,5,7,03/14/08,19.933554817,21.790309106,21.790309106,,,,,,125.9,117.4,108.7,94.4,74.5,53.5,32.9,21.3,29.6,40.6,39.1,39.4,45.3,57.7,66.8,66.4,68.2,72.4,78.2,84.1,91.1,99.8,110.3,116.8,111.6,108,,,,,,,,,,,,,,,,,,,,,,,,,,,,,,,,,,,,,,,,,,,,,,,,,,,,,,,,,,,,,,,,,32.3,31.5,33.5,38.7,42.6,53.7,74.6,96.5,119.2,134.6,133.2,129.3,126.9,115.5,104,88.6,71,52.4,32.2,14.2,12.7,30.3,49.7,64,68.8,75.6,,,,,,,,,,,,,,,,,,,,,,,,,,,,,,,,,,,,,,,,,,,,,,,,,,,,,,,,,,,,,1954,1825.6,75.153846154,70.215384615,115,55,5,5
036,CT,B,S,1,30.1,649,24,26,0,3,97,-134,1.5,0,0,0,30,803,69,30,115.7,122.7,127,131.2,137,136.1,134.4,130.5,125,117.1,108.8,103.5,86.5,72.8,62,52.1,45.1,36.6,29.9,31.3,46.3,55.2,65,74.4,85.1,95.6,103.8,109.4,116.9,128,,,,,,,,,,,,,,,,,,,,,,,,,,,,,,,,,,,,,,,,,,,,,,,,,,,,,,,,,,,,,61.5,58.4,44.6,40.5,42.4,44.7,51.3,59.9,68.6,77.4,84.5,85.6,100.7,109.9,117,120.9,121.1,126.3,123.8,122,129.3,125.6,123.3,115.9,109,100.3,90.4,80.5,70,54.5,,,,,,,,,,,,,,,,,,,,,,,,,,,,,,,,,,,,,,,,,,,,,,,,,,,,,,,,,,,,,CUE,O,,2008,6,7,03/14/08,21.561461794,21.790309106,21.790309106,,,,,,137,136.1,134.4,130.5,125,117.1,108.8,103.5,86.5,72.8,62,52.1,45.1,36.6,29.9,31.3,46.3,55.2,65,74.4,85.1,95.6,103.8,109.4,116.9,128,,,,,,,,,,,,,,,,,,,,,,,,,,,,,,,,,,,,,,,,,,,,,,,,,,,,,,,,,,,,,,,,,42.4,44.7,51.3,59.9,68.6,77.4,84.5,85.6,100.7,109.9,117,120.9,121.1,126.3,123.8,122,129.3,125.6,123.3,115.9,109,100.3,90.4,80.5,70,54.5,,,,,,,,,,,,,,,,,,,,,,,,,,,,,,,,,,,,,,,,,,,,,,,,,,,,,,,,,,,,,2288.4,2454.9,88.015384615,94.419230769,115,55,5,5
037,CT,B,N,3,9.2,240,58,5,82,16,2,-44,1.5,3,0,0,30,803,72,9,106.4,88.4,64.4,47.9,48.7,59.3,70.5,57.1,37.3,,,,,,,,,,,,,,,,,,,,,,,,,,,,,,,,,,,,,,,,,,,,,,,,,,,,,,,,,,,,,,,,,,,,,,,,,,,,,,,,,,48.4,29.8,32.3,51,68.3,71.7,61.6,58.1,67.8,,,,,,,,,,,,,,,,,,,,,,,,,,,,,,,,,,,,,,,,,,,,,,,,,,,,,,,,,,,,,,,,,,,,,,,,,,,,,,,,,,CUE,O,,2008,1,7,03/14/08,26.086956522,26.328246507,26.328246507,,,,,47.9,48.7,59.3,70.5,57.1,37.3,,,,,,,,,,,,,,,,,,,,,,,,,,,,,,,,,,,,,,,,,,,,,,,,,,,,,,,,,,,,,,,,,,,,,,,,,,,,,,,,,,,,,51,68.3,71.7,61.6,58.1,67.8,,,,,,,,,,,,,,,,,,,,,,,,,,,,,,,,,,,,,,,,,,,,,,,,,,,,,,,,,,,,,,,,,,,,,,,,,,,,,,,,,,320.8,378.5,53.466666667,63.083333333,115,55,4,4
038,CT,B,E,4,7,179,55,24,56,30,14,-57,1.5,0,0,0,30,803,72,6,120.5,112.5,111.5,93.7,70.2,43,,,,,,,,,,,,,,,,,,,,,,,,,,,,,,,,,,,,,,,,,,,,,,,,,,,,,,,,,,,,,,,,,,,,,,,,,,,,,,,,,,,,,59.1,39.1,20.2,14.5,27.9,54,,,,,,,,,,,,,,,,,,,,,,,,,,,,,,,,,,,,,,,,,,,,,,,,,,,,,,,,,,,,,,,,,,,,,,,,,,,,,,,,,,,,,CUE,O,,2008,2,7,03/14/08,25.571428571,26.328246507,26.328246507,,,,,93.7,70.2,43,,,,,,,,,,,,,,,,,,,,,,,,,,,,,,,,,,,,,,,,,,,,,,,,,,,,,,,,,,,,,,,,,,,,,,,,,,,,,,,,,,,,,,,,14.5,27.9,54,,,,,,,,,,,,,,,,,,,,,,,,,,,,,,,,,,,,,,,,,,,,,,,,,,,,,,,,,,,,,,,,,,,,,,,,,,,,,,,,,,,,,206.9,96.4,68.966666667,32.133333333,115,55,4,4
039,CT,B,S,4,14.1,365,25,7,57,41,2,-15,1.5,1,0,0,30,803,72,14,110.7,84.3,64.5,65.5,73.9,70.1,67.4,82,96.9,114.6,104.6,80.9,53.8,24.1,,,,,,,,,,,,,,,,,,,,,,,,,,,,,,,,,,,,,,,,,,,,,,,,,,,,,,,,,,,,,,,,,,,,,,,,,,,,,62.1,61.4,77.9,92.1,92,62.6,45,16.7,9.8,34.9,42,51,68,83,,,,,,,,,,,,,,,,,,,,,,,,,,,,,,,,,,,,,,,,,,,,,,,,,,,,,,,,,,,,,,,,,,,,,,,,,,,,,CUE,O,,2008,3,7,03/14/08,25.886524823,26.328246507,26.328246507,,,,,65.5,73.9,70.1,67.4,82,96.9,114.6,104.6,80.9,53.8,24.1,,,,,,,,,,,,,,,,,,,,,,,,,,,,,,,,,,,,,,,,,,,,,,,,,,,,,,,,,,,,,,,,,,,,,,,,,,,,,,,,92.1,92,62.6,45,16.7,9.8,34.9,42,51,68,83,,,,,,,,,,,,,,,,,,,,,,,,,,,,,,,,,,,,,,,,,,,,,,,,,,,,,,,,,,,,,,,,,,,,,,,,,,,,,833.8,597.1,75.8,54.281818182,115,55,4,4
040,CT,B,E,3,4.3,133,47,4,42,19,39,-32,1.5,1,0,0,30,803,72,4,126.5,113.6,76.7,28.5,,,,,,,,,,,,,,,,,,,,,,,,,,,,,,,,,,,,,,,,,,,,,,,,,,,,,,,,,,,,,,,,,,,,,,,,,,,,,,,,,,,,,,,60,59.4,62.4,78.1,,,,,,,,,,,,,,,,,,,,,,,,,,,,,,,,,,,,,,,,,,,,,,,,,,,,,,,,,,,,,,,,,,,,,,,,,,,,,,,,,,,,,,,CUE,O,,2008,4,7,03/14/08,30.930232558,26.328246507,26.328246507,,,,,,,,,,,,,,,,,,,,,,,,,,,,,,,,,,,,,,,,,,,,,,,,,,,,,,,,,,,,,,,,,,,,,,,,,,,,,,,,,,,,,,,,,,,,,,,,,,,,,,,,,,,,,,,,,,,,,,,,,,,,,,,,,,,,,,,,,,,,,,,,,,,,,,,,,,,,,,,,,,,,,,,,,,,,,,,,,,,,,,0,0,0,0,115,55,4,4
041,CT,B,W,2,4.8,122,19,54,59,29,12,-33,1.5,0,0,0,30,803,72,4,118,105.4,76.1,43.8,,,,,,,,,,,,,,,,,,,,,,,,,,,,,,,,,,,,,,,,,,,,,,,,,,,,,,,,,,,,,,,,,,,,,,,,,,,,,,,,,,,,,,,45.8,36.8,38.9,61.4,,,,,,,,,,,,,,,,,,,,,,,,,,,,,,,,,,,,,,,,,,,,,,,,,,,,,,,,,,,,,,,,,,,,,,,,,,,,,,,,,,,,,,,CUE,O,,2008,5,7,03/14/08,25.416666667,26.328246507,26.328246507,,,,,43.8,,,,,,,,,,,,,,,,,,,,,,,,,,,,,,,,,,,,,,,,,,,,,,,,,,,,,,,,,,,,,,,,,,,,,,,,,,,,,,,,,,,,,,,,,,61.4,,,,,,,,,,,,,,,,,,,,,,,,,,,,,,,,,,,,,,,,,,,,,,,,,,,,,,,,,,,,,,,,,,,,,,,,,,,,,,,,,,,,,,,43.8,61.4,43.8,61.4,115,55,4,4
042,CT,B,S,1,10.3,248,0,64,36,44,20,-40,1.5,0,0,0,30,803,72,10,110.6,94.3,90.9,97.8,92.9,97.9,100.4,88.8,71,35.1,,,,,,,,,,,,,,,,,,,,,,,,,,,,,,,,,,,,,,,,,,,,,,,,,,,,,,,,,,,,,,,,,,,,,,,,,,,,,,,,,43.4,13.5,18.2,40.3,53.9,72.4,86,85.3,77.5,76.8,,,,,,,,,,,,,,,,,,,,,,,,,,,,,,,,,,,,,,,,,,,,,,,,,,,,,,,,,,,,,,,,,,,,,,,,,,,,,,,,,CUE,O,,2008,6,7,03/14/08,24.077669903,26.328246507,26.328246507,,,,,97.8,92.9,97.9,100.4,88.8,71,35.1,,,,,,,,,,,,,,,,,,,,,,,,,,,,,,,,,,,,,,,,,,,,,,,,,,,,,,,,,,,,,,,,,,,,,,,,,,,,,,,,,,,,40.3,53.9,72.4,86,85.3,77.5,76.8,,,,,,,,,,,,,,,,,,,,,,,,,,,,,,,,,,,,,,,,,,,,,,,,,,,,,,,,,,,,,,,,,,,,,,,,,,,,,,,,,583.9,492.2,83.414285714,70.314285714,115,55,4,4
049,CT,B,N,3,7.5,188,0,24,48,37,15,-38,1.5,0,0,0,30,803,94,7,111.5,103.7,86.3,57.8,30.9,23.6,15.9,,,,,,,,,,,,,,,,,,,,,,,,,,,,,,,,,,,,,,,,,,,,,,,,,,,,,,,,,,,,,,,,,,,,,,,,,,,,,,,,,,,,60.3,48.5,32.7,39.8,67.1,95.3,110,,,,,,,,,,,,,,,,,,,,,,,,,,,,,,,,,,,,,,,,,,,,,,,,,,,,,,,,,,,,,,,,,,,,,,,,,,,,,,,,,,,,CUE,O,,2008,1,7,03/14/08,25.066666667,20.759853142,20.759853142,,,,,,,23.6,15.9,,,,,,,,,,,,,,,,,,,,,,,,,,,,,,,,,,,,,,,,,,,,,,,,,,,,,,,,,,,,,,,,,,,,,,,,,,,,,,,,,,,,,,,,,95.3,110,,,,,,,,,,,,,,,,,,,,,,,,,,,,,,,,,,,,,,,,,,,,,,,,,,,,,,,,,,,,,,,,,,,,,,,,,,,,,,,,,,,,39.5,205.3,19.75,102.65,115,55,6,6
050,CT,B,E,4,5.5,142,0,30,62,12,26,-26,1.5,0,0,0,30,803,94,5,122.9,109.4,81.8,52.2,25.4,,,,,,,,,,,,,,,,,,,,,,,,,,,,,,,,,,,,,,,,,,,,,,,,,,,,,,,,,,,,,,,,,,,,,,,,,,,,,,,,,,,,,,63.6,49,35.1,45.6,73.2,,,,,,,,,,,,,,,,,,,,,,,,,,,,,,,,,,,,,,,,,,,,,,,,,,,,,,,,,,,,,,,,,,,,,,,,,,,,,,,,,,,,,,CUE,O,,2008,2,7,03/14/08,25.818181818,20.759853142,20.759853142,,,,,,,,,,,,,,,,,,,,,,,,,,,,,,,,,,,,,,,,,,,,,,,,,,,,,,,,,,,,,,,,,,,,,,,,,,,,,,,,,,,,,,,,,,,,,,,,,,,,,,,,,,,,,,,,,,,,,,,,,,,,,,,,,,,,,,,,,,,,,,,,,,,,,,,,,,,,,,,,,,,,,,,,,,,,,,,,,,,,,,0,0,0,0,115,55,6,6
051,CT,B,S,4,27.5,558,18,24,39,17,44,-34,1.5,1,1,0,30,803,94,27,117.4,105.5,93,71.5,47.5,27,18.3,21.3,37.5,60.6,78.5,75.5,75.9,77.7,89.5,101.1,110.4,121,127.8,132,132.1,115.2,92.7,69.7,51,33.9,19,,,,,,,,,,,,,,,,,,,,,,,,,,,,,,,,,,,,,,,,,,,,,,,,,,,,,,,,,,,,,,,,61.3,62.1,51.7,50.9,57.1,69.1,80.7,89.1,90.2,101.1,111.1,112.4,109.9,104.8,99.2,90.2,80.8,70.8,61.1,51,42.2,20.5,10.1,34.6,66.3,82.8,95.9,,,,,,,,,,,,,,,,,,,,,,,,,,,,,,,,,,,,,,,,,,,,,,,,,,,,,,,,,,,,,,,,CUE,O,,2008,3,7,03/14/08,20.290909091,20.759853142,20.759853142,,,,,,,27,18.3,21.3,37.5,60.6,78.5,75.5,75.9,77.7,89.5,101.1,110.4,121,127.8,132,132.1,115.2,92.7,69.7,51,33.9,19,,,,,,,,,,,,,,,,,,,,,,,,,,,,,,,,,,,,,,,,,,,,,,,,,,,,,,,,,,,,,,,,,,,,,69.1,80.7,89.1,90.2,101.1,111.1,112.4,109.9,104.8,99.2,90.2,80.8,70.8,61.1,51,42.2,20.5,10.1,34.6,66.3,82.8,95.9,,,,,,,,,,,,,,,,,,,,,,,,,,,,,,,,,,,,,,,,,,,,,,,,,,,,,,,,,,,,,,,,1667.7,1673.9,75.804545455,76.086363636,115,55,6,6
052,CT,B,E,3,25.4,436,21,4,13,23,64,2,1.5,0,0,0,30,803,94,25,123.3,121.9,122.3,111.4,97,87.7,91.4,103.3,121.7,132,128.3,127.3,130.2,129.7,128.4,124.3,117.2,108.6,98.4,86.5,72.2,51.7,38.1,30.6,15.8,,,,,,,,,,,,,,,,,,,,,,,,,,,,,,,,,,,,,,,,,,,,,,,,,,,,,,,,,,,,,,,,,,56.1,54.9,54.7,50.5,35.7,20.5,5.9,8.9,28.2,38.4,34.4,33.1,37,42.5,53.7,65.4,76.3,89,102,110.7,117.9,117.1,112.8,112.6,104.1,,,,,,,,,,,,,,,,,,,,,,,,,,,,,,,,,,,,,,,,,,,,,,,,,,,,,,,,,,,,,,,,,,CUE,O,,2008,4,7,03/14/08,17.165354331,20.759853142,20.759853142,,,,,,,87.7,91.4,103.3,121.7,132,128.3,127.3,130.2,129.7,128.4,124.3,117.2,108.6,98.4,86.5,72.2,51.7,38.1,30.6,15.8,,,,,,,,,,,,,,,,,,,,,,,,,,,,,,,,,,,,,,,,,,,,,,,,,,,,,,,,,,,,,,,,,,,,,,,20.5,5.9,8.9,28.2,38.4,34.4,33.1,37,42.5,53.7,65.4,76.3,89,102,110.7,117.9,117.1,112.8,112.6,104.1,,,,,,,,,,,,,,,,,,,,,,,,,,,,,,,,,,,,,,,,,,,,,,,,,,,,,,,,,,,,,,,,,,1923.4,1310.5,96.17,65.525,115,55,6,6
053,CT,B,W,2,19.7,390,28,37,6,5,89,-86,1.5,1,0,0,30,803,94,19,126.1,125.2,130.5,131.5,130.2,126.9,123.4,118.2,111.8,104.6,96.1,87.4,77.4,67.7,58.6,48,42.9,30.8,17.3,,,,,,,,,,,,,,,,,,,,,,,,,,,,,,,,,,,,,,,,,,,,,,,,,,,,,,,,,,,,,,,,,,,,,,,,57.3,49.4,45.3,39.3,35.4,38.9,50.1,61.9,70.1,80.6,94,104.4,115.7,123.6,129.8,132.5,135.2,125,103.4,,,,,,,,,,,,,,,,,,,,,,,,,,,,,,,,,,,,,,,,,,,,,,,,,,,,,,,,,,,,,,,,,,,,,,,,CUE,O,,2008,5,7,03/14/08,19.796954315,20.759853142,20.759853142,,,,,,,126.9,123.4,118.2,111.8,104.6,96.1,87.4,77.4,67.7,58.6,48,42.9,30.8,17.3,,,,,,,,,,,,,,,,,,,,,,,,,,,,,,,,,,,,,,,,,,,,,,,,,,,,,,,,,,,,,,,,,,,,,,,,,,,,,38.9,50.1,61.9,70.1,80.6,94,104.4,115.7,123.6,129.8,132.5,135.2,125,103.4,,,,,,,,,,,,,,,,,,,,,,,,,,,,,,,,,,,,,,,,,,,,,,,,,,,,,,,,,,,,,,,,,,,,,,,,1111.1,1365.2,79.364285714,97.514285714,115,55,6,6
054,CT,B,S,1,19,312,0,34,19,25,56,-90,1.5,0,1,0,30,803,94,18,121.3,123.3,125.1,122.8,118.9,108.3,94,80.1,69.7,71.8,82.2,84.8,78.1,69,57.7,48.6,40.8,35.3,,,,,,,,,,,,,,,,,,,,,,,,,,,,,,,,,,,,,,,,,,,,,,,,,,,,,,,,,,,,,,,,,,,,,,,,,57,51.9,51.6,45.8,40.1,29,18.1,16.2,39.9,67.5,91.9,101.8,105.7,113.1,119.6,122.6,122.3,122.1,,,,,,,,,,,,,,,,,,,,,,,,,,,,,,,,,,,,,,,,,,,,,,,,,,,,,,,,,,,,,,,,,,,,,,,,,CUE,O,,2008,6,7,03/14/08,16.421052632,20.759853142,20.759853142,,,,,,,108.3,94,80.1,69.7,71.8,82.2,84.8,78.1,69,57.7,48.6,40.8,35.3,,,,,,,,,,,,,,,,,,,,,,,,,,,,,,,,,,,,,,,,,,,,,,,,,,,,,,,,,,,,,,,,,,,,,,,,,,,,,,29,18.1,16.2,39.9,67.5,91.9,101.8,105.7,113.1,119.6,122.6,122.3,122.1,,,,,,,,,,,,,,,,,,,,,,,,,,,,,,,,,,,,,,,,,,,,,,,,,,,,,,,,,,,,,,,,,,,,,,,,,920.4,1069.8,70.8,82.292307692,115,55,6,6
001,01,B,S,2,85.1,2380,29,27,2,13,85,57,1.5,1,0,0,90,803,59,85,50.9,46,43.5,54.6,66.2,73.6,78.8,74.5,66.7,57.7,47.4,60.6,100.6,125.3,122.7,127.9,131.9,126.6,115.7,98.9,78.8,63,51.8,36.9,33.2,49.9,49.4,55.1,75.9,98.4,109.8,121.2,127.5,130.4,132.2,129.6,125.5,115.5,100.2,85.4,65.4,47.9,45.8,55.7,74,89.9,95.2,100.6,116.4,117.4,114.3,128.2,131.4,127.7,119.2,96.1,78.4,74.4,61.7,45.5,36.2,47.3,68.5,84.5,86.4,89.9,110.8,127.3,126.6,125,122.1,110.3,101.3,107.3,108,97.1,84.5,66.6,54.1,43.8,43.1,45.1,45,27,19.4,,,,,,127.1,139.4,137.3,137.2,129.2,121.1,121.4,120.9,126.9,124.2,101.6,65.5,44.9,48.6,42.2,34.4,48.3,65.7,83.9,102.7,117.8,123.2,132.6,128.6,125.6,135.6,132.8,120.4,110.6,99.5,79.8,57.5,43.3,36.1,43.8,56.2,69.4,81.7,99.9,113.7,125.2,136.7,138.8,132.7,123.9,109.1,97.9,79,65.9,51.4,27.4,36.3,44.9,52.5,67.1,73.4,95.5,119.7,124,131.6,130.5,130.7,126,108.6,83.4,52,38.5,42.1,37.6,30.6,34.5,41.6,58.8,86.3,97,102.4,110.2,118,130.8,136.7,137.3,138.1,136.8,121.3,100.2,,,,,,FS,Y,,2008,1,0,03/06/08,27.967097532,27.097235932,27.097235932,27.097235932,,46,43.5,54.6,66.2,73.6,78.8,74.5,66.7,57.7,47.4,60.6,100.6,125.3,122.7,127.9,131.9,126.6,115.7,98.9,78.8,63,51.8,36.9,33.2,49.9,49.4,55.1,75.9,98.4,109.8,121.2,127.5,130.4,132.2,129.6,125.5,115.5,100.2,85.4,65.4,47.9,45.8,55.7,74,89.9,95.2,100.6,116.4,117.4,114.3,128.2,131.4,127.7,119.2,96.1,78.4,74.4,61.7,45.5,36.2,47.3,68.5,84.5,86.4,89.9,110.8,127.3,126.6,125,122.1,110.3,101.3,107.3,108,97.1,84.5,66.6,54.1,43.8,43.1,45.1,45,27,19.4,,,,,,,139.4,137.3,137.2,129.2,121.1,121.4,120.9,126.9,124.2,101.6,65.5,44.9,48.6,42.2,34.4,48.3,65.7,83.9,102.7,117.8,123.2,132.6,128.6,125.6,135.6,132.8,120.4,110.6,99.5,79.8,57.5,43.3,36.1,43.8,56.2,69.4,81.7,99.9,113.7,125.2,136.7,138.8,132.7,123.9,109.1,97.9,79,65.9,51.4,27.4,36.3,44.9,52.5,67.1,73.4,95.5,119.7,124,131.6,130.5,130.7,126,108.6,83.4,52,38.5,42.1,37.6,30.6,34.5,41.6,58.8,86.3,97,102.4,110.2,118,130.8,136.7,137.3,138.1,136.8,121.3,100.2,,,,,,7151.3,7866.5,85.13452381,93.648809524,55,115,2,2
010,01,B,S,2,40.4,1300,15,35,16,15,69,-85,1.5,1,0,0,90,803,67,40,56.4,61.8,100.7,120.9,129.9,132.8,131.3,125.7,115.3,102.3,86.1,71.2,56.1,47.8,37.4,47.5,63.2,86.4,95.6,98.3,95,65.6,64.2,105.5,129.9,124.3,114,94,56.3,54,92.8,124.7,127.2,130.3,131.2,124.6,109.9,89.3,54.4,14.9,,,,,,,,,,,,,,,,,,,,,,,,,,,,,,,,,,,,,,,,,,,,,,,,,,,120.7,111.3,99.4,82.2,60,44.6,37.4,50.7,72,86.4,101.8,115.6,125.2,131.5,130.6,134,126.4,114.2,104.2,100.8,100.1,86.5,49.9,34.1,57.5,61,77.6,80.2,62.1,46,39.6,46.1,39.5,36,39.4,39.3,43,57.6,70.3,91.2,,,,,,,,,,,,,,,,,,,,,,,,,,,,,,,,,,,,,,,,,,,,,,,,,,,FS,Y,,2008,1,0,03/06/08,32.178217822,27.575044071,27.575044071,27.575044071,,61.8,100.7,120.9,129.9,132.8,131.3,125.7,115.3,102.3,86.1,71.2,56.1,47.8,37.4,47.5,63.2,86.4,95.6,98.3,95,65.6,64.2,105.5,129.9,124.3,114,94,56.3,54,92.8,124.7,127.2,130.3,131.2,124.6,109.9,89.3,54.4,14.9,,,,,,,,,,,,,,,,,,,,,,,,,,,,,,,,,,,,,,,,,,,,,,,,,,,,111.3,99.4,82.2,60,44.6,37.4,50.7,72,86.4,101.8,115.6,125.2,131.5,130.6,134,126.4,114.2,104.2,100.8,100.1,86.5,49.9,34.1,57.5,61,77.6,80.2,62.1,46,39.6,46.1,39.5,36,39.4,39.3,43,57.6,70.3,91.2,,,,,,,,,,,,,,,,,,,,,,,,,,,,,,,,,,,,,,,,,,,,,,,,,,,3612.4,2985.3,92.625641026,76.546153846,55,115,2,2
022,01,B,S,2,89.3,2026,55,12,7,33,60,27,1.5,1,0,0,90,803,82,89,56.4,47.9,47.4,46.9,40.7,31.9,26.8,25.3,26.5,25.7,31.8,39.1,30.5,31.1,31.2,43.8,61.5,57.2,53,48.6,54.6,76.8,101.9,102.2,98,108,125,122.2,115,106.8,78.6,45.7,40,48.4,43,33.7,29.7,36.4,40.3,37,51.8,49.5,46.3,44.8,33.3,40,41.1,41.5,62.5,65.7,60.5,53,69.8,99.1,106.7,99.5,92.6,68.2,54.8,55.3,50.2,44.6,40.2,42.3,45,60.8,69.4,76.4,97.1,122.8,130.1,132.6,132.3,128.4,121.8,112.9,101.2,90.3,79.7,66.1,49.3,40.8,42.4,51.7,58.7,54.9,40.5,23.9,8.1,,121.5,117.4,112.4,110,108.7,108.8,109.6,112.4,118.9,119.1,126.4,133.9,125.7,126.3,125.6,123.8,124.5,111.2,86.6,59,46.1,65,91.5,84.7,71.3,53.2,50.6,45.4,37.9,32.1,41.5,77.7,117.3,133.8,124.5,115.1,115.9,130.1,134.7,129.8,132,129.9,128,129.7,124.2,134.8,134.9,127.6,130.9,125.2,113.9,93.5,75,80.9,87.4,82.8,83.5,89.9,118.2,131.4,133.5,136.4,135,131.7,123.2,122.5,120.5,107.1,88.9,76.1,60.4,47.3,38.4,43.2,57.6,73.9,90.9,105.3,115.9,127.9,132.7,132,135.8,132.2,126,122.3,119.6,107.2,91.4,,FS,Y,,2008,1,0,03/06/08,22.687569989,22.515111359,22.515111359,22.515111359,,47.9,47.4,46.9,40.7,31.9,26.8,25.3,26.5,25.7,31.8,39.1,30.5,31.1,31.2,43.8,61.5,57.2,53,48.6,54.6,76.8,101.9,102.2,98,108,125,122.2,115,106.8,78.6,45.7,40,48.4,43,33.7,29.7,36.4,40.3,37,51.8,49.5,46.3,44.8,33.3,40,41.1,41.5,62.5,65.7,60.5,53,69.8,99.1,106.7,99.5,92.6,68.2,54.8,55.3,50.2,44.6,40.2,42.3,45,60.8,69.4,76.4,97.1,122.8,130.1,132.6,132.3,128.4,121.8,112.9,101.2,90.3,79.7,66.1,49.3,40.8,42.4,51.7,58.7,54.9,40.5,23.9,8.1,,,117.4,112.4,110,108.7,108.8,109.6,112.4,118.9,119.1,126.4,133.9,125.7,126.3,125.6,123.8,124.5,111.2,86.6,59,46.1,65,91.5,84.7,71.3,53.2,50.6,45.4,37.9,32.1,41.5,77.7,117.3,133.8,124.5,115.1,115.9,130.1,134.7,129.8,132,129.9,128,129.7,124.2,134.8,134.9,127.6,130.9,125.2,113.9,93.5,75,80.9,87.4,82.8,83.5,89.9,118.2,131.4,133.5,136.4,135,131.7,123.2,122.5,120.5,107.1,88.9,76.1,60.4,47.3,38.4,43.2,57.6,73.9,90.9,105.3,115.9,127.9,132.7,132,135.8,132.2,126,122.3,119.6,107.2,91.4,,5540.7,9147.1,62.9625,103.94431818,55,115,2,2
028,01,B,S,2,47.6,1097,26,36,10,24,66,65,1.5,1,0,0,90,803,99,47,56.6,54,55.6,54.4,48.7,35.8,43,40.2,49.1,75.4,79.1,83.9,100.2,117.6,121.4,121.4,121.4,108.4,98.8,92,63.7,49.5,32.9,53.9,75.9,99,107.4,115.9,117.8,115.9,109,90.1,80.3,108,126.7,126.7,126.7,126.7,126.7,126.7,123.6,103,89.6,99.3,90.7,65.8,32.9,,,,,,,,,,,,,,,,,,,,,,,,,,,,,,,,,,,,,,,,,,,,123.9,117.6,123.2,131.3,129.9,126.4,136.8,131.4,119.8,126.6,118.3,96.6,70.8,61.3,54.4,54.4,54.4,59.1,93.3,105.1,119.4,134.1,125.5,123.6,107.4,96.9,82.2,67.1,65,59.7,45.2,25.7,19.3,36.3,47.7,47.7,47.7,47.7,47.7,47.7,41.4,17.9,52.1,80.9,92.2,82.9,80.4,,,,,,,,,,,,,,,,,,,,,,,,,,,,,,,,,,,,,,,,,,,,FS,Y,,2008,1,0,03/06/08,23.046218487,24.481734183,24.481734183,24.481734183,,54,55.6,54.4,48.7,35.8,43,40.2,49.1,75.4,79.1,83.9,100.2,117.6,121.4,121.4,121.4,108.4,98.8,92,63.7,49.5,32.9,53.9,75.9,99,107.4,115.9,117.8,115.9,109,90.1,80.3,108,126.7,126.7,126.7,126.7,126.7,126.7,123.6,103,89.6,99.3,90.7,65.8,32.9,,,,,,,,,,,,,,,,,,,,,,,,,,,,,,,,,,,,,,,,,,,,,117.6,123.2,131.3,129.9,126.4,136.8,131.4,119.8,126.6,118.3,96.6,70.8,61.3,54.4,54.4,54.4,59.1,93.3,105.1,119.4,134.1,125.5,123.6,107.4,96.9,82.2,67.1,65,59.7,45.2,25.7,19.3,36.3,47.7,47.7,47.7,47.7,47.7,47.7,41.4,17.9,52.1,80.9,92.2,82.9,80.4,,,,,,,,,,,,,,,,,,,,,,,,,,,,,,,,,,,,,,,,,,,,4084.8,3752.1,88.8,81.567391304,55,115,2,2
004,01,A,E,2,5.6,101,85,3,25,34,41,-19,1.5,1,0,0,90,803,29,5,65,55.3,42.3,34.8,19.6,,,,,,,,,,,,,,,,,,,,,,,,,,,,,,,,,,,,,,,,,,,,,,,,,,,,,,,,,,,,,,,,,,,,,,,,,,,,,,,,,,,,,,128.3,124.4,115.1,102.3,101,,,,,,,,,,,,,,,,,,,,,,,,,,,,,,,,,,,,,,,,,,,,,,,,,,,,,,,,,,,,,,,,,,,,,,,,,,,,,,,,,,,,,,TT,Y,,2008,1,1,03/06/08,18.035714286,28.690704262,28.585196906,29.218241042,,55.3,42.3,34.8,19.6,,,,,,,,,,,,,,,,,,,,,,,,,,,,,,,,,,,,,,,,,,,,,,,,,,,,,,,,,,,,,,,,,,,,,,,,,,,,,,,,,,,,,,,124.4,115.1,102.3,101,,,,,,,,,,,,,,,,,,,,,,,,,,,,,,,,,,,,,,,,,,,,,,,,,,,,,,,,,,,,,,,,,,,,,,,,,,,,,,,,,,,,,,152,442.8,38,110.7,55,115,2,2
005,01,A,W,2,5.7,158,28,12,50,21,29,57,1.5,1,0,0,90,803,29,5,124.4,108.4,81.7,58,26.4,,,,,,,,,,,,,,,,,,,,,,,,,,,,,,,,,,,,,,,,,,,,,,,,,,,,,,,,,,,,,,,,,,,,,,,,,,,,,,,,,,,,,,65.4,69.5,64.1,86.5,90.2,,,,,,,,,,,,,,,,,,,,,,,,,,,,,,,,,,,,,,,,,,,,,,,,,,,,,,,,,,,,,,,,,,,,,,,,,,,,,,,,,,,,,,TT,Y,,2008,2,1,03/06/08,27.719298246,28.690704262,28.585196906,29.218241042,,,,58,26.4,,,,,,,,,,,,,,,,,,,,,,,,,,,,,,,,,,,,,,,,,,,,,,,,,,,,,,,,,,,,,,,,,,,,,,,,,,,,,,,,,,,,,,,,,86.5,90.2,,,,,,,,,,,,,,,,,,,,,,,,,,,,,,,,,,,,,,,,,,,,,,,,,,,,,,,,,,,,,,,,,,,,,,,,,,,,,,,,,,,,,,84.4,176.7,42.2,88.35,115,55,4,4
006,01,A,N,2,72.1,2294,32,29,17,24,59,21,1.5,1,0,0,90,803,29,72,105.9,90.7,107.1,127.7,114,80,35.8,35.4,46.7,44.5,54,72.2,95.7,111.5,122.7,129.9,132.5,131.4,125.9,117.1,104.9,92.4,78.3,62.4,48.4,42.5,39,52.8,69.2,86.3,96.6,122.1,124.7,131.5,129.8,126.3,123.1,102.4,81.6,70.4,62.8,42.9,39.1,30.9,50.5,59.4,51.8,26.4,24.3,43.4,37.9,49.3,74.6,91.9,86,90.3,109.4,129.4,123,117,108.3,85.3,57.7,55.5,57.1,46,20.5,25.2,46.1,45.9,29.3,9.2,,,,,,,,,,,,,,,,,,,47,22.4,33.6,63.8,52.5,52.4,84.9,128.5,141,135.2,130.9,121.8,109.2,95.1,77.9,59.1,43.2,37,49.8,67,86.5,104,118.4,130.4,135.8,137.2,131.8,128.9,117,104.6,75.9,74,62.7,47.7,35.6,38.2,44.1,47.1,76.6,110.6,128.9,131.9,133.8,110,79.5,56.5,62.7,86,118.3,138.4,126,108.8,104.4,105.7,89.1,63.6,43.2,54,37.9,28.5,38.7,52.7,86.2,123.8,133.6,130.3,114.4,83.6,52.7,49.4,66,94.4,,,,,,,,,,,,,,,,,,,TT,Y,,2008,3,1,03/06/08,31.816920943,28.690704262,28.585196906,29.218241042,,,,127.7,114,80,35.8,35.4,46.7,44.5,54,72.2,95.7,111.5,122.7,129.9,132.5,131.4,125.9,117.1,104.9,92.4,78.3,62.4,48.4,42.5,39,52.8,69.2,86.3,96.6,122.1,124.7,131.5,129.8,126.3,123.1,102.4,81.6,70.4,62.8,42.9,39.1,30.9,50.5,59.4,51.8,26.4,24.3,43.4,37.9,49.3,74.6,91.9,86,90.3,109.4,129.4,123,117,108.3,85.3,57.7,55.5,57.1,46,20.5,25.2,46.1,45.9,29.3,9.2,,,,,,,,,,,,,,,,,,,,,,63.8,52.5,52.4,84.9,128.5,141,135.2,130.9,121.8,109.2,95.1,77.9,59.1,43.2,37,49.8,67,86.5,104,118.4,130.4,135.8,137.2,131.8,128.9,117,104.6,75.9,74,62.7,47.7,35.6,38.2,44.1,47.1,76.6,110.6,128.9,131.9,133.8,110,79.5,56.5,62.7,86,118.3,138.4,126,108.8,104.4,105.7,89.1,63.6,43.2,54,37.9,28.5,38.7,52.7,86.2,123.8,133.6,130.3,114.4,83.6,52.7,49.4,66,94.4,,,,,,,,,,,,,,,,,,,5288.1,6089.4,76.639130435,88.252173913,115,55,4,4
004,02,A,S,2,90.1,2825,29,26,5,23,72,27,1.5,0,0,0,90,803,29,90,56.4,44.6,43.3,52.4,73.7,92.5,106.6,117.9,126.1,129.7,130.2,129.4,121.5,106.6,88.6,67,50.1,40.4,45.4,45.2,63,81,77.4,92.4,110.8,107.6,113.7,125.6,125.7,125.6,116.3,95.8,77.8,58,45.6,41.1,43.2,48.4,62.2,77.8,94.5,97.3,80.4,53.1,45.4,78.2,105.3,114.6,127.5,131.3,130,125.6,120.2,106.2,85,68.8,58,45.2,42.9,50.5,62.3,84.5,106.2,111.5,120.5,125,106.9,78,37.4,19,42.6,46.4,57.6,74.2,74.3,83.1,86,89.8,108.2,117.8,111.9,102.9,92.4,74.5,61.9,58.6,57.9,43.1,35.8,45.4,115.6,119.4,137,135.5,124.6,106.3,85.6,64.2,46.4,36.4,39.8,58.7,74.3,85.2,107.7,123.3,133.5,134.2,138.1,128.2,117.4,116.1,93.2,72.6,74,57.8,36.4,32.1,32.2,47.4,61,80.8,106.9,127.2,135.9,135.7,136.9,134.3,124.7,106.5,90.2,77.3,64,52.3,65.4,91.3,97.2,79.7,63.2,47.8,37.2,34.1,46.6,62,83.4,110.2,129.9,135.3,136.8,133.5,121.4,106.7,93.5,75,55.9,51.5,28.7,22.2,59,103.2,134.7,133.2,127,126,117.2,105.3,91.2,64.9,38.3,28.5,19.5,40.8,73,98.9,123,130.1,130.4,125.8,130,139.8,TT,Y,,2008,4,1,03/07/08,31.354051054,28.690704262,28.585196906,29.218241042,,44.6,43.3,52.4,73.7,92.5,106.6,117.9,126.1,129.7,130.2,129.4,121.5,106.6,88.6,67,50.1,40.4,45.4,45.2,63,81,77.4,92.4,110.8,107.6,113.7,125.6,125.7,125.6,116.3,95.8,77.8,58,45.6,41.1,43.2,48.4,62.2,77.8,94.5,97.3,80.4,53.1,45.4,78.2,105.3,114.6,127.5,131.3,130,125.6,120.2,106.2,85,68.8,58,45.2,42.9,50.5,62.3,84.5,106.2,111.5,120.5,125,106.9,78,37.4,19,42.6,46.4,57.6,74.2,74.3,83.1,86,89.8,108.2,117.8,111.9,102.9,92.4,74.5,61.9,58.6,57.9,43.1,35.8,45.4,,119.4,137,135.5,124.6,106.3,85.6,64.2,46.4,36.4,39.8,58.7,74.3,85.2,107.7,123.3,133.5,134.2,138.1,128.2,117.4,116.1,93.2,72.6,74,57.8,36.4,32.1,32.2,47.4,61,80.8,106.9,127.2,135.9,135.7,136.9,134.3,124.7,106.5,90.2,77.3,64,52.3,65.4,91.3,97.2,79.7,63.2,47.8,37.2,34.1,46.6,62,83.4,110.2,129.9,135.3,136.8,133.5,121.4,106.7,93.5,75,55.9,51.5,28.7,22.2,59,103.2,134.7,133.2,127,126,117.2,105.3,91.2,64.9,38.3,28.5,19.5,40.8,73,98.9,123,130.1,130.4,125.8,130,139.8,7375.9,8039.6,82.875280899,90.33258427,55,115,2,2
005,02,A,E,2,2,68,100,0,36,47,17,-9,1.5,2,0,0,90,803,29,1,40.6,,,,,,,,,,,,,,,,,,,,,,,,,,,,,,,,,,,,,,,,,,,,,,,,,,,,,,,,,,,,,,,,,,,,,,,,,,,,,,,,,,,,,,,,,,116.5,,,,,,,,,,,,,,,,,,,,,,,,,,,,,,,,,,,,,,,,,,,,,,,,,,,,,,,,,,,,,,,,,,,,,,,,,,,,,,,,,,,,,,,,,,TT,Y,,2008,5,1,03/07/08,34,28.690704262,28.585196906,29.218241042,,,,,,,,,,,,,,,,,,,,,,,,,,,,,,,,,,,,,,,,,,,,,,,,,,,,,,,,,,,,,,,,,,,,,,,,,,,,,,,,,,,,,,,,,,,,,,,,,,,,,,,,,,,,,,,,,,,,,,,,,,,,,,,,,,,,,,,,,,,,,,,,,,,,,,,,,,,,,,,,,,,,,,,,,,,,,,,,,,,,,0,0,0,0,55,115,2,2
006,02,A,W,2,30.7,897,47,19,36,39,25,10,1.5,1,0,0,90,803,29,30,112.8,93.9,65.1,27.8,13.1,22.3,24.1,31.5,37.2,34.3,22.3,24.1,33.6,41.6,45.4,63.4,101.8,121.9,123.2,129,124.7,95.8,57,21.8,33.4,38.7,26.2,49.8,87.9,105.2,,,,,,,,,,,,,,,,,,,,,,,,,,,,,,,,,,,,,,,,,,,,,,,,,,,,,,,,,,,,,52.4,49.7,58.3,80.4,104.8,101.7,79.8,65.3,61.9,74.8,90.9,101,114.1,123.4,111.2,89.5,78.8,70,42.7,34.3,32.4,28.9,53.5,90,127.6,133.4,116.8,103.4,94,80.4,,,,,,,,,,,,,,,,,,,,,,,,,,,,,,,,,,,,,,,,,,,,,,,,,,,,,,,,,,,,,FS,Y,,2008,6,1,03/07/08,29.218241042,28.690704262,28.585196906,29.218241042,,,,27.8,13.1,22.3,24.1,31.5,37.2,34.3,22.3,24.1,33.6,41.6,45.4,63.4,101.8,121.9,123.2,129,124.7,95.8,57,21.8,33.4,38.7,26.2,49.8,87.9,105.2,,,,,,,,,,,,,,,,,,,,,,,,,,,,,,,,,,,,,,,,,,,,,,,,,,,,,,,,,,,,,,,,80.4,104.8,101.7,79.8,65.3,61.9,74.8,90.9,101,114.1,123.4,111.2,89.5,78.8,70,42.7,34.3,32.4,28.9,53.5,90,127.6,133.4,116.8,103.4,94,80.4,,,,,,,,,,,,,,,,,,,,,,,,,,,,,,,,,,,,,,,,,,,,,,,,,,,,,,,,,,,,,1537.1,2285,56.92962963,84.62962963,115,55,4,4
007,01,A,E,2,7.8,183,48,2,23,42,35,39,1.5,1,0,0,90,803,35,7,62.3,63.6,52,40.1,17.3,28.6,24.7,,,,,,,,,,,,,,,,,,,,,,,,,,,,,,,,,,,,,,,,,,,,,,,,,,,,,,,,,,,,,,,,,,,,,,,,,,,,,,,,,,,,119.6,120.7,107.8,95,97,122.1,119.5,,,,,,,,,,,,,,,,,,,,,,,,,,,,,,,,,,,,,,,,,,,,,,,,,,,,,,,,,,,,,,,,,,,,,,,,,,,,,,,,,,,,TT,Y,,2008,1,1,03/06/08,23.461538462,27.0690972,26.327072484,30.779220779,,63.6,52,40.1,17.3,28.6,24.7,,,,,,,,,,,,,,,,,,,,,,,,,,,,,,,,,,,,,,,,,,,,,,,,,,,,,,,,,,,,,,,,,,,,,,,,,,,,,,,,,,,,,120.7,107.8,95,97,122.1,119.5,,,,,,,,,,,,,,,,,,,,,,,,,,,,,,,,,,,,,,,,,,,,,,,,,,,,,,,,,,,,,,,,,,,,,,,,,,,,,,,,,,,,226.3,662.1,37.716666667,110.35,55,115,2,2
008,01,A,W,2,90.1,2620,26,27,4,11,85,13,1.5,0,1,0,90,803,35,90,122.3,105.7,70.5,81.4,117.2,132.5,131.9,126.3,114.2,94.9,69,48.9,45.7,49.1,48.2,43.7,69.1,113.6,132.7,130.8,127.7,120.4,109.1,95.4,81.1,68.1,56.8,46.8,44.1,53.5,67.1,88.7,109.7,120.9,118,120.1,132.5,130.8,129.3,122.9,113.2,104,99.4,93.9,82,66.1,53.1,44.3,47.8,55.9,61,68.5,77.7,99.2,117.4,125.2,128.2,125.5,118.4,103.3,78.3,67.7,56.1,46.6,37.6,45.8,48.3,48.7,65.9,98.6,117.7,121.8,128.3,131.5,128.6,122.9,123.2,115.9,103.1,86.6,63.6,48.6,43.8,43.2,41.9,42.2,61.6,94.2,113,111.3,59.4,55.9,50.9,32.4,32.3,43.7,48.8,64.4,87.1,107.5,123.3,135.4,139.3,129.2,111.3,78.5,29.2,23.7,40.6,36.2,45.6,62.2,81,100,116.7,127.2,130.5,136.5,137.6,132.6,124.4,112,96.4,81.9,66.2,46,43.4,37.1,40.4,57.5,73.2,87.5,96.8,101.2,111.2,122.8,135.3,138.4,136.5,130.8,127.7,123.2,112.9,101.6,87.3,73.3,66.4,63.8,63,69.9,92.2,120.5,128.3,134.9,132,134.2,131.1,114.2,90,73.9,67.4,53,41.5,36.7,35.5,44.8,71.2,81.9,98.4,112.2,122.8,135.4,138.6,137.2,127.8,108.4,85.9,75.3,80.4,79.7,TT,Y,,2008,2,1,03/06/08,29.078801332,27.0690972,26.327072484,30.779220779,,,,81.4,117.2,132.5,131.9,126.3,114.2,94.9,69,48.9,45.7,49.1,48.2,43.7,69.1,113.6,132.7,130.8,127.7,120.4,109.1,95.4,81.1,68.1,56.8,46.8,44.1,53.5,67.1,88.7,109.7,120.9,118,120.1,132.5,130.8,129.3,122.9,113.2,104,99.4,93.9,82,66.1,53.1,44.3,47.8,55.9,61,68.5,77.7,99.2,117.4,125.2,128.2,125.5,118.4,103.3,78.3,67.7,56.1,46.6,37.6,45.8,48.3,48.7,65.9,98.6,117.7,121.8,128.3,131.5,128.6,122.9,123.2,115.9,103.1,86.6,63.6,48.6,43.8,43.2,41.9,42.2,61.6,94.2,113,111.3,,,,32.4,32.3,43.7,48.8,64.4,87.1,107.5,123.3,135.4,139.3,129.2,111.3,78.5,29.2,23.7,40.6,36.2,45.6,62.2,81,100,116.7,127.2,130.5,136.5,137.6,132.6,124.4,112,96.4,81.9,66.2,46,43.4,37.1,40.4,57.5,73.2,87.5,96.8,101.2,111.2,122.8,135.3,138.4,136.5,130.8,127.7,123.2,112.9,101.6,87.3,73.3,66.4,63.8,63,69.9,92.2,120.5,128.3,134.9,132,134.2,131.1,114.2,90,73.9,67.4,53,41.5,36.7,35.5,44.8,71.2,81.9,98.4,112.2,122.8,135.4,138.6,137.2,127.8,108.4,85.9,75.3,80.4,79.7,7712.9,7946.3,88.654022989,91.336781609,115,55,4,4
009,01,A,N,2,90.1,2405,21,27,1,16,83,46,1.5,0,0,0,90,803,35,90,118,109.2,95.8,72.4,58.1,60.6,63.3,69.6,85,105,117.9,117.5,121.1,122.9,122,107.4,82.5,62.8,52.7,35.9,44.3,55.9,71,79.2,80.9,96,117.2,120.7,125.2,132.6,130.2,120.4,105.3,97.4,87.6,65.9,42.8,43.5,48,60.9,83.2,89.5,88.6,94.5,108.8,112.8,119.4,131.9,128.1,118.8,108.3,108.6,106.9,90.1,64.9,42.6,34.7,46,53.7,64.6,87.6,113.9,115,115.1,111.2,106.4,99.7,93.4,87.7,84.4,75.6,67.8,58.7,52.8,47.2,44.9,43.8,48.7,59.5,76.9,97.2,107.3,113.3,123,128.7,132.1,132.3,130.3,126.5,124.3,47.9,37.1,36.5,60.2,102.2,132.3,128.1,116.1,99.9,80,62.5,44.6,28.8,38.8,60,71.6,87.9,114.7,131.3,128.5,134.2,132.7,127.4,121.4,102.5,77.9,62.3,46.1,33.2,39.6,46.8,59.8,77.1,102,110.5,116.1,124.2,137.5,132.8,122.2,120.5,114.6,106.7,87.5,70.9,50.4,32.1,36.8,34.4,36.7,56.2,83.9,92.9,98.7,112.2,125.7,128.6,126.8,112.7,90.1,69.3,71.9,72.6,74.9,77.7,84.2,93.9,104.5,109.6,112.8,111.4,121.3,132.9,134.8,135.3,138.5,138.2,135.7,129,119.9,109.5,98.9,87,77.4,64.6,49.5,39.4,38.3,48.5,53.2,TT,Y,,2008,3,1,03/06/08,26.692563818,27.0690972,26.327072484,30.779220779,,,,72.4,58.1,60.6,63.3,69.6,85,105,117.9,117.5,121.1,122.9,122,107.4,82.5,62.8,52.7,35.9,44.3,55.9,71,79.2,80.9,96,117.2,120.7,125.2,132.6,130.2,120.4,105.3,97.4,87.6,65.9,42.8,43.5,48,60.9,83.2,89.5,88.6,94.5,108.8,112.8,119.4,131.9,128.1,118.8,108.3,108.6,106.9,90.1,64.9,42.6,34.7,46,53.7,64.6,87.6,113.9,115,115.1,111.2,106.4,99.7,93.4,87.7,84.4,75.6,67.8,58.7,52.8,47.2,44.9,43.8,48.7,59.5,76.9,97.2,107.3,113.3,123,128.7,132.1,132.3,130.3,126.5,124.3,,,,60.2,102.2,132.3,128.1,116.1,99.9,80,62.5,44.6,28.8,38.8,60,71.6,87.9,114.7,131.3,128.5,134.2,132.7,127.4,121.4,102.5,77.9,62.3,46.1,33.2,39.6,46.8,59.8,77.1,102,110.5,116.1,124.2,137.5,132.8,122.2,120.5,114.6,106.7,87.5,70.9,50.4,32.1,36.8,34.4,36.7,56.2,83.9,92.9,98.7,112.2,125.7,128.6,126.8,112.7,90.1,69.3,71.9,72.6,74.9,77.7,84.2,93.9,104.5,109.6,112.8,111.4,121.3,132.9,134.8,135.3,138.5,138.2,135.7,129,119.9,109.5,98.9,87,77.4,64.6,49.5,39.4,38.3,48.5,53.2,7783,7946.9,89.459770115,91.343678161,115,55,4,4
007,02,A,S,2,90.1,2471,41,12,0,6,94,2,1.5,0,0,0,90,803,35,90,60,43.3,34.6,44.3,53.5,67.1,84.1,97.6,105.5,115.3,120.6,115.1,104.9,93.1,80.8,69,58.7,48.6,29.1,28.3,46.5,54.2,81.4,101.7,115.5,125.9,131,132.4,128,121,110.1,96,80.8,66.1,51.8,44.9,43.2,47.3,58.4,68.3,66.9,59.5,49,46.3,50.9,57.3,75.5,89,94.4,105.3,110,105.2,100,90,78,65.3,55.6,46.6,43.9,50.4,57.7,77.5,80.3,80.5,70.7,52.3,46,46.3,53,64.5,76.5,91.5,96.7,100.5,110.3,125.1,128,125.7,118.8,108.5,104.3,91.5,72,55.7,38.8,43.7,51.7,47.7,44.1,44.2,116.4,112.7,125,138.3,137.2,129.1,117.7,100.8,78.8,57.4,61,70.3,88.2,103.7,117.2,127.4,127,119,111.9,122.3,135.5,131,118.8,105.1,89.7,71.3,53.9,39.8,41.6,59.7,80.1,100.5,117.4,129,134.1,135.7,138,136,130.5,123.6,122.1,129.5,136.9,140.6,138.1,131.4,125.7,113.8,105.7,89.4,80.6,83.5,92.6,101.9,118.6,128.8,133.3,137.4,137.8,135.1,128.2,120.5,113.9,116.7,122.2,132.3,140.1,138.7,135.2,130.7,119.2,110,101.6,85,61.3,47.8,38.3,32.5,44.6,68.1,95.5,108.3,121.5,132.7,131.2,135.3,137.2,135.5,136.3,139,TT,Y,,2008,4,1,03/07/08,27.425083241,27.0690972,26.327072484,30.779220779,,43.3,34.6,44.3,53.5,67.1,84.1,97.6,105.5,115.3,120.6,115.1,104.9,93.1,80.8,69,58.7,48.6,29.1,28.3,46.5,54.2,81.4,101.7,115.5,125.9,131,132.4,128,121,110.1,96,80.8,66.1,51.8,44.9,43.2,47.3,58.4,68.3,66.9,59.5,49,46.3,50.9,57.3,75.5,89,94.4,105.3,110,105.2,100,90,78,65.3,55.6,46.6,43.9,50.4,57.7,77.5,80.3,80.5,70.7,52.3,46,46.3,53,64.5,76.5,91.5,96.7,100.5,110.3,125.1,128,125.7,118.8,108.5,104.3,91.5,72,55.7,38.8,43.7,51.7,47.7,44.1,44.2,,112.7,125,138.3,137.2,129.1,117.7,100.8,78.8,57.4,61,70.3,88.2,103.7,117.2,127.4,127,119,111.9,122.3,135.5,131,118.8,105.1,89.7,71.3,53.9,39.8,41.6,59.7,80.1,100.5,117.4,129,134.1,135.7,138,136,130.5,123.6,122.1,129.5,136.9,140.6,138.1,131.4,125.7,113.8,105.7,89.4,80.6,83.5,92.6,101.9,118.6,128.8,133.3,137.4,137.8,135.1,128.2,120.5,113.9,116.7,122.2,132.3,140.1,138.7,135.2,130.7,119.2,110,101.6,85,61.3,47.8,38.3,32.5,44.6,68.1,95.5,108.3,121.5,132.7,131.2,135.3,137.2,135.5,136.3,139,6841.2,9758.5,76.86741573,109.64606742,55,115,2,2
008,02,A,E,2,44.2,1104,27,20,18,21,61,111,1.5,0,1,0,90,803,35,44,78.5,100.1,110.2,114.6,117.7,118.3,124.3,131.4,124.2,110.2,92.6,78.3,65,52.5,47.8,42.2,42.4,43.8,36.5,39.6,65.2,92,95.6,87.3,76.7,77.9,90.1,87.6,72.2,49.8,44.5,44.3,34.9,42.9,61.4,77.3,76.8,74.9,73.6,66.9,69.4,64.4,47.1,17.3,,,,,,,,,,,,,,,,,,,,,,,,,,,,,,,,,,,,,,,,,,,,,,,107.4,94.6,77.8,65.1,49.7,28.8,32.4,48,57.4,74.4,96,115.8,123.1,130.6,135.7,135,136.9,133.4,114.4,85.1,50.9,26.7,13.9,10.8,41.2,79.2,106.6,110.9,114.8,121.1,134.5,138.6,126.5,114.2,104.9,113.8,118.6,123.5,119.9,101.2,82.1,73,67.6,83,,,,,,,,,,,,,,,,,,,,,,,,,,,,,,,,,,,,,,,,,,,,,,,TT,Y,,2008,5,1,03/07/08,24.977375566,27.0690972,26.327072484,30.779220779,,100.1,110.2,114.6,117.7,118.3,124.3,131.4,124.2,110.2,92.6,78.3,65,52.5,47.8,42.2,42.4,43.8,36.5,39.6,65.2,92,95.6,87.3,76.7,77.9,90.1,87.6,72.2,49.8,44.5,44.3,34.9,42.9,61.4,77.3,76.8,74.9,73.6,66.9,69.4,64.4,47.1,17.3,,,,,,,,,,,,,,,,,,,,,,,,,,,,,,,,,,,,,,,,,,,,,,,,94.6,77.8,65.1,49.7,28.8,32.4,48,57.4,74.4,96,115.8,123.1,130.6,135.7,135,136.9,133.4,114.4,85.1,50.9,26.7,13.9,10.8,41.2,79.2,106.6,110.9,114.8,121.1,134.5,138.6,126.5,114.2,104.9,113.8,118.6,123.5,119.9,101.2,82.1,73,67.6,83,,,,,,,,,,,,,,,,,,,,,,,,,,,,,,,,,,,,,,,,,,,,,,,3181.8,3911.7,73.995348837,90.969767442,55,115,2,2
009,02,A,W,2,30.8,948,23,29,1,61,38,54,1.5,0,1,0,90,803,35,30,125,114.5,96.1,71.6,48.8,35.8,34.2,45.2,72.8,94.8,99.4,101.2,103.3,100.3,94.8,85.5,70.1,56.2,46.2,40.4,33.6,43.6,67,88.4,97.5,105,120.2,130.1,127.6,112.8,,,,,,,,,,,,,,,,,,,,,,,,,,,,,,,,,,,,,,,,,,,,,,,,,,,,,,,,,,,,,65.6,74.1,90,105.3,121.6,129.6,122.2,104.4,90.6,92.4,79.5,58.5,24.3,14.4,43.6,68.8,93,111.9,125.4,134.4,125.8,114.5,103.7,88.2,67.9,40.7,29.6,35.2,32.7,26.8,,,,,,,,,,,,,,,,,,,,,,,,,,,,,,,,,,,,,,,,,,,,,,,,,,,,,,,,,,,,,FS,Y,,2008,6,1,03/07/08,30.779220779,27.0690972,26.327072484,30.779220779,,,,71.6,48.8,35.8,34.2,45.2,72.8,94.8,99.4,101.2,103.3,100.3,94.8,85.5,70.1,56.2,46.2,40.4,33.6,43.6,67,88.4,97.5,105,120.2,130.1,127.6,112.8,,,,,,,,,,,,,,,,,,,,,,,,,,,,,,,,,,,,,,,,,,,,,,,,,,,,,,,,,,,,,,,,105.3,121.6,129.6,122.2,104.4,90.6,92.4,79.5,58.5,24.3,14.4,43.6,68.8,93,111.9,125.4,134.4,125.8,114.5,103.7,88.2,67.9,40.7,29.6,35.2,32.7,26.8,,,,,,,,,,,,,,,,,,,,,,,,,,,,,,,,,,,,,,,,,,,,,,,,,,,,,,,,,,,,,2126.4,2185,78.755555556,80.925925926,115,55,4,4
001,01,B,S,2,85.1,2380,29,27,2,13,85,57,1.5,1,0,0,90,803,59,85,50.9,46,43.5,54.6,66.2,73.6,78.8,74.5,66.7,57.7,47.4,60.6,100.6,125.3,122.7,127.9,131.9,126.6,115.7,98.9,78.8,63,51.8,36.9,33.2,49.9,49.4,55.1,75.9,98.4,109.8,121.2,127.5,130.4,132.2,129.6,125.5,115.5,100.2,85.4,65.4,47.9,45.8,55.7,74,89.9,95.2,100.6,116.4,117.4,114.3,128.2,131.4,127.7,119.2,96.1,78.4,74.4,61.7,45.5,36.2,47.3,68.5,84.5,86.4,89.9,110.8,127.3,126.6,125,122.1,110.3,101.3,107.3,108,97.1,84.5,66.6,54.1,43.8,43.1,45.1,45,27,19.4,,,,,,127.1,139.4,137.3,137.2,129.2,121.1,121.4,120.9,126.9,124.2,101.6,65.5,44.9,48.6,42.2,34.4,48.3,65.7,83.9,102.7,117.8,123.2,132.6,128.6,125.6,135.6,132.8,120.4,110.6,99.5,79.8,57.5,43.3,36.1,43.8,56.2,69.4,81.7,99.9,113.7,125.2,136.7,138.8,132.7,123.9,109.1,97.9,79,65.9,51.4,27.4,36.3,44.9,52.5,67.1,73.4,95.5,119.7,124,131.6,130.5,130.7,126,108.6,83.4,52,38.5,42.1,37.6,30.6,34.5,41.6,58.8,86.3,97,102.4,110.2,118,130.8,136.7,137.3,138.1,136.8,121.3,100.2,,,,,,TT,Y,,2008,1,1,03/06/08,27.967097532,27.097859476,27.097235932,27.100977199,,46,43.5,54.6,66.2,73.6,78.8,74.5,66.7,57.7,47.4,60.6,100.6,125.3,122.7,127.9,131.9,126.6,115.7,98.9,78.8,63,51.8,36.9,33.2,49.9,49.4,55.1,75.9,98.4,109.8,121.2,127.5,130.4,132.2,129.6,125.5,115.5,100.2,85.4,65.4,47.9,45.8,55.7,74,89.9,95.2,100.6,116.4,117.4,114.3,128.2,131.4,127.7,119.2,96.1,78.4,74.4,61.7,45.5,36.2,47.3,68.5,84.5,86.4,89.9,110.8,127.3,126.6,125,122.1,110.3,101.3,107.3,108,97.1,84.5,66.6,54.1,43.8,43.1,45.1,45,27,19.4,,,,,,,139.4,137.3,137.2,129.2,121.1,121.4,120.9,126.9,124.2,101.6,65.5,44.9,48.6,42.2,34.4,48.3,65.7,83.9,102.7,117.8,123.2,132.6,128.6,125.6,135.6,132.8,120.4,110.6,99.5,79.8,57.5,43.3,36.1,43.8,56.2,69.4,81.7,99.9,113.7,125.2,136.7,138.8,132.7,123.9,109.1,97.9,79,65.9,51.4,27.4,36.3,44.9,52.5,67.1,73.4,95.5,119.7,124,131.6,130.5,130.7,126,108.6,83.4,52,38.5,42.1,37.6,30.6,34.5,41.6,58.8,86.3,97,102.4,110.2,118,130.8,136.7,137.3,138.1,136.8,121.3,100.2,,,,,,7151.3,7866.5,85.13452381,93.648809524,55,115,2,2
002,01,B,E,2,36.8,870,23,40,39,30,31,95,1.5,0,2,0,90,803,59,36,79,76.4,69.6,59.7,44.5,52,81.8,103.5,97.2,84.3,82.7,94.4,117,120.6,117.3,107,85.6,55.4,28.8,30.5,45.2,46.9,39.8,40.4,38,34.2,45.7,72.6,100.5,125.2,130.8,126,112.5,92.9,68.8,35.6,,,,,,,,,,,,,,,,,,,,,,,,,,,,,,,,,,,,,,,,,,,,,,,,,,,,,,,117.4,99.7,78.1,65.7,55.7,56.9,73.3,97.4,94.8,79.6,58.4,37.3,38.5,33.1,27.3,13,17.6,51,86.4,119.5,138.6,140.5,134.4,128.9,111.3,85.8,55.5,24,9.3,31.2,36.1,31,18,14.8,33.1,61.7,,,,,,,,,,,,,,,,,,,,,,,,,,,,,,,,,,,,,,,,,,,,,,,,,,,,,,,TT,Y,,2008,2,1,03/06/08,23.641304348,27.097859476,27.097235932,27.100977199,,76.4,69.6,59.7,44.5,52,81.8,103.5,97.2,84.3,82.7,94.4,117,120.6,117.3,107,85.6,55.4,28.8,30.5,45.2,46.9,39.8,40.4,38,34.2,45.7,72.6,100.5,125.2,130.8,126,112.5,92.9,68.8,35.6,,,,,,,,,,,,,,,,,,,,,,,,,,,,,,,,,,,,,,,,,,,,,,,,,,,,,,,,99.7,78.1,65.7,55.7,56.9,73.3,97.4,94.8,79.6,58.4,37.3,38.5,33.1,27.3,13,17.6,51,86.4,119.5,138.6,140.5,134.4,128.9,111.3,85.8,55.5,24,9.3,31.2,36.1,31,18,14.8,33.1,61.7,,,,,,,,,,,,,,,,,,,,,,,,,,,,,,,,,,,,,,,,,,,,,,,,,,,,,,,2663.4,2237.5,76.097142857,63.928571429,55,115,2,2
003,01,B,W,2,20,482,39,34,64,19,17,-43,1.5,1,1,0,90,803,59,19,125.1,114.8,100.8,75.3,44.5,17.6,28.7,37.8,29.8,14.8,33.4,69.7,93.9,93.6,84.2,75.9,67,47.6,20.7,,,,,,,,,,,,,,,,,,,,,,,,,,,,,,,,,,,,,,,,,,,,,,,,,,,,,,,,,,,,,,,,,,,,,,,,66.1,51.1,37.1,29.8,51.2,86.9,120.1,130.8,123.5,106.6,86.3,55.2,34,12.9,17.9,40.4,47.9,55.1,75.6,,,,,,,,,,,,,,,,,,,,,,,,,,,,,,,,,,,,,,,,,,,,,,,,,,,,,,,,,,,,,,,,,,,,,,,,TT,Y,,2008,3,1,03/06/08,24.1,27.097859476,27.097235932,27.100977199,,,,75.3,44.5,17.6,28.7,37.8,29.8,14.8,33.4,69.7,93.9,93.6,84.2,75.9,67,47.6,20.7,,,,,,,,,,,,,,,,,,,,,,,,,,,,,,,,,,,,,,,,,,,,,,,,,,,,,,,,,,,,,,,,,,,,,,,,,,,29.8,51.2,86.9,120.1,130.8,123.5,106.6,86.3,55.2,34,12.9,17.9,40.4,47.9,55.1,75.6,,,,,,,,,,,,,,,,,,,,,,,,,,,,,,,,,,,,,,,,,,,,,,,,,,,,,,,,,,,,,,,,,,,,,,,,834.5,1074.2,52.15625,67.1375,115,55,4,4
001,02,B,N,2,9,268,13,44,33,14,53,104,1.5,0,0,0,90,803,59,8,120.4,126.7,131,124.3,112,96.5,70.2,41.7,,,,,,,,,,,,,,,,,,,,,,,,,,,,,,,,,,,,,,,,,,,,,,,,,,,,,,,,,,,,,,,,,,,,,,,,,,,,,,,,,,,59.2,43.6,37.4,46.1,61.5,66.1,53.1,58.4,,,,,,,,,,,,,,,,,,,,,,,,,,,,,,,,,,,,,,,,,,,,,,,,,,,,,,,,,,,,,,,,,,,,,,,,,,,,,,,,,,,TT,Y,,2008,4,1,03/07/08,29.777777778,27.097859476,27.097235932,27.100977199,,,,124.3,112,96.5,70.2,41.7,,,,,,,,,,,,,,,,,,,,,,,,,,,,,,,,,,,,,,,,,,,,,,,,,,,,,,,,,,,,,,,,,,,,,,,,,,,,,,,,,,,,,,46.1,61.5,66.1,53.1,58.4,,,,,,,,,,,,,,,,,,,,,,,,,,,,,,,,,,,,,,,,,,,,,,,,,,,,,,,,,,,,,,,,,,,,,,,,,,,,,,,,,,,444.7,285.2,88.94,57.04,115,55,4,4
002,02,B,W,2,4.6,138,22,74,62,33,5,-69,1.5,1,2,0,90,803,59,4,114.8,101.9,76.2,36.7,,,,,,,,,,,,,,,,,,,,,,,,,,,,,,,,,,,,,,,,,,,,,,,,,,,,,,,,,,,,,,,,,,,,,,,,,,,,,,,,,,,,,,,41.1,14.2,19.3,58.6,,,,,,,,,,,,,,,,,,,,,,,,,,,,,,,,,,,,,,,,,,,,,,,,,,,,,,,,,,,,,,,,,,,,,,,,,,,,,,,,,,,,,,,TT,Y,,2008,5,1,03/07/08,30,27.097859476,27.097235932,27.100977199,,,,36.7,,,,,,,,,,,,,,,,,,,,,,,,,,,,,,,,,,,,,,,,,,,,,,,,,,,,,,,,,,,,,,,,,,,,,,,,,,,,,,,,,,,,,,,,,,58.6,,,,,,,,,,,,,,,,,,,,,,,,,,,,,,,,,,,,,,,,,,,,,,,,,,,,,,,,,,,,,,,,,,,,,,,,,,,,,,,,,,,,,,,36.7,58.6,36.7,58.6,115,55,4,4
003,02,B,S,2,30.7,832,48,21,22,39,39,57,1.5,2,1,0,90,803,59,30,41.6,35.5,23.5,38.9,68.3,75.4,63.7,49.4,62.9,58.1,46,25.8,33.3,59.2,70.9,85.8,91.7,93.4,111.9,129.3,129.1,124.2,113.5,87.8,49.6,12.7,25.9,39.9,29.2,13.1,,,,,,,,,,,,,,,,,,,,,,,,,,,,,,,,,,,,,,,,,,,,,,,,,,,,,,,,,,,,,129.5,128.8,101.1,63.8,52.2,66.5,84.1,109.7,130.3,130.3,130,118.8,105.6,113.4,107.7,109,98.7,74.9,55.8,57.5,49,33.8,19.7,10,45.8,86.3,120.8,134.3,122.3,94.3,,,,,,,,,,,,,,,,,,,,,,,,,,,,,,,,,,,,,,,,,,,,,,,,,,,,,,,,,,,,,FS,Y,,2008,6,1,03/07/08,27.100977199,27.097859476,27.097235932,27.100977199,,35.5,23.5,38.9,68.3,75.4,63.7,49.4,62.9,58.1,46,25.8,33.3,59.2,70.9,85.8,91.7,93.4,111.9,129.3,129.1,124.2,113.5,87.8,49.6,12.7,25.9,39.9,29.2,13.1,,,,,,,,,,,,,,,,,,,,,,,,,,,,,,,,,,,,,,,,,,,,,,,,,,,,,,,,,,,,,,128.8,101.1,63.8,52.2,66.5,84.1,109.7,130.3,130.3,130,118.8,105.6,113.4,107.7,109,98.7,74.9,55.8,57.5,49,33.8,19.7,10,45.8,86.3,120.8,134.3,122.3,94.3,,,,,,,,,,,,,,,,,,,,,,,,,,,,,,,,,,,,,,,,,,,,,,,,,,,,,,,,,,,,,1848,2554.5,63.724137931,88.086206897,55,115,2,2
010,01,B,S,2,40.4,1300,15,35,16,15,69,-85,1.5,1,0,0,90,803,67,40,56.4,61.8,100.7,120.9,129.9,132.8,131.3,125.7,115.3,102.3,86.1,71.2,56.1,47.8,37.4,47.5,63.2,86.4,95.6,98.3,95,65.6,64.2,105.5,129.9,124.3,114,94,56.3,54,92.8,124.7,127.2,130.3,131.2,124.6,109.9,89.3,54.4,14.9,,,,,,,,,,,,,,,,,,,,,,,,,,,,,,,,,,,,,,,,,,,,,,,,,,,120.7,111.3,99.4,82.2,60,44.6,37.4,50.7,72,86.4,101.8,115.6,125.2,131.5,130.6,134,126.4,114.2,104.2,100.8,100.1,86.5,49.9,34.1,57.5,61,77.6,80.2,62.1,46,39.6,46.1,39.5,36,39.4,39.3,43,57.6,70.3,91.2,,,,,,,,,,,,,,,,,,,,,,,,,,,,,,,,,,,,,,,,,,,,,,,,,,,TT,Y,,2008,1,1,03/06/08,32.178217822,26.718380882,27.575044071,22.435064935,,61.8,100.7,120.9,129.9,132.8,131.3,125.7,115.3,102.3,86.1,71.2,56.1,47.8,37.4,47.5,63.2,86.4,95.6,98.3,95,65.6,64.2,105.5,129.9,124.3,114,94,56.3,54,92.8,124.7,127.2,130.3,131.2,124.6,109.9,89.3,54.4,14.9,,,,,,,,,,,,,,,,,,,,,,,,,,,,,,,,,,,,,,,,,,,,,,,,,,,,111.3,99.4,82.2,60,44.6,37.4,50.7,72,86.4,101.8,115.6,125.2,131.5,130.6,134,126.4,114.2,104.2,100.8,100.1,86.5,49.9,34.1,57.5,61,77.6,80.2,62.1,46,39.6,46.1,39.5,36,39.4,39.3,43,57.6,70.3,91.2,,,,,,,,,,,,,,,,,,,,,,,,,,,,,,,,,,,,,,,,,,,,,,,,,,,3612.4,2985.3,92.625641026,76.546153846,55,115,2,2
011,01,B,E,2,13.1,429,40,29,26,49,25,79,1.5,0,0,0,90,803,67,13,60.2,63.6,81.2,101.5,126,128.4,107.6,75,28.2,26.9,35.5,30.8,15,,,,,,,,,,,,,,,,,,,,,,,,,,,,,,,,,,,,,,,,,,,,,,,,,,,,,,,,,,,,,,,,,,,,,,,,,,,,,,126.3,104.2,63.5,26.7,34.6,48.6,50.5,66.2,78,91.1,103.9,105.4,95.7,,,,,,,,,,,,,,,,,,,,,,,,,,,,,,,,,,,,,,,,,,,,,,,,,,,,,,,,,,,,,,,,,,,,,,,,,,,,,,TT,Y,,2008,2,1,03/06/08,32.748091603,26.718380882,27.575044071,22.435064935,,63.6,81.2,101.5,126,128.4,107.6,75,28.2,26.9,35.5,30.8,15,,,,,,,,,,,,,,,,,,,,,,,,,,,,,,,,,,,,,,,,,,,,,,,,,,,,,,,,,,,,,,,,,,,,,,,,,,,,,,,104.2,63.5,26.7,34.6,48.6,50.5,66.2,78,91.1,103.9,105.4,95.7,,,,,,,,,,,,,,,,,,,,,,,,,,,,,,,,,,,,,,,,,,,,,,,,,,,,,,,,,,,,,,,,,,,,,,,,,,,,,,819.7,868.4,68.308333333,72.366666667,55,115,2,2
012,01,B,W,2,64,1502,35,21,11,36,53,-10,1.5,1,0,0,90,803,67,63,118.6,106.4,71.7,34.6,40.7,63,64.7,74.4,94,113.1,127.1,127.2,123.9,115.2,108.3,89.1,57.7,28.8,26.3,18.1,22.8,17.2,13.7,22.3,25.3,34.2,44.8,45.2,46.8,53.9,61,70.3,85.8,97.8,100.8,103.7,114.2,116.9,112.6,118.6,129.9,131.3,131.9,128.3,118.6,102.4,98.1,94.8,85.4,73.8,53.5,20.9,25.9,46.3,68.8,87.4,94.5,87.7,77.8,66.1,45.4,26.3,15.9,,,,,,,,,,,,,,,,,,,,,,,,,,,,64.8,56.5,43.7,66.6,108,131.8,127.6,109.1,85.2,56.6,43.7,35.6,33.4,51.2,75.4,87.2,98.1,111.1,120.1,104.2,85.4,83.8,99.8,114.4,120,128.3,138.3,137.4,134.4,131.8,128.4,123.3,114.8,106.5,101.3,96.1,86,80.7,64.1,54.7,59.3,53.6,45.9,38.5,25,21.7,50.9,68.7,84,97.4,102.2,105,106.2,92.2,83,96.7,107.9,110.4,117.5,117.2,113.7,114.2,110.6,,,,,,,,,,,,,,,,,,,,,,,,,,,,TT,Y,,2008,3,1,03/06/08,23.46875,26.718380882,27.575044071,22.435064935,,,,34.6,40.7,63,64.7,74.4,94,113.1,127.1,127.2,123.9,115.2,108.3,89.1,57.7,28.8,26.3,18.1,22.8,17.2,13.7,22.3,25.3,34.2,44.8,45.2,46.8,53.9,61,70.3,85.8,97.8,100.8,103.7,114.2,116.9,112.6,118.6,129.9,131.3,131.9,128.3,118.6,102.4,98.1,94.8,85.4,73.8,53.5,20.9,25.9,46.3,68.8,87.4,94.5,87.7,77.8,66.1,45.4,26.3,15.9,,,,,,,,,,,,,,,,,,,,,,,,,,,,,,,66.6,108,131.8,127.6,109.1,85.2,56.6,43.7,35.6,33.4,51.2,75.4,87.2,98.1,111.1,120.1,104.2,85.4,83.8,99.8,114.4,120,128.3,138.3,137.4,134.4,131.8,128.4,123.3,114.8,106.5,101.3,96.1,86,80.7,64.1,54.7,59.3,53.6,45.9,38.5,25,21.7,50.9,68.7,84,97.4,102.2,105,106.2,92.2,83,96.7,107.9,110.4,117.5,117.2,113.7,114.2,110.6,,,,,,,,,,,,,,,,,,,,,,,,,,,,4425.1,5496.2,73.751666667,91.603333333,115,55,4,4
010,02,B,N,2,90.1,2735,21,34,14,24,62,59,1.5,0,2,0,90,803,67,90,115,97,108.8,125.7,131.6,130.8,126.7,115.7,103.7,85.7,76.9,59.5,43.3,39.8,52.2,77.1,100,116.1,126.5,131.6,132.3,131.6,127.1,116.7,101.6,66,49,79,114.4,122,123.6,123.8,123.2,108.2,78,49.7,52.5,79.1,91,85.6,70.3,57,40.4,21.9,22,52.6,77.4,83.6,75.2,53.2,39.7,44.9,43.9,53.6,78.1,107.4,112.4,105.4,106.1,116.7,125.3,115.6,92.7,64.5,34.9,26.8,39.6,44.6,39,30.4,29.9,49.7,84.6,116.9,131.1,126.6,125.8,115.3,99.2,77,53.2,29.4,30.9,59.1,89.5,114.8,120.8,126.4,128.4,131,46.1,12.8,49.5,66.2,49.7,37.9,43.3,62.1,83,101.5,120.9,131.5,133.3,133.4,132.5,120.6,105.9,88.2,69.3,50.9,40.7,38.2,40.1,50,59.9,55.9,49.7,49,52.2,56.1,42.6,30.8,46.1,57.3,53.9,49.1,67.4,98.4,109.9,114.1,123.7,131.4,128,116.1,99.7,93.6,109,115.6,119,125.9,133.2,136.4,123.4,102,81.1,73.8,62.8,35.6,14.3,39.2,64.6,79.1,86.4,96.2,103.4,117.8,133.4,138.1,133.7,117.6,89.4,52.9,14.6,23.5,42.9,50.3,66.5,74.7,85.4,92.5,95.9,84,67,61.3,60.1,63.2,53.3,40.5,35.7,36,TT,Y,,2008,4,1,03/07/08,30.355160932,26.718380882,27.575044071,22.435064935,,,,125.7,131.6,130.8,126.7,115.7,103.7,85.7,76.9,59.5,43.3,39.8,52.2,77.1,100,116.1,126.5,131.6,132.3,131.6,127.1,116.7,101.6,66,49,79,114.4,122,123.6,123.8,123.2,108.2,78,49.7,52.5,79.1,91,85.6,70.3,57,40.4,21.9,22,52.6,77.4,83.6,75.2,53.2,39.7,44.9,43.9,53.6,78.1,107.4,112.4,105.4,106.1,116.7,125.3,115.6,92.7,64.5,34.9,26.8,39.6,44.6,39,30.4,29.9,49.7,84.6,116.9,131.1,126.6,125.8,115.3,99.2,77,53.2,29.4,30.9,59.1,89.5,114.8,120.8,126.4,128.4,131,,,,66.2,49.7,37.9,43.3,62.1,83,101.5,120.9,131.5,133.3,133.4,132.5,120.6,105.9,88.2,69.3,50.9,40.7,38.2,40.1,50,59.9,55.9,49.7,49,52.2,56.1,42.6,30.8,46.1,57.3,53.9,49.1,67.4,98.4,109.9,114.1,123.7,131.4,128,116.1,99.7,93.6,109,115.6,119,125.9,133.2,136.4,123.4,102,81.1,73.8,62.8,35.6,14.3,39.2,64.6,79.1,86.4,96.2,103.4,117.8,133.4,138.1,133.7,117.6,89.4,52.9,14.6,23.5,42.9,50.3,66.5,74.7,85.4,92.5,95.9,84,67,61.3,60.1,63.2,53.3,40.5,35.7,36,7412.1,6915.4,85.196551724,79.487356322,115,55,4,4
011,02,B,W,2,8,153,49,20,69,11,20,21,1.5,2,0,0,90,803,67,7,127.8,113.3,83.8,53,34.5,21.5,8.4,,,,,,,,,,,,,,,,,,,,,,,,,,,,,,,,,,,,,,,,,,,,,,,,,,,,,,,,,,,,,,,,,,,,,,,,,,,,,,,,,,,,63.7,59.3,55.3,53.2,60.9,75.4,89,,,,,,,,,,,,,,,,,,,,,,,,,,,,,,,,,,,,,,,,,,,,,,,,,,,,,,,,,,,,,,,,,,,,,,,,,,,,,,,,,,,,TT,Y,,2008,5,1,03/07/08,19.125,26.718380882,27.575044071,22.435064935,,,,53,34.5,21.5,8.4,,,,,,,,,,,,,,,,,,,,,,,,,,,,,,,,,,,,,,,,,,,,,,,,,,,,,,,,,,,,,,,,,,,,,,,,,,,,,,,,,,,,,,,53.2,60.9,75.4,89,,,,,,,,,,,,,,,,,,,,,,,,,,,,,,,,,,,,,,,,,,,,,,,,,,,,,,,,,,,,,,,,,,,,,,,,,,,,,,,,,,,,117.4,278.5,29.35,69.625,115,55,4,4
012,02,B,S,2,30.8,691,61,10,58,27,15,27,1.5,1,0,0,90,803,67,30,61.1,46.7,30.3,17.5,34,49,58.4,59.5,54.1,38.9,20,18.7,23.5,21.6,18.1,7.4,12.2,20.1,19.7,33.5,54.1,68.3,79.9,81.9,61.6,30,13.7,36,56,68.1,,,,,,,,,,,,,,,,,,,,,,,,,,,,,,,,,,,,,,,,,,,,,,,,,,,,,,,,,,,,,127.1,126,120.5,107.9,111.7,121,112.6,88.3,63.1,58.1,75.3,76.6,72.5,76,78,91.1,106.3,106.3,84.3,63,58.4,73.5,90.2,109.7,115.5,106.7,86.2,60.8,44.5,29.9,,,,,,,,,,,,,,,,,,,,,,,,,,,,,,,,,,,,,,,,,,,,,,,,,,,,,,,,,,,,,FS,Y,,2008,6,1,03/07/08,22.435064935,26.718380882,27.575044071,22.435064935,,46.7,30.3,17.5,34,49,58.4,59.5,54.1,38.9,20,18.7,23.5,21.6,18.1,7.4,12.2,20.1,19.7,33.5,54.1,68.3,79.9,81.9,61.6,30,13.7,36,56,68.1,,,,,,,,,,,,,,,,,,,,,,,,,,,,,,,,,,,,,,,,,,,,,,,,,,,,,,,,,,,,,,126,120.5,107.9,111.7,121,112.6,88.3,63.1,58.1,75.3,76.6,72.5,76,78,91.1,106.3,106.3,84.3,63,58.4,73.5,90.2,109.7,115.5,106.7,86.2,60.8,44.5,29.9,,,,,,,,,,,,,,,,,,,,,,,,,,,,,,,,,,,,,,,,,,,,,,,,,,,,,,,,,,,,,1132.8,2514,39.062068966,86.689655172,55,115,2,2
022,01,B,S,2,89.3,2026,55,12,7,33,60,27,1.5,1,0,0,90,803,82,89,56.4,47.9,47.4,46.9,40.7,31.9,26.8,25.3,26.5,25.7,31.8,39.1,30.5,31.1,31.2,43.8,61.5,57.2,53,48.6,54.6,76.8,101.9,102.2,98,108,125,122.2,115,106.8,78.6,45.7,40,48.4,43,33.7,29.7,36.4,40.3,37,51.8,49.5,46.3,44.8,33.3,40,41.1,41.5,62.5,65.7,60.5,53,69.8,99.1,106.7,99.5,92.6,68.2,54.8,55.3,50.2,44.6,40.2,42.3,45,60.8,69.4,76.4,97.1,122.8,130.1,132.6,132.3,128.4,121.8,112.9,101.2,90.3,79.7,66.1,49.3,40.8,42.4,51.7,58.7,54.9,40.5,23.9,8.1,,121.5,117.4,112.4,110,108.7,108.8,109.6,112.4,118.9,119.1,126.4,133.9,125.7,126.3,125.6,123.8,124.5,111.2,86.6,59,46.1,65,91.5,84.7,71.3,53.2,50.6,45.4,37.9,32.1,41.5,77.7,117.3,133.8,124.5,115.1,115.9,130.1,134.7,129.8,132,129.9,128,129.7,124.2,134.8,134.9,127.6,130.9,125.2,113.9,93.5,75,80.9,87.4,82.8,83.5,89.9,118.2,131.4,133.5,136.4,135,131.7,123.2,122.5,120.5,107.1,88.9,76.1,60.4,47.3,38.4,43.2,57.6,73.9,90.9,105.3,115.9,127.9,132.7,132,135.8,132.2,126,122.3,119.6,107.2,91.4,,TT,Y,,2008,1,1,03/06/08,22.687569989,21.652203189,22.515111359,17.337662338,,47.9,47.4,46.9,40.7,31.9,26.8,25.3,26.5,25.7,31.8,39.1,30.5,31.1,31.2,43.8,61.5,57.2,53,48.6,54.6,76.8,101.9,102.2,98,108,125,122.2,115,106.8,78.6,45.7,40,48.4,43,33.7,29.7,36.4,40.3,37,51.8,49.5,46.3,44.8,33.3,40,41.1,41.5,62.5,65.7,60.5,53,69.8,99.1,106.7,99.5,92.6,68.2,54.8,55.3,50.2,44.6,40.2,42.3,45,60.8,69.4,76.4,97.1,122.8,130.1,132.6,132.3,128.4,121.8,112.9,101.2,90.3,79.7,66.1,49.3,40.8,42.4,51.7,58.7,54.9,40.5,23.9,8.1,,,117.4,112.4,110,108.7,108.8,109.6,112.4,118.9,119.1,126.4,133.9,125.7,126.3,125.6,123.8,124.5,111.2,86.6,59,46.1,65,91.5,84.7,71.3,53.2,50.6,45.4,37.9,32.1,41.5,77.7,117.3,133.8,124.5,115.1,115.9,130.1,134.7,129.8,132,129.9,128,129.7,124.2,134.8,134.9,127.6,130.9,125.2,113.9,93.5,75,80.9,87.4,82.8,83.5,89.9,118.2,131.4,133.5,136.4,135,131.7,123.2,122.5,120.5,107.1,88.9,76.1,60.4,47.3,38.4,43.2,57.6,73.9,90.9,105.3,115.9,127.9,132.7,132,135.8,132.2,126,122.3,119.6,107.2,91.4,,5540.7,9147.1,62.9625,103.94431818,55,115,2,2
023,01,B,E,2,89.4,2266,38,19,27,38,35,16,1.5,1,3,0,90,803,82,89,59.8,54.5,45.3,48.3,46.3,40.1,19.6,23,64.1,80.4,80.1,76.8,82.5,100.7,113.3,106.8,88.7,60.9,50.8,48.8,35.9,35.2,39.6,26.8,14.9,42.3,54.5,68.5,96.7,122,122.8,113.8,87.6,62.1,36.3,24.8,44.5,43.8,45.5,64.7,86.4,85.7,90.7,102.4,101.2,98.9,108.5,105.8,93.5,65.4,33.8,34.2,46.2,44,47.5,65,74.4,75,65.6,42.2,30.7,45.2,44.7,57,58.9,58,64.9,83.6,90.7,79.8,52.9,24.6,28.7,32.5,42.5,43.5,27.3,18.2,25.6,28,45.2,52.8,56.1,62.4,84.4,96.6,105.1,114.8,112.3,,125.3,121,111,112.6,114.6,117.4,108.1,100.5,107.4,103.8,86.2,55.4,18.6,27.2,54,62.7,69.5,89.5,119.8,130.5,126.7,127.1,131.2,120.9,100.8,82.8,63.9,35,12.4,38.7,45.9,50.8,71.2,90.6,99.2,117.6,136.3,131.8,118.9,108.7,115.7,106.2,90.8,78.2,63.2,33.8,14.7,13.5,19,43.9,84.3,120.7,137.4,133.2,125.6,120.3,121.1,115.5,113,112.2,123.6,138,132.6,129.5,119.1,99.5,67.4,31.7,10,18.5,45.7,74.4,101.2,93.9,70.6,58.3,68.5,94.3,111.6,103.4,100.9,104.3,88,60.1,36.5,43,65.4,86.6,91.1,,TT,Y,,2008,2,1,03/06/08,25.346756152,21.652203189,22.515111359,17.337662338,,54.5,45.3,48.3,46.3,40.1,19.6,23,64.1,80.4,80.1,76.8,82.5,100.7,113.3,106.8,88.7,60.9,50.8,48.8,35.9,35.2,39.6,26.8,14.9,42.3,54.5,68.5,96.7,122,122.8,113.8,87.6,62.1,36.3,24.8,44.5,43.8,45.5,64.7,86.4,85.7,90.7,102.4,101.2,98.9,108.5,105.8,93.5,65.4,33.8,34.2,46.2,44,47.5,65,74.4,75,65.6,42.2,30.7,45.2,44.7,57,58.9,58,64.9,83.6,90.7,79.8,52.9,24.6,28.7,32.5,42.5,43.5,27.3,18.2,25.6,28,45.2,52.8,56.1,62.4,84.4,96.6,105.1,114.8,112.3,,,121,111,112.6,114.6,117.4,108.1,100.5,107.4,103.8,86.2,55.4,18.6,27.2,54,62.7,69.5,89.5,119.8,130.5,126.7,127.1,131.2,120.9,100.8,82.8,63.9,35,12.4,38.7,45.9,50.8,71.2,90.6,99.2,117.6,136.3,131.8,118.9,108.7,115.7,106.2,90.8,78.2,63.2,33.8,14.7,13.5,19,43.9,84.3,120.7,137.4,133.2,125.6,120.3,121.1,115.5,113,112.2,123.6,138,132.6,129.5,119.1,99.5,67.4,31.7,10,18.5,45.7,74.4,101.2,93.9,70.6,58.3,68.5,94.3,111.6,103.4,100.9,104.3,88,60.1,36.5,43,65.4,86.6,91.1,,5546.7,7650.3,63.030681818,86.935227273,55,115,2,2
024,01,B,W,2,17.8,409,13,12,45,28,27,-1,1.5,1,0,0,90,803,82,17,121,108.9,112.1,111.5,101.2,81.5,53.1,36.9,51.9,71.8,72.8,73.9,79.8,78.8,66.1,42.8,15.8,,,,,,,,,,,,,,,,,,,,,,,,,,,,,,,,,,,,,,,,,,,,,,,,,,,,,,,,,,,,,,,,,,,,,,,,,,71.9,65.5,61.6,67.6,65.7,56.1,50.4,65.7,99.9,115.4,104.3,82.4,58.3,40.8,32,52.6,83.4,,,,,,,,,,,,,,,,,,,,,,,,,,,,,,,,,,,,,,,,,,,,,,,,,,,,,,,,,,,,,,,,,,,,,,,,,,TT,Y,,2008,3,1,03/06/08,22.97752809,21.652203189,22.515111359,17.337662338,,,,,101.2,81.5,53.1,36.9,51.9,71.8,72.8,73.9,79.8,78.8,66.1,42.8,15.8,,,,,,,,,,,,,,,,,,,,,,,,,,,,,,,,,,,,,,,,,,,,,,,,,,,,,,,,,,,,,,,,,,,,,,,,,,,,,,65.7,56.1,50.4,65.7,99.9,115.4,104.3,82.4,58.3,40.8,32,52.6,83.4,,,,,,,,,,,,,,,,,,,,,,,,,,,,,,,,,,,,,,,,,,,,,,,,,,,,,,,,,,,,,,,,,,,,,,,,,,826.4,907,63.569230769,69.769230769,115,55,5,5
022,02,B,N,2,53.2,1143,9,51,40,39,21,19,1.5,1,7,0,90,803,82,53,109.5,104.3,94.8,89.3,88.5,82.8,79.1,75.7,71.1,77.9,81.4,81.7,86.3,100.2,109.8,103,114.3,113,118.7,129.7,128,121.1,117.3,113.4,105.8,88.7,71.1,47.2,31.6,28.2,45,58.3,82.6,103.6,114.2,116.3,113.3,97.9,87.5,80.5,89.6,89.2,91,84.4,82.7,82.5,86.5,97.2,91.5,80,64.3,37.2,15.1,,,,,,,,,,,,,,,,,,,,,,,,,,,,,,,,,,,,,,57.6,52.1,42.7,36.4,31.4,30.2,30.2,31.2,42.3,38.9,29.8,23.1,19.1,52,69.4,64.1,68.3,59.9,48.8,52.3,50.1,46.6,58.5,78.2,82,94,110.8,119.8,125.3,116.3,103.7,78.5,50.6,39.9,34.8,29.5,21.4,8.8,14,17.3,9.3,10.4,4.9,11.8,18.1,30.8,46.8,61.9,81.7,89.5,99.6,104,103.5,,,,,,,,,,,,,,,,,,,,,,,,,,,,,,,,,,,,,,TT,Y,,2008,4,1,03/07/08,21.484962406,21.652203189,22.515111359,17.337662338,,,,,88.5,82.8,79.1,75.7,71.1,77.9,81.4,81.7,86.3,100.2,109.8,103,114.3,113,118.7,129.7,128,121.1,117.3,113.4,105.8,88.7,71.1,47.2,31.6,28.2,45,58.3,82.6,103.6,114.2,116.3,113.3,97.9,87.5,80.5,89.6,89.2,91,84.4,82.7,82.5,86.5,97.2,91.5,80,64.3,37.2,15.1,,,,,,,,,,,,,,,,,,,,,,,,,,,,,,,,,,,,,,,,,,31.4,30.2,30.2,31.2,42.3,38.9,29.8,23.1,19.1,52,69.4,64.1,68.3,59.9,48.8,52.3,50.1,46.6,58.5,78.2,82,94,110.8,119.8,125.3,116.3,103.7,78.5,50.6,39.9,34.8,29.5,21.4,8.8,14,17.3,9.3,10.4,4.9,11.8,18.1,30.8,46.8,61.9,81.7,89.5,99.6,104,103.5,,,,,,,,,,,,,,,,,,,,,,,,,,,,,,,,,,,,,,4256,2643.4,86.857142857,53.946938776,115,55,5,5
023,02,B,W,2,12.7,255,59,3,60,24,16,28,1.5,1,0,0,90,803,82,12,123.3,114.1,98,76.2,40.7,17.7,29.9,31.6,27.7,31.3,37.4,22.8,,,,,,,,,,,,,,,,,,,,,,,,,,,,,,,,,,,,,,,,,,,,,,,,,,,,,,,,,,,,,,,,,,,,,,,,,,,,,,,67.4,66,64.1,65.2,71.8,78.8,66.3,63.9,71.1,87,101.1,106.6,,,,,,,,,,,,,,,,,,,,,,,,,,,,,,,,,,,,,,,,,,,,,,,,,,,,,,,,,,,,,,,,,,,,,,,,,,,,,,,TT,Y,,2008,5,1,03/07/08,20.078740157,21.652203189,22.515111359,17.337662338,,,,,40.7,17.7,29.9,31.6,27.7,31.3,37.4,22.8,,,,,,,,,,,,,,,,,,,,,,,,,,,,,,,,,,,,,,,,,,,,,,,,,,,,,,,,,,,,,,,,,,,,,,,,,,,,,,,,,,,71.8,78.8,66.3,63.9,71.1,87,101.1,106.6,,,,,,,,,,,,,,,,,,,,,,,,,,,,,,,,,,,,,,,,,,,,,,,,,,,,,,,,,,,,,,,,,,,,,,,,,,,,,,,239.1,646.6,29.8875,80.825,115,55,5,5
024,02,B,S,2,30.8,534,61,14,91,5,4,-56,1.5,4,0,0,90,803,82,30,65.4,62.1,50.7,36.2,31.7,47.2,63.3,82.6,84.1,75.9,62.2,40.2,23.1,16.1,6.9,16.3,13.3,7.6,11.6,32.2,42.3,29.7,18.1,13,24.8,29.8,26.7,25.9,28.1,22.3,,,,,,,,,,,,,,,,,,,,,,,,,,,,,,,,,,,,,,,,,,,,,,,,,,,,,,,,,,,,,118.2,110.3,95.1,75.8,65.4,59.1,42.6,26.2,18,20.7,36.3,58.8,74.2,83.9,97.6,90.2,84.5,88.1,87.7,86.5,93.4,88,84.2,83.4,71.6,68.7,70,69.6,67.4,73.3,,,,,,,,,,,,,,,,,,,,,,,,,,,,,,,,,,,,,,,,,,,,,,,,,,,,,,,,,,,,,FS,Y,,2008,6,1,03/07/08,17.337662338,21.652203189,22.515111359,17.337662338,,,50.7,36.2,31.7,47.2,63.3,82.6,84.1,75.9,62.2,40.2,23.1,16.1,6.9,16.3,13.3,7.6,11.6,32.2,42.3,29.7,18.1,13,24.8,29.8,26.7,25.9,28.1,22.3,,,,,,,,,,,,,,,,,,,,,,,,,,,,,,,,,,,,,,,,,,,,,,,,,,,,,,,,,,,,,,,95.1,75.8,65.4,59.1,42.6,26.2,18,20.7,36.3,58.8,74.2,83.9,97.6,90.2,84.5,88.1,87.7,86.5,93.4,88,84.2,83.4,71.6,68.7,70,69.6,67.4,73.3,,,,,,,,,,,,,,,,,,,,,,,,,,,,,,,,,,,,,,,,,,,,,,,,,,,,,,,,,,,,,961.9,1960.3,34.353571429,70.010714286,55,115,3,3
028,01,B,S,2,47.6,1097,26,36,10,24,66,65,1.5,1,0,0,90,803,99,47,56.6,54,55.6,54.4,48.7,35.8,43,40.2,49.1,75.4,79.1,83.9,100.2,117.6,121.4,121.4,121.4,108.4,98.8,92,63.7,49.5,32.9,53.9,75.9,99,107.4,115.9,117.8,115.9,109,90.1,80.3,108,126.7,126.7,126.7,126.7,126.7,126.7,123.6,103,89.6,99.3,90.7,65.8,32.9,,,,,,,,,,,,,,,,,,,,,,,,,,,,,,,,,,,,,,,,,,,,123.9,117.6,123.2,131.3,129.9,126.4,136.8,131.4,119.8,126.6,118.3,96.6,70.8,61.3,54.4,54.4,54.4,59.1,93.3,105.1,119.4,134.1,125.5,123.6,107.4,96.9,82.2,67.1,65,59.7,45.2,25.7,19.3,36.3,47.7,47.7,47.7,47.7,47.7,47.7,41.4,17.9,52.1,80.9,92.2,82.9,80.4,,,,,,,,,,,,,,,,,,,,,,,,,,,,,,,,,,,,,,,,,,,,TT,Y,,2008,1,1,03/06/08,23.046218487,24.502752342,24.481734183,24.607843137,,54,55.6,54.4,48.7,35.8,43,40.2,49.1,75.4,79.1,83.9,100.2,117.6,121.4,121.4,121.4,108.4,98.8,92,63.7,49.5,32.9,53.9,75.9,99,107.4,115.9,117.8,115.9,109,90.1,80.3,108,126.7,126.7,126.7,126.7,126.7,126.7,123.6,103,89.6,99.3,90.7,65.8,32.9,,,,,,,,,,,,,,,,,,,,,,,,,,,,,,,,,,,,,,,,,,,,,117.6,123.2,131.3,129.9,126.4,136.8,131.4,119.8,126.6,118.3,96.6,70.8,61.3,54.4,54.4,54.4,59.1,93.3,105.1,119.4,134.1,125.5,123.6,107.4,96.9,82.2,67.1,65,59.7,45.2,25.7,19.3,36.3,47.7,47.7,47.7,47.7,47.7,47.7,41.4,17.9,52.1,80.9,92.2,82.9,80.4,,,,,,,,,,,,,,,,,,,,,,,,,,,,,,,,,,,,,,,,,,,,4084.8,3752.1,88.8,81.567391304,55,115,2,2
029,01,B,E,2,4.4,73,100,0,23,18,59,-15,1.5,1,0,0,90,803,99,4,60,54.6,39.7,11.3,,,,,,,,,,,,,,,,,,,,,,,,,,,,,,,,,,,,,,,,,,,,,,,,,,,,,,,,,,,,,,,,,,,,,,,,,,,,,,,,,,,,,,,133.4,131.7,121.5,104.4,,,,,,,,,,,,,,,,,,,,,,,,,,,,,,,,,,,,,,,,,,,,,,,,,,,,,,,,,,,,,,,,,,,,,,,,,,,,,,,,,,,,,,,TT,Y,,2008,2,1,03/06/08,16.590909091,24.502752342,24.481734183,24.607843137,,54.6,39.7,11.3,,,,,,,,,,,,,,,,,,,,,,,,,,,,,,,,,,,,,,,,,,,,,,,,,,,,,,,,,,,,,,,,,,,,,,,,,,,,,,,,,,,,,,,,131.7,121.5,104.4,,,,,,,,,,,,,,,,,,,,,,,,,,,,,,,,,,,,,,,,,,,,,,,,,,,,,,,,,,,,,,,,,,,,,,,,,,,,,,,,,,,,,,,105.6,357.6,35.2,119.2,55,115,2,2
030,01,B,W,2,90.1,2314,30,16,6,19,75,42,1.5,0,0,0,90,803,99,90,98.9,76.5,35.7,22.9,46.3,48.4,66.9,72.9,84.5,110.2,111.6,107.1,98.1,87,73.7,56.2,50.2,36.2,32.9,51,47.3,45.9,51.6,75,105.2,111.1,104.5,95.4,83,74.1,65.8,56.9,46.9,44.4,48,57.1,67.5,73.9,75.2,82.7,103.1,121.6,121.8,124,130.4,131.2,129.4,120.6,110.2,95.3,79.2,64.2,51.1,44.1,45.5,51.3,55,61.4,76.3,90.8,105.1,117.9,125,130.1,131,124.5,112.4,99.8,101.3,99.9,87.8,74.5,64.9,56.2,44,31.3,41.3,46,46,62.4,78.8,82.6,87.6,93.8,98.3,102.4,110.5,124.6,130,124.4,68.5,81.1,90.6,116.7,139.2,135.6,128,105.9,76.7,72.7,74.2,65.9,45.1,15.9,34.9,72.4,102.4,114.4,126,137,132.6,119.5,92.3,61.5,65.1,75.9,80.8,99.4,113.1,125.1,126.7,131.9,136.3,138.7,136.2,130.8,123.6,123,110,88.1,70.7,76.8,76.8,59.7,52.1,43.1,40.4,58.2,77.5,98.6,117.5,129.1,135.3,138,137.3,134.6,134.5,127.9,121.5,111.1,99.7,84.6,69.5,55.4,50.6,31.5,26.4,46.1,79,92.9,102.8,116.4,129.3,129.5,124.6,124.3,134.6,135.8,126.4,118.8,118.8,119,104.6,94.2,86.9,77.3,66,59.9,54.1,35.5,TT,Y,,2008,3,1,03/06/08,25.682574917,24.502752342,24.481734183,24.607843137,,,,,46.3,48.4,66.9,72.9,84.5,110.2,111.6,107.1,98.1,87,73.7,56.2,50.2,36.2,32.9,51,47.3,45.9,51.6,75,105.2,111.1,104.5,95.4,83,74.1,65.8,56.9,46.9,44.4,48,57.1,67.5,73.9,75.2,82.7,103.1,121.6,121.8,124,130.4,131.2,129.4,120.6,110.2,95.3,79.2,64.2,51.1,44.1,45.5,51.3,55,61.4,76.3,90.8,105.1,117.9,125,130.1,131,124.5,112.4,99.8,101.3,99.9,87.8,74.5,64.9,56.2,44,31.3,41.3,46,46,62.4,78.8,82.6,87.6,93.8,98.3,102.4,110.5,124.6,130,124.4,,,,,139.2,135.6,128,105.9,76.7,72.7,74.2,65.9,45.1,15.9,34.9,72.4,102.4,114.4,126,137,132.6,119.5,92.3,61.5,65.1,75.9,80.8,99.4,113.1,125.1,126.7,131.9,136.3,138.7,136.2,130.8,123.6,123,110,88.1,70.7,76.8,76.8,59.7,52.1,43.1,40.4,58.2,77.5,98.6,117.5,129.1,135.3,138,137.3,134.6,134.5,127.9,121.5,111.1,99.7,84.6,69.5,55.4,50.6,31.5,26.4,46.1,79,92.9,102.8,116.4,129.3,129.5,124.6,124.3,134.6,135.8,126.4,118.8,118.8,119,104.6,94.2,86.9,77.3,66,59.9,54.1,35.5,7085.6,8292.1,82.390697674,96.419767442,115,55,5,5
028,02,B,N,2,75.5,2257,21,33,14,14,72,-72,1.5,2,1,0,90,803,99,75,116.3,105.2,77.8,40.5,33.9,43.4,43.2,59,87.9,115.2,122.6,119.7,117.3,106.8,107.4,116.2,117.1,117.6,119.5,131.9,131.3,129.3,118.5,96.6,63.4,22.2,31.4,43.5,43.3,48.4,64.7,89.4,108.4,122.1,129.1,132.2,130.2,124.4,114.3,100.1,85.7,68.7,51.1,44.2,47.2,58.6,70.4,86.1,103.6,107.2,113.1,122.2,130,127.1,113.1,96.3,78.3,74.7,60.1,46,45,52,65,76.6,87.7,105.7,123,129.3,130.6,130.5,115.7,91.2,58.7,23.9,9.4,,,,,,,,,,,,,,,,68.2,82.2,90.2,72.3,64.5,64.6,82,86.8,78.1,78.1,74.8,59.6,34.6,17.5,51.1,69.5,67,53.6,33.1,37,36.2,35.2,32,27.4,42.3,80.3,123.7,137.4,137.4,134.4,125.5,112.4,95.8,75,59.2,43.8,37.2,50.3,69.4,89.7,111.1,126,134.1,138.3,136.3,129.4,122.6,111.4,101.3,86.4,63.4,41,35.7,40.4,49.8,72.7,94.2,122,129.8,136.1,137.4,131.4,125.5,116.3,97.6,77.6,63.4,59.7,54.5,46.7,22.4,11.8,40,72.9,92.8,,,,,,,,,,,,,,,,TT,Y,,2008,4,1,03/07/08,29.894039735,24.502752342,24.481734183,24.607843137,,,,,33.9,43.4,43.2,59,87.9,115.2,122.6,119.7,117.3,106.8,107.4,116.2,117.1,117.6,119.5,131.9,131.3,129.3,118.5,96.6,63.4,22.2,31.4,43.5,43.3,48.4,64.7,89.4,108.4,122.1,129.1,132.2,130.2,124.4,114.3,100.1,85.7,68.7,51.1,44.2,47.2,58.6,70.4,86.1,103.6,107.2,113.1,122.2,130,127.1,113.1,96.3,78.3,74.7,60.1,46,45,52,65,76.6,87.7,105.7,123,129.3,130.6,130.5,115.7,91.2,58.7,23.9,9.4,,,,,,,,,,,,,,,,,,,,64.5,64.6,82,86.8,78.1,78.1,74.8,59.6,34.6,17.5,51.1,69.5,67,53.6,33.1,37,36.2,35.2,32,27.4,42.3,80.3,123.7,137.4,137.4,134.4,125.5,112.4,95.8,75,59.2,43.8,37.2,50.3,69.4,89.7,111.1,126,134.1,138.3,136.3,129.4,122.6,111.4,101.3,86.4,63.4,41,35.7,40.4,49.8,72.7,94.2,122,129.8,136.1,137.4,131.4,125.5,116.3,97.6,77.6,63.4,59.7,54.5,46.7,22.4,11.8,40,72.9,92.8,,,,,,,,,,,,,,,,6329.5,5628.5,89.147887324,79.274647887,115,55,5,5
029,02,B,W,2,63.1,1716,21,27,36,37,27,-92,1.5,2,2,0,90,803,99,63,130,129.3,112.7,84.2,44,26.6,48.3,46.4,29.5,24.5,65.4,104.1,129.6,124.5,114.3,116.5,112.4,94.1,60.4,27.5,22,27.8,30.7,52.3,84.5,93.8,96.5,94.9,83.2,72.7,80,92.4,99.9,119.8,131.9,129.5,121.4,103.7,75.9,47,40.5,62.3,75.3,73.9,69.8,62.2,41.9,24.5,26.1,57.9,81.6,83,85.4,87.7,92.1,99.8,99.3,88.6,70.5,50.1,27.3,13.2,9.8,,,,,,,,,,,,,,,,,,,,,,,,,,,,56.2,39.7,17.9,12.8,55.4,101.7,131.4,134.4,122.9,91,60.7,48.3,56.7,36.1,26.6,54.5,67.1,72,80.5,98.3,116.6,120.7,111.4,102.9,110.8,103.4,82.7,57.2,46,57.5,79.4,74.2,53.4,39.9,41.6,35.3,37.9,43.2,51.2,68.5,93.5,116.5,124.9,118.5,99.7,80.3,74.8,77.3,76.6,83.4,77.3,52.8,21,22.6,49.2,61,56,46.1,43.1,47.1,68.3,82.1,85.5,,,,,,,,,,,,,,,,,,,,,,,,,,,,TT,Y,,2008,5,1,03/07/08,27.194928685,24.502752342,24.481734183,24.607843137,,,,,44,26.6,48.3,46.4,29.5,24.5,65.4,104.1,129.6,124.5,114.3,116.5,112.4,94.1,60.4,27.5,22,27.8,30.7,52.3,84.5,93.8,96.5,94.9,83.2,72.7,80,92.4,99.9,119.8,131.9,129.5,121.4,103.7,75.9,47,40.5,62.3,75.3,73.9,69.8,62.2,41.9,24.5,26.1,57.9,81.6,83,85.4,87.7,92.1,99.8,99.3,88.6,70.5,50.1,27.3,13.2,9.8,,,,,,,,,,,,,,,,,,,,,,,,,,,,,,,,55.4,101.7,131.4,134.4,122.9,91,60.7,48.3,56.7,36.1,26.6,54.5,67.1,72,80.5,98.3,116.6,120.7,111.4,102.9,110.8,103.4,82.7,57.2,46,57.5,79.4,74.2,53.4,39.9,41.6,35.3,37.9,43.2,51.2,68.5,93.5,116.5,124.9,118.5,99.7,80.3,74.8,77.3,76.6,83.4,77.3,52.8,21,22.6,49.2,61,56,46.1,43.1,47.1,68.3,82.1,85.5,,,,,,,,,,,,,,,,,,,,,,,,,,,,4250.8,4329,72.047457627,73.372881356,115,55,5,5
030,02,B,S,2,30.6,753,30,3,26,26,48,-113,1.5,0,0,0,90,803,99,30,69.8,83.6,79.8,58.8,43.8,53.5,81,79.9,66.2,48.9,35.8,44.8,50,67.3,81.7,79.7,62.1,45.6,47.9,41.4,26.9,18.7,40.6,47,51,51.5,62.6,74.5,81.5,84.6,,,,,,,,,,,,,,,,,,,,,,,,,,,,,,,,,,,,,,,,,,,,,,,,,,,,,,,,,,,,,119.5,106,80,55.9,56.1,86.3,115.3,120.2,126.4,132.5,129.6,135.4,126.6,121.9,109.3,89.8,73,61.1,57.7,64,78.3,104.7,132.8,133.7,121.2,102.3,86.8,84,94.6,107,,,,,,,,,,,,,,,,,,,,,,,,,,,,,,,,,,,,,,,,,,,,,,,,,,,,,,,,,,,,,FS,Y,,2008,6,1,03/07/08,24.607843137,24.502752342,24.481734183,24.607843137,,83.6,79.8,58.8,43.8,53.5,81,79.9,66.2,48.9,35.8,44.8,50,67.3,81.7,79.7,62.1,45.6,47.9,41.4,26.9,18.7,40.6,47,51,51.5,62.6,74.5,81.5,84.6,,,,,,,,,,,,,,,,,,,,,,,,,,,,,,,,,,,,,,,,,,,,,,,,,,,,,,,,,,,,,,106,80,55.9,56.1,86.3,115.3,120.2,126.4,132.5,129.6,135.4,126.6,121.9,109.3,89.8,73,61.1,57.7,64,78.3,104.7,132.8,133.7,121.2,102.3,86.8,84,94.6,107,,,,,,,,,,,,,,,,,,,,,,,,,,,,,,,,,,,,,,,,,,,,,,,,,,,,,,,,,,,,,1690.7,2892.5,58.3,99.74137931,55,115,2,2
004,03,A,N,2,5.3,138,26,74,59,21,20,41,1.5,2,0,0,90,803,29,5,121.3,107.2,84.2,53.4,20.5,,,,,,,,,,,,,,,,,,,,,,,,,,,,,,,,,,,,,,,,,,,,,,,,,,,,,,,,,,,,,,,,,,,,,,,,,,,,,,,,,,,,,,45.9,31.3,23.9,42.2,75.9,,,,,,,,,,,,,,,,,,,,,,,,,,,,,,,,,,,,,,,,,,,,,,,,,,,,,,,,,,,,,,,,,,,,,,,,,,,,,,,,,,,,,,TT,Y,,2008,1,2,03/08/08,26.037735849,24.800744876,25.436218527,21.623376623,,,,,,,,,,,,,,,,,,,,,,,,,,,,,,,,,,,,,,,,,,,,,,,,,,,,,,,,,,,,,,,,,,,,,,,,,,,,,,,,,,,,,,,,,,,,,,,,,,,,,,,,,,,,,,,,,,,,,,,,,,,,,,,,,,,,,,,,,,,,,,,,,,,,,,,,,,,,,,,,,,,,,,,,,,,,,,,,,,,,,0,0,0,0,115,55,5,5
005,03,A,W,2,36.3,1069,33,23,31,45,24,-5,1.5,2,0,0,90,803,29,36,117.9,96.9,66,45.5,43.2,40.2,39.5,42.8,31.6,30.4,52.8,84.5,107.4,119.2,118.3,114.9,109.4,99.1,77.1,51.6,36.1,32.9,41.9,59,56.5,53.2,40.6,18.9,39.6,80.4,111.6,119.9,102.2,76.8,47.6,15.8,,,,,,,,,,,,,,,,,,,,,,,,,,,,,,,,,,,,,,,,,,,,,,,,,,,,,,,51.7,44,51.5,76.5,103.2,118.3,132.7,134.9,117.5,95.1,71.4,61.9,58.7,49.6,35.2,22,41.3,62.3,83.6,104.7,124.6,125.6,115.9,120.7,105.3,87.6,82.1,80.2,76.7,79.7,78.9,66.6,42.8,37.7,51.5,80.6,,,,,,,,,,,,,,,,,,,,,,,,,,,,,,,,,,,,,,,,,,,,,,,,,,,,,,,TT,Y,,2008,2,2,03/08/08,29.449035813,24.800744876,25.436218527,21.623376623,,,,,43.2,40.2,39.5,42.8,31.6,30.4,52.8,84.5,107.4,119.2,118.3,114.9,109.4,99.1,77.1,51.6,36.1,32.9,41.9,59,56.5,53.2,40.6,18.9,39.6,80.4,111.6,119.9,102.2,76.8,47.6,15.8,,,,,,,,,,,,,,,,,,,,,,,,,,,,,,,,,,,,,,,,,,,,,,,,,,,,,,,,,,,103.2,118.3,132.7,134.9,117.5,95.1,71.4,61.9,58.7,49.6,35.2,22,41.3,62.3,83.6,104.7,124.6,125.6,115.9,120.7,105.3,87.6,82.1,80.2,76.7,79.7,78.9,66.6,42.8,37.7,51.5,80.6,,,,,,,,,,,,,,,,,,,,,,,,,,,,,,,,,,,,,,,,,,,,,,,,,,,,,,,2095,2648.9,65.46875,82.778125,115,55,5,5
006,03,A,S,2,14.7,270,54,1,45,52,3,-83,1.5,1,0,0,90,803,29,14,63.3,58.5,48.5,36.7,24.1,16.3,21,24.2,21.6,30.9,50.8,57.8,49.2,30.9,,,,,,,,,,,,,,,,,,,,,,,,,,,,,,,,,,,,,,,,,,,,,,,,,,,,,,,,,,,,,,,,,,,,,,,,,,,,,109.8,81.9,72.1,77.3,84.8,102,115.9,117.6,104.8,103.7,102.6,108,100.9,95.3,,,,,,,,,,,,,,,,,,,,,,,,,,,,,,,,,,,,,,,,,,,,,,,,,,,,,,,,,,,,,,,,,,,,,,,,,,,,,TT,Y,,2008,3,2,03/08/08,18.367346939,24.800744876,25.436218527,21.623376623,,58.5,48.5,36.7,24.1,16.3,21,24.2,21.6,30.9,50.8,57.8,49.2,30.9,,,,,,,,,,,,,,,,,,,,,,,,,,,,,,,,,,,,,,,,,,,,,,,,,,,,,,,,,,,,,,,,,,,,,,,,,,,,,,81.9,72.1,77.3,84.8,102,115.9,117.6,104.8,103.7,102.6,108,100.9,95.3,,,,,,,,,,,,,,,,,,,,,,,,,,,,,,,,,,,,,,,,,,,,,,,,,,,,,,,,,,,,,,,,,,,,,,,,,,,,,470.5,1266.9,36.192307692,97.453846154,55,115,2,2
004,04,A,W,2,51,1424,49,21,33,46,21,-16,1.5,2,0,0,90,803,29,50,107.3,87.4,43,21.6,39.4,54.7,47.6,38.2,23.3,13.6,44.3,80.8,86,95,114.3,131.1,129.1,120.6,106.2,90.8,76.5,57.6,32.9,24.2,34.3,31,47.7,76.5,89.7,93.6,97.4,113,111.3,94.2,61,30.1,27.3,41.5,30,21.9,26.8,38.3,23.4,18.5,36,31.3,13.2,22.5,23.6,17.7,,,,,,,,,,,,,,,,,,,,,,,,,,,,,,,,,,,,,,,,,45.6,38.7,56.9,86.2,114,118.5,102.4,94.2,89.8,86.8,101.5,111.3,93,63.1,42.3,38.6,36.3,43.1,59.4,85.9,105.1,102.6,104.7,118.9,129.2,119.7,109.8,106.7,99.5,71.9,37.1,26.9,30.5,29.2,51.4,84.9,113.2,136.4,123.8,108.4,111.7,113.8,100.8,78.3,59.6,64,82.6,74.7,71.8,82.5,,,,,,,,,,,,,,,,,,,,,,,,,,,,,,,,,,,,,,,,,TT,Y,,2008,4,2,03/09/08,27.921568627,24.800744876,25.436218527,21.623376623,,,,,39.4,54.7,47.6,38.2,23.3,13.6,44.3,80.8,86,95,114.3,131.1,129.1,120.6,106.2,90.8,76.5,57.6,32.9,24.2,34.3,31,47.7,76.5,89.7,93.6,97.4,113,111.3,94.2,61,30.1,27.3,41.5,30,21.9,26.8,38.3,23.4,18.5,36,31.3,13.2,22.5,23.6,17.7,,,,,,,,,,,,,,,,,,,,,,,,,,,,,,,,,,,,,,,,,,,,,114,118.5,102.4,94.2,89.8,86.8,101.5,111.3,93,63.1,42.3,38.6,36.3,43.1,59.4,85.9,105.1,102.6,104.7,118.9,129.2,119.7,109.8,106.7,99.5,71.9,37.1,26.9,30.5,29.2,51.4,84.9,113.2,136.4,123.8,108.4,111.7,113.8,100.8,78.3,59.6,64,82.6,74.7,71.8,82.5,,,,,,,,,,,,,,,,,,,,,,,,,,,,,,,,,,,,,,,,,2658,3929.9,57.782608696,85.432608696,115,55,5,5
005,04,A,S,2,3.7,94,100,0,8,38,54,46,1.5,1,0,0,90,803,29,3,50,39.6,24.5,,,,,,,,,,,,,,,,,,,,,,,,,,,,,,,,,,,,,,,,,,,,,,,,,,,,,,,,,,,,,,,,,,,,,,,,,,,,,,,,,,,,,,,,123.9,131.6,119.3,,,,,,,,,,,,,,,,,,,,,,,,,,,,,,,,,,,,,,,,,,,,,,,,,,,,,,,,,,,,,,,,,,,,,,,,,,,,,,,,,,,,,,,,TT,Y,,2008,5,2,03/09/08,25.405405405,24.800744876,25.436218527,21.623376623,,39.6,24.5,,,,,,,,,,,,,,,,,,,,,,,,,,,,,,,,,,,,,,,,,,,,,,,,,,,,,,,,,,,,,,,,,,,,,,,,,,,,,,,,,,,,,,,,,131.6,119.3,,,,,,,,,,,,,,,,,,,,,,,,,,,,,,,,,,,,,,,,,,,,,,,,,,,,,,,,,,,,,,,,,,,,,,,,,,,,,,,,,,,,,,,,64.1,250.9,32.05,125.45,55,115,2,2
006,04,A,E,2,30.8,666,63,2,46,28,26,-8,1.5,1,0,0,90,803,29,30,54.7,37.9,14.7,19,23.8,33.3,26.1,27.5,20,5.9,12.4,22.6,40.9,58.3,59.9,47.8,25,14.3,35,63.3,70.4,62.3,51.9,58.5,60.1,53.5,42.1,51.4,80.8,103.9,,,,,,,,,,,,,,,,,,,,,,,,,,,,,,,,,,,,,,,,,,,,,,,,,,,,,,,,,,,,,129.8,118.8,96.3,77,73.3,62.2,69.7,68.2,76,91.7,107.4,112.9,117,126.8,126.6,121.5,112.8,104.7,112.9,127.7,118,98.3,71.3,62.4,48.6,45.7,58.8,77.9,93.1,96.4,,,,,,,,,,,,,,,,,,,,,,,,,,,,,,,,,,,,,,,,,,,,,,,,,,,,,,,,,,,,,FS,Y,,2008,6,2,03/09/08,21.623376623,24.800744876,25.436218527,21.623376623,,,14.7,19,23.8,33.3,26.1,27.5,20,5.9,12.4,22.6,40.9,58.3,59.9,47.8,25,14.3,35,63.3,70.4,62.3,51.9,58.5,60.1,53.5,42.1,51.4,80.8,103.9,,,,,,,,,,,,,,,,,,,,,,,,,,,,,,,,,,,,,,,,,,,,,,,,,,,,,,,,,,,,,,,96.3,77,73.3,62.2,69.7,68.2,76,91.7,107.4,112.9,117,126.8,126.6,121.5,112.8,104.7,112.9,127.7,118,98.3,71.3,62.4,48.6,45.7,58.8,77.9,93.1,96.4,,,,,,,,,,,,,,,,,,,,,,,,,,,,,,,,,,,,,,,,,,,,,,,,,,,,,,,,,,,,,1184.7,2555.2,42.310714286,91.257142857,55,115,3,3
007,03,A,N,2,62.9,1850,21,28,1,1,98,-56,1.5,1,0,0,90,803,35,62,117,109.4,102.5,92.1,77.9,67.1,51,41.2,39.6,50.5,69.9,90.5,105.3,114.3,126.2,129.1,126.7,127.6,125.4,119.9,111.3,97.9,85.1,71.2,62.9,54,45.1,47.5,59.9,84.6,107.4,121.4,129.2,131.7,131.8,129.1,128.6,127.1,121.9,113.9,109.3,101.1,91.3,77.7,65,52.1,44.6,45.6,58.3,82,99.1,114.3,123.8,130.2,129.9,127.7,120.6,109.4,98.1,84.6,69,45.9,,,,,,,,,,,,,,,,,,,,,,,,,,,,,61.3,69.3,87.5,99.8,114.3,128.1,131.8,132.9,132.8,133.3,118.8,107.8,94.1,75.5,58.1,45.2,33,41.4,48.2,56.9,77.3,96.7,111.3,124.6,129,131.8,138.7,136.1,127.7,113.2,98.9,79.9,62.8,47.5,38.2,38.5,39.6,43,57.4,72.7,82.8,86.9,104.5,120.5,127.2,133.3,138.6,137.3,128.5,119.1,107,92.8,76.2,54.1,37.1,40.9,53.6,74.6,92.9,108.9,114.7,107.9,,,,,,,,,,,,,,,,,,,,,,,,,,,,,TT,Y,,2008,1,2,03/08/08,29.411764706,30.641578643,30.795868398,29.87012987,,,,92.1,77.9,67.1,51,41.2,39.6,50.5,69.9,90.5,105.3,114.3,126.2,129.1,126.7,127.6,125.4,119.9,111.3,97.9,85.1,71.2,62.9,54,45.1,47.5,59.9,84.6,107.4,121.4,129.2,131.7,131.8,129.1,128.6,127.1,121.9,113.9,109.3,101.1,91.3,77.7,65,52.1,44.6,45.6,58.3,82,99.1,114.3,123.8,130.2,129.9,127.7,120.6,109.4,98.1,84.6,69,45.9,,,,,,,,,,,,,,,,,,,,,,,,,,,,,,,,99.8,114.3,128.1,131.8,132.9,132.8,133.3,118.8,107.8,94.1,75.5,58.1,45.2,33,41.4,48.2,56.9,77.3,96.7,111.3,124.6,129,131.8,138.7,136.1,127.7,113.2,98.9,79.9,62.8,47.5,38.2,38.5,39.6,43,57.4,72.7,82.8,86.9,104.5,120.5,127.2,133.3,138.6,137.3,128.5,119.1,107,92.8,76.2,54.1,37.1,40.9,53.6,74.6,92.9,108.9,114.7,107.9,,,,,,,,,,,,,,,,,,,,,,,,,,,,,5495.5,5456.3,93.144067797,92.479661017,115,55,4,4
008,03,A,W,2,58,1868,24,30,13,38,49,-61,1.5,1,0,0,90,803,35,57,118.1,115.1,122.4,121.9,107,86.9,76.7,67.9,46.6,21.3,31.1,54.3,61.3,70.5,80.9,100.5,126,130.9,121.7,109,100.5,96.7,81.4,60.6,41.3,38.5,42.2,52.2,82,97.7,104.3,106,110.4,117.7,114.7,98.6,81.3,66.3,47.9,37.1,33.7,44.2,76.9,98.7,104.4,117.4,127.6,123.6,118.5,107.3,86.2,59.9,31.9,24.8,51.7,51.6,35.4,,,,,,,,,,,,,,,,,,,,,,,,,,,,,,,,,,43,22.9,35.1,50,61.8,82.6,109.9,123.9,121.2,113.8,117.1,127.9,111.8,89.1,58.1,31.9,38.6,41.1,28,36.2,68.6,95.2,106.9,120.3,122.5,133.1,130.4,114.8,107.5,90.4,61.9,31,18.5,46.8,66.3,82.2,105.1,123,126.4,131,120.6,108.9,107.9,98.8,75.9,55.2,41.7,29.8,39.1,53.9,70.1,75.1,74.6,78.1,82,71.8,76.7,,,,,,,,,,,,,,,,,,,,,,,,,,,,,,,,,,TT,Y,,2008,2,2,03/08/08,32.206896552,30.641578643,30.795868398,29.87012987,,,,121.9,107,86.9,76.7,67.9,46.6,21.3,31.1,54.3,61.3,70.5,80.9,100.5,126,130.9,121.7,109,100.5,96.7,81.4,60.6,41.3,38.5,42.2,52.2,82,97.7,104.3,106,110.4,117.7,114.7,98.6,81.3,66.3,47.9,37.1,33.7,44.2,76.9,98.7,104.4,117.4,127.6,123.6,118.5,107.3,86.2,59.9,31.9,24.8,51.7,51.6,35.4,,,,,,,,,,,,,,,,,,,,,,,,,,,,,,,,,,,,,50,61.8,82.6,109.9,123.9,121.2,113.8,117.1,127.9,111.8,89.1,58.1,31.9,38.6,41.1,28,36.2,68.6,95.2,106.9,120.3,122.5,133.1,130.4,114.8,107.5,90.4,61.9,31,18.5,46.8,66.3,82.2,105.1,123,126.4,131,120.6,108.9,107.9,98.8,75.9,55.2,41.7,29.8,39.1,53.9,70.1,75.1,74.6,78.1,82,71.8,76.7,,,,,,,,,,,,,,,,,,,,,,,,,,,,,,,,,,4285.7,4485.1,79.364814815,83.057407407,115,55,4,4
009,03,A,S,2,49.4,1387,34,23,21,46,33,-70,1.5,1,2,0,90,803,35,49,66.4,53.4,43.3,40.1,39,40.7,38.4,40.7,55.4,74.8,82.8,77,63.6,57.1,70.8,80.1,61.4,38.9,39.2,49.3,54.6,64.6,74.5,79.8,84.9,97.5,117.4,127.4,118.9,103.5,74,50.2,37.2,30.2,26.5,38.5,53.5,50.7,42.6,40.4,55.9,83.4,106.6,119.3,113.9,95.8,68.7,45.8,21.4,,,,,,,,,,,,,,,,,,,,,,,,,,,,,,,,,,,,,,,,,,106.8,95.5,107.4,128.2,133.8,135.7,129.1,115.5,95.9,72.9,49.4,26.3,39.3,75.4,102.5,115.3,119.7,122.8,133.2,135.1,121.8,103.7,78.6,51.5,19.7,24.3,51.9,58.9,64.2,73.7,85.7,103.9,119.9,124.7,114.8,119,131.2,118.4,95.4,68.5,40.3,12.9,16.4,41.6,51.6,58,74.4,89.6,98.3,,,,,,,,,,,,,,,,,,,,,,,,,,,,,,,,,,,,,,,,,,TT,Y,,2008,3,2,03/08/08,28.076923077,30.641578643,30.795868398,29.87012987,,53.4,43.3,40.1,39,40.7,38.4,40.7,55.4,74.8,82.8,77,63.6,57.1,70.8,80.1,61.4,38.9,39.2,49.3,54.6,64.6,74.5,79.8,84.9,97.5,117.4,127.4,118.9,103.5,74,50.2,37.2,30.2,26.5,38.5,53.5,50.7,42.6,40.4,55.9,83.4,106.6,119.3,113.9,95.8,68.7,45.8,21.4,,,,,,,,,,,,,,,,,,,,,,,,,,,,,,,,,,,,,,,,,,,95.5,107.4,128.2,133.8,135.7,129.1,115.5,95.9,72.9,49.4,26.3,39.3,75.4,102.5,115.3,119.7,122.8,133.2,135.1,121.8,103.7,78.6,51.5,19.7,24.3,51.9,58.9,64.2,73.7,85.7,103.9,119.9,124.7,114.8,119,131.2,118.4,95.4,68.5,40.3,12.9,16.4,41.6,51.6,58,74.4,89.6,98.3,,,,,,,,,,,,,,,,,,,,,,,,,,,,,,,,,,,,,,,,,,3123.7,4145.9,65.077083333,86.372916667,55,115,2,2
007,04,A,W,2,53.5,1765,25,28,6,18,76,-80,1.5,1,0,0,90,803,35,53,127.2,124.2,119.5,112.9,102.6,86.3,69,62.1,48.6,41.3,44.4,61.5,77.4,90.7,107.4,126,130.9,131.4,129.1,123.1,115.6,105.1,90.9,76.7,67,54.4,43.9,46.7,53.1,77,99.8,118.1,126,128.2,130.6,131,123,108.2,85,60.6,41.5,30.4,38.9,61.7,67.7,50.9,37.7,59.9,86.8,90.5,75.9,50.7,21.4,,,,,,,,,,,,,,,,,,,,,,,,,,,,,,,,,,,,,,50.8,31.2,37.6,53.7,77.9,101,114.9,129.8,133.7,135.6,134,126,110.3,90.3,70,59.8,50.1,38.5,39,52.6,68.8,84.1,106,116.6,124.7,132.2,136.8,136.7,129.7,114.7,98.3,86.3,68.8,46.3,38.8,37.1,32.7,38,58.7,88.8,108.6,121.8,125.7,125.8,105.1,81.8,61.5,58.6,84.8,103,116.2,121.3,109.8,,,,,,,,,,,,,,,,,,,,,,,,,,,,,,,,,,,,,,TT,Y,,2008,4,2,03/09/08,32.990654206,30.641578643,30.795868398,29.87012987,,,,112.9,102.6,86.3,69,62.1,48.6,41.3,44.4,61.5,77.4,90.7,107.4,126,130.9,131.4,129.1,123.1,115.6,105.1,90.9,76.7,67,54.4,43.9,46.7,53.1,77,99.8,118.1,126,128.2,130.6,131,123,108.2,85,60.6,41.5,30.4,38.9,61.7,67.7,50.9,37.7,59.9,86.8,90.5,75.9,50.7,21.4,,,,,,,,,,,,,,,,,,,,,,,,,,,,,,,,,,,,,,,,,53.7,77.9,101,114.9,129.8,133.7,135.6,134,126,110.3,90.3,70,59.8,50.1,38.5,39,52.6,68.8,84.1,106,116.6,124.7,132.2,136.8,136.7,129.7,114.7,98.3,86.3,68.8,46.3,38.8,37.1,32.7,38,58.7,88.8,108.6,121.8,125.7,125.8,105.1,81.8,61.5,58.6,84.8,103,116.2,121.3,109.8,,,,,,,,,,,,,,,,,,,,,,,,,,,,,,,,,,,,,,4099.6,4585.3,81.992,91.706,115,55,4,4
008,04,A,S,2,46.4,1452,26,31,12,40,48,-32,1.5,1,0,0,90,803,35,46,76.7,38.1,32.3,44,71.3,91.6,104.2,118.7,127.4,129.2,124.1,111.1,91,67.6,48.1,34.3,35.4,55.4,71.8,77,84.9,101.1,112.1,120.4,121,114.8,100.3,78.8,53.6,36.9,41.9,53.3,48.7,63.9,91.6,120.9,125.5,128.5,122.5,112.5,98.1,78.6,54.2,34.9,30.7,13.5,,,,,,,,,,,,,,,,,,,,,,,,,,,,,,,,,,,,,,,,,,,,,117.1,127.3,124.2,113.3,108.3,94.6,71.7,52.1,42.1,34.8,38.9,53.2,72.4,95.9,111.5,122.7,127.6,130.9,127.5,118.1,103.8,89.2,71.8,54,36.1,22.3,34.9,55.3,67.8,93.4,122.8,121.7,94.7,68.9,71.5,76.7,60.7,57.2,36.3,20.4,32.9,60.7,83.1,109.7,124.5,107.1,,,,,,,,,,,,,,,,,,,,,,,,,,,,,,,,,,,,,,,,,,,,,TT,Y,,2008,5,2,03/09/08,31.293103448,30.641578643,30.795868398,29.87012987,,38.1,32.3,44,71.3,91.6,104.2,118.7,127.4,129.2,124.1,111.1,91,67.6,48.1,34.3,35.4,55.4,71.8,77,84.9,101.1,112.1,120.4,121,114.8,100.3,78.8,53.6,36.9,41.9,53.3,48.7,63.9,91.6,120.9,125.5,128.5,122.5,112.5,98.1,78.6,54.2,34.9,30.7,13.5,,,,,,,,,,,,,,,,,,,,,,,,,,,,,,,,,,,,,,,,,,,,,,127.3,124.2,113.3,108.3,94.6,71.7,52.1,42.1,34.8,38.9,53.2,72.4,95.9,111.5,122.7,127.6,130.9,127.5,118.1,103.8,89.2,71.8,54,36.1,22.3,34.9,55.3,67.8,93.4,122.8,121.7,94.7,68.9,71.5,76.7,60.7,57.2,36.3,20.4,32.9,60.7,83.1,109.7,124.5,107.1,,,,,,,,,,,,,,,,,,,,,,,,,,,,,,,,,,,,,,,,,,,,,3615.8,3644.6,80.351111111,80.991111111,55,115,2,2
009,04,A,E,2,30.8,920,41,15,42,35,23,83,1.5,1,1,0,90,803,35,30,67.6,72.7,77.4,80,75.2,76.9,74.5,56.2,24.9,13.5,21.6,39.7,34.4,27.9,42.4,74.8,98.3,96.2,89.6,88.7,92.3,79.8,51.8,30.2,39.3,42.8,28.6,9.1,19.4,44.3,,,,,,,,,,,,,,,,,,,,,,,,,,,,,,,,,,,,,,,,,,,,,,,,,,,,,,,,,,,,,122.3,101,72,42.7,22.6,42,69.8,89.4,107.2,107.8,116.5,134.2,127.8,108.3,96.7,103.7,100.9,78.3,45.9,13.2,27.5,45.4,66.7,101.6,130,136.8,119.2,99.1,94.6,92.8,,,,,,,,,,,,,,,,,,,,,,,,,,,,,,,,,,,,,,,,,,,,,,,,,,,,,,,,,,,,,FS,Y,,2008,6,2,03/09/08,29.87012987,30.641578643,30.795868398,29.87012987,,72.7,77.4,80,75.2,76.9,74.5,56.2,24.9,13.5,21.6,39.7,34.4,27.9,42.4,74.8,98.3,96.2,89.6,88.7,92.3,79.8,51.8,30.2,39.3,42.8,28.6,9.1,19.4,44.3,,,,,,,,,,,,,,,,,,,,,,,,,,,,,,,,,,,,,,,,,,,,,,,,,,,,,,,,,,,,,,101,72,42.7,22.6,42,69.8,89.4,107.2,107.8,116.5,134.2,127.8,108.3,96.7,103.7,100.9,78.3,45.9,13.2,27.5,45.4,66.7,101.6,130,136.8,119.2,99.1,94.6,92.8,,,,,,,,,,,,,,,,,,,,,,,,,,,,,,,,,,,,,,,,,,,,,,,,,,,,,,,,,,,,,1602.5,2493.7,55.25862069,85.989655172,55,115,2,2
001,03,B,W,2,10.2,292,42,36,45,22,33,-93,1.5,0,0,0,90,803,59,10,131.3,130.7,124,104.3,74.5,34.6,37.6,31.7,23.6,14.2,,,,,,,,,,,,,,,,,,,,,,,,,,,,,,,,,,,,,,,,,,,,,,,,,,,,,,,,,,,,,,,,,,,,,,,,,,,,,,,,,45.6,36.7,44.2,50,55.3,81.5,103.3,96.1,83.4,83.8,,,,,,,,,,,,,,,,,,,,,,,,,,,,,,,,,,,,,,,,,,,,,,,,,,,,,,,,,,,,,,,,,,,,,,,,,,,,,,,,,TT,Y,,2008,1,2,03/08/08,28.62745098,26.172590071,26.595419773,24.058441558,,,,104.3,74.5,34.6,37.6,31.7,23.6,14.2,,,,,,,,,,,,,,,,,,,,,,,,,,,,,,,,,,,,,,,,,,,,,,,,,,,,,,,,,,,,,,,,,,,,,,,,,,,,,,,,,,,,50,55.3,81.5,103.3,96.1,83.4,83.8,,,,,,,,,,,,,,,,,,,,,,,,,,,,,,,,,,,,,,,,,,,,,,,,,,,,,,,,,,,,,,,,,,,,,,,,,,,,,,,,,320.5,553.4,45.785714286,79.057142857,115,55,4,4
002,03,B,S,2,2.4,60,100,0,34,47,19,9,1.5,1,0,0,90,803,59,2,51.3,22,,,,,,,,,,,,,,,,,,,,,,,,,,,,,,,,,,,,,,,,,,,,,,,,,,,,,,,,,,,,,,,,,,,,,,,,,,,,,,,,,,,,,,,,,120,105.1,,,,,,,,,,,,,,,,,,,,,,,,,,,,,,,,,,,,,,,,,,,,,,,,,,,,,,,,,,,,,,,,,,,,,,,,,,,,,,,,,,,,,,,,,TT,Y,,2008,2,2,03/08/08,25,26.172590071,26.595419773,24.058441558,,,,,,,,,,,,,,,,,,,,,,,,,,,,,,,,,,,,,,,,,,,,,,,,,,,,,,,,,,,,,,,,,,,,,,,,,,,,,,,,,,,,,,,,,,,,,,,,,,,,,,,,,,,,,,,,,,,,,,,,,,,,,,,,,,,,,,,,,,,,,,,,,,,,,,,,,,,,,,,,,,,,,,,,,,,,,,,,,,,,,0,0,0,0,55,115,2,2
003,03,B,E,2,51.6,1301,36,24,40,22,38,81,1.5,1,0,0,90,803,59,51,60,57.7,53.5,34.3,23.6,28,25.1,19,25.2,18.7,23.6,26.7,42.8,73.6,109.8,125.1,129.8,132.2,131.8,129.6,125.2,116.4,106.9,87.7,69.6,49.6,25,16.9,19,39.9,68.2,84.3,77.3,53.8,24.8,21.1,22.1,38.2,48.5,69.7,94.3,110.5,117.8,124.9,130.3,131,129.1,115.4,92.4,58,22.4,,,,,,,,,,,,,,,,,,,,,,,,,,,,,,,,,,,,,,,,115.1,84,68.1,76.4,84.2,90.3,81,79.2,86.9,96.4,105.9,98.1,86.9,76.5,74.4,72.1,58.2,47,41.8,39.5,46.7,59.5,78.4,94.5,112,122.8,115.1,103.7,83.5,58.3,40.2,46.3,59.2,71.5,94,109.7,116.4,127.1,123.6,116.6,107.7,95.7,84.6,71.4,57.1,43.3,34.6,21.6,14.5,39.8,77,,,,,,,,,,,,,,,,,,,,,,,,,,,,,,,,,,,,,,,,TT,Y,,2008,3,2,03/08/08,25.213178295,26.172590071,26.595419773,24.058441558,,57.7,53.5,34.3,23.6,28,25.1,19,25.2,18.7,23.6,26.7,42.8,73.6,109.8,125.1,129.8,132.2,131.8,129.6,125.2,116.4,106.9,87.7,69.6,49.6,25,16.9,19,39.9,68.2,84.3,77.3,53.8,24.8,21.1,22.1,38.2,48.5,69.7,94.3,110.5,117.8,124.9,130.3,131,129.1,115.4,92.4,58,22.4,,,,,,,,,,,,,,,,,,,,,,,,,,,,,,,,,,,,,,,,,84,68.1,76.4,84.2,90.3,81,79.2,86.9,96.4,105.9,98.1,86.9,76.5,74.4,72.1,58.2,47,41.8,39.5,46.7,59.5,78.4,94.5,112,122.8,115.1,103.7,83.5,58.3,40.2,46.3,59.2,71.5,94,109.7,116.4,127.1,123.6,116.6,107.7,95.7,84.6,71.4,57.1,43.3,34.6,21.6,14.5,39.8,77,,,,,,,,,,,,,,,,,,,,,,,,,,,,,,,,,,,,,,,,3500.4,3873.3,70.008,77.466,55,115,2,2
001,04,B,E,2,12.1,351,20,44,35,12,53,106,1.5,1,0,0,90,803,59,12,76.6,90.3,105.2,117.7,124.8,126.3,120,103.7,78.7,44.6,20.8,14,,,,,,,,,,,,,,,,,,,,,,,,,,,,,,,,,,,,,,,,,,,,,,,,,,,,,,,,,,,,,,,,,,,,,,,,,,,,,,,119.2,103,82.4,61.1,42,31.8,27.9,26.8,35.4,57.1,77.8,88.8,,,,,,,,,,,,,,,,,,,,,,,,,,,,,,,,,,,,,,,,,,,,,,,,,,,,,,,,,,,,,,,,,,,,,,,,,,,,,,,TT,Y,,2008,4,2,03/09/08,29.008264463,26.172590071,26.595419773,24.058441558,,90.3,105.2,117.7,124.8,126.3,120,103.7,78.7,44.6,20.8,14,,,,,,,,,,,,,,,,,,,,,,,,,,,,,,,,,,,,,,,,,,,,,,,,,,,,,,,,,,,,,,,,,,,,,,,,,,,,,,,,103,82.4,61.1,42,31.8,27.9,26.8,35.4,57.1,77.8,88.8,,,,,,,,,,,,,,,,,,,,,,,,,,,,,,,,,,,,,,,,,,,,,,,,,,,,,,,,,,,,,,,,,,,,,,,,,,,,,,,946.1,634.1,86.009090909,57.645454545,55,115,2,2
002,04,B,N,2,19.5,490,17,62,50,14,36,86,1.5,1,1,0,90,803,59,19,117.7,119.8,129.1,127.4,108.9,87.3,57.5,40.9,30.6,35.6,61.1,92.9,122.4,130.1,125.4,110.1,81.1,51.4,23.9,,,,,,,,,,,,,,,,,,,,,,,,,,,,,,,,,,,,,,,,,,,,,,,,,,,,,,,,,,,,,,,,,,,,,,,,55.3,39.2,35.3,42.1,35.8,35.5,46.7,55.7,66.2,60.9,34.2,9.8,28.9,36.2,37.6,36.2,40.4,55.6,74,,,,,,,,,,,,,,,,,,,,,,,,,,,,,,,,,,,,,,,,,,,,,,,,,,,,,,,,,,,,,,,,,,,,,,,,TT,Y,,2008,5,2,03/09/08,25.128205128,26.172590071,26.595419773,24.058441558,,,,127.4,108.9,87.3,57.5,40.9,30.6,35.6,61.1,92.9,122.4,130.1,125.4,110.1,81.1,51.4,23.9,,,,,,,,,,,,,,,,,,,,,,,,,,,,,,,,,,,,,,,,,,,,,,,,,,,,,,,,,,,,,,,,,,,,,,,,,,,42.1,35.8,35.5,46.7,55.7,66.2,60.9,34.2,9.8,28.9,36.2,37.6,36.2,40.4,55.6,74,,,,,,,,,,,,,,,,,,,,,,,,,,,,,,,,,,,,,,,,,,,,,,,,,,,,,,,,,,,,,,,,,,,,,,,,1286.6,695.8,80.4125,43.4875,115,55,4,4
003,04,B,W,2,30.8,741,38,35,60,10,30,-83,1.5,4,1,0,90,803,59,30,123.9,115.4,90.7,56.7,28.8,23.2,19,22.4,18.4,27.4,40.6,36.4,17.6,6.2,9.7,18.4,35.2,52.4,73.9,90.6,102.8,112.7,125.2,125,127.6,128.2,118.2,93.7,59.6,30.1,,,,,,,,,,,,,,,,,,,,,,,,,,,,,,,,,,,,,,,,,,,,,,,,,,,,,,,,,,,,,45.5,24.3,10.2,38.5,66.9,72.2,76.5,78.7,91.9,78.5,77.1,83,85.7,95.4,89.4,79,75.9,87,106.1,105.8,91.1,69.8,54.4,37.7,33,34.8,32.5,31,48,70.2,,,,,,,,,,,,,,,,,,,,,,,,,,,,,,,,,,,,,,,,,,,,,,,,,,,,,,,,,,,,,FS,Y,,2008,6,2,03/09/08,24.058441558,26.172590071,26.595419773,24.058441558,,,,,28.8,23.2,19,22.4,18.4,27.4,40.6,36.4,17.6,6.2,9.7,18.4,35.2,52.4,73.9,90.6,102.8,112.7,125.2,125,127.6,128.2,118.2,93.7,59.6,30.1,,,,,,,,,,,,,,,,,,,,,,,,,,,,,,,,,,,,,,,,,,,,,,,,,,,,,,,,,,,,,,,,,66.9,72.2,76.5,78.7,91.9,78.5,77.1,83,85.7,95.4,89.4,79,75.9,87,106.1,105.8,91.1,69.8,54.4,37.7,33,34.8,32.5,31,48,70.2,,,,,,,,,,,,,,,,,,,,,,,,,,,,,,,,,,,,,,,,,,,,,,,,,,,,,,,,,,,,,1543.3,1851.6,59.357692308,71.215384615,115,55,5,5
010,03,B,W,2,25.2,837,19,46,10,13,77,-97,1.5,0,0,0,90,803,67,25,128.7,131.8,129,119.1,103.7,84.6,69.3,51.4,33.4,39.3,55.1,74.5,93.5,107.9,118.6,123.2,131,128.4,125.3,124.1,111.3,103.5,91.6,62.3,26.1,,,,,,,,,,,,,,,,,,,,,,,,,,,,,,,,,,,,,,,,,,,,,,,,,,,,,,,,,,,,,,,,,,63.6,45.8,40.9,61.4,85.2,104.9,124.1,132.9,127.4,129.6,129.9,116.2,106.1,93.2,67.2,43.3,38.7,35.4,43.9,44,21.2,19.8,39.5,54.5,73.5,,,,,,,,,,,,,,,,,,,,,,,,,,,,,,,,,,,,,,,,,,,,,,,,,,,,,,,,,,,,,,,,,,TT,Y,,2008,1,2,03/08/08,33.214285714,27.353036594,27.43148705,26.960784314,,,,119.1,103.7,84.6,69.3,51.4,33.4,39.3,55.1,74.5,93.5,107.9,118.6,123.2,131,128.4,125.3,124.1,111.3,103.5,91.6,62.3,26.1,,,,,,,,,,,,,,,,,,,,,,,,,,,,,,,,,,,,,,,,,,,,,,,,,,,,,,,,,,,,,,,,,,,,,61.4,85.2,104.9,124.1,132.9,127.4,129.6,129.9,116.2,106.1,93.2,67.2,43.3,38.7,35.4,43.9,44,21.2,19.8,39.5,54.5,73.5,,,,,,,,,,,,,,,,,,,,,,,,,,,,,,,,,,,,,,,,,,,,,,,,,,,,,,,,,,,,,,,,,,1977.2,1691.9,89.872727273,76.904545455,115,55,4,4
011,03,B,S,2,19.1,501,55,10,57,28,15,32,1.5,2,0,0,90,803,67,19,63.7,38.3,15.1,32.9,49.8,47.3,29.1,31.7,41.9,23.4,16,39.2,55.7,66.1,72.5,63.6,38.9,15.5,8.5,,,,,,,,,,,,,,,,,,,,,,,,,,,,,,,,,,,,,,,,,,,,,,,,,,,,,,,,,,,,,,,,,,,,,,,,125.3,119.6,97.1,70.6,59.6,72.2,95.2,122.4,136.7,116.6,82.7,56.2,40.9,44.2,68.6,87.7,98.1,106.9,100.6,,,,,,,,,,,,,,,,,,,,,,,,,,,,,,,,,,,,,,,,,,,,,,,,,,,,,,,,,,,,,,,,,,,,,,,,TT,Y,,2008,2,2,03/08/08,26.230366492,27.353036594,27.43148705,26.960784314,,38.3,15.1,32.9,49.8,47.3,29.1,31.7,41.9,23.4,16,39.2,55.7,66.1,72.5,63.6,38.9,15.5,8.5,,,,,,,,,,,,,,,,,,,,,,,,,,,,,,,,,,,,,,,,,,,,,,,,,,,,,,,,,,,,,,,,,,,,,,,,,119.6,97.1,70.6,59.6,72.2,95.2,122.4,136.7,116.6,82.7,56.2,40.9,44.2,68.6,87.7,98.1,106.9,100.6,,,,,,,,,,,,,,,,,,,,,,,,,,,,,,,,,,,,,,,,,,,,,,,,,,,,,,,,,,,,,,,,,,,,,,,,685.5,1575.9,38.083333333,87.55,55,115,2,2
012,03,B,E,2,8.3,229,23,5,79,10,11,76,1.5,1,0,0,90,803,67,8,60.9,54,50.4,47.1,56.1,58.8,36.6,10.9,,,,,,,,,,,,,,,,,,,,,,,,,,,,,,,,,,,,,,,,,,,,,,,,,,,,,,,,,,,,,,,,,,,,,,,,,,,,,,,,,,,119.9,92.1,67,50.4,54.9,76.1,91.7,96.6,,,,,,,,,,,,,,,,,,,,,,,,,,,,,,,,,,,,,,,,,,,,,,,,,,,,,,,,,,,,,,,,,,,,,,,,,,,,,,,,,,,TT,Y,,2008,3,2,03/08/08,27.590361446,27.353036594,27.43148705,26.960784314,,54,50.4,47.1,56.1,58.8,36.6,10.9,,,,,,,,,,,,,,,,,,,,,,,,,,,,,,,,,,,,,,,,,,,,,,,,,,,,,,,,,,,,,,,,,,,,,,,,,,,,,,,,,,,,92.1,67,50.4,54.9,76.1,91.7,96.6,,,,,,,,,,,,,,,,,,,,,,,,,,,,,,,,,,,,,,,,,,,,,,,,,,,,,,,,,,,,,,,,,,,,,,,,,,,,,,,,,,,313.9,528.8,44.842857143,75.542857143,55,115,2,2
010,04,B,E,2,6.7,183,19,23,78,13,9,59,1.5,1,0,0,90,803,67,6,58.7,42.5,41.6,60.3,55.8,32.9,,,,,,,,,,,,,,,,,,,,,,,,,,,,,,,,,,,,,,,,,,,,,,,,,,,,,,,,,,,,,,,,,,,,,,,,,,,,,,,,,,,,,113.6,88.8,60.2,35.3,43.2,67,,,,,,,,,,,,,,,,,,,,,,,,,,,,,,,,,,,,,,,,,,,,,,,,,,,,,,,,,,,,,,,,,,,,,,,,,,,,,,,,,,,,,TT,Y,,2008,4,2,03/09/08,27.313432836,27.353036594,27.43148705,26.960784314,,42.5,41.6,60.3,55.8,32.9,,,,,,,,,,,,,,,,,,,,,,,,,,,,,,,,,,,,,,,,,,,,,,,,,,,,,,,,,,,,,,,,,,,,,,,,,,,,,,,,,,,,,,88.8,60.2,35.3,43.2,67,,,,,,,,,,,,,,,,,,,,,,,,,,,,,,,,,,,,,,,,,,,,,,,,,,,,,,,,,,,,,,,,,,,,,,,,,,,,,,,,,,,,,233.1,294.5,46.62,58.9,55,115,2,2
011,04,B,N,2,8.9,203,31,41,71,13,16,83,1.5,0,0,0,90,803,67,8,117.3,112.8,93.8,65.5,36.7,23.7,33.5,34.4,,,,,,,,,,,,,,,,,,,,,,,,,,,,,,,,,,,,,,,,,,,,,,,,,,,,,,,,,,,,,,,,,,,,,,,,,,,,,,,,,,,55.9,33.5,16.8,32.6,60.8,84.2,83.5,93.8,,,,,,,,,,,,,,,,,,,,,,,,,,,,,,,,,,,,,,,,,,,,,,,,,,,,,,,,,,,,,,,,,,,,,,,,,,,,,,,,,,,TT,Y,,2008,5,2,03/09/08,22.808988764,27.353036594,27.43148705,26.960784314,,,,65.5,36.7,23.7,33.5,34.4,,,,,,,,,,,,,,,,,,,,,,,,,,,,,,,,,,,,,,,,,,,,,,,,,,,,,,,,,,,,,,,,,,,,,,,,,,,,,,,,,,,,,,32.6,60.8,84.2,83.5,93.8,,,,,,,,,,,,,,,,,,,,,,,,,,,,,,,,,,,,,,,,,,,,,,,,,,,,,,,,,,,,,,,,,,,,,,,,,,,,,,,,,,,193.8,354.9,38.76,70.98,115,55,4,4
012,04,B,W,2,30.6,825,33,21,18,43,39,17,1.5,3,0,0,90,803,67,30,119,92.7,64,32.7,9,13.8,22.2,25.1,41.5,60.5,70.5,47.9,21,21.5,45.8,60.5,66,76.5,72.5,72.6,93.6,119.7,126.2,123,122.3,129.8,124.6,111.9,88.8,56.7,,,,,,,,,,,,,,,,,,,,,,,,,,,,,,,,,,,,,,,,,,,,,,,,,,,,,,,,,,,,,71.3,65.6,67.7,81.8,98.5,107.7,116.9,117,110.7,105.2,116.5,115.8,108.2,116,134.8,130.6,111,101.8,83.5,53,36.1,42.2,38.8,28.3,33.9,52.9,69.2,85.2,91.8,91.7,,,,,,,,,,,,,,,,,,,,,,,,,,,,,,,,,,,,,,,,,,,,,,,,,,,,,,,,,,,,,FS,Y,,2008,6,2,03/09/08,26.960784314,27.353036594,27.43148705,26.960784314,,,,32.7,9,13.8,22.2,25.1,41.5,60.5,70.5,47.9,21,21.5,45.8,60.5,66,76.5,72.5,72.6,93.6,119.7,126.2,123,122.3,129.8,124.6,111.9,88.8,56.7,,,,,,,,,,,,,,,,,,,,,,,,,,,,,,,,,,,,,,,,,,,,,,,,,,,,,,,,,,,,,,,,81.8,98.5,107.7,116.9,117,110.7,105.2,116.5,115.8,108.2,116,134.8,130.6,111,101.8,83.5,53,36.1,42.2,38.8,28.3,33.9,52.9,69.2,85.2,91.8,91.7,,,,,,,,,,,,,,,,,,,,,,,,,,,,,,,,,,,,,,,,,,,,,,,,,,,,,,,,,,,,,1856.2,2379.1,68.748148148,88.114814815,115,55,4,4
022,03,B,W,2,24.8,359,5,86,50,17,33,-81,1.5,0,0,0,90,803,82,24,126,121.8,124.4,125.1,119.6,123.3,130.5,131.4,126.6,119.6,120,108,91.7,83.5,76.4,67.7,54,50.4,51.5,60.6,64.4,62.4,53.3,36.6,,,,,,,,,,,,,,,,,,,,,,,,,,,,,,,,,,,,,,,,,,,,,,,,,,,,,,,,,,,,,,,,,,,60.4,52.4,50.7,47.7,37.2,32.6,38.3,38.8,33.1,25,27.5,22.8,19,17.4,21.8,32.3,42.2,45.9,46.7,37,34,33,42.1,58.9,,,,,,,,,,,,,,,,,,,,,,,,,,,,,,,,,,,,,,,,,,,,,,,,,,,,,,,,,,,,,,,,,,,TT,Y,,2008,1,2,03/08/08,14.475806452,16.187514263,17.285944268,10.695364238,,,,,,,130.5,131.4,126.6,119.6,120,108,91.7,83.5,76.4,67.7,54,50.4,51.5,60.6,64.4,62.4,53.3,36.6,,,,,,,,,,,,,,,,,,,,,,,,,,,,,,,,,,,,,,,,,,,,,,,,,,,,,,,,,,,,,,,,,,,,,,,,,38.3,38.8,33.1,25,27.5,22.8,19,17.4,21.8,32.3,42.2,45.9,46.7,37,34,33,42.1,58.9,,,,,,,,,,,,,,,,,,,,,,,,,,,,,,,,,,,,,,,,,,,,,,,,,,,,,,,,,,,,,,,,,,,1488.6,615.8,82.7,34.211111111,115,55,7,7
023,03,B,S,2,10.1,187,22,0,74,19,7,-66,1.5,2,0,0,90,803,82,10,64.1,60.6,64.6,58.8,62.5,61.2,53.3,39.9,28.5,18.9,,,,,,,,,,,,,,,,,,,,,,,,,,,,,,,,,,,,,,,,,,,,,,,,,,,,,,,,,,,,,,,,,,,,,,,,,,,,,,,,,118.8,102,84.4,73,63,62.6,62.1,64.5,71.9,84.4,,,,,,,,,,,,,,,,,,,,,,,,,,,,,,,,,,,,,,,,,,,,,,,,,,,,,,,,,,,,,,,,,,,,,,,,,,,,,,,,,TT,Y,,2008,2,2,03/08/08,18.514851485,16.187514263,17.285944268,10.695364238,,,64.6,58.8,62.5,61.2,53.3,39.9,28.5,18.9,,,,,,,,,,,,,,,,,,,,,,,,,,,,,,,,,,,,,,,,,,,,,,,,,,,,,,,,,,,,,,,,,,,,,,,,,,,,,,,,,,,84.4,73,63,62.6,62.1,64.5,71.9,84.4,,,,,,,,,,,,,,,,,,,,,,,,,,,,,,,,,,,,,,,,,,,,,,,,,,,,,,,,,,,,,,,,,,,,,,,,,,,,,,,,,387.7,565.9,48.4625,70.7375,55,115,3,3
024,03,B,E,2,5.9,103,25,8,46,36,18,56,1.5,0,0,0,90,803,82,5,56.9,52.4,51.5,39.9,31.7,,,,,,,,,,,,,,,,,,,,,,,,,,,,,,,,,,,,,,,,,,,,,,,,,,,,,,,,,,,,,,,,,,,,,,,,,,,,,,,,,,,,,,121.2,109.4,105.2,91.2,89.3,,,,,,,,,,,,,,,,,,,,,,,,,,,,,,,,,,,,,,,,,,,,,,,,,,,,,,,,,,,,,,,,,,,,,,,,,,,,,,,,,,,,,,TT,Y,,2008,3,2,03/08/08,17.457627119,16.187514263,17.285944268,10.695364238,,,51.5,39.9,31.7,,,,,,,,,,,,,,,,,,,,,,,,,,,,,,,,,,,,,,,,,,,,,,,,,,,,,,,,,,,,,,,,,,,,,,,,,,,,,,,,,,,,,,,,105.2,91.2,89.3,,,,,,,,,,,,,,,,,,,,,,,,,,,,,,,,,,,,,,,,,,,,,,,,,,,,,,,,,,,,,,,,,,,,,,,,,,,,,,,,,,,,,,123.1,285.7,41.033333333,95.233333333,55,115,3,3
022,04,B,E,2,60.1,1061,26,6,36,29,35,81,1.5,4,0,0,90,803,82,60,62.8,71.5,88.6,87.8,85.3,83.2,81.7,89.7,102.4,114.6,115.1,114.8,116,116,111.2,110.2,105.9,96.8,85.6,67.8,49.8,32.7,19.8,18.4,19.3,22.2,30.7,34.4,34,32.4,26.1,18.2,14.7,18.3,15.4,19.9,35.8,69.1,74.2,69.9,64.4,60.3,44.2,50.2,56.8,61.6,70.2,84,84.8,90.4,98,104.6,105.2,106.1,106,99.2,88.2,69.4,47.5,25.5,,,,,,,,,,,,,,,,,,,,,,,,,,,,,,,122,110.1,108.9,100.7,94.8,90.1,80.6,70.4,68,70.8,65.9,68.8,66.4,65.6,59.5,55,56.8,55.1,57.8,57.8,59.6,72.2,87.1,102.8,111,117.1,125.1,127.3,126.5,127.3,118.1,105.1,93.5,92.9,82.7,80.7,89.2,89.7,77.5,64,50.5,48.8,51.6,47.5,48.2,64.5,85,109.8,114.3,110.4,101.9,89.5,75.8,60.4,51.2,30.7,17.4,31.2,50.6,73.7,,,,,,,,,,,,,,,,,,,,,,,,,,,,,,,TT,Y,,2008,4,2,03/09/08,17.65391015,16.187514263,17.285944268,10.695364238,,,88.6,87.8,85.3,83.2,81.7,89.7,102.4,114.6,115.1,114.8,116,116,111.2,110.2,105.9,96.8,85.6,67.8,49.8,32.7,19.8,18.4,19.3,22.2,30.7,34.4,34,32.4,26.1,18.2,14.7,18.3,15.4,19.9,35.8,69.1,74.2,69.9,64.4,60.3,44.2,50.2,56.8,61.6,70.2,84,84.8,90.4,98,104.6,105.2,106.1,106,99.2,88.2,69.4,47.5,25.5,,,,,,,,,,,,,,,,,,,,,,,,,,,,,,,,,108.9,100.7,94.8,90.1,80.6,70.4,68,70.8,65.9,68.8,66.4,65.6,59.5,55,56.8,55.1,57.8,57.8,59.6,72.2,87.1,102.8,111,117.1,125.1,127.3,126.5,127.3,118.1,105.1,93.5,92.9,82.7,80.7,89.2,89.7,77.5,64,50.5,48.8,51.6,47.5,48.2,64.5,85,109.8,114.3,110.4,101.9,89.5,75.8,60.4,51.2,30.7,17.4,31.2,50.6,73.7,,,,,,,,,,,,,,,,,,,,,,,,,,,,,,,3944.6,4555.4,68.010344828,78.54137931,55,115,3,3
023,04,B,N,2,28.7,526,39,21,26,34,40,72,1.5,0,0,0,90,803,82,28,120.2,116.1,112.7,98.3,76,53.6,34.6,19.2,14.8,24.6,38.5,39.4,43.9,41.3,31.9,35.8,36.7,47.9,64.9,73.3,81.8,83.1,84.4,82.6,80.2,73.1,54.2,30.5,,,,,,,,,,,,,,,,,,,,,,,,,,,,,,,,,,,,,,,,,,,,,,,,,,,,,,,,,,,,,,,56.2,50.4,38,16.1,20.2,48.2,70.6,87.9,101.5,117.1,131.7,131.6,130.4,130.2,126.3,124.9,110.1,95.3,95.6,103.6,112.3,113.2,114.8,104.5,93.1,82.8,72,78.2,,,,,,,,,,,,,,,,,,,,,,,,,,,,,,,,,,,,,,,,,,,,,,,,,,,,,,,,,,,,,,,TT,Y,,2008,5,2,03/09/08,18.327526132,16.187514263,17.285944268,10.695364238,,,,,,,34.6,19.2,14.8,24.6,38.5,39.4,43.9,41.3,31.9,35.8,36.7,47.9,64.9,73.3,81.8,83.1,84.4,82.6,80.2,73.1,54.2,30.5,,,,,,,,,,,,,,,,,,,,,,,,,,,,,,,,,,,,,,,,,,,,,,,,,,,,,,,,,,,,,,,,,,,,,70.6,87.9,101.5,117.1,131.7,131.6,130.4,130.2,126.3,124.9,110.1,95.3,95.6,103.6,112.3,113.2,114.8,104.5,93.1,82.8,72,78.2,,,,,,,,,,,,,,,,,,,,,,,,,,,,,,,,,,,,,,,,,,,,,,,,,,,,,,,,,,,,,,,1116.7,2327.7,50.759090909,105.80454545,115,55,7,7
024,04,B,W,2,30.2,323,80,20,88,7,5,-92,1.5,1,1,0,90,803,82,30,121.5,118.8,111.6,97.6,75.6,51.5,26.6,14.3,25.7,31.2,35.3,26.3,22.6,26.4,25.9,25.9,25.4,26,25.9,26.2,26.4,26.2,26,25.8,23.7,22.6,22,21.6,21.2,21.2,,,,,,,,,,,,,,,,,,,,,,,,,,,,,,,,,,,,,,,,,,,,,,,,,,,,,,,,,,,,,50,34.7,22.4,9.7,19.7,43.9,69.1,85.1,70.3,64.5,60,69.1,72.8,69,69.4,69.3,69.8,69.3,69.4,69.1,68.8,69.1,69.3,69.4,71.8,73.4,73.4,73.7,74.2,74.2,,,,,,,,,,,,,,,,,,,,,,,,,,,,,,,,,,,,,,,,,,,,,,,,,,,,,,,,,,,,,FS,Y,,2008,6,2,03/09/08,10.695364238,16.187514263,17.285944268,10.695364238,,,,,,,,,,,35.3,26.3,22.6,26.4,25.9,25.9,25.4,26,25.9,26.2,26.4,26.2,26,25.8,23.7,22.6,22,21.6,21.2,21.2,,,,,,,,,,,,,,,,,,,,,,,,,,,,,,,,,,,,,,,,,,,,,,,,,,,,,,,,,,,,,,,,,,,,,,,60,69.1,72.8,69,69.4,69.3,69.8,69.3,69.4,69.1,68.8,69.1,69.3,69.4,71.8,73.4,73.4,73.7,74.2,74.2,,,,,,,,,,,,,,,,,,,,,,,,,,,,,,,,,,,,,,,,,,,,,,,,,,,,,,,,,,,,,502.6,1404.5,25.13,70.225,115,55,11,11
028,03,B,W,2,32.8,1027,16,40,18,4,78,-94,1.5,1,1,0,90,803,99,32,126.7,129.9,129.5,126.5,117,101.9,85.7,70.1,53.6,44.1,46.4,51,69,93.2,105.9,120.7,128.6,131.5,129.2,124.6,116,104.7,86,81.1,84.9,80.2,71.5,79.4,97.2,94,76.3,45.5,,,,,,,,,,,,,,,,,,,,,,,,,,,,,,,,,,,,,,,,,,,,,,,,,,,,,,,,,,,66.5,56.3,37,44.5,65.1,88,110.6,125.7,133.5,138.1,137.6,132,119.3,108.1,90.8,72,52.9,40.2,37.2,50.2,65.6,81.5,92.7,112.3,115.9,96.8,65.5,22.6,14.7,19.5,26,53.1,,,,,,,,,,,,,,,,,,,,,,,,,,,,,,,,,,,,,,,,,,,,,,,,,,,,,,,,,,,TT,Y,,2008,1,2,03/08/08,31.31097561,27.118747924,28.48367398,20.294117647,,,,126.5,117,101.9,85.7,70.1,53.6,44.1,46.4,51,69,93.2,105.9,120.7,128.6,131.5,129.2,124.6,116,104.7,86,81.1,84.9,80.2,71.5,79.4,97.2,94,76.3,45.5,,,,,,,,,,,,,,,,,,,,,,,,,,,,,,,,,,,,,,,,,,,,,,,,,,,,,,,,,,,,,,44.5,65.1,88,110.6,125.7,133.5,138.1,137.6,132,119.3,108.1,90.8,72,52.9,40.2,37.2,50.2,65.6,81.5,92.7,112.3,115.9,96.8,65.5,22.6,14.7,19.5,26,53.1,,,,,,,,,,,,,,,,,,,,,,,,,,,,,,,,,,,,,,,,,,,,,,,,,,,,,,,,,,,2615.8,2312,90.2,79.724137931,115,55,4,4
029,03,B,S,2,18.9,533,42,31,38,30,32,-102,1.5,1,0,0,90,803,99,18,66.5,76.9,99.7,109.2,107.5,126.1,131.8,121.6,99.9,68.3,35.5,17,26.8,28.2,19.3,24.4,35,25.2,,,,,,,,,,,,,,,,,,,,,,,,,,,,,,,,,,,,,,,,,,,,,,,,,,,,,,,,,,,,,,,,,,,,,,,,,124.1,106.2,88.8,74.8,46.4,43.1,43.2,27.6,26.6,40.1,60.9,91,90.7,75.2,80,108.4,129.1,119.9,,,,,,,,,,,,,,,,,,,,,,,,,,,,,,,,,,,,,,,,,,,,,,,,,,,,,,,,,,,,,,,,,,,,,,,,,TT,Y,,2008,2,2,03/08/08,28.201058201,27.118747924,28.48367398,20.294117647,,76.9,99.7,109.2,107.5,126.1,131.8,121.6,99.9,68.3,35.5,17,26.8,28.2,19.3,24.4,35,25.2,,,,,,,,,,,,,,,,,,,,,,,,,,,,,,,,,,,,,,,,,,,,,,,,,,,,,,,,,,,,,,,,,,,,,,,,,,106.2,88.8,74.8,46.4,43.1,43.2,27.6,26.6,40.1,60.9,91,90.7,75.2,80,108.4,129.1,119.9,,,,,,,,,,,,,,,,,,,,,,,,,,,,,,,,,,,,,,,,,,,,,,,,,,,,,,,,,,,,,,,,,,,,,,,,,1152.4,1252,67.788235294,73.647058824,55,115,2,2
030,03,B,E,2,2.2,50,100,0,42,38,20,5,1.5,2,0,0,90,803,99,2,43.7,15.1,,,,,,,,,,,,,,,,,,,,,,,,,,,,,,,,,,,,,,,,,,,,,,,,,,,,,,,,,,,,,,,,,,,,,,,,,,,,,,,,,,,,,,,,,117.1,97.3,,,,,,,,,,,,,,,,,,,,,,,,,,,,,,,,,,,,,,,,,,,,,,,,,,,,,,,,,,,,,,,,,,,,,,,,,,,,,,,,,,,,,,,,,TT,Y,,2008,3,2,03/08/08,22.727272727,27.118747924,28.48367398,20.294117647,,,,,,,,,,,,,,,,,,,,,,,,,,,,,,,,,,,,,,,,,,,,,,,,,,,,,,,,,,,,,,,,,,,,,,,,,,,,,,,,,,,,,,,,,,,,,,,,,,,,,,,,,,,,,,,,,,,,,,,,,,,,,,,,,,,,,,,,,,,,,,,,,,,,,,,,,,,,,,,,,,,,,,,,,,,,,,,,,,,,,0,0,0,0,55,115,2,2
028,04,B,E,2,6.6,221,10,28,63,21,16,91,1.5,0,0,0,90,803,99,6,65.2,74.3,72,73.5,70,44,,,,,,,,,,,,,,,,,,,,,,,,,,,,,,,,,,,,,,,,,,,,,,,,,,,,,,,,,,,,,,,,,,,,,,,,,,,,,,,,,,,,,120.1,94.2,65.8,26.8,31.6,58.7,,,,,,,,,,,,,,,,,,,,,,,,,,,,,,,,,,,,,,,,,,,,,,,,,,,,,,,,,,,,,,,,,,,,,,,,,,,,,,,,,,,,,TT,Y,,2008,4,2,03/09/08,33.484848485,27.118747924,28.48367398,20.294117647,,74.3,72,73.5,70,44,,,,,,,,,,,,,,,,,,,,,,,,,,,,,,,,,,,,,,,,,,,,,,,,,,,,,,,,,,,,,,,,,,,,,,,,,,,,,,,,,,,,,,94.2,65.8,26.8,31.6,58.7,,,,,,,,,,,,,,,,,,,,,,,,,,,,,,,,,,,,,,,,,,,,,,,,,,,,,,,,,,,,,,,,,,,,,,,,,,,,,,,,,,,,,333.8,277.1,66.76,55.42,55,115,2,2
029,04,B,N,2,12.1,323,11,55,43,46,11,85,1.5,1,1,0,90,803,99,12,116.2,110.8,98.7,80.6,72.7,81.1,94.2,92.3,76,70.4,46,12,,,,,,,,,,,,,,,,,,,,,,,,,,,,,,,,,,,,,,,,,,,,,,,,,,,,,,,,,,,,,,,,,,,,,,,,,,,,,,,54.8,32.9,10,18.7,22.7,24.4,39.2,59,87.2,106.4,100.4,95.2,,,,,,,,,,,,,,,,,,,,,,,,,,,,,,,,,,,,,,,,,,,,,,,,,,,,,,,,,,,,,,,,,,,,,,,,,,,,,,,TT,Y,,2008,5,2,03/09/08,26.694214876,27.118747924,28.48367398,20.294117647,,,,80.6,72.7,81.1,94.2,92.3,76,70.4,46,12,,,,,,,,,,,,,,,,,,,,,,,,,,,,,,,,,,,,,,,,,,,,,,,,,,,,,,,,,,,,,,,,,,,,,,,,,,,,,,,,,,18.7,22.7,24.4,39.2,59,87.2,106.4,100.4,95.2,,,,,,,,,,,,,,,,,,,,,,,,,,,,,,,,,,,,,,,,,,,,,,,,,,,,,,,,,,,,,,,,,,,,,,,,,,,,,,,625.3,553.2,69.477777778,61.466666667,115,55,4,4
030,04,B,W,2,30.6,621,58,23,71,18,11,-89,1.5,2,1,0,90,803,99,30,129.4,119.4,103.6,106.2,95.6,67.1,30.8,18.7,4.8,14.5,23.4,22.7,24.6,21,21.8,22.1,22,22.4,10.9,3.2,3.1,2,8.7,29.6,56.2,69.5,81.4,79.7,66.6,52.1,,,,,,,,,,,,,,,,,,,,,,,,,,,,,,,,,,,,,,,,,,,,,,,,,,,,,,,,,,,,,53.4,27.5,21.1,26.7,11.2,29.6,67.3,82.5,94.1,81,72.3,73.2,72.6,74.4,73.5,73.2,73.3,73.3,84.6,92.3,95.7,96.2,101.1,100.4,116.1,120.7,104.6,82.5,60.8,46.6,,,,,,,,,,,,,,,,,,,,,,,,,,,,,,,,,,,,,,,,,,,,,,,,,,,,,,,,,,,,,FS,Y,,2008,6,2,03/09/08,20.294117647,27.118747924,28.48367398,20.294117647,,,,,,67.1,30.8,18.7,4.8,14.5,23.4,22.7,24.6,21,21.8,22.1,22,22.4,10.9,3.2,3.1,2,8.7,29.6,56.2,69.5,81.4,79.7,66.6,52.1,,,,,,,,,,,,,,,,,,,,,,,,,,,,,,,,,,,,,,,,,,,,,,,,,,,,,,,,,,,,,,,,,,29.6,67.3,82.5,94.1,81,72.3,73.2,72.6,74.4,73.5,73.2,73.3,73.3,84.6,92.3,95.7,96.2,101.1,100.4,116.1,120.7,104.6,82.5,60.8,46.6,,,,,,,,,,,,,,,,,,,,,,,,,,,,,,,,,,,,,,,,,,,,,,,,,,,,,,,,,,,,,778.9,2041.9,31.156,81.676,115,55,6,6
004,05,A,E,2,3.8,88,48,1,29,45,26,14,1.5,2,0,0,90,803,29,3,60,52.1,24.5,,,,,,,,,,,,,,,,,,,,,,,,,,,,,,,,,,,,,,,,,,,,,,,,,,,,,,,,,,,,,,,,,,,,,,,,,,,,,,,,,,,,,,,,117,112.2,102.2,,,,,,,,,,,,,,,,,,,,,,,,,,,,,,,,,,,,,,,,,,,,,,,,,,,,,,,,,,,,,,,,,,,,,,,,,,,,,,,,,,,,,,,,TT,Y,,2008,1,3,03/10/08,23.157894737,26.035597148,25.961670826,26.405228758,,52.1,24.5,,,,,,,,,,,,,,,,,,,,,,,,,,,,,,,,,,,,,,,,,,,,,,,,,,,,,,,,,,,,,,,,,,,,,,,,,,,,,,,,,,,,,,,,,112.2,102.2,,,,,,,,,,,,,,,,,,,,,,,,,,,,,,,,,,,,,,,,,,,,,,,,,,,,,,,,,,,,,,,,,,,,,,,,,,,,,,,,,,,,,,,,76.6,214.4,38.3,107.2,55,115,2,2
005,05,A,N,2,4.8,126,36,47,68,21,11,32,1.5,2,0,0,90,803,29,4,112.7,91.2,53.8,17,,,,,,,,,,,,,,,,,,,,,,,,,,,,,,,,,,,,,,,,,,,,,,,,,,,,,,,,,,,,,,,,,,,,,,,,,,,,,,,,,,,,,,,48,33.7,46.4,79.5,,,,,,,,,,,,,,,,,,,,,,,,,,,,,,,,,,,,,,,,,,,,,,,,,,,,,,,,,,,,,,,,,,,,,,,,,,,,,,,,,,,,,,,TT,Y,,2008,2,3,03/10/08,26.25,26.035597148,25.961670826,26.405228758,,,,17,,,,,,,,,,,,,,,,,,,,,,,,,,,,,,,,,,,,,,,,,,,,,,,,,,,,,,,,,,,,,,,,,,,,,,,,,,,,,,,,,,,,,,,,,,79.5,,,,,,,,,,,,,,,,,,,,,,,,,,,,,,,,,,,,,,,,,,,,,,,,,,,,,,,,,,,,,,,,,,,,,,,,,,,,,,,,,,,,,,,17,79.5,17,79.5,115,55,4,4
006,05,A,W,2,7.6,199,53,33,49,37,14,-22,1.5,1,0,0,90,803,29,7,124.3,107.5,73.2,34.5,14.1,21.2,16.7,,,,,,,,,,,,,,,,,,,,,,,,,,,,,,,,,,,,,,,,,,,,,,,,,,,,,,,,,,,,,,,,,,,,,,,,,,,,,,,,,,,,53.8,42.4,40.7,66.4,93.6,114.8,110.9,,,,,,,,,,,,,,,,,,,,,,,,,,,,,,,,,,,,,,,,,,,,,,,,,,,,,,,,,,,,,,,,,,,,,,,,,,,,,,,,,,,,TT,Y,,2008,3,3,03/10/08,26.184210526,26.035597148,25.961670826,26.405228758,,,,34.5,14.1,21.2,16.7,,,,,,,,,,,,,,,,,,,,,,,,,,,,,,,,,,,,,,,,,,,,,,,,,,,,,,,,,,,,,,,,,,,,,,,,,,,,,,,,,,,,,,,66.4,93.6,114.8,110.9,,,,,,,,,,,,,,,,,,,,,,,,,,,,,,,,,,,,,,,,,,,,,,,,,,,,,,,,,,,,,,,,,,,,,,,,,,,,,,,,,,,,86.5,385.7,21.625,96.425,115,55,4,4
004,06,A,S,2,15.4,398,56,2,46,36,18,33,1.5,0,0,0,90,803,29,15,52.4,32.4,32.4,35.3,31.2,24.9,15.4,35.7,74.8,107.9,106.3,87.6,65.4,49.1,21.9,,,,,,,,,,,,,,,,,,,,,,,,,,,,,,,,,,,,,,,,,,,,,,,,,,,,,,,,,,,,,,,,,,,,,,,,,,,,123.9,122.9,123.1,113.5,100.3,92.7,84.5,77.8,81.3,92,81.2,67.2,52.9,57.7,75.1,,,,,,,,,,,,,,,,,,,,,,,,,,,,,,,,,,,,,,,,,,,,,,,,,,,,,,,,,,,,,,,,,,,,,,,,,,,,TT,Y,,2008,4,3,03/11/08,25.844155844,26.035597148,25.961670826,26.405228758,,32.4,32.4,35.3,31.2,24.9,15.4,35.7,74.8,107.9,106.3,87.6,65.4,49.1,21.9,,,,,,,,,,,,,,,,,,,,,,,,,,,,,,,,,,,,,,,,,,,,,,,,,,,,,,,,,,,,,,,,,,,,,,,,,,,,,122.9,123.1,113.5,100.3,92.7,84.5,77.8,81.3,92,81.2,67.2,52.9,57.7,75.1,,,,,,,,,,,,,,,,,,,,,,,,,,,,,,,,,,,,,,,,,,,,,,,,,,,,,,,,,,,,,,,,,,,,,,,,,,,,720.3,1222.2,51.45,87.3,55,115,2,2
005,06,A,N,2,8.6,244,68,28,47,40,13,36,1.5,1,0,0,90,803,29,8,107.6,79.4,43.6,29.6,36.1,34,36,22,,,,,,,,,,,,,,,,,,,,,,,,,,,,,,,,,,,,,,,,,,,,,,,,,,,,,,,,,,,,,,,,,,,,,,,,,,,,,,,,,,,38.4,21.3,54.5,82.5,101.1,116.4,130.1,117,,,,,,,,,,,,,,,,,,,,,,,,,,,,,,,,,,,,,,,,,,,,,,,,,,,,,,,,,,,,,,,,,,,,,,,,,,,,,,,,,,,TT,Y,,2008,5,3,03/11/08,28.372093023,26.035597148,25.961670826,26.405228758,,,,29.6,36.1,34,36,22,,,,,,,,,,,,,,,,,,,,,,,,,,,,,,,,,,,,,,,,,,,,,,,,,,,,,,,,,,,,,,,,,,,,,,,,,,,,,,,,,,,,,,82.5,101.1,116.4,130.1,117,,,,,,,,,,,,,,,,,,,,,,,,,,,,,,,,,,,,,,,,,,,,,,,,,,,,,,,,,,,,,,,,,,,,,,,,,,,,,,,,,,,157.7,547.1,31.54,109.42,115,55,4,4
006,06,A,E,2,30.6,808,37,12,39,44,17,-4,1.5,2,0,0,90,803,29,30,64.2,50.3,16.9,13,37,54.3,40.4,19.8,10,19,24.5,32.9,35.1,45.6,59.8,80.1,92,88.6,60.7,29.5,16.9,45.1,69.1,71,79.6,101,107.9,99.9,87,75.2,,,,,,,,,,,,,,,,,,,,,,,,,,,,,,,,,,,,,,,,,,,,,,,,,,,,,,,,,,,,,125.3,116.4,97,90,91.7,92.1,83.1,86.1,103.7,113.7,113.5,101.9,86.1,80.8,81.4,89.1,101.7,106.5,98.2,94.1,109.2,123.2,122.1,97.7,65.4,38.8,19.7,16.3,47.5,77,,,,,,,,,,,,,,,,,,,,,,,,,,,,,,,,,,,,,,,,,,,,,,,,,,,,,,,,,,,,,FS,Y,,2008,6,3,03/11/08,26.405228758,26.035597148,25.961670826,26.405228758,,50.3,16.9,13,37,54.3,40.4,19.8,10,19,24.5,32.9,35.1,45.6,59.8,80.1,92,88.6,60.7,29.5,16.9,45.1,69.1,71,79.6,101,107.9,99.9,87,75.2,,,,,,,,,,,,,,,,,,,,,,,,,,,,,,,,,,,,,,,,,,,,,,,,,,,,,,,,,,,,,,116.4,97,90,91.7,92.1,83.1,86.1,103.7,113.7,113.5,101.9,86.1,80.8,81.4,89.1,101.7,106.5,98.2,94.1,109.2,123.2,122.1,97.7,65.4,38.8,19.7,16.3,47.5,77,,,,,,,,,,,,,,,,,,,,,,,,,,,,,,,,,,,,,,,,,,,,,,,,,,,,,,,,,,,,,1562.2,2544,53.868965517,87.724137931,55,115,2,2
007,05,A,E,2,31.7,1006,31,15,10,17,73,-29,1.5,0,0,0,90,803,35,31,54.8,33.7,29.4,48.3,67,86.7,107.9,123.5,127,128.7,125.4,120.2,108.2,87,82.8,77.9,61.5,50.3,43.2,45.4,54.2,78.4,76.9,62.2,41.7,49.2,81.4,97.3,89.5,75.4,44.2,,,,,,,,,,,,,,,,,,,,,,,,,,,,,,,,,,,,,,,,,,,,,,,,,,,,,,,,,,,,125.5,119.2,123.8,133.8,118.2,102.5,86.6,69.8,47.8,35,42.2,57.9,65.9,77.6,103.8,118.1,126.4,135.9,137.1,136.7,128.9,115.6,90.1,64.7,56.6,72,97.5,106.7,108.4,113.7,108.2,,,,,,,,,,,,,,,,,,,,,,,,,,,,,,,,,,,,,,,,,,,,,,,,,,,,,,,,,,,,TT,Y,,2008,1,3,03/10/08,31.735015773,31.978943369,32.446627468,29.640522876,,33.7,29.4,48.3,67,86.7,107.9,123.5,127,128.7,125.4,120.2,108.2,87,82.8,77.9,61.5,50.3,43.2,45.4,54.2,78.4,76.9,62.2,41.7,49.2,81.4,97.3,89.5,75.4,44.2,,,,,,,,,,,,,,,,,,,,,,,,,,,,,,,,,,,,,,,,,,,,,,,,,,,,,,,,,,,,,119.2,123.8,133.8,118.2,102.5,86.6,69.8,47.8,35,42.2,57.9,65.9,77.6,103.8,118.1,126.4,135.9,137.1,136.7,128.9,115.6,90.1,64.7,56.6,72,97.5,106.7,108.4,113.7,108.2,,,,,,,,,,,,,,,,,,,,,,,,,,,,,,,,,,,,,,,,,,,,,,,,,,,,,,,,,,,,2304.5,2900.7,76.816666667,96.69,55,115,2,2
008,05,A,N,2,21.6,689,32,25,26,33,41,-33,1.5,2,0,0,90,803,35,21,105.9,81.1,61,54.1,41.5,13.9,21.5,36.5,77.6,113.4,113.5,118.6,125.6,129.1,122,106.4,79.6,53,47.1,48.7,21,,,,,,,,,,,,,,,,,,,,,,,,,,,,,,,,,,,,,,,,,,,,,,,,,,,,,,,,,,,,,,,,,,,,,,58.5,72.3,91.3,121.1,128.9,102.4,81.4,76,81.9,89.4,68.1,47.1,34.7,36.9,41.1,39.4,44.5,71.2,104.7,131.6,111.8,,,,,,,,,,,,,,,,,,,,,,,,,,,,,,,,,,,,,,,,,,,,,,,,,,,,,,,,,,,,,,,,,,,,,,TT,Y,,2008,2,3,03/10/08,31.898148148,31.978943369,32.446627468,29.640522876,,,,54.1,41.5,13.9,21.5,36.5,77.6,113.4,113.5,118.6,125.6,129.1,122,106.4,79.6,53,47.1,48.7,21,,,,,,,,,,,,,,,,,,,,,,,,,,,,,,,,,,,,,,,,,,,,,,,,,,,,,,,,,,,,,,,,,,,,,,,,,121.1,128.9,102.4,81.4,76,81.9,89.4,68.1,47.1,34.7,36.9,41.1,39.4,44.5,71.2,104.7,131.6,111.8,,,,,,,,,,,,,,,,,,,,,,,,,,,,,,,,,,,,,,,,,,,,,,,,,,,,,,,,,,,,,,,,,,,,,,1323.1,1412.2,73.505555556,78.455555556,115,55,4,4
009,05,A,W,2,34.2,1064,29,38,19,48,33,-64,1.5,1,1,0,90,803,35,34,123.9,117.4,110,104.6,92.3,71.4,48.3,33.5,22.3,40.4,37.5,15.6,21.7,52.8,80.3,112.8,129.9,124.1,107.8,77.1,39.6,23,57.2,76.5,83,87.9,106,122.2,120.8,110,91.4,68.9,47,17,,,,,,,,,,,,,,,,,,,,,,,,,,,,,,,,,,,,,,,,,,,,,,,,,,,,,,,,,48.1,25.4,27.9,54.1,77.4,98.3,113,123.2,116.5,127.9,129.4,108.5,78.7,43.1,25.7,49.1,57,36.5,17.4,19.9,56.2,91.7,124.1,120,97.6,67.5,49.5,54.5,58.5,67.9,81.6,97.9,104.5,102.1,,,,,,,,,,,,,,,,,,,,,,,,,,,,,,,,,,,,,,,,,,,,,,,,,,,,,,,,,TT,Y,,2008,3,3,03/10/08,31.111111111,31.978943369,32.446627468,29.640522876,,,,104.6,92.3,71.4,48.3,33.5,22.3,40.4,37.5,15.6,21.7,52.8,80.3,112.8,129.9,124.1,107.8,77.1,39.6,23,57.2,76.5,83,87.9,106,122.2,120.8,110,91.4,68.9,47,17,,,,,,,,,,,,,,,,,,,,,,,,,,,,,,,,,,,,,,,,,,,,,,,,,,,,,,,,,,,,54.1,77.4,98.3,113,123.2,116.5,127.9,129.4,108.5,78.7,43.1,25.7,49.1,57,36.5,17.4,19.9,56.2,91.7,124.1,120,97.6,67.5,49.5,54.5,58.5,67.9,81.6,97.9,104.5,102.1,,,,,,,,,,,,,,,,,,,,,,,,,,,,,,,,,,,,,,,,,,,,,,,,,,,,,,,,,2222.9,2449.3,71.706451613,79.009677419,115,55,4,4
007,06,A,S,2,28.7,936,24,23,17,36,47,-101,1.5,0,1,0,90,803,35,28,65.8,84.4,105,118.4,122.4,117.7,115.3,109.3,95.6,68.8,47.4,52.1,51.6,19.2,13,13.5,35,80.2,102.2,100.9,99.6,101.3,103.6,105.8,95.7,80.6,60.4,38.3,,,,,,,,,,,,,,,,,,,,,,,,,,,,,,,,,,,,,,,,,,,,,,,,,,,,,,,,,,,,,,,116.2,99.2,79.3,55.7,33.2,28.8,52,67.7,79.3,75.4,93.9,122.2,132.3,107.7,91.1,85.6,88.9,101,86.7,57.3,22.5,18.8,55.9,84.2,94.5,113,119.8,104,,,,,,,,,,,,,,,,,,,,,,,,,,,,,,,,,,,,,,,,,,,,,,,,,,,,,,,,,,,,,,,TT,Y,,2008,4,3,03/11/08,32.613240418,31.978943369,32.446627468,29.640522876,,84.4,105,118.4,122.4,117.7,115.3,109.3,95.6,68.8,47.4,52.1,51.6,19.2,13,13.5,35,80.2,102.2,100.9,99.6,101.3,103.6,105.8,95.7,80.6,60.4,38.3,,,,,,,,,,,,,,,,,,,,,,,,,,,,,,,,,,,,,,,,,,,,,,,,,,,,,,,,,,,,,,,,99.2,79.3,55.7,33.2,28.8,52,67.7,79.3,75.4,93.9,122.2,132.3,107.7,91.1,85.6,88.9,101,86.7,57.3,22.5,18.8,55.9,84.2,94.5,113,119.8,104,,,,,,,,,,,,,,,,,,,,,,,,,,,,,,,,,,,,,,,,,,,,,,,,,,,,,,,,,,,,,,,2137.3,2150,79.159259259,79.62962963,55,115,2,2
008,06,A,N,2,20.1,701,22,20,4,20,76,-40,1.5,1,0,0,90,803,35,20,111.2,95.5,81.9,68.2,49.5,38.2,45.8,68.7,91,106.7,119.4,129.6,127,123.8,119.9,108.8,86.3,67.3,50.8,20.7,,,,,,,,,,,,,,,,,,,,,,,,,,,,,,,,,,,,,,,,,,,,,,,,,,,,,,,,,,,,,,,,,,,,,,,58.4,71.7,99.3,121.2,126.7,131.8,133,122.2,108,88.2,66.3,47.5,33.1,42,61.1,70.1,78.6,101.3,109.7,96.2,,,,,,,,,,,,,,,,,,,,,,,,,,,,,,,,,,,,,,,,,,,,,,,,,,,,,,,,,,,,,,,,,,,,,,,TT,Y,,2008,5,3,03/11/08,34.875621891,31.978943369,32.446627468,29.640522876,,,,68.2,49.5,38.2,45.8,68.7,91,106.7,119.4,129.6,127,123.8,119.9,108.8,86.3,67.3,50.8,20.7,,,,,,,,,,,,,,,,,,,,,,,,,,,,,,,,,,,,,,,,,,,,,,,,,,,,,,,,,,,,,,,,,,,,,,,,,,121.2,126.7,131.8,133,122.2,108,88.2,66.3,47.5,33.1,42,61.1,70.1,78.6,101.3,109.7,96.2,,,,,,,,,,,,,,,,,,,,,,,,,,,,,,,,,,,,,,,,,,,,,,,,,,,,,,,,,,,,,,,,,,,,,,,1421.7,1537,83.629411765,90.411764706,115,55,4,4
009,06,A,E,2,30.6,907,49,14,42,29,29,-43,1.5,2,1,0,90,803,35,30,60.3,46.7,29.7,34.9,48.8,52.1,49.6,32.9,21.9,18.6,40.4,40.8,33.4,39.1,68.2,98.9,117,114.4,103,86.5,71.5,54.2,28.2,16.5,41.1,70.7,72.9,56.7,28,9.2,,,,,,,,,,,,,,,,,,,,,,,,,,,,,,,,,,,,,,,,,,,,,,,,,,,,,,,,,,,,,128.4,130.2,123.6,110.1,87,59.2,46.6,64.8,90.8,110.4,135.3,131.7,107.7,73.3,49.2,58.2,66.8,53.8,22.2,16.3,50.3,81.3,102.3,106,99.9,111.8,119.6,121.9,107.3,91.3,,,,,,,,,,,,,,,,,,,,,,,,,,,,,,,,,,,,,,,,,,,,,,,,,,,,,,,,,,,,,FS,Y,,2008,6,3,03/11/08,29.640522876,31.978943369,32.446627468,29.640522876,,46.7,29.7,34.9,48.8,52.1,49.6,32.9,21.9,18.6,40.4,40.8,33.4,39.1,68.2,98.9,117,114.4,103,86.5,71.5,54.2,28.2,16.5,41.1,70.7,72.9,56.7,28,9.2,,,,,,,,,,,,,,,,,,,,,,,,,,,,,,,,,,,,,,,,,,,,,,,,,,,,,,,,,,,,,,130.2,123.6,110.1,87,59.2,46.6,64.8,90.8,110.4,135.3,131.7,107.7,73.3,49.2,58.2,66.8,53.8,22.2,16.3,50.3,81.3,102.3,106,99.9,111.8,119.6,121.9,107.3,91.3,,,,,,,,,,,,,,,,,,,,,,,,,,,,,,,,,,,,,,,,,,,,,,,,,,,,,,,,,,,,,1525.9,2528.9,52.617241379,87.203448276,55,115,2,2
001,05,B,S,2,13.9,349,13,66,31,24,45,-91,1.5,0,0,0,90,803,59,13,71.7,89.2,113.1,129.9,131,130.3,129.8,130.2,119.5,94.1,75,51.7,31.3,,,,,,,,,,,,,,,,,,,,,,,,,,,,,,,,,,,,,,,,,,,,,,,,,,,,,,,,,,,,,,,,,,,,,,,,,,,,,,103.3,75.3,51.6,41.3,36.1,35.1,36.3,41.2,34.9,24.2,28.1,48.4,67.5,,,,,,,,,,,,,,,,,,,,,,,,,,,,,,,,,,,,,,,,,,,,,,,,,,,,,,,,,,,,,,,,,,,,,,,,,,,,,,TT,Y,,2008,1,3,03/10/08,25.107913669,26.128755983,26.605321512,23.745928339,,89.2,113.1,129.9,131,130.3,129.8,130.2,119.5,94.1,75,51.7,31.3,,,,,,,,,,,,,,,,,,,,,,,,,,,,,,,,,,,,,,,,,,,,,,,,,,,,,,,,,,,,,,,,,,,,,,,,,,,,,,,75.3,51.6,41.3,36.1,35.1,36.3,41.2,34.9,24.2,28.1,48.4,67.5,,,,,,,,,,,,,,,,,,,,,,,,,,,,,,,,,,,,,,,,,,,,,,,,,,,,,,,,,,,,,,,,,,,,,,,,,,,,,,1225.1,520,102.09166667,43.333333333,55,115,2,2
002,05,B,N,2,8.2,252,23,47,41,34,25,85,1.5,1,0,0,90,803,59,8,121.2,121.6,117.9,110.9,90.1,57.5,27.2,12,,,,,,,,,,,,,,,,,,,,,,,,,,,,,,,,,,,,,,,,,,,,,,,,,,,,,,,,,,,,,,,,,,,,,,,,,,,,,,,,,,,53,34.8,27.1,47.2,60.5,71.4,85.3,96.6,,,,,,,,,,,,,,,,,,,,,,,,,,,,,,,,,,,,,,,,,,,,,,,,,,,,,,,,,,,,,,,,,,,,,,,,,,,,,,,,,,,TT,Y,,2008,2,3,03/10/08,30.731707317,26.128755983,26.605321512,23.745928339,,,,110.9,90.1,57.5,27.2,12,,,,,,,,,,,,,,,,,,,,,,,,,,,,,,,,,,,,,,,,,,,,,,,,,,,,,,,,,,,,,,,,,,,,,,,,,,,,,,,,,,,,,,47.2,60.5,71.4,85.3,96.6,,,,,,,,,,,,,,,,,,,,,,,,,,,,,,,,,,,,,,,,,,,,,,,,,,,,,,,,,,,,,,,,,,,,,,,,,,,,,,,,,,,297.7,361,59.54,72.2,115,55,4,4
003,05,B,E,2,16.1,422,25,10,72,21,7,83,1.5,0,0,0,90,803,59,16,66.1,67.4,68.8,69.6,66.1,46,33.2,24.7,18.9,37.1,69.2,88.5,79.5,58.6,33.8,17.5,,,,,,,,,,,,,,,,,,,,,,,,,,,,,,,,,,,,,,,,,,,,,,,,,,,,,,,,,,,,,,,,,,,,,,,,,,,118.5,91.8,59.3,30.7,40.7,66.8,85.9,98.4,91.3,72.6,57.9,72.2,79.8,81.1,80.3,84.6,,,,,,,,,,,,,,,,,,,,,,,,,,,,,,,,,,,,,,,,,,,,,,,,,,,,,,,,,,,,,,,,,,,,,,,,,,,TT,Y,,2008,3,3,03/10/08,26.211180124,26.128755983,26.605321512,23.745928339,,67.4,68.8,69.6,66.1,46,33.2,24.7,18.9,37.1,69.2,88.5,79.5,58.6,33.8,17.5,,,,,,,,,,,,,,,,,,,,,,,,,,,,,,,,,,,,,,,,,,,,,,,,,,,,,,,,,,,,,,,,,,,,,,,,,,,,91.8,59.3,30.7,40.7,66.8,85.9,98.4,91.3,72.6,57.9,72.2,79.8,81.1,80.3,84.6,,,,,,,,,,,,,,,,,,,,,,,,,,,,,,,,,,,,,,,,,,,,,,,,,,,,,,,,,,,,,,,,,,,,,,,,,,,778.9,1093.4,51.926666667,72.893333333,55,115,2,2
001,06,B,N,2,8,202,30,64,58,11,31,95,1.5,2,0,0,90,803,59,7,121.9,125.3,118.1,92.2,63.5,39.4,22.3,,,,,,,,,,,,,,,,,,,,,,,,,,,,,,,,,,,,,,,,,,,,,,,,,,,,,,,,,,,,,,,,,,,,,,,,,,,,,,,,,,,,49.4,36.1,26.7,23.2,36,58.2,73.9,,,,,,,,,,,,,,,,,,,,,,,,,,,,,,,,,,,,,,,,,,,,,,,,,,,,,,,,,,,,,,,,,,,,,,,,,,,,,,,,,,,,TT,Y,,2008,4,3,03/11/08,25.25,26.128755983,26.605321512,23.745928339,,,,92.2,63.5,39.4,22.3,,,,,,,,,,,,,,,,,,,,,,,,,,,,,,,,,,,,,,,,,,,,,,,,,,,,,,,,,,,,,,,,,,,,,,,,,,,,,,,,,,,,,,,23.2,36,58.2,73.9,,,,,,,,,,,,,,,,,,,,,,,,,,,,,,,,,,,,,,,,,,,,,,,,,,,,,,,,,,,,,,,,,,,,,,,,,,,,,,,,,,,,217.4,191.3,54.35,47.825,115,55,4,4
002,06,B,E,2,12.4,319,24,1,54,39,7,72,1.5,1,0,0,90,803,59,12,62.6,57.9,45.7,36.2,65.3,91.4,90.7,82,62.9,47.3,35.3,19.8,,,,,,,,,,,,,,,,,,,,,,,,,,,,,,,,,,,,,,,,,,,,,,,,,,,,,,,,,,,,,,,,,,,,,,,,,,,,,,,117,92.9,73.1,63.4,64.8,62.7,53.9,53.3,65.8,86.3,105.5,107.8,,,,,,,,,,,,,,,,,,,,,,,,,,,,,,,,,,,,,,,,,,,,,,,,,,,,,,,,,,,,,,,,,,,,,,,,,,,,,,,TT,Y,,2008,5,3,03/11/08,25.725806452,26.128755983,26.605321512,23.745928339,,57.9,45.7,36.2,65.3,91.4,90.7,82,62.9,47.3,35.3,19.8,,,,,,,,,,,,,,,,,,,,,,,,,,,,,,,,,,,,,,,,,,,,,,,,,,,,,,,,,,,,,,,,,,,,,,,,,,,,,,,,92.9,73.1,63.4,64.8,62.7,53.9,53.3,65.8,86.3,105.5,107.8,,,,,,,,,,,,,,,,,,,,,,,,,,,,,,,,,,,,,,,,,,,,,,,,,,,,,,,,,,,,,,,,,,,,,,,,,,,,,,,634.5,829.5,57.681818182,75.409090909,55,115,2,2
003,06,B,W,2,30.7,729,47,25,71,16,13,-61,1.5,3,0,0,90,803,59,30,125.4,116.8,95.6,58.1,27.2,14.9,24.3,42.5,64.7,75.3,67.4,40.9,23.7,21.9,34.3,39,30.2,12.9,7.2,24.6,24.1,7.2,11.5,31.2,56.7,86.4,116.8,126.6,115.1,99.1,,,,,,,,,,,,,,,,,,,,,,,,,,,,,,,,,,,,,,,,,,,,,,,,,,,,,,,,,,,,,60.2,43.8,29,43.7,72.1,94.9,101.6,86.8,66.6,44.1,40,58.7,77.4,101,101.6,82.9,75,83.5,92.7,96.5,102.9,98.7,85.5,64.6,43.4,47.3,68.4,66.6,52.4,38.1,,,,,,,,,,,,,,,,,,,,,,,,,,,,,,,,,,,,,,,,,,,,,,,,,,,,,,,,,,,,,FS,Y,,2008,6,3,03/11/08,23.745928339,26.128755983,26.605321512,23.745928339,,,,,27.2,14.9,24.3,42.5,64.7,75.3,67.4,40.9,23.7,21.9,34.3,39,30.2,12.9,7.2,24.6,24.1,7.2,11.5,31.2,56.7,86.4,116.8,126.6,115.1,99.1,,,,,,,,,,,,,,,,,,,,,,,,,,,,,,,,,,,,,,,,,,,,,,,,,,,,,,,,,,,,,,,,,72.1,94.9,101.6,86.8,66.6,44.1,40,58.7,77.4,101,101.6,82.9,75,83.5,92.7,96.5,102.9,98.7,85.5,64.6,43.4,47.3,68.4,66.6,52.4,38.1,,,,,,,,,,,,,,,,,,,,,,,,,,,,,,,,,,,,,,,,,,,,,,,,,,,,,,,,,,,,,1225.7,1943.3,47.142307692,74.742307692,115,55,5,5
010,05,B,S,2,13.1,417,39,34,26,30,44,44,1.5,0,1,0,90,803,67,13,54.6,44,40.3,62.1,77.2,88.2,94.7,108.5,111.6,97.5,66.3,41.1,17.1,,,,,,,,,,,,,,,,,,,,,,,,,,,,,,,,,,,,,,,,,,,,,,,,,,,,,,,,,,,,,,,,,,,,,,,,,,,,,,127.5,135.8,126.1,128.2,118.6,95.2,65.2,39,24.5,7,29,54.1,79.4,,,,,,,,,,,,,,,,,,,,,,,,,,,,,,,,,,,,,,,,,,,,,,,,,,,,,,,,,,,,,,,,,,,,,,,,,,,,,,TT,Y,,2008,1,3,03/10/08,31.832061069,24.947900029,24.606311204,26.655844156,,44,40.3,62.1,77.2,88.2,94.7,108.5,111.6,97.5,66.3,41.1,17.1,,,,,,,,,,,,,,,,,,,,,,,,,,,,,,,,,,,,,,,,,,,,,,,,,,,,,,,,,,,,,,,,,,,,,,,,,,,,,,,135.8,126.1,128.2,118.6,95.2,65.2,39,24.5,7,29,54.1,79.4,,,,,,,,,,,,,,,,,,,,,,,,,,,,,,,,,,,,,,,,,,,,,,,,,,,,,,,,,,,,,,,,,,,,,,,,,,,,,,848.6,902.1,70.716666667,75.175,55,115,2,2
011,05,B,N,2,6,155,38,46,72,13,15,68,1.5,1,0,0,90,803,67,5,115.1,99.7,74.5,44.7,18.3,,,,,,,,,,,,,,,,,,,,,,,,,,,,,,,,,,,,,,,,,,,,,,,,,,,,,,,,,,,,,,,,,,,,,,,,,,,,,,,,,,,,,,56.1,27.2,23.7,50.7,79.4,,,,,,,,,,,,,,,,,,,,,,,,,,,,,,,,,,,,,,,,,,,,,,,,,,,,,,,,,,,,,,,,,,,,,,,,,,,,,,,,,,,,,,TT,Y,,2008,2,3,03/10/08,25.833333333,24.947900029,24.606311204,26.655844156,,,,,18.3,,,,,,,,,,,,,,,,,,,,,,,,,,,,,,,,,,,,,,,,,,,,,,,,,,,,,,,,,,,,,,,,,,,,,,,,,,,,,,,,,,,,,,,,,,79.4,,,,,,,,,,,,,,,,,,,,,,,,,,,,,,,,,,,,,,,,,,,,,,,,,,,,,,,,,,,,,,,,,,,,,,,,,,,,,,,,,,,,,,18.3,79.4,18.3,79.4,115,55,5,5
012,05,B,E,2,4.8,74,38,5,36,42,22,66,1.5,1,0,0,90,803,67,4,61.4,54.6,41.8,27.3,,,,,,,,,,,,,,,,,,,,,,,,,,,,,,,,,,,,,,,,,,,,,,,,,,,,,,,,,,,,,,,,,,,,,,,,,,,,,,,,,,,,,,,121.9,106.5,98.2,95.7,,,,,,,,,,,,,,,,,,,,,,,,,,,,,,,,,,,,,,,,,,,,,,,,,,,,,,,,,,,,,,,,,,,,,,,,,,,,,,,,,,,,,,,TT,Y,,2008,3,3,03/10/08,15.416666667,24.947900029,24.606311204,26.655844156,,54.6,41.8,27.3,,,,,,,,,,,,,,,,,,,,,,,,,,,,,,,,,,,,,,,,,,,,,,,,,,,,,,,,,,,,,,,,,,,,,,,,,,,,,,,,,,,,,,,,106.5,98.2,95.7,,,,,,,,,,,,,,,,,,,,,,,,,,,,,,,,,,,,,,,,,,,,,,,,,,,,,,,,,,,,,,,,,,,,,,,,,,,,,,,,,,,,,,,123.7,300.4,41.233333333,100.13333333,55,115,2,2
010,06,B,N,2,4.4,122,27,69,72,16,12,40,1.5,1,0,0,90,803,67,4,110.8,86.8,62.8,27.7,,,,,,,,,,,,,,,,,,,,,,,,,,,,,,,,,,,,,,,,,,,,,,,,,,,,,,,,,,,,,,,,,,,,,,,,,,,,,,,,,,,,,,,48.6,31.3,35.5,67.9,,,,,,,,,,,,,,,,,,,,,,,,,,,,,,,,,,,,,,,,,,,,,,,,,,,,,,,,,,,,,,,,,,,,,,,,,,,,,,,,,,,,,,,TT,Y,,2008,4,3,03/11/08,27.727272727,24.947900029,24.606311204,26.655844156,,,,,,,,,,,,,,,,,,,,,,,,,,,,,,,,,,,,,,,,,,,,,,,,,,,,,,,,,,,,,,,,,,,,,,,,,,,,,,,,,,,,,,,,,,,,,,,,,,,,,,,,,,,,,,,,,,,,,,,,,,,,,,,,,,,,,,,,,,,,,,,,,,,,,,,,,,,,,,,,,,,,,,,,,,,,,,,,,,,,,0,0,0,0,115,55,5,4
011,06,B,E,2,3.6,80,28,4,20,57,23,59,1.5,0,0,0,90,803,67,3,63.3,57.7,35.4,,,,,,,,,,,,,,,,,,,,,,,,,,,,,,,,,,,,,,,,,,,,,,,,,,,,,,,,,,,,,,,,,,,,,,,,,,,,,,,,,,,,,,,,118.2,104.8,97.3,,,,,,,,,,,,,,,,,,,,,,,,,,,,,,,,,,,,,,,,,,,,,,,,,,,,,,,,,,,,,,,,,,,,,,,,,,,,,,,,,,,,,,,,TT,Y,,2008,5,3,03/11/08,22.222222222,24.947900029,24.606311204,26.655844156,,57.7,35.4,,,,,,,,,,,,,,,,,,,,,,,,,,,,,,,,,,,,,,,,,,,,,,,,,,,,,,,,,,,,,,,,,,,,,,,,,,,,,,,,,,,,,,,,,104.8,97.3,,,,,,,,,,,,,,,,,,,,,,,,,,,,,,,,,,,,,,,,,,,,,,,,,,,,,,,,,,,,,,,,,,,,,,,,,,,,,,,,,,,,,,,,93.1,202.1,46.55,101.05,55,115,2,2
012,06,B,W,2,30.8,821,63,9,71,18,11,9,1.5,6,0,0,90,803,67,30,107.1,75.2,39.6,18.4,36.4,31.5,9.4,29.9,55.6,58,44.2,16,7.6,9.8,23.5,28.8,14.6,18.1,41.8,39.4,31.2,38.9,63.7,78.7,77.6,56.1,21.6,4.7,6.6,21,,,,,,,,,,,,,,,,,,,,,,,,,,,,,,,,,,,,,,,,,,,,,,,,,,,,,,,,,,,,,69,67.3,82.5,105.9,131,121.7,95.1,84.9,88.8,76.4,78.9,94.3,94.5,86.8,83.7,77.7,92.7,112.2,137,129.8,105.1,76.1,51.6,28.9,20.1,43.8,77.9,95.9,92.9,97.9,,,,,,,,,,,,,,,,,,,,,,,,,,,,,,,,,,,,,,,,,,,,,,,,,,,,,,,,,,,,,FS,Y,,2008,6,3,03/11/08,26.655844156,24.947900029,24.606311204,26.655844156,,,,18.4,36.4,31.5,9.4,29.9,55.6,58,44.2,16,7.6,9.8,23.5,28.8,14.6,18.1,41.8,39.4,31.2,38.9,63.7,78.7,77.6,56.1,21.6,4.7,6.6,21,,,,,,,,,,,,,,,,,,,,,,,,,,,,,,,,,,,,,,,,,,,,,,,,,,,,,,,,,,,,,,,,105.9,131,121.7,95.1,84.9,88.8,76.4,78.9,94.3,94.5,86.8,83.7,77.7,92.7,112.2,137,129.8,105.1,76.1,51.6,28.9,20.1,43.8,77.9,95.9,92.9,97.9,,,,,,,,,,,,,,,,,,,,,,,,,,,,,,,,,,,,,,,,,,,,,,,,,,,,,,,,,,,,,883.1,2381.6,32.707407407,88.207407407,115,55,4,4
022,05,B,S,2,11.2,98,28,2,29,49,22,-39,1.5,2,0,0,90,803,82,11,67.1,65.3,64,62.2,60.7,61,58.5,46.1,29.1,17.9,11.6,,,,,,,,,,,,,,,,,,,,,,,,,,,,,,,,,,,,,,,,,,,,,,,,,,,,,,,,,,,,,,,,,,,,,,,,,,,,,,,,123.4,118.3,116.1,113.7,111.8,111.4,108.8,99.8,93,87.9,89.2,,,,,,,,,,,,,,,,,,,,,,,,,,,,,,,,,,,,,,,,,,,,,,,,,,,,,,,,,,,,,,,,,,,,,,,,,,,,,,,,TT,Y,,2008,1,3,03/10/08,8.75,18.648715739,18.548393528,19.150326797,,,64,62.2,60.7,61,58.5,46.1,29.1,17.9,11.6,,,,,,,,,,,,,,,,,,,,,,,,,,,,,,,,,,,,,,,,,,,,,,,,,,,,,,,,,,,,,,,,,,,,,,,,,,,,,,,,,,116.1,113.7,111.8,111.4,108.8,99.8,93,87.9,89.2,,,,,,,,,,,,,,,,,,,,,,,,,,,,,,,,,,,,,,,,,,,,,,,,,,,,,,,,,,,,,,,,,,,,,,,,,,,,,,,,411.1,931.7,45.677777778,103.52222222,55,115,3,3
023,05,B,N,2,7.4,128,23,27,60,16,24,52,1.5,1,0,0,90,803,82,7,113.9,112.6,99.5,79.2,56,33.5,10.9,,,,,,,,,,,,,,,,,,,,,,,,,,,,,,,,,,,,,,,,,,,,,,,,,,,,,,,,,,,,,,,,,,,,,,,,,,,,,,,,,,,,62.2,54.2,39.8,36.1,49,66.9,86,,,,,,,,,,,,,,,,,,,,,,,,,,,,,,,,,,,,,,,,,,,,,,,,,,,,,,,,,,,,,,,,,,,,,,,,,,,,,,,,,,,,TT,Y,,2008,2,3,03/10/08,17.297297297,18.648715739,18.548393528,19.150326797,,,,,,33.5,10.9,,,,,,,,,,,,,,,,,,,,,,,,,,,,,,,,,,,,,,,,,,,,,,,,,,,,,,,,,,,,,,,,,,,,,,,,,,,,,,,,,,,,,,,,,66.9,86,,,,,,,,,,,,,,,,,,,,,,,,,,,,,,,,,,,,,,,,,,,,,,,,,,,,,,,,,,,,,,,,,,,,,,,,,,,,,,,,,,,,44.4,152.9,22.2,76.45,115,55,6,6
024,05,B,E,2,12.1,259,70,0,51,40,9,58,1.5,1,0,0,90,803,82,12,62.9,55.8,52.4,33,19.2,27.1,22.2,12,12.7,27.9,20.7,19.3,,,,,,,,,,,,,,,,,,,,,,,,,,,,,,,,,,,,,,,,,,,,,,,,,,,,,,,,,,,,,,,,,,,,,,,,,,,,,,,124.1,105.4,93.5,80.8,77.4,83.4,99.2,105.8,107,119.3,105.8,98.8,,,,,,,,,,,,,,,,,,,,,,,,,,,,,,,,,,,,,,,,,,,,,,,,,,,,,,,,,,,,,,,,,,,,,,,,,,,,,,,TT,Y,,2008,3,3,03/10/08,21.404958678,18.648715739,18.548393528,19.150326797,,,52.4,33,19.2,27.1,22.2,12,12.7,27.9,20.7,19.3,,,,,,,,,,,,,,,,,,,,,,,,,,,,,,,,,,,,,,,,,,,,,,,,,,,,,,,,,,,,,,,,,,,,,,,,,,,,,,,,,93.5,80.8,77.4,83.4,99.2,105.8,107,119.3,105.8,98.8,,,,,,,,,,,,,,,,,,,,,,,,,,,,,,,,,,,,,,,,,,,,,,,,,,,,,,,,,,,,,,,,,,,,,,,,,,,,,,,246.5,971,24.65,97.1,55,115,3,3
022,06,B,N,2,36.2,757,62,15,56,21,23,68,1.5,2,0,0,90,803,82,36,118.8,108.2,88.4,68.9,55.6,42.2,34.8,23.3,21.8,16,21.5,25.5,27.8,49.7,52.6,70.8,71.4,69.9,62.3,41.3,33,25.8,40.9,48.2,52,54.4,48.1,33.6,17.4,14.4,38,55.5,52.2,44.5,37.1,14.9,,,,,,,,,,,,,,,,,,,,,,,,,,,,,,,,,,,,,,,,,,,,,,,,,,,,,,,55.5,32.2,18.1,27.4,41.2,59.2,75.9,91.3,93.1,100.6,110.2,103.5,102.5,91.3,79.6,73.3,59.3,52.3,49.5,54.8,64.3,91.6,119.5,128.4,128.9,123.8,113.9,98.1,86.3,93.4,115.3,130.4,129.6,131.9,131.5,109.9,,,,,,,,,,,,,,,,,,,,,,,,,,,,,,,,,,,,,,,,,,,,,,,,,,,,,,,TT,Y,,2008,4,3,03/11/08,20.91160221,18.648715739,18.548393528,19.150326797,,,,,,42.2,34.8,23.3,21.8,16,21.5,25.5,27.8,49.7,52.6,70.8,71.4,69.9,62.3,41.3,33,25.8,40.9,48.2,52,54.4,48.1,33.6,17.4,14.4,38,55.5,52.2,44.5,37.1,14.9,,,,,,,,,,,,,,,,,,,,,,,,,,,,,,,,,,,,,,,,,,,,,,,,,,,,,,,,,,,,59.2,75.9,91.3,93.1,100.6,110.2,103.5,102.5,91.3,79.6,73.3,59.3,52.3,49.5,54.8,64.3,91.6,119.5,128.4,128.9,123.8,113.9,98.1,86.3,93.4,115.3,130.4,129.6,131.9,131.5,109.9,,,,,,,,,,,,,,,,,,,,,,,,,,,,,,,,,,,,,,,,,,,,,,,,,,,,,,,1240.9,2993.2,40.029032258,96.55483871,115,55,6,6
023,06,B,E,2,20.1,490,14,20,51,32,17,75,1.5,0,2,0,90,803,82,20,66.2,63,54,34.7,16,24.6,54.7,83.2,91.3,90.4,85.5,83.5,92.5,92.9,83,80.6,85.4,78.3,53.3,21.9,,,,,,,,,,,,,,,,,,,,,,,,,,,,,,,,,,,,,,,,,,,,,,,,,,,,,,,,,,,,,,,,,,,,,,,124.4,112,98.9,83.7,81.8,91.5,99.3,107.5,99.6,81.5,56.6,29.8,7.8,12.8,34.5,65.5,65.4,59.4,61.8,77.3,,,,,,,,,,,,,,,,,,,,,,,,,,,,,,,,,,,,,,,,,,,,,,,,,,,,,,,,,,,,,,,,,,,,,,,TT,Y,,2008,5,3,03/11/08,24.378109453,18.648715739,18.548393528,19.150326797,,,54,34.7,16,24.6,54.7,83.2,91.3,90.4,85.5,83.5,92.5,92.9,83,80.6,85.4,78.3,53.3,21.9,,,,,,,,,,,,,,,,,,,,,,,,,,,,,,,,,,,,,,,,,,,,,,,,,,,,,,,,,,,,,,,,,,,,,,,,,98.9,83.7,81.8,91.5,99.3,107.5,99.6,81.5,56.6,29.8,7.8,12.8,34.5,65.5,65.4,59.4,61.8,77.3,,,,,,,,,,,,,,,,,,,,,,,,,,,,,,,,,,,,,,,,,,,,,,,,,,,,,,,,,,,,,,,,,,,,,,,1205.8,1214.7,66.988888889,67.483333333,55,115,3,3
024,06,B,W,2,30.6,586,54,15,55,26,19,-47,1.5,5,0,0,90,803,82,30,119.8,113.1,97.8,78.4,54.7,27.4,6.2,13.7,25.7,35.9,39.4,19,6.8,9.4,14.5,25,33.6,35.5,31.4,23.2,24.1,33.4,48.7,71.3,74.6,73.1,68.5,59.2,37.5,14.9,,,,,,,,,,,,,,,,,,,,,,,,,,,,,,,,,,,,,,,,,,,,,,,,,,,,,,,,,,,,,60.4,49.2,36.6,32.9,46.8,70.2,94.2,107.7,120.4,126.7,130.9,111.8,92.2,88.9,91,101.7,91.7,76.9,70.8,73.5,80,87.2,101.6,122.1,123.6,117.6,105.7,96.4,84.4,85.3,,,,,,,,,,,,,,,,,,,,,,,,,,,,,,,,,,,,,,,,,,,,,,,,,,,,,,,,,,,,,FS,Y,,2008,6,3,03/11/08,19.150326797,18.648715739,18.548393528,19.150326797,,,,,,27.4,6.2,13.7,25.7,35.9,39.4,19,6.8,9.4,14.5,25,33.6,35.5,31.4,23.2,24.1,33.4,48.7,71.3,74.6,73.1,68.5,59.2,37.5,14.9,,,,,,,,,,,,,,,,,,,,,,,,,,,,,,,,,,,,,,,,,,,,,,,,,,,,,,,,,,,,,,,,,,70.2,94.2,107.7,120.4,126.7,130.9,111.8,92.2,88.9,91,101.7,91.7,76.9,70.8,73.5,80,87.2,101.6,122.1,123.6,117.6,105.7,96.4,84.4,85.3,,,,,,,,,,,,,,,,,,,,,,,,,,,,,,,,,,,,,,,,,,,,,,,,,,,,,,,,,,,,,852,2452.5,34.08,98.1,115,55,6,6
028,05,B,S,2,6.5,205,9,1,67,21,12,-107,1.5,1,0,0,90,803,99,6,77.4,77.5,72.9,83.7,82.1,47.7,,,,,,,,,,,,,,,,,,,,,,,,,,,,,,,,,,,,,,,,,,,,,,,,,,,,,,,,,,,,,,,,,,,,,,,,,,,,,,,,,,,,,109.9,78.8,55.6,46.9,59.4,70.7,,,,,,,,,,,,,,,,,,,,,,,,,,,,,,,,,,,,,,,,,,,,,,,,,,,,,,,,,,,,,,,,,,,,,,,,,,,,,,,,,,,,,TT,Y,,2008,1,3,03/10/08,31.538461538,30.846385096,31.986346154,25.146579805,,77.5,72.9,83.7,82.1,47.7,,,,,,,,,,,,,,,,,,,,,,,,,,,,,,,,,,,,,,,,,,,,,,,,,,,,,,,,,,,,,,,,,,,,,,,,,,,,,,,,,,,,,,78.8,55.6,46.9,59.4,70.7,,,,,,,,,,,,,,,,,,,,,,,,,,,,,,,,,,,,,,,,,,,,,,,,,,,,,,,,,,,,,,,,,,,,,,,,,,,,,,,,,,,,,363.9,311.4,72.78,62.28,55,115,2,2
029,05,B,N,2,4.5,144,25,69,59,22,19,75,1.5,1,0,0,90,803,99,4,116,102.9,74.5,37.2,,,,,,,,,,,,,,,,,,,,,,,,,,,,,,,,,,,,,,,,,,,,,,,,,,,,,,,,,,,,,,,,,,,,,,,,,,,,,,,,,,,,,,,51.8,21.9,21.3,58.6,,,,,,,,,,,,,,,,,,,,,,,,,,,,,,,,,,,,,,,,,,,,,,,,,,,,,,,,,,,,,,,,,,,,,,,,,,,,,,,,,,,,,,,TT,Y,,2008,2,3,03/10/08,32,30.846385096,31.986346154,25.146579805,,,,37.2,,,,,,,,,,,,,,,,,,,,,,,,,,,,,,,,,,,,,,,,,,,,,,,,,,,,,,,,,,,,,,,,,,,,,,,,,,,,,,,,,,,,,,,,,,58.6,,,,,,,,,,,,,,,,,,,,,,,,,,,,,,,,,,,,,,,,,,,,,,,,,,,,,,,,,,,,,,,,,,,,,,,,,,,,,,,,,,,,,,,37.2,58.6,37.2,58.6,115,55,4,4
030,05,B,E,2,9.6,303,50,1,46,31,23,-32,1.5,1,0,0,90,803,99,9,56.9,35.4,37.2,43.9,57.1,62.5,70.5,73.2,43.9,,,,,,,,,,,,,,,,,,,,,,,,,,,,,,,,,,,,,,,,,,,,,,,,,,,,,,,,,,,,,,,,,,,,,,,,,,,,,,,,,,126.5,121.4,131.9,121.1,96.7,73.4,51.2,53.3,72.7,,,,,,,,,,,,,,,,,,,,,,,,,,,,,,,,,,,,,,,,,,,,,,,,,,,,,,,,,,,,,,,,,,,,,,,,,,,,,,,,,,TT,Y,,2008,3,3,03/10/08,31.5625,30.846385096,31.986346154,25.146579805,,35.4,37.2,43.9,57.1,62.5,70.5,73.2,43.9,,,,,,,,,,,,,,,,,,,,,,,,,,,,,,,,,,,,,,,,,,,,,,,,,,,,,,,,,,,,,,,,,,,,,,,,,,,,,,,,,,,121.4,131.9,121.1,96.7,73.4,51.2,53.3,72.7,,,,,,,,,,,,,,,,,,,,,,,,,,,,,,,,,,,,,,,,,,,,,,,,,,,,,,,,,,,,,,,,,,,,,,,,,,,,,,,,,,423.7,721.7,52.9625,90.2125,55,115,2,2
028,06,B,N,2,6.5,255,37,35,37,56,7,67,1.5,1,1,0,90,803,99,6,112.6,90.5,64.6,56.2,39.6,20.6,,,,,,,,,,,,,,,,,,,,,,,,,,,,,,,,,,,,,,,,,,,,,,,,,,,,,,,,,,,,,,,,,,,,,,,,,,,,,,,,,,,,,39.7,13.4,54.8,102.2,119.8,115.3,,,,,,,,,,,,,,,,,,,,,,,,,,,,,,,,,,,,,,,,,,,,,,,,,,,,,,,,,,,,,,,,,,,,,,,,,,,,,,,,,,,,,TT,Y,,2008,4,3,03/11/08,39.230769231,30.846385096,31.986346154,25.146579805,,,,56.2,39.6,20.6,,,,,,,,,,,,,,,,,,,,,,,,,,,,,,,,,,,,,,,,,,,,,,,,,,,,,,,,,,,,,,,,,,,,,,,,,,,,,,,,,,,,,,,,102.2,119.8,115.3,,,,,,,,,,,,,,,,,,,,,,,,,,,,,,,,,,,,,,,,,,,,,,,,,,,,,,,,,,,,,,,,,,,,,,,,,,,,,,,,,,,,,116.4,337.3,38.8,112.43333333,115,55,4,4
029,06,B,E,2,2.5,64,100,0,4,33,63,-33,1.5,1,0,0,90,803,99,2,56.6,39.8,,,,,,,,,,,,,,,,,,,,,,,,,,,,,,,,,,,,,,,,,,,,,,,,,,,,,,,,,,,,,,,,,,,,,,,,,,,,,,,,,,,,,,,,,128.5,123.2,,,,,,,,,,,,,,,,,,,,,,,,,,,,,,,,,,,,,,,,,,,,,,,,,,,,,,,,,,,,,,,,,,,,,,,,,,,,,,,,,,,,,,,,,TT,Y,,2008,5,3,03/11/08,25.6,30.846385096,31.986346154,25.146579805,,39.8,,,,,,,,,,,,,,,,,,,,,,,,,,,,,,,,,,,,,,,,,,,,,,,,,,,,,,,,,,,,,,,,,,,,,,,,,,,,,,,,,,,,,,,,,,123.2,,,,,,,,,,,,,,,,,,,,,,,,,,,,,,,,,,,,,,,,,,,,,,,,,,,,,,,,,,,,,,,,,,,,,,,,,,,,,,,,,,,,,,,,,39.8,123.2,39.8,123.2,55,115,2,2
030,06,B,W,2,30.7,772,51,13,52,30,18,-89,1.5,2,1,0,90,803,99,30,128,118.3,102.5,73.7,56.3,65.6,54.5,18.9,18.6,19.8,21.8,42.3,36.2,29.8,36.3,28.3,30.3,48,57.4,60.7,58.3,45,20.1,12.7,27.6,38.8,43.4,30.3,20.8,36,,,,,,,,,,,,,,,,,,,,,,,,,,,,,,,,,,,,,,,,,,,,,,,,,,,,,,,,,,,,,59.1,32.8,9.9,31.7,77,81.7,68.3,79.2,108,112.2,91.3,84.8,88.4,74.9,70.1,85.1,107,126.9,127.1,110.8,90.3,80.1,87.7,103.6,117.3,130.7,137.3,120.6,96.9,74.5,,,,,,,,,,,,,,,,,,,,,,,,,,,,,,,,,,,,,,,,,,,,,,,,,,,,,,,,,,,,,FS,Y,,2008,6,3,03/11/08,25.146579805,30.846385096,31.986346154,25.146579805,,,,,56.3,65.6,54.5,18.9,18.6,19.8,21.8,42.3,36.2,29.8,36.3,28.3,30.3,48,57.4,60.7,58.3,45,20.1,12.7,27.6,38.8,43.4,30.3,20.8,36,,,,,,,,,,,,,,,,,,,,,,,,,,,,,,,,,,,,,,,,,,,,,,,,,,,,,,,,,,,,,,,,,77,81.7,68.3,79.2,108,112.2,91.3,84.8,88.4,74.9,70.1,85.1,107,126.9,127.1,110.8,90.3,80.1,87.7,103.6,117.3,130.7,137.3,120.6,96.9,74.5,,,,,,,,,,,,,,,,,,,,,,,,,,,,,,,,,,,,,,,,,,,,,,,,,,,,,,,,,,,,,957.8,2531.8,36.838461538,97.376923077,115,55,5,5
004,07,A,N,2,25,712,43,14,45,16,39,21,1.5,1,0,0,90,803,29,24,108.2,89.5,55.8,21.4,20.2,45.6,76.7,82.4,71.9,61.7,49.1,42.9,47.7,36.5,25.5,21,34,54.3,94.9,121.6,114.7,96.7,72.5,38.5,,,,,,,,,,,,,,,,,,,,,,,,,,,,,,,,,,,,,,,,,,,,,,,,,,,,,,,,,,,,,,,,,,,63.5,45.2,45,74.2,91.9,96.2,107.8,111.4,118.3,125.2,134.6,137.3,137.7,116,87.5,77.2,67.8,69.3,74.8,77,57.3,34.8,30.1,57.1,,,,,,,,,,,,,,,,,,,,,,,,,,,,,,,,,,,,,,,,,,,,,,,,,,,,,,,,,,,,,,,,,,,TT,Y,,2008,1,4,03/12/08,28.48,25.383424143,25.388680401,25.357142857,,,,,20.2,45.6,76.7,82.4,71.9,61.7,49.1,42.9,47.7,36.5,25.5,21,34,54.3,94.9,121.6,114.7,96.7,72.5,38.5,,,,,,,,,,,,,,,,,,,,,,,,,,,,,,,,,,,,,,,,,,,,,,,,,,,,,,,,,,,,,,,,,,,,,,,91.9,96.2,107.8,111.4,118.3,125.2,134.6,137.3,137.7,116,87.5,77.2,67.8,69.3,74.8,77,57.3,34.8,30.1,57.1,,,,,,,,,,,,,,,,,,,,,,,,,,,,,,,,,,,,,,,,,,,,,,,,,,,,,,,,,,,,,,,,,,,1208.4,1809.3,60.42,90.465,115,55,5,5
005,07,A,E,2,2.7,59,100,0,3,46,51,-20,1.5,1,0,0,90,803,29,2,50.6,33.2,,,,,,,,,,,,,,,,,,,,,,,,,,,,,,,,,,,,,,,,,,,,,,,,,,,,,,,,,,,,,,,,,,,,,,,,,,,,,,,,,,,,,,,,,126.9,120.1,,,,,,,,,,,,,,,,,,,,,,,,,,,,,,,,,,,,,,,,,,,,,,,,,,,,,,,,,,,,,,,,,,,,,,,,,,,,,,,,,,,,,,,,,TT,Y,,2008,2,4,03/12/08,21.851851852,25.383424143,25.388680401,25.357142857,,33.2,,,,,,,,,,,,,,,,,,,,,,,,,,,,,,,,,,,,,,,,,,,,,,,,,,,,,,,,,,,,,,,,,,,,,,,,,,,,,,,,,,,,,,,,,,120.1,,,,,,,,,,,,,,,,,,,,,,,,,,,,,,,,,,,,,,,,,,,,,,,,,,,,,,,,,,,,,,,,,,,,,,,,,,,,,,,,,,,,,,,,,33.2,120.1,33.2,120.1,55,115,2,2
006,07,A,W,2,4.2,111,29,13,65,14,21,41,1.5,1,0,0,90,803,29,4,139.2,87.5,49,21.1,,,,,,,,,,,,,,,,,,,,,,,,,,,,,,,,,,,,,,,,,,,,,,,,,,,,,,,,,,,,,,,,,,,,,,,,,,,,,,,,,,,,,,,66,51.2,59.1,83.1,,,,,,,,,,,,,,,,,,,,,,,,,,,,,,,,,,,,,,,,,,,,,,,,,,,,,,,,,,,,,,,,,,,,,,,,,,,,,,,,,,,,,,,TT,Y,,2008,3,4,03/12/08,26.428571429,25.383424143,25.388680401,25.357142857,,,,,,,,,,,,,,,,,,,,,,,,,,,,,,,,,,,,,,,,,,,,,,,,,,,,,,,,,,,,,,,,,,,,,,,,,,,,,,,,,,,,,,,,,,,,,,,,,,,,,,,,,,,,,,,,,,,,,,,,,,,,,,,,,,,,,,,,,,,,,,,,,,,,,,,,,,,,,,,,,,,,,,,,,,,,,,,,,,,,,0,0,0,0,115,55,5,4
004,08,A,W,2,4.7,124,39,59,76,13,11,-32,1.5,0,0,0,90,803,29,4,114.6,84.2,53.3,27.8,,,,,,,,,,,,,,,,,,,,,,,,,,,,,,,,,,,,,,,,,,,,,,,,,,,,,,,,,,,,,,,,,,,,,,,,,,,,,,,,,,,,,,,45.6,26.1,43.3,67.8,,,,,,,,,,,,,,,,,,,,,,,,,,,,,,,,,,,,,,,,,,,,,,,,,,,,,,,,,,,,,,,,,,,,,,,,,,,,,,,,,,,,,,,TT,Y,,2008,4,4,03/13/08,26.382978723,25.383424143,25.388680401,25.357142857,,,,,,,,,,,,,,,,,,,,,,,,,,,,,,,,,,,,,,,,,,,,,,,,,,,,,,,,,,,,,,,,,,,,,,,,,,,,,,,,,,,,,,,,,,,,,,,,,,,,,,,,,,,,,,,,,,,,,,,,,,,,,,,,,,,,,,,,,,,,,,,,,,,,,,,,,,,,,,,,,,,,,,,,,,,,,,,,,,,,,0,0,0,0,115,55,5,5
005,08,A,N,2,5,119,26,38,67,20,13,25,1.5,1,0,0,90,803,29,4,113.8,92,60.4,33.6,,,,,,,,,,,,,,,,,,,,,,,,,,,,,,,,,,,,,,,,,,,,,,,,,,,,,,,,,,,,,,,,,,,,,,,,,,,,,,,,,,,,,,,49.5,36.9,48.1,67.6,,,,,,,,,,,,,,,,,,,,,,,,,,,,,,,,,,,,,,,,,,,,,,,,,,,,,,,,,,,,,,,,,,,,,,,,,,,,,,,,,,,,,,,TT,Y,,2008,5,4,03/13/08,23.8,25.383424143,25.388680401,25.357142857,,,,,,,,,,,,,,,,,,,,,,,,,,,,,,,,,,,,,,,,,,,,,,,,,,,,,,,,,,,,,,,,,,,,,,,,,,,,,,,,,,,,,,,,,,,,,,,,,,,,,,,,,,,,,,,,,,,,,,,,,,,,,,,,,,,,,,,,,,,,,,,,,,,,,,,,,,,,,,,,,,,,,,,,,,,,,,,,,,,,,0,0,0,0,115,55,5,5
006,08,A,S,2,30.8,781,62,12,60,29,11,-50,1.5,9,0,0,90,803,29,30,57.5,37.3,24.3,10.2,7.6,12.4,16.4,40,79.9,85.7,59.5,30,8.5,22.5,28.3,12.4,7.6,18.6,34.4,50.9,83.4,120.3,124.1,93.9,52.4,19.5,8.1,19,17.2,6.6,,,,,,,,,,,,,,,,,,,,,,,,,,,,,,,,,,,,,,,,,,,,,,,,,,,,,,,,,,,,,108.4,90.2,85.5,90,98.8,105,101.7,96.2,106.6,101.1,84.1,83.4,98.6,117.3,120.2,102.6,92.1,89.4,86.5,75.2,60.5,60,52.4,30.6,45.1,75.8,96.6,110.7,111.9,93.6,,,,,,,,,,,,,,,,,,,,,,,,,,,,,,,,,,,,,,,,,,,,,,,,,,,,,,,,,,,,,FS,Y,,2008,6,4,03/13/08,25.357142857,25.383424143,25.388680401,25.357142857,,37.3,24.3,10.2,7.6,12.4,16.4,40,79.9,85.7,59.5,30,8.5,22.5,28.3,12.4,7.6,18.6,34.4,50.9,83.4,120.3,124.1,93.9,52.4,19.5,8.1,19,17.2,6.6,,,,,,,,,,,,,,,,,,,,,,,,,,,,,,,,,,,,,,,,,,,,,,,,,,,,,,,,,,,,,,90.2,85.5,90,98.8,105,101.7,96.2,106.6,101.1,84.1,83.4,98.6,117.3,120.2,102.6,92.1,89.4,86.5,75.2,60.5,60,52.4,30.6,45.1,75.8,96.6,110.7,111.9,93.6,,,,,,,,,,,,,,,,,,,,,,,,,,,,,,,,,,,,,,,,,,,,,,,,,,,,,,,,,,,,,1131,2561.7,39,88.334482759,55,115,2,2
007,07,A,N,2,11.1,337,25,37,2,31,67,93,1.5,1,0,0,90,803,35,11,117.9,120.4,122.8,121.8,112.2,105.5,90.9,85.1,54.9,33.2,13.3,,,,,,,,,,,,,,,,,,,,,,,,,,,,,,,,,,,,,,,,,,,,,,,,,,,,,,,,,,,,,,,,,,,,,,,,,,,,,,,,56.9,37.9,29.2,40.7,56.2,78.3,95.4,113.8,120.5,119.3,107.8,,,,,,,,,,,,,,,,,,,,,,,,,,,,,,,,,,,,,,,,,,,,,,,,,,,,,,,,,,,,,,,,,,,,,,,,,,,,,,,,TT,Y,,2008,1,4,03/12/08,30.36036036,30.108860293,29.733238215,31.986970684,,,,121.8,112.2,105.5,90.9,85.1,54.9,33.2,13.3,,,,,,,,,,,,,,,,,,,,,,,,,,,,,,,,,,,,,,,,,,,,,,,,,,,,,,,,,,,,,,,,,,,,,,,,,,,,,,,,,,,40.7,56.2,78.3,95.4,113.8,120.5,119.3,107.8,,,,,,,,,,,,,,,,,,,,,,,,,,,,,,,,,,,,,,,,,,,,,,,,,,,,,,,,,,,,,,,,,,,,,,,,,,,,,,,,616.9,732,77.1125,91.5,115,55,4,4
008,07,A,E,2,66.4,1544,24,15,19,21,60,96,1.5,2,1,0,90,803,35,66,63.1,70.5,87.8,101.7,104,99.8,98.5,95.9,77,51.6,30,25.3,40.7,48.7,53.9,61.1,66.5,69.5,72.4,71.9,73.9,77.3,82.1,84.3,79.9,77.4,67.8,45,17,33.6,65.7,77.1,81.6,81.4,87.3,95.7,95.6,87,75.8,67.5,50.8,40.8,40.3,35.5,28.4,11.4,32.4,70.2,87,94.6,100.1,108.9,122.5,127.9,127.2,123.7,116,109.1,121.8,123.1,115.2,102.7,87.6,70,46.4,19.9,,,,,,,,,,,,,,,,,,,,,,,,,121.3,107.3,100,93.1,82,68.4,68.6,57.9,49.9,48.9,68.9,102.5,129.6,133.4,129.9,123.6,119.1,116.5,115,114,113.4,112.4,112,104.7,93.9,83,69.9,68.6,81.1,110.2,130.1,122.3,113.9,96.8,82.2,85.3,92.1,104.8,112.8,125.9,130.6,134.3,130.1,110,92.9,88.5,97.5,116.9,111.5,97.8,83,63.5,49.9,40.7,35,29.9,36.8,55.6,72.2,65.4,39.6,11.2,22.5,50.7,79.3,90.3,,,,,,,,,,,,,,,,,,,,,,,,,TT,Y,,2008,2,4,03/12/08,23.253012048,30.108860293,29.733238215,31.986970684,,70.5,87.8,101.7,104,99.8,98.5,95.9,77,51.6,30,25.3,40.7,48.7,53.9,61.1,66.5,69.5,72.4,71.9,73.9,77.3,82.1,84.3,79.9,77.4,67.8,45,17,33.6,65.7,77.1,81.6,81.4,87.3,95.7,95.6,87,75.8,67.5,50.8,40.8,40.3,35.5,28.4,11.4,32.4,70.2,87,94.6,100.1,108.9,122.5,127.9,127.2,123.7,116,109.1,121.8,123.1,115.2,102.7,87.6,70,46.4,19.9,,,,,,,,,,,,,,,,,,,,,,,,,,107.3,100,93.1,82,68.4,68.6,57.9,49.9,48.9,68.9,102.5,129.6,133.4,129.9,123.6,119.1,116.5,115,114,113.4,112.4,112,104.7,93.9,83,69.9,68.6,81.1,110.2,130.1,122.3,113.9,96.8,82.2,85.3,92.1,104.8,112.8,125.9,130.6,134.3,130.1,110,92.9,88.5,97.5,116.9,111.5,97.8,83,63.5,49.9,40.7,35,29.9,36.8,55.6,72.2,65.4,39.6,11.2,22.5,50.7,79.3,90.3,,,,,,,,,,,,,,,,,,,,,,,,,4893.3,5779.7,75.281538462,88.918461538,55,115,2,2
009,07,A,W,2,4.4,124,20,48,60,25,15,-8,1.5,1,0,0,90,803,35,4,116.1,99,68.1,32.3,,,,,,,,,,,,,,,,,,,,,,,,,,,,,,,,,,,,,,,,,,,,,,,,,,,,,,,,,,,,,,,,,,,,,,,,,,,,,,,,,,,,,,,52.2,44.5,45.4,67,,,,,,,,,,,,,,,,,,,,,,,,,,,,,,,,,,,,,,,,,,,,,,,,,,,,,,,,,,,,,,,,,,,,,,,,,,,,,,,,,,,,,,,TT,Y,,2008,3,4,03/12/08,28.181818182,30.108860293,29.733238215,31.986970684,,,,,,,,,,,,,,,,,,,,,,,,,,,,,,,,,,,,,,,,,,,,,,,,,,,,,,,,,,,,,,,,,,,,,,,,,,,,,,,,,,,,,,,,,,,,,,,,,,,,,,,,,,,,,,,,,,,,,,,,,,,,,,,,,,,,,,,,,,,,,,,,,,,,,,,,,,,,,,,,,,,,,,,,,,,,,,,,,,,,,0,0,0,0,115,55,4,4
007,08,A,W,2,18.2,606,35,21,22,25,53,-75,1.5,1,0,0,90,803,35,18,125.9,124.8,125.9,117.9,107.2,96.8,78.4,65.1,40.6,14.7,34.1,66.7,71,66.7,56.5,33.1,19.3,16.1,,,,,,,,,,,,,,,,,,,,,,,,,,,,,,,,,,,,,,,,,,,,,,,,,,,,,,,,,,,,,,,,,,,,,,,,,47,31.8,39.7,53.9,68.9,92.8,106.8,124.2,115.4,106.3,116.9,119.4,99,68.6,48.7,63.2,95.4,107.9,,,,,,,,,,,,,,,,,,,,,,,,,,,,,,,,,,,,,,,,,,,,,,,,,,,,,,,,,,,,,,,,,,,,,,,,,TT,Y,,2008,4,4,03/13/08,33.296703297,30.108860293,29.733238215,31.986970684,,,,117.9,107.2,96.8,78.4,65.1,40.6,14.7,34.1,66.7,71,66.7,56.5,33.1,19.3,16.1,,,,,,,,,,,,,,,,,,,,,,,,,,,,,,,,,,,,,,,,,,,,,,,,,,,,,,,,,,,,,,,,,,,,,,,,,,,,53.9,68.9,92.8,106.8,124.2,115.4,106.3,116.9,119.4,99,68.6,48.7,63.2,95.4,107.9,,,,,,,,,,,,,,,,,,,,,,,,,,,,,,,,,,,,,,,,,,,,,,,,,,,,,,,,,,,,,,,,,,,,,,,,,884.2,1387.4,58.946666667,92.493333333,115,55,4,4
008,08,A,N,2,24.9,836,27,18,42,26,32,-53,1.5,1,1,0,90,803,35,24,115.5,106,93.1,70.5,41.8,17.8,40.9,86.6,97.4,95,95.6,111.1,114.8,95.2,60.9,30.2,26.2,43.9,46.2,36,36.4,44.3,39.6,24.5,,,,,,,,,,,,,,,,,,,,,,,,,,,,,,,,,,,,,,,,,,,,,,,,,,,,,,,,,,,,,,,,,,,56.5,67.7,92.3,99,91.1,81.2,97.9,105.1,82.5,48.9,12.4,36,57.7,59.1,73.4,81.8,73.9,55.4,49.3,71,97.4,129.9,133.5,109.8,,,,,,,,,,,,,,,,,,,,,,,,,,,,,,,,,,,,,,,,,,,,,,,,,,,,,,,,,,,,,,,,,,,TT,Y,,2008,5,4,03/13/08,33.574297189,30.108860293,29.733238215,31.986970684,,,,70.5,41.8,17.8,40.9,86.6,97.4,95,95.6,111.1,114.8,95.2,60.9,30.2,26.2,43.9,46.2,36,36.4,44.3,39.6,24.5,,,,,,,,,,,,,,,,,,,,,,,,,,,,,,,,,,,,,,,,,,,,,,,,,,,,,,,,,,,,,,,,,,,,,,99,91.1,81.2,97.9,105.1,82.5,48.9,12.4,36,57.7,59.1,73.4,81.8,73.9,55.4,49.3,71,97.4,129.9,133.5,109.8,,,,,,,,,,,,,,,,,,,,,,,,,,,,,,,,,,,,,,,,,,,,,,,,,,,,,,,,,,,,,,,,,,,1254.9,1646.3,59.757142857,78.395238095,115,55,4,4
009,08,A,S,2,30.7,982,44,13,46,33,21,-91,1.5,1,0,0,90,803,35,30,67.9,74.1,64.3,34,14.9,35,27.3,21.8,9.2,37.2,60.4,68,85.7,108.9,111.3,100.8,80.8,69.2,92,95.3,85,51.1,24.8,42,40.4,22.4,17.4,32.6,41.5,29.4,,,,,,,,,,,,,,,,,,,,,,,,,,,,,,,,,,,,,,,,,,,,,,,,,,,,,,,,,,,,,113.4,90.1,70.3,75,100.5,129.6,107.7,89.1,97.6,123.6,128.8,107.3,86.6,81.2,65.7,36.4,19.9,51.4,62.9,40.7,34.6,54.6,91.2,120.6,114.1,114.6,100.3,73.4,73.9,87.9,,,,,,,,,,,,,,,,,,,,,,,,,,,,,,,,,,,,,,,,,,,,,,,,,,,,,,,,,,,,,FS,Y,,2008,6,4,03/13/08,31.986970684,30.108860293,29.733238215,31.986970684,,74.1,64.3,34,14.9,35,27.3,21.8,9.2,37.2,60.4,68,85.7,108.9,111.3,100.8,80.8,69.2,92,95.3,85,51.1,24.8,42,40.4,22.4,17.4,32.6,41.5,29.4,,,,,,,,,,,,,,,,,,,,,,,,,,,,,,,,,,,,,,,,,,,,,,,,,,,,,,,,,,,,,,90.1,70.3,75,100.5,129.6,107.7,89.1,97.6,123.6,128.8,107.3,86.6,81.2,65.7,36.4,19.9,51.4,62.9,40.7,34.6,54.6,91.2,120.6,114.1,114.6,100.3,73.4,73.9,87.9,,,,,,,,,,,,,,,,,,,,,,,,,,,,,,,,,,,,,,,,,,,,,,,,,,,,,,,,,,,,,1576.8,2429.6,54.372413793,83.779310345,55,115,2,2
001,07,B,W,2,6.6,188,10,67,40,16,44,-93,1.5,0,0,0,90,803,59,6,127.3,130.9,122.3,103.6,69.6,38.5,,,,,,,,,,,,,,,,,,,,,,,,,,,,,,,,,,,,,,,,,,,,,,,,,,,,,,,,,,,,,,,,,,,,,,,,,,,,,,,,,,,,,47.9,37.2,31.7,29.7,40.4,60.5,,,,,,,,,,,,,,,,,,,,,,,,,,,,,,,,,,,,,,,,,,,,,,,,,,,,,,,,,,,,,,,,,,,,,,,,,,,,,,,,,,,,,TT,Y,,2008,1,4,03/12/08,28.484848485,26.108256378,26.561178012,23.843648208,,,,103.6,69.6,38.5,,,,,,,,,,,,,,,,,,,,,,,,,,,,,,,,,,,,,,,,,,,,,,,,,,,,,,,,,,,,,,,,,,,,,,,,,,,,,,,,,,,,,,,,29.7,40.4,60.5,,,,,,,,,,,,,,,,,,,,,,,,,,,,,,,,,,,,,,,,,,,,,,,,,,,,,,,,,,,,,,,,,,,,,,,,,,,,,,,,,,,,,211.7,130.6,70.566666667,43.533333333,115,55,4,4
002,07,B,N,2,7.2,185,26,48,67,18,15,69,1.5,1,1,0,90,803,59,7,115.1,109.2,89.8,61.8,45.7,28.9,13.5,,,,,,,,,,,,,,,,,,,,,,,,,,,,,,,,,,,,,,,,,,,,,,,,,,,,,,,,,,,,,,,,,,,,,,,,,,,,,,,,,,,,58.2,34.3,12.6,34.6,52.4,73.9,95.8,,,,,,,,,,,,,,,,,,,,,,,,,,,,,,,,,,,,,,,,,,,,,,,,,,,,,,,,,,,,,,,,,,,,,,,,,,,,,,,,,,,,TT,Y,,2008,2,4,03/12/08,25.694444444,26.108256378,26.561178012,23.843648208,,,,61.8,45.7,28.9,13.5,,,,,,,,,,,,,,,,,,,,,,,,,,,,,,,,,,,,,,,,,,,,,,,,,,,,,,,,,,,,,,,,,,,,,,,,,,,,,,,,,,,,,,,34.6,52.4,73.9,95.8,,,,,,,,,,,,,,,,,,,,,,,,,,,,,,,,,,,,,,,,,,,,,,,,,,,,,,,,,,,,,,,,,,,,,,,,,,,,,,,,,,,,149.9,256.7,37.475,64.175,115,55,4,4
003,07,B,S,2,2.6,69,96,0,36,44,20,34,1.5,1,0,0,90,803,59,2,50.5,21.9,,,,,,,,,,,,,,,,,,,,,,,,,,,,,,,,,,,,,,,,,,,,,,,,,,,,,,,,,,,,,,,,,,,,,,,,,,,,,,,,,,,,,,,,,122.1,106.7,,,,,,,,,,,,,,,,,,,,,,,,,,,,,,,,,,,,,,,,,,,,,,,,,,,,,,,,,,,,,,,,,,,,,,,,,,,,,,,,,,,,,,,,,TT,Y,,2008,3,4,03/12/08,26.538461538,26.108256378,26.561178012,23.843648208,,21.9,,,,,,,,,,,,,,,,,,,,,,,,,,,,,,,,,,,,,,,,,,,,,,,,,,,,,,,,,,,,,,,,,,,,,,,,,,,,,,,,,,,,,,,,,,106.7,,,,,,,,,,,,,,,,,,,,,,,,,,,,,,,,,,,,,,,,,,,,,,,,,,,,,,,,,,,,,,,,,,,,,,,,,,,,,,,,,,,,,,,,,21.9,106.7,21.9,106.7,55,115,2,2
001,08,B,E,2,5,124,30,1,57,28,15,75,1.5,1,0,0,90,803,59,4,73.2,70.7,57.3,30.9,,,,,,,,,,,,,,,,,,,,,,,,,,,,,,,,,,,,,,,,,,,,,,,,,,,,,,,,,,,,,,,,,,,,,,,,,,,,,,,,,,,,,,,110,86.1,66.8,70.8,,,,,,,,,,,,,,,,,,,,,,,,,,,,,,,,,,,,,,,,,,,,,,,,,,,,,,,,,,,,,,,,,,,,,,,,,,,,,,,,,,,,,,,TT,Y,,2008,4,4,03/13/08,24.8,26.108256378,26.561178012,23.843648208,,70.7,57.3,30.9,,,,,,,,,,,,,,,,,,,,,,,,,,,,,,,,,,,,,,,,,,,,,,,,,,,,,,,,,,,,,,,,,,,,,,,,,,,,,,,,,,,,,,,,86.1,66.8,70.8,,,,,,,,,,,,,,,,,,,,,,,,,,,,,,,,,,,,,,,,,,,,,,,,,,,,,,,,,,,,,,,,,,,,,,,,,,,,,,,,,,,,,,,158.9,223.7,52.966666667,74.566666667,55,115,2,2
002,08,B,W,2,5.9,161,36,49,65,22,13,-30,1.5,1,0,0,90,803,59,5,121,105.9,71.5,36.5,19.5,,,,,,,,,,,,,,,,,,,,,,,,,,,,,,,,,,,,,,,,,,,,,,,,,,,,,,,,,,,,,,,,,,,,,,,,,,,,,,,,,,,,,,48.6,34.3,35.4,68.5,94.8,,,,,,,,,,,,,,,,,,,,,,,,,,,,,,,,,,,,,,,,,,,,,,,,,,,,,,,,,,,,,,,,,,,,,,,,,,,,,,,,,,,,,,TT,Y,,2008,5,4,03/13/08,27.288135593,26.108256378,26.561178012,23.843648208,,,,36.5,19.5,,,,,,,,,,,,,,,,,,,,,,,,,,,,,,,,,,,,,,,,,,,,,,,,,,,,,,,,,,,,,,,,,,,,,,,,,,,,,,,,,,,,,,,,,68.5,94.8,,,,,,,,,,,,,,,,,,,,,,,,,,,,,,,,,,,,,,,,,,,,,,,,,,,,,,,,,,,,,,,,,,,,,,,,,,,,,,,,,,,,,,56,163.3,28,81.65,115,55,4,4
003,08,B,S,2,30.7,732,71,2,59,21,20,-51,1.5,7,0,0,90,803,59,30,59.3,42,40.2,30.6,17.5,21.2,26.2,12.4,10.9,13.6,17.9,12.8,3.9,15.4,8.8,12,35.6,44.4,37.2,43.1,29.6,22.7,47.9,84.7,110,112.8,94.9,61.4,25.4,6.8,,,,,,,,,,,,,,,,,,,,,,,,,,,,,,,,,,,,,,,,,,,,,,,,,,,,,,,,,,,,,112.3,86.9,67.8,68.3,78.7,74.6,69.1,85.4,105.5,94.8,84.6,84.6,95.7,109.7,102.9,102.5,117,134.3,131.9,136.5,124.4,105.6,92.8,91.9,84.6,64.3,45.2,46.8,76.5,99.3,,,,,,,,,,,,,,,,,,,,,,,,,,,,,,,,,,,,,,,,,,,,,,,,,,,,,,,,,,,,,FS,Y,,2008,6,4,03/13/08,23.843648208,26.108256378,26.561178012,23.843648208,,42,40.2,30.6,17.5,21.2,26.2,12.4,10.9,13.6,17.9,12.8,3.9,15.4,8.8,12,35.6,44.4,37.2,43.1,29.6,22.7,47.9,84.7,110,112.8,94.9,61.4,25.4,6.8,,,,,,,,,,,,,,,,,,,,,,,,,,,,,,,,,,,,,,,,,,,,,,,,,,,,,,,,,,,,,,86.9,67.8,68.3,78.7,74.6,69.1,85.4,105.5,94.8,84.6,84.6,95.7,109.7,102.9,102.5,117,134.3,131.9,136.5,124.4,105.6,92.8,91.9,84.6,64.3,45.2,46.8,76.5,99.3,,,,,,,,,,,,,,,,,,,,,,,,,,,,,,,,,,,,,,,,,,,,,,,,,,,,,,,,,,,,,1041.9,2662.2,35.927586207,91.8,55,115,2,2
010,07,B,W,2,3.3,111,28,1,59,18,23,17,1.5,0,0,0,90,803,67,3,113.1,73.3,27.9,,,,,,,,,,,,,,,,,,,,,,,,,,,,,,,,,,,,,,,,,,,,,,,,,,,,,,,,,,,,,,,,,,,,,,,,,,,,,,,,,,,,,,,,69.5,66,79.4,,,,,,,,,,,,,,,,,,,,,,,,,,,,,,,,,,,,,,,,,,,,,,,,,,,,,,,,,,,,,,,,,,,,,,,,,,,,,,,,,,,,,,,,TT,Y,,2008,1,4,03/12/08,33.636363636,25.332546961,26.176834131,21.111111111,,,,,,,,,,,,,,,,,,,,,,,,,,,,,,,,,,,,,,,,,,,,,,,,,,,,,,,,,,,,,,,,,,,,,,,,,,,,,,,,,,,,,,,,,,,,,,,,,,,,,,,,,,,,,,,,,,,,,,,,,,,,,,,,,,,,,,,,,,,,,,,,,,,,,,,,,,,,,,,,,,,,,,,,,,,,,,,,,,,,,0,0,0,0,115,55,4,3
011,07,B,N,2,4.8,139,40,1,63,27,10,6,1.5,2,0,0,90,803,67,4,103.1,74.9,41.2,17.6,,,,,,,,,,,,,,,,,,,,,,,,,,,,,,,,,,,,,,,,,,,,,,,,,,,,,,,,,,,,,,,,,,,,,,,,,,,,,,,,,,,,,,,58.2,52.1,74.7,101.7,,,,,,,,,,,,,,,,,,,,,,,,,,,,,,,,,,,,,,,,,,,,,,,,,,,,,,,,,,,,,,,,,,,,,,,,,,,,,,,,,,,,,,,TT,Y,,2008,2,4,03/12/08,28.958333333,25.332546961,26.176834131,21.111111111,,,,17.6,,,,,,,,,,,,,,,,,,,,,,,,,,,,,,,,,,,,,,,,,,,,,,,,,,,,,,,,,,,,,,,,,,,,,,,,,,,,,,,,,,,,,,,,,,101.7,,,,,,,,,,,,,,,,,,,,,,,,,,,,,,,,,,,,,,,,,,,,,,,,,,,,,,,,,,,,,,,,,,,,,,,,,,,,,,,,,,,,,,,17.6,101.7,17.6,101.7,115,55,4,4
012,07,B,S,2,3.8,75,100,0,18,75,7,28,1.5,1,0,0,90,803,67,3,48,35.9,22.1,,,,,,,,,,,,,,,,,,,,,,,,,,,,,,,,,,,,,,,,,,,,,,,,,,,,,,,,,,,,,,,,,,,,,,,,,,,,,,,,,,,,,,,,121.1,113.7,109,,,,,,,,,,,,,,,,,,,,,,,,,,,,,,,,,,,,,,,,,,,,,,,,,,,,,,,,,,,,,,,,,,,,,,,,,,,,,,,,,,,,,,,,TT,Y,,2008,3,4,03/12/08,19.736842105,25.332546961,26.176834131,21.111111111,,35.9,22.1,,,,,,,,,,,,,,,,,,,,,,,,,,,,,,,,,,,,,,,,,,,,,,,,,,,,,,,,,,,,,,,,,,,,,,,,,,,,,,,,,,,,,,,,,113.7,109,,,,,,,,,,,,,,,,,,,,,,,,,,,,,,,,,,,,,,,,,,,,,,,,,,,,,,,,,,,,,,,,,,,,,,,,,,,,,,,,,,,,,,,,58,222.7,29,111.35,55,115,2,2
010,08,B,E,2,3.8,95,37,1,24,48,28,71,1.5,0,0,0,90,803,67,3,67.5,58.6,35.3,,,,,,,,,,,,,,,,,,,,,,,,,,,,,,,,,,,,,,,,,,,,,,,,,,,,,,,,,,,,,,,,,,,,,,,,,,,,,,,,,,,,,,,,119,103.7,98.7,,,,,,,,,,,,,,,,,,,,,,,,,,,,,,,,,,,,,,,,,,,,,,,,,,,,,,,,,,,,,,,,,,,,,,,,,,,,,,,,,,,,,,,,TT,Y,,2008,4,4,03/13/08,25,25.332546961,26.176834131,21.111111111,,58.6,35.3,,,,,,,,,,,,,,,,,,,,,,,,,,,,,,,,,,,,,,,,,,,,,,,,,,,,,,,,,,,,,,,,,,,,,,,,,,,,,,,,,,,,,,,,,103.7,98.7,,,,,,,,,,,,,,,,,,,,,,,,,,,,,,,,,,,,,,,,,,,,,,,,,,,,,,,,,,,,,,,,,,,,,,,,,,,,,,,,,,,,,,,,93.9,202.4,46.95,101.2,55,115,2,2
011,08,B,W,2,7.6,179,45,7,74,8,18,36,1.5,1,0,0,90,803,67,7,119,100.2,72,49.2,27.8,16.6,21.7,,,,,,,,,,,,,,,,,,,,,,,,,,,,,,,,,,,,,,,,,,,,,,,,,,,,,,,,,,,,,,,,,,,,,,,,,,,,,,,,,,,,61.2,59.2,56.3,63.3,76.8,91.3,99.3,,,,,,,,,,,,,,,,,,,,,,,,,,,,,,,,,,,,,,,,,,,,,,,,,,,,,,,,,,,,,,,,,,,,,,,,,,,,,,,,,,,,TT,Y,,2008,5,4,03/13/08,23.552631579,25.332546961,26.176834131,21.111111111,,,,49.2,27.8,16.6,21.7,,,,,,,,,,,,,,,,,,,,,,,,,,,,,,,,,,,,,,,,,,,,,,,,,,,,,,,,,,,,,,,,,,,,,,,,,,,,,,,,,,,,,,,63.3,76.8,91.3,99.3,,,,,,,,,,,,,,,,,,,,,,,,,,,,,,,,,,,,,,,,,,,,,,,,,,,,,,,,,,,,,,,,,,,,,,,,,,,,,,,,,,,,115.3,330.7,28.825,82.675,115,55,4,4
012,08,B,S,2,30.6,646,91,3,52,22,26,0,1.5,3,0,0,90,803,67,30,46.9,26.3,14.9,17.5,7.8,16.2,29.6,26.2,19.5,21.9,21.8,18.3,12.5,11.2,25.4,42.1,41.9,55.1,59.7,51.9,30.4,14.1,27.4,47.7,58.2,43.9,41.9,26,8.8,19,,,,,,,,,,,,,,,,,,,,,,,,,,,,,,,,,,,,,,,,,,,,,,,,,,,,,,,,,,,,,117.6,102,92.7,81.3,88,84.6,70.2,70.1,77.1,73.4,73.5,77.5,85.5,95.6,116.3,136.7,134.9,136.8,124.2,110.1,103.8,105.8,100.8,109.2,126.1,127.8,135.6,121,98.3,79.1,,,,,,,,,,,,,,,,,,,,,,,,,,,,,,,,,,,,,,,,,,,,,,,,,,,,,,,,,,,,,FS,Y,,2008,6,4,03/13/08,21.111111111,25.332546961,26.176834131,21.111111111,,,14.9,17.5,7.8,16.2,29.6,26.2,19.5,21.9,21.8,18.3,12.5,11.2,25.4,42.1,41.9,55.1,59.7,51.9,30.4,14.1,27.4,47.7,58.2,43.9,41.9,26,8.8,19,,,,,,,,,,,,,,,,,,,,,,,,,,,,,,,,,,,,,,,,,,,,,,,,,,,,,,,,,,,,,,,92.7,81.3,88,84.6,70.2,70.1,77.1,73.4,73.5,77.5,85.5,95.6,116.3,136.7,134.9,136.8,124.2,110.1,103.8,105.8,100.8,109.2,126.1,127.8,135.6,121,98.3,79.1,,,,,,,,,,,,,,,,,,,,,,,,,,,,,,,,,,,,,,,,,,,,,,,,,,,,,,,,,,,,,810.9,2836,28.960714286,101.28571429,55,115,3,3
022,07,B,W,2,6.8,124,10,79,58,26,16,-46,1.5,0,0,0,90,803,82,6,119.2,111.1,99.7,87.6,72,49.7,,,,,,,,,,,,,,,,,,,,,,,,,,,,,,,,,,,,,,,,,,,,,,,,,,,,,,,,,,,,,,,,,,,,,,,,,,,,,,,,,,,,,58.8,46.4,34.7,27.7,30.5,48,,,,,,,,,,,,,,,,,,,,,,,,,,,,,,,,,,,,,,,,,,,,,,,,,,,,,,,,,,,,,,,,,,,,,,,,,,,,,,,,,,,,,TT,Y,,2008,1,4,03/12/08,18.235294118,20.53636508,21.418882396,16.123778502,,,,,72,49.7,,,,,,,,,,,,,,,,,,,,,,,,,,,,,,,,,,,,,,,,,,,,,,,,,,,,,,,,,,,,,,,,,,,,,,,,,,,,,,,,,,,,,,,,,30.5,48,,,,,,,,,,,,,,,,,,,,,,,,,,,,,,,,,,,,,,,,,,,,,,,,,,,,,,,,,,,,,,,,,,,,,,,,,,,,,,,,,,,,,121.7,78.5,60.85,39.25,115,55,5,5
023,07,B,N,2,6.1,162,15,57,61,16,23,67,1.5,1,0,0,90,803,82,6,118.3,111.2,89.8,66.3,45.2,21.3,,,,,,,,,,,,,,,,,,,,,,,,,,,,,,,,,,,,,,,,,,,,,,,,,,,,,,,,,,,,,,,,,,,,,,,,,,,,,,,,,,,,,58.4,39.6,23.5,30.1,57.6,81.6,,,,,,,,,,,,,,,,,,,,,,,,,,,,,,,,,,,,,,,,,,,,,,,,,,,,,,,,,,,,,,,,,,,,,,,,,,,,,,,,,,,,,TT,Y,,2008,2,4,03/12/08,26.557377049,20.53636508,21.418882396,16.123778502,,,,,45.2,21.3,,,,,,,,,,,,,,,,,,,,,,,,,,,,,,,,,,,,,,,,,,,,,,,,,,,,,,,,,,,,,,,,,,,,,,,,,,,,,,,,,,,,,,,,,57.6,81.6,,,,,,,,,,,,,,,,,,,,,,,,,,,,,,,,,,,,,,,,,,,,,,,,,,,,,,,,,,,,,,,,,,,,,,,,,,,,,,,,,,,,,66.5,139.2,33.25,69.6,115,55,5,5
024,07,B,S,2,4.7,92,86,1,34,45,21,29,1.5,1,0,0,90,803,82,4,58.1,38.1,26.8,15.4,,,,,,,,,,,,,,,,,,,,,,,,,,,,,,,,,,,,,,,,,,,,,,,,,,,,,,,,,,,,,,,,,,,,,,,,,,,,,,,,,,,,,,,122.3,120.9,109.5,96.3,,,,,,,,,,,,,,,,,,,,,,,,,,,,,,,,,,,,,,,,,,,,,,,,,,,,,,,,,,,,,,,,,,,,,,,,,,,,,,,,,,,,,,,TT,Y,,2008,3,4,03/12/08,19.574468085,20.53636508,21.418882396,16.123778502,,,26.8,15.4,,,,,,,,,,,,,,,,,,,,,,,,,,,,,,,,,,,,,,,,,,,,,,,,,,,,,,,,,,,,,,,,,,,,,,,,,,,,,,,,,,,,,,,,,109.5,96.3,,,,,,,,,,,,,,,,,,,,,,,,,,,,,,,,,,,,,,,,,,,,,,,,,,,,,,,,,,,,,,,,,,,,,,,,,,,,,,,,,,,,,,,42.2,205.8,21.1,102.9,55,115,3,3
022,08,B,E,2,4.1,82,50,0,0,40,60,-5,1.5,0,0,0,90,803,82,4,62,63.3,45.1,19.1,,,,,,,,,,,,,,,,,,,,,,,,,,,,,,,,,,,,,,,,,,,,,,,,,,,,,,,,,,,,,,,,,,,,,,,,,,,,,,,,,,,,,,,118.2,123.2,115.4,105.1,,,,,,,,,,,,,,,,,,,,,,,,,,,,,,,,,,,,,,,,,,,,,,,,,,,,,,,,,,,,,,,,,,,,,,,,,,,,,,,,,,,,,,,TT,Y,,2008,4,4,03/13/08,20,20.53636508,21.418882396,16.123778502,,,45.1,19.1,,,,,,,,,,,,,,,,,,,,,,,,,,,,,,,,,,,,,,,,,,,,,,,,,,,,,,,,,,,,,,,,,,,,,,,,,,,,,,,,,,,,,,,,,115.4,105.1,,,,,,,,,,,,,,,,,,,,,,,,,,,,,,,,,,,,,,,,,,,,,,,,,,,,,,,,,,,,,,,,,,,,,,,,,,,,,,,,,,,,,,,64.2,220.5,32.1,110.25,55,115,3,3
023,08,B,W,2,5.5,125,14,55,62,27,11,-34,1.5,0,0,0,90,803,82,5,117.6,107.9,86.2,60.9,35.8,,,,,,,,,,,,,,,,,,,,,,,,,,,,,,,,,,,,,,,,,,,,,,,,,,,,,,,,,,,,,,,,,,,,,,,,,,,,,,,,,,,,,,47.1,36.5,32.6,47.2,67.6,,,,,,,,,,,,,,,,,,,,,,,,,,,,,,,,,,,,,,,,,,,,,,,,,,,,,,,,,,,,,,,,,,,,,,,,,,,,,,,,,,,,,,TT,Y,,2008,5,4,03/13/08,22.727272727,20.53636508,21.418882396,16.123778502,,,,,35.8,,,,,,,,,,,,,,,,,,,,,,,,,,,,,,,,,,,,,,,,,,,,,,,,,,,,,,,,,,,,,,,,,,,,,,,,,,,,,,,,,,,,,,,,,,67.6,,,,,,,,,,,,,,,,,,,,,,,,,,,,,,,,,,,,,,,,,,,,,,,,,,,,,,,,,,,,,,,,,,,,,,,,,,,,,,,,,,,,,,35.8,67.6,35.8,67.6,115,55,5,5
024,08,B,S,2,30.7,495,87,4,73,17,10,38,1.5,1,0,0,90,803,82,30,58.3,39.1,23.1,25.8,38.9,58.8,50.8,39.7,14.8,21.8,55.4,60.1,44.7,25.7,17.7,27.9,23.5,24,23.5,24.6,26.3,25.6,25.7,25.5,25.4,26.5,23.1,22.9,23.3,23.3,,,,,,,,,,,,,,,,,,,,,,,,,,,,,,,,,,,,,,,,,,,,,,,,,,,,,,,,,,,,,124,122.1,117,117.2,123.8,131.9,115.9,102.7,89.4,94.8,89,73.6,67.7,72.6,80,67.6,71.9,71.7,72.6,70.9,69,69.7,69.6,69.8,69.9,68.8,74.1,73.3,72.2,72.3,,,,,,,,,,,,,,,,,,,,,,,,,,,,,,,,,,,,,,,,,,,,,,,,,,,,,,,,,,,,,FS,Y,,2008,6,4,03/13/08,16.123778502,20.53636508,21.418882396,16.123778502,,,23.1,25.8,38.9,58.8,50.8,39.7,14.8,21.8,55.4,60.1,44.7,25.7,17.7,27.9,23.5,24,23.5,24.6,26.3,25.6,25.7,25.5,25.4,26.5,23.1,22.9,23.3,23.3,,,,,,,,,,,,,,,,,,,,,,,,,,,,,,,,,,,,,,,,,,,,,,,,,,,,,,,,,,,,,,,117,117.2,123.8,131.9,115.9,102.7,89.4,94.8,89,73.6,67.7,72.6,80,67.6,71.9,71.7,72.6,70.9,69,69.7,69.6,69.8,69.9,68.8,74.1,73.3,72.2,72.3,,,,,,,,,,,,,,,,,,,,,,,,,,,,,,,,,,,,,,,,,,,,,,,,,,,,,,,,,,,,,848.4,2339,30.3,83.535714286,55,115,3,3
028,07,B,W,2,11.6,360,50,23,62,24,14,-42,1.5,1,0,0,90,803,99,11,113.5,85.5,40.3,35.6,35.4,35.6,31.6,22.5,22.8,42.1,23.8,,,,,,,,,,,,,,,,,,,,,,,,,,,,,,,,,,,,,,,,,,,,,,,,,,,,,,,,,,,,,,,,,,,,,,,,,,,,,,,,43.2,27,57.9,95.7,87.3,80.7,68.3,76.2,110.3,135.2,118.4,,,,,,,,,,,,,,,,,,,,,,,,,,,,,,,,,,,,,,,,,,,,,,,,,,,,,,,,,,,,,,,,,,,,,,,,,,,,,,,,TT,Y,,2008,1,4,03/12/08,31.034482759,30.862142702,32.611118474,22.117263844,,,,35.6,35.4,35.6,31.6,22.5,22.8,42.1,23.8,,,,,,,,,,,,,,,,,,,,,,,,,,,,,,,,,,,,,,,,,,,,,,,,,,,,,,,,,,,,,,,,,,,,,,,,,,,,,,,,,,,95.7,87.3,80.7,68.3,76.2,110.3,135.2,118.4,,,,,,,,,,,,,,,,,,,,,,,,,,,,,,,,,,,,,,,,,,,,,,,,,,,,,,,,,,,,,,,,,,,,,,,,,,,,,,,,249.4,772.1,31.175,96.5125,115,55,4,4
029,07,B,N,2,4.1,140,30,53,70,15,15,46,1.5,1,0,0,90,803,99,4,111.6,84.4,49.8,13.5,,,,,,,,,,,,,,,,,,,,,,,,,,,,,,,,,,,,,,,,,,,,,,,,,,,,,,,,,,,,,,,,,,,,,,,,,,,,,,,,,,,,,,,51.8,26.2,46.2,84.3,,,,,,,,,,,,,,,,,,,,,,,,,,,,,,,,,,,,,,,,,,,,,,,,,,,,,,,,,,,,,,,,,,,,,,,,,,,,,,,,,,,,,,,TT,Y,,2008,2,4,03/12/08,34.146341463,30.862142702,32.611118474,22.117263844,,,,,,,,,,,,,,,,,,,,,,,,,,,,,,,,,,,,,,,,,,,,,,,,,,,,,,,,,,,,,,,,,,,,,,,,,,,,,,,,,,,,,,,,,,,,,,,,,,,,,,,,,,,,,,,,,,,,,,,,,,,,,,,,,,,,,,,,,,,,,,,,,,,,,,,,,,,,,,,,,,,,,,,,,,,,,,,,,,,,,0,0,0,0,115,55,4,4
030,07,B,S,2,5.3,150,19,1,42,21,37,-118,1.5,1,0,0,90,803,99,5,65.1,80.8,81.6,59.3,20.9,,,,,,,,,,,,,,,,,,,,,,,,,,,,,,,,,,,,,,,,,,,,,,,,,,,,,,,,,,,,,,,,,,,,,,,,,,,,,,,,,,,,,,122.1,109.1,85.3,73.3,80.9,,,,,,,,,,,,,,,,,,,,,,,,,,,,,,,,,,,,,,,,,,,,,,,,,,,,,,,,,,,,,,,,,,,,,,,,,,,,,,,,,,,,,,TT,Y,,2008,3,4,03/12/08,28.301886792,30.862142702,32.611118474,22.117263844,,80.8,81.6,59.3,20.9,,,,,,,,,,,,,,,,,,,,,,,,,,,,,,,,,,,,,,,,,,,,,,,,,,,,,,,,,,,,,,,,,,,,,,,,,,,,,,,,,,,,,,,109.1,85.3,73.3,80.9,,,,,,,,,,,,,,,,,,,,,,,,,,,,,,,,,,,,,,,,,,,,,,,,,,,,,,,,,,,,,,,,,,,,,,,,,,,,,,,,,,,,,,242.6,348.6,60.65,87.15,55,115,2,2
028,08,B,E,2,7.5,279,43,3,13,75,12,-40,1.5,1,0,0,90,803,99,7,46.7,33.1,55.2,72.4,78.2,77.8,34.2,,,,,,,,,,,,,,,,,,,,,,,,,,,,,,,,,,,,,,,,,,,,,,,,,,,,,,,,,,,,,,,,,,,,,,,,,,,,,,,,,,,,127.2,119.4,102.6,84.4,80.9,92.6,98.4,,,,,,,,,,,,,,,,,,,,,,,,,,,,,,,,,,,,,,,,,,,,,,,,,,,,,,,,,,,,,,,,,,,,,,,,,,,,,,,,,,,,TT,Y,,2008,4,4,03/13/08,37.2,30.862142702,32.611118474,22.117263844,,33.1,55.2,72.4,78.2,77.8,34.2,,,,,,,,,,,,,,,,,,,,,,,,,,,,,,,,,,,,,,,,,,,,,,,,,,,,,,,,,,,,,,,,,,,,,,,,,,,,,,,,,,,,,119.4,102.6,84.4,80.9,92.6,98.4,,,,,,,,,,,,,,,,,,,,,,,,,,,,,,,,,,,,,,,,,,,,,,,,,,,,,,,,,,,,,,,,,,,,,,,,,,,,,,,,,,,,350.9,578.3,58.483333333,96.383333333,55,115,2,2
029,08,B,W,2,11.8,382,48,19,50,41,9,-82,1.5,1,0,0,90,803,99,11,128.4,105.1,63.7,36.2,43.7,47.2,37.9,27.7,27.6,47,31.8,,,,,,,,,,,,,,,,,,,,,,,,,,,,,,,,,,,,,,,,,,,,,,,,,,,,,,,,,,,,,,,,,,,,,,,,,,,,,,,,35.4,30.3,53.5,87.5,111.5,97.6,80.3,69.3,90.2,113.7,114,,,,,,,,,,,,,,,,,,,,,,,,,,,,,,,,,,,,,,,,,,,,,,,,,,,,,,,,,,,,,,,,,,,,,,,,,,,,,,,,TT,Y,,2008,5,4,03/13/08,32.372881356,30.862142702,32.611118474,22.117263844,,,,36.2,43.7,47.2,37.9,27.7,27.6,47,31.8,,,,,,,,,,,,,,,,,,,,,,,,,,,,,,,,,,,,,,,,,,,,,,,,,,,,,,,,,,,,,,,,,,,,,,,,,,,,,,,,,,,87.5,111.5,97.6,80.3,69.3,90.2,113.7,114,,,,,,,,,,,,,,,,,,,,,,,,,,,,,,,,,,,,,,,,,,,,,,,,,,,,,,,,,,,,,,,,,,,,,,,,,,,,,,,,299.1,764.1,37.3875,95.5125,115,55,4,4
030,08,B,S,2,30.7,679,57,7,72,22,6,-100,1.5,4,0,0,90,803,99,30,69.9,65.3,50.1,49.1,59.4,63.3,56.6,35,11.1,28.3,38.2,42.6,39.7,24.9,9.4,19.4,25.3,10.6,11.2,20.8,31.8,22.4,12,26.4,43.6,51.6,41.7,38.1,34,19.2,,,,,,,,,,,,,,,,,,,,,,,,,,,,,,,,,,,,,,,,,,,,,,,,,,,,,,,,,,,,,105.7,74.7,52.2,53.6,43.4,33.2,44.8,66.4,90.7,94.6,83.3,70.1,61.5,71.2,88.8,111.4,120.3,104.8,84.4,78,82.9,96.3,105.6,110.7,123.9,127.4,105.5,85.1,78.9,83.9,,,,,,,,,,,,,,,,,,,,,,,,,,,,,,,,,,,,,,,,,,,,,,,,,,,,,,,,,,,,,FS,Y,,2008,6,4,03/13/08,22.117263844,30.862142702,32.611118474,22.117263844,,65.3,50.1,49.1,59.4,63.3,56.6,35,11.1,28.3,38.2,42.6,39.7,24.9,9.4,19.4,25.3,10.6,11.2,20.8,31.8,22.4,12,26.4,43.6,51.6,41.7,38.1,34,19.2,,,,,,,,,,,,,,,,,,,,,,,,,,,,,,,,,,,,,,,,,,,,,,,,,,,,,,,,,,,,,,74.7,52.2,53.6,43.4,33.2,44.8,66.4,90.7,94.6,83.3,70.1,61.5,71.2,88.8,111.4,120.3,104.8,84.4,78,82.9,96.3,105.6,110.7,123.9,127.4,105.5,85.1,78.9,83.9,,,,,,,,,,,,,,,,,,,,,,,,,,,,,,,,,,,,,,,,,,,,,,,,,,,,,,,,,,,,,981.1,2427.6,33.831034483,83.710344828,55,115,2,2
007,CT,A,N,3,4.3,126,4,64,69,26,5,-10,1.5,0,0,0,30,803,29,4,100.2,76.2,51.4,28.4,,,,,,,,,,,,,,,,,,,,,,,,,,,,,,,,,,,,,,,,,,,,,,,,,,,,,,,,,,,,,,,,,,,,,,,,,,,,,,,,,,,,,,,59.7,47.1,46.7,73.1,,,,,,,,,,,,,,,,,,,,,,,,,,,,,,,,,,,,,,,,,,,,,,,,,,,,,,,,,,,,,,,,,,,,,,,,,,,,,,,,,,,,,,,CUE,Y,,2008,1,7,03/14/08,29.302325581,25.345460712,25.345460712,,,,,,,,,,,,,,,,,,,,,,,,,,,,,,,,,,,,,,,,,,,,,,,,,,,,,,,,,,,,,,,,,,,,,,,,,,,,,,,,,,,,,,,,,,,,,,,,,,,,,,,,,,,,,,,,,,,,,,,,,,,,,,,,,,,,,,,,,,,,,,,,,,,,,,,,,,,,,,,,,,,,,,,,,,,,,,,,,,,,,,0,0,0,0,115,55,5,4
008,CT,A,E,4,4,113,0,26,69,25,6,-5,1.5,0,1,0,30,803,29,3,109.2,80.3,47.7,,,,,,,,,,,,,,,,,,,,,,,,,,,,,,,,,,,,,,,,,,,,,,,,,,,,,,,,,,,,,,,,,,,,,,,,,,,,,,,,,,,,,,,,53.9,49.5,60.4,,,,,,,,,,,,,,,,,,,,,,,,,,,,,,,,,,,,,,,,,,,,,,,,,,,,,,,,,,,,,,,,,,,,,,,,,,,,,,,,,,,,,,,,CUE,Y,,2008,2,7,03/14/08,28.25,25.345460712,25.345460712,,,,,,,,,,,,,,,,,,,,,,,,,,,,,,,,,,,,,,,,,,,,,,,,,,,,,,,,,,,,,,,,,,,,,,,,,,,,,,,,,,,,,,,,,,,,,,,,,,,,,,,,,,,,,,,,,,,,,,,,,,,,,,,,,,,,,,,,,,,,,,,,,,,,,,,,,,,,,,,,,,,,,,,,,,,,,,,,,,,,,,0,0,0,0,115,55,5,4
009,CT,A,S,4,16.7,400,64,11,89,10,1,22,1.5,3,1,0,30,803,29,16,108.1,94,90.2,93.7,82,60,54,61.8,72.5,87.1,101.1,97.7,101.3,100,83.7,43.9,,,,,,,,,,,,,,,,,,,,,,,,,,,,,,,,,,,,,,,,,,,,,,,,,,,,,,,,,,,,,,,,,,,,,,,,,,,57.2,38.3,11.6,14.3,25,37.3,43.4,48,34.5,13.9,8.3,10.2,9.4,21.6,18.1,51.5,,,,,,,,,,,,,,,,,,,,,,,,,,,,,,,,,,,,,,,,,,,,,,,,,,,,,,,,,,,,,,,,,,,,,,,,,,,CUE,Y,,2008,3,7,03/14/08,23.952095808,25.345460712,25.345460712,,,,,,82,60,54,61.8,72.5,87.1,101.1,97.7,101.3,100,83.7,43.9,,,,,,,,,,,,,,,,,,,,,,,,,,,,,,,,,,,,,,,,,,,,,,,,,,,,,,,,,,,,,,,,,,,,,,,,,,,,,,,25,37.3,43.4,48,34.5,13.9,8.3,10.2,9.4,21.6,18.1,51.5,,,,,,,,,,,,,,,,,,,,,,,,,,,,,,,,,,,,,,,,,,,,,,,,,,,,,,,,,,,,,,,,,,,,,,,,,,,945.1,321.2,78.758333333,26.766666667,115,55,5,5
010,CT,A,E,3,8,230,0,63,49,44,7,11,1.5,0,2,0,30,803,29,7,114.4,79.7,56,68.7,83.8,78.7,58.8,,,,,,,,,,,,,,,,,,,,,,,,,,,,,,,,,,,,,,,,,,,,,,,,,,,,,,,,,,,,,,,,,,,,,,,,,,,,,,,,,,,,47.9,32.4,43.1,66,83.6,82,77.9,,,,,,,,,,,,,,,,,,,,,,,,,,,,,,,,,,,,,,,,,,,,,,,,,,,,,,,,,,,,,,,,,,,,,,,,,,,,,,,,,,,,CUE,Y,,2008,4,7,03/14/08,28.75,25.345460712,25.345460712,,,,,,83.8,78.7,58.8,,,,,,,,,,,,,,,,,,,,,,,,,,,,,,,,,,,,,,,,,,,,,,,,,,,,,,,,,,,,,,,,,,,,,,,,,,,,,,,,,,,,,,,,83.6,82,77.9,,,,,,,,,,,,,,,,,,,,,,,,,,,,,,,,,,,,,,,,,,,,,,,,,,,,,,,,,,,,,,,,,,,,,,,,,,,,,,,,,,,,221.3,243.5,73.766666667,81.166666667,115,55,5,5
011,CT,A,W,2,5.9,124,13,34,58,27,15,-3,1.5,1,0,0,30,803,29,5,119.9,107.4,88.1,71.1,46.8,,,,,,,,,,,,,,,,,,,,,,,,,,,,,,,,,,,,,,,,,,,,,,,,,,,,,,,,,,,,,,,,,,,,,,,,,,,,,,,,,,,,,,55.7,49.5,48.5,56.8,67.5,,,,,,,,,,,,,,,,,,,,,,,,,,,,,,,,,,,,,,,,,,,,,,,,,,,,,,,,,,,,,,,,,,,,,,,,,,,,,,,,,,,,,,CUE,Y,,2008,5,7,03/14/08,21.016949153,25.345460712,25.345460712,,,,,,46.8,,,,,,,,,,,,,,,,,,,,,,,,,,,,,,,,,,,,,,,,,,,,,,,,,,,,,,,,,,,,,,,,,,,,,,,,,,,,,,,,,,,,,,,,,,67.5,,,,,,,,,,,,,,,,,,,,,,,,,,,,,,,,,,,,,,,,,,,,,,,,,,,,,,,,,,,,,,,,,,,,,,,,,,,,,,,,,,,,,,46.8,67.5,46.8,67.5,115,55,5,5
012,CT,A,S,1,28.7,597,81,3,82,9,9,-67,1.5,5,0,0,30,803,29,28,124.8,113.7,94.6,80.1,73.4,64.8,53.1,43,52.7,50.7,48.4,57.6,41.5,47.9,59.9,64.9,58.1,66.2,60.3,58.4,65,68.2,96.5,117.2,105,82.5,58.3,30.4,,,,,,,,,,,,,,,,,,,,,,,,,,,,,,,,,,,,,,,,,,,,,,,,,,,,,,,,,,,,,,,56.9,38.6,27.3,34.4,52.1,68,66.3,67.8,52.1,56.2,52.8,72.7,83.7,78.8,69,55.2,61,70.3,69.4,53.5,45.2,46.7,48.9,69.8,71.2,52.9,54.7,74.4,,,,,,,,,,,,,,,,,,,,,,,,,,,,,,,,,,,,,,,,,,,,,,,,,,,,,,,,,,,,,,,CUE,Y,,2008,6,7,03/14/08,20.801393728,25.345460712,25.345460712,,,,,,73.4,64.8,53.1,43,52.7,50.7,48.4,57.6,41.5,47.9,59.9,64.9,58.1,66.2,60.3,58.4,65,68.2,96.5,117.2,105,82.5,58.3,30.4,,,,,,,,,,,,,,,,,,,,,,,,,,,,,,,,,,,,,,,,,,,,,,,,,,,,,,,,,,,,,,,,,,,52.1,68,66.3,67.8,52.1,56.2,52.8,72.7,83.7,78.8,69,55.2,61,70.3,69.4,53.5,45.2,46.7,48.9,69.8,71.2,52.9,54.7,74.4,,,,,,,,,,,,,,,,,,,,,,,,,,,,,,,,,,,,,,,,,,,,,,,,,,,,,,,,,,,,,,,1524,1492.7,63.5,62.195833333,115,55,5,5
013,CT,A,N,3,8,215,13,8,46,25,29,-83,1.5,0,0,0,30,803,35,7,113.1,113.8,123.1,114.1,90.6,70.9,36.2,,,,,,,,,,,,,,,,,,,,,,,,,,,,,,,,,,,,,,,,,,,,,,,,,,,,,,,,,,,,,,,,,,,,,,,,,,,,,,,,,,,,56.5,41.2,30.8,19.7,14.7,40.6,62.1,,,,,,,,,,,,,,,,,,,,,,,,,,,,,,,,,,,,,,,,,,,,,,,,,,,,,,,,,,,,,,,,,,,,,,,,,,,,,,,,,,,,CUE,Y,,2008,1,7,03/14/08,26.875,21.146330252,21.146330252,,,,,,90.6,70.9,36.2,,,,,,,,,,,,,,,,,,,,,,,,,,,,,,,,,,,,,,,,,,,,,,,,,,,,,,,,,,,,,,,,,,,,,,,,,,,,,,,,,,,,,,,,14.7,40.6,62.1,,,,,,,,,,,,,,,,,,,,,,,,,,,,,,,,,,,,,,,,,,,,,,,,,,,,,,,,,,,,,,,,,,,,,,,,,,,,,,,,,,,,197.7,117.4,65.9,39.133333333,115,55,5,5
014,CT,A,E,4,30.1,582,35,5,20,46,34,8,1.5,0,0,0,30,803,35,30,124.5,125.2,122.4,106.4,93.2,90.7,76.3,54.3,45.3,58.4,67,74.7,83.3,99,90.2,79.5,84.2,102.5,124,130.2,125.3,106.6,96.6,92,109,128.2,123.8,121.3,113.3,95.9,,,,,,,,,,,,,,,,,,,,,,,,,,,,,,,,,,,,,,,,,,,,,,,,,,,,,,,,,,,,,60.1,52.6,56.6,54,57.7,70.3,78.5,86.4,97.5,100.1,93.5,76.2,53.1,31.9,17.1,26.7,32,40.6,51,50.4,38.5,20.2,23.5,32.5,48.1,64.8,71.2,80.9,82.5,80.1,,,,,,,,,,,,,,,,,,,,,,,,,,,,,,,,,,,,,,,,,,,,,,,,,,,,,,,,,,,,,CUE,Y,,2008,2,7,03/14/08,19.335548173,21.146330252,21.146330252,,,,,,93.2,90.7,76.3,54.3,45.3,58.4,67,74.7,83.3,99,90.2,79.5,84.2,102.5,124,130.2,125.3,106.6,96.6,92,109,128.2,123.8,121.3,113.3,95.9,,,,,,,,,,,,,,,,,,,,,,,,,,,,,,,,,,,,,,,,,,,,,,,,,,,,,,,,,,,,,,,,,57.7,70.3,78.5,86.4,97.5,100.1,93.5,76.2,53.1,31.9,17.1,26.7,32,40.6,51,50.4,38.5,20.2,23.5,32.5,48.1,64.8,71.2,80.9,82.5,80.1,,,,,,,,,,,,,,,,,,,,,,,,,,,,,,,,,,,,,,,,,,,,,,,,,,,,,,,,,,,,,2464.8,1505.3,94.8,57.896153846,115,55,5,5
015,CT,A,S,4,30.1,613,67,2,27,45,28,-35,1.5,2,0,0,30,803,35,30,111.4,96.6,95.3,97.1,92,95.4,111.2,132.5,133,125.5,119.9,111.8,113.8,112.3,102.3,96.2,99.7,116,133.3,127.2,113.1,103.7,97.7,83.9,77.2,82.9,100.9,127.8,129.6,112.8,,,,,,,,,,,,,,,,,,,,,,,,,,,,,,,,,,,,,,,,,,,,,,,,,,,,,,,,,,,,,68.8,77,86.5,83.1,66,36.4,19.7,37.3,38.4,35.8,41.8,52.8,61.7,54.1,34.7,9.8,8.9,24.7,40,39.6,41.9,30.2,14.6,15.7,21.3,13.4,21.9,50.8,63.7,64.3,,,,,,,,,,,,,,,,,,,,,,,,,,,,,,,,,,,,,,,,,,,,,,,,,,,,,,,,,,,,,CUE,Y,,2008,3,7,03/14/08,20.365448505,21.146330252,21.146330252,,,,,,92,95.4,111.2,132.5,133,125.5,119.9,111.8,113.8,112.3,102.3,96.2,99.7,116,133.3,127.2,113.1,103.7,97.7,83.9,77.2,82.9,100.9,127.8,129.6,112.8,,,,,,,,,,,,,,,,,,,,,,,,,,,,,,,,,,,,,,,,,,,,,,,,,,,,,,,,,,,,,,,,,66,36.4,19.7,37.3,38.4,35.8,41.8,52.8,61.7,54.1,34.7,9.8,8.9,24.7,40,39.6,41.9,30.2,14.6,15.7,21.3,13.4,21.9,50.8,63.7,64.3,,,,,,,,,,,,,,,,,,,,,,,,,,,,,,,,,,,,,,,,,,,,,,,,,,,,,,,,,,,,,2851.7,939.5,109.68076923,36.134615385,115,55,5,5
016,CT,A,E,3,30.1,549,27,23,15,18,67,41,1.5,0,0,0,30,803,35,30,125.6,117.2,114.1,111.4,101.7,92.5,79.9,64.1,51,54.4,68.7,83.9,73,59.6,49.3,44.1,40.5,37.9,40.3,49.5,62,70.1,80.3,91.6,99.7,108.9,117.4,123.6,125.2,128.5,,,,,,,,,,,,,,,,,,,,,,,,,,,,,,,,,,,,,,,,,,,,,,,,,,,,,,,,,,,,,51.4,41.5,39,40.6,41.4,45.6,44.4,49.9,61.4,72.8,86,106.5,116.5,124.8,132.7,133.2,134.5,131.6,130.2,132.8,130.7,123.6,114.2,101,89.5,76.7,63.1,52.5,41.6,35.7,,,,,,,,,,,,,,,,,,,,,,,,,,,,,,,,,,,,,,,,,,,,,,,,,,,,,,,,,,,,,CUE,Y,,2008,4,7,03/14/08,18.239202658,21.146330252,21.146330252,,,,,,101.7,92.5,79.9,64.1,51,54.4,68.7,83.9,73,59.6,49.3,44.1,40.5,37.9,40.3,49.5,62,70.1,80.3,91.6,99.7,108.9,117.4,123.6,125.2,128.5,,,,,,,,,,,,,,,,,,,,,,,,,,,,,,,,,,,,,,,,,,,,,,,,,,,,,,,,,,,,,,,,,41.4,45.6,44.4,49.9,61.4,72.8,86,106.5,116.5,124.8,132.7,133.2,134.5,131.6,130.2,132.8,130.7,123.6,114.2,101,89.5,76.7,63.1,52.5,41.6,35.7,,,,,,,,,,,,,,,,,,,,,,,,,,,,,,,,,,,,,,,,,,,,,,,,,,,,,,,,,,,,,1997.7,2372.9,76.834615385,91.265384615,115,55,5,5
017,CT,A,W,2,7.8,205,11,51,51,33,16,-70,1.5,0,0,0,30,803,35,7,124.8,119.2,110.5,94.5,74.5,56.2,35.7,,,,,,,,,,,,,,,,,,,,,,,,,,,,,,,,,,,,,,,,,,,,,,,,,,,,,,,,,,,,,,,,,,,,,,,,,,,,,,,,,,,,46,26.3,21.4,33,54.2,77.9,83.3,,,,,,,,,,,,,,,,,,,,,,,,,,,,,,,,,,,,,,,,,,,,,,,,,,,,,,,,,,,,,,,,,,,,,,,,,,,,,,,,,,,,CUE,Y,,2008,5,7,03/14/08,26.282051282,21.146330252,21.146330252,,,,,,74.5,56.2,35.7,,,,,,,,,,,,,,,,,,,,,,,,,,,,,,,,,,,,,,,,,,,,,,,,,,,,,,,,,,,,,,,,,,,,,,,,,,,,,,,,,,,,,,,,54.2,77.9,83.3,,,,,,,,,,,,,,,,,,,,,,,,,,,,,,,,,,,,,,,,,,,,,,,,,,,,,,,,,,,,,,,,,,,,,,,,,,,,,,,,,,,,166.4,215.4,55.466666667,71.8,115,55,5,5
018,CT,A,S,1,30.1,475,15,38,0,27,73,29,1.5,0,0,0,30,803,35,30,117.1,105.8,99.2,96,100.4,114.3,131.7,135.9,137.1,138.1,135.6,131.8,128.6,127.3,124.3,121.6,118.2,113.4,110.2,100.1,89.5,79.4,66.8,49.8,34.9,28.6,29.3,39.5,50.7,57,,,,,,,,,,,,,,,,,,,,,,,,,,,,,,,,,,,,,,,,,,,,,,,,,,,,,,,,,,,,,64.3,62.8,63.8,55.8,51,46.7,47.7,44.2,42.7,47.2,54.1,58.5,62,64.7,68.8,72.2,75.2,76.3,83.2,91.6,100.1,105.4,110.1,112.1,110.5,116.7,123,129.6,130.3,127.7,,,,,,,,,,,,,,,,,,,,,,,,,,,,,,,,,,,,,,,,,,,,,,,,,,,,,,,,,,,,,CUE,Y,,2008,6,7,03/14/08,15.780730897,21.146330252,21.146330252,,,,,,100.4,114.3,131.7,135.9,137.1,138.1,135.6,131.8,128.6,127.3,124.3,121.6,118.2,113.4,110.2,100.1,89.5,79.4,66.8,49.8,34.9,28.6,29.3,39.5,50.7,57,,,,,,,,,,,,,,,,,,,,,,,,,,,,,,,,,,,,,,,,,,,,,,,,,,,,,,,,,,,,,,,,,51,46.7,47.7,44.2,42.7,47.2,54.1,58.5,62,64.7,68.8,72.2,75.2,76.3,83.2,91.6,100.1,105.4,110.1,112.1,110.5,116.7,123,129.6,130.3,127.7,,,,,,,,,,,,,,,,,,,,,,,,,,,,,,,,,,,,,,,,,,,,,,,,,,,,,,,,,,,,,2494.1,2151.6,95.926923077,82.753846154,115,55,5,5
001,CT,B,N,3,11.1,252,39,38,77,13,10,37,1.5,1,1,0,30,803,59,11,107.1,87.3,59.2,37.9,30.6,41.7,60.6,73.6,61.1,37,30.5,,,,,,,,,,,,,,,,,,,,,,,,,,,,,,,,,,,,,,,,,,,,,,,,,,,,,,,,,,,,,,,,,,,,,,,,,,,,,,,,65.8,72.5,68.7,63.3,65.3,66.6,74.7,66.9,63.5,68.3,78.1,,,,,,,,,,,,,,,,,,,,,,,,,,,,,,,,,,,,,,,,,,,,,,,,,,,,,,,,,,,,,,,,,,,,,,,,,,,,,,,,CUE,Y,,2008,1,7,03/14/08,22.702702703,27.146206021,27.146206021,,,,,37.9,30.6,41.7,60.6,73.6,61.1,37,30.5,,,,,,,,,,,,,,,,,,,,,,,,,,,,,,,,,,,,,,,,,,,,,,,,,,,,,,,,,,,,,,,,,,,,,,,,,,,,,,,,,,,63.3,65.3,66.6,74.7,66.9,63.5,68.3,78.1,,,,,,,,,,,,,,,,,,,,,,,,,,,,,,,,,,,,,,,,,,,,,,,,,,,,,,,,,,,,,,,,,,,,,,,,,,,,,,,,373,546.7,46.625,68.3375,115,55,4,4
002,CT,B,E,4,8.2,234,34,28,66,25,9,-43,1.5,1,0,0,30,803,59,8,118.1,103,97.6,94.9,73.9,53.7,40,19.3,,,,,,,,,,,,,,,,,,,,,,,,,,,,,,,,,,,,,,,,,,,,,,,,,,,,,,,,,,,,,,,,,,,,,,,,,,,,,,,,,,,52,26.7,15.7,55.8,59.8,51.5,55.5,77,,,,,,,,,,,,,,,,,,,,,,,,,,,,,,,,,,,,,,,,,,,,,,,,,,,,,,,,,,,,,,,,,,,,,,,,,,,,,,,,,,,CUE,Y,,2008,2,7,03/14/08,28.536585366,27.146206021,27.146206021,,,,,94.9,73.9,53.7,40,19.3,,,,,,,,,,,,,,,,,,,,,,,,,,,,,,,,,,,,,,,,,,,,,,,,,,,,,,,,,,,,,,,,,,,,,,,,,,,,,,,,,,,,,,55.8,59.8,51.5,55.5,77,,,,,,,,,,,,,,,,,,,,,,,,,,,,,,,,,,,,,,,,,,,,,,,,,,,,,,,,,,,,,,,,,,,,,,,,,,,,,,,,,,,281.8,299.6,56.36,59.92,115,55,4,4
003,CT,B,S,4,5.2,151,39,21,76,21,3,21,1.5,0,1,0,30,803,59,5,109,92.5,79.5,57.5,25.2,,,,,,,,,,,,,,,,,,,,,,,,,,,,,,,,,,,,,,,,,,,,,,,,,,,,,,,,,,,,,,,,,,,,,,,,,,,,,,,,,,,,,,54.8,31.1,18,42.9,71.1,,,,,,,,,,,,,,,,,,,,,,,,,,,,,,,,,,,,,,,,,,,,,,,,,,,,,,,,,,,,,,,,,,,,,,,,,,,,,,,,,,,,,,CUE,Y,,2008,3,7,03/14/08,29.038461538,27.146206021,27.146206021,,,,,57.5,25.2,,,,,,,,,,,,,,,,,,,,,,,,,,,,,,,,,,,,,,,,,,,,,,,,,,,,,,,,,,,,,,,,,,,,,,,,,,,,,,,,,,,,,,,,,42.9,71.1,,,,,,,,,,,,,,,,,,,,,,,,,,,,,,,,,,,,,,,,,,,,,,,,,,,,,,,,,,,,,,,,,,,,,,,,,,,,,,,,,,,,,,82.7,114,41.35,57,115,55,4,4
004,CT,B,E,3,3.8,116,45,7,67,21,12,0,1.5,0,0,0,30,803,59,3,112.9,73.5,40.7,,,,,,,,,,,,,,,,,,,,,,,,,,,,,,,,,,,,,,,,,,,,,,,,,,,,,,,,,,,,,,,,,,,,,,,,,,,,,,,,,,,,,,,,52.8,46.5,55.9,,,,,,,,,,,,,,,,,,,,,,,,,,,,,,,,,,,,,,,,,,,,,,,,,,,,,,,,,,,,,,,,,,,,,,,,,,,,,,,,,,,,,,,,CUE,Y,,2008,4,7,03/14/08,30.526315789,27.146206021,27.146206021,,,,,,,,,,,,,,,,,,,,,,,,,,,,,,,,,,,,,,,,,,,,,,,,,,,,,,,,,,,,,,,,,,,,,,,,,,,,,,,,,,,,,,,,,,,,,,,,,,,,,,,,,,,,,,,,,,,,,,,,,,,,,,,,,,,,,,,,,,,,,,,,,,,,,,,,,,,,,,,,,,,,,,,,,,,,,,,,,,,,,,0,0,0,0,115,55,4,4
005,CT,B,W,2,4.1,111,15,68,57,30,13,-27,1.5,0,0,0,30,803,59,4,117.7,101.9,70.9,32.3,,,,,,,,,,,,,,,,,,,,,,,,,,,,,,,,,,,,,,,,,,,,,,,,,,,,,,,,,,,,,,,,,,,,,,,,,,,,,,,,,,,,,,,49.4,35.9,36.4,66.6,,,,,,,,,,,,,,,,,,,,,,,,,,,,,,,,,,,,,,,,,,,,,,,,,,,,,,,,,,,,,,,,,,,,,,,,,,,,,,,,,,,,,,,CUE,Y,,2008,5,7,03/14/08,27.073170732,27.146206021,27.146206021,,,,,,,,,,,,,,,,,,,,,,,,,,,,,,,,,,,,,,,,,,,,,,,,,,,,,,,,,,,,,,,,,,,,,,,,,,,,,,,,,,,,,,,,,,,,,,,,,,,,,,,,,,,,,,,,,,,,,,,,,,,,,,,,,,,,,,,,,,,,,,,,,,,,,,,,,,,,,,,,,,,,,,,,,,,,,,,,,,,,,,0,0,0,0,115,55,4,4
006,CT,B,S,1,5.4,135,24,3,73,22,5,-43,1.5,0,0,0,30,803,59,5,118.2,96.7,68.4,40.2,13.3,,,,,,,,,,,,,,,,,,,,,,,,,,,,,,,,,,,,,,,,,,,,,,,,,,,,,,,,,,,,,,,,,,,,,,,,,,,,,,,,,,,,,,47.7,32.4,42.5,61.6,82,,,,,,,,,,,,,,,,,,,,,,,,,,,,,,,,,,,,,,,,,,,,,,,,,,,,,,,,,,,,,,,,,,,,,,,,,,,,,,,,,,,,,,CUE,Y,,2008,6,7,03/14/08,25,27.146206021,27.146206021,,,,,40.2,13.3,,,,,,,,,,,,,,,,,,,,,,,,,,,,,,,,,,,,,,,,,,,,,,,,,,,,,,,,,,,,,,,,,,,,,,,,,,,,,,,,,,,,,,,,,61.6,82,,,,,,,,,,,,,,,,,,,,,,,,,,,,,,,,,,,,,,,,,,,,,,,,,,,,,,,,,,,,,,,,,,,,,,,,,,,,,,,,,,,,,,53.5,143.6,26.75,71.8,115,55,4,4
019,CT,B,N,3,12,287,60,22,73,20,7,22,1.5,3,0,0,30,803,67,11,105.8,85.9,71.3,72.4,83.1,76.4,67.1,67.8,74.2,58.6,43.9,,,,,,,,,,,,,,,,,,,,,,,,,,,,,,,,,,,,,,,,,,,,,,,,,,,,,,,,,,,,,,,,,,,,,,,,,,,,,,,,66.8,56.4,33.4,32.4,52.8,66,75.9,81.4,70,66,70.1,,,,,,,,,,,,,,,,,,,,,,,,,,,,,,,,,,,,,,,,,,,,,,,,,,,,,,,,,,,,,,,,,,,,,,,,,,,,,,,,CUE,Y,,2008,1,7,03/14/08,23.916666667,22.114167878,22.114167878,,,,,,83.1,76.4,67.1,67.8,74.2,58.6,43.9,,,,,,,,,,,,,,,,,,,,,,,,,,,,,,,,,,,,,,,,,,,,,,,,,,,,,,,,,,,,,,,,,,,,,,,,,,,,,,,,,,,,52.8,66,75.9,81.4,70,66,70.1,,,,,,,,,,,,,,,,,,,,,,,,,,,,,,,,,,,,,,,,,,,,,,,,,,,,,,,,,,,,,,,,,,,,,,,,,,,,,,,,471.1,482.2,67.3,68.885714286,115,55,5,5
020,CT,B,E,4,14.9,346,37,15,64,20,16,18,1.5,1,1,0,30,803,67,14,115.9,97.4,79.6,59,55.2,68.7,86.8,107.9,129.2,123.9,103.5,72.9,44.7,28.4,,,,,,,,,,,,,,,,,,,,,,,,,,,,,,,,,,,,,,,,,,,,,,,,,,,,,,,,,,,,,,,,,,,,,,,,,,,,,68,59.8,48.6,41.6,43.7,41.2,33.3,37.5,50.4,33.8,13.5,26,58.8,77,,,,,,,,,,,,,,,,,,,,,,,,,,,,,,,,,,,,,,,,,,,,,,,,,,,,,,,,,,,,,,,,,,,,,,,,,,,,,CUE,Y,,2008,2,7,03/14/08,23.22147651,22.114167878,22.114167878,,,,,,55.2,68.7,86.8,107.9,129.2,123.9,103.5,72.9,44.7,28.4,,,,,,,,,,,,,,,,,,,,,,,,,,,,,,,,,,,,,,,,,,,,,,,,,,,,,,,,,,,,,,,,,,,,,,,,,,,,,,,,,43.7,41.2,33.3,37.5,50.4,33.8,13.5,26,58.8,77,,,,,,,,,,,,,,,,,,,,,,,,,,,,,,,,,,,,,,,,,,,,,,,,,,,,,,,,,,,,,,,,,,,,,,,,,,,,,821.2,415.2,82.12,41.52,115,55,5,5
021,CT,B,S,4,7.2,167,57,21,53,16,31,95,1.5,0,1,0,30,803,67,7,124.7,127.7,120.5,97.1,72.3,47.3,19.4,,,,,,,,,,,,,,,,,,,,,,,,,,,,,,,,,,,,,,,,,,,,,,,,,,,,,,,,,,,,,,,,,,,,,,,,,,,,,,,,,,,,56.4,48.9,34.6,24.5,42,61.2,83.6,,,,,,,,,,,,,,,,,,,,,,,,,,,,,,,,,,,,,,,,,,,,,,,,,,,,,,,,,,,,,,,,,,,,,,,,,,,,,,,,,,,,CUE,Y,,2008,3,7,03/14/08,23.194444444,22.114167878,22.114167878,,,,,,72.3,47.3,19.4,,,,,,,,,,,,,,,,,,,,,,,,,,,,,,,,,,,,,,,,,,,,,,,,,,,,,,,,,,,,,,,,,,,,,,,,,,,,,,,,,,,,,,,,42,61.2,83.6,,,,,,,,,,,,,,,,,,,,,,,,,,,,,,,,,,,,,,,,,,,,,,,,,,,,,,,,,,,,,,,,,,,,,,,,,,,,,,,,,,,,139,186.8,46.333333333,62.266666667,115,55,5,5
022,CT,B,E,3,7.2,164,0,9,43,14,43,116,1.5,0,0,0,30,803,67,7,123.4,129.7,128.4,111,86.7,61.1,27.6,,,,,,,,,,,,,,,,,,,,,,,,,,,,,,,,,,,,,,,,,,,,,,,,,,,,,,,,,,,,,,,,,,,,,,,,,,,,,,,,,,,,49.3,48.8,42.5,20.7,10.1,34.8,67.5,,,,,,,,,,,,,,,,,,,,,,,,,,,,,,,,,,,,,,,,,,,,,,,,,,,,,,,,,,,,,,,,,,,,,,,,,,,,,,,,,,,,CUE,Y,,2008,4,7,03/14/08,22.777777778,22.114167878,22.114167878,,,,,,86.7,61.1,27.6,,,,,,,,,,,,,,,,,,,,,,,,,,,,,,,,,,,,,,,,,,,,,,,,,,,,,,,,,,,,,,,,,,,,,,,,,,,,,,,,,,,,,,,,10.1,34.8,67.5,,,,,,,,,,,,,,,,,,,,,,,,,,,,,,,,,,,,,,,,,,,,,,,,,,,,,,,,,,,,,,,,,,,,,,,,,,,,,,,,,,,,175.4,112.4,58.466666667,37.466666667,115,55,5,5
023,CT,B,W,2,9.2,187,19,7,14,54,32,46,1.5,1,0,0,30,803,67,9,119.2,111.3,98.6,76.5,61.9,70.7,67.9,44.3,17.6,,,,,,,,,,,,,,,,,,,,,,,,,,,,,,,,,,,,,,,,,,,,,,,,,,,,,,,,,,,,,,,,,,,,,,,,,,,,,,,,,,61.3,65.2,68.7,74.7,90.3,109.5,115.9,110,102.9,,,,,,,,,,,,,,,,,,,,,,,,,,,,,,,,,,,,,,,,,,,,,,,,,,,,,,,,,,,,,,,,,,,,,,,,,,,,,,,,,,CUE,Y,,2008,5,7,03/14/08,20.326086957,22.114167878,22.114167878,,,,,,61.9,70.7,67.9,44.3,17.6,,,,,,,,,,,,,,,,,,,,,,,,,,,,,,,,,,,,,,,,,,,,,,,,,,,,,,,,,,,,,,,,,,,,,,,,,,,,,,,,,,,,,,90.3,109.5,115.9,110,102.9,,,,,,,,,,,,,,,,,,,,,,,,,,,,,,,,,,,,,,,,,,,,,,,,,,,,,,,,,,,,,,,,,,,,,,,,,,,,,,,,,,262.4,528.6,52.48,105.72,115,55,5,5
024,CT,B,S,1,17.3,333,43,43,76,22,2,23,1.5,2,1,0,30,803,67,17,99.3,82.2,64.8,51.8,47.3,50.6,49,44.3,36.8,49.2,71.6,93.3,94.5,84,63.8,48,25.3,,,,,,,,,,,,,,,,,,,,,,,,,,,,,,,,,,,,,,,,,,,,,,,,,,,,,,,,,,,,,,,,,,,,,,,,,,58.1,56.6,59.4,63,56,55.1,57.7,66.4,59.3,50.1,39.5,47.2,60.8,66.7,71.6,74.3,81.7,,,,,,,,,,,,,,,,,,,,,,,,,,,,,,,,,,,,,,,,,,,,,,,,,,,,,,,,,,,,,,,,,,,,,,,,,,CUE,Y,,2008,6,7,03/14/08,19.248554913,22.114167878,22.114167878,,,,,,47.3,50.6,49,44.3,36.8,49.2,71.6,93.3,94.5,84,63.8,48,25.3,,,,,,,,,,,,,,,,,,,,,,,,,,,,,,,,,,,,,,,,,,,,,,,,,,,,,,,,,,,,,,,,,,,,,,,,,,,,,,56,55.1,57.7,66.4,59.3,50.1,39.5,47.2,60.8,66.7,71.6,74.3,81.7,,,,,,,,,,,,,,,,,,,,,,,,,,,,,,,,,,,,,,,,,,,,,,,,,,,,,,,,,,,,,,,,,,,,,,,,,,757.7,786.4,58.284615385,60.492307692,115,55,5,5
043,CT,B,N,3,11.6,276,52,7,45,38,17,-52,1.5,1,0,0,30,803,82,11,114.1,104.5,85.2,62.7,54.6,68.5,82.7,89.4,79.5,52.7,26.6,,,,,,,,,,,,,,,,,,,,,,,,,,,,,,,,,,,,,,,,,,,,,,,,,,,,,,,,,,,,,,,,,,,,,,,,,,,,,,,,56.8,38.1,21.5,34.1,56.9,69.2,92.3,99.3,97.8,99.7,98.4,,,,,,,,,,,,,,,,,,,,,,,,,,,,,,,,,,,,,,,,,,,,,,,,,,,,,,,,,,,,,,,,,,,,,,,,,,,,,,,,CUE,Y,,2008,1,7,03/14/08,23.793103448,22.698595404,22.698595404,,,,,,54.6,68.5,82.7,89.4,79.5,52.7,26.6,,,,,,,,,,,,,,,,,,,,,,,,,,,,,,,,,,,,,,,,,,,,,,,,,,,,,,,,,,,,,,,,,,,,,,,,,,,,,,,,,,,,56.9,69.2,92.3,99.3,97.8,99.7,98.4,,,,,,,,,,,,,,,,,,,,,,,,,,,,,,,,,,,,,,,,,,,,,,,,,,,,,,,,,,,,,,,,,,,,,,,,,,,,,,,,454,613.6,64.857142857,87.657142857,115,55,5,5
044,CT,B,E,4,15.6,390,37,6,60,29,11,50,1.5,2,0,0,30,803,82,15,125.8,109.3,86.4,65.7,59.2,60.4,73.8,89.9,100.5,103.5,107,111.2,96.5,72,40.9,,,,,,,,,,,,,,,,,,,,,,,,,,,,,,,,,,,,,,,,,,,,,,,,,,,,,,,,,,,,,,,,,,,,,,,,,,,,68.7,69.3,66,69.4,64.8,45,22.9,19.8,27.8,12.6,16.4,40.5,52.9,63.9,74,,,,,,,,,,,,,,,,,,,,,,,,,,,,,,,,,,,,,,,,,,,,,,,,,,,,,,,,,,,,,,,,,,,,,,,,,,,,CUE,Y,,2008,2,7,03/14/08,25,22.698595404,22.698595404,,,,,,59.2,60.4,73.8,89.9,100.5,103.5,107,111.2,96.5,72,40.9,,,,,,,,,,,,,,,,,,,,,,,,,,,,,,,,,,,,,,,,,,,,,,,,,,,,,,,,,,,,,,,,,,,,,,,,,,,,,,,,64.8,45,22.9,19.8,27.8,12.6,16.4,40.5,52.9,63.9,74,,,,,,,,,,,,,,,,,,,,,,,,,,,,,,,,,,,,,,,,,,,,,,,,,,,,,,,,,,,,,,,,,,,,,,,,,,,,914.9,440.6,83.172727273,40.054545455,115,55,5,5
045,CT,B,S,4,8,182,70,29,51,26,23,84,1.5,1,1,0,30,803,82,7,124.2,125.2,126.1,110.2,85.4,56.1,33.4,,,,,,,,,,,,,,,,,,,,,,,,,,,,,,,,,,,,,,,,,,,,,,,,,,,,,,,,,,,,,,,,,,,,,,,,,,,,,,,,,,,,55.6,43.1,32.1,15.2,10.4,39.3,63,,,,,,,,,,,,,,,,,,,,,,,,,,,,,,,,,,,,,,,,,,,,,,,,,,,,,,,,,,,,,,,,,,,,,,,,,,,,,,,,,,,,CUE,Y,,2008,3,7,03/14/08,22.75,22.698595404,22.698595404,,,,,,85.4,56.1,33.4,,,,,,,,,,,,,,,,,,,,,,,,,,,,,,,,,,,,,,,,,,,,,,,,,,,,,,,,,,,,,,,,,,,,,,,,,,,,,,,,,,,,,,,,10.4,39.3,63,,,,,,,,,,,,,,,,,,,,,,,,,,,,,,,,,,,,,,,,,,,,,,,,,,,,,,,,,,,,,,,,,,,,,,,,,,,,,,,,,,,,174.9,112.7,58.3,37.566666667,115,55,5,5
046,CT,B,E,3,7.3,159,18,3,43,20,37,101,1.5,0,0,0,30,803,82,7,130.6,133.5,121.5,110.6,86.8,54.2,36.1,,,,,,,,,,,,,,,,,,,,,,,,,,,,,,,,,,,,,,,,,,,,,,,,,,,,,,,,,,,,,,,,,,,,,,,,,,,,,,,,,,,,58,53.7,39,31.1,25.5,47.7,65.8,,,,,,,,,,,,,,,,,,,,,,,,,,,,,,,,,,,,,,,,,,,,,,,,,,,,,,,,,,,,,,,,,,,,,,,,,,,,,,,,,,,,CUE,Y,,2008,4,7,03/14/08,21.780821918,22.698595404,22.698595404,,,,,,86.8,54.2,36.1,,,,,,,,,,,,,,,,,,,,,,,,,,,,,,,,,,,,,,,,,,,,,,,,,,,,,,,,,,,,,,,,,,,,,,,,,,,,,,,,,,,,,,,,25.5,47.7,65.8,,,,,,,,,,,,,,,,,,,,,,,,,,,,,,,,,,,,,,,,,,,,,,,,,,,,,,,,,,,,,,,,,,,,,,,,,,,,,,,,,,,,177.1,139,59.033333333,46.333333333,115,55,5,5
047,CT,B,W,2,5.6,126,14,72,50,36,14,-35,1.5,0,0,0,30,803,82,5,119.4,110.4,99,74.6,44.7,,,,,,,,,,,,,,,,,,,,,,,,,,,,,,,,,,,,,,,,,,,,,,,,,,,,,,,,,,,,,,,,,,,,,,,,,,,,,,,,,,,,,,53.4,42.9,34.6,33.2,53.9,,,,,,,,,,,,,,,,,,,,,,,,,,,,,,,,,,,,,,,,,,,,,,,,,,,,,,,,,,,,,,,,,,,,,,,,,,,,,,,,,,,,,,CUE,Y,,2008,5,7,03/14/08,22.5,22.698595404,22.698595404,,,,,,44.7,,,,,,,,,,,,,,,,,,,,,,,,,,,,,,,,,,,,,,,,,,,,,,,,,,,,,,,,,,,,,,,,,,,,,,,,,,,,,,,,,,,,,,,,,,53.9,,,,,,,,,,,,,,,,,,,,,,,,,,,,,,,,,,,,,,,,,,,,,,,,,,,,,,,,,,,,,,,,,,,,,,,,,,,,,,,,,,,,,,44.7,53.9,44.7,53.9,115,55,5,5
048,CT,B,S,1,13.6,277,85,3,40,39,21,50,1.5,3,0,0,30,803,82,13,121.8,109,92.9,74.7,66.2,66,78.6,102,117.8,107.1,85.6,60.9,32.7,,,,,,,,,,,,,,,,,,,,,,,,,,,,,,,,,,,,,,,,,,,,,,,,,,,,,,,,,,,,,,,,,,,,,,,,,,,,,,62.6,68.9,76.4,80.9,74,72.8,67.9,68.8,74.2,76.3,71.3,68.8,78.4,,,,,,,,,,,,,,,,,,,,,,,,,,,,,,,,,,,,,,,,,,,,,,,,,,,,,,,,,,,,,,,,,,,,,,,,,,,,,,CUE,Y,,2008,6,7,03/14/08,20.367647059,22.698595404,22.698595404,,,,,,66.2,66,78.6,102,117.8,107.1,85.6,60.9,32.7,,,,,,,,,,,,,,,,,,,,,,,,,,,,,,,,,,,,,,,,,,,,,,,,,,,,,,,,,,,,,,,,,,,,,,,,,,,,,,,,,,74,72.8,67.9,68.8,74.2,76.3,71.3,68.8,78.4,,,,,,,,,,,,,,,,,,,,,,,,,,,,,,,,,,,,,,,,,,,,,,,,,,,,,,,,,,,,,,,,,,,,,,,,,,,,,,716.9,652.5,79.655555556,72.5,115,55,5,5
055,CT,B,N,3,6.6,195,0,13,35,58,7,-64,1.5,0,0,0,30,803,99,6,110.7,104.2,117.1,107.2,84.2,43.5,,,,,,,,,,,,,,,,,,,,,,,,,,,,,,,,,,,,,,,,,,,,,,,,,,,,,,,,,,,,,,,,,,,,,,,,,,,,,,,,,,,,,46.7,19.1,23.2,19.3,25.1,53.5,,,,,,,,,,,,,,,,,,,,,,,,,,,,,,,,,,,,,,,,,,,,,,,,,,,,,,,,,,,,,,,,,,,,,,,,,,,,,,,,,,,,,CUE,Y,,2008,1,7,03/14/08,29.545454545,27.311513623,27.311513623,,,,,107.2,84.2,43.5,,,,,,,,,,,,,,,,,,,,,,,,,,,,,,,,,,,,,,,,,,,,,,,,,,,,,,,,,,,,,,,,,,,,,,,,,,,,,,,,,,,,,,,,19.3,25.1,53.5,,,,,,,,,,,,,,,,,,,,,,,,,,,,,,,,,,,,,,,,,,,,,,,,,,,,,,,,,,,,,,,,,,,,,,,,,,,,,,,,,,,,,234.9,97.9,78.3,32.633333333,115,55,4,4
056,CT,B,E,4,9.7,202,68,16,91,3,6,-35,1.5,1,0,0,30,803,99,9,113.1,89.9,90.3,94.3,79.9,62.7,61.1,55.1,34.7,,,,,,,,,,,,,,,,,,,,,,,,,,,,,,,,,,,,,,,,,,,,,,,,,,,,,,,,,,,,,,,,,,,,,,,,,,,,,,,,,,43.3,21.2,6.4,6,18.1,32.7,36,51.6,68,,,,,,,,,,,,,,,,,,,,,,,,,,,,,,,,,,,,,,,,,,,,,,,,,,,,,,,,,,,,,,,,,,,,,,,,,,,,,,,,,,CUE,Y,,2008,2,7,03/14/08,20.824742268,27.311513623,27.311513623,,,,,94.3,79.9,62.7,61.1,55.1,34.7,,,,,,,,,,,,,,,,,,,,,,,,,,,,,,,,,,,,,,,,,,,,,,,,,,,,,,,,,,,,,,,,,,,,,,,,,,,,,,,,,,,,,6,18.1,32.7,36,51.6,68,,,,,,,,,,,,,,,,,,,,,,,,,,,,,,,,,,,,,,,,,,,,,,,,,,,,,,,,,,,,,,,,,,,,,,,,,,,,,,,,,,387.8,212.4,64.633333333,35.4,115,55,4,4
057,CT,B,S,4,17.7,432,17,9,17,72,11,-47,1.5,0,0,0,30,803,99,17,109.2,92.1,74,73.4,80.7,77,73.7,83.8,107.4,119.8,109,87.4,86.4,86.1,76.6,60,38.3,,,,,,,,,,,,,,,,,,,,,,,,,,,,,,,,,,,,,,,,,,,,,,,,,,,,,,,,,,,,,,,,,,,,,,,,,,65.6,71,83.5,100.8,112.7,107,89.1,57.4,36.3,26.7,22.5,37.3,65.9,80,88.9,94.7,96,,,,,,,,,,,,,,,,,,,,,,,,,,,,,,,,,,,,,,,,,,,,,,,,,,,,,,,,,,,,,,,,,,,,,,,,,,CUE,Y,,2008,3,7,03/14/08,24.406779661,27.311513623,27.311513623,,,,,73.4,80.7,77,73.7,83.8,107.4,119.8,109,87.4,86.4,86.1,76.6,60,38.3,,,,,,,,,,,,,,,,,,,,,,,,,,,,,,,,,,,,,,,,,,,,,,,,,,,,,,,,,,,,,,,,,,,,,,,,,,,,,100.8,112.7,107,89.1,57.4,36.3,26.7,22.5,37.3,65.9,80,88.9,94.7,96,,,,,,,,,,,,,,,,,,,,,,,,,,,,,,,,,,,,,,,,,,,,,,,,,,,,,,,,,,,,,,,,,,,,,,,,,,1159.6,1015.3,82.828571429,72.521428571,115,55,4,4
058,CT,B,E,3,4,119,71,1,53,23,24,-25,1.5,1,0,0,30,803,99,3,118,92.9,50,,,,,,,,,,,,,,,,,,,,,,,,,,,,,,,,,,,,,,,,,,,,,,,,,,,,,,,,,,,,,,,,,,,,,,,,,,,,,,,,,,,,,,,,63.2,63,75.5,,,,,,,,,,,,,,,,,,,,,,,,,,,,,,,,,,,,,,,,,,,,,,,,,,,,,,,,,,,,,,,,,,,,,,,,,,,,,,,,,,,,,,,,CUE,Y,,2008,4,7,03/14/08,29.75,27.311513623,27.311513623,,,,,,,,,,,,,,,,,,,,,,,,,,,,,,,,,,,,,,,,,,,,,,,,,,,,,,,,,,,,,,,,,,,,,,,,,,,,,,,,,,,,,,,,,,,,,,,,,,,,,,,,,,,,,,,,,,,,,,,,,,,,,,,,,,,,,,,,,,,,,,,,,,,,,,,,,,,,,,,,,,,,,,,,,,,,,,,,,,,,,,0,0,0,0,115,55,4,4
059,CT,B,W,2,4.4,121,25,69,62,27,11,-46,1.5,0,0,0,30,803,99,4,117.5,98.9,65.8,28.8,,,,,,,,,,,,,,,,,,,,,,,,,,,,,,,,,,,,,,,,,,,,,,,,,,,,,,,,,,,,,,,,,,,,,,,,,,,,,,,,,,,,,,,42.3,25,34.1,67.6,,,,,,,,,,,,,,,,,,,,,,,,,,,,,,,,,,,,,,,,,,,,,,,,,,,,,,,,,,,,,,,,,,,,,,,,,,,,,,,,,,,,,,,CUE,Y,,2008,5,7,03/14/08,27.5,27.311513623,27.311513623,,,,,,,,,,,,,,,,,,,,,,,,,,,,,,,,,,,,,,,,,,,,,,,,,,,,,,,,,,,,,,,,,,,,,,,,,,,,,,,,,,,,,,,,,,,,,,,,,,,,,,,,,,,,,,,,,,,,,,,,,,,,,,,,,,,,,,,,,,,,,,,,,,,,,,,,,,,,,,,,,,,,,,,,,,,,,,,,,,,,,,0,0,0,0,115,55,4,4
060,CT,B,S,1,3.8,121,13,4,72,21,7,-35,1.5,0,0,0,30,803,99,3,114.8,84.4,44.8,,,,,,,,,,,,,,,,,,,,,,,,,,,,,,,,,,,,,,,,,,,,,,,,,,,,,,,,,,,,,,,,,,,,,,,,,,,,,,,,,,,,,,,,50,30.5,53.4,,,,,,,,,,,,,,,,,,,,,,,,,,,,,,,,,,,,,,,,,,,,,,,,,,,,,,,,,,,,,,,,,,,,,,,,,,,,,,,,,,,,,,,,CUE,Y,,2008,6,7,03/14/08,31.842105263,27.311513623,27.311513623,,,,,,,,,,,,,,,,,,,,,,,,,,,,,,,,,,,,,,,,,,,,,,,,,,,,,,,,,,,,,,,,,,,,,,,,,,,,,,,,,,,,,,,,,,,,,,,,,,,,,,,,,,,,,,,,,,,,,,,,,,,,,,,,,,,,,,,,,,,,,,,,,,,,,,,,,,,,,,,,,,,,,,,,,,,,,,,,,,,,,,0,0,0,0,115,55,4,4
