SEQUENCE,DAY,SUBGROUP,START,PLATFORM,LAT,PATH,TMQUADB,TMQUADD,TIMEINN,TIMEMID,TIMEOUT,ANGLE,CNTDIAM,ANCROSB,ANCROSD,MAXMIN,MAXSEC,GROUP,NUMBER,LINENO,TDIS1,TDIS2,TDIS3,TDIS4,TDIS5,TDIS6,TDIS7,TDIS8,TDIS9,TDIS10,TDIS11,TDIS12,TDIS13,TDIS14,TDIS15,TDIS16,TDIS17,TDIS18,TDIS19,TDIS20,TDIS21,TDIS22,TDIS23,TDIS24,TDIS25,TDIS26,TDIS27,TDIS28,TDIS29,TDIS30,TDIS31,TDIS32,TDIS33,TDIS34,TDIS35,TDIS36,TDIS37,TDIS38,TDIS39,TDIS40,TDIS41,TDIS42,TDIS43,TDIS44,TDIS45,TDIS46,TDIS47,TDIS48,TDIS49,TDIS50,TDIS51,TDIS52,TDIS53,TDIS54,TDIS55,TDIS56,TDIS57,TDIS58,TDIS59,TDIS60,TDIS61,TDIS62,TDIS63,TDIS64,TDIS65,TDIS66,TDIS67,TDIS68,TDIS69,TDIS70,TDIS71,TDIS72,TDIS73,TDIS74,TDIS75,TDIS76,TDIS77,TDIS78,TDIS79,TDIS80,TDIS81,TDIS82,TDIS83,TDIS84,TDIS85,TDIS86,TDIS87,TDIS88,TDIS89,TDIS90,ODIS1,ODIS2,ODIS3,ODIS4,ODIS5,ODIS6,ODIS7,ODIS8,ODIS9,ODIS10,ODIS11,ODIS12,ODIS13,ODIS14,ODIS15,ODIS16,ODIS17,ODIS18,ODIS19,ODIS20,ODIS21,ODIS22,ODIS23,ODIS24,ODIS25,ODIS26,ODIS27,ODIS28,ODIS29,ODIS30,ODIS31,ODIS32,ODIS33,ODIS34,ODIS35,ODIS36,ODIS37,ODIS38,ODIS39,ODIS40,ODIS41,ODIS42,ODIS43,ODIS44,ODIS45,ODIS46,ODIS47,ODIS48,ODIS49,ODIS50,ODIS51,ODIS52,ODIS53,ODIS54,ODIS55,ODIS56,ODIS57,ODIS58,ODIS59,ODIS60,ODIS61,ODIS62,ODIS63,ODIS64,ODIS65,ODIS66,ODIS67,ODIS68,ODIS69,ODIS70,ODIS71,ODIS72,ODIS73,ODIS74,ODIS75,ODIS76,ODIS77,ODIS78,ODIS79,ODIS80,ODIS81,ODIS82,ODIS83,ODIS84,ODIS85,ODIS86,ODIS87,ODIS88,ODIS89,ODIS90,COND,AGE,SLGROUP,YEAR,TRIAL,BLOCK,RUNDATE,SPEED,BSPEED,BSPEEDTT,BSPEEDFS,AJTDIS1,AJTDIS2,AJTDIS3,AJTDIS4,AJTDIS5,AJTDIS6,AJTDIS7,AJTDIS8,AJTDIS9,AJTDIS10,AJTDIS11,AJTDIS12,AJTDIS13,AJTDIS14,AJTDIS15,AJTDIS16,AJTDIS17,AJTDIS18,AJTDIS19,AJTDIS20,AJTDIS21,AJTDIS22,AJTDIS23,AJTDIS24,AJTDIS25,AJTDIS26,AJTDIS27,AJTDIS28,AJTDIS29,AJTDIS30,AJTDIS31,AJTDIS32,AJTDIS33,AJTDIS34,AJTDIS35,AJTDIS36,AJTDIS37,AJTDIS38,AJTDIS39,AJTDIS40,AJTDIS41,AJTDIS42,AJTDIS43,AJTDIS44,AJTDIS45,AJTDIS46,AJTDIS47,AJTDIS48,AJTDIS49,AJTDIS50,AJTDIS51,AJTDIS52,AJTDIS53,AJTDIS54,AJTDIS55,AJTDIS56,AJTDIS57,AJTDIS58,AJTDIS59,AJTDIS60,AJTDIS61,AJTDIS62,AJTDIS63,AJTDIS64,AJTDIS65,AJTDIS66,AJTDIS67,AJTDIS68,AJTDIS69,AJTDIS70,AJTDIS71,AJTDIS72,AJTDIS73,AJTDIS74,AJTDIS75,AJTDIS76,AJTDIS77,AJTDIS78,AJTDIS79,AJTDIS80,AJTDIS81,AJTDIS82,AJTDIS83,AJTDIS84,AJTDIS85,AJTDIS86,AJTDIS87,AJTDIS88,AJTDIS89,AJTDIS90,AJODIS1,AJODIS2,AJODIS3,AJODIS4,AJODIS5,AJODIS6,AJODIS7,AJODIS8,AJODIS9,AJODIS10,AJODIS11,AJODIS12,AJODIS13,AJODIS14,AJODIS15,AJODIS16,AJODIS17,AJODIS18,AJODIS19,AJODIS20,AJODIS21,AJODIS22,AJODIS23,AJODIS24,AJODIS25,AJODIS26,AJODIS27,AJODIS28,AJODIS29,AJODIS30,AJODIS31,AJODIS32,AJODIS33,AJODIS34,AJODIS35,AJODIS36,AJODIS37,AJODIS38,AJODIS39,AJODIS40,AJODIS41,AJODIS42,AJODIS43,AJODIS44,AJODIS45,AJODIS46,AJODIS47,AJODIS48,AJODIS49,AJODIS50,AJODIS51,AJODIS52,AJODIS53,AJODIS54,AJODIS55,AJODIS56,AJODIS57,AJODIS58,AJODIS59,AJODIS60,AJODIS61,AJODIS62,AJODIS63,AJODIS64,AJODIS65,AJODIS66,AJODIS67,AJODIS68,AJODIS69,AJODIS70,AJODIS71,AJODIS72,AJODIS73,AJODIS74,AJODIS75,AJODIS76,AJODIS77,AJODIS78,AJODIS79,AJODIS80,AJODIS81,AJODIS82,AJODIS83,AJODIS84,AJODIS85,AJODIS86,AJODIS87,AJODIS88,AJODIS89,AJODIS90,CUMDS,CUMDSO,TAVDS,TAVDSO,PLATDIS,PLATDISO,PLATTIME,BEGIN
1,1,A,S,2,90.1,1930,13,30,8,25,67,-124,1.5,0,1,0,90,2206,2,90,57.9,58.8,55.3,68.4,66.6,65.8,83.9,112.1,124.6,126.7,125.5,123.3,112,107.9,109.2,100.2,88.1,76.1,64.6,52.4,41,27.4,36.4,63.6,93.9,117.6,118.6,112.5,105.1,96.1,85.9,73.1,63.2,59.4,58.5,61,59.8,64.2,76,93.1,111.7,124.8,124.4,124.2,119.1,114,113.1,110.7,110.9,101.2,90.5,83.9,84.1,82.9,70.6,52.2,28.3,21.2,41.8,52.5,54.8,62.6,76.3,87.2,100.1,108.8,109.9,115.3,125.4,123.7,115.3,102.1,85.4,62,59.3,73.1,89.7,91.1,91.1,89.8,93.4,100.7,113.6,121.6,121.6,120.3,122,120.6,116.9,112.3,113.8,111.4,107,108.8,109.6,95.5,77.7,66.9,53.2,43.6,41.5,37.3,28.2,46.4,72.9,91.5,104.6,116.8,124.6,129.3,125.4,110,87.5,68.2,60.7,66,62.7,67,77.9,89.7,98.9,108.9,112.6,112.3,114.7,104,84.6,61.3,34.1,14.4,26.6,44.4,43.5,43.4,46.5,55.6,70.6,78.1,73,72.3,78.1,96.5,113.8,114.2,107.9,102.6,100.5,106.1,118.4,122,115.2,109.9,106.6,95.4,88,80.2,66.3,53.5,48.6,39.3,28.8,15.5,6.5,34.3,63.4,88,108.3,108.3,101.5,87.1,73.3,57.2,48,45,38.4,34,39.9,49,58,68.9,FS,O,,2022,1,0,4/19/2009,21.42064373,21.40134516,21.40134516,21.40134516,0,0,55.3,68.4,66.6,65.8,83.9,112.1,124.6,126.7,125.5,123.3,112,107.9,109.2,100.2,88.1,76.1,64.6,52.4,41,27.4,36.4,63.6,93.9,117.6,118.6,112.5,105.1,96.1,85.9,73.1,63.2,59.4,58.5,61,59.8,64.2,76,93.1,111.7,124.8,124.4,124.2,119.1,114,113.1,110.7,110.9,101.2,90.5,83.9,84.1,82.9,70.6,52.2,28.3,21.2,41.8,52.5,54.8,62.6,76.3,87.2,100.1,108.8,109.9,115.3,125.4,123.7,115.3,102.1,85.4,62,59.3,73.1,89.7,91.1,91.1,89.8,93.4,100.7,113.6,121.6,121.6,120.3,122,120.6,116.9,112.3,0,0,107,108.8,109.6,95.5,77.7,66.9,53.2,43.6,41.5,37.3,28.2,46.4,72.9,91.5,104.6,116.8,124.6,129.3,125.4,110,87.5,68.2,60.7,66,62.7,67,77.9,89.7,98.9,108.9,112.6,112.3,114.7,104,84.6,61.3,34.1,14.4,26.6,44.4,43.5,43.4,46.5,55.6,70.6,78.1,73,72.3,78.1,96.5,113.8,114.2,107.9,102.6,100.5,106.1,118.4,122,115.2,109.9,106.6,95.4,88,80.2,66.3,53.5,48.6,39.3,28.8,15.5,6.5,34.3,63.4,88,108.3,108.3,101.5,87.1,73.3,57.2,48,45,38.4,34,39.9,49,58,68.9,7897.2,6686.8,89.74090909,75.98636364,55,115,3,3
4,1,A,S,2,90.1,1969,27,18,0,6,94,-111,1.5,0,0,0,90,2206,3,90,60.4,67.8,91.8,107.8,119.1,125.3,126.9,124.3,118.6,111.9,102.9,92,80.4,67.9,55.5,44.4,44.8,53.4,69.4,89.9,104.7,115.4,122.6,126.5,126.8,123.9,119.2,113.1,105.7,98.2,88.7,77.7,68,62.9,59.3,38.4,25.5,39.2,41.4,47.3,55.6,66.1,76.4,84.3,92.7,99.5,106.8,113.5,118.5,119.9,120.5,121.7,123,121.5,119.8,115,108.5,102.1,93.1,88.2,80.4,71.7,60.3,49.2,46.2,48.4,48.7,42.9,41.2,49.8,65.1,87,101.6,96.4,92.8,89.9,84.5,79.3,76.9,73.1,67.8,64.2,59.6,55.9,50.8,61.9,69.2,72.4,75,74.2,115.4,109.3,98.5,83.7,67.3,51.4,41.4,45.4,61,72.9,87.8,103.1,115,123.9,129.3,129.2,128.3,120.8,111,100,87.5,73.8,58.8,46.1,40.7,45.3,59,70.1,80.8,91.6,104.9,115.4,121,118.2,121.9,110.7,110.1,125.6,127.9,132.3,133.9,131.3,126,117.7,108.5,97.9,85.7,72.3,62,54.1,47.2,39.1,36.9,40.3,47.8,56.5,68,78.9,90.4,89.3,95.6,106.3,114.3,121.8,131.5,133.7,131.5,121,109.7,99.3,89.6,90.7,97.9,95.3,95.8,105.1,110.3,115.1,117.2,119.4,123.3,124.8,127.1,122.7,120,130.4,130.8,128.9,126.9,126.2,FS,O,,2022,1,0,4/19/2009,21.85349612,17.16537181,17.16537181,17.16537181,0,0,91.8,107.8,119.1,125.3,126.9,124.3,118.6,111.9,102.9,92,80.4,67.9,55.5,44.4,44.8,53.4,69.4,89.9,104.7,115.4,122.6,126.5,126.8,123.9,119.2,113.1,105.7,98.2,88.7,77.7,68,62.9,59.3,38.4,25.5,39.2,41.4,47.3,55.6,66.1,76.4,84.3,92.7,99.5,106.8,113.5,118.5,119.9,120.5,121.7,123,121.5,119.8,115,108.5,102.1,93.1,88.2,80.4,71.7,60.3,49.2,46.2,48.4,48.7,42.9,41.2,49.8,65.1,87,101.6,96.4,92.8,89.9,84.5,79.3,76.9,73.1,67.8,64.2,59.6,55.9,50.8,61.9,69.2,72.4,75,74.2,0,0,98.5,83.7,67.3,51.4,41.4,45.4,61,72.9,87.8,103.1,115,123.9,129.3,129.2,128.3,120.8,111,100,87.5,73.8,58.8,46.1,40.7,45.3,59,70.1,80.8,91.6,104.9,115.4,121,118.2,121.9,110.7,110.1,125.6,127.9,132.3,133.9,131.3,126,117.7,108.5,97.9,85.7,72.3,62,54.1,47.2,39.1,36.9,40.3,47.8,56.5,68,78.9,90.4,89.3,95.6,106.3,114.3,121.8,131.5,133.7,131.5,121,109.7,99.3,89.6,90.7,97.9,95.3,95.8,105.1,110.3,115.1,117.2,119.4,123.3,124.8,127.1,122.7,120,130.4,130.8,128.9,126.9,126.2,7413.9,8557.7,84.24886364,97.24659091,55,115,3,3
13,1,A,S,2,90.1,2358,29,25,7,16,77,48,1.5,0,0,0,90,2206,11,90,48.4,40,46.3,50.2,62.4,77.4,88.8,100.5,111.2,119.2,122.8,122.4,121.7,120.6,111.1,100.7,86.3,72.3,63,48.5,44.6,54.2,64.9,78.8,88.3,103.9,113,116.7,116.8,121.4,121.9,118.7,113.6,103.5,92.7,79.3,66.4,52.6,44.3,48.1,51.1,62.1,78.7,89.9,99,104,108,116.8,117,114.3,117.7,122.4,118.2,117.8,110.5,89.9,62.2,30.4,19.6,40.1,43.2,40.7,40.4,50.4,58.9,68.1,78.5,88.3,95.1,98,91.4,81.7,71.1,61.1,50,43,39.2,35,40.2,52.1,51.8,57.4,64.2,74,78.1,81.4,79.1,88.5,104.2,122.8,112,117.2,132.6,133.4,132.1,124.8,112.7,96.1,77,59.2,46.5,37.6,38.9,52,66.4,82.5,99.4,108.4,112.5,121.2,130.7,133.8,127.7,117.9,101.1,87.4,70.7,55.8,46.4,37.3,38.8,47.3,64.2,81.9,90.7,103.2,109.3,112.1,127.6,133.5,130.5,126.6,122.6,112.1,99.3,86.9,71.8,60.3,54,37.8,31.5,36.6,35.4,35.2,34.1,28.2,41.2,68.6,100.1,126.3,129.2,125.4,108.1,88.1,60.8,29.2,17.3,45.6,74.6,92.7,103.4,113.9,122.1,128.4,128.8,128.5,125,118.5,118.4,118,108.8,105.3,104.8,107.5,103.7,94.2,80.7,67.2,56.8,56.7,FS,O,,2022,1,0,4/19/2009,26.1709212,25.49538178,25.49538178,25.49538178,0,40,46.3,50.2,62.4,77.4,88.8,100.5,111.2,119.2,122.8,122.4,121.7,120.6,111.1,100.7,86.3,72.3,63,48.5,44.6,54.2,64.9,78.8,88.3,103.9,113,116.7,116.8,121.4,121.9,118.7,113.6,103.5,92.7,79.3,66.4,52.6,44.3,48.1,51.1,62.1,78.7,89.9,99,104,108,116.8,117,114.3,117.7,122.4,118.2,117.8,110.5,89.9,62.2,30.4,19.6,40.1,43.2,40.7,40.4,50.4,58.9,68.1,78.5,88.3,95.1,98,91.4,81.7,71.1,61.1,50,43,39.2,35,40.2,52.1,51.8,57.4,64.2,74,78.1,81.4,79.1,88.5,104.2,122.8,0,117.2,132.6,133.4,132.1,124.8,112.7,96.1,77,59.2,46.5,37.6,38.9,52,66.4,82.5,99.4,108.4,112.5,121.2,130.7,133.8,127.7,117.9,101.1,87.4,70.7,55.8,46.4,37.3,38.8,47.3,64.2,81.9,90.7,103.2,109.3,112.1,127.6,133.5,130.5,126.6,122.6,112.1,99.3,86.9,71.8,60.3,54,37.8,31.5,36.6,35.4,35.2,34.1,28.2,41.2,68.6,100.1,126.3,129.2,125.4,108.1,88.1,60.8,29.2,17.3,45.6,74.6,92.7,103.4,113.9,122.1,128.4,128.8,128.5,125,118.5,118.4,118,108.8,105.3,104.8,107.5,103.7,94.2,80.7,67.2,56.8,56.7,7206.7,7868.7,80.9741573,88.41235955,55,115,2,2
16,1,A,S,2,90.1,2160,12,24,5,8,87,54,1.5,0,1,0,90,2206,12,90,57.5,48.9,46.3,56.8,72.6,83.3,91.4,91.4,92.8,101.1,117.6,122.6,123.7,120,112.8,102,88.8,69.2,53.7,44.8,51.1,63.2,72.3,67.8,65.9,67.3,71.1,88.9,99.5,108.5,109.9,104.3,100.4,99,91.1,84.8,75.4,67.3,51.6,36.2,27.5,44.7,71.3,95.7,115.2,126.8,125.2,119.9,115.3,109,100.4,91.4,92.2,90.1,87.1,81,75.3,79.2,97.7,116.5,123,121.9,114.5,111.6,103.4,95.2,85.7,73.3,65.6,61.5,59.3,60.5,65.2,71.8,88.6,100.6,111.3,120.2,123.6,125.7,122.7,118.6,111.7,102.7,96.3,96.6,101.8,102.7,110.1,114.5,111.7,120.1,131.8,132.4,128.8,119.4,110.3,107.7,93.7,68.9,51,40.6,39.5,49.7,68.2,81.9,94.3,111.8,121.4,127.4,133.5,131.6,129.3,124.5,125.5,124.6,114.3,109.3,95.5,83,79.4,81.8,89,95.3,93.7,100.9,117.1,122,123.8,121.2,99.7,75.1,52.8,35.8,32.8,40.7,43.1,50.2,65.3,72.4,84.1,101.9,109,99.3,88.6,74,44.9,13.9,25,50.5,57.4,53.5,56.1,69.2,80.8,88.7,96.2,110.1,113.7,113.8,112.4,112.2,114.2,108.2,99.3,86.6,73.3,59.7,45.6,39.7,43.7,58.2,69.2,80.5,94.5,99.1,95.3,85.5,77.8,69,FS,O,,2022,1,0,4/19/2009,23.97336293,26.0867512,26.0867512,26.0867512,0,48.9,46.3,56.8,72.6,83.3,91.4,91.4,92.8,101.1,117.6,122.6,123.7,120,112.8,102,88.8,69.2,53.7,44.8,51.1,63.2,72.3,67.8,65.9,67.3,71.1,88.9,99.5,108.5,109.9,104.3,100.4,99,91.1,84.8,75.4,67.3,51.6,36.2,27.5,44.7,71.3,95.7,115.2,126.8,125.2,119.9,115.3,109,100.4,91.4,92.2,90.1,87.1,81,75.3,79.2,97.7,116.5,123,121.9,114.5,111.6,103.4,95.2,85.7,73.3,65.6,61.5,59.3,60.5,65.2,71.8,88.6,100.6,111.3,120.2,123.6,125.7,122.7,118.6,111.7,102.7,96.3,96.6,101.8,102.7,110.1,114.5,0,120.1,131.8,132.4,128.8,119.4,110.3,107.7,93.7,68.9,51,40.6,39.5,49.7,68.2,81.9,94.3,111.8,121.4,127.4,133.5,131.6,129.3,124.5,125.5,124.6,114.3,109.3,95.5,83,79.4,81.8,89,95.3,93.7,100.9,117.1,122,123.8,121.2,99.7,75.1,52.8,35.8,32.8,40.7,43.1,50.2,65.3,72.4,84.1,101.9,109,99.3,88.6,74,44.9,13.9,25,50.5,57.4,53.5,56.1,69.2,80.8,88.7,96.2,110.1,113.7,113.8,112.4,112.2,114.2,108.2,99.3,86.6,73.3,59.7,45.6,39.7,43.7,58.2,69.2,80.5,94.5,99.1,95.3,85.5,77.8,69,8037.1,7716.8,90.30449438,86.70561798,55,115,2,2
19,1,A,S,2,90.1,1492,6,46,0,6,94,-112,1.5,0,0,0,90,2206,13,90,61.8,64.3,78.3,91.8,107.8,117.1,122,123.7,125.1,118.2,123.9,124.3,124.3,119.3,112.4,119,115.6,113.1,109.1,103.5,104.7,110.4,114.7,119.4,120.7,121.2,122.8,121.1,116.7,110,103.7,96.3,85.8,72.5,59.1,47.4,45.8,50.5,60.5,67.4,75.1,83.7,94.3,101.6,109.5,115.1,119.4,121.4,122.8,122.2,122.8,123,122.6,122.7,120.4,124.6,122.7,122.5,122.4,123.4,123,125.7,125.8,124.6,125.7,122.3,121.2,123.5,121.9,121.2,119.5,114.2,107.2,98.4,87.8,77.7,70.9,65.4,64.2,62.2,63.7,63.5,63.7,62.9,61.8,64.8,64.9,60.4,60.5,60.8,104.5,90.9,85.8,85.9,80.8,71.7,60.6,52.4,48.1,37,38.5,39.4,43,41.1,43,58.6,62.7,71.7,79.7,80.3,84.3,77.3,68.2,56.7,47,37.9,37.5,45.7,57.4,69.2,70.9,84.5,97.9,107.5,116.4,126.4,132,133,132.8,129.7,124.3,113.4,104.9,93.8,79,67.1,56.2,46.8,39.8,36.5,37.3,45.8,50.9,48,44.2,48.7,46.4,42,39.1,37.9,36.6,39.3,39.3,38,39.1,35.8,34.7,41.3,44.6,45.4,57,62.1,73.2,84.6,92.3,101.6,110.6,114,112.3,110.1,110.7,110.4,110.6,109.1,107.7,112.2,112.1,108.4,107.5,110.5,FS,O,,2022,1,0,4/19/2009,16.55937847,18.12083074,18.12083074,18.12083074,0,0,78.3,91.8,107.8,117.1,122,123.7,125.1,118.2,123.9,124.3,124.3,119.3,112.4,119,115.6,113.1,109.1,103.5,104.7,110.4,114.7,119.4,120.7,121.2,122.8,121.1,116.7,110,103.7,96.3,85.8,72.5,59.1,47.4,45.8,50.5,60.5,67.4,75.1,83.7,94.3,101.6,109.5,115.1,119.4,121.4,122.8,122.2,122.8,123,122.6,122.7,120.4,124.6,122.7,122.5,122.4,123.4,123,125.7,125.8,124.6,125.7,122.3,121.2,123.5,121.9,121.2,119.5,114.2,107.2,98.4,87.8,77.7,70.9,65.4,64.2,62.2,63.7,63.5,63.7,62.9,61.8,64.8,64.9,60.4,60.5,60.8,0,0,85.8,85.9,80.8,71.7,60.6,52.4,48.1,37,38.5,39.4,43,41.1,43,58.6,62.7,71.7,79.7,80.3,84.3,77.3,68.2,56.7,47,37.9,37.5,45.7,57.4,69.2,70.9,84.5,97.9,107.5,116.4,126.4,132,133,132.8,129.7,124.3,113.4,104.9,93.8,79,67.1,56.2,46.8,39.8,36.5,37.3,45.8,50.9,48,44.2,48.7,46.4,42,39.1,37.9,36.6,39.3,39.3,38,39.1,35.8,34.7,41.3,44.6,45.4,57,62.1,73.2,84.6,92.3,101.6,110.6,114,112.3,110.1,110.7,110.4,110.6,109.1,107.7,112.2,112.1,108.4,107.5,110.5,8920.8,6405.8,101.3727273,72.79318182,55,115,3,3
22,1,A,S,2,90.1,2038,28,17,4,16,80,12,1.5,0,0,0,90,2206,14,90,54.9,45.5,38.6,41.3,46.4,44.4,58,86.8,106.1,109.4,107.9,99.3,84.9,70.4,54.5,45.9,47.6,56.3,68.6,72.1,83.1,91,93.1,86.4,71.5,68.5,91.6,111.9,119.9,121.4,122.8,121.4,116.3,111.2,103,91.3,78.8,63.8,53.9,47.2,44.6,51.4,58.7,68.6,74.6,80.9,89.7,97,104.6,111.2,114.8,114.6,112.4,112.3,120.7,121.6,123.4,123.7,119.4,113.7,107.5,101.9,92,79,64.3,51.9,45.6,47.9,59.8,71.1,80.7,82.2,75,71.3,73.5,91.5,111.3,115.8,111.1,100.8,90.1,89.6,81.3,74.2,64.3,58.2,49.5,44.7,44.3,43.6,111.1,106.7,103.1,106,106,86.7,65.9,56.6,65.2,69.6,72.7,86.6,98.9,110.4,121,128,133.1,133.6,131,121.9,118,110.3,101.6,100,90.6,61.7,58.9,58.8,51.5,41.2,37.1,43,58.8,73.4,83.2,94.4,105.1,115.3,122.1,127.5,130.9,133.6,132.5,130.8,127.6,120.6,112.9,103.4,90.9,78.6,71.2,70.4,65.5,53.9,49.1,41.8,37.5,42.5,46.3,44.9,58.3,81.7,93.8,102.8,115.3,124.1,129.7,132.6,133.5,129.8,123,115.2,100.1,83.1,58,42.3,55.3,67.2,69.2,68.1,77.7,100.8,110.4,117.3,126.3,127,128.6,128.6,130.4,127.9,FS,O,,2022,1,0,4/19/2009,22.61931188,20.6172592,20.6172592,20.6172592,0,0,38.6,41.3,46.4,44.4,58,86.8,106.1,109.4,107.9,99.3,84.9,70.4,54.5,45.9,47.6,56.3,68.6,72.1,83.1,91,93.1,86.4,71.5,68.5,91.6,111.9,119.9,121.4,122.8,121.4,116.3,111.2,103,91.3,78.8,63.8,53.9,47.2,44.6,51.4,58.7,68.6,74.6,80.9,89.7,97,104.6,111.2,114.8,114.6,112.4,112.3,120.7,121.6,123.4,123.7,119.4,113.7,107.5,101.9,92,79,64.3,51.9,45.6,47.9,59.8,71.1,80.7,82.2,75,71.3,73.5,91.5,111.3,115.8,111.1,100.8,90.1,89.6,81.3,74.2,64.3,58.2,49.5,44.7,44.3,43.6,0,0,103.1,106,106,86.7,65.9,56.6,65.2,69.6,72.7,86.6,98.9,110.4,121,128,133.1,133.6,131,121.9,118,110.3,101.6,100,90.6,61.7,58.9,58.8,51.5,41.2,37.1,43,58.8,73.4,83.2,94.4,105.1,115.3,122.1,127.5,130.9,133.6,132.5,130.8,127.6,120.6,112.9,103.4,90.9,78.6,71.2,70.4,65.5,53.9,49.1,41.8,37.5,42.5,46.3,44.9,58.3,81.7,93.8,102.8,115.3,124.1,129.7,132.6,133.5,129.8,123,115.2,100.1,83.1,58,42.3,55.3,67.2,69.2,68.1,77.7,100.8,110.4,117.3,126.3,127,128.6,128.6,130.4,127.9,7318.5,8191.8,83.16477273,93.08863636,55,115,3,3
28,1,A,S,2,90.1,1761,23,30,4,27,69,60,1.5,0,1,0,90,2206,17,90,53.7,52.7,46.3,48.3,47.6,60.9,84.7,104.9,117,121.6,126,127,126.1,121.3,110.9,103.3,112.1,108.2,100.9,85.6,67.5,48.2,51,48.5,34.2,29.4,47,81.2,110.2,124.9,120.3,117.1,112.5,108.3,101.1,95.3,86,74.6,65.9,59.2,52.5,47.2,44.1,41.9,40.8,41.4,48.2,56.3,67.6,77.4,79.4,76,73.6,77.7,94.4,117.2,121,118.6,115,103.2,94.8,103.9,108.5,109.8,113.8,109.2,100.5,91.3,81.2,70.1,64.2,63.8,65.7,71.5,77.2,83.5,90,88.2,86.2,88.4,99.4,113.8,120.1,117.5,116.4,113.8,102,92.8,92.4,99,107.4,101.5,107.9,119.7,117.7,113.2,100.5,86.6,71,56.9,47.6,41,42,39.1,37.6,58.5,80.9,75.5,77.4,85,98.6,104.1,127,128,110.6,83.2,46.3,11.9,24.5,44.4,49.4,59.3,67.1,70.2,74.6,88.7,98.8,107.3,112.8,116.4,121.6,126.1,129.2,128.5,127.5,127.7,131.7,132,130.1,125.1,119.1,106.8,89.9,67.4,49.9,53.6,52.4,50.7,54.3,47.4,33.8,26,36.7,50.7,68.7,77.7,86.8,101.5,112.1,121.2,125.5,126.7,126.7,128.3,124.6,117.7,112.5,104.7,90.1,74.3,58.7,55.5,57,54.2,49.9,42.4,41.2,59.4,81.5,96.8,FS,O,,2022,1,0,4/19/2009,19.54495006,19.60440374,19.60440374,19.60440374,0,0,46.3,48.3,47.6,60.9,84.7,104.9,117,121.6,126,127,126.1,121.3,110.9,103.3,112.1,108.2,100.9,85.6,67.5,48.2,51,48.5,34.2,29.4,47,81.2,110.2,124.9,120.3,117.1,112.5,108.3,101.1,95.3,86,74.6,65.9,59.2,52.5,47.2,44.1,41.9,40.8,41.4,48.2,56.3,67.6,77.4,79.4,76,73.6,77.7,94.4,117.2,121,118.6,115,103.2,94.8,103.9,108.5,109.8,113.8,109.2,100.5,91.3,81.2,70.1,64.2,63.8,65.7,71.5,77.2,83.5,90,88.2,86.2,88.4,99.4,113.8,120.1,117.5,116.4,113.8,102,92.8,92.4,99,0,0,107.9,119.7,117.7,113.2,100.5,86.6,71,56.9,47.6,41,42,39.1,37.6,58.5,80.9,75.5,77.4,85,98.6,104.1,127,128,110.6,83.2,46.3,11.9,24.5,44.4,49.4,59.3,67.1,70.2,74.6,88.7,98.8,107.3,112.8,116.4,121.6,126.1,129.2,128.5,127.5,127.7,131.7,132,130.1,125.1,119.1,106.8,89.9,67.4,49.9,53.6,52.4,50.7,54.3,47.4,33.8,26,36.7,50.7,68.7,77.7,86.8,101.5,112.1,121.2,125.5,126.7,126.7,128.3,124.6,117.7,112.5,104.7,90.1,74.3,58.7,55.5,57,54.2,49.9,42.4,41.2,59.4,81.5,96.8,7657.6,7395.2,87.01818182,84.03636364,55,115,3,3
31,1,A,S,2,90.1,2292,21,29,6,7,87,-117,1.5,0,1,0,90,2206,18,90,56.6,69.5,96.6,110.4,119.4,123.3,125.4,127.2,125.3,122.4,122,117.5,109.5,97.3,82.1,59.9,47.4,41.3,32.7,35,52.3,79.3,110.6,123.9,126,120.3,122.7,118.2,111.9,103,94.2,83.8,72.6,62,49.9,44.2,46.7,56.2,69.2,79.3,92.9,107.3,112.9,120.4,125.3,125.2,124.5,119.7,115.7,110,100,92.3,80.8,70.6,56.5,46.6,43.7,47.9,50.4,59.2,69.6,93.1,108.3,109.9,116.5,121.8,126.6,118.1,110.3,95.6,76.7,60.5,60.2,68.8,63.7,48.9,42,42.7,43.5,56.5,71.5,88.5,102.4,111,118.2,115.2,112.1,111.6,108.5,102.9,111.7,106.8,95.2,80.9,66.7,54.4,43.5,40.7,39,37.6,44.3,54.5,72.1,86,101.6,113.2,127.1,127.4,109.7,80.8,45.3,12.2,30.9,47.4,46.2,34.6,42.7,57.3,70.4,81.7,95.4,110.6,118.8,126.2,128.5,130,127.4,119.6,111,99.6,87.9,82,72.7,61.7,50.2,40.2,40.9,48.4,62.5,68.5,82.7,100.6,112.4,122.9,126.7,129.5,128.7,124.9,119.9,103.5,88.5,75.8,74.3,71.2,59.9,48.4,45.5,33.6,23.7,17.5,29.8,62.6,97.2,123.9,123.8,121.8,127,127.9,124.3,119.1,109,99.2,89.2,75.9,67,62.1,61.6,69.3,73.3,78,FS,O,,2022,1,0,4/19/2009,25.43840178,24.20958953,24.20958953,24.20958953,0,69.5,96.6,110.4,119.4,123.3,125.4,127.2,125.3,122.4,122,117.5,109.5,97.3,82.1,59.9,47.4,41.3,32.7,35,52.3,79.3,110.6,123.9,126,120.3,122.7,118.2,111.9,103,94.2,83.8,72.6,62,49.9,44.2,46.7,56.2,69.2,79.3,92.9,107.3,112.9,120.4,125.3,125.2,124.5,119.7,115.7,110,100,92.3,80.8,70.6,56.5,46.6,43.7,47.9,50.4,59.2,69.6,93.1,108.3,109.9,116.5,121.8,126.6,118.1,110.3,95.6,76.7,60.5,60.2,68.8,63.7,48.9,42,42.7,43.5,56.5,71.5,88.5,102.4,111,118.2,115.2,112.1,111.6,108.5,102.9,0,106.8,95.2,80.9,66.7,54.4,43.5,40.7,39,37.6,44.3,54.5,72.1,86,101.6,113.2,127.1,127.4,109.7,80.8,45.3,12.2,30.9,47.4,46.2,34.6,42.7,57.3,70.4,81.7,95.4,110.6,118.8,126.2,128.5,130,127.4,119.6,111,99.6,87.9,82,72.7,61.7,50.2,40.2,40.9,48.4,62.5,68.5,82.7,100.6,112.4,122.9,126.7,129.5,128.7,124.9,119.9,103.5,88.5,75.8,74.3,71.2,59.9,48.4,45.5,33.6,23.7,17.5,29.8,62.6,97.2,123.9,123.8,121.8,127,127.9,124.3,119.1,109,99.2,89.2,75.9,67,62.1,61.6,69.3,73.3,78,7967.6,7264.5,89.52359551,81.62359551,55,115,2,2
34,1,A,S,2,37.2,1079,25,34,12,22,66,63,1.5,2,0,0,90,2206,19,37,58.5,57.5,49,48.5,61.7,76.2,90.9,103.2,113.9,119.1,119.3,123.2,122.4,115.7,110,102.4,87.8,71.1,58.4,44.8,29.6,10.4,16.3,45.7,75.1,77.1,81.1,102.6,118.1,117.9,114.9,111.5,115.9,106.3,86.7,56.4,17.5,0,0,0,0,0,0,0,0,0,0,0,0,0,0,0,0,0,0,0,0,0,0,0,0,0,0,0,0,0,0,0,0,0,0,0,0,0,0,0,0,0,0,0,0,0,0,0,0,0,0,0,0,0,107.4,106.8,124.9,133.3,132.8,124.5,109.4,90.9,70.2,54.2,42.4,37.1,41.9,49,68.7,81.8,94.9,108.9,114.6,119.6,108,94.2,89.8,105,121.6,112.4,86.9,64.6,54.9,45.1,33.1,29.5,42.5,41.1,29.5,36.7,71,0,0,0,0,0,0,0,0,0,0,0,0,0,0,0,0,0,0,0,0,0,0,0,0,0,0,0,0,0,0,0,0,0,0,0,0,0,0,0,0,0,0,0,0,0,0,0,0,0,0,0,0,0,FS,O,,2022,1,0,4/30/2009,29.00537634,27.61683554,27.61683554,27.61683554,0,57.5,49,48.5,61.7,76.2,90.9,103.2,113.9,119.1,119.3,123.2,122.4,115.7,110,102.4,87.8,71.1,58.4,44.8,29.6,10.4,16.3,45.7,75.1,77.1,81.1,102.6,118.1,117.9,114.9,111.5,115.9,106.3,86.7,56.4,17.5,0,0,0,0,0,0,0,0,0,0,0,0,0,0,0,0,0,0,0,0,0,0,0,0,0,0,0,0,0,0,0,0,0,0,0,0,0,0,0,0,0,0,0,0,0,0,0,0,0,0,0,0,0,0,106.8,124.9,133.3,132.8,124.5,109.4,90.9,70.2,54.2,42.4,37.1,41.9,49,68.7,81.8,94.9,108.9,114.6,119.6,108,94.2,89.8,105,121.6,112.4,86.9,64.6,54.9,45.1,33.1,29.5,42.5,41.1,29.5,36.7,71,0,0,0,0,0,0,0,0,0,0,0,0,0,0,0,0,0,0,0,0,0,0,0,0,0,0,0,0,0,0,0,0,0,0,0,0,0,0,0,0,0,0,0,0,0,0,0,0,0,0,0,0,0,2958.2,2871.8,82.17222222,79.77222222,55,115,2,2
1,1,A,S,2,90.1,1930,13,30,8,25,67,-124,1.5,0,1,0,90,2206,2,90,57.9,58.8,55.3,68.4,66.6,65.8,83.9,112.1,124.6,126.7,125.5,123.3,112,107.9,109.2,100.2,88.1,76.1,64.6,52.4,41,27.4,36.4,63.6,93.9,117.6,118.6,112.5,105.1,96.1,85.9,73.1,63.2,59.4,58.5,61,59.8,64.2,76,93.1,111.7,124.8,124.4,124.2,119.1,114,113.1,110.7,110.9,101.2,90.5,83.9,84.1,82.9,70.6,52.2,28.3,21.2,41.8,52.5,54.8,62.6,76.3,87.2,100.1,108.8,109.9,115.3,125.4,123.7,115.3,102.1,85.4,62,59.3,73.1,89.7,91.1,91.1,89.8,93.4,100.7,113.6,121.6,121.6,120.3,122,120.6,116.9,112.3,113.8,111.4,107,108.8,109.6,95.5,77.7,66.9,53.2,43.6,41.5,37.3,28.2,46.4,72.9,91.5,104.6,116.8,124.6,129.3,125.4,110,87.5,68.2,60.7,66,62.7,67,77.9,89.7,98.9,108.9,112.6,112.3,114.7,104,84.6,61.3,34.1,14.4,26.6,44.4,43.5,43.4,46.5,55.6,70.6,78.1,73,72.3,78.1,96.5,113.8,114.2,107.9,102.6,100.5,106.1,118.4,122,115.2,109.9,106.6,95.4,88,80.2,66.3,53.5,48.6,39.3,28.8,15.5,6.5,34.3,63.4,88,108.3,108.3,101.5,87.1,73.3,57.2,48,45,38.4,34,39.9,49,58,68.9,TT,O,,2022,1,1,4/19/2009,21.42064373,21.02168373,21.40134516,19.12337662,0,0,55.3,68.4,66.6,65.8,83.9,112.1,124.6,126.7,125.5,123.3,112,107.9,109.2,100.2,88.1,76.1,64.6,52.4,41,27.4,36.4,63.6,93.9,117.6,118.6,112.5,105.1,96.1,85.9,73.1,63.2,59.4,58.5,61,59.8,64.2,76,93.1,111.7,124.8,124.4,124.2,119.1,114,113.1,110.7,110.9,101.2,90.5,83.9,84.1,82.9,70.6,52.2,28.3,21.2,41.8,52.5,54.8,62.6,76.3,87.2,100.1,108.8,109.9,115.3,125.4,123.7,115.3,102.1,85.4,62,59.3,73.1,89.7,91.1,91.1,89.8,93.4,100.7,113.6,121.6,121.6,120.3,122,120.6,116.9,112.3,0,0,107,108.8,109.6,95.5,77.7,66.9,53.2,43.6,41.5,37.3,28.2,46.4,72.9,91.5,104.6,116.8,124.6,129.3,125.4,110,87.5,68.2,60.7,66,62.7,67,77.9,89.7,98.9,108.9,112.6,112.3,114.7,104,84.6,61.3,34.1,14.4,26.6,44.4,43.5,43.4,46.5,55.6,70.6,78.1,73,72.3,78.1,96.5,113.8,114.2,107.9,102.6,100.5,106.1,118.4,122,115.2,109.9,106.6,95.4,88,80.2,66.3,53.5,48.6,39.3,28.8,15.5,6.5,34.3,63.4,88,108.3,108.3,101.5,87.1,73.3,57.2,48,45,38.4,34,39.9,49,58,68.9,7897.2,6686.8,89.74090909,75.98636364,55,115,3,3
2,1,A,W,2,90.1,1886,27,27,25,31,44,-3,1.5,0,1,0,90,2206,2,90,114.2,106.9,100.8,117,118,108.3,91.5,65.8,42.3,39.3,54.3,73.2,70.4,61.3,47.1,31.1,26.6,43.2,58.9,69.6,80.1,87.9,101,113.5,116.9,119.4,122.8,121.6,114.8,109.3,108.5,102,95.1,90,78.5,58.4,45.9,53.6,42.6,23.7,17.9,37,60.8,86,107.5,114.5,110.8,105.8,92.9,77.1,62.9,41.1,18.1,20.7,39.3,46.3,45.6,54.3,68.5,83.3,91.7,89.1,77,62,44.3,31.4,29,41.6,43.4,26.6,13.3,27.9,55.4,81.4,105.7,124,122.6,113.3,104.1,93.6,94.5,104.6,102.1,98.6,98,90.1,79.7,63.8,47.3,24.9,47.9,42.8,44.7,62.2,55,41.9,27,24.7,49.6,77.7,105.5,126.6,126,121.8,118.5,112.7,110.6,118.2,118.8,110.9,102.9,88.1,77.2,67,51.9,39.9,36.7,40.1,45.1,61.1,75.1,83.2,93.2,102.5,105.7,103.7,112.9,129.4,123.5,109.3,91.6,74.8,61,53.7,53,44,30.2,20.6,6.6,9.8,27.6,50.9,77.1,102.1,123.1,124.7,116.1,109.3,102.9,101,91.5,79,65.2,50.8,47.3,57,83,107,117.9,104,84,59.1,34.4,24.6,36.5,51.8,49.5,36.4,31.2,34.3,51.2,72.6,83.1,86.4,75.3,61.9,53.5,45.9,47.8,62.6,TT,O,,2022,2,1,4/19/2009,20.93229745,21.02168373,21.40134516,19.12337662,0,0,0,0,118,108.3,91.5,65.8,42.3,39.3,54.3,73.2,70.4,61.3,47.1,31.1,26.6,43.2,58.9,69.6,80.1,87.9,101,113.5,116.9,119.4,122.8,121.6,114.8,109.3,108.5,102,95.1,90,78.5,58.4,45.9,53.6,42.6,23.7,17.9,37,60.8,86,107.5,114.5,110.8,105.8,92.9,77.1,62.9,41.1,18.1,20.7,39.3,46.3,45.6,54.3,68.5,83.3,91.7,89.1,77,62,44.3,31.4,29,41.6,43.4,26.6,13.3,27.9,55.4,81.4,105.7,124,122.6,113.3,104.1,93.6,94.5,104.6,102.1,98.6,98,90.1,79.7,63.8,47.3,24.9,0,0,0,0,55,41.9,27,24.7,49.6,77.7,105.5,126.6,126,121.8,118.5,112.7,110.6,118.2,118.8,110.9,102.9,88.1,77.2,67,51.9,39.9,36.7,40.1,45.1,61.1,75.1,83.2,93.2,102.5,105.7,103.7,112.9,129.4,123.5,109.3,91.6,74.8,61,53.7,53,44,30.2,20.6,6.6,9.8,27.6,50.9,77.1,102.1,123.1,124.7,116.1,109.3,102.9,101,91.5,79,65.2,50.8,47.3,57,83,107,117.9,104,84,59.1,34.4,24.6,36.5,51.8,49.5,36.4,31.2,34.3,51.2,72.6,83.1,86.4,75.3,61.9,53.5,45.9,47.8,62.6,6257.9,6358.9,72.76627907,73.94069767,115,55,5,5
3,1,A,E,2,36.2,752,36,20,55,30,15,-25,1.5,2,1,0,90,2206,2,36,67.8,60.4,53.5,28,11.4,28.9,56,79.9,98.5,100,94.1,83.7,69.9,61.1,59.8,62.9,67.5,65,54.8,38.8,32.7,19.3,13.1,23.3,42.7,63.6,84.5,94.8,95,87.6,70.6,49.8,31.4,26.5,22.4,7.1,0,0,0,0,0,0,0,0,0,0,0,0,0,0,0,0,0,0,0,0,0,0,0,0,0,0,0,0,0,0,0,0,0,0,0,0,0,0,0,0,0,0,0,0,0,0,0,0,0,0,0,0,0,0,126.3,122.7,121.4,102,78.5,63,57.2,66.3,82.3,86.2,68.5,57,40.1,28.1,35.9,60.2,78.1,91.6,100.9,105.4,114.7,105.1,89.2,71.4,49.5,25.2,7.7,20.4,27.4,31.4,36.7,51.4,73.7,96.2,105.9,93.3,0,0,0,0,0,0,0,0,0,0,0,0,0,0,0,0,0,0,0,0,0,0,0,0,0,0,0,0,0,0,0,0,0,0,0,0,0,0,0,0,0,0,0,0,0,0,0,0,0,0,0,0,0,0,TT,O,,2022,3,1,4/19/2009,20.77348066,21.02168373,21.40134516,19.12337662,0,0,53.5,28,11.4,28.9,56,79.9,98.5,100,94.1,83.7,69.9,61.1,59.8,62.9,67.5,65,54.8,38.8,32.7,19.3,13.1,23.3,42.7,63.6,84.5,94.8,95,87.6,70.6,49.8,31.4,26.5,22.4,7.1,0,0,0,0,0,0,0,0,0,0,0,0,0,0,0,0,0,0,0,0,0,0,0,0,0,0,0,0,0,0,0,0,0,0,0,0,0,0,0,0,0,0,0,0,0,0,0,0,0,0,0,0,0,0,0,0,121.4,102,78.5,63,57.2,66.3,82.3,86.2,68.5,57,40.1,28.1,35.9,60.2,78.1,91.6,100.9,105.4,114.7,105.1,89.2,71.4,49.5,25.2,7.7,20.4,27.4,31.4,36.7,51.4,73.7,96.2,105.9,93.3,0,0,0,0,0,0,0,0,0,0,0,0,0,0,0,0,0,0,0,0,0,0,0,0,0,0,0,0,0,0,0,0,0,0,0,0,0,0,0,0,0,0,0,0,0,0,0,0,0,0,0,0,0,0,1878.2,2321.9,55.24117647,68.29117647,55,115,3,3
1,2,A,W,2,20.8,448,23,34,14,41,45,53,1.5,2,0,0,90,2206,2,20,112,105.7,100.9,99.6,102.6,112,111.6,117.3,126.4,115,114,113.8,102.5,79.7,63.4,57.8,54.9,46.7,21.3,7.9,0,0,0,0,0,0,0,0,0,0,0,0,0,0,0,0,0,0,0,0,0,0,0,0,0,0,0,0,0,0,0,0,0,0,0,0,0,0,0,0,0,0,0,0,0,0,0,0,0,0,0,0,0,0,0,0,0,0,0,0,0,0,0,0,0,0,0,0,0,0,53.7,66.9,81.5,81.8,67.9,57.2,42,33.5,40,29.9,40.5,47.5,51.6,60.9,80.3,107.2,124.1,121.5,101.6,91,0,0,0,0,0,0,0,0,0,0,0,0,0,0,0,0,0,0,0,0,0,0,0,0,0,0,0,0,0,0,0,0,0,0,0,0,0,0,0,0,0,0,0,0,0,0,0,0,0,0,0,0,0,0,0,0,0,0,0,0,0,0,0,0,0,0,0,0,0,0,TT,O,,2022,4,1,4/20/2009,21.53846154,21.02168373,21.40134516,19.12337662,0,0,0,0,102.6,112,111.6,117.3,126.4,115,114,113.8,102.5,79.7,63.4,57.8,54.9,46.7,21.3,7.9,0,0,0,0,0,0,0,0,0,0,0,0,0,0,0,0,0,0,0,0,0,0,0,0,0,0,0,0,0,0,0,0,0,0,0,0,0,0,0,0,0,0,0,0,0,0,0,0,0,0,0,0,0,0,0,0,0,0,0,0,0,0,0,0,0,0,0,0,0,0,0,0,0,0,67.9,57.2,42,33.5,40,29.9,40.5,47.5,51.6,60.9,80.3,107.2,124.1,121.5,101.6,91,0,0,0,0,0,0,0,0,0,0,0,0,0,0,0,0,0,0,0,0,0,0,0,0,0,0,0,0,0,0,0,0,0,0,0,0,0,0,0,0,0,0,0,0,0,0,0,0,0,0,0,0,0,0,0,0,0,0,0,0,0,0,0,0,0,0,0,0,0,0,1346.9,1096.7,84.18125,68.54375,115,55,5,5
2,2,A,S,2,90.1,2013,25,19,34,34,32,-83,1.5,2,2,0,90,2206,2,90,58.7,59.3,65.7,82.7,105.4,119.7,109.2,97.9,89.6,85.9,77.3,61.8,38.5,17.5,19.7,43.2,53.6,55.1,64.3,80.7,95.3,93,83.4,58,28.9,22.7,34.6,35,25.2,30.1,54,64.5,56.8,33.4,38.9,55.1,63.3,63.5,56.4,45.3,55.8,68.8,78.5,80.4,74.9,62.8,72.7,74,71,55.4,38.3,46,57.6,62.6,75.4,87.6,87.6,85.2,90.2,114.5,114.3,109.6,98.2,90.2,80.6,78.6,75.4,65.5,52.8,45.1,46.7,51.3,60.1,71.8,82.1,92.9,102.2,108.8,111.4,104.2,100,91.4,79.2,67.6,57.6,49.7,40.2,33.9,39.9,57.8,114.4,100.3,82.6,64.5,57.6,57.5,38.9,15.4,19.9,41.4,59.1,79,81.1,76.1,91.9,113.3,114.2,97.3,77.6,59.9,44.9,33,29.6,36.5,58.9,80.5,104.6,115.5,110.8,95.3,85.6,69.8,63.9,66.8,54.5,39.5,37.5,54.6,73.1,96.7,110.8,108,101.9,83.1,64,62.3,68.8,59.7,60.8,69.1,63.9,47.6,31.1,28.9,36.7,32.9,24,7.2,19.6,42.6,36.4,32.4,33.2,48,67.5,90,107,112.6,121,128.5,132.4,132.1,130.3,126.9,118.4,106.7,92.4,81.9,77.2,76.9,79.8,85.6,90.4,100.8,112.4,122.5,124,119.8,117,116.6,TT,O,,2022,5,1,4/20/2009,22.3418424,21.02168373,21.40134516,19.12337662,0,0,65.7,82.7,105.4,119.7,109.2,97.9,89.6,85.9,77.3,61.8,38.5,17.5,19.7,43.2,53.6,55.1,64.3,80.7,95.3,93,83.4,58,28.9,22.7,34.6,35,25.2,30.1,54,64.5,56.8,33.4,38.9,55.1,63.3,63.5,56.4,45.3,55.8,68.8,78.5,80.4,74.9,62.8,72.7,74,71,55.4,38.3,46,57.6,62.6,75.4,87.6,87.6,85.2,90.2,114.5,114.3,109.6,98.2,90.2,80.6,78.6,75.4,65.5,52.8,45.1,46.7,51.3,60.1,71.8,82.1,92.9,102.2,108.8,111.4,104.2,100,91.4,79.2,67.6,57.6,49.7,40.2,33.9,39.9,57.8,0,0,82.6,64.5,57.6,57.5,38.9,15.4,19.9,41.4,59.1,79,81.1,76.1,91.9,113.3,114.2,97.3,77.6,59.9,44.9,33,29.6,36.5,58.9,80.5,104.6,115.5,110.8,95.3,85.6,69.8,63.9,66.8,54.5,39.5,37.5,54.6,73.1,96.7,110.8,108,101.9,83.1,64,62.3,68.8,59.7,60.8,69.1,63.9,47.6,31.1,28.9,36.7,32.9,24,7.2,19.6,42.6,36.4,32.4,33.2,48,67.5,90,107,112.6,121,128.5,132.4,132.1,130.3,126.9,118.4,106.7,92.4,81.9,77.2,76.9,79.8,85.6,90.4,100.8,112.4,122.5,124,119.8,117,116.6,6003.6,6622.6,68.22272727,75.25681818,55,115,3,3
3,2,A,N,2,30.8,589,23,25,8,44,48,6,1.5,0,0,0,90,2206,2,30,108.3,100.5,96.3,95.2,113.8,126.6,115.8,103.1,84.7,83.2,96.5,90.1,79,65.3,63.9,62,63.6,66.3,75.1,85.3,93.2,87.2,77,66.3,58.5,49.8,37.2,36.9,43,32.2,0,0,0,0,0,0,0,0,0,0,0,0,0,0,0,0,0,0,0,0,0,0,0,0,0,0,0,0,0,0,0,0,0,0,0,0,0,0,0,0,0,0,0,0,0,0,0,0,0,0,0,0,0,0,0,0,0,0,0,0,57.9,53.2,39.6,23.6,29.5,42.6,32.3,25.5,31.8,60.2,68.4,65.4,70.5,88.4,109.3,116,110.1,95,82.2,78.1,89,96.8,104.4,112.4,117.4,117.4,117.6,123,129.6,118.2,0,0,0,0,0,0,0,0,0,0,0,0,0,0,0,0,0,0,0,0,0,0,0,0,0,0,0,0,0,0,0,0,0,0,0,0,0,0,0,0,0,0,0,0,0,0,0,0,0,0,0,0,0,0,0,0,0,0,0,0,FS,O,,2022,6,1,4/20/2009,19.12337662,21.02168373,21.40134516,19.12337662,0,0,0,0,0,126.6,115.8,103.1,84.7,83.2,96.5,90.1,79,65.3,63.9,62,63.6,66.3,75.1,85.3,93.2,87.2,77,66.3,58.5,49.8,37.2,36.9,43,32.2,0,0,0,0,0,0,0,0,0,0,0,0,0,0,0,0,0,0,0,0,0,0,0,0,0,0,0,0,0,0,0,0,0,0,0,0,0,0,0,0,0,0,0,0,0,0,0,0,0,0,0,0,0,0,0,0,0,0,0,0,0,0,0,0,0,42.6,32.3,25.5,31.8,60.2,68.4,65.4,70.5,88.4,109.3,116,110.1,95,82.2,78.1,89,96.8,104.4,112.4,117.4,117.4,117.6,123,129.6,118.2,0,0,0,0,0,0,0,0,0,0,0,0,0,0,0,0,0,0,0,0,0,0,0,0,0,0,0,0,0,0,0,0,0,0,0,0,0,0,0,0,0,0,0,0,0,0,0,0,0,0,0,0,0,0,0,0,0,0,0,0,1841.8,2201.6,73.672,88.064,115,55,6,6
4,1,A,S,2,90.1,1969,27,18,0,6,94,-111,1.5,0,0,0,90,2206,3,90,60.4,67.8,91.8,107.8,119.1,125.3,126.9,124.3,118.6,111.9,102.9,92,80.4,67.9,55.5,44.4,44.8,53.4,69.4,89.9,104.7,115.4,122.6,126.5,126.8,123.9,119.2,113.1,105.7,98.2,88.7,77.7,68,62.9,59.3,38.4,25.5,39.2,41.4,47.3,55.6,66.1,76.4,84.3,92.7,99.5,106.8,113.5,118.5,119.9,120.5,121.7,123,121.5,119.8,115,108.5,102.1,93.1,88.2,80.4,71.7,60.3,49.2,46.2,48.4,48.7,42.9,41.2,49.8,65.1,87,101.6,96.4,92.8,89.9,84.5,79.3,76.9,73.1,67.8,64.2,59.6,55.9,50.8,61.9,69.2,72.4,75,74.2,115.4,109.3,98.5,83.7,67.3,51.4,41.4,45.4,61,72.9,87.8,103.1,115,123.9,129.3,129.2,128.3,120.8,111,100,87.5,73.8,58.8,46.1,40.7,45.3,59,70.1,80.8,91.6,104.9,115.4,121,118.2,121.9,110.7,110.1,125.6,127.9,132.3,133.9,131.3,126,117.7,108.5,97.9,85.7,72.3,62,54.1,47.2,39.1,36.9,40.3,47.8,56.5,68,78.9,90.4,89.3,95.6,106.3,114.3,121.8,131.5,133.7,131.5,121,109.7,99.3,89.6,90.7,97.9,95.3,95.8,105.1,110.3,115.1,117.2,119.4,123.3,124.8,127.1,122.7,120,130.4,130.8,128.9,126.9,126.2,TT,O,,2022,1,1,4/19/2009,21.85349612,16.70947108,17.16537181,14.42996743,0,0,91.8,107.8,119.1,125.3,126.9,124.3,118.6,111.9,102.9,92,80.4,67.9,55.5,44.4,44.8,53.4,69.4,89.9,104.7,115.4,122.6,126.5,126.8,123.9,119.2,113.1,105.7,98.2,88.7,77.7,68,62.9,59.3,38.4,25.5,39.2,41.4,47.3,55.6,66.1,76.4,84.3,92.7,99.5,106.8,113.5,118.5,119.9,120.5,121.7,123,121.5,119.8,115,108.5,102.1,93.1,88.2,80.4,71.7,60.3,49.2,46.2,48.4,48.7,42.9,41.2,49.8,65.1,87,101.6,96.4,92.8,89.9,84.5,79.3,76.9,73.1,67.8,64.2,59.6,55.9,50.8,61.9,69.2,72.4,75,74.2,0,0,98.5,83.7,67.3,51.4,41.4,45.4,61,72.9,87.8,103.1,115,123.9,129.3,129.2,128.3,120.8,111,100,87.5,73.8,58.8,46.1,40.7,45.3,59,70.1,80.8,91.6,104.9,115.4,121,118.2,121.9,110.7,110.1,125.6,127.9,132.3,133.9,131.3,126,117.7,108.5,97.9,85.7,72.3,62,54.1,47.2,39.1,36.9,40.3,47.8,56.5,68,78.9,90.4,89.3,95.6,106.3,114.3,121.8,131.5,133.7,131.5,121,109.7,99.3,89.6,90.7,97.9,95.3,95.8,105.1,110.3,115.1,117.2,119.4,123.3,124.8,127.1,122.7,120,130.4,130.8,128.9,126.9,126.2,7413.9,8557.7,84.24886364,97.24659091,55,115,3,3
5,1,A,W,2,90.1,1213,2,33,4,9,87,-98,1.5,0,1,0,90,2206,3,90,121.2,125.7,126.2,126.1,123.7,120.7,124.6,123.5,121.4,119.4,116.9,113.9,105.9,99.1,96,92.8,85.7,73.9,54.9,40.7,48.3,73.6,100.4,123.8,125.9,123.5,122.6,121.3,118.9,113,112.6,112.8,108.8,104.4,100.7,95.2,96.8,97.2,99,101.9,105.9,109,114.3,119.6,120.8,120.6,122.8,122.1,118.8,115.4,113.9,112.6,113,113.4,110,105.3,100.8,96.3,96.9,94.9,94.4,94.6,97.9,99.9,99.8,100.8,105,112,115.5,113.2,110.5,111.2,118.2,117.3,108.5,109,113.7,111.3,108.6,105.3,100.3,94.4,92,86.7,77.9,69.3,61.2,60,58.7,63.9,51.8,47.6,43,43,40.4,34.8,39.3,43.2,48.8,57.5,60.8,58.4,66.6,82.7,96.8,103.4,109.1,111.2,97.2,71.3,44.3,13.6,15.4,37.8,39.3,37.9,41.7,50,53.4,53.3,63.9,69.4,64.1,68.2,74.2,86.5,98.7,99.3,96.8,90.9,85.9,78.8,66.9,55.4,45.3,37.4,36.6,41.6,49.8,50.8,53.8,53.8,58,58.8,64.3,71.5,71.9,75.8,84.4,83.5,88.3,90.1,86.3,84.6,83.5,81.3,77.9,76.4,72.8,70.3,65.1,59,60,61,52.9,53.7,64.5,67.6,68.4,73.8,80.4,79.8,82.7,94,102.5,107.1,112,116,115.3,114.9,TT,O,,2022,2,1,4/19/2009,13.46281909,16.70947108,17.16537181,14.42996743,0,0,0,0,0,0,124.6,123.5,121.4,119.4,116.9,113.9,105.9,99.1,96,92.8,85.7,73.9,54.9,40.7,48.3,73.6,100.4,123.8,125.9,123.5,122.6,121.3,118.9,113,112.6,112.8,108.8,104.4,100.7,95.2,96.8,97.2,99,101.9,105.9,109,114.3,119.6,120.8,120.6,122.8,122.1,118.8,115.4,113.9,112.6,113,113.4,110,105.3,100.8,96.3,96.9,94.9,94.4,94.6,97.9,99.9,99.8,100.8,105,112,115.5,113.2,110.5,111.2,118.2,117.3,108.5,109,113.7,111.3,108.6,105.3,100.3,94.4,92,86.7,77.9,69.3,61.2,60,58.7,63.9,0,0,0,0,0,0,39.3,43.2,48.8,57.5,60.8,58.4,66.6,82.7,96.8,103.4,109.1,111.2,97.2,71.3,44.3,13.6,15.4,37.8,39.3,37.9,41.7,50,53.4,53.3,63.9,69.4,64.1,68.2,74.2,86.5,98.7,99.3,96.8,90.9,85.9,78.8,66.9,55.4,45.3,37.4,36.6,41.6,49.8,50.8,53.8,53.8,58,58.8,64.3,71.5,71.9,75.8,84.4,83.5,88.3,90.1,86.3,84.6,83.5,81.3,77.9,76.4,72.8,70.3,65.1,59,60,61,52.9,53.7,64.5,67.6,68.4,73.8,80.4,79.8,82.7,94,102.5,107.1,112,116,115.3,114.9,8606.9,5911.5,102.4630952,70.375,115,55,7,7
6,1,A,E,2,90.1,1278,9,37,0,13,87,35,1.5,0,0,0,90,2206,3,90,70.1,69,66,58,54.2,63.4,70.3,85,99.2,104.1,108.6,109.9,113.1,117.9,121.3,122.1,122.8,123.5,122.9,121.6,123.3,123.2,120.9,119.2,116.9,114.4,111.2,107.7,102.8,97.9,93.1,88.7,87.2,84.4,83.3,84.8,82.3,80.2,79.1,80.6,77.5,78.7,77.9,69,62.1,55.7,49.1,45.4,45,47.8,55.1,63.3,71.8,72.7,65.6,70.8,82.7,99.9,109,111.9,116.1,118.6,120.1,122.6,124.7,126.1,126.9,127.4,127.5,125.1,124.7,125.1,123.6,118.3,119,124,121.9,120.1,120,118.5,115.4,114.6,109.2,102.4,97.4,92.1,81.1,74.3,63.4,49.2,125.5,118,114.9,108.6,112.6,113.8,106.4,102.3,97.5,89,81.3,75.7,70.3,62.1,53,45.7,41,38.1,36.4,35.4,39.6,45.5,48.7,53.1,59.3,64.6,66.6,73.5,80.7,85.7,91.6,91.4,92.3,86.1,85.1,97.6,100.4,99.4,102.2,101.7,94.8,91.7,95.7,100.4,106.7,118.3,124.8,127.1,131.3,132.1,132.1,128.8,125.4,118.7,105.7,95.2,86.2,85.5,83.5,76,67.2,60.2,52.4,46.2,41,39.7,40.8,40.8,40.9,38.6,38.1,38.7,37.3,32.9,36.1,44.9,51.1,54.2,54.3,54.6,56.4,54,60.8,72,88.7,101.6,105,117,118,107.5,TT,O,,2022,3,1,4/19/2009,14.18423973,16.70947108,17.16537181,14.42996743,0,0,66,58,54.2,63.4,70.3,85,99.2,104.1,108.6,109.9,113.1,117.9,121.3,122.1,122.8,123.5,122.9,121.6,123.3,123.2,120.9,119.2,116.9,114.4,111.2,107.7,102.8,97.9,93.1,88.7,87.2,84.4,83.3,84.8,82.3,80.2,79.1,80.6,77.5,78.7,77.9,69,62.1,55.7,49.1,45.4,45,47.8,55.1,63.3,71.8,72.7,65.6,70.8,82.7,99.9,109,111.9,116.1,118.6,120.1,122.6,124.7,126.1,126.9,127.4,127.5,125.1,124.7,125.1,123.6,118.3,119,124,121.9,120.1,120,118.5,115.4,114.6,109.2,102.4,97.4,92.1,81.1,74.3,63.4,49.2,0,0,114.9,108.6,112.6,113.8,106.4,102.3,97.5,89,81.3,75.7,70.3,62.1,53,45.7,41,38.1,36.4,35.4,39.6,45.5,48.7,53.1,59.3,64.6,66.6,73.5,80.7,85.7,91.6,91.4,92.3,86.1,85.1,97.6,100.4,99.4,102.2,101.7,94.8,91.7,95.7,100.4,106.7,118.3,124.8,127.1,131.3,132.1,132.1,128.8,125.4,118.7,105.7,95.2,86.2,85.5,83.5,76,67.2,60.2,52.4,46.2,41,39.7,40.8,40.8,40.9,38.6,38.1,38.7,37.3,32.9,36.1,44.9,51.1,54.2,54.3,54.6,56.4,54,60.8,72,88.7,101.6,105,117,118,107.5,8525.5,6900.2,96.88068182,78.41136364,55,115,3,3
4,2,A,W,2,90.1,1726,22,31,0,9,91,-73,1.5,0,0,0,90,2206,3,90,119.5,124.5,124.4,120,115,107.8,98.2,87,77.3,67.5,58.7,52.7,45.7,41.7,44.3,45.2,49,61,79.7,86.4,96.4,107.1,113.7,119.4,123,121.8,124.9,125.5,123.3,121.2,118.1,115,112,106.2,95.5,91.5,89.4,87.5,82,69,62.8,50.9,33,28.7,42.3,50.7,62.1,72.8,83.4,95.1,102.9,110.5,116.8,123.7,126.1,127,126.3,125.7,123.5,118.5,115.4,104.6,100.9,109.5,122.8,118.9,119.7,118.3,114.4,110,105.3,101.1,96.6,93,85.5,78.9,70.7,63.7,55.9,46.9,45.3,47.7,48,57.1,69.9,76.8,78,90.1,93.8,94,43.8,38.8,45,56.8,67.3,80.2,94.1,105.2,115.8,122,126.8,123.6,124.8,127.6,129.9,126.8,122.2,116.2,108,100,92.4,83.8,74.2,64.3,55.5,45.1,40.3,39.8,43.3,52,62.4,66.3,69.3,70.5,80.8,95.7,96.3,101.4,108.3,115.3,126,126.1,116,114,123.6,123.2,114.2,101.1,91.1,82.5,72,62.5,52.2,46.8,42.8,40.8,40.1,43,44.8,42.3,41.8,37.3,23.7,23.4,39.2,35.8,41,49.9,58.3,63.9,70.2,73.3,79,86.3,91.8,97.4,102.7,109.3,115.1,125.4,131.5,131.8,126.4,126,129.4,121.5,107.3,106.5,95.2,87.6,TT,O,,2022,4,1,4/20/2009,19.15649279,16.70947108,17.16537181,14.42996743,0,0,0,0,0,0,98.2,87,77.3,67.5,58.7,52.7,45.7,41.7,44.3,45.2,49,61,79.7,86.4,96.4,107.1,113.7,119.4,123,121.8,124.9,125.5,123.3,121.2,118.1,115,112,106.2,95.5,91.5,89.4,87.5,82,69,62.8,50.9,33,28.7,42.3,50.7,62.1,72.8,83.4,95.1,102.9,110.5,116.8,123.7,126.1,127,126.3,125.7,123.5,118.5,115.4,104.6,100.9,109.5,122.8,118.9,119.7,118.3,114.4,110,105.3,101.1,96.6,93,85.5,78.9,70.7,63.7,55.9,46.9,45.3,47.7,48,57.1,69.9,76.8,78,90.1,93.8,94,0,0,0,0,0,0,94.1,105.2,115.8,122,126.8,123.6,124.8,127.6,129.9,126.8,122.2,116.2,108,100,92.4,83.8,74.2,64.3,55.5,45.1,40.3,39.8,43.3,52,62.4,66.3,69.3,70.5,80.8,95.7,96.3,101.4,108.3,115.3,126,126.1,116,114,123.6,123.2,114.2,101.1,91.1,82.5,72,62.5,52.2,46.8,42.8,40.8,40.1,43,44.8,42.3,41.8,37.3,23.7,23.4,39.2,35.8,41,49.9,58.3,63.9,70.2,73.3,79,86.3,91.8,97.4,102.7,109.3,115.1,125.4,131.5,131.8,126.4,126,129.4,121.5,107.3,106.5,95.2,87.6,7452.5,7233.1,88.7202381,86.10833333,115,55,7,7
5,2,A,S,2,90.1,1547,19,27,10,11,79,-104,1.5,0,1,0,90,2206,3,90,63.6,68.5,67.4,57.1,44.1,28.3,28.2,49.3,76.8,95.1,96.9,99.9,108.6,114.4,118.9,121.5,120.9,122.4,121.1,119,119.5,116.7,114.3,114.2,112.5,108.8,104.7,100.4,92.8,82.6,73.7,62.8,54.5,48.1,42.2,41.3,43.8,47.6,49.3,57.1,65.6,73.5,75.1,81.3,81.3,77.8,82.6,93.6,102.5,105.5,105,106.2,113.6,119.3,120.7,117.4,118.7,120.8,120.2,119.8,122.3,117.7,112.3,107.4,101.1,91.4,81.9,74.3,66.8,59.7,53.8,50.8,47.7,46.8,45.9,48.5,60.3,74.3,81.9,94,105.6,111.8,111.1,104.6,93.6,82,76.4,74.7,74.4,79.1,109.7,94.5,78.4,71.7,67.4,63.3,65.1,76.1,95,102.3,96.7,85.3,75,67.5,58.8,51.3,45.5,39,34.9,32.4,33.3,35.1,44.8,52.3,59.3,63.7,69.9,77.5,87.1,97.2,104.2,110.9,112.6,115.4,115.6,122,129.9,133.1,131.7,132.5,130.3,126.7,118,119.8,115.7,104.3,101,100.9,93.8,88.5,89.8,79.1,68.7,58,50.9,47.3,41.7,37.1,34,35.1,46,53.6,64.4,75.3,83,89.8,99.6,107.4,113.6,113.7,118.1,120.7,122.6,124.6,121.3,119.4,116.7,105.4,93.1,84.4,76.5,66.6,55.2,43.7,27.4,10.8,16.9,34,47,75.6,TT,O,,2022,5,1,4/20/2009,17.16981132,16.70947108,17.16537181,14.42996743,0,0,67.4,57.1,44.1,28.3,28.2,49.3,76.8,95.1,96.9,99.9,108.6,114.4,118.9,121.5,120.9,122.4,121.1,119,119.5,116.7,114.3,114.2,112.5,108.8,104.7,100.4,92.8,82.6,73.7,62.8,54.5,48.1,42.2,41.3,43.8,47.6,49.3,57.1,65.6,73.5,75.1,81.3,81.3,77.8,82.6,93.6,102.5,105.5,105,106.2,113.6,119.3,120.7,117.4,118.7,120.8,120.2,119.8,122.3,117.7,112.3,107.4,101.1,91.4,81.9,74.3,66.8,59.7,53.8,50.8,47.7,46.8,45.9,48.5,60.3,74.3,81.9,94,105.6,111.8,111.1,104.6,93.6,82,76.4,74.7,74.4,79.1,0,0,78.4,71.7,67.4,63.3,65.1,76.1,95,102.3,96.7,85.3,75,67.5,58.8,51.3,45.5,39,34.9,32.4,33.3,35.1,44.8,52.3,59.3,63.7,69.9,77.5,87.1,97.2,104.2,110.9,112.6,115.4,115.6,122,129.9,133.1,131.7,132.5,130.3,126.7,118,119.8,115.7,104.3,101,100.9,93.8,88.5,89.8,79.1,68.7,58,50.9,47.3,41.7,37.1,34,35.1,46,53.6,64.4,75.3,83,89.8,99.6,107.4,113.6,113.7,118.1,120.7,122.6,124.6,121.3,119.4,116.7,105.4,93.1,84.4,76.5,66.6,55.2,43.7,27.4,10.8,16.9,34,47,75.6,7629.5,7100.9,86.69886364,80.69204545,55,115,3,3
6,2,A,N,2,30.7,443,0,47,19,37,44,34,1.5,0,1,0,90,2206,3,30,114.1,114.1,110.2,107.8,104.4,90.1,74.5,79.2,93.5,109.1,121.5,116.5,109.2,101,101.1,88.3,79.4,95.2,108.8,113.9,116.6,113.2,110.9,112.8,109.7,108.1,110.9,114.7,108.4,102.4,0,0,0,0,0,0,0,0,0,0,0,0,0,0,0,0,0,0,0,0,0,0,0,0,0,0,0,0,0,0,0,0,0,0,0,0,0,0,0,0,0,0,0,0,0,0,0,0,0,0,0,0,0,0,0,0,0,0,0,0,66,66.5,58.7,51.1,44.5,38,42,22.6,16.9,30,47.3,46,42.3,30.2,24.6,7.1,14.6,38.8,49.9,55.5,60,58.8,58.7,61.3,59.2,58.8,64,62.7,50.9,46.4,0,0,0,0,0,0,0,0,0,0,0,0,0,0,0,0,0,0,0,0,0,0,0,0,0,0,0,0,0,0,0,0,0,0,0,0,0,0,0,0,0,0,0,0,0,0,0,0,0,0,0,0,0,0,0,0,0,0,0,0,FS,O,,2022,6,1,4/20/2009,14.42996743,16.70947108,17.16537181,14.42996743,0,0,0,0,0,0,0,79.2,93.5,109.1,121.5,116.5,109.2,101,101.1,88.3,79.4,95.2,108.8,113.9,116.6,113.2,110.9,112.8,109.7,108.1,110.9,114.7,108.4,102.4,0,0,0,0,0,0,0,0,0,0,0,0,0,0,0,0,0,0,0,0,0,0,0,0,0,0,0,0,0,0,0,0,0,0,0,0,0,0,0,0,0,0,0,0,0,0,0,0,0,0,0,0,0,0,0,0,0,0,0,0,0,0,0,0,0,0,0,22.6,16.9,30,47.3,46,42.3,30.2,24.6,7.1,14.6,38.8,49.9,55.5,60,58.8,58.7,61.3,59.2,58.8,64,62.7,50.9,46.4,0,0,0,0,0,0,0,0,0,0,0,0,0,0,0,0,0,0,0,0,0,0,0,0,0,0,0,0,0,0,0,0,0,0,0,0,0,0,0,0,0,0,0,0,0,0,0,0,0,0,0,0,0,0,0,0,0,0,0,0,2424.4,1006.6,105.4086957,43.76521739,115,55,8,8
13,1,A,S,2,90.1,2358,29,25,7,16,77,48,1.5,0,0,0,90,2206,11,90,48.4,40,46.3,50.2,62.4,77.4,88.8,100.5,111.2,119.2,122.8,122.4,121.7,120.6,111.1,100.7,86.3,72.3,63,48.5,44.6,54.2,64.9,78.8,88.3,103.9,113,116.7,116.8,121.4,121.9,118.7,113.6,103.5,92.7,79.3,66.4,52.6,44.3,48.1,51.1,62.1,78.7,89.9,99,104,108,116.8,117,114.3,117.7,122.4,118.2,117.8,110.5,89.9,62.2,30.4,19.6,40.1,43.2,40.7,40.4,50.4,58.9,68.1,78.5,88.3,95.1,98,91.4,81.7,71.1,61.1,50,43,39.2,35,40.2,52.1,51.8,57.4,64.2,74,78.1,81.4,79.1,88.5,104.2,122.8,112,117.2,132.6,133.4,132.1,124.8,112.7,96.1,77,59.2,46.5,37.6,38.9,52,66.4,82.5,99.4,108.4,112.5,121.2,130.7,133.8,127.7,117.9,101.1,87.4,70.7,55.8,46.4,37.3,38.8,47.3,64.2,81.9,90.7,103.2,109.3,112.1,127.6,133.5,130.5,126.6,122.6,112.1,99.3,86.9,71.8,60.3,54,37.8,31.5,36.6,35.4,35.2,34.1,28.2,41.2,68.6,100.1,126.3,129.2,125.4,108.1,88.1,60.8,29.2,17.3,45.6,74.6,92.7,103.4,113.9,122.1,128.4,128.8,128.5,125,118.5,118.4,118,108.8,105.3,104.8,107.5,103.7,94.2,80.7,67.2,56.8,56.7,TT,O,,2022,1,1,4/19/2009,26.1709212,25.78318852,25.49538178,27.22222222,0,40,46.3,50.2,62.4,77.4,88.8,100.5,111.2,119.2,122.8,122.4,121.7,120.6,111.1,100.7,86.3,72.3,63,48.5,44.6,54.2,64.9,78.8,88.3,103.9,113,116.7,116.8,121.4,121.9,118.7,113.6,103.5,92.7,79.3,66.4,52.6,44.3,48.1,51.1,62.1,78.7,89.9,99,104,108,116.8,117,114.3,117.7,122.4,118.2,117.8,110.5,89.9,62.2,30.4,19.6,40.1,43.2,40.7,40.4,50.4,58.9,68.1,78.5,88.3,95.1,98,91.4,81.7,71.1,61.1,50,43,39.2,35,40.2,52.1,51.8,57.4,64.2,74,78.1,81.4,79.1,88.5,104.2,122.8,0,117.2,132.6,133.4,132.1,124.8,112.7,96.1,77,59.2,46.5,37.6,38.9,52,66.4,82.5,99.4,108.4,112.5,121.2,130.7,133.8,127.7,117.9,101.1,87.4,70.7,55.8,46.4,37.3,38.8,47.3,64.2,81.9,90.7,103.2,109.3,112.1,127.6,133.5,130.5,126.6,122.6,112.1,99.3,86.9,71.8,60.3,54,37.8,31.5,36.6,35.4,35.2,34.1,28.2,41.2,68.6,100.1,126.3,129.2,125.4,108.1,88.1,60.8,29.2,17.3,45.6,74.6,92.7,103.4,113.9,122.1,128.4,128.8,128.5,125,118.5,118.4,118,108.8,105.3,104.8,107.5,103.7,94.2,80.7,67.2,56.8,56.7,7206.7,7868.7,80.9741573,88.41235955,55,115,2,2
14,1,A,W,2,90.1,1978,43,9,8,19,73,43,1.5,0,0,0,90,2206,11,90,115.8,106.6,99.9,92.2,80.7,67.9,52.5,44.7,28.4,18.1,38,71.4,102.9,112.2,113.9,116.7,122.1,122.2,116.4,109.5,98,86.6,70.4,53.2,48.4,40.9,30.3,28.3,46.4,75.3,87.2,84.7,78.6,73.9,69,70.9,85.8,107.3,108.5,98.5,83.8,76.3,65.8,48.4,46.7,49.9,46.5,45.8,48.6,53.6,54.8,47.7,39.3,47.2,65.7,93.6,111.2,103.7,103.6,101.9,94,84.7,74.6,64.9,55.2,46.9,44.4,46.8,47.1,48.4,58.6,64.2,70.8,75.7,74.8,69.7,66.6,64.5,53.8,41.7,27.6,20.1,39.7,58.2,51.1,45.9,44.7,44.6,39.6,40.2,57.8,57.5,71.7,94.4,97.5,108.3,122.5,128.3,114.8,94,69.5,59.3,68.3,63.3,53,43.8,36.6,41.9,52.6,70.5,86.3,96.8,107.5,110.5,118,124.6,116.6,109.6,107.3,115.1,113.9,107.1,93.7,79,54.9,22.3,28.2,61.3,71.2,69.6,80.4,101.7,112.2,111.3,120.3,125.5,128,131.8,132.9,133.4,128.7,113.8,95.6,80.6,65.2,72,83.4,80.6,80.6,87.7,98.2,110.7,118.7,124.6,128.9,130.1,130.5,129.9,126.7,122,119,115.9,110.7,106.8,106.3,106.6,110.7,113.4,112.5,112.8,108.2,104.8,116.6,130.8,128.2,124.6,129.4,131.2,126.1,121.2,TT,O,,2022,2,1,4/19/2009,21.95338513,25.78318852,25.49538178,27.22222222,0,0,0,0,80.7,67.9,52.5,44.7,28.4,18.1,38,71.4,102.9,112.2,113.9,116.7,122.1,122.2,116.4,109.5,98,86.6,70.4,53.2,48.4,40.9,30.3,28.3,46.4,75.3,87.2,84.7,78.6,73.9,69,70.9,85.8,107.3,108.5,98.5,83.8,76.3,65.8,48.4,46.7,49.9,46.5,45.8,48.6,53.6,54.8,47.7,39.3,47.2,65.7,93.6,111.2,103.7,103.6,101.9,94,84.7,74.6,64.9,55.2,46.9,44.4,46.8,47.1,48.4,58.6,64.2,70.8,75.7,74.8,69.7,66.6,64.5,53.8,41.7,27.6,20.1,39.7,58.2,51.1,45.9,44.7,44.6,39.6,40.2,0,0,0,0,97.5,108.3,122.5,128.3,114.8,94,69.5,59.3,68.3,63.3,53,43.8,36.6,41.9,52.6,70.5,86.3,96.8,107.5,110.5,118,124.6,116.6,109.6,107.3,115.1,113.9,107.1,93.7,79,54.9,22.3,28.2,61.3,71.2,69.6,80.4,101.7,112.2,111.3,120.3,125.5,128,131.8,132.9,133.4,128.7,113.8,95.6,80.6,65.2,72,83.4,80.6,80.6,87.7,98.2,110.7,118.7,124.6,128.9,130.1,130.5,129.9,126.7,122,119,115.9,110.7,106.8,106.3,106.6,110.7,113.4,112.5,112.8,108.2,104.8,116.6,130.8,128.2,124.6,129.4,131.2,126.1,121.2,5753,8639.5,66.89534884,100.4593023,115,55,5,5
15,1,A,E,2,90.1,2293,41,22,19,36,45,62,1.5,0,1,0,90,2206,11,90,65.5,61.2,57.7,64,84.8,112.5,124.6,116.6,107.5,92.9,68.3,43.8,47.1,49.5,37.8,33.4,48.8,53,59.9,78.4,92.3,99.3,103.7,108.2,110.6,111.4,108.2,96.9,90.4,84.3,62.7,50.3,51,49,42.9,28,27.1,50.4,80.4,104.1,94.3,72.7,45.3,32.2,42.9,42.5,46.4,51.3,39.4,36.8,54.1,82,112,123.3,119.1,117.6,118.1,108.9,101.6,93.6,83.8,72.4,65.4,54.7,50.6,45.7,28.4,19.1,32.6,59.2,70.6,64.5,52.7,42.2,26.3,36.4,47.7,43,42.3,29.2,30.8,34,31.1,45.4,61.2,68.1,57.5,51.1,46.2,47.2,123.7,109.4,90,63.4,35.8,32.4,39.2,30.9,21.1,9.6,27.3,66.9,107.4,120.5,116.8,119,129.8,126.2,115.6,107.7,98.4,82.9,66,50.6,30.4,25.7,33.3,45.2,69.1,93.7,102,111.7,122.7,117.4,105.5,86.6,62.3,51.9,68.9,92.1,87.4,82,90.9,110.5,128.9,126.4,118.4,101.3,93.7,74.3,51.6,33.4,37.6,39.7,33.2,40.1,54,59,74.4,93.5,109.1,119.1,126.3,128.1,132,131.8,112.2,95.6,77.8,59.6,39.7,28.1,35.9,58.5,85.2,115.3,130.2,127.1,127.9,114.5,116.9,116.3,102.4,102.5,107.3,115,113.4,116.1,130.2,132.3,TT,O,,2022,3,1,4/19/2009,25.44950055,25.78318852,25.49538178,27.22222222,0,61.2,57.7,64,84.8,112.5,124.6,116.6,107.5,92.9,68.3,43.8,47.1,49.5,37.8,33.4,48.8,53,59.9,78.4,92.3,99.3,103.7,108.2,110.6,111.4,108.2,96.9,90.4,84.3,62.7,50.3,51,49,42.9,28,27.1,50.4,80.4,104.1,94.3,72.7,45.3,32.2,42.9,42.5,46.4,51.3,39.4,36.8,54.1,82,112,123.3,119.1,117.6,118.1,108.9,101.6,93.6,83.8,72.4,65.4,54.7,50.6,45.7,28.4,19.1,32.6,59.2,70.6,64.5,52.7,42.2,26.3,36.4,47.7,43,42.3,29.2,30.8,34,31.1,45.4,61.2,68.1,57.5,51.1,46.2,47.2,0,109.4,90,63.4,35.8,32.4,39.2,30.9,21.1,9.6,27.3,66.9,107.4,120.5,116.8,119,129.8,126.2,115.6,107.7,98.4,82.9,66,50.6,30.4,25.7,33.3,45.2,69.1,93.7,102,111.7,122.7,117.4,105.5,86.6,62.3,51.9,68.9,92.1,87.4,82,90.9,110.5,128.9,126.4,118.4,101.3,93.7,74.3,51.6,33.4,37.6,39.7,33.2,40.1,54,59,74.4,93.5,109.1,119.1,126.3,128.1,132,131.8,112.2,95.6,77.8,59.6,39.7,28.1,35.9,58.5,85.2,115.3,130.2,127.1,127.9,114.5,116.9,116.3,102.4,102.5,107.3,115,113.4,116.1,130.2,132.3,5866.5,7622.1,65.91573034,85.64157303,55,115,2,2
13,2,A,W,2,23.6,622,24,27,25,42,33,35,1.5,3,0,0,90,2206,11,23,112.9,90.1,42.1,15.7,40.7,73.1,78.5,72,70.5,79.4,99,117.3,122.6,120.4,111.9,99.1,85.7,80.2,77.5,57.6,39,17.4,8.7,0,0,0,0,0,0,0,0,0,0,0,0,0,0,0,0,0,0,0,0,0,0,0,0,0,0,0,0,0,0,0,0,0,0,0,0,0,0,0,0,0,0,0,0,0,0,0,0,0,0,0,0,0,0,0,0,0,0,0,0,0,0,0,0,0,0,0,53.1,57.1,63.7,77.5,101.8,122.6,114.5,95.1,69.4,38.9,20.6,30.8,36.5,38.5,43,52.9,68.6,89,104.2,108.1,102.1,95.6,94.3,0,0,0,0,0,0,0,0,0,0,0,0,0,0,0,0,0,0,0,0,0,0,0,0,0,0,0,0,0,0,0,0,0,0,0,0,0,0,0,0,0,0,0,0,0,0,0,0,0,0,0,0,0,0,0,0,0,0,0,0,0,0,0,0,0,0,0,TT,O,,2022,4,1,4/20/2009,26.3559322,25.78318852,25.49538178,27.22222222,0,0,0,0,40.7,73.1,78.5,72,70.5,79.4,99,117.3,122.6,120.4,111.9,99.1,85.7,80.2,77.5,57.6,39,17.4,8.7,0,0,0,0,0,0,0,0,0,0,0,0,0,0,0,0,0,0,0,0,0,0,0,0,0,0,0,0,0,0,0,0,0,0,0,0,0,0,0,0,0,0,0,0,0,0,0,0,0,0,0,0,0,0,0,0,0,0,0,0,0,0,0,0,0,0,0,0,0,0,0,101.8,122.6,114.5,95.1,69.4,38.9,20.6,30.8,36.5,38.5,43,52.9,68.6,89,104.2,108.1,102.1,95.6,94.3,0,0,0,0,0,0,0,0,0,0,0,0,0,0,0,0,0,0,0,0,0,0,0,0,0,0,0,0,0,0,0,0,0,0,0,0,0,0,0,0,0,0,0,0,0,0,0,0,0,0,0,0,0,0,0,0,0,0,0,0,0,0,0,0,0,0,0,1450.6,1426.5,76.34736842,75.07894737,115,55,5,5
14,2,A,S,2,90.1,2482,30,26,21,35,44,-75,1.5,0,2,0,90,2206,11,90,61.3,58.9,75.8,97.9,114.9,117.9,113,97.4,73.2,43.8,23.1,37.3,46.5,51.8,60,73.4,79.6,88.1,97.3,102.7,103.5,105.7,108.2,99.1,84.2,72.8,58.6,46.6,38.6,47.4,52,56,69.7,73.3,83.8,87.9,77.2,65.4,43.8,43.7,45.5,54.8,70.7,90.1,100.1,105.1,112.3,109.8,105.4,103.6,116.3,119.3,110.5,100.1,79.5,61.9,57.8,48.9,41.5,48.5,51.5,43.5,41.8,57.8,79.8,90,91.1,81,59.1,35.4,19.7,38.6,50.2,48,43.6,34.7,27.7,14.4,46.8,61.4,55.5,54.9,66.1,90.9,108.6,116.4,113.8,97.4,75.6,60.6,105.4,74,37.6,15.9,38.1,56.1,62.3,71.2,80.6,86.6,101.9,122.2,125,113.3,109.5,99.4,83.3,60.5,38.6,20.4,24.9,50.1,64.4,76.3,89.3,107.5,117,124.2,124.5,126,120.1,115.1,108.5,98.8,96.1,97.2,97.4,99,113.7,129.3,127.6,121.7,113.9,107.8,96.3,83.6,71.9,62.3,43.2,20.9,35.8,45.4,41.2,49.5,64.3,87.6,113.6,122.5,126.6,132.8,129.8,110.6,85.6,60.5,38.2,32.1,18.2,9.5,29.1,52.7,85.9,114.5,117.8,99.6,76.2,59.7,60.5,82.1,119.6,126.1,106.7,82.1,53.4,37,37.2,35.9,27.6,20.2,36.7,68.4,TT,O,,2022,5,1,4/20/2009,27.54716981,25.78318852,25.49538178,27.22222222,0,58.9,75.8,97.9,114.9,117.9,113,97.4,73.2,43.8,23.1,37.3,46.5,51.8,60,73.4,79.6,88.1,97.3,102.7,103.5,105.7,108.2,99.1,84.2,72.8,58.6,46.6,38.6,47.4,52,56,69.7,73.3,83.8,87.9,77.2,65.4,43.8,43.7,45.5,54.8,70.7,90.1,100.1,105.1,112.3,109.8,105.4,103.6,116.3,119.3,110.5,100.1,79.5,61.9,57.8,48.9,41.5,48.5,51.5,43.5,41.8,57.8,79.8,90,91.1,81,59.1,35.4,19.7,38.6,50.2,48,43.6,34.7,27.7,14.4,46.8,61.4,55.5,54.9,66.1,90.9,108.6,116.4,113.8,97.4,75.6,60.6,0,74,37.6,15.9,38.1,56.1,62.3,71.2,80.6,86.6,101.9,122.2,125,113.3,109.5,99.4,83.3,60.5,38.6,20.4,24.9,50.1,64.4,76.3,89.3,107.5,117,124.2,124.5,126,120.1,115.1,108.5,98.8,96.1,97.2,97.4,99,113.7,129.3,127.6,121.7,113.9,107.8,96.3,83.6,71.9,62.3,43.2,20.9,35.8,45.4,41.2,49.5,64.3,87.6,113.6,122.5,126.6,132.8,129.8,110.6,85.6,60.5,38.2,32.1,18.2,9.5,29.1,52.7,85.9,114.5,117.8,99.6,76.2,59.7,60.5,82.1,119.6,126.1,106.7,82.1,53.4,37,37.2,35.9,27.6,20.2,36.7,68.4,6407.7,7057.9,71.99662921,79.30224719,55,115,2,2
15,2,A,N,2,30.6,833,29,25,23,57,20,-37,1.5,1,1,0,90,2206,11,30,108.1,98.2,75.1,44.8,13.3,21.8,41.4,43.5,46.3,61.8,85.6,100.9,106.1,106.5,121.1,122.9,112,94.2,70.4,48.6,43.8,44.9,27,18.8,44.2,73.9,88.8,81.6,77.7,67.9,0,0,0,0,0,0,0,0,0,0,0,0,0,0,0,0,0,0,0,0,0,0,0,0,0,0,0,0,0,0,0,0,0,0,0,0,0,0,0,0,0,0,0,0,0,0,0,0,0,0,0,0,0,0,0,0,0,0,0,0,64.2,61.1,57.8,61.3,76.8,101.3,120.9,114.7,101,84.2,70.1,53.4,34.7,21.5,36.9,37.7,26.6,12.2,31.5,67.7,104.8,121.8,110,99,96,105.6,106.7,87.6,73.5,48.4,0,0,0,0,0,0,0,0,0,0,0,0,0,0,0,0,0,0,0,0,0,0,0,0,0,0,0,0,0,0,0,0,0,0,0,0,0,0,0,0,0,0,0,0,0,0,0,0,0,0,0,0,0,0,0,0,0,0,0,0,FS,O,,2022,6,1,4/20/2009,27.22222222,25.78318852,25.49538178,27.22222222,0,0,0,44.8,13.3,21.8,41.4,43.5,46.3,61.8,85.6,100.9,106.1,106.5,121.1,122.9,112,94.2,70.4,48.6,43.8,44.9,27,18.8,44.2,73.9,88.8,81.6,77.7,67.9,0,0,0,0,0,0,0,0,0,0,0,0,0,0,0,0,0,0,0,0,0,0,0,0,0,0,0,0,0,0,0,0,0,0,0,0,0,0,0,0,0,0,0,0,0,0,0,0,0,0,0,0,0,0,0,0,0,0,0,0,0,0,0,61.3,76.8,101.3,120.9,114.7,101,84.2,70.1,53.4,34.7,21.5,36.9,37.7,26.6,12.2,31.5,67.7,104.8,121.8,110,99,96,105.6,106.7,87.6,73.5,48.4,0,0,0,0,0,0,0,0,0,0,0,0,0,0,0,0,0,0,0,0,0,0,0,0,0,0,0,0,0,0,0,0,0,0,0,0,0,0,0,0,0,0,0,0,0,0,0,0,0,0,0,0,0,0,0,0,0,0,0,0,1809.8,2005.9,67.02962963,74.29259259,115,55,4,4
16,1,A,S,2,90.1,2160,12,24,5,8,87,54,1.5,0,1,0,90,2206,12,90,57.5,48.9,46.3,56.8,72.6,83.3,91.4,91.4,92.8,101.1,117.6,122.6,123.7,120,112.8,102,88.8,69.2,53.7,44.8,51.1,63.2,72.3,67.8,65.9,67.3,71.1,88.9,99.5,108.5,109.9,104.3,100.4,99,91.1,84.8,75.4,67.3,51.6,36.2,27.5,44.7,71.3,95.7,115.2,126.8,125.2,119.9,115.3,109,100.4,91.4,92.2,90.1,87.1,81,75.3,79.2,97.7,116.5,123,121.9,114.5,111.6,103.4,95.2,85.7,73.3,65.6,61.5,59.3,60.5,65.2,71.8,88.6,100.6,111.3,120.2,123.6,125.7,122.7,118.6,111.7,102.7,96.3,96.6,101.8,102.7,110.1,114.5,111.7,120.1,131.8,132.4,128.8,119.4,110.3,107.7,93.7,68.9,51,40.6,39.5,49.7,68.2,81.9,94.3,111.8,121.4,127.4,133.5,131.6,129.3,124.5,125.5,124.6,114.3,109.3,95.5,83,79.4,81.8,89,95.3,93.7,100.9,117.1,122,123.8,121.2,99.7,75.1,52.8,35.8,32.8,40.7,43.1,50.2,65.3,72.4,84.1,101.9,109,99.3,88.6,74,44.9,13.9,25,50.5,57.4,53.5,56.1,69.2,80.8,88.7,96.2,110.1,113.7,113.8,112.4,112.2,114.2,108.2,99.3,86.6,73.3,59.7,45.6,39.7,43.7,58.2,69.2,80.5,94.5,99.1,95.3,85.5,77.8,69,TT,O,,2022,1,1,4/19/2009,23.97336293,26.55255582,26.0867512,28.88157895,0,48.9,46.3,56.8,72.6,83.3,91.4,91.4,92.8,101.1,117.6,122.6,123.7,120,112.8,102,88.8,69.2,53.7,44.8,51.1,63.2,72.3,67.8,65.9,67.3,71.1,88.9,99.5,108.5,109.9,104.3,100.4,99,91.1,84.8,75.4,67.3,51.6,36.2,27.5,44.7,71.3,95.7,115.2,126.8,125.2,119.9,115.3,109,100.4,91.4,92.2,90.1,87.1,81,75.3,79.2,97.7,116.5,123,121.9,114.5,111.6,103.4,95.2,85.7,73.3,65.6,61.5,59.3,60.5,65.2,71.8,88.6,100.6,111.3,120.2,123.6,125.7,122.7,118.6,111.7,102.7,96.3,96.6,101.8,102.7,110.1,114.5,0,120.1,131.8,132.4,128.8,119.4,110.3,107.7,93.7,68.9,51,40.6,39.5,49.7,68.2,81.9,94.3,111.8,121.4,127.4,133.5,131.6,129.3,124.5,125.5,124.6,114.3,109.3,95.5,83,79.4,81.8,89,95.3,93.7,100.9,117.1,122,123.8,121.2,99.7,75.1,52.8,35.8,32.8,40.7,43.1,50.2,65.3,72.4,84.1,101.9,109,99.3,88.6,74,44.9,13.9,25,50.5,57.4,53.5,56.1,69.2,80.8,88.7,96.2,110.1,113.7,113.8,112.4,112.2,114.2,108.2,99.3,86.6,73.3,59.7,45.6,39.7,43.7,58.2,69.2,80.5,94.5,99.1,95.3,85.5,77.8,69,8037.1,7716.8,90.30449438,86.70561798,55,115,2,2
17,1,A,W,2,90.1,2270,21,25,5,28,67,-1,1.5,0,0,0,90,2206,12,90,117,104,92.3,66.3,41.5,44.7,54.2,57.3,73.1,91.9,104.5,114.8,121.4,120.2,122.4,115.5,111.1,105,89.5,81.5,80.4,73.5,59.7,35.4,23.4,25.9,57.8,104.5,117.7,118.2,122,122,121.1,116.6,109.8,99.3,86.7,78.6,65.2,51.8,43.6,39,50.1,69.3,85,98.3,105,115.4,121,122.2,120.1,115.9,108.8,106.9,98.1,86.3,69.8,61.6,59.3,45.6,40.8,54.9,70.8,81.6,83,92.1,102,109.5,113.9,117.4,119.9,120.5,116.4,107.8,97.2,87.4,80,70.6,60.1,49.4,45,47.2,49.3,57.4,74.3,77,79,91.7,102.1,109.1,52,43.6,36.9,44.1,73.1,106.9,120.3,112.3,102.7,96.2,81.4,64.5,50,35.7,39.4,46.4,62.7,73.1,79.5,102.6,114,115.9,115.8,98.7,86.3,62.1,52.4,65.9,65.6,52.1,41.6,35.9,42.4,53.6,61.7,75.6,92.8,112.7,119.2,126,128.5,123.8,120.5,107.2,99.2,90,74.5,61.5,48.1,37.7,36.6,44.1,55.9,66.5,77.7,85.9,97.6,117.5,126.7,117.7,106.1,109.2,117.2,115.8,98.7,84.7,68,57.2,45.4,33.9,36,45.4,59.9,70.3,88.3,99.6,102.8,105.4,116.7,122.8,129,132.6,128.3,122.2,124.3,114.4,98.8,87.9,74.2,61,TT,O,,2022,2,1,4/19/2009,25.19422863,26.55255582,26.0867512,28.88157895,0,0,0,66.3,41.5,44.7,54.2,57.3,73.1,91.9,104.5,114.8,121.4,120.2,122.4,115.5,111.1,105,89.5,81.5,80.4,73.5,59.7,35.4,23.4,25.9,57.8,104.5,117.7,118.2,122,122,121.1,116.6,109.8,99.3,86.7,78.6,65.2,51.8,43.6,39,50.1,69.3,85,98.3,105,115.4,121,122.2,120.1,115.9,108.8,106.9,98.1,86.3,69.8,61.6,59.3,45.6,40.8,54.9,70.8,81.6,83,92.1,102,109.5,113.9,117.4,119.9,120.5,116.4,107.8,97.2,87.4,80,70.6,60.1,49.4,45,47.2,49.3,57.4,74.3,77,79,91.7,102.1,109.1,0,0,0,44.1,73.1,106.9,120.3,112.3,102.7,96.2,81.4,64.5,50,35.7,39.4,46.4,62.7,73.1,79.5,102.6,114,115.9,115.8,98.7,86.3,62.1,52.4,65.9,65.6,52.1,41.6,35.9,42.4,53.6,61.7,75.6,92.8,112.7,119.2,126,128.5,123.8,120.5,107.2,99.2,90,74.5,61.5,48.1,37.7,36.6,44.1,55.9,66.5,77.7,85.9,97.6,117.5,126.7,117.7,106.1,109.2,117.2,115.8,98.7,84.7,68,57.2,45.4,33.9,36,45.4,59.9,70.3,88.3,99.6,102.8,105.4,116.7,122.8,129,132.6,128.3,122.2,124.3,114.4,98.8,87.9,74.2,61,7413.2,7354.5,85.2091954,84.53448276,115,55,4,4
18,1,A,E,2,59,1455,30,13,19,41,40,-41,1.5,1,0,0,90,2206,12,58,65.4,50.6,25.9,37.1,64.8,84.8,106.4,106.8,98.4,82.4,60.2,46.5,42.5,40.6,50.6,61.5,72.6,81,80.8,82.6,87.1,94.7,103.2,106.9,101.4,94.3,95.3,87.8,81,58.3,44.1,43,40.1,43.2,50.7,52.6,58.9,75.6,89,93.2,97.8,98.8,88.4,81.6,63.7,46.2,34.7,41.4,39.8,41.7,55.1,79.8,92.4,86.9,78.9,71.9,56.2,33.9,0,0,0,0,0,0,0,0,0,0,0,0,0,0,0,0,0,0,0,0,0,0,0,0,0,0,0,0,0,0,0,0,125.2,117.3,85.3,52.3,24.6,25,57.4,72.2,70.1,73,87.5,108,125.3,126,127.5,123.5,116,102.8,85.4,64.3,49,32.8,19.7,26,37.5,53.6,80.2,95.2,100.9,110.5,119.1,128,124.4,116.6,105.1,86.5,67.7,57.8,68.2,74.1,89.5,94.1,94.1,94.7,96.4,103.8,113.4,127.6,120.4,102.4,91.8,94.3,87.1,69.2,51.4,44.8,50.5,64.1,0,0,0,0,0,0,0,0,0,0,0,0,0,0,0,0,0,0,0,0,0,0,0,0,0,0,0,0,0,0,0,0,TT,O,,2022,3,1,4/19/2009,24.66101695,26.55255582,26.0867512,28.88157895,0,50.6,25.9,37.1,64.8,84.8,106.4,106.8,98.4,82.4,60.2,46.5,42.5,40.6,50.6,61.5,72.6,81,80.8,82.6,87.1,94.7,103.2,106.9,101.4,94.3,95.3,87.8,81,58.3,44.1,43,40.1,43.2,50.7,52.6,58.9,75.6,89,93.2,97.8,98.8,88.4,81.6,63.7,46.2,34.7,41.4,39.8,41.7,55.1,79.8,92.4,86.9,78.9,71.9,56.2,33.9,0,0,0,0,0,0,0,0,0,0,0,0,0,0,0,0,0,0,0,0,0,0,0,0,0,0,0,0,0,0,0,0,0,117.3,85.3,52.3,24.6,25,57.4,72.2,70.1,73,87.5,108,125.3,126,127.5,123.5,116,102.8,85.4,64.3,49,32.8,19.7,26,37.5,53.6,80.2,95.2,100.9,110.5,119.1,128,124.4,116.6,105.1,86.5,67.7,57.8,68.2,74.1,89.5,94.1,94.1,94.7,96.4,103.8,113.4,127.6,120.4,102.4,91.8,94.3,87.1,69.2,51.4,44.8,50.5,64.1,0,0,0,0,0,0,0,0,0,0,0,0,0,0,0,0,0,0,0,0,0,0,0,0,0,0,0,0,0,0,0,0,3965.7,4786,69.57368421,83.96491228,55,115,2,2
16,2,A,W,2,90.1,2618,23,29,2,38,60,-50,1.5,0,1,0,90,2206,12,90,116.4,100.2,66.9,30.6,45.2,44.5,34.6,58.6,81.1,100.7,113.9,118.5,119.4,120.5,113.1,107.3,96.6,83.9,73.2,52.2,37.1,40.8,35.6,43.2,62,83.3,88.6,97.3,114.8,121.6,119.3,119.6,109.1,101.1,90.1,77.2,71.8,54.6,35.9,33.8,47.9,65.1,77.5,96,108.1,104.5,104.9,100.8,106.7,115.5,115.7,110.9,104.4,99,89.3,77.6,63.2,44.8,39,44.1,49.3,59.5,77.8,98,110.1,113.1,109.7,106,108.5,114.5,112.2,97.8,83,73.1,66.2,56.4,33.5,17.3,30.1,57.8,86.9,97.4,109.8,118.5,120.7,116.5,111.7,108.8,97.2,80.9,40.8,17.2,21.7,71.9,119.4,126.8,117.6,114.1,98.5,83.1,64.8,45.2,33.9,41.9,53.6,68.8,86.4,104.2,118.6,119.4,121.2,127.3,115.4,94.8,89.7,98.8,88.3,68.5,55.4,41.8,34.3,45,52,68.9,85.5,102.4,121,120.7,118.8,116.4,110.5,111.4,97.3,87.5,82.1,76.3,62.5,39.3,23.9,32.9,44.6,53.3,71.3,89.6,104.3,115.8,123.2,120.7,124.9,127.3,119.8,107.2,95.3,87,75.6,62.5,39.9,21.6,29.8,50.7,57.5,66.8,85.1,103.6,120.2,126.2,113.7,102,96.1,97.5,94.5,80.6,69.1,55.7,41.4,30.6,32.4,38.9,49.1,62,TT,O,,2022,4,1,4/20/2009,29.05660377,26.55255582,26.0867512,28.88157895,0,0,0,30.6,45.2,44.5,34.6,58.6,81.1,100.7,113.9,118.5,119.4,120.5,113.1,107.3,96.6,83.9,73.2,52.2,37.1,40.8,35.6,43.2,62,83.3,88.6,97.3,114.8,121.6,119.3,119.6,109.1,101.1,90.1,77.2,71.8,54.6,35.9,33.8,47.9,65.1,77.5,96,108.1,104.5,104.9,100.8,106.7,115.5,115.7,110.9,104.4,99,89.3,77.6,63.2,44.8,39,44.1,49.3,59.5,77.8,98,110.1,113.1,109.7,106,108.5,114.5,112.2,97.8,83,73.1,66.2,56.4,33.5,17.3,30.1,57.8,86.9,97.4,109.8,118.5,120.7,116.5,111.7,108.8,97.2,80.9,0,0,0,71.9,119.4,126.8,117.6,114.1,98.5,83.1,64.8,45.2,33.9,41.9,53.6,68.8,86.4,104.2,118.6,119.4,121.2,127.3,115.4,94.8,89.7,98.8,88.3,68.5,55.4,41.8,34.3,45,52,68.9,85.5,102.4,121,120.7,118.8,116.4,110.5,111.4,97.3,87.5,82.1,76.3,62.5,39.3,23.9,32.9,44.6,53.3,71.3,89.6,104.3,115.8,123.2,120.7,124.9,127.3,119.8,107.2,95.3,87,75.6,62.5,39.9,21.6,29.8,50.7,57.5,66.8,85.1,103.6,120.2,126.2,113.7,102,96.1,97.5,94.5,80.6,69.1,55.7,41.4,30.6,32.4,38.9,49.1,62,7268,7145.5,83.54022989,82.13218391,115,55,4,4
17,2,A,S,2,41.2,1135,44,18,7,34,59,30,1.5,1,1,0,90,2206,12,41,51.5,36.1,43.6,51.9,69.8,83.4,99.4,103.3,102.4,104.8,109.4,113.7,109.6,100.4,83.4,64.7,49.2,40.8,41.7,45.9,58.9,66.3,64.7,74,86.8,91.4,94.4,91.9,89.6,82.4,77.9,69.1,45.8,36.6,41,50,54.3,49.2,48.8,37.2,14.3,0,0,0,0,0,0,0,0,0,0,0,0,0,0,0,0,0,0,0,0,0,0,0,0,0,0,0,0,0,0,0,0,0,0,0,0,0,0,0,0,0,0,0,0,0,0,0,0,0,112.6,115.8,128.2,122.5,115.3,100.8,86.9,74.4,55.5,32,24.6,42.8,59.9,78.4,85.7,103.1,117.7,125.8,126.6,120.6,123.2,118.3,98,76.7,57.5,44.4,24.7,9.2,31.1,57.5,85.4,105.7,111.4,119.3,126.3,128.2,128.7,125.1,125.4,119.3,100.2,0,0,0,0,0,0,0,0,0,0,0,0,0,0,0,0,0,0,0,0,0,0,0,0,0,0,0,0,0,0,0,0,0,0,0,0,0,0,0,0,0,0,0,0,0,0,0,0,0,TT,O,,2022,5,1,4/20/2009,27.54854369,26.55255582,26.0867512,28.88157895,0,36.1,43.6,51.9,69.8,83.4,99.4,103.3,102.4,104.8,109.4,113.7,109.6,100.4,83.4,64.7,49.2,40.8,41.7,45.9,58.9,66.3,64.7,74,86.8,91.4,94.4,91.9,89.6,82.4,77.9,69.1,45.8,36.6,41,50,54.3,49.2,48.8,37.2,14.3,0,0,0,0,0,0,0,0,0,0,0,0,0,0,0,0,0,0,0,0,0,0,0,0,0,0,0,0,0,0,0,0,0,0,0,0,0,0,0,0,0,0,0,0,0,0,0,0,0,0,115.8,128.2,122.5,115.3,100.8,86.9,74.4,55.5,32,24.6,42.8,59.9,78.4,85.7,103.1,117.7,125.8,126.6,120.6,123.2,118.3,98,76.7,57.5,44.4,24.7,9.2,31.1,57.5,85.4,105.7,111.4,119.3,126.3,128.2,128.7,125.1,125.4,119.3,100.2,0,0,0,0,0,0,0,0,0,0,0,0,0,0,0,0,0,0,0,0,0,0,0,0,0,0,0,0,0,0,0,0,0,0,0,0,0,0,0,0,0,0,0,0,0,0,0,0,0,2778.1,3632.2,69.4525,90.805,55,115,2,2
18,2,A,N,2,30.4,878,27,20,13,58,29,3,1.5,0,0,0,90,2206,12,30,101.1,81.8,60.3,52.9,66.7,65.9,50,38.4,30.1,36.8,51.9,66.9,81.5,93.4,104.5,108.7,108.2,108.9,106.8,101.4,89,68.7,40.9,32.1,36.9,55.7,67.1,68.4,68.6,65.4,0,0,0,0,0,0,0,0,0,0,0,0,0,0,0,0,0,0,0,0,0,0,0,0,0,0,0,0,0,0,0,0,0,0,0,0,0,0,0,0,0,0,0,0,0,0,0,0,0,0,0,0,0,0,0,0,0,0,0,0,58.3,38.2,29.2,53.8,88.2,107.9,111.7,120.1,115.4,110.2,101.2,86.9,70.6,52.1,43.5,34.4,23.2,31.8,53.2,74.7,85.3,97.2,108.8,117,116.7,121.7,120,102.7,85,66.4,0,0,0,0,0,0,0,0,0,0,0,0,0,0,0,0,0,0,0,0,0,0,0,0,0,0,0,0,0,0,0,0,0,0,0,0,0,0,0,0,0,0,0,0,0,0,0,0,0,0,0,0,0,0,0,0,0,0,0,0,FS,O,,2022,6,1,4/30/2009,28.88157895,26.55255582,26.0867512,28.88157895,0,0,0,52.9,66.7,65.9,50,38.4,30.1,36.8,51.9,66.9,81.5,93.4,104.5,108.7,108.2,108.9,106.8,101.4,89,68.7,40.9,32.1,36.9,55.7,67.1,68.4,68.6,65.4,0,0,0,0,0,0,0,0,0,0,0,0,0,0,0,0,0,0,0,0,0,0,0,0,0,0,0,0,0,0,0,0,0,0,0,0,0,0,0,0,0,0,0,0,0,0,0,0,0,0,0,0,0,0,0,0,0,0,0,0,0,0,0,53.8,88.2,107.9,111.7,120.1,115.4,110.2,101.2,86.9,70.6,52.1,43.5,34.4,23.2,31.8,53.2,74.7,85.3,97.2,108.8,117,116.7,121.7,120,102.7,85,66.4,0,0,0,0,0,0,0,0,0,0,0,0,0,0,0,0,0,0,0,0,0,0,0,0,0,0,0,0,0,0,0,0,0,0,0,0,0,0,0,0,0,0,0,0,0,0,0,0,0,0,0,0,0,0,0,0,0,0,0,0,1865.8,2299.7,69.1037037,85.17407407,115,55,4,4
19,1,A,S,2,90.1,1492,6,46,0,6,94,-112,1.5,0,0,0,90,2206,13,90,61.8,64.3,78.3,91.8,107.8,117.1,122,123.7,125.1,118.2,123.9,124.3,124.3,119.3,112.4,119,115.6,113.1,109.1,103.5,104.7,110.4,114.7,119.4,120.7,121.2,122.8,121.1,116.7,110,103.7,96.3,85.8,72.5,59.1,47.4,45.8,50.5,60.5,67.4,75.1,83.7,94.3,101.6,109.5,115.1,119.4,121.4,122.8,122.2,122.8,123,122.6,122.7,120.4,124.6,122.7,122.5,122.4,123.4,123,125.7,125.8,124.6,125.7,122.3,121.2,123.5,121.9,121.2,119.5,114.2,107.2,98.4,87.8,77.7,70.9,65.4,64.2,62.2,63.7,63.5,63.7,62.9,61.8,64.8,64.9,60.4,60.5,60.8,104.5,90.9,85.8,85.9,80.8,71.7,60.6,52.4,48.1,37,38.5,39.4,43,41.1,43,58.6,62.7,71.7,79.7,80.3,84.3,77.3,68.2,56.7,47,37.9,37.5,45.7,57.4,69.2,70.9,84.5,97.9,107.5,116.4,126.4,132,133,132.8,129.7,124.3,113.4,104.9,93.8,79,67.1,56.2,46.8,39.8,36.5,37.3,45.8,50.9,48,44.2,48.7,46.4,42,39.1,37.9,36.6,39.3,39.3,38,39.1,35.8,34.7,41.3,44.6,45.4,57,62.1,73.2,84.6,92.3,101.6,110.6,114,112.3,110.1,110.7,110.4,110.6,109.1,107.7,112.2,112.1,108.4,107.5,110.5,TT,O,,2022,1,1,4/19/2009,16.55937847,18.40696934,18.12083074,19.83766234,0,0,78.3,91.8,107.8,117.1,122,123.7,125.1,118.2,123.9,124.3,124.3,119.3,112.4,119,115.6,113.1,109.1,103.5,104.7,110.4,114.7,119.4,120.7,121.2,122.8,121.1,116.7,110,103.7,96.3,85.8,72.5,59.1,47.4,45.8,50.5,60.5,67.4,75.1,83.7,94.3,101.6,109.5,115.1,119.4,121.4,122.8,122.2,122.8,123,122.6,122.7,120.4,124.6,122.7,122.5,122.4,123.4,123,125.7,125.8,124.6,125.7,122.3,121.2,123.5,121.9,121.2,119.5,114.2,107.2,98.4,87.8,77.7,70.9,65.4,64.2,62.2,63.7,63.5,63.7,62.9,61.8,64.8,64.9,60.4,60.5,60.8,0,0,85.8,85.9,80.8,71.7,60.6,52.4,48.1,37,38.5,39.4,43,41.1,43,58.6,62.7,71.7,79.7,80.3,84.3,77.3,68.2,56.7,47,37.9,37.5,45.7,57.4,69.2,70.9,84.5,97.9,107.5,116.4,126.4,132,133,132.8,129.7,124.3,113.4,104.9,93.8,79,67.1,56.2,46.8,39.8,36.5,37.3,45.8,50.9,48,44.2,48.7,46.4,42,39.1,37.9,36.6,39.3,39.3,38,39.1,35.8,34.7,41.3,44.6,45.4,57,62.1,73.2,84.6,92.3,101.6,110.6,114,112.3,110.1,110.7,110.4,110.6,109.1,107.7,112.2,112.1,108.4,107.5,110.5,8920.8,6405.8,101.3727273,72.79318182,55,115,3,3
20,1,A,W,2,90.1,1528,19,32,1,9,90,-40,1.5,0,1,0,90,2206,13,90,119.7,122.6,118.3,109.8,94.9,90.1,103.1,110.3,120.7,120.2,119.8,118.3,115.7,109.4,102.2,96.9,96.9,98.2,104.4,109.1,114.8,119.5,123.7,125.8,126,124.9,122.3,117.8,113.2,107.5,100,92.7,84.4,72.7,70.1,60.6,49.8,44.4,44.2,42.6,46.9,46.5,51.2,59.5,72.5,86.2,96.2,99.6,92.5,95.3,99.3,108.2,116.6,121.1,124.7,124.9,125.1,122.3,122.9,118.3,113.7,107.2,104.1,99.5,96.4,91.9,85.9,73.4,68.6,66.3,64.4,58.2,47.5,42.9,41,47.1,55.3,55.3,61.2,74.6,82.8,83.7,88.6,94.4,102.4,107.8,104.3,98.8,102.2,113.2,54.4,53.9,47.3,39.6,25.3,8,16.5,23.9,35.6,37.1,42.5,51.8,59.1,64.2,70.7,76.6,86.3,86.3,85.8,80.4,72.8,63.2,53.8,45.7,40.1,40.5,47.7,57.8,68.3,75.3,85.5,95.4,103.5,107.8,122.6,127.1,127.5,130.2,130.7,127,126.8,122.7,121.1,116.2,108.5,101.7,95.7,91.3,87.8,86.1,81.3,77.1,69.5,59.8,52.7,46.5,40.6,36.2,42.9,50.6,56.3,65.3,86.8,93.7,93.1,98.4,102.5,107,122,124.3,126.6,127.8,127.1,128.8,126,123.1,120.6,117.2,112.9,108.4,104.4,98.2,89.8,80.9,77.2,71.4,61.5,48.5,35.7,35.2,TT,O,,2022,2,1,4/19/2009,16.95893452,18.40696934,18.12083074,19.83766234,0,0,0,0,0,90.1,103.1,110.3,120.7,120.2,119.8,118.3,115.7,109.4,102.2,96.9,96.9,98.2,104.4,109.1,114.8,119.5,123.7,125.8,126,124.9,122.3,117.8,113.2,107.5,100,92.7,84.4,72.7,70.1,60.6,49.8,44.4,44.2,42.6,46.9,46.5,51.2,59.5,72.5,86.2,96.2,99.6,92.5,95.3,99.3,108.2,116.6,121.1,124.7,124.9,125.1,122.3,122.9,118.3,113.7,107.2,104.1,99.5,96.4,91.9,85.9,73.4,68.6,66.3,64.4,58.2,47.5,42.9,41,47.1,55.3,55.3,61.2,74.6,82.8,83.7,88.6,94.4,102.4,107.8,104.3,98.8,102.2,113.2,0,0,0,0,0,8,16.5,23.9,35.6,37.1,42.5,51.8,59.1,64.2,70.7,76.6,86.3,86.3,85.8,80.4,72.8,63.2,53.8,45.7,40.1,40.5,47.7,57.8,68.3,75.3,85.5,95.4,103.5,107.8,122.6,127.1,127.5,130.2,130.7,127,126.8,122.7,121.1,116.2,108.5,101.7,95.7,91.3,87.8,86.1,81.3,77.1,69.5,59.8,52.7,46.5,40.6,36.2,42.9,50.6,56.3,65.3,86.8,93.7,93.1,98.4,102.5,107,122,124.3,126.6,127.8,127.1,128.8,126,123.1,120.6,117.2,112.9,108.4,104.4,98.2,89.8,80.9,77.2,71.4,61.5,48.5,35.7,35.2,7834.8,7033.1,92.17411765,82.74235294,115,55,6,6
21,1,A,E,2,75.2,1382,24,32,12,45,43,-33,1.5,0,1,0,90,2206,13,75,65.9,59.6,56.1,32.1,27,38.6,50.6,67.8,89.2,112,118.8,117.7,117.8,117.3,115.7,114.2,109.1,102.2,95.6,92.2,86.8,81.5,76.9,73.6,62.3,48.6,40.5,33.3,30.9,38.9,56.8,67.1,76.1,81.7,90.2,98.5,98.2,105.3,106.7,107.7,111.2,111.3,109.5,104,96.9,94.5,92.2,85.7,78.2,73.6,65.8,62.7,54.9,44.1,33.1,32.2,40.7,51.3,63.9,74.4,84.9,94.4,94.2,96.5,100.8,105,107.8,109.8,107.1,105.4,96,79.9,59,36.8,16.6,0,0,0,0,0,0,0,0,0,0,0,0,0,0,0,124.7,123.2,122.4,97.8,76.9,52,37.1,25.8,35.7,54.8,58.6,50.5,41.2,34.6,29.4,31.7,35.4,41,53.9,61.9,78.7,96.8,105.2,110.7,111.3,114.5,121.5,119.7,114.4,112.4,114,106.9,102.9,94.1,86.8,80.5,67.6,59.5,47.9,35.8,28.4,25.2,26.3,30.2,42.5,50.8,61.4,74.3,87.6,102,111.8,123.3,125.3,122.1,118.1,117.5,118.7,115.8,110.2,100.3,95,91.9,81.6,73,62.3,51.6,42.6,33.5,24.3,21,10.3,7.2,27.9,50.1,72.4,0,0,0,0,0,0,0,0,0,0,0,0,0,0,0,TT,O,,2022,3,1,4/19/2009,18.37765957,18.40696934,18.12083074,19.83766234,0,0,56.1,32.1,27,38.6,50.6,67.8,89.2,112,118.8,117.7,117.8,117.3,115.7,114.2,109.1,102.2,95.6,92.2,86.8,81.5,76.9,73.6,62.3,48.6,40.5,33.3,30.9,38.9,56.8,67.1,76.1,81.7,90.2,98.5,98.2,105.3,106.7,107.7,111.2,111.3,109.5,104,96.9,94.5,92.2,85.7,78.2,73.6,65.8,62.7,54.9,44.1,33.1,32.2,40.7,51.3,63.9,74.4,84.9,94.4,94.2,96.5,100.8,105,107.8,109.8,107.1,105.4,96,79.9,59,36.8,16.6,0,0,0,0,0,0,0,0,0,0,0,0,0,0,0,0,0,122.4,97.8,76.9,52,37.1,25.8,35.7,54.8,58.6,50.5,41.2,34.6,29.4,31.7,35.4,41,53.9,61.9,78.7,96.8,105.2,110.7,111.3,114.5,121.5,119.7,114.4,112.4,114,106.9,102.9,94.1,86.8,80.5,67.6,59.5,47.9,35.8,28.4,25.2,26.3,30.2,42.5,50.8,61.4,74.3,87.6,102,111.8,123.3,125.3,122.1,118.1,117.5,118.7,115.8,110.2,100.3,95,91.9,81.6,73,62.3,51.6,42.6,33.5,24.3,21,10.3,7.2,27.9,50.1,72.4,0,0,0,0,0,0,0,0,0,0,0,0,0,0,0,5810,5258.4,79.5890411,72.03287671,55,115,3,3
19,2,A,W,2,16.1,286,62,35,26,25,49,-75,1.5,1,1,0,90,2206,13,16,122.6,117.6,110.8,98.2,73.7,45.4,28.1,37.4,49.2,53.6,53.9,53.5,51.7,50.3,34.3,8.2,0,0,0,0,0,0,0,0,0,0,0,0,0,0,0,0,0,0,0,0,0,0,0,0,0,0,0,0,0,0,0,0,0,0,0,0,0,0,0,0,0,0,0,0,0,0,0,0,0,0,0,0,0,0,0,0,0,0,0,0,0,0,0,0,0,0,0,0,0,0,0,0,0,0,51.1,36.8,26.2,12.5,13.8,45,77.6,105.5,121.7,128.8,129.2,128.5,126.9,127.2,115.8,94.5,0,0,0,0,0,0,0,0,0,0,0,0,0,0,0,0,0,0,0,0,0,0,0,0,0,0,0,0,0,0,0,0,0,0,0,0,0,0,0,0,0,0,0,0,0,0,0,0,0,0,0,0,0,0,0,0,0,0,0,0,0,0,0,0,0,0,0,0,0,0,0,0,0,0,TT,O,,2022,4,1,4/20/2009,17.76397516,18.40696934,18.12083074,19.83766234,0,0,0,0,0,45.4,28.1,37.4,49.2,53.6,53.9,53.5,51.7,50.3,34.3,8.2,0,0,0,0,0,0,0,0,0,0,0,0,0,0,0,0,0,0,0,0,0,0,0,0,0,0,0,0,0,0,0,0,0,0,0,0,0,0,0,0,0,0,0,0,0,0,0,0,0,0,0,0,0,0,0,0,0,0,0,0,0,0,0,0,0,0,0,0,0,0,0,0,0,0,0,0,0,0,0,45,77.6,105.5,121.7,128.8,129.2,128.5,126.9,127.2,115.8,94.5,0,0,0,0,0,0,0,0,0,0,0,0,0,0,0,0,0,0,0,0,0,0,0,0,0,0,0,0,0,0,0,0,0,0,0,0,0,0,0,0,0,0,0,0,0,0,0,0,0,0,0,0,0,0,0,0,0,0,0,0,0,0,0,0,0,0,0,0,0,0,0,0,0,0,465.6,1200.7,42.32727273,109.1545455,115,55,6,6
20,2,A,S,2,23.3,488,32,18,56,31,13,-53,1.5,3,1,0,90,2206,13,23,59.5,49.6,55.5,76.5,86.5,83,79.4,72.9,62.7,59,56.9,54,42.7,36.6,36.3,40.9,49.7,54.1,53.7,40.9,31.6,13.3,8.3,0,0,0,0,0,0,0,0,0,0,0,0,0,0,0,0,0,0,0,0,0,0,0,0,0,0,0,0,0,0,0,0,0,0,0,0,0,0,0,0,0,0,0,0,0,0,0,0,0,0,0,0,0,0,0,0,0,0,0,0,0,0,0,0,0,0,0,106.7,85.3,59.7,43.3,30.4,14.6,9.8,25.4,51.4,71.8,94.3,110.6,114.2,119.3,122.5,116,106.6,91,76,66.7,64.9,74.5,81.2,0,0,0,0,0,0,0,0,0,0,0,0,0,0,0,0,0,0,0,0,0,0,0,0,0,0,0,0,0,0,0,0,0,0,0,0,0,0,0,0,0,0,0,0,0,0,0,0,0,0,0,0,0,0,0,0,0,0,0,0,0,0,0,0,0,0,0,TT,O,,2022,5,1,4/20/2009,20.94420601,18.40696934,18.12083074,19.83766234,0,0,55.5,76.5,86.5,83,79.4,72.9,62.7,59,56.9,54,42.7,36.6,36.3,40.9,49.7,54.1,53.7,40.9,31.6,13.3,8.3,0,0,0,0,0,0,0,0,0,0,0,0,0,0,0,0,0,0,0,0,0,0,0,0,0,0,0,0,0,0,0,0,0,0,0,0,0,0,0,0,0,0,0,0,0,0,0,0,0,0,0,0,0,0,0,0,0,0,0,0,0,0,0,0,0,0,0,0,0,59.7,43.3,30.4,14.6,9.8,25.4,51.4,71.8,94.3,110.6,114.2,119.3,122.5,116,106.6,91,76,66.7,64.9,74.5,81.2,0,0,0,0,0,0,0,0,0,0,0,0,0,0,0,0,0,0,0,0,0,0,0,0,0,0,0,0,0,0,0,0,0,0,0,0,0,0,0,0,0,0,0,0,0,0,0,0,0,0,0,0,0,0,0,0,0,0,0,0,0,0,0,0,0,0,0,1094.5,1544.2,52.11904762,73.53333333,55,115,3,3
21,2,A,N,2,30.8,611,12,54,36,62,2,-31,1.5,0,1,0,90,2206,13,30,110.6,102.3,86.7,76.4,82.3,104.6,106,108.8,106.8,104.5,102.9,91.4,73.2,53,37.4,27.2,16.1,14.8,34.9,62.4,77.1,86.6,92.4,90.8,91.8,100.4,106.1,108.1,103.3,90.6,0,0,0,0,0,0,0,0,0,0,0,0,0,0,0,0,0,0,0,0,0,0,0,0,0,0,0,0,0,0,0,0,0,0,0,0,0,0,0,0,0,0,0,0,0,0,0,0,0,0,0,0,0,0,0,0,0,0,0,0,64.6,60.3,46.3,25.3,15,28.8,25.2,23.3,22.2,28.5,32.7,36.5,41.7,57.1,76.5,93.1,98.9,95.3,91,85.7,75.6,65.1,52.9,35.5,16.8,14.4,26.6,30.2,34.1,37.1,0,0,0,0,0,0,0,0,0,0,0,0,0,0,0,0,0,0,0,0,0,0,0,0,0,0,0,0,0,0,0,0,0,0,0,0,0,0,0,0,0,0,0,0,0,0,0,0,0,0,0,0,0,0,0,0,0,0,0,0,FS,O,,2022,6,1,4/20/2009,19.83766234,18.40696934,18.12083074,19.83766234,0,0,0,0,0,104.6,106,108.8,106.8,104.5,102.9,91.4,73.2,53,37.4,27.2,16.1,14.8,34.9,62.4,77.1,86.6,92.4,90.8,91.8,100.4,106.1,108.1,103.3,90.6,0,0,0,0,0,0,0,0,0,0,0,0,0,0,0,0,0,0,0,0,0,0,0,0,0,0,0,0,0,0,0,0,0,0,0,0,0,0,0,0,0,0,0,0,0,0,0,0,0,0,0,0,0,0,0,0,0,0,0,0,0,0,0,0,0,28.8,25.2,23.3,22.2,28.5,32.7,36.5,41.7,57.1,76.5,93.1,98.9,95.3,91,85.7,75.6,65.1,52.9,35.5,16.8,14.4,26.6,30.2,34.1,37.1,0,0,0,0,0,0,0,0,0,0,0,0,0,0,0,0,0,0,0,0,0,0,0,0,0,0,0,0,0,0,0,0,0,0,0,0,0,0,0,0,0,0,0,0,0,0,0,0,0,0,0,0,0,0,0,0,0,0,0,0,1991.2,1224.8,79.648,48.992,115,55,6,6
22,1,A,S,2,90.1,2038,28,17,4,16,80,12,1.5,0,0,0,90,2206,14,90,54.9,45.5,38.6,41.3,46.4,44.4,58,86.8,106.1,109.4,107.9,99.3,84.9,70.4,54.5,45.9,47.6,56.3,68.6,72.1,83.1,91,93.1,86.4,71.5,68.5,91.6,111.9,119.9,121.4,122.8,121.4,116.3,111.2,103,91.3,78.8,63.8,53.9,47.2,44.6,51.4,58.7,68.6,74.6,80.9,89.7,97,104.6,111.2,114.8,114.6,112.4,112.3,120.7,121.6,123.4,123.7,119.4,113.7,107.5,101.9,92,79,64.3,51.9,45.6,47.9,59.8,71.1,80.7,82.2,75,71.3,73.5,91.5,111.3,115.8,111.1,100.8,90.1,89.6,81.3,74.2,64.3,58.2,49.5,44.7,44.3,43.6,111.1,106.7,103.1,106,106,86.7,65.9,56.6,65.2,69.6,72.7,86.6,98.9,110.4,121,128,133.1,133.6,131,121.9,118,110.3,101.6,100,90.6,61.7,58.9,58.8,51.5,41.2,37.1,43,58.8,73.4,83.2,94.4,105.1,115.3,122.1,127.5,130.9,133.6,132.5,130.8,127.6,120.6,112.9,103.4,90.9,78.6,71.2,70.4,65.5,53.9,49.1,41.8,37.5,42.5,46.3,44.9,58.3,81.7,93.8,102.8,115.3,124.1,129.7,132.6,133.5,129.8,123,115.2,100.1,83.1,58,42.3,55.3,67.2,69.2,68.1,77.7,100.8,110.4,117.3,126.3,127,128.6,128.6,130.4,127.9,TT,O,,2022,1,1,4/19/2009,22.61931188,20.82382892,20.6172592,21.85667752,0,0,38.6,41.3,46.4,44.4,58,86.8,106.1,109.4,107.9,99.3,84.9,70.4,54.5,45.9,47.6,56.3,68.6,72.1,83.1,91,93.1,86.4,71.5,68.5,91.6,111.9,119.9,121.4,122.8,121.4,116.3,111.2,103,91.3,78.8,63.8,53.9,47.2,44.6,51.4,58.7,68.6,74.6,80.9,89.7,97,104.6,111.2,114.8,114.6,112.4,112.3,120.7,121.6,123.4,123.7,119.4,113.7,107.5,101.9,92,79,64.3,51.9,45.6,47.9,59.8,71.1,80.7,82.2,75,71.3,73.5,91.5,111.3,115.8,111.1,100.8,90.1,89.6,81.3,74.2,64.3,58.2,49.5,44.7,44.3,43.6,0,0,103.1,106,106,86.7,65.9,56.6,65.2,69.6,72.7,86.6,98.9,110.4,121,128,133.1,133.6,131,121.9,118,110.3,101.6,100,90.6,61.7,58.9,58.8,51.5,41.2,37.1,43,58.8,73.4,83.2,94.4,105.1,115.3,122.1,127.5,130.9,133.6,132.5,130.8,127.6,120.6,112.9,103.4,90.9,78.6,71.2,70.4,65.5,53.9,49.1,41.8,37.5,42.5,46.3,44.9,58.3,81.7,93.8,102.8,115.3,124.1,129.7,132.6,133.5,129.8,123,115.2,100.1,83.1,58,42.3,55.3,67.2,69.2,68.1,77.7,100.8,110.4,117.3,126.3,127,128.6,128.6,130.4,127.9,7318.5,8191.8,83.16477273,93.08863636,55,115,3,3
23,1,A,W,2,90.1,1788,19,30,9,24,67,26,1.5,1,1,0,90,2206,14,90,118.8,112.9,104.5,109.3,107.7,104,100.2,103.2,91.4,67.2,38.8,11.7,29.3,57.3,77.1,82,94.4,98.2,90.6,82.2,71.9,73,99.2,122.3,122.5,118.3,116.5,111.4,99.8,88,73.3,62.9,52.2,46.4,46,50.3,52.7,60,69.8,73.6,71.3,69.7,71.2,77.5,92.2,107.3,113.7,111.7,104.8,92.8,71,57.4,59.9,73.9,74,66.5,58.2,55.7,56.7,57.3,62.9,69.6,74.6,84.3,96.4,106.7,114.9,121.5,124.7,127.2,126.7,126.2,124.3,123.2,121,114.3,109.2,100,91.2,89.2,84.3,75.4,68.9,58.3,48.5,43.7,46.2,53.8,63.2,74.8,54.9,53.1,43.3,43.5,45.5,49.8,62.7,73.9,71,66.1,67.3,79.9,95.6,114,122.3,108.8,100.1,89.2,79.7,63.2,36.2,18.3,34.6,51.4,49.8,46.8,48.5,57.4,70.4,86.3,100.3,112.6,122.7,128.8,132.2,132.4,126.8,121.2,124.2,124.5,117.9,109.1,95.4,77.1,63.3,55.9,49.9,39.9,27.1,12.3,19.5,50.5,79.5,101.4,107.1,106.5,110.9,118,119.2,116.5,115.9,112.6,108,102.1,93.3,83.1,71,59.5,51.3,45.6,40.6,41.5,44.1,47.5,44.6,44.9,43.3,49.5,65.8,92.2,108.1,111.7,120,128.7,128.5,129.9,127.4,122.6,116.4,109.5,TT,O,,2022,2,1,4/19/2009,19.84461709,20.82382892,20.6172592,21.85667752,0,0,0,0,0,104,100.2,103.2,91.4,67.2,38.8,11.7,29.3,57.3,77.1,82,94.4,98.2,90.6,82.2,71.9,73,99.2,122.3,122.5,118.3,116.5,111.4,99.8,88,73.3,62.9,52.2,46.4,46,50.3,52.7,60,69.8,73.6,71.3,69.7,71.2,77.5,92.2,107.3,113.7,111.7,104.8,92.8,71,57.4,59.9,73.9,74,66.5,58.2,55.7,56.7,57.3,62.9,69.6,74.6,84.3,96.4,106.7,114.9,121.5,124.7,127.2,126.7,126.2,124.3,123.2,121,114.3,109.2,100,91.2,89.2,84.3,75.4,68.9,58.3,48.5,43.7,46.2,53.8,63.2,74.8,0,0,0,0,0,49.8,62.7,73.9,71,66.1,67.3,79.9,95.6,114,122.3,108.8,100.1,89.2,79.7,63.2,36.2,18.3,34.6,51.4,49.8,46.8,48.5,57.4,70.4,86.3,100.3,112.6,122.7,128.8,132.2,132.4,126.8,121.2,124.2,124.5,117.9,109.1,95.4,77.1,63.3,55.9,49.9,39.9,27.1,12.3,19.5,50.5,79.5,101.4,107.1,106.5,110.9,118,119.2,116.5,115.9,112.6,108,102.1,93.3,83.1,71,59.5,51.3,45.6,40.6,41.5,44.1,47.5,44.6,44.9,43.3,49.5,65.8,92.2,108.1,111.7,120,128.7,128.5,129.9,127.4,122.6,116.4,109.5,7005.7,7105.2,82.42,83.59058824,115,55,6,6
24,1,A,E,2,90.1,1540,38,18,16,12,72,19,1.5,0,1,0,90,2206,14,90,62.1,53.4,50.3,34.7,24.8,30.7,38.6,51,53.7,46.1,20.4,24.2,42.3,43,39.8,49.2,56.1,59.7,59.2,50.5,40.8,36.7,39.8,42.6,42,53.1,64.2,76,89.8,102.7,109.6,111.2,112.4,110.4,111,118.5,125.2,123.8,123.7,119.2,114.9,115.8,114.3,112.8,111,106.3,106.7,98.6,89.2,81.3,67.8,54.8,46.2,50.7,59.8,59.6,52.1,44.2,33.9,35,53.1,76.6,100.3,118.2,122.9,121.3,118.5,112.5,107.2,101.9,96.9,89.1,83.2,78.1,72.4,65.1,57.5,49.5,44.4,44.7,47,50.4,52.4,64.6,70.1,79.2,85.9,97.2,102.5,111.8,123,111.4,110.5,97.9,69.9,59.4,49.4,50.4,58.4,63.9,88.3,110.2,128.2,127,120.2,124.1,128.7,130.2,130,125.1,120.6,120.2,124.7,128.8,125.3,122.3,116.2,108.2,98.8,89,80.8,73.7,67.4,56.5,44.2,39.1,39.4,38.9,45.6,51.1,59.6,66.4,69.5,74.5,78.7,82,85.2,74.4,67.2,60.9,62.3,72.6,91.4,113.6,129.5,123.9,110.3,99.7,83.5,61.9,37.2,14.1,16,35.4,47.3,52.8,61.9,73.2,82.3,88.6,96.6,107.3,113.6,118.5,123.2,126.3,128.9,130.4,130.2,130.1,127,123.5,118.5,115.1,110.4,99.5,96.1,93.6,86.2,78.8,TT,O,,2022,3,1,4/19/2009,17.09211987,20.82382892,20.6172592,21.85667752,0,0,50.3,34.7,24.8,30.7,38.6,51,53.7,46.1,20.4,24.2,42.3,43,39.8,49.2,56.1,59.7,59.2,50.5,40.8,36.7,39.8,42.6,42,53.1,64.2,76,89.8,102.7,109.6,111.2,112.4,110.4,111,118.5,125.2,123.8,123.7,119.2,114.9,115.8,114.3,112.8,111,106.3,106.7,98.6,89.2,81.3,67.8,54.8,46.2,50.7,59.8,59.6,52.1,44.2,33.9,35,53.1,76.6,100.3,118.2,122.9,121.3,118.5,112.5,107.2,101.9,96.9,89.1,83.2,78.1,72.4,65.1,57.5,49.5,44.4,44.7,47,50.4,52.4,64.6,70.1,79.2,85.9,97.2,102.5,111.8,0,0,110.5,97.9,69.9,59.4,49.4,50.4,58.4,63.9,88.3,110.2,128.2,127,120.2,124.1,128.7,130.2,130,125.1,120.6,120.2,124.7,128.8,125.3,122.3,116.2,108.2,98.8,89,80.8,73.7,67.4,56.5,44.2,39.1,39.4,38.9,45.6,51.1,59.6,66.4,69.5,74.5,78.7,82,85.2,74.4,67.2,60.9,62.3,72.6,91.4,113.6,129.5,123.9,110.3,99.7,83.5,61.9,37.2,14.1,16,35.4,47.3,52.8,61.9,73.2,82.3,88.6,96.6,107.3,113.6,118.5,123.2,126.3,128.9,130.4,130.2,130.1,127,123.5,118.5,115.1,110.4,99.5,96.1,93.6,86.2,78.8,6556.5,7892.3,74.50568182,89.68522727,55,115,3,3
22,2,A,W,2,90.1,1936,30,22,13,42,45,-56,1.5,0,1,0,90,2206,14,90,122.1,121.3,114,109.7,88.5,59.3,26,17.6,48.3,52.4,47.2,53.4,73.8,101.1,116.5,110.2,107.3,98.4,91.7,99.1,113.8,106.8,96.7,76.7,59.3,50.3,48.7,31.9,23.4,41.5,55,60.5,77.3,101.5,112.3,114.5,119.7,120.5,123,122.5,118.5,104.4,92.6,85.8,79.3,72.1,62.5,56.3,55.6,59.1,61.2,69.2,86.4,94.4,99.7,93.2,80.8,61.5,59.2,53.4,37.4,29.9,40,44.3,40.1,40.2,56.7,63.5,63.7,56.9,61.2,74,95.7,108.9,103.6,99.8,98.7,89.2,72.3,52.9,32.6,24.6,42.9,59.9,69.1,69.5,58.1,43.9,30.9,20.2,51.2,49.5,38,35.8,24.6,33.6,61.4,93.6,126.3,125.7,107.8,83.5,59.5,60.3,68.2,59,51.2,24.6,11.6,39.6,64.4,63.6,66.7,81,92.6,113.1,122.4,113.8,107.2,108.3,101.1,84.7,72.7,75.3,76.5,66.3,58.3,48.8,41.8,36.1,33.3,29.7,45.3,75,99.1,108.3,109.1,116.6,118.6,107.7,90.8,73.7,68.7,72.5,81.6,80.4,83.1,95.1,114.6,116,111.4,115.4,125.2,129.1,122.5,114.4,121.6,126.2,125.4,108.5,93.5,78.3,80,86.3,79.5,72.5,64.4,42.3,30,34.9,60.3,92.3,110.6,116.6,111.1,108.3,105.6,97.8,87.4,75,TT,O,,2022,4,1,4/20/2009,21.4872364,20.82382892,20.6172592,21.85667752,0,0,0,0,0,59.3,26,17.6,48.3,52.4,47.2,53.4,73.8,101.1,116.5,110.2,107.3,98.4,91.7,99.1,113.8,106.8,96.7,76.7,59.3,50.3,48.7,31.9,23.4,41.5,55,60.5,77.3,101.5,112.3,114.5,119.7,120.5,123,122.5,118.5,104.4,92.6,85.8,79.3,72.1,62.5,56.3,55.6,59.1,61.2,69.2,86.4,94.4,99.7,93.2,80.8,61.5,59.2,53.4,37.4,29.9,40,44.3,40.1,40.2,56.7,63.5,63.7,56.9,61.2,74,95.7,108.9,103.6,99.8,98.7,89.2,72.3,52.9,32.6,24.6,42.9,59.9,69.1,69.5,58.1,43.9,30.9,20.2,0,0,0,0,0,33.6,61.4,93.6,126.3,125.7,107.8,83.5,59.5,60.3,68.2,59,51.2,24.6,11.6,39.6,64.4,63.6,66.7,81,92.6,113.1,122.4,113.8,107.2,108.3,101.1,84.7,72.7,75.3,76.5,66.3,58.3,48.8,41.8,36.1,33.3,29.7,45.3,75,99.1,108.3,109.1,116.6,118.6,107.7,90.8,73.7,68.7,72.5,81.6,80.4,83.1,95.1,114.6,116,111.4,115.4,125.2,129.1,122.5,114.4,121.6,126.2,125.4,108.5,93.5,78.3,80,86.3,79.5,72.5,64.4,42.3,30,34.9,60.3,92.3,110.6,116.6,111.1,108.3,105.6,97.8,87.4,75,6084.1,7146.2,71.57764706,84.07294118,115,55,6,6
23,2,A,S,2,55.8,1230,36,22,17,17,66,-25,1.5,2,0,0,90,2206,14,55,54.3,45.6,31.1,17.4,19.6,40.2,55.8,59.1,52.7,45.1,38.8,31.3,34.9,56.9,90.2,111.6,118.5,114,117.3,125.9,123.6,122.9,119.6,113.6,106.7,98.1,89,79.3,67.5,55.9,47.6,44.5,45.3,53.2,64.2,75.9,90,103.3,113.2,120.7,125.1,126.8,126.2,124.8,120.9,115.5,108.5,105.6,101.4,99.7,88.9,74.1,57.6,37,13.3,0,0,0,0,0,0,0,0,0,0,0,0,0,0,0,0,0,0,0,0,0,0,0,0,0,0,0,0,0,0,0,0,0,0,0,111.5,99.8,91.3,93.7,105.7,123.5,133.7,131,117.4,103.5,91.2,63.4,53.6,42.9,49.7,61.2,63.8,47.9,37.8,40.5,37.8,43.6,54.9,68.3,82.7,95.4,101.3,113.8,123.4,128,128.7,130.9,127.7,122.5,115.6,107.8,97.8,88.9,77.8,65.1,53.5,44.2,40,44.4,54.8,67.9,79.6,87,76.7,75.2,64.3,52,48.2,61.2,76.6,0,0,0,0,0,0,0,0,0,0,0,0,0,0,0,0,0,0,0,0,0,0,0,0,0,0,0,0,0,0,0,0,0,0,0,TT,O,,2022,5,1,4/20/2009,22.04301075,20.82382892,20.6172592,21.85667752,0,0,31.1,17.4,19.6,40.2,55.8,59.1,52.7,45.1,38.8,31.3,34.9,56.9,90.2,111.6,118.5,114,117.3,125.9,123.6,122.9,119.6,113.6,106.7,98.1,89,79.3,67.5,55.9,47.6,44.5,45.3,53.2,64.2,75.9,90,103.3,113.2,120.7,125.1,126.8,126.2,124.8,120.9,115.5,108.5,105.6,101.4,99.7,88.9,74.1,57.6,37,13.3,0,0,0,0,0,0,0,0,0,0,0,0,0,0,0,0,0,0,0,0,0,0,0,0,0,0,0,0,0,0,0,0,0,0,0,0,0,91.3,93.7,105.7,123.5,133.7,131,117.4,103.5,91.2,63.4,53.6,42.9,49.7,61.2,63.8,47.9,37.8,40.5,37.8,43.6,54.9,68.3,82.7,95.4,101.3,113.8,123.4,128,128.7,130.9,127.7,122.5,115.6,107.8,97.8,88.9,77.8,65.1,53.5,44.2,40,44.4,54.8,67.9,79.6,87,76.7,75.2,64.3,52,48.2,61.2,76.6,0,0,0,0,0,0,0,0,0,0,0,0,0,0,0,0,0,0,0,0,0,0,0,0,0,0,0,0,0,0,0,0,0,0,0,4319.9,4289.4,81.50754717,80.93207547,55,115,3,3
24,2,A,N,2,30.7,671,22,31,24,23,53,11,1.5,0,0,0,90,2206,14,30,114,105.6,100.4,92,77.4,53.8,30.9,20.6,33.4,48,51.3,68.5,84.4,100.6,111,117.9,122.4,125.4,125.4,126.2,123.7,119.5,116,111.9,102,92.7,80.5,60.2,39.1,15.3,0,0,0,0,0,0,0,0,0,0,0,0,0,0,0,0,0,0,0,0,0,0,0,0,0,0,0,0,0,0,0,0,0,0,0,0,0,0,0,0,0,0,0,0,0,0,0,0,0,0,0,0,0,0,0,0,0,0,0,0,63.4,56.8,53.4,50.7,53.2,63.1,84.8,102.2,118.9,125.7,119.4,111,101.6,91.5,79.8,70,59.9,49.8,40.9,40.5,46.1,57.8,68.3,64.9,56.2,45.3,32.5,32.2,47.7,79.3,0,0,0,0,0,0,0,0,0,0,0,0,0,0,0,0,0,0,0,0,0,0,0,0,0,0,0,0,0,0,0,0,0,0,0,0,0,0,0,0,0,0,0,0,0,0,0,0,0,0,0,0,0,0,0,0,0,0,0,0,FS,O,,2022,6,1,4/20/2009,21.85667752,20.82382892,20.6172592,21.85667752,0,0,0,0,77.4,53.8,30.9,20.6,33.4,48,51.3,68.5,84.4,100.6,111,117.9,122.4,125.4,125.4,126.2,123.7,119.5,116,111.9,102,92.7,80.5,60.2,39.1,15.3,0,0,0,0,0,0,0,0,0,0,0,0,0,0,0,0,0,0,0,0,0,0,0,0,0,0,0,0,0,0,0,0,0,0,0,0,0,0,0,0,0,0,0,0,0,0,0,0,0,0,0,0,0,0,0,0,0,0,0,0,0,0,0,0,53.2,63.1,84.8,102.2,118.9,125.7,119.4,111,101.6,91.5,79.8,70,59.9,49.8,40.9,40.5,46.1,57.8,68.3,64.9,56.2,45.3,32.5,32.2,47.7,79.3,0,0,0,0,0,0,0,0,0,0,0,0,0,0,0,0,0,0,0,0,0,0,0,0,0,0,0,0,0,0,0,0,0,0,0,0,0,0,0,0,0,0,0,0,0,0,0,0,0,0,0,0,0,0,0,0,0,0,0,0,2158.1,1842.6,83.00384615,70.86923077,115,55,5,5
28,1,A,S,2,90.1,1761,23,30,4,27,69,60,1.5,0,1,0,90,2206,17,90,53.7,52.7,46.3,48.3,47.6,60.9,84.7,104.9,117,121.6,126,127,126.1,121.3,110.9,103.3,112.1,108.2,100.9,85.6,67.5,48.2,51,48.5,34.2,29.4,47,81.2,110.2,124.9,120.3,117.1,112.5,108.3,101.1,95.3,86,74.6,65.9,59.2,52.5,47.2,44.1,41.9,40.8,41.4,48.2,56.3,67.6,77.4,79.4,76,73.6,77.7,94.4,117.2,121,118.6,115,103.2,94.8,103.9,108.5,109.8,113.8,109.2,100.5,91.3,81.2,70.1,64.2,63.8,65.7,71.5,77.2,83.5,90,88.2,86.2,88.4,99.4,113.8,120.1,117.5,116.4,113.8,102,92.8,92.4,99,107.4,101.5,107.9,119.7,117.7,113.2,100.5,86.6,71,56.9,47.6,41,42,39.1,37.6,58.5,80.9,75.5,77.4,85,98.6,104.1,127,128,110.6,83.2,46.3,11.9,24.5,44.4,49.4,59.3,67.1,70.2,74.6,88.7,98.8,107.3,112.8,116.4,121.6,126.1,129.2,128.5,127.5,127.7,131.7,132,130.1,125.1,119.1,106.8,89.9,67.4,49.9,53.6,52.4,50.7,54.3,47.4,33.8,26,36.7,50.7,68.7,77.7,86.8,101.5,112.1,121.2,125.5,126.7,126.7,128.3,124.6,117.7,112.5,104.7,90.1,74.3,58.7,55.5,57,54.2,49.9,42.4,41.2,59.4,81.5,96.8,TT,O,,2022,1,1,4/19/2009,19.54495006,20.76154166,19.60440374,26.54723127,0,0,46.3,48.3,47.6,60.9,84.7,104.9,117,121.6,126,127,126.1,121.3,110.9,103.3,112.1,108.2,100.9,85.6,67.5,48.2,51,48.5,34.2,29.4,47,81.2,110.2,124.9,120.3,117.1,112.5,108.3,101.1,95.3,86,74.6,65.9,59.2,52.5,47.2,44.1,41.9,40.8,41.4,48.2,56.3,67.6,77.4,79.4,76,73.6,77.7,94.4,117.2,121,118.6,115,103.2,94.8,103.9,108.5,109.8,113.8,109.2,100.5,91.3,81.2,70.1,64.2,63.8,65.7,71.5,77.2,83.5,90,88.2,86.2,88.4,99.4,113.8,120.1,117.5,116.4,113.8,102,92.8,92.4,99,0,0,107.9,119.7,117.7,113.2,100.5,86.6,71,56.9,47.6,41,42,39.1,37.6,58.5,80.9,75.5,77.4,85,98.6,104.1,127,128,110.6,83.2,46.3,11.9,24.5,44.4,49.4,59.3,67.1,70.2,74.6,88.7,98.8,107.3,112.8,116.4,121.6,126.1,129.2,128.5,127.5,127.7,131.7,132,130.1,125.1,119.1,106.8,89.9,67.4,49.9,53.6,52.4,50.7,54.3,47.4,33.8,26,36.7,50.7,68.7,77.7,86.8,101.5,112.1,121.2,125.5,126.7,126.7,128.3,124.6,117.7,112.5,104.7,90.1,74.3,58.7,55.5,57,54.2,49.9,42.4,41.2,59.4,81.5,96.8,7657.6,7395.2,87.01818182,84.03636364,55,115,3,3
29,1,A,W,2,27.3,502,16,18,18,30,52,61,1.5,1,0,0,90,2206,17,27,121.6,121.9,122.9,115.8,114.1,110.5,102.9,93.1,83.2,71.6,62.5,55.4,44.4,49.8,65.8,89.1,104.8,96.3,84.9,73.3,81.1,90.8,95.2,85.8,58.8,22.3,4.7,0,0,0,0,0,0,0,0,0,0,0,0,0,0,0,0,0,0,0,0,0,0,0,0,0,0,0,0,0,0,0,0,0,0,0,0,0,0,0,0,0,0,0,0,0,0,0,0,0,0,0,0,0,0,0,0,0,0,0,0,0,0,0,51.1,48.4,51,47.6,55.1,70.5,79.7,91.5,97.2,105.5,115.2,117.5,107.6,92,76.8,71.8,79,78.8,70.2,54.8,39.4,42.7,51.4,55.1,56.9,73,82.3,0,0,0,0,0,0,0,0,0,0,0,0,0,0,0,0,0,0,0,0,0,0,0,0,0,0,0,0,0,0,0,0,0,0,0,0,0,0,0,0,0,0,0,0,0,0,0,0,0,0,0,0,0,0,0,0,0,0,0,0,0,0,0,TT,O,,2022,2,1,4/19/2009,18.38827839,20.76154166,19.60440374,26.54723127,0,0,0,0,0,110.5,102.9,93.1,83.2,71.6,62.5,55.4,44.4,49.8,65.8,89.1,104.8,96.3,84.9,73.3,81.1,90.8,95.2,85.8,58.8,22.3,4.7,0,0,0,0,0,0,0,0,0,0,0,0,0,0,0,0,0,0,0,0,0,0,0,0,0,0,0,0,0,0,0,0,0,0,0,0,0,0,0,0,0,0,0,0,0,0,0,0,0,0,0,0,0,0,0,0,0,0,0,0,0,0,0,0,0,0,0,0,70.5,79.7,91.5,97.2,105.5,115.2,117.5,107.6,92,76.8,71.8,79,78.8,70.2,54.8,39.4,42.7,51.4,55.1,56.9,73,82.3,0,0,0,0,0,0,0,0,0,0,0,0,0,0,0,0,0,0,0,0,0,0,0,0,0,0,0,0,0,0,0,0,0,0,0,0,0,0,0,0,0,0,0,0,0,0,0,0,0,0,0,0,0,0,0,0,0,0,0,0,0,0,0,1626.3,1708.9,73.92272727,77.67727273,115,55,6,6
30,1,A,E,2,90.1,1233,16,12,2,24,74,42,1.5,0,0,0,90,2206,17,90,68.6,64.6,66.3,77.5,84.6,82.8,79.2,78.2,84.9,106,119.7,112.9,105.7,95.8,75.9,67.2,82.9,83.4,80,72.4,67.8,66.3,83.1,83.3,74.1,64.1,53.8,45.9,45,47.8,41.5,38.9,43.6,39,29.1,26.8,34,42.8,44.7,49.3,49,44.6,47.2,52.3,67.9,89.5,106.2,104,101.7,91.7,91.4,95,98.1,101.5,105.5,102.3,102.9,103.1,103.4,103.2,102.7,102,103.6,102.9,102,103,105,104.9,105.2,104,102.5,102,101.9,101.8,101.2,102.9,105.1,105.8,105.2,100.3,105.9,113.3,117.6,119.8,121.8,120.3,115,106.9,103.1,95.8,122.9,113.5,106.1,113.2,116.1,108.8,95.8,77,53.2,53.3,61,53.9,46.2,39.6,50.5,82.8,113.2,112,99.9,91.4,85.4,98.9,116.2,112.3,103.1,94.4,95.8,100.2,115.7,129.1,126,125.2,128.8,123.4,113.5,113.2,120.7,129.2,129.4,130.4,127.3,118,109.3,93,80.2,79.8,89.9,87.4,90.7,88.8,98.1,103.9,99.4,90.7,89,86.3,92.3,92.2,92.1,91.3,92,91.9,92,91.5,93.6,92.9,91.8,90.3,90.3,92.2,92.9,93.1,94.2,93.3,93.3,93.2,91.4,85.5,85.8,79.6,75.5,67,54.5,43.1,36,42.9,55.8,69,82.6,87,TT,O,,2022,3,1,4/19/2009,13.68479467,20.76154166,19.60440374,26.54723127,0,0,66.3,77.5,84.6,82.8,79.2,78.2,84.9,106,119.7,112.9,105.7,95.8,75.9,67.2,82.9,83.4,80,72.4,67.8,66.3,83.1,83.3,74.1,64.1,53.8,45.9,45,47.8,41.5,38.9,43.6,39,29.1,26.8,34,42.8,44.7,49.3,49,44.6,47.2,52.3,67.9,89.5,106.2,104,101.7,91.7,91.4,95,98.1,101.5,105.5,102.3,102.9,103.1,103.4,103.2,102.7,102,103.6,102.9,102,103,105,104.9,105.2,104,102.5,102,101.9,101.8,101.2,102.9,105.1,105.8,105.2,100.3,105.9,113.3,117.6,119.8,121.8,120.3,115,106.9,103.1,95.8,0,0,106.1,113.2,116.1,108.8,95.8,77,53.2,53.3,61,53.9,46.2,39.6,50.5,82.8,113.2,112,99.9,91.4,85.4,98.9,116.2,112.3,103.1,94.4,95.8,100.2,115.7,129.1,126,125.2,128.8,123.4,113.5,113.2,120.7,129.2,129.4,130.4,127.3,118,109.3,93,80.2,79.8,89.9,87.4,90.7,88.8,98.1,103.9,99.4,90.7,89,86.3,92.3,92.2,92.1,91.3,92,91.9,92,91.5,93.6,92.9,91.8,90.3,90.3,92.2,92.9,93.1,94.2,93.3,93.3,93.2,91.4,85.5,85.8,79.6,75.5,67,54.5,43.1,36,42.9,55.8,69,82.6,87,7520.3,8098.8,85.45795455,92.03181818,55,115,3,3
28,2,A,W,2,90.1,2308,24,21,2,7,91,58,1.5,0,0,0,90,2206,17,90,116.5,114.5,103.8,94.3,80.1,66.7,49.8,45,41,31.6,34.5,58.5,78.5,80.1,78.5,75.8,66.2,45,31.1,46.8,59.1,61.4,77,92.5,106,116.2,124.1,125.6,124.4,121.1,115.8,107.2,96.6,85.4,73.5,61,47.9,41.1,49.6,62.1,81.5,99,110.5,119.8,124.5,127.1,126.9,124,120.4,115.3,109.4,104.2,93.3,86.4,75,63,50.3,42.8,44.8,56.1,74.6,87.1,100.5,111.3,117.9,118.8,122.2,120.3,117.4,119.2,114.3,108.7,102.1,92.2,79.1,74.2,62.5,49.9,43.1,45.9,53.1,71,80.9,92,102.7,112.6,115.4,117.6,115.3,107.5,55.4,57,71.1,86.7,99.6,111.3,123.1,126,125.8,117.3,106.2,113.5,122.4,117.2,105.5,94.1,74.7,54.2,66.6,101.2,117.1,114.1,106.9,96.2,82.6,66.3,52.6,41.9,40.3,52.1,66.2,80.1,93.9,107.4,117,126.5,129.3,127.1,123.9,115.1,104,92.7,79.3,66.3,54.7,44.6,40.9,45.1,56.6,69.2,78.3,80.9,92.9,107.3,119.5,125.8,129.1,128.6,125.9,118,109,95.5,87.3,77.3,63.9,47.7,38.8,34.6,41.7,57.6,67.9,74.9,78.1,92,103.8,118.7,126.4,129.7,129.1,125.7,119.3,110.1,102.4,95.7,85.8,76.5,67.1,59.5,50.1,40.1,TT,O,,2022,4,1,4/20/2009,25.61598224,20.76154166,19.60440374,26.54723127,0,0,0,0,0,66.7,49.8,45,41,31.6,34.5,58.5,78.5,80.1,78.5,75.8,66.2,45,31.1,46.8,59.1,61.4,77,92.5,106,116.2,124.1,125.6,124.4,121.1,115.8,107.2,96.6,85.4,73.5,61,47.9,41.1,49.6,62.1,81.5,99,110.5,119.8,124.5,127.1,126.9,124,120.4,115.3,109.4,104.2,93.3,86.4,75,63,50.3,42.8,44.8,56.1,74.6,87.1,100.5,111.3,117.9,118.8,122.2,120.3,117.4,119.2,114.3,108.7,102.1,92.2,79.1,74.2,62.5,49.9,43.1,45.9,53.1,71,80.9,92,102.7,112.6,115.4,117.6,115.3,107.5,0,0,0,0,0,111.3,123.1,126,125.8,117.3,106.2,113.5,122.4,117.2,105.5,94.1,74.7,54.2,66.6,101.2,117.1,114.1,106.9,96.2,82.6,66.3,52.6,41.9,40.3,52.1,66.2,80.1,93.9,107.4,117,126.5,129.3,127.1,123.9,115.1,104,92.7,79.3,66.3,54.7,44.6,40.9,45.1,56.6,69.2,78.3,80.9,92.9,107.3,119.5,125.8,129.1,128.6,125.9,118,109,95.5,87.3,77.3,63.9,47.7,38.8,34.6,41.7,57.6,67.9,74.9,78.1,92,103.8,118.7,126.4,129.7,129.1,125.7,119.3,110.1,102.4,95.7,85.8,76.5,67.1,59.5,50.1,40.1,7280.4,7681.7,85.65176471,90.37294118,115,55,6,6
29,2,A,S,2,90.1,1873,26,14,3,13,84,4,1.5,0,0,0,90,2206,17,90,59.7,40.3,22.1,22.7,51,84.4,114.4,122,117.7,117.7,121.7,118.3,113.5,103.5,90.4,75.5,59.6,45.6,44.5,46.1,57.4,71.1,80.8,89.7,102.2,106.9,107.9,108.1,106.4,106.6,116.7,118.1,112.8,106.9,96.5,88.1,81.7,62.2,50.9,45,46.7,53.2,59.9,73.1,86.6,96.6,104,106.8,105.3,101.4,96.7,88.8,74.9,59.6,53.9,50,42.9,45.8,56,65.6,67.6,67.5,74.5,81.2,82.1,78.2,69.3,55.9,42.6,40.9,45.7,45.2,47.1,61.6,74.5,74.5,76.7,77.9,80,85.6,83.9,83.1,91.2,97.2,95.5,95.6,102,111,110.7,110.9,113.4,102.9,88,65.5,43.5,37,47.7,47.3,39.4,32.5,41.2,48.3,61.4,78.2,89.7,103.9,114.4,124.3,130.6,129.2,128.7,123.6,112.1,97,88.9,84.4,70,61.5,42,25.9,31.2,44.3,54.4,73.9,87.4,92.5,98.7,110.9,121.3,129.5,131.8,131.2,125.8,121.2,113.2,101.9,89.8,84.9,88.7,88.7,92.4,99.5,106.8,106.9,121.2,130.1,128.4,127.2,120.6,113,110.5,110.5,105.5,101.3,99.7,101.9,100.4,102.7,111.9,124.9,131.3,126.4,118.2,120.1,125.7,124.2,122.6,119.3,115.1,113.2,109.7,100.2,100.8,99.3,89.4,81.3,74,78.1,72.7,65.1,TT,O,,2022,5,1,4/20/2009,20.78801332,20.76154166,19.60440374,26.54723127,0,0,22.1,22.7,51,84.4,114.4,122,117.7,117.7,121.7,118.3,113.5,103.5,90.4,75.5,59.6,45.6,44.5,46.1,57.4,71.1,80.8,89.7,102.2,106.9,107.9,108.1,106.4,106.6,116.7,118.1,112.8,106.9,96.5,88.1,81.7,62.2,50.9,45,46.7,53.2,59.9,73.1,86.6,96.6,104,106.8,105.3,101.4,96.7,88.8,74.9,59.6,53.9,50,42.9,45.8,56,65.6,67.6,67.5,74.5,81.2,82.1,78.2,69.3,55.9,42.6,40.9,45.7,45.2,47.1,61.6,74.5,74.5,76.7,77.9,80,85.6,83.9,83.1,91.2,97.2,95.5,95.6,102,111,110.7,110.9,0,0,88,65.5,43.5,37,47.7,47.3,39.4,32.5,41.2,48.3,61.4,78.2,89.7,103.9,114.4,124.3,130.6,129.2,128.7,123.6,112.1,97,88.9,84.4,70,61.5,42,25.9,31.2,44.3,54.4,73.9,87.4,92.5,98.7,110.9,121.3,129.5,131.8,131.2,125.8,121.2,113.2,101.9,89.8,84.9,88.7,88.7,92.4,99.5,106.8,106.9,121.2,130.1,128.4,127.2,120.6,113,110.5,110.5,105.5,101.3,99.7,101.9,100.4,102.7,111.9,124.9,131.3,126.4,118.2,120.1,125.7,124.2,122.6,119.3,115.1,113.2,109.7,100.2,100.8,99.3,89.4,81.3,74,78.1,72.7,65.1,7064.2,8379.6,80.275,95.22272727,55,115,3,3
30,2,A,N,2,30.7,815,33,30,8,38,54,26,1.5,0,0,0,90,2206,17,30,114.5,103.9,86.3,59.3,38,45,49.9,40.9,43.3,52.2,70.4,87.2,100.3,111.1,110.2,114.9,119.8,121.1,115.6,107.3,97.1,80.9,69.4,59.9,44.5,32.7,29.6,44.1,59.6,65.6,0,0,0,0,0,0,0,0,0,0,0,0,0,0,0,0,0,0,0,0,0,0,0,0,0,0,0,0,0,0,0,0,0,0,0,0,0,0,0,0,0,0,0,0,0,0,0,0,0,0,0,0,0,0,0,0,0,0,0,0,59.6,47.4,34,48.5,81.7,112.3,127.9,126.3,125.7,117.8,106.9,98.2,86.4,74.2,53.3,40.6,34.9,36.3,38.8,47.5,55.3,64.8,85.9,108.7,113.4,111.2,114.8,120.8,116.5,110.7,0,0,0,0,0,0,0,0,0,0,0,0,0,0,0,0,0,0,0,0,0,0,0,0,0,0,0,0,0,0,0,0,0,0,0,0,0,0,0,0,0,0,0,0,0,0,0,0,0,0,0,0,0,0,0,0,0,0,0,0,FS,O,,2022,6,1,4/20/2009,26.54723127,20.76154166,19.60440374,26.54723127,0,0,0,59.3,38,45,49.9,40.9,43.3,52.2,70.4,87.2,100.3,111.1,110.2,114.9,119.8,121.1,115.6,107.3,97.1,80.9,69.4,59.9,44.5,32.7,29.6,44.1,59.6,65.6,0,0,0,0,0,0,0,0,0,0,0,0,0,0,0,0,0,0,0,0,0,0,0,0,0,0,0,0,0,0,0,0,0,0,0,0,0,0,0,0,0,0,0,0,0,0,0,0,0,0,0,0,0,0,0,0,0,0,0,0,0,0,0,48.5,81.7,112.3,127.9,126.3,125.7,117.8,106.9,98.2,86.4,74.2,53.3,40.6,34.9,36.3,38.8,47.5,55.3,64.8,85.9,108.7,113.4,111.2,114.8,120.8,116.5,110.7,0,0,0,0,0,0,0,0,0,0,0,0,0,0,0,0,0,0,0,0,0,0,0,0,0,0,0,0,0,0,0,0,0,0,0,0,0,0,0,0,0,0,0,0,0,0,0,0,0,0,0,0,0,0,0,0,0,0,0,0,1969.9,2359.4,72.95925926,87.38518519,115,55,4,4
31,1,A,S,2,90.1,2292,21,29,6,7,87,-117,1.5,0,1,0,90,2206,18,90,56.6,69.5,96.6,110.4,119.4,123.3,125.4,127.2,125.3,122.4,122,117.5,109.5,97.3,82.1,59.9,47.4,41.3,32.7,35,52.3,79.3,110.6,123.9,126,120.3,122.7,118.2,111.9,103,94.2,83.8,72.6,62,49.9,44.2,46.7,56.2,69.2,79.3,92.9,107.3,112.9,120.4,125.3,125.2,124.5,119.7,115.7,110,100,92.3,80.8,70.6,56.5,46.6,43.7,47.9,50.4,59.2,69.6,93.1,108.3,109.9,116.5,121.8,126.6,118.1,110.3,95.6,76.7,60.5,60.2,68.8,63.7,48.9,42,42.7,43.5,56.5,71.5,88.5,102.4,111,118.2,115.2,112.1,111.6,108.5,102.9,111.7,106.8,95.2,80.9,66.7,54.4,43.5,40.7,39,37.6,44.3,54.5,72.1,86,101.6,113.2,127.1,127.4,109.7,80.8,45.3,12.2,30.9,47.4,46.2,34.6,42.7,57.3,70.4,81.7,95.4,110.6,118.8,126.2,128.5,130,127.4,119.6,111,99.6,87.9,82,72.7,61.7,50.2,40.2,40.9,48.4,62.5,68.5,82.7,100.6,112.4,122.9,126.7,129.5,128.7,124.9,119.9,103.5,88.5,75.8,74.3,71.2,59.9,48.4,45.5,33.6,23.7,17.5,29.8,62.6,97.2,123.9,123.8,121.8,127,127.9,124.3,119.1,109,99.2,89.2,75.9,67,62.1,61.6,69.3,73.3,78,TT,O,,2022,1,1,4/19/2009,25.43840178,24.15402819,24.20958953,23.8762215,0,69.5,96.6,110.4,119.4,123.3,125.4,127.2,125.3,122.4,122,117.5,109.5,97.3,82.1,59.9,47.4,41.3,32.7,35,52.3,79.3,110.6,123.9,126,120.3,122.7,118.2,111.9,103,94.2,83.8,72.6,62,49.9,44.2,46.7,56.2,69.2,79.3,92.9,107.3,112.9,120.4,125.3,125.2,124.5,119.7,115.7,110,100,92.3,80.8,70.6,56.5,46.6,43.7,47.9,50.4,59.2,69.6,93.1,108.3,109.9,116.5,121.8,126.6,118.1,110.3,95.6,76.7,60.5,60.2,68.8,63.7,48.9,42,42.7,43.5,56.5,71.5,88.5,102.4,111,118.2,115.2,112.1,111.6,108.5,102.9,0,106.8,95.2,80.9,66.7,54.4,43.5,40.7,39,37.6,44.3,54.5,72.1,86,101.6,113.2,127.1,127.4,109.7,80.8,45.3,12.2,30.9,47.4,46.2,34.6,42.7,57.3,70.4,81.7,95.4,110.6,118.8,126.2,128.5,130,127.4,119.6,111,99.6,87.9,82,72.7,61.7,50.2,40.2,40.9,48.4,62.5,68.5,82.7,100.6,112.4,122.9,126.7,129.5,128.7,124.9,119.9,103.5,88.5,75.8,74.3,71.2,59.9,48.4,45.5,33.6,23.7,17.5,29.8,62.6,97.2,123.9,123.8,121.8,127,127.9,124.3,119.1,109,99.2,89.2,75.9,67,62.1,61.6,69.3,73.3,78,7967.6,7264.5,89.52359551,81.62359551,55,115,2,2
32,1,A,W,2,7.7,181,27,29,14,46,40,48,1.5,1,0,0,90,2206,18,7,122.3,117.7,111.5,97.4,73.3,37,10.8,0,0,0,0,0,0,0,0,0,0,0,0,0,0,0,0,0,0,0,0,0,0,0,0,0,0,0,0,0,0,0,0,0,0,0,0,0,0,0,0,0,0,0,0,0,0,0,0,0,0,0,0,0,0,0,0,0,0,0,0,0,0,0,0,0,0,0,0,0,0,0,0,0,0,0,0,0,0,0,0,0,0,0,53,53.4,54.7,64.4,75.2,89.3,95.6,0,0,0,0,0,0,0,0,0,0,0,0,0,0,0,0,0,0,0,0,0,0,0,0,0,0,0,0,0,0,0,0,0,0,0,0,0,0,0,0,0,0,0,0,0,0,0,0,0,0,0,0,0,0,0,0,0,0,0,0,0,0,0,0,0,0,0,0,0,0,0,0,0,0,0,0,0,0,0,0,0,0,0,TT,O,,2022,2,1,4/19/2009,23.50649351,24.15402819,24.20958953,23.8762215,0,0,0,0,73.3,37,10.8,0,0,0,0,0,0,0,0,0,0,0,0,0,0,0,0,0,0,0,0,0,0,0,0,0,0,0,0,0,0,0,0,0,0,0,0,0,0,0,0,0,0,0,0,0,0,0,0,0,0,0,0,0,0,0,0,0,0,0,0,0,0,0,0,0,0,0,0,0,0,0,0,0,0,0,0,0,0,0,0,0,0,0,0,0,0,0,75.2,89.3,95.6,0,0,0,0,0,0,0,0,0,0,0,0,0,0,0,0,0,0,0,0,0,0,0,0,0,0,0,0,0,0,0,0,0,0,0,0,0,0,0,0,0,0,0,0,0,0,0,0,0,0,0,0,0,0,0,0,0,0,0,0,0,0,0,0,0,0,0,0,0,0,0,0,0,0,0,0,0,0,0,0,0,0,0,121.1,260.1,40.36666667,86.7,115,55,5,5
33,1,A,E,2,53.4,1399,26,25,8,34,58,73,1.5,1,2,0,90,2206,18,53,71,69.5,68.2,67.8,72.2,84,99.7,106.2,106.3,98.2,83.9,61.7,40.4,37.8,45.6,52.5,55.8,64.7,78,95.2,106.5,114.1,122.2,121,116.3,113,103.3,87.7,78.2,67.7,49.2,43,43.4,39.5,48.1,66.2,85.8,102.3,118.5,120.1,118.7,122,119,113,104.7,90.5,74.7,66.9,55.9,44.7,31.5,15,2.7,0,0,0,0,0,0,0,0,0,0,0,0,0,0,0,0,0,0,0,0,0,0,0,0,0,0,0,0,0,0,0,0,0,0,0,0,0,123,106.9,89.8,61.8,35.4,8.6,28.2,54.9,76.2,81.9,92.4,95.9,105.4,121.9,129.6,126,111.8,95,74.9,56.4,46.5,35.2,37.3,43.9,53.3,65.1,74.6,87.7,104,111.8,121.5,128.3,127.8,113.7,97.8,81.7,65.4,53,46.3,39.8,32.9,41.2,53.5,64.5,79.7,90.3,100.4,112.6,119.3,122.5,114.9,98.5,86.4,0,0,0,0,0,0,0,0,0,0,0,0,0,0,0,0,0,0,0,0,0,0,0,0,0,0,0,0,0,0,0,0,0,0,0,0,0,TT,O,,2022,3,1,4/19/2009,26.19850187,24.15402819,24.20958953,23.8762215,0,69.5,68.2,67.8,72.2,84,99.7,106.2,106.3,98.2,83.9,61.7,40.4,37.8,45.6,52.5,55.8,64.7,78,95.2,106.5,114.1,122.2,121,116.3,113,103.3,87.7,78.2,67.7,49.2,43,43.4,39.5,48.1,66.2,85.8,102.3,118.5,120.1,118.7,122,119,113,104.7,90.5,74.7,66.9,55.9,44.7,31.5,15,2.7,0,0,0,0,0,0,0,0,0,0,0,0,0,0,0,0,0,0,0,0,0,0,0,0,0,0,0,0,0,0,0,0,0,0,0,0,0,0,106.9,89.8,61.8,35.4,8.6,28.2,54.9,76.2,81.9,92.4,95.9,105.4,121.9,129.6,126,111.8,95,74.9,56.4,46.5,35.2,37.3,43.9,53.3,65.1,74.6,87.7,104,111.8,121.5,128.3,127.8,113.7,97.8,81.7,65.4,53,46.3,39.8,32.9,41.2,53.5,64.5,79.7,90.3,100.4,112.6,119.3,122.5,114.9,98.5,86.4,0,0,0,0,0,0,0,0,0,0,0,0,0,0,0,0,0,0,0,0,0,0,0,0,0,0,0,0,0,0,0,0,0,0,0,0,0,4093.1,4204.4,78.71346154,80.85384615,55,115,2,2
31,2,A,W,2,90.1,2122,18,36,3,26,71,62,1.5,0,0,0,90,2206,18,90,117,113,103.5,90.2,80.6,64.4,46.6,43.4,46,55.3,70.3,80.9,81.2,91.2,108.9,119.4,119.9,122.4,121.5,118.5,110.8,107.5,120.2,120.6,123.5,124.4,111.3,98,90.4,97.9,99.7,93.7,82.4,65.4,58.3,48.2,44.4,46.7,64.2,78.9,78.7,82.3,96.9,116.8,118.2,117.8,123.3,117.9,119.8,110.6,108.8,110.3,105.3,98.2,85.8,84.9,74.6,62.5,42.3,40,40.1,39.6,48,48,54.5,71.5,97.5,103.7,106.6,119.5,121,118.5,125.7,123.5,120.2,121.1,121.1,117.1,115.3,111.4,108.7,109.3,106.2,98.1,84.1,67.3,43.7,37.2,41.3,61.7,52.5,54.4,66.8,83,102.1,110.9,123.5,129.4,128.4,124.7,119.5,111.1,92.2,70.6,55.3,50.3,40.7,36.2,40.4,52.5,53.5,50.8,58,46.4,38.7,37.8,25.8,27.9,54.2,87.2,92.8,92.5,101.4,113.1,127.3,129.1,130.4,124.6,114.1,103.5,96.2,79.3,63.3,57.8,54.3,43.4,38.3,33.9,43.6,46.8,66.6,75.6,73.5,77.7,90.8,110.2,106.6,106.9,111.6,125,126.4,123.4,121.2,113.2,97.2,85.1,80,80.4,68.2,58.4,50.2,37.4,39.3,38.9,44.9,52.7,49.2,41.3,34.4,25.9,37.1,62.3,77.1,86.2,95.3,106.2,108.4,92.8,68.3,40.1,TT,O,,2022,4,1,4/20/2009,23.55160932,24.15402819,24.20958953,23.8762215,0,0,0,0,80.6,64.4,46.6,43.4,46,55.3,70.3,80.9,81.2,91.2,108.9,119.4,119.9,122.4,121.5,118.5,110.8,107.5,120.2,120.6,123.5,124.4,111.3,98,90.4,97.9,99.7,93.7,82.4,65.4,58.3,48.2,44.4,46.7,64.2,78.9,78.7,82.3,96.9,116.8,118.2,117.8,123.3,117.9,119.8,110.6,108.8,110.3,105.3,98.2,85.8,84.9,74.6,62.5,42.3,40,40.1,39.6,48,48,54.5,71.5,97.5,103.7,106.6,119.5,121,118.5,125.7,123.5,120.2,121.1,121.1,117.1,115.3,111.4,108.7,109.3,106.2,98.1,84.1,67.3,43.7,37.2,41.3,61.7,0,0,0,0,102.1,110.9,123.5,129.4,128.4,124.7,119.5,111.1,92.2,70.6,55.3,50.3,40.7,36.2,40.4,52.5,53.5,50.8,58,46.4,38.7,37.8,25.8,27.9,54.2,87.2,92.8,92.5,101.4,113.1,127.3,129.1,130.4,124.6,114.1,103.5,96.2,79.3,63.3,57.8,54.3,43.4,38.3,33.9,43.6,46.8,66.6,75.6,73.5,77.7,90.8,110.2,106.6,106.9,111.6,125,126.4,123.4,121.2,113.2,97.2,85.1,80,80.4,68.2,58.4,50.2,37.4,39.3,38.9,44.9,52.7,49.2,41.3,34.4,25.9,37.1,62.3,77.1,86.2,95.3,106.2,108.4,92.8,68.3,40.1,7733.5,6639.8,89.9244186,77.20697674,115,55,5,5
32,2,A,S,2,90.1,2014,22,24,19,34,47,47,1.5,0,2,0,90,2206,18,90,59.2,49.5,34.2,29.5,44.6,64.2,66.1,75.2,90.3,107,113.6,117,121.6,121,117.7,114.2,110.7,105.2,97.7,79.5,77.2,71.9,56.1,48.2,53,73.3,99.7,119.8,116.8,113,104.3,94.4,94,86.3,77.5,64.7,53.7,50,40.4,27,40.1,39.2,25,26.3,47.3,76.3,104.1,116.1,118.8,109.5,90,78.1,81.3,88.8,95.8,92.4,90.2,95.2,93.7,91.2,84.5,82.5,89.7,107,116.1,115,106.3,96.4,88.2,83.1,82,75.6,62.1,49.8,44.8,40.2,39.5,52.1,70.9,77.7,89,93.9,96.9,88.3,75.1,60.5,54.3,46.7,32.4,21.6,116.6,118.1,115.1,115.2,120.9,127.1,114.8,101.5,87,75,62.8,50.7,40.7,34.5,36.9,53.2,69.4,73.7,75.1,87,100.6,98.1,85.9,68.2,42,16.4,27.5,48.9,47.1,47.2,55.4,72.7,101,100.9,102.6,115.6,123.2,121.1,117.1,112.4,120,121.5,103.5,81.9,56.9,37.9,39.1,47.9,55.4,50.8,30.4,13.5,21.2,48.9,66.3,77.4,92.3,102.1,93.1,88.5,71.9,46.4,16.8,23.9,45.8,61.6,72.6,85.5,91.5,87.2,93.2,95.9,106.3,122.9,129,125.9,115.7,106.3,98.2,81.9,69,68.8,63,58.1,62.8,66.4,48.6,41.8,57.9,85.3,TT,O,,2022,5,1,4/20/2009,22.35294118,24.15402819,24.20958953,23.8762215,0,49.5,34.2,29.5,44.6,64.2,66.1,75.2,90.3,107,113.6,117,121.6,121,117.7,114.2,110.7,105.2,97.7,79.5,77.2,71.9,56.1,48.2,53,73.3,99.7,119.8,116.8,113,104.3,94.4,94,86.3,77.5,64.7,53.7,50,40.4,27,40.1,39.2,25,26.3,47.3,76.3,104.1,116.1,118.8,109.5,90,78.1,81.3,88.8,95.8,92.4,90.2,95.2,93.7,91.2,84.5,82.5,89.7,107,116.1,115,106.3,96.4,88.2,83.1,82,75.6,62.1,49.8,44.8,40.2,39.5,52.1,70.9,77.7,89,93.9,96.9,88.3,75.1,60.5,54.3,46.7,32.4,21.6,0,118.1,115.1,115.2,120.9,127.1,114.8,101.5,87,75,62.8,50.7,40.7,34.5,36.9,53.2,69.4,73.7,75.1,87,100.6,98.1,85.9,68.2,42,16.4,27.5,48.9,47.1,47.2,55.4,72.7,101,100.9,102.6,115.6,123.2,121.1,117.1,112.4,120,121.5,103.5,81.9,56.9,37.9,39.1,47.9,55.4,50.8,30.4,13.5,21.2,48.9,66.3,77.4,92.3,102.1,93.1,88.5,71.9,46.4,16.8,23.9,45.8,61.6,72.6,85.5,91.5,87.2,93.2,95.9,106.3,122.9,129,125.9,115.7,106.3,98.2,81.9,69,68.8,63,58.1,62.8,66.4,48.6,41.8,57.9,85.3,7001.7,6811.4,78.67078652,76.53258427,55,115,2,2
33,2,A,N,2,30.7,733,35,38,20,20,60,59,1.5,1,0,0,90,2206,18,30,116,113.1,106.5,89.5,61.9,31.5,7.6,30.5,41.7,31.1,24.9,36.4,62.8,92.7,114.9,120.5,119.9,120.6,120.8,117.2,109.2,102.5,92.7,80.5,69.3,54.5,40.6,41.2,44.8,50.8,0,0,0,0,0,0,0,0,0,0,0,0,0,0,0,0,0,0,0,0,0,0,0,0,0,0,0,0,0,0,0,0,0,0,0,0,0,0,0,0,0,0,0,0,0,0,0,0,0,0,0,0,0,0,0,0,0,0,0,0,59.4,51.9,42,33.4,35.7,56.6,89.7,117.2,127.6,114.3,97.3,74.4,52.2,42.3,44.5,42.7,36.4,35.5,46.2,52.9,63.9,75.9,84.3,99.3,108.8,113,118.6,127.3,127.2,121.2,0,0,0,0,0,0,0,0,0,0,0,0,0,0,0,0,0,0,0,0,0,0,0,0,0,0,0,0,0,0,0,0,0,0,0,0,0,0,0,0,0,0,0,0,0,0,0,0,0,0,0,0,0,0,0,0,0,0,0,0,FS,O,,2022,6,1,4/20/2009,23.8762215,24.15402819,24.20958953,23.8762215,0,0,0,0,61.9,31.5,7.6,30.5,41.7,31.1,24.9,36.4,62.8,92.7,114.9,120.5,119.9,120.6,120.8,117.2,109.2,102.5,92.7,80.5,69.3,54.5,40.6,41.2,44.8,50.8,0,0,0,0,0,0,0,0,0,0,0,0,0,0,0,0,0,0,0,0,0,0,0,0,0,0,0,0,0,0,0,0,0,0,0,0,0,0,0,0,0,0,0,0,0,0,0,0,0,0,0,0,0,0,0,0,0,0,0,0,0,0,0,0,35.7,56.6,89.7,117.2,127.6,114.3,97.3,74.4,52.2,42.3,44.5,42.7,36.4,35.5,46.2,52.9,63.9,75.9,84.3,99.3,108.8,113,118.6,127.3,127.2,121.2,0,0,0,0,0,0,0,0,0,0,0,0,0,0,0,0,0,0,0,0,0,0,0,0,0,0,0,0,0,0,0,0,0,0,0,0,0,0,0,0,0,0,0,0,0,0,0,0,0,0,0,0,0,0,0,0,0,0,0,0,1821.1,2105,70.04230769,80.96153846,115,55,5,5
34,1,A,S,2,37.2,1079,25,34,12,22,66,63,1.5,2,0,0,90,2206,19,37,58.5,57.5,49,48.5,61.7,76.2,90.9,103.2,113.9,119.1,119.3,123.2,122.4,115.7,110,102.4,87.8,71.1,58.4,44.8,29.6,10.4,16.3,45.7,75.1,77.1,81.1,102.6,118.1,117.9,114.9,111.5,115.9,106.3,86.7,56.4,17.5,0,0,0,0,0,0,0,0,0,0,0,0,0,0,0,0,0,0,0,0,0,0,0,0,0,0,0,0,0,0,0,0,0,0,0,0,0,0,0,0,0,0,0,0,0,0,0,0,0,0,0,0,0,107.4,106.8,124.9,133.3,132.8,124.5,109.4,90.9,70.2,54.2,42.4,37.1,41.9,49,68.7,81.8,94.9,108.9,114.6,119.6,108,94.2,89.8,105,121.6,112.4,86.9,64.6,54.9,45.1,33.1,29.5,42.5,41.1,29.5,36.7,71,0,0,0,0,0,0,0,0,0,0,0,0,0,0,0,0,0,0,0,0,0,0,0,0,0,0,0,0,0,0,0,0,0,0,0,0,0,0,0,0,0,0,0,0,0,0,0,0,0,0,0,0,0,TT,O,,2022,1,1,4/30/2009,29.00537634,27.71641057,27.61683554,28.21428571,0,57.5,49,48.5,61.7,76.2,90.9,103.2,113.9,119.1,119.3,123.2,122.4,115.7,110,102.4,87.8,71.1,58.4,44.8,29.6,10.4,16.3,45.7,75.1,77.1,81.1,102.6,118.1,117.9,114.9,111.5,115.9,106.3,86.7,56.4,17.5,0,0,0,0,0,0,0,0,0,0,0,0,0,0,0,0,0,0,0,0,0,0,0,0,0,0,0,0,0,0,0,0,0,0,0,0,0,0,0,0,0,0,0,0,0,0,0,0,0,0,0,0,0,0,106.8,124.9,133.3,132.8,124.5,109.4,90.9,70.2,54.2,42.4,37.1,41.9,49,68.7,81.8,94.9,108.9,114.6,119.6,108,94.2,89.8,105,121.6,112.4,86.9,64.6,54.9,45.1,33.1,29.5,42.5,41.1,29.5,36.7,71,0,0,0,0,0,0,0,0,0,0,0,0,0,0,0,0,0,0,0,0,0,0,0,0,0,0,0,0,0,0,0,0,0,0,0,0,0,0,0,0,0,0,0,0,0,0,0,0,0,0,0,0,0,2958.2,2871.8,82.17222222,79.77222222,55,115,2,2
35,1,A,W,2,90.1,2305,22,29,1,24,75,30,1.5,0,0,0,90,2206,19,90,120.7,120.6,111.7,98.9,95.8,93.2,79.5,62.5,44.9,28,42,69.9,82.3,86.7,98.9,116.8,117.9,117.1,115.8,116.4,111.6,107.4,103.1,93.5,81.5,67.6,51.9,39.8,42.4,43.3,49.1,66.2,67.7,66.2,77.9,100.8,119.4,116.4,114.4,115.9,120.2,117.6,113.7,103.4,91.5,74,56.7,45.7,45.9,42.9,49.1,67.5,83.3,91.3,98.5,109.5,110.9,108.5,97.4,82.4,79.8,95.4,102.5,113.4,120.4,124.3,126.3,125.1,122.9,118.6,112.2,106.6,98.5,90.6,82.6,72.2,62.5,55,47.5,43.2,44.8,49.5,58.3,72.6,86.9,103.1,109,107,114.1,122.7,49.2,51.7,47.4,53.4,79.6,91.9,100.7,110.4,118.2,113,116.1,122.8,112.7,91,67.9,55.3,50.8,43,38.3,34,26.5,41.5,68.8,89.9,99.7,110.3,120.7,121,127.6,128.9,126.6,127.5,117.8,97.7,75.1,58.8,54,46.4,38.1,30.3,40.9,53,59.1,63,78.4,95.8,112.2,128.7,132.1,125.9,122.7,121.8,114.3,97.6,79.6,65.2,52.2,33.1,15,36.7,73.8,91.7,83.6,73.9,61.6,49.2,41.3,39.8,46.7,58.6,70.1,78.5,87.8,99.1,111,120.4,125.5,128,128.3,129.4,127.4,122.8,116.8,106.5,96.7,87.8,77.8,68.4,63.1,58.5,TT,O,,2022,2,1,4/19/2009,25.5826859,27.71641057,27.61683554,28.21428571,0,0,0,98.9,95.8,93.2,79.5,62.5,44.9,28,42,69.9,82.3,86.7,98.9,116.8,117.9,117.1,115.8,116.4,111.6,107.4,103.1,93.5,81.5,67.6,51.9,39.8,42.4,43.3,49.1,66.2,67.7,66.2,77.9,100.8,119.4,116.4,114.4,115.9,120.2,117.6,113.7,103.4,91.5,74,56.7,45.7,45.9,42.9,49.1,67.5,83.3,91.3,98.5,109.5,110.9,108.5,97.4,82.4,79.8,95.4,102.5,113.4,120.4,124.3,126.3,125.1,122.9,118.6,112.2,106.6,98.5,90.6,82.6,72.2,62.5,55,47.5,43.2,44.8,49.5,58.3,72.6,86.9,103.1,109,107,114.1,122.7,0,0,0,53.4,79.6,91.9,100.7,110.4,118.2,113,116.1,122.8,112.7,91,67.9,55.3,50.8,43,38.3,34,26.5,41.5,68.8,89.9,99.7,110.3,120.7,121,127.6,128.9,126.6,127.5,117.8,97.7,75.1,58.8,54,46.4,38.1,30.3,40.9,53,59.1,63,78.4,95.8,112.2,128.7,132.1,125.9,122.7,121.8,114.3,97.6,79.6,65.2,52.2,33.1,15,36.7,73.8,91.7,83.6,73.9,61.6,49.2,41.3,39.8,46.7,58.6,70.1,78.5,87.8,99.1,111,120.4,125.5,128,128.3,129.4,127.4,122.8,116.8,106.5,96.7,87.8,77.8,68.4,63.1,58.5,7580.3,7357.7,87.12988506,84.57126437,115,55,4,4
36,1,A,E,2,90.1,2238,21,29,5,36,59,-22,1.5,0,2,0,90,2206,19,90,64,58.8,50,39.3,44.3,46,54.5,70.4,92,101.1,111.6,122.7,118.4,111,105,103.9,104.5,96.2,83.2,73.9,73.9,70.2,62.6,50.1,32.6,30,49.7,73.1,83.1,93.9,106.3,110.1,110.8,112.7,112,119.4,119.1,112.4,102.8,88.1,82.2,75.3,70,55,39.8,41.7,45.3,51.9,61.2,59.1,62.6,72.8,93.1,108.8,113.8,112.3,102.1,87.3,80.8,89.5,99.7,104.7,103.3,110.2,116.3,119.5,120.5,122.3,119.6,112.4,102.3,89.7,77.9,61.3,47.9,44.2,48.2,59.4,73.6,85.3,95.8,103.9,107.6,104.7,93.4,81.6,74.3,75.7,84.4,81.1,122.1,118.2,120.5,123.6,127.4,122.7,107.1,94.2,82.5,65.7,51,43.9,34.8,24.8,27.4,48.7,59,71,81.8,103.2,119.7,119.6,123.7,126.1,117,111.4,111.5,105.5,96.2,85.6,76.7,65.9,53.4,38.3,27.2,34.8,38.6,38.1,41.1,60.3,88.4,110.3,117.8,117.7,120.7,126.4,122.7,120.2,112.2,99.3,83.7,65.8,54.4,50.1,42.6,37,21.5,8.7,39.4,69.3,88,82.5,67.1,56,51.2,42.1,34.9,39.3,49.1,62.9,80.7,93.6,103.8,114.9,125.6,130.3,129.7,125.9,120.3,109.1,97.3,82,70.3,51.8,25.7,9.3,34.8,68.5,92.7,98.9,TT,O,,2022,3,1,4/19/2009,24.8390677,27.71641057,27.61683554,28.21428571,0,58.8,50,39.3,44.3,46,54.5,70.4,92,101.1,111.6,122.7,118.4,111,105,103.9,104.5,96.2,83.2,73.9,73.9,70.2,62.6,50.1,32.6,30,49.7,73.1,83.1,93.9,106.3,110.1,110.8,112.7,112,119.4,119.1,112.4,102.8,88.1,82.2,75.3,70,55,39.8,41.7,45.3,51.9,61.2,59.1,62.6,72.8,93.1,108.8,113.8,112.3,102.1,87.3,80.8,89.5,99.7,104.7,103.3,110.2,116.3,119.5,120.5,122.3,119.6,112.4,102.3,89.7,77.9,61.3,47.9,44.2,48.2,59.4,73.6,85.3,95.8,103.9,107.6,104.7,93.4,81.6,74.3,75.7,84.4,81.1,0,118.2,120.5,123.6,127.4,122.7,107.1,94.2,82.5,65.7,51,43.9,34.8,24.8,27.4,48.7,59,71,81.8,103.2,119.7,119.6,123.7,126.1,117,111.4,111.5,105.5,96.2,85.6,76.7,65.9,53.4,38.3,27.2,34.8,38.6,38.1,41.1,60.3,88.4,110.3,117.8,117.7,120.7,126.4,122.7,120.2,112.2,99.3,83.7,65.8,54.4,50.1,42.6,37,21.5,8.7,39.4,69.3,88,82.5,67.1,56,51.2,42.1,34.9,39.3,49.1,62.9,80.7,93.6,103.8,114.9,125.6,130.3,129.7,125.9,120.3,109.1,97.3,82,70.3,51.8,25.7,9.3,34.8,68.5,92.7,98.9,7525.1,7044.7,84.55168539,79.15393258,55,115,2,2
34,2,A,W,2,90.1,2769,25,23,2,39,59,45,1.5,0,1,0,90,2206,19,90,110.6,89.2,74.1,52.6,45.7,55.2,73.3,88.5,101.4,108.5,107.9,106.4,115.9,121.8,117.5,111.3,108.9,91.5,72.9,52.1,43.1,44.1,44.7,57.2,78.1,95,107.1,112.2,121.7,119.2,114.6,105.5,91.2,68.6,44.9,36.4,41,50.5,56.7,64.9,85.3,104.4,107.7,102.3,88.9,80.1,100.4,115.8,108.4,101.8,88.5,70.8,51.7,44.3,47.1,52.6,61.1,77.7,91.8,95.3,101.5,107,109.1,114.9,117.2,113.4,105.9,95.1,76.7,55.1,36.3,25.9,28.3,47.4,75.1,92.8,92.9,101.6,109,113.9,120.6,122.3,117.9,109.1,91.6,75.7,61.1,51,42.4,44.4,53.5,73.3,103.4,120.1,131.3,131.2,126.1,111.6,94.3,80.3,68.7,42.8,30.7,45.3,52.4,50.6,55.7,68.2,92.1,113.9,127.6,128.4,120.3,110.7,100,84.4,64.9,50.1,37.4,34.9,48.5,69.8,88.3,100.5,116.3,122.4,121.3,119.9,114.4,98.9,84.2,74.8,71.5,61.1,34.5,13.4,46.7,62.1,62.5,79.1,95.5,107.8,121.4,129.7,130.8,127,118,111.9,102.6,86.1,73.3,65.9,57,40.5,31.6,36.3,53.2,71,87,106.2,118.4,112.1,104.6,97,98.1,102.1,84.8,69.8,54.4,43,35.6,38.8,43.9,49.6,53.2,69,93.9,116.6,128,126.9,TT,O,,2022,4,1,4/20/2009,30.73251942,27.71641057,27.61683554,28.21428571,0,0,0,52.6,45.7,55.2,73.3,88.5,101.4,108.5,107.9,106.4,115.9,121.8,117.5,111.3,108.9,91.5,72.9,52.1,43.1,44.1,44.7,57.2,78.1,95,107.1,112.2,121.7,119.2,114.6,105.5,91.2,68.6,44.9,36.4,41,50.5,56.7,64.9,85.3,104.4,107.7,102.3,88.9,80.1,100.4,115.8,108.4,101.8,88.5,70.8,51.7,44.3,47.1,52.6,61.1,77.7,91.8,95.3,101.5,107,109.1,114.9,117.2,113.4,105.9,95.1,76.7,55.1,36.3,25.9,28.3,47.4,75.1,92.8,92.9,101.6,109,113.9,120.6,122.3,117.9,109.1,91.6,75.7,61.1,51,42.4,44.4,0,0,0,120.1,131.3,131.2,126.1,111.6,94.3,80.3,68.7,42.8,30.7,45.3,52.4,50.6,55.7,68.2,92.1,113.9,127.6,128.4,120.3,110.7,100,84.4,64.9,50.1,37.4,34.9,48.5,69.8,88.3,100.5,116.3,122.4,121.3,119.9,114.4,98.9,84.2,74.8,71.5,61.1,34.5,13.4,46.7,62.1,62.5,79.1,95.5,107.8,121.4,129.7,130.8,127,118,111.9,102.6,86.1,73.3,65.9,57,40.5,31.6,36.3,53.2,71,87,106.2,118.4,112.1,104.6,97,98.1,102.1,84.8,69.8,54.4,43,35.6,38.8,43.9,49.6,53.2,69,93.9,116.6,128,126.9,7259.3,7256.8,83.44022989,83.41149425,115,55,4,4
35,2,A,S,2,90.1,2516,20,31,8,58,34,-68,1.5,0,0,0,90,2206,19,90,59.1,53.8,64.7,92.9,117.6,119.5,115.7,102.5,74,49.6,51.9,70.3,68.8,68.1,73.7,86.5,98.2,104.9,112,108.3,102.9,98.3,89.6,74.8,53.8,33.3,34.7,41.8,52.6,66.3,80.7,92.7,100.2,103.9,104.8,101.2,96.4,93.3,88.3,78.9,52.3,38.6,39.3,50.9,65,77.2,84.3,93,103.9,112.6,119.2,122.8,121.5,114.8,103.6,85.6,58.6,32.7,37.9,47.7,56.8,69.6,76.5,83.7,95.5,105.6,112,108,94.5,72.9,49.4,34.4,36.1,39.2,45.4,53.3,67.4,80.1,87.5,87.4,91.4,94.5,98.9,105.2,108.5,98.5,82.2,66.3,51.7,40.6,110.4,84.3,50,25,32.3,32.9,29.6,20.4,28,62.7,103.6,121.2,110.4,96.3,77,55.6,43,35.2,27.1,25.1,36.4,56.9,69.4,82.1,96,112.8,119.9,116.3,106.4,96.4,86,72,60.4,51.5,33.8,16.6,30,58,84.1,101.9,112.8,119,125,127.6,125.5,118.2,101.2,81.9,64.2,51.3,42.8,37,40.9,52.9,67.4,79.7,89.4,107,123.8,126.8,119.7,111.3,97.8,78.5,58.1,46.6,36.3,22.6,17.9,31.1,56,91.1,116.1,125.5,127,123.6,120.4,114,106.5,91.9,72.2,58,32.7,20.5,33.1,44.6,57.9,77.3,97.2,111.8,TT,O,,2022,5,1,4/20/2009,27.9245283,27.71641057,27.61683554,28.21428571,0,53.8,64.7,92.9,117.6,119.5,115.7,102.5,74,49.6,51.9,70.3,68.8,68.1,73.7,86.5,98.2,104.9,112,108.3,102.9,98.3,89.6,74.8,53.8,33.3,34.7,41.8,52.6,66.3,80.7,92.7,100.2,103.9,104.8,101.2,96.4,93.3,88.3,78.9,52.3,38.6,39.3,50.9,65,77.2,84.3,93,103.9,112.6,119.2,122.8,121.5,114.8,103.6,85.6,58.6,32.7,37.9,47.7,56.8,69.6,76.5,83.7,95.5,105.6,112,108,94.5,72.9,49.4,34.4,36.1,39.2,45.4,53.3,67.4,80.1,87.5,87.4,91.4,94.5,98.9,105.2,108.5,98.5,82.2,66.3,51.7,40.6,0,84.3,50,25,32.3,32.9,29.6,20.4,28,62.7,103.6,121.2,110.4,96.3,77,55.6,43,35.2,27.1,25.1,36.4,56.9,69.4,82.1,96,112.8,119.9,116.3,106.4,96.4,86,72,60.4,51.5,33.8,16.6,30,58,84.1,101.9,112.8,119,125,127.6,125.5,118.2,101.2,81.9,64.2,51.3,42.8,37,40.9,52.9,67.4,79.7,89.4,107,123.8,126.8,119.7,111.3,97.8,78.5,58.1,46.6,36.3,22.6,17.9,31.1,56,91.1,116.1,125.5,127,123.6,120.4,114,106.5,91.9,72.2,58,32.7,20.5,33.1,44.6,57.9,77.3,97.2,111.8,7076.1,6638.3,79.50674157,74.58764045,55,115,2,2
36,2,A,N,2,30.8,869,27,19,16,57,27,-3,1.5,0,1,0,90,2206,19,30,110.5,101.1,79.3,52.6,45.7,59.6,52.2,39.5,31.6,41.5,58.4,70.2,77.9,89.7,100.2,103.2,100.1,90.4,83.3,79.2,70.6,53.1,34.7,25.3,37.3,58,74.6,81.7,90.1,96.2,0,0,0,0,0,0,0,0,0,0,0,0,0,0,0,0,0,0,0,0,0,0,0,0,0,0,0,0,0,0,0,0,0,0,0,0,0,0,0,0,0,0,0,0,0,0,0,0,0,0,0,0,0,0,0,0,0,0,0,0,59.9,53.2,38,36.6,64.2,97.3,114.2,115.2,117.2,119.9,118.4,109.6,94.1,75.4,61.9,51.9,30.1,9,30.8,62.9,85.2,103.5,109.8,110.8,114.1,115.3,111.2,97,82.9,67.9,0,0,0,0,0,0,0,0,0,0,0,0,0,0,0,0,0,0,0,0,0,0,0,0,0,0,0,0,0,0,0,0,0,0,0,0,0,0,0,0,0,0,0,0,0,0,0,0,0,0,0,0,0,0,0,0,0,0,0,0,FS,O,,2022,6,1,4/20/2009,28.21428571,27.71641057,27.61683554,28.21428571,0,0,0,52.6,45.7,59.6,52.2,39.5,31.6,41.5,58.4,70.2,77.9,89.7,100.2,103.2,100.1,90.4,83.3,79.2,70.6,53.1,34.7,25.3,37.3,58,74.6,81.7,90.1,96.2,0,0,0,0,0,0,0,0,0,0,0,0,0,0,0,0,0,0,0,0,0,0,0,0,0,0,0,0,0,0,0,0,0,0,0,0,0,0,0,0,0,0,0,0,0,0,0,0,0,0,0,0,0,0,0,0,0,0,0,0,0,0,0,36.6,64.2,97.3,114.2,115.2,117.2,119.9,118.4,109.6,94.1,75.4,61.9,51.9,30.1,9,30.8,62.9,85.2,103.5,109.8,110.8,114.1,115.3,111.2,97,82.9,67.9,0,0,0,0,0,0,0,0,0,0,0,0,0,0,0,0,0,0,0,0,0,0,0,0,0,0,0,0,0,0,0,0,0,0,0,0,0,0,0,0,0,0,0,0,0,0,0,0,0,0,0,0,0,0,0,0,0,0,0,0,1796.9,2306.4,66.55185185,85.42222222,115,55,4,4
1,3,A,W,2,27.1,783,33,21,5,20,75,42,1.5,2,0,0,90,2206,2,27,113.9,105.1,97.5,80.6,61.6,47,44,49.4,71.1,85.7,95.4,108.8,114.7,114.8,118.2,122.4,119.1,113.6,104.3,92,77.5,52,36.6,38.4,30.8,11.2,4.6,0,0,0,0,0,0,0,0,0,0,0,0,0,0,0,0,0,0,0,0,0,0,0,0,0,0,0,0,0,0,0,0,0,0,0,0,0,0,0,0,0,0,0,0,0,0,0,0,0,0,0,0,0,0,0,0,0,0,0,0,0,0,0,51.8,65.2,85.9,99.9,115.5,125.2,129.7,123.4,121.9,111.7,93.1,76.8,61.2,46.5,34.1,39.8,50.1,63.7,78.8,91,99,106.1,115.4,124.1,116.7,96.2,84.3,0,0,0,0,0,0,0,0,0,0,0,0,0,0,0,0,0,0,0,0,0,0,0,0,0,0,0,0,0,0,0,0,0,0,0,0,0,0,0,0,0,0,0,0,0,0,0,0,0,0,0,0,0,0,0,0,0,0,0,0,0,0,0,TT,O,,2022,1,2,4/21/2009,28.89298893,24.12260312,24.71985102,21.13636364,0,0,0,0,61.6,47,44,49.4,71.1,85.7,95.4,108.8,114.7,114.8,118.2,122.4,119.1,113.6,104.3,92,77.5,52,36.6,38.4,30.8,11.2,4.6,0,0,0,0,0,0,0,0,0,0,0,0,0,0,0,0,0,0,0,0,0,0,0,0,0,0,0,0,0,0,0,0,0,0,0,0,0,0,0,0,0,0,0,0,0,0,0,0,0,0,0,0,0,0,0,0,0,0,0,0,0,0,0,0,0,0,0,115.5,125.2,129.7,123.4,121.9,111.7,93.1,76.8,61.2,46.5,34.1,39.8,50.1,63.7,78.8,91,99,106.1,115.4,124.1,116.7,96.2,84.3,0,0,0,0,0,0,0,0,0,0,0,0,0,0,0,0,0,0,0,0,0,0,0,0,0,0,0,0,0,0,0,0,0,0,0,0,0,0,0,0,0,0,0,0,0,0,0,0,0,0,0,0,0,0,0,0,0,0,0,0,0,0,0,1713.2,2104.3,74.48695652,91.49130435,115,55,5,5
2,3,A,E,2,10.2,255,56,35,79,10,11,-22,1.5,1,0,0,90,2206,2,10,60.4,43.2,31.6,46.8,71.4,72.8,63.5,40.6,21.1,9.9,0,0,0,0,0,0,0,0,0,0,0,0,0,0,0,0,0,0,0,0,0,0,0,0,0,0,0,0,0,0,0,0,0,0,0,0,0,0,0,0,0,0,0,0,0,0,0,0,0,0,0,0,0,0,0,0,0,0,0,0,0,0,0,0,0,0,0,0,0,0,0,0,0,0,0,0,0,0,0,0,121.5,100.4,76.7,42.8,19.4,14.2,23.3,47.5,76.8,87.2,0,0,0,0,0,0,0,0,0,0,0,0,0,0,0,0,0,0,0,0,0,0,0,0,0,0,0,0,0,0,0,0,0,0,0,0,0,0,0,0,0,0,0,0,0,0,0,0,0,0,0,0,0,0,0,0,0,0,0,0,0,0,0,0,0,0,0,0,0,0,0,0,0,0,0,0,0,0,0,0,TT,O,,2022,2,2,4/21/2009,25,24.12260312,24.71985102,21.13636364,0,43.2,31.6,46.8,71.4,72.8,63.5,40.6,21.1,9.9,0,0,0,0,0,0,0,0,0,0,0,0,0,0,0,0,0,0,0,0,0,0,0,0,0,0,0,0,0,0,0,0,0,0,0,0,0,0,0,0,0,0,0,0,0,0,0,0,0,0,0,0,0,0,0,0,0,0,0,0,0,0,0,0,0,0,0,0,0,0,0,0,0,0,0,0,0,0,0,0,0,100.4,76.7,42.8,19.4,14.2,23.3,47.5,76.8,87.2,0,0,0,0,0,0,0,0,0,0,0,0,0,0,0,0,0,0,0,0,0,0,0,0,0,0,0,0,0,0,0,0,0,0,0,0,0,0,0,0,0,0,0,0,0,0,0,0,0,0,0,0,0,0,0,0,0,0,0,0,0,0,0,0,0,0,0,0,0,0,0,0,0,0,0,0,0,0,0,0,400.9,488.3,44.54444444,54.25555556,55,115,2,2
3,3,A,S,2,10.6,235,46,7,72,22,6,-33,1.5,2,0,0,90,2206,2,10,57.7,39.6,29.8,41.7,55.8,53.9,39.9,26.3,14.7,6.6,0,0,0,0,0,0,0,0,0,0,0,0,0,0,0,0,0,0,0,0,0,0,0,0,0,0,0,0,0,0,0,0,0,0,0,0,0,0,0,0,0,0,0,0,0,0,0,0,0,0,0,0,0,0,0,0,0,0,0,0,0,0,0,0,0,0,0,0,0,0,0,0,0,0,0,0,0,0,0,0,107.2,87.3,64.5,52.9,60.2,71.8,77.6,93.3,98.8,90.8,0,0,0,0,0,0,0,0,0,0,0,0,0,0,0,0,0,0,0,0,0,0,0,0,0,0,0,0,0,0,0,0,0,0,0,0,0,0,0,0,0,0,0,0,0,0,0,0,0,0,0,0,0,0,0,0,0,0,0,0,0,0,0,0,0,0,0,0,0,0,0,0,0,0,0,0,0,0,0,0,TT,O,,2022,3,2,4/21/2009,22.16981132,24.12260312,24.71985102,21.13636364,0,39.6,29.8,41.7,55.8,53.9,39.9,26.3,14.7,6.6,0,0,0,0,0,0,0,0,0,0,0,0,0,0,0,0,0,0,0,0,0,0,0,0,0,0,0,0,0,0,0,0,0,0,0,0,0,0,0,0,0,0,0,0,0,0,0,0,0,0,0,0,0,0,0,0,0,0,0,0,0,0,0,0,0,0,0,0,0,0,0,0,0,0,0,0,0,0,0,0,0,87.3,64.5,52.9,60.2,71.8,77.6,93.3,98.8,90.8,0,0,0,0,0,0,0,0,0,0,0,0,0,0,0,0,0,0,0,0,0,0,0,0,0,0,0,0,0,0,0,0,0,0,0,0,0,0,0,0,0,0,0,0,0,0,0,0,0,0,0,0,0,0,0,0,0,0,0,0,0,0,0,0,0,0,0,0,0,0,0,0,0,0,0,0,0,0,0,0,308.3,697.2,34.25555556,77.46666667,55,115,2,2
1,4,A,E,2,46.6,1206,30,24,59,20,21,-22,1.5,1,0,0,90,2206,2,46,64.5,43.9,21.8,45.5,71.4,70.8,58.5,41.8,24.5,22.9,38.1,63.7,77.6,88.6,91.5,93,93.4,88.5,69.6,59.2,58.2,70.4,86.5,79.3,58.4,49.4,49.8,38.7,41.9,67.3,94.5,104,98.7,79.3,61,43.1,25.4,22.2,43.7,59.7,56.1,54.4,34.9,17.9,13.9,17.4,0,0,0,0,0,0,0,0,0,0,0,0,0,0,0,0,0,0,0,0,0,0,0,0,0,0,0,0,0,0,0,0,0,0,0,0,0,0,0,0,0,0,0,0,122.5,108.9,74.5,44.7,25.3,25,30.1,45.8,74.2,105.2,119,129.1,122.9,112.7,93.1,69.6,51.3,27.8,26.8,29.8,53,79.1,95.3,98.6,101.1,114.7,116.6,91.6,62.1,31.2,17.4,18,18,23.4,49.7,73.2,72.7,69,60.6,63.6,68.8,73.6,74.3,71.4,77.5,92.5,0,0,0,0,0,0,0,0,0,0,0,0,0,0,0,0,0,0,0,0,0,0,0,0,0,0,0,0,0,0,0,0,0,0,0,0,0,0,0,0,0,0,0,0,TT,O,,2022,4,2,4/22/2009,25.87982833,24.12260312,24.71985102,21.13636364,0,43.9,21.8,45.5,71.4,70.8,58.5,41.8,24.5,22.9,38.1,63.7,77.6,88.6,91.5,93,93.4,88.5,69.6,59.2,58.2,70.4,86.5,79.3,58.4,49.4,49.8,38.7,41.9,67.3,94.5,104,98.7,79.3,61,43.1,25.4,22.2,43.7,59.7,56.1,54.4,34.9,17.9,13.9,17.4,0,0,0,0,0,0,0,0,0,0,0,0,0,0,0,0,0,0,0,0,0,0,0,0,0,0,0,0,0,0,0,0,0,0,0,0,0,0,0,0,0,0,0,0,0,108.9,74.5,44.7,25.3,25,30.1,45.8,74.2,105.2,119,129.1,122.9,112.7,93.1,69.6,51.3,27.8,26.8,29.8,53,79.1,95.3,98.6,101.1,114.7,116.6,91.6,62.1,31.2,17.4,18,18,23.4,49.7,73.2,72.7,69,60.6,63.6,68.8,73.6,74.3,71.4,77.5,92.5,0,0,0,0,0,0,0,0,0,0,0,0,0,0,0,0,0,0,0,0,0,0,0,0,0,0,0,0,0,0,0,0,0,0,0,0,0,0,0,0,0,0,0,0,2590.4,3082.8,57.56444444,68.50666667,55,115,2,2
2,4,A,W,2,66.4,1438,13,25,45,27,28,9,1.5,2,1,0,90,2206,2,66,111.8,98.8,76.6,54.3,57.7,69.7,72.9,72.9,68,53.7,43.8,51.1,49,53,47.5,44.9,60.6,53.9,42.9,44.7,59.1,77.4,79.7,73.7,56.3,29.4,9.6,24.8,45.4,44.3,42.2,50.8,69,90.4,108.7,125.8,125.1,119.3,119.2,116.2,109.8,99.7,90.2,81.6,67.8,52.3,37.1,31.3,35.3,52.2,75.5,93.4,95.7,94.2,97.6,106.1,108.5,106.2,95.7,78.9,57.8,49.1,64.6,56.6,42.1,14.3,0,0,0,0,0,0,0,0,0,0,0,0,0,0,0,0,0,0,0,0,0,0,0,0,45.4,41.2,45.9,65.1,80.3,75,60.1,38.3,25.8,35,48.4,39.8,39.7,34.1,40.4,50.6,37.2,35.2,46.8,67.7,90.3,111.7,115.9,112,102.6,88.9,82.3,79,83.6,92.2,79.2,60.3,37.9,22,23.9,39.2,39,37.2,48,59.8,69.4,82.7,91.2,99.9,110.6,117.2,118.2,117.1,111,105,105.4,106.7,101.3,84.1,65.3,46.5,36.9,24,11.7,22.5,43,70.2,73.2,64.5,67.9,81.4,0,0,0,0,0,0,0,0,0,0,0,0,0,0,0,0,0,0,0,0,0,0,0,0,TT,O,,2022,5,2,4/22/2009,21.65662651,24.12260312,24.71985102,21.13636364,0,0,0,0,57.7,69.7,72.9,72.9,68,53.7,43.8,51.1,49,53,47.5,44.9,60.6,53.9,42.9,44.7,59.1,77.4,79.7,73.7,56.3,29.4,9.6,24.8,45.4,44.3,42.2,50.8,69,90.4,108.7,125.8,125.1,119.3,119.2,116.2,109.8,99.7,90.2,81.6,67.8,52.3,37.1,31.3,35.3,52.2,75.5,93.4,95.7,94.2,97.6,106.1,108.5,106.2,95.7,78.9,57.8,49.1,64.6,56.6,42.1,14.3,0,0,0,0,0,0,0,0,0,0,0,0,0,0,0,0,0,0,0,0,0,0,0,0,0,0,0,0,80.3,75,60.1,38.3,25.8,35,48.4,39.8,39.7,34.1,40.4,50.6,37.2,35.2,46.8,67.7,90.3,111.7,115.9,112,102.6,88.9,82.3,79,83.6,92.2,79.2,60.3,37.9,22,23.9,39.2,39,37.2,48,59.8,69.4,82.7,91.2,99.9,110.6,117.2,118.2,117.1,111,105,105.4,106.7,101.3,84.1,65.3,46.5,36.9,24,11.7,22.5,43,70.2,73.2,64.5,67.9,81.4,0,0,0,0,0,0,0,0,0,0,0,0,0,0,0,0,0,0,0,0,0,0,0,0,4246.3,4186.3,68.48870968,67.52096774,115,55,5,5
3,4,A,N,2,30.8,651,36,2,30,43,27,-37,1.5,2,0,0,90,2206,2,30,107.5,99.5,84.9,63.8,44.4,37.9,44.9,43.1,26.6,20.3,34.4,57.9,78.5,78.1,62.6,54.3,39.2,15,17.4,45.3,71.2,87.9,91.2,89.1,85.8,77.4,59.5,34.1,12.8,24.9,0,0,0,0,0,0,0,0,0,0,0,0,0,0,0,0,0,0,0,0,0,0,0,0,0,0,0,0,0,0,0,0,0,0,0,0,0,0,0,0,0,0,0,0,0,0,0,0,0,0,0,0,0,0,0,0,0,0,0,0,64.9,58.1,51.1,60.6,79.7,103.3,124.1,126.6,112.8,103.5,93.7,91,97.9,101.1,86,80.4,77.9,79.8,87.9,98,111.9,114,108.8,99.4,92.6,85.4,73.9,67.4,77.4,87.6,0,0,0,0,0,0,0,0,0,0,0,0,0,0,0,0,0,0,0,0,0,0,0,0,0,0,0,0,0,0,0,0,0,0,0,0,0,0,0,0,0,0,0,0,0,0,0,0,0,0,0,0,0,0,0,0,0,0,0,0,FS,O,,2022,6,2,4/22/2009,21.13636364,24.12260312,24.71985102,21.13636364,0,0,0,0,44.4,37.9,44.9,43.1,26.6,20.3,34.4,57.9,78.5,78.1,62.6,54.3,39.2,15,17.4,45.3,71.2,87.9,91.2,89.1,85.8,77.4,59.5,34.1,12.8,24.9,0,0,0,0,0,0,0,0,0,0,0,0,0,0,0,0,0,0,0,0,0,0,0,0,0,0,0,0,0,0,0,0,0,0,0,0,0,0,0,0,0,0,0,0,0,0,0,0,0,0,0,0,0,0,0,0,0,0,0,0,0,0,0,0,79.7,103.3,124.1,126.6,112.8,103.5,93.7,91,97.9,101.1,86,80.4,77.9,79.8,87.9,98,111.9,114,108.8,99.4,92.6,85.4,73.9,67.4,77.4,87.6,0,0,0,0,0,0,0,0,0,0,0,0,0,0,0,0,0,0,0,0,0,0,0,0,0,0,0,0,0,0,0,0,0,0,0,0,0,0,0,0,0,0,0,0,0,0,0,0,0,0,0,0,0,0,0,0,0,0,0,0,1333.8,2462.1,51.3,94.69615385,115,55,5,5
4,3,A,W,2,90.1,1874,20,22,10,36,54,-89,1.5,0,0,0,90,2206,3,90,120.1,124.6,123,119.2,115.3,109.1,101.1,91.6,82.7,72.9,63.6,55.2,47.6,43.9,43.2,43.9,49.8,59.1,54.6,64.9,78.4,86.3,99.3,95.5,82.5,69.9,45.8,28.5,28.3,45.3,57.5,71.8,81.5,94,97,99.4,102.5,107,110.1,110.3,113.7,110.3,107.7,98.9,89.5,92,96.8,86.4,77.2,66.3,61,73.7,92.8,111.6,111.7,108,100.3,91.9,85.8,77.5,62.2,52.8,68,75.5,80,81.5,82.8,83.3,77.3,76.7,90.9,107.3,118.8,121.3,119.7,110.3,91.3,68.4,50.8,50.5,59.3,68,67.4,62.5,53.3,36.8,20.9,17.7,32.5,53.7,38.2,39.5,47.2,57.8,66.7,78.2,91.7,101.2,112.2,120.8,127.1,129.8,130.3,130.3,128.3,123.8,118.3,103.1,89,72.3,64.5,64.3,77.3,89.2,97.8,104.8,106.3,106.8,113.4,120.5,118.3,115.2,104.8,96.6,85.2,76.3,58.9,47,36.2,26.1,29.6,37.7,53.7,65.9,76.3,88,84.3,70.6,53.7,36.8,27.4,31.9,49.6,67.9,71.9,76,89,99.5,105.5,112.3,107.6,110.5,127.6,123.4,111.9,98.9,92.1,88.6,73.9,51.9,23.6,27.4,41.3,47.8,45,38.9,30.3,38.6,58.7,81.5,104,118.5,125.4,126.9,122.5,113.3,105.4,100.3,102.7,100,TT,O,,2022,1,2,4/21/2009,20.7991121,18.93559516,19.17725965,17.72727273,0,0,0,0,0,109.1,101.1,91.6,82.7,72.9,63.6,55.2,47.6,43.9,43.2,43.9,49.8,59.1,54.6,64.9,78.4,86.3,99.3,95.5,82.5,69.9,45.8,28.5,28.3,45.3,57.5,71.8,81.5,94,97,99.4,102.5,107,110.1,110.3,113.7,110.3,107.7,98.9,89.5,92,96.8,86.4,77.2,66.3,61,73.7,92.8,111.6,111.7,108,100.3,91.9,85.8,77.5,62.2,52.8,68,75.5,80,81.5,82.8,83.3,77.3,76.7,90.9,107.3,118.8,121.3,119.7,110.3,91.3,68.4,50.8,50.5,59.3,68,67.4,62.5,53.3,36.8,20.9,17.7,32.5,53.7,0,0,0,0,0,78.2,91.7,101.2,112.2,120.8,127.1,129.8,130.3,130.3,128.3,123.8,118.3,103.1,89,72.3,64.5,64.3,77.3,89.2,97.8,104.8,106.3,106.8,113.4,120.5,118.3,115.2,104.8,96.6,85.2,76.3,58.9,47,36.2,26.1,29.6,37.7,53.7,65.9,76.3,88,84.3,70.6,53.7,36.8,27.4,31.9,49.6,67.9,71.9,76,89,99.5,105.5,112.3,107.6,110.5,127.6,123.4,111.9,98.9,92.1,88.6,73.9,51.9,23.6,27.4,41.3,47.8,45,38.9,30.3,38.6,58.7,81.5,104,118.5,125.4,126.9,122.5,113.3,105.4,100.3,102.7,100,6568.7,7232,77.27882353,85.08235294,115,55,6,6
5,3,A,E,2,62.4,1237,24,32,6,37,57,-35,1.5,2,1,0,90,2206,3,62,62.6,49.8,19.8,23.1,48.2,75.3,99.3,108.5,115.3,114.1,106.3,97,107.2,110.1,107.8,103.1,102.7,102.9,103.2,110.2,115.7,116.6,106.8,93.5,79.5,72.5,71.4,61.8,50.7,41.4,39.1,34.3,33.3,34.4,43.6,61.5,78.4,82.7,85,93.6,103.8,113.1,118.3,121.7,124.1,124.1,123.8,121.4,118,114.7,109.7,102.9,97.5,92.5,86.9,79.6,70.7,55.4,44.9,43,27,12,0,0,0,0,0,0,0,0,0,0,0,0,0,0,0,0,0,0,0,0,0,0,0,0,0,0,0,0,123.8,117.5,93.2,63.7,38.6,11.6,12.9,22.3,29.2,32.7,39.4,56.4,71.3,64.7,54.9,41.1,29.6,17.4,22.8,41.6,59,62.3,66.4,71.1,83.2,99.2,115.5,115.6,116.1,118.8,124.2,119.7,117.9,111.3,106.3,107.2,107.4,101.5,92,83.9,76.2,68.6,59.2,49.4,41.5,37.8,41.8,50.6,61.8,68,76.7,88.8,96.3,97.2,100.8,104.8,110.1,109,110.6,119.7,111.5,98.5,0,0,0,0,0,0,0,0,0,0,0,0,0,0,0,0,0,0,0,0,0,0,0,0,0,0,0,0,TT,O,,2022,2,2,4/21/2009,19.82371795,18.93559516,19.17725965,17.72727273,0,0,19.8,23.1,48.2,75.3,99.3,108.5,115.3,114.1,106.3,97,107.2,110.1,107.8,103.1,102.7,102.9,103.2,110.2,115.7,116.6,106.8,93.5,79.5,72.5,71.4,61.8,50.7,41.4,39.1,34.3,33.3,34.4,43.6,61.5,78.4,82.7,85,93.6,103.8,113.1,118.3,121.7,124.1,124.1,123.8,121.4,118,114.7,109.7,102.9,97.5,92.5,86.9,79.6,70.7,55.4,44.9,43,27,12,0,0,0,0,0,0,0,0,0,0,0,0,0,0,0,0,0,0,0,0,0,0,0,0,0,0,0,0,0,0,93.2,63.7,38.6,11.6,12.9,22.3,29.2,32.7,39.4,56.4,71.3,64.7,54.9,41.1,29.6,17.4,22.8,41.6,59,62.3,66.4,71.1,83.2,99.2,115.5,115.6,116.1,118.8,124.2,119.7,117.9,111.3,106.3,107.2,107.4,101.5,92,83.9,76.2,68.6,59.2,49.4,41.5,37.8,41.8,50.6,61.8,68,76.7,88.8,96.3,97.2,100.8,104.8,110.1,109,110.6,119.7,111.5,98.5,0,0,0,0,0,0,0,0,0,0,0,0,0,0,0,0,0,0,0,0,0,0,0,0,0,0,0,0,5055,4500.9,84.25,75.015,55,115,3,3
6,3,A,S,2,66,1310,32,31,37,31,32,-101,1.5,1,1,0,90,2206,3,65,65.1,69.7,81.4,94.6,107.5,119,126,124,121.7,119.5,117.1,115.3,103.9,85.6,60.9,36.1,14.4,15.2,38.9,49.7,45.5,43.3,46.9,47.1,42.9,44.4,34.3,35.1,36.3,40.7,53.4,79.1,87.5,87,82.5,64.3,41.3,17.4,23,44.5,57.2,62.1,54.9,45.5,42.7,45.1,49.6,59.3,75.7,80.2,72.1,60.2,54.8,55.5,66.1,81.9,98.6,107.4,111,110.7,105.7,95.2,79,59.5,35.4,0,0,0,0,0,0,0,0,0,0,0,0,0,0,0,0,0,0,0,0,0,0,0,0,0,104.6,88.4,68.7,51,37.7,35.2,40.3,44.9,51.5,57.5,57.5,55.7,53.5,41.9,43.3,57.3,80.6,99.7,124.1,131.1,123.8,116.8,114.7,108.8,99.2,98,76.6,70.2,56.6,46.6,41.3,45.2,40.5,38.5,37.8,42.1,54.1,70.3,84.2,106.6,116.4,126.4,128.7,128,129,127.2,122.1,116,107.8,96.6,83.8,69,51,34.7,23.3,29.2,42.1,43.3,45.4,37.8,26.4,10.9,8.7,31.2,56.8,0,0,0,0,0,0,0,0,0,0,0,0,0,0,0,0,0,0,0,0,0,0,0,0,0,TT,O,,2022,3,2,4/21/2009,19.84848485,18.93559516,19.17725965,17.72727273,0,0,81.4,94.6,107.5,119,126,124,121.7,119.5,117.1,115.3,103.9,85.6,60.9,36.1,14.4,15.2,38.9,49.7,45.5,43.3,46.9,47.1,42.9,44.4,34.3,35.1,36.3,40.7,53.4,79.1,87.5,87,82.5,64.3,41.3,17.4,23,44.5,57.2,62.1,54.9,45.5,42.7,45.1,49.6,59.3,75.7,80.2,72.1,60.2,54.8,55.5,66.1,81.9,98.6,107.4,111,110.7,105.7,95.2,79,59.5,35.4,0,0,0,0,0,0,0,0,0,0,0,0,0,0,0,0,0,0,0,0,0,0,0,0,0,0,0,68.7,51,37.7,35.2,40.3,44.9,51.5,57.5,57.5,55.7,53.5,41.9,43.3,57.3,80.6,99.7,124.1,131.1,123.8,116.8,114.7,108.8,99.2,98,76.6,70.2,56.6,46.6,41.3,45.2,40.5,38.5,37.8,42.1,54.1,70.3,84.2,106.6,116.4,126.4,128.7,128,129,127.2,122.1,116,107.8,96.6,83.8,69,51,34.7,23.3,29.2,42.1,43.3,45.4,37.8,26.4,10.9,8.7,31.2,56.8,0,0,0,0,0,0,0,0,0,0,0,0,0,0,0,0,0,0,0,0,0,0,0,0,0,4292.7,4395.2,68.13809524,69.76507937,55,115,3,3
4,4,A,E,2,90.1,1488,48,20,44,10,46,-33,1.5,4,0,0,90,2206,3,90,60.9,52.6,45.7,44.3,48.2,58.3,77.9,90.1,98.7,105.5,111.7,117.2,123.2,126.3,126.4,124.7,120.8,114.6,93.3,69.7,49.1,35.2,21.6,19.2,25.1,43.9,47.1,48,46,36.2,35.8,40.3,43.2,43,44.8,50.6,56.8,67.3,77.9,77.4,65.5,57.2,48,38.9,24.6,12.2,14.9,25.6,34.5,45.2,47.6,43.2,41.3,42.7,45.9,49.7,55.7,64.8,56.6,53.8,45.2,34.7,24.2,21.5,34.2,35.9,34.5,35.8,54.3,61.5,68.7,69.9,74.6,77.8,75.2,67.5,55.1,44.4,40.7,47.7,68.9,68.3,67.6,69.7,63.6,49.6,38.1,22.4,10.2,12.8,123.9,127.6,130.5,129.6,125.5,118.8,108.9,100.6,92.1,82.6,73.2,62.6,54,47.1,42,38.3,34.3,28.7,14.2,25.4,49,69.5,88.7,103.2,111.4,130,131.6,131.3,129.7,120.7,121,126.6,129.7,127.4,124,120.7,116.9,111.5,106.2,100.6,91.9,85.4,79.7,77.8,74.6,76.6,85.4,90.5,103.7,121.8,129.2,128.6,127.9,126.8,123.5,119.9,116.2,105.4,95.7,85.2,76.2,70,68.8,66.7,52.5,51.1,52.6,52.1,36.9,25.9,19.8,27.1,39.2,40.5,48.1,59.2,68.6,62.4,53.5,41.1,21.3,19.2,19.6,17.2,23.1,37.1,48.7,64.3,79.4,89.2,TT,O,,2022,4,2,4/22/2009,16.51498335,18.93559516,19.17725965,17.72727273,0,0,45.7,44.3,48.2,58.3,77.9,90.1,98.7,105.5,111.7,117.2,123.2,126.3,126.4,124.7,120.8,114.6,93.3,69.7,49.1,35.2,21.6,19.2,25.1,43.9,47.1,48,46,36.2,35.8,40.3,43.2,43,44.8,50.6,56.8,67.3,77.9,77.4,65.5,57.2,48,38.9,24.6,12.2,14.9,25.6,34.5,45.2,47.6,43.2,41.3,42.7,45.9,49.7,55.7,64.8,56.6,53.8,45.2,34.7,24.2,21.5,34.2,35.9,34.5,35.8,54.3,61.5,68.7,69.9,74.6,77.8,75.2,67.5,55.1,44.4,40.7,47.7,68.9,68.3,67.6,69.7,63.6,49.6,38.1,22.4,10.2,12.8,0,0,130.5,129.6,125.5,118.8,108.9,100.6,92.1,82.6,73.2,62.6,54,47.1,42,38.3,34.3,28.7,14.2,25.4,49,69.5,88.7,103.2,111.4,130,131.6,131.3,129.7,120.7,121,126.6,129.7,127.4,124,120.7,116.9,111.5,106.2,100.6,91.9,85.4,79.7,77.8,74.6,76.6,85.4,90.5,103.7,121.8,129.2,128.6,127.9,126.8,123.5,119.9,116.2,105.4,95.7,85.2,76.2,70,68.8,66.7,52.5,51.1,52.6,52.1,36.9,25.9,19.8,27.1,39.2,40.5,48.1,59.2,68.6,62.4,53.5,41.1,21.3,19.2,19.6,17.2,23.1,37.1,48.7,64.3,79.4,89.2,4947.6,7035.3,56.22272727,79.94659091,55,115,3,3
5,4,A,W,2,10,189,16,33,68,27,5,-10,1.5,1,0,0,90,2206,3,9,113.8,111.1,95.8,80,84.7,80.3,69.3,50.4,28.8,0,0,0,0,0,0,0,0,0,0,0,0,0,0,0,0,0,0,0,0,0,0,0,0,0,0,0,0,0,0,0,0,0,0,0,0,0,0,0,0,0,0,0,0,0,0,0,0,0,0,0,0,0,0,0,0,0,0,0,0,0,0,0,0,0,0,0,0,0,0,0,0,0,0,0,0,0,0,0,0,0,39.6,36.2,30.4,35.6,38.4,36.5,37.1,45.2,59.9,0,0,0,0,0,0,0,0,0,0,0,0,0,0,0,0,0,0,0,0,0,0,0,0,0,0,0,0,0,0,0,0,0,0,0,0,0,0,0,0,0,0,0,0,0,0,0,0,0,0,0,0,0,0,0,0,0,0,0,0,0,0,0,0,0,0,0,0,0,0,0,0,0,0,0,0,0,0,0,0,0,TT,O,,2022,5,2,4/22/2009,18.9,18.93559516,19.17725965,17.72727273,0,0,0,0,0,80.3,69.3,50.4,28.8,0,0,0,0,0,0,0,0,0,0,0,0,0,0,0,0,0,0,0,0,0,0,0,0,0,0,0,0,0,0,0,0,0,0,0,0,0,0,0,0,0,0,0,0,0,0,0,0,0,0,0,0,0,0,0,0,0,0,0,0,0,0,0,0,0,0,0,0,0,0,0,0,0,0,0,0,0,0,0,0,0,0,0,0,0,0,36.5,37.1,45.2,59.9,0,0,0,0,0,0,0,0,0,0,0,0,0,0,0,0,0,0,0,0,0,0,0,0,0,0,0,0,0,0,0,0,0,0,0,0,0,0,0,0,0,0,0,0,0,0,0,0,0,0,0,0,0,0,0,0,0,0,0,0,0,0,0,0,0,0,0,0,0,0,0,0,0,0,0,0,0,0,0,0,0,228.8,178.7,57.2,44.675,115,55,6,6
6,4,A,N,2,30.8,546,66,2,3,16,81,-50,1.5,0,0,0,90,2206,3,30,112.1,109,103.6,96.5,88.4,81.4,73.4,65.5,57.2,49.4,44.9,43.5,44.9,50.2,60,67.9,54.7,43.1,25.8,14.9,13,26.8,45.4,49.2,50.6,44.3,39.6,42.6,43.7,44.8,0,0,0,0,0,0,0,0,0,0,0,0,0,0,0,0,0,0,0,0,0,0,0,0,0,0,0,0,0,0,0,0,0,0,0,0,0,0,0,0,0,0,0,0,0,0,0,0,0,0,0,0,0,0,0,0,0,0,0,0,67,73.3,87.7,98.7,106.8,115,121.2,126.8,129.5,129.8,130.1,129.8,127.3,123.4,117.2,103.2,93.6,91.9,92.9,95.6,99.1,113.4,131.1,132.3,131.5,127.1,123.6,129,129,124.9,0,0,0,0,0,0,0,0,0,0,0,0,0,0,0,0,0,0,0,0,0,0,0,0,0,0,0,0,0,0,0,0,0,0,0,0,0,0,0,0,0,0,0,0,0,0,0,0,0,0,0,0,0,0,0,0,0,0,0,0,FS,O,,2022,6,2,4/22/2009,17.72727273,18.93559516,19.17725965,17.72727273,0,0,0,0,0,81.4,73.4,65.5,57.2,49.4,44.9,43.5,44.9,50.2,60,67.9,54.7,43.1,25.8,14.9,13,26.8,45.4,49.2,50.6,44.3,39.6,42.6,43.7,44.8,0,0,0,0,0,0,0,0,0,0,0,0,0,0,0,0,0,0,0,0,0,0,0,0,0,0,0,0,0,0,0,0,0,0,0,0,0,0,0,0,0,0,0,0,0,0,0,0,0,0,0,0,0,0,0,0,0,0,0,0,0,0,0,0,0,115,121.2,126.8,129.5,129.8,130.1,129.8,127.3,123.4,117.2,103.2,93.6,91.9,92.9,95.6,99.1,113.4,131.1,132.3,131.5,127.1,123.6,129,129,124.9,0,0,0,0,0,0,0,0,0,0,0,0,0,0,0,0,0,0,0,0,0,0,0,0,0,0,0,0,0,0,0,0,0,0,0,0,0,0,0,0,0,0,0,0,0,0,0,0,0,0,0,0,0,0,0,0,0,0,0,0,1176.8,2968.3,47.072,118.732,115,55,6,6
13,3,A,W,2,37.3,1040,31,17,15,49,36,-2,1.5,1,0,0,90,2206,11,37,106.9,84.6,54.5,41.6,53.2,66.4,80.5,98.9,116.5,111,102,83.4,71.5,59.9,38.8,40.8,50.2,60.9,78.4,92.2,98.6,104.1,107.9,115.7,120.6,112.7,100.2,83.3,70.8,65.3,47.2,26.1,15,29,32.5,33.1,15.9,0,0,0,0,0,0,0,0,0,0,0,0,0,0,0,0,0,0,0,0,0,0,0,0,0,0,0,0,0,0,0,0,0,0,0,0,0,0,0,0,0,0,0,0,0,0,0,0,0,0,0,0,0,36.8,36.2,61.9,97.6,113.8,98.9,81,65,61.2,58.8,59.2,69.6,91.9,112.8,118.7,126.7,127.6,119.6,112.3,100.3,82.1,63.9,50.2,37.3,34.5,32.7,42.3,58.8,83.1,102.2,107.2,102.5,98.4,94,84.1,82,81.7,0,0,0,0,0,0,0,0,0,0,0,0,0,0,0,0,0,0,0,0,0,0,0,0,0,0,0,0,0,0,0,0,0,0,0,0,0,0,0,0,0,0,0,0,0,0,0,0,0,0,0,0,0,TT,O,,2022,1,2,4/21/2009,27.88203753,27.59558927,27.7401143,26.87296417,0,0,0,41.6,53.2,66.4,80.5,98.9,116.5,111,102,83.4,71.5,59.9,38.8,40.8,50.2,60.9,78.4,92.2,98.6,104.1,107.9,115.7,120.6,112.7,100.2,83.3,70.8,65.3,47.2,26.1,15,29,32.5,33.1,15.9,0,0,0,0,0,0,0,0,0,0,0,0,0,0,0,0,0,0,0,0,0,0,0,0,0,0,0,0,0,0,0,0,0,0,0,0,0,0,0,0,0,0,0,0,0,0,0,0,0,0,0,0,0,0,0,0,97.6,113.8,98.9,81,65,61.2,58.8,59.2,69.6,91.9,112.8,118.7,126.7,127.6,119.6,112.3,100.3,82.1,63.9,50.2,37.3,34.5,32.7,42.3,58.8,83.1,102.2,107.2,102.5,98.4,94,84.1,82,81.7,0,0,0,0,0,0,0,0,0,0,0,0,0,0,0,0,0,0,0,0,0,0,0,0,0,0,0,0,0,0,0,0,0,0,0,0,0,0,0,0,0,0,0,0,0,0,0,0,0,0,0,0,0,2424.2,2852,71.3,83.88235294,115,55,4,4
14,3,A,E,2,37.9,1062,28,17,34,46,20,-33,1.5,1,0,0,90,2206,11,37,61.5,35.4,22.9,47.9,67.1,73.3,81.6,91.4,96.6,101.1,101.2,89.5,92.6,93.1,89.4,71.2,43.4,26.6,40.6,56.8,64.4,55.1,37.8,26.4,43.2,74.5,95.1,100,93.3,75.8,58.4,55.4,69,68.1,52.5,45,25.1,0,0,0,0,0,0,0,0,0,0,0,0,0,0,0,0,0,0,0,0,0,0,0,0,0,0,0,0,0,0,0,0,0,0,0,0,0,0,0,0,0,0,0,0,0,0,0,0,0,0,0,0,0,123,111.9,106.3,105.2,93.1,70.4,44.9,18.6,16.1,39.9,50.6,67.5,96.1,86.2,79.6,60.9,53.5,67.7,94.8,109.2,106.8,88.7,73.4,62.9,65.2,76.3,74.8,69.1,48.8,25.6,32.4,63.4,90.9,107.7,116.4,123.5,107.2,0,0,0,0,0,0,0,0,0,0,0,0,0,0,0,0,0,0,0,0,0,0,0,0,0,0,0,0,0,0,0,0,0,0,0,0,0,0,0,0,0,0,0,0,0,0,0,0,0,0,0,0,0,TT,O,,2022,2,2,4/21/2009,28.02110818,27.59558927,27.7401143,26.87296417,0,35.4,22.9,47.9,67.1,73.3,81.6,91.4,96.6,101.1,101.2,89.5,92.6,93.1,89.4,71.2,43.4,26.6,40.6,56.8,64.4,55.1,37.8,26.4,43.2,74.5,95.1,100,93.3,75.8,58.4,55.4,69,68.1,52.5,45,25.1,0,0,0,0,0,0,0,0,0,0,0,0,0,0,0,0,0,0,0,0,0,0,0,0,0,0,0,0,0,0,0,0,0,0,0,0,0,0,0,0,0,0,0,0,0,0,0,0,0,0,0,0,0,0,111.9,106.3,105.2,93.1,70.4,44.9,18.6,16.1,39.9,50.6,67.5,96.1,86.2,79.6,60.9,53.5,67.7,94.8,109.2,106.8,88.7,73.4,62.9,65.2,76.3,74.8,69.1,48.8,25.6,32.4,63.4,90.9,107.7,116.4,123.5,107.2,0,0,0,0,0,0,0,0,0,0,0,0,0,0,0,0,0,0,0,0,0,0,0,0,0,0,0,0,0,0,0,0,0,0,0,0,0,0,0,0,0,0,0,0,0,0,0,0,0,0,0,0,0,2360.8,2705.6,65.57777778,75.15555556,55,115,2,2
15,3,A,S,2,22.9,623,35,5,56,25,19,-75,1.5,1,0,0,90,2206,11,22,59,42,24.2,28.2,54.5,78.4,87.3,86.9,72.8,56.9,59.7,66.5,70.3,57.5,39.5,28.6,11.1,17.8,42.3,52.2,53.5,36.9,0,0,0,0,0,0,0,0,0,0,0,0,0,0,0,0,0,0,0,0,0,0,0,0,0,0,0,0,0,0,0,0,0,0,0,0,0,0,0,0,0,0,0,0,0,0,0,0,0,0,0,0,0,0,0,0,0,0,0,0,0,0,0,0,0,0,0,0,104.6,83.2,69.8,70.2,85,98.5,88,80.9,56,36.1,41.3,70.1,97.8,114.3,118.2,114.8,94.2,69.6,46.6,45.8,46.9,60.3,0,0,0,0,0,0,0,0,0,0,0,0,0,0,0,0,0,0,0,0,0,0,0,0,0,0,0,0,0,0,0,0,0,0,0,0,0,0,0,0,0,0,0,0,0,0,0,0,0,0,0,0,0,0,0,0,0,0,0,0,0,0,0,0,0,0,0,0,TT,O,,2022,3,2,4/21/2009,27.20524017,27.59558927,27.7401143,26.87296417,0,42,24.2,28.2,54.5,78.4,87.3,86.9,72.8,56.9,59.7,66.5,70.3,57.5,39.5,28.6,11.1,17.8,42.3,52.2,53.5,36.9,0,0,0,0,0,0,0,0,0,0,0,0,0,0,0,0,0,0,0,0,0,0,0,0,0,0,0,0,0,0,0,0,0,0,0,0,0,0,0,0,0,0,0,0,0,0,0,0,0,0,0,0,0,0,0,0,0,0,0,0,0,0,0,0,0,0,0,0,0,83.2,69.8,70.2,85,98.5,88,80.9,56,36.1,41.3,70.1,97.8,114.3,118.2,114.8,94.2,69.6,46.6,45.8,46.9,60.3,0,0,0,0,0,0,0,0,0,0,0,0,0,0,0,0,0,0,0,0,0,0,0,0,0,0,0,0,0,0,0,0,0,0,0,0,0,0,0,0,0,0,0,0,0,0,0,0,0,0,0,0,0,0,0,0,0,0,0,0,0,0,0,0,0,0,0,0,1067.1,1587.6,50.81428571,75.6,55,115,2,2
13,4,A,E,2,36.4,1050,33,16,26,61,13,-7,1.5,1,2,0,90,2206,11,36,61.5,32.7,25.3,52.7,74.6,90.7,97.3,96.1,98.1,98.7,97.2,102.9,99.8,91.2,85.4,84,86.2,86.3,74,47,28.3,18.3,34.6,52.1,59.2,57.8,70.3,87.9,91.7,80.5,54.9,27.5,9.2,26.9,24.4,20.8,0,0,0,0,0,0,0,0,0,0,0,0,0,0,0,0,0,0,0,0,0,0,0,0,0,0,0,0,0,0,0,0,0,0,0,0,0,0,0,0,0,0,0,0,0,0,0,0,0,0,0,0,0,0,122.4,109.8,105.8,96,80.1,60.8,37.5,14.6,24.7,45.7,66.1,80.7,71.3,43.8,11.3,29.5,65.4,93.3,103.6,110.9,110.2,101.1,97.6,104.8,93,71.6,47.1,53,56.6,63.7,69.7,81.1,88.7,108.4,102.7,100.8,0,0,0,0,0,0,0,0,0,0,0,0,0,0,0,0,0,0,0,0,0,0,0,0,0,0,0,0,0,0,0,0,0,0,0,0,0,0,0,0,0,0,0,0,0,0,0,0,0,0,0,0,0,0,TT,O,,2022,4,2,4/22/2009,28.84615385,27.59558927,27.7401143,26.87296417,0,32.7,25.3,52.7,74.6,90.7,97.3,96.1,98.1,98.7,97.2,102.9,99.8,91.2,85.4,84,86.2,86.3,74,47,28.3,18.3,34.6,52.1,59.2,57.8,70.3,87.9,91.7,80.5,54.9,27.5,9.2,26.9,24.4,20.8,0,0,0,0,0,0,0,0,0,0,0,0,0,0,0,0,0,0,0,0,0,0,0,0,0,0,0,0,0,0,0,0,0,0,0,0,0,0,0,0,0,0,0,0,0,0,0,0,0,0,0,0,0,0,0,109.8,105.8,96,80.1,60.8,37.5,14.6,24.7,45.7,66.1,80.7,71.3,43.8,11.3,29.5,65.4,93.3,103.6,110.9,110.2,101.1,97.6,104.8,93,71.6,47.1,53,56.6,63.7,69.7,81.1,88.7,108.4,102.7,100.8,0,0,0,0,0,0,0,0,0,0,0,0,0,0,0,0,0,0,0,0,0,0,0,0,0,0,0,0,0,0,0,0,0,0,0,0,0,0,0,0,0,0,0,0,0,0,0,0,0,0,0,0,0,0,2264.6,2601,64.70285714,74.31428571,55,115,2,2
14,4,A,W,2,12.6,337,56,16,80,20,0,-17,1.5,2,0,0,90,2206,11,12,97.2,68.9,33.9,19.1,22.1,18.1,31.6,35.6,33.9,32.3,36.9,14.7,0,0,0,0,0,0,0,0,0,0,0,0,0,0,0,0,0,0,0,0,0,0,0,0,0,0,0,0,0,0,0,0,0,0,0,0,0,0,0,0,0,0,0,0,0,0,0,0,0,0,0,0,0,0,0,0,0,0,0,0,0,0,0,0,0,0,0,0,0,0,0,0,0,0,0,0,0,0,34.5,28.9,56.7,92.1,107.2,90.6,71.3,62.2,54.3,62.1,78.1,92.4,0,0,0,0,0,0,0,0,0,0,0,0,0,0,0,0,0,0,0,0,0,0,0,0,0,0,0,0,0,0,0,0,0,0,0,0,0,0,0,0,0,0,0,0,0,0,0,0,0,0,0,0,0,0,0,0,0,0,0,0,0,0,0,0,0,0,0,0,0,0,0,0,0,0,0,0,0,0,TT,O,,2022,5,2,4/22/2009,26.74603175,27.59558927,27.7401143,26.87296417,0,0,0,19.1,22.1,18.1,31.6,35.6,33.9,32.3,36.9,14.7,0,0,0,0,0,0,0,0,0,0,0,0,0,0,0,0,0,0,0,0,0,0,0,0,0,0,0,0,0,0,0,0,0,0,0,0,0,0,0,0,0,0,0,0,0,0,0,0,0,0,0,0,0,0,0,0,0,0,0,0,0,0,0,0,0,0,0,0,0,0,0,0,0,0,0,0,0,0,0,0,0,92.1,107.2,90.6,71.3,62.2,54.3,62.1,78.1,92.4,0,0,0,0,0,0,0,0,0,0,0,0,0,0,0,0,0,0,0,0,0,0,0,0,0,0,0,0,0,0,0,0,0,0,0,0,0,0,0,0,0,0,0,0,0,0,0,0,0,0,0,0,0,0,0,0,0,0,0,0,0,0,0,0,0,0,0,0,0,0,0,0,0,0,0,0,0,0,244.3,710.3,27.14444444,78.92222222,115,55,4,4
15,4,A,N,2,30.7,825,36,15,52,40,8,-38,1.5,1,2,0,90,2206,11,30,109.6,97.7,71.2,37.6,9.4,31.5,53.2,50.7,36.6,32.7,46.1,69.5,85.9,90.7,81.5,64.4,50.6,46.9,44.7,29.8,29.2,43.2,46.8,39.5,21.4,13.6,26.3,45.5,56.4,62.1,0,0,0,0,0,0,0,0,0,0,0,0,0,0,0,0,0,0,0,0,0,0,0,0,0,0,0,0,0,0,0,0,0,0,0,0,0,0,0,0,0,0,0,0,0,0,0,0,0,0,0,0,0,0,0,0,0,0,0,0,66,62,57,64.1,84,104.6,104,89.6,84,65.1,42.2,18.8,6.2,12.9,26.1,50.3,79.8,107.9,125.3,115.8,102.5,86.6,79.2,69.6,70.1,80.8,97.8,96.2,79.8,76.8,0,0,0,0,0,0,0,0,0,0,0,0,0,0,0,0,0,0,0,0,0,0,0,0,0,0,0,0,0,0,0,0,0,0,0,0,0,0,0,0,0,0,0,0,0,0,0,0,0,0,0,0,0,0,0,0,0,0,0,0,FS,O,,2022,6,2,4/22/2009,26.87296417,27.59558927,27.7401143,26.87296417,0,0,0,37.6,9.4,31.5,53.2,50.7,36.6,32.7,46.1,69.5,85.9,90.7,81.5,64.4,50.6,46.9,44.7,29.8,29.2,43.2,46.8,39.5,21.4,13.6,26.3,45.5,56.4,62.1,0,0,0,0,0,0,0,0,0,0,0,0,0,0,0,0,0,0,0,0,0,0,0,0,0,0,0,0,0,0,0,0,0,0,0,0,0,0,0,0,0,0,0,0,0,0,0,0,0,0,0,0,0,0,0,0,0,0,0,0,0,0,0,64.1,84,104.6,104,89.6,84,65.1,42.2,18.8,6.2,12.9,26.1,50.3,79.8,107.9,125.3,115.8,102.5,86.6,79.2,69.6,70.1,80.8,97.8,96.2,79.8,76.8,0,0,0,0,0,0,0,0,0,0,0,0,0,0,0,0,0,0,0,0,0,0,0,0,0,0,0,0,0,0,0,0,0,0,0,0,0,0,0,0,0,0,0,0,0,0,0,0,0,0,0,0,0,0,0,0,0,0,0,0,1245.8,2020.1,46.14074074,74.81851852,115,55,4,4
16,3,A,W,2,40.1,1187,22,35,21,50,29,-48,1.5,0,1,0,90,2206,12,40,114.9,104.4,74.2,43,38,37.6,46.3,64.8,92.7,106.2,114.6,116.4,105.2,97.4,110.9,105.6,89.9,74.4,67.7,58.3,43.1,37.3,32.6,32.4,50.5,82.3,93.8,102.9,112.8,112.9,105.3,100,98.3,86,69.6,58.2,55.1,58.3,46.3,24.9,0,0,0,0,0,0,0,0,0,0,0,0,0,0,0,0,0,0,0,0,0,0,0,0,0,0,0,0,0,0,0,0,0,0,0,0,0,0,0,0,0,0,0,0,0,0,0,0,0,0,42.1,29.9,33.1,72.6,115.1,121.9,110.8,92.7,84.3,69.6,56.9,41.8,20.4,31.7,60.7,46,23.8,15.7,34.8,60.4,86.1,110.2,118.2,111.5,104.6,96,82,65,50.6,34.7,20,28.1,38.2,51,65.4,82.4,97.1,114.2,115.5,102.2,0,0,0,0,0,0,0,0,0,0,0,0,0,0,0,0,0,0,0,0,0,0,0,0,0,0,0,0,0,0,0,0,0,0,0,0,0,0,0,0,0,0,0,0,0,0,0,0,0,0,TT,O,,2022,1,2,4/21/2009,29.60099751,30.19975506,30.61755623,28.11074919,0,0,0,43,38,37.6,46.3,64.8,92.7,106.2,114.6,116.4,105.2,97.4,110.9,105.6,89.9,74.4,67.7,58.3,43.1,37.3,32.6,32.4,50.5,82.3,93.8,102.9,112.8,112.9,105.3,100,98.3,86,69.6,58.2,55.1,58.3,46.3,24.9,0,0,0,0,0,0,0,0,0,0,0,0,0,0,0,0,0,0,0,0,0,0,0,0,0,0,0,0,0,0,0,0,0,0,0,0,0,0,0,0,0,0,0,0,0,0,0,0,0,0,0,0,0,72.6,115.1,121.9,110.8,92.7,84.3,69.6,56.9,41.8,20.4,31.7,60.7,46,23.8,15.7,34.8,60.4,86.1,110.2,118.2,111.5,104.6,96,82,65,50.6,34.7,20,28.1,38.2,51,65.4,82.4,97.1,114.2,115.5,102.2,0,0,0,0,0,0,0,0,0,0,0,0,0,0,0,0,0,0,0,0,0,0,0,0,0,0,0,0,0,0,0,0,0,0,0,0,0,0,0,0,0,0,0,0,0,0,0,0,0,0,2771.6,2632.2,74.90810811,71.14054054,115,55,4,4
17,3,A,E,2,2.6,75,92,0,40,28,32,-33,1.5,1,0,0,90,2206,12,2,56.6,17.9,0,0,0,0,0,0,0,0,0,0,0,0,0,0,0,0,0,0,0,0,0,0,0,0,0,0,0,0,0,0,0,0,0,0,0,0,0,0,0,0,0,0,0,0,0,0,0,0,0,0,0,0,0,0,0,0,0,0,0,0,0,0,0,0,0,0,0,0,0,0,0,0,0,0,0,0,0,0,0,0,0,0,0,0,0,0,0,0,120.1,97.6,0,0,0,0,0,0,0,0,0,0,0,0,0,0,0,0,0,0,0,0,0,0,0,0,0,0,0,0,0,0,0,0,0,0,0,0,0,0,0,0,0,0,0,0,0,0,0,0,0,0,0,0,0,0,0,0,0,0,0,0,0,0,0,0,0,0,0,0,0,0,0,0,0,0,0,0,0,0,0,0,0,0,0,0,0,0,0,0,TT,O,,2022,2,2,4/21/2009,28.84615385,30.19975506,30.61755623,28.11074919,0,17.9,0,0,0,0,0,0,0,0,0,0,0,0,0,0,0,0,0,0,0,0,0,0,0,0,0,0,0,0,0,0,0,0,0,0,0,0,0,0,0,0,0,0,0,0,0,0,0,0,0,0,0,0,0,0,0,0,0,0,0,0,0,0,0,0,0,0,0,0,0,0,0,0,0,0,0,0,0,0,0,0,0,0,0,0,0,0,0,0,0,97.6,0,0,0,0,0,0,0,0,0,0,0,0,0,0,0,0,0,0,0,0,0,0,0,0,0,0,0,0,0,0,0,0,0,0,0,0,0,0,0,0,0,0,0,0,0,0,0,0,0,0,0,0,0,0,0,0,0,0,0,0,0,0,0,0,0,0,0,0,0,0,0,0,0,0,0,0,0,0,0,0,0,0,0,0,0,0,0,0,17.9,97.6,17.9,97.6,55,115,2,2
18,3,A,S,2,58.3,1526,27,29,26,52,22,-78,1.5,0,2,0,90,2206,12,58,60.4,64.5,88.9,109.8,110.9,104.9,83.4,50.6,19.7,23.8,33.9,38.2,32.8,28.6,45.6,72.6,86.6,103.4,111.3,107.8,106.4,102.9,99.6,96.4,82.8,71.8,59.4,58.9,52.4,30.3,21.6,44.9,75.5,78.7,71.1,66.3,71.8,83.6,89.3,92.3,84.2,68.2,59.4,47.4,27.1,27.6,41.6,65.3,76.7,83.9,100.5,107.9,101.4,90.7,84.5,65.2,39.1,14.7,0,0,0,0,0,0,0,0,0,0,0,0,0,0,0,0,0,0,0,0,0,0,0,0,0,0,0,0,0,0,0,0,101.8,71.4,45.6,33.4,24.6,18.8,8.8,36.8,73.2,106.3,120.2,122,109.6,87.7,63.2,47.1,46.5,61.7,56.3,36.5,21.7,25,41.9,53.2,68.4,90.3,106.2,117.3,119.6,109.9,104.5,106.3,102.8,86.5,65.6,38.4,18,32.8,54.2,65.3,78.4,90.2,109.3,114.5,108.3,112.7,114.2,108.6,99.4,81,69.2,56.2,39,18.8,9.5,22.2,48.8,77,0,0,0,0,0,0,0,0,0,0,0,0,0,0,0,0,0,0,0,0,0,0,0,0,0,0,0,0,0,0,0,0,TT,O,,2022,3,2,4/21/2009,26.17495712,30.19975506,30.61755623,28.11074919,0,64.5,88.9,109.8,110.9,104.9,83.4,50.6,19.7,23.8,33.9,38.2,32.8,28.6,45.6,72.6,86.6,103.4,111.3,107.8,106.4,102.9,99.6,96.4,82.8,71.8,59.4,58.9,52.4,30.3,21.6,44.9,75.5,78.7,71.1,66.3,71.8,83.6,89.3,92.3,84.2,68.2,59.4,47.4,27.1,27.6,41.6,65.3,76.7,83.9,100.5,107.9,101.4,90.7,84.5,65.2,39.1,14.7,0,0,0,0,0,0,0,0,0,0,0,0,0,0,0,0,0,0,0,0,0,0,0,0,0,0,0,0,0,0,0,0,0,71.4,45.6,33.4,24.6,18.8,8.8,36.8,73.2,106.3,120.2,122,109.6,87.7,63.2,47.1,46.5,61.7,56.3,36.5,21.7,25,41.9,53.2,68.4,90.3,106.2,117.3,119.6,109.9,104.5,106.3,102.8,86.5,65.6,38.4,18,32.8,54.2,65.3,78.4,90.2,109.3,114.5,108.3,112.7,114.2,108.6,99.4,81,69.2,56.2,39,18.8,9.5,22.2,48.8,77,0,0,0,0,0,0,0,0,0,0,0,0,0,0,0,0,0,0,0,0,0,0,0,0,0,0,0,0,0,0,0,0,3958.7,3954.9,69.45087719,69.38421053,55,115,2,2
16,4,A,E,2,20.6,671,35,11,41,44,15,-41,1.5,1,0,0,90,2206,12,20,63.6,24.4,38.4,81.8,88.8,80.5,69.8,62.5,48.2,39,34.2,22.1,31.2,59.2,94.6,92.8,79,67.6,48.1,19.4,0,0,0,0,0,0,0,0,0,0,0,0,0,0,0,0,0,0,0,0,0,0,0,0,0,0,0,0,0,0,0,0,0,0,0,0,0,0,0,0,0,0,0,0,0,0,0,0,0,0,0,0,0,0,0,0,0,0,0,0,0,0,0,0,0,0,0,0,0,0,121.7,104.5,99.5,89.7,65.4,34,18.8,33.9,62.4,94.9,113.4,107.4,93.3,87.7,87.3,66.1,46,38,44.1,68.3,0,0,0,0,0,0,0,0,0,0,0,0,0,0,0,0,0,0,0,0,0,0,0,0,0,0,0,0,0,0,0,0,0,0,0,0,0,0,0,0,0,0,0,0,0,0,0,0,0,0,0,0,0,0,0,0,0,0,0,0,0,0,0,0,0,0,0,0,0,0,TT,O,,2022,4,2,4/22/2009,32.57281553,30.19975506,30.61755623,28.11074919,0,24.4,38.4,81.8,88.8,80.5,69.8,62.5,48.2,39,34.2,22.1,31.2,59.2,94.6,92.8,79,67.6,48.1,19.4,0,0,0,0,0,0,0,0,0,0,0,0,0,0,0,0,0,0,0,0,0,0,0,0,0,0,0,0,0,0,0,0,0,0,0,0,0,0,0,0,0,0,0,0,0,0,0,0,0,0,0,0,0,0,0,0,0,0,0,0,0,0,0,0,0,0,0,0,0,0,0,104.5,99.5,89.7,65.4,34,18.8,33.9,62.4,94.9,113.4,107.4,93.3,87.7,87.3,66.1,46,38,44.1,68.3,0,0,0,0,0,0,0,0,0,0,0,0,0,0,0,0,0,0,0,0,0,0,0,0,0,0,0,0,0,0,0,0,0,0,0,0,0,0,0,0,0,0,0,0,0,0,0,0,0,0,0,0,0,0,0,0,0,0,0,0,0,0,0,0,0,0,0,0,0,0,1081.6,1354.7,56.92631579,71.3,55,115,2,2
17,4,A,W,2,5.6,201,27,46,65,29,6,-44,1.5,1,0,0,90,2206,12,5,109.8,92.6,71.1,45.4,25.5,0,0,0,0,0,0,0,0,0,0,0,0,0,0,0,0,0,0,0,0,0,0,0,0,0,0,0,0,0,0,0,0,0,0,0,0,0,0,0,0,0,0,0,0,0,0,0,0,0,0,0,0,0,0,0,0,0,0,0,0,0,0,0,0,0,0,0,0,0,0,0,0,0,0,0,0,0,0,0,0,0,0,0,0,0,30.2,19.6,39.3,72.8,95.5,0,0,0,0,0,0,0,0,0,0,0,0,0,0,0,0,0,0,0,0,0,0,0,0,0,0,0,0,0,0,0,0,0,0,0,0,0,0,0,0,0,0,0,0,0,0,0,0,0,0,0,0,0,0,0,0,0,0,0,0,0,0,0,0,0,0,0,0,0,0,0,0,0,0,0,0,0,0,0,0,0,0,0,0,0,TT,O,,2022,5,2,4/22/2009,35.89285714,30.19975506,30.61755623,28.11074919,0,0,0,45.4,25.5,0,0,0,0,0,0,0,0,0,0,0,0,0,0,0,0,0,0,0,0,0,0,0,0,0,0,0,0,0,0,0,0,0,0,0,0,0,0,0,0,0,0,0,0,0,0,0,0,0,0,0,0,0,0,0,0,0,0,0,0,0,0,0,0,0,0,0,0,0,0,0,0,0,0,0,0,0,0,0,0,0,0,0,0,0,0,0,0,72.8,95.5,0,0,0,0,0,0,0,0,0,0,0,0,0,0,0,0,0,0,0,0,0,0,0,0,0,0,0,0,0,0,0,0,0,0,0,0,0,0,0,0,0,0,0,0,0,0,0,0,0,0,0,0,0,0,0,0,0,0,0,0,0,0,0,0,0,0,0,0,0,0,0,0,0,0,0,0,0,0,0,0,0,0,0,0,0,70.9,168.3,35.45,84.15,115,55,4,4
18,4,A,N,2,30.7,863,36,23,35,45,20,-35,1.5,0,0,0,90,2206,12,30,103.8,73.7,38,27.4,47.9,39.4,39.6,38.2,50,59.9,78.6,94.9,99.9,100.7,105.6,101.5,95.7,95.6,98.3,89.9,80.5,54.3,26,15.6,31.5,31.4,22.7,28.7,49.6,71.4,0,0,0,0,0,0,0,0,0,0,0,0,0,0,0,0,0,0,0,0,0,0,0,0,0,0,0,0,0,0,0,0,0,0,0,0,0,0,0,0,0,0,0,0,0,0,0,0,0,0,0,0,0,0,0,0,0,0,0,0,67.2,60.9,56.5,80.1,111.2,121.5,125.9,116.6,104,79.2,54.8,42.9,32.3,16.7,30.8,51.2,71,83.1,72.6,59.3,54.8,56.6,72.4,98.9,117.8,109.5,90.1,64.1,37.9,24.8,0,0,0,0,0,0,0,0,0,0,0,0,0,0,0,0,0,0,0,0,0,0,0,0,0,0,0,0,0,0,0,0,0,0,0,0,0,0,0,0,0,0,0,0,0,0,0,0,0,0,0,0,0,0,0,0,0,0,0,0,FS,O,,2022,6,2,4/22/2009,28.11074919,30.19975506,30.61755623,28.11074919,0,0,0,27.4,47.9,39.4,39.6,38.2,50,59.9,78.6,94.9,99.9,100.7,105.6,101.5,95.7,95.6,98.3,89.9,80.5,54.3,26,15.6,31.5,31.4,22.7,28.7,49.6,71.4,0,0,0,0,0,0,0,0,0,0,0,0,0,0,0,0,0,0,0,0,0,0,0,0,0,0,0,0,0,0,0,0,0,0,0,0,0,0,0,0,0,0,0,0,0,0,0,0,0,0,0,0,0,0,0,0,0,0,0,0,0,0,0,80.1,111.2,121.5,125.9,116.6,104,79.2,54.8,42.9,32.3,16.7,30.8,51.2,71,83.1,72.6,59.3,54.8,56.6,72.4,98.9,117.8,109.5,90.1,64.1,37.9,24.8,0,0,0,0,0,0,0,0,0,0,0,0,0,0,0,0,0,0,0,0,0,0,0,0,0,0,0,0,0,0,0,0,0,0,0,0,0,0,0,0,0,0,0,0,0,0,0,0,0,0,0,0,0,0,0,0,0,0,0,0,1674.8,1980.1,62.02962963,73.33703704,115,55,4,4
19,3,A,W,2,90.1,1481,24,13,39,37,24,-45,1.5,1,0,0,90,2206,13,90,116.9,106.8,90.1,63.6,35.9,12.1,21.2,47.9,42,35.7,34.1,45.6,51.6,57.7,56.6,48.6,60.7,59.1,55.3,53.2,52.4,52,51.9,55.5,57,46.8,32.2,21,26.1,38.1,37.4,35.3,38.1,37.6,38.1,39.1,47.2,63.6,78.6,80.8,81.1,78.4,70.3,69.5,62.1,59.7,47.4,41.4,43.5,52.6,59.5,62.7,60.3,61.9,60.8,48.1,36.4,37,50.7,72.6,93.5,103.2,104.9,103.9,96.9,89.5,82.5,75.7,63.1,45.6,36.1,31.1,28.5,38,55.4,67.2,73.6,75.7,84.9,88,93.8,95.4,87.4,90.9,104.4,119.3,124.5,121.6,120,106.9,46.1,32.2,20,27.7,53.7,78.7,86.4,73.9,67.5,68.9,65.5,56,53.5,54.3,64.1,74,77.2,67.9,62.3,58.4,55.3,52.4,49.9,46.3,44.8,48.7,57.1,73.4,85.7,102.7,112.8,119.1,124.5,123.9,124.3,123.2,119.7,113.2,105.1,99.5,88.9,76.5,68.7,65.7,64.7,71.1,80.1,96.3,110.5,116.4,110.8,105.2,93.3,81,67.6,62.4,56.4,51,50.9,52.9,57.6,66.2,65.8,72.9,82,93.5,105.2,115,116.4,112.2,116.4,117.1,113.8,105.2,95.8,93.4,82.7,72.8,70.2,65.4,65.2,62.9,50.4,39,36.8,41.6,40.3,36,34.3,20.4,TT,O,,2022,1,2,4/21/2009,16.4372919,17.82363597,18.14810342,16.2012987,0,0,0,0,0,12.1,21.2,47.9,42,35.7,34.1,45.6,51.6,57.7,56.6,48.6,60.7,59.1,55.3,53.2,52.4,52,51.9,55.5,57,46.8,32.2,21,26.1,38.1,37.4,35.3,38.1,37.6,38.1,39.1,47.2,63.6,78.6,80.8,81.1,78.4,70.3,69.5,62.1,59.7,47.4,41.4,43.5,52.6,59.5,62.7,60.3,61.9,60.8,48.1,36.4,37,50.7,72.6,93.5,103.2,104.9,103.9,96.9,89.5,82.5,75.7,63.1,45.6,36.1,31.1,28.5,38,55.4,67.2,73.6,75.7,84.9,88,93.8,95.4,87.4,90.9,104.4,119.3,124.5,121.6,120,106.9,0,0,0,0,0,78.7,86.4,73.9,67.5,68.9,65.5,56,53.5,54.3,64.1,74,77.2,67.9,62.3,58.4,55.3,52.4,49.9,46.3,44.8,48.7,57.1,73.4,85.7,102.7,112.8,119.1,124.5,123.9,124.3,123.2,119.7,113.2,105.1,99.5,88.9,76.5,68.7,65.7,64.7,71.1,80.1,96.3,110.5,116.4,110.8,105.2,93.3,81,67.6,62.4,56.4,51,50.9,52.9,57.6,66.2,65.8,72.9,82,93.5,105.2,115,116.4,112.2,116.4,117.1,113.8,105.2,95.8,93.4,82.7,72.8,70.2,65.4,65.2,62.9,50.4,39,36.8,41.6,40.3,36,34.3,20.4,5267.7,6607.1,61.97294118,77.73058824,115,55,6,6
20,3,A,E,2,14,255,18,3,33,58,9,-5,1.5,0,0,0,90,2206,13,13,61.1,46.9,47.5,60.1,77.5,91.2,94.3,96.1,92.6,82,70.7,57.4,38.5,0,0,0,0,0,0,0,0,0,0,0,0,0,0,0,0,0,0,0,0,0,0,0,0,0,0,0,0,0,0,0,0,0,0,0,0,0,0,0,0,0,0,0,0,0,0,0,0,0,0,0,0,0,0,0,0,0,0,0,0,0,0,0,0,0,0,0,0,0,0,0,0,0,0,0,0,0,122.4,102.4,81.3,63.5,50.9,56,63.2,60.3,66.8,73.3,82.6,89.3,89.4,0,0,0,0,0,0,0,0,0,0,0,0,0,0,0,0,0,0,0,0,0,0,0,0,0,0,0,0,0,0,0,0,0,0,0,0,0,0,0,0,0,0,0,0,0,0,0,0,0,0,0,0,0,0,0,0,0,0,0,0,0,0,0,0,0,0,0,0,0,0,0,0,0,0,0,0,0,TT,O,,2022,2,2,4/21/2009,18.21428571,17.82363597,18.14810342,16.2012987,0,0,47.5,60.1,77.5,91.2,94.3,96.1,92.6,82,70.7,57.4,38.5,0,0,0,0,0,0,0,0,0,0,0,0,0,0,0,0,0,0,0,0,0,0,0,0,0,0,0,0,0,0,0,0,0,0,0,0,0,0,0,0,0,0,0,0,0,0,0,0,0,0,0,0,0,0,0,0,0,0,0,0,0,0,0,0,0,0,0,0,0,0,0,0,0,0,0,0,0,0,0,81.3,63.5,50.9,56,63.2,60.3,66.8,73.3,82.6,89.3,89.4,0,0,0,0,0,0,0,0,0,0,0,0,0,0,0,0,0,0,0,0,0,0,0,0,0,0,0,0,0,0,0,0,0,0,0,0,0,0,0,0,0,0,0,0,0,0,0,0,0,0,0,0,0,0,0,0,0,0,0,0,0,0,0,0,0,0,0,0,0,0,0,0,0,0,0,0,0,807.9,776.6,73.44545455,70.6,55,115,3,3
21,3,A,S,2,59.5,1124,48,11,45,39,16,-49,1.5,1,1,0,90,2206,13,59,60,45.7,30.1,24.6,35.6,46,52,53.4,49,42.9,34.4,27.8,27.5,37.6,59.4,74.5,92.3,98,91.4,90.1,87.8,88.3,89.1,88.8,78.8,67.3,57.6,51.2,43.5,31.9,26.2,23.2,36.2,40.7,33.4,24.3,20.1,17.8,17.9,12.9,16.6,17.7,25.7,24.4,28.1,42.7,61,83.6,88.9,91.8,83.9,75.4,68.7,59.2,44.7,34.5,29.2,28.4,15.9,0,0,0,0,0,0,0,0,0,0,0,0,0,0,0,0,0,0,0,0,0,0,0,0,0,0,0,0,0,0,0,109.1,91.8,74.3,63.9,70.8,82.7,95,108.8,118,122.4,119.4,112.7,107.4,103,96.7,94.1,93,84.5,68.5,52,32.2,11.4,9.3,14.2,27.8,48.5,69.3,88.5,101.2,105.8,111,106.6,98.3,84.8,81,76,68.8,69.1,69.3,81.2,92.4,101.9,112.1,109.7,103.9,100.8,100.4,100.7,92.7,81.1,65.3,47.3,35.3,32.7,42.2,54.7,75.2,91.2,90,0,0,0,0,0,0,0,0,0,0,0,0,0,0,0,0,0,0,0,0,0,0,0,0,0,0,0,0,0,0,0,TT,O,,2022,3,2,4/21/2009,18.8907563,17.82363597,18.14810342,16.2012987,0,0,30.1,24.6,35.6,46,52,53.4,49,42.9,34.4,27.8,27.5,37.6,59.4,74.5,92.3,98,91.4,90.1,87.8,88.3,89.1,88.8,78.8,67.3,57.6,51.2,43.5,31.9,26.2,23.2,36.2,40.7,33.4,24.3,20.1,17.8,17.9,12.9,16.6,17.7,25.7,24.4,28.1,42.7,61,83.6,88.9,91.8,83.9,75.4,68.7,59.2,44.7,34.5,29.2,28.4,15.9,0,0,0,0,0,0,0,0,0,0,0,0,0,0,0,0,0,0,0,0,0,0,0,0,0,0,0,0,0,0,0,0,0,74.3,63.9,70.8,82.7,95,108.8,118,122.4,119.4,112.7,107.4,103,96.7,94.1,93,84.5,68.5,52,32.2,11.4,9.3,14.2,27.8,48.5,69.3,88.5,101.2,105.8,111,106.6,98.3,84.8,81,76,68.8,69.1,69.3,81.2,92.4,101.9,112.1,109.7,103.9,100.8,100.4,100.7,92.7,81.1,65.3,47.3,35.3,32.7,42.2,54.7,75.2,91.2,90,0,0,0,0,0,0,0,0,0,0,0,0,0,0,0,0,0,0,0,0,0,0,0,0,0,0,0,0,0,0,0,2824,4551.1,49.54385965,79.84385965,55,115,3,3
19,4,A,E,2,44.4,907,24,15,49,32,19,55,1.5,2,0,0,90,2206,13,44,68.9,62.9,72.5,94.2,107.6,109.9,103,88.9,70.9,49.2,25.9,9,13.2,39.2,62.1,66.1,65.6,60.8,61.3,69,71.4,67.8,60,50.9,48.8,53,53.2,38.8,23.7,25.7,42.8,60.4,88.7,103.9,98.5,92.8,96.6,96.7,89.4,77,66.8,53.3,33.9,20.6,0,0,0,0,0,0,0,0,0,0,0,0,0,0,0,0,0,0,0,0,0,0,0,0,0,0,0,0,0,0,0,0,0,0,0,0,0,0,0,0,0,0,0,0,0,0,123,97.6,70.7,56.5,67.2,65.5,70.8,73,76.8,77.4,82.4,86.5,79.1,76.8,67.3,56,42.5,30.5,29.7,44.2,50.5,68.2,86.1,97.7,112.6,124.4,127.3,120.2,109.4,87.8,79.2,77,81.4,83.9,76.6,62.3,51.5,39.3,28.6,18.8,20.9,35.1,59,81,0,0,0,0,0,0,0,0,0,0,0,0,0,0,0,0,0,0,0,0,0,0,0,0,0,0,0,0,0,0,0,0,0,0,0,0,0,0,0,0,0,0,0,0,0,0,TT,O,,2022,4,2,4/22/2009,20.42792793,17.82363597,18.14810342,16.2012987,0,0,72.5,94.2,107.6,109.9,103,88.9,70.9,49.2,25.9,9,13.2,39.2,62.1,66.1,65.6,60.8,61.3,69,71.4,67.8,60,50.9,48.8,53,53.2,38.8,23.7,25.7,42.8,60.4,88.7,103.9,98.5,92.8,96.6,96.7,89.4,77,66.8,53.3,33.9,20.6,0,0,0,0,0,0,0,0,0,0,0,0,0,0,0,0,0,0,0,0,0,0,0,0,0,0,0,0,0,0,0,0,0,0,0,0,0,0,0,0,0,0,0,0,0,0,0,0,70.7,56.5,67.2,65.5,70.8,73,76.8,77.4,82.4,86.5,79.1,76.8,67.3,56,42.5,30.5,29.7,44.2,50.5,68.2,86.1,97.7,112.6,124.4,127.3,120.2,109.4,87.8,79.2,77,81.4,83.9,76.6,62.3,51.5,39.3,28.6,18.8,20.9,35.1,59,81,0,0,0,0,0,0,0,0,0,0,0,0,0,0,0,0,0,0,0,0,0,0,0,0,0,0,0,0,0,0,0,0,0,0,0,0,0,0,0,0,0,0,0,0,0,0,2683.1,2931.7,63.88333333,69.80238095,55,115,3,3
20,4,A,W,2,90.1,1511,38,19,53,33,14,7,1.5,2,0,0,90,2206,13,90,112.2,104.8,84.5,65.6,63.3,61.4,50.7,41.5,22.3,11.9,28.9,29.8,36.5,21.9,18.5,19.3,22.6,31.5,27.4,16.5,10.6,11,19.7,29.2,37.1,50.3,52.9,55.2,50.6,56.1,78.3,79.5,76.5,79.5,74.6,71.8,53.8,36.5,21.2,32.8,41.3,51.2,38.8,34.4,19.4,15.1,26.3,30.4,35.8,37.4,40.3,40.2,36.5,32.1,33.5,42.2,58.8,70.2,83.7,95.1,95.4,89.4,79.7,71.8,57.5,44.6,26.4,25.9,32,34.6,40.3,52,59.1,59.8,65.8,74.5,80.3,90.7,103.4,115.8,125.2,121.2,118.2,111.1,98.3,83.6,69.7,58.2,50,45.5,46.5,43.4,45,61.1,71.9,63.9,62.5,65.3,74.8,87.1,81.2,77.3,80.3,93.4,91.7,100.2,101.1,95.2,85.4,76.5,76.5,78.6,77.4,64.1,52.6,37.3,34.7,33.3,49.8,67.6,73.5,64.9,48.2,31.1,22.5,21.3,33.9,50.3,66.2,63,60.1,63,72.3,74.6,87.8,96.8,111.7,117.1,122.2,123.7,126.3,125.6,123,117.5,112.2,107.5,99.6,96,92.9,91,88.1,79.2,69.3,66.2,68.1,74.2,88.9,107.4,114.8,112.3,107.8,97.5,86.5,74.8,61.1,49.1,37.6,25.7,22,29.4,39.4,36.6,34,29.9,28.2,35.7,49.1,66.3,81.2,91.9,TT,O,,2022,5,2,4/22/2009,16.77025527,17.82363597,18.14810342,16.2012987,0,0,0,0,0,61.4,50.7,41.5,22.3,11.9,28.9,29.8,36.5,21.9,18.5,19.3,22.6,31.5,27.4,16.5,10.6,11,19.7,29.2,37.1,50.3,52.9,55.2,50.6,56.1,78.3,79.5,76.5,79.5,74.6,71.8,53.8,36.5,21.2,32.8,41.3,51.2,38.8,34.4,19.4,15.1,26.3,30.4,35.8,37.4,40.3,40.2,36.5,32.1,33.5,42.2,58.8,70.2,83.7,95.1,95.4,89.4,79.7,71.8,57.5,44.6,26.4,25.9,32,34.6,40.3,52,59.1,59.8,65.8,74.5,80.3,90.7,103.4,115.8,125.2,121.2,118.2,111.1,98.3,83.6,69.7,58.2,50,45.5,0,0,0,0,0,63.9,62.5,65.3,74.8,87.1,81.2,77.3,80.3,93.4,91.7,100.2,101.1,95.2,85.4,76.5,76.5,78.6,77.4,64.1,52.6,37.3,34.7,33.3,49.8,67.6,73.5,64.9,48.2,31.1,22.5,21.3,33.9,50.3,66.2,63,60.1,63,72.3,74.6,87.8,96.8,111.7,117.1,122.2,123.7,126.3,125.6,123,117.5,112.2,107.5,99.6,96,92.9,91,88.1,79.2,69.3,66.2,68.1,74.2,88.9,107.4,114.8,112.3,107.8,97.5,86.5,74.8,61.1,49.1,37.6,25.7,22,29.4,39.4,36.6,34,29.9,28.2,35.7,49.1,66.3,81.2,91.9,4460.6,6255.9,52.47764706,73.59882353,115,55,6,6
21,4,A,N,2,30.8,499,54,5,36,57,7,-34,1.5,2,0,0,90,2206,13,30,115.3,113.2,106.2,93.5,75.7,57.7,36,12.3,9.6,27.6,46.7,50.7,40.2,28.1,13.1,12,22.8,35.8,39.1,42.1,35.4,30.5,27.6,28.6,34,40.2,53.2,60.2,59.7,54.3,0,0,0,0,0,0,0,0,0,0,0,0,0,0,0,0,0,0,0,0,0,0,0,0,0,0,0,0,0,0,0,0,0,0,0,0,0,0,0,0,0,0,0,0,0,0,0,0,0,0,0,0,0,0,0,0,0,0,0,0,61.8,65.1,62.4,61.9,60.7,65.4,69.6,81.6,91.4,99.2,97.1,85.6,77,76.5,77.3,80.1,88.6,95.4,97.4,106.2,109.9,113.3,114,112.8,110.2,109.6,99.8,95.2,89,80.2,0,0,0,0,0,0,0,0,0,0,0,0,0,0,0,0,0,0,0,0,0,0,0,0,0,0,0,0,0,0,0,0,0,0,0,0,0,0,0,0,0,0,0,0,0,0,0,0,0,0,0,0,0,0,0,0,0,0,0,0,FS,O,,2022,6,2,4/22/2009,16.2012987,17.82363597,18.14810342,16.2012987,0,0,0,0,0,0,36,12.3,9.6,27.6,46.7,50.7,40.2,28.1,13.1,12,22.8,35.8,39.1,42.1,35.4,30.5,27.6,28.6,34,40.2,53.2,60.2,59.7,54.3,0,0,0,0,0,0,0,0,0,0,0,0,0,0,0,0,0,0,0,0,0,0,0,0,0,0,0,0,0,0,0,0,0,0,0,0,0,0,0,0,0,0,0,0,0,0,0,0,0,0,0,0,0,0,0,0,0,0,0,0,0,0,0,0,0,0,69.6,81.6,91.4,99.2,97.1,85.6,77,76.5,77.3,80.1,88.6,95.4,97.4,106.2,109.9,113.3,114,112.8,110.2,109.6,99.8,95.2,89,80.2,0,0,0,0,0,0,0,0,0,0,0,0,0,0,0,0,0,0,0,0,0,0,0,0,0,0,0,0,0,0,0,0,0,0,0,0,0,0,0,0,0,0,0,0,0,0,0,0,0,0,0,0,0,0,0,0,0,0,0,0,839.8,2257,34.99166667,94.04166667,115,55,7,7
22,3,A,W,2,90.1,1957,28,13,14,35,51,30,1.5,1,0,0,90,2206,14,90,114.8,105.1,85.3,70.8,66.3,54.9,39.1,35.4,50.3,62.4,55.3,53.2,63.9,86.3,106.4,106.8,97.2,82.9,65.6,56,50.5,41.9,45.8,55.9,72.5,88,104.8,115.2,122.5,126.3,123,113.7,104.8,84.3,61,35.3,20.8,23.8,32.7,42.1,45.8,36.8,14.7,17.8,44.6,70.4,79.7,65.5,56.6,61.4,71.4,81.5,95.8,105.7,112.9,123.3,122,118.7,114.4,107.5,99.8,92.8,87,86,82.6,78.5,70.1,55,37.3,26.6,36.7,44.5,54.6,51.8,45.7,34.6,33.9,43,50.9,77.9,93.2,103,106.4,104.2,99.6,95.8,92.6,85.2,90.5,90.7,52.5,52.3,59.8,85,107.8,119.1,120,121,128.6,132.2,116.9,94.4,70.9,64.3,77.8,84.7,85.2,90.7,101.5,118.4,129.4,127.6,126.9,119.9,109.7,99.4,88.1,74.3,60.7,49.9,43.4,37.4,35.1,36.5,48.6,72.8,99.1,105.7,98.6,88.6,88.3,85.5,82.4,81.5,88.2,99.7,103.4,103.5,94,82.8,70.7,56,44.1,33.1,27.9,38.5,47,58.2,69.8,80.9,93.7,106.6,113.6,107.8,98,89.5,72.9,60.5,54.8,66.8,98.2,111,120.6,122.4,121.7,108.8,104,94.4,94.1,98.6,95.6,88.5,81.6,79.5,80.4,81.8,83.6,77.5,71.3,60.4,TT,O,,2022,1,2,4/21/2009,21.72031077,20.64007278,20.86517472,19.51456311,0,0,0,0,0,54.9,39.1,35.4,50.3,62.4,55.3,53.2,63.9,86.3,106.4,106.8,97.2,82.9,65.6,56,50.5,41.9,45.8,55.9,72.5,88,104.8,115.2,122.5,126.3,123,113.7,104.8,84.3,61,35.3,20.8,23.8,32.7,42.1,45.8,36.8,14.7,17.8,44.6,70.4,79.7,65.5,56.6,61.4,71.4,81.5,95.8,105.7,112.9,123.3,122,118.7,114.4,107.5,99.8,92.8,87,86,82.6,78.5,70.1,55,37.3,26.6,36.7,44.5,54.6,51.8,45.7,34.6,33.9,43,50.9,77.9,93.2,103,106.4,104.2,99.6,95.8,92.6,85.2,90.5,90.7,0,0,0,0,0,119.1,120,121,128.6,132.2,116.9,94.4,70.9,64.3,77.8,84.7,85.2,90.7,101.5,118.4,129.4,127.6,126.9,119.9,109.7,99.4,88.1,74.3,60.7,49.9,43.4,37.4,35.1,36.5,48.6,72.8,99.1,105.7,98.6,88.6,88.3,85.5,82.4,81.5,88.2,99.7,103.4,103.5,94,82.8,70.7,56,44.1,33.1,27.9,38.5,47,58.2,69.8,80.9,93.7,106.6,113.6,107.8,98,89.5,72.9,60.5,54.8,66.8,98.2,111,120.6,122.4,121.7,108.8,104,94.4,94.1,98.6,95.6,88.5,81.6,79.5,80.4,81.8,83.6,77.5,71.3,60.4,6177.6,7351.1,72.67764706,86.48352941,115,55,6,6
23,3,A,E,2,90.1,1583,41,13,8,19,73,-7,1.5,1,1,0,90,2206,14,90,65.7,59.8,54.5,37.9,26.8,34.9,56.3,69.5,81.4,91.5,102.1,113.1,118,121.9,125,126.9,127.6,127,125.5,121.2,114.8,108.4,91.7,70.7,46.3,28.5,36,50.8,49.9,38.2,33.4,35.8,50.7,63.3,67.4,71.5,68.6,65,60.6,39.8,16.7,30.2,58.2,78.7,99.8,115.9,115.4,113.8,104.2,99.5,82.5,62.2,42.2,34.3,42.7,41.8,35.4,41.4,57.4,63.6,58.2,53.3,46.5,43.5,45.1,49.8,57.2,65.2,77.1,81.7,80.6,88.7,97.2,102.5,102.8,100,92.3,88.5,88.3,84,77.2,70.4,61.7,56.3,56,52.3,48.1,41.2,32.9,20.1,120.9,117.2,115.5,113,112.1,112.7,111.7,109.1,102.6,94.6,84.9,77.6,69.8,62.2,55.1,47.4,42,41.1,43.5,39,31.3,22.9,7.2,20,48.1,85.3,107.5,121.3,122.5,119.6,119.7,118.9,126.1,129.6,127.8,127.9,119.9,112,107,91.2,78.7,73,64.9,60,61.4,65.9,66,68.9,64.8,63.3,66.6,75.9,92.7,112.1,127.5,128.3,120.3,117.4,122.1,127.1,126.3,125.6,129.8,129.9,127.9,123.1,119.7,113.6,106.8,102.6,103.7,99.5,92.6,85.7,83.6,86.1,88.5,92.4,96.2,100.2,105.6,110.6,112.6,115.4,118.9,121,123.3,121.1,111.6,102.3,TT,O,,2022,2,2,4/21/2009,17.56936737,20.64007278,20.86517472,19.51456311,0,0,54.5,37.9,26.8,34.9,56.3,69.5,81.4,91.5,102.1,113.1,118,121.9,125,126.9,127.6,127,125.5,121.2,114.8,108.4,91.7,70.7,46.3,28.5,36,50.8,49.9,38.2,33.4,35.8,50.7,63.3,67.4,71.5,68.6,65,60.6,39.8,16.7,30.2,58.2,78.7,99.8,115.9,115.4,113.8,104.2,99.5,82.5,62.2,42.2,34.3,42.7,41.8,35.4,41.4,57.4,63.6,58.2,53.3,46.5,43.5,45.1,49.8,57.2,65.2,77.1,81.7,80.6,88.7,97.2,102.5,102.8,100,92.3,88.5,88.3,84,77.2,70.4,61.7,56.3,56,52.3,48.1,41.2,32.9,20.1,0,0,115.5,113,112.1,112.7,111.7,109.1,102.6,94.6,84.9,77.6,69.8,62.2,55.1,47.4,42,41.1,43.5,39,31.3,22.9,7.2,20,48.1,85.3,107.5,121.3,122.5,119.6,119.7,118.9,126.1,129.6,127.8,127.9,119.9,112,107,91.2,78.7,73,64.9,60,61.4,65.9,66,68.9,64.8,63.3,66.6,75.9,92.7,112.1,127.5,128.3,120.3,117.4,122.1,127.1,126.3,125.6,129.8,129.9,127.9,123.1,119.7,113.6,106.8,102.6,103.7,99.5,92.6,85.7,83.6,86.1,88.5,92.4,96.2,100.2,105.6,110.6,112.6,115.4,118.9,121,123.3,121.1,111.6,102.3,6207.1,8332.8,70.53522727,94.69090909,55,115,3,3
24,3,A,S,2,39.9,723,26,23,31,24,45,-12,1.5,1,0,0,90,2206,14,39,58.2,45,38.7,45.2,52.4,61.3,67.4,73.3,70.3,63.3,57.8,45.6,39.1,41.7,44.3,41.3,41.5,52.2,60.3,68.7,70.7,67.9,68.9,74.5,75.5,81,92.7,106.4,114.6,112.2,107.9,116.9,124.8,117.4,111.9,97.2,76,53.1,25.3,0,0,0,0,0,0,0,0,0,0,0,0,0,0,0,0,0,0,0,0,0,0,0,0,0,0,0,0,0,0,0,0,0,0,0,0,0,0,0,0,0,0,0,0,0,0,0,0,0,0,0,113.5,103,93.1,81.8,66.6,46.5,25.4,16.1,29.6,45.3,62.4,84.1,101.5,121.1,130.4,127.9,125.5,122.3,117.2,111.4,109.5,111.8,110.6,102.8,87.7,72.8,70.2,74.8,72,58.9,44.3,41.1,45.2,40.9,35.4,29.1,32.4,47.5,71.7,0,0,0,0,0,0,0,0,0,0,0,0,0,0,0,0,0,0,0,0,0,0,0,0,0,0,0,0,0,0,0,0,0,0,0,0,0,0,0,0,0,0,0,0,0,0,0,0,0,0,0,TT,O,,2022,3,2,4/21/2009,18.12030075,20.64007278,20.86517472,19.51456311,0,0,38.7,45.2,52.4,61.3,67.4,73.3,70.3,63.3,57.8,45.6,39.1,41.7,44.3,41.3,41.5,52.2,60.3,68.7,70.7,67.9,68.9,74.5,75.5,81,92.7,106.4,114.6,112.2,107.9,116.9,124.8,117.4,111.9,97.2,76,53.1,25.3,0,0,0,0,0,0,0,0,0,0,0,0,0,0,0,0,0,0,0,0,0,0,0,0,0,0,0,0,0,0,0,0,0,0,0,0,0,0,0,0,0,0,0,0,0,0,0,0,0,0,0,0,0,93.1,81.8,66.6,46.5,25.4,16.1,29.6,45.3,62.4,84.1,101.5,121.1,130.4,127.9,125.5,122.3,117.2,111.4,109.5,111.8,110.6,102.8,87.7,72.8,70.2,74.8,72,58.9,44.3,41.1,45.2,40.9,35.4,29.1,32.4,47.5,71.7,0,0,0,0,0,0,0,0,0,0,0,0,0,0,0,0,0,0,0,0,0,0,0,0,0,0,0,0,0,0,0,0,0,0,0,0,0,0,0,0,0,0,0,0,0,0,0,0,0,0,0,2659.3,2766.9,71.87297297,74.78108108,55,115,3,3
22,4,A,E,2,39.1,957,25,11,28,29,43,35,1.5,1,0,0,90,2206,14,39,61.9,48.9,58.1,72.7,74.5,66,65.1,60.2,53.9,47.2,45.2,47.2,51.8,58.4,70.9,90,101.3,99.6,94.9,79.3,55.9,30.9,20.2,40.9,62.9,91.8,105,114.4,120.6,123.3,117.1,110.5,99.2,79.8,59.4,38.2,22.2,16.6,8.7,0,0,0,0,0,0,0,0,0,0,0,0,0,0,0,0,0,0,0,0,0,0,0,0,0,0,0,0,0,0,0,0,0,0,0,0,0,0,0,0,0,0,0,0,0,0,0,0,0,0,0,113.3,76.5,38.8,14.7,21.1,50.4,82.8,102.4,121.2,127,131.2,128.3,117.9,102.3,90.5,96.6,96.1,89,81.6,63.8,52.5,59.1,77.4,82.8,91.5,96,87.4,76.7,65,57.2,53.3,52.9,53.4,60.9,71.3,88,97.4,96.4,94.5,0,0,0,0,0,0,0,0,0,0,0,0,0,0,0,0,0,0,0,0,0,0,0,0,0,0,0,0,0,0,0,0,0,0,0,0,0,0,0,0,0,0,0,0,0,0,0,0,0,0,0,TT,O,,2022,4,2,4/22/2009,24.47570332,20.64007278,20.86517472,19.51456311,0,0,58.1,72.7,74.5,66,65.1,60.2,53.9,47.2,45.2,47.2,51.8,58.4,70.9,90,101.3,99.6,94.9,79.3,55.9,30.9,20.2,40.9,62.9,91.8,105,114.4,120.6,123.3,117.1,110.5,99.2,79.8,59.4,38.2,22.2,16.6,8.7,0,0,0,0,0,0,0,0,0,0,0,0,0,0,0,0,0,0,0,0,0,0,0,0,0,0,0,0,0,0,0,0,0,0,0,0,0,0,0,0,0,0,0,0,0,0,0,0,0,0,0,0,0,38.8,14.7,21.1,50.4,82.8,102.4,121.2,127,131.2,128.3,117.9,102.3,90.5,96.6,96.1,89,81.6,63.8,52.5,59.1,77.4,82.8,91.5,96,87.4,76.7,65,57.2,53.3,52.9,53.4,60.9,71.3,88,97.4,96.4,94.5,0,0,0,0,0,0,0,0,0,0,0,0,0,0,0,0,0,0,0,0,0,0,0,0,0,0,0,0,0,0,0,0,0,0,0,0,0,0,0,0,0,0,0,0,0,0,0,0,0,0,0,2553.9,2969.4,69.02432432,80.25405405,55,115,3,3
23,4,A,W,2,20.9,469,43,19,23,26,51,-49,1.5,1,0,0,90,2206,14,20,117.1,105.5,94.3,85,79.7,77.8,79.7,78.3,66.5,54.6,44.1,44.6,51.9,61,69.6,69.7,57.7,41.3,25.5,12.2,0,0,0,0,0,0,0,0,0,0,0,0,0,0,0,0,0,0,0,0,0,0,0,0,0,0,0,0,0,0,0,0,0,0,0,0,0,0,0,0,0,0,0,0,0,0,0,0,0,0,0,0,0,0,0,0,0,0,0,0,0,0,0,0,0,0,0,0,0,0,41.7,21.5,14.8,35,54.2,74.4,99.8,116.5,122.2,129.4,129.4,127.9,122.8,115.7,109.6,105.6,105.2,101.9,95.7,94,0,0,0,0,0,0,0,0,0,0,0,0,0,0,0,0,0,0,0,0,0,0,0,0,0,0,0,0,0,0,0,0,0,0,0,0,0,0,0,0,0,0,0,0,0,0,0,0,0,0,0,0,0,0,0,0,0,0,0,0,0,0,0,0,0,0,0,0,0,0,TT,O,,2022,5,2,4/22/2009,22.44019139,20.64007278,20.86517472,19.51456311,0,0,0,0,0,77.8,79.7,78.3,66.5,54.6,44.1,44.6,51.9,61,69.6,69.7,57.7,41.3,25.5,12.2,0,0,0,0,0,0,0,0,0,0,0,0,0,0,0,0,0,0,0,0,0,0,0,0,0,0,0,0,0,0,0,0,0,0,0,0,0,0,0,0,0,0,0,0,0,0,0,0,0,0,0,0,0,0,0,0,0,0,0,0,0,0,0,0,0,0,0,0,0,0,0,0,0,0,0,74.4,99.8,116.5,122.2,129.4,129.4,127.9,122.8,115.7,109.6,105.6,105.2,101.9,95.7,94,0,0,0,0,0,0,0,0,0,0,0,0,0,0,0,0,0,0,0,0,0,0,0,0,0,0,0,0,0,0,0,0,0,0,0,0,0,0,0,0,0,0,0,0,0,0,0,0,0,0,0,0,0,0,0,0,0,0,0,0,0,0,0,0,0,0,0,0,0,0,834.5,1650.1,55.63333333,110.0066667,115,55,6,6
24,4,A,N,2,30.9,603,53,8,46,29,25,-18,1.5,3,0,0,90,2206,14,30,112.8,105.4,88.3,67.7,49.4,43.1,52.9,70.5,71.1,54.7,38.5,20.8,6.5,13.9,19.1,32.9,45,43.2,46,53.2,51.5,34,23.2,12.1,7,18.4,38.5,57.3,65.7,69,0,0,0,0,0,0,0,0,0,0,0,0,0,0,0,0,0,0,0,0,0,0,0,0,0,0,0,0,0,0,0,0,0,0,0,0,0,0,0,0,0,0,0,0,0,0,0,0,0,0,0,0,0,0,0,0,0,0,0,0,60.7,58.9,45.5,34.2,38.4,58.7,80.7,96.9,106.2,102.3,99.2,93.3,90.5,92.6,93.1,110.9,126.8,129.2,127.2,121.5,119.5,111.6,103.3,96,83.9,68.5,50.8,43.7,52.1,56.2,0,0,0,0,0,0,0,0,0,0,0,0,0,0,0,0,0,0,0,0,0,0,0,0,0,0,0,0,0,0,0,0,0,0,0,0,0,0,0,0,0,0,0,0,0,0,0,0,0,0,0,0,0,0,0,0,0,0,0,0,FS,O,,2022,6,2,4/22/2009,19.51456311,20.64007278,20.86517472,19.51456311,0,0,0,0,0,43.1,52.9,70.5,71.1,54.7,38.5,20.8,6.5,13.9,19.1,32.9,45,43.2,46,53.2,51.5,34,23.2,12.1,7,18.4,38.5,57.3,65.7,69,0,0,0,0,0,0,0,0,0,0,0,0,0,0,0,0,0,0,0,0,0,0,0,0,0,0,0,0,0,0,0,0,0,0,0,0,0,0,0,0,0,0,0,0,0,0,0,0,0,0,0,0,0,0,0,0,0,0,0,0,0,0,0,0,0,58.7,80.7,96.9,106.2,102.3,99.2,93.3,90.5,92.6,93.1,110.9,126.8,129.2,127.2,121.5,119.5,111.6,103.3,96,83.9,68.5,50.8,43.7,52.1,56.2,0,0,0,0,0,0,0,0,0,0,0,0,0,0,0,0,0,0,0,0,0,0,0,0,0,0,0,0,0,0,0,0,0,0,0,0,0,0,0,0,0,0,0,0,0,0,0,0,0,0,0,0,0,0,0,0,0,0,0,0,988.1,2314.7,39.524,92.588,115,55,6,6
28,3,A,W,2,90.1,2167,28,21,19,39,42,21,1.5,0,0,0,90,2206,17,90,112.3,99.6,70,31.2,17.7,26.7,43.8,41.4,34.2,31.8,41.4,65.2,85.7,86.5,71.7,44.1,24.9,34.2,53.4,54.4,59.2,73.4,94.4,113,117.8,118.5,122.3,119.5,106.8,82.4,63.6,57.6,63.5,77.8,89.1,88.9,85.1,93.4,113.4,126,126.1,121.3,112.6,98,79,67.2,57,42.2,23.5,27.6,46.9,48.7,53.3,62,64.6,66,64.9,71.4,78.8,75,68.3,54,45.8,57.3,80.8,106.4,117.3,114,105.8,92.6,76.3,56.1,38.1,40.2,45.4,44,43,50.1,60.4,67.1,67,56.6,42.6,27,24.1,44.3,71,95.3,109.8,113.6,53.8,54.4,56.9,76.1,102,112.8,123.8,110.5,85.4,65.5,49.1,60.3,87.6,97.3,102.7,103.4,107.6,118.9,132.1,123.4,106.9,90.1,76.6,65.9,56.9,44.7,37.4,36,37.4,45.9,73.6,98.6,110.5,104.4,93.9,74.7,52.6,30.3,31.2,41.6,41.4,35.5,30.2,26.5,42.9,74.2,98.6,101.5,104.9,108.9,122.2,121.8,119.2,116.2,113,111.6,108.8,106.6,96.5,80.4,65,54.2,42.9,39.8,47.7,61.8,65.3,69.9,72.7,77.4,83.2,89.8,101.7,120.9,130.9,130.5,127,122.8,115.9,108.2,98.1,92.2,87.9,76.7,63.9,55,54.3,52.2,47.2,43.7,TT,O,,2022,1,2,4/21/2009,24.05105438,23.75042399,23.34741432,25.76547231,0,0,0,0,17.7,26.7,43.8,41.4,34.2,31.8,41.4,65.2,85.7,86.5,71.7,44.1,24.9,34.2,53.4,54.4,59.2,73.4,94.4,113,117.8,118.5,122.3,119.5,106.8,82.4,63.6,57.6,63.5,77.8,89.1,88.9,85.1,93.4,113.4,126,126.1,121.3,112.6,98,79,67.2,57,42.2,23.5,27.6,46.9,48.7,53.3,62,64.6,66,64.9,71.4,78.8,75,68.3,54,45.8,57.3,80.8,106.4,117.3,114,105.8,92.6,76.3,56.1,38.1,40.2,45.4,44,43,50.1,60.4,67.1,67,56.6,42.6,27,24.1,44.3,71,95.3,109.8,113.6,0,0,0,0,102,112.8,123.8,110.5,85.4,65.5,49.1,60.3,87.6,97.3,102.7,103.4,107.6,118.9,132.1,123.4,106.9,90.1,76.6,65.9,56.9,44.7,37.4,36,37.4,45.9,73.6,98.6,110.5,104.4,93.9,74.7,52.6,30.3,31.2,41.6,41.4,35.5,30.2,26.5,42.9,74.2,98.6,101.5,104.9,108.9,122.2,121.8,119.2,116.2,113,111.6,108.8,106.6,96.5,80.4,65,54.2,42.9,39.8,47.7,61.8,65.3,69.9,72.7,77.4,83.2,89.8,101.7,120.9,130.9,130.5,127,122.8,115.9,108.2,98.1,92.2,87.9,76.7,63.9,55,54.3,52.2,47.2,43.7,6023.2,7051.3,70.0372093,81.99186047,115,55,5,5
29,3,A,E,2,90.1,1770,55,8,12,33,55,48,1.5,1,0,0,90,2206,17,90,67.8,62.9,50,27.7,24.2,36.7,50.7,66.9,71,72.2,87.1,101.1,104.3,105,86.2,54.7,24.6,18.5,43.8,58.5,67.2,63.7,50.4,34,38.7,45.4,48.8,53.8,48.4,58,68.3,83,98.1,106.1,101,101.5,103.6,100.1,101.9,114.7,115.4,107.1,101.9,98.8,90.9,73.8,60.8,51,50.4,44.8,42.8,39.4,34.4,39.9,47.2,45.9,48.4,49.3,50.8,52.2,53.7,54.1,54.5,57.4,57.5,56.4,45.9,35.7,35.5,45.7,53.5,49.1,45.8,29.6,9.5,19.8,38.5,50.6,53.2,43.6,33.6,23.8,13.7,27.3,42.7,48.3,49.9,36.6,21.5,22.7,114.4,103.5,90.5,91.8,109,115.5,118.2,107.9,96.2,82.1,69.4,69,71.4,75.1,77.4,71.5,69.8,77.8,94.4,104.2,118.7,125.4,122.1,114.4,125.1,127.7,122.2,119,116.6,104.2,97.5,89.3,85.5,75.6,54.2,33.6,18.8,21.4,44.3,62.7,65.1,65.4,77,88.4,102.3,104.3,107.7,118.7,128.5,128.2,129.3,126,121,124.7,125.9,123.1,122,120.2,120,120.7,118,116.5,113.8,114.8,114.4,114.9,117.9,118.6,121.2,127.1,124,108,100.7,90,81.8,88.2,106.9,115.4,104.2,89,73.5,68.8,76.5,85,94,97.1,107.9,104.6,103.6,98.4,TT,O,,2022,2,2,4/21/2009,19.64483907,23.75042399,23.34741432,25.76547231,0,62.9,50,27.7,24.2,36.7,50.7,66.9,71,72.2,87.1,101.1,104.3,105,86.2,54.7,24.6,18.5,43.8,58.5,67.2,63.7,50.4,34,38.7,45.4,48.8,53.8,48.4,58,68.3,83,98.1,106.1,101,101.5,103.6,100.1,101.9,114.7,115.4,107.1,101.9,98.8,90.9,73.8,60.8,51,50.4,44.8,42.8,39.4,34.4,39.9,47.2,45.9,48.4,49.3,50.8,52.2,53.7,54.1,54.5,57.4,57.5,56.4,45.9,35.7,35.5,45.7,53.5,49.1,45.8,29.6,9.5,19.8,38.5,50.6,53.2,43.6,33.6,23.8,13.7,27.3,42.7,48.3,49.9,36.6,21.5,22.7,0,103.5,90.5,91.8,109,115.5,118.2,107.9,96.2,82.1,69.4,69,71.4,75.1,77.4,71.5,69.8,77.8,94.4,104.2,118.7,125.4,122.1,114.4,125.1,127.7,122.2,119,116.6,104.2,97.5,89.3,85.5,75.6,54.2,33.6,18.8,21.4,44.3,62.7,65.1,65.4,77,88.4,102.3,104.3,107.7,118.7,128.5,128.2,129.3,126,121,124.7,125.9,123.1,122,120.2,120,120.7,118,116.5,113.8,114.8,114.4,114.9,117.9,118.6,121.2,127.1,124,108,100.7,90,81.8,88.2,106.9,115.4,104.2,89,73.5,68.8,76.5,85,94,97.1,107.9,104.6,103.6,98.4,5087.7,8786.3,57.16516854,98.72247191,55,115,2,2
30,3,A,S,2,34.5,755,40,27,50,32,18,29,1.5,2,1,0,90,2206,17,34,50,31.2,31.1,43.5,50.7,42.4,21.3,10,28.8,44.3,47.4,40.7,25.8,17.9,36.4,51.5,52.8,60.8,50.4,53.2,64.6,75.1,85.8,93,99.7,114.2,121.1,116.4,109.5,90.5,66.9,47.4,22.1,12,0,0,0,0,0,0,0,0,0,0,0,0,0,0,0,0,0,0,0,0,0,0,0,0,0,0,0,0,0,0,0,0,0,0,0,0,0,0,0,0,0,0,0,0,0,0,0,0,0,0,0,0,0,0,0,0,113.6,100.3,90.9,91.5,92.8,100.4,91.6,79.8,69.6,73,79.8,85.4,88,102.3,118.2,122.8,118.2,107.7,92.8,75,58.9,39.3,20.1,8.7,25.7,47.7,51,44.5,29.5,12.6,28.6,53.2,79,90.4,0,0,0,0,0,0,0,0,0,0,0,0,0,0,0,0,0,0,0,0,0,0,0,0,0,0,0,0,0,0,0,0,0,0,0,0,0,0,0,0,0,0,0,0,0,0,0,0,0,0,0,0,0,0,0,0,TT,O,,2022,3,2,4/21/2009,21.88405797,23.75042399,23.34741432,25.76547231,0,31.2,31.1,43.5,50.7,42.4,21.3,10,28.8,44.3,47.4,40.7,25.8,17.9,36.4,51.5,52.8,60.8,50.4,53.2,64.6,75.1,85.8,93,99.7,114.2,121.1,116.4,109.5,90.5,66.9,47.4,22.1,12,0,0,0,0,0,0,0,0,0,0,0,0,0,0,0,0,0,0,0,0,0,0,0,0,0,0,0,0,0,0,0,0,0,0,0,0,0,0,0,0,0,0,0,0,0,0,0,0,0,0,0,0,0,0,0,0,0,100.3,90.9,91.5,92.8,100.4,91.6,79.8,69.6,73,79.8,85.4,88,102.3,118.2,122.8,118.2,107.7,92.8,75,58.9,39.3,20.1,8.7,25.7,47.7,51,44.5,29.5,12.6,28.6,53.2,79,90.4,0,0,0,0,0,0,0,0,0,0,0,0,0,0,0,0,0,0,0,0,0,0,0,0,0,0,0,0,0,0,0,0,0,0,0,0,0,0,0,0,0,0,0,0,0,0,0,0,0,0,0,0,0,0,0,0,1858.5,2369.3,56.31818182,71.7969697,55,115,2,2
28,4,A,E,2,23.9,654,33,21,18,33,49,36,1.5,1,0,0,90,2206,17,23,62.4,53.8,30.7,31.3,45.4,52.9,74.3,92.3,106.4,114.4,123.2,120.9,112.6,98.3,76.1,51.6,41.5,55.2,65.2,62.7,63.3,45.4,20.3,0,0,0,0,0,0,0,0,0,0,0,0,0,0,0,0,0,0,0,0,0,0,0,0,0,0,0,0,0,0,0,0,0,0,0,0,0,0,0,0,0,0,0,0,0,0,0,0,0,0,0,0,0,0,0,0,0,0,0,0,0,0,0,0,0,0,0,110,100.3,99.6,117.1,127.1,120.1,108.3,97.3,85.1,68.8,56,39.4,26.3,16.8,29.3,58.6,91.3,122.9,122.1,110.4,108.7,102.3,92.3,0,0,0,0,0,0,0,0,0,0,0,0,0,0,0,0,0,0,0,0,0,0,0,0,0,0,0,0,0,0,0,0,0,0,0,0,0,0,0,0,0,0,0,0,0,0,0,0,0,0,0,0,0,0,0,0,0,0,0,0,0,0,0,0,0,0,0,TT,O,,2022,4,2,4/22/2009,27.36401674,23.75042399,23.34741432,25.76547231,0,53.8,30.7,31.3,45.4,52.9,74.3,92.3,106.4,114.4,123.2,120.9,112.6,98.3,76.1,51.6,41.5,55.2,65.2,62.7,63.3,45.4,20.3,0,0,0,0,0,0,0,0,0,0,0,0,0,0,0,0,0,0,0,0,0,0,0,0,0,0,0,0,0,0,0,0,0,0,0,0,0,0,0,0,0,0,0,0,0,0,0,0,0,0,0,0,0,0,0,0,0,0,0,0,0,0,0,0,0,0,0,0,100.3,99.6,117.1,127.1,120.1,108.3,97.3,85.1,68.8,56,39.4,26.3,16.8,29.3,58.6,91.3,122.9,122.1,110.4,108.7,102.3,92.3,0,0,0,0,0,0,0,0,0,0,0,0,0,0,0,0,0,0,0,0,0,0,0,0,0,0,0,0,0,0,0,0,0,0,0,0,0,0,0,0,0,0,0,0,0,0,0,0,0,0,0,0,0,0,0,0,0,0,0,0,0,0,0,0,0,0,0,1537.8,1900.1,69.9,86.36818182,55,115,2,2
29,4,A,W,2,49.3,1173,34,23,14,18,68,11,1.5,0,0,0,90,2206,17,49,111.4,91.4,57,33.2,25.6,18.7,27.7,43.7,48.7,61.4,79.7,94.5,104.7,104.9,106,106.4,117.4,126,123.7,119.6,115.2,108.3,99.8,89.1,73.5,66.8,51.9,44.2,41.4,41.1,39,39.1,45.2,49.2,51.6,56.2,79.8,98.3,108.3,115.6,119.8,117,120,118.5,109.4,97.5,73,46.5,19.6,0,0,0,0,0,0,0,0,0,0,0,0,0,0,0,0,0,0,0,0,0,0,0,0,0,0,0,0,0,0,0,0,0,0,0,0,0,0,0,0,0,51.7,44.2,40.7,55.2,79.3,98.7,114,127.6,123,114.3,104.4,93.2,83.2,77.1,61.9,43,36.1,39.9,44.1,54.7,67.4,77.2,87.1,98.8,108.7,123.3,127.4,129.1,127.3,126.2,123,121,121.1,118.2,108.2,104.4,99.3,93.3,83.9,72.8,60.1,42.2,34.9,33.4,30.9,32.6,46.2,65.3,78.8,0,0,0,0,0,0,0,0,0,0,0,0,0,0,0,0,0,0,0,0,0,0,0,0,0,0,0,0,0,0,0,0,0,0,0,0,0,0,0,0,0,TT,O,,2022,5,2,4/22/2009,23.79310345,23.75042399,23.34741432,25.76547231,0,0,0,0,25.6,18.7,27.7,43.7,48.7,61.4,79.7,94.5,104.7,104.9,106,106.4,117.4,126,123.7,119.6,115.2,108.3,99.8,89.1,73.5,66.8,51.9,44.2,41.4,41.1,39,39.1,45.2,49.2,51.6,56.2,79.8,98.3,108.3,115.6,119.8,117,120,118.5,109.4,97.5,73,46.5,19.6,0,0,0,0,0,0,0,0,0,0,0,0,0,0,0,0,0,0,0,0,0,0,0,0,0,0,0,0,0,0,0,0,0,0,0,0,0,0,0,0,0,0,0,0,0,79.3,98.7,114,127.6,123,114.3,104.4,93.2,83.2,77.1,61.9,43,36.1,39.9,44.1,54.7,67.4,77.2,87.1,98.8,108.7,123.3,127.4,129.1,127.3,126.2,123,121,121.1,118.2,108.2,104.4,99.3,93.3,83.9,72.8,60.1,42.2,34.9,33.4,30.9,32.6,46.2,65.3,78.8,0,0,0,0,0,0,0,0,0,0,0,0,0,0,0,0,0,0,0,0,0,0,0,0,0,0,0,0,0,0,0,0,0,0,0,0,0,0,0,0,0,3543.6,3836.6,78.74666667,85.25777778,115,55,5,5
30,4,A,N,2,30.7,791,51,9,42,29,29,25,1.5,3,0,0,90,2206,17,30,110.6,90.7,58.7,34.5,45.6,70,64.5,53.7,28.4,11.1,40.1,60.7,63.1,41.9,20.4,8.6,31.9,59.2,69.1,68.2,48.5,22,10.7,29.6,45.7,37.7,30.9,36.2,56.1,64,0,0,0,0,0,0,0,0,0,0,0,0,0,0,0,0,0,0,0,0,0,0,0,0,0,0,0,0,0,0,0,0,0,0,0,0,0,0,0,0,0,0,0,0,0,0,0,0,0,0,0,0,0,0,0,0,0,0,0,0,56.5,38.4,42.8,72.3,110.5,125.7,112.2,103.1,85.8,84.1,87.6,97.6,111.5,108.1,96.1,81.6,73.5,68.4,62.1,58.1,58.8,74.8,92.3,103.4,116.8,120.4,117,118.1,126.9,120.3,0,0,0,0,0,0,0,0,0,0,0,0,0,0,0,0,0,0,0,0,0,0,0,0,0,0,0,0,0,0,0,0,0,0,0,0,0,0,0,0,0,0,0,0,0,0,0,0,0,0,0,0,0,0,0,0,0,0,0,0,FS,O,,2022,6,2,4/22/2009,25.76547231,23.75042399,23.34741432,25.76547231,0,0,0,34.5,45.6,70,64.5,53.7,28.4,11.1,40.1,60.7,63.1,41.9,20.4,8.6,31.9,59.2,69.1,68.2,48.5,22,10.7,29.6,45.7,37.7,30.9,36.2,56.1,64,0,0,0,0,0,0,0,0,0,0,0,0,0,0,0,0,0,0,0,0,0,0,0,0,0,0,0,0,0,0,0,0,0,0,0,0,0,0,0,0,0,0,0,0,0,0,0,0,0,0,0,0,0,0,0,0,0,0,0,0,0,0,0,72.3,110.5,125.7,112.2,103.1,85.8,84.1,87.6,97.6,111.5,108.1,96.1,81.6,73.5,68.4,62.1,58.1,58.8,74.8,92.3,103.4,116.8,120.4,117,118.1,126.9,120.3,0,0,0,0,0,0,0,0,0,0,0,0,0,0,0,0,0,0,0,0,0,0,0,0,0,0,0,0,0,0,0,0,0,0,0,0,0,0,0,0,0,0,0,0,0,0,0,0,0,0,0,0,0,0,0,0,0,0,0,0,1152.4,2587.1,42.68148148,95.81851852,115,55,4,4
31,3,A,W,2,61.9,1492,26,32,29,34,37,-42,1.5,1,0,0,90,2206,18,61,117.9,107.4,100.8,103.3,110.6,114.1,107.7,97.8,85.7,71,59.6,43.8,44,42.8,35.4,41.4,62.1,88.2,105.8,118.4,120.8,117.4,103.8,84.3,58.5,19.2,23.4,47.7,72.3,83.1,88.4,91.7,82,61,43.1,38.3,53.9,64.7,58.7,43.6,31.7,38.7,64.3,92.3,110.8,115.2,115.4,105,90.9,85.2,75.3,72.8,81.1,73.3,62.1,48,41.1,38.4,39.2,29.9,13.6,0,0,0,0,0,0,0,0,0,0,0,0,0,0,0,0,0,0,0,0,0,0,0,0,0,0,0,0,0,50.6,34.9,16.7,30,56,64.4,73.2,87.8,101.1,112.3,123.6,121.5,122.4,115,96.4,71.3,42.1,19.5,21.2,32.8,42.5,52.9,58.3,57.4,60.7,71.7,73.5,79.8,85.3,75.4,70.3,63,51.3,43.6,45.1,65.4,90.8,106.3,105.1,94.6,74.4,49.3,31.9,40.1,47.9,51.3,40.5,26.9,31.8,40.8,64.9,95.4,118.1,115.8,119.9,123.8,126.8,121.4,120.8,115.5,100,0,0,0,0,0,0,0,0,0,0,0,0,0,0,0,0,0,0,0,0,0,0,0,0,0,0,0,0,0,TT,O,,2022,1,2,4/21/2009,24.10339257,22.72968293,22.161613,25.57003257,0,0,0,0,110.6,114.1,107.7,97.8,85.7,71,59.6,43.8,44,42.8,35.4,41.4,62.1,88.2,105.8,118.4,120.8,117.4,103.8,84.3,58.5,19.2,23.4,47.7,72.3,83.1,88.4,91.7,82,61,43.1,38.3,53.9,64.7,58.7,43.6,31.7,38.7,64.3,92.3,110.8,115.2,115.4,105,90.9,85.2,75.3,72.8,81.1,73.3,62.1,48,41.1,38.4,39.2,29.9,13.6,0,0,0,0,0,0,0,0,0,0,0,0,0,0,0,0,0,0,0,0,0,0,0,0,0,0,0,0,0,0,0,0,0,56,64.4,73.2,87.8,101.1,112.3,123.6,121.5,122.4,115,96.4,71.3,42.1,19.5,21.2,32.8,42.5,52.9,58.3,57.4,60.7,71.7,73.5,79.8,85.3,75.4,70.3,63,51.3,43.6,45.1,65.4,90.8,106.3,105.1,94.6,74.4,49.3,31.9,40.1,47.9,51.3,40.5,26.9,31.8,40.8,64.9,95.4,118.1,115.8,119.9,123.8,126.8,121.4,120.8,115.5,100,0,0,0,0,0,0,0,0,0,0,0,0,0,0,0,0,0,0,0,0,0,0,0,0,0,0,0,0,0,4008.6,4310.9,70.32631579,75.62982456,115,55,5,5
32,3,A,E,2,90.1,2036,13,22,20,46,34,-17,1.5,0,1,0,90,2206,18,90,66,59.7,36.9,30.9,46.6,76.4,104.9,113.5,117.7,107.4,87.6,63.5,42.7,36.2,40.7,29.5,31.7,51,74.3,94.6,104.7,111.5,112.9,110.4,108.4,113.1,119.9,118.4,104.9,85.9,70.5,65.2,61.3,41.3,32.8,32.3,43.2,50.8,66,84.3,94.4,99.5,91.8,83.3,80.4,89.5,95.9,89.9,70.8,65.8,70.7,70.3,63.6,64,56.2,54.8,66.6,87.8,106.4,104.2,99.6,88.1,77.4,73.3,65.4,65.7,70.6,76.7,80.6,70.1,64.3,60.3,50.1,39.1,45.8,61.5,72.6,63.8,70.9,78.9,82.2,79.6,71.8,76.9,89.9,107.6,124.8,124.5,115,123.1,123.3,118.8,94.6,71.1,41.1,21.6,36.2,45.4,53.9,54.5,55.7,69.7,91.7,112.7,125.1,115.5,106.2,99.9,97,94.7,87.4,76.1,66.3,57.7,35.9,27.9,37.8,43.1,42.7,53.9,78.5,100,109.2,110.9,117.4,115.2,110.8,96.3,82.4,69.5,58.8,50.1,27.9,8.6,31.9,62.7,86.8,93.9,87,69.9,61.4,61.1,63.5,48.7,37.1,34,43.9,64.5,82.1,81.1,79.6,90.7,105.7,115,121.6,125.3,126.1,118.3,116.3,98.9,84.1,71.5,52.7,49.5,64,86.5,99.2,93.9,86.9,85.9,86.3,89.2,75.2,59.5,42.3,34,42,41.5,31.4,40.5,TT,O,,2022,2,2,4/21/2009,22.59711432,22.72968293,22.161613,25.57003257,0,59.7,36.9,30.9,46.6,76.4,104.9,113.5,117.7,107.4,87.6,63.5,42.7,36.2,40.7,29.5,31.7,51,74.3,94.6,104.7,111.5,112.9,110.4,108.4,113.1,119.9,118.4,104.9,85.9,70.5,65.2,61.3,41.3,32.8,32.3,43.2,50.8,66,84.3,94.4,99.5,91.8,83.3,80.4,89.5,95.9,89.9,70.8,65.8,70.7,70.3,63.6,64,56.2,54.8,66.6,87.8,106.4,104.2,99.6,88.1,77.4,73.3,65.4,65.7,70.6,76.7,80.6,70.1,64.3,60.3,50.1,39.1,45.8,61.5,72.6,63.8,70.9,78.9,82.2,79.6,71.8,76.9,89.9,107.6,124.8,124.5,115,123.1,0,118.8,94.6,71.1,41.1,21.6,36.2,45.4,53.9,54.5,55.7,69.7,91.7,112.7,125.1,115.5,106.2,99.9,97,94.7,87.4,76.1,66.3,57.7,35.9,27.9,37.8,43.1,42.7,53.9,78.5,100,109.2,110.9,117.4,115.2,110.8,96.3,82.4,69.5,58.8,50.1,27.9,8.6,31.9,62.7,86.8,93.9,87,69.9,61.4,61.1,63.5,48.7,37.1,34,43.9,64.5,82.1,81.1,79.6,90.7,105.7,115,121.6,125.3,126.1,118.3,116.3,98.9,84.1,71.5,52.7,49.5,64,86.5,99.2,93.9,86.9,85.9,86.3,89.2,75.2,59.5,42.3,34,42,41.5,31.4,40.5,6859.7,6593,77.0752809,74.07865169,55,115,2,2
33,3,A,S,2,31,650,46,14,34,17,49,-86,1.5,1,2,0,90,2206,18,30,56.4,58.8,58,61.3,74.5,84.5,85.4,76.3,55.4,28.3,18.9,36.4,51.4,42.6,49.7,48.5,46.4,37.9,39.5,48.4,62.9,78.4,93.2,97.7,101.3,94.9,91.8,68.4,45,12.9,0,0,0,0,0,0,0,0,0,0,0,0,0,0,0,0,0,0,0,0,0,0,0,0,0,0,0,0,0,0,0,0,0,0,0,0,0,0,0,0,0,0,0,0,0,0,0,0,0,0,0,0,0,0,0,0,0,0,0,0,111.3,98.9,81.9,60.4,34.7,13.4,6.8,10.8,31.5,60.9,91.3,116.8,128.3,115.2,116.3,116.9,123.4,123.3,123.7,122.8,110.6,103.2,95.3,88.5,82.1,77.4,79,76.6,78.4,86.1,0,0,0,0,0,0,0,0,0,0,0,0,0,0,0,0,0,0,0,0,0,0,0,0,0,0,0,0,0,0,0,0,0,0,0,0,0,0,0,0,0,0,0,0,0,0,0,0,0,0,0,0,0,0,0,0,0,0,0,0,TT,O,,2022,3,2,4/21/2009,20.96774194,22.72968293,22.161613,25.57003257,0,58.8,58,61.3,74.5,84.5,85.4,76.3,55.4,28.3,18.9,36.4,51.4,42.6,49.7,48.5,46.4,37.9,39.5,48.4,62.9,78.4,93.2,97.7,101.3,94.9,91.8,68.4,45,12.9,0,0,0,0,0,0,0,0,0,0,0,0,0,0,0,0,0,0,0,0,0,0,0,0,0,0,0,0,0,0,0,0,0,0,0,0,0,0,0,0,0,0,0,0,0,0,0,0,0,0,0,0,0,0,0,0,0,0,0,0,0,98.9,81.9,60.4,34.7,13.4,6.8,10.8,31.5,60.9,91.3,116.8,128.3,115.2,116.3,116.9,123.4,123.3,123.7,122.8,110.6,103.2,95.3,88.5,82.1,77.4,79,76.6,78.4,86.1,0,0,0,0,0,0,0,0,0,0,0,0,0,0,0,0,0,0,0,0,0,0,0,0,0,0,0,0,0,0,0,0,0,0,0,0,0,0,0,0,0,0,0,0,0,0,0,0,0,0,0,0,0,0,0,0,0,0,0,0,1748.7,2454.5,60.3,84.63793103,55,115,2,2
31,4,A,E,2,90.1,2108,30,20,30,33,37,-13,1.5,1,0,0,90,2206,18,90,63.5,55.6,31.9,24,40.7,66,86,100.5,112.3,116.8,120,119.6,114.8,109.1,101.6,89.9,85.3,84.3,78.8,73.8,63.8,58.9,65.6,80.2,84.4,80.4,78.9,67.4,46.1,35.2,26.9,22.5,35.7,58.3,75.9,81.7,87.9,81.6,64.4,49.1,37.6,38.7,51.7,56.1,51.3,36.5,37.6,29.1,19.9,28.6,49.1,73.5,92.3,100.6,108.9,122,120.7,122.6,121.3,118.8,116.6,110.7,104.6,102.7,99.1,81.3,47.2,16.8,23.1,51.4,65.6,75.6,77.5,79.2,81.9,71.7,59.8,46.2,35.6,36.5,39,49.1,47.8,32.1,20.8,27,35.2,39.5,34.9,21.2,119.9,117.7,109.7,109.2,112.3,103.9,93.5,79.1,63.7,46.4,35.7,35.6,43.4,56.1,70.8,90.5,109.7,105.4,94.2,85.2,62.2,35.1,29.6,48,69.6,87.6,101.1,109.4,114.9,118.7,112.9,98.9,80.8,62.8,45.3,40.9,23.1,14.4,23.3,40.5,66.4,93.7,116.1,128.1,129.3,121,122.8,111.2,94.5,76.6,72.7,72.4,66.3,59.2,48.1,44.8,39.9,36.7,37.1,43.8,56.3,63.6,55.6,56.8,64.2,59.3,58.7,72.9,93.4,112.7,113.2,107.9,95,84.4,83.7,65.6,46.4,42,61.7,88.3,106.1,114.1,118.2,113.4,106.3,97.6,82.4,75.5,67.1,67.2,TT,O,,2022,4,2,4/22/2009,23.39622642,22.72968293,22.161613,25.57003257,0,55.6,31.9,24,40.7,66,86,100.5,112.3,116.8,120,119.6,114.8,109.1,101.6,89.9,85.3,84.3,78.8,73.8,63.8,58.9,65.6,80.2,84.4,80.4,78.9,67.4,46.1,35.2,26.9,22.5,35.7,58.3,75.9,81.7,87.9,81.6,64.4,49.1,37.6,38.7,51.7,56.1,51.3,36.5,37.6,29.1,19.9,28.6,49.1,73.5,92.3,100.6,108.9,122,120.7,122.6,121.3,118.8,116.6,110.7,104.6,102.7,99.1,81.3,47.2,16.8,23.1,51.4,65.6,75.6,77.5,79.2,81.9,71.7,59.8,46.2,35.6,36.5,39,49.1,47.8,32.1,20.8,27,35.2,39.5,34.9,21.2,0,117.7,109.7,109.2,112.3,103.9,93.5,79.1,63.7,46.4,35.7,35.6,43.4,56.1,70.8,90.5,109.7,105.4,94.2,85.2,62.2,35.1,29.6,48,69.6,87.6,101.1,109.4,114.9,118.7,112.9,98.9,80.8,62.8,45.3,40.9,23.1,14.4,23.3,40.5,66.4,93.7,116.1,128.1,129.3,121,122.8,111.2,94.5,76.6,72.7,72.4,66.3,59.2,48.1,44.8,39.9,36.7,37.1,43.8,56.3,63.6,55.6,56.8,64.2,59.3,58.7,72.9,93.4,112.7,113.2,107.9,95,84.4,83.7,65.6,46.4,42,61.7,88.3,106.1,114.1,118.2,113.4,106.3,97.6,82.4,75.5,67.1,67.2,6002.5,6891.5,67.44382022,77.43258427,55,115,2,2
32,4,A,W,2,7.8,154,36,36,61,35,4,-9,1.5,1,0,0,90,2206,18,7,113.8,108.5,92.6,68.9,42.6,17.9,10.8,0,0,0,0,0,0,0,0,0,0,0,0,0,0,0,0,0,0,0,0,0,0,0,0,0,0,0,0,0,0,0,0,0,0,0,0,0,0,0,0,0,0,0,0,0,0,0,0,0,0,0,0,0,0,0,0,0,0,0,0,0,0,0,0,0,0,0,0,0,0,0,0,0,0,0,0,0,0,0,0,0,0,0,43.8,39.4,33.6,41.2,62.5,88.6,95,0,0,0,0,0,0,0,0,0,0,0,0,0,0,0,0,0,0,0,0,0,0,0,0,0,0,0,0,0,0,0,0,0,0,0,0,0,0,0,0,0,0,0,0,0,0,0,0,0,0,0,0,0,0,0,0,0,0,0,0,0,0,0,0,0,0,0,0,0,0,0,0,0,0,0,0,0,0,0,0,0,0,0,TT,O,,2022,5,2,4/22/2009,19.74358974,22.72968293,22.161613,25.57003257,0,0,0,0,42.6,17.9,10.8,0,0,0,0,0,0,0,0,0,0,0,0,0,0,0,0,0,0,0,0,0,0,0,0,0,0,0,0,0,0,0,0,0,0,0,0,0,0,0,0,0,0,0,0,0,0,0,0,0,0,0,0,0,0,0,0,0,0,0,0,0,0,0,0,0,0,0,0,0,0,0,0,0,0,0,0,0,0,0,0,0,0,0,0,0,0,0,62.5,88.6,95,0,0,0,0,0,0,0,0,0,0,0,0,0,0,0,0,0,0,0,0,0,0,0,0,0,0,0,0,0,0,0,0,0,0,0,0,0,0,0,0,0,0,0,0,0,0,0,0,0,0,0,0,0,0,0,0,0,0,0,0,0,0,0,0,0,0,0,0,0,0,0,0,0,0,0,0,0,0,0,0,0,0,0,71.3,246.1,23.76666667,82.03333333,115,55,5,5
33,4,A,N,2,30.7,785,23,34,10,37,53,51,1.5,0,2,0,90,2206,18,30,117.7,112.3,105.3,88.8,71.7,61,64.2,65.4,62.5,51.3,46.7,45.4,45.9,52,55.6,60.5,74.3,87.6,105.6,117.1,120.3,119,122.7,121.6,118.3,113.7,103.5,93.9,68.2,38.6,0,0,0,0,0,0,0,0,0,0,0,0,0,0,0,0,0,0,0,0,0,0,0,0,0,0,0,0,0,0,0,0,0,0,0,0,0,0,0,0,0,0,0,0,0,0,0,0,0,0,0,0,0,0,0,0,0,0,0,0,64,52.7,37.1,16.5,19.1,48.8,71.8,89.3,99.4,107.2,118.2,129.2,131.9,132.5,123.5,109.7,97.8,82.6,73.3,64.1,52.8,43.3,37.1,39.9,48.8,62.6,76.1,83.9,91,95.6,0,0,0,0,0,0,0,0,0,0,0,0,0,0,0,0,0,0,0,0,0,0,0,0,0,0,0,0,0,0,0,0,0,0,0,0,0,0,0,0,0,0,0,0,0,0,0,0,0,0,0,0,0,0,0,0,0,0,0,0,FS,O,,2022,6,2,4/22/2009,25.57003257,22.72968293,22.161613,25.57003257,0,0,0,88.8,71.7,61,64.2,65.4,62.5,51.3,46.7,45.4,45.9,52,55.6,60.5,74.3,87.6,105.6,117.1,120.3,119,122.7,121.6,118.3,113.7,103.5,93.9,68.2,38.6,0,0,0,0,0,0,0,0,0,0,0,0,0,0,0,0,0,0,0,0,0,0,0,0,0,0,0,0,0,0,0,0,0,0,0,0,0,0,0,0,0,0,0,0,0,0,0,0,0,0,0,0,0,0,0,0,0,0,0,0,0,0,0,16.5,19.1,48.8,71.8,89.3,99.4,107.2,118.2,129.2,131.9,132.5,123.5,109.7,97.8,82.6,73.3,64.1,52.8,43.3,37.1,39.9,48.8,62.6,76.1,83.9,91,95.6,0,0,0,0,0,0,0,0,0,0,0,0,0,0,0,0,0,0,0,0,0,0,0,0,0,0,0,0,0,0,0,0,0,0,0,0,0,0,0,0,0,0,0,0,0,0,0,0,0,0,0,0,0,0,0,0,0,0,0,0,2175.4,2146,80.57037037,79.48148148,115,55,4,4
34,3,A,W,2,87.5,2564,29,27,7,50,43,20,1.5,1,0,0,90,2206,19,87,106.5,76.7,54.9,43.2,46.5,58.6,79,91.7,97.2,108,115.5,114.4,108.6,102.3,85.3,66.2,40.4,28.4,31.3,55.6,73.6,87.9,95.9,102.9,111.7,110.5,97.4,70.2,34.5,15.3,35,53.7,58.1,67.8,67.5,74.3,87.5,104.7,109.5,113,111.5,103.4,102.7,107.6,102.3,90.2,73.9,59.4,52.3,47.3,37.3,44.6,47.1,41.3,50.2,73.3,100.1,112,116.2,108.2,99.6,100.1,99.6,97,84.3,67,47.1,42.2,50.1,58,53.7,47.4,47.7,49.8,69.1,99.3,121.4,120.7,118.3,108.2,94.1,85.8,84.1,82.1,62.8,39.2,16.1,0,0,0,52.7,71.6,103.7,126.8,129.1,123.1,116.3,99.9,75.5,50.1,39.7,28.7,36.6,58.9,76.2,95.1,111.8,114.5,105.6,102.5,89.9,75.3,57.2,39.8,28,29.4,40.9,56.6,67.8,88.3,120.6,133.9,128.8,128.4,116.5,104.5,92.4,83.5,72.2,61.1,45.3,20.8,30.4,60.8,78.1,80.5,91.8,108.7,118.8,125.2,123,127,123.6,105.8,84.2,62.5,50.9,48.4,40.7,25.1,19,42.5,68.5,87.2,97.5,110.4,123,128.2,133.4,133.1,121.7,108.9,98.8,77.1,47.9,35.7,43.3,41.1,34.4,22.5,26.1,53.6,81.9,97.1,100.7,97.9,96.4,0,0,0,TT,O,,2022,1,2,4/21/2009,29.30285714,28.44453882,28.50237862,28.15533981,0,0,0,43.2,46.5,58.6,79,91.7,97.2,108,115.5,114.4,108.6,102.3,85.3,66.2,40.4,28.4,31.3,55.6,73.6,87.9,95.9,102.9,111.7,110.5,97.4,70.2,34.5,15.3,35,53.7,58.1,67.8,67.5,74.3,87.5,104.7,109.5,113,111.5,103.4,102.7,107.6,102.3,90.2,73.9,59.4,52.3,47.3,37.3,44.6,47.1,41.3,50.2,73.3,100.1,112,116.2,108.2,99.6,100.1,99.6,97,84.3,67,47.1,42.2,50.1,58,53.7,47.4,47.7,49.8,69.1,99.3,121.4,120.7,118.3,108.2,94.1,85.8,84.1,82.1,62.8,39.2,16.1,0,0,0,0,0,0,126.8,129.1,123.1,116.3,99.9,75.5,50.1,39.7,28.7,36.6,58.9,76.2,95.1,111.8,114.5,105.6,102.5,89.9,75.3,57.2,39.8,28,29.4,40.9,56.6,67.8,88.3,120.6,133.9,128.8,128.4,116.5,104.5,92.4,83.5,72.2,61.1,45.3,20.8,30.4,60.8,78.1,80.5,91.8,108.7,118.8,125.2,123,127,123.6,105.8,84.2,62.5,50.9,48.4,40.7,25.1,19,42.5,68.5,87.2,97.5,110.4,123,128.2,133.4,133.1,121.7,108.9,98.8,77.1,47.9,35.7,43.3,41.1,34.4,22.5,26.1,53.6,81.9,97.1,100.7,97.9,96.4,0,0,0,6468.9,6785,77.01071429,80.77380952,115,55,4,4
35,3,A,E,2,90.1,2500,28,18,10,42,48,-17,1.5,0,2,0,90,2206,19,90,64.2,52.8,39.1,39.2,45.7,57.3,71.9,90.1,98.1,108.1,118.1,114.7,109.3,101.8,83.6,58.5,31.8,36.2,49.1,60.2,70.5,80.7,94.4,103.1,107.5,105,89.4,62.7,35.6,27.1,37.9,39.9,47.1,62.9,82.4,95,102,103.5,101.7,96,91.3,84.6,74.8,68.3,44.9,33.1,35.8,48.4,64.1,79.1,87.2,92.5,92,83.3,73.6,71.8,66.8,56.5,40.3,33.4,36.2,48.1,63.9,76.8,89,98.9,107.1,105.9,102.2,103.3,105.8,111.8,112.6,110.2,101.2,81,61.6,50.4,40.9,41.5,42.1,55.4,67.7,75.9,81.5,94.6,105.2,109.7,106.3,91.6,121.4,117.2,119.8,124.8,122.4,112.8,100.7,91.3,79.7,67.4,58,56.7,56,63.8,72.5,84.7,106.7,121.9,125.7,118.4,103.5,82.9,63.3,52,34,19.8,24.6,44.5,73.7,103.1,123.6,119.7,112.2,104.1,97,87.2,75,67.2,44.2,16.3,19.6,47.7,75.4,97.5,110.3,115.3,120.4,120.6,117.3,110.5,96.3,82,69.4,42.9,19,31.8,61.9,83.8,104.4,118.1,120.6,121.5,120.7,115.2,109,97.9,83,73.2,59,35.8,21.1,33.9,53.2,70.1,80.1,87,98.2,113.4,123.9,127.8,123.8,125.5,119.7,109.7,87.6,68.4,56.7,48,29.9,8.4,TT,O,,2022,2,2,4/21/2009,27.74694784,28.44453882,28.50237862,28.15533981,0,52.8,39.1,39.2,45.7,57.3,71.9,90.1,98.1,108.1,118.1,114.7,109.3,101.8,83.6,58.5,31.8,36.2,49.1,60.2,70.5,80.7,94.4,103.1,107.5,105,89.4,62.7,35.6,27.1,37.9,39.9,47.1,62.9,82.4,95,102,103.5,101.7,96,91.3,84.6,74.8,68.3,44.9,33.1,35.8,48.4,64.1,79.1,87.2,92.5,92,83.3,73.6,71.8,66.8,56.5,40.3,33.4,36.2,48.1,63.9,76.8,89,98.9,107.1,105.9,102.2,103.3,105.8,111.8,112.6,110.2,101.2,81,61.6,50.4,40.9,41.5,42.1,55.4,67.7,75.9,81.5,94.6,105.2,109.7,106.3,91.6,0,117.2,119.8,124.8,122.4,112.8,100.7,91.3,79.7,67.4,58,56.7,56,63.8,72.5,84.7,106.7,121.9,125.7,118.4,103.5,82.9,63.3,52,34,19.8,24.6,44.5,73.7,103.1,123.6,119.7,112.2,104.1,97,87.2,75,67.2,44.2,16.3,19.6,47.7,75.4,97.5,110.3,115.3,120.4,120.6,117.3,110.5,96.3,82,69.4,42.9,19,31.8,61.9,83.8,104.4,118.1,120.6,121.5,120.7,115.2,109,97.9,83,73.2,59,35.8,21.1,33.9,53.2,70.1,80.1,87,98.2,113.4,123.9,127.8,123.8,125.5,119.7,109.7,87.6,68.4,56.7,48,29.9,8.4,6710.2,7414.9,75.39550562,83.31348315,55,115,2,2
36,3,A,S,2,17.9,442,42,7,38,30,32,34,1.5,1,0,0,90,2206,19,17,52.6,38.5,38,45.7,57.5,69.4,76.5,76.6,69.5,60.9,60.3,69.5,81.9,73.4,53.1,24.4,4.8,0,0,0,0,0,0,0,0,0,0,0,0,0,0,0,0,0,0,0,0,0,0,0,0,0,0,0,0,0,0,0,0,0,0,0,0,0,0,0,0,0,0,0,0,0,0,0,0,0,0,0,0,0,0,0,0,0,0,0,0,0,0,0,0,0,0,0,0,0,0,0,0,0,112,113.6,124,125.9,123.2,115,102.1,93.9,77.6,48.1,29,37,60.7,72.3,75.3,81.4,83.7,0,0,0,0,0,0,0,0,0,0,0,0,0,0,0,0,0,0,0,0,0,0,0,0,0,0,0,0,0,0,0,0,0,0,0,0,0,0,0,0,0,0,0,0,0,0,0,0,0,0,0,0,0,0,0,0,0,0,0,0,0,0,0,0,0,0,0,0,0,0,0,0,0,TT,O,,2022,3,2,4/21/2009,24.69273743,28.44453882,28.50237862,28.15533981,0,38.5,38,45.7,57.5,69.4,76.5,76.6,69.5,60.9,60.3,69.5,81.9,73.4,53.1,24.4,4.8,0,0,0,0,0,0,0,0,0,0,0,0,0,0,0,0,0,0,0,0,0,0,0,0,0,0,0,0,0,0,0,0,0,0,0,0,0,0,0,0,0,0,0,0,0,0,0,0,0,0,0,0,0,0,0,0,0,0,0,0,0,0,0,0,0,0,0,0,0,0,0,0,0,0,113.6,124,125.9,123.2,115,102.1,93.9,77.6,48.1,29,37,60.7,72.3,75.3,81.4,83.7,0,0,0,0,0,0,0,0,0,0,0,0,0,0,0,0,0,0,0,0,0,0,0,0,0,0,0,0,0,0,0,0,0,0,0,0,0,0,0,0,0,0,0,0,0,0,0,0,0,0,0,0,0,0,0,0,0,0,0,0,0,0,0,0,0,0,0,0,0,0,0,0,0,900,1362.8,56.25,85.175,55,115,2,2
34,4,A,E,2,90.1,2845,32,21,14,46,40,-37,1.5,0,2,0,90,2206,19,90,61.6,26.1,45.6,77.5,96.8,108.7,118.7,118.7,118.6,113.1,106.7,94.1,81.5,74,57.3,44.3,38.6,47,55.3,47.9,41.7,38.2,42.5,61.6,84.4,99.3,103,101.1,96.1,84.4,65.2,38.1,30.6,46.3,53.4,56.7,70.5,90.7,103.1,108.7,111.5,108.4,92.8,74.1,63.4,49.9,40.6,45.8,59,71.1,77.7,84.1,92.9,97.3,97,98.2,94.7,76.5,58.9,47.4,35.3,36.3,50.4,68.5,77.5,80.9,79.5,75.4,82.9,96.5,101.9,102,94.2,68.3,39.2,28.6,42.4,49.7,55.3,61.7,70.3,79.8,83.9,87.6,93.3,92.5,69.9,37.8,27.5,34.6,122.1,107.7,109.1,98.3,83.4,64.1,47.1,33.6,38.3,51,62.9,83.9,103.4,119.2,121.9,126,123.9,118.9,114.9,117.3,125.9,122.8,112.1,102.1,89.7,73.2,59.8,29.5,15.6,41.5,66.3,88.2,115.5,127.5,120.4,99.4,75.6,54.9,44.5,30.3,27.8,44.4,58.3,79.8,101.1,120.4,125.8,128.6,128,120.1,103.7,81.9,61.3,46.7,20,21.3,46.8,65,87.4,112.1,120.1,119.4,117.7,114.8,103,88.3,75.6,44.7,13,21.9,49.3,71.4,86.3,90.1,97.9,111.6,126.2,122.8,113,97.2,77.7,61.9,50.6,24.8,10.4,29.6,39.5,50.5,71.9,87.4,TT,O,,2022,4,2,4/22/2009,31.57602664,28.44453882,28.50237862,28.15533981,0,26.1,45.6,77.5,96.8,108.7,118.7,118.7,118.6,113.1,106.7,94.1,81.5,74,57.3,44.3,38.6,47,55.3,47.9,41.7,38.2,42.5,61.6,84.4,99.3,103,101.1,96.1,84.4,65.2,38.1,30.6,46.3,53.4,56.7,70.5,90.7,103.1,108.7,111.5,108.4,92.8,74.1,63.4,49.9,40.6,45.8,59,71.1,77.7,84.1,92.9,97.3,97,98.2,94.7,76.5,58.9,47.4,35.3,36.3,50.4,68.5,77.5,80.9,79.5,75.4,82.9,96.5,101.9,102,94.2,68.3,39.2,28.6,42.4,49.7,55.3,61.7,70.3,79.8,83.9,87.6,93.3,92.5,69.9,37.8,27.5,34.6,0,107.7,109.1,98.3,83.4,64.1,47.1,33.6,38.3,51,62.9,83.9,103.4,119.2,121.9,126,123.9,118.9,114.9,117.3,125.9,122.8,112.1,102.1,89.7,73.2,59.8,29.5,15.6,41.5,66.3,88.2,115.5,127.5,120.4,99.4,75.6,54.9,44.5,30.3,27.8,44.4,58.3,79.8,101.1,120.4,125.8,128.6,128,120.1,103.7,81.9,61.3,46.7,20,21.3,46.8,65,87.4,112.1,120.1,119.4,117.7,114.8,103,88.3,75.6,44.7,13,21.9,49.3,71.4,86.3,90.1,97.9,111.6,126.2,122.8,113,97.2,77.7,61.9,50.6,24.8,10.4,29.6,39.5,50.5,71.9,87.4,6431.1,7188.8,72.25955056,80.77303371,55,115,2,2
35,4,A,W,2,71.9,2099,23,24,23,59,18,17,1.5,1,1,0,90,2206,19,71,110.7,93.7,67.5,37.3,33,46.8,62.2,75.9,90.2,96.3,99.2,99.5,94.7,81.4,65.5,50.9,39.5,41.6,51.8,68.3,75.3,79.5,87.8,98.2,104.3,110.9,110.6,105.1,89.8,65.1,42.1,33.3,34.6,29.4,35.5,55.7,82,101.9,108.3,112.1,103.1,81.6,56.1,37.5,40.1,65,63.3,55.1,45,33.9,41.5,64.9,80.2,75.3,51.4,32,24.8,32.9,51.3,68.2,76.7,80.3,79.9,79.2,84,92.4,98.4,98.5,80.3,52.4,33.4,0,0,0,0,0,0,0,0,0,0,0,0,0,0,0,0,0,0,0,55.1,56.3,74.1,98.9,117.8,117.3,105.2,84,63.5,46.4,23.2,19.6,43.2,65.5,89.3,107.3,122.5,126.5,126.1,126,113.2,92.9,70.7,51.5,41.3,28.5,27.7,42,56.4,69.3,89,114.6,119.6,105.7,87.1,66.1,49.1,42.2,39.9,29.6,17.9,13.1,31.6,61.7,93.2,121.3,113.3,101,87,64.3,48.9,53.9,74.6,88.8,99.2,107,110.6,111.6,113.8,112,100.7,86.2,68.6,51.3,23.7,8.8,30.1,53,63.4,64.6,71.1,0,0,0,0,0,0,0,0,0,0,0,0,0,0,0,0,0,0,0,TT,O,,2022,5,2,4/22/2009,29.19332406,28.44453882,28.50237862,28.15533981,0,0,0,37.3,33,46.8,62.2,75.9,90.2,96.3,99.2,99.5,94.7,81.4,65.5,50.9,39.5,41.6,51.8,68.3,75.3,79.5,87.8,98.2,104.3,110.9,110.6,105.1,89.8,65.1,42.1,33.3,34.6,29.4,35.5,55.7,82,101.9,108.3,112.1,103.1,81.6,56.1,37.5,40.1,65,63.3,55.1,45,33.9,41.5,64.9,80.2,75.3,51.4,32,24.8,32.9,51.3,68.2,76.7,80.3,79.9,79.2,84,92.4,98.4,98.5,80.3,52.4,33.4,0,0,0,0,0,0,0,0,0,0,0,0,0,0,0,0,0,0,0,0,0,0,98.9,117.8,117.3,105.2,84,63.5,46.4,23.2,19.6,43.2,65.5,89.3,107.3,122.5,126.5,126.1,126,113.2,92.9,70.7,51.5,41.3,28.5,27.7,42,56.4,69.3,89,114.6,119.6,105.7,87.1,66.1,49.1,42.2,39.9,29.6,17.9,13.1,31.6,61.7,93.2,121.3,113.3,101,87,64.3,48.9,53.9,74.6,88.8,99.2,107,110.6,111.6,113.8,112,100.7,86.2,68.6,51.3,23.7,8.8,30.1,53,63.4,64.6,71.1,0,0,0,0,0,0,0,0,0,0,0,0,0,0,0,0,0,0,0,4654.3,5065,68.44558824,74.48529412,115,55,4,4
36,4,A,N,2,30.9,870,21,29,33,55,12,19,1.5,1,2,0,90,2206,19,30,112.3,105.3,94.7,84.8,78.1,66.2,45.2,35.4,39.1,48.6,59.3,75.7,92.7,105.9,109.9,113.8,108.7,94.7,79.1,69.5,57.8,35.1,14.2,14.3,43.4,64.9,70.4,72,71.9,75.9,0,0,0,0,0,0,0,0,0,0,0,0,0,0,0,0,0,0,0,0,0,0,0,0,0,0,0,0,0,0,0,0,0,0,0,0,0,0,0,0,0,0,0,0,0,0,0,0,0,0,0,0,0,0,0,0,0,0,0,0,66.5,48,16,26.2,63.3,94.9,111.5,119.7,120.8,112.2,97.5,83.3,71,62,56.6,42.3,25.2,13.7,31.7,61.5,85.7,88.6,84,84.6,91.5,90.4,79.9,65,57.8,31.7,0,0,0,0,0,0,0,0,0,0,0,0,0,0,0,0,0,0,0,0,0,0,0,0,0,0,0,0,0,0,0,0,0,0,0,0,0,0,0,0,0,0,0,0,0,0,0,0,0,0,0,0,0,0,0,0,0,0,0,0,FS,O,,2022,6,2,4/22/2009,28.15533981,28.44453882,28.50237862,28.15533981,0,0,0,84.8,78.1,66.2,45.2,35.4,39.1,48.6,59.3,75.7,92.7,105.9,109.9,113.8,108.7,94.7,79.1,69.5,57.8,35.1,14.2,14.3,43.4,64.9,70.4,72,71.9,75.9,0,0,0,0,0,0,0,0,0,0,0,0,0,0,0,0,0,0,0,0,0,0,0,0,0,0,0,0,0,0,0,0,0,0,0,0,0,0,0,0,0,0,0,0,0,0,0,0,0,0,0,0,0,0,0,0,0,0,0,0,0,0,0,26.2,63.3,94.9,111.5,119.7,120.8,112.2,97.5,83.3,71,62,56.6,42.3,25.2,13.7,31.7,61.5,85.7,88.6,84,84.6,91.5,90.4,79.9,65,57.8,31.7,0,0,0,0,0,0,0,0,0,0,0,0,0,0,0,0,0,0,0,0,0,0,0,0,0,0,0,0,0,0,0,0,0,0,0,0,0,0,0,0,0,0,0,0,0,0,0,0,0,0,0,0,0,0,0,0,0,0,0,0,1826.6,1952.6,67.65185185,72.31851852,115,55,4,4
1,5,A,S,2,45.2,1114,29,24,42,26,32,30,1.5,1,1,0,90,2206,2,45,54.1,39.6,30.7,39.1,53.9,53.6,45.5,38.7,49,69,75.4,81.8,87.7,93.9,101.9,112.1,124.5,123.2,117.4,109.1,113.7,104.7,87.9,72.1,62,59.7,50.9,38.5,50.8,56.3,48.6,40.3,44.3,45.6,49,56.6,71.4,80.4,81.6,76,74.4,69.7,56.9,38.6,16.5,0,0,0,0,0,0,0,0,0,0,0,0,0,0,0,0,0,0,0,0,0,0,0,0,0,0,0,0,0,0,0,0,0,0,0,0,0,0,0,0,0,0,0,0,0,113.2,105.8,80.4,52.1,35.7,42.8,66.2,91.3,118.9,129.4,120,105.7,85.5,65.1,46.3,33.7,38.1,38.1,38.8,47.8,65.8,51.5,31.7,18.7,37.4,58.6,77,90.7,117.8,126.4,126.2,125.6,128.1,121,105,82.9,61.1,35.7,13.7,18.9,40.4,57.9,74.4,87.8,87.9,0,0,0,0,0,0,0,0,0,0,0,0,0,0,0,0,0,0,0,0,0,0,0,0,0,0,0,0,0,0,0,0,0,0,0,0,0,0,0,0,0,0,0,0,0,TT,O,,2022,1,3,4/23/2009,24.6460177,24.4201167,24.57864984,23.62745098,0,39.6,30.7,39.1,53.9,53.6,45.5,38.7,49,69,75.4,81.8,87.7,93.9,101.9,112.1,124.5,123.2,117.4,109.1,113.7,104.7,87.9,72.1,62,59.7,50.9,38.5,50.8,56.3,48.6,40.3,44.3,45.6,49,56.6,71.4,80.4,81.6,76,74.4,69.7,56.9,38.6,16.5,0,0,0,0,0,0,0,0,0,0,0,0,0,0,0,0,0,0,0,0,0,0,0,0,0,0,0,0,0,0,0,0,0,0,0,0,0,0,0,0,0,0,0,0,0,0,105.8,80.4,52.1,35.7,42.8,66.2,91.3,118.9,129.4,120,105.7,85.5,65.1,46.3,33.7,38.1,38.1,38.8,47.8,65.8,51.5,31.7,18.7,37.4,58.6,77,90.7,117.8,126.4,126.2,125.6,128.1,121,105,82.9,61.1,35.7,13.7,18.9,40.4,57.9,74.4,87.8,87.9,0,0,0,0,0,0,0,0,0,0,0,0,0,0,0,0,0,0,0,0,0,0,0,0,0,0,0,0,0,0,0,0,0,0,0,0,0,0,0,0,0,0,0,0,0,2992.6,3183.9,68.01363636,72.36136364,55,115,2,2
2,5,A,E,2,15.5,387,33,23,56,34,10,-21,1.5,1,1,0,90,2206,2,15,59.7,48.7,30.3,24.4,48.6,78.9,97.3,96.8,92.6,88,83.9,76.9,65.3,49.2,26.5,0,0,0,0,0,0,0,0,0,0,0,0,0,0,0,0,0,0,0,0,0,0,0,0,0,0,0,0,0,0,0,0,0,0,0,0,0,0,0,0,0,0,0,0,0,0,0,0,0,0,0,0,0,0,0,0,0,0,0,0,0,0,0,0,0,0,0,0,0,0,0,0,0,0,0,122.5,109.5,89.1,65,48.7,49.8,46.1,31.4,10.1,19.7,43.1,63.2,83.8,87,85.2,0,0,0,0,0,0,0,0,0,0,0,0,0,0,0,0,0,0,0,0,0,0,0,0,0,0,0,0,0,0,0,0,0,0,0,0,0,0,0,0,0,0,0,0,0,0,0,0,0,0,0,0,0,0,0,0,0,0,0,0,0,0,0,0,0,0,0,0,0,0,0,0,0,0,0,TT,O,,2022,2,3,4/23/2009,24.96774194,24.4201167,24.57864984,23.62745098,0,48.7,30.3,24.4,48.6,78.9,97.3,96.8,92.6,88,83.9,76.9,65.3,49.2,26.5,0,0,0,0,0,0,0,0,0,0,0,0,0,0,0,0,0,0,0,0,0,0,0,0,0,0,0,0,0,0,0,0,0,0,0,0,0,0,0,0,0,0,0,0,0,0,0,0,0,0,0,0,0,0,0,0,0,0,0,0,0,0,0,0,0,0,0,0,0,0,0,0,0,0,0,0,109.5,89.1,65,48.7,49.8,46.1,31.4,10.1,19.7,43.1,63.2,83.8,87,85.2,0,0,0,0,0,0,0,0,0,0,0,0,0,0,0,0,0,0,0,0,0,0,0,0,0,0,0,0,0,0,0,0,0,0,0,0,0,0,0,0,0,0,0,0,0,0,0,0,0,0,0,0,0,0,0,0,0,0,0,0,0,0,0,0,0,0,0,0,0,0,0,0,0,0,0,907.4,831.7,64.81428571,59.40714286,55,115,2,2
3,5,A,W,2,23.8,547,16,28,93,5,2,-24,1.5,1,2,0,90,2206,2,23,110.4,94.6,78.8,67.1,58.2,42.6,29.9,49.8,75.2,83.5,84.6,83.1,77.3,62.1,44.5,21.6,22.6,43.7,64.3,72.6,71.5,60.8,39.4,0,0,0,0,0,0,0,0,0,0,0,0,0,0,0,0,0,0,0,0,0,0,0,0,0,0,0,0,0,0,0,0,0,0,0,0,0,0,0,0,0,0,0,0,0,0,0,0,0,0,0,0,0,0,0,0,0,0,0,0,0,0,0,0,0,0,0,42,22.2,12.3,38.7,60.3,71.3,64.4,40.9,22.2,6,19.4,41.4,56.5,64,62.9,69.6,73.5,68.6,60.9,45.7,41.4,44.6,57.5,0,0,0,0,0,0,0,0,0,0,0,0,0,0,0,0,0,0,0,0,0,0,0,0,0,0,0,0,0,0,0,0,0,0,0,0,0,0,0,0,0,0,0,0,0,0,0,0,0,0,0,0,0,0,0,0,0,0,0,0,0,0,0,0,0,0,0,TT,O,,2022,3,3,4/23/2009,22.98319328,24.4201167,24.57864984,23.62745098,0,0,0,0,58.2,42.6,29.9,49.8,75.2,83.5,84.6,83.1,77.3,62.1,44.5,21.6,22.6,43.7,64.3,72.6,71.5,60.8,39.4,0,0,0,0,0,0,0,0,0,0,0,0,0,0,0,0,0,0,0,0,0,0,0,0,0,0,0,0,0,0,0,0,0,0,0,0,0,0,0,0,0,0,0,0,0,0,0,0,0,0,0,0,0,0,0,0,0,0,0,0,0,0,0,0,0,0,0,0,0,0,0,60.3,71.3,64.4,40.9,22.2,6,19.4,41.4,56.5,64,62.9,69.6,73.5,68.6,60.9,45.7,41.4,44.6,57.5,0,0,0,0,0,0,0,0,0,0,0,0,0,0,0,0,0,0,0,0,0,0,0,0,0,0,0,0,0,0,0,0,0,0,0,0,0,0,0,0,0,0,0,0,0,0,0,0,0,0,0,0,0,0,0,0,0,0,0,0,0,0,0,0,0,0,0,1087.3,971.1,57.22631579,51.11052632,115,55,5,5
1,6,A,N,2,5.4,142,33,1,35,56,9,-4,1.5,0,0,0,90,2206,2,5,108.5,89.6,60.5,38.3,23.5,0,0,0,0,0,0,0,0,0,0,0,0,0,0,0,0,0,0,0,0,0,0,0,0,0,0,0,0,0,0,0,0,0,0,0,0,0,0,0,0,0,0,0,0,0,0,0,0,0,0,0,0,0,0,0,0,0,0,0,0,0,0,0,0,0,0,0,0,0,0,0,0,0,0,0,0,0,0,0,0,0,0,0,0,0,65.1,58,66.5,89.6,103.7,0,0,0,0,0,0,0,0,0,0,0,0,0,0,0,0,0,0,0,0,0,0,0,0,0,0,0,0,0,0,0,0,0,0,0,0,0,0,0,0,0,0,0,0,0,0,0,0,0,0,0,0,0,0,0,0,0,0,0,0,0,0,0,0,0,0,0,0,0,0,0,0,0,0,0,0,0,0,0,0,0,0,0,0,0,TT,O,,2022,4,3,4/24/2009,26.2962963,24.4201167,24.57864984,23.62745098,0,0,0,0,0,0,0,0,0,0,0,0,0,0,0,0,0,0,0,0,0,0,0,0,0,0,0,0,0,0,0,0,0,0,0,0,0,0,0,0,0,0,0,0,0,0,0,0,0,0,0,0,0,0,0,0,0,0,0,0,0,0,0,0,0,0,0,0,0,0,0,0,0,0,0,0,0,0,0,0,0,0,0,0,0,0,0,0,0,0,0,0,0,0,0,0,0,0,0,0,0,0,0,0,0,0,0,0,0,0,0,0,0,0,0,0,0,0,0,0,0,0,0,0,0,0,0,0,0,0,0,0,0,0,0,0,0,0,0,0,0,0,0,0,0,0,0,0,0,0,0,0,0,0,0,0,0,0,0,0,0,0,0,0,0,0,0,0,0,0,0,0,0,0,0,0,0,0,0,0,0,0,0,0,115,55,5,5
2,6,A,W,2,7,168,56,42,73,20,7,-17,1.5,1,0,0,90,2206,2,6,109.8,89.7,60,32.9,31.2,24.5,0,0,0,0,0,0,0,0,0,0,0,0,0,0,0,0,0,0,0,0,0,0,0,0,0,0,0,0,0,0,0,0,0,0,0,0,0,0,0,0,0,0,0,0,0,0,0,0,0,0,0,0,0,0,0,0,0,0,0,0,0,0,0,0,0,0,0,0,0,0,0,0,0,0,0,0,0,0,0,0,0,0,0,0,41.7,26.3,30.8,58.4,82.8,94.5,0,0,0,0,0,0,0,0,0,0,0,0,0,0,0,0,0,0,0,0,0,0,0,0,0,0,0,0,0,0,0,0,0,0,0,0,0,0,0,0,0,0,0,0,0,0,0,0,0,0,0,0,0,0,0,0,0,0,0,0,0,0,0,0,0,0,0,0,0,0,0,0,0,0,0,0,0,0,0,0,0,0,0,0,TT,O,,2022,5,3,4/24/2009,24,24.4201167,24.57864984,23.62745098,0,0,0,0,31.2,24.5,0,0,0,0,0,0,0,0,0,0,0,0,0,0,0,0,0,0,0,0,0,0,0,0,0,0,0,0,0,0,0,0,0,0,0,0,0,0,0,0,0,0,0,0,0,0,0,0,0,0,0,0,0,0,0,0,0,0,0,0,0,0,0,0,0,0,0,0,0,0,0,0,0,0,0,0,0,0,0,0,0,0,0,0,0,0,0,0,82.8,94.5,0,0,0,0,0,0,0,0,0,0,0,0,0,0,0,0,0,0,0,0,0,0,0,0,0,0,0,0,0,0,0,0,0,0,0,0,0,0,0,0,0,0,0,0,0,0,0,0,0,0,0,0,0,0,0,0,0,0,0,0,0,0,0,0,0,0,0,0,0,0,0,0,0,0,0,0,0,0,0,0,0,0,0,0,55.7,177.3,27.85,88.65,115,55,5,5
3,6,A,S,2,30.6,723,15,22,66,30,4,-83,1.5,1,0,0,90,2206,2,30,64.3,58.8,59.9,62.6,64.3,59,46.5,28.8,15.1,33.6,57.4,72.2,77.2,82.3,79,72,64.5,63.3,57.9,42.4,19,8,37.7,65.2,76.3,81,87.1,91,84.2,72.9,0,0,0,0,0,0,0,0,0,0,0,0,0,0,0,0,0,0,0,0,0,0,0,0,0,0,0,0,0,0,0,0,0,0,0,0,0,0,0,0,0,0,0,0,0,0,0,0,0,0,0,0,0,0,0,0,0,0,0,0,105.8,77.5,46.2,26.2,37,54.4,72.4,73,75.6,84.8,82,73.5,55.8,35,14.8,18.2,44.1,66.9,82.1,85.9,89.7,87.3,87.8,95.3,90.8,78.2,59.4,39.3,25.2,22.1,0,0,0,0,0,0,0,0,0,0,0,0,0,0,0,0,0,0,0,0,0,0,0,0,0,0,0,0,0,0,0,0,0,0,0,0,0,0,0,0,0,0,0,0,0,0,0,0,0,0,0,0,0,0,0,0,0,0,0,0,FS,O,,2022,6,3,4/24/2009,23.62745098,24.4201167,24.57864984,23.62745098,0,58.8,59.9,62.6,64.3,59,46.5,28.8,15.1,33.6,57.4,72.2,77.2,82.3,79,72,64.5,63.3,57.9,42.4,19,8,37.7,65.2,76.3,81,87.1,91,84.2,72.9,0,0,0,0,0,0,0,0,0,0,0,0,0,0,0,0,0,0,0,0,0,0,0,0,0,0,0,0,0,0,0,0,0,0,0,0,0,0,0,0,0,0,0,0,0,0,0,0,0,0,0,0,0,0,0,0,0,0,0,0,0,77.5,46.2,26.2,37,54.4,72.4,73,75.6,84.8,82,73.5,55.8,35,14.8,18.2,44.1,66.9,82.1,85.9,89.7,87.3,87.8,95.3,90.8,78.2,59.4,39.3,25.2,22.1,0,0,0,0,0,0,0,0,0,0,0,0,0,0,0,0,0,0,0,0,0,0,0,0,0,0,0,0,0,0,0,0,0,0,0,0,0,0,0,0,0,0,0,0,0,0,0,0,0,0,0,0,0,0,0,0,0,0,0,0,1719.2,1780.5,59.28275862,61.39655172,55,115,2,2
4,5,A,S,2,78.7,1461,32,22,26,15,59,-122,1.5,1,1,0,90,2206,3,78,67.8,87.2,100.2,109.7,118,123,125.9,126.9,125.8,123,120.1,113.8,97.6,83.2,69.7,50.5,32.5,19.7,33.8,45.7,42.8,45.9,35.3,22.8,26.4,46.9,55.9,63.1,57.8,49.5,50.7,48.1,43.4,43.3,48.4,55.7,71.3,81.7,86.6,91.9,98.8,103.7,105.1,99.1,90.9,85.6,76.5,60.5,39.6,17.5,21.1,39.3,42.9,43.3,46.4,52.2,58.4,72.9,82.9,86.2,89.8,96.5,85.3,78.3,75.7,79.8,91,106.4,121.1,121.8,119.2,116.8,109.1,92.6,76.4,59.5,42.7,25.4,0,0,0,0,0,0,0,0,0,0,0,0,109.5,102.2,91.7,78.9,67.1,55.5,45.7,40.8,41.5,46.7,50.9,53,46.7,41.6,36.8,46.4,54.7,72.1,84.2,74.5,73.7,71.2,77.7,93.4,111.9,131.1,133.6,132.6,126.8,120.1,126.7,130.4,129.5,127.6,123.9,118.5,111,105.5,101.6,97.7,93.3,88.7,85.9,78.2,73.7,69.1,64.3,63.1,67.6,85,107.1,125.6,129.4,127.5,123.6,118.8,114,108.1,102.7,98.4,94.9,89.7,77.2,62.3,44.5,24.4,10.1,21.2,40.4,51.2,58.2,59.5,56.7,53.2,46,53,67.2,79.8,0,0,0,0,0,0,0,0,0,0,0,0,TT,O,,2022,1,3,4/23/2009,18.56416773,20.7380413,20.62421165,21.30718954,0,0,100.2,109.7,118,123,125.9,126.9,125.8,123,120.1,113.8,97.6,83.2,69.7,50.5,32.5,19.7,33.8,45.7,42.8,45.9,35.3,22.8,26.4,46.9,55.9,63.1,57.8,49.5,50.7,48.1,43.4,43.3,48.4,55.7,71.3,81.7,86.6,91.9,98.8,103.7,105.1,99.1,90.9,85.6,76.5,60.5,39.6,17.5,21.1,39.3,42.9,43.3,46.4,52.2,58.4,72.9,82.9,86.2,89.8,96.5,85.3,78.3,75.7,79.8,91,106.4,121.1,121.8,119.2,116.8,109.1,92.6,76.4,59.5,42.7,25.4,0,0,0,0,0,0,0,0,0,0,0,0,0,0,91.7,78.9,67.1,55.5,45.7,40.8,41.5,46.7,50.9,53,46.7,41.6,36.8,46.4,54.7,72.1,84.2,74.5,73.7,71.2,77.7,93.4,111.9,131.1,133.6,132.6,126.8,120.1,126.7,130.4,129.5,127.6,123.9,118.5,111,105.5,101.6,97.7,93.3,88.7,85.9,78.2,73.7,69.1,64.3,63.1,67.6,85,107.1,125.6,129.4,127.5,123.6,118.8,114,108.1,102.7,98.4,94.9,89.7,77.2,62.3,44.5,24.4,10.1,21.2,40.4,51.2,58.2,59.5,56.7,53.2,46,53,67.2,79.8,0,0,0,0,0,0,0,0,0,0,0,0,5596.9,6186.9,73.64342105,81.40657895,55,115,3,3
5,5,A,E,2,24,527,56,1,23,19,58,-43,1.5,1,0,0,90,2206,3,23,64.1,58.2,48.6,43.2,45.2,52,66.1,84.9,94.9,104.3,110.6,108.1,94.3,91.3,72.3,55.9,43,28.4,22.3,27.2,38.6,43.9,28.5,0,0,0,0,0,0,0,0,0,0,0,0,0,0,0,0,0,0,0,0,0,0,0,0,0,0,0,0,0,0,0,0,0,0,0,0,0,0,0,0,0,0,0,0,0,0,0,0,0,0,0,0,0,0,0,0,0,0,0,0,0,0,0,0,0,0,0,127,127.9,129.9,129.4,127.6,122.4,114.1,105.3,97.1,88.1,80.5,67.7,54.1,47.4,38.8,36,44.2,64.1,85.4,106.9,124.5,130.5,113.4,0,0,0,0,0,0,0,0,0,0,0,0,0,0,0,0,0,0,0,0,0,0,0,0,0,0,0,0,0,0,0,0,0,0,0,0,0,0,0,0,0,0,0,0,0,0,0,0,0,0,0,0,0,0,0,0,0,0,0,0,0,0,0,0,0,0,0,TT,O,,2022,2,3,4/23/2009,21.95833333,20.7380413,20.62421165,21.30718954,0,0,48.6,43.2,45.2,52,66.1,84.9,94.9,104.3,110.6,108.1,94.3,91.3,72.3,55.9,43,28.4,22.3,27.2,38.6,43.9,28.5,0,0,0,0,0,0,0,0,0,0,0,0,0,0,0,0,0,0,0,0,0,0,0,0,0,0,0,0,0,0,0,0,0,0,0,0,0,0,0,0,0,0,0,0,0,0,0,0,0,0,0,0,0,0,0,0,0,0,0,0,0,0,0,0,0,0,0,0,0,129.9,129.4,127.6,122.4,114.1,105.3,97.1,88.1,80.5,67.7,54.1,47.4,38.8,36,44.2,64.1,85.4,106.9,124.5,130.5,113.4,0,0,0,0,0,0,0,0,0,0,0,0,0,0,0,0,0,0,0,0,0,0,0,0,0,0,0,0,0,0,0,0,0,0,0,0,0,0,0,0,0,0,0,0,0,0,0,0,0,0,0,0,0,0,0,0,0,0,0,0,0,0,0,0,0,0,0,1303.6,1907.4,62.07619048,90.82857143,55,115,3,3
6,5,A,W,2,24.2,462,34,37,35,39,26,-86,1.5,1,0,0,90,2206,3,24,121.6,126.2,125.7,122.2,116.2,100.1,86.2,72.1,57.9,51,52.9,59.4,76.6,62.6,56.8,48.8,28.6,25.7,19.6,18.1,29,30,19.8,10.9,0,0,0,0,0,0,0,0,0,0,0,0,0,0,0,0,0,0,0,0,0,0,0,0,0,0,0,0,0,0,0,0,0,0,0,0,0,0,0,0,0,0,0,0,0,0,0,0,0,0,0,0,0,0,0,0,0,0,0,0,0,0,0,0,0,0,44.7,40.6,41.4,46.1,44.4,37.9,29.9,23.9,29.6,46.4,67,92.1,103.4,89.9,85.2,84.1,90.7,89.8,90.3,100.5,114.9,110.5,101.1,96.6,0,0,0,0,0,0,0,0,0,0,0,0,0,0,0,0,0,0,0,0,0,0,0,0,0,0,0,0,0,0,0,0,0,0,0,0,0,0,0,0,0,0,0,0,0,0,0,0,0,0,0,0,0,0,0,0,0,0,0,0,0,0,0,0,0,0,TT,O,,2022,3,3,4/23/2009,19.09090909,20.7380413,20.62421165,21.30718954,0,0,0,0,0,100.1,86.2,72.1,57.9,51,52.9,59.4,76.6,62.6,56.8,48.8,28.6,25.7,19.6,18.1,29,30,19.8,10.9,0,0,0,0,0,0,0,0,0,0,0,0,0,0,0,0,0,0,0,0,0,0,0,0,0,0,0,0,0,0,0,0,0,0,0,0,0,0,0,0,0,0,0,0,0,0,0,0,0,0,0,0,0,0,0,0,0,0,0,0,0,0,0,0,0,0,0,0,0,0,0,37.9,29.9,23.9,29.6,46.4,67,92.1,103.4,89.9,85.2,84.1,90.7,89.8,90.3,100.5,114.9,110.5,101.1,96.6,0,0,0,0,0,0,0,0,0,0,0,0,0,0,0,0,0,0,0,0,0,0,0,0,0,0,0,0,0,0,0,0,0,0,0,0,0,0,0,0,0,0,0,0,0,0,0,0,0,0,0,0,0,0,0,0,0,0,0,0,0,0,0,0,0,0,906.1,1483.8,47.68947368,78.09473684,115,55,6,6
4,6,A,N,2,12.7,291,60,1,8,17,75,-38,1.5,1,0,0,90,2206,3,12,109.1,104.5,95,82.2,71.3,58.3,47.4,42,42.4,38.9,26.7,14.2,0,0,0,0,0,0,0,0,0,0,0,0,0,0,0,0,0,0,0,0,0,0,0,0,0,0,0,0,0,0,0,0,0,0,0,0,0,0,0,0,0,0,0,0,0,0,0,0,0,0,0,0,0,0,0,0,0,0,0,0,0,0,0,0,0,0,0,0,0,0,0,0,0,0,0,0,0,0,68.5,84.6,99.2,110,121.7,127,129.2,128.3,127.5,116.9,105.1,95.6,0,0,0,0,0,0,0,0,0,0,0,0,0,0,0,0,0,0,0,0,0,0,0,0,0,0,0,0,0,0,0,0,0,0,0,0,0,0,0,0,0,0,0,0,0,0,0,0,0,0,0,0,0,0,0,0,0,0,0,0,0,0,0,0,0,0,0,0,0,0,0,0,0,0,0,0,0,0,TT,O,,2022,4,3,4/24/2009,22.91338583,20.7380413,20.62421165,21.30718954,0,0,0,0,0,58.3,47.4,42,42.4,38.9,26.7,14.2,0,0,0,0,0,0,0,0,0,0,0,0,0,0,0,0,0,0,0,0,0,0,0,0,0,0,0,0,0,0,0,0,0,0,0,0,0,0,0,0,0,0,0,0,0,0,0,0,0,0,0,0,0,0,0,0,0,0,0,0,0,0,0,0,0,0,0,0,0,0,0,0,0,0,0,0,0,0,0,0,0,0,0,127,129.2,128.3,127.5,116.9,105.1,95.6,0,0,0,0,0,0,0,0,0,0,0,0,0,0,0,0,0,0,0,0,0,0,0,0,0,0,0,0,0,0,0,0,0,0,0,0,0,0,0,0,0,0,0,0,0,0,0,0,0,0,0,0,0,0,0,0,0,0,0,0,0,0,0,0,0,0,0,0,0,0,0,0,0,0,0,0,0,0,269.9,829.6,38.55714286,118.5142857,115,55,6,6
5,6,A,W,2,48.8,1005,34,15,70,17,13,-92,1.5,5,0,0,90,2206,3,48,122.3,125,123.2,121.6,105.9,81.2,55.4,30.4,8.9,19.6,45.2,43.9,41.6,46.5,59.4,71.9,76.6,68,49.8,30.4,13.2,12.3,26.8,43.4,59.5,68.3,71.1,63.9,52.6,47.6,37.3,19.9,18.1,28.1,47.9,76.4,92.5,86,77.2,72.5,56.5,36.6,21.1,13.1,24.9,40.4,37.3,16.4,0,0,0,0,0,0,0,0,0,0,0,0,0,0,0,0,0,0,0,0,0,0,0,0,0,0,0,0,0,0,0,0,0,0,0,0,0,0,0,0,0,0,43.7,39,39.4,39.9,30.2,29.8,49,64,80.9,89.9,85.8,71.4,55.8,41.3,42.4,54.3,62.5,69.6,72.2,83.2,89.8,79.4,60.4,44.9,37.8,42.6,47.1,57.8,66.9,83.8,92.2,80.6,70.7,64.3,65.3,73.5,69.8,58.7,50.5,45.7,45.3,55.3,73.3,93.2,111.3,126.8,123.4,102.6,0,0,0,0,0,0,0,0,0,0,0,0,0,0,0,0,0,0,0,0,0,0,0,0,0,0,0,0,0,0,0,0,0,0,0,0,0,0,0,0,0,0,TT,O,,2022,5,3,4/24/2009,20.5942623,20.7380413,20.62421165,21.30718954,0,0,0,0,0,81.2,55.4,30.4,8.9,19.6,45.2,43.9,41.6,46.5,59.4,71.9,76.6,68,49.8,30.4,13.2,12.3,26.8,43.4,59.5,68.3,71.1,63.9,52.6,47.6,37.3,19.9,18.1,28.1,47.9,76.4,92.5,86,77.2,72.5,56.5,36.6,21.1,13.1,24.9,40.4,37.3,16.4,0,0,0,0,0,0,0,0,0,0,0,0,0,0,0,0,0,0,0,0,0,0,0,0,0,0,0,0,0,0,0,0,0,0,0,0,0,0,0,0,0,0,0,0,0,0,0,29.8,49,64,80.9,89.9,85.8,71.4,55.8,41.3,42.4,54.3,62.5,69.6,72.2,83.2,89.8,79.4,60.4,44.9,37.8,42.6,47.1,57.8,66.9,83.8,92.2,80.6,70.7,64.3,65.3,73.5,69.8,58.7,50.5,45.7,45.3,55.3,73.3,93.2,111.3,126.8,123.4,102.6,0,0,0,0,0,0,0,0,0,0,0,0,0,0,0,0,0,0,0,0,0,0,0,0,0,0,0,0,0,0,0,0,0,0,0,0,0,0,0,0,0,0,1989.7,2965.1,46.27209302,68.95581395,115,55,6,6
6,6,A,S,2,30.6,652,34,2,31,15,54,-113,1.5,0,0,0,90,2206,3,30,63.3,77.1,92.8,101.9,109.9,115,103.7,84.5,67.4,47.9,27.8,27.6,45.8,49.9,43.6,44.4,46.8,52.2,66.2,80.8,69,53.1,38.5,27.2,28.3,43.8,56.9,64.9,72.5,71.3,0,0,0,0,0,0,0,0,0,0,0,0,0,0,0,0,0,0,0,0,0,0,0,0,0,0,0,0,0,0,0,0,0,0,0,0,0,0,0,0,0,0,0,0,0,0,0,0,0,0,0,0,0,0,0,0,0,0,0,0,111.3,106,99.3,90.7,81.7,73.5,57.7,41.2,33.7,40.5,63.9,92.1,119.7,130,128.6,130.2,126.7,121,113.4,104,86.2,68.6,59.3,60.3,64.6,69.6,83.8,89.3,106.3,116.1,0,0,0,0,0,0,0,0,0,0,0,0,0,0,0,0,0,0,0,0,0,0,0,0,0,0,0,0,0,0,0,0,0,0,0,0,0,0,0,0,0,0,0,0,0,0,0,0,0,0,0,0,0,0,0,0,0,0,0,0,FS,O,,2022,6,3,4/24/2009,21.30718954,20.7380413,20.62421165,21.30718954,0,0,92.8,101.9,109.9,115,103.7,84.5,67.4,47.9,27.8,27.6,45.8,49.9,43.6,44.4,46.8,52.2,66.2,80.8,69,53.1,38.5,27.2,28.3,43.8,56.9,64.9,72.5,71.3,0,0,0,0,0,0,0,0,0,0,0,0,0,0,0,0,0,0,0,0,0,0,0,0,0,0,0,0,0,0,0,0,0,0,0,0,0,0,0,0,0,0,0,0,0,0,0,0,0,0,0,0,0,0,0,0,0,0,0,0,0,0,99.3,90.7,81.7,73.5,57.7,41.2,33.7,40.5,63.9,92.1,119.7,130,128.6,130.2,126.7,121,113.4,104,86.2,68.6,59.3,60.3,64.6,69.6,83.8,89.3,106.3,116.1,0,0,0,0,0,0,0,0,0,0,0,0,0,0,0,0,0,0,0,0,0,0,0,0,0,0,0,0,0,0,0,0,0,0,0,0,0,0,0,0,0,0,0,0,0,0,0,0,0,0,0,0,0,0,0,0,0,0,0,0,1733.7,2452,61.91785714,87.57142857,55,115,3,3
13,5,A,S,2,15.1,423,29,21,64,24,12,-39,1.5,1,1,0,90,2206,11,15,56.2,35.2,35.3,57.1,79,89,89.9,79.9,72,66.8,58.7,46.7,45.7,28.2,8,0,0,0,0,0,0,0,0,0,0,0,0,0,0,0,0,0,0,0,0,0,0,0,0,0,0,0,0,0,0,0,0,0,0,0,0,0,0,0,0,0,0,0,0,0,0,0,0,0,0,0,0,0,0,0,0,0,0,0,0,0,0,0,0,0,0,0,0,0,0,0,0,0,0,0,94.2,64.2,58.6,62.6,52,43.9,28.6,10.9,29.8,56.5,79.2,101.1,122.3,113.9,94.2,0,0,0,0,0,0,0,0,0,0,0,0,0,0,0,0,0,0,0,0,0,0,0,0,0,0,0,0,0,0,0,0,0,0,0,0,0,0,0,0,0,0,0,0,0,0,0,0,0,0,0,0,0,0,0,0,0,0,0,0,0,0,0,0,0,0,0,0,0,0,0,0,0,0,0,TT,O,,2022,1,3,4/23/2009,28.01324503,26.20260916,26.45290298,24.95114007,0,35.2,35.3,57.1,79,89,89.9,79.9,72,66.8,58.7,46.7,45.7,28.2,8,0,0,0,0,0,0,0,0,0,0,0,0,0,0,0,0,0,0,0,0,0,0,0,0,0,0,0,0,0,0,0,0,0,0,0,0,0,0,0,0,0,0,0,0,0,0,0,0,0,0,0,0,0,0,0,0,0,0,0,0,0,0,0,0,0,0,0,0,0,0,0,0,0,0,0,0,64.2,58.6,62.6,52,43.9,28.6,10.9,29.8,56.5,79.2,101.1,122.3,113.9,94.2,0,0,0,0,0,0,0,0,0,0,0,0,0,0,0,0,0,0,0,0,0,0,0,0,0,0,0,0,0,0,0,0,0,0,0,0,0,0,0,0,0,0,0,0,0,0,0,0,0,0,0,0,0,0,0,0,0,0,0,0,0,0,0,0,0,0,0,0,0,0,0,0,0,0,0,791.5,917.8,56.53571429,65.55714286,55,115,2,2
14,5,A,E,2,27.7,714,33,20,51,40,9,-6,1.5,2,1,0,90,2206,11,27,55.9,39.5,11.8,12.8,18.4,39.5,60.7,69.7,81,85.6,84.4,92.2,95.9,108.1,105.3,93.4,78.4,67.2,70.1,67.3,60.6,43.2,42.7,47.4,49.7,26.4,16.9,0,0,0,0,0,0,0,0,0,0,0,0,0,0,0,0,0,0,0,0,0,0,0,0,0,0,0,0,0,0,0,0,0,0,0,0,0,0,0,0,0,0,0,0,0,0,0,0,0,0,0,0,0,0,0,0,0,0,0,0,0,0,0,120,108.9,88.1,77.8,88,104.4,94.4,76.4,54.1,29.5,8.2,24.3,51.4,67.8,62.9,46.6,23.3,26.8,55.7,89.5,107.8,99.7,78.3,69.9,70.6,73.5,72.3,0,0,0,0,0,0,0,0,0,0,0,0,0,0,0,0,0,0,0,0,0,0,0,0,0,0,0,0,0,0,0,0,0,0,0,0,0,0,0,0,0,0,0,0,0,0,0,0,0,0,0,0,0,0,0,0,0,0,0,0,0,0,0,TT,O,,2022,2,3,4/23/2009,25.77617329,26.20260916,26.45290298,24.95114007,0,39.5,11.8,12.8,18.4,39.5,60.7,69.7,81,85.6,84.4,92.2,95.9,108.1,105.3,93.4,78.4,67.2,70.1,67.3,60.6,43.2,42.7,47.4,49.7,26.4,16.9,0,0,0,0,0,0,0,0,0,0,0,0,0,0,0,0,0,0,0,0,0,0,0,0,0,0,0,0,0,0,0,0,0,0,0,0,0,0,0,0,0,0,0,0,0,0,0,0,0,0,0,0,0,0,0,0,0,0,0,0,0,0,0,0,108.9,88.1,77.8,88,104.4,94.4,76.4,54.1,29.5,8.2,24.3,51.4,67.8,62.9,46.6,23.3,26.8,55.7,89.5,107.8,99.7,78.3,69.9,70.6,73.5,72.3,0,0,0,0,0,0,0,0,0,0,0,0,0,0,0,0,0,0,0,0,0,0,0,0,0,0,0,0,0,0,0,0,0,0,0,0,0,0,0,0,0,0,0,0,0,0,0,0,0,0,0,0,0,0,0,0,0,0,0,0,0,0,0,1568.2,1750.2,60.31538462,67.31538462,55,115,2,2
15,5,A,W,2,15.1,382,22,35,70,28,2,-56,1.5,1,0,0,90,2206,11,15,112.3,101.5,76.3,43.4,23.9,46.7,57.2,66.8,70.1,82.8,85.1,76.1,57.1,35.8,13.6,0,0,0,0,0,0,0,0,0,0,0,0,0,0,0,0,0,0,0,0,0,0,0,0,0,0,0,0,0,0,0,0,0,0,0,0,0,0,0,0,0,0,0,0,0,0,0,0,0,0,0,0,0,0,0,0,0,0,0,0,0,0,0,0,0,0,0,0,0,0,0,0,0,0,0,34.8,21.2,15.8,43.5,83.2,102.7,91,73.7,57.8,34.9,38.8,38.9,44.1,53.5,74.4,0,0,0,0,0,0,0,0,0,0,0,0,0,0,0,0,0,0,0,0,0,0,0,0,0,0,0,0,0,0,0,0,0,0,0,0,0,0,0,0,0,0,0,0,0,0,0,0,0,0,0,0,0,0,0,0,0,0,0,0,0,0,0,0,0,0,0,0,0,0,0,0,0,0,0,TT,O,,2022,3,3,4/23/2009,25.29801325,26.20260916,26.45290298,24.95114007,0,0,0,43.4,23.9,46.7,57.2,66.8,70.1,82.8,85.1,76.1,57.1,35.8,13.6,0,0,0,0,0,0,0,0,0,0,0,0,0,0,0,0,0,0,0,0,0,0,0,0,0,0,0,0,0,0,0,0,0,0,0,0,0,0,0,0,0,0,0,0,0,0,0,0,0,0,0,0,0,0,0,0,0,0,0,0,0,0,0,0,0,0,0,0,0,0,0,0,0,0,0,0,0,0,43.5,83.2,102.7,91,73.7,57.8,34.9,38.8,38.9,44.1,53.5,74.4,0,0,0,0,0,0,0,0,0,0,0,0,0,0,0,0,0,0,0,0,0,0,0,0,0,0,0,0,0,0,0,0,0,0,0,0,0,0,0,0,0,0,0,0,0,0,0,0,0,0,0,0,0,0,0,0,0,0,0,0,0,0,0,0,0,0,0,0,0,0,0,0,0,0,0,658.6,736.5,54.88333333,61.375,115,55,4,4
13,6,A,N,2,9.6,266,67,1,36,52,12,-24,1.5,1,0,0,90,2206,11,9,105.8,86.8,54,23.7,18.5,34.6,42.5,21.9,5.1,0,0,0,0,0,0,0,0,0,0,0,0,0,0,0,0,0,0,0,0,0,0,0,0,0,0,0,0,0,0,0,0,0,0,0,0,0,0,0,0,0,0,0,0,0,0,0,0,0,0,0,0,0,0,0,0,0,0,0,0,0,0,0,0,0,0,0,0,0,0,0,0,0,0,0,0,0,0,0,0,0,66.3,63.8,70.6,85.5,103.8,109.3,118.6,105.6,87.2,0,0,0,0,0,0,0,0,0,0,0,0,0,0,0,0,0,0,0,0,0,0,0,0,0,0,0,0,0,0,0,0,0,0,0,0,0,0,0,0,0,0,0,0,0,0,0,0,0,0,0,0,0,0,0,0,0,0,0,0,0,0,0,0,0,0,0,0,0,0,0,0,0,0,0,0,0,0,0,0,0,TT,O,,2022,4,3,4/24/2009,27.70833333,26.20260916,26.45290298,24.95114007,0,0,0,23.7,18.5,34.6,42.5,21.9,5.1,0,0,0,0,0,0,0,0,0,0,0,0,0,0,0,0,0,0,0,0,0,0,0,0,0,0,0,0,0,0,0,0,0,0,0,0,0,0,0,0,0,0,0,0,0,0,0,0,0,0,0,0,0,0,0,0,0,0,0,0,0,0,0,0,0,0,0,0,0,0,0,0,0,0,0,0,0,0,0,0,0,0,0,0,85.5,103.8,109.3,118.6,105.6,87.2,0,0,0,0,0,0,0,0,0,0,0,0,0,0,0,0,0,0,0,0,0,0,0,0,0,0,0,0,0,0,0,0,0,0,0,0,0,0,0,0,0,0,0,0,0,0,0,0,0,0,0,0,0,0,0,0,0,0,0,0,0,0,0,0,0,0,0,0,0,0,0,0,0,0,0,0,0,0,0,0,0,146.3,610,24.38333333,101.6666667,115,55,4,4
14,6,A,W,2,6.4,163,28,50,68,28,4,-25,1.5,1,0,0,90,2206,11,6,111.3,96.4,72.8,52.2,31.9,13.7,0,0,0,0,0,0,0,0,0,0,0,0,0,0,0,0,0,0,0,0,0,0,0,0,0,0,0,0,0,0,0,0,0,0,0,0,0,0,0,0,0,0,0,0,0,0,0,0,0,0,0,0,0,0,0,0,0,0,0,0,0,0,0,0,0,0,0,0,0,0,0,0,0,0,0,0,0,0,0,0,0,0,0,0,39,22.9,20.1,40.7,66.3,91.8,0,0,0,0,0,0,0,0,0,0,0,0,0,0,0,0,0,0,0,0,0,0,0,0,0,0,0,0,0,0,0,0,0,0,0,0,0,0,0,0,0,0,0,0,0,0,0,0,0,0,0,0,0,0,0,0,0,0,0,0,0,0,0,0,0,0,0,0,0,0,0,0,0,0,0,0,0,0,0,0,0,0,0,0,TT,O,,2022,5,3,4/24/2009,25.46875,26.20260916,26.45290298,24.95114007,0,0,0,52.2,31.9,13.7,0,0,0,0,0,0,0,0,0,0,0,0,0,0,0,0,0,0,0,0,0,0,0,0,0,0,0,0,0,0,0,0,0,0,0,0,0,0,0,0,0,0,0,0,0,0,0,0,0,0,0,0,0,0,0,0,0,0,0,0,0,0,0,0,0,0,0,0,0,0,0,0,0,0,0,0,0,0,0,0,0,0,0,0,0,0,0,40.7,66.3,91.8,0,0,0,0,0,0,0,0,0,0,0,0,0,0,0,0,0,0,0,0,0,0,0,0,0,0,0,0,0,0,0,0,0,0,0,0,0,0,0,0,0,0,0,0,0,0,0,0,0,0,0,0,0,0,0,0,0,0,0,0,0,0,0,0,0,0,0,0,0,0,0,0,0,0,0,0,0,0,0,0,0,0,0,0,97.8,198.8,32.6,66.26666667,115,55,4,4
15,6,A,S,2,30.7,766,60,14,55,28,17,-72,1.5,5,1,0,90,2206,11,30,57.4,47.8,34.8,47.4,57.7,75.4,79.1,87.2,92.8,97.1,84.7,64.1,46.6,44.7,34.5,34.7,37.3,22.8,19.4,12.7,11.2,10.6,6.3,23.2,22.3,16.7,4.3,21.1,46.4,30.9,0,0,0,0,0,0,0,0,0,0,0,0,0,0,0,0,0,0,0,0,0,0,0,0,0,0,0,0,0,0,0,0,0,0,0,0,0,0,0,0,0,0,0,0,0,0,0,0,0,0,0,0,0,0,0,0,0,0,0,0,104.9,79.4,62,40.7,35.5,20.9,11.2,20.7,51.4,80.7,89.4,93.4,108.3,128.6,119.2,107.6,107.2,91.4,85.3,91.8,78.3,78.3,84.3,65.2,64.6,70.7,86.3,106.7,127.6,108.7,0,0,0,0,0,0,0,0,0,0,0,0,0,0,0,0,0,0,0,0,0,0,0,0,0,0,0,0,0,0,0,0,0,0,0,0,0,0,0,0,0,0,0,0,0,0,0,0,0,0,0,0,0,0,0,0,0,0,0,0,FS,O,,2022,6,3,4/24/2009,24.95114007,26.20260916,26.45290298,24.95114007,0,47.8,34.8,47.4,57.7,75.4,79.1,87.2,92.8,97.1,84.7,64.1,46.6,44.7,34.5,34.7,37.3,22.8,19.4,12.7,11.2,10.6,6.3,23.2,22.3,16.7,4.3,21.1,46.4,30.9,0,0,0,0,0,0,0,0,0,0,0,0,0,0,0,0,0,0,0,0,0,0,0,0,0,0,0,0,0,0,0,0,0,0,0,0,0,0,0,0,0,0,0,0,0,0,0,0,0,0,0,0,0,0,0,0,0,0,0,0,0,79.4,62,40.7,35.5,20.9,11.2,20.7,51.4,80.7,89.4,93.4,108.3,128.6,119.2,107.6,107.2,91.4,85.3,91.8,78.3,78.3,84.3,65.2,64.6,70.7,86.3,106.7,127.6,108.7,0,0,0,0,0,0,0,0,0,0,0,0,0,0,0,0,0,0,0,0,0,0,0,0,0,0,0,0,0,0,0,0,0,0,0,0,0,0,0,0,0,0,0,0,0,0,0,0,0,0,0,0,0,0,0,0,0,0,0,0,1213.8,2295.4,41.85517241,79.15172414,55,115,2,2
16,5,A,S,2,10.7,343,15,34,13,81,6,-100,1.5,0,0,0,90,2206,12,10,62.3,70.3,90,101.2,99.7,101.1,90.9,69.4,53.2,41.6,0,0,0,0,0,0,0,0,0,0,0,0,0,0,0,0,0,0,0,0,0,0,0,0,0,0,0,0,0,0,0,0,0,0,0,0,0,0,0,0,0,0,0,0,0,0,0,0,0,0,0,0,0,0,0,0,0,0,0,0,0,0,0,0,0,0,0,0,0,0,0,0,0,0,0,0,0,0,0,0,102.8,74.3,42.8,19.8,25.6,44.1,54.7,70.6,94.3,111.3,0,0,0,0,0,0,0,0,0,0,0,0,0,0,0,0,0,0,0,0,0,0,0,0,0,0,0,0,0,0,0,0,0,0,0,0,0,0,0,0,0,0,0,0,0,0,0,0,0,0,0,0,0,0,0,0,0,0,0,0,0,0,0,0,0,0,0,0,0,0,0,0,0,0,0,0,0,0,0,0,TT,O,,2022,1,3,4/23/2009,32.05607477,29.25698897,29.427605,28.40390879,0,70.3,90,101.2,99.7,101.1,90.9,69.4,53.2,41.6,0,0,0,0,0,0,0,0,0,0,0,0,0,0,0,0,0,0,0,0,0,0,0,0,0,0,0,0,0,0,0,0,0,0,0,0,0,0,0,0,0,0,0,0,0,0,0,0,0,0,0,0,0,0,0,0,0,0,0,0,0,0,0,0,0,0,0,0,0,0,0,0,0,0,0,0,0,0,0,0,0,74.3,42.8,19.8,25.6,44.1,54.7,70.6,94.3,111.3,0,0,0,0,0,0,0,0,0,0,0,0,0,0,0,0,0,0,0,0,0,0,0,0,0,0,0,0,0,0,0,0,0,0,0,0,0,0,0,0,0,0,0,0,0,0,0,0,0,0,0,0,0,0,0,0,0,0,0,0,0,0,0,0,0,0,0,0,0,0,0,0,0,0,0,0,0,0,0,0,717.4,537.5,79.71111111,59.72222222,55,115,2,2
17,5,A,E,2,56.7,1552,33,17,22,54,24,56,1.5,1,0,0,90,2206,12,56,65.8,64.2,85.5,105,108.1,103.2,98.4,84.3,61.5,41.2,39.2,42,54.8,59.5,60.8,44.3,22.7,26.8,57.3,94.5,101.5,98,82.6,55.7,27.8,17.2,31.5,36.5,37.4,25.5,17.4,30.2,55.3,74.7,80.9,75.5,56.4,34.1,18.8,34.8,51,50.6,55.8,77.9,101,111.8,114.7,115.6,111.6,109.6,100.9,84.9,73,66.4,51.9,28.4,0,0,0,0,0,0,0,0,0,0,0,0,0,0,0,0,0,0,0,0,0,0,0,0,0,0,0,0,0,0,0,0,0,0,109.7,73.8,35.1,25.1,24.4,44.1,71.5,89.7,107.5,118.7,124.9,117.4,109.6,107.2,113.4,103.3,83.3,62.9,57.6,67.2,58.1,52.2,47.6,54.2,74.4,97.4,113.5,100.5,82,71.1,71.4,78.1,84.8,95,101.3,105.9,101.3,102.9,103.2,111.1,118.8,100.9,76.7,61.1,57.3,49,36.5,29.7,34.6,45.3,53.7,66.5,85.8,105.1,111.6,104.8,0,0,0,0,0,0,0,0,0,0,0,0,0,0,0,0,0,0,0,0,0,0,0,0,0,0,0,0,0,0,0,0,0,0,TT,O,,2022,2,3,4/23/2009,27.37213404,29.25698897,29.427605,28.40390879,0,64.2,85.5,105,108.1,103.2,98.4,84.3,61.5,41.2,39.2,42,54.8,59.5,60.8,44.3,22.7,26.8,57.3,94.5,101.5,98,82.6,55.7,27.8,17.2,31.5,36.5,37.4,25.5,17.4,30.2,55.3,74.7,80.9,75.5,56.4,34.1,18.8,34.8,51,50.6,55.8,77.9,101,111.8,114.7,115.6,111.6,109.6,100.9,84.9,73,66.4,51.9,28.4,0,0,0,0,0,0,0,0,0,0,0,0,0,0,0,0,0,0,0,0,0,0,0,0,0,0,0,0,0,0,0,0,0,0,0,73.8,35.1,25.1,24.4,44.1,71.5,89.7,107.5,118.7,124.9,117.4,109.6,107.2,113.4,103.3,83.3,62.9,57.6,67.2,58.1,52.2,47.6,54.2,74.4,97.4,113.5,100.5,82,71.1,71.4,78.1,84.8,95,101.3,105.9,101.3,102.9,103.2,111.1,118.8,100.9,76.7,61.1,57.3,49,36.5,29.7,34.6,45.3,53.7,66.5,85.8,105.1,111.6,104.8,0,0,0,0,0,0,0,0,0,0,0,0,0,0,0,0,0,0,0,0,0,0,0,0,0,0,0,0,0,0,0,0,0,0,3550.2,4380.1,64.54909091,79.63818182,55,115,2,2
18,5,A,W,2,3.7,120,27,68,83,13,4,-40,1.5,1,1,0,90,2206,12,3,100.2,76.6,44.6,0,0,0,0,0,0,0,0,0,0,0,0,0,0,0,0,0,0,0,0,0,0,0,0,0,0,0,0,0,0,0,0,0,0,0,0,0,0,0,0,0,0,0,0,0,0,0,0,0,0,0,0,0,0,0,0,0,0,0,0,0,0,0,0,0,0,0,0,0,0,0,0,0,0,0,0,0,0,0,0,0,0,0,0,0,0,0,22.3,10.9,43,0,0,0,0,0,0,0,0,0,0,0,0,0,0,0,0,0,0,0,0,0,0,0,0,0,0,0,0,0,0,0,0,0,0,0,0,0,0,0,0,0,0,0,0,0,0,0,0,0,0,0,0,0,0,0,0,0,0,0,0,0,0,0,0,0,0,0,0,0,0,0,0,0,0,0,0,0,0,0,0,0,0,0,0,0,0,0,TT,O,,2022,3,3,4/23/2009,32.43243243,29.25698897,29.427605,28.40390879,0,0,0,0,0,0,0,0,0,0,0,0,0,0,0,0,0,0,0,0,0,0,0,0,0,0,0,0,0,0,0,0,0,0,0,0,0,0,0,0,0,0,0,0,0,0,0,0,0,0,0,0,0,0,0,0,0,0,0,0,0,0,0,0,0,0,0,0,0,0,0,0,0,0,0,0,0,0,0,0,0,0,0,0,0,0,0,0,0,0,0,0,0,0,0,0,0,0,0,0,0,0,0,0,0,0,0,0,0,0,0,0,0,0,0,0,0,0,0,0,0,0,0,0,0,0,0,0,0,0,0,0,0,0,0,0,0,0,0,0,0,0,0,0,0,0,0,0,0,0,0,0,0,0,0,0,0,0,0,0,0,0,0,0,0,0,0,0,0,0,0,0,0,0,0,0,0,0,0,0,0,0,0,0,115,55,4,4
16,6,A,N,2,23.5,668,49,13,51,38,11,-41,1.5,4,0,0,90,2206,12,23,109.9,85.7,40.1,19.1,56.6,78.2,96.6,94.9,84.2,69.1,43.9,21,10,27.2,41.3,53.9,37,16,14.3,32.1,47.7,47.9,23.5,0,0,0,0,0,0,0,0,0,0,0,0,0,0,0,0,0,0,0,0,0,0,0,0,0,0,0,0,0,0,0,0,0,0,0,0,0,0,0,0,0,0,0,0,0,0,0,0,0,0,0,0,0,0,0,0,0,0,0,0,0,0,0,0,0,0,0,68.1,61.9,58.9,86.7,98.3,83.1,65.5,41.3,20.1,19.7,47.5,74.5,79.4,75.6,88.9,87.6,82.7,79,86.8,99.2,115.8,124.6,106.8,0,0,0,0,0,0,0,0,0,0,0,0,0,0,0,0,0,0,0,0,0,0,0,0,0,0,0,0,0,0,0,0,0,0,0,0,0,0,0,0,0,0,0,0,0,0,0,0,0,0,0,0,0,0,0,0,0,0,0,0,0,0,0,0,0,0,0,TT,O,,2022,4,3,4/24/2009,28.42553191,29.25698897,29.427605,28.40390879,0,0,0,19.1,56.6,78.2,96.6,94.9,84.2,69.1,43.9,21,10,27.2,41.3,53.9,37,16,14.3,32.1,47.7,47.9,23.5,0,0,0,0,0,0,0,0,0,0,0,0,0,0,0,0,0,0,0,0,0,0,0,0,0,0,0,0,0,0,0,0,0,0,0,0,0,0,0,0,0,0,0,0,0,0,0,0,0,0,0,0,0,0,0,0,0,0,0,0,0,0,0,0,0,0,0,0,0,0,86.7,98.3,83.1,65.5,41.3,20.1,19.7,47.5,74.5,79.4,75.6,88.9,87.6,82.7,79,86.8,99.2,115.8,124.6,106.8,0,0,0,0,0,0,0,0,0,0,0,0,0,0,0,0,0,0,0,0,0,0,0,0,0,0,0,0,0,0,0,0,0,0,0,0,0,0,0,0,0,0,0,0,0,0,0,0,0,0,0,0,0,0,0,0,0,0,0,0,0,0,0,0,0,0,0,914.5,1563.1,45.725,78.155,115,55,4,4
17,6,A,W,2,5.4,145,32,52,81,18,1,-44,1.5,1,1,0,90,2206,12,5,106.9,88.5,64.8,34.1,8.6,0,0,0,0,0,0,0,0,0,0,0,0,0,0,0,0,0,0,0,0,0,0,0,0,0,0,0,0,0,0,0,0,0,0,0,0,0,0,0,0,0,0,0,0,0,0,0,0,0,0,0,0,0,0,0,0,0,0,0,0,0,0,0,0,0,0,0,0,0,0,0,0,0,0,0,0,0,0,0,0,0,0,0,0,0,30.4,7.5,30.4,63.2,81.1,0,0,0,0,0,0,0,0,0,0,0,0,0,0,0,0,0,0,0,0,0,0,0,0,0,0,0,0,0,0,0,0,0,0,0,0,0,0,0,0,0,0,0,0,0,0,0,0,0,0,0,0,0,0,0,0,0,0,0,0,0,0,0,0,0,0,0,0,0,0,0,0,0,0,0,0,0,0,0,0,0,0,0,0,0,TT,O,,2022,5,3,4/24/2009,26.85185185,29.25698897,29.427605,28.40390879,0,0,0,34.1,8.6,0,0,0,0,0,0,0,0,0,0,0,0,0,0,0,0,0,0,0,0,0,0,0,0,0,0,0,0,0,0,0,0,0,0,0,0,0,0,0,0,0,0,0,0,0,0,0,0,0,0,0,0,0,0,0,0,0,0,0,0,0,0,0,0,0,0,0,0,0,0,0,0,0,0,0,0,0,0,0,0,0,0,0,0,0,0,0,0,63.2,81.1,0,0,0,0,0,0,0,0,0,0,0,0,0,0,0,0,0,0,0,0,0,0,0,0,0,0,0,0,0,0,0,0,0,0,0,0,0,0,0,0,0,0,0,0,0,0,0,0,0,0,0,0,0,0,0,0,0,0,0,0,0,0,0,0,0,0,0,0,0,0,0,0,0,0,0,0,0,0,0,0,0,0,0,0,0,42.7,144.3,21.35,72.15,115,55,4,4
18,6,A,S,2,30.7,872,18,26,38,50,12,-86,1.5,2,1,0,90,2206,12,30,65.3,77.3,89.5,90.4,90.2,76.4,56.1,30.9,6.7,20,38.2,57.1,67.4,85.1,99,114.9,122.7,117.6,109.9,106.2,100.7,88.8,77.7,59.2,35.6,11.9,35.1,58.2,72.3,83.6,0,0,0,0,0,0,0,0,0,0,0,0,0,0,0,0,0,0,0,0,0,0,0,0,0,0,0,0,0,0,0,0,0,0,0,0,0,0,0,0,0,0,0,0,0,0,0,0,0,0,0,0,0,0,0,0,0,0,0,0,92,48.9,13.2,22.4,37.5,55,75.3,83.5,87.9,99.3,108.6,98.2,82.2,69.4,67.3,60.5,52.1,34.1,29.7,46.5,60,78.3,96.1,101.9,102.5,79.5,59.4,47.2,44,56.7,0,0,0,0,0,0,0,0,0,0,0,0,0,0,0,0,0,0,0,0,0,0,0,0,0,0,0,0,0,0,0,0,0,0,0,0,0,0,0,0,0,0,0,0,0,0,0,0,0,0,0,0,0,0,0,0,0,0,0,0,FS,O,,2022,6,3,4/24/2009,28.40390879,29.25698897,29.427605,28.40390879,0,77.3,89.5,90.4,90.2,76.4,56.1,30.9,6.7,20,38.2,57.1,67.4,85.1,99,114.9,122.7,117.6,109.9,106.2,100.7,88.8,77.7,59.2,35.6,11.9,35.1,58.2,72.3,83.6,0,0,0,0,0,0,0,0,0,0,0,0,0,0,0,0,0,0,0,0,0,0,0,0,0,0,0,0,0,0,0,0,0,0,0,0,0,0,0,0,0,0,0,0,0,0,0,0,0,0,0,0,0,0,0,0,0,0,0,0,0,48.9,13.2,22.4,37.5,55,75.3,83.5,87.9,99.3,108.6,98.2,82.2,69.4,67.3,60.5,52.1,34.1,29.7,46.5,60,78.3,96.1,101.9,102.5,79.5,59.4,47.2,44,56.7,0,0,0,0,0,0,0,0,0,0,0,0,0,0,0,0,0,0,0,0,0,0,0,0,0,0,0,0,0,0,0,0,0,0,0,0,0,0,0,0,0,0,0,0,0,0,0,0,0,0,0,0,0,0,0,0,0,0,0,0,2078.7,1897.2,71.67931034,65.42068966,55,115,2,2
19,5,A,S,2,10.2,213,43,5,54,37,9,-66,1.5,1,0,0,90,2206,13,10,58.4,49.3,29.4,17.7,37.2,52.6,56.1,48.9,33.2,19,0,0,0,0,0,0,0,0,0,0,0,0,0,0,0,0,0,0,0,0,0,0,0,0,0,0,0,0,0,0,0,0,0,0,0,0,0,0,0,0,0,0,0,0,0,0,0,0,0,0,0,0,0,0,0,0,0,0,0,0,0,0,0,0,0,0,0,0,0,0,0,0,0,0,0,0,0,0,0,0,110,92.4,77,71.5,72.8,77.5,80,90.2,94,97.5,0,0,0,0,0,0,0,0,0,0,0,0,0,0,0,0,0,0,0,0,0,0,0,0,0,0,0,0,0,0,0,0,0,0,0,0,0,0,0,0,0,0,0,0,0,0,0,0,0,0,0,0,0,0,0,0,0,0,0,0,0,0,0,0,0,0,0,0,0,0,0,0,0,0,0,0,0,0,0,0,TT,O,,2022,1,3,4/23/2009,20.88235294,20.93752762,21.38245889,18.71287129,0,0,29.4,17.7,37.2,52.6,56.1,48.9,33.2,19,0,0,0,0,0,0,0,0,0,0,0,0,0,0,0,0,0,0,0,0,0,0,0,0,0,0,0,0,0,0,0,0,0,0,0,0,0,0,0,0,0,0,0,0,0,0,0,0,0,0,0,0,0,0,0,0,0,0,0,0,0,0,0,0,0,0,0,0,0,0,0,0,0,0,0,0,0,0,0,0,0,0,77,71.5,72.8,77.5,80,90.2,94,97.5,0,0,0,0,0,0,0,0,0,0,0,0,0,0,0,0,0,0,0,0,0,0,0,0,0,0,0,0,0,0,0,0,0,0,0,0,0,0,0,0,0,0,0,0,0,0,0,0,0,0,0,0,0,0,0,0,0,0,0,0,0,0,0,0,0,0,0,0,0,0,0,0,0,0,0,0,0,0,0,0,294.1,660.5,36.7625,82.5625,55,115,3,3
20,5,A,E,2,3.5,87,100,0,20,41,39,5,1.5,1,0,0,90,2206,13,3,63.7,43.4,17.6,0,0,0,0,0,0,0,0,0,0,0,0,0,0,0,0,0,0,0,0,0,0,0,0,0,0,0,0,0,0,0,0,0,0,0,0,0,0,0,0,0,0,0,0,0,0,0,0,0,0,0,0,0,0,0,0,0,0,0,0,0,0,0,0,0,0,0,0,0,0,0,0,0,0,0,0,0,0,0,0,0,0,0,0,0,0,0,126.1,113.2,100.9,0,0,0,0,0,0,0,0,0,0,0,0,0,0,0,0,0,0,0,0,0,0,0,0,0,0,0,0,0,0,0,0,0,0,0,0,0,0,0,0,0,0,0,0,0,0,0,0,0,0,0,0,0,0,0,0,0,0,0,0,0,0,0,0,0,0,0,0,0,0,0,0,0,0,0,0,0,0,0,0,0,0,0,0,0,0,0,TT,O,,2022,2,3,4/23/2009,24.85714286,20.93752762,21.38245889,18.71287129,0,0,17.6,0,0,0,0,0,0,0,0,0,0,0,0,0,0,0,0,0,0,0,0,0,0,0,0,0,0,0,0,0,0,0,0,0,0,0,0,0,0,0,0,0,0,0,0,0,0,0,0,0,0,0,0,0,0,0,0,0,0,0,0,0,0,0,0,0,0,0,0,0,0,0,0,0,0,0,0,0,0,0,0,0,0,0,0,0,0,0,0,0,100.9,0,0,0,0,0,0,0,0,0,0,0,0,0,0,0,0,0,0,0,0,0,0,0,0,0,0,0,0,0,0,0,0,0,0,0,0,0,0,0,0,0,0,0,0,0,0,0,0,0,0,0,0,0,0,0,0,0,0,0,0,0,0,0,0,0,0,0,0,0,0,0,0,0,0,0,0,0,0,0,0,0,0,0,0,0,0,0,17.6,100.9,17.6,100.9,55,115,3,3
21,5,A,W,2,13.4,241,19,30,86,12,2,-30,1.5,1,0,0,90,2206,13,13,112.2,101.3,78.4,56.9,47.7,54.6,65.9,60.5,51.4,42.7,36.4,22.6,10.7,0,0,0,0,0,0,0,0,0,0,0,0,0,0,0,0,0,0,0,0,0,0,0,0,0,0,0,0,0,0,0,0,0,0,0,0,0,0,0,0,0,0,0,0,0,0,0,0,0,0,0,0,0,0,0,0,0,0,0,0,0,0,0,0,0,0,0,0,0,0,0,0,0,0,0,0,0,36.3,25,18.5,32.9,47.9,54.5,46.4,34.4,36,45.2,55.3,76.3,81.6,0,0,0,0,0,0,0,0,0,0,0,0,0,0,0,0,0,0,0,0,0,0,0,0,0,0,0,0,0,0,0,0,0,0,0,0,0,0,0,0,0,0,0,0,0,0,0,0,0,0,0,0,0,0,0,0,0,0,0,0,0,0,0,0,0,0,0,0,0,0,0,0,0,0,0,0,0,TT,O,,2022,3,3,4/23/2009,17.98507463,20.93752762,21.38245889,18.71287129,0,0,0,0,47.7,54.6,65.9,60.5,51.4,42.7,36.4,22.6,10.7,0,0,0,0,0,0,0,0,0,0,0,0,0,0,0,0,0,0,0,0,0,0,0,0,0,0,0,0,0,0,0,0,0,0,0,0,0,0,0,0,0,0,0,0,0,0,0,0,0,0,0,0,0,0,0,0,0,0,0,0,0,0,0,0,0,0,0,0,0,0,0,0,0,0,0,0,0,0,0,0,0,47.9,54.5,46.4,34.4,36,45.2,55.3,76.3,81.6,0,0,0,0,0,0,0,0,0,0,0,0,0,0,0,0,0,0,0,0,0,0,0,0,0,0,0,0,0,0,0,0,0,0,0,0,0,0,0,0,0,0,0,0,0,0,0,0,0,0,0,0,0,0,0,0,0,0,0,0,0,0,0,0,0,0,0,0,0,0,0,0,0,0,0,0,0,392.5,477.6,43.61111111,53.06666667,115,55,5,5
19,6,A,N,2,28.8,626,44,15,65,31,4,-23,1.5,1,1,0,90,2206,13,28,114.1,92.1,61.2,36.3,15.5,16.9,34.2,25,25.1,14.7,16.2,23.2,19.9,17,25.5,41.9,55.9,69.7,77.1,86.1,85.7,86.1,81.1,77.1,67.9,57.3,40.9,26.4,0,0,0,0,0,0,0,0,0,0,0,0,0,0,0,0,0,0,0,0,0,0,0,0,0,0,0,0,0,0,0,0,0,0,0,0,0,0,0,0,0,0,0,0,0,0,0,0,0,0,0,0,0,0,0,0,0,0,0,0,0,0,65.9,61,60.6,75.8,79.2,77.6,61.1,62.2,62.1,73,74,76.1,88.1,92.8,101.4,95.4,84.5,74.4,59.1,42.6,21.5,6.1,20.3,31.9,57,78.5,90.6,99.6,0,0,0,0,0,0,0,0,0,0,0,0,0,0,0,0,0,0,0,0,0,0,0,0,0,0,0,0,0,0,0,0,0,0,0,0,0,0,0,0,0,0,0,0,0,0,0,0,0,0,0,0,0,0,0,0,0,0,0,0,0,0,TT,O,,2022,4,3,4/24/2009,21.73611111,20.93752762,21.38245889,18.71287129,0,0,0,0,15.5,16.9,34.2,25,25.1,14.7,16.2,23.2,19.9,17,25.5,41.9,55.9,69.7,77.1,86.1,85.7,86.1,81.1,77.1,67.9,57.3,40.9,26.4,0,0,0,0,0,0,0,0,0,0,0,0,0,0,0,0,0,0,0,0,0,0,0,0,0,0,0,0,0,0,0,0,0,0,0,0,0,0,0,0,0,0,0,0,0,0,0,0,0,0,0,0,0,0,0,0,0,0,0,0,0,0,0,0,0,0,79.2,77.6,61.1,62.2,62.1,73,74,76.1,88.1,92.8,101.4,95.4,84.5,74.4,59.1,42.6,21.5,6.1,20.3,31.9,57,78.5,90.6,99.6,0,0,0,0,0,0,0,0,0,0,0,0,0,0,0,0,0,0,0,0,0,0,0,0,0,0,0,0,0,0,0,0,0,0,0,0,0,0,0,0,0,0,0,0,0,0,0,0,0,0,0,0,0,0,0,0,0,0,0,0,0,0,1086.4,1609.1,45.26666667,67.04583333,115,55,5,5
20,6,A,W,2,6.2,133,31,45,67,29,4,-16,1.5,1,0,0,90,2206,13,6,110.5,101,78.9,52.3,26.1,14.2,0,0,0,0,0,0,0,0,0,0,0,0,0,0,0,0,0,0,0,0,0,0,0,0,0,0,0,0,0,0,0,0,0,0,0,0,0,0,0,0,0,0,0,0,0,0,0,0,0,0,0,0,0,0,0,0,0,0,0,0,0,0,0,0,0,0,0,0,0,0,0,0,0,0,0,0,0,0,0,0,0,0,0,0,41.1,33.9,27.8,40,62,76.6,0,0,0,0,0,0,0,0,0,0,0,0,0,0,0,0,0,0,0,0,0,0,0,0,0,0,0,0,0,0,0,0,0,0,0,0,0,0,0,0,0,0,0,0,0,0,0,0,0,0,0,0,0,0,0,0,0,0,0,0,0,0,0,0,0,0,0,0,0,0,0,0,0,0,0,0,0,0,0,0,0,0,0,0,TT,O,,2022,5,3,4/24/2009,21.4516129,20.93752762,21.38245889,18.71287129,0,0,0,0,26.1,14.2,0,0,0,0,0,0,0,0,0,0,0,0,0,0,0,0,0,0,0,0,0,0,0,0,0,0,0,0,0,0,0,0,0,0,0,0,0,0,0,0,0,0,0,0,0,0,0,0,0,0,0,0,0,0,0,0,0,0,0,0,0,0,0,0,0,0,0,0,0,0,0,0,0,0,0,0,0,0,0,0,0,0,0,0,0,0,0,0,62,76.6,0,0,0,0,0,0,0,0,0,0,0,0,0,0,0,0,0,0,0,0,0,0,0,0,0,0,0,0,0,0,0,0,0,0,0,0,0,0,0,0,0,0,0,0,0,0,0,0,0,0,0,0,0,0,0,0,0,0,0,0,0,0,0,0,0,0,0,0,0,0,0,0,0,0,0,0,0,0,0,0,0,0,0,0,40.3,138.6,20.15,69.3,115,55,5,5
21,6,A,S,2,30.3,567,39,14,62,30,8,-54,1.5,1,0,0,90,2206,13,30,47.6,44.2,50.4,59.3,62.6,63,59.3,51.4,40,29.3,14.4,10,20.4,33.9,51.6,60.8,67.6,71.9,74.4,69.1,62.4,54.2,48.4,37.6,28.3,17.9,15.4,29.9,42.3,50.2,0,0,0,0,0,0,0,0,0,0,0,0,0,0,0,0,0,0,0,0,0,0,0,0,0,0,0,0,0,0,0,0,0,0,0,0,0,0,0,0,0,0,0,0,0,0,0,0,0,0,0,0,0,0,0,0,0,0,0,0,91.8,72.8,51.2,29.8,29.7,37.9,50.8,71.7,81.8,87.6,91.2,96.1,99.9,103.9,97,85.1,72.1,54.3,33.8,20.6,25.9,42.4,58.6,77.1,91.3,97.6,101.1,110.9,119.3,118.6,0,0,0,0,0,0,0,0,0,0,0,0,0,0,0,0,0,0,0,0,0,0,0,0,0,0,0,0,0,0,0,0,0,0,0,0,0,0,0,0,0,0,0,0,0,0,0,0,0,0,0,0,0,0,0,0,0,0,0,0,FS,O,,2022,6,3,4/30/2009,18.71287129,20.93752762,21.38245889,18.71287129,0,0,50.4,59.3,62.6,63,59.3,51.4,40,29.3,14.4,10,20.4,33.9,51.6,60.8,67.6,71.9,74.4,69.1,62.4,54.2,48.4,37.6,28.3,17.9,15.4,29.9,42.3,50.2,0,0,0,0,0,0,0,0,0,0,0,0,0,0,0,0,0,0,0,0,0,0,0,0,0,0,0,0,0,0,0,0,0,0,0,0,0,0,0,0,0,0,0,0,0,0,0,0,0,0,0,0,0,0,0,0,0,0,0,0,0,0,51.2,29.8,29.7,37.9,50.8,71.7,81.8,87.6,91.2,96.1,99.9,103.9,97,85.1,72.1,54.3,33.8,20.6,25.9,42.4,58.6,77.1,91.3,97.6,101.1,110.9,119.3,118.6,0,0,0,0,0,0,0,0,0,0,0,0,0,0,0,0,0,0,0,0,0,0,0,0,0,0,0,0,0,0,0,0,0,0,0,0,0,0,0,0,0,0,0,0,0,0,0,0,0,0,0,0,0,0,0,0,0,0,0,0,1276,2037.3,45.57142857,72.76071429,55,115,3,3
22,5,A,S,2,3.8,67,100,0,40,43,17,5,1.5,1,0,0,90,2206,14,3,51.7,34.9,10.2,0,0,0,0,0,0,0,0,0,0,0,0,0,0,0,0,0,0,0,0,0,0,0,0,0,0,0,0,0,0,0,0,0,0,0,0,0,0,0,0,0,0,0,0,0,0,0,0,0,0,0,0,0,0,0,0,0,0,0,0,0,0,0,0,0,0,0,0,0,0,0,0,0,0,0,0,0,0,0,0,0,0,0,0,0,0,0,111.9,102.6,90.7,0,0,0,0,0,0,0,0,0,0,0,0,0,0,0,0,0,0,0,0,0,0,0,0,0,0,0,0,0,0,0,0,0,0,0,0,0,0,0,0,0,0,0,0,0,0,0,0,0,0,0,0,0,0,0,0,0,0,0,0,0,0,0,0,0,0,0,0,0,0,0,0,0,0,0,0,0,0,0,0,0,0,0,0,0,0,0,TT,O,,2022,1,3,4/23/2009,17.63157895,20.36655996,20.89020307,17.74834437,0,0,10.2,0,0,0,0,0,0,0,0,0,0,0,0,0,0,0,0,0,0,0,0,0,0,0,0,0,0,0,0,0,0,0,0,0,0,0,0,0,0,0,0,0,0,0,0,0,0,0,0,0,0,0,0,0,0,0,0,0,0,0,0,0,0,0,0,0,0,0,0,0,0,0,0,0,0,0,0,0,0,0,0,0,0,0,0,0,0,0,0,0,90.7,0,0,0,0,0,0,0,0,0,0,0,0,0,0,0,0,0,0,0,0,0,0,0,0,0,0,0,0,0,0,0,0,0,0,0,0,0,0,0,0,0,0,0,0,0,0,0,0,0,0,0,0,0,0,0,0,0,0,0,0,0,0,0,0,0,0,0,0,0,0,0,0,0,0,0,0,0,0,0,0,0,0,0,0,0,0,0,10.2,90.7,10.2,90.7,55,115,3,3
23,5,A,E,2,17.6,379,11,3,45,33,22,59,1.5,1,0,0,90,2206,14,17,63.9,57.4,55.3,62.8,58.9,55,46.9,51.1,82,100.3,112.4,104.1,96.8,80.9,62.7,38.2,12.9,0,0,0,0,0,0,0,0,0,0,0,0,0,0,0,0,0,0,0,0,0,0,0,0,0,0,0,0,0,0,0,0,0,0,0,0,0,0,0,0,0,0,0,0,0,0,0,0,0,0,0,0,0,0,0,0,0,0,0,0,0,0,0,0,0,0,0,0,0,0,0,0,0,110.4,87.2,71.5,57.8,53.1,47.9,41.4,52.1,61.4,67.7,71.8,73.8,73.1,72.5,77,88.2,89.7,0,0,0,0,0,0,0,0,0,0,0,0,0,0,0,0,0,0,0,0,0,0,0,0,0,0,0,0,0,0,0,0,0,0,0,0,0,0,0,0,0,0,0,0,0,0,0,0,0,0,0,0,0,0,0,0,0,0,0,0,0,0,0,0,0,0,0,0,0,0,0,0,0,TT,O,,2022,2,3,4/23/2009,21.53409091,20.36655996,20.89020307,17.74834437,0,0,55.3,62.8,58.9,55,46.9,51.1,82,100.3,112.4,104.1,96.8,80.9,62.7,38.2,12.9,0,0,0,0,0,0,0,0,0,0,0,0,0,0,0,0,0,0,0,0,0,0,0,0,0,0,0,0,0,0,0,0,0,0,0,0,0,0,0,0,0,0,0,0,0,0,0,0,0,0,0,0,0,0,0,0,0,0,0,0,0,0,0,0,0,0,0,0,0,0,0,0,0,0,0,71.5,57.8,53.1,47.9,41.4,52.1,61.4,67.7,71.8,73.8,73.1,72.5,77,88.2,89.7,0,0,0,0,0,0,0,0,0,0,0,0,0,0,0,0,0,0,0,0,0,0,0,0,0,0,0,0,0,0,0,0,0,0,0,0,0,0,0,0,0,0,0,0,0,0,0,0,0,0,0,0,0,0,0,0,0,0,0,0,0,0,0,0,0,0,0,0,0,0,0,0,0,1020.3,999,68.02,66.6,55,115,3,3
24,5,A,W,2,52.7,1147,50,10,37,26,37,-27,1.5,1,0,0,90,2206,14,52,112.8,105.5,85.8,57.8,41.2,34.4,21.9,25.2,47.3,33.4,21.8,13.7,13.9,23.2,27.2,35,34.5,38.2,47.3,63,76.6,64.2,47.3,31.4,25.7,33,48,56.8,47.7,40,40.2,50.9,51.9,53.4,59.6,63.9,54.4,45,44.4,47.6,54.1,63.6,79.7,91.5,102.4,108.8,109.5,100.1,81.9,60.5,33.8,11.4,0,0,0,0,0,0,0,0,0,0,0,0,0,0,0,0,0,0,0,0,0,0,0,0,0,0,0,0,0,0,0,0,0,0,0,0,0,0,38.3,31,19.1,30.7,51.3,64.2,84.4,107.1,127,110.1,95.4,79.3,77.1,66.3,59.9,52,52.4,53.3,65.5,86.5,103.7,99.9,95.6,102,110.9,115.5,126.6,129,114.4,102.6,81.2,83.9,85.3,89.3,110.9,123.7,128.5,129.8,129.4,125.7,121.2,114.2,105.1,96.3,88,79.3,75.4,74.2,76.7,79.7,85.8,86.2,0,0,0,0,0,0,0,0,0,0,0,0,0,0,0,0,0,0,0,0,0,0,0,0,0,0,0,0,0,0,0,0,0,0,0,0,0,0,TT,O,,2022,3,3,4/23/2009,21.76470588,20.36655996,20.89020307,17.74834437,0,0,0,0,0,34.4,21.9,25.2,47.3,33.4,21.8,13.7,13.9,23.2,27.2,35,34.5,38.2,47.3,63,76.6,64.2,47.3,31.4,25.7,33,48,56.8,47.7,40,40.2,50.9,51.9,53.4,59.6,63.9,54.4,45,44.4,47.6,54.1,63.6,79.7,91.5,102.4,108.8,109.5,100.1,81.9,60.5,33.8,11.4,0,0,0,0,0,0,0,0,0,0,0,0,0,0,0,0,0,0,0,0,0,0,0,0,0,0,0,0,0,0,0,0,0,0,0,0,0,0,0,0,0,0,0,64.2,84.4,107.1,127,110.1,95.4,79.3,77.1,66.3,59.9,52,52.4,53.3,65.5,86.5,103.7,99.9,95.6,102,110.9,115.5,126.6,129,114.4,102.6,81.2,83.9,85.3,89.3,110.9,123.7,128.5,129.8,129.4,125.7,121.2,114.2,105.1,96.3,88,79.3,75.4,74.2,76.7,79.7,85.8,86.2,0,0,0,0,0,0,0,0,0,0,0,0,0,0,0,0,0,0,0,0,0,0,0,0,0,0,0,0,0,0,0,0,0,0,0,0,0,0,2359.3,4450.5,50.19787234,94.69148936,115,55,6,6
22,6,A,N,2,35.9,819,20,27,30,36,34,25,1.5,1,1,0,90,2206,14,35,113.8,106.3,90.2,76.6,61.7,50.7,41.8,35.9,44.2,34.7,29.3,41.3,60.1,77.4,72.1,68.2,58.8,45.5,43.6,52.6,63,84,101.6,103.8,115.2,124.4,126.2,121.1,115.2,105.8,90.7,73.1,51,35.3,24.5,0,0,0,0,0,0,0,0,0,0,0,0,0,0,0,0,0,0,0,0,0,0,0,0,0,0,0,0,0,0,0,0,0,0,0,0,0,0,0,0,0,0,0,0,0,0,0,0,0,0,0,0,0,0,0,59.6,51.2,26.1,13.2,38.1,69.8,98.6,112.4,129,121.1,110.2,105.6,114.8,122.4,108.1,99.7,84.2,62.8,44.8,42.7,60,76.9,85.9,72.1,63.7,56.2,49.5,46,44.9,47.2,54,66.7,75.6,78.1,86.4,0,0,0,0,0,0,0,0,0,0,0,0,0,0,0,0,0,0,0,0,0,0,0,0,0,0,0,0,0,0,0,0,0,0,0,0,0,0,0,0,0,0,0,0,0,0,0,0,0,0,0,0,0,0,0,TT,O,,2022,4,3,4/24/2009,22.81337047,20.36655996,20.89020307,17.74834437,0,0,0,0,0,50.7,41.8,35.9,44.2,34.7,29.3,41.3,60.1,77.4,72.1,68.2,58.8,45.5,43.6,52.6,63,84,101.6,103.8,115.2,124.4,126.2,121.1,115.2,105.8,90.7,73.1,51,35.3,24.5,0,0,0,0,0,0,0,0,0,0,0,0,0,0,0,0,0,0,0,0,0,0,0,0,0,0,0,0,0,0,0,0,0,0,0,0,0,0,0,0,0,0,0,0,0,0,0,0,0,0,0,0,0,0,0,0,0,0,0,0,69.8,98.6,112.4,129,121.1,110.2,105.6,114.8,122.4,108.1,99.7,84.2,62.8,44.8,42.7,60,76.9,85.9,72.1,63.7,56.2,49.5,46,44.9,47.2,54,66.7,75.6,78.1,86.4,0,0,0,0,0,0,0,0,0,0,0,0,0,0,0,0,0,0,0,0,0,0,0,0,0,0,0,0,0,0,0,0,0,0,0,0,0,0,0,0,0,0,0,0,0,0,0,0,0,0,0,0,0,0,0,2091.1,2389.4,69.70333333,79.64666667,115,55,6,6
23,6,A,W,2,50.9,1054,43,10,42,36,22,-54,1.5,2,2,0,90,2206,14,50,117.1,108.3,91.6,72.6,52.6,41.3,51.4,70.5,62.7,62.4,54.9,39,20.3,24.7,44.5,62.1,65.1,55,38.2,22.3,20,25,31.9,31.3,35.9,35.4,25.3,18.2,34.6,52.4,68.6,78.3,90.3,90.9,80,58,39,21.2,11.3,21,41.4,53.2,56.6,58.2,46.6,30,28,35,29.3,19.4,0,0,0,0,0,0,0,0,0,0,0,0,0,0,0,0,0,0,0,0,0,0,0,0,0,0,0,0,0,0,0,0,0,0,0,0,0,0,0,0,44,30.8,16.3,14.7,40.6,70.8,103.3,126.1,108.4,106.4,101.1,100.7,100.8,108.1,117.7,115.5,110.7,108.9,106.3,103.4,105.8,103,99.8,88.4,81.8,75.7,67,71.8,80.3,96.9,110.4,105.8,98.1,93.5,91.7,84.9,79.9,77.2,78.2,83.6,83.3,77.5,71.1,66,57.8,57.8,65.5,89.9,99.7,96.5,0,0,0,0,0,0,0,0,0,0,0,0,0,0,0,0,0,0,0,0,0,0,0,0,0,0,0,0,0,0,0,0,0,0,0,0,0,0,0,0,TT,O,,2022,5,3,4/24/2009,20.70726916,20.36655996,20.89020307,17.74834437,0,0,0,0,0,41.3,51.4,70.5,62.7,62.4,54.9,39,20.3,24.7,44.5,62.1,65.1,55,38.2,22.3,20,25,31.9,31.3,35.9,35.4,25.3,18.2,34.6,52.4,68.6,78.3,90.3,90.9,80,58,39,21.2,11.3,21,41.4,53.2,56.6,58.2,46.6,30,28,35,29.3,19.4,0,0,0,0,0,0,0,0,0,0,0,0,0,0,0,0,0,0,0,0,0,0,0,0,0,0,0,0,0,0,0,0,0,0,0,0,0,0,0,0,0,0,0,0,0,70.8,103.3,126.1,108.4,106.4,101.1,100.7,100.8,108.1,117.7,115.5,110.7,108.9,106.3,103.4,105.8,103,99.8,88.4,81.8,75.7,67,71.8,80.3,96.9,110.4,105.8,98.1,93.5,91.7,84.9,79.9,77.2,78.2,83.6,83.3,77.5,71.1,66,57.8,57.8,65.5,89.9,99.7,96.5,0,0,0,0,0,0,0,0,0,0,0,0,0,0,0,0,0,0,0,0,0,0,0,0,0,0,0,0,0,0,0,0,0,0,0,0,0,0,0,0,1980.7,4127.1,44.01555556,91.71333333,115,55,6,6
24,6,A,S,2,30.2,536,27,6,50,25,25,-31,1.5,1,0,0,90,2206,14,30,58.5,51.6,46.7,55.2,58.3,75,92.1,96.7,91.6,74.8,59.2,41.4,30.8,40.2,51.1,50.6,46.1,34,29.6,39.5,56.2,59.5,43.1,23.9,7.6,22.2,42.2,50.2,54.1,49.1,0,0,0,0,0,0,0,0,0,0,0,0,0,0,0,0,0,0,0,0,0,0,0,0,0,0,0,0,0,0,0,0,0,0,0,0,0,0,0,0,0,0,0,0,0,0,0,0,0,0,0,0,0,0,0,0,0,0,0,0,112.2,101.6,90,86.5,87.6,98.2,96.6,90.3,89,81.4,71.4,61.5,57.6,62,55.8,60,53.9,54.1,64.9,82.9,108.7,116.4,111.5,101.5,90.7,83.7,84.7,76.6,81.6,70.4,0,0,0,0,0,0,0,0,0,0,0,0,0,0,0,0,0,0,0,0,0,0,0,0,0,0,0,0,0,0,0,0,0,0,0,0,0,0,0,0,0,0,0,0,0,0,0,0,0,0,0,0,0,0,0,0,0,0,0,0,FS,O,,2022,6,3,4/30/2009,17.74834437,20.36655996,20.89020307,17.74834437,0,0,46.7,55.2,58.3,75,92.1,96.7,91.6,74.8,59.2,41.4,30.8,40.2,51.1,50.6,46.1,34,29.6,39.5,56.2,59.5,43.1,23.9,7.6,22.2,42.2,50.2,54.1,49.1,0,0,0,0,0,0,0,0,0,0,0,0,0,0,0,0,0,0,0,0,0,0,0,0,0,0,0,0,0,0,0,0,0,0,0,0,0,0,0,0,0,0,0,0,0,0,0,0,0,0,0,0,0,0,0,0,0,0,0,0,0,0,90,86.5,87.6,98.2,96.6,90.3,89,81.4,71.4,61.5,57.6,62,55.8,60,53.9,54.1,64.9,82.9,108.7,116.4,111.5,101.5,90.7,83.7,84.7,76.6,81.6,70.4,0,0,0,0,0,0,0,0,0,0,0,0,0,0,0,0,0,0,0,0,0,0,0,0,0,0,0,0,0,0,0,0,0,0,0,0,0,0,0,0,0,0,0,0,0,0,0,0,0,0,0,0,0,0,0,0,0,0,0,0,1421,2269.5,50.75,81.05357143,55,115,3,3
28,5,A,S,2,11.4,287,48,1,38,26,36,29,1.5,1,0,0,90,2206,17,11,44.4,20.6,29.3,44.6,61.4,78.6,84,73.9,57.7,34.9,12.4,0,0,0,0,0,0,0,0,0,0,0,0,0,0,0,0,0,0,0,0,0,0,0,0,0,0,0,0,0,0,0,0,0,0,0,0,0,0,0,0,0,0,0,0,0,0,0,0,0,0,0,0,0,0,0,0,0,0,0,0,0,0,0,0,0,0,0,0,0,0,0,0,0,0,0,0,0,0,0,113,92.5,61.6,47.9,55.6,82,100.4,107,112.9,103.8,94.8,0,0,0,0,0,0,0,0,0,0,0,0,0,0,0,0,0,0,0,0,0,0,0,0,0,0,0,0,0,0,0,0,0,0,0,0,0,0,0,0,0,0,0,0,0,0,0,0,0,0,0,0,0,0,0,0,0,0,0,0,0,0,0,0,0,0,0,0,0,0,0,0,0,0,0,0,0,0,0,TT,O,,2022,1,3,4/23/2009,25.1754386,25.88437196,26.14267958,24.59283388,0,20.6,29.3,44.6,61.4,78.6,84,73.9,57.7,34.9,12.4,0,0,0,0,0,0,0,0,0,0,0,0,0,0,0,0,0,0,0,0,0,0,0,0,0,0,0,0,0,0,0,0,0,0,0,0,0,0,0,0,0,0,0,0,0,0,0,0,0,0,0,0,0,0,0,0,0,0,0,0,0,0,0,0,0,0,0,0,0,0,0,0,0,0,0,0,0,0,0,0,92.5,61.6,47.9,55.6,82,100.4,107,112.9,103.8,94.8,0,0,0,0,0,0,0,0,0,0,0,0,0,0,0,0,0,0,0,0,0,0,0,0,0,0,0,0,0,0,0,0,0,0,0,0,0,0,0,0,0,0,0,0,0,0,0,0,0,0,0,0,0,0,0,0,0,0,0,0,0,0,0,0,0,0,0,0,0,0,0,0,0,0,0,0,0,0,0,497.4,858.5,49.74,85.85,55,115,2,2
29,5,A,E,2,20.6,574,35,30,38,35,27,39,1.5,1,0,0,90,2206,17,20,61.8,48.5,22.7,21.4,46.1,68.6,75.3,72.9,76.1,88,109,122.8,121.4,104.1,75.5,45.2,26.2,38,37.9,16.6,0,0,0,0,0,0,0,0,0,0,0,0,0,0,0,0,0,0,0,0,0,0,0,0,0,0,0,0,0,0,0,0,0,0,0,0,0,0,0,0,0,0,0,0,0,0,0,0,0,0,0,0,0,0,0,0,0,0,0,0,0,0,0,0,0,0,0,0,0,0,108.6,86.3,73.5,86.9,110.1,110.8,94.1,72.3,45.4,17.8,22.7,36.7,35.1,20.1,19.6,51,90.8,114.7,123.7,102.3,0,0,0,0,0,0,0,0,0,0,0,0,0,0,0,0,0,0,0,0,0,0,0,0,0,0,0,0,0,0,0,0,0,0,0,0,0,0,0,0,0,0,0,0,0,0,0,0,0,0,0,0,0,0,0,0,0,0,0,0,0,0,0,0,0,0,0,0,0,0,TT,O,,2022,2,3,4/23/2009,27.86407767,25.88437196,26.14267958,24.59283388,0,48.5,22.7,21.4,46.1,68.6,75.3,72.9,76.1,88,109,122.8,121.4,104.1,75.5,45.2,26.2,38,37.9,16.6,0,0,0,0,0,0,0,0,0,0,0,0,0,0,0,0,0,0,0,0,0,0,0,0,0,0,0,0,0,0,0,0,0,0,0,0,0,0,0,0,0,0,0,0,0,0,0,0,0,0,0,0,0,0,0,0,0,0,0,0,0,0,0,0,0,0,0,0,0,0,0,86.3,73.5,86.9,110.1,110.8,94.1,72.3,45.4,17.8,22.7,36.7,35.1,20.1,19.6,51,90.8,114.7,123.7,102.3,0,0,0,0,0,0,0,0,0,0,0,0,0,0,0,0,0,0,0,0,0,0,0,0,0,0,0,0,0,0,0,0,0,0,0,0,0,0,0,0,0,0,0,0,0,0,0,0,0,0,0,0,0,0,0,0,0,0,0,0,0,0,0,0,0,0,0,0,0,0,1216.3,1313.9,64.01578947,69.15263158,55,115,2,2
30,5,A,W,2,60.3,1463,41,10,44,25,31,-40,1.5,2,0,0,90,2206,17,60,109.2,96.4,71.5,41,36,68.5,76.1,69.8,47.4,16.1,30.1,58.9,73.1,72.6,82.5,80,68.3,49,34.2,19.7,33.5,36.6,33.3,23.1,25.8,27.3,41.9,44.8,45.8,50.8,56.7,66.3,80.8,83.4,77.4,57.2,32.7,31,47.5,71,71.8,50.2,28.6,18.4,26.6,41.1,46.8,61.8,68.1,61.2,57.9,58.8,47.4,37.3,40.1,46.2,43.6,36.9,20.6,6.5,0,0,0,0,0,0,0,0,0,0,0,0,0,0,0,0,0,0,0,0,0,0,0,0,0,0,0,0,0,0,38.2,24.1,18.8,48.1,90.1,118.8,108.7,100.5,87.1,79.2,83.1,93.1,106.4,107.4,97.5,76.9,62.7,54,56.2,84.5,83.4,74.1,71.8,65.7,72.7,92.4,115.9,128.9,132,132.7,127.2,119.6,112.6,99.1,92.8,76.1,63.1,67.5,79.9,97,106.7,103.6,101.9,103.6,100.8,94.1,75.5,55.4,48.6,38.5,29.7,37.3,56.7,83,107,125.1,127.9,122.6,104.4,91.1,0,0,0,0,0,0,0,0,0,0,0,0,0,0,0,0,0,0,0,0,0,0,0,0,0,0,0,0,0,0,TT,O,,2022,3,3,4/23/2009,24.26202322,25.88437196,26.14267958,24.59283388,0,0,0,41,36,68.5,76.1,69.8,47.4,16.1,30.1,58.9,73.1,72.6,82.5,80,68.3,49,34.2,19.7,33.5,36.6,33.3,23.1,25.8,27.3,41.9,44.8,45.8,50.8,56.7,66.3,80.8,83.4,77.4,57.2,32.7,31,47.5,71,71.8,50.2,28.6,18.4,26.6,41.1,46.8,61.8,68.1,61.2,57.9,58.8,47.4,37.3,40.1,46.2,43.6,36.9,20.6,6.5,0,0,0,0,0,0,0,0,0,0,0,0,0,0,0,0,0,0,0,0,0,0,0,0,0,0,0,0,0,0,0,0,0,48.1,90.1,118.8,108.7,100.5,87.1,79.2,83.1,93.1,106.4,107.4,97.5,76.9,62.7,54,56.2,84.5,83.4,74.1,71.8,65.7,72.7,92.4,115.9,128.9,132,132.7,127.2,119.6,112.6,99.1,92.8,76.1,63.1,67.5,79.9,97,106.7,103.6,101.9,103.6,100.8,94.1,75.5,55.4,48.6,38.5,29.7,37.3,56.7,83,107,125.1,127.9,122.6,104.4,91.1,0,0,0,0,0,0,0,0,0,0,0,0,0,0,0,0,0,0,0,0,0,0,0,0,0,0,0,0,0,0,2760.1,5072.3,48.42280702,88.9877193,115,55,4,4
28,6,A,N,2,17.4,478,44,10,30,15,55,15,1.5,1,0,0,90,2206,17,17,111.1,79.1,50.7,49.3,64.2,54.3,47,42.8,45.8,54.4,76.3,90.4,94.1,82.6,66.2,49.8,21.3,0,0,0,0,0,0,0,0,0,0,0,0,0,0,0,0,0,0,0,0,0,0,0,0,0,0,0,0,0,0,0,0,0,0,0,0,0,0,0,0,0,0,0,0,0,0,0,0,0,0,0,0,0,0,0,0,0,0,0,0,0,0,0,0,0,0,0,0,0,0,0,0,0,55.7,45.9,69.5,107,127.7,127,129.6,128.4,123.9,117.7,107.2,99.3,85.6,65.7,55.1,54.5,70.9,0,0,0,0,0,0,0,0,0,0,0,0,0,0,0,0,0,0,0,0,0,0,0,0,0,0,0,0,0,0,0,0,0,0,0,0,0,0,0,0,0,0,0,0,0,0,0,0,0,0,0,0,0,0,0,0,0,0,0,0,0,0,0,0,0,0,0,0,0,0,0,0,0,TT,O,,2022,4,3,4/24/2009,27.47126437,25.88437196,26.14267958,24.59283388,0,0,0,49.3,64.2,54.3,47,42.8,45.8,54.4,76.3,90.4,94.1,82.6,66.2,49.8,21.3,0,0,0,0,0,0,0,0,0,0,0,0,0,0,0,0,0,0,0,0,0,0,0,0,0,0,0,0,0,0,0,0,0,0,0,0,0,0,0,0,0,0,0,0,0,0,0,0,0,0,0,0,0,0,0,0,0,0,0,0,0,0,0,0,0,0,0,0,0,0,0,0,0,0,0,0,107,127.7,127,129.6,128.4,123.9,117.7,107.2,99.3,85.6,65.7,55.1,54.5,70.9,0,0,0,0,0,0,0,0,0,0,0,0,0,0,0,0,0,0,0,0,0,0,0,0,0,0,0,0,0,0,0,0,0,0,0,0,0,0,0,0,0,0,0,0,0,0,0,0,0,0,0,0,0,0,0,0,0,0,0,0,0,0,0,0,0,0,0,0,0,0,0,0,0,838.5,1399.6,59.89285714,99.97142857,115,55,4,4
29,6,A,W,2,10.1,262,11,31,55,41,4,-48,1.5,1,1,0,90,2206,17,10,114.3,98.2,79,64.9,77.1,89,86.5,69.9,44.3,17.4,0,0,0,0,0,0,0,0,0,0,0,0,0,0,0,0,0,0,0,0,0,0,0,0,0,0,0,0,0,0,0,0,0,0,0,0,0,0,0,0,0,0,0,0,0,0,0,0,0,0,0,0,0,0,0,0,0,0,0,0,0,0,0,0,0,0,0,0,0,0,0,0,0,0,0,0,0,0,0,0,39.8,16.4,14,49,81.3,81.2,78.8,62.6,58.2,72,0,0,0,0,0,0,0,0,0,0,0,0,0,0,0,0,0,0,0,0,0,0,0,0,0,0,0,0,0,0,0,0,0,0,0,0,0,0,0,0,0,0,0,0,0,0,0,0,0,0,0,0,0,0,0,0,0,0,0,0,0,0,0,0,0,0,0,0,0,0,0,0,0,0,0,0,0,0,0,0,TT,O,,2022,5,3,4/24/2009,25.94059406,25.88437196,26.14267958,24.59283388,0,0,0,64.9,77.1,89,86.5,69.9,44.3,17.4,0,0,0,0,0,0,0,0,0,0,0,0,0,0,0,0,0,0,0,0,0,0,0,0,0,0,0,0,0,0,0,0,0,0,0,0,0,0,0,0,0,0,0,0,0,0,0,0,0,0,0,0,0,0,0,0,0,0,0,0,0,0,0,0,0,0,0,0,0,0,0,0,0,0,0,0,0,0,0,0,0,0,0,49,81.3,81.2,78.8,62.6,58.2,72,0,0,0,0,0,0,0,0,0,0,0,0,0,0,0,0,0,0,0,0,0,0,0,0,0,0,0,0,0,0,0,0,0,0,0,0,0,0,0,0,0,0,0,0,0,0,0,0,0,0,0,0,0,0,0,0,0,0,0,0,0,0,0,0,0,0,0,0,0,0,0,0,0,0,0,0,0,0,0,0,449.1,483.1,64.15714286,69.01428571,115,55,4,4
30,6,A,S,2,30.7,755,34,14,50,30,20,26,1.5,2,0,0,90,2206,17,30,52.9,31.8,12.2,30.4,43.3,58.4,75.9,89.4,80.9,53.9,26.2,9.3,32,54.2,60.9,57.1,39.2,27.7,35.6,50.7,60,67.7,75.9,69.3,63.9,73.8,93.4,100.9,105.5,93.1,0,0,0,0,0,0,0,0,0,0,0,0,0,0,0,0,0,0,0,0,0,0,0,0,0,0,0,0,0,0,0,0,0,0,0,0,0,0,0,0,0,0,0,0,0,0,0,0,0,0,0,0,0,0,0,0,0,0,0,0,112.7,101.7,83.9,56.4,44.5,44.1,64.2,88,100.5,100,96.4,89.4,81.2,71.4,66.6,61.4,56.2,62,83.1,107.6,116.6,110.7,98.4,76.9,51.6,26.1,21.8,25.2,38.7,45.8,0,0,0,0,0,0,0,0,0,0,0,0,0,0,0,0,0,0,0,0,0,0,0,0,0,0,0,0,0,0,0,0,0,0,0,0,0,0,0,0,0,0,0,0,0,0,0,0,0,0,0,0,0,0,0,0,0,0,0,0,FS,O,,2022,6,3,4/24/2009,24.59283388,25.88437196,26.14267958,24.59283388,0,31.8,12.2,30.4,43.3,58.4,75.9,89.4,80.9,53.9,26.2,9.3,32,54.2,60.9,57.1,39.2,27.7,35.6,50.7,60,67.7,75.9,69.3,63.9,73.8,93.4,100.9,105.5,93.1,0,0,0,0,0,0,0,0,0,0,0,0,0,0,0,0,0,0,0,0,0,0,0,0,0,0,0,0,0,0,0,0,0,0,0,0,0,0,0,0,0,0,0,0,0,0,0,0,0,0,0,0,0,0,0,0,0,0,0,0,0,101.7,83.9,56.4,44.5,44.1,64.2,88,100.5,100,96.4,89.4,81.2,71.4,66.6,61.4,56.2,62,83.1,107.6,116.6,110.7,98.4,76.9,51.6,26.1,21.8,25.2,38.7,45.8,0,0,0,0,0,0,0,0,0,0,0,0,0,0,0,0,0,0,0,0,0,0,0,0,0,0,0,0,0,0,0,0,0,0,0,0,0,0,0,0,0,0,0,0,0,0,0,0,0,0,0,0,0,0,0,0,0,0,0,0,1672.6,2070.4,57.67586207,71.39310345,55,115,2,2
31,5,A,S,2,3.2,67,100,0,35,32,33,26,1.5,1,0,0,90,2206,18,3,55.5,32.2,6.7,0,0,0,0,0,0,0,0,0,0,0,0,0,0,0,0,0,0,0,0,0,0,0,0,0,0,0,0,0,0,0,0,0,0,0,0,0,0,0,0,0,0,0,0,0,0,0,0,0,0,0,0,0,0,0,0,0,0,0,0,0,0,0,0,0,0,0,0,0,0,0,0,0,0,0,0,0,0,0,0,0,0,0,0,0,0,0,115.2,104,89.7,0,0,0,0,0,0,0,0,0,0,0,0,0,0,0,0,0,0,0,0,0,0,0,0,0,0,0,0,0,0,0,0,0,0,0,0,0,0,0,0,0,0,0,0,0,0,0,0,0,0,0,0,0,0,0,0,0,0,0,0,0,0,0,0,0,0,0,0,0,0,0,0,0,0,0,0,0,0,0,0,0,0,0,0,0,0,0,TT,O,,2022,1,3,4/23/2009,20.9375,23.83834289,24.27376392,21.66123779,0,32.2,6.7,0,0,0,0,0,0,0,0,0,0,0,0,0,0,0,0,0,0,0,0,0,0,0,0,0,0,0,0,0,0,0,0,0,0,0,0,0,0,0,0,0,0,0,0,0,0,0,0,0,0,0,0,0,0,0,0,0,0,0,0,0,0,0,0,0,0,0,0,0,0,0,0,0,0,0,0,0,0,0,0,0,0,0,0,0,0,0,0,104,89.7,0,0,0,0,0,0,0,0,0,0,0,0,0,0,0,0,0,0,0,0,0,0,0,0,0,0,0,0,0,0,0,0,0,0,0,0,0,0,0,0,0,0,0,0,0,0,0,0,0,0,0,0,0,0,0,0,0,0,0,0,0,0,0,0,0,0,0,0,0,0,0,0,0,0,0,0,0,0,0,0,0,0,0,0,0,0,0,38.9,193.7,19.45,96.85,55,115,2,2
32,5,A,E,2,28.1,765,17,36,21,66,13,53,1.5,1,1,0,90,2206,18,28,65.4,60.1,63.4,78.3,94.3,101,98.3,92,83.7,64.6,40.5,26.3,30,39.9,58.3,73.9,85,87.8,92.8,105.6,123.9,124,121.9,109.4,87.4,59.4,27.8,9.7,0,0,0,0,0,0,0,0,0,0,0,0,0,0,0,0,0,0,0,0,0,0,0,0,0,0,0,0,0,0,0,0,0,0,0,0,0,0,0,0,0,0,0,0,0,0,0,0,0,0,0,0,0,0,0,0,0,0,0,0,0,0,112.4,88.7,58.1,27.2,11,17,31.5,52.1,72.6,87.4,103,110.4,111.8,103.6,94.9,84.1,75.4,64,40.9,28.5,37.9,37.7,39.5,37.6,40.3,54.7,79.5,95.6,0,0,0,0,0,0,0,0,0,0,0,0,0,0,0,0,0,0,0,0,0,0,0,0,0,0,0,0,0,0,0,0,0,0,0,0,0,0,0,0,0,0,0,0,0,0,0,0,0,0,0,0,0,0,0,0,0,0,0,0,0,0,TT,O,,2022,2,3,4/23/2009,27.22419929,23.83834289,24.27376392,21.66123779,0,60.1,63.4,78.3,94.3,101,98.3,92,83.7,64.6,40.5,26.3,30,39.9,58.3,73.9,85,87.8,92.8,105.6,123.9,124,121.9,109.4,87.4,59.4,27.8,9.7,0,0,0,0,0,0,0,0,0,0,0,0,0,0,0,0,0,0,0,0,0,0,0,0,0,0,0,0,0,0,0,0,0,0,0,0,0,0,0,0,0,0,0,0,0,0,0,0,0,0,0,0,0,0,0,0,0,0,0,0,0,0,0,88.7,58.1,27.2,11,17,31.5,52.1,72.6,87.4,103,110.4,111.8,103.6,94.9,84.1,75.4,64,40.9,28.5,37.9,37.7,39.5,37.6,40.3,54.7,79.5,95.6,0,0,0,0,0,0,0,0,0,0,0,0,0,0,0,0,0,0,0,0,0,0,0,0,0,0,0,0,0,0,0,0,0,0,0,0,0,0,0,0,0,0,0,0,0,0,0,0,0,0,0,0,0,0,0,0,0,0,0,0,0,0,2039.3,1685,75.52962963,62.40740741,55,115,2,2
33,5,A,W,2,15.2,380,52,20,23,56,21,-35,1.5,1,1,0,90,2206,18,15,107.5,91,83.4,85.8,87.5,82,66.2,44,29.1,30.9,37.6,49.3,40.9,22.7,6.6,0,0,0,0,0,0,0,0,0,0,0,0,0,0,0,0,0,0,0,0,0,0,0,0,0,0,0,0,0,0,0,0,0,0,0,0,0,0,0,0,0,0,0,0,0,0,0,0,0,0,0,0,0,0,0,0,0,0,0,0,0,0,0,0,0,0,0,0,0,0,0,0,0,0,0,40.4,11.2,24.1,54.1,73.2,94.4,105.8,108.8,112.3,113.4,109.8,116.6,117.1,102.7,87.8,0,0,0,0,0,0,0,0,0,0,0,0,0,0,0,0,0,0,0,0,0,0,0,0,0,0,0,0,0,0,0,0,0,0,0,0,0,0,0,0,0,0,0,0,0,0,0,0,0,0,0,0,0,0,0,0,0,0,0,0,0,0,0,0,0,0,0,0,0,0,0,0,0,0,0,TT,O,,2022,3,3,4/23/2009,25,23.83834289,24.27376392,21.66123779,0,0,0,0,87.5,82,66.2,44,29.1,30.9,37.6,49.3,40.9,22.7,6.6,0,0,0,0,0,0,0,0,0,0,0,0,0,0,0,0,0,0,0,0,0,0,0,0,0,0,0,0,0,0,0,0,0,0,0,0,0,0,0,0,0,0,0,0,0,0,0,0,0,0,0,0,0,0,0,0,0,0,0,0,0,0,0,0,0,0,0,0,0,0,0,0,0,0,0,0,0,0,0,73.2,94.4,105.8,108.8,112.3,113.4,109.8,116.6,117.1,102.7,87.8,0,0,0,0,0,0,0,0,0,0,0,0,0,0,0,0,0,0,0,0,0,0,0,0,0,0,0,0,0,0,0,0,0,0,0,0,0,0,0,0,0,0,0,0,0,0,0,0,0,0,0,0,0,0,0,0,0,0,0,0,0,0,0,0,0,0,0,0,0,0,0,0,0,0,0,496.8,1141.9,45.16363636,103.8090909,115,55,5,5
31,6,A,N,2,27.3,714,21,29,13,62,25,55,1.5,1,0,0,90,2206,18,27,115.3,110.5,107.4,103.5,90.8,75.1,61.8,49.8,31.2,17.2,23.1,39.7,55,76.4,99.1,108.4,108.6,105.4,98.3,96.8,102.1,110,105.1,93.9,67.6,35,10.6,0,0,0,0,0,0,0,0,0,0,0,0,0,0,0,0,0,0,0,0,0,0,0,0,0,0,0,0,0,0,0,0,0,0,0,0,0,0,0,0,0,0,0,0,0,0,0,0,0,0,0,0,0,0,0,0,0,0,0,0,0,0,0,59,42.5,23.6,23,36,57.7,76.8,91.1,102.3,101.6,100.9,98.5,89.3,85.3,87.5,76.8,70.5,53.8,28.9,13.2,36.6,64.5,78.3,87.4,90.6,91.1,86.4,0,0,0,0,0,0,0,0,0,0,0,0,0,0,0,0,0,0,0,0,0,0,0,0,0,0,0,0,0,0,0,0,0,0,0,0,0,0,0,0,0,0,0,0,0,0,0,0,0,0,0,0,0,0,0,0,0,0,0,0,0,0,0,TT,O,,2022,4,3,4/24/2009,26.15384615,23.83834289,24.27376392,21.66123779,0,0,0,0,90.8,75.1,61.8,49.8,31.2,17.2,23.1,39.7,55,76.4,99.1,108.4,108.6,105.4,98.3,96.8,102.1,110,105.1,93.9,67.6,35,10.6,0,0,0,0,0,0,0,0,0,0,0,0,0,0,0,0,0,0,0,0,0,0,0,0,0,0,0,0,0,0,0,0,0,0,0,0,0,0,0,0,0,0,0,0,0,0,0,0,0,0,0,0,0,0,0,0,0,0,0,0,0,0,0,0,0,0,0,36,57.7,76.8,91.1,102.3,101.6,100.9,98.5,89.3,85.3,87.5,76.8,70.5,53.8,28.9,13.2,36.6,64.5,78.3,87.4,90.6,91.1,86.4,0,0,0,0,0,0,0,0,0,0,0,0,0,0,0,0,0,0,0,0,0,0,0,0,0,0,0,0,0,0,0,0,0,0,0,0,0,0,0,0,0,0,0,0,0,0,0,0,0,0,0,0,0,0,0,0,0,0,0,0,0,0,0,1661,1705.1,72.2173913,74.13478261,115,55,5,5
32,6,A,W,2,90.1,1987,38,20,29,46,25,-51,1.5,2,2,0,90,2206,18,90,106.4,93.1,86.3,82.5,67.7,48,27.7,19,37.3,55.2,65.2,63.7,43.4,33,40,59.9,87.1,115.2,125.7,119.6,110.3,88.2,58.7,24.9,12.1,25.5,30.9,36.1,33.8,29.7,30.2,24.1,23.3,36.1,52.6,74,84.2,96.2,109.1,112.2,104.5,103.5,84.7,52.1,27.9,30.5,54.3,74.9,78,83.6,81.4,77.4,71.5,61.4,47.9,29.3,14.8,25.6,42.2,41.9,32.7,34.4,44,54.8,70.5,70.4,66,59.6,46.9,33.9,30.1,42,55.7,55.3,58.2,61.4,72.7,85.3,99.4,104.4,100.4,99.2,96.5,91.9,83,80.9,66.7,44.1,21.8,24.3,32.8,10.8,27.7,44.5,67.8,86.5,98.8,103.5,104.1,100,102.6,105.6,98.8,80,55.7,28.1,10.8,31.3,40.4,33.8,24.9,17,33.4,62.5,88,100.5,109.9,117.3,109.9,95.8,88.2,77.7,65.3,68,84.5,85.1,74.6,70.9,74.9,73.3,67.9,69.1,67.2,58.8,61.4,77,96.9,114.1,115.3,107.5,92.1,78.3,56.4,38.8,39.2,62,85.3,108.7,127.8,128.1,117.1,107.4,105,114.3,129.1,127.4,124.6,121.6,117.7,116.3,115.5,118.3,118.4,115.6,107,90.3,73.2,54.1,40.2,30.1,15.8,21.1,36.7,48.2,68.1,84.5,89.8,91.8,96.3,110.4,TT,O,,2022,5,3,4/24/2009,22.05327414,23.83834289,24.27376392,21.66123779,0,0,0,0,67.7,48,27.7,19,37.3,55.2,65.2,63.7,43.4,33,40,59.9,87.1,115.2,125.7,119.6,110.3,88.2,58.7,24.9,12.1,25.5,30.9,36.1,33.8,29.7,30.2,24.1,23.3,36.1,52.6,74,84.2,96.2,109.1,112.2,104.5,103.5,84.7,52.1,27.9,30.5,54.3,74.9,78,83.6,81.4,77.4,71.5,61.4,47.9,29.3,14.8,25.6,42.2,41.9,32.7,34.4,44,54.8,70.5,70.4,66,59.6,46.9,33.9,30.1,42,55.7,55.3,58.2,61.4,72.7,85.3,99.4,104.4,100.4,99.2,96.5,91.9,83,80.9,66.7,44.1,21.8,24.3,0,0,0,0,67.8,86.5,98.8,103.5,104.1,100,102.6,105.6,98.8,80,55.7,28.1,10.8,31.3,40.4,33.8,24.9,17,33.4,62.5,88,100.5,109.9,117.3,109.9,95.8,88.2,77.7,65.3,68,84.5,85.1,74.6,70.9,74.9,73.3,67.9,69.1,67.2,58.8,61.4,77,96.9,114.1,115.3,107.5,92.1,78.3,56.4,38.8,39.2,62,85.3,108.7,127.8,128.1,117.1,107.4,105,114.3,129.1,127.4,124.6,121.6,117.7,116.3,115.5,118.3,118.4,115.6,107,90.3,73.2,54.1,40.2,30.1,15.8,21.1,36.7,48.2,68.1,84.5,89.8,91.8,96.3,110.4,5173.8,7027.3,60.16046512,81.7127907,115,55,5,5
33,6,A,S,2,30.7,665,66,4,64,24,12,32,1.5,6,0,0,90,2206,18,30,40.9,10.5,20.9,38.8,42.1,38.8,20.8,18.2,46.5,63.3,57.5,38,21.8,9.4,25,43,47.5,43.5,26.9,17.5,11.5,7,21.8,30.6,20.2,9.1,12.9,31.5,42.5,71,0,0,0,0,0,0,0,0,0,0,0,0,0,0,0,0,0,0,0,0,0,0,0,0,0,0,0,0,0,0,0,0,0,0,0,0,0,0,0,0,0,0,0,0,0,0,0,0,0,0,0,0,0,0,0,0,0,0,0,0,112,94,79,63.9,63.1,62.5,69.1,87.6,101.8,110.3,112.9,106.4,93.4,81.3,65.3,47.9,43.9,43.4,60.1,74.1,91.6,90.6,96.6,115,106.9,95.2,89.6,76.5,74.5,84.8,0,0,0,0,0,0,0,0,0,0,0,0,0,0,0,0,0,0,0,0,0,0,0,0,0,0,0,0,0,0,0,0,0,0,0,0,0,0,0,0,0,0,0,0,0,0,0,0,0,0,0,0,0,0,0,0,0,0,0,0,FS,O,,2022,6,3,4/24/2009,21.66123779,23.83834289,24.27376392,21.66123779,0,0,20.9,38.8,42.1,38.8,20.8,18.2,46.5,63.3,57.5,38,21.8,9.4,25,43,47.5,43.5,26.9,17.5,11.5,7,21.8,30.6,20.2,9.1,12.9,31.5,42.5,71,0,0,0,0,0,0,0,0,0,0,0,0,0,0,0,0,0,0,0,0,0,0,0,0,0,0,0,0,0,0,0,0,0,0,0,0,0,0,0,0,0,0,0,0,0,0,0,0,0,0,0,0,0,0,0,0,0,0,0,0,0,0,79,63.9,63.1,62.5,69.1,87.6,101.8,110.3,112.9,106.4,93.4,81.3,65.3,47.9,43.9,43.4,60.1,74.1,91.6,90.6,96.6,115,106.9,95.2,89.6,76.5,74.5,84.8,0,0,0,0,0,0,0,0,0,0,0,0,0,0,0,0,0,0,0,0,0,0,0,0,0,0,0,0,0,0,0,0,0,0,0,0,0,0,0,0,0,0,0,0,0,0,0,0,0,0,0,0,0,0,0,0,0,0,0,0,877.6,2287.3,31.34285714,81.68928571,55,115,3,3
34,5,A,S,2,90.1,2675,33,22,20,62,18,31,1.5,0,2,0,90,2206,19,90,33.4,31.4,65,87.4,101.4,107.4,109,104.8,98.2,81.4,57.1,34.9,36.5,49.5,55.4,67.9,85.6,99.4,104.3,103.6,102.7,101.2,91.3,78,56.6,38,39.9,48.8,60.5,69.9,79,84.1,91,96.9,99.3,86.8,78,76.9,74.1,55.5,40.9,42.1,46.9,52.4,61.8,69.5,76.7,79.7,83.5,89,84.3,66.9,59.9,62.4,42.5,24.3,16.2,31.7,42.1,47,56.3,66.2,69,64.9,69,85.7,96.9,96.1,81.7,57.2,32.8,29.8,34.3,40.9,36.7,30.1,35.4,64.6,83.8,88.2,89.4,92.5,86.1,73.9,60.9,47.6,33.3,37.5,32.3,38.2,110.5,106.7,103,85.4,63.8,44.4,24.8,35.8,63,83.1,101,115.3,121.5,122.9,109.5,93.2,75.5,59.9,47.9,23.5,23.5,45.1,62.1,81.4,92.9,109.2,125.8,125.9,119,104.2,86.1,63.4,39.3,23.7,14.5,26,56.6,86.1,106.1,112.1,115.7,127.5,129.3,120.1,107.8,91.7,73.9,54.6,32.5,10.3,17.6,41.9,72.4,97.3,108.1,102.1,100.3,109.3,111.9,104.1,93.6,78.4,70.9,48.6,21,20.3,44.9,64.1,71.8,80.1,100.3,115.9,114.4,108.9,95.8,77.6,53.5,30.4,9.1,12.1,34.5,45.1,61.5,78,94.2,105.8,109,122.2,118.1,107.6,TT,O,,2022,1,3,4/23/2009,29.68923418,29.87314123,29.70397863,30.71895425,0,31.4,65,87.4,101.4,107.4,109,104.8,98.2,81.4,57.1,34.9,36.5,49.5,55.4,67.9,85.6,99.4,104.3,103.6,102.7,101.2,91.3,78,56.6,38,39.9,48.8,60.5,69.9,79,84.1,91,96.9,99.3,86.8,78,76.9,74.1,55.5,40.9,42.1,46.9,52.4,61.8,69.5,76.7,79.7,83.5,89,84.3,66.9,59.9,62.4,42.5,24.3,16.2,31.7,42.1,47,56.3,66.2,69,64.9,69,85.7,96.9,96.1,81.7,57.2,32.8,29.8,34.3,40.9,36.7,30.1,35.4,64.6,83.8,88.2,89.4,92.5,86.1,73.9,60.9,47.6,33.3,37.5,32.3,38.2,0,106.7,103,85.4,63.8,44.4,24.8,35.8,63,83.1,101,115.3,121.5,122.9,109.5,93.2,75.5,59.9,47.9,23.5,23.5,45.1,62.1,81.4,92.9,109.2,125.8,125.9,119,104.2,86.1,63.4,39.3,23.7,14.5,26,56.6,86.1,106.1,112.1,115.7,127.5,129.3,120.1,107.8,91.7,73.9,54.6,32.5,10.3,17.6,41.9,72.4,97.3,108.1,102.1,100.3,109.3,111.9,104.1,93.6,78.4,70.9,48.6,21,20.3,44.9,64.1,71.8,80.1,100.3,115.9,114.4,108.9,95.8,77.6,53.5,30.4,9.1,12.1,34.5,45.1,61.5,78,94.2,105.8,109,122.2,118.1,107.6,5919.8,6899.3,66.51460674,77.52022472,55,115,2,2
35,5,A,E,2,50.5,1416,26,21,32,53,15,83,1.5,0,1,0,90,2206,19,50,69.7,75.9,87.3,95.7,101.6,97.1,85.1,72.3,49.9,35.5,36.5,45.5,59.1,75.7,88.1,90.4,84.5,80.6,78.5,71.9,63.3,46.2,32.4,21.9,16.3,30,54.5,79.1,88.4,86.9,71.9,54.9,47.5,53.5,61.3,51.6,40.9,38.5,43.9,50.5,60.4,74.4,87.5,97.9,102.4,99.8,85.8,67,46.5,26,0,0,0,0,0,0,0,0,0,0,0,0,0,0,0,0,0,0,0,0,0,0,0,0,0,0,0,0,0,0,0,0,0,0,0,0,0,0,0,0,106.4,79,48.8,27.5,18,38.4,64.2,90.2,109,118.5,119.6,111.5,97.7,80.8,64.5,54.2,31.1,10.1,30.3,58.1,80.8,101.9,113.7,108.3,96,83.5,76.8,71.7,68.6,61.6,47,36.4,47.8,72.2,95.3,114.6,122.5,124.5,122.4,113,100.4,85.6,68.7,55.9,47,29.8,21.1,34.9,60.6,84.6,0,0,0,0,0,0,0,0,0,0,0,0,0,0,0,0,0,0,0,0,0,0,0,0,0,0,0,0,0,0,0,0,0,0,0,0,0,0,0,0,TT,O,,2022,2,3,4/23/2009,28.03960396,29.87314123,29.70397863,30.71895425,0,75.9,87.3,95.7,101.6,97.1,85.1,72.3,49.9,35.5,36.5,45.5,59.1,75.7,88.1,90.4,84.5,80.6,78.5,71.9,63.3,46.2,32.4,21.9,16.3,30,54.5,79.1,88.4,86.9,71.9,54.9,47.5,53.5,61.3,51.6,40.9,38.5,43.9,50.5,60.4,74.4,87.5,97.9,102.4,99.8,85.8,67,46.5,26,0,0,0,0,0,0,0,0,0,0,0,0,0,0,0,0,0,0,0,0,0,0,0,0,0,0,0,0,0,0,0,0,0,0,0,0,0,0,0,0,0,79,48.8,27.5,18,38.4,64.2,90.2,109,118.5,119.6,111.5,97.7,80.8,64.5,54.2,31.1,10.1,30.3,58.1,80.8,101.9,113.7,108.3,96,83.5,76.8,71.7,68.6,61.6,47,36.4,47.8,72.2,95.3,114.6,122.5,124.5,122.4,113,100.4,85.6,68.7,55.9,47,29.8,21.1,34.9,60.6,84.6,0,0,0,0,0,0,0,0,0,0,0,0,0,0,0,0,0,0,0,0,0,0,0,0,0,0,0,0,0,0,0,0,0,0,0,0,0,0,0,0,3192.4,3598.7,65.15102041,73.44285714,55,115,2,2
36,5,A,W,2,90.1,2514,25,20,14,55,31,55,1.5,0,1,0,90,2206,19,90,111,95.4,70.8,41.2,31.3,44.2,60.1,71.4,84.2,97,102.1,104,106.5,105.4,103.7,102.8,95,81.2,61.6,45,37.1,41.7,54.8,67.6,70.4,73.9,79.8,90.7,97.6,104.5,102.4,86.8,64.3,49.6,50.4,37.6,30.6,33.6,47.5,63.8,76.5,88,98.1,103.6,108.1,109.6,101.6,85.6,72,68.1,64.2,44.9,36.9,38.3,48.2,62.6,75.1,78.3,79.2,67.7,57.2,58.2,70.7,87.4,88.1,73.9,47.1,35.4,39.1,50.5,63.9,72.8,81.9,91.9,99.9,102.6,98.6,88.9,83.1,80.7,76.3,60,37.9,24.5,28.2,45,65.5,76.5,79.8,77.9,57.1,66.1,78.4,98,115.7,122.2,117.5,103,84.8,67.8,58.7,40.4,24.6,22.6,39.4,62.4,79.1,92.2,105.5,114.2,121.4,126,127.8,123.7,104.9,84.2,60.7,39.1,30.1,20.4,22.1,25.3,43.9,71.5,99.9,116,116.3,115.4,113.5,106.9,93.7,78.1,63.7,53.5,41.7,27.5,17.5,26.1,52.3,82.9,101.7,116,121.5,122.7,121,117,107.2,91.4,84.8,65.8,43.8,30.8,43.6,67.5,86.2,94.7,105.8,116.9,124.4,126.2,122.4,110.1,95,77.5,64,54.4,31.3,7.8,25.3,54.7,78.4,88.5,103.6,110.1,107.6,104.6,100.2,86.2,77.8,63,TT,O,,2022,3,3,4/23/2009,27.90233074,29.87314123,29.70397863,30.71895425,0,0,0,41.2,31.3,44.2,60.1,71.4,84.2,97,102.1,104,106.5,105.4,103.7,102.8,95,81.2,61.6,45,37.1,41.7,54.8,67.6,70.4,73.9,79.8,90.7,97.6,104.5,102.4,86.8,64.3,49.6,50.4,37.6,30.6,33.6,47.5,63.8,76.5,88,98.1,103.6,108.1,109.6,101.6,85.6,72,68.1,64.2,44.9,36.9,38.3,48.2,62.6,75.1,78.3,79.2,67.7,57.2,58.2,70.7,87.4,88.1,73.9,47.1,35.4,39.1,50.5,63.9,72.8,81.9,91.9,99.9,102.6,98.6,88.9,83.1,80.7,76.3,60,37.9,24.5,28.2,45,65.5,76.5,79.8,77.9,0,0,0,98,115.7,122.2,117.5,103,84.8,67.8,58.7,40.4,24.6,22.6,39.4,62.4,79.1,92.2,105.5,114.2,121.4,126,127.8,123.7,104.9,84.2,60.7,39.1,30.1,20.4,22.1,25.3,43.9,71.5,99.9,116,116.3,115.4,113.5,106.9,93.7,78.1,63.7,53.5,41.7,27.5,17.5,26.1,52.3,82.9,101.7,116,121.5,122.7,121,117,107.2,91.4,84.8,65.8,43.8,30.8,43.6,67.5,86.2,94.7,105.8,116.9,124.4,126.2,122.4,110.1,95,77.5,64,54.4,31.3,7.8,25.3,54.7,78.4,88.5,103.6,110.1,107.6,104.6,100.2,86.2,77.8,63,6171.5,7005.7,70.93678161,80.52528736,115,55,4,4
34,6,A,N,2,33.6,1119,22,34,28,61,11,46,1.5,0,3,0,90,2206,19,33,109.6,98.8,84.3,73.9,64.3,41.2,33.6,46,64.9,81.6,94.6,103.1,107.1,100.7,95.4,84.1,61.9,30.9,24.6,33.2,50.4,65.7,72.5,73.5,69.8,95.5,95.3,89.7,88.2,78.3,67.8,50.6,31.2,0,0,0,0,0,0,0,0,0,0,0,0,0,0,0,0,0,0,0,0,0,0,0,0,0,0,0,0,0,0,0,0,0,0,0,0,0,0,0,0,0,0,0,0,0,0,0,0,0,0,0,0,0,0,0,0,0,57.5,21.2,29,72.2,103.3,119,118.7,115,104.3,86.5,65.3,47.9,29.4,18.2,39.6,63.2,82.3,99.5,109.4,103.1,91.5,72.3,58.2,36.2,22.1,26,12.7,14,26.3,49.9,75.5,89.8,99.7,0,0,0,0,0,0,0,0,0,0,0,0,0,0,0,0,0,0,0,0,0,0,0,0,0,0,0,0,0,0,0,0,0,0,0,0,0,0,0,0,0,0,0,0,0,0,0,0,0,0,0,0,0,0,0,0,0,TT,O,,2022,4,3,4/24/2009,33.30357143,29.87314123,29.70397863,30.71895425,0,0,0,73.9,64.3,41.2,33.6,46,64.9,81.6,94.6,103.1,107.1,100.7,95.4,84.1,61.9,30.9,24.6,33.2,50.4,65.7,72.5,73.5,69.8,95.5,95.3,89.7,88.2,78.3,67.8,50.6,31.2,0,0,0,0,0,0,0,0,0,0,0,0,0,0,0,0,0,0,0,0,0,0,0,0,0,0,0,0,0,0,0,0,0,0,0,0,0,0,0,0,0,0,0,0,0,0,0,0,0,0,0,0,0,0,0,0,0,0,0,0,72.2,103.3,119,118.7,115,104.3,86.5,65.3,47.9,29.4,18.2,39.6,63.2,82.3,99.5,109.4,103.1,91.5,72.3,58.2,36.2,22.1,26,12.7,14,26.3,49.9,75.5,89.8,99.7,0,0,0,0,0,0,0,0,0,0,0,0,0,0,0,0,0,0,0,0,0,0,0,0,0,0,0,0,0,0,0,0,0,0,0,0,0,0,0,0,0,0,0,0,0,0,0,0,0,0,0,0,0,0,0,0,0,2069.6,2051.1,68.98666667,68.37,115,55,4,4
35,6,A,W,2,45.8,1355,25,20,23,52,25,53,1.5,0,0,0,90,2206,19,45,110.2,87.7,54,24,40.9,59.3,74,87.5,100.9,109.3,114.3,115.2,114.4,104.3,90.5,75,56.2,39.5,38.4,44.6,57.7,74.9,89.8,98,101.8,103.9,108.8,112.5,111,99.5,76.9,49.4,25.5,28,45,47.9,45.4,48.7,65.1,84.9,89.6,87.9,74.9,53.9,34,0,0,0,0,0,0,0,0,0,0,0,0,0,0,0,0,0,0,0,0,0,0,0,0,0,0,0,0,0,0,0,0,0,0,0,0,0,0,0,0,0,0,0,0,0,53.6,59.9,73.3,101.6,120.1,118.2,105.6,86.2,66.9,54.1,39.4,29.7,38.2,49.9,67.6,86.1,104.1,118.6,124.3,121.6,114.9,106.5,94.7,79.2,65.3,49.3,30.6,27.3,38.5,49,54.8,66.7,87.7,113.6,122.4,112.9,95.1,70.6,43.7,43.6,47,53.8,62.2,71.3,88.3,0,0,0,0,0,0,0,0,0,0,0,0,0,0,0,0,0,0,0,0,0,0,0,0,0,0,0,0,0,0,0,0,0,0,0,0,0,0,0,0,0,0,0,0,0,TT,O,,2022,5,3,4/24/2009,29.58515284,29.87314123,29.70397863,30.71895425,0,0,0,24,40.9,59.3,74,87.5,100.9,109.3,114.3,115.2,114.4,104.3,90.5,75,56.2,39.5,38.4,44.6,57.7,74.9,89.8,98,101.8,103.9,108.8,112.5,111,99.5,76.9,49.4,25.5,28,45,47.9,45.4,48.7,65.1,84.9,89.6,87.9,74.9,53.9,34,0,0,0,0,0,0,0,0,0,0,0,0,0,0,0,0,0,0,0,0,0,0,0,0,0,0,0,0,0,0,0,0,0,0,0,0,0,0,0,0,0,0,0,0,0,0,0,0,101.6,120.1,118.2,105.6,86.2,66.9,54.1,39.4,29.7,38.2,49.9,67.6,86.1,104.1,118.6,124.3,121.6,114.9,106.5,94.7,79.2,65.3,49.3,30.6,27.3,38.5,49,54.8,66.7,87.7,113.6,122.4,112.9,95.1,70.6,43.7,43.6,47,53.8,62.2,71.3,88.3,0,0,0,0,0,0,0,0,0,0,0,0,0,0,0,0,0,0,0,0,0,0,0,0,0,0,0,0,0,0,0,0,0,0,0,0,0,0,0,0,0,0,0,0,0,3103.3,3221.2,73.88809524,76.6952381,115,55,4,4
36,6,A,S,2,30.6,940,32,27,10,65,25,31,1.5,0,0,0,90,2206,19,30,37,25,48.5,74.6,94.1,105.5,109.3,114.2,115.8,108.7,97,83.6,73.8,51.5,40,39.5,49.5,56.9,64.1,73.9,87.1,97,102.3,102.4,89.7,69.3,48.2,37.1,31.8,27.4,0,0,0,0,0,0,0,0,0,0,0,0,0,0,0,0,0,0,0,0,0,0,0,0,0,0,0,0,0,0,0,0,0,0,0,0,0,0,0,0,0,0,0,0,0,0,0,0,0,0,0,0,0,0,0,0,0,0,0,0,112.1,108.2,107.2,100.8,87.3,70.1,54.8,37.2,30.3,36.5,54,76.1,97.9,114.4,122,124.7,124.3,113.7,97.6,76.5,55.7,43.2,31.1,16.9,16.1,34.3,61.3,93.7,114.5,113.4,0,0,0,0,0,0,0,0,0,0,0,0,0,0,0,0,0,0,0,0,0,0,0,0,0,0,0,0,0,0,0,0,0,0,0,0,0,0,0,0,0,0,0,0,0,0,0,0,0,0,0,0,0,0,0,0,0,0,0,0,FS,O,,2022,6,3,4/24/2009,30.71895425,29.87314123,29.70397863,30.71895425,0,25,48.5,74.6,94.1,105.5,109.3,114.2,115.8,108.7,97,83.6,73.8,51.5,40,39.5,49.5,56.9,64.1,73.9,87.1,97,102.3,102.4,89.7,69.3,48.2,37.1,31.8,27.4,0,0,0,0,0,0,0,0,0,0,0,0,0,0,0,0,0,0,0,0,0,0,0,0,0,0,0,0,0,0,0,0,0,0,0,0,0,0,0,0,0,0,0,0,0,0,0,0,0,0,0,0,0,0,0,0,0,0,0,0,0,108.2,107.2,100.8,87.3,70.1,54.8,37.2,30.3,36.5,54,76.1,97.9,114.4,122,124.7,124.3,113.7,97.6,76.5,55.7,43.2,31.1,16.9,16.1,34.3,61.3,93.7,114.5,113.4,0,0,0,0,0,0,0,0,0,0,0,0,0,0,0,0,0,0,0,0,0,0,0,0,0,0,0,0,0,0,0,0,0,0,0,0,0,0,0,0,0,0,0,0,0,0,0,0,0,0,0,0,0,0,0,0,0,0,0,0,2117.8,2213.8,73.02758621,76.33793103,55,115,2,2
1,7,A,W,2,6.2,165,29,47,72,26,2,-32,1.5,1,0,0,90,2206,2,6,109.6,86.2,58.5,37.8,33.3,18.2,0,0,0,0,0,0,0,0,0,0,0,0,0,0,0,0,0,0,0,0,0,0,0,0,0,0,0,0,0,0,0,0,0,0,0,0,0,0,0,0,0,0,0,0,0,0,0,0,0,0,0,0,0,0,0,0,0,0,0,0,0,0,0,0,0,0,0,0,0,0,0,0,0,0,0,0,0,0,0,0,0,0,0,0,38,18.2,29,58.1,88.4,91.2,0,0,0,0,0,0,0,0,0,0,0,0,0,0,0,0,0,0,0,0,0,0,0,0,0,0,0,0,0,0,0,0,0,0,0,0,0,0,0,0,0,0,0,0,0,0,0,0,0,0,0,0,0,0,0,0,0,0,0,0,0,0,0,0,0,0,0,0,0,0,0,0,0,0,0,0,0,0,0,0,0,0,0,0,TT,O,,2022,1,4,4/25/2009,26.61290323,23.42342677,23.7355631,21.8627451,0,0,0,0,33.3,18.2,0,0,0,0,0,0,0,0,0,0,0,0,0,0,0,0,0,0,0,0,0,0,0,0,0,0,0,0,0,0,0,0,0,0,0,0,0,0,0,0,0,0,0,0,0,0,0,0,0,0,0,0,0,0,0,0,0,0,0,0,0,0,0,0,0,0,0,0,0,0,0,0,0,0,0,0,0,0,0,0,0,0,0,0,0,0,0,0,88.4,91.2,0,0,0,0,0,0,0,0,0,0,0,0,0,0,0,0,0,0,0,0,0,0,0,0,0,0,0,0,0,0,0,0,0,0,0,0,0,0,0,0,0,0,0,0,0,0,0,0,0,0,0,0,0,0,0,0,0,0,0,0,0,0,0,0,0,0,0,0,0,0,0,0,0,0,0,0,0,0,0,0,0,0,0,0,51.5,179.6,25.75,89.8,115,55,5,5
2,7,A,S,2,40.8,890,40,9,59,32,9,-1,1.5,3,1,0,90,2206,2,40,53.1,28.9,12.2,40.9,68.2,89.2,92.7,92.7,87.4,81.8,81.8,74.4,65.1,79.1,84,78.1,66.5,52.6,28.2,8,9.4,23.4,45.7,55.2,47.2,37.7,22.4,13.1,23.5,40.6,44.6,35.9,27.8,15.4,23.4,33.3,49.2,51.6,42,22.4,0,0,0,0,0,0,0,0,0,0,0,0,0,0,0,0,0,0,0,0,0,0,0,0,0,0,0,0,0,0,0,0,0,0,0,0,0,0,0,0,0,0,0,0,0,0,0,0,0,0,111.3,93.6,80.3,85.2,101.2,108.5,94.1,78.9,60.8,33.7,9.2,27.5,55.8,64.2,55.5,45.3,41.7,45.3,59.7,79.2,79.8,81.1,81.1,71.5,63.6,62.4,72.2,88,104.3,101.8,86.2,77.2,79.8,90.6,102.2,96.3,95.8,85.1,85.2,89.9,0,0,0,0,0,0,0,0,0,0,0,0,0,0,0,0,0,0,0,0,0,0,0,0,0,0,0,0,0,0,0,0,0,0,0,0,0,0,0,0,0,0,0,0,0,0,0,0,0,0,TT,O,,2022,2,4,4/25/2009,21.81372549,23.42342677,23.7355631,21.8627451,0,28.9,12.2,40.9,68.2,89.2,92.7,92.7,87.4,81.8,81.8,74.4,65.1,79.1,84,78.1,66.5,52.6,28.2,8,9.4,23.4,45.7,55.2,47.2,37.7,22.4,13.1,23.5,40.6,44.6,35.9,27.8,15.4,23.4,33.3,49.2,51.6,42,22.4,0,0,0,0,0,0,0,0,0,0,0,0,0,0,0,0,0,0,0,0,0,0,0,0,0,0,0,0,0,0,0,0,0,0,0,0,0,0,0,0,0,0,0,0,0,0,0,0,0,0,0,93.6,80.3,85.2,101.2,108.5,94.1,78.9,60.8,33.7,9.2,27.5,55.8,64.2,55.5,45.3,41.7,45.3,59.7,79.2,79.8,81.1,81.1,71.5,63.6,62.4,72.2,88,104.3,101.8,86.2,77.2,79.8,90.6,102.2,96.3,95.8,85.1,85.2,89.9,0,0,0,0,0,0,0,0,0,0,0,0,0,0,0,0,0,0,0,0,0,0,0,0,0,0,0,0,0,0,0,0,0,0,0,0,0,0,0,0,0,0,0,0,0,0,0,0,0,0,1875.6,2913.8,48.09230769,74.71282051,55,115,2,2
3,7,A,E,2,18.5,404,38,19,85,4,11,10,1.5,2,1,0,90,2206,2,18,64.5,54.9,32,19.4,44.3,47.3,35.2,20.7,17.7,41,60.1,72.6,75.8,70.1,67.2,58.2,48.2,26.9,0,0,0,0,0,0,0,0,0,0,0,0,0,0,0,0,0,0,0,0,0,0,0,0,0,0,0,0,0,0,0,0,0,0,0,0,0,0,0,0,0,0,0,0,0,0,0,0,0,0,0,0,0,0,0,0,0,0,0,0,0,0,0,0,0,0,0,0,0,0,0,0,123.8,115.8,99.9,69.2,44.6,39.8,51.8,68,73.6,59.5,42.5,21.5,11.7,28.2,40.3,62.3,79.8,81.5,0,0,0,0,0,0,0,0,0,0,0,0,0,0,0,0,0,0,0,0,0,0,0,0,0,0,0,0,0,0,0,0,0,0,0,0,0,0,0,0,0,0,0,0,0,0,0,0,0,0,0,0,0,0,0,0,0,0,0,0,0,0,0,0,0,0,0,0,0,0,0,0,TT,O,,2022,3,4,4/25/2009,21.83783784,23.42342677,23.7355631,21.8627451,0,54.9,32,19.4,44.3,47.3,35.2,20.7,17.7,41,60.1,72.6,75.8,70.1,67.2,58.2,48.2,26.9,0,0,0,0,0,0,0,0,0,0,0,0,0,0,0,0,0,0,0,0,0,0,0,0,0,0,0,0,0,0,0,0,0,0,0,0,0,0,0,0,0,0,0,0,0,0,0,0,0,0,0,0,0,0,0,0,0,0,0,0,0,0,0,0,0,0,0,0,0,0,0,0,0,115.8,99.9,69.2,44.6,39.8,51.8,68,73.6,59.5,42.5,21.5,11.7,28.2,40.3,62.3,79.8,81.5,0,0,0,0,0,0,0,0,0,0,0,0,0,0,0,0,0,0,0,0,0,0,0,0,0,0,0,0,0,0,0,0,0,0,0,0,0,0,0,0,0,0,0,0,0,0,0,0,0,0,0,0,0,0,0,0,0,0,0,0,0,0,0,0,0,0,0,0,0,0,0,0,791.6,990,46.56470588,58.23529412,55,115,2,2
1,8,A,E,2,30.8,759,15,19,61,37,2,49,1.5,1,1,0,90,2206,2,30,62.4,52.2,43.7,57.3,69.7,73.4,88.5,79.4,64.8,59.2,63.5,70.3,70.8,61.3,43.5,23.8,7,14.7,33.7,68.2,75.7,84.5,89.3,91,91.8,90.3,83.7,69.4,55.6,34.6,0,0,0,0,0,0,0,0,0,0,0,0,0,0,0,0,0,0,0,0,0,0,0,0,0,0,0,0,0,0,0,0,0,0,0,0,0,0,0,0,0,0,0,0,0,0,0,0,0,0,0,0,0,0,0,0,0,0,0,0,107.9,89.1,60.3,34.4,33.8,53.5,65.2,53.9,37.7,29.6,45,57.3,76.6,86.7,79.8,83.2,82.3,77.4,75.5,73.2,60,41.1,17.4,11.3,32.1,43.6,64.5,78.4,91.2,93.9,0,0,0,0,0,0,0,0,0,0,0,0,0,0,0,0,0,0,0,0,0,0,0,0,0,0,0,0,0,0,0,0,0,0,0,0,0,0,0,0,0,0,0,0,0,0,0,0,0,0,0,0,0,0,0,0,0,0,0,0,TT,O,,2022,4,4,4/26/2009,24.64285714,23.42342677,23.7355631,21.8627451,0,52.2,43.7,57.3,69.7,73.4,88.5,79.4,64.8,59.2,63.5,70.3,70.8,61.3,43.5,23.8,7,14.7,33.7,68.2,75.7,84.5,89.3,91,91.8,90.3,83.7,69.4,55.6,34.6,0,0,0,0,0,0,0,0,0,0,0,0,0,0,0,0,0,0,0,0,0,0,0,0,0,0,0,0,0,0,0,0,0,0,0,0,0,0,0,0,0,0,0,0,0,0,0,0,0,0,0,0,0,0,0,0,0,0,0,0,0,89.1,60.3,34.4,33.8,53.5,65.2,53.9,37.7,29.6,45,57.3,76.6,86.7,79.8,83.2,82.3,77.4,75.5,73.2,60,41.1,17.4,11.3,32.1,43.6,64.5,78.4,91.2,93.9,0,0,0,0,0,0,0,0,0,0,0,0,0,0,0,0,0,0,0,0,0,0,0,0,0,0,0,0,0,0,0,0,0,0,0,0,0,0,0,0,0,0,0,0,0,0,0,0,0,0,0,0,0,0,0,0,0,0,0,0,1810.9,1728,62.44482759,59.5862069,55,115,2,2
2,8,A,N,2,18.3,435,19,30,91,4,5,24,1.5,1,0,0,90,2206,2,18,112.3,91.7,66.6,68.5,78.4,70.9,58,30.9,13.8,35.1,42.2,48.3,59.1,65.6,67.2,58.7,40,18.4,0,0,0,0,0,0,0,0,0,0,0,0,0,0,0,0,0,0,0,0,0,0,0,0,0,0,0,0,0,0,0,0,0,0,0,0,0,0,0,0,0,0,0,0,0,0,0,0,0,0,0,0,0,0,0,0,0,0,0,0,0,0,0,0,0,0,0,0,0,0,0,0,62.2,39.5,25.5,36.3,30,25.8,32.3,56.5,82.6,82.4,64,43.6,30.4,40,52.4,67.8,74.1,84,0,0,0,0,0,0,0,0,0,0,0,0,0,0,0,0,0,0,0,0,0,0,0,0,0,0,0,0,0,0,0,0,0,0,0,0,0,0,0,0,0,0,0,0,0,0,0,0,0,0,0,0,0,0,0,0,0,0,0,0,0,0,0,0,0,0,0,0,0,0,0,0,TT,O,,2022,5,4,4/26/2009,23.7704918,23.42342677,23.7355631,21.8627451,0,0,0,0,78.4,70.9,58,30.9,13.8,35.1,42.2,48.3,59.1,65.6,67.2,58.7,40,18.4,0,0,0,0,0,0,0,0,0,0,0,0,0,0,0,0,0,0,0,0,0,0,0,0,0,0,0,0,0,0,0,0,0,0,0,0,0,0,0,0,0,0,0,0,0,0,0,0,0,0,0,0,0,0,0,0,0,0,0,0,0,0,0,0,0,0,0,0,0,0,0,0,0,0,0,0,30,25.8,32.3,56.5,82.6,82.4,64,43.6,30.4,40,52.4,67.8,74.1,84,0,0,0,0,0,0,0,0,0,0,0,0,0,0,0,0,0,0,0,0,0,0,0,0,0,0,0,0,0,0,0,0,0,0,0,0,0,0,0,0,0,0,0,0,0,0,0,0,0,0,0,0,0,0,0,0,0,0,0,0,0,0,0,0,0,0,0,0,0,0,0,0,686.6,765.9,49.04285714,54.70714286,115,55,5,5
3,8,A,W,2,30.6,669,20,32,75,15,10,-38,1.5,1,4,0,90,2206,2,30,110.6,95.2,78.6,58.4,40.4,29.9,46.4,60.7,63.9,63.8,56.2,39.5,23.9,20.7,48.4,68.9,79.5,88.8,87.3,82.5,65,47.5,27.4,8.6,12,41.2,61.9,76.6,87.3,80.5,0,0,0,0,0,0,0,0,0,0,0,0,0,0,0,0,0,0,0,0,0,0,0,0,0,0,0,0,0,0,0,0,0,0,0,0,0,0,0,0,0,0,0,0,0,0,0,0,0,0,0,0,0,0,0,0,0,0,0,0,41.2,18,9.6,38,59.3,59.6,42.3,26.9,27.8,38.3,56.5,68.2,70.4,70.3,64.4,50.8,31.3,12.4,4.6,13,33.8,59.6,77.5,86.5,92.8,92.3,85.1,85.7,94.6,95.4,0,0,0,0,0,0,0,0,0,0,0,0,0,0,0,0,0,0,0,0,0,0,0,0,0,0,0,0,0,0,0,0,0,0,0,0,0,0,0,0,0,0,0,0,0,0,0,0,0,0,0,0,0,0,0,0,0,0,0,0,FS,O,,2022,6,4,4/26/2009,21.8627451,23.42342677,23.7355631,21.8627451,0,0,0,0,40.4,29.9,46.4,60.7,63.9,63.8,56.2,39.5,23.9,20.7,48.4,68.9,79.5,88.8,87.3,82.5,65,47.5,27.4,8.6,12,41.2,61.9,76.6,87.3,80.5,0,0,0,0,0,0,0,0,0,0,0,0,0,0,0,0,0,0,0,0,0,0,0,0,0,0,0,0,0,0,0,0,0,0,0,0,0,0,0,0,0,0,0,0,0,0,0,0,0,0,0,0,0,0,0,0,0,0,0,0,0,0,0,0,59.3,59.6,42.3,26.9,27.8,38.3,56.5,68.2,70.4,70.3,64.4,50.8,31.3,12.4,4.6,13,33.8,59.6,77.5,86.5,92.8,92.3,85.1,85.7,94.6,95.4,0,0,0,0,0,0,0,0,0,0,0,0,0,0,0,0,0,0,0,0,0,0,0,0,0,0,0,0,0,0,0,0,0,0,0,0,0,0,0,0,0,0,0,0,0,0,0,0,0,0,0,0,0,0,0,0,0,0,0,0,1408.8,1499.4,54.18461538,57.66923077,115,55,5,5
4,7,A,W,2,59.5,1322,23,22,21,47,32,-105,1.5,1,0,0,90,2206,3,59,121.7,126.8,125.1,120.9,115.8,110.2,102,92.2,81.6,73.6,62.5,52.4,43.7,43.7,48.1,56.7,77.9,85.7,71.5,50.8,30,18.8,36.5,59.3,73.6,83.1,89.5,94.5,102.1,106.6,112.8,113.3,112.9,103.9,93.2,88.6,78.3,56.6,43.8,19.1,17.1,25.2,42.4,58.7,63.4,67.4,78.5,90.1,94.2,91.2,80.3,67.8,53.6,39,54.1,54.4,52.3,38.1,17,0,0,0,0,0,0,0,0,0,0,0,0,0,0,0,0,0,0,0,0,0,0,0,0,0,0,0,0,0,0,0,43.1,40.7,43.7,54.7,66.4,75.7,91.2,102.4,110.7,120.7,126.5,128.9,128.3,128.9,124.4,118,108.5,99.3,85.2,71.3,67.1,73,87,98.4,98,91.2,83.2,68.8,56.6,47.9,37.1,27.8,30.5,35.9,48.9,66.9,78.2,85.5,88.2,99.2,101.1,98.7,99.2,98,89.1,77.7,63.6,70.8,73.7,80.2,78.1,68.6,59,54.3,34.3,32.5,34.5,49.1,71.2,0,0,0,0,0,0,0,0,0,0,0,0,0,0,0,0,0,0,0,0,0,0,0,0,0,0,0,0,0,0,0,TT,O,,2022,1,4,4/25/2009,22.21848739,21.71914842,21.61492616,22.24025974,0,0,0,0,115.8,110.2,102,92.2,81.6,73.6,62.5,52.4,43.7,43.7,48.1,56.7,77.9,85.7,71.5,50.8,30,18.8,36.5,59.3,73.6,83.1,89.5,94.5,102.1,106.6,112.8,113.3,112.9,103.9,93.2,88.6,78.3,56.6,43.8,19.1,17.1,25.2,42.4,58.7,63.4,67.4,78.5,90.1,94.2,91.2,80.3,67.8,53.6,39,54.1,54.4,52.3,38.1,17,0,0,0,0,0,0,0,0,0,0,0,0,0,0,0,0,0,0,0,0,0,0,0,0,0,0,0,0,0,0,0,0,0,0,0,66.4,75.7,91.2,102.4,110.7,120.7,126.5,128.9,128.3,128.9,124.4,118,108.5,99.3,85.2,71.3,67.1,73,87,98.4,98,91.2,83.2,68.8,56.6,47.9,37.1,27.8,30.5,35.9,48.9,66.9,78.2,85.5,88.2,99.2,101.1,98.7,99.2,98,89.1,77.7,63.6,70.8,73.7,80.2,78.1,68.6,59,54.3,34.3,32.5,34.5,49.1,71.2,0,0,0,0,0,0,0,0,0,0,0,0,0,0,0,0,0,0,0,0,0,0,0,0,0,0,0,0,0,0,0,3769.7,4389.5,68.54,79.80909091,115,55,5,5
5,7,A,S,2,54.8,1126,38,21,24,17,59,-126,1.5,1,1,0,90,2206,3,54,63.2,75.8,86.3,98.2,108.7,115.8,116.4,111.2,92.9,69.2,42.2,18.4,20,39.9,43.4,45.2,50.3,59.4,73.9,86.1,96.8,106.5,114.6,121.1,124.8,126.9,126.8,122.5,119.7,106.5,94.7,76.9,53.7,30.6,17.7,26,42.8,44.2,43.4,48,50.2,49.5,38.8,28,22.2,30,48,61.7,72,77.5,74,60.8,47.1,34.5,0,0,0,0,0,0,0,0,0,0,0,0,0,0,0,0,0,0,0,0,0,0,0,0,0,0,0,0,0,0,0,0,0,0,0,0,114.1,109.5,100.9,91.4,80.9,69.6,56,48.1,38.3,41.1,57.3,80.9,105.7,126.5,129.3,126.7,122.5,117,109,103.6,95.5,85.7,75.1,63.2,52.3,44.4,40.6,39.5,38.2,28.8,16.8,13.7,34.6,60.2,85.4,107.7,127.6,130.6,127.1,124.1,120.9,110.5,96.4,79.6,66.3,66.9,76.5,88.7,101.9,116,122.4,116.1,101.9,89.6,0,0,0,0,0,0,0,0,0,0,0,0,0,0,0,0,0,0,0,0,0,0,0,0,0,0,0,0,0,0,0,0,0,0,0,0,TT,O,,2022,2,4,4/25/2009,20.54744526,21.71914842,21.61492616,22.24025974,0,0,86.3,98.2,108.7,115.8,116.4,111.2,92.9,69.2,42.2,18.4,20,39.9,43.4,45.2,50.3,59.4,73.9,86.1,96.8,106.5,114.6,121.1,124.8,126.9,126.8,122.5,119.7,106.5,94.7,76.9,53.7,30.6,17.7,26,42.8,44.2,43.4,48,50.2,49.5,38.8,28,22.2,30,48,61.7,72,77.5,74,60.8,47.1,34.5,0,0,0,0,0,0,0,0,0,0,0,0,0,0,0,0,0,0,0,0,0,0,0,0,0,0,0,0,0,0,0,0,0,0,0,0,0,0,100.9,91.4,80.9,69.6,56,48.1,38.3,41.1,57.3,80.9,105.7,126.5,129.3,126.7,122.5,117,109,103.6,95.5,85.7,75.1,63.2,52.3,44.4,40.6,39.5,38.2,28.8,16.8,13.7,34.6,60.2,85.4,107.7,127.6,130.6,127.1,124.1,120.9,110.5,96.4,79.6,66.3,66.9,76.5,88.7,101.9,116,122.4,116.1,101.9,89.6,0,0,0,0,0,0,0,0,0,0,0,0,0,0,0,0,0,0,0,0,0,0,0,0,0,0,0,0,0,0,0,0,0,0,0,0,3616,4349.6,69.53846154,83.64615385,55,115,3,3
6,7,A,E,2,26,551,45,23,22,18,60,-30,1.5,1,1,0,90,2206,3,25,64.6,58.8,47.4,43.4,45.6,51.5,64.3,81.9,92.9,103.1,110.1,116.2,120.2,118.7,112.4,106.3,90.5,73.5,57.1,44.7,37.2,38.6,45.7,36.1,15.4,0,0,0,0,0,0,0,0,0,0,0,0,0,0,0,0,0,0,0,0,0,0,0,0,0,0,0,0,0,0,0,0,0,0,0,0,0,0,0,0,0,0,0,0,0,0,0,0,0,0,0,0,0,0,0,0,0,0,0,0,0,0,0,0,0,127.6,128.6,128.7,129.7,127.7,122.2,115.3,106.8,98.5,89.4,79.3,69.2,59.2,48,38.1,28.5,9.4,15.3,39.3,61.5,84.2,105.6,123.5,120.8,102,0,0,0,0,0,0,0,0,0,0,0,0,0,0,0,0,0,0,0,0,0,0,0,0,0,0,0,0,0,0,0,0,0,0,0,0,0,0,0,0,0,0,0,0,0,0,0,0,0,0,0,0,0,0,0,0,0,0,0,0,0,0,0,0,0,TT,O,,2022,3,4,4/25/2009,21.19230769,21.71914842,21.61492616,22.24025974,0,0,47.4,43.4,45.6,51.5,64.3,81.9,92.9,103.1,110.1,116.2,120.2,118.7,112.4,106.3,90.5,73.5,57.1,44.7,37.2,38.6,45.7,36.1,15.4,0,0,0,0,0,0,0,0,0,0,0,0,0,0,0,0,0,0,0,0,0,0,0,0,0,0,0,0,0,0,0,0,0,0,0,0,0,0,0,0,0,0,0,0,0,0,0,0,0,0,0,0,0,0,0,0,0,0,0,0,0,0,0,0,0,0,0,128.7,129.7,127.7,122.2,115.3,106.8,98.5,89.4,79.3,69.2,59.2,48,38.1,28.5,9.4,15.3,39.3,61.5,84.2,105.6,123.5,120.8,102,0,0,0,0,0,0,0,0,0,0,0,0,0,0,0,0,0,0,0,0,0,0,0,0,0,0,0,0,0,0,0,0,0,0,0,0,0,0,0,0,0,0,0,0,0,0,0,0,0,0,0,0,0,0,0,0,0,0,0,0,0,0,0,0,0,1652.8,1902.2,71.86086957,82.70434783,55,115,3,3
4,8,A,E,2,36.1,788,18,22,31,1,68,-12,1.5,1,0,0,90,2206,3,36,61.8,51.2,42.7,46.7,58.5,83.5,99.1,110.2,118.1,123.6,126.3,126.9,125.7,123,120.7,119.2,115.9,111.1,103.6,96.6,88.3,80.1,74.1,70.2,45.4,39.4,41.2,42.6,37.7,35.6,43,60.1,50,39.6,32.1,23.9,0,0,0,0,0,0,0,0,0,0,0,0,0,0,0,0,0,0,0,0,0,0,0,0,0,0,0,0,0,0,0,0,0,0,0,0,0,0,0,0,0,0,0,0,0,0,0,0,0,0,0,0,0,0,125.2,129.9,128.7,124.7,117.5,105.3,93.8,81.7,68.8,55.5,45.3,40.7,41.7,46.2,49.4,57,65.2,72.9,87.2,96.8,104.8,111.7,116.2,122.7,96.8,72.9,68.6,63,54.3,53.5,62.8,62.6,60.3,60.1,60.3,76.3,0,0,0,0,0,0,0,0,0,0,0,0,0,0,0,0,0,0,0,0,0,0,0,0,0,0,0,0,0,0,0,0,0,0,0,0,0,0,0,0,0,0,0,0,0,0,0,0,0,0,0,0,0,0,TT,O,,2022,4,4,4/26/2009,21.82825485,21.71914842,21.61492616,22.24025974,0,0,42.7,46.7,58.5,83.5,99.1,110.2,118.1,123.6,126.3,126.9,125.7,123,120.7,119.2,115.9,111.1,103.6,96.6,88.3,80.1,74.1,70.2,45.4,39.4,41.2,42.6,37.7,35.6,43,60.1,50,39.6,32.1,23.9,0,0,0,0,0,0,0,0,0,0,0,0,0,0,0,0,0,0,0,0,0,0,0,0,0,0,0,0,0,0,0,0,0,0,0,0,0,0,0,0,0,0,0,0,0,0,0,0,0,0,0,0,0,0,0,0,128.7,124.7,117.5,105.3,93.8,81.7,68.8,55.5,45.3,40.7,41.7,46.2,49.4,57,65.2,72.9,87.2,96.8,104.8,111.7,116.2,122.7,96.8,72.9,68.6,63,54.3,53.5,62.8,62.6,60.3,60.1,60.3,76.3,0,0,0,0,0,0,0,0,0,0,0,0,0,0,0,0,0,0,0,0,0,0,0,0,0,0,0,0,0,0,0,0,0,0,0,0,0,0,0,0,0,0,0,0,0,0,0,0,0,0,0,0,0,0,2654.7,2625.3,78.07941176,77.21470588,55,115,3,3
5,8,A,N,2,11.8,263,50,1,6,11,83,-52,1.5,1,0,0,90,2206,3,11,110.8,106.1,98,88.5,77.6,68,59,51.4,45.6,36.7,18.9,0,0,0,0,0,0,0,0,0,0,0,0,0,0,0,0,0,0,0,0,0,0,0,0,0,0,0,0,0,0,0,0,0,0,0,0,0,0,0,0,0,0,0,0,0,0,0,0,0,0,0,0,0,0,0,0,0,0,0,0,0,0,0,0,0,0,0,0,0,0,0,0,0,0,0,0,0,0,0,73.7,81.3,94.9,106.5,114.4,122.3,127.4,129.5,129.9,122.5,102.5,0,0,0,0,0,0,0,0,0,0,0,0,0,0,0,0,0,0,0,0,0,0,0,0,0,0,0,0,0,0,0,0,0,0,0,0,0,0,0,0,0,0,0,0,0,0,0,0,0,0,0,0,0,0,0,0,0,0,0,0,0,0,0,0,0,0,0,0,0,0,0,0,0,0,0,0,0,0,0,TT,O,,2022,5,4,4/26/2009,22.28813559,21.71914842,21.61492616,22.24025974,0,0,0,0,77.6,68,59,51.4,45.6,36.7,18.9,0,0,0,0,0,0,0,0,0,0,0,0,0,0,0,0,0,0,0,0,0,0,0,0,0,0,0,0,0,0,0,0,0,0,0,0,0,0,0,0,0,0,0,0,0,0,0,0,0,0,0,0,0,0,0,0,0,0,0,0,0,0,0,0,0,0,0,0,0,0,0,0,0,0,0,0,0,0,0,0,0,0,0,114.4,122.3,127.4,129.5,129.9,122.5,102.5,0,0,0,0,0,0,0,0,0,0,0,0,0,0,0,0,0,0,0,0,0,0,0,0,0,0,0,0,0,0,0,0,0,0,0,0,0,0,0,0,0,0,0,0,0,0,0,0,0,0,0,0,0,0,0,0,0,0,0,0,0,0,0,0,0,0,0,0,0,0,0,0,0,0,0,0,0,0,0,357.2,848.5,51.02857143,121.2142857,115,55,5,5
6,8,A,W,2,30.8,685,16,30,40,11,49,-97,1.5,0,1,0,90,2206,3,30,124.1,126.5,125.4,122.1,118.6,114.8,108.8,91.2,65.5,41.7,22.6,25.2,43.8,48.7,56.3,75,87.1,96.6,102.7,91.5,74.9,59.6,52.1,58,73.9,79.1,80.9,77.9,77.4,82.5,0,0,0,0,0,0,0,0,0,0,0,0,0,0,0,0,0,0,0,0,0,0,0,0,0,0,0,0,0,0,0,0,0,0,0,0,0,0,0,0,0,0,0,0,0,0,0,0,0,0,0,0,0,0,0,0,0,0,0,0,45.5,40.6,41.5,49.1,59.8,67,74.8,72.1,69.5,79.3,94.5,111.3,126.6,123.5,118.4,110.5,103.4,95.7,88,71.7,52.4,37.3,37,53.5,59.6,60.1,54,37.1,17.2,11.1,0,0,0,0,0,0,0,0,0,0,0,0,0,0,0,0,0,0,0,0,0,0,0,0,0,0,0,0,0,0,0,0,0,0,0,0,0,0,0,0,0,0,0,0,0,0,0,0,0,0,0,0,0,0,0,0,0,0,0,0,FS,O,,2022,6,4,4/26/2009,22.24025974,21.71914842,21.61492616,22.24025974,0,0,0,0,118.6,114.8,108.8,91.2,65.5,41.7,22.6,25.2,43.8,48.7,56.3,75,87.1,96.6,102.7,91.5,74.9,59.6,52.1,58,73.9,79.1,80.9,77.9,77.4,82.5,0,0,0,0,0,0,0,0,0,0,0,0,0,0,0,0,0,0,0,0,0,0,0,0,0,0,0,0,0,0,0,0,0,0,0,0,0,0,0,0,0,0,0,0,0,0,0,0,0,0,0,0,0,0,0,0,0,0,0,0,0,0,0,0,59.8,67,74.8,72.1,69.5,79.3,94.5,111.3,126.6,123.5,118.4,110.5,103.4,95.7,88,71.7,52.4,37.3,37,53.5,59.6,60.1,54,37.1,17.2,11.1,0,0,0,0,0,0,0,0,0,0,0,0,0,0,0,0,0,0,0,0,0,0,0,0,0,0,0,0,0,0,0,0,0,0,0,0,0,0,0,0,0,0,0,0,0,0,0,0,0,0,0,0,0,0,0,0,0,0,0,0,1906.4,1885.4,73.32307692,72.51538462,115,55,5,5
13,7,A,W,2,30.7,755,45,24,48,38,14,-55,1.5,1,0,0,90,2206,11,30,109.9,98.7,92.7,91.8,91.5,81.9,66.3,54.3,42.5,30.6,31.1,43.7,37.2,30.7,23.9,31.4,57.9,62.3,63.2,74.3,74.5,62.6,37.2,17.2,29.1,43.6,38.5,28.2,34.1,18.5,0,0,0,0,0,0,0,0,0,0,0,0,0,0,0,0,0,0,0,0,0,0,0,0,0,0,0,0,0,0,0,0,0,0,0,0,0,0,0,0,0,0,0,0,0,0,0,0,0,0,0,0,0,0,0,0,0,0,0,0,33.5,15.4,34.4,55.1,78.8,95.5,103.8,111.2,115,115.1,102.6,80,68.4,64,67.5,73.7,57.5,40.8,26.7,13.1,12.6,25.3,51.3,81,111.1,128.8,124.3,114.2,119.6,105.1,0,0,0,0,0,0,0,0,0,0,0,0,0,0,0,0,0,0,0,0,0,0,0,0,0,0,0,0,0,0,0,0,0,0,0,0,0,0,0,0,0,0,0,0,0,0,0,0,0,0,0,0,0,0,0,0,0,0,0,0,TT,O,,2022,1,4,4/25/2009,24.59283388,26.63058672,26.60816987,26.74267101,0,0,0,91.8,91.5,81.9,66.3,54.3,42.5,30.6,31.1,43.7,37.2,30.7,23.9,31.4,57.9,62.3,63.2,74.3,74.5,62.6,37.2,17.2,29.1,43.6,38.5,28.2,34.1,18.5,0,0,0,0,0,0,0,0,0,0,0,0,0,0,0,0,0,0,0,0,0,0,0,0,0,0,0,0,0,0,0,0,0,0,0,0,0,0,0,0,0,0,0,0,0,0,0,0,0,0,0,0,0,0,0,0,0,0,0,0,0,0,0,55.1,78.8,95.5,103.8,111.2,115,115.1,102.6,80,68.4,64,67.5,73.7,57.5,40.8,26.7,13.1,12.6,25.3,51.3,81,111.1,128.8,124.3,114.2,119.6,105.1,0,0,0,0,0,0,0,0,0,0,0,0,0,0,0,0,0,0,0,0,0,0,0,0,0,0,0,0,0,0,0,0,0,0,0,0,0,0,0,0,0,0,0,0,0,0,0,0,0,0,0,0,0,0,0,0,0,0,0,0,1298.1,2142.1,48.07777778,79.33703704,115,55,4,4
14,7,A,S,2,2.7,76,100,0,61,26,13,9,1.5,4,0,0,90,2206,11,2,37.1,8.3,0,0,0,0,0,0,0,0,0,0,0,0,0,0,0,0,0,0,0,0,0,0,0,0,0,0,0,0,0,0,0,0,0,0,0,0,0,0,0,0,0,0,0,0,0,0,0,0,0,0,0,0,0,0,0,0,0,0,0,0,0,0,0,0,0,0,0,0,0,0,0,0,0,0,0,0,0,0,0,0,0,0,0,0,0,0,0,0,105.1,91.4,0,0,0,0,0,0,0,0,0,0,0,0,0,0,0,0,0,0,0,0,0,0,0,0,0,0,0,0,0,0,0,0,0,0,0,0,0,0,0,0,0,0,0,0,0,0,0,0,0,0,0,0,0,0,0,0,0,0,0,0,0,0,0,0,0,0,0,0,0,0,0,0,0,0,0,0,0,0,0,0,0,0,0,0,0,0,0,0,TT,O,,2022,2,4,4/25/2009,28.14814815,26.63058672,26.60816987,26.74267101,0,8.3,0,0,0,0,0,0,0,0,0,0,0,0,0,0,0,0,0,0,0,0,0,0,0,0,0,0,0,0,0,0,0,0,0,0,0,0,0,0,0,0,0,0,0,0,0,0,0,0,0,0,0,0,0,0,0,0,0,0,0,0,0,0,0,0,0,0,0,0,0,0,0,0,0,0,0,0,0,0,0,0,0,0,0,0,0,0,0,0,0,91.4,0,0,0,0,0,0,0,0,0,0,0,0,0,0,0,0,0,0,0,0,0,0,0,0,0,0,0,0,0,0,0,0,0,0,0,0,0,0,0,0,0,0,0,0,0,0,0,0,0,0,0,0,0,0,0,0,0,0,0,0,0,0,0,0,0,0,0,0,0,0,0,0,0,0,0,0,0,0,0,0,0,0,0,0,0,0,0,0,8.3,91.4,8.3,91.4,55,115,2,2
15,7,A,E,2,3.8,94,94,1,37,24,39,-32,1.5,1,0,0,90,2206,11,3,60,43.3,9.3,0,0,0,0,0,0,0,0,0,0,0,0,0,0,0,0,0,0,0,0,0,0,0,0,0,0,0,0,0,0,0,0,0,0,0,0,0,0,0,0,0,0,0,0,0,0,0,0,0,0,0,0,0,0,0,0,0,0,0,0,0,0,0,0,0,0,0,0,0,0,0,0,0,0,0,0,0,0,0,0,0,0,0,0,0,0,0,124.6,117.3,94.3,0,0,0,0,0,0,0,0,0,0,0,0,0,0,0,0,0,0,0,0,0,0,0,0,0,0,0,0,0,0,0,0,0,0,0,0,0,0,0,0,0,0,0,0,0,0,0,0,0,0,0,0,0,0,0,0,0,0,0,0,0,0,0,0,0,0,0,0,0,0,0,0,0,0,0,0,0,0,0,0,0,0,0,0,0,0,0,TT,O,,2022,3,4,4/25/2009,24.73684211,26.63058672,26.60816987,26.74267101,0,43.3,9.3,0,0,0,0,0,0,0,0,0,0,0,0,0,0,0,0,0,0,0,0,0,0,0,0,0,0,0,0,0,0,0,0,0,0,0,0,0,0,0,0,0,0,0,0,0,0,0,0,0,0,0,0,0,0,0,0,0,0,0,0,0,0,0,0,0,0,0,0,0,0,0,0,0,0,0,0,0,0,0,0,0,0,0,0,0,0,0,0,117.3,94.3,0,0,0,0,0,0,0,0,0,0,0,0,0,0,0,0,0,0,0,0,0,0,0,0,0,0,0,0,0,0,0,0,0,0,0,0,0,0,0,0,0,0,0,0,0,0,0,0,0,0,0,0,0,0,0,0,0,0,0,0,0,0,0,0,0,0,0,0,0,0,0,0,0,0,0,0,0,0,0,0,0,0,0,0,0,0,0,52.6,211.6,26.3,105.8,55,115,2,2
10,8,A,E,2,24,672,34,7,48,36,16,27,1.5,2,0,0,90,2206,11,23,67,47.6,43.5,65,82.3,93.9,90.3,64.9,33.4,25.4,46.4,52.6,62.3,69.5,64.5,43.8,15.9,18.2,60,55.2,43,36,24.8,0,0,0,0,0,0,0,0,0,0,0,0,0,0,0,0,0,0,0,0,0,0,0,0,0,0,0,0,0,0,0,0,0,0,0,0,0,0,0,0,0,0,0,0,0,0,0,0,0,0,0,0,0,0,0,0,0,0,0,0,0,0,0,0,0,0,0,115.1,88.9,49.1,25.8,39.9,71.1,87.4,88.5,98.5,110.6,120.7,107.2,92,92.1,94.2,88,83.1,80.1,67.1,54.8,49.6,50.9,64.3,0,0,0,0,0,0,0,0,0,0,0,0,0,0,0,0,0,0,0,0,0,0,0,0,0,0,0,0,0,0,0,0,0,0,0,0,0,0,0,0,0,0,0,0,0,0,0,0,0,0,0,0,0,0,0,0,0,0,0,0,0,0,0,0,0,0,0,TT,O,,2022,4,4,4/26/2009,28,26.63058672,26.60816987,26.74267101,0,47.6,43.5,65,82.3,93.9,90.3,64.9,33.4,25.4,46.4,52.6,62.3,69.5,64.5,43.8,15.9,18.2,60,55.2,43,36,24.8,0,0,0,0,0,0,0,0,0,0,0,0,0,0,0,0,0,0,0,0,0,0,0,0,0,0,0,0,0,0,0,0,0,0,0,0,0,0,0,0,0,0,0,0,0,0,0,0,0,0,0,0,0,0,0,0,0,0,0,0,0,0,0,0,0,0,0,0,88.9,49.1,25.8,39.9,71.1,87.4,88.5,98.5,110.6,120.7,107.2,92,92.1,94.2,88,83.1,80.1,67.1,54.8,49.6,50.9,64.3,0,0,0,0,0,0,0,0,0,0,0,0,0,0,0,0,0,0,0,0,0,0,0,0,0,0,0,0,0,0,0,0,0,0,0,0,0,0,0,0,0,0,0,0,0,0,0,0,0,0,0,0,0,0,0,0,0,0,0,0,0,0,0,0,0,0,0,1138.5,1703.9,51.75,77.45,55,115,2,2
11,8,A,N,2,23.8,656,28,20,61,32,7,28,1.5,1,1,0,90,2206,11,23,107.5,93.9,68.7,47.6,61.2,76.5,84.5,80.3,75.4,56.8,34.9,21.1,26.5,44.3,57.9,59.5,68.4,71.5,64.6,52.8,51.3,33.2,12.6,0,0,0,0,0,0,0,0,0,0,0,0,0,0,0,0,0,0,0,0,0,0,0,0,0,0,0,0,0,0,0,0,0,0,0,0,0,0,0,0,0,0,0,0,0,0,0,0,0,0,0,0,0,0,0,0,0,0,0,0,0,0,0,0,0,0,0,59.6,47.7,31.3,42.3,57.8,42,18.8,9,21.9,48.9,80.2,101.4,102.7,94.5,78,57.5,46.2,53.3,70.4,92.9,117.2,113.4,91.6,0,0,0,0,0,0,0,0,0,0,0,0,0,0,0,0,0,0,0,0,0,0,0,0,0,0,0,0,0,0,0,0,0,0,0,0,0,0,0,0,0,0,0,0,0,0,0,0,0,0,0,0,0,0,0,0,0,0,0,0,0,0,0,0,0,0,0,TT,O,,2022,5,4,4/26/2009,27.56302521,26.63058672,26.60816987,26.74267101,0,0,0,47.6,61.2,76.5,84.5,80.3,75.4,56.8,34.9,21.1,26.5,44.3,57.9,59.5,68.4,71.5,64.6,52.8,51.3,33.2,12.6,0,0,0,0,0,0,0,0,0,0,0,0,0,0,0,0,0,0,0,0,0,0,0,0,0,0,0,0,0,0,0,0,0,0,0,0,0,0,0,0,0,0,0,0,0,0,0,0,0,0,0,0,0,0,0,0,0,0,0,0,0,0,0,0,0,0,0,0,0,0,42.3,57.8,42,18.8,9,21.9,48.9,80.2,101.4,102.7,94.5,78,57.5,46.2,53.3,70.4,92.9,117.2,113.4,91.6,0,0,0,0,0,0,0,0,0,0,0,0,0,0,0,0,0,0,0,0,0,0,0,0,0,0,0,0,0,0,0,0,0,0,0,0,0,0,0,0,0,0,0,0,0,0,0,0,0,0,0,0,0,0,0,0,0,0,0,0,0,0,0,0,0,0,0,1080.9,1340,54.045,67,115,55,4,4
12,8,A,W,2,30.7,821,46,12,49,43,8,17,1.5,1,1,0,90,2206,11,30,113.4,102,80.2,57.5,35.4,24.1,23,32,50.1,51.6,38.5,13.9,14.2,45.5,56.6,68,51.8,31.7,20.7,17.9,15.1,21.2,25.4,21.4,34.4,58.9,62.4,55.7,59.5,79.3,0,0,0,0,0,0,0,0,0,0,0,0,0,0,0,0,0,0,0,0,0,0,0,0,0,0,0,0,0,0,0,0,0,0,0,0,0,0,0,0,0,0,0,0,0,0,0,0,0,0,0,0,0,0,0,0,0,0,0,0,50.7,47.7,56.8,77.3,103.6,109.6,94.4,71,53.2,53.2,65,82,92.1,86.9,85.3,99.1,107.9,107.4,105.7,92.8,81.7,68.2,61.5,73.7,93.7,108.3,99.3,78.8,45.8,11.1,0,0,0,0,0,0,0,0,0,0,0,0,0,0,0,0,0,0,0,0,0,0,0,0,0,0,0,0,0,0,0,0,0,0,0,0,0,0,0,0,0,0,0,0,0,0,0,0,0,0,0,0,0,0,0,0,0,0,0,0,FS,O,,2022,6,4,4/26/2009,26.74267101,26.63058672,26.60816987,26.74267101,0,0,0,57.5,35.4,24.1,23,32,50.1,51.6,38.5,13.9,14.2,45.5,56.6,68,51.8,31.7,20.7,17.9,15.1,21.2,25.4,21.4,34.4,58.9,62.4,55.7,59.5,79.3,0,0,0,0,0,0,0,0,0,0,0,0,0,0,0,0,0,0,0,0,0,0,0,0,0,0,0,0,0,0,0,0,0,0,0,0,0,0,0,0,0,0,0,0,0,0,0,0,0,0,0,0,0,0,0,0,0,0,0,0,0,0,0,77.3,103.6,109.6,94.4,71,53.2,53.2,65,82,92.1,86.9,85.3,99.1,107.9,107.4,105.7,92.8,81.7,68.2,61.5,73.7,93.7,108.3,99.3,78.8,45.8,11.1,0,0,0,0,0,0,0,0,0,0,0,0,0,0,0,0,0,0,0,0,0,0,0,0,0,0,0,0,0,0,0,0,0,0,0,0,0,0,0,0,0,0,0,0,0,0,0,0,0,0,0,0,0,0,0,0,0,0,0,0,1065.8,2208.6,39.47407407,81.8,115,55,4,4
16,7,A,W,2,90,2137,31,24,49,43,8,-54,1.5,2,3,0,90,2206,12,89,99.5,73.6,46.9,20.1,32.1,42.7,41.2,35.8,55.3,72.1,68,46.3,23.9,17.3,35.9,49.6,69.8,85.1,95,101.4,104.9,105.8,103.1,107.6,111.6,99.7,87.9,71.2,49.6,25.4,8.5,9.1,21.7,36.4,33.1,22.5,18.6,42,70.3,81.6,89,89.3,87.1,86.9,85.6,80,70.9,67.4,61,45.9,39.7,29.8,35,53.3,63.7,78.3,69.4,55,38.4,29.6,30.6,29.5,25.5,26.7,42.9,72.4,90.8,103,106.7,107.2,97.3,81.1,64.2,48.9,40.1,38.5,45.8,41.9,35.4,28,31.9,48.4,64.5,75,80.5,83.9,87.2,85.4,76.9,0,14.2,22,41.9,73.1,84.4,73,67.8,52.9,46.3,67.1,86.7,96.5,101.6,101.5,100.9,86.1,73.2,58.6,50.1,35.7,21,25.5,42.3,56.6,53.3,40.6,28.3,24.2,38.1,61.4,78.8,79.6,75.7,60.4,59,67,81.4,79.5,68.4,53,33.8,10.5,16.6,38.2,52.1,72.3,92.1,112.5,124.6,124.4,125.7,110.2,86.4,66.9,58.8,66.9,73.5,81.6,98.4,112.4,115.8,105.6,90.3,69.7,44.4,21.1,19.5,31.7,43.4,52.2,58,65.9,77.8,96.4,103.9,110.7,109.6,93.3,75.7,63.1,60.5,62.2,49,38.8,31.7,9.5,16.7,39,54.1,0,TT,O,,2022,1,4,4/30/2009,23.74444444,26.33484741,26.5008397,25.50488599,0,0,0,20.1,32.1,42.7,41.2,35.8,55.3,72.1,68,46.3,23.9,17.3,35.9,49.6,69.8,85.1,95,101.4,104.9,105.8,103.1,107.6,111.6,99.7,87.9,71.2,49.6,25.4,8.5,9.1,21.7,36.4,33.1,22.5,18.6,42,70.3,81.6,89,89.3,87.1,86.9,85.6,80,70.9,67.4,61,45.9,39.7,29.8,35,53.3,63.7,78.3,69.4,55,38.4,29.6,30.6,29.5,25.5,26.7,42.9,72.4,90.8,103,106.7,107.2,97.3,81.1,64.2,48.9,40.1,38.5,45.8,41.9,35.4,28,31.9,48.4,64.5,75,80.5,83.9,87.2,85.4,76.9,0,0,0,0,73.1,84.4,73,67.8,52.9,46.3,67.1,86.7,96.5,101.6,101.5,100.9,86.1,73.2,58.6,50.1,35.7,21,25.5,42.3,56.6,53.3,40.6,28.3,24.2,38.1,61.4,78.8,79.6,75.7,60.4,59,67,81.4,79.5,68.4,53,33.8,10.5,16.6,38.2,52.1,72.3,92.1,112.5,124.6,124.4,125.7,110.2,86.4,66.9,58.8,66.9,73.5,81.6,98.4,112.4,115.8,105.6,90.3,69.7,44.4,21.1,19.5,31.7,43.4,52.2,58,65.9,77.8,96.4,103.9,110.7,109.6,93.3,75.7,63.1,60.5,62.2,49,38.8,31.7,9.5,16.7,39,54.1,0,5147.7,5717.1,59.85697674,66.47790698,115,55,4,4
17,7,A,S,2,9,225,10,36,86,8,6,-41,1.5,1,0,0,90,2206,12,8,56.3,40.7,41.6,65,76.5,77.1,67.4,44.8,0,0,0,0,0,0,0,0,0,0,0,0,0,0,0,0,0,0,0,0,0,0,0,0,0,0,0,0,0,0,0,0,0,0,0,0,0,0,0,0,0,0,0,0,0,0,0,0,0,0,0,0,0,0,0,0,0,0,0,0,0,0,0,0,0,0,0,0,0,0,0,0,0,0,0,0,0,0,0,0,0,0,102.8,76.7,48.4,22.9,24.7,30,46.5,64.7,0,0,0,0,0,0,0,0,0,0,0,0,0,0,0,0,0,0,0,0,0,0,0,0,0,0,0,0,0,0,0,0,0,0,0,0,0,0,0,0,0,0,0,0,0,0,0,0,0,0,0,0,0,0,0,0,0,0,0,0,0,0,0,0,0,0,0,0,0,0,0,0,0,0,0,0,0,0,0,0,0,0,TT,O,,2022,2,4,4/25/2009,25,26.33484741,26.5008397,25.50488599,0,40.7,41.6,65,76.5,77.1,67.4,44.8,0,0,0,0,0,0,0,0,0,0,0,0,0,0,0,0,0,0,0,0,0,0,0,0,0,0,0,0,0,0,0,0,0,0,0,0,0,0,0,0,0,0,0,0,0,0,0,0,0,0,0,0,0,0,0,0,0,0,0,0,0,0,0,0,0,0,0,0,0,0,0,0,0,0,0,0,0,0,0,0,0,0,0,76.7,48.4,22.9,24.7,30,46.5,64.7,0,0,0,0,0,0,0,0,0,0,0,0,0,0,0,0,0,0,0,0,0,0,0,0,0,0,0,0,0,0,0,0,0,0,0,0,0,0,0,0,0,0,0,0,0,0,0,0,0,0,0,0,0,0,0,0,0,0,0,0,0,0,0,0,0,0,0,0,0,0,0,0,0,0,0,0,0,0,0,0,0,0,413.1,313.9,59.01428571,44.84285714,55,115,2,2
18,7,A,E,2,2.8,87,92,1,25,37,38,-25,1.5,1,0,0,90,2206,12,2,59.4,28.8,0,0,0,0,0,0,0,0,0,0,0,0,0,0,0,0,0,0,0,0,0,0,0,0,0,0,0,0,0,0,0,0,0,0,0,0,0,0,0,0,0,0,0,0,0,0,0,0,0,0,0,0,0,0,0,0,0,0,0,0,0,0,0,0,0,0,0,0,0,0,0,0,0,0,0,0,0,0,0,0,0,0,0,0,0,0,0,0,121.6,105.9,0,0,0,0,0,0,0,0,0,0,0,0,0,0,0,0,0,0,0,0,0,0,0,0,0,0,0,0,0,0,0,0,0,0,0,0,0,0,0,0,0,0,0,0,0,0,0,0,0,0,0,0,0,0,0,0,0,0,0,0,0,0,0,0,0,0,0,0,0,0,0,0,0,0,0,0,0,0,0,0,0,0,0,0,0,0,0,0,TT,O,,2022,3,4,4/25/2009,31.07142857,26.33484741,26.5008397,25.50488599,0,28.8,0,0,0,0,0,0,0,0,0,0,0,0,0,0,0,0,0,0,0,0,0,0,0,0,0,0,0,0,0,0,0,0,0,0,0,0,0,0,0,0,0,0,0,0,0,0,0,0,0,0,0,0,0,0,0,0,0,0,0,0,0,0,0,0,0,0,0,0,0,0,0,0,0,0,0,0,0,0,0,0,0,0,0,0,0,0,0,0,0,105.9,0,0,0,0,0,0,0,0,0,0,0,0,0,0,0,0,0,0,0,0,0,0,0,0,0,0,0,0,0,0,0,0,0,0,0,0,0,0,0,0,0,0,0,0,0,0,0,0,0,0,0,0,0,0,0,0,0,0,0,0,0,0,0,0,0,0,0,0,0,0,0,0,0,0,0,0,0,0,0,0,0,0,0,0,0,0,0,0,28.8,105.9,28.8,105.9,55,115,2,2
13,8,A,E,2,41,1102,44,4,44,43,13,-19,1.5,5,0,0,90,2206,12,40,60.7,28.4,42.9,66.5,70.9,73,56.5,38,33.9,45.7,62.6,81.2,92.9,109.7,110.6,100.6,78.2,50.5,24.2,15.6,34,54.7,53.9,39.4,21.7,10.9,12.3,19.5,26.2,16.8,21.9,30.1,50.2,72.3,84.6,87.3,78.4,64.4,55.2,37.9,0,0,0,0,0,0,0,0,0,0,0,0,0,0,0,0,0,0,0,0,0,0,0,0,0,0,0,0,0,0,0,0,0,0,0,0,0,0,0,0,0,0,0,0,0,0,0,0,0,0,122.4,82.5,44.8,31.2,56,86.6,107.6,119.7,118.3,112.8,103.3,92.6,73.6,63.8,68.2,69,70.2,77,79.9,77.2,77.8,82.1,70.8,66.4,69.7,76.7,88.3,101.5,111.7,95.2,75.2,57.4,42.8,46.2,62.6,70.4,84.6,98.4,111.9,109.4,0,0,0,0,0,0,0,0,0,0,0,0,0,0,0,0,0,0,0,0,0,0,0,0,0,0,0,0,0,0,0,0,0,0,0,0,0,0,0,0,0,0,0,0,0,0,0,0,0,0,TT,O,,2022,4,4,4/26/2009,26.87804878,26.33484741,26.5008397,25.50488599,0,28.4,42.9,66.5,70.9,73,56.5,38,33.9,45.7,62.6,81.2,92.9,109.7,110.6,100.6,78.2,50.5,24.2,15.6,34,54.7,53.9,39.4,21.7,10.9,12.3,19.5,26.2,16.8,21.9,30.1,50.2,72.3,84.6,87.3,78.4,64.4,55.2,37.9,0,0,0,0,0,0,0,0,0,0,0,0,0,0,0,0,0,0,0,0,0,0,0,0,0,0,0,0,0,0,0,0,0,0,0,0,0,0,0,0,0,0,0,0,0,0,0,0,0,0,0,82.5,44.8,31.2,56,86.6,107.6,119.7,118.3,112.8,103.3,92.6,73.6,63.8,68.2,69,70.2,77,79.9,77.2,77.8,82.1,70.8,66.4,69.7,76.7,88.3,101.5,111.7,95.2,75.2,57.4,42.8,46.2,62.6,70.4,84.6,98.4,111.9,109.4,0,0,0,0,0,0,0,0,0,0,0,0,0,0,0,0,0,0,0,0,0,0,0,0,0,0,0,0,0,0,0,0,0,0,0,0,0,0,0,0,0,0,0,0,0,0,0,0,0,0,2053.6,3133.4,52.65641026,80.34358974,55,115,2,2
14,8,A,N,2,25.3,653,47,15,41,51,8,-28,1.5,1,2,0,90,2206,12,25,104.2,73.9,39.9,19.4,27.5,27.3,22.1,28.7,31.7,37.2,31.3,33,54.1,72.7,76.1,83.2,86,87.6,86.1,80.2,63.8,53.3,49.8,34,13.6,0,0,0,0,0,0,0,0,0,0,0,0,0,0,0,0,0,0,0,0,0,0,0,0,0,0,0,0,0,0,0,0,0,0,0,0,0,0,0,0,0,0,0,0,0,0,0,0,0,0,0,0,0,0,0,0,0,0,0,0,0,0,0,0,0,66.7,68.9,65,72.7,94.4,112.1,107.1,103.4,103.6,114,116.6,114.1,112,99.3,80.9,60.7,37.4,11.8,7.7,21.7,43.1,67.5,86.8,94.3,88.1,0,0,0,0,0,0,0,0,0,0,0,0,0,0,0,0,0,0,0,0,0,0,0,0,0,0,0,0,0,0,0,0,0,0,0,0,0,0,0,0,0,0,0,0,0,0,0,0,0,0,0,0,0,0,0,0,0,0,0,0,0,0,0,0,0,TT,O,,2022,5,4,4/26/2009,25.81027668,26.33484741,26.5008397,25.50488599,0,0,0,19.4,27.5,27.3,22.1,28.7,31.7,37.2,31.3,33,54.1,72.7,76.1,83.2,86,87.6,86.1,80.2,63.8,53.3,49.8,34,13.6,0,0,0,0,0,0,0,0,0,0,0,0,0,0,0,0,0,0,0,0,0,0,0,0,0,0,0,0,0,0,0,0,0,0,0,0,0,0,0,0,0,0,0,0,0,0,0,0,0,0,0,0,0,0,0,0,0,0,0,0,0,0,0,0,0,0,0,0,72.7,94.4,112.1,107.1,103.4,103.6,114,116.6,114.1,112,99.3,80.9,60.7,37.4,11.8,7.7,21.7,43.1,67.5,86.8,94.3,88.1,0,0,0,0,0,0,0,0,0,0,0,0,0,0,0,0,0,0,0,0,0,0,0,0,0,0,0,0,0,0,0,0,0,0,0,0,0,0,0,0,0,0,0,0,0,0,0,0,0,0,0,0,0,0,0,0,0,0,0,0,0,0,0,0,0,1098.7,1749.3,49.94090909,79.51363636,115,55,4,4
15,8,A,W,2,30.7,783,40,26,73,25,2,-42,1.5,3,2,0,90,2206,12,30,101.4,75.3,40.5,14.7,22.2,50.2,67.9,78.3,83.7,93.5,96.5,95.6,85.8,68.5,56.9,41.3,20.7,7.1,14.9,32.4,25.3,9.4,17.8,38.8,49.8,57.4,54.6,49.1,28.4,12.3,0,0,0,0,0,0,0,0,0,0,0,0,0,0,0,0,0,0,0,0,0,0,0,0,0,0,0,0,0,0,0,0,0,0,0,0,0,0,0,0,0,0,0,0,0,0,0,0,0,0,0,0,0,0,0,0,0,0,0,0,26.3,13.7,48.7,74.8,93.5,97,88,68.8,46,24.1,11,15.7,26.7,46.9,74.5,89.9,90.6,83,83.2,93.3,104.9,94.3,77.7,53.5,43.6,30.1,36.7,52.7,70.1,88.8,0,0,0,0,0,0,0,0,0,0,0,0,0,0,0,0,0,0,0,0,0,0,0,0,0,0,0,0,0,0,0,0,0,0,0,0,0,0,0,0,0,0,0,0,0,0,0,0,0,0,0,0,0,0,0,0,0,0,0,0,FS,O,,2022,6,4,4/26/2009,25.50488599,26.33484741,26.5008397,25.50488599,0,0,0,0,22.2,50.2,67.9,78.3,83.7,93.5,96.5,95.6,85.8,68.5,56.9,41.3,20.7,7.1,14.9,32.4,25.3,9.4,17.8,38.8,49.8,57.4,54.6,49.1,28.4,12.3,0,0,0,0,0,0,0,0,0,0,0,0,0,0,0,0,0,0,0,0,0,0,0,0,0,0,0,0,0,0,0,0,0,0,0,0,0,0,0,0,0,0,0,0,0,0,0,0,0,0,0,0,0,0,0,0,0,0,0,0,0,0,0,0,93.5,97,88,68.8,46,24.1,11,15.7,26.7,46.9,74.5,89.9,90.6,83,83.2,93.3,104.9,94.3,77.7,53.5,43.6,30.1,36.7,52.7,70.1,88.8,0,0,0,0,0,0,0,0,0,0,0,0,0,0,0,0,0,0,0,0,0,0,0,0,0,0,0,0,0,0,0,0,0,0,0,0,0,0,0,0,0,0,0,0,0,0,0,0,0,0,0,0,0,0,0,0,0,0,0,0,1258.4,1684.6,48.4,64.79230769,115,55,5,5
19,7,A,W,2,6.7,144,37,49,71,25,4,-20,1.5,2,0,0,90,2206,13,6,107.8,100,75.8,49.5,29.5,9.6,0,0,0,0,0,0,0,0,0,0,0,0,0,0,0,0,0,0,0,0,0,0,0,0,0,0,0,0,0,0,0,0,0,0,0,0,0,0,0,0,0,0,0,0,0,0,0,0,0,0,0,0,0,0,0,0,0,0,0,0,0,0,0,0,0,0,0,0,0,0,0,0,0,0,0,0,0,0,0,0,0,0,0,0,36.9,30.6,23.1,39,57.8,78,0,0,0,0,0,0,0,0,0,0,0,0,0,0,0,0,0,0,0,0,0,0,0,0,0,0,0,0,0,0,0,0,0,0,0,0,0,0,0,0,0,0,0,0,0,0,0,0,0,0,0,0,0,0,0,0,0,0,0,0,0,0,0,0,0,0,0,0,0,0,0,0,0,0,0,0,0,0,0,0,0,0,0,0,TT,O,,2022,1,4,4/25/2009,21.49253731,21.71273833,22.19209382,19.31596091,0,0,0,0,29.5,9.6,0,0,0,0,0,0,0,0,0,0,0,0,0,0,0,0,0,0,0,0,0,0,0,0,0,0,0,0,0,0,0,0,0,0,0,0,0,0,0,0,0,0,0,0,0,0,0,0,0,0,0,0,0,0,0,0,0,0,0,0,0,0,0,0,0,0,0,0,0,0,0,0,0,0,0,0,0,0,0,0,0,0,0,0,0,0,0,0,57.8,78,0,0,0,0,0,0,0,0,0,0,0,0,0,0,0,0,0,0,0,0,0,0,0,0,0,0,0,0,0,0,0,0,0,0,0,0,0,0,0,0,0,0,0,0,0,0,0,0,0,0,0,0,0,0,0,0,0,0,0,0,0,0,0,0,0,0,0,0,0,0,0,0,0,0,0,0,0,0,0,0,0,0,0,0,39.1,135.8,19.55,67.9,115,55,5,5
20,7,A,S,2,7.2,173,32,4,84,9,7,-44,1.5,1,0,0,90,2206,13,7,56.3,40.4,35.2,37.7,40.6,35.3,18.5,0,0,0,0,0,0,0,0,0,0,0,0,0,0,0,0,0,0,0,0,0,0,0,0,0,0,0,0,0,0,0,0,0,0,0,0,0,0,0,0,0,0,0,0,0,0,0,0,0,0,0,0,0,0,0,0,0,0,0,0,0,0,0,0,0,0,0,0,0,0,0,0,0,0,0,0,0,0,0,0,0,0,0,100,70.6,53.5,62.7,73.2,88.8,87.6,0,0,0,0,0,0,0,0,0,0,0,0,0,0,0,0,0,0,0,0,0,0,0,0,0,0,0,0,0,0,0,0,0,0,0,0,0,0,0,0,0,0,0,0,0,0,0,0,0,0,0,0,0,0,0,0,0,0,0,0,0,0,0,0,0,0,0,0,0,0,0,0,0,0,0,0,0,0,0,0,0,0,0,TT,O,,2022,2,4,4/25/2009,24.02777778,21.71273833,22.19209382,19.31596091,0,40.4,35.2,37.7,40.6,35.3,18.5,0,0,0,0,0,0,0,0,0,0,0,0,0,0,0,0,0,0,0,0,0,0,0,0,0,0,0,0,0,0,0,0,0,0,0,0,0,0,0,0,0,0,0,0,0,0,0,0,0,0,0,0,0,0,0,0,0,0,0,0,0,0,0,0,0,0,0,0,0,0,0,0,0,0,0,0,0,0,0,0,0,0,0,0,70.6,53.5,62.7,73.2,88.8,87.6,0,0,0,0,0,0,0,0,0,0,0,0,0,0,0,0,0,0,0,0,0,0,0,0,0,0,0,0,0,0,0,0,0,0,0,0,0,0,0,0,0,0,0,0,0,0,0,0,0,0,0,0,0,0,0,0,0,0,0,0,0,0,0,0,0,0,0,0,0,0,0,0,0,0,0,0,0,0,0,0,0,0,0,207.7,436.4,34.61666667,72.73333333,55,115,2,2
21,7,A,E,2,11.8,274,41,29,83,6,11,3,1.5,1,0,0,90,2206,13,11,61.8,40.8,18.7,38,69.3,73.8,70.6,65.7,48.7,35.5,20.8,0,0,0,0,0,0,0,0,0,0,0,0,0,0,0,0,0,0,0,0,0,0,0,0,0,0,0,0,0,0,0,0,0,0,0,0,0,0,0,0,0,0,0,0,0,0,0,0,0,0,0,0,0,0,0,0,0,0,0,0,0,0,0,0,0,0,0,0,0,0,0,0,0,0,0,0,0,0,0,120.5,102.7,78.5,55.4,34.4,16.9,17.6,25.7,49.1,71.9,84.7,0,0,0,0,0,0,0,0,0,0,0,0,0,0,0,0,0,0,0,0,0,0,0,0,0,0,0,0,0,0,0,0,0,0,0,0,0,0,0,0,0,0,0,0,0,0,0,0,0,0,0,0,0,0,0,0,0,0,0,0,0,0,0,0,0,0,0,0,0,0,0,0,0,0,0,0,0,0,0,TT,O,,2022,3,4,4/25/2009,23.22033898,21.71273833,22.19209382,19.31596091,0,40.8,18.7,38,69.3,73.8,70.6,65.7,48.7,35.5,20.8,0,0,0,0,0,0,0,0,0,0,0,0,0,0,0,0,0,0,0,0,0,0,0,0,0,0,0,0,0,0,0,0,0,0,0,0,0,0,0,0,0,0,0,0,0,0,0,0,0,0,0,0,0,0,0,0,0,0,0,0,0,0,0,0,0,0,0,0,0,0,0,0,0,0,0,0,0,0,0,0,102.7,78.5,55.4,34.4,16.9,17.6,25.7,49.1,71.9,84.7,0,0,0,0,0,0,0,0,0,0,0,0,0,0,0,0,0,0,0,0,0,0,0,0,0,0,0,0,0,0,0,0,0,0,0,0,0,0,0,0,0,0,0,0,0,0,0,0,0,0,0,0,0,0,0,0,0,0,0,0,0,0,0,0,0,0,0,0,0,0,0,0,0,0,0,0,0,0,0,481.9,536.9,48.19,53.69,55,115,2,2
16,8,A,E,2,29.3,640,35,19,85,10,5,-32,1.5,2,0,0,90,2206,13,29,60.5,27.9,31.3,56.4,62.1,61.3,49.7,35.3,42.4,62.5,68.5,69.9,61.6,46.2,28.4,11.1,11.2,29,48.3,56.4,59.6,57.9,54.8,52.5,44.8,34.9,27.2,21.8,9.6,0,0,0,0,0,0,0,0,0,0,0,0,0,0,0,0,0,0,0,0,0,0,0,0,0,0,0,0,0,0,0,0,0,0,0,0,0,0,0,0,0,0,0,0,0,0,0,0,0,0,0,0,0,0,0,0,0,0,0,0,0,123.3,96.7,57.9,41.6,43.8,48.8,60.8,60.5,47.4,26.3,20.6,22.5,36.9,56.5,73.4,78.8,80,75.3,61,43.8,29.1,33.4,48.7,65,81.4,95.2,103.9,106.5,93.8,0,0,0,0,0,0,0,0,0,0,0,0,0,0,0,0,0,0,0,0,0,0,0,0,0,0,0,0,0,0,0,0,0,0,0,0,0,0,0,0,0,0,0,0,0,0,0,0,0,0,0,0,0,0,0,0,0,0,0,0,0,TT,O,,2022,4,4,4/26/2009,21.84300341,21.71273833,22.19209382,19.31596091,0,27.9,31.3,56.4,62.1,61.3,49.7,35.3,42.4,62.5,68.5,69.9,61.6,46.2,28.4,11.1,11.2,29,48.3,56.4,59.6,57.9,54.8,52.5,44.8,34.9,27.2,21.8,9.6,0,0,0,0,0,0,0,0,0,0,0,0,0,0,0,0,0,0,0,0,0,0,0,0,0,0,0,0,0,0,0,0,0,0,0,0,0,0,0,0,0,0,0,0,0,0,0,0,0,0,0,0,0,0,0,0,0,0,0,0,0,0,96.7,57.9,41.6,43.8,48.8,60.8,60.5,47.4,26.3,20.6,22.5,36.9,56.5,73.4,78.8,80,75.3,61,43.8,29.1,33.4,48.7,65,81.4,95.2,103.9,106.5,93.8,0,0,0,0,0,0,0,0,0,0,0,0,0,0,0,0,0,0,0,0,0,0,0,0,0,0,0,0,0,0,0,0,0,0,0,0,0,0,0,0,0,0,0,0,0,0,0,0,0,0,0,0,0,0,0,0,0,0,0,0,0,1222.6,1689.6,43.66428571,60.34285714,55,115,2,2
17,8,A,N,2,34.5,703,36,10,81,17,2,-19,1.5,1,0,0,90,2206,13,34,105.9,91.1,64.4,36.7,22.7,41.8,33,31.3,17.7,15.2,36.6,53.3,55.7,52.6,46.1,37.4,34,30.7,27.9,21.9,19.8,27.4,42.2,58.6,67.7,66.7,63.2,60.1,60.1,58.1,54.3,43.3,31.8,16.9,0,0,0,0,0,0,0,0,0,0,0,0,0,0,0,0,0,0,0,0,0,0,0,0,0,0,0,0,0,0,0,0,0,0,0,0,0,0,0,0,0,0,0,0,0,0,0,0,0,0,0,0,0,0,0,0,63.9,58.8,52.7,57.7,67.5,62.8,62.1,65.8,75.9,88.7,87.5,72.7,56.4,42.4,41.8,51.2,60.3,80.2,94.8,103.2,105.7,93.6,80.9,67.5,50.3,33.2,24.7,34.8,41.5,57.6,74.1,87,93.6,92.6,0,0,0,0,0,0,0,0,0,0,0,0,0,0,0,0,0,0,0,0,0,0,0,0,0,0,0,0,0,0,0,0,0,0,0,0,0,0,0,0,0,0,0,0,0,0,0,0,0,0,0,0,0,0,0,0,TT,O,,2022,5,4,4/26/2009,20.37681159,21.71273833,22.19209382,19.31596091,0,0,0,0,22.7,41.8,33,31.3,17.7,15.2,36.6,53.3,55.7,52.6,46.1,37.4,34,30.7,27.9,21.9,19.8,27.4,42.2,58.6,67.7,66.7,63.2,60.1,60.1,58.1,54.3,43.3,31.8,16.9,0,0,0,0,0,0,0,0,0,0,0,0,0,0,0,0,0,0,0,0,0,0,0,0,0,0,0,0,0,0,0,0,0,0,0,0,0,0,0,0,0,0,0,0,0,0,0,0,0,0,0,0,0,0,0,0,0,0,0,0,67.5,62.8,62.1,65.8,75.9,88.7,87.5,72.7,56.4,42.4,41.8,51.2,60.3,80.2,94.8,103.2,105.7,93.6,80.9,67.5,50.3,33.2,24.7,34.8,41.5,57.6,74.1,87,93.6,92.6,0,0,0,0,0,0,0,0,0,0,0,0,0,0,0,0,0,0,0,0,0,0,0,0,0,0,0,0,0,0,0,0,0,0,0,0,0,0,0,0,0,0,0,0,0,0,0,0,0,0,0,0,0,0,0,0,1228.1,2050.4,40.93666667,68.34666667,115,55,5,5
18,8,A,W,2,30.7,593,36,25,70,29,1,-22,1.5,1,1,0,90,2206,13,30,109.1,98.9,74.6,49.8,27.2,9.1,7.1,15.1,35.3,53.4,61.8,64.4,63.2,61.9,60.4,54.9,42.8,29.8,16.8,14.9,20.4,24,24.6,33.5,48.6,55.1,62.8,71.8,79.7,79,0,0,0,0,0,0,0,0,0,0,0,0,0,0,0,0,0,0,0,0,0,0,0,0,0,0,0,0,0,0,0,0,0,0,0,0,0,0,0,0,0,0,0,0,0,0,0,0,0,0,0,0,0,0,0,0,0,0,0,0,40.4,31.9,22.3,37.5,59.6,79.4,92.2,94.9,86.9,72,55.2,36.1,24.9,30.7,38,53.2,69.4,81.8,85.5,93.9,104.5,110.4,109,104.2,93.7,82.5,69.3,54.1,36,16,0,0,0,0,0,0,0,0,0,0,0,0,0,0,0,0,0,0,0,0,0,0,0,0,0,0,0,0,0,0,0,0,0,0,0,0,0,0,0,0,0,0,0,0,0,0,0,0,0,0,0,0,0,0,0,0,0,0,0,0,FS,O,,2022,6,4,4/26/2009,19.31596091,21.71273833,22.19209382,19.31596091,0,0,0,0,0,9.1,7.1,15.1,35.3,53.4,61.8,64.4,63.2,61.9,60.4,54.9,42.8,29.8,16.8,14.9,20.4,24,24.6,33.5,48.6,55.1,62.8,71.8,79.7,79,0,0,0,0,0,0,0,0,0,0,0,0,0,0,0,0,0,0,0,0,0,0,0,0,0,0,0,0,0,0,0,0,0,0,0,0,0,0,0,0,0,0,0,0,0,0,0,0,0,0,0,0,0,0,0,0,0,0,0,0,0,0,0,0,0,79.4,92.2,94.9,86.9,72,55.2,36.1,24.9,30.7,38,53.2,69.4,81.8,85.5,93.9,104.5,110.4,109,104.2,93.7,82.5,69.3,54.1,36,16,0,0,0,0,0,0,0,0,0,0,0,0,0,0,0,0,0,0,0,0,0,0,0,0,0,0,0,0,0,0,0,0,0,0,0,0,0,0,0,0,0,0,0,0,0,0,0,0,0,0,0,0,0,0,0,0,0,0,0,0,1090.4,1773.8,43.616,70.952,115,55,6,6
22,7,A,W,2,90.1,1836,29,13,20,38,42,-32,1.5,0,1,0,90,2206,14,90,110.6,102,80.5,54.8,34.2,40.4,68.9,60.5,67.7,73.3,76.6,75.9,65.2,47,31.3,35.8,51.3,61.9,54.9,47.6,44.5,47.1,51.1,60.6,66.8,65.2,57.8,67.6,78.5,90.9,97.3,104.5,109,108.8,104.7,98.6,93.1,93.8,95,91.2,85.7,69.6,61.2,40,32.6,33.9,43.2,40.8,47.7,49,54.6,66,75,76.4,76.8,76.3,81.5,80.7,76.2,69.5,57.8,41.1,28.2,33.5,51,74.8,89.5,96.1,98,88.8,81.8,63.4,41.4,29.6,22.1,27.1,38,43,46.9,59.3,72.6,74.4,72.3,72.1,71.2,64,63.3,62.2,68,89.7,37.9,29.6,19.6,32.7,62.5,95.6,127.5,109,95.4,82.9,84.4,71.1,57.7,51.7,57,74,96.5,116.1,120.9,126.5,129.8,132.9,131.1,133.5,131.3,120.9,105.2,103.4,109.4,110.8,101.5,90.3,77.7,69.4,53.2,32.1,10.5,17.7,34.4,53,71.7,85.9,96,106,112.2,118.6,129.5,125.4,129.6,124.2,121,128,126.4,123.7,121,119.8,120.6,110.2,101.5,93.4,77,63,60.2,72.7,93.7,105.6,99.1,90.3,87.8,87.8,88.6,96.9,106.1,109.6,108.2,112.3,117.6,114.4,107.5,107,110.5,103.9,94.6,82.9,73.2,53.1,32.7,25.6,39.4,52.4,TT,O,,2022,1,4,4/25/2009,20.37735849,20.39499578,20.03243649,22.20779221,0,0,0,0,0,40.4,68.9,60.5,67.7,73.3,76.6,75.9,65.2,47,31.3,35.8,51.3,61.9,54.9,47.6,44.5,47.1,51.1,60.6,66.8,65.2,57.8,67.6,78.5,90.9,97.3,104.5,109,108.8,104.7,98.6,93.1,93.8,95,91.2,85.7,69.6,61.2,40,32.6,33.9,43.2,40.8,47.7,49,54.6,66,75,76.4,76.8,76.3,81.5,80.7,76.2,69.5,57.8,41.1,28.2,33.5,51,74.8,89.5,96.1,98,88.8,81.8,63.4,41.4,29.6,22.1,27.1,38,43,46.9,59.3,72.6,74.4,72.3,72.1,71.2,64,63.3,62.2,68,89.7,0,0,0,0,0,95.6,127.5,109,95.4,82.9,84.4,71.1,57.7,51.7,57,74,96.5,116.1,120.9,126.5,129.8,132.9,131.1,133.5,131.3,120.9,105.2,103.4,109.4,110.8,101.5,90.3,77.7,69.4,53.2,32.1,10.5,17.7,34.4,53,71.7,85.9,96,106,112.2,118.6,129.5,125.4,129.6,124.2,121,128,126.4,123.7,121,119.8,120.6,110.2,101.5,93.4,77,63,60.2,72.7,93.7,105.6,99.1,90.3,87.8,87.8,88.6,96.9,106.1,109.6,108.2,112.3,117.6,114.4,107.5,107,110.5,103.9,94.6,82.9,73.2,53.1,32.7,25.6,39.4,52.4,5542.3,7952.8,65.20352941,93.56235294,115,55,6,6
23,7,A,S,2,36.1,597,59,3,22,25,53,8,1.5,1,0,0,90,2206,14,36,59.7,50.7,36.2,20.6,19.8,23.1,36.2,45.4,51.4,47.6,44.5,46.2,50,56.9,64.6,74,81.9,83,79.4,81.6,78.4,73.8,60.4,47.8,42.9,49.3,60.2,69.9,64.8,55.6,52.8,51.8,40.7,34.9,23.7,11.4,0,0,0,0,0,0,0,0,0,0,0,0,0,0,0,0,0,0,0,0,0,0,0,0,0,0,0,0,0,0,0,0,0,0,0,0,0,0,0,0,0,0,0,0,0,0,0,0,0,0,0,0,0,0,114.5,107.2,102.8,95.3,88.7,91.4,101.4,112.4,122.6,126.4,129.7,132.3,132.6,133.3,130.8,127.3,120.4,108,90.8,75.9,65.2,54.6,43,40.6,52.4,69,90.3,110,113,120.2,122.4,121.9,117.8,116.1,105.9,96,0,0,0,0,0,0,0,0,0,0,0,0,0,0,0,0,0,0,0,0,0,0,0,0,0,0,0,0,0,0,0,0,0,0,0,0,0,0,0,0,0,0,0,0,0,0,0,0,0,0,0,0,0,0,TT,O,,2022,2,4,4/25/2009,16.53739612,20.39499578,20.03243649,22.20779221,0,0,36.2,20.6,19.8,23.1,36.2,45.4,51.4,47.6,44.5,46.2,50,56.9,64.6,74,81.9,83,79.4,81.6,78.4,73.8,60.4,47.8,42.9,49.3,60.2,69.9,64.8,55.6,52.8,51.8,40.7,34.9,23.7,11.4,0,0,0,0,0,0,0,0,0,0,0,0,0,0,0,0,0,0,0,0,0,0,0,0,0,0,0,0,0,0,0,0,0,0,0,0,0,0,0,0,0,0,0,0,0,0,0,0,0,0,0,0,0,0,0,0,102.8,95.3,88.7,91.4,101.4,112.4,122.6,126.4,129.7,132.3,132.6,133.3,130.8,127.3,120.4,108,90.8,75.9,65.2,54.6,43,40.6,52.4,69,90.3,110,113,120.2,122.4,121.9,117.8,116.1,105.9,96,0,0,0,0,0,0,0,0,0,0,0,0,0,0,0,0,0,0,0,0,0,0,0,0,0,0,0,0,0,0,0,0,0,0,0,0,0,0,0,0,0,0,0,0,0,0,0,0,0,0,0,0,0,0,1760.8,3460.5,51.78823529,101.7794118,55,115,3,3
24,7,A,E,2,4.6,66,97,1,4,28,68,-19,1.5,0,0,0,90,2206,14,4,63.2,56.5,54.7,35.8,0,0,0,0,0,0,0,0,0,0,0,0,0,0,0,0,0,0,0,0,0,0,0,0,0,0,0,0,0,0,0,0,0,0,0,0,0,0,0,0,0,0,0,0,0,0,0,0,0,0,0,0,0,0,0,0,0,0,0,0,0,0,0,0,0,0,0,0,0,0,0,0,0,0,0,0,0,0,0,0,0,0,0,0,0,0,124.7,121.6,121.9,109.3,0,0,0,0,0,0,0,0,0,0,0,0,0,0,0,0,0,0,0,0,0,0,0,0,0,0,0,0,0,0,0,0,0,0,0,0,0,0,0,0,0,0,0,0,0,0,0,0,0,0,0,0,0,0,0,0,0,0,0,0,0,0,0,0,0,0,0,0,0,0,0,0,0,0,0,0,0,0,0,0,0,0,0,0,0,0,TT,O,,2022,3,4,4/25/2009,14.34782609,20.39499578,20.03243649,22.20779221,0,0,54.7,35.8,0,0,0,0,0,0,0,0,0,0,0,0,0,0,0,0,0,0,0,0,0,0,0,0,0,0,0,0,0,0,0,0,0,0,0,0,0,0,0,0,0,0,0,0,0,0,0,0,0,0,0,0,0,0,0,0,0,0,0,0,0,0,0,0,0,0,0,0,0,0,0,0,0,0,0,0,0,0,0,0,0,0,0,0,0,0,0,0,121.9,109.3,0,0,0,0,0,0,0,0,0,0,0,0,0,0,0,0,0,0,0,0,0,0,0,0,0,0,0,0,0,0,0,0,0,0,0,0,0,0,0,0,0,0,0,0,0,0,0,0,0,0,0,0,0,0,0,0,0,0,0,0,0,0,0,0,0,0,0,0,0,0,0,0,0,0,0,0,0,0,0,0,0,0,0,0,0,0,90.5,231.2,45.25,115.6,55,115,3,3
19,8,A,E,2,36.7,863,20,18,55,22,23,31,1.5,2,0,0,90,2206,14,36,67.6,56,47.9,42.1,36.8,49.6,80,102.4,111,108.3,99.7,81.8,51,24,8.4,18.6,37.5,43.1,55.4,61.1,60.4,55.9,59.8,70.5,76.2,92.2,111.7,123.4,115.5,108.4,87,63.9,45.4,30.5,22.3,14.1,0,0,0,0,0,0,0,0,0,0,0,0,0,0,0,0,0,0,0,0,0,0,0,0,0,0,0,0,0,0,0,0,0,0,0,0,0,0,0,0,0,0,0,0,0,0,0,0,0,0,0,0,0,0,120,99.4,77.2,59.5,52.8,68.8,91.7,89.6,79.2,76.5,77.5,74.4,71.4,75.4,84.5,86,89.6,75.2,58.3,51.1,36.7,32.2,47.1,42.1,33.6,33.1,40.4,49.6,46.3,41.8,37.5,50.3,74.5,95.1,106.8,100.5,0,0,0,0,0,0,0,0,0,0,0,0,0,0,0,0,0,0,0,0,0,0,0,0,0,0,0,0,0,0,0,0,0,0,0,0,0,0,0,0,0,0,0,0,0,0,0,0,0,0,0,0,0,0,TT,O,,2022,4,4,4/26/2009,23.51498638,20.39499578,20.03243649,22.20779221,0,0,47.9,42.1,36.8,49.6,80,102.4,111,108.3,99.7,81.8,51,24,8.4,18.6,37.5,43.1,55.4,61.1,60.4,55.9,59.8,70.5,76.2,92.2,111.7,123.4,115.5,108.4,87,63.9,45.4,30.5,22.3,14.1,0,0,0,0,0,0,0,0,0,0,0,0,0,0,0,0,0,0,0,0,0,0,0,0,0,0,0,0,0,0,0,0,0,0,0,0,0,0,0,0,0,0,0,0,0,0,0,0,0,0,0,0,0,0,0,0,77.2,59.5,52.8,68.8,91.7,89.6,79.2,76.5,77.5,74.4,71.4,75.4,84.5,86,89.6,75.2,58.3,51.1,36.7,32.2,47.1,42.1,33.6,33.1,40.4,49.6,46.3,41.8,37.5,50.3,74.5,95.1,106.8,100.5,0,0,0,0,0,0,0,0,0,0,0,0,0,0,0,0,0,0,0,0,0,0,0,0,0,0,0,0,0,0,0,0,0,0,0,0,0,0,0,0,0,0,0,0,0,0,0,0,0,0,0,0,0,0,2195.9,2206.3,64.58529412,64.89117647,55,115,3,3
20,8,A,N,2,5.2,132,33,1,49,39,12,-42,1.5,0,0,0,90,2206,14,5,107.2,83.3,57.2,30.2,15.6,0,0,0,0,0,0,0,0,0,0,0,0,0,0,0,0,0,0,0,0,0,0,0,0,0,0,0,0,0,0,0,0,0,0,0,0,0,0,0,0,0,0,0,0,0,0,0,0,0,0,0,0,0,0,0,0,0,0,0,0,0,0,0,0,0,0,0,0,0,0,0,0,0,0,0,0,0,0,0,0,0,0,0,0,0,70.2,71.6,70.2,79.5,96,0,0,0,0,0,0,0,0,0,0,0,0,0,0,0,0,0,0,0,0,0,0,0,0,0,0,0,0,0,0,0,0,0,0,0,0,0,0,0,0,0,0,0,0,0,0,0,0,0,0,0,0,0,0,0,0,0,0,0,0,0,0,0,0,0,0,0,0,0,0,0,0,0,0,0,0,0,0,0,0,0,0,0,0,0,TT,O,,2022,5,4,4/26/2009,25.38461538,20.39499578,20.03243649,22.20779221,0,0,0,0,0,0,0,0,0,0,0,0,0,0,0,0,0,0,0,0,0,0,0,0,0,0,0,0,0,0,0,0,0,0,0,0,0,0,0,0,0,0,0,0,0,0,0,0,0,0,0,0,0,0,0,0,0,0,0,0,0,0,0,0,0,0,0,0,0,0,0,0,0,0,0,0,0,0,0,0,0,0,0,0,0,0,0,0,0,0,0,0,0,0,0,0,0,0,0,0,0,0,0,0,0,0,0,0,0,0,0,0,0,0,0,0,0,0,0,0,0,0,0,0,0,0,0,0,0,0,0,0,0,0,0,0,0,0,0,0,0,0,0,0,0,0,0,0,0,0,0,0,0,0,0,0,0,0,0,0,0,0,0,0,0,0,0,0,0,0,0,0,0,0,0,0,0,0,0,0,0,0,0,0,115,55,6,5
21,8,A,W,2,30.8,684,37,20,31,48,21,-54,1.5,1,1,0,90,2206,14,30,112.6,99.5,90.2,77.3,68.6,50.9,34.1,37.5,61.9,59.6,55.8,55.8,40,19.5,10.5,39,56.9,64.4,46.8,39.7,41.8,52.1,63.3,87.5,94.7,82.7,62.1,39.7,18.8,18.2,0,0,0,0,0,0,0,0,0,0,0,0,0,0,0,0,0,0,0,0,0,0,0,0,0,0,0,0,0,0,0,0,0,0,0,0,0,0,0,0,0,0,0,0,0,0,0,0,0,0,0,0,0,0,0,0,0,0,0,0,37.2,16.6,4.2,13.1,22.9,43.5,68.9,99.3,127.3,115.8,107.5,108.4,97.6,85.8,83.2,94.2,106.7,113.2,108.2,97.6,84.2,77.4,77.3,84.1,89.3,86.7,85.6,89.3,96.1,100.7,0,0,0,0,0,0,0,0,0,0,0,0,0,0,0,0,0,0,0,0,0,0,0,0,0,0,0,0,0,0,0,0,0,0,0,0,0,0,0,0,0,0,0,0,0,0,0,0,0,0,0,0,0,0,0,0,0,0,0,0,FS,O,,2022,6,4,4/26/2009,22.20779221,20.39499578,20.03243649,22.20779221,0,0,0,0,68.6,50.9,34.1,37.5,61.9,59.6,55.8,55.8,40,19.5,10.5,39,56.9,64.4,46.8,39.7,41.8,52.1,63.3,87.5,94.7,82.7,62.1,39.7,18.8,18.2,0,0,0,0,0,0,0,0,0,0,0,0,0,0,0,0,0,0,0,0,0,0,0,0,0,0,0,0,0,0,0,0,0,0,0,0,0,0,0,0,0,0,0,0,0,0,0,0,0,0,0,0,0,0,0,0,0,0,0,0,0,0,0,0,22.9,43.5,68.9,99.3,127.3,115.8,107.5,108.4,97.6,85.8,83.2,94.2,106.7,113.2,108.2,97.6,84.2,77.4,77.3,84.1,89.3,86.7,85.6,89.3,96.1,100.7,0,0,0,0,0,0,0,0,0,0,0,0,0,0,0,0,0,0,0,0,0,0,0,0,0,0,0,0,0,0,0,0,0,0,0,0,0,0,0,0,0,0,0,0,0,0,0,0,0,0,0,0,0,0,0,0,0,0,0,0,1301.9,2350.8,50.07307692,90.41538462,115,55,5,5
28,7,A,W,2,20.9,570,25,15,42,35,23,-40,1.5,1,1,0,90,2206,17,20,110,93.2,94.7,110.5,107.6,91.6,66.6,44,43.9,46.3,31.1,36.6,56.7,64.9,71.4,82.3,81.8,79.4,61.6,31.1,0,0,0,0,0,0,0,0,0,0,0,0,0,0,0,0,0,0,0,0,0,0,0,0,0,0,0,0,0,0,0,0,0,0,0,0,0,0,0,0,0,0,0,0,0,0,0,0,0,0,0,0,0,0,0,0,0,0,0,0,0,0,0,0,0,0,0,0,0,0,37.1,13.3,42.7,71.1,76.6,83.3,89.4,100.2,121,129.6,116.9,95.5,78,60.6,40.1,35.1,31,42.4,51.6,66.7,0,0,0,0,0,0,0,0,0,0,0,0,0,0,0,0,0,0,0,0,0,0,0,0,0,0,0,0,0,0,0,0,0,0,0,0,0,0,0,0,0,0,0,0,0,0,0,0,0,0,0,0,0,0,0,0,0,0,0,0,0,0,0,0,0,0,0,0,0,0,TT,O,,2022,1,4,4/25/2009,27.27272727,25.42837208,25.38701067,25.63517915,0,0,0,0,107.6,91.6,66.6,44,43.9,46.3,31.1,36.6,56.7,64.9,71.4,82.3,81.8,79.4,61.6,31.1,0,0,0,0,0,0,0,0,0,0,0,0,0,0,0,0,0,0,0,0,0,0,0,0,0,0,0,0,0,0,0,0,0,0,0,0,0,0,0,0,0,0,0,0,0,0,0,0,0,0,0,0,0,0,0,0,0,0,0,0,0,0,0,0,0,0,0,0,0,0,0,0,0,0,76.6,83.3,89.4,100.2,121,129.6,116.9,95.5,78,60.6,40.1,35.1,31,42.4,51.6,66.7,0,0,0,0,0,0,0,0,0,0,0,0,0,0,0,0,0,0,0,0,0,0,0,0,0,0,0,0,0,0,0,0,0,0,0,0,0,0,0,0,0,0,0,0,0,0,0,0,0,0,0,0,0,0,0,0,0,0,0,0,0,0,0,0,0,0,0,0,0,0,996.9,1218,62.30625,76.125,115,55,5,5
29,7,A,S,2,3.7,75,97,3,22,44,34,37,1.5,1,0,0,90,2206,17,3,55.9,36.7,16.5,0,0,0,0,0,0,0,0,0,0,0,0,0,0,0,0,0,0,0,0,0,0,0,0,0,0,0,0,0,0,0,0,0,0,0,0,0,0,0,0,0,0,0,0,0,0,0,0,0,0,0,0,0,0,0,0,0,0,0,0,0,0,0,0,0,0,0,0,0,0,0,0,0,0,0,0,0,0,0,0,0,0,0,0,0,0,0,114,110.4,100,0,0,0,0,0,0,0,0,0,0,0,0,0,0,0,0,0,0,0,0,0,0,0,0,0,0,0,0,0,0,0,0,0,0,0,0,0,0,0,0,0,0,0,0,0,0,0,0,0,0,0,0,0,0,0,0,0,0,0,0,0,0,0,0,0,0,0,0,0,0,0,0,0,0,0,0,0,0,0,0,0,0,0,0,0,0,0,TT,O,,2022,2,4,4/25/2009,20.27027027,25.42837208,25.38701067,25.63517915,0,36.7,16.5,0,0,0,0,0,0,0,0,0,0,0,0,0,0,0,0,0,0,0,0,0,0,0,0,0,0,0,0,0,0,0,0,0,0,0,0,0,0,0,0,0,0,0,0,0,0,0,0,0,0,0,0,0,0,0,0,0,0,0,0,0,0,0,0,0,0,0,0,0,0,0,0,0,0,0,0,0,0,0,0,0,0,0,0,0,0,0,0,110.4,100,0,0,0,0,0,0,0,0,0,0,0,0,0,0,0,0,0,0,0,0,0,0,0,0,0,0,0,0,0,0,0,0,0,0,0,0,0,0,0,0,0,0,0,0,0,0,0,0,0,0,0,0,0,0,0,0,0,0,0,0,0,0,0,0,0,0,0,0,0,0,0,0,0,0,0,0,0,0,0,0,0,0,0,0,0,0,0,53.2,210.4,26.6,105.2,55,115,2,2
30,7,A,E,2,10.2,258,70,2,34,32,34,48,1.5,1,0,0,90,2206,17,10,68.7,62.8,54.2,28.9,17,28.6,50.4,47.5,29,8.8,0,0,0,0,0,0,0,0,0,0,0,0,0,0,0,0,0,0,0,0,0,0,0,0,0,0,0,0,0,0,0,0,0,0,0,0,0,0,0,0,0,0,0,0,0,0,0,0,0,0,0,0,0,0,0,0,0,0,0,0,0,0,0,0,0,0,0,0,0,0,0,0,0,0,0,0,0,0,0,0,122.7,110.8,105.4,88.4,72.3,83.4,105.2,121.9,107.2,93.4,0,0,0,0,0,0,0,0,0,0,0,0,0,0,0,0,0,0,0,0,0,0,0,0,0,0,0,0,0,0,0,0,0,0,0,0,0,0,0,0,0,0,0,0,0,0,0,0,0,0,0,0,0,0,0,0,0,0,0,0,0,0,0,0,0,0,0,0,0,0,0,0,0,0,0,0,0,0,0,0,TT,O,,2022,3,4,4/25/2009,25.29411765,25.42837208,25.38701067,25.63517915,0,62.8,54.2,28.9,17,28.6,50.4,47.5,29,8.8,0,0,0,0,0,0,0,0,0,0,0,0,0,0,0,0,0,0,0,0,0,0,0,0,0,0,0,0,0,0,0,0,0,0,0,0,0,0,0,0,0,0,0,0,0,0,0,0,0,0,0,0,0,0,0,0,0,0,0,0,0,0,0,0,0,0,0,0,0,0,0,0,0,0,0,0,0,0,0,0,0,110.8,105.4,88.4,72.3,83.4,105.2,121.9,107.2,93.4,0,0,0,0,0,0,0,0,0,0,0,0,0,0,0,0,0,0,0,0,0,0,0,0,0,0,0,0,0,0,0,0,0,0,0,0,0,0,0,0,0,0,0,0,0,0,0,0,0,0,0,0,0,0,0,0,0,0,0,0,0,0,0,0,0,0,0,0,0,0,0,0,0,0,0,0,0,0,0,0,327.2,888,36.35555556,98.66666667,55,115,2,2
25,8,A,E,2,11.2,308,31,3,44,33,23,41,1.5,1,0,0,90,2206,17,11,61.7,48.8,30.7,48.5,52.2,64.1,73.9,74.7,53.6,28.4,10.4,0,0,0,0,0,0,0,0,0,0,0,0,0,0,0,0,0,0,0,0,0,0,0,0,0,0,0,0,0,0,0,0,0,0,0,0,0,0,0,0,0,0,0,0,0,0,0,0,0,0,0,0,0,0,0,0,0,0,0,0,0,0,0,0,0,0,0,0,0,0,0,0,0,0,0,0,0,0,0,109.8,91.7,65,43.1,44.1,61.9,91.4,107.2,113.6,104.2,93.1,0,0,0,0,0,0,0,0,0,0,0,0,0,0,0,0,0,0,0,0,0,0,0,0,0,0,0,0,0,0,0,0,0,0,0,0,0,0,0,0,0,0,0,0,0,0,0,0,0,0,0,0,0,0,0,0,0,0,0,0,0,0,0,0,0,0,0,0,0,0,0,0,0,0,0,0,0,0,0,TT,O,,2022,4,4,4/26/2009,27.5,25.42837208,25.38701067,25.63517915,0,48.8,30.7,48.5,52.2,64.1,73.9,74.7,53.6,28.4,10.4,0,0,0,0,0,0,0,0,0,0,0,0,0,0,0,0,0,0,0,0,0,0,0,0,0,0,0,0,0,0,0,0,0,0,0,0,0,0,0,0,0,0,0,0,0,0,0,0,0,0,0,0,0,0,0,0,0,0,0,0,0,0,0,0,0,0,0,0,0,0,0,0,0,0,0,0,0,0,0,0,91.7,65,43.1,44.1,61.9,91.4,107.2,113.6,104.2,93.1,0,0,0,0,0,0,0,0,0,0,0,0,0,0,0,0,0,0,0,0,0,0,0,0,0,0,0,0,0,0,0,0,0,0,0,0,0,0,0,0,0,0,0,0,0,0,0,0,0,0,0,0,0,0,0,0,0,0,0,0,0,0,0,0,0,0,0,0,0,0,0,0,0,0,0,0,0,0,0,485.3,815.3,48.53,81.53,55,115,2,2
26,8,A,N,2,9.7,258,53,38,46,38,16,35,1.5,1,0,0,90,2206,17,9,110.8,102.3,80.9,53.8,31.8,31.1,42.5,26.3,8,0,0,0,0,0,0,0,0,0,0,0,0,0,0,0,0,0,0,0,0,0,0,0,0,0,0,0,0,0,0,0,0,0,0,0,0,0,0,0,0,0,0,0,0,0,0,0,0,0,0,0,0,0,0,0,0,0,0,0,0,0,0,0,0,0,0,0,0,0,0,0,0,0,0,0,0,0,0,0,0,0,54.5,44.7,22.4,34,68.7,102.2,126.4,112.8,94.2,0,0,0,0,0,0,0,0,0,0,0,0,0,0,0,0,0,0,0,0,0,0,0,0,0,0,0,0,0,0,0,0,0,0,0,0,0,0,0,0,0,0,0,0,0,0,0,0,0,0,0,0,0,0,0,0,0,0,0,0,0,0,0,0,0,0,0,0,0,0,0,0,0,0,0,0,0,0,0,0,0,TT,O,,2022,5,4,4/26/2009,26.59793814,25.42837208,25.38701067,25.63517915,0,0,0,0,31.8,31.1,42.5,26.3,8,0,0,0,0,0,0,0,0,0,0,0,0,0,0,0,0,0,0,0,0,0,0,0,0,0,0,0,0,0,0,0,0,0,0,0,0,0,0,0,0,0,0,0,0,0,0,0,0,0,0,0,0,0,0,0,0,0,0,0,0,0,0,0,0,0,0,0,0,0,0,0,0,0,0,0,0,0,0,0,0,0,0,0,0,0,68.7,102.2,126.4,112.8,94.2,0,0,0,0,0,0,0,0,0,0,0,0,0,0,0,0,0,0,0,0,0,0,0,0,0,0,0,0,0,0,0,0,0,0,0,0,0,0,0,0,0,0,0,0,0,0,0,0,0,0,0,0,0,0,0,0,0,0,0,0,0,0,0,0,0,0,0,0,0,0,0,0,0,0,0,0,0,0,0,0,0,139.7,504.3,27.94,100.86,115,55,5,5
27,8,A,W,2,30.7,787,40,17,63,27,10,-27,1.5,1,0,0,90,2206,17,30,103.6,74.4,52.9,61.6,73.4,70.8,57.4,41.2,30.5,40,47.7,30,9.6,13.6,34.2,52.2,69.1,82.7,85.9,85.5,75.2,61.7,52.5,51.4,56.7,38.7,17.4,21.3,24.8,26.3,0,0,0,0,0,0,0,0,0,0,0,0,0,0,0,0,0,0,0,0,0,0,0,0,0,0,0,0,0,0,0,0,0,0,0,0,0,0,0,0,0,0,0,0,0,0,0,0,0,0,0,0,0,0,0,0,0,0,0,0,33.7,17.1,42.3,71,71.4,69.5,52.7,47.8,66.9,98,119.4,113.1,94.6,76.6,74.5,80.3,73.3,63.5,61.2,40.7,23.9,28,56.1,86.1,112.2,115.3,94.1,74.2,62.6,63.5,0,0,0,0,0,0,0,0,0,0,0,0,0,0,0,0,0,0,0,0,0,0,0,0,0,0,0,0,0,0,0,0,0,0,0,0,0,0,0,0,0,0,0,0,0,0,0,0,0,0,0,0,0,0,0,0,0,0,0,0,FS,O,,2022,6,4,4/26/2009,25.63517915,25.42837208,25.38701067,25.63517915,0,0,0,61.6,73.4,70.8,57.4,41.2,30.5,40,47.7,30,9.6,13.6,34.2,52.2,69.1,82.7,85.9,85.5,75.2,61.7,52.5,51.4,56.7,38.7,17.4,21.3,24.8,26.3,0,0,0,0,0,0,0,0,0,0,0,0,0,0,0,0,0,0,0,0,0,0,0,0,0,0,0,0,0,0,0,0,0,0,0,0,0,0,0,0,0,0,0,0,0,0,0,0,0,0,0,0,0,0,0,0,0,0,0,0,0,0,0,71,71.4,69.5,52.7,47.8,66.9,98,119.4,113.1,94.6,76.6,74.5,80.3,73.3,63.5,61.2,40.7,23.9,28,56.1,86.1,112.2,115.3,94.1,74.2,62.6,63.5,0,0,0,0,0,0,0,0,0,0,0,0,0,0,0,0,0,0,0,0,0,0,0,0,0,0,0,0,0,0,0,0,0,0,0,0,0,0,0,0,0,0,0,0,0,0,0,0,0,0,0,0,0,0,0,0,0,0,0,0,1311.4,1990.5,48.57037037,73.72222222,115,55,4,4
31,7,A,W,2,4.5,119,29,42,75,25,0,-14,1.5,1,0,0,90,2206,18,4,104.9,82.7,51.3,20.6,0,0,0,0,0,0,0,0,0,0,0,0,0,0,0,0,0,0,0,0,0,0,0,0,0,0,0,0,0,0,0,0,0,0,0,0,0,0,0,0,0,0,0,0,0,0,0,0,0,0,0,0,0,0,0,0,0,0,0,0,0,0,0,0,0,0,0,0,0,0,0,0,0,0,0,0,0,0,0,0,0,0,0,0,0,0,37.5,27.6,40.4,72.8,0,0,0,0,0,0,0,0,0,0,0,0,0,0,0,0,0,0,0,0,0,0,0,0,0,0,0,0,0,0,0,0,0,0,0,0,0,0,0,0,0,0,0,0,0,0,0,0,0,0,0,0,0,0,0,0,0,0,0,0,0,0,0,0,0,0,0,0,0,0,0,0,0,0,0,0,0,0,0,0,0,0,0,0,0,0,TT,O,,2022,1,4,4/25/2009,26.44444444,24.14338732,23.71232452,26.2987013,0,0,0,0,0,0,0,0,0,0,0,0,0,0,0,0,0,0,0,0,0,0,0,0,0,0,0,0,0,0,0,0,0,0,0,0,0,0,0,0,0,0,0,0,0,0,0,0,0,0,0,0,0,0,0,0,0,0,0,0,0,0,0,0,0,0,0,0,0,0,0,0,0,0,0,0,0,0,0,0,0,0,0,0,0,0,0,0,0,0,0,0,0,0,0,0,0,0,0,0,0,0,0,0,0,0,0,0,0,0,0,0,0,0,0,0,0,0,0,0,0,0,0,0,0,0,0,0,0,0,0,0,0,0,0,0,0,0,0,0,0,0,0,0,0,0,0,0,0,0,0,0,0,0,0,0,0,0,0,0,0,0,0,0,0,0,0,0,0,0,0,0,0,0,0,0,0,0,0,0,0,0,0,0,115,55,5,5
32,7,A,S,2,3.3,75,96,1,65,18,17,22,1.5,1,0,0,90,2206,18,3,39.2,6,5.8,0,0,0,0,0,0,0,0,0,0,0,0,0,0,0,0,0,0,0,0,0,0,0,0,0,0,0,0,0,0,0,0,0,0,0,0,0,0,0,0,0,0,0,0,0,0,0,0,0,0,0,0,0,0,0,0,0,0,0,0,0,0,0,0,0,0,0,0,0,0,0,0,0,0,0,0,0,0,0,0,0,0,0,0,0,0,0,108.3,88.8,90.9,0,0,0,0,0,0,0,0,0,0,0,0,0,0,0,0,0,0,0,0,0,0,0,0,0,0,0,0,0,0,0,0,0,0,0,0,0,0,0,0,0,0,0,0,0,0,0,0,0,0,0,0,0,0,0,0,0,0,0,0,0,0,0,0,0,0,0,0,0,0,0,0,0,0,0,0,0,0,0,0,0,0,0,0,0,0,0,TT,O,,2022,2,4,4/25/2009,22.72727273,24.14338732,23.71232452,26.2987013,0,6,5.8,0,0,0,0,0,0,0,0,0,0,0,0,0,0,0,0,0,0,0,0,0,0,0,0,0,0,0,0,0,0,0,0,0,0,0,0,0,0,0,0,0,0,0,0,0,0,0,0,0,0,0,0,0,0,0,0,0,0,0,0,0,0,0,0,0,0,0,0,0,0,0,0,0,0,0,0,0,0,0,0,0,0,0,0,0,0,0,0,88.8,90.9,0,0,0,0,0,0,0,0,0,0,0,0,0,0,0,0,0,0,0,0,0,0,0,0,0,0,0,0,0,0,0,0,0,0,0,0,0,0,0,0,0,0,0,0,0,0,0,0,0,0,0,0,0,0,0,0,0,0,0,0,0,0,0,0,0,0,0,0,0,0,0,0,0,0,0,0,0,0,0,0,0,0,0,0,0,0,0,11.8,179.7,5.9,89.85,55,115,2,2
33,7,A,E,2,57.5,1415,29,30,41,20,39,61,1.5,2,0,0,90,2206,18,57,66.6,62.2,63.9,67,54.3,32.8,19.1,18.5,27.7,47.3,61.8,61.2,58.3,62.4,80.8,105.7,121.3,121.3,121.8,122.2,116.8,111.6,98.2,72.2,46.2,25.9,11.8,25.6,47.7,56.8,60.3,53.2,37.4,33.9,50,70.9,82.3,74.5,60.7,49,43.6,44.2,48.6,42.8,37,41.4,63,92.3,118.4,124.6,121.8,126.1,122.8,115.7,95.4,68.1,36.4,0,0,0,0,0,0,0,0,0,0,0,0,0,0,0,0,0,0,0,0,0,0,0,0,0,0,0,0,0,0,0,0,0,105.3,73.5,49.6,33.2,34.1,56,83.7,104.7,112.5,127.2,130.8,116.8,90.6,65.2,46.5,42.1,46.3,40.4,35.7,42.6,51.9,69.4,78.3,79.7,78.1,75.8,78.9,81.4,84.9,79.4,85.2,76.1,61.7,55.9,62.4,80,99.5,107.7,115.4,122.3,127.8,130.2,129.3,112,91.6,65.4,37.1,24.9,38,41.4,37,39.7,36.9,33.7,25.6,30.4,55.3,0,0,0,0,0,0,0,0,0,0,0,0,0,0,0,0,0,0,0,0,0,0,0,0,0,0,0,0,0,0,0,0,0,TT,O,,2022,3,4,4/25/2009,24.60869565,24.14338732,23.71232452,26.2987013,0,62.2,63.9,67,54.3,32.8,19.1,18.5,27.7,47.3,61.8,61.2,58.3,62.4,80.8,105.7,121.3,121.3,121.8,122.2,116.8,111.6,98.2,72.2,46.2,25.9,11.8,25.6,47.7,56.8,60.3,53.2,37.4,33.9,50,70.9,82.3,74.5,60.7,49,43.6,44.2,48.6,42.8,37,41.4,63,92.3,118.4,124.6,121.8,126.1,122.8,115.7,95.4,68.1,36.4,0,0,0,0,0,0,0,0,0,0,0,0,0,0,0,0,0,0,0,0,0,0,0,0,0,0,0,0,0,0,0,0,0,0,73.5,49.6,33.2,34.1,56,83.7,104.7,112.5,127.2,130.8,116.8,90.6,65.2,46.5,42.1,46.3,40.4,35.7,42.6,51.9,69.4,78.3,79.7,78.1,75.8,78.9,81.4,84.9,79.4,85.2,76.1,61.7,55.9,62.4,80,99.5,107.7,115.4,122.3,127.8,130.2,129.3,112,91.6,65.4,37.1,24.9,38,41.4,37,39.7,36.9,33.7,25.6,30.4,55.3,0,0,0,0,0,0,0,0,0,0,0,0,0,0,0,0,0,0,0,0,0,0,0,0,0,0,0,0,0,0,0,0,0,3836.8,4011.8,68.51428571,71.63928571,55,115,2,2
28,8,A,E,2,5.6,108,87,3,9,60,31,-28,1.5,1,0,0,90,2206,18,5,62.5,49.4,25.4,17.6,17.2,0,0,0,0,0,0,0,0,0,0,0,0,0,0,0,0,0,0,0,0,0,0,0,0,0,0,0,0,0,0,0,0,0,0,0,0,0,0,0,0,0,0,0,0,0,0,0,0,0,0,0,0,0,0,0,0,0,0,0,0,0,0,0,0,0,0,0,0,0,0,0,0,0,0,0,0,0,0,0,0,0,0,0,0,0,120.8,117.6,103.1,102.1,101.9,0,0,0,0,0,0,0,0,0,0,0,0,0,0,0,0,0,0,0,0,0,0,0,0,0,0,0,0,0,0,0,0,0,0,0,0,0,0,0,0,0,0,0,0,0,0,0,0,0,0,0,0,0,0,0,0,0,0,0,0,0,0,0,0,0,0,0,0,0,0,0,0,0,0,0,0,0,0,0,0,0,0,0,0,0,TT,O,,2022,4,4,4/26/2009,19.28571429,24.14338732,23.71232452,26.2987013,0,49.4,25.4,17.6,17.2,0,0,0,0,0,0,0,0,0,0,0,0,0,0,0,0,0,0,0,0,0,0,0,0,0,0,0,0,0,0,0,0,0,0,0,0,0,0,0,0,0,0,0,0,0,0,0,0,0,0,0,0,0,0,0,0,0,0,0,0,0,0,0,0,0,0,0,0,0,0,0,0,0,0,0,0,0,0,0,0,0,0,0,0,0,0,117.6,103.1,102.1,101.9,0,0,0,0,0,0,0,0,0,0,0,0,0,0,0,0,0,0,0,0,0,0,0,0,0,0,0,0,0,0,0,0,0,0,0,0,0,0,0,0,0,0,0,0,0,0,0,0,0,0,0,0,0,0,0,0,0,0,0,0,0,0,0,0,0,0,0,0,0,0,0,0,0,0,0,0,0,0,0,0,0,0,0,0,0,109.6,424.7,27.4,106.175,55,115,2,2
29,8,A,N,2,11.1,283,56,37,39,44,17,55,1.5,2,0,0,90,2206,18,11,111.4,104.8,88.4,62.9,37.6,31.6,41.3,42.4,27.4,15.9,9.3,0,0,0,0,0,0,0,0,0,0,0,0,0,0,0,0,0,0,0,0,0,0,0,0,0,0,0,0,0,0,0,0,0,0,0,0,0,0,0,0,0,0,0,0,0,0,0,0,0,0,0,0,0,0,0,0,0,0,0,0,0,0,0,0,0,0,0,0,0,0,0,0,0,0,0,0,0,0,0,58.4,42.5,23.4,26.4,52.3,86.3,110.4,125,110.7,102,95.1,0,0,0,0,0,0,0,0,0,0,0,0,0,0,0,0,0,0,0,0,0,0,0,0,0,0,0,0,0,0,0,0,0,0,0,0,0,0,0,0,0,0,0,0,0,0,0,0,0,0,0,0,0,0,0,0,0,0,0,0,0,0,0,0,0,0,0,0,0,0,0,0,0,0,0,0,0,0,0,TT,O,,2022,5,4,4/26/2009,25.4954955,24.14338732,23.71232452,26.2987013,0,0,0,0,37.6,31.6,41.3,42.4,27.4,15.9,9.3,0,0,0,0,0,0,0,0,0,0,0,0,0,0,0,0,0,0,0,0,0,0,0,0,0,0,0,0,0,0,0,0,0,0,0,0,0,0,0,0,0,0,0,0,0,0,0,0,0,0,0,0,0,0,0,0,0,0,0,0,0,0,0,0,0,0,0,0,0,0,0,0,0,0,0,0,0,0,0,0,0,0,0,52.3,86.3,110.4,125,110.7,102,95.1,0,0,0,0,0,0,0,0,0,0,0,0,0,0,0,0,0,0,0,0,0,0,0,0,0,0,0,0,0,0,0,0,0,0,0,0,0,0,0,0,0,0,0,0,0,0,0,0,0,0,0,0,0,0,0,0,0,0,0,0,0,0,0,0,0,0,0,0,0,0,0,0,0,0,0,0,0,0,0,205.5,681.8,29.35714286,97.4,115,55,5,5
30,8,A,W,2,30.8,810,23,26,38,36,26,-13,1.5,0,0,0,90,2206,18,30,105.9,78,60.1,60.9,71.4,74.7,60.1,34.9,16.6,29.3,51.1,59.2,40.1,31.4,42.1,64.3,91.7,116.9,120.8,117.9,102.9,75.5,37,27.6,47.8,74.6,92.7,90.5,79.6,67.1,0,0,0,0,0,0,0,0,0,0,0,0,0,0,0,0,0,0,0,0,0,0,0,0,0,0,0,0,0,0,0,0,0,0,0,0,0,0,0,0,0,0,0,0,0,0,0,0,0,0,0,0,0,0,0,0,0,0,0,0,38.6,17.2,35.3,67,91.5,109.8,110.9,104.6,100.8,99.7,106,113.5,101.8,80.5,55.6,31.5,20.5,36.1,42.6,50.1,51.8,48.5,55.1,68.1,86,103.7,105.1,93.2,75,48.8,0,0,0,0,0,0,0,0,0,0,0,0,0,0,0,0,0,0,0,0,0,0,0,0,0,0,0,0,0,0,0,0,0,0,0,0,0,0,0,0,0,0,0,0,0,0,0,0,0,0,0,0,0,0,0,0,0,0,0,0,FS,O,,2022,6,4,4/26/2009,26.2987013,24.14338732,23.71232452,26.2987013,0,0,0,60.9,71.4,74.7,60.1,34.9,16.6,29.3,51.1,59.2,40.1,31.4,42.1,64.3,91.7,116.9,120.8,117.9,102.9,75.5,37,27.6,47.8,74.6,92.7,90.5,79.6,67.1,0,0,0,0,0,0,0,0,0,0,0,0,0,0,0,0,0,0,0,0,0,0,0,0,0,0,0,0,0,0,0,0,0,0,0,0,0,0,0,0,0,0,0,0,0,0,0,0,0,0,0,0,0,0,0,0,0,0,0,0,0,0,0,67,91.5,109.8,110.9,104.6,100.8,99.7,106,113.5,101.8,80.5,55.6,31.5,20.5,36.1,42.6,50.1,51.8,48.5,55.1,68.1,86,103.7,105.1,93.2,75,48.8,0,0,0,0,0,0,0,0,0,0,0,0,0,0,0,0,0,0,0,0,0,0,0,0,0,0,0,0,0,0,0,0,0,0,0,0,0,0,0,0,0,0,0,0,0,0,0,0,0,0,0,0,0,0,0,0,0,0,0,0,1778.7,2057.8,65.87777778,76.21481481,115,55,4,4
34,7,A,W,2,90.1,2567,34,23,36,47,17,37,1.5,1,0,0,90,2206,19,90,104.3,68.6,34.6,39.7,55.8,73.5,90.5,103.4,109.4,111.3,102.4,80,52.3,29.9,28.2,47.2,54.6,55.2,69,93.1,106,111.3,103.1,91.3,83,72,46.9,26.9,38.3,48.9,47.2,44.4,30.9,53.4,71,73.9,71.5,59,38.3,18.1,37,58.4,65.7,63,59.9,53.2,30.1,24.2,26.6,21.7,25.4,55.7,72.3,82.1,86.1,81.7,95.5,114.9,118.9,115.2,101.5,88.6,80.9,68.5,44.7,32.2,36.1,49.1,62.5,72.6,76.8,79.7,76.3,69,66.8,77,91.6,88.7,64.2,43.1,19.9,16.5,27.6,57.3,52.1,50.5,39.2,16.9,22.4,60.9,55,69,99.7,122.7,119.3,104.3,83.1,63.1,47,28.1,23.9,36.3,61.5,93.8,113.6,122.8,114,93.4,69.5,53.1,47.7,33.9,17.7,25,51.5,76.1,91,107.7,121.2,119.3,106.2,100.4,69.9,33.8,27.2,32,44.4,63.5,63.7,70.5,75.2,62.9,45.4,30.1,27.3,33.8,58.4,85.7,106.7,107.8,96.5,84.1,72.9,60.8,45.1,29.7,20.9,31.6,34.9,37.7,41.1,58.8,82.7,101.5,108.3,114.3,120.6,122.1,117.5,106.2,89.9,78.8,64.9,41.2,22.3,29.3,54.1,74.1,69.2,65,69.8,80.6,96,124.7,114.9,111,103.7,87.8,75.9,58.7,TT,O,,2022,1,4,4/25/2009,28.49056604,29.46988536,29.63837223,28.62745098,0,0,0,39.7,55.8,73.5,90.5,103.4,109.4,111.3,102.4,80,52.3,29.9,28.2,47.2,54.6,55.2,69,93.1,106,111.3,103.1,91.3,83,72,46.9,26.9,38.3,48.9,47.2,44.4,30.9,53.4,71,73.9,71.5,59,38.3,18.1,37,58.4,65.7,63,59.9,53.2,30.1,24.2,26.6,21.7,25.4,55.7,72.3,82.1,86.1,81.7,95.5,114.9,118.9,115.2,101.5,88.6,80.9,68.5,44.7,32.2,36.1,49.1,62.5,72.6,76.8,79.7,76.3,69,66.8,77,91.6,88.7,64.2,43.1,19.9,16.5,27.6,57.3,52.1,50.5,39.2,16.9,22.4,60.9,0,0,0,122.7,119.3,104.3,83.1,63.1,47,28.1,23.9,36.3,61.5,93.8,113.6,122.8,114,93.4,69.5,53.1,47.7,33.9,17.7,25,51.5,76.1,91,107.7,121.2,119.3,106.2,100.4,69.9,33.8,27.2,32,44.4,63.5,63.7,70.5,75.2,62.9,45.4,30.1,27.3,33.8,58.4,85.7,106.7,107.8,96.5,84.1,72.9,60.8,45.1,29.7,20.9,31.6,34.9,37.7,41.1,58.8,82.7,101.5,108.3,114.3,120.6,122.1,117.5,106.2,89.9,78.8,64.9,41.2,22.3,29.3,54.1,74.1,69.2,65,69.8,80.6,96,124.7,114.9,111,103.7,87.8,75.9,58.7,5451.7,6284.7,62.66321839,72.23793103,115,55,4,4
35,7,A,S,2,41,1139,37,20,1,53,46,29,1.5,0,0,0,90,2206,19,40,47.8,26.3,39.2,66,88.5,104.3,113,115.8,114.5,108.5,103.6,97.6,88.5,77.5,61.7,43.9,40.9,48.9,58,61.7,74.3,89.7,98.4,100.1,95.2,97.2,101.6,104,104.7,100.9,88.6,68.1,50,40,43.2,48.2,51.4,47.1,49.4,36.7,0,0,0,0,0,0,0,0,0,0,0,0,0,0,0,0,0,0,0,0,0,0,0,0,0,0,0,0,0,0,0,0,0,0,0,0,0,0,0,0,0,0,0,0,0,0,0,0,0,0,112.5,110,111.3,107.4,95.9,80.1,63.2,48.8,31.5,26.4,43.9,66,86.9,103,113.9,123.3,126.9,128.8,123.9,110.2,101.7,92.1,81.1,77.6,58.8,41,21.5,21.5,40.2,59.2,70.8,81,96.8,120.1,129.6,130.1,123.1,109.8,109.4,100.4,0,0,0,0,0,0,0,0,0,0,0,0,0,0,0,0,0,0,0,0,0,0,0,0,0,0,0,0,0,0,0,0,0,0,0,0,0,0,0,0,0,0,0,0,0,0,0,0,0,0,TT,O,,2022,2,4,4/25/2009,27.7804878,29.46988536,29.63837223,28.62745098,0,26.3,39.2,66,88.5,104.3,113,115.8,114.5,108.5,103.6,97.6,88.5,77.5,61.7,43.9,40.9,48.9,58,61.7,74.3,89.7,98.4,100.1,95.2,97.2,101.6,104,104.7,100.9,88.6,68.1,50,40,43.2,48.2,51.4,47.1,49.4,36.7,0,0,0,0,0,0,0,0,0,0,0,0,0,0,0,0,0,0,0,0,0,0,0,0,0,0,0,0,0,0,0,0,0,0,0,0,0,0,0,0,0,0,0,0,0,0,0,0,0,0,0,110,111.3,107.4,95.9,80.1,63.2,48.8,31.5,26.4,43.9,66,86.9,103,113.9,123.3,126.9,128.8,123.9,110.2,101.7,92.1,81.1,77.6,58.8,41,21.5,21.5,40.2,59.2,70.8,81,96.8,120.1,129.6,130.1,123.1,109.8,109.4,100.4,0,0,0,0,0,0,0,0,0,0,0,0,0,0,0,0,0,0,0,0,0,0,0,0,0,0,0,0,0,0,0,0,0,0,0,0,0,0,0,0,0,0,0,0,0,0,0,0,0,0,2947.2,3367.2,75.56923077,86.33846154,55,115,2,2
36,7,A,E,2,39.8,1042,27,31,37,42,21,43,1.5,1,2,0,90,2206,19,39,64.6,74.1,95.1,112.2,117.6,120.1,114.3,104.7,95.4,86.2,74.9,54.2,43.9,39.1,33.4,30.3,31.3,46.8,72.6,95.7,108.2,113.8,112.7,99.4,78.7,52.1,32.4,27.1,41,44.9,45.9,52.4,63.3,71.1,75.6,69.7,57,44.4,21.2,0,0,0,0,0,0,0,0,0,0,0,0,0,0,0,0,0,0,0,0,0,0,0,0,0,0,0,0,0,0,0,0,0,0,0,0,0,0,0,0,0,0,0,0,0,0,0,0,0,0,0,107.9,83.7,64.3,52.3,44.3,34.7,34.2,47.4,67.5,87.5,103.7,115.9,119.7,125.4,116.2,107.2,86.2,69.7,62.2,56.1,53.4,47.7,33.6,16.2,13,38.3,68.2,94.3,117.3,113.6,100.9,83.7,63.1,48.1,34,21.3,32.3,54.7,79.8,0,0,0,0,0,0,0,0,0,0,0,0,0,0,0,0,0,0,0,0,0,0,0,0,0,0,0,0,0,0,0,0,0,0,0,0,0,0,0,0,0,0,0,0,0,0,0,0,0,0,0,TT,O,,2022,3,4,4/25/2009,26.18090452,29.46988536,29.63837223,28.62745098,0,74.1,95.1,112.2,117.6,120.1,114.3,104.7,95.4,86.2,74.9,54.2,43.9,39.1,33.4,30.3,31.3,46.8,72.6,95.7,108.2,113.8,112.7,99.4,78.7,52.1,32.4,27.1,41,44.9,45.9,52.4,63.3,71.1,75.6,69.7,57,44.4,21.2,0,0,0,0,0,0,0,0,0,0,0,0,0,0,0,0,0,0,0,0,0,0,0,0,0,0,0,0,0,0,0,0,0,0,0,0,0,0,0,0,0,0,0,0,0,0,0,0,0,0,0,0,83.7,64.3,52.3,44.3,34.7,34.2,47.4,67.5,87.5,103.7,115.9,119.7,125.4,116.2,107.2,86.2,69.7,62.2,56.1,53.4,47.7,33.6,16.2,13,38.3,68.2,94.3,117.3,113.6,100.9,83.7,63.1,48.1,34,21.3,32.3,54.7,79.8,0,0,0,0,0,0,0,0,0,0,0,0,0,0,0,0,0,0,0,0,0,0,0,0,0,0,0,0,0,0,0,0,0,0,0,0,0,0,0,0,0,0,0,0,0,0,0,0,0,0,0,2652.8,2591.7,69.81052632,68.20263158,55,115,2,2
31,8,A,E,2,24.3,819,25,26,14,49,37,87,1.5,1,1,0,90,2206,19,24,72.6,91.4,105,114,114.9,106.3,92.5,76,47.5,36.7,44.9,61.8,69,75.3,83.6,94.6,100.1,94.1,80.3,71.5,70.8,51.3,26.5,10,0,0,0,0,0,0,0,0,0,0,0,0,0,0,0,0,0,0,0,0,0,0,0,0,0,0,0,0,0,0,0,0,0,0,0,0,0,0,0,0,0,0,0,0,0,0,0,0,0,0,0,0,0,0,0,0,0,0,0,0,0,0,0,0,0,0,97.7,64.3,40.1,29.3,42.4,62.9,83.8,102.7,116.5,122,124.9,124,110.1,92.5,70.5,54.9,42.6,18.3,12.5,44.5,77,94.9,96.8,95.8,0,0,0,0,0,0,0,0,0,0,0,0,0,0,0,0,0,0,0,0,0,0,0,0,0,0,0,0,0,0,0,0,0,0,0,0,0,0,0,0,0,0,0,0,0,0,0,0,0,0,0,0,0,0,0,0,0,0,0,0,0,0,0,0,0,0,TT,O,,2022,4,4,4/26/2009,33.7037037,29.46988536,29.63837223,28.62745098,0,91.4,105,114,114.9,106.3,92.5,76,47.5,36.7,44.9,61.8,69,75.3,83.6,94.6,100.1,94.1,80.3,71.5,70.8,51.3,26.5,10,0,0,0,0,0,0,0,0,0,0,0,0,0,0,0,0,0,0,0,0,0,0,0,0,0,0,0,0,0,0,0,0,0,0,0,0,0,0,0,0,0,0,0,0,0,0,0,0,0,0,0,0,0,0,0,0,0,0,0,0,0,0,0,0,0,0,0,64.3,40.1,29.3,42.4,62.9,83.8,102.7,116.5,122,124.9,124,110.1,92.5,70.5,54.9,42.6,18.3,12.5,44.5,77,94.9,96.8,95.8,0,0,0,0,0,0,0,0,0,0,0,0,0,0,0,0,0,0,0,0,0,0,0,0,0,0,0,0,0,0,0,0,0,0,0,0,0,0,0,0,0,0,0,0,0,0,0,0,0,0,0,0,0,0,0,0,0,0,0,0,0,0,0,0,0,0,1718.1,1723.3,74.7,74.92608696,55,115,2,2
32,8,A,N,2,22.1,708,23,30,22,44,34,55,1.5,1,1,0,90,2206,19,22,110,109.9,110.5,108.4,100.8,87.1,67.3,45.9,37.8,48.8,61.5,71.4,86.3,96.4,101.1,101.2,90.4,75.4,67.3,56.8,29.3,6.6,0,0,0,0,0,0,0,0,0,0,0,0,0,0,0,0,0,0,0,0,0,0,0,0,0,0,0,0,0,0,0,0,0,0,0,0,0,0,0,0,0,0,0,0,0,0,0,0,0,0,0,0,0,0,0,0,0,0,0,0,0,0,0,0,0,0,0,0,48.9,31.8,29.6,53.2,77.2,96.1,106.6,121.2,123.5,124,116.1,101.7,87.6,71.4,60.5,40.9,15.9,16.2,44.6,70.9,92,89.6,0,0,0,0,0,0,0,0,0,0,0,0,0,0,0,0,0,0,0,0,0,0,0,0,0,0,0,0,0,0,0,0,0,0,0,0,0,0,0,0,0,0,0,0,0,0,0,0,0,0,0,0,0,0,0,0,0,0,0,0,0,0,0,0,0,0,0,0,TT,O,,2022,5,4,4/26/2009,32.0361991,29.46988536,29.63837223,28.62745098,0,0,0,108.4,100.8,87.1,67.3,45.9,37.8,48.8,61.5,71.4,86.3,96.4,101.1,101.2,90.4,75.4,67.3,56.8,29.3,6.6,0,0,0,0,0,0,0,0,0,0,0,0,0,0,0,0,0,0,0,0,0,0,0,0,0,0,0,0,0,0,0,0,0,0,0,0,0,0,0,0,0,0,0,0,0,0,0,0,0,0,0,0,0,0,0,0,0,0,0,0,0,0,0,0,0,0,0,0,0,0,0,53.2,77.2,96.1,106.6,121.2,123.5,124,116.1,101.7,87.6,71.4,60.5,40.9,15.9,16.2,44.6,70.9,92,89.6,0,0,0,0,0,0,0,0,0,0,0,0,0,0,0,0,0,0,0,0,0,0,0,0,0,0,0,0,0,0,0,0,0,0,0,0,0,0,0,0,0,0,0,0,0,0,0,0,0,0,0,0,0,0,0,0,0,0,0,0,0,0,0,0,0,0,0,0,1339.8,1509.2,70.51578947,79.43157895,115,55,4,4
33,8,A,W,2,30.6,876,24,25,32,46,22,39,1.5,0,1,0,90,2206,19,30,103.5,80.3,62.3,47.2,42.4,46.7,58.5,73.6,84.6,91.8,95.7,97.6,100.9,95.5,79.5,55.6,29.7,16.3,30.8,34.1,42.3,59.2,83.4,100.9,105.8,99.6,82.8,65.2,48,47,0,0,0,0,0,0,0,0,0,0,0,0,0,0,0,0,0,0,0,0,0,0,0,0,0,0,0,0,0,0,0,0,0,0,0,0,0,0,0,0,0,0,0,0,0,0,0,0,0,0,0,0,0,0,0,0,0,0,0,0,53.2,70.2,95.4,116.5,128.1,127.2,122.4,114.9,100.7,84.4,63,50.5,30.5,11,12.7,35.5,63.6,93,113.6,104.1,89.3,71.5,60,55,49.8,32.5,19,33.9,55.3,91.9,0,0,0,0,0,0,0,0,0,0,0,0,0,0,0,0,0,0,0,0,0,0,0,0,0,0,0,0,0,0,0,0,0,0,0,0,0,0,0,0,0,0,0,0,0,0,0,0,0,0,0,0,0,0,0,0,0,0,0,0,FS,O,,2022,6,4,4/26/2009,28.62745098,29.46988536,29.63837223,28.62745098,0,0,0,47.2,42.4,46.7,58.5,73.6,84.6,91.8,95.7,97.6,100.9,95.5,79.5,55.6,29.7,16.3,30.8,34.1,42.3,59.2,83.4,100.9,105.8,99.6,82.8,65.2,48,47,0,0,0,0,0,0,0,0,0,0,0,0,0,0,0,0,0,0,0,0,0,0,0,0,0,0,0,0,0,0,0,0,0,0,0,0,0,0,0,0,0,0,0,0,0,0,0,0,0,0,0,0,0,0,0,0,0,0,0,0,0,0,0,116.5,128.1,127.2,122.4,114.9,100.7,84.4,63,50.5,30.5,11,12.7,35.5,63.6,93,113.6,104.1,89.3,71.5,60,55,49.8,32.5,19,33.9,55.3,91.9,0,0,0,0,0,0,0,0,0,0,0,0,0,0,0,0,0,0,0,0,0,0,0,0,0,0,0,0,0,0,0,0,0,0,0,0,0,0,0,0,0,0,0,0,0,0,0,0,0,0,0,0,0,0,0,0,0,0,0,0,1814.7,1929.9,67.21111111,71.47777778,115,55,4,4
1,CT,A,N,3,4.3,140,0,68,64,30,6,27,1.5,0,0,0,30,2206,2,4,111,89.6,58.2,30,0,0,0,0,0,0,0,0,0,0,0,0,0,0,0,0,0,0,0,0,0,0,0,0,0,0,0,0,0,0,0,0,0,0,0,0,0,0,0,0,0,0,0,0,0,0,0,0,0,0,0,0,0,0,0,0,0,0,0,0,0,0,0,0,0,0,0,0,0,0,0,0,0,0,0,0,0,0,0,0,0,0,0,0,0,0,58.4,51.8,51.5,72.5,0,0,0,0,0,0,0,0,0,0,0,0,0,0,0,0,0,0,0,0,0,0,0,0,0,0,0,0,0,0,0,0,0,0,0,0,0,0,0,0,0,0,0,0,0,0,0,0,0,0,0,0,0,0,0,0,0,0,0,0,0,0,0,0,0,0,0,0,0,0,0,0,0,0,0,0,0,0,0,0,0,0,0,0,0,0,CUE,O,,2022,1,7,4/27/2009,32.55813953,25.96711197,25.96711197,0,0,0,0,0,0,0,0,0,0,0,0,0,0,0,0,0,0,0,0,0,0,0,0,0,0,0,0,0,0,0,0,0,0,0,0,0,0,0,0,0,0,0,0,0,0,0,0,0,0,0,0,0,0,0,0,0,0,0,0,0,0,0,0,0,0,0,0,0,0,0,0,0,0,0,0,0,0,0,0,0,0,0,0,0,0,0,0,0,0,0,0,0,0,0,0,0,0,0,0,0,0,0,0,0,0,0,0,0,0,0,0,0,0,0,0,0,0,0,0,0,0,0,0,0,0,0,0,0,0,0,0,0,0,0,0,0,0,0,0,0,0,0,0,0,0,0,0,0,0,0,0,0,0,0,0,0,0,0,0,0,0,0,0,0,0,0,0,0,0,0,0,0,0,0,0,0,0,0,0,0,0,0,0,0,115,55,4,4
2,CT,A,E,4,5.1,162,58,22,68,10,22,-54,1.5,1,1,0,30,2206,2,5,122.6,100.8,71.6,40.3,17.7,0,0,0,0,0,0,0,0,0,0,0,0,0,0,0,0,0,0,0,0,0,0,0,0,0,0,0,0,0,0,0,0,0,0,0,0,0,0,0,0,0,0,0,0,0,0,0,0,0,0,0,0,0,0,0,0,0,0,0,0,0,0,0,0,0,0,0,0,0,0,0,0,0,0,0,0,0,0,0,0,0,0,0,0,0,56.3,24.9,17.1,52.4,69.9,0,0,0,0,0,0,0,0,0,0,0,0,0,0,0,0,0,0,0,0,0,0,0,0,0,0,0,0,0,0,0,0,0,0,0,0,0,0,0,0,0,0,0,0,0,0,0,0,0,0,0,0,0,0,0,0,0,0,0,0,0,0,0,0,0,0,0,0,0,0,0,0,0,0,0,0,0,0,0,0,0,0,0,0,0,CUE,O,,2022,2,7,4/27/2009,31.76470588,25.96711197,25.96711197,0,0,0,0,40.3,17.7,0,0,0,0,0,0,0,0,0,0,0,0,0,0,0,0,0,0,0,0,0,0,0,0,0,0,0,0,0,0,0,0,0,0,0,0,0,0,0,0,0,0,0,0,0,0,0,0,0,0,0,0,0,0,0,0,0,0,0,0,0,0,0,0,0,0,0,0,0,0,0,0,0,0,0,0,0,0,0,0,0,0,0,0,0,0,0,0,52.4,69.9,0,0,0,0,0,0,0,0,0,0,0,0,0,0,0,0,0,0,0,0,0,0,0,0,0,0,0,0,0,0,0,0,0,0,0,0,0,0,0,0,0,0,0,0,0,0,0,0,0,0,0,0,0,0,0,0,0,0,0,0,0,0,0,0,0,0,0,0,0,0,0,0,0,0,0,0,0,0,0,0,0,0,0,0,0,58,122.3,29,61.15,115,55,4,4
3,CT,A,S,4,11.7,273,55,14,74,18,8,39,1.5,2,0,0,30,2206,2,11,108.8,96.7,85.6,82.8,87.8,96.8,91.8,78.4,63.7,43,26,0,0,0,0,0,0,0,0,0,0,0,0,0,0,0,0,0,0,0,0,0,0,0,0,0,0,0,0,0,0,0,0,0,0,0,0,0,0,0,0,0,0,0,0,0,0,0,0,0,0,0,0,0,0,0,0,0,0,0,0,0,0,0,0,0,0,0,0,0,0,0,0,0,0,0,0,0,0,0,57.7,41.6,14.9,17.5,29,25.7,8.7,30.9,60.4,70.8,66.7,0,0,0,0,0,0,0,0,0,0,0,0,0,0,0,0,0,0,0,0,0,0,0,0,0,0,0,0,0,0,0,0,0,0,0,0,0,0,0,0,0,0,0,0,0,0,0,0,0,0,0,0,0,0,0,0,0,0,0,0,0,0,0,0,0,0,0,0,0,0,0,0,0,0,0,0,0,0,0,CUE,O,,2022,3,7,4/27/2009,23.33333333,25.96711197,25.96711197,0,0,0,0,82.8,87.8,96.8,91.8,78.4,63.7,43,26,0,0,0,0,0,0,0,0,0,0,0,0,0,0,0,0,0,0,0,0,0,0,0,0,0,0,0,0,0,0,0,0,0,0,0,0,0,0,0,0,0,0,0,0,0,0,0,0,0,0,0,0,0,0,0,0,0,0,0,0,0,0,0,0,0,0,0,0,0,0,0,0,0,0,0,0,0,0,0,0,0,0,17.5,29,25.7,8.7,30.9,60.4,70.8,66.7,0,0,0,0,0,0,0,0,0,0,0,0,0,0,0,0,0,0,0,0,0,0,0,0,0,0,0,0,0,0,0,0,0,0,0,0,0,0,0,0,0,0,0,0,0,0,0,0,0,0,0,0,0,0,0,0,0,0,0,0,0,0,0,0,0,0,0,0,0,0,0,0,0,0,0,0,0,0,0,570.3,309.7,71.2875,38.7125,115,55,4,4
4,CT,A,E,3,10.9,253,47,2,82,3,15,-54,1.5,0,0,0,30,2206,2,10,121.4,100.6,66.7,49,61.5,77.3,81.1,81.9,68.9,54.3,0,0,0,0,0,0,0,0,0,0,0,0,0,0,0,0,0,0,0,0,0,0,0,0,0,0,0,0,0,0,0,0,0,0,0,0,0,0,0,0,0,0,0,0,0,0,0,0,0,0,0,0,0,0,0,0,0,0,0,0,0,0,0,0,0,0,0,0,0,0,0,0,0,0,0,0,0,0,0,0,60.3,55.2,49.4,46.4,36,25,21.2,12.4,26.9,43.2,0,0,0,0,0,0,0,0,0,0,0,0,0,0,0,0,0,0,0,0,0,0,0,0,0,0,0,0,0,0,0,0,0,0,0,0,0,0,0,0,0,0,0,0,0,0,0,0,0,0,0,0,0,0,0,0,0,0,0,0,0,0,0,0,0,0,0,0,0,0,0,0,0,0,0,0,0,0,0,0,CUE,O,,2022,4,7,4/27/2009,23.21100917,25.96711197,25.96711197,0,0,0,0,49,61.5,77.3,81.1,81.9,68.9,54.3,0,0,0,0,0,0,0,0,0,0,0,0,0,0,0,0,0,0,0,0,0,0,0,0,0,0,0,0,0,0,0,0,0,0,0,0,0,0,0,0,0,0,0,0,0,0,0,0,0,0,0,0,0,0,0,0,0,0,0,0,0,0,0,0,0,0,0,0,0,0,0,0,0,0,0,0,0,0,0,0,0,0,0,46.4,36,25,21.2,12.4,26.9,43.2,0,0,0,0,0,0,0,0,0,0,0,0,0,0,0,0,0,0,0,0,0,0,0,0,0,0,0,0,0,0,0,0,0,0,0,0,0,0,0,0,0,0,0,0,0,0,0,0,0,0,0,0,0,0,0,0,0,0,0,0,0,0,0,0,0,0,0,0,0,0,0,0,0,0,0,0,0,0,0,0,474,211.1,67.71428571,30.15714286,115,55,4,4
5,CT,A,W,2,5,115,20,52,65,32,3,-22,1.5,0,0,0,30,2206,2,4,109.1,95.6,71.6,41.7,0,0,0,0,0,0,0,0,0,0,0,0,0,0,0,0,0,0,0,0,0,0,0,0,0,0,0,0,0,0,0,0,0,0,0,0,0,0,0,0,0,0,0,0,0,0,0,0,0,0,0,0,0,0,0,0,0,0,0,0,0,0,0,0,0,0,0,0,0,0,0,0,0,0,0,0,0,0,0,0,0,0,0,0,0,0,40.7,29.7,27.5,49.3,0,0,0,0,0,0,0,0,0,0,0,0,0,0,0,0,0,0,0,0,0,0,0,0,0,0,0,0,0,0,0,0,0,0,0,0,0,0,0,0,0,0,0,0,0,0,0,0,0,0,0,0,0,0,0,0,0,0,0,0,0,0,0,0,0,0,0,0,0,0,0,0,0,0,0,0,0,0,0,0,0,0,0,0,0,0,CUE,O,,2022,5,7,4/27/2009,23,25.96711197,25.96711197,0,0,0,0,41.7,0,0,0,0,0,0,0,0,0,0,0,0,0,0,0,0,0,0,0,0,0,0,0,0,0,0,0,0,0,0,0,0,0,0,0,0,0,0,0,0,0,0,0,0,0,0,0,0,0,0,0,0,0,0,0,0,0,0,0,0,0,0,0,0,0,0,0,0,0,0,0,0,0,0,0,0,0,0,0,0,0,0,0,0,0,0,0,0,0,49.3,0,0,0,0,0,0,0,0,0,0,0,0,0,0,0,0,0,0,0,0,0,0,0,0,0,0,0,0,0,0,0,0,0,0,0,0,0,0,0,0,0,0,0,0,0,0,0,0,0,0,0,0,0,0,0,0,0,0,0,0,0,0,0,0,0,0,0,0,0,0,0,0,0,0,0,0,0,0,0,0,0,0,0,0,0,0,41.7,49.3,41.7,49.3,115,55,4,4
6,CT,A,S,1,6.2,136,21,6,70,18,12,-76,1.5,0,0,0,30,2206,2,6,116.1,103.5,83.7,58.9,37.1,16.7,0,0,0,0,0,0,0,0,0,0,0,0,0,0,0,0,0,0,0,0,0,0,0,0,0,0,0,0,0,0,0,0,0,0,0,0,0,0,0,0,0,0,0,0,0,0,0,0,0,0,0,0,0,0,0,0,0,0,0,0,0,0,0,0,0,0,0,0,0,0,0,0,0,0,0,0,0,0,0,0,0,0,0,0,50.9,30.5,19.7,37,59.8,79.1,0,0,0,0,0,0,0,0,0,0,0,0,0,0,0,0,0,0,0,0,0,0,0,0,0,0,0,0,0,0,0,0,0,0,0,0,0,0,0,0,0,0,0,0,0,0,0,0,0,0,0,0,0,0,0,0,0,0,0,0,0,0,0,0,0,0,0,0,0,0,0,0,0,0,0,0,0,0,0,0,0,0,0,0,CUE,O,,2022,6,7,4/27/2009,21.93548387,25.96711197,25.96711197,0,0,0,0,58.9,37.1,16.7,0,0,0,0,0,0,0,0,0,0,0,0,0,0,0,0,0,0,0,0,0,0,0,0,0,0,0,0,0,0,0,0,0,0,0,0,0,0,0,0,0,0,0,0,0,0,0,0,0,0,0,0,0,0,0,0,0,0,0,0,0,0,0,0,0,0,0,0,0,0,0,0,0,0,0,0,0,0,0,0,0,0,0,0,0,0,0,37,59.8,79.1,0,0,0,0,0,0,0,0,0,0,0,0,0,0,0,0,0,0,0,0,0,0,0,0,0,0,0,0,0,0,0,0,0,0,0,0,0,0,0,0,0,0,0,0,0,0,0,0,0,0,0,0,0,0,0,0,0,0,0,0,0,0,0,0,0,0,0,0,0,0,0,0,0,0,0,0,0,0,0,0,0,0,0,0,112.7,175.9,37.56666667,58.63333333,115,55,4,4
7,CT,A,N,3,14.7,342,39,2,1,9,90,-74,1.5,0,0,0,30,2206,3,14,118.3,123.7,127.3,125.3,123.8,117.4,106.3,95.4,83.4,71.7,59.3,47,41.5,28,0,0,0,0,0,0,0,0,0,0,0,0,0,0,0,0,0,0,0,0,0,0,0,0,0,0,0,0,0,0,0,0,0,0,0,0,0,0,0,0,0,0,0,0,0,0,0,0,0,0,0,0,0,0,0,0,0,0,0,0,0,0,0,0,0,0,0,0,0,0,0,0,0,0,0,0,53,44.2,35,37.5,51.8,66.1,78.5,92.4,102.1,109.9,117.8,128.5,129.6,116.2,0,0,0,0,0,0,0,0,0,0,0,0,0,0,0,0,0,0,0,0,0,0,0,0,0,0,0,0,0,0,0,0,0,0,0,0,0,0,0,0,0,0,0,0,0,0,0,0,0,0,0,0,0,0,0,0,0,0,0,0,0,0,0,0,0,0,0,0,0,0,0,0,0,0,0,0,CUE,O,,2022,1,7,4/27/2009,23.26530612,21.37716781,21.37716781,0,0,0,0,0,123.8,117.4,106.3,95.4,83.4,71.7,59.3,47,41.5,28,0,0,0,0,0,0,0,0,0,0,0,0,0,0,0,0,0,0,0,0,0,0,0,0,0,0,0,0,0,0,0,0,0,0,0,0,0,0,0,0,0,0,0,0,0,0,0,0,0,0,0,0,0,0,0,0,0,0,0,0,0,0,0,0,0,0,0,0,0,0,0,0,0,0,0,0,0,0,0,0,51.8,66.1,78.5,92.4,102.1,109.9,117.8,128.5,129.6,116.2,0,0,0,0,0,0,0,0,0,0,0,0,0,0,0,0,0,0,0,0,0,0,0,0,0,0,0,0,0,0,0,0,0,0,0,0,0,0,0,0,0,0,0,0,0,0,0,0,0,0,0,0,0,0,0,0,0,0,0,0,0,0,0,0,0,0,0,0,0,0,0,0,0,0,0,0,773.8,992.9,77.38,99.29,115,55,5,5
8,CT,A,E,4,11.2,253,61,22,29,15,56,-55,1.5,0,0,0,30,2206,3,11,122,125.9,127.8,127.6,127.1,119.7,101.1,87.4,64.8,41.7,26.2,0,0,0,0,0,0,0,0,0,0,0,0,0,0,0,0,0,0,0,0,0,0,0,0,0,0,0,0,0,0,0,0,0,0,0,0,0,0,0,0,0,0,0,0,0,0,0,0,0,0,0,0,0,0,0,0,0,0,0,0,0,0,0,0,0,0,0,0,0,0,0,0,0,0,0,0,0,0,0,58,50.4,43.4,41.5,41.4,48.7,48.3,41.5,42,51.4,64.6,0,0,0,0,0,0,0,0,0,0,0,0,0,0,0,0,0,0,0,0,0,0,0,0,0,0,0,0,0,0,0,0,0,0,0,0,0,0,0,0,0,0,0,0,0,0,0,0,0,0,0,0,0,0,0,0,0,0,0,0,0,0,0,0,0,0,0,0,0,0,0,0,0,0,0,0,0,0,0,CUE,O,,2022,2,7,4/27/2009,22.58928571,21.37716781,21.37716781,0,0,0,0,0,127.1,119.7,101.1,87.4,64.8,41.7,26.2,0,0,0,0,0,0,0,0,0,0,0,0,0,0,0,0,0,0,0,0,0,0,0,0,0,0,0,0,0,0,0,0,0,0,0,0,0,0,0,0,0,0,0,0,0,0,0,0,0,0,0,0,0,0,0,0,0,0,0,0,0,0,0,0,0,0,0,0,0,0,0,0,0,0,0,0,0,0,0,0,0,0,0,41.4,48.7,48.3,41.5,42,51.4,64.6,0,0,0,0,0,0,0,0,0,0,0,0,0,0,0,0,0,0,0,0,0,0,0,0,0,0,0,0,0,0,0,0,0,0,0,0,0,0,0,0,0,0,0,0,0,0,0,0,0,0,0,0,0,0,0,0,0,0,0,0,0,0,0,0,0,0,0,0,0,0,0,0,0,0,0,0,0,0,0,568,337.9,81.14285714,48.27142857,115,55,5,5
9,CT,A,S,4,8.6,182,1,21,7,17,76,-75,1.5,0,1,0,30,2206,3,8,107.6,102.6,93.4,83.3,73.7,64.3,48.5,29,0,0,0,0,0,0,0,0,0,0,0,0,0,0,0,0,0,0,0,0,0,0,0,0,0,0,0,0,0,0,0,0,0,0,0,0,0,0,0,0,0,0,0,0,0,0,0,0,0,0,0,0,0,0,0,0,0,0,0,0,0,0,0,0,0,0,0,0,0,0,0,0,0,0,0,0,0,0,0,0,0,0,62.5,77,95.6,105.2,112.1,116.7,108.2,96.9,0,0,0,0,0,0,0,0,0,0,0,0,0,0,0,0,0,0,0,0,0,0,0,0,0,0,0,0,0,0,0,0,0,0,0,0,0,0,0,0,0,0,0,0,0,0,0,0,0,0,0,0,0,0,0,0,0,0,0,0,0,0,0,0,0,0,0,0,0,0,0,0,0,0,0,0,0,0,0,0,0,0,CUE,O,,2022,3,7,4/27/2009,21.1627907,21.37716781,21.37716781,0,0,0,0,0,73.7,64.3,48.5,29,0,0,0,0,0,0,0,0,0,0,0,0,0,0,0,0,0,0,0,0,0,0,0,0,0,0,0,0,0,0,0,0,0,0,0,0,0,0,0,0,0,0,0,0,0,0,0,0,0,0,0,0,0,0,0,0,0,0,0,0,0,0,0,0,0,0,0,0,0,0,0,0,0,0,0,0,0,0,0,0,0,0,0,0,0,0,112.1,116.7,108.2,96.9,0,0,0,0,0,0,0,0,0,0,0,0,0,0,0,0,0,0,0,0,0,0,0,0,0,0,0,0,0,0,0,0,0,0,0,0,0,0,0,0,0,0,0,0,0,0,0,0,0,0,0,0,0,0,0,0,0,0,0,0,0,0,0,0,0,0,0,0,0,0,0,0,0,0,0,0,0,0,0,0,0,0,215.5,433.9,53.875,108.475,115,55,5,5
10,CT,A,E,3,9.6,211,69,3,0,11,89,-34,1.5,0,0,0,30,2206,3,9,122.3,116,110.2,100.4,90.3,77.9,65.6,51.6,37,0,0,0,0,0,0,0,0,0,0,0,0,0,0,0,0,0,0,0,0,0,0,0,0,0,0,0,0,0,0,0,0,0,0,0,0,0,0,0,0,0,0,0,0,0,0,0,0,0,0,0,0,0,0,0,0,0,0,0,0,0,0,0,0,0,0,0,0,0,0,0,0,0,0,0,0,0,0,0,0,0,58.2,61.9,76.2,87.3,98.4,106.9,115.1,124.9,121.1,0,0,0,0,0,0,0,0,0,0,0,0,0,0,0,0,0,0,0,0,0,0,0,0,0,0,0,0,0,0,0,0,0,0,0,0,0,0,0,0,0,0,0,0,0,0,0,0,0,0,0,0,0,0,0,0,0,0,0,0,0,0,0,0,0,0,0,0,0,0,0,0,0,0,0,0,0,0,0,0,0,CUE,O,,2022,4,7,4/27/2009,21.97916667,21.37716781,21.37716781,0,0,0,0,0,90.3,77.9,65.6,51.6,37,0,0,0,0,0,0,0,0,0,0,0,0,0,0,0,0,0,0,0,0,0,0,0,0,0,0,0,0,0,0,0,0,0,0,0,0,0,0,0,0,0,0,0,0,0,0,0,0,0,0,0,0,0,0,0,0,0,0,0,0,0,0,0,0,0,0,0,0,0,0,0,0,0,0,0,0,0,0,0,0,0,0,0,0,0,98.4,106.9,115.1,124.9,121.1,0,0,0,0,0,0,0,0,0,0,0,0,0,0,0,0,0,0,0,0,0,0,0,0,0,0,0,0,0,0,0,0,0,0,0,0,0,0,0,0,0,0,0,0,0,0,0,0,0,0,0,0,0,0,0,0,0,0,0,0,0,0,0,0,0,0,0,0,0,0,0,0,0,0,0,0,0,0,0,0,0,322.4,566.4,64.48,113.28,115,55,5,5
11,CT,A,W,2,16.5,294,13,34,0,6,94,-96,1.5,0,0,0,30,2206,3,16,123.9,124.9,123.6,120.9,118,114.6,110.7,106.8,101.1,94.7,88.3,80.9,74.2,67.5,59.3,43.5,0,0,0,0,0,0,0,0,0,0,0,0,0,0,0,0,0,0,0,0,0,0,0,0,0,0,0,0,0,0,0,0,0,0,0,0,0,0,0,0,0,0,0,0,0,0,0,0,0,0,0,0,0,0,0,0,0,0,0,0,0,0,0,0,0,0,0,0,0,0,0,0,0,0,44.2,39.1,39.3,45.3,54.1,63.3,69.4,75.7,85.4,95.3,104.7,109.7,116.8,122.3,122,114,0,0,0,0,0,0,0,0,0,0,0,0,0,0,0,0,0,0,0,0,0,0,0,0,0,0,0,0,0,0,0,0,0,0,0,0,0,0,0,0,0,0,0,0,0,0,0,0,0,0,0,0,0,0,0,0,0,0,0,0,0,0,0,0,0,0,0,0,0,0,0,0,0,0,CUE,O,,2022,5,7,4/27/2009,17.81818182,21.37716781,21.37716781,0,0,0,0,0,118,114.6,110.7,106.8,101.1,94.7,88.3,80.9,74.2,67.5,59.3,43.5,0,0,0,0,0,0,0,0,0,0,0,0,0,0,0,0,0,0,0,0,0,0,0,0,0,0,0,0,0,0,0,0,0,0,0,0,0,0,0,0,0,0,0,0,0,0,0,0,0,0,0,0,0,0,0,0,0,0,0,0,0,0,0,0,0,0,0,0,0,0,0,0,0,0,0,0,0,0,54.1,63.3,69.4,75.7,85.4,95.3,104.7,109.7,116.8,122.3,122,114,0,0,0,0,0,0,0,0,0,0,0,0,0,0,0,0,0,0,0,0,0,0,0,0,0,0,0,0,0,0,0,0,0,0,0,0,0,0,0,0,0,0,0,0,0,0,0,0,0,0,0,0,0,0,0,0,0,0,0,0,0,0,0,0,0,0,0,0,0,0,0,0,0,0,1059.6,1132.7,88.3,94.39166667,115,55,5,5
12,CT,A,S,1,14.5,311,0,52,15,11,74,-99,1.5,0,0,0,30,2206,3,14,119.5,125.6,134.2,135,133.5,129.8,124.5,117.7,109.3,100.5,91.7,79.8,60.4,39.3,0,0,0,0,0,0,0,0,0,0,0,0,0,0,0,0,0,0,0,0,0,0,0,0,0,0,0,0,0,0,0,0,0,0,0,0,0,0,0,0,0,0,0,0,0,0,0,0,0,0,0,0,0,0,0,0,0,0,0,0,0,0,0,0,0,0,0,0,0,0,0,0,0,0,0,0,49.5,44.2,41.3,43.9,49.8,57.3,65.8,74.5,82.5,90,91.1,83.8,74.3,69.5,0,0,0,0,0,0,0,0,0,0,0,0,0,0,0,0,0,0,0,0,0,0,0,0,0,0,0,0,0,0,0,0,0,0,0,0,0,0,0,0,0,0,0,0,0,0,0,0,0,0,0,0,0,0,0,0,0,0,0,0,0,0,0,0,0,0,0,0,0,0,0,0,0,0,0,0,CUE,O,,2022,6,7,4/27/2009,21.44827586,21.37716781,21.37716781,0,0,0,0,0,133.5,129.8,124.5,117.7,109.3,100.5,91.7,79.8,60.4,39.3,0,0,0,0,0,0,0,0,0,0,0,0,0,0,0,0,0,0,0,0,0,0,0,0,0,0,0,0,0,0,0,0,0,0,0,0,0,0,0,0,0,0,0,0,0,0,0,0,0,0,0,0,0,0,0,0,0,0,0,0,0,0,0,0,0,0,0,0,0,0,0,0,0,0,0,0,0,0,0,0,49.8,57.3,65.8,74.5,82.5,90,91.1,83.8,74.3,69.5,0,0,0,0,0,0,0,0,0,0,0,0,0,0,0,0,0,0,0,0,0,0,0,0,0,0,0,0,0,0,0,0,0,0,0,0,0,0,0,0,0,0,0,0,0,0,0,0,0,0,0,0,0,0,0,0,0,0,0,0,0,0,0,0,0,0,0,0,0,0,0,0,0,0,0,0,986.5,738.6,98.65,73.86,115,55,5,5
19,CT,A,N,3,4.6,149,13,72,66,28,6,5,1.5,0,0,0,30,2206,11,4,107.8,88.4,57.2,36.4,0,0,0,0,0,0,0,0,0,0,0,0,0,0,0,0,0,0,0,0,0,0,0,0,0,0,0,0,0,0,0,0,0,0,0,0,0,0,0,0,0,0,0,0,0,0,0,0,0,0,0,0,0,0,0,0,0,0,0,0,0,0,0,0,0,0,0,0,0,0,0,0,0,0,0,0,0,0,0,0,0,0,0,0,0,0,61.7,51.3,45.2,62.7,0,0,0,0,0,0,0,0,0,0,0,0,0,0,0,0,0,0,0,0,0,0,0,0,0,0,0,0,0,0,0,0,0,0,0,0,0,0,0,0,0,0,0,0,0,0,0,0,0,0,0,0,0,0,0,0,0,0,0,0,0,0,0,0,0,0,0,0,0,0,0,0,0,0,0,0,0,0,0,0,0,0,0,0,0,0,CUE,O,,2022,1,7,4/27/2009,32.39130435,29.11331675,29.11331675,0,0,0,0,36.4,0,0,0,0,0,0,0,0,0,0,0,0,0,0,0,0,0,0,0,0,0,0,0,0,0,0,0,0,0,0,0,0,0,0,0,0,0,0,0,0,0,0,0,0,0,0,0,0,0,0,0,0,0,0,0,0,0,0,0,0,0,0,0,0,0,0,0,0,0,0,0,0,0,0,0,0,0,0,0,0,0,0,0,0,0,0,0,0,0,62.7,0,0,0,0,0,0,0,0,0,0,0,0,0,0,0,0,0,0,0,0,0,0,0,0,0,0,0,0,0,0,0,0,0,0,0,0,0,0,0,0,0,0,0,0,0,0,0,0,0,0,0,0,0,0,0,0,0,0,0,0,0,0,0,0,0,0,0,0,0,0,0,0,0,0,0,0,0,0,0,0,0,0,0,0,0,0,36.4,62.7,36.4,62.7,115,55,4,4
20,CT,A,E,4,3,106,0,28,75,13,12,-11,1.5,0,0,0,30,2206,11,2,101.7,54.9,0,0,0,0,0,0,0,0,0,0,0,0,0,0,0,0,0,0,0,0,0,0,0,0,0,0,0,0,0,0,0,0,0,0,0,0,0,0,0,0,0,0,0,0,0,0,0,0,0,0,0,0,0,0,0,0,0,0,0,0,0,0,0,0,0,0,0,0,0,0,0,0,0,0,0,0,0,0,0,0,0,0,0,0,0,0,0,0,56.5,58.6,0,0,0,0,0,0,0,0,0,0,0,0,0,0,0,0,0,0,0,0,0,0,0,0,0,0,0,0,0,0,0,0,0,0,0,0,0,0,0,0,0,0,0,0,0,0,0,0,0,0,0,0,0,0,0,0,0,0,0,0,0,0,0,0,0,0,0,0,0,0,0,0,0,0,0,0,0,0,0,0,0,0,0,0,0,0,0,0,CUE,O,,2022,2,7,4/27/2009,35.33333333,29.11331675,29.11331675,0,0,0,0,0,0,0,0,0,0,0,0,0,0,0,0,0,0,0,0,0,0,0,0,0,0,0,0,0,0,0,0,0,0,0,0,0,0,0,0,0,0,0,0,0,0,0,0,0,0,0,0,0,0,0,0,0,0,0,0,0,0,0,0,0,0,0,0,0,0,0,0,0,0,0,0,0,0,0,0,0,0,0,0,0,0,0,0,0,0,0,0,0,0,0,0,0,0,0,0,0,0,0,0,0,0,0,0,0,0,0,0,0,0,0,0,0,0,0,0,0,0,0,0,0,0,0,0,0,0,0,0,0,0,0,0,0,0,0,0,0,0,0,0,0,0,0,0,0,0,0,0,0,0,0,0,0,0,0,0,0,0,0,0,0,0,0,0,0,0,0,0,0,0,0,0,0,0,0,0,0,0,0,0,0,115,55,4,3
21,CT,A,S,4,7.8,206,48,14,41,53,6,66,1.5,0,1,0,30,2206,11,7,107.7,100.8,104.9,105,90.2,69.8,43.5,0,0,0,0,0,0,0,0,0,0,0,0,0,0,0,0,0,0,0,0,0,0,0,0,0,0,0,0,0,0,0,0,0,0,0,0,0,0,0,0,0,0,0,0,0,0,0,0,0,0,0,0,0,0,0,0,0,0,0,0,0,0,0,0,0,0,0,0,0,0,0,0,0,0,0,0,0,0,0,0,0,0,0,47.9,25.5,20.8,38.4,45,43.6,52.2,0,0,0,0,0,0,0,0,0,0,0,0,0,0,0,0,0,0,0,0,0,0,0,0,0,0,0,0,0,0,0,0,0,0,0,0,0,0,0,0,0,0,0,0,0,0,0,0,0,0,0,0,0,0,0,0,0,0,0,0,0,0,0,0,0,0,0,0,0,0,0,0,0,0,0,0,0,0,0,0,0,0,0,CUE,O,,2022,3,7,4/27/2009,26.41025641,29.11331675,29.11331675,0,0,0,0,105,90.2,69.8,43.5,0,0,0,0,0,0,0,0,0,0,0,0,0,0,0,0,0,0,0,0,0,0,0,0,0,0,0,0,0,0,0,0,0,0,0,0,0,0,0,0,0,0,0,0,0,0,0,0,0,0,0,0,0,0,0,0,0,0,0,0,0,0,0,0,0,0,0,0,0,0,0,0,0,0,0,0,0,0,0,0,0,0,0,0,0,0,38.4,45,43.6,52.2,0,0,0,0,0,0,0,0,0,0,0,0,0,0,0,0,0,0,0,0,0,0,0,0,0,0,0,0,0,0,0,0,0,0,0,0,0,0,0,0,0,0,0,0,0,0,0,0,0,0,0,0,0,0,0,0,0,0,0,0,0,0,0,0,0,0,0,0,0,0,0,0,0,0,0,0,0,0,0,0,0,0,0,308.5,179.2,77.125,44.8,115,55,4,4
22,CT,A,E,3,4.9,134,0,3,70,18,12,3,1.5,0,0,0,30,2206,11,4,117.7,92.6,75.9,56.7,0,0,0,0,0,0,0,0,0,0,0,0,0,0,0,0,0,0,0,0,0,0,0,0,0,0,0,0,0,0,0,0,0,0,0,0,0,0,0,0,0,0,0,0,0,0,0,0,0,0,0,0,0,0,0,0,0,0,0,0,0,0,0,0,0,0,0,0,0,0,0,0,0,0,0,0,0,0,0,0,0,0,0,0,0,0,45.4,16.7,18.6,37.8,0,0,0,0,0,0,0,0,0,0,0,0,0,0,0,0,0,0,0,0,0,0,0,0,0,0,0,0,0,0,0,0,0,0,0,0,0,0,0,0,0,0,0,0,0,0,0,0,0,0,0,0,0,0,0,0,0,0,0,0,0,0,0,0,0,0,0,0,0,0,0,0,0,0,0,0,0,0,0,0,0,0,0,0,0,0,CUE,O,,2022,4,7,4/27/2009,27.34693878,29.11331675,29.11331675,0,0,0,0,56.7,0,0,0,0,0,0,0,0,0,0,0,0,0,0,0,0,0,0,0,0,0,0,0,0,0,0,0,0,0,0,0,0,0,0,0,0,0,0,0,0,0,0,0,0,0,0,0,0,0,0,0,0,0,0,0,0,0,0,0,0,0,0,0,0,0,0,0,0,0,0,0,0,0,0,0,0,0,0,0,0,0,0,0,0,0,0,0,0,0,37.8,0,0,0,0,0,0,0,0,0,0,0,0,0,0,0,0,0,0,0,0,0,0,0,0,0,0,0,0,0,0,0,0,0,0,0,0,0,0,0,0,0,0,0,0,0,0,0,0,0,0,0,0,0,0,0,0,0,0,0,0,0,0,0,0,0,0,0,0,0,0,0,0,0,0,0,0,0,0,0,0,0,0,0,0,0,0,56.7,37.8,56.7,37.8,115,55,4,4
23,CT,A,W,2,4.5,122,9,62,86,13,1,-32,1.5,0,1,0,30,2206,11,4,98.6,81.5,57.7,40.1,0,0,0,0,0,0,0,0,0,0,0,0,0,0,0,0,0,0,0,0,0,0,0,0,0,0,0,0,0,0,0,0,0,0,0,0,0,0,0,0,0,0,0,0,0,0,0,0,0,0,0,0,0,0,0,0,0,0,0,0,0,0,0,0,0,0,0,0,0,0,0,0,0,0,0,0,0,0,0,0,0,0,0,0,0,0,27.1,11.7,32.8,63.1,0,0,0,0,0,0,0,0,0,0,0,0,0,0,0,0,0,0,0,0,0,0,0,0,0,0,0,0,0,0,0,0,0,0,0,0,0,0,0,0,0,0,0,0,0,0,0,0,0,0,0,0,0,0,0,0,0,0,0,0,0,0,0,0,0,0,0,0,0,0,0,0,0,0,0,0,0,0,0,0,0,0,0,0,0,0,CUE,O,,2022,5,7,4/27/2009,27.11111111,29.11331675,29.11331675,0,0,0,0,40.1,0,0,0,0,0,0,0,0,0,0,0,0,0,0,0,0,0,0,0,0,0,0,0,0,0,0,0,0,0,0,0,0,0,0,0,0,0,0,0,0,0,0,0,0,0,0,0,0,0,0,0,0,0,0,0,0,0,0,0,0,0,0,0,0,0,0,0,0,0,0,0,0,0,0,0,0,0,0,0,0,0,0,0,0,0,0,0,0,0,63.1,0,0,0,0,0,0,0,0,0,0,0,0,0,0,0,0,0,0,0,0,0,0,0,0,0,0,0,0,0,0,0,0,0,0,0,0,0,0,0,0,0,0,0,0,0,0,0,0,0,0,0,0,0,0,0,0,0,0,0,0,0,0,0,0,0,0,0,0,0,0,0,0,0,0,0,0,0,0,0,0,0,0,0,0,0,0,40.1,63.1,40.1,63.1,115,55,4,4
24,CT,A,S,1,4.6,120,73,3,66,26,8,22,1.5,2,0,0,30,2206,11,4,104.6,78.9,54.1,30.8,0,0,0,0,0,0,0,0,0,0,0,0,0,0,0,0,0,0,0,0,0,0,0,0,0,0,0,0,0,0,0,0,0,0,0,0,0,0,0,0,0,0,0,0,0,0,0,0,0,0,0,0,0,0,0,0,0,0,0,0,0,0,0,0,0,0,0,0,0,0,0,0,0,0,0,0,0,0,0,0,0,0,0,0,0,0,58.5,56.2,58.1,65.1,0,0,0,0,0,0,0,0,0,0,0,0,0,0,0,0,0,0,0,0,0,0,0,0,0,0,0,0,0,0,0,0,0,0,0,0,0,0,0,0,0,0,0,0,0,0,0,0,0,0,0,0,0,0,0,0,0,0,0,0,0,0,0,0,0,0,0,0,0,0,0,0,0,0,0,0,0,0,0,0,0,0,0,0,0,0,CUE,O,,2022,6,7,4/27/2009,26.08695652,29.11331675,29.11331675,0,0,0,0,30.8,0,0,0,0,0,0,0,0,0,0,0,0,0,0,0,0,0,0,0,0,0,0,0,0,0,0,0,0,0,0,0,0,0,0,0,0,0,0,0,0,0,0,0,0,0,0,0,0,0,0,0,0,0,0,0,0,0,0,0,0,0,0,0,0,0,0,0,0,0,0,0,0,0,0,0,0,0,0,0,0,0,0,0,0,0,0,0,0,0,65.1,0,0,0,0,0,0,0,0,0,0,0,0,0,0,0,0,0,0,0,0,0,0,0,0,0,0,0,0,0,0,0,0,0,0,0,0,0,0,0,0,0,0,0,0,0,0,0,0,0,0,0,0,0,0,0,0,0,0,0,0,0,0,0,0,0,0,0,0,0,0,0,0,0,0,0,0,0,0,0,0,0,0,0,0,0,0,30.8,65.1,30.8,65.1,115,55,4,4
25,CT,A,N,3,6,211,42,3,74,22,4,-41,1.5,0,0,0,30,2206,12,5,107.3,72.4,65.5,75.3,48.9,0,0,0,0,0,0,0,0,0,0,0,0,0,0,0,0,0,0,0,0,0,0,0,0,0,0,0,0,0,0,0,0,0,0,0,0,0,0,0,0,0,0,0,0,0,0,0,0,0,0,0,0,0,0,0,0,0,0,0,0,0,0,0,0,0,0,0,0,0,0,0,0,0,0,0,0,0,0,0,0,0,0,0,0,0,45.6,28.3,37.5,56.1,78.5,0,0,0,0,0,0,0,0,0,0,0,0,0,0,0,0,0,0,0,0,0,0,0,0,0,0,0,0,0,0,0,0,0,0,0,0,0,0,0,0,0,0,0,0,0,0,0,0,0,0,0,0,0,0,0,0,0,0,0,0,0,0,0,0,0,0,0,0,0,0,0,0,0,0,0,0,0,0,0,0,0,0,0,0,0,CUE,O,,2022,1,7,4/27/2009,35.16666667,32.73603208,32.73603208,0,0,0,0,75.3,48.9,0,0,0,0,0,0,0,0,0,0,0,0,0,0,0,0,0,0,0,0,0,0,0,0,0,0,0,0,0,0,0,0,0,0,0,0,0,0,0,0,0,0,0,0,0,0,0,0,0,0,0,0,0,0,0,0,0,0,0,0,0,0,0,0,0,0,0,0,0,0,0,0,0,0,0,0,0,0,0,0,0,0,0,0,0,0,0,0,56.1,78.5,0,0,0,0,0,0,0,0,0,0,0,0,0,0,0,0,0,0,0,0,0,0,0,0,0,0,0,0,0,0,0,0,0,0,0,0,0,0,0,0,0,0,0,0,0,0,0,0,0,0,0,0,0,0,0,0,0,0,0,0,0,0,0,0,0,0,0,0,0,0,0,0,0,0,0,0,0,0,0,0,0,0,0,0,0,124.2,134.6,62.1,67.3,115,55,4,4
26,CT,A,E,4,7.9,231,35,14,50,35,15,-31,1.5,1,0,0,30,2206,12,7,120.6,107.2,77.7,61.5,62.3,55.3,37.8,0,0,0,0,0,0,0,0,0,0,0,0,0,0,0,0,0,0,0,0,0,0,0,0,0,0,0,0,0,0,0,0,0,0,0,0,0,0,0,0,0,0,0,0,0,0,0,0,0,0,0,0,0,0,0,0,0,0,0,0,0,0,0,0,0,0,0,0,0,0,0,0,0,0,0,0,0,0,0,0,0,0,0,59.3,33.4,16.8,44.1,80,93.9,84.3,0,0,0,0,0,0,0,0,0,0,0,0,0,0,0,0,0,0,0,0,0,0,0,0,0,0,0,0,0,0,0,0,0,0,0,0,0,0,0,0,0,0,0,0,0,0,0,0,0,0,0,0,0,0,0,0,0,0,0,0,0,0,0,0,0,0,0,0,0,0,0,0,0,0,0,0,0,0,0,0,0,0,0,CUE,O,,2022,2,7,4/27/2009,29.24050633,32.73603208,32.73603208,0,0,0,0,61.5,62.3,55.3,37.8,0,0,0,0,0,0,0,0,0,0,0,0,0,0,0,0,0,0,0,0,0,0,0,0,0,0,0,0,0,0,0,0,0,0,0,0,0,0,0,0,0,0,0,0,0,0,0,0,0,0,0,0,0,0,0,0,0,0,0,0,0,0,0,0,0,0,0,0,0,0,0,0,0,0,0,0,0,0,0,0,0,0,0,0,0,0,44.1,80,93.9,84.3,0,0,0,0,0,0,0,0,0,0,0,0,0,0,0,0,0,0,0,0,0,0,0,0,0,0,0,0,0,0,0,0,0,0,0,0,0,0,0,0,0,0,0,0,0,0,0,0,0,0,0,0,0,0,0,0,0,0,0,0,0,0,0,0,0,0,0,0,0,0,0,0,0,0,0,0,0,0,0,0,0,0,0,216.9,302.3,54.225,75.575,115,55,4,4
27,CT,A,S,4,3.3,118,0,29,56,31,13,-38,1.5,0,1,0,30,2206,12,3,95.1,53.7,21.5,0,0,0,0,0,0,0,0,0,0,0,0,0,0,0,0,0,0,0,0,0,0,0,0,0,0,0,0,0,0,0,0,0,0,0,0,0,0,0,0,0,0,0,0,0,0,0,0,0,0,0,0,0,0,0,0,0,0,0,0,0,0,0,0,0,0,0,0,0,0,0,0,0,0,0,0,0,0,0,0,0,0,0,0,0,0,0,65.5,71.2,71,0,0,0,0,0,0,0,0,0,0,0,0,0,0,0,0,0,0,0,0,0,0,0,0,0,0,0,0,0,0,0,0,0,0,0,0,0,0,0,0,0,0,0,0,0,0,0,0,0,0,0,0,0,0,0,0,0,0,0,0,0,0,0,0,0,0,0,0,0,0,0,0,0,0,0,0,0,0,0,0,0,0,0,0,0,0,0,CUE,O,,2022,3,7,4/27/2009,35.75757576,32.73603208,32.73603208,0,0,0,0,0,0,0,0,0,0,0,0,0,0,0,0,0,0,0,0,0,0,0,0,0,0,0,0,0,0,0,0,0,0,0,0,0,0,0,0,0,0,0,0,0,0,0,0,0,0,0,0,0,0,0,0,0,0,0,0,0,0,0,0,0,0,0,0,0,0,0,0,0,0,0,0,0,0,0,0,0,0,0,0,0,0,0,0,0,0,0,0,0,0,0,0,0,0,0,0,0,0,0,0,0,0,0,0,0,0,0,0,0,0,0,0,0,0,0,0,0,0,0,0,0,0,0,0,0,0,0,0,0,0,0,0,0,0,0,0,0,0,0,0,0,0,0,0,0,0,0,0,0,0,0,0,0,0,0,0,0,0,0,0,0,0,0,0,0,0,0,0,0,0,0,0,0,0,0,0,0,0,0,0,0,115,55,4,3
28,CT,A,E,3,3.9,128,73,4,50,18,32,-20,1.5,1,0,0,30,2206,12,3,120.1,99.3,60.1,0,0,0,0,0,0,0,0,0,0,0,0,0,0,0,0,0,0,0,0,0,0,0,0,0,0,0,0,0,0,0,0,0,0,0,0,0,0,0,0,0,0,0,0,0,0,0,0,0,0,0,0,0,0,0,0,0,0,0,0,0,0,0,0,0,0,0,0,0,0,0,0,0,0,0,0,0,0,0,0,0,0,0,0,0,0,0,56.3,50.4,57.9,0,0,0,0,0,0,0,0,0,0,0,0,0,0,0,0,0,0,0,0,0,0,0,0,0,0,0,0,0,0,0,0,0,0,0,0,0,0,0,0,0,0,0,0,0,0,0,0,0,0,0,0,0,0,0,0,0,0,0,0,0,0,0,0,0,0,0,0,0,0,0,0,0,0,0,0,0,0,0,0,0,0,0,0,0,0,0,CUE,O,,2022,4,7,4/27/2009,32.82051282,32.73603208,32.73603208,0,0,0,0,0,0,0,0,0,0,0,0,0,0,0,0,0,0,0,0,0,0,0,0,0,0,0,0,0,0,0,0,0,0,0,0,0,0,0,0,0,0,0,0,0,0,0,0,0,0,0,0,0,0,0,0,0,0,0,0,0,0,0,0,0,0,0,0,0,0,0,0,0,0,0,0,0,0,0,0,0,0,0,0,0,0,0,0,0,0,0,0,0,0,0,0,0,0,0,0,0,0,0,0,0,0,0,0,0,0,0,0,0,0,0,0,0,0,0,0,0,0,0,0,0,0,0,0,0,0,0,0,0,0,0,0,0,0,0,0,0,0,0,0,0,0,0,0,0,0,0,0,0,0,0,0,0,0,0,0,0,0,0,0,0,0,0,0,0,0,0,0,0,0,0,0,0,0,0,0,0,0,0,0,0,115,55,4,4
29,CT,A,W,2,3.7,98,13,76,63,36,1,-32,1.5,0,0,0,30,2206,12,3,108.4,90.3,59.8,0,0,0,0,0,0,0,0,0,0,0,0,0,0,0,0,0,0,0,0,0,0,0,0,0,0,0,0,0,0,0,0,0,0,0,0,0,0,0,0,0,0,0,0,0,0,0,0,0,0,0,0,0,0,0,0,0,0,0,0,0,0,0,0,0,0,0,0,0,0,0,0,0,0,0,0,0,0,0,0,0,0,0,0,0,0,0,34.7,18,29.1,0,0,0,0,0,0,0,0,0,0,0,0,0,0,0,0,0,0,0,0,0,0,0,0,0,0,0,0,0,0,0,0,0,0,0,0,0,0,0,0,0,0,0,0,0,0,0,0,0,0,0,0,0,0,0,0,0,0,0,0,0,0,0,0,0,0,0,0,0,0,0,0,0,0,0,0,0,0,0,0,0,0,0,0,0,0,0,CUE,O,,2022,5,7,4/27/2009,26.48648649,32.73603208,32.73603208,0,0,0,0,0,0,0,0,0,0,0,0,0,0,0,0,0,0,0,0,0,0,0,0,0,0,0,0,0,0,0,0,0,0,0,0,0,0,0,0,0,0,0,0,0,0,0,0,0,0,0,0,0,0,0,0,0,0,0,0,0,0,0,0,0,0,0,0,0,0,0,0,0,0,0,0,0,0,0,0,0,0,0,0,0,0,0,0,0,0,0,0,0,0,0,0,0,0,0,0,0,0,0,0,0,0,0,0,0,0,0,0,0,0,0,0,0,0,0,0,0,0,0,0,0,0,0,0,0,0,0,0,0,0,0,0,0,0,0,0,0,0,0,0,0,0,0,0,0,0,0,0,0,0,0,0,0,0,0,0,0,0,0,0,0,0,0,0,0,0,0,0,0,0,0,0,0,0,0,0,0,0,0,0,0,115,55,4,4
30,CT,A,S,1,3.6,133,0,15,82,11,7,-41,1.5,0,0,0,30,2206,12,3,102.8,71.3,39.5,0,0,0,0,0,0,0,0,0,0,0,0,0,0,0,0,0,0,0,0,0,0,0,0,0,0,0,0,0,0,0,0,0,0,0,0,0,0,0,0,0,0,0,0,0,0,0,0,0,0,0,0,0,0,0,0,0,0,0,0,0,0,0,0,0,0,0,0,0,0,0,0,0,0,0,0,0,0,0,0,0,0,0,0,0,0,0,32.5,23.2,56.5,0,0,0,0,0,0,0,0,0,0,0,0,0,0,0,0,0,0,0,0,0,0,0,0,0,0,0,0,0,0,0,0,0,0,0,0,0,0,0,0,0,0,0,0,0,0,0,0,0,0,0,0,0,0,0,0,0,0,0,0,0,0,0,0,0,0,0,0,0,0,0,0,0,0,0,0,0,0,0,0,0,0,0,0,0,0,0,CUE,O,,2022,6,7,4/27/2009,36.94444444,32.73603208,32.73603208,0,0,0,0,0,0,0,0,0,0,0,0,0,0,0,0,0,0,0,0,0,0,0,0,0,0,0,0,0,0,0,0,0,0,0,0,0,0,0,0,0,0,0,0,0,0,0,0,0,0,0,0,0,0,0,0,0,0,0,0,0,0,0,0,0,0,0,0,0,0,0,0,0,0,0,0,0,0,0,0,0,0,0,0,0,0,0,0,0,0,0,0,0,0,0,0,0,0,0,0,0,0,0,0,0,0,0,0,0,0,0,0,0,0,0,0,0,0,0,0,0,0,0,0,0,0,0,0,0,0,0,0,0,0,0,0,0,0,0,0,0,0,0,0,0,0,0,0,0,0,0,0,0,0,0,0,0,0,0,0,0,0,0,0,0,0,0,0,0,0,0,0,0,0,0,0,0,0,0,0,0,0,0,0,0,115,55,4,4
31,CT,A,N,3,13.4,320,26,17,84,13,3,-40,1.5,0,0,0,30,2206,13,13,113,105.5,88.1,70.8,47.8,22.9,40.4,49.8,57,72,73.2,58.5,35.3,0,0,0,0,0,0,0,0,0,0,0,0,0,0,0,0,0,0,0,0,0,0,0,0,0,0,0,0,0,0,0,0,0,0,0,0,0,0,0,0,0,0,0,0,0,0,0,0,0,0,0,0,0,0,0,0,0,0,0,0,0,0,0,0,0,0,0,0,0,0,0,0,0,0,0,0,0,57.1,40.6,18.3,26.2,52.3,71.8,58.7,48.6,38.5,23.3,32.5,50.7,69.1,0,0,0,0,0,0,0,0,0,0,0,0,0,0,0,0,0,0,0,0,0,0,0,0,0,0,0,0,0,0,0,0,0,0,0,0,0,0,0,0,0,0,0,0,0,0,0,0,0,0,0,0,0,0,0,0,0,0,0,0,0,0,0,0,0,0,0,0,0,0,0,0,0,0,0,0,0,CUE,O,,2022,1,7,4/27/2009,23.88059701,23.79108412,23.79108412,0,0,0,0,0,47.8,22.9,40.4,49.8,57,72,73.2,58.5,35.3,0,0,0,0,0,0,0,0,0,0,0,0,0,0,0,0,0,0,0,0,0,0,0,0,0,0,0,0,0,0,0,0,0,0,0,0,0,0,0,0,0,0,0,0,0,0,0,0,0,0,0,0,0,0,0,0,0,0,0,0,0,0,0,0,0,0,0,0,0,0,0,0,0,0,0,0,0,0,0,0,0,52.3,71.8,58.7,48.6,38.5,23.3,32.5,50.7,69.1,0,0,0,0,0,0,0,0,0,0,0,0,0,0,0,0,0,0,0,0,0,0,0,0,0,0,0,0,0,0,0,0,0,0,0,0,0,0,0,0,0,0,0,0,0,0,0,0,0,0,0,0,0,0,0,0,0,0,0,0,0,0,0,0,0,0,0,0,0,0,0,0,0,0,0,0,0,456.9,445.5,50.76666667,49.5,115,55,5,5
32,CT,A,E,4,4.5,131,40,42,68,11,21,-54,1.5,0,0,0,30,2206,13,4,118.5,89.9,53.8,26.1,0,0,0,0,0,0,0,0,0,0,0,0,0,0,0,0,0,0,0,0,0,0,0,0,0,0,0,0,0,0,0,0,0,0,0,0,0,0,0,0,0,0,0,0,0,0,0,0,0,0,0,0,0,0,0,0,0,0,0,0,0,0,0,0,0,0,0,0,0,0,0,0,0,0,0,0,0,0,0,0,0,0,0,0,0,0,59.3,31.5,37.2,64.4,0,0,0,0,0,0,0,0,0,0,0,0,0,0,0,0,0,0,0,0,0,0,0,0,0,0,0,0,0,0,0,0,0,0,0,0,0,0,0,0,0,0,0,0,0,0,0,0,0,0,0,0,0,0,0,0,0,0,0,0,0,0,0,0,0,0,0,0,0,0,0,0,0,0,0,0,0,0,0,0,0,0,0,0,0,0,CUE,O,,2022,2,7,4/27/2009,29.11111111,23.79108412,23.79108412,0,0,0,0,0,0,0,0,0,0,0,0,0,0,0,0,0,0,0,0,0,0,0,0,0,0,0,0,0,0,0,0,0,0,0,0,0,0,0,0,0,0,0,0,0,0,0,0,0,0,0,0,0,0,0,0,0,0,0,0,0,0,0,0,0,0,0,0,0,0,0,0,0,0,0,0,0,0,0,0,0,0,0,0,0,0,0,0,0,0,0,0,0,0,0,0,0,0,0,0,0,0,0,0,0,0,0,0,0,0,0,0,0,0,0,0,0,0,0,0,0,0,0,0,0,0,0,0,0,0,0,0,0,0,0,0,0,0,0,0,0,0,0,0,0,0,0,0,0,0,0,0,0,0,0,0,0,0,0,0,0,0,0,0,0,0,0,0,0,0,0,0,0,0,0,0,0,0,0,0,0,0,0,0,0,115,55,5,5
33,CT,A,S,4,16.3,361,35,9,55,41,4,-35,1.5,0,1,0,30,2206,13,16,105.4,83.5,65.1,55,56.7,59,74.3,92.3,102.4,101.2,100,90.8,77.1,60.7,41.3,22.9,0,0,0,0,0,0,0,0,0,0,0,0,0,0,0,0,0,0,0,0,0,0,0,0,0,0,0,0,0,0,0,0,0,0,0,0,0,0,0,0,0,0,0,0,0,0,0,0,0,0,0,0,0,0,0,0,0,0,0,0,0,0,0,0,0,0,0,0,0,0,0,0,0,0,54.8,47.8,35.1,32.9,41.3,42.3,38.3,34.8,28.3,16.5,20.1,43.2,61.1,68.1,67.3,68.6,0,0,0,0,0,0,0,0,0,0,0,0,0,0,0,0,0,0,0,0,0,0,0,0,0,0,0,0,0,0,0,0,0,0,0,0,0,0,0,0,0,0,0,0,0,0,0,0,0,0,0,0,0,0,0,0,0,0,0,0,0,0,0,0,0,0,0,0,0,0,0,0,0,0,CUE,O,,2022,3,7,4/27/2009,22.14723926,23.79108412,23.79108412,0,0,0,0,0,56.7,59,74.3,92.3,102.4,101.2,100,90.8,77.1,60.7,41.3,22.9,0,0,0,0,0,0,0,0,0,0,0,0,0,0,0,0,0,0,0,0,0,0,0,0,0,0,0,0,0,0,0,0,0,0,0,0,0,0,0,0,0,0,0,0,0,0,0,0,0,0,0,0,0,0,0,0,0,0,0,0,0,0,0,0,0,0,0,0,0,0,0,0,0,0,0,0,0,0,41.3,42.3,38.3,34.8,28.3,16.5,20.1,43.2,61.1,68.1,67.3,68.6,0,0,0,0,0,0,0,0,0,0,0,0,0,0,0,0,0,0,0,0,0,0,0,0,0,0,0,0,0,0,0,0,0,0,0,0,0,0,0,0,0,0,0,0,0,0,0,0,0,0,0,0,0,0,0,0,0,0,0,0,0,0,0,0,0,0,0,0,0,0,0,0,0,0,878.7,529.9,73.225,44.15833333,115,55,5,5
34,CT,A,E,3,13,297,43,26,83,7,10,-13,1.5,1,0,0,30,2206,13,12,119.9,99.5,66.9,39,42.6,59.6,65.7,73,78.9,76.5,68.9,50.7,0,0,0,0,0,0,0,0,0,0,0,0,0,0,0,0,0,0,0,0,0,0,0,0,0,0,0,0,0,0,0,0,0,0,0,0,0,0,0,0,0,0,0,0,0,0,0,0,0,0,0,0,0,0,0,0,0,0,0,0,0,0,0,0,0,0,0,0,0,0,0,0,0,0,0,0,0,0,54.5,45.1,43.7,55.3,59.1,47.3,41.3,27.3,15.8,27.4,47.2,67.5,0,0,0,0,0,0,0,0,0,0,0,0,0,0,0,0,0,0,0,0,0,0,0,0,0,0,0,0,0,0,0,0,0,0,0,0,0,0,0,0,0,0,0,0,0,0,0,0,0,0,0,0,0,0,0,0,0,0,0,0,0,0,0,0,0,0,0,0,0,0,0,0,0,0,0,0,0,0,CUE,O,,2022,4,7,4/27/2009,22.84615385,23.79108412,23.79108412,0,0,0,0,0,42.6,59.6,65.7,73,78.9,76.5,68.9,50.7,0,0,0,0,0,0,0,0,0,0,0,0,0,0,0,0,0,0,0,0,0,0,0,0,0,0,0,0,0,0,0,0,0,0,0,0,0,0,0,0,0,0,0,0,0,0,0,0,0,0,0,0,0,0,0,0,0,0,0,0,0,0,0,0,0,0,0,0,0,0,0,0,0,0,0,0,0,0,0,0,0,0,59.1,47.3,41.3,27.3,15.8,27.4,47.2,67.5,0,0,0,0,0,0,0,0,0,0,0,0,0,0,0,0,0,0,0,0,0,0,0,0,0,0,0,0,0,0,0,0,0,0,0,0,0,0,0,0,0,0,0,0,0,0,0,0,0,0,0,0,0,0,0,0,0,0,0,0,0,0,0,0,0,0,0,0,0,0,0,0,0,0,0,0,0,0,515.9,332.9,64.4875,41.6125,115,55,5,5
35,CT,A,W,2,10,202,58,30,44,26,30,-41,1.5,0,0,0,30,2206,13,9,98.3,80.9,59.2,38.1,27.6,33.8,46.5,50.3,42.3,0,0,0,0,0,0,0,0,0,0,0,0,0,0,0,0,0,0,0,0,0,0,0,0,0,0,0,0,0,0,0,0,0,0,0,0,0,0,0,0,0,0,0,0,0,0,0,0,0,0,0,0,0,0,0,0,0,0,0,0,0,0,0,0,0,0,0,0,0,0,0,0,0,0,0,0,0,0,0,0,0,28.1,14.6,28.6,56.5,81.1,104.4,120.4,125.3,121.9,0,0,0,0,0,0,0,0,0,0,0,0,0,0,0,0,0,0,0,0,0,0,0,0,0,0,0,0,0,0,0,0,0,0,0,0,0,0,0,0,0,0,0,0,0,0,0,0,0,0,0,0,0,0,0,0,0,0,0,0,0,0,0,0,0,0,0,0,0,0,0,0,0,0,0,0,0,0,0,0,0,CUE,O,,2022,5,7,4/27/2009,20.2,23.79108412,23.79108412,0,0,0,0,0,27.6,33.8,46.5,50.3,42.3,0,0,0,0,0,0,0,0,0,0,0,0,0,0,0,0,0,0,0,0,0,0,0,0,0,0,0,0,0,0,0,0,0,0,0,0,0,0,0,0,0,0,0,0,0,0,0,0,0,0,0,0,0,0,0,0,0,0,0,0,0,0,0,0,0,0,0,0,0,0,0,0,0,0,0,0,0,0,0,0,0,0,0,0,0,81.1,104.4,120.4,125.3,121.9,0,0,0,0,0,0,0,0,0,0,0,0,0,0,0,0,0,0,0,0,0,0,0,0,0,0,0,0,0,0,0,0,0,0,0,0,0,0,0,0,0,0,0,0,0,0,0,0,0,0,0,0,0,0,0,0,0,0,0,0,0,0,0,0,0,0,0,0,0,0,0,0,0,0,0,0,0,0,0,0,0,200.5,553.1,40.1,110.62,115,55,5,5
36,CT,A,S,1,5.7,140,3,6,69,17,14,-64,1.5,0,0,0,30,2206,13,5,114.2,99.9,79.4,52.5,27.2,0,0,0,0,0,0,0,0,0,0,0,0,0,0,0,0,0,0,0,0,0,0,0,0,0,0,0,0,0,0,0,0,0,0,0,0,0,0,0,0,0,0,0,0,0,0,0,0,0,0,0,0,0,0,0,0,0,0,0,0,0,0,0,0,0,0,0,0,0,0,0,0,0,0,0,0,0,0,0,0,0,0,0,0,0,53.7,29,17.5,41.4,66.8,0,0,0,0,0,0,0,0,0,0,0,0,0,0,0,0,0,0,0,0,0,0,0,0,0,0,0,0,0,0,0,0,0,0,0,0,0,0,0,0,0,0,0,0,0,0,0,0,0,0,0,0,0,0,0,0,0,0,0,0,0,0,0,0,0,0,0,0,0,0,0,0,0,0,0,0,0,0,0,0,0,0,0,0,0,CUE,O,,2022,6,7,4/27/2009,24.56140351,23.79108412,23.79108412,0,0,0,0,0,27.2,0,0,0,0,0,0,0,0,0,0,0,0,0,0,0,0,0,0,0,0,0,0,0,0,0,0,0,0,0,0,0,0,0,0,0,0,0,0,0,0,0,0,0,0,0,0,0,0,0,0,0,0,0,0,0,0,0,0,0,0,0,0,0,0,0,0,0,0,0,0,0,0,0,0,0,0,0,0,0,0,0,0,0,0,0,0,0,0,0,66.8,0,0,0,0,0,0,0,0,0,0,0,0,0,0,0,0,0,0,0,0,0,0,0,0,0,0,0,0,0,0,0,0,0,0,0,0,0,0,0,0,0,0,0,0,0,0,0,0,0,0,0,0,0,0,0,0,0,0,0,0,0,0,0,0,0,0,0,0,0,0,0,0,0,0,0,0,0,0,0,0,0,0,0,0,0,27.2,66.8,27.2,66.8,115,55,5,5
37,CT,A,N,3,4.9,118,16,3,62,33,5,-47,1.5,0,0,0,30,2206,14,4,113.9,104,84.3,61.9,0,0,0,0,0,0,0,0,0,0,0,0,0,0,0,0,0,0,0,0,0,0,0,0,0,0,0,0,0,0,0,0,0,0,0,0,0,0,0,0,0,0,0,0,0,0,0,0,0,0,0,0,0,0,0,0,0,0,0,0,0,0,0,0,0,0,0,0,0,0,0,0,0,0,0,0,0,0,0,0,0,0,0,0,0,0,50.4,34.3,20,31.8,0,0,0,0,0,0,0,0,0,0,0,0,0,0,0,0,0,0,0,0,0,0,0,0,0,0,0,0,0,0,0,0,0,0,0,0,0,0,0,0,0,0,0,0,0,0,0,0,0,0,0,0,0,0,0,0,0,0,0,0,0,0,0,0,0,0,0,0,0,0,0,0,0,0,0,0,0,0,0,0,0,0,0,0,0,0,CUE,O,,2022,1,7,4/27/2009,24.08163265,20.77981755,20.77981755,0,0,0,0,0,0,0,0,0,0,0,0,0,0,0,0,0,0,0,0,0,0,0,0,0,0,0,0,0,0,0,0,0,0,0,0,0,0,0,0,0,0,0,0,0,0,0,0,0,0,0,0,0,0,0,0,0,0,0,0,0,0,0,0,0,0,0,0,0,0,0,0,0,0,0,0,0,0,0,0,0,0,0,0,0,0,0,0,0,0,0,0,0,0,0,0,0,0,0,0,0,0,0,0,0,0,0,0,0,0,0,0,0,0,0,0,0,0,0,0,0,0,0,0,0,0,0,0,0,0,0,0,0,0,0,0,0,0,0,0,0,0,0,0,0,0,0,0,0,0,0,0,0,0,0,0,0,0,0,0,0,0,0,0,0,0,0,0,0,0,0,0,0,0,0,0,0,0,0,0,0,0,0,0,0,115,55,6,5
38,CT,A,E,4,21.9,479,38,4,53,17,30,-68,1.5,1,0,0,30,2206,14,21,122.3,113.2,90.1,61,44.1,41.3,42,61.2,85.3,99.9,101.7,107,113.9,115,105.9,93.9,84.4,78,65.6,52.6,41.5,0,0,0,0,0,0,0,0,0,0,0,0,0,0,0,0,0,0,0,0,0,0,0,0,0,0,0,0,0,0,0,0,0,0,0,0,0,0,0,0,0,0,0,0,0,0,0,0,0,0,0,0,0,0,0,0,0,0,0,0,0,0,0,0,0,0,0,0,0,60.1,44.9,17.7,27.4,44.6,48.9,56.7,65.8,75.7,79.4,76.4,67,58.7,45.7,28.8,9.9,18.5,38,45.5,53.7,63.3,0,0,0,0,0,0,0,0,0,0,0,0,0,0,0,0,0,0,0,0,0,0,0,0,0,0,0,0,0,0,0,0,0,0,0,0,0,0,0,0,0,0,0,0,0,0,0,0,0,0,0,0,0,0,0,0,0,0,0,0,0,0,0,0,0,0,0,0,0,CUE,O,,2022,2,7,4/27/2009,21.87214612,20.77981755,20.77981755,0,0,0,0,0,0,41.3,42,61.2,85.3,99.9,101.7,107,113.9,115,105.9,93.9,84.4,78,65.6,52.6,41.5,0,0,0,0,0,0,0,0,0,0,0,0,0,0,0,0,0,0,0,0,0,0,0,0,0,0,0,0,0,0,0,0,0,0,0,0,0,0,0,0,0,0,0,0,0,0,0,0,0,0,0,0,0,0,0,0,0,0,0,0,0,0,0,0,0,0,0,0,0,0,0,0,0,0,48.9,56.7,65.8,75.7,79.4,76.4,67,58.7,45.7,28.8,9.9,18.5,38,45.5,53.7,63.3,0,0,0,0,0,0,0,0,0,0,0,0,0,0,0,0,0,0,0,0,0,0,0,0,0,0,0,0,0,0,0,0,0,0,0,0,0,0,0,0,0,0,0,0,0,0,0,0,0,0,0,0,0,0,0,0,0,0,0,0,0,0,0,0,0,0,0,0,0,1289.2,832,80.575,52,115,55,6,6
39,CT,A,S,4,16.2,318,16,9,42,14,44,-54,1.5,1,0,0,30,2206,14,16,110.8,100,91.2,86.5,78.8,73.8,74.1,74.7,75.5,74.6,77.9,77.5,75.1,62.7,48.7,24.9,0,0,0,0,0,0,0,0,0,0,0,0,0,0,0,0,0,0,0,0,0,0,0,0,0,0,0,0,0,0,0,0,0,0,0,0,0,0,0,0,0,0,0,0,0,0,0,0,0,0,0,0,0,0,0,0,0,0,0,0,0,0,0,0,0,0,0,0,0,0,0,0,0,0,59.7,66.8,80,97.5,108.6,109.3,101.9,98.6,82.1,51.3,26.2,12.3,26.7,38.7,48.7,67,0,0,0,0,0,0,0,0,0,0,0,0,0,0,0,0,0,0,0,0,0,0,0,0,0,0,0,0,0,0,0,0,0,0,0,0,0,0,0,0,0,0,0,0,0,0,0,0,0,0,0,0,0,0,0,0,0,0,0,0,0,0,0,0,0,0,0,0,0,0,0,0,0,0,CUE,O,,2022,3,7,4/27/2009,19.62962963,20.77981755,20.77981755,0,0,0,0,0,0,73.8,74.1,74.7,75.5,74.6,77.9,77.5,75.1,62.7,48.7,24.9,0,0,0,0,0,0,0,0,0,0,0,0,0,0,0,0,0,0,0,0,0,0,0,0,0,0,0,0,0,0,0,0,0,0,0,0,0,0,0,0,0,0,0,0,0,0,0,0,0,0,0,0,0,0,0,0,0,0,0,0,0,0,0,0,0,0,0,0,0,0,0,0,0,0,0,0,0,0,0,109.3,101.9,98.6,82.1,51.3,26.2,12.3,26.7,38.7,48.7,67,0,0,0,0,0,0,0,0,0,0,0,0,0,0,0,0,0,0,0,0,0,0,0,0,0,0,0,0,0,0,0,0,0,0,0,0,0,0,0,0,0,0,0,0,0,0,0,0,0,0,0,0,0,0,0,0,0,0,0,0,0,0,0,0,0,0,0,0,0,0,0,0,0,0,739.5,662.8,67.22727273,60.25454545,115,55,6,6
40,CT,A,E,3,14.4,287,29,39,36,36,28,-47,1.5,0,0,0,30,2206,14,14,122.5,117.2,122.1,115,104.8,95.9,85,74.6,71.5,72.8,74,69.6,57.3,38.8,0,0,0,0,0,0,0,0,0,0,0,0,0,0,0,0,0,0,0,0,0,0,0,0,0,0,0,0,0,0,0,0,0,0,0,0,0,0,0,0,0,0,0,0,0,0,0,0,0,0,0,0,0,0,0,0,0,0,0,0,0,0,0,0,0,0,0,0,0,0,0,0,0,0,0,0,56.5,54.2,65.1,54.3,41.9,27.7,15.5,24.7,46.8,67.1,79.8,93.8,98.9,98.1,0,0,0,0,0,0,0,0,0,0,0,0,0,0,0,0,0,0,0,0,0,0,0,0,0,0,0,0,0,0,0,0,0,0,0,0,0,0,0,0,0,0,0,0,0,0,0,0,0,0,0,0,0,0,0,0,0,0,0,0,0,0,0,0,0,0,0,0,0,0,0,0,0,0,0,0,CUE,O,,2022,4,7,4/27/2009,19.93055556,20.77981755,20.77981755,0,0,0,0,0,0,95.9,85,74.6,71.5,72.8,74,69.6,57.3,38.8,0,0,0,0,0,0,0,0,0,0,0,0,0,0,0,0,0,0,0,0,0,0,0,0,0,0,0,0,0,0,0,0,0,0,0,0,0,0,0,0,0,0,0,0,0,0,0,0,0,0,0,0,0,0,0,0,0,0,0,0,0,0,0,0,0,0,0,0,0,0,0,0,0,0,0,0,0,0,0,0,0,27.7,15.5,24.7,46.8,67.1,79.8,93.8,98.9,98.1,0,0,0,0,0,0,0,0,0,0,0,0,0,0,0,0,0,0,0,0,0,0,0,0,0,0,0,0,0,0,0,0,0,0,0,0,0,0,0,0,0,0,0,0,0,0,0,0,0,0,0,0,0,0,0,0,0,0,0,0,0,0,0,0,0,0,0,0,0,0,0,0,0,0,0,0,639.5,552.4,71.05555556,61.37777778,115,55,6,6
41,CT,A,W,2,29.9,611,27,17,18,19,63,-58,1.5,0,0,0,30,2206,14,29,114.9,106.1,95.2,83.2,73.6,68.9,77.7,80.9,75.2,66.6,56.1,48.6,40.9,42.6,45.8,47.2,51.4,51.9,69.7,85.1,98.6,108,114.5,116.3,108.4,102.3,91.3,74,45.9,0,0,0,0,0,0,0,0,0,0,0,0,0,0,0,0,0,0,0,0,0,0,0,0,0,0,0,0,0,0,0,0,0,0,0,0,0,0,0,0,0,0,0,0,0,0,0,0,0,0,0,0,0,0,0,0,0,0,0,0,0,39.9,22.7,12.1,23.8,42.1,71.8,97.1,107,113.5,118.2,124.6,128,126.8,125.6,121.9,122.1,120.8,114.3,107.7,98.9,90.3,80.1,69.4,61.3,59,56.6,57,61.5,68.4,0,0,0,0,0,0,0,0,0,0,0,0,0,0,0,0,0,0,0,0,0,0,0,0,0,0,0,0,0,0,0,0,0,0,0,0,0,0,0,0,0,0,0,0,0,0,0,0,0,0,0,0,0,0,0,0,0,0,0,0,0,CUE,O,,2022,5,7,4/27/2009,20.43478261,20.77981755,20.77981755,0,0,0,0,0,0,68.9,77.7,80.9,75.2,66.6,56.1,48.6,40.9,42.6,45.8,47.2,51.4,51.9,69.7,85.1,98.6,108,114.5,116.3,108.4,102.3,91.3,74,45.9,0,0,0,0,0,0,0,0,0,0,0,0,0,0,0,0,0,0,0,0,0,0,0,0,0,0,0,0,0,0,0,0,0,0,0,0,0,0,0,0,0,0,0,0,0,0,0,0,0,0,0,0,0,0,0,0,0,0,0,0,0,0,0,0,0,0,71.8,97.1,107,113.5,118.2,124.6,128,126.8,125.6,121.9,122.1,120.8,114.3,107.7,98.9,90.3,80.1,69.4,61.3,59,56.6,57,61.5,68.4,0,0,0,0,0,0,0,0,0,0,0,0,0,0,0,0,0,0,0,0,0,0,0,0,0,0,0,0,0,0,0,0,0,0,0,0,0,0,0,0,0,0,0,0,0,0,0,0,0,0,0,0,0,0,0,0,0,0,0,0,0,1767.9,2301.9,73.6625,95.9125,115,55,6,6
42,CT,A,S,1,6.3,118,58,4,54,27,19,9,1.5,1,0,0,30,2206,14,6,116.4,106.7,90.3,70.6,47,21.7,0,0,0,0,0,0,0,0,0,0,0,0,0,0,0,0,0,0,0,0,0,0,0,0,0,0,0,0,0,0,0,0,0,0,0,0,0,0,0,0,0,0,0,0,0,0,0,0,0,0,0,0,0,0,0,0,0,0,0,0,0,0,0,0,0,0,0,0,0,0,0,0,0,0,0,0,0,0,0,0,0,0,0,0,55.7,50,49.5,52.6,64.3,78.7,0,0,0,0,0,0,0,0,0,0,0,0,0,0,0,0,0,0,0,0,0,0,0,0,0,0,0,0,0,0,0,0,0,0,0,0,0,0,0,0,0,0,0,0,0,0,0,0,0,0,0,0,0,0,0,0,0,0,0,0,0,0,0,0,0,0,0,0,0,0,0,0,0,0,0,0,0,0,0,0,0,0,0,0,CUE,O,,2022,6,7,4/27/2009,18.73015873,20.77981755,20.77981755,0,0,0,0,0,0,0,0,0,0,0,0,0,0,0,0,0,0,0,0,0,0,0,0,0,0,0,0,0,0,0,0,0,0,0,0,0,0,0,0,0,0,0,0,0,0,0,0,0,0,0,0,0,0,0,0,0,0,0,0,0,0,0,0,0,0,0,0,0,0,0,0,0,0,0,0,0,0,0,0,0,0,0,0,0,0,0,0,0,0,0,0,0,0,0,0,0,0,0,0,0,0,0,0,0,0,0,0,0,0,0,0,0,0,0,0,0,0,0,0,0,0,0,0,0,0,0,0,0,0,0,0,0,0,0,0,0,0,0,0,0,0,0,0,0,0,0,0,0,0,0,0,0,0,0,0,0,0,0,0,0,0,0,0,0,0,0,0,0,0,0,0,0,0,0,0,0,0,0,0,0,0,0,0,0,115,55,6,6
49,CT,A,N,3,16.4,437,38,8,23,41,36,-67,1.5,1,0,0,30,2206,17,16,115,107.3,93.2,94.3,123.2,113.5,103,92.4,72.9,57.6,61.5,68,54.9,46.7,37.7,23.4,0,0,0,0,0,0,0,0,0,0,0,0,0,0,0,0,0,0,0,0,0,0,0,0,0,0,0,0,0,0,0,0,0,0,0,0,0,0,0,0,0,0,0,0,0,0,0,0,0,0,0,0,0,0,0,0,0,0,0,0,0,0,0,0,0,0,0,0,0,0,0,0,0,0,49.5,24.3,9.1,37.1,62.1,47.6,40.4,30.5,39.4,68.2,95.8,111.8,120.7,126.3,124.1,112.9,0,0,0,0,0,0,0,0,0,0,0,0,0,0,0,0,0,0,0,0,0,0,0,0,0,0,0,0,0,0,0,0,0,0,0,0,0,0,0,0,0,0,0,0,0,0,0,0,0,0,0,0,0,0,0,0,0,0,0,0,0,0,0,0,0,0,0,0,0,0,0,0,0,0,CUE,O,,2022,1,7,4/27/2009,26.64634146,24.54874297,24.54874297,0,0,0,0,0,123.2,113.5,103,92.4,72.9,57.6,61.5,68,54.9,46.7,37.7,23.4,0,0,0,0,0,0,0,0,0,0,0,0,0,0,0,0,0,0,0,0,0,0,0,0,0,0,0,0,0,0,0,0,0,0,0,0,0,0,0,0,0,0,0,0,0,0,0,0,0,0,0,0,0,0,0,0,0,0,0,0,0,0,0,0,0,0,0,0,0,0,0,0,0,0,0,0,0,0,62.1,47.6,40.4,30.5,39.4,68.2,95.8,111.8,120.7,126.3,124.1,112.9,0,0,0,0,0,0,0,0,0,0,0,0,0,0,0,0,0,0,0,0,0,0,0,0,0,0,0,0,0,0,0,0,0,0,0,0,0,0,0,0,0,0,0,0,0,0,0,0,0,0,0,0,0,0,0,0,0,0,0,0,0,0,0,0,0,0,0,0,0,0,0,0,0,0,854.8,979.8,71.23333333,81.65,115,55,5,5
50,CT,A,E,4,10.2,243,88,12,29,26,45,-55,1.5,0,1,0,30,2206,17,10,120.7,114,110.6,124.9,127.3,126.3,108.5,87.6,58.1,24.7,0,0,0,0,0,0,0,0,0,0,0,0,0,0,0,0,0,0,0,0,0,0,0,0,0,0,0,0,0,0,0,0,0,0,0,0,0,0,0,0,0,0,0,0,0,0,0,0,0,0,0,0,0,0,0,0,0,0,0,0,0,0,0,0,0,0,0,0,0,0,0,0,0,0,0,0,0,0,0,0,55.2,43.2,26.3,38.8,40.9,43.1,30.5,20.5,31.1,62.4,0,0,0,0,0,0,0,0,0,0,0,0,0,0,0,0,0,0,0,0,0,0,0,0,0,0,0,0,0,0,0,0,0,0,0,0,0,0,0,0,0,0,0,0,0,0,0,0,0,0,0,0,0,0,0,0,0,0,0,0,0,0,0,0,0,0,0,0,0,0,0,0,0,0,0,0,0,0,0,0,CUE,O,,2022,2,7,4/27/2009,23.82352941,24.54874297,24.54874297,0,0,0,0,0,127.3,126.3,108.5,87.6,58.1,24.7,0,0,0,0,0,0,0,0,0,0,0,0,0,0,0,0,0,0,0,0,0,0,0,0,0,0,0,0,0,0,0,0,0,0,0,0,0,0,0,0,0,0,0,0,0,0,0,0,0,0,0,0,0,0,0,0,0,0,0,0,0,0,0,0,0,0,0,0,0,0,0,0,0,0,0,0,0,0,0,0,0,0,0,0,40.9,43.1,30.5,20.5,31.1,62.4,0,0,0,0,0,0,0,0,0,0,0,0,0,0,0,0,0,0,0,0,0,0,0,0,0,0,0,0,0,0,0,0,0,0,0,0,0,0,0,0,0,0,0,0,0,0,0,0,0,0,0,0,0,0,0,0,0,0,0,0,0,0,0,0,0,0,0,0,0,0,0,0,0,0,0,0,0,0,0,0,532.5,228.5,88.75,38.08333333,115,55,5,5
51,CT,A,S,4,6.6,159,73,20,56,29,15,91,1.5,2,1,0,30,2206,17,6,112.3,109.7,100.3,80.9,58,33,0,0,0,0,0,0,0,0,0,0,0,0,0,0,0,0,0,0,0,0,0,0,0,0,0,0,0,0,0,0,0,0,0,0,0,0,0,0,0,0,0,0,0,0,0,0,0,0,0,0,0,0,0,0,0,0,0,0,0,0,0,0,0,0,0,0,0,0,0,0,0,0,0,0,0,0,0,0,0,0,0,0,0,0,52.7,33.8,15.2,12.8,29.1,54.2,0,0,0,0,0,0,0,0,0,0,0,0,0,0,0,0,0,0,0,0,0,0,0,0,0,0,0,0,0,0,0,0,0,0,0,0,0,0,0,0,0,0,0,0,0,0,0,0,0,0,0,0,0,0,0,0,0,0,0,0,0,0,0,0,0,0,0,0,0,0,0,0,0,0,0,0,0,0,0,0,0,0,0,0,CUE,O,,2022,3,7,4/27/2009,24.09090909,24.54874297,24.54874297,0,0,0,0,0,58,33,0,0,0,0,0,0,0,0,0,0,0,0,0,0,0,0,0,0,0,0,0,0,0,0,0,0,0,0,0,0,0,0,0,0,0,0,0,0,0,0,0,0,0,0,0,0,0,0,0,0,0,0,0,0,0,0,0,0,0,0,0,0,0,0,0,0,0,0,0,0,0,0,0,0,0,0,0,0,0,0,0,0,0,0,0,0,0,0,29.1,54.2,0,0,0,0,0,0,0,0,0,0,0,0,0,0,0,0,0,0,0,0,0,0,0,0,0,0,0,0,0,0,0,0,0,0,0,0,0,0,0,0,0,0,0,0,0,0,0,0,0,0,0,0,0,0,0,0,0,0,0,0,0,0,0,0,0,0,0,0,0,0,0,0,0,0,0,0,0,0,0,0,0,0,0,0,91,83.3,45.5,41.65,115,55,5,5
52,CT,A,E,3,8.7,195,73,2,5,36,59,-29,1.5,0,0,0,30,2206,17,8,122.8,113.5,102,97.2,94,83,60,34.9,0,0,0,0,0,0,0,0,0,0,0,0,0,0,0,0,0,0,0,0,0,0,0,0,0,0,0,0,0,0,0,0,0,0,0,0,0,0,0,0,0,0,0,0,0,0,0,0,0,0,0,0,0,0,0,0,0,0,0,0,0,0,0,0,0,0,0,0,0,0,0,0,0,0,0,0,0,0,0,0,0,0,55.4,51.9,59.3,79,95.5,102.6,109.1,103,0,0,0,0,0,0,0,0,0,0,0,0,0,0,0,0,0,0,0,0,0,0,0,0,0,0,0,0,0,0,0,0,0,0,0,0,0,0,0,0,0,0,0,0,0,0,0,0,0,0,0,0,0,0,0,0,0,0,0,0,0,0,0,0,0,0,0,0,0,0,0,0,0,0,0,0,0,0,0,0,0,0,CUE,O,,2022,4,7,4/27/2009,22.4137931,24.54874297,24.54874297,0,0,0,0,0,94,83,60,34.9,0,0,0,0,0,0,0,0,0,0,0,0,0,0,0,0,0,0,0,0,0,0,0,0,0,0,0,0,0,0,0,0,0,0,0,0,0,0,0,0,0,0,0,0,0,0,0,0,0,0,0,0,0,0,0,0,0,0,0,0,0,0,0,0,0,0,0,0,0,0,0,0,0,0,0,0,0,0,0,0,0,0,0,0,0,0,95.5,102.6,109.1,103,0,0,0,0,0,0,0,0,0,0,0,0,0,0,0,0,0,0,0,0,0,0,0,0,0,0,0,0,0,0,0,0,0,0,0,0,0,0,0,0,0,0,0,0,0,0,0,0,0,0,0,0,0,0,0,0,0,0,0,0,0,0,0,0,0,0,0,0,0,0,0,0,0,0,0,0,0,0,0,0,0,0,271.9,410.2,67.975,102.55,115,55,5,5
53,CT,A,W,2,19.8,511,14,35,51,29,20,-51,1.5,0,2,0,30,2206,17,19,109.5,93.1,75.8,51.8,32.7,49.4,65.4,53.5,53,64.9,79.3,85,84.3,78.1,75.3,80.5,79.4,62.8,39,0,0,0,0,0,0,0,0,0,0,0,0,0,0,0,0,0,0,0,0,0,0,0,0,0,0,0,0,0,0,0,0,0,0,0,0,0,0,0,0,0,0,0,0,0,0,0,0,0,0,0,0,0,0,0,0,0,0,0,0,0,0,0,0,0,0,0,0,0,0,0,32.4,8.5,12.4,43,74.3,111.9,119.1,97.2,70.3,41.9,21.7,9.5,14.9,42,69.5,94.3,98.9,92.9,93,0,0,0,0,0,0,0,0,0,0,0,0,0,0,0,0,0,0,0,0,0,0,0,0,0,0,0,0,0,0,0,0,0,0,0,0,0,0,0,0,0,0,0,0,0,0,0,0,0,0,0,0,0,0,0,0,0,0,0,0,0,0,0,0,0,0,0,0,0,0,0,CUE,O,,2022,5,7,4/27/2009,25.80808081,24.54874297,24.54874297,0,0,0,0,0,32.7,49.4,65.4,53.5,53,64.9,79.3,85,84.3,78.1,75.3,80.5,79.4,62.8,39,0,0,0,0,0,0,0,0,0,0,0,0,0,0,0,0,0,0,0,0,0,0,0,0,0,0,0,0,0,0,0,0,0,0,0,0,0,0,0,0,0,0,0,0,0,0,0,0,0,0,0,0,0,0,0,0,0,0,0,0,0,0,0,0,0,0,0,0,0,0,0,0,0,0,0,74.3,111.9,119.1,97.2,70.3,41.9,21.7,9.5,14.9,42,69.5,94.3,98.9,92.9,93,0,0,0,0,0,0,0,0,0,0,0,0,0,0,0,0,0,0,0,0,0,0,0,0,0,0,0,0,0,0,0,0,0,0,0,0,0,0,0,0,0,0,0,0,0,0,0,0,0,0,0,0,0,0,0,0,0,0,0,0,0,0,0,0,0,0,0,0,0,0,0,982.6,1051.4,65.50666667,70.09333333,115,55,5,5
54,CT,A,S,1,5.1,125,82,2,42,42,16,42,1.5,1,0,0,30,2206,17,5,110.6,95.3,75.5,50.3,20.9,0,0,0,0,0,0,0,0,0,0,0,0,0,0,0,0,0,0,0,0,0,0,0,0,0,0,0,0,0,0,0,0,0,0,0,0,0,0,0,0,0,0,0,0,0,0,0,0,0,0,0,0,0,0,0,0,0,0,0,0,0,0,0,0,0,0,0,0,0,0,0,0,0,0,0,0,0,0,0,0,0,0,0,0,0,60.6,66.7,73.2,71.8,80,0,0,0,0,0,0,0,0,0,0,0,0,0,0,0,0,0,0,0,0,0,0,0,0,0,0,0,0,0,0,0,0,0,0,0,0,0,0,0,0,0,0,0,0,0,0,0,0,0,0,0,0,0,0,0,0,0,0,0,0,0,0,0,0,0,0,0,0,0,0,0,0,0,0,0,0,0,0,0,0,0,0,0,0,0,CUE,O,,2022,6,7,4/27/2009,24.50980392,24.54874297,24.54874297,0,0,0,0,0,0,0,0,0,0,0,0,0,0,0,0,0,0,0,0,0,0,0,0,0,0,0,0,0,0,0,0,0,0,0,0,0,0,0,0,0,0,0,0,0,0,0,0,0,0,0,0,0,0,0,0,0,0,0,0,0,0,0,0,0,0,0,0,0,0,0,0,0,0,0,0,0,0,0,0,0,0,0,0,0,0,0,0,0,0,0,0,0,0,0,0,0,0,0,0,0,0,0,0,0,0,0,0,0,0,0,0,0,0,0,0,0,0,0,0,0,0,0,0,0,0,0,0,0,0,0,0,0,0,0,0,0,0,0,0,0,0,0,0,0,0,0,0,0,0,0,0,0,0,0,0,0,0,0,0,0,0,0,0,0,0,0,0,0,0,0,0,0,0,0,0,0,0,0,0,0,0,0,0,0,115,55,5,5
55,CT,A,N,3,30.1,639,58,25,57,25,18,-38,1.5,7,1,0,30,2206,18,30,111.5,98.7,82.1,62.6,57.7,63.9,75.9,92.4,94.3,87.7,72.6,63.1,57.6,61.6,76.5,91.5,91.2,91.6,76,51.9,33,39.5,66.5,70.9,69.5,64.5,69.3,59.9,65.3,73.4,0,0,0,0,0,0,0,0,0,0,0,0,0,0,0,0,0,0,0,0,0,0,0,0,0,0,0,0,0,0,0,0,0,0,0,0,0,0,0,0,0,0,0,0,0,0,0,0,0,0,0,0,0,0,0,0,0,0,0,0,55.5,36.3,19.6,32.1,52.6,71,79.4,88.3,87.7,76.4,64.1,48.7,37.7,45.1,68.3,92.1,97.6,93.7,91.6,78,66.1,59.3,53,47.5,51.1,49.9,49.5,58.2,78.8,99.4,0,0,0,0,0,0,0,0,0,0,0,0,0,0,0,0,0,0,0,0,0,0,0,0,0,0,0,0,0,0,0,0,0,0,0,0,0,0,0,0,0,0,0,0,0,0,0,0,0,0,0,0,0,0,0,0,0,0,0,0,CUE,O,,2022,1,7,4/27/2009,21.22923588,25.71360807,25.71360807,0,0,0,0,62.6,57.7,63.9,75.9,92.4,94.3,87.7,72.6,63.1,57.6,61.6,76.5,91.5,91.2,91.6,76,51.9,33,39.5,66.5,70.9,69.5,64.5,69.3,59.9,65.3,73.4,0,0,0,0,0,0,0,0,0,0,0,0,0,0,0,0,0,0,0,0,0,0,0,0,0,0,0,0,0,0,0,0,0,0,0,0,0,0,0,0,0,0,0,0,0,0,0,0,0,0,0,0,0,0,0,0,0,0,0,0,0,0,0,32.1,52.6,71,79.4,88.3,87.7,76.4,64.1,48.7,37.7,45.1,68.3,92.1,97.6,93.7,91.6,78,66.1,59.3,53,47.5,51.1,49.9,49.5,58.2,78.8,99.4,0,0,0,0,0,0,0,0,0,0,0,0,0,0,0,0,0,0,0,0,0,0,0,0,0,0,0,0,0,0,0,0,0,0,0,0,0,0,0,0,0,0,0,0,0,0,0,0,0,0,0,0,0,0,0,0,0,0,0,0,1879.9,1817.2,69.62592593,67.3037037,115,55,4,4
56,CT,A,E,4,8.8,206,45,28,67,20,13,-38,1.5,0,0,0,30,2206,18,8,121,97.4,88.3,63.2,59.9,46.2,34.7,28,0,0,0,0,0,0,0,0,0,0,0,0,0,0,0,0,0,0,0,0,0,0,0,0,0,0,0,0,0,0,0,0,0,0,0,0,0,0,0,0,0,0,0,0,0,0,0,0,0,0,0,0,0,0,0,0,0,0,0,0,0,0,0,0,0,0,0,0,0,0,0,0,0,0,0,0,0,0,0,0,0,0,60.6,37.8,32.3,27.6,38.4,54.5,75.3,92.8,0,0,0,0,0,0,0,0,0,0,0,0,0,0,0,0,0,0,0,0,0,0,0,0,0,0,0,0,0,0,0,0,0,0,0,0,0,0,0,0,0,0,0,0,0,0,0,0,0,0,0,0,0,0,0,0,0,0,0,0,0,0,0,0,0,0,0,0,0,0,0,0,0,0,0,0,0,0,0,0,0,0,CUE,O,,2022,2,7,4/27/2009,23.40909091,25.71360807,25.71360807,0,0,0,0,63.2,59.9,46.2,34.7,28,0,0,0,0,0,0,0,0,0,0,0,0,0,0,0,0,0,0,0,0,0,0,0,0,0,0,0,0,0,0,0,0,0,0,0,0,0,0,0,0,0,0,0,0,0,0,0,0,0,0,0,0,0,0,0,0,0,0,0,0,0,0,0,0,0,0,0,0,0,0,0,0,0,0,0,0,0,0,0,0,0,0,0,0,0,27.6,38.4,54.5,75.3,92.8,0,0,0,0,0,0,0,0,0,0,0,0,0,0,0,0,0,0,0,0,0,0,0,0,0,0,0,0,0,0,0,0,0,0,0,0,0,0,0,0,0,0,0,0,0,0,0,0,0,0,0,0,0,0,0,0,0,0,0,0,0,0,0,0,0,0,0,0,0,0,0,0,0,0,0,0,0,0,0,0,0,0,232,288.6,46.4,57.72,115,55,4,4
57,CT,A,S,4,3.6,112,0,29,74,17,9,7,1.5,0,1,0,30,2206,18,3,98.4,64.9,32.5,0,0,0,0,0,0,0,0,0,0,0,0,0,0,0,0,0,0,0,0,0,0,0,0,0,0,0,0,0,0,0,0,0,0,0,0,0,0,0,0,0,0,0,0,0,0,0,0,0,0,0,0,0,0,0,0,0,0,0,0,0,0,0,0,0,0,0,0,0,0,0,0,0,0,0,0,0,0,0,0,0,0,0,0,0,0,0,52.5,42.4,56.8,0,0,0,0,0,0,0,0,0,0,0,0,0,0,0,0,0,0,0,0,0,0,0,0,0,0,0,0,0,0,0,0,0,0,0,0,0,0,0,0,0,0,0,0,0,0,0,0,0,0,0,0,0,0,0,0,0,0,0,0,0,0,0,0,0,0,0,0,0,0,0,0,0,0,0,0,0,0,0,0,0,0,0,0,0,0,0,CUE,O,,2022,3,7,4/27/2009,31.11111111,25.71360807,25.71360807,0,0,0,0,0,0,0,0,0,0,0,0,0,0,0,0,0,0,0,0,0,0,0,0,0,0,0,0,0,0,0,0,0,0,0,0,0,0,0,0,0,0,0,0,0,0,0,0,0,0,0,0,0,0,0,0,0,0,0,0,0,0,0,0,0,0,0,0,0,0,0,0,0,0,0,0,0,0,0,0,0,0,0,0,0,0,0,0,0,0,0,0,0,0,0,0,0,0,0,0,0,0,0,0,0,0,0,0,0,0,0,0,0,0,0,0,0,0,0,0,0,0,0,0,0,0,0,0,0,0,0,0,0,0,0,0,0,0,0,0,0,0,0,0,0,0,0,0,0,0,0,0,0,0,0,0,0,0,0,0,0,0,0,0,0,0,0,0,0,0,0,0,0,0,0,0,0,0,0,0,0,0,0,0,0,115,55,4,4
58,CT,A,E,3,4.6,141,80,1,31,37,32,-38,1.5,0,0,0,30,2206,18,4,121,105.3,82.7,48.3,0,0,0,0,0,0,0,0,0,0,0,0,0,0,0,0,0,0,0,0,0,0,0,0,0,0,0,0,0,0,0,0,0,0,0,0,0,0,0,0,0,0,0,0,0,0,0,0,0,0,0,0,0,0,0,0,0,0,0,0,0,0,0,0,0,0,0,0,0,0,0,0,0,0,0,0,0,0,0,0,0,0,0,0,0,0,58.6,57.2,66.1,80.6,0,0,0,0,0,0,0,0,0,0,0,0,0,0,0,0,0,0,0,0,0,0,0,0,0,0,0,0,0,0,0,0,0,0,0,0,0,0,0,0,0,0,0,0,0,0,0,0,0,0,0,0,0,0,0,0,0,0,0,0,0,0,0,0,0,0,0,0,0,0,0,0,0,0,0,0,0,0,0,0,0,0,0,0,0,0,CUE,O,,2022,4,7,4/27/2009,30.65217391,25.71360807,25.71360807,0,0,0,0,48.3,0,0,0,0,0,0,0,0,0,0,0,0,0,0,0,0,0,0,0,0,0,0,0,0,0,0,0,0,0,0,0,0,0,0,0,0,0,0,0,0,0,0,0,0,0,0,0,0,0,0,0,0,0,0,0,0,0,0,0,0,0,0,0,0,0,0,0,0,0,0,0,0,0,0,0,0,0,0,0,0,0,0,0,0,0,0,0,0,0,80.6,0,0,0,0,0,0,0,0,0,0,0,0,0,0,0,0,0,0,0,0,0,0,0,0,0,0,0,0,0,0,0,0,0,0,0,0,0,0,0,0,0,0,0,0,0,0,0,0,0,0,0,0,0,0,0,0,0,0,0,0,0,0,0,0,0,0,0,0,0,0,0,0,0,0,0,0,0,0,0,0,0,0,0,0,0,0,48.3,80.6,48.3,80.6,115,55,4,4
59,CT,A,W,2,9.1,212,22,34,35,34,31,-20,1.5,0,0,0,30,2206,18,9,108.7,89.5,61.9,38.6,39.8,55.9,60.7,54.9,34.4,0,0,0,0,0,0,0,0,0,0,0,0,0,0,0,0,0,0,0,0,0,0,0,0,0,0,0,0,0,0,0,0,0,0,0,0,0,0,0,0,0,0,0,0,0,0,0,0,0,0,0,0,0,0,0,0,0,0,0,0,0,0,0,0,0,0,0,0,0,0,0,0,0,0,0,0,0,0,0,0,0,38.7,22.8,26.5,58.1,87.9,112.2,118.5,121.3,113.1,0,0,0,0,0,0,0,0,0,0,0,0,0,0,0,0,0,0,0,0,0,0,0,0,0,0,0,0,0,0,0,0,0,0,0,0,0,0,0,0,0,0,0,0,0,0,0,0,0,0,0,0,0,0,0,0,0,0,0,0,0,0,0,0,0,0,0,0,0,0,0,0,0,0,0,0,0,0,0,0,0,CUE,O,,2022,5,7,4/27/2009,23.2967033,25.71360807,25.71360807,0,0,0,0,38.6,39.8,55.9,60.7,54.9,34.4,0,0,0,0,0,0,0,0,0,0,0,0,0,0,0,0,0,0,0,0,0,0,0,0,0,0,0,0,0,0,0,0,0,0,0,0,0,0,0,0,0,0,0,0,0,0,0,0,0,0,0,0,0,0,0,0,0,0,0,0,0,0,0,0,0,0,0,0,0,0,0,0,0,0,0,0,0,0,0,0,0,0,0,0,58.1,87.9,112.2,118.5,121.3,113.1,0,0,0,0,0,0,0,0,0,0,0,0,0,0,0,0,0,0,0,0,0,0,0,0,0,0,0,0,0,0,0,0,0,0,0,0,0,0,0,0,0,0,0,0,0,0,0,0,0,0,0,0,0,0,0,0,0,0,0,0,0,0,0,0,0,0,0,0,0,0,0,0,0,0,0,0,0,0,0,0,0,284.3,611.1,47.38333333,101.85,115,55,4,4
60,CT,A,S,1,7.2,177,0,47,76,15,9,-66,1.5,0,1,0,30,2206,18,7,115.5,102.4,87.3,74.8,66.2,57.6,42,0,0,0,0,0,0,0,0,0,0,0,0,0,0,0,0,0,0,0,0,0,0,0,0,0,0,0,0,0,0,0,0,0,0,0,0,0,0,0,0,0,0,0,0,0,0,0,0,0,0,0,0,0,0,0,0,0,0,0,0,0,0,0,0,0,0,0,0,0,0,0,0,0,0,0,0,0,0,0,0,0,0,0,49.5,24.5,10.1,37.1,66.9,80.9,83,0,0,0,0,0,0,0,0,0,0,0,0,0,0,0,0,0,0,0,0,0,0,0,0,0,0,0,0,0,0,0,0,0,0,0,0,0,0,0,0,0,0,0,0,0,0,0,0,0,0,0,0,0,0,0,0,0,0,0,0,0,0,0,0,0,0,0,0,0,0,0,0,0,0,0,0,0,0,0,0,0,0,0,CUE,O,,2022,6,7,4/27/2009,24.58333333,25.71360807,25.71360807,0,0,0,0,74.8,66.2,57.6,42,0,0,0,0,0,0,0,0,0,0,0,0,0,0,0,0,0,0,0,0,0,0,0,0,0,0,0,0,0,0,0,0,0,0,0,0,0,0,0,0,0,0,0,0,0,0,0,0,0,0,0,0,0,0,0,0,0,0,0,0,0,0,0,0,0,0,0,0,0,0,0,0,0,0,0,0,0,0,0,0,0,0,0,0,0,0,37.1,66.9,80.9,83,0,0,0,0,0,0,0,0,0,0,0,0,0,0,0,0,0,0,0,0,0,0,0,0,0,0,0,0,0,0,0,0,0,0,0,0,0,0,0,0,0,0,0,0,0,0,0,0,0,0,0,0,0,0,0,0,0,0,0,0,0,0,0,0,0,0,0,0,0,0,0,0,0,0,0,0,0,0,0,0,0,0,0,240.6,267.9,60.15,66.975,115,55,4,4
61,CT,A,N,3,17.4,586,20,36,7,66,27,14,1.5,0,1,0,30,2206,19,17,107.9,77.8,41.3,21.9,35.7,63.1,80.4,96.7,112.2,119.4,121.5,117.8,110.9,103.6,86.2,67.4,46.5,0,0,0,0,0,0,0,0,0,0,0,0,0,0,0,0,0,0,0,0,0,0,0,0,0,0,0,0,0,0,0,0,0,0,0,0,0,0,0,0,0,0,0,0,0,0,0,0,0,0,0,0,0,0,0,0,0,0,0,0,0,0,0,0,0,0,0,0,0,0,0,0,0,63.8,71.7,91.1,110.7,119,107.1,89.3,70.9,52.5,34.8,29.6,38.6,52.6,63.1,79.3,97.4,107.6,0,0,0,0,0,0,0,0,0,0,0,0,0,0,0,0,0,0,0,0,0,0,0,0,0,0,0,0,0,0,0,0,0,0,0,0,0,0,0,0,0,0,0,0,0,0,0,0,0,0,0,0,0,0,0,0,0,0,0,0,0,0,0,0,0,0,0,0,0,0,0,0,0,CUE,O,,2022,1,7,4/27/2009,33.67816092,30.20369251,30.20369251,0,0,0,0,21.9,35.7,63.1,80.4,96.7,112.2,119.4,121.5,117.8,110.9,103.6,86.2,67.4,46.5,0,0,0,0,0,0,0,0,0,0,0,0,0,0,0,0,0,0,0,0,0,0,0,0,0,0,0,0,0,0,0,0,0,0,0,0,0,0,0,0,0,0,0,0,0,0,0,0,0,0,0,0,0,0,0,0,0,0,0,0,0,0,0,0,0,0,0,0,0,0,0,0,0,0,0,0,110.7,119,107.1,89.3,70.9,52.5,34.8,29.6,38.6,52.6,63.1,79.3,97.4,107.6,0,0,0,0,0,0,0,0,0,0,0,0,0,0,0,0,0,0,0,0,0,0,0,0,0,0,0,0,0,0,0,0,0,0,0,0,0,0,0,0,0,0,0,0,0,0,0,0,0,0,0,0,0,0,0,0,0,0,0,0,0,0,0,0,0,0,0,0,0,0,0,0,0,1183.3,1052.5,84.52142857,75.17857143,115,55,4,4
62,CT,A,E,4,19.3,595,19,24,8,71,21,16,1.5,0,0,0,30,2206,19,19,107.5,85.8,68.3,57.1,45,31.9,29,48,71.2,89.1,103,114.1,120.3,122.2,114.9,103.7,85.8,65.6,42.8,0,0,0,0,0,0,0,0,0,0,0,0,0,0,0,0,0,0,0,0,0,0,0,0,0,0,0,0,0,0,0,0,0,0,0,0,0,0,0,0,0,0,0,0,0,0,0,0,0,0,0,0,0,0,0,0,0,0,0,0,0,0,0,0,0,0,0,0,0,0,0,68.9,80.1,99.8,112.1,116.4,117.2,107.4,98.3,88.4,76.8,53.2,33.2,35.6,49.5,59.9,70.5,75.8,77.2,78.4,0,0,0,0,0,0,0,0,0,0,0,0,0,0,0,0,0,0,0,0,0,0,0,0,0,0,0,0,0,0,0,0,0,0,0,0,0,0,0,0,0,0,0,0,0,0,0,0,0,0,0,0,0,0,0,0,0,0,0,0,0,0,0,0,0,0,0,0,0,0,0,CUE,O,,2022,2,7,4/27/2009,30.82901554,30.20369251,30.20369251,0,0,0,0,57.1,45,31.9,29,48,71.2,89.1,103,114.1,120.3,122.2,114.9,103.7,85.8,65.6,42.8,0,0,0,0,0,0,0,0,0,0,0,0,0,0,0,0,0,0,0,0,0,0,0,0,0,0,0,0,0,0,0,0,0,0,0,0,0,0,0,0,0,0,0,0,0,0,0,0,0,0,0,0,0,0,0,0,0,0,0,0,0,0,0,0,0,0,0,0,0,0,0,0,0,0,112.1,116.4,117.2,107.4,98.3,88.4,76.8,53.2,33.2,35.6,49.5,59.9,70.5,75.8,77.2,78.4,0,0,0,0,0,0,0,0,0,0,0,0,0,0,0,0,0,0,0,0,0,0,0,0,0,0,0,0,0,0,0,0,0,0,0,0,0,0,0,0,0,0,0,0,0,0,0,0,0,0,0,0,0,0,0,0,0,0,0,0,0,0,0,0,0,0,0,0,0,0,0,1243.7,1249.9,77.73125,78.11875,115,55,4,4
63,CT,A,S,4,8.8,265,40,11,2,43,55,100,1.5,0,0,0,30,2206,19,8,114.3,117.9,120.2,118.1,108.2,91.1,72.7,53.4,0,0,0,0,0,0,0,0,0,0,0,0,0,0,0,0,0,0,0,0,0,0,0,0,0,0,0,0,0,0,0,0,0,0,0,0,0,0,0,0,0,0,0,0,0,0,0,0,0,0,0,0,0,0,0,0,0,0,0,0,0,0,0,0,0,0,0,0,0,0,0,0,0,0,0,0,0,0,0,0,0,0,46,33.9,39.4,57.1,72.8,84.7,92.4,95.1,0,0,0,0,0,0,0,0,0,0,0,0,0,0,0,0,0,0,0,0,0,0,0,0,0,0,0,0,0,0,0,0,0,0,0,0,0,0,0,0,0,0,0,0,0,0,0,0,0,0,0,0,0,0,0,0,0,0,0,0,0,0,0,0,0,0,0,0,0,0,0,0,0,0,0,0,0,0,0,0,0,0,CUE,O,,2022,3,7,4/27/2009,30.11363636,30.20369251,30.20369251,0,0,0,0,118.1,108.2,91.1,72.7,53.4,0,0,0,0,0,0,0,0,0,0,0,0,0,0,0,0,0,0,0,0,0,0,0,0,0,0,0,0,0,0,0,0,0,0,0,0,0,0,0,0,0,0,0,0,0,0,0,0,0,0,0,0,0,0,0,0,0,0,0,0,0,0,0,0,0,0,0,0,0,0,0,0,0,0,0,0,0,0,0,0,0,0,0,0,0,57.1,72.8,84.7,92.4,95.1,0,0,0,0,0,0,0,0,0,0,0,0,0,0,0,0,0,0,0,0,0,0,0,0,0,0,0,0,0,0,0,0,0,0,0,0,0,0,0,0,0,0,0,0,0,0,0,0,0,0,0,0,0,0,0,0,0,0,0,0,0,0,0,0,0,0,0,0,0,0,0,0,0,0,0,0,0,0,0,0,0,0,443.5,402.1,88.7,80.42,115,55,4,4
64,CT,A,E,3,23.2,679,17,30,18,56,26,35,1.5,0,1,0,30,2206,19,23,119.2,116.2,112.1,108.3,100.3,87.9,70.6,53.6,39.7,27.5,35.4,61.2,84.5,99,110.2,118.1,118.5,112.4,99.6,90.4,74,56.9,35.2,0,0,0,0,0,0,0,0,0,0,0,0,0,0,0,0,0,0,0,0,0,0,0,0,0,0,0,0,0,0,0,0,0,0,0,0,0,0,0,0,0,0,0,0,0,0,0,0,0,0,0,0,0,0,0,0,0,0,0,0,0,0,0,0,0,0,0,36.3,24.5,37.3,55.1,70.7,89.8,103.8,115.1,122.8,119.8,113.1,105.4,92.8,77.2,60.9,44.5,29.2,21,27,36.4,57.8,78.7,93,0,0,0,0,0,0,0,0,0,0,0,0,0,0,0,0,0,0,0,0,0,0,0,0,0,0,0,0,0,0,0,0,0,0,0,0,0,0,0,0,0,0,0,0,0,0,0,0,0,0,0,0,0,0,0,0,0,0,0,0,0,0,0,0,0,0,0,CUE,O,,2022,4,7,4/27/2009,29.26724138,30.20369251,30.20369251,0,0,0,0,108.3,100.3,87.9,70.6,53.6,39.7,27.5,35.4,61.2,84.5,99,110.2,118.1,118.5,112.4,99.6,90.4,74,56.9,35.2,0,0,0,0,0,0,0,0,0,0,0,0,0,0,0,0,0,0,0,0,0,0,0,0,0,0,0,0,0,0,0,0,0,0,0,0,0,0,0,0,0,0,0,0,0,0,0,0,0,0,0,0,0,0,0,0,0,0,0,0,0,0,0,0,0,0,0,0,0,0,55.1,70.7,89.8,103.8,115.1,122.8,119.8,113.1,105.4,92.8,77.2,60.9,44.5,29.2,21,27,36.4,57.8,78.7,93,0,0,0,0,0,0,0,0,0,0,0,0,0,0,0,0,0,0,0,0,0,0,0,0,0,0,0,0,0,0,0,0,0,0,0,0,0,0,0,0,0,0,0,0,0,0,0,0,0,0,0,0,0,0,0,0,0,0,0,0,0,0,0,0,0,0,0,1583.3,1514.1,79.165,75.705,115,55,4,4
65,CT,A,W,2,20.2,570,22,25,14,60,26,44,1.5,0,0,0,30,2206,19,20,109.5,99.5,76.1,51.4,28.9,33.8,47.8,63.4,77.6,89.5,99.4,108,110.9,113.8,109.3,94.2,77.2,63.6,51.9,26,0,0,0,0,0,0,0,0,0,0,0,0,0,0,0,0,0,0,0,0,0,0,0,0,0,0,0,0,0,0,0,0,0,0,0,0,0,0,0,0,0,0,0,0,0,0,0,0,0,0,0,0,0,0,0,0,0,0,0,0,0,0,0,0,0,0,0,0,0,0,52.8,55.6,66,84.8,107.8,118.4,119.6,115.4,106.2,92.9,76.6,63.1,53.9,38.6,23.8,14.2,29.9,56.9,83.3,98,0,0,0,0,0,0,0,0,0,0,0,0,0,0,0,0,0,0,0,0,0,0,0,0,0,0,0,0,0,0,0,0,0,0,0,0,0,0,0,0,0,0,0,0,0,0,0,0,0,0,0,0,0,0,0,0,0,0,0,0,0,0,0,0,0,0,0,0,0,0,CUE,O,,2022,5,7,4/27/2009,28.21782178,30.20369251,30.20369251,0,0,0,0,51.4,28.9,33.8,47.8,63.4,77.6,89.5,99.4,108,110.9,113.8,109.3,94.2,77.2,63.6,51.9,26,0,0,0,0,0,0,0,0,0,0,0,0,0,0,0,0,0,0,0,0,0,0,0,0,0,0,0,0,0,0,0,0,0,0,0,0,0,0,0,0,0,0,0,0,0,0,0,0,0,0,0,0,0,0,0,0,0,0,0,0,0,0,0,0,0,0,0,0,0,0,0,0,0,84.8,107.8,118.4,119.6,115.4,106.2,92.9,76.6,63.1,53.9,38.6,23.8,14.2,29.9,56.9,83.3,98,0,0,0,0,0,0,0,0,0,0,0,0,0,0,0,0,0,0,0,0,0,0,0,0,0,0,0,0,0,0,0,0,0,0,0,0,0,0,0,0,0,0,0,0,0,0,0,0,0,0,0,0,0,0,0,0,0,0,0,0,0,0,0,0,0,0,0,0,0,0,1246.7,1283.4,73.33529412,75.49411765,115,55,4,4
66,CT,A,S,1,21.5,626,31,18,0,90,10,28,1.5,0,0,0,30,2206,19,21,101.1,78.2,54.4,35.7,27.5,31.9,46.2,58.2,75,91.9,105.3,113.8,118.5,121.1,117,98.6,78,57.4,41.4,28.9,21.2,0,0,0,0,0,0,0,0,0,0,0,0,0,0,0,0,0,0,0,0,0,0,0,0,0,0,0,0,0,0,0,0,0,0,0,0,0,0,0,0,0,0,0,0,0,0,0,0,0,0,0,0,0,0,0,0,0,0,0,0,0,0,0,0,0,0,0,0,0,61.7,71.6,90.2,109.3,119,118.5,113.2,106.1,93.9,77.6,58.6,39,27.2,34.8,53.6,72.4,83.4,97,111,117.2,114.1,0,0,0,0,0,0,0,0,0,0,0,0,0,0,0,0,0,0,0,0,0,0,0,0,0,0,0,0,0,0,0,0,0,0,0,0,0,0,0,0,0,0,0,0,0,0,0,0,0,0,0,0,0,0,0,0,0,0,0,0,0,0,0,0,0,0,0,0,0,CUE,O,,2022,6,7,4/27/2009,29.11627907,30.20369251,30.20369251,0,0,0,0,35.7,27.5,31.9,46.2,58.2,75,91.9,105.3,113.8,118.5,121.1,117,98.6,78,57.4,41.4,28.9,21.2,0,0,0,0,0,0,0,0,0,0,0,0,0,0,0,0,0,0,0,0,0,0,0,0,0,0,0,0,0,0,0,0,0,0,0,0,0,0,0,0,0,0,0,0,0,0,0,0,0,0,0,0,0,0,0,0,0,0,0,0,0,0,0,0,0,0,0,0,0,0,0,0,109.3,119,118.5,113.2,106.1,93.9,77.6,58.6,39,27.2,34.8,53.6,72.4,83.4,97,111,117.2,114.1,0,0,0,0,0,0,0,0,0,0,0,0,0,0,0,0,0,0,0,0,0,0,0,0,0,0,0,0,0,0,0,0,0,0,0,0,0,0,0,0,0,0,0,0,0,0,0,0,0,0,0,0,0,0,0,0,0,0,0,0,0,0,0,0,0,0,0,0,0,1267.6,1545.9,70.42222222,85.88333333,115,55,4,4
10,1,A,S,2,90.1,2786,28,21,0,6,94,-35,1.5,0,0,0,90,2206,10,90,62.1,55.4,59.4,61.2,61.4,42.5,25.5,40.9,48.8,53,50.6,63.4,81.3,99.6,112.6,116.9,122.2,122.6,122.1,117.4,98.5,65.4,59.1,58.6,44,52.1,69.6,87,100.8,109.7,109.4,103.4,93.9,79.7,63,48.3,45,55.3,77.1,98,111.1,119.9,125.3,126.9,125.1,119.6,110.9,101,88.7,73.4,56.4,45.2,47.8,61.2,82.2,101.7,116.4,122.1,124.4,120.7,114.6,102.7,89.9,80.9,74.7,68.6,51.8,43.4,46.9,69.9,95.9,112.2,122.4,127.1,126.7,125.9,123.3,120.6,111.8,99,83.9,70.3,54.6,48.6,47.8,48.6,55.1,75.8,97.6,111.3,109.9,100.8,109.7,115.4,106.3,94.5,98.8,126,133.6,132.5,129.3,129.6,118.6,95.2,73.6,58.4,46.2,37.6,49.2,55.7,54.4,75.6,110.8,118.4,124.6,132.6,128,114.1,95.3,79.8,79.2,82,96.9,114.9,126.3,130,129.1,120.8,107,93,78.6,63.8,50.1,41.7,42.7,55.6,71.5,91.3,107.2,118.8,129.8,130.4,127.3,117.4,103.3,85.8,66.8,46.4,39,50.1,70.6,79.5,98.1,116.5,120.2,124.8,122.6,128.9,123.4,111.5,94.1,75.8,59,45,41.2,41.3,41.1,52.7,69.9,88,100.1,110.1,120.7,126.6,125.3,124.3,117.6,108.4,93.8,76.4,FS,Y,,2022,1,0,4/19/2009,30.92119867,28.08529934,28.08529934,28.08529934,0,55.4,59.4,61.2,61.4,42.5,25.5,40.9,48.8,53,50.6,63.4,81.3,99.6,112.6,116.9,122.2,122.6,122.1,117.4,98.5,65.4,59.1,58.6,44,52.1,69.6,87,100.8,109.7,109.4,103.4,93.9,79.7,63,48.3,45,55.3,77.1,98,111.1,119.9,125.3,126.9,125.1,119.6,110.9,101,88.7,73.4,56.4,45.2,47.8,61.2,82.2,101.7,116.4,122.1,124.4,120.7,114.6,102.7,89.9,80.9,74.7,68.6,51.8,43.4,46.9,69.9,95.9,112.2,122.4,127.1,126.7,125.9,123.3,120.6,111.8,99,83.9,70.3,54.6,48.6,47.8,48.6,55.1,75.8,97.6,111.3,0,100.8,109.7,115.4,106.3,94.5,98.8,126,133.6,132.5,129.3,129.6,118.6,95.2,73.6,58.4,46.2,37.6,49.2,55.7,54.4,75.6,110.8,118.4,124.6,132.6,128,114.1,95.3,79.8,79.2,82,96.9,114.9,126.3,130,129.1,120.8,107,93,78.6,63.8,50.1,41.7,42.7,55.6,71.5,91.3,107.2,118.8,129.8,130.4,127.3,117.4,103.3,85.8,66.8,46.4,39,50.1,70.6,79.5,98.1,116.5,120.2,124.8,122.6,128.9,123.4,111.5,94.1,75.8,59,45,41.2,41.3,41.1,52.7,69.9,88,100.1,110.1,120.7,126.6,125.3,124.3,117.6,108.4,93.8,76.4,7556.6,8348.9,84.90561798,93.80786517,55,115,2,2
25,1,A,S,2,59,1405,25,22,4,14,82,-92,1.5,1,0,0,90,2206,16,58,60.5,63.2,62.9,53.9,65.2,94.7,109.8,107.4,97.8,89.2,74,60.1,45.2,42.4,57.6,67.5,64.1,79.4,84.5,104.7,122.4,120.2,118.8,113.5,106,97.9,86.8,74.2,61.7,52.9,46.4,45.8,53.6,68.7,83.9,102.3,115.2,118.5,123.8,121.3,115.5,124.5,123.1,125.8,120.6,115.3,116.4,110.7,101.2,93.9,87.1,82.9,78,54.2,46.9,48.9,32,8.1,0,0,0,0,0,0,0,0,0,0,0,0,0,0,0,0,0,0,0,0,0,0,0,0,0,0,0,0,0,0,0,0,115.1,108.8,102.9,86.5,65.2,65.5,75.5,76.1,85.2,96.5,106.9,114.5,123.5,126.9,127.4,128.2,114.1,99.4,71.7,43.2,47.2,48.5,59.9,71,83.8,97.6,108.4,118.6,127.3,129.7,130.4,129.9,122.9,114.1,103.2,89.8,74.5,60.4,48.4,38.4,31.4,43.6,40.8,39.3,34.9,43.6,65.1,67.8,82.1,93.9,98.4,100.6,102.5,103.6,119.1,124.9,111.9,91.5,0,0,0,0,0,0,0,0,0,0,0,0,0,0,0,0,0,0,0,0,0,0,0,0,0,0,0,0,0,0,0,0,FS,Y,,2022,1,0,4/19/2009,23.81355932,27.86850718,27.86850718,27.86850718,0,63.2,62.9,53.9,65.2,94.7,109.8,107.4,97.8,89.2,74,60.1,45.2,42.4,57.6,67.5,64.1,79.4,84.5,104.7,122.4,120.2,118.8,113.5,106,97.9,86.8,74.2,61.7,52.9,46.4,45.8,53.6,68.7,83.9,102.3,115.2,118.5,123.8,121.3,115.5,124.5,123.1,125.8,120.6,115.3,116.4,110.7,101.2,93.9,87.1,82.9,78,54.2,46.9,48.9,32,8.1,0,0,0,0,0,0,0,0,0,0,0,0,0,0,0,0,0,0,0,0,0,0,0,0,0,0,0,0,0,0,0,0,0,108.8,102.9,86.5,65.2,65.5,75.5,76.1,85.2,96.5,106.9,114.5,123.5,126.9,127.4,128.2,114.1,99.4,71.7,43.2,47.2,48.5,59.9,71,83.8,97.6,108.4,118.6,127.3,129.7,130.4,129.9,122.9,114.1,103.2,89.8,74.5,60.4,48.4,38.4,31.4,43.6,40.8,39.3,34.9,43.6,65.1,67.8,82.1,93.9,98.4,100.6,102.5,103.6,119.1,124.9,111.9,91.5,0,0,0,0,0,0,0,0,0,0,0,0,0,0,0,0,0,0,0,0,0,0,0,0,0,0,0,0,0,0,0,0,4842.6,5017,84.95789474,88.01754386,55,115,2,2
37,1,A,S,2,90.1,1848,33,6,3,14,83,-123,1.5,0,0,0,90,2206,20,90,58,64.3,72.1,64.4,54,45.2,43.5,49.1,62.9,80.3,89.9,93.2,101.9,99.9,112.6,123.9,108.3,71,52.1,67.6,69.3,57.4,45.6,45.9,51.8,66.6,73.3,71.9,65.2,57.6,54.5,49.3,47.7,48.7,52.9,58.9,64,67.3,63.5,59.4,61.3,63.7,63.1,63.1,67.7,76.6,78.5,68.9,68.4,63.7,55.5,46.2,49.5,63.2,75.7,88.5,91.2,91.9,107,108.6,96.1,72.9,52.6,70.6,78.5,80.7,78.4,78.7,81.6,84.2,81.1,73.6,70.4,62.8,49.7,42.7,46.4,50.5,61.8,61.2,66.2,79.5,86.9,94.7,87.6,77.7,78.1,76.6,69,61.6,115.8,112.7,108.8,114.2,122.9,129.3,128.7,126.3,116.7,106.8,97.7,90.7,86.7,77.1,52.8,53.8,41.1,22.5,60.2,109.4,123.8,129,129.3,131,124.4,114.4,108.8,110.2,115.1,119.5,121.4,125.3,127.8,126.4,122.6,118.8,116,114.2,116.8,119.3,117.9,115.8,115,113.4,106.2,103.2,99,95.1,106.7,116.8,121.7,127.7,132.8,131,123.3,112.1,105,86.6,74.5,70.9,63.5,69.1,91.1,127.4,123,118.7,119.3,122.8,121.4,113.6,101.5,100.4,117.2,125.9,131.1,129.1,128.6,120.8,117.4,104.2,85.4,77.9,82.6,89.9,83.1,83.3,91,104.3,112.2,117.9,FS,Y,,2022,1,0,4/19/2009,20.51054384,24.54632948,24.54632948,24.54632948,0,64.3,72.1,64.4,54,45.2,43.5,49.1,62.9,80.3,89.9,93.2,101.9,99.9,112.6,123.9,108.3,71,52.1,67.6,69.3,57.4,45.6,45.9,51.8,66.6,73.3,71.9,65.2,57.6,54.5,49.3,47.7,48.7,52.9,58.9,64,67.3,63.5,59.4,61.3,63.7,63.1,63.1,67.7,76.6,78.5,68.9,68.4,63.7,55.5,46.2,49.5,63.2,75.7,88.5,91.2,91.9,107,108.6,96.1,72.9,52.6,70.6,78.5,80.7,78.4,78.7,81.6,84.2,81.1,73.6,70.4,62.8,49.7,42.7,46.4,50.5,61.8,61.2,66.2,79.5,86.9,94.7,87.6,77.7,78.1,76.6,69,61.6,0,112.7,108.8,114.2,122.9,129.3,128.7,126.3,116.7,106.8,97.7,90.7,86.7,77.1,52.8,53.8,41.1,22.5,60.2,109.4,123.8,129,129.3,131,124.4,114.4,108.8,110.2,115.1,119.5,121.4,125.3,127.8,126.4,122.6,118.8,116,114.2,116.8,119.3,117.9,115.8,115,113.4,106.2,103.2,99,95.1,106.7,116.8,121.7,127.7,132.8,131,123.3,112.1,105,86.6,74.5,70.9,63.5,69.1,91.1,127.4,123,118.7,119.3,122.8,121.4,113.6,101.5,100.4,117.2,125.9,131.1,129.1,128.6,120.8,117.4,104.2,85.4,77.9,82.6,89.9,83.1,83.3,91,104.3,112.2,117.9,6231.7,9520.9,70.01910112,106.9764045,55,115,2,2
40,1,A,S,2,90.1,1851,12,19,2,21,77,-140,1.5,0,0,0,90,2206,21,90,54.2,52.6,73.8,84.5,103.8,102.3,105.8,99.3,96.3,105,115.7,121.8,123.5,122.4,116.5,97.2,65.5,34.2,30.1,51.2,53.3,78.3,92.4,101.5,109,113.5,111.6,105.7,95.3,83,73.7,60.1,51.9,66.9,99,116.6,120.3,123.2,123.4,120.6,114.8,116.9,110.8,95,77.2,79.7,69.6,51.5,46.7,35.3,30.5,64.8,83.9,99.3,108,116.7,120.9,119.1,120.5,119,117.1,111.2,106.6,104.6,90.2,79,83.9,82.3,71.8,57.2,54.7,58.9,54.5,66.3,77.7,74.3,74.1,96.8,109.3,116.8,117.9,114.9,108.3,111.7,115.4,115.4,123.3,117.9,113.1,118.1,105.8,107.1,109.3,99.1,87.9,78,78.5,80.8,87.9,86,73.9,62.1,53.9,42.6,34.5,25.3,30.6,59.6,99.2,120.7,118.1,109.5,97.9,90,80.9,74.9,71.7,77,91.1,102,107.4,109.1,95.7,77.2,67,67.2,58.9,49.5,39.1,34.1,37.9,59.1,55.6,58.7,84.7,116.8,115,121.2,126,118.3,101.6,107.4,104.5,93.9,82.2,69.5,62.7,61.5,62.5,62.8,64,65.8,75.7,78.8,75.4,86.3,100.8,102.2,99.1,96.7,108.3,118.6,107.4,106.8,105.3,100.2,88.9,81.8,75.9,69,63.5,62.5,57.9,59.6,61.6,54.6,50.4,42.7,36.7,37.3,FS,Y,,2022,1,0,4/19/2009,20.54384018,24.56259965,24.56259965,24.56259965,0,52.6,73.8,84.5,103.8,102.3,105.8,99.3,96.3,105,115.7,121.8,123.5,122.4,116.5,97.2,65.5,34.2,30.1,51.2,53.3,78.3,92.4,101.5,109,113.5,111.6,105.7,95.3,83,73.7,60.1,51.9,66.9,99,116.6,120.3,123.2,123.4,120.6,114.8,116.9,110.8,95,77.2,79.7,69.6,51.5,46.7,35.3,30.5,64.8,83.9,99.3,108,116.7,120.9,119.1,120.5,119,117.1,111.2,106.6,104.6,90.2,79,83.9,82.3,71.8,57.2,54.7,58.9,54.5,66.3,77.7,74.3,74.1,96.8,109.3,116.8,117.9,114.9,108.3,111.7,115.4,115.4,123.3,117.9,113.1,118.1,0,107.1,109.3,99.1,87.9,78,78.5,80.8,87.9,86,73.9,62.1,53.9,42.6,34.5,25.3,30.6,59.6,99.2,120.7,118.1,109.5,97.9,90,80.9,74.9,71.7,77,91.1,102,107.4,109.1,95.7,77.2,67,67.2,58.9,49.5,39.1,34.1,37.9,59.1,55.6,58.7,84.7,116.8,115,121.2,126,118.3,101.6,107.4,104.5,93.9,82.2,69.5,62.7,61.5,62.5,62.8,64,65.8,75.7,78.8,75.4,86.3,100.8,102.2,99.1,96.7,108.3,118.6,107.4,106.8,105.3,100.2,88.9,81.8,75.9,69,63.5,62.5,57.9,59.6,61.6,54.6,50.4,42.7,36.7,37.3,8224.3,7071,92.40786517,79.4494382,55,115,2,2
10,1,A,S,2,90.1,2786,28,21,0,6,94,-35,1.5,0,0,0,90,2206,10,90,62.1,55.4,59.4,61.2,61.4,42.5,25.5,40.9,48.8,53,50.6,63.4,81.3,99.6,112.6,116.9,122.2,122.6,122.1,117.4,98.5,65.4,59.1,58.6,44,52.1,69.6,87,100.8,109.7,109.4,103.4,93.9,79.7,63,48.3,45,55.3,77.1,98,111.1,119.9,125.3,126.9,125.1,119.6,110.9,101,88.7,73.4,56.4,45.2,47.8,61.2,82.2,101.7,116.4,122.1,124.4,120.7,114.6,102.7,89.9,80.9,74.7,68.6,51.8,43.4,46.9,69.9,95.9,112.2,122.4,127.1,126.7,125.9,123.3,120.6,111.8,99,83.9,70.3,54.6,48.6,47.8,48.6,55.1,75.8,97.6,111.3,109.9,100.8,109.7,115.4,106.3,94.5,98.8,126,133.6,132.5,129.3,129.6,118.6,95.2,73.6,58.4,46.2,37.6,49.2,55.7,54.4,75.6,110.8,118.4,124.6,132.6,128,114.1,95.3,79.8,79.2,82,96.9,114.9,126.3,130,129.1,120.8,107,93,78.6,63.8,50.1,41.7,42.7,55.6,71.5,91.3,107.2,118.8,129.8,130.4,127.3,117.4,103.3,85.8,66.8,46.4,39,50.1,70.6,79.5,98.1,116.5,120.2,124.8,122.6,128.9,123.4,111.5,94.1,75.8,59,45,41.2,41.3,41.1,52.7,69.9,88,100.1,110.1,120.7,126.6,125.3,124.3,117.6,108.4,93.8,76.4,TT,Y,,2022,1,1,4/19/2009,30.92119867,27.76047672,28.08529934,26.13636364,0,55.4,59.4,61.2,61.4,42.5,25.5,40.9,48.8,53,50.6,63.4,81.3,99.6,112.6,116.9,122.2,122.6,122.1,117.4,98.5,65.4,59.1,58.6,44,52.1,69.6,87,100.8,109.7,109.4,103.4,93.9,79.7,63,48.3,45,55.3,77.1,98,111.1,119.9,125.3,126.9,125.1,119.6,110.9,101,88.7,73.4,56.4,45.2,47.8,61.2,82.2,101.7,116.4,122.1,124.4,120.7,114.6,102.7,89.9,80.9,74.7,68.6,51.8,43.4,46.9,69.9,95.9,112.2,122.4,127.1,126.7,125.9,123.3,120.6,111.8,99,83.9,70.3,54.6,48.6,47.8,48.6,55.1,75.8,97.6,111.3,0,100.8,109.7,115.4,106.3,94.5,98.8,126,133.6,132.5,129.3,129.6,118.6,95.2,73.6,58.4,46.2,37.6,49.2,55.7,54.4,75.6,110.8,118.4,124.6,132.6,128,114.1,95.3,79.8,79.2,82,96.9,114.9,126.3,130,129.1,120.8,107,93,78.6,63.8,50.1,41.7,42.7,55.6,71.5,91.3,107.2,118.8,129.8,130.4,127.3,117.4,103.3,85.8,66.8,46.4,39,50.1,70.6,79.5,98.1,116.5,120.2,124.8,122.6,128.9,123.4,111.5,94.1,75.8,59,45,41.2,41.3,41.1,52.7,69.9,88,100.1,110.1,120.7,126.6,125.3,124.3,117.6,108.4,93.8,76.4,7556.6,8348.9,84.90561798,93.80786517,55,115,2,2
11,1,A,W,2,90.1,2342,24,17,0,19,81,67,1.5,0,0,0,90,2206,10,90,116.5,110.4,116.2,105.9,88.2,67.1,50.6,46.4,55.4,68.3,84.5,87.6,78.2,63.8,45.1,42.2,49.3,70.8,90.8,107.4,104.3,107.4,118.2,114.5,103.2,91.6,76.3,61.9,44.9,45.1,49.8,49.5,64.1,81.5,83.8,103,123.2,118.1,122.9,125.6,120,110.6,106.5,99.9,88.6,73.3,62,56.7,47.3,32.5,47.6,68.7,83.3,102.6,111.4,119.6,114.5,104.7,99.5,109.2,116.4,105.9,92,79.1,67.9,48.9,40.2,45.7,46.7,51.8,62.1,71.3,85.3,91.7,100.3,109.2,110.4,106.8,103,97.8,88.3,78.6,79.5,82.1,85.8,86.9,94.6,100.2,105.9,102.9,50.5,50.1,62,74.9,97.5,113.5,125,132.1,133.7,127.6,117.6,112.2,109.9,113.5,122.7,127.4,119.1,109.2,93.8,82.4,66.3,38.3,32.8,41,60.2,83.6,104.5,122.7,125.6,128.7,123.9,117.5,106.7,102.7,79.3,56.6,57.5,42.7,36.5,38.9,35.1,40.6,67,90.9,103.4,115.4,126.7,129.5,124,117.3,113.1,111.3,101,86.1,68.1,62.7,50.1,26.6,22.3,56.1,66.4,68.2,78.7,94.4,111.9,119.9,125.8,130.2,127.3,120.5,118.2,105.3,101.1,96.6,89.1,80.8,76.1,78.2,81.7,85.8,93.8,106.2,105.4,103,98.9,95.5,90.8,85.2,82.9,74,TT,Y,,2022,2,1,4/19/2009,25.99334073,27.76047672,28.08529934,26.13636364,0,0,0,105.9,88.2,67.1,50.6,46.4,55.4,68.3,84.5,87.6,78.2,63.8,45.1,42.2,49.3,70.8,90.8,107.4,104.3,107.4,118.2,114.5,103.2,91.6,76.3,61.9,44.9,45.1,49.8,49.5,64.1,81.5,83.8,103,123.2,118.1,122.9,125.6,120,110.6,106.5,99.9,88.6,73.3,62,56.7,47.3,32.5,47.6,68.7,83.3,102.6,111.4,119.6,114.5,104.7,99.5,109.2,116.4,105.9,92,79.1,67.9,48.9,40.2,45.7,46.7,51.8,62.1,71.3,85.3,91.7,100.3,109.2,110.4,106.8,103,97.8,88.3,78.6,79.5,82.1,85.8,86.9,94.6,100.2,105.9,102.9,0,0,0,74.9,97.5,113.5,125,132.1,133.7,127.6,117.6,112.2,109.9,113.5,122.7,127.4,119.1,109.2,93.8,82.4,66.3,38.3,32.8,41,60.2,83.6,104.5,122.7,125.6,128.7,123.9,117.5,106.7,102.7,79.3,56.6,57.5,42.7,36.5,38.9,35.1,40.6,67,90.9,103.4,115.4,126.7,129.5,124,117.3,113.1,111.3,101,86.1,68.1,62.7,50.1,26.6,22.3,56.1,66.4,68.2,78.7,94.4,111.9,119.9,125.8,130.2,127.3,120.5,118.2,105.3,101.1,96.6,89.1,80.8,76.1,78.2,81.7,85.8,93.8,106.2,105.4,103,98.9,95.5,90.8,85.2,82.9,74,7286.3,8017.3,83.75057471,92.15287356,115,55,4,4
12,1,A,E,2,11.7,383,39,43,56,18,26,-19,1.5,2,0,0,90,2206,10,11,63.1,33,30.5,71.5,113.3,125.9,114.9,92.9,69.3,38,9.5,0,0,0,0,0,0,0,0,0,0,0,0,0,0,0,0,0,0,0,0,0,0,0,0,0,0,0,0,0,0,0,0,0,0,0,0,0,0,0,0,0,0,0,0,0,0,0,0,0,0,0,0,0,0,0,0,0,0,0,0,0,0,0,0,0,0,0,0,0,0,0,0,0,0,0,0,0,0,0,123.7,98.9,59.6,21.6,31.9,42.5,30.7,36.1,50.4,59.4,80.7,0,0,0,0,0,0,0,0,0,0,0,0,0,0,0,0,0,0,0,0,0,0,0,0,0,0,0,0,0,0,0,0,0,0,0,0,0,0,0,0,0,0,0,0,0,0,0,0,0,0,0,0,0,0,0,0,0,0,0,0,0,0,0,0,0,0,0,0,0,0,0,0,0,0,0,0,0,0,0,TT,Y,,2022,3,1,4/19/2009,32.73504274,27.76047672,28.08529934,26.13636364,0,33,30.5,71.5,113.3,125.9,114.9,92.9,69.3,38,9.5,0,0,0,0,0,0,0,0,0,0,0,0,0,0,0,0,0,0,0,0,0,0,0,0,0,0,0,0,0,0,0,0,0,0,0,0,0,0,0,0,0,0,0,0,0,0,0,0,0,0,0,0,0,0,0,0,0,0,0,0,0,0,0,0,0,0,0,0,0,0,0,0,0,0,0,0,0,0,0,0,98.9,59.6,21.6,31.9,42.5,30.7,36.1,50.4,59.4,80.7,0,0,0,0,0,0,0,0,0,0,0,0,0,0,0,0,0,0,0,0,0,0,0,0,0,0,0,0,0,0,0,0,0,0,0,0,0,0,0,0,0,0,0,0,0,0,0,0,0,0,0,0,0,0,0,0,0,0,0,0,0,0,0,0,0,0,0,0,0,0,0,0,0,0,0,0,0,0,0,698.8,511.8,69.88,51.18,55,115,2,2
10,2,A,W,2,90.1,2720,25,26,2,28,70,26,1.5,0,0,0,90,2206,10,90,114.7,102.7,88.4,88,93.7,102.5,118.2,115.4,107.6,95.3,71,37.6,16.5,37.7,39.9,45.5,63.4,72.1,88.9,107.7,114.8,121.3,116.5,113.4,116.5,109,103.3,89.5,78,63,51,37.5,37.4,61.3,76.7,103.1,112.3,120.6,126.7,123.5,115.7,106.6,91,81.2,78.8,63.6,47,33.4,39,52.2,72.6,84,103,118.9,120.9,117.2,123.1,109.2,95.6,78.8,65.9,42.6,37.6,49.5,69.4,84,103.4,107.6,100.3,100.8,119.7,120.4,93.3,82.1,75.4,68.8,50.3,37.4,45.6,55.5,69.8,82.2,86.8,83.7,76.8,68.8,55.6,47.9,44.8,42,48.5,48.9,70,94.2,88.4,66.1,50.4,31.4,31.8,47.7,63.9,75.3,100.1,124.1,126.3,121.5,111.7,103.9,89.4,73.9,53.1,39.3,32.1,45.9,56.2,62.8,85.3,97.2,113.6,120.9,128.8,121.8,113.9,116.3,95.2,79.8,59.8,44.6,42.6,38.2,30.8,36.8,53.1,81.7,105.2,112.2,117.7,118,116.5,110.2,109.5,90.5,69.4,65.8,50.7,33.2,39.3,47.6,69,90.1,107.6,110.8,123.1,120.9,108.2,94.1,82.3,75.5,50.8,21.1,34.8,41.2,54.2,78.6,104,121.6,123.5,122.9,126,121.2,109.3,99.9,99.9,99.2,104.9,113.2,119.6,128.1,131.3,128.6,TT,Y,,2022,4,1,4/20/2009,30.18867925,27.76047672,28.08529934,26.13636364,0,0,0,88,93.7,102.5,118.2,115.4,107.6,95.3,71,37.6,16.5,37.7,39.9,45.5,63.4,72.1,88.9,107.7,114.8,121.3,116.5,113.4,116.5,109,103.3,89.5,78,63,51,37.5,37.4,61.3,76.7,103.1,112.3,120.6,126.7,123.5,115.7,106.6,91,81.2,78.8,63.6,47,33.4,39,52.2,72.6,84,103,118.9,120.9,117.2,123.1,109.2,95.6,78.8,65.9,42.6,37.6,49.5,69.4,84,103.4,107.6,100.3,100.8,119.7,120.4,93.3,82.1,75.4,68.8,50.3,37.4,45.6,55.5,69.8,82.2,86.8,83.7,76.8,68.8,55.6,47.9,44.8,42,0,0,0,94.2,88.4,66.1,50.4,31.4,31.8,47.7,63.9,75.3,100.1,124.1,126.3,121.5,111.7,103.9,89.4,73.9,53.1,39.3,32.1,45.9,56.2,62.8,85.3,97.2,113.6,120.9,128.8,121.8,113.9,116.3,95.2,79.8,59.8,44.6,42.6,38.2,30.8,36.8,53.1,81.7,105.2,112.2,117.7,118,116.5,110.2,109.5,90.5,69.4,65.8,50.7,33.2,39.3,47.6,69,90.1,107.6,110.8,123.1,120.9,108.2,94.1,82.3,75.5,50.8,21.1,34.8,41.2,54.2,78.6,104,121.6,123.5,122.9,126,121.2,109.3,99.9,99.9,99.2,104.9,113.2,119.6,128.1,131.3,128.6,7076.2,7451.2,81.33563218,85.64597701,115,55,4,4
11,2,A,S,2,3.4,70,100,0,54,24,22,-24,1.5,1,0,0,90,2206,10,3,54.5,29.2,4.8,0,0,0,0,0,0,0,0,0,0,0,0,0,0,0,0,0,0,0,0,0,0,0,0,0,0,0,0,0,0,0,0,0,0,0,0,0,0,0,0,0,0,0,0,0,0,0,0,0,0,0,0,0,0,0,0,0,0,0,0,0,0,0,0,0,0,0,0,0,0,0,0,0,0,0,0,0,0,0,0,0,0,0,0,0,0,0,109.7,91.7,88.5,0,0,0,0,0,0,0,0,0,0,0,0,0,0,0,0,0,0,0,0,0,0,0,0,0,0,0,0,0,0,0,0,0,0,0,0,0,0,0,0,0,0,0,0,0,0,0,0,0,0,0,0,0,0,0,0,0,0,0,0,0,0,0,0,0,0,0,0,0,0,0,0,0,0,0,0,0,0,0,0,0,0,0,0,0,0,0,TT,Y,,2022,5,1,4/20/2009,20.58823529,27.76047672,28.08529934,26.13636364,0,29.2,4.8,0,0,0,0,0,0,0,0,0,0,0,0,0,0,0,0,0,0,0,0,0,0,0,0,0,0,0,0,0,0,0,0,0,0,0,0,0,0,0,0,0,0,0,0,0,0,0,0,0,0,0,0,0,0,0,0,0,0,0,0,0,0,0,0,0,0,0,0,0,0,0,0,0,0,0,0,0,0,0,0,0,0,0,0,0,0,0,0,91.7,88.5,0,0,0,0,0,0,0,0,0,0,0,0,0,0,0,0,0,0,0,0,0,0,0,0,0,0,0,0,0,0,0,0,0,0,0,0,0,0,0,0,0,0,0,0,0,0,0,0,0,0,0,0,0,0,0,0,0,0,0,0,0,0,0,0,0,0,0,0,0,0,0,0,0,0,0,0,0,0,0,0,0,0,0,0,0,0,0,34,180.2,17,90.1,55,115,2,2
12,2,A,N,2,30.8,805,23,26,40,39,21,10,1.5,2,0,0,90,2206,10,30,106.2,93.1,77.4,68,78.8,100,105.4,96.2,79.1,52.5,35,38.9,38.8,28.9,15.4,44.3,67.1,70.3,58.5,41.1,17.3,19.9,46,68.3,93.1,95.6,92.5,109.3,125.5,112.7,0,0,0,0,0,0,0,0,0,0,0,0,0,0,0,0,0,0,0,0,0,0,0,0,0,0,0,0,0,0,0,0,0,0,0,0,0,0,0,0,0,0,0,0,0,0,0,0,0,0,0,0,0,0,0,0,0,0,0,0,57.5,46.2,32.2,22.3,41.4,64.6,65.1,51.8,50.5,71.3,100.1,113.7,121.1,112.7,82.9,46.2,22.8,38.5,59.2,83.2,91.2,92,86.2,83.2,89.4,84.2,57.6,43.9,48.9,28.2,0,0,0,0,0,0,0,0,0,0,0,0,0,0,0,0,0,0,0,0,0,0,0,0,0,0,0,0,0,0,0,0,0,0,0,0,0,0,0,0,0,0,0,0,0,0,0,0,0,0,0,0,0,0,0,0,0,0,0,0,FS,Y,,2022,6,1,4/20/2009,26.13636364,27.76047672,28.08529934,26.13636364,0,0,0,68,78.8,100,105.4,96.2,79.1,52.5,35,38.9,38.8,28.9,15.4,44.3,67.1,70.3,58.5,41.1,17.3,19.9,46,68.3,93.1,95.6,92.5,109.3,125.5,112.7,0,0,0,0,0,0,0,0,0,0,0,0,0,0,0,0,0,0,0,0,0,0,0,0,0,0,0,0,0,0,0,0,0,0,0,0,0,0,0,0,0,0,0,0,0,0,0,0,0,0,0,0,0,0,0,0,0,0,0,0,0,0,0,22.3,41.4,64.6,65.1,51.8,50.5,71.3,100.1,113.7,121.1,112.7,82.9,46.2,22.8,38.5,59.2,83.2,91.2,92,86.2,83.2,89.4,84.2,57.6,43.9,48.9,28.2,0,0,0,0,0,0,0,0,0,0,0,0,0,0,0,0,0,0,0,0,0,0,0,0,0,0,0,0,0,0,0,0,0,0,0,0,0,0,0,0,0,0,0,0,0,0,0,0,0,0,0,0,0,0,0,0,0,0,0,0,1798.5,1852.2,66.61111111,68.6,115,55,4,4
25,1,A,S,2,59,1405,25,22,4,14,82,-92,1.5,1,0,0,90,2206,16,58,60.5,63.2,62.9,53.9,65.2,94.7,109.8,107.4,97.8,89.2,74,60.1,45.2,42.4,57.6,67.5,64.1,79.4,84.5,104.7,122.4,120.2,118.8,113.5,106,97.9,86.8,74.2,61.7,52.9,46.4,45.8,53.6,68.7,83.9,102.3,115.2,118.5,123.8,121.3,115.5,124.5,123.1,125.8,120.6,115.3,116.4,110.7,101.2,93.9,87.1,82.9,78,54.2,46.9,48.9,32,8.1,0,0,0,0,0,0,0,0,0,0,0,0,0,0,0,0,0,0,0,0,0,0,0,0,0,0,0,0,0,0,0,0,115.1,108.8,102.9,86.5,65.2,65.5,75.5,76.1,85.2,96.5,106.9,114.5,123.5,126.9,127.4,128.2,114.1,99.4,71.7,43.2,47.2,48.5,59.9,71,83.8,97.6,108.4,118.6,127.3,129.7,130.4,129.9,122.9,114.1,103.2,89.8,74.5,60.4,48.4,38.4,31.4,43.6,40.8,39.3,34.9,43.6,65.1,67.8,82.1,93.9,98.4,100.6,102.5,103.6,119.1,124.9,111.9,91.5,0,0,0,0,0,0,0,0,0,0,0,0,0,0,0,0,0,0,0,0,0,0,0,0,0,0,0,0,0,0,0,0,TT,Y,,2022,1,1,4/19/2009,23.81355932,28.33813507,27.86850718,30.68627451,0,63.2,62.9,53.9,65.2,94.7,109.8,107.4,97.8,89.2,74,60.1,45.2,42.4,57.6,67.5,64.1,79.4,84.5,104.7,122.4,120.2,118.8,113.5,106,97.9,86.8,74.2,61.7,52.9,46.4,45.8,53.6,68.7,83.9,102.3,115.2,118.5,123.8,121.3,115.5,124.5,123.1,125.8,120.6,115.3,116.4,110.7,101.2,93.9,87.1,82.9,78,54.2,46.9,48.9,32,8.1,0,0,0,0,0,0,0,0,0,0,0,0,0,0,0,0,0,0,0,0,0,0,0,0,0,0,0,0,0,0,0,0,0,108.8,102.9,86.5,65.2,65.5,75.5,76.1,85.2,96.5,106.9,114.5,123.5,126.9,127.4,128.2,114.1,99.4,71.7,43.2,47.2,48.5,59.9,71,83.8,97.6,108.4,118.6,127.3,129.7,130.4,129.9,122.9,114.1,103.2,89.8,74.5,60.4,48.4,38.4,31.4,43.6,40.8,39.3,34.9,43.6,65.1,67.8,82.1,93.9,98.4,100.6,102.5,103.6,119.1,124.9,111.9,91.5,0,0,0,0,0,0,0,0,0,0,0,0,0,0,0,0,0,0,0,0,0,0,0,0,0,0,0,0,0,0,0,0,4842.6,5017,84.95789474,88.01754386,55,115,2,2
26,1,A,W,2,90.1,2478,20,31,12,33,55,45,1.5,0,2,0,90,2206,16,90,117.6,114.5,102.7,102.5,109.7,118.2,96.4,54.1,17.7,25.6,52.4,93.4,118.8,113.6,114.1,119.2,111.5,95.5,81.5,77,64.5,55.2,51.4,38.5,33.4,60.5,63,75.3,93.5,94,106.8,115.1,111.7,119.2,112,94.3,97.4,82.2,54.1,48.3,43.2,42.6,46.7,44.2,56.5,83.5,111,108.4,111.7,124,120.7,107.1,103,96.1,78.4,59.5,40.1,31.9,50.9,70.2,84.7,93.1,115.1,117.5,104.9,90.3,96.9,107.1,102.2,86,58.6,52.1,45.5,49.1,59.7,72.3,82.3,93.2,102,103,103.3,104.6,111.9,124.2,124.9,124.1,120.5,113.8,106.5,99.7,53.1,57.1,48.2,28.6,29.4,54.1,49.3,70,94.7,93.6,62.2,51.1,66.4,51.6,30,47.5,56.9,65.6,95.1,118.1,126.2,128.5,128.4,120.6,111.5,117.9,114.2,99.4,95.4,78.7,61.1,45.6,27.6,48.5,51.4,71.9,97.7,94.1,104.1,127.8,127.3,125.1,125,108.7,80.3,65.1,75.3,60.5,41.4,40.2,34.7,25,37.5,51.8,58.6,68.2,75.6,60.8,36.9,17.1,12,32.9,58.1,56.3,43.9,45.3,61.4,71.8,74.3,78.8,98,122.6,129.2,132.6,132.2,127.2,117.6,105.3,94.6,93.2,89.7,73.7,50.6,41.3,38.5,43.3,56.3,70.6,81.1,85,TT,Y,,2022,2,1,4/19/2009,27.50277469,28.33813507,27.86850718,30.68627451,0,0,0,102.5,109.7,118.2,96.4,54.1,17.7,25.6,52.4,93.4,118.8,113.6,114.1,119.2,111.5,95.5,81.5,77,64.5,55.2,51.4,38.5,33.4,60.5,63,75.3,93.5,94,106.8,115.1,111.7,119.2,112,94.3,97.4,82.2,54.1,48.3,43.2,42.6,46.7,44.2,56.5,83.5,111,108.4,111.7,124,120.7,107.1,103,96.1,78.4,59.5,40.1,31.9,50.9,70.2,84.7,93.1,115.1,117.5,104.9,90.3,96.9,107.1,102.2,86,58.6,52.1,45.5,49.1,59.7,72.3,82.3,93.2,102,103,103.3,104.6,111.9,124.2,124.9,124.1,120.5,113.8,106.5,99.7,0,0,0,28.6,29.4,54.1,49.3,70,94.7,93.6,62.2,51.1,66.4,51.6,30,47.5,56.9,65.6,95.1,118.1,126.2,128.5,128.4,120.6,111.5,117.9,114.2,99.4,95.4,78.7,61.1,45.6,27.6,48.5,51.4,71.9,97.7,94.1,104.1,127.8,127.3,125.1,125,108.7,80.3,65.1,75.3,60.5,41.4,40.2,34.7,25,37.5,51.8,58.6,68.2,75.6,60.8,36.9,17.1,12,32.9,58.1,56.3,43.9,45.3,61.4,71.8,74.3,78.8,98,122.6,129.2,132.6,132.2,127.2,117.6,105.3,94.6,93.2,89.7,73.7,50.6,41.3,38.5,43.3,56.3,70.6,81.1,85,7450.4,6547.3,85.63678161,75.25632184,115,55,4,4
27,1,A,E,2,42.8,1289,20,24,40,37,23,-34,1.5,1,1,0,90,2206,16,42,64.4,50.2,38.2,29,52.7,81,89.8,77.1,64.6,82.7,96.3,95.7,89.7,89.4,79.8,60.3,46.2,52.5,79,100.7,94.5,82.8,67.4,58.7,80.5,102,122.2,124.2,112.6,83,39,29.1,62.6,70,64.8,65.7,63.3,58.5,52.4,56.6,43.4,19.7,0,0,0,0,0,0,0,0,0,0,0,0,0,0,0,0,0,0,0,0,0,0,0,0,0,0,0,0,0,0,0,0,0,0,0,0,0,0,0,0,0,0,0,0,0,0,0,0,125.5,114.4,97.6,65,50.5,78.2,95.3,91.5,72.3,59.6,44.7,17.4,28.6,66.2,85.7,81.5,61.4,37.1,44.5,68.4,71.3,60,42.2,30.8,24.1,20.2,36,39.2,33.5,35.3,52.2,85.3,119.4,122.3,87.4,51,26.8,49.9,87.2,117.4,119.8,105.8,0,0,0,0,0,0,0,0,0,0,0,0,0,0,0,0,0,0,0,0,0,0,0,0,0,0,0,0,0,0,0,0,0,0,0,0,0,0,0,0,0,0,0,0,0,0,0,0,TT,Y,,2022,3,1,4/19/2009,30.11682243,28.33813507,27.86850718,30.68627451,0,50.2,38.2,29,52.7,81,89.8,77.1,64.6,82.7,96.3,95.7,89.7,89.4,79.8,60.3,46.2,52.5,79,100.7,94.5,82.8,67.4,58.7,80.5,102,122.2,124.2,112.6,83,39,29.1,62.6,70,64.8,65.7,63.3,58.5,52.4,56.6,43.4,19.7,0,0,0,0,0,0,0,0,0,0,0,0,0,0,0,0,0,0,0,0,0,0,0,0,0,0,0,0,0,0,0,0,0,0,0,0,0,0,0,0,0,0,0,0,0,0,0,0,0,114.4,97.6,65,50.5,78.2,95.3,91.5,72.3,59.6,44.7,17.4,28.6,66.2,85.7,81.5,61.4,37.1,44.5,68.4,71.3,60,42.2,30.8,24.1,20.2,36,39.2,33.5,35.3,52.2,85.3,119.4,122.3,87.4,51,26.8,49.9,87.2,117.4,119.8,105.8,0,0,0,0,0,0,0,0,0,0,0,0,0,0,0,0,0,0,0,0,0,0,0,0,0,0,0,0,0,0,0,0,0,0,0,0,0,0,0,0,0,0,0,0,0,0,0,0,2907.9,2677,70.92439024,65.29268293,55,115,2,2
25,2,A,W,2,39,997,18,33,53,20,27,-85,1.5,2,1,0,90,2206,16,38,118.5,118.4,120.3,121.7,116.4,106.3,83.4,76.4,74.9,87.5,89.9,96.5,116.9,112.4,100.3,72.9,37.1,13.5,43.7,57.7,47.7,45.2,67.8,77.3,79.2,57.9,34.2,45.8,68.5,67.2,53.8,41.5,20,31.8,40.6,51.8,49.2,25,0,0,0,0,0,0,0,0,0,0,0,0,0,0,0,0,0,0,0,0,0,0,0,0,0,0,0,0,0,0,0,0,0,0,0,0,0,0,0,0,0,0,0,0,0,0,0,0,0,0,0,0,51.2,45.3,44.3,49.1,53,59.9,41.7,23,16,14.7,16.2,16.5,51,53.1,62.8,72.2,83,77.6,48.2,33.8,41.3,74.1,92.6,84.9,77.9,65.3,55.6,63.3,94.1,111.5,119.1,116.8,91.8,67.4,53,46.4,51.7,71.2,0,0,0,0,0,0,0,0,0,0,0,0,0,0,0,0,0,0,0,0,0,0,0,0,0,0,0,0,0,0,0,0,0,0,0,0,0,0,0,0,0,0,0,0,0,0,0,0,0,0,0,0,TT,Y,,2022,4,1,4/20/2009,25.56410256,28.33813507,27.86850718,30.68627451,0,0,0,121.7,116.4,106.3,83.4,76.4,74.9,87.5,89.9,96.5,116.9,112.4,100.3,72.9,37.1,13.5,43.7,57.7,47.7,45.2,67.8,77.3,79.2,57.9,34.2,45.8,68.5,67.2,53.8,41.5,20,31.8,40.6,51.8,49.2,25,0,0,0,0,0,0,0,0,0,0,0,0,0,0,0,0,0,0,0,0,0,0,0,0,0,0,0,0,0,0,0,0,0,0,0,0,0,0,0,0,0,0,0,0,0,0,0,0,0,0,0,0,0,0,0,49.1,53,59.9,41.7,23,16,14.7,16.2,16.5,51,53.1,62.8,72.2,83,77.6,48.2,33.8,41.3,74.1,92.6,84.9,77.9,65.3,55.6,63.3,94.1,111.5,119.1,116.8,91.8,67.4,53,46.4,51.7,71.2,0,0,0,0,0,0,0,0,0,0,0,0,0,0,0,0,0,0,0,0,0,0,0,0,0,0,0,0,0,0,0,0,0,0,0,0,0,0,0,0,0,0,0,0,0,0,0,0,0,0,0,0,2312,2149.8,66.05714286,61.42285714,115,55,4,4
26,2,A,S,2,30.7,993,32,11,46,31,23,-3,1.5,1,0,0,90,2206,16,30,61.4,64,48.4,29.1,57.3,94.2,98.5,75.3,43.9,54.2,60.4,50.5,55.4,53.7,42.4,31.2,44.3,71,91.8,91.2,71,37.2,33.4,56.7,58.4,51.7,47.6,53.9,57,28.9,0,0,0,0,0,0,0,0,0,0,0,0,0,0,0,0,0,0,0,0,0,0,0,0,0,0,0,0,0,0,0,0,0,0,0,0,0,0,0,0,0,0,0,0,0,0,0,0,0,0,0,0,0,0,0,0,0,0,0,0,113.2,112.8,106.9,81.1,44.4,38.1,52.6,62.1,51.8,43.1,57,84.4,121.5,128.8,127.2,110.9,79.9,49.8,41.9,24.6,19.7,56.7,103.4,123.2,103.1,68.4,43.5,66.9,92,97.6,0,0,0,0,0,0,0,0,0,0,0,0,0,0,0,0,0,0,0,0,0,0,0,0,0,0,0,0,0,0,0,0,0,0,0,0,0,0,0,0,0,0,0,0,0,0,0,0,0,0,0,0,0,0,0,0,0,0,0,0,TT,Y,,2022,5,1,4/20/2009,32.34527687,28.33813507,27.86850718,30.68627451,0,64,48.4,29.1,57.3,94.2,98.5,75.3,43.9,54.2,60.4,50.5,55.4,53.7,42.4,31.2,44.3,71,91.8,91.2,71,37.2,33.4,56.7,58.4,51.7,47.6,53.9,57,28.9,0,0,0,0,0,0,0,0,0,0,0,0,0,0,0,0,0,0,0,0,0,0,0,0,0,0,0,0,0,0,0,0,0,0,0,0,0,0,0,0,0,0,0,0,0,0,0,0,0,0,0,0,0,0,0,0,0,0,0,0,0,112.8,106.9,81.1,44.4,38.1,52.6,62.1,51.8,43.1,57,84.4,121.5,128.8,127.2,110.9,79.9,49.8,41.9,24.6,19.7,56.7,103.4,123.2,103.1,68.4,43.5,66.9,92,97.6,0,0,0,0,0,0,0,0,0,0,0,0,0,0,0,0,0,0,0,0,0,0,0,0,0,0,0,0,0,0,0,0,0,0,0,0,0,0,0,0,0,0,0,0,0,0,0,0,0,0,0,0,0,0,0,0,0,0,0,0,1652.6,2193.4,56.9862069,75.63448276,55,115,2,2
27,2,A,N,2,30.6,939,45,27,50,48,2,34,1.5,2,2,0,90,2206,16,30,111.4,99,75.3,36.7,23.2,52.7,65.7,80.5,96.4,92.6,100.3,99.6,78.3,38.7,11,18.6,23.5,27.5,27.4,28.7,22.4,36.2,47.5,59.1,54.2,32.4,27.5,56.1,44.6,13.3,0,0,0,0,0,0,0,0,0,0,0,0,0,0,0,0,0,0,0,0,0,0,0,0,0,0,0,0,0,0,0,0,0,0,0,0,0,0,0,0,0,0,0,0,0,0,0,0,0,0,0,0,0,0,0,0,0,0,0,0,59.2,47.4,38.8,53,88.2,94.6,75.8,43.1,16.5,18,34.2,25.1,11.9,49,87.6,103.4,90.3,65.4,68.4,93.5,106.6,112.3,102.1,93.4,82.1,68.1,69.6,87.2,99.3,93.4,0,0,0,0,0,0,0,0,0,0,0,0,0,0,0,0,0,0,0,0,0,0,0,0,0,0,0,0,0,0,0,0,0,0,0,0,0,0,0,0,0,0,0,0,0,0,0,0,0,0,0,0,0,0,0,0,0,0,0,0,FS,Y,,2022,6,1,4/20/2009,30.68627451,28.33813507,27.86850718,30.68627451,0,0,0,36.7,23.2,52.7,65.7,80.5,96.4,92.6,100.3,99.6,78.3,38.7,11,18.6,23.5,27.5,27.4,28.7,22.4,36.2,47.5,59.1,54.2,32.4,27.5,56.1,44.6,13.3,0,0,0,0,0,0,0,0,0,0,0,0,0,0,0,0,0,0,0,0,0,0,0,0,0,0,0,0,0,0,0,0,0,0,0,0,0,0,0,0,0,0,0,0,0,0,0,0,0,0,0,0,0,0,0,0,0,0,0,0,0,0,0,53,88.2,94.6,75.8,43.1,16.5,18,34.2,25.1,11.9,49,87.6,103.4,90.3,65.4,68.4,93.5,106.6,112.3,102.1,93.4,82.1,68.1,69.6,87.2,99.3,93.4,0,0,0,0,0,0,0,0,0,0,0,0,0,0,0,0,0,0,0,0,0,0,0,0,0,0,0,0,0,0,0,0,0,0,0,0,0,0,0,0,0,0,0,0,0,0,0,0,0,0,0,0,0,0,0,0,0,0,0,0,1294.7,1932.1,47.95185185,71.55925926,115,55,4,4
37,1,A,S,2,90.1,1848,33,6,3,14,83,-123,1.5,0,0,0,90,2206,20,90,58,64.3,72.1,64.4,54,45.2,43.5,49.1,62.9,80.3,89.9,93.2,101.9,99.9,112.6,123.9,108.3,71,52.1,67.6,69.3,57.4,45.6,45.9,51.8,66.6,73.3,71.9,65.2,57.6,54.5,49.3,47.7,48.7,52.9,58.9,64,67.3,63.5,59.4,61.3,63.7,63.1,63.1,67.7,76.6,78.5,68.9,68.4,63.7,55.5,46.2,49.5,63.2,75.7,88.5,91.2,91.9,107,108.6,96.1,72.9,52.6,70.6,78.5,80.7,78.4,78.7,81.6,84.2,81.1,73.6,70.4,62.8,49.7,42.7,46.4,50.5,61.8,61.2,66.2,79.5,86.9,94.7,87.6,77.7,78.1,76.6,69,61.6,115.8,112.7,108.8,114.2,122.9,129.3,128.7,126.3,116.7,106.8,97.7,90.7,86.7,77.1,52.8,53.8,41.1,22.5,60.2,109.4,123.8,129,129.3,131,124.4,114.4,108.8,110.2,115.1,119.5,121.4,125.3,127.8,126.4,122.6,118.8,116,114.2,116.8,119.3,117.9,115.8,115,113.4,106.2,103.2,99,95.1,106.7,116.8,121.7,127.7,132.8,131,123.3,112.1,105,86.6,74.5,70.9,63.5,69.1,91.1,127.4,123,118.7,119.3,122.8,121.4,113.6,101.5,100.4,117.2,125.9,131.1,129.1,128.6,120.8,117.4,104.2,85.4,77.9,82.6,89.9,83.1,83.3,91,104.3,112.2,117.9,TT,Y,,2022,1,1,4/19/2009,20.51054384,25.60678971,24.54632948,30.90909091,0,64.3,72.1,64.4,54,45.2,43.5,49.1,62.9,80.3,89.9,93.2,101.9,99.9,112.6,123.9,108.3,71,52.1,67.6,69.3,57.4,45.6,45.9,51.8,66.6,73.3,71.9,65.2,57.6,54.5,49.3,47.7,48.7,52.9,58.9,64,67.3,63.5,59.4,61.3,63.7,63.1,63.1,67.7,76.6,78.5,68.9,68.4,63.7,55.5,46.2,49.5,63.2,75.7,88.5,91.2,91.9,107,108.6,96.1,72.9,52.6,70.6,78.5,80.7,78.4,78.7,81.6,84.2,81.1,73.6,70.4,62.8,49.7,42.7,46.4,50.5,61.8,61.2,66.2,79.5,86.9,94.7,87.6,77.7,78.1,76.6,69,61.6,0,112.7,108.8,114.2,122.9,129.3,128.7,126.3,116.7,106.8,97.7,90.7,86.7,77.1,52.8,53.8,41.1,22.5,60.2,109.4,123.8,129,129.3,131,124.4,114.4,108.8,110.2,115.1,119.5,121.4,125.3,127.8,126.4,122.6,118.8,116,114.2,116.8,119.3,117.9,115.8,115,113.4,106.2,103.2,99,95.1,106.7,116.8,121.7,127.7,132.8,131,123.3,112.1,105,86.6,74.5,70.9,63.5,69.1,91.1,127.4,123,118.7,119.3,122.8,121.4,113.6,101.5,100.4,117.2,125.9,131.1,129.1,128.6,120.8,117.4,104.2,85.4,77.9,82.6,89.9,83.1,83.3,91,104.3,112.2,117.9,6231.7,9520.9,70.01910112,106.9764045,55,115,2,2
38,1,A,W,2,90.1,2084,18,33,12,14,74,-16,1.5,0,2,0,90,2206,20,90,119,112.9,112,109,97.1,82.7,58.7,57.3,92.7,120.7,118.9,113,107.2,101.2,96.2,90.8,106.3,118,124.6,118.4,115,122.9,115,103.9,84,95,120,101.3,59.7,38.4,36,51.2,47.6,38.7,44.7,51.5,42.6,43.9,64.4,83.3,84.8,88.4,98.2,114,120.2,124,122.7,107.7,96.5,100.3,97.5,91,87.7,84.6,77.4,68.5,61.3,43.4,31.8,49.4,82.6,118.4,124.6,122.7,123.7,125.3,126.2,125.9,125.2,123.8,120.1,114.6,107,97.6,86.9,76.5,67.2,60.1,55.4,49.4,46.9,49.5,57.6,63.7,70.4,80.1,88,92.8,99,103.9,55,54.5,54.3,51.6,30.7,37.5,53.3,38.3,21.3,45.6,59.5,68.2,71.1,82.3,85.8,76.7,72.9,57.6,43.2,32.5,37.3,46.5,40.7,30.5,11.3,34.7,61.6,45.6,30.5,62.4,96.9,126.9,128.1,124.1,122.3,121.9,107.9,86.7,79.1,96.9,100,84.7,75,65,50.4,39.2,41,45.3,74.2,94.6,95.3,104.6,110.7,111.5,114.7,119.2,119,109.4,84.3,44.3,11,36.8,40.8,37.4,44.8,42.4,40.3,39.5,42.4,48.7,56.2,66.5,78.3,89.8,99.9,107.8,114.7,118.5,121.8,125.6,132.7,133,133.3,132.7,129.9,122.8,115,108.3,100.1,90.6,TT,Y,,2022,2,1,4/19/2009,23.12985572,25.60678971,24.54632948,30.90909091,0,0,0,0,97.1,82.7,58.7,57.3,92.7,120.7,118.9,113,107.2,101.2,96.2,90.8,106.3,118,124.6,118.4,115,122.9,115,103.9,84,95,120,101.3,59.7,38.4,36,51.2,47.6,38.7,44.7,51.5,42.6,43.9,64.4,83.3,84.8,88.4,98.2,114,120.2,124,122.7,107.7,96.5,100.3,97.5,91,87.7,84.6,77.4,68.5,61.3,43.4,31.8,49.4,82.6,118.4,124.6,122.7,123.7,125.3,126.2,125.9,125.2,123.8,120.1,114.6,107,97.6,86.9,76.5,67.2,60.1,55.4,49.4,46.9,49.5,57.6,63.7,70.4,80.1,88,92.8,99,103.9,0,0,0,0,30.7,37.5,53.3,38.3,21.3,45.6,59.5,68.2,71.1,82.3,85.8,76.7,72.9,57.6,43.2,32.5,37.3,46.5,40.7,30.5,11.3,34.7,61.6,45.6,30.5,62.4,96.9,126.9,128.1,124.1,122.3,121.9,107.9,86.7,79.1,96.9,100,84.7,75,65,50.4,39.2,41,45.3,74.2,94.6,95.3,104.6,110.7,111.5,114.7,119.2,119,109.4,84.3,44.3,11,36.8,40.8,37.4,44.8,42.4,40.3,39.5,42.4,48.7,56.2,66.5,78.3,89.8,99.9,107.8,114.7,118.5,121.8,125.6,132.7,133,133.3,132.7,129.9,122.8,115,108.3,100.1,90.6,7597.4,6612.4,88.34186047,76.88837209,115,55,5,5
39,1,A,E,2,90.1,2383,33,20,0,17,83,-55,1.5,0,0,0,90,2206,20,90,64.4,56.5,57.8,59.2,64.2,73.2,85.3,89.5,93,109.3,125,120.3,120.3,114.3,104.4,92.8,76,58.3,46.3,45.9,49.7,52.2,68.9,84.4,99.3,109.6,119.2,123.3,123.9,121,112,95.2,78.2,68.1,48.6,34.2,44.6,44.3,48.9,64.6,83.2,92.3,104.9,116.2,119.9,119.1,119.9,123.9,122.7,118.2,111.4,105.3,99.1,88.5,74.7,61.1,53.7,46.8,46.7,45.8,50.4,59.1,65.4,77.3,84.8,87.7,84.1,63.7,34.7,17.7,37.1,56.6,55.8,71.6,96.3,111.3,109.4,106,105.2,106.8,104,89.4,76.4,73.1,67.7,58.7,51.9,46.4,45.6,46.7,118,112.5,125.4,129.6,129.5,123.1,116.1,90.7,59.5,37.3,40.9,34.5,48.4,64.9,81.1,93.8,106.5,119.7,130.2,132.4,132.7,125.5,122.3,116.5,96.4,75.3,54,41.1,39.4,53,70.6,89,106.7,111.5,112.8,118.6,129.4,123.3,105.1,107.9,118.9,106.7,84.3,66,51.6,41.6,34.5,40.2,47.8,59.3,72.6,82.3,87.6,98.5,109.6,118.7,122.5,123.7,132.7,131.3,132.7,134,131.7,125.3,117.7,112.6,112.8,103.1,103,101.5,108.8,120.8,114.5,99,84.6,71.8,54.1,29,23.9,48.2,67.4,78.4,96.3,116.5,124.8,129.8,131.4,131.8,131.7,129.6,TT,Y,,2022,3,1,4/19/2009,26.44839068,25.60678971,24.54632948,30.90909091,0,56.5,57.8,59.2,64.2,73.2,85.3,89.5,93,109.3,125,120.3,120.3,114.3,104.4,92.8,76,58.3,46.3,45.9,49.7,52.2,68.9,84.4,99.3,109.6,119.2,123.3,123.9,121,112,95.2,78.2,68.1,48.6,34.2,44.6,44.3,48.9,64.6,83.2,92.3,104.9,116.2,119.9,119.1,119.9,123.9,122.7,118.2,111.4,105.3,99.1,88.5,74.7,61.1,53.7,46.8,46.7,45.8,50.4,59.1,65.4,77.3,84.8,87.7,84.1,63.7,34.7,17.7,37.1,56.6,55.8,71.6,96.3,111.3,109.4,106,105.2,106.8,104,89.4,76.4,73.1,67.7,58.7,51.9,46.4,45.6,46.7,0,112.5,125.4,129.6,129.5,123.1,116.1,90.7,59.5,37.3,40.9,34.5,48.4,64.9,81.1,93.8,106.5,119.7,130.2,132.4,132.7,125.5,122.3,116.5,96.4,75.3,54,41.1,39.4,53,70.6,89,106.7,111.5,112.8,118.6,129.4,123.3,105.1,107.9,118.9,106.7,84.3,66,51.6,41.6,34.5,40.2,47.8,59.3,72.6,82.3,87.6,98.5,109.6,118.7,122.5,123.7,132.7,131.3,132.7,134,131.7,125.3,117.7,112.6,112.8,103.1,103,101.5,108.8,120.8,114.5,99,84.6,71.8,54.1,29,23.9,48.2,67.4,78.4,96.3,116.5,124.8,129.8,131.4,131.8,131.7,129.6,7176.1,8504.4,80.63033708,95.55505618,55,115,2,2
37,2,A,W,2,47,1316,34,8,20,17,63,88,1.5,1,1,0,90,2206,20,46,116.4,115.6,109.2,96.5,91.1,77.8,66,46.5,39.9,45,47.6,65.9,80.8,93.2,90.2,84.2,83.1,92.5,109.7,105.6,92.9,76.3,60.5,49,44.1,48.5,52.2,52.5,47.3,45.6,65.7,60.5,45.1,49.1,60.2,52.3,45.4,46.1,57.2,68.5,79,81.7,79.2,72.4,54.1,33.2,0,0,0,0,0,0,0,0,0,0,0,0,0,0,0,0,0,0,0,0,0,0,0,0,0,0,0,0,0,0,0,0,0,0,0,0,0,0,0,0,0,0,0,0,56,65.7,68.4,74,87.5,94.7,98.5,97.7,112.9,129.5,130.3,129.6,116.7,99.2,82.9,54.1,14.6,33.5,65.4,79.1,92.8,106.8,118.8,126.6,129.7,133,125.9,106.3,80.5,48.4,25.7,36.8,58.3,94.8,117,120.3,128.2,132.2,134,131.1,124.3,107.9,96.9,88.3,83.9,74.8,0,0,0,0,0,0,0,0,0,0,0,0,0,0,0,0,0,0,0,0,0,0,0,0,0,0,0,0,0,0,0,0,0,0,0,0,0,0,0,0,0,0,0,0,TT,Y,,2022,4,1,4/20/2009,28,25.60678971,24.54632948,30.90909091,0,0,0,0,91.1,77.8,66,46.5,39.9,45,47.6,65.9,80.8,93.2,90.2,84.2,83.1,92.5,109.7,105.6,92.9,76.3,60.5,49,44.1,48.5,52.2,52.5,47.3,45.6,65.7,60.5,45.1,49.1,60.2,52.3,45.4,46.1,57.2,68.5,79,81.7,79.2,72.4,54.1,33.2,0,0,0,0,0,0,0,0,0,0,0,0,0,0,0,0,0,0,0,0,0,0,0,0,0,0,0,0,0,0,0,0,0,0,0,0,0,0,0,0,0,0,0,0,0,0,0,0,87.5,94.7,98.5,97.7,112.9,129.5,130.3,129.6,116.7,99.2,82.9,54.1,14.6,33.5,65.4,79.1,92.8,106.8,118.8,126.6,129.7,133,125.9,106.3,80.5,48.4,25.7,36.8,58.3,94.8,117,120.3,128.2,132.2,134,131.1,124.3,107.9,96.9,88.3,83.9,74.8,0,0,0,0,0,0,0,0,0,0,0,0,0,0,0,0,0,0,0,0,0,0,0,0,0,0,0,0,0,0,0,0,0,0,0,0,0,0,0,0,0,0,0,0,2737.7,4049.5,65.18333333,96.41666667,115,55,5,5
38,2,A,S,2,2.8,69,100,0,40,33,27,12,1.5,1,0,0,90,2206,20,2,50.7,18.9,0,0,0,0,0,0,0,0,0,0,0,0,0,0,0,0,0,0,0,0,0,0,0,0,0,0,0,0,0,0,0,0,0,0,0,0,0,0,0,0,0,0,0,0,0,0,0,0,0,0,0,0,0,0,0,0,0,0,0,0,0,0,0,0,0,0,0,0,0,0,0,0,0,0,0,0,0,0,0,0,0,0,0,0,0,0,0,0,113.1,97.1,0,0,0,0,0,0,0,0,0,0,0,0,0,0,0,0,0,0,0,0,0,0,0,0,0,0,0,0,0,0,0,0,0,0,0,0,0,0,0,0,0,0,0,0,0,0,0,0,0,0,0,0,0,0,0,0,0,0,0,0,0,0,0,0,0,0,0,0,0,0,0,0,0,0,0,0,0,0,0,0,0,0,0,0,0,0,0,0,TT,Y,,2022,5,1,4/20/2009,24.64285714,25.60678971,24.54632948,30.90909091,0,18.9,0,0,0,0,0,0,0,0,0,0,0,0,0,0,0,0,0,0,0,0,0,0,0,0,0,0,0,0,0,0,0,0,0,0,0,0,0,0,0,0,0,0,0,0,0,0,0,0,0,0,0,0,0,0,0,0,0,0,0,0,0,0,0,0,0,0,0,0,0,0,0,0,0,0,0,0,0,0,0,0,0,0,0,0,0,0,0,0,0,97.1,0,0,0,0,0,0,0,0,0,0,0,0,0,0,0,0,0,0,0,0,0,0,0,0,0,0,0,0,0,0,0,0,0,0,0,0,0,0,0,0,0,0,0,0,0,0,0,0,0,0,0,0,0,0,0,0,0,0,0,0,0,0,0,0,0,0,0,0,0,0,0,0,0,0,0,0,0,0,0,0,0,0,0,0,0,0,0,0,18.9,97.1,18.9,97.1,55,115,2,2
39,2,A,N,2,30.8,952,8,48,31,53,16,39,1.5,0,2,0,90,2206,20,30,108.9,99,109.7,101.4,74.1,42.6,21.8,40.3,47.1,69.1,93.7,97.2,94.4,106,100.6,82.3,66,81,105.4,114.9,95.5,82.1,101.7,122.6,122.4,100.3,75.1,64.9,81.9,95.6,0,0,0,0,0,0,0,0,0,0,0,0,0,0,0,0,0,0,0,0,0,0,0,0,0,0,0,0,0,0,0,0,0,0,0,0,0,0,0,0,0,0,0,0,0,0,0,0,0,0,0,0,0,0,0,0,0,0,0,0,53.5,25.6,28,25.6,18.1,47.2,86.6,113.4,94.7,72.5,56.7,37.6,12.2,39.2,54.4,62.5,53.1,25.9,36,58.6,47.3,15.7,18.4,36.3,39.1,38.8,52.3,63.4,62.8,78.8,0,0,0,0,0,0,0,0,0,0,0,0,0,0,0,0,0,0,0,0,0,0,0,0,0,0,0,0,0,0,0,0,0,0,0,0,0,0,0,0,0,0,0,0,0,0,0,0,0,0,0,0,0,0,0,0,0,0,0,0,FS,Y,,2022,6,1,4/20/2009,30.90909091,25.60678971,24.54632948,30.90909091,0,0,0,101.4,74.1,42.6,21.8,40.3,47.1,69.1,93.7,97.2,94.4,106,100.6,82.3,66,81,105.4,114.9,95.5,82.1,101.7,122.6,122.4,100.3,75.1,64.9,81.9,95.6,0,0,0,0,0,0,0,0,0,0,0,0,0,0,0,0,0,0,0,0,0,0,0,0,0,0,0,0,0,0,0,0,0,0,0,0,0,0,0,0,0,0,0,0,0,0,0,0,0,0,0,0,0,0,0,0,0,0,0,0,0,0,0,25.6,18.1,47.2,86.6,113.4,94.7,72.5,56.7,37.6,12.2,39.2,54.4,62.5,53.1,25.9,36,58.6,47.3,15.7,18.4,36.3,39.1,38.8,52.3,63.4,62.8,78.8,0,0,0,0,0,0,0,0,0,0,0,0,0,0,0,0,0,0,0,0,0,0,0,0,0,0,0,0,0,0,0,0,0,0,0,0,0,0,0,0,0,0,0,0,0,0,0,0,0,0,0,0,0,0,0,0,0,0,0,0,2280,1347.2,84.44444444,49.8962963,115,55,4,4
40,1,A,S,2,90.1,1851,12,19,2,21,77,-140,1.5,0,0,0,90,2206,21,90,54.2,52.6,73.8,84.5,103.8,102.3,105.8,99.3,96.3,105,115.7,121.8,123.5,122.4,116.5,97.2,65.5,34.2,30.1,51.2,53.3,78.3,92.4,101.5,109,113.5,111.6,105.7,95.3,83,73.7,60.1,51.9,66.9,99,116.6,120.3,123.2,123.4,120.6,114.8,116.9,110.8,95,77.2,79.7,69.6,51.5,46.7,35.3,30.5,64.8,83.9,99.3,108,116.7,120.9,119.1,120.5,119,117.1,111.2,106.6,104.6,90.2,79,83.9,82.3,71.8,57.2,54.7,58.9,54.5,66.3,77.7,74.3,74.1,96.8,109.3,116.8,117.9,114.9,108.3,111.7,115.4,115.4,123.3,117.9,113.1,118.1,105.8,107.1,109.3,99.1,87.9,78,78.5,80.8,87.9,86,73.9,62.1,53.9,42.6,34.5,25.3,30.6,59.6,99.2,120.7,118.1,109.5,97.9,90,80.9,74.9,71.7,77,91.1,102,107.4,109.1,95.7,77.2,67,67.2,58.9,49.5,39.1,34.1,37.9,59.1,55.6,58.7,84.7,116.8,115,121.2,126,118.3,101.6,107.4,104.5,93.9,82.2,69.5,62.7,61.5,62.5,62.8,64,65.8,75.7,78.8,75.4,86.3,100.8,102.2,99.1,96.7,108.3,118.6,107.4,106.8,105.3,100.2,88.9,81.8,75.9,69,63.5,62.5,57.9,59.6,61.6,54.6,50.4,42.7,36.7,37.3,TT,Y,,2022,1,1,4/19/2009,20.54384018,25.17217717,24.56259965,28.22006472,0,52.6,73.8,84.5,103.8,102.3,105.8,99.3,96.3,105,115.7,121.8,123.5,122.4,116.5,97.2,65.5,34.2,30.1,51.2,53.3,78.3,92.4,101.5,109,113.5,111.6,105.7,95.3,83,73.7,60.1,51.9,66.9,99,116.6,120.3,123.2,123.4,120.6,114.8,116.9,110.8,95,77.2,79.7,69.6,51.5,46.7,35.3,30.5,64.8,83.9,99.3,108,116.7,120.9,119.1,120.5,119,117.1,111.2,106.6,104.6,90.2,79,83.9,82.3,71.8,57.2,54.7,58.9,54.5,66.3,77.7,74.3,74.1,96.8,109.3,116.8,117.9,114.9,108.3,111.7,115.4,115.4,123.3,117.9,113.1,118.1,0,107.1,109.3,99.1,87.9,78,78.5,80.8,87.9,86,73.9,62.1,53.9,42.6,34.5,25.3,30.6,59.6,99.2,120.7,118.1,109.5,97.9,90,80.9,74.9,71.7,77,91.1,102,107.4,109.1,95.7,77.2,67,67.2,58.9,49.5,39.1,34.1,37.9,59.1,55.6,58.7,84.7,116.8,115,121.2,126,118.3,101.6,107.4,104.5,93.9,82.2,69.5,62.7,61.5,62.5,62.8,64,65.8,75.7,78.8,75.4,86.3,100.8,102.2,99.1,96.7,108.3,118.6,107.4,106.8,105.3,100.2,88.9,81.8,75.9,69,63.5,62.5,57.9,59.6,61.6,54.6,50.4,42.7,36.7,37.3,8224.3,7071,92.40786517,79.4494382,55,115,2,2
41,1,A,W,2,45.9,1393,22,33,27,42,31,29,1.5,3,2,0,90,2206,21,45,119.2,106.1,86,78.5,67.2,42.4,33,66.9,96.6,104.2,115.7,117.4,118.3,122.8,112.6,100.4,101,92.9,68.8,42,42.3,43.4,34.5,18.6,31.5,70.6,99.9,104.9,106.5,106.3,92.4,66.2,41.2,49.4,64.9,64,74.6,89.2,87.4,92.7,98.6,83.2,50.3,32.1,19.4,0,0,0,0,0,0,0,0,0,0,0,0,0,0,0,0,0,0,0,0,0,0,0,0,0,0,0,0,0,0,0,0,0,0,0,0,0,0,0,0,0,0,0,0,0,50.3,48.4,65.9,99.8,97.5,75.8,59.1,69.3,84.3,76.2,57.2,46.8,35.1,38.3,34.1,53.7,83.7,86.3,94.4,112.7,128.4,129.6,120.6,102.9,78.5,65.8,65.1,48.3,25,24.9,26.8,44.5,84.2,117.8,126.1,110.6,86.9,62.7,34.8,13.2,12,5.8,42,83.5,95.6,0,0,0,0,0,0,0,0,0,0,0,0,0,0,0,0,0,0,0,0,0,0,0,0,0,0,0,0,0,0,0,0,0,0,0,0,0,0,0,0,0,0,0,0,0,TT,Y,,2022,2,1,4/19/2009,30.34858388,25.17217717,24.56259965,28.22006472,0,0,0,0,67.2,42.4,33,66.9,96.6,104.2,115.7,117.4,118.3,122.8,112.6,100.4,101,92.9,68.8,42,42.3,43.4,34.5,18.6,31.5,70.6,99.9,104.9,106.5,106.3,92.4,66.2,41.2,49.4,64.9,64,74.6,89.2,87.4,92.7,98.6,83.2,50.3,32.1,19.4,0,0,0,0,0,0,0,0,0,0,0,0,0,0,0,0,0,0,0,0,0,0,0,0,0,0,0,0,0,0,0,0,0,0,0,0,0,0,0,0,0,0,0,0,0,0,0,0,0,97.5,75.8,59.1,69.3,84.3,76.2,57.2,46.8,35.1,38.3,34.1,53.7,83.7,86.3,94.4,112.7,128.4,129.6,120.6,102.9,78.5,65.8,65.1,48.3,25,24.9,26.8,44.5,84.2,117.8,126.1,110.6,86.9,62.7,34.8,13.2,12,5.8,42,83.5,95.6,0,0,0,0,0,0,0,0,0,0,0,0,0,0,0,0,0,0,0,0,0,0,0,0,0,0,0,0,0,0,0,0,0,0,0,0,0,0,0,0,0,0,0,0,0,3066.3,2840.1,74.78780488,69.27073171,115,55,5,5
42,1,A,E,2,17.2,433,26,4,27,63,10,-10,1.5,2,0,0,90,2206,21,17,61.9,54,60.9,74,86.3,73.5,56.6,56,47.4,31.8,40.1,74.6,90.2,76.3,45,13.1,7.6,0,0,0,0,0,0,0,0,0,0,0,0,0,0,0,0,0,0,0,0,0,0,0,0,0,0,0,0,0,0,0,0,0,0,0,0,0,0,0,0,0,0,0,0,0,0,0,0,0,0,0,0,0,0,0,0,0,0,0,0,0,0,0,0,0,0,0,0,0,0,0,0,0,121.6,107.1,94.7,83.3,88.5,88.6,96.6,111.6,101,76.2,50.9,54.7,71,74.6,81.6,94.3,92.2,0,0,0,0,0,0,0,0,0,0,0,0,0,0,0,0,0,0,0,0,0,0,0,0,0,0,0,0,0,0,0,0,0,0,0,0,0,0,0,0,0,0,0,0,0,0,0,0,0,0,0,0,0,0,0,0,0,0,0,0,0,0,0,0,0,0,0,0,0,0,0,0,0,TT,Y,,2022,3,1,4/19/2009,25.1744186,25.17217717,24.56259965,28.22006472,0,54,60.9,74,86.3,73.5,56.6,56,47.4,31.8,40.1,74.6,90.2,76.3,45,13.1,7.6,0,0,0,0,0,0,0,0,0,0,0,0,0,0,0,0,0,0,0,0,0,0,0,0,0,0,0,0,0,0,0,0,0,0,0,0,0,0,0,0,0,0,0,0,0,0,0,0,0,0,0,0,0,0,0,0,0,0,0,0,0,0,0,0,0,0,0,0,0,0,0,0,0,0,107.1,94.7,83.3,88.5,88.6,96.6,111.6,101,76.2,50.9,54.7,71,74.6,81.6,94.3,92.2,0,0,0,0,0,0,0,0,0,0,0,0,0,0,0,0,0,0,0,0,0,0,0,0,0,0,0,0,0,0,0,0,0,0,0,0,0,0,0,0,0,0,0,0,0,0,0,0,0,0,0,0,0,0,0,0,0,0,0,0,0,0,0,0,0,0,0,0,0,0,0,0,0,887.4,1366.9,55.4625,85.43125,55,115,2,2
40,2,A,W,2,57.9,1144,11,33,23,31,46,48,1.5,2,0,0,90,2206,21,57,116,112.6,112.4,108.9,84.9,73.1,80.9,88.4,85.4,65.4,77.7,86.5,101.3,108.3,109,111.9,117.4,107.8,96.9,94.8,93.5,88.7,83.4,84.5,87.8,89.4,93.2,99.5,99.8,102.6,115.9,122.4,122.7,123,123.9,122,123.7,118.6,125.4,117.4,107,92.4,73.5,57.8,47.5,49.6,40.3,35,35.9,43.9,64,69.7,57.1,49.5,60.4,53.6,29.8,0,0,0,0,0,0,0,0,0,0,0,0,0,0,0,0,0,0,0,0,0,0,0,0,0,0,0,0,0,0,0,0,0,49,41.8,44,52.3,45.7,38.4,26,28,45.5,57.5,64.4,48.2,40.3,47.4,61,69.1,69,63.2,68.9,84.6,85.1,82.6,79.1,82.4,89.6,92.5,83.7,83.9,75.4,58.6,53,55.7,58.2,57.9,56.6,53,51.9,40.2,41.9,32.4,23.5,31.2,57.3,89.8,113.8,128,122,120.6,111.1,93.3,68.9,50,37.8,45.5,62.6,78.7,88.9,0,0,0,0,0,0,0,0,0,0,0,0,0,0,0,0,0,0,0,0,0,0,0,0,0,0,0,0,0,0,0,0,0,TT,Y,,2022,4,1,4/20/2009,19.7582038,25.17217717,24.56259965,28.22006472,0,0,0,0,84.9,73.1,80.9,88.4,85.4,65.4,77.7,86.5,101.3,108.3,109,111.9,117.4,107.8,96.9,94.8,93.5,88.7,83.4,84.5,87.8,89.4,93.2,99.5,99.8,102.6,115.9,122.4,122.7,123,123.9,122,123.7,118.6,125.4,117.4,107,92.4,73.5,57.8,47.5,49.6,40.3,35,35.9,43.9,64,69.7,57.1,49.5,60.4,53.6,29.8,0,0,0,0,0,0,0,0,0,0,0,0,0,0,0,0,0,0,0,0,0,0,0,0,0,0,0,0,0,0,0,0,0,0,0,0,0,45.7,38.4,26,28,45.5,57.5,64.4,48.2,40.3,47.4,61,69.1,69,63.2,68.9,84.6,85.1,82.6,79.1,82.4,89.6,92.5,83.7,83.9,75.4,58.6,53,55.7,58.2,57.9,56.6,53,51.9,40.2,41.9,32.4,23.5,31.2,57.3,89.8,113.8,128,122,120.6,111.1,93.3,68.9,50,37.8,45.5,62.6,78.7,88.9,0,0,0,0,0,0,0,0,0,0,0,0,0,0,0,0,0,0,0,0,0,0,0,0,0,0,0,0,0,0,0,0,0,4594.1,3493.9,86.68113208,65.92264151,115,55,5,5
41,2,A,S,2,16.6,448,18,20,52,33,15,-80,1.5,1,0,0,90,2206,21,16,58.2,57.3,67.9,88.3,91.8,76.1,71.1,87.1,101.4,89.9,60,23.4,25,50.9,39.4,22.6,0,0,0,0,0,0,0,0,0,0,0,0,0,0,0,0,0,0,0,0,0,0,0,0,0,0,0,0,0,0,0,0,0,0,0,0,0,0,0,0,0,0,0,0,0,0,0,0,0,0,0,0,0,0,0,0,0,0,0,0,0,0,0,0,0,0,0,0,0,0,0,0,0,0,109,95.2,87.4,87.1,85.4,61,24.4,22.1,46.4,58.3,70.9,74.8,80.9,73.1,66.3,75.1,0,0,0,0,0,0,0,0,0,0,0,0,0,0,0,0,0,0,0,0,0,0,0,0,0,0,0,0,0,0,0,0,0,0,0,0,0,0,0,0,0,0,0,0,0,0,0,0,0,0,0,0,0,0,0,0,0,0,0,0,0,0,0,0,0,0,0,0,0,0,0,0,0,0,TT,Y,,2022,5,1,4/20/2009,26.98795181,25.17217717,24.56259965,28.22006472,0,57.3,67.9,88.3,91.8,76.1,71.1,87.1,101.4,89.9,60,23.4,25,50.9,39.4,22.6,0,0,0,0,0,0,0,0,0,0,0,0,0,0,0,0,0,0,0,0,0,0,0,0,0,0,0,0,0,0,0,0,0,0,0,0,0,0,0,0,0,0,0,0,0,0,0,0,0,0,0,0,0,0,0,0,0,0,0,0,0,0,0,0,0,0,0,0,0,0,0,0,0,0,0,95.2,87.4,87.1,85.4,61,24.4,22.1,46.4,58.3,70.9,74.8,80.9,73.1,66.3,75.1,0,0,0,0,0,0,0,0,0,0,0,0,0,0,0,0,0,0,0,0,0,0,0,0,0,0,0,0,0,0,0,0,0,0,0,0,0,0,0,0,0,0,0,0,0,0,0,0,0,0,0,0,0,0,0,0,0,0,0,0,0,0,0,0,0,0,0,0,0,0,0,0,0,0,952.2,1008.4,63.48,67.22666667,55,115,2,2
42,2,A,N,2,30.9,872,38,5,50,37,13,-10,1.5,2,0,0,90,2206,21,30,105.9,75.3,42.6,11,30.3,55.4,55.3,53,57,56.8,56.8,49.1,32.5,15.1,30.5,42.4,63.8,75.7,71.5,64.1,41.4,19.8,44.4,63.9,69.9,54.1,25.3,14.1,21.7,32.4,0,0,0,0,0,0,0,0,0,0,0,0,0,0,0,0,0,0,0,0,0,0,0,0,0,0,0,0,0,0,0,0,0,0,0,0,0,0,0,0,0,0,0,0,0,0,0,0,0,0,0,0,0,0,0,0,0,0,0,0,58.3,50.2,61,84.6,102.7,115.5,110.7,88.4,58.2,33.1,44.4,71,91.5,98,110.9,105.4,107.7,117.5,99.6,81.4,66.7,75.3,92.7,88.9,70.4,58.8,72.1,98.8,94.5,69.9,0,0,0,0,0,0,0,0,0,0,0,0,0,0,0,0,0,0,0,0,0,0,0,0,0,0,0,0,0,0,0,0,0,0,0,0,0,0,0,0,0,0,0,0,0,0,0,0,0,0,0,0,0,0,0,0,0,0,0,0,FS,Y,,2022,6,1,4/20/2009,28.22006472,25.17217717,24.56259965,28.22006472,0,0,0,11,30.3,55.4,55.3,53,57,56.8,56.8,49.1,32.5,15.1,30.5,42.4,63.8,75.7,71.5,64.1,41.4,19.8,44.4,63.9,69.9,54.1,25.3,14.1,21.7,32.4,0,0,0,0,0,0,0,0,0,0,0,0,0,0,0,0,0,0,0,0,0,0,0,0,0,0,0,0,0,0,0,0,0,0,0,0,0,0,0,0,0,0,0,0,0,0,0,0,0,0,0,0,0,0,0,0,0,0,0,0,0,0,0,84.6,102.7,115.5,110.7,88.4,58.2,33.1,44.4,71,91.5,98,110.9,105.4,107.7,117.5,99.6,81.4,66.7,75.3,92.7,88.9,70.4,58.8,72.1,98.8,94.5,69.9,0,0,0,0,0,0,0,0,0,0,0,0,0,0,0,0,0,0,0,0,0,0,0,0,0,0,0,0,0,0,0,0,0,0,0,0,0,0,0,0,0,0,0,0,0,0,0,0,0,0,0,0,0,0,0,0,0,0,0,0,1207.3,2308.7,44.71481481,85.50740741,115,55,4,4
10,3,A,W,2,17.1,473,10,32,37,48,15,0,1.5,1,0,0,90,2206,10,17,107.3,83.5,67.4,46.6,31.4,47.1,69.6,81.2,84.7,96.9,103.5,109.7,117,108.8,90.7,58,16.7,0,0,0,0,0,0,0,0,0,0,0,0,0,0,0,0,0,0,0,0,0,0,0,0,0,0,0,0,0,0,0,0,0,0,0,0,0,0,0,0,0,0,0,0,0,0,0,0,0,0,0,0,0,0,0,0,0,0,0,0,0,0,0,0,0,0,0,0,0,0,0,0,0,46,34.6,31.5,46.6,74.3,85.6,98.9,84.7,56.6,28.8,20.4,45.6,59.8,55.6,60,61.2,77.4,0,0,0,0,0,0,0,0,0,0,0,0,0,0,0,0,0,0,0,0,0,0,0,0,0,0,0,0,0,0,0,0,0,0,0,0,0,0,0,0,0,0,0,0,0,0,0,0,0,0,0,0,0,0,0,0,0,0,0,0,0,0,0,0,0,0,0,0,0,0,0,0,0,TT,Y,,2022,1,2,4/21/2009,27.66081871,24.40555589,25.00095278,21.42857143,0,0,0,0,31.4,47.1,69.6,81.2,84.7,96.9,103.5,109.7,117,108.8,90.7,58,16.7,0,0,0,0,0,0,0,0,0,0,0,0,0,0,0,0,0,0,0,0,0,0,0,0,0,0,0,0,0,0,0,0,0,0,0,0,0,0,0,0,0,0,0,0,0,0,0,0,0,0,0,0,0,0,0,0,0,0,0,0,0,0,0,0,0,0,0,0,0,0,0,0,0,0,0,0,0,74.3,85.6,98.9,84.7,56.6,28.8,20.4,45.6,59.8,55.6,60,61.2,77.4,0,0,0,0,0,0,0,0,0,0,0,0,0,0,0,0,0,0,0,0,0,0,0,0,0,0,0,0,0,0,0,0,0,0,0,0,0,0,0,0,0,0,0,0,0,0,0,0,0,0,0,0,0,0,0,0,0,0,0,0,0,0,0,0,0,0,0,0,0,0,0,0,0,1015.3,808.9,78.1,62.22307692,115,55,5,5
11,3,A,E,2,46.4,1228,40,15,36,42,22,52,1.5,1,0,0,90,2206,10,46,64,53.7,43.5,33.5,61.2,92.5,108.9,107.2,91.3,59.7,33.3,37.7,51,60,58.2,38.7,26.9,29.3,34.7,51.1,67.6,74.3,88.1,94.8,99.3,98.6,102.1,103.4,91.8,77.8,58.4,60.2,52.4,32.4,34.9,53,50.7,46.5,38,22.1,19,29.2,34.1,34.3,44.9,22,0,0,0,0,0,0,0,0,0,0,0,0,0,0,0,0,0,0,0,0,0,0,0,0,0,0,0,0,0,0,0,0,0,0,0,0,0,0,0,0,0,0,0,0,115.8,90.1,76.3,56.8,56.6,66.2,63.7,47.9,28.1,29.8,61.3,84.9,81.2,75.7,63.5,52.3,76.7,96.9,108.6,113.9,110.5,88.4,67.4,52,36,15.9,25.7,44.5,61,79.3,95.6,121.3,124.7,117,111.9,121.7,108.3,73.6,56.5,65.9,77.5,84.6,99.6,115,129.5,107.9,0,0,0,0,0,0,0,0,0,0,0,0,0,0,0,0,0,0,0,0,0,0,0,0,0,0,0,0,0,0,0,0,0,0,0,0,0,0,0,0,0,0,0,0,TT,Y,,2022,2,2,4/21/2009,26.46551724,24.40555589,25.00095278,21.42857143,0,53.7,43.5,33.5,61.2,92.5,108.9,107.2,91.3,59.7,33.3,37.7,51,60,58.2,38.7,26.9,29.3,34.7,51.1,67.6,74.3,88.1,94.8,99.3,98.6,102.1,103.4,91.8,77.8,58.4,60.2,52.4,32.4,34.9,53,50.7,46.5,38,22.1,19,29.2,34.1,34.3,44.9,22,0,0,0,0,0,0,0,0,0,0,0,0,0,0,0,0,0,0,0,0,0,0,0,0,0,0,0,0,0,0,0,0,0,0,0,0,0,0,0,0,0,0,0,0,0,90.1,76.3,56.8,56.6,66.2,63.7,47.9,28.1,29.8,61.3,84.9,81.2,75.7,63.5,52.3,76.7,96.9,108.6,113.9,110.5,88.4,67.4,52,36,15.9,25.7,44.5,61,79.3,95.6,121.3,124.7,117,111.9,121.7,108.3,73.6,56.5,65.9,77.5,84.6,99.6,115,129.5,107.9,0,0,0,0,0,0,0,0,0,0,0,0,0,0,0,0,0,0,0,0,0,0,0,0,0,0,0,0,0,0,0,0,0,0,0,0,0,0,0,0,0,0,0,0,2602.3,3521.8,57.82888889,78.26222222,55,115,2,2
12,3,A,S,2,13.3,307,46,20,57,25,18,-47,1.5,2,1,0,90,2206,10,13,56,45.1,47.1,65.5,76.4,67.1,47.5,27.6,25.3,35.5,49.2,38.6,9.9,0,0,0,0,0,0,0,0,0,0,0,0,0,0,0,0,0,0,0,0,0,0,0,0,0,0,0,0,0,0,0,0,0,0,0,0,0,0,0,0,0,0,0,0,0,0,0,0,0,0,0,0,0,0,0,0,0,0,0,0,0,0,0,0,0,0,0,0,0,0,0,0,0,0,0,0,0,109.8,90.2,64.7,36.9,13.3,25.1,51.2,79,95.4,106.7,123.4,120.4,96.4,0,0,0,0,0,0,0,0,0,0,0,0,0,0,0,0,0,0,0,0,0,0,0,0,0,0,0,0,0,0,0,0,0,0,0,0,0,0,0,0,0,0,0,0,0,0,0,0,0,0,0,0,0,0,0,0,0,0,0,0,0,0,0,0,0,0,0,0,0,0,0,0,0,0,0,0,0,TT,Y,,2022,3,2,4/21/2009,23.08270677,24.40555589,25.00095278,21.42857143,0,45.1,47.1,65.5,76.4,67.1,47.5,27.6,25.3,35.5,49.2,38.6,9.9,0,0,0,0,0,0,0,0,0,0,0,0,0,0,0,0,0,0,0,0,0,0,0,0,0,0,0,0,0,0,0,0,0,0,0,0,0,0,0,0,0,0,0,0,0,0,0,0,0,0,0,0,0,0,0,0,0,0,0,0,0,0,0,0,0,0,0,0,0,0,0,0,0,0,0,0,0,0,90.2,64.7,36.9,13.3,25.1,51.2,79,95.4,106.7,123.4,120.4,96.4,0,0,0,0,0,0,0,0,0,0,0,0,0,0,0,0,0,0,0,0,0,0,0,0,0,0,0,0,0,0,0,0,0,0,0,0,0,0,0,0,0,0,0,0,0,0,0,0,0,0,0,0,0,0,0,0,0,0,0,0,0,0,0,0,0,0,0,0,0,0,0,0,0,0,0,0,0,534.8,902.7,44.56666667,75.225,55,115,2,2
10,4,A,E,2,34.5,948,40,24,43,38,19,9,1.5,0,0,0,90,2206,10,34,65.8,52.3,31,40.2,62.8,75.4,60.4,40.1,31.8,20.5,30.6,45.7,60.8,68,80.9,103.4,123.7,119.3,105.9,78.6,48.2,22.6,38.6,56.4,56.1,54.4,65.1,65.3,54,24.8,21.2,49.6,47.8,23.1,0,0,0,0,0,0,0,0,0,0,0,0,0,0,0,0,0,0,0,0,0,0,0,0,0,0,0,0,0,0,0,0,0,0,0,0,0,0,0,0,0,0,0,0,0,0,0,0,0,0,0,0,0,0,0,0,120.8,105.7,78.4,48.4,42.9,53.1,68.3,87.1,102.2,105.6,110.9,105.7,94.9,73.7,44.6,30.5,42.9,42,40.4,35.3,39.9,74.7,105.4,118.3,105.2,79,47.6,27.8,32.8,63.6,98.4,127.1,127.4,107.9,0,0,0,0,0,0,0,0,0,0,0,0,0,0,0,0,0,0,0,0,0,0,0,0,0,0,0,0,0,0,0,0,0,0,0,0,0,0,0,0,0,0,0,0,0,0,0,0,0,0,0,0,0,0,0,0,TT,Y,,2022,4,2,4/22/2009,27.47826087,24.40555589,25.00095278,21.42857143,0,52.3,31,40.2,62.8,75.4,60.4,40.1,31.8,20.5,30.6,45.7,60.8,68,80.9,103.4,123.7,119.3,105.9,78.6,48.2,22.6,38.6,56.4,56.1,54.4,65.1,65.3,54,24.8,21.2,49.6,47.8,23.1,0,0,0,0,0,0,0,0,0,0,0,0,0,0,0,0,0,0,0,0,0,0,0,0,0,0,0,0,0,0,0,0,0,0,0,0,0,0,0,0,0,0,0,0,0,0,0,0,0,0,0,0,0,0,0,0,0,105.7,78.4,48.4,42.9,53.1,68.3,87.1,102.2,105.6,110.9,105.7,94.9,73.7,44.6,30.5,42.9,42,40.4,35.3,39.9,74.7,105.4,118.3,105.2,79,47.6,27.8,32.8,63.6,98.4,127.1,127.4,107.9,0,0,0,0,0,0,0,0,0,0,0,0,0,0,0,0,0,0,0,0,0,0,0,0,0,0,0,0,0,0,0,0,0,0,0,0,0,0,0,0,0,0,0,0,0,0,0,0,0,0,0,0,0,0,0,0,1858.6,2467.7,56.32121212,74.77878788,55,115,2,2
11,4,A,W,2,6.3,128,27,38,66,22,12,-13,1.5,4,0,0,90,2206,10,6,115.3,100.5,80.8,58.3,32.1,9.8,0,0,0,0,0,0,0,0,0,0,0,0,0,0,0,0,0,0,0,0,0,0,0,0,0,0,0,0,0,0,0,0,0,0,0,0,0,0,0,0,0,0,0,0,0,0,0,0,0,0,0,0,0,0,0,0,0,0,0,0,0,0,0,0,0,0,0,0,0,0,0,0,0,0,0,0,0,0,0,0,0,0,0,0,47,35,32.6,46.5,65,80.9,0,0,0,0,0,0,0,0,0,0,0,0,0,0,0,0,0,0,0,0,0,0,0,0,0,0,0,0,0,0,0,0,0,0,0,0,0,0,0,0,0,0,0,0,0,0,0,0,0,0,0,0,0,0,0,0,0,0,0,0,0,0,0,0,0,0,0,0,0,0,0,0,0,0,0,0,0,0,0,0,0,0,0,0,TT,Y,,2022,5,2,4/22/2009,20.31746032,24.40555589,25.00095278,21.42857143,0,0,0,0,32.1,9.8,0,0,0,0,0,0,0,0,0,0,0,0,0,0,0,0,0,0,0,0,0,0,0,0,0,0,0,0,0,0,0,0,0,0,0,0,0,0,0,0,0,0,0,0,0,0,0,0,0,0,0,0,0,0,0,0,0,0,0,0,0,0,0,0,0,0,0,0,0,0,0,0,0,0,0,0,0,0,0,0,0,0,0,0,0,0,0,0,65,80.9,0,0,0,0,0,0,0,0,0,0,0,0,0,0,0,0,0,0,0,0,0,0,0,0,0,0,0,0,0,0,0,0,0,0,0,0,0,0,0,0,0,0,0,0,0,0,0,0,0,0,0,0,0,0,0,0,0,0,0,0,0,0,0,0,0,0,0,0,0,0,0,0,0,0,0,0,0,0,0,0,0,0,0,0,41.9,145.9,20.95,72.95,115,55,5,5
12,4,A,N,2,30.8,660,52,3,74,15,11,-2,1.5,5,0,0,90,2206,10,30,105.3,85.2,61.3,37.1,17.6,11.6,32.3,50.8,46.1,29.4,15,6.6,6.9,8.5,7.4,26.6,39.8,65.4,89,83.8,63.2,47.5,43.8,33.1,25.9,41.7,36.2,16.4,15.6,21.5,0,0,0,0,0,0,0,0,0,0,0,0,0,0,0,0,0,0,0,0,0,0,0,0,0,0,0,0,0,0,0,0,0,0,0,0,0,0,0,0,0,0,0,0,0,0,0,0,0,0,0,0,0,0,0,0,0,0,0,0,57.3,49.9,49.8,59.3,72.2,77.6,67.6,47.6,43.8,58.2,72.5,81.5,90.3,91.6,81.4,69.1,71.7,85,95.2,71.5,49.2,41.6,47.8,67.1,93.4,122.3,122.1,102.3,88,81.9,0,0,0,0,0,0,0,0,0,0,0,0,0,0,0,0,0,0,0,0,0,0,0,0,0,0,0,0,0,0,0,0,0,0,0,0,0,0,0,0,0,0,0,0,0,0,0,0,0,0,0,0,0,0,0,0,0,0,0,0,FS,Y,,2022,6,2,4/22/2009,21.42857143,24.40555589,25.00095278,21.42857143,0,0,0,0,17.6,11.6,32.3,50.8,46.1,29.4,15,6.6,6.9,8.5,7.4,26.6,39.8,65.4,89,83.8,63.2,47.5,43.8,33.1,25.9,41.7,36.2,16.4,15.6,21.5,0,0,0,0,0,0,0,0,0,0,0,0,0,0,0,0,0,0,0,0,0,0,0,0,0,0,0,0,0,0,0,0,0,0,0,0,0,0,0,0,0,0,0,0,0,0,0,0,0,0,0,0,0,0,0,0,0,0,0,0,0,0,0,0,72.2,77.6,67.6,47.6,43.8,58.2,72.5,81.5,90.3,91.6,81.4,69.1,71.7,85,95.2,71.5,49.2,41.6,47.8,67.1,93.4,122.3,122.1,102.3,88,81.9,0,0,0,0,0,0,0,0,0,0,0,0,0,0,0,0,0,0,0,0,0,0,0,0,0,0,0,0,0,0,0,0,0,0,0,0,0,0,0,0,0,0,0,0,0,0,0,0,0,0,0,0,0,0,0,0,0,0,0,0,881.7,1992.5,33.91153846,76.63461538,115,55,5,5
25,3,A,W,2,9.4,146,23,26,76,13,11,1,1.5,1,0,0,90,2206,16,9,115.6,99.7,86.4,80.2,70.6,57.4,42.1,21.3,9,0,0,0,0,0,0,0,0,0,0,0,0,0,0,0,0,0,0,0,0,0,0,0,0,0,0,0,0,0,0,0,0,0,0,0,0,0,0,0,0,0,0,0,0,0,0,0,0,0,0,0,0,0,0,0,0,0,0,0,0,0,0,0,0,0,0,0,0,0,0,0,0,0,0,0,0,0,0,0,0,0,51.4,39.9,31.9,30.4,37.8,42.9,53.9,71.4,85.6,0,0,0,0,0,0,0,0,0,0,0,0,0,0,0,0,0,0,0,0,0,0,0,0,0,0,0,0,0,0,0,0,0,0,0,0,0,0,0,0,0,0,0,0,0,0,0,0,0,0,0,0,0,0,0,0,0,0,0,0,0,0,0,0,0,0,0,0,0,0,0,0,0,0,0,0,0,0,0,0,0,TT,Y,,2022,1,2,4/21/2009,15.53191489,21.96763479,21.75077214,23.05194805,0,0,0,0,70.6,57.4,42.1,21.3,9,0,0,0,0,0,0,0,0,0,0,0,0,0,0,0,0,0,0,0,0,0,0,0,0,0,0,0,0,0,0,0,0,0,0,0,0,0,0,0,0,0,0,0,0,0,0,0,0,0,0,0,0,0,0,0,0,0,0,0,0,0,0,0,0,0,0,0,0,0,0,0,0,0,0,0,0,0,0,0,0,0,0,0,0,0,37.8,42.9,53.9,71.4,85.6,0,0,0,0,0,0,0,0,0,0,0,0,0,0,0,0,0,0,0,0,0,0,0,0,0,0,0,0,0,0,0,0,0,0,0,0,0,0,0,0,0,0,0,0,0,0,0,0,0,0,0,0,0,0,0,0,0,0,0,0,0,0,0,0,0,0,0,0,0,0,0,0,0,0,0,0,0,0,0,0,0,200.4,291.6,40.08,58.32,115,55,5,5
26,3,A,E,2,25.6,666,25,14,43,49,8,31,1.5,2,0,0,90,2206,16,25,66.5,68.1,66.7,61.3,60.5,69.1,62.8,60.5,69,80.6,81.5,70.7,49.9,23.4,26.1,52.7,65.9,64.3,62.3,55.5,48,47.1,40.3,20.5,7.8,0,0,0,0,0,0,0,0,0,0,0,0,0,0,0,0,0,0,0,0,0,0,0,0,0,0,0,0,0,0,0,0,0,0,0,0,0,0,0,0,0,0,0,0,0,0,0,0,0,0,0,0,0,0,0,0,0,0,0,0,0,0,0,0,0,117.3,104.8,98.6,91.9,92.3,93.8,74.1,46.6,19.8,17.2,39.4,69.6,92.7,103.2,99.4,88.2,72.9,55.6,34.9,34.9,69.3,99.5,113.7,98.4,86.9,0,0,0,0,0,0,0,0,0,0,0,0,0,0,0,0,0,0,0,0,0,0,0,0,0,0,0,0,0,0,0,0,0,0,0,0,0,0,0,0,0,0,0,0,0,0,0,0,0,0,0,0,0,0,0,0,0,0,0,0,0,0,0,0,0,TT,Y,,2022,2,2,4/21/2009,26.015625,21.96763479,21.75077214,23.05194805,0,0,66.7,61.3,60.5,69.1,62.8,60.5,69,80.6,81.5,70.7,49.9,23.4,26.1,52.7,65.9,64.3,62.3,55.5,48,47.1,40.3,20.5,7.8,0,0,0,0,0,0,0,0,0,0,0,0,0,0,0,0,0,0,0,0,0,0,0,0,0,0,0,0,0,0,0,0,0,0,0,0,0,0,0,0,0,0,0,0,0,0,0,0,0,0,0,0,0,0,0,0,0,0,0,0,0,0,0,0,0,0,0,98.6,91.9,92.3,93.8,74.1,46.6,19.8,17.2,39.4,69.6,92.7,103.2,99.4,88.2,72.9,55.6,34.9,34.9,69.3,99.5,113.7,98.4,86.9,0,0,0,0,0,0,0,0,0,0,0,0,0,0,0,0,0,0,0,0,0,0,0,0,0,0,0,0,0,0,0,0,0,0,0,0,0,0,0,0,0,0,0,0,0,0,0,0,0,0,0,0,0,0,0,0,0,0,0,0,0,0,0,0,0,1246.5,1692.9,54.19565217,73.60434783,55,115,3,3
27,3,A,S,2,3.9,95,97,3,21,60,19,29,1.5,1,0,0,90,2206,16,3,53,23,14.7,0,0,0,0,0,0,0,0,0,0,0,0,0,0,0,0,0,0,0,0,0,0,0,0,0,0,0,0,0,0,0,0,0,0,0,0,0,0,0,0,0,0,0,0,0,0,0,0,0,0,0,0,0,0,0,0,0,0,0,0,0,0,0,0,0,0,0,0,0,0,0,0,0,0,0,0,0,0,0,0,0,0,0,0,0,0,0,114.2,104.3,98.8,0,0,0,0,0,0,0,0,0,0,0,0,0,0,0,0,0,0,0,0,0,0,0,0,0,0,0,0,0,0,0,0,0,0,0,0,0,0,0,0,0,0,0,0,0,0,0,0,0,0,0,0,0,0,0,0,0,0,0,0,0,0,0,0,0,0,0,0,0,0,0,0,0,0,0,0,0,0,0,0,0,0,0,0,0,0,0,TT,Y,,2022,3,2,4/21/2009,24.35897436,21.96763479,21.75077214,23.05194805,0,0,14.7,0,0,0,0,0,0,0,0,0,0,0,0,0,0,0,0,0,0,0,0,0,0,0,0,0,0,0,0,0,0,0,0,0,0,0,0,0,0,0,0,0,0,0,0,0,0,0,0,0,0,0,0,0,0,0,0,0,0,0,0,0,0,0,0,0,0,0,0,0,0,0,0,0,0,0,0,0,0,0,0,0,0,0,0,0,0,0,0,0,98.8,0,0,0,0,0,0,0,0,0,0,0,0,0,0,0,0,0,0,0,0,0,0,0,0,0,0,0,0,0,0,0,0,0,0,0,0,0,0,0,0,0,0,0,0,0,0,0,0,0,0,0,0,0,0,0,0,0,0,0,0,0,0,0,0,0,0,0,0,0,0,0,0,0,0,0,0,0,0,0,0,0,0,0,0,0,0,0,14.7,98.8,14.7,98.8,55,115,3,3
25,4,A,E,2,25.8,606,34,14,75,21,4,34,1.5,6,0,0,90,2206,16,25,65.9,58.9,67.1,69.8,80.3,79.5,70.6,53.8,30.8,10.8,10.5,16.9,17.3,13.3,15.2,35.3,62.8,79.1,80,71.4,74,74.9,63.5,42.1,18.5,0,0,0,0,0,0,0,0,0,0,0,0,0,0,0,0,0,0,0,0,0,0,0,0,0,0,0,0,0,0,0,0,0,0,0,0,0,0,0,0,0,0,0,0,0,0,0,0,0,0,0,0,0,0,0,0,0,0,0,0,0,0,0,0,0,113.3,87.8,76.6,56.3,38.2,23,21.3,46.7,71.9,81.9,76.4,71.2,70.1,74.4,75.4,78.9,82.2,77,64.6,35.1,23.6,52.4,77.6,85.1,84.1,0,0,0,0,0,0,0,0,0,0,0,0,0,0,0,0,0,0,0,0,0,0,0,0,0,0,0,0,0,0,0,0,0,0,0,0,0,0,0,0,0,0,0,0,0,0,0,0,0,0,0,0,0,0,0,0,0,0,0,0,0,0,0,0,0,TT,Y,,2022,4,2,4/22/2009,23.48837209,21.96763479,21.75077214,23.05194805,0,0,67.1,69.8,80.3,79.5,70.6,53.8,30.8,10.8,10.5,16.9,17.3,13.3,15.2,35.3,62.8,79.1,80,71.4,74,74.9,63.5,42.1,18.5,0,0,0,0,0,0,0,0,0,0,0,0,0,0,0,0,0,0,0,0,0,0,0,0,0,0,0,0,0,0,0,0,0,0,0,0,0,0,0,0,0,0,0,0,0,0,0,0,0,0,0,0,0,0,0,0,0,0,0,0,0,0,0,0,0,0,0,76.6,56.3,38.2,23,21.3,46.7,71.9,81.9,76.4,71.2,70.1,74.4,75.4,78.9,82.2,77,64.6,35.1,23.6,52.4,77.6,85.1,84.1,0,0,0,0,0,0,0,0,0,0,0,0,0,0,0,0,0,0,0,0,0,0,0,0,0,0,0,0,0,0,0,0,0,0,0,0,0,0,0,0,0,0,0,0,0,0,0,0,0,0,0,0,0,0,0,0,0,0,0,0,0,0,0,0,0,1137.5,1444,49.45652174,62.7826087,55,115,3,3
26,4,A,W,2,7.8,151,32,5,67,18,15,32,1.5,1,0,0,90,2206,16,7,115.2,103.2,79.4,61.3,48.4,26.4,11.5,0,0,0,0,0,0,0,0,0,0,0,0,0,0,0,0,0,0,0,0,0,0,0,0,0,0,0,0,0,0,0,0,0,0,0,0,0,0,0,0,0,0,0,0,0,0,0,0,0,0,0,0,0,0,0,0,0,0,0,0,0,0,0,0,0,0,0,0,0,0,0,0,0,0,0,0,0,0,0,0,0,0,0,54.9,54,54.1,62.2,69.8,81.4,92.6,0,0,0,0,0,0,0,0,0,0,0,0,0,0,0,0,0,0,0,0,0,0,0,0,0,0,0,0,0,0,0,0,0,0,0,0,0,0,0,0,0,0,0,0,0,0,0,0,0,0,0,0,0,0,0,0,0,0,0,0,0,0,0,0,0,0,0,0,0,0,0,0,0,0,0,0,0,0,0,0,0,0,0,TT,Y,,2022,5,2,4/22/2009,19.35897436,21.96763479,21.75077214,23.05194805,0,0,0,0,48.4,26.4,11.5,0,0,0,0,0,0,0,0,0,0,0,0,0,0,0,0,0,0,0,0,0,0,0,0,0,0,0,0,0,0,0,0,0,0,0,0,0,0,0,0,0,0,0,0,0,0,0,0,0,0,0,0,0,0,0,0,0,0,0,0,0,0,0,0,0,0,0,0,0,0,0,0,0,0,0,0,0,0,0,0,0,0,0,0,0,0,0,69.8,81.4,92.6,0,0,0,0,0,0,0,0,0,0,0,0,0,0,0,0,0,0,0,0,0,0,0,0,0,0,0,0,0,0,0,0,0,0,0,0,0,0,0,0,0,0,0,0,0,0,0,0,0,0,0,0,0,0,0,0,0,0,0,0,0,0,0,0,0,0,0,0,0,0,0,0,0,0,0,0,0,0,0,0,0,0,0,86.3,243.8,28.76666667,81.26666667,115,55,5,5
27,4,A,N,2,30.8,710,50,22,66,26,8,36,1.5,4,1,0,90,2206,16,30,115.3,103.1,79.4,65.5,46.9,17.7,12.6,27.2,34.8,36.7,33.1,44.4,59.1,67.9,74.9,78.6,84.4,96.4,93.9,68.7,36.1,8.8,12.1,23.9,25.6,9.1,21.9,38.5,30.5,14.9,0,0,0,0,0,0,0,0,0,0,0,0,0,0,0,0,0,0,0,0,0,0,0,0,0,0,0,0,0,0,0,0,0,0,0,0,0,0,0,0,0,0,0,0,0,0,0,0,0,0,0,0,0,0,0,0,0,0,0,0,63.7,46.9,18.2,24.1,44,70.5,87.7,100.7,106.3,95.9,77.1,48.3,39,46,44.3,28.4,10,30.1,49.5,67.1,77.4,85,84.5,71.9,67.6,80.5,105.7,124.6,115.5,98.4,0,0,0,0,0,0,0,0,0,0,0,0,0,0,0,0,0,0,0,0,0,0,0,0,0,0,0,0,0,0,0,0,0,0,0,0,0,0,0,0,0,0,0,0,0,0,0,0,0,0,0,0,0,0,0,0,0,0,0,0,FS,Y,,2022,6,2,4/22/2009,23.05194805,21.96763479,21.75077214,23.05194805,0,0,0,0,46.9,17.7,12.6,27.2,34.8,36.7,33.1,44.4,59.1,67.9,74.9,78.6,84.4,96.4,93.9,68.7,36.1,8.8,12.1,23.9,25.6,9.1,21.9,38.5,30.5,14.9,0,0,0,0,0,0,0,0,0,0,0,0,0,0,0,0,0,0,0,0,0,0,0,0,0,0,0,0,0,0,0,0,0,0,0,0,0,0,0,0,0,0,0,0,0,0,0,0,0,0,0,0,0,0,0,0,0,0,0,0,0,0,0,0,44,70.5,87.7,100.7,106.3,95.9,77.1,48.3,39,46,44.3,28.4,10,30.1,49.5,67.1,77.4,85,84.5,71.9,67.6,80.5,105.7,124.6,115.5,98.4,0,0,0,0,0,0,0,0,0,0,0,0,0,0,0,0,0,0,0,0,0,0,0,0,0,0,0,0,0,0,0,0,0,0,0,0,0,0,0,0,0,0,0,0,0,0,0,0,0,0,0,0,0,0,0,0,0,0,0,0,1098.7,1856,42.25769231,71.38461538,115,55,5,5
37,3,A,W,2,23.2,536,60,2,41,22,37,11,1.5,2,0,0,90,2206,20,23,110.7,95.7,92.3,90,66.7,51.5,51.5,53.6,47.4,29.2,21.1,30.9,49.8,46.7,46.3,52.9,62.4,61.7,57.2,41.7,33.7,15.4,9.4,0,0,0,0,0,0,0,0,0,0,0,0,0,0,0,0,0,0,0,0,0,0,0,0,0,0,0,0,0,0,0,0,0,0,0,0,0,0,0,0,0,0,0,0,0,0,0,0,0,0,0,0,0,0,0,0,0,0,0,0,0,0,0,0,0,0,0,54.2,44.6,40.2,49,48.8,44.6,37.1,37,51.6,67.5,93.9,108.3,123.5,127,132.2,133.4,131,123.5,118,101.4,91.4,91.2,83.9,0,0,0,0,0,0,0,0,0,0,0,0,0,0,0,0,0,0,0,0,0,0,0,0,0,0,0,0,0,0,0,0,0,0,0,0,0,0,0,0,0,0,0,0,0,0,0,0,0,0,0,0,0,0,0,0,0,0,0,0,0,0,0,0,0,0,0,TT,Y,,2022,1,2,4/21/2009,23.10344828,21.72006587,22.07710835,19.93485342,0,0,0,0,66.7,51.5,51.5,53.6,47.4,29.2,21.1,30.9,49.8,46.7,46.3,52.9,62.4,61.7,57.2,41.7,33.7,15.4,9.4,0,0,0,0,0,0,0,0,0,0,0,0,0,0,0,0,0,0,0,0,0,0,0,0,0,0,0,0,0,0,0,0,0,0,0,0,0,0,0,0,0,0,0,0,0,0,0,0,0,0,0,0,0,0,0,0,0,0,0,0,0,0,0,0,0,0,0,0,0,0,0,48.8,44.6,37.1,37,51.6,67.5,93.9,108.3,123.5,127,132.2,133.4,131,123.5,118,101.4,91.4,91.2,83.9,0,0,0,0,0,0,0,0,0,0,0,0,0,0,0,0,0,0,0,0,0,0,0,0,0,0,0,0,0,0,0,0,0,0,0,0,0,0,0,0,0,0,0,0,0,0,0,0,0,0,0,0,0,0,0,0,0,0,0,0,0,0,0,0,0,0,0,829.1,1745.3,43.63684211,91.85789474,115,55,5,5
38,3,A,E,2,74.8,1848,23,16,32,21,47,15,1.5,1,1,0,90,2206,20,74,62.6,47.4,42,30.7,37,43.3,38.5,46.7,59.9,82.7,105.7,113.7,110.2,102.4,85.1,69.4,53.1,65.4,77.1,67.9,53.9,46.1,47.9,49.2,52.9,47.6,45,36.8,48.4,59.8,69.5,77.2,89.6,84.2,85.4,97.3,103.5,101.5,91.9,72.5,51.5,54.3,70.4,78.4,75.1,62.1,37.2,17.5,41.2,41.7,46.4,57.2,72.2,82,90.5,107.1,100.4,82.2,53.3,49.1,37.1,42.8,72.3,85.8,93.2,100.8,109.9,118.4,114.7,93.9,85.1,80.7,54.8,19.3,0,0,0,0,0,0,0,0,0,0,0,0,0,0,0,0,118.6,95.2,85.2,84.2,73.4,62.7,66.4,85.9,80.1,79.9,74.7,63.4,44.1,29.3,17.1,19.2,52.1,74.6,102.8,113,122.9,128.5,133.6,131.1,130.1,116.9,102.8,86.3,71.1,72.3,76.8,98.1,111,111.2,112.6,99.7,90.4,81.1,73.2,64,72.2,106.9,127.9,122.7,108.6,98.4,89,101.1,127.8,128.2,127.5,121,111,102.4,87.5,79.9,65.7,54,39.8,39.5,56.8,101.7,127,116.5,105.9,95.1,77,58.6,46.4,23,5.8,13.2,33.4,67.9,0,0,0,0,0,0,0,0,0,0,0,0,0,0,0,0,TT,Y,,2022,2,2,4/21/2009,24.70588235,21.72006587,22.07710835,19.93485342,0,47.4,42,30.7,37,43.3,38.5,46.7,59.9,82.7,105.7,113.7,110.2,102.4,85.1,69.4,53.1,65.4,77.1,67.9,53.9,46.1,47.9,49.2,52.9,47.6,45,36.8,48.4,59.8,69.5,77.2,89.6,84.2,85.4,97.3,103.5,101.5,91.9,72.5,51.5,54.3,70.4,78.4,75.1,62.1,37.2,17.5,41.2,41.7,46.4,57.2,72.2,82,90.5,107.1,100.4,82.2,53.3,49.1,37.1,42.8,72.3,85.8,93.2,100.8,109.9,118.4,114.7,93.9,85.1,80.7,54.8,19.3,0,0,0,0,0,0,0,0,0,0,0,0,0,0,0,0,0,95.2,85.2,84.2,73.4,62.7,66.4,85.9,80.1,79.9,74.7,63.4,44.1,29.3,17.1,19.2,52.1,74.6,102.8,113,122.9,128.5,133.6,131.1,130.1,116.9,102.8,86.3,71.1,72.3,76.8,98.1,111,111.2,112.6,99.7,90.4,81.1,73.2,64,72.2,106.9,127.9,122.7,108.6,98.4,89,101.1,127.8,128.2,127.5,121,111,102.4,87.5,79.9,65.7,54,39.8,39.5,56.8,101.7,127,116.5,105.9,95.1,77,58.6,46.4,23,5.8,13.2,33.4,67.9,0,0,0,0,0,0,0,0,0,0,0,0,0,0,0,0,5017,6156.4,68.7260274,84.33424658,55,115,2,2
39,3,A,S,2,5.4,84,96,1,39,35,26,39,1.5,1,0,0,90,2206,20,5,55.2,40.5,27.9,17,11.1,0,0,0,0,0,0,0,0,0,0,0,0,0,0,0,0,0,0,0,0,0,0,0,0,0,0,0,0,0,0,0,0,0,0,0,0,0,0,0,0,0,0,0,0,0,0,0,0,0,0,0,0,0,0,0,0,0,0,0,0,0,0,0,0,0,0,0,0,0,0,0,0,0,0,0,0,0,0,0,0,0,0,0,0,0,114.5,109.1,99.6,89.9,89.4,0,0,0,0,0,0,0,0,0,0,0,0,0,0,0,0,0,0,0,0,0,0,0,0,0,0,0,0,0,0,0,0,0,0,0,0,0,0,0,0,0,0,0,0,0,0,0,0,0,0,0,0,0,0,0,0,0,0,0,0,0,0,0,0,0,0,0,0,0,0,0,0,0,0,0,0,0,0,0,0,0,0,0,0,0,TT,Y,,2022,3,2,4/21/2009,15.55555556,21.72006587,22.07710835,19.93485342,0,40.5,27.9,17,11.1,0,0,0,0,0,0,0,0,0,0,0,0,0,0,0,0,0,0,0,0,0,0,0,0,0,0,0,0,0,0,0,0,0,0,0,0,0,0,0,0,0,0,0,0,0,0,0,0,0,0,0,0,0,0,0,0,0,0,0,0,0,0,0,0,0,0,0,0,0,0,0,0,0,0,0,0,0,0,0,0,0,0,0,0,0,0,109.1,99.6,89.9,89.4,0,0,0,0,0,0,0,0,0,0,0,0,0,0,0,0,0,0,0,0,0,0,0,0,0,0,0,0,0,0,0,0,0,0,0,0,0,0,0,0,0,0,0,0,0,0,0,0,0,0,0,0,0,0,0,0,0,0,0,0,0,0,0,0,0,0,0,0,0,0,0,0,0,0,0,0,0,0,0,0,0,0,0,0,0,96.5,388,24.125,97,55,115,2,2
37,4,A,E,2,26.2,654,36,4,49,20,31,9,1.5,1,0,0,90,2206,20,26,59.6,46.5,41.1,41.5,45.9,43.2,43.6,29.2,25.3,37.6,70.8,82.6,90.4,91.1,88,73.8,64.4,59.5,52.4,38.2,43.2,45.8,39.9,23.7,15.8,5.4,0,0,0,0,0,0,0,0,0,0,0,0,0,0,0,0,0,0,0,0,0,0,0,0,0,0,0,0,0,0,0,0,0,0,0,0,0,0,0,0,0,0,0,0,0,0,0,0,0,0,0,0,0,0,0,0,0,0,0,0,0,0,0,0,115.4,91,75.4,62.2,53.9,54.3,45.1,59.4,67.4,104.4,125.4,119.3,111.4,100.6,95.9,75.4,47.6,39.4,36.1,70,111.8,127.2,125.8,110.2,102.3,86.8,0,0,0,0,0,0,0,0,0,0,0,0,0,0,0,0,0,0,0,0,0,0,0,0,0,0,0,0,0,0,0,0,0,0,0,0,0,0,0,0,0,0,0,0,0,0,0,0,0,0,0,0,0,0,0,0,0,0,0,0,0,0,0,0,TT,Y,,2022,4,2,4/22/2009,24.96183206,21.72006587,22.07710835,19.93485342,0,46.5,41.1,41.5,45.9,43.2,43.6,29.2,25.3,37.6,70.8,82.6,90.4,91.1,88,73.8,64.4,59.5,52.4,38.2,43.2,45.8,39.9,23.7,15.8,5.4,0,0,0,0,0,0,0,0,0,0,0,0,0,0,0,0,0,0,0,0,0,0,0,0,0,0,0,0,0,0,0,0,0,0,0,0,0,0,0,0,0,0,0,0,0,0,0,0,0,0,0,0,0,0,0,0,0,0,0,0,0,0,0,0,0,91,75.4,62.2,53.9,54.3,45.1,59.4,67.4,104.4,125.4,119.3,111.4,100.6,95.9,75.4,47.6,39.4,36.1,70,111.8,127.2,125.8,110.2,102.3,86.8,0,0,0,0,0,0,0,0,0,0,0,0,0,0,0,0,0,0,0,0,0,0,0,0,0,0,0,0,0,0,0,0,0,0,0,0,0,0,0,0,0,0,0,0,0,0,0,0,0,0,0,0,0,0,0,0,0,0,0,0,0,0,0,0,1238.9,2098.3,49.556,83.932,55,115,2,2
38,4,A,W,2,40.8,900,32,4,32,41,27,3,1.5,1,0,0,90,2206,20,40,112.9,101.1,93.7,80.6,72.4,60.5,42.6,44.6,47.8,39.4,25.2,22,16.6,29.7,51.1,74.5,68.1,61.5,39.7,16.9,24.5,47.3,52.1,61.8,64,56.8,66,86.2,97.5,96.1,87,72.9,59.1,56,58.2,67.5,65.5,65.3,50.1,25.8,0,0,0,0,0,0,0,0,0,0,0,0,0,0,0,0,0,0,0,0,0,0,0,0,0,0,0,0,0,0,0,0,0,0,0,0,0,0,0,0,0,0,0,0,0,0,0,0,0,0,51.1,43.4,36.2,28.2,30.2,38.7,64.8,99.3,123.4,122.8,110.8,107.5,93.7,95.4,110,122.8,110.4,105,85.9,78.2,95.9,118.6,120.3,110.3,96.2,79.1,68.3,71.9,78.5,87.7,90.3,85.2,82.4,87.2,82.2,66.7,49.6,36,46.1,72,0,0,0,0,0,0,0,0,0,0,0,0,0,0,0,0,0,0,0,0,0,0,0,0,0,0,0,0,0,0,0,0,0,0,0,0,0,0,0,0,0,0,0,0,0,0,0,0,0,0,TT,Y,,2022,5,2,4/22/2009,22.05882353,21.72006587,22.07710835,19.93485342,0,0,0,0,72.4,60.5,42.6,44.6,47.8,39.4,25.2,22,16.6,29.7,51.1,74.5,68.1,61.5,39.7,16.9,24.5,47.3,52.1,61.8,64,56.8,66,86.2,97.5,96.1,87,72.9,59.1,56,58.2,67.5,65.5,65.3,50.1,25.8,0,0,0,0,0,0,0,0,0,0,0,0,0,0,0,0,0,0,0,0,0,0,0,0,0,0,0,0,0,0,0,0,0,0,0,0,0,0,0,0,0,0,0,0,0,0,0,0,0,0,0,0,0,0,30.2,38.7,64.8,99.3,123.4,122.8,110.8,107.5,93.7,95.4,110,122.8,110.4,105,85.9,78.2,95.9,118.6,120.3,110.3,96.2,79.1,68.3,71.9,78.5,87.7,90.3,85.2,82.4,87.2,82.2,66.7,49.6,36,46.1,72,0,0,0,0,0,0,0,0,0,0,0,0,0,0,0,0,0,0,0,0,0,0,0,0,0,0,0,0,0,0,0,0,0,0,0,0,0,0,0,0,0,0,0,0,0,0,0,0,0,0,1972.3,3123.4,54.78611111,86.76111111,115,55,5,5
39,4,A,N,2,30.7,612,8,46,43,39,18,30,1.5,0,2,0,90,2206,20,30,110.6,104.9,97.1,90.7,85.6,80.6,89.3,94.5,85.5,74.8,55.5,34,25.7,35.4,50,64.4,82.6,112.2,122.8,114.5,110.4,101.3,88.5,78.8,74.1,49.9,51,72.8,99.8,107.2,0,0,0,0,0,0,0,0,0,0,0,0,0,0,0,0,0,0,0,0,0,0,0,0,0,0,0,0,0,0,0,0,0,0,0,0,0,0,0,0,0,0,0,0,0,0,0,0,0,0,0,0,0,0,0,0,0,0,0,0,57.4,48.8,45.8,53.5,62.8,74.9,99.4,96.1,81.1,72.8,60.1,56.3,62,51.6,39.3,24.3,27.1,40.4,44.1,30.5,24.2,17.6,8.7,12.5,19.4,38.9,38.5,44.4,68.5,79.7,0,0,0,0,0,0,0,0,0,0,0,0,0,0,0,0,0,0,0,0,0,0,0,0,0,0,0,0,0,0,0,0,0,0,0,0,0,0,0,0,0,0,0,0,0,0,0,0,0,0,0,0,0,0,0,0,0,0,0,0,FS,Y,,2022,6,2,4/22/2009,19.93485342,21.72006587,22.07710835,19.93485342,0,0,0,0,0,80.6,89.3,94.5,85.5,74.8,55.5,34,25.7,35.4,50,64.4,82.6,112.2,122.8,114.5,110.4,101.3,88.5,78.8,74.1,49.9,51,72.8,99.8,107.2,0,0,0,0,0,0,0,0,0,0,0,0,0,0,0,0,0,0,0,0,0,0,0,0,0,0,0,0,0,0,0,0,0,0,0,0,0,0,0,0,0,0,0,0,0,0,0,0,0,0,0,0,0,0,0,0,0,0,0,0,0,0,0,0,0,74.9,99.4,96.1,81.1,72.8,60.1,56.3,62,51.6,39.3,24.3,27.1,40.4,44.1,30.5,24.2,17.6,8.7,12.5,19.4,38.9,38.5,44.4,68.5,79.7,0,0,0,0,0,0,0,0,0,0,0,0,0,0,0,0,0,0,0,0,0,0,0,0,0,0,0,0,0,0,0,0,0,0,0,0,0,0,0,0,0,0,0,0,0,0,0,0,0,0,0,0,0,0,0,0,0,0,0,0,1955.6,1212.4,78.224,48.496,115,55,6,6
40,3,A,W,2,10.4,219,42,2,59,11,30,49,1.5,1,0,0,90,2206,21,10,112.9,106.4,108,97.1,76.3,47.3,23.8,26.9,28.2,11.9,0,0,0,0,0,0,0,0,0,0,0,0,0,0,0,0,0,0,0,0,0,0,0,0,0,0,0,0,0,0,0,0,0,0,0,0,0,0,0,0,0,0,0,0,0,0,0,0,0,0,0,0,0,0,0,0,0,0,0,0,0,0,0,0,0,0,0,0,0,0,0,0,0,0,0,0,0,0,0,0,60.3,68.7,71.2,52.7,42,49.4,64.3,72.1,76,85.6,0,0,0,0,0,0,0,0,0,0,0,0,0,0,0,0,0,0,0,0,0,0,0,0,0,0,0,0,0,0,0,0,0,0,0,0,0,0,0,0,0,0,0,0,0,0,0,0,0,0,0,0,0,0,0,0,0,0,0,0,0,0,0,0,0,0,0,0,0,0,0,0,0,0,0,0,0,0,0,0,TT,Y,,2022,1,2,4/21/2009,21.05769231,20.38059051,20.2424229,21.07142857,0,0,0,0,0,47.3,23.8,26.9,28.2,11.9,0,0,0,0,0,0,0,0,0,0,0,0,0,0,0,0,0,0,0,0,0,0,0,0,0,0,0,0,0,0,0,0,0,0,0,0,0,0,0,0,0,0,0,0,0,0,0,0,0,0,0,0,0,0,0,0,0,0,0,0,0,0,0,0,0,0,0,0,0,0,0,0,0,0,0,0,0,0,0,0,0,0,0,0,0,49.4,64.3,72.1,76,85.6,0,0,0,0,0,0,0,0,0,0,0,0,0,0,0,0,0,0,0,0,0,0,0,0,0,0,0,0,0,0,0,0,0,0,0,0,0,0,0,0,0,0,0,0,0,0,0,0,0,0,0,0,0,0,0,0,0,0,0,0,0,0,0,0,0,0,0,0,0,0,0,0,0,0,0,0,0,0,0,0,138.1,347.4,27.62,69.48,115,55,6,6
41,3,A,E,2,8.2,155,97,1,58,17,25,-13,1.5,1,0,0,90,2206,21,8,64.2,55.6,40.5,31.9,28.2,21.7,23.6,15.8,0,0,0,0,0,0,0,0,0,0,0,0,0,0,0,0,0,0,0,0,0,0,0,0,0,0,0,0,0,0,0,0,0,0,0,0,0,0,0,0,0,0,0,0,0,0,0,0,0,0,0,0,0,0,0,0,0,0,0,0,0,0,0,0,0,0,0,0,0,0,0,0,0,0,0,0,0,0,0,0,0,0,125.6,119.2,106.3,93.2,90,67.6,64.5,74.6,0,0,0,0,0,0,0,0,0,0,0,0,0,0,0,0,0,0,0,0,0,0,0,0,0,0,0,0,0,0,0,0,0,0,0,0,0,0,0,0,0,0,0,0,0,0,0,0,0,0,0,0,0,0,0,0,0,0,0,0,0,0,0,0,0,0,0,0,0,0,0,0,0,0,0,0,0,0,0,0,0,0,TT,Y,,2022,2,2,4/21/2009,18.90243902,20.38059051,20.2424229,21.07142857,0,0,40.5,31.9,28.2,21.7,23.6,15.8,0,0,0,0,0,0,0,0,0,0,0,0,0,0,0,0,0,0,0,0,0,0,0,0,0,0,0,0,0,0,0,0,0,0,0,0,0,0,0,0,0,0,0,0,0,0,0,0,0,0,0,0,0,0,0,0,0,0,0,0,0,0,0,0,0,0,0,0,0,0,0,0,0,0,0,0,0,0,0,0,0,0,0,0,106.3,93.2,90,67.6,64.5,74.6,0,0,0,0,0,0,0,0,0,0,0,0,0,0,0,0,0,0,0,0,0,0,0,0,0,0,0,0,0,0,0,0,0,0,0,0,0,0,0,0,0,0,0,0,0,0,0,0,0,0,0,0,0,0,0,0,0,0,0,0,0,0,0,0,0,0,0,0,0,0,0,0,0,0,0,0,0,0,0,0,0,0,161.7,496.2,26.95,82.7,55,115,3,3
42,3,A,S,2,8.3,152,91,2,68,19,13,-49,1.5,1,0,0,90,2206,21,8,56.3,49.7,39.3,20.2,15.9,27.5,27.9,19.5,0,0,0,0,0,0,0,0,0,0,0,0,0,0,0,0,0,0,0,0,0,0,0,0,0,0,0,0,0,0,0,0,0,0,0,0,0,0,0,0,0,0,0,0,0,0,0,0,0,0,0,0,0,0,0,0,0,0,0,0,0,0,0,0,0,0,0,0,0,0,0,0,0,0,0,0,0,0,0,0,0,0,115.2,104.6,88.4,79.7,72.1,61.4,65,79.3,0,0,0,0,0,0,0,0,0,0,0,0,0,0,0,0,0,0,0,0,0,0,0,0,0,0,0,0,0,0,0,0,0,0,0,0,0,0,0,0,0,0,0,0,0,0,0,0,0,0,0,0,0,0,0,0,0,0,0,0,0,0,0,0,0,0,0,0,0,0,0,0,0,0,0,0,0,0,0,0,0,0,TT,Y,,2022,3,2,4/21/2009,18.31325301,20.38059051,20.2424229,21.07142857,0,0,39.3,20.2,15.9,27.5,27.9,19.5,0,0,0,0,0,0,0,0,0,0,0,0,0,0,0,0,0,0,0,0,0,0,0,0,0,0,0,0,0,0,0,0,0,0,0,0,0,0,0,0,0,0,0,0,0,0,0,0,0,0,0,0,0,0,0,0,0,0,0,0,0,0,0,0,0,0,0,0,0,0,0,0,0,0,0,0,0,0,0,0,0,0,0,0,88.4,79.7,72.1,61.4,65,79.3,0,0,0,0,0,0,0,0,0,0,0,0,0,0,0,0,0,0,0,0,0,0,0,0,0,0,0,0,0,0,0,0,0,0,0,0,0,0,0,0,0,0,0,0,0,0,0,0,0,0,0,0,0,0,0,0,0,0,0,0,0,0,0,0,0,0,0,0,0,0,0,0,0,0,0,0,0,0,0,0,0,0,150.3,445.9,25.05,74.31666667,55,115,3,3
40,4,A,E,2,25.2,571,26,5,58,33,9,-12,1.5,1,0,0,90,2206,21,25,66.8,55.4,33.1,33.4,38.5,48.7,57.3,63,65.5,60.2,42.7,28.9,38.4,53.9,66.3,70,87.1,95,81.6,56.7,27.8,38.8,45.8,38.5,11.6,0,0,0,0,0,0,0,0,0,0,0,0,0,0,0,0,0,0,0,0,0,0,0,0,0,0,0,0,0,0,0,0,0,0,0,0,0,0,0,0,0,0,0,0,0,0,0,0,0,0,0,0,0,0,0,0,0,0,0,0,0,0,0,0,0,123.6,115.5,93.6,80.3,69.9,79.4,78.2,77.3,83.1,91,88.9,91.1,94.6,87.2,75.7,66.6,51.8,63.6,69.5,63.3,66.9,52,43.4,49,75.4,0,0,0,0,0,0,0,0,0,0,0,0,0,0,0,0,0,0,0,0,0,0,0,0,0,0,0,0,0,0,0,0,0,0,0,0,0,0,0,0,0,0,0,0,0,0,0,0,0,0,0,0,0,0,0,0,0,0,0,0,0,0,0,0,0,TT,Y,,2022,4,2,4/22/2009,22.65873016,20.38059051,20.2424229,21.07142857,0,0,33.1,33.4,38.5,48.7,57.3,63,65.5,60.2,42.7,28.9,38.4,53.9,66.3,70,87.1,95,81.6,56.7,27.8,38.8,45.8,38.5,11.6,0,0,0,0,0,0,0,0,0,0,0,0,0,0,0,0,0,0,0,0,0,0,0,0,0,0,0,0,0,0,0,0,0,0,0,0,0,0,0,0,0,0,0,0,0,0,0,0,0,0,0,0,0,0,0,0,0,0,0,0,0,0,0,0,0,0,0,93.6,80.3,69.9,79.4,78.2,77.3,83.1,91,88.9,91.1,94.6,87.2,75.7,66.6,51.8,63.6,69.5,63.3,66.9,52,43.4,49,75.4,0,0,0,0,0,0,0,0,0,0,0,0,0,0,0,0,0,0,0,0,0,0,0,0,0,0,0,0,0,0,0,0,0,0,0,0,0,0,0,0,0,0,0,0,0,0,0,0,0,0,0,0,0,0,0,0,0,0,0,0,0,0,0,0,0,1182.8,1691.8,51.42608696,73.55652174,55,115,3,3
41,4,A,W,2,25,507,42,35,43,40,17,-13,1.5,1,0,0,90,2206,21,24,118.1,112.3,106,107.6,117.9,114.5,103,91.4,74.9,55.7,35.4,36.1,50.4,38.6,41.6,42,25.4,21.5,29.2,32.9,39.6,35.5,22,16.2,0,0,0,0,0,0,0,0,0,0,0,0,0,0,0,0,0,0,0,0,0,0,0,0,0,0,0,0,0,0,0,0,0,0,0,0,0,0,0,0,0,0,0,0,0,0,0,0,0,0,0,0,0,0,0,0,0,0,0,0,0,0,0,0,0,0,45.2,39.8,36.7,41.5,54.3,49.3,35.6,28.8,29,41.5,57.8,77.5,89.1,103.7,118.3,123.2,110.5,99.3,84.4,67.1,51.3,52.1,77.6,98.6,0,0,0,0,0,0,0,0,0,0,0,0,0,0,0,0,0,0,0,0,0,0,0,0,0,0,0,0,0,0,0,0,0,0,0,0,0,0,0,0,0,0,0,0,0,0,0,0,0,0,0,0,0,0,0,0,0,0,0,0,0,0,0,0,0,0,TT,Y,,2022,5,2,4/22/2009,20.28,20.38059051,20.2424229,21.07142857,0,0,0,0,0,114.5,103,91.4,74.9,55.7,35.4,36.1,50.4,38.6,41.6,42,25.4,21.5,29.2,32.9,39.6,35.5,22,16.2,0,0,0,0,0,0,0,0,0,0,0,0,0,0,0,0,0,0,0,0,0,0,0,0,0,0,0,0,0,0,0,0,0,0,0,0,0,0,0,0,0,0,0,0,0,0,0,0,0,0,0,0,0,0,0,0,0,0,0,0,0,0,0,0,0,0,0,0,0,0,0,49.3,35.6,28.8,29,41.5,57.8,77.5,89.1,103.7,118.3,123.2,110.5,99.3,84.4,67.1,51.3,52.1,77.6,98.6,0,0,0,0,0,0,0,0,0,0,0,0,0,0,0,0,0,0,0,0,0,0,0,0,0,0,0,0,0,0,0,0,0,0,0,0,0,0,0,0,0,0,0,0,0,0,0,0,0,0,0,0,0,0,0,0,0,0,0,0,0,0,0,0,0,0,905.9,1394.7,47.67894737,73.40526316,115,55,6,6
42,4,A,N,2,30.8,649,58,11,63,30,7,12,1.5,5,0,0,90,2206,21,30,111.8,106.4,95.8,83.5,79.1,57,39.1,17.4,18.7,18.2,16.1,9.1,26.8,43.2,76.4,86.6,67.2,54.1,38.3,22.2,19.4,14.3,15.5,11.6,13,10.1,8,11,29.1,26.6,0,0,0,0,0,0,0,0,0,0,0,0,0,0,0,0,0,0,0,0,0,0,0,0,0,0,0,0,0,0,0,0,0,0,0,0,0,0,0,0,0,0,0,0,0,0,0,0,0,0,0,0,0,0,0,0,0,0,0,0,60,56.1,50.3,38.3,40.3,44.7,55.7,85.6,103.2,95.1,88.9,81.3,80.3,79.2,91.1,88.7,76.2,72.4,83.7,90.9,86.5,88.6,99.5,95.9,96.4,84.1,79.5,94.3,101.8,86.9,0,0,0,0,0,0,0,0,0,0,0,0,0,0,0,0,0,0,0,0,0,0,0,0,0,0,0,0,0,0,0,0,0,0,0,0,0,0,0,0,0,0,0,0,0,0,0,0,0,0,0,0,0,0,0,0,0,0,0,0,FS,Y,,2022,6,2,4/22/2009,21.07142857,20.38059051,20.2424229,21.07142857,0,0,0,0,79.1,57,39.1,17.4,18.7,18.2,16.1,9.1,26.8,43.2,76.4,86.6,67.2,54.1,38.3,22.2,19.4,14.3,15.5,11.6,13,10.1,8,11,29.1,26.6,0,0,0,0,0,0,0,0,0,0,0,0,0,0,0,0,0,0,0,0,0,0,0,0,0,0,0,0,0,0,0,0,0,0,0,0,0,0,0,0,0,0,0,0,0,0,0,0,0,0,0,0,0,0,0,0,0,0,0,0,0,0,0,0,40.3,44.7,55.7,85.6,103.2,95.1,88.9,81.3,80.3,79.2,91.1,88.7,76.2,72.4,83.7,90.9,86.5,88.6,99.5,95.9,96.4,84.1,79.5,94.3,101.8,86.9,0,0,0,0,0,0,0,0,0,0,0,0,0,0,0,0,0,0,0,0,0,0,0,0,0,0,0,0,0,0,0,0,0,0,0,0,0,0,0,0,0,0,0,0,0,0,0,0,0,0,0,0,0,0,0,0,0,0,0,0,828.1,2170.8,31.85,83.49230769,115,55,5,5
10,5,A,S,2,31.1,801,38,13,41,45,14,-41,1.5,1,1,0,90,2206,10,31,57.7,49.5,48,49.5,51.3,56.7,67.6,66.8,55.4,31.4,20.6,41.9,52.5,51.7,60,70.3,79.5,88.3,89.7,85.7,73.7,51.9,28,19.3,18.3,19.9,31.5,59.2,66.9,44.5,13.7,0,0,0,0,0,0,0,0,0,0,0,0,0,0,0,0,0,0,0,0,0,0,0,0,0,0,0,0,0,0,0,0,0,0,0,0,0,0,0,0,0,0,0,0,0,0,0,0,0,0,0,0,0,0,0,0,0,0,0,111.5,96.1,62.8,39.6,50.2,66.2,81.7,88.7,106.2,107.6,102.8,112.5,117.9,115.8,101.9,81.5,57.2,31.7,10.5,19.1,40.8,60.5,79.5,98.9,103,92.4,88.4,89.4,100.5,99.6,92.6,0,0,0,0,0,0,0,0,0,0,0,0,0,0,0,0,0,0,0,0,0,0,0,0,0,0,0,0,0,0,0,0,0,0,0,0,0,0,0,0,0,0,0,0,0,0,0,0,0,0,0,0,0,0,0,0,0,0,0,TT,Y,,2022,1,3,4/23/2009,25.75562701,21.51429443,21.25689273,22.80130293,0,0,48,49.5,51.3,56.7,67.6,66.8,55.4,31.4,20.6,41.9,52.5,51.7,60,70.3,79.5,88.3,89.7,85.7,73.7,51.9,28,19.3,18.3,19.9,31.5,59.2,66.9,44.5,13.7,0,0,0,0,0,0,0,0,0,0,0,0,0,0,0,0,0,0,0,0,0,0,0,0,0,0,0,0,0,0,0,0,0,0,0,0,0,0,0,0,0,0,0,0,0,0,0,0,0,0,0,0,0,0,0,0,0,0,0,0,0,62.8,39.6,50.2,66.2,81.7,88.7,106.2,107.6,102.8,112.5,117.9,115.8,101.9,81.5,57.2,31.7,10.5,19.1,40.8,60.5,79.5,98.9,103,92.4,88.4,89.4,100.5,99.6,92.6,0,0,0,0,0,0,0,0,0,0,0,0,0,0,0,0,0,0,0,0,0,0,0,0,0,0,0,0,0,0,0,0,0,0,0,0,0,0,0,0,0,0,0,0,0,0,0,0,0,0,0,0,0,0,0,0,0,0,0,1493.8,2299.5,51.51034483,79.29310345,55,115,3,3
11,5,A,E,2,4,63,97,1,23,51,26,15,1.5,1,0,0,90,2206,10,3,57.9,46.6,31.7,0,0,0,0,0,0,0,0,0,0,0,0,0,0,0,0,0,0,0,0,0,0,0,0,0,0,0,0,0,0,0,0,0,0,0,0,0,0,0,0,0,0,0,0,0,0,0,0,0,0,0,0,0,0,0,0,0,0,0,0,0,0,0,0,0,0,0,0,0,0,0,0,0,0,0,0,0,0,0,0,0,0,0,0,0,0,0,118.3,106.8,99.5,0,0,0,0,0,0,0,0,0,0,0,0,0,0,0,0,0,0,0,0,0,0,0,0,0,0,0,0,0,0,0,0,0,0,0,0,0,0,0,0,0,0,0,0,0,0,0,0,0,0,0,0,0,0,0,0,0,0,0,0,0,0,0,0,0,0,0,0,0,0,0,0,0,0,0,0,0,0,0,0,0,0,0,0,0,0,0,TT,Y,,2022,2,3,4/23/2009,15.75,21.51429443,21.25689273,22.80130293,0,0,31.7,0,0,0,0,0,0,0,0,0,0,0,0,0,0,0,0,0,0,0,0,0,0,0,0,0,0,0,0,0,0,0,0,0,0,0,0,0,0,0,0,0,0,0,0,0,0,0,0,0,0,0,0,0,0,0,0,0,0,0,0,0,0,0,0,0,0,0,0,0,0,0,0,0,0,0,0,0,0,0,0,0,0,0,0,0,0,0,0,0,99.5,0,0,0,0,0,0,0,0,0,0,0,0,0,0,0,0,0,0,0,0,0,0,0,0,0,0,0,0,0,0,0,0,0,0,0,0,0,0,0,0,0,0,0,0,0,0,0,0,0,0,0,0,0,0,0,0,0,0,0,0,0,0,0,0,0,0,0,0,0,0,0,0,0,0,0,0,0,0,0,0,0,0,0,0,0,0,0,31.7,99.5,31.7,99.5,55,115,3,3
12,5,A,W,2,21.5,486,8,39,76,10,14,-35,1.5,1,2,0,90,2206,10,21,114,92.2,77,63.2,46.8,42,38.4,40.7,44.2,46.7,47.2,62.9,79.2,108.1,114.6,111.6,96.7,70.2,47.6,31.9,16.1,0,0,0,0,0,0,0,0,0,0,0,0,0,0,0,0,0,0,0,0,0,0,0,0,0,0,0,0,0,0,0,0,0,0,0,0,0,0,0,0,0,0,0,0,0,0,0,0,0,0,0,0,0,0,0,0,0,0,0,0,0,0,0,0,0,0,0,0,0,45.3,17.1,10.9,25.7,50.6,62.5,68.9,83.3,76.9,58.7,42.1,39.3,45.4,67.7,61.2,45.3,26.8,21.8,41.1,61.7,84.4,0,0,0,0,0,0,0,0,0,0,0,0,0,0,0,0,0,0,0,0,0,0,0,0,0,0,0,0,0,0,0,0,0,0,0,0,0,0,0,0,0,0,0,0,0,0,0,0,0,0,0,0,0,0,0,0,0,0,0,0,0,0,0,0,0,0,0,0,0,TT,Y,,2022,3,3,4/23/2009,22.60465116,21.51429443,21.25689273,22.80130293,0,0,0,0,46.8,42,38.4,40.7,44.2,46.7,47.2,62.9,79.2,108.1,114.6,111.6,96.7,70.2,47.6,31.9,16.1,0,0,0,0,0,0,0,0,0,0,0,0,0,0,0,0,0,0,0,0,0,0,0,0,0,0,0,0,0,0,0,0,0,0,0,0,0,0,0,0,0,0,0,0,0,0,0,0,0,0,0,0,0,0,0,0,0,0,0,0,0,0,0,0,0,0,0,0,0,0,0,0,0,50.6,62.5,68.9,83.3,76.9,58.7,42.1,39.3,45.4,67.7,61.2,45.3,26.8,21.8,41.1,61.7,84.4,0,0,0,0,0,0,0,0,0,0,0,0,0,0,0,0,0,0,0,0,0,0,0,0,0,0,0,0,0,0,0,0,0,0,0,0,0,0,0,0,0,0,0,0,0,0,0,0,0,0,0,0,0,0,0,0,0,0,0,0,0,0,0,0,0,0,0,0,0,1044.9,937.7,61.46470588,55.15882353,115,55,5,5
10,6,A,N,2,13.3,306,44,4,66,24,10,-19,1.5,1,0,0,90,2206,10,13,106.6,89.4,73.1,63.9,52.5,45.8,30.3,16.7,30.2,50.6,51.1,27.9,6.6,0,0,0,0,0,0,0,0,0,0,0,0,0,0,0,0,0,0,0,0,0,0,0,0,0,0,0,0,0,0,0,0,0,0,0,0,0,0,0,0,0,0,0,0,0,0,0,0,0,0,0,0,0,0,0,0,0,0,0,0,0,0,0,0,0,0,0,0,0,0,0,0,0,0,0,0,0,59.4,51.3,51.8,58.7,73,81.1,80.7,73.7,99.1,115.9,101.2,86.1,86.2,0,0,0,0,0,0,0,0,0,0,0,0,0,0,0,0,0,0,0,0,0,0,0,0,0,0,0,0,0,0,0,0,0,0,0,0,0,0,0,0,0,0,0,0,0,0,0,0,0,0,0,0,0,0,0,0,0,0,0,0,0,0,0,0,0,0,0,0,0,0,0,0,0,0,0,0,0,TT,Y,,2022,4,3,4/24/2009,23.0075188,21.51429443,21.25689273,22.80130293,0,0,0,0,52.5,45.8,30.3,16.7,30.2,50.6,51.1,27.9,6.6,0,0,0,0,0,0,0,0,0,0,0,0,0,0,0,0,0,0,0,0,0,0,0,0,0,0,0,0,0,0,0,0,0,0,0,0,0,0,0,0,0,0,0,0,0,0,0,0,0,0,0,0,0,0,0,0,0,0,0,0,0,0,0,0,0,0,0,0,0,0,0,0,0,0,0,0,0,0,0,0,0,73,81.1,80.7,73.7,99.1,115.9,101.2,86.1,86.2,0,0,0,0,0,0,0,0,0,0,0,0,0,0,0,0,0,0,0,0,0,0,0,0,0,0,0,0,0,0,0,0,0,0,0,0,0,0,0,0,0,0,0,0,0,0,0,0,0,0,0,0,0,0,0,0,0,0,0,0,0,0,0,0,0,0,0,0,0,0,0,0,0,0,0,0,0,311.7,797,34.63333333,88.55555556,115,55,5,5
11,6,A,W,2,8.4,161,30,29,80,15,5,-19,1.5,1,0,0,90,2206,10,8,108.3,94.6,74.1,51.5,39.9,32.5,12.7,6.8,0,0,0,0,0,0,0,0,0,0,0,0,0,0,0,0,0,0,0,0,0,0,0,0,0,0,0,0,0,0,0,0,0,0,0,0,0,0,0,0,0,0,0,0,0,0,0,0,0,0,0,0,0,0,0,0,0,0,0,0,0,0,0,0,0,0,0,0,0,0,0,0,0,0,0,0,0,0,0,0,0,0,38.5,27.4,29.6,44.5,54.8,65.1,75.6,80.5,0,0,0,0,0,0,0,0,0,0,0,0,0,0,0,0,0,0,0,0,0,0,0,0,0,0,0,0,0,0,0,0,0,0,0,0,0,0,0,0,0,0,0,0,0,0,0,0,0,0,0,0,0,0,0,0,0,0,0,0,0,0,0,0,0,0,0,0,0,0,0,0,0,0,0,0,0,0,0,0,0,0,TT,Y,,2022,5,3,4/24/2009,19.16666667,21.51429443,21.25689273,22.80130293,0,0,0,0,39.9,32.5,12.7,6.8,0,0,0,0,0,0,0,0,0,0,0,0,0,0,0,0,0,0,0,0,0,0,0,0,0,0,0,0,0,0,0,0,0,0,0,0,0,0,0,0,0,0,0,0,0,0,0,0,0,0,0,0,0,0,0,0,0,0,0,0,0,0,0,0,0,0,0,0,0,0,0,0,0,0,0,0,0,0,0,0,0,0,0,0,0,0,54.8,65.1,75.6,80.5,0,0,0,0,0,0,0,0,0,0,0,0,0,0,0,0,0,0,0,0,0,0,0,0,0,0,0,0,0,0,0,0,0,0,0,0,0,0,0,0,0,0,0,0,0,0,0,0,0,0,0,0,0,0,0,0,0,0,0,0,0,0,0,0,0,0,0,0,0,0,0,0,0,0,0,0,0,0,0,0,0,0,91.9,276,22.975,69,115,55,5,5
12,6,A,S,2,30.7,700,67,3,54,33,13,-34,1.5,3,0,0,90,2206,10,30,57.6,45.4,44.9,51.5,46.4,39.5,22.9,13.2,17.1,16.6,25.8,29.2,26.5,14,26.2,26.7,12.8,14,32.5,45.6,30.5,13.1,24.2,53.6,85.2,101.6,85.4,52.5,19.6,7.3,0,0,0,0,0,0,0,0,0,0,0,0,0,0,0,0,0,0,0,0,0,0,0,0,0,0,0,0,0,0,0,0,0,0,0,0,0,0,0,0,0,0,0,0,0,0,0,0,0,0,0,0,0,0,0,0,0,0,0,0,112.5,95.2,79.4,64.7,56.1,53,65.5,81.6,99.2,100.1,98.9,100.7,107.9,85.9,63.7,60.3,75.3,90,114.1,124,102.3,80.7,69.4,64.3,75.4,88.9,88.7,79.3,83.2,90.5,0,0,0,0,0,0,0,0,0,0,0,0,0,0,0,0,0,0,0,0,0,0,0,0,0,0,0,0,0,0,0,0,0,0,0,0,0,0,0,0,0,0,0,0,0,0,0,0,0,0,0,0,0,0,0,0,0,0,0,0,FS,Y,,2022,6,3,4/24/2009,22.80130293,21.51429443,21.25689273,22.80130293,0,45.4,44.9,51.5,46.4,39.5,22.9,13.2,17.1,16.6,25.8,29.2,26.5,14,26.2,26.7,12.8,14,32.5,45.6,30.5,13.1,24.2,53.6,85.2,101.6,85.4,52.5,19.6,7.3,0,0,0,0,0,0,0,0,0,0,0,0,0,0,0,0,0,0,0,0,0,0,0,0,0,0,0,0,0,0,0,0,0,0,0,0,0,0,0,0,0,0,0,0,0,0,0,0,0,0,0,0,0,0,0,0,0,0,0,0,0,95.2,79.4,64.7,56.1,53,65.5,81.6,99.2,100.1,98.9,100.7,107.9,85.9,63.7,60.3,75.3,90,114.1,124,102.3,80.7,69.4,64.3,75.4,88.9,88.7,79.3,83.2,90.5,0,0,0,0,0,0,0,0,0,0,0,0,0,0,0,0,0,0,0,0,0,0,0,0,0,0,0,0,0,0,0,0,0,0,0,0,0,0,0,0,0,0,0,0,0,0,0,0,0,0,0,0,0,0,0,0,0,0,0,0,1023.8,2438.3,35.30344828,84.07931034,55,115,2,2
25,5,A,S,2,48.9,1048,61,7,26,67,7,31,1.5,2,1,0,90,2206,16,48,46.5,22.8,17.1,18.2,24.3,27.3,27.6,32.3,32.3,40.2,43.2,44.1,37.7,28.5,24.9,24.1,20.5,25.4,35.1,40.3,44.5,60.5,76.4,88.2,89.8,84.2,84,88.8,73.1,54.9,43.2,31.9,24.3,30.5,39.2,49.1,52.5,38.3,24.6,34.7,52.2,58.1,55.6,52,35,26.9,34.8,23.4,0,0,0,0,0,0,0,0,0,0,0,0,0,0,0,0,0,0,0,0,0,0,0,0,0,0,0,0,0,0,0,0,0,0,0,0,0,0,0,0,0,0,115.1,105.4,103.6,102.7,106.7,105.3,106.7,103.3,95.8,97.1,80.6,68.5,55.5,59.2,71.1,82.4,98.9,111.5,121.1,120.9,109.3,98.7,79.5,55.2,25.5,14.5,51.2,73.3,87.2,103.2,111.9,113.8,109.6,106.4,101.3,97,99,94.4,78.5,69,76.5,84,99.1,103.7,103.4,110.3,114.8,101.5,0,0,0,0,0,0,0,0,0,0,0,0,0,0,0,0,0,0,0,0,0,0,0,0,0,0,0,0,0,0,0,0,0,0,0,0,0,0,0,0,0,0,TT,Y,,2022,1,3,4/23/2009,21.43149284,21.70854368,20.78640877,26.31921824,0,0,17.1,18.2,24.3,27.3,27.6,32.3,32.3,40.2,43.2,44.1,37.7,28.5,24.9,24.1,20.5,25.4,35.1,40.3,44.5,60.5,76.4,88.2,89.8,84.2,84,88.8,73.1,54.9,43.2,31.9,24.3,30.5,39.2,49.1,52.5,38.3,24.6,34.7,52.2,58.1,55.6,52,35,26.9,34.8,23.4,0,0,0,0,0,0,0,0,0,0,0,0,0,0,0,0,0,0,0,0,0,0,0,0,0,0,0,0,0,0,0,0,0,0,0,0,0,0,0,0,0,0,0,0,103.6,102.7,106.7,105.3,106.7,103.3,95.8,97.1,80.6,68.5,55.5,59.2,71.1,82.4,98.9,111.5,121.1,120.9,109.3,98.7,79.5,55.2,25.5,14.5,51.2,73.3,87.2,103.2,111.9,113.8,109.6,106.4,101.3,97,99,94.4,78.5,69,76.5,84,99.1,103.7,103.4,110.3,114.8,101.5,0,0,0,0,0,0,0,0,0,0,0,0,0,0,0,0,0,0,0,0,0,0,0,0,0,0,0,0,0,0,0,0,0,0,0,0,0,0,0,0,0,0,1993.8,4162.7,43.34347826,90.49347826,55,115,3,3
26,5,A,E,2,6.2,111,36,2,77,14,9,48,1.5,1,0,0,90,2206,16,6,63.3,55.8,52,39.5,17,5.9,0,0,0,0,0,0,0,0,0,0,0,0,0,0,0,0,0,0,0,0,0,0,0,0,0,0,0,0,0,0,0,0,0,0,0,0,0,0,0,0,0,0,0,0,0,0,0,0,0,0,0,0,0,0,0,0,0,0,0,0,0,0,0,0,0,0,0,0,0,0,0,0,0,0,0,0,0,0,0,0,0,0,0,0,110,81.4,70.5,69.4,76.7,81.8,0,0,0,0,0,0,0,0,0,0,0,0,0,0,0,0,0,0,0,0,0,0,0,0,0,0,0,0,0,0,0,0,0,0,0,0,0,0,0,0,0,0,0,0,0,0,0,0,0,0,0,0,0,0,0,0,0,0,0,0,0,0,0,0,0,0,0,0,0,0,0,0,0,0,0,0,0,0,0,0,0,0,0,0,TT,Y,,2022,2,3,4/23/2009,17.90322581,21.70854368,20.78640877,26.31921824,0,0,52,39.5,17,5.9,0,0,0,0,0,0,0,0,0,0,0,0,0,0,0,0,0,0,0,0,0,0,0,0,0,0,0,0,0,0,0,0,0,0,0,0,0,0,0,0,0,0,0,0,0,0,0,0,0,0,0,0,0,0,0,0,0,0,0,0,0,0,0,0,0,0,0,0,0,0,0,0,0,0,0,0,0,0,0,0,0,0,0,0,0,0,70.5,69.4,76.7,81.8,0,0,0,0,0,0,0,0,0,0,0,0,0,0,0,0,0,0,0,0,0,0,0,0,0,0,0,0,0,0,0,0,0,0,0,0,0,0,0,0,0,0,0,0,0,0,0,0,0,0,0,0,0,0,0,0,0,0,0,0,0,0,0,0,0,0,0,0,0,0,0,0,0,0,0,0,0,0,0,0,0,0,0,0,114.4,298.4,28.6,74.6,55,115,3,3
27,5,A,W,2,5.6,136,41,1,70,21,9,12,1.5,1,0,0,90,2206,16,5,110.1,86.9,53.1,26.3,12.9,0,0,0,0,0,0,0,0,0,0,0,0,0,0,0,0,0,0,0,0,0,0,0,0,0,0,0,0,0,0,0,0,0,0,0,0,0,0,0,0,0,0,0,0,0,0,0,0,0,0,0,0,0,0,0,0,0,0,0,0,0,0,0,0,0,0,0,0,0,0,0,0,0,0,0,0,0,0,0,0,0,0,0,0,0,52.4,46.9,57.9,79.2,89.5,0,0,0,0,0,0,0,0,0,0,0,0,0,0,0,0,0,0,0,0,0,0,0,0,0,0,0,0,0,0,0,0,0,0,0,0,0,0,0,0,0,0,0,0,0,0,0,0,0,0,0,0,0,0,0,0,0,0,0,0,0,0,0,0,0,0,0,0,0,0,0,0,0,0,0,0,0,0,0,0,0,0,0,0,0,TT,Y,,2022,3,3,4/23/2009,24.28571429,21.70854368,20.78640877,26.31921824,0,0,0,0,0,0,0,0,0,0,0,0,0,0,0,0,0,0,0,0,0,0,0,0,0,0,0,0,0,0,0,0,0,0,0,0,0,0,0,0,0,0,0,0,0,0,0,0,0,0,0,0,0,0,0,0,0,0,0,0,0,0,0,0,0,0,0,0,0,0,0,0,0,0,0,0,0,0,0,0,0,0,0,0,0,0,0,0,0,0,0,0,0,0,0,0,0,0,0,0,0,0,0,0,0,0,0,0,0,0,0,0,0,0,0,0,0,0,0,0,0,0,0,0,0,0,0,0,0,0,0,0,0,0,0,0,0,0,0,0,0,0,0,0,0,0,0,0,0,0,0,0,0,0,0,0,0,0,0,0,0,0,0,0,0,0,0,0,0,0,0,0,0,0,0,0,0,0,0,0,0,0,0,0,115,55,6,6
25,6,A,N,2,12.1,218,14,21,55,40,5,43,1.5,1,0,0,90,2206,16,12,114.2,98.7,78.2,75,80.2,85.9,84.7,80.4,60,48,28.2,11.1,0,0,0,0,0,0,0,0,0,0,0,0,0,0,0,0,0,0,0,0,0,0,0,0,0,0,0,0,0,0,0,0,0,0,0,0,0,0,0,0,0,0,0,0,0,0,0,0,0,0,0,0,0,0,0,0,0,0,0,0,0,0,0,0,0,0,0,0,0,0,0,0,0,0,0,0,0,0,58,38.3,39.1,52.7,63.2,67.6,70.1,74.9,72.8,73.8,73.4,78.3,0,0,0,0,0,0,0,0,0,0,0,0,0,0,0,0,0,0,0,0,0,0,0,0,0,0,0,0,0,0,0,0,0,0,0,0,0,0,0,0,0,0,0,0,0,0,0,0,0,0,0,0,0,0,0,0,0,0,0,0,0,0,0,0,0,0,0,0,0,0,0,0,0,0,0,0,0,0,TT,Y,,2022,4,3,4/24/2009,18.01652893,21.70854368,20.78640877,26.31921824,0,0,0,0,0,85.9,84.7,80.4,60,48,28.2,11.1,0,0,0,0,0,0,0,0,0,0,0,0,0,0,0,0,0,0,0,0,0,0,0,0,0,0,0,0,0,0,0,0,0,0,0,0,0,0,0,0,0,0,0,0,0,0,0,0,0,0,0,0,0,0,0,0,0,0,0,0,0,0,0,0,0,0,0,0,0,0,0,0,0,0,0,0,0,0,0,0,0,0,0,67.6,70.1,74.9,72.8,73.8,73.4,78.3,0,0,0,0,0,0,0,0,0,0,0,0,0,0,0,0,0,0,0,0,0,0,0,0,0,0,0,0,0,0,0,0,0,0,0,0,0,0,0,0,0,0,0,0,0,0,0,0,0,0,0,0,0,0,0,0,0,0,0,0,0,0,0,0,0,0,0,0,0,0,0,0,0,0,0,0,0,0,398.3,510.9,56.9,72.98571429,115,55,6,6
26,6,A,W,2,6.1,136,50,0,76,16,8,8,1.5,1,0,0,90,2206,16,6,109.3,78.7,43.6,22.9,11.1,2.6,0,0,0,0,0,0,0,0,0,0,0,0,0,0,0,0,0,0,0,0,0,0,0,0,0,0,0,0,0,0,0,0,0,0,0,0,0,0,0,0,0,0,0,0,0,0,0,0,0,0,0,0,0,0,0,0,0,0,0,0,0,0,0,0,0,0,0,0,0,0,0,0,0,0,0,0,0,0,0,0,0,0,0,0,53.7,45.8,56.1,68.8,79.9,86.5,0,0,0,0,0,0,0,0,0,0,0,0,0,0,0,0,0,0,0,0,0,0,0,0,0,0,0,0,0,0,0,0,0,0,0,0,0,0,0,0,0,0,0,0,0,0,0,0,0,0,0,0,0,0,0,0,0,0,0,0,0,0,0,0,0,0,0,0,0,0,0,0,0,0,0,0,0,0,0,0,0,0,0,0,TT,Y,,2022,5,3,4/24/2009,22.29508197,21.70854368,20.78640877,26.31921824,0,0,0,0,0,0,0,0,0,0,0,0,0,0,0,0,0,0,0,0,0,0,0,0,0,0,0,0,0,0,0,0,0,0,0,0,0,0,0,0,0,0,0,0,0,0,0,0,0,0,0,0,0,0,0,0,0,0,0,0,0,0,0,0,0,0,0,0,0,0,0,0,0,0,0,0,0,0,0,0,0,0,0,0,0,0,0,0,0,0,0,0,0,0,0,0,0,0,0,0,0,0,0,0,0,0,0,0,0,0,0,0,0,0,0,0,0,0,0,0,0,0,0,0,0,0,0,0,0,0,0,0,0,0,0,0,0,0,0,0,0,0,0,0,0,0,0,0,0,0,0,0,0,0,0,0,0,0,0,0,0,0,0,0,0,0,0,0,0,0,0,0,0,0,0,0,0,0,0,0,0,0,0,0,115,55,6,6
27,6,A,S,2,30.7,808,52,7,54,41,5,8,1.5,2,0,0,90,2206,16,30,53.6,25.9,9.5,19.6,45.4,69.3,71.1,54.9,28.6,25.4,29.8,36.1,49,60.7,73.7,77.7,66.5,36.3,9.4,24.2,26.8,25.3,17,13.9,25.3,46.3,65.6,72.3,61.9,54.5,0,0,0,0,0,0,0,0,0,0,0,0,0,0,0,0,0,0,0,0,0,0,0,0,0,0,0,0,0,0,0,0,0,0,0,0,0,0,0,0,0,0,0,0,0,0,0,0,0,0,0,0,0,0,0,0,0,0,0,0,112.6,100.1,94.9,86.1,73.2,63.5,46.1,36.3,63.9,98.3,115.2,117.2,111.4,98.6,81.6,69.8,53.8,57.1,83.8,104.5,102.9,94.8,81.6,75.4,81.3,85,77.7,61.8,41.1,40.8,0,0,0,0,0,0,0,0,0,0,0,0,0,0,0,0,0,0,0,0,0,0,0,0,0,0,0,0,0,0,0,0,0,0,0,0,0,0,0,0,0,0,0,0,0,0,0,0,0,0,0,0,0,0,0,0,0,0,0,0,FS,Y,,2022,6,3,4/24/2009,26.31921824,21.70854368,20.78640877,26.31921824,0,25.9,9.5,19.6,45.4,69.3,71.1,54.9,28.6,25.4,29.8,36.1,49,60.7,73.7,77.7,66.5,36.3,9.4,24.2,26.8,25.3,17,13.9,25.3,46.3,65.6,72.3,61.9,54.5,0,0,0,0,0,0,0,0,0,0,0,0,0,0,0,0,0,0,0,0,0,0,0,0,0,0,0,0,0,0,0,0,0,0,0,0,0,0,0,0,0,0,0,0,0,0,0,0,0,0,0,0,0,0,0,0,0,0,0,0,0,100.1,94.9,86.1,73.2,63.5,46.1,36.3,63.9,98.3,115.2,117.2,111.4,98.6,81.6,69.8,53.8,57.1,83.8,104.5,102.9,94.8,81.6,75.4,81.3,85,77.7,61.8,41.1,40.8,0,0,0,0,0,0,0,0,0,0,0,0,0,0,0,0,0,0,0,0,0,0,0,0,0,0,0,0,0,0,0,0,0,0,0,0,0,0,0,0,0,0,0,0,0,0,0,0,0,0,0,0,0,0,0,0,0,0,0,0,1222,2297.8,42.13793103,79.23448276,55,115,2,2
37,5,A,S,2,3.9,67,97,1,10,57,33,31,1.5,1,0,0,90,2206,20,3,55.8,40.3,23,0,0,0,0,0,0,0,0,0,0,0,0,0,0,0,0,0,0,0,0,0,0,0,0,0,0,0,0,0,0,0,0,0,0,0,0,0,0,0,0,0,0,0,0,0,0,0,0,0,0,0,0,0,0,0,0,0,0,0,0,0,0,0,0,0,0,0,0,0,0,0,0,0,0,0,0,0,0,0,0,0,0,0,0,0,0,0,114,109.4,103,0,0,0,0,0,0,0,0,0,0,0,0,0,0,0,0,0,0,0,0,0,0,0,0,0,0,0,0,0,0,0,0,0,0,0,0,0,0,0,0,0,0,0,0,0,0,0,0,0,0,0,0,0,0,0,0,0,0,0,0,0,0,0,0,0,0,0,0,0,0,0,0,0,0,0,0,0,0,0,0,0,0,0,0,0,0,0,TT,Y,,2022,1,3,4/23/2009,17.17948718,19.31655427,19.32272227,19.28571429,0,0,23,0,0,0,0,0,0,0,0,0,0,0,0,0,0,0,0,0,0,0,0,0,0,0,0,0,0,0,0,0,0,0,0,0,0,0,0,0,0,0,0,0,0,0,0,0,0,0,0,0,0,0,0,0,0,0,0,0,0,0,0,0,0,0,0,0,0,0,0,0,0,0,0,0,0,0,0,0,0,0,0,0,0,0,0,0,0,0,0,0,103,0,0,0,0,0,0,0,0,0,0,0,0,0,0,0,0,0,0,0,0,0,0,0,0,0,0,0,0,0,0,0,0,0,0,0,0,0,0,0,0,0,0,0,0,0,0,0,0,0,0,0,0,0,0,0,0,0,0,0,0,0,0,0,0,0,0,0,0,0,0,0,0,0,0,0,0,0,0,0,0,0,0,0,0,0,0,0,23,103,23,103,55,115,3,3
38,5,A,E,2,82,1904,43,8,49,22,29,30,1.5,5,0,0,90,2206,20,81,64.3,60.5,59.6,66,67.2,63.9,67.8,66.7,50.6,22,26.2,36.7,41.9,34.8,19.5,9.1,15.2,23.1,36.6,46.2,35.6,35.9,36.6,40.6,51.9,68.8,65.6,53.2,36.7,26.5,49.8,67.7,69.8,82.7,81.4,89.3,90.3,82.4,69.9,55.4,33.8,34.1,63.5,80.3,71.9,58,42.8,33,14.5,14.2,25.2,23.5,17.4,34.9,48,39,24.4,20.6,38.3,51,46.1,37.3,27.2,45.3,70.5,72.4,71.7,76.2,72.1,62.1,48,42.1,33.4,27,36.4,44.8,52.5,55.9,69.5,61.5,33.4,0,0,0,0,0,0,0,0,0,117.6,99,79,62.5,52.1,35.7,19.3,25.4,40.9,70.6,89.5,74.9,52.9,53.4,67.6,86,95.1,105.9,121.6,126.4,111.3,93.7,76.4,58.3,36.7,24.8,29.1,46,61.4,85.3,124.1,129.4,120.6,117.1,107.1,100.7,96.2,83.3,66.5,66.9,63,65.2,82,100.2,109.3,118.2,113.4,106,88.5,73.8,62.5,64,81.1,108.2,124.8,123.4,107,82.7,63,46,44.9,52.5,71.9,91.2,104.6,95.9,83,83.7,97.9,111.9,124.1,128,116.9,98.3,84.6,77.1,82.3,101.8,122.3,123.2,108.8,0,0,0,0,0,0,0,0,0,TT,Y,,2022,2,3,4/23/2009,23.2195122,19.31655427,19.32272227,19.28571429,0,0,59.6,66,67.2,63.9,67.8,66.7,50.6,22,26.2,36.7,41.9,34.8,19.5,9.1,15.2,23.1,36.6,46.2,35.6,35.9,36.6,40.6,51.9,68.8,65.6,53.2,36.7,26.5,49.8,67.7,69.8,82.7,81.4,89.3,90.3,82.4,69.9,55.4,33.8,34.1,63.5,80.3,71.9,58,42.8,33,14.5,14.2,25.2,23.5,17.4,34.9,48,39,24.4,20.6,38.3,51,46.1,37.3,27.2,45.3,70.5,72.4,71.7,76.2,72.1,62.1,48,42.1,33.4,27,36.4,44.8,52.5,55.9,69.5,61.5,33.4,0,0,0,0,0,0,0,0,0,0,0,79,62.5,52.1,35.7,19.3,25.4,40.9,70.6,89.5,74.9,52.9,53.4,67.6,86,95.1,105.9,121.6,126.4,111.3,93.7,76.4,58.3,36.7,24.8,29.1,46,61.4,85.3,124.1,129.4,120.6,117.1,107.1,100.7,96.2,83.3,66.5,66.9,63,65.2,82,100.2,109.3,118.2,113.4,106,88.5,73.8,62.5,64,81.1,108.2,124.8,123.4,107,82.7,63,46,44.9,52.5,71.9,91.2,104.6,95.9,83,83.7,97.9,111.9,124.1,128,116.9,98.3,84.6,77.1,82.3,101.8,122.3,123.2,108.8,0,0,0,0,0,0,0,0,0,3797,6680.9,48.06329114,84.56835443,55,115,3,3
39,5,A,W,2,21.6,406,36,18,26,54,20,-6,1.5,1,0,0,90,2206,20,21,111.9,102.8,93.4,92.1,105.5,106,94.6,86.3,81.5,71.1,59.1,47.1,35.2,23,23.5,26.5,38.8,46.2,40.1,26.2,15.4,0,0,0,0,0,0,0,0,0,0,0,0,0,0,0,0,0,0,0,0,0,0,0,0,0,0,0,0,0,0,0,0,0,0,0,0,0,0,0,0,0,0,0,0,0,0,0,0,0,0,0,0,0,0,0,0,0,0,0,0,0,0,0,0,0,0,0,0,0,47,40,31.3,35.6,46.5,54.1,53.7,64.3,84.3,100.8,107,114.5,114.8,104.2,103.6,97.9,82.7,71.8,64.4,71.8,84.6,0,0,0,0,0,0,0,0,0,0,0,0,0,0,0,0,0,0,0,0,0,0,0,0,0,0,0,0,0,0,0,0,0,0,0,0,0,0,0,0,0,0,0,0,0,0,0,0,0,0,0,0,0,0,0,0,0,0,0,0,0,0,0,0,0,0,0,0,0,TT,Y,,2022,3,3,4/23/2009,18.7962963,19.31655427,19.32272227,19.28571429,0,0,0,0,0,106,94.6,86.3,81.5,71.1,59.1,47.1,35.2,23,23.5,26.5,38.8,46.2,40.1,26.2,15.4,0,0,0,0,0,0,0,0,0,0,0,0,0,0,0,0,0,0,0,0,0,0,0,0,0,0,0,0,0,0,0,0,0,0,0,0,0,0,0,0,0,0,0,0,0,0,0,0,0,0,0,0,0,0,0,0,0,0,0,0,0,0,0,0,0,0,0,0,0,0,0,0,0,0,54.1,53.7,64.3,84.3,100.8,107,114.5,114.8,104.2,103.6,97.9,82.7,71.8,64.4,71.8,84.6,0,0,0,0,0,0,0,0,0,0,0,0,0,0,0,0,0,0,0,0,0,0,0,0,0,0,0,0,0,0,0,0,0,0,0,0,0,0,0,0,0,0,0,0,0,0,0,0,0,0,0,0,0,0,0,0,0,0,0,0,0,0,0,0,0,0,0,0,0,820.6,1374.5,51.2875,85.90625,115,55,6,6
37,6,A,N,2,90.1,1921,20,31,22,26,52,-1,1.5,0,0,0,90,2206,20,90,108.8,99.5,90.7,89.1,89.1,84.3,87.4,110.7,124.1,122.2,125.8,125,122.6,118.3,116,112.9,104.2,93.3,81.6,73.4,65.1,57.4,52,45.4,53.6,68.9,94,90,78.8,70.3,71.3,89.4,109.3,118.3,120.3,123.2,122.3,115.8,107.5,110.9,113.2,119.2,121.3,121.9,120.6,119.4,117.9,117,105.4,83.3,71.6,60.2,50.6,43.8,37.9,38.3,45.8,37,28.6,36,58.6,58.1,48.5,30.5,24.5,45,59.2,69,63.2,51.8,38.8,30.4,32.1,24.9,23.2,27.2,53.3,66.2,69.3,70.7,82.5,96.6,103.5,103.8,95.1,79.4,66.1,54.5,56.3,70.6,61.8,54.1,45.3,39.4,33.6,28.8,20.4,29.2,39.1,36.4,39.4,40.2,46.1,48,51.8,69,80.1,93.3,101.8,109.3,109.7,104.4,96.1,82.6,79,88,96.7,96.5,104,102.9,92.3,84.3,74.8,60.5,45,37.4,40.5,42.3,54.3,75.2,72.2,59,50,42.4,36.5,33.3,34.2,35.5,31.2,25.6,23.2,30.3,40.6,59.3,86.1,107,128.2,123.4,114.4,119.7,133.2,124.2,114.1,104.8,109.3,123,118.9,111.1,93.9,77.2,71.5,68.6,59.6,62.2,67.7,85.9,115.5,127.6,119.3,104.2,98.4,96.2,84.3,73.9,59.7,49.6,54.1,66.7,104.3,124.8,TT,Y,,2022,4,3,4/24/2009,21.32075472,19.31655427,19.32272227,19.28571429,0,0,0,0,0,84.3,87.4,110.7,124.1,122.2,125.8,125,122.6,118.3,116,112.9,104.2,93.3,81.6,73.4,65.1,57.4,52,45.4,53.6,68.9,94,90,78.8,70.3,71.3,89.4,109.3,118.3,120.3,123.2,122.3,115.8,107.5,110.9,113.2,119.2,121.3,121.9,120.6,119.4,117.9,117,105.4,83.3,71.6,60.2,50.6,43.8,37.9,38.3,45.8,37,28.6,36,58.6,58.1,48.5,30.5,24.5,45,59.2,69,63.2,51.8,38.8,30.4,32.1,24.9,23.2,27.2,53.3,66.2,69.3,70.7,82.5,96.6,103.5,103.8,95.1,79.4,66.1,54.5,56.3,70.6,0,0,0,0,0,28.8,20.4,29.2,39.1,36.4,39.4,40.2,46.1,48,51.8,69,80.1,93.3,101.8,109.3,109.7,104.4,96.1,82.6,79,88,96.7,96.5,104,102.9,92.3,84.3,74.8,60.5,45,37.4,40.5,42.3,54.3,75.2,72.2,59,50,42.4,36.5,33.3,34.2,35.5,31.2,25.6,23.2,30.3,40.6,59.3,86.1,107,128.2,123.4,114.4,119.7,133.2,124.2,114.1,104.8,109.3,123,118.9,111.1,93.9,77.2,71.5,68.6,59.6,62.2,67.7,85.9,115.5,127.6,119.3,104.2,98.4,96.2,84.3,73.9,59.7,49.6,54.1,66.7,104.3,124.8,6707.5,6455.3,78.91176471,75.94470588,115,55,6,6
38,6,A,W,2,12.3,198,22,3,19,59,22,11,1.5,1,0,0,90,2206,20,12,112.8,103.9,97.3,88.7,85.3,82.6,77.7,65.4,52.1,39.2,25.6,12.8,0,0,0,0,0,0,0,0,0,0,0,0,0,0,0,0,0,0,0,0,0,0,0,0,0,0,0,0,0,0,0,0,0,0,0,0,0,0,0,0,0,0,0,0,0,0,0,0,0,0,0,0,0,0,0,0,0,0,0,0,0,0,0,0,0,0,0,0,0,0,0,0,0,0,0,0,0,0,53,49.4,48.9,50.5,60.9,90.5,104,96.8,93.8,89.1,85.7,90.4,0,0,0,0,0,0,0,0,0,0,0,0,0,0,0,0,0,0,0,0,0,0,0,0,0,0,0,0,0,0,0,0,0,0,0,0,0,0,0,0,0,0,0,0,0,0,0,0,0,0,0,0,0,0,0,0,0,0,0,0,0,0,0,0,0,0,0,0,0,0,0,0,0,0,0,0,0,0,TT,Y,,2022,5,3,4/24/2009,16.09756098,19.31655427,19.32272227,19.28571429,0,0,0,0,0,82.6,77.7,65.4,52.1,39.2,25.6,12.8,0,0,0,0,0,0,0,0,0,0,0,0,0,0,0,0,0,0,0,0,0,0,0,0,0,0,0,0,0,0,0,0,0,0,0,0,0,0,0,0,0,0,0,0,0,0,0,0,0,0,0,0,0,0,0,0,0,0,0,0,0,0,0,0,0,0,0,0,0,0,0,0,0,0,0,0,0,0,0,0,0,0,0,90.5,104,96.8,93.8,89.1,85.7,90.4,0,0,0,0,0,0,0,0,0,0,0,0,0,0,0,0,0,0,0,0,0,0,0,0,0,0,0,0,0,0,0,0,0,0,0,0,0,0,0,0,0,0,0,0,0,0,0,0,0,0,0,0,0,0,0,0,0,0,0,0,0,0,0,0,0,0,0,0,0,0,0,0,0,0,0,0,0,0,355.4,650.3,50.77142857,92.9,115,55,6,6
39,6,A,S,2,30.8,594,86,1,46,48,6,11,1.5,4,0,0,90,2206,20,30,51.1,38.9,27.4,22.3,20.1,21.2,18,12.1,8.7,14.7,21.2,31,38.6,48.2,46.4,31.4,21.3,24.1,36.7,37.2,21.3,8,11.5,21.5,15.1,20.7,36.9,37.4,53.9,63.3,0,0,0,0,0,0,0,0,0,0,0,0,0,0,0,0,0,0,0,0,0,0,0,0,0,0,0,0,0,0,0,0,0,0,0,0,0,0,0,0,0,0,0,0,0,0,0,0,0,0,0,0,0,0,0,0,0,0,0,0,112.1,101.2,92.4,79.7,69.8,65.7,71.6,82.2,92.9,101,106.1,110.1,108.2,111.7,117.2,111.6,107,99.8,92.1,79.9,77.8,80.1,86,91.6,96.8,104.5,108.3,92.8,75.4,61.1,0,0,0,0,0,0,0,0,0,0,0,0,0,0,0,0,0,0,0,0,0,0,0,0,0,0,0,0,0,0,0,0,0,0,0,0,0,0,0,0,0,0,0,0,0,0,0,0,0,0,0,0,0,0,0,0,0,0,0,0,FS,Y,,2022,6,3,4/24/2009,19.28571429,19.31655427,19.32272227,19.28571429,0,0,27.4,22.3,20.1,21.2,18,12.1,8.7,14.7,21.2,31,38.6,48.2,46.4,31.4,21.3,24.1,36.7,37.2,21.3,8,11.5,21.5,15.1,20.7,36.9,37.4,53.9,63.3,0,0,0,0,0,0,0,0,0,0,0,0,0,0,0,0,0,0,0,0,0,0,0,0,0,0,0,0,0,0,0,0,0,0,0,0,0,0,0,0,0,0,0,0,0,0,0,0,0,0,0,0,0,0,0,0,0,0,0,0,0,0,92.4,79.7,69.8,65.7,71.6,82.2,92.9,101,106.1,110.1,108.2,111.7,117.2,111.6,107,99.8,92.1,79.9,77.8,80.1,86,91.6,96.8,104.5,108.3,92.8,75.4,61.1,0,0,0,0,0,0,0,0,0,0,0,0,0,0,0,0,0,0,0,0,0,0,0,0,0,0,0,0,0,0,0,0,0,0,0,0,0,0,0,0,0,0,0,0,0,0,0,0,0,0,0,0,0,0,0,0,0,0,0,0,770.2,2573.4,27.50714286,91.90714286,55,115,3,3
40,5,A,S,2,52.9,1005,33,2,19,32,49,-118,1.5,1,0,0,90,2206,21,52,58.8,53.2,53.7,56.2,69.8,72.8,79,99.1,105.9,99.4,85.9,62.6,46.7,26.3,16.9,29.9,42.8,42.4,42.1,42.4,34.4,31.5,35.9,60.4,85.3,84.6,81.5,89.8,98.4,94.6,89.9,99.4,104.7,103.4,99.3,82.1,54.9,32.8,24.4,19.9,31.6,55,72.2,76.1,87.6,95.5,85.2,77.3,73.3,42.5,27.3,15.8,0,0,0,0,0,0,0,0,0,0,0,0,0,0,0,0,0,0,0,0,0,0,0,0,0,0,0,0,0,0,0,0,0,0,0,0,0,0,110.8,107.3,103.7,107.7,108.6,104.8,95,89.6,81.1,66.7,53.1,44.6,45.1,64.8,90.6,116,129.3,128.7,127.7,126.7,115.2,106.2,98.5,102.4,114.9,114.5,110.2,102.1,97.1,89.2,72.7,73.8,81.7,80.6,77.5,77,70.4,69.9,63.6,72.2,97.8,112.7,109.5,101.3,95.3,91.5,79.7,73.3,74.3,76.3,86.1,101.3,0,0,0,0,0,0,0,0,0,0,0,0,0,0,0,0,0,0,0,0,0,0,0,0,0,0,0,0,0,0,0,0,0,0,0,0,0,0,TT,Y,,2022,1,3,4/23/2009,18.99810964,19.56922969,19.43747302,20.22801303,0,0,53.7,56.2,69.8,72.8,79,99.1,105.9,99.4,85.9,62.6,46.7,26.3,16.9,29.9,42.8,42.4,42.1,42.4,34.4,31.5,35.9,60.4,85.3,84.6,81.5,89.8,98.4,94.6,89.9,99.4,104.7,103.4,99.3,82.1,54.9,32.8,24.4,19.9,31.6,55,72.2,76.1,87.6,95.5,85.2,77.3,73.3,42.5,27.3,15.8,0,0,0,0,0,0,0,0,0,0,0,0,0,0,0,0,0,0,0,0,0,0,0,0,0,0,0,0,0,0,0,0,0,0,0,0,0,0,0,0,103.7,107.7,108.6,104.8,95,89.6,81.1,66.7,53.1,44.6,45.1,64.8,90.6,116,129.3,128.7,127.7,126.7,115.2,106.2,98.5,102.4,114.9,114.5,110.2,102.1,97.1,89.2,72.7,73.8,81.7,80.6,77.5,77,70.4,69.9,63.6,72.2,97.8,112.7,109.5,101.3,95.3,91.5,79.7,73.3,74.3,76.3,86.1,101.3,0,0,0,0,0,0,0,0,0,0,0,0,0,0,0,0,0,0,0,0,0,0,0,0,0,0,0,0,0,0,0,0,0,0,0,0,0,0,3220.5,4572.6,64.41,91.452,55,115,3,3
41,5,A,E,2,26.5,570,41,14,37,27,36,81,1.5,2,0,0,90,2206,21,26,66.4,63.4,70.2,68.7,83.3,78.9,76.9,56.8,31.5,52.9,69.1,79.6,81.9,78.6,74.4,61.2,37.8,21.3,31.7,43.7,40,39.1,47.2,33.5,17.1,9.6,0,0,0,0,0,0,0,0,0,0,0,0,0,0,0,0,0,0,0,0,0,0,0,0,0,0,0,0,0,0,0,0,0,0,0,0,0,0,0,0,0,0,0,0,0,0,0,0,0,0,0,0,0,0,0,0,0,0,0,0,0,0,0,0,126.5,124.3,125.6,114.7,115.9,106.5,105,87,66.4,38.4,25,14.3,20.5,46.2,68.7,81,91.1,97.4,117.7,130.2,126.1,112.8,91.3,77.6,79.8,83.1,0,0,0,0,0,0,0,0,0,0,0,0,0,0,0,0,0,0,0,0,0,0,0,0,0,0,0,0,0,0,0,0,0,0,0,0,0,0,0,0,0,0,0,0,0,0,0,0,0,0,0,0,0,0,0,0,0,0,0,0,0,0,0,0,TT,Y,,2022,2,3,4/23/2009,21.50943396,19.56922969,19.43747302,20.22801303,0,0,70.2,68.7,83.3,78.9,76.9,56.8,31.5,52.9,69.1,79.6,81.9,78.6,74.4,61.2,37.8,21.3,31.7,43.7,40,39.1,47.2,33.5,17.1,9.6,0,0,0,0,0,0,0,0,0,0,0,0,0,0,0,0,0,0,0,0,0,0,0,0,0,0,0,0,0,0,0,0,0,0,0,0,0,0,0,0,0,0,0,0,0,0,0,0,0,0,0,0,0,0,0,0,0,0,0,0,0,0,0,0,0,0,125.6,114.7,115.9,106.5,105,87,66.4,38.4,25,14.3,20.5,46.2,68.7,81,91.1,97.4,117.7,130.2,126.1,112.8,91.3,77.6,79.8,83.1,0,0,0,0,0,0,0,0,0,0,0,0,0,0,0,0,0,0,0,0,0,0,0,0,0,0,0,0,0,0,0,0,0,0,0,0,0,0,0,0,0,0,0,0,0,0,0,0,0,0,0,0,0,0,0,0,0,0,0,0,0,0,0,0,1285,2022.3,53.54166667,84.2625,55,115,3,3
42,5,A,W,2,13.6,251,27,20,48,35,17,-41,1.5,1,0,0,90,2206,21,13,117,100.4,85.3,65.5,56.1,56,72.2,79.5,65.1,41.6,20.3,15.1,11,0,0,0,0,0,0,0,0,0,0,0,0,0,0,0,0,0,0,0,0,0,0,0,0,0,0,0,0,0,0,0,0,0,0,0,0,0,0,0,0,0,0,0,0,0,0,0,0,0,0,0,0,0,0,0,0,0,0,0,0,0,0,0,0,0,0,0,0,0,0,0,0,0,0,0,0,0,48.9,30.5,30.8,46,68.6,83.3,96.9,98.4,84.7,79.3,81.3,89.6,96.2,0,0,0,0,0,0,0,0,0,0,0,0,0,0,0,0,0,0,0,0,0,0,0,0,0,0,0,0,0,0,0,0,0,0,0,0,0,0,0,0,0,0,0,0,0,0,0,0,0,0,0,0,0,0,0,0,0,0,0,0,0,0,0,0,0,0,0,0,0,0,0,0,0,0,0,0,0,TT,Y,,2022,3,3,4/23/2009,18.45588235,19.56922969,19.43747302,20.22801303,0,0,0,0,0,56,72.2,79.5,65.1,41.6,20.3,15.1,11,0,0,0,0,0,0,0,0,0,0,0,0,0,0,0,0,0,0,0,0,0,0,0,0,0,0,0,0,0,0,0,0,0,0,0,0,0,0,0,0,0,0,0,0,0,0,0,0,0,0,0,0,0,0,0,0,0,0,0,0,0,0,0,0,0,0,0,0,0,0,0,0,0,0,0,0,0,0,0,0,0,0,83.3,96.9,98.4,84.7,79.3,81.3,89.6,96.2,0,0,0,0,0,0,0,0,0,0,0,0,0,0,0,0,0,0,0,0,0,0,0,0,0,0,0,0,0,0,0,0,0,0,0,0,0,0,0,0,0,0,0,0,0,0,0,0,0,0,0,0,0,0,0,0,0,0,0,0,0,0,0,0,0,0,0,0,0,0,0,0,0,0,0,0,0,360.8,709.7,45.1,88.7125,115,55,6,6
40,6,A,N,2,46.1,923,36,6,31,21,48,-38,1.5,2,0,0,90,2206,21,46,113.1,109.2,107.7,108.1,112.5,115.3,112.9,108.8,99.1,76.9,51.8,46.1,74,89.9,87.9,82.5,82.1,80.9,66,56.6,43.9,43.4,40.9,47.4,58.7,59.4,74.6,84.8,89.8,92.1,86,74.1,57.2,47.7,40.9,29.1,35,27.6,19.5,19.6,23.8,30.2,47.7,47.9,28.4,10.8,0,0,0,0,0,0,0,0,0,0,0,0,0,0,0,0,0,0,0,0,0,0,0,0,0,0,0,0,0,0,0,0,0,0,0,0,0,0,0,0,0,0,0,0,65.1,65,62.6,67.8,66.8,62.8,64.7,61.1,61.2,52.3,43.1,55.3,79.8,92.4,92,88.8,92,101.7,113,118.4,122.9,128.4,127,128.7,128.9,119.4,114.6,107.9,91.6,85.4,69.1,54.3,50.2,48.6,48.8,63.3,78.3,89,84.4,79.7,83.9,98.9,114.2,103.1,88.1,90.4,0,0,0,0,0,0,0,0,0,0,0,0,0,0,0,0,0,0,0,0,0,0,0,0,0,0,0,0,0,0,0,0,0,0,0,0,0,0,0,0,0,0,0,0,TT,Y,,2022,4,3,4/24/2009,20.02169197,19.56922969,19.43747302,20.22801303,0,0,0,0,0,115.3,112.9,108.8,99.1,76.9,51.8,46.1,74,89.9,87.9,82.5,82.1,80.9,66,56.6,43.9,43.4,40.9,47.4,58.7,59.4,74.6,84.8,89.8,92.1,86,74.1,57.2,47.7,40.9,29.1,35,27.6,19.5,19.6,23.8,30.2,47.7,47.9,28.4,10.8,0,0,0,0,0,0,0,0,0,0,0,0,0,0,0,0,0,0,0,0,0,0,0,0,0,0,0,0,0,0,0,0,0,0,0,0,0,0,0,0,0,0,0,0,0,0,0,0,0,62.8,64.7,61.1,61.2,52.3,43.1,55.3,79.8,92.4,92,88.8,92,101.7,113,118.4,122.9,128.4,127,128.7,128.9,119.4,114.6,107.9,91.6,85.4,69.1,54.3,50.2,48.6,48.8,63.3,78.3,89,84.4,79.7,83.9,98.9,114.2,103.1,88.1,90.4,0,0,0,0,0,0,0,0,0,0,0,0,0,0,0,0,0,0,0,0,0,0,0,0,0,0,0,0,0,0,0,0,0,0,0,0,0,0,0,0,0,0,0,0,2491.3,3577.7,60.76341463,87.26097561,115,55,6,6
41,6,A,W,2,8.9,162,28,26,55,37,8,7,1.5,1,0,0,90,2206,21,8,113.1,108.1,103,86.7,63.6,45.9,31.7,16.9,0,0,0,0,0,0,0,0,0,0,0,0,0,0,0,0,0,0,0,0,0,0,0,0,0,0,0,0,0,0,0,0,0,0,0,0,0,0,0,0,0,0,0,0,0,0,0,0,0,0,0,0,0,0,0,0,0,0,0,0,0,0,0,0,0,0,0,0,0,0,0,0,0,0,0,0,0,0,0,0,0,0,49.3,43.7,43.3,44.9,55.1,71.4,84.1,92.9,0,0,0,0,0,0,0,0,0,0,0,0,0,0,0,0,0,0,0,0,0,0,0,0,0,0,0,0,0,0,0,0,0,0,0,0,0,0,0,0,0,0,0,0,0,0,0,0,0,0,0,0,0,0,0,0,0,0,0,0,0,0,0,0,0,0,0,0,0,0,0,0,0,0,0,0,0,0,0,0,0,0,TT,Y,,2022,5,3,4/24/2009,18.20224719,19.56922969,19.43747302,20.22801303,0,0,0,0,0,45.9,31.7,16.9,0,0,0,0,0,0,0,0,0,0,0,0,0,0,0,0,0,0,0,0,0,0,0,0,0,0,0,0,0,0,0,0,0,0,0,0,0,0,0,0,0,0,0,0,0,0,0,0,0,0,0,0,0,0,0,0,0,0,0,0,0,0,0,0,0,0,0,0,0,0,0,0,0,0,0,0,0,0,0,0,0,0,0,0,0,0,0,71.4,84.1,92.9,0,0,0,0,0,0,0,0,0,0,0,0,0,0,0,0,0,0,0,0,0,0,0,0,0,0,0,0,0,0,0,0,0,0,0,0,0,0,0,0,0,0,0,0,0,0,0,0,0,0,0,0,0,0,0,0,0,0,0,0,0,0,0,0,0,0,0,0,0,0,0,0,0,0,0,0,0,0,0,0,0,0,94.5,248.4,31.5,82.8,115,55,6,6
42,6,A,S,2,30.7,621,74,4,51,31,18,-55,1.5,5,0,0,90,2206,21,30,60.1,60.5,60.4,50.6,29.8,16,6.2,12.9,18.5,9.9,10.7,12.4,7.7,18.2,27.9,19.6,13.1,24.6,25.5,14.3,9.2,15.6,19.3,27.5,19.1,18.6,59.4,91.9,95.9,99.6,0,0,0,0,0,0,0,0,0,0,0,0,0,0,0,0,0,0,0,0,0,0,0,0,0,0,0,0,0,0,0,0,0,0,0,0,0,0,0,0,0,0,0,0,0,0,0,0,0,0,0,0,0,0,0,0,0,0,0,0,115.8,113.2,109.5,95.8,89.9,94.6,91.3,93.4,89.5,86.3,97.2,99,89.8,93.4,111.2,106.2,98.5,79.7,65.9,73.6,84,99.9,94.5,80.6,76.9,78.2,80.6,92.9,83.1,61.8,0,0,0,0,0,0,0,0,0,0,0,0,0,0,0,0,0,0,0,0,0,0,0,0,0,0,0,0,0,0,0,0,0,0,0,0,0,0,0,0,0,0,0,0,0,0,0,0,0,0,0,0,0,0,0,0,0,0,0,0,FS,Y,,2022,6,3,4/24/2009,20.22801303,19.56922969,19.43747302,20.22801303,0,0,60.4,50.6,29.8,16,6.2,12.9,18.5,9.9,10.7,12.4,7.7,18.2,27.9,19.6,13.1,24.6,25.5,14.3,9.2,15.6,19.3,27.5,19.1,18.6,59.4,91.9,95.9,99.6,0,0,0,0,0,0,0,0,0,0,0,0,0,0,0,0,0,0,0,0,0,0,0,0,0,0,0,0,0,0,0,0,0,0,0,0,0,0,0,0,0,0,0,0,0,0,0,0,0,0,0,0,0,0,0,0,0,0,0,0,0,0,109.5,95.8,89.9,94.6,91.3,93.4,89.5,86.3,97.2,99,89.8,93.4,111.2,106.2,98.5,79.7,65.9,73.6,84,99.9,94.5,80.6,76.9,78.2,80.6,92.9,83.1,61.8,0,0,0,0,0,0,0,0,0,0,0,0,0,0,0,0,0,0,0,0,0,0,0,0,0,0,0,0,0,0,0,0,0,0,0,0,0,0,0,0,0,0,0,0,0,0,0,0,0,0,0,0,0,0,0,0,0,0,0,0,834.4,2497.3,29.8,89.18928571,55,115,3,3
10,7,A,W,2,7.4,158,24,18,63,32,5,9,1.5,1,0,0,90,2206,10,7,109.6,98,87.6,67.5,42.5,33.4,7.8,0,0,0,0,0,0,0,0,0,0,0,0,0,0,0,0,0,0,0,0,0,0,0,0,0,0,0,0,0,0,0,0,0,0,0,0,0,0,0,0,0,0,0,0,0,0,0,0,0,0,0,0,0,0,0,0,0,0,0,0,0,0,0,0,0,0,0,0,0,0,0,0,0,0,0,0,0,0,0,0,0,0,0,46.1,41.1,42,46.6,50.3,55.8,79.7,0,0,0,0,0,0,0,0,0,0,0,0,0,0,0,0,0,0,0,0,0,0,0,0,0,0,0,0,0,0,0,0,0,0,0,0,0,0,0,0,0,0,0,0,0,0,0,0,0,0,0,0,0,0,0,0,0,0,0,0,0,0,0,0,0,0,0,0,0,0,0,0,0,0,0,0,0,0,0,0,0,0,0,TT,Y,,2022,1,4,4/25/2009,21.35135135,22.35313243,22.23934333,22.92207792,0,0,0,0,42.5,33.4,7.8,0,0,0,0,0,0,0,0,0,0,0,0,0,0,0,0,0,0,0,0,0,0,0,0,0,0,0,0,0,0,0,0,0,0,0,0,0,0,0,0,0,0,0,0,0,0,0,0,0,0,0,0,0,0,0,0,0,0,0,0,0,0,0,0,0,0,0,0,0,0,0,0,0,0,0,0,0,0,0,0,0,0,0,0,0,0,0,50.3,55.8,79.7,0,0,0,0,0,0,0,0,0,0,0,0,0,0,0,0,0,0,0,0,0,0,0,0,0,0,0,0,0,0,0,0,0,0,0,0,0,0,0,0,0,0,0,0,0,0,0,0,0,0,0,0,0,0,0,0,0,0,0,0,0,0,0,0,0,0,0,0,0,0,0,0,0,0,0,0,0,0,0,0,0,0,0,83.7,185.8,27.9,61.93333333,115,55,5,5
11,7,A,S,2,5.3,107,80,5,73,15,12,-38,1.5,2,0,0,90,2206,10,5,55.7,33.4,13.8,8.8,6.9,0,0,0,0,0,0,0,0,0,0,0,0,0,0,0,0,0,0,0,0,0,0,0,0,0,0,0,0,0,0,0,0,0,0,0,0,0,0,0,0,0,0,0,0,0,0,0,0,0,0,0,0,0,0,0,0,0,0,0,0,0,0,0,0,0,0,0,0,0,0,0,0,0,0,0,0,0,0,0,0,0,0,0,0,0,108,85.5,81,84.9,85.5,0,0,0,0,0,0,0,0,0,0,0,0,0,0,0,0,0,0,0,0,0,0,0,0,0,0,0,0,0,0,0,0,0,0,0,0,0,0,0,0,0,0,0,0,0,0,0,0,0,0,0,0,0,0,0,0,0,0,0,0,0,0,0,0,0,0,0,0,0,0,0,0,0,0,0,0,0,0,0,0,0,0,0,0,0,TT,Y,,2022,2,4,4/25/2009,20.18867925,22.35313243,22.23934333,22.92207792,0,33.4,13.8,8.8,6.9,0,0,0,0,0,0,0,0,0,0,0,0,0,0,0,0,0,0,0,0,0,0,0,0,0,0,0,0,0,0,0,0,0,0,0,0,0,0,0,0,0,0,0,0,0,0,0,0,0,0,0,0,0,0,0,0,0,0,0,0,0,0,0,0,0,0,0,0,0,0,0,0,0,0,0,0,0,0,0,0,0,0,0,0,0,0,85.5,81,84.9,85.5,0,0,0,0,0,0,0,0,0,0,0,0,0,0,0,0,0,0,0,0,0,0,0,0,0,0,0,0,0,0,0,0,0,0,0,0,0,0,0,0,0,0,0,0,0,0,0,0,0,0,0,0,0,0,0,0,0,0,0,0,0,0,0,0,0,0,0,0,0,0,0,0,0,0,0,0,0,0,0,0,0,0,0,0,0,62.9,336.9,15.725,84.225,55,115,2,2
12,7,A,E,2,3.4,71,96,1,15,33,52,2,1.5,1,0,0,90,2206,10,3,63.3,52,25.1,0,0,0,0,0,0,0,0,0,0,0,0,0,0,0,0,0,0,0,0,0,0,0,0,0,0,0,0,0,0,0,0,0,0,0,0,0,0,0,0,0,0,0,0,0,0,0,0,0,0,0,0,0,0,0,0,0,0,0,0,0,0,0,0,0,0,0,0,0,0,0,0,0,0,0,0,0,0,0,0,0,0,0,0,0,0,0,125.4,118,101.3,0,0,0,0,0,0,0,0,0,0,0,0,0,0,0,0,0,0,0,0,0,0,0,0,0,0,0,0,0,0,0,0,0,0,0,0,0,0,0,0,0,0,0,0,0,0,0,0,0,0,0,0,0,0,0,0,0,0,0,0,0,0,0,0,0,0,0,0,0,0,0,0,0,0,0,0,0,0,0,0,0,0,0,0,0,0,0,TT,Y,,2022,3,4,4/25/2009,20.88235294,22.35313243,22.23934333,22.92207792,0,52,25.1,0,0,0,0,0,0,0,0,0,0,0,0,0,0,0,0,0,0,0,0,0,0,0,0,0,0,0,0,0,0,0,0,0,0,0,0,0,0,0,0,0,0,0,0,0,0,0,0,0,0,0,0,0,0,0,0,0,0,0,0,0,0,0,0,0,0,0,0,0,0,0,0,0,0,0,0,0,0,0,0,0,0,0,0,0,0,0,0,118,101.3,0,0,0,0,0,0,0,0,0,0,0,0,0,0,0,0,0,0,0,0,0,0,0,0,0,0,0,0,0,0,0,0,0,0,0,0,0,0,0,0,0,0,0,0,0,0,0,0,0,0,0,0,0,0,0,0,0,0,0,0,0,0,0,0,0,0,0,0,0,0,0,0,0,0,0,0,0,0,0,0,0,0,0,0,0,0,0,77.1,219.3,38.55,109.65,55,115,2,2
7,8,A,E,2,14.6,374,49,2,54,29,17,-11,1.5,2,0,0,90,2206,10,14,58.5,37.1,10.4,13.4,25.9,42.7,63.4,89.6,100.2,108,86.8,62.1,37.8,20.1,0,0,0,0,0,0,0,0,0,0,0,0,0,0,0,0,0,0,0,0,0,0,0,0,0,0,0,0,0,0,0,0,0,0,0,0,0,0,0,0,0,0,0,0,0,0,0,0,0,0,0,0,0,0,0,0,0,0,0,0,0,0,0,0,0,0,0,0,0,0,0,0,0,0,0,0,122.5,105.1,86.6,81,83.4,78.4,56.2,43.6,46.3,64.2,68.7,70,82.9,94.4,0,0,0,0,0,0,0,0,0,0,0,0,0,0,0,0,0,0,0,0,0,0,0,0,0,0,0,0,0,0,0,0,0,0,0,0,0,0,0,0,0,0,0,0,0,0,0,0,0,0,0,0,0,0,0,0,0,0,0,0,0,0,0,0,0,0,0,0,0,0,0,0,0,0,0,0,TT,Y,,2022,4,4,4/26/2009,25.61643836,22.35313243,22.23934333,22.92207792,0,37.1,10.4,13.4,25.9,42.7,63.4,89.6,100.2,108,86.8,62.1,37.8,20.1,0,0,0,0,0,0,0,0,0,0,0,0,0,0,0,0,0,0,0,0,0,0,0,0,0,0,0,0,0,0,0,0,0,0,0,0,0,0,0,0,0,0,0,0,0,0,0,0,0,0,0,0,0,0,0,0,0,0,0,0,0,0,0,0,0,0,0,0,0,0,0,0,0,0,0,0,0,105.1,86.6,81,83.4,78.4,56.2,43.6,46.3,64.2,68.7,70,82.9,94.4,0,0,0,0,0,0,0,0,0,0,0,0,0,0,0,0,0,0,0,0,0,0,0,0,0,0,0,0,0,0,0,0,0,0,0,0,0,0,0,0,0,0,0,0,0,0,0,0,0,0,0,0,0,0,0,0,0,0,0,0,0,0,0,0,0,0,0,0,0,0,0,0,0,0,0,0,697.5,960.8,53.65384615,73.90769231,55,115,2,2
8,8,A,N,2,5.7,132,23,4,66,26,8,-6,1.5,1,0,0,90,2206,10,5,109.8,97.4,72.5,48.3,26.3,0,0,0,0,0,0,0,0,0,0,0,0,0,0,0,0,0,0,0,0,0,0,0,0,0,0,0,0,0,0,0,0,0,0,0,0,0,0,0,0,0,0,0,0,0,0,0,0,0,0,0,0,0,0,0,0,0,0,0,0,0,0,0,0,0,0,0,0,0,0,0,0,0,0,0,0,0,0,0,0,0,0,0,0,0,63.1,56.3,52,62,83.1,0,0,0,0,0,0,0,0,0,0,0,0,0,0,0,0,0,0,0,0,0,0,0,0,0,0,0,0,0,0,0,0,0,0,0,0,0,0,0,0,0,0,0,0,0,0,0,0,0,0,0,0,0,0,0,0,0,0,0,0,0,0,0,0,0,0,0,0,0,0,0,0,0,0,0,0,0,0,0,0,0,0,0,0,0,TT,Y,,2022,5,4,4/26/2009,23.15789474,22.35313243,22.23934333,22.92207792,0,0,0,0,26.3,0,0,0,0,0,0,0,0,0,0,0,0,0,0,0,0,0,0,0,0,0,0,0,0,0,0,0,0,0,0,0,0,0,0,0,0,0,0,0,0,0,0,0,0,0,0,0,0,0,0,0,0,0,0,0,0,0,0,0,0,0,0,0,0,0,0,0,0,0,0,0,0,0,0,0,0,0,0,0,0,0,0,0,0,0,0,0,0,0,83.1,0,0,0,0,0,0,0,0,0,0,0,0,0,0,0,0,0,0,0,0,0,0,0,0,0,0,0,0,0,0,0,0,0,0,0,0,0,0,0,0,0,0,0,0,0,0,0,0,0,0,0,0,0,0,0,0,0,0,0,0,0,0,0,0,0,0,0,0,0,0,0,0,0,0,0,0,0,0,0,0,0,0,0,0,0,26.3,83.1,26.3,83.1,115,55,5,5
9,8,A,W,2,30.8,706,43,15,52,30,18,-37,1.5,3,0,0,90,2206,10,30,113,93.1,71,56.1,43.8,30.3,14.6,24.5,28.9,27,26.7,37.4,54.8,71.3,74.3,63.9,42.1,17.5,9.2,20.2,38.6,61.6,85.2,97.4,88.5,62.7,37.5,13,22,43.3,0,0,0,0,0,0,0,0,0,0,0,0,0,0,0,0,0,0,0,0,0,0,0,0,0,0,0,0,0,0,0,0,0,0,0,0,0,0,0,0,0,0,0,0,0,0,0,0,0,0,0,0,0,0,0,0,0,0,0,0,43.6,22.6,17.5,31.4,47.3,63.9,80.1,88.2,77.8,67.6,60.9,65.9,90.3,107.4,105,89,78.4,85.4,94.1,98.4,93.3,81.4,79,88.9,89.1,81.1,81.4,86.6,107.2,123.3,0,0,0,0,0,0,0,0,0,0,0,0,0,0,0,0,0,0,0,0,0,0,0,0,0,0,0,0,0,0,0,0,0,0,0,0,0,0,0,0,0,0,0,0,0,0,0,0,0,0,0,0,0,0,0,0,0,0,0,0,FS,Y,,2022,6,4,4/26/2009,22.92207792,22.35313243,22.23934333,22.92207792,0,0,0,0,43.8,30.3,14.6,24.5,28.9,27,26.7,37.4,54.8,71.3,74.3,63.9,42.1,17.5,9.2,20.2,38.6,61.6,85.2,97.4,88.5,62.7,37.5,13,22,43.3,0,0,0,0,0,0,0,0,0,0,0,0,0,0,0,0,0,0,0,0,0,0,0,0,0,0,0,0,0,0,0,0,0,0,0,0,0,0,0,0,0,0,0,0,0,0,0,0,0,0,0,0,0,0,0,0,0,0,0,0,0,0,0,0,47.3,63.9,80.1,88.2,77.8,67.6,60.9,65.9,90.3,107.4,105,89,78.4,85.4,94.1,98.4,93.3,81.4,79,88.9,89.1,81.1,81.4,86.6,107.2,123.3,0,0,0,0,0,0,0,0,0,0,0,0,0,0,0,0,0,0,0,0,0,0,0,0,0,0,0,0,0,0,0,0,0,0,0,0,0,0,0,0,0,0,0,0,0,0,0,0,0,0,0,0,0,0,0,0,0,0,0,0,1136.3,2211,43.70384615,85.03846154,115,55,5,5
25,7,A,W,2,7.3,151,51,1,59,29,12,14,1.5,1,0,0,90,2206,16,7,113.1,95,57.3,32.2,19.3,15.9,11.6,0,0,0,0,0,0,0,0,0,0,0,0,0,0,0,0,0,0,0,0,0,0,0,0,0,0,0,0,0,0,0,0,0,0,0,0,0,0,0,0,0,0,0,0,0,0,0,0,0,0,0,0,0,0,0,0,0,0,0,0,0,0,0,0,0,0,0,0,0,0,0,0,0,0,0,0,0,0,0,0,0,0,0,54.7,49.9,55.7,73,86,93.6,97.3,0,0,0,0,0,0,0,0,0,0,0,0,0,0,0,0,0,0,0,0,0,0,0,0,0,0,0,0,0,0,0,0,0,0,0,0,0,0,0,0,0,0,0,0,0,0,0,0,0,0,0,0,0,0,0,0,0,0,0,0,0,0,0,0,0,0,0,0,0,0,0,0,0,0,0,0,0,0,0,0,0,0,0,TT,Y,,2022,1,4,4/25/2009,20.68493151,20.52782056,20.05822128,22.87581699,0,0,0,0,0,15.9,11.6,0,0,0,0,0,0,0,0,0,0,0,0,0,0,0,0,0,0,0,0,0,0,0,0,0,0,0,0,0,0,0,0,0,0,0,0,0,0,0,0,0,0,0,0,0,0,0,0,0,0,0,0,0,0,0,0,0,0,0,0,0,0,0,0,0,0,0,0,0,0,0,0,0,0,0,0,0,0,0,0,0,0,0,0,0,0,0,0,93.6,97.3,0,0,0,0,0,0,0,0,0,0,0,0,0,0,0,0,0,0,0,0,0,0,0,0,0,0,0,0,0,0,0,0,0,0,0,0,0,0,0,0,0,0,0,0,0,0,0,0,0,0,0,0,0,0,0,0,0,0,0,0,0,0,0,0,0,0,0,0,0,0,0,0,0,0,0,0,0,0,0,0,0,0,0,27.5,190.9,13.75,95.45,115,55,6,6
26,7,A,S,2,10.9,200,71,2,81,9,10,4,1.5,1,0,0,90,2206,16,10,59.6,39.2,18.6,18.9,22.4,31.5,44.1,41.3,31,16.3,0,0,0,0,0,0,0,0,0,0,0,0,0,0,0,0,0,0,0,0,0,0,0,0,0,0,0,0,0,0,0,0,0,0,0,0,0,0,0,0,0,0,0,0,0,0,0,0,0,0,0,0,0,0,0,0,0,0,0,0,0,0,0,0,0,0,0,0,0,0,0,0,0,0,0,0,0,0,0,0,113.6,101.7,84.6,74.2,69.4,63,57.7,49.7,56.3,77.4,0,0,0,0,0,0,0,0,0,0,0,0,0,0,0,0,0,0,0,0,0,0,0,0,0,0,0,0,0,0,0,0,0,0,0,0,0,0,0,0,0,0,0,0,0,0,0,0,0,0,0,0,0,0,0,0,0,0,0,0,0,0,0,0,0,0,0,0,0,0,0,0,0,0,0,0,0,0,0,0,TT,Y,,2022,2,4,4/25/2009,18.34862385,20.52782056,20.05822128,22.87581699,0,0,18.6,18.9,22.4,31.5,44.1,41.3,31,16.3,0,0,0,0,0,0,0,0,0,0,0,0,0,0,0,0,0,0,0,0,0,0,0,0,0,0,0,0,0,0,0,0,0,0,0,0,0,0,0,0,0,0,0,0,0,0,0,0,0,0,0,0,0,0,0,0,0,0,0,0,0,0,0,0,0,0,0,0,0,0,0,0,0,0,0,0,0,0,0,0,0,0,84.6,74.2,69.4,63,57.7,49.7,56.3,77.4,0,0,0,0,0,0,0,0,0,0,0,0,0,0,0,0,0,0,0,0,0,0,0,0,0,0,0,0,0,0,0,0,0,0,0,0,0,0,0,0,0,0,0,0,0,0,0,0,0,0,0,0,0,0,0,0,0,0,0,0,0,0,0,0,0,0,0,0,0,0,0,0,0,0,0,0,0,0,0,0,224.1,532.3,28.0125,66.5375,55,115,3,3
27,7,A,E,2,10,199,56,3,70,18,12,34,1.5,1,0,0,90,2206,16,9,67,52.2,42.1,38.3,31.9,32.5,28.1,25.7,19.3,0,0,0,0,0,0,0,0,0,0,0,0,0,0,0,0,0,0,0,0,0,0,0,0,0,0,0,0,0,0,0,0,0,0,0,0,0,0,0,0,0,0,0,0,0,0,0,0,0,0,0,0,0,0,0,0,0,0,0,0,0,0,0,0,0,0,0,0,0,0,0,0,0,0,0,0,0,0,0,0,0,121.6,97.8,67.3,54.1,55.2,57.7,74.4,87,95.5,0,0,0,0,0,0,0,0,0,0,0,0,0,0,0,0,0,0,0,0,0,0,0,0,0,0,0,0,0,0,0,0,0,0,0,0,0,0,0,0,0,0,0,0,0,0,0,0,0,0,0,0,0,0,0,0,0,0,0,0,0,0,0,0,0,0,0,0,0,0,0,0,0,0,0,0,0,0,0,0,0,TT,Y,,2022,3,4,4/25/2009,19.9,20.52782056,20.05822128,22.87581699,0,0,42.1,38.3,31.9,32.5,28.1,25.7,19.3,0,0,0,0,0,0,0,0,0,0,0,0,0,0,0,0,0,0,0,0,0,0,0,0,0,0,0,0,0,0,0,0,0,0,0,0,0,0,0,0,0,0,0,0,0,0,0,0,0,0,0,0,0,0,0,0,0,0,0,0,0,0,0,0,0,0,0,0,0,0,0,0,0,0,0,0,0,0,0,0,0,0,0,67.3,54.1,55.2,57.7,74.4,87,95.5,0,0,0,0,0,0,0,0,0,0,0,0,0,0,0,0,0,0,0,0,0,0,0,0,0,0,0,0,0,0,0,0,0,0,0,0,0,0,0,0,0,0,0,0,0,0,0,0,0,0,0,0,0,0,0,0,0,0,0,0,0,0,0,0,0,0,0,0,0,0,0,0,0,0,0,0,0,0,0,0,0,217.9,491.2,31.12857143,70.17142857,55,115,3,3
22,8,A,E,2,9.8,185,64,1,55,35,10,34,1.5,1,0,0,90,2206,16,9,65.3,50.6,42.1,30.9,17.1,16.5,23,24.1,18.8,0,0,0,0,0,0,0,0,0,0,0,0,0,0,0,0,0,0,0,0,0,0,0,0,0,0,0,0,0,0,0,0,0,0,0,0,0,0,0,0,0,0,0,0,0,0,0,0,0,0,0,0,0,0,0,0,0,0,0,0,0,0,0,0,0,0,0,0,0,0,0,0,0,0,0,0,0,0,0,0,0,117.9,93.8,76.7,67.6,71.9,76.8,89.1,100.6,104.2,0,0,0,0,0,0,0,0,0,0,0,0,0,0,0,0,0,0,0,0,0,0,0,0,0,0,0,0,0,0,0,0,0,0,0,0,0,0,0,0,0,0,0,0,0,0,0,0,0,0,0,0,0,0,0,0,0,0,0,0,0,0,0,0,0,0,0,0,0,0,0,0,0,0,0,0,0,0,0,0,0,TT,Y,,2022,4,4,4/26/2009,18.87755102,20.52782056,20.05822128,22.87581699,0,0,42.1,30.9,17.1,16.5,23,24.1,18.8,0,0,0,0,0,0,0,0,0,0,0,0,0,0,0,0,0,0,0,0,0,0,0,0,0,0,0,0,0,0,0,0,0,0,0,0,0,0,0,0,0,0,0,0,0,0,0,0,0,0,0,0,0,0,0,0,0,0,0,0,0,0,0,0,0,0,0,0,0,0,0,0,0,0,0,0,0,0,0,0,0,0,0,76.7,67.6,71.9,76.8,89.1,100.6,104.2,0,0,0,0,0,0,0,0,0,0,0,0,0,0,0,0,0,0,0,0,0,0,0,0,0,0,0,0,0,0,0,0,0,0,0,0,0,0,0,0,0,0,0,0,0,0,0,0,0,0,0,0,0,0,0,0,0,0,0,0,0,0,0,0,0,0,0,0,0,0,0,0,0,0,0,0,0,0,0,0,0,172.5,586.9,24.64285714,83.84285714,55,115,3,3
23,8,A,N,2,12.5,281,32,4,56,41,3,25,1.5,1,0,0,90,2206,16,12,106.5,82.4,65.1,69.4,73.6,72.4,55.8,24.6,29,41.9,37.3,18.1,0,0,0,0,0,0,0,0,0,0,0,0,0,0,0,0,0,0,0,0,0,0,0,0,0,0,0,0,0,0,0,0,0,0,0,0,0,0,0,0,0,0,0,0,0,0,0,0,0,0,0,0,0,0,0,0,0,0,0,0,0,0,0,0,0,0,0,0,0,0,0,0,0,0,0,0,0,0,62.6,50.6,65.8,78,79.5,70.9,61.3,76.6,98.6,101.8,88.4,82.7,0,0,0,0,0,0,0,0,0,0,0,0,0,0,0,0,0,0,0,0,0,0,0,0,0,0,0,0,0,0,0,0,0,0,0,0,0,0,0,0,0,0,0,0,0,0,0,0,0,0,0,0,0,0,0,0,0,0,0,0,0,0,0,0,0,0,0,0,0,0,0,0,0,0,0,0,0,0,TT,Y,,2022,5,4,4/26/2009,22.48,20.52782056,20.05822128,22.87581699,0,0,0,0,0,72.4,55.8,24.6,29,41.9,37.3,18.1,0,0,0,0,0,0,0,0,0,0,0,0,0,0,0,0,0,0,0,0,0,0,0,0,0,0,0,0,0,0,0,0,0,0,0,0,0,0,0,0,0,0,0,0,0,0,0,0,0,0,0,0,0,0,0,0,0,0,0,0,0,0,0,0,0,0,0,0,0,0,0,0,0,0,0,0,0,0,0,0,0,0,0,70.9,61.3,76.6,98.6,101.8,88.4,82.7,0,0,0,0,0,0,0,0,0,0,0,0,0,0,0,0,0,0,0,0,0,0,0,0,0,0,0,0,0,0,0,0,0,0,0,0,0,0,0,0,0,0,0,0,0,0,0,0,0,0,0,0,0,0,0,0,0,0,0,0,0,0,0,0,0,0,0,0,0,0,0,0,0,0,0,0,0,0,279.1,580.3,39.87142857,82.9,115,55,6,6
24,8,A,W,2,30.6,700,48,14,89,9,2,-6,1.5,5,0,0,90,2206,16,30,104.7,72.5,53,43.7,38.8,29.5,20.1,20.8,27.7,23.9,9.3,12.7,8.5,18.8,32.3,35.8,48.3,54.4,40.6,16.1,28.5,55.4,80.2,82.2,62.3,40.7,35.8,39.7,22.2,16.2,0,0,0,0,0,0,0,0,0,0,0,0,0,0,0,0,0,0,0,0,0,0,0,0,0,0,0,0,0,0,0,0,0,0,0,0,0,0,0,0,0,0,0,0,0,0,0,0,0,0,0,0,0,0,0,0,0,0,0,0,47.2,33,39.6,47.8,53.8,61.3,67.5,69.3,69.3,76.4,81.1,79.6,87.5,95.7,90.6,66.8,41,40.4,62.2,73.9,67.5,55.4,36.9,22.1,25.1,48,72.6,91.7,97.7,83.1,0,0,0,0,0,0,0,0,0,0,0,0,0,0,0,0,0,0,0,0,0,0,0,0,0,0,0,0,0,0,0,0,0,0,0,0,0,0,0,0,0,0,0,0,0,0,0,0,0,0,0,0,0,0,0,0,0,0,0,0,FS,Y,,2022,6,4,4/26/2009,22.87581699,20.52782056,20.05822128,22.87581699,0,0,0,0,38.8,29.5,20.1,20.8,27.7,23.9,9.3,12.7,8.5,18.8,32.3,35.8,48.3,54.4,40.6,16.1,28.5,55.4,80.2,82.2,62.3,40.7,35.8,39.7,22.2,16.2,0,0,0,0,0,0,0,0,0,0,0,0,0,0,0,0,0,0,0,0,0,0,0,0,0,0,0,0,0,0,0,0,0,0,0,0,0,0,0,0,0,0,0,0,0,0,0,0,0,0,0,0,0,0,0,0,0,0,0,0,0,0,0,0,53.8,61.3,67.5,69.3,69.3,76.4,81.1,79.6,87.5,95.7,90.6,66.8,41,40.4,62.2,73.9,67.5,55.4,36.9,22.1,25.1,48,72.6,91.7,97.7,83.1,0,0,0,0,0,0,0,0,0,0,0,0,0,0,0,0,0,0,0,0,0,0,0,0,0,0,0,0,0,0,0,0,0,0,0,0,0,0,0,0,0,0,0,0,0,0,0,0,0,0,0,0,0,0,0,0,0,0,0,0,900.8,1716.5,34.64615385,66.01923077,115,55,5,5
37,7,A,W,2,25.3,558,47,4,33,54,13,16,1.5,3,0,0,90,2206,20,25,112.2,101.6,87.1,80.5,75.4,56.2,35.8,26.3,18.7,22.2,43.5,33.2,14.6,11,12,31.3,56.7,80.1,77.1,68.5,56.2,44.6,41,18.6,12.1,0,0,0,0,0,0,0,0,0,0,0,0,0,0,0,0,0,0,0,0,0,0,0,0,0,0,0,0,0,0,0,0,0,0,0,0,0,0,0,0,0,0,0,0,0,0,0,0,0,0,0,0,0,0,0,0,0,0,0,0,0,0,0,0,0,49.4,44.6,50,68.5,84.7,94.7,96.2,100.6,103.6,108.5,128.2,118.1,97.8,83,78.6,88.3,101.5,96.5,79,69.4,65,66.1,66.4,78.8,81.3,0,0,0,0,0,0,0,0,0,0,0,0,0,0,0,0,0,0,0,0,0,0,0,0,0,0,0,0,0,0,0,0,0,0,0,0,0,0,0,0,0,0,0,0,0,0,0,0,0,0,0,0,0,0,0,0,0,0,0,0,0,0,0,0,0,TT,Y,,2022,1,4,4/25/2009,22.05533597,20.87045619,20.39959629,23.2247557,0,0,0,0,0,56.2,35.8,26.3,18.7,22.2,43.5,33.2,14.6,11,12,31.3,56.7,80.1,77.1,68.5,56.2,44.6,41,18.6,12.1,0,0,0,0,0,0,0,0,0,0,0,0,0,0,0,0,0,0,0,0,0,0,0,0,0,0,0,0,0,0,0,0,0,0,0,0,0,0,0,0,0,0,0,0,0,0,0,0,0,0,0,0,0,0,0,0,0,0,0,0,0,0,0,0,0,0,0,0,0,0,94.7,96.2,100.6,103.6,108.5,128.2,118.1,97.8,83,78.6,88.3,101.5,96.5,79,69.4,65,66.1,66.4,78.8,81.3,0,0,0,0,0,0,0,0,0,0,0,0,0,0,0,0,0,0,0,0,0,0,0,0,0,0,0,0,0,0,0,0,0,0,0,0,0,0,0,0,0,0,0,0,0,0,0,0,0,0,0,0,0,0,0,0,0,0,0,0,0,0,0,0,0,759.7,1801.6,37.985,90.08,115,55,6,6
38,7,A,S,2,4.9,75,95,1,50,33,17,21,1.5,1,0,0,90,2206,20,4,53.7,35.4,23.3,12.8,0,0,0,0,0,0,0,0,0,0,0,0,0,0,0,0,0,0,0,0,0,0,0,0,0,0,0,0,0,0,0,0,0,0,0,0,0,0,0,0,0,0,0,0,0,0,0,0,0,0,0,0,0,0,0,0,0,0,0,0,0,0,0,0,0,0,0,0,0,0,0,0,0,0,0,0,0,0,0,0,0,0,0,0,0,0,113.3,102.7,91.8,90.3,0,0,0,0,0,0,0,0,0,0,0,0,0,0,0,0,0,0,0,0,0,0,0,0,0,0,0,0,0,0,0,0,0,0,0,0,0,0,0,0,0,0,0,0,0,0,0,0,0,0,0,0,0,0,0,0,0,0,0,0,0,0,0,0,0,0,0,0,0,0,0,0,0,0,0,0,0,0,0,0,0,0,0,0,0,0,TT,Y,,2022,2,4,4/25/2009,15.30612245,20.87045619,20.39959629,23.2247557,0,0,23.3,12.8,0,0,0,0,0,0,0,0,0,0,0,0,0,0,0,0,0,0,0,0,0,0,0,0,0,0,0,0,0,0,0,0,0,0,0,0,0,0,0,0,0,0,0,0,0,0,0,0,0,0,0,0,0,0,0,0,0,0,0,0,0,0,0,0,0,0,0,0,0,0,0,0,0,0,0,0,0,0,0,0,0,0,0,0,0,0,0,0,91.8,90.3,0,0,0,0,0,0,0,0,0,0,0,0,0,0,0,0,0,0,0,0,0,0,0,0,0,0,0,0,0,0,0,0,0,0,0,0,0,0,0,0,0,0,0,0,0,0,0,0,0,0,0,0,0,0,0,0,0,0,0,0,0,0,0,0,0,0,0,0,0,0,0,0,0,0,0,0,0,0,0,0,0,0,0,0,0,0,36.1,182.1,18.05,91.05,55,115,3,3
39,7,A,E,2,9.9,184,19,3,16,60,24,18,1.5,0,0,0,90,2206,20,9,56.5,51.7,54.1,63.5,72,78.1,70.7,50.6,25.4,0,0,0,0,0,0,0,0,0,0,0,0,0,0,0,0,0,0,0,0,0,0,0,0,0,0,0,0,0,0,0,0,0,0,0,0,0,0,0,0,0,0,0,0,0,0,0,0,0,0,0,0,0,0,0,0,0,0,0,0,0,0,0,0,0,0,0,0,0,0,0,0,0,0,0,0,0,0,0,0,0,113.9,96.3,86.5,90.5,101.3,111.3,110.3,95.7,86.2,0,0,0,0,0,0,0,0,0,0,0,0,0,0,0,0,0,0,0,0,0,0,0,0,0,0,0,0,0,0,0,0,0,0,0,0,0,0,0,0,0,0,0,0,0,0,0,0,0,0,0,0,0,0,0,0,0,0,0,0,0,0,0,0,0,0,0,0,0,0,0,0,0,0,0,0,0,0,0,0,0,TT,Y,,2022,3,4,4/25/2009,18.58585859,20.87045619,20.39959629,23.2247557,0,0,54.1,63.5,72,78.1,70.7,50.6,25.4,0,0,0,0,0,0,0,0,0,0,0,0,0,0,0,0,0,0,0,0,0,0,0,0,0,0,0,0,0,0,0,0,0,0,0,0,0,0,0,0,0,0,0,0,0,0,0,0,0,0,0,0,0,0,0,0,0,0,0,0,0,0,0,0,0,0,0,0,0,0,0,0,0,0,0,0,0,0,0,0,0,0,0,86.5,90.5,101.3,111.3,110.3,95.7,86.2,0,0,0,0,0,0,0,0,0,0,0,0,0,0,0,0,0,0,0,0,0,0,0,0,0,0,0,0,0,0,0,0,0,0,0,0,0,0,0,0,0,0,0,0,0,0,0,0,0,0,0,0,0,0,0,0,0,0,0,0,0,0,0,0,0,0,0,0,0,0,0,0,0,0,0,0,0,0,0,0,0,414.4,681.8,59.2,97.4,55,115,3,3
34,8,A,E,2,16.8,423,31,3,20,49,31,16,1.5,1,0,0,90,2206,20,16,60.7,54.7,64.4,79.6,96.2,111.5,103.2,87.8,69.3,60.9,72.4,59.9,35,38.2,33.5,22.2,0,0,0,0,0,0,0,0,0,0,0,0,0,0,0,0,0,0,0,0,0,0,0,0,0,0,0,0,0,0,0,0,0,0,0,0,0,0,0,0,0,0,0,0,0,0,0,0,0,0,0,0,0,0,0,0,0,0,0,0,0,0,0,0,0,0,0,0,0,0,0,0,0,0,117.4,94.5,69.2,58.7,58.7,70.3,71.1,65,63.3,88.4,120.1,120.2,108.8,123.5,116.6,104.7,0,0,0,0,0,0,0,0,0,0,0,0,0,0,0,0,0,0,0,0,0,0,0,0,0,0,0,0,0,0,0,0,0,0,0,0,0,0,0,0,0,0,0,0,0,0,0,0,0,0,0,0,0,0,0,0,0,0,0,0,0,0,0,0,0,0,0,0,0,0,0,0,0,0,TT,Y,,2022,4,4,4/26/2009,25.17857143,20.87045619,20.39959629,23.2247557,0,0,64.4,79.6,96.2,111.5,103.2,87.8,69.3,60.9,72.4,59.9,35,38.2,33.5,22.2,0,0,0,0,0,0,0,0,0,0,0,0,0,0,0,0,0,0,0,0,0,0,0,0,0,0,0,0,0,0,0,0,0,0,0,0,0,0,0,0,0,0,0,0,0,0,0,0,0,0,0,0,0,0,0,0,0,0,0,0,0,0,0,0,0,0,0,0,0,0,0,0,0,0,0,0,69.2,58.7,58.7,70.3,71.1,65,63.3,88.4,120.1,120.2,108.8,123.5,116.6,104.7,0,0,0,0,0,0,0,0,0,0,0,0,0,0,0,0,0,0,0,0,0,0,0,0,0,0,0,0,0,0,0,0,0,0,0,0,0,0,0,0,0,0,0,0,0,0,0,0,0,0,0,0,0,0,0,0,0,0,0,0,0,0,0,0,0,0,0,0,0,0,0,0,0,0,934.1,1238.6,66.72142857,88.47142857,55,115,3,3
35,8,A,N,2,34.4,718,25,22,37,41,22,38,1.5,1,0,0,90,2206,20,34,107.1,95,94.8,105.8,114.9,106.4,96.8,87.5,72,86.2,103,96.5,87.4,73.8,67,62.9,75,76.6,72.8,55.5,40.3,23.9,25.1,30.3,26.9,17,29.9,65.9,72.8,77.3,69,56.7,36.5,20.9,0,0,0,0,0,0,0,0,0,0,0,0,0,0,0,0,0,0,0,0,0,0,0,0,0,0,0,0,0,0,0,0,0,0,0,0,0,0,0,0,0,0,0,0,0,0,0,0,0,0,0,0,0,0,0,0,59,46.5,28.7,21.5,28.3,20.2,12.1,11.2,32.6,50.3,69.9,76.7,83.6,81.8,92.2,110,119.7,106.2,102.3,89.7,87.1,80,61.6,58.7,64.2,75.6,106.5,130.1,126.1,122.8,113,104.2,91.7,86.2,0,0,0,0,0,0,0,0,0,0,0,0,0,0,0,0,0,0,0,0,0,0,0,0,0,0,0,0,0,0,0,0,0,0,0,0,0,0,0,0,0,0,0,0,0,0,0,0,0,0,0,0,0,0,0,0,TT,Y,,2022,5,4,4/26/2009,20.87209302,20.87045619,20.39959629,23.2247557,0,0,0,0,0,106.4,96.8,87.5,72,86.2,103,96.5,87.4,73.8,67,62.9,75,76.6,72.8,55.5,40.3,23.9,25.1,30.3,26.9,17,29.9,65.9,72.8,77.3,69,56.7,36.5,20.9,0,0,0,0,0,0,0,0,0,0,0,0,0,0,0,0,0,0,0,0,0,0,0,0,0,0,0,0,0,0,0,0,0,0,0,0,0,0,0,0,0,0,0,0,0,0,0,0,0,0,0,0,0,0,0,0,0,0,0,0,0,20.2,12.1,11.2,32.6,50.3,69.9,76.7,83.6,81.8,92.2,110,119.7,106.2,102.3,89.7,87.1,80,61.6,58.7,64.2,75.6,106.5,130.1,126.1,122.8,113,104.2,91.7,86.2,0,0,0,0,0,0,0,0,0,0,0,0,0,0,0,0,0,0,0,0,0,0,0,0,0,0,0,0,0,0,0,0,0,0,0,0,0,0,0,0,0,0,0,0,0,0,0,0,0,0,0,0,0,0,0,0,1811.9,2366.3,62.47931034,81.59655172,115,55,6,6
36,8,A,W,2,30.7,713,55,5,37,42,21,50,1.5,3,0,0,90,2206,20,30,113.4,105.9,94.6,70.2,44,30.8,16,4.6,10,27.8,34.9,29.4,12.6,7.9,28.4,58.1,58.5,38.8,20.1,16.2,38.7,59.6,82.2,99.5,92.8,94.8,81.3,59.3,44.5,32.6,0,0,0,0,0,0,0,0,0,0,0,0,0,0,0,0,0,0,0,0,0,0,0,0,0,0,0,0,0,0,0,0,0,0,0,0,0,0,0,0,0,0,0,0,0,0,0,0,0,0,0,0,0,0,0,0,0,0,0,0,60,63.3,72.2,80.7,76.5,72.9,75.8,82.5,93.9,108.9,107.7,97.6,91,91,100.8,121.5,119.3,108.9,100.1,101.2,110.6,99.4,90.9,83.8,64,48.1,34.7,32.6,42.6,58.7,0,0,0,0,0,0,0,0,0,0,0,0,0,0,0,0,0,0,0,0,0,0,0,0,0,0,0,0,0,0,0,0,0,0,0,0,0,0,0,0,0,0,0,0,0,0,0,0,0,0,0,0,0,0,0,0,0,0,0,0,FS,Y,,2022,6,4,4/26/2009,23.2247557,20.87045619,20.39959629,23.2247557,0,0,0,0,44,30.8,16,4.6,10,27.8,34.9,29.4,12.6,7.9,28.4,58.1,58.5,38.8,20.1,16.2,38.7,59.6,82.2,99.5,92.8,94.8,81.3,59.3,44.5,32.6,0,0,0,0,0,0,0,0,0,0,0,0,0,0,0,0,0,0,0,0,0,0,0,0,0,0,0,0,0,0,0,0,0,0,0,0,0,0,0,0,0,0,0,0,0,0,0,0,0,0,0,0,0,0,0,0,0,0,0,0,0,0,0,0,76.5,72.9,75.8,82.5,93.9,108.9,107.7,97.6,91,91,100.8,121.5,119.3,108.9,100.1,101.2,110.6,99.4,90.9,83.8,64,48.1,34.7,32.6,42.6,58.7,0,0,0,0,0,0,0,0,0,0,0,0,0,0,0,0,0,0,0,0,0,0,0,0,0,0,0,0,0,0,0,0,0,0,0,0,0,0,0,0,0,0,0,0,0,0,0,0,0,0,0,0,0,0,0,0,0,0,0,0,1123.4,2215,43.20769231,85.19230769,115,55,5,5
40,7,A,W,2,19.7,455,52,20,35,39,26,-43,1.5,2,0,0,90,2206,21,19,118.7,113.9,108.5,84.9,63.1,39,30.6,42.7,42.7,43,41.6,56.6,60.9,54.4,36.3,11.7,22.4,29.4,16.5,0,0,0,0,0,0,0,0,0,0,0,0,0,0,0,0,0,0,0,0,0,0,0,0,0,0,0,0,0,0,0,0,0,0,0,0,0,0,0,0,0,0,0,0,0,0,0,0,0,0,0,0,0,0,0,0,0,0,0,0,0,0,0,0,0,0,0,0,0,0,0,49.6,40.7,36.9,31.8,45.5,69.1,105.1,122.9,128.6,127.1,115.9,109,101.4,92.8,78.2,81.5,75.7,86.3,99.5,0,0,0,0,0,0,0,0,0,0,0,0,0,0,0,0,0,0,0,0,0,0,0,0,0,0,0,0,0,0,0,0,0,0,0,0,0,0,0,0,0,0,0,0,0,0,0,0,0,0,0,0,0,0,0,0,0,0,0,0,0,0,0,0,0,0,0,0,0,0,0,TT,Y,,2022,1,4,4/25/2009,23.0964467,22.85743237,23.44846282,19.90228013,0,0,0,0,63.1,39,30.6,42.7,42.7,43,41.6,56.6,60.9,54.4,36.3,11.7,22.4,29.4,16.5,0,0,0,0,0,0,0,0,0,0,0,0,0,0,0,0,0,0,0,0,0,0,0,0,0,0,0,0,0,0,0,0,0,0,0,0,0,0,0,0,0,0,0,0,0,0,0,0,0,0,0,0,0,0,0,0,0,0,0,0,0,0,0,0,0,0,0,0,0,0,0,0,0,0,0,45.5,69.1,105.1,122.9,128.6,127.1,115.9,109,101.4,92.8,78.2,81.5,75.7,86.3,99.5,0,0,0,0,0,0,0,0,0,0,0,0,0,0,0,0,0,0,0,0,0,0,0,0,0,0,0,0,0,0,0,0,0,0,0,0,0,0,0,0,0,0,0,0,0,0,0,0,0,0,0,0,0,0,0,0,0,0,0,0,0,0,0,0,0,0,0,0,0,0,0,590.9,1438.6,39.39333333,95.90666667,115,55,5,5
41,7,A,S,2,4.4,88,32,1,44,34,22,-80,1.5,1,0,0,90,2206,21,4,61.1,58.9,42.2,10.7,0,0,0,0,0,0,0,0,0,0,0,0,0,0,0,0,0,0,0,0,0,0,0,0,0,0,0,0,0,0,0,0,0,0,0,0,0,0,0,0,0,0,0,0,0,0,0,0,0,0,0,0,0,0,0,0,0,0,0,0,0,0,0,0,0,0,0,0,0,0,0,0,0,0,0,0,0,0,0,0,0,0,0,0,0,0,108.8,96.2,80.9,82.2,0,0,0,0,0,0,0,0,0,0,0,0,0,0,0,0,0,0,0,0,0,0,0,0,0,0,0,0,0,0,0,0,0,0,0,0,0,0,0,0,0,0,0,0,0,0,0,0,0,0,0,0,0,0,0,0,0,0,0,0,0,0,0,0,0,0,0,0,0,0,0,0,0,0,0,0,0,0,0,0,0,0,0,0,0,0,TT,Y,,2022,2,4,4/25/2009,20,22.85743237,23.44846282,19.90228013,0,58.9,42.2,10.7,0,0,0,0,0,0,0,0,0,0,0,0,0,0,0,0,0,0,0,0,0,0,0,0,0,0,0,0,0,0,0,0,0,0,0,0,0,0,0,0,0,0,0,0,0,0,0,0,0,0,0,0,0,0,0,0,0,0,0,0,0,0,0,0,0,0,0,0,0,0,0,0,0,0,0,0,0,0,0,0,0,0,0,0,0,0,0,96.2,80.9,82.2,0,0,0,0,0,0,0,0,0,0,0,0,0,0,0,0,0,0,0,0,0,0,0,0,0,0,0,0,0,0,0,0,0,0,0,0,0,0,0,0,0,0,0,0,0,0,0,0,0,0,0,0,0,0,0,0,0,0,0,0,0,0,0,0,0,0,0,0,0,0,0,0,0,0,0,0,0,0,0,0,0,0,0,0,0,0,111.8,259.3,37.26666667,86.43333333,55,115,2,2
42,7,A,E,2,6.2,139,80,6,72,3,25,-21,1.5,1,0,0,90,2206,21,6,62.6,37.7,27.1,32.4,27,10.3,0,0,0,0,0,0,0,0,0,0,0,0,0,0,0,0,0,0,0,0,0,0,0,0,0,0,0,0,0,0,0,0,0,0,0,0,0,0,0,0,0,0,0,0,0,0,0,0,0,0,0,0,0,0,0,0,0,0,0,0,0,0,0,0,0,0,0,0,0,0,0,0,0,0,0,0,0,0,0,0,0,0,0,0,124.3,106.8,78,72.8,67.8,77.1,0,0,0,0,0,0,0,0,0,0,0,0,0,0,0,0,0,0,0,0,0,0,0,0,0,0,0,0,0,0,0,0,0,0,0,0,0,0,0,0,0,0,0,0,0,0,0,0,0,0,0,0,0,0,0,0,0,0,0,0,0,0,0,0,0,0,0,0,0,0,0,0,0,0,0,0,0,0,0,0,0,0,0,0,TT,Y,,2022,3,4,4/25/2009,22.41935484,22.85743237,23.44846282,19.90228013,0,37.7,27.1,32.4,27,10.3,0,0,0,0,0,0,0,0,0,0,0,0,0,0,0,0,0,0,0,0,0,0,0,0,0,0,0,0,0,0,0,0,0,0,0,0,0,0,0,0,0,0,0,0,0,0,0,0,0,0,0,0,0,0,0,0,0,0,0,0,0,0,0,0,0,0,0,0,0,0,0,0,0,0,0,0,0,0,0,0,0,0,0,0,0,106.8,78,72.8,67.8,77.1,0,0,0,0,0,0,0,0,0,0,0,0,0,0,0,0,0,0,0,0,0,0,0,0,0,0,0,0,0,0,0,0,0,0,0,0,0,0,0,0,0,0,0,0,0,0,0,0,0,0,0,0,0,0,0,0,0,0,0,0,0,0,0,0,0,0,0,0,0,0,0,0,0,0,0,0,0,0,0,0,0,0,0,0,134.5,402.5,26.9,80.5,55,115,2,2
37,8,A,E,2,3.8,106,70,3,18,16,66,-4,1.5,1,0,0,90,2206,21,3,63.7,52.5,28.6,0,0,0,0,0,0,0,0,0,0,0,0,0,0,0,0,0,0,0,0,0,0,0,0,0,0,0,0,0,0,0,0,0,0,0,0,0,0,0,0,0,0,0,0,0,0,0,0,0,0,0,0,0,0,0,0,0,0,0,0,0,0,0,0,0,0,0,0,0,0,0,0,0,0,0,0,0,0,0,0,0,0,0,0,0,0,0,119.7,117.4,110.4,0,0,0,0,0,0,0,0,0,0,0,0,0,0,0,0,0,0,0,0,0,0,0,0,0,0,0,0,0,0,0,0,0,0,0,0,0,0,0,0,0,0,0,0,0,0,0,0,0,0,0,0,0,0,0,0,0,0,0,0,0,0,0,0,0,0,0,0,0,0,0,0,0,0,0,0,0,0,0,0,0,0,0,0,0,0,0,TT,Y,,2022,4,4,4/26/2009,27.89473684,22.85743237,23.44846282,19.90228013,0,52.5,28.6,0,0,0,0,0,0,0,0,0,0,0,0,0,0,0,0,0,0,0,0,0,0,0,0,0,0,0,0,0,0,0,0,0,0,0,0,0,0,0,0,0,0,0,0,0,0,0,0,0,0,0,0,0,0,0,0,0,0,0,0,0,0,0,0,0,0,0,0,0,0,0,0,0,0,0,0,0,0,0,0,0,0,0,0,0,0,0,0,117.4,110.4,0,0,0,0,0,0,0,0,0,0,0,0,0,0,0,0,0,0,0,0,0,0,0,0,0,0,0,0,0,0,0,0,0,0,0,0,0,0,0,0,0,0,0,0,0,0,0,0,0,0,0,0,0,0,0,0,0,0,0,0,0,0,0,0,0,0,0,0,0,0,0,0,0,0,0,0,0,0,0,0,0,0,0,0,0,0,0,81.1,227.8,40.55,113.9,55,115,2,2
38,8,A,N,2,32.1,765,34,27,33,25,42,-40,1.5,1,1,0,90,2206,21,32,110.2,103.3,89.9,79.2,59,45.7,34.3,32.3,52.5,53.2,49.1,42,43.2,41.9,56.2,76.9,76.3,75.4,75,53.1,41.2,79.1,115.4,126.4,126.3,121,111.9,87.2,55.7,34.3,16.5,11.5,0,0,0,0,0,0,0,0,0,0,0,0,0,0,0,0,0,0,0,0,0,0,0,0,0,0,0,0,0,0,0,0,0,0,0,0,0,0,0,0,0,0,0,0,0,0,0,0,0,0,0,0,0,0,0,0,0,0,67.5,62.5,60.6,56.8,57.2,48.5,53.5,92.3,114.4,114.1,113.5,122.3,129.4,123.1,120.2,122.8,114.3,102.4,99.1,84.4,51,17.8,29.3,39.8,39.8,34.5,26.1,10.7,31.2,54.9,88.4,97.5,0,0,0,0,0,0,0,0,0,0,0,0,0,0,0,0,0,0,0,0,0,0,0,0,0,0,0,0,0,0,0,0,0,0,0,0,0,0,0,0,0,0,0,0,0,0,0,0,0,0,0,0,0,0,0,0,0,0,TT,Y,,2022,5,4,4/26/2009,23.8317757,22.85743237,23.44846282,19.90228013,0,0,0,0,59,45.7,34.3,32.3,52.5,53.2,49.1,42,43.2,41.9,56.2,76.9,76.3,75.4,75,53.1,41.2,79.1,115.4,126.4,126.3,121,111.9,87.2,55.7,34.3,16.5,11.5,0,0,0,0,0,0,0,0,0,0,0,0,0,0,0,0,0,0,0,0,0,0,0,0,0,0,0,0,0,0,0,0,0,0,0,0,0,0,0,0,0,0,0,0,0,0,0,0,0,0,0,0,0,0,0,0,0,0,0,0,0,0,57.2,48.5,53.5,92.3,114.4,114.1,113.5,122.3,129.4,123.1,120.2,122.8,114.3,102.4,99.1,84.4,51,17.8,29.3,39.8,39.8,34.5,26.1,10.7,31.2,54.9,88.4,97.5,0,0,0,0,0,0,0,0,0,0,0,0,0,0,0,0,0,0,0,0,0,0,0,0,0,0,0,0,0,0,0,0,0,0,0,0,0,0,0,0,0,0,0,0,0,0,0,0,0,0,0,0,0,0,0,0,0,0,1792.6,2132.5,64.02142857,76.16071429,115,55,5,5
39,8,A,W,2,30.7,611,42,11,36,30,34,-8,1.5,4,0,0,90,2206,21,30,116,111.1,100,72.2,50.7,53.4,70.8,69.1,69.7,62.9,42.9,35.4,27.1,15.3,6.7,5.3,21.6,38.4,39.3,37.5,34,23.4,13.3,27.2,55.8,88.4,106.1,93.7,73.2,45.7,0,0,0,0,0,0,0,0,0,0,0,0,0,0,0,0,0,0,0,0,0,0,0,0,0,0,0,0,0,0,0,0,0,0,0,0,0,0,0,0,0,0,0,0,0,0,0,0,0,0,0,0,0,0,0,0,0,0,0,0,48.9,43.2,38.8,43.5,68.7,92.4,104.5,105.1,105.1,94.2,86.9,88,90,91.2,87.5,89.8,107.8,122.9,125.1,124.1,119.6,107.8,97.3,69.4,59,75.3,83.7,74.6,64,66.8,0,0,0,0,0,0,0,0,0,0,0,0,0,0,0,0,0,0,0,0,0,0,0,0,0,0,0,0,0,0,0,0,0,0,0,0,0,0,0,0,0,0,0,0,0,0,0,0,0,0,0,0,0,0,0,0,0,0,0,0,FS,Y,,2022,6,4,4/26/2009,19.90228013,22.85743237,23.44846282,19.90228013,0,0,0,0,0,53.4,70.8,69.1,69.7,62.9,42.9,35.4,27.1,15.3,6.7,5.3,21.6,38.4,39.3,37.5,34,23.4,13.3,27.2,55.8,88.4,106.1,93.7,73.2,45.7,0,0,0,0,0,0,0,0,0,0,0,0,0,0,0,0,0,0,0,0,0,0,0,0,0,0,0,0,0,0,0,0,0,0,0,0,0,0,0,0,0,0,0,0,0,0,0,0,0,0,0,0,0,0,0,0,0,0,0,0,0,0,0,0,0,92.4,104.5,105.1,105.1,94.2,86.9,88,90,91.2,87.5,89.8,107.8,122.9,125.1,124.1,119.6,107.8,97.3,69.4,59,75.3,83.7,74.6,64,66.8,0,0,0,0,0,0,0,0,0,0,0,0,0,0,0,0,0,0,0,0,0,0,0,0,0,0,0,0,0,0,0,0,0,0,0,0,0,0,0,0,0,0,0,0,0,0,0,0,0,0,0,0,0,0,0,0,0,0,0,0,1156.2,2332.1,46.248,93.284,115,55,6,6
13,CT,A,N,3,15.1,333,64,2,57,39,4,-21,1.5,1,0,0,30,2206,10,15,110.8,100.8,84.2,70.4,53.7,40.7,42.1,53.6,74,84.9,93.3,98.3,79.7,54.8,24.1,0,0,0,0,0,0,0,0,0,0,0,0,0,0,0,0,0,0,0,0,0,0,0,0,0,0,0,0,0,0,0,0,0,0,0,0,0,0,0,0,0,0,0,0,0,0,0,0,0,0,0,0,0,0,0,0,0,0,0,0,0,0,0,0,0,0,0,0,0,0,0,0,0,0,0,56.3,48,31.4,25.4,40.4,57.3,69.1,72,61.2,52.2,53.7,68.2,75.6,81.3,89.4,0,0,0,0,0,0,0,0,0,0,0,0,0,0,0,0,0,0,0,0,0,0,0,0,0,0,0,0,0,0,0,0,0,0,0,0,0,0,0,0,0,0,0,0,0,0,0,0,0,0,0,0,0,0,0,0,0,0,0,0,0,0,0,0,0,0,0,0,0,0,0,0,0,0,0,CUE,Y,,2022,1,7,4/27/2009,22.05298013,21.89133095,21.89133095,0,0,0,0,0,53.7,40.7,42.1,53.6,74,84.9,93.3,98.3,79.7,54.8,24.1,0,0,0,0,0,0,0,0,0,0,0,0,0,0,0,0,0,0,0,0,0,0,0,0,0,0,0,0,0,0,0,0,0,0,0,0,0,0,0,0,0,0,0,0,0,0,0,0,0,0,0,0,0,0,0,0,0,0,0,0,0,0,0,0,0,0,0,0,0,0,0,0,0,0,0,0,0,0,0,40.4,57.3,69.1,72,61.2,52.2,53.7,68.2,75.6,81.3,89.4,0,0,0,0,0,0,0,0,0,0,0,0,0,0,0,0,0,0,0,0,0,0,0,0,0,0,0,0,0,0,0,0,0,0,0,0,0,0,0,0,0,0,0,0,0,0,0,0,0,0,0,0,0,0,0,0,0,0,0,0,0,0,0,0,0,0,0,0,0,0,0,0,0,0,0,699.2,720.4,63.56363636,65.49090909,115,55,5,5
14,CT,A,E,4,5.9,145,53,29,51,20,29,-42,1.5,0,1,0,30,2206,10,5,121.5,113.2,95.9,67.3,38.7,0,0,0,0,0,0,0,0,0,0,0,0,0,0,0,0,0,0,0,0,0,0,0,0,0,0,0,0,0,0,0,0,0,0,0,0,0,0,0,0,0,0,0,0,0,0,0,0,0,0,0,0,0,0,0,0,0,0,0,0,0,0,0,0,0,0,0,0,0,0,0,0,0,0,0,0,0,0,0,0,0,0,0,0,0,62.9,55.3,37.3,26.1,48,0,0,0,0,0,0,0,0,0,0,0,0,0,0,0,0,0,0,0,0,0,0,0,0,0,0,0,0,0,0,0,0,0,0,0,0,0,0,0,0,0,0,0,0,0,0,0,0,0,0,0,0,0,0,0,0,0,0,0,0,0,0,0,0,0,0,0,0,0,0,0,0,0,0,0,0,0,0,0,0,0,0,0,0,0,CUE,Y,,2022,2,7,4/27/2009,24.57627119,21.89133095,21.89133095,0,0,0,0,0,38.7,0,0,0,0,0,0,0,0,0,0,0,0,0,0,0,0,0,0,0,0,0,0,0,0,0,0,0,0,0,0,0,0,0,0,0,0,0,0,0,0,0,0,0,0,0,0,0,0,0,0,0,0,0,0,0,0,0,0,0,0,0,0,0,0,0,0,0,0,0,0,0,0,0,0,0,0,0,0,0,0,0,0,0,0,0,0,0,0,0,48,0,0,0,0,0,0,0,0,0,0,0,0,0,0,0,0,0,0,0,0,0,0,0,0,0,0,0,0,0,0,0,0,0,0,0,0,0,0,0,0,0,0,0,0,0,0,0,0,0,0,0,0,0,0,0,0,0,0,0,0,0,0,0,0,0,0,0,0,0,0,0,0,0,0,0,0,0,0,0,0,0,0,0,0,0,38.7,48,38.7,48,115,55,5,5
15,CT,A,S,4,5.8,108,0,18,64,22,14,0,1.5,0,1,0,30,2206,10,5,107,93,75.3,57.3,34.6,0,0,0,0,0,0,0,0,0,0,0,0,0,0,0,0,0,0,0,0,0,0,0,0,0,0,0,0,0,0,0,0,0,0,0,0,0,0,0,0,0,0,0,0,0,0,0,0,0,0,0,0,0,0,0,0,0,0,0,0,0,0,0,0,0,0,0,0,0,0,0,0,0,0,0,0,0,0,0,0,0,0,0,0,0,58.5,50.1,40,39.2,55.1,0,0,0,0,0,0,0,0,0,0,0,0,0,0,0,0,0,0,0,0,0,0,0,0,0,0,0,0,0,0,0,0,0,0,0,0,0,0,0,0,0,0,0,0,0,0,0,0,0,0,0,0,0,0,0,0,0,0,0,0,0,0,0,0,0,0,0,0,0,0,0,0,0,0,0,0,0,0,0,0,0,0,0,0,0,CUE,Y,,2022,3,7,4/27/2009,18.62068966,21.89133095,21.89133095,0,0,0,0,0,34.6,0,0,0,0,0,0,0,0,0,0,0,0,0,0,0,0,0,0,0,0,0,0,0,0,0,0,0,0,0,0,0,0,0,0,0,0,0,0,0,0,0,0,0,0,0,0,0,0,0,0,0,0,0,0,0,0,0,0,0,0,0,0,0,0,0,0,0,0,0,0,0,0,0,0,0,0,0,0,0,0,0,0,0,0,0,0,0,0,0,55.1,0,0,0,0,0,0,0,0,0,0,0,0,0,0,0,0,0,0,0,0,0,0,0,0,0,0,0,0,0,0,0,0,0,0,0,0,0,0,0,0,0,0,0,0,0,0,0,0,0,0,0,0,0,0,0,0,0,0,0,0,0,0,0,0,0,0,0,0,0,0,0,0,0,0,0,0,0,0,0,0,0,0,0,0,0,34.6,55.1,34.6,55.1,115,55,5,5
16,CT,A,E,3,9.9,208,85,1,25,37,38,-31,1.5,1,0,0,30,2206,10,9,119.8,108.4,88.1,68.8,66.6,80.7,83.3,72.8,45,0,0,0,0,0,0,0,0,0,0,0,0,0,0,0,0,0,0,0,0,0,0,0,0,0,0,0,0,0,0,0,0,0,0,0,0,0,0,0,0,0,0,0,0,0,0,0,0,0,0,0,0,0,0,0,0,0,0,0,0,0,0,0,0,0,0,0,0,0,0,0,0,0,0,0,0,0,0,0,0,0,55.2,48.5,44.8,55.6,76,92.7,95.2,99,96.5,0,0,0,0,0,0,0,0,0,0,0,0,0,0,0,0,0,0,0,0,0,0,0,0,0,0,0,0,0,0,0,0,0,0,0,0,0,0,0,0,0,0,0,0,0,0,0,0,0,0,0,0,0,0,0,0,0,0,0,0,0,0,0,0,0,0,0,0,0,0,0,0,0,0,0,0,0,0,0,0,0,CUE,Y,,2022,4,7,4/27/2009,21.01010101,21.89133095,21.89133095,0,0,0,0,0,66.6,80.7,83.3,72.8,45,0,0,0,0,0,0,0,0,0,0,0,0,0,0,0,0,0,0,0,0,0,0,0,0,0,0,0,0,0,0,0,0,0,0,0,0,0,0,0,0,0,0,0,0,0,0,0,0,0,0,0,0,0,0,0,0,0,0,0,0,0,0,0,0,0,0,0,0,0,0,0,0,0,0,0,0,0,0,0,0,0,0,0,0,0,76,92.7,95.2,99,96.5,0,0,0,0,0,0,0,0,0,0,0,0,0,0,0,0,0,0,0,0,0,0,0,0,0,0,0,0,0,0,0,0,0,0,0,0,0,0,0,0,0,0,0,0,0,0,0,0,0,0,0,0,0,0,0,0,0,0,0,0,0,0,0,0,0,0,0,0,0,0,0,0,0,0,0,0,0,0,0,0,0,348.4,459.4,69.68,91.88,115,55,5,5
17,CT,A,W,2,5.9,138,13,70,50,29,21,-49,1.5,1,0,0,30,2206,10,5,117.3,117.1,100.3,79.9,50.2,0,0,0,0,0,0,0,0,0,0,0,0,0,0,0,0,0,0,0,0,0,0,0,0,0,0,0,0,0,0,0,0,0,0,0,0,0,0,0,0,0,0,0,0,0,0,0,0,0,0,0,0,0,0,0,0,0,0,0,0,0,0,0,0,0,0,0,0,0,0,0,0,0,0,0,0,0,0,0,0,0,0,0,0,0,44.9,40.9,25.9,21.9,41,0,0,0,0,0,0,0,0,0,0,0,0,0,0,0,0,0,0,0,0,0,0,0,0,0,0,0,0,0,0,0,0,0,0,0,0,0,0,0,0,0,0,0,0,0,0,0,0,0,0,0,0,0,0,0,0,0,0,0,0,0,0,0,0,0,0,0,0,0,0,0,0,0,0,0,0,0,0,0,0,0,0,0,0,0,CUE,Y,,2022,5,7,4/27/2009,23.38983051,21.89133095,21.89133095,0,0,0,0,0,50.2,0,0,0,0,0,0,0,0,0,0,0,0,0,0,0,0,0,0,0,0,0,0,0,0,0,0,0,0,0,0,0,0,0,0,0,0,0,0,0,0,0,0,0,0,0,0,0,0,0,0,0,0,0,0,0,0,0,0,0,0,0,0,0,0,0,0,0,0,0,0,0,0,0,0,0,0,0,0,0,0,0,0,0,0,0,0,0,0,0,41,0,0,0,0,0,0,0,0,0,0,0,0,0,0,0,0,0,0,0,0,0,0,0,0,0,0,0,0,0,0,0,0,0,0,0,0,0,0,0,0,0,0,0,0,0,0,0,0,0,0,0,0,0,0,0,0,0,0,0,0,0,0,0,0,0,0,0,0,0,0,0,0,0,0,0,0,0,0,0,0,0,0,0,0,0,50.2,41,50.2,41,115,55,5,5
18,CT,A,S,1,5.3,115,42,9,61,25,14,-36,1.5,0,0,0,30,2206,10,5,114.3,101.4,80,52,23.1,0,0,0,0,0,0,0,0,0,0,0,0,0,0,0,0,0,0,0,0,0,0,0,0,0,0,0,0,0,0,0,0,0,0,0,0,0,0,0,0,0,0,0,0,0,0,0,0,0,0,0,0,0,0,0,0,0,0,0,0,0,0,0,0,0,0,0,0,0,0,0,0,0,0,0,0,0,0,0,0,0,0,0,0,0,55.5,42.3,39.1,51.6,73.7,0,0,0,0,0,0,0,0,0,0,0,0,0,0,0,0,0,0,0,0,0,0,0,0,0,0,0,0,0,0,0,0,0,0,0,0,0,0,0,0,0,0,0,0,0,0,0,0,0,0,0,0,0,0,0,0,0,0,0,0,0,0,0,0,0,0,0,0,0,0,0,0,0,0,0,0,0,0,0,0,0,0,0,0,0,CUE,Y,,2022,6,7,4/27/2009,21.69811321,21.89133095,21.89133095,0,0,0,0,0,0,0,0,0,0,0,0,0,0,0,0,0,0,0,0,0,0,0,0,0,0,0,0,0,0,0,0,0,0,0,0,0,0,0,0,0,0,0,0,0,0,0,0,0,0,0,0,0,0,0,0,0,0,0,0,0,0,0,0,0,0,0,0,0,0,0,0,0,0,0,0,0,0,0,0,0,0,0,0,0,0,0,0,0,0,0,0,0,0,0,0,0,0,0,0,0,0,0,0,0,0,0,0,0,0,0,0,0,0,0,0,0,0,0,0,0,0,0,0,0,0,0,0,0,0,0,0,0,0,0,0,0,0,0,0,0,0,0,0,0,0,0,0,0,0,0,0,0,0,0,0,0,0,0,0,0,0,0,0,0,0,0,0,0,0,0,0,0,0,0,0,0,0,0,0,0,0,0,0,0,115,55,5,5
43,CT,A,N,3,14.4,286,13,37,64,20,16,18,1.5,0,0,0,30,2206,16,14,115.3,110.7,110.7,103.7,87.8,77.2,84.4,94,99.2,95.6,79.7,54,48.7,31,0,0,0,0,0,0,0,0,0,0,0,0,0,0,0,0,0,0,0,0,0,0,0,0,0,0,0,0,0,0,0,0,0,0,0,0,0,0,0,0,0,0,0,0,0,0,0,0,0,0,0,0,0,0,0,0,0,0,0,0,0,0,0,0,0,0,0,0,0,0,0,0,0,0,0,0,64.1,66.2,66.5,60.7,54.9,35.7,16.4,5.1,11.2,17.4,20.6,43.5,64.9,82.4,0,0,0,0,0,0,0,0,0,0,0,0,0,0,0,0,0,0,0,0,0,0,0,0,0,0,0,0,0,0,0,0,0,0,0,0,0,0,0,0,0,0,0,0,0,0,0,0,0,0,0,0,0,0,0,0,0,0,0,0,0,0,0,0,0,0,0,0,0,0,0,0,0,0,0,0,CUE,Y,,2022,1,7,4/27/2009,19.86111111,20.82720081,20.82720081,0,0,0,0,0,0,77.2,84.4,94,99.2,95.6,79.7,54,48.7,31,0,0,0,0,0,0,0,0,0,0,0,0,0,0,0,0,0,0,0,0,0,0,0,0,0,0,0,0,0,0,0,0,0,0,0,0,0,0,0,0,0,0,0,0,0,0,0,0,0,0,0,0,0,0,0,0,0,0,0,0,0,0,0,0,0,0,0,0,0,0,0,0,0,0,0,0,0,0,0,0,0,35.7,16.4,5.1,11.2,17.4,20.6,43.5,64.9,82.4,0,0,0,0,0,0,0,0,0,0,0,0,0,0,0,0,0,0,0,0,0,0,0,0,0,0,0,0,0,0,0,0,0,0,0,0,0,0,0,0,0,0,0,0,0,0,0,0,0,0,0,0,0,0,0,0,0,0,0,0,0,0,0,0,0,0,0,0,0,0,0,0,0,0,0,0,663.8,297.2,73.75555556,33.02222222,115,55,6,6
44,CT,A,E,4,14.8,272,68,12,61,32,7,-12,1.5,1,1,0,30,2206,16,14,117.2,106.8,104.9,102,100.4,101.6,84.1,76.4,74.6,77.1,82.1,75.3,54.8,34.5,0,0,0,0,0,0,0,0,0,0,0,0,0,0,0,0,0,0,0,0,0,0,0,0,0,0,0,0,0,0,0,0,0,0,0,0,0,0,0,0,0,0,0,0,0,0,0,0,0,0,0,0,0,0,0,0,0,0,0,0,0,0,0,0,0,0,0,0,0,0,0,0,0,0,0,0,60.5,46.5,36.1,26.6,17.4,22.8,12,11.7,25.2,36.8,29.4,15.8,32,52.2,0,0,0,0,0,0,0,0,0,0,0,0,0,0,0,0,0,0,0,0,0,0,0,0,0,0,0,0,0,0,0,0,0,0,0,0,0,0,0,0,0,0,0,0,0,0,0,0,0,0,0,0,0,0,0,0,0,0,0,0,0,0,0,0,0,0,0,0,0,0,0,0,0,0,0,0,CUE,Y,,2022,2,7,4/27/2009,18.37837838,20.82720081,20.82720081,0,0,0,0,0,0,101.6,84.1,76.4,74.6,77.1,82.1,75.3,54.8,34.5,0,0,0,0,0,0,0,0,0,0,0,0,0,0,0,0,0,0,0,0,0,0,0,0,0,0,0,0,0,0,0,0,0,0,0,0,0,0,0,0,0,0,0,0,0,0,0,0,0,0,0,0,0,0,0,0,0,0,0,0,0,0,0,0,0,0,0,0,0,0,0,0,0,0,0,0,0,0,0,0,0,22.8,12,11.7,25.2,36.8,29.4,15.8,32,52.2,0,0,0,0,0,0,0,0,0,0,0,0,0,0,0,0,0,0,0,0,0,0,0,0,0,0,0,0,0,0,0,0,0,0,0,0,0,0,0,0,0,0,0,0,0,0,0,0,0,0,0,0,0,0,0,0,0,0,0,0,0,0,0,0,0,0,0,0,0,0,0,0,0,0,0,0,660.5,237.9,73.38888889,26.43333333,115,55,6,6
45,CT,A,S,4,8,157,77,19,72,13,15,67,1.5,1,1,0,30,2206,16,7,113.6,104.8,91.4,85.8,74.8,68.7,46.9,0,0,0,0,0,0,0,0,0,0,0,0,0,0,0,0,0,0,0,0,0,0,0,0,0,0,0,0,0,0,0,0,0,0,0,0,0,0,0,0,0,0,0,0,0,0,0,0,0,0,0,0,0,0,0,0,0,0,0,0,0,0,0,0,0,0,0,0,0,0,0,0,0,0,0,0,0,0,0,0,0,0,0,57.6,37.6,15.4,7.4,13.5,22.3,41.2,0,0,0,0,0,0,0,0,0,0,0,0,0,0,0,0,0,0,0,0,0,0,0,0,0,0,0,0,0,0,0,0,0,0,0,0,0,0,0,0,0,0,0,0,0,0,0,0,0,0,0,0,0,0,0,0,0,0,0,0,0,0,0,0,0,0,0,0,0,0,0,0,0,0,0,0,0,0,0,0,0,0,0,CUE,Y,,2022,3,7,4/27/2009,19.625,20.82720081,20.82720081,0,0,0,0,0,0,68.7,46.9,0,0,0,0,0,0,0,0,0,0,0,0,0,0,0,0,0,0,0,0,0,0,0,0,0,0,0,0,0,0,0,0,0,0,0,0,0,0,0,0,0,0,0,0,0,0,0,0,0,0,0,0,0,0,0,0,0,0,0,0,0,0,0,0,0,0,0,0,0,0,0,0,0,0,0,0,0,0,0,0,0,0,0,0,0,0,0,0,22.3,41.2,0,0,0,0,0,0,0,0,0,0,0,0,0,0,0,0,0,0,0,0,0,0,0,0,0,0,0,0,0,0,0,0,0,0,0,0,0,0,0,0,0,0,0,0,0,0,0,0,0,0,0,0,0,0,0,0,0,0,0,0,0,0,0,0,0,0,0,0,0,0,0,0,0,0,0,0,0,0,0,0,0,0,0,115.6,63.5,57.8,31.75,115,55,6,6
46,CT,A,E,3,14.5,292,69,3,85,8,7,20,1.5,1,0,0,30,2206,16,14,123.3,106.6,85.2,71.1,49.8,48.4,59.6,63.4,62.3,74.3,75.7,66,47.9,30.8,0,0,0,0,0,0,0,0,0,0,0,0,0,0,0,0,0,0,0,0,0,0,0,0,0,0,0,0,0,0,0,0,0,0,0,0,0,0,0,0,0,0,0,0,0,0,0,0,0,0,0,0,0,0,0,0,0,0,0,0,0,0,0,0,0,0,0,0,0,0,0,0,0,0,0,0,52.2,35.2,27.7,33.6,62.8,82.7,72.2,59.7,49.3,36.4,33.5,44.7,49.2,62.9,0,0,0,0,0,0,0,0,0,0,0,0,0,0,0,0,0,0,0,0,0,0,0,0,0,0,0,0,0,0,0,0,0,0,0,0,0,0,0,0,0,0,0,0,0,0,0,0,0,0,0,0,0,0,0,0,0,0,0,0,0,0,0,0,0,0,0,0,0,0,0,0,0,0,0,0,CUE,Y,,2022,4,7,4/27/2009,20.13793103,20.82720081,20.82720081,0,0,0,0,0,0,48.4,59.6,63.4,62.3,74.3,75.7,66,47.9,30.8,0,0,0,0,0,0,0,0,0,0,0,0,0,0,0,0,0,0,0,0,0,0,0,0,0,0,0,0,0,0,0,0,0,0,0,0,0,0,0,0,0,0,0,0,0,0,0,0,0,0,0,0,0,0,0,0,0,0,0,0,0,0,0,0,0,0,0,0,0,0,0,0,0,0,0,0,0,0,0,0,0,82.7,72.2,59.7,49.3,36.4,33.5,44.7,49.2,62.9,0,0,0,0,0,0,0,0,0,0,0,0,0,0,0,0,0,0,0,0,0,0,0,0,0,0,0,0,0,0,0,0,0,0,0,0,0,0,0,0,0,0,0,0,0,0,0,0,0,0,0,0,0,0,0,0,0,0,0,0,0,0,0,0,0,0,0,0,0,0,0,0,0,0,0,0,528.4,490.6,58.71111111,54.51111111,115,55,6,6
47,CT,A,W,2,6.8,138,50,15,76,13,11,22,1.5,0,0,0,30,2206,16,6,114,94.2,58.9,36,31.2,28,0,0,0,0,0,0,0,0,0,0,0,0,0,0,0,0,0,0,0,0,0,0,0,0,0,0,0,0,0,0,0,0,0,0,0,0,0,0,0,0,0,0,0,0,0,0,0,0,0,0,0,0,0,0,0,0,0,0,0,0,0,0,0,0,0,0,0,0,0,0,0,0,0,0,0,0,0,0,0,0,0,0,0,0,49.9,43.5,43,52.3,57.5,63.7,0,0,0,0,0,0,0,0,0,0,0,0,0,0,0,0,0,0,0,0,0,0,0,0,0,0,0,0,0,0,0,0,0,0,0,0,0,0,0,0,0,0,0,0,0,0,0,0,0,0,0,0,0,0,0,0,0,0,0,0,0,0,0,0,0,0,0,0,0,0,0,0,0,0,0,0,0,0,0,0,0,0,0,0,CUE,Y,,2022,5,7,4/27/2009,20.29411765,20.82720081,20.82720081,0,0,0,0,0,0,28,0,0,0,0,0,0,0,0,0,0,0,0,0,0,0,0,0,0,0,0,0,0,0,0,0,0,0,0,0,0,0,0,0,0,0,0,0,0,0,0,0,0,0,0,0,0,0,0,0,0,0,0,0,0,0,0,0,0,0,0,0,0,0,0,0,0,0,0,0,0,0,0,0,0,0,0,0,0,0,0,0,0,0,0,0,0,0,0,0,63.7,0,0,0,0,0,0,0,0,0,0,0,0,0,0,0,0,0,0,0,0,0,0,0,0,0,0,0,0,0,0,0,0,0,0,0,0,0,0,0,0,0,0,0,0,0,0,0,0,0,0,0,0,0,0,0,0,0,0,0,0,0,0,0,0,0,0,0,0,0,0,0,0,0,0,0,0,0,0,0,0,0,0,0,0,28,63.7,28,63.7,115,55,6,6
48,CT,A,S,1,4.5,120,75,5,65,15,20,38,1.5,0,0,0,30,2206,16,4,113,83.8,61.2,32.3,0,0,0,0,0,0,0,0,0,0,0,0,0,0,0,0,0,0,0,0,0,0,0,0,0,0,0,0,0,0,0,0,0,0,0,0,0,0,0,0,0,0,0,0,0,0,0,0,0,0,0,0,0,0,0,0,0,0,0,0,0,0,0,0,0,0,0,0,0,0,0,0,0,0,0,0,0,0,0,0,0,0,0,0,0,0,62,53.7,49.9,65.2,0,0,0,0,0,0,0,0,0,0,0,0,0,0,0,0,0,0,0,0,0,0,0,0,0,0,0,0,0,0,0,0,0,0,0,0,0,0,0,0,0,0,0,0,0,0,0,0,0,0,0,0,0,0,0,0,0,0,0,0,0,0,0,0,0,0,0,0,0,0,0,0,0,0,0,0,0,0,0,0,0,0,0,0,0,0,CUE,Y,,2022,6,7,4/27/2009,26.66666667,20.82720081,20.82720081,0,0,0,0,0,0,0,0,0,0,0,0,0,0,0,0,0,0,0,0,0,0,0,0,0,0,0,0,0,0,0,0,0,0,0,0,0,0,0,0,0,0,0,0,0,0,0,0,0,0,0,0,0,0,0,0,0,0,0,0,0,0,0,0,0,0,0,0,0,0,0,0,0,0,0,0,0,0,0,0,0,0,0,0,0,0,0,0,0,0,0,0,0,0,0,0,0,0,0,0,0,0,0,0,0,0,0,0,0,0,0,0,0,0,0,0,0,0,0,0,0,0,0,0,0,0,0,0,0,0,0,0,0,0,0,0,0,0,0,0,0,0,0,0,0,0,0,0,0,0,0,0,0,0,0,0,0,0,0,0,0,0,0,0,0,0,0,0,0,0,0,0,0,0,0,0,0,0,0,0,0,0,0,0,0,115,55,6,5
67,CT,A,N,3,28.8,624,2,81,25,63,12,18,1.5,0,2,0,30,2206,20,28,111.1,99.3,88,79.8,97.1,105.3,104.1,91.1,78.7,83.4,85.3,86.1,83.8,81.1,87.5,90,84.7,74.5,64.2,66,80.2,80.8,89.8,96.6,102.2,96.4,84.2,64.7,0,0,0,0,0,0,0,0,0,0,0,0,0,0,0,0,0,0,0,0,0,0,0,0,0,0,0,0,0,0,0,0,0,0,0,0,0,0,0,0,0,0,0,0,0,0,0,0,0,0,0,0,0,0,0,0,0,0,0,0,0,0,63.6,63.1,75.9,74.1,68.7,68.7,61,47.7,71,93.5,104.9,104.8,103.1,92.6,76.8,66.7,56.8,54.6,65.8,95,99,86.3,71.8,49.8,32.6,21.7,12.9,29.1,0,0,0,0,0,0,0,0,0,0,0,0,0,0,0,0,0,0,0,0,0,0,0,0,0,0,0,0,0,0,0,0,0,0,0,0,0,0,0,0,0,0,0,0,0,0,0,0,0,0,0,0,0,0,0,0,0,0,0,0,0,0,CUE,Y,,2022,1,7,4/27/2009,21.66666667,22.6294577,22.6294577,0,0,0,0,0,97.1,105.3,104.1,91.1,78.7,83.4,85.3,86.1,83.8,81.1,87.5,90,84.7,74.5,64.2,66,80.2,80.8,89.8,96.6,102.2,96.4,84.2,64.7,0,0,0,0,0,0,0,0,0,0,0,0,0,0,0,0,0,0,0,0,0,0,0,0,0,0,0,0,0,0,0,0,0,0,0,0,0,0,0,0,0,0,0,0,0,0,0,0,0,0,0,0,0,0,0,0,0,0,0,0,0,0,0,0,0,0,68.7,68.7,61,47.7,71,93.5,104.9,104.8,103.1,92.6,76.8,66.7,56.8,54.6,65.8,95,99,86.3,71.8,49.8,32.6,21.7,12.9,29.1,0,0,0,0,0,0,0,0,0,0,0,0,0,0,0,0,0,0,0,0,0,0,0,0,0,0,0,0,0,0,0,0,0,0,0,0,0,0,0,0,0,0,0,0,0,0,0,0,0,0,0,0,0,0,0,0,0,0,0,0,0,0,2057.8,1634.9,85.74166667,68.12083333,115,55,5,5
68,CT,A,E,4,6,123,0,36,71,28,1,31,1.5,0,0,0,30,2206,20,5,104,84.6,62.7,42.4,28.7,0,0,0,0,0,0,0,0,0,0,0,0,0,0,0,0,0,0,0,0,0,0,0,0,0,0,0,0,0,0,0,0,0,0,0,0,0,0,0,0,0,0,0,0,0,0,0,0,0,0,0,0,0,0,0,0,0,0,0,0,0,0,0,0,0,0,0,0,0,0,0,0,0,0,0,0,0,0,0,0,0,0,0,0,0,61,59.4,62.5,70,82.4,0,0,0,0,0,0,0,0,0,0,0,0,0,0,0,0,0,0,0,0,0,0,0,0,0,0,0,0,0,0,0,0,0,0,0,0,0,0,0,0,0,0,0,0,0,0,0,0,0,0,0,0,0,0,0,0,0,0,0,0,0,0,0,0,0,0,0,0,0,0,0,0,0,0,0,0,0,0,0,0,0,0,0,0,0,CUE,Y,,2022,2,7,4/30/2009,20.5,22.6294577,22.6294577,0,0,0,0,0,28.7,0,0,0,0,0,0,0,0,0,0,0,0,0,0,0,0,0,0,0,0,0,0,0,0,0,0,0,0,0,0,0,0,0,0,0,0,0,0,0,0,0,0,0,0,0,0,0,0,0,0,0,0,0,0,0,0,0,0,0,0,0,0,0,0,0,0,0,0,0,0,0,0,0,0,0,0,0,0,0,0,0,0,0,0,0,0,0,0,0,82.4,0,0,0,0,0,0,0,0,0,0,0,0,0,0,0,0,0,0,0,0,0,0,0,0,0,0,0,0,0,0,0,0,0,0,0,0,0,0,0,0,0,0,0,0,0,0,0,0,0,0,0,0,0,0,0,0,0,0,0,0,0,0,0,0,0,0,0,0,0,0,0,0,0,0,0,0,0,0,0,0,0,0,0,0,0,28.7,82.4,28.7,82.4,115,55,5,5
69,CT,A,S,4,13.2,228,87,12,56,12,32,58,1.5,0,1,0,30,2206,20,13,114.2,115,114.8,114,107.7,93.6,74.5,62.8,62.2,63,68.9,44.5,19.4,0,0,0,0,0,0,0,0,0,0,0,0,0,0,0,0,0,0,0,0,0,0,0,0,0,0,0,0,0,0,0,0,0,0,0,0,0,0,0,0,0,0,0,0,0,0,0,0,0,0,0,0,0,0,0,0,0,0,0,0,0,0,0,0,0,0,0,0,0,0,0,0,0,0,0,0,0,57.6,57.4,57.9,55.7,45,30.5,23.3,24.9,25.3,25.9,20.4,42.2,67.3,0,0,0,0,0,0,0,0,0,0,0,0,0,0,0,0,0,0,0,0,0,0,0,0,0,0,0,0,0,0,0,0,0,0,0,0,0,0,0,0,0,0,0,0,0,0,0,0,0,0,0,0,0,0,0,0,0,0,0,0,0,0,0,0,0,0,0,0,0,0,0,0,0,0,0,0,0,CUE,Y,,2022,3,7,4/27/2009,17.27272727,22.6294577,22.6294577,0,0,0,0,0,107.7,93.6,74.5,62.8,62.2,63,68.9,44.5,19.4,0,0,0,0,0,0,0,0,0,0,0,0,0,0,0,0,0,0,0,0,0,0,0,0,0,0,0,0,0,0,0,0,0,0,0,0,0,0,0,0,0,0,0,0,0,0,0,0,0,0,0,0,0,0,0,0,0,0,0,0,0,0,0,0,0,0,0,0,0,0,0,0,0,0,0,0,0,0,0,0,0,45,30.5,23.3,24.9,25.3,25.9,20.4,42.2,67.3,0,0,0,0,0,0,0,0,0,0,0,0,0,0,0,0,0,0,0,0,0,0,0,0,0,0,0,0,0,0,0,0,0,0,0,0,0,0,0,0,0,0,0,0,0,0,0,0,0,0,0,0,0,0,0,0,0,0,0,0,0,0,0,0,0,0,0,0,0,0,0,0,0,0,0,0,0,596.6,304.8,66.28888889,33.86666667,115,55,5,5
70,CT,A,E,3,10,229,0,19,40,50,10,30,1.5,0,0,0,30,2206,20,9,120.8,107.2,102,100,114.6,114.1,101.5,79.3,57.2,0,0,0,0,0,0,0,0,0,0,0,0,0,0,0,0,0,0,0,0,0,0,0,0,0,0,0,0,0,0,0,0,0,0,0,0,0,0,0,0,0,0,0,0,0,0,0,0,0,0,0,0,0,0,0,0,0,0,0,0,0,0,0,0,0,0,0,0,0,0,0,0,0,0,0,0,0,0,0,0,0,47.9,25.6,10.5,13,30.1,34.6,29.4,37.9,57.3,0,0,0,0,0,0,0,0,0,0,0,0,0,0,0,0,0,0,0,0,0,0,0,0,0,0,0,0,0,0,0,0,0,0,0,0,0,0,0,0,0,0,0,0,0,0,0,0,0,0,0,0,0,0,0,0,0,0,0,0,0,0,0,0,0,0,0,0,0,0,0,0,0,0,0,0,0,0,0,0,0,CUE,Y,,2022,4,7,4/27/2009,22.9,22.6294577,22.6294577,0,0,0,0,0,114.6,114.1,101.5,79.3,57.2,0,0,0,0,0,0,0,0,0,0,0,0,0,0,0,0,0,0,0,0,0,0,0,0,0,0,0,0,0,0,0,0,0,0,0,0,0,0,0,0,0,0,0,0,0,0,0,0,0,0,0,0,0,0,0,0,0,0,0,0,0,0,0,0,0,0,0,0,0,0,0,0,0,0,0,0,0,0,0,0,0,0,0,0,0,30.1,34.6,29.4,37.9,57.3,0,0,0,0,0,0,0,0,0,0,0,0,0,0,0,0,0,0,0,0,0,0,0,0,0,0,0,0,0,0,0,0,0,0,0,0,0,0,0,0,0,0,0,0,0,0,0,0,0,0,0,0,0,0,0,0,0,0,0,0,0,0,0,0,0,0,0,0,0,0,0,0,0,0,0,0,0,0,0,0,0,466.7,189.3,93.34,37.86,115,55,5,5
71,CT,A,W,2,4.7,130,23,6,52,39,9,39,1.5,0,0,0,30,2206,20,4,110.2,93.9,59.5,29.2,0,0,0,0,0,0,0,0,0,0,0,0,0,0,0,0,0,0,0,0,0,0,0,0,0,0,0,0,0,0,0,0,0,0,0,0,0,0,0,0,0,0,0,0,0,0,0,0,0,0,0,0,0,0,0,0,0,0,0,0,0,0,0,0,0,0,0,0,0,0,0,0,0,0,0,0,0,0,0,0,0,0,0,0,0,0,52,56.4,61.2,68.5,0,0,0,0,0,0,0,0,0,0,0,0,0,0,0,0,0,0,0,0,0,0,0,0,0,0,0,0,0,0,0,0,0,0,0,0,0,0,0,0,0,0,0,0,0,0,0,0,0,0,0,0,0,0,0,0,0,0,0,0,0,0,0,0,0,0,0,0,0,0,0,0,0,0,0,0,0,0,0,0,0,0,0,0,0,0,CUE,Y,,2022,5,7,4/27/2009,27.65957447,22.6294577,22.6294577,0,0,0,0,0,0,0,0,0,0,0,0,0,0,0,0,0,0,0,0,0,0,0,0,0,0,0,0,0,0,0,0,0,0,0,0,0,0,0,0,0,0,0,0,0,0,0,0,0,0,0,0,0,0,0,0,0,0,0,0,0,0,0,0,0,0,0,0,0,0,0,0,0,0,0,0,0,0,0,0,0,0,0,0,0,0,0,0,0,0,0,0,0,0,0,0,0,0,0,0,0,0,0,0,0,0,0,0,0,0,0,0,0,0,0,0,0,0,0,0,0,0,0,0,0,0,0,0,0,0,0,0,0,0,0,0,0,0,0,0,0,0,0,0,0,0,0,0,0,0,0,0,0,0,0,0,0,0,0,0,0,0,0,0,0,0,0,0,0,0,0,0,0,0,0,0,0,0,0,0,0,0,0,0,0,115,55,5,5
72,CT,A,S,1,4.5,116,72,3,65,22,13,40,1.5,1,0,0,30,2206,20,4,105.7,77.4,50.8,25.6,0,0,0,0,0,0,0,0,0,0,0,0,0,0,0,0,0,0,0,0,0,0,0,0,0,0,0,0,0,0,0,0,0,0,0,0,0,0,0,0,0,0,0,0,0,0,0,0,0,0,0,0,0,0,0,0,0,0,0,0,0,0,0,0,0,0,0,0,0,0,0,0,0,0,0,0,0,0,0,0,0,0,0,0,0,0,62.2,59.5,60.3,72,0,0,0,0,0,0,0,0,0,0,0,0,0,0,0,0,0,0,0,0,0,0,0,0,0,0,0,0,0,0,0,0,0,0,0,0,0,0,0,0,0,0,0,0,0,0,0,0,0,0,0,0,0,0,0,0,0,0,0,0,0,0,0,0,0,0,0,0,0,0,0,0,0,0,0,0,0,0,0,0,0,0,0,0,0,0,CUE,Y,,2022,6,7,4/27/2009,25.77777778,22.6294577,22.6294577,0,0,0,0,0,0,0,0,0,0,0,0,0,0,0,0,0,0,0,0,0,0,0,0,0,0,0,0,0,0,0,0,0,0,0,0,0,0,0,0,0,0,0,0,0,0,0,0,0,0,0,0,0,0,0,0,0,0,0,0,0,0,0,0,0,0,0,0,0,0,0,0,0,0,0,0,0,0,0,0,0,0,0,0,0,0,0,0,0,0,0,0,0,0,0,0,0,0,0,0,0,0,0,0,0,0,0,0,0,0,0,0,0,0,0,0,0,0,0,0,0,0,0,0,0,0,0,0,0,0,0,0,0,0,0,0,0,0,0,0,0,0,0,0,0,0,0,0,0,0,0,0,0,0,0,0,0,0,0,0,0,0,0,0,0,0,0,0,0,0,0,0,0,0,0,0,0,0,0,0,0,0,0,0,0,115,55,5,5
73,CT,A,N,3,30.1,435,0,38,6,47,47,-60,1.5,0,0,0,30,2206,21,30,115.6,114.7,112.5,106.5,88.4,97.3,114.9,112.2,104.6,101,99,89.8,81,80,91.4,113.6,115.9,115.9,121.8,120,121.5,121.3,121.5,120.9,120.1,117.9,115.7,112.6,109.5,108.3,0,0,0,0,0,0,0,0,0,0,0,0,0,0,0,0,0,0,0,0,0,0,0,0,0,0,0,0,0,0,0,0,0,0,0,0,0,0,0,0,0,0,0,0,0,0,0,0,0,0,0,0,0,0,0,0,0,0,0,0,54.5,49.3,46.3,24.9,25.3,47.7,63.9,62.8,67.6,79.9,81.7,89.6,76.6,67.3,51,59.1,59.7,53.4,50.2,51,52.2,52.7,52.4,53.1,55.3,57.3,54.6,58.9,67,65.6,0,0,0,0,0,0,0,0,0,0,0,0,0,0,0,0,0,0,0,0,0,0,0,0,0,0,0,0,0,0,0,0,0,0,0,0,0,0,0,0,0,0,0,0,0,0,0,0,0,0,0,0,0,0,0,0,0,0,0,0,CUE,Y,,2022,1,7,4/27/2009,14.45182724,25.06808637,25.06808637,0,0,0,0,0,88.4,97.3,114.9,112.2,104.6,101,99,89.8,81,80,91.4,113.6,115.9,115.9,121.8,120,121.5,121.3,121.5,120.9,120.1,117.9,115.7,112.6,109.5,108.3,0,0,0,0,0,0,0,0,0,0,0,0,0,0,0,0,0,0,0,0,0,0,0,0,0,0,0,0,0,0,0,0,0,0,0,0,0,0,0,0,0,0,0,0,0,0,0,0,0,0,0,0,0,0,0,0,0,0,0,0,0,0,0,0,25.3,47.7,63.9,62.8,67.6,79.9,81.7,89.6,76.6,67.3,51,59.1,59.7,53.4,50.2,51,52.2,52.7,52.4,53.1,55.3,57.3,54.6,58.9,67,65.6,0,0,0,0,0,0,0,0,0,0,0,0,0,0,0,0,0,0,0,0,0,0,0,0,0,0,0,0,0,0,0,0,0,0,0,0,0,0,0,0,0,0,0,0,0,0,0,0,0,0,0,0,0,0,0,0,0,0,0,0,2816.1,1555.9,108.3115385,59.84230769,115,55,5,5
74,CT,A,E,4,13.3,205,51,6,34,21,45,-83,1.5,0,0,0,30,2206,21,13,126,126.3,125,126.7,123.8,118.1,95.9,81.8,84.3,80.5,69.7,48.3,36.5,0,0,0,0,0,0,0,0,0,0,0,0,0,0,0,0,0,0,0,0,0,0,0,0,0,0,0,0,0,0,0,0,0,0,0,0,0,0,0,0,0,0,0,0,0,0,0,0,0,0,0,0,0,0,0,0,0,0,0,0,0,0,0,0,0,0,0,0,0,0,0,0,0,0,0,0,0,65.5,64.4,62.2,64.7,58.4,51.6,37.4,40,58.1,65.1,64.1,66.4,69.3,0,0,0,0,0,0,0,0,0,0,0,0,0,0,0,0,0,0,0,0,0,0,0,0,0,0,0,0,0,0,0,0,0,0,0,0,0,0,0,0,0,0,0,0,0,0,0,0,0,0,0,0,0,0,0,0,0,0,0,0,0,0,0,0,0,0,0,0,0,0,0,0,0,0,0,0,0,CUE,Y,,2022,2,7,4/27/2009,15.41353383,25.06808637,25.06808637,0,0,0,0,0,123.8,118.1,95.9,81.8,84.3,80.5,69.7,48.3,36.5,0,0,0,0,0,0,0,0,0,0,0,0,0,0,0,0,0,0,0,0,0,0,0,0,0,0,0,0,0,0,0,0,0,0,0,0,0,0,0,0,0,0,0,0,0,0,0,0,0,0,0,0,0,0,0,0,0,0,0,0,0,0,0,0,0,0,0,0,0,0,0,0,0,0,0,0,0,0,0,0,0,58.4,51.6,37.4,40,58.1,65.1,64.1,66.4,69.3,0,0,0,0,0,0,0,0,0,0,0,0,0,0,0,0,0,0,0,0,0,0,0,0,0,0,0,0,0,0,0,0,0,0,0,0,0,0,0,0,0,0,0,0,0,0,0,0,0,0,0,0,0,0,0,0,0,0,0,0,0,0,0,0,0,0,0,0,0,0,0,0,0,0,0,0,0,738.9,510.4,82.1,56.71111111,115,55,5,5
75,CT,A,S,4,11.6,280,82,7,25,57,18,47,1.5,1,0,0,30,2206,21,11,107.3,100.3,99,97.9,105.2,124.4,118.3,103.8,97.1,76.9,46.5,0,0,0,0,0,0,0,0,0,0,0,0,0,0,0,0,0,0,0,0,0,0,0,0,0,0,0,0,0,0,0,0,0,0,0,0,0,0,0,0,0,0,0,0,0,0,0,0,0,0,0,0,0,0,0,0,0,0,0,0,0,0,0,0,0,0,0,0,0,0,0,0,0,0,0,0,0,0,0,54,41,24,13.8,26.6,53,49.1,39.1,26.1,15,53.4,0,0,0,0,0,0,0,0,0,0,0,0,0,0,0,0,0,0,0,0,0,0,0,0,0,0,0,0,0,0,0,0,0,0,0,0,0,0,0,0,0,0,0,0,0,0,0,0,0,0,0,0,0,0,0,0,0,0,0,0,0,0,0,0,0,0,0,0,0,0,0,0,0,0,0,0,0,0,0,CUE,Y,,2022,3,7,4/27/2009,24.13793103,25.06808637,25.06808637,0,0,0,0,0,105.2,124.4,118.3,103.8,97.1,76.9,46.5,0,0,0,0,0,0,0,0,0,0,0,0,0,0,0,0,0,0,0,0,0,0,0,0,0,0,0,0,0,0,0,0,0,0,0,0,0,0,0,0,0,0,0,0,0,0,0,0,0,0,0,0,0,0,0,0,0,0,0,0,0,0,0,0,0,0,0,0,0,0,0,0,0,0,0,0,0,0,0,0,0,0,0,26.6,53,49.1,39.1,26.1,15,53.4,0,0,0,0,0,0,0,0,0,0,0,0,0,0,0,0,0,0,0,0,0,0,0,0,0,0,0,0,0,0,0,0,0,0,0,0,0,0,0,0,0,0,0,0,0,0,0,0,0,0,0,0,0,0,0,0,0,0,0,0,0,0,0,0,0,0,0,0,0,0,0,0,0,0,0,0,0,0,0,672.2,262.3,96.02857143,37.47142857,115,55,5,5
76,CT,A,E,3,3.9,131,81,2,42,23,35,-24,1.5,1,0,0,30,2206,21,3,119.3,101,65.3,0,0,0,0,0,0,0,0,0,0,0,0,0,0,0,0,0,0,0,0,0,0,0,0,0,0,0,0,0,0,0,0,0,0,0,0,0,0,0,0,0,0,0,0,0,0,0,0,0,0,0,0,0,0,0,0,0,0,0,0,0,0,0,0,0,0,0,0,0,0,0,0,0,0,0,0,0,0,0,0,0,0,0,0,0,0,0,57.6,55.7,64.5,0,0,0,0,0,0,0,0,0,0,0,0,0,0,0,0,0,0,0,0,0,0,0,0,0,0,0,0,0,0,0,0,0,0,0,0,0,0,0,0,0,0,0,0,0,0,0,0,0,0,0,0,0,0,0,0,0,0,0,0,0,0,0,0,0,0,0,0,0,0,0,0,0,0,0,0,0,0,0,0,0,0,0,0,0,0,0,CUE,Y,,2022,4,7,4/27/2009,33.58974359,25.06808637,25.06808637,0,0,0,0,0,0,0,0,0,0,0,0,0,0,0,0,0,0,0,0,0,0,0,0,0,0,0,0,0,0,0,0,0,0,0,0,0,0,0,0,0,0,0,0,0,0,0,0,0,0,0,0,0,0,0,0,0,0,0,0,0,0,0,0,0,0,0,0,0,0,0,0,0,0,0,0,0,0,0,0,0,0,0,0,0,0,0,0,0,0,0,0,0,0,0,0,0,0,0,0,0,0,0,0,0,0,0,0,0,0,0,0,0,0,0,0,0,0,0,0,0,0,0,0,0,0,0,0,0,0,0,0,0,0,0,0,0,0,0,0,0,0,0,0,0,0,0,0,0,0,0,0,0,0,0,0,0,0,0,0,0,0,0,0,0,0,0,0,0,0,0,0,0,0,0,0,0,0,0,0,0,0,0,0,0,115,55,5,4
77,CT,A,W,2,4.6,133,40,40,55,44,1,-28,1.5,0,0,0,30,2206,21,4,104,78.2,38.8,23.1,0,0,0,0,0,0,0,0,0,0,0,0,0,0,0,0,0,0,0,0,0,0,0,0,0,0,0,0,0,0,0,0,0,0,0,0,0,0,0,0,0,0,0,0,0,0,0,0,0,0,0,0,0,0,0,0,0,0,0,0,0,0,0,0,0,0,0,0,0,0,0,0,0,0,0,0,0,0,0,0,0,0,0,0,0,0,31.8,23.2,56.5,91.8,0,0,0,0,0,0,0,0,0,0,0,0,0,0,0,0,0,0,0,0,0,0,0,0,0,0,0,0,0,0,0,0,0,0,0,0,0,0,0,0,0,0,0,0,0,0,0,0,0,0,0,0,0,0,0,0,0,0,0,0,0,0,0,0,0,0,0,0,0,0,0,0,0,0,0,0,0,0,0,0,0,0,0,0,0,0,CUE,Y,,2022,5,7,4/27/2009,28.91304348,25.06808637,25.06808637,0,0,0,0,0,0,0,0,0,0,0,0,0,0,0,0,0,0,0,0,0,0,0,0,0,0,0,0,0,0,0,0,0,0,0,0,0,0,0,0,0,0,0,0,0,0,0,0,0,0,0,0,0,0,0,0,0,0,0,0,0,0,0,0,0,0,0,0,0,0,0,0,0,0,0,0,0,0,0,0,0,0,0,0,0,0,0,0,0,0,0,0,0,0,0,0,0,0,0,0,0,0,0,0,0,0,0,0,0,0,0,0,0,0,0,0,0,0,0,0,0,0,0,0,0,0,0,0,0,0,0,0,0,0,0,0,0,0,0,0,0,0,0,0,0,0,0,0,0,0,0,0,0,0,0,0,0,0,0,0,0,0,0,0,0,0,0,0,0,0,0,0,0,0,0,0,0,0,0,0,0,0,0,0,0,115,55,5,5
78,CT,A,S,1,4.1,139,22,1,77,12,11,-50,1.5,0,0,0,30,2206,21,4,107.9,75.4,49.9,18.4,0,0,0,0,0,0,0,0,0,0,0,0,0,0,0,0,0,0,0,0,0,0,0,0,0,0,0,0,0,0,0,0,0,0,0,0,0,0,0,0,0,0,0,0,0,0,0,0,0,0,0,0,0,0,0,0,0,0,0,0,0,0,0,0,0,0,0,0,0,0,0,0,0,0,0,0,0,0,0,0,0,0,0,0,0,0,44.2,26.4,45.3,75.9,0,0,0,0,0,0,0,0,0,0,0,0,0,0,0,0,0,0,0,0,0,0,0,0,0,0,0,0,0,0,0,0,0,0,0,0,0,0,0,0,0,0,0,0,0,0,0,0,0,0,0,0,0,0,0,0,0,0,0,0,0,0,0,0,0,0,0,0,0,0,0,0,0,0,0,0,0,0,0,0,0,0,0,0,0,0,CUE,Y,,2022,6,7,4/27/2009,33.90243902,25.06808637,25.06808637,0,0,0,0,0,0,0,0,0,0,0,0,0,0,0,0,0,0,0,0,0,0,0,0,0,0,0,0,0,0,0,0,0,0,0,0,0,0,0,0,0,0,0,0,0,0,0,0,0,0,0,0,0,0,0,0,0,0,0,0,0,0,0,0,0,0,0,0,0,0,0,0,0,0,0,0,0,0,0,0,0,0,0,0,0,0,0,0,0,0,0,0,0,0,0,0,0,0,0,0,0,0,0,0,0,0,0,0,0,0,0,0,0,0,0,0,0,0,0,0,0,0,0,0,0,0,0,0,0,0,0,0,0,0,0,0,0,0,0,0,0,0,0,0,0,0,0,0,0,0,0,0,0,0,0,0,0,0,0,0,0,0,0,0,0,0,0,0,0,0,0,0,0,0,0,0,0,0,0,0,0,0,0,0,0,115,55,5,4
