SEQUENCE,DAY,SUBGROUP,START,PLATFORM,LAT,PATH,TMQUADB,TMQUADD,TIMEINN,TIMEMID,TIMEOUT,ANGLE,CNTDIAM,ANCROSB,ANCROSD,MAXMIN,MAXSEC,GROUP,NUMBER,LINENO,TDIS1,TDIS2,TDIS3,TDIS4,TDIS5,TDIS6,TDIS7,TDIS8,TDIS9,TDIS10,TDIS11,TDIS12,TDIS13,TDIS14,TDIS15,TDIS16,TDIS17,TDIS18,TDIS19,TDIS20,TDIS21,TDIS22,TDIS23,TDIS24,TDIS25,TDIS26,TDIS27,TDIS28,TDIS29,TDIS30,TDIS31,TDIS32,TDIS33,TDIS34,TDIS35,TDIS36,TDIS37,TDIS38,TDIS39,TDIS40,TDIS41,TDIS42,TDIS43,TDIS44,TDIS45,TDIS46,TDIS47,TDIS48,TDIS49,TDIS50,TDIS51,TDIS52,TDIS53,TDIS54,TDIS55,TDIS56,TDIS57,TDIS58,TDIS59,TDIS60,TDIS61,TDIS62,TDIS63,TDIS64,TDIS65,TDIS66,TDIS67,TDIS68,TDIS69,TDIS70,TDIS71,TDIS72,TDIS73,TDIS74,TDIS75,TDIS76,TDIS77,TDIS78,TDIS79,TDIS80,TDIS81,TDIS82,TDIS83,TDIS84,TDIS85,TDIS86,TDIS87,TDIS88,TDIS89,TDIS90,ODIS1,ODIS2,ODIS3,ODIS4,ODIS5,ODIS6,ODIS7,ODIS8,ODIS9,ODIS10,ODIS11,ODIS12,ODIS13,ODIS14,ODIS15,ODIS16,ODIS17,ODIS18,ODIS19,ODIS20,ODIS21,ODIS22,ODIS23,ODIS24,ODIS25,ODIS26,ODIS27,ODIS28,ODIS29,ODIS30,ODIS31,ODIS32,ODIS33,ODIS34,ODIS35,ODIS36,ODIS37,ODIS38,ODIS39,ODIS40,ODIS41,ODIS42,ODIS43,ODIS44,ODIS45,ODIS46,ODIS47,ODIS48,ODIS49,ODIS50,ODIS51,ODIS52,ODIS53,ODIS54,ODIS55,ODIS56,ODIS57,ODIS58,ODIS59,ODIS60,ODIS61,ODIS62,ODIS63,ODIS64,ODIS65,ODIS66,ODIS67,ODIS68,ODIS69,ODIS70,ODIS71,ODIS72,ODIS73,ODIS74,ODIS75,ODIS76,ODIS77,ODIS78,ODIS79,ODIS80,ODIS81,ODIS82,ODIS83,ODIS84,ODIS85,ODIS86,ODIS87,ODIS88,ODIS89,ODIS90,COND,AGE,SLGROUP,YEAR,TRIAL,BLOCK,RUNDATE,SPEED,BSPEED,BSPEEDTT,BSPEEDFS,AJTDIS1,AJTDIS2,AJTDIS3,AJTDIS4,AJTDIS5,AJTDIS6,AJTDIS7,AJTDIS8,AJTDIS9,AJTDIS10,AJTDIS11,AJTDIS12,AJTDIS13,AJTDIS14,AJTDIS15,AJTDIS16,AJTDIS17,AJTDIS18,AJTDIS19,AJTDIS20,AJTDIS21,AJTDIS22,AJTDIS23,AJTDIS24,AJTDIS25,AJTDIS26,AJTDIS27,AJTDIS28,AJTDIS29,AJTDIS30,AJTDIS31,AJTDIS32,AJTDIS33,AJTDIS34,AJTDIS35,AJTDIS36,AJTDIS37,AJTDIS38,AJTDIS39,AJTDIS40,AJTDIS41,AJTDIS42,AJTDIS43,AJTDIS44,AJTDIS45,AJTDIS46,AJTDIS47,AJTDIS48,AJTDIS49,AJTDIS50,AJTDIS51,AJTDIS52,AJTDIS53,AJTDIS54,AJTDIS55,AJTDIS56,AJTDIS57,AJTDIS58,AJTDIS59,AJTDIS60,AJTDIS61,AJTDIS62,AJTDIS63,AJTDIS64,AJTDIS65,AJTDIS66,AJTDIS67,AJTDIS68,AJTDIS69,AJTDIS70,AJTDIS71,AJTDIS72,AJTDIS73,AJTDIS74,AJTDIS75,AJTDIS76,AJTDIS77,AJTDIS78,AJTDIS79,AJTDIS80,AJTDIS81,AJTDIS82,AJTDIS83,AJTDIS84,AJTDIS85,AJTDIS86,AJTDIS87,AJTDIS88,AJTDIS89,AJTDIS90,AJODIS1,AJODIS2,AJODIS3,AJODIS4,AJODIS5,AJODIS6,AJODIS7,AJODIS8,AJODIS9,AJODIS10,AJODIS11,AJODIS12,AJODIS13,AJODIS14,AJODIS15,AJODIS16,AJODIS17,AJODIS18,AJODIS19,AJODIS20,AJODIS21,AJODIS22,AJODIS23,AJODIS24,AJODIS25,AJODIS26,AJODIS27,AJODIS28,AJODIS29,AJODIS30,AJODIS31,AJODIS32,AJODIS33,AJODIS34,AJODIS35,AJODIS36,AJODIS37,AJODIS38,AJODIS39,AJODIS40,AJODIS41,AJODIS42,AJODIS43,AJODIS44,AJODIS45,AJODIS46,AJODIS47,AJODIS48,AJODIS49,AJODIS50,AJODIS51,AJODIS52,AJODIS53,AJODIS54,AJODIS55,AJODIS56,AJODIS57,AJODIS58,AJODIS59,AJODIS60,AJODIS61,AJODIS62,AJODIS63,AJODIS64,AJODIS65,AJODIS66,AJODIS67,AJODIS68,AJODIS69,AJODIS70,AJODIS71,AJODIS72,AJODIS73,AJODIS74,AJODIS75,AJODIS76,AJODIS77,AJODIS78,AJODIS79,AJODIS80,AJODIS81,AJODIS82,AJODIS83,AJODIS84,AJODIS85,AJODIS86,AJODIS87,AJODIS88,AJODIS89,AJODIS90,CUMDS,CUMDSO,TAVDS,TAVDSO,PLATDIS,PLATDISO,PLATTIME,BEGIN
1,1,A,S,2,90.1,1760,29,29,10,39,51,-51,1.5,0,1,0,90,1610,4,90,52.5,48.8,47.4,48.8,52.1,77.6,97.6,108.8,109.8,101.8,94.1,94.4,109.7,116.9,114.2,117.3,120.6,120.7,118.1,113.5,102.4,92.8,87.8,87.5,78.4,68.2,52.7,44.6,43.7,46.2,49,64.9,82.3,88.8,93,98.7,109.4,121.6,119.1,114.4,104.3,86.2,68.4,60.9,63.5,63.3,52.9,43.4,43.5,45.6,47.9,46.2,44.1,31.3,26.7,45.4,74.3,101,119.2,120,119,122.2,122.5,120.2,117.5,111.7,107.2,101.5,94,83.4,81.3,82.1,79.5,72.9,67.9,62.3,55.5,47.3,31.2,14.5,21.3,42.8,57.6,57.8,59.8,71.7,84.3,93.1,100.7,110.5,109.8,109.2,109.5,98.5,75.7,54.9,57,71.8,67.9,52.7,27,13.8,41.7,52.1,43.3,35.5,35.6,35.6,33,28.4,25.2,43.6,72.1,94.9,101.3,108.7,119.1,125.9,128.9,127,117.3,111,107.2,95.8,78.8,58.4,41.5,39.4,34.6,29.6,19,14.3,39.6,69.5,96.2,112.5,114.5,120,128.5,129,126.6,125.1,123.2,107.3,78.6,46.7,17.9,20.1,37.6,38,34.3,38,45.9,52.7,61.5,70,78.8,80.5,78.4,82.2,95.4,100,101.2,106.2,109.6,107,110.2,109.9,101.2,97.1,99,109.5,120.8,120.2,113.2,108.3,100.7,88.1,73.8,63.5,FS,O,,2016,1,0,11/11/2003,19.53385128,19.63125442,19.63125442,19.63125442,,,47.4,48.8,52.1,77.6,97.6,108.8,109.8,101.8,94.1,94.4,109.7,116.9,114.2,117.3,120.6,120.7,118.1,113.5,102.4,92.8,87.8,87.5,78.4,68.2,52.7,44.6,43.7,46.2,49,64.9,82.3,88.8,93,98.7,109.4,121.6,119.1,114.4,104.3,86.2,68.4,60.9,63.5,63.3,52.9,43.4,43.5,45.6,47.9,46.2,44.1,31.3,26.7,45.4,74.3,101,119.2,120,119,122.2,122.5,120.2,117.5,111.7,107.2,101.5,94,83.4,81.3,82.1,79.5,72.9,67.9,62.3,55.5,47.3,31.2,14.5,21.3,42.8,57.6,57.8,59.8,71.7,84.3,93.1,100.7,110.5,,,109.5,98.5,75.7,54.9,57,71.8,67.9,52.7,27,13.8,41.7,52.1,43.3,35.5,35.6,35.6,33,28.4,25.2,43.6,72.1,94.9,101.3,108.7,119.1,125.9,128.9,127,117.3,111,107.2,95.8,78.8,58.4,41.5,39.4,34.6,29.6,19,14.3,39.6,69.5,96.2,112.5,114.5,120,128.5,129,126.6,125.1,123.2,107.3,78.6,46.7,17.9,20.1,37.6,38,34.3,38,45.9,52.7,61.5,70,78.8,80.5,78.4,82.2,95.4,100,101.2,106.2,109.6,107,110.2,109.9,101.2,97.1,99,109.5,120.8,120.2,113.2,108.3,100.7,88.1,73.8,63.5,7090.3,6815.7,80.57159091,77.45113636,55,115,3,3
4,1,A,S,2,90.1,1711,17,29,19,29,52,-130,1.5,0,0,0,90,1610,5,90,59.4,60.6,62.7,76.8,82.1,81.7,73.6,62.9,60.9,73.9,79.1,74.8,57.4,29.9,15.3,39.5,53.4,54.7,73,91.1,106.3,116.2,120.4,119.3,123.1,118.7,116.9,110.3,104.2,94.3,86.8,77.5,66,49.3,28.9,18.1,19.9,30.9,54.4,77.9,95.4,114.8,122.1,119.2,116.4,116.7,107.9,95.2,86.8,84.9,76.6,66.5,56.4,48,42.6,44.6,50.1,59.4,68.3,70,70.9,68.3,61.3,51.5,50.5,65.7,89.1,110,123.3,123.4,121.5,117.6,116.5,116.4,120.7,119.8,112.8,100.4,83.6,69,63.2,67.4,77.5,78.6,79.1,75.3,69.4,63.3,57.8,54.7,108.4,110.8,109.1,99.8,77.4,48.6,20.9,31.2,62.5,96.1,107.5,108.2,101.9,96,97.7,111,120.5,110.9,100.8,94.6,82.1,67.8,57.3,40.9,38.1,39.4,50.6,61.8,71.9,89.9,97.2,96.3,92.6,87.8,84.5,80.2,68.4,55.2,36.9,24.4,29.1,48.9,57.1,58.7,63.8,63.9,62.4,64.3,78.9,97.3,104.6,109.8,116.6,123.2,127,128.6,126.3,122.9,120.1,113.8,108,98.2,84.6,65.2,42.7,21.1,17,33.3,47.7,49.9,44.4,35.1,31.4,31.9,38.7,38.9,34.1,29.2,32.4,47.8,68.3,87.5,104.2,108.1,107.7,108.5,106.5,109.5,115.9,122.9,FS,O,,2016,1,0,11/11/2003,18.9900111,19.89485201,19.89485201,19.89485201,,,62.7,76.8,82.1,81.7,73.6,62.9,60.9,73.9,79.1,74.8,57.4,29.9,15.3,39.5,53.4,54.7,73,91.1,106.3,116.2,120.4,119.3,123.1,118.7,116.9,110.3,104.2,94.3,86.8,77.5,66,49.3,28.9,18.1,19.9,30.9,54.4,77.9,95.4,114.8,122.1,119.2,116.4,116.7,107.9,95.2,86.8,84.9,76.6,66.5,56.4,48,42.6,44.6,50.1,59.4,68.3,70,70.9,68.3,61.3,51.5,50.5,65.7,89.1,110,123.3,123.4,121.5,117.6,116.5,116.4,120.7,119.8,112.8,100.4,83.6,69,63.2,67.4,77.5,78.6,79.1,75.3,69.4,63.3,57.8,54.7,,,109.1,99.8,77.4,48.6,20.9,31.2,62.5,96.1,107.5,108.2,101.9,96,97.7,111,120.5,110.9,100.8,94.6,82.1,67.8,57.3,40.9,38.1,39.4,50.6,61.8,71.9,89.9,97.2,96.3,92.6,87.8,84.5,80.2,68.4,55.2,36.9,24.4,29.1,48.9,57.1,58.7,63.8,63.9,62.4,64.3,78.9,97.3,104.6,109.8,116.6,123.2,127,128.6,126.3,122.9,120.1,113.8,108,98.2,84.6,65.2,42.7,21.1,17,33.3,47.7,49.9,44.4,35.1,31.4,31.9,38.7,38.9,34.1,29.2,32.4,47.8,68.3,87.5,104.2,108.1,107.7,108.5,106.5,109.5,115.9,122.9,7002.7,6706,79.57613636,76.20454546,55,115,3,3
7,1,A,S,2,85.3,1655,26,12,14,27,59,-92,1.5,1,2,0,90,1610,17,85,53.7,52.8,52.1,59.5,47.7,50.7,49.2,69.2,72.5,82.2,88.4,70.5,51.4,41.4,50.7,62.8,62.3,51,50.2,40.5,41.1,42.6,55.8,69.2,73.3,77.7,75.1,71,90.7,108.9,110.1,100.1,76.2,58.7,57,78.1,85.1,81.6,69.6,70.2,60,44.9,42,41.2,48.2,58.4,72.8,88.2,100.8,102.6,98.1,90.9,87.8,84.5,79.1,70.8,62.8,60.7,60.8,59.1,50.1,43.3,41.6,45.5,52.3,57.9,57.6,52.5,58.2,64.8,64.4,65.6,78,85.7,91.5,96.3,97.9,100.7,101.6,99.9,93.2,88.4,73.8,49.4,14.1,,,,,,103.5,99.6,96.4,91,84.9,83.5,93.3,103,102.7,98.1,87.4,70.4,48.7,46.7,70.5,84.9,96.4,106.6,122.8,122.4,125.6,122.1,114.7,106.9,94.6,89.3,78.6,56.9,39.4,31.5,24.9,15.2,14,36.5,78.8,95.5,93.1,87.9,83.3,97.3,106.8,111.6,124,125.4,121,114.9,105.6,96.6,88.9,85,84.8,86.9,90,93.6,101.1,106.6,111.8,111.4,109.6,111,118.9,124.7,126.8,126.6,125.3,123.9,120.7,118.6,120.6,121.8,117.5,108.5,108.8,103,95.6,87.9,79,76,68.2,60.1,39.1,14.7,15.1,41.3,73.3,,,,,,FS,O,,2016,1,0,11/11/2003,19.4021102,18.17978723,18.17978723,18.17978723,,,52.1,59.5,47.7,50.7,49.2,69.2,72.5,82.2,88.4,70.5,51.4,41.4,50.7,62.8,62.3,51,50.2,40.5,41.1,42.6,55.8,69.2,73.3,77.7,75.1,71,90.7,108.9,110.1,100.1,76.2,58.7,57,78.1,85.1,81.6,69.6,70.2,60,44.9,42,41.2,48.2,58.4,72.8,88.2,100.8,102.6,98.1,90.9,87.8,84.5,79.1,70.8,62.8,60.7,60.8,59.1,50.1,43.3,41.6,45.5,52.3,57.9,57.6,52.5,58.2,64.8,64.4,65.6,78,85.7,91.5,96.3,97.9,100.7,101.6,99.9,93.2,88.4,73.8,49.4,14.1,,,,,,,,96.4,91,84.9,83.5,93.3,103,102.7,98.1,87.4,70.4,48.7,46.7,70.5,84.9,96.4,106.6,122.8,122.4,125.6,122.1,114.7,106.9,94.6,89.3,78.6,56.9,39.4,31.5,24.9,15.2,14,36.5,78.8,95.5,93.1,87.9,83.3,97.3,106.8,111.6,124,125.4,121,114.9,105.6,96.6,88.9,85,84.8,86.9,90,93.6,101.1,106.6,111.8,111.4,109.6,111,118.9,124.7,126.8,126.6,125.3,123.9,120.7,118.6,120.6,121.8,117.5,108.5,108.8,103,95.6,87.9,79,76,68.2,60.1,39.1,14.7,15.1,41.3,73.3,,,,,,5682.4,7498.4,68.4626506,90.34216868,55,115,3,3
13,1,A,S,2,90.1,2180,30,25,13,25,62,-113,1.5,0,1,0,90,1610,20,90,53.7,52.4,60.9,64,52,47.6,53.9,59.6,61.2,73.1,91.9,105.2,116,121.6,123.7,123.7,120.8,118.5,113.7,107.5,96,80.4,62.6,47.3,42.8,47.2,55.7,65.7,71.6,88.1,92.5,91.2,92.7,111.9,124.9,120.2,111.7,96.2,78.7,70.5,83.1,81.6,71.4,56.9,45.1,39.1,31.7,19,25.8,56.4,90.1,115.1,122.6,116,104.9,106.6,103.7,92.9,70.6,46.8,26.7,17.1,28.2,45.1,43.1,40.7,44.4,54.4,71,85.8,97.8,106.7,114.6,118.9,123.6,121.9,120.9,117.5,112.4,103.6,93.7,87.3,78.5,67.6,55,47.4,42.6,42.2,47.3,63.6,106.1,105.6,101.8,83.8,70.7,73.8,102.1,114.2,111.3,105.7,95.8,81.9,67.9,53.4,42.4,40.1,39.2,45.3,59.2,75.8,88.3,101.4,113.4,121.6,127.6,127.7,125.5,120.1,104.5,92.6,78.3,56.2,29.5,28.8,44.7,39.5,28.7,18.5,29,66.1,95.7,100.5,103.8,114.9,123.5,124,115.2,95,65.4,30.6,9.1,31.2,43.9,47.5,55.9,74.4,79.2,76.2,72.3,62.4,62.7,75.1,98.5,122.5,125.1,125.9,124.6,118.2,106.5,99.7,90.3,78.9,68,55.2,46.3,37.7,38,46.4,58,69.2,83.4,93.3,105.7,115.5,119,123.8,127.1,125.9,121.2,109.1,FS,O,,2016,1,0,11/11/2003,24.19533851,23.56077227,23.56077227,23.56077227,,52.4,60.9,64,52,47.6,53.9,59.6,61.2,73.1,91.9,105.2,116,121.6,123.7,123.7,120.8,118.5,113.7,107.5,96,80.4,62.6,47.3,42.8,47.2,55.7,65.7,71.6,88.1,92.5,91.2,92.7,111.9,124.9,120.2,111.7,96.2,78.7,70.5,83.1,81.6,71.4,56.9,45.1,39.1,31.7,19,25.8,56.4,90.1,115.1,122.6,116,104.9,106.6,103.7,92.9,70.6,46.8,26.7,17.1,28.2,45.1,43.1,40.7,44.4,54.4,71,85.8,97.8,106.7,114.6,118.9,123.6,121.9,120.9,117.5,112.4,103.6,93.7,87.3,78.5,67.6,55,47.4,42.6,42.2,47.3,63.6,,105.6,101.8,83.8,70.7,73.8,102.1,114.2,111.3,105.7,95.8,81.9,67.9,53.4,42.4,40.1,39.2,45.3,59.2,75.8,88.3,101.4,113.4,121.6,127.6,127.7,125.5,120.1,104.5,92.6,78.3,56.2,29.5,28.8,44.7,39.5,28.7,18.5,29,66.1,95.7,100.5,103.8,114.9,123.5,124,115.2,95,65.4,30.6,9.1,31.2,43.9,47.5,55.9,74.4,79.2,76.2,72.3,62.4,62.7,75.1,98.5,122.5,125.1,125.9,124.6,118.2,106.5,99.7,90.3,78.9,68,55.2,46.3,37.7,38,46.4,58,69.2,83.4,93.3,105.7,115.5,119,123.8,127.1,125.9,121.2,109.1,7014.2,7303.5,78.81123596,82.06179775,55,115,2,2
16,1,A,S,2,90.1,1636,44,13,7,51,42,13,1.5,1,0,0,90,1610,23,90,49.4,46.4,44.1,41.9,39.9,41.9,41.4,38.1,36.8,34.8,33.3,31.9,30.3,27.3,26.8,28.2,27.5,41.7,51.4,50.1,65.5,82.5,94.4,106.4,111.9,120.6,120.9,119.6,118.7,112.4,104.3,89.9,69.6,54.6,70.4,69.4,73.2,73.9,71.7,66.5,59,47.3,33.9,29.9,39.9,40.5,39.2,35,26.7,18.3,11.1,24.2,38.7,37.8,36.9,36.8,50.1,74.9,100.2,98.5,96.9,92.9,89.8,87.2,95.7,91.5,79.4,68.2,57.5,48.5,43.2,44.4,46.4,59,69.8,78.9,88.5,95.6,104.9,110.7,118,120.6,122.8,120.4,117.4,116.2,111.2,110.5,98.2,98.2,106.1,105.4,105.5,105.8,106.5,103.3,101,101,99.8,99.3,99.6,99.7,99.6,98.6,97.8,99.6,101.3,104,112.1,107.6,107.5,100,90.5,79.8,64.2,52.6,39.3,35.1,43.9,52.6,61.3,68.1,71.8,91.6,116.7,112.6,106.9,92.3,77.1,58.2,35.1,41.6,69.8,98.1,119,121.2,124.1,118.5,102.5,92.5,93.7,109.4,123.7,121.8,112.2,93.1,72.8,68.2,80.5,85.6,81.6,68.9,64.2,68.2,83.7,86.4,95.5,109.5,116.3,120.1,126.5,128.9,122.9,122.1,117.9,110.9,100.2,86.4,73.8,58.9,47.8,39.5,37.8,40,47.6,55.7,57.2,57.6,43.6,44.3,FS,O,,2016,1,0,11/11/2003,18.15760266,13.03440622,13.03440622,13.03440622,,,,41.9,39.9,41.9,41.4,38.1,36.8,34.8,33.3,31.9,30.3,27.3,26.8,28.2,27.5,41.7,51.4,50.1,65.5,82.5,94.4,106.4,111.9,120.6,120.9,119.6,118.7,112.4,104.3,89.9,69.6,54.6,70.4,69.4,73.2,73.9,71.7,66.5,59,47.3,33.9,29.9,39.9,40.5,39.2,35,26.7,18.3,11.1,24.2,38.7,37.8,36.9,36.8,50.1,74.9,100.2,98.5,96.9,92.9,89.8,87.2,95.7,91.5,79.4,68.2,57.5,48.5,43.2,44.4,46.4,59,69.8,78.9,88.5,95.6,104.9,110.7,118,120.6,122.8,120.4,117.4,116.2,111.2,110.5,98.2,98.2,,,,105.8,106.5,103.3,101,101,99.8,99.3,99.6,99.7,99.6,98.6,97.8,99.6,101.3,104,112.1,107.6,107.5,100,90.5,79.8,64.2,52.6,39.3,35.1,43.9,52.6,61.3,68.1,71.8,91.6,116.7,112.6,106.9,92.3,77.1,58.2,35.1,41.6,69.8,98.1,119,121.2,124.1,118.5,102.5,92.5,93.7,109.4,123.7,121.8,112.2,93.1,72.8,68.2,80.5,85.6,81.6,68.9,64.2,68.2,83.7,86.4,95.5,109.5,116.3,120.1,126.5,128.9,122.9,122.1,117.9,110.9,100.2,86.4,73.8,58.9,47.8,39.5,37.8,40,47.6,55.7,57.2,57.6,43.6,44.3,5981.1,7556.1,68.74827586,86.85172414,55,115,4,4
19,1,A,S,2,90.1,1666,32,20,13,28,59,-14,1.5,1,0,0,90,1610,25,90,52.3,46.8,42.6,41.4,39.8,38.1,35.8,41.9,67.5,88.6,99.8,111.7,119.1,122.5,124,120.1,110.3,96.3,99.4,107,104.1,100.5,89.3,74.6,59.7,53.5,66,73.9,72.9,84.8,97.7,105.8,115.9,120.6,119.5,114.7,111.4,99.4,81.4,54.8,17.4,17.2,40.2,54.4,58.7,66.2,74.9,80.5,78.2,72,68.6,63.6,57.5,47.7,41.8,45.5,44.6,39.9,37.7,40.6,46.6,64.3,84.4,93,92.9,90.2,80.9,67.2,58,46,40.2,41.4,50.3,58.9,57.4,54.1,52.4,50.9,60.2,66.7,68.6,78.1,92.7,103,109.6,117.9,120.3,123.8,124.8,124.7,106.9,103.2,99.9,98.6,96.8,96.5,95.1,101.2,106.2,97.5,85.6,73.1,58.8,45.8,39.4,37.5,35.8,45.8,72.1,71.6,67.2,57,36.2,17.3,31.2,61.5,89.6,102,101.2,97.7,91.8,81.3,71.6,61.4,50.3,38,32.7,25.3,31.6,50,71,87.6,107.9,121.7,121.9,117,114.3,109,105.4,100.5,104.8,115.9,121.8,122.4,122.4,123.5,113.7,97.6,77.5,58.6,42.1,29.9,44.6,67.6,86.7,94.1,101.1,109.4,112.8,110.5,100.5,98.7,101.3,110.3,111.9,111.2,114.2,112.2,113,109.4,107.1,103.7,97.7,87.9,77.5,67.8,55.5,48.9,44.4,40.3,FS,O,,2016,1,0,11/11/2003,18.49056604,18.75771575,18.75771575,18.75771575,,,42.6,41.4,39.8,38.1,35.8,41.9,67.5,88.6,99.8,111.7,119.1,122.5,124,120.1,110.3,96.3,99.4,107,104.1,100.5,89.3,74.6,59.7,53.5,66,73.9,72.9,84.8,97.7,105.8,115.9,120.6,119.5,114.7,111.4,99.4,81.4,54.8,17.4,17.2,40.2,54.4,58.7,66.2,74.9,80.5,78.2,72,68.6,63.6,57.5,47.7,41.8,45.5,44.6,39.9,37.7,40.6,46.6,64.3,84.4,93,92.9,90.2,80.9,67.2,58,46,40.2,41.4,50.3,58.9,57.4,54.1,52.4,50.9,60.2,66.7,68.6,78.1,92.7,103,109.6,117.9,120.3,123.8,124.8,124.7,,,99.9,98.6,96.8,96.5,95.1,101.2,106.2,97.5,85.6,73.1,58.8,45.8,39.4,37.5,35.8,45.8,72.1,71.6,67.2,57,36.2,17.3,31.2,61.5,89.6,102,101.2,97.7,91.8,81.3,71.6,61.4,50.3,38,32.7,25.3,31.6,50,71,87.6,107.9,121.7,121.9,117,114.3,109,105.4,100.5,104.8,115.9,121.8,122.4,122.4,123.5,113.7,97.6,77.5,58.6,42.1,29.9,44.6,67.6,86.7,94.1,101.1,109.4,112.8,110.5,100.5,98.7,101.3,110.3,111.9,111.2,114.2,112.2,113,109.4,107.1,103.7,97.7,87.9,77.5,67.8,55.5,48.9,44.4,40.3,6673.1,7279,75.83068182,82.71590909,55,115,3,3
22,1,A,S,2,90.1,1982,25,16,12,36,52,-112,1.5,0,1,0,90,1610,30,90,57.7,58.5,57.6,57.8,59,57.5,54.2,59.4,68.7,75.9,81.7,90.4,100.1,97.3,91.3,76.6,59.3,53.8,46.8,23.3,29.8,67.9,93.3,97.5,91.8,84.1,73.4,45.7,19.2,30.5,66,97,107.3,104.7,98.1,90.4,77.8,67.3,46.2,42.5,41.3,28.1,22.1,51.9,88.8,118.6,121.9,119.4,117.5,113.4,110.5,113.6,109.7,105.1,108.9,116.8,115.4,109,101,91.5,80.2,71.2,55.6,31.7,33.3,42.3,40.9,37.8,49.9,76.4,98,107.8,115.3,119.1,117.4,114,109.5,100.8,91.2,96.2,99.7,96.4,87,71.2,38.8,18.2,40.2,48.2,45.5,38.9,105.8,104.8,103.8,103.5,103.1,103.9,102.8,101.8,85.3,53.4,14,33.5,70.7,78.2,87.5,95.3,111.5,121.9,122,107,94.4,92.9,95.1,90.6,91.9,97.5,103.8,97.1,79.8,68.3,71.1,74.5,72.8,76.2,79,85.7,103.7,112.5,112.3,125,126.1,113.1,86.4,58.2,46.9,58.3,58.2,53.8,58.4,62.7,72.8,74.4,60.9,35.3,24.7,40.4,53.3,60.5,76.8,91.2,102.2,106.5,108.1,107.3,118.2,126.7,124.4,113.1,101.2,92.5,91.4,84,72.8,67.8,67,69.4,73.1,70.6,57.1,45.5,36.5,25.1,15.8,19.2,47.1,83,115.9,126.2,125.2,121.5,FS,O,,2016,1,0,11/11/2003,21.99778024,19.56031893,19.56031893,19.56031893,,,57.6,57.8,59,57.5,54.2,59.4,68.7,75.9,81.7,90.4,100.1,97.3,91.3,76.6,59.3,53.8,46.8,23.3,29.8,67.9,93.3,97.5,91.8,84.1,73.4,45.7,19.2,30.5,66,97,107.3,104.7,98.1,90.4,77.8,67.3,46.2,42.5,41.3,28.1,22.1,51.9,88.8,118.6,121.9,119.4,117.5,113.4,110.5,113.6,109.7,105.1,108.9,116.8,115.4,109,101,91.5,80.2,71.2,55.6,31.7,33.3,42.3,40.9,37.8,49.9,76.4,98,107.8,115.3,119.1,117.4,114,109.5,100.8,91.2,96.2,99.7,96.4,87,71.2,38.8,18.2,40.2,48.2,45.5,38.9,,,103.8,103.5,103.1,103.9,102.8,101.8,85.3,53.4,14,33.5,70.7,78.2,87.5,95.3,111.5,121.9,122,107,94.4,92.9,95.1,90.6,91.9,97.5,103.8,97.1,79.8,68.3,71.1,74.5,72.8,76.2,79,85.7,103.7,112.5,112.3,125,126.1,113.1,86.4,58.2,46.9,58.3,58.2,53.8,58.4,62.7,72.8,74.4,60.9,35.3,24.7,40.4,53.3,60.5,76.8,91.2,102.2,106.5,108.1,107.3,118.2,126.7,124.4,113.1,101.2,92.5,91.4,84,72.8,67.8,67,69.4,73.1,70.6,57.1,45.5,36.5,25.1,15.8,19.2,47.1,83,115.9,126.2,125.2,121.5,6718.4,7250.2,76.34545455,82.38863636,55,115,3,3
25,1,A,S,2,33.4,689,55,3,2,22,76,49,1.5,1,0,0,90,1610,31,33,60.4,57.4,46.6,38.7,41.9,56.6,70.5,88.9,97.5,89.5,73.6,52.3,44.2,43.8,40.9,39.9,41.1,56.5,69,79.4,79.3,75.3,79.5,76.9,66.8,55.3,45.1,43.2,43.3,42.8,38.4,28.8,10.2,,,,,,,,,,,,,,,,,,,,,,,,,,,,,,,,,,,,,,,,,,,,,,,,,,,,,,,,,,109.2,110.5,121.5,123.6,119.8,111.9,95.5,85.7,88.4,84.7,88.4,98.2,117.4,125.6,126.2,125.2,120.7,117.4,108.1,103.1,100.4,93.2,93.6,100.9,109.1,117.7,124.7,128.6,128.3,126.4,121.2,111.7,92.5,,,,,,,,,,,,,,,,,,,,,,,,,,,,,,,,,,,,,,,,,,,,,,,,,,,,,,,,,,FS,O,,2016,1,0,11/11/2003,20.62874252,18.81621434,18.81621434,18.81621434,,,46.6,38.7,41.9,56.6,70.5,88.9,97.5,89.5,73.6,52.3,44.2,43.8,40.9,39.9,41.1,56.5,69,79.4,79.3,75.3,79.5,76.9,66.8,55.3,45.1,43.2,43.3,42.8,38.4,28.8,10.2,,,,,,,,,,,,,,,,,,,,,,,,,,,,,,,,,,,,,,,,,,,,,,,,,,,,,,,,,,,,121.5,123.6,119.8,111.9,95.5,85.7,88.4,84.7,88.4,98.2,117.4,125.6,126.2,125.2,120.7,117.4,108.1,103.1,100.4,93.2,93.6,100.9,109.1,117.7,124.7,128.6,128.3,126.4,121.2,111.7,92.5,,,,,,,,,,,,,,,,,,,,,,,,,,,,,,,,,,,,,,,,,,,,,,,,,,,,,,,,,,1755.8,3409.7,56.63870968,109.9903226,55,115,3,3
28,1,A,S,2,90.1,2151,25,24,4,33,63,36,1.5,0,0,0,90,1610,34,90,60.7,58.9,52,47,51.4,74.4,90.7,102.5,101.9,109.9,123,121.7,121.3,121.8,117.2,114.8,114.2,109.9,99.4,85,67.8,50.6,39.7,42.4,59,69,72,79.7,101.2,106.4,114.9,120.1,112.4,97.5,87,106.4,109.6,108.8,112.8,117.7,119.1,112.8,105.6,95.8,84.7,74.7,64.5,50.9,42.8,42.2,44.3,49.1,71.9,91.2,101.7,111.2,119.7,122.9,123.6,121.9,120.9,117.5,112.4,104.3,97.4,86.2,75.1,71,69.6,65.4,62.8,54.1,43.5,30.2,26.5,30,40,43.5,39.7,40.9,47.2,51,61.2,65.1,59.1,62.4,75.2,99,110.9,104.7,110.2,112.2,110.5,109.1,112.5,105.7,95.8,85.2,69.4,51.9,44.6,36.9,38.9,38.2,31.7,32.8,52,72.6,80.4,96.6,109.6,119.8,124.3,122.8,124.8,119.2,105.8,87,78.8,61.3,46,38.5,27.3,19.9,43.3,73.5,74.1,59.3,42.4,33.3,42.1,56.8,70.3,80.8,97.8,107.7,117.2,122.9,126.4,125.7,123,116.6,106.5,97.6,88.1,75.9,63.1,51.3,42.5,36.7,38.5,45.8,60,69.6,81.3,94.9,106.8,113.8,116.6,116.2,107.5,94.2,77,60.2,74.8,101.7,121,125.1,124,125.9,127.4,124.2,125,121,107.9,92.6,73,63.9,66.5,60.8,FS,O,,2016,1,0,11/11/2003,23.87347392,23.17678792,23.17678792,23.17678792,,58.9,52,47,51.4,74.4,90.7,102.5,101.9,109.9,123,121.7,121.3,121.8,117.2,114.8,114.2,109.9,99.4,85,67.8,50.6,39.7,42.4,59,69,72,79.7,101.2,106.4,114.9,120.1,112.4,97.5,87,106.4,109.6,108.8,112.8,117.7,119.1,112.8,105.6,95.8,84.7,74.7,64.5,50.9,42.8,42.2,44.3,49.1,71.9,91.2,101.7,111.2,119.7,122.9,123.6,121.9,120.9,117.5,112.4,104.3,97.4,86.2,75.1,71,69.6,65.4,62.8,54.1,43.5,30.2,26.5,30,40,43.5,39.7,40.9,47.2,51,61.2,65.1,59.1,62.4,75.2,99,110.9,104.7,,112.2,110.5,109.1,112.5,105.7,95.8,85.2,69.4,51.9,44.6,36.9,38.9,38.2,31.7,32.8,52,72.6,80.4,96.6,109.6,119.8,124.3,122.8,124.8,119.2,105.8,87,78.8,61.3,46,38.5,27.3,19.9,43.3,73.5,74.1,59.3,42.4,33.3,42.1,56.8,70.3,80.8,97.8,107.7,117.2,122.9,126.4,125.7,123,116.6,106.5,97.6,88.1,75.9,63.1,51.3,42.5,36.7,38.5,45.8,60,69.6,81.3,94.9,106.8,113.8,116.6,116.2,107.5,94.2,77,60.2,74.8,101.7,121,125.1,124,125.9,127.4,124.2,125,121,107.9,92.6,73,63.9,66.5,60.8,7409.4,7454.2,83.25168539,83.75505618,55,115,2,2
37,1,A,S,2,90.1,1675,38,13,9,33,58,57,1.5,0,0,0,90,1610,38,90,56.9,54,51.3,49,46.4,44.9,49.2,54,48.1,44,43.2,45.3,46.2,49.3,62.7,64.5,62.9,73.6,91.4,91.4,88.5,94.4,95.6,96,83.2,56.8,26.2,13.8,29.5,40.5,38.5,44.6,54.6,67.6,75.9,83.6,91.4,86.5,80.9,78.7,87.9,111.7,123.6,121.7,117.9,114.8,113,107.7,98.9,91.1,81.5,72.2,64,56.9,55.2,54.7,53,39,23.8,29.2,48.9,52.6,58.6,69.5,79.9,92.3,98,101.4,110.1,118.2,113.5,107.7,103.5,91.3,77.6,64.6,52.7,41.1,41.4,44.5,43.5,43.9,57.1,78.4,81.2,76.4,70.4,61.2,58.9,80,106.5,104.4,102.9,101.5,100.2,99,101.6,109.7,119.8,126,128.5,127.9,124.7,119.2,122.5,117.3,105.6,97.1,95.7,91.3,79.9,66.3,60.8,44.6,33.2,37.1,60.1,83.7,108,123,123.6,126.9,124.8,121.6,113.6,103.1,97.4,86.8,77.3,51.7,25.8,26.9,38,36.3,34.6,39.6,54.9,67,75.9,89.9,100.6,106.3,112.5,116.3,112.3,107,110.5,108,106,111,119.1,118.2,115.1,108.6,102.9,96.3,88.4,80.6,71,66.8,67.6,68.5,71,79.2,92.6,108.6,117.6,121.3,126.5,127,122.6,111.6,102.6,106.1,104.4,91.5,78.6,59.1,32,26,FS,O,,2016,1,0,11/11/2003,18.59045505,17.05721939,17.05721939,17.05721939,,,51.3,49,46.4,44.9,49.2,54,48.1,44,43.2,45.3,46.2,49.3,62.7,64.5,62.9,73.6,91.4,91.4,88.5,94.4,95.6,96,83.2,56.8,26.2,13.8,29.5,40.5,38.5,44.6,54.6,67.6,75.9,83.6,91.4,86.5,80.9,78.7,87.9,111.7,123.6,121.7,117.9,114.8,113,107.7,98.9,91.1,81.5,72.2,64,56.9,55.2,54.7,53,39,23.8,29.2,48.9,52.6,58.6,69.5,79.9,92.3,98,101.4,110.1,118.2,113.5,107.7,103.5,91.3,77.6,64.6,52.7,41.1,41.4,44.5,43.5,43.9,57.1,78.4,81.2,76.4,70.4,61.2,58.9,80,,,102.9,101.5,100.2,99,101.6,109.7,119.8,126,128.5,127.9,124.7,119.2,122.5,117.3,105.6,97.1,95.7,91.3,79.9,66.3,60.8,44.6,33.2,37.1,60.1,83.7,108,123,123.6,126.9,124.8,121.6,113.6,103.1,97.4,86.8,77.3,51.7,25.8,26.9,38,36.3,34.6,39.6,54.9,67,75.9,89.9,100.6,106.3,112.5,116.3,112.3,107,110.5,108,106,111,119.1,118.2,115.1,108.6,102.9,96.3,88.4,80.6,71,66.8,67.6,68.5,71,79.2,92.6,108.6,117.6,121.3,126.5,127,122.6,111.6,102.6,106.1,104.4,91.5,78.6,59.1,32,26,6180.4,8074.8,70.23181818,91.75909091,55,115,3,3
40,1,A,S,2,90.1,1405,32,22,15,29,56,20,1.5,0,0,0,90,1610,39,90,57.1,57.4,56.8,56.1,58.4,52.4,39.7,40.4,49.9,73.5,97.9,111.6,114.8,119.5,121,121.5,120,111.4,99.6,89.2,73.1,63.6,51.8,43.7,50.3,67.5,69.8,67.3,56,58.3,65.1,65.4,73.7,88.5,98.4,95.1,96,95.9,101.9,108.5,112.5,108.6,108.7,112,122.2,123.5,121.4,116.8,111.3,104.3,96.7,93.1,92.9,78,54.2,35.4,44.7,52.1,50.8,49.1,52.4,61.4,69.7,67.6,66.2,68.9,70.2,71.9,79.7,88.5,84.9,82.7,68.5,44.4,34.1,39.3,41.9,37.5,44.1,47.8,44.5,47.8,47.8,41.9,40.4,40.5,40.6,42.1,42.4,44.6,108.2,107.8,107.8,105.3,105.4,108.6,100.8,86,64.8,46.5,46.2,55.7,56.7,55.9,46.3,38,34.7,26,19.6,25,35.3,29.6,34.1,42.2,42.2,25.8,16.5,23.4,47.4,82.3,85.9,82.9,70.8,80.8,90.5,88.2,92,89.4,80,66,57.2,47.5,35.1,28.8,37.2,41.4,48.2,60.1,70.2,78.9,85.7,82.9,83.5,83.9,82,95.7,115.9,119.2,117.3,116,113.7,111.2,106.9,107.5,105.2,104.7,97.4,89.4,90.5,94.1,92.5,91.8,95.1,101.7,111.1,123.5,127,122.1,123.6,124.2,121.7,121.8,121.3,120,121.9,124.3,124.8,126.7,126.1,126.1,FS,O,,2016,1,0,11/11/2003,15.59378468,18.50372392,18.50372392,18.50372392,,,56.8,56.1,58.4,52.4,39.7,40.4,49.9,73.5,97.9,111.6,114.8,119.5,121,121.5,120,111.4,99.6,89.2,73.1,63.6,51.8,43.7,50.3,67.5,69.8,67.3,56,58.3,65.1,65.4,73.7,88.5,98.4,95.1,96,95.9,101.9,108.5,112.5,108.6,108.7,112,122.2,123.5,121.4,116.8,111.3,104.3,96.7,93.1,92.9,78,54.2,35.4,44.7,52.1,50.8,49.1,52.4,61.4,69.7,67.6,66.2,68.9,70.2,71.9,79.7,88.5,84.9,82.7,68.5,44.4,34.1,39.3,41.9,37.5,44.1,47.8,44.5,47.8,47.8,41.9,40.4,40.5,40.6,42.1,42.4,44.6,,,107.8,105.3,105.4,108.6,100.8,86,64.8,46.5,46.2,55.7,56.7,55.9,46.3,38,34.7,26,19.6,25,35.3,29.6,34.1,42.2,42.2,25.8,16.5,23.4,47.4,82.3,85.9,82.9,70.8,80.8,90.5,88.2,92,89.4,80,66,57.2,47.5,35.1,28.8,37.2,41.4,48.2,60.1,70.2,78.9,85.7,82.9,83.5,83.9,82,95.7,115.9,119.2,117.3,116,113.7,111.2,106.9,107.5,105.2,104.7,97.4,89.4,90.5,94.1,92.5,91.8,95.1,101.7,111.1,123.5,127,122.1,123.6,124.2,121.7,121.8,121.3,120,121.9,124.3,124.8,126.7,126.1,126.1,6466.2,7189.2,73.47954546,81.69545455,55,115,3,3
43,1,A,S,2,90.1,2155,20,22,1,28,71,57,1.5,0,0,0,90,1610,40,90,55.6,52.7,52.3,50.6,53.3,49.5,42.9,47.3,59.6,73.3,86.1,98.8,107.2,107.9,106.6,100.6,92.4,81,64.8,49.8,40.8,43.7,57.3,76.6,93.6,101.8,106.2,114.5,115.6,105.5,90.3,82.3,80.1,75.7,69.9,68.2,54,36.2,38,45.2,51.7,69.5,88.5,100.5,108.3,116.1,121.9,124.8,123.2,121.6,117.1,111.1,103,95.7,94.4,97,97.4,103.4,110.5,118.8,122.9,121.2,116.2,108.9,100.8,88.7,76.3,60.8,48,42.6,44.9,49.1,59.4,65.2,64,64.9,66.6,73.4,87.8,98.4,107.4,113.1,114,109.3,103.2,102.1,106.6,103.2,93.8,86,103,100.4,96.9,94.9,101.1,119.4,127,128.2,124.6,115.7,101.8,85.7,72.8,69.2,71.3,73.3,85,100.4,112,122.2,125,124.5,115,104.3,93.8,80,61,43.6,31.3,25.2,39.2,67,90.6,106.9,107.3,109.7,111.8,114.2,122.6,124.2,119.3,109.6,100.5,91.3,81.5,69,54.9,43.6,38.1,41.6,51.5,65,78,90,93.4,80.7,66.7,52.5,39.7,34.7,41.6,51.7,63.7,75.1,85.6,95.6,105.3,113.5,121.4,126.6,128.9,125.8,125.5,121.4,117.1,116.3,108.2,98.3,89.3,76.6,64.6,54.6,39.8,25.6,21.5,42.2,67.2,84.2,90.6,95.6,FS,O,,2016,1,0,11/11/2003,23.91786903,21.92230855,21.92230855,21.92230855,,,52.3,50.6,53.3,49.5,42.9,47.3,59.6,73.3,86.1,98.8,107.2,107.9,106.6,100.6,92.4,81,64.8,49.8,40.8,43.7,57.3,76.6,93.6,101.8,106.2,114.5,115.6,105.5,90.3,82.3,80.1,75.7,69.9,68.2,54,36.2,38,45.2,51.7,69.5,88.5,100.5,108.3,116.1,121.9,124.8,123.2,121.6,117.1,111.1,103,95.7,94.4,97,97.4,103.4,110.5,118.8,122.9,121.2,116.2,108.9,100.8,88.7,76.3,60.8,48,42.6,44.9,49.1,59.4,65.2,64,64.9,66.6,73.4,87.8,98.4,107.4,113.1,114,109.3,103.2,102.1,106.6,103.2,93.8,86,,,96.9,94.9,101.1,119.4,127,128.2,124.6,115.7,101.8,85.7,72.8,69.2,71.3,73.3,85,100.4,112,122.2,125,124.5,115,104.3,93.8,80,61,43.6,31.3,25.2,39.2,67,90.6,106.9,107.3,109.7,111.8,114.2,122.6,124.2,119.3,109.6,100.5,91.3,81.5,69,54.9,43.6,38.1,41.6,51.5,65,78,90,93.4,80.7,66.7,52.5,39.7,34.7,41.6,51.7,63.7,75.1,85.6,95.6,105.3,113.5,121.4,126.6,128.9,125.8,125.5,121.4,117.1,116.3,108.2,98.3,89.3,76.6,64.6,54.6,39.8,25.6,21.5,42.2,67.2,84.2,90.6,95.6,7492.8,7573.7,85.14545455,86.06477273,55,115,3,3
1,1,B,S,2,90.1,1870,24,28,11,39,50,-118,1.5,0,1,0,90,1610,41,90,57.3,55.1,60.4,60.8,66.5,69.9,75.9,79.4,77.5,71.1,69.3,74.1,70,65.8,48.7,43.4,42.2,40.1,43.4,61.8,76.4,85.2,93.1,111.1,115.9,107.9,102.4,103.2,107.9,105.6,95.6,77.4,59.2,56.1,52.7,49.2,43.8,38.3,35.7,38.4,58.6,72,76.3,79.6,89.2,103.2,103.5,102.3,104.2,112,121.8,122.5,116.9,111.4,109.4,114.1,113.7,107.6,95.9,81.1,66.5,56.9,48.7,35.7,31.7,45,56.1,59.8,59,55.7,55.8,73.4,96.6,112,116.8,115.1,113.6,116.9,122.2,122.5,118.1,117.2,114.4,106.3,88.1,70.3,52.6,46.1,47.2,40.4,107,103.7,106.8,104.3,92.7,73.4,47.8,18.3,13.8,43.5,74.2,103.9,110.8,112.5,114.9,124.7,125.7,125.2,120.4,114.5,104.6,90.3,73,67.3,66.5,55.4,35.7,20.2,25.1,30.5,33.9,39.3,62.9,86,107.4,122.9,126.7,123.8,121,117.1,114.8,109.3,102.8,93.6,85.4,82,81,76.4,63.3,51.8,45.7,42.2,34.6,29.1,33.4,49.9,65.1,74.7,81.6,89.9,101.7,114.7,117.3,115.8,116.5,122.2,124,116.1,99.7,79.6,53.1,24.7,23.8,43.3,51.5,46.9,38.6,33.7,37.6,42.6,47,58.5,63.8,63.5,65.3,73,89.7,108.5,120.6,120,FS,O,,2016,1,0,11/11/2003,20.75471698,15.33407325,15.33407325,15.33407325,,,,60.8,66.5,69.9,75.9,79.4,77.5,71.1,69.3,74.1,70,65.8,48.7,43.4,42.2,40.1,43.4,61.8,76.4,85.2,93.1,111.1,115.9,107.9,102.4,103.2,107.9,105.6,95.6,77.4,59.2,56.1,52.7,49.2,43.8,38.3,35.7,38.4,58.6,72,76.3,79.6,89.2,103.2,103.5,102.3,104.2,112,121.8,122.5,116.9,111.4,109.4,114.1,113.7,107.6,95.9,81.1,66.5,56.9,48.7,35.7,31.7,45,56.1,59.8,59,55.7,55.8,73.4,96.6,112,116.8,115.1,113.6,116.9,122.2,122.5,118.1,117.2,114.4,106.3,88.1,70.3,52.6,46.1,47.2,40.4,,,,104.3,92.7,73.4,47.8,18.3,13.8,43.5,74.2,103.9,110.8,112.5,114.9,124.7,125.7,125.2,120.4,114.5,104.6,90.3,73,67.3,66.5,55.4,35.7,20.2,25.1,30.5,33.9,39.3,62.9,86,107.4,122.9,126.7,123.8,121,117.1,114.8,109.3,102.8,93.6,85.4,82,81,76.4,63.3,51.8,45.7,42.2,34.6,29.1,33.4,49.9,65.1,74.7,81.6,89.9,101.7,114.7,117.3,115.8,116.5,122.2,124,116.1,99.7,79.6,53.1,24.7,23.8,43.3,51.5,46.9,38.6,33.7,37.6,42.6,47,58.5,63.8,63.5,65.3,73,89.7,108.5,120.6,120,6971,6750.1,80.12643678,77.58735632,55,115,4,4
4,1,B,S,2,90.1,1958,15,26,9,36,55,-127,1.5,0,2,0,90,1610,43,90,57.6,57.4,57.5,56,63.9,79.3,93.7,113.6,118.2,115,110,105.4,103.8,97.4,83.3,67.7,57.2,56.8,63.3,71.2,72.3,84.9,90.2,97.8,107.4,111.2,114.2,117.8,114.6,112.7,114.7,113.4,108.7,98.2,98.3,104.6,97,87.4,72.4,64.9,50,42.5,27.1,28.3,55.9,78.2,83.7,78.7,69,67.4,82.9,108.3,120.7,120.2,116.8,103.1,95.2,78.8,63.8,53.4,62.5,80.8,82.3,77.3,67.6,58.2,56.3,63.7,78.2,95,102.8,113.8,114.9,115.4,123.2,118.6,112.6,102,95,96,94.7,92.1,84.2,72.4,58.3,46.7,44.6,46.1,53.2,64.8,106,104.9,103.9,104.5,104,92.9,76.6,66.8,50.6,33,29,45.8,62.2,79.3,90.2,99.8,112.3,118.9,120.6,116.8,104.9,99.6,90.5,78,67.4,55.3,46.5,36.2,29.7,37.8,57.1,65.1,75.5,75,75.3,77.5,79.2,88,101.1,111.1,119.7,122.4,111.9,98.5,95.7,94,87.9,75.2,50.4,23.7,22.1,49.6,58.4,51.6,39.4,20.8,10.2,11.8,22.8,46.6,74.6,97.4,101.2,102.5,109.2,115.2,114,108.3,101.4,95,81.1,72.3,61.5,49,49.4,47.5,43.6,45.2,61.3,83.5,83.8,86.8,97.7,107.3,114.5,124.8,129.9,128.3,125.8,122,FS,O,,2016,1,0,11/11/2003,21.73140955,21.73476693,21.73476693,21.73476693,,,57.5,56,63.9,79.3,93.7,113.6,118.2,115,110,105.4,103.8,97.4,83.3,67.7,57.2,56.8,63.3,71.2,72.3,84.9,90.2,97.8,107.4,111.2,114.2,117.8,114.6,112.7,114.7,113.4,108.7,98.2,98.3,104.6,97,87.4,72.4,64.9,50,42.5,27.1,28.3,55.9,78.2,83.7,78.7,69,67.4,82.9,108.3,120.7,120.2,116.8,103.1,95.2,78.8,63.8,53.4,62.5,80.8,82.3,77.3,67.6,58.2,56.3,63.7,78.2,95,102.8,113.8,114.9,115.4,123.2,118.6,112.6,102,95,96,94.7,92.1,84.2,72.4,58.3,46.7,44.6,46.1,53.2,64.8,,,103.9,104.5,104,92.9,76.6,66.8,50.6,33,29,45.8,62.2,79.3,90.2,99.8,112.3,118.9,120.6,116.8,104.9,99.6,90.5,78,67.4,55.3,46.5,36.2,29.7,37.8,57.1,65.1,75.5,75,75.3,77.5,79.2,88,101.1,111.1,119.7,122.4,111.9,98.5,95.7,94,87.9,75.2,50.4,23.7,22.1,49.6,58.4,51.6,39.4,20.8,10.2,11.8,22.8,46.6,74.6,97.4,101.2,102.5,109.2,115.2,114,108.3,101.4,95,81.1,72.3,61.5,49,49.4,47.5,43.6,45.2,61.3,83.5,83.8,86.8,97.7,107.3,114.5,124.8,129.9,128.3,125.8,122,7493.3,6904.8,85.15113636,78.46363636,55,115,3,3
13,1,B,S,2,90.1,2055,36,21,2,30,68,42,1.5,0,1,0,90,1610,65,90,53,49.6,49.8,45.4,45,60.7,80.5,90.4,102.5,120.3,121.5,116.7,111.5,100.2,85.8,73,55.3,42.6,45.9,51.6,57.9,69.3,92.2,109.3,116.3,118.9,121,116.5,113.9,113,105.6,96.2,82.6,71.4,57.4,46.4,43.5,46.9,48.6,48.5,39.8,40.5,65.2,99.2,121.7,122.2,114.7,110.8,110.9,104.4,94.8,81,66.4,54.9,46.6,41.8,39.6,37.8,44.8,48.5,44.2,49.5,72.4,91.9,101.5,112.9,116.4,122.5,123.2,120.9,119.4,116.2,109.9,100.6,92.2,80.7,72.1,66.1,60.4,55.2,41.1,29.9,42.5,45.6,48.4,57,65.7,66.9,66,70.7,107.1,105.1,104.7,108.5,112.2,108.4,99.3,82.1,62.8,58,55.9,58.3,61.2,71.6,87.6,106.4,117.8,125.1,128.9,122.3,107.8,88.9,78.5,66.2,50.7,38.7,36.3,38.1,50.1,70,77.3,86.4,100.1,107.7,115.4,124.2,128.7,127.7,119.2,108.4,92.4,61.9,24.5,14.7,36.4,37.6,32.5,44.3,69.3,78.7,88.8,101.7,111,117.7,124.1,125.9,124.3,121.3,123.3,123.3,116.8,109.5,104,97.7,86,76.1,63.2,52.7,44.5,36.6,39.8,54,64.7,74.4,89,99.3,109.9,120.3,119.4,115.3,111.6,113.8,124.4,124,121.2,117.2,112.3,108.9,97.9,85.4,FS,O,,2016,1,0,11/11/2003,22.80799112,20.88124306,20.88124306,20.88124306,,,49.8,45.4,45,60.7,80.5,90.4,102.5,120.3,121.5,116.7,111.5,100.2,85.8,73,55.3,42.6,45.9,51.6,57.9,69.3,92.2,109.3,116.3,118.9,121,116.5,113.9,113,105.6,96.2,82.6,71.4,57.4,46.4,43.5,46.9,48.6,48.5,39.8,40.5,65.2,99.2,121.7,122.2,114.7,110.8,110.9,104.4,94.8,81,66.4,54.9,46.6,41.8,39.6,37.8,44.8,48.5,44.2,49.5,72.4,91.9,101.5,112.9,116.4,122.5,123.2,120.9,119.4,116.2,109.9,100.6,92.2,80.7,72.1,66.1,60.4,55.2,41.1,29.9,42.5,45.6,48.4,57,65.7,66.9,66,70.7,,,104.7,108.5,112.2,108.4,99.3,82.1,62.8,58,55.9,58.3,61.2,71.6,87.6,106.4,117.8,125.1,128.9,122.3,107.8,88.9,78.5,66.2,50.7,38.7,36.3,38.1,50.1,70,77.3,86.4,100.1,107.7,115.4,124.2,128.7,127.7,119.2,108.4,92.4,61.9,24.5,14.7,36.4,37.6,32.5,44.3,69.3,78.7,88.8,101.7,111,117.7,124.1,125.9,124.3,121.3,123.3,123.3,116.8,109.5,104,97.7,86,76.1,63.2,52.7,44.5,36.6,39.8,54,64.7,74.4,89,99.3,109.9,120.3,119.4,115.3,111.6,113.8,124.4,124,121.2,117.2,112.3,108.9,97.9,85.4,6921.7,7835.1,78.65568182,89.03522727,55,115,3,3
22,1,B,S,2,90.1,1162,32,7,2,58,40,-124,1.5,0,0,0,90,1610,77,90,57,57.5,60.7,61.3,62.1,63.2,64.1,64.5,65.1,65.2,65.3,66.6,68.7,70,69.8,70.8,70.4,71.8,73.2,75.2,75.9,78.9,79.6,81.1,78.4,77.9,77.5,70.2,76.1,84.6,81.7,81.6,79.2,76.7,69.9,71.3,76.5,77.4,62,44.8,45.1,43.9,50.7,54.1,46.5,43.1,42.6,29,19.7,18.2,16,21.2,25.2,38.8,46.1,54.4,60.4,58.2,52.6,47.4,45,40.9,38.3,39.1,38.1,50.4,73.1,94.9,111.9,110.3,108.4,105.3,103.3,105.2,104.2,104.3,106.9,100.3,93,82.3,73.3,60.9,57.6,54.8,43.6,26.6,30.5,49.8,65,86.8,106,106,105.1,104.8,103.8,103.7,103.2,102.4,102.3,101.7,101.4,101.1,100.8,100.4,100,99.6,98.8,98.8,98.8,98.6,98.1,97,96.8,96.6,96.4,96.4,97.2,96.5,96.7,96.7,96.6,96,93.4,91.3,89.6,90.5,94,98.8,104.7,100.5,94.2,97.5,105,112.8,104.4,104,110.3,108.1,103.7,103.7,101.5,106.6,104.1,96.2,93.9,94.5,105.9,113.2,114.3,114.8,112.9,111.7,111.3,104.8,90.9,74.4,62.6,63.8,71.8,69.5,62.3,49,30.5,21,27,47.4,68.9,74.1,78.6,95.5,103.1,112.4,120.7,119.7,116.8,110.2,106.1,96.5,91.5,94.5,FS,O,,2016,1,0,11/11/2003,12.89678135,10.32852386,10.32852386,10.32852386,,,,,62.1,63.2,64.1,64.5,65.1,65.2,65.3,66.6,68.7,70,69.8,70.8,70.4,71.8,73.2,75.2,75.9,78.9,79.6,81.1,78.4,77.9,77.5,70.2,76.1,84.6,81.7,81.6,79.2,76.7,69.9,71.3,76.5,77.4,62,44.8,45.1,43.9,50.7,54.1,46.5,43.1,42.6,29,19.7,18.2,16,21.2,25.2,38.8,46.1,54.4,60.4,58.2,52.6,47.4,45,40.9,38.3,39.1,38.1,50.4,73.1,94.9,111.9,110.3,108.4,105.3,103.3,105.2,104.2,104.3,106.9,100.3,93,82.3,73.3,60.9,57.6,54.8,43.6,26.6,30.5,49.8,65,86.8,,,,,103.8,103.7,103.2,102.4,102.3,101.7,101.4,101.1,100.8,100.4,100,99.6,98.8,98.8,98.8,98.6,98.1,97,96.8,96.6,96.4,96.4,97.2,96.5,96.7,96.7,96.6,96,93.4,91.3,89.6,90.5,94,98.8,104.7,100.5,94.2,97.5,105,112.8,104.4,104,110.3,108.1,103.7,103.7,101.5,106.6,104.1,96.2,93.9,94.5,105.9,113.2,114.3,114.8,112.9,111.7,111.3,104.8,90.9,74.4,62.6,63.8,71.8,69.5,62.3,49,30.5,21,27,47.4,68.9,74.1,78.6,95.5,103.1,112.4,120.7,119.7,116.8,110.2,106.1,96.5,91.5,94.5,5604.6,8127.4,65.16976744,94.50465116,55,115,5,5
28,1,B,S,2,69.7,1274,45,11,10,50,40,64,1.5,0,0,0,90,1610,79,69,52.7,49.5,50.7,49.7,44,41.6,43.1,39.1,32,27.2,25.5,26.1,25.8,21.6,13.5,17.3,24,55.8,79.2,88.9,100.1,110.4,104.9,97.9,99.2,108,121.1,121.3,119.1,116.1,111,96.6,73.1,47.8,26.6,26.6,33.9,43.7,51.9,70.3,85.6,95.9,92.4,86.3,83.7,76.6,81.1,83.2,88.2,79.8,56.2,33,29.7,40.2,48.7,63.1,60.7,51.2,48.1,44,44.1,46.1,51,61.9,70.5,65.8,64.7,58.3,38.1,,,,,,,,,,,,,,,,,,,,,,106.8,102.6,107.8,118.1,121.6,124.2,128.6,124.7,117.5,112.8,110.6,110.1,108.6,103.9,97.7,102.3,96.3,102.1,103,97.7,87.9,79.9,69,53.5,35.1,25.6,35.8,36.9,39.3,48.7,56.2,60.3,60.6,69.5,88.5,109.2,118.3,121,120.3,109.9,101,94,89.3,86.4,91.6,84.2,73.8,72.2,79.5,89.6,99.2,95.9,81.1,66.8,63.8,74.5,89.4,103.9,117.3,124.4,129.3,129,124.9,121.8,117.9,102.6,95.5,86.6,82.3,,,,,,,,,,,,,,,,,,,,,,FS,O,,2016,1,0,11/11/2003,18.27833573,17.37597791,17.37597791,17.37597791,,,50.7,49.7,44,41.6,43.1,39.1,32,27.2,25.5,26.1,25.8,21.6,13.5,17.3,24,55.8,79.2,88.9,100.1,110.4,104.9,97.9,99.2,108,121.1,121.3,119.1,116.1,111,96.6,73.1,47.8,26.6,26.6,33.9,43.7,51.9,70.3,85.6,95.9,92.4,86.3,83.7,76.6,81.1,83.2,88.2,79.8,56.2,33,29.7,40.2,48.7,63.1,60.7,51.2,48.1,44,44.1,46.1,51,61.9,70.5,65.8,64.7,58.3,38.1,,,,,,,,,,,,,,,,,,,,,,,,107.8,118.1,121.6,124.2,128.6,124.7,117.5,112.8,110.6,110.1,108.6,103.9,97.7,102.3,96.3,102.1,103,97.7,87.9,79.9,69,53.5,35.1,25.6,35.8,36.9,39.3,48.7,56.2,60.3,60.6,69.5,88.5,109.2,118.3,121,120.3,109.9,101,94,89.3,86.4,91.6,84.2,73.8,72.2,79.5,89.6,99.2,95.9,81.1,66.8,63.8,74.5,89.4,103.9,117.3,124.4,129.3,129,124.9,121.8,117.9,102.6,95.5,86.6,82.3,,,,,,,,,,,,,,,,,,,,,,4212.9,6180.9,62.87910448,92.25223881,55,115,3,3
31,1,B,S,2,90.1,2005,33,28,22,29,49,15,1.5,0,0,0,90,1610,94,90,55.9,53.4,50.9,49.3,47,45.1,43.5,46.9,65.2,92.2,104.6,97.1,77.3,62.4,44,24.5,40.1,42.2,41.1,44.9,54.8,69.6,61.2,52.9,69.6,94,97,90.2,93.6,91.4,76.5,66.1,84.4,117.2,116,122.1,124.6,123.7,120.4,109.6,85.8,53.5,27.6,34.8,49,44.2,42.1,44.1,53.1,66.3,77.9,93.5,107.5,116.8,121.4,124.9,120.3,116.5,112.2,114,114.1,107.2,96.7,77.8,56.4,31.6,14.8,32.6,53.2,63,76.3,87.8,101.1,111.3,116.1,115,116.7,118.9,119.2,120.5,119.3,108.9,92.2,70.5,49.9,37.1,38.3,43.5,43.7,48.3,106.9,105.1,103.8,102.7,101.6,100.8,100.7,99.8,91,85.7,71.8,48.5,23.2,24.9,49.9,86.6,119.2,124.2,126.3,124,116.9,99.1,73.9,44.7,21.1,16.3,13.7,20.2,33.4,39.7,35.9,22.7,41.2,65.8,60.7,53.8,42.8,38.7,35.8,26.8,13.9,32.9,69.9,102,123.4,124.7,127.3,125.4,119.6,113.2,104.9,94.9,82.7,69.7,58.3,50.9,43,33.2,29.2,44.5,53.9,52.4,54.4,60.6,73.8,85.5,96.6,112.3,119.2,112,105.8,98,87.8,77.5,69.4,67.9,68.6,63.4,61,59.8,58.1,55.4,56.1,65.1,82.7,100.4,117.5,128.7,127.9,125.2,FS,O,,2016,1,0,11/11/2003,22.25305216,16.17177211,16.17177211,16.17177211,,,50.9,49.3,47,45.1,43.5,46.9,65.2,92.2,104.6,97.1,77.3,62.4,44,24.5,40.1,42.2,41.1,44.9,54.8,69.6,61.2,52.9,69.6,94,97,90.2,93.6,91.4,76.5,66.1,84.4,117.2,116,122.1,124.6,123.7,120.4,109.6,85.8,53.5,27.6,34.8,49,44.2,42.1,44.1,53.1,66.3,77.9,93.5,107.5,116.8,121.4,124.9,120.3,116.5,112.2,114,114.1,107.2,96.7,77.8,56.4,31.6,14.8,32.6,53.2,63,76.3,87.8,101.1,111.3,116.1,115,116.7,118.9,119.2,120.5,119.3,108.9,92.2,70.5,49.9,37.1,38.3,43.5,43.7,48.3,,,103.8,102.7,101.6,100.8,100.7,99.8,91,85.7,71.8,48.5,23.2,24.9,49.9,86.6,119.2,124.2,126.3,124,116.9,99.1,73.9,44.7,21.1,16.3,13.7,20.2,33.4,39.7,35.9,22.7,41.2,65.8,60.7,53.8,42.8,38.7,35.8,26.8,13.9,32.9,69.9,102,123.4,124.7,127.3,125.4,119.6,113.2,104.9,94.9,82.7,69.7,58.3,50.9,43,33.2,29.2,44.5,53.9,52.4,54.4,60.6,73.8,85.5,96.6,112.3,119.2,112,105.8,98,87.8,77.5,69.4,67.9,68.6,63.4,61,59.8,58.1,55.4,56.1,65.1,82.7,100.4,117.5,128.7,127.9,125.2,6840.7,6548.5,77.73522727,74.41477273,55,115,3,3
34,1,B,S,2,58.3,1408,24,31,15,45,40,-120,1.5,2,1,0,90,1610,95,58,55.8,56.5,57,65.7,66.7,73.4,93.3,117.7,123.9,122,118.6,112.7,107.6,96.9,89,76.5,59.9,52.9,44.7,37.2,35.6,61.8,78.2,86.1,97.6,109,113.9,114.5,116.5,114.6,107.6,99.8,86.6,76.4,72.2,55.4,31.8,18.6,24.3,26.9,45.1,72.4,101.8,120.5,120.7,119.8,118,113.2,108.7,102.4,98.6,94.5,81.4,70.9,62.9,47.2,27.1,15.6,,,,,,,,,,,,,,,,,,,,,,,,,,,,,,,,,108.9,110.6,111.7,107.1,90.8,67.4,48.4,48.1,42.3,37.4,44.1,56,67.3,80.2,95.8,104.8,111.1,123.4,126.2,122.2,110.6,105.4,93.2,76.5,59.5,45.3,33,30.9,45.2,55.2,66,77.8,88.8,101.2,112.4,109.8,101.9,102.6,87.2,70.5,45.8,17.9,18.5,35.4,35.4,39.1,47.4,52.8,60.6,75,77,85.8,87.8,79,60.3,48.4,59.9,80.5,,,,,,,,,,,,,,,,,,,,,,,,,,,,,,,,,FS,O,,2016,1,0,11/11/2003,24.1509434,17.93340733,17.93340733,17.93340733,,,57,65.7,66.7,73.4,93.3,117.7,123.9,122,118.6,112.7,107.6,96.9,89,76.5,59.9,52.9,44.7,37.2,35.6,61.8,78.2,86.1,97.6,109,113.9,114.5,116.5,114.6,107.6,99.8,86.6,76.4,72.2,55.4,31.8,18.6,24.3,26.9,45.1,72.4,101.8,120.5,120.7,119.8,118,113.2,108.7,102.4,98.6,94.5,81.4,70.9,62.9,47.2,27.1,15.6,,,,,,,,,,,,,,,,,,,,,,,,,,,,,,,,,,,111.7,107.1,90.8,67.4,48.4,48.1,42.3,37.4,44.1,56,67.3,80.2,95.8,104.8,111.1,123.4,126.2,122.2,110.6,105.4,93.2,76.5,59.5,45.3,33,30.9,45.2,55.2,66,77.8,88.8,101.2,112.4,109.8,101.9,102.6,87.2,70.5,45.8,17.9,18.5,35.4,35.4,39.1,47.4,52.8,60.6,75,77,85.8,87.8,79,60.3,48.4,59.9,80.5,,,,,,,,,,,,,,,,,,,,,,,,,,,,,,,,,4563.9,4063.9,81.49821429,72.56964286,55,115,3,3
37,1,B,S,2,90.1,2187,42,12,15,28,57,54,1.5,0,0,0,90,1610,99,90,55.2,51.4,51.9,48.5,43.5,41.1,30.4,35.4,42.1,53.1,76.2,84.3,75.1,58.4,45.3,49.5,62.9,71.6,69.5,61,51.1,35.1,20.3,40.9,73.5,104.9,121.7,122,120.6,120.3,121.6,116,109.5,102.2,91.6,79.8,68.2,55.6,45.5,39.7,36,39.1,40.4,34.6,28.8,28.2,20.8,23.2,26.6,38.9,48.5,55.9,69.6,79.5,90.7,101.4,106.2,105.7,108.6,115.4,111.8,106.2,94.9,83.5,69.7,57.2,45.3,43.5,46.6,55.8,65.4,72.1,73.8,72.1,59.7,42.7,28.4,31.6,44.9,47.2,54.2,57.1,68.5,86,95.7,96.5,91.1,78.2,72.7,86.9,107.3,102.9,103.8,117.2,127.2,126.7,115.9,120.9,123.1,113.1,101.7,82.5,59.5,42.5,43,64.8,85.6,102.7,116.2,121.1,125.1,118.6,91.2,69.4,54.2,56.2,61.3,56.7,45,35.8,40.7,52.8,66.1,76.6,91.6,105.2,116.2,122.9,124.8,123.4,121,124.6,125.3,114.9,95.3,83.2,69.2,77.6,100.9,124,127.6,122.7,118.4,105.6,88.6,71.8,55.7,40.9,26,39.2,57.2,74.5,88.3,95.8,104.6,113.3,124.2,128.8,127.7,125.6,118.9,106.7,92.6,83.5,64.8,60.8,77.6,104.6,124.3,124.8,124,111.1,99.2,90.6,75.9,61.8,48.8,39.2,65.6,87.1,FS,O,,2016,1,0,11/11/2003,24.27302997,23.1370193,23.1370193,23.1370193,,51.4,51.9,48.5,43.5,41.1,30.4,35.4,42.1,53.1,76.2,84.3,75.1,58.4,45.3,49.5,62.9,71.6,69.5,61,51.1,35.1,20.3,40.9,73.5,104.9,121.7,122,120.6,120.3,121.6,116,109.5,102.2,91.6,79.8,68.2,55.6,45.5,39.7,36,39.1,40.4,34.6,28.8,28.2,20.8,23.2,26.6,38.9,48.5,55.9,69.6,79.5,90.7,101.4,106.2,105.7,108.6,115.4,111.8,106.2,94.9,83.5,69.7,57.2,45.3,43.5,46.6,55.8,65.4,72.1,73.8,72.1,59.7,42.7,28.4,31.6,44.9,47.2,54.2,57.1,68.5,86,95.7,96.5,91.1,78.2,72.7,86.9,,102.9,103.8,117.2,127.2,126.7,115.9,120.9,123.1,113.1,101.7,82.5,59.5,42.5,43,64.8,85.6,102.7,116.2,121.1,125.1,118.6,91.2,69.4,54.2,56.2,61.3,56.7,45,35.8,40.7,52.8,66.1,76.6,91.6,105.2,116.2,122.9,124.8,123.4,121,124.6,125.3,114.9,95.3,83.2,69.2,77.6,100.9,124,127.6,122.7,118.4,105.6,88.6,71.8,55.7,40.9,26,39.2,57.2,74.5,88.3,95.8,104.6,113.3,124.2,128.8,127.7,125.6,118.9,106.7,92.6,83.5,64.8,60.8,77.6,104.6,124.3,124.8,124,111.1,99.2,90.6,75.9,61.8,48.8,39.2,65.6,87.1,5928.7,8138.6,66.61460674,91.44494382,55,115,2,2
1,1,A,S,2,90.1,1760,29,29,10,39,51,-51,1.5,0,1,0,90,1610,4,90,52.5,48.8,47.4,48.8,52.1,77.6,97.6,108.8,109.8,101.8,94.1,94.4,109.7,116.9,114.2,117.3,120.6,120.7,118.1,113.5,102.4,92.8,87.8,87.5,78.4,68.2,52.7,44.6,43.7,46.2,49,64.9,82.3,88.8,93,98.7,109.4,121.6,119.1,114.4,104.3,86.2,68.4,60.9,63.5,63.3,52.9,43.4,43.5,45.6,47.9,46.2,44.1,31.3,26.7,45.4,74.3,101,119.2,120,119,122.2,122.5,120.2,117.5,111.7,107.2,101.5,94,83.4,81.3,82.1,79.5,72.9,67.9,62.3,55.5,47.3,31.2,14.5,21.3,42.8,57.6,57.8,59.8,71.7,84.3,93.1,100.7,110.5,109.8,109.2,109.5,98.5,75.7,54.9,57,71.8,67.9,52.7,27,13.8,41.7,52.1,43.3,35.5,35.6,35.6,33,28.4,25.2,43.6,72.1,94.9,101.3,108.7,119.1,125.9,128.9,127,117.3,111,107.2,95.8,78.8,58.4,41.5,39.4,34.6,29.6,19,14.3,39.6,69.5,96.2,112.5,114.5,120,128.5,129,126.6,125.1,123.2,107.3,78.6,46.7,17.9,20.1,37.6,38,34.3,38,45.9,52.7,61.5,70,78.8,80.5,78.4,82.2,95.4,100,101.2,106.2,109.6,107,110.2,109.9,101.2,97.1,99,109.5,120.8,120.2,113.2,108.3,100.7,88.1,73.8,63.5,TT,O,,2016,1,1,11/11/2003,19.53385128,20.30273381,19.63125442,23.66013072,,,47.4,48.8,52.1,77.6,97.6,108.8,109.8,101.8,94.1,94.4,109.7,116.9,114.2,117.3,120.6,120.7,118.1,113.5,102.4,92.8,87.8,87.5,78.4,68.2,52.7,44.6,43.7,46.2,49,64.9,82.3,88.8,93,98.7,109.4,121.6,119.1,114.4,104.3,86.2,68.4,60.9,63.5,63.3,52.9,43.4,43.5,45.6,47.9,46.2,44.1,31.3,26.7,45.4,74.3,101,119.2,120,119,122.2,122.5,120.2,117.5,111.7,107.2,101.5,94,83.4,81.3,82.1,79.5,72.9,67.9,62.3,55.5,47.3,31.2,14.5,21.3,42.8,57.6,57.8,59.8,71.7,84.3,93.1,100.7,110.5,,,109.5,98.5,75.7,54.9,57,71.8,67.9,52.7,27,13.8,41.7,52.1,43.3,35.5,35.6,35.6,33,28.4,25.2,43.6,72.1,94.9,101.3,108.7,119.1,125.9,128.9,127,117.3,111,107.2,95.8,78.8,58.4,41.5,39.4,34.6,29.6,19,14.3,39.6,69.5,96.2,112.5,114.5,120,128.5,129,126.6,125.1,123.2,107.3,78.6,46.7,17.9,20.1,37.6,38,34.3,38,45.9,52.7,61.5,70,78.8,80.5,78.4,82.2,95.4,100,101.2,106.2,109.6,107,110.2,109.9,101.2,97.1,99,109.5,120.8,120.2,113.2,108.3,100.7,88.1,73.8,63.5,7090.3,6815.7,80.57159091,77.45113636,55,115,3,3
2,1,A,W,2,90.1,1566,31,28,4,47,49,-48,1.5,0,0,0,90,1610,4,90,117.1,116.1,116.6,116.8,111.9,105.1,107.1,119.2,120.6,118.9,106.7,96,80.5,57,34.1,28,39.8,56.3,58.5,57.1,54.4,51,46.5,42.6,38.6,38.3,47,54.7,65.2,72.5,84.1,97.8,108.2,117.7,117,111.1,106.8,108.3,112,114.7,109.6,103,93.2,83.6,75.6,66,58.4,51.2,43.5,40.6,39.9,43.6,45.3,50,63,79,89.4,96.7,100.3,107.6,115.5,118.1,115.9,110.2,108.1,105,99.8,92.3,81.6,71.8,64.8,62.6,57.4,48.6,29.8,22.8,37.7,53,59.4,68.3,82.7,87.4,87.6,93.9,103.2,109.6,112.9,113.6,113.8,116.6,65.7,65.7,64.9,65.2,61.6,51.9,43.2,46.9,48.2,47.9,39.8,31.5,23.8,31.3,54.1,78.2,100.1,119,122.4,121.6,120.8,121,122.4,125.9,124,121.9,121.2,115.7,111.1,101.4,89.9,78.3,67.6,63.3,63.7,44.9,25.9,24.8,39.3,53.3,58,67.7,77.1,90.7,103.4,112.5,119,121.2,122.4,125.7,124.9,123.8,117.5,105.6,95.7,88.4,77.4,64.4,48.3,37.3,33.4,32.8,34.3,40.1,52.4,61.9,69.9,78.6,87.7,97.2,109.8,119,117.2,115.1,109.8,106.7,110.7,116.2,113.4,100.5,96.5,96.3,81.2,63.6,52.7,46.2,42,35.9,30,31.4,TT,O,,2016,2,1,11/11/2003,17.38068812,20.30273381,19.63125442,23.66013072,,,,,,105.1,107.1,119.2,120.6,118.9,106.7,96,80.5,57,34.1,28,39.8,56.3,58.5,57.1,54.4,51,46.5,42.6,38.6,38.3,47,54.7,65.2,72.5,84.1,97.8,108.2,117.7,117,111.1,106.8,108.3,112,114.7,109.6,103,93.2,83.6,75.6,66,58.4,51.2,43.5,40.6,39.9,43.6,45.3,50,63,79,89.4,96.7,100.3,107.6,115.5,118.1,115.9,110.2,108.1,105,99.8,92.3,81.6,71.8,64.8,62.6,57.4,48.6,29.8,22.8,37.7,53,59.4,68.3,82.7,87.4,87.6,93.9,103.2,109.6,112.9,113.6,113.8,116.6,,,,,,51.9,43.2,46.9,48.2,47.9,39.8,31.5,23.8,31.3,54.1,78.2,100.1,119,122.4,121.6,120.8,121,122.4,125.9,124,121.9,121.2,115.7,111.1,101.4,89.9,78.3,67.6,63.3,63.7,44.9,25.9,24.8,39.3,53.3,58,67.7,77.1,90.7,103.4,112.5,119,121.2,122.4,125.7,124.9,123.8,117.5,105.6,95.7,88.4,77.4,64.4,48.3,37.3,33.4,32.8,34.3,40.1,52.4,61.9,69.9,78.6,87.7,97.2,109.8,119,117.2,115.1,109.8,106.7,110.7,116.2,113.4,100.5,96.5,96.3,81.2,63.6,52.7,46.2,42,35.9,30,31.4,6756.9,6859.8,79.49294118,80.70352941,115,55,6,6
3,1,A,N,2,90.1,1418,22,25,21,61,18,64,1.5,0,3,0,90,1610,4,90,110.4,107.5,101.9,95.9,95.2,100.8,111.1,114.2,109.9,101.5,89.1,78.2,71.9,64.3,52.1,40,33.9,38.4,37.9,35,31.2,35,50.1,69.1,88,100.5,105.4,103.8,101.1,100.4,102.5,109.6,110.1,106.5,99.6,94.9,96.3,96.3,87.9,76.8,63.8,51.2,35,21.1,20.8,32.4,36.8,42.8,51.5,63,66.2,65.5,68.9,81.3,94.9,99.3,97.2,97.4,98.9,103.6,106.4,103.5,96.7,89.6,83.9,79.3,76.2,75,71.7,63.5,55.4,42.4,33.3,27.4,24.6,20.8,20.2,32.5,50.5,69,82.5,82,74.2,70.4,66.6,67.9,73.3,81.4,91.3,97.5,45.9,40,27.6,12.3,19.1,41.3,62.3,67.4,70.5,72.5,78.4,92.1,105.3,108.7,107.3,108.4,115.2,123.9,122.8,117.3,105.4,89.3,74.5,64.8,62.6,67.4,63.4,50.9,33.6,18.5,19.5,35.6,43.8,47.6,52.3,63.7,81,86.5,84.3,85.1,87.2,93,97.3,99.1,105.7,114.8,114.3,107.5,101.7,97.6,90.4,79.7,63.2,54.1,59.4,59.2,54.2,45.3,32.1,20.7,23.5,25.3,29.1,36.3,49.8,65.8,79.9,93,97.3,94.8,93.4,92.8,91.9,89.3,82.3,71.4,67.2,71.1,82.6,95.6,104.1,102.3,92.1,82.5,65.8,44.8,24.5,6.5,14.2,29.2,TT,O,,2016,3,1,11/11/2003,15.73806881,20.30273381,19.63125442,23.66013072,,,,,,100.8,111.1,114.2,109.9,101.5,89.1,78.2,71.9,64.3,52.1,40,33.9,38.4,37.9,35,31.2,35,50.1,69.1,88,100.5,105.4,103.8,101.1,100.4,102.5,109.6,110.1,106.5,99.6,94.9,96.3,96.3,87.9,76.8,63.8,51.2,35,21.1,20.8,32.4,36.8,42.8,51.5,63,66.2,65.5,68.9,81.3,94.9,99.3,97.2,97.4,98.9,103.6,106.4,103.5,96.7,89.6,83.9,79.3,76.2,75,71.7,63.5,55.4,42.4,33.3,27.4,24.6,20.8,20.2,32.5,50.5,69,82.5,82,74.2,70.4,66.6,67.9,73.3,81.4,91.3,97.5,,,,,,41.3,62.3,67.4,70.5,72.5,78.4,92.1,105.3,108.7,107.3,108.4,115.2,123.9,122.8,117.3,105.4,89.3,74.5,64.8,62.6,67.4,63.4,50.9,33.6,18.5,19.5,35.6,43.8,47.6,52.3,63.7,81,86.5,84.3,85.1,87.2,93,97.3,99.1,105.7,114.8,114.3,107.5,101.7,97.6,90.4,79.7,63.2,54.1,59.4,59.2,54.2,45.3,32.1,20.7,23.5,25.3,29.1,36.3,49.8,65.8,79.9,93,97.3,94.8,93.4,92.8,91.9,89.3,82.3,71.4,67.2,71.1,82.6,95.6,104.1,102.3,92.1,82.5,65.8,44.8,24.5,6.5,14.2,29.2,6144,6198.1,72.28235294,72.91882353,115,55,6,6
1,2,A,N,2,80.5,2044,32,25,16,50,34,81,1.5,0,1,0,90,1610,4,80,113,110.2,104.1,93.2,86.3,88.1,75.4,51.9,40.2,34.7,45,61,73.7,89.4,96.4,101.8,111.7,120.3,116.5,111.7,107.4,106.1,97.9,89.4,75.5,56.8,44,41.1,44.8,43.2,44.2,61.8,84,95.9,104.5,105.6,106.2,106.7,102.1,97.4,86.5,66.9,51.3,44.2,40.1,34,45.7,56.7,54,46.1,24.9,13,23.5,52.9,77,93.3,108.9,111.9,106,91.3,70.2,53.1,44.9,38.8,31.1,36.3,41.5,44.2,54.4,69.4,77.5,81.9,100,101.1,92.7,87.7,82.6,71.7,55,32.2,,,,,,,,,,,50.9,41.3,22.8,18.9,48.1,79.9,99.1,111.2,119.9,119,116,107.8,92.7,78.5,63.9,46.9,34.8,34.9,31.8,35.6,52.6,74.4,86.7,97.3,104.5,116.4,123.1,126.1,124.2,113,93.5,78.4,68.3,58.1,47.3,33.7,22.7,27.8,41.9,62.9,77,92,109.5,124.7,125.5,116.1,113.5,117,118,117,105.5,96.5,94.2,81.6,73.2,61.4,59.5,62.2,65.2,66.1,75.5,95.3,115.5,120.7,116.2,114.9,106.1,89.3,67.5,46.6,29.5,12,19.6,16,14.2,27.6,43.4,55.9,68.9,75,,,,,,,,,,,TT,O,,2016,4,1,11/12/2003,25.39130435,20.30273381,19.63125442,23.66013072,,,,,,88.1,75.4,51.9,40.2,34.7,45,61,73.7,89.4,96.4,101.8,111.7,120.3,116.5,111.7,107.4,106.1,97.9,89.4,75.5,56.8,44,41.1,44.8,43.2,44.2,61.8,84,95.9,104.5,105.6,106.2,106.7,102.1,97.4,86.5,66.9,51.3,44.2,40.1,34,45.7,56.7,54,46.1,24.9,13,23.5,52.9,77,93.3,108.9,111.9,106,91.3,70.2,53.1,44.9,38.8,31.1,36.3,41.5,44.2,54.4,69.4,77.5,81.9,100,101.1,92.7,87.7,82.6,71.7,55,32.2,,,,,,,,,,,,,,,,79.9,99.1,111.2,119.9,119,116,107.8,92.7,78.5,63.9,46.9,34.8,34.9,31.8,35.6,52.6,74.4,86.7,97.3,104.5,116.4,123.1,126.1,124.2,113,93.5,78.4,68.3,58.1,47.3,33.7,22.7,27.8,41.9,62.9,77,92,109.5,124.7,125.5,116.1,113.5,117,118,117,105.5,96.5,94.2,81.6,73.2,61.4,59.5,62.2,65.2,66.1,75.5,95.3,115.5,120.7,116.2,114.9,106.1,89.3,67.5,46.6,29.5,12,19.6,16,14.2,27.6,43.4,55.9,68.9,75,,,,,,,,,,,5326.9,5910.3,71.02533333,78.804,115,55,6,6
2,2,A,E,2,8.9,179,17,1,82,12,6,54,1.5,1,0,0,90,1610,4,8,58.4,51,53.7,72.5,77,69,52,29.9,,,,,,,,,,,,,,,,,,,,,,,,,,,,,,,,,,,,,,,,,,,,,,,,,,,,,,,,,,,,,,,,,,,,,,,,,,,,,,,,,,,105.4,84,54.6,35.8,41.2,46.5,52,60.5,,,,,,,,,,,,,,,,,,,,,,,,,,,,,,,,,,,,,,,,,,,,,,,,,,,,,,,,,,,,,,,,,,,,,,,,,,,,,,,,,,,TT,O,,2016,5,1,11/12/2003,20.11235955,20.30273381,19.63125442,23.66013072,,,53.7,72.5,77,69,52,29.9,,,,,,,,,,,,,,,,,,,,,,,,,,,,,,,,,,,,,,,,,,,,,,,,,,,,,,,,,,,,,,,,,,,,,,,,,,,,,,,,,,,,,54.6,35.8,41.2,46.5,52,60.5,,,,,,,,,,,,,,,,,,,,,,,,,,,,,,,,,,,,,,,,,,,,,,,,,,,,,,,,,,,,,,,,,,,,,,,,,,,,,,,,,,,354.1,290.6,59.01666667,48.43333333,55,115,3,3
3,2,A,S,2,30.6,724,27,23,37,60,3,12,1.5,0,1,0,90,1610,4,30,48.1,27.6,12.7,31.5,52.2,64.6,75.9,86.8,97.9,99.2,95.2,91.6,90.9,79.1,63.4,38.6,19.7,21.8,31.5,41,54,62.5,67.7,71.1,76.4,75.7,74.9,78.8,73.1,57.7,,,,,,,,,,,,,,,,,,,,,,,,,,,,,,,,,,,,,,,,,,,,,,,,,,,,,,,,,,,,,110.5,101.8,95.5,95.6,90.9,76.3,53.9,34.1,18.2,16.6,26.4,54.2,77.6,84.7,87.8,95.7,98.6,105.8,107,101.6,91.7,75.9,61.4,38.8,15.3,13.8,29.5,63.1,79.5,84.5,,,,,,,,,,,,,,,,,,,,,,,,,,,,,,,,,,,,,,,,,,,,,,,,,,,,,,,,,,,,,FS,O,,2016,6,1,11/12/2003,23.66013072,20.30273381,19.63125442,23.66013072,,27.6,12.7,31.5,52.2,64.6,75.9,86.8,97.9,99.2,95.2,91.6,90.9,79.1,63.4,38.6,19.7,21.8,31.5,41,54,62.5,67.7,71.1,76.4,75.7,74.9,78.8,73.1,57.7,,,,,,,,,,,,,,,,,,,,,,,,,,,,,,,,,,,,,,,,,,,,,,,,,,,,,,,,,,,,,,101.8,95.5,95.6,90.9,76.3,53.9,34.1,18.2,16.6,26.4,54.2,77.6,84.7,87.8,95.7,98.6,105.8,107,101.6,91.7,75.9,61.4,38.8,15.3,13.8,29.5,63.1,79.5,84.5,,,,,,,,,,,,,,,,,,,,,,,,,,,,,,,,,,,,,,,,,,,,,,,,,,,,,,,,,,,,,1813.1,1975.8,62.52068966,68.13103448,55,115,2,2
4,1,A,S,2,90.1,1711,17,29,19,29,52,-130,1.5,0,0,0,90,1610,5,90,59.4,60.6,62.7,76.8,82.1,81.7,73.6,62.9,60.9,73.9,79.1,74.8,57.4,29.9,15.3,39.5,53.4,54.7,73,91.1,106.3,116.2,120.4,119.3,123.1,118.7,116.9,110.3,104.2,94.3,86.8,77.5,66,49.3,28.9,18.1,19.9,30.9,54.4,77.9,95.4,114.8,122.1,119.2,116.4,116.7,107.9,95.2,86.8,84.9,76.6,66.5,56.4,48,42.6,44.6,50.1,59.4,68.3,70,70.9,68.3,61.3,51.5,50.5,65.7,89.1,110,123.3,123.4,121.5,117.6,116.5,116.4,120.7,119.8,112.8,100.4,83.6,69,63.2,67.4,77.5,78.6,79.1,75.3,69.4,63.3,57.8,54.7,108.4,110.8,109.1,99.8,77.4,48.6,20.9,31.2,62.5,96.1,107.5,108.2,101.9,96,97.7,111,120.5,110.9,100.8,94.6,82.1,67.8,57.3,40.9,38.1,39.4,50.6,61.8,71.9,89.9,97.2,96.3,92.6,87.8,84.5,80.2,68.4,55.2,36.9,24.4,29.1,48.9,57.1,58.7,63.8,63.9,62.4,64.3,78.9,97.3,104.6,109.8,116.6,123.2,127,128.6,126.3,122.9,120.1,113.8,108,98.2,84.6,65.2,42.7,21.1,17,33.3,47.7,49.9,44.4,35.1,31.4,31.9,38.7,38.9,34.1,29.2,32.4,47.8,68.3,87.5,104.2,108.1,107.7,108.5,106.5,109.5,115.9,122.9,TT,O,,2016,1,1,11/11/2003,18.9900111,20.26525399,19.89485201,22.11726384,,,62.7,76.8,82.1,81.7,73.6,62.9,60.9,73.9,79.1,74.8,57.4,29.9,15.3,39.5,53.4,54.7,73,91.1,106.3,116.2,120.4,119.3,123.1,118.7,116.9,110.3,104.2,94.3,86.8,77.5,66,49.3,28.9,18.1,19.9,30.9,54.4,77.9,95.4,114.8,122.1,119.2,116.4,116.7,107.9,95.2,86.8,84.9,76.6,66.5,56.4,48,42.6,44.6,50.1,59.4,68.3,70,70.9,68.3,61.3,51.5,50.5,65.7,89.1,110,123.3,123.4,121.5,117.6,116.5,116.4,120.7,119.8,112.8,100.4,83.6,69,63.2,67.4,77.5,78.6,79.1,75.3,69.4,63.3,57.8,54.7,,,109.1,99.8,77.4,48.6,20.9,31.2,62.5,96.1,107.5,108.2,101.9,96,97.7,111,120.5,110.9,100.8,94.6,82.1,67.8,57.3,40.9,38.1,39.4,50.6,61.8,71.9,89.9,97.2,96.3,92.6,87.8,84.5,80.2,68.4,55.2,36.9,24.4,29.1,48.9,57.1,58.7,63.8,63.9,62.4,64.3,78.9,97.3,104.6,109.8,116.6,123.2,127,128.6,126.3,122.9,120.1,113.8,108,98.2,84.6,65.2,42.7,21.1,17,33.3,47.7,49.9,44.4,35.1,31.4,31.9,38.7,38.9,34.1,29.2,32.4,47.8,68.3,87.5,104.2,108.1,107.7,108.5,106.5,109.5,115.9,122.9,7002.7,6706,79.57613636,76.20454546,55,115,3,3
5,1,A,W,2,88.9,1445,37,25,30,40,30,-17,1.5,1,2,0,90,1610,5,88,106.5,96.9,78.4,59.2,45.1,49.7,66.5,86.8,98.5,96.6,94.6,98.5,104.7,113.5,122.2,120.7,103,88.5,80,75.4,76.6,75.6,62.3,44.8,26.8,13.5,19.2,24.4,24.3,19.2,13.2,20,33.2,44,44.7,42.7,43.4,42.2,39.8,40.2,46,57.7,72.7,88.7,104,117.4,122.9,120.6,114.4,107.7,101.4,99.8,94.8,83.6,73.4,63.2,50.5,38,28.5,29.9,40,46.1,47.6,41.8,41.4,44.9,54.5,68.7,84.6,99.1,112.5,118.3,114.4,109.1,102.9,94.9,83.9,68.9,52.2,34.8,16,7.6,13.7,23.1,33.5,43.9,43.4,43.1,,,49.5,41.5,35.5,36.2,41.5,49.6,62.1,78.5,87.7,86.8,72.9,52.7,38.6,32.8,36.8,35.3,24,36.4,56.4,76.7,96.2,106,103.3,101.9,99.2,97.3,96.5,88,83.9,82.7,89.4,100.7,114.8,125.5,126.9,122.1,116.6,106.7,92.4,76.1,56.6,37.1,19.4,8.5,18.6,32.8,42.4,47,51.7,59,70.5,83.9,89.9,93,100.2,106.7,109.7,109.9,111,115.1,121.3,124.9,123.1,108.9,95,80.1,66.2,55.8,50,46.9,47.1,45.2,36.7,27.8,19.1,10.2,12,24.2,38.1,52.8,69.9,83,91.3,102.1,114.6,125.2,121.3,115.9,,,TT,O,,2016,2,1,11/11/2003,16.25421822,20.26525399,19.89485201,22.11726384,,,,,,49.7,66.5,86.8,98.5,96.6,94.6,98.5,104.7,113.5,122.2,120.7,103,88.5,80,75.4,76.6,75.6,62.3,44.8,26.8,13.5,19.2,24.4,24.3,19.2,13.2,20,33.2,44,44.7,42.7,43.4,42.2,39.8,40.2,46,57.7,72.7,88.7,104,117.4,122.9,120.6,114.4,107.7,101.4,99.8,94.8,83.6,73.4,63.2,50.5,38,28.5,29.9,40,46.1,47.6,41.8,41.4,44.9,54.5,68.7,84.6,99.1,112.5,118.3,114.4,109.1,102.9,94.9,83.9,68.9,52.2,34.8,16,7.6,13.7,23.1,33.5,43.9,43.4,43.1,,,,,,,,49.6,62.1,78.5,87.7,86.8,72.9,52.7,38.6,32.8,36.8,35.3,24,36.4,56.4,76.7,96.2,106,103.3,101.9,99.2,97.3,96.5,88,83.9,82.7,89.4,100.7,114.8,125.5,126.9,122.1,116.6,106.7,92.4,76.1,56.6,37.1,19.4,8.5,18.6,32.8,42.4,47,51.7,59,70.5,83.9,89.9,93,100.2,106.7,109.7,109.9,111,115.1,121.3,124.9,123.1,108.9,95,80.1,66.2,55.8,50,46.9,47.1,45.2,36.7,27.8,19.1,10.2,12,24.2,38.1,52.8,69.9,83,91.3,102.1,114.6,125.2,121.3,115.9,,,5449.4,6225.2,65.65542169,75.00240964,115,55,6,6
6,1,A,N,2,90.1,1286,17,32,46,40,14,-58,1.5,1,0,0,90,1610,5,90,109.8,101.5,91.2,81.2,72.1,65.7,60.4,51.4,44.1,39.7,40.9,43.6,48.4,48.9,47.9,49.4,57.9,72.5,88.9,105.3,115.8,115.6,114.6,110.9,105.3,97.4,87.6,74.1,56.1,38.4,31.8,37.6,48.7,57.4,62,62.9,60.9,56.2,50.3,43,40.1,41.8,44.6,53.4,59.8,63.8,71.5,79.5,89.9,96.9,102.1,107.6,114,121.4,115.5,110.9,105.5,97.7,86,72.3,56.1,38.6,25.3,23.9,26.5,22.6,16.7,10.5,20.1,33.4,48,62.7,77,91.2,94.7,91.8,89.9,89.4,91.3,94.4,104.1,113,121,122.4,122.4,120,117.5,116.9,116.8,117,60.9,66.5,75.3,86.6,97,109.6,120.1,122,124.4,124.9,122.8,114.4,101,83.1,64.2,44.4,28.4,23.9,31.8,41.9,46.8,38.2,31.4,25.8,26.2,33.1,40.5,45.8,47.9,52.5,54.8,58.1,62.5,66.8,67.9,62.2,57.1,52.4,50.4,53.9,61.1,69.2,77.7,80.1,75.6,67.5,57.7,45,32.7,24,18.6,23.7,37.3,50.6,53.1,58.4,66.8,70.4,69.7,68.7,68.5,70.3,72.3,65.6,66.3,72.8,78,78.1,68,62.6,59.2,62.4,74.6,88.6,92.3,85.7,70.8,60.1,45.4,33,26.4,30.2,37,38.3,38.3,38.9,39.4,45.5,47.2,48.1,TT,O,,2016,3,1,11/11/2003,14.27302997,20.26525399,19.89485201,22.11726384,,,,,,65.7,60.4,51.4,44.1,39.7,40.9,43.6,48.4,48.9,47.9,49.4,57.9,72.5,88.9,105.3,115.8,115.6,114.6,110.9,105.3,97.4,87.6,74.1,56.1,38.4,31.8,37.6,48.7,57.4,62,62.9,60.9,56.2,50.3,43,40.1,41.8,44.6,53.4,59.8,63.8,71.5,79.5,89.9,96.9,102.1,107.6,114,121.4,115.5,110.9,105.5,97.7,86,72.3,56.1,38.6,25.3,23.9,26.5,22.6,16.7,10.5,20.1,33.4,48,62.7,77,91.2,94.7,91.8,89.9,89.4,91.3,94.4,104.1,113,121,122.4,122.4,120,117.5,116.9,116.8,117,,,,,,109.6,120.1,122,124.4,124.9,122.8,114.4,101,83.1,64.2,44.4,28.4,23.9,31.8,41.9,46.8,38.2,31.4,25.8,26.2,33.1,40.5,45.8,47.9,52.5,54.8,58.1,62.5,66.8,67.9,62.2,57.1,52.4,50.4,53.9,61.1,69.2,77.7,80.1,75.6,67.5,57.7,45,32.7,24,18.6,23.7,37.3,50.6,53.1,58.4,66.8,70.4,69.7,68.7,68.5,70.3,72.3,65.6,66.3,72.8,78,78.1,68,62.6,59.2,62.4,74.6,88.6,92.3,85.7,70.8,60.1,45.4,33,26.4,30.2,37,38.3,38.3,38.9,39.4,45.5,47.2,48.1,6241.1,5103,73.42470588,60.03529412,115,55,6,6
4,2,A,N,2,24.9,611,51,6,29,40,31,-38,1.5,2,0,0,90,1610,5,24,103.7,88.6,64.5,32.3,9.3,29.7,42,44.7,43.3,55,67.7,64.9,63.2,69.5,84.2,90.3,73.5,52.3,37.6,40.9,41.8,35.1,27.5,17.7,,,,,,,,,,,,,,,,,,,,,,,,,,,,,,,,,,,,,,,,,,,,,,,,,,,,,,,,,,,,,,,,,,,60.3,66.1,71.6,69.7,87.3,113.5,125.6,124.9,109.2,90.9,73.2,51.9,27.6,32.5,64.8,90,95.8,101.6,111.4,125.4,127.4,118.9,103.4,86.1,,,,,,,,,,,,,,,,,,,,,,,,,,,,,,,,,,,,,,,,,,,,,,,,,,,,,,,,,,,,,,,,,,,TT,O,,2016,4,1,11/12/2003,24.53815261,20.26525399,19.89485201,22.11726384,,,,,,29.7,42,44.7,43.3,55,67.7,64.9,63.2,69.5,84.2,90.3,73.5,52.3,37.6,40.9,41.8,35.1,27.5,17.7,,,,,,,,,,,,,,,,,,,,,,,,,,,,,,,,,,,,,,,,,,,,,,,,,,,,,,,,,,,,,,,,,,,,,,,,113.5,125.6,124.9,109.2,90.9,73.2,51.9,27.6,32.5,64.8,90,95.8,101.6,111.4,125.4,127.4,118.9,103.4,86.1,,,,,,,,,,,,,,,,,,,,,,,,,,,,,,,,,,,,,,,,,,,,,,,,,,,,,,,,,,,,,,,,,,,980.9,1774.1,51.62631579,93.37368421,115,55,6,6
5,2,A,E,2,38.2,971,37,16,22,33,45,81,1.5,1,0,0,90,1610,5,38,65.7,68.2,78.6,84.5,88.8,95.3,106.4,114.6,111.2,95.9,76.5,58.1,49.8,37.8,36.7,41.2,53.1,71.5,94.6,99.5,98.2,90.3,73.1,49.1,27.5,28,45.2,49,45.1,44.2,40.9,46,64.3,72.4,64.5,54.7,36.7,13,,,,,,,,,,,,,,,,,,,,,,,,,,,,,,,,,,,,,,,,,,,,,,,,,,,,,119.6,107.3,95.4,73.2,49.1,22.4,24.2,48.2,66.2,76.5,88.3,102,119.3,121.1,119.7,111.9,99.7,88,86,74.8,57.9,38.4,25.8,37.4,64.5,94.6,119.3,125.1,125.4,129.5,121.7,112.2,114.2,110,87,65.8,59,74.7,,,,,,,,,,,,,,,,,,,,,,,,,,,,,,,,,,,,,,,,,,,,,,,,,,,,,TT,O,,2016,5,1,11/12/2003,25.41884817,20.26525399,19.89485201,22.11726384,,,78.6,84.5,88.8,95.3,106.4,114.6,111.2,95.9,76.5,58.1,49.8,37.8,36.7,41.2,53.1,71.5,94.6,99.5,98.2,90.3,73.1,49.1,27.5,28,45.2,49,45.1,44.2,40.9,46,64.3,72.4,64.5,54.7,36.7,13,,,,,,,,,,,,,,,,,,,,,,,,,,,,,,,,,,,,,,,,,,,,,,,,,,,,,,,95.4,73.2,49.1,22.4,24.2,48.2,66.2,76.5,88.3,102,119.3,121.1,119.7,111.9,99.7,88,86,74.8,57.9,38.4,25.8,37.4,64.5,94.6,119.3,125.1,125.4,129.5,121.7,112.2,114.2,110,87,65.8,59,74.7,,,,,,,,,,,,,,,,,,,,,,,,,,,,,,,,,,,,,,,,,,,,,,,,,,,,,2336.3,3028.5,64.89722222,84.125,55,115,3,3
6,2,A,S,2,30.7,679,55,19,43,38,19,38,1.5,1,0,0,90,1610,5,30,55.6,43.3,30.6,18.5,22.6,42.2,62.6,86.4,106.9,114.7,110.4,97.6,80.1,60,40.4,27.2,30.4,41.9,31.7,19.7,12.2,14.7,33.8,56.6,73.6,71.1,50.7,30.8,12.9,12.8,,,,,,,,,,,,,,,,,,,,,,,,,,,,,,,,,,,,,,,,,,,,,,,,,,,,,,,,,,,,,113.8,114.2,112.7,102.7,88.2,70.6,50,34.2,31.9,30.7,26.2,24.3,30.9,46.7,66,88.2,110,126.7,116.3,99,84,73,71.8,82.3,99.3,105.9,102.3,98.5,96.4,84.1,,,,,,,,,,,,,,,,,,,,,,,,,,,,,,,,,,,,,,,,,,,,,,,,,,,,,,,,,,,,,FS,O,,2016,6,1,11/12/2003,22.11726384,20.26525399,19.89485201,22.11726384,,43.3,30.6,18.5,22.6,42.2,62.6,86.4,106.9,114.7,110.4,97.6,80.1,60,40.4,27.2,30.4,41.9,31.7,19.7,12.2,14.7,33.8,56.6,73.6,71.1,50.7,30.8,12.9,12.8,,,,,,,,,,,,,,,,,,,,,,,,,,,,,,,,,,,,,,,,,,,,,,,,,,,,,,,,,,,,,,114.2,112.7,102.7,88.2,70.6,50,34.2,31.9,30.7,26.2,24.3,30.9,46.7,66,88.2,110,126.7,116.3,99,84,73,71.8,82.3,99.3,105.9,102.3,98.5,96.4,84.1,,,,,,,,,,,,,,,,,,,,,,,,,,,,,,,,,,,,,,,,,,,,,,,,,,,,,,,,,,,,,1436.4,2267.1,49.53103448,78.17586207,55,115,2,2
7,1,A,S,2,85.3,1655,26,12,14,27,59,-92,1.5,1,2,0,90,1610,17,85,53.7,52.8,52.1,59.5,47.7,50.7,49.2,69.2,72.5,82.2,88.4,70.5,51.4,41.4,50.7,62.8,62.3,51,50.2,40.5,41.1,42.6,55.8,69.2,73.3,77.7,75.1,71,90.7,108.9,110.1,100.1,76.2,58.7,57,78.1,85.1,81.6,69.6,70.2,60,44.9,42,41.2,48.2,58.4,72.8,88.2,100.8,102.6,98.1,90.9,87.8,84.5,79.1,70.8,62.8,60.7,60.8,59.1,50.1,43.3,41.6,45.5,52.3,57.9,57.6,52.5,58.2,64.8,64.4,65.6,78,85.7,91.5,96.3,97.9,100.7,101.6,99.9,93.2,88.4,73.8,49.4,14.1,,,,,,103.5,99.6,96.4,91,84.9,83.5,93.3,103,102.7,98.1,87.4,70.4,48.7,46.7,70.5,84.9,96.4,106.6,122.8,122.4,125.6,122.1,114.7,106.9,94.6,89.3,78.6,56.9,39.4,31.5,24.9,15.2,14,36.5,78.8,95.5,93.1,87.9,83.3,97.3,106.8,111.6,124,125.4,121,114.9,105.6,96.6,88.9,85,84.8,86.9,90,93.6,101.1,106.6,111.8,111.4,109.6,111,118.9,124.7,126.8,126.6,125.3,123.9,120.7,118.6,120.6,121.8,117.5,108.5,108.8,103,95.6,87.9,79,76,68.2,60.1,39.1,14.7,15.1,41.3,73.3,,,,,,TT,O,,2016,1,1,11/11/2003,19.4021102,18.57001813,18.17978723,20.52117264,,,52.1,59.5,47.7,50.7,49.2,69.2,72.5,82.2,88.4,70.5,51.4,41.4,50.7,62.8,62.3,51,50.2,40.5,41.1,42.6,55.8,69.2,73.3,77.7,75.1,71,90.7,108.9,110.1,100.1,76.2,58.7,57,78.1,85.1,81.6,69.6,70.2,60,44.9,42,41.2,48.2,58.4,72.8,88.2,100.8,102.6,98.1,90.9,87.8,84.5,79.1,70.8,62.8,60.7,60.8,59.1,50.1,43.3,41.6,45.5,52.3,57.9,57.6,52.5,58.2,64.8,64.4,65.6,78,85.7,91.5,96.3,97.9,100.7,101.6,99.9,93.2,88.4,73.8,49.4,14.1,,,,,,,,96.4,91,84.9,83.5,93.3,103,102.7,98.1,87.4,70.4,48.7,46.7,70.5,84.9,96.4,106.6,122.8,122.4,125.6,122.1,114.7,106.9,94.6,89.3,78.6,56.9,39.4,31.5,24.9,15.2,14,36.5,78.8,95.5,93.1,87.9,83.3,97.3,106.8,111.6,124,125.4,121,114.9,105.6,96.6,88.9,85,84.8,86.9,90,93.6,101.1,106.6,111.8,111.4,109.6,111,118.9,124.7,126.8,126.6,125.3,123.9,120.7,118.6,120.6,121.8,117.5,108.5,108.8,103,95.6,87.9,79,76,68.2,60.1,39.1,14.7,15.1,41.3,73.3,,,,,,5682.4,7498.4,68.4626506,90.34216868,55,115,3,3
8,1,A,W,2,23.5,455,35,28,8,38,54,-44,1.5,1,0,0,90,1610,17,23,113.6,114.6,114,106.5,95.1,96.7,113.1,122.9,118.4,114.2,109.2,98.8,94,84.3,71.2,53.1,41.7,38.8,43.1,40.8,38.9,35.3,13.9,,,,,,,,,,,,,,,,,,,,,,,,,,,,,,,,,,,,,,,,,,,,,,,,,,,,,,,,,,,,,,,,,,,,62,59.4,57.6,48.8,33.6,16.6,27.6,37.3,33.1,34.2,46,64.1,85.1,97.1,106.7,114.2,119.7,123.9,125.3,122.2,122,117.2,98.9,,,,,,,,,,,,,,,,,,,,,,,,,,,,,,,,,,,,,,,,,,,,,,,,,,,,,,,,,,,,,,,,,,,,TT,O,,2016,2,1,11/11/2003,19.36170213,18.57001813,18.17978723,20.52117264,,,,,,96.7,113.1,122.9,118.4,114.2,109.2,98.8,94,84.3,71.2,53.1,41.7,38.8,43.1,40.8,38.9,35.3,13.9,,,,,,,,,,,,,,,,,,,,,,,,,,,,,,,,,,,,,,,,,,,,,,,,,,,,,,,,,,,,,,,,,,,,,,,,,16.6,27.6,37.3,33.1,34.2,46,64.1,85.1,97.1,106.7,114.2,119.7,123.9,125.3,122.2,122,117.2,98.9,,,,,,,,,,,,,,,,,,,,,,,,,,,,,,,,,,,,,,,,,,,,,,,,,,,,,,,,,,,,,,,,,,,,1328.4,1491.2,73.8,82.84444444,115,55,6,6
9,1,A,N,2,12.1,204,16,2,6,54,40,-35,1.5,1,0,0,90,1610,17,12,107.6,104.4,97.6,86.5,76.4,71,69,66.2,67.8,62.5,40.3,14.6,,,,,,,,,,,,,,,,,,,,,,,,,,,,,,,,,,,,,,,,,,,,,,,,,,,,,,,,,,,,,,,,,,,,,,,,,,,,,,,55.9,55.4,56.3,71.5,87.4,107.8,115.2,113.4,111.9,114.2,100.8,89.8,,,,,,,,,,,,,,,,,,,,,,,,,,,,,,,,,,,,,,,,,,,,,,,,,,,,,,,,,,,,,,,,,,,,,,,,,,,,,,,TT,O,,2016,3,1,11/11/2003,16.85950413,18.57001813,18.17978723,20.52117264,,,,,,71,69,66.2,67.8,62.5,40.3,14.6,,,,,,,,,,,,,,,,,,,,,,,,,,,,,,,,,,,,,,,,,,,,,,,,,,,,,,,,,,,,,,,,,,,,,,,,,,,,,,,,,,,,107.8,115.2,113.4,111.9,114.2,100.8,89.8,,,,,,,,,,,,,,,,,,,,,,,,,,,,,,,,,,,,,,,,,,,,,,,,,,,,,,,,,,,,,,,,,,,,,,,,,,,,,,,391.4,753.1,55.91428571,107.5857143,115,55,6,6
7,2,A,N,2,15.9,146,6,84,41,58,1,38,1.5,1,0,0,90,1610,17,15,109.6,107.1,105.2,103.5,101.8,100.2,98.5,96.9,95.1,93.7,92,89.4,84,76.2,48.6,,,,,,,,,,,,,,,,,,,,,,,,,,,,,,,,,,,,,,,,,,,,,,,,,,,,,,,,,,,,,,,,,,,,,,,,,,,,53,46,46.8,45.1,43.5,41.7,40,38,37.1,35.9,34.6,33.3,31.4,31.8,45.7,,,,,,,,,,,,,,,,,,,,,,,,,,,,,,,,,,,,,,,,,,,,,,,,,,,,,,,,,,,,,,,,,,,,,,,,,,,,TT,O,,2016,4,1,11/12/2003,9.182389937,18.57001813,18.17978723,20.52117264,,,,,,100.2,98.5,96.9,95.1,93.7,92,89.4,84,76.2,48.6,,,,,,,,,,,,,,,,,,,,,,,,,,,,,,,,,,,,,,,,,,,,,,,,,,,,,,,,,,,,,,,,,,,,,,,,,,,,,,,,,41.7,40,38,37.1,35.9,34.6,33.3,31.4,31.8,45.7,,,,,,,,,,,,,,,,,,,,,,,,,,,,,,,,,,,,,,,,,,,,,,,,,,,,,,,,,,,,,,,,,,,,,,,,,,,,874.6,369.5,87.46,36.95,115,55,6,6
8,2,A,E,2,90.1,2351,24,27,4,40,56,100,1.5,1,0,0,90,1610,17,90,63,68.1,79.7,90.4,99.2,108.7,115.3,118.6,119,117.1,111,100.8,87,67.4,52,43.3,44.1,51.6,58.8,75.5,87.8,92.4,98.9,113.4,120.5,119.6,115.9,107.8,97,81.5,63.9,49.4,41.5,44.9,53.2,68.7,78.7,87.9,98.6,106.2,112.9,112,110.7,108.1,99.1,89.4,84.7,75.1,66.3,54.5,35.1,13.9,14.3,18,34.3,60.2,90.2,114.4,115,112.1,107.7,103,95.3,92.1,94,86,73.3,58.7,47.2,41.8,44,51.4,61.4,67.7,76.4,90.2,98.2,105.2,110.7,115.5,116.8,117.6,114.2,105.1,96.6,87,69,55,45.3,41.9,115.3,110.2,104.9,92.7,77,60.6,45.8,35.6,37.1,52.2,69.6,84.8,96.4,109.5,119,125.6,127.8,125.6,115.7,109.2,96.1,78.4,56.4,42.5,36.8,36.6,44.5,60.4,78.1,94.1,108.4,119,125.3,127.5,122.5,119.2,109.6,96.4,83.1,67.5,56.7,42.4,27.5,30.6,46.2,69.7,94.9,106.4,109.5,107.9,101.7,96.4,96.7,87.3,69.1,45.7,36.9,48.3,46.4,40.2,28.2,19,31.7,57.8,84.6,97,104.6,113.6,121.4,126.3,127.5,125.9,122.9,114.8,103.2,92.2,76.7,61.9,47.4,35.8,32.2,41.8,55,67.8,84.3,96.7,101.7,110.6,120.8,126.5,TT,O,,2016,5,1,11/12/2003,26.09322975,18.57001813,18.17978723,20.52117264,,,79.7,90.4,99.2,108.7,115.3,118.6,119,117.1,111,100.8,87,67.4,52,43.3,44.1,51.6,58.8,75.5,87.8,92.4,98.9,113.4,120.5,119.6,115.9,107.8,97,81.5,63.9,49.4,41.5,44.9,53.2,68.7,78.7,87.9,98.6,106.2,112.9,112,110.7,108.1,99.1,89.4,84.7,75.1,66.3,54.5,35.1,13.9,14.3,18,34.3,60.2,90.2,114.4,115,112.1,107.7,103,95.3,92.1,94,86,73.3,58.7,47.2,41.8,44,51.4,61.4,67.7,76.4,90.2,98.2,105.2,110.7,115.5,116.8,117.6,114.2,105.1,96.6,87,69,55,45.3,41.9,,,104.9,92.7,77,60.6,45.8,35.6,37.1,52.2,69.6,84.8,96.4,109.5,119,125.6,127.8,125.6,115.7,109.2,96.1,78.4,56.4,42.5,36.8,36.6,44.5,60.4,78.1,94.1,108.4,119,125.3,127.5,122.5,119.2,109.6,96.4,83.1,67.5,56.7,42.4,27.5,30.6,46.2,69.7,94.9,106.4,109.5,107.9,101.7,96.4,96.7,87.3,69.1,45.7,36.9,48.3,46.4,40.2,28.2,19,31.7,57.8,84.6,97,104.6,113.6,121.4,126.3,127.5,125.9,122.9,114.8,103.2,92.2,76.7,61.9,47.4,35.8,32.2,41.8,55,67.8,84.3,96.7,101.7,110.6,120.8,126.5,7255.9,7181.9,82.45340909,81.6125,55,115,3,3
9,2,A,S,2,30.7,630,51,15,34,28,38,38,1.5,0,0,0,90,1610,17,30,54.6,52.1,43.6,34.2,36,42,38.1,33.2,31.7,39.9,57.2,67.1,67.9,68.6,73.1,83.1,93.6,96.8,89.2,72.8,53.4,35.7,26.9,29.8,26.2,20.3,28.7,55.2,80.7,101.3,,,,,,,,,,,,,,,,,,,,,,,,,,,,,,,,,,,,,,,,,,,,,,,,,,,,,,,,,,,,,106.8,106.2,113.2,115.7,120.8,125.1,121.4,117.8,116.6,114,112.3,110.3,98.4,80.1,58,35.9,17.3,14,21.2,30.7,49.6,70.3,93.3,111.7,111.5,101.3,85.6,71.4,62,58.6,,,,,,,,,,,,,,,,,,,,,,,,,,,,,,,,,,,,,,,,,,,,,,,,,,,,,,,,,,,,,FS,O,,2016,6,1,11/12/2003,20.52117264,18.57001813,18.17978723,20.52117264,,,43.6,34.2,36,42,38.1,33.2,31.7,39.9,57.2,67.1,67.9,68.6,73.1,83.1,93.6,96.8,89.2,72.8,53.4,35.7,26.9,29.8,26.2,20.3,28.7,55.2,80.7,101.3,,,,,,,,,,,,,,,,,,,,,,,,,,,,,,,,,,,,,,,,,,,,,,,,,,,,,,,,,,,,,,,113.2,115.7,120.8,125.1,121.4,117.8,116.6,114,112.3,110.3,98.4,80.1,58,35.9,17.3,14,21.2,30.7,49.6,70.3,93.3,111.7,111.5,101.3,85.6,71.4,62,58.6,,,,,,,,,,,,,,,,,,,,,,,,,,,,,,,,,,,,,,,,,,,,,,,,,,,,,,,,,,,,,1526.3,2338.1,54.51071429,83.50357143,55,115,3,3
13,1,A,S,2,90.1,2180,30,25,13,25,62,-113,1.5,0,1,0,90,1610,20,90,53.7,52.4,60.9,64,52,47.6,53.9,59.6,61.2,73.1,91.9,105.2,116,121.6,123.7,123.7,120.8,118.5,113.7,107.5,96,80.4,62.6,47.3,42.8,47.2,55.7,65.7,71.6,88.1,92.5,91.2,92.7,111.9,124.9,120.2,111.7,96.2,78.7,70.5,83.1,81.6,71.4,56.9,45.1,39.1,31.7,19,25.8,56.4,90.1,115.1,122.6,116,104.9,106.6,103.7,92.9,70.6,46.8,26.7,17.1,28.2,45.1,43.1,40.7,44.4,54.4,71,85.8,97.8,106.7,114.6,118.9,123.6,121.9,120.9,117.5,112.4,103.6,93.7,87.3,78.5,67.6,55,47.4,42.6,42.2,47.3,63.6,106.1,105.6,101.8,83.8,70.7,73.8,102.1,114.2,111.3,105.7,95.8,81.9,67.9,53.4,42.4,40.1,39.2,45.3,59.2,75.8,88.3,101.4,113.4,121.6,127.6,127.7,125.5,120.1,104.5,92.6,78.3,56.2,29.5,28.8,44.7,39.5,28.7,18.5,29,66.1,95.7,100.5,103.8,114.9,123.5,124,115.2,95,65.4,30.6,9.1,31.2,43.9,47.5,55.9,74.4,79.2,76.2,72.3,62.4,62.7,75.1,98.5,122.5,125.1,125.9,124.6,118.2,106.5,99.7,90.3,78.9,68,55.2,46.3,37.7,38,46.4,58,69.2,83.4,93.3,105.7,115.5,119,123.8,127.1,125.9,121.2,109.1,TT,O,,2016,1,1,11/11/2003,24.19533851,23.66220708,23.56077227,24.16938111,,52.4,60.9,64,52,47.6,53.9,59.6,61.2,73.1,91.9,105.2,116,121.6,123.7,123.7,120.8,118.5,113.7,107.5,96,80.4,62.6,47.3,42.8,47.2,55.7,65.7,71.6,88.1,92.5,91.2,92.7,111.9,124.9,120.2,111.7,96.2,78.7,70.5,83.1,81.6,71.4,56.9,45.1,39.1,31.7,19,25.8,56.4,90.1,115.1,122.6,116,104.9,106.6,103.7,92.9,70.6,46.8,26.7,17.1,28.2,45.1,43.1,40.7,44.4,54.4,71,85.8,97.8,106.7,114.6,118.9,123.6,121.9,120.9,117.5,112.4,103.6,93.7,87.3,78.5,67.6,55,47.4,42.6,42.2,47.3,63.6,,105.6,101.8,83.8,70.7,73.8,102.1,114.2,111.3,105.7,95.8,81.9,67.9,53.4,42.4,40.1,39.2,45.3,59.2,75.8,88.3,101.4,113.4,121.6,127.6,127.7,125.5,120.1,104.5,92.6,78.3,56.2,29.5,28.8,44.7,39.5,28.7,18.5,29,66.1,95.7,100.5,103.8,114.9,123.5,124,115.2,95,65.4,30.6,9.1,31.2,43.9,47.5,55.9,74.4,79.2,76.2,72.3,62.4,62.7,75.1,98.5,122.5,125.1,125.9,124.6,118.2,106.5,99.7,90.3,78.9,68,55.2,46.3,37.7,38,46.4,58,69.2,83.4,93.3,105.7,115.5,119,123.8,127.1,125.9,121.2,109.1,7014.2,7303.5,78.81123596,82.06179775,55,115,2,2
14,1,A,W,2,8.6,145,14,1,38,28,34,-35,1.5,2,0,0,90,1610,20,8,114.6,113,114.1,110.3,99.7,87.2,65.2,23.9,,,,,,,,,,,,,,,,,,,,,,,,,,,,,,,,,,,,,,,,,,,,,,,,,,,,,,,,,,,,,,,,,,,,,,,,,,,,,,,,,,,63.8,60.4,64.2,59.5,45.7,38.6,38.6,64.9,,,,,,,,,,,,,,,,,,,,,,,,,,,,,,,,,,,,,,,,,,,,,,,,,,,,,,,,,,,,,,,,,,,,,,,,,,,,,,,,,,,TT,O,,2016,2,1,11/11/2003,16.86046512,23.66220708,23.56077227,24.16938111,,,,,99.7,87.2,65.2,23.9,,,,,,,,,,,,,,,,,,,,,,,,,,,,,,,,,,,,,,,,,,,,,,,,,,,,,,,,,,,,,,,,,,,,,,,,,,,,,,,,,,,,,,,45.7,38.6,38.6,64.9,,,,,,,,,,,,,,,,,,,,,,,,,,,,,,,,,,,,,,,,,,,,,,,,,,,,,,,,,,,,,,,,,,,,,,,,,,,,,,,,,,,276,187.8,69,46.95,115,55,5,5
15,1,A,N,2,90.1,2304,26,23,2,36,62,-22,1.5,0,0,0,90,1610,20,90,107.7,100,78.6,49,21.5,23.5,43.2,46.2,55.8,71.1,96.1,111.8,114.7,118.3,120.9,118.2,113.4,104.9,95.2,81.9,71.9,65.1,54.2,43.6,41.7,45.1,52.5,72.7,89,101.1,109.5,115.6,119.8,120.2,118.2,113.1,105.5,94.8,85.6,76.9,65.3,56.3,46.1,43,44.2,55.4,76.8,89.6,104.2,108.9,111.8,119.4,124.1,119.8,117.5,114.5,107.8,101.6,92.6,86.2,76.1,68.7,61.1,42,26.5,28.7,52.4,76.8,88,102.1,105,99,93.4,86.6,75,60.2,48.3,41.6,41.6,51.4,59.6,73.1,85.6,92.7,102.3,113.3,115.3,117.6,117.8,117.6,52.5,52.8,53.3,63.1,84.4,108.3,125.3,120.1,102.5,87.7,79.1,70.6,55.1,40.9,36.3,40.7,52.8,66.5,78.9,91.3,104.5,118.1,121.6,123,126.8,124.6,117.1,105.7,94.8,82.3,67.8,52.9,40.6,35.5,43,55.2,68.8,81.9,91.1,104.8,117.3,121.8,125.3,127.8,124,115.5,105.3,93.5,85.2,74.3,61.4,51,43.9,34.8,39.4,52.6,65.9,76.9,85.8,97.4,106.8,115.1,120.3,114.8,109.3,108.4,109.3,103.6,90.3,81.2,79.8,79.6,81.1,93.7,105.4,112.9,121.4,125.7,124.9,124,116.1,109,99.4,83,67.2,56.4,45.3,36,33.2,39.9,TT,O,,2016,3,1,11/11/2003,25.57158713,23.66220708,23.56077227,24.16938111,,,,,21.5,23.5,43.2,46.2,55.8,71.1,96.1,111.8,114.7,118.3,120.9,118.2,113.4,104.9,95.2,81.9,71.9,65.1,54.2,43.6,41.7,45.1,52.5,72.7,89,101.1,109.5,115.6,119.8,120.2,118.2,113.1,105.5,94.8,85.6,76.9,65.3,56.3,46.1,43,44.2,55.4,76.8,89.6,104.2,108.9,111.8,119.4,124.1,119.8,117.5,114.5,107.8,101.6,92.6,86.2,76.1,68.7,61.1,42,26.5,28.7,52.4,76.8,88,102.1,105,99,93.4,86.6,75,60.2,48.3,41.6,41.6,51.4,59.6,73.1,85.6,92.7,102.3,113.3,115.3,117.6,117.8,117.6,,,,,84.4,108.3,125.3,120.1,102.5,87.7,79.1,70.6,55.1,40.9,36.3,40.7,52.8,66.5,78.9,91.3,104.5,118.1,121.6,123,126.8,124.6,117.1,105.7,94.8,82.3,67.8,52.9,40.6,35.5,43,55.2,68.8,81.9,91.1,104.8,117.3,121.8,125.3,127.8,124,115.5,105.3,93.5,85.2,74.3,61.4,51,43.9,34.8,39.4,52.6,65.9,76.9,85.8,97.4,106.8,115.1,120.3,114.8,109.3,108.4,109.3,103.6,90.3,81.2,79.8,79.6,81.1,93.7,105.4,112.9,121.4,125.7,124.9,124,116.1,109,99.4,83,67.2,56.4,45.3,36,33.2,39.9,7137.3,7492.8,82.99186047,87.1255814,115,55,5,5
13,2,A,N,2,90.1,2341,21,30,0,35,65,84,1.5,0,0,0,90,1610,20,90,109.7,110.2,110,115,123.4,120.2,114.9,106,93.4,77.4,54.5,43.4,43.9,45.2,57,73.3,83.9,95.4,106.2,112.4,117.7,119.4,116.8,112.2,108.5,102.5,93.2,76.2,58.9,46.1,40.9,41.3,50.3,67.6,83.5,87.8,91,100.7,111.2,118.5,121.4,121,117.3,110.4,101.8,92.5,77.3,57.4,43.7,42.6,45.1,55.8,70.3,78,83.3,89.3,101.6,113.8,117.6,119.3,122,121.4,117.3,110.7,101.9,90.8,80.2,66.5,53.6,42.8,39.1,44.4,52,60.8,75.4,90.3,98.4,105,106.5,109,115.4,123,118.9,110.4,97.7,85.7,81.7,76.5,62.9,54.6,57.1,51.7,44.5,35.5,40.3,47.5,60.9,77.2,87.9,102.6,116.3,123.5,128.7,122.8,117.5,112.3,99.5,83.9,69.7,55.2,44.4,35,35.3,44.7,65.6,81.9,88.8,95.9,107.9,122.9,126,122.5,115.1,109.5,103.8,91.4,75.3,58.7,48.7,39.7,36.3,41.3,54.1,67.9,78.2,91.3,103.4,113.5,121.2,127.6,124.4,120.4,117,108.2,96.1,78.2,62.4,53.5,43.4,35.3,39.5,49.5,59.9,71.3,82,93.2,100.4,105.8,119.3,121.9,124.2,125.5,121.3,111.4,101.7,91.1,75.8,64.4,49.8,33.8,31.4,40.3,43.2,45.6,48.7,66.5,90.8,104.7,109.7,113.3,TT,O,,2016,4,1,11/12/2003,25.98224195,23.66220708,23.56077227,24.16938111,,,,,123.4,120.2,114.9,106,93.4,77.4,54.5,43.4,43.9,45.2,57,73.3,83.9,95.4,106.2,112.4,117.7,119.4,116.8,112.2,108.5,102.5,93.2,76.2,58.9,46.1,40.9,41.3,50.3,67.6,83.5,87.8,91,100.7,111.2,118.5,121.4,121,117.3,110.4,101.8,92.5,77.3,57.4,43.7,42.6,45.1,55.8,70.3,78,83.3,89.3,101.6,113.8,117.6,119.3,122,121.4,117.3,110.7,101.9,90.8,80.2,66.5,53.6,42.8,39.1,44.4,52,60.8,75.4,90.3,98.4,105,106.5,109,115.4,123,118.9,110.4,97.7,85.7,81.7,76.5,62.9,54.6,,,,,40.3,47.5,60.9,77.2,87.9,102.6,116.3,123.5,128.7,122.8,117.5,112.3,99.5,83.9,69.7,55.2,44.4,35,35.3,44.7,65.6,81.9,88.8,95.9,107.9,122.9,126,122.5,115.1,109.5,103.8,91.4,75.3,58.7,48.7,39.7,36.3,41.3,54.1,67.9,78.2,91.3,103.4,113.5,121.2,127.6,124.4,120.4,117,108.2,96.1,78.2,62.4,53.5,43.4,35.3,39.5,49.5,59.9,71.3,82,93.2,100.4,105.8,119.3,121.9,124.2,125.5,121.3,111.4,101.7,91.1,75.8,64.4,49.8,33.8,31.4,40.3,43.2,45.6,48.7,66.5,90.8,104.7,109.7,113.3,7469.2,7168.6,86.85116279,83.35581395,115,55,5,5
14,2,A,E,2,90.1,2270,19,28,6,68,26,87,1.5,0,2,0,90,1610,20,90,66.2,70.6,80.6,90.4,102,107.4,112.1,111.8,108.2,102.5,91.4,75.1,61.5,45.7,40.7,45.3,51.8,61,72.7,86,94.9,102.3,109.1,115.7,116.2,114.4,110.4,106.1,100.9,89.5,76.3,50.4,34.2,35.2,45.5,53.5,61,72.9,88.1,96.9,100.5,102.6,107.6,107.6,101.3,93,85.9,66.8,42.9,23.4,25.4,45.6,51,54,63,79.3,96.9,104.2,104.7,103.8,97.9,89.6,104.4,116.8,112.8,112.1,115.5,117.3,113.2,103,93.3,77.9,63.2,47.1,29.3,14.7,25.7,54.6,74.1,85.2,89.2,88.8,84.9,81.9,79.2,74,79.6,94.1,96,92.5,111.5,100,86.2,67.9,51.4,40.3,29.1,33.5,45.9,65,81.1,93.3,106.9,119.5,125.2,127.4,123.4,116.1,105.7,94.1,78.1,60.6,44.7,34.1,31.8,37.8,49.5,70.7,83,89.5,96.3,104.7,111.9,119.9,122.2,115.3,102.1,88,75,59.7,47.6,28.4,23.2,33.6,44.6,58.1,75.6,90,93,98.3,110,122.5,116.5,102.9,87.5,74.1,64.2,51.9,39.8,23.7,15.6,29.3,60.6,66.3,51.2,35.4,30.6,37.4,46.4,53.9,61.5,74.4,89.8,102.4,101,98.1,99,107.8,105.1,96.4,82.4,64.1,42.1,17,12,36.1,64.1,70.2,63,54.9,TT,O,,2016,5,1,11/12/2003,25.19422864,23.66220708,23.56077227,24.16938111,,70.6,80.6,90.4,102,107.4,112.1,111.8,108.2,102.5,91.4,75.1,61.5,45.7,40.7,45.3,51.8,61,72.7,86,94.9,102.3,109.1,115.7,116.2,114.4,110.4,106.1,100.9,89.5,76.3,50.4,34.2,35.2,45.5,53.5,61,72.9,88.1,96.9,100.5,102.6,107.6,107.6,101.3,93,85.9,66.8,42.9,23.4,25.4,45.6,51,54,63,79.3,96.9,104.2,104.7,103.8,97.9,89.6,104.4,116.8,112.8,112.1,115.5,117.3,113.2,103,93.3,77.9,63.2,47.1,29.3,14.7,25.7,54.6,74.1,85.2,89.2,88.8,84.9,81.9,79.2,74,79.6,94.1,96,92.5,,100,86.2,67.9,51.4,40.3,29.1,33.5,45.9,65,81.1,93.3,106.9,119.5,125.2,127.4,123.4,116.1,105.7,94.1,78.1,60.6,44.7,34.1,31.8,37.8,49.5,70.7,83,89.5,96.3,104.7,111.9,119.9,122.2,115.3,102.1,88,75,59.7,47.6,28.4,23.2,33.6,44.6,58.1,75.6,90,93,98.3,110,122.5,116.5,102.9,87.5,74.1,64.2,51.9,39.8,23.7,15.6,29.3,60.6,66.3,51.2,35.4,30.6,37.4,46.4,53.9,61.5,74.4,89.8,102.4,101,98.1,99,107.8,105.1,96.4,82.4,64.1,42.1,17,12,36.1,64.1,70.2,63,54.9,7257.7,6440.5,81.54719101,72.36516854,55,115,2,2
15,2,A,S,2,30.7,742,33,27,9,67,24,37,1.5,0,0,0,90,1610,20,30,46.1,32.1,24.9,36.8,58.1,73.2,81.3,86.6,89,95.6,99.1,98.4,93.7,83.1,73.1,62.6,45.2,34.8,36.5,45.7,51.8,57.1,62.5,70,77.4,88.1,99.4,111.1,118.3,118.8,,,,,,,,,,,,,,,,,,,,,,,,,,,,,,,,,,,,,,,,,,,,,,,,,,,,,,,,,,,,,112.8,112.2,109.2,107.2,105.5,95.9,78.4,60.2,39,20.5,18.8,30.6,47.6,61.6,82.2,97.5,105,111.9,121.7,127.6,126.2,120.7,110.1,97.7,80.8,63.3,48.4,40,36.7,33.7,,,,,,,,,,,,,,,,,,,,,,,,,,,,,,,,,,,,,,,,,,,,,,,,,,,,,,,,,,,,,FS,O,,2016,6,1,11/12/2003,24.16938111,23.66220708,23.56077227,24.16938111,,32.1,24.9,36.8,58.1,73.2,81.3,86.6,89,95.6,99.1,98.4,93.7,83.1,73.1,62.6,45.2,34.8,36.5,45.7,51.8,57.1,62.5,70,77.4,88.1,99.4,111.1,118.3,118.8,,,,,,,,,,,,,,,,,,,,,,,,,,,,,,,,,,,,,,,,,,,,,,,,,,,,,,,,,,,,,,112.2,109.2,107.2,105.5,95.9,78.4,60.2,39,20.5,18.8,30.6,47.6,61.6,82.2,97.5,105,111.9,121.7,127.6,126.2,120.7,110.1,97.7,80.8,63.3,48.4,40,36.7,33.7,,,,,,,,,,,,,,,,,,,,,,,,,,,,,,,,,,,,,,,,,,,,,,,,,,,,,,,,,,,,,2104.3,2290.2,72.56206897,78.97241379,55,115,2,2
16,1,A,S,2,90.1,1636,44,13,7,51,42,13,1.5,1,0,0,90,1610,23,90,49.4,46.4,44.1,41.9,39.9,41.9,41.4,38.1,36.8,34.8,33.3,31.9,30.3,27.3,26.8,28.2,27.5,41.7,51.4,50.1,65.5,82.5,94.4,106.4,111.9,120.6,120.9,119.6,118.7,112.4,104.3,89.9,69.6,54.6,70.4,69.4,73.2,73.9,71.7,66.5,59,47.3,33.9,29.9,39.9,40.5,39.2,35,26.7,18.3,11.1,24.2,38.7,37.8,36.9,36.8,50.1,74.9,100.2,98.5,96.9,92.9,89.8,87.2,95.7,91.5,79.4,68.2,57.5,48.5,43.2,44.4,46.4,59,69.8,78.9,88.5,95.6,104.9,110.7,118,120.6,122.8,120.4,117.4,116.2,111.2,110.5,98.2,98.2,106.1,105.4,105.5,105.8,106.5,103.3,101,101,99.8,99.3,99.6,99.7,99.6,98.6,97.8,99.6,101.3,104,112.1,107.6,107.5,100,90.5,79.8,64.2,52.6,39.3,35.1,43.9,52.6,61.3,68.1,71.8,91.6,116.7,112.6,106.9,92.3,77.1,58.2,35.1,41.6,69.8,98.1,119,121.2,124.1,118.5,102.5,92.5,93.7,109.4,123.7,121.8,112.2,93.1,72.8,68.2,80.5,85.6,81.6,68.9,64.2,68.2,83.7,86.4,95.5,109.5,116.3,120.1,126.5,128.9,122.9,122.1,117.9,110.9,100.2,86.4,73.8,58.9,47.8,39.5,37.8,40,47.6,55.7,57.2,57.6,43.6,44.3,TT,O,,2016,1,1,11/11/2003,18.15760266,12.94806182,13.03440622,12.51633987,,,,41.9,39.9,41.9,41.4,38.1,36.8,34.8,33.3,31.9,30.3,27.3,26.8,28.2,27.5,41.7,51.4,50.1,65.5,82.5,94.4,106.4,111.9,120.6,120.9,119.6,118.7,112.4,104.3,89.9,69.6,54.6,70.4,69.4,73.2,73.9,71.7,66.5,59,47.3,33.9,29.9,39.9,40.5,39.2,35,26.7,18.3,11.1,24.2,38.7,37.8,36.9,36.8,50.1,74.9,100.2,98.5,96.9,92.9,89.8,87.2,95.7,91.5,79.4,68.2,57.5,48.5,43.2,44.4,46.4,59,69.8,78.9,88.5,95.6,104.9,110.7,118,120.6,122.8,120.4,117.4,116.2,111.2,110.5,98.2,98.2,,,,105.8,106.5,103.3,101,101,99.8,99.3,99.6,99.7,99.6,98.6,97.8,99.6,101.3,104,112.1,107.6,107.5,100,90.5,79.8,64.2,52.6,39.3,35.1,43.9,52.6,61.3,68.1,71.8,91.6,116.7,112.6,106.9,92.3,77.1,58.2,35.1,41.6,69.8,98.1,119,121.2,124.1,118.5,102.5,92.5,93.7,109.4,123.7,121.8,112.2,93.1,72.8,68.2,80.5,85.6,81.6,68.9,64.2,68.2,83.7,86.4,95.5,109.5,116.3,120.1,126.5,128.9,122.9,122.1,117.9,110.9,100.2,86.4,73.8,58.9,47.8,39.5,37.8,40,47.6,55.7,57.2,57.6,43.6,44.3,5981.1,7556.1,68.74827586,86.85172414,55,115,4,4
17,1,A,W,2,90.1,1474,33,19,15,23,62,26,1.5,0,0,0,90,1610,23,90,115.6,106,105.3,96.6,70.3,51.1,49.4,66.2,72.4,73.8,67.4,49.7,23.4,15.4,33.6,40.1,40.5,43.1,41.6,34.7,26.4,34.8,56,71,96.7,120,118.3,115,110.9,110.1,106.5,104.8,106.6,111.9,108.4,102,99.2,88.3,76.9,59.5,47.8,41.7,42.6,41.1,38.5,35.6,32.5,33.4,44.6,51.4,60,69.2,77.2,86.5,94.1,99.6,103.8,108,113.2,118.2,120.4,122.6,121.2,116.9,115.2,111.1,106.8,107.3,110.3,108.7,105.1,99.7,93,88.2,83,82.1,78.6,74.9,71.1,66.8,59.5,51.2,44.8,40,37.2,40.6,47.2,52.6,59.6,64.6,64.2,53.4,55.5,59.8,48.9,42.4,39.4,33.1,29.8,24.4,19.6,37.1,67.4,92.5,117.1,125.3,126,127.9,123.2,111,87.9,59.7,31.4,19.4,38.7,59,57.8,60.8,63.5,71,77.2,78.7,76.6,74,69.7,68,70,80.9,98.1,106,111.1,123.3,128,125.7,123.3,120.7,117.8,118.4,126.3,125.8,123.5,119.4,112.6,103.9,94,84.4,71.1,57.2,49.6,46.1,41.6,39.1,36.1,32.1,29.9,27.9,34.1,50.7,69,73.7,74,81.4,88.5,93.8,96.9,96.9,95.8,101,106.8,109.7,113.9,118.2,123.1,121.8,121.6,125.9,128.4,127.2,125.5,122.8,TT,O,,2016,2,1,11/11/2003,16.35960044,12.94806182,13.03440622,12.51633987,,,,,,,,,72.4,73.8,67.4,49.7,23.4,15.4,33.6,40.1,40.5,43.1,41.6,34.7,26.4,34.8,56,71,96.7,120,118.3,115,110.9,110.1,106.5,104.8,106.6,111.9,108.4,102,99.2,88.3,76.9,59.5,47.8,41.7,42.6,41.1,38.5,35.6,32.5,33.4,44.6,51.4,60,69.2,77.2,86.5,94.1,99.6,103.8,108,113.2,118.2,120.4,122.6,121.2,116.9,115.2,111.1,106.8,107.3,110.3,108.7,105.1,99.7,93,88.2,83,82.1,78.6,74.9,71.1,66.8,59.5,51.2,44.8,40,37.2,40.6,47.2,52.6,59.6,64.6,,,,,,,,,29.8,24.4,19.6,37.1,67.4,92.5,117.1,125.3,126,127.9,123.2,111,87.9,59.7,31.4,19.4,38.7,59,57.8,60.8,63.5,71,77.2,78.7,76.6,74,69.7,68,70,80.9,98.1,106,111.1,123.3,128,125.7,123.3,120.7,117.8,118.4,126.3,125.8,123.5,119.4,112.6,103.9,94,84.4,71.1,57.2,49.6,46.1,41.6,39.1,36.1,32.1,29.9,27.9,34.1,50.7,69,73.7,74,81.4,88.5,93.8,96.9,96.9,95.8,101,106.8,109.7,113.9,118.2,123.1,121.8,121.6,125.9,128.4,127.2,125.5,122.8,6178.3,7039.3,75.34512195,85.84512195,115,55,9,9
18,1,A,N,2,90.1,1459,15,36,8,25,67,61,1.5,0,1,0,90,1610,23,90,110.4,105.1,102.8,91.9,74.3,61.2,54.1,55.3,66,61.2,57.2,54.8,50.9,41.1,42,48.1,57.7,71.2,84,91.4,91.5,89.7,87.5,89,97.6,115.2,123.4,117.6,112.1,104.9,93.4,71,59.9,51.5,56.2,59.3,61.3,67.5,73.9,79.1,86.4,90.6,95.2,98.8,102.6,107.2,111.1,114.8,117.1,118.6,116.9,116.8,117.3,119.3,123,120.3,116.8,116.1,116.4,113.2,119.4,123.2,122.1,120,116,115.8,111.2,105.5,99.6,93.6,85.2,76.3,67.1,57.4,48.9,44.3,43.1,45.2,51.7,59.8,68.3,75.8,83.3,91.1,97,101.3,104.1,108.6,112.8,116.5,42.8,38.6,29.5,17.3,23.2,44.1,68.3,96.1,117.2,116.1,114.1,117.6,123.5,123,126.5,121.8,115.5,109,101.9,95.1,91.4,87.1,76.7,61.6,46.2,44.6,48.4,43.4,32.5,20.9,10.8,30,52.6,79.3,108.2,117.6,118.5,118,115.2,108.9,104.5,98.9,92.5,87.2,80.4,72.6,65.3,59.1,52.4,48.1,44.9,41.4,39,36,38,36.3,34.4,36.8,41.2,39.4,49.3,53,50.5,51.3,53.3,63.8,68.1,77.5,84,88,97.6,102.8,107.6,113.5,120.5,126.9,128.5,128.2,127.4,124.9,120.7,114.7,107.3,98.4,88.7,81.5,74.7,69.1,61.1,54.5,TT,O,,2016,3,1,11/11/2003,16.19311876,12.94806182,13.03440622,12.51633987,,,,,,,,,66,61.2,57.2,54.8,50.9,41.1,42,48.1,57.7,71.2,84,91.4,91.5,89.7,87.5,89,97.6,115.2,123.4,117.6,112.1,104.9,93.4,71,59.9,51.5,56.2,59.3,61.3,67.5,73.9,79.1,86.4,90.6,95.2,98.8,102.6,107.2,111.1,114.8,117.1,118.6,116.9,116.8,117.3,119.3,123,120.3,116.8,116.1,116.4,113.2,119.4,123.2,122.1,120,116,115.8,111.2,105.5,99.6,93.6,85.2,76.3,67.1,57.4,48.9,44.3,43.1,45.2,51.7,59.8,68.3,75.8,83.3,91.1,97,101.3,104.1,108.6,112.8,116.5,,,,,,,,,117.2,116.1,114.1,117.6,123.5,123,126.5,121.8,115.5,109,101.9,95.1,91.4,87.1,76.7,61.6,46.2,44.6,48.4,43.4,32.5,20.9,10.8,30,52.6,79.3,108.2,117.6,118.5,118,115.2,108.9,104.5,98.9,92.5,87.2,80.4,72.6,65.3,59.1,52.4,48.1,44.9,41.4,39,36,38,36.3,34.4,36.8,41.2,39.4,49.3,53,50.5,51.3,53.3,63.8,68.1,77.5,84,88,97.6,102.8,107.6,113.5,120.5,126.9,128.5,128.2,127.4,124.9,120.7,114.7,107.3,98.4,88.7,81.5,74.7,69.1,61.1,54.5,7309.9,6629,89.14512195,80.84146342,115,55,9,9
16,2,A,N,2,90.1,329,0,97,65,34,1,76,1.5,0,0,0,90,1610,23,90,109.6,108.8,108.3,108.2,107.9,107.7,107.5,107.3,107.2,107.1,106.6,106.3,106.2,105.4,105.2,104.8,105.3,105,104.7,104.2,103.9,103.7,103.1,102.7,102.1,101.9,101.3,100.7,100.5,100.3,100.1,99.7,99.3,99.1,98.7,98.4,97.9,97.8,97.3,97,96.7,95.8,95.7,95.6,95.3,92.8,94,93.1,92.9,93,90.9,91.9,91.9,90.3,89.8,90.6,90.3,89.3,92.5,90.4,83.9,84.8,85,85.6,86.3,86.5,86.5,86.7,87.3,87.3,87.8,87.7,88,88.2,88.3,88.7,88.5,88.6,88.8,89,89.1,89.2,89.6,89.3,89.4,89.5,89.4,89.3,89.6,89.7,59.1,56.4,54.5,53.2,51.1,49.3,47.9,46,44.6,43,41.4,40.2,39,37.3,35.9,35.3,33.7,32.6,31.6,30.7,29.5,28.7,27.4,26.6,25.8,25,24.2,23.2,22.2,21.5,21.2,20.8,20.2,19.7,19,18.3,17.8,17.2,16.5,16.2,15.6,15.4,14.9,14,14,14.7,13.6,13.6,13.1,12.7,13.5,12.6,12,12.7,13,11.6,11.5,12.2,10.8,10.7,16.7,16.3,16.9,17,16.4,16.8,17.1,17.1,16.2,16.4,16,15.9,15.8,15.2,15.3,15.1,15.1,15.3,15,14.7,14.5,14.5,13.6,14.1,13.9,13.5,13.9,13.7,13.6,13.4,TT,O,,2016,4,1,11/12/2003,3.651498335,12.94806182,13.03440622,12.51633987,,,,,,,,,107.2,107.1,106.6,106.3,106.2,105.4,105.2,104.8,105.3,105,104.7,104.2,103.9,103.7,103.1,102.7,102.1,101.9,101.3,100.7,100.5,100.3,100.1,99.7,99.3,99.1,98.7,98.4,97.9,97.8,97.3,97,96.7,95.8,95.7,95.6,95.3,92.8,94,93.1,92.9,93,90.9,91.9,91.9,90.3,89.8,90.6,90.3,89.3,92.5,90.4,83.9,84.8,85,85.6,86.3,86.5,86.5,86.7,87.3,87.3,87.8,87.7,88,88.2,88.3,88.7,88.5,88.6,88.8,89,89.1,89.2,89.6,89.3,89.4,89.5,89.4,89.3,89.6,89.7,,,,,,,,,44.6,43,41.4,40.2,39,37.3,35.9,35.3,33.7,32.6,31.6,30.7,29.5,28.7,27.4,26.6,25.8,25,24.2,23.2,22.2,21.5,21.2,20.8,20.2,19.7,19,18.3,17.8,17.2,16.5,16.2,15.6,15.4,14.9,14,14,14.7,13.6,13.6,13.1,12.7,13.5,12.6,12,12.7,13,11.6,11.5,12.2,10.8,10.7,16.7,16.3,16.9,17,16.4,16.8,17.1,17.1,16.2,16.4,16,15.9,15.8,15.2,15.3,15.1,15.1,15.3,15,14.7,14.5,14.5,13.6,14.1,13.9,13.5,13.9,13.7,13.6,13.4,7763.9,1607.5,94.68170732,19.60365854,115,55,9,9
17,2,A,E,2,90.1,974,0,52,0,48,52,141,1.5,0,0,0,90,1610,23,90,55.9,66.8,74.2,81.5,89.7,96.3,102.1,108.3,114.1,117.2,118.3,119.8,119.5,116.6,117.5,121.6,123.8,119.9,114.5,124.1,123.5,123.6,123.7,123.4,123.3,122,118.9,118.5,117.7,121.2,120.8,122,123.1,122.6,119.2,119.5,122,122.7,122.7,122.3,122.3,122,121.7,121.6,119.7,117.3,114.5,112.2,110.5,108.4,107.2,105.3,119.8,119.8,115,112.6,112.2,108.6,105.1,102.7,102.4,97.8,96.3,95.1,94,93.2,92,91,90.1,88.2,97.4,104.7,100.4,96.9,97.8,96.5,94.6,92.6,91,89.2,86.7,84.9,82.4,81.7,75.9,73.8,71.6,68.5,66.5,63.8,110.7,116.1,115.3,109,101,91.2,81.7,71.7,59.9,52.6,46.8,43.5,40.1,37.6,36.4,36.6,39.8,36.2,30.6,43.4,43.3,43.2,42.3,39,38.2,40.1,43.4,45.7,41.3,40.7,38.9,38.7,39.3,38.5,35.1,34.6,36.8,38.1,38.8,39.1,40.8,41.3,41.2,42.2,42.7,40.8,38.7,36.9,35.7,34.3,34.3,34.1,53.4,54.6,56.9,58.6,68.4,69.6,67.9,73.5,76.2,66.8,64.8,62.9,61.4,60.3,58.7,57.8,57.5,55.9,69.2,76,81.2,79.6,84.4,87.1,88.8,90.1,91.6,94,90.6,84.1,80,80.7,89.8,98.4,100.7,103.4,104.9,105.8,TT,O,,2016,5,1,11/12/2003,10.81021088,12.94806182,13.03440622,12.51633987,,,,81.5,89.7,96.3,102.1,108.3,114.1,117.2,118.3,119.8,119.5,116.6,117.5,121.6,123.8,119.9,114.5,124.1,123.5,123.6,123.7,123.4,123.3,122,118.9,118.5,117.7,121.2,120.8,122,123.1,122.6,119.2,119.5,122,122.7,122.7,122.3,122.3,122,121.7,121.6,119.7,117.3,114.5,112.2,110.5,108.4,107.2,105.3,119.8,119.8,115,112.6,112.2,108.6,105.1,102.7,102.4,97.8,96.3,95.1,94,93.2,92,91,90.1,88.2,97.4,104.7,100.4,96.9,97.8,96.5,94.6,92.6,91,89.2,86.7,84.9,82.4,81.7,75.9,73.8,71.6,68.5,66.5,63.8,,,,109,101,91.2,81.7,71.7,59.9,52.6,46.8,43.5,40.1,37.6,36.4,36.6,39.8,36.2,30.6,43.4,43.3,43.2,42.3,39,38.2,40.1,43.4,45.7,41.3,40.7,38.9,38.7,39.3,38.5,35.1,34.6,36.8,38.1,38.8,39.1,40.8,41.3,41.2,42.2,42.7,40.8,38.7,36.9,35.7,34.3,34.3,34.1,53.4,54.6,56.9,58.6,68.4,69.6,67.9,73.5,76.2,66.8,64.8,62.9,61.4,60.3,58.7,57.8,57.5,55.9,69.2,76,81.2,79.6,84.4,87.1,88.8,90.1,91.6,94,90.6,84.1,80,80.7,89.8,98.4,100.7,103.4,104.9,105.8,9273,5121.8,106.5862069,58.87126437,55,115,4,4
18,2,A,S,2,30.6,383,17,54,8,71,21,29,1.5,1,0,0,90,1610,23,30,49.6,45.5,29.6,13.3,11.3,36.3,62.6,85.2,92.7,97.9,100.7,99.5,99.1,104,112.6,115.5,115.6,115.2,117.4,120.5,119.2,117.8,115.8,112.4,110.9,111.6,111.7,111.5,110.1,104.9,,,,,,,,,,,,,,,,,,,,,,,,,,,,,,,,,,,,,,,,,,,,,,,,,,,,,,,,,,,,,104.2,106.4,102.3,95.1,87.1,83.3,89.2,99.2,94.8,88.2,83.8,79.5,70.9,62.4,58.1,54.7,51.5,49.3,44.5,40.7,39.2,37.7,36.6,36.2,36.6,34.6,31.9,30.1,26.7,21.2,,,,,,,,,,,,,,,,,,,,,,,,,,,,,,,,,,,,,,,,,,,,,,,,,,,,,,,,,,,,,FS,O,,2016,6,1,11/12/2003,12.51633987,12.94806182,13.03440622,12.51633987,,,,13.3,11.3,36.3,62.6,85.2,92.7,97.9,100.7,99.5,99.1,104,112.6,115.5,115.6,115.2,117.4,120.5,119.2,117.8,115.8,112.4,110.9,111.6,111.7,111.5,110.1,104.9,,,,,,,,,,,,,,,,,,,,,,,,,,,,,,,,,,,,,,,,,,,,,,,,,,,,,,,,,,,,,,,,95.1,87.1,83.3,89.2,99.2,94.8,88.2,83.8,79.5,70.9,62.4,58.1,54.7,51.5,49.3,44.5,40.7,39.2,37.7,36.6,36.2,36.6,34.6,31.9,30.1,26.7,21.2,,,,,,,,,,,,,,,,,,,,,,,,,,,,,,,,,,,,,,,,,,,,,,,,,,,,,,,,,,,,,2625.3,1563.1,97.23333333,57.89259259,55,115,4,4
19,1,A,S,2,90.1,1666,32,20,13,28,59,-14,1.5,1,0,0,90,1610,25,90,52.3,46.8,42.6,41.4,39.8,38.1,35.8,41.9,67.5,88.6,99.8,111.7,119.1,122.5,124,120.1,110.3,96.3,99.4,107,104.1,100.5,89.3,74.6,59.7,53.5,66,73.9,72.9,84.8,97.7,105.8,115.9,120.6,119.5,114.7,111.4,99.4,81.4,54.8,17.4,17.2,40.2,54.4,58.7,66.2,74.9,80.5,78.2,72,68.6,63.6,57.5,47.7,41.8,45.5,44.6,39.9,37.7,40.6,46.6,64.3,84.4,93,92.9,90.2,80.9,67.2,58,46,40.2,41.4,50.3,58.9,57.4,54.1,52.4,50.9,60.2,66.7,68.6,78.1,92.7,103,109.6,117.9,120.3,123.8,124.8,124.7,106.9,103.2,99.9,98.6,96.8,96.5,95.1,101.2,106.2,97.5,85.6,73.1,58.8,45.8,39.4,37.5,35.8,45.8,72.1,71.6,67.2,57,36.2,17.3,31.2,61.5,89.6,102,101.2,97.7,91.8,81.3,71.6,61.4,50.3,38,32.7,25.3,31.6,50,71,87.6,107.9,121.7,121.9,117,114.3,109,105.4,100.5,104.8,115.9,121.8,122.4,122.4,123.5,113.7,97.6,77.5,58.6,42.1,29.9,44.6,67.6,86.7,94.1,101.1,109.4,112.8,110.5,100.5,98.7,101.3,110.3,111.9,111.2,114.2,112.2,113,109.4,107.1,103.7,97.7,87.9,77.5,67.8,55.5,48.9,44.4,40.3,TT,O,,2016,1,1,11/11/2003,18.49056604,17.76498028,18.75771575,12.80130293,,,42.6,41.4,39.8,38.1,35.8,41.9,67.5,88.6,99.8,111.7,119.1,122.5,124,120.1,110.3,96.3,99.4,107,104.1,100.5,89.3,74.6,59.7,53.5,66,73.9,72.9,84.8,97.7,105.8,115.9,120.6,119.5,114.7,111.4,99.4,81.4,54.8,17.4,17.2,40.2,54.4,58.7,66.2,74.9,80.5,78.2,72,68.6,63.6,57.5,47.7,41.8,45.5,44.6,39.9,37.7,40.6,46.6,64.3,84.4,93,92.9,90.2,80.9,67.2,58,46,40.2,41.4,50.3,58.9,57.4,54.1,52.4,50.9,60.2,66.7,68.6,78.1,92.7,103,109.6,117.9,120.3,123.8,124.8,124.7,,,99.9,98.6,96.8,96.5,95.1,101.2,106.2,97.5,85.6,73.1,58.8,45.8,39.4,37.5,35.8,45.8,72.1,71.6,67.2,57,36.2,17.3,31.2,61.5,89.6,102,101.2,97.7,91.8,81.3,71.6,61.4,50.3,38,32.7,25.3,31.6,50,71,87.6,107.9,121.7,121.9,117,114.3,109,105.4,100.5,104.8,115.9,121.8,122.4,122.4,123.5,113.7,97.6,77.5,58.6,42.1,29.9,44.6,67.6,86.7,94.1,101.1,109.4,112.8,110.5,100.5,98.7,101.3,110.3,111.9,111.2,114.2,112.2,113,109.4,107.1,103.7,97.7,87.9,77.5,67.8,55.5,48.9,44.4,40.3,6673.1,7279,75.83068182,82.71590909,55,115,3,3
20,1,A,W,2,20,360,7,37,32,32,36,-87,1.5,1,1,0,90,1610,25,19,116.6,116.8,116.4,124.4,121.5,117.2,107.3,96.9,76.1,66.9,68.7,84.6,88.9,90.5,91.9,86.7,75.9,57.2,32.4,,,,,,,,,,,,,,,,,,,,,,,,,,,,,,,,,,,,,,,,,,,,,,,,,,,,,,,,,,,,,,,,,,,,,,,,66,60.3,48.4,46,37.9,32.1,21.9,12.6,13.4,38.4,65.6,93.2,99.3,99.1,92.9,84,71.2,59.9,61.7,,,,,,,,,,,,,,,,,,,,,,,,,,,,,,,,,,,,,,,,,,,,,,,,,,,,,,,,,,,,,,,,,,,,,,,,TT,O,,2016,2,1,11/11/2003,18,17.76498028,18.75771575,12.80130293,,,,,,117.2,107.3,96.9,76.1,66.9,68.7,84.6,88.9,90.5,91.9,86.7,75.9,57.2,32.4,,,,,,,,,,,,,,,,,,,,,,,,,,,,,,,,,,,,,,,,,,,,,,,,,,,,,,,,,,,,,,,,,,,,,,,,,,,,,32.1,21.9,12.6,13.4,38.4,65.6,93.2,99.3,99.1,92.9,84,71.2,59.9,61.7,,,,,,,,,,,,,,,,,,,,,,,,,,,,,,,,,,,,,,,,,,,,,,,,,,,,,,,,,,,,,,,,,,,,,,,,1141.2,845.3,81.51428571,60.37857143,115,55,6,6
21,1,A,N,2,90.1,1670,38,14,20,34,46,-51,1.5,0,1,0,90,1610,25,90,113,108.1,99,87.7,82,78.8,73.6,65.8,55.7,45.7,42.4,44.5,51.3,63.9,75.9,86.6,91.3,91.3,87.1,85.7,66.7,48.5,30.3,22.5,39.8,65.6,90,98.4,99.9,103.5,106.6,109.7,109.3,105.7,101.3,92.2,78.7,61.2,39.5,21.3,21.4,37,42.7,44.6,47.7,50,50.7,52.8,57.5,62.3,71.1,85.4,103.3,116.3,114.3,109.3,104.9,92.6,77,61.5,53.5,49.3,41.7,33.6,33.8,38,41.2,38.9,37,37.2,37.8,38.7,33.1,22.6,24,36.8,47.8,54.1,59.2,60.4,58.8,58.3,46.8,30.7,18.7,28.4,50.1,61.7,64.5,62.6,61.5,64.7,66.9,74.1,91.5,106.4,109.3,117.3,122.7,124.8,127.4,126.1,121.7,113.5,105.9,100,95.7,91.8,92.2,94.4,95,85.8,73.2,65.1,66.8,74.2,84.1,87.7,81.1,71.3,61.1,49.6,35.6,22.4,19.4,32,44.2,63.4,84.9,95.3,106.6,120.8,126,126.8,127.3,127.6,124.3,117.4,108.2,93.6,77.8,63.4,55.1,53.8,46.6,37.3,27.2,11,9.5,32.7,61.6,87.8,102.5,111.3,118.7,123.5,125.8,119.9,112.1,100.6,86.7,80.9,71.3,74.3,94.7,109.5,120,123,118.1,109.5,102.5,99.1,87.4,77.7,69.9,75.5,95.4,108.7,113.8,112.1,TT,O,,2016,3,1,11/11/2003,18.53496115,17.76498028,18.75771575,12.80130293,,,,,,78.8,73.6,65.8,55.7,45.7,42.4,44.5,51.3,63.9,75.9,86.6,91.3,91.3,87.1,85.7,66.7,48.5,30.3,22.5,39.8,65.6,90,98.4,99.9,103.5,106.6,109.7,109.3,105.7,101.3,92.2,78.7,61.2,39.5,21.3,21.4,37,42.7,44.6,47.7,50,50.7,52.8,57.5,62.3,71.1,85.4,103.3,116.3,114.3,109.3,104.9,92.6,77,61.5,53.5,49.3,41.7,33.6,33.8,38,41.2,38.9,37,37.2,37.8,38.7,33.1,22.6,24,36.8,47.8,54.1,59.2,60.4,58.8,58.3,46.8,30.7,18.7,28.4,50.1,61.7,64.5,62.6,,,,,,106.4,109.3,117.3,122.7,124.8,127.4,126.1,121.7,113.5,105.9,100,95.7,91.8,92.2,94.4,95,85.8,73.2,65.1,66.8,74.2,84.1,87.7,81.1,71.3,61.1,49.6,35.6,22.4,19.4,32,44.2,63.4,84.9,95.3,106.6,120.8,126,126.8,127.3,127.6,124.3,117.4,108.2,93.6,77.8,63.4,55.1,53.8,46.6,37.3,27.2,11,9.5,32.7,61.6,87.8,102.5,111.3,118.7,123.5,125.8,119.9,112.1,100.6,86.7,80.9,71.3,74.3,94.7,109.5,120,123,118.1,109.5,102.5,99.1,87.4,77.7,69.9,75.5,95.4,108.7,113.8,112.1,5232,7528.3,61.55294118,88.56823529,115,55,6,6
19,2,A,N,2,26.9,548,26,2,8,33,59,-44,1.5,1,0,0,90,1610,25,26,112.4,112.3,112.2,109.4,102.9,89.6,73.7,64.7,61,50.5,40.9,43.1,47.2,58.9,68.1,76.9,81.7,91.3,108.5,120.3,118.3,114.4,104.7,92.6,61.8,32.4,,,,,,,,,,,,,,,,,,,,,,,,,,,,,,,,,,,,,,,,,,,,,,,,,,,,,,,,,,,,,,,,,62.9,63.5,63.6,63,64.3,71.9,85.1,107.2,121.1,123.5,124.1,127.1,124,114.9,109,101.4,85.2,67.2,58.9,61,61.7,66,67.7,71.7,75.4,79.2,,,,,,,,,,,,,,,,,,,,,,,,,,,,,,,,,,,,,,,,,,,,,,,,,,,,,,,,,,,,,,,,,TT,O,,2016,4,1,11/12/2003,20.37174721,17.76498028,18.75771575,12.80130293,,,,,,89.6,73.7,64.7,61,50.5,40.9,43.1,47.2,58.9,68.1,76.9,81.7,91.3,108.5,120.3,118.3,114.4,104.7,92.6,61.8,32.4,,,,,,,,,,,,,,,,,,,,,,,,,,,,,,,,,,,,,,,,,,,,,,,,,,,,,,,,,,,,,,,,,,,,,,71.9,85.1,107.2,121.1,123.5,124.1,127.1,124,114.9,109,101.4,85.2,67.2,58.9,61,61.7,66,67.7,71.7,75.4,79.2,,,,,,,,,,,,,,,,,,,,,,,,,,,,,,,,,,,,,,,,,,,,,,,,,,,,,,,,,,,,,,,,,1600.6,1903.3,76.21904762,90.63333333,115,55,6,6
20,2,A,E,2,69,1269,38,22,10,50,40,73,1.5,1,0,0,90,1610,25,68,61.4,60.9,60.9,62.3,63.1,57.7,54.1,35.2,14.5,22.3,37.5,45.9,43.7,37.3,35.7,46.4,64.5,75.7,79.8,85.2,93.2,106.4,121.2,120.2,115.4,111.3,105.9,101.5,102.2,103.3,100,91.3,75.7,59,42.9,39.5,42.3,47.8,51.3,56.1,59.7,63.1,70,81,96.2,111,112.7,113.9,112.5,112.2,110.3,108.1,104.6,103.1,105.3,106,97.5,85.7,71.1,49.7,28.7,13.9,14.1,21.7,24.5,25.3,27.6,23.8,,,,,,,,,,,,,,,,,,,,,,,119.7,119.1,118.8,120.3,114.7,101.4,95.2,80.1,76.6,92.7,111.3,123.5,124.4,122.4,118.9,118.1,118.1,110.7,94.7,75.1,54.4,39.6,39.9,35.6,30.7,34.2,47.2,66.3,81.7,82.2,84,86.2,91.8,100.2,111.6,122.1,127.1,127.7,124.4,120,111,98,84.5,72.1,61.8,62.8,62.3,57.7,52,43.4,29.6,23.1,23.3,35,49.3,63.1,69.9,71.2,74.3,83,90.5,95.4,97.4,95.5,86.1,77.4,74.1,65.9,,,,,,,,,,,,,,,,,,,,,,,TT,O,,2016,5,1,11/12/2003,18.39130435,17.76498028,18.75771575,12.80130293,,,60.9,62.3,63.1,57.7,54.1,35.2,14.5,22.3,37.5,45.9,43.7,37.3,35.7,46.4,64.5,75.7,79.8,85.2,93.2,106.4,121.2,120.2,115.4,111.3,105.9,101.5,102.2,103.3,100,91.3,75.7,59,42.9,39.5,42.3,47.8,51.3,56.1,59.7,63.1,70,81,96.2,111,112.7,113.9,112.5,112.2,110.3,108.1,104.6,103.1,105.3,106,97.5,85.7,71.1,49.7,28.7,13.9,14.1,21.7,24.5,25.3,27.6,23.8,,,,,,,,,,,,,,,,,,,,,,,,,118.8,120.3,114.7,101.4,95.2,80.1,76.6,92.7,111.3,123.5,124.4,122.4,118.9,118.1,118.1,110.7,94.7,75.1,54.4,39.6,39.9,35.6,30.7,34.2,47.2,66.3,81.7,82.2,84,86.2,91.8,100.2,111.6,122.1,127.1,127.7,124.4,120,111,98,84.5,72.1,61.8,62.8,62.3,57.7,52,43.4,29.6,23.1,23.3,35,49.3,63.1,69.9,71.2,74.3,83,90.5,95.4,97.4,95.5,86.1,77.4,74.1,65.9,,,,,,,,,,,,,,,,,,,,,,,4661.6,5433.6,70.63030303,82.32727273,55,115,3,3
21,2,A,S,2,30.7,393,13,2,8,29,63,47,1.5,0,0,0,90,1610,25,30,60.1,55.7,43.5,43.7,54.2,68.2,83.9,86,83.5,72.6,56.7,51.6,59.5,77.2,98.8,114.1,112.2,110,109.6,110.4,104.7,100.7,95.8,92.2,91.3,89.9,87.4,86.8,70.9,57.8,,,,,,,,,,,,,,,,,,,,,,,,,,,,,,,,,,,,,,,,,,,,,,,,,,,,,,,,,,,,,112.5,112,107.9,96.8,89.2,88.4,95.8,99.2,98.8,96.3,89.2,77.3,63.5,52.4,57,69.8,72.6,71.9,70.2,70,74.4,79.8,90.8,94.3,94.5,92.6,93.3,95,98.7,98.5,,,,,,,,,,,,,,,,,,,,,,,,,,,,,,,,,,,,,,,,,,,,,,,,,,,,,,,,,,,,,FS,O,,2016,6,1,11/12/2003,12.80130293,17.76498028,18.75771575,12.80130293,,,,43.7,54.2,68.2,83.9,86,83.5,72.6,56.7,51.6,59.5,77.2,98.8,114.1,112.2,110,109.6,110.4,104.7,100.7,95.8,92.2,91.3,89.9,87.4,86.8,70.9,57.8,,,,,,,,,,,,,,,,,,,,,,,,,,,,,,,,,,,,,,,,,,,,,,,,,,,,,,,,,,,,,,,,96.8,89.2,88.4,95.8,99.2,98.8,96.3,89.2,77.3,63.5,52.4,57,69.8,72.6,71.9,70.2,70,74.4,79.8,90.8,94.3,94.5,92.6,93.3,95,98.7,98.5,,,,,,,,,,,,,,,,,,,,,,,,,,,,,,,,,,,,,,,,,,,,,,,,,,,,,,,,,,,,,2269.7,2270.3,84.06296296,84.08518519,55,115,4,4
22,1,A,S,2,90.1,1982,25,16,12,36,52,-112,1.5,0,1,0,90,1610,30,90,57.7,58.5,57.6,57.8,59,57.5,54.2,59.4,68.7,75.9,81.7,90.4,100.1,97.3,91.3,76.6,59.3,53.8,46.8,23.3,29.8,67.9,93.3,97.5,91.8,84.1,73.4,45.7,19.2,30.5,66,97,107.3,104.7,98.1,90.4,77.8,67.3,46.2,42.5,41.3,28.1,22.1,51.9,88.8,118.6,121.9,119.4,117.5,113.4,110.5,113.6,109.7,105.1,108.9,116.8,115.4,109,101,91.5,80.2,71.2,55.6,31.7,33.3,42.3,40.9,37.8,49.9,76.4,98,107.8,115.3,119.1,117.4,114,109.5,100.8,91.2,96.2,99.7,96.4,87,71.2,38.8,18.2,40.2,48.2,45.5,38.9,105.8,104.8,103.8,103.5,103.1,103.9,102.8,101.8,85.3,53.4,14,33.5,70.7,78.2,87.5,95.3,111.5,121.9,122,107,94.4,92.9,95.1,90.6,91.9,97.5,103.8,97.1,79.8,68.3,71.1,74.5,72.8,76.2,79,85.7,103.7,112.5,112.3,125,126.1,113.1,86.4,58.2,46.9,58.3,58.2,53.8,58.4,62.7,72.8,74.4,60.9,35.3,24.7,40.4,53.3,60.5,76.8,91.2,102.2,106.5,108.1,107.3,118.2,126.7,124.4,113.1,101.2,92.5,91.4,84,72.8,67.8,67,69.4,73.1,70.6,57.1,45.5,36.5,25.1,15.8,19.2,47.1,83,115.9,126.2,125.2,121.5,TT,O,,2016,1,1,11/11/2003,21.99778024,19.3305688,19.56031893,18.18181818,,,57.6,57.8,59,57.5,54.2,59.4,68.7,75.9,81.7,90.4,100.1,97.3,91.3,76.6,59.3,53.8,46.8,23.3,29.8,67.9,93.3,97.5,91.8,84.1,73.4,45.7,19.2,30.5,66,97,107.3,104.7,98.1,90.4,77.8,67.3,46.2,42.5,41.3,28.1,22.1,51.9,88.8,118.6,121.9,119.4,117.5,113.4,110.5,113.6,109.7,105.1,108.9,116.8,115.4,109,101,91.5,80.2,71.2,55.6,31.7,33.3,42.3,40.9,37.8,49.9,76.4,98,107.8,115.3,119.1,117.4,114,109.5,100.8,91.2,96.2,99.7,96.4,87,71.2,38.8,18.2,40.2,48.2,45.5,38.9,,,103.8,103.5,103.1,103.9,102.8,101.8,85.3,53.4,14,33.5,70.7,78.2,87.5,95.3,111.5,121.9,122,107,94.4,92.9,95.1,90.6,91.9,97.5,103.8,97.1,79.8,68.3,71.1,74.5,72.8,76.2,79,85.7,103.7,112.5,112.3,125,126.1,113.1,86.4,58.2,46.9,58.3,58.2,53.8,58.4,62.7,72.8,74.4,60.9,35.3,24.7,40.4,53.3,60.5,76.8,91.2,102.2,106.5,108.1,107.3,118.2,126.7,124.4,113.1,101.2,92.5,91.4,84,72.8,67.8,67,69.4,73.1,70.6,57.1,45.5,36.5,25.1,15.8,19.2,47.1,83,115.9,126.2,125.2,121.5,6718.4,7250.2,76.34545455,82.38863636,55,115,3,3
23,1,A,W,2,86.5,1397,20,34,29,28,43,-18,1.5,1,1,0,90,1610,30,86,116.6,117,117.7,117.9,118.3,118.5,119.1,119.3,119,113.9,107.1,93.3,68,48.1,56.2,59.9,62.4,73.8,84.2,78.2,78.4,74.4,65,57.1,41.4,35.6,21.5,24.2,46.2,59.5,58.1,49.1,29.3,27.7,48.2,65.7,89.6,114.7,124.7,124.4,121.6,122.9,122,120,115.7,110.3,99.9,87.5,87,88.5,85.1,77,69.7,59.2,49.9,50.8,53.9,50.3,40,33.1,31.4,25.2,22.6,38.3,69.8,99.9,108.9,109.5,108.2,114.8,118.3,118.3,119.8,119.8,119.1,119.3,116,120.8,123.4,122.6,121.8,114,106.6,91.8,65.5,28.7,,,,,66.2,64.8,64,63.5,63.4,63,63.1,62.4,61.6,56.6,51.8,52.9,63.6,91.3,115,116.9,112.9,106.7,99.2,78.8,48.9,22.1,26.2,42.9,65.7,82.4,82.3,64.1,42.1,27.1,31.2,42.7,58.7,60.4,41.5,20.5,9.9,30.2,39.7,39.3,36.2,39.8,44,53.4,61.4,72.3,84.1,94.9,98.5,97,99.3,97.6,98.3,98.7,106.7,121.6,121.2,120.2,110.1,101.8,95.2,86.4,70.6,52.2,50.3,65,69.9,68.3,60.5,46.7,44.1,44,43.1,42.8,41.7,38.1,31.8,35.6,41.6,45.9,44.3,32.9,26.3,15.1,23.5,57.6,,,,,TT,O,,2016,2,1,11/11/2003,16.15028902,19.3305688,19.56031893,18.18181818,,,,,,118.5,119.1,119.3,119,113.9,107.1,93.3,68,48.1,56.2,59.9,62.4,73.8,84.2,78.2,78.4,74.4,65,57.1,41.4,35.6,21.5,24.2,46.2,59.5,58.1,49.1,29.3,27.7,48.2,65.7,89.6,114.7,124.7,124.4,121.6,122.9,122,120,115.7,110.3,99.9,87.5,87,88.5,85.1,77,69.7,59.2,49.9,50.8,53.9,50.3,40,33.1,31.4,25.2,22.6,38.3,69.8,99.9,108.9,109.5,108.2,114.8,118.3,118.3,119.8,119.8,119.1,119.3,116,120.8,123.4,122.6,121.8,114,106.6,91.8,65.5,28.7,,,,,,,,,,63,63.1,62.4,61.6,56.6,51.8,52.9,63.6,91.3,115,116.9,112.9,106.7,99.2,78.8,48.9,22.1,26.2,42.9,65.7,82.4,82.3,64.1,42.1,27.1,31.2,42.7,58.7,60.4,41.5,20.5,9.9,30.2,39.7,39.3,36.2,39.8,44,53.4,61.4,72.3,84.1,94.9,98.5,97,99.3,97.6,98.3,98.7,106.7,121.6,121.2,120.2,110.1,101.8,95.2,86.4,70.6,52.2,50.3,65,69.9,68.3,60.5,46.7,44.1,44,43.1,42.8,41.7,38.1,31.8,35.6,41.6,45.9,44.3,32.9,26.3,15.1,23.5,57.6,,,,,6654.6,5104.3,82.15555556,63.01604938,115,55,6,6
24,1,A,N,2,89.5,1505,25,24,14,25,61,-43,1.5,0,0,0,90,1610,30,89,107.7,103,92.1,79.3,67,59.5,53.7,42.1,21.9,23,55,83.3,109.6,124.5,124.4,125.1,124.3,124.2,124.6,124.2,122.1,115.9,104.2,93.8,96.5,106.8,107.1,105.7,107.5,107.6,107.3,102.5,93.6,74.6,53.8,51.5,70.4,76.1,67.5,57.9,48.4,43.2,43.3,38.7,43.5,61.9,67,66.9,68,70.1,81.6,98.6,99.1,95.3,86.4,78.2,67.8,67.9,88,113.7,119.7,121.4,120.5,120.7,122.8,123.1,123.6,120.1,120.5,118.5,116.7,112.1,110.8,103.7,93.4,73.1,46.2,17.3,25.7,44.5,45.1,44.2,44.1,43.5,42.1,42.7,35.9,29.2,29.7,,56.8,58.7,66,82.4,100.9,118.3,120.7,118.3,105.8,87.8,65,48.1,45.1,52.2,50,52.3,50.6,50.4,50.8,50,46.9,38.3,20.4,25.8,58.1,74.6,74.5,74.2,72.1,69.9,64.3,55,44.8,31.5,34.3,64.4,95.6,107.6,104.2,110.6,121.8,128,127.5,120,112.9,117.4,118.6,116.9,112.5,100.7,88.3,85.8,83.3,80.4,72.6,59.6,38.8,20.2,33.5,58.8,63,63.5,62.2,62,60.1,57.4,56.9,56.1,56.6,57.2,58.5,64.1,72.3,77.3,73.6,70.1,73.6,88.8,110.6,127.1,126.8,125.9,126.8,126.4,125.9,127.9,120.8,108.8,89.3,,TT,O,,2016,3,1,11/11/2003,16.81564246,19.3305688,19.56031893,18.18181818,,,,,,59.5,53.7,42.1,21.9,23,55,83.3,109.6,124.5,124.4,125.1,124.3,124.2,124.6,124.2,122.1,115.9,104.2,93.8,96.5,106.8,107.1,105.7,107.5,107.6,107.3,102.5,93.6,74.6,53.8,51.5,70.4,76.1,67.5,57.9,48.4,43.2,43.3,38.7,43.5,61.9,67,66.9,68,70.1,81.6,98.6,99.1,95.3,86.4,78.2,67.8,67.9,88,113.7,119.7,121.4,120.5,120.7,122.8,123.1,123.6,120.1,120.5,118.5,116.7,112.1,110.8,103.7,93.4,73.1,46.2,17.3,25.7,44.5,45.1,44.2,44.1,43.5,42.1,42.7,35.9,29.2,29.7,,,,,,,118.3,120.7,118.3,105.8,87.8,65,48.1,45.1,52.2,50,52.3,50.6,50.4,50.8,50,46.9,38.3,20.4,25.8,58.1,74.6,74.5,74.2,72.1,69.9,64.3,55,44.8,31.5,34.3,64.4,95.6,107.6,104.2,110.6,121.8,128,127.5,120,112.9,117.4,118.6,116.9,112.5,100.7,88.3,85.8,83.3,80.4,72.6,59.6,38.8,20.2,33.5,58.8,63,63.5,62.2,62,60.1,57.4,56.9,56.1,56.6,57.2,58.5,64.1,72.3,77.3,73.6,70.1,73.6,88.8,110.6,127.1,126.8,125.9,126.8,126.4,125.9,127.9,120.8,108.8,89.3,,6880.3,6619.7,81.90833333,78.80595238,115,55,6,6
22,2,A,N,2,48.9,999,9,47,22,62,16,54,1.5,2,0,0,90,1610,30,48,110.5,107.9,106.7,105.7,104.8,104.1,103.6,103,102.8,102.4,102.2,101.9,97.6,77.5,57.2,83,114.1,123.4,121.3,114.9,96.8,67,48.7,58.8,78.1,74.7,55.3,27.9,11.8,36.9,68.4,87.7,88.4,88.5,83.8,75.8,76,103.5,113.2,117.4,116.7,107.7,92.9,87.3,85.3,79.1,59.7,28.4,,,,,,,,,,,,,,,,,,,,,,,,,,,,,,,,,,,,,,,,,,,57,54.2,52.5,50.3,48.9,47.3,45.4,44.6,43.4,42.2,41.5,46.1,54.2,63.2,46,14.1,30.1,39.4,36.7,29.9,17.1,21.5,48.4,82.4,102.9,105.9,102.1,89.7,78.3,81.2,95.5,101.3,87.4,73.2,56.2,36.1,15.5,26.8,28.6,36.1,45.3,47.5,56,89,99.1,96.2,91.1,88,,,,,,,,,,,,,,,,,,,,,,,,,,,,,,,,,,,,,,,,,,,TT,O,,2016,4,1,11/12/2003,20.42944785,19.3305688,19.56031893,18.18181818,,,,,,104.1,103.6,103,102.8,102.4,102.2,101.9,97.6,77.5,57.2,83,114.1,123.4,121.3,114.9,96.8,67,48.7,58.8,78.1,74.7,55.3,27.9,11.8,36.9,68.4,87.7,88.4,88.5,83.8,75.8,76,103.5,113.2,117.4,116.7,107.7,92.9,87.3,85.3,79.1,59.7,28.4,,,,,,,,,,,,,,,,,,,,,,,,,,,,,,,,,,,,,,,,,,,,,,,,47.3,45.4,44.6,43.4,42.2,41.5,46.1,54.2,63.2,46,14.1,30.1,39.4,36.7,29.9,17.1,21.5,48.4,82.4,102.9,105.9,102.1,89.7,78.3,81.2,95.5,101.3,87.4,73.2,56.2,36.1,15.5,26.8,28.6,36.1,45.3,47.5,56,89,99.1,96.2,91.1,88,,,,,,,,,,,,,,,,,,,,,,,,,,,,,,,,,,,,,,,,,,,3624.8,2522.5,84.29767442,58.6627907,115,55,6,6
23,2,A,E,2,90.1,2019,33,19,17,46,37,-11,1.5,0,4,0,90,1610,30,90,60.8,59,51.3,26.3,36.6,64,91,105.5,108.3,105.2,97,80.6,75.3,91.5,97.7,83.3,57.9,25.9,17.1,39.9,55.3,59.6,55.7,58.7,74.8,98.4,108.6,108.1,101.1,89.9,79.4,94.1,115.4,118.9,114.1,99.7,81,56.8,35.8,37.6,44,42.5,36.9,35.5,54.1,80.2,100.7,105.1,112.4,114.9,118.8,121.6,119,106.2,91,73.3,62.2,66.5,64.1,52.7,27.9,25.3,44.7,48.1,53.6,65,75.2,96.3,103.8,96.5,90.1,82,82.1,94.3,111.7,111.8,100.7,87.9,71.2,56.4,34.2,21,38.8,43.2,41.1,43.9,50.1,55,55.8,43.8,120.5,120,115.4,89.7,61.7,57,69.2,67.4,55.9,40.6,21.5,9.7,38.8,74,88.6,84.3,79.8,84.7,101,119.7,126,123.8,110.2,94.1,78.5,72.8,61.1,49.5,32.6,16,15.2,40.3,60,64.2,63.3,63.1,68.2,77.4,95.7,118.5,129.5,126.7,117.6,100.8,88.4,84.9,82.7,68.9,57.1,44.4,35.2,36.2,35,28.3,31.8,53.4,79,108.9,114.8,110.9,104.2,106.2,121.7,123.8,113.6,101.5,87.5,82.7,83.2,70.9,49,21.1,13.6,42.1,60.5,59.6,61.2,66.8,76,79.6,79.7,98.6,122.6,127.9,126.4,126.9,124.3,119.7,108.4,93.3,TT,O,,2016,5,1,11/12/2003,22.40843507,19.3305688,19.56031893,18.18181818,,,51.3,26.3,36.6,64,91,105.5,108.3,105.2,97,80.6,75.3,91.5,97.7,83.3,57.9,25.9,17.1,39.9,55.3,59.6,55.7,58.7,74.8,98.4,108.6,108.1,101.1,89.9,79.4,94.1,115.4,118.9,114.1,99.7,81,56.8,35.8,37.6,44,42.5,36.9,35.5,54.1,80.2,100.7,105.1,112.4,114.9,118.8,121.6,119,106.2,91,73.3,62.2,66.5,64.1,52.7,27.9,25.3,44.7,48.1,53.6,65,75.2,96.3,103.8,96.5,90.1,82,82.1,94.3,111.7,111.8,100.7,87.9,71.2,56.4,34.2,21,38.8,43.2,41.1,43.9,50.1,55,55.8,43.8,,,115.4,89.7,61.7,57,69.2,67.4,55.9,40.6,21.5,9.7,38.8,74,88.6,84.3,79.8,84.7,101,119.7,126,123.8,110.2,94.1,78.5,72.8,61.1,49.5,32.6,16,15.2,40.3,60,64.2,63.3,63.1,68.2,77.4,95.7,118.5,129.5,126.7,117.6,100.8,88.4,84.9,82.7,68.9,57.1,44.4,35.2,36.2,35,28.3,31.8,53.4,79,108.9,114.8,110.9,104.2,106.2,121.7,123.8,113.6,101.5,87.5,82.7,83.2,70.9,49,21.1,13.6,42.1,60.5,59.6,61.2,66.8,76,79.6,79.7,98.6,122.6,127.9,126.4,126.9,124.3,119.7,108.4,93.3,6450.6,6876.6,73.30227273,78.14318182,55,115,3,3
24,2,A,S,2,30.8,560,71,1,22,27,51,-34,1.5,2,0,0,90,1610,30,30,58.5,59.6,53,35.1,15.7,11.9,36.4,47.9,45.9,38.2,31.6,33.2,46.9,48,37.3,20.4,10.9,22.8,45.2,73.1,87.5,94.3,90,81.5,65.9,45.6,20.4,33.9,42.5,36.7,,,,,,,,,,,,,,,,,,,,,,,,,,,,,,,,,,,,,,,,,,,,,,,,,,,,,,,,,,,,,112.7,111.4,99.6,91.6,88,95.2,115.3,125.6,126.1,121.4,116.9,114.8,122.1,120.7,104.8,90,77.2,73.3,85.4,100.4,96.4,92.3,82.4,76.7,71.8,76.6,92.6,118.7,127.5,121.9,,,,,,,,,,,,,,,,,,,,,,,,,,,,,,,,,,,,,,,,,,,,,,,,,,,,,,,,,,,,,FS,O,,2016,6,1,11/12/2003,18.18181818,19.3305688,19.56031893,18.18181818,,,53,35.1,15.7,11.9,36.4,47.9,45.9,38.2,31.6,33.2,46.9,48,37.3,20.4,10.9,22.8,45.2,73.1,87.5,94.3,90,81.5,65.9,45.6,20.4,33.9,42.5,36.7,,,,,,,,,,,,,,,,,,,,,,,,,,,,,,,,,,,,,,,,,,,,,,,,,,,,,,,,,,,,,,,99.6,91.6,88,95.2,115.3,125.6,126.1,121.4,116.9,114.8,122.1,120.7,104.8,90,77.2,73.3,85.4,100.4,96.4,92.3,82.4,76.7,71.8,76.6,92.6,118.7,127.5,121.9,,,,,,,,,,,,,,,,,,,,,,,,,,,,,,,,,,,,,,,,,,,,,,,,,,,,,,,,,,,,,1251.8,2825.3,44.70714286,100.9035714,55,115,3,3
25,1,A,S,2,33.4,689,55,3,2,22,76,49,1.5,1,0,0,90,1610,31,33,60.4,57.4,46.6,38.7,41.9,56.6,70.5,88.9,97.5,89.5,73.6,52.3,44.2,43.8,40.9,39.9,41.1,56.5,69,79.4,79.3,75.3,79.5,76.9,66.8,55.3,45.1,43.2,43.3,42.8,38.4,28.8,10.2,,,,,,,,,,,,,,,,,,,,,,,,,,,,,,,,,,,,,,,,,,,,,,,,,,,,,,,,,,109.2,110.5,121.5,123.6,119.8,111.9,95.5,85.7,88.4,84.7,88.4,98.2,117.4,125.6,126.2,125.2,120.7,117.4,108.1,103.1,100.4,93.2,93.6,100.9,109.1,117.7,124.7,128.6,128.3,126.4,121.2,111.7,92.5,,,,,,,,,,,,,,,,,,,,,,,,,,,,,,,,,,,,,,,,,,,,,,,,,,,,,,,,,,TT,O,,2016,1,1,11/11/2003,20.62874252,18.50862596,18.81621434,16.97068404,,,46.6,38.7,41.9,56.6,70.5,88.9,97.5,89.5,73.6,52.3,44.2,43.8,40.9,39.9,41.1,56.5,69,79.4,79.3,75.3,79.5,76.9,66.8,55.3,45.1,43.2,43.3,42.8,38.4,28.8,10.2,,,,,,,,,,,,,,,,,,,,,,,,,,,,,,,,,,,,,,,,,,,,,,,,,,,,,,,,,,,,121.5,123.6,119.8,111.9,95.5,85.7,88.4,84.7,88.4,98.2,117.4,125.6,126.2,125.2,120.7,117.4,108.1,103.1,100.4,93.2,93.6,100.9,109.1,117.7,124.7,128.6,128.3,126.4,121.2,111.7,92.5,,,,,,,,,,,,,,,,,,,,,,,,,,,,,,,,,,,,,,,,,,,,,,,,,,,,,,,,,,1755.8,3409.7,56.63870968,109.9903226,55,115,3,3
26,1,A,W,2,90,1360,30,31,17,24,59,-96,1.5,1,1,0,90,1610,31,89,117.8,117.3,119.2,120.3,118.6,118.3,123.3,122,119.9,118.6,114.8,115.1,119.9,118.2,100.5,102.4,97.9,91.7,84.9,77.2,73.4,67.7,61.7,55.5,49.9,53.8,55.2,55.3,58.8,64.1,66.9,67.3,69.9,67.6,65.3,54.8,44.9,48.6,67.5,87,105.1,118.7,119.4,112.9,112.6,106.7,99.9,92,84.6,77.4,69.1,62.4,54.7,46.4,41.8,40.8,42.9,50.4,63.2,75.9,87.6,97,106.7,112.9,117.4,119.8,120.8,120.6,112.1,97.2,83,64.1,44,27.4,19.3,25,39.7,41.5,36.5,34.7,36,41.7,45,44.3,36.4,26.8,14.1,8.4,18.9,,65,63.2,58.3,55.4,51.8,50.6,50.5,47.9,45.1,41.3,30.8,30.5,39.1,39.9,48.8,74.5,80.3,77.4,81.1,90.8,105.7,115.6,120.8,123,121.4,123.6,122.9,120.7,121.5,121.8,120.4,117.5,114.8,110.8,107.6,93.1,71.2,45.9,23.6,16.1,26.2,39.8,40.7,46.6,59,67.6,80.7,91.9,101.2,107.4,113.1,119.8,122.8,123.7,125.8,126,123.7,117.8,112.3,104.5,98.9,88.9,80.2,70,61.4,54.7,52.1,51.5,38.9,18.6,8.8,21.8,44.4,66.6,87.4,105.3,122.5,126.4,121.8,116.1,105.9,94,79,64.4,58.4,61.8,72.1,84.2,97,,TT,O,,2016,2,1,11/11/2003,15.11111111,18.50862596,18.81621434,16.97068404,,,,,,118.3,123.3,122,119.9,118.6,114.8,115.1,119.9,118.2,100.5,102.4,97.9,91.7,84.9,77.2,73.4,67.7,61.7,55.5,49.9,53.8,55.2,55.3,58.8,64.1,66.9,67.3,69.9,67.6,65.3,54.8,44.9,48.6,67.5,87,105.1,118.7,119.4,112.9,112.6,106.7,99.9,92,84.6,77.4,69.1,62.4,54.7,46.4,41.8,40.8,42.9,50.4,63.2,75.9,87.6,97,106.7,112.9,117.4,119.8,120.8,120.6,112.1,97.2,83,64.1,44,27.4,19.3,25,39.7,41.5,36.5,34.7,36,41.7,45,44.3,36.4,26.8,14.1,8.4,18.9,,,,,,,50.6,50.5,47.9,45.1,41.3,30.8,30.5,39.1,39.9,48.8,74.5,80.3,77.4,81.1,90.8,105.7,115.6,120.8,123,121.4,123.6,122.9,120.7,121.5,121.8,120.4,117.5,114.8,110.8,107.6,93.1,71.2,45.9,23.6,16.1,26.2,39.8,40.7,46.6,59,67.6,80.7,91.9,101.2,107.4,113.1,119.8,122.8,123.7,125.8,126,123.7,117.8,112.3,104.5,98.9,88.9,80.2,70,61.4,54.7,52.1,51.5,38.9,18.6,8.8,21.8,44.4,66.6,87.4,105.3,122.5,126.4,121.8,116.1,105.9,94,79,64.4,58.4,61.8,72.1,84.2,97,,6215.7,6850.3,73.99642857,81.55119048,115,55,6,6
27,1,A,N,2,16,267,10,37,52,47,1,-15,1.5,2,0,0,90,1610,31,15,103.5,96,82.7,64.9,67.5,88.6,103.8,114.7,113.7,106.8,97.1,82.3,64.8,46.3,27.6,,,,,,,,,,,,,,,,,,,,,,,,,,,,,,,,,,,,,,,,,,,,,,,,,,,,,,,,,,,,,,,,,,,,,,,,,,,,57.9,55.3,55.5,48.9,24.1,14,29.9,45.3,50.1,49.1,48.1,50.9,59.4,68.9,78.2,,,,,,,,,,,,,,,,,,,,,,,,,,,,,,,,,,,,,,,,,,,,,,,,,,,,,,,,,,,,,,,,,,,,,,,,,,,,TT,O,,2016,3,1,11/11/2003,16.6875,18.50862596,18.81621434,16.97068404,,,,,,88.6,103.8,114.7,113.7,106.8,97.1,82.3,64.8,46.3,27.6,,,,,,,,,,,,,,,,,,,,,,,,,,,,,,,,,,,,,,,,,,,,,,,,,,,,,,,,,,,,,,,,,,,,,,,,,,,,,,,,,14,29.9,45.3,50.1,49.1,48.1,50.9,59.4,68.9,78.2,,,,,,,,,,,,,,,,,,,,,,,,,,,,,,,,,,,,,,,,,,,,,,,,,,,,,,,,,,,,,,,,,,,,,,,,,,,,845.7,493.9,84.57,49.39,115,55,6,6
25,2,A,N,2,90.1,2052,24,21,30,41,29,-25,1.5,0,1,0,90,1610,31,90,107.7,99.7,79.5,53.5,31.6,58.9,70.6,65.1,54.7,49.5,42.7,49.1,48.5,39.7,42.3,52.8,67.9,82.6,98.6,103.4,102.3,96.1,92.9,93,87.8,80.6,68.6,59.1,41.9,19.5,22.6,44.2,52.2,56.8,64.1,74.3,88.8,103.4,109.3,115.8,117,116.2,113.3,111.5,116.3,111.7,104.2,95.8,82.8,68.1,53.1,45.9,39.4,28.7,26.1,37.3,56,78.6,88.4,86.5,75.7,62.2,45.3,27.6,35.4,42.5,48.3,62.6,75.4,93.4,114.3,120.8,119.8,119.3,119,118,114.6,109.1,102.2,95.1,92.9,94.5,90.3,79.6,64.8,46.5,25.2,13.3,26.6,43.3,56,53.6,53.3,52.4,56.9,48.4,30.4,22,39,61.8,86.5,115.7,125.8,124,123,119.2,107.7,97.8,89.9,73.3,51.6,25.8,10.9,28.1,46.3,67,82,99.6,99.1,95,106.7,120.9,115.9,102.6,89,75.6,64.1,63.3,66.5,67.6,57.1,42.4,29.4,30.8,44.5,54.4,65.9,80.4,93.6,105.1,114.5,125.3,123.9,103.4,78.7,51.5,34.7,40,57,68.3,80.8,87.4,80.2,70.9,50.5,47.5,56.1,53.7,41.6,29.7,36.5,39.7,36.5,34.4,41.5,55.6,63.6,64.5,71.8,87.3,92.5,85.6,71,53.4,39.8,43.6,62.8,86.4,104.9,120.4,TT,O,,2016,4,1,11/12/2003,22.77469478,18.50862596,18.81621434,16.97068404,,,,,,58.9,70.6,65.1,54.7,49.5,42.7,49.1,48.5,39.7,42.3,52.8,67.9,82.6,98.6,103.4,102.3,96.1,92.9,93,87.8,80.6,68.6,59.1,41.9,19.5,22.6,44.2,52.2,56.8,64.1,74.3,88.8,103.4,109.3,115.8,117,116.2,113.3,111.5,116.3,111.7,104.2,95.8,82.8,68.1,53.1,45.9,39.4,28.7,26.1,37.3,56,78.6,88.4,86.5,75.7,62.2,45.3,27.6,35.4,42.5,48.3,62.6,75.4,93.4,114.3,120.8,119.8,119.3,119,118,114.6,109.1,102.2,95.1,92.9,94.5,90.3,79.6,64.8,46.5,25.2,13.3,26.6,43.3,,,,,,48.4,30.4,22,39,61.8,86.5,115.7,125.8,124,123,119.2,107.7,97.8,89.9,73.3,51.6,25.8,10.9,28.1,46.3,67,82,99.6,99.1,95,106.7,120.9,115.9,102.6,89,75.6,64.1,63.3,66.5,67.6,57.1,42.4,29.4,30.8,44.5,54.4,65.9,80.4,93.6,105.1,114.5,125.3,123.9,103.4,78.7,51.5,34.7,40,57,68.3,80.8,87.4,80.2,70.9,50.5,47.5,56.1,53.7,41.6,29.7,36.5,39.7,36.5,34.4,41.5,55.6,63.6,64.5,71.8,87.3,92.5,85.6,71,53.4,39.8,43.6,62.8,86.4,104.9,120.4,6254.2,6033.2,73.57882353,70.97882353,115,55,6,6
26,2,A,E,2,90.1,1701,36,24,57,29,14,25,1.5,2,2,0,90,1610,31,90,52.2,37.5,39.2,59.5,85.5,110.6,114.7,104.4,93.5,79.4,63.5,42.2,19.8,11.5,22,37.9,51.7,69.1,87.8,98.9,99.3,96.3,89.6,77,62.9,50.3,41.9,41.4,38.3,36.2,37.8,47.4,57.3,64.6,74.3,88.5,93.6,88.5,77.1,63.2,43.6,23.9,11.5,18.9,30.8,44.2,48.2,43.6,42.5,44.8,52.7,64.4,70.9,70.7,67.9,60.2,51,43.5,33.6,30.7,32.5,38.4,41.5,41,44.3,54.6,67.5,80.7,86,81.7,68.7,53.2,35.6,16.9,13,24.6,34.3,40.3,44,48.4,57.3,67.8,82.4,90.1,88.9,81.5,71.1,57.5,42.3,26,109.8,91,67.7,45.2,33.6,42.4,47.4,47.1,46.2,43.8,44.1,52.9,68.3,79.1,80.1,71.2,53.9,33.2,17.1,14.3,21.8,31.8,41.3,53.8,67.6,81.7,100.7,116.3,121.9,121,116.7,111.3,100.6,85.9,67.9,52.4,39.8,31.7,25,28.2,43.5,62.8,84.8,96.6,109.1,119.3,118.4,104.2,87.4,69.1,46.8,24.5,18.1,30.7,43.7,57.1,73.8,87.6,100.1,111.1,117.7,120.1,110.8,94.8,74.5,51.8,29.5,8.6,7.3,15.1,26,40.1,57.1,77.2,94.7,110,118.5,117,107.1,95.2,82.1,68.7,56.1,44,34.4,26.3,25,32.4,44.8,62.1,TT,O,,2016,5,1,11/12/2003,18.87902331,18.50862596,18.81621434,16.97068404,,,39.2,59.5,85.5,110.6,114.7,104.4,93.5,79.4,63.5,42.2,19.8,11.5,22,37.9,51.7,69.1,87.8,98.9,99.3,96.3,89.6,77,62.9,50.3,41.9,41.4,38.3,36.2,37.8,47.4,57.3,64.6,74.3,88.5,93.6,88.5,77.1,63.2,43.6,23.9,11.5,18.9,30.8,44.2,48.2,43.6,42.5,44.8,52.7,64.4,70.9,70.7,67.9,60.2,51,43.5,33.6,30.7,32.5,38.4,41.5,41,44.3,54.6,67.5,80.7,86,81.7,68.7,53.2,35.6,16.9,13,24.6,34.3,40.3,44,48.4,57.3,67.8,82.4,90.1,88.9,81.5,71.1,57.5,42.3,26,,,67.7,45.2,33.6,42.4,47.4,47.1,46.2,43.8,44.1,52.9,68.3,79.1,80.1,71.2,53.9,33.2,17.1,14.3,21.8,31.8,41.3,53.8,67.6,81.7,100.7,116.3,121.9,121,116.7,111.3,100.6,85.9,67.9,52.4,39.8,31.7,25,28.2,43.5,62.8,84.8,96.6,109.1,119.3,118.4,104.2,87.4,69.1,46.8,24.5,18.1,30.7,43.7,57.1,73.8,87.6,100.1,111.1,117.7,120.1,110.8,94.8,74.5,51.8,29.5,8.6,7.3,15.1,26,40.1,57.1,77.2,94.7,110,118.5,117,107.1,95.2,82.1,68.7,56.1,44,34.4,26.3,25,32.4,44.8,62.1,5026.4,5742.7,57.11818182,65.25795455,55,115,3,3
27,2,A,S,2,30.7,521,39,26,83,15,2,-41,1.5,1,2,0,90,1610,31,30,57.4,46.7,33.9,24.4,35,43.5,41.1,30.9,15.3,18.5,45.8,66.4,79.6,87.6,91.9,87.6,75.2,59.9,42.3,28.1,20.2,15.7,13.9,12.8,16.1,34.3,51,66.1,69.8,68.4,,,,,,,,,,,,,,,,,,,,,,,,,,,,,,,,,,,,,,,,,,,,,,,,,,,,,,,,,,,,,102,86.5,71.1,62.9,69.4,82.7,93.7,98,96.5,86.2,71.6,55.5,38.2,19.2,7.9,9.5,18.9,33.9,52.8,66,71.5,75.5,76.7,76.6,70,54.2,36.9,19.8,21.3,28.1,,,,,,,,,,,,,,,,,,,,,,,,,,,,,,,,,,,,,,,,,,,,,,,,,,,,,,,,,,,,,FS,O,,2016,6,1,11/12/2003,16.97068404,18.50862596,18.81621434,16.97068404,,,33.9,24.4,35,43.5,41.1,30.9,15.3,18.5,45.8,66.4,79.6,87.6,91.9,87.6,75.2,59.9,42.3,28.1,20.2,15.7,13.9,12.8,16.1,34.3,51,66.1,69.8,68.4,,,,,,,,,,,,,,,,,,,,,,,,,,,,,,,,,,,,,,,,,,,,,,,,,,,,,,,,,,,,,,,71.1,62.9,69.4,82.7,93.7,98,96.5,86.2,71.6,55.5,38.2,19.2,7.9,9.5,18.9,33.9,52.8,66,71.5,75.5,76.7,76.6,70,54.2,36.9,19.8,21.3,28.1,,,,,,,,,,,,,,,,,,,,,,,,,,,,,,,,,,,,,,,,,,,,,,,,,,,,,,,,,,,,,1275.3,1564.6,45.54642857,55.87857143,55,115,3,3
28,1,A,S,2,90.1,2151,25,24,4,33,63,36,1.5,0,0,0,90,1610,34,90,60.7,58.9,52,47,51.4,74.4,90.7,102.5,101.9,109.9,123,121.7,121.3,121.8,117.2,114.8,114.2,109.9,99.4,85,67.8,50.6,39.7,42.4,59,69,72,79.7,101.2,106.4,114.9,120.1,112.4,97.5,87,106.4,109.6,108.8,112.8,117.7,119.1,112.8,105.6,95.8,84.7,74.7,64.5,50.9,42.8,42.2,44.3,49.1,71.9,91.2,101.7,111.2,119.7,122.9,123.6,121.9,120.9,117.5,112.4,104.3,97.4,86.2,75.1,71,69.6,65.4,62.8,54.1,43.5,30.2,26.5,30,40,43.5,39.7,40.9,47.2,51,61.2,65.1,59.1,62.4,75.2,99,110.9,104.7,110.2,112.2,110.5,109.1,112.5,105.7,95.8,85.2,69.4,51.9,44.6,36.9,38.9,38.2,31.7,32.8,52,72.6,80.4,96.6,109.6,119.8,124.3,122.8,124.8,119.2,105.8,87,78.8,61.3,46,38.5,27.3,19.9,43.3,73.5,74.1,59.3,42.4,33.3,42.1,56.8,70.3,80.8,97.8,107.7,117.2,122.9,126.4,125.7,123,116.6,106.5,97.6,88.1,75.9,63.1,51.3,42.5,36.7,38.5,45.8,60,69.6,81.3,94.9,106.8,113.8,116.6,116.2,107.5,94.2,77,60.2,74.8,101.7,121,125.1,124,125.9,127.4,124.2,125,121,107.9,92.6,73,63.9,66.5,60.8,TT,O,,2016,1,1,11/11/2003,23.87347392,23.42619037,23.17678792,24.67320261,,58.9,52,47,51.4,74.4,90.7,102.5,101.9,109.9,123,121.7,121.3,121.8,117.2,114.8,114.2,109.9,99.4,85,67.8,50.6,39.7,42.4,59,69,72,79.7,101.2,106.4,114.9,120.1,112.4,97.5,87,106.4,109.6,108.8,112.8,117.7,119.1,112.8,105.6,95.8,84.7,74.7,64.5,50.9,42.8,42.2,44.3,49.1,71.9,91.2,101.7,111.2,119.7,122.9,123.6,121.9,120.9,117.5,112.4,104.3,97.4,86.2,75.1,71,69.6,65.4,62.8,54.1,43.5,30.2,26.5,30,40,43.5,39.7,40.9,47.2,51,61.2,65.1,59.1,62.4,75.2,99,110.9,104.7,,112.2,110.5,109.1,112.5,105.7,95.8,85.2,69.4,51.9,44.6,36.9,38.9,38.2,31.7,32.8,52,72.6,80.4,96.6,109.6,119.8,124.3,122.8,124.8,119.2,105.8,87,78.8,61.3,46,38.5,27.3,19.9,43.3,73.5,74.1,59.3,42.4,33.3,42.1,56.8,70.3,80.8,97.8,107.7,117.2,122.9,126.4,125.7,123,116.6,106.5,97.6,88.1,75.9,63.1,51.3,42.5,36.7,38.5,45.8,60,69.6,81.3,94.9,106.8,113.8,116.6,116.2,107.5,94.2,77,60.2,74.8,101.7,121,125.1,124,125.9,127.4,124.2,125,121,107.9,92.6,73,63.9,66.5,60.8,7409.4,7454.2,83.25168539,83.75505618,55,115,2,2
29,1,A,W,2,76.3,1446,19,41,18,46,36,-11,1.5,2,0,0,90,1610,34,76,108.8,103.9,85,48.8,28.8,55,79.5,78.5,70.5,60.2,43.1,46.2,51.3,52.5,51.5,57.1,70.8,92.1,112.1,123.1,117.4,111.7,106,102.9,96,88.5,89.3,83.5,79.8,88.1,110.3,123.1,121.5,119.9,116.4,111.4,101.2,82.6,48.2,20.1,34,43,42.5,42.1,38.9,23,9.7,29.8,64.6,98.7,121.6,123.1,120.1,115.1,110.4,108.6,110.7,108.9,110.7,115.4,116.3,117,117.1,119.4,118.4,116.5,118.4,122.9,118.8,120.1,121.5,114.8,106,87.7,55.2,19.3,,,,,,,,,,,,,,,52.5,49.3,41.2,46.1,70.9,91.8,107.2,101.7,95.8,90.9,97.5,118.7,124.9,117.3,99.2,74.7,44.6,21.4,27.2,41.5,41.2,46,65.2,81.7,83.2,92,94,90.4,73.3,56.2,54.4,56.8,57.3,58.1,61.4,57.4,50.3,50,64,89.5,119.3,127,126.4,126.5,121.8,105.9,84.7,56.9,32.1,31.6,43.4,43.3,39.3,30.6,29.4,46.2,65.6,65.3,59.7,52.1,45.1,41.5,40.2,39.6,36.9,32.5,33.9,40.9,36.8,41.4,45.4,40,36,33.3,44.2,69.1,,,,,,,,,,,,,,,TT,O,,2016,2,1,11/11/2003,18.95150721,23.42619037,23.17678792,24.67320261,,,,,28.8,55,79.5,78.5,70.5,60.2,43.1,46.2,51.3,52.5,51.5,57.1,70.8,92.1,112.1,123.1,117.4,111.7,106,102.9,96,88.5,89.3,83.5,79.8,88.1,110.3,123.1,121.5,119.9,116.4,111.4,101.2,82.6,48.2,20.1,34,43,42.5,42.1,38.9,23,9.7,29.8,64.6,98.7,121.6,123.1,120.1,115.1,110.4,108.6,110.7,108.9,110.7,115.4,116.3,117,117.1,119.4,118.4,116.5,118.4,122.9,118.8,120.1,121.5,114.8,106,87.7,55.2,19.3,,,,,,,,,,,,,,,,,,,70.9,91.8,107.2,101.7,95.8,90.9,97.5,118.7,124.9,117.3,99.2,74.7,44.6,21.4,27.2,41.5,41.2,46,65.2,81.7,83.2,92,94,90.4,73.3,56.2,54.4,56.8,57.3,58.1,61.4,57.4,50.3,50,64,89.5,119.3,127,126.4,126.5,121.8,105.9,84.7,56.9,32.1,31.6,43.4,43.3,39.3,30.6,29.4,46.2,65.6,65.3,59.7,52.1,45.1,41.5,40.2,39.6,36.9,32.5,33.9,40.9,36.8,41.4,45.4,40,36,33.3,44.2,69.1,,,,,,,,,,,,,,,6250.5,4711.6,86.8125,65.43888889,115,55,5,5
30,1,A,N,2,90.1,1976,23,23,17,42,41,44,1.5,0,0,0,90,1610,34,90,110.2,103.3,90.1,65.8,33.1,22.3,47.2,56.4,54.3,54.2,61.5,76.7,98.4,115,119.7,115.1,107.6,100.9,89.7,76.2,64.7,56.2,41.9,34.2,38.3,41.7,56.4,79.3,99.6,105.3,105.2,99.6,95.7,95.7,98.9,97.5,82.9,57.4,54,67.1,72.1,61.6,41.7,23.9,30.8,44.4,59.1,59.4,63.3,75.2,89.9,100.4,106.5,114.2,110,105,100.7,101,102.4,101.2,96.6,89,80.1,70,61,52.3,40.6,37.9,41.3,32.1,26.9,38,62.5,87.1,97.1,94.4,94.5,96.4,99.4,106.8,108.3,102,94.3,86.2,84.4,84.6,83,78,72,66.1,51.3,43.6,28.9,24.8,53,90.2,116.3,124.3,115.5,98.9,74.1,46.6,27.8,30.7,36.8,44,59.1,78.8,93.6,103.4,112.2,113,112.5,118.4,119.3,104.6,89.1,80.3,79.3,70.3,62.1,48.9,26.7,14.9,41.5,62.9,69.4,63.6,47.6,37.4,43.1,49.1,51.9,64.3,86.8,106.6,122.6,116.3,107.5,99.7,90.2,79.4,63.4,55.2,49,36.1,18.3,27,51.4,72.9,86.7,94.4,100.7,103.8,107.6,118.8,119.1,123.1,126.9,117,104.2,88.9,80,84.2,88.8,80,67.9,49.6,28.6,22.2,34.7,46.3,62.6,81.3,98.1,99.7,100.1,103,106.8,109.4,TT,O,,2016,3,1,11/11/2003,21.93118757,23.42619037,23.17678792,24.67320261,,,,,33.1,22.3,47.2,56.4,54.3,54.2,61.5,76.7,98.4,115,119.7,115.1,107.6,100.9,89.7,76.2,64.7,56.2,41.9,34.2,38.3,41.7,56.4,79.3,99.6,105.3,105.2,99.6,95.7,95.7,98.9,97.5,82.9,57.4,54,67.1,72.1,61.6,41.7,23.9,30.8,44.4,59.1,59.4,63.3,75.2,89.9,100.4,106.5,114.2,110,105,100.7,101,102.4,101.2,96.6,89,80.1,70,61,52.3,40.6,37.9,41.3,32.1,26.9,38,62.5,87.1,97.1,94.4,94.5,96.4,99.4,106.8,108.3,102,94.3,86.2,84.4,84.6,83,78,72,66.1,,,,,53,90.2,116.3,124.3,115.5,98.9,74.1,46.6,27.8,30.7,36.8,44,59.1,78.8,93.6,103.4,112.2,113,112.5,118.4,119.3,104.6,89.1,80.3,79.3,70.3,62.1,48.9,26.7,14.9,41.5,62.9,69.4,63.6,47.6,37.4,43.1,49.1,51.9,64.3,86.8,106.6,122.6,116.3,107.5,99.7,90.2,79.4,63.4,55.2,49,36.1,18.3,27,51.4,72.9,86.7,94.4,100.7,103.8,107.6,118.8,119.1,123.1,126.9,117,104.2,88.9,80,84.2,88.8,80,67.9,49.6,28.6,22.2,34.7,46.3,62.6,81.3,98.1,99.7,100.1,103,106.8,109.4,6525.6,6692.4,75.87906977,77.81860465,115,55,5,5
28,2,A,N,2,90.1,2300,28,28,6,48,46,43,1.5,0,0,0,90,1610,34,90,108.9,104.3,102,101.5,101,100.7,99.9,98.7,88.4,105.4,107.6,101.9,103.1,119.2,119.7,116.3,113.9,105.3,93.9,78.7,59.4,45.2,44.8,48.4,47.2,44.1,42.9,61.7,90.4,96.5,92.2,95.8,104.5,107.9,110.3,115.3,108.7,93.5,68.8,52.6,46.4,42.4,46.6,56.2,69.4,84.5,89.4,94.5,96.5,101.8,121.6,117.5,109.3,95.2,84.2,84,76.5,52.9,40.2,42.6,48.2,58.2,63.8,71.4,75.9,72.2,55.1,36.8,23.1,39.6,48.8,40.7,36,41.9,48.9,63.5,84.9,102.5,109.1,111.3,112.3,115.6,113.6,104.6,99.4,89.2,76.1,52.5,37.1,34.7,45.7,42.8,42.5,41.4,40.1,39.2,37.4,33.3,47.3,67.8,66.6,59,43.5,35.3,35.5,42.2,65.9,79,91,103.3,115.4,124.8,129.1,127.6,125.2,119.4,102.3,86.7,85.9,82.7,68.5,50.2,31.8,23.8,41.1,61,69.8,74.7,88.1,109.4,124,127.3,126.8,121.7,111.3,101.7,83.5,63.4,44.9,22.1,38.8,40.5,42.4,53.6,78.3,98.4,102.8,110,119.5,127,123.3,115.8,98.5,75.8,51.4,28.7,31,50.8,83.1,111.3,122.1,120.5,120.9,119.3,107.2,92.5,81.3,71.6,56,38.5,27.8,40.3,56.8,71.6,86,96,104,108.6,116,119.1,TT,O,,2016,4,1,11/12/2003,25.52719201,23.42619037,23.17678792,24.67320261,,,,,101,100.7,99.9,98.7,88.4,105.4,107.6,101.9,103.1,119.2,119.7,116.3,113.9,105.3,93.9,78.7,59.4,45.2,44.8,48.4,47.2,44.1,42.9,61.7,90.4,96.5,92.2,95.8,104.5,107.9,110.3,115.3,108.7,93.5,68.8,52.6,46.4,42.4,46.6,56.2,69.4,84.5,89.4,94.5,96.5,101.8,121.6,117.5,109.3,95.2,84.2,84,76.5,52.9,40.2,42.6,48.2,58.2,63.8,71.4,75.9,72.2,55.1,36.8,23.1,39.6,48.8,40.7,36,41.9,48.9,63.5,84.9,102.5,109.1,111.3,112.3,115.6,113.6,104.6,99.4,89.2,76.1,52.5,37.1,34.7,,,,,40.1,39.2,37.4,33.3,47.3,67.8,66.6,59,43.5,35.3,35.5,42.2,65.9,79,91,103.3,115.4,124.8,129.1,127.6,125.2,119.4,102.3,86.7,85.9,82.7,68.5,50.2,31.8,23.8,41.1,61,69.8,74.7,88.1,109.4,124,127.3,126.8,121.7,111.3,101.7,83.5,63.4,44.9,22.1,38.8,40.5,42.4,53.6,78.3,98.4,102.8,110,119.5,127,123.3,115.8,98.5,75.8,51.4,28.7,31,50.8,83.1,111.3,122.1,120.5,120.9,119.3,107.2,92.5,81.3,71.6,56,38.5,27.8,40.3,56.8,71.6,86,96,104,108.6,116,119.1,6802.6,6867.7,79.1,79.85697674,115,55,5,5
29,2,A,E,2,69.1,1769,30,21,16,57,27,63,1.5,1,1,0,90,1610,34,69,62.5,57.1,57.1,62.9,79.1,102.2,112.7,103.5,90.3,63.8,44,31.4,30.5,43.4,57.1,68.2,85.5,103.3,111.5,111.5,107.7,101.9,96.4,92.2,90.3,84.1,75.5,55.6,39.6,38.2,46.7,52.4,49,53.5,66.6,79.9,86.8,86.3,84.4,86.6,94.9,92.9,77.7,54.3,27.4,25.9,39.5,44,48.3,61.2,81.7,103.4,110.8,110.6,112.6,111.6,106.5,99.1,95.8,94.4,80.4,58.9,40.1,35.2,43.9,36.2,25.5,14.3,9.6,,,,,,,,,,,,,,,,,,,,,,107.3,86.5,61.5,31.2,15.4,44.7,67.6,72.5,79.2,92.1,103.9,113.6,113.3,110,99.9,83.4,66.6,52.6,43.2,29.8,24.6,35.9,55.8,71.6,90.8,98.7,102.6,107.3,113.6,123.1,127.8,123.9,107,86.3,63.9,42.8,21.7,7.9,27.5,59.9,85.6,86.7,81.3,82.1,93.3,110.6,119.8,113.1,98.9,81.6,68.2,64.8,56.7,43.2,30.8,27.9,35.6,52.6,73.9,89.2,96.1,98.4,105.7,118.6,128.3,116.4,97.4,82.3,77.5,,,,,,,,,,,,,,,,,,,,,,TT,O,,2016,5,1,11/12/2003,25.60057887,23.42619037,23.17678792,24.67320261,,57.1,57.1,62.9,79.1,102.2,112.7,103.5,90.3,63.8,44,31.4,30.5,43.4,57.1,68.2,85.5,103.3,111.5,111.5,107.7,101.9,96.4,92.2,90.3,84.1,75.5,55.6,39.6,38.2,46.7,52.4,49,53.5,66.6,79.9,86.8,86.3,84.4,86.6,94.9,92.9,77.7,54.3,27.4,25.9,39.5,44,48.3,61.2,81.7,103.4,110.8,110.6,112.6,111.6,106.5,99.1,95.8,94.4,80.4,58.9,40.1,35.2,43.9,36.2,25.5,14.3,9.6,,,,,,,,,,,,,,,,,,,,,,,86.5,61.5,31.2,15.4,44.7,67.6,72.5,79.2,92.1,103.9,113.6,113.3,110,99.9,83.4,66.6,52.6,43.2,29.8,24.6,35.9,55.8,71.6,90.8,98.7,102.6,107.3,113.6,123.1,127.8,123.9,107,86.3,63.9,42.8,21.7,7.9,27.5,59.9,85.6,86.7,81.3,82.1,93.3,110.6,119.8,113.1,98.9,81.6,68.2,64.8,56.7,43.2,30.8,27.9,35.6,52.6,73.9,89.2,96.1,98.4,105.7,118.6,128.3,116.4,97.4,82.3,77.5,,,,,,,,,,,,,,,,,,,,,,4825.5,5276.3,70.96323529,77.59264706,55,115,2,2
30,2,A,S,2,30.6,755,43,14,38,41,21,26,1.5,1,1,0,90,1610,34,30,47.4,29.2,22.5,40.6,72,93.5,91.1,68.4,38.3,10.8,30.4,50.6,54.1,52.9,59.3,71.3,83.7,90.4,83.6,72.9,64.4,67.4,77.4,70.1,52.1,34.3,25.8,17,20.6,38.7,,,,,,,,,,,,,,,,,,,,,,,,,,,,,,,,,,,,,,,,,,,,,,,,,,,,,,,,,,,,,111.8,103.9,87.7,73.9,68.1,79.3,87.2,84.8,82.9,89.3,103.1,119.9,120.6,107.4,91.8,72.3,48.2,28.3,8.5,20.1,53.6,83.8,102.2,102.3,103,109.1,110.9,97.7,77,49.5,,,,,,,,,,,,,,,,,,,,,,,,,,,,,,,,,,,,,,,,,,,,,,,,,,,,,,,,,,,,,FS,O,,2016,6,1,11/12/2003,24.67320261,23.42619037,23.17678792,24.67320261,,29.2,22.5,40.6,72,93.5,91.1,68.4,38.3,10.8,30.4,50.6,54.1,52.9,59.3,71.3,83.7,90.4,83.6,72.9,64.4,67.4,77.4,70.1,52.1,34.3,25.8,17,20.6,38.7,,,,,,,,,,,,,,,,,,,,,,,,,,,,,,,,,,,,,,,,,,,,,,,,,,,,,,,,,,,,,,103.9,87.7,73.9,68.1,79.3,87.2,84.8,82.9,89.3,103.1,119.9,120.6,107.4,91.8,72.3,48.2,28.3,8.5,20.1,53.6,83.8,102.2,102.3,103,109.1,110.9,97.7,77,49.5,,,,,,,,,,,,,,,,,,,,,,,,,,,,,,,,,,,,,,,,,,,,,,,,,,,,,,,,,,,,,1583.4,2366.4,54.6,81.6,55,115,2,2
31,1,A,S,2,17.6,294,30,5,58,41,1,34,1.5,0,0,0,90,1610,36,17,53.9,53.8,52.9,58.1,49.6,30.6,24,39.9,51.7,59.2,70.7,77.3,82.9,86.2,59.2,38.6,29.5,,,,,,,,,,,,,,,,,,,,,,,,,,,,,,,,,,,,,,,,,,,,,,,,,,,,,,,,,,,,,,,,,,,,,,,,,,102.5,101.4,101,99,104.1,97.2,78.6,61.3,52.6,47.5,48.1,51.4,54.7,64.5,60.2,55.4,57.4,,,,,,,,,,,,,,,,,,,,,,,,,,,,,,,,,,,,,,,,,,,,,,,,,,,,,,,,,,,,,,,,,,,,,,,,,,TT,O,,2016,1,1,11/11/2003,16.70454546,8.538294058,9.27209666,4.869281046,,,,,,30.6,24,39.9,51.7,59.2,70.7,77.3,82.9,86.2,59.2,38.6,29.5,,,,,,,,,,,,,,,,,,,,,,,,,,,,,,,,,,,,,,,,,,,,,,,,,,,,,,,,,,,,,,,,,,,,,,,,,,,,,,,97.2,78.6,61.3,52.6,47.5,48.1,51.4,54.7,64.5,60.2,55.4,57.4,,,,,,,,,,,,,,,,,,,,,,,,,,,,,,,,,,,,,,,,,,,,,,,,,,,,,,,,,,,,,,,,,,,,,,,,,,649.8,728.9,54.15,60.74166667,55,115,6,6
32,1,A,W,2,90.1,1174,24,18,31,53,16,-60,1.5,0,1,0,90,1610,36,90,117.2,112.8,112.9,112.1,107.1,107.2,96.6,85.1,77.4,73.2,70.4,69.6,69,69.9,70.6,72.7,75,78.8,80,80,83.7,90.9,86.8,80.6,74.7,68.6,65.4,64.9,66.8,69.7,73,76.1,79,81.6,86.4,94.9,94.4,92.2,91.3,83.7,72.7,60.1,48.7,39.2,33.9,31,30.8,32.1,32.3,28.7,30.9,40.1,39.9,37.1,41.9,51,57.8,57.1,63.7,71.2,75.9,83.1,95.1,94.4,97.7,105.2,116.8,119.3,121.6,118.7,112.3,108.1,95.3,76.1,58.7,41.1,21.3,15.3,47.3,49.7,45.9,42.3,28.7,23.7,33,45.7,44.5,39,44.3,41.2,61.4,57.5,56.3,49.4,38.9,37.6,28.1,27.5,35.6,44.8,53.5,59.8,65.1,69.8,73.8,78.2,82.1,86.3,88.3,88.8,88.9,84.9,75.3,63.2,47.7,31.3,21.8,25,33.9,42,49.7,56.1,61.6,66.6,73.9,87.5,86.7,79.8,86.3,92,91.7,91.8,93.9,98.1,102.6,106.1,110.1,113.1,114.4,111.4,114.3,124.3,125.2,116.8,102,93.2,89.2,88.2,83,86.1,83,91.1,86.9,75,63.6,55.2,55,52.4,50.8,41,30.5,24,10.8,15.5,33.7,51.3,66.6,79.6,70.7,54.5,46.5,46.3,58.1,67.4,76.8,91.4,105.1,102.1,97.5,99.7,TT,O,,2016,2,1,11/11/2003,13.0299667,8.538294058,9.27209666,4.869281046,,,,,,,,,,,,69.6,69,69.9,70.6,72.7,75,78.8,80,80,83.7,90.9,86.8,80.6,74.7,68.6,65.4,64.9,66.8,69.7,73,76.1,79,81.6,86.4,94.9,94.4,92.2,91.3,83.7,72.7,60.1,48.7,39.2,33.9,31,30.8,32.1,32.3,28.7,30.9,40.1,39.9,37.1,41.9,51,57.8,57.1,63.7,71.2,75.9,83.1,95.1,94.4,97.7,105.2,116.8,119.3,121.6,118.7,112.3,108.1,95.3,76.1,58.7,41.1,21.3,15.3,47.3,49.7,45.9,42.3,28.7,23.7,33,45.7,44.5,39,44.3,41.2,,,,,,,,,,,,59.8,65.1,69.8,73.8,78.2,82.1,86.3,88.3,88.8,88.9,84.9,75.3,63.2,47.7,31.3,21.8,25,33.9,42,49.7,56.1,61.6,66.6,73.9,87.5,86.7,79.8,86.3,92,91.7,91.8,93.9,98.1,102.6,106.1,110.1,113.1,114.4,111.4,114.3,124.3,125.2,116.8,102,93.2,89.2,88.2,83,86.1,83,91.1,86.9,75,63.6,55.2,55,52.4,50.8,41,30.5,24,10.8,15.5,33.7,51.3,66.6,79.6,70.7,54.5,46.5,46.3,58.1,67.4,76.8,91.4,105.1,102.1,97.5,99.7,5211.8,5884,65.9721519,74.48101266,115,55,12,12
33,1,A,N,2,90.1,841,1,32,38,48,14,31,1.5,0,2,0,90,1610,36,90,109.8,107.3,105.7,104,102.6,101.2,99.7,98.3,96.9,95.8,94.4,93.1,92,90.7,89.8,88.2,87.9,78.1,70.1,69.7,73.1,80.5,90.9,100.8,110.2,113.9,113.9,114.5,114.4,114.2,114,113.7,113.3,112.6,112.2,112.1,111.9,111.7,112.2,110.3,106.5,104,102.9,100.4,98.7,97.7,97.3,96.9,100.8,98,101.7,104,99.5,97.9,98.7,96.5,92.5,85.6,80.1,72.5,61,52.8,44,30.9,38.1,46.5,55.8,63.1,69.2,70.6,73.4,72.4,66.2,57.7,50.3,46.5,56.6,68.4,81.6,95.5,108.3,113.7,112.7,111.3,109.6,103.7,93.6,83.6,76.5,71.6,58.3,55.9,53.5,51.7,49.9,48.4,46.5,45,43.1,41.6,41.3,39.7,38.7,37.7,35.7,32.4,30.7,36.6,32.3,24,14.1,9.8,21.1,33.2,45,50.3,46.5,50.4,55.1,57.9,57.5,56.6,56.3,55.7,55.5,55.2,55.2,54.5,56.4,59.6,64.2,71.8,74.6,71.2,76.5,76.5,76.8,79,82.9,79,80.1,79.6,66.6,53.1,39.2,23.1,9.2,8.9,18.7,30.6,40.9,46.2,55,66,48.2,43.9,38.9,38.2,39.7,46.7,47.2,57,64.8,68.4,66.1,54.4,41.9,38.6,38.5,44.1,53.7,58.3,56.4,59.3,57.8,60.4,64,69.1,72.5,75.6,TT,O,,2016,3,1,11/11/2003,9.334073252,8.538294058,9.27209666,4.869281046,,,,,,,,,,,,93.1,92,90.7,89.8,88.2,87.9,78.1,70.1,69.7,73.1,80.5,90.9,100.8,110.2,113.9,113.9,114.5,114.4,114.2,114,113.7,113.3,112.6,112.2,112.1,111.9,111.7,112.2,110.3,106.5,104,102.9,100.4,98.7,97.7,97.3,96.9,100.8,98,101.7,104,99.5,97.9,98.7,96.5,92.5,85.6,80.1,72.5,61,52.8,44,30.9,38.1,46.5,55.8,63.1,69.2,70.6,73.4,72.4,66.2,57.7,50.3,46.5,56.6,68.4,81.6,95.5,108.3,113.7,112.7,111.3,109.6,103.7,93.6,83.6,76.5,71.6,,,,,,,,,,,,39.7,38.7,37.7,35.7,32.4,30.7,36.6,32.3,24,14.1,9.8,21.1,33.2,45,50.3,46.5,50.4,55.1,57.9,57.5,56.6,56.3,55.7,55.5,55.2,55.2,54.5,56.4,59.6,64.2,71.8,74.6,71.2,76.5,76.5,76.8,79,82.9,79,80.1,79.6,66.6,53.1,39.2,23.1,9.2,8.9,18.7,30.6,40.9,46.2,55,66,48.2,43.9,38.9,38.2,39.7,46.7,47.2,57,64.8,68.4,66.1,54.4,41.9,38.6,38.5,44.1,53.7,58.3,56.4,59.3,57.8,60.4,64,69.1,72.5,75.6,7027.4,4027.1,88.95443038,50.97594937,115,55,12,12
31,2,A,N,2,90.1,390,0,100,16,83,1,46,1.5,0,0,0,90,1610,36,90,110.5,107.5,105.4,103.7,102.3,101.3,100.2,99.1,98.6,97.9,97,96.5,95.8,95.2,94.9,94.3,93.8,93.2,92.6,92.5,91.9,93,93.1,95.4,98.7,101.1,103.4,104.9,106.5,107.4,108.5,109.4,110.5,111,111.9,112.4,112.9,113.4,114.1,114.4,115.1,116,116.6,116.8,117.2,117.4,117.7,117.8,117.7,117.9,117.6,117.5,117.4,117.5,117.1,117,116.7,116.7,116.6,116.5,116.5,116.6,116.9,116.6,116.4,116.6,115.9,115.9,115.6,115.7,115.7,115.2,115.6,115.4,115.3,115.1,115.1,114.7,114.3,114.2,114.1,114.1,114.1,114.1,113.7,113.8,113.8,113.6,113.6,113.2,55.3,52,48.9,46.1,43.3,40.6,37.9,35.6,33,31.1,28.6,26.6,24,22.1,20,18,16.3,14.2,12.4,11.3,10.7,10.5,13.5,16.9,18.4,20.9,23.1,25.3,27.5,29,30.7,31.8,33.4,34.6,35.9,36.8,37.4,38.5,39.5,40.2,41.6,42.7,43.9,44.1,44.9,45.8,46.1,46.8,47,47.3,48,48.1,48.1,47.9,47.9,47.9,47.8,47.6,47.3,47.2,47.2,47.7,48.7,49.2,49.4,49.3,49.8,49.6,50.1,49.9,49.7,50,49.3,49.3,49.6,49.4,49.3,49.6,49.9,49.8,49.6,49.4,49.2,49,49.4,49,48.9,49.1,49.1,49.3,TT,O,,2016,4,1,11/12/2003,4.328523862,8.538294058,9.27209666,4.869281046,,,,,,,,,,,,96.5,95.8,95.2,94.9,94.3,93.8,93.2,92.6,92.5,91.9,93,93.1,95.4,98.7,101.1,103.4,104.9,106.5,107.4,108.5,109.4,110.5,111,111.9,112.4,112.9,113.4,114.1,114.4,115.1,116,116.6,116.8,117.2,117.4,117.7,117.8,117.7,117.9,117.6,117.5,117.4,117.5,117.1,117,116.7,116.7,116.6,116.5,116.5,116.6,116.9,116.6,116.4,116.6,115.9,115.9,115.6,115.7,115.7,115.2,115.6,115.4,115.3,115.1,115.1,114.7,114.3,114.2,114.1,114.1,114.1,114.1,113.7,113.8,113.8,113.6,113.6,113.2,,,,,,,,,,,,26.6,24,22.1,20,18,16.3,14.2,12.4,11.3,10.7,10.5,13.5,16.9,18.4,20.9,23.1,25.3,27.5,29,30.7,31.8,33.4,34.6,35.9,36.8,37.4,38.5,39.5,40.2,41.6,42.7,43.9,44.1,44.9,45.8,46.1,46.8,47,47.3,48,48.1,48.1,47.9,47.9,47.9,47.8,47.6,47.3,47.2,47.2,47.7,48.7,49.2,49.4,49.3,49.8,49.6,50.1,49.9,49.7,50,49.3,49.3,49.6,49.4,49.3,49.6,49.9,49.8,49.6,49.4,49.2,49,49.4,49,48.9,49.1,49.1,49.3,8754.9,3126.3,110.821519,39.57341772,115,55,12,12
32,2,A,E,2,90.1,267,0,0,26,73,1,70,1.5,0,0,0,90,1610,36,90,51.4,51.6,51,50.4,50,49.4,51.3,50.9,51.1,51.1,50.1,50.5,50.5,50,50.5,49.9,50.1,49.4,48.9,48.6,48.2,47.8,46.6,46,45.4,44.7,44,43.1,42.1,41.4,40.8,39.5,39,39.3,39.1,41.8,43.2,44.4,45.3,46.4,47.3,48,49,49.8,50.9,51.7,52.7,53.1,53.6,54.3,54.5,55.4,56,56.3,57,57.5,58.1,58.2,59.2,59.2,60.1,60.7,60.8,61.2,61.9,62.3,62.8,63.3,63.5,64.2,64.4,64.9,65.2,65.5,66,66.1,66.8,67.1,67.3,67.8,68.1,68.3,68.5,69.1,69.3,70,70,70.3,70.3,71,104.5,103,101,98.9,97.1,94.8,96.4,95,93.9,93,90.6,89.9,88.9,87.1,87.4,86.1,85.8,84,82.8,82.1,81,80.3,78.6,77.9,77.1,76.6,76.1,75.6,75.2,74.8,75.3,74.8,75.5,76.8,73.4,76.3,77.5,79.5,80.1,80.5,81.1,81.1,81.6,81.4,82,82.2,82.6,82.3,82.6,82.8,82.5,83.2,83.3,83.3,83.8,84,84.6,84.5,85.1,84.9,85.7,86.2,86.1,86.2,87,87,87.4,87.6,87.8,88.2,88.1,88.6,88.7,88.7,88.9,88.9,89.5,89.7,89.7,90.1,90.4,90.4,90.8,91.3,91.5,92.2,92.2,92.3,92.1,92.9,TT,O,,2016,5,1,11/12/2003,2.963374029,8.538294058,9.27209666,4.869281046,,,,,,49.4,51.3,50.9,51.1,51.1,50.1,50.5,50.5,50,50.5,49.9,50.1,49.4,48.9,48.6,48.2,47.8,46.6,46,45.4,44.7,44,43.1,42.1,41.4,40.8,39.5,39,39.3,39.1,41.8,43.2,44.4,45.3,46.4,47.3,48,49,49.8,50.9,51.7,52.7,53.1,53.6,54.3,54.5,55.4,56,56.3,57,57.5,58.1,58.2,59.2,59.2,60.1,60.7,60.8,61.2,61.9,62.3,62.8,63.3,63.5,64.2,64.4,64.9,65.2,65.5,66,66.1,66.8,67.1,67.3,67.8,68.1,68.3,68.5,69.1,69.3,70,70,70.3,70.3,71,,,,,,94.8,96.4,95,93.9,93,90.6,89.9,88.9,87.1,87.4,86.1,85.8,84,82.8,82.1,81,80.3,78.6,77.9,77.1,76.6,76.1,75.6,75.2,74.8,75.3,74.8,75.5,76.8,73.4,76.3,77.5,79.5,80.1,80.5,81.1,81.1,81.6,81.4,82,82.2,82.6,82.3,82.6,82.8,82.5,83.2,83.3,83.3,83.8,84,84.6,84.5,85.1,84.9,85.7,86.2,86.1,86.2,87,87,87.4,87.6,87.8,88.2,88.1,88.6,88.7,88.7,88.9,88.9,89.5,89.7,89.7,90.1,90.4,90.4,90.8,91.3,91.5,92.2,92.2,92.3,92.1,92.9,4679,7215.8,55.04705882,84.89176471,55,115,6,6
33,2,A,S,2,30.6,149,96,4,0,55,45,-19,1.5,0,0,0,90,1610,36,30,55.7,56.7,55.8,55.6,54.9,55.4,55,54,53.7,54.3,54,53.3,54.6,55.3,53,55.4,54.4,54.2,54.8,54,52.1,53,52.7,51.4,51.6,51.8,51.3,50.9,49.9,48.9,,,,,,,,,,,,,,,,,,,,,,,,,,,,,,,,,,,,,,,,,,,,,,,,,,,,,,,,,,,,,110.4,110.9,110.4,110.4,110.1,110,110,109.6,109.6,109,108.9,108.7,108,107.4,107.7,106.3,106.2,105.9,105.6,105.5,105.9,105.4,105.5,105.1,104.2,103.4,103.1,103.1,103.1,103,,,,,,,,,,,,,,,,,,,,,,,,,,,,,,,,,,,,,,,,,,,,,,,,,,,,,,,,,,,,,FS,O,,2016,6,1,11/12/2003,4.869281046,8.538294058,9.27209666,4.869281046,,,,,,,,,,,54,53.3,54.6,55.3,53,55.4,54.4,54.2,54.8,54,52.1,53,52.7,51.4,51.6,51.8,51.3,50.9,49.9,48.9,,,,,,,,,,,,,,,,,,,,,,,,,,,,,,,,,,,,,,,,,,,,,,,,,,,,,,,,,,,,,,,,,,,,,,,108.9,108.7,108,107.4,107.7,106.3,106.2,105.9,105.6,105.5,105.9,105.4,105.5,105.1,104.2,103.4,103.1,103.1,103.1,103,,,,,,,,,,,,,,,,,,,,,,,,,,,,,,,,,,,,,,,,,,,,,,,,,,,,,,,,,,,,,1056.6,2112,52.83,105.6,55,115,11,11
37,1,A,S,2,90.1,1675,38,13,9,33,58,57,1.5,0,0,0,90,1610,38,90,56.9,54,51.3,49,46.4,44.9,49.2,54,48.1,44,43.2,45.3,46.2,49.3,62.7,64.5,62.9,73.6,91.4,91.4,88.5,94.4,95.6,96,83.2,56.8,26.2,13.8,29.5,40.5,38.5,44.6,54.6,67.6,75.9,83.6,91.4,86.5,80.9,78.7,87.9,111.7,123.6,121.7,117.9,114.8,113,107.7,98.9,91.1,81.5,72.2,64,56.9,55.2,54.7,53,39,23.8,29.2,48.9,52.6,58.6,69.5,79.9,92.3,98,101.4,110.1,118.2,113.5,107.7,103.5,91.3,77.6,64.6,52.7,41.1,41.4,44.5,43.5,43.9,57.1,78.4,81.2,76.4,70.4,61.2,58.9,80,106.5,104.4,102.9,101.5,100.2,99,101.6,109.7,119.8,126,128.5,127.9,124.7,119.2,122.5,117.3,105.6,97.1,95.7,91.3,79.9,66.3,60.8,44.6,33.2,37.1,60.1,83.7,108,123,123.6,126.9,124.8,121.6,113.6,103.1,97.4,86.8,77.3,51.7,25.8,26.9,38,36.3,34.6,39.6,54.9,67,75.9,89.9,100.6,106.3,112.5,116.3,112.3,107,110.5,108,106,111,119.1,118.2,115.1,108.6,102.9,96.3,88.4,80.6,71,66.8,67.6,68.5,71,79.2,92.6,108.6,117.6,121.3,126.5,127,122.6,111.6,102.6,106.1,104.4,91.5,78.6,59.1,32,26,TT,O,,2016,1,1,11/11/2003,18.59045505,17.50410984,17.05721939,19.73856209,,,51.3,49,46.4,44.9,49.2,54,48.1,44,43.2,45.3,46.2,49.3,62.7,64.5,62.9,73.6,91.4,91.4,88.5,94.4,95.6,96,83.2,56.8,26.2,13.8,29.5,40.5,38.5,44.6,54.6,67.6,75.9,83.6,91.4,86.5,80.9,78.7,87.9,111.7,123.6,121.7,117.9,114.8,113,107.7,98.9,91.1,81.5,72.2,64,56.9,55.2,54.7,53,39,23.8,29.2,48.9,52.6,58.6,69.5,79.9,92.3,98,101.4,110.1,118.2,113.5,107.7,103.5,91.3,77.6,64.6,52.7,41.1,41.4,44.5,43.5,43.9,57.1,78.4,81.2,76.4,70.4,61.2,58.9,80,,,102.9,101.5,100.2,99,101.6,109.7,119.8,126,128.5,127.9,124.7,119.2,122.5,117.3,105.6,97.1,95.7,91.3,79.9,66.3,60.8,44.6,33.2,37.1,60.1,83.7,108,123,123.6,126.9,124.8,121.6,113.6,103.1,97.4,86.8,77.3,51.7,25.8,26.9,38,36.3,34.6,39.6,54.9,67,75.9,89.9,100.6,106.3,112.5,116.3,112.3,107,110.5,108,106,111,119.1,118.2,115.1,108.6,102.9,96.3,88.4,80.6,71,66.8,67.6,68.5,71,79.2,92.6,108.6,117.6,121.3,126.5,127,122.6,111.6,102.6,106.1,104.4,91.5,78.6,59.1,32,26,6180.4,8074.8,70.23181818,91.75909091,55,115,3,3
38,1,A,W,2,90.1,1644,24,22,21,42,37,-76,1.5,0,2,0,90,1610,38,90,113.8,114.9,114.4,114.8,115.6,114.2,109.3,101.9,90.4,78.8,60.4,44.5,35.2,42.6,45.1,42.7,24.9,15,33.7,60.5,86.4,105.2,116,113.9,111.5,102.2,89.5,71.9,59.4,54.3,55.3,55.2,54.5,54.3,53.4,50.4,37.2,23.6,22.8,52.6,75.3,89.6,87.5,84.6,75.6,64.2,47.4,42.7,43.3,47.3,57.1,61.3,58,62.5,74.6,91,106.2,103.6,99.5,98.7,103.2,112.6,121.6,118.9,116.3,113.3,107.6,102,86.6,66.3,45.5,38.1,47.6,64.7,76.6,75.2,77,79.4,82.8,82.1,79.3,73.4,57.3,43,51.8,72.5,95.8,102.1,98.4,95.2,63.7,65.9,65.8,64.1,61.6,56.9,44.3,28.4,7.6,12.6,37.6,68.2,94.4,118.3,123.8,122.3,109.5,89.4,63.4,33,8.5,25.2,47.6,53.8,51.8,54.1,58.3,71.4,88.2,109.8,121.7,123.2,121.1,120.9,120.5,119.3,113.6,106.1,90.4,82.4,84.8,91.4,90.9,86.7,91.3,100.3,112.7,125.3,128.3,126.7,124.9,121.7,109.8,96.8,84.3,75,72.3,71.8,65.6,56.9,43.6,34.5,37.1,34,30.8,30.8,36.7,47.5,49.6,47.1,44.8,53.6,71.5,93.3,107.5,106.9,103.2,94.2,82.8,67.6,47.2,24.6,28.8,48.3,55.6,62.3,73.1,77.7,75,75.9,TT,O,,2016,2,1,11/11/2003,18.2463929,17.50410984,17.05721939,19.73856209,,,,,,,109.3,101.9,90.4,78.8,60.4,44.5,35.2,42.6,45.1,42.7,24.9,15,33.7,60.5,86.4,105.2,116,113.9,111.5,102.2,89.5,71.9,59.4,54.3,55.3,55.2,54.5,54.3,53.4,50.4,37.2,23.6,22.8,52.6,75.3,89.6,87.5,84.6,75.6,64.2,47.4,42.7,43.3,47.3,57.1,61.3,58,62.5,74.6,91,106.2,103.6,99.5,98.7,103.2,112.6,121.6,118.9,116.3,113.3,107.6,102,86.6,66.3,45.5,38.1,47.6,64.7,76.6,75.2,77,79.4,82.8,82.1,79.3,73.4,57.3,43,51.8,72.5,95.8,102.1,98.4,95.2,,,,,,,44.3,28.4,7.6,12.6,37.6,68.2,94.4,118.3,123.8,122.3,109.5,89.4,63.4,33,8.5,25.2,47.6,53.8,51.8,54.1,58.3,71.4,88.2,109.8,121.7,123.2,121.1,120.9,120.5,119.3,113.6,106.1,90.4,82.4,84.8,91.4,90.9,86.7,91.3,100.3,112.7,125.3,128.3,126.7,124.9,121.7,109.8,96.8,84.3,75,72.3,71.8,65.6,56.9,43.6,34.5,37.1,34,30.8,30.8,36.7,47.5,49.6,47.1,44.8,53.6,71.5,93.3,107.5,106.9,103.2,94.2,82.8,67.6,47.2,24.6,28.8,48.3,55.6,62.3,73.1,77.7,75,75.9,6110.8,6343.8,72.74761905,75.52142857,115,55,7,7
39,1,A,N,2,8.1,120,17,68,53,46,1,47,1.5,0,0,0,90,1610,38,8,110.4,107.6,103.3,97.7,83.4,64.4,41,15.8,,,,,,,,,,,,,,,,,,,,,,,,,,,,,,,,,,,,,,,,,,,,,,,,,,,,,,,,,,,,,,,,,,,,,,,,,,,,,,,,,,,53.4,48.8,44.1,33.7,25.8,31.1,47.5,70.2,,,,,,,,,,,,,,,,,,,,,,,,,,,,,,,,,,,,,,,,,,,,,,,,,,,,,,,,,,,,,,,,,,,,,,,,,,,,,,,,,,,TT,O,,2016,3,1,11/11/2003,14.81481482,17.50410984,17.05721939,19.73856209,,,,,,,41,15.8,,,,,,,,,,,,,,,,,,,,,,,,,,,,,,,,,,,,,,,,,,,,,,,,,,,,,,,,,,,,,,,,,,,,,,,,,,,,,,,,,,,,,,,,,47.5,70.2,,,,,,,,,,,,,,,,,,,,,,,,,,,,,,,,,,,,,,,,,,,,,,,,,,,,,,,,,,,,,,,,,,,,,,,,,,,,,,,,,,,56.8,117.7,28.4,58.85,115,55,7,7
37,2,A,N,2,25.7,412,37,44,19,65,16,81,1.5,0,0,0,90,1610,38,25,112.8,112.4,112.1,112.1,111.7,111.1,111,108.9,108,105.6,97.9,84.5,79.1,80.3,78.4,57.2,34.9,23.4,35.4,41.9,37.2,27.8,24.3,24.2,21.3,,,,,,,,,,,,,,,,,,,,,,,,,,,,,,,,,,,,,,,,,,,,,,,,,,,,,,,,,,,,,,,,,,53.4,50.2,47,44,41.2,38.5,36,32.7,27.2,21.5,25.9,40.2,65,90.5,98,93,94,104.3,120.3,125.6,118.9,103.8,87.3,77.3,68.1,,,,,,,,,,,,,,,,,,,,,,,,,,,,,,,,,,,,,,,,,,,,,,,,,,,,,,,,,,,,,,,,,,TT,O,,2016,4,1,11/12/2003,16.03112841,17.50410984,17.05721939,19.73856209,,,,,,,111,108.9,108,105.6,97.9,84.5,79.1,80.3,78.4,57.2,34.9,23.4,35.4,41.9,37.2,27.8,24.3,24.2,21.3,,,,,,,,,,,,,,,,,,,,,,,,,,,,,,,,,,,,,,,,,,,,,,,,,,,,,,,,,,,,,,,,,,,,,,,,36,32.7,27.2,21.5,25.9,40.2,65,90.5,98,93,94,104.3,120.3,125.6,118.9,103.8,87.3,77.3,68.1,,,,,,,,,,,,,,,,,,,,,,,,,,,,,,,,,,,,,,,,,,,,,,,,,,,,,,,,,,,,,,,,,,1181.3,1429.6,62.17368421,75.24210526,115,55,7,7
38,2,A,E,2,48.4,852,28,13,44,32,24,87,1.5,2,0,0,90,1610,38,48,56.7,56.2,60,61.7,63.5,61,62.1,69.6,82.2,95.7,100.5,97.1,81.4,63.3,45.5,33.2,30,40.2,40.9,29.1,37.6,49.8,51.6,45.5,42.3,40.9,40.4,40.5,40.8,40.3,27.4,10.7,25.5,43.7,43.2,35,39.8,50.8,54.8,56.4,52.2,58.8,73.1,82,78.9,62.9,42.9,18.5,,,,,,,,,,,,,,,,,,,,,,,,,,,,,,,,,,,,,,,,,,,111,109.7,113.3,114.2,111.4,99.6,85.6,70,53.2,41.1,37.1,25,15.2,22.9,42.5,63.6,90.3,116.4,125.7,112.9,107.3,102.1,98.9,86.7,78.1,72,67.8,62.3,59.7,61.4,62.5,82.5,108,124.8,123,108.9,90.1,71.6,56.6,38.4,35.5,52.6,78.1,95.5,94.5,87.9,83.4,85.1,,,,,,,,,,,,,,,,,,,,,,,,,,,,,,,,,,,,,,,,,,,TT,O,,2016,5,1,11/12/2003,17.60330579,17.50410984,17.05721939,19.73856209,,,60,61.7,63.5,61,62.1,69.6,82.2,95.7,100.5,97.1,81.4,63.3,45.5,33.2,30,40.2,40.9,29.1,37.6,49.8,51.6,45.5,42.3,40.9,40.4,40.5,40.8,40.3,27.4,10.7,25.5,43.7,43.2,35,39.8,50.8,54.8,56.4,52.2,58.8,73.1,82,78.9,62.9,42.9,18.5,,,,,,,,,,,,,,,,,,,,,,,,,,,,,,,,,,,,,,,,,,,,,113.3,114.2,111.4,99.6,85.6,70,53.2,41.1,37.1,25,15.2,22.9,42.5,63.6,90.3,116.4,125.7,112.9,107.3,102.1,98.9,86.7,78.1,72,67.8,62.3,59.7,61.4,62.5,82.5,108,124.8,123,108.9,90.1,71.6,56.6,38.4,35.5,52.6,78.1,95.5,94.5,87.9,83.4,85.1,,,,,,,,,,,,,,,,,,,,,,,,,,,,,,,,,,,,,,,,,,,2403.3,3615.3,52.24565217,78.59347826,55,115,3,3
39,2,A,S,2,30.6,604,60,9,22,38,40,27,1.5,0,0,0,90,1610,38,30,61.2,58.2,57.8,54.2,39.9,32.7,39.6,46.7,37.2,43.9,65,76.9,74.3,65.2,57.2,59.9,71.8,80.3,67.8,49.2,36.9,41.9,35.8,25.8,18.7,14.3,16.1,35.3,34.9,23.1,,,,,,,,,,,,,,,,,,,,,,,,,,,,,,,,,,,,,,,,,,,,,,,,,,,,,,,,,,,,,112.3,108.9,107.2,109.1,111,115.4,123.7,125.4,105.8,82.4,66.1,54.9,46.6,32.4,30.1,46.8,71,94.2,102.2,107,116.8,127,119.6,106.8,97.7,95.7,100.6,119.9,120.1,107.9,,,,,,,,,,,,,,,,,,,,,,,,,,,,,,,,,,,,,,,,,,,,,,,,,,,,,,,,,,,,,FS,O,,2016,6,1,11/12/2003,19.73856209,17.50410984,17.05721939,19.73856209,,,57.8,54.2,39.9,32.7,39.6,46.7,37.2,43.9,65,76.9,74.3,65.2,57.2,59.9,71.8,80.3,67.8,49.2,36.9,41.9,35.8,25.8,18.7,14.3,16.1,35.3,34.9,23.1,,,,,,,,,,,,,,,,,,,,,,,,,,,,,,,,,,,,,,,,,,,,,,,,,,,,,,,,,,,,,,,107.2,109.1,111,115.4,123.7,125.4,105.8,82.4,66.1,54.9,46.6,32.4,30.1,46.8,71,94.2,102.2,107,116.8,127,119.6,106.8,97.7,95.7,100.6,119.9,120.1,107.9,,,,,,,,,,,,,,,,,,,,,,,,,,,,,,,,,,,,,,,,,,,,,,,,,,,,,,,,,,,,,1302.4,2643.4,46.51428571,94.40714286,55,115,3,3
40,1,A,S,2,90.1,1405,32,22,15,29,56,20,1.5,0,0,0,90,1610,39,90,57.1,57.4,56.8,56.1,58.4,52.4,39.7,40.4,49.9,73.5,97.9,111.6,114.8,119.5,121,121.5,120,111.4,99.6,89.2,73.1,63.6,51.8,43.7,50.3,67.5,69.8,67.3,56,58.3,65.1,65.4,73.7,88.5,98.4,95.1,96,95.9,101.9,108.5,112.5,108.6,108.7,112,122.2,123.5,121.4,116.8,111.3,104.3,96.7,93.1,92.9,78,54.2,35.4,44.7,52.1,50.8,49.1,52.4,61.4,69.7,67.6,66.2,68.9,70.2,71.9,79.7,88.5,84.9,82.7,68.5,44.4,34.1,39.3,41.9,37.5,44.1,47.8,44.5,47.8,47.8,41.9,40.4,40.5,40.6,42.1,42.4,44.6,108.2,107.8,107.8,105.3,105.4,108.6,100.8,86,64.8,46.5,46.2,55.7,56.7,55.9,46.3,38,34.7,26,19.6,25,35.3,29.6,34.1,42.2,42.2,25.8,16.5,23.4,47.4,82.3,85.9,82.9,70.8,80.8,90.5,88.2,92,89.4,80,66,57.2,47.5,35.1,28.8,37.2,41.4,48.2,60.1,70.2,78.9,85.7,82.9,83.5,83.9,82,95.7,115.9,119.2,117.3,116,113.7,111.2,106.9,107.5,105.2,104.7,97.4,89.4,90.5,94.1,92.5,91.8,95.1,101.7,111.1,123.5,127,122.1,123.6,124.2,121.7,121.8,121.3,120,121.9,124.3,124.8,126.7,126.1,126.1,TT,O,,2016,1,1,11/11/2003,15.59378468,18.61195234,18.50372392,19.15309446,,,56.8,56.1,58.4,52.4,39.7,40.4,49.9,73.5,97.9,111.6,114.8,119.5,121,121.5,120,111.4,99.6,89.2,73.1,63.6,51.8,43.7,50.3,67.5,69.8,67.3,56,58.3,65.1,65.4,73.7,88.5,98.4,95.1,96,95.9,101.9,108.5,112.5,108.6,108.7,112,122.2,123.5,121.4,116.8,111.3,104.3,96.7,93.1,92.9,78,54.2,35.4,44.7,52.1,50.8,49.1,52.4,61.4,69.7,67.6,66.2,68.9,70.2,71.9,79.7,88.5,84.9,82.7,68.5,44.4,34.1,39.3,41.9,37.5,44.1,47.8,44.5,47.8,47.8,41.9,40.4,40.5,40.6,42.1,42.4,44.6,,,107.8,105.3,105.4,108.6,100.8,86,64.8,46.5,46.2,55.7,56.7,55.9,46.3,38,34.7,26,19.6,25,35.3,29.6,34.1,42.2,42.2,25.8,16.5,23.4,47.4,82.3,85.9,82.9,70.8,80.8,90.5,88.2,92,89.4,80,66,57.2,47.5,35.1,28.8,37.2,41.4,48.2,60.1,70.2,78.9,85.7,82.9,83.5,83.9,82,95.7,115.9,119.2,117.3,116,113.7,111.2,106.9,107.5,105.2,104.7,97.4,89.4,90.5,94.1,92.5,91.8,95.1,101.7,111.1,123.5,127,122.1,123.6,124.2,121.7,121.8,121.3,120,121.9,124.3,124.8,126.7,126.1,126.1,6466.2,7189.2,73.47954546,81.69545455,55,115,3,3
41,1,A,W,2,90.1,1560,19,25,10,37,53,-7,1.5,0,0,0,90,1610,39,90,113.7,110,99.1,82.3,85.6,90.4,94.3,113.5,115.8,109.1,102.2,94.4,94.9,95.5,91.9,82.1,75,67.1,71.6,72.5,66.4,57.9,49.6,41.9,42.8,45.3,51,62,70.9,76.7,80.8,89.5,107.9,116,113.8,115.1,119.2,122.7,120.9,117,113,105.3,100.3,108.6,109.4,103.7,98.2,90.4,82.8,76.1,67.3,59.1,56.2,59.2,60.8,61.6,51.4,35.9,23.1,28.7,43.9,42.2,39.1,40.1,46.9,55.3,63.2,70.3,75.9,73.7,77.4,80.6,81.7,87.6,96.1,105.7,111.9,120.5,121.6,122.7,119.5,118.2,115.2,108.2,102.5,94.2,85.4,76.8,65.7,57.5,58.1,55.4,48.9,32.2,23.2,23.4,34,59.4,64.3,61.2,63.9,72.5,81.4,86.9,84.5,74.6,74,84.3,102.7,109.7,108.6,115.5,120.7,123.7,127.9,126.6,122.9,118.3,107.9,91.5,72.4,50,46.8,53.9,48.1,41,36.3,37.1,35.3,31.6,29.8,32.9,49.1,71.5,74.9,73.4,79.3,94.1,99.6,102,106.3,109.4,112.6,112.4,109.8,110.5,109.4,107.4,106,114,127.3,122,109.3,91.2,68.1,45.8,25.8,21.9,41.2,68,93.9,104.3,100.9,95.3,90.2,81.8,69.7,59.4,48.7,40.4,35.4,41.7,49.8,55.2,71.9,87.1,97,106.4,115.4,121.7,TT,O,,2016,2,1,11/11/2003,17.31409545,18.61195234,18.50372392,19.15309446,,,,,,90.4,94.3,113.5,115.8,109.1,102.2,94.4,94.9,95.5,91.9,82.1,75,67.1,71.6,72.5,66.4,57.9,49.6,41.9,42.8,45.3,51,62,70.9,76.7,80.8,89.5,107.9,116,113.8,115.1,119.2,122.7,120.9,117,113,105.3,100.3,108.6,109.4,103.7,98.2,90.4,82.8,76.1,67.3,59.1,56.2,59.2,60.8,61.6,51.4,35.9,23.1,28.7,43.9,42.2,39.1,40.1,46.9,55.3,63.2,70.3,75.9,73.7,77.4,80.6,81.7,87.6,96.1,105.7,111.9,120.5,121.6,122.7,119.5,118.2,115.2,108.2,102.5,94.2,85.4,76.8,65.7,57.5,,,,,,23.4,34,59.4,64.3,61.2,63.9,72.5,81.4,86.9,84.5,74.6,74,84.3,102.7,109.7,108.6,115.5,120.7,123.7,127.9,126.6,122.9,118.3,107.9,91.5,72.4,50,46.8,53.9,48.1,41,36.3,37.1,35.3,31.6,29.8,32.9,49.1,71.5,74.9,73.4,79.3,94.1,99.6,102,106.3,109.4,112.6,112.4,109.8,110.5,109.4,107.4,106,114,127.3,122,109.3,91.2,68.1,45.8,25.8,21.9,41.2,68,93.9,104.3,100.9,95.3,90.2,81.8,69.7,59.4,48.7,40.4,35.4,41.7,49.8,55.2,71.9,87.1,97,106.4,115.4,121.7,7028.4,6784.1,82.68705882,79.81294118,115,55,6,6
42,1,A,N,2,16.2,255,7,68,18,70,12,105,1.5,1,0,0,90,1610,39,16,113.1,112.7,113,116.9,116.4,115.7,117.3,117.8,121.3,120.6,114.3,106.4,93.6,69.5,40.1,12,,,,,,,,,,,,,,,,,,,,,,,,,,,,,,,,,,,,,,,,,,,,,,,,,,,,,,,,,,,,,,,,,,,,,,,,,,,56.3,54.3,51.2,49.9,46.7,38.8,34.3,32.7,40.7,48.1,52.7,56.7,58.9,61.7,68.6,77.9,,,,,,,,,,,,,,,,,,,,,,,,,,,,,,,,,,,,,,,,,,,,,,,,,,,,,,,,,,,,,,,,,,,,,,,,,,,TT,O,,2016,3,1,11/11/2003,15.74074074,18.61195234,18.50372392,19.15309446,,,,,,115.7,117.3,117.8,121.3,120.6,114.3,106.4,93.6,69.5,40.1,12,,,,,,,,,,,,,,,,,,,,,,,,,,,,,,,,,,,,,,,,,,,,,,,,,,,,,,,,,,,,,,,,,,,,,,,,,,,,,,,,38.8,34.3,32.7,40.7,48.1,52.7,56.7,58.9,61.7,68.6,77.9,,,,,,,,,,,,,,,,,,,,,,,,,,,,,,,,,,,,,,,,,,,,,,,,,,,,,,,,,,,,,,,,,,,,,,,,,,,1028.6,571.1,93.50909091,51.91818182,115,55,6,6
40,2,A,N,2,90.1,2124,16,30,9,40,51,64,1.5,0,0,0,90,1610,39,90,111.2,107.9,106.2,99.1,83.7,62.8,45.8,47.8,54,57.4,81.9,90.8,88.4,87.3,75.2,59.5,44.5,43.3,48.1,56.6,71,84.9,93.3,103.2,113.7,117.3,120,122.6,121.8,118.9,114.6,108.1,100.9,89.9,76.2,61.4,47.7,43.7,47,54.6,67.3,77.5,88,96.5,106.1,113,115.9,120.3,122.6,121.8,116.6,110.6,102.9,88.5,72.8,52.2,45.8,43.1,37.5,44.1,51,58.3,67.5,80.4,98.9,118.7,122.4,120.9,116.2,111.7,106.5,98.9,90.4,91,99.4,105.8,111.5,112.5,110.1,107.8,106.2,101.9,90.7,78.3,67.3,54.5,41.1,55.8,58.1,58.3,53.7,49.3,42.5,27.7,12.7,23.7,46.6,61.7,68.3,74.9,84.4,88.5,87.1,96.1,105.2,114.2,123.6,128.3,126.9,119.5,112.4,102.1,85.3,68.6,56.1,45.7,37.6,37.8,42.9,51.3,64.2,73.9,84.1,95,104.2,113.8,124.1,128.8,128.1,123.7,119.5,109.8,97.8,83.9,70.2,56.8,45.9,37.7,38.1,45,53.6,66,81.8,87.1,92.8,103.6,118.5,122.5,122.6,123.4,114.7,98.6,76.7,53.8,36.8,37.9,37.1,37.7,41.9,52.8,73.3,85.9,91.4,91.4,85.2,71.6,56.3,38.6,25.6,31.7,49.5,65.8,79.1,83.5,76.5,69.9,86.1,105.5,99.8,90.4,TT,O,,2016,4,1,11/12/2003,23.57380688,18.61195234,18.50372392,19.15309446,,,,,,62.8,45.8,47.8,54,57.4,81.9,90.8,88.4,87.3,75.2,59.5,44.5,43.3,48.1,56.6,71,84.9,93.3,103.2,113.7,117.3,120,122.6,121.8,118.9,114.6,108.1,100.9,89.9,76.2,61.4,47.7,43.7,47,54.6,67.3,77.5,88,96.5,106.1,113,115.9,120.3,122.6,121.8,116.6,110.6,102.9,88.5,72.8,52.2,45.8,43.1,37.5,44.1,51,58.3,67.5,80.4,98.9,118.7,122.4,120.9,116.2,111.7,106.5,98.9,90.4,91,99.4,105.8,111.5,112.5,110.1,107.8,106.2,101.9,90.7,78.3,67.3,54.5,41.1,55.8,58.1,58.3,,,,,,23.7,46.6,61.7,68.3,74.9,84.4,88.5,87.1,96.1,105.2,114.2,123.6,128.3,126.9,119.5,112.4,102.1,85.3,68.6,56.1,45.7,37.6,37.8,42.9,51.3,64.2,73.9,84.1,95,104.2,113.8,124.1,128.8,128.1,123.7,119.5,109.8,97.8,83.9,70.2,56.8,45.9,37.7,38.1,45,53.6,66,81.8,87.1,92.8,103.6,118.5,122.5,122.6,123.4,114.7,98.6,76.7,53.8,36.8,37.9,37.1,37.7,41.9,52.8,73.3,85.9,91.4,91.4,85.2,71.6,56.3,38.6,25.6,31.7,49.5,65.8,79.1,83.5,76.5,69.9,86.1,105.5,99.8,90.4,7189.4,6750.4,84.58117647,79.41647059,115,55,6,6
41,2,A,E,2,70.9,1439,28,19,13,42,45,-31,1.5,1,1,0,90,1610,39,70,60.4,56.5,44.9,34.4,39,54.1,68.4,81.3,91.9,103.3,112.6,116.7,116.4,114.3,111,105.5,98.6,89.8,81,70.2,61.5,53.5,46.3,42.7,48,56.4,63.1,67.3,71.5,74.8,80.2,86.3,90.7,95.6,100.3,99.3,95.1,83.6,72.7,55.9,48,44.5,40.8,42.2,42.6,41.4,42.8,46.4,51.8,56.9,65.6,78.8,94.2,103.9,104.5,104.8,103.6,103.9,104.8,103.1,100.5,100.9,106.1,112.2,108.1,100.3,87.6,70.5,50.4,26.9,,,,,,,,,,,,,,,,,,,,,116.9,115.3,116.4,117.5,121.6,117.5,107.8,96,81.6,66.5,52.5,39.1,31.6,37.6,51.7,66.5,81.1,91.1,102.5,114.1,120.7,121.4,115.3,112,121.8,122.6,119,111.1,99,81.1,60.3,40.6,20.2,12.8,33.3,51.9,70.8,81.5,89.3,103.5,115.7,120.4,124.6,127.5,124.7,115.9,102.9,87,74.6,63.4,57.7,62.7,71.2,76.6,76.3,77,72.1,60.2,47.7,31.5,18.2,20.9,43.4,65.2,69.3,72.6,83.6,87.2,86.5,86.5,,,,,,,,,,,,,,,,,,,,,TT,O,,2016,5,1,11/12/2003,20.29619182,18.61195234,18.50372392,19.15309446,,,44.9,34.4,39,54.1,68.4,81.3,91.9,103.3,112.6,116.7,116.4,114.3,111,105.5,98.6,89.8,81,70.2,61.5,53.5,46.3,42.7,48,56.4,63.1,67.3,71.5,74.8,80.2,86.3,90.7,95.6,100.3,99.3,95.1,83.6,72.7,55.9,48,44.5,40.8,42.2,42.6,41.4,42.8,46.4,51.8,56.9,65.6,78.8,94.2,103.9,104.5,104.8,103.6,103.9,104.8,103.1,100.5,100.9,106.1,112.2,108.1,100.3,87.6,70.5,50.4,26.9,,,,,,,,,,,,,,,,,,,,,,,116.4,117.5,121.6,117.5,107.8,96,81.6,66.5,52.5,39.1,31.6,37.6,51.7,66.5,81.1,91.1,102.5,114.1,120.7,121.4,115.3,112,121.8,122.6,119,111.1,99,81.1,60.3,40.6,20.2,12.8,33.3,51.9,70.8,81.5,89.3,103.5,115.7,120.4,124.6,127.5,124.7,115.9,102.9,87,74.6,63.4,57.7,62.7,71.2,76.6,76.3,77,72.1,60.2,47.7,31.5,18.2,20.9,43.4,65.2,69.3,72.6,83.6,87.2,86.5,86.5,,,,,,,,,,,,,,,,,,,,,5266.3,5504,77.44558824,80.94117647,55,115,3,3
42,2,A,S,2,30.7,588,29,49,27,45,28,46,1.5,1,1,0,90,1610,39,30,58.1,50.2,38.5,24.2,9.1,16.6,35.2,61.2,91.6,114.5,117.8,119,116.8,117.1,114.4,110.7,113.8,116.1,114,112.8,114.3,109.7,99.2,87.1,62.9,35.5,30.2,45.4,65.1,67,,,,,,,,,,,,,,,,,,,,,,,,,,,,,,,,,,,,,,,,,,,,,,,,,,,,,,,,,,,,,110.7,115.2,116.5,107.5,90.9,71.6,58.1,53,62,70.8,63.8,52.6,37.8,32,33.5,39.6,49.4,49.7,43.6,40,35.7,26.3,14.2,5.5,23.7,51.8,75.5,100.7,120.4,113.3,,,,,,,,,,,,,,,,,,,,,,,,,,,,,,,,,,,,,,,,,,,,,,,,,,,,,,,,,,,,,FS,O,,2016,6,1,11/12/2003,19.15309446,18.61195234,18.50372392,19.15309446,,,38.5,24.2,9.1,16.6,35.2,61.2,91.6,114.5,117.8,119,116.8,117.1,114.4,110.7,113.8,116.1,114,112.8,114.3,109.7,99.2,87.1,62.9,35.5,30.2,45.4,65.1,67,,,,,,,,,,,,,,,,,,,,,,,,,,,,,,,,,,,,,,,,,,,,,,,,,,,,,,,,,,,,,,,116.5,107.5,90.9,71.6,58.1,53,62,70.8,63.8,52.6,37.8,32,33.5,39.6,49.4,49.7,43.6,40,35.7,26.3,14.2,5.5,23.7,51.8,75.5,100.7,120.4,113.3,,,,,,,,,,,,,,,,,,,,,,,,,,,,,,,,,,,,,,,,,,,,,,,,,,,,,,,,,,,,,2259.8,1639.5,80.70714286,58.55357143,55,115,3,3
43,1,A,S,2,90.1,2155,20,22,1,28,71,57,1.5,0,0,0,90,1610,40,90,55.6,52.7,52.3,50.6,53.3,49.5,42.9,47.3,59.6,73.3,86.1,98.8,107.2,107.9,106.6,100.6,92.4,81,64.8,49.8,40.8,43.7,57.3,76.6,93.6,101.8,106.2,114.5,115.6,105.5,90.3,82.3,80.1,75.7,69.9,68.2,54,36.2,38,45.2,51.7,69.5,88.5,100.5,108.3,116.1,121.9,124.8,123.2,121.6,117.1,111.1,103,95.7,94.4,97,97.4,103.4,110.5,118.8,122.9,121.2,116.2,108.9,100.8,88.7,76.3,60.8,48,42.6,44.9,49.1,59.4,65.2,64,64.9,66.6,73.4,87.8,98.4,107.4,113.1,114,109.3,103.2,102.1,106.6,103.2,93.8,86,103,100.4,96.9,94.9,101.1,119.4,127,128.2,124.6,115.7,101.8,85.7,72.8,69.2,71.3,73.3,85,100.4,112,122.2,125,124.5,115,104.3,93.8,80,61,43.6,31.3,25.2,39.2,67,90.6,106.9,107.3,109.7,111.8,114.2,122.6,124.2,119.3,109.6,100.5,91.3,81.5,69,54.9,43.6,38.1,41.6,51.5,65,78,90,93.4,80.7,66.7,52.5,39.7,34.7,41.6,51.7,63.7,75.1,85.6,95.6,105.3,113.5,121.4,126.6,128.9,125.8,125.5,121.4,117.1,116.3,108.2,98.3,89.3,76.6,64.6,54.6,39.8,25.6,21.5,42.2,67.2,84.2,90.6,95.6,TT,O,,2016,1,1,11/11/2003,23.91786903,21.95595429,21.92230855,22.12418301,,,52.3,50.6,53.3,49.5,42.9,47.3,59.6,73.3,86.1,98.8,107.2,107.9,106.6,100.6,92.4,81,64.8,49.8,40.8,43.7,57.3,76.6,93.6,101.8,106.2,114.5,115.6,105.5,90.3,82.3,80.1,75.7,69.9,68.2,54,36.2,38,45.2,51.7,69.5,88.5,100.5,108.3,116.1,121.9,124.8,123.2,121.6,117.1,111.1,103,95.7,94.4,97,97.4,103.4,110.5,118.8,122.9,121.2,116.2,108.9,100.8,88.7,76.3,60.8,48,42.6,44.9,49.1,59.4,65.2,64,64.9,66.6,73.4,87.8,98.4,107.4,113.1,114,109.3,103.2,102.1,106.6,103.2,93.8,86,,,96.9,94.9,101.1,119.4,127,128.2,124.6,115.7,101.8,85.7,72.8,69.2,71.3,73.3,85,100.4,112,122.2,125,124.5,115,104.3,93.8,80,61,43.6,31.3,25.2,39.2,67,90.6,106.9,107.3,109.7,111.8,114.2,122.6,124.2,119.3,109.6,100.5,91.3,81.5,69,54.9,43.6,38.1,41.6,51.5,65,78,90,93.4,80.7,66.7,52.5,39.7,34.7,41.6,51.7,63.7,75.1,85.6,95.6,105.3,113.5,121.4,126.6,128.9,125.8,125.5,121.4,117.1,116.3,108.2,98.3,89.3,76.6,64.6,54.6,39.8,25.6,21.5,42.2,67.2,84.2,90.6,95.6,7492.8,7573.7,85.14545455,86.06477273,55,115,3,3
44,1,A,W,2,90.1,1750,28,23,4,45,51,19,1.5,0,0,0,90,1610,40,90,114.5,113.4,113.3,110.8,105.9,102.1,88.8,68.3,55.8,52.9,47.2,39.4,41.3,48.6,59.7,72,82.7,91.6,101.8,110.5,113.8,112.6,108.8,102.4,99.7,101.7,113.1,114.2,113.2,109.1,97.2,81.9,56.1,43.3,42.2,43.6,48.2,52,53.2,55.7,55.7,61.7,76.6,97.4,113.6,114.6,113,112.2,110,106.7,101.8,97,98.6,105.4,103.7,94.7,82.4,65,54,44.5,41.8,39.7,36.9,29.6,33.6,50.3,72.4,89.8,92.7,94.1,100.2,106.7,113.1,117.2,116.3,112.8,109.7,110.9,112.3,106.7,101.6,96.6,89.7,76.9,54.9,27.8,15.3,35.8,49,48.4,61.1,57.7,53.8,51.1,48.5,54,59.1,72.7,98.9,117.6,122.2,122.9,125.7,124.9,121.5,115.3,105.5,91.4,77.3,65.3,57,51.7,44.8,26.6,15.8,32.2,60,67.8,68.7,70.9,72.2,74.3,86.4,102.5,122,128.7,128.7,127.3,124.2,119.5,106.2,89.7,73.8,63.6,60,56.7,59.1,56.2,50.5,40,24.6,14.4,35.3,61.6,81.2,87.2,95.4,105.1,116.5,124.7,126.2,125,122.4,112.5,104.8,99.4,99.5,97.8,91,80.6,70.5,60.3,51.8,44.6,35.3,27.5,29.9,48,68.9,76.8,80.4,82.3,84.7,86.1,85.7,88.6,98.5,116.7,126,125,TT,O,,2016,2,1,11/11/2003,19.42286349,21.95595429,21.92230855,22.12418301,,,,,105.9,102.1,88.8,68.3,55.8,52.9,47.2,39.4,41.3,48.6,59.7,72,82.7,91.6,101.8,110.5,113.8,112.6,108.8,102.4,99.7,101.7,113.1,114.2,113.2,109.1,97.2,81.9,56.1,43.3,42.2,43.6,48.2,52,53.2,55.7,55.7,61.7,76.6,97.4,113.6,114.6,113,112.2,110,106.7,101.8,97,98.6,105.4,103.7,94.7,82.4,65,54,44.5,41.8,39.7,36.9,29.6,33.6,50.3,72.4,89.8,92.7,94.1,100.2,106.7,113.1,117.2,116.3,112.8,109.7,110.9,112.3,106.7,101.6,96.6,89.7,76.9,54.9,27.8,15.3,35.8,49,48.4,,,,,48.5,54,59.1,72.7,98.9,117.6,122.2,122.9,125.7,124.9,121.5,115.3,105.5,91.4,77.3,65.3,57,51.7,44.8,26.6,15.8,32.2,60,67.8,68.7,70.9,72.2,74.3,86.4,102.5,122,128.7,128.7,127.3,124.2,119.5,106.2,89.7,73.8,63.6,60,56.7,59.1,56.2,50.5,40,24.6,14.4,35.3,61.6,81.2,87.2,95.4,105.1,116.5,124.7,126.2,125,122.4,112.5,104.8,99.4,99.5,97.8,91,80.6,70.5,60.3,51.8,44.6,35.3,27.5,29.9,48,68.9,76.8,80.4,82.3,84.7,86.1,85.7,88.6,98.5,116.7,126,125,6922,7052.7,80.48837209,82.00813954,115,55,5,5
45,1,A,N,2,90.1,1946,23,27,3,51,46,76,1.5,0,0,0,90,1610,40,90,112.5,112.4,111.9,110.5,108.7,107,109.4,111.2,105.8,93.8,80.6,64.1,47.4,42.6,40.5,45.6,59.4,73.9,81.7,88.4,97.8,108.7,116.9,120.5,117,111.2,106.8,105.3,99.5,89.3,77.8,65.1,51.3,40.3,36.6,43.9,56.7,57.7,56.3,59.9,68.5,83.2,102.4,115.7,117.9,115.3,114.3,117.1,118.3,112.3,101.7,92.9,84.4,72.2,52.8,35.1,21.6,25.9,44.1,58.6,73.7,90.1,100.4,103.6,105.7,107.9,111.2,111.9,111.3,113.4,115.1,108.4,100.5,90.8,81.3,75.4,72.1,63.5,48.2,34.3,30.6,38.4,45.8,54,64.7,74.6,76.7,75.8,75.3,80.3,58.4,54.8,49.2,44.2,28.4,22.3,37.8,60.7,76.4,86.6,95.7,107.3,117.9,126.3,124,118.4,113.8,108,94.5,77.5,59.2,46.9,40.1,35.7,33.1,36.3,48.8,69.9,85.6,93.4,101.1,112.5,119.4,121.9,121.5,122.4,124.9,116.7,103.2,87.2,69.7,53.9,47.6,47,40.7,32.2,29.4,41.7,57.4,67.1,75.5,83.1,96.4,107,109.8,106.9,105.1,106.3,107.7,100.9,93.8,88.5,80.3,69.4,58.6,47.3,34.5,27.9,28.2,42.2,59.8,62.3,65.4,71.2,83.8,100.3,105,102.9,103,107.2,115,121.4,120.1,116.2,111.9,107.5,97.6,83.5,63.9,42,TT,O,,2016,3,1,11/11/2003,21.5982242,21.95595429,21.92230855,22.12418301,,,,,108.7,107,109.4,111.2,105.8,93.8,80.6,64.1,47.4,42.6,40.5,45.6,59.4,73.9,81.7,88.4,97.8,108.7,116.9,120.5,117,111.2,106.8,105.3,99.5,89.3,77.8,65.1,51.3,40.3,36.6,43.9,56.7,57.7,56.3,59.9,68.5,83.2,102.4,115.7,117.9,115.3,114.3,117.1,118.3,112.3,101.7,92.9,84.4,72.2,52.8,35.1,21.6,25.9,44.1,58.6,73.7,90.1,100.4,103.6,105.7,107.9,111.2,111.9,111.3,113.4,115.1,108.4,100.5,90.8,81.3,75.4,72.1,63.5,48.2,34.3,30.6,38.4,45.8,54,64.7,74.6,76.7,75.8,75.3,80.3,,,,,28.4,22.3,37.8,60.7,76.4,86.6,95.7,107.3,117.9,126.3,124,118.4,113.8,108,94.5,77.5,59.2,46.9,40.1,35.7,33.1,36.3,48.8,69.9,85.6,93.4,101.1,112.5,119.4,121.9,121.5,122.4,124.9,116.7,103.2,87.2,69.7,53.9,47.6,47,40.7,32.2,29.4,41.7,57.4,67.1,75.5,83.1,96.4,107,109.8,106.9,105.1,106.3,107.7,100.9,93.8,88.5,80.3,69.4,58.6,47.3,34.5,27.9,28.2,42.2,59.8,62.3,65.4,71.2,83.8,100.3,105,102.9,103,107.2,115,121.4,120.1,116.2,111.9,107.5,97.6,83.5,63.9,42,6968,6971.5,81.02325581,81.06395349,115,55,5,5
43,2,A,N,2,90.1,2061,22,28,14,52,34,79,1.5,0,0,0,90,1610,40,90,112,110.7,110.5,110.9,109.7,107.5,98.8,92.4,91.8,91.3,75.6,50.1,38.2,40,46.6,59.1,73.3,83.8,94.9,107.2,115.2,114.1,105.3,87.6,70.3,68,62.1,47.1,34.9,31.9,41.7,46.7,49.7,58.5,71.1,81.6,85.7,81.7,74,74.8,102.1,118.3,117.8,118.5,115.1,107.9,102.7,91.9,77.9,60.1,45.3,42.1,44.4,39.2,38.5,51.3,66,76.8,88,102.5,112,118.5,120.8,117.4,111,97.8,79.3,59.7,51.3,59.9,58.2,40.9,31.5,37.7,53.5,68.7,78.6,86.9,97,101.1,102.8,104.4,106.3,110.8,106.6,96.2,86.8,79.3,72.1,51.3,56,53.9,51.8,46.5,41.4,27.7,15.7,34.4,67.6,93.7,101.9,109.1,119.4,123.2,116.3,106,94.1,76.4,58.3,44.4,37.5,28.9,25.1,29.9,54.2,84.9,106.8,113.9,116.5,116.3,118,110.2,97.1,80.8,62.6,48.3,39.3,21.3,14.1,32.7,59.8,67.9,66.8,66.2,65.3,67.5,73.5,83.7,94.6,106.2,119.4,126.8,128.6,119.8,107,96.4,85.9,71,53.8,43,39.1,35,35.8,35.9,37.3,38,44.9,66.7,88,109.2,113.8,113.7,115.5,118.1,117.9,112.1,98.8,81.6,66.3,56.7,39.2,22.9,24.6,42.3,54.7,57.5,62,68.3,75,78.6,TT,O,,2016,4,1,11/12/2003,22.8745838,21.95595429,21.92230855,22.12418301,,,,,109.7,107.5,98.8,92.4,91.8,91.3,75.6,50.1,38.2,40,46.6,59.1,73.3,83.8,94.9,107.2,115.2,114.1,105.3,87.6,70.3,68,62.1,47.1,34.9,31.9,41.7,46.7,49.7,58.5,71.1,81.6,85.7,81.7,74,74.8,102.1,118.3,117.8,118.5,115.1,107.9,102.7,91.9,77.9,60.1,45.3,42.1,44.4,39.2,38.5,51.3,66,76.8,88,102.5,112,118.5,120.8,117.4,111,97.8,79.3,59.7,51.3,59.9,58.2,40.9,31.5,37.7,53.5,68.7,78.6,86.9,97,101.1,102.8,104.4,106.3,110.8,106.6,96.2,86.8,79.3,72.1,51.3,,,,,41.4,27.7,15.7,34.4,67.6,93.7,101.9,109.1,119.4,123.2,116.3,106,94.1,76.4,58.3,44.4,37.5,28.9,25.1,29.9,54.2,84.9,106.8,113.9,116.5,116.3,118,110.2,97.1,80.8,62.6,48.3,39.3,21.3,14.1,32.7,59.8,67.9,66.8,66.2,65.3,67.5,73.5,83.7,94.6,106.2,119.4,126.8,128.6,119.8,107,96.4,85.9,71,53.8,43,39.1,35,35.8,35.9,37.3,38,44.9,66.7,88,109.2,113.8,113.7,115.5,118.1,117.9,112.1,98.8,81.6,66.3,56.7,39.2,22.9,24.6,42.3,54.7,57.5,62,68.3,75,78.6,6767.1,6320.7,78.6872093,73.49651163,115,55,5,5
44,2,A,E,2,90.1,1964,25,20,20,55,25,53,1.5,0,0,0,90,1610,40,90,62.8,58.6,51.1,44.5,40,53.5,76.8,106.8,110.8,104.4,89.1,67.9,49.3,37.3,37,38.9,46.6,57.2,70.9,84.1,95,103.3,108.2,109.3,109,109.2,103.7,94.9,82.9,71,62,50.8,38.2,30,34.1,47.6,54.6,58.2,65.5,74.2,85.9,95.5,100.4,100.8,98.2,97,97.4,94.2,92.3,80.5,64.9,54.1,42.9,38,40.6,37.5,30.6,34.4,49.9,70.4,83.5,84.4,85.2,83.5,76.9,70.3,70.9,77.8,80.7,76.5,68.2,50.6,38.9,35.2,30.7,31.8,37.3,50.6,67.5,76.6,81,82.4,85.6,94.3,100.2,104.7,99.9,88.4,71.5,55.1,120,110.1,95.1,77.2,60.5,36.2,37.1,60.7,68.9,70.5,73.3,83,99.7,114.9,122.1,118.7,111.3,99.5,86.7,69.7,52.8,40.5,32,24.2,30,45.8,58.6,71,84.4,97.4,110.5,118.9,117.6,115,115.5,118.5,115,106.4,95.8,82.2,70.4,59.7,53.5,42.9,25,13,21,35.5,45.9,58.7,73.2,94.3,110.8,118.6,125.3,122.9,112.9,103.8,97.3,99.3,99.2,88,74.3,63.1,41.2,21.2,23.6,45.5,68.7,88.7,99.5,104.8,110.2,116.3,116,113.5,105.4,97.7,91.4,78.6,65.1,50.9,32.7,17.1,15.3,21.1,24.7,27.1,36.5,54.5,TT,O,,2016,5,1,11/12/2003,21.79800222,21.95595429,21.92230855,22.12418301,,,51.1,44.5,40,53.5,76.8,106.8,110.8,104.4,89.1,67.9,49.3,37.3,37,38.9,46.6,57.2,70.9,84.1,95,103.3,108.2,109.3,109,109.2,103.7,94.9,82.9,71,62,50.8,38.2,30,34.1,47.6,54.6,58.2,65.5,74.2,85.9,95.5,100.4,100.8,98.2,97,97.4,94.2,92.3,80.5,64.9,54.1,42.9,38,40.6,37.5,30.6,34.4,49.9,70.4,83.5,84.4,85.2,83.5,76.9,70.3,70.9,77.8,80.7,76.5,68.2,50.6,38.9,35.2,30.7,31.8,37.3,50.6,67.5,76.6,81,82.4,85.6,94.3,100.2,104.7,99.9,88.4,71.5,55.1,,,95.1,77.2,60.5,36.2,37.1,60.7,68.9,70.5,73.3,83,99.7,114.9,122.1,118.7,111.3,99.5,86.7,69.7,52.8,40.5,32,24.2,30,45.8,58.6,71,84.4,97.4,110.5,118.9,117.6,115,115.5,118.5,115,106.4,95.8,82.2,70.4,59.7,53.5,42.9,25,13,21,35.5,45.9,58.7,73.2,94.3,110.8,118.6,125.3,122.9,112.9,103.8,97.3,99.3,99.2,88,74.3,63.1,41.2,21.2,23.6,45.5,68.7,88.7,99.5,104.8,110.2,116.3,116,113.5,105.4,97.7,91.4,78.6,65.1,50.9,32.7,17.1,15.3,21.1,24.7,27.1,36.5,54.5,6213.6,6593.1,70.60909091,74.92159091,55,115,3,3
45,2,A,S,2,30.6,677,35,20,16,64,20,41,1.5,1,0,0,90,1610,40,30,59.3,55.9,44.4,25.5,8,28.4,58.3,83.5,96.9,102.5,103.9,108.5,106.8,104.6,96.9,86.5,79.6,70.3,50.8,38.4,32.1,32.7,39.5,50.9,62.1,74,82.6,83.9,81.4,81.2,,,,,,,,,,,,,,,,,,,,,,,,,,,,,,,,,,,,,,,,,,,,,,,,,,,,,,,,,,,,,111.9,110.5,110.6,98.4,83.9,72.6,70.5,70.2,61.7,49.2,40.7,27.5,22.9,32.4,46.3,60.1,80.9,96.7,104.1,111.6,116.7,115.9,113.9,107.7,98.9,89.3,78.7,69.4,54,29.8,,,,,,,,,,,,,,,,,,,,,,,,,,,,,,,,,,,,,,,,,,,,,,,,,,,,,,,,,,,,,FS,O,,2016,6,1,11/12/2003,22.12418301,21.95595429,21.92230855,22.12418301,,55.9,44.4,25.5,8,28.4,58.3,83.5,96.9,102.5,103.9,108.5,106.8,104.6,96.9,86.5,79.6,70.3,50.8,38.4,32.1,32.7,39.5,50.9,62.1,74,82.6,83.9,81.4,81.2,,,,,,,,,,,,,,,,,,,,,,,,,,,,,,,,,,,,,,,,,,,,,,,,,,,,,,,,,,,,,,110.5,110.6,98.4,83.9,72.6,70.5,70.2,61.7,49.2,40.7,27.5,22.9,32.4,46.3,60.1,80.9,96.7,104.1,111.6,116.7,115.9,113.9,107.7,98.9,89.3,78.7,69.4,54,29.8,,,,,,,,,,,,,,,,,,,,,,,,,,,,,,,,,,,,,,,,,,,,,,,,,,,,,,,,,,,,,1970.1,2225.1,67.93448276,76.72758621,55,115,2,2
1,1,B,S,2,90.1,1870,24,28,11,39,50,-118,1.5,0,1,0,90,1610,41,90,57.3,55.1,60.4,60.8,66.5,69.9,75.9,79.4,77.5,71.1,69.3,74.1,70,65.8,48.7,43.4,42.2,40.1,43.4,61.8,76.4,85.2,93.1,111.1,115.9,107.9,102.4,103.2,107.9,105.6,95.6,77.4,59.2,56.1,52.7,49.2,43.8,38.3,35.7,38.4,58.6,72,76.3,79.6,89.2,103.2,103.5,102.3,104.2,112,121.8,122.5,116.9,111.4,109.4,114.1,113.7,107.6,95.9,81.1,66.5,56.9,48.7,35.7,31.7,45,56.1,59.8,59,55.7,55.8,73.4,96.6,112,116.8,115.1,113.6,116.9,122.2,122.5,118.1,117.2,114.4,106.3,88.1,70.3,52.6,46.1,47.2,40.4,107,103.7,106.8,104.3,92.7,73.4,47.8,18.3,13.8,43.5,74.2,103.9,110.8,112.5,114.9,124.7,125.7,125.2,120.4,114.5,104.6,90.3,73,67.3,66.5,55.4,35.7,20.2,25.1,30.5,33.9,39.3,62.9,86,107.4,122.9,126.7,123.8,121,117.1,114.8,109.3,102.8,93.6,85.4,82,81,76.4,63.3,51.8,45.7,42.2,34.6,29.1,33.4,49.9,65.1,74.7,81.6,89.9,101.7,114.7,117.3,115.8,116.5,122.2,124,116.1,99.7,79.6,53.1,24.7,23.8,43.3,51.5,46.9,38.6,33.7,37.6,42.6,47,58.5,63.8,63.5,65.3,73,89.7,108.5,120.6,120,TT,O,,2016,1,1,11/11/2003,20.75471698,14.98972335,15.33407325,13.26797386,,,,60.8,66.5,69.9,75.9,79.4,77.5,71.1,69.3,74.1,70,65.8,48.7,43.4,42.2,40.1,43.4,61.8,76.4,85.2,93.1,111.1,115.9,107.9,102.4,103.2,107.9,105.6,95.6,77.4,59.2,56.1,52.7,49.2,43.8,38.3,35.7,38.4,58.6,72,76.3,79.6,89.2,103.2,103.5,102.3,104.2,112,121.8,122.5,116.9,111.4,109.4,114.1,113.7,107.6,95.9,81.1,66.5,56.9,48.7,35.7,31.7,45,56.1,59.8,59,55.7,55.8,73.4,96.6,112,116.8,115.1,113.6,116.9,122.2,122.5,118.1,117.2,114.4,106.3,88.1,70.3,52.6,46.1,47.2,40.4,,,,104.3,92.7,73.4,47.8,18.3,13.8,43.5,74.2,103.9,110.8,112.5,114.9,124.7,125.7,125.2,120.4,114.5,104.6,90.3,73,67.3,66.5,55.4,35.7,20.2,25.1,30.5,33.9,39.3,62.9,86,107.4,122.9,126.7,123.8,121,117.1,114.8,109.3,102.8,93.6,85.4,82,81,76.4,63.3,51.8,45.7,42.2,34.6,29.1,33.4,49.9,65.1,74.7,81.6,89.9,101.7,114.7,117.3,115.8,116.5,122.2,124,116.1,99.7,79.6,53.1,24.7,23.8,43.3,51.5,46.9,38.6,33.7,37.6,42.6,47,58.5,63.8,63.5,65.3,73,89.7,108.5,120.6,120,6971,6750.1,80.12643678,77.58735632,55,115,4,4
2,1,B,W,2,90.1,1371,18,31,24,39,37,27,1.5,0,0,0,90,1610,41,90,115.5,114.2,109.2,100.1,82.1,81.7,92.4,105.3,116.5,115.7,108.2,97.8,85,66.5,49.7,50.8,59.8,65,68.7,77.1,92.8,106.9,106.8,106,106.9,111.4,120.2,122.7,117.5,110.9,103.8,97.4,88.9,69.7,51.2,32.2,26.8,33.9,39.6,39.2,39,39.3,37.6,28.2,21.1,21.1,33.8,54.4,73.1,89.8,104.9,107.6,106.8,105.9,115.4,115.2,112.8,115.2,115.9,114.6,111.9,108.9,103.4,95.7,87.3,75.8,65.9,61.4,56.2,52.6,54.3,58.4,58.3,49.1,38.8,43.4,60.6,82.6,102.4,104.7,103.8,109.5,112.3,110.2,108.8,104.3,101.6,98.3,93.7,89.9,61.5,61.8,62.1,59.7,43.2,23.8,12.4,20.6,36.6,39.2,35.8,35.8,33.1,30.4,38.9,36.5,26.2,24.3,36.2,55.3,68.6,72.9,64.1,53.8,40,30.5,35.1,39,37,37.8,44.6,53.8,60.5,62.6,65.9,80.1,99,117.1,124.6,123.8,123.7,124.5,122.5,111.1,96.7,76.5,53.8,32.7,30.1,44.5,66.7,70.6,61.5,50.2,46.6,46.1,43.4,47.6,52.6,50.2,53.7,62.8,74.2,86.2,94.5,100.9,106.6,111.2,116.6,118.8,119.5,119.7,116.4,103.5,88.2,70.2,57.4,58.7,71.5,73,69.4,65.2,61.5,63.9,64.6,69.6,78.6,85.1,87.1,93.8,TT,O,,2016,2,1,11/11/2003,15.21642619,14.98972335,15.33407325,13.26797386,,,,,,,92.4,105.3,116.5,115.7,108.2,97.8,85,66.5,49.7,50.8,59.8,65,68.7,77.1,92.8,106.9,106.8,106,106.9,111.4,120.2,122.7,117.5,110.9,103.8,97.4,88.9,69.7,51.2,32.2,26.8,33.9,39.6,39.2,39,39.3,37.6,28.2,21.1,21.1,33.8,54.4,73.1,89.8,104.9,107.6,106.8,105.9,115.4,115.2,112.8,115.2,115.9,114.6,111.9,108.9,103.4,95.7,87.3,75.8,65.9,61.4,56.2,52.6,54.3,58.4,58.3,49.1,38.8,43.4,60.6,82.6,102.4,104.7,103.8,109.5,112.3,110.2,108.8,104.3,101.6,98.3,93.7,89.9,,,,,,,12.4,20.6,36.6,39.2,35.8,35.8,33.1,30.4,38.9,36.5,26.2,24.3,36.2,55.3,68.6,72.9,64.1,53.8,40,30.5,35.1,39,37,37.8,44.6,53.8,60.5,62.6,65.9,80.1,99,117.1,124.6,123.8,123.7,124.5,122.5,111.1,96.7,76.5,53.8,32.7,30.1,44.5,66.7,70.6,61.5,50.2,46.6,46.1,43.4,47.6,52.6,50.2,53.7,62.8,74.2,86.2,94.5,100.9,106.6,111.2,116.6,118.8,119.5,119.7,116.4,103.5,88.2,70.2,57.4,58.7,71.5,73,69.4,65.2,61.5,63.9,64.6,69.6,78.6,85.1,87.1,93.8,6899.1,5666.1,82.13214286,67.45357143,115,55,7,7
3,1,B,N,2,90.1,782,0,19,3,33,64,-25,1.5,0,1,0,90,1610,41,90,112.1,109.3,106.1,103.1,89.2,83.8,82.4,89.4,106,119.1,121.3,120.8,119.4,122.4,123.1,122.3,122.8,121,120.6,119,115.9,115.8,114.1,111.3,107.6,104.5,101.6,96.9,92.5,86.8,84.6,93.2,100.9,105.5,101.5,103,104.7,105.6,106.2,107.9,105.7,107.2,104.5,106.2,102,103,102.5,101.8,100.2,99.5,97.2,96.3,93.7,93.2,92.7,89.9,86.7,79.9,74.1,73.8,76.9,80.9,78.9,80.1,81.5,91.2,98.5,99.7,104.2,104,102.1,103.4,109,108.8,107.9,107.2,106.7,105.6,103.7,104,104.9,107.9,110.9,108,109.9,107.7,108.1,110,105.1,106.5,60.4,58.9,59.2,58.7,54.5,45.2,27.3,12,20.4,33.5,35.7,35.3,34.1,37.6,38.4,37.8,38,35.9,35.3,36.5,39.5,50.4,60.2,64,66.6,71.9,78.9,77.6,76.5,74.9,60.6,62.8,71.9,76.4,73.4,75.1,75.4,75.3,73.8,73,70.1,71.7,72.5,76.2,74.5,76.3,79.2,80.6,80.5,84,84.5,87.9,88.7,88.4,90.9,93.8,98.2,98.7,104,109.8,108.5,108.2,106.3,99.9,92,88.1,86.8,81.8,78.7,76.1,69.1,61.5,64.4,68.5,71.4,72.1,72.5,71.6,74.2,76.6,72.2,65.1,63.7,64.7,67.9,65.9,64.6,67,65.8,70.4,TT,O,,2016,3,1,11/11/2003,8.679245283,14.98972335,15.33407325,13.26797386,,,,,,,82.4,89.4,106,119.1,121.3,120.8,119.4,122.4,123.1,122.3,122.8,121,120.6,119,115.9,115.8,114.1,111.3,107.6,104.5,101.6,96.9,92.5,86.8,84.6,93.2,100.9,105.5,101.5,103,104.7,105.6,106.2,107.9,105.7,107.2,104.5,106.2,102,103,102.5,101.8,100.2,99.5,97.2,96.3,93.7,93.2,92.7,89.9,86.7,79.9,74.1,73.8,76.9,80.9,78.9,80.1,81.5,91.2,98.5,99.7,104.2,104,102.1,103.4,109,108.8,107.9,107.2,106.7,105.6,103.7,104,104.9,107.9,110.9,108,109.9,107.7,108.1,110,105.1,106.5,,,,,,,27.3,12,20.4,33.5,35.7,35.3,34.1,37.6,38.4,37.8,38,35.9,35.3,36.5,39.5,50.4,60.2,64,66.6,71.9,78.9,77.6,76.5,74.9,60.6,62.8,71.9,76.4,73.4,75.1,75.4,75.3,73.8,73,70.1,71.7,72.5,76.2,74.5,76.3,79.2,80.6,80.5,84,84.5,87.9,88.7,88.4,90.9,93.8,98.2,98.7,104,109.8,108.5,108.2,106.3,99.9,92,88.1,86.8,81.8,78.7,76.1,69.1,61.5,64.4,68.5,71.4,72.1,72.5,71.6,74.2,76.6,72.2,65.1,63.7,64.7,67.9,65.9,64.6,67,65.8,70.4,8613.1,5842.1,102.5369048,69.54880952,115,55,7,7
1,2,B,N,2,90.1,1498,11,42,4,39,57,-40,1.5,0,0,0,90,1610,41,90,109.8,108.8,99.9,86.6,65.7,41.6,38.6,61.8,83,106.6,117.6,117,116.7,122.5,121.4,123.3,122.7,123.7,122.8,120.8,119,117.4,118.6,116.2,115.7,113.1,111.8,112.2,108.6,101.2,91.5,81.9,70.9,60.2,50.9,45.4,41,41.3,42.2,42.3,44.1,48.1,56.1,69.7,81.5,90.5,97.8,104.1,110.8,112.6,116.2,119,120.6,122.8,123.3,122.7,121,120.1,121.6,119.7,117.7,112.4,107.3,102,96.9,91.6,86,80.4,76.9,76.1,80.6,81.3,83.8,90.5,100.3,108.6,113.5,115.8,118.8,119.6,118.2,114.6,110.8,100.9,90,85.6,83.8,77,66.1,68.1,58.7,61.5,60.9,67.8,75.2,73.8,50.1,24.3,17,33.1,42.8,37.6,32.2,39.4,44.9,50,44.5,40.7,37.6,37.7,42.2,42.3,39.9,32.9,30.7,32,42.7,61.7,74.6,84,93,101.3,108.3,114.9,119.8,123.1,125.3,126.8,126.2,124.3,124.1,121.5,116.4,114.2,107.3,97.3,86.4,74.1,64.6,57.2,50,43.1,39,37.7,38.1,37.9,36,38,45,52.3,60.6,68.7,76.2,79.9,83.8,91.6,97.3,101.1,102,101.1,100.3,99.6,96.4,89.5,82.7,74.1,63.4,50.2,40.3,34.6,36.2,43.8,51.3,59.4,70.8,88.3,98.5,99.5,89.4,79.3,TT,O,,2016,4,1,11/12/2003,16.62597114,14.98972335,15.33407325,13.26797386,,,,,,,38.6,61.8,83,106.6,117.6,117,116.7,122.5,121.4,123.3,122.7,123.7,122.8,120.8,119,117.4,118.6,116.2,115.7,113.1,111.8,112.2,108.6,101.2,91.5,81.9,70.9,60.2,50.9,45.4,41,41.3,42.2,42.3,44.1,48.1,56.1,69.7,81.5,90.5,97.8,104.1,110.8,112.6,116.2,119,120.6,122.8,123.3,122.7,121,120.1,121.6,119.7,117.7,112.4,107.3,102,96.9,91.6,86,80.4,76.9,76.1,80.6,81.3,83.8,90.5,100.3,108.6,113.5,115.8,118.8,119.6,118.2,114.6,110.8,100.9,90,85.6,83.8,77,66.1,68.1,,,,,,,50.1,24.3,17,33.1,42.8,37.6,32.2,39.4,44.9,50,44.5,40.7,37.6,37.7,42.2,42.3,39.9,32.9,30.7,32,42.7,61.7,74.6,84,93,101.3,108.3,114.9,119.8,123.1,125.3,126.8,126.2,124.3,124.1,121.5,116.4,114.2,107.3,97.3,86.4,74.1,64.6,57.2,50,43.1,39,37.7,38.1,37.9,36,38,45,52.3,60.6,68.7,76.2,79.9,83.8,91.6,97.3,101.1,102,101.1,100.3,99.6,96.4,89.5,82.7,74.1,63.4,50.2,40.3,34.6,36.2,43.8,51.3,59.4,70.8,88.3,98.5,99.5,89.4,79.3,8097.4,5868,96.39761905,69.85714286,115,55,7,7
2,2,B,E,2,90.1,1387,24,13,14,38,48,30,1.5,1,0,0,90,1610,41,90,58.3,59.4,51.7,49.5,62.5,78,92.8,98.1,102.1,108.5,114.5,115.7,116.1,116.5,118.7,117.3,109.4,97.7,77,58.2,38.7,21,22.3,40.7,50.2,49.2,55.1,66.6,81.1,94.5,97.3,98.9,99.8,100.7,100.8,100.8,95.3,83.6,67.1,49.8,44.4,42.3,42.3,48.4,44.8,42.1,42.1,43.9,46.7,50.9,51.7,54.3,61.8,72.4,78.8,74,62.5,42.1,19.7,10.5,27.1,45.2,47.2,52.2,58.5,65.4,71,74.7,76.7,83.6,90.7,96.8,98.9,101.8,102.5,104.7,106.1,104.3,103.5,103.7,101,96.4,92.2,87.8,82.5,76.6,74.4,75.4,77.4,79.2,112.4,110.6,105.9,91.4,92.2,91.8,87.4,76.1,63.4,51.4,44.4,37.1,31.8,32,41.4,50.1,51.3,51,52.3,63.3,78.1,92.5,106.9,119.5,123.4,113.6,104.3,98,93.1,90.4,85.7,78.9,70.8,62.7,61.2,49.7,33.2,17.3,22.8,45.5,65.5,84.9,105.3,122.9,124.5,126.6,127.1,125.4,123.4,119.7,109.2,98.8,87.5,77.2,66.9,57.9,54.6,58.4,68.6,82.7,102.7,122.1,124.8,124.8,123.2,120.6,116.1,110.5,102.5,98.4,92.5,86,82.5,77.9,73,69.3,66,67.9,69.8,71.6,73.3,80.9,90.6,94,94.5,101.6,109.8,110.2,107.8,101.5,TT,O,,2016,5,1,11/12/2003,15.39400666,14.98972335,15.33407325,13.26797386,,,,49.5,62.5,78,92.8,98.1,102.1,108.5,114.5,115.7,116.1,116.5,118.7,117.3,109.4,97.7,77,58.2,38.7,21,22.3,40.7,50.2,49.2,55.1,66.6,81.1,94.5,97.3,98.9,99.8,100.7,100.8,100.8,95.3,83.6,67.1,49.8,44.4,42.3,42.3,48.4,44.8,42.1,42.1,43.9,46.7,50.9,51.7,54.3,61.8,72.4,78.8,74,62.5,42.1,19.7,10.5,27.1,45.2,47.2,52.2,58.5,65.4,71,74.7,76.7,83.6,90.7,96.8,98.9,101.8,102.5,104.7,106.1,104.3,103.5,103.7,101,96.4,92.2,87.8,82.5,76.6,74.4,75.4,77.4,79.2,,,,91.4,92.2,91.8,87.4,76.1,63.4,51.4,44.4,37.1,31.8,32,41.4,50.1,51.3,51,52.3,63.3,78.1,92.5,106.9,119.5,123.4,113.6,104.3,98,93.1,90.4,85.7,78.9,70.8,62.7,61.2,49.7,33.2,17.3,22.8,45.5,65.5,84.9,105.3,122.9,124.5,126.6,127.1,125.4,123.4,119.7,109.2,98.8,87.5,77.2,66.9,57.9,54.6,58.4,68.6,82.7,102.7,122.1,124.8,124.8,123.2,120.6,116.1,110.5,102.5,98.4,92.5,86,82.5,77.9,73,69.3,66,67.9,69.8,71.6,73.3,80.9,90.6,94,94.5,101.6,109.8,110.2,107.8,101.5,6479.3,7309.5,74.47471264,84.01724138,55,115,4,4
3,2,B,S,2,30.6,406,28,8,5,47,48,61,1.5,0,0,0,90,1610,41,30,58.3,58.1,54.7,49.8,42.9,35.6,23.3,20.2,33.6,53.9,71.5,86.2,89.8,86.4,80,76.7,69.9,71.6,84.3,87.9,87.2,88.9,88.4,88.6,90.4,93,94.9,96.3,95.4,94.2,,,,,,,,,,,,,,,,,,,,,,,,,,,,,,,,,,,,,,,,,,,,,,,,,,,,,,,,,,,,,113.7,112,114.9,118.7,121.2,119.1,108.6,97.7,89.1,88.1,94.2,100.8,99.1,93,85.7,81.1,74.9,87.3,101.7,100.3,97.9,97,91.5,83.1,75.9,74.3,63.2,58.6,44,22.6,,,,,,,,,,,,,,,,,,,,,,,,,,,,,,,,,,,,,,,,,,,,,,,,,,,,,,,,,,,,,FS,O,,2016,6,1,11/12/2003,13.26797386,14.98972335,15.33407325,13.26797386,,,,49.8,42.9,35.6,23.3,20.2,33.6,53.9,71.5,86.2,89.8,86.4,80,76.7,69.9,71.6,84.3,87.9,87.2,88.9,88.4,88.6,90.4,93,94.9,96.3,95.4,94.2,,,,,,,,,,,,,,,,,,,,,,,,,,,,,,,,,,,,,,,,,,,,,,,,,,,,,,,,,,,,,,,,118.7,121.2,119.1,108.6,97.7,89.1,88.1,94.2,100.8,99.1,93,85.7,81.1,74.9,87.3,101.7,100.3,97.9,97,91.5,83.1,75.9,74.3,63.2,58.6,44,22.6,,,,,,,,,,,,,,,,,,,,,,,,,,,,,,,,,,,,,,,,,,,,,,,,,,,,,,,,,,,,,1980.9,2368.7,73.36666667,87.72962963,55,115,4,4
4,1,B,S,2,90.1,1958,15,26,9,36,55,-127,1.5,0,2,0,90,1610,43,90,57.6,57.4,57.5,56,63.9,79.3,93.7,113.6,118.2,115,110,105.4,103.8,97.4,83.3,67.7,57.2,56.8,63.3,71.2,72.3,84.9,90.2,97.8,107.4,111.2,114.2,117.8,114.6,112.7,114.7,113.4,108.7,98.2,98.3,104.6,97,87.4,72.4,64.9,50,42.5,27.1,28.3,55.9,78.2,83.7,78.7,69,67.4,82.9,108.3,120.7,120.2,116.8,103.1,95.2,78.8,63.8,53.4,62.5,80.8,82.3,77.3,67.6,58.2,56.3,63.7,78.2,95,102.8,113.8,114.9,115.4,123.2,118.6,112.6,102,95,96,94.7,92.1,84.2,72.4,58.3,46.7,44.6,46.1,53.2,64.8,106,104.9,103.9,104.5,104,92.9,76.6,66.8,50.6,33,29,45.8,62.2,79.3,90.2,99.8,112.3,118.9,120.6,116.8,104.9,99.6,90.5,78,67.4,55.3,46.5,36.2,29.7,37.8,57.1,65.1,75.5,75,75.3,77.5,79.2,88,101.1,111.1,119.7,122.4,111.9,98.5,95.7,94,87.9,75.2,50.4,23.7,22.1,49.6,58.4,51.6,39.4,20.8,10.2,11.8,22.8,46.6,74.6,97.4,101.2,102.5,109.2,115.2,114,108.3,101.4,95,81.1,72.3,61.5,49,49.4,47.5,43.6,45.2,61.3,83.5,83.8,86.8,97.7,107.3,114.5,124.8,129.9,128.3,125.8,122,TT,O,,2016,1,1,11/11/2003,21.73140955,21.358777,21.73476693,19.47882736,,,57.5,56,63.9,79.3,93.7,113.6,118.2,115,110,105.4,103.8,97.4,83.3,67.7,57.2,56.8,63.3,71.2,72.3,84.9,90.2,97.8,107.4,111.2,114.2,117.8,114.6,112.7,114.7,113.4,108.7,98.2,98.3,104.6,97,87.4,72.4,64.9,50,42.5,27.1,28.3,55.9,78.2,83.7,78.7,69,67.4,82.9,108.3,120.7,120.2,116.8,103.1,95.2,78.8,63.8,53.4,62.5,80.8,82.3,77.3,67.6,58.2,56.3,63.7,78.2,95,102.8,113.8,114.9,115.4,123.2,118.6,112.6,102,95,96,94.7,92.1,84.2,72.4,58.3,46.7,44.6,46.1,53.2,64.8,,,103.9,104.5,104,92.9,76.6,66.8,50.6,33,29,45.8,62.2,79.3,90.2,99.8,112.3,118.9,120.6,116.8,104.9,99.6,90.5,78,67.4,55.3,46.5,36.2,29.7,37.8,57.1,65.1,75.5,75,75.3,77.5,79.2,88,101.1,111.1,119.7,122.4,111.9,98.5,95.7,94,87.9,75.2,50.4,23.7,22.1,49.6,58.4,51.6,39.4,20.8,10.2,11.8,22.8,46.6,74.6,97.4,101.2,102.5,109.2,115.2,114,108.3,101.4,95,81.1,72.3,61.5,49,49.4,47.5,43.6,45.2,61.3,83.5,83.8,86.8,97.7,107.3,114.5,124.8,129.9,128.3,125.8,122,7493.3,6904.8,85.15113636,78.46363636,55,115,3,3
5,1,B,W,2,90.1,2100,25,23,15,55,30,21,1.5,1,2,0,90,1610,43,90,114.2,109.7,106.4,95.5,72.8,51,22.8,10.9,30,45.7,41.8,36.3,23.9,33.7,62.5,90,97.6,94.7,91.4,91.5,98.8,112.2,113.5,106.4,98.8,87.1,69.1,55.6,56.2,51,42.8,42.1,43.6,51.9,70.3,82.5,97.4,105.5,109.1,113.9,115.5,113.3,106.6,98.7,90.8,82.6,76.4,74.7,64,46.1,24.5,22.7,46,67.6,74.7,81.9,88.8,99.4,111.5,122.7,122.2,121.6,115.3,109.8,100.7,91.1,87.9,87.2,76.3,62.8,41.4,22.6,24.4,43.5,62,67,67.5,68.5,76.6,88.7,99.7,103,103.3,100.2,89.8,78.1,59.5,37.5,17.2,18.7,64.1,65.8,64.2,59.6,52.4,53.9,67.4,82.7,104.3,123.1,122,118.9,108.2,96.8,90.3,83.5,71.8,53.7,32.3,11.3,24.8,49.1,53.2,51.4,51.3,53.1,64.7,89.1,116.3,123,124.2,127.3,124.1,118.6,109.9,97.4,88.7,78,64.7,53.8,39.6,29.1,24.8,31.8,45.9,66.6,90.2,101,107.9,107.8,104.1,104.7,111.2,108.3,103.5,92.5,77.7,62.7,52.2,49.1,43.4,37.1,31.8,36.5,46.5,60.3,80,95.2,98.1,98.4,98,102.1,107.8,110.3,102.8,89.5,73.2,54.3,30.6,10.7,19.1,35.6,50.6,59.4,71,76,73.5,77.2,88,103.9,TT,O,,2016,2,1,11/11/2003,23.30743618,21.358777,21.73476693,19.47882736,,,,,72.8,51,22.8,10.9,30,45.7,41.8,36.3,23.9,33.7,62.5,90,97.6,94.7,91.4,91.5,98.8,112.2,113.5,106.4,98.8,87.1,69.1,55.6,56.2,51,42.8,42.1,43.6,51.9,70.3,82.5,97.4,105.5,109.1,113.9,115.5,113.3,106.6,98.7,90.8,82.6,76.4,74.7,64,46.1,24.5,22.7,46,67.6,74.7,81.9,88.8,99.4,111.5,122.7,122.2,121.6,115.3,109.8,100.7,91.1,87.9,87.2,76.3,62.8,41.4,22.6,24.4,43.5,62,67,67.5,68.5,76.6,88.7,99.7,103,103.3,100.2,89.8,78.1,59.5,37.5,17.2,18.7,,,,,52.4,53.9,67.4,82.7,104.3,123.1,122,118.9,108.2,96.8,90.3,83.5,71.8,53.7,32.3,11.3,24.8,49.1,53.2,51.4,51.3,53.1,64.7,89.1,116.3,123,124.2,127.3,124.1,118.6,109.9,97.4,88.7,78,64.7,53.8,39.6,29.1,24.8,31.8,45.9,66.6,90.2,101,107.9,107.8,104.1,104.7,111.2,108.3,103.5,92.5,77.7,62.7,52.2,49.1,43.4,37.1,31.8,36.5,46.5,60.3,80,95.2,98.1,98.4,98,102.1,107.8,110.3,102.8,89.5,73.2,54.3,30.6,10.7,19.1,35.6,50.6,59.4,71,76,73.5,77.2,88,103.9,6357,6506.9,73.91860465,75.66162791,115,55,5,5
6,1,B,N,2,90.1,1893,26,27,34,58,8,11,1.5,0,5,0,90,1610,43,90,109.4,102.7,95.6,76.2,58.6,45.4,63.5,73.8,82.3,93.2,106.1,111.3,106.5,101.7,90.4,78,66.7,55.8,41.7,23.8,15.9,34.4,49.6,52.9,62.5,80.4,98.7,103.8,103.1,97.4,92.7,89.4,82,71.2,55.3,32.2,20.8,34.3,37.6,32.4,31.3,43.3,55.7,69.9,84.2,90.8,86.3,80.5,76,76.2,83.9,89.4,86.1,82.2,70.3,57,42,34.1,37.6,37.2,33.5,28.5,30.1,43.4,63.2,85.2,106.9,115.8,114.1,109.9,98.4,79.1,59.3,46.4,43.7,50.2,43.8,31.3,22.7,16.6,34.8,57.8,69.4,79.2,80.9,85.5,90.5,92.4,87.3,79.1,54.5,49.1,44.7,40.9,34.5,44.9,66.5,60.9,48.9,33.6,25.2,27.2,32.6,40.4,51.1,65,81.9,95.6,99.3,97.3,99.8,108.2,104.3,92.7,77.2,65.9,59.1,47,31.4,13.9,19.8,41.7,55.2,60.6,63.1,73.5,94.1,117.2,122.9,115.2,103.7,93.3,79.6,68.3,58.3,45.6,33.2,18.3,12.2,32.3,57,73.3,84.1,90,95.3,102.9,107.8,115.2,122.5,119.1,108.1,93,74.8,51.9,28.1,11,21.6,31.3,32.6,31.4,27.5,32.1,49.7,72.1,94.3,114.2,119.3,112,106.3,97.1,91.4,91.7,89.6,91.3,78.5,64.9,47.2,28.2,11.5,11.8,TT,O,,2016,3,1,11/11/2003,21.0099889,21.358777,21.73476693,19.47882736,,,,,58.6,45.4,63.5,73.8,82.3,93.2,106.1,111.3,106.5,101.7,90.4,78,66.7,55.8,41.7,23.8,15.9,34.4,49.6,52.9,62.5,80.4,98.7,103.8,103.1,97.4,92.7,89.4,82,71.2,55.3,32.2,20.8,34.3,37.6,32.4,31.3,43.3,55.7,69.9,84.2,90.8,86.3,80.5,76,76.2,83.9,89.4,86.1,82.2,70.3,57,42,34.1,37.6,37.2,33.5,28.5,30.1,43.4,63.2,85.2,106.9,115.8,114.1,109.9,98.4,79.1,59.3,46.4,43.7,50.2,43.8,31.3,22.7,16.6,34.8,57.8,69.4,79.2,80.9,85.5,90.5,92.4,87.3,79.1,,,,,34.5,44.9,66.5,60.9,48.9,33.6,25.2,27.2,32.6,40.4,51.1,65,81.9,95.6,99.3,97.3,99.8,108.2,104.3,92.7,77.2,65.9,59.1,47,31.4,13.9,19.8,41.7,55.2,60.6,63.1,73.5,94.1,117.2,122.9,115.2,103.7,93.3,79.6,68.3,58.3,45.6,33.2,18.3,12.2,32.3,57,73.3,84.1,90,95.3,102.9,107.8,115.2,122.5,119.1,108.1,93,74.8,51.9,28.1,11,21.6,31.3,32.6,31.4,27.5,32.1,49.7,72.1,94.3,114.2,119.3,112,106.3,97.1,91.4,91.7,89.6,91.3,78.5,64.9,47.2,28.2,11.5,11.8,5738.4,5794.2,66.7255814,67.37441861,115,55,5,5
4,2,B,N,2,81.6,1767,27,17,58,35,7,-14,1.5,2,1,0,90,1610,43,81,110.8,108.8,103.4,86.3,62.9,50.7,54.8,78.1,76.3,67.3,60.1,62.2,66.7,61.2,47,27.9,13.6,37.8,66.3,78.8,82.9,91.5,93.7,102,105.2,98.4,88.9,79.5,75.5,75.6,68.7,70.8,68.4,52,31.9,6.6,9.4,21.9,38.1,61,90.6,113.6,117.8,114,101.1,82.3,58.2,33.3,16.7,23.1,39.2,32.4,18.4,26.7,36.8,37.3,29.4,21.5,46.7,47.9,47.6,55.6,59.7,52.4,42.5,53.7,54.8,64.5,80.3,87,92,88.3,76.1,57.5,41,20.1,11.2,24.8,32,21.4,13.3,,,,,,,,,,52.4,52.3,50.9,49,43.7,36.9,50.1,54.8,38.8,26.2,30.7,51.9,67.7,84,86.5,78.8,75.2,73,65.7,64.8,65.8,74.3,76.3,76.8,64.1,44.2,22.5,9.9,32.5,44.1,69.6,93.3,111.4,108.9,104.9,86,77.7,70.1,59.2,42.9,40.1,45.6,39.5,29.5,19,25,45.6,70.8,99.7,107.3,122.3,117.1,97,74.4,54.7,51.2,57.2,71.3,57.8,43.3,40.2,44.5,50.5,61.3,54.6,40.2,48.2,70.8,77.6,66.7,63.1,48.6,34.3,40.4,61.8,77.8,91.6,109.6,116.9,103.4,95.1,,,,,,,,,,TT,O,,2016,4,1,11/12/2003,21.65441177,21.358777,21.73476693,19.47882736,,,,,62.9,50.7,54.8,78.1,76.3,67.3,60.1,62.2,66.7,61.2,47,27.9,13.6,37.8,66.3,78.8,82.9,91.5,93.7,102,105.2,98.4,88.9,79.5,75.5,75.6,68.7,70.8,68.4,52,31.9,6.6,9.4,21.9,38.1,61,90.6,113.6,117.8,114,101.1,82.3,58.2,33.3,16.7,23.1,39.2,32.4,18.4,26.7,36.8,37.3,29.4,21.5,46.7,47.9,47.6,55.6,59.7,52.4,42.5,53.7,54.8,64.5,80.3,87,92,88.3,76.1,57.5,41,20.1,11.2,24.8,32,21.4,13.3,,,,,,,,,,,,,,43.7,36.9,50.1,54.8,38.8,26.2,30.7,51.9,67.7,84,86.5,78.8,75.2,73,65.7,64.8,65.8,74.3,76.3,76.8,64.1,44.2,22.5,9.9,32.5,44.1,69.6,93.3,111.4,108.9,104.9,86,77.7,70.1,59.2,42.9,40.1,45.6,39.5,29.5,19,25,45.6,70.8,99.7,107.3,122.3,117.1,97,74.4,54.7,51.2,57.2,71.3,57.8,43.3,40.2,44.5,50.5,61.3,54.6,40.2,48.2,70.8,77.6,66.7,63.1,48.6,34.3,40.4,61.8,77.8,91.6,109.6,116.9,103.4,95.1,,,,,,,,,,4396.5,4928.9,57.0974026,64.01168831,115,55,5,5
5,2,B,E,2,68,1426,34,8,33,45,22,-3,1.5,3,1,0,90,1610,43,67,55.7,39.9,19,14.6,42.1,68.1,85.2,86.9,89.2,96.5,94.3,86.3,69.6,52.2,45.1,45.9,35,27,26.9,34.5,49.5,52.8,69.6,79.7,83.5,80.6,56,37.7,30.7,40.5,48.1,51.1,52,53.1,61,76.2,79.6,76.6,65.5,56.4,47.9,41.5,54.7,50.5,54.2,66.9,85,91.6,89.8,79,68.1,58.2,43.7,27.7,25.4,38.1,44.8,55.6,67.6,79.1,80.7,95.6,91.8,89.9,65.8,46.5,24.7,,,,,,,,,,,,,,,,,,,,,,,,116.3,106.9,92.2,73.4,47.4,26.4,7.8,10.9,35.3,60.1,70.6,79.2,87,99.5,115.8,122.8,118.4,107.4,89.4,75.2,62.9,59.3,64.9,83.5,95.8,95.4,99.4,105,114.1,124.3,125.6,118.1,104.2,85.1,65.5,59.4,62,66.7,62.3,48.3,41.1,45.8,34.1,35.9,43.6,57.8,74.7,82.4,89.9,91.9,96.6,108.4,111.3,109.5,110.4,113.7,107.7,92.6,81.1,76,74.8,82.9,85.2,84.8,85,83.5,81.7,,,,,,,,,,,,,,,,,,,,,,,,TT,O,,2016,5,1,11/12/2003,20.97058824,21.358777,21.73476693,19.47882736,,,19,14.6,42.1,68.1,85.2,86.9,89.2,96.5,94.3,86.3,69.6,52.2,45.1,45.9,35,27,26.9,34.5,49.5,52.8,69.6,79.7,83.5,80.6,56,37.7,30.7,40.5,48.1,51.1,52,53.1,61,76.2,79.6,76.6,65.5,56.4,47.9,41.5,54.7,50.5,54.2,66.9,85,91.6,89.8,79,68.1,58.2,43.7,27.7,25.4,38.1,44.8,55.6,67.6,79.1,80.7,95.6,91.8,89.9,65.8,46.5,24.7,,,,,,,,,,,,,,,,,,,,,,,,,,92.2,73.4,47.4,26.4,7.8,10.9,35.3,60.1,70.6,79.2,87,99.5,115.8,122.8,118.4,107.4,89.4,75.2,62.9,59.3,64.9,83.5,95.8,95.4,99.4,105,114.1,124.3,125.6,118.1,104.2,85.1,65.5,59.4,62,66.7,62.3,48.3,41.1,45.8,34.1,35.9,43.6,57.8,74.7,82.4,89.9,91.9,96.6,108.4,111.3,109.5,110.4,113.7,107.7,92.6,81.1,76,74.8,82.9,85.2,84.8,85,83.5,81.7,,,,,,,,,,,,,,,,,,,,,,,,3883,5203,59.73846154,80.04615385,55,115,3,3
6,2,B,S,2,30.7,598,41,1,29,42,29,-49,1.5,0,0,0,90,1610,43,30,59.5,53.1,53,46.1,43.9,57.3,77.1,82.7,79.3,73.9,60.4,50.8,44.1,31.6,20.1,22.5,40.2,50,48.8,38,32.1,25.3,21.2,29.4,46.8,67.3,87.8,96.5,95.7,84,,,,,,,,,,,,,,,,,,,,,,,,,,,,,,,,,,,,,,,,,,,,,,,,,,,,,,,,,,,,,97.5,79.8,57.3,44.8,46.6,64.2,85.3,95.1,99.9,98.3,101,112.1,120.1,115.4,104.7,96.4,98.5,108.2,119.1,118.7,117.3,108.9,96.1,81.6,65.3,50,45.7,56.1,58.8,61.5,,,,,,,,,,,,,,,,,,,,,,,,,,,,,,,,,,,,,,,,,,,,,,,,,,,,,,,,,,,,,FS,O,,2016,6,1,11/12/2003,19.47882736,21.358777,21.73476693,19.47882736,,,53,46.1,43.9,57.3,77.1,82.7,79.3,73.9,60.4,50.8,44.1,31.6,20.1,22.5,40.2,50,48.8,38,32.1,25.3,21.2,29.4,46.8,67.3,87.8,96.5,95.7,84,,,,,,,,,,,,,,,,,,,,,,,,,,,,,,,,,,,,,,,,,,,,,,,,,,,,,,,,,,,,,,,57.3,44.8,46.6,64.2,85.3,95.1,99.9,98.3,101,112.1,120.1,115.4,104.7,96.4,98.5,108.2,119.1,118.7,117.3,108.9,96.1,81.6,65.3,50,45.7,56.1,58.8,61.5,,,,,,,,,,,,,,,,,,,,,,,,,,,,,,,,,,,,,,,,,,,,,,,,,,,,,,,,,,,,,1505.9,2427,53.78214286,86.67857143,55,115,3,3
10,1,B,S,2,19.2,293,13,19,21,27,52,-115,1.5,1,0,0,90,1610,59,19,58.7,58.7,58.4,58.3,58.2,58.3,58.4,59,58.8,58.4,60,58.2,65.9,74.1,80.5,81.4,68.8,48.1,17.8,,,,,,,,,,,,,,,,,,,,,,,,,,,,,,,,,,,,,,,,,,,,,,,,,,,,,,,,,,,,,,,,,,,,,,,,109.7,109,108.2,107.6,107,106.6,106.2,105.9,106,105,103.5,101.2,103.4,92.1,69.7,39.7,21.9,38,71.7,,,,,,,,,,,,,,,,,,,,,,,,,,,,,,,,,,,,,,,,,,,,,,,,,,,,,,,,,,,,,,,,,,,,,,,,TT,O,,2016,1,1,11/11/2003,15.26041667,19.01342129,18.55551923,21.3029316,,,58.4,58.3,58.2,58.3,58.4,59,58.8,58.4,60,58.2,65.9,74.1,80.5,81.4,68.8,48.1,17.8,,,,,,,,,,,,,,,,,,,,,,,,,,,,,,,,,,,,,,,,,,,,,,,,,,,,,,,,,,,,,,,,,,,,,,,,,,108.2,107.6,107,106.6,106.2,105.9,106,105,103.5,101.2,103.4,92.1,69.7,39.7,21.9,38,71.7,,,,,,,,,,,,,,,,,,,,,,,,,,,,,,,,,,,,,,,,,,,,,,,,,,,,,,,,,,,,,,,,,,,,,,,,1022.6,1493.7,60.15294118,87.86470588,55,115,3,3
11,1,B,W,2,14.1,252,8,55,25,37,38,-81,1.5,1,1,0,90,1610,59,14,115.1,116.9,118.2,117.5,113.6,117.4,123,122.4,121.2,112.4,97.6,73.9,41.1,19,,,,,,,,,,,,,,,,,,,,,,,,,,,,,,,,,,,,,,,,,,,,,,,,,,,,,,,,,,,,,,,,,,,,,,,,,,,,,62.2,64.1,64.6,63.7,52.9,41.6,38.1,37.5,36.4,28.6,12.9,16.1,51.2,80.5,,,,,,,,,,,,,,,,,,,,,,,,,,,,,,,,,,,,,,,,,,,,,,,,,,,,,,,,,,,,,,,,,,,,,,,,,,,,,TT,O,,2016,2,1,11/11/2003,17.87234043,19.01342129,18.55551923,21.3029316,,,,,,117.4,123,122.4,121.2,112.4,97.6,73.9,41.1,19,,,,,,,,,,,,,,,,,,,,,,,,,,,,,,,,,,,,,,,,,,,,,,,,,,,,,,,,,,,,,,,,,,,,,,,,,,,,,,,,,,41.6,38.1,37.5,36.4,28.6,12.9,16.1,51.2,80.5,,,,,,,,,,,,,,,,,,,,,,,,,,,,,,,,,,,,,,,,,,,,,,,,,,,,,,,,,,,,,,,,,,,,,,,,,,,,,828,342.9,92,38.1,115,55,6,6
12,1,B,N,2,90.1,2078,28,23,6,41,53,-15,1.5,1,0,0,90,1610,59,90,111.6,108.7,103.3,86.7,64.6,39,13.3,28.4,44,38.5,40.9,47.9,60.3,80.2,97.4,104.5,117.3,122,122.9,118.1,112.8,105,96.3,84.8,75.6,62.8,51.9,43.7,38.6,35.8,38.4,49.1,56.7,64.8,72.8,91,110.1,113.1,117.2,117.6,112.4,106.1,103,106.7,109.1,96.8,79.6,56.9,41.8,44.6,41.6,40.6,48.1,52.6,56.1,68.3,84.2,89.5,88.9,90,96.5,109.5,122.4,118.3,107,94.3,84.4,80.3,78.5,70.8,63.7,53.7,36.9,26,37.1,58.4,62.4,64.1,67.8,70.4,82.5,101.5,121,123.5,116,104.8,93.4,83.5,73.7,68.2,58.6,56.7,52.9,49.3,40.9,49.4,78.9,110.8,128.1,123.7,124.8,121.9,111.4,99.1,89,73.5,61.9,47.9,38.9,37,48.8,64.9,83.6,96.1,105.9,113.1,123.2,125.8,123.3,120.8,120.9,120.3,116.4,105.7,90,73.6,71.4,71.5,62.6,53.5,38.5,22.1,29.8,54.8,68.5,66,73.2,85.6,106.6,125,126.8,124.4,121.5,117.9,110.6,98.6,92.8,93.3,83.5,65.3,43.3,31.3,37.7,33.2,29.2,42.7,65.9,90.5,106.7,110.4,114.4,117.1,114.8,110.3,108.4,112.5,112.5,102.9,86,61.1,38.7,28.6,38.5,39.2,30.6,26,40.8,62.4,83.9,104.3,TT,O,,2016,3,1,11/11/2003,23.06326304,19.01342129,18.55551923,21.3029316,,,,,,39,13.3,28.4,44,38.5,40.9,47.9,60.3,80.2,97.4,104.5,117.3,122,122.9,118.1,112.8,105,96.3,84.8,75.6,62.8,51.9,43.7,38.6,35.8,38.4,49.1,56.7,64.8,72.8,91,110.1,113.1,117.2,117.6,112.4,106.1,103,106.7,109.1,96.8,79.6,56.9,41.8,44.6,41.6,40.6,48.1,52.6,56.1,68.3,84.2,89.5,88.9,90,96.5,109.5,122.4,118.3,107,94.3,84.4,80.3,78.5,70.8,63.7,53.7,36.9,26,37.1,58.4,62.4,64.1,67.8,70.4,82.5,101.5,121,123.5,116,104.8,93.4,83.5,73.7,68.2,,,,,,49.4,78.9,110.8,128.1,123.7,124.8,121.9,111.4,99.1,89,73.5,61.9,47.9,38.9,37,48.8,64.9,83.6,96.1,105.9,113.1,123.2,125.8,123.3,120.8,120.9,120.3,116.4,105.7,90,73.6,71.4,71.5,62.6,53.5,38.5,22.1,29.8,54.8,68.5,66,73.2,85.6,106.6,125,126.8,124.4,121.5,117.9,110.6,98.6,92.8,93.3,83.5,65.3,43.3,31.3,37.7,33.2,29.2,42.7,65.9,90.5,106.7,110.4,114.4,117.1,114.8,110.3,108.4,112.5,112.5,102.9,86,61.1,38.7,28.6,38.5,39.2,30.6,26,40.8,62.4,83.9,104.3,6600.3,7016.4,77.65058824,82.54588235,115,55,6,6
10,2,B,N,2,90.1,1649,18,55,27,60,13,56,1.5,1,1,0,90,1610,59,90,110.1,108.9,108,107.3,106.5,105.5,104.6,103.8,103,102.5,101.4,100.8,99.8,98.8,99,98.9,102.2,108.2,123.1,121.7,119.6,115.3,104,85.5,55.1,33.9,46.9,73.3,83,76.2,66.6,50.8,28.2,11.4,34.3,41.3,31.1,35.4,57.9,70.4,68.9,70.6,74.9,82.5,98.2,114.1,116.5,112,102.5,86.8,65.7,45.8,44.4,44.7,33.9,23.1,39.7,70.3,102.1,113.8,116.9,119.9,119.6,117.5,116,115,115.1,115,116,116.1,115.5,115.2,114.8,113.4,105.7,88,64,35.6,29.2,48.1,56.8,52.3,50.9,61.6,83.2,95.2,90.8,85.6,96.4,100.2,57.5,55.2,52.9,50.8,48.9,46.9,44.9,43.1,41.5,39.8,38.1,36.8,35.2,33.8,30.4,27.6,20.1,29.7,52.7,49.1,41.7,33.5,19,9.6,31.6,60.2,85.1,100.6,97,77.8,50.1,40.1,58.3,87.4,116,125.1,113.7,92.2,73.4,49.6,27.2,16.9,27,39.2,47.3,52.3,48.9,52.8,56.7,63.7,75.1,93.7,119.3,127.5,118.6,93.1,68.8,48.3,44.2,36.9,31.9,35.6,37.7,37.1,37.3,37.3,38.5,39.9,43.3,45.6,46.9,48.7,50.9,50.1,45.4,36.6,32.4,52,83.3,111.2,116.8,103.9,80.7,49,20,11.6,19.1,45.1,71.2,77.2,TT,O,,2016,4,1,11/12/2003,18.30188679,19.01342129,18.55551923,21.3029316,,,,,,105.5,104.6,103.8,103,102.5,101.4,100.8,99.8,98.8,99,98.9,102.2,108.2,123.1,121.7,119.6,115.3,104,85.5,55.1,33.9,46.9,73.3,83,76.2,66.6,50.8,28.2,11.4,34.3,41.3,31.1,35.4,57.9,70.4,68.9,70.6,74.9,82.5,98.2,114.1,116.5,112,102.5,86.8,65.7,45.8,44.4,44.7,33.9,23.1,39.7,70.3,102.1,113.8,116.9,119.9,119.6,117.5,116,115,115.1,115,116,116.1,115.5,115.2,114.8,113.4,105.7,88,64,35.6,29.2,48.1,56.8,52.3,50.9,61.6,83.2,95.2,90.8,85.6,96.4,100.2,,,,,,46.9,44.9,43.1,41.5,39.8,38.1,36.8,35.2,33.8,30.4,27.6,20.1,29.7,52.7,49.1,41.7,33.5,19,9.6,31.6,60.2,85.1,100.6,97,77.8,50.1,40.1,58.3,87.4,116,125.1,113.7,92.2,73.4,49.6,27.2,16.9,27,39.2,47.3,52.3,48.9,52.8,56.7,63.7,75.1,93.7,119.3,127.5,118.6,93.1,68.8,48.3,44.2,36.9,31.9,35.6,37.7,37.1,37.3,37.3,38.5,39.9,43.3,45.6,46.9,48.7,50.9,50.1,45.4,36.6,32.4,52,83.3,111.2,116.8,103.9,80.7,49,20,11.6,19.1,45.1,71.2,77.2,7073.6,4725.5,83.21882353,55.59411765,115,55,6,6
11,2,B,E,2,90.1,1647,24,34,25,42,33,4,1.5,1,0,0,90,1610,59,90,55.7,53.4,37.7,30.5,48.2,78.4,98.6,100.1,87.2,66.1,44.8,39.8,45.2,44.5,35.9,12.7,10.9,32.3,65.7,99,116.4,116.8,110,98.8,88.9,82.1,77.2,74.6,72.4,63.9,50.9,47.9,50.5,59.3,69.4,78.3,84.5,88.4,97.7,115.6,121.6,115.6,108.1,102.4,95,80.6,59.4,34.7,31.8,41.8,37.7,29.2,31.4,53,77.6,90.3,90.6,87.4,80.6,69.1,59.2,49,43.5,44.4,51.4,58.4,63.5,73.4,83.3,93.6,99.4,107.5,114.2,112.5,112.5,111.5,112.2,113.4,120.8,120.4,117.2,112.2,103.3,91.6,92,107.7,107.1,105.9,101.1,89.8,115.6,116.2,101.5,77,46.5,22.9,36.7,49.8,54.6,59.6,80.4,107.4,122,123.7,118,96.5,76.7,53.6,28,27.4,34.3,31.6,29.2,34.8,53.1,74.5,88,91.3,96.8,97.9,80.7,68.3,53.7,39.5,29.6,25.6,22.4,19.2,19.8,30.8,37,31.7,28.2,30.7,35.8,42.8,54.5,77.5,108.2,125.8,122.8,111.4,94.5,84,86.8,92.1,93.3,95.7,101.8,109.5,113.6,121.9,126.9,128.7,127.1,124.1,119.1,114.9,105.2,94.1,82.6,69.1,57.4,55,58.2,56.9,49.5,41.1,38.9,37.3,33.3,26.8,21.7,28.3,51.1,71,70.5,66.1,55.4,44.3,TT,O,,2016,5,1,11/12/2003,18.27968923,19.01342129,18.55551923,21.3029316,,,37.7,30.5,48.2,78.4,98.6,100.1,87.2,66.1,44.8,39.8,45.2,44.5,35.9,12.7,10.9,32.3,65.7,99,116.4,116.8,110,98.8,88.9,82.1,77.2,74.6,72.4,63.9,50.9,47.9,50.5,59.3,69.4,78.3,84.5,88.4,97.7,115.6,121.6,115.6,108.1,102.4,95,80.6,59.4,34.7,31.8,41.8,37.7,29.2,31.4,53,77.6,90.3,90.6,87.4,80.6,69.1,59.2,49,43.5,44.4,51.4,58.4,63.5,73.4,83.3,93.6,99.4,107.5,114.2,112.5,112.5,111.5,112.2,113.4,120.8,120.4,117.2,112.2,103.3,91.6,92,107.7,107.1,105.9,101.1,89.8,,,101.5,77,46.5,22.9,36.7,49.8,54.6,59.6,80.4,107.4,122,123.7,118,96.5,76.7,53.6,28,27.4,34.3,31.6,29.2,34.8,53.1,74.5,88,91.3,96.8,97.9,80.7,68.3,53.7,39.5,29.6,25.6,22.4,19.2,19.8,30.8,37,31.7,28.2,30.7,35.8,42.8,54.5,77.5,108.2,125.8,122.8,111.4,94.5,84,86.8,92.1,93.3,95.7,101.8,109.5,113.6,121.9,126.9,128.7,127.1,124.1,119.1,114.9,105.2,94.1,82.6,69.1,57.4,55,58.2,56.9,49.5,41.1,38.9,37.3,33.3,26.8,21.7,28.3,51.1,71,70.5,66.1,55.4,44.3,6831.1,6057.6,77.62613636,68.83636364,55,115,3,3
12,2,B,S,2,30.7,654,34,18,7,33,60,-115,1.5,0,0,0,90,1610,59,30,61.3,67,61.9,51.1,40.7,42.3,42.5,41.9,48.2,61.8,68.5,73.5,80.6,87.8,100.6,110.7,107.6,103.3,98.4,94.3,92.7,95,94.9,87.6,78,60.8,45.1,39.9,40.7,42.7,,,,,,,,,,,,,,,,,,,,,,,,,,,,,,,,,,,,,,,,,,,,,,,,,,,,,,,,,,,,,110.3,106,93.2,90.9,101.3,119.2,126.4,126.1,122,119.6,115,106.3,95.2,77.9,63.5,56.3,42.2,27.2,14.2,23.5,44.6,65.9,82,92.9,102.3,107.7,112.8,122.2,125.8,122.3,,,,,,,,,,,,,,,,,,,,,,,,,,,,,,,,,,,,,,,,,,,,,,,,,,,,,,,,,,,,,FS,O,,2016,6,1,11/12/2003,21.3029316,19.01342129,18.55551923,21.3029316,,,61.9,51.1,40.7,42.3,42.5,41.9,48.2,61.8,68.5,73.5,80.6,87.8,100.6,110.7,107.6,103.3,98.4,94.3,92.7,95,94.9,87.6,78,60.8,45.1,39.9,40.7,42.7,,,,,,,,,,,,,,,,,,,,,,,,,,,,,,,,,,,,,,,,,,,,,,,,,,,,,,,,,,,,,,,93.2,90.9,101.3,119.2,126.4,126.1,122,119.6,115,106.3,95.2,77.9,63.5,56.3,42.2,27.2,14.2,23.5,44.6,65.9,82,92.9,102.3,107.7,112.8,122.2,125.8,122.3,,,,,,,,,,,,,,,,,,,,,,,,,,,,,,,,,,,,,,,,,,,,,,,,,,,,,,,,,,,,,1993.1,2498.5,71.18214286,89.23214286,55,115,3,3
13,1,B,S,2,90.1,2055,36,21,2,30,68,42,1.5,0,1,0,90,1610,65,90,53,49.6,49.8,45.4,45,60.7,80.5,90.4,102.5,120.3,121.5,116.7,111.5,100.2,85.8,73,55.3,42.6,45.9,51.6,57.9,69.3,92.2,109.3,116.3,118.9,121,116.5,113.9,113,105.6,96.2,82.6,71.4,57.4,46.4,43.5,46.9,48.6,48.5,39.8,40.5,65.2,99.2,121.7,122.2,114.7,110.8,110.9,104.4,94.8,81,66.4,54.9,46.6,41.8,39.6,37.8,44.8,48.5,44.2,49.5,72.4,91.9,101.5,112.9,116.4,122.5,123.2,120.9,119.4,116.2,109.9,100.6,92.2,80.7,72.1,66.1,60.4,55.2,41.1,29.9,42.5,45.6,48.4,57,65.7,66.9,66,70.7,107.1,105.1,104.7,108.5,112.2,108.4,99.3,82.1,62.8,58,55.9,58.3,61.2,71.6,87.6,106.4,117.8,125.1,128.9,122.3,107.8,88.9,78.5,66.2,50.7,38.7,36.3,38.1,50.1,70,77.3,86.4,100.1,107.7,115.4,124.2,128.7,127.7,119.2,108.4,92.4,61.9,24.5,14.7,36.4,37.6,32.5,44.3,69.3,78.7,88.8,101.7,111,117.7,124.1,125.9,124.3,121.3,123.3,123.3,116.8,109.5,104,97.7,86,76.1,63.2,52.7,44.5,36.6,39.8,54,64.7,74.4,89,99.3,109.9,120.3,119.4,115.3,111.6,113.8,124.4,124,121.2,117.2,112.3,108.9,97.9,85.4,TT,O,,2016,1,1,11/11/2003,22.80799112,20.35558134,20.88124306,17.72727273,,,49.8,45.4,45,60.7,80.5,90.4,102.5,120.3,121.5,116.7,111.5,100.2,85.8,73,55.3,42.6,45.9,51.6,57.9,69.3,92.2,109.3,116.3,118.9,121,116.5,113.9,113,105.6,96.2,82.6,71.4,57.4,46.4,43.5,46.9,48.6,48.5,39.8,40.5,65.2,99.2,121.7,122.2,114.7,110.8,110.9,104.4,94.8,81,66.4,54.9,46.6,41.8,39.6,37.8,44.8,48.5,44.2,49.5,72.4,91.9,101.5,112.9,116.4,122.5,123.2,120.9,119.4,116.2,109.9,100.6,92.2,80.7,72.1,66.1,60.4,55.2,41.1,29.9,42.5,45.6,48.4,57,65.7,66.9,66,70.7,,,104.7,108.5,112.2,108.4,99.3,82.1,62.8,58,55.9,58.3,61.2,71.6,87.6,106.4,117.8,125.1,128.9,122.3,107.8,88.9,78.5,66.2,50.7,38.7,36.3,38.1,50.1,70,77.3,86.4,100.1,107.7,115.4,124.2,128.7,127.7,119.2,108.4,92.4,61.9,24.5,14.7,36.4,37.6,32.5,44.3,69.3,78.7,88.8,101.7,111,117.7,124.1,125.9,124.3,121.3,123.3,123.3,116.8,109.5,104,97.7,86,76.1,63.2,52.7,44.5,36.6,39.8,54,64.7,74.4,89,99.3,109.9,120.3,119.4,115.3,111.6,113.8,124.4,124,121.2,117.2,112.3,108.9,97.9,85.4,6921.7,7835.1,78.65568182,89.03522727,55,115,3,3
14,1,B,W,2,90.1,1776,20,25,6,45,49,-53,1.5,1,1,0,90,1610,65,90,117.8,115.6,116.2,113.8,115.6,110.3,101.3,96.5,94,99.9,108.1,106.3,104.2,99.5,90.6,77.6,59.1,37.6,22.2,8.5,28.3,57.8,81,88.3,86.2,96.4,106.6,113.5,119.9,122.7,121.7,117.5,112,108.4,104.1,95.8,88.7,84.7,77.1,69,58.1,52.1,45.5,41,42.4,48.1,57.7,66.5,80.7,97.7,109.8,113.2,119.2,121.4,120.8,117.9,111,103.3,98.4,92.9,87.7,80.7,71.3,60.3,53.4,44.3,42.2,41.9,41.3,44.9,58.4,74.1,90.9,100.9,110.2,117.9,121.3,121.3,120.1,119.6,113.6,107.6,97.9,93.4,88.4,81.6,67,52.1,44.9,45,64.6,61,61.7,61.3,61.7,51.5,38.6,20.4,13.2,38.3,62.8,67,66.4,72.7,77,78.6,81.1,87,85.9,80.6,76.9,83.4,94.7,98.4,89.9,82.8,72.7,60.4,49.7,41.5,36.8,35.1,40.6,52.9,62.8,74.1,87.9,98.1,96.3,99.7,107.7,120.4,125.3,125.8,126.6,121.2,112.7,101.6,90.2,80.4,72.2,58.3,46.9,38.7,37,42.4,48.9,56.8,73.9,84.4,92.1,101.3,110,117.8,124.2,123.7,126.4,126.7,120.6,112.1,103.3,95,87.8,77.1,67.6,59,49.5,40.2,35,36.2,41,48.9,56.7,72.5,77.8,81.8,87.3,96.3,111.8,125.1,TT,O,,2016,2,1,11/11/2003,19.71143174,20.35558134,20.88124306,17.72727273,,,,,,110.3,101.3,96.5,94,99.9,108.1,106.3,104.2,99.5,90.6,77.6,59.1,37.6,22.2,8.5,28.3,57.8,81,88.3,86.2,96.4,106.6,113.5,119.9,122.7,121.7,117.5,112,108.4,104.1,95.8,88.7,84.7,77.1,69,58.1,52.1,45.5,41,42.4,48.1,57.7,66.5,80.7,97.7,109.8,113.2,119.2,121.4,120.8,117.9,111,103.3,98.4,92.9,87.7,80.7,71.3,60.3,53.4,44.3,42.2,41.9,41.3,44.9,58.4,74.1,90.9,100.9,110.2,117.9,121.3,121.3,120.1,119.6,113.6,107.6,97.9,93.4,88.4,81.6,67,52.1,44.9,45,,,,,,51.5,38.6,20.4,13.2,38.3,62.8,67,66.4,72.7,77,78.6,81.1,87,85.9,80.6,76.9,83.4,94.7,98.4,89.9,82.8,72.7,60.4,49.7,41.5,36.8,35.1,40.6,52.9,62.8,74.1,87.9,98.1,96.3,99.7,107.7,120.4,125.3,125.8,126.6,121.2,112.7,101.6,90.2,80.4,72.2,58.3,46.9,38.7,37,42.4,48.9,56.8,73.9,84.4,92.1,101.3,110,117.8,124.2,123.7,126.4,126.7,120.6,112.1,103.3,95,87.8,77.1,67.6,59,49.5,40.2,35,36.2,41,48.9,56.7,72.5,77.8,81.8,87.3,96.3,111.8,125.1,7187.3,6632,84.55647059,78.02352941,115,55,6,6
15,1,B,N,2,90.1,1656,21,29,0,70,30,-30,1.5,0,0,0,90,1610,65,90,113.7,114.2,112.5,108.6,99.6,86.2,78.2,73.8,67.9,60.5,52.1,44,36.9,35.6,40.4,49.7,61.5,72.2,89.7,102.8,110.6,113.6,113.4,110.5,109.7,110.1,108.5,103.9,97.2,90,82.9,75.2,66.6,58.3,49.8,39.1,30.3,30.6,43.8,55.9,58.4,63.1,72.5,89.9,105.8,112.4,114.6,113.7,110.4,106.8,102.6,100.8,99.4,94.5,86.6,77.4,67.7,59.6,51.1,44.8,35.4,27.2,24.8,35.7,54.3,63.3,61.8,66.1,76.1,89,96.3,103.2,110.5,111.9,107.1,102.1,98.5,91.2,84.2,78.2,84.8,95.5,99.5,105.8,109.8,116.3,118.3,120,121.6,122.4,55.5,56.7,56.3,54.7,53.8,63,78.7,96.5,109,114.7,119,122.4,121.6,119.2,113.8,107.3,97.1,88.7,79.2,74,67.3,58.2,44.1,30.1,24.9,33.1,43.9,51.6,59.1,70.6,82.3,92.3,100.8,108.8,114.6,115.9,114.2,113.5,115.3,116.2,105.8,94.7,81.1,70.3,64.7,56.9,45.5,34.5,25.4,26.7,37.5,53.7,69.6,79.9,85.3,92.2,101.2,111.5,116,120.7,117.9,112.4,105.8,102.5,110.2,111,101.7,93.6,86.6,73.7,61.2,48,38,30.3,22,22.2,33.2,43.5,56.1,69.6,85.6,90.9,81,70.1,57.2,48.9,40.6,35.8,37.7,44.1,TT,O,,2016,3,1,11/11/2003,18.37957825,20.35558134,20.88124306,17.72727273,,,,,,86.2,78.2,73.8,67.9,60.5,52.1,44,36.9,35.6,40.4,49.7,61.5,72.2,89.7,102.8,110.6,113.6,113.4,110.5,109.7,110.1,108.5,103.9,97.2,90,82.9,75.2,66.6,58.3,49.8,39.1,30.3,30.6,43.8,55.9,58.4,63.1,72.5,89.9,105.8,112.4,114.6,113.7,110.4,106.8,102.6,100.8,99.4,94.5,86.6,77.4,67.7,59.6,51.1,44.8,35.4,27.2,24.8,35.7,54.3,63.3,61.8,66.1,76.1,89,96.3,103.2,110.5,111.9,107.1,102.1,98.5,91.2,84.2,78.2,84.8,95.5,99.5,105.8,109.8,116.3,118.3,120,121.6,122.4,,,,,,63,78.7,96.5,109,114.7,119,122.4,121.6,119.2,113.8,107.3,97.1,88.7,79.2,74,67.3,58.2,44.1,30.1,24.9,33.1,43.9,51.6,59.1,70.6,82.3,92.3,100.8,108.8,114.6,115.9,114.2,113.5,115.3,116.2,105.8,94.7,81.1,70.3,64.7,56.9,45.5,34.5,25.4,26.7,37.5,53.7,69.6,79.9,85.3,92.2,101.2,111.5,116,120.7,117.9,112.4,105.8,102.5,110.2,111,101.7,93.6,86.6,73.7,61.2,48,38,30.3,22,22.2,33.2,43.5,56.1,69.6,85.6,90.9,81,70.1,57.2,48.9,40.6,35.8,37.7,44.1,6894.5,6565.6,81.11176471,77.24235294,115,55,6,6
13,2,B,N,2,90.1,1916,14,32,9,68,23,53,1.5,0,1,0,90,1610,65,90,108.9,106.1,104.6,103.5,102.7,101.8,101,100.2,101.3,105,108.3,114.6,114.4,109.9,104.6,98.2,93.6,100.7,105.7,110.2,114.5,113,108.4,102.3,92.1,78.3,65.6,46.8,27.8,33.5,56.3,68.7,84.7,97.8,105,107.3,103.4,102.2,111.8,116.6,114.7,110.5,104.1,97.9,89.7,78.6,70.1,64,51.9,37.6,25.5,32.7,54.7,76.2,94.3,95.1,92.2,84.7,74,54.7,29.7,19.4,39,50,46.2,40.4,29.6,37.6,62.6,88.6,104.3,107.9,112.1,113.9,108.2,101.4,92.9,87.5,84.8,81.6,73.8,59.5,62.4,78.5,103.1,120.3,116.4,112.3,111.8,109.6,56.2,53.9,51.6,49.5,47.9,45.5,43.7,41.9,39.8,34.8,31,30.6,44.2,64.4,77.7,73.9,73.9,74.5,59.1,40.7,30.5,35.8,51,64.4,80.7,96,108.5,110.1,110.6,113.6,105.6,89.9,74.5,59.9,43.2,28.4,19.2,31.8,49.4,50.5,51.7,59,69,76.3,83,85.2,87.2,91.5,88.2,76.2,65.2,58,60.5,70.7,81.2,80,83.3,95.2,100.6,102.1,100.5,103.7,116.1,124,122.6,121.5,110.6,89.3,74.7,71,80.1,72.6,54.1,35.8,24.4,30.5,47.4,63.3,78.1,91.5,94.3,68.8,41.1,11.6,26.5,52.3,60.4,69.5,70,56.4,TT,O,,2016,4,1,11/12/2003,21.26526082,20.35558134,20.88124306,17.72727273,,,,,,101.8,101,100.2,101.3,105,108.3,114.6,114.4,109.9,104.6,98.2,93.6,100.7,105.7,110.2,114.5,113,108.4,102.3,92.1,78.3,65.6,46.8,27.8,33.5,56.3,68.7,84.7,97.8,105,107.3,103.4,102.2,111.8,116.6,114.7,110.5,104.1,97.9,89.7,78.6,70.1,64,51.9,37.6,25.5,32.7,54.7,76.2,94.3,95.1,92.2,84.7,74,54.7,29.7,19.4,39,50,46.2,40.4,29.6,37.6,62.6,88.6,104.3,107.9,112.1,113.9,108.2,101.4,92.9,87.5,84.8,81.6,73.8,59.5,62.4,78.5,103.1,120.3,116.4,112.3,111.8,109.6,,,,,,45.5,43.7,41.9,39.8,34.8,31,30.6,44.2,64.4,77.7,73.9,73.9,74.5,59.1,40.7,30.5,35.8,51,64.4,80.7,96,108.5,110.1,110.6,113.6,105.6,89.9,74.5,59.9,43.2,28.4,19.2,31.8,49.4,50.5,51.7,59,69,76.3,83,85.2,87.2,91.5,88.2,76.2,65.2,58,60.5,70.7,81.2,80,83.3,95.2,100.6,102.1,100.5,103.7,116.1,124,122.6,121.5,110.6,89.3,74.7,71,80.1,72.6,54.1,35.8,24.4,30.5,47.4,63.3,78.1,91.5,94.3,68.8,41.1,11.6,26.5,52.3,60.4,69.5,70,56.4,7194.2,5856.1,84.63764706,68.89529412,115,55,6,6
14,2,B,E,2,90.1,2004,30,22,9,68,23,-21,1.5,0,1,0,90,1610,65,90,58.3,54.8,42.5,25.2,28.3,48.3,54.2,61.8,69.9,83.4,98.5,103.2,97.9,89.5,84.4,83.3,78.3,69.1,57,44.4,35.1,34.3,39.1,50.7,68.7,81.6,84,90.3,102.6,113.1,110.9,105.3,92.5,81.3,78.5,80.1,77.5,67.7,52.8,39.3,38.9,39.3,37.7,43.1,57.8,68.4,78.5,85.4,95.7,102.1,100.3,98.8,97.5,100.4,97,88.3,75.7,60.6,46.7,39.3,37.3,35.4,41.4,55.3,62.9,72,86.3,104.9,110.5,111.4,111.2,108.2,102.7,92.3,79.2,70.3,61.7,51,34.8,28.2,30.1,35.3,48.1,66.7,84.3,94.5,97.2,98.2,100.3,94.7,116.9,115,111.5,107,107.9,112.5,107.1,99,86.1,69.9,57,44.2,27.3,7.7,25.2,53.2,72.2,84.8,99.1,113.6,117.9,116.9,107.7,96.3,86.1,77.3,62.6,42.3,29,31.7,25.7,21.9,28.3,49.2,75.8,93.3,100.7,109.8,115,119.4,124.4,123.2,114.3,104.8,95.1,89.5,79.5,66.6,52.5,39.8,22.5,15.7,34.1,56.7,71.4,81.5,88.9,98.9,111.1,120.2,122.5,116.5,110.3,101.9,89.7,74.9,59.1,53.2,44.6,34.7,26.6,29.5,37.6,49.3,65.3,85.3,102.5,110.6,111.4,112.1,110.3,101.6,90.6,80,80.5,88.5,82.9,67,48.4,28.4,TT,O,,2016,5,1,11/12/2003,22.24195339,20.35558134,20.88124306,17.72727273,,,42.5,25.2,28.3,48.3,54.2,61.8,69.9,83.4,98.5,103.2,97.9,89.5,84.4,83.3,78.3,69.1,57,44.4,35.1,34.3,39.1,50.7,68.7,81.6,84,90.3,102.6,113.1,110.9,105.3,92.5,81.3,78.5,80.1,77.5,67.7,52.8,39.3,38.9,39.3,37.7,43.1,57.8,68.4,78.5,85.4,95.7,102.1,100.3,98.8,97.5,100.4,97,88.3,75.7,60.6,46.7,39.3,37.3,35.4,41.4,55.3,62.9,72,86.3,104.9,110.5,111.4,111.2,108.2,102.7,92.3,79.2,70.3,61.7,51,34.8,28.2,30.1,35.3,48.1,66.7,84.3,94.5,97.2,98.2,100.3,94.7,,,111.5,107,107.9,112.5,107.1,99,86.1,69.9,57,44.2,27.3,7.7,25.2,53.2,72.2,84.8,99.1,113.6,117.9,116.9,107.7,96.3,86.1,77.3,62.6,42.3,29,31.7,25.7,21.9,28.3,49.2,75.8,93.3,100.7,109.8,115,119.4,124.4,123.2,114.3,104.8,95.1,89.5,79.5,66.6,52.5,39.8,22.5,15.7,34.1,56.7,71.4,81.5,88.9,98.9,111.1,120.2,122.5,116.5,110.3,101.9,89.7,74.9,59.1,53.2,44.6,34.7,26.6,29.5,37.6,49.3,65.3,85.3,102.5,110.6,111.4,112.1,110.3,101.6,90.6,80,80.5,88.5,82.9,67,48.4,28.4,6362.5,6798.7,72.30113636,77.25795455,55,115,3,3
15,2,B,S,2,30.8,546,32,25,61,35,4,-65,1.5,1,3,0,90,1610,65,30,63.3,59.3,62.2,71.9,87.1,87.1,80.5,72.3,51.5,33.4,17.8,22.1,30.1,29.1,32.4,42.7,54.7,60.4,61,61.8,66.7,76.2,76.6,72.6,61.8,48.8,39,35.5,34.3,24.6,,,,,,,,,,,,,,,,,,,,,,,,,,,,,,,,,,,,,,,,,,,,,,,,,,,,,,,,,,,,,101.3,86.1,66.6,43.4,23.4,8.1,6.3,16.4,39.1,58.9,84.7,105,115.2,110.3,101.6,92.6,85.5,77.4,65.9,50,31.1,11.5,12.8,21.5,37,54.9,75.6,89.9,97.1,97.5,,,,,,,,,,,,,,,,,,,,,,,,,,,,,,,,,,,,,,,,,,,,,,,,,,,,,,,,,,,,,FS,O,,2016,6,1,11/12/2003,17.72727273,20.35558134,20.88124306,17.72727273,,,62.2,71.9,87.1,87.1,80.5,72.3,51.5,33.4,17.8,22.1,30.1,29.1,32.4,42.7,54.7,60.4,61,61.8,66.7,76.2,76.6,72.6,61.8,48.8,39,35.5,34.3,24.6,,,,,,,,,,,,,,,,,,,,,,,,,,,,,,,,,,,,,,,,,,,,,,,,,,,,,,,,,,,,,,,66.6,43.4,23.4,8.1,6.3,16.4,39.1,58.9,84.7,105,115.2,110.3,101.6,92.6,85.5,77.4,65.9,50,31.1,11.5,12.8,21.5,37,54.9,75.6,89.9,97.1,97.5,,,,,,,,,,,,,,,,,,,,,,,,,,,,,,,,,,,,,,,,,,,,,,,,,,,,,,,,,,,,,1494.2,1679.3,53.36428571,59.975,55,115,3,3
19,1,B,S,2,19.1,299,20,2,17,11,72,-99,1.5,1,0,0,90,1610,75,19,59.5,60.9,60.9,61.2,61,61.3,61.4,61.7,61.1,62.1,66.1,57.5,37.4,30.3,48.1,63.7,59.6,44.3,9.8,,,,,,,,,,,,,,,,,,,,,,,,,,,,,,,,,,,,,,,,,,,,,,,,,,,,,,,,,,,,,,,,,,,,,,,,108.3,109,109.1,109.1,109.1,109.1,109,108.9,108.9,108.6,100.9,75.4,56,66.8,95.3,118,119.3,119.2,94.9,,,,,,,,,,,,,,,,,,,,,,,,,,,,,,,,,,,,,,,,,,,,,,,,,,,,,,,,,,,,,,,,,,,,,,,,TT,O,,2016,1,1,11/11/2003,15.65445026,23.37691861,23.49021083,22.81045752,,60.9,60.9,61.2,61,61.3,61.4,61.7,61.1,62.1,66.1,57.5,37.4,30.3,48.1,63.7,59.6,44.3,9.8,,,,,,,,,,,,,,,,,,,,,,,,,,,,,,,,,,,,,,,,,,,,,,,,,,,,,,,,,,,,,,,,,,,,,,,,,109,109.1,109.1,109.1,109.1,109,108.9,108.9,108.6,100.9,75.4,56,66.8,95.3,118,119.3,119.2,94.9,,,,,,,,,,,,,,,,,,,,,,,,,,,,,,,,,,,,,,,,,,,,,,,,,,,,,,,,,,,,,,,,,,,,,,,,968.4,1826.6,53.8,101.4777778,55,115,2,2
20,1,B,W,2,90.1,2175,18,33,4,34,62,-44,1.5,0,0,0,90,1610,75,90,112.7,102.9,88.9,65.4,35.7,33.5,59.8,88.7,103.4,113.9,120.7,124.2,122.7,119.6,113.7,104.1,92.3,81.9,70.9,61.6,49.4,42.7,44,52.9,69.5,88.8,104,115.5,119.5,120,122.7,115.5,104.2,92.7,78.2,88.5,88.2,81.5,83.5,94.8,114.5,120.4,120.1,115.9,110.9,109.6,106.7,104.1,110.3,119.6,121.4,124,122.9,122.5,124.3,121,115.1,111.4,108.5,100.1,91,85.7,78.4,64.8,54.6,46.8,44,46.1,53.3,67.9,78.5,89.7,99.3,101.4,108.9,112.5,116.8,114.9,110.5,107.6,105.4,94,79.3,63.7,51.6,43.7,44.6,47,55.4,70.4,61.1,44.8,27.1,25.8,51.9,77,92.8,97.1,85.7,72.3,58,45.5,38.3,42.5,58.2,71.9,85.2,100.5,110.7,120.1,123.6,126.9,125.7,120.2,109.9,96.6,83.1,71.1,56.9,41.9,37.6,33.2,34.5,42.2,68.9,98.5,95,79.7,61.9,41.9,38.5,39.1,40.2,43.3,53.7,67.2,66.7,54.7,44.1,39.9,37.9,40.8,47.4,53.8,53.1,53.8,61.4,72.9,74.5,76.7,85,99.3,100.3,102.5,113.9,124.5,128.6,128.4,122.8,118.8,108.4,96,83.5,71.2,58.3,44,34,31.4,40.7,59.2,79.2,91,103.3,112.8,121.5,126.5,129.4,124.2,116.7,111.3,TT,O,,2016,2,1,11/11/2003,24.13984462,23.37691861,23.49021083,22.81045752,,,,,35.7,33.5,59.8,88.7,103.4,113.9,120.7,124.2,122.7,119.6,113.7,104.1,92.3,81.9,70.9,61.6,49.4,42.7,44,52.9,69.5,88.8,104,115.5,119.5,120,122.7,115.5,104.2,92.7,78.2,88.5,88.2,81.5,83.5,94.8,114.5,120.4,120.1,115.9,110.9,109.6,106.7,104.1,110.3,119.6,121.4,124,122.9,122.5,124.3,121,115.1,111.4,108.5,100.1,91,85.7,78.4,64.8,54.6,46.8,44,46.1,53.3,67.9,78.5,89.7,99.3,101.4,108.9,112.5,116.8,114.9,110.5,107.6,105.4,94,79.3,63.7,51.6,43.7,44.6,47,55.4,70.4,,,,,51.9,77,92.8,97.1,85.7,72.3,58,45.5,38.3,42.5,58.2,71.9,85.2,100.5,110.7,120.1,123.6,126.9,125.7,120.2,109.9,96.6,83.1,71.1,56.9,41.9,37.6,33.2,34.5,42.2,68.9,98.5,95,79.7,61.9,41.9,38.5,39.1,40.2,43.3,53.7,67.2,66.7,54.7,44.1,39.9,37.9,40.8,47.4,53.8,53.1,53.8,61.4,72.9,74.5,76.7,85,99.3,100.3,102.5,113.9,124.5,128.6,128.4,122.8,118.8,108.4,96,83.5,71.2,58.3,44,34,31.4,40.7,59.2,79.2,91,103.3,112.8,121.5,126.5,129.4,124.2,116.7,111.3,7833.9,6683.4,91.09186047,77.71395349,115,55,5,5
21,1,B,N,2,26.1,691,26,31,27,48,25,56,1.5,1,2,0,90,1610,75,26,109.5,102.7,96.5,88.7,88.2,91.6,85.3,65.3,43,34.5,37.5,35.8,39.5,54.4,71.4,87.4,97.9,105.2,111.3,111.7,101.2,87.1,74.7,56.3,33.5,22.3,,,,,,,,,,,,,,,,,,,,,,,,,,,,,,,,,,,,,,,,,,,,,,,,,,,,,,,,,,,,,,,,,52.6,41.7,24.3,8.9,34.3,67.3,85.4,90.9,100,115.6,121.6,111.9,91.7,69.7,45.2,23.2,14,32.4,56.2,71.5,78.7,86.1,99.2,109.4,103.1,88.7,,,,,,,,,,,,,,,,,,,,,,,,,,,,,,,,,,,,,,,,,,,,,,,,,,,,,,,,,,,,,,,,,TT,O,,2016,3,1,11/11/2003,26.47509579,23.37691861,23.49021083,22.81045752,,,,,88.2,91.6,85.3,65.3,43,34.5,37.5,35.8,39.5,54.4,71.4,87.4,97.9,105.2,111.3,111.7,101.2,87.1,74.7,56.3,33.5,22.3,,,,,,,,,,,,,,,,,,,,,,,,,,,,,,,,,,,,,,,,,,,,,,,,,,,,,,,,,,,,,,,,,,,,,34.3,67.3,85.4,90.9,100,115.6,121.6,111.9,91.7,69.7,45.2,23.2,14,32.4,56.2,71.5,78.7,86.1,99.2,109.4,103.1,88.7,,,,,,,,,,,,,,,,,,,,,,,,,,,,,,,,,,,,,,,,,,,,,,,,,,,,,,,,,,,,,,,,,1535.1,1696.1,69.77727273,77.09545455,115,55,5,5
19,2,B,N,2,82.5,2111,18,36,13,60,27,38,1.5,1,0,0,90,1610,75,82,112.1,111.8,110.2,108.7,107.6,106.5,105.5,104.9,100.4,93.6,70.4,43.2,71.6,70.1,57.8,54.2,55.6,60.5,63.5,69.4,83.6,91.3,100.2,111.1,114.6,110.6,107.2,102.1,91.2,77.6,58.7,46.7,39.1,38.3,47.9,63.7,86.8,104.7,110.9,114,110.7,107,108.1,100.9,86.6,66,57.4,50.4,36.1,32.2,47.6,58.5,66.7,72.8,85.8,106.1,114.3,112.1,104.7,100.2,98.9,92.1,82.6,63.4,46.7,34.3,29,43.1,63.3,65.6,68.9,77.6,93,107.9,117.3,115.7,110,103.8,96.2,76.1,51,24.6,,,,,,,,,54.3,50.4,48.1,46.3,44.9,43.7,42.8,41.8,42.2,30.3,22.9,47.5,44.5,23.8,32.9,61.8,87.2,115.7,118,106.8,94.7,75.6,51,37.1,30,36.8,57.2,78.2,92.1,104.4,116.6,123.9,124.1,117.3,103.7,86.8,74.5,66.4,52.8,36.3,26.1,36.2,61.6,71.7,79.4,94.7,111.3,117.7,113.6,116.7,122.9,117.1,103.1,82,61.5,53.5,46.6,32.4,21,29.8,56.9,75.6,87.8,102.5,113.6,117.4,112,110.2,111.1,96.1,75.8,51.9,31.2,26.6,33.5,42,55.7,72.4,85.2,83.3,79.9,82.5,,,,,,,,,TT,O,,2016,4,1,11/12/2003,25.58787879,23.37691861,23.49021083,22.81045752,,,,,107.6,106.5,105.5,104.9,100.4,93.6,70.4,43.2,71.6,70.1,57.8,54.2,55.6,60.5,63.5,69.4,83.6,91.3,100.2,111.1,114.6,110.6,107.2,102.1,91.2,77.6,58.7,46.7,39.1,38.3,47.9,63.7,86.8,104.7,110.9,114,110.7,107,108.1,100.9,86.6,66,57.4,50.4,36.1,32.2,47.6,58.5,66.7,72.8,85.8,106.1,114.3,112.1,104.7,100.2,98.9,92.1,82.6,63.4,46.7,34.3,29,43.1,63.3,65.6,68.9,77.6,93,107.9,117.3,115.7,110,103.8,96.2,76.1,51,24.6,,,,,,,,,,,,,44.9,43.7,42.8,41.8,42.2,30.3,22.9,47.5,44.5,23.8,32.9,61.8,87.2,115.7,118,106.8,94.7,75.6,51,37.1,30,36.8,57.2,78.2,92.1,104.4,116.6,123.9,124.1,117.3,103.7,86.8,74.5,66.4,52.8,36.3,26.1,36.2,61.6,71.7,79.4,94.7,111.3,117.7,113.6,116.7,122.9,117.1,103.1,82,61.5,53.5,46.6,32.4,21,29.8,56.9,75.6,87.8,102.5,113.6,117.4,112,110.2,111.1,96.1,75.8,51.9,31.2,26.6,33.5,42,55.7,72.4,85.2,83.3,79.9,82.5,,,,,,,,,6220.4,5668.4,79.74871795,72.67179487,115,55,5,5
20,2,B,E,2,90.1,2306,33,18,34,53,13,53,1.5,0,4,0,90,1610,75,90,65,60.3,52.1,47.2,54.5,72.4,88.5,102.4,96.6,82.8,66.6,49.2,32.2,26.8,21.2,28,51.1,76.5,83.9,74.9,60.1,40.1,34.1,33.7,25.8,32.8,50.7,62.3,70.6,84.9,99.1,101.2,101.2,101.3,92.8,74.9,54.9,37.7,28.7,33.6,47.5,65.6,72.3,73.6,74.4,78.5,89.8,104.1,106.3,98.5,80,65,44.8,33.5,32.2,30.4,32.3,45.9,66.5,76.3,70.3,52.4,25.4,18.3,41.9,44.5,36.2,31.4,32.6,54.2,79.3,85.5,74.1,44.9,21.7,23.7,30.2,44.1,65.2,84.6,91.2,85,80.8,69.1,54.7,35.4,27.8,48.5,64.4,56.3,119.9,109.6,96.5,74.7,44.2,15.5,20.3,46.2,55.6,65.2,78.5,98.1,106.9,111.6,99.1,75,50.1,28.2,15.5,11.6,30.4,63.4,94.8,111.6,110.6,107.8,103.8,89.1,67.4,46.2,32.4,19.3,22.5,43.2,51.8,64.9,82,103,112.6,115.6,112.7,111.8,100.3,83.2,62.2,37.6,10.8,24.1,40.9,50.1,63.7,79.2,97.7,113.2,117.1,107.6,89.7,66.7,42.7,22.8,16.1,34.9,60.7,84.8,112.5,108,91.2,73.7,56.1,43.6,53.4,72.8,81.6,88.6,96.5,106.5,98.7,88.5,84.3,93.9,93.6,84.9,73,57.2,51.4,54.8,71.3,93.2,109.6,107.5,TT,O,,2016,5,1,11/12/2003,25.59378468,23.37691861,23.49021083,22.81045752,,60.3,52.1,47.2,54.5,72.4,88.5,102.4,96.6,82.8,66.6,49.2,32.2,26.8,21.2,28,51.1,76.5,83.9,74.9,60.1,40.1,34.1,33.7,25.8,32.8,50.7,62.3,70.6,84.9,99.1,101.2,101.2,101.3,92.8,74.9,54.9,37.7,28.7,33.6,47.5,65.6,72.3,73.6,74.4,78.5,89.8,104.1,106.3,98.5,80,65,44.8,33.5,32.2,30.4,32.3,45.9,66.5,76.3,70.3,52.4,25.4,18.3,41.9,44.5,36.2,31.4,32.6,54.2,79.3,85.5,74.1,44.9,21.7,23.7,30.2,44.1,65.2,84.6,91.2,85,80.8,69.1,54.7,35.4,27.8,48.5,64.4,56.3,,109.6,96.5,74.7,44.2,15.5,20.3,46.2,55.6,65.2,78.5,98.1,106.9,111.6,99.1,75,50.1,28.2,15.5,11.6,30.4,63.4,94.8,111.6,110.6,107.8,103.8,89.1,67.4,46.2,32.4,19.3,22.5,43.2,51.8,64.9,82,103,112.6,115.6,112.7,111.8,100.3,83.2,62.2,37.6,10.8,24.1,40.9,50.1,63.7,79.2,97.7,113.2,117.1,107.6,89.7,66.7,42.7,22.8,16.1,34.9,60.7,84.8,112.5,108,91.2,73.7,56.1,43.6,53.4,72.8,81.6,88.6,96.5,106.5,98.7,88.5,84.3,93.9,93.6,84.9,73,57.2,51.4,54.8,71.3,93.2,109.6,107.5,5278.9,6451.8,59.31348315,72.49213483,55,115,2,2
21,2,B,S,2,30.6,698,27,14,7,70,23,-37,1.5,0,0,0,90,1610,75,30,55.8,45.6,45,56.8,81.9,98.5,96.6,88,68.8,54,41.1,35.1,39.8,37.7,33.2,45.5,65.8,81,97.7,98.6,98.3,102,108.8,103.8,94.4,87.2,85.3,87.7,77.3,59.2,,,,,,,,,,,,,,,,,,,,,,,,,,,,,,,,,,,,,,,,,,,,,,,,,,,,,,,,,,,,,114.3,102.2,83,59.5,47,55.3,64.1,71.3,85,99,109.6,118.2,125.4,121.9,110.2,100,92.6,83.1,79.4,69.2,54.6,31.5,23.8,26.9,39.5,62.7,85.1,95.6,91.4,92.3,,,,,,,,,,,,,,,,,,,,,,,,,,,,,,,,,,,,,,,,,,,,,,,,,,,,,,,,,,,,,FS,O,,2016,6,1,11/12/2003,22.81045752,23.37691861,23.49021083,22.81045752,,45.6,45,56.8,81.9,98.5,96.6,88,68.8,54,41.1,35.1,39.8,37.7,33.2,45.5,65.8,81,97.7,98.6,98.3,102,108.8,103.8,94.4,87.2,85.3,87.7,77.3,59.2,,,,,,,,,,,,,,,,,,,,,,,,,,,,,,,,,,,,,,,,,,,,,,,,,,,,,,,,,,,,,,102.2,83,59.5,47,55.3,64.1,71.3,85,99,109.6,118.2,125.4,121.9,110.2,100,92.6,83.1,79.4,69.2,54.6,31.5,23.8,26.9,39.5,62.7,85.1,95.6,91.4,92.3,,,,,,,,,,,,,,,,,,,,,,,,,,,,,,,,,,,,,,,,,,,,,,,,,,,,,,,,,,,,,2114.7,2279.4,72.92068966,78.6,55,115,2,2
22,1,B,S,2,90.1,1162,32,7,2,58,40,-124,1.5,0,0,0,90,1610,77,90,57,57.5,60.7,61.3,62.1,63.2,64.1,64.5,65.1,65.2,65.3,66.6,68.7,70,69.8,70.8,70.4,71.8,73.2,75.2,75.9,78.9,79.6,81.1,78.4,77.9,77.5,70.2,76.1,84.6,81.7,81.6,79.2,76.7,69.9,71.3,76.5,77.4,62,44.8,45.1,43.9,50.7,54.1,46.5,43.1,42.6,29,19.7,18.2,16,21.2,25.2,38.8,46.1,54.4,60.4,58.2,52.6,47.4,45,40.9,38.3,39.1,38.1,50.4,73.1,94.9,111.9,110.3,108.4,105.3,103.3,105.2,104.2,104.3,106.9,100.3,93,82.3,73.3,60.9,57.6,54.8,43.6,26.6,30.5,49.8,65,86.8,106,106,105.1,104.8,103.8,103.7,103.2,102.4,102.3,101.7,101.4,101.1,100.8,100.4,100,99.6,98.8,98.8,98.8,98.6,98.1,97,96.8,96.6,96.4,96.4,97.2,96.5,96.7,96.7,96.6,96,93.4,91.3,89.6,90.5,94,98.8,104.7,100.5,94.2,97.5,105,112.8,104.4,104,110.3,108.1,103.7,103.7,101.5,106.6,104.1,96.2,93.9,94.5,105.9,113.2,114.3,114.8,112.9,111.7,111.3,104.8,90.9,74.4,62.6,63.8,71.8,69.5,62.3,49,30.5,21,27,47.4,68.9,74.1,78.6,95.5,103.1,112.4,120.7,119.7,116.8,110.2,106.1,96.5,91.5,94.5,TT,O,,2016,1,1,11/11/2003,12.89678135,10.70949973,10.32852386,12.61437909,,,,,62.1,63.2,64.1,64.5,65.1,65.2,65.3,66.6,68.7,70,69.8,70.8,70.4,71.8,73.2,75.2,75.9,78.9,79.6,81.1,78.4,77.9,77.5,70.2,76.1,84.6,81.7,81.6,79.2,76.7,69.9,71.3,76.5,77.4,62,44.8,45.1,43.9,50.7,54.1,46.5,43.1,42.6,29,19.7,18.2,16,21.2,25.2,38.8,46.1,54.4,60.4,58.2,52.6,47.4,45,40.9,38.3,39.1,38.1,50.4,73.1,94.9,111.9,110.3,108.4,105.3,103.3,105.2,104.2,104.3,106.9,100.3,93,82.3,73.3,60.9,57.6,54.8,43.6,26.6,30.5,49.8,65,86.8,,,,,103.8,103.7,103.2,102.4,102.3,101.7,101.4,101.1,100.8,100.4,100,99.6,98.8,98.8,98.8,98.6,98.1,97,96.8,96.6,96.4,96.4,97.2,96.5,96.7,96.7,96.6,96,93.4,91.3,89.6,90.5,94,98.8,104.7,100.5,94.2,97.5,105,112.8,104.4,104,110.3,108.1,103.7,103.7,101.5,106.6,104.1,96.2,93.9,94.5,105.9,113.2,114.3,114.8,112.9,111.7,111.3,104.8,90.9,74.4,62.6,63.8,71.8,69.5,62.3,49,30.5,21,27,47.4,68.9,74.1,78.6,95.5,103.1,112.4,120.7,119.7,116.8,110.2,106.1,96.5,91.5,94.5,5604.6,8127.4,65.16976744,94.50465116,55,115,5,5
23,1,B,W,2,90.1,1290,18,39,14,55,31,-57,1.5,0,1,0,90,1610,77,90,112.3,114.8,113.8,108.3,104.8,97.5,87.8,76.8,71.3,73.1,82.2,89.5,87.6,86.5,78.5,68.5,63.3,67.3,73.1,79.9,86.2,91,99.4,118.6,123,119.4,120.4,121.2,123.1,122.3,121.5,122,120.3,121.3,120.4,120.7,120.5,117.1,114.6,108.4,100,87.8,75.6,66.8,59.4,56.9,54.4,47.5,35.4,33.6,37,32.9,23.8,20,21.2,31.9,43.5,44.4,43.6,44.5,46.6,51,65.3,72,77.8,87.5,96.4,107,118.3,123.9,120.8,119.3,117.6,115.5,114.5,110.9,103.8,96.7,95.1,89,79.7,75,68,68.3,74.9,82.3,94.7,100.5,97.8,102.6,57.3,57.7,53.5,45.2,40,31.2,17.1,10.5,29.4,54,75.6,91.3,93.4,96.8,100.3,94,76.5,66.5,54,43.1,33,22.7,16.6,34.9,40.2,38.3,40.8,40.2,41.1,40.2,40.9,40.8,36.9,36.4,35.4,35.4,38.8,41.4,43.4,38.6,39.7,46.1,59.8,75.5,91.7,108.7,122.2,121.1,116.9,118.7,112.6,100.9,96,96.8,102.2,113.2,122.3,123.3,121.8,120.5,114.7,114.2,106.3,98.4,87.1,73.6,60.8,52,48.3,45.1,38.2,34,34.7,41.7,51.2,59.9,62.8,71.5,85.1,84.9,86.7,87.8,79.9,63.9,68.5,73.4,82,83.2,77.5,71.8,TT,O,,2016,2,1,11/11/2003,14.31742508,10.70949973,10.32852386,12.61437909,,,,,,,,,,,82.2,89.5,87.6,86.5,78.5,68.5,63.3,67.3,73.1,79.9,86.2,91,99.4,118.6,123,119.4,120.4,121.2,123.1,122.3,121.5,122,120.3,121.3,120.4,120.7,120.5,117.1,114.6,108.4,100,87.8,75.6,66.8,59.4,56.9,54.4,47.5,35.4,33.6,37,32.9,23.8,20,21.2,31.9,43.5,44.4,43.6,44.5,46.6,51,65.3,72,77.8,87.5,96.4,107,118.3,123.9,120.8,119.3,117.6,115.5,114.5,110.9,103.8,96.7,95.1,89,79.7,75,68,68.3,74.9,82.3,94.7,100.5,97.8,102.6,,,,,,,,,,,75.6,91.3,93.4,96.8,100.3,94,76.5,66.5,54,43.1,33,22.7,16.6,34.9,40.2,38.3,40.8,40.2,41.1,40.2,40.9,40.8,36.9,36.4,35.4,35.4,38.8,41.4,43.4,38.6,39.7,46.1,59.8,75.5,91.7,108.7,122.2,121.1,116.9,118.7,112.6,100.9,96,96.8,102.2,113.2,122.3,123.3,121.8,120.5,114.7,114.2,106.3,98.4,87.1,73.6,60.8,52,48.3,45.1,38.2,34,34.7,41.7,51.2,59.9,62.8,71.5,85.1,84.9,86.7,87.8,79.9,63.9,68.5,73.4,82,83.2,77.5,71.8,6820.8,5676.7,85.26,70.95875,115,55,11,11
24,1,B,N,2,90.1,278,0,57,0,0,100,-29,1.5,0,0,0,90,1610,77,90,113.9,114.3,114.5,114.2,114.3,114.2,113.8,113.8,113.6,113.4,113.6,114.3,114.6,114.5,114.5,114.8,114.8,114.2,114.1,114.4,114.3,114.4,114.2,114.4,114.2,114.4,114.6,114.6,114.7,114.6,114.5,114.7,114.6,114.7,114.8,114.8,114.9,114.8,114.8,114.8,114.8,114.8,114.8,114.7,114.9,114.9,114.8,114.8,114.8,114.8,114.8,114.7,114.8,114.9,114.9,114.7,114.9,114.8,114.8,114.8,114.8,114.8,114.8,114.9,114.8,114.8,114.7,114.6,114.6,114.5,114.6,114.4,114.5,114.5,114.4,114.5,114.7,114.6,114.7,114.5,114.6,114.4,114.5,114.4,114.5,114.4,114.4,114.2,114.2,114.3,60.1,59.9,59.6,59.3,59.6,59.6,59.3,59.1,59.9,61.4,60.3,59.5,57.8,57.5,57.8,58.4,58.5,58.5,59.4,58.9,58.6,58.9,59.1,59,59.7,59.6,59.4,59,59.2,58.9,59.3,59.3,59.4,59.4,59,59.1,59.1,59.3,59.3,59.2,59.2,59.2,59.3,59.1,59.1,59.2,59.1,59.2,59.2,59.2,59.1,59.3,59.3,59.1,59.3,59.4,59.1,59.2,59.2,59.2,59.2,59.2,59.4,59.1,59.5,59.2,59.5,59.5,59.6,59.7,59.6,59.8,59.8,59.7,59.9,59.6,59.5,59.6,59.5,59.7,59.6,59.8,59.7,59.8,59.8,59.7,60.1,60.2,60.2,60,TT,O,,2016,3,1,11/11/2003,3.085460599,10.70949973,10.32852386,12.61437909,,,,,,,,,,,113.6,114.3,114.6,114.5,114.5,114.8,114.8,114.2,114.1,114.4,114.3,114.4,114.2,114.4,114.2,114.4,114.6,114.6,114.7,114.6,114.5,114.7,114.6,114.7,114.8,114.8,114.9,114.8,114.8,114.8,114.8,114.8,114.8,114.7,114.9,114.9,114.8,114.8,114.8,114.8,114.8,114.7,114.8,114.9,114.9,114.7,114.9,114.8,114.8,114.8,114.8,114.8,114.8,114.9,114.8,114.8,114.7,114.6,114.6,114.5,114.6,114.4,114.5,114.5,114.4,114.5,114.7,114.6,114.7,114.5,114.6,114.4,114.5,114.4,114.5,114.4,114.4,114.2,114.2,114.3,,,,,,,,,,,60.3,59.5,57.8,57.5,57.8,58.4,58.5,58.5,59.4,58.9,58.6,58.9,59.1,59,59.7,59.6,59.4,59,59.2,58.9,59.3,59.3,59.4,59.4,59,59.1,59.1,59.3,59.3,59.2,59.2,59.2,59.3,59.1,59.1,59.2,59.1,59.2,59.2,59.2,59.1,59.3,59.3,59.1,59.3,59.4,59.1,59.2,59.2,59.2,59.2,59.2,59.4,59.1,59.5,59.2,59.5,59.5,59.6,59.7,59.6,59.8,59.8,59.7,59.9,59.6,59.5,59.6,59.5,59.7,59.6,59.8,59.7,59.8,59.8,59.7,60.1,60.2,60.2,60,9168.4,4743.9,114.605,59.29875,115,55,11,11
22,2,B,N,2,90.1,392,0,19,27,72,1,26,1.5,0,0,0,90,1610,77,90,112.1,109.8,107.7,105.4,104,102.5,100.8,99.6,97.8,96.3,94.7,93.4,91.9,90.5,89.4,87.9,86.1,84.3,83.7,83.1,82.5,82,80.3,80.3,79.8,79.5,79.1,78.7,78.4,78.3,78.4,78.1,78.3,78.3,78.3,78.4,78.1,78.4,78.3,78.3,78.5,78.7,78.9,79.1,79.2,79.2,79.6,79.8,79.9,80,80,80.7,80.3,80.7,80.7,80.9,81.1,81.1,81.6,81.6,82,81.9,82.1,81.9,81.6,81.6,81.1,81.4,80.9,81.2,80.9,80.9,80.4,80.5,80.4,79.8,80.5,80.1,79.9,79.7,79.5,79.6,79.5,79.7,79,79.2,79.4,79.1,79,79,55.1,52.5,49.9,47.6,46,44.5,42.8,41.7,40.3,39.5,38.2,37.6,37.2,36.7,36.8,36.7,38.8,42.4,42.3,43.1,43.2,43.6,49.6,49,49.5,50.7,51.3,52.7,54.6,55,56.6,55.9,57,58.5,58.3,58.5,60,61,63.3,62,64.6,64.8,66.2,66.7,66.5,67.4,68.2,68.8,70,70.1,70,71.8,71.1,72.4,72.6,73,73.4,73.7,74.6,74.9,76.1,76.2,76.5,76.3,76.3,76.8,76.7,77.4,77,77.7,77.6,77.9,77.7,78.4,78.9,78.1,79.7,79.5,79.8,80.1,80.4,80.6,80.9,81.4,81.2,81.9,82.5,82.2,82.6,83,TT,O,,2016,4,1,11/12/2003,4.350721421,10.70949973,10.32852386,12.61437909,,,,,,,,,,,94.7,93.4,91.9,90.5,89.4,87.9,86.1,84.3,83.7,83.1,82.5,82,80.3,80.3,79.8,79.5,79.1,78.7,78.4,78.3,78.4,78.1,78.3,78.3,78.3,78.4,78.1,78.4,78.3,78.3,78.5,78.7,78.9,79.1,79.2,79.2,79.6,79.8,79.9,80,80,80.7,80.3,80.7,80.7,80.9,81.1,81.1,81.6,81.6,82,81.9,82.1,81.9,81.6,81.6,81.1,81.4,80.9,81.2,80.9,80.9,80.4,80.5,80.4,79.8,80.5,80.1,79.9,79.7,79.5,79.6,79.5,79.7,79,79.2,79.4,79.1,79,79,,,,,,,,,,,38.2,37.6,37.2,36.7,36.8,36.7,38.8,42.4,42.3,43.1,43.2,43.6,49.6,49,49.5,50.7,51.3,52.7,54.6,55,56.6,55.9,57,58.5,58.3,58.5,60,61,63.3,62,64.6,64.8,66.2,66.7,66.5,67.4,68.2,68.8,70,70.1,70,71.8,71.1,72.4,72.6,73,73.4,73.7,74.6,74.9,76.1,76.2,76.5,76.3,76.3,76.8,76.7,77.4,77,77.7,77.6,77.9,77.7,78.4,78.9,78.1,79.7,79.5,79.8,80.1,80.4,80.6,80.9,81.4,81.2,81.9,82.5,82.2,82.6,83,6480.2,5252.3,81.0025,65.65375,115,55,11,11
23,2,B,E,2,90.1,1531,25,26,1,44,55,-16,1.5,0,0,0,90,1610,77,90,62.5,63.5,64.9,64,57.6,53.6,52.5,42.8,40.2,43.2,52,66.1,82.2,97,112,117.5,116.8,114.2,116.8,116.7,115,108.8,101.5,96.2,88.4,72.8,60.6,47.3,40.1,42.3,42.9,46.6,53,64.2,73.7,77.3,81.8,89.9,100.9,112.6,114.7,113.1,110.9,118.5,122.3,121.6,117.8,110.4,105.1,98.1,87.8,81.9,80.1,76.5,69.7,60,49.4,41.3,41.5,43.5,45,50.6,56.1,66.3,72.1,78.4,84,86.4,91,97,104,113,114.3,112.9,113.2,112.2,110.6,108.4,104.8,101.3,100.4,100.4,91.8,83.2,73.7,63.8,53.5,43.1,41.4,41.6,119.8,120.8,121.8,120.6,115.9,114,116.6,109.6,99.8,90.6,79.7,69.2,58.3,47.5,44.7,39.4,32.2,29.4,40.2,53.3,64.4,71.1,77.1,87.5,96.3,98.3,100.2,107.5,118.3,127.2,127.3,126,121.6,118.8,112.4,98.2,84.5,70.5,59.1,53.3,46.7,34.5,28.8,33.8,43.5,48.2,51.7,51.7,53.1,60,68.6,79.5,96.1,105.6,109.1,115.4,118.9,120.2,125.6,128.6,126.6,125.9,121.3,120.7,114.2,109.3,102.2,89.4,78.9,68.9,61,57,50.2,42.3,34.7,29.9,25.4,26.8,33.6,47.8,66.7,82.6,92.4,96.3,105.6,111.1,118,122.1,125.7,127,TT,O,,2016,5,1,11/12/2003,16.99223086,10.70949973,10.32852386,12.61437909,,,,,57.6,53.6,52.5,42.8,40.2,43.2,52,66.1,82.2,97,112,117.5,116.8,114.2,116.8,116.7,115,108.8,101.5,96.2,88.4,72.8,60.6,47.3,40.1,42.3,42.9,46.6,53,64.2,73.7,77.3,81.8,89.9,100.9,112.6,114.7,113.1,110.9,118.5,122.3,121.6,117.8,110.4,105.1,98.1,87.8,81.9,80.1,76.5,69.7,60,49.4,41.3,41.5,43.5,45,50.6,56.1,66.3,72.1,78.4,84,86.4,91,97,104,113,114.3,112.9,113.2,112.2,110.6,108.4,104.8,101.3,100.4,100.4,91.8,83.2,73.7,63.8,53.5,43.1,41.4,41.6,,,,,115.9,114,116.6,109.6,99.8,90.6,79.7,69.2,58.3,47.5,44.7,39.4,32.2,29.4,40.2,53.3,64.4,71.1,77.1,87.5,96.3,98.3,100.2,107.5,118.3,127.2,127.3,126,121.6,118.8,112.4,98.2,84.5,70.5,59.1,53.3,46.7,34.5,28.8,33.8,43.5,48.2,51.7,51.7,53.1,60,68.6,79.5,96.1,105.6,109.1,115.4,118.9,120.2,125.6,128.6,126.6,125.9,121.3,120.7,114.2,109.3,102.2,89.4,78.9,68.9,61,57,50.2,42.3,34.7,29.9,25.4,26.8,33.6,47.8,66.7,82.6,92.4,96.3,105.6,111.1,118,122.1,125.7,127,7075.8,7093.2,82.27674419,82.47906977,55,115,5,5
24,2,B,S,2,30.6,386,3,61,24,64,12,-92,1.5,0,0,0,90,1610,77,30,58.9,57.4,57.4,60.4,58.2,60.9,67,79.1,94.3,110.9,119.6,117.7,118.9,117.9,117.9,117.5,116,114.6,113.1,107.4,103.5,101.5,102.1,100,94.5,88.4,82.7,79.5,82,86.2,,,,,,,,,,,,,,,,,,,,,,,,,,,,,,,,,,,,,,,,,,,,,,,,,,,,,,,,,,,,,109.3,106.6,103.5,93.6,81.9,66.9,48.8,30.8,21,27.3,34.3,33.5,36.5,37.6,39.2,39.8,39.1,36.7,34.4,29.5,24.9,20,17.6,16.5,21.4,31.7,47.8,67.1,85.5,95.9,,,,,,,,,,,,,,,,,,,,,,,,,,,,,,,,,,,,,,,,,,,,,,,,,,,,,,,,,,,,,FS,O,,2016,6,1,11/12/2003,12.61437909,10.70949973,10.32852386,12.61437909,,,,60.4,58.2,60.9,67,79.1,94.3,110.9,119.6,117.7,118.9,117.9,117.9,117.5,116,114.6,113.1,107.4,103.5,101.5,102.1,100,94.5,88.4,82.7,79.5,82,86.2,,,,,,,,,,,,,,,,,,,,,,,,,,,,,,,,,,,,,,,,,,,,,,,,,,,,,,,,,,,,,,,,93.6,81.9,66.9,48.8,30.8,21,27.3,34.3,33.5,36.5,37.6,39.2,39.8,39.1,36.7,34.4,29.5,24.9,20,17.6,16.5,21.4,31.7,47.8,67.1,85.5,95.9,,,,,,,,,,,,,,,,,,,,,,,,,,,,,,,,,,,,,,,,,,,,,,,,,,,,,,,,,,,,,2611.8,1159.3,96.73333333,42.93703704,55,115,4,4
28,1,B,S,2,69.7,1274,45,11,10,50,40,64,1.5,0,0,0,90,1610,79,69,52.7,49.5,50.7,49.7,44,41.6,43.1,39.1,32,27.2,25.5,26.1,25.8,21.6,13.5,17.3,24,55.8,79.2,88.9,100.1,110.4,104.9,97.9,99.2,108,121.1,121.3,119.1,116.1,111,96.6,73.1,47.8,26.6,26.6,33.9,43.7,51.9,70.3,85.6,95.9,92.4,86.3,83.7,76.6,81.1,83.2,88.2,79.8,56.2,33,29.7,40.2,48.7,63.1,60.7,51.2,48.1,44,44.1,46.1,51,61.9,70.5,65.8,64.7,58.3,38.1,,,,,,,,,,,,,,,,,,,,,,106.8,102.6,107.8,118.1,121.6,124.2,128.6,124.7,117.5,112.8,110.6,110.1,108.6,103.9,97.7,102.3,96.3,102.1,103,97.7,87.9,79.9,69,53.5,35.1,25.6,35.8,36.9,39.3,48.7,56.2,60.3,60.6,69.5,88.5,109.2,118.3,121,120.3,109.9,101,94,89.3,86.4,91.6,84.2,73.8,72.2,79.5,89.6,99.2,95.9,81.1,66.8,63.8,74.5,89.4,103.9,117.3,124.4,129.3,129,124.9,121.8,117.9,102.6,95.5,86.6,82.3,,,,,,,,,,,,,,,,,,,,,,TT,O,,2016,1,1,11/11/2003,18.27833573,17.50386867,17.37597791,18.14332248,,,50.7,49.7,44,41.6,43.1,39.1,32,27.2,25.5,26.1,25.8,21.6,13.5,17.3,24,55.8,79.2,88.9,100.1,110.4,104.9,97.9,99.2,108,121.1,121.3,119.1,116.1,111,96.6,73.1,47.8,26.6,26.6,33.9,43.7,51.9,70.3,85.6,95.9,92.4,86.3,83.7,76.6,81.1,83.2,88.2,79.8,56.2,33,29.7,40.2,48.7,63.1,60.7,51.2,48.1,44,44.1,46.1,51,61.9,70.5,65.8,64.7,58.3,38.1,,,,,,,,,,,,,,,,,,,,,,,,107.8,118.1,121.6,124.2,128.6,124.7,117.5,112.8,110.6,110.1,108.6,103.9,97.7,102.3,96.3,102.1,103,97.7,87.9,79.9,69,53.5,35.1,25.6,35.8,36.9,39.3,48.7,56.2,60.3,60.6,69.5,88.5,109.2,118.3,121,120.3,109.9,101,94,89.3,86.4,91.6,84.2,73.8,72.2,79.5,89.6,99.2,95.9,81.1,66.8,63.8,74.5,89.4,103.9,117.3,124.4,129.3,129,124.9,121.8,117.9,102.6,95.5,86.6,82.3,,,,,,,,,,,,,,,,,,,,,,4212.9,6180.9,62.87910448,92.25223881,55,115,3,3
29,1,B,W,2,90.1,1592,34,21,4,38,58,-82,1.5,0,0,0,90,1610,79,90,117.7,118.4,119.1,119.3,119.1,119.9,117.4,115.2,108.7,94.8,76.8,54.4,32.5,26.8,33.4,43.7,43.6,49.1,59.8,67.9,77.7,84,90,94.3,98,102.2,102.6,94.1,94.4,84.1,63.4,50.8,49,44.8,39.1,37.3,46.4,46.7,45.2,47.5,60.1,80.3,96.6,101.2,102.3,102.8,105.3,109.8,107.5,103.1,94.6,83.4,76.2,72.2,69.2,67.6,51.1,30.4,22.9,35.8,43,43.1,49.1,67.2,83.2,88.3,93.7,101.2,108.4,118.6,120.2,119.6,117.8,113.7,106.5,96.6,84.6,74.4,66.3,57.2,50.7,45.1,40.5,42.6,45.4,42.5,39.4,37.3,40.7,49.4,56.8,55.6,54.2,53.6,52.5,51.5,46,43.9,39.8,37.7,44,58.1,78,98,114.6,121.4,111.5,99.7,89.9,84.5,82,81.1,80.8,80.8,81.2,82.1,81.6,77.4,82.3,85.6,90.4,103.9,118.9,124.5,122.6,122.6,128.3,122.6,111.1,93.6,75.2,61.4,53.1,48.6,32.9,19.1,29.2,51.9,70.4,83.4,88.5,98,104.6,105.5,102.7,102.7,103.7,101.8,107.4,119.2,126.3,121.4,111.9,107.3,105.2,97,82.4,65.8,49.8,39.5,35.5,37.8,48.6,67.1,78.1,88.7,99.1,105.5,110,115.7,119.7,124.3,125,127.8,128.8,125.6,124,122.4,124.4,123.4,TT,O,,2016,2,1,11/11/2003,17.66925638,17.50386867,17.37597791,18.14332248,,,,,,,117.4,115.2,108.7,94.8,76.8,54.4,32.5,26.8,33.4,43.7,43.6,49.1,59.8,67.9,77.7,84,90,94.3,98,102.2,102.6,94.1,94.4,84.1,63.4,50.8,49,44.8,39.1,37.3,46.4,46.7,45.2,47.5,60.1,80.3,96.6,101.2,102.3,102.8,105.3,109.8,107.5,103.1,94.6,83.4,76.2,72.2,69.2,67.6,51.1,30.4,22.9,35.8,43,43.1,49.1,67.2,83.2,88.3,93.7,101.2,108.4,118.6,120.2,119.6,117.8,113.7,106.5,96.6,84.6,74.4,66.3,57.2,50.7,45.1,40.5,42.6,45.4,42.5,39.4,37.3,40.7,49.4,,,,,,,46,43.9,39.8,37.7,44,58.1,78,98,114.6,121.4,111.5,99.7,89.9,84.5,82,81.1,80.8,80.8,81.2,82.1,81.6,77.4,82.3,85.6,90.4,103.9,118.9,124.5,122.6,122.6,128.3,122.6,111.1,93.6,75.2,61.4,53.1,48.6,32.9,19.1,29.2,51.9,70.4,83.4,88.5,98,104.6,105.5,102.7,102.7,103.7,101.8,107.4,119.2,126.3,121.4,111.9,107.3,105.2,97,82.4,65.8,49.8,39.5,35.5,37.8,48.6,67.1,78.1,88.7,99.1,105.5,110,115.7,119.7,124.3,125,127.8,128.8,125.6,124,122.4,124.4,123.4,6074.4,7517.9,72.31428571,89.49880952,115,55,7,7
30,1,B,N,2,90.1,1723,21,35,16,34,50,5,1.5,1,2,0,90,1610,79,90,108.6,105.5,96.5,82.7,67.2,56.6,46.4,49.6,67.3,86.4,106,120.6,119.2,114.5,109,97.8,83.3,70.8,70.9,72.9,69.8,69.1,66.4,61.8,49.7,33.5,12.5,23.3,50.4,75,84.2,82,82.2,88.4,104.6,117.3,117.1,111.7,113.4,121.2,120.3,116.6,110.7,105.4,100.4,92.9,83.1,71.4,60.4,48.6,43.9,39.9,42.5,53.9,65.5,75.9,79.2,79.6,74.8,69.2,69.2,86.6,110.9,123.4,118.7,114.6,113.1,110.9,101.5,91.4,79.9,67.8,56.6,48.9,43.6,43,42.8,44.6,41.3,44.6,55.7,62.4,62.5,65.3,76.3,94.1,112.4,114.6,111.3,111.1,51,50.8,42.7,31,23.2,30.7,44.5,37.6,21.6,6.8,20.8,36.4,34.2,29.3,25.4,23.4,33.6,58.3,87.5,102.3,109,107.3,106,105.7,99.1,87.2,78.9,81.7,94.4,107.2,105.4,93.5,74.2,51,39.2,46,44.2,32.5,29,42.8,53.6,63.2,70.9,81,84.3,88.8,100.8,108.4,112,120.5,127,125,122.5,121.4,116.4,112.3,107.8,100.6,89.1,70.4,38,9,28.3,43.2,42.4,48.3,61,72.8,78.3,87.7,103.7,111.8,117.6,121.3,124.5,128,127.7,127.5,122.2,119.9,121.3,116.7,103.1,84.1,64.7,50,50.7,48.2,38.2,31.8,TT,O,,2016,3,1,11/11/2003,19.12319645,17.50386867,17.37597791,18.14332248,,,,,,,46.4,49.6,67.3,86.4,106,120.6,119.2,114.5,109,97.8,83.3,70.8,70.9,72.9,69.8,69.1,66.4,61.8,49.7,33.5,12.5,23.3,50.4,75,84.2,82,82.2,88.4,104.6,117.3,117.1,111.7,113.4,121.2,120.3,116.6,110.7,105.4,100.4,92.9,83.1,71.4,60.4,48.6,43.9,39.9,42.5,53.9,65.5,75.9,79.2,79.6,74.8,69.2,69.2,86.6,110.9,123.4,118.7,114.6,113.1,110.9,101.5,91.4,79.9,67.8,56.6,48.9,43.6,43,42.8,44.6,41.3,44.6,55.7,62.4,62.5,65.3,76.3,94.1,112.4,114.6,111.3,111.1,,,,,,,44.5,37.6,21.6,6.8,20.8,36.4,34.2,29.3,25.4,23.4,33.6,58.3,87.5,102.3,109,107.3,106,105.7,99.1,87.2,78.9,81.7,94.4,107.2,105.4,93.5,74.2,51,39.2,46,44.2,32.5,29,42.8,53.6,63.2,70.9,81,84.3,88.8,100.8,108.4,112,120.5,127,125,122.5,121.4,116.4,112.3,107.8,100.6,89.1,70.4,38,9,28.3,43.2,42.4,48.3,61,72.8,78.3,87.7,103.7,111.8,117.6,121.3,124.5,128,127.7,127.5,122.2,119.9,121.3,116.7,103.1,84.1,64.7,50,50.7,48.2,38.2,31.8,6701.6,6494,79.78095238,77.30952381,115,55,7,7
28,2,B,N,2,90.1,1072,50,17,66,20,14,32,1.5,1,0,0,90,1610,79,90,109.7,105.1,101.6,91.5,79.5,70.4,63,56.6,50.9,46.2,42,38.3,34,29.3,27.4,25.6,24,20.5,20.3,22.5,23.2,24,24.7,25.4,25.7,26.1,26.7,27.5,27.1,27.8,28.7,29.3,29.1,29.2,29.3,29.9,30.2,30.9,30.9,31.2,31.5,32,31.8,32.5,33.3,33.4,33.4,34.4,34.7,34.7,35.7,36,36.9,36.9,36.6,37.4,37.4,39.4,27.7,26.7,53.2,70,78.2,79,76.1,72.2,68.5,50.9,36.4,36.6,34.5,30.2,42.9,63.9,80,90.6,96.1,101.8,111.6,116.6,116.4,114.4,108,99.3,93,83,67.1,48.7,39.6,31.6,52.2,49.1,45,29.5,16.7,15.9,23.4,31.2,38.1,43.6,48,52,56.2,60.4,62.3,64.3,66.5,69.8,70.7,69.2,69,68.5,68.4,68.3,68.1,68.1,68,67.9,68,68.1,67.8,67.6,68,68.2,68.3,68.1,68.4,68.2,68.3,68.4,68.3,68.4,68.7,69,68.7,68.7,68.8,68.8,68.9,68.9,68.6,68.9,68.6,68.8,69.3,69.5,69.4,68.4,75.7,65,43.2,34.4,46.5,70.6,94.1,95.3,97.1,103.6,113.6,121.6,119.2,107.4,97.3,88.6,74.4,57,41,24,28.5,45.4,60.3,62.8,66.5,76.5,89.4,98.7,105.3,116.7,120.8,116.8,TT,O,,2016,4,1,11/12/2003,11.89789123,17.50386867,17.37597791,18.14332248,,,,,,,63,56.6,50.9,46.2,42,38.3,34,29.3,27.4,25.6,24,20.5,20.3,22.5,23.2,24,24.7,25.4,25.7,26.1,26.7,27.5,27.1,27.8,28.7,29.3,29.1,29.2,29.3,29.9,30.2,30.9,30.9,31.2,31.5,32,31.8,32.5,33.3,33.4,33.4,34.4,34.7,34.7,35.7,36,36.9,36.9,36.6,37.4,37.4,39.4,27.7,26.7,53.2,70,78.2,79,76.1,72.2,68.5,50.9,36.4,36.6,34.5,30.2,42.9,63.9,80,90.6,96.1,101.8,111.6,116.6,116.4,114.4,108,99.3,93,83,67.1,48.7,39.6,31.6,,,,,,,23.4,31.2,38.1,43.6,48,52,56.2,60.4,62.3,64.3,66.5,69.8,70.7,69.2,69,68.5,68.4,68.3,68.1,68.1,68,67.9,68,68.1,67.8,67.6,68,68.2,68.3,68.1,68.4,68.2,68.3,68.4,68.3,68.4,68.7,69,68.7,68.7,68.8,68.8,68.9,68.9,68.6,68.9,68.6,68.8,69.3,69.5,69.4,68.4,75.7,65,43.2,34.4,46.5,70.6,94.1,95.3,97.1,103.6,113.6,121.6,119.2,107.4,97.3,88.6,74.4,57,41,24,28.5,45.4,60.3,62.8,66.5,76.5,89.4,98.7,105.3,116.7,120.8,116.8,3930.3,5915.4,46.78928571,70.42142857,115,55,7,7
29,2,B,E,2,90.1,1794,27,24,23,64,13,35,1.5,1,0,0,90,1610,79,90,63.4,54.6,46.3,40.9,42.4,53.5,72.3,86.6,97.2,96,85.6,71.6,60.2,52.6,48.6,39.7,35.5,34,31.8,28.1,18.3,8.8,15.7,34.3,57.8,81.3,95.8,98.2,101.4,107.8,110.7,103.9,99.1,97.9,101,96.5,89.4,86.8,85.5,70.7,50.5,26.8,28.3,40.5,42.7,49,60.5,70.8,81.9,93.6,100.7,106,106.4,107.3,103.8,96,89.7,79.7,58.5,42.2,31.4,22.6,27.6,34.6,38,48.1,64.8,84.9,101,103.7,104.6,102.5,105.3,109.1,106.4,92.7,76.4,64.9,44.2,29.7,29.7,39.1,44.4,53.4,65.1,70.9,72.8,78.3,84.4,85.6,117.8,106.6,95,79.1,57.9,36.4,15,15.3,26.8,36,42,54.9,70.9,85.4,94.1,102.2,105.4,106.9,109.8,108.7,98.1,83.7,70.3,56.1,50,52.2,47.9,45.9,29.4,23.3,28.4,35.7,49.3,68.3,79.8,81.2,88.7,94.3,87.8,88.2,87.6,98.7,113.2,122.6,115.9,103.7,89.4,72.3,53.7,38.8,30.8,23.2,23.4,34.9,47.2,60.6,79,92.8,102,107.3,111.6,107.6,107.9,102.2,87.5,69,50.7,39,36.3,34.6,24.9,18.2,31.6,47.2,57,60.4,70.4,88.6,97.6,103.8,114.5,120.8,115.6,107.2,98.5,86.1,70,49.9,36.6,31.4,TT,O,,2016,5,1,11/12/2003,19.91120977,17.50386867,17.37597791,18.14332248,,,46.3,40.9,42.4,53.5,72.3,86.6,97.2,96,85.6,71.6,60.2,52.6,48.6,39.7,35.5,34,31.8,28.1,18.3,8.8,15.7,34.3,57.8,81.3,95.8,98.2,101.4,107.8,110.7,103.9,99.1,97.9,101,96.5,89.4,86.8,85.5,70.7,50.5,26.8,28.3,40.5,42.7,49,60.5,70.8,81.9,93.6,100.7,106,106.4,107.3,103.8,96,89.7,79.7,58.5,42.2,31.4,22.6,27.6,34.6,38,48.1,64.8,84.9,101,103.7,104.6,102.5,105.3,109.1,106.4,92.7,76.4,64.9,44.2,29.7,29.7,39.1,44.4,53.4,65.1,70.9,72.8,78.3,84.4,85.6,,,95,79.1,57.9,36.4,15,15.3,26.8,36,42,54.9,70.9,85.4,94.1,102.2,105.4,106.9,109.8,108.7,98.1,83.7,70.3,56.1,50,52.2,47.9,45.9,29.4,23.3,28.4,35.7,49.3,68.3,79.8,81.2,88.7,94.3,87.8,88.2,87.6,98.7,113.2,122.6,115.9,103.7,89.4,72.3,53.7,38.8,30.8,23.2,23.4,34.9,47.2,60.6,79,92.8,102,107.3,111.6,107.6,107.9,102.2,87.5,69,50.7,39,36.3,34.6,24.9,18.2,31.6,47.2,57,60.4,70.4,88.6,97.6,103.8,114.5,120.8,115.6,107.2,98.5,86.1,70,49.9,36.6,31.4,6034.9,6174.2,68.57840909,70.16136364,55,115,3,3
30,2,B,S,2,30.7,557,53,16,66,26,8,38,1.5,2,1,0,90,1610,79,30,57.3,51.6,36.8,20.6,5.3,22.3,43.8,56.4,62.8,70.5,73.3,76.5,84.6,89.7,78.4,58.9,36.4,19.7,8.5,10.3,14.2,16.8,20.1,32.2,54.5,65.4,53.6,39.5,23.1,17.7,,,,,,,,,,,,,,,,,,,,,,,,,,,,,,,,,,,,,,,,,,,,,,,,,,,,,,,,,,,,,111.1,112,107,97.9,85.9,74.5,67.3,54.1,41.2,25.8,20.8,10.7,14.6,29.9,35.6,45.3,64,85.4,93.8,86.7,74.7,71.1,66.5,69.9,75.8,83,89.5,89.6,92.9,101.8,,,,,,,,,,,,,,,,,,,,,,,,,,,,,,,,,,,,,,,,,,,,,,,,,,,,,,,,,,,,,FS,O,,2016,6,1,11/12/2003,18.14332248,17.50386867,17.37597791,18.14332248,,,36.8,20.6,5.3,22.3,43.8,56.4,62.8,70.5,73.3,76.5,84.6,89.7,78.4,58.9,36.4,19.7,8.5,10.3,14.2,16.8,20.1,32.2,54.5,65.4,53.6,39.5,23.1,17.7,,,,,,,,,,,,,,,,,,,,,,,,,,,,,,,,,,,,,,,,,,,,,,,,,,,,,,,,,,,,,,,107,97.9,85.9,74.5,67.3,54.1,41.2,25.8,20.8,10.7,14.6,29.9,35.6,45.3,64,85.4,93.8,86.7,74.7,71.1,66.5,69.9,75.8,83,89.5,89.6,92.9,101.8,,,,,,,,,,,,,,,,,,,,,,,,,,,,,,,,,,,,,,,,,,,,,,,,,,,,,,,,,,,,,1191.9,1855.3,42.56785714,66.26071429,55,115,3,3
31,1,B,S,2,90.1,2005,33,28,22,29,49,15,1.5,0,0,0,90,1610,94,90,55.9,53.4,50.9,49.3,47,45.1,43.5,46.9,65.2,92.2,104.6,97.1,77.3,62.4,44,24.5,40.1,42.2,41.1,44.9,54.8,69.6,61.2,52.9,69.6,94,97,90.2,93.6,91.4,76.5,66.1,84.4,117.2,116,122.1,124.6,123.7,120.4,109.6,85.8,53.5,27.6,34.8,49,44.2,42.1,44.1,53.1,66.3,77.9,93.5,107.5,116.8,121.4,124.9,120.3,116.5,112.2,114,114.1,107.2,96.7,77.8,56.4,31.6,14.8,32.6,53.2,63,76.3,87.8,101.1,111.3,116.1,115,116.7,118.9,119.2,120.5,119.3,108.9,92.2,70.5,49.9,37.1,38.3,43.5,43.7,48.3,106.9,105.1,103.8,102.7,101.6,100.8,100.7,99.8,91,85.7,71.8,48.5,23.2,24.9,49.9,86.6,119.2,124.2,126.3,124,116.9,99.1,73.9,44.7,21.1,16.3,13.7,20.2,33.4,39.7,35.9,22.7,41.2,65.8,60.7,53.8,42.8,38.7,35.8,26.8,13.9,32.9,69.9,102,123.4,124.7,127.3,125.4,119.6,113.2,104.9,94.9,82.7,69.7,58.3,50.9,43,33.2,29.2,44.5,53.9,52.4,54.4,60.6,73.8,85.5,96.6,112.3,119.2,112,105.8,98,87.8,77.5,69.4,67.9,68.6,63.4,61,59.8,58.1,55.4,56.1,65.1,82.7,100.4,117.5,128.7,127.9,125.2,TT,O,,2016,1,1,11/11/2003,22.25305216,16.39042011,16.17177211,17.48366013,,,50.9,49.3,47,45.1,43.5,46.9,65.2,92.2,104.6,97.1,77.3,62.4,44,24.5,40.1,42.2,41.1,44.9,54.8,69.6,61.2,52.9,69.6,94,97,90.2,93.6,91.4,76.5,66.1,84.4,117.2,116,122.1,124.6,123.7,120.4,109.6,85.8,53.5,27.6,34.8,49,44.2,42.1,44.1,53.1,66.3,77.9,93.5,107.5,116.8,121.4,124.9,120.3,116.5,112.2,114,114.1,107.2,96.7,77.8,56.4,31.6,14.8,32.6,53.2,63,76.3,87.8,101.1,111.3,116.1,115,116.7,118.9,119.2,120.5,119.3,108.9,92.2,70.5,49.9,37.1,38.3,43.5,43.7,48.3,,,103.8,102.7,101.6,100.8,100.7,99.8,91,85.7,71.8,48.5,23.2,24.9,49.9,86.6,119.2,124.2,126.3,124,116.9,99.1,73.9,44.7,21.1,16.3,13.7,20.2,33.4,39.7,35.9,22.7,41.2,65.8,60.7,53.8,42.8,38.7,35.8,26.8,13.9,32.9,69.9,102,123.4,124.7,127.3,125.4,119.6,113.2,104.9,94.9,82.7,69.7,58.3,50.9,43,33.2,29.2,44.5,53.9,52.4,54.4,60.6,73.8,85.5,96.6,112.3,119.2,112,105.8,98,87.8,77.5,69.4,67.9,68.6,63.4,61,59.8,58.1,55.4,56.1,65.1,82.7,100.4,117.5,128.7,127.9,125.2,6840.7,6548.5,77.73522727,74.41477273,55,115,3,3
32,1,B,W,2,66,913,15,19,7,34,59,-52,1.5,2,1,0,90,1610,94,65,115.2,115.1,116.9,109.4,97.7,86.7,76.5,72.8,77.7,84.1,87.4,87.8,88,88.1,88.1,88.3,88.4,87.4,87.5,87.7,87.6,87.4,87.7,86.7,86.7,88.6,86.8,85.1,83.3,81.7,78.9,75.4,73.9,73.7,74.2,72.7,64.9,56.5,47.5,42.4,40.6,40.7,48.2,59.9,75.5,96.7,108.9,107.9,107,104.9,105.5,106.8,110.3,113.3,114.4,109.4,101.8,87.8,70.4,58,56.6,61.2,55.8,46,27.4,,,,,,,,,,,,,,,,,,,,,,,,,,59.6,58,55.7,46.4,32.7,14.1,13.7,38.7,64.2,83.5,94.8,96.7,94.3,93.9,93.8,94.4,95,93.9,94.3,94.8,94.9,94.5,95.4,94,94.3,96.2,92.6,89.8,86.8,84.5,85.7,92.9,100.7,108.9,106.7,105,106.6,112.7,120.3,126.4,126.1,120.8,110.5,96.5,84.5,77.8,77.8,78.1,76.8,63.9,49.3,31.2,25.7,39.1,54,52.4,51,55.9,68.1,85.3,108.9,119.8,117.7,114.4,104.3,,,,,,,,,,,,,,,,,,,,,,,,,,TT,O,,2016,2,1,11/11/2003,13.83333333,16.39042011,16.17177211,17.48366013,,,,,,,76.5,72.8,77.7,84.1,87.4,87.8,88,88.1,88.1,88.3,88.4,87.4,87.5,87.7,87.6,87.4,87.7,86.7,86.7,88.6,86.8,85.1,83.3,81.7,78.9,75.4,73.9,73.7,74.2,72.7,64.9,56.5,47.5,42.4,40.6,40.7,48.2,59.9,75.5,96.7,108.9,107.9,107,104.9,105.5,106.8,110.3,113.3,114.4,109.4,101.8,87.8,70.4,58,56.6,61.2,55.8,46,27.4,,,,,,,,,,,,,,,,,,,,,,,,,,,,,,,,13.7,38.7,64.2,83.5,94.8,96.7,94.3,93.9,93.8,94.4,95,93.9,94.3,94.8,94.9,94.5,95.4,94,94.3,96.2,92.6,89.8,86.8,84.5,85.7,92.9,100.7,108.9,106.7,105,106.6,112.7,120.3,126.4,126.1,120.8,110.5,96.5,84.5,77.8,77.8,78.1,76.8,63.9,49.3,31.2,25.7,39.1,54,52.4,51,55.9,68.1,85.3,108.9,119.8,117.7,114.4,104.3,,,,,,,,,,,,,,,,,,,,,,,,,,4726.5,5124.8,80.11016949,86.86101695,115,55,7,7
33,1,B,N,2,90.1,1269,11,22,17,31,52,-11,1.5,0,1,0,90,1610,94,90,110.6,107.3,100.4,88.2,70.3,49.1,29.2,17.7,29.5,34.7,42.4,59.4,75.7,92.5,110.2,115.7,109.6,92.5,70.3,52.8,57.6,75.2,90.4,91.1,92.6,95.5,97.9,101.3,104,106.9,111.4,115.6,118,120.4,120.6,121.4,121.3,117.2,110.3,107.4,103.9,106.7,105.4,106.5,106,106.6,104.9,106,105.5,105.8,105.4,105.2,105,105.2,105.3,105,104.7,105.2,106.2,107.5,100.1,89.2,75.4,56.7,36.2,22.6,30.1,49.6,56.7,60.5,65.9,70.3,78.6,91.6,97.2,97.7,95.6,91.7,88.2,85.1,77.9,66.6,59,67.6,87.3,108.7,121.6,122.6,120.4,114.9,56.2,54.7,53,49.8,51.2,60.6,75.7,96.5,113.9,107.6,94.9,81,64.8,50.4,45,39.6,27.9,10.7,15.7,43.4,67,87.4,98.2,96.6,94.2,91.7,85.6,80.9,75.1,68,59.7,50.5,42.8,37.4,37.4,44.1,56,61.4,68.9,79.9,81.2,82.3,83,83.8,83.6,84.5,84.2,84.7,84.4,84.6,84.5,84.4,84.3,84.4,84.5,84.4,84.5,85.6,83.9,78,65.7,54.8,45.3,41.5,50.5,70.1,95.3,118.4,125.3,124.6,121.4,112.2,102,95.2,89.4,89.3,90.9,91.4,89.9,88.7,84.2,73.7,54.1,32.1,18.5,24.6,36,38.3,39.6,41,TT,O,,2016,3,1,11/11/2003,14.08435072,16.39042011,16.17177211,17.48366013,,,,,,,29.2,17.7,29.5,34.7,42.4,59.4,75.7,92.5,110.2,115.7,109.6,92.5,70.3,52.8,57.6,75.2,90.4,91.1,92.6,95.5,97.9,101.3,104,106.9,111.4,115.6,118,120.4,120.6,121.4,121.3,117.2,110.3,107.4,103.9,106.7,105.4,106.5,106,106.6,104.9,106,105.5,105.8,105.4,105.2,105,105.2,105.3,105,104.7,105.2,106.2,107.5,100.1,89.2,75.4,56.7,36.2,22.6,30.1,49.6,56.7,60.5,65.9,70.3,78.6,91.6,97.2,97.7,95.6,91.7,88.2,85.1,77.9,66.6,59,67.6,87.3,108.7,121.6,122.6,120.4,114.9,,,,,,,75.7,96.5,113.9,107.6,94.9,81,64.8,50.4,45,39.6,27.9,10.7,15.7,43.4,67,87.4,98.2,96.6,94.2,91.7,85.6,80.9,75.1,68,59.7,50.5,42.8,37.4,37.4,44.1,56,61.4,68.9,79.9,81.2,82.3,83,83.8,83.6,84.5,84.2,84.7,84.4,84.6,84.5,84.4,84.3,84.4,84.5,84.4,84.5,85.6,83.9,78,65.7,54.8,45.3,41.5,50.5,70.1,95.3,118.4,125.3,124.6,121.4,112.2,102,95.2,89.4,89.3,90.9,91.4,89.9,88.7,84.2,73.7,54.1,32.1,18.5,24.6,36,38.3,39.6,41,7505.9,6128.7,89.35595238,72.96071429,115,55,7,7
31,2,B,N,2,90.1,1925,20,30,5,25,70,101,1.5,0,1,0,90,1610,94,90,110.8,108.6,115.3,115.8,118.9,116.5,106.2,86.2,59.2,35.1,37.9,43.7,49,60.1,70.6,79.6,89.3,99,106.2,111.9,115.5,117.3,119.2,117.9,121.2,116.5,116.9,120.5,119.2,116,114,111.1,106.9,99,90.3,78.2,62.2,47.8,44.1,47.2,54.9,66.5,76,86.5,95,104.6,112.4,116.6,120.1,121.5,122.1,121.1,116.6,110.6,105.8,98.7,90.3,81.5,70.9,59.8,48.7,44.3,44.7,48.7,52.3,54.1,57.3,64.7,73,79.8,85.4,88.8,93.2,96.5,94.7,93.9,89.6,85,86.9,99.8,115,116.7,113.6,107.5,99.2,90.6,79.8,71.3,63.6,54,55.7,52.2,51.7,45.2,36.8,32.2,33.3,42.4,58.2,83.6,113.2,128.8,128,125.4,119.2,110.2,97.4,85.2,72.4,61.7,52.9,46.8,41,36.1,36,31.5,34.9,42.4,49,52.3,60.3,66.5,75.7,86.3,94.1,104.4,112.8,124,128.9,129.2,126.1,121.9,113.5,102.3,87.3,73.8,60.5,48.7,39.7,36.9,40.6,51.9,60.2,71.6,78.3,85.3,93,100.6,107.9,114.3,123.5,127.8,129.8,129.6,127.4,125.2,124.1,121.7,116.6,108.6,104,96,91.1,87.4,75.2,72.7,56.5,32.6,9.1,25.5,49.1,57,67.7,77,86.7,93.8,103.2,106.7,107.7,113.9,TT,O,,2016,4,1,11/12/2003,21.36514983,16.39042011,16.17177211,17.48366013,,,,,,,106.2,86.2,59.2,35.1,37.9,43.7,49,60.1,70.6,79.6,89.3,99,106.2,111.9,115.5,117.3,119.2,117.9,121.2,116.5,116.9,120.5,119.2,116,114,111.1,106.9,99,90.3,78.2,62.2,47.8,44.1,47.2,54.9,66.5,76,86.5,95,104.6,112.4,116.6,120.1,121.5,122.1,121.1,116.6,110.6,105.8,98.7,90.3,81.5,70.9,59.8,48.7,44.3,44.7,48.7,52.3,54.1,57.3,64.7,73,79.8,85.4,88.8,93.2,96.5,94.7,93.9,89.6,85,86.9,99.8,115,116.7,113.6,107.5,99.2,90.6,79.8,71.3,63.6,54,,,,,,,33.3,42.4,58.2,83.6,113.2,128.8,128,125.4,119.2,110.2,97.4,85.2,72.4,61.7,52.9,46.8,41,36.1,36,31.5,34.9,42.4,49,52.3,60.3,66.5,75.7,86.3,94.1,104.4,112.8,124,128.9,129.2,126.1,121.9,113.5,102.3,87.3,73.8,60.5,48.7,39.7,36.9,40.6,51.9,60.2,71.6,78.3,85.3,93,100.6,107.9,114.3,123.5,127.8,129.8,129.6,127.4,125.2,124.1,121.7,116.6,108.6,104,96,91.1,87.4,75.2,72.7,56.5,32.6,9.1,25.5,49.1,57,67.7,77,86.7,93.8,103.2,106.7,107.7,113.9,7339.2,7025.7,87.37142857,83.63928571,115,55,7,7
32,2,B,E,2,90.1,840,2,77,6,54,40,108,1.5,0,0,0,90,1610,94,90,65.7,71,77.4,85.5,91.9,97.5,102.3,107.4,109,109.8,114.1,117.1,117.5,116.1,115,118.6,120.9,119,119.9,116.4,116,122.1,120.6,121.9,117.5,117.7,120.4,120.1,121.2,121.6,121.1,121.7,121.5,121.6,121.2,121.1,120.9,120.9,121.2,121,120.9,121,121.7,124.4,122.5,116.5,107.7,96.7,94.7,106.5,112.3,112.4,114.1,115.7,116.6,116.5,115.9,115.9,115.1,113.8,114.3,115.9,115.9,115.3,115.9,116.2,115.5,116.3,116.3,115.6,115.7,115.1,117.5,117.7,119.1,119.9,119.3,118.3,116.6,109.7,97.8,83.7,66.9,51.4,40.5,42,62.1,64.4,64.7,64.4,121.5,116.8,111.9,103.7,95.2,86.6,78.3,70.4,64.8,55.5,51.3,47.1,44,41.3,39.3,39.8,38.6,36.1,35,31.7,30.8,37.5,36.6,40.2,35.4,37.4,44.6,46.4,49.3,50.5,49.7,50.2,50.2,50.3,50.3,50.1,50.1,50.4,50.7,50.5,50.3,50.5,51.2,52.7,47.3,36.4,23.3,20.1,41,62,62,59.2,56.4,52.2,49.3,48.9,49.4,49.5,50.5,50.3,50.7,50,49,48.5,48.5,48.2,47.6,48.6,48.6,48.4,48.9,48.1,46.4,43.3,42.1,41.9,40.4,40.2,39.5,39.6,35.8,37.5,45.7,59.3,76.5,100.2,122.1,122.6,122.3,121.6,TT,O,,2016,5,1,11/12/2003,9.322974473,16.39042011,16.17177211,17.48366013,,,77.4,85.5,91.9,97.5,102.3,107.4,109,109.8,114.1,117.1,117.5,116.1,115,118.6,120.9,119,119.9,116.4,116,122.1,120.6,121.9,117.5,117.7,120.4,120.1,121.2,121.6,121.1,121.7,121.5,121.6,121.2,121.1,120.9,120.9,121.2,121,120.9,121,121.7,124.4,122.5,116.5,107.7,96.7,94.7,106.5,112.3,112.4,114.1,115.7,116.6,116.5,115.9,115.9,115.1,113.8,114.3,115.9,115.9,115.3,115.9,116.2,115.5,116.3,116.3,115.6,115.7,115.1,117.5,117.7,119.1,119.9,119.3,118.3,116.6,109.7,97.8,83.7,66.9,51.4,40.5,42,62.1,64.4,64.7,64.4,,,111.9,103.7,95.2,86.6,78.3,70.4,64.8,55.5,51.3,47.1,44,41.3,39.3,39.8,38.6,36.1,35,31.7,30.8,37.5,36.6,40.2,35.4,37.4,44.6,46.4,49.3,50.5,49.7,50.2,50.2,50.3,50.3,50.1,50.1,50.4,50.7,50.5,50.3,50.5,51.2,52.7,47.3,36.4,23.3,20.1,41,62,62,59.2,56.4,52.2,49.3,48.9,49.4,49.5,50.5,50.3,50.7,50,49,48.5,48.5,48.2,47.6,48.6,48.6,48.4,48.9,48.1,46.4,43.3,42.1,41.9,40.4,40.2,39.5,39.6,35.8,37.5,45.7,59.3,76.5,100.2,122.1,122.6,122.3,121.6,9611.6,4706.4,109.2227273,53.48181818,55,115,3,3
33,2,B,S,2,30.6,535,31,14,4,18,78,59,1.5,0,0,0,90,1610,94,30,60.2,57.3,51.7,46.6,44.5,45.3,49,57.1,64.4,70.5,73.9,76.6,77.2,78.4,83.1,85.4,86.5,86.4,87.3,90.3,94.6,101.2,107.1,108.3,108.8,102.6,93.7,82.2,70.9,59.2,,,,,,,,,,,,,,,,,,,,,,,,,,,,,,,,,,,,,,,,,,,,,,,,,,,,,,,,,,,,,113.1,116.9,121.9,126.4,129.6,129.7,127.6,126.6,123.3,119.6,114.7,112.6,110.7,109.4,107.3,103.6,98.3,86.4,71.3,52.3,31.5,18.1,28.9,47.4,66.8,81.6,93.7,102.3,110.9,117,,,,,,,,,,,,,,,,,,,,,,,,,,,,,,,,,,,,,,,,,,,,,,,,,,,,,,,,,,,,,FS,O,,2016,6,1,11/12/2003,17.48366013,16.39042011,16.17177211,17.48366013,,,51.7,46.6,44.5,45.3,49,57.1,64.4,70.5,73.9,76.6,77.2,78.4,83.1,85.4,86.5,86.4,87.3,90.3,94.6,101.2,107.1,108.3,108.8,102.6,93.7,82.2,70.9,59.2,,,,,,,,,,,,,,,,,,,,,,,,,,,,,,,,,,,,,,,,,,,,,,,,,,,,,,,,,,,,,,,121.9,126.4,129.6,129.7,127.6,126.6,123.3,119.6,114.7,112.6,110.7,109.4,107.3,103.6,98.3,86.4,71.3,52.3,31.5,18.1,28.9,47.4,66.8,81.6,93.7,102.3,110.9,117,,,,,,,,,,,,,,,,,,,,,,,,,,,,,,,,,,,,,,,,,,,,,,,,,,,,,,,,,,,,,2182.8,2669.5,77.95714286,95.33928571,55,115,3,3
34,1,B,S,2,58.3,1408,24,31,15,45,40,-120,1.5,2,1,0,90,1610,95,58,55.8,56.5,57,65.7,66.7,73.4,93.3,117.7,123.9,122,118.6,112.7,107.6,96.9,89,76.5,59.9,52.9,44.7,37.2,35.6,61.8,78.2,86.1,97.6,109,113.9,114.5,116.5,114.6,107.6,99.8,86.6,76.4,72.2,55.4,31.8,18.6,24.3,26.9,45.1,72.4,101.8,120.5,120.7,119.8,118,113.2,108.7,102.4,98.6,94.5,81.4,70.9,62.9,47.2,27.1,15.6,,,,,,,,,,,,,,,,,,,,,,,,,,,,,,,,,108.9,110.6,111.7,107.1,90.8,67.4,48.4,48.1,42.3,37.4,44.1,56,67.3,80.2,95.8,104.8,111.1,123.4,126.2,122.2,110.6,105.4,93.2,76.5,59.5,45.3,33,30.9,45.2,55.2,66,77.8,88.8,101.2,112.4,109.8,101.9,102.6,87.2,70.5,45.8,17.9,18.5,35.4,35.4,39.1,47.4,52.8,60.6,75,77,85.8,87.8,79,60.3,48.4,59.9,80.5,,,,,,,,,,,,,,,,,,,,,,,,,,,,,,,,,TT,O,,2016,1,1,11/11/2003,24.1509434,17.77130349,17.93340733,16.96078431,,,57,65.7,66.7,73.4,93.3,117.7,123.9,122,118.6,112.7,107.6,96.9,89,76.5,59.9,52.9,44.7,37.2,35.6,61.8,78.2,86.1,97.6,109,113.9,114.5,116.5,114.6,107.6,99.8,86.6,76.4,72.2,55.4,31.8,18.6,24.3,26.9,45.1,72.4,101.8,120.5,120.7,119.8,118,113.2,108.7,102.4,98.6,94.5,81.4,70.9,62.9,47.2,27.1,15.6,,,,,,,,,,,,,,,,,,,,,,,,,,,,,,,,,,,111.7,107.1,90.8,67.4,48.4,48.1,42.3,37.4,44.1,56,67.3,80.2,95.8,104.8,111.1,123.4,126.2,122.2,110.6,105.4,93.2,76.5,59.5,45.3,33,30.9,45.2,55.2,66,77.8,88.8,101.2,112.4,109.8,101.9,102.6,87.2,70.5,45.8,17.9,18.5,35.4,35.4,39.1,47.4,52.8,60.6,75,77,85.8,87.8,79,60.3,48.4,59.9,80.5,,,,,,,,,,,,,,,,,,,,,,,,,,,,,,,,,4563.9,4063.9,81.49821429,72.56964286,55,115,3,3
35,1,B,W,2,90.1,1563,27,35,6,32,62,-62,1.5,0,1,0,90,1610,95,90,118.1,113,119.4,120.1,116.1,108.9,94,73.5,43.2,21.3,18.9,38.8,44,39.5,41.5,47.4,53.3,67.6,87.7,100.1,94.6,86.8,88.6,97.6,113.1,122.9,123.8,121.9,122.5,120.8,117,116.8,114.1,105.9,98.5,86.9,72.6,60.4,47.9,44.9,46.2,49.9,53.1,60.9,72.9,81.2,92.4,101,108.7,115.5,116.3,119.1,118.7,118.3,118.8,122,124,122.9,122.7,122.6,119.8,115.7,110.8,104,97.3,91,82.6,76.3,72.2,66.7,59.9,52.5,46.8,43.1,41,41.3,42.3,42.3,33.8,28,36.7,53.7,72.5,87.9,102.3,97.2,87.8,92.1,100.8,117.2,55.4,40.3,36.9,35.3,31.6,25.5,11.3,13.9,43,72.3,98,118.9,128.2,124.9,123.9,114.1,101.2,93,91.2,88.8,78.1,63.7,46.5,32.9,34.9,43.4,45.9,43.6,43,43.8,44.7,53.8,64,73,84.5,96.1,106.6,116.1,121.9,129.7,128.9,127.8,124.1,120.2,117.4,107.6,96.3,83.3,69.6,56.2,47.2,43.2,41.7,40.3,37.1,37.4,38.6,39.4,42.8,48.7,55.3,65.3,74.6,83.1,87.7,94.7,101.9,105.1,107.4,111.4,116.9,120.8,125,125,124,124.1,124.2,122.1,112.4,100.3,89,76.6,72.2,77.3,83.3,77.2,59.9,46.1,34.6,38.4,TT,O,,2016,2,1,11/11/2003,17.34739179,17.77130349,17.93340733,16.96078431,,,,,,108.9,94,73.5,43.2,21.3,18.9,38.8,44,39.5,41.5,47.4,53.3,67.6,87.7,100.1,94.6,86.8,88.6,97.6,113.1,122.9,123.8,121.9,122.5,120.8,117,116.8,114.1,105.9,98.5,86.9,72.6,60.4,47.9,44.9,46.2,49.9,53.1,60.9,72.9,81.2,92.4,101,108.7,115.5,116.3,119.1,118.7,118.3,118.8,122,124,122.9,122.7,122.6,119.8,115.7,110.8,104,97.3,91,82.6,76.3,72.2,66.7,59.9,52.5,46.8,43.1,41,41.3,42.3,42.3,33.8,28,36.7,53.7,72.5,87.9,102.3,97.2,87.8,92.1,100.8,117.2,,,,,,25.5,11.3,13.9,43,72.3,98,118.9,128.2,124.9,123.9,114.1,101.2,93,91.2,88.8,78.1,63.7,46.5,32.9,34.9,43.4,45.9,43.6,43,43.8,44.7,53.8,64,73,84.5,96.1,106.6,116.1,121.9,129.7,128.9,127.8,124.1,120.2,117.4,107.6,96.3,83.3,69.6,56.2,47.2,43.2,41.7,40.3,37.1,37.4,38.6,39.4,42.8,48.7,55.3,65.3,74.6,83.1,87.7,94.7,101.9,105.1,107.4,111.4,116.9,120.8,125,125,124,124.1,124.2,122.1,112.4,100.3,89,76.6,72.2,77.3,83.3,77.2,59.9,46.1,34.6,38.4,7040.1,6798.1,82.82470588,79.97764706,115,55,6,6
36,1,B,N,2,90.1,1201,13,50,6,50,44,89,1.5,0,2,0,90,1610,95,90,113.3,115.9,113.3,114,112,120.5,120,118.3,119.7,119,118.9,118,117,114.4,120.3,123.1,122.7,120.1,118.2,118.1,117.4,117.8,117.2,116.9,116.7,116.5,112.9,107.9,101.6,97.8,92.1,85.9,81.6,80.3,72.2,63.6,57.7,43.6,26.5,18.1,27.5,45.4,56,67.6,69.6,76.9,91.5,102.1,112.5,114.8,119,119.8,119.3,117.6,109.5,106,112.8,119.4,122.7,122.5,122.4,123.7,123,118.7,115.8,111.7,108.5,101.2,94.1,81.4,64.1,50.2,32.7,27.2,30.6,44.7,48.6,45.1,52.5,63.6,85.4,94,103.7,108.7,110.5,108.3,108.3,109.3,106.6,115.1,51.3,48.3,36.8,29.2,31.1,49.5,53.9,54.9,59.4,61.8,61.2,59.9,53.9,43.8,41.5,39,37.8,38.3,41.5,45.8,44.6,45,45.7,46.7,48,49.4,52.4,52.4,53.2,55.3,62.4,71.5,89.7,102,107.2,108.4,112.3,109.3,101.4,101.3,101.7,109.4,113.9,111.1,101.4,91,84.3,76.2,70.9,63.9,61.2,60.7,58.8,53.2,38.6,26,27.5,33.8,37.6,37.8,38,39.2,38.4,33.3,30.3,26.1,23,15.7,8.7,9.9,27,40.5,68.6,89.6,101.3,121.5,124.4,113.5,102.7,101,98.7,91.3,85.8,80.2,76.3,78,77.5,74.1,58.4,50.3,TT,O,,2016,3,1,11/11/2003,13.32963374,17.77130349,17.93340733,16.96078431,,,,,,120.5,120,118.3,119.7,119,118.9,118,117,114.4,120.3,123.1,122.7,120.1,118.2,118.1,117.4,117.8,117.2,116.9,116.7,116.5,112.9,107.9,101.6,97.8,92.1,85.9,81.6,80.3,72.2,63.6,57.7,43.6,26.5,18.1,27.5,45.4,56,67.6,69.6,76.9,91.5,102.1,112.5,114.8,119,119.8,119.3,117.6,109.5,106,112.8,119.4,122.7,122.5,122.4,123.7,123,118.7,115.8,111.7,108.5,101.2,94.1,81.4,64.1,50.2,32.7,27.2,30.6,44.7,48.6,45.1,52.5,63.6,85.4,94,103.7,108.7,110.5,108.3,108.3,109.3,106.6,115.1,,,,,,49.5,53.9,54.9,59.4,61.8,61.2,59.9,53.9,43.8,41.5,39,37.8,38.3,41.5,45.8,44.6,45,45.7,46.7,48,49.4,52.4,52.4,53.2,55.3,62.4,71.5,89.7,102,107.2,108.4,112.3,109.3,101.4,101.3,101.7,109.4,113.9,111.1,101.4,91,84.3,76.2,70.9,63.9,61.2,60.7,58.8,53.2,38.6,26,27.5,33.8,37.6,37.8,38,39.2,38.4,33.3,30.3,26.1,23,15.7,8.7,9.9,27,40.5,68.6,89.6,101.3,121.5,124.4,113.5,102.7,101,98.7,91.3,85.8,80.2,76.3,78,77.5,74.1,58.4,50.3,8074.8,5482.7,94.99764706,64.50235294,115,55,6,6
34,2,B,N,2,90.1,1588,40,9,6,45,49,-42,1.5,1,0,0,90,1610,95,90,111.6,109.1,107.3,105.7,104.2,103.2,100.2,95.6,79.4,59.1,53.6,59.1,60.7,51.2,38.4,35.2,38.8,34.1,43.6,69.9,78.6,94,109.1,105,102.2,107.7,104,92.7,78.8,64.7,46.9,42.8,44.1,45,36.2,42.5,49.1,50.3,59.2,74.7,93.6,108.8,111.1,109.3,107.9,110.6,116.3,119.4,115.9,111.8,108.5,103.8,94.1,85.7,82.5,76.6,65.9,50.7,45.5,43.1,42.7,39.3,43.2,55.9,73,78.2,74.6,74.7,67.8,51.6,34,16.8,18.3,37.7,54.1,56.5,49.1,36.9,21.7,6.5,7.2,16.2,33.7,42.2,47.1,39.4,31,30,32.8,31.2,56.1,56.5,56.1,56.2,56.6,57.2,58.1,58.3,61.7,75.1,101.8,114.3,118.9,119.5,118.7,120.2,124.1,115,108.2,98.7,86.6,75.7,73.9,68.3,64.4,72.3,81.8,88.6,97.4,109.5,119.6,127,128.8,127.2,118.6,122.6,120.4,107.9,94.3,82.1,73.1,64.8,59.2,55.3,44.7,31.7,31.5,42.2,52.6,61.8,66.3,76.9,86.6,88.9,91.4,98.5,105.6,117.4,125.9,128.4,126.9,119.7,111.4,107,107.7,107.4,102.5,104.9,108.4,100.9,97,96,101.1,111.9,115.6,104.9,93.7,87.6,84.4,82.9,79,80.7,88.3,92.1,100.9,105.3,110.1,115.2,117.8,116.2,TT,O,,2016,4,1,11/12/2003,17.62486127,17.77130349,17.93340733,16.96078431,,,,,,103.2,100.2,95.6,79.4,59.1,53.6,59.1,60.7,51.2,38.4,35.2,38.8,34.1,43.6,69.9,78.6,94,109.1,105,102.2,107.7,104,92.7,78.8,64.7,46.9,42.8,44.1,45,36.2,42.5,49.1,50.3,59.2,74.7,93.6,108.8,111.1,109.3,107.9,110.6,116.3,119.4,115.9,111.8,108.5,103.8,94.1,85.7,82.5,76.6,65.9,50.7,45.5,43.1,42.7,39.3,43.2,55.9,73,78.2,74.6,74.7,67.8,51.6,34,16.8,18.3,37.7,54.1,56.5,49.1,36.9,21.7,6.5,7.2,16.2,33.7,42.2,47.1,39.4,31,30,32.8,31.2,,,,,,57.2,58.1,58.3,61.7,75.1,101.8,114.3,118.9,119.5,118.7,120.2,124.1,115,108.2,98.7,86.6,75.7,73.9,68.3,64.4,72.3,81.8,88.6,97.4,109.5,119.6,127,128.8,127.2,118.6,122.6,120.4,107.9,94.3,82.1,73.1,64.8,59.2,55.3,44.7,31.7,31.5,42.2,52.6,61.8,66.3,76.9,86.6,88.9,91.4,98.5,105.6,117.4,125.9,128.4,126.9,119.7,111.4,107,107.7,107.4,102.5,104.9,108.4,100.9,97,96,101.1,111.9,115.6,104.9,93.7,87.6,84.4,82.9,79,80.7,88.3,92.1,100.9,105.3,110.1,115.2,117.8,116.2,5454.2,7997.1,64.16705882,94.08352941,115,55,6,6
35,2,B,E,2,90.1,1551,48,4,22,23,55,141,1.5,2,0,0,90,1610,95,90,60.9,65.1,67.6,70.3,65.4,60.8,58.5,63.3,76.2,90.2,105.3,106.4,100.2,90.3,76,56.1,41.9,38.7,38,31.8,35.1,43.1,60.1,78.8,91.8,98.3,104.1,102.8,105.2,98.6,85.8,71.8,52.7,29.8,18.3,29.6,46.2,45.7,36.4,26.6,10.9,16.9,40.9,65.9,76.9,73.9,66.2,57,48.1,44.1,46,49.2,45.1,44.1,40.1,36.7,30.7,31.3,47.9,63.6,73.4,72.7,70.2,69.7,67.6,65.1,62.6,59.7,57.3,51.5,48.3,45.6,43.5,43.1,41.8,40.9,41.4,41.1,40.8,34.1,25.7,17.4,17,32.7,54.4,77.4,90.1,104.2,110.3,107.7,115.4,118.4,117.6,107.8,91.4,75.6,48.5,27.9,18.7,38.8,65.7,78.5,80.5,86.5,97.4,106.7,114.4,118.7,117.8,103.4,91.4,74.8,57.3,41.9,39.3,43.1,57.3,73.8,78.7,63.7,53.5,44.3,46,56.2,79.5,99.6,120.7,122.9,113.8,101.4,81.2,71.9,67.7,81.9,98.4,106.7,110.7,116.9,124,127.8,130.4,129.3,125.9,126.7,123,120.7,116,109.7,105.3,103.8,105.4,107.5,108.2,108.8,111.4,113.2,114,113.9,115.6,121.5,123.6,123.9,125.1,127.2,126.5,125.9,125.8,125.7,124.6,117.9,110.1,98.3,82.4,65,50.1,42.4,45.9,59.7,71.8,74.8,TT,O,,2016,5,1,11/12/2003,17.21420644,17.77130349,17.93340733,16.96078431,,,67.6,70.3,65.4,60.8,58.5,63.3,76.2,90.2,105.3,106.4,100.2,90.3,76,56.1,41.9,38.7,38,31.8,35.1,43.1,60.1,78.8,91.8,98.3,104.1,102.8,105.2,98.6,85.8,71.8,52.7,29.8,18.3,29.6,46.2,45.7,36.4,26.6,10.9,16.9,40.9,65.9,76.9,73.9,66.2,57,48.1,44.1,46,49.2,45.1,44.1,40.1,36.7,30.7,31.3,47.9,63.6,73.4,72.7,70.2,69.7,67.6,65.1,62.6,59.7,57.3,51.5,48.3,45.6,43.5,43.1,41.8,40.9,41.4,41.1,40.8,34.1,25.7,17.4,17,32.7,54.4,77.4,90.1,104.2,110.3,107.7,,,117.6,107.8,91.4,75.6,48.5,27.9,18.7,38.8,65.7,78.5,80.5,86.5,97.4,106.7,114.4,118.7,117.8,103.4,91.4,74.8,57.3,41.9,39.3,43.1,57.3,73.8,78.7,63.7,53.5,44.3,46,56.2,79.5,99.6,120.7,122.9,113.8,101.4,81.2,71.9,67.7,81.9,98.4,106.7,110.7,116.9,124,127.8,130.4,129.3,125.9,126.7,123,120.7,116,109.7,105.3,103.8,105.4,107.5,108.2,108.8,111.4,113.2,114,113.9,115.6,121.5,123.6,123.9,125.1,127.2,126.5,125.9,125.8,125.7,124.6,117.9,110.1,98.3,82.4,65,50.1,42.4,45.9,59.7,71.8,74.8,5140.6,8199.3,58.41590909,93.17386364,55,115,3,3
36,2,B,S,2,30.6,519,38,19,13,44,43,-30,1.5,0,0,0,90,1610,95,30,61.4,61.6,53.4,45.9,36,33,46.3,68.4,88.9,106.4,109.8,110,110,109.5,109.7,107.5,104.9,103.7,100.5,97.2,87.4,79.3,66.9,58.1,51.6,45.8,45.4,44.7,40.1,30.5,,,,,,,,,,,,,,,,,,,,,,,,,,,,,,,,,,,,,,,,,,,,,,,,,,,,,,,,,,,,,112.8,107,100.8,94,80.2,58.7,42.4,39.8,54.9,65.1,62.8,58.2,52.1,39.6,26.9,24.8,36.3,56,72.3,87.6,97,102.3,109.8,116.9,119.7,122.9,126.2,125.5,118.8,107,,,,,,,,,,,,,,,,,,,,,,,,,,,,,,,,,,,,,,,,,,,,,,,,,,,,,,,,,,,,,FS,O,,2016,6,1,11/12/2003,16.96078431,17.77130349,17.93340733,16.96078431,,,53.4,45.9,36,33,46.3,68.4,88.9,106.4,109.8,110,110,109.5,109.7,107.5,104.9,103.7,100.5,97.2,87.4,79.3,66.9,58.1,51.6,45.8,45.4,44.7,40.1,30.5,,,,,,,,,,,,,,,,,,,,,,,,,,,,,,,,,,,,,,,,,,,,,,,,,,,,,,,,,,,,,,,100.8,94,80.2,58.7,42.4,39.8,54.9,65.1,62.8,58.2,52.1,39.6,26.9,24.8,36.3,56,72.3,87.6,97,102.3,109.8,116.9,119.7,122.9,126.2,125.5,118.8,107,,,,,,,,,,,,,,,,,,,,,,,,,,,,,,,,,,,,,,,,,,,,,,,,,,,,,,,,,,,,,2090.9,2198.6,74.675,78.52142857,55,115,3,3
37,1,B,S,2,90.1,2187,42,12,15,28,57,54,1.5,0,0,0,90,1610,99,90,55.2,51.4,51.9,48.5,43.5,41.1,30.4,35.4,42.1,53.1,76.2,84.3,75.1,58.4,45.3,49.5,62.9,71.6,69.5,61,51.1,35.1,20.3,40.9,73.5,104.9,121.7,122,120.6,120.3,121.6,116,109.5,102.2,91.6,79.8,68.2,55.6,45.5,39.7,36,39.1,40.4,34.6,28.8,28.2,20.8,23.2,26.6,38.9,48.5,55.9,69.6,79.5,90.7,101.4,106.2,105.7,108.6,115.4,111.8,106.2,94.9,83.5,69.7,57.2,45.3,43.5,46.6,55.8,65.4,72.1,73.8,72.1,59.7,42.7,28.4,31.6,44.9,47.2,54.2,57.1,68.5,86,95.7,96.5,91.1,78.2,72.7,86.9,107.3,102.9,103.8,117.2,127.2,126.7,115.9,120.9,123.1,113.1,101.7,82.5,59.5,42.5,43,64.8,85.6,102.7,116.2,121.1,125.1,118.6,91.2,69.4,54.2,56.2,61.3,56.7,45,35.8,40.7,52.8,66.1,76.6,91.6,105.2,116.2,122.9,124.8,123.4,121,124.6,125.3,114.9,95.3,83.2,69.2,77.6,100.9,124,127.6,122.7,118.4,105.6,88.6,71.8,55.7,40.9,26,39.2,57.2,74.5,88.3,95.8,104.6,113.3,124.2,128.8,127.7,125.6,118.9,106.7,92.6,83.5,64.8,60.8,77.6,104.6,124.3,124.8,124,111.1,99.2,90.6,75.9,61.8,48.8,39.2,65.6,87.1,TT,O,,2016,1,1,11/11/2003,24.27302997,22.58139586,23.1370193,19.80327869,,51.4,51.9,48.5,43.5,41.1,30.4,35.4,42.1,53.1,76.2,84.3,75.1,58.4,45.3,49.5,62.9,71.6,69.5,61,51.1,35.1,20.3,40.9,73.5,104.9,121.7,122,120.6,120.3,121.6,116,109.5,102.2,91.6,79.8,68.2,55.6,45.5,39.7,36,39.1,40.4,34.6,28.8,28.2,20.8,23.2,26.6,38.9,48.5,55.9,69.6,79.5,90.7,101.4,106.2,105.7,108.6,115.4,111.8,106.2,94.9,83.5,69.7,57.2,45.3,43.5,46.6,55.8,65.4,72.1,73.8,72.1,59.7,42.7,28.4,31.6,44.9,47.2,54.2,57.1,68.5,86,95.7,96.5,91.1,78.2,72.7,86.9,,102.9,103.8,117.2,127.2,126.7,115.9,120.9,123.1,113.1,101.7,82.5,59.5,42.5,43,64.8,85.6,102.7,116.2,121.1,125.1,118.6,91.2,69.4,54.2,56.2,61.3,56.7,45,35.8,40.7,52.8,66.1,76.6,91.6,105.2,116.2,122.9,124.8,123.4,121,124.6,125.3,114.9,95.3,83.2,69.2,77.6,100.9,124,127.6,122.7,118.4,105.6,88.6,71.8,55.7,40.9,26,39.2,57.2,74.5,88.3,95.8,104.6,113.3,124.2,128.8,127.7,125.6,118.9,106.7,92.6,83.5,64.8,60.8,77.6,104.6,124.3,124.8,124,111.1,99.2,90.6,75.9,61.8,48.8,39.2,65.6,87.1,5928.7,8138.6,66.61460674,91.44494382,55,115,2,2
38,1,B,W,2,19.8,426,27,46,34,42,24,50,1.5,0,1,0,90,1610,99,19,113.2,103.8,81.1,65.8,70.4,91.9,113.6,117.5,116.7,115.2,104.4,88.9,65.5,41.1,37.6,50.1,52.6,49.5,26.9,,,,,,,,,,,,,,,,,,,,,,,,,,,,,,,,,,,,,,,,,,,,,,,,,,,,,,,,,,,,,,,,,,,,,,,,65.9,68,58,38.8,17.1,20.5,41.2,44.5,39.5,34.4,19.1,7.1,25.2,59.1,92.1,116.9,122.9,121.3,108.8,,,,,,,,,,,,,,,,,,,,,,,,,,,,,,,,,,,,,,,,,,,,,,,,,,,,,,,,,,,,,,,,,,,,,,,,TT,O,,2016,2,1,11/11/2003,21.51515152,22.58139586,23.1370193,19.80327869,,,,,70.4,91.9,113.6,117.5,116.7,115.2,104.4,88.9,65.5,41.1,37.6,50.1,52.6,49.5,26.9,,,,,,,,,,,,,,,,,,,,,,,,,,,,,,,,,,,,,,,,,,,,,,,,,,,,,,,,,,,,,,,,,,,,,,,,,,,,17.1,20.5,41.2,44.5,39.5,34.4,19.1,7.1,25.2,59.1,92.1,116.9,122.9,121.3,108.8,,,,,,,,,,,,,,,,,,,,,,,,,,,,,,,,,,,,,,,,,,,,,,,,,,,,,,,,,,,,,,,,,,,,,,,,1141.9,869.7,76.12666667,57.98,115,55,5,5
39,1,B,N,2,90.1,1948,25,33,19,44,37,62,1.5,0,1,0,90,1610,99,90,112.2,110,97.8,78.5,52.2,28.8,30.1,40.6,36,26,28,49.2,79.2,108.4,124.2,125.1,120.2,112.8,94.3,91.6,98.3,95,85.4,72.6,58.7,54.8,49,42.7,40.3,47.7,57,69.2,79.8,90,98.7,104.4,110.3,118.5,122.2,122.1,119.3,112.5,103.8,98.5,94,84,75.4,68,58.6,45,33.8,25.3,26.6,41.1,66.6,76.6,81.2,80.6,80.9,79.6,78.5,82.3,85.1,86,81.2,80.5,85.6,81.1,71.2,52.5,26,18.7,36.7,44.4,40.9,43,56.9,79.7,102.9,118.2,122.6,123.7,118.1,110.9,107.4,106.9,103.9,96.8,84.6,66.9,49.2,43.5,29,27.5,47.7,76.1,106,124.6,120.5,102.1,79.6,50.8,25.6,28.6,40.5,41.4,35,27.5,29.3,56.8,78.7,85,89,91.9,100.7,117.6,126.3,125.4,125.3,123.9,116.9,109.3,100,90.9,81.1,66.4,52.5,43,38.2,37.7,40.5,44.3,55.7,69.4,88.1,100.1,109.9,117.5,121.9,120.5,115.5,110.3,106.1,106.1,105.1,98.9,88.9,76.1,61.9,46.7,28.6,9.4,8.7,19.3,38.8,68.3,82.9,99.9,101.5,95.4,90.3,103.4,121.5,125.6,108.3,88.2,66.4,48.5,45.6,48.6,45.8,42.6,34.2,26,29.3,34.2,41.9,50.9,57.4,64.3,TT,O,,2016,3,1,11/11/2003,21.62042175,22.58139586,23.1370193,19.80327869,,,,,52.2,28.8,30.1,40.6,36,26,28,49.2,79.2,108.4,124.2,125.1,120.2,112.8,94.3,91.6,98.3,95,85.4,72.6,58.7,54.8,49,42.7,40.3,47.7,57,69.2,79.8,90,98.7,104.4,110.3,118.5,122.2,122.1,119.3,112.5,103.8,98.5,94,84,75.4,68,58.6,45,33.8,25.3,26.6,41.1,66.6,76.6,81.2,80.6,80.9,79.6,78.5,82.3,85.1,86,81.2,80.5,85.6,81.1,71.2,52.5,26,18.7,36.7,44.4,40.9,43,56.9,79.7,102.9,118.2,122.6,123.7,118.1,110.9,107.4,106.9,103.9,96.8,84.6,66.9,,,,,47.7,76.1,106,124.6,120.5,102.1,79.6,50.8,25.6,28.6,40.5,41.4,35,27.5,29.3,56.8,78.7,85,89,91.9,100.7,117.6,126.3,125.4,125.3,123.9,116.9,109.3,100,90.9,81.1,66.4,52.5,43,38.2,37.7,40.5,44.3,55.7,69.4,88.1,100.1,109.9,117.5,121.9,120.5,115.5,110.3,106.1,106.1,105.1,98.9,88.9,76.1,61.9,46.7,28.6,9.4,8.7,19.3,38.8,68.3,82.9,99.9,101.5,95.4,90.3,103.4,121.5,125.6,108.3,88.2,66.4,48.5,45.6,48.6,45.8,42.6,34.2,26,29.3,34.2,41.9,50.9,57.4,64.3,6608,6401.2,76.8372093,74.43255814,115,55,5,5
37,2,B,N,2,90.1,2326,24,27,26,45,29,67,1.5,0,2,0,90,1610,99,90,111.1,107.8,98.7,77.1,49.9,21.7,21.6,44.9,51.2,62.2,82.3,91.5,92.4,93.5,94.8,92,82.1,70,57.5,47.9,35.7,35.3,59.4,82.2,101.1,112,116.3,122.4,122.8,119.3,117,111.8,97.7,82.3,70.7,68.1,71.1,68.2,67,58.1,42.2,22,13.6,25.1,39.7,39.6,42.8,60.6,80.1,91.3,92.4,85,63.8,41.4,35.7,45.5,51,54.1,63.9,81.3,104.1,110.6,109.8,106.5,98.5,95.8,111,116,107.3,95.6,86.5,65.3,44.8,33.2,40.5,62.9,63.2,59.6,58.1,65.1,74.5,86.1,87.5,84.2,77.4,69.6,69.8,53.2,39.5,38.9,51.8,42.8,23.3,14.4,36.1,68.1,97.8,105.3,91.1,69.8,48.3,25.8,9.8,24.2,44,62.8,82,97.6,111.3,122.6,120,110.5,99.3,91.9,85.3,74.5,59.8,48.3,38.9,37.5,47.6,54,62.3,79.3,98.4,114.4,110,92.3,78.7,58.6,47.4,67,90.8,109.9,125.2,119.6,101.6,87.9,81.9,83.7,85.9,88.5,94,105,120.1,127.4,119.7,103.1,85.1,69.4,67.1,56.9,42.9,24.3,18.6,39.3,66.1,65.7,50.7,33.1,20.2,21.1,46.9,72.7,101.9,120.6,107.3,89.8,67.8,42.1,25.4,6.5,17.7,41.2,63.6,86.9,107.1,115.3,118.6,124.1,TT,O,,2016,4,1,11/12/2003,25.81576027,22.58139586,23.1370193,19.80327869,,,,,49.9,21.7,21.6,44.9,51.2,62.2,82.3,91.5,92.4,93.5,94.8,92,82.1,70,57.5,47.9,35.7,35.3,59.4,82.2,101.1,112,116.3,122.4,122.8,119.3,117,111.8,97.7,82.3,70.7,68.1,71.1,68.2,67,58.1,42.2,22,13.6,25.1,39.7,39.6,42.8,60.6,80.1,91.3,92.4,85,63.8,41.4,35.7,45.5,51,54.1,63.9,81.3,104.1,110.6,109.8,106.5,98.5,95.8,111,116,107.3,95.6,86.5,65.3,44.8,33.2,40.5,62.9,63.2,59.6,58.1,65.1,74.5,86.1,87.5,84.2,77.4,69.6,69.8,53.2,39.5,38.9,,,,,36.1,68.1,97.8,105.3,91.1,69.8,48.3,25.8,9.8,24.2,44,62.8,82,97.6,111.3,122.6,120,110.5,99.3,91.9,85.3,74.5,59.8,48.3,38.9,37.5,47.6,54,62.3,79.3,98.4,114.4,110,92.3,78.7,58.6,47.4,67,90.8,109.9,125.2,119.6,101.6,87.9,81.9,83.7,85.9,88.5,94,105,120.1,127.4,119.7,103.1,85.1,69.4,67.1,56.9,42.9,24.3,18.6,39.3,66.1,65.7,50.7,33.1,20.2,21.1,46.9,72.7,101.9,120.6,107.3,89.8,67.8,42.1,25.4,6.5,17.7,41.2,63.6,86.9,107.1,115.3,118.6,124.1,6160.2,6432.9,71.63023256,74.80116279,115,55,5,5
38,2,B,E,2,38.2,858,41,24,39,43,18,68,1.5,2,1,0,90,1610,99,38,64.1,60.6,57.3,51.6,61.5,80.4,89.7,87.6,81,71.6,55.2,41.2,38.6,41.8,43.9,49.9,60.1,73.2,89.4,106.6,117.6,116,111.7,98.2,78.2,53.9,31.1,22.3,34.5,48.8,44.4,34.3,18.7,9.5,15.2,24.3,28.8,16.1,,,,,,,,,,,,,,,,,,,,,,,,,,,,,,,,,,,,,,,,,,,,,,,,,,,,,108.2,92.6,81.4,53.8,25.8,25.3,50.1,72.3,92.6,106,112.2,120.8,123.5,119.5,106,89.6,71.8,56.7,48,45.3,45.2,38.7,29.2,12.8,11.2,37.2,64.4,87.4,107.1,104.5,92.9,80,75.8,78.7,79.6,91.7,103.3,98.8,,,,,,,,,,,,,,,,,,,,,,,,,,,,,,,,,,,,,,,,,,,,,,,,,,,,,TT,O,,2016,5,1,11/12/2003,22.46073298,22.58139586,23.1370193,19.80327869,,60.6,57.3,51.6,61.5,80.4,89.7,87.6,81,71.6,55.2,41.2,38.6,41.8,43.9,49.9,60.1,73.2,89.4,106.6,117.6,116,111.7,98.2,78.2,53.9,31.1,22.3,34.5,48.8,44.4,34.3,18.7,9.5,15.2,24.3,28.8,16.1,,,,,,,,,,,,,,,,,,,,,,,,,,,,,,,,,,,,,,,,,,,,,,,,,,,,,,92.6,81.4,53.8,25.8,25.3,50.1,72.3,92.6,106,112.2,120.8,123.5,119.5,106,89.6,71.8,56.7,48,45.3,45.2,38.7,29.2,12.8,11.2,37.2,64.4,87.4,107.1,104.5,92.9,80,75.8,78.7,79.6,91.7,103.3,98.8,,,,,,,,,,,,,,,,,,,,,,,,,,,,,,,,,,,,,,,,,,,,,,,,,,,,,2144.8,2731.8,57.96756757,73.83243243,55,115,2,2
39,2,B,S,2,30.5,604,75,2,35,43,22,49,1.5,2,0,0,90,1610,99,30,55.5,39.5,25.3,26.5,40.3,59.9,64.1,65.9,66.8,64.6,60.1,48,35.2,35.7,44.6,55.1,52.1,33.5,14.3,10.2,17.1,20.7,21.7,18.6,27.2,28.4,20.4,21.9,15.3,6.8,,,,,,,,,,,,,,,,,,,,,,,,,,,,,,,,,,,,,,,,,,,,,,,,,,,,,,,,,,,,,115.1,114.4,109.3,108.1,115.2,121.4,110.5,94.8,83.9,73.5,56.9,47.4,51.7,65.4,89.1,109.6,115.9,108.6,97.7,81.8,71.3,65.6,72.7,90.2,111.8,111.7,100.9,100.3,94.1,89.4,,,,,,,,,,,,,,,,,,,,,,,,,,,,,,,,,,,,,,,,,,,,,,,,,,,,,,,,,,,,,FS,O,,2016,6,1,11/12/2003,19.80327869,22.58139586,23.1370193,19.80327869,,,25.3,26.5,40.3,59.9,64.1,65.9,66.8,64.6,60.1,48,35.2,35.7,44.6,55.1,52.1,33.5,14.3,10.2,17.1,20.7,21.7,18.6,27.2,28.4,20.4,21.9,15.3,6.8,,,,,,,,,,,,,,,,,,,,,,,,,,,,,,,,,,,,,,,,,,,,,,,,,,,,,,,,,,,,,,,109.3,108.1,115.2,121.4,110.5,94.8,83.9,73.5,56.9,47.4,51.7,65.4,89.1,109.6,115.9,108.6,97.7,81.8,71.3,65.6,72.7,90.2,111.8,111.7,100.9,100.3,94.1,89.4,,,,,,,,,,,,,,,,,,,,,,,,,,,,,,,,,,,,,,,,,,,,,,,,,,,,,,,,,,,,,1000.3,2548.8,35.725,91.02857143,55,115,3,3
1,3,A,W,2,47.6,1107,49,16,37,38,25,36,1.5,0,3,0,90,1610,4,47,104.8,83.4,55.6,24.6,28.4,43,55.4,64.9,74.6,79.3,83.3,80.5,82.4,78.4,79.7,81.1,71.1,50.9,32.7,33.5,39.8,53.2,51.1,45.7,39.6,24.7,23.6,48.6,62.8,76.4,83.6,90,88.4,85.5,70.1,52,35.1,24.4,22.8,33.9,33.6,29.7,38.7,53.4,56.8,49,29.1,,,,,,,,,,,,,,,,,,,,,,,,,,,,,,,,,,,,,,,,,,,,59.5,63.3,75.4,97.1,111.5,113.2,105.6,89.8,73,58.9,48.7,28.8,8.1,20.2,45.9,67.7,79.9,91,107.7,118.4,121.2,123.9,121.1,118.1,119,109.2,100.8,87.9,71.1,54.1,32.8,13.8,6.7,12.2,28.5,47.2,54.5,65.8,88.3,113.5,119,112.8,110.8,114,115.9,114.1,99.5,,,,,,,,,,,,,,,,,,,,,,,,,,,,,,,,,,,,,,,,,,,,TT,O,,2016,1,2,11/13/2003,23.25630252,20.72923806,21.66593534,16.04575163,,,,,28.4,43,55.4,64.9,74.6,79.3,83.3,80.5,82.4,78.4,79.7,81.1,71.1,50.9,32.7,33.5,39.8,53.2,51.1,45.7,39.6,24.7,23.6,48.6,62.8,76.4,83.6,90,88.4,85.5,70.1,52,35.1,24.4,22.8,33.9,33.6,29.7,38.7,53.4,56.8,49,29.1,,,,,,,,,,,,,,,,,,,,,,,,,,,,,,,,,,,,,,,,,,,,,,,,111.5,113.2,105.6,89.8,73,58.9,48.7,28.8,8.1,20.2,45.9,67.7,79.9,91,107.7,118.4,121.2,123.9,121.1,118.1,119,109.2,100.8,87.9,71.1,54.1,32.8,13.8,6.7,12.2,28.5,47.2,54.5,65.8,88.3,113.5,119,112.8,110.8,114,115.9,114.1,99.5,,,,,,,,,,,,,,,,,,,,,,,,,,,,,,,,,,,,,,,,,,,,2360.8,3444.2,54.90232558,80.09767442,115,55,5,5
2,3,A,N,2,23.4,508,32,23,54,45,1,54,1.5,1,1,0,90,1610,4,23,105.4,97.3,84.3,70.1,61.5,62.7,55.5,39.8,27.4,29,31.6,35.6,45.1,54.7,60.9,67.5,66.4,62.1,61.2,58.8,48.3,30.2,12.2,,,,,,,,,,,,,,,,,,,,,,,,,,,,,,,,,,,,,,,,,,,,,,,,,,,,,,,,,,,,,,,,,,,,43.8,28.8,10,22,50.8,78.6,93.5,101.8,107,113.3,109.3,100.9,88,74.4,56.8,47.4,34.8,25.5,33.8,56.2,76.9,88.6,92.8,,,,,,,,,,,,,,,,,,,,,,,,,,,,,,,,,,,,,,,,,,,,,,,,,,,,,,,,,,,,,,,,,,,,TT,O,,2016,2,2,11/13/2003,21.70940171,20.72923806,21.66593534,16.04575163,,,,,61.5,62.7,55.5,39.8,27.4,29,31.6,35.6,45.1,54.7,60.9,67.5,66.4,62.1,61.2,58.8,48.3,30.2,12.2,,,,,,,,,,,,,,,,,,,,,,,,,,,,,,,,,,,,,,,,,,,,,,,,,,,,,,,,,,,,,,,,,,,,,,,,50.8,78.6,93.5,101.8,107,113.3,109.3,100.9,88,74.4,56.8,47.4,34.8,25.5,33.8,56.2,76.9,88.6,92.8,,,,,,,,,,,,,,,,,,,,,,,,,,,,,,,,,,,,,,,,,,,,,,,,,,,,,,,,,,,,,,,,,,,,910.5,1430.4,47.92105263,75.28421053,115,55,5,5
3,3,A,E,2,65,1232,38,20,35,34,31,66,1.5,1,5,0,90,1610,4,64,65.1,61.2,61,66.1,73.2,75.8,70.8,64.9,58,41,25.7,18.2,25,28.9,32.1,22.2,24,41.6,60.9,80.6,92.1,101,105,103.3,95.3,80.7,64.8,51.2,48.4,46.8,42.9,35.6,26.6,36.4,42.4,46.3,52.4,62.1,74.6,82.3,88.9,89.2,85.3,80.2,79.1,84.3,94.8,94.7,89.8,79.4,67.9,64.4,66.9,70.3,62.7,50.9,41.9,38.3,37.5,41.5,49.5,53.8,46.5,33.6,,,,,,,,,,,,,,,,,,,,,,,,,,,103.8,84.5,61.1,40.5,18.4,14.2,31.8,50.6,73.5,88.1,98.7,103,107.8,111.3,115.8,106.8,97.4,82.9,71.1,64.1,59,50.6,41.1,27.8,16.6,7.7,23.6,48.4,71.2,84.4,93.8,99.1,106.5,121.7,125.6,123.1,117.7,109,105.9,97.9,95.4,83.6,69.4,49.4,24.6,6,12.1,10.8,6.3,18.4,42.4,65.7,88.6,104.7,110.3,114.6,118.5,122.6,122.5,121.2,120.1,122.2,117.3,108.1,,,,,,,,,,,,,,,,,,,,,,,,,,,TT,O,,2016,3,2,11/13/2003,18.95384615,20.72923806,21.66593534,16.04575163,,,61,66.1,73.2,75.8,70.8,64.9,58,41,25.7,18.2,25,28.9,32.1,22.2,24,41.6,60.9,80.6,92.1,101,105,103.3,95.3,80.7,64.8,51.2,48.4,46.8,42.9,35.6,26.6,36.4,42.4,46.3,52.4,62.1,74.6,82.3,88.9,89.2,85.3,80.2,79.1,84.3,94.8,94.7,89.8,79.4,67.9,64.4,66.9,70.3,62.7,50.9,41.9,38.3,37.5,41.5,49.5,53.8,46.5,33.6,,,,,,,,,,,,,,,,,,,,,,,,,,,,,61.1,40.5,18.4,14.2,31.8,50.6,73.5,88.1,98.7,103,107.8,111.3,115.8,106.8,97.4,82.9,71.1,64.1,59,50.6,41.1,27.8,16.6,7.7,23.6,48.4,71.2,84.4,93.8,99.1,106.5,121.7,125.6,123.1,117.7,109,105.9,97.9,95.4,83.6,69.4,49.4,24.6,6,12.1,10.8,6.3,18.4,42.4,65.7,88.6,104.7,110.3,114.6,118.5,122.6,122.5,121.2,120.1,122.2,117.3,108.1,,,,,,,,,,,,,,,,,,,,,,,,,,,3751.6,4722.6,60.50967742,76.17096774,55,115,3,3
1,4,A,E,2,27.1,655,30,14,62,25,13,82,1.5,1,0,0,90,1610,4,27,67.7,70.7,74.3,72.4,71.7,66.3,58.1,47.7,42.7,38.4,36.8,39.3,48.3,54.6,62.9,65.1,64.2,67.7,57.7,70.4,66.8,54.4,44.5,35,13,16.4,23.4,,,,,,,,,,,,,,,,,,,,,,,,,,,,,,,,,,,,,,,,,,,,,,,,,,,,,,,,,,,,,,,,97.5,74,57.6,27.9,18.9,46.3,76.3,98.5,119.4,123.5,118.3,107,90.8,75.9,60.2,51.3,29.3,21,37.7,50.5,45.7,43.8,44.8,52.2,73.4,89.8,102.8,,,,,,,,,,,,,,,,,,,,,,,,,,,,,,,,,,,,,,,,,,,,,,,,,,,,,,,,,,,,,,,,TT,O,,2016,4,2,11/14/2003,24.1697417,20.72923806,21.66593534,16.04575163,,,74.3,72.4,71.7,66.3,58.1,47.7,42.7,38.4,36.8,39.3,48.3,54.6,62.9,65.1,64.2,67.7,57.7,70.4,66.8,54.4,44.5,35,13,16.4,23.4,,,,,,,,,,,,,,,,,,,,,,,,,,,,,,,,,,,,,,,,,,,,,,,,,,,,,,,,,,,,,,,,,,57.6,27.9,18.9,46.3,76.3,98.5,119.4,123.5,118.3,107,90.8,75.9,60.2,51.3,29.3,21,37.7,50.5,45.7,43.8,44.8,52.2,73.4,89.8,102.8,,,,,,,,,,,,,,,,,,,,,,,,,,,,,,,,,,,,,,,,,,,,,,,,,,,,,,,,,,,,,,,,1292.1,1662.9,51.684,66.516,55,115,3,3
2,4,A,S,2,20.8,421,29,13,76,19,5,26,1.5,1,0,0,90,1610,4,20,47.6,26.2,16.2,32.9,52.4,66,69.7,70.2,65.3,51,47.6,63.1,66.5,67.9,61.2,44.9,38.4,43.4,34.4,19,,,,,,,,,,,,,,,,,,,,,,,,,,,,,,,,,,,,,,,,,,,,,,,,,,,,,,,,,,,,,,,,,,,,,,,110.8,105.1,97,86.9,70.8,52.1,41.9,20.5,20.9,43.2,59.2,58.5,51.8,48,46.3,55.3,62.7,76.4,88.8,91.8,,,,,,,,,,,,,,,,,,,,,,,,,,,,,,,,,,,,,,,,,,,,,,,,,,,,,,,,,,,,,,,,,,,,,,,TT,O,,2016,5,2,11/14/2003,20.24038462,20.72923806,21.66593534,16.04575163,,,16.2,32.9,52.4,66,69.7,70.2,65.3,51,47.6,63.1,66.5,67.9,61.2,44.9,38.4,43.4,34.4,19,,,,,,,,,,,,,,,,,,,,,,,,,,,,,,,,,,,,,,,,,,,,,,,,,,,,,,,,,,,,,,,,,,,,,,,,,97,86.9,70.8,52.1,41.9,20.5,20.9,43.2,59.2,58.5,51.8,48,46.3,55.3,62.7,76.4,88.8,91.8,,,,,,,,,,,,,,,,,,,,,,,,,,,,,,,,,,,,,,,,,,,,,,,,,,,,,,,,,,,,,,,,,,,,,,,910.1,1072.1,50.56111111,59.56111111,55,115,3,3
3,4,A,N,2,30.6,491,67,6,68,31,1,0,1.5,1,0,0,90,1610,4,30,104.3,89.6,73.9,50.3,24.7,6,11.4,22.7,38.4,54.2,57.7,51.1,46.8,31.2,18.1,12.9,19.7,27.6,34.7,27.4,18.1,12.4,23.7,33.1,31.5,28.7,26.8,30,39.8,48.1,,,,,,,,,,,,,,,,,,,,,,,,,,,,,,,,,,,,,,,,,,,,,,,,,,,,,,,,,,,,,47.9,42.2,41.8,51,70.5,86.6,90.9,82.5,74.9,67.4,57.7,48.9,52.2,58.7,67.9,72.9,71,66.6,58.8,61.2,68.7,77.8,91.8,105.8,111.9,113.2,109.1,101.6,100.9,101,,,,,,,,,,,,,,,,,,,,,,,,,,,,,,,,,,,,,,,,,,,,,,,,,,,,,,,,,,,,,FS,O,,2016,6,2,11/14/2003,16.04575163,20.72923806,21.66593534,16.04575163,,,,,,,11.4,22.7,38.4,54.2,57.7,51.1,46.8,31.2,18.1,12.9,19.7,27.6,34.7,27.4,18.1,12.4,23.7,33.1,31.5,28.7,26.8,30,39.8,48.1,,,,,,,,,,,,,,,,,,,,,,,,,,,,,,,,,,,,,,,,,,,,,,,,,,,,,,,,,,,,,,,,,,,90.9,82.5,74.9,67.4,57.7,48.9,52.2,58.7,67.9,72.9,71,66.6,58.8,61.2,68.7,77.8,91.8,105.8,111.9,113.2,109.1,101.6,100.9,101,,,,,,,,,,,,,,,,,,,,,,,,,,,,,,,,,,,,,,,,,,,,,,,,,,,,,,,,,,,,,746.1,1913.4,31.0875,79.725,115,55,7,7
4,3,A,W,2,42.1,1082,28,26,41,42,17,33,1.5,3,1,0,90,1610,5,42,108.9,98.8,66.8,26.3,35.3,64.3,76.8,72.9,54,24,17,42,44.8,38.5,45.7,66.5,88,107.4,113.5,106.3,97.7,93.2,89.7,75.1,46.3,17.1,23.3,48.8,53.2,46.8,40.6,45.8,69.3,97.1,117.7,123,118.5,110.1,97.7,74.9,44.2,13.6,,,,,,,,,,,,,,,,,,,,,,,,,,,,,,,,,,,,,,,,,,,,,,,,,62.7,64,60.7,65.1,69.8,70.5,62.2,50.3,40.1,63,97.7,124.1,122.5,100.6,71,40.3,17.4,23.7,41,52.7,69.3,86.3,94.2,92,88,92.2,105.5,123.4,118.7,102.4,80,50.3,17.2,12.2,32.1,37.4,33.4,29.4,32.5,37,53.3,77.1,,,,,,,,,,,,,,,,,,,,,,,,,,,,,,,,,,,,,,,,,,,,,,,,,TT,O,,2016,1,2,11/13/2003,25.70071259,21.92263794,21.60781913,23.49673203,,,,,35.3,64.3,76.8,72.9,54,24,17,42,44.8,38.5,45.7,66.5,88,107.4,113.5,106.3,97.7,93.2,89.7,75.1,46.3,17.1,23.3,48.8,53.2,46.8,40.6,45.8,69.3,97.1,117.7,123,118.5,110.1,97.7,74.9,44.2,13.6,,,,,,,,,,,,,,,,,,,,,,,,,,,,,,,,,,,,,,,,,,,,,,,,,,,,,69.8,70.5,62.2,50.3,40.1,63,97.7,124.1,122.5,100.6,71,40.3,17.4,23.7,41,52.7,69.3,86.3,94.2,92,88,92.2,105.5,123.4,118.7,102.4,80,50.3,17.2,12.2,32.1,37.4,33.4,29.4,32.5,37,53.3,77.1,,,,,,,,,,,,,,,,,,,,,,,,,,,,,,,,,,,,,,,,,,,,,,,,,2540.7,2510.8,66.86052632,66.07368421,115,55,5,5
5,3,A,N,2,85.6,1748,31,16,41,33,26,49,1.5,2,2,0,90,1610,5,85,111.3,102,87,67.2,48.8,45.2,54.3,40.4,20.2,20.5,38.8,59.4,77,82.4,78,76.5,82.8,90.4,93,87.3,66.5,46.6,30.6,33.7,51.1,55.1,48.1,39.8,47.5,63.4,75.1,69,61.1,47.8,44.2,42.7,42.7,34.5,20.4,7.1,19.6,41.1,60.6,79,90.4,98.1,104.7,111.9,119.7,123.2,116.6,110,104.2,100.1,106,105.9,101.2,90.4,77,57.4,35.4,19.4,25.7,41.5,41,26.2,16.4,18.8,23.6,28.1,38.9,58.9,83,102.5,116.1,116.7,107.6,105.5,108.7,103.2,92.7,77.3,61.1,41.5,21.9,,,,,,46,30.6,11.3,22.2,54.5,87.1,112.2,112.3,103,95.1,82.1,66.1,48.7,30.9,12.5,23.5,49.2,70.8,86.9,92.1,83.6,70,59.7,60.8,61.9,53.6,46.6,47.5,61.8,83.4,99.7,104.9,112.8,118.1,126.3,128.1,125.9,113.5,96.9,81.4,74.2,75.8,88.7,95.9,91,78.3,63.2,51,44.4,40.9,31.3,29.3,38.4,55.4,69.8,68.6,56.8,46.8,37.9,35.9,50.9,73.2,94.5,114.3,121,110.6,99.8,85.6,71.5,58.9,50.7,49.2,51.2,57.9,64,65.7,65.7,73.9,76.3,73.3,70.2,69.9,72.5,77.3,83.7,,,,,,TT,O,,2016,2,2,11/13/2003,20.42056075,21.92263794,21.60781913,23.49673203,,,,,48.8,45.2,54.3,40.4,20.2,20.5,38.8,59.4,77,82.4,78,76.5,82.8,90.4,93,87.3,66.5,46.6,30.6,33.7,51.1,55.1,48.1,39.8,47.5,63.4,75.1,69,61.1,47.8,44.2,42.7,42.7,34.5,20.4,7.1,19.6,41.1,60.6,79,90.4,98.1,104.7,111.9,119.7,123.2,116.6,110,104.2,100.1,106,105.9,101.2,90.4,77,57.4,35.4,19.4,25.7,41.5,41,26.2,16.4,18.8,23.6,28.1,38.9,58.9,83,102.5,116.1,116.7,107.6,105.5,108.7,103.2,92.7,77.3,61.1,41.5,21.9,,,,,,,,,,54.5,87.1,112.2,112.3,103,95.1,82.1,66.1,48.7,30.9,12.5,23.5,49.2,70.8,86.9,92.1,83.6,70,59.7,60.8,61.9,53.6,46.6,47.5,61.8,83.4,99.7,104.9,112.8,118.1,126.3,128.1,125.9,113.5,96.9,81.4,74.2,75.8,88.7,95.9,91,78.3,63.2,51,44.4,40.9,31.3,29.3,38.4,55.4,69.8,68.6,56.8,46.8,37.9,35.9,50.9,73.2,94.5,114.3,121,110.6,99.8,85.6,71.5,58.9,50.7,49.2,51.2,57.9,64,65.7,65.7,73.9,76.3,73.3,70.2,69.9,72.5,77.3,83.7,,,,,,5250.8,5918.9,64.82469136,73.07283951,115,55,5,5
6,3,A,E,2,11.8,210,70,1,39,41,20,66,1.5,1,0,0,90,1610,5,11,63.8,58.8,47.8,30.5,20.1,23.8,25.3,35.2,41.4,27.5,14.3,,,,,,,,,,,,,,,,,,,,,,,,,,,,,,,,,,,,,,,,,,,,,,,,,,,,,,,,,,,,,,,,,,,,,,,,,,,,,,,,107,93.2,80.2,69.7,67.9,80.8,96.8,113.3,122.9,112.5,98.7,,,,,,,,,,,,,,,,,,,,,,,,,,,,,,,,,,,,,,,,,,,,,,,,,,,,,,,,,,,,,,,,,,,,,,,,,,,,,,,,TT,O,,2016,3,2,11/13/2003,17.79661017,21.92263794,21.60781913,23.49673203,,,47.8,30.5,20.1,23.8,25.3,35.2,41.4,27.5,14.3,,,,,,,,,,,,,,,,,,,,,,,,,,,,,,,,,,,,,,,,,,,,,,,,,,,,,,,,,,,,,,,,,,,,,,,,,,,,,,,,,,80.2,69.7,67.9,80.8,96.8,113.3,122.9,112.5,98.7,,,,,,,,,,,,,,,,,,,,,,,,,,,,,,,,,,,,,,,,,,,,,,,,,,,,,,,,,,,,,,,,,,,,,,,,,,,,,,,,265.9,842.8,29.54444444,93.64444444,55,115,3,3
4,4,A,E,2,5,110,26,1,34,36,30,86,1.5,0,0,0,90,1610,5,4,67.6,66.1,61.2,36.4,,,,,,,,,,,,,,,,,,,,,,,,,,,,,,,,,,,,,,,,,,,,,,,,,,,,,,,,,,,,,,,,,,,,,,,,,,,,,,,,,,,,,,,115.5,100,91.2,80,,,,,,,,,,,,,,,,,,,,,,,,,,,,,,,,,,,,,,,,,,,,,,,,,,,,,,,,,,,,,,,,,,,,,,,,,,,,,,,,,,,,,,,TT,O,,2016,4,2,11/14/2003,22,21.92263794,21.60781913,23.49673203,,,61.2,36.4,,,,,,,,,,,,,,,,,,,,,,,,,,,,,,,,,,,,,,,,,,,,,,,,,,,,,,,,,,,,,,,,,,,,,,,,,,,,,,,,,,,,,,,,,91.2,80,,,,,,,,,,,,,,,,,,,,,,,,,,,,,,,,,,,,,,,,,,,,,,,,,,,,,,,,,,,,,,,,,,,,,,,,,,,,,,,,,,,,,,,97.6,171.2,48.8,85.6,55,115,3,3
5,4,A,S,2,3.3,73,100,0,18,40,42,44,1.5,1,0,0,90,1610,5,3,53.7,34.4,12.3,,,,,,,,,,,,,,,,,,,,,,,,,,,,,,,,,,,,,,,,,,,,,,,,,,,,,,,,,,,,,,,,,,,,,,,,,,,,,,,,,,,,,,,,115.4,112.1,96.9,,,,,,,,,,,,,,,,,,,,,,,,,,,,,,,,,,,,,,,,,,,,,,,,,,,,,,,,,,,,,,,,,,,,,,,,,,,,,,,,,,,,,,,,TT,O,,2016,5,2,11/14/2003,22.12121212,21.92263794,21.60781913,23.49673203,,,,,,,,,,,,,,,,,,,,,,,,,,,,,,,,,,,,,,,,,,,,,,,,,,,,,,,,,,,,,,,,,,,,,,,,,,,,,,,,,,,,,,,,,,,,,,,,,,,,,,,,,,,,,,,,,,,,,,,,,,,,,,,,,,,,,,,,,,,,,,,,,,,,,,,,,,,,,,,,,,,,,,,,,,,,,,,,,,,,,0,0,0,0,55,115,3,3
6,4,A,N,2,30.6,719,35,35,63,28,9,48,1.5,0,2,0,90,1610,5,30,108.6,91.6,65.8,42,32.4,40.9,40.9,21.3,16.4,35.8,44.3,46.7,31.6,25.2,36.3,54.3,79.5,94.2,92.6,87.6,89.3,104.1,110,104,91.3,75.1,59.3,38.8,19.6,29.7,,,,,,,,,,,,,,,,,,,,,,,,,,,,,,,,,,,,,,,,,,,,,,,,,,,,,,,,,,,,,38.9,18,20.8,51.6,83.8,108.7,119.4,101.5,76.5,55,59.7,78.1,83.9,71.5,61.1,60.2,60.2,50.7,29.5,7.7,24.1,40.2,37.7,25.6,8.1,21.2,46.4,66.5,89.5,114.2,,,,,,,,,,,,,,,,,,,,,,,,,,,,,,,,,,,,,,,,,,,,,,,,,,,,,,,,,,,,,FS,O,,2016,6,2,11/14/2003,23.49673203,21.92263794,21.60781913,23.49673203,,,,,32.4,40.9,40.9,21.3,16.4,35.8,44.3,46.7,31.6,25.2,36.3,54.3,79.5,94.2,92.6,87.6,89.3,104.1,110,104,91.3,75.1,59.3,38.8,19.6,29.7,,,,,,,,,,,,,,,,,,,,,,,,,,,,,,,,,,,,,,,,,,,,,,,,,,,,,,,,,,,,,,,,,83.8,108.7,119.4,101.5,76.5,55,59.7,78.1,83.9,71.5,61.1,60.2,60.2,50.7,29.5,7.7,24.1,40.2,37.7,25.6,8.1,21.2,46.4,66.5,89.5,114.2,,,,,,,,,,,,,,,,,,,,,,,,,,,,,,,,,,,,,,,,,,,,,,,,,,,,,,,,,,,,,1501.2,1581,57.73846154,60.80769231,115,55,5,5
7,3,A,W,2,8.2,188,28,2,7,90,3,37,1.5,1,0,0,90,1610,17,8,112.9,106.9,107.3,96,81.8,63.9,37.1,12.5,,,,,,,,,,,,,,,,,,,,,,,,,,,,,,,,,,,,,,,,,,,,,,,,,,,,,,,,,,,,,,,,,,,,,,,,,,,,,,,,,,,54.9,49.4,55.2,60.7,80.3,100.8,106.8,95.6,,,,,,,,,,,,,,,,,,,,,,,,,,,,,,,,,,,,,,,,,,,,,,,,,,,,,,,,,,,,,,,,,,,,,,,,,,,,,,,,,,,TT,O,,2016,1,2,11/13/2003,22.92682927,21.62030159,21.89224465,20.26058632,,,,,81.8,63.9,37.1,12.5,,,,,,,,,,,,,,,,,,,,,,,,,,,,,,,,,,,,,,,,,,,,,,,,,,,,,,,,,,,,,,,,,,,,,,,,,,,,,,,,,,,,,,,80.3,100.8,106.8,95.6,,,,,,,,,,,,,,,,,,,,,,,,,,,,,,,,,,,,,,,,,,,,,,,,,,,,,,,,,,,,,,,,,,,,,,,,,,,,,,,,,,,195.3,383.5,48.825,95.875,115,55,5,5
8,3,A,N,2,90.1,2129,28,21,21,53,26,-14,1.5,0,4,0,90,1610,17,90,106.7,101.2,81.8,56.3,29.5,31.6,39.5,35,30.6,39.4,65.6,88.5,87.5,80.7,80.9,89.8,96.1,92.3,82,68.1,48.5,26.7,22.5,29.2,39.9,55.3,58.7,59.3,69.7,88.7,96,93.4,90,94,104,102.1,91.4,75.6,60.8,53.4,48.4,43.3,41.1,45.1,51.3,62.1,68.9,72,80.2,92.8,94.2,91.8,83.7,83.8,98,112.6,112.4,104.8,89.7,73.8,62.3,57,58.3,56.9,61.8,62.7,63.8,74.4,88,98.8,104.7,101,92.3,86,78.2,60.8,38.9,19.9,20.7,36.6,40.5,62.1,59.2,56.3,51.9,54.9,72.5,91.8,91.3,85.7,55.5,51.7,51.3,59.1,85.3,115.5,125.2,120,107.2,84.9,63.6,47.4,27.7,9.5,29.7,61.3,74.8,84.2,93.1,100.5,102.2,101.8,105.4,113.4,111.5,114.3,109.7,93.3,72.7,55.1,36,15.9,14.4,43.9,66.7,70.4,76.4,86.7,104.2,120.2,122.9,123,126.1,123.9,118.9,113.3,108.7,99,87.2,81.9,69.4,53.5,29,8.3,29.7,51.3,51.9,50.4,55.3,73.5,91.3,112.3,118.8,113.7,115.5,104.6,87.9,70.3,51,34,22.1,24.3,41.7,64.4,85,98.5,102.7,101.3,100.4,105.3,104.6,118.8,102.5,85.8,67.8,36.5,21.1,22.8,14.7,4.4,TT,O,,2016,2,2,11/13/2003,23.62930078,21.62030159,21.89224465,20.26058632,,,,,29.5,31.6,39.5,35,30.6,39.4,65.6,88.5,87.5,80.7,80.9,89.8,96.1,92.3,82,68.1,48.5,26.7,22.5,29.2,39.9,55.3,58.7,59.3,69.7,88.7,96,93.4,90,94,104,102.1,91.4,75.6,60.8,53.4,48.4,43.3,41.1,45.1,51.3,62.1,68.9,72,80.2,92.8,94.2,91.8,83.7,83.8,98,112.6,112.4,104.8,89.7,73.8,62.3,57,58.3,56.9,61.8,62.7,63.8,74.4,88,98.8,104.7,101,92.3,86,78.2,60.8,38.9,19.9,20.7,36.6,40.5,62.1,59.2,56.3,51.9,54.9,72.5,91.8,91.3,85.7,,,,,85.3,115.5,125.2,120,107.2,84.9,63.6,47.4,27.7,9.5,29.7,61.3,74.8,84.2,93.1,100.5,102.2,101.8,105.4,113.4,111.5,114.3,109.7,93.3,72.7,55.1,36,15.9,14.4,43.9,66.7,70.4,76.4,86.7,104.2,120.2,122.9,123,126.1,123.9,118.9,113.3,108.7,99,87.2,81.9,69.4,53.5,29,8.3,29.7,51.3,51.9,50.4,55.3,73.5,91.3,112.3,118.8,113.7,115.5,104.6,87.9,70.3,51,34,22.1,24.3,41.7,64.4,85,98.5,102.7,101.3,100.4,105.3,104.6,118.8,102.5,85.8,67.8,36.5,21.1,22.8,14.7,4.4,5935.6,6645.4,69.01860465,77.27209302,115,55,5,5
9,3,A,E,2,20.1,419,46,1,14,46,40,3,1.5,0,0,0,90,1610,17,20,59.4,51.5,30.9,15.6,32.3,56.1,69.1,68.5,51.8,31.6,20.3,36.9,58.5,70.9,66.4,63.8,65.6,57.7,41.8,18.8,,,,,,,,,,,,,,,,,,,,,,,,,,,,,,,,,,,,,,,,,,,,,,,,,,,,,,,,,,,,,,,,,,,,,,,113.3,112.1,94.5,76.2,69,76.9,90.1,103.7,106.5,107.5,103.6,103.8,107,113.4,110.8,107.2,108.9,108.5,101.2,94.6,,,,,,,,,,,,,,,,,,,,,,,,,,,,,,,,,,,,,,,,,,,,,,,,,,,,,,,,,,,,,,,,,,,,,,,TT,O,,2016,3,2,11/13/2003,20.84577114,21.62030159,21.89224465,20.26058632,,,30.9,15.6,32.3,56.1,69.1,68.5,51.8,31.6,20.3,36.9,58.5,70.9,66.4,63.8,65.6,57.7,41.8,18.8,,,,,,,,,,,,,,,,,,,,,,,,,,,,,,,,,,,,,,,,,,,,,,,,,,,,,,,,,,,,,,,,,,,,,,,,,94.5,76.2,69,76.9,90.1,103.7,106.5,107.5,103.6,103.8,107,113.4,110.8,107.2,108.9,108.5,101.2,94.6,,,,,,,,,,,,,,,,,,,,,,,,,,,,,,,,,,,,,,,,,,,,,,,,,,,,,,,,,,,,,,,,,,,,,,,856.6,1783.4,47.58888889,99.07777778,55,115,3,3
7,4,A,E,2,4,74,66,1,25,28,47,-15,1.5,1,0,0,90,1610,17,3,54.1,53.9,31.4,,,,,,,,,,,,,,,,,,,,,,,,,,,,,,,,,,,,,,,,,,,,,,,,,,,,,,,,,,,,,,,,,,,,,,,,,,,,,,,,,,,,,,,,108.6,114.2,100,,,,,,,,,,,,,,,,,,,,,,,,,,,,,,,,,,,,,,,,,,,,,,,,,,,,,,,,,,,,,,,,,,,,,,,,,,,,,,,,,,,,,,,,TT,O,,2016,4,2,11/14/2003,18.5,21.62030159,21.89224465,20.26058632,,,31.4,,,,,,,,,,,,,,,,,,,,,,,,,,,,,,,,,,,,,,,,,,,,,,,,,,,,,,,,,,,,,,,,,,,,,,,,,,,,,,,,,,,,,,,,,,100,,,,,,,,,,,,,,,,,,,,,,,,,,,,,,,,,,,,,,,,,,,,,,,,,,,,,,,,,,,,,,,,,,,,,,,,,,,,,,,,,,,,,,,,31.4,100,31.4,100,55,115,3,3
8,4,A,S,2,53.1,1251,47,13,39,33,28,57,1.5,1,1,0,90,1610,17,53,58.3,60.4,55.5,44.9,29.7,21.7,37.8,64.3,79.4,79,77.4,75.6,76.3,80.7,69.2,46.8,25.6,29.9,51.7,62.8,67.6,68.6,63.8,60.1,54.8,28.9,11.7,26.3,34.7,46.8,50.1,53.4,37.6,20,28.5,52.3,60.7,57.1,50,36.9,30.5,29.8,37.4,49.7,56.4,59,71.5,82.2,81.4,74.3,58.9,43.3,19.7,,,,,,,,,,,,,,,,,,,,,,,,,,,,,,,,,,,,,,110.3,109.5,112.1,116.2,112.5,101.1,85.5,69.6,51,30,14.2,40.9,73.4,91.2,101.2,104.5,105.9,109.3,111.2,102.4,86.8,73.7,50.9,29.8,35.8,59.1,77.6,99.7,107.5,119.4,119.9,118.5,113.4,103.3,93.2,96.5,104.2,114.3,119.6,116.4,115.5,108.7,97.7,81.4,67.6,54.1,21.7,18,27.1,31.8,46.9,67.1,79.5,,,,,,,,,,,,,,,,,,,,,,,,,,,,,,,,,,,,,,TT,O,,2016,5,2,11/14/2003,23.55932203,21.62030159,21.89224465,20.26058632,,,55.5,44.9,29.7,21.7,37.8,64.3,79.4,79,77.4,75.6,76.3,80.7,69.2,46.8,25.6,29.9,51.7,62.8,67.6,68.6,63.8,60.1,54.8,28.9,11.7,26.3,34.7,46.8,50.1,53.4,37.6,20,28.5,52.3,60.7,57.1,50,36.9,30.5,29.8,37.4,49.7,56.4,59,71.5,82.2,81.4,74.3,58.9,43.3,19.7,,,,,,,,,,,,,,,,,,,,,,,,,,,,,,,,,,,,,,,,112.1,116.2,112.5,101.1,85.5,69.6,51,30,14.2,40.9,73.4,91.2,101.2,104.5,105.9,109.3,111.2,102.4,86.8,73.7,50.9,29.8,35.8,59.1,77.6,99.7,107.5,119.4,119.9,118.5,113.4,103.3,93.2,96.5,104.2,114.3,119.6,116.4,115.5,108.7,97.7,81.4,67.6,54.1,21.7,18,27.1,31.8,46.9,67.1,79.5,,,,,,,,,,,,,,,,,,,,,,,,,,,,,,,,,,,,,,2612.3,4188.9,51.22156863,82.13529412,55,115,3,3
9,4,A,N,2,30.7,622,32,10,33,39,28,-19,1.5,0,0,0,90,1610,17,30,110,105.5,98.4,79.3,53.6,28.9,21.1,30,46.7,49.9,53.1,55.2,59,65.7,70.1,70.5,69.4,73.4,82.1,91.7,88.4,84.5,77.6,67.5,51.1,39.5,33,36,45,60.1,,,,,,,,,,,,,,,,,,,,,,,,,,,,,,,,,,,,,,,,,,,,,,,,,,,,,,,,,,,,,58,56.6,54.6,53.5,57.9,75.5,90.6,111.3,123.2,118.4,108.1,91.8,72.1,51.3,38.6,20,18.2,27.9,40.8,54.6,70.9,76.6,86.5,95.7,104.5,112.3,117.5,117.9,113.3,109.5,,,,,,,,,,,,,,,,,,,,,,,,,,,,,,,,,,,,,,,,,,,,,,,,,,,,,,,,,,,,,FS,O,,2016,6,2,11/14/2003,20.26058632,21.62030159,21.89224465,20.26058632,,,,,,28.9,21.1,30,46.7,49.9,53.1,55.2,59,65.7,70.1,70.5,69.4,73.4,82.1,91.7,88.4,84.5,77.6,67.5,51.1,39.5,33,36,45,60.1,,,,,,,,,,,,,,,,,,,,,,,,,,,,,,,,,,,,,,,,,,,,,,,,,,,,,,,,,,,,,,,,,,75.5,90.6,111.3,123.2,118.4,108.1,91.8,72.1,51.3,38.6,20,18.2,27.9,40.8,54.6,70.9,76.6,86.5,95.7,104.5,112.3,117.5,117.9,113.3,109.5,,,,,,,,,,,,,,,,,,,,,,,,,,,,,,,,,,,,,,,,,,,,,,,,,,,,,,,,,,,,,1449.5,2047.1,57.98,81.884,115,55,6,6
13,3,A,W,2,20.5,616,23,29,17,63,20,75,1.5,0,0,0,90,1610,20,20,106,95.1,74.3,60.7,43.3,34.5,38.7,55.4,73.3,91.9,99,104.2,106,101.8,103.6,112.6,101.5,88.9,68.1,33.5,,,,,,,,,,,,,,,,,,,,,,,,,,,,,,,,,,,,,,,,,,,,,,,,,,,,,,,,,,,,,,,,,,,,,,,60.2,72.5,86.4,105.4,119.9,119.3,112.7,99.9,81.5,64.5,49.4,30.2,23,39.1,60.3,61.6,40.8,22.1,21.7,52.2,,,,,,,,,,,,,,,,,,,,,,,,,,,,,,,,,,,,,,,,,,,,,,,,,,,,,,,,,,,,,,,,,,,,,,,TT,O,,2016,1,2,11/13/2003,30.04878049,25.55562199,26.02830991,23.19218241,,,,60.7,43.3,34.5,38.7,55.4,73.3,91.9,99,104.2,106,101.8,103.6,112.6,101.5,88.9,68.1,33.5,,,,,,,,,,,,,,,,,,,,,,,,,,,,,,,,,,,,,,,,,,,,,,,,,,,,,,,,,,,,,,,,,,,,,,,,,,105.4,119.9,119.3,112.7,99.9,81.5,64.5,49.4,30.2,23,39.1,60.3,61.6,40.8,22.1,21.7,52.2,,,,,,,,,,,,,,,,,,,,,,,,,,,,,,,,,,,,,,,,,,,,,,,,,,,,,,,,,,,,,,,,,,,,,,,1317,1103.6,77.47058824,64.91764706,115,55,4,4
14,3,A,N,2,41.3,1071,29,19,44,31,25,-13,1.5,1,0,0,90,1610,20,41,111,107.6,94.4,67.7,34.9,28.9,56.6,67.2,68.9,64.5,62.1,59.6,52.2,39.6,30.7,45.4,59.2,63.9,56.2,40.3,25.6,34.8,55.7,65.4,57.8,32.8,13.4,34.2,53.5,86.2,98,100.3,95.3,86.4,84,90.8,89.9,77.7,64.8,45.7,21.2,,,,,,,,,,,,,,,,,,,,,,,,,,,,,,,,,,,,,,,,,,,,,,,,,,55.1,51.5,50,50.2,60.5,65.4,48,25.4,20.8,46.9,70.4,98.8,116.1,118.1,115.5,121.1,112.2,95.4,74.8,60.6,62.3,78,98.6,114.9,119.5,103.8,77.5,54.8,47.9,44.5,35.4,19.8,15,32.5,61.9,85.4,92,99.9,98.7,99.1,98.2,,,,,,,,,,,,,,,,,,,,,,,,,,,,,,,,,,,,,,,,,,,,,,,,,,TT,O,,2016,2,2,11/13/2003,25.93220339,25.55562199,26.02830991,23.19218241,,,,67.7,34.9,28.9,56.6,67.2,68.9,64.5,62.1,59.6,52.2,39.6,30.7,45.4,59.2,63.9,56.2,40.3,25.6,34.8,55.7,65.4,57.8,32.8,13.4,34.2,53.5,86.2,98,100.3,95.3,86.4,84,90.8,89.9,77.7,64.8,45.7,21.2,,,,,,,,,,,,,,,,,,,,,,,,,,,,,,,,,,,,,,,,,,,,,,,,,,,,,50.2,60.5,65.4,48,25.4,20.8,46.9,70.4,98.8,116.1,118.1,115.5,121.1,112.2,95.4,74.8,60.6,62.3,78,98.6,114.9,119.5,103.8,77.5,54.8,47.9,44.5,35.4,19.8,15,32.5,61.9,85.4,92,99.9,98.7,99.1,98.2,,,,,,,,,,,,,,,,,,,,,,,,,,,,,,,,,,,,,,,,,,,,,,,,,,2211.4,2839.9,58.19473684,74.73421053,115,55,4,4
15,3,A,E,2,39.3,879,35,26,25,45,30,72,1.5,1,0,0,90,1610,20,39,66.9,64.3,60.5,66.4,87.2,102.2,104.5,92,78.8,71,68.6,93.6,116.3,122.8,123.7,123,117.3,113.8,104,90.1,72.8,52.4,37.3,37.5,39.3,38.7,40.7,49.9,58.6,63.1,57.9,44,29.2,24.8,33.8,49.2,53.6,33.8,11,,,,,,,,,,,,,,,,,,,,,,,,,,,,,,,,,,,,,,,,,,,,,,,,,,,,109,94.3,73.2,41.9,33.4,52.2,67.3,71.8,62.5,46,21.6,29.5,43.4,41.7,39.2,38.8,37.2,41.6,50.3,62.7,79.1,97.1,111.3,121.9,124.7,123.3,120.1,120.2,109.9,97,78.9,63.5,59.2,71.4,88.9,111,123.2,112.8,93.3,,,,,,,,,,,,,,,,,,,,,,,,,,,,,,,,,,,,,,,,,,,,,,,,,,,,TT,O,,2016,3,2,11/13/2003,22.36641221,25.55562199,26.02830991,23.19218241,,64.3,60.5,66.4,87.2,102.2,104.5,92,78.8,71,68.6,93.6,116.3,122.8,123.7,123,117.3,113.8,104,90.1,72.8,52.4,37.3,37.5,39.3,38.7,40.7,49.9,58.6,63.1,57.9,44,29.2,24.8,33.8,49.2,53.6,33.8,11,,,,,,,,,,,,,,,,,,,,,,,,,,,,,,,,,,,,,,,,,,,,,,,,,,,,,94.3,73.2,41.9,33.4,52.2,67.3,71.8,62.5,46,21.6,29.5,43.4,41.7,39.2,38.8,37.2,41.6,50.3,62.7,79.1,97.1,111.3,121.9,124.7,123.3,120.1,120.2,109.9,97,78.9,63.5,59.2,71.4,88.9,111,123.2,112.8,93.3,,,,,,,,,,,,,,,,,,,,,,,,,,,,,,,,,,,,,,,,,,,,,,,,,,,,2627.7,2855.4,69.15,75.14210526,55,115,2,2
13,4,A,E,2,32.6,838,20,34,40,48,12,76,1.5,1,0,0,90,1610,20,32,66.9,66.4,68.6,69.4,63.2,88.1,102.6,100.7,94.9,73.6,48.2,26.1,29.3,40,50.4,55.8,45.5,40.4,31.9,49.8,59.1,66.9,86.7,105.9,110,112.2,122,118.8,115,95.8,68.8,35.3,,,,,,,,,,,,,,,,,,,,,,,,,,,,,,,,,,,,,,,,,,,,,,,,,,,,,,,,,,,110.6,92.5,70.7,56,30.6,20.6,21,16.2,17.6,31.2,56.3,83.7,111.5,123.7,111.4,92.6,79.2,76.1,90.2,104,91.6,72.3,63.5,59.7,46.4,33.9,39.3,37.2,41.6,35.1,30.2,52.2,,,,,,,,,,,,,,,,,,,,,,,,,,,,,,,,,,,,,,,,,,,,,,,,,,,,,,,,,,,TT,O,,2016,4,2,11/14/2003,25.70552147,25.55562199,26.02830991,23.19218241,,66.4,68.6,69.4,63.2,88.1,102.6,100.7,94.9,73.6,48.2,26.1,29.3,40,50.4,55.8,45.5,40.4,31.9,49.8,59.1,66.9,86.7,105.9,110,112.2,122,118.8,115,95.8,68.8,35.3,,,,,,,,,,,,,,,,,,,,,,,,,,,,,,,,,,,,,,,,,,,,,,,,,,,,,,,,,,,,92.5,70.7,56,30.6,20.6,21,16.2,17.6,31.2,56.3,83.7,111.5,123.7,111.4,92.6,79.2,76.1,90.2,104,91.6,72.3,63.5,59.7,46.4,33.9,39.3,37.2,41.6,35.1,30.2,52.2,,,,,,,,,,,,,,,,,,,,,,,,,,,,,,,,,,,,,,,,,,,,,,,,,,,,,,,,,,,2241.4,1888.1,72.30322581,60.90645161,55,115,2,2
14,4,A,S,2,51.9,1354,34,9,34,41,25,47,1.5,1,2,0,90,1610,20,51,53.2,35.3,17.3,16.6,41.8,69.7,87,87.5,77.1,57.9,32.1,31.3,55,73,96.1,112.6,109.9,98.1,81.5,59.2,30.3,13.7,34.5,43,47,57.4,68.5,68.5,42.1,19.4,24.9,51.1,66,71.9,78.8,94,105.2,104.6,94.1,82,58.1,30,17.1,48.7,80.9,98.1,99.1,90,75.6,61.5,32,,,,,,,,,,,,,,,,,,,,,,,,,,,,,,,,,,,,,,,,112,109.6,101,88.5,83.3,85,91.3,96,103.1,98.7,85.4,56.5,42.1,45.4,67.8,68.2,49.9,27.4,10.4,27.5,62,91.8,120,126.9,114,103.6,101.5,103.7,101.2,98.6,103.8,111.3,104,84,60.6,43.3,53.7,62.4,68.8,70.3,70.3,70.9,75.2,85.4,90.6,87.9,71.2,48.6,31.7,31,53.9,,,,,,,,,,,,,,,,,,,,,,,,,,,,,,,,,,,,,,,,TT,O,,2016,5,2,11/14/2003,26.08863199,25.55562199,26.02830991,23.19218241,,35.3,17.3,16.6,41.8,69.7,87,87.5,77.1,57.9,32.1,31.3,55,73,96.1,112.6,109.9,98.1,81.5,59.2,30.3,13.7,34.5,43,47,57.4,68.5,68.5,42.1,19.4,24.9,51.1,66,71.9,78.8,94,105.2,104.6,94.1,82,58.1,30,17.1,48.7,80.9,98.1,99.1,90,75.6,61.5,32,,,,,,,,,,,,,,,,,,,,,,,,,,,,,,,,,,,,,,,,,109.6,101,88.5,83.3,85,91.3,96,103.1,98.7,85.4,56.5,42.1,45.4,67.8,68.2,49.9,27.4,10.4,27.5,62,91.8,120,126.9,114,103.6,101.5,103.7,101.2,98.6,103.8,111.3,104,84,60.6,43.3,53.7,62.4,68.8,70.3,70.3,70.9,75.2,85.4,90.6,87.9,71.2,48.6,31.7,31,53.9,,,,,,,,,,,,,,,,,,,,,,,,,,,,,,,,,,,,,,,,3127.1,3839.3,62.542,76.786,55,115,2,2
15,4,A,N,2,30.7,712,25,23,55,29,16,62,1.5,2,1,0,90,1610,20,30,112.7,109.2,98.8,80.2,59.7,55,68.6,79.8,77.9,64.1,42.5,17.8,10.3,38.2,46.5,45.5,44.4,49.4,61.6,74.5,79.2,77.1,71.3,68.3,87.8,83.4,74.1,60,31.8,17.4,,,,,,,,,,,,,,,,,,,,,,,,,,,,,,,,,,,,,,,,,,,,,,,,,,,,,,,,,,,,,45.6,34.3,16.1,10.4,42.3,78.4,104.5,100.4,86.5,70.8,64.7,75,95,122.5,126.2,117,100.8,81,60,43,30.7,15.4,20.1,44.9,55.5,43.7,36.4,37.8,58.6,84.2,,,,,,,,,,,,,,,,,,,,,,,,,,,,,,,,,,,,,,,,,,,,,,,,,,,,,,,,,,,,,FS,O,,2016,6,2,11/14/2003,23.19218241,25.55562199,26.02830991,23.19218241,,,,,59.7,55,68.6,79.8,77.9,64.1,42.5,17.8,10.3,38.2,46.5,45.5,44.4,49.4,61.6,74.5,79.2,77.1,71.3,68.3,87.8,83.4,74.1,60,31.8,17.4,,,,,,,,,,,,,,,,,,,,,,,,,,,,,,,,,,,,,,,,,,,,,,,,,,,,,,,,,,,,,,,,,42.3,78.4,104.5,100.4,86.5,70.8,64.7,75,95,122.5,126.2,117,100.8,81,60,43,30.7,15.4,20.1,44.9,55.5,43.7,36.4,37.8,58.6,84.2,,,,,,,,,,,,,,,,,,,,,,,,,,,,,,,,,,,,,,,,,,,,,,,,,,,,,,,,,,,,,1486.2,1795.4,57.16153846,69.05384615,115,55,5,5
16,3,A,W,2,90.1,360,0,0,84,12,4,2,1.5,0,0,0,90,1610,23,90,114.4,114.3,111.8,109.7,103.7,96.5,92.4,91.6,90.2,89.6,89.1,88.3,88.1,87.3,87.2,86.4,86.1,85.7,85.4,85,84.6,84.7,84.1,83.9,83.8,83.7,84.1,83.3,83.6,83,82.9,82.5,82.5,82.9,83,83.2,83.2,83.2,83.2,84.2,83.5,82.7,82.4,81.9,81.5,81.3,80.3,80.1,79.3,79.1,78.5,78.3,77.8,77.6,77.2,76.7,76.7,75.9,75.8,75.3,74.9,74.5,74.1,73.6,72.9,72.6,72.1,71.4,71.3,70.9,70.6,70.4,70.1,69.5,69.2,69.3,68.7,68.1,67.8,67.5,67.9,67.5,67.3,66.4,66.4,66.1,66.1,66,66.1,65.8,60.5,61.4,60.8,60.4,57,52.7,50.2,50.1,49.4,49.3,49.2,48.8,48.7,48.7,48.7,48.4,48.3,48.1,48.4,48.2,48.2,48.5,48.8,48.2,48.5,49.2,49.9,49.1,49.6,48.7,48.8,49,49.3,49.7,50.3,50.4,50.9,51.6,51.7,52,52.1,52.4,52.8,53.5,52.5,53.3,54.2,53.8,54.6,53.9,55.4,54.2,55,55.7,56.3,55.9,56.6,56.6,57,57.1,57.2,58.5,57.9,58.8,58.9,59.5,59.3,59.5,59.9,60,60.5,60.4,60.5,60.7,60.7,61.1,61,61.1,61,61.2,61.6,61.6,61.7,61.6,61.9,61.8,61.9,62.1,62.3,62.3,TT,O,,2016,1,2,11/13/2003,3.995560488,9.826131178,9.192008879,12.99674267,,,,,,,,,,,,,88.1,87.3,87.2,86.4,86.1,85.7,85.4,85,84.6,84.7,84.1,83.9,83.8,83.7,84.1,83.3,83.6,83,82.9,82.5,82.5,82.9,83,83.2,83.2,83.2,83.2,84.2,83.5,82.7,82.4,81.9,81.5,81.3,80.3,80.1,79.3,79.1,78.5,78.3,77.8,77.6,77.2,76.7,76.7,75.9,75.8,75.3,74.9,74.5,74.1,73.6,72.9,72.6,72.1,71.4,71.3,70.9,70.6,70.4,70.1,69.5,69.2,69.3,68.7,68.1,67.8,67.5,67.9,67.5,67.3,66.4,66.4,66.1,66.1,66,66.1,65.8,,,,,,,,,,,,,48.7,48.7,48.7,48.4,48.3,48.1,48.4,48.2,48.2,48.5,48.8,48.2,48.5,49.2,49.9,49.1,49.6,48.7,48.8,49,49.3,49.7,50.3,50.4,50.9,51.6,51.7,52,52.1,52.4,52.8,53.5,52.5,53.3,54.2,53.8,54.6,53.9,55.4,54.2,55,55.7,56.3,55.9,56.6,56.6,57,57.1,57.2,58.5,57.9,58.8,58.9,59.5,59.3,59.5,59.9,60,60.5,60.4,60.5,60.7,60.7,61.1,61,61.1,61,61.2,61.6,61.6,61.7,61.6,61.9,61.8,61.9,62.1,62.3,62.3,6027.8,4289.3,77.27948718,54.99102564,115,55,13,13
17,3,A,N,2,90.1,1025,40,40,30,31,39,87,1.5,0,3,0,90,1610,23,90,111.1,111.7,114.4,116.5,118.7,115.8,115,109.4,100.5,91.7,81.1,73.1,60.7,39.8,21,15.8,27.9,40.4,44.9,43.6,43.3,42.6,42.6,43.1,43.1,42.6,43.1,43.7,43.1,44.3,44.5,44,44.8,45.3,45.5,46,46,46.3,46.5,47,47.2,47.6,47.9,47.9,47.1,47.7,47.1,47.7,30.7,26.2,40.9,63.5,86.7,107.6,110.4,113.9,115.3,115.3,115.3,111.6,102,99.9,96.9,92.4,89.4,87.4,70,54.6,46.7,43.4,39.1,37.4,36.6,40.4,48.4,62.2,74.3,84.6,92.8,96.3,95.8,99.8,97.6,94.2,109.5,120.6,116.4,115.6,117.4,115.6,56.9,49.5,43.5,39.9,36.7,35.1,32.7,26.1,16.9,7.7,4.8,13.3,26.6,46.1,66.2,86,106.4,123.4,127.6,126.2,125.8,124.9,124.7,124.7,124.4,123.8,123.9,124.1,123.5,124.1,124,123.5,123.9,124.1,124,124.3,124.1,124.2,124.1,124.3,124.4,124.7,124.8,124.7,123.9,124.3,123.8,124.4,106.7,85.2,67.1,53.2,49.3,58.2,58.7,53.1,46.8,43.8,36.6,29.7,17.2,21.4,33.9,50,64.9,78.3,83.1,78.6,72.7,67,63.3,59.1,55.6,48.8,37.7,28.6,27.1,28.7,26.3,26.5,32.6,26.3,15.7,10.6,34.3,48.4,45.2,46.3,53.9,60.6,TT,O,,2016,2,2,11/13/2003,11.37624861,9.826131178,9.192008879,12.99674267,,,,,,,,,,,,,60.7,39.8,21,15.8,27.9,40.4,44.9,43.6,43.3,42.6,42.6,43.1,43.1,42.6,43.1,43.7,43.1,44.3,44.5,44,44.8,45.3,45.5,46,46,46.3,46.5,47,47.2,47.6,47.9,47.9,47.1,47.7,47.1,47.7,30.7,26.2,40.9,63.5,86.7,107.6,110.4,113.9,115.3,115.3,115.3,111.6,102,99.9,96.9,92.4,89.4,87.4,70,54.6,46.7,43.4,39.1,37.4,36.6,40.4,48.4,62.2,74.3,84.6,92.8,96.3,95.8,99.8,97.6,94.2,109.5,120.6,116.4,115.6,117.4,115.6,,,,,,,,,,,,,26.6,46.1,66.2,86,106.4,123.4,127.6,126.2,125.8,124.9,124.7,124.7,124.4,123.8,123.9,124.1,123.5,124.1,124,123.5,123.9,124.1,124,124.3,124.1,124.2,124.1,124.3,124.4,124.7,124.8,124.7,123.9,124.3,123.8,124.4,106.7,85.2,67.1,53.2,49.3,58.2,58.7,53.1,46.8,43.8,36.6,29.7,17.2,21.4,33.9,50,64.9,78.3,83.1,78.6,72.7,67,63.3,59.1,55.6,48.8,37.7,28.6,27.1,28.7,26.3,26.5,32.6,26.3,15.7,10.6,34.3,48.4,45.2,46.3,53.9,60.6,5076.4,6219,65.08205128,79.73076923,115,55,13,13
18,3,A,E,2,90.1,1370,25,27,13,47,40,72,1.5,0,2,0,90,1610,23,90,64.5,61,55.1,49.1,49.3,59.3,77.3,96,117.3,121.1,121.2,120.9,118.1,117.2,116.4,116.2,115.8,115.7,115.7,115.7,115.6,115.3,118.7,114.7,113.6,112.1,104.5,95.2,89.6,87.2,90.6,98.9,107.9,105.8,103.4,92.5,79.5,71.8,69,67.8,64.9,53,34.1,18.3,20,36.8,58,71.3,78.1,84.5,80.7,86.9,85.8,75.3,92.3,92.6,87.7,82.9,81.9,85.8,94.2,103.9,110.4,109.8,107.3,104.8,93.6,79.5,66.7,54.7,39.3,23.9,21.3,32.4,48.5,52,52,48.2,45.7,41.3,33.1,30,33.7,32.7,35.9,32.7,45.1,47.1,51.2,57.8,115.7,102.6,89.6,72,49.9,28,17,29.9,50,54.2,55,54.7,52,51.6,51.5,52.4,52.7,53.1,54,54.8,55.6,56.2,60.8,59.3,58.7,57.7,48.9,36.7,20.7,6.1,23.7,46.8,66.6,64.9,65.4,73.6,84.3,100,110.4,110.9,117.2,117.6,110.3,102.4,94.5,89.1,86.3,88.7,89.9,90.4,87.1,91.2,88.2,77.4,78.8,66.5,51.3,32,10.6,13.1,34.6,52.1,62.5,61.9,59.1,64.3,69,75.3,87.2,98.1,101.1,100.6,105.2,107.2,115.5,115.5,117.1,120.3,121.1,119.2,116,115.4,118.3,116.8,119,113.9,119.8,112.3,104.4,97.6,TT,O,,2016,3,2,11/13/2003,15.20532741,9.826131178,9.192008879,12.99674267,,,,,,59.3,77.3,96,117.3,121.1,121.2,120.9,118.1,117.2,116.4,116.2,115.8,115.7,115.7,115.7,115.6,115.3,118.7,114.7,113.6,112.1,104.5,95.2,89.6,87.2,90.6,98.9,107.9,105.8,103.4,92.5,79.5,71.8,69,67.8,64.9,53,34.1,18.3,20,36.8,58,71.3,78.1,84.5,80.7,86.9,85.8,75.3,92.3,92.6,87.7,82.9,81.9,85.8,94.2,103.9,110.4,109.8,107.3,104.8,93.6,79.5,66.7,54.7,39.3,23.9,21.3,32.4,48.5,52,52,48.2,45.7,41.3,33.1,30,33.7,32.7,35.9,32.7,45.1,47.1,51.2,57.8,,,,,,28,17,29.9,50,54.2,55,54.7,52,51.6,51.5,52.4,52.7,53.1,54,54.8,55.6,56.2,60.8,59.3,58.7,57.7,48.9,36.7,20.7,6.1,23.7,46.8,66.6,64.9,65.4,73.6,84.3,100,110.4,110.9,117.2,117.6,110.3,102.4,94.5,89.1,86.3,88.7,89.9,90.4,87.1,91.2,88.2,77.4,78.8,66.5,51.3,32,10.6,13.1,34.6,52.1,62.5,61.9,59.1,64.3,69,75.3,87.2,98.1,101.1,100.6,105.2,107.2,115.5,115.5,117.1,120.3,121.1,119.2,116,115.4,118.3,116.8,119,113.9,119.8,112.3,104.4,97.6,6697.3,6421.2,78.79176471,75.54352941,55,115,6,6
16,4,A,E,2,90.1,341,0,58,91,7,2,35,1.5,0,0,0,90,1610,23,90,50.5,48.1,44.9,42,40.3,39.1,37.6,36.2,34,33.2,32.9,33,32.6,32.4,32.2,32.2,32.3,32.5,32.9,33.2,33.5,34,34.3,34.6,35.2,35.6,36,36.6,37.2,37.6,38.4,39,39.9,40.5,41.3,41.9,42.5,43.3,44.1,44.6,45.2,45.8,46.4,46.9,47.9,48.7,49.4,49.3,50.2,50.7,51.7,52.4,52.9,53.8,54.4,55.1,55.9,56.3,57.1,57.6,58.3,59.2,59.6,60.1,60.8,61.7,61.4,61.3,59.9,63.3,63.4,64.8,65.2,65.2,66.7,66.5,66.6,66.8,67.7,67.9,68.6,69.3,68.7,68.9,69.3,70.6,70.8,71.5,71.9,72,105.3,102.4,98.8,95,92.6,90.7,88.3,85.7,81.1,78.7,76.9,75.9,73.8,72.1,70.7,69.1,67.5,66.3,65.1,63.8,62,60.8,59.6,58.5,57.5,55.9,55.4,54.1,53.2,52.1,50.7,49.8,48.3,47.9,46.7,45.9,45,43.8,42.8,42.3,41.5,40.8,39.9,39.3,38.2,37.2,36.4,36.5,35.5,35,33.9,33.3,32.7,31.8,31.3,30.7,29.9,29.5,28.7,28.4,27.8,27.1,26.8,26.5,26,25.3,25.7,25.9,26.9,25.2,25.2,24.6,24.3,24.4,23.9,24.1,24,24.2,24.1,24.1,24.1,24,24.1,24.1,24.1,24.6,24.7,24.7,24.8,25.1,TT,O,,2016,4,2,11/14/2003,3.784683685,9.826131178,9.192008879,12.99674267,,,,,,39.1,37.6,36.2,34,33.2,32.9,33,32.6,32.4,32.2,32.2,32.3,32.5,32.9,33.2,33.5,34,34.3,34.6,35.2,35.6,36,36.6,37.2,37.6,38.4,39,39.9,40.5,41.3,41.9,42.5,43.3,44.1,44.6,45.2,45.8,46.4,46.9,47.9,48.7,49.4,49.3,50.2,50.7,51.7,52.4,52.9,53.8,54.4,55.1,55.9,56.3,57.1,57.6,58.3,59.2,59.6,60.1,60.8,61.7,61.4,61.3,59.9,63.3,63.4,64.8,65.2,65.2,66.7,66.5,66.6,66.8,67.7,67.9,68.6,69.3,68.7,68.9,69.3,70.6,70.8,71.5,71.9,72,,,,,,90.7,88.3,85.7,81.1,78.7,76.9,75.9,73.8,72.1,70.7,69.1,67.5,66.3,65.1,63.8,62,60.8,59.6,58.5,57.5,55.9,55.4,54.1,53.2,52.1,50.7,49.8,48.3,47.9,46.7,45.9,45,43.8,42.8,42.3,41.5,40.8,39.9,39.3,38.2,37.2,36.4,36.5,35.5,35,33.9,33.3,32.7,31.8,31.3,30.7,29.9,29.5,28.7,28.4,27.8,27.1,26.8,26.5,26,25.3,25.7,25.9,26.9,25.2,25.2,24.6,24.3,24.4,23.9,24.1,24,24.2,24.1,24.1,24.1,24,24.1,24.1,24.1,24.6,24.7,24.7,24.8,25.1,4272.1,3598.9,50.26,42.34,55,115,6,6
17,4,A,S,2,90.1,1045,11,42,39,46,15,-6,1.5,0,1,0,90,1610,23,90,54.8,55.6,56.1,56.8,56.8,58.5,59.3,45,28.4,14.6,18.1,35.1,53.6,68,79.9,86.5,89.9,93.3,85.1,73.5,68.8,77,90.2,94.7,98.2,95.3,86.1,77.1,63.4,52.9,45.9,46.2,43.5,44.7,63.6,90.2,109.8,108.8,104.7,95.8,85.3,77.4,67.9,61.1,57.3,66.4,81.2,93.2,103.7,108.8,106,107.1,105.4,103.2,100.7,98.6,93.9,91.4,101.9,112.5,111.8,110.7,109.8,109.1,107.9,106.7,103.7,104,99.9,92.1,86.1,82,77.7,71.2,72.4,85.9,101.4,117.2,118.9,119,120.5,122.6,116.1,115.6,116.5,115.6,114.5,113.9,111.3,117,107.9,109,109.9,110.9,111.5,111.7,106.3,98.3,92,81.2,68.9,59.6,44.8,34.2,32.7,44,50.7,49.5,55.3,55.5,38.7,17.8,15.3,24.8,26,28.9,29.6,36.3,40.7,44.5,43.1,40.2,43.1,51.1,57,65.3,73.9,75.3,75.2,66.8,60.2,50.9,40,29.4,29.6,29.8,30.5,42.1,59.2,66.5,59.8,59.4,63.3,66,66.3,67.1,66.7,52.6,51.1,57.1,56.5,55.1,54.1,53,51.9,50.5,47.4,41.6,42.4,39.7,37.2,36.5,35.6,37.9,22.6,5.5,15.9,31.8,33.5,33.7,35.4,39,33.5,33.3,36.6,38.9,40.5,42.3,41.8,50.1,TT,O,,2016,5,2,11/14/2003,11.5982242,9.826131178,9.192008879,12.99674267,,,,,,58.5,59.3,45,28.4,14.6,18.1,35.1,53.6,68,79.9,86.5,89.9,93.3,85.1,73.5,68.8,77,90.2,94.7,98.2,95.3,86.1,77.1,63.4,52.9,45.9,46.2,43.5,44.7,63.6,90.2,109.8,108.8,104.7,95.8,85.3,77.4,67.9,61.1,57.3,66.4,81.2,93.2,103.7,108.8,106,107.1,105.4,103.2,100.7,98.6,93.9,91.4,101.9,112.5,111.8,110.7,109.8,109.1,107.9,106.7,103.7,104,99.9,92.1,86.1,82,77.7,71.2,72.4,85.9,101.4,117.2,118.9,119,120.5,122.6,116.1,115.6,116.5,115.6,114.5,113.9,111.3,117,,,,,,111.7,106.3,98.3,92,81.2,68.9,59.6,44.8,34.2,32.7,44,50.7,49.5,55.3,55.5,38.7,17.8,15.3,24.8,26,28.9,29.6,36.3,40.7,44.5,43.1,40.2,43.1,51.1,57,65.3,73.9,75.3,75.2,66.8,60.2,50.9,40,29.4,29.6,29.8,30.5,42.1,59.2,66.5,59.8,59.4,63.3,66,66.3,67.1,66.7,52.6,51.1,57.1,56.5,55.1,54.1,53,51.9,50.5,47.4,41.6,42.4,39.7,37.2,36.5,35.6,37.9,22.6,5.5,15.9,31.8,33.5,33.7,35.4,39,33.5,33.3,36.6,38.9,40.5,42.3,41.8,50.1,7419.8,4099.7,87.29176471,48.23176471,55,115,6,6
18,4,A,N,2,30.7,399,0,27,12,34,54,66,1.5,0,2,0,90,1610,23,30,113.7,111,108.9,102.3,96.7,89.6,87.8,87.3,100.6,115.2,112,111.6,110.9,107.2,103.7,102.7,100.3,98.6,98.7,97.2,96.5,94.2,90.6,87,82.3,78.5,80.2,77,76.2,79.1,,,,,,,,,,,,,,,,,,,,,,,,,,,,,,,,,,,,,,,,,,,,,,,,,,,,,,,,,,,,,54.2,47.6,42.8,31.1,20.3,6.7,6.6,21.5,46,61.9,59.7,62.3,70,76.4,77,77.5,71.5,77.5,83.2,86.1,85.7,90.8,92.5,93,92,89.9,95.4,93,94.4,97.9,,,,,,,,,,,,,,,,,,,,,,,,,,,,,,,,,,,,,,,,,,,,,,,,,,,,,,,,,,,,,FS,O,,2016,6,2,11/14/2003,12.99674267,9.826131178,9.192008879,12.99674267,,,,,,,,,100.6,115.2,112,111.6,110.9,107.2,103.7,102.7,100.3,98.6,98.7,97.2,96.5,94.2,90.6,87,82.3,78.5,80.2,77,76.2,79.1,,,,,,,,,,,,,,,,,,,,,,,,,,,,,,,,,,,,,,,,,,,,,,,,,,,,,,,,,,,,,,,,,,,,,46,61.9,59.7,62.3,70,76.4,77,77.5,71.5,77.5,83.2,86.1,85.7,90.8,92.5,93,92,89.9,95.4,93,94.4,97.9,,,,,,,,,,,,,,,,,,,,,,,,,,,,,,,,,,,,,,,,,,,,,,,,,,,,,,,,,,,,,2100.3,1773.7,95.46818182,80.62272727,115,55,9,9
19,3,A,W,2,21.2,439,9,37,23,42,35,45,1.5,1,2,0,90,1610,25,21,111.3,115.8,109.8,103,75.9,56.6,58.3,79,103.6,119.7,122.3,122.6,119.9,116.6,111.9,108.3,104.9,94.7,70.8,40.2,14.8,,,,,,,,,,,,,,,,,,,,,,,,,,,,,,,,,,,,,,,,,,,,,,,,,,,,,,,,,,,,,,,,,,,,,,62.9,67.7,68.5,71,62.5,47.8,29,11.8,20.2,34.3,36.9,39.2,42,48.7,60.8,74,80.4,87.1,90.5,92.4,89.7,,,,,,,,,,,,,,,,,,,,,,,,,,,,,,,,,,,,,,,,,,,,,,,,,,,,,,,,,,,,,,,,,,,,,,TT,O,,2016,1,2,11/13/2003,20.70754717,17.30132389,16.89884357,19.31372549,,,,,,,58.3,79,103.6,119.7,122.3,122.6,119.9,116.6,111.9,108.3,104.9,94.7,70.8,40.2,14.8,,,,,,,,,,,,,,,,,,,,,,,,,,,,,,,,,,,,,,,,,,,,,,,,,,,,,,,,,,,,,,,,,,,,,,,,,,,,29,11.8,20.2,34.3,36.9,39.2,42,48.7,60.8,74,80.4,87.1,90.5,92.4,89.7,,,,,,,,,,,,,,,,,,,,,,,,,,,,,,,,,,,,,,,,,,,,,,,,,,,,,,,,,,,,,,,,,,,,,,1387.6,837,92.50666667,55.8,115,55,7,7
20,3,A,N,2,7.4,159,13,74,57,42,1,63,1.5,2,1,0,90,1610,25,7,112.3,109,105.5,94,77.3,55.7,27.4,,,,,,,,,,,,,,,,,,,,,,,,,,,,,,,,,,,,,,,,,,,,,,,,,,,,,,,,,,,,,,,,,,,,,,,,,,,,,,,,,,,,49.7,45.7,33.2,14.2,10,34.9,63.9,,,,,,,,,,,,,,,,,,,,,,,,,,,,,,,,,,,,,,,,,,,,,,,,,,,,,,,,,,,,,,,,,,,,,,,,,,,,,,,,,,,,TT,O,,2016,2,2,11/13/2003,21.48648649,17.30132389,16.89884357,19.31372549,,,,,,,,,,,,,,,,,,,,,,,,,,,,,,,,,,,,,,,,,,,,,,,,,,,,,,,,,,,,,,,,,,,,,,,,,,,,,,,,,,,,,,,,,,,,,,,,,,,,,,,,,,,,,,,,,,,,,,,,,,,,,,,,,,,,,,,,,,,,,,,,,,,,,,,,,,,,,,,,,,,,,,,,,,,,,,,,,,,,,0,0,0,0,115,55,7,7
21,3,A,E,2,90.1,1176,7,73,1,44,55,83,1.5,0,0,0,90,1610,25,90,67.3,67.7,70.5,78.3,92,105.9,113.6,119.7,121.7,117.9,113.7,109.9,104.7,95.9,86.6,77.2,56.1,44.4,39.8,43,43.4,46.2,52.2,61.7,71.7,76,82.7,92,101.4,105.6,109.3,115.9,118.8,120.2,119.8,119.8,119.5,122.3,121,118,118.7,116.5,111.7,98.3,103.6,117,120.2,119.6,118,117.6,116.4,115.9,117.3,122.4,121.4,118.2,117.8,116.7,116.4,120.9,120.9,116.7,115.3,115.1,116.9,114.7,113.4,117.5,120.9,120.6,120.8,120.3,121,121.3,121.3,120.9,121.7,121.4,120.4,120.7,120.8,121.5,120.4,121,120.7,120.1,121,119.8,121.6,121.6,114.9,104.1,88.8,70.8,52.6,42,35.8,35.3,43.6,54.2,67.1,73.6,81.8,90.4,95.4,102.2,108.1,112.2,119,128,127.7,125.5,122.2,119.6,116.8,107.4,97.5,87.8,78.2,65.8,54.5,48,43.5,40.4,39.5,39.1,37.8,39,36.6,33.6,33.4,31.9,28.4,13.6,22.2,35.6,37,35.2,33.3,32.3,30.9,30.6,32.9,40.6,40.4,36.8,37.5,37.1,37.9,46.3,47.8,42.9,41.3,43.1,49.6,46.1,45.6,52,56.3,56.4,56.7,55.8,56.5,56.7,56.6,55.9,56.5,56,54.6,54.9,55,55.7,54.6,55.5,55.1,54.5,55.9,54.7,56.3,56.2,TT,O,,2016,3,2,11/13/2003,13.05216426,17.30132389,16.89884357,19.31372549,,,70.5,78.3,92,105.9,113.6,119.7,121.7,117.9,113.7,109.9,104.7,95.9,86.6,77.2,56.1,44.4,39.8,43,43.4,46.2,52.2,61.7,71.7,76,82.7,92,101.4,105.6,109.3,115.9,118.8,120.2,119.8,119.8,119.5,122.3,121,118,118.7,116.5,111.7,98.3,103.6,117,120.2,119.6,118,117.6,116.4,115.9,117.3,122.4,121.4,118.2,117.8,116.7,116.4,120.9,120.9,116.7,115.3,115.1,116.9,114.7,113.4,117.5,120.9,120.6,120.8,120.3,121,121.3,121.3,120.9,121.7,121.4,120.4,120.7,120.8,121.5,120.4,121,120.7,120.1,121,119.8,121.6,121.6,,,88.8,70.8,52.6,42,35.8,35.3,43.6,54.2,67.1,73.6,81.8,90.4,95.4,102.2,108.1,112.2,119,128,127.7,125.5,122.2,119.6,116.8,107.4,97.5,87.8,78.2,65.8,54.5,48,43.5,40.4,39.5,39.1,37.8,39,36.6,33.6,33.4,31.9,28.4,13.6,22.2,35.6,37,35.2,33.3,32.3,30.9,30.6,32.9,40.6,40.4,36.8,37.5,37.1,37.9,46.3,47.8,42.9,41.3,43.1,49.6,46.1,45.6,52,56.3,56.4,56.7,55.8,56.5,56.7,56.6,55.9,56.5,56,54.6,54.9,55,55.7,54.6,55.5,55.1,54.5,55.9,54.7,56.3,56.2,9423.3,5130.1,107.0829546,58.29659091,55,115,3,3
19,4,A,E,2,90.1,1219,8,51,16,54,30,178,1.5,0,0,0,90,1610,25,90,53.2,52.9,53.4,53.5,54,56.1,58,59.5,59.6,59.4,59.2,58.8,66,72,74.6,80.4,91,108.2,118.2,117.1,118.5,116.5,115.2,115,109.8,110.8,118.4,118.2,116.6,114.6,114.9,115.9,103.4,85.6,70.4,61.4,68.9,85.5,101.3,114.5,115.3,116.4,115.9,115.3,114.2,113.7,112.7,112.1,111.7,111.1,110.7,109.9,109.3,108.9,110.5,116.4,115.6,111.4,104.3,88.9,67,41.7,19.6,19.6,39.4,47.8,50.6,56.2,68,74.3,72.4,66.5,63.3,54.8,41.5,30.2,32,47.8,65.7,72.6,76.7,67.6,58.9,66.1,83.2,104.4,120.6,121.4,122.1,120.1,108.1,107.2,107.8,107.8,108.2,110.4,112.5,114.1,113.8,113.5,113.2,113,117.7,109.3,91.9,72.3,53.7,47.2,47.3,43.3,38.5,35.1,32.7,29.8,24.3,27.5,38.8,38.7,36.7,34.8,36,43.1,38.4,22.7,17.9,32.6,49.4,56.1,53.9,54.5,50,47.3,45.8,44.8,43.9,43.7,43.6,43.5,43.9,44,44.6,44.9,45.1,45.2,46.3,48.6,45.4,38.2,26.7,16.9,25.3,48.1,74,99.7,122,127.5,122.8,116.7,114.9,115,110.2,96.9,92.8,80.2,67.2,59.1,60.8,73.6,90.9,105.2,104.1,100.1,82.7,64.3,50.4,47.7,56.2,56.1,49.7,40,TT,O,,2016,4,2,11/14/2003,13.52941177,17.30132389,16.89884357,19.31372549,,,53.4,53.5,54,56.1,58,59.5,59.6,59.4,59.2,58.8,66,72,74.6,80.4,91,108.2,118.2,117.1,118.5,116.5,115.2,115,109.8,110.8,118.4,118.2,116.6,114.6,114.9,115.9,103.4,85.6,70.4,61.4,68.9,85.5,101.3,114.5,115.3,116.4,115.9,115.3,114.2,113.7,112.7,112.1,111.7,111.1,110.7,109.9,109.3,108.9,110.5,116.4,115.6,111.4,104.3,88.9,67,41.7,19.6,19.6,39.4,47.8,50.6,56.2,68,74.3,72.4,66.5,63.3,54.8,41.5,30.2,32,47.8,65.7,72.6,76.7,67.6,58.9,66.1,83.2,104.4,120.6,121.4,122.1,120.1,,,107.8,107.8,108.2,110.4,112.5,114.1,113.8,113.5,113.2,113,117.7,109.3,91.9,72.3,53.7,47.2,47.3,43.3,38.5,35.1,32.7,29.8,24.3,27.5,38.8,38.7,36.7,34.8,36,43.1,38.4,22.7,17.9,32.6,49.4,56.1,53.9,54.5,50,47.3,45.8,44.8,43.9,43.7,43.6,43.5,43.9,44,44.6,44.9,45.1,45.2,46.3,48.6,45.4,38.2,26.7,16.9,25.3,48.1,74,99.7,122,127.5,122.8,116.7,114.9,115,110.2,96.9,92.8,80.2,67.2,59.1,60.8,73.6,90.9,105.2,104.1,100.1,82.7,64.3,50.4,47.7,56.2,56.1,49.7,40,7570.8,5745.1,86.03181818,65.28522727,55,115,3,3
20,4,A,S,2,66.1,1039,53,11,49,31,20,28,1.5,0,2,0,90,1610,25,66,55.8,43.5,29.2,17.9,24.2,43.9,66.8,83.7,90.1,92.7,87.9,77.3,67.6,62.1,60.2,61.7,54.8,33.6,20,20,37.5,50.7,55.3,59.2,53.2,52.4,42.1,26.9,13.4,24.2,47.1,71.6,82.8,87.4,78.6,63.4,50.7,37.5,27.3,24.2,29.2,35.9,39.3,42.3,43.5,43.2,37.3,34.7,35.3,41.6,38.5,30.7,24.6,18.9,15.7,28.9,44.2,56.9,63.8,62.2,48.6,37.6,27.5,19.5,14.1,11.9,,,,,,,,,,,,,,,,,,,,,,,,,110.8,109.4,98.3,83.5,63.5,41.9,20,4.6,6.9,10.9,19.1,27.8,39.2,51.8,61.1,68.8,80.6,90.3,96.2,104.9,118.1,123.1,119.8,116.2,105.9,104.4,94,84.6,75.3,71.7,74.6,85.3,95.1,95.4,93.9,84.6,76,68.5,64.1,62.4,65.6,71.5,74.9,81.1,94.9,107.1,115,116,119.4,125.9,118.9,104,92.4,83.3,71.2,67.3,68,73.6,84.5,97,101.3,96.8,92.3,90.3,88.8,88.8,,,,,,,,,,,,,,,,,,,,,,,,,TT,O,,2016,5,2,11/14/2003,15.71860817,17.30132389,16.89884357,19.31372549,,,29.2,17.9,24.2,43.9,66.8,83.7,90.1,92.7,87.9,77.3,67.6,62.1,60.2,61.7,54.8,33.6,20,20,37.5,50.7,55.3,59.2,53.2,52.4,42.1,26.9,13.4,24.2,47.1,71.6,82.8,87.4,78.6,63.4,50.7,37.5,27.3,24.2,29.2,35.9,39.3,42.3,43.5,43.2,37.3,34.7,35.3,41.6,38.5,30.7,24.6,18.9,15.7,28.9,44.2,56.9,63.8,62.2,48.6,37.6,27.5,19.5,14.1,11.9,,,,,,,,,,,,,,,,,,,,,,,,,,,98.3,83.5,63.5,41.9,20,4.6,6.9,10.9,19.1,27.8,39.2,51.8,61.1,68.8,80.6,90.3,96.2,104.9,118.1,123.1,119.8,116.2,105.9,104.4,94,84.6,75.3,71.7,74.6,85.3,95.1,95.4,93.9,84.6,76,68.5,64.1,62.4,65.6,71.5,74.9,81.1,94.9,107.1,115,116,119.4,125.9,118.9,104,92.4,83.3,71.2,67.3,68,73.6,84.5,97,101.3,96.8,92.3,90.3,88.8,88.8,,,,,,,,,,,,,,,,,,,,,,,,,2905.1,5172.3,45.3921875,80.8171875,55,115,3,3
21,4,A,N,2,30.6,591,22,27,51,32,17,52,1.5,0,0,0,90,1610,25,30,111.3,107.4,101.7,88.8,68.8,60.3,58.4,59,59.9,48.1,36,40.3,35,21.5,21.1,36.6,56.9,64.5,73.3,77.5,61.5,48.7,41.4,40.6,54.2,72.9,77,76.1,74.5,69.2,,,,,,,,,,,,,,,,,,,,,,,,,,,,,,,,,,,,,,,,,,,,,,,,,,,,,,,,,,,,,47.1,40.2,27.8,16.8,33.2,54.9,69.6,92.8,108.9,110.8,113.3,120.6,112.2,92.1,70.8,50.1,29.2,22,21.2,32.1,38.3,39.5,45.8,65.1,86.7,103.2,98.4,87.7,78,65,,,,,,,,,,,,,,,,,,,,,,,,,,,,,,,,,,,,,,,,,,,,,,,,,,,,,,,,,,,,,FS,O,,2016,6,2,11/14/2003,19.31372549,17.30132389,16.89884357,19.31372549,,,,,,60.3,58.4,59,59.9,48.1,36,40.3,35,21.5,21.1,36.6,56.9,64.5,73.3,77.5,61.5,48.7,41.4,40.6,54.2,72.9,77,76.1,74.5,69.2,,,,,,,,,,,,,,,,,,,,,,,,,,,,,,,,,,,,,,,,,,,,,,,,,,,,,,,,,,,,,,,,,,54.9,69.6,92.8,108.9,110.8,113.3,120.6,112.2,92.1,70.8,50.1,29.2,22,21.2,32.1,38.3,39.5,45.8,65.1,86.7,103.2,98.4,87.7,78,65,,,,,,,,,,,,,,,,,,,,,,,,,,,,,,,,,,,,,,,,,,,,,,,,,,,,,,,,,,,,,1364.5,1808.3,54.58,72.332,115,55,6,6
22,3,A,W,2,90.1,1909,25,32,16,54,30,-59,1.5,1,0,0,90,1610,30,90,115.3,113,110.9,109.8,108.7,108.3,108,107.5,107.7,106.6,107.1,106.3,106.5,107,106.5,102.3,89.2,91.1,100.5,93.9,74.2,57.8,48.5,18,20,48.1,61.7,66.6,60,51.6,62.2,88.6,109.9,113.7,104.9,84.2,57.1,36.2,39.8,50.4,50.7,61.2,47.1,29.2,17.5,27.7,38.1,38.1,27.6,38.6,66,87.5,94.1,106.5,103.5,102.9,106,114.7,115.7,107.8,88.4,63.6,47.1,48.2,46.7,29.9,29.9,56.9,71.4,73.9,87.7,109.4,111.6,109.2,111.6,105.5,92.5,70.7,58.8,69.5,67.6,54.2,34.5,38.9,43.5,46.5,64.1,80.8,90,103.2,60.7,54.6,50.8,48.4,46.2,45.1,44.2,43.2,43,41.3,41.6,40.8,40.8,41.6,41.5,40.3,43.7,64.9,77.2,82.5,71.3,60.3,55.9,72.3,92.2,116.5,120.3,118.3,104.5,83.2,55.2,47.7,48.5,46.3,30.6,12.7,29.4,62.2,92.9,108.4,109.9,100.3,89.7,88.7,100.4,111.7,120.7,121.8,111.6,94,88.9,93.3,83.1,79.8,60.6,39.1,23.2,32.5,40.7,40,47.3,63.9,91.3,117.2,123.4,113.9,106.1,106,108.1,96,79.9,75.2,63.2,43.7,29.5,21.1,19.9,41.8,75.3,110.6,114.3,109.8,112,123.5,123.4,119.8,109.2,102.7,92.3,82.6,TT,O,,2016,1,2,11/13/2003,21.18756937,22.58411655,21.93210869,25.84415584,,,,,108.7,108.3,108,107.5,107.7,106.6,107.1,106.3,106.5,107,106.5,102.3,89.2,91.1,100.5,93.9,74.2,57.8,48.5,18,20,48.1,61.7,66.6,60,51.6,62.2,88.6,109.9,113.7,104.9,84.2,57.1,36.2,39.8,50.4,50.7,61.2,47.1,29.2,17.5,27.7,38.1,38.1,27.6,38.6,66,87.5,94.1,106.5,103.5,102.9,106,114.7,115.7,107.8,88.4,63.6,47.1,48.2,46.7,29.9,29.9,56.9,71.4,73.9,87.7,109.4,111.6,109.2,111.6,105.5,92.5,70.7,58.8,69.5,67.6,54.2,34.5,38.9,43.5,46.5,64.1,80.8,90,103.2,,,,,46.2,45.1,44.2,43.2,43,41.3,41.6,40.8,40.8,41.6,41.5,40.3,43.7,64.9,77.2,82.5,71.3,60.3,55.9,72.3,92.2,116.5,120.3,118.3,104.5,83.2,55.2,47.7,48.5,46.3,30.6,12.7,29.4,62.2,92.9,108.4,109.9,100.3,89.7,88.7,100.4,111.7,120.7,121.8,111.6,94,88.9,93.3,83.1,79.8,60.6,39.1,23.2,32.5,40.7,40,47.3,63.9,91.3,117.2,123.4,113.9,106.1,106,108.1,96,79.9,75.2,63.2,43.7,29.5,21.1,19.9,41.8,75.3,110.6,114.3,109.8,112,123.5,123.4,119.8,109.2,102.7,92.3,82.6,6397,6459.6,74.38372093,75.11162791,115,55,5,5
23,3,A,N,2,16,369,54,2,44,47,9,-7,1.5,1,0,0,90,1610,30,15,105.5,95.8,76,54.4,37.9,33.6,49.2,50.8,36.8,20.1,21.1,39.1,53,56.2,39.8,,,,,,,,,,,,,,,,,,,,,,,,,,,,,,,,,,,,,,,,,,,,,,,,,,,,,,,,,,,,,,,,,,,,,,,,,,,,53.6,51.1,46.6,42.9,48.9,72,100.9,114.3,104.2,85.8,66.6,68.7,83.3,99.4,100.1,,,,,,,,,,,,,,,,,,,,,,,,,,,,,,,,,,,,,,,,,,,,,,,,,,,,,,,,,,,,,,,,,,,,,,,,,,,,TT,O,,2016,2,2,11/13/2003,23.0625,22.58411655,21.93210869,25.84415584,,,,,37.9,33.6,49.2,50.8,36.8,20.1,21.1,39.1,53,56.2,39.8,,,,,,,,,,,,,,,,,,,,,,,,,,,,,,,,,,,,,,,,,,,,,,,,,,,,,,,,,,,,,,,,,,,,,,,,,,,,,,,,48.9,72,100.9,114.3,104.2,85.8,66.6,68.7,83.3,99.4,100.1,,,,,,,,,,,,,,,,,,,,,,,,,,,,,,,,,,,,,,,,,,,,,,,,,,,,,,,,,,,,,,,,,,,,,,,,,,,,437.6,944.2,39.78181818,85.83636364,115,55,5,5
24,3,A,E,2,9.3,201,55,5,68,10,22,-15,1.5,1,0,0,90,1610,30,9,57.4,49.5,24,20.2,41.6,54.6,55.5,42.6,22.2,,,,,,,,,,,,,,,,,,,,,,,,,,,,,,,,,,,,,,,,,,,,,,,,,,,,,,,,,,,,,,,,,,,,,,,,,,,,,,,,,,115.3,114.2,95.3,68.1,52.4,55.4,62,77.9,89.7,,,,,,,,,,,,,,,,,,,,,,,,,,,,,,,,,,,,,,,,,,,,,,,,,,,,,,,,,,,,,,,,,,,,,,,,,,,,,,,,,,TT,O,,2016,3,2,11/13/2003,21.61290323,22.58411655,21.93210869,25.84415584,,,24,20.2,41.6,54.6,55.5,42.6,22.2,,,,,,,,,,,,,,,,,,,,,,,,,,,,,,,,,,,,,,,,,,,,,,,,,,,,,,,,,,,,,,,,,,,,,,,,,,,,,,,,,,,,95.3,68.1,52.4,55.4,62,77.9,89.7,,,,,,,,,,,,,,,,,,,,,,,,,,,,,,,,,,,,,,,,,,,,,,,,,,,,,,,,,,,,,,,,,,,,,,,,,,,,,,,,,,260.7,500.8,37.24285714,71.54285714,55,115,3,3
22,4,A,E,2,6.5,141,100,0,21,60,19,-24,1.5,1,0,0,90,1610,30,6,52.2,37.4,28,32.4,32,17.4,,,,,,,,,,,,,,,,,,,,,,,,,,,,,,,,,,,,,,,,,,,,,,,,,,,,,,,,,,,,,,,,,,,,,,,,,,,,,,,,,,,,,110.1,106.6,88.8,90.5,100.7,99.8,,,,,,,,,,,,,,,,,,,,,,,,,,,,,,,,,,,,,,,,,,,,,,,,,,,,,,,,,,,,,,,,,,,,,,,,,,,,,,,,,,,,,TT,O,,2016,4,2,11/14/2003,21.69230769,22.58411655,21.93210869,25.84415584,,,28,32.4,32,17.4,,,,,,,,,,,,,,,,,,,,,,,,,,,,,,,,,,,,,,,,,,,,,,,,,,,,,,,,,,,,,,,,,,,,,,,,,,,,,,,,,,,,,,,88.8,90.5,100.7,99.8,,,,,,,,,,,,,,,,,,,,,,,,,,,,,,,,,,,,,,,,,,,,,,,,,,,,,,,,,,,,,,,,,,,,,,,,,,,,,,,,,,,,,109.8,379.8,27.45,94.95,55,115,3,3
23,4,A,S,2,3.8,84,51,6,62,35,3,-122,1.5,1,0,0,90,1610,30,3,58.5,45.5,28.4,,,,,,,,,,,,,,,,,,,,,,,,,,,,,,,,,,,,,,,,,,,,,,,,,,,,,,,,,,,,,,,,,,,,,,,,,,,,,,,,,,,,,,,,99.9,83.8,81,,,,,,,,,,,,,,,,,,,,,,,,,,,,,,,,,,,,,,,,,,,,,,,,,,,,,,,,,,,,,,,,,,,,,,,,,,,,,,,,,,,,,,,,TT,O,,2016,5,2,11/14/2003,22.10526316,22.58411655,21.93210869,25.84415584,,,28.4,,,,,,,,,,,,,,,,,,,,,,,,,,,,,,,,,,,,,,,,,,,,,,,,,,,,,,,,,,,,,,,,,,,,,,,,,,,,,,,,,,,,,,,,,,81,,,,,,,,,,,,,,,,,,,,,,,,,,,,,,,,,,,,,,,,,,,,,,,,,,,,,,,,,,,,,,,,,,,,,,,,,,,,,,,,,,,,,,,,28.4,81,28.4,81,55,115,3,3
24,4,A,N,2,30.8,796,50,2,31,57,12,-24,1.5,3,0,0,90,1610,30,30,108.2,98.4,74.2,47.5,19.6,17.1,36.9,21.4,6.5,17.1,39.1,38.1,20,15.8,42.1,57.5,54.6,58.1,76,93.8,95.6,82.5,62.1,49.4,32.7,18.7,35.7,46.9,50.1,63.9,,,,,,,,,,,,,,,,,,,,,,,,,,,,,,,,,,,,,,,,,,,,,,,,,,,,,,,,,,,,,55.5,55.7,55,70.2,87.2,99.2,92.9,83.9,85.1,94.5,119.9,122.7,104.1,94.5,102.3,102.8,91,66.6,44,47.5,51.6,59.5,71.5,93.2,99.4,102,114.1,119.2,101.9,78.7,,,,,,,,,,,,,,,,,,,,,,,,,,,,,,,,,,,,,,,,,,,,,,,,,,,,,,,,,,,,,FS,O,,2016,6,2,11/14/2003,25.84415584,22.58411655,21.93210869,25.84415584,,,,47.5,19.6,17.1,36.9,21.4,6.5,17.1,39.1,38.1,20,15.8,42.1,57.5,54.6,58.1,76,93.8,95.6,82.5,62.1,49.4,32.7,18.7,35.7,46.9,50.1,63.9,,,,,,,,,,,,,,,,,,,,,,,,,,,,,,,,,,,,,,,,,,,,,,,,,,,,,,,,,,,,,,,,70.2,87.2,99.2,92.9,83.9,85.1,94.5,119.9,122.7,104.1,94.5,102.3,102.8,91,66.6,44,47.5,51.6,59.5,71.5,93.2,99.4,102,114.1,119.2,101.9,78.7,,,,,,,,,,,,,,,,,,,,,,,,,,,,,,,,,,,,,,,,,,,,,,,,,,,,,,,,,,,,,1198.8,2399.5,44.4,88.87037037,115,55,4,4
25,3,A,W,2,90.1,1812,28,17,45,38,17,-41,1.5,0,3,0,90,1610,31,90,110.2,95.8,83.4,52.4,22.5,18.9,31.6,43.6,49.2,51.3,51.3,51.6,52,52.1,55.6,57.7,49.9,44.2,47.5,31.1,17.1,26.8,45.4,60.5,71.2,77.3,79.3,78.6,78.9,76,66.9,53.8,39.2,35.8,40.6,34,27,31.3,44.6,61.2,71.6,79.1,86.4,93.2,98.7,105.6,105.7,101.6,94.3,84.8,73.3,64.7,53.7,37.2,23.6,20.7,28.9,46.8,58.5,59.2,55.8,52.2,53.5,61.1,73.7,84.4,90.9,91.6,88.2,75.9,61.8,49.1,43.4,44.2,36.3,31.5,34.5,37,46.2,58.2,66.9,73.4,79.2,83.5,83.9,83.8,77.5,69.1,71.2,72.4,48.5,30.8,22.3,34.3,66.8,98.8,116.7,118.8,101.6,82.2,60.7,41.3,35.1,49.5,67.1,81.6,97.4,111,126.4,115.8,95.1,75.3,55.8,39.1,20.4,11,23.1,42.4,50.1,62.4,72.6,79.3,90.9,109.2,122.5,118.8,106.9,97.9,89,82.3,79.6,78.7,79.1,80.5,82.2,79.4,66.1,48.3,28,8.3,18.3,34.1,56.1,74.5,91.2,104.6,108.8,100.8,89.9,74.6,57.8,41,34.1,44.7,59.9,71.5,80.6,83.8,92.9,95.7,101.9,109.6,119.3,126.9,120.4,101.8,83.8,62.8,42.2,27.9,24.8,29.9,36.4,43.2,46.3,46.6,59.1,75.2,100.3,108.1,TT,O,,2016,1,2,11/13/2003,20.11098779,20.23451914,19.902338,21.89542484,,,,,,18.9,31.6,43.6,49.2,51.3,51.3,51.6,52,52.1,55.6,57.7,49.9,44.2,47.5,31.1,17.1,26.8,45.4,60.5,71.2,77.3,79.3,78.6,78.9,76,66.9,53.8,39.2,35.8,40.6,34,27,31.3,44.6,61.2,71.6,79.1,86.4,93.2,98.7,105.6,105.7,101.6,94.3,84.8,73.3,64.7,53.7,37.2,23.6,20.7,28.9,46.8,58.5,59.2,55.8,52.2,53.5,61.1,73.7,84.4,90.9,91.6,88.2,75.9,61.8,49.1,43.4,44.2,36.3,31.5,34.5,37,46.2,58.2,66.9,73.4,79.2,83.5,83.9,83.8,77.5,69.1,71.2,72.4,,,,,,98.8,116.7,118.8,101.6,82.2,60.7,41.3,35.1,49.5,67.1,81.6,97.4,111,126.4,115.8,95.1,75.3,55.8,39.1,20.4,11,23.1,42.4,50.1,62.4,72.6,79.3,90.9,109.2,122.5,118.8,106.9,97.9,89,82.3,79.6,78.7,79.1,80.5,82.2,79.4,66.1,48.3,28,8.3,18.3,34.1,56.1,74.5,91.2,104.6,108.8,100.8,89.9,74.6,57.8,41,34.1,44.7,59.9,71.5,80.6,83.8,92.9,95.7,101.9,109.6,119.3,126.9,120.4,101.8,83.8,62.8,42.2,27.9,24.8,29.9,36.4,43.2,46.3,46.6,59.1,75.2,100.3,108.1,5051.1,6259.7,59.42470588,73.64352941,115,55,6,6
26,3,A,N,2,34.1,583,40,14,77,22,1,3,1.5,0,0,0,90,1610,31,34,103.9,94.5,79.2,68.9,65.5,82.9,92.6,85.9,72.3,56.8,41.3,21.7,11.6,15.4,23.3,19.9,18.6,23.9,34.7,45.3,50,50.2,45.1,43.2,38.7,22.8,22.3,38.2,45.2,47.1,46.4,37.4,27.1,18,,,,,,,,,,,,,,,,,,,,,,,,,,,,,,,,,,,,,,,,,,,,,,,,,,,,,,,,,55,52.2,39.3,23.4,27.5,45.9,43,31.8,22.8,29,45.8,69.2,90.1,100.1,107.7,96.2,84.4,67.8,51.7,48,52.1,55.2,68.8,81.4,94.1,86.4,64.1,47.6,44.3,45.8,48,59.8,67.6,73.5,,,,,,,,,,,,,,,,,,,,,,,,,,,,,,,,,,,,,,,,,,,,,,,,,,,,,,,,,TT,O,,2016,2,2,11/13/2003,17.09677419,20.23451914,19.902338,21.89542484,,,,,,82.9,92.6,85.9,72.3,56.8,41.3,21.7,11.6,15.4,23.3,19.9,18.6,23.9,34.7,45.3,50,50.2,45.1,43.2,38.7,22.8,22.3,38.2,45.2,47.1,46.4,37.4,27.1,18,,,,,,,,,,,,,,,,,,,,,,,,,,,,,,,,,,,,,,,,,,,,,,,,,,,,,,,,,,,,,,45.9,43,31.8,22.8,29,45.8,69.2,90.1,100.1,107.7,96.2,84.4,67.8,51.7,48,52.1,55.2,68.8,81.4,94.1,86.4,64.1,47.6,44.3,45.8,48,59.8,67.6,73.5,,,,,,,,,,,,,,,,,,,,,,,,,,,,,,,,,,,,,,,,,,,,,,,,,,,,,,,,,1177.9,1822.2,40.61724138,62.83448276,115,55,6,6
27,3,A,E,2,44.1,765,51,8,57,38,5,2,1.5,2,0,0,90,1610,31,44,50.8,25,30,54.1,70.6,83.7,86.7,82.3,71.8,55.8,47.2,34.1,22.9,26.2,44.3,57.9,56.5,52.4,48,40.6,28.3,24.1,14.4,12,22.4,36.5,51.3,53.4,56,60.1,63.6,63,59.7,54.9,41.9,27.8,17.5,17.4,20,26.6,35.4,31.6,19.3,7.7,,,,,,,,,,,,,,,,,,,,,,,,,,,,,,,,,,,,,,,,,,,,,,,113.8,88.4,59.2,38.2,42.1,60,69.6,80.7,92,97.9,109,111,107.1,106.1,103.3,92.6,81,68,58.4,57.5,61.6,64.1,72.4,81,85.6,86.7,79.2,68.4,57.3,46.1,35.5,28.2,27.9,31.3,44,60,81.3,97.9,105.4,110.1,104.8,92.5,82.7,79.5,,,,,,,,,,,,,,,,,,,,,,,,,,,,,,,,,,,,,,,,,,,,,,,TT,O,,2016,3,2,11/13/2003,17.34693878,20.23451914,19.902338,21.89542484,,,30,54.1,70.6,83.7,86.7,82.3,71.8,55.8,47.2,34.1,22.9,26.2,44.3,57.9,56.5,52.4,48,40.6,28.3,24.1,14.4,12,22.4,36.5,51.3,53.4,56,60.1,63.6,63,59.7,54.9,41.9,27.8,17.5,17.4,20,26.6,35.4,31.6,19.3,7.7,,,,,,,,,,,,,,,,,,,,,,,,,,,,,,,,,,,,,,,,,,,,,,,,,59.2,38.2,42.1,60,69.6,80.7,92,97.9,109,111,107.1,106.1,103.3,92.6,81,68,58.4,57.5,61.6,64.1,72.4,81,85.6,86.7,79.2,68.4,57.3,46.1,35.5,28.2,27.9,31.3,44,60,81.3,97.9,105.4,110.1,104.8,92.5,82.7,79.5,,,,,,,,,,,,,,,,,,,,,,,,,,,,,,,,,,,,,,,,,,,,,,,1810,3117.2,43.0952381,74.21904762,55,115,3,3
25,4,A,E,2,3,71,100,0,20,31,49,-44,1.5,2,0,0,90,1610,31,2,53.2,34.2,,,,,,,,,,,,,,,,,,,,,,,,,,,,,,,,,,,,,,,,,,,,,,,,,,,,,,,,,,,,,,,,,,,,,,,,,,,,,,,,,,,,,,,,,116.3,110.3,,,,,,,,,,,,,,,,,,,,,,,,,,,,,,,,,,,,,,,,,,,,,,,,,,,,,,,,,,,,,,,,,,,,,,,,,,,,,,,,,,,,,,,,,TT,O,,2016,4,2,11/14/2003,23.66666667,20.23451914,19.902338,21.89542484,,,,,,,,,,,,,,,,,,,,,,,,,,,,,,,,,,,,,,,,,,,,,,,,,,,,,,,,,,,,,,,,,,,,,,,,,,,,,,,,,,,,,,,,,,,,,,,,,,,,,,,,,,,,,,,,,,,,,,,,,,,,,,,,,,,,,,,,,,,,,,,,,,,,,,,,,,,,,,,,,,,,,,,,,,,,,,,,,,,,,0,0,0,0,55,115,3,3
26,4,A,S,2,9.3,198,75,0,36,34,30,-59,1.5,1,0,0,90,1610,31,9,61.9,50.3,31.8,15.2,21.6,38.9,51.8,41.2,21.6,,,,,,,,,,,,,,,,,,,,,,,,,,,,,,,,,,,,,,,,,,,,,,,,,,,,,,,,,,,,,,,,,,,,,,,,,,,,,,,,,,94.3,74.9,65.9,73.1,89.4,109.8,123.6,118.2,104.8,,,,,,,,,,,,,,,,,,,,,,,,,,,,,,,,,,,,,,,,,,,,,,,,,,,,,,,,,,,,,,,,,,,,,,,,,,,,,,,,,,TT,O,,2016,5,2,11/14/2003,21.29032258,20.23451914,19.902338,21.89542484,,,31.8,15.2,21.6,38.9,51.8,41.2,21.6,,,,,,,,,,,,,,,,,,,,,,,,,,,,,,,,,,,,,,,,,,,,,,,,,,,,,,,,,,,,,,,,,,,,,,,,,,,,,,,,,,,,65.9,73.1,89.4,109.8,123.6,118.2,104.8,,,,,,,,,,,,,,,,,,,,,,,,,,,,,,,,,,,,,,,,,,,,,,,,,,,,,,,,,,,,,,,,,,,,,,,,,,,,,,,,,,222.1,684.8,31.72857143,97.82857143,55,115,3,3
27,4,A,N,2,30.6,670,52,2,55,31,14,-21,1.5,1,0,0,90,1610,31,30,103.4,90.7,68.8,42.2,14.5,18.2,46,64.8,66.4,61.5,51.9,44.6,40.9,31.7,32.1,42.3,39.4,22.8,24,29.9,25.9,23.6,18.8,31.9,50.4,64.5,67.6,62,53.5,38.4,,,,,,,,,,,,,,,,,,,,,,,,,,,,,,,,,,,,,,,,,,,,,,,,,,,,,,,,,,,,,55.9,55.9,55.2,61.8,74.2,92.9,107.5,105.8,89.9,67.6,47.7,41.9,48.7,69.2,95.8,118.4,123.1,105.3,88,74.2,68.6,69.4,77.9,89.2,102.7,110.7,93.6,70.6,53.7,53.9,,,,,,,,,,,,,,,,,,,,,,,,,,,,,,,,,,,,,,,,,,,,,,,,,,,,,,,,,,,,,FS,O,,2016,6,2,11/14/2003,21.89542484,20.23451914,19.902338,21.89542484,,,,,14.5,18.2,46,64.8,66.4,61.5,51.9,44.6,40.9,31.7,32.1,42.3,39.4,22.8,24,29.9,25.9,23.6,18.8,31.9,50.4,64.5,67.6,62,53.5,38.4,,,,,,,,,,,,,,,,,,,,,,,,,,,,,,,,,,,,,,,,,,,,,,,,,,,,,,,,,,,,,,,,,74.2,92.9,107.5,105.8,89.9,67.6,47.7,41.9,48.7,69.2,95.8,118.4,123.1,105.3,88,74.2,68.6,69.4,77.9,89.2,102.7,110.7,93.6,70.6,53.7,53.9,,,,,,,,,,,,,,,,,,,,,,,,,,,,,,,,,,,,,,,,,,,,,,,,,,,,,,,,,,,,,1067.6,2140.5,41.06153846,82.32692308,115,55,5,5
28,3,A,W,2,29.4,814,29,19,30,61,9,25,1.5,0,0,0,90,1610,34,29,108.6,91.5,92,97.1,110.6,110.8,95.3,57.3,22.8,16.6,36.7,46.3,53.1,64.3,87.9,103.3,106.3,99.4,86.8,77.4,62.4,40.9,28.6,33.8,46.6,53.2,54.5,45.2,24.7,,,,,,,,,,,,,,,,,,,,,,,,,,,,,,,,,,,,,,,,,,,,,,,,,,,,,,,,,,,,,,57.3,50.8,37.1,38,56,71,78.7,78.1,85.6,100.7,112.2,105.1,85.5,56.5,30.2,25.4,21.6,28.6,48.5,76.5,96.9,105.4,112.7,112.2,103.3,84.4,74.2,56.6,61.6,,,,,,,,,,,,,,,,,,,,,,,,,,,,,,,,,,,,,,,,,,,,,,,,,,,,,,,,,,,,,,TT,O,,2016,1,2,11/13/2003,27.68707483,26.92390771,27.23377069,25.37459283,,,,97.1,110.6,110.8,95.3,57.3,22.8,16.6,36.7,46.3,53.1,64.3,87.9,103.3,106.3,99.4,86.8,77.4,62.4,40.9,28.6,33.8,46.6,53.2,54.5,45.2,24.7,,,,,,,,,,,,,,,,,,,,,,,,,,,,,,,,,,,,,,,,,,,,,,,,,,,,,,,,,,,,,,,,,38,56,71,78.7,78.1,85.6,100.7,112.2,105.1,85.5,56.5,30.2,25.4,21.6,28.6,48.5,76.5,96.9,105.4,112.7,112.2,103.3,84.4,74.2,56.6,61.6,,,,,,,,,,,,,,,,,,,,,,,,,,,,,,,,,,,,,,,,,,,,,,,,,,,,,,,,,,,,,,1661.9,1905.5,63.91923077,73.28846154,115,55,4,4
29,3,A,N,2,19.2,578,29,42,47,37,16,57,1.5,1,2,0,90,1610,34,19,107.8,103.2,92.4,76.8,60.3,47.9,40.8,41.2,41.1,30.6,33.2,58,88.5,104,109.4,104,89,58.2,25.9,,,,,,,,,,,,,,,,,,,,,,,,,,,,,,,,,,,,,,,,,,,,,,,,,,,,,,,,,,,,,,,,,,,,,,,,48.2,32.9,10.6,27.3,60.4,91,118.4,126.3,121.8,100.4,69.6,34.1,10.1,18.8,31.4,43,55.6,59.1,71.2,,,,,,,,,,,,,,,,,,,,,,,,,,,,,,,,,,,,,,,,,,,,,,,,,,,,,,,,,,,,,,,,,,,,,,,,TT,O,,2016,2,2,11/13/2003,30.10416667,26.92390771,27.23377069,25.37459283,,,,76.8,60.3,47.9,40.8,41.2,41.1,30.6,33.2,58,88.5,104,109.4,104,89,58.2,25.9,,,,,,,,,,,,,,,,,,,,,,,,,,,,,,,,,,,,,,,,,,,,,,,,,,,,,,,,,,,,,,,,,,,,,,,,,,,27.3,60.4,91,118.4,126.3,121.8,100.4,69.6,34.1,10.1,18.8,31.4,43,55.6,59.1,71.2,,,,,,,,,,,,,,,,,,,,,,,,,,,,,,,,,,,,,,,,,,,,,,,,,,,,,,,,,,,,,,,,,,,,,,,,1008.9,1038.5,63.05625,64.90625,115,55,4,4
30,3,A,E,2,54.4,1496,36,18,45,40,15,64,1.5,1,1,0,90,1610,34,54,61.9,58.2,52.9,38.6,27.9,38.6,44.9,31.1,25.3,42.9,61.5,78,82,81.3,76,77.1,83.1,76.6,49.6,28.1,14.5,31,42.5,47.8,59.8,61.9,47.7,28.6,24.9,40,42.6,46.4,65.6,92.9,113.3,113.7,110.2,102.4,96.5,92.8,87.7,79.7,62.6,41.3,30.8,24.6,21,35.1,56.3,69.6,70.2,59.4,34.9,12.3,,,,,,,,,,,,,,,,,,,,,,,,,,,,,,,,,,,,,100.4,81.2,65.4,51.5,68.4,97.6,120.8,116.1,103.1,90.4,71.2,49.3,33.8,11.5,29.8,65,93.9,103.9,106.4,104.9,96.6,84.3,63.9,46.2,27,34.1,54.8,87.2,109.4,116.2,103.1,80,56,44.4,44.7,33.8,25.4,27.6,50.4,76.3,96.5,98.5,97.9,103,114,108.7,94.4,76.8,58.5,39.8,27.7,26.9,51.2,86.1,,,,,,,,,,,,,,,,,,,,,,,,,,,,,,,,,,,,,TT,O,,2016,3,2,11/13/2003,27.5,26.92390771,27.23377069,25.37459283,,58.2,52.9,38.6,27.9,38.6,44.9,31.1,25.3,42.9,61.5,78,82,81.3,76,77.1,83.1,76.6,49.6,28.1,14.5,31,42.5,47.8,59.8,61.9,47.7,28.6,24.9,40,42.6,46.4,65.6,92.9,113.3,113.7,110.2,102.4,96.5,92.8,87.7,79.7,62.6,41.3,30.8,24.6,21,35.1,56.3,69.6,70.2,59.4,34.9,12.3,,,,,,,,,,,,,,,,,,,,,,,,,,,,,,,,,,,,,,81.2,65.4,51.5,68.4,97.6,120.8,116.1,103.1,90.4,71.2,49.3,33.8,11.5,29.8,65,93.9,103.9,106.4,104.9,96.6,84.3,63.9,46.2,27,34.1,54.8,87.2,109.4,116.2,103.1,80,56,44.4,44.7,33.8,25.4,27.6,50.4,76.3,96.5,98.5,97.9,103,114,108.7,94.4,76.8,58.5,39.8,27.7,26.9,51.2,86.1,,,,,,,,,,,,,,,,,,,,,,,,,,,,,,,,,,,,,3014.3,3805.6,56.87358491,71.80377359,55,115,2,2
28,4,A,E,2,13.4,328,49,13,46,35,19,58,1.5,1,0,0,90,1610,34,13,61.5,57.3,48.5,28.6,30.6,39.3,24.2,14.2,38.2,62,66.8,58.1,23.1,,,,,,,,,,,,,,,,,,,,,,,,,,,,,,,,,,,,,,,,,,,,,,,,,,,,,,,,,,,,,,,,,,,,,,,,,,,,,,107.7,99.2,91.9,98.4,115.5,124.4,109,81.7,48.8,25.2,32.2,53,72.9,,,,,,,,,,,,,,,,,,,,,,,,,,,,,,,,,,,,,,,,,,,,,,,,,,,,,,,,,,,,,,,,,,,,,,,,,,,,,,TT,O,,2016,4,2,11/14/2003,24.47761194,26.92390771,27.23377069,25.37459283,,57.3,48.5,28.6,30.6,39.3,24.2,14.2,38.2,62,66.8,58.1,23.1,,,,,,,,,,,,,,,,,,,,,,,,,,,,,,,,,,,,,,,,,,,,,,,,,,,,,,,,,,,,,,,,,,,,,,,,,,,,,,,99.2,91.9,98.4,115.5,124.4,109,81.7,48.8,25.2,32.2,53,72.9,,,,,,,,,,,,,,,,,,,,,,,,,,,,,,,,,,,,,,,,,,,,,,,,,,,,,,,,,,,,,,,,,,,,,,,,,,,,,,490.9,952.2,40.90833333,79.35,55,115,2,2
29,4,A,S,2,35,924,50,14,45,36,19,32,1.5,1,0,0,90,1610,34,34,55,35.9,18,23.9,41.1,54.8,58.5,61,64.1,69.8,54.7,34.9,30,43.1,51.2,51.7,54.5,47.1,29.9,16.9,37.3,52.4,40.9,29.6,23,27.7,45.1,67.5,75.7,74,68.7,63,43.4,21.7,,,,,,,,,,,,,,,,,,,,,,,,,,,,,,,,,,,,,,,,,,,,,,,,,,,,,,,,,112,108.6,102.4,88.5,65.4,41.3,28.6,40.3,72.8,98.9,107.7,110,114.4,117.4,107,84.9,68.5,54.1,58.3,80.5,105.9,119.2,116.8,114,102.9,83.3,56.8,28.4,13.1,17.6,46.9,75.7,88.4,98.9,,,,,,,,,,,,,,,,,,,,,,,,,,,,,,,,,,,,,,,,,,,,,,,,,,,,,,,,,TT,O,,2016,5,2,11/14/2003,26.4,26.92390771,27.23377069,25.37459283,,35.9,18,23.9,41.1,54.8,58.5,61,64.1,69.8,54.7,34.9,30,43.1,51.2,51.7,54.5,47.1,29.9,16.9,37.3,52.4,40.9,29.6,23,27.7,45.1,67.5,75.7,74,68.7,63,43.4,21.7,,,,,,,,,,,,,,,,,,,,,,,,,,,,,,,,,,,,,,,,,,,,,,,,,,,,,,,,,,108.6,102.4,88.5,65.4,41.3,28.6,40.3,72.8,98.9,107.7,110,114.4,117.4,107,84.9,68.5,54.1,58.3,80.5,105.9,119.2,116.8,114,102.9,83.3,56.8,28.4,13.1,17.6,46.9,75.7,88.4,98.9,,,,,,,,,,,,,,,,,,,,,,,,,,,,,,,,,,,,,,,,,,,,,,,,,,,,,,,,,1511.1,2617.5,45.79090909,79.31818182,55,115,2,2
30,4,A,N,2,30.7,779,36,17,48,51,1,44,1.5,1,1,0,90,1610,34,30,107.7,98.1,81.7,64.1,57,56.5,42.9,21.9,10.2,39.1,60,72.7,71.9,67.3,58.2,53.6,53.3,37.4,26.2,26.3,40.6,53.6,55.4,63.7,65.3,54.5,35.6,24.3,37.3,28.4,,,,,,,,,,,,,,,,,,,,,,,,,,,,,,,,,,,,,,,,,,,,,,,,,,,,,,,,,,,,,41,25.8,10.3,37.3,72.7,98.8,107.2,99.6,86.5,79.7,67.2,52.1,38.4,23.1,35.8,69.1,94.1,104.7,109.5,105.6,97.6,85.1,81.1,87.4,83.6,77,67.4,67.4,84.3,91.3,,,,,,,,,,,,,,,,,,,,,,,,,,,,,,,,,,,,,,,,,,,,,,,,,,,,,,,,,,,,,FS,O,,2016,6,2,11/14/2003,25.37459283,26.92390771,27.23377069,25.37459283,,,,,57,56.5,42.9,21.9,10.2,39.1,60,72.7,71.9,67.3,58.2,53.6,53.3,37.4,26.2,26.3,40.6,53.6,55.4,63.7,65.3,54.5,35.6,24.3,37.3,28.4,,,,,,,,,,,,,,,,,,,,,,,,,,,,,,,,,,,,,,,,,,,,,,,,,,,,,,,,,,,,,,,,,72.7,98.8,107.2,99.6,86.5,79.7,67.2,52.1,38.4,23.1,35.8,69.1,94.1,104.7,109.5,105.6,97.6,85.1,81.1,87.4,83.6,77,67.4,67.4,84.3,91.3,,,,,,,,,,,,,,,,,,,,,,,,,,,,,,,,,,,,,,,,,,,,,,,,,,,,,,,,,,,,,1213.2,2066.3,46.66153846,79.47307692,115,55,5,5
31,3,A,W,2,90.1,220,0,85,85,13,2,-22,1.5,0,3,0,90,1610,36,90,113.4,111.1,109,106.9,104.3,102.3,101.2,100,98,96.7,95.7,94.3,93.7,92.6,91.7,91.1,89.9,89.7,89.1,88.9,88.3,87.8,87.2,87.9,87.5,87.3,87.3,86.4,86.4,85.6,84.9,84.7,84,83.8,83.6,83.4,82.9,82.6,82.4,81.9,81.7,80.8,80.6,80.2,79.9,79.3,78.8,78.5,77.9,77.6,77.1,76.7,76.3,75.9,75.5,75.1,75,74.5,74.2,73.7,73.4,73,72.6,72.4,72,71.8,71.2,71.1,71,70.6,70.3,70,69.7,69.6,69.5,69.2,68.9,68.6,68.4,68.4,68.1,68.1,67.6,67.4,67.4,66.9,66.6,66.5,66.2,66.1,58,56.1,54.6,53,50.8,48.7,47.5,46.1,44,42.4,40.9,39,37.6,35.9,34.4,32.8,31.1,29.8,28.4,27.3,25.8,24.2,22.8,22.5,20.9,19.7,18.8,17,16,14.8,13.3,12.8,11.7,10.5,9.8,9,8.2,7.5,6.7,6.4,5.8,5.9,5.8,5.8,5.8,6.4,6.8,7.2,7.8,8.3,8.8,9.4,9.9,10.5,11,11.8,12,12.5,13.1,13.5,14,14.4,14.9,15.1,15.7,15.9,16.7,16.9,16.8,17.4,17.6,17.9,18.4,18.5,18.7,18.9,19.1,19.3,19.5,19.6,19.9,19.8,20.2,20.3,20.4,20.7,21.1,21.1,21.4,21.3,TT,O,,2016,1,2,11/13/2003,2.44173141,3.603656692,3.738068812,2.931596091,,,,,,,,,,,,,,,,,,,,,,,,,,,,,,,84.9,84.7,84,83.8,83.6,83.4,82.9,82.6,82.4,81.9,81.7,80.8,80.6,80.2,79.9,79.3,78.8,78.5,77.9,77.6,77.1,76.7,76.3,75.9,75.5,75.1,75,74.5,74.2,73.7,73.4,73,72.6,72.4,72,71.8,71.2,71.1,71,70.6,70.3,70,69.7,69.6,69.5,69.2,68.9,68.6,68.4,68.4,68.1,68.1,67.6,67.4,67.4,66.9,66.6,66.5,66.2,66.1,,,,,,,,,,,,,,,,,,,,,,,,,,,,,,,13.3,12.8,11.7,10.5,9.8,9,8.2,7.5,6.7,6.4,5.8,5.9,5.8,5.8,5.8,6.4,6.8,7.2,7.8,8.3,8.8,9.4,9.9,10.5,11,11.8,12,12.5,13.1,13.5,14,14.4,14.9,15.1,15.7,15.9,16.7,16.9,16.8,17.4,17.6,17.9,18.4,18.5,18.7,18.9,19.1,19.3,19.5,19.6,19.9,19.8,20.2,20.3,20.4,20.7,21.1,21.1,21.4,21.3,4466.1,825.5,74.435,13.75833333,115,55,31,31
32,3,A,N,2,90.1,307,0,90,14,83,3,1,1.5,0,0,0,90,1610,36,90,114.1,113.4,112.7,112.4,111.8,111.5,111.2,111,110.4,109.9,109.7,109.6,109.6,109.2,109.1,108.9,108.7,108.6,108.5,108.3,108.1,108.1,107.8,107.8,107.4,107.3,107.1,106.9,107.1,106.6,106.5,106.2,106.1,105.9,105.5,105.6,105.5,105.1,104.8,104.6,104.4,104.1,103.8,103.6,103.5,103,102.7,102.3,101.9,101.5,101,100.8,100.4,100,99.6,99.2,98.8,98.3,97.9,97.6,97.2,96.9,96.3,96.2,95.7,95.4,95,95.1,94.3,94.1,93.9,93.7,93.4,93,93,92.5,92.3,93,92.3,92.5,92.1,92.2,92.1,92.3,91.8,91.7,91.5,91.2,91.2,91.1,55.8,55.2,54.9,54.7,54.3,54.3,54.6,54.2,54.1,53.7,53,53,53.2,52.8,52.5,52.2,51.8,51.6,51.6,51.4,50.9,50.8,50.7,50.2,49.8,49.8,49.5,49.5,49.4,49,49,48.6,49,48.4,48.5,48.7,48.6,47.9,48,47.5,47.8,47.5,47.4,47.6,47.6,47.1,47,47.2,46.7,47.6,46.6,47,46.5,46.4,46.4,45.8,46.1,45.5,45.9,44.5,44.9,43.9,43.9,43,42.6,42.1,41.9,41,41.9,41.1,41.1,40.3,40,40.8,39.3,39.8,40.1,37,37.8,36.6,36.6,35.7,34.7,34.5,34.9,34.1,34.2,34.3,34.2,32.9,TT,O,,2016,2,2,11/13/2003,3.407325194,3.603656692,3.738068812,2.931596091,,,,,,,,,,,,,,,,,,,,,,,,,,,,,,,106.5,106.2,106.1,105.9,105.5,105.6,105.5,105.1,104.8,104.6,104.4,104.1,103.8,103.6,103.5,103,102.7,102.3,101.9,101.5,101,100.8,100.4,100,99.6,99.2,98.8,98.3,97.9,97.6,97.2,96.9,96.3,96.2,95.7,95.4,95,95.1,94.3,94.1,93.9,93.7,93.4,93,93,92.5,92.3,93,92.3,92.5,92.1,92.2,92.1,92.3,91.8,91.7,91.5,91.2,91.2,91.1,,,,,,,,,,,,,,,,,,,,,,,,,,,,,,,49,48.6,49,48.4,48.5,48.7,48.6,47.9,48,47.5,47.8,47.5,47.4,47.6,47.6,47.1,47,47.2,46.7,47.6,46.6,47,46.5,46.4,46.4,45.8,46.1,45.5,45.9,44.5,44.9,43.9,43.9,43,42.6,42.1,41.9,41,41.9,41.1,41.1,40.3,40,40.8,39.3,39.8,40.1,37,37.8,36.6,36.6,35.7,34.7,34.5,34.9,34.1,34.2,34.3,34.2,32.9,5883.2,2583.6,98.05333333,43.06,115,55,31,31
33,3,A,E,2,90.1,301,0,1,41,55,4,45,1.5,0,0,0,90,1610,36,90,54.9,54.6,54.8,54.7,53.9,53.2,53.4,53.2,52.5,52.5,52.3,51.8,51,50.1,50.2,50,48.9,48.9,48.5,48.2,47.6,47.7,46.9,45.9,46.3,45.7,45.7,45,45.3,44.4,44.3,43.6,43.4,43.4,42.6,42.6,42.4,42.2,41.7,42.1,42.2,41.3,41.6,41.5,41.7,40.9,41.3,41.3,40.6,40.8,40.5,40.4,40.4,40.3,40,40,39.8,39.6,39.6,39.3,39.5,39.1,39.1,39.3,39.2,39.2,39.3,39.3,39.3,39.1,39.3,39.2,39.2,39.3,39.1,39.3,39.3,39.3,39.3,39.1,39.3,39.4,39.4,39.2,39.4,39.2,39.5,39,39.2,38.9,109.6,107.7,107.4,107.3,106.3,105.2,105,104.4,103.5,103,102.7,102,101.1,100.1,100.1,99.8,98.5,98.6,98,97.8,97.1,96.9,96.3,95.3,95.7,94.9,94.9,93.7,94.6,93.3,93.3,92.3,91.5,91.7,90.9,90.8,90.3,90.1,89.4,89.5,89.5,88.7,88.8,88.4,88.3,87.5,87.7,87.4,86.5,86.5,86.1,85.9,85.7,85.4,84.7,84.7,84.1,83.8,83.8,83,83,82.4,82.1,81.9,81.5,81.4,81,80.6,80.7,80.2,80,79.7,79.5,79.3,78.9,78.8,78.6,78.7,78.6,78.2,78.3,77.8,77.7,77.3,77.2,77,77.3,76.6,76.8,76.4,TT,O,,2016,3,2,11/13/2003,3.340732519,3.603656692,3.738068812,2.931596091,,,,,,,,,,,,,,,50.2,50,48.9,48.9,48.5,48.2,47.6,47.7,46.9,45.9,46.3,45.7,45.7,45,45.3,44.4,44.3,43.6,43.4,43.4,42.6,42.6,42.4,42.2,41.7,42.1,42.2,41.3,41.6,41.5,41.7,40.9,41.3,41.3,40.6,40.8,40.5,40.4,40.4,40.3,40,40,39.8,39.6,39.6,39.3,39.5,39.1,39.1,39.3,39.2,39.2,39.3,39.3,39.3,39.1,39.3,39.2,39.2,39.3,39.1,39.3,39.3,39.3,39.3,39.1,39.3,39.4,39.4,39.2,39.4,39.2,39.5,39,39.2,38.9,,,,,,,,,,,,,,,100.1,99.8,98.5,98.6,98,97.8,97.1,96.9,96.3,95.3,95.7,94.9,94.9,93.7,94.6,93.3,93.3,92.3,91.5,91.7,90.9,90.8,90.3,90.1,89.4,89.5,89.5,88.7,88.8,88.4,88.3,87.5,87.7,87.4,86.5,86.5,86.1,85.9,85.7,85.4,84.7,84.7,84.1,83.8,83.8,83,83,82.4,82.1,81.9,81.5,81.4,81,80.6,80.7,80.2,80,79.7,79.5,79.3,78.9,78.8,78.6,78.7,78.6,78.2,78.3,77.8,77.7,77.3,77.2,77,77.3,76.6,76.8,76.4,3173.9,6559.3,41.76184211,86.30657895,55,115,15,15
31,4,A,E,2,90.1,340,0,43,0,84,16,115,1.5,0,0,0,90,1610,36,90,58.2,59.6,61.6,64.1,65.7,68.1,69.7,72.6,73.6,75.6,76.7,77.9,79.3,80.3,81.6,83.5,84.5,85.4,86.7,87.9,88.5,89.3,90,91,91.7,92.4,93.3,93.9,94.6,95.4,96,96.3,97.1,97.6,98.2,98.9,99.3,100.3,101.3,101.6,102.1,103,103.8,104.6,105,105.6,106.1,107,107.6,108.5,109.4,109.8,110.3,111,111.6,112.4,112.8,113.4,114,114.7,115.2,115.9,116,116.5,116.9,116.9,117.4,117.7,118,118,117.6,117.6,117.1,117.5,117.9,118,118.1,118.4,118.6,118.7,119.1,119.1,119.4,119.2,119.3,119.5,119.4,119.5,119.4,119,107.6,104.6,103.4,103.2,101.9,101.6,100.4,101.5,99.4,99.2,97.5,96,95.1,93.5,93.1,93.2,91.6,90.1,88.6,87.4,85.6,84.4,82.9,82,80.3,79.1,77.8,76.1,74.9,73.9,72.6,71,70.3,69.2,67.9,67.1,65.8,65.2,64.6,63.3,62.3,61.6,61.2,60.3,59.6,59,58.1,57.6,57.1,56.4,56,55.5,54.7,54.2,53.6,53.1,52.7,52.1,51.4,50.9,50.5,49.9,49.4,48.6,48.2,47,46.8,46.4,45.7,44.9,44.4,43.8,42.8,42.1,41.6,41,40.6,40.4,39.8,39.3,39,38.6,38.3,37.8,37.5,37.2,36.8,36.4,36.1,35.4,TT,O,,2016,4,2,11/14/2003,3.773584906,3.603656692,3.738068812,2.931596091,,,,,,,,,,,,,,,81.6,83.5,84.5,85.4,86.7,87.9,88.5,89.3,90,91,91.7,92.4,93.3,93.9,94.6,95.4,96,96.3,97.1,97.6,98.2,98.9,99.3,100.3,101.3,101.6,102.1,103,103.8,104.6,105,105.6,106.1,107,107.6,108.5,109.4,109.8,110.3,111,111.6,112.4,112.8,113.4,114,114.7,115.2,115.9,116,116.5,116.9,116.9,117.4,117.7,118,118,117.6,117.6,117.1,117.5,117.9,118,118.1,118.4,118.6,118.7,119.1,119.1,119.4,119.2,119.3,119.5,119.4,119.5,119.4,119,,,,,,,,,,,,,,,93.1,93.2,91.6,90.1,88.6,87.4,85.6,84.4,82.9,82,80.3,79.1,77.8,76.1,74.9,73.9,72.6,71,70.3,69.2,67.9,67.1,65.8,65.2,64.6,63.3,62.3,61.6,61.2,60.3,59.6,59,58.1,57.6,57.1,56.4,56,55.5,54.7,54.2,53.6,53.1,52.7,52.1,51.4,50.9,50.5,49.9,49.4,48.6,48.2,47,46.8,46.4,45.7,44.9,44.4,43.8,42.8,42.1,41.6,41,40.6,40.4,39.8,39.3,39,38.6,38.3,37.8,37.5,37.2,36.8,36.4,36.1,35.4,8129.9,4411.7,106.9723684,58.04868421,55,115,15,15
32,4,A,S,2,90.1,516,100,0,72,27,1,9,1.5,0,0,0,90,1610,36,90,51.1,47.9,45,42.8,40.2,38.4,36.5,34.4,32.2,31.1,29.2,27.7,26,24.6,23.2,21.8,20.9,19.7,18.5,16.9,15.7,14.7,13.7,14.2,14.2,15,15.2,14.7,15,15.2,15.2,14.8,15,14.9,15.1,14.9,15.1,14.8,14.5,14.6,15.1,14.8,15,14.1,14.1,15,15,14.1,15,17.2,18.6,21.7,20.6,21.5,20.7,23.1,23.3,23.5,22.9,23,23.3,23.5,23.9,23.2,23.6,24.5,25.3,26.2,26,26.3,25.7,25.1,24.7,26,25.5,27.7,27.1,25.3,26.6,25.1,25.9,27.1,28.7,28.2,29.6,28.5,28.9,28.1,29.3,28.3,106.7,104.7,104,103,102.1,101.5,100.8,100.4,99.6,99.2,98.4,97.9,97.3,96.8,96.6,96,95.6,95.2,94.8,94.7,94,93.7,93.3,93.4,93,92.6,91.9,92,91.9,91.3,91.1,90.7,90.6,90.5,89.8,89.7,89.2,89.4,89.1,89.1,88.6,88.4,88.2,88.5,88.5,87.2,87.1,87.6,86.4,84.6,83.5,81.5,81.3,80.6,80.3,78.8,78.2,77.6,77.3,76.6,76,75.4,74.9,74.8,74.2,73.5,72.6,72,71.6,71.1,71,70.9,70.8,69.9,70,68.4,68.6,69,68.2,68.6,67.8,67,65.8,65.8,64.7,65,64.4,64.5,63.6,63.9,TT,O,,2016,5,2,11/14/2003,5.726970033,3.603656692,3.738068812,2.931596091,,,,,,,,,,,,,,,23.2,21.8,20.9,19.7,18.5,16.9,15.7,14.7,13.7,14.2,14.2,15,15.2,14.7,15,15.2,15.2,14.8,15,14.9,15.1,14.9,15.1,14.8,14.5,14.6,15.1,14.8,15,14.1,14.1,15,15,14.1,15,17.2,18.6,21.7,20.6,21.5,20.7,23.1,23.3,23.5,22.9,23,23.3,23.5,23.9,23.2,23.6,24.5,25.3,26.2,26,26.3,25.7,25.1,24.7,26,25.5,27.7,27.1,25.3,26.6,25.1,25.9,27.1,28.7,28.2,29.6,28.5,28.9,28.1,29.3,28.3,,,,,,,,,,,,,,,96.6,96,95.6,95.2,94.8,94.7,94,93.7,93.3,93.4,93,92.6,91.9,92,91.9,91.3,91.1,90.7,90.6,90.5,89.8,89.7,89.2,89.4,89.1,89.1,88.6,88.4,88.2,88.5,88.5,87.2,87.1,87.6,86.4,84.6,83.5,81.5,81.3,80.6,80.3,78.8,78.2,77.6,77.3,76.6,76,75.4,74.9,74.8,74.2,73.5,72.6,72,71.6,71.1,71,70.9,70.8,69.9,70,68.4,68.6,69,68.2,68.6,67.8,67,65.8,65.8,64.7,65,64.4,64.5,63.6,63.9,1573,6154,20.69736842,80.97368421,55,115,15,15
33,4,A,N,2,30.7,90,0,62,29,70,1,16,1.5,0,0,0,90,1610,36,30,111.1,108.6,106.1,104.4,102.5,100.9,99.3,96.8,95.9,95.2,94.8,94.5,94.3,94.3,94.2,94.4,94.4,94.4,94.3,94.5,94.6,94.9,95.2,95.6,97.2,97.5,97.5,97.5,97.4,97.3,,,,,,,,,,,,,,,,,,,,,,,,,,,,,,,,,,,,,,,,,,,,,,,,,,,,,,,,,,,,,55.3,54.6,53.4,52.9,51.9,51,50,48.9,47.4,46.5,45,43.5,42.6,41.3,40.4,39.5,38.4,37.8,36.9,35.9,34.8,34.1,33.7,32,29.7,27.8,27,26.3,25.7,25,,,,,,,,,,,,,,,,,,,,,,,,,,,,,,,,,,,,,,,,,,,,,,,,,,,,,,,,,,,,,FS,O,,2016,6,2,11/14/2003,2.931596091,3.603656692,3.738068812,2.931596091,,,,,,,,,,,,,,,,,,,,,,,,,,,,,,,,,,,,,,,,,,,,,,,,,,,,,,,,,,,,,,,,,,,,,,,,,,,,,,,,,,,,,,,,,,,,,,,,,,,,,,,,,,,,,,,,,,,,,,,,,,,,,,,,,,,,,,,,,,,,,,,,,,,,,,,,,,,,,,,,,,,,,,,,,,,,,,,,,,,,,0,0,0,0,115,55,39,31
37,3,A,W,2,22.1,312,43,13,26,40,34,-24,1.5,0,0,0,90,1610,38,22,114.1,112.2,110.9,109.2,106.3,107.6,100.6,88.4,75.5,62.3,54,40,33.1,37,52.7,48.9,50.4,44.2,38.3,42,35.3,13.6,,,,,,,,,,,,,,,,,,,,,,,,,,,,,,,,,,,,,,,,,,,,,,,,,,,,,,,,,,,,,,,,,,,,,63.4,63,63.4,63.6,63.3,63.1,52.1,37.3,24.3,24.3,32.5,54.7,77.8,100.1,116.6,109.9,111.4,106.4,106,113.5,115.8,98.8,,,,,,,,,,,,,,,,,,,,,,,,,,,,,,,,,,,,,,,,,,,,,,,,,,,,,,,,,,,,,,,,,,,,,TT,O,,2016,1,2,11/13/2003,14.11764706,17.09498306,16.71593407,18.99022801,,,,,,,100.6,88.4,75.5,62.3,54,40,33.1,37,52.7,48.9,50.4,44.2,38.3,42,35.3,13.6,,,,,,,,,,,,,,,,,,,,,,,,,,,,,,,,,,,,,,,,,,,,,,,,,,,,,,,,,,,,,,,,,,,,,,,,,,,52.1,37.3,24.3,24.3,32.5,54.7,77.8,100.1,116.6,109.9,111.4,106.4,106,113.5,115.8,98.8,,,,,,,,,,,,,,,,,,,,,,,,,,,,,,,,,,,,,,,,,,,,,,,,,,,,,,,,,,,,,,,,,,,,,816.3,1281.5,51.01875,80.09375,115,55,7,7
38,3,A,N,2,62.1,1264,31,36,32,52,16,64,1.5,2,1,0,90,1610,38,62,112.2,111.8,110.6,109,107.7,107.1,104.3,102.5,97.8,92.7,93.5,95.1,75.4,51.9,35.9,26.3,28.8,43.3,43.4,38.7,20.3,13,32.1,35,24.1,15.5,16.4,31.4,51.4,71.8,92.2,108.4,116.1,120.6,114.1,101.9,87.9,74.2,64,54.2,38.7,31.7,38.2,51.9,62.7,57.4,55,61.9,78.4,97.3,107.5,109.6,104.3,94.8,87,79.9,71.2,53.6,39.7,40.4,26.9,21.2,,,,,,,,,,,,,,,,,,,,,,,,,,,,,56,54.2,51.8,50.1,48.5,44.9,38.3,28.5,13.6,19.5,43.3,66,72.3,61.5,56.1,60.2,79.3,83.7,78.5,75.3,73.7,80.8,98.2,115.2,106.8,93.9,78,59.9,39.2,17.5,9.9,24,32.8,44.7,48.6,51.1,57.4,69.8,87,105.3,115.2,116.5,119.2,119.6,121.3,106.3,86.4,62.9,41.2,28.3,27.6,24.6,25.6,36.6,55.9,76.1,94.8,106.2,117.1,125.5,112.5,95.3,,,,,,,,,,,,,,,,,,,,,,,,,,,,,TT,O,,2016,2,2,11/13/2003,20.35426731,17.09498306,16.71593407,18.99022801,,,,,,,104.3,102.5,97.8,92.7,93.5,95.1,75.4,51.9,35.9,26.3,28.8,43.3,43.4,38.7,20.3,13,32.1,35,24.1,15.5,16.4,31.4,51.4,71.8,92.2,108.4,116.1,120.6,114.1,101.9,87.9,74.2,64,54.2,38.7,31.7,38.2,51.9,62.7,57.4,55,61.9,78.4,97.3,107.5,109.6,104.3,94.8,87,79.9,71.2,53.6,39.7,40.4,26.9,21.2,,,,,,,,,,,,,,,,,,,,,,,,,,,,,,,,,,,38.3,28.5,13.6,19.5,43.3,66,72.3,61.5,56.1,60.2,79.3,83.7,78.5,75.3,73.7,80.8,98.2,115.2,106.8,93.9,78,59.9,39.2,17.5,9.9,24,32.8,44.7,48.6,51.1,57.4,69.8,87,105.3,115.2,116.5,119.2,119.6,121.3,106.3,86.4,62.9,41.2,28.3,27.6,24.6,25.6,36.6,55.9,76.1,94.8,106.2,117.1,125.5,112.5,95.3,,,,,,,,,,,,,,,,,,,,,,,,,,,,,3583.5,3884.6,63.99107143,69.36785714,115,55,7,7
39,3,A,E,2,22.9,441,47,5,51,41,8,65,1.5,1,0,0,90,1610,38,22,64.2,61.3,53.7,46.5,37.9,35.4,44.1,50.4,51.9,31.6,18.4,26.2,38.6,37.6,35.5,34.5,33.6,37.2,37.8,39.9,26.1,14.5,,,,,,,,,,,,,,,,,,,,,,,,,,,,,,,,,,,,,,,,,,,,,,,,,,,,,,,,,,,,,,,,,,,,,119.5,108.8,97.6,85.5,69.9,54.4,44.7,56.3,80.3,94.3,101.6,106.2,105.7,93.6,76.2,64.4,53.4,56.6,72.7,86.7,95.4,90,,,,,,,,,,,,,,,,,,,,,,,,,,,,,,,,,,,,,,,,,,,,,,,,,,,,,,,,,,,,,,,,,,,,,TT,O,,2016,3,2,11/13/2003,19.25764192,17.09498306,16.71593407,18.99022801,,,53.7,46.5,37.9,35.4,44.1,50.4,51.9,31.6,18.4,26.2,38.6,37.6,35.5,34.5,33.6,37.2,37.8,39.9,26.1,14.5,,,,,,,,,,,,,,,,,,,,,,,,,,,,,,,,,,,,,,,,,,,,,,,,,,,,,,,,,,,,,,,,,,,,,,,97.6,85.5,69.9,54.4,44.7,56.3,80.3,94.3,101.6,106.2,105.7,93.6,76.2,64.4,53.4,56.6,72.7,86.7,95.4,90,,,,,,,,,,,,,,,,,,,,,,,,,,,,,,,,,,,,,,,,,,,,,,,,,,,,,,,,,,,,,,,,,,,,,731.4,1585.5,36.57,79.275,55,115,3,3
37,4,A,E,2,12.4,114,22,12,0,39,61,53,1.5,0,0,0,90,1610,38,12,62.2,63.4,64.6,64.8,64.5,64,61.1,55.1,55.2,42.3,37.1,24.2,,,,,,,,,,,,,,,,,,,,,,,,,,,,,,,,,,,,,,,,,,,,,,,,,,,,,,,,,,,,,,,,,,,,,,,,,,,,,,,120.1,121,121.2,121,121,120,112.5,104.3,103.8,94.8,101.1,100,,,,,,,,,,,,,,,,,,,,,,,,,,,,,,,,,,,,,,,,,,,,,,,,,,,,,,,,,,,,,,,,,,,,,,,,,,,,,,,TT,O,,2016,4,2,11/14/2003,9.193548387,17.09498306,16.71593407,18.99022801,,,64.6,64.8,64.5,64,61.1,55.1,55.2,42.3,37.1,24.2,,,,,,,,,,,,,,,,,,,,,,,,,,,,,,,,,,,,,,,,,,,,,,,,,,,,,,,,,,,,,,,,,,,,,,,,,,,,,,,,,121.2,121,121,120,112.5,104.3,103.8,94.8,101.1,100,,,,,,,,,,,,,,,,,,,,,,,,,,,,,,,,,,,,,,,,,,,,,,,,,,,,,,,,,,,,,,,,,,,,,,,,,,,,,,,532.9,1099.7,53.29,109.97,55,115,3,3
38,4,A,S,2,19.8,409,35,14,67,22,11,-95,1.5,1,1,0,90,1610,38,19,52.9,56.1,58.3,54.8,43.5,27.1,16.5,21.1,43.6,51.4,57.1,71,82.3,85.4,81.8,72.1,59.8,49.3,21.4,,,,,,,,,,,,,,,,,,,,,,,,,,,,,,,,,,,,,,,,,,,,,,,,,,,,,,,,,,,,,,,,,,,,,,,,111,110.4,99.5,85.2,70.4,66,70.3,86.6,102,94.1,77.2,60.9,46.9,37.5,15.5,16.5,40.1,65.4,82.9,,,,,,,,,,,,,,,,,,,,,,,,,,,,,,,,,,,,,,,,,,,,,,,,,,,,,,,,,,,,,,,,,,,,,,,,TT,O,,2016,5,2,11/14/2003,20.65656566,17.09498306,16.71593407,18.99022801,,,58.3,54.8,43.5,27.1,16.5,21.1,43.6,51.4,57.1,71,82.3,85.4,81.8,72.1,59.8,49.3,21.4,,,,,,,,,,,,,,,,,,,,,,,,,,,,,,,,,,,,,,,,,,,,,,,,,,,,,,,,,,,,,,,,,,,,,,,,,,99.5,85.2,70.4,66,70.3,86.6,102,94.1,77.2,60.9,46.9,37.5,15.5,16.5,40.1,65.4,82.9,,,,,,,,,,,,,,,,,,,,,,,,,,,,,,,,,,,,,,,,,,,,,,,,,,,,,,,,,,,,,,,,,,,,,,,,896.5,1117,52.73529412,65.70588235,55,115,3,3
39,4,A,N,2,30.7,583,35,31,63,32,5,-23,1.5,2,2,0,90,1610,38,30,110.9,107.9,104.4,94.5,79,61.3,40.1,16.1,12.5,37.4,40.6,34.2,31.2,31.1,39.3,44.9,37.4,13.2,10,30.5,36.6,40.6,44,51.8,70,85.4,94.1,106.9,114.7,117.4,,,,,,,,,,,,,,,,,,,,,,,,,,,,,,,,,,,,,,,,,,,,,,,,,,,,,,,,,,,,,55.4,53.1,50.8,52.6,53.9,57.1,63.3,74.8,97.2,116.5,109.4,93.6,76.2,60.4,47.3,54,74.8,85.5,87.3,86.9,74.6,63.8,49.6,34.7,24.5,13.7,9.8,23.5,31.2,32.2,,,,,,,,,,,,,,,,,,,,,,,,,,,,,,,,,,,,,,,,,,,,,,,,,,,,,,,,,,,,,FS,O,,2016,6,2,11/14/2003,18.99022801,17.09498306,16.71593407,18.99022801,,,,,,61.3,40.1,16.1,12.5,37.4,40.6,34.2,31.2,31.1,39.3,44.9,37.4,13.2,10,30.5,36.6,40.6,44,51.8,70,85.4,94.1,106.9,114.7,117.4,,,,,,,,,,,,,,,,,,,,,,,,,,,,,,,,,,,,,,,,,,,,,,,,,,,,,,,,,,,,,,,,,,57.1,63.3,74.8,97.2,116.5,109.4,93.6,76.2,60.4,47.3,54,74.8,85.5,87.3,86.9,74.6,63.8,49.6,34.7,24.5,13.7,9.8,23.5,31.2,32.2,,,,,,,,,,,,,,,,,,,,,,,,,,,,,,,,,,,,,,,,,,,,,,,,,,,,,,,,,,,,,1241.3,1541.9,49.652,61.676,115,55,6,6
40,3,A,W,2,22.2,527,15,23,29,57,14,58,1.5,1,0,0,90,1610,39,22,105,96,62.6,36.2,19,33.1,54.6,69.1,79.3,90.5,89.9,95.7,103.5,107.4,110.1,111.8,111.8,109.9,94.8,75.7,46.5,12.8,,,,,,,,,,,,,,,,,,,,,,,,,,,,,,,,,,,,,,,,,,,,,,,,,,,,,,,,,,,,,,,,,,,,,63.4,71,67,64.7,69,83.7,100.2,100.7,94.9,98.1,87.6,73.4,59.1,48.7,35.7,27.1,32.1,43.3,48.4,59.5,75.3,88.5,,,,,,,,,,,,,,,,,,,,,,,,,,,,,,,,,,,,,,,,,,,,,,,,,,,,,,,,,,,,,,,,,,,,,TT,O,,2016,1,2,11/13/2003,23.73873874,18.84814368,19.36695808,16.25407166,,,,,,33.1,54.6,69.1,79.3,90.5,89.9,95.7,103.5,107.4,110.1,111.8,111.8,109.9,94.8,75.7,46.5,12.8,,,,,,,,,,,,,,,,,,,,,,,,,,,,,,,,,,,,,,,,,,,,,,,,,,,,,,,,,,,,,,,,,,,,,,,,,,83.7,100.2,100.7,94.9,98.1,87.6,73.4,59.1,48.7,35.7,27.1,32.1,43.3,48.4,59.5,75.3,88.5,,,,,,,,,,,,,,,,,,,,,,,,,,,,,,,,,,,,,,,,,,,,,,,,,,,,,,,,,,,,,,,,,,,,,1396.5,1156.3,82.14705882,68.01764706,115,55,6,6
41,3,A,N,2,24.2,510,23,42,63,36,1,80,1.5,0,0,0,90,1610,39,24,113.5,112.5,111.9,106.7,96.3,83.2,67,46.6,21.6,13.8,29,40.4,48.9,54.8,61.1,72.2,86.3,93.8,97.6,91.9,80.5,62.6,39.6,21.2,,,,,,,,,,,,,,,,,,,,,,,,,,,,,,,,,,,,,,,,,,,,,,,,,,,,,,,,,,,,,,,,,,,49.6,44.8,34.4,22.8,14.2,23.3,43.7,63.7,82.9,99,109.8,108.3,100.1,83.9,63.5,39,19.4,12.7,18.7,32.6,46.9,58.2,68.6,78.4,,,,,,,,,,,,,,,,,,,,,,,,,,,,,,,,,,,,,,,,,,,,,,,,,,,,,,,,,,,,,,,,,,,TT,O,,2016,2,2,11/13/2003,21.07438017,18.84814368,19.36695808,16.25407166,,,,,,83.2,67,46.6,21.6,13.8,29,40.4,48.9,54.8,61.1,72.2,86.3,93.8,97.6,91.9,80.5,62.6,39.6,21.2,,,,,,,,,,,,,,,,,,,,,,,,,,,,,,,,,,,,,,,,,,,,,,,,,,,,,,,,,,,,,,,,,,,,,,,,23.3,43.7,63.7,82.9,99,109.8,108.3,100.1,83.9,63.5,39,19.4,12.7,18.7,32.6,46.9,58.2,68.6,78.4,,,,,,,,,,,,,,,,,,,,,,,,,,,,,,,,,,,,,,,,,,,,,,,,,,,,,,,,,,,,,,,,,,,1112.1,1152.7,58.53157895,60.66842105,115,55,6,6
42,3,A,E,2,90.1,1557,26,19,33,39,28,74,1.5,2,1,0,90,1610,39,90,67.6,67.1,70.4,73.4,78.7,82.6,83.6,77.7,69.3,56.4,48.5,32.9,28.5,28.4,30.5,32.2,35.1,38.1,40.4,42.1,44,45.9,47.9,48,46.6,38.7,35,37.4,51.9,75.6,100.4,116.3,118.2,113.9,106.9,95.1,77.8,50,17.5,10.1,27.2,36,48,65.4,85.2,101.8,111.1,107.4,101.2,91.4,89,87.6,84.8,92.7,100.1,103.1,98.3,93.5,89.9,89.4,87.1,87,80.4,72.4,67,60.4,50.3,37.4,39.5,57.9,65.8,68.7,72.5,79.3,88.3,94.8,98.5,100.4,98.1,91.9,86.1,81.1,77.2,57.2,38.9,19.7,11.8,30.5,50.5,68.5,106.8,92.6,77.1,59.7,35.7,20.4,5.5,23.9,47.9,66.3,80.4,98,106.4,112.3,116,117.5,119.5,121.6,123,123.7,124.7,125.6,126.8,126.6,123.7,111.2,96.1,75.2,51,31.7,35.4,41.9,38.7,30.2,23.4,26.1,39.4,54.3,71.1,82.7,84.5,71,53.5,33.9,30.3,42.3,59,66.8,72.3,83.3,98.6,88.2,72.6,62.8,68.2,73.1,79.4,84.6,95.8,89.9,82.9,84.4,77.3,74,73.1,74.7,70.6,74.7,94.7,113.8,113.1,105.1,94,81.7,69.2,58.3,45.1,30.8,14.5,15.2,35.1,56.8,75.1,82.9,83.2,78.8,77.4,83.1,95.8,111.5,TT,O,,2016,3,2,11/13/2003,17.28079911,18.84814368,19.36695808,16.25407166,,,70.4,73.4,78.7,82.6,83.6,77.7,69.3,56.4,48.5,32.9,28.5,28.4,30.5,32.2,35.1,38.1,40.4,42.1,44,45.9,47.9,48,46.6,38.7,35,37.4,51.9,75.6,100.4,116.3,118.2,113.9,106.9,95.1,77.8,50,17.5,10.1,27.2,36,48,65.4,85.2,101.8,111.1,107.4,101.2,91.4,89,87.6,84.8,92.7,100.1,103.1,98.3,93.5,89.9,89.4,87.1,87,80.4,72.4,67,60.4,50.3,37.4,39.5,57.9,65.8,68.7,72.5,79.3,88.3,94.8,98.5,100.4,98.1,91.9,86.1,81.1,77.2,57.2,38.9,19.7,11.8,30.5,50.5,68.5,,,77.1,59.7,35.7,20.4,5.5,23.9,47.9,66.3,80.4,98,106.4,112.3,116,117.5,119.5,121.6,123,123.7,124.7,125.6,126.8,126.6,123.7,111.2,96.1,75.2,51,31.7,35.4,41.9,38.7,30.2,23.4,26.1,39.4,54.3,71.1,82.7,84.5,71,53.5,33.9,30.3,42.3,59,66.8,72.3,83.3,98.6,88.2,72.6,62.8,68.2,73.1,79.4,84.6,95.8,89.9,82.9,84.4,77.3,74,73.1,74.7,70.6,74.7,94.7,113.8,113.1,105.1,94,81.7,69.2,58.3,45.1,30.8,14.5,15.2,35.1,56.8,75.1,82.9,83.2,78.8,77.4,83.1,95.8,111.5,5948.3,6527.7,67.59431818,74.17840909,55,115,3,3
40,4,A,E,2,55.7,1009,36,14,45,36,19,76,1.5,1,1,0,90,1610,39,55,67.4,65.4,67.3,70.4,70.2,65.5,63.7,65.4,72.9,81.5,79.8,67.9,52.1,42,39.5,39.8,40.9,40.7,37.4,34.7,35.2,48.8,69.6,83.7,88.1,91.3,83.4,72.8,61.4,54,49.8,47,45.5,44.8,44.9,45.7,46.9,48.7,49.8,51.3,46.4,35.4,28.9,30.4,43.2,57.3,63.7,72,76.1,73.2,65.3,55.6,51.8,47.8,31,,,,,,,,,,,,,,,,,,,,,,,,,,,,,,,,,,,,115.1,100.4,85.2,74.3,65,42.3,24.5,29,37.6,52.5,74.8,91.9,105.4,115.2,120.6,124.2,126.3,126.1,121.6,113.8,97.5,80,62.2,51.7,38.5,18.5,5.8,24.1,42.3,55.7,65.4,74.1,82,87.6,92.6,97.4,101.4,105.2,108.4,112.4,111.8,113.9,113.8,109.9,104.2,93.8,77.4,58.8,50.8,30.9,21.7,33.2,43.8,59.2,73.1,,,,,,,,,,,,,,,,,,,,,,,,,,,,,,,,,,,,TT,O,,2016,4,2,11/14/2003,18.11490126,18.84814368,19.36695808,16.25407166,,,67.3,70.4,70.2,65.5,63.7,65.4,72.9,81.5,79.8,67.9,52.1,42,39.5,39.8,40.9,40.7,37.4,34.7,35.2,48.8,69.6,83.7,88.1,91.3,83.4,72.8,61.4,54,49.8,47,45.5,44.8,44.9,45.7,46.9,48.7,49.8,51.3,46.4,35.4,28.9,30.4,43.2,57.3,63.7,72,76.1,73.2,65.3,55.6,51.8,47.8,31,,,,,,,,,,,,,,,,,,,,,,,,,,,,,,,,,,,,,,85.2,74.3,65,42.3,24.5,29,37.6,52.5,74.8,91.9,105.4,115.2,120.6,124.2,126.3,126.1,121.6,113.8,97.5,80,62.2,51.7,38.5,18.5,5.8,24.1,42.3,55.7,65.4,74.1,82,87.6,92.6,97.4,101.4,105.2,108.4,112.4,111.8,113.9,113.8,109.9,104.2,93.8,77.4,58.8,50.8,30.9,21.7,33.2,43.8,59.2,73.1,,,,,,,,,,,,,,,,,,,,,,,,,,,,,,,,,,,,2972.5,4029.4,56.08490566,76.02641509,55,115,3,3
41,4,A,S,2,90.1,1498,24,21,59,36,5,36,1.5,0,2,0,90,1610,39,90,51.6,35.4,23.2,13.5,19.2,40.1,63.3,82.5,90,93.3,86.8,73.9,55,31.7,14,27.2,41.1,53.8,60.6,70.8,81.1,84.9,84,85.4,78.6,67.7,53.5,45.1,56.1,72.5,76.6,77.3,80.3,83.9,87,89.8,89.6,87.1,78.5,68.1,57.3,42,27.4,15.9,19.9,28.8,39,45.6,54.2,66.1,74.2,79.1,80.4,77.1,67.5,58.4,51.7,46.5,41.6,37.4,33.7,30.1,26.9,14.1,15.1,31.9,45.8,56.3,58.4,60.6,64.5,66.9,67.9,69.1,69.9,70.4,70.5,70.8,73.3,66.7,51.2,42.9,55.1,63.2,65.7,67.7,71.5,77.5,82,79.4,114.6,112.2,107.9,94.4,76.2,54,32.1,24.1,20.4,12.7,9.4,27.4,48.8,73.2,96.7,107.3,107.7,102.6,88.8,74.6,60.6,52.7,40.1,26.6,19.1,27.4,46.9,74,103.9,115.1,108.6,95.7,82.9,74,67.2,63,63,55.1,39.5,24.6,29.8,49.9,73,93.2,104.5,107.1,105.4,97,86,75.2,64.3,59.6,51.5,37.7,30.4,32.1,36.1,39.7,44.2,48.3,52.1,56.1,60,73.2,85.8,93.5,92.9,92,84.5,75.1,63.9,52.9,47.4,40,32.5,28.6,24.6,20.9,15.1,19,36.4,66.7,86,83.3,78.5,67.5,47.2,29.3,11.5,8.6,TT,O,,2016,5,2,11/14/2003,16.62597114,18.84814368,19.36695808,16.25407166,,,23.2,13.5,19.2,40.1,63.3,82.5,90,93.3,86.8,73.9,55,31.7,14,27.2,41.1,53.8,60.6,70.8,81.1,84.9,84,85.4,78.6,67.7,53.5,45.1,56.1,72.5,76.6,77.3,80.3,83.9,87,89.8,89.6,87.1,78.5,68.1,57.3,42,27.4,15.9,19.9,28.8,39,45.6,54.2,66.1,74.2,79.1,80.4,77.1,67.5,58.4,51.7,46.5,41.6,37.4,33.7,30.1,26.9,14.1,15.1,31.9,45.8,56.3,58.4,60.6,64.5,66.9,67.9,69.1,69.9,70.4,70.5,70.8,73.3,66.7,51.2,42.9,55.1,63.2,65.7,67.7,71.5,77.5,82,79.4,,,107.9,94.4,76.2,54,32.1,24.1,20.4,12.7,9.4,27.4,48.8,73.2,96.7,107.3,107.7,102.6,88.8,74.6,60.6,52.7,40.1,26.6,19.1,27.4,46.9,74,103.9,115.1,108.6,95.7,82.9,74,67.2,63,63,55.1,39.5,24.6,29.8,49.9,73,93.2,104.5,107.1,105.4,97,86,75.2,64.3,59.6,51.5,37.7,30.4,32.1,36.1,39.7,44.2,48.3,52.1,56.1,60,73.2,85.8,93.5,92.9,92,84.5,75.1,63.9,52.9,47.4,40,32.5,28.6,24.6,20.9,15.1,19,36.4,66.7,86,83.3,78.5,67.5,47.2,29.3,11.5,8.6,5196.3,5288.4,59.04886364,60.09545455,55,115,3,3
42,4,A,N,2,30.7,499,10,29,74,25,1,60,1.5,1,2,0,90,1610,39,30,113.3,110,104.8,92.4,76,55.6,28.5,10.5,25.3,38.7,52.5,62.1,68.1,70.6,73.2,73.8,64,53.1,49,40.1,34,44.5,57.7,69,73,78.4,81.6,81.1,79.3,81.1,,,,,,,,,,,,,,,,,,,,,,,,,,,,,,,,,,,,,,,,,,,,,,,,,,,,,,,,,,,,,48.1,39.4,25.5,8.3,14.1,35.5,62.1,78.1,91.6,88.2,83.3,72.6,64.4,62.5,64.1,61.7,53.6,48.9,45.7,48.6,66.7,74.6,73.1,71.3,64.3,58.2,48.5,35.8,15.8,7.4,,,,,,,,,,,,,,,,,,,,,,,,,,,,,,,,,,,,,,,,,,,,,,,,,,,,,,,,,,,,,FS,O,,2016,6,2,11/14/2003,16.25407166,18.84814368,19.36695808,16.25407166,,,,,,,28.5,10.5,25.3,38.7,52.5,62.1,68.1,70.6,73.2,73.8,64,53.1,49,40.1,34,44.5,57.7,69,73,78.4,81.6,81.1,79.3,81.1,,,,,,,,,,,,,,,,,,,,,,,,,,,,,,,,,,,,,,,,,,,,,,,,,,,,,,,,,,,,,,,,,,,62.1,78.1,91.6,88.2,83.3,72.6,64.4,62.5,64.1,61.7,53.6,48.9,45.7,48.6,66.7,74.6,73.1,71.3,64.3,58.2,48.5,35.8,15.8,7.4,,,,,,,,,,,,,,,,,,,,,,,,,,,,,,,,,,,,,,,,,,,,,,,,,,,,,,,,,,,,,1389.2,1441.1,57.88333333,60.04583333,115,55,7,7
43,3,A,W,2,37.6,940,21,19,29,52,19,27,1.5,1,2,0,90,1610,40,37,106.9,107.1,89.8,57.2,26.6,28.7,58.3,73.3,77,78.7,80.4,85.1,96.6,106.2,102.7,96.3,89.1,76.1,56.9,43.6,35.3,33.1,41.5,52.1,66.5,81.7,91.6,96,97.6,96.8,95.3,93.4,95.3,89.5,67.9,42.3,15.6,,,,,,,,,,,,,,,,,,,,,,,,,,,,,,,,,,,,,,,,,,,,,,,,,,,,,,56.7,61.9,59.8,53.7,61.8,82.4,103.8,101.5,86.9,67.3,47.6,23.1,13.2,35.6,53.7,71.9,89.3,100.9,111.1,121.7,120.4,114.5,105.3,92,77.5,63.2,53.4,41.5,23.5,12.9,26.1,45.4,65.7,78.1,81.9,83.8,85.5,,,,,,,,,,,,,,,,,,,,,,,,,,,,,,,,,,,,,,,,,,,,,,,,,,,,,,TT,O,,2016,1,2,11/13/2003,25,19.13380684,19.5618754,16.99346405,,,,,,28.7,58.3,73.3,77,78.7,80.4,85.1,96.6,106.2,102.7,96.3,89.1,76.1,56.9,43.6,35.3,33.1,41.5,52.1,66.5,81.7,91.6,96,97.6,96.8,95.3,93.4,95.3,89.5,67.9,42.3,15.6,,,,,,,,,,,,,,,,,,,,,,,,,,,,,,,,,,,,,,,,,,,,,,,,,,,,,,,,,,,82.4,103.8,101.5,86.9,67.3,47.6,23.1,13.2,35.6,53.7,71.9,89.3,100.9,111.1,121.7,120.4,114.5,105.3,92,77.5,63.2,53.4,41.5,23.5,12.9,26.1,45.4,65.7,78.1,81.9,83.8,85.5,,,,,,,,,,,,,,,,,,,,,,,,,,,,,,,,,,,,,,,,,,,,,,,,,,,,,,2340.5,2280.7,73.140625,71.271875,115,55,6,6
44,3,A,N,2,90.1,1919,26,31,24,38,38,73,1.5,0,1,0,90,1610,40,90,113.3,113.4,109.4,103.7,90.6,73.3,67.8,59.8,38.5,20.7,11.7,23.3,40.3,49.5,57.3,68.7,76.5,78.7,71.2,55.9,45.9,42.8,28.8,19.7,13.4,24.4,45.8,67.8,88.7,99.5,102.1,103.9,105.3,105,98.6,85.8,70.4,51.7,32.4,31.3,44.2,50.1,41.5,32.2,31.1,42.3,55.1,64.1,68,73.1,82.2,89.4,91.7,84.6,74.3,66.7,69.6,80.9,91.9,95.3,101.6,112.7,117.1,120.5,123.3,122.3,119.7,118.9,114.3,108.2,100,91.2,83.8,74.2,64.5,56.9,47.1,41.1,43.3,48.8,58.2,77,91.3,101.9,109.5,116.1,121.3,123.1,122.5,119.8,54.3,49,40.5,24.7,8.7,28,61,86.3,90.6,92.9,96.4,100.6,102.4,90.6,73.4,54,40.2,26.7,16.6,36,60.9,84.9,101.5,104.2,96.1,86.9,81.4,81.9,83.6,82.3,74.2,62.2,52.2,43.9,31.9,22.4,20.6,34.3,59.7,86.2,107.3,120.8,118.8,116.2,115,116.7,116.7,111.5,97.5,78.4,57.9,47.1,36.9,20.5,13.4,28.6,52,76.3,92.4,89.8,80.7,72.4,62.9,52.2,43.8,37.9,35.7,42.7,53.2,64.9,75.5,86.5,98,106.7,116.2,123.1,124.4,125.7,127,122,114.9,104.7,96.8,87.1,74.9,62.3,51.5,42.1,37.3,39.9,TT,O,,2016,2,2,11/13/2003,21.29855716,19.13380684,19.5618754,16.99346405,,,,,,73.3,67.8,59.8,38.5,20.7,11.7,23.3,40.3,49.5,57.3,68.7,76.5,78.7,71.2,55.9,45.9,42.8,28.8,19.7,13.4,24.4,45.8,67.8,88.7,99.5,102.1,103.9,105.3,105,98.6,85.8,70.4,51.7,32.4,31.3,44.2,50.1,41.5,32.2,31.1,42.3,55.1,64.1,68,73.1,82.2,89.4,91.7,84.6,74.3,66.7,69.6,80.9,91.9,95.3,101.6,112.7,117.1,120.5,123.3,122.3,119.7,118.9,114.3,108.2,100,91.2,83.8,74.2,64.5,56.9,47.1,41.1,43.3,48.8,58.2,77,91.3,101.9,109.5,116.1,121.3,123.1,122.5,119.8,,,,,,28,61,86.3,90.6,92.9,96.4,100.6,102.4,90.6,73.4,54,40.2,26.7,16.6,36,60.9,84.9,101.5,104.2,96.1,86.9,81.4,81.9,83.6,82.3,74.2,62.2,52.2,43.9,31.9,22.4,20.6,34.3,59.7,86.2,107.3,120.8,118.8,116.2,115,116.7,116.7,111.5,97.5,78.4,57.9,47.1,36.9,20.5,13.4,28.6,52,76.3,92.4,89.8,80.7,72.4,62.9,52.2,43.8,37.9,35.7,42.7,53.2,64.9,75.5,86.5,98,106.7,116.2,123.1,124.4,125.7,127,122,114.9,104.7,96.8,87.1,74.9,62.3,51.5,42.1,37.3,39.9,6235,6323.8,73.35294118,74.39764706,115,55,6,6
45,3,A,E,2,36.1,719,22,27,36,50,14,86,1.5,1,1,0,90,1610,40,36,62.9,62,57.6,53.4,54.8,70,95.7,116.6,121.2,120.6,115.4,103.8,88.2,67.8,45.9,31.4,27.7,34,41.9,49.5,53.2,53.6,53.4,51.6,56.5,67,80.2,93.8,98.9,91.5,79.6,65.9,50.4,33.7,21.4,9.9,,,,,,,,,,,,,,,,,,,,,,,,,,,,,,,,,,,,,,,,,,,,,,,,,,,,,,,113.1,101.7,88.2,71.4,44.3,17.5,20.3,38.4,43.3,43.7,41.9,40,42.7,54.7,73.8,95.1,111.7,116.9,114.9,105.6,90.6,77.4,69.2,51,32.5,21.3,28.7,43.9,62.5,72.1,81.1,89.9,95.4,99.2,98.9,93.6,,,,,,,,,,,,,,,,,,,,,,,,,,,,,,,,,,,,,,,,,,,,,,,,,,,,,,,TT,O,,2016,3,2,11/13/2003,19.91689751,19.13380684,19.5618754,16.99346405,,,57.6,53.4,54.8,70,95.7,116.6,121.2,120.6,115.4,103.8,88.2,67.8,45.9,31.4,27.7,34,41.9,49.5,53.2,53.6,53.4,51.6,56.5,67,80.2,93.8,98.9,91.5,79.6,65.9,50.4,33.7,21.4,9.9,,,,,,,,,,,,,,,,,,,,,,,,,,,,,,,,,,,,,,,,,,,,,,,,,,,,,,,,,88.2,71.4,44.3,17.5,20.3,38.4,43.3,43.7,41.9,40,42.7,54.7,73.8,95.1,111.7,116.9,114.9,105.6,90.6,77.4,69.2,51,32.5,21.3,28.7,43.9,62.5,72.1,81.1,89.9,95.4,99.2,98.9,93.6,,,,,,,,,,,,,,,,,,,,,,,,,,,,,,,,,,,,,,,,,,,,,,,,,,,,,,,2256.1,2271.7,66.35588235,66.81470588,55,115,3,3
43,4,A,E,2,12.9,154,22,1,4,21,75,65,1.5,2,0,0,90,1610,40,12,55.9,56.5,57.3,58.2,60.6,64.1,65,65.4,61.5,59.1,41.3,16.7,,,,,,,,,,,,,,,,,,,,,,,,,,,,,,,,,,,,,,,,,,,,,,,,,,,,,,,,,,,,,,,,,,,,,,,,,,,,,,,110.3,110.6,111.1,111.9,115.7,119.7,117.6,114.6,107.3,110.3,108.1,96.1,,,,,,,,,,,,,,,,,,,,,,,,,,,,,,,,,,,,,,,,,,,,,,,,,,,,,,,,,,,,,,,,,,,,,,,,,,,,,,,TT,O,,2016,4,2,11/14/2003,11.9379845,19.13380684,19.5618754,16.99346405,,,57.3,58.2,60.6,64.1,65,65.4,61.5,59.1,41.3,16.7,,,,,,,,,,,,,,,,,,,,,,,,,,,,,,,,,,,,,,,,,,,,,,,,,,,,,,,,,,,,,,,,,,,,,,,,,,,,,,,,,111.1,111.9,115.7,119.7,117.6,114.6,107.3,110.3,108.1,96.1,,,,,,,,,,,,,,,,,,,,,,,,,,,,,,,,,,,,,,,,,,,,,,,,,,,,,,,,,,,,,,,,,,,,,,,,,,,,,,,549.2,1112.4,54.92,111.24,55,115,3,3
44,4,A,S,2,90.1,1771,26,24,18,55,27,42,1.5,0,2,0,90,1610,40,90,57.3,51.7,44.7,33.4,37,50.8,61.1,71.9,79.8,88.3,98.7,101.8,107.7,115.7,117.5,113.4,105.1,95.6,88.8,86.4,86.6,85.7,86.1,67.1,49.1,32.1,29.1,39.8,45.4,40,38.6,48,67.2,89.2,102.9,107.2,109.3,110.8,113.2,115.2,116.1,110,100.6,90.8,82.2,69.3,61.2,51.5,45.1,39.2,39.7,43.3,48.6,54.6,65,76.6,87.6,92.3,92.4,87.1,85.2,91,100.3,108.5,109,105.6,103.5,100.6,90.1,71.4,60.6,41.3,32,27.2,27.3,37.8,53.1,63.5,66.8,69.8,74.2,80.8,84.8,88.1,87.9,80.7,70.3,63.5,59.9,61.1,111,107.5,113.1,114.6,121.2,125.7,122.1,115.9,106.1,93.3,84,72.2,59.4,48.9,39.9,29.6,20.9,25.8,44.8,69.1,90.5,96.5,95.2,95.4,97.5,103.2,113.4,123.1,123.1,110.7,92.9,72.5,57.7,54.4,52.2,52,40.6,31.9,28.1,33.5,41.1,47.4,54.9,66.7,81.9,93.8,104,118.7,123.4,123.5,124.6,122.7,117.1,107.5,100.3,92.7,83.9,73.8,66.3,47.5,25.1,8.9,20.4,38.4,53.1,62.3,70.6,78.7,82.8,88.2,95.4,108.7,113.8,112.2,105.1,99.3,95.6,87.4,77,66.1,49.8,35.5,28,23.7,11.3,6.2,21.4,40.2,60.8,80.8,TT,O,,2016,5,2,11/14/2003,19.65593785,19.13380684,19.5618754,16.99346405,,,44.7,33.4,37,50.8,61.1,71.9,79.8,88.3,98.7,101.8,107.7,115.7,117.5,113.4,105.1,95.6,88.8,86.4,86.6,85.7,86.1,67.1,49.1,32.1,29.1,39.8,45.4,40,38.6,48,67.2,89.2,102.9,107.2,109.3,110.8,113.2,115.2,116.1,110,100.6,90.8,82.2,69.3,61.2,51.5,45.1,39.2,39.7,43.3,48.6,54.6,65,76.6,87.6,92.3,92.4,87.1,85.2,91,100.3,108.5,109,105.6,103.5,100.6,90.1,71.4,60.6,41.3,32,27.2,27.3,37.8,53.1,63.5,66.8,69.8,74.2,80.8,84.8,88.1,87.9,80.7,70.3,63.5,59.9,61.1,,,113.1,114.6,121.2,125.7,122.1,115.9,106.1,93.3,84,72.2,59.4,48.9,39.9,29.6,20.9,25.8,44.8,69.1,90.5,96.5,95.2,95.4,97.5,103.2,113.4,123.1,123.1,110.7,92.9,72.5,57.7,54.4,52.2,52,40.6,31.9,28.1,33.5,41.1,47.4,54.9,66.7,81.9,93.8,104,118.7,123.4,123.5,124.6,122.7,117.1,107.5,100.3,92.7,83.9,73.8,66.3,47.5,25.1,8.9,20.4,38.4,53.1,62.3,70.6,78.7,82.8,88.2,95.4,108.7,113.8,112.2,105.1,99.3,95.6,87.4,77,66.1,49.8,35.5,28,23.7,11.3,6.2,21.4,40.2,60.8,80.8,6609.4,6609.6,75.10681818,75.10909091,55,115,3,3
45,4,A,N,2,30.6,520,3,36,46,44,10,77,1.5,0,2,0,90,1610,40,30,113.9,114.2,114.2,108.6,99.5,87.5,75.6,68.3,67.4,75.2,76.8,75.7,62.2,50.4,41,36.4,42.3,56.3,73,88.6,96.5,98.5,99.1,95.8,87.8,78.2,69.4,66.6,70.9,71.1,,,,,,,,,,,,,,,,,,,,,,,,,,,,,,,,,,,,,,,,,,,,,,,,,,,,,,,,,,,,,54.8,52.1,44.2,35.4,22.2,9.2,15.7,41.5,66.5,96,103.3,102.7,98.2,87,71.7,56.5,44.2,40.7,49.3,58.1,57,57.3,54.5,39.6,23.2,11.5,21.7,41.2,60.6,80.7,,,,,,,,,,,,,,,,,,,,,,,,,,,,,,,,,,,,,,,,,,,,,,,,,,,,,,,,,,,,,FS,O,,2016,6,2,11/14/2003,16.99346405,19.13380684,19.5618754,16.99346405,,,,,,,75.6,68.3,67.4,75.2,76.8,75.7,62.2,50.4,41,36.4,42.3,56.3,73,88.6,96.5,98.5,99.1,95.8,87.8,78.2,69.4,66.6,70.9,71.1,,,,,,,,,,,,,,,,,,,,,,,,,,,,,,,,,,,,,,,,,,,,,,,,,,,,,,,,,,,,,,,,,,,15.7,41.5,66.5,96,103.3,102.7,98.2,87,71.7,56.5,44.2,40.7,49.3,58.1,57,57.3,54.5,39.6,23.2,11.5,21.7,41.2,60.6,80.7,,,,,,,,,,,,,,,,,,,,,,,,,,,,,,,,,,,,,,,,,,,,,,,,,,,,,,,,,,,,,1723.1,1378.7,71.79583333,57.44583333,115,55,7,7
1,3,B,W,2,90.1,1430,15,18,11,41,48,60,1.5,0,1,0,90,1610,41,90,110.8,109.3,107.1,97,84.5,69.7,51.4,43.1,41.5,44.4,50.3,57.8,69.2,81.2,85.3,90.4,97.2,103.8,104.5,103.3,102.5,102.4,108,111.1,108.9,112.7,119.7,121.9,120.4,118.7,113.7,110,106.5,99.1,91.3,80.2,70.9,53.9,40.7,38.1,39.9,41.3,39.1,36.6,39.9,45.8,52.4,57.2,57.7,58.7,56.4,59.5,79.7,97.6,115.3,122.7,120.1,118.1,114.6,108.8,95,89.5,96.8,98,91.2,80,63.6,46.6,45.1,51.9,51.4,65.9,76.7,79.6,83.4,90.9,98.8,104.9,109,107.3,104.7,108.1,112.1,107.5,102.7,94.7,83.5,84.1,79,73.1,56.8,56.3,67,78.4,90.8,104.6,116.1,122.5,126.7,126.3,123,117.2,111.7,106.8,95.7,84.5,75.2,71.5,68,64.2,60.4,57.9,63.4,58.2,47.2,39.6,35.3,39,44.3,52.5,61.4,66.8,72.3,81.8,89.8,98.7,107.8,111.7,113.6,119,124.4,126.5,121.6,115,104.9,97.3,91,85,76.2,73.4,58.5,35.5,9.3,14.3,30.6,38.7,39.1,41.9,47.2,49.5,50.2,60.4,78.4,84.3,86,91,96.5,91.3,83.5,79.9,80.9,87.1,98.4,100.2,99.2,95.4,89.5,84.6,79.9,74.7,67.5,65.4,68.1,69.4,70.6,72,59.9,49.5,40.2,34.3,TT,O,,2016,1,2,11/13/2003,15.87125416,11.26589624,11.38792794,10.65573771,,,,,,,,,,44.4,50.3,57.8,69.2,81.2,85.3,90.4,97.2,103.8,104.5,103.3,102.5,102.4,108,111.1,108.9,112.7,119.7,121.9,120.4,118.7,113.7,110,106.5,99.1,91.3,80.2,70.9,53.9,40.7,38.1,39.9,41.3,39.1,36.6,39.9,45.8,52.4,57.2,57.7,58.7,56.4,59.5,79.7,97.6,115.3,122.7,120.1,118.1,114.6,108.8,95,89.5,96.8,98,91.2,80,63.6,46.6,45.1,51.9,51.4,65.9,76.7,79.6,83.4,90.9,98.8,104.9,109,107.3,104.7,108.1,112.1,107.5,102.7,94.7,83.5,84.1,79,73.1,,,,,,,,,,126.3,123,117.2,111.7,106.8,95.7,84.5,75.2,71.5,68,64.2,60.4,57.9,63.4,58.2,47.2,39.6,35.3,39,44.3,52.5,61.4,66.8,72.3,81.8,89.8,98.7,107.8,111.7,113.6,119,124.4,126.5,121.6,115,104.9,97.3,91,85,76.2,73.4,58.5,35.5,9.3,14.3,30.6,38.7,39.1,41.9,47.2,49.5,50.2,60.4,78.4,84.3,86,91,96.5,91.3,83.5,79.9,80.9,87.1,98.4,100.2,99.2,95.4,89.5,84.6,79.9,74.7,67.5,65.4,68.1,69.4,70.6,72,59.9,49.5,40.2,34.3,6854.6,6133,84.62469136,75.71604938,115,55,10,10
2,3,B,N,2,90.1,709,0,97,2,57,41,91,1.5,0,0,0,90,1610,41,90,111,106.5,102,106.5,112.8,114.1,114.8,115.2,114.8,113.5,114.3,115.3,111.9,108.5,105.9,115.5,122.8,121.6,121.3,119.9,120.5,119.4,118.8,122.7,121.9,121.6,121.7,120.2,121.5,124.1,123.8,121.7,123.1,122.6,124.6,124,123,121,120.8,117.5,115.9,116.5,118.6,118.3,119.8,118.2,114.2,109.9,108.3,105.4,107.9,118.8,123.7,123.4,124.1,122.2,121.1,120.7,118.5,121.5,121.6,119.8,120.6,116.5,112.2,111.4,114.5,120.6,122.9,122.7,124.8,122.7,121.6,116.5,111.4,101,95.6,99.2,108.7,118.7,124.7,121.2,119.8,123.5,121.2,119.9,118.1,115.2,113.9,112.9,57.4,54.1,53,48,55.4,55.1,52.2,48.1,44.4,42.5,38.4,34,27.4,23.9,24.4,31.8,38.1,36.8,36.3,34.5,34.9,33.8,33.3,37.9,37.4,37.8,38.7,37.7,39.2,41.4,42.3,42.4,44.8,44.9,45.2,44.1,45.2,45.6,48.2,48.3,50.5,54.4,57.4,57.4,57.6,55.9,47.4,37,33.3,30,34.3,44.4,48.9,47.8,46.5,48.4,50.4,51.2,51.4,54,56.2,55.2,53.7,45.6,39.7,34.6,35.3,42.5,45.2,45.8,46.3,46,49,48.2,49,38.5,27.5,23,29.3,38.3,43.7,40.1,37.1,40.1,37.5,35.5,33.3,29.7,28.4,27.8,TT,O,,2016,2,2,11/13/2003,7.869034406,11.26589624,11.38792794,10.65573771,,,,,,,,,,113.5,114.3,115.3,111.9,108.5,105.9,115.5,122.8,121.6,121.3,119.9,120.5,119.4,118.8,122.7,121.9,121.6,121.7,120.2,121.5,124.1,123.8,121.7,123.1,122.6,124.6,124,123,121,120.8,117.5,115.9,116.5,118.6,118.3,119.8,118.2,114.2,109.9,108.3,105.4,107.9,118.8,123.7,123.4,124.1,122.2,121.1,120.7,118.5,121.5,121.6,119.8,120.6,116.5,112.2,111.4,114.5,120.6,122.9,122.7,124.8,122.7,121.6,116.5,111.4,101,95.6,99.2,108.7,118.7,124.7,121.2,119.8,123.5,121.2,119.9,118.1,115.2,113.9,112.9,,,,,,,,,,42.5,38.4,34,27.4,23.9,24.4,31.8,38.1,36.8,36.3,34.5,34.9,33.8,33.3,37.9,37.4,37.8,38.7,37.7,39.2,41.4,42.3,42.4,44.8,44.9,45.2,44.1,45.2,45.6,48.2,48.3,50.5,54.4,57.4,57.4,57.6,55.9,47.4,37,33.3,30,34.3,44.4,48.9,47.8,46.5,48.4,50.4,51.2,51.4,54,56.2,55.2,53.7,45.6,39.7,34.6,35.3,42.5,45.2,45.8,46.3,46,49,48.2,49,38.5,27.5,23,29.3,38.3,43.7,40.1,37.1,40.1,37.5,35.5,33.3,29.7,28.4,27.8,9545.4,3351.5,117.8444444,41.37654321,115,55,10,10
3,3,B,E,2,90.1,619,0,0,1,59,40,102,1.5,0,0,0,90,1610,41,90,60.1,64.6,65.2,66.7,74,83.5,83.1,84.6,85.3,87.5,88.8,90,88,88.8,85.4,80.6,90.3,100.6,101.2,99.2,101.1,104.4,104.8,108.8,108.6,104.4,98.8,89.8,88,95.6,102.2,100.1,98.7,95,96.9,99.5,99.6,102.2,104,104.1,104.3,105.5,105.9,105.5,107.3,108.5,108.2,108.4,107.4,107.9,107.8,107.7,107.3,109.5,109.9,110.3,110.2,110.4,111.3,107.8,105.9,110.5,110.9,110.2,110.6,109.5,109.2,107.7,110.5,110.1,109.1,108.9,111.4,107.2,107.8,109.1,108.1,107.5,108,108.3,107.8,109.4,110.3,110.6,110.8,110.6,110.8,108.3,108.8,109.7,116.7,116.8,117.2,108.2,104.4,105.1,95.1,90.3,83.8,79.1,72.7,72.9,63.6,57.5,48,60.8,71.8,78.8,77.4,75,76.5,72.5,64.9,60.8,57.9,53.1,48,47.5,61.7,72.4,78.5,76.2,75.2,72.3,79.1,81.6,77.9,76,74.5,73.6,71,70,68.3,68.6,66.5,65.6,66.7,66,65,65.2,65.2,64.2,61.7,61.8,62.2,62,62.7,63.1,63.5,60.5,62.5,62.8,61.6,62.8,62.4,61.5,62.9,63.6,63.1,63,63.1,63.7,64.3,65.4,66.7,66.9,65.1,64.7,63.8,65.8,61.2,58.5,58,58,59.4,59.2,59.7,59.5,61.6,62.7,TT,O,,2016,3,2,11/13/2003,6.870144284,11.26589624,11.38792794,10.65573771,,,,,74,83.5,83.1,84.6,85.3,87.5,88.8,90,88,88.8,85.4,80.6,90.3,100.6,101.2,99.2,101.1,104.4,104.8,108.8,108.6,104.4,98.8,89.8,88,95.6,102.2,100.1,98.7,95,96.9,99.5,99.6,102.2,104,104.1,104.3,105.5,105.9,105.5,107.3,108.5,108.2,108.4,107.4,107.9,107.8,107.7,107.3,109.5,109.9,110.3,110.2,110.4,111.3,107.8,105.9,110.5,110.9,110.2,110.6,109.5,109.2,107.7,110.5,110.1,109.1,108.9,111.4,107.2,107.8,109.1,108.1,107.5,108,108.3,107.8,109.4,110.3,110.6,110.8,110.6,110.8,108.3,108.8,109.7,,,,,104.4,105.1,95.1,90.3,83.8,79.1,72.7,72.9,63.6,57.5,48,60.8,71.8,78.8,77.4,75,76.5,72.5,64.9,60.8,57.9,53.1,48,47.5,61.7,72.4,78.5,76.2,75.2,72.3,79.1,81.6,77.9,76,74.5,73.6,71,70,68.3,68.6,66.5,65.6,66.7,66,65,65.2,65.2,64.2,61.7,61.8,62.2,62,62.7,63.1,63.5,60.5,62.5,62.8,61.6,62.8,62.4,61.5,62.9,63.6,63.1,63,63.1,63.7,64.3,65.4,66.7,66.9,65.1,64.7,63.8,65.8,61.2,58.5,58,58,59.4,59.2,59.7,59.5,61.6,62.7,8856.2,5789.8,102.9790698,67.32325581,55,115,5,5
1,4,B,E,2,90.1,1097,3,83,12,77,11,82,1.5,0,0,0,90,1610,41,90,68,70.5,82.3,91.2,100.5,110.6,116.2,117.7,118.6,119.5,120.4,120.3,120.6,121.4,120.9,121,117.7,109.6,92.6,72.2,55.8,27.1,13.2,22,41.6,63.2,86,105.2,108.8,105,105.3,110.5,113.4,114.6,105.6,109.5,118.9,121.9,119.1,116.7,115.3,109.2,99.9,106.3,116.2,124.6,121.3,123.4,121.9,120.4,123.1,122.2,122.9,123.1,122,117.5,117.4,113.2,110.3,96.2,92.1,95.5,102.9,110.5,118.5,120.4,118.8,118.1,118.2,116,109.9,101.2,107,114.2,119.4,119.4,115.7,116.4,110.4,108.3,115.5,119.3,120.6,120.6,119.7,120.5,121.3,120,121.5,121.1,109.2,92.2,80.8,66.2,49.1,38.3,35.5,32.3,33.3,35,37,38.6,40.4,41.8,42.6,45.2,47.3,47.7,47.5,55.9,68.3,77.3,75.1,69.2,60.3,59.1,65.1,70.5,65.3,57.7,44.3,33.4,30.4,29.1,20.8,25.6,34,36.3,33.6,32.2,33.6,30.9,17.7,21.9,31.2,39.8,37.1,39.3,37.6,35.4,38.3,38.1,39.5,40.9,41.1,38.9,40.8,36.9,39.1,22.9,13.7,10.7,17.3,24.9,32.9,34.9,33.2,32.7,33.2,32.3,27.4,15.8,21.8,28.7,33.9,33.8,30.4,30.8,25.3,25,31.5,35.1,36.5,36.7,35.4,35.4,36,34.6,35.9,35.5,TT,O,,2016,4,2,11/14/2003,12.17536071,11.26589624,11.38792794,10.65573771,,,,,100.5,110.6,116.2,117.7,118.6,119.5,120.4,120.3,120.6,121.4,120.9,121,117.7,109.6,92.6,72.2,55.8,27.1,13.2,22,41.6,63.2,86,105.2,108.8,105,105.3,110.5,113.4,114.6,105.6,109.5,118.9,121.9,119.1,116.7,115.3,109.2,99.9,106.3,116.2,124.6,121.3,123.4,121.9,120.4,123.1,122.2,122.9,123.1,122,117.5,117.4,113.2,110.3,96.2,92.1,95.5,102.9,110.5,118.5,120.4,118.8,118.1,118.2,116,109.9,101.2,107,114.2,119.4,119.4,115.7,116.4,110.4,108.3,115.5,119.3,120.6,120.6,119.7,120.5,121.3,120,121.5,121.1,,,,,49.1,38.3,35.5,32.3,33.3,35,37,38.6,40.4,41.8,42.6,45.2,47.3,47.7,47.5,55.9,68.3,77.3,75.1,69.2,60.3,59.1,65.1,70.5,65.3,57.7,44.3,33.4,30.4,29.1,20.8,25.6,34,36.3,33.6,32.2,33.6,30.9,17.7,21.9,31.2,39.8,37.1,39.3,37.6,35.4,38.3,38.1,39.5,40.9,41.1,38.9,40.8,36.9,39.1,22.9,13.7,10.7,17.3,24.9,32.9,34.9,33.2,32.7,33.2,32.3,27.4,15.8,21.8,28.7,33.9,33.8,30.4,30.8,25.3,25,31.5,35.1,36.5,36.7,35.4,35.4,36,34.6,35.9,35.5,9322.6,3247.4,108.4023256,37.76046512,55,115,5,5
2,4,B,S,2,6.5,92,73,4,12,40,48,37,1.5,1,0,0,90,1610,41,6,58.4,60.5,56.1,42.1,27.6,11.4,,,,,,,,,,,,,,,,,,,,,,,,,,,,,,,,,,,,,,,,,,,,,,,,,,,,,,,,,,,,,,,,,,,,,,,,,,,,,,,,,,,,,108.6,107.7,108.8,109.5,103.3,94.7,,,,,,,,,,,,,,,,,,,,,,,,,,,,,,,,,,,,,,,,,,,,,,,,,,,,,,,,,,,,,,,,,,,,,,,,,,,,,,,,,,,,,TT,O,,2016,5,2,11/14/2003,14.15384615,11.26589624,11.38792794,10.65573771,,,,,27.6,11.4,,,,,,,,,,,,,,,,,,,,,,,,,,,,,,,,,,,,,,,,,,,,,,,,,,,,,,,,,,,,,,,,,,,,,,,,,,,,,,,,,,,,,,,,,103.3,94.7,,,,,,,,,,,,,,,,,,,,,,,,,,,,,,,,,,,,,,,,,,,,,,,,,,,,,,,,,,,,,,,,,,,,,,,,,,,,,,,,,,,,,39,198,19.5,99,55,115,5,5
3,4,B,N,2,30.5,325,0,100,17,81,2,84,1.5,0,3,0,90,1610,41,30,112.5,111.8,110.5,108.8,108.9,112.1,106.9,107.3,117.1,119.9,118.9,118.7,118,117.2,118.2,117.3,113.6,104,92.8,84.3,78.4,85.6,94.6,104.3,114.3,120.3,121.3,119.1,120.7,119.1,,,,,,,,,,,,,,,,,,,,,,,,,,,,,,,,,,,,,,,,,,,,,,,,,,,,,,,,,,,,,50,45.3,35.6,28.2,25.2,27.2,23.4,21.7,31.6,34.6,33.4,33.1,32.7,33.4,36.5,36,32.4,24.3,15.1,9.3,9,11.6,12.2,19.3,28.7,34.7,35.7,33.6,35.2,33.6,,,,,,,,,,,,,,,,,,,,,,,,,,,,,,,,,,,,,,,,,,,,,,,,,,,,,,,,,,,,,FS,O,,2016,6,2,11/14/2003,10.65573771,11.26589624,11.38792794,10.65573771,,,,,,,,,,,118.9,118.7,118,117.2,118.2,117.3,113.6,104,92.8,84.3,78.4,85.6,94.6,104.3,114.3,120.3,121.3,119.1,120.7,119.1,,,,,,,,,,,,,,,,,,,,,,,,,,,,,,,,,,,,,,,,,,,,,,,,,,,,,,,,,,,,,,,,,,,,,,,33.4,33.1,32.7,33.4,36.5,36,32.4,24.3,15.1,9.3,9,11.6,12.2,19.3,28.7,34.7,35.7,33.6,35.2,33.6,,,,,,,,,,,,,,,,,,,,,,,,,,,,,,,,,,,,,,,,,,,,,,,,,,,,,,,,,,,,,2180.7,539.8,109.035,26.99,115,55,11,11
4,3,B,W,2,19.4,260,16,41,82,14,4,-56,1.5,1,0,0,90,1610,43,19,113,109.5,98,89.4,87.8,77.8,68.9,62.5,57.2,51.2,45.2,43.7,43.5,43.4,42.2,39.9,24,15.1,13,,,,,,,,,,,,,,,,,,,,,,,,,,,,,,,,,,,,,,,,,,,,,,,,,,,,,,,,,,,,,,,,,,,,,,,,59.4,51.5,34.9,18.7,13.7,12.4,17.1,23.3,29.2,36.6,47.8,52.8,56.9,58.9,59.4,62.3,69.8,74.4,90.7,,,,,,,,,,,,,,,,,,,,,,,,,,,,,,,,,,,,,,,,,,,,,,,,,,,,,,,,,,,,,,,,,,,,,,,,TT,O,,2016,1,2,11/13/2003,13.40206186,19.62229412,18.99119738,22.77777778,,,,,,77.8,68.9,62.5,57.2,51.2,45.2,43.7,43.5,43.4,42.2,39.9,24,15.1,13,,,,,,,,,,,,,,,,,,,,,,,,,,,,,,,,,,,,,,,,,,,,,,,,,,,,,,,,,,,,,,,,,,,,,,,,,,,,,12.4,17.1,23.3,29.2,36.6,47.8,52.8,56.9,58.9,59.4,62.3,69.8,74.4,90.7,,,,,,,,,,,,,,,,,,,,,,,,,,,,,,,,,,,,,,,,,,,,,,,,,,,,,,,,,,,,,,,,,,,,,,,,627.6,691.6,44.82857143,49.4,115,55,6,6
5,3,B,N,2,90.1,2126,23,25,38,40,22,-13,1.5,0,3,0,90,1610,43,90,105.8,92.7,72.1,59,41.5,25.4,29.8,37.9,35.9,42.7,44.2,45.6,53.8,70.1,87.9,100.8,100.7,96.8,75.7,50.3,30.2,24,41,48.6,53.4,57.4,64.7,77.4,100.2,97.4,89.3,82.6,80.6,74.6,65.4,64.1,77.9,80.9,80.9,68.9,48.2,28.1,30.6,52.1,74.8,81,90.1,106.9,117.8,114.4,112.8,114.6,113.4,99.6,90.6,79.8,60.6,50.2,47.6,35.7,25.8,33.3,52.4,72,81.4,96.8,115.5,121.7,120.9,123.4,120.7,117.6,112.2,105.6,98.5,90.7,85.6,72.5,58.1,40,29.4,37.4,40.4,37.6,29.7,17.1,16.5,35,57,69,56.4,54.5,50.5,35.3,45.2,73.1,105.1,122.8,115.9,104.7,87,62.3,40.4,17.5,21,46,67.6,84,85.1,74.8,65.3,67.2,65.5,52.5,44.7,30.3,32.9,56.1,74.5,61.7,42.8,17.7,8.2,22,44.5,74.2,96.4,92.5,90.5,78.2,66.6,61.5,71.9,89.8,92.3,78.4,60.6,51.3,53.5,49.1,54.6,62.6,50,22.6,8.2,20.3,48,78.7,103.6,112.1,110.2,95.4,81.8,70.5,55.1,43.3,51.2,51.1,42.7,39.1,37.9,45.6,59.3,70.2,75.3,89.1,93,97.6,106.8,109.4,112.7,120.9,123.8,123.1,113.5,96.3,74.7,51,31,26.4,TT,O,,2016,2,2,11/13/2003,23.59600444,19.62229412,18.99119738,22.77777778,,,,,,25.4,29.8,37.9,35.9,42.7,44.2,45.6,53.8,70.1,87.9,100.8,100.7,96.8,75.7,50.3,30.2,24,41,48.6,53.4,57.4,64.7,77.4,100.2,97.4,89.3,82.6,80.6,74.6,65.4,64.1,77.9,80.9,80.9,68.9,48.2,28.1,30.6,52.1,74.8,81,90.1,106.9,117.8,114.4,112.8,114.6,113.4,99.6,90.6,79.8,60.6,50.2,47.6,35.7,25.8,33.3,52.4,72,81.4,96.8,115.5,121.7,120.9,123.4,120.7,117.6,112.2,105.6,98.5,90.7,85.6,72.5,58.1,40,29.4,37.4,40.4,37.6,29.7,17.1,16.5,35,57,69,,,,,,73.1,105.1,122.8,115.9,104.7,87,62.3,40.4,17.5,21,46,67.6,84,85.1,74.8,65.3,67.2,65.5,52.5,44.7,30.3,32.9,56.1,74.5,61.7,42.8,17.7,8.2,22,44.5,74.2,96.4,92.5,90.5,78.2,66.6,61.5,71.9,89.8,92.3,78.4,60.6,51.3,53.5,49.1,54.6,62.6,50,22.6,8.2,20.3,48,78.7,103.6,112.1,110.2,95.4,81.8,70.5,55.1,43.3,51.2,51.1,42.7,39.1,37.9,45.6,59.3,70.2,75.3,89.1,93,97.6,106.8,109.4,112.7,120.9,123.8,123.1,113.5,96.3,74.7,51,31,26.4,5919.8,5758.7,69.64470588,67.74941177,115,55,6,6
6,3,B,E,2,70.6,1404,31,28,35,55,10,-21,1.5,0,2,0,90,1610,43,70,56.3,47.9,33.3,16.4,13.8,25,48.5,74.3,88.7,90.4,89.1,90.4,94.7,94.8,96.7,96.8,84.8,81.4,77.7,80.1,87.1,88.3,83.6,71.6,53.4,35.9,29.8,38.8,47.8,37.6,26.2,20.3,31.7,47.8,53.1,62.7,74.2,88.8,102.5,108.5,106.7,102.4,96.8,93.7,100.8,102.9,96.5,89.3,87,97.9,113.2,117.4,110,103.7,87.9,66.6,43.9,30.4,35.2,39.7,33.5,24.5,25.3,37.6,52.4,60.4,62.2,57.5,41.1,22.8,,,,,,,,,,,,,,,,,,,,,114.3,110.4,102.8,84.9,75.8,65.8,70.5,89.5,89.3,77.3,59.8,38.7,19.2,10.2,18,18.8,31.6,38.1,49.5,68.8,63.4,61,51.7,40.8,39.1,51.1,72.1,93.4,108.9,111.3,108.1,104.3,102.7,101.7,89,75.7,58.1,43.7,36.4,32.2,22.1,25.4,41.2,61.4,77.7,72.2,55.1,32.9,8.8,20.8,37.8,40.8,35.7,29.5,14.8,19.7,46.2,75.5,101.5,121.8,118.8,108.8,98.2,87.9,84.2,88.8,88.2,94.5,91.1,91.1,,,,,,,,,,,,,,,,,,,,,TT,O,,2016,3,2,11/13/2003,19.88668555,19.62229412,18.99119738,22.77777778,,,33.3,16.4,13.8,25,48.5,74.3,88.7,90.4,89.1,90.4,94.7,94.8,96.7,96.8,84.8,81.4,77.7,80.1,87.1,88.3,83.6,71.6,53.4,35.9,29.8,38.8,47.8,37.6,26.2,20.3,31.7,47.8,53.1,62.7,74.2,88.8,102.5,108.5,106.7,102.4,96.8,93.7,100.8,102.9,96.5,89.3,87,97.9,113.2,117.4,110,103.7,87.9,66.6,43.9,30.4,35.2,39.7,33.5,24.5,25.3,37.6,52.4,60.4,62.2,57.5,41.1,22.8,,,,,,,,,,,,,,,,,,,,,,,102.8,84.9,75.8,65.8,70.5,89.5,89.3,77.3,59.8,38.7,19.2,10.2,18,18.8,31.6,38.1,49.5,68.8,63.4,61,51.7,40.8,39.1,51.1,72.1,93.4,108.9,111.3,108.1,104.3,102.7,101.7,89,75.7,58.1,43.7,36.4,32.2,22.1,25.4,41.2,61.4,77.7,72.2,55.1,32.9,8.8,20.8,37.8,40.8,35.7,29.5,14.8,19.7,46.2,75.5,101.5,121.8,118.8,108.8,98.2,87.9,84.2,88.8,88.2,94.5,91.1,91.1,,,,,,,,,,,,,,,,,,,,,4605.9,4345.8,67.73382353,63.90882353,55,115,3,3
4,4,B,E,2,25.4,340,5,2,23,42,35,92,1.5,0,0,0,90,1610,43,25,56,55.3,55,57.8,57.9,57.2,56.9,55.2,56.7,52.6,55.1,54.2,55.3,54.6,55.3,55.8,60,60.2,58.3,48.8,47.5,50.4,47.2,36,20,,,,,,,,,,,,,,,,,,,,,,,,,,,,,,,,,,,,,,,,,,,,,,,,,,,,,,,,,,,,,,,,,,109.9,108.4,107.9,110.9,110.4,109.1,108.6,105.9,107.6,101.8,104.4,102.9,103.4,102.4,102.5,102.5,104.5,94.8,84.3,71,42.2,40.5,42.3,62.4,78.9,,,,,,,,,,,,,,,,,,,,,,,,,,,,,,,,,,,,,,,,,,,,,,,,,,,,,,,,,,,,,,,,,,TT,O,,2016,4,2,11/14/2003,13.38582677,19.62229412,18.99119738,22.77777778,,,55,57.8,57.9,57.2,56.9,55.2,56.7,52.6,55.1,54.2,55.3,54.6,55.3,55.8,60,60.2,58.3,48.8,47.5,50.4,47.2,36,20,,,,,,,,,,,,,,,,,,,,,,,,,,,,,,,,,,,,,,,,,,,,,,,,,,,,,,,,,,,,,,,,,,,,107.9,110.9,110.4,109.1,108.6,105.9,107.6,101.8,104.4,102.9,103.4,102.4,102.5,102.5,104.5,94.8,84.3,71,42.2,40.5,42.3,62.4,78.9,,,,,,,,,,,,,,,,,,,,,,,,,,,,,,,,,,,,,,,,,,,,,,,,,,,,,,,,,,,,,,,,,,1208,2101.2,52.52173913,91.35652174,55,115,3,3
5,4,B,S,2,74.7,1844,25,21,52,35,13,-82,1.5,1,2,0,90,1610,43,74,49,48.5,52.2,41.5,30.2,39,65.6,91,100.7,102.6,99.5,95.8,93.1,93.9,93.6,85.1,56.7,36.8,29.5,36.5,41.5,44,48.3,61.3,80.5,84.1,82.6,67.7,49.6,37.3,34.2,35.3,35,38,45.8,48.8,55.2,62.6,64.3,78.8,83.6,86,88.3,80.7,71.8,54.3,41.4,46.2,67.1,82.2,84.1,88.8,103.7,111.2,116.1,104,90.4,80.5,77.7,77.8,65.8,49.7,39.9,40.3,29.4,15.9,28.8,52.6,77,84.6,92.8,76.9,58.3,28.2,,,,,,,,,,,,,,,,,104.6,107.7,96,75.2,59.9,57.8,69.8,78.6,70,58.9,34.7,13.1,28.2,56.3,81.9,95.7,100.9,105.1,113.4,118.3,108.4,89.6,66.6,39.5,25.6,29.8,29.9,40.4,60,85.2,106.1,118.7,118.9,101.2,84,64.4,41.5,24.5,34.6,43.4,42.9,32.3,20.9,8.2,27.6,49.8,77.6,101.2,106.2,99.1,82.4,64.9,58.8,59.7,53.3,35,12.4,15.1,40.3,52.2,67.9,80,97.4,117.5,114,94.1,75.4,59.4,50.2,47.6,59,58.8,58.9,70.1,,,,,,,,,,,,,,,,,TT,O,,2016,5,2,11/14/2003,24.6854083,19.62229412,18.99119738,22.77777778,,,52.2,41.5,30.2,39,65.6,91,100.7,102.6,99.5,95.8,93.1,93.9,93.6,85.1,56.7,36.8,29.5,36.5,41.5,44,48.3,61.3,80.5,84.1,82.6,67.7,49.6,37.3,34.2,35.3,35,38,45.8,48.8,55.2,62.6,64.3,78.8,83.6,86,88.3,80.7,71.8,54.3,41.4,46.2,67.1,82.2,84.1,88.8,103.7,111.2,116.1,104,90.4,80.5,77.7,77.8,65.8,49.7,39.9,40.3,29.4,15.9,28.8,52.6,77,84.6,92.8,76.9,58.3,28.2,,,,,,,,,,,,,,,,,,,96,75.2,59.9,57.8,69.8,78.6,70,58.9,34.7,13.1,28.2,56.3,81.9,95.7,100.9,105.1,113.4,118.3,108.4,89.6,66.6,39.5,25.6,29.8,29.9,40.4,60,85.2,106.1,118.7,118.9,101.2,84,64.4,41.5,24.5,34.6,43.4,42.9,32.3,20.9,8.2,27.6,49.8,77.6,101.2,106.2,99.1,82.4,64.9,58.8,59.7,53.3,35,12.4,15.1,40.3,52.2,67.9,80,97.4,117.5,114,94.1,75.4,59.4,50.2,47.6,59,58.8,58.9,70.1,,,,,,,,,,,,,,,,,4714.3,4716.3,65.47638889,65.50416667,55,115,3,3
6,4,B,N,2,30.6,697,40,9,48,37,15,-12,1.5,4,0,0,90,1610,43,30,106.9,97.4,76,51.4,24.1,9.6,31.6,43.9,44.5,57.1,73.6,79.1,74.9,68.1,70.8,77.7,59.1,39,19.2,20.2,26.4,40.2,33.4,10.5,8.3,18.9,39.6,61.3,81.8,98.8,,,,,,,,,,,,,,,,,,,,,,,,,,,,,,,,,,,,,,,,,,,,,,,,,,,,,,,,,,,,,55.8,54.3,51.6,58.1,74.7,92.7,97,80.9,61.3,35.6,18,16.6,31.1,53.3,79.2,102.2,101.6,98.9,98.3,103,104.9,118.6,114.6,92.6,78.1,69.1,60.1,62.8,75.9,86.6,,,,,,,,,,,,,,,,,,,,,,,,,,,,,,,,,,,,,,,,,,,,,,,,,,,,,,,,,,,,,FS,O,,2016,6,2,11/14/2003,22.77777778,19.62229412,18.99119738,22.77777778,,,,,24.1,9.6,31.6,43.9,44.5,57.1,73.6,79.1,74.9,68.1,70.8,77.7,59.1,39,19.2,20.2,26.4,40.2,33.4,10.5,8.3,18.9,39.6,61.3,81.8,98.8,,,,,,,,,,,,,,,,,,,,,,,,,,,,,,,,,,,,,,,,,,,,,,,,,,,,,,,,,,,,,,,,,74.7,92.7,97,80.9,61.3,35.6,18,16.6,31.1,53.3,79.2,102.2,101.6,98.9,98.3,103,104.9,118.6,114.6,92.6,78.1,69.1,60.1,62.8,75.9,86.6,,,,,,,,,,,,,,,,,,,,,,,,,,,,,,,,,,,,,,,,,,,,,,,,,,,,,,,,,,,,,1211.7,2007.7,46.60384615,77.21923077,115,55,5,5
10,3,B,W,2,28.4,416,25,9,16,51,33,-7,1.5,0,0,0,90,1610,59,28,113.3,111.8,109.7,104.3,100.6,94.9,91.6,94.9,91.7,94.9,98,110,112.4,112.8,116.2,117.1,116.2,113.4,105.4,89,62.4,23,23.6,49.1,52.7,48.8,42.8,29.4,,,,,,,,,,,,,,,,,,,,,,,,,,,,,,,,,,,,,,,,,,,,,,,,,,,,,,,,,,,,,,,59.3,58.4,57.2,53.3,50.5,46.1,43.5,46.7,43.2,46.9,50,59.5,61.8,62.2,65.5,66.5,63.9,55.3,40.5,29.5,39.1,76.4,108.3,125.7,123,112.1,100.8,89.8,,,,,,,,,,,,,,,,,,,,,,,,,,,,,,,,,,,,,,,,,,,,,,,,,,,,,,,,,,,,,,,TT,O,,2016,1,2,11/13/2003,14.64788732,18.30881486,17.99018567,19.90196078,,,,,,94.9,91.6,94.9,91.7,94.9,98,110,112.4,112.8,116.2,117.1,116.2,113.4,105.4,89,62.4,23,23.6,49.1,52.7,48.8,42.8,29.4,,,,,,,,,,,,,,,,,,,,,,,,,,,,,,,,,,,,,,,,,,,,,,,,,,,,,,,,,,,,,,,,,,,,46.1,43.5,46.7,43.2,46.9,50,59.5,61.8,62.2,65.5,66.5,63.9,55.3,40.5,29.5,39.1,76.4,108.3,125.7,123,112.1,100.8,89.8,,,,,,,,,,,,,,,,,,,,,,,,,,,,,,,,,,,,,,,,,,,,,,,,,,,,,,,,,,,,,,,1890.3,1556.3,82.18695652,67.66521739,115,55,6,6
11,3,B,N,2,90.1,2021,29,27,27,46,27,68,1.5,0,3,0,90,1610,59,90,112.5,113.1,114.1,113.7,113.5,113.7,110.7,103.4,88.2,66,31.8,15,24.2,28.4,38.2,53.9,61.8,63.2,60.5,52.6,56.8,64.3,69.4,63.3,46.2,36.2,33.4,36.5,42.4,57.9,79.4,88.9,92.4,100.3,109.8,117.4,121.8,118,116.1,110,101.9,92,79.4,65.7,53.3,43.7,40.2,37.4,31.5,29,25.2,24.3,16.9,38.6,46.9,59.8,80.2,97,92.6,77,54,28.5,20.6,35.4,40.7,36.3,30.1,37.9,62.2,90.2,112,118.5,111.4,93.1,69.7,51.1,42.3,50.1,62.8,70.4,79,87.8,101,105.8,100.2,87.5,78,69.3,66.2,69.7,53.2,54.5,55.3,54.4,53.5,50.6,43,29.5,9.4,21.7,61.2,91.1,108,112.2,112.7,109.5,97.3,82.3,69.1,46.6,33.4,47.7,69.6,83,97.4,110.3,118,118.9,111.5,103.2,99.5,90.3,74.8,54.1,36.4,32.8,40.1,45.4,60.3,66.5,80.3,93.2,102.7,111.4,119.7,125.6,125.3,122.7,114,103.4,93.6,91.5,76.2,51,39.5,41.7,60.6,80.6,81.8,81.4,80.2,88.2,103.3,119.8,124.4,118.3,100.9,77.9,56.8,45,46.4,43.1,29.4,10.3,25.3,51.3,80.6,106,118.3,109.6,96.6,77.1,61.1,48,27.1,7.6,20.5,43.2,62.3,71.4,TT,O,,2016,2,2,11/13/2003,22.43063263,18.30881486,17.99018567,19.90196078,,,,,,113.7,110.7,103.4,88.2,66,31.8,15,24.2,28.4,38.2,53.9,61.8,63.2,60.5,52.6,56.8,64.3,69.4,63.3,46.2,36.2,33.4,36.5,42.4,57.9,79.4,88.9,92.4,100.3,109.8,117.4,121.8,118,116.1,110,101.9,92,79.4,65.7,53.3,43.7,40.2,37.4,31.5,29,25.2,24.3,16.9,38.6,46.9,59.8,80.2,97,92.6,77,54,28.5,20.6,35.4,40.7,36.3,30.1,37.9,62.2,90.2,112,118.5,111.4,93.1,69.7,51.1,42.3,50.1,62.8,70.4,79,87.8,101,105.8,100.2,87.5,78,69.3,66.2,69.7,,,,,,50.6,43,29.5,9.4,21.7,61.2,91.1,108,112.2,112.7,109.5,97.3,82.3,69.1,46.6,33.4,47.7,69.6,83,97.4,110.3,118,118.9,111.5,103.2,99.5,90.3,74.8,54.1,36.4,32.8,40.1,45.4,60.3,66.5,80.3,93.2,102.7,111.4,119.7,125.6,125.3,122.7,114,103.4,93.6,91.5,76.2,51,39.5,41.7,60.6,80.6,81.8,81.4,80.2,88.2,103.3,119.8,124.4,118.3,100.9,77.9,56.8,45,46.4,43.1,29.4,10.3,25.3,51.3,80.6,106,118.3,109.6,96.6,77.1,61.1,48,27.1,7.6,20.5,43.2,62.3,71.4,5666.5,6383.6,66.66470588,75.10117647,115,55,6,6
12,3,B,E,2,4.3,63,100,0,11,26,63,-16,1.5,0,0,0,90,1610,59,4,53.3,54.7,44,23,,,,,,,,,,,,,,,,,,,,,,,,,,,,,,,,,,,,,,,,,,,,,,,,,,,,,,,,,,,,,,,,,,,,,,,,,,,,,,,,,,,,,,,112.4,115.7,112.7,98.1,,,,,,,,,,,,,,,,,,,,,,,,,,,,,,,,,,,,,,,,,,,,,,,,,,,,,,,,,,,,,,,,,,,,,,,,,,,,,,,,,,,,,,,TT,O,,2016,3,2,11/13/2003,14.65116279,18.30881486,17.99018567,19.90196078,,,44,23,,,,,,,,,,,,,,,,,,,,,,,,,,,,,,,,,,,,,,,,,,,,,,,,,,,,,,,,,,,,,,,,,,,,,,,,,,,,,,,,,,,,,,,,,112.7,98.1,,,,,,,,,,,,,,,,,,,,,,,,,,,,,,,,,,,,,,,,,,,,,,,,,,,,,,,,,,,,,,,,,,,,,,,,,,,,,,,,,,,,,,,67,210.8,33.5,105.4,55,115,3,3
10,4,B,E,2,19.9,321,31,10,27,43,30,-29,1.5,1,0,0,90,1610,59,19,55.9,58.2,60.1,60.2,53.3,51.9,52,50.8,50.6,49.7,51.8,52.8,37.3,29.5,16.4,29.8,39.7,53.9,35.2,,,,,,,,,,,,,,,,,,,,,,,,,,,,,,,,,,,,,,,,,,,,,,,,,,,,,,,,,,,,,,,,,,,,,,,,112.8,115.1,116.9,116.5,107.7,105,105.5,104,103.8,102.8,105.4,112.3,112.1,112.7,90.6,75,66.1,70.7,83.1,,,,,,,,,,,,,,,,,,,,,,,,,,,,,,,,,,,,,,,,,,,,,,,,,,,,,,,,,,,,,,,,,,,,,,,,TT,O,,2016,4,2,11/14/2003,16.13065327,18.30881486,17.99018567,19.90196078,,,60.1,60.2,53.3,51.9,52,50.8,50.6,49.7,51.8,52.8,37.3,29.5,16.4,29.8,39.7,53.9,35.2,,,,,,,,,,,,,,,,,,,,,,,,,,,,,,,,,,,,,,,,,,,,,,,,,,,,,,,,,,,,,,,,,,,,,,,,,,116.9,116.5,107.7,105,105.5,104,103.8,102.8,105.4,112.3,112.1,112.7,90.6,75,66.1,70.7,83.1,,,,,,,,,,,,,,,,,,,,,,,,,,,,,,,,,,,,,,,,,,,,,,,,,,,,,,,,,,,,,,,,,,,,,,,,775,1690.2,45.58823529,99.42352941,55,115,3,3
11,4,B,S,2,28.7,634,41,11,52,31,17,-110,1.5,1,0,0,90,1610,59,28,58.5,63.3,64.6,67.4,67.1,60.4,56,56.5,54.8,39.7,17.5,28.8,39.8,41.5,38,44.9,58.2,55.1,37.3,18.1,19.4,38,56.2,63,62.4,58.6,45.3,17.9,,,,,,,,,,,,,,,,,,,,,,,,,,,,,,,,,,,,,,,,,,,,,,,,,,,,,,,,,,,,,,,109.3,106.3,90.6,69,49.6,32.2,34.8,49,57.5,69.9,87.5,113.9,125,126.1,113.2,98.7,98.4,101.6,102.2,101.2,93.2,75.5,52,34.5,24.4,35,54.4,80.3,,,,,,,,,,,,,,,,,,,,,,,,,,,,,,,,,,,,,,,,,,,,,,,,,,,,,,,,,,,,,,,TT,O,,2016,5,2,11/14/2003,22.09059233,18.30881486,17.99018567,19.90196078,,,64.6,67.4,67.1,60.4,56,56.5,54.8,39.7,17.5,28.8,39.8,41.5,38,44.9,58.2,55.1,37.3,18.1,19.4,38,56.2,63,62.4,58.6,45.3,17.9,,,,,,,,,,,,,,,,,,,,,,,,,,,,,,,,,,,,,,,,,,,,,,,,,,,,,,,,,,,,,,,,,90.6,69,49.6,32.2,34.8,49,57.5,69.9,87.5,113.9,125,126.1,113.2,98.7,98.4,101.6,102.2,101.2,93.2,75.5,52,34.5,24.4,35,54.4,80.3,,,,,,,,,,,,,,,,,,,,,,,,,,,,,,,,,,,,,,,,,,,,,,,,,,,,,,,,,,,,,,,1206.5,1969.7,46.40384615,75.75769231,55,115,3,3
12,4,B,N,2,30.6,609,39,24,51,48,1,30,1.5,2,0,0,90,1610,59,30,111.3,103.8,93.1,78.5,64.4,57.8,63.2,63.5,46,31.8,20.1,9.6,23.2,33.9,37.2,29.7,9.7,26.6,56.2,74.2,76,70.8,66.3,66.3,67.7,60.5,45,31.7,33.9,27.1,,,,,,,,,,,,,,,,,,,,,,,,,,,,,,,,,,,,,,,,,,,,,,,,,,,,,,,,,,,,,51.1,44.4,30.5,18.2,22.3,43.1,61.6,74.9,85.3,92.4,96.8,93.4,91.4,92.8,96.8,98.4,89.3,79,77.2,76.5,64.4,45.4,27.6,22.6,29.8,38.9,56.3,79.4,98.1,107.4,,,,,,,,,,,,,,,,,,,,,,,,,,,,,,,,,,,,,,,,,,,,,,,,,,,,,,,,,,,,,FS,O,,2016,6,2,11/14/2003,19.90196078,18.30881486,17.99018567,19.90196078,,,,,,57.8,63.2,63.5,46,31.8,20.1,9.6,23.2,33.9,37.2,29.7,9.7,26.6,56.2,74.2,76,70.8,66.3,66.3,67.7,60.5,45,31.7,33.9,27.1,,,,,,,,,,,,,,,,,,,,,,,,,,,,,,,,,,,,,,,,,,,,,,,,,,,,,,,,,,,,,,,,,,43.1,61.6,74.9,85.3,92.4,96.8,93.4,91.4,92.8,96.8,98.4,89.3,79,77.2,76.5,64.4,45.4,27.6,22.6,29.8,38.9,56.3,79.4,98.1,107.4,,,,,,,,,,,,,,,,,,,,,,,,,,,,,,,,,,,,,,,,,,,,,,,,,,,,,,,,,,,,,1128,1818.8,45.12,72.752,115,55,6,6
13,3,B,W,2,90.1,2091,23,22,20,58,22,-64,1.5,0,3,0,90,1610,65,90,110.9,100.6,90.3,85.1,83.5,74.6,60.3,45.8,25.2,14.9,39.4,64.3,72.7,75.8,78.4,84.4,88.5,87,91.4,100.5,104.3,99.6,93.5,86.8,70.9,52.5,39.8,31.7,33.2,49.2,71.5,83.6,85.5,84.1,87.1,96.2,108.2,113.5,113.6,110.8,99.5,80.9,62.3,67.1,69.7,69.9,58.3,42.4,31.3,31.1,43,54.1,66.6,72.4,79,83.6,83.9,79.7,80.4,83.6,80.1,72,72.5,64.5,47.9,36.9,36,39.3,43.5,55.7,66.9,82.3,86.7,98.1,103.7,104.5,102.3,96.6,97.3,105.1,104.3,92.6,78,61,47.4,39,31,31.8,36.7,57.4,48.2,25.4,11,37.1,54.4,74,90.4,101.7,100.1,96.8,94.7,81.8,66,45.6,22.8,6.6,22.4,40.8,63,69.7,74,75.2,78.2,85,91,99.5,112.7,115.7,113.9,105.8,98,96,92.1,77.1,60.4,43.4,33.2,28.9,31.3,33.6,34.6,43.7,63.1,97.8,103.9,110.4,114.6,116,115.4,114.7,105.5,92.6,79.6,63,44.3,24.9,7.8,16.1,42.3,54.1,68.2,83.3,100.6,109.9,110.6,116.3,121.1,122.3,109.4,94.7,78.9,67.6,63.6,72.2,73,55.2,34.5,13.6,27.1,48.7,59.1,71.1,83.1,96,109.3,118.6,116.1,116.4,103.8,94.1,TT,O,,2016,1,2,11/13/2003,23.20754717,20.74683759,21.19032276,18.52941177,,,,,83.5,74.6,60.3,45.8,25.2,14.9,39.4,64.3,72.7,75.8,78.4,84.4,88.5,87,91.4,100.5,104.3,99.6,93.5,86.8,70.9,52.5,39.8,31.7,33.2,49.2,71.5,83.6,85.5,84.1,87.1,96.2,108.2,113.5,113.6,110.8,99.5,80.9,62.3,67.1,69.7,69.9,58.3,42.4,31.3,31.1,43,54.1,66.6,72.4,79,83.6,83.9,79.7,80.4,83.6,80.1,72,72.5,64.5,47.9,36.9,36,39.3,43.5,55.7,66.9,82.3,86.7,98.1,103.7,104.5,102.3,96.6,97.3,105.1,104.3,92.6,78,61,47.4,39,31,31.8,36.7,57.4,,,,,54.4,74,90.4,101.7,100.1,96.8,94.7,81.8,66,45.6,22.8,6.6,22.4,40.8,63,69.7,74,75.2,78.2,85,91,99.5,112.7,115.7,113.9,105.8,98,96,92.1,77.1,60.4,43.4,33.2,28.9,31.3,33.6,34.6,43.7,63.1,97.8,103.9,110.4,114.6,116,115.4,114.7,105.5,92.6,79.6,63,44.3,24.9,7.8,16.1,42.3,54.1,68.2,83.3,100.6,109.9,110.6,116.3,121.1,122.3,109.4,94.7,78.9,67.6,63.6,72.2,73,55.2,34.5,13.6,27.1,48.7,59.1,71.1,83.1,96,109.3,118.6,116.1,116.4,103.8,94.1,6112.2,6558.6,71.07209302,76.2627907,115,55,5,5
14,3,B,N,2,5.5,109,20,1,66,33,1,-9,1.5,1,0,0,90,1610,65,5,103.8,92.1,74.9,51.2,24.5,,,,,,,,,,,,,,,,,,,,,,,,,,,,,,,,,,,,,,,,,,,,,,,,,,,,,,,,,,,,,,,,,,,,,,,,,,,,,,,,,,,,,,52.7,50.6,48.2,54.3,69.7,,,,,,,,,,,,,,,,,,,,,,,,,,,,,,,,,,,,,,,,,,,,,,,,,,,,,,,,,,,,,,,,,,,,,,,,,,,,,,,,,,,,,,TT,O,,2016,2,2,11/13/2003,19.81818182,20.74683759,21.19032276,18.52941177,,,,,24.5,,,,,,,,,,,,,,,,,,,,,,,,,,,,,,,,,,,,,,,,,,,,,,,,,,,,,,,,,,,,,,,,,,,,,,,,,,,,,,,,,,,,,,,,,,69.7,,,,,,,,,,,,,,,,,,,,,,,,,,,,,,,,,,,,,,,,,,,,,,,,,,,,,,,,,,,,,,,,,,,,,,,,,,,,,,,,,,,,,,24.5,69.7,24.5,69.7,115,55,5,5
15,3,B,E,2,3.7,63,100,0,11,30,59,-45,1.5,1,0,0,90,1610,65,3,54.9,49.3,28.5,,,,,,,,,,,,,,,,,,,,,,,,,,,,,,,,,,,,,,,,,,,,,,,,,,,,,,,,,,,,,,,,,,,,,,,,,,,,,,,,,,,,,,,,115.3,118,105.9,,,,,,,,,,,,,,,,,,,,,,,,,,,,,,,,,,,,,,,,,,,,,,,,,,,,,,,,,,,,,,,,,,,,,,,,,,,,,,,,,,,,,,,,TT,O,,2016,3,2,11/13/2003,17.02702703,20.74683759,21.19032276,18.52941177,,,28.5,,,,,,,,,,,,,,,,,,,,,,,,,,,,,,,,,,,,,,,,,,,,,,,,,,,,,,,,,,,,,,,,,,,,,,,,,,,,,,,,,,,,,,,,,,105.9,,,,,,,,,,,,,,,,,,,,,,,,,,,,,,,,,,,,,,,,,,,,,,,,,,,,,,,,,,,,,,,,,,,,,,,,,,,,,,,,,,,,,,,,28.5,105.9,28.5,105.9,55,115,3,3
13,4,B,E,2,27.1,679,38,29,57,29,14,-38,1.5,1,0,0,90,1610,65,27,53.5,51.9,24.5,13.2,49.3,85.4,106.9,105.9,100.5,83.1,57.5,32,25.2,35.8,32.2,26.4,42.8,62.7,71.1,74,71.4,67.5,65.3,64.8,57.1,40.8,24,,,,,,,,,,,,,,,,,,,,,,,,,,,,,,,,,,,,,,,,,,,,,,,,,,,,,,,,,,,,,,,,112.5,116.6,101.3,73.2,40,20.8,23.9,20.7,17,17.1,37,65.2,94.3,116.3,117.1,100.8,81.3,65.3,44.6,24.5,15.4,30.6,51.4,60.6,77.6,87.8,95.7,,,,,,,,,,,,,,,,,,,,,,,,,,,,,,,,,,,,,,,,,,,,,,,,,,,,,,,,,,,,,,,,TT,O,,2016,4,2,11/14/2003,25.05535055,20.74683759,21.19032276,18.52941177,,,24.5,13.2,49.3,85.4,106.9,105.9,100.5,83.1,57.5,32,25.2,35.8,32.2,26.4,42.8,62.7,71.1,74,71.4,67.5,65.3,64.8,57.1,40.8,24,,,,,,,,,,,,,,,,,,,,,,,,,,,,,,,,,,,,,,,,,,,,,,,,,,,,,,,,,,,,,,,,,,101.3,73.2,40,20.8,23.9,20.7,17,17.1,37,65.2,94.3,116.3,117.1,100.8,81.3,65.3,44.6,24.5,15.4,30.6,51.4,60.6,77.6,87.8,95.7,,,,,,,,,,,,,,,,,,,,,,,,,,,,,,,,,,,,,,,,,,,,,,,,,,,,,,,,,,,,,,,,1419.4,1479.5,56.776,59.18,55,115,3,3
14,4,B,S,2,90.1,1878,25,20,49,42,9,-107,1.5,1,1,0,90,1610,65,90,64.3,70.3,67.3,59.8,46.4,42.4,52.3,61.6,61.7,49.8,30.8,11.6,23.8,52.9,64.2,69.8,70.6,74,82.4,76.3,69,52.5,23.7,15.2,39.4,44.5,34.4,24.6,33.6,52.2,70.3,77,73.4,72.5,76.8,86.8,90.2,84.3,71,59,52.4,36.5,21.1,26.9,42,52.6,63.7,75,84.3,80.8,71.9,67.1,70.6,83.5,95.1,87.8,78.3,60,41.4,30.3,29.9,39.1,51.9,67.8,82.5,89.5,83.7,79.6,78.5,86.4,88.4,82.4,65.9,51.3,39,36.6,24.7,16.6,36.1,54,63.2,70.3,69.6,70.8,75.9,86.5,97.6,109.8,121.3,118.8,107.7,97.6,79.3,58.7,46.3,47.2,63,75.1,83.6,89,85.9,80.2,77.5,72.8,60.8,48.8,38.9,32.6,32.7,24.1,24,35.6,62.9,88.9,117.7,124.1,118.6,105.2,87.7,73.2,61.2,44.9,28.9,15.4,24.2,45.2,56.2,64,74.3,89.1,104.5,104.9,103.5,104.1,93.3,80.5,66,50.4,33.4,17.8,15.1,34.2,57,80.6,92.6,92.7,94.2,98.7,107.8,112.9,114.8,107.5,96.9,85.5,75,63.8,46.9,26.9,10.1,20.7,31.1,38.1,52.8,72.1,89.2,104.6,105,99.3,94.6,91.7,91.8,88.1,73.3,60.3,42.5,22.7,13.9,25.7,37,33.4,TT,O,,2016,5,2,11/14/2003,20.84350721,20.74683759,21.19032276,18.52941177,,,67.3,59.8,46.4,42.4,52.3,61.6,61.7,49.8,30.8,11.6,23.8,52.9,64.2,69.8,70.6,74,82.4,76.3,69,52.5,23.7,15.2,39.4,44.5,34.4,24.6,33.6,52.2,70.3,77,73.4,72.5,76.8,86.8,90.2,84.3,71,59,52.4,36.5,21.1,26.9,42,52.6,63.7,75,84.3,80.8,71.9,67.1,70.6,83.5,95.1,87.8,78.3,60,41.4,30.3,29.9,39.1,51.9,67.8,82.5,89.5,83.7,79.6,78.5,86.4,88.4,82.4,65.9,51.3,39,36.6,24.7,16.6,36.1,54,63.2,70.3,69.6,70.8,75.9,86.5,97.6,109.8,121.3,118.8,,,79.3,58.7,46.3,47.2,63,75.1,83.6,89,85.9,80.2,77.5,72.8,60.8,48.8,38.9,32.6,32.7,24.1,24,35.6,62.9,88.9,117.7,124.1,118.6,105.2,87.7,73.2,61.2,44.9,28.9,15.4,24.2,45.2,56.2,64,74.3,89.1,104.5,104.9,103.5,104.1,93.3,80.5,66,50.4,33.4,17.8,15.1,34.2,57,80.6,92.6,92.7,94.2,98.7,107.8,112.9,114.8,107.5,96.9,85.5,75,63.8,46.9,26.9,10.1,20.7,31.1,38.1,52.8,72.1,89.2,104.6,105,99.3,94.6,91.7,91.8,88.1,73.3,60.3,42.5,22.7,13.9,25.7,37,33.4,5437.1,5897.3,61.78522727,67.01477273,55,115,3,3
15,4,B,N,2,30.6,567,70,3,67,23,10,-23,1.5,2,0,0,90,1610,65,30,104.8,90.7,67.8,46.4,22,9.3,37.9,50.3,54.8,50.1,43.4,32.3,16.2,6.1,17.9,27.5,28.6,30,34.3,36.7,31.2,25.5,22.9,23.1,37.6,44.4,44.1,33.9,27.4,31.8,,,,,,,,,,,,,,,,,,,,,,,,,,,,,,,,,,,,,,,,,,,,,,,,,,,,,,,,,,,,,54.4,55.4,58.6,65.6,73.1,81.6,68.8,51.6,35.1,35.8,44,56.3,71.2,89.3,101.1,90.5,79,66.7,57.4,50.7,54.5,62.1,71.7,83.4,107,114.9,121.6,117.3,109.8,98.3,,,,,,,,,,,,,,,,,,,,,,,,,,,,,,,,,,,,,,,,,,,,,,,,,,,,,,,,,,,,,FS,O,,2016,6,2,11/14/2003,18.52941177,20.74683759,21.19032276,18.52941177,,,,,,9.3,37.9,50.3,54.8,50.1,43.4,32.3,16.2,6.1,17.9,27.5,28.6,30,34.3,36.7,31.2,25.5,22.9,23.1,37.6,44.4,44.1,33.9,27.4,31.8,,,,,,,,,,,,,,,,,,,,,,,,,,,,,,,,,,,,,,,,,,,,,,,,,,,,,,,,,,,,,,,,,,81.6,68.8,51.6,35.1,35.8,44,56.3,71.2,89.3,101.1,90.5,79,66.7,57.4,50.7,54.5,62.1,71.7,83.4,107,114.9,121.6,117.3,109.8,98.3,,,,,,,,,,,,,,,,,,,,,,,,,,,,,,,,,,,,,,,,,,,,,,,,,,,,,,,,,,,,,797.3,1919.7,31.892,76.788,115,55,6,6
16,3,B,W,2,90.1,2225,28,25,6,55,39,75,1.5,0,2,0,90,1610,75,90,112.7,116.7,111.5,109.8,99.4,81,59.7,36.4,28.8,42,62.7,72.5,84.8,99.4,106.7,109.1,109.3,102,94.7,92.4,88.1,74.1,52.9,39.4,39.1,44.2,54.3,62.7,76.3,89.4,93.3,89.4,87.8,82.2,81.5,77.5,49.9,25.5,17.9,29.1,42.6,44.9,48.9,63.6,74.5,81.3,90.7,100.4,104.3,106.2,109.2,105.8,96.7,83.2,62.9,44.9,39.2,42.9,41,43.4,55.6,71,79.2,81.6,87.2,95.2,97.2,93.4,114.2,122.9,123.3,124,123.1,118.1,114.2,102.2,84.2,65.3,53.5,55,47.4,30.9,25.6,41.6,58.5,71.1,79.2,87.9,97,104.6,60.1,65.4,61.4,68.2,71.8,85.1,103.1,111.9,112.8,112.8,109.6,94.5,76.6,60.1,48.8,34.7,24.3,26.4,46.2,72.8,92.7,104.7,112.3,118,123.8,120.7,111.3,92.3,72,54.2,41.5,16.2,15.1,42.5,71.5,93.7,99.8,99.3,101.9,110.6,123.4,120,109.7,104.5,93.7,75.7,56,42.8,29.8,22.3,33.9,51.4,64.1,77.6,95.6,105.9,118,128.1,125.2,117.8,110.8,105.9,96.4,79.3,55,41.1,27,11,37.7,46.6,44.7,43.6,43.3,40.1,43.1,42,51.1,69.5,94.2,115.1,114.3,108.7,109.7,115.1,118.8,115.7,107.1,95.4,81.1,70.2,TT,O,,2016,1,2,11/13/2003,24.69478357,22.43540083,21.71726927,26.02605863,,,,,99.4,81,59.7,36.4,28.8,42,62.7,72.5,84.8,99.4,106.7,109.1,109.3,102,94.7,92.4,88.1,74.1,52.9,39.4,39.1,44.2,54.3,62.7,76.3,89.4,93.3,89.4,87.8,82.2,81.5,77.5,49.9,25.5,17.9,29.1,42.6,44.9,48.9,63.6,74.5,81.3,90.7,100.4,104.3,106.2,109.2,105.8,96.7,83.2,62.9,44.9,39.2,42.9,41,43.4,55.6,71,79.2,81.6,87.2,95.2,97.2,93.4,114.2,122.9,123.3,124,123.1,118.1,114.2,102.2,84.2,65.3,53.5,55,47.4,30.9,25.6,41.6,58.5,71.1,79.2,87.9,97,104.6,,,,,71.8,85.1,103.1,111.9,112.8,112.8,109.6,94.5,76.6,60.1,48.8,34.7,24.3,26.4,46.2,72.8,92.7,104.7,112.3,118,123.8,120.7,111.3,92.3,72,54.2,41.5,16.2,15.1,42.5,71.5,93.7,99.8,99.3,101.9,110.6,123.4,120,109.7,104.5,93.7,75.7,56,42.8,29.8,22.3,33.9,51.4,64.1,77.6,95.6,105.9,118,128.1,125.2,117.8,110.8,105.9,96.4,79.3,55,41.1,27,11,37.7,46.6,44.7,43.6,43.3,40.1,43.1,42,51.1,69.5,94.2,115.1,114.3,108.7,109.7,115.1,118.8,115.7,107.1,95.4,81.1,70.2,6466.3,6814.7,75.18953488,79.24069767,115,55,5,5
17,3,B,N,2,90.1,1910,21,28,16,55,29,82,1.5,0,3,0,90,1610,75,90,112.2,112.1,112.3,112.3,112.5,107.5,99.6,88.6,79.8,74.2,79.3,69.9,50.2,32.7,28.2,34.5,45.1,62,76.1,81.8,91.5,93.4,88,83.5,84.9,93,93.2,79.6,58.5,41.1,32.7,32,36.3,36.2,45.8,62.1,83.7,105,106.4,102,102.4,106.1,108.2,107.5,106.8,114.9,118.7,122.2,118.5,106.5,96.3,81.7,61.4,46.5,44.6,60.9,59.6,58.3,66,80.7,96.2,99.1,100.9,100.5,102.5,106.2,106.5,102.6,92.4,78.4,63.9,48.4,42.6,43.8,44.4,43.6,35.4,40,54.2,66.5,78.8,86.5,87.1,86.4,88.7,87.2,82,73.7,65.2,60.8,57.1,54.4,52.7,50.8,45.3,35.6,21.7,10.2,33.4,62.5,89,101.6,106.2,110.3,112.7,112,102.7,94.5,83.6,65.9,54.4,42.6,22.6,8,32.6,59.3,80.1,88.5,98.1,108.4,115.8,115.9,112,97.7,82.7,66.8,59.3,67.3,67.4,59,46.7,26.6,27,45,65.1,72,65.1,58,52.9,34.3,14.4,9.4,36.1,63.9,94.6,121.4,119.9,109.1,99.6,92.3,85.9,76,64.4,50,27.8,21.9,29.7,44.1,63.2,79.7,96.1,104.8,115.3,125.6,125.9,125.2,120.3,118.5,117.5,112.7,107.5,102.5,102.2,101.1,98.8,89.9,78.8,63.9,48,27.5,TT,O,,2016,2,2,11/13/2003,21.19866815,22.43540083,21.71726927,26.02605863,,,,,112.5,107.5,99.6,88.6,79.8,74.2,79.3,69.9,50.2,32.7,28.2,34.5,45.1,62,76.1,81.8,91.5,93.4,88,83.5,84.9,93,93.2,79.6,58.5,41.1,32.7,32,36.3,36.2,45.8,62.1,83.7,105,106.4,102,102.4,106.1,108.2,107.5,106.8,114.9,118.7,122.2,118.5,106.5,96.3,81.7,61.4,46.5,44.6,60.9,59.6,58.3,66,80.7,96.2,99.1,100.9,100.5,102.5,106.2,106.5,102.6,92.4,78.4,63.9,48.4,42.6,43.8,44.4,43.6,35.4,40,54.2,66.5,78.8,86.5,87.1,86.4,88.7,87.2,82,73.7,65.2,60.8,,,,,45.3,35.6,21.7,10.2,33.4,62.5,89,101.6,106.2,110.3,112.7,112,102.7,94.5,83.6,65.9,54.4,42.6,22.6,8,32.6,59.3,80.1,88.5,98.1,108.4,115.8,115.9,112,97.7,82.7,66.8,59.3,67.3,67.4,59,46.7,26.6,27,45,65.1,72,65.1,58,52.9,34.3,14.4,9.4,36.1,63.9,94.6,121.4,119.9,109.1,99.6,92.3,85.9,76,64.4,50,27.8,21.9,29.7,44.1,63.2,79.7,96.1,104.8,115.3,125.6,125.9,125.2,120.3,118.5,117.5,112.7,107.5,102.5,102.2,101.1,98.8,89.9,78.8,63.9,48,27.5,6603.2,6403.9,76.78139535,74.46395349,115,55,5,5
18,3,B,E,2,24.9,575,21,27,66,31,3,55,1.5,1,1,0,90,1610,75,24,61.4,56.3,58.7,72.5,91.4,96.6,96,88.6,76.5,59.8,49.7,44,29.7,18.3,22.2,39.2,53.1,63.5,69.5,70.7,74.9,74,64.5,42.3,,,,,,,,,,,,,,,,,,,,,,,,,,,,,,,,,,,,,,,,,,,,,,,,,,,,,,,,,,,,,,,,,,,109.5,93.1,71.6,47,28.8,22.6,11.2,19.6,41.4,63.6,90.3,105.2,107,103.1,96.3,91,78.1,61.8,43.6,36.5,16.2,16.3,34.7,55.9,,,,,,,,,,,,,,,,,,,,,,,,,,,,,,,,,,,,,,,,,,,,,,,,,,,,,,,,,,,,,,,,,,,TT,O,,2016,3,2,11/13/2003,23.09236948,22.43540083,21.71726927,26.02605863,,,58.7,72.5,91.4,96.6,96,88.6,76.5,59.8,49.7,44,29.7,18.3,22.2,39.2,53.1,63.5,69.5,70.7,74.9,74,64.5,42.3,,,,,,,,,,,,,,,,,,,,,,,,,,,,,,,,,,,,,,,,,,,,,,,,,,,,,,,,,,,,,,,,,,,,,71.6,47,28.8,22.6,11.2,19.6,41.4,63.6,90.3,105.2,107,103.1,96.3,91,78.1,61.8,43.6,36.5,16.2,16.3,34.7,55.9,,,,,,,,,,,,,,,,,,,,,,,,,,,,,,,,,,,,,,,,,,,,,,,,,,,,,,,,,,,,,,,,,,,1355.7,1241.8,61.62272727,56.44545455,55,115,3,3
16,4,B,E,2,12.4,269,28,4,33,38,29,52,1.5,1,0,0,90,1610,75,12,65.1,61.7,53.4,45.9,32.2,22.5,41.8,67.9,81.7,72.7,46.7,19.7,,,,,,,,,,,,,,,,,,,,,,,,,,,,,,,,,,,,,,,,,,,,,,,,,,,,,,,,,,,,,,,,,,,,,,,,,,,,,,,119.1,109.9,95.4,82.8,70.3,66.3,74.3,89.9,99.7,101,97.5,93.5,,,,,,,,,,,,,,,,,,,,,,,,,,,,,,,,,,,,,,,,,,,,,,,,,,,,,,,,,,,,,,,,,,,,,,,,,,,,,,,TT,O,,2016,4,2,11/14/2003,21.69354839,22.43540083,21.71726927,26.02605863,,,53.4,45.9,32.2,22.5,41.8,67.9,81.7,72.7,46.7,19.7,,,,,,,,,,,,,,,,,,,,,,,,,,,,,,,,,,,,,,,,,,,,,,,,,,,,,,,,,,,,,,,,,,,,,,,,,,,,,,,,,95.4,82.8,70.3,66.3,74.3,89.9,99.7,101,97.5,93.5,,,,,,,,,,,,,,,,,,,,,,,,,,,,,,,,,,,,,,,,,,,,,,,,,,,,,,,,,,,,,,,,,,,,,,,,,,,,,,,484.5,870.7,48.45,87.07,55,115,3,3
17,4,B,S,2,4.3,77,92,8,14,42,44,31,1.5,1,0,0,90,1610,75,4,58.7,55.2,35.7,14,,,,,,,,,,,,,,,,,,,,,,,,,,,,,,,,,,,,,,,,,,,,,,,,,,,,,,,,,,,,,,,,,,,,,,,,,,,,,,,,,,,,,,,111.6,109.3,105,94.3,,,,,,,,,,,,,,,,,,,,,,,,,,,,,,,,,,,,,,,,,,,,,,,,,,,,,,,,,,,,,,,,,,,,,,,,,,,,,,,,,,,,,,,TT,O,,2016,5,2,11/14/2003,17.90697674,22.43540083,21.71726927,26.02605863,,,35.7,14,,,,,,,,,,,,,,,,,,,,,,,,,,,,,,,,,,,,,,,,,,,,,,,,,,,,,,,,,,,,,,,,,,,,,,,,,,,,,,,,,,,,,,,,,105,94.3,,,,,,,,,,,,,,,,,,,,,,,,,,,,,,,,,,,,,,,,,,,,,,,,,,,,,,,,,,,,,,,,,,,,,,,,,,,,,,,,,,,,,,,49.7,199.3,24.85,99.65,55,115,3,3
18,4,B,N,2,30.7,799,33,33,45,45,10,33,1.5,1,0,0,90,1610,75,30,108,98.7,79.1,52.8,30.2,41.4,59.7,53.3,32.3,11.1,21.1,43,58.8,62.7,66.9,66.6,53.4,28.7,19.8,28.5,47.3,52.7,64,85.7,101.6,104.8,98.8,85.8,77,79.5,,,,,,,,,,,,,,,,,,,,,,,,,,,,,,,,,,,,,,,,,,,,,,,,,,,,,,,,,,,,,44.5,31.2,22.6,34.2,65.9,93.7,111.3,109.8,102.8,93.7,79.4,52.8,29.7,27.7,52.6,79.5,97.5,101,103.7,98,91.3,72.8,45.1,23.4,20.2,20.8,30.9,45.6,69.3,94,,,,,,,,,,,,,,,,,,,,,,,,,,,,,,,,,,,,,,,,,,,,,,,,,,,,,,,,,,,,,FS,O,,2016,6,2,11/14/2003,26.02605863,22.43540083,21.71726927,26.02605863,,,,52.8,30.2,41.4,59.7,53.3,32.3,11.1,21.1,43,58.8,62.7,66.9,66.6,53.4,28.7,19.8,28.5,47.3,52.7,64,85.7,101.6,104.8,98.8,85.8,77,79.5,,,,,,,,,,,,,,,,,,,,,,,,,,,,,,,,,,,,,,,,,,,,,,,,,,,,,,,,,,,,,,,,34.2,65.9,93.7,111.3,109.8,102.8,93.7,79.4,52.8,29.7,27.7,52.6,79.5,97.5,101,103.7,98,91.3,72.8,45.1,23.4,20.2,20.8,30.9,45.6,69.3,94,,,,,,,,,,,,,,,,,,,,,,,,,,,,,,,,,,,,,,,,,,,,,,,,,,,,,,,,,,,,,1527.5,1846.7,56.57407407,68.3962963,115,55,4,4
19,3,B,W,2,90.1,201,0,94,82,17,1,-38,1.5,0,0,0,90,1610,77,90,110.4,107.8,105.7,103.9,102.7,102,99.8,99.5,98.6,98.1,98.1,96.9,98.4,99,98.3,97.2,96.9,96.2,95.3,94.9,94.2,93.5,92.9,92.2,91.8,91.3,90.8,90.3,89.8,89.5,89.1,89.1,88.9,88.5,88.1,87.8,87.4,87.4,87,87,86.4,86.4,86.4,86,86.1,86,85.9,85.7,85.7,85.6,85.6,85.5,85.6,85.6,85.5,85.5,85.6,85.6,85.6,85.9,85.7,85.8,85.8,85.9,85.9,86,85.9,86.1,86.2,86.1,86.1,86.1,86.3,86.4,86.4,86.7,86.7,86.7,86.5,86.8,86.7,86.7,86.6,86.7,86.7,86.8,86.9,86.8,86.8,86.9,55.9,52.7,49.9,47.4,45.4,43.9,41.2,40,38.3,36.9,36.2,34.2,34.9,34.6,33.1,31.3,30.2,29.2,27.8,26.8,25.7,24.7,24.1,22.8,22.4,21.8,21.3,20.8,20.4,19.6,19.3,19.2,18.7,18.6,18.3,18,17.8,17.8,17.6,17.4,17.3,17.3,17.5,17.3,17.5,17.5,17.6,17.5,17.5,18,18,17.8,18.3,18.2,18.3,18.3,18.3,18.3,18.6,18.8,18.8,19.1,19.1,19.4,19.4,19.5,19.5,19.7,20.1,19.7,20.2,19.9,20.6,20.5,20.8,21,21,21,20.9,21.2,21,21.4,21.8,21.8,21.9,21.9,22,22,22.3,22.6,TT,O,,2016,1,2,11/13/2003,2.230854606,12.78838483,12.80357813,12.7124183,,,,,,,,,98.6,98.1,98.1,96.9,98.4,99,98.3,97.2,96.9,96.2,95.3,94.9,94.2,93.5,92.9,92.2,91.8,91.3,90.8,90.3,89.8,89.5,89.1,89.1,88.9,88.5,88.1,87.8,87.4,87.4,87,87,86.4,86.4,86.4,86,86.1,86,85.9,85.7,85.7,85.6,85.6,85.5,85.6,85.6,85.5,85.5,85.6,85.6,85.6,85.9,85.7,85.8,85.8,85.9,85.9,86,85.9,86.1,86.2,86.1,86.1,86.1,86.3,86.4,86.4,86.7,86.7,86.7,86.5,86.8,86.7,86.7,86.6,86.7,86.7,86.8,86.9,86.8,86.8,86.9,,,,,,,,,38.3,36.9,36.2,34.2,34.9,34.6,33.1,31.3,30.2,29.2,27.8,26.8,25.7,24.7,24.1,22.8,22.4,21.8,21.3,20.8,20.4,19.6,19.3,19.2,18.7,18.6,18.3,18,17.8,17.8,17.6,17.4,17.3,17.3,17.5,17.3,17.5,17.5,17.6,17.5,17.5,18,18,17.8,18.3,18.2,18.3,18.3,18.3,18.3,18.6,18.8,18.8,19.1,19.1,19.4,19.4,19.5,19.5,19.7,20.1,19.7,20.2,19.9,20.6,20.5,20.8,21,21,21,20.9,21.2,21,21.4,21.8,21.8,21.9,21.9,22,22,22.3,22.6,7272.4,1777.8,88.68780488,21.68048781,115,55,9,9
20,3,B,N,2,16.5,284,8,50,40,52,8,-26,1.5,1,0,0,90,1610,77,16,112.9,110.9,103.9,99,91.2,89,92.6,105.4,113.9,112.7,108.2,100.8,90.3,76.1,56.7,21.2,,,,,,,,,,,,,,,,,,,,,,,,,,,,,,,,,,,,,,,,,,,,,,,,,,,,,,,,,,,,,,,,,,,,,,,,,,,57.9,57.5,54.2,55,50.8,36.1,19.8,20.5,28.4,28.2,25.5,28.7,38.8,51.3,63.7,79.1,,,,,,,,,,,,,,,,,,,,,,,,,,,,,,,,,,,,,,,,,,,,,,,,,,,,,,,,,,,,,,,,,,,,,,,,,,,TT,O,,2016,2,2,11/13/2003,17.21212121,12.78838483,12.80357813,12.7124183,,,,,,,,,113.9,112.7,108.2,100.8,90.3,76.1,56.7,21.2,,,,,,,,,,,,,,,,,,,,,,,,,,,,,,,,,,,,,,,,,,,,,,,,,,,,,,,,,,,,,,,,,,,,,,,,,,,,,,,,,,,28.4,28.2,25.5,28.7,38.8,51.3,63.7,79.1,,,,,,,,,,,,,,,,,,,,,,,,,,,,,,,,,,,,,,,,,,,,,,,,,,,,,,,,,,,,,,,,,,,,,,,,,,,679.9,343.7,84.9875,42.9625,115,55,9,9
21,3,B,E,2,90.1,1509,16,34,37,44,19,16,1.5,0,1,0,90,1610,77,90,58.2,57.2,56.5,45.4,38.7,46.4,61.8,80,98.9,114.1,121.8,119,111.6,100,81.3,76.4,78.5,81.2,82.8,79.9,73,64.6,57.2,51.1,35.5,20.3,12.6,29.5,53.8,75.1,95.3,112.9,123.6,116.3,107.8,101.7,86.7,67.7,48.1,32.9,24.3,29.7,40,27.6,26.8,33.6,48.6,60.1,70.1,74.7,77.6,86.1,96.3,106.2,107.6,106.2,104.8,102.6,99.9,88.8,79.9,69.2,56.9,48.7,49.2,57.4,73,70.4,62.6,53.3,43.2,37.1,40.7,51.4,68.1,82.7,92.2,91.8,88.1,86.2,85.8,90,100.6,110.5,112.9,110.6,110.7,108.4,102.8,91.4,114.7,113,113.2,104.3,85.6,69.6,53.5,39.4,33.5,35.2,37.9,33.5,27.6,19.7,8.1,18.5,33.1,44.8,53.3,69.8,81.9,92.7,101.7,112,105.3,92.1,76.9,58.3,41.1,28.9,28.7,39.2,44,32.4,22.4,17.7,15.7,30.6,52,72.2,90.4,108.5,123.2,113,109.1,110.5,115.3,116.5,115.5,106.8,93.5,81.9,73.2,69.9,69.2,69,64.2,60.9,54.1,40.6,29.5,21.3,29.6,46.6,66.6,85.5,95.9,89.3,77.5,64.3,53.1,49.4,55.1,68.6,85,92.2,93.4,85,74.1,59.8,45.6,26.8,18,24.9,27.7,25.6,25.1,23.1,20.1,15.6,TT,O,,2016,3,2,11/13/2003,16.74805771,12.78838483,12.80357813,12.7124183,,,,45.4,38.7,46.4,61.8,80,98.9,114.1,121.8,119,111.6,100,81.3,76.4,78.5,81.2,82.8,79.9,73,64.6,57.2,51.1,35.5,20.3,12.6,29.5,53.8,75.1,95.3,112.9,123.6,116.3,107.8,101.7,86.7,67.7,48.1,32.9,24.3,29.7,40,27.6,26.8,33.6,48.6,60.1,70.1,74.7,77.6,86.1,96.3,106.2,107.6,106.2,104.8,102.6,99.9,88.8,79.9,69.2,56.9,48.7,49.2,57.4,73,70.4,62.6,53.3,43.2,37.1,40.7,51.4,68.1,82.7,92.2,91.8,88.1,86.2,85.8,90,100.6,110.5,112.9,110.6,110.7,108.4,102.8,91.4,,,,104.3,85.6,69.6,53.5,39.4,33.5,35.2,37.9,33.5,27.6,19.7,8.1,18.5,33.1,44.8,53.3,69.8,81.9,92.7,101.7,112,105.3,92.1,76.9,58.3,41.1,28.9,28.7,39.2,44,32.4,22.4,17.7,15.7,30.6,52,72.2,90.4,108.5,123.2,113,109.1,110.5,115.3,116.5,115.5,106.8,93.5,81.9,73.2,69.9,69.2,69,64.2,60.9,54.1,40.6,29.5,21.3,29.6,46.6,66.6,85.5,95.9,89.3,77.5,64.3,53.1,49.4,55.1,68.6,85,92.2,93.4,85,74.1,59.8,45.6,26.8,18,24.9,27.7,25.6,25.1,23.1,20.1,15.6,6520.9,5272.8,74.95287356,60.60689655,55,115,4,4
19,4,B,E,2,54.1,789,20,19,40,28,32,13,1.5,1,0,0,90,1610,77,54,61.7,62.9,63,63.7,64.2,65.1,64.8,65,64.7,65.2,64.6,64.8,64.9,64.4,64.3,59,57,44.9,26.6,11.2,26.3,49.6,71.4,91.1,86.5,81.1,72.6,63.4,56,51,45.1,35.9,31.3,26.8,14.8,17.6,32.5,50.4,67.3,81.4,92.1,101,108.3,107.7,108.3,96.8,82.2,73.5,70.1,63.8,55,47.5,37.4,22.1,,,,,,,,,,,,,,,,,,,,,,,,,,,,,,,,,,,,,119.5,120.6,120.5,118.7,116.9,116.2,114.7,113.9,112.5,112.4,111.1,110.5,109.9,108.2,109.6,108,111.5,104.3,91.6,76.9,68.1,66.1,72.2,71.4,61.5,49,34.9,25.8,31.5,41.9,53.8,73.4,89.9,104.1,99.6,85.4,74.6,62.5,50.7,39.4,27.5,19.9,23.4,26.2,28,24,31.3,43.9,59.6,73.3,83.1,94.8,95.9,91.1,,,,,,,,,,,,,,,,,,,,,,,,,,,,,,,,,,,,,TT,O,,2016,4,2,11/14/2003,14.58410351,12.78838483,12.80357813,12.7124183,,,,63.7,64.2,65.1,64.8,65,64.7,65.2,64.6,64.8,64.9,64.4,64.3,59,57,44.9,26.6,11.2,26.3,49.6,71.4,91.1,86.5,81.1,72.6,63.4,56,51,45.1,35.9,31.3,26.8,14.8,17.6,32.5,50.4,67.3,81.4,92.1,101,108.3,107.7,108.3,96.8,82.2,73.5,70.1,63.8,55,47.5,37.4,22.1,,,,,,,,,,,,,,,,,,,,,,,,,,,,,,,,,,,,,,,,118.7,116.9,116.2,114.7,113.9,112.5,112.4,111.1,110.5,109.9,108.2,109.6,108,111.5,104.3,91.6,76.9,68.1,66.1,72.2,71.4,61.5,49,34.9,25.8,31.5,41.9,53.8,73.4,89.9,104.1,99.6,85.4,74.6,62.5,50.7,39.4,27.5,19.9,23.4,26.2,28,24,31.3,43.9,59.6,73.3,83.1,94.8,95.9,91.1,,,,,,,,,,,,,,,,,,,,,,,,,,,,,,,,,,,,,3092.3,3824.7,60.63333333,74.99411765,55,115,4,4
20,4,B,S,2,55.2,731,30,27,78,18,4,-52,1.5,2,0,0,90,1610,77,55,57.5,54.8,58.4,53.5,43.5,36,31.9,33.6,43.7,55.2,57.7,57.4,50,47.3,48.9,58.2,74,78.4,77.2,78.3,73,63.6,55.6,50.3,46.4,41.3,38.4,32.1,22.5,22.3,30.9,40.9,49.7,66.1,63.6,63.1,64,62.9,60.5,61.9,52.5,61.6,66.4,60.8,60.3,51.9,36,26.2,28.4,34.1,30.8,27.9,24.3,19,10,,,,,,,,,,,,,,,,,,,,,,,,,,,,,,,,,,,,109.2,107.1,105.1,93.3,81.9,68.5,57,54.6,61.1,69.6,74,82.5,77.2,66.4,49.4,31.6,14,17.6,18.9,16.8,22,28.4,36.2,41,44.6,49.7,53.2,62.7,67.9,64,63.5,66.7,73.4,71.2,62.9,52.3,38.8,29,26.1,24.4,33.3,29.2,22.2,25.2,26.1,34,49.7,60.9,71.9,86.8,102.9,110.5,109.8,103.6,94.9,,,,,,,,,,,,,,,,,,,,,,,,,,,,,,,,,,,,TT,O,,2016,5,2,11/14/2003,13.24275362,12.78838483,12.80357813,12.7124183,,,,53.5,43.5,36,31.9,33.6,43.7,55.2,57.7,57.4,50,47.3,48.9,58.2,74,78.4,77.2,78.3,73,63.6,55.6,50.3,46.4,41.3,38.4,32.1,22.5,22.3,30.9,40.9,49.7,66.1,63.6,63.1,64,62.9,60.5,61.9,52.5,61.6,66.4,60.8,60.3,51.9,36,26.2,28.4,34.1,30.8,27.9,24.3,19,10,,,,,,,,,,,,,,,,,,,,,,,,,,,,,,,,,,,,,,,93.3,81.9,68.5,57,54.6,61.1,69.6,74,82.5,77.2,66.4,49.4,31.6,14,17.6,18.9,16.8,22,28.4,36.2,41,44.6,49.7,53.2,62.7,67.9,64,63.5,66.7,73.4,71.2,62.9,52.3,38.8,29,26.1,24.4,33.3,29.2,22.2,25.2,26.1,34,49.7,60.9,71.9,86.8,102.9,110.5,109.8,103.6,94.9,,,,,,,,,,,,,,,,,,,,,,,,,,,,,,,,,,,,2524.1,2873.4,48.54038462,55.25769231,55,115,4,4
21,4,B,N,2,30.6,389,0,72,79,20,1,-32,1.5,0,3,0,90,1610,77,30,112.3,107.2,101.5,96.3,92.2,89.1,81.3,80.3,80,93.4,88.6,84.5,81.8,76.5,68.9,81.4,80.7,79.6,81.6,84.5,84.3,83.5,78.4,75.3,71,62.4,50.3,46.8,48.4,56,,,,,,,,,,,,,,,,,,,,,,,,,,,,,,,,,,,,,,,,,,,,,,,,,,,,,,,,,,,,,57.9,58.5,54.8,54.2,49.1,37,23.4,8.9,17.2,33.2,26.3,20.8,20.9,18.4,22,20.1,9.4,7.1,11.7,17,16.3,16.1,16.3,13.2,14.8,23.3,36.7,46.9,63.5,80.7,,,,,,,,,,,,,,,,,,,,,,,,,,,,,,,,,,,,,,,,,,,,,,,,,,,,,,,,,,,,,FS,O,,2016,6,2,11/14/2003,12.7124183,12.78838483,12.80357813,12.7124183,,,,,,,,,80,93.4,88.6,84.5,81.8,76.5,68.9,81.4,80.7,79.6,81.6,84.5,84.3,83.5,78.4,75.3,71,62.4,50.3,46.8,48.4,56,,,,,,,,,,,,,,,,,,,,,,,,,,,,,,,,,,,,,,,,,,,,,,,,,,,,,,,,,,,,,,,,,,,,,17.2,33.2,26.3,20.8,20.9,18.4,22,20.1,9.4,7.1,11.7,17,16.3,16.1,16.3,13.2,14.8,23.3,36.7,46.9,63.5,80.7,,,,,,,,,,,,,,,,,,,,,,,,,,,,,,,,,,,,,,,,,,,,,,,,,,,,,,,,,,,,,1637.9,551.9,74.45,25.08636364,115,55,9,9
25,3,B,W,2,90.1,1795,22,19,12,70,18,44,1.5,0,1,0,90,1610,79,90,110.3,109.1,109.6,108.6,106.8,106.9,105.5,98.6,95.6,78.2,45.6,18.6,19.2,38.7,45,53.6,64.4,79.2,92.4,98.2,102.1,110.7,118.3,116,113.7,109.7,108.8,108.3,107.8,96.4,83,76.4,74.6,62,42.2,32.2,32.4,32.4,31.6,40,56.1,66.6,71.6,80.6,91.1,96.8,104.2,102.7,103.9,106.9,106.2,97.6,76.2,53.4,31.9,26.4,29.8,44.2,56.7,69.6,84.5,94.4,94.8,91.6,88.8,91.8,100.4,116.2,109.9,104.7,94.1,84.6,76.3,69.1,56.5,45.4,40.8,38.7,41.4,49.4,61,72.4,71.2,71.5,72.1,65.9,56.8,53.3,55,59.5,59.4,59.2,59.7,59.6,58.7,59.5,59.3,54.4,64.7,77.5,90.5,96,103.1,114.2,107.5,97.2,84.1,71.2,58.2,51.8,36.4,27.7,33,30.7,31.5,39,55.3,60.5,64.4,69.2,78.9,92.9,94.7,98.2,103.1,111.5,117.7,115.9,108.1,97.4,89.2,77.6,62,39,22.2,16,24.1,41.1,56.6,64.6,66.7,72.1,77,90.7,102.5,110.9,110,107.8,100.3,90.5,84.8,78.3,73.1,56.6,30,10.3,26.9,53.6,54.4,64.3,77.2,90.8,103,110.2,116.5,122.7,125,123.7,121.4,117.7,114.9,115,102.2,87.4,81.2,68.8,51.8,38.1,30.9,30.2,TT,O,,2016,1,2,11/13/2003,19.92230855,19.25605037,20.00922122,15.49019608,,,,,,106.9,105.5,98.6,95.6,78.2,45.6,18.6,19.2,38.7,45,53.6,64.4,79.2,92.4,98.2,102.1,110.7,118.3,116,113.7,109.7,108.8,108.3,107.8,96.4,83,76.4,74.6,62,42.2,32.2,32.4,32.4,31.6,40,56.1,66.6,71.6,80.6,91.1,96.8,104.2,102.7,103.9,106.9,106.2,97.6,76.2,53.4,31.9,26.4,29.8,44.2,56.7,69.6,84.5,94.4,94.8,91.6,88.8,91.8,100.4,116.2,109.9,104.7,94.1,84.6,76.3,69.1,56.5,45.4,40.8,38.7,41.4,49.4,61,72.4,71.2,71.5,72.1,65.9,56.8,53.3,55,59.5,,,,,,59.5,59.3,54.4,64.7,77.5,90.5,96,103.1,114.2,107.5,97.2,84.1,71.2,58.2,51.8,36.4,27.7,33,30.7,31.5,39,55.3,60.5,64.4,69.2,78.9,92.9,94.7,98.2,103.1,111.5,117.7,115.9,108.1,97.4,89.2,77.6,62,39,22.2,16,24.1,41.1,56.6,64.6,66.7,72.1,77,90.7,102.5,110.9,110,107.8,100.3,90.5,84.8,78.3,73.1,56.6,30,10.3,26.9,53.6,54.4,64.3,77.2,90.8,103,110.2,116.5,122.7,125,123.7,121.4,117.7,114.9,115,102.2,87.4,81.2,68.8,51.8,38.1,30.9,30.2,6322.9,6437.2,74.38705882,75.73176471,115,55,6,6
26,3,B,N,2,90.1,1749,20,33,33,56,11,58,1.5,0,3,0,90,1610,79,90,113.4,107.4,101,90.8,83.1,76.9,75.4,78.7,62.7,42.4,28.5,27.4,29.1,38.1,47.5,49.9,53.4,63,79.2,95.9,99.2,103,100.6,97.3,92.5,84.8,78.6,78.6,80.2,61.2,38.5,20.2,20.3,25.2,37.3,54.4,65,77.8,88.8,89.7,90.1,93.4,97.5,100.6,103.9,98.8,81,62.1,42.2,29.1,30.6,31.1,41.2,56.2,72.9,85.4,92,99.1,105.9,112.6,110.7,105.2,100.6,98.5,103.3,109,106.1,96.3,86,64.8,44.3,28,16.8,20.6,38,51.2,55.3,56.6,64.2,75.9,81.3,87.1,90.6,94.3,98.7,101.4,103.3,104.4,105.1,106,50.3,40,24,8.8,24.7,49.4,74.1,95.2,103,104.6,107.9,112.2,106.9,98.8,88.8,76.7,61.8,40.9,21.5,14.7,16.8,17.8,18,24.2,36.1,50.4,70.3,88.3,95.9,94.5,95.3,99.7,103.7,95.9,85.7,74.9,58.7,43.1,31.7,29.8,13.6,11.8,27.3,39.9,49.8,56.8,60.1,70,83.2,100.2,115.7,112.9,109.6,106,105.6,103.2,93.6,83.2,70.9,59.3,50.8,38.6,19.6,18.1,37.7,55.6,66,73.7,81.2,85.1,94.5,102.8,101,98.5,98.1,96.2,87.1,72.4,52.7,32.8,23.3,11.1,9.2,25.4,38.7,48,55.6,61,65.7,70.3,TT,O,,2016,2,2,11/13/2003,19.41176471,19.25605037,20.00922122,15.49019608,,,,,,76.9,75.4,78.7,62.7,42.4,28.5,27.4,29.1,38.1,47.5,49.9,53.4,63,79.2,95.9,99.2,103,100.6,97.3,92.5,84.8,78.6,78.6,80.2,61.2,38.5,20.2,20.3,25.2,37.3,54.4,65,77.8,88.8,89.7,90.1,93.4,97.5,100.6,103.9,98.8,81,62.1,42.2,29.1,30.6,31.1,41.2,56.2,72.9,85.4,92,99.1,105.9,112.6,110.7,105.2,100.6,98.5,103.3,109,106.1,96.3,86,64.8,44.3,28,16.8,20.6,38,51.2,55.3,56.6,64.2,75.9,81.3,87.1,90.6,94.3,98.7,101.4,103.3,104.4,105.1,106,,,,,,49.4,74.1,95.2,103,104.6,107.9,112.2,106.9,98.8,88.8,76.7,61.8,40.9,21.5,14.7,16.8,17.8,18,24.2,36.1,50.4,70.3,88.3,95.9,94.5,95.3,99.7,103.7,95.9,85.7,74.9,58.7,43.1,31.7,29.8,13.6,11.8,27.3,39.9,49.8,56.8,60.1,70,83.2,100.2,115.7,112.9,109.6,106,105.6,103.2,93.6,83.2,70.9,59.3,50.8,38.6,19.6,18.1,37.7,55.6,66,73.7,81.2,85.1,94.5,102.8,101,98.5,98.1,96.2,87.1,72.4,52.7,32.8,23.3,11.1,9.2,25.4,38.7,48,55.6,61,65.7,70.3,6170.6,5630.8,72.59529412,66.24470588,115,55,6,6
27,3,B,E,2,13,266,13,23,66,26,8,62,1.5,0,0,0,90,1610,79,12,67.9,60.4,56,57.5,66,73,83.8,79.9,72.5,69.1,52,31.2,,,,,,,,,,,,,,,,,,,,,,,,,,,,,,,,,,,,,,,,,,,,,,,,,,,,,,,,,,,,,,,,,,,,,,,,,,,,,,,111.3,93.1,72.7,48.1,25.1,14,21.6,38.9,60.1,77.2,84.2,85.2,,,,,,,,,,,,,,,,,,,,,,,,,,,,,,,,,,,,,,,,,,,,,,,,,,,,,,,,,,,,,,,,,,,,,,,,,,,,,,,TT,O,,2016,3,2,11/13/2003,20.46153846,19.25605037,20.00922122,15.49019608,,,56,57.5,66,73,83.8,79.9,72.5,69.1,52,31.2,,,,,,,,,,,,,,,,,,,,,,,,,,,,,,,,,,,,,,,,,,,,,,,,,,,,,,,,,,,,,,,,,,,,,,,,,,,,,,,,,72.7,48.1,25.1,14,21.6,38.9,60.1,77.2,84.2,85.2,,,,,,,,,,,,,,,,,,,,,,,,,,,,,,,,,,,,,,,,,,,,,,,,,,,,,,,,,,,,,,,,,,,,,,,,,,,,,,,641,527.1,64.1,52.71,55,115,3,3
25,4,B,E,2,16.4,372,10,45,19,71,10,149,1.5,2,0,0,90,1610,79,16,60.8,69.7,75,82.3,91.3,103.9,117.4,118.7,120.2,117.5,107.8,98,86.4,74.8,48.4,16.8,,,,,,,,,,,,,,,,,,,,,,,,,,,,,,,,,,,,,,,,,,,,,,,,,,,,,,,,,,,,,,,,,,,,,,,,,,,111.4,103.9,85.6,65.3,44.8,31,34.4,34.5,35,32.2,27.6,35.1,48.7,66.2,78.6,88,,,,,,,,,,,,,,,,,,,,,,,,,,,,,,,,,,,,,,,,,,,,,,,,,,,,,,,,,,,,,,,,,,,,,,,,,,,TT,O,,2016,4,2,11/14/2003,22.68292683,19.25605037,20.00922122,15.49019608,,,75,82.3,91.3,103.9,117.4,118.7,120.2,117.5,107.8,98,86.4,74.8,48.4,16.8,,,,,,,,,,,,,,,,,,,,,,,,,,,,,,,,,,,,,,,,,,,,,,,,,,,,,,,,,,,,,,,,,,,,,,,,,,,,,85.6,65.3,44.8,31,34.4,34.5,35,32.2,27.6,35.1,48.7,66.2,78.6,88,,,,,,,,,,,,,,,,,,,,,,,,,,,,,,,,,,,,,,,,,,,,,,,,,,,,,,,,,,,,,,,,,,,,,,,,,,,1258.5,707,89.89285714,50.5,55,115,3,3
26,4,B,S,2,3.7,65,100,0,22,52,26,44,1.5,1,0,0,90,1610,79,3,53.8,38.1,19,,,,,,,,,,,,,,,,,,,,,,,,,,,,,,,,,,,,,,,,,,,,,,,,,,,,,,,,,,,,,,,,,,,,,,,,,,,,,,,,,,,,,,,,110.1,109.5,97.3,,,,,,,,,,,,,,,,,,,,,,,,,,,,,,,,,,,,,,,,,,,,,,,,,,,,,,,,,,,,,,,,,,,,,,,,,,,,,,,,,,,,,,,,TT,O,,2016,5,2,11/14/2003,17.56756757,19.25605037,20.00922122,15.49019608,,,19,,,,,,,,,,,,,,,,,,,,,,,,,,,,,,,,,,,,,,,,,,,,,,,,,,,,,,,,,,,,,,,,,,,,,,,,,,,,,,,,,,,,,,,,,,97.3,,,,,,,,,,,,,,,,,,,,,,,,,,,,,,,,,,,,,,,,,,,,,,,,,,,,,,,,,,,,,,,,,,,,,,,,,,,,,,,,,,,,,,,,19,97.3,19,97.3,55,115,3,3
27,4,B,N,2,30.6,474,17,27,29,58,13,64,1.5,0,1,0,90,1610,79,30,112.9,107.8,105.1,100.6,91.5,85,79.8,78.4,82.5,85.7,80.1,67.8,46.9,32.5,26.2,30.7,40.1,52.1,66.3,76.7,81.3,83.5,84.3,85.5,85.8,86.5,86.3,85.8,88,88.7,,,,,,,,,,,,,,,,,,,,,,,,,,,,,,,,,,,,,,,,,,,,,,,,,,,,,,,,,,,,,52.3,40.8,29,16.9,10.1,22.2,41.6,63.3,81.7,95,98.6,105.6,109.9,110.5,111.2,111.4,105.9,99.2,92.6,83.3,73.5,67.3,60.6,56.5,52.2,48.1,45,43.7,38.3,36.8,,,,,,,,,,,,,,,,,,,,,,,,,,,,,,,,,,,,,,,,,,,,,,,,,,,,,,,,,,,,,FS,O,,2016,6,2,11/14/2003,15.49019608,19.25605037,20.00922122,15.49019608,,,,,,,79.8,78.4,82.5,85.7,80.1,67.8,46.9,32.5,26.2,30.7,40.1,52.1,66.3,76.7,81.3,83.5,84.3,85.5,85.8,86.5,86.3,85.8,88,88.7,,,,,,,,,,,,,,,,,,,,,,,,,,,,,,,,,,,,,,,,,,,,,,,,,,,,,,,,,,,,,,,,,,,41.6,63.3,81.7,95,98.6,105.6,109.9,110.5,111.2,111.4,105.9,99.2,92.6,83.3,73.5,67.3,60.6,56.5,52.2,48.1,45,43.7,38.3,36.8,,,,,,,,,,,,,,,,,,,,,,,,,,,,,,,,,,,,,,,,,,,,,,,,,,,,,,,,,,,,,1701.5,1831.8,70.89583333,76.325,115,55,7,7
28,3,B,W,2,90.1,1938,16,22,19,49,32,70,1.5,0,1,0,90,1610,94,90,106.4,109.4,103.1,91.9,75.9,49.9,39,44.3,51.8,62.9,67.8,74.5,84.6,91.2,88.3,79,74.5,88.1,106.7,107.9,95.5,77.4,49.4,33.4,34.3,48.5,54.8,64.5,75.9,85.2,89.9,98.1,104.2,105,96.8,84.9,77.3,96.7,105.9,112.8,112.7,110.7,109.3,110.9,105.4,79.8,63.1,32.6,23.7,37.3,55.1,74.6,92.1,95.3,97.3,97.4,102.7,116.4,119.4,122.7,120.1,112.7,96.5,77.9,59.5,33.8,40,54,70.7,90,110.2,115.5,114.1,111,107.4,106.6,110.9,113.6,109.5,102.9,98.3,95.4,93.5,90.6,90.4,71.6,56.3,36.6,19.8,13.7,53.9,66.7,80.3,92,103,111.7,120.8,127.9,125.5,121.8,108.1,91.3,72.4,63.1,44.8,23.8,16.1,35.1,61.8,75.1,83.3,92.2,99.3,108.8,119.2,126.7,119.9,112.8,105.2,94.9,81.5,73,66.7,62.4,42.8,17.4,13.4,39.9,49.6,57.9,59.3,57.3,55.8,64,68.5,58.6,57.7,62.6,63.2,63.8,72.5,88,92.7,79.8,69.8,60.4,40.5,35.6,36,38.7,40.5,40.5,35.5,31.4,37.2,53.1,49.9,44.2,42.8,44.5,52.4,49.4,44.4,32.9,22.7,26.8,44.6,66.1,74.7,80.5,82.9,81,81.8,82.4,90,92.5,92.6,93.7,98.9,97.9,TT,O,,2016,1,2,11/13/2003,21.50943396,20.81544219,21.17397037,19.0228013,,,,,75.9,49.9,39,44.3,51.8,62.9,67.8,74.5,84.6,91.2,88.3,79,74.5,88.1,106.7,107.9,95.5,77.4,49.4,33.4,34.3,48.5,54.8,64.5,75.9,85.2,89.9,98.1,104.2,105,96.8,84.9,77.3,96.7,105.9,112.8,112.7,110.7,109.3,110.9,105.4,79.8,63.1,32.6,23.7,37.3,55.1,74.6,92.1,95.3,97.3,97.4,102.7,116.4,119.4,122.7,120.1,112.7,96.5,77.9,59.5,33.8,40,54,70.7,90,110.2,115.5,114.1,111,107.4,106.6,110.9,113.6,109.5,102.9,98.3,95.4,93.5,90.6,90.4,71.6,56.3,36.6,19.8,13.7,,,,,103,111.7,120.8,127.9,125.5,121.8,108.1,91.3,72.4,63.1,44.8,23.8,16.1,35.1,61.8,75.1,83.3,92.2,99.3,108.8,119.2,126.7,119.9,112.8,105.2,94.9,81.5,73,66.7,62.4,42.8,17.4,13.4,39.9,49.6,57.9,59.3,57.3,55.8,64,68.5,58.6,57.7,62.6,63.2,63.8,72.5,88,92.7,79.8,69.8,60.4,40.5,35.6,36,38.7,40.5,40.5,35.5,31.4,37.2,53.1,49.9,44.2,42.8,44.5,52.4,49.4,44.4,32.9,22.7,26.8,44.6,66.1,74.7,80.5,82.9,81,81.8,82.4,90,92.5,92.6,93.7,98.9,97.9,7058.5,5901.8,82.0755814,68.6255814,115,55,5,5
29,3,B,N,2,64.9,1138,20,50,25,63,12,89,1.5,0,0,0,90,1610,94,64,113,114.3,113,114.5,112.9,105.9,92.4,78,64.4,57.7,60.1,56.2,44.3,32.1,25.7,25.5,21.8,28.3,43.7,63.7,85.2,104.8,120.1,121.5,121.4,121.4,121.4,121.4,121.1,120.6,120.7,118.2,113.7,105.3,95,83.9,76.5,75,76.3,80.9,79.8,65.4,47.6,29.9,15.9,20,37.5,55.1,63.6,70.6,75.3,81.8,89.9,100,108,110.7,116.7,119.5,114.7,105.7,90.1,72.5,53.8,31.8,,,,,,,,,,,,,,,,,,,,,,,,,,,57.6,50.5,43.5,35,28.1,22.4,22.2,36.5,57.4,81.2,102.8,117.2,120.9,115.6,110.2,101.8,86.9,69.9,50.2,30.4,18.4,23.6,35.4,36.2,36,35.9,36.2,36.1,35.9,35.6,35.6,32.8,28.2,21.6,20.5,28.9,43.1,61.9,81.8,95.6,97.4,99.6,97.6,95.7,97.8,101.4,106.3,109.1,101.9,91.8,78.5,65.1,51.5,41.8,36.3,34.6,32.9,35.4,34,29,23.4,27.5,38.4,55.8,,,,,,,,,,,,,,,,,,,,,,,,,,,TT,O,,2016,2,2,11/13/2003,17.53466872,20.81544219,21.17397037,19.0228013,,,,,112.9,105.9,92.4,78,64.4,57.7,60.1,56.2,44.3,32.1,25.7,25.5,21.8,28.3,43.7,63.7,85.2,104.8,120.1,121.5,121.4,121.4,121.4,121.4,121.1,120.6,120.7,118.2,113.7,105.3,95,83.9,76.5,75,76.3,80.9,79.8,65.4,47.6,29.9,15.9,20,37.5,55.1,63.6,70.6,75.3,81.8,89.9,100,108,110.7,116.7,119.5,114.7,105.7,90.1,72.5,53.8,31.8,,,,,,,,,,,,,,,,,,,,,,,,,,,,,,,28.1,22.4,22.2,36.5,57.4,81.2,102.8,117.2,120.9,115.6,110.2,101.8,86.9,69.9,50.2,30.4,18.4,23.6,35.4,36.2,36,35.9,36.2,36.1,35.9,35.6,35.6,32.8,28.2,21.6,20.5,28.9,43.1,61.9,81.8,95.6,97.4,99.6,97.6,95.7,97.8,101.4,106.3,109.1,101.9,91.8,78.5,65.1,51.5,41.8,36.3,34.6,32.9,35.4,34,29,23.4,27.5,38.4,55.8,,,,,,,,,,,,,,,,,,,,,,,,,,,4773,3515.8,79.55,58.59666667,115,55,5,5
30,3,B,E,2,90.1,1855,18,27,38,47,15,96,1.5,2,0,0,90,1610,94,90,70.4,72.6,76.1,80.3,82.3,85.4,92.2,100.8,97.8,90.9,75.1,57.7,37.7,15.2,12.2,30.8,51.1,70.7,88.9,96.9,97.1,96.1,95.6,93.5,93.1,95.3,87.5,80,70.3,72.2,80.2,77.1,62.3,47.5,32.5,26,27.5,39.7,52.4,62.1,70.7,77,87.4,98.6,105,110.9,111.8,111,110.9,108.5,107,104.7,98.7,84.4,65.5,46.9,29.4,20.7,29.1,46.8,64.8,74.4,78.6,86.6,92.4,93.5,100.3,112,109.2,101.9,98,82.9,64.1,53,39.1,21.4,8.6,17,44.9,53.1,64.3,67,67.4,66,67.8,60.3,58.8,64.3,78.8,87.2,114.9,100.4,86,70.4,51.9,36.5,19.5,16.5,28.2,35.5,50.6,63.9,73.1,76.3,79.4,79.9,85.8,88.7,92.1,84.9,74.1,61.1,54.5,39.5,23.5,11.9,15.9,27.4,49.3,73.6,93.9,102.6,100.9,102.5,106.1,110.5,109.5,109.3,104.1,94.4,81.5,66,51.6,40.5,36,30.8,27.1,28.1,39.6,54.9,67.9,80.6,85.5,84.4,78.9,73.5,68.5,66.2,70.9,78.1,81.8,74.8,62.3,49.6,36.7,27.6,19.4,29,33.1,37.5,42.1,47.4,44.4,44.5,51.8,65,80.2,96.6,117.8,115.9,116.5,107.3,96.5,85.8,86.6,67.3,49.2,35.3,21,27.6,TT,O,,2016,3,2,11/13/2003,20.58823529,20.81544219,21.17397037,19.0228013,,,76.1,80.3,82.3,85.4,92.2,100.8,97.8,90.9,75.1,57.7,37.7,15.2,12.2,30.8,51.1,70.7,88.9,96.9,97.1,96.1,95.6,93.5,93.1,95.3,87.5,80,70.3,72.2,80.2,77.1,62.3,47.5,32.5,26,27.5,39.7,52.4,62.1,70.7,77,87.4,98.6,105,110.9,111.8,111,110.9,108.5,107,104.7,98.7,84.4,65.5,46.9,29.4,20.7,29.1,46.8,64.8,74.4,78.6,86.6,92.4,93.5,100.3,112,109.2,101.9,98,82.9,64.1,53,39.1,21.4,8.6,17,44.9,53.1,64.3,67,67.4,66,67.8,60.3,58.8,64.3,78.8,87.2,,,86,70.4,51.9,36.5,19.5,16.5,28.2,35.5,50.6,63.9,73.1,76.3,79.4,79.9,85.8,88.7,92.1,84.9,74.1,61.1,54.5,39.5,23.5,11.9,15.9,27.4,49.3,73.6,93.9,102.6,100.9,102.5,106.1,110.5,109.5,109.3,104.1,94.4,81.5,66,51.6,40.5,36,30.8,27.1,28.1,39.6,54.9,67.9,80.6,85.5,84.4,78.9,73.5,68.5,66.2,70.9,78.1,81.8,74.8,62.3,49.6,36.7,27.6,19.4,29,33.1,37.5,42.1,47.4,44.4,44.5,51.8,65,80.2,96.6,117.8,115.9,116.5,107.3,96.5,85.8,86.6,67.3,49.2,35.3,21,27.6,6332.8,5645,71.96363636,64.14772727,55,115,3,3
28,4,B,E,2,90.1,2257,19,27,19,53,28,-150,1.5,0,2,0,90,1610,94,90,67,75.1,78.9,81.7,85.1,85.8,78.9,72,47.1,31.6,19.9,42,66.1,88.9,96.9,100.8,103.9,104.4,105.6,110.6,113.6,106.8,101.1,92.9,75.5,56,45.3,40.3,43.4,53.6,67.4,79.1,88.2,98.8,105,113.8,119.5,117.5,115.3,108.6,100.2,101.4,94.9,69.3,50.8,34,33.7,41.4,47.4,56.9,59.5,68,80.7,96.1,107.3,111,111,112,106.1,90.2,71,51.3,34.9,28.3,41.6,46.4,54.4,55.8,61.3,65.4,66.6,78.1,96.9,115.4,123.8,119.6,117.5,110.1,92.9,67.2,29.2,24.2,43.1,63.9,80.3,86.8,93.5,105.2,107.9,101.9,117,106.9,91.8,75.7,54.2,27.7,10.8,28.1,48.7,58.7,80.2,83.3,89.9,93.5,83.9,69.4,64.2,44.6,26.4,27,46,58.5,76.1,92,102.6,114.2,125.2,125.5,122.1,115.8,106.5,94.1,75.2,59.4,51.1,39.5,35.8,34.1,38.4,46.8,58.6,76.9,89,90.5,95.2,105.5,118.4,122.8,117.9,111.8,97.6,82.5,66.7,52.2,45.9,35.9,28,30.3,37.8,35.7,42.3,62.3,85.2,106.3,126.1,123.8,118.2,103.6,87.3,76.4,56.4,21.8,13.3,30.5,39.6,37.3,43.8,47.2,45.2,49.9,62.6,66.7,75.4,85,89.1,78.1,67,66.1,66.8,61.4,TT,O,,2016,4,2,11/14/2003,25.04994451,20.81544219,21.17397037,19.0228013,,,78.9,81.7,85.1,85.8,78.9,72,47.1,31.6,19.9,42,66.1,88.9,96.9,100.8,103.9,104.4,105.6,110.6,113.6,106.8,101.1,92.9,75.5,56,45.3,40.3,43.4,53.6,67.4,79.1,88.2,98.8,105,113.8,119.5,117.5,115.3,108.6,100.2,101.4,94.9,69.3,50.8,34,33.7,41.4,47.4,56.9,59.5,68,80.7,96.1,107.3,111,111,112,106.1,90.2,71,51.3,34.9,28.3,41.6,46.4,54.4,55.8,61.3,65.4,66.6,78.1,96.9,115.4,123.8,119.6,117.5,110.1,92.9,67.2,29.2,24.2,43.1,63.9,80.3,86.8,93.5,105.2,107.9,101.9,,,91.8,75.7,54.2,27.7,10.8,28.1,48.7,58.7,80.2,83.3,89.9,93.5,83.9,69.4,64.2,44.6,26.4,27,46,58.5,76.1,92,102.6,114.2,125.2,125.5,122.1,115.8,106.5,94.1,75.2,59.4,51.1,39.5,35.8,34.1,38.4,46.8,58.6,76.9,89,90.5,95.2,105.5,118.4,122.8,117.9,111.8,97.6,82.5,66.7,52.2,45.9,35.9,28,30.3,37.8,35.7,42.3,62.3,85.2,106.3,126.1,123.8,118.2,103.6,87.3,76.4,56.4,21.8,13.3,30.5,39.6,37.3,43.8,47.2,45.2,49.9,62.6,66.7,75.4,85,89.1,78.1,67,66.1,66.8,61.4,6948.3,6150.9,78.95795455,69.89659091,55,115,3,3
29,4,B,S,2,90.1,1909,25,18,46,43,11,58,1.5,0,3,0,90,1610,94,90,54,40.9,29.7,25.8,39.2,54.5,65.8,81.9,89.4,90.7,88.5,84.7,85.6,84.9,79.7,75.8,78,84.1,73,52.5,34.7,25.9,16,19.9,33.6,39.3,55.5,73,90,93.5,94.2,92.7,91.5,88.1,76.2,61.8,39,23.6,18.7,33.8,43,45.7,55.1,62.6,74.3,75.6,71.4,58.2,45.9,61.4,70.5,72.2,68.1,54.1,34.3,19.1,19.8,38.6,40.6,32.9,33.4,54.2,71.7,88.7,80.2,69.9,61.4,72.1,91.6,106.2,111.9,109.7,98.8,83.2,65.5,38.5,19.8,31.4,52.8,70.1,83.6,89.6,96.3,89.2,80.3,74.3,70.1,66.2,67.4,75.6,108.9,114.4,112.6,108.9,107.7,101.8,91,85.2,77.4,70.2,52.4,33.6,15.2,6.9,26.6,50.5,75,94.6,99.9,100.9,105.6,109.8,100.5,91.1,81.8,66.6,50.8,35.2,26.4,19.5,9.8,17.5,36.6,56.3,71.3,85.8,101.8,104.1,101.8,103.7,96.6,83.3,70.4,58.1,57.8,59.8,64.6,70.5,56.7,31.1,33.7,36.9,45.2,56.8,69.4,88.5,104.4,121.7,123.6,109.5,93.6,84.2,85.3,86,74.7,59.9,41.2,20.6,13.7,24.7,37,44.8,43.8,38,39.4,50,72.4,92.7,103,105.6,103.3,93.9,89.5,81,71.1,55.7,30,20.2,31.6,49.2,TT,O,,2016,5,2,11/14/2003,21.18756937,20.81544219,21.17397037,19.0228013,,,29.7,25.8,39.2,54.5,65.8,81.9,89.4,90.7,88.5,84.7,85.6,84.9,79.7,75.8,78,84.1,73,52.5,34.7,25.9,16,19.9,33.6,39.3,55.5,73,90,93.5,94.2,92.7,91.5,88.1,76.2,61.8,39,23.6,18.7,33.8,43,45.7,55.1,62.6,74.3,75.6,71.4,58.2,45.9,61.4,70.5,72.2,68.1,54.1,34.3,19.1,19.8,38.6,40.6,32.9,33.4,54.2,71.7,88.7,80.2,69.9,61.4,72.1,91.6,106.2,111.9,109.7,98.8,83.2,65.5,38.5,19.8,31.4,52.8,70.1,83.6,89.6,96.3,89.2,80.3,74.3,70.1,66.2,67.4,75.6,,,112.6,108.9,107.7,101.8,91,85.2,77.4,70.2,52.4,33.6,15.2,6.9,26.6,50.5,75,94.6,99.9,100.9,105.6,109.8,100.5,91.1,81.8,66.6,50.8,35.2,26.4,19.5,9.8,17.5,36.6,56.3,71.3,85.8,101.8,104.1,101.8,103.7,96.6,83.3,70.4,58.1,57.8,59.8,64.6,70.5,56.7,31.1,33.7,36.9,45.2,56.8,69.4,88.5,104.4,121.7,123.6,109.5,93.6,84.2,85.3,86,74.7,59.9,41.2,20.6,13.7,24.7,37,44.8,43.8,38,39.4,50,72.4,92.7,103,105.6,103.3,93.9,89.5,81,71.1,55.7,30,20.2,31.6,49.2,5611.9,5961.1,63.77159091,67.73977273,55,115,3,3
30,4,B,N,2,30.7,584,17,22,65,31,4,63,1.5,0,1,0,90,1610,94,30,112.3,108.6,102.7,95.2,86.9,83.2,84.2,68,45,30.7,38,45.7,43.8,43.8,46.2,53.3,64.6,74.3,76.4,74.1,64.4,52.1,47.4,57.3,70.7,69.4,52.1,33.9,16.2,13.8,,,,,,,,,,,,,,,,,,,,,,,,,,,,,,,,,,,,,,,,,,,,,,,,,,,,,,,,,,,,,45.8,37.7,25,11.6,16,40.2,61.7,75.4,74.9,68.7,54.4,41.3,42.9,48.7,57.4,64.9,65.5,61.5,55.4,49,39,35.8,48.8,72.5,93.9,104.6,103.4,102,98.2,93.5,,,,,,,,,,,,,,,,,,,,,,,,,,,,,,,,,,,,,,,,,,,,,,,,,,,,,,,,,,,,,FS,O,,2016,6,2,11/14/2003,19.0228013,20.81544219,21.17397037,19.0228013,,,,,,83.2,84.2,68,45,30.7,38,45.7,43.8,43.8,46.2,53.3,64.6,74.3,76.4,74.1,64.4,52.1,47.4,57.3,70.7,69.4,52.1,33.9,16.2,13.8,,,,,,,,,,,,,,,,,,,,,,,,,,,,,,,,,,,,,,,,,,,,,,,,,,,,,,,,,,,,,,,,,,40.2,61.7,75.4,74.9,68.7,54.4,41.3,42.9,48.7,57.4,64.9,65.5,61.5,55.4,49,39,35.8,48.8,72.5,93.9,104.6,103.4,102,98.2,93.5,,,,,,,,,,,,,,,,,,,,,,,,,,,,,,,,,,,,,,,,,,,,,,,,,,,,,,,,,,,,,1348.6,1653.6,53.944,66.144,115,55,6,6
31,3,B,W,2,90.1,1914,33,20,23,44,33,37,1.5,0,1,0,90,1610,95,90,110.7,104.3,97.4,82.8,67.3,44.2,34.5,36.6,42.3,49.9,63.3,81.1,100,109.4,108.6,106.8,105.5,101.1,96.9,96.6,100.9,93,80,66.4,54.7,42.7,39.8,43.5,45.7,42.5,44.3,51.8,65.6,83.6,99.5,103.7,113.2,115.2,110.7,97.5,80.9,62.1,46.1,43.8,42.7,35.1,32.2,40.7,54.8,68.5,83.7,91.1,91.1,88.2,86.3,94,111,109.9,111.1,101.1,85.1,65.4,43.5,23.5,18.2,36.3,47.8,41.4,34.1,28.5,30.1,39.3,52.4,62.9,72.2,78.8,81.3,88.4,93.3,93.8,93.4,89.9,80.4,69.2,61.6,51,41.9,39.7,38.7,36.7,64.6,62.2,67.5,79.9,94.7,107.7,116.6,120.2,114.6,101.2,86.7,74.5,69,62.1,55.8,37.1,22.4,21.6,38.4,61.1,84.1,92,98.1,105,117.2,122.5,124.9,127.7,123.9,109.4,92.1,72.1,51.9,36.9,29.3,28.6,28.5,35.7,42.3,46,53.3,68.3,88.4,109.5,125.2,120.4,113.2,108,104.2,99.7,98.2,87.1,74.3,61.6,36.9,20.1,25.5,24.5,25.6,16,6.1,20.7,43.7,66.6,91.3,115.5,121.4,107.4,92.6,76.3,60,46.7,37.2,33.9,33.8,35.3,38.2,45.5,59.5,73.2,85.7,95.1,99.6,101.4,109.6,120.8,123.7,125,121,112.8,TT,O,,2016,1,2,11/13/2003,21.24306326,19.75100428,19.08029011,23.10457516,,,,,,44.2,34.5,36.6,42.3,49.9,63.3,81.1,100,109.4,108.6,106.8,105.5,101.1,96.9,96.6,100.9,93,80,66.4,54.7,42.7,39.8,43.5,45.7,42.5,44.3,51.8,65.6,83.6,99.5,103.7,113.2,115.2,110.7,97.5,80.9,62.1,46.1,43.8,42.7,35.1,32.2,40.7,54.8,68.5,83.7,91.1,91.1,88.2,86.3,94,111,109.9,111.1,101.1,85.1,65.4,43.5,23.5,18.2,36.3,47.8,41.4,34.1,28.5,30.1,39.3,52.4,62.9,72.2,78.8,81.3,88.4,93.3,93.8,93.4,89.9,80.4,69.2,61.6,51,41.9,39.7,38.7,36.7,,,,,,107.7,116.6,120.2,114.6,101.2,86.7,74.5,69,62.1,55.8,37.1,22.4,21.6,38.4,61.1,84.1,92,98.1,105,117.2,122.5,124.9,127.7,123.9,109.4,92.1,72.1,51.9,36.9,29.3,28.6,28.5,35.7,42.3,46,53.3,68.3,88.4,109.5,125.2,120.4,113.2,108,104.2,99.7,98.2,87.1,74.3,61.6,36.9,20.1,25.5,24.5,25.6,16,6.1,20.7,43.7,66.6,91.3,115.5,121.4,107.4,92.6,76.3,60,46.7,37.2,33.9,33.8,35.3,38.2,45.5,59.5,73.2,85.7,95.1,99.6,101.4,109.6,120.8,123.7,125,121,112.8,5864.3,6416.8,68.99176471,75.49176471,115,55,6,6
32,3,B,N,2,90.1,1387,42,20,10,26,64,75,1.5,0,1,0,90,1610,95,90,114.8,110.8,108.2,102.8,97.3,105.8,117.3,121.2,116.5,111.1,107.7,102.7,93.1,87.6,84.5,81.9,78.5,72.2,67,62.2,53.5,47.7,43.5,41,35.8,30.8,34.7,49.1,71.2,95,114.1,116.2,110.7,118.3,123.2,123.3,122.8,121.1,112.2,89.2,76.8,60,49.3,39.5,40.6,55.4,59.1,49.8,43.9,29.7,18.2,30.4,43.3,46,47.4,62.6,63.2,56,55.7,53.2,48.5,46.2,44,43.3,47,52.5,53.4,45.9,33,28.1,21.7,33,48.2,63.7,72.3,72.5,79.8,85.2,86.9,80.6,77.9,76.4,73,70.9,68.7,63.9,57.5,55,52.3,47.5,49,41.8,28.4,18.4,25.4,50,55.1,55.3,56.1,61.1,68.2,78.2,81.9,88.4,95.5,99.3,102.3,104.1,108.2,114.7,118.7,121.7,123.4,121.4,108.3,95.4,80.7,62.5,50.4,51.8,64,65.8,53.1,47.6,47.5,46,44.3,41.9,33.4,8.6,10.9,30.1,45.6,66.6,89.2,114.4,122.2,117,113.2,103.6,101.8,113.8,125.1,124.4,115.9,112.9,115.1,113.5,115.8,118.4,123,125.9,127.6,128.5,128.4,127.8,125.4,121.2,113.3,110.9,106.7,106.7,108.2,110.1,105.2,96.2,90.8,92.9,97.2,101.1,103.8,105.5,106.1,109,110.5,109.1,109.5,111.3,116.4,120.1,TT,O,,2016,2,2,11/13/2003,15.39400666,19.75100428,19.08029011,23.10457516,,,,,,105.8,117.3,121.2,116.5,111.1,107.7,102.7,93.1,87.6,84.5,81.9,78.5,72.2,67,62.2,53.5,47.7,43.5,41,35.8,30.8,34.7,49.1,71.2,95,114.1,116.2,110.7,118.3,123.2,123.3,122.8,121.1,112.2,89.2,76.8,60,49.3,39.5,40.6,55.4,59.1,49.8,43.9,29.7,18.2,30.4,43.3,46,47.4,62.6,63.2,56,55.7,53.2,48.5,46.2,44,43.3,47,52.5,53.4,45.9,33,28.1,21.7,33,48.2,63.7,72.3,72.5,79.8,85.2,86.9,80.6,77.9,76.4,73,70.9,68.7,63.9,57.5,55,52.3,47.5,,,,,,50,55.1,55.3,56.1,61.1,68.2,78.2,81.9,88.4,95.5,99.3,102.3,104.1,108.2,114.7,118.7,121.7,123.4,121.4,108.3,95.4,80.7,62.5,50.4,51.8,64,65.8,53.1,47.6,47.5,46,44.3,41.9,33.4,8.6,10.9,30.1,45.6,66.6,89.2,114.4,122.2,117,113.2,103.6,101.8,113.8,125.1,124.4,115.9,112.9,115.1,113.5,115.8,118.4,123,125.9,127.6,128.5,128.4,127.8,125.4,121.2,113.3,110.9,106.7,106.7,108.2,110.1,105.2,96.2,90.8,92.9,97.2,101.1,103.8,105.5,106.1,109,110.5,109.1,109.5,111.3,116.4,120.1,5771.7,7922.8,67.90235294,93.20941177,115,55,6,6
33,3,B,E,2,3.4,60,100,0,15,57,28,11,1.5,0,0,0,90,1610,95,3,53.6,44.9,27.6,,,,,,,,,,,,,,,,,,,,,,,,,,,,,,,,,,,,,,,,,,,,,,,,,,,,,,,,,,,,,,,,,,,,,,,,,,,,,,,,,,,,,,,,112.8,105,95.1,,,,,,,,,,,,,,,,,,,,,,,,,,,,,,,,,,,,,,,,,,,,,,,,,,,,,,,,,,,,,,,,,,,,,,,,,,,,,,,,,,,,,,,,TT,O,,2016,3,2,11/13/2003,17.64705882,19.75100428,19.08029011,23.10457516,,,,,,,,,,,,,,,,,,,,,,,,,,,,,,,,,,,,,,,,,,,,,,,,,,,,,,,,,,,,,,,,,,,,,,,,,,,,,,,,,,,,,,,,,,,,,,,,,,,,,,,,,,,,,,,,,,,,,,,,,,,,,,,,,,,,,,,,,,,,,,,,,,,,,,,,,,,,,,,,,,,,,,,,,,,,,,,,,,,,,0,0,0,0,55,115,3,3
31,4,B,E,2,14.1,287,48,4,35,37,28,131,1.5,1,0,0,90,1610,95,14,62.8,67.4,65.5,65.8,65.5,59.6,49.1,36.6,27.3,36.8,47.4,35.9,23.5,10.6,,,,,,,,,,,,,,,,,,,,,,,,,,,,,,,,,,,,,,,,,,,,,,,,,,,,,,,,,,,,,,,,,,,,,,,,,,,,,116.7,110.3,94.2,82.1,70.8,47.8,38.7,53.2,77.4,101.7,118.1,117,107.6,95.1,,,,,,,,,,,,,,,,,,,,,,,,,,,,,,,,,,,,,,,,,,,,,,,,,,,,,,,,,,,,,,,,,,,,,,,,,,,,,TT,O,,2016,4,2,11/14/2003,20.35460993,19.75100428,19.08029011,23.10457516,,,65.5,65.8,65.5,59.6,49.1,36.6,27.3,36.8,47.4,35.9,23.5,10.6,,,,,,,,,,,,,,,,,,,,,,,,,,,,,,,,,,,,,,,,,,,,,,,,,,,,,,,,,,,,,,,,,,,,,,,,,,,,,,,94.2,82.1,70.8,47.8,38.7,53.2,77.4,101.7,118.1,117,107.6,95.1,,,,,,,,,,,,,,,,,,,,,,,,,,,,,,,,,,,,,,,,,,,,,,,,,,,,,,,,,,,,,,,,,,,,,,,,,,,,,523.6,1003.7,43.63333333,83.64166667,55,115,3,3
32,4,B,S,2,11.8,245,36,1,33,45,22,-88,1.5,1,0,0,90,1610,95,11,56.9,62.4,59.5,71.3,79.8,92.7,83.1,58,35.6,11.8,11.3,,,,,,,,,,,,,,,,,,,,,,,,,,,,,,,,,,,,,,,,,,,,,,,,,,,,,,,,,,,,,,,,,,,,,,,,,,,,,,,,110.1,103.9,85.3,71.4,68.2,80.8,91.9,84.8,78.1,78.5,76.6,,,,,,,,,,,,,,,,,,,,,,,,,,,,,,,,,,,,,,,,,,,,,,,,,,,,,,,,,,,,,,,,,,,,,,,,,,,,,,,,TT,O,,2016,5,2,11/14/2003,20.76271186,19.75100428,19.08029011,23.10457516,,,59.5,71.3,79.8,92.7,83.1,58,35.6,11.8,11.3,,,,,,,,,,,,,,,,,,,,,,,,,,,,,,,,,,,,,,,,,,,,,,,,,,,,,,,,,,,,,,,,,,,,,,,,,,,,,,,,,,85.3,71.4,68.2,80.8,91.9,84.8,78.1,78.5,76.6,,,,,,,,,,,,,,,,,,,,,,,,,,,,,,,,,,,,,,,,,,,,,,,,,,,,,,,,,,,,,,,,,,,,,,,,,,,,,,,,503.1,715.6,55.9,79.51111111,55,115,3,3
33,4,B,N,2,30.6,707,35,19,57,25,18,71,1.5,2,0,0,90,1610,95,30,113.4,110,104.6,92,76.4,63.5,65.4,71.2,60.7,36.6,13.4,11.8,39.4,66.2,76.9,100.5,108.8,103.4,101.6,81.9,67.5,55.5,32,37,38.4,24.2,17.6,8.7,19.3,29.1,,,,,,,,,,,,,,,,,,,,,,,,,,,,,,,,,,,,,,,,,,,,,,,,,,,,,,,,,,,,,50.3,39.3,22.9,14.1,34.1,62.8,93,108.3,109.9,108.2,97.4,73.9,47.1,27,28.6,53,75.1,80.4,75.3,53.7,46.5,48.9,66.7,71.2,60,63.2,68.5,78.9,81.9,91,,,,,,,,,,,,,,,,,,,,,,,,,,,,,,,,,,,,,,,,,,,,,,,,,,,,,,,,,,,,,FS,O,,2016,6,2,11/14/2003,23.10457516,19.75100428,19.08029011,23.10457516,,,,,76.4,63.5,65.4,71.2,60.7,36.6,13.4,11.8,39.4,66.2,76.9,100.5,108.8,103.4,101.6,81.9,67.5,55.5,32,37,38.4,24.2,17.6,8.7,19.3,29.1,,,,,,,,,,,,,,,,,,,,,,,,,,,,,,,,,,,,,,,,,,,,,,,,,,,,,,,,,,,,,,,,,34.1,62.8,93,108.3,109.9,108.2,97.4,73.9,47.1,27,28.6,53,75.1,80.4,75.3,53.7,46.5,48.9,66.7,71.2,60,63.2,68.5,78.9,81.9,91,,,,,,,,,,,,,,,,,,,,,,,,,,,,,,,,,,,,,,,,,,,,,,,,,,,,,,,,,,,,,1407,1804.6,54.11538462,69.40769231,115,55,5,5
34,3,B,W,2,29.9,615,3,46,44,48,8,34,1.5,2,3,0,90,1610,99,29,110.7,95.7,78,76,94.2,95.6,95,105.1,106.3,101.4,93.4,87.2,87.3,86.8,74.5,62.7,62.8,71.3,90.6,97.9,109.6,119.3,118.3,116.7,110.5,98.7,84.5,64,36.2,,,,,,,,,,,,,,,,,,,,,,,,,,,,,,,,,,,,,,,,,,,,,,,,,,,,,,,,,,,,,,61.3,58.8,62,78.8,89.6,82.5,68.3,59.2,44.8,28.2,10,21.4,39.4,51.5,61.7,56.9,39.7,18,6.7,13.9,29.7,41.6,37.3,33.1,26.6,29.3,46.3,57.7,69,,,,,,,,,,,,,,,,,,,,,,,,,,,,,,,,,,,,,,,,,,,,,,,,,,,,,,,,,,,,,,TT,O,,2016,1,2,11/13/2003,20.56856187,19.65210009,19.68743813,19.47540984,,,,,,95.6,95,105.1,106.3,101.4,93.4,87.2,87.3,86.8,74.5,62.7,62.8,71.3,90.6,97.9,109.6,119.3,118.3,116.7,110.5,98.7,84.5,64,36.2,,,,,,,,,,,,,,,,,,,,,,,,,,,,,,,,,,,,,,,,,,,,,,,,,,,,,,,,,,,,,,,,,,,82.5,68.3,59.2,44.8,28.2,10,21.4,39.4,51.5,61.7,56.9,39.7,18,6.7,13.9,29.7,41.6,37.3,33.1,26.6,29.3,46.3,57.7,69,,,,,,,,,,,,,,,,,,,,,,,,,,,,,,,,,,,,,,,,,,,,,,,,,,,,,,,,,,,,,,2175.7,972.8,90.65416667,40.53333333,115,55,6,6
35,3,B,N,2,45.7,867,8,39,82,14,4,76,1.5,1,1,0,90,1610,99,45,113,110.2,102.9,96.8,81.9,60.3,54,74.9,82.4,84.4,81.8,75.5,63.5,44.6,25,16.9,35.6,57.8,76.1,92,103.7,104.8,86.2,71.1,65,56.1,45.4,53.6,65.7,70.8,74.5,74.8,78.3,74.3,64.2,53.7,55.8,69.6,70.5,74.6,69.1,60.8,56.8,50.1,33.6,,,,,,,,,,,,,,,,,,,,,,,,,,,,,,,,,,,,,,,,,,,,,,46.1,33.6,18.9,16.9,22.7,39.1,59.9,66.7,55.9,39.6,22.9,17.6,23.9,47.1,66.9,71.1,54.3,38.7,31.8,38.2,58.1,75.5,74.5,61.7,55.9,52.2,60.8,67.2,58.7,45.9,29.2,14.1,8,15.3,25.8,35.6,31.1,16.7,17.4,14.6,25,32.5,35.4,37.9,52.2,,,,,,,,,,,,,,,,,,,,,,,,,,,,,,,,,,,,,,,,,,,,,,TT,O,,2016,2,2,11/13/2003,18.97155361,19.65210009,19.68743813,19.47540984,,,,,,60.3,54,74.9,82.4,84.4,81.8,75.5,63.5,44.6,25,16.9,35.6,57.8,76.1,92,103.7,104.8,86.2,71.1,65,56.1,45.4,53.6,65.7,70.8,74.5,74.8,78.3,74.3,64.2,53.7,55.8,69.6,70.5,74.6,69.1,60.8,56.8,50.1,33.6,,,,,,,,,,,,,,,,,,,,,,,,,,,,,,,,,,,,,,,,,,,,,,,,,,,39.1,59.9,66.7,55.9,39.6,22.9,17.6,23.9,47.1,66.9,71.1,54.3,38.7,31.8,38.2,58.1,75.5,74.5,61.7,55.9,52.2,60.8,67.2,58.7,45.9,29.2,14.1,8,15.3,25.8,35.6,31.1,16.7,17.4,14.6,25,32.5,35.4,37.9,52.2,,,,,,,,,,,,,,,,,,,,,,,,,,,,,,,,,,,,,,,,,,,,,,2607.9,1675,65.1975,41.875,115,55,6,6
36,3,B,E,2,90.1,1753,41,21,35,37,28,75,1.5,0,2,0,90,1610,99,90,64.8,64.5,71.3,74.5,88.8,97.2,99.8,89.5,75.4,64.8,55.4,32.3,41.2,44.9,51.4,57.3,58.1,51.6,50.2,50.1,43.5,38.6,43.6,55.2,64.1,67.8,75.6,82.2,96.2,110.4,112.2,113.1,115.9,112,100.5,88.8,74.4,57.1,41,26.2,19.8,31.8,42.4,41.7,35,41.8,55.1,66.7,70.8,71.2,67.1,63.3,52.3,36,23.8,29.8,44.4,51.4,43.3,32.4,27.4,28.1,42,60.4,70.4,58.6,40.8,29.3,23.5,26.7,26.4,37,40.2,34.6,40.3,44.5,39.3,34.8,42.2,56.2,67.8,74.9,80.6,79.2,80.7,86.9,91.1,97.6,106.2,117.2,105.4,88.1,74.5,63.9,42.8,36.5,24.9,8.8,10.5,22.8,39.8,54.1,44.6,41.1,37,40.4,53.5,73.4,95.3,113.7,125,123.9,124.2,123.3,115,98.8,82.2,64.1,56.4,55.9,51.5,40.3,33.9,26.5,15.6,4.6,12.2,29,45,61,83.3,103.3,122.3,125.4,120.1,121.3,122.1,117.9,104.9,97.2,84.9,72.3,64.1,58.9,63.4,77.2,92.9,109,115.1,101.7,87.5,83.5,77.5,77.4,90.1,97,98,88.4,79,71.9,69.9,68.8,81.8,91.8,105.6,121.3,123.7,119.7,120.6,123.3,120.7,112.9,104.5,88.3,74.5,63.2,53.2,45.4,38.2,37.5,TT,O,,2016,3,2,11/13/2003,19.45615982,19.65210009,19.68743813,19.47540984,,,71.3,74.5,88.8,97.2,99.8,89.5,75.4,64.8,55.4,32.3,41.2,44.9,51.4,57.3,58.1,51.6,50.2,50.1,43.5,38.6,43.6,55.2,64.1,67.8,75.6,82.2,96.2,110.4,112.2,113.1,115.9,112,100.5,88.8,74.4,57.1,41,26.2,19.8,31.8,42.4,41.7,35,41.8,55.1,66.7,70.8,71.2,67.1,63.3,52.3,36,23.8,29.8,44.4,51.4,43.3,32.4,27.4,28.1,42,60.4,70.4,58.6,40.8,29.3,23.5,26.7,26.4,37,40.2,34.6,40.3,44.5,39.3,34.8,42.2,56.2,67.8,74.9,80.6,79.2,80.7,86.9,91.1,97.6,106.2,117.2,,,74.5,63.9,42.8,36.5,24.9,8.8,10.5,22.8,39.8,54.1,44.6,41.1,37,40.4,53.5,73.4,95.3,113.7,125,123.9,124.2,123.3,115,98.8,82.2,64.1,56.4,55.9,51.5,40.3,33.9,26.5,15.6,4.6,12.2,29,45,61,83.3,103.3,122.3,125.4,120.1,121.3,122.1,117.9,104.9,97.2,84.9,72.3,64.1,58.9,63.4,77.2,92.9,109,115.1,101.7,87.5,83.5,77.5,77.4,90.1,97,98,88.4,79,71.9,69.9,68.8,81.8,91.8,105.6,121.3,123.7,119.7,120.6,123.3,120.7,112.9,104.5,88.3,74.5,63.2,53.2,45.4,38.2,37.5,5277.2,6738.5,59.96818182,76.57386364,55,115,3,3
34,4,B,E,2,90.1,1852,26,20,33,47,20,102,1.5,0,1,0,90,1610,99,90,68.8,79.2,86.8,93.4,94.9,83.5,88.6,104.6,111.5,120.9,117.5,111.7,93.8,81.6,66.8,77.7,69.6,63,68.7,70.8,74.6,78.4,84.2,82.1,68.5,48.7,40,42.3,41.9,38.8,40.6,28.2,28.9,41.8,56.9,67.7,72.9,78.4,75.1,66.7,53.3,41.1,33.6,27,20.7,19.4,12.2,14.7,25.4,22.1,37.9,46.8,57.6,82.1,106.8,108.4,102.2,97.3,86.5,80.5,73.3,63.8,47.2,48.9,48.6,60.1,79.2,86.2,89.6,97.3,107,113.7,115.2,112.3,107.7,104.7,103.1,95.4,82.5,67.6,51.3,28.6,13.3,18.4,24.2,41.8,59.4,64.4,80.2,94.9,110.9,105.3,91.2,78.6,69.1,50.2,19.4,20.4,26.3,38.1,43.1,50.9,46.7,42.9,51.2,53,46,38.5,27,25.8,28.7,47.2,71.8,93.2,107.6,113.3,118.6,127.3,122.3,110.2,106.8,88,68.3,52.7,43,28.7,26.3,12.5,13.6,32.6,53.5,76.9,101.6,110.4,103.8,102.3,86,85.3,76.5,71.7,60.5,53.7,50.4,55.5,71.4,73.5,72.7,80.4,90.4,101.2,102.9,106.7,106.2,99.4,97.5,95,96.7,91.9,79.7,65.8,54.3,44.1,34.3,27.2,30.5,43.8,54.1,69,78.1,88.2,91.3,89.3,94.8,103.5,104.4,104.3,96.7,86.1,79.2,77.1,TT,O,,2016,4,2,11/14/2003,20.55493896,19.65210009,19.68743813,19.47540984,,,86.8,93.4,94.9,83.5,88.6,104.6,111.5,120.9,117.5,111.7,93.8,81.6,66.8,77.7,69.6,63,68.7,70.8,74.6,78.4,84.2,82.1,68.5,48.7,40,42.3,41.9,38.8,40.6,28.2,28.9,41.8,56.9,67.7,72.9,78.4,75.1,66.7,53.3,41.1,33.6,27,20.7,19.4,12.2,14.7,25.4,22.1,37.9,46.8,57.6,82.1,106.8,108.4,102.2,97.3,86.5,80.5,73.3,63.8,47.2,48.9,48.6,60.1,79.2,86.2,89.6,97.3,107,113.7,115.2,112.3,107.7,104.7,103.1,95.4,82.5,67.6,51.3,28.6,13.3,18.4,24.2,41.8,59.4,64.4,80.2,94.9,,,91.2,78.6,69.1,50.2,19.4,20.4,26.3,38.1,43.1,50.9,46.7,42.9,51.2,53,46,38.5,27,25.8,28.7,47.2,71.8,93.2,107.6,113.3,118.6,127.3,122.3,110.2,106.8,88,68.3,52.7,43,28.7,26.3,12.5,13.6,32.6,53.5,76.9,101.6,110.4,103.8,102.3,86,85.3,76.5,71.7,60.5,53.7,50.4,55.5,71.4,73.5,72.7,80.4,90.4,101.2,102.9,106.7,106.2,99.4,97.5,95,96.7,91.9,79.7,65.8,54.3,44.1,34.3,27.2,30.5,43.8,54.1,69,78.1,88.2,91.3,89.3,94.8,103.5,104.4,104.3,96.7,86.1,79.2,77.1,6017.6,6200.9,68.38181818,70.46477273,55,115,3,3
35,4,B,S,2,76.3,1441,42,9,18,37,45,45,1.5,0,0,0,90,1610,99,76,51.1,35.8,30.5,28.4,37.2,40.1,43.9,45.9,54.8,69.2,71.5,71,62.9,54.1,38,28.8,37.7,52.1,63.1,69.9,70.9,72.8,77,77.9,83,78.8,80.8,68,47.6,26.1,17.9,28.8,40.8,32.2,29.5,28.4,30.3,36,42.8,44.6,44.1,50.5,62.4,68.8,71.4,70.8,82.9,95.4,103.3,111,113.2,117.9,120.9,119.5,113.9,107.1,106.4,105,96,85.1,77.1,61.2,49.6,44.7,42,42.1,42.2,43,51.9,65.3,70.7,68.3,65.9,55.6,39.5,22.2,,,,,,,,,,,,,,,112.2,109.9,102.6,101.7,108.8,123.7,128.7,124.3,119.8,116.8,101.5,94.3,80.2,70.3,62.9,58.5,62.9,66.9,81.8,99.4,101.6,99.3,88.2,73.7,59.8,48.7,45.1,40.7,52.3,70.9,89.7,101.7,93.7,90.3,91.3,90.9,99.4,114.2,128,128.9,125.4,123,122.6,119.1,115.2,101.9,96.9,88.1,74.7,59.8,51,39.9,36,36.1,38.8,48.2,63.6,78,87.2,94.9,95.5,99.3,110.8,125.1,126.8,127.1,124.2,118.5,115.9,116.1,110.4,102,95.8,87.8,79.7,75.6,,,,,,,,,,,,,,,TT,O,,2016,5,2,11/14/2003,18.88597641,19.65210009,19.68743813,19.47540984,,,30.5,28.4,37.2,40.1,43.9,45.9,54.8,69.2,71.5,71,62.9,54.1,38,28.8,37.7,52.1,63.1,69.9,70.9,72.8,77,77.9,83,78.8,80.8,68,47.6,26.1,17.9,28.8,40.8,32.2,29.5,28.4,30.3,36,42.8,44.6,44.1,50.5,62.4,68.8,71.4,70.8,82.9,95.4,103.3,111,113.2,117.9,120.9,119.5,113.9,107.1,106.4,105,96,85.1,77.1,61.2,49.6,44.7,42,42.1,42.2,43,51.9,65.3,70.7,68.3,65.9,55.6,39.5,22.2,,,,,,,,,,,,,,,,,102.6,101.7,108.8,123.7,128.7,124.3,119.8,116.8,101.5,94.3,80.2,70.3,62.9,58.5,62.9,66.9,81.8,99.4,101.6,99.3,88.2,73.7,59.8,48.7,45.1,40.7,52.3,70.9,89.7,101.7,93.7,90.3,91.3,90.9,99.4,114.2,128,128.9,125.4,123,122.6,119.1,115.2,101.9,96.9,88.1,74.7,59.8,51,39.9,36,36.1,38.8,48.2,63.6,78,87.2,94.9,95.5,99.3,110.8,125.1,126.8,127.1,124.2,118.5,115.9,116.1,110.4,102,95.8,87.8,79.7,75.6,,,,,,,,,,,,,,,4600.2,6724.5,62.16486487,90.87162162,55,115,3,3
36,4,B,N,2,30.5,594,48,20,24,55,21,79,1.5,2,1,0,90,1610,99,30,111.9,111.1,105.2,93,76.6,64.6,48.4,41.2,57.6,62.3,63.3,72.4,72,63.2,55.1,48.5,42.8,39.9,28.8,13,9.1,24.5,43.5,50.3,35.1,26.7,28.4,31.9,36,38.8,,,,,,,,,,,,,,,,,,,,,,,,,,,,,,,,,,,,,,,,,,,,,,,,,,,,,,,,,,,,,48.8,38.4,24.7,8.4,16,38.5,58.4,78.4,81.8,79.3,80.3,90.5,99,103.5,110.9,121.6,123.3,124.7,114.3,97.5,88.9,82,88,99.7,104.2,107.2,113.7,113.2,107.4,95.8,,,,,,,,,,,,,,,,,,,,,,,,,,,,,,,,,,,,,,,,,,,,,,,,,,,,,,,,,,,,,FS,O,,2016,6,2,11/14/2003,19.47540984,19.65210009,19.68743813,19.47540984,,,,,,64.6,48.4,41.2,57.6,62.3,63.3,72.4,72,63.2,55.1,48.5,42.8,39.9,28.8,13,9.1,24.5,43.5,50.3,35.1,26.7,28.4,31.9,36,38.8,,,,,,,,,,,,,,,,,,,,,,,,,,,,,,,,,,,,,,,,,,,,,,,,,,,,,,,,,,,,,,,,,,38.5,58.4,78.4,81.8,79.3,80.3,90.5,99,103.5,110.9,121.6,123.3,124.7,114.3,97.5,88.9,82,88,99.7,104.2,107.2,113.7,113.2,107.4,95.8,,,,,,,,,,,,,,,,,,,,,,,,,,,,,,,,,,,,,,,,,,,,,,,,,,,,,,,,,,,,,1097.4,2402.1,43.896,96.084,115,55,6,6
1,5,A,S,2,2.8,57,100,0,44,48,8,12,1.5,1,0,0,90,1610,4,2,42,17.7,,,,,,,,,,,,,,,,,,,,,,,,,,,,,,,,,,,,,,,,,,,,,,,,,,,,,,,,,,,,,,,,,,,,,,,,,,,,,,,,,,,,,,,,,105.8,92.5,,,,,,,,,,,,,,,,,,,,,,,,,,,,,,,,,,,,,,,,,,,,,,,,,,,,,,,,,,,,,,,,,,,,,,,,,,,,,,,,,,,,,,,,,TT,O,,2016,1,3,11/15/2003,20.35714286,20.06341506,20.30485624,18.85620915,,,,,,,,,,,,,,,,,,,,,,,,,,,,,,,,,,,,,,,,,,,,,,,,,,,,,,,,,,,,,,,,,,,,,,,,,,,,,,,,,,,,,,,,,,,,,,,,,,,,,,,,,,,,,,,,,,,,,,,,,,,,,,,,,,,,,,,,,,,,,,,,,,,,,,,,,,,,,,,,,,,,,,,,,,,,,,,,,,,,,0,0,0,0,55,115,3,3
2,5,A,N,2,9.1,175,51,4,78,21,1,-31,1.5,2,0,0,90,1610,4,9,105.8,93.5,74.7,52.3,28.2,16.7,25.3,22.3,19.2,,,,,,,,,,,,,,,,,,,,,,,,,,,,,,,,,,,,,,,,,,,,,,,,,,,,,,,,,,,,,,,,,,,,,,,,,,,,,,,,,,54,53.5,50.4,55.5,66.9,71.4,61.7,64.1,68.3,,,,,,,,,,,,,,,,,,,,,,,,,,,,,,,,,,,,,,,,,,,,,,,,,,,,,,,,,,,,,,,,,,,,,,,,,,,,,,,,,,TT,O,,2016,2,3,11/15/2003,19.23076923,20.06341506,20.30485624,18.85620915,,,,,,16.7,25.3,22.3,19.2,,,,,,,,,,,,,,,,,,,,,,,,,,,,,,,,,,,,,,,,,,,,,,,,,,,,,,,,,,,,,,,,,,,,,,,,,,,,,,,,,,,,,,,71.4,61.7,64.1,68.3,,,,,,,,,,,,,,,,,,,,,,,,,,,,,,,,,,,,,,,,,,,,,,,,,,,,,,,,,,,,,,,,,,,,,,,,,,,,,,,,,,83.5,265.5,20.875,66.375,115,55,6,6
3,5,A,W,2,29.6,588,26,24,72,20,8,-32,1.5,1,1,0,90,1610,4,29,104.6,90.1,77.9,72.5,73.4,61.1,52.1,37.4,24.3,33.8,35.8,26.7,15.2,23.1,41.1,56.2,62.3,70,74.4,79.2,85,96.3,102.4,102.3,91.1,77.5,55.4,38.8,18.4,,,,,,,,,,,,,,,,,,,,,,,,,,,,,,,,,,,,,,,,,,,,,,,,,,,,,,,,,,,,,,48.5,31.2,13.6,18.2,20.6,34,43.9,51.9,64.1,71.3,65,68.6,71.4,73.2,73.8,68.1,57.3,42.8,30.2,10,18.2,44.3,65.4,80.3,86.9,88.2,89.3,92.4,87.8,,,,,,,,,,,,,,,,,,,,,,,,,,,,,,,,,,,,,,,,,,,,,,,,,,,,,,,,,,,,,,TT,O,,2016,3,3,11/15/2003,19.86486487,20.06341506,20.30485624,18.85620915,,,,,,61.1,52.1,37.4,24.3,33.8,35.8,26.7,15.2,23.1,41.1,56.2,62.3,70,74.4,79.2,85,96.3,102.4,102.3,91.1,77.5,55.4,38.8,18.4,,,,,,,,,,,,,,,,,,,,,,,,,,,,,,,,,,,,,,,,,,,,,,,,,,,,,,,,,,,,,,,,,,,34,43.9,51.9,64.1,71.3,65,68.6,71.4,73.2,73.8,68.1,57.3,42.8,30.2,10,18.2,44.3,65.4,80.3,86.9,88.2,89.3,92.4,87.8,,,,,,,,,,,,,,,,,,,,,,,,,,,,,,,,,,,,,,,,,,,,,,,,,,,,,,,,,,,,,,1359.9,1478.4,56.6625,61.6,115,55,6,6
1,6,A,N,2,11.8,235,9,18,78,21,1,-48,1.5,1,0,0,90,1610,4,11,104.9,95.9,86.9,73.7,74.8,76.4,72.5,62.4,52.5,54.2,34.8,,,,,,,,,,,,,,,,,,,,,,,,,,,,,,,,,,,,,,,,,,,,,,,,,,,,,,,,,,,,,,,,,,,,,,,,,,,,,,,,53.2,56.6,48.5,43.4,47.5,41.6,26.8,24.6,37.8,52.1,72.9,,,,,,,,,,,,,,,,,,,,,,,,,,,,,,,,,,,,,,,,,,,,,,,,,,,,,,,,,,,,,,,,,,,,,,,,,,,,,,,,TT,O,,2016,4,3,11/16/2003,19.91525424,20.06341506,20.30485624,18.85620915,,,,,,76.4,72.5,62.4,52.5,54.2,34.8,,,,,,,,,,,,,,,,,,,,,,,,,,,,,,,,,,,,,,,,,,,,,,,,,,,,,,,,,,,,,,,,,,,,,,,,,,,,,,,,,,,,,41.6,26.8,24.6,37.8,52.1,72.9,,,,,,,,,,,,,,,,,,,,,,,,,,,,,,,,,,,,,,,,,,,,,,,,,,,,,,,,,,,,,,,,,,,,,,,,,,,,,,,,352.8,255.8,58.8,42.63333333,115,55,6,6
2,6,A,S,2,32,709,28,26,53,29,18,-129,1.5,1,1,0,90,1610,4,31,60.4,59.2,47.7,38.1,36.4,50.7,66.8,72.9,79.2,92.4,103.7,105.8,106.7,98.1,80.9,57.2,41.4,38.6,33.3,29.9,29,35.1,50.1,57.8,65,70.5,70.3,74.4,68.8,47,27.3,,,,,,,,,,,,,,,,,,,,,,,,,,,,,,,,,,,,,,,,,,,,,,,,,,,,,,,,,,,,106.4,96.4,86.6,69.7,53,35.2,20.4,14.3,8.3,22,45.1,62.1,79,85.4,90.9,99.1,111.2,119.6,118.6,111.5,100.4,84.1,65.3,54.7,34.2,17.8,25.2,48,68.3,80.6,87.6,,,,,,,,,,,,,,,,,,,,,,,,,,,,,,,,,,,,,,,,,,,,,,,,,,,,,,,,,,,,TT,O,,2016,5,3,11/16/2003,22.15625,20.06341506,20.30485624,18.85620915,,,47.7,38.1,36.4,50.7,66.8,72.9,79.2,92.4,103.7,105.8,106.7,98.1,80.9,57.2,41.4,38.6,33.3,29.9,29,35.1,50.1,57.8,65,70.5,70.3,74.4,68.8,47,27.3,,,,,,,,,,,,,,,,,,,,,,,,,,,,,,,,,,,,,,,,,,,,,,,,,,,,,,,,,,,,,,86.6,69.7,53,35.2,20.4,14.3,8.3,22,45.1,62.1,79,85.4,90.9,99.1,111.2,119.6,118.6,111.5,100.4,84.1,65.3,54.7,34.2,17.8,25.2,48,68.3,80.6,87.6,,,,,,,,,,,,,,,,,,,,,,,,,,,,,,,,,,,,,,,,,,,,,,,,,,,,,,,,,,,,1775.1,1898.2,61.21034483,65.45517241,55,115,3,3
3,6,A,E,2,30.6,577,76,5,67,27,6,-19,1.5,3,0,0,90,1610,4,30,56.7,43.3,24.4,6.2,24.4,42.1,51.7,59.8,45.9,29.1,20.4,23.5,24.8,25.7,11.4,5.1,17.9,24.6,22.9,26.1,29.7,29.4,33.6,31.7,27.7,27.1,45.8,36,23.9,21.9,,,,,,,,,,,,,,,,,,,,,,,,,,,,,,,,,,,,,,,,,,,,,,,,,,,,,,,,,,,,,119.4,112.3,98.7,85.2,72.5,81.7,86.9,82.1,74.6,68.2,67.5,71.3,78.9,92.1,91.6,88.9,87,99.8,107.8,108.2,98.6,85.1,78.6,71.9,59.5,64.2,59,57.6,63.7,64.4,,,,,,,,,,,,,,,,,,,,,,,,,,,,,,,,,,,,,,,,,,,,,,,,,,,,,,,,,,,,,FS,O,,2016,6,3,11/16/2003,18.85620915,20.06341506,20.30485624,18.85620915,,,24.4,6.2,24.4,42.1,51.7,59.8,45.9,29.1,20.4,23.5,24.8,25.7,11.4,5.1,17.9,24.6,22.9,26.1,29.7,29.4,33.6,31.7,27.7,27.1,45.8,36,23.9,21.9,,,,,,,,,,,,,,,,,,,,,,,,,,,,,,,,,,,,,,,,,,,,,,,,,,,,,,,,,,,,,,,98.7,85.2,72.5,81.7,86.9,82.1,74.6,68.2,67.5,71.3,78.9,92.1,91.6,88.9,87,99.8,107.8,108.2,98.6,85.1,78.6,71.9,59.5,64.2,59,57.6,63.7,64.4,,,,,,,,,,,,,,,,,,,,,,,,,,,,,,,,,,,,,,,,,,,,,,,,,,,,,,,,,,,,,792.8,2245.6,28.31428571,80.2,55,115,3,3
4,5,A,S,2,9.2,224,56,2,58,20,22,49,1.5,1,0,0,90,1610,5,9,58.7,47.1,26.8,27.1,49.5,68.5,66.1,40.5,12.6,,,,,,,,,,,,,,,,,,,,,,,,,,,,,,,,,,,,,,,,,,,,,,,,,,,,,,,,,,,,,,,,,,,,,,,,,,,,,,,,,,113.2,113.7,101,72.6,52.8,60.4,73.8,72.7,77.8,,,,,,,,,,,,,,,,,,,,,,,,,,,,,,,,,,,,,,,,,,,,,,,,,,,,,,,,,,,,,,,,,,,,,,,,,,,,,,,,,,TT,O,,2016,1,3,11/15/2003,24.34782609,21.26873387,22.12378783,16.99346405,,47.1,26.8,27.1,49.5,68.5,66.1,40.5,12.6,,,,,,,,,,,,,,,,,,,,,,,,,,,,,,,,,,,,,,,,,,,,,,,,,,,,,,,,,,,,,,,,,,,,,,,,,,,,,,,,,,,113.7,101,72.6,52.8,60.4,73.8,72.7,77.8,,,,,,,,,,,,,,,,,,,,,,,,,,,,,,,,,,,,,,,,,,,,,,,,,,,,,,,,,,,,,,,,,,,,,,,,,,,,,,,,,,338.2,624.8,42.275,78.1,55,115,2,2
5,5,A,N,2,7.1,176,40,49,58,41,1,50,1.5,1,0,0,90,1610,5,7,109.3,97,75.2,50,29.7,21.2,10.2,,,,,,,,,,,,,,,,,,,,,,,,,,,,,,,,,,,,,,,,,,,,,,,,,,,,,,,,,,,,,,,,,,,,,,,,,,,,,,,,,,,,45.8,27.8,16.9,37.9,69.5,96.2,95.1,,,,,,,,,,,,,,,,,,,,,,,,,,,,,,,,,,,,,,,,,,,,,,,,,,,,,,,,,,,,,,,,,,,,,,,,,,,,,,,,,,,,TT,O,,2016,2,3,11/15/2003,24.78873239,21.26873387,22.12378783,16.99346405,,,,,29.7,21.2,10.2,,,,,,,,,,,,,,,,,,,,,,,,,,,,,,,,,,,,,,,,,,,,,,,,,,,,,,,,,,,,,,,,,,,,,,,,,,,,,,,,,,,,,,,,69.5,96.2,95.1,,,,,,,,,,,,,,,,,,,,,,,,,,,,,,,,,,,,,,,,,,,,,,,,,,,,,,,,,,,,,,,,,,,,,,,,,,,,,,,,,,,,61.1,260.8,20.36666667,86.93333333,115,55,5,5
6,5,A,W,2,4.8,111,31,1,63,27,10,15,1.5,1,0,0,90,1610,5,4,104.8,84.5,56.7,24.6,,,,,,,,,,,,,,,,,,,,,,,,,,,,,,,,,,,,,,,,,,,,,,,,,,,,,,,,,,,,,,,,,,,,,,,,,,,,,,,,,,,,,,,66.7,60.5,57.8,68.8,,,,,,,,,,,,,,,,,,,,,,,,,,,,,,,,,,,,,,,,,,,,,,,,,,,,,,,,,,,,,,,,,,,,,,,,,,,,,,,,,,,,,,,TT,O,,2016,3,3,11/15/2003,23.125,21.26873387,22.12378783,16.99346405,,,,,,,,,,,,,,,,,,,,,,,,,,,,,,,,,,,,,,,,,,,,,,,,,,,,,,,,,,,,,,,,,,,,,,,,,,,,,,,,,,,,,,,,,,,,,,,,,,,,,,,,,,,,,,,,,,,,,,,,,,,,,,,,,,,,,,,,,,,,,,,,,,,,,,,,,,,,,,,,,,,,,,,,,,,,,,,,,,,,,0,0,0,0,115,55,5,5
4,6,A,N,2,90.1,1942,47,17,42,40,18,77,1.5,2,1,0,90,1610,5,90,113,109.2,94.7,77.1,46.7,9.6,11.6,22.9,39.4,22.3,18.9,46.8,62.1,62,60.1,63.4,48.6,28.5,23.4,41.7,62.2,73.3,78.2,71.5,65.3,55.1,37,21.8,31.1,53.3,65.4,72.7,89.5,93.4,86,72.5,51,28.7,31.6,53.4,54.8,44.8,33.1,33.8,56.9,77.9,97.4,112.7,111.9,101.1,83,65.7,53.7,40.6,34.8,38.7,43.8,45.8,39.2,28.7,19.8,17.4,23,32.3,46.5,51.9,40.2,26.9,20.5,23.3,40.4,51,52.7,60.9,76.1,81.3,74.9,68,58.4,47.1,42.6,42.6,45.2,44.1,37.5,26.8,21.8,35.9,58,78.3,47.3,33.4,11.7,14.1,44.9,79.9,89.2,106.6,120,98.3,70.5,44.5,48.2,68.5,89.7,106.9,108.4,94.5,71.3,45.5,28.4,44.9,64.7,82.3,97.7,109.5,109.8,105.6,100.5,95.9,80.7,65.1,61.4,48.2,32,20.8,35.1,64.1,91.7,111.9,106.5,97.2,77.7,55.7,28.7,13.2,24.4,46.2,51.3,49.1,55,69.8,88.8,98,109.4,120.5,126.9,127.2,112.8,95,80.7,70.1,78.2,96.4,114.2,120.5,118.4,104.6,91,72.4,50.4,35.3,38.9,48.2,52.3,44.3,39.1,45.5,56.1,74.1,96,112.4,123.6,124.6,120,112,101.2,93.3,92.5,92.7,TT,O,,2016,4,3,11/16/2003,21.55382908,21.26873387,22.12378783,16.99346405,,,,,46.7,9.6,11.6,22.9,39.4,22.3,18.9,46.8,62.1,62,60.1,63.4,48.6,28.5,23.4,41.7,62.2,73.3,78.2,71.5,65.3,55.1,37,21.8,31.1,53.3,65.4,72.7,89.5,93.4,86,72.5,51,28.7,31.6,53.4,54.8,44.8,33.1,33.8,56.9,77.9,97.4,112.7,111.9,101.1,83,65.7,53.7,40.6,34.8,38.7,43.8,45.8,39.2,28.7,19.8,17.4,23,32.3,46.5,51.9,40.2,26.9,20.5,23.3,40.4,51,52.7,60.9,76.1,81.3,74.9,68,58.4,47.1,42.6,42.6,45.2,44.1,37.5,26.8,21.8,35.9,58,78.3,,,,,44.9,79.9,89.2,106.6,120,98.3,70.5,44.5,48.2,68.5,89.7,106.9,108.4,94.5,71.3,45.5,28.4,44.9,64.7,82.3,97.7,109.5,109.8,105.6,100.5,95.9,80.7,65.1,61.4,48.2,32,20.8,35.1,64.1,91.7,111.9,106.5,97.2,77.7,55.7,28.7,13.2,24.4,46.2,51.3,49.1,55,69.8,88.8,98,109.4,120.5,126.9,127.2,112.8,95,80.7,70.1,78.2,96.4,114.2,120.5,118.4,104.6,91,72.4,50.4,35.3,38.9,48.2,52.3,44.3,39.1,45.5,56.1,74.1,96,112.4,123.6,124.6,120,112,101.2,93.3,92.5,92.7,4344.8,6789.6,50.52093023,78.94883721,115,55,5,5
5,6,A,S,2,90.1,1514,52,13,24,56,20,37,1.5,4,1,0,90,1610,5,90,55.9,41.9,33.4,31,28.6,25,20.4,20.1,21.2,26.8,29.9,21.8,15.3,21.3,39.3,54.3,63.9,70.1,61,53.1,45.3,42.2,47.3,54.7,65,80.3,95.7,104.3,104.4,101.5,99.5,102.9,109.2,114.9,113.7,106.3,96.1,86.9,81.7,74.7,63.3,49.1,31.7,22.1,26.6,39.6,43.8,37.3,21.4,13.1,28.5,50.9,71.8,86,90.6,88.2,89,89.6,93.1,93.7,87,75,58.7,39.1,21.2,19.1,31.9,41.2,35.1,30.4,33.4,39.7,49.4,56.5,57.4,58.1,56.5,46.7,31.3,18.7,25.2,39.4,50.2,46.1,36.5,29.8,25.1,22.3,14.1,8.3,113.2,106.2,92.8,75.4,62.1,62.2,73.5,92.2,104.1,112,115.4,107,96.7,88.6,82.9,87.8,92.9,100.2,100.9,103.9,109,103.8,102.2,97.9,88.3,79.5,75.7,79.7,73.6,56.9,36.6,21.8,25,38.9,51,59.2,70.5,84.3,98,106.2,110,111.9,109.8,106.5,109,117.4,123.1,120.2,106.4,92.8,83.8,87.3,94.5,96.1,89.6,77.6,64.8,48,29.8,16.3,4.5,15.3,36.2,56.5,77,98.2,114.8,125.2,120.6,112.9,106.4,99.4,98,90.6,83.8,80.8,77.3,71.6,65.5,69.4,82,96.6,108,112.9,112.9,113.9,110.5,105.9,97.6,90.9,TT,O,,2016,5,3,11/16/2003,16.80355161,21.26873387,22.12378783,16.99346405,,41.9,33.4,31,28.6,25,20.4,20.1,21.2,26.8,29.9,21.8,15.3,21.3,39.3,54.3,63.9,70.1,61,53.1,45.3,42.2,47.3,54.7,65,80.3,95.7,104.3,104.4,101.5,99.5,102.9,109.2,114.9,113.7,106.3,96.1,86.9,81.7,74.7,63.3,49.1,31.7,22.1,26.6,39.6,43.8,37.3,21.4,13.1,28.5,50.9,71.8,86,90.6,88.2,89,89.6,93.1,93.7,87,75,58.7,39.1,21.2,19.1,31.9,41.2,35.1,30.4,33.4,39.7,49.4,56.5,57.4,58.1,56.5,46.7,31.3,18.7,25.2,39.4,50.2,46.1,36.5,29.8,25.1,22.3,14.1,8.3,,106.2,92.8,75.4,62.1,62.2,73.5,92.2,104.1,112,115.4,107,96.7,88.6,82.9,87.8,92.9,100.2,100.9,103.9,109,103.8,102.2,97.9,88.3,79.5,75.7,79.7,73.6,56.9,36.6,21.8,25,38.9,51,59.2,70.5,84.3,98,106.2,110,111.9,109.8,106.5,109,117.4,123.1,120.2,106.4,92.8,83.8,87.3,94.5,96.1,89.6,77.6,64.8,48,29.8,16.3,4.5,15.3,36.2,56.5,77,98.2,114.8,125.2,120.6,112.9,106.4,99.4,98,90.6,83.8,80.8,77.3,71.6,65.5,69.4,82,96.6,108,112.9,112.9,113.9,110.5,105.9,97.6,90.9,4717.8,7645,53.00898876,85.8988764,55,115,2,2
6,6,A,E,2,30.6,520,28,13,47,41,12,48,1.5,1,0,0,90,1610,5,30,64.7,54.9,38.6,23.4,28.6,46.4,63.3,81.7,94.6,99.1,97.1,89.8,79.6,70.1,59.6,49,44.8,45.6,54.1,60.1,64.1,60.2,50.7,33.9,16.1,8.9,20.4,35.4,42.3,40.3,,,,,,,,,,,,,,,,,,,,,,,,,,,,,,,,,,,,,,,,,,,,,,,,,,,,,,,,,,,,,104.4,91.4,78.1,67.4,63.7,67.8,72.6,78.3,74.9,65.1,48.9,32.9,18.3,15.9,29.7,49.1,67.6,84,93.5,90,85.6,81.8,74.7,69.3,73,85.6,101.6,118,127.4,125.8,,,,,,,,,,,,,,,,,,,,,,,,,,,,,,,,,,,,,,,,,,,,,,,,,,,,,,,,,,,,,FS,O,,2016,6,3,11/16/2003,16.99346405,21.26873387,22.12378783,16.99346405,,,38.6,23.4,28.6,46.4,63.3,81.7,94.6,99.1,97.1,89.8,79.6,70.1,59.6,49,44.8,45.6,54.1,60.1,64.1,60.2,50.7,33.9,16.1,8.9,20.4,35.4,42.3,40.3,,,,,,,,,,,,,,,,,,,,,,,,,,,,,,,,,,,,,,,,,,,,,,,,,,,,,,,,,,,,,,,78.1,67.4,63.7,67.8,72.6,78.3,74.9,65.1,48.9,32.9,18.3,15.9,29.7,49.1,67.6,84,93.5,90,85.6,81.8,74.7,69.3,73,85.6,101.6,118,127.4,125.8,,,,,,,,,,,,,,,,,,,,,,,,,,,,,,,,,,,,,,,,,,,,,,,,,,,,,,,,,,,,,1497.8,2040.6,53.49285714,72.87857143,55,115,3,3
7,5,A,S,2,22.5,334,83,1,37,36,27,2,1.5,3,0,0,90,1610,17,22,59.5,56,54.9,39.9,29,27.9,30.7,28.8,38.6,35.1,33.8,34.6,43.5,44,38.5,36.9,30.1,34.6,33.5,26.5,12.4,9.9,,,,,,,,,,,,,,,,,,,,,,,,,,,,,,,,,,,,,,,,,,,,,,,,,,,,,,,,,,,,,,,,,,,,,108.4,102.5,103.3,98.6,92.2,80.8,73,69.7,71.9,83.4,89.4,95.4,110.9,124.7,123.3,121.7,114.9,119.6,108,87.6,76.9,76.7,,,,,,,,,,,,,,,,,,,,,,,,,,,,,,,,,,,,,,,,,,,,,,,,,,,,,,,,,,,,,,,,,,,,,TT,O,,2016,1,3,11/15/2003,14.84444444,18.89194762,18.87295152,18.98692811,,,54.9,39.9,29,27.9,30.7,28.8,38.6,35.1,33.8,34.6,43.5,44,38.5,36.9,30.1,34.6,33.5,26.5,12.4,9.9,,,,,,,,,,,,,,,,,,,,,,,,,,,,,,,,,,,,,,,,,,,,,,,,,,,,,,,,,,,,,,,,,,,,,,,103.3,98.6,92.2,80.8,73,69.7,71.9,83.4,89.4,95.4,110.9,124.7,123.3,121.7,114.9,119.6,108,87.6,76.9,76.7,,,,,,,,,,,,,,,,,,,,,,,,,,,,,,,,,,,,,,,,,,,,,,,,,,,,,,,,,,,,,,,,,,,,,663.2,1922,33.16,96.1,55,115,3,3
8,5,A,N,2,64.4,1264,34,14,39,32,29,-13,1.5,2,1,0,90,1610,17,64,111.2,110.2,106.3,105.5,103.1,104.4,99.3,91,68.2,41.8,34,57.6,62.2,57.9,57.1,51.6,36.1,28.1,46.6,46.4,45.4,55.3,61.6,61.5,62.3,52.5,31.9,11,16.7,36.2,49.1,59.6,58.2,55.4,53,44.1,42.8,44.1,46.4,57,65.4,73.7,80.2,90,91.1,92.5,94.4,96.1,90,81.4,74.5,76.8,94.1,104.6,102.3,95.1,83.3,63.5,34.7,14,25.3,37.9,31.1,14.8,,,,,,,,,,,,,,,,,,,,,,,,,,,59.5,54.9,48.2,46.9,43.1,49.5,50,52.7,56.1,57.8,52.7,46.9,33.5,29,39.1,50.5,59.2,59.8,42.5,39.7,51,63.6,73.8,77.7,93.3,101.9,94.6,83.6,74.9,81.9,102,111.4,110.7,112.4,115.9,123.1,127.6,127.9,122.7,120.3,112.8,104.5,94,94.9,88.9,78.3,68.1,60.8,41.5,20.5,19.4,49.8,71.7,79.1,75.6,62.5,46.2,41.1,53.3,79,105.1,122.3,115.8,98,,,,,,,,,,,,,,,,,,,,,,,,,,,TT,O,,2016,2,3,11/15/2003,19.62732919,18.89194762,18.87295152,18.98692811,,,,,,104.4,99.3,91,68.2,41.8,34,57.6,62.2,57.9,57.1,51.6,36.1,28.1,46.6,46.4,45.4,55.3,61.6,61.5,62.3,52.5,31.9,11,16.7,36.2,49.1,59.6,58.2,55.4,53,44.1,42.8,44.1,46.4,57,65.4,73.7,80.2,90,91.1,92.5,94.4,96.1,90,81.4,74.5,76.8,94.1,104.6,102.3,95.1,83.3,63.5,34.7,14,25.3,37.9,31.1,14.8,,,,,,,,,,,,,,,,,,,,,,,,,,,,,,,,49.5,50,52.7,56.1,57.8,52.7,46.9,33.5,29,39.1,50.5,59.2,59.8,42.5,39.7,51,63.6,73.8,77.7,93.3,101.9,94.6,83.6,74.9,81.9,102,111.4,110.7,112.4,115.9,123.1,127.6,127.9,122.7,120.3,112.8,104.5,94,94.9,88.9,78.3,68.1,60.8,41.5,20.5,19.4,49.8,71.7,79.1,75.6,62.5,46.2,41.1,53.3,79,105.1,122.3,115.8,98,,,,,,,,,,,,,,,,,,,,,,,,,,,3533.2,4472.5,59.88474576,75.80508475,115,55,6,6
9,5,A,W,2,57.5,965,46,10,7,40,53,60,1.5,1,0,0,90,1610,17,57,111.9,109.1,110.9,109,107.7,104.6,100.8,88.5,82.1,85.6,87.1,91.7,86,68.9,47.9,30.6,23.9,30.9,47.1,59.8,56.6,52.2,42.3,30,20.8,29.9,46.4,58.4,62.6,63.6,70.7,81.2,95.4,108,115.7,117.3,115.7,113.4,108.1,100.7,89.4,79.3,62.8,51.1,42.9,42.3,43.9,42.9,46.3,48.4,50,48.3,49.4,46.9,43.8,35,16.2,,,,,,,,,,,,,,,,,,,,,,,,,,,,,,,,,,53.2,52.3,59.1,62.2,64.5,70.9,72.2,74.5,85.4,93.6,95.3,92.9,82.5,68.8,60.2,66.5,77.3,88.6,101.2,110.8,113.6,117.2,117.9,111.5,105.5,104.2,110.7,119.1,110.9,98.2,81.4,60.9,43.2,32.6,31.2,35.2,44.2,58.9,72.6,81,91.5,101.8,110.1,117.6,123.5,127.7,128.3,124.3,122.9,122.2,121.3,119.3,118.9,118.9,119.1,115.6,101,,,,,,,,,,,,,,,,,,,,,,,,,,,,,,,,,,TT,O,,2016,3,3,11/15/2003,16.7826087,18.89194762,18.87295152,18.98692811,,,,,,104.6,100.8,88.5,82.1,85.6,87.1,91.7,86,68.9,47.9,30.6,23.9,30.9,47.1,59.8,56.6,52.2,42.3,30,20.8,29.9,46.4,58.4,62.6,63.6,70.7,81.2,95.4,108,115.7,117.3,115.7,113.4,108.1,100.7,89.4,79.3,62.8,51.1,42.9,42.3,43.9,42.9,46.3,48.4,50,48.3,49.4,46.9,43.8,35,16.2,,,,,,,,,,,,,,,,,,,,,,,,,,,,,,,,,,,,,,,70.9,72.2,74.5,85.4,93.6,95.3,92.9,82.5,68.8,60.2,66.5,77.3,88.6,101.2,110.8,113.6,117.2,117.9,111.5,105.5,104.2,110.7,119.1,110.9,98.2,81.4,60.9,43.2,32.6,31.2,35.2,44.2,58.9,72.6,81,91.5,101.8,110.1,117.6,123.5,127.7,128.3,124.3,122.9,122.2,121.3,119.3,118.9,118.9,119.1,115.6,101,,,,,,,,,,,,,,,,,,,,,,,,,,,,,,,,,,3363.4,4874.7,64.68076923,93.74423077,115,55,6,6
7,6,A,N,2,45.3,1062,37,16,20,25,55,5,1.5,0,0,0,90,1610,17,45,109.7,104.1,93.8,72.6,48.6,48.4,68.3,79.9,72.6,57.6,46.9,42.8,46.4,53.9,65.8,74.5,84.4,92.9,101.3,110.1,113.8,118.1,120.9,122,114.6,103.5,88.4,74,60.7,51.8,44.1,37.3,36.8,41.4,52.7,58.2,56.7,55,51.8,29.6,37.1,53.8,54.9,45.3,25,,,,,,,,,,,,,,,,,,,,,,,,,,,,,,,,,,,,,,,,,,,,,,55.5,49.9,44.4,34.2,38.9,62.6,85.3,102.2,107.4,116.2,124.4,127.7,128.4,125,121.9,112.9,102.9,89.7,74.1,60,50.2,40,36.1,46,54.5,62.9,73.6,95,112.4,120.7,122.7,122,119.5,114.4,116.6,118.2,114.6,110.4,112.9,86,58.3,49,50.1,60.1,69.5,,,,,,,,,,,,,,,,,,,,,,,,,,,,,,,,,,,,,,,,,,,,,,TT,O,,2016,4,3,11/16/2003,23.44370861,18.89194762,18.87295152,18.98692811,,,,,,48.4,68.3,79.9,72.6,57.6,46.9,42.8,46.4,53.9,65.8,74.5,84.4,92.9,101.3,110.1,113.8,118.1,120.9,122,114.6,103.5,88.4,74,60.7,51.8,44.1,37.3,36.8,41.4,52.7,58.2,56.7,55,51.8,29.6,37.1,53.8,54.9,45.3,25,,,,,,,,,,,,,,,,,,,,,,,,,,,,,,,,,,,,,,,,,,,,,,,,,,,62.6,85.3,102.2,107.4,116.2,124.4,127.7,128.4,125,121.9,112.9,102.9,89.7,74.1,60,50.2,40,36.1,46,54.5,62.9,73.6,95,112.4,120.7,122.7,122,119.5,114.4,116.6,118.2,114.6,110.4,112.9,86,58.3,49,50.1,60.1,69.5,,,,,,,,,,,,,,,,,,,,,,,,,,,,,,,,,,,,,,,,,,,,,,2693.3,3656.4,67.3325,91.41,115,55,6,6
8,6,A,S,2,39,767,51,16,6,17,77,55,1.5,0,0,0,90,1610,17,38,59.3,57.2,56,53.8,45.6,41.1,43.8,51.3,62.5,72.2,81.9,90.8,100.1,107.5,114.3,116.5,120.1,122.5,120.7,116.3,110.3,101.7,94.4,88.2,77.7,63.9,48.5,43.1,42.2,42.1,42.5,50.1,49.4,46.1,32.2,20.8,29.4,22.6,,,,,,,,,,,,,,,,,,,,,,,,,,,,,,,,,,,,,,,,,,,,,,,,,,,,,108.8,106.7,109.3,113.2,123.2,126,127,125.2,122.3,113.8,104.2,91.3,78.5,64.7,53.5,41.6,35.4,41.5,52,63,73.2,80,88.9,96.1,102.9,111.7,117.7,123.8,127.5,125.6,119.4,121,119.3,117.8,107.1,89.7,89.8,88.9,,,,,,,,,,,,,,,,,,,,,,,,,,,,,,,,,,,,,,,,,,,,,,,,,,,,,TT,O,,2016,5,3,11/16/2003,19.66666667,18.89194762,18.87295152,18.98692811,,,56,53.8,45.6,41.1,43.8,51.3,62.5,72.2,81.9,90.8,100.1,107.5,114.3,116.5,120.1,122.5,120.7,116.3,110.3,101.7,94.4,88.2,77.7,63.9,48.5,43.1,42.2,42.1,42.5,50.1,49.4,46.1,32.2,20.8,29.4,22.6,,,,,,,,,,,,,,,,,,,,,,,,,,,,,,,,,,,,,,,,,,,,,,,,,,,,,,,109.3,113.2,123.2,126,127,125.2,122.3,113.8,104.2,91.3,78.5,64.7,53.5,41.6,35.4,41.5,52,63,73.2,80,88.9,96.1,102.9,111.7,117.7,123.8,127.5,125.6,119.4,121,119.3,117.8,107.1,89.7,89.8,88.9,,,,,,,,,,,,,,,,,,,,,,,,,,,,,,,,,,,,,,,,,,,,,,,,,,,,,2522.2,3486.1,70.06111111,96.83611111,55,115,3,3
9,6,A,E,2,30.6,581,33,24,0,19,81,124,1.5,0,0,0,90,1610,17,30,58.7,51.3,59.3,69.4,76.5,82.7,93.1,100.6,108.7,114.1,118.5,120.2,119.8,122.4,121.9,117.8,112,107.5,101.4,93.5,82.1,70.9,59.2,49.4,43.3,40.9,45.8,47.7,49.6,49.3,,,,,,,,,,,,,,,,,,,,,,,,,,,,,,,,,,,,,,,,,,,,,,,,,,,,,,,,,,,,,118.1,108.8,116,117.8,112.2,101.3,91.9,79.5,65.9,53.1,44.1,38.5,35.8,38.3,42.9,51.2,62.9,75.4,85.2,91.3,100.7,108.3,114.9,121.5,123.5,126.2,129.3,126.8,124.9,118.9,,,,,,,,,,,,,,,,,,,,,,,,,,,,,,,,,,,,,,,,,,,,,,,,,,,,,,,,,,,,,FS,O,,2016,6,3,11/16/2003,18.98692811,18.89194762,18.87295152,18.98692811,,,59.3,69.4,76.5,82.7,93.1,100.6,108.7,114.1,118.5,120.2,119.8,122.4,121.9,117.8,112,107.5,101.4,93.5,82.1,70.9,59.2,49.4,43.3,40.9,45.8,47.7,49.6,49.3,,,,,,,,,,,,,,,,,,,,,,,,,,,,,,,,,,,,,,,,,,,,,,,,,,,,,,,,,,,,,,,116,117.8,112.2,101.3,91.9,79.5,65.9,53.1,44.1,38.5,35.8,38.3,42.9,51.2,62.9,75.4,85.2,91.3,100.7,108.3,114.9,121.5,123.5,126.2,129.3,126.8,124.9,118.9,,,,,,,,,,,,,,,,,,,,,,,,,,,,,,,,,,,,,,,,,,,,,,,,,,,,,,,,,,,,,2377.6,2498.3,84.91428571,89.225,55,115,3,3
13,5,A,S,2,4.7,85,100,0,45,52,3,52,1.5,2,0,0,90,1610,20,4,51.1,35.9,15.8,7.9,,,,,,,,,,,,,,,,,,,,,,,,,,,,,,,,,,,,,,,,,,,,,,,,,,,,,,,,,,,,,,,,,,,,,,,,,,,,,,,,,,,,,,,103.4,108.4,93.1,80.7,,,,,,,,,,,,,,,,,,,,,,,,,,,,,,,,,,,,,,,,,,,,,,,,,,,,,,,,,,,,,,,,,,,,,,,,,,,,,,,,,,,,,,,TT,O,,2016,1,3,11/15/2003,18.08510638,23.06674159,23.04816808,23.15960912,,35.9,15.8,7.9,,,,,,,,,,,,,,,,,,,,,,,,,,,,,,,,,,,,,,,,,,,,,,,,,,,,,,,,,,,,,,,,,,,,,,,,,,,,,,,,,,,,,,,,108.4,93.1,80.7,,,,,,,,,,,,,,,,,,,,,,,,,,,,,,,,,,,,,,,,,,,,,,,,,,,,,,,,,,,,,,,,,,,,,,,,,,,,,,,,,,,,,,,59.6,282.2,19.86666667,94.06666667,55,115,2,2
14,5,A,N,2,5.2,116,17,5,52,47,1,-16,1.5,1,0,0,90,1610,20,5,108.3,102,80.7,53.1,22.7,,,,,,,,,,,,,,,,,,,,,,,,,,,,,,,,,,,,,,,,,,,,,,,,,,,,,,,,,,,,,,,,,,,,,,,,,,,,,,,,,,,,,,55.2,53.1,51.9,61.4,77.4,,,,,,,,,,,,,,,,,,,,,,,,,,,,,,,,,,,,,,,,,,,,,,,,,,,,,,,,,,,,,,,,,,,,,,,,,,,,,,,,,,,,,,TT,O,,2016,2,3,11/15/2003,22.30769231,23.06674159,23.04816808,23.15960912,,,,,,,,,,,,,,,,,,,,,,,,,,,,,,,,,,,,,,,,,,,,,,,,,,,,,,,,,,,,,,,,,,,,,,,,,,,,,,,,,,,,,,,,,,,,,,,,,,,,,,,,,,,,,,,,,,,,,,,,,,,,,,,,,,,,,,,,,,,,,,,,,,,,,,,,,,,,,,,,,,,,,,,,,,,,,,,,,,,,,0,0,0,0,115,55,5,5
15,5,A,W,2,4.7,124,23,49,76,23,1,-32,1.5,1,0,0,90,1610,20,4,103.7,90.7,63.9,29.9,,,,,,,,,,,,,,,,,,,,,,,,,,,,,,,,,,,,,,,,,,,,,,,,,,,,,,,,,,,,,,,,,,,,,,,,,,,,,,,,,,,,,,,42.7,31.3,33.2,63.5,,,,,,,,,,,,,,,,,,,,,,,,,,,,,,,,,,,,,,,,,,,,,,,,,,,,,,,,,,,,,,,,,,,,,,,,,,,,,,,,,,,,,,,TT,O,,2016,3,3,11/15/2003,26.38297872,23.06674159,23.04816808,23.15960912,,,,,,,,,,,,,,,,,,,,,,,,,,,,,,,,,,,,,,,,,,,,,,,,,,,,,,,,,,,,,,,,,,,,,,,,,,,,,,,,,,,,,,,,,,,,,,,,,,,,,,,,,,,,,,,,,,,,,,,,,,,,,,,,,,,,,,,,,,,,,,,,,,,,,,,,,,,,,,,,,,,,,,,,,,,,,,,,,,,,,0,0,0,0,115,55,5,5
13,6,A,N,2,9.7,233,57,8,45,54,1,-4,1.5,1,0,0,90,1610,20,9,108.4,100.8,81.1,56.8,30.9,21.4,44.8,42.7,25,,,,,,,,,,,,,,,,,,,,,,,,,,,,,,,,,,,,,,,,,,,,,,,,,,,,,,,,,,,,,,,,,,,,,,,,,,,,,,,,,,53.2,51.9,42.5,37.6,56.3,86.8,105,94.5,90.1,,,,,,,,,,,,,,,,,,,,,,,,,,,,,,,,,,,,,,,,,,,,,,,,,,,,,,,,,,,,,,,,,,,,,,,,,,,,,,,,,,TT,O,,2016,4,3,11/16/2003,24.02061856,23.06674159,23.04816808,23.15960912,,,,,30.9,21.4,44.8,42.7,25,,,,,,,,,,,,,,,,,,,,,,,,,,,,,,,,,,,,,,,,,,,,,,,,,,,,,,,,,,,,,,,,,,,,,,,,,,,,,,,,,,,,,,56.3,86.8,105,94.5,90.1,,,,,,,,,,,,,,,,,,,,,,,,,,,,,,,,,,,,,,,,,,,,,,,,,,,,,,,,,,,,,,,,,,,,,,,,,,,,,,,,,,164.8,432.7,32.96,86.54,115,55,5,5
14,6,A,S,2,10.8,264,13,6,60,32,8,-88,1.5,1,0,0,90,1610,20,10,60.1,55.7,53,49.5,52.5,68.4,79,75,58.6,38.6,,,,,,,,,,,,,,,,,,,,,,,,,,,,,,,,,,,,,,,,,,,,,,,,,,,,,,,,,,,,,,,,,,,,,,,,,,,,,,,,,108,92.9,73.4,49.7,35,42.4,55.8,66.2,74.2,88,,,,,,,,,,,,,,,,,,,,,,,,,,,,,,,,,,,,,,,,,,,,,,,,,,,,,,,,,,,,,,,,,,,,,,,,,,,,,,,,,TT,O,,2016,5,3,11/16/2003,24.44444444,23.06674159,23.04816808,23.15960912,,55.7,53,49.5,52.5,68.4,79,75,58.6,38.6,,,,,,,,,,,,,,,,,,,,,,,,,,,,,,,,,,,,,,,,,,,,,,,,,,,,,,,,,,,,,,,,,,,,,,,,,,,,,,,,,,92.9,73.4,49.7,35,42.4,55.8,66.2,74.2,88,,,,,,,,,,,,,,,,,,,,,,,,,,,,,,,,,,,,,,,,,,,,,,,,,,,,,,,,,,,,,,,,,,,,,,,,,,,,,,,,,530.3,577.6,58.92222222,64.17777778,55,115,2,2
15,6,A,E,2,30.7,711,77,3,57,25,18,-30,1.5,5,0,0,90,1610,20,30,58.8,47.5,25.7,13.1,35.2,32.1,26.9,36.7,51.5,60.5,57,37.3,11.9,26.3,44.6,40.9,35.6,22.3,23.3,43.6,40.7,19.7,10.2,14.8,27.5,21.5,6.7,5.3,15.4,33.7,,,,,,,,,,,,,,,,,,,,,,,,,,,,,,,,,,,,,,,,,,,,,,,,,,,,,,,,,,,,,116.3,113.3,102.6,95.1,77.6,63.8,60.6,70.8,85.4,101.1,114.3,106.8,88.4,69.4,50.2,46,50.8,70.8,96.9,120.3,124.3,103.1,83.6,77.6,73.2,87,83.1,82.7,91.8,92,,,,,,,,,,,,,,,,,,,,,,,,,,,,,,,,,,,,,,,,,,,,,,,,,,,,,,,,,,,,,FS,O,,2016,6,3,11/16/2003,23.15960912,23.06674159,23.04816808,23.15960912,,47.5,25.7,13.1,35.2,32.1,26.9,36.7,51.5,60.5,57,37.3,11.9,26.3,44.6,40.9,35.6,22.3,23.3,43.6,40.7,19.7,10.2,14.8,27.5,21.5,6.7,5.3,15.4,33.7,,,,,,,,,,,,,,,,,,,,,,,,,,,,,,,,,,,,,,,,,,,,,,,,,,,,,,,,,,,,,,113.3,102.6,95.1,77.6,63.8,60.6,70.8,85.4,101.1,114.3,106.8,88.4,69.4,50.2,46,50.8,70.8,96.9,120.3,124.3,103.1,83.6,77.6,73.2,87,83.1,82.7,91.8,92,,,,,,,,,,,,,,,,,,,,,,,,,,,,,,,,,,,,,,,,,,,,,,,,,,,,,,,,,,,,,867.5,2482.6,29.9137931,85.60689655,55,115,2,2
16,5,A,S,2,90.1,454,96,4,82,17,1,4,1.5,0,0,0,90,1610,23,90,47.4,44.9,42.7,40.6,38.2,36.2,34.4,34.1,32,30.9,30.8,28.7,27.6,25.7,25.6,24.4,24.4,24,23.2,22.4,21.7,21.7,21.3,21.6,21.4,21.1,20.9,20.6,20.8,20.9,20.8,20.4,20.3,20.4,20.6,20.7,20.5,20.7,20.6,20.8,21.4,21.5,22.1,21.7,22.3,22.2,23.1,22.5,23.4,24.5,24.3,24.7,25.9,25.5,25.8,26.1,25.8,26.4,26.8,27.2,27.6,27.8,27.5,28.6,29,28.3,29.1,29.5,30.4,30.5,30.3,31,29.6,31.4,31.8,32.3,32.7,33,33,29.8,30.6,33.7,33.1,31,34.4,33.9,33.1,33.8,35.2,33.6,105,103.7,103,101.8,100.6,99.5,98.7,98.3,97,96.3,96,94.6,93.6,91.8,91.8,90.4,90,89.8,88.4,87.4,86.3,85.8,84.5,86.1,85.6,84.9,84.4,83.7,83,82.3,82,81.4,81.2,80.3,79.5,79.3,78.6,78,77.4,77,76.3,75.8,75.2,74.8,74.3,73.9,73.1,72.9,72.4,71.6,71.3,70.7,70.1,69.8,69.4,69.2,68.8,68.4,67.9,67.6,67.1,66.7,66.5,65.9,65.6,65.5,65,64.8,64.2,64,63.7,63.3,63.7,62.5,62.2,61.8,61.5,61,61,62.5,61.8,59.9,60.2,61,59,59.2,59.5,58.7,57.9,58.7,TT,O,,2016,1,3,11/15/2003,5.038845727,12.07241025,11.711648,13.8762215,,,,,38.2,36.2,34.4,34.1,32,30.9,30.8,28.7,27.6,25.7,25.6,24.4,24.4,24,23.2,22.4,21.7,21.7,21.3,21.6,21.4,21.1,20.9,20.6,20.8,20.9,20.8,20.4,20.3,20.4,20.6,20.7,20.5,20.7,20.6,20.8,21.4,21.5,22.1,21.7,22.3,22.2,23.1,22.5,23.4,24.5,24.3,24.7,25.9,25.5,25.8,26.1,25.8,26.4,26.8,27.2,27.6,27.8,27.5,28.6,29,28.3,29.1,29.5,30.4,30.5,30.3,31,29.6,31.4,31.8,32.3,32.7,33,33,29.8,30.6,33.7,33.1,31,34.4,33.9,33.1,33.8,35.2,33.6,,,,,100.6,99.5,98.7,98.3,97,96.3,96,94.6,93.6,91.8,91.8,90.4,90,89.8,88.4,87.4,86.3,85.8,84.5,86.1,85.6,84.9,84.4,83.7,83,82.3,82,81.4,81.2,80.3,79.5,79.3,78.6,78,77.4,77,76.3,75.8,75.2,74.8,74.3,73.9,73.1,72.9,72.4,71.6,71.3,70.7,70.1,69.8,69.4,69.2,68.8,68.4,67.9,67.6,67.1,66.7,66.5,65.9,65.6,65.5,65,64.8,64.2,64,63.7,63.3,63.7,62.5,62.2,61.8,61.5,61,61,62.5,61.8,59.9,60.2,61,59,59.2,59.5,58.7,57.9,58.7,2299.2,6453.4,26.73488372,75.03953488,55,115,5,5
17,5,A,N,2,90.1,1309,12,42,17,69,14,-23,1.5,0,1,0,90,1610,23,90,110.1,107.4,111.4,110.1,113.3,112.6,108,103.5,101,92.3,79.4,72.5,82,93.1,103.9,108.3,106.1,103.4,93,86.6,87.6,86.4,84.8,80.6,66.9,49.6,30.9,14.7,22.5,35.7,31.6,31.2,40.3,40.7,40.3,36.4,33.9,41.6,58.3,77.5,94.8,105.9,107.1,112,110.7,111.2,116.2,112.1,109.4,112.5,119.3,119.1,114.9,113.5,102,89.2,75.5,94.5,105.7,109.7,109.6,109.5,109.4,101.2,92.4,85.9,90.4,106,105.2,100.9,95.8,96.1,101,106.1,106.1,103.4,104.7,103.1,96.6,86.9,91.2,100.8,108.3,112.3,110.7,109.6,107.3,110.7,112,112.8,60.6,59.9,58.5,55,50.9,51.9,50.1,53.5,53.3,59.1,61.6,45.2,36.4,44.1,58.8,65.1,57.3,59.6,64.4,78.8,92.8,87,86.8,95.2,94,94.3,94.2,94.5,107.5,119.8,115.7,115.4,122.8,109,94.1,74.9,57.7,46.1,45.2,56.3,71.6,72.7,66.6,59.8,54.8,49.2,44.9,41.1,36.1,30.3,33.8,33.7,30.6,29.4,21,13.9,11.7,26,31.5,29.3,25.7,24.7,24.4,17.7,17.2,22.3,37.1,47,38.8,26.4,12.6,20.1,41.5,60.3,66.9,68.5,67.9,71.9,72.6,61.8,42.6,45.5,52.3,57.3,56.6,55.3,56.5,60.5,55,55.9,TT,O,,2016,2,3,11/15/2003,14.52830189,12.07241025,11.711648,13.8762215,,,,,,,,,,92.3,79.4,72.5,82,93.1,103.9,108.3,106.1,103.4,93,86.6,87.6,86.4,84.8,80.6,66.9,49.6,30.9,14.7,22.5,35.7,31.6,31.2,40.3,40.7,40.3,36.4,33.9,41.6,58.3,77.5,94.8,105.9,107.1,112,110.7,111.2,116.2,112.1,109.4,112.5,119.3,119.1,114.9,113.5,102,89.2,75.5,94.5,105.7,109.7,109.6,109.5,109.4,101.2,92.4,85.9,90.4,106,105.2,100.9,95.8,96.1,101,106.1,106.1,103.4,104.7,103.1,96.6,86.9,91.2,100.8,108.3,112.3,110.7,109.6,107.3,110.7,112,112.8,,,,,,,,,,59.1,61.6,45.2,36.4,44.1,58.8,65.1,57.3,59.6,64.4,78.8,92.8,87,86.8,95.2,94,94.3,94.2,94.5,107.5,119.8,115.7,115.4,122.8,109,94.1,74.9,57.7,46.1,45.2,56.3,71.6,72.7,66.6,59.8,54.8,49.2,44.9,41.1,36.1,30.3,33.8,33.7,30.6,29.4,21,13.9,11.7,26,31.5,29.3,25.7,24.7,24.4,17.7,17.2,22.3,37.1,47,38.8,26.4,12.6,20.1,41.5,60.3,66.9,68.5,67.9,71.9,72.6,61.8,42.6,45.5,52.3,57.3,56.6,55.3,56.5,60.5,55,55.9,7233.4,4584.6,89.30123457,56.6,115,55,10,10
18,5,A,W,2,25.7,319,5,48,42,35,23,-34,1.5,0,0,0,90,1610,23,25,113.8,112.8,105.4,98,98.7,89.2,78.3,72.7,70.5,90.6,100.7,109.7,115.7,113.2,116.1,121.7,116.7,109,106.7,94.2,88.8,77.8,62.4,47.8,33.1,,,,,,,,,,,,,,,,,,,,,,,,,,,,,,,,,,,,,,,,,,,,,,,,,,,,,,,,,,,,,,,,,,58.2,57.6,47.6,39.5,37.1,28.3,27.3,33.8,42.5,54.7,59.4,65,67.8,61.4,56,56.4,49.9,39.9,36.7,22.1,15.8,11.7,23.7,39.2,53.2,,,,,,,,,,,,,,,,,,,,,,,,,,,,,,,,,,,,,,,,,,,,,,,,,,,,,,,,,,,,,,,,,,TT,O,,2016,3,3,11/15/2003,12.41245136,12.07241025,11.711648,13.8762215,,,,,,,,,,90.6,100.7,109.7,115.7,113.2,116.1,121.7,116.7,109,106.7,94.2,88.8,77.8,62.4,47.8,33.1,,,,,,,,,,,,,,,,,,,,,,,,,,,,,,,,,,,,,,,,,,,,,,,,,,,,,,,,,,,,,,,,,,,,,,,,,,,54.7,59.4,65,67.8,61.4,56,56.4,49.9,39.9,36.7,22.1,15.8,11.7,23.7,39.2,53.2,,,,,,,,,,,,,,,,,,,,,,,,,,,,,,,,,,,,,,,,,,,,,,,,,,,,,,,,,,,,,,,,,,1504.2,712.9,94.0125,44.55625,115,55,10,10
16,6,A,N,2,44.2,443,2,61,59,36,5,25,1.5,0,1,0,90,1610,23,44,110.4,108,104.9,101.7,99.6,97.8,96.1,94.6,93.1,91.5,89.9,88.7,87.5,86.2,84.8,83.4,82.2,81,79.9,78.5,77.3,76.1,75.1,74.1,72.9,71.8,71.2,72.1,64.2,58.1,76.5,75.8,83.1,86.5,93.4,104.8,108.5,101.6,99.1,89.2,75.8,58.4,46.8,29,,,,,,,,,,,,,,,,,,,,,,,,,,,,,,,,,,,,,,,,,,,,,,,58.9,53.1,52.6,50.6,48.3,46.2,43.9,42.3,40.3,38.6,36.8,35.3,34.3,33.1,31.7,30.4,29.4,28.1,27.4,26.5,26.1,25.5,24.1,23.7,24,23.6,20.7,16,24.4,34,20.1,11.3,8.6,24.4,43.9,60.6,67.3,63.3,65.4,70.7,70.5,70.5,87.7,94.8,,,,,,,,,,,,,,,,,,,,,,,,,,,,,,,,,,,,,,,,,,,,,,,TT,O,,2016,4,3,11/16/2003,10.02262443,12.07241025,11.711648,13.8762215,,,,,,,,,,91.5,89.9,88.7,87.5,86.2,84.8,83.4,82.2,81,79.9,78.5,77.3,76.1,75.1,74.1,72.9,71.8,71.2,72.1,64.2,58.1,76.5,75.8,83.1,86.5,93.4,104.8,108.5,101.6,99.1,89.2,75.8,58.4,46.8,29,,,,,,,,,,,,,,,,,,,,,,,,,,,,,,,,,,,,,,,,,,,,,,,,,,,,,,,,38.6,36.8,35.3,34.3,33.1,31.7,30.4,29.4,28.1,27.4,26.5,26.1,25.5,24.1,23.7,24,23.6,20.7,16,24.4,34,20.1,11.3,8.6,24.4,43.9,60.6,67.3,63.3,65.4,70.7,70.5,70.5,87.7,94.8,,,,,,,,,,,,,,,,,,,,,,,,,,,,,,,,,,,,,,,,,,,,,,,2775,1352.8,79.28571429,38.65142857,115,55,10,10
17,6,A,S,2,48.2,798,27,22,35,47,18,-72,1.5,0,1,0,90,1610,23,48,51.7,49.6,49.2,51.2,41.9,39.4,47.9,62,77.6,91.6,103.1,105.9,106.4,105.3,99,88.6,73.3,54.2,36.6,30.5,37.7,43,46.5,35.1,17.1,21.4,36.8,53.7,67.8,77.8,86.3,97.2,108.8,117,115.9,112.9,102.9,90.4,77.6,68.7,65.9,64.6,63.6,66.5,64.3,53,40.2,26.9,,,,,,,,,,,,,,,,,,,,,,,,,,,,,,,,,,,,,,,,,,,109.2,108.4,107.6,95.8,81.9,64.2,42.3,25.4,28.5,46.1,67.1,69.3,59.2,63.1,63.5,60,53.8,56.3,71.5,92.5,114.6,119.9,125.5,119,100.1,85.2,71.3,59.4,46.1,30.1,14.3,12,25.6,39.7,43.7,42.9,44.1,46,55.8,72.5,85.6,97.7,101.3,106.2,114.3,110.7,105.6,100.4,,,,,,,,,,,,,,,,,,,,,,,,,,,,,,,,,,,,,,,,,,,TT,O,,2016,5,3,11/16/2003,16.5560166,12.07241025,11.711648,13.8762215,,,,,41.9,39.4,47.9,62,77.6,91.6,103.1,105.9,106.4,105.3,99,88.6,73.3,54.2,36.6,30.5,37.7,43,46.5,35.1,17.1,21.4,36.8,53.7,67.8,77.8,86.3,97.2,108.8,117,115.9,112.9,102.9,90.4,77.6,68.7,65.9,64.6,63.6,66.5,64.3,53,40.2,26.9,,,,,,,,,,,,,,,,,,,,,,,,,,,,,,,,,,,,,,,,,,,,,,,81.9,64.2,42.3,25.4,28.5,46.1,67.1,69.3,59.2,63.1,63.5,60,53.8,56.3,71.5,92.5,114.6,119.9,125.5,119,100.1,85.2,71.3,59.4,46.1,30.1,14.3,12,25.6,39.7,43.7,42.9,44.1,46,55.8,72.5,85.6,97.7,101.3,106.2,114.3,110.7,105.6,100.4,,,,,,,,,,,,,,,,,,,,,,,,,,,,,,,,,,,,,,,,,,,3022.9,3034.3,68.70227273,68.96136364,55,115,5,5
18,6,A,E,2,30.7,426,25,23,58,22,20,-35,1.5,1,0,0,90,1610,23,30,53.9,55.3,55.6,58.6,46.7,31.9,14.5,22.2,43.4,57.4,59.1,54.9,54,50.6,50.5,59.9,72.3,75.5,80.2,86.8,89.2,86,83.4,81.9,73.6,67.5,62.5,53.6,39.4,22.1,,,,,,,,,,,,,,,,,,,,,,,,,,,,,,,,,,,,,,,,,,,,,,,,,,,,,,,,,,,,,106.8,108.5,108.8,115.8,112.8,103.2,96.6,101.7,108.8,110.7,106.4,94.9,82.6,66.7,51,32.9,15.3,16.1,17.4,18.3,24.1,27.8,37,45.8,52.3,56.5,64.5,68.6,71.2,74.9,,,,,,,,,,,,,,,,,,,,,,,,,,,,,,,,,,,,,,,,,,,,,,,,,,,,,,,,,,,,,FS,O,,2016,6,3,11/16/2003,13.8762215,12.07241025,11.711648,13.8762215,,,,58.6,46.7,31.9,14.5,22.2,43.4,57.4,59.1,54.9,54,50.6,50.5,59.9,72.3,75.5,80.2,86.8,89.2,86,83.4,81.9,73.6,67.5,62.5,53.6,39.4,22.1,,,,,,,,,,,,,,,,,,,,,,,,,,,,,,,,,,,,,,,,,,,,,,,,,,,,,,,,,,,,,,,,115.8,112.8,103.2,96.6,101.7,108.8,110.7,106.4,94.9,82.6,66.7,51,32.9,15.3,16.1,17.4,18.3,24.1,27.8,37,45.8,52.3,56.5,64.5,68.6,71.2,74.9,,,,,,,,,,,,,,,,,,,,,,,,,,,,,,,,,,,,,,,,,,,,,,,,,,,,,,,,,,,,,1577.7,1773.9,58.43333333,65.7,55,115,4,4
19,5,A,S,2,90.1,1301,29,24,79,19,2,40,1.5,2,0,0,90,1610,25,90,55.4,53.8,54.5,54.2,54.3,54.5,55.5,54,36.5,18.4,11.8,23.2,45,60.2,70.4,75,74.5,65,41.4,22.7,18.4,28.6,47.4,67.6,87.6,96.2,100.7,101.3,104.7,100.2,85.2,70.1,74.6,70,65.7,60.2,47.5,33.5,23.1,14.9,19.5,24.5,34.7,46.8,56.1,60.5,60.3,57.1,52.9,44,38.1,36.4,27.1,18.3,11,22.2,37.1,34.7,32.6,33.5,44.3,58.3,69.6,73.4,75.1,74.1,66,56,47.1,45.9,48.2,43.2,23.7,16.6,23,35.1,48.3,61.2,64.7,64.9,62.9,66.6,58.7,51,48.2,51.1,54.7,56,56.7,57.3,106.3,103.4,103.2,102.4,101.6,101.2,100.3,107.6,110,102,87.5,67.8,43.2,26.2,18.8,32.5,55.5,74.3,80,77.5,69.5,59.4,48,38.2,33.6,33.1,25.2,16.6,23.1,29.3,27.7,25.5,28,28.3,29.3,31.4,41.9,58.9,78.8,99,101.4,95.2,87.4,76.8,62.7,58.6,47.2,36.7,33.8,41.9,47.9,49.8,59.4,67.4,74.8,72,57.6,52.8,53.3,58.2,58.5,59.8,53.9,52.8,41.6,28.8,24.5,30.6,38.7,42.7,50.1,64.7,78.7,76.5,65.9,56.6,47.9,38.7,29.8,25.9,26.3,24.2,28.9,35.9,41,42.2,43.2,46.3,48.9,51.2,TT,O,,2016,1,3,11/15/2003,14.43951165,17.01620012,16.70608509,18.56677524,,,54.5,54.2,54.3,54.5,55.5,54,36.5,18.4,11.8,23.2,45,60.2,70.4,75,74.5,65,41.4,22.7,18.4,28.6,47.4,67.6,87.6,96.2,100.7,101.3,104.7,100.2,85.2,70.1,74.6,70,65.7,60.2,47.5,33.5,23.1,14.9,19.5,24.5,34.7,46.8,56.1,60.5,60.3,57.1,52.9,44,38.1,36.4,27.1,18.3,11,22.2,37.1,34.7,32.6,33.5,44.3,58.3,69.6,73.4,75.1,74.1,66,56,47.1,45.9,48.2,43.2,23.7,16.6,23,35.1,48.3,61.2,64.7,64.9,62.9,66.6,58.7,51,48.2,51.1,54.7,56,56.7,57.3,,,103.2,102.4,101.6,101.2,100.3,107.6,110,102,87.5,67.8,43.2,26.2,18.8,32.5,55.5,74.3,80,77.5,69.5,59.4,48,38.2,33.6,33.1,25.2,16.6,23.1,29.3,27.7,25.5,28,28.3,29.3,31.4,41.9,58.9,78.8,99,101.4,95.2,87.4,76.8,62.7,58.6,47.2,36.7,33.8,41.9,47.9,49.8,59.4,67.4,74.8,72,57.6,52.8,53.3,58.2,58.5,59.8,53.9,52.8,41.6,28.8,24.5,30.6,38.7,42.7,50.1,64.7,78.7,76.5,65.9,56.6,47.9,38.7,29.8,25.9,26.3,24.2,28.9,35.9,41,42.2,43.2,46.3,48.9,51.2,4517.9,4806.1,51.33977273,54.61477273,55,115,3,3
20,5,A,N,2,66.1,1060,69,15,69,27,4,43,1.5,3,0,0,90,1610,25,66,111.3,107.4,100.7,87.6,69.1,47,24.5,10.8,24.5,41.4,32.6,20.8,11.7,14.3,20.1,33.2,39.7,40.2,28.1,19.6,10.2,6,11.4,14.5,18.5,22.3,23.9,24.5,19.2,14.2,19.5,33.4,44.2,48,50.8,45.8,38.3,34.5,32.6,32.3,19,14.3,11.4,15.1,14.7,15.6,11.3,12.4,17.9,17,15.7,23.8,28.8,26.7,29.4,22.1,23,35.6,49.7,61.6,64.4,67.1,61.1,50.9,38.3,21,,,,,,,,,,,,,,,,,,,,,,,,,49.1,44.2,31.3,23.2,25.7,43.3,65.5,88.1,109.8,124.3,114.1,101,85.4,72.3,66.4,62.8,71.7,87.2,96.8,101.1,95.4,87.7,76.2,74.2,67.5,68.6,80,97.4,104.3,97.5,90.1,81.8,69.6,64,58.6,51.9,50.2,52.7,64.4,79.3,95.6,99.3,93.2,84.4,79.2,77.7,75.1,77,83.9,99.7,98.9,97.2,91.5,84.9,86,81.1,63.3,50.3,37.6,25,22.4,19.5,29.2,42.4,57,74.1,,,,,,,,,,,,,,,,,,,,,,,,,TT,O,,2016,2,3,11/15/2003,16.03630862,17.01620012,16.70608509,18.56677524,,,,,,,24.5,10.8,24.5,41.4,32.6,20.8,11.7,14.3,20.1,33.2,39.7,40.2,28.1,19.6,10.2,6,11.4,14.5,18.5,22.3,23.9,24.5,19.2,14.2,19.5,33.4,44.2,48,50.8,45.8,38.3,34.5,32.6,32.3,19,14.3,11.4,15.1,14.7,15.6,11.3,12.4,17.9,17,15.7,23.8,28.8,26.7,29.4,22.1,23,35.6,49.7,61.6,64.4,67.1,61.1,50.9,38.3,21,,,,,,,,,,,,,,,,,,,,,,,,,,,,,,,65.5,88.1,109.8,124.3,114.1,101,85.4,72.3,66.4,62.8,71.7,87.2,96.8,101.1,95.4,87.7,76.2,74.2,67.5,68.6,80,97.4,104.3,97.5,90.1,81.8,69.6,64,58.6,51.9,50.2,52.7,64.4,79.3,95.6,99.3,93.2,84.4,79.2,77.7,75.1,77,83.9,99.7,98.9,97.2,91.5,84.9,86,81.1,63.3,50.3,37.6,25,22.4,19.5,29.2,42.4,57,74.1,,,,,,,,,,,,,,,,,,,,,,,,,1673.5,4583.4,27.89166667,76.39,115,55,7,7
21,5,A,W,2,26.4,529,21,49,58,36,6,-57,1.5,1,2,0,90,1610,25,26,117.9,113.1,107,95.7,86.6,91.3,102.9,102.9,102.4,91.6,73.7,53.6,32.2,19.9,21.9,31,39,49.2,55.5,66,72.1,73.8,69.7,59.9,45.9,24.3,,,,,,,,,,,,,,,,,,,,,,,,,,,,,,,,,,,,,,,,,,,,,,,,,,,,,,,,,,,,,,,,,57.9,48.4,39.3,21.8,6.5,25.2,30,32.2,21.9,7.5,15.9,39.9,67.7,94.3,106.7,108.1,100,88.1,69.6,51.2,42.1,26.2,17.7,29,48.4,71.2,,,,,,,,,,,,,,,,,,,,,,,,,,,,,,,,,,,,,,,,,,,,,,,,,,,,,,,,,,,,,,,,,TT,O,,2016,3,3,11/15/2003,20.03787879,17.01620012,16.70608509,18.56677524,,,,,,,102.9,102.9,102.4,91.6,73.7,53.6,32.2,19.9,21.9,31,39,49.2,55.5,66,72.1,73.8,69.7,59.9,45.9,24.3,,,,,,,,,,,,,,,,,,,,,,,,,,,,,,,,,,,,,,,,,,,,,,,,,,,,,,,,,,,,,,,,,,,,,,,30,32.2,21.9,7.5,15.9,39.9,67.7,94.3,106.7,108.1,100,88.1,69.6,51.2,42.1,26.2,17.7,29,48.4,71.2,,,,,,,,,,,,,,,,,,,,,,,,,,,,,,,,,,,,,,,,,,,,,,,,,,,,,,,,,,,,,,,,,1187.5,1067.7,59.375,53.385,115,55,7,7
19,6,A,N,2,12.4,228,14,8,68,31,1,-38,1.5,0,0,0,90,1610,25,12,111.5,107.5,100.8,88.2,75.6,61.1,45.5,52.9,54.7,53,37.1,18.5,,,,,,,,,,,,,,,,,,,,,,,,,,,,,,,,,,,,,,,,,,,,,,,,,,,,,,,,,,,,,,,,,,,,,,,,,,,,,,,56.7,54.7,57.1,55.7,46.8,40.1,61.4,66.7,61.7,52.6,51.6,70.2,,,,,,,,,,,,,,,,,,,,,,,,,,,,,,,,,,,,,,,,,,,,,,,,,,,,,,,,,,,,,,,,,,,,,,,,,,,,,,,TT,O,,2016,4,3,11/16/2003,18.38709677,17.01620012,16.70608509,18.56677524,,,,,,,45.5,52.9,54.7,53,37.1,18.5,,,,,,,,,,,,,,,,,,,,,,,,,,,,,,,,,,,,,,,,,,,,,,,,,,,,,,,,,,,,,,,,,,,,,,,,,,,,,,,,,,,,,61.4,66.7,61.7,52.6,51.6,70.2,,,,,,,,,,,,,,,,,,,,,,,,,,,,,,,,,,,,,,,,,,,,,,,,,,,,,,,,,,,,,,,,,,,,,,,,,,,,,,,261.7,364.2,43.61666667,60.7,115,55,7,7
20,6,A,S,2,5.4,79,83,2,11,77,12,30,1.5,1,0,0,90,1610,25,5,55.4,53.9,46.3,28.7,11.7,,,,,,,,,,,,,,,,,,,,,,,,,,,,,,,,,,,,,,,,,,,,,,,,,,,,,,,,,,,,,,,,,,,,,,,,,,,,,,,,,,,,,,106.5,102.8,107.3,103.6,96.1,,,,,,,,,,,,,,,,,,,,,,,,,,,,,,,,,,,,,,,,,,,,,,,,,,,,,,,,,,,,,,,,,,,,,,,,,,,,,,,,,,,,,,TT,O,,2016,5,3,11/16/2003,14.62962963,17.01620012,16.70608509,18.56677524,,,46.3,28.7,11.7,,,,,,,,,,,,,,,,,,,,,,,,,,,,,,,,,,,,,,,,,,,,,,,,,,,,,,,,,,,,,,,,,,,,,,,,,,,,,,,,,,,,,,,,107.3,103.6,96.1,,,,,,,,,,,,,,,,,,,,,,,,,,,,,,,,,,,,,,,,,,,,,,,,,,,,,,,,,,,,,,,,,,,,,,,,,,,,,,,,,,,,,,86.7,307,28.9,102.3333333,55,115,3,3
21,6,A,E,2,30.7,570,13,11,75,19,6,72,1.5,1,0,0,90,1610,25,30,66.5,65.2,68.1,71.1,68.7,64.4,58,50.1,49.9,42,21.2,7.2,14.8,33.7,45.4,58.4,63.9,65.8,63.9,56.2,41.7,37.3,48.7,60,63.1,66.2,67.7,67.5,65.6,62.4,,,,,,,,,,,,,,,,,,,,,,,,,,,,,,,,,,,,,,,,,,,,,,,,,,,,,,,,,,,,,115.2,103.1,88.9,77.2,66.1,44,31.4,39.4,59.7,78.4,82.9,81.7,85.6,85.6,76,65.8,58,48.5,34.5,32.6,51.8,66.5,88.5,88.3,79.5,71.1,64.6,52.1,37.3,26.5,,,,,,,,,,,,,,,,,,,,,,,,,,,,,,,,,,,,,,,,,,,,,,,,,,,,,,,,,,,,,FS,O,,2016,6,3,11/16/2003,18.56677524,17.01620012,16.70608509,18.56677524,,,68.1,71.1,68.7,64.4,58,50.1,49.9,42,21.2,7.2,14.8,33.7,45.4,58.4,63.9,65.8,63.9,56.2,41.7,37.3,48.7,60,63.1,66.2,67.7,67.5,65.6,62.4,,,,,,,,,,,,,,,,,,,,,,,,,,,,,,,,,,,,,,,,,,,,,,,,,,,,,,,,,,,,,,,88.9,77.2,66.1,44,31.4,39.4,59.7,78.4,82.9,81.7,85.6,85.6,76,65.8,58,48.5,34.5,32.6,51.8,66.5,88.5,88.3,79.5,71.1,64.6,52.1,37.3,26.5,,,,,,,,,,,,,,,,,,,,,,,,,,,,,,,,,,,,,,,,,,,,,,,,,,,,,,,,,,,,,1483,1762.5,52.96428571,62.94642857,55,115,3,3
22,5,A,S,2,3.3,78,56,1,56,40,4,-86,1.5,1,0,0,90,1610,30,3,58.4,41.4,16.9,,,,,,,,,,,,,,,,,,,,,,,,,,,,,,,,,,,,,,,,,,,,,,,,,,,,,,,,,,,,,,,,,,,,,,,,,,,,,,,,,,,,,,,,98.7,83,80.8,,,,,,,,,,,,,,,,,,,,,,,,,,,,,,,,,,,,,,,,,,,,,,,,,,,,,,,,,,,,,,,,,,,,,,,,,,,,,,,,,,,,,,,,TT,O,,2016,1,3,11/15/2003,23.63636364,23.90352607,24.01756462,23.33333333,,41.4,16.9,,,,,,,,,,,,,,,,,,,,,,,,,,,,,,,,,,,,,,,,,,,,,,,,,,,,,,,,,,,,,,,,,,,,,,,,,,,,,,,,,,,,,,,,,83,80.8,,,,,,,,,,,,,,,,,,,,,,,,,,,,,,,,,,,,,,,,,,,,,,,,,,,,,,,,,,,,,,,,,,,,,,,,,,,,,,,,,,,,,,,,58.3,163.8,29.15,81.9,55,115,2,2
23,5,A,N,2,25.3,670,45,7,41,51,8,-21,1.5,2,0,0,90,1610,30,25,107.1,98.5,77.6,55.9,33.3,20.1,18.2,13.8,33.2,50.2,52,37.4,53,71.4,75.1,62.8,53.4,56.8,44.8,44.3,35.8,21.2,27.2,38.1,15.1,,,,,,,,,,,,,,,,,,,,,,,,,,,,,,,,,,,,,,,,,,,,,,,,,,,,,,,,,,,,,,,,,,58,56.6,62,79.5,94.3,101.7,84,73.9,75.4,85.2,100.3,82,60.3,43.6,34.4,25.5,48,72.4,89.3,109.7,114.6,105.5,108.1,120.3,100.7,,,,,,,,,,,,,,,,,,,,,,,,,,,,,,,,,,,,,,,,,,,,,,,,,,,,,,,,,,,,,,,,,,TT,O,,2016,2,3,11/15/2003,26.48221344,23.90352607,24.01756462,23.33333333,,,,,33.3,20.1,18.2,13.8,33.2,50.2,52,37.4,53,71.4,75.1,62.8,53.4,56.8,44.8,44.3,35.8,21.2,27.2,38.1,15.1,,,,,,,,,,,,,,,,,,,,,,,,,,,,,,,,,,,,,,,,,,,,,,,,,,,,,,,,,,,,,,,,,,,,,,94.3,101.7,84,73.9,75.4,85.2,100.3,82,60.3,43.6,34.4,25.5,48,72.4,89.3,109.7,114.6,105.5,108.1,120.3,100.7,,,,,,,,,,,,,,,,,,,,,,,,,,,,,,,,,,,,,,,,,,,,,,,,,,,,,,,,,,,,,,,,,,857.2,1729.2,40.81904762,82.34285714,115,55,5,5
24,5,A,W,2,44.8,1244,35,21,42,35,23,-31,1.5,0,1,0,90,1610,30,44,110.7,94.9,77.2,59.3,43.4,31,27.9,38.8,42,51,52.1,64,70.4,82.5,91.8,91.8,70.9,41.7,17.7,26.3,44.5,41.2,18.2,23,47.2,77.6,107.7,122.9,113.2,100.2,80.8,74.2,68.3,64.8,50.2,33.9,37.6,38.9,49.3,62.5,67.9,67.8,53.8,33.6,,,,,,,,,,,,,,,,,,,,,,,,,,,,,,,,,,,,,,,,,,,,,,,58.4,38.8,17.5,30.8,56.8,87.3,108.7,122.7,111.7,88.5,61.7,39.3,35.6,50.1,77.4,92.5,87.6,88.3,98.3,106.4,122.3,123.6,99.3,74.3,43.4,11.5,22.5,37.9,30.9,31.1,52.6,82.2,101.8,114.6,116.2,116.8,116.8,98.9,73.9,48.3,23.1,19.2,38.1,67.5,,,,,,,,,,,,,,,,,,,,,,,,,,,,,,,,,,,,,,,,,,,,,,,TT,O,,2016,3,3,11/15/2003,27.76785714,23.90352607,24.01756462,23.33333333,,,,,43.4,31,27.9,38.8,42,51,52.1,64,70.4,82.5,91.8,91.8,70.9,41.7,17.7,26.3,44.5,41.2,18.2,23,47.2,77.6,107.7,122.9,113.2,100.2,80.8,74.2,68.3,64.8,50.2,33.9,37.6,38.9,49.3,62.5,67.9,67.8,53.8,33.6,,,,,,,,,,,,,,,,,,,,,,,,,,,,,,,,,,,,,,,,,,,,,,,,,,,56.8,87.3,108.7,122.7,111.7,88.5,61.7,39.3,35.6,50.1,77.4,92.5,87.6,88.3,98.3,106.4,122.3,123.6,99.3,74.3,43.4,11.5,22.5,37.9,30.9,31.1,52.6,82.2,101.8,114.6,116.2,116.8,116.8,98.9,73.9,48.3,23.1,19.2,38.1,67.5,,,,,,,,,,,,,,,,,,,,,,,,,,,,,,,,,,,,,,,,,,,,,,,2322.6,2979.7,58.065,74.4925,115,55,5,5
22,6,A,N,2,9.6,211,36,7,68,29,3,-29,1.5,1,0,0,90,1610,30,9,107.6,100.2,81.6,56.3,37.7,42,36.6,19.4,20.4,,,,,,,,,,,,,,,,,,,,,,,,,,,,,,,,,,,,,,,,,,,,,,,,,,,,,,,,,,,,,,,,,,,,,,,,,,,,,,,,,,57.8,57,64.7,65.2,55.6,44.5,50.2,67.1,71.2,,,,,,,,,,,,,,,,,,,,,,,,,,,,,,,,,,,,,,,,,,,,,,,,,,,,,,,,,,,,,,,,,,,,,,,,,,,,,,,,,,TT,O,,2016,4,3,11/16/2003,21.97916667,23.90352607,24.01756462,23.33333333,,,,,37.7,42,36.6,19.4,20.4,,,,,,,,,,,,,,,,,,,,,,,,,,,,,,,,,,,,,,,,,,,,,,,,,,,,,,,,,,,,,,,,,,,,,,,,,,,,,,,,,,,,,,55.6,44.5,50.2,67.1,71.2,,,,,,,,,,,,,,,,,,,,,,,,,,,,,,,,,,,,,,,,,,,,,,,,,,,,,,,,,,,,,,,,,,,,,,,,,,,,,,,,,,156.1,288.6,31.22,57.72,115,55,5,5
23,6,A,S,2,4.5,91,45,3,68,27,5,-80,1.5,0,0,0,90,1610,30,4,54,47.5,35.1,20.8,,,,,,,,,,,,,,,,,,,,,,,,,,,,,,,,,,,,,,,,,,,,,,,,,,,,,,,,,,,,,,,,,,,,,,,,,,,,,,,,,,,,,,,100,78.9,64.9,69.6,,,,,,,,,,,,,,,,,,,,,,,,,,,,,,,,,,,,,,,,,,,,,,,,,,,,,,,,,,,,,,,,,,,,,,,,,,,,,,,,,,,,,,,TT,O,,2016,5,3,11/16/2003,20.22222222,23.90352607,24.01756462,23.33333333,,47.5,35.1,20.8,,,,,,,,,,,,,,,,,,,,,,,,,,,,,,,,,,,,,,,,,,,,,,,,,,,,,,,,,,,,,,,,,,,,,,,,,,,,,,,,,,,,,,,,78.9,64.9,69.6,,,,,,,,,,,,,,,,,,,,,,,,,,,,,,,,,,,,,,,,,,,,,,,,,,,,,,,,,,,,,,,,,,,,,,,,,,,,,,,,,,,,,,,103.4,213.4,34.46666667,71.13333333,55,115,2,2
24,6,A,E,2,30.6,714,71,10,61,28,11,-33,1.5,7,0,0,90,1610,30,30,55.7,39.9,12.5,8.7,9.1,7.1,8.1,10.4,5.1,4.6,9.8,23.5,24.7,38.7,59.8,65.2,51.6,28.6,15.5,44.5,76.4,92.5,89.5,68.5,41.2,20.7,33,33.6,28.6,9.2,,,,,,,,,,,,,,,,,,,,,,,,,,,,,,,,,,,,,,,,,,,,,,,,,,,,,,,,,,,,,112.1,108.4,91.6,83.5,86.7,87.3,86.2,91.2,84.6,85.7,94.7,108.3,104.7,97.4,100.3,110.5,111.2,101.5,72.4,43.5,18.4,28.4,36.6,52.4,70.9,72.4,52.9,53.8,61.7,83.2,,,,,,,,,,,,,,,,,,,,,,,,,,,,,,,,,,,,,,,,,,,,,,,,,,,,,,,,,,,,,FS,O,,2016,6,3,11/16/2003,23.33333333,23.90352607,24.01756462,23.33333333,,39.9,12.5,8.7,9.1,7.1,8.1,10.4,5.1,4.6,9.8,23.5,24.7,38.7,59.8,65.2,51.6,28.6,15.5,44.5,76.4,92.5,89.5,68.5,41.2,20.7,33,33.6,28.6,9.2,,,,,,,,,,,,,,,,,,,,,,,,,,,,,,,,,,,,,,,,,,,,,,,,,,,,,,,,,,,,,,108.4,91.6,83.5,86.7,87.3,86.2,91.2,84.6,85.7,94.7,108.3,104.7,97.4,100.3,110.5,111.2,101.5,72.4,43.5,18.4,28.4,36.6,52.4,70.9,72.4,52.9,53.8,61.7,83.2,,,,,,,,,,,,,,,,,,,,,,,,,,,,,,,,,,,,,,,,,,,,,,,,,,,,,,,,,,,,,960.6,2280.4,33.12413793,78.63448276,55,115,2,2
25,5,A,S,2,9.1,221,67,3,40,36,24,-62,1.5,1,0,0,90,1610,31,9,65.7,56.8,40.9,23.3,24.3,37.4,45.3,40.9,11.9,,,,,,,,,,,,,,,,,,,,,,,,,,,,,,,,,,,,,,,,,,,,,,,,,,,,,,,,,,,,,,,,,,,,,,,,,,,,,,,,,,103.1,81.2,62.6,63.8,79.4,94.5,111.5,120.1,97.3,,,,,,,,,,,,,,,,,,,,,,,,,,,,,,,,,,,,,,,,,,,,,,,,,,,,,,,,,,,,,,,,,,,,,,,,,,,,,,,,,,TT,O,,2016,1,3,11/15/2003,24.28571429,22.4567382,22.68749952,21.3029316,,56.8,40.9,23.3,24.3,37.4,45.3,40.9,11.9,,,,,,,,,,,,,,,,,,,,,,,,,,,,,,,,,,,,,,,,,,,,,,,,,,,,,,,,,,,,,,,,,,,,,,,,,,,,,,,,,,,81.2,62.6,63.8,79.4,94.5,111.5,120.1,97.3,,,,,,,,,,,,,,,,,,,,,,,,,,,,,,,,,,,,,,,,,,,,,,,,,,,,,,,,,,,,,,,,,,,,,,,,,,,,,,,,,,280.8,710.4,35.1,88.8,55,115,2,2
26,5,A,N,2,15.7,329,51,1,60,39,1,-31,1.5,1,0,0,90,1610,31,15,102.3,85.7,59.5,37.7,46,47.5,44.4,38.8,35.4,25.9,29.2,36.3,37.5,27.6,14.4,,,,,,,,,,,,,,,,,,,,,,,,,,,,,,,,,,,,,,,,,,,,,,,,,,,,,,,,,,,,,,,,,,,,,,,,,,,,59.4,60.1,59.3,57.3,42.6,46.7,53.5,74,96.3,105.7,112.5,97.9,81.1,73,77.3,,,,,,,,,,,,,,,,,,,,,,,,,,,,,,,,,,,,,,,,,,,,,,,,,,,,,,,,,,,,,,,,,,,,,,,,,,,,TT,O,,2016,2,3,11/15/2003,20.95541401,22.4567382,22.68749952,21.3029316,,,,,46,47.5,44.4,38.8,35.4,25.9,29.2,36.3,37.5,27.6,14.4,,,,,,,,,,,,,,,,,,,,,,,,,,,,,,,,,,,,,,,,,,,,,,,,,,,,,,,,,,,,,,,,,,,,,,,,,,,,,,,,42.6,46.7,53.5,74,96.3,105.7,112.5,97.9,81.1,73,77.3,,,,,,,,,,,,,,,,,,,,,,,,,,,,,,,,,,,,,,,,,,,,,,,,,,,,,,,,,,,,,,,,,,,,,,,,,,,,383,860.6,34.81818182,78.23636364,115,55,5,5
27,5,A,W,2,4.7,108,23,69,76,23,1,-42,1.5,0,0,0,90,1610,31,4,103.6,86.8,70.7,42.4,,,,,,,,,,,,,,,,,,,,,,,,,,,,,,,,,,,,,,,,,,,,,,,,,,,,,,,,,,,,,,,,,,,,,,,,,,,,,,,,,,,,,,,42,24.1,21.9,43.8,,,,,,,,,,,,,,,,,,,,,,,,,,,,,,,,,,,,,,,,,,,,,,,,,,,,,,,,,,,,,,,,,,,,,,,,,,,,,,,,,,,,,,,TT,O,,2016,3,3,11/15/2003,22.9787234,22.4567382,22.68749952,21.3029316,,,,,,,,,,,,,,,,,,,,,,,,,,,,,,,,,,,,,,,,,,,,,,,,,,,,,,,,,,,,,,,,,,,,,,,,,,,,,,,,,,,,,,,,,,,,,,,,,,,,,,,,,,,,,,,,,,,,,,,,,,,,,,,,,,,,,,,,,,,,,,,,,,,,,,,,,,,,,,,,,,,,,,,,,,,,,,,,,,,,,0,0,0,0,115,55,5,5
25,6,A,N,2,4.7,103,19,1,56,41,3,-21,1.5,0,0,0,90,1610,31,4,105,91.3,65.6,35.4,,,,,,,,,,,,,,,,,,,,,,,,,,,,,,,,,,,,,,,,,,,,,,,,,,,,,,,,,,,,,,,,,,,,,,,,,,,,,,,,,,,,,,,55.3,55.7,55.1,66.4,,,,,,,,,,,,,,,,,,,,,,,,,,,,,,,,,,,,,,,,,,,,,,,,,,,,,,,,,,,,,,,,,,,,,,,,,,,,,,,,,,,,,,,TT,O,,2016,4,3,11/16/2003,21.91489362,22.4567382,22.68749952,21.3029316,,,,,,,,,,,,,,,,,,,,,,,,,,,,,,,,,,,,,,,,,,,,,,,,,,,,,,,,,,,,,,,,,,,,,,,,,,,,,,,,,,,,,,,,,,,,,,,,,,,,,,,,,,,,,,,,,,,,,,,,,,,,,,,,,,,,,,,,,,,,,,,,,,,,,,,,,,,,,,,,,,,,,,,,,,,,,,,,,,,,,0,0,0,0,115,55,5,5
26,6,A,S,2,10.9,254,32,5,37,42,21,-113,1.5,1,0,0,90,1610,31,10,60.9,66,60.2,48,34.9,35.7,50.4,57.3,55.8,40,,,,,,,,,,,,,,,,,,,,,,,,,,,,,,,,,,,,,,,,,,,,,,,,,,,,,,,,,,,,,,,,,,,,,,,,,,,,,,,,,105.5,91.2,70.7,53.5,52.2,68.4,88.9,98.2,111.2,110.4,,,,,,,,,,,,,,,,,,,,,,,,,,,,,,,,,,,,,,,,,,,,,,,,,,,,,,,,,,,,,,,,,,,,,,,,,,,,,,,,,TT,O,,2016,5,3,11/16/2003,23.30275229,22.4567382,22.68749952,21.3029316,,66,60.2,48,34.9,35.7,50.4,57.3,55.8,40,,,,,,,,,,,,,,,,,,,,,,,,,,,,,,,,,,,,,,,,,,,,,,,,,,,,,,,,,,,,,,,,,,,,,,,,,,,,,,,,,,91.2,70.7,53.5,52.2,68.4,88.9,98.2,111.2,110.4,,,,,,,,,,,,,,,,,,,,,,,,,,,,,,,,,,,,,,,,,,,,,,,,,,,,,,,,,,,,,,,,,,,,,,,,,,,,,,,,,448.3,744.7,49.81111111,82.74444444,55,115,2,2
27,6,A,E,2,30.7,654,62,7,52,38,10,-32,1.5,3,0,0,90,1610,31,30,56.2,37.4,22.6,28.8,48.9,59.9,67.6,68.7,68,65.1,52.6,40.1,30.6,23.9,29.3,31,29.6,19.3,5.2,7.1,18.9,30.1,36.9,31,18.4,8.6,23.8,42.9,50.3,56,,,,,,,,,,,,,,,,,,,,,,,,,,,,,,,,,,,,,,,,,,,,,,,,,,,,,,,,,,,,,118.8,112.9,106.3,88.2,67.8,45.1,22.5,23.8,40.8,52,71,89.1,102.2,108.1,107.7,90.6,78.1,77.7,84.3,90.7,100,114.9,119.9,105,90.9,79.6,73.2,77,83.5,94.3,,,,,,,,,,,,,,,,,,,,,,,,,,,,,,,,,,,,,,,,,,,,,,,,,,,,,,,,,,,,,FS,O,,2016,6,3,11/16/2003,21.3029316,22.4567382,22.68749952,21.3029316,,,22.6,28.8,48.9,59.9,67.6,68.7,68,65.1,52.6,40.1,30.6,23.9,29.3,31,29.6,19.3,5.2,7.1,18.9,30.1,36.9,31,18.4,8.6,23.8,42.9,50.3,56,,,,,,,,,,,,,,,,,,,,,,,,,,,,,,,,,,,,,,,,,,,,,,,,,,,,,,,,,,,,,,,106.3,88.2,67.8,45.1,22.5,23.8,40.8,52,71,89.1,102.2,108.1,107.7,90.6,78.1,77.7,84.3,90.7,100,114.9,119.9,105,90.9,79.6,73.2,77,83.5,94.3,,,,,,,,,,,,,,,,,,,,,,,,,,,,,,,,,,,,,,,,,,,,,,,,,,,,,,,,,,,,,1015.2,2284.3,36.25714286,81.58214286,55,115,3,3
28,5,A,S,2,14.5,336,58,1,28,57,15,44,1.5,1,0,0,90,1610,34,14,49.9,35.1,37.3,52.7,75.6,76.1,71.2,42.4,18.3,21.5,32.2,55.5,43.5,16.5,,,,,,,,,,,,,,,,,,,,,,,,,,,,,,,,,,,,,,,,,,,,,,,,,,,,,,,,,,,,,,,,,,,,,,,,,,,,,111.9,100.3,92.7,90.1,95.9,95.9,95.9,94.3,83.1,70.6,66.9,70.3,86.1,94.5,,,,,,,,,,,,,,,,,,,,,,,,,,,,,,,,,,,,,,,,,,,,,,,,,,,,,,,,,,,,,,,,,,,,,,,,,,,,,TT,O,,2016,1,3,11/15/2003,23.17241379,26.39400615,26.50940869,25.81699346,,35.1,37.3,52.7,75.6,76.1,71.2,42.4,18.3,21.5,32.2,55.5,43.5,16.5,,,,,,,,,,,,,,,,,,,,,,,,,,,,,,,,,,,,,,,,,,,,,,,,,,,,,,,,,,,,,,,,,,,,,,,,,,,,,,100.3,92.7,90.1,95.9,95.9,95.9,94.3,83.1,70.6,66.9,70.3,86.1,94.5,,,,,,,,,,,,,,,,,,,,,,,,,,,,,,,,,,,,,,,,,,,,,,,,,,,,,,,,,,,,,,,,,,,,,,,,,,,,,577.9,1136.6,44.45384615,87.43076923,55,115,2,2
29,5,A,N,2,21.8,651,20,41,20,73,7,51,1.5,1,1,0,90,1610,34,21,110.4,103.8,90.4,72.5,61.5,47.1,26.3,26.2,43.3,60.2,80.6,101.6,110.6,113.3,119.7,122.5,119.3,112.9,99.9,76.5,37.8,,,,,,,,,,,,,,,,,,,,,,,,,,,,,,,,,,,,,,,,,,,,,,,,,,,,,,,,,,,,,,,,,,,,,,50,36,11.4,22.4,60.1,89.2,102.1,107.9,104.1,91.9,79.3,73,59.1,49.2,38.3,38.8,44.4,55.4,61.2,69,84.1,,,,,,,,,,,,,,,,,,,,,,,,,,,,,,,,,,,,,,,,,,,,,,,,,,,,,,,,,,,,,,,,,,,,,,TT,O,,2016,2,3,11/15/2003,29.86238532,26.39400615,26.50940869,25.81699346,,,,72.5,61.5,47.1,26.3,26.2,43.3,60.2,80.6,101.6,110.6,113.3,119.7,122.5,119.3,112.9,99.9,76.5,37.8,,,,,,,,,,,,,,,,,,,,,,,,,,,,,,,,,,,,,,,,,,,,,,,,,,,,,,,,,,,,,,,,,,,,,,,,,22.4,60.1,89.2,102.1,107.9,104.1,91.9,79.3,73,59.1,49.2,38.3,38.8,44.4,55.4,61.2,69,84.1,,,,,,,,,,,,,,,,,,,,,,,,,,,,,,,,,,,,,,,,,,,,,,,,,,,,,,,,,,,,,,,,,,,,,,1431.8,1229.5,79.54444444,68.30555556,115,55,4,4
30,5,A,W,2,26.7,738,27,11,39,60,1,17,1.5,1,1,0,90,1610,34,26,107.3,97.6,61.2,34.1,30,53.9,66.1,75,75.9,73.8,78.1,91.3,97.9,93.7,73.2,41.7,17.3,22.7,49.7,63.6,72.7,73.2,62.5,42.9,32.7,20.1,,,,,,,,,,,,,,,,,,,,,,,,,,,,,,,,,,,,,,,,,,,,,,,,,,,,,,,,,,,,,,,,,61.8,59.7,49.7,54,73.5,95.1,88.6,72.8,58.4,34.3,10.7,28,54.6,69.5,81,88.9,97.9,96.8,98.8,89,71.8,60.6,44,44.4,74.9,94.8,,,,,,,,,,,,,,,,,,,,,,,,,,,,,,,,,,,,,,,,,,,,,,,,,,,,,,,,,,,,,,,,,TT,O,,2016,3,3,11/15/2003,27.64044944,26.39400615,26.50940869,25.81699346,,,,34.1,30,53.9,66.1,75,75.9,73.8,78.1,91.3,97.9,93.7,73.2,41.7,17.3,22.7,49.7,63.6,72.7,73.2,62.5,42.9,32.7,20.1,,,,,,,,,,,,,,,,,,,,,,,,,,,,,,,,,,,,,,,,,,,,,,,,,,,,,,,,,,,,,,,,,,,,54,73.5,95.1,88.6,72.8,58.4,34.3,10.7,28,54.6,69.5,81,88.9,97.9,96.8,98.8,89,71.8,60.6,44,44.4,74.9,94.8,,,,,,,,,,,,,,,,,,,,,,,,,,,,,,,,,,,,,,,,,,,,,,,,,,,,,,,,,,,,,,,,,1342.1,1582.4,58.35217391,68.8,115,55,4,4
28,6,A,N,2,11.7,273,14,35,37,42,21,44,1.5,0,0,0,90,1610,34,11,109.1,108.1,101.7,82.4,54.4,34.6,57.9,66.9,64.4,60,40.3,,,,,,,,,,,,,,,,,,,,,,,,,,,,,,,,,,,,,,,,,,,,,,,,,,,,,,,,,,,,,,,,,,,,,,,,,,,,,,,,51.3,48.1,36,26.5,43.3,75.4,116,111.8,101.1,95.4,73.4,,,,,,,,,,,,,,,,,,,,,,,,,,,,,,,,,,,,,,,,,,,,,,,,,,,,,,,,,,,,,,,,,,,,,,,,,,,,,,,,TT,O,,2016,4,3,11/16/2003,23.33333333,26.39400615,26.50940869,25.81699346,,,,82.4,54.4,34.6,57.9,66.9,64.4,60,40.3,,,,,,,,,,,,,,,,,,,,,,,,,,,,,,,,,,,,,,,,,,,,,,,,,,,,,,,,,,,,,,,,,,,,,,,,,,,,,,,,,,,26.5,43.3,75.4,116,111.8,101.1,95.4,73.4,,,,,,,,,,,,,,,,,,,,,,,,,,,,,,,,,,,,,,,,,,,,,,,,,,,,,,,,,,,,,,,,,,,,,,,,,,,,,,,,460.9,642.9,57.6125,80.3625,115,55,4,4
29,6,A,S,2,13,371,41,18,51,37,12,44,1.5,1,1,0,90,1610,34,12,54,38.1,26.1,32,50,64.2,74.2,78.7,84.5,86.2,77.5,53.3,,,,,,,,,,,,,,,,,,,,,,,,,,,,,,,,,,,,,,,,,,,,,,,,,,,,,,,,,,,,,,,,,,,,,,,,,,,,,,,110.5,112.2,110.4,106.7,97.6,80.4,61.7,42.4,15.7,16.3,43.1,61.9,,,,,,,,,,,,,,,,,,,,,,,,,,,,,,,,,,,,,,,,,,,,,,,,,,,,,,,,,,,,,,,,,,,,,,,,,,,,,,,TT,O,,2016,5,3,11/16/2003,28.53846154,26.39400615,26.50940869,25.81699346,,38.1,26.1,32,50,64.2,74.2,78.7,84.5,86.2,77.5,53.3,,,,,,,,,,,,,,,,,,,,,,,,,,,,,,,,,,,,,,,,,,,,,,,,,,,,,,,,,,,,,,,,,,,,,,,,,,,,,,,,112.2,110.4,106.7,97.6,80.4,61.7,42.4,15.7,16.3,43.1,61.9,,,,,,,,,,,,,,,,,,,,,,,,,,,,,,,,,,,,,,,,,,,,,,,,,,,,,,,,,,,,,,,,,,,,,,,,,,,,,,,664.8,748.4,60.43636364,68.03636364,55,115,2,2
30,6,A,E,2,30.6,790,40,6,43,42,15,71,1.5,1,0,0,90,1610,34,30,65.2,64.7,67.1,70.8,66.7,53.3,36.9,12,27.4,48.3,65.8,70.2,63.8,43.8,21.2,36.8,41.2,38.7,25.4,43.2,49.7,63.9,65.1,67.2,72.3,68.6,56.2,45,36.3,17.6,,,,,,,,,,,,,,,,,,,,,,,,,,,,,,,,,,,,,,,,,,,,,,,,,,,,,,,,,,,,,103.6,84.6,59.1,41,24.8,37,67.4,89.2,101.5,99.7,91.5,79.8,68,57.3,77,107,104.8,103.4,102.8,124.2,120.2,120.8,104.6,82.8,65.2,48.2,36.7,46.1,74.8,93.9,,,,,,,,,,,,,,,,,,,,,,,,,,,,,,,,,,,,,,,,,,,,,,,,,,,,,,,,,,,,,FS,O,,2016,6,3,11/16/2003,25.81699346,26.39400615,26.50940869,25.81699346,,64.7,67.1,70.8,66.7,53.3,36.9,12,27.4,48.3,65.8,70.2,63.8,43.8,21.2,36.8,41.2,38.7,25.4,43.2,49.7,63.9,65.1,67.2,72.3,68.6,56.2,45,36.3,17.6,,,,,,,,,,,,,,,,,,,,,,,,,,,,,,,,,,,,,,,,,,,,,,,,,,,,,,,,,,,,,,84.6,59.1,41,24.8,37,67.4,89.2,101.5,99.7,91.5,79.8,68,57.3,77,107,104.8,103.4,102.8,124.2,120.2,120.8,104.6,82.8,65.2,48.2,36.7,46.1,74.8,93.9,,,,,,,,,,,,,,,,,,,,,,,,,,,,,,,,,,,,,,,,,,,,,,,,,,,,,,,,,,,,,1439.2,2313.4,49.62758621,79.77241379,55,115,2,2
31,5,A,S,2,90.1,654,50,3,57,41,2,21,1.5,0,0,0,90,1610,36,90,51.5,48.1,44.1,41,37.4,33.2,30,26.9,24,19.9,18.1,13.5,12.8,14.2,14.3,13.5,12.7,16.4,17.1,18,18.1,19.8,20.8,24.4,26,33.7,36.4,39.6,41.5,43.2,45.1,45.3,48.3,50.5,51.7,53,54.3,55.9,55.7,58.2,57.9,58.8,57.8,57.7,57.3,56.3,56.8,57.2,58.6,56.9,56.1,48.6,30.6,19,16.8,33.3,38.3,41.7,44.3,46,45.7,46.2,45.9,45.7,45.3,44.4,44.4,43.4,42.8,42.4,41.3,40.5,39.1,38.7,37.7,37,36.1,34.7,33.9,32.4,32.8,32.1,31.8,32.3,32,32.9,33,34.6,35.7,36.9,107.5,107.3,105.8,105,104.1,102.8,102.3,100.5,99.6,97.6,95.7,93.3,91.7,92.5,93.1,93.5,95.1,99.2,102,103.4,103.6,104.6,105,106.5,106.7,110.6,110.3,109.6,107.9,105.9,103.3,100.1,98.6,97.3,93.3,91.1,88.6,85.7,82,78.9,73.7,70.6,66.2,62.8,59.5,55.6,54.3,51.8,56.6,58.8,55.7,64.1,67.2,68.5,70.3,63,62.6,61.3,60.6,60.3,59.9,60.3,59.2,59.8,59,59.2,59.1,58.4,59.2,57.9,58.7,57.7,58.1,57.7,57.1,57.4,56.2,56.9,56.1,56.2,54.9,54.6,54.5,53.4,53.6,53,53.5,52.6,52.7,52.6,TT,O,,2016,1,3,11/15/2003,7.258601554,14.59802686,13.47854428,20.19543974,,,,41,37.4,33.2,30,26.9,24,19.9,18.1,13.5,12.8,14.2,14.3,13.5,12.7,16.4,17.1,18,18.1,19.8,20.8,24.4,26,33.7,36.4,39.6,41.5,43.2,45.1,45.3,48.3,50.5,51.7,53,54.3,55.9,55.7,58.2,57.9,58.8,57.8,57.7,57.3,56.3,56.8,57.2,58.6,56.9,56.1,48.6,30.6,19,16.8,33.3,38.3,41.7,44.3,46,45.7,46.2,45.9,45.7,45.3,44.4,44.4,43.4,42.8,42.4,41.3,40.5,39.1,38.7,37.7,37,36.1,34.7,33.9,32.4,32.8,32.1,31.8,32.3,32,32.9,33,34.6,35.7,36.9,,,,105,104.1,102.8,102.3,100.5,99.6,97.6,95.7,93.3,91.7,92.5,93.1,93.5,95.1,99.2,102,103.4,103.6,104.6,105,106.5,106.7,110.6,110.3,109.6,107.9,105.9,103.3,100.1,98.6,97.3,93.3,91.1,88.6,85.7,82,78.9,73.7,70.6,66.2,62.8,59.5,55.6,54.3,51.8,56.6,58.8,55.7,64.1,67.2,68.5,70.3,63,62.6,61.3,60.6,60.3,59.9,60.3,59.2,59.8,59,59.2,59.1,58.4,59.2,57.9,58.7,57.7,58.1,57.7,57.1,57.4,56.2,56.9,56.1,56.2,54.9,54.6,54.5,53.4,53.6,53,53.5,52.6,52.7,52.6,3286.2,6604,37.77241379,75.90804598,55,115,4,4
32,5,A,N,2,90.1,869,24,17,24,63,13,56,1.5,5,0,0,90,1610,36,90,110.4,107.7,106.8,106,104.9,104.2,103.5,102.1,95.5,106.1,116.7,118,111.8,106.4,92.3,72.2,62.2,81.9,99.7,99.6,101.1,90.7,71.6,46.2,25.7,26.3,48,51.9,52.9,51.3,49.8,48.6,48,49.2,49.9,51.3,51.7,43.9,44.9,61.1,74.8,80.2,83.6,82.3,80.6,79.5,78.5,77.4,75.5,75.1,73.6,73.3,72.2,71.3,70.4,69.6,68.7,67.9,67.3,66.4,65.7,65.2,64.6,64.4,63.8,64.5,64.6,64.7,65.5,65.8,67.2,68.6,69.6,70.3,70.7,73,67.6,54.5,39.4,26.2,18.1,13,9.1,9.3,10.8,11.5,12.6,13.1,13.8,13.6,58,55.3,53,51.1,48.5,46.1,42.8,36.1,30.9,27.4,38.8,38.5,35.6,31.4,21.1,16.1,42.7,69.2,82.5,80.4,71.8,57.5,41.8,42.7,63.3,95.3,121.4,123.8,124.2,123.3,122,117.4,113.8,111.1,108.9,106.9,104.6,90.6,68.2,56.5,60.4,62.7,68.1,75.1,80,82.4,84,85.3,85.7,86.1,85.9,86.8,86.8,86.5,86.3,85.5,85.1,84.9,83.8,83.6,82.9,82.1,81.9,81,81.5,82,82.3,81.3,81.6,81.2,80.9,79.9,80.5,80.2,79.9,84.8,89.6,84,79.7,77.1,76.7,76.9,77.6,76.4,75,74.4,73.3,72.8,72.2,72.3,TT,O,,2016,2,3,11/15/2003,9.644839068,14.59802686,13.47854428,20.19543974,,,,,,,,,95.5,106.1,116.7,118,111.8,106.4,92.3,72.2,62.2,81.9,99.7,99.6,101.1,90.7,71.6,46.2,25.7,26.3,48,51.9,52.9,51.3,49.8,48.6,48,49.2,49.9,51.3,51.7,43.9,44.9,61.1,74.8,80.2,83.6,82.3,80.6,79.5,78.5,77.4,75.5,75.1,73.6,73.3,72.2,71.3,70.4,69.6,68.7,67.9,67.3,66.4,65.7,65.2,64.6,64.4,63.8,64.5,64.6,64.7,65.5,65.8,67.2,68.6,69.6,70.3,70.7,73,67.6,54.5,39.4,26.2,18.1,13,9.1,9.3,10.8,11.5,12.6,13.1,13.8,13.6,,,,,,,,,30.9,27.4,38.8,38.5,35.6,31.4,21.1,16.1,42.7,69.2,82.5,80.4,71.8,57.5,41.8,42.7,63.3,95.3,121.4,123.8,124.2,123.3,122,117.4,113.8,111.1,108.9,106.9,104.6,90.6,68.2,56.5,60.4,62.7,68.1,75.1,80,82.4,84,85.3,85.7,86.1,85.9,86.8,86.8,86.5,86.3,85.5,85.1,84.9,83.8,83.6,82.9,82.1,81.9,81,81.5,82,82.3,81.3,81.6,81.2,80.9,79.9,80.5,80.2,79.9,84.8,89.6,84,79.7,77.1,76.7,76.9,77.6,76.4,75,74.4,73.3,72.8,72.2,72.3,5095.5,6386.7,62.1402439,77.88658537,115,55,9,9
33,5,A,W,2,74.1,1560,27,26,14,52,34,-55,1.5,1,0,0,90,1610,36,74,116.1,115.7,110.3,105,87.7,60,39.9,40.3,47.9,45.7,42.3,34.2,33.5,51.4,81.3,106.8,120.1,118.6,112.8,100.5,81.7,61.3,55.9,59.7,49.7,43.9,38.6,44.2,52.6,67.3,75.3,82.2,92.1,106.2,122.5,123.8,117.9,109.7,98.9,89.1,87.7,82.1,72,63.6,62.2,61.1,56.7,47.4,33.4,24.9,30.7,46.8,63.3,74.8,84.6,86.6,92.3,98.5,109.2,121.7,122.6,119.2,113,111,107.8,100.2,96.4,92.5,89.6,82.6,69.5,53.6,30.6,12.1,,,,,,,,,,,,,,,,,64.6,61.9,51.5,48,46.6,59.2,84.7,109.7,121.9,118.8,106.6,90.7,65.6,35.1,13.9,22.7,35.2,36.5,36,36.9,48.7,71.2,95.4,120.6,124,124.6,123,123.7,119.5,109.3,94.2,75.4,57,45.3,50.7,48.8,36.5,24.5,22.4,43.2,67,81.4,87.7,98.2,116.5,120.3,119.9,117.5,115.3,107.3,102.6,101,101,103,98,86.6,76.1,63.1,51.4,46.9,39.2,35.5,41.7,57.5,64.8,76.1,83,79.2,79.5,80.9,81.8,84.2,84.9,87.8,,,,,,,,,,,,,,,,,TT,O,,2016,3,3,11/15/2003,21.05263158,14.59802686,13.47854428,20.19543974,,,,,,,,,47.9,45.7,42.3,34.2,33.5,51.4,81.3,106.8,120.1,118.6,112.8,100.5,81.7,61.3,55.9,59.7,49.7,43.9,38.6,44.2,52.6,67.3,75.3,82.2,92.1,106.2,122.5,123.8,117.9,109.7,98.9,89.1,87.7,82.1,72,63.6,62.2,61.1,56.7,47.4,33.4,24.9,30.7,46.8,63.3,74.8,84.6,86.6,92.3,98.5,109.2,121.7,122.6,119.2,113,111,107.8,100.2,96.4,92.5,89.6,82.6,69.5,53.6,30.6,12.1,,,,,,,,,,,,,,,,,,,,,,,,,121.9,118.8,106.6,90.7,65.6,35.1,13.9,22.7,35.2,36.5,36,36.9,48.7,71.2,95.4,120.6,124,124.6,123,123.7,119.5,109.3,94.2,75.4,57,45.3,50.7,48.8,36.5,24.5,22.4,43.2,67,81.4,87.7,98.2,116.5,120.3,119.9,117.5,115.3,107.3,102.6,101,101,103,98,86.6,76.1,63.1,51.4,46.9,39.2,35.5,41.7,57.5,64.8,76.1,83,79.2,79.5,80.9,81.8,84.2,84.9,87.8,,,,,,,,,,,,,,,,,5068,5114.8,76.78787879,77.4969697,115,55,9,9
31,6,A,N,2,90.1,665,6,75,14,77,9,82,1.5,0,1,0,90,1610,36,90,113,112.9,112.9,112.6,112.4,111.8,112.2,111.6,111.6,111.4,111.1,110.8,110.7,110.4,109.8,109.7,109.6,109.1,108.7,106.7,106.9,106.7,105.8,105.4,104.9,104.4,104.6,104.6,106.6,106.2,106.2,105.8,105.5,105.2,105,104.2,104.5,104.3,103.7,103.7,103.6,103.5,103.3,103.3,102.9,102.6,102.4,102.1,102.1,101.9,101.9,101.6,101.4,101.4,100.8,100.7,101,100.3,100.3,99.6,99.5,99.7,99.6,99,96,91,74.1,53,38,26.2,35.5,38.4,39.5,50.2,67.3,81.2,82,79,78.6,79,77.8,75,76.4,73.9,75.5,79.3,80,80.1,82.3,82,55.8,51.3,47.8,44.3,41.4,38.8,37.3,35.4,33.9,32.4,31.1,30,28.9,28.1,27.1,26.1,25.8,25,24.2,22.4,22.2,21.7,20.8,20.3,19.7,19.2,19.1,19.1,21.1,20.6,20.6,20.2,19.9,19.6,19.4,18.7,18.9,18.7,18.1,18.1,18,17.9,17.7,17.7,17.3,17,16.8,16.5,16.5,16.3,16.4,16.1,15.9,16,15.4,15.4,15.8,15.1,15.1,14.4,14.3,14.8,14.7,13.8,12.3,10.3,20.8,52.2,83.3,101.9,120.7,123.9,122.8,116.8,108.7,102.4,97.9,93.9,91.6,90.3,89,87.5,86.5,85.3,84.6,84.1,83.6,82.7,81.9,82.1,TT,O,,2016,4,3,11/16/2003,7.380688124,14.59802686,13.47854428,20.19543974,,,,,,,,,111.6,111.4,111.1,110.8,110.7,110.4,109.8,109.7,109.6,109.1,108.7,106.7,106.9,106.7,105.8,105.4,104.9,104.4,104.6,104.6,106.6,106.2,106.2,105.8,105.5,105.2,105,104.2,104.5,104.3,103.7,103.7,103.6,103.5,103.3,103.3,102.9,102.6,102.4,102.1,102.1,101.9,101.9,101.6,101.4,101.4,100.8,100.7,101,100.3,100.3,99.6,99.5,99.7,99.6,99,96,91,74.1,53,38,26.2,35.5,38.4,39.5,50.2,67.3,81.2,82,79,78.6,79,77.8,75,76.4,73.9,75.5,79.3,80,80.1,82.3,82,,,,,,,,,33.9,32.4,31.1,30,28.9,28.1,27.1,26.1,25.8,25,24.2,22.4,22.2,21.7,20.8,20.3,19.7,19.2,19.1,19.1,21.1,20.6,20.6,20.2,19.9,19.6,19.4,18.7,18.9,18.7,18.1,18.1,18,17.9,17.7,17.7,17.3,17,16.8,16.5,16.5,16.3,16.4,16.1,15.9,16,15.4,15.4,15.8,15.1,15.1,14.4,14.3,14.8,14.7,13.8,12.3,10.3,20.8,52.2,83.3,101.9,120.7,123.9,122.8,116.8,108.7,102.4,97.9,93.9,91.6,90.3,89,87.5,86.5,85.3,84.6,84.1,83.6,82.7,81.9,82.1,7649.6,3313,93.28780488,40.40243902,115,55,9,9
32,6,A,S,2,82.2,1813,47,19,21,47,32,22,1.5,1,2,0,90,1610,36,82,51.9,44.1,40.3,37.3,35.2,33.4,30.7,29.2,28.3,27.9,28.4,27.4,27.4,37.7,34.9,41.8,58.8,77.6,85.8,86.4,78.1,59.8,43,40,48.7,50.6,46.9,43,44.5,51.6,59.3,67.8,80,99.2,116.6,116.4,110.8,100.7,90.3,86.6,87.9,78.9,64.4,48.8,43.4,46.7,55.1,65.6,79.7,90,95.1,95.2,93.7,87.8,83.1,85.6,94.9,103.2,98.7,81.1,52.8,28.9,18.8,25.8,40.5,38.2,34.3,44.5,63.7,86.4,101.7,106,103.5,91.4,71,48.7,28.8,23.8,33,33.8,21.3,10.9,,,,,,,,,110.6,108.5,107.7,108,108.8,110.6,110.3,110.6,111.6,112,113.4,112.8,112.9,121.2,110.9,93.6,76.9,58.9,50.6,32.7,15.4,27.3,56.8,88.6,112.4,118.2,120.2,126.4,128.8,125.6,113.4,93.4,70,51.9,49.9,41.8,29.4,20.7,38.1,65.3,92.2,101.2,110.7,121.2,127.5,128.5,124,114.5,106.2,98.9,90,77.5,70.1,43.9,12.7,15.9,44.2,71.1,85.1,89.7,89.7,93,102.3,110.9,124,117.4,98.3,77.8,56.9,44.1,38.5,32.3,22,8.5,19,44.3,72.6,95.8,116.6,118.2,103.5,92,,,,,,,,,TT,O,,2016,5,3,11/16/2003,22.05596107,14.59802686,13.47854428,20.19543974,,,,37.3,35.2,33.4,30.7,29.2,28.3,27.9,28.4,27.4,27.4,37.7,34.9,41.8,58.8,77.6,85.8,86.4,78.1,59.8,43,40,48.7,50.6,46.9,43,44.5,51.6,59.3,67.8,80,99.2,116.6,116.4,110.8,100.7,90.3,86.6,87.9,78.9,64.4,48.8,43.4,46.7,55.1,65.6,79.7,90,95.1,95.2,93.7,87.8,83.1,85.6,94.9,103.2,98.7,81.1,52.8,28.9,18.8,25.8,40.5,38.2,34.3,44.5,63.7,86.4,101.7,106,103.5,91.4,71,48.7,28.8,23.8,33,33.8,21.3,10.9,,,,,,,,,,,,108,108.8,110.6,110.3,110.6,111.6,112,113.4,112.8,112.9,121.2,110.9,93.6,76.9,58.9,50.6,32.7,15.4,27.3,56.8,88.6,112.4,118.2,120.2,126.4,128.8,125.6,113.4,93.4,70,51.9,49.9,41.8,29.4,20.7,38.1,65.3,92.2,101.2,110.7,121.2,127.5,128.5,124,114.5,106.2,98.9,90,77.5,70.1,43.9,12.7,15.9,44.2,71.1,85.1,89.7,89.7,93,102.3,110.9,124,117.4,98.3,77.8,56.9,44.1,38.5,32.3,22,8.5,19,44.3,72.6,95.8,116.6,118.2,103.5,92,,,,,,,,,4848.8,6552.2,61.37721519,82.93924051,55,115,4,4
33,6,A,E,2,30.7,620,33,14,66,28,6,95,1.5,3,1,0,90,1610,36,30,71,76.5,79.7,81.8,82.5,79.8,69,57,48.3,42,39.2,38.2,34.6,19.3,10,21.6,34.1,39.5,44.6,40.7,27.9,11.9,18.6,27,36.5,49.9,65.1,74,78.4,81.1,,,,,,,,,,,,,,,,,,,,,,,,,,,,,,,,,,,,,,,,,,,,,,,,,,,,,,,,,,,,,110.8,97.1,80.5,60.9,46.4,22.2,18.3,40,57.4,70.9,82.7,88.8,97.1,97.2,94.1,91.1,80.6,71.9,71.9,58.9,60.1,76.2,98.1,92.5,85.4,77.5,65.4,56.5,45.9,20.8,,,,,,,,,,,,,,,,,,,,,,,,,,,,,,,,,,,,,,,,,,,,,,,,,,,,,,,,,,,,,FS,O,,2016,6,3,11/16/2003,20.19543974,14.59802686,13.47854428,20.19543974,,,79.7,81.8,82.5,79.8,69,57,48.3,42,39.2,38.2,34.6,19.3,10,21.6,34.1,39.5,44.6,40.7,27.9,11.9,18.6,27,36.5,49.9,65.1,74,78.4,81.1,,,,,,,,,,,,,,,,,,,,,,,,,,,,,,,,,,,,,,,,,,,,,,,,,,,,,,,,,,,,,,,80.5,60.9,46.4,22.2,18.3,40,57.4,70.9,82.7,88.8,97.1,97.2,94.1,91.1,80.6,71.9,71.9,58.9,60.1,76.2,98.1,92.5,85.4,77.5,65.4,56.5,45.9,20.8,,,,,,,,,,,,,,,,,,,,,,,,,,,,,,,,,,,,,,,,,,,,,,,,,,,,,,,,,,,,,1332.3,1909.3,47.58214286,68.18928571,55,115,3,3
37,5,A,S,2,46.7,721,69,2,30,69,1,32,1.5,0,0,0,90,1610,38,46,54.7,53.1,51.4,50.3,49.3,48.3,47.3,46.1,45.3,44.2,43.2,42.3,41.8,40.4,39.3,38.2,37.1,41.5,35.5,22,11.6,14.3,36,49.3,64.8,65.6,63,50,33.3,21.1,24.2,40.2,54.8,39,22.9,23.8,27.3,33.1,47.4,68,75.9,77,69.1,57.7,49.9,31.8,,,,,,,,,,,,,,,,,,,,,,,,,,,,,,,,,,,,,,,,,,,,,105.5,105.2,105,104.8,104.8,104.7,104.8,104.9,104.8,105,105.1,105.4,105,105.2,105.4,105.5,105.5,99.8,87,75.9,74.8,82.5,99,92.8,96.5,92.1,97.9,100.5,103,104.7,88.8,81.1,87.3,98.3,104.3,105.9,95.1,75.1,49.3,34.4,42.3,45.2,60.4,71.8,85.6,83.8,,,,,,,,,,,,,,,,,,,,,,,,,,,,,,,,,,,,,,,,,,,,,TT,O,,2016,1,3,11/15/2003,15.43897216,18.25119149,17.63432881,21.33550489,,,51.4,50.3,49.3,48.3,47.3,46.1,45.3,44.2,43.2,42.3,41.8,40.4,39.3,38.2,37.1,41.5,35.5,22,11.6,14.3,36,49.3,64.8,65.6,63,50,33.3,21.1,24.2,40.2,54.8,39,22.9,23.8,27.3,33.1,47.4,68,75.9,77,69.1,57.7,49.9,31.8,,,,,,,,,,,,,,,,,,,,,,,,,,,,,,,,,,,,,,,,,,,,,,,105,104.8,104.8,104.7,104.8,104.9,104.8,105,105.1,105.4,105,105.2,105.4,105.5,105.5,99.8,87,75.9,74.8,82.5,99,92.8,96.5,92.1,97.9,100.5,103,104.7,88.8,81.1,87.3,98.3,104.3,105.9,95.1,75.1,49.3,34.4,42.3,45.2,60.4,71.8,85.6,83.8,,,,,,,,,,,,,,,,,,,,,,,,,,,,,,,,,,,,,,,,,,,,,1914.6,3991.1,43.51363636,90.70681818,55,115,3,3
38,5,A,N,2,45.2,889,22,7,39,44,17,-2,1.5,0,0,0,90,1610,38,45,110.6,105.4,98.6,83.6,65.3,45.8,24.8,29.3,47.1,49.2,51.9,56.4,60.2,60.3,62.7,72.7,62.8,38.2,22.2,22.9,22.6,19,32.9,43.2,43.9,42.8,62.5,64.1,59.7,49.2,45,51.8,71.6,90.4,102.8,108.9,101.4,93,78.3,72.3,74.4,66.5,60,41.5,16.1,,,,,,,,,,,,,,,,,,,,,,,,,,,,,,,,,,,,,,,,,,,,,,56.8,51.9,50.6,46.4,43.1,46,62.6,93.7,99.4,85.6,68.2,47.9,33.4,27.2,45.2,67.3,82.5,89.8,99.8,107.2,99.8,83.4,70.3,74.2,75.6,92,119.1,119.8,114.1,98.7,80.9,59,44,43.2,59.5,66.8,59.2,61.4,73.3,93.8,108.1,113.9,114.1,103.2,88.2,,,,,,,,,,,,,,,,,,,,,,,,,,,,,,,,,,,,,,,,,,,,,,TT,O,,2016,2,3,11/15/2003,19.66814159,18.25119149,17.63432881,21.33550489,,,,,,,24.8,29.3,47.1,49.2,51.9,56.4,60.2,60.3,62.7,72.7,62.8,38.2,22.2,22.9,22.6,19,32.9,43.2,43.9,42.8,62.5,64.1,59.7,49.2,45,51.8,71.6,90.4,102.8,108.9,101.4,93,78.3,72.3,74.4,66.5,60,41.5,16.1,,,,,,,,,,,,,,,,,,,,,,,,,,,,,,,,,,,,,,,,,,,,,,,,,,,,62.6,93.7,99.4,85.6,68.2,47.9,33.4,27.2,45.2,67.3,82.5,89.8,99.8,107.2,99.8,83.4,70.3,74.2,75.6,92,119.1,119.8,114.1,98.7,80.9,59,44,43.2,59.5,66.8,59.2,61.4,73.3,93.8,108.1,113.9,114.1,103.2,88.2,,,,,,,,,,,,,,,,,,,,,,,,,,,,,,,,,,,,,,,,,,,,,,2174.6,3125.4,55.75897436,80.13846154,115,55,7,7
39,5,A,W,2,67,1366,45,15,42,44,14,-56,1.5,2,0,0,90,1610,38,66,115.3,109.4,101.6,89.7,75.7,51.5,26,30.2,53.9,63.6,61.8,65.3,77.7,80.8,78.1,73,70.5,68.1,62.1,38.7,20.9,15.2,27.5,31.2,43.5,41.8,25.7,11.7,10,6.3,7.8,12.1,22.6,36,35.8,41,45.6,47.2,53.9,67.5,75.3,82.9,85.8,85.7,67.3,47,24.7,17.5,17,26.3,46.7,67.5,77.7,82.4,83.9,79.7,67.6,52,30.3,13.5,22.4,38.5,57.2,55.2,44.4,30.3,,,,,,,,,,,,,,,,,,,,,,,,,60.7,48.5,37.7,27.6,25.3,36.7,62.4,96.9,110.9,106,89.9,67.4,51.1,44,24.6,15.2,34.1,59,79.8,91.6,99.4,98.3,101,102.5,114.6,119.7,109.2,85.7,78.7,80.2,81.3,92.1,104.9,120.2,120.7,119.2,114,99.5,81.1,62.5,58.3,65.7,78.3,90.7,90.8,89.4,92.1,100.7,97.6,87.9,79.6,77,68.5,58.2,45.8,28.2,21.5,36.4,60.2,80.5,99.6,109,103,87.4,73.7,74.8,,,,,,,,,,,,,,,,,,,,,,,,,TT,O,,2016,3,3,11/15/2003,20.3880597,18.25119149,17.63432881,21.33550489,,,,,,,26,30.2,53.9,63.6,61.8,65.3,77.7,80.8,78.1,73,70.5,68.1,62.1,38.7,20.9,15.2,27.5,31.2,43.5,41.8,25.7,11.7,10,6.3,7.8,12.1,22.6,36,35.8,41,45.6,47.2,53.9,67.5,75.3,82.9,85.8,85.7,67.3,47,24.7,17.5,17,26.3,46.7,67.5,77.7,82.4,83.9,79.7,67.6,52,30.3,13.5,22.4,38.5,57.2,55.2,44.4,30.3,,,,,,,,,,,,,,,,,,,,,,,,,,,,,,,62.4,96.9,110.9,106,89.9,67.4,51.1,44,24.6,15.2,34.1,59,79.8,91.6,99.4,98.3,101,102.5,114.6,119.7,109.2,85.7,78.7,80.2,81.3,92.1,104.9,120.2,120.7,119.2,114,99.5,81.1,62.5,58.3,65.7,78.3,90.7,90.8,89.4,92.1,100.7,97.6,87.9,79.6,77,68.5,58.2,45.8,28.2,21.5,36.4,60.2,80.5,99.6,109,103,87.4,73.7,74.8,,,,,,,,,,,,,,,,,,,,,,,,,2831.9,4872.6,47.19833333,81.21,115,55,7,7
37,6,A,N,2,8.5,129,14,13,41,55,4,-39,1.5,0,0,0,90,1610,38,8,112.1,109.3,105.5,100.5,86.3,68.6,49.8,30.7,,,,,,,,,,,,,,,,,,,,,,,,,,,,,,,,,,,,,,,,,,,,,,,,,,,,,,,,,,,,,,,,,,,,,,,,,,,,,,,,,,,56.4,56.6,55.6,57.9,59.5,53.9,49.8,56,,,,,,,,,,,,,,,,,,,,,,,,,,,,,,,,,,,,,,,,,,,,,,,,,,,,,,,,,,,,,,,,,,,,,,,,,,,,,,,,,,,TT,O,,2016,4,3,11/16/2003,15.17647059,18.25119149,17.63432881,21.33550489,,,,,,,49.8,30.7,,,,,,,,,,,,,,,,,,,,,,,,,,,,,,,,,,,,,,,,,,,,,,,,,,,,,,,,,,,,,,,,,,,,,,,,,,,,,,,,,,,,,,,,,49.8,56,,,,,,,,,,,,,,,,,,,,,,,,,,,,,,,,,,,,,,,,,,,,,,,,,,,,,,,,,,,,,,,,,,,,,,,,,,,,,,,,,,,80.5,105.8,40.25,52.9,115,55,7,7
38,6,A,S,2,6.8,119,25,13,44,55,1,-104,1.5,2,0,0,90,1610,38,6,54.7,54,61.1,57.4,44,33.2,,,,,,,,,,,,,,,,,,,,,,,,,,,,,,,,,,,,,,,,,,,,,,,,,,,,,,,,,,,,,,,,,,,,,,,,,,,,,,,,,,,,,103.8,102.5,97.6,80.1,67.3,68.8,,,,,,,,,,,,,,,,,,,,,,,,,,,,,,,,,,,,,,,,,,,,,,,,,,,,,,,,,,,,,,,,,,,,,,,,,,,,,,,,,,,,,TT,O,,2016,5,3,11/16/2003,17.5,18.25119149,17.63432881,21.33550489,,,61.1,57.4,44,33.2,,,,,,,,,,,,,,,,,,,,,,,,,,,,,,,,,,,,,,,,,,,,,,,,,,,,,,,,,,,,,,,,,,,,,,,,,,,,,,,,,,,,,,,97.6,80.1,67.3,68.8,,,,,,,,,,,,,,,,,,,,,,,,,,,,,,,,,,,,,,,,,,,,,,,,,,,,,,,,,,,,,,,,,,,,,,,,,,,,,,,,,,,,,195.7,313.8,48.925,78.45,55,115,3,3
39,6,A,E,2,30.7,655,48,6,46,48,6,77,1.5,3,0,0,90,1610,38,30,66,63.1,62.2,66.2,68.8,67,53.5,35.2,14.9,22.5,25,30.6,47,63.6,66.4,61.5,44.5,20.2,10.3,37.4,53.5,48.1,37.7,24.6,12,23.1,35.8,40.3,33,22.4,,,,,,,,,,,,,,,,,,,,,,,,,,,,,,,,,,,,,,,,,,,,,,,,,,,,,,,,,,,,,115.7,101.1,83.2,64.1,53.3,32.6,33,56.7,81,105.8,102.3,90.1,81.5,83.8,84,88,83.9,81.9,84.7,91.4,82.1,70.3,61.8,65,80.4,96.8,103.6,107.9,111,106.4,,,,,,,,,,,,,,,,,,,,,,,,,,,,,,,,,,,,,,,,,,,,,,,,,,,,,,,,,,,,,FS,O,,2016,6,3,11/16/2003,21.33550489,18.25119149,17.63432881,21.33550489,,,62.2,66.2,68.8,67,53.5,35.2,14.9,22.5,25,30.6,47,63.6,66.4,61.5,44.5,20.2,10.3,37.4,53.5,48.1,37.7,24.6,12,23.1,35.8,40.3,33,22.4,,,,,,,,,,,,,,,,,,,,,,,,,,,,,,,,,,,,,,,,,,,,,,,,,,,,,,,,,,,,,,,83.2,64.1,53.3,32.6,33,56.7,81,105.8,102.3,90.1,81.5,83.8,84,88,83.9,81.9,84.7,91.4,82.1,70.3,61.8,65,80.4,96.8,103.6,107.9,111,106.4,,,,,,,,,,,,,,,,,,,,,,,,,,,,,,,,,,,,,,,,,,,,,,,,,,,,,,,,,,,,,1127.3,2266.6,40.26071429,80.95,55,115,3,3
40,5,A,S,2,13.5,288,47,17,61,20,19,45,1.5,1,0,0,90,1610,39,13,54.7,43.7,31.3,22.4,25.1,37.6,52.5,63.4,69.3,71.5,64.2,52.3,33.3,,,,,,,,,,,,,,,,,,,,,,,,,,,,,,,,,,,,,,,,,,,,,,,,,,,,,,,,,,,,,,,,,,,,,,,,,,,,,,111.8,115.3,114.2,107.1,96.9,81.6,62.2,46.4,36.7,18.7,23.1,43.5,64.6,,,,,,,,,,,,,,,,,,,,,,,,,,,,,,,,,,,,,,,,,,,,,,,,,,,,,,,,,,,,,,,,,,,,,,,,,,,,,,TT,O,,2016,1,3,11/15/2003,21.33333333,19.26638798,19.97587473,15.71895425,,,31.3,22.4,25.1,37.6,52.5,63.4,69.3,71.5,64.2,52.3,33.3,,,,,,,,,,,,,,,,,,,,,,,,,,,,,,,,,,,,,,,,,,,,,,,,,,,,,,,,,,,,,,,,,,,,,,,,,,,,,,,,114.2,107.1,96.9,81.6,62.2,46.4,36.7,18.7,23.1,43.5,64.6,,,,,,,,,,,,,,,,,,,,,,,,,,,,,,,,,,,,,,,,,,,,,,,,,,,,,,,,,,,,,,,,,,,,,,,,,,,,,,522.9,695,47.53636364,63.18181818,55,115,3,3
41,5,A,N,2,8,178,12,66,46,53,1,81,1.5,2,0,0,90,1610,39,7,114.4,113.1,111.7,105.5,93.9,73.9,47.2,,,,,,,,,,,,,,,,,,,,,,,,,,,,,,,,,,,,,,,,,,,,,,,,,,,,,,,,,,,,,,,,,,,,,,,,,,,,,,,,,,,,46,37.6,27.8,22.5,26.9,34.8,51.8,,,,,,,,,,,,,,,,,,,,,,,,,,,,,,,,,,,,,,,,,,,,,,,,,,,,,,,,,,,,,,,,,,,,,,,,,,,,,,,,,,,,TT,O,,2016,2,3,11/15/2003,22.25,19.26638798,19.97587473,15.71895425,,,,,,73.9,47.2,,,,,,,,,,,,,,,,,,,,,,,,,,,,,,,,,,,,,,,,,,,,,,,,,,,,,,,,,,,,,,,,,,,,,,,,,,,,,,,,,,,,,,,,,34.8,51.8,,,,,,,,,,,,,,,,,,,,,,,,,,,,,,,,,,,,,,,,,,,,,,,,,,,,,,,,,,,,,,,,,,,,,,,,,,,,,,,,,,,,121.1,86.6,60.55,43.3,115,55,6,6
42,5,A,W,2,44.9,844,16,29,37,37,26,54,1.5,1,2,0,90,1610,39,44,111.1,106.6,95,66.2,38.9,14.5,20.7,47.2,65.7,77,85.8,93.1,98.2,99.2,95.5,91.3,87.8,85.2,90.6,90,87.9,85.4,79.9,69.2,52.5,29.8,17.9,31.9,46.9,59.1,70.8,79.2,89.3,92.6,93.8,96.7,100,102.9,103.5,104.3,98.9,87.4,68.2,44.1,,,,,,,,,,,,,,,,,,,,,,,,,,,,,,,,,,,,,,,,,,,,,,,69.3,73.8,78.1,74.9,72.9,75.6,85.1,100.1,102.7,98.8,91.7,85.3,81.7,81.6,74.6,73,58.2,47.1,30.5,27.3,25.2,7.8,16.4,39.7,58.8,79.3,100.6,113.1,114.6,109.8,102.6,91.6,81.1,74.1,60.3,47.6,42.1,37.2,37.7,29.3,15.9,7.1,20.9,44.2,,,,,,,,,,,,,,,,,,,,,,,,,,,,,,,,,,,,,,,,,,,,,,,TT,O,,2016,3,3,11/15/2003,18.79732739,19.26638798,19.97587473,15.71895425,,,,,,14.5,20.7,47.2,65.7,77,85.8,93.1,98.2,99.2,95.5,91.3,87.8,85.2,90.6,90,87.9,85.4,79.9,69.2,52.5,29.8,17.9,31.9,46.9,59.1,70.8,79.2,89.3,92.6,93.8,96.7,100,102.9,103.5,104.3,98.9,87.4,68.2,44.1,,,,,,,,,,,,,,,,,,,,,,,,,,,,,,,,,,,,,,,,,,,,,,,,,,,,75.6,85.1,100.1,102.7,98.8,91.7,85.3,81.7,81.6,74.6,73,58.2,47.1,30.5,27.3,25.2,7.8,16.4,39.7,58.8,79.3,100.6,113.1,114.6,109.8,102.6,91.6,81.1,74.1,60.3,47.6,42.1,37.2,37.7,29.3,15.9,7.1,20.9,44.2,,,,,,,,,,,,,,,,,,,,,,,,,,,,,,,,,,,,,,,,,,,,,,,2934,2470.3,75.23076923,63.34102564,115,55,6,6
40,6,A,N,2,60.5,1019,18,25,60,26,14,68,1.5,1,3,0,90,1610,39,60,113.7,110.6,105.9,95.4,78.9,56.4,32.4,31.5,44.1,50.3,56.6,61.9,62.7,60.7,58.5,58.2,56.9,46.1,40,52.9,65.7,78.4,90.5,93.5,92.4,93.4,93,91.9,87.6,79.7,66.9,48.8,33.9,31.1,32.6,38.2,38.1,36.1,34.5,37.7,45.4,57.5,67.4,72.4,74.9,75.9,76.3,79.5,85.6,86.4,89.1,84.9,77.9,74.4,71.7,70.1,70.7,70.9,52.9,21.1,,,,,,,,,,,,,,,,,,,,,,,,,,,,,,,50,43.6,29.6,12.7,7.3,29.4,56.3,75.5,72.6,67.1,60,57.2,65.1,60.6,57.6,53.8,46.7,49.6,74.6,94.3,96.9,96.9,94.7,88.6,79.8,63.9,55.3,34.9,11.9,12.9,35.7,55.9,78.7,94,110.8,121.3,121.2,121.5,117,110.8,99.8,92.2,85.1,78.1,72,58.1,51.2,33.4,22.8,21.1,12.4,5.2,18,28.5,36.1,44.3,51.2,62.7,73.3,84.4,,,,,,,,,,,,,,,,,,,,,,,,,,,,,,,TT,O,,2016,4,3,11/16/2003,16.84297521,19.26638798,19.97587473,15.71895425,,,,,,56.4,32.4,31.5,44.1,50.3,56.6,61.9,62.7,60.7,58.5,58.2,56.9,46.1,40,52.9,65.7,78.4,90.5,93.5,92.4,93.4,93,91.9,87.6,79.7,66.9,48.8,33.9,31.1,32.6,38.2,38.1,36.1,34.5,37.7,45.4,57.5,67.4,72.4,74.9,75.9,76.3,79.5,85.6,86.4,89.1,84.9,77.9,74.4,71.7,70.1,70.7,70.9,52.9,21.1,,,,,,,,,,,,,,,,,,,,,,,,,,,,,,,,,,,,29.4,56.3,75.5,72.6,67.1,60,57.2,65.1,60.6,57.6,53.8,46.7,49.6,74.6,94.3,96.9,96.9,94.7,88.6,79.8,63.9,55.3,34.9,11.9,12.9,35.7,55.9,78.7,94,110.8,121.3,121.2,121.5,117,110.8,99.8,92.2,85.1,78.1,72,58.1,51.2,33.4,22.8,21.1,12.4,5.2,18,28.5,36.1,44.3,51.2,62.7,73.3,84.4,,,,,,,,,,,,,,,,,,,,,,,,,,,,,,,3438.2,3553,62.51272727,64.6,115,55,6,6
41,6,A,S,2,12.2,252,57,11,63,14,23,61,1.5,1,0,0,90,1610,39,12,53.9,43.6,32.9,21.9,14.2,26.1,40.6,49.7,56.5,55.9,42.3,16.9,,,,,,,,,,,,,,,,,,,,,,,,,,,,,,,,,,,,,,,,,,,,,,,,,,,,,,,,,,,,,,,,,,,,,,,,,,,,,,,112.8,117.2,115.6,107,91.2,71.8,51.6,39.8,30.1,40.8,61,80.3,,,,,,,,,,,,,,,,,,,,,,,,,,,,,,,,,,,,,,,,,,,,,,,,,,,,,,,,,,,,,,,,,,,,,,,,,,,,,,,TT,O,,2016,5,3,11/16/2003,20.65573771,19.26638798,19.97587473,15.71895425,,,32.9,21.9,14.2,26.1,40.6,49.7,56.5,55.9,42.3,16.9,,,,,,,,,,,,,,,,,,,,,,,,,,,,,,,,,,,,,,,,,,,,,,,,,,,,,,,,,,,,,,,,,,,,,,,,,,,,,,,,,115.6,107,91.2,71.8,51.6,39.8,30.1,40.8,61,80.3,,,,,,,,,,,,,,,,,,,,,,,,,,,,,,,,,,,,,,,,,,,,,,,,,,,,,,,,,,,,,,,,,,,,,,,,,,,,,,,357,689.2,35.7,68.92,55,115,3,3
42,6,A,E,2,30.6,481,34,2,45,45,10,91,1.5,2,0,0,90,1610,39,30,70.6,70.7,73.6,73.3,69.8,58.9,43.9,33.7,33.4,17.1,5.8,22.1,38,46.6,54.5,59.9,64.5,67.6,69.8,72.8,72,71.1,69.9,69.3,61.1,46.7,27.4,7,16,32.9,,,,,,,,,,,,,,,,,,,,,,,,,,,,,,,,,,,,,,,,,,,,,,,,,,,,,,,,,,,,,116.7,102.3,89.8,77.9,66,50.1,45.1,55.9,66.2,81.1,88.5,95.9,95.4,86.6,81,77.7,75.4,72.8,69.3,67.1,68.9,64.8,56.5,47.9,36.4,40.4,58.3,80.9,101.6,118.5,,,,,,,,,,,,,,,,,,,,,,,,,,,,,,,,,,,,,,,,,,,,,,,,,,,,,,,,,,,,,FS,O,,2016,6,3,11/16/2003,15.71895425,19.26638798,19.97587473,15.71895425,,,73.6,73.3,69.8,58.9,43.9,33.7,33.4,17.1,5.8,22.1,38,46.6,54.5,59.9,64.5,67.6,69.8,72.8,72,71.1,69.9,69.3,61.1,46.7,27.4,7,16,32.9,,,,,,,,,,,,,,,,,,,,,,,,,,,,,,,,,,,,,,,,,,,,,,,,,,,,,,,,,,,,,,,89.8,77.9,66,50.1,45.1,55.9,66.2,81.1,88.5,95.9,95.4,86.6,81,77.7,75.4,72.8,69.3,67.1,68.9,64.8,56.5,47.9,36.4,40.4,58.3,80.9,101.6,118.5,,,,,,,,,,,,,,,,,,,,,,,,,,,,,,,,,,,,,,,,,,,,,,,,,,,,,,,,,,,,,1378.7,2016,49.23928571,72,55,115,3,3
43,5,A,S,2,90.1,1936,22,25,6,41,53,-106,1.5,0,0,0,90,1610,40,90,56.5,64.8,72.9,80.7,87.1,91.7,100.2,111.4,113.7,107.3,100.3,92,83.9,73.4,63.2,47.6,35.2,34,40.7,49.1,61.2,77.5,92.9,105.2,112.8,117.6,120.6,120.2,116.2,110.2,104,97.1,90.7,83.8,72.9,64.3,56.3,48.2,36.8,31.9,34.7,43.5,56.5,69.7,83.4,93.1,100.6,107.1,115,120.4,120.6,122.2,118.8,113.9,109.9,104.8,97.2,84.8,78.7,78.9,74.2,73.3,69.4,58.2,43.3,29.3,27.6,38.1,40.3,43.4,60.6,77.9,92.6,102.1,108.9,113.3,114,114.6,112.8,105.9,92.6,84.8,90.5,91.3,90.2,86,76.4,69.3,67.8,74.2,108.7,103.8,92.4,72.6,48.5,21.6,17.1,38.8,53.8,62.3,66.9,81.6,95.4,106.7,114.6,115.9,117.3,119.2,122.4,116.5,105.2,94.2,84.4,73.9,61.9,49.5,39.9,35.1,37,46.3,59.6,68.6,83.6,95.5,104.4,113,118.5,122.3,119.6,117.1,115.9,119.1,111.2,103.1,95.8,92.2,82.4,70.8,61.3,52.3,41.9,37.7,34.4,36.8,44.3,50.4,53.5,66,85,101,100.5,108.3,112.8,113.2,112.5,111.1,112.4,121.4,122.5,120.4,112.6,100.8,89.6,74.9,59.1,43.6,31,32.2,42.5,49,56.8,78.5,90.4,84.5,79.9,69,51.8,33.2,19.6,28.6,TT,O,,2016,1,3,11/15/2003,21.4872364,17.69628047,17.78455618,17.25490196,,,72.9,80.7,87.1,91.7,100.2,111.4,113.7,107.3,100.3,92,83.9,73.4,63.2,47.6,35.2,34,40.7,49.1,61.2,77.5,92.9,105.2,112.8,117.6,120.6,120.2,116.2,110.2,104,97.1,90.7,83.8,72.9,64.3,56.3,48.2,36.8,31.9,34.7,43.5,56.5,69.7,83.4,93.1,100.6,107.1,115,120.4,120.6,122.2,118.8,113.9,109.9,104.8,97.2,84.8,78.7,78.9,74.2,73.3,69.4,58.2,43.3,29.3,27.6,38.1,40.3,43.4,60.6,77.9,92.6,102.1,108.9,113.3,114,114.6,112.8,105.9,92.6,84.8,90.5,91.3,90.2,86,76.4,69.3,67.8,74.2,,,92.4,72.6,48.5,21.6,17.1,38.8,53.8,62.3,66.9,81.6,95.4,106.7,114.6,115.9,117.3,119.2,122.4,116.5,105.2,94.2,84.4,73.9,61.9,49.5,39.9,35.1,37,46.3,59.6,68.6,83.6,95.5,104.4,113,118.5,122.3,119.6,117.1,115.9,119.1,111.2,103.1,95.8,92.2,82.4,70.8,61.3,52.3,41.9,37.7,34.4,36.8,44.3,50.4,53.5,66,85,101,100.5,108.3,112.8,113.2,112.5,111.1,112.4,121.4,122.5,120.4,112.6,100.8,89.6,74.9,59.1,43.6,31,32.2,42.5,49,56.8,78.5,90.4,84.5,79.9,69,51.8,33.2,19.6,28.6,7281.5,6911,82.74431818,78.53409091,55,115,3,3
44,5,A,N,2,20.3,395,36,9,16,65,19,-27,1.5,1,0,0,90,1610,40,20,113,110.1,103.9,93.3,74.6,55.6,39.5,36.9,37.4,35.4,37.7,49.3,63.2,69.6,78.1,84.2,66,47.6,26.5,9.7,,,,,,,,,,,,,,,,,,,,,,,,,,,,,,,,,,,,,,,,,,,,,,,,,,,,,,,,,,,,,,,,,,,,,,,57.6,54.7,53.8,57,63.6,75,92,113.5,120.9,119.3,104.3,91.9,83.3,82.8,81,89.7,90.5,89.7,89.3,84.2,,,,,,,,,,,,,,,,,,,,,,,,,,,,,,,,,,,,,,,,,,,,,,,,,,,,,,,,,,,,,,,,,,,,,,,TT,O,,2016,2,3,11/15/2003,19.45812808,17.69628047,17.78455618,17.25490196,,,,,,55.6,39.5,36.9,37.4,35.4,37.7,49.3,63.2,69.6,78.1,84.2,66,47.6,26.5,9.7,,,,,,,,,,,,,,,,,,,,,,,,,,,,,,,,,,,,,,,,,,,,,,,,,,,,,,,,,,,,,,,,,,,,,,,,,,,,75,92,113.5,120.9,119.3,104.3,91.9,83.3,82.8,81,89.7,90.5,89.7,89.3,84.2,,,,,,,,,,,,,,,,,,,,,,,,,,,,,,,,,,,,,,,,,,,,,,,,,,,,,,,,,,,,,,,,,,,,,,,736.7,1407.4,49.11333333,93.82666667,115,55,6,6
45,5,A,W,2,11.5,183,35,34,35,47,18,-74,1.5,2,0,0,90,1610,40,11,114.7,117.5,111.5,106.3,98.4,82.8,60.7,30.5,15.1,11.5,10.5,,,,,,,,,,,,,,,,,,,,,,,,,,,,,,,,,,,,,,,,,,,,,,,,,,,,,,,,,,,,,,,,,,,,,,,,,,,,,,,,60,58.2,45.4,37.9,32.6,32.3,45.5,69.9,88.2,96.7,95.6,,,,,,,,,,,,,,,,,,,,,,,,,,,,,,,,,,,,,,,,,,,,,,,,,,,,,,,,,,,,,,,,,,,,,,,,,,,,,,,,TT,O,,2016,3,3,11/15/2003,15.91304348,17.69628047,17.78455618,17.25490196,,,,,,82.8,60.7,30.5,15.1,11.5,10.5,,,,,,,,,,,,,,,,,,,,,,,,,,,,,,,,,,,,,,,,,,,,,,,,,,,,,,,,,,,,,,,,,,,,,,,,,,,,,,,,,,,,,32.3,45.5,69.9,88.2,96.7,95.6,,,,,,,,,,,,,,,,,,,,,,,,,,,,,,,,,,,,,,,,,,,,,,,,,,,,,,,,,,,,,,,,,,,,,,,,,,,,,,,,211.1,428.2,35.18333333,71.36666667,115,55,6,6
43,6,A,N,2,90.1,1359,11,49,21,59,20,76,1.5,0,0,0,90,1610,40,90,112.8,112,112.2,111.4,110,110.1,110.2,109.8,109.6,109.7,109.3,108.8,109,108.3,106.9,105,107.7,105.2,103.1,106.3,112.1,112.5,110.3,107.5,102.3,96.8,84.7,69.6,50.9,38.9,28.7,23,26.1,41.8,53,63.1,66.3,72.7,87.1,101.9,116.4,122.3,120.9,118.6,115.1,112,103.5,93.4,87.2,85.7,80.6,61.3,53.2,42.8,39.1,28.5,16.8,13,23.7,42,59.3,74.3,78.8,81.5,88.5,101.1,111.2,114.1,116.7,116.6,109.3,104.3,101.8,94.2,79.9,62.3,44.4,38,49.8,65.2,84,87,91.2,98.3,107.4,112.4,114.3,116,116.6,109.5,55.4,51.6,48.2,44.4,41.3,39.6,38.2,37.1,36.1,36.1,35.3,34.8,34.2,34.2,34.6,35.1,35.6,35.4,30.4,23.1,29.2,39.9,55.4,73.2,81.4,86.7,94.1,103.6,111.9,116.4,113.2,105.9,95,88.6,74.7,64.4,56.7,35.7,19.3,20.4,31.2,36.7,35.3,33,30.1,29.2,27,32.9,47.4,63.2,73.2,76,77.5,73.8,67.1,66.6,70.2,78.3,89.8,101.8,110.3,114.7,107.4,94.2,80.5,69.4,62.1,55.2,49.4,46,43.8,34.4,27.3,16.7,13.4,24,43.4,64.4,83.5,99.7,97.8,86.9,74.9,63.5,61.3,62.3,62.7,64.4,54.7,33.3,TT,O,,2016,4,3,11/16/2003,15.08324084,17.69628047,17.78455618,17.25490196,,,,,,110.1,110.2,109.8,109.6,109.7,109.3,108.8,109,108.3,106.9,105,107.7,105.2,103.1,106.3,112.1,112.5,110.3,107.5,102.3,96.8,84.7,69.6,50.9,38.9,28.7,23,26.1,41.8,53,63.1,66.3,72.7,87.1,101.9,116.4,122.3,120.9,118.6,115.1,112,103.5,93.4,87.2,85.7,80.6,61.3,53.2,42.8,39.1,28.5,16.8,13,23.7,42,59.3,74.3,78.8,81.5,88.5,101.1,111.2,114.1,116.7,116.6,109.3,104.3,101.8,94.2,79.9,62.3,44.4,38,49.8,65.2,84,87,91.2,98.3,107.4,112.4,114.3,116,116.6,109.5,,,,,,39.6,38.2,37.1,36.1,36.1,35.3,34.8,34.2,34.2,34.6,35.1,35.6,35.4,30.4,23.1,29.2,39.9,55.4,73.2,81.4,86.7,94.1,103.6,111.9,116.4,113.2,105.9,95,88.6,74.7,64.4,56.7,35.7,19.3,20.4,31.2,36.7,35.3,33,30.1,29.2,27,32.9,47.4,63.2,73.2,76,77.5,73.8,67.1,66.6,70.2,78.3,89.8,101.8,110.3,114.7,107.4,94.2,80.5,69.4,62.1,55.2,49.4,46,43.8,34.4,27.3,16.7,13.4,24,43.4,64.4,83.5,99.7,97.8,86.9,74.9,63.5,61.3,62.3,62.7,64.4,54.7,33.3,7272.4,5027.4,85.55764706,59.14588235,115,55,6,6
44,6,A,S,2,90.1,1530,38,22,54,29,17,40,1.5,1,6,0,90,1610,40,90,58.4,54.2,40.6,27.6,23.9,35.7,51.9,58.8,60.4,58.9,64.7,71.7,74.6,74,75.1,81.2,82.4,78.6,74.2,60.7,41.8,24.6,22.7,33.8,31,28,27.2,21.6,17.6,16.5,17.3,29.8,54.3,69.9,78.7,75.7,69.4,62,62,70.1,85.9,103,107.8,102.6,95.8,85.8,74.2,54.6,37.2,28.8,21.1,32.9,47.1,56.5,56.5,49,40.7,34.1,37.8,54.4,70.2,83,88,91.5,91.8,80.6,72.9,70.4,67.5,53.1,28.6,31.2,40.7,51.1,61.8,70.7,74.9,76.3,79,69.8,51.4,28.8,9.7,13.1,25.8,39.5,40.7,46.7,58,63.2,111.3,110.8,111.2,107.7,108.3,111.5,112.8,104.5,93.5,78,58,47,41.8,27.3,12.4,13.4,30.4,46.4,58.9,67.6,73.7,87.6,105.6,119,115.3,109.9,103.9,94.8,82.7,74.9,71.6,78.7,86.9,86.1,75.9,61.9,45.1,31.4,25.2,34.3,49,65.8,72.3,69.1,71.3,78.8,81,84.8,94.5,104,105.8,113.3,112.3,107.7,96.8,85.3,71.1,58.1,48.9,35.1,20.5,9.2,6.5,7.4,11,16.6,26,37.7,44.4,52.2,60.3,54.9,48.7,38.4,28.3,20.3,15.6,14.1,7.4,17,34.7,56.9,80.4,94.1,110.4,125,124.5,120.3,114.7,110.6,TT,O,,2016,5,3,11/16/2003,16.98113208,17.69628047,17.78455618,17.25490196,,,40.6,27.6,23.9,35.7,51.9,58.8,60.4,58.9,64.7,71.7,74.6,74,75.1,81.2,82.4,78.6,74.2,60.7,41.8,24.6,22.7,33.8,31,28,27.2,21.6,17.6,16.5,17.3,29.8,54.3,69.9,78.7,75.7,69.4,62,62,70.1,85.9,103,107.8,102.6,95.8,85.8,74.2,54.6,37.2,28.8,21.1,32.9,47.1,56.5,56.5,49,40.7,34.1,37.8,54.4,70.2,83,88,91.5,91.8,80.6,72.9,70.4,67.5,53.1,28.6,31.2,40.7,51.1,61.8,70.7,74.9,76.3,79,69.8,51.4,28.8,9.7,13.1,25.8,39.5,40.7,46.7,58,63.2,,,111.2,107.7,108.3,111.5,112.8,104.5,93.5,78,58,47,41.8,27.3,12.4,13.4,30.4,46.4,58.9,67.6,73.7,87.6,105.6,119,115.3,109.9,103.9,94.8,82.7,74.9,71.6,78.7,86.9,86.1,75.9,61.9,45.1,31.4,25.2,34.3,49,65.8,72.3,69.1,71.3,78.8,81,84.8,94.5,104,105.8,113.3,112.3,107.7,96.8,85.3,71.1,58.1,48.9,35.1,20.5,9.2,6.5,7.4,11,16.6,26,37.7,44.4,52.2,60.3,54.9,48.7,38.4,28.3,20.3,15.6,14.1,7.4,17,34.7,56.9,80.4,94.1,110.4,125,124.5,120.3,114.7,110.6,4884.8,5908.3,55.50909091,67.13977273,55,115,3,3
45,6,A,E,2,30.6,528,24,16,12,69,19,110,1.5,0,0,0,90,1610,40,30,61.4,67.6,68,65.4,65.3,66.9,76.2,89.4,97,105.6,108.4,105.1,98.4,88.8,75,63,47.8,36,28.7,24.7,25.2,30.1,37.6,46.6,59.6,71.7,80.8,86,90.1,91.7,,,,,,,,,,,,,,,,,,,,,,,,,,,,,,,,,,,,,,,,,,,,,,,,,,,,,,,,,,,,,115.9,114.5,106.8,95,81,60.1,37.7,18.1,14.5,24.3,40.6,52.6,61.3,71.4,84,94.2,104.1,109.7,111.2,110,107.2,105.1,105.1,105,104.5,100.5,94.5,87.3,83.1,78.8,,,,,,,,,,,,,,,,,,,,,,,,,,,,,,,,,,,,,,,,,,,,,,,,,,,,,,,,,,,,,FS,O,,2016,6,3,11/16/2003,17.25490196,17.69628047,17.78455618,17.25490196,,,68,65.4,65.3,66.9,76.2,89.4,97,105.6,108.4,105.1,98.4,88.8,75,63,47.8,36,28.7,24.7,25.2,30.1,37.6,46.6,59.6,71.7,80.8,86,90.1,91.7,,,,,,,,,,,,,,,,,,,,,,,,,,,,,,,,,,,,,,,,,,,,,,,,,,,,,,,,,,,,,,,106.8,95,81,60.1,37.7,18.1,14.5,24.3,40.6,52.6,61.3,71.4,84,94.2,104.1,109.7,111.2,110,107.2,105.1,105.1,105,104.5,100.5,94.5,87.3,83.1,78.8,,,,,,,,,,,,,,,,,,,,,,,,,,,,,,,,,,,,,,,,,,,,,,,,,,,,,,,,,,,,,1929.1,2247.7,68.89642857,80.275,55,115,3,3
1,5,B,S,2,90.1,775,6,35,4,85,11,48,1.5,0,0,0,90,1610,41,90,56.7,46,32.6,25.9,34.5,53.4,68.4,75.8,78.4,82.5,83.5,82.6,80.8,74.2,80.8,92.3,105.5,115.7,118.5,118.3,117.6,116.6,115.5,113.8,112,111.6,111.3,110.4,109.4,108.6,107.8,107.2,106.3,106,107.1,102.8,98.6,107.9,115.1,116.7,112.1,109.6,107.3,107.1,102.2,98.5,106,112.3,111.4,111,111.4,110.6,107.5,106,106.1,105.7,105,104.3,103.3,102.3,101.6,101,99.8,99,98,97.3,96.4,95.2,94.4,93.2,92.3,91.2,89.9,88,86.9,86.2,84.6,83.9,82.3,81.1,79.5,78.4,77.4,76.8,77.2,75.1,79.1,86.6,93.7,94.5,110,113.5,113.9,110.5,109.3,111.4,108.2,99.3,88.5,79.7,71.9,71.2,63,54.1,31.2,30,29.5,35,36.3,35.2,34.1,32.9,31.9,30.1,28.4,29,29.1,28.7,28.1,27.9,28.1,28.5,28.7,29.8,29.2,24.7,33.7,38.9,44.1,45.9,44.7,46,41.8,40.9,35.9,48,53.8,59.8,58.8,57.3,60.1,60.2,59,60.3,61.3,61.6,62.2,62.8,63.5,63.4,64.4,65.4,65.6,66.4,66.8,68.2,68.8,69.2,69.9,70.8,71.9,72.5,73,73.2,74.3,75.2,75.9,77.1,77.3,78.4,78.8,80,81.7,83.6,82.2,75.8,75.1,84.3,93,93.4,TT,O,,2016,1,3,11/15/2003,8.601553829,11.52350929,11.7891232,10.19543974,,,,,34.5,53.4,68.4,75.8,78.4,82.5,83.5,82.6,80.8,74.2,80.8,92.3,105.5,115.7,118.5,118.3,117.6,116.6,115.5,113.8,112,111.6,111.3,110.4,109.4,108.6,107.8,107.2,106.3,106,107.1,102.8,98.6,107.9,115.1,116.7,112.1,109.6,107.3,107.1,102.2,98.5,106,112.3,111.4,111,111.4,110.6,107.5,106,106.1,105.7,105,104.3,103.3,102.3,101.6,101,99.8,99,98,97.3,96.4,95.2,94.4,93.2,92.3,91.2,89.9,88,86.9,86.2,84.6,83.9,82.3,81.1,79.5,78.4,77.4,76.8,77.2,75.1,79.1,86.6,93.7,94.5,,,,,109.3,111.4,108.2,99.3,88.5,79.7,71.9,71.2,63,54.1,31.2,30,29.5,35,36.3,35.2,34.1,32.9,31.9,30.1,28.4,29,29.1,28.7,28.1,27.9,28.1,28.5,28.7,29.8,29.2,24.7,33.7,38.9,44.1,45.9,44.7,46,41.8,40.9,35.9,48,53.8,59.8,58.8,57.3,60.1,60.2,59,60.3,61.3,61.6,62.2,62.8,63.5,63.4,64.4,65.4,65.6,66.4,66.8,68.2,68.8,69.2,69.9,70.8,71.9,72.5,73,73.2,74.3,75.2,75.9,77.1,77.3,78.4,78.8,80,81.7,83.6,82.2,75.8,75.1,84.3,93,93.4,8347.8,5039.2,97.06744186,58.59534884,55,115,5,5
2,5,B,N,2,90.1,1281,7,55,25,65,10,83,1.5,0,2,0,90,1610,41,90,112.8,114.5,111.2,111.2,109.7,108.3,100.5,107.8,117,118,115.8,114.1,120.6,120.2,117.2,114.8,112.6,105.5,94,96.3,105.4,105.1,103.5,106.6,106.7,102.2,99.3,88.4,87.2,93.9,95.8,95.4,91.9,85,82.5,83.7,88.7,90,84.1,77.7,81.8,88.7,83.3,69.6,57,41,25.3,17.1,21.5,31.7,29.5,30.3,40.1,53.9,70.9,87.6,96.3,100.2,99.1,95.9,94.8,99.4,99.6,94.6,83,91.6,100.7,101.1,107,109.8,111.4,115.6,111.4,97.4,97.6,102,110,118.8,120.1,119.3,115,116.9,111.8,94.8,89.7,84.9,73.6,66.2,65.6,76.3,56.2,52.4,45,38.4,35.9,28.8,28.6,37.2,44.2,43.4,39.7,37.1,39.8,39.2,38.8,39.1,36.9,33.6,41.3,59.5,70.9,71.5,74.3,72.2,67.2,61.9,55.9,50.1,67.2,70.1,66.3,68.4,59.4,46.5,24.5,14,6.3,21,37.8,53.3,77,91.2,93.3,91.2,88.5,90.4,95.8,101.5,103.2,104,93.7,84.2,73.2,62.1,52.9,48.4,44.9,44.8,33.7,21.1,11,17.9,30.1,38.9,26.7,20.8,25.3,23.4,32.1,41.2,43.8,54.1,60.8,50.1,39.8,33.8,34.7,42.5,43.5,43.1,37.7,43.9,42.1,22.1,9.5,4.3,21.5,42.1,61.4,77.7,TT,O,,2016,2,3,11/15/2003,14.21753607,11.52350929,11.7891232,10.19543974,,,,,,,,,,118,115.8,114.1,120.6,120.2,117.2,114.8,112.6,105.5,94,96.3,105.4,105.1,103.5,106.6,106.7,102.2,99.3,88.4,87.2,93.9,95.8,95.4,91.9,85,82.5,83.7,88.7,90,84.1,77.7,81.8,88.7,83.3,69.6,57,41,25.3,17.1,21.5,31.7,29.5,30.3,40.1,53.9,70.9,87.6,96.3,100.2,99.1,95.9,94.8,99.4,99.6,94.6,83,91.6,100.7,101.1,107,109.8,111.4,115.6,111.4,97.4,97.6,102,110,118.8,120.1,119.3,115,116.9,111.8,94.8,89.7,84.9,73.6,66.2,65.6,76.3,,,,,,,,,,43.4,39.7,37.1,39.8,39.2,38.8,39.1,36.9,33.6,41.3,59.5,70.9,71.5,74.3,72.2,67.2,61.9,55.9,50.1,67.2,70.1,66.3,68.4,59.4,46.5,24.5,14,6.3,21,37.8,53.3,77,91.2,93.3,91.2,88.5,90.4,95.8,101.5,103.2,104,93.7,84.2,73.2,62.1,52.9,48.4,44.9,44.8,33.7,21.1,11,17.9,30.1,38.9,26.7,20.8,25.3,23.4,32.1,41.2,43.8,54.1,60.8,50.1,39.8,33.8,34.7,42.5,43.5,43.1,37.7,43.9,42.1,22.1,9.5,4.3,21.5,42.1,61.4,77.7,7303,4078.2,90.16049383,50.34814815,115,55,10,10
3,5,B,W,2,90.1,1159,8,56,28,60,12,-12,1.5,0,2,0,90,1610,41,90,110.4,104.5,95.1,101.7,109.4,117.1,112.8,107.8,100.5,92.7,99.4,103.1,107.7,117.2,115.8,116.3,112.3,110.2,106.7,98.2,98.3,105.4,99.3,101.9,109,110.8,111.8,110.7,99.3,97.8,106.1,108.6,109.1,110,107.7,105.7,103.7,98.8,92.9,82.3,76.5,76.7,80.3,88.6,92,88.4,82.5,71.6,59.2,51,44.4,49.1,46,37,28.3,19.4,24.6,38.1,54.8,72.9,88.1,102.4,112.5,109.3,105.4,100.8,91.7,84.4,72.4,71.8,79.4,86.4,91.1,93.1,94.4,95.5,92.7,91.8,95,102.3,114.6,122.3,115.8,109.6,104.4,92.9,84.2,70.6,56.7,53.6,61.2,58.5,45.2,43.3,47.9,54.8,54.4,51.1,47.7,36.7,36,40.8,47.7,57.4,58.6,52.8,43.7,41.9,39,37,39.3,40.5,29.8,24.6,27.5,28.8,29.1,30.6,16.8,12.8,21.8,25,25.4,24.6,22.5,21.6,20.7,18.2,16.3,18.8,24,36.8,52.9,78,89.5,90.7,92.7,90.9,87.9,86.6,97.9,110,115.1,104.3,88.8,75.1,61.5,54,52.8,56,56.7,58.2,58.4,53.7,49.4,42.6,32.9,27.3,37.3,55.8,60.6,64.2,62,57.7,57.9,54.5,41.6,28.5,13,24.3,43,51.7,45.2,38.6,33.7,22.9,19.9,22.5,29.8,33.2,TT,O,,2016,3,3,11/15/2003,12.86348502,11.52350929,11.7891232,10.19543974,,,,,,,,,,92.7,99.4,103.1,107.7,117.2,115.8,116.3,112.3,110.2,106.7,98.2,98.3,105.4,99.3,101.9,109,110.8,111.8,110.7,99.3,97.8,106.1,108.6,109.1,110,107.7,105.7,103.7,98.8,92.9,82.3,76.5,76.7,80.3,88.6,92,88.4,82.5,71.6,59.2,51,44.4,49.1,46,37,28.3,19.4,24.6,38.1,54.8,72.9,88.1,102.4,112.5,109.3,105.4,100.8,91.7,84.4,72.4,71.8,79.4,86.4,91.1,93.1,94.4,95.5,92.7,91.8,95,102.3,114.6,122.3,115.8,109.6,104.4,92.9,84.2,70.6,56.7,53.6,,,,,,,,,,36.7,36,40.8,47.7,57.4,58.6,52.8,43.7,41.9,39,37,39.3,40.5,29.8,24.6,27.5,28.8,29.1,30.6,16.8,12.8,21.8,25,25.4,24.6,22.5,21.6,20.7,18.2,16.3,18.8,24,36.8,52.9,78,89.5,90.7,92.7,90.9,87.9,86.6,97.9,110,115.1,104.3,88.8,75.1,61.5,54,52.8,56,56.7,58.2,58.4,53.7,49.4,42.6,32.9,27.3,37.3,55.8,60.6,64.2,62,57.7,57.9,54.5,41.6,28.5,13,24.3,43,51.7,45.2,38.6,33.7,22.9,19.9,22.5,29.8,33.2,7215.4,3808.9,89.07901235,47.02345679,115,55,10,10
1,6,B,N,2,90.1,1180,10,61,50,34,16,74,1.5,0,5,0,90,1610,41,90,113.2,111.1,110.7,103.1,97.4,94.8,90.2,78.9,55.8,44.2,22.2,21,28.2,40.1,51.8,56.5,62.1,62.9,80.8,94.6,109.4,118.8,119.2,122.2,121.7,118.6,119.3,115.9,116.3,120.5,122.3,122.2,123.7,123.6,123.1,122.3,118.7,110.5,107.8,95.1,85.4,74.7,66.5,65.1,68.2,70.5,73.2,77.9,83.4,85.3,77,68.4,62.3,57.9,49.8,31.9,18,20.9,31.4,28.2,26.3,28.3,39.6,46.3,57.7,64.9,72.5,77.8,80.2,83.9,86.3,84.3,82.1,97.1,103.1,115,122.7,122.2,121,119.5,116.4,114.9,99.6,87.9,84.7,93.6,96.9,95.7,99.2,102.4,46.7,36.6,28.3,18.3,19.2,26,36.3,48.5,56.1,63.7,69.2,64.8,61.8,59.6,50.2,45.5,35.8,34.9,7.5,10.3,23.9,33.2,33.9,37.3,38.2,38.3,43.6,42.3,45.5,50.3,50.6,50.5,52,52.6,51.7,51.8,45.6,35.6,33.6,24.9,21.5,27.3,36.2,44.6,52.1,60.5,70.6,83.6,91.6,86.8,75.6,65.3,59.5,58.7,63.3,77,94.5,106.2,113.4,106.6,102,91.3,83.6,71,61.7,53.1,37.4,25.9,16.2,5.1,9.9,16.5,26.1,36.2,33.7,41,47.5,48,47.7,48.7,46.9,47.4,33.6,19.3,4.2,8.3,11.7,11.6,13.7,16.9,TT,O,,2016,4,3,11/16/2003,13.09655938,11.52350929,11.7891232,10.19543974,,,,,,,,,,44.2,22.2,21,28.2,40.1,51.8,56.5,62.1,62.9,80.8,94.6,109.4,118.8,119.2,122.2,121.7,118.6,119.3,115.9,116.3,120.5,122.3,122.2,123.7,123.6,123.1,122.3,118.7,110.5,107.8,95.1,85.4,74.7,66.5,65.1,68.2,70.5,73.2,77.9,83.4,85.3,77,68.4,62.3,57.9,49.8,31.9,18,20.9,31.4,28.2,26.3,28.3,39.6,46.3,57.7,64.9,72.5,77.8,80.2,83.9,86.3,84.3,82.1,97.1,103.1,115,122.7,122.2,121,119.5,116.4,114.9,99.6,87.9,84.7,93.6,96.9,95.7,99.2,102.4,,,,,,,,,,63.7,69.2,64.8,61.8,59.6,50.2,45.5,35.8,34.9,7.5,10.3,23.9,33.2,33.9,37.3,38.2,38.3,43.6,42.3,45.5,50.3,50.6,50.5,52,52.6,51.7,51.8,45.6,35.6,33.6,24.9,21.5,27.3,36.2,44.6,52.1,60.5,70.6,83.6,91.6,86.8,75.6,65.3,59.5,58.7,63.3,77,94.5,106.2,113.4,106.6,102,91.3,83.6,71,61.7,53.1,37.4,25.9,16.2,5.1,9.9,16.5,26.1,36.2,33.7,41,47.5,48,47.7,48.7,46.9,47.4,33.6,19.3,4.2,8.3,11.7,11.6,13.7,16.9,6733.7,3849.8,83.13209877,47.52839506,115,55,10,10
2,6,B,S,2,90.1,916,5,45,31,47,22,35,1.5,0,0,0,90,1610,41,90,58.7,56.6,46.6,38.1,42.8,52,65.8,79.2,82.3,81.5,63.5,55.5,59.9,58.7,63.3,66.9,67.5,76,80.4,67.8,65.5,73.6,78.2,79.5,72.9,81.9,87,92.2,83.5,67.2,56.8,63.7,70.5,77.8,72.8,79.4,84.4,74,70.4,77.9,84,89,93.3,101.8,107.2,117.3,119.4,119,116.9,117.7,114.9,115.5,112.6,110.7,115.3,120.3,118.5,121.6,123.3,123,123.1,119.6,118.5,115.5,113.1,103.5,98.6,105.6,110.7,118.3,121.7,120.1,119.5,120.1,119.8,122.6,122.2,121.8,122.8,122.2,119.9,118.9,119,118.9,119,119,118.9,118.6,115.2,118,111.6,111.8,110.8,101.2,97.3,89.2,84.4,90.3,92.1,93.8,88.6,78.4,70.4,60.3,51.3,49.3,46.6,50.2,57.7,59.5,49.6,45.7,42.9,43,40.9,44.6,46.5,57,62.6,58.6,51.2,42.7,39.8,37.8,34.8,35.2,44,47.7,38.6,34.9,34.7,34,36.3,40.3,45,53.6,56.1,56.9,58.6,59.9,57.6,59.6,58.5,57.8,58,60,55.6,53.6,47.1,40.8,38.1,35,38.3,42.1,43,37.3,27.4,23.7,25.9,32.7,36.1,34.6,34.5,35.4,35.5,37.7,37.4,36.7,37.3,36.6,34.3,33.4,33.5,33.4,33.6,33.7,33.6,33.3,29.6,32.8,TT,O,,2016,5,3,11/16/2003,10.16648169,11.52350929,11.7891232,10.19543974,,,,,42.8,52,65.8,79.2,82.3,81.5,63.5,55.5,59.9,58.7,63.3,66.9,67.5,76,80.4,67.8,65.5,73.6,78.2,79.5,72.9,81.9,87,92.2,83.5,67.2,56.8,63.7,70.5,77.8,72.8,79.4,84.4,74,70.4,77.9,84,89,93.3,101.8,107.2,117.3,119.4,119,116.9,117.7,114.9,115.5,112.6,110.7,115.3,120.3,118.5,121.6,123.3,123,123.1,119.6,118.5,115.5,113.1,103.5,98.6,105.6,110.7,118.3,121.7,120.1,119.5,120.1,119.8,122.6,122.2,121.8,122.8,122.2,119.9,118.9,119,118.9,119,119,118.9,118.6,115.2,118,,,,,97.3,89.2,84.4,90.3,92.1,93.8,88.6,78.4,70.4,60.3,51.3,49.3,46.6,50.2,57.7,59.5,49.6,45.7,42.9,43,40.9,44.6,46.5,57,62.6,58.6,51.2,42.7,39.8,37.8,34.8,35.2,44,47.7,38.6,34.9,34.7,34,36.3,40.3,45,53.6,56.1,56.9,58.6,59.9,57.6,59.6,58.5,57.8,58,60,55.6,53.6,47.1,40.8,38.1,35,38.3,42.1,43,37.3,27.4,23.7,25.9,32.7,36.1,34.6,34.5,35.4,35.5,37.7,37.4,36.7,37.3,36.6,34.3,33.4,33.5,33.4,33.6,33.7,33.6,33.3,29.6,32.8,8338.3,4118,96.95697674,47.88372093,55,115,5,5
3,6,B,E,2,30.7,313,0,0,6,42,52,42,1.5,0,0,0,90,1610,41,30,61.5,61.3,60.5,69.7,65.4,61.7,56.6,55.3,62.6,71.9,82.6,91.5,86.8,81.4,88.2,90.8,89.4,84.4,84.6,80.9,76.1,76.4,84.7,89.7,97.4,99.7,106.8,102.4,98.6,101.7,,,,,,,,,,,,,,,,,,,,,,,,,,,,,,,,,,,,,,,,,,,,,,,,,,,,,,,,,,,,,114.4,113.3,110.8,117.2,111.6,107.3,102.7,91.4,86.3,86.8,92.5,97.7,94.7,92.6,99.1,98,90.6,83,85.7,78.5,70.8,49.2,47.7,53.3,58.9,64.2,74,69.3,68.6,77,,,,,,,,,,,,,,,,,,,,,,,,,,,,,,,,,,,,,,,,,,,,,,,,,,,,,,,,,,,,,FS,O,,2016,6,3,11/16/2003,10.19543974,11.52350929,11.7891232,10.19543974,,,,,65.4,61.7,56.6,55.3,62.6,71.9,82.6,91.5,86.8,81.4,88.2,90.8,89.4,84.4,84.6,80.9,76.1,76.4,84.7,89.7,97.4,99.7,106.8,102.4,98.6,101.7,,,,,,,,,,,,,,,,,,,,,,,,,,,,,,,,,,,,,,,,,,,,,,,,,,,,,,,,,,,,,,,,,111.6,107.3,102.7,91.4,86.3,86.8,92.5,97.7,94.7,92.6,99.1,98,90.6,83,85.7,78.5,70.8,49.2,47.7,53.3,58.9,64.2,74,69.3,68.6,77,,,,,,,,,,,,,,,,,,,,,,,,,,,,,,,,,,,,,,,,,,,,,,,,,,,,,,,,,,,,,2167.6,2131.5,83.36923077,81.98076923,55,115,5,5
4,5,B,S,2,18.5,173,39,9,43,56,1,-60,1.5,0,0,0,90,1610,43,18,48.4,45.7,44.4,44.1,43.5,43.4,43.2,43.4,43.9,43.9,44.4,44.5,41.4,41.9,61,54.1,44.7,34.5,,,,,,,,,,,,,,,,,,,,,,,,,,,,,,,,,,,,,,,,,,,,,,,,,,,,,,,,,,,,,,,,,,,,,,,,,102.3,98.3,94.8,92.9,90.9,89.4,88,86.9,85.6,84.6,83.6,82.5,79.7,83.3,70.6,56.2,53.5,58,,,,,,,,,,,,,,,,,,,,,,,,,,,,,,,,,,,,,,,,,,,,,,,,,,,,,,,,,,,,,,,,,,,,,,,,,TT,O,,2016,1,3,11/15/2003,9.351351351,20.72739607,20.08202561,23.95424837,,,44.4,44.1,43.5,43.4,43.2,43.4,43.9,43.9,44.4,44.5,41.4,41.9,61,54.1,44.7,34.5,,,,,,,,,,,,,,,,,,,,,,,,,,,,,,,,,,,,,,,,,,,,,,,,,,,,,,,,,,,,,,,,,,,,,,,,,,,94.8,92.9,90.9,89.4,88,86.9,85.6,84.6,83.6,82.5,79.7,83.3,70.6,56.2,53.5,58,,,,,,,,,,,,,,,,,,,,,,,,,,,,,,,,,,,,,,,,,,,,,,,,,,,,,,,,,,,,,,,,,,,,,,,,,716.3,1280.5,44.76875,80.03125,55,115,3,3
5,5,B,N,2,17.9,463,22,22,60,34,6,-49,1.5,0,3,0,90,1610,43,17,108.9,103.9,88.6,64.3,35.7,14.4,27.9,49.4,58.5,64.2,78.8,94.9,95.8,92.8,79.5,59.7,44.8,,,,,,,,,,,,,,,,,,,,,,,,,,,,,,,,,,,,,,,,,,,,,,,,,,,,,,,,,,,,,,,,,,,,,,,,,,59.9,62.1,65.2,65.9,74.9,92.8,110.3,108.8,92.3,69.1,46,29.6,13.6,8.6,19.1,44.4,71.1,,,,,,,,,,,,,,,,,,,,,,,,,,,,,,,,,,,,,,,,,,,,,,,,,,,,,,,,,,,,,,,,,,,,,,,,,,TT,O,,2016,2,3,11/15/2003,25.86592179,20.72739607,20.08202561,23.95424837,,,,,,14.4,27.9,49.4,58.5,64.2,78.8,94.9,95.8,92.8,79.5,59.7,44.8,,,,,,,,,,,,,,,,,,,,,,,,,,,,,,,,,,,,,,,,,,,,,,,,,,,,,,,,,,,,,,,,,,,,,,,,,,,,,,,92.8,110.3,108.8,92.3,69.1,46,29.6,13.6,8.6,19.1,44.4,71.1,,,,,,,,,,,,,,,,,,,,,,,,,,,,,,,,,,,,,,,,,,,,,,,,,,,,,,,,,,,,,,,,,,,,,,,,,,760.7,705.7,63.39166667,58.80833333,115,55,6,6
6,5,B,W,2,8.9,228,59,28,48,39,13,-32,1.5,2,0,0,90,1610,43,8,108.1,95.9,77,47.6,25.1,34.4,46,21.3,,,,,,,,,,,,,,,,,,,,,,,,,,,,,,,,,,,,,,,,,,,,,,,,,,,,,,,,,,,,,,,,,,,,,,,,,,,,,,,,,,,48.4,35.2,28.1,39.8,70.5,98.1,118.7,102,,,,,,,,,,,,,,,,,,,,,,,,,,,,,,,,,,,,,,,,,,,,,,,,,,,,,,,,,,,,,,,,,,,,,,,,,,,,,,,,,,,TT,O,,2016,3,3,11/15/2003,25.61797753,20.72739607,20.08202561,23.95424837,,,,,,34.4,46,21.3,,,,,,,,,,,,,,,,,,,,,,,,,,,,,,,,,,,,,,,,,,,,,,,,,,,,,,,,,,,,,,,,,,,,,,,,,,,,,,,,,,,,,,,,98.1,118.7,102,,,,,,,,,,,,,,,,,,,,,,,,,,,,,,,,,,,,,,,,,,,,,,,,,,,,,,,,,,,,,,,,,,,,,,,,,,,,,,,,,,,101.7,318.8,33.9,106.2666667,115,55,6,6
4,6,B,N,2,22.1,336,13,14,39,60,1,-51,1.5,0,0,0,90,1610,43,22,110.1,109,107.3,105.3,103.8,102.7,101.5,100.8,100.1,99.5,98.7,96.6,94.1,74.6,47.1,30.6,50.4,62.7,55.1,52,39.7,33.4,,,,,,,,,,,,,,,,,,,,,,,,,,,,,,,,,,,,,,,,,,,,,,,,,,,,,,,,,,,,,,,,,,,,,54.8,52.7,53.1,53.4,53.5,53.4,54.4,54.9,55.5,56.4,56.4,62.6,64.5,55.9,51.7,57.3,63.7,50.5,38.1,34.3,47.1,71.7,,,,,,,,,,,,,,,,,,,,,,,,,,,,,,,,,,,,,,,,,,,,,,,,,,,,,,,,,,,,,,,,,,,,,TT,O,,2016,4,3,11/16/2003,15.20361991,20.72739607,20.08202561,23.95424837,,,,,,102.7,101.5,100.8,100.1,99.5,98.7,96.6,94.1,74.6,47.1,30.6,50.4,62.7,55.1,52,39.7,33.4,,,,,,,,,,,,,,,,,,,,,,,,,,,,,,,,,,,,,,,,,,,,,,,,,,,,,,,,,,,,,,,,,,,,,,,,,,53.4,54.4,54.9,55.5,56.4,56.4,62.6,64.5,55.9,51.7,57.3,63.7,50.5,38.1,34.3,47.1,71.7,,,,,,,,,,,,,,,,,,,,,,,,,,,,,,,,,,,,,,,,,,,,,,,,,,,,,,,,,,,,,,,,,,,,,1239.6,928.4,72.91764706,54.61176471,115,55,6,6
5,6,B,S,2,16.7,407,38,13,75,17,8,-67,1.5,0,0,0,90,1610,43,16,62.9,61.5,66.9,65.1,55.9,48.6,28.2,21.9,33.4,26,21.8,40,59.6,58.6,49.7,38.1,,,,,,,,,,,,,,,,,,,,,,,,,,,,,,,,,,,,,,,,,,,,,,,,,,,,,,,,,,,,,,,,,,,,,,,,,,,96.9,72.8,44.6,26,31.1,43,68.8,91.7,113,109.7,87.9,66,44.7,33.4,36.9,47.9,,,,,,,,,,,,,,,,,,,,,,,,,,,,,,,,,,,,,,,,,,,,,,,,,,,,,,,,,,,,,,,,,,,,,,,,,,,TT,O,,2016,5,3,11/16/2003,24.37125749,20.72739607,20.08202561,23.95424837,,,66.9,65.1,55.9,48.6,28.2,21.9,33.4,26,21.8,40,59.6,58.6,49.7,38.1,,,,,,,,,,,,,,,,,,,,,,,,,,,,,,,,,,,,,,,,,,,,,,,,,,,,,,,,,,,,,,,,,,,,,,,,,,,,,44.6,26,31.1,43,68.8,91.7,113,109.7,87.9,66,44.7,33.4,36.9,47.9,,,,,,,,,,,,,,,,,,,,,,,,,,,,,,,,,,,,,,,,,,,,,,,,,,,,,,,,,,,,,,,,,,,,,,,,,,,613.8,844.7,43.84285714,60.33571429,55,115,3,3
6,6,B,E,2,30.6,733,61,6,69,25,6,-43,1.5,5,0,0,90,1610,43,30,55.1,36.3,16,25.5,63.6,80.7,77,66.2,55.7,61.9,72.7,74.7,62.8,40.1,13.5,18,37.8,31.4,23.6,12.2,13.1,20.9,10.1,18.6,32.5,36,37.8,32.2,33.5,22.2,,,,,,,,,,,,,,,,,,,,,,,,,,,,,,,,,,,,,,,,,,,,,,,,,,,,,,,,,,,,,119.4,112.9,99.9,85.3,72.6,59.4,42.2,27.8,33.7,51.4,62.9,69.2,76.6,81.1,85.2,83.7,69,62.8,65.9,74.3,97.9,103.4,85.7,68.2,53.5,50.1,50,67.4,83.1,94.2,,,,,,,,,,,,,,,,,,,,,,,,,,,,,,,,,,,,,,,,,,,,,,,,,,,,,,,,,,,,,FS,O,,2016,6,3,11/16/2003,23.95424837,20.72739607,20.08202561,23.95424837,,36.3,16,25.5,63.6,80.7,77,66.2,55.7,61.9,72.7,74.7,62.8,40.1,13.5,18,37.8,31.4,23.6,12.2,13.1,20.9,10.1,18.6,32.5,36,37.8,32.2,33.5,22.2,,,,,,,,,,,,,,,,,,,,,,,,,,,,,,,,,,,,,,,,,,,,,,,,,,,,,,,,,,,,,,112.9,99.9,85.3,72.6,59.4,42.2,27.8,33.7,51.4,62.9,69.2,76.6,81.1,85.2,83.7,69,62.8,65.9,74.3,97.9,103.4,85.7,68.2,53.5,50.1,50,67.4,83.1,94.2,,,,,,,,,,,,,,,,,,,,,,,,,,,,,,,,,,,,,,,,,,,,,,,,,,,,,,,,,,,,,1126.6,2069.4,38.84827586,71.35862069,55,115,2,2
10,5,B,S,2,20.3,165,95,3,7,87,6,-32,1.5,1,0,0,90,1610,59,20,54.7,53.5,52,50.9,50.6,49.8,48.6,47.6,47.5,46.1,46.2,45.7,44.6,43.7,44.1,42.9,41.4,41.7,36.2,12.4,,,,,,,,,,,,,,,,,,,,,,,,,,,,,,,,,,,,,,,,,,,,,,,,,,,,,,,,,,,,,,,,,,,,,,,107.8,106.7,105,103.8,102.9,101.6,100.5,99.3,98.7,96.6,96.4,95.8,94.2,92.9,93.2,91.7,89.4,86.8,92.6,90.9,,,,,,,,,,,,,,,,,,,,,,,,,,,,,,,,,,,,,,,,,,,,,,,,,,,,,,,,,,,,,,,,,,,,,,,TT,O,,2016,1,3,11/15/2003,8.128078818,15.55671819,14.87721215,18.95424837,,,,50.9,50.6,49.8,48.6,47.6,47.5,46.1,46.2,45.7,44.6,43.7,44.1,42.9,41.4,41.7,36.2,12.4,,,,,,,,,,,,,,,,,,,,,,,,,,,,,,,,,,,,,,,,,,,,,,,,,,,,,,,,,,,,,,,,,,,,,,,,,,103.8,102.9,101.6,100.5,99.3,98.7,96.6,96.4,95.8,94.2,92.9,93.2,91.7,89.4,86.8,92.6,90.9,,,,,,,,,,,,,,,,,,,,,,,,,,,,,,,,,,,,,,,,,,,,,,,,,,,,,,,,,,,,,,,,,,,,,,,740,1627.3,43.52941177,95.72352941,55,115,4,4
11,5,B,N,2,14.1,263,60,6,50,45,5,-24,1.5,1,0,0,90,1610,59,14,113.1,108.3,99.3,84.3,60.1,34.6,18.8,24.9,26.1,20.4,17.9,20.4,20.2,15.2,,,,,,,,,,,,,,,,,,,,,,,,,,,,,,,,,,,,,,,,,,,,,,,,,,,,,,,,,,,,,,,,,,,,,,,,,,,,,58.2,55.4,55.2,52.3,50.6,57.1,73.7,81.5,95.1,104.5,102,92.4,83.5,79,,,,,,,,,,,,,,,,,,,,,,,,,,,,,,,,,,,,,,,,,,,,,,,,,,,,,,,,,,,,,,,,,,,,,,,,,,,,,TT,O,,2016,2,3,11/15/2003,18.65248227,15.55671819,14.87721215,18.95424837,,,,,,,,24.9,26.1,20.4,17.9,20.4,20.2,15.2,,,,,,,,,,,,,,,,,,,,,,,,,,,,,,,,,,,,,,,,,,,,,,,,,,,,,,,,,,,,,,,,,,,,,,,,,,,,,,,,,,,,81.5,95.1,104.5,102,92.4,83.5,79,,,,,,,,,,,,,,,,,,,,,,,,,,,,,,,,,,,,,,,,,,,,,,,,,,,,,,,,,,,,,,,,,,,,,,,,,,,,,145.1,638,20.72857143,91.14285714,115,55,8,8
12,5,B,W,2,66.9,1438,40,9,48,45,7,32,1.5,1,2,0,90,1610,59,66,115.2,111.7,103.6,80.8,54.3,36.1,26.6,38.5,43.6,43.9,44.3,43.6,35.2,17.6,21.2,46.1,57.3,58.3,52.4,48.2,52,70.2,89,93.5,98,95.3,91.8,83.5,65.4,44.5,29.4,30.9,37.6,51.2,65.4,68,63,47.8,32.2,34.5,40.2,36.5,32,30.9,26.5,20.5,30.1,40.7,54.9,69,72.6,65.5,48.3,33,19.7,21.9,19.7,20.4,38.3,55.5,67.1,67.7,59.7,44.3,39.6,29.1,,,,,,,,,,,,,,,,,,,,,,,,,62.7,62.8,61.7,55.8,53.2,56.3,60.8,56.5,50.4,50.5,44.8,42.6,51.2,69.4,86.4,106.3,104,95.4,81.9,69.8,41.8,16.4,9.8,15.7,33.7,47.7,71.8,86.9,98.5,106.2,111.5,113.9,107.3,95.4,82.2,75.8,65.3,52.1,56.4,82.9,104.8,115.9,117.3,112.3,99.7,80.9,58.5,45.4,38.1,51.9,75.1,94.4,98.5,102.2,103,105,94.8,78.7,77.5,84.3,81.4,80,74.2,60.7,47.7,60.8,,,,,,,,,,,,,,,,,,,,,,,,,TT,O,,2016,3,3,11/15/2003,21.49476831,15.55671819,14.87721215,18.95424837,,,,,,,,38.5,43.6,43.9,44.3,43.6,35.2,17.6,21.2,46.1,57.3,58.3,52.4,48.2,52,70.2,89,93.5,98,95.3,91.8,83.5,65.4,44.5,29.4,30.9,37.6,51.2,65.4,68,63,47.8,32.2,34.5,40.2,36.5,32,30.9,26.5,20.5,30.1,40.7,54.9,69,72.6,65.5,48.3,33,19.7,21.9,19.7,20.4,38.3,55.5,67.1,67.7,59.7,44.3,39.6,29.1,,,,,,,,,,,,,,,,,,,,,,,,,,,,,,,,56.5,50.4,50.5,44.8,42.6,51.2,69.4,86.4,106.3,104,95.4,81.9,69.8,41.8,16.4,9.8,15.7,33.7,47.7,71.8,86.9,98.5,106.2,111.5,113.9,107.3,95.4,82.2,75.8,65.3,52.1,56.4,82.9,104.8,115.9,117.3,112.3,99.7,80.9,58.5,45.4,38.1,51.9,75.1,94.4,98.5,102.2,103,105,94.8,78.7,77.5,84.3,81.4,80,74.2,60.7,47.7,60.8,,,,,,,,,,,,,,,,,,,,,,,,,2877.1,4423.6,48.76440678,74.97627119,115,55,8,8
10,6,B,N,2,23.1,283,23,19,20,74,6,51,1.5,0,0,0,90,1610,59,23,112.6,111.5,110.2,109.1,108.6,107.8,107.4,107,106.6,106.2,105.8,105.3,106.3,104.2,101.6,93.9,78.9,49.5,20.2,30.3,38.5,37.9,23,,,,,,,,,,,,,,,,,,,,,,,,,,,,,,,,,,,,,,,,,,,,,,,,,,,,,,,,,,,,,,,,,,,,59.6,59.4,58.6,57.8,58.3,57.8,57.7,57.7,57.7,57.7,57.9,57.7,53.9,48.6,45.3,25.2,14.6,36.3,73.9,97.4,94.7,93.7,86.3,,,,,,,,,,,,,,,,,,,,,,,,,,,,,,,,,,,,,,,,,,,,,,,,,,,,,,,,,,,,,,,,,,,,TT,O,,2016,4,3,11/16/2003,12.25108225,15.55671819,14.87721215,18.95424837,,,,,,,,107,106.6,106.2,105.8,105.3,106.3,104.2,101.6,93.9,78.9,49.5,20.2,30.3,38.5,37.9,23,,,,,,,,,,,,,,,,,,,,,,,,,,,,,,,,,,,,,,,,,,,,,,,,,,,,,,,,,,,,,,,,,,,,,,,,,,,57.7,57.7,57.7,57.9,57.7,53.9,48.6,45.3,25.2,14.6,36.3,73.9,97.4,94.7,93.7,86.3,,,,,,,,,,,,,,,,,,,,,,,,,,,,,,,,,,,,,,,,,,,,,,,,,,,,,,,,,,,,,,,,,,,,1215.2,958.6,75.95,59.9125,115,55,8,8
11,6,B,S,2,5.7,79,67,26,8,51,41,27,1.5,1,0,0,90,1610,59,5,59.4,57.4,53.7,36.1,18.8,,,,,,,,,,,,,,,,,,,,,,,,,,,,,,,,,,,,,,,,,,,,,,,,,,,,,,,,,,,,,,,,,,,,,,,,,,,,,,,,,,,,,,110.2,107.5,106,105.5,99.8,,,,,,,,,,,,,,,,,,,,,,,,,,,,,,,,,,,,,,,,,,,,,,,,,,,,,,,,,,,,,,,,,,,,,,,,,,,,,,,,,,,,,,TT,O,,2016,5,3,11/16/2003,13.85964912,15.55671819,14.87721215,18.95424837,,,,36.1,18.8,,,,,,,,,,,,,,,,,,,,,,,,,,,,,,,,,,,,,,,,,,,,,,,,,,,,,,,,,,,,,,,,,,,,,,,,,,,,,,,,,,,,,,,,,105.5,99.8,,,,,,,,,,,,,,,,,,,,,,,,,,,,,,,,,,,,,,,,,,,,,,,,,,,,,,,,,,,,,,,,,,,,,,,,,,,,,,,,,,,,,,54.9,205.3,27.45,102.65,55,115,4,4
12,6,B,E,2,30.6,580,60,10,68,18,14,76,1.5,4,0,0,90,1610,59,30,63.2,64.6,61.7,56.9,57,57.7,55.7,49.9,41.9,24.3,5.2,13,13.4,19.5,22.4,21.9,7.3,6.8,7.6,25.5,43.1,40.6,30.7,21.3,25.5,29.5,32.2,45.7,60.8,63.8,,,,,,,,,,,,,,,,,,,,,,,,,,,,,,,,,,,,,,,,,,,,,,,,,,,,,,,,,,,,,120.6,117.3,105.9,92.5,76.6,64.9,48.2,36.6,48.1,69.6,86.6,85.3,75,66.9,64,72.3,89,81.9,85.1,89,105.1,115.6,111.7,98.1,90.5,73,56.9,40.8,27.7,26.8,,,,,,,,,,,,,,,,,,,,,,,,,,,,,,,,,,,,,,,,,,,,,,,,,,,,,,,,,,,,,FS,O,,2016,6,3,11/16/2003,18.95424837,15.55671819,14.87721215,18.95424837,,,61.7,56.9,57,57.7,55.7,49.9,41.9,24.3,5.2,13,13.4,19.5,22.4,21.9,7.3,6.8,7.6,25.5,43.1,40.6,30.7,21.3,25.5,29.5,32.2,45.7,60.8,63.8,,,,,,,,,,,,,,,,,,,,,,,,,,,,,,,,,,,,,,,,,,,,,,,,,,,,,,,,,,,,,,,105.9,92.5,76.6,64.9,48.2,36.6,48.1,69.6,86.6,85.3,75,66.9,64,72.3,89,81.9,85.1,89,105.1,115.6,111.7,98.1,90.5,73,56.9,40.8,27.7,26.8,,,,,,,,,,,,,,,,,,,,,,,,,,,,,,,,,,,,,,,,,,,,,,,,,,,,,,,,,,,,,940.9,2083.7,33.60357143,74.41785714,55,115,3,3
13,5,B,S,2,7.5,156,70,2,48,45,7,-72,1.5,1,0,0,90,1610,65,7,62.5,48.9,29,12.4,24.7,33.4,28.3,,,,,,,,,,,,,,,,,,,,,,,,,,,,,,,,,,,,,,,,,,,,,,,,,,,,,,,,,,,,,,,,,,,,,,,,,,,,,,,,,,,,100.7,84.9,76.9,77.3,86.5,92.4,99.1,,,,,,,,,,,,,,,,,,,,,,,,,,,,,,,,,,,,,,,,,,,,,,,,,,,,,,,,,,,,,,,,,,,,,,,,,,,,,,,,,,,,TT,O,,2016,1,3,11/15/2003,20.8,21.00344023,21.08034978,20.61889251,,,29,12.4,24.7,33.4,28.3,,,,,,,,,,,,,,,,,,,,,,,,,,,,,,,,,,,,,,,,,,,,,,,,,,,,,,,,,,,,,,,,,,,,,,,,,,,,,,,,,,,,,,76.9,77.3,86.5,92.4,99.1,,,,,,,,,,,,,,,,,,,,,,,,,,,,,,,,,,,,,,,,,,,,,,,,,,,,,,,,,,,,,,,,,,,,,,,,,,,,,,,,,,,,127.8,432.2,25.56,86.44,55,115,3,3
14,5,B,N,2,5.6,119,18,1,20,80,0,-39,1.5,0,0,0,90,1610,65,5,104.9,96.2,79,61.5,36.9,,,,,,,,,,,,,,,,,,,,,,,,,,,,,,,,,,,,,,,,,,,,,,,,,,,,,,,,,,,,,,,,,,,,,,,,,,,,,,,,,,,,,,61.2,64.2,70.4,80.9,86.3,,,,,,,,,,,,,,,,,,,,,,,,,,,,,,,,,,,,,,,,,,,,,,,,,,,,,,,,,,,,,,,,,,,,,,,,,,,,,,,,,,,,,,TT,O,,2016,2,3,11/15/2003,21.25,21.00344023,21.08034978,20.61889251,,,,,36.9,,,,,,,,,,,,,,,,,,,,,,,,,,,,,,,,,,,,,,,,,,,,,,,,,,,,,,,,,,,,,,,,,,,,,,,,,,,,,,,,,,,,,,,,,,86.3,,,,,,,,,,,,,,,,,,,,,,,,,,,,,,,,,,,,,,,,,,,,,,,,,,,,,,,,,,,,,,,,,,,,,,,,,,,,,,,,,,,,,,36.9,86.3,36.9,86.3,115,55,5,5
15,5,B,W,2,16.7,330,31,25,89,9,2,-60,1.5,1,0,0,90,1610,65,16,111.3,101.5,84.8,69,40,17.1,19.4,44.1,52.7,53.9,49.2,46.6,44.3,34,31.6,23,,,,,,,,,,,,,,,,,,,,,,,,,,,,,,,,,,,,,,,,,,,,,,,,,,,,,,,,,,,,,,,,,,,,,,,,,,,50.4,34,19.3,22.9,47.1,71.6,79.6,69.9,53.7,39.2,37.3,47,55.2,71.5,83.3,87.6,,,,,,,,,,,,,,,,,,,,,,,,,,,,,,,,,,,,,,,,,,,,,,,,,,,,,,,,,,,,,,,,,,,,,,,,,,,TT,O,,2016,3,3,11/15/2003,19.76047904,21.00344023,21.08034978,20.61889251,,,,,40,17.1,19.4,44.1,52.7,53.9,49.2,46.6,44.3,34,31.6,23,,,,,,,,,,,,,,,,,,,,,,,,,,,,,,,,,,,,,,,,,,,,,,,,,,,,,,,,,,,,,,,,,,,,,,,,,,,,,,,47.1,71.6,79.6,69.9,53.7,39.2,37.3,47,55.2,71.5,83.3,87.6,,,,,,,,,,,,,,,,,,,,,,,,,,,,,,,,,,,,,,,,,,,,,,,,,,,,,,,,,,,,,,,,,,,,,,,,,,,455.9,743,37.99166667,61.91666667,115,55,5,5
13,6,B,N,2,14.4,314,23,5,80,19,1,-22,1.5,1,0,0,90,1610,65,14,108.6,103,86.9,63.4,35.8,11.7,23.5,45.7,52,51.9,50.9,52.3,40.7,21.1,,,,,,,,,,,,,,,,,,,,,,,,,,,,,,,,,,,,,,,,,,,,,,,,,,,,,,,,,,,,,,,,,,,,,,,,,,,,,55.4,54.8,56.2,62.1,66.3,76,81.5,67.2,48.4,35.4,40.9,45.5,63,70.4,,,,,,,,,,,,,,,,,,,,,,,,,,,,,,,,,,,,,,,,,,,,,,,,,,,,,,,,,,,,,,,,,,,,,,,,,,,,,TT,O,,2016,4,3,11/16/2003,21.80555556,21.00344023,21.08034978,20.61889251,,,,,35.8,11.7,23.5,45.7,52,51.9,50.9,52.3,40.7,21.1,,,,,,,,,,,,,,,,,,,,,,,,,,,,,,,,,,,,,,,,,,,,,,,,,,,,,,,,,,,,,,,,,,,,,,,,,,,,,,,,,66.3,76,81.5,67.2,48.4,35.4,40.9,45.5,63,70.4,,,,,,,,,,,,,,,,,,,,,,,,,,,,,,,,,,,,,,,,,,,,,,,,,,,,,,,,,,,,,,,,,,,,,,,,,,,,,385.6,594.6,38.56,59.46,115,55,5,5
14,6,B,S,2,11.2,244,16,19,64,27,9,-110,1.5,0,0,0,90,1610,65,11,58.3,65.5,59.9,59.8,68.5,64.7,60.5,60.3,56.7,43.7,27.9,,,,,,,,,,,,,,,,,,,,,,,,,,,,,,,,,,,,,,,,,,,,,,,,,,,,,,,,,,,,,,,,,,,,,,,,,,,,,,,,106.8,93.7,74.9,52.3,28,22,34.1,50.5,63.3,81.3,93.1,,,,,,,,,,,,,,,,,,,,,,,,,,,,,,,,,,,,,,,,,,,,,,,,,,,,,,,,,,,,,,,,,,,,,,,,,,,,,,,,TT,O,,2016,5,3,11/16/2003,21.78571429,21.00344023,21.08034978,20.61889251,,,59.9,59.8,68.5,64.7,60.5,60.3,56.7,43.7,27.9,,,,,,,,,,,,,,,,,,,,,,,,,,,,,,,,,,,,,,,,,,,,,,,,,,,,,,,,,,,,,,,,,,,,,,,,,,,,,,,,,,74.9,52.3,28,22,34.1,50.5,63.3,81.3,93.1,,,,,,,,,,,,,,,,,,,,,,,,,,,,,,,,,,,,,,,,,,,,,,,,,,,,,,,,,,,,,,,,,,,,,,,,,,,,,,,,502,499.5,55.77777778,55.5,55,115,3,3
15,6,B,E,2,30.7,633,22,38,37,59,4,87,1.5,0,0,0,90,1610,65,30,65.4,69.7,78.3,90.7,107.2,112.5,112.6,106.7,98.4,83.6,62,37.1,20.7,24.9,31.5,38.9,20.5,20.8,34.1,48,60.4,65.5,76.6,91.6,103.2,105.6,110.7,114.1,113.7,111.8,,,,,,,,,,,,,,,,,,,,,,,,,,,,,,,,,,,,,,,,,,,,,,,,,,,,,,,,,,,,,106.8,91.5,72.6,53.7,42.9,38.2,29.3,22.7,27.8,39.1,41.1,51.5,68.1,88.3,93.6,106.7,95.4,80.8,70,74,72.1,60.1,49.1,47.6,49.6,48.1,37.5,30.6,30.2,36.4,,,,,,,,,,,,,,,,,,,,,,,,,,,,,,,,,,,,,,,,,,,,,,,,,,,,,,,,,,,,,FS,O,,2016,6,3,11/16/2003,20.61889251,21.00344023,21.08034978,20.61889251,,,78.3,90.7,107.2,112.5,112.6,106.7,98.4,83.6,62,37.1,20.7,24.9,31.5,38.9,20.5,20.8,34.1,48,60.4,65.5,76.6,91.6,103.2,105.6,110.7,114.1,113.7,111.8,,,,,,,,,,,,,,,,,,,,,,,,,,,,,,,,,,,,,,,,,,,,,,,,,,,,,,,,,,,,,,,72.6,53.7,42.9,38.2,29.3,22.7,27.8,39.1,41.1,51.5,68.1,88.3,93.6,106.7,95.4,80.8,70,74,72.1,60.1,49.1,47.6,49.6,48.1,37.5,30.6,30.2,36.4,,,,,,,,,,,,,,,,,,,,,,,,,,,,,,,,,,,,,,,,,,,,,,,,,,,,,,,,,,,,,2081.7,1557.1,74.34642857,55.61071429,55,115,3,3
16,5,B,S,2,90.1,1879,53,9,31,40,29,44,1.5,0,1,0,90,1610,75,90,55.7,57.9,57.9,50.7,49.1,47.9,46.2,44.8,44.2,43.2,41.4,41.3,38.8,33.1,34.6,38.9,49.1,55.8,50.8,36.7,24.1,30.5,47.9,53.6,51.7,42.9,37.8,45.6,26.3,20.1,41.5,63,79,89.5,64.2,40.5,28,29.6,30.2,34.3,56.6,59.9,59,57.7,63.6,69.7,68.4,55.2,51.8,52.9,37.3,34.8,39.9,39.1,38.9,35.2,26.8,34.2,43.7,42.6,31.7,24.3,34.7,41.4,43.1,51.9,63,75,75.1,85.3,105.4,115.9,115.1,106,89.2,68.5,55.5,51.8,49,60.5,59.8,52.6,34.2,32.5,44.7,52.9,68.9,80.7,70.4,52.4,105.2,105.7,107.2,110.1,110.1,110,110.2,110.5,110.7,110.7,111.7,111.6,112.1,104.6,99.4,100.2,103.8,105.2,108,96.7,78.2,56.1,47.2,54.1,69,89.8,108.1,124.1,111.3,93,76.4,68.7,71.6,87.9,90.7,78.4,63.2,59.7,66.7,96.4,122.5,117.4,101.6,77.5,53.7,40.2,22.8,33.1,57.8,86.8,106.1,117.4,125.3,124.1,122.2,106.3,84.4,56.5,43.3,50.1,70.2,95.9,118.7,126.4,122.7,118,112.2,101.9,84.7,65.4,65.6,66,52.8,33.2,12.8,19.5,46.3,65.8,89.3,114.4,117.5,116.8,114,116.9,123.7,111.5,100.2,88.2,73.5,60.8,TT,O,,2016,1,3,11/15/2003,20.85460599,23.26727059,22.18782569,28.66449511,,57.9,57.9,50.7,49.1,47.9,46.2,44.8,44.2,43.2,41.4,41.3,38.8,33.1,34.6,38.9,49.1,55.8,50.8,36.7,24.1,30.5,47.9,53.6,51.7,42.9,37.8,45.6,26.3,20.1,41.5,63,79,89.5,64.2,40.5,28,29.6,30.2,34.3,56.6,59.9,59,57.7,63.6,69.7,68.4,55.2,51.8,52.9,37.3,34.8,39.9,39.1,38.9,35.2,26.8,34.2,43.7,42.6,31.7,24.3,34.7,41.4,43.1,51.9,63,75,75.1,85.3,105.4,115.9,115.1,106,89.2,68.5,55.5,51.8,49,60.5,59.8,52.6,34.2,32.5,44.7,52.9,68.9,80.7,70.4,52.4,,105.7,107.2,110.1,110.1,110,110.2,110.5,110.7,110.7,111.7,111.6,112.1,104.6,99.4,100.2,103.8,105.2,108,96.7,78.2,56.1,47.2,54.1,69,89.8,108.1,124.1,111.3,93,76.4,68.7,71.6,87.9,90.7,78.4,63.2,59.7,66.7,96.4,122.5,117.4,101.6,77.5,53.7,40.2,22.8,33.1,57.8,86.8,106.1,117.4,125.3,124.1,122.2,106.3,84.4,56.5,43.3,50.1,70.2,95.9,118.7,126.4,122.7,118,112.2,101.9,84.7,65.4,65.6,66,52.8,33.2,12.8,19.5,46.3,65.8,89.3,114.4,117.5,116.8,114,116.9,123.7,111.5,100.2,88.2,73.5,60.8,4601.5,7883.1,51.70224719,88.5741573,55,115,2,2
17,5,B,N,2,46.1,1062,35,32,41,47,12,15,1.5,1,1,0,90,1610,75,46,108.1,100.2,85.7,69.7,53.9,46.5,51.5,39.9,24.8,21.5,32.4,52.6,63.4,69.2,77.2,87.8,90.5,90,88.6,83.8,72.4,58.9,42.3,24.7,22.1,30.2,44.2,44,38.9,25.2,31.1,42.3,59.8,81.4,104,119.1,117.1,105.8,92.7,73.7,58.6,49.8,54.6,53.8,44.7,22.1,,,,,,,,,,,,,,,,,,,,,,,,,,,,,,,,,,,,,,,,,,,,,47.6,40.4,26.1,18,40.5,70.4,97.1,110.1,107.8,103.8,98.9,100.3,91.1,76.3,57.6,40.9,30.2,12.8,13.8,32.9,52.5,71,88.7,100.9,107.1,111.6,122.5,124.2,122.9,104.6,86.8,64.5,40.1,19.2,22,34,32.1,26.8,30.2,45.9,64.8,86.3,110.2,116.1,111.2,100.4,,,,,,,,,,,,,,,,,,,,,,,,,,,,,,,,,,,,,,,,,,,,,TT,O,,2016,2,3,11/15/2003,23.03687636,23.26727059,22.18782569,28.66449511,,,,,53.9,46.5,51.5,39.9,24.8,21.5,32.4,52.6,63.4,69.2,77.2,87.8,90.5,90,88.6,83.8,72.4,58.9,42.3,24.7,22.1,30.2,44.2,44,38.9,25.2,31.1,42.3,59.8,81.4,104,119.1,117.1,105.8,92.7,73.7,58.6,49.8,54.6,53.8,44.7,22.1,,,,,,,,,,,,,,,,,,,,,,,,,,,,,,,,,,,,,,,,,,,,,,,,,40.5,70.4,97.1,110.1,107.8,103.8,98.9,100.3,91.1,76.3,57.6,40.9,30.2,12.8,13.8,32.9,52.5,71,88.7,100.9,107.1,111.6,122.5,124.2,122.9,104.6,86.8,64.5,40.1,19.2,22,34,32.1,26.8,30.2,45.9,64.8,86.3,110.2,116.1,111.2,100.4,,,,,,,,,,,,,,,,,,,,,,,,,,,,,,,,,,,,,,,,,,,,,2487.1,3081.1,59.21666667,73.35952381,115,55,5,5
18,5,B,W,2,32.5,769,33,25,63,24,13,25,1.5,2,2,0,90,1610,75,32,108.8,99.1,77.4,49.7,21.6,17.7,32.1,35.9,40.9,59.1,81.9,95.3,94.9,88.1,75.9,63.2,56.8,57.7,59.2,49.3,38.9,29.4,20.6,26.4,45.8,63.2,81.2,89.2,89,80.1,59.2,24.1,,,,,,,,,,,,,,,,,,,,,,,,,,,,,,,,,,,,,,,,,,,,,,,,,,,,,,,,,,,62.7,61.8,62.7,70.5,87.8,102.1,108.5,95.9,75,51.8,34.3,25.3,14,5.7,21.8,45.9,73.8,96,112,119.8,121.3,114.7,98.8,78.5,54.5,31.5,6.9,10.3,26.8,41.5,54.3,71.1,,,,,,,,,,,,,,,,,,,,,,,,,,,,,,,,,,,,,,,,,,,,,,,,,,,,,,,,,,,TT,O,,2016,3,3,11/15/2003,23.66153846,23.26727059,22.18782569,28.66449511,,,,,21.6,17.7,32.1,35.9,40.9,59.1,81.9,95.3,94.9,88.1,75.9,63.2,56.8,57.7,59.2,49.3,38.9,29.4,20.6,26.4,45.8,63.2,81.2,89.2,89,80.1,59.2,24.1,,,,,,,,,,,,,,,,,,,,,,,,,,,,,,,,,,,,,,,,,,,,,,,,,,,,,,,,,,,,,,,87.8,102.1,108.5,95.9,75,51.8,34.3,25.3,14,5.7,21.8,45.9,73.8,96,112,119.8,121.3,114.7,98.8,78.5,54.5,31.5,6.9,10.3,26.8,41.5,54.3,71.1,,,,,,,,,,,,,,,,,,,,,,,,,,,,,,,,,,,,,,,,,,,,,,,,,,,,,,,,,,,1576.7,1779.9,56.31071429,63.56785714,115,55,5,5
16,6,B,N,2,68,1706,23,33,37,45,18,29,1.5,5,3,0,90,1610,75,67,112.7,111.9,111.4,110.6,110,106.5,101.3,87.3,66.9,39.6,13.4,35.4,42.4,45.3,59.2,77.8,88.5,92.8,85.6,73.6,60.9,40,27.4,20.5,26.6,44.5,63.8,85.4,105.4,103.1,95.3,83.2,61.8,34.7,11.6,23.1,53.2,82.3,96.8,101.4,101.4,94.3,83.2,75.9,77.4,84.4,79.1,63,43,37.3,42.6,47.5,59.7,80.2,82.1,80.5,78.4,76,81.9,101.2,113.6,117.4,113,104.9,91.4,73.2,47.9,,,,,,,,,,,,,,,,,,,,,,,,56.5,53.9,52.6,51.4,50.2,50.6,45.4,32.7,21.9,47,78.9,106.7,97.4,74.4,45.2,18.7,9,24.6,48,69.3,88.3,105.4,110.1,103.6,91.7,80.3,70.9,64,71,72.9,76.1,82.5,76.2,72.9,76.7,88,103.9,97.9,85.5,66.3,43.5,16.9,13.2,41.1,71.8,94.4,103.2,109.2,111,120.1,126.7,114,107.4,97.4,77.5,51.9,24.2,14.6,36.2,46.7,44.8,38.1,28,24.4,31.2,50.5,69.8,,,,,,,,,,,,,,,,,,,,,,,,TT,O,,2016,4,3,11/16/2003,25.08823529,23.26727059,22.18782569,28.66449511,,,,,110,106.5,101.3,87.3,66.9,39.6,13.4,35.4,42.4,45.3,59.2,77.8,88.5,92.8,85.6,73.6,60.9,40,27.4,20.5,26.6,44.5,63.8,85.4,105.4,103.1,95.3,83.2,61.8,34.7,11.6,23.1,53.2,82.3,96.8,101.4,101.4,94.3,83.2,75.9,77.4,84.4,79.1,63,43,37.3,42.6,47.5,59.7,80.2,82.1,80.5,78.4,76,81.9,101.2,113.6,117.4,113,104.9,91.4,73.2,47.9,,,,,,,,,,,,,,,,,,,,,,,,,,,,50.2,50.6,45.4,32.7,21.9,47,78.9,106.7,97.4,74.4,45.2,18.7,9,24.6,48,69.3,88.3,105.4,110.1,103.6,91.7,80.3,70.9,64,71,72.9,76.1,82.5,76.2,72.9,76.7,88,103.9,97.9,85.5,66.3,43.5,16.9,13.2,41.1,71.8,94.4,103.2,109.2,111,120.1,126.7,114,107.4,97.4,77.5,51.9,24.2,14.6,36.2,46.7,44.8,38.1,28,24.4,31.2,50.5,69.8,,,,,,,,,,,,,,,,,,,,,,,,4477.1,4212,71.06507937,66.85714286,115,55,5,5
17,6,B,S,2,4.7,86,100,0,15,36,49,49,1.5,1,0,0,90,1610,75,4,57.1,54,40.6,17.5,,,,,,,,,,,,,,,,,,,,,,,,,,,,,,,,,,,,,,,,,,,,,,,,,,,,,,,,,,,,,,,,,,,,,,,,,,,,,,,,,,,,,,,110.1,108.9,112.6,100,,,,,,,,,,,,,,,,,,,,,,,,,,,,,,,,,,,,,,,,,,,,,,,,,,,,,,,,,,,,,,,,,,,,,,,,,,,,,,,,,,,,,,,TT,O,,2016,5,3,11/16/2003,18.29787234,23.26727059,22.18782569,28.66449511,,54,40.6,17.5,,,,,,,,,,,,,,,,,,,,,,,,,,,,,,,,,,,,,,,,,,,,,,,,,,,,,,,,,,,,,,,,,,,,,,,,,,,,,,,,,,,,,,,,108.9,112.6,100,,,,,,,,,,,,,,,,,,,,,,,,,,,,,,,,,,,,,,,,,,,,,,,,,,,,,,,,,,,,,,,,,,,,,,,,,,,,,,,,,,,,,,,112.1,321.5,37.36666667,107.1666667,55,115,2,2
18,6,B,E,2,30.7,880,36,24,27,55,18,-13,1.5,0,2,0,90,1610,75,30,56.7,41.4,17.5,26.1,62.1,86.2,89.9,86.1,81.7,72.9,56.3,40,40.7,43.3,32.8,37.4,57.1,68.8,76.6,84.4,97.5,113.1,113,103.2,87.1,73.6,62.8,56,35.6,15.3,,,,,,,,,,,,,,,,,,,,,,,,,,,,,,,,,,,,,,,,,,,,,,,,,,,,,,,,,,,,,116.1,109.3,99.1,97.5,91.9,84.5,63.3,34.8,8.5,20.3,44.4,74.2,103.5,121,117.5,108.9,92.9,72.8,48.2,20.3,13.6,37.1,49.5,56.7,68.4,85.8,102.6,117.5,111,98.7,,,,,,,,,,,,,,,,,,,,,,,,,,,,,,,,,,,,,,,,,,,,,,,,,,,,,,,,,,,,,FS,O,,2016,6,3,11/16/2003,28.66449511,23.26727059,22.18782569,28.66449511,,41.4,17.5,26.1,62.1,86.2,89.9,86.1,81.7,72.9,56.3,40,40.7,43.3,32.8,37.4,57.1,68.8,76.6,84.4,97.5,113.1,113,103.2,87.1,73.6,62.8,56,35.6,15.3,,,,,,,,,,,,,,,,,,,,,,,,,,,,,,,,,,,,,,,,,,,,,,,,,,,,,,,,,,,,,,109.3,99.1,97.5,91.9,84.5,63.3,34.8,8.5,20.3,44.4,74.2,103.5,121,117.5,108.9,92.9,72.8,48.2,20.3,13.6,37.1,49.5,56.7,68.4,85.8,102.6,117.5,111,98.7,,,,,,,,,,,,,,,,,,,,,,,,,,,,,,,,,,,,,,,,,,,,,,,,,,,,,,,,,,,,,1858.5,2153.8,64.0862069,74.26896552,55,115,2,2
19,5,B,S,2,17,303,11,8,59,36,5,-53,1.5,0,0,0,90,1610,77,16,58.6,58.3,48.8,42.1,39,51.8,69.4,79.9,82.6,80.9,66.8,59.9,60.7,57.6,43.9,34.6,,,,,,,,,,,,,,,,,,,,,,,,,,,,,,,,,,,,,,,,,,,,,,,,,,,,,,,,,,,,,,,,,,,,,,,,,,,107.3,99,86,70.5,51.8,35.1,32.1,40.6,41.5,43.5,47.1,69,75.4,84.7,84.8,95.1,,,,,,,,,,,,,,,,,,,,,,,,,,,,,,,,,,,,,,,,,,,,,,,,,,,,,,,,,,,,,,,,,,,,,,,,,,,TT,O,,2016,1,3,11/15/2003,17.82352941,16.0299684,15.69850279,17.68729642,,,,42.1,39,51.8,69.4,79.9,82.6,80.9,66.8,59.9,60.7,57.6,43.9,34.6,,,,,,,,,,,,,,,,,,,,,,,,,,,,,,,,,,,,,,,,,,,,,,,,,,,,,,,,,,,,,,,,,,,,,,,,,,,,,,70.5,51.8,35.1,32.1,40.6,41.5,43.5,47.1,69,75.4,84.7,84.8,95.1,,,,,,,,,,,,,,,,,,,,,,,,,,,,,,,,,,,,,,,,,,,,,,,,,,,,,,,,,,,,,,,,,,,,,,,,,,,769.2,771.2,59.16923077,59.32307692,55,115,4,4
20,5,B,N,2,48.4,779,16,37,35,62,3,-24,1.5,0,0,0,90,1610,77,48,112.2,107.4,99.4,91.8,78.9,66.5,72.8,91.7,107.9,107.1,103.6,100,94.9,89.7,87.3,82.1,74.4,61.9,51.1,42.3,38.1,28.6,23.3,25.1,35.1,44.7,49.7,58.4,66.1,78.2,91.4,103.6,110.9,114.2,116.1,116,115.6,108.9,100.7,88,76.9,74.5,71.7,64.5,58.4,48.2,36.4,25.7,,,,,,,,,,,,,,,,,,,,,,,,,,,,,,,,,,,,,,,,,,,60.1,61.1,58,54.4,42.5,30.6,16.6,22.8,32.2,26,19.6,15.6,20.9,35.9,47.8,56.4,61.4,69.4,79.8,92.8,105.8,107.7,108.1,105.6,100,86.9,76.3,65,50.4,35,25.4,24.3,26,29.6,36.3,45,51.2,47.4,45.6,48.6,60.5,72.7,83.7,91.1,99,98.1,98.6,96.2,,,,,,,,,,,,,,,,,,,,,,,,,,,,,,,,,,,,,,,,,,,TT,O,,2016,2,3,11/15/2003,16.09504132,16.0299684,15.69850279,17.68729642,,,,,,,72.8,91.7,107.9,107.1,103.6,100,94.9,89.7,87.3,82.1,74.4,61.9,51.1,42.3,38.1,28.6,23.3,25.1,35.1,44.7,49.7,58.4,66.1,78.2,91.4,103.6,110.9,114.2,116.1,116,115.6,108.9,100.7,88,76.9,74.5,71.7,64.5,58.4,48.2,36.4,25.7,,,,,,,,,,,,,,,,,,,,,,,,,,,,,,,,,,,,,,,,,,,,,,,,,16.6,22.8,32.2,26,19.6,15.6,20.9,35.9,47.8,56.4,61.4,69.4,79.8,92.8,105.8,107.7,108.1,105.6,100,86.9,76.3,65,50.4,35,25.4,24.3,26,29.6,36.3,45,51.2,47.4,45.6,48.6,60.5,72.7,83.7,91.1,99,98.1,98.6,96.2,,,,,,,,,,,,,,,,,,,,,,,,,,,,,,,,,,,,,,,,,,,3135.8,2517.3,74.66190476,59.93571429,115,55,7,7
21,5,B,W,2,63.8,972,38,39,71,23,6,-54,1.5,3,7,0,90,1610,77,63,113.9,107,97.6,90.3,88.1,81.3,80.2,71.7,64.3,65.3,77.9,83.9,85.5,85,84.8,82.2,80.4,76.5,71,70.6,80.7,76.5,75.9,72.3,60.7,54.4,49.7,42,30,18,18.8,21.4,24.8,30.5,29.9,33,34.1,39.8,44.3,44.6,37.3,25.1,10.7,24.9,39,44.4,48.8,46.3,50.8,51.3,48.4,45.6,45.2,35.7,25.2,14.4,14.6,25.2,35.9,45.7,44.5,33,27.3,,,,,,,,,,,,,,,,,,,,,,,,,,,,51.6,39.6,18.8,8.1,12.7,19.2,20.3,21,23,20.7,22.3,15.3,5.7,3.3,6.9,8.8,9.5,12.6,17.2,17,6.3,15,16.7,22.3,42.6,58.5,70.9,85.1,87.6,94.1,103.6,103.1,89.4,78,65.8,53.8,55.1,66.8,73.3,82.7,80.5,78.4,77.8,62.2,47.1,42.3,37.4,39.8,37.6,46.7,63.6,85.8,102.6,111,107.4,99.5,94.9,102.8,113,122.2,121.4,112.7,107.3,,,,,,,,,,,,,,,,,,,,,,,,,,,,TT,O,,2016,3,3,11/15/2003,15.23510972,16.0299684,15.69850279,17.68729642,,,,,,,80.2,71.7,64.3,65.3,77.9,83.9,85.5,85,84.8,82.2,80.4,76.5,71,70.6,80.7,76.5,75.9,72.3,60.7,54.4,49.7,42,30,18,18.8,21.4,24.8,30.5,29.9,33,34.1,39.8,44.3,44.6,37.3,25.1,10.7,24.9,39,44.4,48.8,46.3,50.8,51.3,48.4,45.6,45.2,35.7,25.2,14.4,14.6,25.2,35.9,45.7,44.5,33,27.3,,,,,,,,,,,,,,,,,,,,,,,,,,,,,,,,,,20.3,21,23,20.7,22.3,15.3,5.7,3.3,6.9,8.8,9.5,12.6,17.2,17,6.3,15,16.7,22.3,42.6,58.5,70.9,85.1,87.6,94.1,103.6,103.1,89.4,78,65.8,53.8,55.1,66.8,73.3,82.7,80.5,78.4,77.8,62.2,47.1,42.3,37.4,39.8,37.6,46.7,63.6,85.8,102.6,111,107.4,99.5,94.9,102.8,113,122.2,121.4,112.7,107.3,,,,,,,,,,,,,,,,,,,,,,,,,,,,2780,3368.3,48.77192983,59.09298246,115,55,7,7
19,6,B,N,2,90.1,1232,5,45,42,48,10,26,1.5,0,0,0,90,1610,77,90,112.4,108.2,105.1,102.6,100.3,98.3,96,93.4,91.2,89.9,88.3,86.7,84.5,79.1,71.6,54.5,38.5,37.2,35.9,32.5,32.3,33.5,33.9,28.8,29.7,39.8,51.3,63.1,76.7,91.1,104.2,113.1,120.7,122.5,120.3,116.6,121.9,118.4,111,106.4,103.3,101.6,101.1,98.8,94.7,85.4,75.3,66.6,57.6,46.9,29,28.7,37.5,50.8,67,83.7,99.1,112.4,121.4,117.4,111.2,98.1,90.4,85.5,80.1,74.9,80.2,75.5,74.1,68.3,54.6,53.5,57.8,66.2,75.3,83.1,93.2,105.2,114.8,113.7,109.9,104.7,100.9,94.2,82,74.6,79.6,77.2,75,72.9,55.3,51.8,48.6,45.4,43.1,40.9,38.9,36.4,35.3,33.3,32.5,31.4,31.9,25.7,29,44.5,59.2,51.5,60.3,65.2,64.6,71.2,82.8,83.7,71.3,73.5,64.8,52.9,41.9,32.5,30.3,32.4,35.9,37.8,36.8,33.9,40.8,34.6,25.7,24.4,33.7,46.6,55.9,64.1,78.3,83.5,90.8,99.3,99.8,94.2,83.1,67.6,54.8,40.5,24.8,13.7,18.9,31.4,40.3,37.9,32.8,36.8,44.2,54.7,67.1,86,104.8,103.7,104.2,108.1,93.6,81.1,70,59.9,52.6,50.6,54.5,55.1,56.8,57.1,59.3,56.2,56.4,49.6,46.6,33.5,28.1,37.6,40.4,38.4,TT,O,,2016,4,3,11/16/2003,13.67369589,16.0299684,15.69850279,17.68729642,,,,,,,96,93.4,91.2,89.9,88.3,86.7,84.5,79.1,71.6,54.5,38.5,37.2,35.9,32.5,32.3,33.5,33.9,28.8,29.7,39.8,51.3,63.1,76.7,91.1,104.2,113.1,120.7,122.5,120.3,116.6,121.9,118.4,111,106.4,103.3,101.6,101.1,98.8,94.7,85.4,75.3,66.6,57.6,46.9,29,28.7,37.5,50.8,67,83.7,99.1,112.4,121.4,117.4,111.2,98.1,90.4,85.5,80.1,74.9,80.2,75.5,74.1,68.3,54.6,53.5,57.8,66.2,75.3,83.1,93.2,105.2,114.8,113.7,109.9,104.7,100.9,94.2,82,74.6,79.6,77.2,75,72.9,,,,,,,38.9,36.4,35.3,33.3,32.5,31.4,31.9,25.7,29,44.5,59.2,51.5,60.3,65.2,64.6,71.2,82.8,83.7,71.3,73.5,64.8,52.9,41.9,32.5,30.3,32.4,35.9,37.8,36.8,33.9,40.8,34.6,25.7,24.4,33.7,46.6,55.9,64.1,78.3,83.5,90.8,99.3,99.8,94.2,83.1,67.6,54.8,40.5,24.8,13.7,18.9,31.4,40.3,37.9,32.8,36.8,44.2,54.7,67.1,86,104.8,103.7,104.2,108.1,93.6,81.1,70,59.9,52.6,50.6,54.5,55.1,56.8,57.1,59.3,56.2,56.4,49.6,46.6,33.5,28.1,37.6,40.4,38.4,6719.6,4525.9,79.9952381,53.87976191,115,55,7,7
20,6,B,S,2,43.6,683,56,20,51,34,15,-41,1.5,0,0,0,90,1610,77,43,54.1,53.5,46.6,35.1,26.8,28.6,31,37.2,49.2,59.5,50.7,44.6,42.1,36.6,30.3,24.4,20.3,22,27.1,35.8,46.1,46.9,45.7,36.7,26.6,18,22.1,32.6,46.7,63.3,79.4,96.1,110.7,119.4,114.2,107.8,96.9,82.1,67.1,53.4,42,31.9,25.8,,,,,,,,,,,,,,,,,,,,,,,,,,,,,,,,,,,,,,,,,,,,,,,,105.8,102.8,91.3,84.2,80.1,80.3,90.5,100.4,107.8,110.7,99.2,85.2,70.6,66.3,64.4,62.5,67.6,76.2,87.1,102.9,118.9,121.5,124.2,119.5,111.8,97.3,83.3,69.7,54.1,39.3,25.8,21.7,28.3,34.3,28.9,24,21.2,25.7,38.2,51.8,68.3,82,89.7,,,,,,,,,,,,,,,,,,,,,,,,,,,,,,,,,,,,,,,,,,,,,,,,TT,O,,2016,5,3,11/16/2003,15.66513762,16.0299684,15.69850279,17.68729642,,,,35.1,26.8,28.6,31,37.2,49.2,59.5,50.7,44.6,42.1,36.6,30.3,24.4,20.3,22,27.1,35.8,46.1,46.9,45.7,36.7,26.6,18,22.1,32.6,46.7,63.3,79.4,96.1,110.7,119.4,114.2,107.8,96.9,82.1,67.1,53.4,42,31.9,25.8,,,,,,,,,,,,,,,,,,,,,,,,,,,,,,,,,,,,,,,,,,,,,,,,,,,84.2,80.1,80.3,90.5,100.4,107.8,110.7,99.2,85.2,70.6,66.3,64.4,62.5,67.6,76.2,87.1,102.9,118.9,121.5,124.2,119.5,111.8,97.3,83.3,69.7,54.1,39.3,25.8,21.7,28.3,34.3,28.9,24,21.2,25.7,38.2,51.8,68.3,82,89.7,,,,,,,,,,,,,,,,,,,,,,,,,,,,,,,,,,,,,,,,,,,,,,,,2012.8,2915.5,50.32,72.8875,55,115,4,4
21,6,B,E,2,30.7,543,24,32,62,25,13,13,1.5,1,0,0,90,1610,77,30,57.4,55.3,44.1,24.4,13.8,32.6,57.8,82.3,100.2,103.8,101,100.9,100.3,100.6,97.4,95.3,94.6,86.6,76,67.8,56.5,51.5,53.4,53.4,37.1,23,16.3,23.4,39.6,58,,,,,,,,,,,,,,,,,,,,,,,,,,,,,,,,,,,,,,,,,,,,,,,,,,,,,,,,,,,,,111.4,110.6,103.8,89.2,75.9,66.3,65,71.1,80.7,80.8,67.3,53.4,37.8,24,13.2,12.5,13.9,21.4,27.3,28.2,31.5,35.6,45.9,63.5,75,73.3,70.4,72.2,79.7,88.6,,,,,,,,,,,,,,,,,,,,,,,,,,,,,,,,,,,,,,,,,,,,,,,,,,,,,,,,,,,,,FS,O,,2016,6,3,11/16/2003,17.68729642,16.0299684,15.69850279,17.68729642,,,44.1,24.4,13.8,32.6,57.8,82.3,100.2,103.8,101,100.9,100.3,100.6,97.4,95.3,94.6,86.6,76,67.8,56.5,51.5,53.4,53.4,37.1,23,16.3,23.4,39.6,58,,,,,,,,,,,,,,,,,,,,,,,,,,,,,,,,,,,,,,,,,,,,,,,,,,,,,,,,,,,,,,,103.8,89.2,75.9,66.3,65,71.1,80.7,80.8,67.3,53.4,37.8,24,13.2,12.5,13.9,21.4,27.3,28.2,31.5,35.6,45.9,63.5,75,73.3,70.4,72.2,79.7,88.6,,,,,,,,,,,,,,,,,,,,,,,,,,,,,,,,,,,,,,,,,,,,,,,,,,,,,,,,,,,,,1791.7,1567.5,63.98928571,55.98214286,55,115,3,3
25,5,B,S,2,4.7,76,100,0,15,60,25,51,1.5,1,0,0,90,1610,79,4,51.1,46.5,30.4,14.3,,,,,,,,,,,,,,,,,,,,,,,,,,,,,,,,,,,,,,,,,,,,,,,,,,,,,,,,,,,,,,,,,,,,,,,,,,,,,,,,,,,,,,,108.3,110.8,110.2,99.3,,,,,,,,,,,,,,,,,,,,,,,,,,,,,,,,,,,,,,,,,,,,,,,,,,,,,,,,,,,,,,,,,,,,,,,,,,,,,,,,,,,,,,,TT,O,,2016,1,3,11/15/2003,16.17021277,18.07647953,18.16734547,17.62214984,,,30.4,14.3,,,,,,,,,,,,,,,,,,,,,,,,,,,,,,,,,,,,,,,,,,,,,,,,,,,,,,,,,,,,,,,,,,,,,,,,,,,,,,,,,,,,,,,,,110.2,99.3,,,,,,,,,,,,,,,,,,,,,,,,,,,,,,,,,,,,,,,,,,,,,,,,,,,,,,,,,,,,,,,,,,,,,,,,,,,,,,,,,,,,,,,44.7,209.5,22.35,104.75,55,115,3,3
26,5,B,N,2,73.6,1395,32,17,43,31,26,46,1.5,1,0,0,90,1610,79,73,113.5,108.7,103.3,92.8,76.5,58.6,41.5,45.6,43.2,44.2,47.7,49.6,40.8,36.8,41.9,29.5,25,36.4,51.5,53.5,58.3,54.8,30.1,27.5,34.1,38.3,38.9,38.3,27.7,23,33.5,46.7,42.5,41.6,42.5,54.4,66.2,77.7,90.8,97,103.9,111.6,116.1,117.9,118.5,116.5,112.9,109.3,107.2,99.4,88.3,79.2,67.2,54.6,42.3,32.2,35.9,42,44,48.2,51.8,55.7,57,60.1,61.7,67.2,78.5,87.5,89.7,89,76.3,53.5,27.5,,,,,,,,,,,,,,,,,,50.9,46.6,34.2,26.6,30.8,45.7,64.6,84.6,72.3,58.4,46.2,40.2,45.5,59.8,73,85.1,75.8,61.6,44.5,41.9,43.2,56.9,69.6,61.9,52,49.7,50.1,51.6,67.9,86.4,107.3,125.2,125.6,126.9,123.9,118.8,107.5,99.2,92.4,82.1,71.8,62.8,52.6,42.3,35,31.8,35.3,44.8,51.9,61.1,71.2,84.3,91,96.9,103.3,108.6,119,127.4,127.6,123.2,119.3,115.2,112,100.1,85.8,68.3,52.1,46.9,46.7,54.8,57.6,61.7,70.7,,,,,,,,,,,,,,,,,,TT,O,,2016,2,3,11/15/2003,18.95380435,18.07647953,18.16734547,17.62214984,,,,,,58.6,41.5,45.6,43.2,44.2,47.7,49.6,40.8,36.8,41.9,29.5,25,36.4,51.5,53.5,58.3,54.8,30.1,27.5,34.1,38.3,38.9,38.3,27.7,23,33.5,46.7,42.5,41.6,42.5,54.4,66.2,77.7,90.8,97,103.9,111.6,116.1,117.9,118.5,116.5,112.9,109.3,107.2,99.4,88.3,79.2,67.2,54.6,42.3,32.2,35.9,42,44,48.2,51.8,55.7,57,60.1,61.7,67.2,78.5,87.5,89.7,89,76.3,53.5,27.5,,,,,,,,,,,,,,,,,,,,,,,45.7,64.6,84.6,72.3,58.4,46.2,40.2,45.5,59.8,73,85.1,75.8,61.6,44.5,41.9,43.2,56.9,69.6,61.9,52,49.7,50.1,51.6,67.9,86.4,107.3,125.2,125.6,126.9,123.9,118.8,107.5,99.2,92.4,82.1,71.8,62.8,52.6,42.3,35,31.8,35.3,44.8,51.9,61.1,71.2,84.3,91,96.9,103.3,108.6,119,127.4,127.6,123.2,119.3,115.2,112,100.1,85.8,68.3,52.1,46.9,46.7,54.8,57.6,61.7,70.7,,,,,,,,,,,,,,,,,,4112.4,5130.5,60.47647059,75.44852941,115,55,6,6
27,5,B,W,2,7.6,142,29,1,53,46,1,40,1.5,2,0,0,90,1610,79,7,107.1,104.1,93.9,73.6,52.6,31.6,14,,,,,,,,,,,,,,,,,,,,,,,,,,,,,,,,,,,,,,,,,,,,,,,,,,,,,,,,,,,,,,,,,,,,,,,,,,,,,,,,,,,,57.3,58.3,60.3,59.6,59.2,64.4,73.1,,,,,,,,,,,,,,,,,,,,,,,,,,,,,,,,,,,,,,,,,,,,,,,,,,,,,,,,,,,,,,,,,,,,,,,,,,,,,,,,,,,,TT,O,,2016,3,3,11/15/2003,18.68421053,18.07647953,18.16734547,17.62214984,,,,,,31.6,14,,,,,,,,,,,,,,,,,,,,,,,,,,,,,,,,,,,,,,,,,,,,,,,,,,,,,,,,,,,,,,,,,,,,,,,,,,,,,,,,,,,,,,,,,64.4,73.1,,,,,,,,,,,,,,,,,,,,,,,,,,,,,,,,,,,,,,,,,,,,,,,,,,,,,,,,,,,,,,,,,,,,,,,,,,,,,,,,,,,,45.6,137.5,22.8,68.75,115,55,6,6
25,6,B,N,2,10.7,203,13,64,45,48,7,73,1.5,1,0,0,90,1610,79,10,114,112.3,109.3,107.7,108.6,103,88.7,73.7,56.7,25,,,,,,,,,,,,,,,,,,,,,,,,,,,,,,,,,,,,,,,,,,,,,,,,,,,,,,,,,,,,,,,,,,,,,,,,,,,,,,,,,55.9,47.4,39.8,27.6,23.9,25.6,29.8,43.6,60.4,78.6,,,,,,,,,,,,,,,,,,,,,,,,,,,,,,,,,,,,,,,,,,,,,,,,,,,,,,,,,,,,,,,,,,,,,,,,,,,,,,,,,TT,O,,2016,4,3,11/16/2003,18.97196262,18.07647953,18.16734547,17.62214984,,,,,,103,88.7,73.7,56.7,25,,,,,,,,,,,,,,,,,,,,,,,,,,,,,,,,,,,,,,,,,,,,,,,,,,,,,,,,,,,,,,,,,,,,,,,,,,,,,,,,,,,,,,25.6,29.8,43.6,60.4,78.6,,,,,,,,,,,,,,,,,,,,,,,,,,,,,,,,,,,,,,,,,,,,,,,,,,,,,,,,,,,,,,,,,,,,,,,,,,,,,,,,,347.1,238,69.42,47.6,115,55,6,6
26,6,B,S,2,28.3,511,71,3,51,44,5,45,1.5,1,0,0,90,1610,79,28,53.8,50.5,35.5,24.2,23.6,36.3,44.6,44.8,41.3,44.4,36.8,29.1,29.8,21,22,22,29.6,31.5,29.9,21.9,29.1,45,48.9,44.5,39.6,27.7,16.1,4.7,,,,,,,,,,,,,,,,,,,,,,,,,,,,,,,,,,,,,,,,,,,,,,,,,,,,,,,,,,,,,,,109.2,108.3,112.5,109.1,101.7,94.3,81.7,78.1,60.3,46,50.2,69,90.4,102.1,107,100.3,90.1,82.1,77.5,67,61.8,59.6,71.9,83.3,90.5,94.4,92.2,88.4,,,,,,,,,,,,,,,,,,,,,,,,,,,,,,,,,,,,,,,,,,,,,,,,,,,,,,,,,,,,,,,TT,O,,2016,5,3,11/16/2003,18.0565371,18.07647953,18.16734547,17.62214984,,,35.5,24.2,23.6,36.3,44.6,44.8,41.3,44.4,36.8,29.1,29.8,21,22,22,29.6,31.5,29.9,21.9,29.1,45,48.9,44.5,39.6,27.7,16.1,4.7,,,,,,,,,,,,,,,,,,,,,,,,,,,,,,,,,,,,,,,,,,,,,,,,,,,,,,,,,,,,,,,,,112.5,109.1,101.7,94.3,81.7,78.1,60.3,46,50.2,69,90.4,102.1,107,100.3,90.1,82.1,77.5,67,61.8,59.6,71.9,83.3,90.5,94.4,92.2,88.4,,,,,,,,,,,,,,,,,,,,,,,,,,,,,,,,,,,,,,,,,,,,,,,,,,,,,,,,,,,,,,,823.9,2161.5,31.68846154,83.13461539,55,115,3,3
27,6,B,E,2,30.7,541,51,2,69,23,8,76,1.5,4,0,0,90,1610,79,30,66.5,62,60.9,63.3,66.7,67.2,54.6,36.3,18.3,9.4,17.2,30.3,29.6,27.5,13.6,12.4,16.2,13.7,9.6,2.7,10.4,28.9,36.3,46.3,59.8,75.5,93.1,105.6,103.4,97.7,,,,,,,,,,,,,,,,,,,,,,,,,,,,,,,,,,,,,,,,,,,,,,,,,,,,,,,,,,,,,116.7,99,80.3,61.1,49.3,42.6,40.7,50.5,68,83,84.8,81.7,75.9,77,76.6,81.4,94.4,98.9,91.4,85.6,80,63.8,51.6,39.7,33.6,40,54.5,69.2,67.9,73.6,,,,,,,,,,,,,,,,,,,,,,,,,,,,,,,,,,,,,,,,,,,,,,,,,,,,,,,,,,,,,FS,O,,2016,6,3,11/16/2003,17.62214984,18.07647953,18.16734547,17.62214984,,,60.9,63.3,66.7,67.2,54.6,36.3,18.3,9.4,17.2,30.3,29.6,27.5,13.6,12.4,16.2,13.7,9.6,2.7,10.4,28.9,36.3,46.3,59.8,75.5,93.1,105.6,103.4,97.7,,,,,,,,,,,,,,,,,,,,,,,,,,,,,,,,,,,,,,,,,,,,,,,,,,,,,,,,,,,,,,,80.3,61.1,49.3,42.6,40.7,50.5,68,83,84.8,81.7,75.9,77,76.6,81.4,94.4,98.9,91.4,85.6,80,63.8,51.6,39.7,33.6,40,54.5,69.2,67.9,73.6,,,,,,,,,,,,,,,,,,,,,,,,,,,,,,,,,,,,,,,,,,,,,,,,,,,,,,,,,,,,,1206.5,1897.1,43.08928571,67.75357143,55,115,3,3
28,5,B,S,2,88.3,2115,35,12,24,41,35,74,1.5,0,0,0,90,1610,94,88,52.2,49.1,36.2,26.7,30.8,35.8,39.9,42.8,37,45.4,56.9,45.7,38.3,29.8,37.5,44.1,48.7,58.6,60.7,57.6,62,58.4,68.4,71.7,71.2,61,50.4,42.9,44.2,51.8,57.9,69.2,66.2,67.1,72.1,84.4,100.7,107.2,108.9,108.2,102.6,96.5,94.3,85.2,73.5,61.1,56.8,62.2,67.7,64.5,51.3,38.3,33.9,35.7,46.9,63.7,62.5,67.7,82,90.9,90.1,85.7,79.1,74.7,77.9,75.9,68,65.5,55.9,45.3,42.5,40.3,42,52.8,67.2,77.1,82.4,82.6,70.9,50.2,39.5,30,28.7,44.5,55.4,60,50.1,30.7,,,105.8,118.6,118.7,111.2,102.1,85.4,68.4,57,50.1,61.7,86.9,106.5,118,114.8,118.1,112.5,98,83.8,76.8,51.2,29.3,32.5,52.9,78.8,96.6,108.2,120.6,125.6,128.1,126.4,118.2,118.2,101.7,81.9,60.1,37.3,26.9,25.9,25.5,39.1,54.6,72.6,87,96.2,105.4,112,110.2,102.5,86.7,66.5,51.8,48.8,63.5,74,104.4,117.5,103.8,86.7,72.8,64.6,56.3,34.9,14.5,20,45.3,67.9,87.7,104.5,115.7,124,123.7,113.2,93.7,72,63.6,74,87.5,98.6,104.7,113.9,118.5,115,106.6,102.5,104.3,112.4,112.6,105.1,,,TT,O,,2016,1,3,11/15/2003,23.95243488,23.16763338,22.60635486,25.97402597,,49.1,36.2,26.7,30.8,35.8,39.9,42.8,37,45.4,56.9,45.7,38.3,29.8,37.5,44.1,48.7,58.6,60.7,57.6,62,58.4,68.4,71.7,71.2,61,50.4,42.9,44.2,51.8,57.9,69.2,66.2,67.1,72.1,84.4,100.7,107.2,108.9,108.2,102.6,96.5,94.3,85.2,73.5,61.1,56.8,62.2,67.7,64.5,51.3,38.3,33.9,35.7,46.9,63.7,62.5,67.7,82,90.9,90.1,85.7,79.1,74.7,77.9,75.9,68,65.5,55.9,45.3,42.5,40.3,42,52.8,67.2,77.1,82.4,82.6,70.9,50.2,39.5,30,28.7,44.5,55.4,60,50.1,30.7,,,,118.6,118.7,111.2,102.1,85.4,68.4,57,50.1,61.7,86.9,106.5,118,114.8,118.1,112.5,98,83.8,76.8,51.2,29.3,32.5,52.9,78.8,96.6,108.2,120.6,125.6,128.1,126.4,118.2,118.2,101.7,81.9,60.1,37.3,26.9,25.9,25.5,39.1,54.6,72.6,87,96.2,105.4,112,110.2,102.5,86.7,66.5,51.8,48.8,63.5,74,104.4,117.5,103.8,86.7,72.8,64.6,56.3,34.9,14.5,20,45.3,67.9,87.7,104.5,115.7,124,123.7,113.2,93.7,72,63.6,74,87.5,98.6,104.7,113.9,118.5,115,106.6,102.5,104.3,112.4,112.6,105.1,,,5247.8,7447.9,60.31954023,85.60804598,55,115,2,2
29,5,B,N,2,8.2,188,12,58,71,28,1,46,1.5,1,1,0,90,1610,94,8,110,104.1,94.4,80.3,72,61.9,43.2,14.7,,,,,,,,,,,,,,,,,,,,,,,,,,,,,,,,,,,,,,,,,,,,,,,,,,,,,,,,,,,,,,,,,,,,,,,,,,,,,,,,,,,47.1,36.1,22.3,9,25.5,49.9,62.7,76,,,,,,,,,,,,,,,,,,,,,,,,,,,,,,,,,,,,,,,,,,,,,,,,,,,,,,,,,,,,,,,,,,,,,,,,,,,,,,,,,,,TT,O,,2016,2,3,11/15/2003,22.92682927,23.16763338,22.60635486,25.97402597,,,,,72,61.9,43.2,14.7,,,,,,,,,,,,,,,,,,,,,,,,,,,,,,,,,,,,,,,,,,,,,,,,,,,,,,,,,,,,,,,,,,,,,,,,,,,,,,,,,,,,,,,25.5,49.9,62.7,76,,,,,,,,,,,,,,,,,,,,,,,,,,,,,,,,,,,,,,,,,,,,,,,,,,,,,,,,,,,,,,,,,,,,,,,,,,,,,,,,,,,191.8,214.1,47.95,53.525,115,55,5,5
30,5,B,W,2,90.1,2014,25,18,55,41,4,31,1.5,0,3,0,90,1610,94,90,108.9,98.1,73.8,40.4,21.2,31.9,47.9,49.1,52.6,64.8,68.9,59.2,42.9,25.3,21.5,36.8,52.7,69.6,78.7,85.2,91.1,95.9,92,87,82.9,72.4,63.7,46.5,35.3,31.2,35,40.8,52.1,61.8,69,81.8,96.3,108.2,118.7,113.8,100,82.7,70.6,58.1,59.3,72,72.7,65.6,58.9,58.6,60.1,52.7,37.2,22.9,15.3,33.9,54,57.5,66.8,77.2,73.5,59.8,47.6,23.7,18.2,24.1,18.4,22.8,36.2,58,64.9,68.5,75.8,87.3,87.8,77,62.9,48,23.2,21.8,34.5,43,56.1,67.8,78,87.8,83.4,80.1,78.6,81,64.4,64.7,64.5,68.3,66.7,59.4,43.7,38.6,35.2,51.6,74.7,91.8,103.9,108.3,101.9,94.6,82.7,71.1,56.7,41.5,23.4,12.4,25,38,62.6,80.6,93.2,103.2,112.5,116.4,116,107.1,97.5,84.8,64.9,45.7,32.5,28.3,34.1,31.5,19.4,8.9,17.2,43,70.4,81,70.6,55.1,37.7,28.9,40.7,54.6,62.2,66.7,77.3,94.6,90.6,76.9,59.8,44,36.5,36.7,42.8,62.4,79.9,100,103,99.9,91.7,88.3,76.8,61.6,43.4,29.2,23.1,26.6,36.7,49.3,72.5,94,93.2,79.7,67.5,69.5,81.1,82,70.1,54.5,34.8,13.7,TT,O,,2016,3,3,11/15/2003,22.35294118,23.16763338,22.60635486,25.97402597,,,,,21.2,31.9,47.9,49.1,52.6,64.8,68.9,59.2,42.9,25.3,21.5,36.8,52.7,69.6,78.7,85.2,91.1,95.9,92,87,82.9,72.4,63.7,46.5,35.3,31.2,35,40.8,52.1,61.8,69,81.8,96.3,108.2,118.7,113.8,100,82.7,70.6,58.1,59.3,72,72.7,65.6,58.9,58.6,60.1,52.7,37.2,22.9,15.3,33.9,54,57.5,66.8,77.2,73.5,59.8,47.6,23.7,18.2,24.1,18.4,22.8,36.2,58,64.9,68.5,75.8,87.3,87.8,77,62.9,48,23.2,21.8,34.5,43,56.1,67.8,78,87.8,83.4,80.1,78.6,81,,,,,66.7,59.4,43.7,38.6,35.2,51.6,74.7,91.8,103.9,108.3,101.9,94.6,82.7,71.1,56.7,41.5,23.4,12.4,25,38,62.6,80.6,93.2,103.2,112.5,116.4,116,107.1,97.5,84.8,64.9,45.7,32.5,28.3,34.1,31.5,19.4,8.9,17.2,43,70.4,81,70.6,55.1,37.7,28.9,40.7,54.6,62.2,66.7,77.3,94.6,90.6,76.9,59.8,44,36.5,36.7,42.8,62.4,79.9,100,103,99.9,91.7,88.3,76.8,61.6,43.4,29.2,23.1,26.6,36.7,49.3,72.5,94,93.2,79.7,67.5,69.5,81.1,82,70.1,54.5,34.8,13.7,5149.7,5432.2,59.88023256,63.16511628,115,55,5,5
28,6,B,N,2,29,663,34,34,46,51,3,64,1.5,0,1,0,90,1610,94,28,111.2,109.4,101.3,89.3,75.5,63.7,33.3,12.3,13.5,13.2,16.9,28.5,17.6,15.2,20.6,45.7,67.6,78.8,89.1,89.6,97.3,103.7,100.3,95.4,93.4,83.3,62.3,45.2,,,,,,,,,,,,,,,,,,,,,,,,,,,,,,,,,,,,,,,,,,,,,,,,,,,,,,,,,,,,,,,50.6,44.5,27,7.4,17.8,42.9,63,75,77.3,90.8,101.7,113.8,103.2,100.4,94,90.6,78.7,70.4,66.7,51.5,39.2,29.1,16.6,18.5,31.1,45.1,55.3,75.1,,,,,,,,,,,,,,,,,,,,,,,,,,,,,,,,,,,,,,,,,,,,,,,,,,,,,,,,,,,,,,,TT,O,,2016,4,3,11/16/2003,22.86206897,23.16763338,22.60635486,25.97402597,,,,,75.5,63.7,33.3,12.3,13.5,13.2,16.9,28.5,17.6,15.2,20.6,45.7,67.6,78.8,89.1,89.6,97.3,103.7,100.3,95.4,93.4,83.3,62.3,45.2,,,,,,,,,,,,,,,,,,,,,,,,,,,,,,,,,,,,,,,,,,,,,,,,,,,,,,,,,,,,,,,,,,,17.8,42.9,63,75,77.3,90.8,101.7,113.8,103.2,100.4,94,90.6,78.7,70.4,66.7,51.5,39.2,29.1,16.6,18.5,31.1,45.1,55.3,75.1,,,,,,,,,,,,,,,,,,,,,,,,,,,,,,,,,,,,,,,,,,,,,,,,,,,,,,,,,,,,,,,1362,1547.8,56.75,64.49166667,115,55,5,5
29,6,B,S,2,3.2,67,100,0,25,54,21,55,1.5,1,0,0,90,1610,94,3,50.5,30.9,11.5,,,,,,,,,,,,,,,,,,,,,,,,,,,,,,,,,,,,,,,,,,,,,,,,,,,,,,,,,,,,,,,,,,,,,,,,,,,,,,,,,,,,,,,,109.7,104.2,90.5,,,,,,,,,,,,,,,,,,,,,,,,,,,,,,,,,,,,,,,,,,,,,,,,,,,,,,,,,,,,,,,,,,,,,,,,,,,,,,,,,,,,,,,,TT,O,,2016,5,3,11/16/2003,20.9375,23.16763338,22.60635486,25.97402597,,30.9,11.5,,,,,,,,,,,,,,,,,,,,,,,,,,,,,,,,,,,,,,,,,,,,,,,,,,,,,,,,,,,,,,,,,,,,,,,,,,,,,,,,,,,,,,,,,104.2,90.5,,,,,,,,,,,,,,,,,,,,,,,,,,,,,,,,,,,,,,,,,,,,,,,,,,,,,,,,,,,,,,,,,,,,,,,,,,,,,,,,,,,,,,,,42.4,194.7,21.2,97.35,55,115,2,2
30,6,B,E,2,30.8,800,29,17,71,23,6,-26,1.5,2,0,0,90,1610,94,30,60.5,49.3,29.5,13.3,30.3,59.6,62.6,72.8,91.6,96.8,98.5,93.1,75.4,54.7,29.3,8.5,35.4,58.6,68.1,57.8,51.4,57,68.4,69.6,57.5,37.1,12.6,16.3,44.7,57.8,,,,,,,,,,,,,,,,,,,,,,,,,,,,,,,,,,,,,,,,,,,,,,,,,,,,,,,,,,,,,115.6,112.6,105.4,96.3,88.8,76.1,56.9,33.3,15.6,15.1,30,37.5,50.9,67.9,79,82.3,81,75.4,64,49.5,37,38.9,50.4,61,75.3,85.1,87.2,91.5,84.8,66.5,,,,,,,,,,,,,,,,,,,,,,,,,,,,,,,,,,,,,,,,,,,,,,,,,,,,,,,,,,,,,FS,O,,2016,6,3,11/16/2003,25.97402597,23.16763338,22.60635486,25.97402597,,49.3,29.5,13.3,30.3,59.6,62.6,72.8,91.6,96.8,98.5,93.1,75.4,54.7,29.3,8.5,35.4,58.6,68.1,57.8,51.4,57,68.4,69.6,57.5,37.1,12.6,16.3,44.7,57.8,,,,,,,,,,,,,,,,,,,,,,,,,,,,,,,,,,,,,,,,,,,,,,,,,,,,,,,,,,,,,,112.6,105.4,96.3,88.8,76.1,56.9,33.3,15.6,15.1,30,37.5,50.9,67.9,79,82.3,81,75.4,64,49.5,37,38.9,50.4,61,75.3,85.1,87.2,91.5,84.8,66.5,,,,,,,,,,,,,,,,,,,,,,,,,,,,,,,,,,,,,,,,,,,,,,,,,,,,,,,,,,,,,1557.6,1895.3,53.71034483,65.35517241,55,115,2,2
31,5,B,S,2,13.8,209,70,2,35,25,40,-19,1.5,1,0,0,90,1610,95,13,52.1,50.7,50,49.1,48.8,49.6,38.8,35.4,44.6,50.1,65.7,46,24.5,,,,,,,,,,,,,,,,,,,,,,,,,,,,,,,,,,,,,,,,,,,,,,,,,,,,,,,,,,,,,,,,,,,,,,,,,,,,,,110.1,111.9,113.5,114.5,115.7,105.5,95.5,81.9,69,63.7,73.6,85.4,88.8,,,,,,,,,,,,,,,,,,,,,,,,,,,,,,,,,,,,,,,,,,,,,,,,,,,,,,,,,,,,,,,,,,,,,,,,,,,,,,TT,O,,2016,1,3,11/15/2003,15.14492754,18.74909177,18.19172058,21.53594771,,,50,49.1,48.8,49.6,38.8,35.4,44.6,50.1,65.7,46,24.5,,,,,,,,,,,,,,,,,,,,,,,,,,,,,,,,,,,,,,,,,,,,,,,,,,,,,,,,,,,,,,,,,,,,,,,,,,,,,,,,113.5,114.5,115.7,105.5,95.5,81.9,69,63.7,73.6,85.4,88.8,,,,,,,,,,,,,,,,,,,,,,,,,,,,,,,,,,,,,,,,,,,,,,,,,,,,,,,,,,,,,,,,,,,,,,,,,,,,,,502.6,1007.1,45.69090909,91.55454546,55,115,3,3
32,5,B,N,2,15.5,267,40,23,32,50,18,87,1.5,0,0,0,90,1610,95,15,111.4,112.2,112.2,113.5,112.6,99.7,77.6,63.2,46.2,24.1,13.4,35.3,40.4,28.5,20.4,,,,,,,,,,,,,,,,,,,,,,,,,,,,,,,,,,,,,,,,,,,,,,,,,,,,,,,,,,,,,,,,,,,,,,,,,,,,58.3,57.7,56.5,57,52.4,46.8,50.2,64.4,63.9,72.6,95,120.5,122.1,106.9,96,,,,,,,,,,,,,,,,,,,,,,,,,,,,,,,,,,,,,,,,,,,,,,,,,,,,,,,,,,,,,,,,,,,,,,,,,,,,TT,O,,2016,2,3,11/15/2003,17.22580645,18.74909177,18.19172058,21.53594771,,,,,,99.7,77.6,63.2,46.2,24.1,13.4,35.3,40.4,28.5,20.4,,,,,,,,,,,,,,,,,,,,,,,,,,,,,,,,,,,,,,,,,,,,,,,,,,,,,,,,,,,,,,,,,,,,,,,,,,,,,,,,,46.8,50.2,64.4,63.9,72.6,95,120.5,122.1,106.9,96,,,,,,,,,,,,,,,,,,,,,,,,,,,,,,,,,,,,,,,,,,,,,,,,,,,,,,,,,,,,,,,,,,,,,,,,,,,,448.8,838.4,44.88,83.84,115,55,6,6
33,5,B,W,2,10.3,199,32,2,21,58,21,46,1.5,1,0,0,90,1610,95,10,109.9,103.7,86.2,66.8,49.8,48.3,58.4,49.7,33.3,14.9,,,,,,,,,,,,,,,,,,,,,,,,,,,,,,,,,,,,,,,,,,,,,,,,,,,,,,,,,,,,,,,,,,,,,,,,,,,,,,,,,62.1,65,66.5,70.4,74.7,87.4,104.9,118.2,114.3,99.8,,,,,,,,,,,,,,,,,,,,,,,,,,,,,,,,,,,,,,,,,,,,,,,,,,,,,,,,,,,,,,,,,,,,,,,,,,,,,,,,,TT,O,,2016,3,3,11/15/2003,19.32038835,18.74909177,18.19172058,21.53594771,,,,,,48.3,58.4,49.7,33.3,14.9,,,,,,,,,,,,,,,,,,,,,,,,,,,,,,,,,,,,,,,,,,,,,,,,,,,,,,,,,,,,,,,,,,,,,,,,,,,,,,,,,,,,,,87.4,104.9,118.2,114.3,99.8,,,,,,,,,,,,,,,,,,,,,,,,,,,,,,,,,,,,,,,,,,,,,,,,,,,,,,,,,,,,,,,,,,,,,,,,,,,,,,,,,204.6,524.6,40.92,104.92,115,55,6,6
31,6,B,N,2,90.1,1842,27,28,23,50,27,0,1.5,0,1,0,90,1610,95,90,114.2,113.2,112.7,112.3,111,108.3,91.9,70.7,51.2,43.6,41.2,26.3,22.9,23.9,27.8,54.6,68.8,74.3,88.7,77.3,57,48.9,55.2,72,91.1,104.3,107.7,108.7,99.2,108.8,111.7,112.4,111,101,85.2,65.9,46,25.9,15.6,20.2,26,29,39.8,46.2,44.2,44.3,55,71.8,90.8,106.8,110,110.8,117.4,120.6,120.5,121.7,116.2,110.4,106.3,100,90.4,78.5,64.3,51.8,45.7,45.5,32.9,19.7,12.7,25,42.8,63.4,82.8,95.4,95.3,94.9,89,82.6,81.6,90.5,102.6,100.6,89.9,77.9,62.9,48.9,41.4,37.8,36.2,28.6,57.3,56.6,55.7,53,51.2,51.1,46.5,49.3,65.8,89.4,104.8,101.9,107.1,104.7,99.5,91.7,83.8,79.9,89.2,96,88.3,73.4,53.5,32.3,18.6,19.4,26.9,30.8,49.3,62.7,56.4,50.6,37.7,24.6,16.1,23.7,40.1,60.2,77.8,93.7,111.2,110.9,113.4,108.1,95.9,80.2,64.6,60,63.1,62.9,61.5,50.6,40.3,36.2,37.1,47.2,55.9,66.4,75.9,83.3,89.8,96,101.2,104.5,108.8,116.6,116.4,105,90.4,78,73.8,73.7,82.3,93.3,85.1,73.4,54.3,26.7,10.6,35.5,66.5,82,92.8,103.3,111.6,122,125.4,121.2,111.4,95.2,TT,O,,2016,4,3,11/16/2003,20.44395117,18.74909177,18.19172058,21.53594771,,,,,,108.3,91.9,70.7,51.2,43.6,41.2,26.3,22.9,23.9,27.8,54.6,68.8,74.3,88.7,77.3,57,48.9,55.2,72,91.1,104.3,107.7,108.7,99.2,108.8,111.7,112.4,111,101,85.2,65.9,46,25.9,15.6,20.2,26,29,39.8,46.2,44.2,44.3,55,71.8,90.8,106.8,110,110.8,117.4,120.6,120.5,121.7,116.2,110.4,106.3,100,90.4,78.5,64.3,51.8,45.7,45.5,32.9,19.7,12.7,25,42.8,63.4,82.8,95.4,95.3,94.9,89,82.6,81.6,90.5,102.6,100.6,89.9,77.9,62.9,48.9,41.4,37.8,36.2,28.6,,,,,,51.1,46.5,49.3,65.8,89.4,104.8,101.9,107.1,104.7,99.5,91.7,83.8,79.9,89.2,96,88.3,73.4,53.5,32.3,18.6,19.4,26.9,30.8,49.3,62.7,56.4,50.6,37.7,24.6,16.1,23.7,40.1,60.2,77.8,93.7,111.2,110.9,113.4,108.1,95.9,80.2,64.6,60,63.1,62.9,61.5,50.6,40.3,36.2,37.1,47.2,55.9,66.4,75.9,83.3,89.8,96,101.2,104.5,108.8,116.6,116.4,105,90.4,78,73.8,73.7,82.3,93.3,85.1,73.4,54.3,26.7,10.6,35.5,66.5,82,92.8,103.3,111.6,122,125.4,121.2,111.4,95.2,6018.7,6268.3,70.80823529,73.74470588,115,55,6,6
32,6,B,S,2,13.6,256,68,4,8,73,19,-5,1.5,1,0,0,90,1610,95,13,63.1,59.9,43.4,34.9,33.4,38.6,47.7,45.2,42.8,53.5,67.5,45,22.6,,,,,,,,,,,,,,,,,,,,,,,,,,,,,,,,,,,,,,,,,,,,,,,,,,,,,,,,,,,,,,,,,,,,,,,,,,,,,,109,102.5,99.3,97.9,98.2,108.7,107.8,96.4,94.1,92.9,103.1,100.4,91.4,,,,,,,,,,,,,,,,,,,,,,,,,,,,,,,,,,,,,,,,,,,,,,,,,,,,,,,,,,,,,,,,,,,,,,,,,,,,,,TT,O,,2016,5,3,11/16/2003,18.82352941,18.74909177,18.19172058,21.53594771,,,43.4,34.9,33.4,38.6,47.7,45.2,42.8,53.5,67.5,45,22.6,,,,,,,,,,,,,,,,,,,,,,,,,,,,,,,,,,,,,,,,,,,,,,,,,,,,,,,,,,,,,,,,,,,,,,,,,,,,,,,,99.3,97.9,98.2,108.7,107.8,96.4,94.1,92.9,103.1,100.4,91.4,,,,,,,,,,,,,,,,,,,,,,,,,,,,,,,,,,,,,,,,,,,,,,,,,,,,,,,,,,,,,,,,,,,,,,,,,,,,,,474.6,1090.2,43.14545455,99.10909091,55,115,3,3
33,6,B,E,2,30.6,659,50,6,37,34,29,-6,1.5,4,0,0,90,1610,95,30,62,56.8,37.7,16.3,15.6,37.3,49.5,34.1,14,7.3,7.9,7.8,15.3,7.8,21.1,50.4,75.2,93.5,97.4,89.6,85.6,78.1,64.6,62.3,50.6,31.4,31.3,57.2,75.3,83.3,,,,,,,,,,,,,,,,,,,,,,,,,,,,,,,,,,,,,,,,,,,,,,,,,,,,,,,,,,,,,116.8,113.6,102,95,92,102.3,115.8,111,93.7,81.1,79.5,85.9,96.9,91.7,88.3,87.4,97.3,95.4,88.8,75.6,60.7,47.1,35.1,28.1,36.4,54.9,80.2,106,114.1,104.7,,,,,,,,,,,,,,,,,,,,,,,,,,,,,,,,,,,,,,,,,,,,,,,,,,,,,,,,,,,,,FS,O,,2016,6,3,11/16/2003,21.53594771,18.74909177,18.19172058,21.53594771,,,37.7,16.3,15.6,37.3,49.5,34.1,14,7.3,7.9,7.8,15.3,7.8,21.1,50.4,75.2,93.5,97.4,89.6,85.6,78.1,64.6,62.3,50.6,31.4,31.3,57.2,75.3,83.3,,,,,,,,,,,,,,,,,,,,,,,,,,,,,,,,,,,,,,,,,,,,,,,,,,,,,,,,,,,,,,,102,95,92,102.3,115.8,111,93.7,81.1,79.5,85.9,96.9,91.7,88.3,87.4,97.3,95.4,88.8,75.6,60.7,47.1,35.1,28.1,36.4,54.9,80.2,106,114.1,104.7,,,,,,,,,,,,,,,,,,,,,,,,,,,,,,,,,,,,,,,,,,,,,,,,,,,,,,,,,,,,,1297.5,2347,46.33928571,83.82142857,55,115,3,3
34,5,B,S,2,23.6,513,40,23,46,44,10,50,1.5,0,2,0,90,1610,99,23,51.3,36.2,31.8,33.3,35,39.9,31.2,16.2,26.6,58.5,81.4,89.1,97.6,97.4,95.2,93.7,90,82.7,69.7,60.3,51.6,45.9,29.3,,,,,,,,,,,,,,,,,,,,,,,,,,,,,,,,,,,,,,,,,,,,,,,,,,,,,,,,,,,,,,,,,,,,109,116.1,116.4,108.6,91.8,86.3,77.2,72.5,72.6,67.7,60.9,50.5,39.8,24.3,11.1,13.7,25.1,41.1,59.2,76.1,92.5,107.1,105.5,,,,,,,,,,,,,,,,,,,,,,,,,,,,,,,,,,,,,,,,,,,,,,,,,,,,,,,,,,,,,,,,,,,,TT,O,,2016,1,3,11/15/2003,21.73728814,21.37091609,21.62561879,20.0974026,,,31.8,33.3,35,39.9,31.2,16.2,26.6,58.5,81.4,89.1,97.6,97.4,95.2,93.7,90,82.7,69.7,60.3,51.6,45.9,29.3,,,,,,,,,,,,,,,,,,,,,,,,,,,,,,,,,,,,,,,,,,,,,,,,,,,,,,,,,,,,,,,,,,,,,,116.4,108.6,91.8,86.3,77.2,72.5,72.6,67.7,60.9,50.5,39.8,24.3,11.1,13.7,25.1,41.1,59.2,76.1,92.5,107.1,105.5,,,,,,,,,,,,,,,,,,,,,,,,,,,,,,,,,,,,,,,,,,,,,,,,,,,,,,,,,,,,,,,,,,,,1256.4,1400,59.82857143,66.66666667,55,115,3,3
35,5,B,N,2,57,1209,22,28,40,51,9,71,1.5,0,2,0,90,1610,99,56,112.1,110.3,101.5,88.8,76.1,60.7,47.6,40.5,45.4,44.8,33,20.6,26,46.7,68.1,81.7,94.9,104.4,107.9,106.2,102.7,93.4,81.9,73.3,63.7,46.8,28.7,15.7,17.3,31.6,37,38.9,49.8,64,80.9,89.9,96.4,100,98.8,96.1,92.4,90.6,82.2,72.4,56.5,47.1,46.7,50.3,55.1,59.5,66.3,71.4,71.9,66.4,57,43.8,,,,,,,,,,,,,,,,,,,,,,,,,,,,,,,,,,,53.1,41.8,23.4,7.2,23.7,49.1,73.2,91.5,112.1,121.2,115.5,105.3,96.6,90.4,87.4,78.2,68.4,60.4,52.3,37,22.3,11,24.4,45.5,63.4,80.2,91.4,99,98.9,103.7,94.7,82.5,67.8,48.1,31.1,24.6,13.6,21.5,38.2,55.8,73.9,90.8,94.4,99.7,97.6,85.2,69.8,51,33.8,29.2,40,49,64.4,78.7,90.2,96.1,,,,,,,,,,,,,,,,,,,,,,,,,,,,,,,,,,,TT,O,,2016,2,3,11/15/2003,21.21052632,21.37091609,21.62561879,20.0974026,,,,,76.1,60.7,47.6,40.5,45.4,44.8,33,20.6,26,46.7,68.1,81.7,94.9,104.4,107.9,106.2,102.7,93.4,81.9,73.3,63.7,46.8,28.7,15.7,17.3,31.6,37,38.9,49.8,64,80.9,89.9,96.4,100,98.8,96.1,92.4,90.6,82.2,72.4,56.5,47.1,46.7,50.3,55.1,59.5,66.3,71.4,71.9,66.4,57,43.8,,,,,,,,,,,,,,,,,,,,,,,,,,,,,,,,,,,,,,,23.7,49.1,73.2,91.5,112.1,121.2,115.5,105.3,96.6,90.4,87.4,78.2,68.4,60.4,52.3,37,22.3,11,24.4,45.5,63.4,80.2,91.4,99,98.9,103.7,94.7,82.5,67.8,48.1,31.1,24.6,13.6,21.5,38.2,55.8,73.9,90.8,94.4,99.7,97.6,85.2,69.8,51,33.8,29.2,40,49,64.4,78.7,90.2,96.1,,,,,,,,,,,,,,,,,,,,,,,,,,,,,,,,,,,3341.1,3523.8,64.25192308,67.76538462,115,55,5,5
36,5,B,W,2,5.8,131,26,1,21,66,13,50,1.5,1,0,0,90,1610,99,5,108.5,100.9,83,61.6,30.5,,,,,,,,,,,,,,,,,,,,,,,,,,,,,,,,,,,,,,,,,,,,,,,,,,,,,,,,,,,,,,,,,,,,,,,,,,,,,,,,,,,,,,65.5,70.2,73,77.4,88.5,,,,,,,,,,,,,,,,,,,,,,,,,,,,,,,,,,,,,,,,,,,,,,,,,,,,,,,,,,,,,,,,,,,,,,,,,,,,,,,,,,,,,,TT,O,,2016,3,3,11/15/2003,22.5862069,21.37091609,21.62561879,20.0974026,,,,,30.5,,,,,,,,,,,,,,,,,,,,,,,,,,,,,,,,,,,,,,,,,,,,,,,,,,,,,,,,,,,,,,,,,,,,,,,,,,,,,,,,,,,,,,,,,,88.5,,,,,,,,,,,,,,,,,,,,,,,,,,,,,,,,,,,,,,,,,,,,,,,,,,,,,,,,,,,,,,,,,,,,,,,,,,,,,,,,,,,,,,30.5,88.5,30.5,88.5,115,55,5,5
34,6,B,N,2,7.7,172,28,62,68,31,1,65,1.5,1,1,0,90,1610,99,7,110.7,105.8,95,80,58.1,36,20.5,,,,,,,,,,,,,,,,,,,,,,,,,,,,,,,,,,,,,,,,,,,,,,,,,,,,,,,,,,,,,,,,,,,,,,,,,,,,,,,,,,,,48.8,35.3,17.2,7.2,30,52.8,73.3,,,,,,,,,,,,,,,,,,,,,,,,,,,,,,,,,,,,,,,,,,,,,,,,,,,,,,,,,,,,,,,,,,,,,,,,,,,,,,,,,,,,TT,O,,2016,4,3,11/16/2003,22.33766234,21.37091609,21.62561879,20.0974026,,,,,58.1,36,20.5,,,,,,,,,,,,,,,,,,,,,,,,,,,,,,,,,,,,,,,,,,,,,,,,,,,,,,,,,,,,,,,,,,,,,,,,,,,,,,,,,,,,,,,,30,52.8,73.3,,,,,,,,,,,,,,,,,,,,,,,,,,,,,,,,,,,,,,,,,,,,,,,,,,,,,,,,,,,,,,,,,,,,,,,,,,,,,,,,,,,,114.6,156.1,38.2,52.03333333,115,55,5,5
35,6,B,S,2,50.7,1027,40,15,59,38,3,41,1.5,3,2,0,90,1610,99,50,48.3,36.1,38.5,38.4,45.9,45.5,50.5,43,28.9,12.6,15.7,38.8,65.2,68.5,66.8,59.9,57.3,41.7,29.1,18.6,16.5,17.4,27.5,33.4,28.8,30.6,42.2,62.9,78.1,83.4,84.9,84.4,70.9,52.9,35.9,25.8,31.4,53.1,70,74.3,79.2,88,91,96,90.1,80.9,58.5,43.8,28.6,15.2,,,,,,,,,,,,,,,,,,,,,,,,,,,,,,,,,,,,,,,,,111.9,103.6,95.1,76.2,54.8,41.5,35.5,45.5,63.6,75.7,77.5,77.6,71.3,58.6,42.8,33.1,29.8,45.5,66.7,85.3,100.4,99.8,99.6,109.2,101.5,88.3,68.5,51.3,35.3,19.6,8.8,4.8,19.2,39.3,52.7,62.1,75,79.9,74.8,67.1,56.9,54.8,54.3,66.6,76.5,86.7,91.1,96,101,99,,,,,,,,,,,,,,,,,,,,,,,,,,,,,,,,,,,,,,,,,TT,O,,2016,5,3,11/16/2003,20.25641026,21.37091609,21.62561879,20.0974026,,,38.5,38.4,45.9,45.5,50.5,43,28.9,12.6,15.7,38.8,65.2,68.5,66.8,59.9,57.3,41.7,29.1,18.6,16.5,17.4,27.5,33.4,28.8,30.6,42.2,62.9,78.1,83.4,84.9,84.4,70.9,52.9,35.9,25.8,31.4,53.1,70,74.3,79.2,88,91,96,90.1,80.9,58.5,43.8,28.6,15.2,,,,,,,,,,,,,,,,,,,,,,,,,,,,,,,,,,,,,,,,,,,95.1,76.2,54.8,41.5,35.5,45.5,63.6,75.7,77.5,77.6,71.3,58.6,42.8,33.1,29.8,45.5,66.7,85.3,100.4,99.8,99.6,109.2,101.5,88.3,68.5,51.3,35.3,19.6,8.8,4.8,19.2,39.3,52.7,62.1,75,79.9,74.8,67.1,56.9,54.8,54.3,66.6,76.5,86.7,91.1,96,101,99,,,,,,,,,,,,,,,,,,,,,,,,,,,,,,,,,,,,,,,,,2440.6,3116.2,50.84583333,64.92083333,55,115,3,3
36,6,B,E,2,30.8,619,31,22,89,6,5,57,1.5,1,1,0,90,1610,99,30,63,62.6,49.3,42.7,38.7,34.8,15.2,18.2,28.9,44.8,53.2,55.8,51.2,44.1,39.1,30.7,22.1,16.2,22.4,32.2,45.7,61.5,82.3,89.6,95.9,91.5,81.1,68.2,49.3,34.1,,,,,,,,,,,,,,,,,,,,,,,,,,,,,,,,,,,,,,,,,,,,,,,,,,,,,,,,,,,,,107.3,103.2,83.6,63.1,51.8,53.7,72.7,68.9,67.9,60.5,53.5,44.3,36.3,44.4,62.2,81.2,89.9,86.8,75.6,60.4,42.3,24.2,4.9,6.4,13.5,22.5,31.5,38.1,51.6,66.5,,,,,,,,,,,,,,,,,,,,,,,,,,,,,,,,,,,,,,,,,,,,,,,,,,,,,,,,,,,,,FS,O,,2016,6,3,11/16/2003,20.0974026,21.37091609,21.62561879,20.0974026,,,49.3,42.7,38.7,34.8,15.2,18.2,28.9,44.8,53.2,55.8,51.2,44.1,39.1,30.7,22.1,16.2,22.4,32.2,45.7,61.5,82.3,89.6,95.9,91.5,81.1,68.2,49.3,34.1,,,,,,,,,,,,,,,,,,,,,,,,,,,,,,,,,,,,,,,,,,,,,,,,,,,,,,,,,,,,,,,83.6,63.1,51.8,53.7,72.7,68.9,67.9,60.5,53.5,44.3,36.3,44.4,62.2,81.2,89.9,86.8,75.6,60.4,42.3,24.2,4.9,6.4,13.5,22.5,31.5,38.1,51.6,66.5,,,,,,,,,,,,,,,,,,,,,,,,,,,,,,,,,,,,,,,,,,,,,,,,,,,,,,,,,,,,,1338.8,1458.3,47.81428571,52.08214286,55,115,3,3
1,7,A,W,2,8.8,193,17,51,75,24,1,-55,1.5,0,1,0,90,1610,4,8,109.2,98.6,87.6,77.9,73.4,58.1,45,31.3,,,,,,,,,,,,,,,,,,,,,,,,,,,,,,,,,,,,,,,,,,,,,,,,,,,,,,,,,,,,,,,,,,,,,,,,,,,,,,,,,,,45.5,26.2,5.4,16.8,28.5,48.8,70.8,86.2,,,,,,,,,,,,,,,,,,,,,,,,,,,,,,,,,,,,,,,,,,,,,,,,,,,,,,,,,,,,,,,,,,,,,,,,,,,,,,,,,,,TT,O,,2016,1,4,11/17/2003,21.93181818,21.1094294,20.78408401,22.73615635,,,,,,58.1,45,31.3,,,,,,,,,,,,,,,,,,,,,,,,,,,,,,,,,,,,,,,,,,,,,,,,,,,,,,,,,,,,,,,,,,,,,,,,,,,,,,,,,,,,,,,,48.8,70.8,86.2,,,,,,,,,,,,,,,,,,,,,,,,,,,,,,,,,,,,,,,,,,,,,,,,,,,,,,,,,,,,,,,,,,,,,,,,,,,,,,,,,,,134.4,205.8,44.8,68.6,115,55,6,6
2,7,A,E,2,8.9,183,13,5,61,31,8,80,1.5,1,0,0,90,1610,4,8,64.4,65.9,68.4,66.6,59.4,48.5,42.1,37.4,,,,,,,,,,,,,,,,,,,,,,,,,,,,,,,,,,,,,,,,,,,,,,,,,,,,,,,,,,,,,,,,,,,,,,,,,,,,,,,,,,,105.3,88.1,79.5,69,49.7,42.7,44.7,56.5,,,,,,,,,,,,,,,,,,,,,,,,,,,,,,,,,,,,,,,,,,,,,,,,,,,,,,,,,,,,,,,,,,,,,,,,,,,,,,,,,,,TT,O,,2016,2,4,11/17/2003,20.56179775,21.1094294,20.78408401,22.73615635,,,68.4,66.6,59.4,48.5,42.1,37.4,,,,,,,,,,,,,,,,,,,,,,,,,,,,,,,,,,,,,,,,,,,,,,,,,,,,,,,,,,,,,,,,,,,,,,,,,,,,,,,,,,,,,79.5,69,49.7,42.7,44.7,56.5,,,,,,,,,,,,,,,,,,,,,,,,,,,,,,,,,,,,,,,,,,,,,,,,,,,,,,,,,,,,,,,,,,,,,,,,,,,,,,,,,,,322.4,342.1,53.73333333,57.01666667,55,115,3,3
3,7,A,N,2,15,278,31,7,46,30,24,-22,1.5,1,0,0,90,1610,4,14,104.6,96,81,61.2,44.4,31.2,35.7,34.9,32.5,41.6,61.7,67.2,57.6,44.5,,,,,,,,,,,,,,,,,,,,,,,,,,,,,,,,,,,,,,,,,,,,,,,,,,,,,,,,,,,,,,,,,,,,,,,,,,,,,56.4,56.8,53.5,53.8,65.5,70.1,64.2,70.5,75.2,96.1,115,117.9,116,111.1,,,,,,,,,,,,,,,,,,,,,,,,,,,,,,,,,,,,,,,,,,,,,,,,,,,,,,,,,,,,,,,,,,,,,,,,,,,,,TT,O,,2016,3,4,11/17/2003,18.53333333,21.1094294,20.78408401,22.73615635,,,,,,31.2,35.7,34.9,32.5,41.6,61.7,67.2,57.6,44.5,,,,,,,,,,,,,,,,,,,,,,,,,,,,,,,,,,,,,,,,,,,,,,,,,,,,,,,,,,,,,,,,,,,,,,,,,,,,,,,,,,70.1,64.2,70.5,75.2,96.1,115,117.9,116,111.1,,,,,,,,,,,,,,,,,,,,,,,,,,,,,,,,,,,,,,,,,,,,,,,,,,,,,,,,,,,,,,,,,,,,,,,,,,,,,406.9,836.1,45.21111111,92.9,115,55,6,6
1,8,A,E,2,3,56,79,4,3,48,49,-13,1.5,0,0,0,90,1610,4,2,56.4,43.6,,,,,,,,,,,,,,,,,,,,,,,,,,,,,,,,,,,,,,,,,,,,,,,,,,,,,,,,,,,,,,,,,,,,,,,,,,,,,,,,,,,,,,,,,113.2,106.6,,,,,,,,,,,,,,,,,,,,,,,,,,,,,,,,,,,,,,,,,,,,,,,,,,,,,,,,,,,,,,,,,,,,,,,,,,,,,,,,,,,,,,,,,TT,O,,2016,4,4,11/18/2003,18.66666667,21.1094294,20.78408401,22.73615635,,,,,,,,,,,,,,,,,,,,,,,,,,,,,,,,,,,,,,,,,,,,,,,,,,,,,,,,,,,,,,,,,,,,,,,,,,,,,,,,,,,,,,,,,,,,,,,,,,,,,,,,,,,,,,,,,,,,,,,,,,,,,,,,,,,,,,,,,,,,,,,,,,,,,,,,,,,,,,,,,,,,,,,,,,,,,,,,,,,,,0,0,0,0,55,115,3,3
2,8,A,N,2,19.4,470,38,28,59,35,6,67,1.5,1,1,0,90,1610,4,19,109.8,106.4,93.6,72.7,52.1,47.6,58.4,46.4,29.8,17.3,18.6,23.3,42,53,58.6,61.7,62.7,40.5,20.9,,,,,,,,,,,,,,,,,,,,,,,,,,,,,,,,,,,,,,,,,,,,,,,,,,,,,,,,,,,,,,,,,,,,,,,,44.2,30.3,9.7,19.3,48.1,78.2,103,112.8,107.4,101.7,89.7,69.8,44.8,33.1,33.5,52.9,75.1,84.9,88,,,,,,,,,,,,,,,,,,,,,,,,,,,,,,,,,,,,,,,,,,,,,,,,,,,,,,,,,,,,,,,,,,,,,,,,TT,O,,2016,5,4,11/18/2003,24.22680412,21.1094294,20.78408401,22.73615635,,,,,,47.6,58.4,46.4,29.8,17.3,18.6,23.3,42,53,58.6,61.7,62.7,40.5,20.9,,,,,,,,,,,,,,,,,,,,,,,,,,,,,,,,,,,,,,,,,,,,,,,,,,,,,,,,,,,,,,,,,,,,,,,,,,,,,78.2,103,112.8,107.4,101.7,89.7,69.8,44.8,33.1,33.5,52.9,75.1,84.9,88,,,,,,,,,,,,,,,,,,,,,,,,,,,,,,,,,,,,,,,,,,,,,,,,,,,,,,,,,,,,,,,,,,,,,,,,580.8,1074.9,41.48571429,76.77857143,115,55,6,6
3,8,A,S,2,30.7,698,36,9,53,44,3,28,1.5,0,0,0,90,1610,4,30,47.7,29.2,22.4,27.5,30.8,43.9,48.9,54.2,67.3,83.8,85.2,70,47.8,27.1,22.1,27.3,25.7,25.2,39.9,53.9,59.2,64.4,63.6,53,52,71,81.9,70.1,51.2,30.4,,,,,,,,,,,,,,,,,,,,,,,,,,,,,,,,,,,,,,,,,,,,,,,,,,,,,,,,,,,,,111.5,109.3,105.5,94.8,76.4,56.4,47.7,32.5,36,57.4,76.6,83,90.8,99.3,106.8,106.2,94.3,76.5,55.8,41.1,31,25.9,42.1,63.5,77.9,91,83,71.1,63.4,66.3,,,,,,,,,,,,,,,,,,,,,,,,,,,,,,,,,,,,,,,,,,,,,,,,,,,,,,,,,,,,,FS,O,,2016,6,4,11/18/2003,22.73615635,21.1094294,20.78408401,22.73615635,,29.2,22.4,27.5,30.8,43.9,48.9,54.2,67.3,83.8,85.2,70,47.8,27.1,22.1,27.3,25.7,25.2,39.9,53.9,59.2,64.4,63.6,53,52,71,81.9,70.1,51.2,30.4,,,,,,,,,,,,,,,,,,,,,,,,,,,,,,,,,,,,,,,,,,,,,,,,,,,,,,,,,,,,,,109.3,105.5,94.8,76.4,56.4,47.7,32.5,36,57.4,76.6,83,90.8,99.3,106.8,106.2,94.3,76.5,55.8,41.1,31,25.9,42.1,63.5,77.9,91,83,71.1,63.4,66.3,,,,,,,,,,,,,,,,,,,,,,,,,,,,,,,,,,,,,,,,,,,,,,,,,,,,,,,,,,,,,1429,2061.6,49.27586207,71.08965517,55,115,2,2
4,7,A,W,2,27.5,763,29,14,46,36,18,20,1.5,1,1,0,90,1610,5,27,105.5,85.4,50.6,18.3,32.2,60.3,60.9,52,30.8,37.2,72.4,96.2,100.2,91.9,70.5,50.9,42.1,56.8,66.7,61.4,50.7,28,18.3,48.1,60.2,43.2,21,,,,,,,,,,,,,,,,,,,,,,,,,,,,,,,,,,,,,,,,,,,,,,,,,,,,,,,,,,,,,,,,66.2,64,59.5,70.9,93,116.3,106.1,92.3,69.7,59.6,51,51,36.9,19.7,16.5,41.5,69,106.9,109.7,100.1,83.1,71.4,79,97.7,110,108.7,99,,,,,,,,,,,,,,,,,,,,,,,,,,,,,,,,,,,,,,,,,,,,,,,,,,,,,,,,,,,,,,,,TT,O,,2016,1,4,11/17/2003,27.74545455,24.1441078,24.77031498,21.0130719,,,,,32.2,60.3,60.9,52,30.8,37.2,72.4,96.2,100.2,91.9,70.5,50.9,42.1,56.8,66.7,61.4,50.7,28,18.3,48.1,60.2,43.2,21,,,,,,,,,,,,,,,,,,,,,,,,,,,,,,,,,,,,,,,,,,,,,,,,,,,,,,,,,,,,,,,,,,,,93,116.3,106.1,92.3,69.7,59.6,51,51,36.9,19.7,16.5,41.5,69,106.9,109.7,100.1,83.1,71.4,79,97.7,110,108.7,99,,,,,,,,,,,,,,,,,,,,,,,,,,,,,,,,,,,,,,,,,,,,,,,,,,,,,,,,,,,,,,,,1252,1788.2,54.43478261,77.74782609,115,55,5,5
5,7,A,E,2,17.3,395,19,4,67,26,7,72,1.5,1,0,0,90,1610,5,17,67.6,61.8,48.6,30.6,26.9,45.7,65.1,60.7,49.3,47.9,66.9,89,94.5,85.1,65.2,39.6,17,,,,,,,,,,,,,,,,,,,,,,,,,,,,,,,,,,,,,,,,,,,,,,,,,,,,,,,,,,,,,,,,,,,,,,,,,,111.8,93.5,74.2,60.9,68.5,83,80.6,64.3,48.3,40.6,44.1,50.9,48.1,37.5,32.8,49.6,70.2,,,,,,,,,,,,,,,,,,,,,,,,,,,,,,,,,,,,,,,,,,,,,,,,,,,,,,,,,,,,,,,,,,,,,,,,,,TT,O,,2016,2,4,11/17/2003,22.83236994,24.1441078,24.77031498,21.0130719,,61.8,48.6,30.6,26.9,45.7,65.1,60.7,49.3,47.9,66.9,89,94.5,85.1,65.2,39.6,17,,,,,,,,,,,,,,,,,,,,,,,,,,,,,,,,,,,,,,,,,,,,,,,,,,,,,,,,,,,,,,,,,,,,,,,,,,,93.5,74.2,60.9,68.5,83,80.6,64.3,48.3,40.6,44.1,50.9,48.1,37.5,32.8,49.6,70.2,,,,,,,,,,,,,,,,,,,,,,,,,,,,,,,,,,,,,,,,,,,,,,,,,,,,,,,,,,,,,,,,,,,,,,,,,,893.9,947.1,55.86875,59.19375,55,115,2,2
6,7,A,N,2,10.7,240,57,39,48,39,13,73,1.5,1,0,0,90,1610,5,10,111.9,104.9,88.2,64.4,36.8,15.4,20,44.1,36.7,19.7,,,,,,,,,,,,,,,,,,,,,,,,,,,,,,,,,,,,,,,,,,,,,,,,,,,,,,,,,,,,,,,,,,,,,,,,,,,,,,,,,47.8,32.4,17.2,23.9,50.7,77.9,102.1,123.1,109.6,93.6,,,,,,,,,,,,,,,,,,,,,,,,,,,,,,,,,,,,,,,,,,,,,,,,,,,,,,,,,,,,,,,,,,,,,,,,,,,,,,,,,TT,O,,2016,3,4,11/17/2003,22.42990654,24.1441078,24.77031498,21.0130719,,,,,36.8,15.4,20,44.1,36.7,19.7,,,,,,,,,,,,,,,,,,,,,,,,,,,,,,,,,,,,,,,,,,,,,,,,,,,,,,,,,,,,,,,,,,,,,,,,,,,,,,,,,,,,,50.7,77.9,102.1,123.1,109.6,93.6,,,,,,,,,,,,,,,,,,,,,,,,,,,,,,,,,,,,,,,,,,,,,,,,,,,,,,,,,,,,,,,,,,,,,,,,,,,,,,,,,172.7,557,28.78333333,92.83333333,115,55,5,5
4,8,A,E,2,4.5,109,25,0,40,34,26,85,1.5,1,0,0,90,1610,5,4,66.6,65.4,55.7,25.3,,,,,,,,,,,,,,,,,,,,,,,,,,,,,,,,,,,,,,,,,,,,,,,,,,,,,,,,,,,,,,,,,,,,,,,,,,,,,,,,,,,,,,,113.1,96.2,81.9,70.7,,,,,,,,,,,,,,,,,,,,,,,,,,,,,,,,,,,,,,,,,,,,,,,,,,,,,,,,,,,,,,,,,,,,,,,,,,,,,,,,,,,,,,,TT,O,,2016,4,4,11/18/2003,24.22222222,24.1441078,24.77031498,21.0130719,,65.4,55.7,25.3,,,,,,,,,,,,,,,,,,,,,,,,,,,,,,,,,,,,,,,,,,,,,,,,,,,,,,,,,,,,,,,,,,,,,,,,,,,,,,,,,,,,,,,,96.2,81.9,70.7,,,,,,,,,,,,,,,,,,,,,,,,,,,,,,,,,,,,,,,,,,,,,,,,,,,,,,,,,,,,,,,,,,,,,,,,,,,,,,,,,,,,,,,146.4,248.8,48.8,82.93333333,55,115,2,2
5,8,A,N,2,29.6,788,48,39,53,37,10,73,1.5,1,1,0,90,1610,5,29,112.7,102.4,79.7,46.4,20.8,45.1,52.9,35.2,18.6,44.1,65.7,75.1,73.9,88.4,107.2,111.5,98.9,74.5,44.3,21.9,41.5,51.1,46.1,29.6,16.3,33.8,48.6,36.5,16.2,,,,,,,,,,,,,,,,,,,,,,,,,,,,,,,,,,,,,,,,,,,,,,,,,,,,,,,,,,,,,,42.9,22.2,8.3,39.4,78,115,113.3,91.6,74.4,56.9,37.3,17.7,17.7,33.5,44.5,39.9,23.4,16.9,42.4,74.5,103.3,99.9,90.5,79.3,75.3,94.5,113.3,113.3,92.9,,,,,,,,,,,,,,,,,,,,,,,,,,,,,,,,,,,,,,,,,,,,,,,,,,,,,,,,,,,,,,TT,O,,2016,5,4,11/18/2003,26.62162162,24.1441078,24.77031498,21.0130719,,,,,20.8,45.1,52.9,35.2,18.6,44.1,65.7,75.1,73.9,88.4,107.2,111.5,98.9,74.5,44.3,21.9,41.5,51.1,46.1,29.6,16.3,33.8,48.6,36.5,16.2,,,,,,,,,,,,,,,,,,,,,,,,,,,,,,,,,,,,,,,,,,,,,,,,,,,,,,,,,,,,,,,,,,78,115,113.3,91.6,74.4,56.9,37.3,17.7,17.7,33.5,44.5,39.9,23.4,16.9,42.4,74.5,103.3,99.9,90.5,79.3,75.3,94.5,113.3,113.3,92.9,,,,,,,,,,,,,,,,,,,,,,,,,,,,,,,,,,,,,,,,,,,,,,,,,,,,,,,,,,,,,,1297.8,1739.3,51.912,69.572,115,55,5,5
6,8,A,S,2,30.6,643,50,5,63,30,7,22,1.5,3,0,0,90,1610,5,30,54.2,36.1,15.3,13.3,29.9,48.3,61.1,59.9,52.9,41,21.7,6.5,19.8,35.3,29.7,16,22.4,40.4,65,82.8,97.2,100.8,89,67.4,42.4,20.1,4.4,16.9,38.8,60.3,,,,,,,,,,,,,,,,,,,,,,,,,,,,,,,,,,,,,,,,,,,,,,,,,,,,,,,,,,,,,112.3,103.6,94.2,88.7,73.8,58.8,45,36.7,33.7,50,70.9,86.8,98.3,101.7,93.3,81.4,64.5,56.8,54.1,54.4,65.8,77.3,78.2,78.6,83.2,92.1,87.2,81.5,77.1,71.5,,,,,,,,,,,,,,,,,,,,,,,,,,,,,,,,,,,,,,,,,,,,,,,,,,,,,,,,,,,,,FS,O,,2016,6,4,11/18/2003,21.0130719,24.1441078,24.77031498,21.0130719,,,15.3,13.3,29.9,48.3,61.1,59.9,52.9,41,21.7,6.5,19.8,35.3,29.7,16,22.4,40.4,65,82.8,97.2,100.8,89,67.4,42.4,20.1,4.4,16.9,38.8,60.3,,,,,,,,,,,,,,,,,,,,,,,,,,,,,,,,,,,,,,,,,,,,,,,,,,,,,,,,,,,,,,,94.2,88.7,73.8,58.8,45,36.7,33.7,50,70.9,86.8,98.3,101.7,93.3,81.4,64.5,56.8,54.1,54.4,65.8,77.3,78.2,78.6,83.2,92.1,87.2,81.5,77.1,71.5,,,,,,,,,,,,,,,,,,,,,,,,,,,,,,,,,,,,,,,,,,,,,,,,,,,,,,,,,,,,,1198.6,2035.6,42.80714286,72.7,55,115,3,3
7,7,A,W,2,11.1,268,62,16,34,37,29,-42,1.5,2,0,0,90,1610,17,11,111.5,101.7,93.4,63.5,28,18.9,36.7,51.7,44.6,34.9,15.7,,,,,,,,,,,,,,,,,,,,,,,,,,,,,,,,,,,,,,,,,,,,,,,,,,,,,,,,,,,,,,,,,,,,,,,,,,,,,,,,54.4,41.3,37,35.9,58.8,81.8,106.4,122.5,119.4,113.7,99,,,,,,,,,,,,,,,,,,,,,,,,,,,,,,,,,,,,,,,,,,,,,,,,,,,,,,,,,,,,,,,,,,,,,,,,,,,,,,,,TT,O,,2016,1,4,11/17/2003,24.14414414,21.22228895,20.86088354,23.02931596,,,,,,18.9,36.7,51.7,44.6,34.9,15.7,,,,,,,,,,,,,,,,,,,,,,,,,,,,,,,,,,,,,,,,,,,,,,,,,,,,,,,,,,,,,,,,,,,,,,,,,,,,,,,,,,,,,81.8,106.4,122.5,119.4,113.7,99,,,,,,,,,,,,,,,,,,,,,,,,,,,,,,,,,,,,,,,,,,,,,,,,,,,,,,,,,,,,,,,,,,,,,,,,,,,,,,,,202.5,642.8,33.75,107.1333333,115,55,6,6
8,7,A,E,2,69.1,1283,46,10,15,27,58,115,1.5,1,0,0,90,1610,17,69,67.3,75,83.8,89.3,88.1,79.6,67.7,52,41.7,45.6,46.5,41.8,40.5,46.8,59.1,72.5,77.4,85,94.1,101.5,106,108.9,108.4,102.6,93.7,86.7,86.1,91.2,86.7,75.7,63.7,45.8,40.1,42.1,43.1,43.1,41.9,39.5,39.6,40.7,44.4,48.2,47.8,44.9,42.2,35.6,34.4,48,66.7,70.4,68.7,68.5,67.3,63.8,60.8,57.3,43,35.7,35,42.6,52.3,54.8,55.7,57.5,55.8,51.5,52.2,37.4,10.2,,,,,,,,,,,,,,,,,,,,,,116.5,105.9,91.5,76.2,60.8,34,20.8,37.2,70.6,100.6,122.1,126.2,124.5,121.7,118.6,114.1,101.3,90.2,77.6,66.2,57,43.7,29.1,18.8,26.8,47.4,68.7,90.2,98,106,113.2,117.9,121.9,127.5,128.3,127.9,125.6,120.4,116,109.6,107.1,105.8,99,88.6,78.8,62.6,54,61.7,78.2,94.7,104.6,110.3,112.3,111.6,110.6,110.4,115.3,117,120.3,124.9,126.9,123.2,121.6,118.6,117.4,113.1,116.6,111.3,94.1,,,,,,,,,,,,,,,,,,,,,,TT,O,,2016,2,4,11/17/2003,18.56729378,21.22228895,20.86088354,23.02931596,,,83.8,89.3,88.1,79.6,67.7,52,41.7,45.6,46.5,41.8,40.5,46.8,59.1,72.5,77.4,85,94.1,101.5,106,108.9,108.4,102.6,93.7,86.7,86.1,91.2,86.7,75.7,63.7,45.8,40.1,42.1,43.1,43.1,41.9,39.5,39.6,40.7,44.4,48.2,47.8,44.9,42.2,35.6,34.4,48,66.7,70.4,68.7,68.5,67.3,63.8,60.8,57.3,43,35.7,35,42.6,52.3,54.8,55.7,57.5,55.8,51.5,52.2,37.4,10.2,,,,,,,,,,,,,,,,,,,,,,,,91.5,76.2,60.8,34,20.8,37.2,70.6,100.6,122.1,126.2,124.5,121.7,118.6,114.1,101.3,90.2,77.6,66.2,57,43.7,29.1,18.8,26.8,47.4,68.7,90.2,98,106,113.2,117.9,121.9,127.5,128.3,127.9,125.6,120.4,116,109.6,107.1,105.8,99,88.6,78.8,62.6,54,61.7,78.2,94.7,104.6,110.3,112.3,111.6,110.6,110.4,115.3,117,120.3,124.9,126.9,123.2,121.6,118.6,117.4,113.1,116.6,111.3,94.1,,,,,,,,,,,,,,,,,,,,,,4051.3,6358.8,60.46716418,94.90746269,55,115,3,3
9,7,A,N,2,19.9,372,58,26,15,38,47,87,1.5,1,0,0,90,1610,17,19,114,113.1,112.6,105.6,92.9,77.2,67.6,59.7,52.4,46.7,43.5,41.7,38.4,38,39.7,33.4,34.9,29.9,18.5,,,,,,,,,,,,,,,,,,,,,,,,,,,,,,,,,,,,,,,,,,,,,,,,,,,,,,,,,,,,,,,,,,,,,,,,48.2,40.4,31.7,21,21.3,44.9,75.9,96.9,111.4,124.2,124.9,123.9,123,123.4,124.7,118.6,119.8,114.6,97.8,,,,,,,,,,,,,,,,,,,,,,,,,,,,,,,,,,,,,,,,,,,,,,,,,,,,,,,,,,,,,,,,,,,,,,,,TT,O,,2016,3,4,11/17/2003,18.69346734,21.22228895,20.86088354,23.02931596,,,,,,77.2,67.6,59.7,52.4,46.7,43.5,41.7,38.4,38,39.7,33.4,34.9,29.9,18.5,,,,,,,,,,,,,,,,,,,,,,,,,,,,,,,,,,,,,,,,,,,,,,,,,,,,,,,,,,,,,,,,,,,,,,,,,,,,,44.9,75.9,96.9,111.4,124.2,124.9,123.9,123,123.4,124.7,118.6,119.8,114.6,97.8,,,,,,,,,,,,,,,,,,,,,,,,,,,,,,,,,,,,,,,,,,,,,,,,,,,,,,,,,,,,,,,,,,,,,,,,621.6,1524,44.4,108.8571429,115,55,6,6
7,8,A,E,2,10.4,203,64,2,5,66,29,43,1.5,1,0,0,90,1610,17,10,57.2,54.3,48.5,48.6,30.2,18.8,35.7,47.3,32.2,12.4,,,,,,,,,,,,,,,,,,,,,,,,,,,,,,,,,,,,,,,,,,,,,,,,,,,,,,,,,,,,,,,,,,,,,,,,,,,,,,,,,111.6,105.8,97.7,102.6,99.6,102.9,116,111.8,100.1,94.3,,,,,,,,,,,,,,,,,,,,,,,,,,,,,,,,,,,,,,,,,,,,,,,,,,,,,,,,,,,,,,,,,,,,,,,,,,,,,,,,,TT,O,,2016,4,4,11/18/2003,19.51923077,21.22228895,20.86088354,23.02931596,,,48.5,48.6,30.2,18.8,35.7,47.3,32.2,12.4,,,,,,,,,,,,,,,,,,,,,,,,,,,,,,,,,,,,,,,,,,,,,,,,,,,,,,,,,,,,,,,,,,,,,,,,,,,,,,,,,,,97.7,102.6,99.6,102.9,116,111.8,100.1,94.3,,,,,,,,,,,,,,,,,,,,,,,,,,,,,,,,,,,,,,,,,,,,,,,,,,,,,,,,,,,,,,,,,,,,,,,,,,,,,,,,,273.7,825,34.2125,103.125,55,115,3,3
8,8,A,N,2,14.2,332,51,34,30,48,22,93,1.5,1,0,0,90,1610,17,14,112.9,113.7,110.4,102.8,86,69.9,56.8,38.7,35.7,39,35.9,29.7,23.4,9.7,,,,,,,,,,,,,,,,,,,,,,,,,,,,,,,,,,,,,,,,,,,,,,,,,,,,,,,,,,,,,,,,,,,,,,,,,,,,,53.4,43.3,30.1,18.3,24.7,55.5,85.4,108.7,119.6,124.2,120.3,104.9,88.6,84.1,,,,,,,,,,,,,,,,,,,,,,,,,,,,,,,,,,,,,,,,,,,,,,,,,,,,,,,,,,,,,,,,,,,,,,,,,,,,,TT,O,,2016,5,4,11/18/2003,23.38028169,21.22228895,20.86088354,23.02931596,,,,,,69.9,56.8,38.7,35.7,39,35.9,29.7,23.4,9.7,,,,,,,,,,,,,,,,,,,,,,,,,,,,,,,,,,,,,,,,,,,,,,,,,,,,,,,,,,,,,,,,,,,,,,,,,,,,,,,,,,55.5,85.4,108.7,119.6,124.2,120.3,104.9,88.6,84.1,,,,,,,,,,,,,,,,,,,,,,,,,,,,,,,,,,,,,,,,,,,,,,,,,,,,,,,,,,,,,,,,,,,,,,,,,,,,,338.8,891.3,37.64444444,99.03333333,115,55,6,6
9,8,A,S,2,30.7,707,58,13,53,37,10,84,1.5,2,1,0,90,1610,17,30,52.7,56.8,47.6,34.9,30.9,42,62.5,77.5,85.1,87.2,89.6,90.6,87.6,93.2,96,86,71.2,51.1,22,16.1,33.9,29.7,14.3,10.6,16.8,19.3,4.6,17.4,24.9,30.7,,,,,,,,,,,,,,,,,,,,,,,,,,,,,,,,,,,,,,,,,,,,,,,,,,,,,,,,,,,,,103.3,109.1,119.2,118,113.3,104.3,95.5,82.1,64,44.8,18.4,13,33.8,55.3,51.2,35.6,27.9,38.2,69.1,89.5,90.5,77.2,74.8,81.4,88.1,100.8,85,80.7,83.3,82.2,,,,,,,,,,,,,,,,,,,,,,,,,,,,,,,,,,,,,,,,,,,,,,,,,,,,,,,,,,,,,FS,O,,2016,6,4,11/18/2003,23.02931596,21.22228895,20.86088354,23.02931596,,56.8,47.6,34.9,30.9,42,62.5,77.5,85.1,87.2,89.6,90.6,87.6,93.2,96,86,71.2,51.1,22,16.1,33.9,29.7,14.3,10.6,16.8,19.3,4.6,17.4,24.9,30.7,,,,,,,,,,,,,,,,,,,,,,,,,,,,,,,,,,,,,,,,,,,,,,,,,,,,,,,,,,,,,,109.1,119.2,118,113.3,104.3,95.5,82.1,64,44.8,18.4,13,33.8,55.3,51.2,35.6,27.9,38.2,69.1,89.5,90.5,77.2,74.8,81.4,88.1,100.8,85,80.7,83.3,82.2,,,,,,,,,,,,,,,,,,,,,,,,,,,,,,,,,,,,,,,,,,,,,,,,,,,,,,,,,,,,,1430.1,2126.3,49.3137931,73.32068966,55,115,2,2
13,7,A,W,2,19.5,512,31,39,59,29,12,-53,1.5,0,1,0,90,1610,20,19,112.7,103.5,89.5,59.4,25.7,16,30.1,39.5,40.7,51.7,58,58.8,47.7,64.9,82.9,82.6,75.7,51.3,25.8,,,,,,,,,,,,,,,,,,,,,,,,,,,,,,,,,,,,,,,,,,,,,,,,,,,,,,,,,,,,,,,,,,,,,,,,48.9,34,22.1,28.8,60.9,87.2,115.2,120.7,109.2,95.4,79.6,70.6,51,25.5,6.5,12.5,26.3,49.2,76.4,,,,,,,,,,,,,,,,,,,,,,,,,,,,,,,,,,,,,,,,,,,,,,,,,,,,,,,,,,,,,,,,,,,,,,,,TT,O,,2016,1,4,11/17/2003,26.25641026,25.24639718,25.0578916,26.18892508,,,,,25.7,16,30.1,39.5,40.7,51.7,58,58.8,47.7,64.9,82.9,82.6,75.7,51.3,25.8,,,,,,,,,,,,,,,,,,,,,,,,,,,,,,,,,,,,,,,,,,,,,,,,,,,,,,,,,,,,,,,,,,,,,,,,,,,,60.9,87.2,115.2,120.7,109.2,95.4,79.6,70.6,51,25.5,6.5,12.5,26.3,49.2,76.4,,,,,,,,,,,,,,,,,,,,,,,,,,,,,,,,,,,,,,,,,,,,,,,,,,,,,,,,,,,,,,,,,,,,,,,,751.4,986.2,50.09333333,65.74666667,115,55,5,5
14,7,A,E,2,2.7,63,96,4,15,34,51,-33,1.5,1,0,0,90,1610,20,2,54.4,35.7,,,,,,,,,,,,,,,,,,,,,,,,,,,,,,,,,,,,,,,,,,,,,,,,,,,,,,,,,,,,,,,,,,,,,,,,,,,,,,,,,,,,,,,,,116.5,109.6,,,,,,,,,,,,,,,,,,,,,,,,,,,,,,,,,,,,,,,,,,,,,,,,,,,,,,,,,,,,,,,,,,,,,,,,,,,,,,,,,,,,,,,,,TT,O,,2016,2,4,11/17/2003,23.33333333,25.24639718,25.0578916,26.18892508,,35.7,,,,,,,,,,,,,,,,,,,,,,,,,,,,,,,,,,,,,,,,,,,,,,,,,,,,,,,,,,,,,,,,,,,,,,,,,,,,,,,,,,,,,,,,,,109.6,,,,,,,,,,,,,,,,,,,,,,,,,,,,,,,,,,,,,,,,,,,,,,,,,,,,,,,,,,,,,,,,,,,,,,,,,,,,,,,,,,,,,,,,,35.7,109.6,35.7,109.6,55,115,2,2
15,7,A,N,2,19,526,26,18,57,37,6,-31,1.5,1,0,0,90,1610,20,18,105.2,90.6,64.1,41.4,43.4,45.2,24.2,25.8,39,58.1,65.5,64.4,57.3,51.7,66.2,72.7,66.3,42.4,,,,,,,,,,,,,,,,,,,,,,,,,,,,,,,,,,,,,,,,,,,,,,,,,,,,,,,,,,,,,,,,,,,,,,,,,55.7,58.4,57.1,50.9,52.4,74.5,97.1,109.6,110,108.2,95.5,82.6,63.3,40.1,30.5,19.1,21.7,43.9,,,,,,,,,,,,,,,,,,,,,,,,,,,,,,,,,,,,,,,,,,,,,,,,,,,,,,,,,,,,,,,,,,,,,,,,,TT,O,,2016,3,4,11/17/2003,27.68421053,25.24639718,25.0578916,26.18892508,,,,,43.4,45.2,24.2,25.8,39,58.1,65.5,64.4,57.3,51.7,66.2,72.7,66.3,42.4,,,,,,,,,,,,,,,,,,,,,,,,,,,,,,,,,,,,,,,,,,,,,,,,,,,,,,,,,,,,,,,,,,,,,,,,,,,,,52.4,74.5,97.1,109.6,110,108.2,95.5,82.6,63.3,40.1,30.5,19.1,21.7,43.9,,,,,,,,,,,,,,,,,,,,,,,,,,,,,,,,,,,,,,,,,,,,,,,,,,,,,,,,,,,,,,,,,,,,,,,,,722.2,948.5,51.58571429,67.75,115,55,5,5
13,8,A,E,2,3,68,100,0,20,24,56,-43,1.5,2,0,0,90,1610,20,2,55.3,40.8,,,,,,,,,,,,,,,,,,,,,,,,,,,,,,,,,,,,,,,,,,,,,,,,,,,,,,,,,,,,,,,,,,,,,,,,,,,,,,,,,,,,,,,,,116.5,113.3,,,,,,,,,,,,,,,,,,,,,,,,,,,,,,,,,,,,,,,,,,,,,,,,,,,,,,,,,,,,,,,,,,,,,,,,,,,,,,,,,,,,,,,,,TT,O,,2016,4,4,11/18/2003,22.66666667,25.24639718,25.0578916,26.18892508,,40.8,,,,,,,,,,,,,,,,,,,,,,,,,,,,,,,,,,,,,,,,,,,,,,,,,,,,,,,,,,,,,,,,,,,,,,,,,,,,,,,,,,,,,,,,,,113.3,,,,,,,,,,,,,,,,,,,,,,,,,,,,,,,,,,,,,,,,,,,,,,,,,,,,,,,,,,,,,,,,,,,,,,,,,,,,,,,,,,,,,,,,,40.8,113.3,40.8,113.3,55,115,2,2
14,8,A,N,2,8.6,218,29,4,77,22,1,-18,1.5,1,0,0,90,1610,20,8,106.5,92.3,66.3,43.9,32.8,52,44.3,33.4,,,,,,,,,,,,,,,,,,,,,,,,,,,,,,,,,,,,,,,,,,,,,,,,,,,,,,,,,,,,,,,,,,,,,,,,,,,,,,,,,,,54.3,55.1,50.2,45.9,59.6,52.5,47.1,54.2,,,,,,,,,,,,,,,,,,,,,,,,,,,,,,,,,,,,,,,,,,,,,,,,,,,,,,,,,,,,,,,,,,,,,,,,,,,,,,,,,,,TT,O,,2016,5,4,11/18/2003,25.34883721,25.24639718,25.0578916,26.18892508,,,,,32.8,52,44.3,33.4,,,,,,,,,,,,,,,,,,,,,,,,,,,,,,,,,,,,,,,,,,,,,,,,,,,,,,,,,,,,,,,,,,,,,,,,,,,,,,,,,,,,,,,59.6,52.5,47.1,54.2,,,,,,,,,,,,,,,,,,,,,,,,,,,,,,,,,,,,,,,,,,,,,,,,,,,,,,,,,,,,,,,,,,,,,,,,,,,,,,,,,,,162.5,213.4,40.625,53.35,115,55,5,5
15,8,A,S,2,30.7,804,43,12,56,28,16,-108,1.5,3,0,0,90,1610,20,30,64.3,58.4,42.2,24.4,7.3,22.1,16.6,10.1,35.5,51.9,63.2,61,54.3,74.8,76.8,66.3,36.6,9.5,25,40.8,55.6,73.2,64.6,43.7,29.5,35.5,53,58.3,56.9,58.3,,,,,,,,,,,,,,,,,,,,,,,,,,,,,,,,,,,,,,,,,,,,,,,,,,,,,,,,,,,,,101.8,82.6,65.8,66.5,83.8,103.8,93.7,88,81.5,64.3,54.8,45.9,33.5,30.8,19.1,23.1,49.3,82.3,93.8,85,83.1,97.5,108.9,110.3,112.1,117.8,123.2,112.6,93.3,66.1,,,,,,,,,,,,,,,,,,,,,,,,,,,,,,,,,,,,,,,,,,,,,,,,,,,,,,,,,,,,,FS,O,,2016,6,4,11/18/2003,26.18892508,25.24639718,25.0578916,26.18892508,,58.4,42.2,24.4,7.3,22.1,16.6,10.1,35.5,51.9,63.2,61,54.3,74.8,76.8,66.3,36.6,9.5,25,40.8,55.6,73.2,64.6,43.7,29.5,35.5,53,58.3,56.9,58.3,,,,,,,,,,,,,,,,,,,,,,,,,,,,,,,,,,,,,,,,,,,,,,,,,,,,,,,,,,,,,,82.6,65.8,66.5,83.8,103.8,93.7,88,81.5,64.3,54.8,45.9,33.5,30.8,19.1,23.1,49.3,82.3,93.8,85,83.1,97.5,108.9,110.3,112.1,117.8,123.2,112.6,93.3,66.1,,,,,,,,,,,,,,,,,,,,,,,,,,,,,,,,,,,,,,,,,,,,,,,,,,,,,,,,,,,,,1305.4,2272.5,45.0137931,78.36206897,55,115,2,2
16,7,A,W,2,22.1,269,19,2,49,41,10,-11,1.5,1,0,0,90,1610,23,22,113.3,110.5,105.9,102.8,99.5,96.3,93.4,90.8,88.1,88.1,83.2,71.7,60.1,48.7,40.4,41.1,42.6,49.6,54.8,45,16.5,7.3,,,,,,,,,,,,,,,,,,,,,,,,,,,,,,,,,,,,,,,,,,,,,,,,,,,,,,,,,,,,,,,,,,,,,56.5,53.4,49.6,47.5,45.1,43.4,41.7,40.8,40.2,41.9,40.5,37.1,35.1,38,51.6,60.3,80.3,102.5,119.7,119.8,95.8,84.9,,,,,,,,,,,,,,,,,,,,,,,,,,,,,,,,,,,,,,,,,,,,,,,,,,,,,,,,,,,,,,,,,,,,,TT,O,,2016,1,4,11/17/2003,12.1719457,15.26177445,15.39909666,14.5751634,,,,,,,93.4,90.8,88.1,88.1,83.2,71.7,60.1,48.7,40.4,41.1,42.6,49.6,54.8,45,16.5,7.3,,,,,,,,,,,,,,,,,,,,,,,,,,,,,,,,,,,,,,,,,,,,,,,,,,,,,,,,,,,,,,,,,,,,,,,,,,,41.7,40.8,40.2,41.9,40.5,37.1,35.1,38,51.6,60.3,80.3,102.5,119.7,119.8,95.8,84.9,,,,,,,,,,,,,,,,,,,,,,,,,,,,,,,,,,,,,,,,,,,,,,,,,,,,,,,,,,,,,,,,,,,,,921.4,1030.2,57.5875,64.3875,115,55,7,7
17,7,A,E,2,40.3,636,30,9,39,37,24,99,1.5,2,0,0,90,1610,23,40,54.6,55.3,55.6,57.3,63.3,65.4,59.5,62.8,76.3,91.2,102.3,101.3,98.7,95.9,94,89,82.2,78.1,65.9,48.1,27.5,12.6,19.1,34.9,56.6,61.5,64.7,65.7,65.4,62.2,62.1,48,28.3,12.3,13.5,24.4,38.5,45.6,24.2,12.3,,,,,,,,,,,,,,,,,,,,,,,,,,,,,,,,,,,,,,,,,,,,,,,,,,,110.4,109.6,109.1,110.1,115,109.2,94.6,82.5,77.1,78.4,75.1,72.4,72,58.6,45.9,33,27.9,29.8,38.1,50.3,62.7,75.2,88.5,104.5,106.8,96.8,83.3,65.8,47.7,39.5,34.2,41.9,58.4,75.3,86.4,99.5,117.4,126.5,109.6,96.7,,,,,,,,,,,,,,,,,,,,,,,,,,,,,,,,,,,,,,,,,,,,,,,,,,,TT,O,,2016,2,4,11/17/2003,15.78163772,15.26177445,15.39909666,14.5751634,,,,57.3,63.3,65.4,59.5,62.8,76.3,91.2,102.3,101.3,98.7,95.9,94,89,82.2,78.1,65.9,48.1,27.5,12.6,19.1,34.9,56.6,61.5,64.7,65.7,65.4,62.2,62.1,48,28.3,12.3,13.5,24.4,38.5,45.6,24.2,12.3,,,,,,,,,,,,,,,,,,,,,,,,,,,,,,,,,,,,,,,,,,,,,,,,,,,,,,110.1,115,109.2,94.6,82.5,77.1,78.4,75.1,72.4,72,58.6,45.9,33,27.9,29.8,38.1,50.3,62.7,75.2,88.5,104.5,106.8,96.8,83.3,65.8,47.7,39.5,34.2,41.9,58.4,75.3,86.4,99.5,117.4,126.5,109.6,96.7,,,,,,,,,,,,,,,,,,,,,,,,,,,,,,,,,,,,,,,,,,,,,,,,,,,2110.7,2786.7,57.04594595,75.31621622,55,115,4,4
18,7,A,N,2,15.8,245,37,43,30,63,7,11,1.5,2,0,0,90,1610,23,15,113.6,115.4,114.1,113.1,109.7,107.3,94.4,77.2,56.8,36.6,26.2,31.1,35.1,21.2,12.3,,,,,,,,,,,,,,,,,,,,,,,,,,,,,,,,,,,,,,,,,,,,,,,,,,,,,,,,,,,,,,,,,,,,,,,,,,,,53.3,50.8,51.9,50.5,47.5,43.7,42.5,44.4,51.3,70.2,94,111.9,119.6,105.5,91.6,,,,,,,,,,,,,,,,,,,,,,,,,,,,,,,,,,,,,,,,,,,,,,,,,,,,,,,,,,,,,,,,,,,,,,,,,,,,TT,O,,2016,3,4,11/17/2003,15.50632911,15.26177445,15.39909666,14.5751634,,,,,,,94.4,77.2,56.8,36.6,26.2,31.1,35.1,21.2,12.3,,,,,,,,,,,,,,,,,,,,,,,,,,,,,,,,,,,,,,,,,,,,,,,,,,,,,,,,,,,,,,,,,,,,,,,,,,,,,,,,,,42.5,44.4,51.3,70.2,94,111.9,119.6,105.5,91.6,,,,,,,,,,,,,,,,,,,,,,,,,,,,,,,,,,,,,,,,,,,,,,,,,,,,,,,,,,,,,,,,,,,,,,,,,,,,390.9,731,43.43333333,81.22222222,115,55,7,7
16,8,A,E,2,52.8,785,11,26,28,48,24,65,1.5,1,0,0,90,1610,23,52,59.1,60.3,58.6,57.2,56.3,54.4,52.4,50.2,50.7,55,57.5,61.3,68.2,58.8,44.6,28.3,41.6,62.8,83.6,102.6,111.8,111.9,103.3,90.4,77.2,65.4,53.9,42,24.7,21.3,34.2,46.1,49.8,84.3,105.7,117.3,124,120.6,115,114.5,122.2,118.5,111.8,115.7,114.3,109.7,106.6,104.5,91.7,74.2,55.9,31.7,,,,,,,,,,,,,,,,,,,,,,,,,,,,,,,,,,,,,,,113.3,111.8,107.8,104.5,103.1,97.4,93.3,88.7,85.5,93.6,96.7,102.1,112.5,112.6,101.4,72.9,48.9,33.3,33.6,44.5,57.2,55.2,56.4,54.7,61.5,70.1,77,86.6,87.6,64.9,51.4,40.8,38,37,44.3,46.5,51,50.7,43.1,40.4,48.7,48.1,42.7,55.5,63.6,66.5,64.4,69,67.4,65,65.6,72.8,,,,,,,,,,,,,,,,,,,,,,,,,,,,,,,,,,,,,,,TT,O,,2016,4,4,11/18/2003,14.86742424,15.26177445,15.39909666,14.5751634,,,,57.2,56.3,54.4,52.4,50.2,50.7,55,57.5,61.3,68.2,58.8,44.6,28.3,41.6,62.8,83.6,102.6,111.8,111.9,103.3,90.4,77.2,65.4,53.9,42,24.7,21.3,34.2,46.1,49.8,84.3,105.7,117.3,124,120.6,115,114.5,122.2,118.5,111.8,115.7,114.3,109.7,106.6,104.5,91.7,74.2,55.9,31.7,,,,,,,,,,,,,,,,,,,,,,,,,,,,,,,,,,,,,,,,,,104.5,103.1,97.4,93.3,88.7,85.5,93.6,96.7,102.1,112.5,112.6,101.4,72.9,48.9,33.3,33.6,44.5,57.2,55.2,56.4,54.7,61.5,70.1,77,86.6,87.6,64.9,51.4,40.8,38,37,44.3,46.5,51,50.7,43.1,40.4,48.7,48.1,42.7,55.5,63.6,66.5,64.4,69,67.4,65,65.6,72.8,,,,,,,,,,,,,,,,,,,,,,,,,,,,,,,,,,,,,,,3755.7,3268.3,76.64693878,66.7,55,115,4,4
17,8,A,N,2,90.1,1682,25,26,38,47,15,-7,1.5,0,0,0,90,1610,23,90,111.5,110.3,110,108,104.5,101.9,93.8,79.6,62.6,49.9,44.1,35.9,23,19.7,28.6,26.3,26.2,29.7,27.8,19.6,30.1,39.9,46.6,57,63.4,70.3,71.9,72.3,76.9,73.6,58.1,60.8,75.5,90.4,97.4,100.6,98.7,85.5,69.9,77.8,95.6,111.1,117.6,117.3,117.9,117,114.5,113.1,107.4,105.8,103.3,94.4,81,62.8,41,20.7,19.4,38.4,42,52,59.6,66.3,87.1,85.7,78.5,73.8,70.5,65.4,68.1,55.3,57.3,66.7,72.4,75.5,71,61.5,51.6,38.6,29.7,38.6,39.1,36.5,23.2,22.2,39.2,63.7,88.1,110.2,122.9,120.7,55.7,52,49.2,46.8,47.9,45.3,47.7,50.3,61,79.1,97.3,108.4,105.8,97.7,77.1,65.2,60.1,57,65.9,73.5,56.8,56.7,65,77.7,85.7,101.6,104,94.4,97.9,104.9,80,65.2,59.8,67.9,74.9,74.2,80.4,81.7,60.1,32.1,26.8,34.7,42.4,45.8,48.4,48.8,50.3,47.9,58.3,66.3,61.3,67.1,73.5,72.4,73.1,87.9,103.9,123.3,122.9,113.2,100.5,96.4,94.3,80.5,63.2,43.1,23.8,21,21.2,40.2,29.7,26,32,33.4,48.6,64.7,83,94.7,104.4,120,121.7,120.5,102.4,80.1,58.1,41.9,34.2,37.8,41,35.6,TT,O,,2016,5,4,11/18/2003,18.6681465,15.26177445,15.39909666,14.5751634,,,,,,,93.8,79.6,62.6,49.9,44.1,35.9,23,19.7,28.6,26.3,26.2,29.7,27.8,19.6,30.1,39.9,46.6,57,63.4,70.3,71.9,72.3,76.9,73.6,58.1,60.8,75.5,90.4,97.4,100.6,98.7,85.5,69.9,77.8,95.6,111.1,117.6,117.3,117.9,117,114.5,113.1,107.4,105.8,103.3,94.4,81,62.8,41,20.7,19.4,38.4,42,52,59.6,66.3,87.1,85.7,78.5,73.8,70.5,65.4,68.1,55.3,57.3,66.7,72.4,75.5,71,61.5,51.6,38.6,29.7,38.6,39.1,36.5,23.2,22.2,39.2,63.7,88.1,110.2,122.9,120.7,,,,,,,47.7,50.3,61,79.1,97.3,108.4,105.8,97.7,77.1,65.2,60.1,57,65.9,73.5,56.8,56.7,65,77.7,85.7,101.6,104,94.4,97.9,104.9,80,65.2,59.8,67.9,74.9,74.2,80.4,81.7,60.1,32.1,26.8,34.7,42.4,45.8,48.4,48.8,50.3,47.9,58.3,66.3,61.3,67.1,73.5,72.4,73.1,87.9,103.9,123.3,122.9,113.2,100.5,96.4,94.3,80.5,63.2,43.1,23.8,21,21.2,40.2,29.7,26,32,33.4,48.6,64.7,83,94.7,104.4,120,121.7,120.5,102.4,80.1,58.1,41.9,34.2,37.8,41,35.6,5594.8,5829.4,66.60476191,69.39761905,115,55,7,7
18,8,A,S,2,30.6,446,36,29,64,35,1,-12,1.5,0,0,0,90,1610,23,30,47.3,45.9,49.6,44.1,27.8,23.2,20.3,33.6,40.7,53.2,66.7,76.7,89.6,95.8,99.7,99.9,99,102.1,99.3,94.2,89.2,82.5,74,64,56.6,47.5,39.8,30.3,21.4,24.2,,,,,,,,,,,,,,,,,,,,,,,,,,,,,,,,,,,,,,,,,,,,,,,,,,,,,,,,,,,,,104.6,105.1,104.3,93,91.1,90.2,96.9,96,82.8,70.6,56.3,40.3,26.2,14.9,14.7,19.7,24.5,26.4,29.1,34.4,40.3,46.4,48.3,51.7,54.5,57.1,54.9,56.2,66.5,79,,,,,,,,,,,,,,,,,,,,,,,,,,,,,,,,,,,,,,,,,,,,,,,,,,,,,,,,,,,,,FS,O,,2016,6,4,11/18/2003,14.5751634,15.26177445,15.39909666,14.5751634,,,,44.1,27.8,23.2,20.3,33.6,40.7,53.2,66.7,76.7,89.6,95.8,99.7,99.9,99,102.1,99.3,94.2,89.2,82.5,74,64,56.6,47.5,39.8,30.3,21.4,24.2,,,,,,,,,,,,,,,,,,,,,,,,,,,,,,,,,,,,,,,,,,,,,,,,,,,,,,,,,,,,,,,,93,91.1,90.2,96.9,96,82.8,70.6,56.3,40.3,26.2,14.9,14.7,19.7,24.5,26.4,29.1,34.4,40.3,46.4,48.3,51.7,54.5,57.1,54.9,56.2,66.5,79,,,,,,,,,,,,,,,,,,,,,,,,,,,,,,,,,,,,,,,,,,,,,,,,,,,,,,,,,,,,,1695.4,1462,62.79259259,54.14814815,55,115,4,4
19,7,A,W,2,78.6,1253,26,23,57,30,13,-122,1.5,1,2,0,90,1610,25,78,107.9,108.5,118,118.7,119.2,119,118.2,119.5,117.9,111,110.8,118.9,117.8,116.2,107,81.8,67.9,59.9,69.7,70.9,69.1,55.7,37.8,36.1,52.6,56.3,58,61.2,60.2,49.5,38.6,27.3,30.8,40.9,47.1,51.4,52.6,47.3,38.2,33.5,53.1,62,67,70.5,77.1,77.6,67.1,41.4,18.6,11.3,18.4,28.4,32.1,29.2,17.5,13.7,19.9,25.5,30.3,39.6,39.2,31.9,27.5,32.6,41,46.5,56,68.4,74.4,76.2,68.9,61.7,54.1,47.8,42.8,45.8,44.1,17.2,,,,,,,,,,,,,53,52.5,59,58.8,58.3,57.2,56.2,57.1,49.4,33.8,25.8,33.5,32.7,30.8,22.1,12.5,26.7,61.4,67.1,66,60.5,52.4,58.9,82.6,97.5,89.5,80.1,79.7,75.5,66.9,64.1,68.1,88.1,87,76.4,69.5,62.4,52.2,50.7,53.5,41.5,33.4,34.4,36.2,48.1,63.6,73.3,85,95.1,94.7,86,73.7,71.7,65.2,69.2,77.9,89.5,103.3,112.1,121.7,123.5,116.4,104,90.7,76.7,65.3,45.5,26.5,18.7,10.6,21.3,29.2,35.8,43.8,50.3,56.9,70.8,86.3,,,,,,,,,,,,,TT,O,,2016,1,4,11/17/2003,15.94147583,17.0934916,16.88352543,18.14332248,,,,,,,118.2,119.5,117.9,111,110.8,118.9,117.8,116.2,107,81.8,67.9,59.9,69.7,70.9,69.1,55.7,37.8,36.1,52.6,56.3,58,61.2,60.2,49.5,38.6,27.3,30.8,40.9,47.1,51.4,52.6,47.3,38.2,33.5,53.1,62,67,70.5,77.1,77.6,67.1,41.4,18.6,11.3,18.4,28.4,32.1,29.2,17.5,13.7,19.9,25.5,30.3,39.6,39.2,31.9,27.5,32.6,41,46.5,56,68.4,74.4,76.2,68.9,61.7,54.1,47.8,42.8,45.8,44.1,17.2,,,,,,,,,,,,,,,,,,,56.2,57.1,49.4,33.8,25.8,33.5,32.7,30.8,22.1,12.5,26.7,61.4,67.1,66,60.5,52.4,58.9,82.6,97.5,89.5,80.1,79.7,75.5,66.9,64.1,68.1,88.1,87,76.4,69.5,62.4,52.2,50.7,53.5,41.5,33.4,34.4,36.2,48.1,63.6,73.3,85,95.1,94.7,86,73.7,71.7,65.2,69.2,77.9,89.5,103.3,112.1,121.7,123.5,116.4,104,90.7,76.7,65.3,45.5,26.5,18.7,10.6,21.3,29.2,35.8,43.8,50.3,56.9,70.8,86.3,,,,,,,,,,,,,4008.1,4538.6,55.66805556,63.03611111,115,55,7,7
20,7,A,E,2,17.1,300,70,1,41,32,27,87,1.5,1,0,0,90,1610,25,17,56.6,64.9,63.8,61.2,50.8,34.7,17.6,16.6,31.4,28.5,18.5,13.4,16.9,19.3,23.7,26.4,9.4,,,,,,,,,,,,,,,,,,,,,,,,,,,,,,,,,,,,,,,,,,,,,,,,,,,,,,,,,,,,,,,,,,,,,,,,,,112.8,117.3,107.7,104.7,94.9,87.6,92.2,101.2,116.4,113.5,101,83.4,73.6,67.3,68,79.3,87.2,,,,,,,,,,,,,,,,,,,,,,,,,,,,,,,,,,,,,,,,,,,,,,,,,,,,,,,,,,,,,,,,,,,,,,,,,,TT,O,,2016,2,4,11/17/2003,17.54385965,17.0934916,16.88352543,18.14332248,,,63.8,61.2,50.8,34.7,17.6,16.6,31.4,28.5,18.5,13.4,16.9,19.3,23.7,26.4,9.4,,,,,,,,,,,,,,,,,,,,,,,,,,,,,,,,,,,,,,,,,,,,,,,,,,,,,,,,,,,,,,,,,,,,,,,,,,,,107.7,104.7,94.9,87.6,92.2,101.2,116.4,113.5,101,83.4,73.6,67.3,68,79.3,87.2,,,,,,,,,,,,,,,,,,,,,,,,,,,,,,,,,,,,,,,,,,,,,,,,,,,,,,,,,,,,,,,,,,,,,,,,,,432.2,1378,28.81333333,91.86666667,55,115,3,3
21,7,A,N,2,7.5,140,22,78,60,39,1,54,1.5,1,0,0,90,1610,25,7,111.9,106.6,101.6,88.2,68.7,47.1,24.2,,,,,,,,,,,,,,,,,,,,,,,,,,,,,,,,,,,,,,,,,,,,,,,,,,,,,,,,,,,,,,,,,,,,,,,,,,,,,,,,,,,,49.6,43.8,32.2,19.6,20.1,38.7,64.1,,,,,,,,,,,,,,,,,,,,,,,,,,,,,,,,,,,,,,,,,,,,,,,,,,,,,,,,,,,,,,,,,,,,,,,,,,,,,,,,,,,,TT,O,,2016,3,4,11/17/2003,18.66666667,17.0934916,16.88352543,18.14332248,,,,,,,24.2,,,,,,,,,,,,,,,,,,,,,,,,,,,,,,,,,,,,,,,,,,,,,,,,,,,,,,,,,,,,,,,,,,,,,,,,,,,,,,,,,,,,,,,,,,64.1,,,,,,,,,,,,,,,,,,,,,,,,,,,,,,,,,,,,,,,,,,,,,,,,,,,,,,,,,,,,,,,,,,,,,,,,,,,,,,,,,,,,24.2,64.1,24.2,64.1,115,55,7,7
19,8,A,E,2,8.8,121,12,3,25,26,49,85,1.5,0,0,0,90,1610,25,8,63.2,63.6,62.6,66.5,60.8,58.5,49.6,32.5,,,,,,,,,,,,,,,,,,,,,,,,,,,,,,,,,,,,,,,,,,,,,,,,,,,,,,,,,,,,,,,,,,,,,,,,,,,,,,,,,,,120.2,120.4,119.5,116.8,100.2,93.4,83,69.6,,,,,,,,,,,,,,,,,,,,,,,,,,,,,,,,,,,,,,,,,,,,,,,,,,,,,,,,,,,,,,,,,,,,,,,,,,,,,,,,,,,TT,O,,2016,4,4,11/18/2003,13.75,17.0934916,16.88352543,18.14332248,,,62.6,66.5,60.8,58.5,49.6,32.5,,,,,,,,,,,,,,,,,,,,,,,,,,,,,,,,,,,,,,,,,,,,,,,,,,,,,,,,,,,,,,,,,,,,,,,,,,,,,,,,,,,,,119.5,116.8,100.2,93.4,83,69.6,,,,,,,,,,,,,,,,,,,,,,,,,,,,,,,,,,,,,,,,,,,,,,,,,,,,,,,,,,,,,,,,,,,,,,,,,,,,,,,,,,,330.5,582.5,55.08333333,97.08333333,55,115,3,3
20,8,A,N,2,12.8,237,18,38,52,46,2,50,1.5,0,0,0,90,1610,25,12,110.5,106.2,97.3,80.3,58.5,35.7,35.4,49.4,53.4,55.9,49.6,32,,,,,,,,,,,,,,,,,,,,,,,,,,,,,,,,,,,,,,,,,,,,,,,,,,,,,,,,,,,,,,,,,,,,,,,,,,,,,,,48.8,40.5,27.2,19.4,30.8,56.8,89,93,83.4,82.8,75.4,71.6,,,,,,,,,,,,,,,,,,,,,,,,,,,,,,,,,,,,,,,,,,,,,,,,,,,,,,,,,,,,,,,,,,,,,,,,,,,,,,,TT,O,,2016,5,4,11/18/2003,18.515625,17.0934916,16.88352543,18.14332248,,,,,,,35.4,49.4,53.4,55.9,49.6,32,,,,,,,,,,,,,,,,,,,,,,,,,,,,,,,,,,,,,,,,,,,,,,,,,,,,,,,,,,,,,,,,,,,,,,,,,,,,,,,,,,,,,89,93,83.4,82.8,75.4,71.6,,,,,,,,,,,,,,,,,,,,,,,,,,,,,,,,,,,,,,,,,,,,,,,,,,,,,,,,,,,,,,,,,,,,,,,,,,,,,,,275.7,495.2,45.95,82.53333333,115,55,7,7
21,8,A,S,2,30.7,557,74,1,66,29,5,42,1.5,5,0,0,90,1610,25,30,55.7,43.2,27.1,9.4,9.2,13.7,24.4,14.2,4.9,12.6,17,22.2,16.2,9.4,23.2,32.1,36.3,34.3,22.9,10.5,12.6,22.7,20,23.5,33.3,44,57.8,63.7,68.7,70.8,,,,,,,,,,,,,,,,,,,,,,,,,,,,,,,,,,,,,,,,,,,,,,,,,,,,,,,,,,,,,108.9,111.9,104.8,91,78.6,74.3,75.7,91.2,86,74.5,71.2,64,72.3,85.2,80.8,70.4,71.8,64.7,70,78.1,80.3,94.1,104.9,105.5,102.6,95.2,87.3,73.9,65.2,52.6,,,,,,,,,,,,,,,,,,,,,,,,,,,,,,,,,,,,,,,,,,,,,,,,,,,,,,,,,,,,,FS,O,,2016,6,4,11/18/2003,18.14332248,17.0934916,16.88352543,18.14332248,,,27.1,9.4,9.2,13.7,24.4,14.2,4.9,12.6,17,22.2,16.2,9.4,23.2,32.1,36.3,34.3,22.9,10.5,12.6,22.7,20,23.5,33.3,44,57.8,63.7,68.7,70.8,,,,,,,,,,,,,,,,,,,,,,,,,,,,,,,,,,,,,,,,,,,,,,,,,,,,,,,,,,,,,,,104.8,91,78.6,74.3,75.7,91.2,86,74.5,71.2,64,72.3,85.2,80.8,70.4,71.8,64.7,70,78.1,80.3,94.1,104.9,105.5,102.6,95.2,87.3,73.9,65.2,52.6,,,,,,,,,,,,,,,,,,,,,,,,,,,,,,,,,,,,,,,,,,,,,,,,,,,,,,,,,,,,,756.7,2266.2,27.025,80.93571429,55,115,3,3
22,7,A,W,2,5.2,126,21,58,64,31,5,-45,1.5,0,0,0,90,1610,30,5,109.6,97.7,85.6,60.6,27.1,,,,,,,,,,,,,,,,,,,,,,,,,,,,,,,,,,,,,,,,,,,,,,,,,,,,,,,,,,,,,,,,,,,,,,,,,,,,,,,,,,,,,,54.9,35.5,20.4,26.3,58.9,,,,,,,,,,,,,,,,,,,,,,,,,,,,,,,,,,,,,,,,,,,,,,,,,,,,,,,,,,,,,,,,,,,,,,,,,,,,,,,,,,,,,,TT,O,,2016,1,4,11/17/2003,24.23076923,23.15213766,22.76295735,25.09803922,,,,,,,,,,,,,,,,,,,,,,,,,,,,,,,,,,,,,,,,,,,,,,,,,,,,,,,,,,,,,,,,,,,,,,,,,,,,,,,,,,,,,,,,,,,,,,,,,,,,,,,,,,,,,,,,,,,,,,,,,,,,,,,,,,,,,,,,,,,,,,,,,,,,,,,,,,,,,,,,,,,,,,,,,,,,,,,,,,,,,0,0,0,0,115,55,5,5
23,7,A,E,2,2.9,66,67,5,7,35,58,-39,1.5,1,0,0,90,1610,30,2,57.7,45.3,,,,,,,,,,,,,,,,,,,,,,,,,,,,,,,,,,,,,,,,,,,,,,,,,,,,,,,,,,,,,,,,,,,,,,,,,,,,,,,,,,,,,,,,,112.2,112,,,,,,,,,,,,,,,,,,,,,,,,,,,,,,,,,,,,,,,,,,,,,,,,,,,,,,,,,,,,,,,,,,,,,,,,,,,,,,,,,,,,,,,,,TT,O,,2016,2,4,11/17/2003,22.75862069,23.15213766,22.76295735,25.09803922,,45.3,,,,,,,,,,,,,,,,,,,,,,,,,,,,,,,,,,,,,,,,,,,,,,,,,,,,,,,,,,,,,,,,,,,,,,,,,,,,,,,,,,,,,,,,,,112,,,,,,,,,,,,,,,,,,,,,,,,,,,,,,,,,,,,,,,,,,,,,,,,,,,,,,,,,,,,,,,,,,,,,,,,,,,,,,,,,,,,,,,,,45.3,112,45.3,112,55,115,2,2
24,7,A,N,2,5.6,156,32,12,34,65,1,-37,1.5,1,0,0,90,1610,30,5,106.1,92.6,68.2,43.7,19.9,,,,,,,,,,,,,,,,,,,,,,,,,,,,,,,,,,,,,,,,,,,,,,,,,,,,,,,,,,,,,,,,,,,,,,,,,,,,,,,,,,,,,,51.9,55,66.1,85.1,96.4,,,,,,,,,,,,,,,,,,,,,,,,,,,,,,,,,,,,,,,,,,,,,,,,,,,,,,,,,,,,,,,,,,,,,,,,,,,,,,,,,,,,,,TT,O,,2016,3,4,11/17/2003,27.85714286,23.15213766,22.76295735,25.09803922,,,,,19.9,,,,,,,,,,,,,,,,,,,,,,,,,,,,,,,,,,,,,,,,,,,,,,,,,,,,,,,,,,,,,,,,,,,,,,,,,,,,,,,,,,,,,,,,,,96.4,,,,,,,,,,,,,,,,,,,,,,,,,,,,,,,,,,,,,,,,,,,,,,,,,,,,,,,,,,,,,,,,,,,,,,,,,,,,,,,,,,,,,,19.9,96.4,19.9,96.4,115,55,5,5
22,8,A,E,2,3.6,70,68,12,8,34,58,-23,1.5,0,0,0,90,1610,30,3,58.5,51.2,25.4,,,,,,,,,,,,,,,,,,,,,,,,,,,,,,,,,,,,,,,,,,,,,,,,,,,,,,,,,,,,,,,,,,,,,,,,,,,,,,,,,,,,,,,,115.1,113.5,100.6,,,,,,,,,,,,,,,,,,,,,,,,,,,,,,,,,,,,,,,,,,,,,,,,,,,,,,,,,,,,,,,,,,,,,,,,,,,,,,,,,,,,,,,,TT,O,,2016,4,4,11/18/2003,19.44444444,23.15213766,22.76295735,25.09803922,,51.2,25.4,,,,,,,,,,,,,,,,,,,,,,,,,,,,,,,,,,,,,,,,,,,,,,,,,,,,,,,,,,,,,,,,,,,,,,,,,,,,,,,,,,,,,,,,,113.5,100.6,,,,,,,,,,,,,,,,,,,,,,,,,,,,,,,,,,,,,,,,,,,,,,,,,,,,,,,,,,,,,,,,,,,,,,,,,,,,,,,,,,,,,,,,76.6,214.1,38.3,107.05,55,115,2,2
23,8,A,N,2,6.3,123,20,11,66,33,1,-30,1.5,1,0,0,90,1610,30,6,106.1,90.3,66.5,49.5,37.9,20.2,,,,,,,,,,,,,,,,,,,,,,,,,,,,,,,,,,,,,,,,,,,,,,,,,,,,,,,,,,,,,,,,,,,,,,,,,,,,,,,,,,,,,52.2,56.7,62,66.1,65.1,76.1,,,,,,,,,,,,,,,,,,,,,,,,,,,,,,,,,,,,,,,,,,,,,,,,,,,,,,,,,,,,,,,,,,,,,,,,,,,,,,,,,,,,,TT,O,,2016,5,4,11/18/2003,19.52380952,23.15213766,22.76295735,25.09803922,,,,,37.9,20.2,,,,,,,,,,,,,,,,,,,,,,,,,,,,,,,,,,,,,,,,,,,,,,,,,,,,,,,,,,,,,,,,,,,,,,,,,,,,,,,,,,,,,,,,,65.1,76.1,,,,,,,,,,,,,,,,,,,,,,,,,,,,,,,,,,,,,,,,,,,,,,,,,,,,,,,,,,,,,,,,,,,,,,,,,,,,,,,,,,,,,58.1,141.2,29.05,70.6,115,55,5,5
24,8,A,S,2,30.6,768,52,9,40,24,36,-56,1.5,1,0,0,90,1610,30,30,57,46.3,29.9,20.6,11.8,22.5,24,43.4,40.3,47.5,47.5,52.4,52.3,41.3,64,67.1,63.4,46.5,19.2,14.6,43.4,54.8,38,38.2,43.5,50.7,53.6,70.7,78.2,86.7,,,,,,,,,,,,,,,,,,,,,,,,,,,,,,,,,,,,,,,,,,,,,,,,,,,,,,,,,,,,,99.4,79,66.6,66.5,80.7,102.1,109.2,126.5,114.8,102.5,84.9,71.8,64.8,50.2,23,24.9,34.4,64.4,81.9,93.6,103.2,114.7,114.7,123.4,126.1,126.1,117,115.7,104.8,88.1,,,,,,,,,,,,,,,,,,,,,,,,,,,,,,,,,,,,,,,,,,,,,,,,,,,,,,,,,,,,,FS,O,,2016,6,4,11/18/2003,25.09803922,23.15213766,22.76295735,25.09803922,,46.3,29.9,20.6,11.8,22.5,24,43.4,40.3,47.5,47.5,52.4,52.3,41.3,64,67.1,63.4,46.5,19.2,14.6,43.4,54.8,38,38.2,43.5,50.7,53.6,70.7,78.2,86.7,,,,,,,,,,,,,,,,,,,,,,,,,,,,,,,,,,,,,,,,,,,,,,,,,,,,,,,,,,,,,,79,66.6,66.5,80.7,102.1,109.2,126.5,114.8,102.5,84.9,71.8,64.8,50.2,23,24.9,34.4,64.4,81.9,93.6,103.2,114.7,114.7,123.4,126.1,126.1,117,115.7,104.8,88.1,,,,,,,,,,,,,,,,,,,,,,,,,,,,,,,,,,,,,,,,,,,,,,,,,,,,,,,,,,,,,1312.4,2575.6,45.25517241,88.8137931,55,115,2,2
25,7,A,W,2,16.1,347,56,29,60,38,2,-56,1.5,1,1,0,90,1610,31,16,113.5,103.6,93,73,45.8,26.1,29.8,49.1,51.4,40.2,23.5,16.5,20.9,27.6,29.1,8.8,,,,,,,,,,,,,,,,,,,,,,,,,,,,,,,,,,,,,,,,,,,,,,,,,,,,,,,,,,,,,,,,,,,,,,,,,,,47.5,29.4,15.1,14,39.9,62.5,85.7,97.5,85.7,72.9,68,73.3,80.4,98.5,110.3,91.7,,,,,,,,,,,,,,,,,,,,,,,,,,,,,,,,,,,,,,,,,,,,,,,,,,,,,,,,,,,,,,,,,,,,,,,,,,,TT,O,,2016,1,4,11/17/2003,21.55279503,20.58370341,21.34096697,16.79738562,,,,,45.8,26.1,29.8,49.1,51.4,40.2,23.5,16.5,20.9,27.6,29.1,8.8,,,,,,,,,,,,,,,,,,,,,,,,,,,,,,,,,,,,,,,,,,,,,,,,,,,,,,,,,,,,,,,,,,,,,,,,,,,,,,,39.9,62.5,85.7,97.5,85.7,72.9,68,73.3,80.4,98.5,110.3,91.7,,,,,,,,,,,,,,,,,,,,,,,,,,,,,,,,,,,,,,,,,,,,,,,,,,,,,,,,,,,,,,,,,,,,,,,,,,,368.8,966.4,30.73333333,80.53333333,115,55,5,5
26,7,A,E,2,2.9,59,100,0,21,28,51,-39,1.5,1,0,0,90,1610,31,2,53.2,34.7,,,,,,,,,,,,,,,,,,,,,,,,,,,,,,,,,,,,,,,,,,,,,,,,,,,,,,,,,,,,,,,,,,,,,,,,,,,,,,,,,,,,,,,,,114.8,109,,,,,,,,,,,,,,,,,,,,,,,,,,,,,,,,,,,,,,,,,,,,,,,,,,,,,,,,,,,,,,,,,,,,,,,,,,,,,,,,,,,,,,,,,TT,O,,2016,2,4,11/17/2003,20.34482759,20.58370341,21.34096697,16.79738562,,,,,,,,,,,,,,,,,,,,,,,,,,,,,,,,,,,,,,,,,,,,,,,,,,,,,,,,,,,,,,,,,,,,,,,,,,,,,,,,,,,,,,,,,,,,,,,,,,,,,,,,,,,,,,,,,,,,,,,,,,,,,,,,,,,,,,,,,,,,,,,,,,,,,,,,,,,,,,,,,,,,,,,,,,,,,,,,,,,,,0,0,0,0,55,115,3,3
27,7,A,N,2,10,210,18,2,55,44,1,-27,1.5,1,0,0,90,1610,31,9,101.5,84.6,60.8,56.7,63.6,62.3,56.7,49.3,39.8,,,,,,,,,,,,,,,,,,,,,,,,,,,,,,,,,,,,,,,,,,,,,,,,,,,,,,,,,,,,,,,,,,,,,,,,,,,,,,,,,,56.5,57,57.7,42.9,44.5,54.8,69.7,91.2,103.3,,,,,,,,,,,,,,,,,,,,,,,,,,,,,,,,,,,,,,,,,,,,,,,,,,,,,,,,,,,,,,,,,,,,,,,,,,,,,,,,,,TT,O,,2016,3,4,11/17/2003,21,20.58370341,21.34096697,16.79738562,,,,,63.6,62.3,56.7,49.3,39.8,,,,,,,,,,,,,,,,,,,,,,,,,,,,,,,,,,,,,,,,,,,,,,,,,,,,,,,,,,,,,,,,,,,,,,,,,,,,,,,,,,,,,,44.5,54.8,69.7,91.2,103.3,,,,,,,,,,,,,,,,,,,,,,,,,,,,,,,,,,,,,,,,,,,,,,,,,,,,,,,,,,,,,,,,,,,,,,,,,,,,,,,,,,271.7,363.5,54.34,72.7,115,55,5,5
25,8,A,E,2,20.6,461,44,2,49,42,9,-14,1.5,4,0,0,90,1610,31,20,56,30.6,27.4,50.1,69,73.8,70.4,56.1,42.7,21.2,7.4,23.4,42.8,61.8,67.8,67.3,59.2,50.5,42.1,18.2,,,,,,,,,,,,,,,,,,,,,,,,,,,,,,,,,,,,,,,,,,,,,,,,,,,,,,,,,,,,,,,,,,,,,,,117.9,99.1,70.6,57.6,64.1,67.6,79.5,88,100.4,97.3,82.2,63,50,46.5,52.2,62.6,79.9,96.4,110,98.9,,,,,,,,,,,,,,,,,,,,,,,,,,,,,,,,,,,,,,,,,,,,,,,,,,,,,,,,,,,,,,,,,,,,,,,TT,O,,2016,4,4,11/18/2003,22.37864078,20.58370341,21.34096697,16.79738562,,,27.4,50.1,69,73.8,70.4,56.1,42.7,21.2,7.4,23.4,42.8,61.8,67.8,67.3,59.2,50.5,42.1,18.2,,,,,,,,,,,,,,,,,,,,,,,,,,,,,,,,,,,,,,,,,,,,,,,,,,,,,,,,,,,,,,,,,,,,,,,,,70.6,57.6,64.1,67.6,79.5,88,100.4,97.3,82.2,63,50,46.5,52.2,62.6,79.9,96.4,110,98.9,,,,,,,,,,,,,,,,,,,,,,,,,,,,,,,,,,,,,,,,,,,,,,,,,,,,,,,,,,,,,,,,,,,,,,,851.2,1366.8,47.28888889,75.93333333,55,115,3,3
26,8,A,N,2,19.6,420,26,4,75,24,1,-20,1.5,1,0,0,90,1610,31,19,101.3,83.1,59.2,38.1,40.8,50.3,54.2,54.2,48.5,46.4,33.5,12,31.1,51.3,59.4,61.6,57.2,47.3,29.3,,,,,,,,,,,,,,,,,,,,,,,,,,,,,,,,,,,,,,,,,,,,,,,,,,,,,,,,,,,,,,,,,,,,,,,,57.6,55.7,56.5,60.5,45.5,37.8,45.7,59.3,77.6,100.2,104.4,78.4,54.8,40.7,47.8,55.1,71.7,85.5,83.2,,,,,,,,,,,,,,,,,,,,,,,,,,,,,,,,,,,,,,,,,,,,,,,,,,,,,,,,,,,,,,,,,,,,,,,,TT,O,,2016,5,4,11/18/2003,21.42857143,20.58370341,21.34096697,16.79738562,,,,,40.8,50.3,54.2,54.2,48.5,46.4,33.5,12,31.1,51.3,59.4,61.6,57.2,47.3,29.3,,,,,,,,,,,,,,,,,,,,,,,,,,,,,,,,,,,,,,,,,,,,,,,,,,,,,,,,,,,,,,,,,,,,,,,,,,,,45.5,37.8,45.7,59.3,77.6,100.2,104.4,78.4,54.8,40.7,47.8,55.1,71.7,85.5,83.2,,,,,,,,,,,,,,,,,,,,,,,,,,,,,,,,,,,,,,,,,,,,,,,,,,,,,,,,,,,,,,,,,,,,,,,,677.1,987.7,45.14,65.84666667,115,55,5,5
27,8,A,S,2,30.6,514,71,7,92,7,1,-32,1.5,5,0,0,90,1610,31,30,60.8,43.9,23.5,10.3,12.7,25.6,27.6,19.3,15.3,17.2,12.9,6.6,13.1,24.4,30,35.4,38.2,41.7,39.4,31.6,16.3,16.2,34.4,41.6,38.9,39.2,32.6,25,15,14.6,,,,,,,,,,,,,,,,,,,,,,,,,,,,,,,,,,,,,,,,,,,,,,,,,,,,,,,,,,,,,93.9,81.5,79,84.9,96.7,90.3,78.4,70.9,70.6,69.9,79.2,88.2,84.1,66.4,56.1,55.3,57.9,62.8,75.1,81.6,79.8,73.9,56.6,45.5,47.4,48.1,58.7,75.4,85.8,74.2,,,,,,,,,,,,,,,,,,,,,,,,,,,,,,,,,,,,,,,,,,,,,,,,,,,,,,,,,,,,,FS,O,,2016,6,4,11/18/2003,16.79738562,20.58370341,21.34096697,16.79738562,,,23.5,10.3,12.7,25.6,27.6,19.3,15.3,17.2,12.9,6.6,13.1,24.4,30,35.4,38.2,41.7,39.4,31.6,16.3,16.2,34.4,41.6,38.9,39.2,32.6,25,15,14.6,,,,,,,,,,,,,,,,,,,,,,,,,,,,,,,,,,,,,,,,,,,,,,,,,,,,,,,,,,,,,,,79,84.9,96.7,90.3,78.4,70.9,70.6,69.9,79.2,88.2,84.1,66.4,56.1,55.3,57.9,62.8,75.1,81.6,79.8,73.9,56.6,45.5,47.4,48.1,58.7,75.4,85.8,74.2,,,,,,,,,,,,,,,,,,,,,,,,,,,,,,,,,,,,,,,,,,,,,,,,,,,,,,,,,,,,,698.6,1992.8,24.95,71.17142857,55,115,3,3
28,7,A,W,2,20.2,531,13,5,55,31,14,23,1.5,2,0,0,90,1610,34,20,107.7,106.5,79.2,51.8,40.4,62.4,71.7,70.8,52.4,36.4,56.2,70.5,78.3,82.9,90.1,90.3,79.7,61.5,47,21.5,,,,,,,,,,,,,,,,,,,,,,,,,,,,,,,,,,,,,,,,,,,,,,,,,,,,,,,,,,,,,,,,,,,,,,,58.9,64.1,53.2,46.2,51.2,47,43.6,35.1,39,76.3,112.9,114,103.8,87.6,75.8,66.7,45.1,30,46.1,74.7,,,,,,,,,,,,,,,,,,,,,,,,,,,,,,,,,,,,,,,,,,,,,,,,,,,,,,,,,,,,,,,,,,,,,,,TT,O,,2016,1,4,11/17/2003,26.28712871,23.56330885,23.46815303,24.03908795,,,,,40.4,62.4,71.7,70.8,52.4,36.4,56.2,70.5,78.3,82.9,90.1,90.3,79.7,61.5,47,21.5,,,,,,,,,,,,,,,,,,,,,,,,,,,,,,,,,,,,,,,,,,,,,,,,,,,,,,,,,,,,,,,,,,,,,,,,,,,51.2,47,43.6,35.1,39,76.3,112.9,114,103.8,87.6,75.8,66.7,45.1,30,46.1,74.7,,,,,,,,,,,,,,,,,,,,,,,,,,,,,,,,,,,,,,,,,,,,,,,,,,,,,,,,,,,,,,,,,,,,,,,1012.1,1048.9,63.25625,65.55625,115,55,5,5
29,7,A,E,2,4.9,97,29,1,43,41,16,60,1.5,1,0,0,90,1610,34,4,64.5,59.3,52.3,28.9,,,,,,,,,,,,,,,,,,,,,,,,,,,,,,,,,,,,,,,,,,,,,,,,,,,,,,,,,,,,,,,,,,,,,,,,,,,,,,,,,,,,,,,106.9,94.9,85.9,72.5,,,,,,,,,,,,,,,,,,,,,,,,,,,,,,,,,,,,,,,,,,,,,,,,,,,,,,,,,,,,,,,,,,,,,,,,,,,,,,,,,,,,,,,TT,O,,2016,2,4,11/17/2003,19.79591837,23.56330885,23.46815303,24.03908795,,59.3,52.3,28.9,,,,,,,,,,,,,,,,,,,,,,,,,,,,,,,,,,,,,,,,,,,,,,,,,,,,,,,,,,,,,,,,,,,,,,,,,,,,,,,,,,,,,,,,94.9,85.9,72.5,,,,,,,,,,,,,,,,,,,,,,,,,,,,,,,,,,,,,,,,,,,,,,,,,,,,,,,,,,,,,,,,,,,,,,,,,,,,,,,,,,,,,,,140.5,253.3,46.83333333,84.43333333,55,115,2,2
30,7,A,N,2,5.5,133,22,73,59,40,1,50,1.5,1,0,0,90,1610,34,5,112,107.7,91.4,64.5,30.9,,,,,,,,,,,,,,,,,,,,,,,,,,,,,,,,,,,,,,,,,,,,,,,,,,,,,,,,,,,,,,,,,,,,,,,,,,,,,,,,,,,,,,46.4,35.1,17.1,21.7,55.9,,,,,,,,,,,,,,,,,,,,,,,,,,,,,,,,,,,,,,,,,,,,,,,,,,,,,,,,,,,,,,,,,,,,,,,,,,,,,,,,,,,,,,TT,O,,2016,3,4,11/17/2003,24.18181818,23.56330885,23.46815303,24.03908795,,,,,30.9,,,,,,,,,,,,,,,,,,,,,,,,,,,,,,,,,,,,,,,,,,,,,,,,,,,,,,,,,,,,,,,,,,,,,,,,,,,,,,,,,,,,,,,,,,55.9,,,,,,,,,,,,,,,,,,,,,,,,,,,,,,,,,,,,,,,,,,,,,,,,,,,,,,,,,,,,,,,,,,,,,,,,,,,,,,,,,,,,,,30.9,55.9,30.9,55.9,115,55,5,5
28,8,A,E,2,7.7,152,52,1,28,56,16,68,1.5,1,0,0,90,1610,34,7,66.3,62.4,59.2,36.8,11.7,25.7,18.5,,,,,,,,,,,,,,,,,,,,,,,,,,,,,,,,,,,,,,,,,,,,,,,,,,,,,,,,,,,,,,,,,,,,,,,,,,,,,,,,,,,,110.8,98.4,92.6,79.2,88.4,106.8,97,,,,,,,,,,,,,,,,,,,,,,,,,,,,,,,,,,,,,,,,,,,,,,,,,,,,,,,,,,,,,,,,,,,,,,,,,,,,,,,,,,,,TT,O,,2016,4,4,11/18/2003,19.74025974,23.56330885,23.46815303,24.03908795,,62.4,59.2,36.8,11.7,25.7,18.5,,,,,,,,,,,,,,,,,,,,,,,,,,,,,,,,,,,,,,,,,,,,,,,,,,,,,,,,,,,,,,,,,,,,,,,,,,,,,,,,,,,,,98.4,92.6,79.2,88.4,106.8,97,,,,,,,,,,,,,,,,,,,,,,,,,,,,,,,,,,,,,,,,,,,,,,,,,,,,,,,,,,,,,,,,,,,,,,,,,,,,,,,,,,,,214.3,562.4,35.71666667,93.73333333,55,115,2,2
29,8,A,N,2,28.9,790,42,26,13,53,34,66,1.5,2,1,0,90,1610,34,28,111,104,84.7,51.7,19.7,23.6,30.4,37.7,34.5,36.1,55.3,74.5,100,111,106,106.9,108.8,110.7,108.9,103.9,94.2,78.6,66.3,54.6,40.7,32.7,38.7,21.7,,,,,,,,,,,,,,,,,,,,,,,,,,,,,,,,,,,,,,,,,,,,,,,,,,,,,,,,,,,,,,,46.7,29.9,11.1,34,74.4,95.5,100.3,116.3,118.9,115,99.4,88.1,80.9,75.7,67.5,52.5,32.7,27.2,37.9,53.5,66.9,84,102.8,115,119.1,117,122.9,107.2,,,,,,,,,,,,,,,,,,,,,,,,,,,,,,,,,,,,,,,,,,,,,,,,,,,,,,,,,,,,,,,TT,O,,2016,5,4,11/18/2003,27.33564014,23.56330885,23.46815303,24.03908795,,,,,19.7,23.6,30.4,37.7,34.5,36.1,55.3,74.5,100,111,106,106.9,108.8,110.7,108.9,103.9,94.2,78.6,66.3,54.6,40.7,32.7,38.7,21.7,,,,,,,,,,,,,,,,,,,,,,,,,,,,,,,,,,,,,,,,,,,,,,,,,,,,,,,,,,,,,,,,,,,74.4,95.5,100.3,116.3,118.9,115,99.4,88.1,80.9,75.7,67.5,52.5,32.7,27.2,37.9,53.5,66.9,84,102.8,115,119.1,117,122.9,107.2,,,,,,,,,,,,,,,,,,,,,,,,,,,,,,,,,,,,,,,,,,,,,,,,,,,,,,,,,,,,,,,1595.5,2070.7,66.47916667,86.27916667,115,55,5,5
30,8,A,S,2,30.7,738,55,4,72,21,7,17,1.5,3,0,0,90,1610,34,30,42.3,23,14.5,39.6,55.1,52.8,36.7,21.6,45.7,48.8,39.6,29.6,12.1,9.2,27.5,39.7,52.7,58.2,52.9,45.6,22.4,5.9,16.1,21.3,30.6,59.7,63.9,59,35.5,33.9,,,,,,,,,,,,,,,,,,,,,,,,,,,,,,,,,,,,,,,,,,,,,,,,,,,,,,,,,,,,,111.4,102.3,92.8,86.7,76.7,70.6,64.3,84.3,117.6,110.2,92.6,79.8,76.4,92.3,94.9,82,61.1,48.7,36.2,45.2,73.8,81.6,69.7,64.7,64.5,59.6,48.9,46.3,54.8,58.2,,,,,,,,,,,,,,,,,,,,,,,,,,,,,,,,,,,,,,,,,,,,,,,,,,,,,,,,,,,,,FS,O,,2016,6,4,11/18/2003,24.03908795,23.56330885,23.46815303,24.03908795,,23,14.5,39.6,55.1,52.8,36.7,21.6,45.7,48.8,39.6,29.6,12.1,9.2,27.5,39.7,52.7,58.2,52.9,45.6,22.4,5.9,16.1,21.3,30.6,59.7,63.9,59,35.5,33.9,,,,,,,,,,,,,,,,,,,,,,,,,,,,,,,,,,,,,,,,,,,,,,,,,,,,,,,,,,,,,,102.3,92.8,86.7,76.7,70.6,64.3,84.3,117.6,110.2,92.6,79.8,76.4,92.3,94.9,82,61.1,48.7,36.2,45.2,73.8,81.6,69.7,64.7,64.5,59.6,48.9,46.3,54.8,58.2,,,,,,,,,,,,,,,,,,,,,,,,,,,,,,,,,,,,,,,,,,,,,,,,,,,,,,,,,,,,,1053.2,2136.8,36.31724138,73.68275862,55,115,2,2
31,7,A,W,2,18.8,205,4,61,86,12,2,10,1.5,0,0,0,90,1610,36,18,110,106.1,90.4,72,67.8,64.9,64.5,66.5,67.3,67.9,68.6,69.2,69.8,70,70.2,65.6,61,45.3,,,,,,,,,,,,,,,,,,,,,,,,,,,,,,,,,,,,,,,,,,,,,,,,,,,,,,,,,,,,,,,,,,,,,,,,,56.4,53.3,51.9,36.7,31.3,28.1,25.2,22.1,20.3,19.1,18,17.2,16.7,16.4,16.1,20.5,26.3,45,,,,,,,,,,,,,,,,,,,,,,,,,,,,,,,,,,,,,,,,,,,,,,,,,,,,,,,,,,,,,,,,,,,,,,,,,TT,O,,2016,1,4,11/17/2003,10.90425532,16.73267416,16.13803252,19.70588235,,,,,,,64.5,66.5,67.3,67.9,68.6,69.2,69.8,70,70.2,65.6,61,45.3,,,,,,,,,,,,,,,,,,,,,,,,,,,,,,,,,,,,,,,,,,,,,,,,,,,,,,,,,,,,,,,,,,,,,,,,,,,,,,,25.2,22.1,20.3,19.1,18,17.2,16.7,16.4,16.1,20.5,26.3,45,,,,,,,,,,,,,,,,,,,,,,,,,,,,,,,,,,,,,,,,,,,,,,,,,,,,,,,,,,,,,,,,,,,,,,,,,785.9,262.9,65.49166667,21.90833333,115,55,7,7
32,7,A,E,2,6,123,23,1,49,35,16,62,1.5,0,0,0,90,1610,36,5,64.9,59.2,59.4,51.2,33.9,,,,,,,,,,,,,,,,,,,,,,,,,,,,,,,,,,,,,,,,,,,,,,,,,,,,,,,,,,,,,,,,,,,,,,,,,,,,,,,,,,,,,,110.2,92,83.8,68.8,58.8,,,,,,,,,,,,,,,,,,,,,,,,,,,,,,,,,,,,,,,,,,,,,,,,,,,,,,,,,,,,,,,,,,,,,,,,,,,,,,,,,,,,,,TT,O,,2016,2,4,11/17/2003,20.5,16.73267416,16.13803252,19.70588235,,,59.4,51.2,33.9,,,,,,,,,,,,,,,,,,,,,,,,,,,,,,,,,,,,,,,,,,,,,,,,,,,,,,,,,,,,,,,,,,,,,,,,,,,,,,,,,,,,,,,,83.8,68.8,58.8,,,,,,,,,,,,,,,,,,,,,,,,,,,,,,,,,,,,,,,,,,,,,,,,,,,,,,,,,,,,,,,,,,,,,,,,,,,,,,,,,,,,,,144.5,211.4,48.16666667,70.46666667,55,115,3,3
33,7,A,N,2,47,559,48,17,80,19,1,62,1.5,1,1,0,90,1610,36,46,112.2,108.6,101.6,88.3,70,53.6,53.5,65.5,66.4,67.2,60,54,48.9,45.4,42.1,38.7,36,33.4,31.2,29.4,27.2,25.8,24.2,23.5,22.6,22.1,24,24.2,24.6,25.8,25.4,25.5,26.7,28.5,26.7,27.4,29.2,28.7,28.3,33.9,51.3,62.4,75.7,73.6,58.1,24.5,,,,,,,,,,,,,,,,,,,,,,,,,,,,,,,,,,,,,,,,,,,,,44.6,36.2,20.7,4.9,16.5,38.8,60.2,67,64.7,62.6,56.2,56.9,58.7,60.3,61.5,62.9,64.8,66.5,68.6,69.7,71.3,72.6,74,75.8,77.2,79.2,84.3,85.7,86.7,88.8,88.5,89.2,90.8,93,91.7,92.7,93.8,87.4,73.3,58.2,34.9,27.3,38.7,62,81,92,,,,,,,,,,,,,,,,,,,,,,,,,,,,,,,,,,,,,,,,,,,,,TT,O,,2016,3,4,11/17/2003,11.89361702,16.73267416,16.13803252,19.70588235,,,,,,,53.5,65.5,66.4,67.2,60,54,48.9,45.4,42.1,38.7,36,33.4,31.2,29.4,27.2,25.8,24.2,23.5,22.6,22.1,24,24.2,24.6,25.8,25.4,25.5,26.7,28.5,26.7,27.4,29.2,28.7,28.3,33.9,51.3,62.4,75.7,73.6,58.1,24.5,,,,,,,,,,,,,,,,,,,,,,,,,,,,,,,,,,,,,,,,,,,,,,,,,,,60.2,67,64.7,62.6,56.2,56.9,58.7,60.3,61.5,62.9,64.8,66.5,68.6,69.7,71.3,72.6,74,75.8,77.2,79.2,84.3,85.7,86.7,88.8,88.5,89.2,90.8,93,91.7,92.7,93.8,87.4,73.3,58.2,34.9,27.3,38.7,62,81,92,,,,,,,,,,,,,,,,,,,,,,,,,,,,,,,,,,,,,,,,,,,,,1541.6,2870.7,38.54,71.7675,115,55,7,7
31,8,A,E,2,6.3,146,24,1,56,30,14,73,1.5,1,0,0,90,1610,36,6,65.1,59.3,57.3,52.8,42.1,27.7,,,,,,,,,,,,,,,,,,,,,,,,,,,,,,,,,,,,,,,,,,,,,,,,,,,,,,,,,,,,,,,,,,,,,,,,,,,,,,,,,,,,,109.1,90.5,79.9,62.3,48.6,60.7,,,,,,,,,,,,,,,,,,,,,,,,,,,,,,,,,,,,,,,,,,,,,,,,,,,,,,,,,,,,,,,,,,,,,,,,,,,,,,,,,,,,,TT,O,,2016,4,4,11/18/2003,23.17460318,16.73267416,16.13803252,19.70588235,,,57.3,52.8,42.1,27.7,,,,,,,,,,,,,,,,,,,,,,,,,,,,,,,,,,,,,,,,,,,,,,,,,,,,,,,,,,,,,,,,,,,,,,,,,,,,,,,,,,,,,,,79.9,62.3,48.6,60.7,,,,,,,,,,,,,,,,,,,,,,,,,,,,,,,,,,,,,,,,,,,,,,,,,,,,,,,,,,,,,,,,,,,,,,,,,,,,,,,,,,,,,179.9,251.5,44.975,62.875,55,115,3,3
32,8,A,N,2,14.7,209,8,30,84,15,1,54,1.5,0,0,0,90,1610,36,14,108.7,104.8,93.4,72,47.6,38,44.3,45.9,46.5,47.9,48.5,46.3,44.4,29.6,,,,,,,,,,,,,,,,,,,,,,,,,,,,,,,,,,,,,,,,,,,,,,,,,,,,,,,,,,,,,,,,,,,,,,,,,,,,,45.8,36.3,19.4,17.7,42.6,65.9,72.4,68.3,68.9,70.7,71.6,72.3,76.5,71.6,,,,,,,,,,,,,,,,,,,,,,,,,,,,,,,,,,,,,,,,,,,,,,,,,,,,,,,,,,,,,,,,,,,,,,,,,,,,,TT,O,,2016,5,4,11/18/2003,14.21768708,16.73267416,16.13803252,19.70588235,,,,,,,44.3,45.9,46.5,47.9,48.5,46.3,44.4,29.6,,,,,,,,,,,,,,,,,,,,,,,,,,,,,,,,,,,,,,,,,,,,,,,,,,,,,,,,,,,,,,,,,,,,,,,,,,,,,,,,,,,72.4,68.3,68.9,70.7,71.6,72.3,76.5,71.6,,,,,,,,,,,,,,,,,,,,,,,,,,,,,,,,,,,,,,,,,,,,,,,,,,,,,,,,,,,,,,,,,,,,,,,,,,,,,353.4,572.3,44.175,71.5375,115,55,7,7
33,8,A,S,2,30.6,603,39,18,90,9,1,39,1.5,1,1,0,90,1610,36,30,41.6,22.5,14.5,27.6,36.8,50.6,33.4,37.8,54.1,57,64.7,56.3,43.7,24.6,31.6,41.2,42.5,46,41.3,39.9,44.4,25.7,13.5,6.9,25.4,36.8,42,52.1,61.9,70.8,,,,,,,,,,,,,,,,,,,,,,,,,,,,,,,,,,,,,,,,,,,,,,,,,,,,,,,,,,,,,107.5,96.7,79.5,63.6,56.2,57.4,60,48.3,31.7,30.3,22.1,33.6,45.8,61.8,56.7,47.3,48.7,40.7,46.9,62.2,78.6,91.7,91.4,88.5,87.5,76,65.2,47.7,32.3,22,,,,,,,,,,,,,,,,,,,,,,,,,,,,,,,,,,,,,,,,,,,,,,,,,,,,,,,,,,,,,FS,O,,2016,6,4,11/18/2003,19.70588235,16.73267416,16.13803252,19.70588235,,,14.5,27.6,36.8,50.6,33.4,37.8,54.1,57,64.7,56.3,43.7,24.6,31.6,41.2,42.5,46,41.3,39.9,44.4,25.7,13.5,6.9,25.4,36.8,42,52.1,61.9,70.8,,,,,,,,,,,,,,,,,,,,,,,,,,,,,,,,,,,,,,,,,,,,,,,,,,,,,,,,,,,,,,,79.5,63.6,56.2,57.4,60,48.3,31.7,30.3,22.1,33.6,45.8,61.8,56.7,47.3,48.7,40.7,46.9,62.2,78.6,91.7,91.4,88.5,87.5,76,65.2,47.7,32.3,22,,,,,,,,,,,,,,,,,,,,,,,,,,,,,,,,,,,,,,,,,,,,,,,,,,,,,,,,,,,,,1123.1,1573.7,40.11071429,56.20357143,55,115,3,3
37,7,A,W,2,10.7,177,12,52,22,77,1,29,1.5,1,0,0,90,1610,38,10,111.9,112.1,113.8,114,113.7,114,104.5,86.6,62.8,27.2,,,,,,,,,,,,,,,,,,,,,,,,,,,,,,,,,,,,,,,,,,,,,,,,,,,,,,,,,,,,,,,,,,,,,,,,,,,,,,,,,51.6,49.3,49.4,48,46.3,49.8,50.9,54.7,65.5,84.8,,,,,,,,,,,,,,,,,,,,,,,,,,,,,,,,,,,,,,,,,,,,,,,,,,,,,,,,,,,,,,,,,,,,,,,,,,,,,,,,,TT,O,,2016,1,4,11/17/2003,16.54205608,21.65326733,21.84059832,20.71661238,,,,,113.7,114,104.5,86.6,62.8,27.2,,,,,,,,,,,,,,,,,,,,,,,,,,,,,,,,,,,,,,,,,,,,,,,,,,,,,,,,,,,,,,,,,,,,,,,,,,,,,,,,,,,,,46.3,49.8,50.9,54.7,65.5,84.8,,,,,,,,,,,,,,,,,,,,,,,,,,,,,,,,,,,,,,,,,,,,,,,,,,,,,,,,,,,,,,,,,,,,,,,,,,,,,,,,,508.8,352,84.8,58.66666667,115,55,5,5
38,7,A,E,2,9.4,239,10,19,65,15,20,96,1.5,1,0,0,90,1610,38,9,61.1,67,61.2,59.3,64.6,68.6,66.1,52.1,24.6,,,,,,,,,,,,,,,,,,,,,,,,,,,,,,,,,,,,,,,,,,,,,,,,,,,,,,,,,,,,,,,,,,,,,,,,,,,,,,,,,,113.6,109.3,89.7,67.3,37.7,22.8,24.8,50.9,74,,,,,,,,,,,,,,,,,,,,,,,,,,,,,,,,,,,,,,,,,,,,,,,,,,,,,,,,,,,,,,,,,,,,,,,,,,,,,,,,,,TT,O,,2016,2,4,11/17/2003,25.42553192,21.65326733,21.84059832,20.71661238,,,61.2,59.3,64.6,68.6,66.1,52.1,24.6,,,,,,,,,,,,,,,,,,,,,,,,,,,,,,,,,,,,,,,,,,,,,,,,,,,,,,,,,,,,,,,,,,,,,,,,,,,,,,,,,,,,89.7,67.3,37.7,22.8,24.8,50.9,74,,,,,,,,,,,,,,,,,,,,,,,,,,,,,,,,,,,,,,,,,,,,,,,,,,,,,,,,,,,,,,,,,,,,,,,,,,,,,,,,,,396.5,367.2,56.64285714,52.45714286,55,115,3,3
39,7,A,N,2,6.8,161,16,67,64,35,1,64,1.5,2,1,0,90,1610,38,6,113.6,107.9,97,78.4,59.2,36.6,,,,,,,,,,,,,,,,,,,,,,,,,,,,,,,,,,,,,,,,,,,,,,,,,,,,,,,,,,,,,,,,,,,,,,,,,,,,,,,,,,,,,48.6,39.9,22.2,9.9,33.3,61.1,,,,,,,,,,,,,,,,,,,,,,,,,,,,,,,,,,,,,,,,,,,,,,,,,,,,,,,,,,,,,,,,,,,,,,,,,,,,,,,,,,,,,TT,O,,2016,3,4,11/17/2003,23.67647059,21.65326733,21.84059832,20.71661238,,,,,59.2,36.6,,,,,,,,,,,,,,,,,,,,,,,,,,,,,,,,,,,,,,,,,,,,,,,,,,,,,,,,,,,,,,,,,,,,,,,,,,,,,,,,,,,,,,,,,33.3,61.1,,,,,,,,,,,,,,,,,,,,,,,,,,,,,,,,,,,,,,,,,,,,,,,,,,,,,,,,,,,,,,,,,,,,,,,,,,,,,,,,,,,,,95.8,94.4,47.9,47.2,115,55,5,5
37,8,A,E,2,10.4,243,19,2,44,32,24,76,1.5,1,0,0,90,1610,38,10,62.3,63.2,62.5,58.6,56.3,47.2,46.8,40.5,32.6,12.9,,,,,,,,,,,,,,,,,,,,,,,,,,,,,,,,,,,,,,,,,,,,,,,,,,,,,,,,,,,,,,,,,,,,,,,,,,,,,,,,,118.8,116.8,105.1,88.8,80.3,57.7,40.6,56.2,84.3,96,,,,,,,,,,,,,,,,,,,,,,,,,,,,,,,,,,,,,,,,,,,,,,,,,,,,,,,,,,,,,,,,,,,,,,,,,,,,,,,,,TT,O,,2016,4,4,11/18/2003,23.36538462,21.65326733,21.84059832,20.71661238,,,62.5,58.6,56.3,47.2,46.8,40.5,32.6,12.9,,,,,,,,,,,,,,,,,,,,,,,,,,,,,,,,,,,,,,,,,,,,,,,,,,,,,,,,,,,,,,,,,,,,,,,,,,,,,,,,,,,105.1,88.8,80.3,57.7,40.6,56.2,84.3,96,,,,,,,,,,,,,,,,,,,,,,,,,,,,,,,,,,,,,,,,,,,,,,,,,,,,,,,,,,,,,,,,,,,,,,,,,,,,,,,,,357.4,609,44.675,76.125,55,115,3,3
38,8,A,N,2,15.5,313,61,33,73,26,1,65,1.5,0,0,0,90,1610,38,15,113.6,109.5,103.4,86.5,61,34.4,28.8,20.1,12,27.8,34.7,22.1,14.1,19.4,25.2,,,,,,,,,,,,,,,,,,,,,,,,,,,,,,,,,,,,,,,,,,,,,,,,,,,,,,,,,,,,,,,,,,,,,,,,,,,,54,45.4,32.6,15.4,25.4,55,73.1,83.9,77.4,80.5,71.6,69.1,76.6,83.3,95.8,,,,,,,,,,,,,,,,,,,,,,,,,,,,,,,,,,,,,,,,,,,,,,,,,,,,,,,,,,,,,,,,,,,,,,,,,,,,TT,O,,2016,5,4,11/18/2003,20.19354839,21.65326733,21.84059832,20.71661238,,,,,61,34.4,28.8,20.1,12,27.8,34.7,22.1,14.1,19.4,25.2,,,,,,,,,,,,,,,,,,,,,,,,,,,,,,,,,,,,,,,,,,,,,,,,,,,,,,,,,,,,,,,,,,,,,,,,,,,,,,,,25.4,55,73.1,83.9,77.4,80.5,71.6,69.1,76.6,83.3,95.8,,,,,,,,,,,,,,,,,,,,,,,,,,,,,,,,,,,,,,,,,,,,,,,,,,,,,,,,,,,,,,,,,,,,,,,,,,,,299.6,791.7,27.23636364,71.97272727,115,55,5,5
39,8,A,S,2,30.7,636,66,6,73,24,3,31,1.5,6,0,0,90,1610,38,30,51.8,32.8,13.2,7.8,6.4,7.9,29.9,56.2,62.8,55.9,41.3,20.4,12.7,25.7,37.4,40.8,40,23.6,9.6,30.9,49.6,42.8,34,17,12.3,13.8,19,28,47.3,70.3,,,,,,,,,,,,,,,,,,,,,,,,,,,,,,,,,,,,,,,,,,,,,,,,,,,,,,,,,,,,,108.9,98.7,84.4,78.3,82.3,83,80.5,73.8,59.2,49.3,53.3,66.6,90.2,94.5,92.1,93.4,100,92.9,80.8,71.1,57.8,53.3,57.1,69.8,89.2,97.6,76.2,58.8,40.2,30.6,,,,,,,,,,,,,,,,,,,,,,,,,,,,,,,,,,,,,,,,,,,,,,,,,,,,,,,,,,,,,FS,O,,2016,6,4,11/18/2003,20.71661238,21.65326733,21.84059832,20.71661238,,,13.2,7.8,6.4,7.9,29.9,56.2,62.8,55.9,41.3,20.4,12.7,25.7,37.4,40.8,40,23.6,9.6,30.9,49.6,42.8,34,17,12.3,13.8,19,28,47.3,70.3,,,,,,,,,,,,,,,,,,,,,,,,,,,,,,,,,,,,,,,,,,,,,,,,,,,,,,,,,,,,,,,84.4,78.3,82.3,83,80.5,73.8,59.2,49.3,53.3,66.6,90.2,94.5,92.1,93.4,100,92.9,80.8,71.1,57.8,53.3,57.1,69.8,89.2,97.6,76.2,58.8,40.2,30.6,,,,,,,,,,,,,,,,,,,,,,,,,,,,,,,,,,,,,,,,,,,,,,,,,,,,,,,,,,,,,856.6,2056.3,30.59285714,73.43928571,55,115,3,3
40,7,A,W,2,90.1,1592,33,17,59,26,15,33,1.5,0,0,0,90,1610,39,90,112,106.2,83.6,57.7,43.3,44.2,51.6,64.3,69,70.5,71,67.7,60.2,55.1,58.4,68.6,72.6,70.1,58.5,39.7,22.4,15.5,25.8,40,50.5,57.3,62,64.5,64.7,61.7,52.2,36.8,20.8,17.9,21.7,24.5,30.9,41,39.6,34.2,35.7,53.2,70.7,82.5,75.6,70.7,69.9,75.8,91.3,110.7,118.2,116.1,112.7,103,85.7,64.1,37,14.3,11,18.8,24.1,25.5,28.4,31,32.8,38.5,38.9,39.4,39.6,45.8,58.7,72.6,77,85.1,82.6,72.9,64.3,36.4,18.4,23.1,43,57.7,67,74.8,77.1,80.5,82.3,83.4,84.9,86.1,59.6,62.3,55.5,47.5,44.3,48.8,59.6,61.8,53.9,51.9,39,24.3,28.4,49.2,74.6,97.6,103,99,100.2,103.8,103.6,97.9,87.5,76.8,71,65.7,60.5,58.1,64,53.4,44.1,50.3,68.6,82.7,90.8,95.6,103.7,119.9,122.5,119.4,114.4,106.3,105.3,98.6,80.5,54.2,27.3,14.8,30.1,45.6,47.1,40.3,29.8,18.7,16,29,50.8,72.1,81.5,90.8,102,108.5,113.3,116.6,118.1,122.1,121.4,108,92.7,73.8,54.1,42.3,39.7,42.9,50.9,53.2,57.3,63.8,69,74.9,83.1,77.4,65.7,55.1,53,40.1,34.2,31.2,27,23.2,TT,O,,2016,1,4,11/17/2003,17.66925638,16.96101266,16.37282303,19.90196078,,,,,,,51.6,64.3,69,70.5,71,67.7,60.2,55.1,58.4,68.6,72.6,70.1,58.5,39.7,22.4,15.5,25.8,40,50.5,57.3,62,64.5,64.7,61.7,52.2,36.8,20.8,17.9,21.7,24.5,30.9,41,39.6,34.2,35.7,53.2,70.7,82.5,75.6,70.7,69.9,75.8,91.3,110.7,118.2,116.1,112.7,103,85.7,64.1,37,14.3,11,18.8,24.1,25.5,28.4,31,32.8,38.5,38.9,39.4,39.6,45.8,58.7,72.6,77,85.1,82.6,72.9,64.3,36.4,18.4,23.1,43,57.7,67,74.8,77.1,80.5,82.3,83.4,84.9,86.1,,,,,,,59.6,61.8,53.9,51.9,39,24.3,28.4,49.2,74.6,97.6,103,99,100.2,103.8,103.6,97.9,87.5,76.8,71,65.7,60.5,58.1,64,53.4,44.1,50.3,68.6,82.7,90.8,95.6,103.7,119.9,122.5,119.4,114.4,106.3,105.3,98.6,80.5,54.2,27.3,14.8,30.1,45.6,47.1,40.3,29.8,18.7,16,29,50.8,72.1,81.5,90.8,102,108.5,113.3,116.6,118.1,122.1,121.4,108,92.7,73.8,54.1,42.3,39.7,42.9,50.9,53.2,57.3,63.8,69,74.9,83.1,77.4,65.7,55.1,53,40.1,34.2,31.2,27,23.2,4750.2,5850.2,56.55,69.6452381,115,55,7,7
41,7,A,E,2,63.4,888,36,23,58,33,9,80,1.5,1,1,0,90,1610,39,63,68.5,70.7,77.2,81.1,86,88.4,91,91.6,89.7,92.5,101.8,101.3,105.1,98.4,87.2,74.5,61.6,53.7,42.6,29.5,18.8,16.3,19.2,22.5,20,25,26.5,26,27.5,29.8,31.1,34.9,35.8,39.5,41.1,41.5,33.2,14,14,40.1,51.1,53.5,53.9,57.7,62.7,68.3,71.5,72.7,74.4,75.4,76.3,76.3,78,74.1,65.5,60,59,59.2,51.4,39.6,29.5,19.9,17.6,,,,,,,,,,,,,,,,,,,,,,,,,,,,112.2,99.8,88.7,75.4,61.6,52.9,35.2,26.8,15.1,11.7,17.5,18,28,32.6,40,50.2,63.7,77,87.3,96.1,100.1,101.7,102.8,102.5,94.5,88.2,81.6,77.6,69.7,62.5,61.8,53.9,53.1,47.7,45.8,45.3,52.7,72.5,90,111.8,115.2,112.8,106.5,99.4,89.8,80.7,72.5,69.2,60.6,51.7,44.9,42.7,38.2,28.5,23.2,25.9,30,37.8,49,57,63.4,69.7,71.9,,,,,,,,,,,,,,,,,,,,,,,,,,,,TT,O,,2016,2,4,11/17/2003,14.00630915,16.96101266,16.37282303,19.90196078,,,77.2,81.1,86,88.4,91,91.6,89.7,92.5,101.8,101.3,105.1,98.4,87.2,74.5,61.6,53.7,42.6,29.5,18.8,16.3,19.2,22.5,20,25,26.5,26,27.5,29.8,31.1,34.9,35.8,39.5,41.1,41.5,33.2,14,14,40.1,51.1,53.5,53.9,57.7,62.7,68.3,71.5,72.7,74.4,75.4,76.3,76.3,78,74.1,65.5,60,59,59.2,51.4,39.6,29.5,19.9,17.6,,,,,,,,,,,,,,,,,,,,,,,,,,,,,,88.7,75.4,61.6,52.9,35.2,26.8,15.1,11.7,17.5,18,28,32.6,40,50.2,63.7,77,87.3,96.1,100.1,101.7,102.8,102.5,94.5,88.2,81.6,77.6,69.7,62.5,61.8,53.9,53.1,47.7,45.8,45.3,52.7,72.5,90,111.8,115.2,112.8,106.5,99.4,89.8,80.7,72.5,69.2,60.6,51.7,44.9,42.7,38.2,28.5,23.2,25.9,30,37.8,49,57,63.4,69.7,71.9,,,,,,,,,,,,,,,,,,,,,,,,,,,,3357.6,3834.2,55.04262295,62.85573771,55,115,3,3
42,7,A,N,2,25.9,294,27,54,76,23,1,75,1.5,1,1,0,90,1610,39,25,113.6,112.9,112.8,108.7,101.2,89.1,81.6,69.4,57.9,65.5,63.9,65,66.4,61.3,52.5,46.7,42,38,35.4,32.2,29.2,28.5,27.6,27.2,17.8,,,,,,,,,,,,,,,,,,,,,,,,,,,,,,,,,,,,,,,,,,,,,,,,,,,,,,,,,,,,,,,,,,47.8,39.3,33.7,26.3,16.5,6.1,9.5,17.7,29.3,21.2,22.6,20.8,20.2,30.7,43.4,51.3,57.7,63.3,68.7,74.2,78.7,82.1,85.1,89.2,96.5,,,,,,,,,,,,,,,,,,,,,,,,,,,,,,,,,,,,,,,,,,,,,,,,,,,,,,,,,,,,,,,,,,TT,O,,2016,3,4,11/17/2003,11.35135135,16.96101266,16.37282303,19.90196078,,,,,,,81.6,69.4,57.9,65.5,63.9,65,66.4,61.3,52.5,46.7,42,38,35.4,32.2,29.2,28.5,27.6,27.2,17.8,,,,,,,,,,,,,,,,,,,,,,,,,,,,,,,,,,,,,,,,,,,,,,,,,,,,,,,,,,,,,,,,,,,,,,,,9.5,17.7,29.3,21.2,22.6,20.8,20.2,30.7,43.4,51.3,57.7,63.3,68.7,74.2,78.7,82.1,85.1,89.2,96.5,,,,,,,,,,,,,,,,,,,,,,,,,,,,,,,,,,,,,,,,,,,,,,,,,,,,,,,,,,,,,,,,,,908.1,962.2,47.79473684,50.64210526,115,55,7,7
40,8,A,E,2,42.6,758,21,27,31,35,34,135,1.5,1,0,0,90,1610,39,42,59.2,68.7,72.3,77.2,81.5,84,84.8,83.9,89.4,95,101.3,107.3,109.6,110.5,111.8,98.5,79.6,56.4,42.5,41.9,39.6,38,44.3,46.3,47.2,46.3,57.4,71.3,76.1,75.4,80.7,91.5,104.4,108.5,104.3,99.4,87.2,69.6,55.6,46.3,36.5,21.4,,,,,,,,,,,,,,,,,,,,,,,,,,,,,,,,,,,,,,,,,,,,,,,,,109.6,115.3,107.1,98.5,88.9,74.8,59.9,39.7,16.4,11.4,16,22.1,26.1,28.7,37.9,40.3,48,61,74.9,87.9,107,121.6,129,127.9,125.8,117,116.1,116.8,112.2,99.4,89.2,78.3,69.7,65.5,61.6,47.8,28.6,21.8,31.3,46.6,63.7,74.7,,,,,,,,,,,,,,,,,,,,,,,,,,,,,,,,,,,,,,,,,,,,,,,,,TT,O,,2016,4,4,11/18/2003,17.79342723,16.96101266,16.37282303,19.90196078,,,72.3,77.2,81.5,84,84.8,83.9,89.4,95,101.3,107.3,109.6,110.5,111.8,98.5,79.6,56.4,42.5,41.9,39.6,38,44.3,46.3,47.2,46.3,57.4,71.3,76.1,75.4,80.7,91.5,104.4,108.5,104.3,99.4,87.2,69.6,55.6,46.3,36.5,21.4,,,,,,,,,,,,,,,,,,,,,,,,,,,,,,,,,,,,,,,,,,,,,,,,,,,107.1,98.5,88.9,74.8,59.9,39.7,16.4,11.4,16,22.1,26.1,28.7,37.9,40.3,48,61,74.9,87.9,107,121.6,129,127.9,125.8,117,116.1,116.8,112.2,99.4,89.2,78.3,69.7,65.5,61.6,47.8,28.6,21.8,31.3,46.6,63.7,74.7,,,,,,,,,,,,,,,,,,,,,,,,,,,,,,,,,,,,,,,,,,,,,,,,,2974.8,2791.2,74.37,69.78,55,115,3,3
41,8,A,N,2,29.7,625,19,31,30,48,22,81,1.5,1,1,0,90,1610,39,29,116.1,114.4,114.5,115,111.7,106.6,103.2,100.6,90,69.7,43,26,29.2,44.5,59,72.4,77.1,81.5,82.3,82.6,85.1,86.3,83.4,79.3,75.9,68.1,60.5,42.6,23.3,,,,,,,,,,,,,,,,,,,,,,,,,,,,,,,,,,,,,,,,,,,,,,,,,,,,,,,,,,,,,,49.3,41.9,33.2,30.3,35.2,47.3,65.1,81.3,87.7,96.2,103.4,107.2,111.9,114.5,111.6,108.4,98.9,89.9,82.7,63.5,50.6,43.1,25.6,8.4,20.1,34.7,48.9,64.3,83,,,,,,,,,,,,,,,,,,,,,,,,,,,,,,,,,,,,,,,,,,,,,,,,,,,,,,,,,,,,,,TT,O,,2016,5,4,11/18/2003,21.04377104,16.96101266,16.37282303,19.90196078,,,,,,,103.2,100.6,90,69.7,43,26,29.2,44.5,59,72.4,77.1,81.5,82.3,82.6,85.1,86.3,83.4,79.3,75.9,68.1,60.5,42.6,23.3,,,,,,,,,,,,,,,,,,,,,,,,,,,,,,,,,,,,,,,,,,,,,,,,,,,,,,,,,,,,,,,,,,,,65.1,81.3,87.7,96.2,103.4,107.2,111.9,114.5,111.6,108.4,98.9,89.9,82.7,63.5,50.6,43.1,25.6,8.4,20.1,34.7,48.9,64.3,83,,,,,,,,,,,,,,,,,,,,,,,,,,,,,,,,,,,,,,,,,,,,,,,,,,,,,,,,,,,,,,1565.6,1701,68.06956522,73.95652174,115,55,7,7
42,8,A,S,2,30.6,609,32,19,16,50,34,51,1.5,1,0,0,90,1610,39,30,52.5,41.7,37.5,36.7,40.6,39.6,47.9,46.6,51.1,39.7,21.2,9.8,28.6,52.9,76.3,84.3,80.9,77.2,79.9,88.6,100.2,111.7,118.3,116.1,112.5,110.7,104.3,96.6,89.9,83.7,,,,,,,,,,,,,,,,,,,,,,,,,,,,,,,,,,,,,,,,,,,,,,,,,,,,,,,,,,,,,116.1,119.7,122.3,120.1,116.8,103.8,96,87.4,87.9,80.9,83.8,92.7,99.5,103.7,103.9,98.4,87.9,70.7,48.5,25.4,16.4,31,46.1,49.6,54.7,64.2,59.5,64,77.5,97.3,,,,,,,,,,,,,,,,,,,,,,,,,,,,,,,,,,,,,,,,,,,,,,,,,,,,,,,,,,,,,FS,O,,2016,6,4,11/18/2003,19.90196078,16.96101266,16.37282303,19.90196078,,,37.5,36.7,40.6,39.6,47.9,46.6,51.1,39.7,21.2,9.8,28.6,52.9,76.3,84.3,80.9,77.2,79.9,88.6,100.2,111.7,118.3,116.1,112.5,110.7,104.3,96.6,89.9,83.7,,,,,,,,,,,,,,,,,,,,,,,,,,,,,,,,,,,,,,,,,,,,,,,,,,,,,,,,,,,,,,,122.3,120.1,116.8,103.8,96,87.4,87.9,80.9,83.8,92.7,99.5,103.7,103.9,98.4,87.9,70.7,48.5,25.4,16.4,31,46.1,49.6,54.7,64.2,59.5,64,77.5,97.3,,,,,,,,,,,,,,,,,,,,,,,,,,,,,,,,,,,,,,,,,,,,,,,,,,,,,,,,,,,,,1983.4,2190,70.83571429,78.21428571,55,115,3,3
43,7,A,W,2,75.7,1516,22,17,20,49,31,33,1.5,1,2,0,90,1610,40,75,115,102.7,102.6,103.3,91.7,71.8,51,34.6,40.9,43.1,46.3,51.4,60.6,74.5,86.8,96.4,101.4,104,103.2,94.8,86.2,81.1,81.9,89.1,95.1,94.2,74,55.3,34.3,26.6,39,47.4,48,48.7,56.1,67.3,78.7,87.8,92.2,92.9,84.5,70,55.1,45.6,47.1,57.3,64.9,58.9,39.8,26.6,30.9,48.6,64.9,78.1,87.2,90.4,91.6,100.6,110.8,110.6,106.4,103.4,95.7,87.3,84.6,91.6,101.9,104.2,100.5,91.2,82.6,82.3,62.5,44.1,22.8,,,,,,,,,,,,,,,,62.3,51.3,51.3,59.2,66.7,73.9,87.3,108.8,125.9,126.7,122.2,112.6,101.6,93.8,84.9,75.3,66.1,58.3,45,25.3,6.6,22.3,48.2,73.9,89.3,89,88.5,90.9,98.6,109.1,122.4,122.6,112.2,96.5,82.5,70.5,59.3,48.3,43.7,33.7,18.6,17.1,34.5,57.9,81.3,98.6,110,109.4,108.1,109.5,112.6,115,113.8,109.8,101,88.9,72.9,63.8,63,58.3,53,37.8,20.1,5.1,19.5,41.3,61.9,78.4,85.5,91.5,97,97.6,93,89,87.6,,,,,,,,,,,,,,,,TT,O,,2016,1,4,11/17/2003,20.02642008,18.46798852,18.91728655,16.22149837,,,,,,71.8,51,34.6,40.9,43.1,46.3,51.4,60.6,74.5,86.8,96.4,101.4,104,103.2,94.8,86.2,81.1,81.9,89.1,95.1,94.2,74,55.3,34.3,26.6,39,47.4,48,48.7,56.1,67.3,78.7,87.8,92.2,92.9,84.5,70,55.1,45.6,47.1,57.3,64.9,58.9,39.8,26.6,30.9,48.6,64.9,78.1,87.2,90.4,91.6,100.6,110.8,110.6,106.4,103.4,95.7,87.3,84.6,91.6,101.9,104.2,100.5,91.2,82.6,82.3,62.5,44.1,22.8,,,,,,,,,,,,,,,,,,,,,73.9,87.3,108.8,125.9,126.7,122.2,112.6,101.6,93.8,84.9,75.3,66.1,58.3,45,25.3,6.6,22.3,48.2,73.9,89.3,89,88.5,90.9,98.6,109.1,122.4,122.6,112.2,96.5,82.5,70.5,59.3,48.3,43.7,33.7,18.6,17.1,34.5,57.9,81.3,98.6,110,109.4,108.1,109.5,112.6,115,113.8,109.8,101,88.9,72.9,63.8,63,58.3,53,37.8,20.1,5.1,19.5,41.3,61.9,78.4,85.5,91.5,97,97.6,93,89,87.6,,,,,,,,,,,,,,,,5061.3,5418.2,72.30428571,77.40285714,115,55,6,6
44,7,A,E,2,90.1,1741,25,17,26,49,25,21,1.5,0,2,0,90,1610,40,90,59.4,56.2,39,22.9,30.3,56.9,88.2,103.4,106.8,106.9,108.3,105.9,99.9,93.1,88.4,81.5,74.2,70.9,60.7,49.6,33.8,30.9,31.1,41.9,51.2,53.2,64.2,68,77.6,85,81.8,77,63.7,48.9,35,20.4,15.7,29,48.9,66.3,78.1,83.3,87.2,88.3,86,85.5,90.9,97.1,100.7,97.5,85.4,71,55.8,46.6,45.5,39.8,35.2,34.4,36.1,44.2,51.2,57.8,59.3,61.8,63.6,66.4,66.1,59.8,54.2,58.6,69.2,82.3,99.8,102.9,101.6,95.3,89.1,85.5,87.5,95.2,99.9,97.9,93.3,83.8,75.1,69.8,63.3,53.2,43.5,37.5,114.8,111.2,95.6,79,59.4,53.3,60.3,57.9,46.2,31.2,23.6,27.6,38,53.7,67.1,78.6,91.4,106.1,111.3,115,113.5,115.8,112.2,100.3,85.1,69.2,55.2,51.9,55.3,68.8,82.2,95.3,105.6,107.4,105.2,101.9,98.5,96,97.1,98.2,93.9,83.9,71.1,63.1,47.6,26,8.7,18,36.4,47.7,52.6,60.6,73.6,92.3,107.9,118.2,118.9,119.6,117.6,116.3,111.3,103.6,89.5,74.2,60.1,46.4,38.2,29,35,50.3,66.1,79.5,84.2,76.2,63.7,46.1,25.1,6.2,21.1,43.4,58.5,66.4,74.3,83.4,93.3,104.4,112.9,115.5,117,118.7,TT,O,,2016,2,4,11/17/2003,19.32297447,18.46798852,18.91728655,16.22149837,,,39,22.9,30.3,56.9,88.2,103.4,106.8,106.9,108.3,105.9,99.9,93.1,88.4,81.5,74.2,70.9,60.7,49.6,33.8,30.9,31.1,41.9,51.2,53.2,64.2,68,77.6,85,81.8,77,63.7,48.9,35,20.4,15.7,29,48.9,66.3,78.1,83.3,87.2,88.3,86,85.5,90.9,97.1,100.7,97.5,85.4,71,55.8,46.6,45.5,39.8,35.2,34.4,36.1,44.2,51.2,57.8,59.3,61.8,63.6,66.4,66.1,59.8,54.2,58.6,69.2,82.3,99.8,102.9,101.6,95.3,89.1,85.5,87.5,95.2,99.9,97.9,93.3,83.8,75.1,69.8,63.3,53.2,43.5,37.5,,,95.6,79,59.4,53.3,60.3,57.9,46.2,31.2,23.6,27.6,38,53.7,67.1,78.6,91.4,106.1,111.3,115,113.5,115.8,112.2,100.3,85.1,69.2,55.2,51.9,55.3,68.8,82.2,95.3,105.6,107.4,105.2,101.9,98.5,96,97.1,98.2,93.9,83.9,71.1,63.1,47.6,26,8.7,18,36.4,47.7,52.6,60.6,73.6,92.3,107.9,118.2,118.9,119.6,117.6,116.3,111.3,103.6,89.5,74.2,60.1,46.4,38.2,29,35,50.3,66.1,79.5,84.2,76.2,63.7,46.1,25.1,6.2,21.1,43.4,58.5,66.4,74.3,83.4,93.3,104.4,112.9,115.5,117,118.7,6023.6,6577.6,68.45,74.74545455,55,115,3,3
45,7,A,N,2,7.7,121,21,32,60,39,1,13,1.5,1,0,0,90,1610,40,7,109.8,103.8,95.1,84,68.4,48.5,27.6,,,,,,,,,,,,,,,,,,,,,,,,,,,,,,,,,,,,,,,,,,,,,,,,,,,,,,,,,,,,,,,,,,,,,,,,,,,,,,,,,,,,52.6,45.9,43.1,42.4,40,44.4,58.8,,,,,,,,,,,,,,,,,,,,,,,,,,,,,,,,,,,,,,,,,,,,,,,,,,,,,,,,,,,,,,,,,,,,,,,,,,,,,,,,,,,,TT,O,,2016,3,4,11/17/2003,15.71428571,18.46798852,18.91728655,16.22149837,,,,,,48.5,27.6,,,,,,,,,,,,,,,,,,,,,,,,,,,,,,,,,,,,,,,,,,,,,,,,,,,,,,,,,,,,,,,,,,,,,,,,,,,,,,,,,,,,,,,,,44.4,58.8,,,,,,,,,,,,,,,,,,,,,,,,,,,,,,,,,,,,,,,,,,,,,,,,,,,,,,,,,,,,,,,,,,,,,,,,,,,,,,,,,,,,76.1,103.2,38.05,51.6,115,55,6,6
43,8,A,E,2,90.1,1852,15,32,17,70,13,-19,1.5,0,2,0,90,1610,40,90,57.7,57.8,45.4,21.5,16,23.5,49.9,75.7,89.4,99.8,111.7,114.9,109.2,108.1,109.1,106.9,99.6,85.9,84.3,83.1,77.5,63.4,42.2,21.4,23.9,46.3,66.3,80.7,92.9,99.1,96.6,91.8,89,91.3,103.1,110.8,113.6,111.5,101.2,84.6,60.3,49.3,57.2,72.6,80.4,81.9,76.4,61.1,43.7,24.2,14.7,28.4,39.2,48.2,59.9,68.7,74.4,84.8,99.1,107.9,112.1,113,108.5,105.8,108.8,111.5,110.8,102.2,93.4,85.5,72.7,66.1,73.7,71.3,66.6,56,38.2,26.2,36.3,58.1,90.2,102.3,107.7,106.4,105.6,104.7,103.1,102.9,98.9,88.4,110.5,111,108.9,98.9,100.6,101.6,97.2,87.1,71.8,55.4,45.2,35.4,24.6,28.3,39.5,45.4,52.4,64.7,91.1,99.9,101.4,104.9,102.6,101,104.7,105.6,99.7,90.2,80.5,66.6,47.9,25.9,7.5,25.6,43.2,45.5,42.6,33,19,5.4,28.7,53.2,74.5,82.8,76.8,72.3,62.2,56.5,63.8,78.3,95.5,113.7,120.7,112.5,102.1,91.4,76.2,61.5,57.2,50.9,42.4,33.4,23.5,27.2,42.1,54.2,57,60.9,68.9,78.6,84.7,96.6,105.5,96.8,89.9,80.8,69.5,61.9,60.5,68,77.7,74.3,66.1,52.4,37.7,23.7,19.4,28.8,34.1,44.1,TT,O,,2016,4,4,11/18/2003,20.55493896,18.46798852,18.91728655,16.22149837,,,45.4,21.5,16,23.5,49.9,75.7,89.4,99.8,111.7,114.9,109.2,108.1,109.1,106.9,99.6,85.9,84.3,83.1,77.5,63.4,42.2,21.4,23.9,46.3,66.3,80.7,92.9,99.1,96.6,91.8,89,91.3,103.1,110.8,113.6,111.5,101.2,84.6,60.3,49.3,57.2,72.6,80.4,81.9,76.4,61.1,43.7,24.2,14.7,28.4,39.2,48.2,59.9,68.7,74.4,84.8,99.1,107.9,112.1,113,108.5,105.8,108.8,111.5,110.8,102.2,93.4,85.5,72.7,66.1,73.7,71.3,66.6,56,38.2,26.2,36.3,58.1,90.2,102.3,107.7,106.4,105.6,104.7,103.1,102.9,98.9,88.4,,,108.9,98.9,100.6,101.6,97.2,87.1,71.8,55.4,45.2,35.4,24.6,28.3,39.5,45.4,52.4,64.7,91.1,99.9,101.4,104.9,102.6,101,104.7,105.6,99.7,90.2,80.5,66.6,47.9,25.9,7.5,25.6,43.2,45.5,42.6,33,19,5.4,28.7,53.2,74.5,82.8,76.8,72.3,62.2,56.5,63.8,78.3,95.5,113.7,120.7,112.5,102.1,91.4,76.2,61.5,57.2,50.9,42.4,33.4,23.5,27.2,42.1,54.2,57,60.9,68.9,78.6,84.7,96.6,105.5,96.8,89.9,80.8,69.5,61.9,60.5,68,77.7,74.3,66.1,52.4,37.7,23.7,19.4,28.8,34.1,44.1,6900.6,5792.3,78.41590909,65.82159091,55,115,3,3
44,8,A,N,2,90.1,1709,30,23,52,37,11,-5,1.5,1,3,0,90,1610,40,90,107.3,100.4,89.2,69.7,51,42.5,41.3,34.9,31.2,36.3,50.6,66.6,70.9,70.6,74.9,86.4,101.3,106.9,109,102.3,86.8,66.3,41,17.5,23.3,41.3,41,41,46.3,51.8,54.3,50.3,36.5,21.4,33.8,40.9,41.1,40.2,29,13.2,15.1,38.1,61.2,69.1,72.2,73.9,75.7,74,68,61,59.2,63.8,73.6,78.6,79,72.7,57.4,39.6,24.7,24.2,37.4,53.3,61.6,63.2,67.7,70.8,70.5,75.2,86.2,90.3,93.3,99,100.4,93.1,80.1,63,45,23.6,19.3,23.8,35.4,43.2,43.9,41.7,42,48,57.9,70.1,82.9,90.6,55.2,49.2,49.1,55,71.7,93.9,112,116.6,115.9,105.4,92.9,78.3,60.7,40.3,17.9,7,21.1,25.5,24.6,17.4,9.7,20.8,44.7,69.4,98.5,108.9,101,88.2,71.1,57.7,49.8,39.7,49.3,74,90.1,84.7,78.7,76.5,73.6,76.2,82.6,93.3,93.9,84.9,70.7,55,37.2,21.8,18.3,30.2,48.4,69,87.8,96.7,101.4,107.7,105.6,104.3,105,108.2,113.2,114.5,101.8,85.1,67.5,49.2,30,12.5,3,5.7,8.3,20.3,34.5,43,50.1,59.9,73.5,90.5,102,109.4,118.6,120.6,113.3,100.7,86.1,70.1,53.9,38.9,28,22.4,TT,O,,2016,5,4,11/18/2003,18.96781354,18.46798852,18.91728655,16.22149837,,,,,,42.5,41.3,34.9,31.2,36.3,50.6,66.6,70.9,70.6,74.9,86.4,101.3,106.9,109,102.3,86.8,66.3,41,17.5,23.3,41.3,41,41,46.3,51.8,54.3,50.3,36.5,21.4,33.8,40.9,41.1,40.2,29,13.2,15.1,38.1,61.2,69.1,72.2,73.9,75.7,74,68,61,59.2,63.8,73.6,78.6,79,72.7,57.4,39.6,24.7,24.2,37.4,53.3,61.6,63.2,67.7,70.8,70.5,75.2,86.2,90.3,93.3,99,100.4,93.1,80.1,63,45,23.6,19.3,23.8,35.4,43.2,43.9,41.7,42,48,57.9,70.1,82.9,90.6,,,,,,93.9,112,116.6,115.9,105.4,92.9,78.3,60.7,40.3,17.9,7,21.1,25.5,24.6,17.4,9.7,20.8,44.7,69.4,98.5,108.9,101,88.2,71.1,57.7,49.8,39.7,49.3,74,90.1,84.7,78.7,76.5,73.6,76.2,82.6,93.3,93.9,84.9,70.7,55,37.2,21.8,18.3,30.2,48.4,69,87.8,96.7,101.4,107.7,105.6,104.3,105,108.2,113.2,114.5,101.8,85.1,67.5,49.2,30,12.5,3,5.7,8.3,20.3,34.5,43,50.1,59.9,73.5,90.5,102,109.4,118.6,120.6,113.3,100.7,86.1,70.1,53.9,38.9,28,22.4,4896.3,5740.7,57.60352941,67.53764706,115,55,6,6
45,8,A,S,2,30.7,498,44,10,52,32,16,29,1.5,1,0,0,90,1610,40,30,53.5,54.6,55.5,51.5,35.9,20.2,17.5,33.3,45.9,51.8,59.2,66.6,70.7,73.7,73.4,72.3,74.9,82.6,92.8,98.8,91.9,83.6,74.2,62,45.9,28.5,20.6,14.5,9.5,8.3,,,,,,,,,,,,,,,,,,,,,,,,,,,,,,,,,,,,,,,,,,,,,,,,,,,,,,,,,,,,,108.4,106.9,109.5,111.9,107.3,102.2,98.3,96.5,88.7,75,59,43.8,34,18.3,14.8,32.6,52.7,71.9,83.3,86.5,78.5,67,54.5,46.2,47.3,57.5,65.4,77.3,89.2,92,,,,,,,,,,,,,,,,,,,,,,,,,,,,,,,,,,,,,,,,,,,,,,,,,,,,,,,,,,,,,FS,O,,2016,6,4,11/18/2003,16.22149837,18.46798852,18.91728655,16.22149837,,,55.5,51.5,35.9,20.2,17.5,33.3,45.9,51.8,59.2,66.6,70.7,73.7,73.4,72.3,74.9,82.6,92.8,98.8,91.9,83.6,74.2,62,45.9,28.5,20.6,14.5,9.5,8.3,,,,,,,,,,,,,,,,,,,,,,,,,,,,,,,,,,,,,,,,,,,,,,,,,,,,,,,,,,,,,,,109.5,111.9,107.3,102.2,98.3,96.5,88.7,75,59,43.8,34,18.3,14.8,32.6,52.7,71.9,83.3,86.5,78.5,67,54.5,46.2,47.3,57.5,65.4,77.3,89.2,92,,,,,,,,,,,,,,,,,,,,,,,,,,,,,,,,,,,,,,,,,,,,,,,,,,,,,,,,,,,,,1515.6,1961.2,54.12857143,70.04285714,55,115,3,3
1,7,B,W,2,90.1,1568,8,55,34,61,5,77,1.5,0,4,0,90,1610,41,90,104.5,104.2,92.2,68,37.5,18,27.6,45.8,65,83.7,97.9,111.6,116.9,110.7,112.6,112,107.9,100.8,83.8,67.5,50.3,42.2,53.9,66.8,71.6,76.5,82.9,90.5,96.9,101.1,98.9,94.2,82.2,67.5,52.7,44.9,52.8,43.4,30.6,20.8,27.6,46.8,69.4,86.6,96.4,100.7,99.4,94.2,86.7,78,76.1,93.5,105.8,118.5,120.2,118,117.7,111.8,108.9,103.9,99.9,100.3,105.2,111.3,116.7,117.5,117,115.5,112.1,105,96.9,82.2,69,58.8,54,72.2,75.8,77.6,80.6,84.1,89.2,89.7,98.9,106.2,110.1,110.5,113.1,110.1,99,81.6,58,68.9,76.1,84.7,94.4,101.4,99.3,91,81,68.7,55.2,46.3,44.3,41.5,46.9,48.6,47.5,42.5,31.6,32.2,44.9,72.3,90.4,88.4,78.7,64.8,44.3,25.7,17.1,21.4,38,53.7,61.9,75.9,86.6,100.8,101.7,94.2,83.6,71.1,61,57.1,60.3,58.2,54,53.7,36.9,21.3,9.1,9.3,22.6,38.3,46.9,57.9,59.5,56.9,51.4,43,35.6,25.1,15.4,17.6,27.8,37.2,42.4,41.4,40.9,44.2,42,35,26.9,20.5,19.4,28.7,43.1,47.4,43.3,35.2,25.9,13.8,6.3,9.7,18.6,24.3,27.2,26.7,27.9,27.9,24.7,10.3,TT,O,,2016,1,4,11/17/2003,17.40288568,16.23870399,16.04019072,17.23127036,,,,,,,27.6,45.8,65,83.7,97.9,111.6,116.9,110.7,112.6,112,107.9,100.8,83.8,67.5,50.3,42.2,53.9,66.8,71.6,76.5,82.9,90.5,96.9,101.1,98.9,94.2,82.2,67.5,52.7,44.9,52.8,43.4,30.6,20.8,27.6,46.8,69.4,86.6,96.4,100.7,99.4,94.2,86.7,78,76.1,93.5,105.8,118.5,120.2,118,117.7,111.8,108.9,103.9,99.9,100.3,105.2,111.3,116.7,117.5,117,115.5,112.1,105,96.9,82.2,69,58.8,54,72.2,75.8,77.6,80.6,84.1,89.2,89.7,98.9,106.2,110.1,110.5,113.1,110.1,99,81.6,,,,,,,99.3,91,81,68.7,55.2,46.3,44.3,41.5,46.9,48.6,47.5,42.5,31.6,32.2,44.9,72.3,90.4,88.4,78.7,64.8,44.3,25.7,17.1,21.4,38,53.7,61.9,75.9,86.6,100.8,101.7,94.2,83.6,71.1,61,57.1,60.3,58.2,54,53.7,36.9,21.3,9.1,9.3,22.6,38.3,46.9,57.9,59.5,56.9,51.4,43,35.6,25.1,15.4,17.6,27.8,37.2,42.4,41.4,40.9,44.2,42,35,26.9,20.5,19.4,28.7,43.1,47.4,43.3,35.2,25.9,13.8,6.3,9.7,18.6,24.3,27.2,26.7,27.9,27.9,24.7,10.3,7284.8,3801.9,86.72380952,45.26071429,115,55,7,7
2,7,B,E,2,90.1,1459,12,53,54,36,10,-8,1.5,0,7,0,90,1610,41,90,60.1,57.9,56,34.1,28.2,43,67.1,85.4,92.9,91.4,78.9,69.3,66.7,79.2,93.9,100.4,106.2,106.2,98.4,90.7,82,74.5,78.2,70.6,60.1,48.8,42.5,48.8,57.3,72.1,80.3,84.9,84.8,99.6,98.7,105.5,111.8,109.3,94.6,82,67.2,60,68.4,74.3,84.3,87.3,91.2,89.6,81.1,67.6,45.7,29.7,21.1,32.7,41.1,51.7,58.1,69.1,73.4,81.6,94.2,96.5,115.1,121,122.5,123.4,119.2,113.3,110.6,109,101.1,91.5,78.6,74,77.7,83.3,92.8,102.2,94.9,89.2,81.7,70.8,51.8,36.3,30.1,29.8,33.7,36,41.8,43,115.1,116.1,117.1,97.2,74,45.1,18.9,11.6,24.1,31.5,25.3,23.1,19.4,12.7,13.4,17.1,21.1,27.7,36.1,48.2,66,82,96,91.2,82.2,70.3,56.3,41,28.5,13.6,5.6,4,3.9,19.3,19.3,29.8,41.2,48.7,44.8,39.9,35.1,29.3,18.7,12.4,4.8,5.6,6.8,13.3,21.2,27,42.6,57.1,74.6,70.9,60.4,46.9,37.7,20.6,13.5,9.8,23.8,29,47,48.5,45.2,43.7,38.6,31.2,27.5,27.3,21.6,22.4,28.8,40.4,50.4,58,74.1,83.2,74,71.3,71.8,79.1,92.5,103.6,112.3,114.1,112.3,100.9,90.2,80.2,TT,O,,2016,2,4,11/17/2003,16.19311876,16.23870399,16.04019072,17.23127036,,,56,34.1,28.2,43,67.1,85.4,92.9,91.4,78.9,69.3,66.7,79.2,93.9,100.4,106.2,106.2,98.4,90.7,82,74.5,78.2,70.6,60.1,48.8,42.5,48.8,57.3,72.1,80.3,84.9,84.8,99.6,98.7,105.5,111.8,109.3,94.6,82,67.2,60,68.4,74.3,84.3,87.3,91.2,89.6,81.1,67.6,45.7,29.7,21.1,32.7,41.1,51.7,58.1,69.1,73.4,81.6,94.2,96.5,115.1,121,122.5,123.4,119.2,113.3,110.6,109,101.1,91.5,78.6,74,77.7,83.3,92.8,102.2,94.9,89.2,81.7,70.8,51.8,36.3,30.1,29.8,33.7,36,41.8,43,,,117.1,97.2,74,45.1,18.9,11.6,24.1,31.5,25.3,23.1,19.4,12.7,13.4,17.1,21.1,27.7,36.1,48.2,66,82,96,91.2,82.2,70.3,56.3,41,28.5,13.6,5.6,4,3.9,19.3,19.3,29.8,41.2,48.7,44.8,39.9,35.1,29.3,18.7,12.4,4.8,5.6,6.8,13.3,21.2,27,42.6,57.1,74.6,70.9,60.4,46.9,37.7,20.6,13.5,9.8,23.8,29,47,48.5,45.2,43.7,38.6,31.2,27.5,27.3,21.6,22.4,28.8,40.4,50.4,58,74.1,83.2,74,71.3,71.8,79.1,92.5,103.6,112.3,114.1,112.3,100.9,90.2,80.2,6714.7,3998.5,76.30340909,45.4375,55,115,3,3
3,7,B,N,2,58.2,952,22,36,37,35,28,39,1.5,1,4,0,90,1610,41,58,108.5,101,93.3,98.5,99.7,98.4,86.4,77.3,60.1,53.2,61.5,61.9,67.3,72.4,82.3,90.9,96.9,103.9,115.9,117.5,113,116.9,120.4,122.6,121.3,118.8,115.9,110.7,104.5,96.9,90.4,81.7,73.8,65.9,58.1,49.1,44.7,48.9,46.3,41,41.4,49.6,65.3,82,92.5,98.3,97.6,92.8,77.5,61.4,41.6,33.6,35.1,41.2,42.1,38.6,27,11.8,,,,,,,,,,,,,,,,,,,,,,,,,,,,,,,,,52.3,42.7,27.2,16.3,15.8,12.9,4.7,9.6,26.2,36.1,33.5,38,33.3,32.9,35.4,38.3,43.2,50.2,60,61.1,54,50.1,44.2,39,36.4,39.5,48.9,59.4,69.1,80.2,92.1,101.2,106.8,113.5,122.2,123.9,123,124.2,113.2,96.7,76.8,53.5,28.7,7.3,12.6,22.8,35.8,45.3,53.1,64.3,79.4,94.8,110.6,124.1,125.2,120.2,108.1,95.3,,,,,,,,,,,,,,,,,,,,,,,,,,,,,,,,,TT,O,,2016,3,4,11/17/2003,16.35738832,16.23870399,16.04019072,17.23127036,,,,,,,86.4,77.3,60.1,53.2,61.5,61.9,67.3,72.4,82.3,90.9,96.9,103.9,115.9,117.5,113,116.9,120.4,122.6,121.3,118.8,115.9,110.7,104.5,96.9,90.4,81.7,73.8,65.9,58.1,49.1,44.7,48.9,46.3,41,41.4,49.6,65.3,82,92.5,98.3,97.6,92.8,77.5,61.4,41.6,33.6,35.1,41.2,42.1,38.6,27,11.8,,,,,,,,,,,,,,,,,,,,,,,,,,,,,,,,,,,,,,,4.7,9.6,26.2,36.1,33.5,38,33.3,32.9,35.4,38.3,43.2,50.2,60,61.1,54,50.1,44.2,39,36.4,39.5,48.9,59.4,69.1,80.2,92.1,101.2,106.8,113.5,122.2,123.9,123,124.2,113.2,96.7,76.8,53.5,28.7,7.3,12.6,22.8,35.8,45.3,53.1,64.3,79.4,94.8,110.6,124.1,125.2,120.2,108.1,95.3,,,,,,,,,,,,,,,,,,,,,,,,,,,,,,,,,3917.8,3398,75.34230769,65.34615385,115,55,7,7
1,8,B,E,2,90.1,1455,3,50,62,32,6,101,1.5,0,4,0,90,1610,41,90,68,71.7,73,78.1,83.3,86.4,87.2,89.9,90.5,86.4,70.6,62.3,54.6,51.2,47.5,41.7,36.8,35.1,53.3,70.7,77.2,78.4,68.5,83.5,99.6,118.7,117.5,116.9,120.8,121.6,119.3,116.4,112.3,104.1,91,80.1,75.7,73.5,64.9,58.9,65.6,80.4,97.9,106.7,106.3,107.6,106.8,109.6,109,105.8,101.9,86.3,77.1,85,89.4,91.8,92.9,87.8,85.2,78,65.9,43.9,21.2,25.3,38,49,53.4,56.3,59.2,64.3,70.7,71.1,50.3,51.7,62.7,72.2,84.4,97.8,104.2,107.6,104.6,96.4,87.1,82.3,81.1,82.9,90.1,97.4,104,105.2,117.5,106.4,91,72.4,54.5,38.3,15,13.4,38.6,57.3,65.2,67,69.3,70.9,72.7,70.5,62,51.8,38.6,25.8,20,8.5,21.7,32.3,42.5,55,52.1,44.2,38.9,36.4,37.7,43.8,49.9,50.5,46.8,37.5,21.1,13.4,25.4,39.8,51.3,63.8,72.7,74.7,67,59,48.4,39.1,30.7,23.1,17.3,7.4,21,26.9,25.8,23.5,11.9,3.5,14.9,28.3,41.5,56,66.2,62.9,55.8,45.7,42.1,37.9,28.7,21.5,19.7,33.4,43.5,34.8,23.2,17.3,22.1,36.5,50.9,61.8,64.5,65.9,60.8,51.7,44.5,33.7,18.5,18.7,25.3,31.3,TT,O,,2016,4,4,11/18/2003,16.14872364,16.23870399,16.04019072,17.23127036,,,73,78.1,83.3,86.4,87.2,89.9,90.5,86.4,70.6,62.3,54.6,51.2,47.5,41.7,36.8,35.1,53.3,70.7,77.2,78.4,68.5,83.5,99.6,118.7,117.5,116.9,120.8,121.6,119.3,116.4,112.3,104.1,91,80.1,75.7,73.5,64.9,58.9,65.6,80.4,97.9,106.7,106.3,107.6,106.8,109.6,109,105.8,101.9,86.3,77.1,85,89.4,91.8,92.9,87.8,85.2,78,65.9,43.9,21.2,25.3,38,49,53.4,56.3,59.2,64.3,70.7,71.1,50.3,51.7,62.7,72.2,84.4,97.8,104.2,107.6,104.6,96.4,87.1,82.3,81.1,82.9,90.1,97.4,104,105.2,,,91,72.4,54.5,38.3,15,13.4,38.6,57.3,65.2,67,69.3,70.9,72.7,70.5,62,51.8,38.6,25.8,20,8.5,21.7,32.3,42.5,55,52.1,44.2,38.9,36.4,37.7,43.8,49.9,50.5,46.8,37.5,21.1,13.4,25.4,39.8,51.3,63.8,72.7,74.7,67,59,48.4,39.1,30.7,23.1,17.3,7.4,21,26.9,25.8,23.5,11.9,3.5,14.9,28.3,41.5,56,66.2,62.9,55.8,45.7,42.1,37.9,28.7,21.5,19.7,33.4,43.5,34.8,23.2,17.3,22.1,36.5,50.9,61.8,64.5,65.9,60.8,51.7,44.5,33.7,18.5,18.7,25.3,31.3,7148.9,3618.5,81.2375,41.11931818,55,115,3,3
2,8,B,N,2,34.4,485,5,65,53,44,3,11,1.5,1,2,0,90,1610,41,34,113.5,114.7,109.6,105.1,100.7,88.7,80.3,80.9,92.9,103.3,114.9,116.5,113.9,110.3,109.1,110.7,112.1,107.7,104.9,98.6,87.5,75.5,81.7,89.6,92.5,93.4,91.8,88.3,82.6,76.6,70.9,60.9,38.3,16.1,,,,,,,,,,,,,,,,,,,,,,,,,,,,,,,,,,,,,,,,,,,,,,,,,,,,,,,,,52.3,50.7,49,46.6,46.1,40.1,33.4,18,14.2,23.2,36.4,46.5,53.9,61.9,63.4,59.1,54.6,49.7,43.6,31.1,22.5,32.7,42,40.2,37.7,31.8,20.1,6.5,12.1,31.4,51,68.8,82.7,87.6,,,,,,,,,,,,,,,,,,,,,,,,,,,,,,,,,,,,,,,,,,,,,,,,,,,,,,,,,TT,O,,2016,5,4,11/18/2003,14.09883721,16.23870399,16.04019072,17.23127036,,,,,,,80.3,80.9,92.9,103.3,114.9,116.5,113.9,110.3,109.1,110.7,112.1,107.7,104.9,98.6,87.5,75.5,81.7,89.6,92.5,93.4,91.8,88.3,82.6,76.6,70.9,60.9,38.3,16.1,,,,,,,,,,,,,,,,,,,,,,,,,,,,,,,,,,,,,,,,,,,,,,,,,,,,,,,,,,,,,,,33.4,18,14.2,23.2,36.4,46.5,53.9,61.9,63.4,59.1,54.6,49.7,43.6,31.1,22.5,32.7,42,40.2,37.7,31.8,20.1,6.5,12.1,31.4,51,68.8,82.7,87.6,,,,,,,,,,,,,,,,,,,,,,,,,,,,,,,,,,,,,,,,,,,,,,,,,,,,,,,,,2501.8,1156.1,89.35,41.28928571,115,55,7,7
3,8,B,S,2,30.7,529,32,41,46,38,16,40,1.5,1,3,0,90,1610,41,30,58.1,55.3,41.2,25.7,10.9,15,32,47.5,63.3,78.8,84.4,90.9,89.6,74.7,76.2,84.4,89.2,91.9,98.5,108.2,113.1,111.1,107.1,99.9,87.3,71.7,56.7,35.9,19.9,14,,,,,,,,,,,,,,,,,,,,,,,,,,,,,,,,,,,,,,,,,,,,,,,,,,,,,,,,,,,,,113.7,115,110.3,104.2,95.1,82.5,67.2,50,31.1,13.4,5.2,10.8,22.5,22.8,12.7,11.7,16.5,19.1,28.4,41.7,56,63.5,68.4,72.4,77.4,82.8,89.4,96.8,100.6,97.6,,,,,,,,,,,,,,,,,,,,,,,,,,,,,,,,,,,,,,,,,,,,,,,,,,,,,,,,,,,,,FS,O,,2016,6,4,11/18/2003,17.23127036,16.23870399,16.04019072,17.23127036,,,41.2,25.7,10.9,15,32,47.5,63.3,78.8,84.4,90.9,89.6,74.7,76.2,84.4,89.2,91.9,98.5,108.2,113.1,111.1,107.1,99.9,87.3,71.7,56.7,35.9,19.9,14,,,,,,,,,,,,,,,,,,,,,,,,,,,,,,,,,,,,,,,,,,,,,,,,,,,,,,,,,,,,,,,110.3,104.2,95.1,82.5,67.2,50,31.1,13.4,5.2,10.8,22.5,22.8,12.7,11.7,16.5,19.1,28.4,41.7,56,63.5,68.4,72.4,77.4,82.8,89.4,96.8,100.6,97.6,,,,,,,,,,,,,,,,,,,,,,,,,,,,,,,,,,,,,,,,,,,,,,,,,,,,,,,,,,,,,1919.1,1550.1,68.53928571,55.36071429,55,115,3,3
4,7,B,W,2,8.3,164,14,35,50,50,0,23,1.5,0,0,0,90,1610,43,8,111.2,105.4,103.4,101.8,89.9,80.3,59,29,,,,,,,,,,,,,,,,,,,,,,,,,,,,,,,,,,,,,,,,,,,,,,,,,,,,,,,,,,,,,,,,,,,,,,,,,,,,,,,,,,,54.9,54.1,59.1,49.9,32.3,22.8,28,56.6,,,,,,,,,,,,,,,,,,,,,,,,,,,,,,,,,,,,,,,,,,,,,,,,,,,,,,,,,,,,,,,,,,,,,,,,,,,,,,,,,,,TT,O,,2016,1,4,11/17/2003,19.75903615,22.25571117,22.5565266,20.75163399,,,,,89.9,80.3,59,29,,,,,,,,,,,,,,,,,,,,,,,,,,,,,,,,,,,,,,,,,,,,,,,,,,,,,,,,,,,,,,,,,,,,,,,,,,,,,,,,,,,,,,,32.3,22.8,28,56.6,,,,,,,,,,,,,,,,,,,,,,,,,,,,,,,,,,,,,,,,,,,,,,,,,,,,,,,,,,,,,,,,,,,,,,,,,,,,,,,,,,,258.2,139.7,64.55,34.925,115,55,5,5
5,7,B,E,2,2.8,57,81,5,7,44,49,-32,1.5,1,0,0,90,1610,43,2,56.1,39.6,,,,,,,,,,,,,,,,,,,,,,,,,,,,,,,,,,,,,,,,,,,,,,,,,,,,,,,,,,,,,,,,,,,,,,,,,,,,,,,,,,,,,,,,,114.9,109.3,,,,,,,,,,,,,,,,,,,,,,,,,,,,,,,,,,,,,,,,,,,,,,,,,,,,,,,,,,,,,,,,,,,,,,,,,,,,,,,,,,,,,,,,,TT,O,,2016,2,4,11/17/2003,20.35714286,22.25571117,22.5565266,20.75163399,,39.6,,,,,,,,,,,,,,,,,,,,,,,,,,,,,,,,,,,,,,,,,,,,,,,,,,,,,,,,,,,,,,,,,,,,,,,,,,,,,,,,,,,,,,,,,,109.3,,,,,,,,,,,,,,,,,,,,,,,,,,,,,,,,,,,,,,,,,,,,,,,,,,,,,,,,,,,,,,,,,,,,,,,,,,,,,,,,,,,,,,,,,39.6,109.3,39.6,109.3,55,115,2,2
6,7,B,N,2,5.2,130,29,1,60,39,1,-42,1.5,1,0,0,90,1610,43,5,104.7,88.9,63.4,34.7,13.5,,,,,,,,,,,,,,,,,,,,,,,,,,,,,,,,,,,,,,,,,,,,,,,,,,,,,,,,,,,,,,,,,,,,,,,,,,,,,,,,,,,,,,55.8,59.3,61.4,67.2,75.7,,,,,,,,,,,,,,,,,,,,,,,,,,,,,,,,,,,,,,,,,,,,,,,,,,,,,,,,,,,,,,,,,,,,,,,,,,,,,,,,,,,,,,TT,O,,2016,3,4,11/17/2003,25,22.25571117,22.5565266,20.75163399,,,,,,,,,,,,,,,,,,,,,,,,,,,,,,,,,,,,,,,,,,,,,,,,,,,,,,,,,,,,,,,,,,,,,,,,,,,,,,,,,,,,,,,,,,,,,,,,,,,,,,,,,,,,,,,,,,,,,,,,,,,,,,,,,,,,,,,,,,,,,,,,,,,,,,,,,,,,,,,,,,,,,,,,,,,,,,,,,,,,,0,0,0,0,115,55,5,5
4,8,B,E,2,37.7,876,61,15,77,17,6,-58,1.5,1,0,0,90,1610,43,37,55,41.2,22.6,33.6,58.9,67.6,62.4,55.2,40.8,18.6,22.6,19.3,11.6,10.7,20.5,23.2,22.3,13.8,23,14.6,17.6,21.5,40,67.7,72.1,77.7,80.5,70.4,48.5,24.8,13.8,36.7,49,41.7,39.4,38.5,28.6,,,,,,,,,,,,,,,,,,,,,,,,,,,,,,,,,,,,,,,,,,,,,,,,,,,,,,119.6,118.9,107.1,84.8,68.6,48,32.6,31.6,45.7,73.3,99.4,101.3,79.2,77.2,82.4,80.4,95,98,107.8,97.1,81.8,68.6,46.9,23.3,14.3,20.7,24.9,36.6,51.6,65.6,80.5,80.2,65.4,54,46.8,47.4,62.5,,,,,,,,,,,,,,,,,,,,,,,,,,,,,,,,,,,,,,,,,,,,,,,,,,,,,,TT,O,,2016,4,4,11/18/2003,23.23607427,22.25571117,22.5565266,20.75163399,,41.2,22.6,33.6,58.9,67.6,62.4,55.2,40.8,18.6,22.6,19.3,11.6,10.7,20.5,23.2,22.3,13.8,23,14.6,17.6,21.5,40,67.7,72.1,77.7,80.5,70.4,48.5,24.8,13.8,36.7,49,41.7,39.4,38.5,28.6,,,,,,,,,,,,,,,,,,,,,,,,,,,,,,,,,,,,,,,,,,,,,,,,,,,,,,,118.9,107.1,84.8,68.6,48,32.6,31.6,45.7,73.3,99.4,101.3,79.2,77.2,82.4,80.4,95,98,107.8,97.1,81.8,68.6,46.9,23.3,14.3,20.7,24.9,36.6,51.6,65.6,80.5,80.2,65.4,54,46.8,47.4,62.5,,,,,,,,,,,,,,,,,,,,,,,,,,,,,,,,,,,,,,,,,,,,,,,,,,,,,,1351,2399.5,37.52777778,66.65277778,55,115,2,2
5,8,B,N,2,7.9,193,44,4,74,25,1,-31,1.5,1,0,0,90,1610,43,7,106.6,92.7,67.6,40.7,23.3,30.3,22.5,,,,,,,,,,,,,,,,,,,,,,,,,,,,,,,,,,,,,,,,,,,,,,,,,,,,,,,,,,,,,,,,,,,,,,,,,,,,,,,,,,,,55.9,56.6,55.9,57.3,63.9,70.3,68.7,,,,,,,,,,,,,,,,,,,,,,,,,,,,,,,,,,,,,,,,,,,,,,,,,,,,,,,,,,,,,,,,,,,,,,,,,,,,,,,,,,,,TT,O,,2016,5,4,11/18/2003,24.43037975,22.25571117,22.5565266,20.75163399,,,,,23.3,30.3,22.5,,,,,,,,,,,,,,,,,,,,,,,,,,,,,,,,,,,,,,,,,,,,,,,,,,,,,,,,,,,,,,,,,,,,,,,,,,,,,,,,,,,,,,,,63.9,70.3,68.7,,,,,,,,,,,,,,,,,,,,,,,,,,,,,,,,,,,,,,,,,,,,,,,,,,,,,,,,,,,,,,,,,,,,,,,,,,,,,,,,,,,,76.1,202.9,25.36666667,67.63333333,115,55,5,5
6,8,B,S,2,30.6,635,63,2,60,21,19,-38,1.5,2,0,0,90,1610,43,30,66.5,50.5,31.7,28.9,20.1,29.3,19.6,20.1,6.4,8,23.3,43.3,40,25.1,7.7,3.3,10.4,15,13,26.1,49.4,74.5,92.6,105.4,100,92.2,79.9,69,44.2,29.1,,,,,,,,,,,,,,,,,,,,,,,,,,,,,,,,,,,,,,,,,,,,,,,,,,,,,,,,,,,,,98.8,84.2,77.7,75.6,85.7,72.3,67.7,66.5,80.1,81.6,84.6,92.6,85.6,85.7,84,84.4,92.2,95.9,81.3,68,49.4,41.4,51.1,75.6,80.8,91.6,103.6,109.3,111.1,109.1,,,,,,,,,,,,,,,,,,,,,,,,,,,,,,,,,,,,,,,,,,,,,,,,,,,,,,,,,,,,,FS,O,,2016,6,4,11/18/2003,20.75163399,22.25571117,22.5565266,20.75163399,,,31.7,28.9,20.1,29.3,19.6,20.1,6.4,8,23.3,43.3,40,25.1,7.7,3.3,10.4,15,13,26.1,49.4,74.5,92.6,105.4,100,92.2,79.9,69,44.2,29.1,,,,,,,,,,,,,,,,,,,,,,,,,,,,,,,,,,,,,,,,,,,,,,,,,,,,,,,,,,,,,,,77.7,75.6,85.7,72.3,67.7,66.5,80.1,81.6,84.6,92.6,85.6,85.7,84,84.4,92.2,95.9,81.3,68,49.4,41.4,51.1,75.6,80.8,91.6,103.6,109.3,111.1,109.1,,,,,,,,,,,,,,,,,,,,,,,,,,,,,,,,,,,,,,,,,,,,,,,,,,,,,,,,,,,,,1107.6,2284.5,39.55714286,81.58928571,55,115,3,3
10,7,B,W,2,18.3,252,25,4,41,40,19,21,1.5,0,0,0,90,1610,59,18,117.4,114,114.3,113.5,113.7,113.6,111.1,105,99.6,72.7,45.9,37.8,37.9,39.8,37.7,24.7,28.5,27,,,,,,,,,,,,,,,,,,,,,,,,,,,,,,,,,,,,,,,,,,,,,,,,,,,,,,,,,,,,,,,,,,,,,,,,,62,58.6,57.9,56.4,54.9,53.8,52.4,51.8,58.3,55.5,51.5,48.8,49.1,52.4,54.5,73.2,89.7,101,,,,,,,,,,,,,,,,,,,,,,,,,,,,,,,,,,,,,,,,,,,,,,,,,,,,,,,,,,,,,,,,,,,,,,,,,TT,O,,2016,1,4,11/17/2003,13.7704918,17.14254039,17.29653866,16.37254902,,,,,,,111.1,105,99.6,72.7,45.9,37.8,37.9,39.8,37.7,24.7,28.5,27,,,,,,,,,,,,,,,,,,,,,,,,,,,,,,,,,,,,,,,,,,,,,,,,,,,,,,,,,,,,,,,,,,,,,,,,,,,,,,,52.4,51.8,58.3,55.5,51.5,48.8,49.1,52.4,54.5,73.2,89.7,101,,,,,,,,,,,,,,,,,,,,,,,,,,,,,,,,,,,,,,,,,,,,,,,,,,,,,,,,,,,,,,,,,,,,,,,,,667.7,738.2,55.64166667,61.51666667,115,55,7,7
11,7,B,E,2,5.4,84,54,26,15,16,69,-19,1.5,1,0,0,90,1610,59,5,58,56.6,56.6,43.2,21.8,,,,,,,,,,,,,,,,,,,,,,,,,,,,,,,,,,,,,,,,,,,,,,,,,,,,,,,,,,,,,,,,,,,,,,,,,,,,,,,,,,,,,,115.3,112.5,114.1,109.1,93,,,,,,,,,,,,,,,,,,,,,,,,,,,,,,,,,,,,,,,,,,,,,,,,,,,,,,,,,,,,,,,,,,,,,,,,,,,,,,,,,,,,,,TT,O,,2016,2,4,11/17/2003,15.55555556,17.14254039,17.29653866,16.37254902,,,56.6,43.2,21.8,,,,,,,,,,,,,,,,,,,,,,,,,,,,,,,,,,,,,,,,,,,,,,,,,,,,,,,,,,,,,,,,,,,,,,,,,,,,,,,,,,,,,,,,114.1,109.1,93,,,,,,,,,,,,,,,,,,,,,,,,,,,,,,,,,,,,,,,,,,,,,,,,,,,,,,,,,,,,,,,,,,,,,,,,,,,,,,,,,,,,,,121.6,316.2,40.53333333,105.4,55,115,3,3
12,7,B,N,2,19.4,339,13,34,78,17,5,55,1.5,1,1,0,90,1610,59,19,114.1,112.1,110,102.9,89.1,70.2,49.3,31.8,42.4,60,57.9,47.9,43.2,46.7,57.3,55.6,58,36.3,12,,,,,,,,,,,,,,,,,,,,,,,,,,,,,,,,,,,,,,,,,,,,,,,,,,,,,,,,,,,,,,,,,,,,,,,,56.1,53.9,47.2,33,14.3,15.9,39.1,60.1,65.7,64.6,56.1,58.5,62.7,69.7,62.4,64.9,71.4,77.4,82.8,,,,,,,,,,,,,,,,,,,,,,,,,,,,,,,,,,,,,,,,,,,,,,,,,,,,,,,,,,,,,,,,,,,,,,,,TT,O,,2016,3,4,11/17/2003,17.4742268,17.14254039,17.29653866,16.37254902,,,,,,,49.3,31.8,42.4,60,57.9,47.9,43.2,46.7,57.3,55.6,58,36.3,12,,,,,,,,,,,,,,,,,,,,,,,,,,,,,,,,,,,,,,,,,,,,,,,,,,,,,,,,,,,,,,,,,,,,,,,,,,,,,,39.1,60.1,65.7,64.6,56.1,58.5,62.7,69.7,62.4,64.9,71.4,77.4,82.8,,,,,,,,,,,,,,,,,,,,,,,,,,,,,,,,,,,,,,,,,,,,,,,,,,,,,,,,,,,,,,,,,,,,,,,,598.4,835.4,46.03076923,64.26153846,115,55,7,7
10,8,B,E,2,90.1,1805,47,10,35,30,35,73,1.5,0,0,0,90,1610,59,90,65.9,64.2,61.3,59.5,61.7,60,57.1,54.3,39.8,25.3,22.8,26.4,34.7,45.8,43.1,39.5,40.4,38.3,31.8,27.4,27.6,35.1,53.3,66.5,69.6,69.1,67,68.3,62.5,59.3,60.7,57,57.6,51.4,39.8,42.4,45.1,43.5,54.4,59.8,55.9,45.1,37.8,36.9,36.2,31.8,28.5,30,24.2,14.4,27.8,58.5,84.6,102.6,113.7,120.8,115.9,108.9,104.9,95.3,84.6,73.1,62.5,52.2,45.4,40,40.3,42.9,38.8,29.3,23.7,19.7,37,46.3,52.9,57.8,64.7,70.5,84.7,95.4,103.2,95.2,75.7,52.6,27.8,17.9,19.2,31.9,42,37.4,120.4,117.2,112.8,110.1,106.9,99.2,86.3,80.4,61,62.2,64.6,71.5,87.3,102.3,115.9,120.5,124.7,123.3,116.8,106.1,91.3,73.7,58.5,44,35.4,21.6,23,35.3,58.7,79.8,104.6,116.7,115.3,112.7,117.5,127.3,125.7,111.9,96,80.2,66.7,50.1,49.8,67.7,90.1,104.5,112,115.4,108.1,89.3,60.9,31.4,12.6,17.9,32.4,46.9,50.8,64.8,79.9,89.5,97.9,105,110.7,118.5,124.7,124,124.8,125.4,116.3,93,81.2,68.3,64.7,74,88.1,93.2,82.5,67.6,58.4,58.4,56.3,46.3,32.8,35.6,59.9,80.6,100.8,116.8,125.5,114.8,TT,O,,2016,4,4,11/18/2003,20.03329634,17.14254039,17.29653866,16.37254902,,,61.3,59.5,61.7,60,57.1,54.3,39.8,25.3,22.8,26.4,34.7,45.8,43.1,39.5,40.4,38.3,31.8,27.4,27.6,35.1,53.3,66.5,69.6,69.1,67,68.3,62.5,59.3,60.7,57,57.6,51.4,39.8,42.4,45.1,43.5,54.4,59.8,55.9,45.1,37.8,36.9,36.2,31.8,28.5,30,24.2,14.4,27.8,58.5,84.6,102.6,113.7,120.8,115.9,108.9,104.9,95.3,84.6,73.1,62.5,52.2,45.4,40,40.3,42.9,38.8,29.3,23.7,19.7,37,46.3,52.9,57.8,64.7,70.5,84.7,95.4,103.2,95.2,75.7,52.6,27.8,17.9,19.2,31.9,42,37.4,,,112.8,110.1,106.9,99.2,86.3,80.4,61,62.2,64.6,71.5,87.3,102.3,115.9,120.5,124.7,123.3,116.8,106.1,91.3,73.7,58.5,44,35.4,21.6,23,35.3,58.7,79.8,104.6,116.7,115.3,112.7,117.5,127.3,125.7,111.9,96,80.2,66.7,50.1,49.8,67.7,90.1,104.5,112,115.4,108.1,89.3,60.9,31.4,12.6,17.9,32.4,46.9,50.8,64.8,79.9,89.5,97.9,105,110.7,118.5,124.7,124,124.8,125.4,116.3,93,81.2,68.3,64.7,74,88.1,93.2,82.5,67.6,58.4,58.4,56.3,46.3,32.8,35.6,59.9,80.6,100.8,116.8,125.5,114.8,4697.7,7368,53.38295455,83.72727273,55,115,3,3
11,8,B,N,2,28.5,560,55,5,54,45,1,-22,1.5,1,0,0,90,1610,59,28,107.7,96.2,80.3,75.1,65.7,48.7,24.9,15.7,29.5,31.2,23,27.6,21.6,19.9,22.5,27.3,31.2,23.7,22.5,30.6,33.5,45.5,59.6,57.1,54.8,51,38.8,24.6,,,,,,,,,,,,,,,,,,,,,,,,,,,,,,,,,,,,,,,,,,,,,,,,,,,,,,,,,,,,,,,58.1,56.4,58.9,68.8,71.9,70.8,79.6,98.1,112.7,106.3,92.3,74.6,67.6,69.6,76.4,92.7,107.2,105.4,107.2,106.5,89.4,68.4,47.8,35.3,32,40.1,54.9,67.7,,,,,,,,,,,,,,,,,,,,,,,,,,,,,,,,,,,,,,,,,,,,,,,,,,,,,,,,,,,,,,,TT,O,,2016,5,4,11/18/2003,19.64912281,17.14254039,17.29653866,16.37254902,,,,,,,24.9,15.7,29.5,31.2,23,27.6,21.6,19.9,22.5,27.3,31.2,23.7,22.5,30.6,33.5,45.5,59.6,57.1,54.8,51,38.8,24.6,,,,,,,,,,,,,,,,,,,,,,,,,,,,,,,,,,,,,,,,,,,,,,,,,,,,,,,,,,,,,,,,,,,,,79.6,98.1,112.7,106.3,92.3,74.6,67.6,69.6,76.4,92.7,107.2,105.4,107.2,106.5,89.4,68.4,47.8,35.3,32,40.1,54.9,67.7,,,,,,,,,,,,,,,,,,,,,,,,,,,,,,,,,,,,,,,,,,,,,,,,,,,,,,,,,,,,,,,716.1,1731.8,32.55,78.71818182,115,55,7,7
12,8,B,S,2,30.6,501,86,1,33,32,35,49,1.5,1,0,0,90,1610,59,30,54,42.4,28.2,26.3,25,17,8,5.4,17,36.9,49.1,59,51.4,46.3,37.5,32.5,24,18.7,15.8,22.7,34.8,49.3,55.2,55.3,47.1,34.7,31.8,41,45.4,43.1,,,,,,,,,,,,,,,,,,,,,,,,,,,,,,,,,,,,,,,,,,,,,,,,,,,,,,,,,,,,,115.8,116.6,105.1,91,75.4,73.7,80.2,89.8,92.5,92.7,101.3,115.3,117.9,120.6,118.8,117.7,108,97.3,78.9,63.8,58.3,62.7,73.1,82.7,92.9,99.9,107.3,122.1,126.8,125.2,,,,,,,,,,,,,,,,,,,,,,,,,,,,,,,,,,,,,,,,,,,,,,,,,,,,,,,,,,,,,FS,O,,2016,6,4,11/18/2003,16.37254902,17.14254039,17.29653866,16.37254902,,,28.2,26.3,25,17,8,5.4,17,36.9,49.1,59,51.4,46.3,37.5,32.5,24,18.7,15.8,22.7,34.8,49.3,55.2,55.3,47.1,34.7,31.8,41,45.4,43.1,,,,,,,,,,,,,,,,,,,,,,,,,,,,,,,,,,,,,,,,,,,,,,,,,,,,,,,,,,,,,,,105.1,91,75.4,73.7,80.2,89.8,92.5,92.7,101.3,115.3,117.9,120.6,118.8,117.7,108,97.3,78.9,63.8,58.3,62.7,73.1,82.7,92.9,99.9,107.3,122.1,126.8,125.2,,,,,,,,,,,,,,,,,,,,,,,,,,,,,,,,,,,,,,,,,,,,,,,,,,,,,,,,,,,,,958.5,2691,34.23214286,96.10714286,55,115,3,3
13,7,B,W,2,6.7,151,33,61,77,21,2,-53,1.5,0,1,0,90,1610,65,6,112,99.4,89.5,66.7,37.1,16.5,,,,,,,,,,,,,,,,,,,,,,,,,,,,,,,,,,,,,,,,,,,,,,,,,,,,,,,,,,,,,,,,,,,,,,,,,,,,,,,,,,,,,43.7,23.5,11,19.4,49.2,72.8,,,,,,,,,,,,,,,,,,,,,,,,,,,,,,,,,,,,,,,,,,,,,,,,,,,,,,,,,,,,,,,,,,,,,,,,,,,,,,,,,,,,,TT,O,,2016,1,4,11/17/2003,22.53731343,21.67217545,21.22229681,23.92156863,,,,,37.1,16.5,,,,,,,,,,,,,,,,,,,,,,,,,,,,,,,,,,,,,,,,,,,,,,,,,,,,,,,,,,,,,,,,,,,,,,,,,,,,,,,,,,,,,,,,,49.2,72.8,,,,,,,,,,,,,,,,,,,,,,,,,,,,,,,,,,,,,,,,,,,,,,,,,,,,,,,,,,,,,,,,,,,,,,,,,,,,,,,,,,,,,53.6,122,26.8,61,115,55,5,5
14,7,B,E,2,90.1,2073,28,16,38,41,21,57,1.5,1,0,0,90,1610,65,90,63,58.8,58.1,67,84.1,85.4,76.7,53,26.5,15.8,33.1,41.4,26.3,19.7,24.5,24.7,11.6,28.4,47.2,55.6,52.1,54.1,42.3,41.1,55.3,49.4,49,63,85.5,97.2,96.4,97.7,100.7,104.4,102.3,101.2,110.9,119,117.9,118.6,115.2,107.7,98.1,88.2,77.3,57.6,40.6,31.1,29.8,43,49.5,54.3,61.1,62.5,49.5,35.4,52.2,77.7,98.2,99.3,87.7,64.5,40.4,29.2,21.6,35,61.5,74,69.4,64.7,46,21.4,21.2,45,66.1,84.6,106.1,122.3,117.8,115.4,112.1,105.1,94.3,84.4,68.3,55.6,43.2,29.2,15.6,29.4,109.9,94.9,74.8,46.9,40.8,40.3,44.5,53.2,67.2,74.4,79.2,67.4,65,71,76.3,91,84.6,59.4,39.9,30.7,38.5,37.7,46.9,48.6,35.3,37,51,74.2,90,86.8,76.6,61.3,48.1,34.9,20.6,24.7,43.9,53.6,46.2,46.6,50.7,60.1,73.6,89,98.9,102.3,110.4,114.9,112.5,109.9,99,82.9,70.5,66.1,54.5,52.4,52.1,60.7,79.4,81.4,80.6,85.6,102.2,110.7,105.2,100.4,105.1,111.2,111.8,113.4,112.9,103,83.7,65.8,50.2,38.5,38.7,47.7,49.1,58.4,69.5,79.4,80.3,88.1,100.8,106.9,113.8,109.4,99.3,92.9,TT,O,,2016,2,4,11/17/2003,23.00776915,21.67217545,21.22229681,23.92156863,,,58.1,67,84.1,85.4,76.7,53,26.5,15.8,33.1,41.4,26.3,19.7,24.5,24.7,11.6,28.4,47.2,55.6,52.1,54.1,42.3,41.1,55.3,49.4,49,63,85.5,97.2,96.4,97.7,100.7,104.4,102.3,101.2,110.9,119,117.9,118.6,115.2,107.7,98.1,88.2,77.3,57.6,40.6,31.1,29.8,43,49.5,54.3,61.1,62.5,49.5,35.4,52.2,77.7,98.2,99.3,87.7,64.5,40.4,29.2,21.6,35,61.5,74,69.4,64.7,46,21.4,21.2,45,66.1,84.6,106.1,122.3,117.8,115.4,112.1,105.1,94.3,84.4,68.3,55.6,43.2,29.2,15.6,29.4,,,74.8,46.9,40.8,40.3,44.5,53.2,67.2,74.4,79.2,67.4,65,71,76.3,91,84.6,59.4,39.9,30.7,38.5,37.7,46.9,48.6,35.3,37,51,74.2,90,86.8,76.6,61.3,48.1,34.9,20.6,24.7,43.9,53.6,46.2,46.6,50.7,60.1,73.6,89,98.9,102.3,110.4,114.9,112.5,109.9,99,82.9,70.5,66.1,54.5,52.4,52.1,60.7,79.4,81.4,80.6,85.6,102.2,110.7,105.2,100.4,105.1,111.2,111.8,113.4,112.9,103,83.7,65.8,50.2,38.5,38.7,47.7,49.1,58.4,69.5,79.4,80.3,88.1,100.8,106.9,113.8,109.4,99.3,92.9,5696.6,6345,64.73409091,72.10227273,55,115,3,3
15,7,B,N,2,90.1,1967,31,14,17,37,46,-16,1.5,0,0,0,90,1610,65,90,103.8,93.1,76,59.7,57.6,55.1,51.2,39.9,25.5,39.4,54.8,49.8,42.7,29.2,25.8,42.3,55,70.8,87.4,102.9,110.8,106.3,106.4,111.4,109.7,108.8,111.3,107.4,97.9,88.3,76.7,62.1,50.8,43.9,42.6,50.2,62,72,78,84.5,84.3,91.8,101.8,110.1,110.1,109,108.6,117.1,119.9,110.4,100.9,96.4,86.9,75.4,60.1,44.5,37.2,34.7,45.3,47.8,50.1,52.1,59,70.5,82.6,79.2,67.8,55.6,33.2,15.2,15.8,38.2,47.4,58.1,64.8,69.9,81.6,83.1,83.3,76,67.3,61.5,66.6,79.1,87.5,79.3,66.9,54.5,45.1,43,56.4,54.5,53.2,57.2,47.4,45.1,49.3,50.3,65.5,93.2,114,121,120.9,113,107.1,105.7,98.2,89.3,78.8,70.4,60.9,47.6,31.9,26.4,30.5,43.9,65.8,78.4,85.9,96.1,104.9,111.7,121.2,127.2,127,125.9,123.7,117.6,107.5,99.5,81.6,63.1,49,42.9,33.8,24.5,29.8,50.1,57.9,62.1,74.4,89.2,94.1,100.9,106.4,112.5,119.4,119.5,124.9,116.3,103.3,85.2,65.9,51.1,56.5,64.6,74.8,83.8,83,86.1,100.3,121.2,123.8,125,118.2,107.6,103,85.6,71.9,57.1,36.9,26.3,43.9,70.1,92.8,103.1,112.1,118.9,125.5,128.3,TT,O,,2016,3,4,11/17/2003,21.83129856,21.67217545,21.22229681,23.92156863,,,,,57.6,55.1,51.2,39.9,25.5,39.4,54.8,49.8,42.7,29.2,25.8,42.3,55,70.8,87.4,102.9,110.8,106.3,106.4,111.4,109.7,108.8,111.3,107.4,97.9,88.3,76.7,62.1,50.8,43.9,42.6,50.2,62,72,78,84.5,84.3,91.8,101.8,110.1,110.1,109,108.6,117.1,119.9,110.4,100.9,96.4,86.9,75.4,60.1,44.5,37.2,34.7,45.3,47.8,50.1,52.1,59,70.5,82.6,79.2,67.8,55.6,33.2,15.2,15.8,38.2,47.4,58.1,64.8,69.9,81.6,83.1,83.3,76,67.3,61.5,66.6,79.1,87.5,79.3,66.9,54.5,45.1,43,,,,,47.4,45.1,49.3,50.3,65.5,93.2,114,121,120.9,113,107.1,105.7,98.2,89.3,78.8,70.4,60.9,47.6,31.9,26.4,30.5,43.9,65.8,78.4,85.9,96.1,104.9,111.7,121.2,127.2,127,125.9,123.7,117.6,107.5,99.5,81.6,63.1,49,42.9,33.8,24.5,29.8,50.1,57.9,62.1,74.4,89.2,94.1,100.9,106.4,112.5,119.4,119.5,124.9,116.3,103.3,85.2,65.9,51.1,56.5,64.6,74.8,83.8,83,86.1,100.3,121.2,123.8,125,118.2,107.6,103,85.6,71.9,57.1,36.9,26.3,43.9,70.1,92.8,103.1,112.1,118.9,125.5,128.3,6037.1,7281.1,70.19883721,84.66395349,115,55,5,5
13,8,B,E,2,7.1,118,11,5,24,48,28,69,1.5,0,0,0,90,1610,65,7,61.4,62,57.4,57.5,60.4,48.1,23.8,,,,,,,,,,,,,,,,,,,,,,,,,,,,,,,,,,,,,,,,,,,,,,,,,,,,,,,,,,,,,,,,,,,,,,,,,,,,,,,,,,,,117.8,111.3,96.7,85.6,87.2,78.6,79.4,,,,,,,,,,,,,,,,,,,,,,,,,,,,,,,,,,,,,,,,,,,,,,,,,,,,,,,,,,,,,,,,,,,,,,,,,,,,,,,,,,,,TT,O,,2016,4,4,11/18/2003,16.61971831,21.67217545,21.22229681,23.92156863,,,57.4,57.5,60.4,48.1,23.8,,,,,,,,,,,,,,,,,,,,,,,,,,,,,,,,,,,,,,,,,,,,,,,,,,,,,,,,,,,,,,,,,,,,,,,,,,,,,,,,,,,,,,96.7,85.6,87.2,78.6,79.4,,,,,,,,,,,,,,,,,,,,,,,,,,,,,,,,,,,,,,,,,,,,,,,,,,,,,,,,,,,,,,,,,,,,,,,,,,,,,,,,,,,,247.2,427.5,49.44,85.5,55,115,3,3
14,8,B,N,2,10.4,230,58,42,36,44,20,54,1.5,1,0,0,90,1610,65,10,110.8,105.6,93.9,69.1,38.3,18.5,33.7,36.7,32.8,16.4,,,,,,,,,,,,,,,,,,,,,,,,,,,,,,,,,,,,,,,,,,,,,,,,,,,,,,,,,,,,,,,,,,,,,,,,,,,,,,,,,51.7,44.5,26.3,22.4,48.2,82,107.3,119.6,117.2,101.7,,,,,,,,,,,,,,,,,,,,,,,,,,,,,,,,,,,,,,,,,,,,,,,,,,,,,,,,,,,,,,,,,,,,,,,,,,,,,,,,,TT,O,,2016,5,4,11/18/2003,22.11538462,21.67217545,21.22229681,23.92156863,,,,,38.3,18.5,33.7,36.7,32.8,16.4,,,,,,,,,,,,,,,,,,,,,,,,,,,,,,,,,,,,,,,,,,,,,,,,,,,,,,,,,,,,,,,,,,,,,,,,,,,,,,,,,,,,,48.2,82,107.3,119.6,117.2,101.7,,,,,,,,,,,,,,,,,,,,,,,,,,,,,,,,,,,,,,,,,,,,,,,,,,,,,,,,,,,,,,,,,,,,,,,,,,,,,,,,,176.4,576,29.4,96,115,55,5,5
15,8,B,S,2,30.6,732,26,20,42,48,10,-77,1.5,2,0,0,90,1610,65,30,60.7,55.2,45,33.9,37.9,57.3,64.6,65.2,50.6,27.6,8.9,36,59.6,74.5,69.1,50.8,31.6,10.4,17.3,46.5,75.1,95.6,109.1,111.1,110.2,105.1,93.9,81.6,67.2,41.8,,,,,,,,,,,,,,,,,,,,,,,,,,,,,,,,,,,,,,,,,,,,,,,,,,,,,,,,,,,,,103,86.2,66.7,54.9,60.3,76.8,81.8,89.5,89.5,90.7,82.8,83.6,89.3,99.1,107.2,110.9,108,94.7,77.5,66,61.2,52.1,47,38.3,27.5,21.9,28.5,47.3,60.3,75.3,,,,,,,,,,,,,,,,,,,,,,,,,,,,,,,,,,,,,,,,,,,,,,,,,,,,,,,,,,,,,FS,O,,2016,6,4,11/18/2003,23.92156863,21.67217545,21.22229681,23.92156863,,55.2,45,33.9,37.9,57.3,64.6,65.2,50.6,27.6,8.9,36,59.6,74.5,69.1,50.8,31.6,10.4,17.3,46.5,75.1,95.6,109.1,111.1,110.2,105.1,93.9,81.6,67.2,41.8,,,,,,,,,,,,,,,,,,,,,,,,,,,,,,,,,,,,,,,,,,,,,,,,,,,,,,,,,,,,,,86.2,66.7,54.9,60.3,76.8,81.8,89.5,89.5,90.7,82.8,83.6,89.3,99.1,107.2,110.9,108,94.7,77.5,66,61.2,52.1,47,38.3,27.5,21.9,28.5,47.3,60.3,75.3,,,,,,,,,,,,,,,,,,,,,,,,,,,,,,,,,,,,,,,,,,,,,,,,,,,,,,,,,,,,,1732.7,2074.9,59.74827586,71.54827586,55,115,2,2
16,7,B,W,2,12.3,278,21,30,70,18,12,-52,1.5,3,0,0,90,1610,75,12,116.2,115.1,103,82.1,59,59.1,72.5,73.4,63.6,43.1,23.9,8.9,,,,,,,,,,,,,,,,,,,,,,,,,,,,,,,,,,,,,,,,,,,,,,,,,,,,,,,,,,,,,,,,,,,,,,,,,,,,,,,57.8,52.2,35.5,22.2,29.8,52.1,53.8,51.2,38,44.3,67.1,93.3,,,,,,,,,,,,,,,,,,,,,,,,,,,,,,,,,,,,,,,,,,,,,,,,,,,,,,,,,,,,,,,,,,,,,,,,,,,,,,,TT,O,,2016,1,4,11/17/2003,22.60162602,22.59729402,22.68538027,22.15686275,,,,,59,59.1,72.5,73.4,63.6,43.1,23.9,8.9,,,,,,,,,,,,,,,,,,,,,,,,,,,,,,,,,,,,,,,,,,,,,,,,,,,,,,,,,,,,,,,,,,,,,,,,,,,,,,,,,,,29.8,52.1,53.8,51.2,38,44.3,67.1,93.3,,,,,,,,,,,,,,,,,,,,,,,,,,,,,,,,,,,,,,,,,,,,,,,,,,,,,,,,,,,,,,,,,,,,,,,,,,,,,,,403.5,429.6,50.4375,53.7,115,55,5,5
17,7,B,E,2,27.5,631,67,3,41,30,29,-20,1.5,1,0,0,90,1610,75,27,58.6,59.4,49.7,25.7,25.2,45.9,33.9,14.9,31.4,58.5,79.3,81.8,71.8,56.3,51.9,58.5,58.5,49.2,24.5,17.7,38.3,38.8,39.8,31.1,31,31.6,23.1,,,,,,,,,,,,,,,,,,,,,,,,,,,,,,,,,,,,,,,,,,,,,,,,,,,,,,,,,,,,,,,,114.2,113.6,113.6,104.9,106.6,109.1,93.3,77.2,62.6,43.2,37.7,45.4,56.8,77.9,103.4,119.6,117.2,114.5,100,101.9,120.6,114.8,96.5,78.6,62.7,61.4,73.4,,,,,,,,,,,,,,,,,,,,,,,,,,,,,,,,,,,,,,,,,,,,,,,,,,,,,,,,,,,,,,,,TT,O,,2016,2,4,11/17/2003,22.94545455,22.59729402,22.68538027,22.15686275,,59.4,49.7,25.7,25.2,45.9,33.9,14.9,31.4,58.5,79.3,81.8,71.8,56.3,51.9,58.5,58.5,49.2,24.5,17.7,38.3,38.8,39.8,31.1,31,31.6,23.1,,,,,,,,,,,,,,,,,,,,,,,,,,,,,,,,,,,,,,,,,,,,,,,,,,,,,,,,,,,,,,,,,113.6,113.6,104.9,106.6,109.1,93.3,77.2,62.6,43.2,37.7,45.4,56.8,77.9,103.4,119.6,117.2,114.5,100,101.9,120.6,114.8,96.5,78.6,62.7,61.4,73.4,,,,,,,,,,,,,,,,,,,,,,,,,,,,,,,,,,,,,,,,,,,,,,,,,,,,,,,,,,,,,,,,1127.8,2306.5,43.37692308,88.71153846,55,115,2,2
18,7,B,N,2,6.3,152,33,11,61,38,1,-4,1.5,1,0,0,90,1610,75,6,107.2,94.6,72.1,46.2,21.1,11.5,,,,,,,,,,,,,,,,,,,,,,,,,,,,,,,,,,,,,,,,,,,,,,,,,,,,,,,,,,,,,,,,,,,,,,,,,,,,,,,,,,,,,52.5,47.4,46.8,63.6,83.3,94.9,,,,,,,,,,,,,,,,,,,,,,,,,,,,,,,,,,,,,,,,,,,,,,,,,,,,,,,,,,,,,,,,,,,,,,,,,,,,,,,,,,,,,TT,O,,2016,3,4,11/17/2003,24.12698413,22.59729402,22.68538027,22.15686275,,,,,21.1,11.5,,,,,,,,,,,,,,,,,,,,,,,,,,,,,,,,,,,,,,,,,,,,,,,,,,,,,,,,,,,,,,,,,,,,,,,,,,,,,,,,,,,,,,,,,83.3,94.9,,,,,,,,,,,,,,,,,,,,,,,,,,,,,,,,,,,,,,,,,,,,,,,,,,,,,,,,,,,,,,,,,,,,,,,,,,,,,,,,,,,,,32.6,178.2,16.3,89.1,115,55,5,5
16,8,B,E,2,31.8,716,74,1,29,47,24,-18,1.5,0,0,0,90,1610,75,31,60.9,57.1,53.8,42.7,45.3,41.9,26.3,17.8,32.8,33.8,25.9,17.5,28.4,43.7,61.7,74.2,75.4,63.8,41.1,28.3,28,33.1,39.4,42.4,43.1,33.7,27,36,40.5,46.1,33,,,,,,,,,,,,,,,,,,,,,,,,,,,,,,,,,,,,,,,,,,,,,,,,,,,,,,,,,,,,120.3,117.5,115.5,108.1,95.6,86.7,75.1,74.7,90.1,107.3,110.6,96.8,79.4,80.9,95.8,91.6,85.6,68.8,60.7,60.2,82.7,104.3,118.6,119.9,119.8,118,108.2,101.1,100.8,110.1,105.9,,,,,,,,,,,,,,,,,,,,,,,,,,,,,,,,,,,,,,,,,,,,,,,,,,,,,,,,,,,,TT,O,,2016,4,4,11/18/2003,22.51572327,22.59729402,22.68538027,22.15686275,,57.1,53.8,42.7,45.3,41.9,26.3,17.8,32.8,33.8,25.9,17.5,28.4,43.7,61.7,74.2,75.4,63.8,41.1,28.3,28,33.1,39.4,42.4,43.1,33.7,27,36,40.5,46.1,33,,,,,,,,,,,,,,,,,,,,,,,,,,,,,,,,,,,,,,,,,,,,,,,,,,,,,,,,,,,,,117.5,115.5,108.1,95.6,86.7,75.1,74.7,90.1,107.3,110.6,96.8,79.4,80.9,95.8,91.6,85.6,68.8,60.7,60.2,82.7,104.3,118.6,119.9,119.8,118,108.2,101.1,100.8,110.1,105.9,,,,,,,,,,,,,,,,,,,,,,,,,,,,,,,,,,,,,,,,,,,,,,,,,,,,,,,,,,,,1213.8,2890.4,40.46,96.34666667,55,115,2,2
17,8,B,N,2,9.7,206,26,48,73,25,2,54,1.5,0,0,0,90,1610,75,9,113.6,107.7,95.3,76.8,53.3,35.7,50.6,38.5,22,,,,,,,,,,,,,,,,,,,,,,,,,,,,,,,,,,,,,,,,,,,,,,,,,,,,,,,,,,,,,,,,,,,,,,,,,,,,,,,,,,50.9,41.8,26.8,14.7,34.2,63.9,68.9,64.1,65.9,,,,,,,,,,,,,,,,,,,,,,,,,,,,,,,,,,,,,,,,,,,,,,,,,,,,,,,,,,,,,,,,,,,,,,,,,,,,,,,,,,TT,O,,2016,5,4,11/18/2003,21.2371134,22.59729402,22.68538027,22.15686275,,,,,53.3,35.7,50.6,38.5,22,,,,,,,,,,,,,,,,,,,,,,,,,,,,,,,,,,,,,,,,,,,,,,,,,,,,,,,,,,,,,,,,,,,,,,,,,,,,,,,,,,,,,,34.2,63.9,68.9,64.1,65.9,,,,,,,,,,,,,,,,,,,,,,,,,,,,,,,,,,,,,,,,,,,,,,,,,,,,,,,,,,,,,,,,,,,,,,,,,,,,,,,,,,200.1,297,40.02,59.4,115,55,5,5
18,8,B,S,2,30.6,678,85,1,41,42,17,21,1.5,2,0,0,90,1610,75,30,48.2,32.3,32.1,40.9,29.1,16.8,21.4,20.9,20.1,32.4,51.4,44.6,28.8,24.3,16.2,17.4,7.5,20.5,41.5,57,66.4,63,46.5,29.2,14.1,21.9,29.8,20.3,5.5,4.8,,,,,,,,,,,,,,,,,,,,,,,,,,,,,,,,,,,,,,,,,,,,,,,,,,,,,,,,,,,,,108.3,105.9,116,126.1,113.6,93.5,72.4,69.3,71.5,90,112.9,118,111.3,107.6,90.6,83.7,81.4,91.9,103.2,92.1,83.7,71.4,66,74.5,89.3,103.7,112.8,105.7,90.2,85,,,,,,,,,,,,,,,,,,,,,,,,,,,,,,,,,,,,,,,,,,,,,,,,,,,,,,,,,,,,,FS,O,,2016,6,4,11/18/2003,22.15686275,22.59729402,22.68538027,22.15686275,,32.3,32.1,40.9,29.1,16.8,21.4,20.9,20.1,32.4,51.4,44.6,28.8,24.3,16.2,17.4,7.5,20.5,41.5,57,66.4,63,46.5,29.2,14.1,21.9,29.8,20.3,5.5,4.8,,,,,,,,,,,,,,,,,,,,,,,,,,,,,,,,,,,,,,,,,,,,,,,,,,,,,,,,,,,,,,105.9,116,126.1,113.6,93.5,72.4,69.3,71.5,90,112.9,118,111.3,107.6,90.6,83.7,81.4,91.9,103.2,92.1,83.7,71.4,66,74.5,89.3,103.7,112.8,105.7,90.2,85,,,,,,,,,,,,,,,,,,,,,,,,,,,,,,,,,,,,,,,,,,,,,,,,,,,,,,,,,,,,,856.7,2733.3,29.54137931,94.25172414,55,115,2,2
19,7,B,W,2,14.5,259,13,33,39,38,23,-47,1.5,0,1,0,90,1610,77,14,114.9,105.8,93.7,82.7,76.6,72.5,68.8,71.3,73.8,76.4,69.4,57.5,42.1,24.7,,,,,,,,,,,,,,,,,,,,,,,,,,,,,,,,,,,,,,,,,,,,,,,,,,,,,,,,,,,,,,,,,,,,,,,,,,,,,57,43.6,28.4,9.2,17.4,35.2,57.4,78,87.8,99.7,105,104.9,97.4,90.5,,,,,,,,,,,,,,,,,,,,,,,,,,,,,,,,,,,,,,,,,,,,,,,,,,,,,,,,,,,,,,,,,,,,,,,,,,,,,TT,O,,2016,1,4,11/17/2003,17.86206897,15.47140186,15.38652914,15.89576547,,,,,,,68.8,71.3,73.8,76.4,69.4,57.5,42.1,24.7,,,,,,,,,,,,,,,,,,,,,,,,,,,,,,,,,,,,,,,,,,,,,,,,,,,,,,,,,,,,,,,,,,,,,,,,,,,,,,,,,,,57.4,78,87.8,99.7,105,104.9,97.4,90.5,,,,,,,,,,,,,,,,,,,,,,,,,,,,,,,,,,,,,,,,,,,,,,,,,,,,,,,,,,,,,,,,,,,,,,,,,,,,,484,720.7,60.5,90.0875,115,55,7,7
20,7,B,E,2,5.8,76,59,17,3,36,61,-19,1.5,0,0,0,90,1610,77,5,62.5,56.4,52,48.5,32.9,,,,,,,,,,,,,,,,,,,,,,,,,,,,,,,,,,,,,,,,,,,,,,,,,,,,,,,,,,,,,,,,,,,,,,,,,,,,,,,,,,,,,,119.1,113,108.9,112,104.3,,,,,,,,,,,,,,,,,,,,,,,,,,,,,,,,,,,,,,,,,,,,,,,,,,,,,,,,,,,,,,,,,,,,,,,,,,,,,,,,,,,,,,TT,O,,2016,2,4,11/17/2003,13.10344828,15.47140186,15.38652914,15.89576547,,,,48.5,32.9,,,,,,,,,,,,,,,,,,,,,,,,,,,,,,,,,,,,,,,,,,,,,,,,,,,,,,,,,,,,,,,,,,,,,,,,,,,,,,,,,,,,,,,,,112,104.3,,,,,,,,,,,,,,,,,,,,,,,,,,,,,,,,,,,,,,,,,,,,,,,,,,,,,,,,,,,,,,,,,,,,,,,,,,,,,,,,,,,,,,81.4,216.3,40.7,108.15,55,115,4,4
21,7,B,N,2,36.6,571,34,27,70,27,3,22,1.5,1,0,0,90,1610,77,36,112.1,108.8,104.9,98.3,86,69.9,55,41.7,33.4,42.3,53.5,58.6,53.5,45,38.7,35,30.6,19.1,16.9,25.8,38.9,55.5,73.1,90.6,103.4,107.9,106.7,100.4,87.7,71.4,58,40.6,24.6,18.9,23.6,23.5,,,,,,,,,,,,,,,,,,,,,,,,,,,,,,,,,,,,,,,,,,,,,,,,,,,,,,,57.9,54.5,47.7,42.7,38.4,34.6,35.5,44.8,61.8,76.7,73.4,63.7,53.5,48,47.4,51.6,61.7,77,70.9,61.3,50.5,34.3,24.4,25.8,37.6,45.7,47.4,48.8,46.5,44.2,42.4,49.2,63.7,77.3,94.1,103,,,,,,,,,,,,,,,,,,,,,,,,,,,,,,,,,,,,,,,,,,,,,,,,,,,,,,,TT,O,,2016,3,4,11/17/2003,15.6010929,15.47140186,15.38652914,15.89576547,,,,,,,55,41.7,33.4,42.3,53.5,58.6,53.5,45,38.7,35,30.6,19.1,16.9,25.8,38.9,55.5,73.1,90.6,103.4,107.9,106.7,100.4,87.7,71.4,58,40.6,24.6,18.9,23.6,23.5,,,,,,,,,,,,,,,,,,,,,,,,,,,,,,,,,,,,,,,,,,,,,,,,,,,,,,,,,,,,,35.5,44.8,61.8,76.7,73.4,63.7,53.5,48,47.4,51.6,61.7,77,70.9,61.3,50.5,34.3,24.4,25.8,37.6,45.7,47.4,48.8,46.5,44.2,42.4,49.2,63.7,77.3,94.1,103,,,,,,,,,,,,,,,,,,,,,,,,,,,,,,,,,,,,,,,,,,,,,,,,,,,,,,,1573.9,1662.2,52.46333333,55.40666667,115,55,7,7
19,8,B,E,2,58.1,807,34,19,58,34,8,24,1.5,2,4,0,90,1610,77,58,59.1,58.2,51.9,51.6,49.2,47.9,45.8,46.5,44.7,43,44,51.2,58.9,68.6,80.3,92.5,101,100.8,96.8,84.5,69.6,55.5,44.1,61.4,72.1,79,77.6,78.6,73.5,64.4,55.4,50.2,45.8,39.8,29.4,22.7,13.7,13.1,13.2,12.8,22.7,32.9,60.2,79.1,92.1,92.9,90.6,85.6,76.6,67.1,55.3,46.5,44.3,38.8,37.7,34.5,27.4,15.8,,,,,,,,,,,,,,,,,,,,,,,,,,,,,,,,,115.7,113.7,109.4,109.2,106.6,105.3,103,103.9,101.9,100.3,101.3,100.7,91.1,80.6,71.3,62.4,67,63.3,62.7,58,55.4,49.9,46.4,26.1,15.2,7.4,10.2,10.5,19.6,33.5,41.7,43.2,43.1,47,57.6,69.5,81.1,79.3,78.9,75.2,69.3,67.6,63.7,61.6,59.5,49.7,40.8,33.8,24.5,23.3,30.7,42.7,45.7,60.3,77.5,89.5,89.9,85.1,,,,,,,,,,,,,,,,,,,,,,,,,,,,,,,,,TT,O,,2016,4,4,11/18/2003,13.8898451,15.47140186,15.38652914,15.89576547,,,,51.6,49.2,47.9,45.8,46.5,44.7,43,44,51.2,58.9,68.6,80.3,92.5,101,100.8,96.8,84.5,69.6,55.5,44.1,61.4,72.1,79,77.6,78.6,73.5,64.4,55.4,50.2,45.8,39.8,29.4,22.7,13.7,13.1,13.2,12.8,22.7,32.9,60.2,79.1,92.1,92.9,90.6,85.6,76.6,67.1,55.3,46.5,44.3,38.8,37.7,34.5,27.4,15.8,,,,,,,,,,,,,,,,,,,,,,,,,,,,,,,,,,,,109.2,106.6,105.3,103,103.9,101.9,100.3,101.3,100.7,91.1,80.6,71.3,62.4,67,63.3,62.7,58,55.4,49.9,46.4,26.1,15.2,7.4,10.2,10.5,19.6,33.5,41.7,43.2,43.1,47,57.6,69.5,81.1,79.3,78.9,75.2,69.3,67.6,63.7,61.6,59.5,49.7,40.8,33.8,24.5,23.3,30.7,42.7,45.7,60.3,77.5,89.5,89.9,85.1,,,,,,,,,,,,,,,,,,,,,,,,,,,,,,,,,3079.3,3394.6,55.98727273,61.72,55,115,4,4
20,8,B,N,2,10.5,173,25,52,72,27,1,11,1.5,1,0,0,90,1610,77,10,109.2,104.6,96.8,86.9,78.3,71.6,55.8,46.3,35.9,21.1,,,,,,,,,,,,,,,,,,,,,,,,,,,,,,,,,,,,,,,,,,,,,,,,,,,,,,,,,,,,,,,,,,,,,,,,,,,,,,,,,54.6,47.6,44.8,33.6,21.8,15.5,31.8,40.1,49.8,66.7,,,,,,,,,,,,,,,,,,,,,,,,,,,,,,,,,,,,,,,,,,,,,,,,,,,,,,,,,,,,,,,,,,,,,,,,,,,,,,,,,TT,O,,2016,5,4,11/18/2003,16.47619048,15.47140186,15.38652914,15.89576547,,,,,,,55.8,46.3,35.9,21.1,,,,,,,,,,,,,,,,,,,,,,,,,,,,,,,,,,,,,,,,,,,,,,,,,,,,,,,,,,,,,,,,,,,,,,,,,,,,,,,,,,,,,,,31.8,40.1,49.8,66.7,,,,,,,,,,,,,,,,,,,,,,,,,,,,,,,,,,,,,,,,,,,,,,,,,,,,,,,,,,,,,,,,,,,,,,,,,,,,,,,,,159.1,188.4,39.775,47.1,115,55,7,7
21,8,B,S,2,30.7,488,25,7,54,36,10,-62,1.5,1,0,0,90,1610,77,30,52.5,46.8,39.5,32.9,32.4,44.7,62.2,79.9,96.5,108.7,113.1,106.9,100.4,87.6,84.2,74.5,62,49.7,41.2,33,23.1,11.2,11.7,26,47.2,62.3,78.3,77,72.8,71.1,,,,,,,,,,,,,,,,,,,,,,,,,,,,,,,,,,,,,,,,,,,,,,,,,,,,,,,,,,,,,104.1,92.6,79.8,66.1,54.3,47,45.8,44.7,46.4,55.9,61,53.1,48.8,43,39.4,38.1,39.7,50.5,65.3,80.5,87.9,91.2,91.6,93.1,96.7,100.9,102.7,93.3,79.5,61.7,,,,,,,,,,,,,,,,,,,,,,,,,,,,,,,,,,,,,,,,,,,,,,,,,,,,,,,,,,,,,FS,O,,2016,6,4,11/18/2003,15.89576547,15.47140186,15.38652914,15.89576547,,,39.5,32.9,32.4,44.7,62.2,79.9,96.5,108.7,113.1,106.9,100.4,87.6,84.2,74.5,62,49.7,41.2,33,23.1,11.2,11.7,26,47.2,62.3,78.3,77,72.8,71.1,,,,,,,,,,,,,,,,,,,,,,,,,,,,,,,,,,,,,,,,,,,,,,,,,,,,,,,,,,,,,,,79.8,66.1,54.3,47,45.8,44.7,46.4,55.9,61,53.1,48.8,43,39.4,38.1,39.7,50.5,65.3,80.5,87.9,91.2,91.6,93.1,96.7,100.9,102.7,93.3,79.5,61.7,,,,,,,,,,,,,,,,,,,,,,,,,,,,,,,,,,,,,,,,,,,,,,,,,,,,,,,,,,,,,1730.1,1858,61.78928571,66.35714286,55,115,3,3
25,7,B,W,2,60.2,1143,37,13,37,49,14,61,1.5,1,0,0,90,1610,79,60,107,100.9,72.3,49.1,29.1,23.7,36.8,44.5,45,44.2,37.7,38.6,34.9,32.4,39.1,41.1,48,50.9,52.6,57.1,68.5,84.8,92.3,94.4,97.6,104.5,112.4,115.4,114.7,106.3,96.3,88.3,79.5,69.1,64,53.5,38,29.9,32.9,37.3,42.6,47,51.1,51.5,48.6,56.4,64.1,64.8,56.3,36.8,23,27.9,43,51.9,54.7,54.7,58,58.3,31.4,11,,,,,,,,,,,,,,,,,,,,,,,,,,,,,,,57.5,64.6,55.9,55.2,59.7,66.8,59.9,65.8,65.5,68,81.2,98.6,110.3,114.9,124.3,122,121.4,118,108.2,94.1,82,77.3,65.9,52.9,38.1,27.5,27.6,32.7,36.4,39.2,47.6,64.1,77.8,88.4,103.5,109.1,109.2,112.3,118.2,113,111.5,110.2,109.7,101.4,89.3,76.6,70.8,68.5,73.3,68.9,65.5,62.5,56.2,44.2,42.2,32.1,34.2,50.7,67.4,77.4,,,,,,,,,,,,,,,,,,,,,,,,,,,,,,,TT,O,,2016,1,4,11/17/2003,18.98671096,17.80844982,17.79359255,17.88273616,,,,,,23.7,36.8,44.5,45,44.2,37.7,38.6,34.9,32.4,39.1,41.1,48,50.9,52.6,57.1,68.5,84.8,92.3,94.4,97.6,104.5,112.4,115.4,114.7,106.3,96.3,88.3,79.5,69.1,64,53.5,38,29.9,32.9,37.3,42.6,47,51.1,51.5,48.6,56.4,64.1,64.8,56.3,36.8,23,27.9,43,51.9,54.7,54.7,58,58.3,31.4,11,,,,,,,,,,,,,,,,,,,,,,,,,,,,,,,,,,,,66.8,59.9,65.8,65.5,68,81.2,98.6,110.3,114.9,124.3,122,121.4,118,108.2,94.1,82,77.3,65.9,52.9,38.1,27.5,27.6,32.7,36.4,39.2,47.6,64.1,77.8,88.4,103.5,109.1,109.2,112.3,118.2,113,111.5,110.2,109.7,101.4,89.3,76.6,70.8,68.5,73.3,68.9,65.5,62.5,56.2,44.2,42.2,32.1,34.2,50.7,67.4,77.4,,,,,,,,,,,,,,,,,,,,,,,,,,,,,,,3139.4,4254.4,57.08,77.35272727,115,55,6,6
26,7,B,E,2,12.2,202,35,2,72,15,13,72,1.5,3,0,0,90,1610,79,12,67.9,62.9,62,68.1,71.4,68.8,53.3,40.5,28.2,17.7,8.5,10.7,,,,,,,,,,,,,,,,,,,,,,,,,,,,,,,,,,,,,,,,,,,,,,,,,,,,,,,,,,,,,,,,,,,,,,,,,,,,,,,119,102.2,84.9,67.2,63.1,53,49.9,48.9,57.9,69.2,79,76.9,,,,,,,,,,,,,,,,,,,,,,,,,,,,,,,,,,,,,,,,,,,,,,,,,,,,,,,,,,,,,,,,,,,,,,,,,,,,,,,TT,O,,2016,2,4,11/17/2003,16.55737705,17.80844982,17.79359255,17.88273616,,,62,68.1,71.4,68.8,53.3,40.5,28.2,17.7,8.5,10.7,,,,,,,,,,,,,,,,,,,,,,,,,,,,,,,,,,,,,,,,,,,,,,,,,,,,,,,,,,,,,,,,,,,,,,,,,,,,,,,,,84.9,67.2,63.1,53,49.9,48.9,57.9,69.2,79,76.9,,,,,,,,,,,,,,,,,,,,,,,,,,,,,,,,,,,,,,,,,,,,,,,,,,,,,,,,,,,,,,,,,,,,,,,,,,,,,,,429.2,650,42.92,65,55,115,3,3
27,7,B,N,2,7.5,152,16,67,63,32,5,65,1.5,0,1,0,90,1610,79,7,115.2,110.1,102.4,86.4,64.5,45.9,27.7,,,,,,,,,,,,,,,,,,,,,,,,,,,,,,,,,,,,,,,,,,,,,,,,,,,,,,,,,,,,,,,,,,,,,,,,,,,,,,,,,,,,49.6,39.1,21.4,6.1,23.3,45.8,63.7,,,,,,,,,,,,,,,,,,,,,,,,,,,,,,,,,,,,,,,,,,,,,,,,,,,,,,,,,,,,,,,,,,,,,,,,,,,,,,,,,,,,TT,O,,2016,3,4,11/17/2003,20.26666667,17.80844982,17.79359255,17.88273616,,,,,,45.9,27.7,,,,,,,,,,,,,,,,,,,,,,,,,,,,,,,,,,,,,,,,,,,,,,,,,,,,,,,,,,,,,,,,,,,,,,,,,,,,,,,,,,,,,,,,,45.8,63.7,,,,,,,,,,,,,,,,,,,,,,,,,,,,,,,,,,,,,,,,,,,,,,,,,,,,,,,,,,,,,,,,,,,,,,,,,,,,,,,,,,,,73.6,109.5,36.8,54.75,115,55,6,6
25,8,B,E,2,7.3,103,31,6,43,48,9,70,1.5,1,0,0,90,1610,79,7,63.6,62.1,63.8,51,38.1,27.1,16.5,,,,,,,,,,,,,,,,,,,,,,,,,,,,,,,,,,,,,,,,,,,,,,,,,,,,,,,,,,,,,,,,,,,,,,,,,,,,,,,,,,,,104.6,95.4,94.4,88.5,84.6,84.4,77.3,,,,,,,,,,,,,,,,,,,,,,,,,,,,,,,,,,,,,,,,,,,,,,,,,,,,,,,,,,,,,,,,,,,,,,,,,,,,,,,,,,,,TT,O,,2016,4,4,11/18/2003,14.10958904,17.80844982,17.79359255,17.88273616,,,63.8,51,38.1,27.1,16.5,,,,,,,,,,,,,,,,,,,,,,,,,,,,,,,,,,,,,,,,,,,,,,,,,,,,,,,,,,,,,,,,,,,,,,,,,,,,,,,,,,,,,,94.4,88.5,84.6,84.4,77.3,,,,,,,,,,,,,,,,,,,,,,,,,,,,,,,,,,,,,,,,,,,,,,,,,,,,,,,,,,,,,,,,,,,,,,,,,,,,,,,,,,,,196.5,429.2,39.3,85.84,55,115,3,3
26,8,B,N,2,12.6,240,43,39,59,40,1,23,1.5,2,0,0,90,1610,79,12,110.2,101.3,85,67.9,46.7,33.1,34.8,46.8,44.7,24.5,16.1,8.2,,,,,,,,,,,,,,,,,,,,,,,,,,,,,,,,,,,,,,,,,,,,,,,,,,,,,,,,,,,,,,,,,,,,,,,,,,,,,,,50.9,40.7,26.3,20.9,39.8,60,71.8,76.1,88.4,98.5,101,90.1,,,,,,,,,,,,,,,,,,,,,,,,,,,,,,,,,,,,,,,,,,,,,,,,,,,,,,,,,,,,,,,,,,,,,,,,,,,,,,,TT,O,,2016,5,4,11/18/2003,19.04761905,17.80844982,17.79359255,17.88273616,,,,,,33.1,34.8,46.8,44.7,24.5,16.1,8.2,,,,,,,,,,,,,,,,,,,,,,,,,,,,,,,,,,,,,,,,,,,,,,,,,,,,,,,,,,,,,,,,,,,,,,,,,,,,,,,,,,,,60,71.8,76.1,88.4,98.5,101,90.1,,,,,,,,,,,,,,,,,,,,,,,,,,,,,,,,,,,,,,,,,,,,,,,,,,,,,,,,,,,,,,,,,,,,,,,,,,,,,,,208.2,585.9,29.74285714,83.7,115,55,6,6
27,8,B,S,2,30.7,549,74,2,47,49,4,36,1.5,5,0,0,90,1610,79,30,52.5,33.3,16,3.5,9.9,12.4,16.9,12.3,10.3,22.4,19,20.2,16.9,29.2,41.7,52.5,66.9,75.7,78.3,79.5,72.3,60,41.7,23.8,17.3,33.3,36.6,39.1,29.1,11.6,,,,,,,,,,,,,,,,,,,,,,,,,,,,,,,,,,,,,,,,,,,,,,,,,,,,,,,,,,,,,109.2,102.1,94.2,85.4,76.5,73.5,69.5,76.7,92,103.1,96.5,98.6,101.5,112.3,107.4,102.1,95.8,87,72.4,59.3,52,49,52.2,62.7,78.7,93.6,88,90.6,86,82.6,,,,,,,,,,,,,,,,,,,,,,,,,,,,,,,,,,,,,,,,,,,,,,,,,,,,,,,,,,,,,FS,O,,2016,6,4,11/18/2003,17.88273616,17.80844982,17.79359255,17.88273616,,,16,3.5,9.9,12.4,16.9,12.3,10.3,22.4,19,20.2,16.9,29.2,41.7,52.5,66.9,75.7,78.3,79.5,72.3,60,41.7,23.8,17.3,33.3,36.6,39.1,29.1,11.6,,,,,,,,,,,,,,,,,,,,,,,,,,,,,,,,,,,,,,,,,,,,,,,,,,,,,,,,,,,,,,,94.2,85.4,76.5,73.5,69.5,76.7,92,103.1,96.5,98.6,101.5,112.3,107.4,102.1,95.8,87,72.4,59.3,52,49,52.2,62.7,78.7,93.6,88,90.6,86,82.6,,,,,,,,,,,,,,,,,,,,,,,,,,,,,,,,,,,,,,,,,,,,,,,,,,,,,,,,,,,,,948.4,2339.2,33.87142857,83.54285714,55,115,3,3
28,7,B,W,2,79.7,1936,23,19,52,41,7,55,1.5,2,3,0,90,1610,94,79,108.1,102.1,81,52.7,32.7,37.5,62.8,69.3,67.5,81.7,93.4,95.4,81.9,60.4,46.6,26,14.5,26.9,43.6,51.6,58.9,55.5,51.9,66.3,90.5,94,92.1,72.5,40.6,32.7,34.2,39.2,43.4,36.4,37.3,39.1,24.6,16.3,29.6,57.7,71.8,81.7,89.8,89.5,65.8,46.8,39.1,51.4,60.1,67.4,84.8,90.1,81.7,78,75.1,78.8,88,90.3,89.3,94.8,95,87.5,78.4,57.3,32.7,25.1,39.2,54.6,68.3,57.9,41.1,32.8,41.2,60.4,75.5,78.1,69.1,57.1,27,,,,,,,,,,,,60,67.6,66,69.3,78.8,92.4,81.3,67.7,50.2,33,29.9,35.5,43.9,57,80.9,99.2,98.5,92.3,83.1,61.9,51.8,39.2,37.2,56.1,62.8,65.5,75.1,78.2,88.5,96.4,118.8,122.4,118.3,101,82,76.3,68.7,75.7,93.2,94.9,89.2,73.3,70.3,74.8,68.3,56.8,48.1,37.5,28,19.3,17.3,38.3,55.8,80.5,98,100.1,87.5,73.8,55,35.9,18.3,5,11.5,30.6,53.5,70.8,88,93.3,91.1,84.3,74.2,60.3,45.4,26.1,10.5,12.8,27,43.9,69.7,,,,,,,,,,,,TT,O,,2016,1,4,11/17/2003,24.29109159,23.29532299,23.30079282,23.26797386,,,,,32.7,37.5,62.8,69.3,67.5,81.7,93.4,95.4,81.9,60.4,46.6,26,14.5,26.9,43.6,51.6,58.9,55.5,51.9,66.3,90.5,94,92.1,72.5,40.6,32.7,34.2,39.2,43.4,36.4,37.3,39.1,24.6,16.3,29.6,57.7,71.8,81.7,89.8,89.5,65.8,46.8,39.1,51.4,60.1,67.4,84.8,90.1,81.7,78,75.1,78.8,88,90.3,89.3,94.8,95,87.5,78.4,57.3,32.7,25.1,39.2,54.6,68.3,57.9,41.1,32.8,41.2,60.4,75.5,78.1,69.1,57.1,27,,,,,,,,,,,,,,,,78.8,92.4,81.3,67.7,50.2,33,29.9,35.5,43.9,57,80.9,99.2,98.5,92.3,83.1,61.9,51.8,39.2,37.2,56.1,62.8,65.5,75.1,78.2,88.5,96.4,118.8,122.4,118.3,101,82,76.3,68.7,75.7,93.2,94.9,89.2,73.3,70.3,74.8,68.3,56.8,48.1,37.5,28,19.3,17.3,38.3,55.8,80.5,98,100.1,87.5,73.8,55,35.9,18.3,5,11.5,30.6,53.5,70.8,88,93.3,91.1,84.3,74.2,60.3,45.4,26.1,10.5,12.8,27,43.9,69.7,,,,,,,,,,,,4497.2,4811.8,59.96266667,64.15733333,115,55,5,5
29,7,B,E,2,24.1,541,37,6,53,41,6,57,1.5,1,0,0,90,1610,94,24,63.3,58.4,50,33.2,26,29.7,49.6,50.7,54.1,54,53.1,45.8,43.9,50.7,41,25.4,23.6,39.1,56.7,66.2,56.4,42.8,26.2,9.4,,,,,,,,,,,,,,,,,,,,,,,,,,,,,,,,,,,,,,,,,,,,,,,,,,,,,,,,,,,,,,,,,,,110.4,100.5,91.8,75.4,62.7,68.9,67.4,54.9,39,32.4,37.8,55.7,78.6,102.1,106.6,104.8,107.7,104.5,102.4,93,83.5,72.4,71.2,77.6,,,,,,,,,,,,,,,,,,,,,,,,,,,,,,,,,,,,,,,,,,,,,,,,,,,,,,,,,,,,,,,,,,,TT,O,,2016,2,4,11/17/2003,22.44813278,23.29532299,23.30079282,23.26797386,,58.4,50,33.2,26,29.7,49.6,50.7,54.1,54,53.1,45.8,43.9,50.7,41,25.4,23.6,39.1,56.7,66.2,56.4,42.8,26.2,9.4,,,,,,,,,,,,,,,,,,,,,,,,,,,,,,,,,,,,,,,,,,,,,,,,,,,,,,,,,,,,,,,,,,,,100.5,91.8,75.4,62.7,68.9,67.4,54.9,39,32.4,37.8,55.7,78.6,102.1,106.6,104.8,107.7,104.5,102.4,93,83.5,72.4,71.2,77.6,,,,,,,,,,,,,,,,,,,,,,,,,,,,,,,,,,,,,,,,,,,,,,,,,,,,,,,,,,,,,,,,,,,986,1790.9,42.86956522,77.86521739,55,115,2,2
30,7,B,N,2,33.2,691,41,24,57,39,4,59,1.5,1,3,0,90,1610,94,33,110.7,103.6,94.2,77.2,57.8,43.5,54.6,59.9,53.9,44.6,34.2,19.7,10.4,19.6,28.6,36.1,34.6,23.1,22.7,26.9,23,16.6,27,53.8,66.6,67.2,69.7,78.7,79.4,72.9,57.6,44.3,24.9,,,,,,,,,,,,,,,,,,,,,,,,,,,,,,,,,,,,,,,,,,,,,,,,,,,,,,,,,,42.8,28.3,15.4,10.2,33,60.2,80.7,74.2,61.1,50,52.4,67.6,87.8,102.4,113.7,112,114.4,107.9,105.4,108,107.1,101.5,91.4,86.1,77.3,61.9,40.7,16.9,8.9,22.7,38.7,52,65.7,,,,,,,,,,,,,,,,,,,,,,,,,,,,,,,,,,,,,,,,,,,,,,,,,,,,,,,,,,TT,O,,2016,3,4,11/17/2003,20.81325301,23.29532299,23.30079282,23.26797386,,,,,57.8,43.5,54.6,59.9,53.9,44.6,34.2,19.7,10.4,19.6,28.6,36.1,34.6,23.1,22.7,26.9,23,16.6,27,53.8,66.6,67.2,69.7,78.7,79.4,72.9,57.6,44.3,24.9,,,,,,,,,,,,,,,,,,,,,,,,,,,,,,,,,,,,,,,,,,,,,,,,,,,,,,,,,,,,,,33,60.2,80.7,74.2,61.1,50,52.4,67.6,87.8,102.4,113.7,112,114.4,107.9,105.4,108,107.1,101.5,91.4,86.1,77.3,61.9,40.7,16.9,8.9,22.7,38.7,52,65.7,,,,,,,,,,,,,,,,,,,,,,,,,,,,,,,,,,,,,,,,,,,,,,,,,,,,,,,,,,1251.9,2101.7,43.16896552,72.47241379,115,55,5,5
28,8,B,E,2,7.1,174,38,1,61,20,19,73,1.5,1,0,0,90,1610,94,7,65.4,61.9,50.9,40.8,34.6,32.2,12.8,,,,,,,,,,,,,,,,,,,,,,,,,,,,,,,,,,,,,,,,,,,,,,,,,,,,,,,,,,,,,,,,,,,,,,,,,,,,,,,,,,,,113.1,102.6,88.9,63.4,52.7,65,89.3,,,,,,,,,,,,,,,,,,,,,,,,,,,,,,,,,,,,,,,,,,,,,,,,,,,,,,,,,,,,,,,,,,,,,,,,,,,,,,,,,,,,TT,O,,2016,4,4,11/18/2003,24.50704225,23.29532299,23.30079282,23.26797386,,61.9,50.9,40.8,34.6,32.2,12.8,,,,,,,,,,,,,,,,,,,,,,,,,,,,,,,,,,,,,,,,,,,,,,,,,,,,,,,,,,,,,,,,,,,,,,,,,,,,,,,,,,,,,102.6,88.9,63.4,52.7,65,89.3,,,,,,,,,,,,,,,,,,,,,,,,,,,,,,,,,,,,,,,,,,,,,,,,,,,,,,,,,,,,,,,,,,,,,,,,,,,,,,,,,,,,233.2,461.9,38.86666667,76.98333333,55,115,2,2
29,8,B,N,2,8.1,198,30,48,75,25,0,57,1.5,2,1,0,90,1610,94,8,109.9,103.9,88.9,72.4,65.5,45.7,16.2,4.2,,,,,,,,,,,,,,,,,,,,,,,,,,,,,,,,,,,,,,,,,,,,,,,,,,,,,,,,,,,,,,,,,,,,,,,,,,,,,,,,,,,46.7,32.2,12.3,18.2,44.7,64.4,77.8,86.2,,,,,,,,,,,,,,,,,,,,,,,,,,,,,,,,,,,,,,,,,,,,,,,,,,,,,,,,,,,,,,,,,,,,,,,,,,,,,,,,,,,TT,O,,2016,5,4,11/18/2003,24.44444444,23.29532299,23.30079282,23.26797386,,,,,65.5,45.7,16.2,4.2,,,,,,,,,,,,,,,,,,,,,,,,,,,,,,,,,,,,,,,,,,,,,,,,,,,,,,,,,,,,,,,,,,,,,,,,,,,,,,,,,,,,,,,44.7,64.4,77.8,86.2,,,,,,,,,,,,,,,,,,,,,,,,,,,,,,,,,,,,,,,,,,,,,,,,,,,,,,,,,,,,,,,,,,,,,,,,,,,,,,,,,,,131.6,273.1,32.9,68.275,115,55,5,5
30,8,B,S,2,30.6,712,60,4,60,37,3,45,1.5,4,0,0,90,1610,94,30,49.4,28.9,10.2,22.7,33.9,42.1,44.5,32.7,10.4,21.9,30.7,24.8,14.3,27.4,37,56.4,64.6,59.1,45.1,20.9,12.1,33.3,49.7,36,17.7,18,36.4,51.3,53.9,41.9,,,,,,,,,,,,,,,,,,,,,,,,,,,,,,,,,,,,,,,,,,,,,,,,,,,,,,,,,,,,,112.2,106.4,92.6,76.4,59.3,48.1,42,57.9,79.9,90.3,101.1,106.1,98.2,96,74.9,54.3,35.5,33.6,42.5,64.9,84.6,93,82.5,74.2,74.1,76.2,84.6,92.7,99.2,99,,,,,,,,,,,,,,,,,,,,,,,,,,,,,,,,,,,,,,,,,,,,,,,,,,,,,,,,,,,,,FS,O,,2016,6,4,11/18/2003,23.26797386,23.29532299,23.30079282,23.26797386,,28.9,10.2,22.7,33.9,42.1,44.5,32.7,10.4,21.9,30.7,24.8,14.3,27.4,37,56.4,64.6,59.1,45.1,20.9,12.1,33.3,49.7,36,17.7,18,36.4,51.3,53.9,41.9,,,,,,,,,,,,,,,,,,,,,,,,,,,,,,,,,,,,,,,,,,,,,,,,,,,,,,,,,,,,,,106.4,92.6,76.4,59.3,48.1,42,57.9,79.9,90.3,101.1,106.1,98.2,96,74.9,54.3,35.5,33.6,42.5,64.9,84.6,93,82.5,74.2,74.1,76.2,84.6,92.7,99.2,99,,,,,,,,,,,,,,,,,,,,,,,,,,,,,,,,,,,,,,,,,,,,,,,,,,,,,,,,,,,,,977.9,2220.1,33.72068966,76.55517241,55,115,2,2
31,7,B,W,2,7.3,158,26,2,33,37,30,61,1.5,1,0,0,90,1610,95,7,114.2,109.2,106.7,91.8,65.7,33.1,14.4,,,,,,,,,,,,,,,,,,,,,,,,,,,,,,,,,,,,,,,,,,,,,,,,,,,,,,,,,,,,,,,,,,,,,,,,,,,,,,,,,,,,60.3,60.4,67.8,74.1,81.1,80.8,83.3,,,,,,,,,,,,,,,,,,,,,,,,,,,,,,,,,,,,,,,,,,,,,,,,,,,,,,,,,,,,,,,,,,,,,,,,,,,,,,,,,,,,TT,O,,2016,1,4,11/17/2003,21.64383562,19.62998979,19.44487663,20.55555556,,,,,,33.1,14.4,,,,,,,,,,,,,,,,,,,,,,,,,,,,,,,,,,,,,,,,,,,,,,,,,,,,,,,,,,,,,,,,,,,,,,,,,,,,,,,,,,,,,,,,,80.8,83.3,,,,,,,,,,,,,,,,,,,,,,,,,,,,,,,,,,,,,,,,,,,,,,,,,,,,,,,,,,,,,,,,,,,,,,,,,,,,,,,,,,,,47.5,164.1,23.75,82.05,115,55,6,6
32,7,B,E,2,4.3,78,54,1,9,28,63,-28,1.5,1,0,0,90,1610,95,4,61.4,63,47.5,22.2,,,,,,,,,,,,,,,,,,,,,,,,,,,,,,,,,,,,,,,,,,,,,,,,,,,,,,,,,,,,,,,,,,,,,,,,,,,,,,,,,,,,,,,114.6,118.7,111.8,100.6,,,,,,,,,,,,,,,,,,,,,,,,,,,,,,,,,,,,,,,,,,,,,,,,,,,,,,,,,,,,,,,,,,,,,,,,,,,,,,,,,,,,,,,TT,O,,2016,2,4,11/17/2003,18.13953488,19.62998979,19.44487663,20.55555556,,,47.5,22.2,,,,,,,,,,,,,,,,,,,,,,,,,,,,,,,,,,,,,,,,,,,,,,,,,,,,,,,,,,,,,,,,,,,,,,,,,,,,,,,,,,,,,,,,,111.8,100.6,,,,,,,,,,,,,,,,,,,,,,,,,,,,,,,,,,,,,,,,,,,,,,,,,,,,,,,,,,,,,,,,,,,,,,,,,,,,,,,,,,,,,,,69.7,212.4,34.85,106.2,55,115,3,3
33,7,B,N,2,12.4,252,31,5,50,39,11,-26,1.5,1,0,0,90,1610,95,12,111.2,103.6,88.9,76.6,62.3,49,45.2,42.2,45.8,51.2,34.7,13.5,,,,,,,,,,,,,,,,,,,,,,,,,,,,,,,,,,,,,,,,,,,,,,,,,,,,,,,,,,,,,,,,,,,,,,,,,,,,,,,56.9,57.4,53.4,41,38.9,39.3,44.5,65.9,93.7,116,111.5,95.4,,,,,,,,,,,,,,,,,,,,,,,,,,,,,,,,,,,,,,,,,,,,,,,,,,,,,,,,,,,,,,,,,,,,,,,,,,,,,,,TT,O,,2016,3,4,11/17/2003,20.32258065,19.62998979,19.44487663,20.55555556,,,,,,49,45.2,42.2,45.8,51.2,34.7,13.5,,,,,,,,,,,,,,,,,,,,,,,,,,,,,,,,,,,,,,,,,,,,,,,,,,,,,,,,,,,,,,,,,,,,,,,,,,,,,,,,,,,,39.3,44.5,65.9,93.7,116,111.5,95.4,,,,,,,,,,,,,,,,,,,,,,,,,,,,,,,,,,,,,,,,,,,,,,,,,,,,,,,,,,,,,,,,,,,,,,,,,,,,,,,281.6,566.3,40.22857143,80.9,115,55,6,6
31,8,B,E,2,4.4,62,67,3,9,41,50,-16,1.5,0,0,0,90,1610,95,4,64.2,56.3,39.3,26.1,,,,,,,,,,,,,,,,,,,,,,,,,,,,,,,,,,,,,,,,,,,,,,,,,,,,,,,,,,,,,,,,,,,,,,,,,,,,,,,,,,,,,,,117.4,115,105.4,94.2,,,,,,,,,,,,,,,,,,,,,,,,,,,,,,,,,,,,,,,,,,,,,,,,,,,,,,,,,,,,,,,,,,,,,,,,,,,,,,,,,,,,,,,TT,O,,2016,4,4,11/18/2003,14.09090909,19.62998979,19.44487663,20.55555556,,,39.3,26.1,,,,,,,,,,,,,,,,,,,,,,,,,,,,,,,,,,,,,,,,,,,,,,,,,,,,,,,,,,,,,,,,,,,,,,,,,,,,,,,,,,,,,,,,,105.4,94.2,,,,,,,,,,,,,,,,,,,,,,,,,,,,,,,,,,,,,,,,,,,,,,,,,,,,,,,,,,,,,,,,,,,,,,,,,,,,,,,,,,,,,,,65.4,199.6,32.7,99.8,55,115,3,3
32,8,B,N,2,10.9,251,45,5,50,38,12,-8,1.5,1,0,0,90,1610,95,10,111,96.4,74.7,51.5,31.4,20.3,35.7,54.3,44.4,27.3,,,,,,,,,,,,,,,,,,,,,,,,,,,,,,,,,,,,,,,,,,,,,,,,,,,,,,,,,,,,,,,,,,,,,,,,,,,,,,,,,57,52.5,42.5,46.7,59.6,68.2,77.3,98.7,113.6,104.7,,,,,,,,,,,,,,,,,,,,,,,,,,,,,,,,,,,,,,,,,,,,,,,,,,,,,,,,,,,,,,,,,,,,,,,,,,,,,,,,,TT,O,,2016,5,4,11/18/2003,23.02752294,19.62998979,19.44487663,20.55555556,,,,,,20.3,35.7,54.3,44.4,27.3,,,,,,,,,,,,,,,,,,,,,,,,,,,,,,,,,,,,,,,,,,,,,,,,,,,,,,,,,,,,,,,,,,,,,,,,,,,,,,,,,,,,,,68.2,77.3,98.7,113.6,104.7,,,,,,,,,,,,,,,,,,,,,,,,,,,,,,,,,,,,,,,,,,,,,,,,,,,,,,,,,,,,,,,,,,,,,,,,,,,,,,,,,182,462.5,36.4,92.5,115,55,6,6
33,8,B,S,2,30.6,629,96,1,43,29,28,37,1.5,3,0,0,90,1610,95,30,52.5,31.2,10.1,6.1,13.8,21.7,40.1,52.8,34.7,18.4,13.1,15.5,28.7,37.5,40.2,22.5,10.4,22.4,24.1,22.8,13.9,13.7,38,54.3,54,44.7,36.9,34.7,42.5,40.5,,,,,,,,,,,,,,,,,,,,,,,,,,,,,,,,,,,,,,,,,,,,,,,,,,,,,,,,,,,,,114.3,107.6,93.4,80.2,72.1,68.5,79.5,98.8,105.3,96,82.9,78.9,85.8,103.4,120.6,107.8,88.8,77.9,75.5,77.9,74.7,79,94.3,108,116.3,117.7,119.7,119.6,121.5,108.9,,,,,,,,,,,,,,,,,,,,,,,,,,,,,,,,,,,,,,,,,,,,,,,,,,,,,,,,,,,,,FS,O,,2016,6,4,11/18/2003,20.55555556,19.62998979,19.44487663,20.55555556,,,10.1,6.1,13.8,21.7,40.1,52.8,34.7,18.4,13.1,15.5,28.7,37.5,40.2,22.5,10.4,22.4,24.1,22.8,13.9,13.7,38,54.3,54,44.7,36.9,34.7,42.5,40.5,,,,,,,,,,,,,,,,,,,,,,,,,,,,,,,,,,,,,,,,,,,,,,,,,,,,,,,,,,,,,,,93.4,80.2,72.1,68.5,79.5,98.8,105.3,96,82.9,78.9,85.8,103.4,120.6,107.8,88.8,77.9,75.5,77.9,74.7,79,94.3,108,116.3,117.7,119.7,119.6,121.5,108.9,,,,,,,,,,,,,,,,,,,,,,,,,,,,,,,,,,,,,,,,,,,,,,,,,,,,,,,,,,,,,808.1,2653,28.86071429,94.75,55,115,3,3
34,7,B,W,2,90.1,1916,19,21,64,33,3,55,1.5,0,3,0,90,1610,99,90,108.4,92.9,60.9,33.5,19.5,35.7,51,56.4,48.4,30.7,37.4,72.2,83.1,81.2,80.5,73.1,53.1,33.7,34.7,46.7,50.3,43.3,33.2,25.5,37.8,66,83.4,88.6,87.4,83.7,84.7,81.6,77.9,61.8,62.8,62.9,62.1,58.6,51,31.9,33,34.9,47.6,53.1,44.1,52.6,63.9,73.8,92.4,101.7,109.5,115.4,111.9,104.2,93.9,85.3,69,53.2,51.7,55.1,66.6,82.1,89.1,97.1,88,72.3,49.6,21.6,13.1,20,22.1,43.4,72.4,83.9,98.4,97,91.9,82.8,73.6,67.4,52.7,50.1,49.3,38.7,21.6,14.2,24.5,36.1,49.6,70.2,61.9,64,60.6,61.7,70.2,66,58.4,54.4,44.9,56,61.1,63.2,52.9,38.5,30.2,24,33.6,54.7,80.1,88.2,88.5,75.4,66.1,61.8,68.8,78.1,74.8,65.7,53.1,38.4,20.9,10.4,9,31.3,42.2,43.2,34.2,28.1,41.9,63,59.1,56.2,53.5,66.6,67.1,56.7,39.5,19.4,10.4,16.7,26,39.7,50.4,61.8,74.8,90.6,102.5,97.1,82.3,64.7,45,32.4,30.5,45.1,54.1,61.4,75.6,83.3,77.2,75,79.5,74.1,69.3,62.6,63.3,50.5,39.1,25.2,15.6,19.9,45.7,65.8,87.2,96.8,96.3,99,100.4,96.1,93,95.1,TT,O,,2016,1,4,11/17/2003,21.26526082,21.88868517,22.01886521,21.23778502,,,,,19.5,35.7,51,56.4,48.4,30.7,37.4,72.2,83.1,81.2,80.5,73.1,53.1,33.7,34.7,46.7,50.3,43.3,33.2,25.5,37.8,66,83.4,88.6,87.4,83.7,84.7,81.6,77.9,61.8,62.8,62.9,62.1,58.6,51,31.9,33,34.9,47.6,53.1,44.1,52.6,63.9,73.8,92.4,101.7,109.5,115.4,111.9,104.2,93.9,85.3,69,53.2,51.7,55.1,66.6,82.1,89.1,97.1,88,72.3,49.6,21.6,13.1,20,22.1,43.4,72.4,83.9,98.4,97,91.9,82.8,73.6,67.4,52.7,50.1,49.3,38.7,21.6,14.2,24.5,36.1,49.6,70.2,,,,,70.2,66,58.4,54.4,44.9,56,61.1,63.2,52.9,38.5,30.2,24,33.6,54.7,80.1,88.2,88.5,75.4,66.1,61.8,68.8,78.1,74.8,65.7,53.1,38.4,20.9,10.4,9,31.3,42.2,43.2,34.2,28.1,41.9,63,59.1,56.2,53.5,66.6,67.1,56.7,39.5,19.4,10.4,16.7,26,39.7,50.4,61.8,74.8,90.6,102.5,97.1,82.3,64.7,45,32.4,30.5,45.1,54.1,61.4,75.6,83.3,77.2,75,79.5,74.1,69.3,62.6,63.3,50.5,39.1,25.2,15.6,19.9,45.7,65.8,87.2,96.8,96.3,99,100.4,96.1,93,95.1,5257.6,4960.5,61.13488372,57.68023256,115,55,5,5
35,7,B,E,2,12.1,249,42,6,78,14,8,63,1.5,0,0,0,90,1610,99,12,64,63.3,53.8,39.6,33.9,23.8,32.5,36.9,43,49.9,31.6,22.6,,,,,,,,,,,,,,,,,,,,,,,,,,,,,,,,,,,,,,,,,,,,,,,,,,,,,,,,,,,,,,,,,,,,,,,,,,,,,,,105.4,99.9,81.5,66.4,54.9,67.6,57,52.5,43.2,44.5,61.4,67.6,,,,,,,,,,,,,,,,,,,,,,,,,,,,,,,,,,,,,,,,,,,,,,,,,,,,,,,,,,,,,,,,,,,,,,,,,,,,,,,TT,O,,2016,2,4,11/17/2003,20.5785124,21.88868517,22.01886521,21.23778502,,63.3,53.8,39.6,33.9,23.8,32.5,36.9,43,49.9,31.6,22.6,,,,,,,,,,,,,,,,,,,,,,,,,,,,,,,,,,,,,,,,,,,,,,,,,,,,,,,,,,,,,,,,,,,,,,,,,,,,,,,,99.9,81.5,66.4,54.9,67.6,57,52.5,43.2,44.5,61.4,67.6,,,,,,,,,,,,,,,,,,,,,,,,,,,,,,,,,,,,,,,,,,,,,,,,,,,,,,,,,,,,,,,,,,,,,,,,,,,,,,,430.9,696.5,39.17272727,63.31818182,55,115,2,2
36,7,B,N,2,18,384,28,38,71,28,1,79,1.5,0,1,0,90,1610,99,17,112.8,111.6,100.7,83,62.8,48.2,46.9,35.6,20.9,19.5,32.4,51.4,63.6,62,65.9,56.3,40.1,,,,,,,,,,,,,,,,,,,,,,,,,,,,,,,,,,,,,,,,,,,,,,,,,,,,,,,,,,,,,,,,,,,,,,,,,,44.3,32.8,16.1,12.9,35.7,62.3,85.3,104.2,98.3,84.9,70.8,53.7,36.1,26.6,21.2,30.7,47.5,,,,,,,,,,,,,,,,,,,,,,,,,,,,,,,,,,,,,,,,,,,,,,,,,,,,,,,,,,,,,,,,,,,,,,,,,,TT,O,,2016,3,4,11/17/2003,21.33333333,21.88868517,22.01886521,21.23778502,,,,,62.8,48.2,46.9,35.6,20.9,19.5,32.4,51.4,63.6,62,65.9,56.3,40.1,,,,,,,,,,,,,,,,,,,,,,,,,,,,,,,,,,,,,,,,,,,,,,,,,,,,,,,,,,,,,,,,,,,,,,,,,,,,,,35.7,62.3,85.3,104.2,98.3,84.9,70.8,53.7,36.1,26.6,21.2,30.7,47.5,,,,,,,,,,,,,,,,,,,,,,,,,,,,,,,,,,,,,,,,,,,,,,,,,,,,,,,,,,,,,,,,,,,,,,,,,,605.6,757.3,46.58461539,58.25384615,115,55,5,5
34,8,B,E,2,27.8,575,23,20,79,16,5,85,1.5,0,0,0,90,1610,99,27,69.5,70.6,75.5,80.5,78.5,71.7,63.8,57,75.4,76.5,72.7,66.6,60.4,61,49.7,34,18.5,18.6,16.2,27.7,38.6,50.3,52,53.7,50.8,37,27.6,,,,,,,,,,,,,,,,,,,,,,,,,,,,,,,,,,,,,,,,,,,,,,,,,,,,,,,,,,,,,,,,110.3,93.1,72.3,60.5,36.3,18.2,29.1,52.8,54.7,43.7,33.6,24.6,26.3,27.9,44.8,62,81.4,99.4,100.6,85.6,71.1,54.2,40,34.3,35.4,52.9,72.2,,,,,,,,,,,,,,,,,,,,,,,,,,,,,,,,,,,,,,,,,,,,,,,,,,,,,,,,,,,,,,,,TT,O,,2016,4,4,11/18/2003,20.68345324,21.88868517,22.01886521,21.23778502,,70.6,75.5,80.5,78.5,71.7,63.8,57,75.4,76.5,72.7,66.6,60.4,61,49.7,34,18.5,18.6,16.2,27.7,38.6,50.3,52,53.7,50.8,37,27.6,,,,,,,,,,,,,,,,,,,,,,,,,,,,,,,,,,,,,,,,,,,,,,,,,,,,,,,,,,,,,,,,,93.1,72.3,60.5,36.3,18.2,29.1,52.8,54.7,43.7,33.6,24.6,26.3,27.9,44.8,62,81.4,99.4,100.6,85.6,71.1,54.2,40,34.3,35.4,52.9,72.2,,,,,,,,,,,,,,,,,,,,,,,,,,,,,,,,,,,,,,,,,,,,,,,,,,,,,,,,,,,,,,,,1384.9,1407,53.26538462,54.11538462,55,115,2,2
35,8,B,N,2,7.7,202,21,56,61,38,1,81,1.5,1,0,0,90,1610,99,7,112.5,112.3,105.1,90.5,76.3,54.4,19.6,,,,,,,,,,,,,,,,,,,,,,,,,,,,,,,,,,,,,,,,,,,,,,,,,,,,,,,,,,,,,,,,,,,,,,,,,,,,,,,,,,,,46.6,34.8,20.3,17.1,36.9,60.2,82,,,,,,,,,,,,,,,,,,,,,,,,,,,,,,,,,,,,,,,,,,,,,,,,,,,,,,,,,,,,,,,,,,,,,,,,,,,,,,,,,,,,TT,O,,2016,5,4,11/18/2003,26.23376623,21.88868517,22.01886521,21.23778502,,,,,76.3,54.4,19.6,,,,,,,,,,,,,,,,,,,,,,,,,,,,,,,,,,,,,,,,,,,,,,,,,,,,,,,,,,,,,,,,,,,,,,,,,,,,,,,,,,,,,,,,36.9,60.2,82,,,,,,,,,,,,,,,,,,,,,,,,,,,,,,,,,,,,,,,,,,,,,,,,,,,,,,,,,,,,,,,,,,,,,,,,,,,,,,,,,,,,150.3,179.1,50.1,59.7,115,55,5,5
36,8,B,S,2,30.7,652,57,3,71,25,4,58,1.5,3,0,0,90,1610,99,30,51.9,35,17.4,9,26,39.6,46.6,47.9,40.6,24.5,13.7,21.9,26.8,29.7,18.5,16.8,34.8,58.4,69.2,65,56.6,46,38.9,23,11.3,10.3,14.9,29.6,55.8,64.8,,,,,,,,,,,,,,,,,,,,,,,,,,,,,,,,,,,,,,,,,,,,,,,,,,,,,,,,,,,,,110.2,110.8,100.9,85.1,63.9,49.7,40,47.7,70.4,92.4,98,91.7,83.1,80.7,75.1,73.3,78.9,87.8,82.4,72.1,62.5,56.2,54.2,63.3,81.9,94.3,90.4,80.5,67.1,51.6,,,,,,,,,,,,,,,,,,,,,,,,,,,,,,,,,,,,,,,,,,,,,,,,,,,,,,,,,,,,,FS,O,,2016,6,4,11/18/2003,21.23778502,21.88868517,22.01886521,21.23778502,,,17.4,9,26,39.6,46.6,47.9,40.6,24.5,13.7,21.9,26.8,29.7,18.5,16.8,34.8,58.4,69.2,65,56.6,46,38.9,23,11.3,10.3,14.9,29.6,55.8,64.8,,,,,,,,,,,,,,,,,,,,,,,,,,,,,,,,,,,,,,,,,,,,,,,,,,,,,,,,,,,,,,,100.9,85.1,63.9,49.7,40,47.7,70.4,92.4,98,91.7,83.1,80.7,75.1,73.3,78.9,87.8,82.4,72.1,62.5,56.2,54.2,63.3,81.9,94.3,90.4,80.5,67.1,51.6,,,,,,,,,,,,,,,,,,,,,,,,,,,,,,,,,,,,,,,,,,,,,,,,,,,,,,,,,,,,,957.6,2075.2,34.2,74.11428571,55,115,3,3
1,CT,A,N,3,4.4,90,0,89,58,41,1,28,1.5,0,1,0,30,1610,4,4,100.6,88,66.5,42.7,,,,,,,,,,,,,,,,,,,,,,,,,,,,,,,,,,,,,,,,,,,,,,,,,,,,,,,,,,,,,,,,,,,,,,,,,,,,,,,,,,,,,,,59.9,62.2,59,57.4,,,,,,,,,,,,,,,,,,,,,,,,,,,,,,,,,,,,,,,,,,,,,,,,,,,,,,,,,,,,,,,,,,,,,,,,,,,,,,,,,,,,,,,CUE,O,,2016,1,7,11/19/2003,20.45454546,19.50371704,19.50371704,,,,,,,,,,,,,,,,,,,,,,,,,,,,,,,,,,,,,,,,,,,,,,,,,,,,,,,,,,,,,,,,,,,,,,,,,,,,,,,,,,,,,,,,,,,,,,,,,,,,,,,,,,,,,,,,,,,,,,,,,,,,,,,,,,,,,,,,,,,,,,,,,,,,,,,,,,,,,,,,,,,,,,,,,,,,,,,,,,,,,,0,0,0,0,115,55,6,4
2,CT,A,E,4,6.3,132,74,18,59,22,19,-55,1.5,1,0,0,30,1610,4,6,114.8,105.5,90.3,69.3,48.2,23.1,,,,,,,,,,,,,,,,,,,,,,,,,,,,,,,,,,,,,,,,,,,,,,,,,,,,,,,,,,,,,,,,,,,,,,,,,,,,,,,,,,,,,53.6,37.9,14.1,16.7,38.4,63.1,,,,,,,,,,,,,,,,,,,,,,,,,,,,,,,,,,,,,,,,,,,,,,,,,,,,,,,,,,,,,,,,,,,,,,,,,,,,,,,,,,,,,CUE,O,,2016,2,7,11/19/2003,20.95238095,19.50371704,19.50371704,,,,,,,,,,,,,,,,,,,,,,,,,,,,,,,,,,,,,,,,,,,,,,,,,,,,,,,,,,,,,,,,,,,,,,,,,,,,,,,,,,,,,,,,,,,,,,,,,,,,,,,,,,,,,,,,,,,,,,,,,,,,,,,,,,,,,,,,,,,,,,,,,,,,,,,,,,,,,,,,,,,,,,,,,,,,,,,,,,,,,,0,0,0,0,115,55,6,6
3,CT,A,S,4,5.2,106,1,23,70,27,3,-27,1.5,0,0,0,30,1610,4,5,99.9,83.8,64.7,40.8,18.8,,,,,,,,,,,,,,,,,,,,,,,,,,,,,,,,,,,,,,,,,,,,,,,,,,,,,,,,,,,,,,,,,,,,,,,,,,,,,,,,,,,,,,54.1,46.7,42.6,52.5,68,,,,,,,,,,,,,,,,,,,,,,,,,,,,,,,,,,,,,,,,,,,,,,,,,,,,,,,,,,,,,,,,,,,,,,,,,,,,,,,,,,,,,,CUE,O,,2016,3,7,11/19/2003,20.38461539,19.50371704,19.50371704,,,,,,,,,,,,,,,,,,,,,,,,,,,,,,,,,,,,,,,,,,,,,,,,,,,,,,,,,,,,,,,,,,,,,,,,,,,,,,,,,,,,,,,,,,,,,,,,,,,,,,,,,,,,,,,,,,,,,,,,,,,,,,,,,,,,,,,,,,,,,,,,,,,,,,,,,,,,,,,,,,,,,,,,,,,,,,,,,,,,,,0,0,0,0,115,55,6,5
4,CT,A,E,3,7.5,148,0,16,63,25,12,56,1.5,0,0,0,30,1610,4,7,118.2,108.2,99.5,90.8,74,52,31.3,,,,,,,,,,,,,,,,,,,,,,,,,,,,,,,,,,,,,,,,,,,,,,,,,,,,,,,,,,,,,,,,,,,,,,,,,,,,,,,,,,,,46.7,30.3,13.8,3.6,18.3,41,63,,,,,,,,,,,,,,,,,,,,,,,,,,,,,,,,,,,,,,,,,,,,,,,,,,,,,,,,,,,,,,,,,,,,,,,,,,,,,,,,,,,,CUE,O,,2016,4,7,11/19/2003,19.73333333,19.50371704,19.50371704,,,,,,,52,31.3,,,,,,,,,,,,,,,,,,,,,,,,,,,,,,,,,,,,,,,,,,,,,,,,,,,,,,,,,,,,,,,,,,,,,,,,,,,,,,,,,,,,,,,,,41,63,,,,,,,,,,,,,,,,,,,,,,,,,,,,,,,,,,,,,,,,,,,,,,,,,,,,,,,,,,,,,,,,,,,,,,,,,,,,,,,,,,,,83.3,104,41.65,52,115,55,6,6
5,CT,A,W,2,5.3,99,19,3,69,30,1,-9,1.5,0,0,0,30,1610,4,5,104.1,91.5,75.4,52.3,25.8,,,,,,,,,,,,,,,,,,,,,,,,,,,,,,,,,,,,,,,,,,,,,,,,,,,,,,,,,,,,,,,,,,,,,,,,,,,,,,,,,,,,,,51.4,43.3,39.6,44.3,63.3,,,,,,,,,,,,,,,,,,,,,,,,,,,,,,,,,,,,,,,,,,,,,,,,,,,,,,,,,,,,,,,,,,,,,,,,,,,,,,,,,,,,,,CUE,O,,2016,5,7,11/19/2003,18.67924528,19.50371704,19.50371704,,,,,,,,,,,,,,,,,,,,,,,,,,,,,,,,,,,,,,,,,,,,,,,,,,,,,,,,,,,,,,,,,,,,,,,,,,,,,,,,,,,,,,,,,,,,,,,,,,,,,,,,,,,,,,,,,,,,,,,,,,,,,,,,,,,,,,,,,,,,,,,,,,,,,,,,,,,,,,,,,,,,,,,,,,,,,,,,,,,,,,0,0,0,0,115,55,6,5
6,CT,A,S,1,6.6,111,84,1,43,50,7,37,1.5,1,0,0,30,1610,4,6,101.8,88.9,74,60.5,45.4,26.9,,,,,,,,,,,,,,,,,,,,,,,,,,,,,,,,,,,,,,,,,,,,,,,,,,,,,,,,,,,,,,,,,,,,,,,,,,,,,,,,,,,,,62.6,67.8,73,74.7,75.4,80,,,,,,,,,,,,,,,,,,,,,,,,,,,,,,,,,,,,,,,,,,,,,,,,,,,,,,,,,,,,,,,,,,,,,,,,,,,,,,,,,,,,,CUE,O,,2016,6,7,11/19/2003,16.81818182,19.50371704,19.50371704,,,,,,,26.9,,,,,,,,,,,,,,,,,,,,,,,,,,,,,,,,,,,,,,,,,,,,,,,,,,,,,,,,,,,,,,,,,,,,,,,,,,,,,,,,,,,,,,,,,,80,,,,,,,,,,,,,,,,,,,,,,,,,,,,,,,,,,,,,,,,,,,,,,,,,,,,,,,,,,,,,,,,,,,,,,,,,,,,,,,,,,,,,26.9,80,26.9,80,115,55,6,6
7,CT,A,N,3,11.3,277,24,30,68,30,2,27,1.5,1,0,0,30,1610,5,11,99.7,83.5,64.5,61,95.9,97.4,91.6,66.5,56.6,44.1,20.8,,,,,,,,,,,,,,,,,,,,,,,,,,,,,,,,,,,,,,,,,,,,,,,,,,,,,,,,,,,,,,,,,,,,,,,,,,,,,,,,64.1,60.6,48.5,29.7,26,20,19,32.5,54.9,73.3,78.4,,,,,,,,,,,,,,,,,,,,,,,,,,,,,,,,,,,,,,,,,,,,,,,,,,,,,,,,,,,,,,,,,,,,,,,,,,,,,,,,CUE,O,,2016,1,7,11/19/2003,24.51327434,19.87434635,19.87434635,,,,,,,97.4,91.6,66.5,56.6,44.1,20.8,,,,,,,,,,,,,,,,,,,,,,,,,,,,,,,,,,,,,,,,,,,,,,,,,,,,,,,,,,,,,,,,,,,,,,,,,,,,,,,,,,,,,20,19,32.5,54.9,73.3,78.4,,,,,,,,,,,,,,,,,,,,,,,,,,,,,,,,,,,,,,,,,,,,,,,,,,,,,,,,,,,,,,,,,,,,,,,,,,,,,,,,377,278.1,62.83333333,46.35,115,55,6,6
8,CT,A,E,4,5.3,116,0,20,51,25,24,35,1.5,0,0,0,30,1610,5,5,114,99.5,81.1,53.8,23.2,,,,,,,,,,,,,,,,,,,,,,,,,,,,,,,,,,,,,,,,,,,,,,,,,,,,,,,,,,,,,,,,,,,,,,,,,,,,,,,,,,,,,,64.3,60.8,52.6,49.1,64.2,,,,,,,,,,,,,,,,,,,,,,,,,,,,,,,,,,,,,,,,,,,,,,,,,,,,,,,,,,,,,,,,,,,,,,,,,,,,,,,,,,,,,,CUE,O,,2016,2,7,11/19/2003,21.88679245,19.87434635,19.87434635,,,,,,,,,,,,,,,,,,,,,,,,,,,,,,,,,,,,,,,,,,,,,,,,,,,,,,,,,,,,,,,,,,,,,,,,,,,,,,,,,,,,,,,,,,,,,,,,,,,,,,,,,,,,,,,,,,,,,,,,,,,,,,,,,,,,,,,,,,,,,,,,,,,,,,,,,,,,,,,,,,,,,,,,,,,,,,,,,,,,,,0,0,0,0,115,55,6,5
9,CT,A,S,4,5.9,117,74,25,65,25,10,44,1.5,0,0,0,30,1610,5,5,109.5,97.5,80.8,59.3,34.1,,,,,,,,,,,,,,,,,,,,,,,,,,,,,,,,,,,,,,,,,,,,,,,,,,,,,,,,,,,,,,,,,,,,,,,,,,,,,,,,,,,,,,45,30.5,20.3,27.6,51.7,,,,,,,,,,,,,,,,,,,,,,,,,,,,,,,,,,,,,,,,,,,,,,,,,,,,,,,,,,,,,,,,,,,,,,,,,,,,,,,,,,,,,,CUE,O,,2016,3,7,11/19/2003,19.83050848,19.87434635,19.87434635,,,,,,,,,,,,,,,,,,,,,,,,,,,,,,,,,,,,,,,,,,,,,,,,,,,,,,,,,,,,,,,,,,,,,,,,,,,,,,,,,,,,,,,,,,,,,,,,,,,,,,,,,,,,,,,,,,,,,,,,,,,,,,,,,,,,,,,,,,,,,,,,,,,,,,,,,,,,,,,,,,,,,,,,,,,,,,,,,,,,,,0,0,0,0,115,55,6,6
10,CT,A,E,3,6.7,122,21,7,62,27,11,40,1.5,0,0,0,30,1610,5,6,117.3,107.3,93.1,71.6,49.5,31.1,,,,,,,,,,,,,,,,,,,,,,,,,,,,,,,,,,,,,,,,,,,,,,,,,,,,,,,,,,,,,,,,,,,,,,,,,,,,,,,,,,,,,45.2,32.8,23.5,27.3,41.5,57.7,,,,,,,,,,,,,,,,,,,,,,,,,,,,,,,,,,,,,,,,,,,,,,,,,,,,,,,,,,,,,,,,,,,,,,,,,,,,,,,,,,,,,CUE,O,,2016,4,7,11/19/2003,18.20895522,19.87434635,19.87434635,,,,,,,31.1,,,,,,,,,,,,,,,,,,,,,,,,,,,,,,,,,,,,,,,,,,,,,,,,,,,,,,,,,,,,,,,,,,,,,,,,,,,,,,,,,,,,,,,,,,57.7,,,,,,,,,,,,,,,,,,,,,,,,,,,,,,,,,,,,,,,,,,,,,,,,,,,,,,,,,,,,,,,,,,,,,,,,,,,,,,,,,,,,,31.1,57.7,31.1,57.7,115,55,6,6
11,CT,A,W,2,6.3,111,38,3,69,30,1,25,1.5,0,0,0,30,1610,5,6,103.9,87.4,64.5,41.1,26.1,18,,,,,,,,,,,,,,,,,,,,,,,,,,,,,,,,,,,,,,,,,,,,,,,,,,,,,,,,,,,,,,,,,,,,,,,,,,,,,,,,,,,,,63.6,63,61.4,58.4,60.8,67.7,,,,,,,,,,,,,,,,,,,,,,,,,,,,,,,,,,,,,,,,,,,,,,,,,,,,,,,,,,,,,,,,,,,,,,,,,,,,,,,,,,,,,CUE,O,,2016,5,7,11/19/2003,17.61904762,19.87434635,19.87434635,,,,,,,,,,,,,,,,,,,,,,,,,,,,,,,,,,,,,,,,,,,,,,,,,,,,,,,,,,,,,,,,,,,,,,,,,,,,,,,,,,,,,,,,,,,,,,,,,,,,,,,,,,,,,,,,,,,,,,,,,,,,,,,,,,,,,,,,,,,,,,,,,,,,,,,,,,,,,,,,,,,,,,,,,,,,,,,,,,,,,,0,0,0,0,115,55,6,6
12,CT,A,S,1,6.4,110,74,3,61,26,13,16,1.5,0,0,0,30,1610,5,6,106.6,93.1,77.4,56.9,34.2,15,,,,,,,,,,,,,,,,,,,,,,,,,,,,,,,,,,,,,,,,,,,,,,,,,,,,,,,,,,,,,,,,,,,,,,,,,,,,,,,,,,,,,57,52.3,49.5,52.2,62.8,75.5,,,,,,,,,,,,,,,,,,,,,,,,,,,,,,,,,,,,,,,,,,,,,,,,,,,,,,,,,,,,,,,,,,,,,,,,,,,,,,,,,,,,,CUE,O,,2016,6,7,11/19/2003,17.1875,19.87434635,19.87434635,,,,,,,,,,,,,,,,,,,,,,,,,,,,,,,,,,,,,,,,,,,,,,,,,,,,,,,,,,,,,,,,,,,,,,,,,,,,,,,,,,,,,,,,,,,,,,,,,,,,,,,,,,,,,,,,,,,,,,,,,,,,,,,,,,,,,,,,,,,,,,,,,,,,,,,,,,,,,,,,,,,,,,,,,,,,,,,,,,,,,,0,0,0,0,115,55,6,6
13,CT,A,N,3,5.8,120,0,90,24,75,1,69,1.5,0,0,0,30,1610,17,5,102.9,99.5,92.7,77,53.1,,,,,,,,,,,,,,,,,,,,,,,,,,,,,,,,,,,,,,,,,,,,,,,,,,,,,,,,,,,,,,,,,,,,,,,,,,,,,,,,,,,,,,62.7,69.9,75.1,84.3,85.3,,,,,,,,,,,,,,,,,,,,,,,,,,,,,,,,,,,,,,,,,,,,,,,,,,,,,,,,,,,,,,,,,,,,,,,,,,,,,,,,,,,,,,CUE,O,,2016,1,7,11/19/2003,20.68965517,18.7450302,18.7450302,,,,,,,,,,,,,,,,,,,,,,,,,,,,,,,,,,,,,,,,,,,,,,,,,,,,,,,,,,,,,,,,,,,,,,,,,,,,,,,,,,,,,,,,,,,,,,,,,,,,,,,,,,,,,,,,,,,,,,,,,,,,,,,,,,,,,,,,,,,,,,,,,,,,,,,,,,,,,,,,,,,,,,,,,,,,,,,,,,,,,,0,0,0,0,115,55,6,6
14,CT,A,E,4,6.1,120,0,4,23,40,37,65,1.5,0,0,0,30,1610,17,6,116,111,95.3,80.1,64.2,37.6,,,,,,,,,,,,,,,,,,,,,,,,,,,,,,,,,,,,,,,,,,,,,,,,,,,,,,,,,,,,,,,,,,,,,,,,,,,,,,,,,,,,,63.1,68.9,72.9,75.7,74.3,71.3,,,,,,,,,,,,,,,,,,,,,,,,,,,,,,,,,,,,,,,,,,,,,,,,,,,,,,,,,,,,,,,,,,,,,,,,,,,,,,,,,,,,,CUE,O,,2016,2,7,11/19/2003,19.67213115,18.7450302,18.7450302,,,,,,,,,,,,,,,,,,,,,,,,,,,,,,,,,,,,,,,,,,,,,,,,,,,,,,,,,,,,,,,,,,,,,,,,,,,,,,,,,,,,,,,,,,,,,,,,,,,,,,,,,,,,,,,,,,,,,,,,,,,,,,,,,,,,,,,,,,,,,,,,,,,,,,,,,,,,,,,,,,,,,,,,,,,,,,,,,,,,,,0,0,0,0,115,55,6,6
15,CT,A,S,4,8.5,191,63,15,45,27,28,100,1.5,0,0,0,30,1610,17,8,108.7,116.3,118.3,108.1,92.8,72.2,52.1,27.7,,,,,,,,,,,,,,,,,,,,,,,,,,,,,,,,,,,,,,,,,,,,,,,,,,,,,,,,,,,,,,,,,,,,,,,,,,,,,,,,,,,51.8,47.4,35.9,23.1,20.8,33.9,45.1,59.7,,,,,,,,,,,,,,,,,,,,,,,,,,,,,,,,,,,,,,,,,,,,,,,,,,,,,,,,,,,,,,,,,,,,,,,,,,,,,,,,,,,CUE,O,,2016,3,7,11/19/2003,22.47058824,18.7450302,18.7450302,,,,,,,72.2,52.1,27.7,,,,,,,,,,,,,,,,,,,,,,,,,,,,,,,,,,,,,,,,,,,,,,,,,,,,,,,,,,,,,,,,,,,,,,,,,,,,,,,,,,,,,,,,33.9,45.1,59.7,,,,,,,,,,,,,,,,,,,,,,,,,,,,,,,,,,,,,,,,,,,,,,,,,,,,,,,,,,,,,,,,,,,,,,,,,,,,,,,,,,,152,138.7,50.66666667,46.23333333,115,55,6,6
16,CT,A,E,3,10.8,198,0,17,51,22,27,97,1.5,0,0,0,30,1610,17,10,121.2,122.7,119.8,114.6,105.1,92.2,70.1,47.8,29.6,18.4,,,,,,,,,,,,,,,,,,,,,,,,,,,,,,,,,,,,,,,,,,,,,,,,,,,,,,,,,,,,,,,,,,,,,,,,,,,,,,,,,52.3,45.1,33.9,26.7,24.1,25.3,38.5,53.7,66.8,82.2,,,,,,,,,,,,,,,,,,,,,,,,,,,,,,,,,,,,,,,,,,,,,,,,,,,,,,,,,,,,,,,,,,,,,,,,,,,,,,,,,CUE,O,,2016,4,7,11/19/2003,18.33333333,18.7450302,18.7450302,,,,,,,92.2,70.1,47.8,29.6,18.4,,,,,,,,,,,,,,,,,,,,,,,,,,,,,,,,,,,,,,,,,,,,,,,,,,,,,,,,,,,,,,,,,,,,,,,,,,,,,,,,,,,,,,25.3,38.5,53.7,66.8,82.2,,,,,,,,,,,,,,,,,,,,,,,,,,,,,,,,,,,,,,,,,,,,,,,,,,,,,,,,,,,,,,,,,,,,,,,,,,,,,,,,,258.1,266.5,51.62,53.3,115,55,6,6
17,CT,A,W,2,12.6,202,32,0,0,68,32,65,1.5,1,0,0,30,1610,17,12,107.8,106.5,100.3,88.8,81,79.1,73.6,71.7,61.7,42.7,26.5,14.7,,,,,,,,,,,,,,,,,,,,,,,,,,,,,,,,,,,,,,,,,,,,,,,,,,,,,,,,,,,,,,,,,,,,,,,,,,,,,,,59,64.2,74.7,80.8,92.3,96.3,97,103.4,109.3,110,107.5,100.1,,,,,,,,,,,,,,,,,,,,,,,,,,,,,,,,,,,,,,,,,,,,,,,,,,,,,,,,,,,,,,,,,,,,,,,,,,,,,,,CUE,O,,2016,5,7,11/19/2003,16.03174603,18.7450302,18.7450302,,,,,,,79.1,73.6,71.7,61.7,42.7,26.5,14.7,,,,,,,,,,,,,,,,,,,,,,,,,,,,,,,,,,,,,,,,,,,,,,,,,,,,,,,,,,,,,,,,,,,,,,,,,,,,,,,,,,,,96.3,97,103.4,109.3,110,107.5,100.1,,,,,,,,,,,,,,,,,,,,,,,,,,,,,,,,,,,,,,,,,,,,,,,,,,,,,,,,,,,,,,,,,,,,,,,,,,,,,,,370,723.6,52.85714286,103.3714286,115,55,6,6
18,CT,A,S,1,11,168,84,2,8,18,74,75,1.5,0,0,0,30,1610,17,10,108.5,106.2,101.4,94.2,88,82.8,74.4,63.9,50.7,33.3,,,,,,,,,,,,,,,,,,,,,,,,,,,,,,,,,,,,,,,,,,,,,,,,,,,,,,,,,,,,,,,,,,,,,,,,,,,,,,,,,58.5,66.6,77.4,88.5,98,102.5,105.1,107.2,106.1,98,,,,,,,,,,,,,,,,,,,,,,,,,,,,,,,,,,,,,,,,,,,,,,,,,,,,,,,,,,,,,,,,,,,,,,,,,,,,,,,,,CUE,O,,2016,6,7,11/19/2003,15.27272727,18.7450302,18.7450302,,,,,,,82.8,74.4,63.9,50.7,33.3,,,,,,,,,,,,,,,,,,,,,,,,,,,,,,,,,,,,,,,,,,,,,,,,,,,,,,,,,,,,,,,,,,,,,,,,,,,,,,,,,,,,,,102.5,105.1,107.2,106.1,98,,,,,,,,,,,,,,,,,,,,,,,,,,,,,,,,,,,,,,,,,,,,,,,,,,,,,,,,,,,,,,,,,,,,,,,,,,,,,,,,,305.1,518.9,61.02,103.78,115,55,6,6
25,CT,A,N,3,4.5,115,4,11,61,38,1,-49,1.5,0,0,0,30,1610,20,4,104.6,98.1,78.9,51.1,,,,,,,,,,,,,,,,,,,,,,,,,,,,,,,,,,,,,,,,,,,,,,,,,,,,,,,,,,,,,,,,,,,,,,,,,,,,,,,,,,,,,,,54,39,20.9,37.6,,,,,,,,,,,,,,,,,,,,,,,,,,,,,,,,,,,,,,,,,,,,,,,,,,,,,,,,,,,,,,,,,,,,,,,,,,,,,,,,,,,,,,,CUE,O,,2016,1,7,11/19/2003,25.55555556,23.8387275,23.8387275,,,,,,,,,,,,,,,,,,,,,,,,,,,,,,,,,,,,,,,,,,,,,,,,,,,,,,,,,,,,,,,,,,,,,,,,,,,,,,,,,,,,,,,,,,,,,,,,,,,,,,,,,,,,,,,,,,,,,,,,,,,,,,,,,,,,,,,,,,,,,,,,,,,,,,,,,,,,,,,,,,,,,,,,,,,,,,,,,,,,,,0,0,0,0,115,55,5,5
26,CT,A,E,4,29.5,797,39,6,66,29,5,-88,1.5,3,0,0,30,1610,20,29,113,108.4,73.7,46.8,42.8,53.5,67.6,86.6,91.8,91.3,76.6,54.6,46.5,57.8,89.4,92.6,74.7,48.6,46.2,57.2,72.7,77.9,74.4,80.9,83.1,82.3,71.5,52.6,29.1,,,,,,,,,,,,,,,,,,,,,,,,,,,,,,,,,,,,,,,,,,,,,,,,,,,,,,,,,,,,,,55.3,37.6,13.8,40.7,64.3,72.8,65.5,47.8,21,20.3,49.9,54.8,45.5,29.5,12.8,16.6,18.3,39.7,56.9,62.9,58.2,39.4,16.6,27.4,63.7,89.2,100.6,100.1,89.1,,,,,,,,,,,,,,,,,,,,,,,,,,,,,,,,,,,,,,,,,,,,,,,,,,,,,,,,,,,,,,CUE,O,,2016,2,7,11/19/2003,27.01694915,23.8387275,23.8387275,,,,,,42.8,53.5,67.6,86.6,91.8,91.3,76.6,54.6,46.5,57.8,89.4,92.6,74.7,48.6,46.2,57.2,72.7,77.9,74.4,80.9,83.1,82.3,71.5,52.6,29.1,,,,,,,,,,,,,,,,,,,,,,,,,,,,,,,,,,,,,,,,,,,,,,,,,,,,,,,,,,,,,,,,,,64.3,72.8,65.5,47.8,21,20.3,49.9,54.8,45.5,29.5,12.8,16.6,18.3,39.7,56.9,62.9,58.2,39.4,16.6,27.4,63.7,89.2,100.6,100.1,89.1,,,,,,,,,,,,,,,,,,,,,,,,,,,,,,,,,,,,,,,,,,,,,,,,,,,,,,,,,,,,,,1702.3,1262.9,68.092,50.516,115,55,5,5
27,CT,A,S,4,25.9,571,35,12,48,44,8,11,1.5,2,0,0,30,1610,20,25,103.7,93,88.2,89.7,89.6,76,53.8,33.4,25.6,35,58.8,87.2,100.3,106.7,105,99.5,96.7,98.5,93.3,79,66,69.1,72.6,72.3,46.8,,,,,,,,,,,,,,,,,,,,,,,,,,,,,,,,,,,,,,,,,,,,,,,,,,,,,,,,,,,,,,,,,,56.2,44.8,24.9,8.8,22.4,29.2,39.6,54.7,61.9,59.6,43.9,49.9,66.2,64.1,45.2,25.5,13.3,29.3,44.5,50,64.3,77.6,78.3,63.9,53.7,,,,,,,,,,,,,,,,,,,,,,,,,,,,,,,,,,,,,,,,,,,,,,,,,,,,,,,,,,,,,,,,,,CUE,O,,2016,3,7,11/19/2003,22.04633205,23.8387275,23.8387275,,,,,,89.6,76,53.8,33.4,25.6,35,58.8,87.2,100.3,106.7,105,99.5,96.7,98.5,93.3,79,66,69.1,72.6,72.3,46.8,,,,,,,,,,,,,,,,,,,,,,,,,,,,,,,,,,,,,,,,,,,,,,,,,,,,,,,,,,,,,,,,,,,,,,22.4,29.2,39.6,54.7,61.9,59.6,43.9,49.9,66.2,64.1,45.2,25.5,13.3,29.3,44.5,50,64.3,77.6,78.3,63.9,53.7,,,,,,,,,,,,,,,,,,,,,,,,,,,,,,,,,,,,,,,,,,,,,,,,,,,,,,,,,,,,,,,,,,1565.2,1037.1,74.53333333,49.38571429,115,55,5,5
28,CT,A,E,3,5.5,129,64,6,51,18,31,-45,1.5,1,0,0,30,1610,20,5,116.9,108.6,84.8,54.2,27.8,,,,,,,,,,,,,,,,,,,,,,,,,,,,,,,,,,,,,,,,,,,,,,,,,,,,,,,,,,,,,,,,,,,,,,,,,,,,,,,,,,,,,,51.3,53.8,47.9,55.1,80.2,,,,,,,,,,,,,,,,,,,,,,,,,,,,,,,,,,,,,,,,,,,,,,,,,,,,,,,,,,,,,,,,,,,,,,,,,,,,,,,,,,,,,,CUE,O,,2016,4,7,11/19/2003,23.45454546,23.8387275,23.8387275,,,,,,27.8,,,,,,,,,,,,,,,,,,,,,,,,,,,,,,,,,,,,,,,,,,,,,,,,,,,,,,,,,,,,,,,,,,,,,,,,,,,,,,,,,,,,,,,,,,80.2,,,,,,,,,,,,,,,,,,,,,,,,,,,,,,,,,,,,,,,,,,,,,,,,,,,,,,,,,,,,,,,,,,,,,,,,,,,,,,,,,,,,,,27.8,80.2,27.8,80.2,115,55,5,5
29,CT,A,W,2,4.6,107,13,52,57,42,1,-28,1.5,0,0,0,30,1610,20,4,109.4,97.8,78.2,46.6,,,,,,,,,,,,,,,,,,,,,,,,,,,,,,,,,,,,,,,,,,,,,,,,,,,,,,,,,,,,,,,,,,,,,,,,,,,,,,,,,,,,,,,45.1,35.2,31.8,48.9,,,,,,,,,,,,,,,,,,,,,,,,,,,,,,,,,,,,,,,,,,,,,,,,,,,,,,,,,,,,,,,,,,,,,,,,,,,,,,,,,,,,,,,CUE,O,,2016,5,7,11/19/2003,23.26086957,23.8387275,23.8387275,,,,,,,,,,,,,,,,,,,,,,,,,,,,,,,,,,,,,,,,,,,,,,,,,,,,,,,,,,,,,,,,,,,,,,,,,,,,,,,,,,,,,,,,,,,,,,,,,,,,,,,,,,,,,,,,,,,,,,,,,,,,,,,,,,,,,,,,,,,,,,,,,,,,,,,,,,,,,,,,,,,,,,,,,,,,,,,,,,,,,,0,0,0,0,115,55,5,5
30,CT,A,S,1,5.3,115,40,3,63,28,9,-39,1.5,0,0,0,30,1610,20,5,111.5,96.3,76.5,51.2,23,,,,,,,,,,,,,,,,,,,,,,,,,,,,,,,,,,,,,,,,,,,,,,,,,,,,,,,,,,,,,,,,,,,,,,,,,,,,,,,,,,,,,,46.4,35.1,37.5,49.4,70.8,,,,,,,,,,,,,,,,,,,,,,,,,,,,,,,,,,,,,,,,,,,,,,,,,,,,,,,,,,,,,,,,,,,,,,,,,,,,,,,,,,,,,,CUE,O,,2016,6,7,11/19/2003,21.69811321,23.8387275,23.8387275,,,,,,,,,,,,,,,,,,,,,,,,,,,,,,,,,,,,,,,,,,,,,,,,,,,,,,,,,,,,,,,,,,,,,,,,,,,,,,,,,,,,,,,,,,,,,,,,,,,,,,,,,,,,,,,,,,,,,,,,,,,,,,,,,,,,,,,,,,,,,,,,,,,,,,,,,,,,,,,,,,,,,,,,,,,,,,,,,,,,,,0,0,0,0,115,55,5,5
31,CT,A,N,3,30.1,266,0,44,32,48,20,11,1.5,0,0,0,30,1610,23,30,109.6,106.7,103.4,100.8,98.3,95.8,94,91.8,89.5,87.8,86.1,84.5,82.7,79.5,80.6,84.6,95.8,112.3,119.7,120.6,121.7,121.3,120.8,98.1,90.2,96.6,108.3,117.3,117.5,116.2,,,,,,,,,,,,,,,,,,,,,,,,,,,,,,,,,,,,,,,,,,,,,,,,,,,,,,,,,,,,,56.6,54.9,54.3,53.7,53.2,52.6,52.7,52.4,52.8,52.8,52.8,53.1,53.5,56.5,53.1,43.6,34.5,35,38.1,37.1,34.9,33.5,33,11.5,15.5,29.2,42.3,49.1,50.3,52.5,,,,,,,,,,,,,,,,,,,,,,,,,,,,,,,,,,,,,,,,,,,,,,,,,,,,,,,,,,,,,CUE,O,,2016,1,7,11/19/2003,8.837209302,10.68660022,10.68660022,,,,,,,,,,,,86.1,84.5,82.7,79.5,80.6,84.6,95.8,112.3,119.7,120.6,121.7,121.3,120.8,98.1,90.2,96.6,108.3,117.3,117.5,116.2,,,,,,,,,,,,,,,,,,,,,,,,,,,,,,,,,,,,,,,,,,,,,,,,,,,,,,,,,,,,,,,,,,,,,,,52.8,53.1,53.5,56.5,53.1,43.6,34.5,35,38.1,37.1,34.9,33.5,33,11.5,15.5,29.2,42.3,49.1,50.3,52.5,,,,,,,,,,,,,,,,,,,,,,,,,,,,,,,,,,,,,,,,,,,,,,,,,,,,,,,,,,,,,2054.4,809.1,102.72,40.455,115,55,11,11
32,CT,A,E,4,30.1,365,6,17,35,49,16,-51,1.5,0,0,0,30,1610,23,30,108.4,110,112.1,118.1,94.7,79.6,67.5,62.5,67.4,77.2,74.2,69.7,76.9,74.5,61.4,35.1,21.2,23.6,32.2,41.8,43.3,47.6,53.9,57.4,58.9,60.1,61.3,62,61.8,62.8,,,,,,,,,,,,,,,,,,,,,,,,,,,,,,,,,,,,,,,,,,,,,,,,,,,,,,,,,,,,,57,59.1,59.1,58.3,34.4,36.8,48.9,67.4,86.6,97.6,97.8,98.2,95.1,83.1,71.9,74.1,85.1,91.6,94.1,95.6,97.7,99.2,94.3,89.2,84.3,80.9,78.1,75.6,73.1,71.5,,,,,,,,,,,,,,,,,,,,,,,,,,,,,,,,,,,,,,,,,,,,,,,,,,,,,,,,,,,,,CUE,O,,2016,2,7,11/19/2003,12.12624585,10.68660022,10.68660022,,,,,,,,,,,,74.2,69.7,76.9,74.5,61.4,35.1,21.2,23.6,32.2,41.8,43.3,47.6,53.9,57.4,58.9,60.1,61.3,62,61.8,62.8,,,,,,,,,,,,,,,,,,,,,,,,,,,,,,,,,,,,,,,,,,,,,,,,,,,,,,,,,,,,,,,,,,,,,,,97.8,98.2,95.1,83.1,71.9,74.1,85.1,91.6,94.1,95.6,97.7,99.2,94.3,89.2,84.3,80.9,78.1,75.6,73.1,71.5,,,,,,,,,,,,,,,,,,,,,,,,,,,,,,,,,,,,,,,,,,,,,,,,,,,,,,,,,,,,,1079.7,1730.5,53.985,86.525,115,55,11,11
33,CT,A,S,4,30.1,431,41,3,79,20,1,-42,1.5,0,0,0,30,1610,23,30,105.7,98.8,84.5,71.5,60.5,55.7,56.8,60.7,53.9,53.1,52.3,56.3,66.8,59.4,43,37.4,41.9,47.6,48,46.5,49.4,57.1,62.3,68.5,80,95,104.8,107.8,93.8,87.7,,,,,,,,,,,,,,,,,,,,,,,,,,,,,,,,,,,,,,,,,,,,,,,,,,,,,,,,,,,,,45.9,54.6,49,41.9,35.6,31,29.8,29.5,33.8,36.1,39.1,39,34.3,30.1,44.5,56.8,64.4,67.6,69.6,72.6,74.8,71.4,62.5,52.1,39.5,32.1,25.7,24.1,17.8,16.7,,,,,,,,,,,,,,,,,,,,,,,,,,,,,,,,,,,,,,,,,,,,,,,,,,,,,,,,,,,,,CUE,O,,2016,3,7,11/19/2003,14.31893688,10.68660022,10.68660022,,,,,,,,,,,,52.3,56.3,66.8,59.4,43,37.4,41.9,47.6,48,46.5,49.4,57.1,62.3,68.5,80,95,104.8,107.8,93.8,87.7,,,,,,,,,,,,,,,,,,,,,,,,,,,,,,,,,,,,,,,,,,,,,,,,,,,,,,,,,,,,,,,,,,,,,,,39.1,39,34.3,30.1,44.5,56.8,64.4,67.6,69.6,72.6,74.8,71.4,62.5,52.1,39.5,32.1,25.7,24.1,17.8,16.7,,,,,,,,,,,,,,,,,,,,,,,,,,,,,,,,,,,,,,,,,,,,,,,,,,,,,,,,,,,,,1305.6,934.7,65.28,46.735,115,55,11,11
34,CT,A,E,3,30.1,303,93,2,15,17,68,-107,1.5,2,0,0,30,1610,23,30,113.6,118.9,116.5,113.2,108.8,104.6,99.2,92.9,88.8,83.8,80.2,77.9,76.9,72.8,55.9,48.2,50.5,59.1,65.1,71.9,83.2,95.1,105.1,107.1,105.9,104.5,102.7,101.2,98.6,96.1,,,,,,,,,,,,,,,,,,,,,,,,,,,,,,,,,,,,,,,,,,,,,,,,,,,,,,,,,,,,,43.8,52.5,60,67.4,73.5,79.6,86.6,92,94.1,92.9,91.6,91.3,90.7,95.4,91.6,80.1,66.7,59.1,54.4,52.3,53.3,61.5,70.5,73.2,75.4,76.3,78.3,80.9,82.1,77.8,,,,,,,,,,,,,,,,,,,,,,,,,,,,,,,,,,,,,,,,,,,,,,,,,,,,,,,,,,,,,CUE,O,,2016,4,7,11/19/2003,10.06644518,10.68660022,10.68660022,,,,,,,,,,,,80.2,77.9,76.9,72.8,55.9,48.2,50.5,59.1,65.1,71.9,83.2,95.1,105.1,107.1,105.9,104.5,102.7,101.2,98.6,96.1,,,,,,,,,,,,,,,,,,,,,,,,,,,,,,,,,,,,,,,,,,,,,,,,,,,,,,,,,,,,,,,,,,,,,,,91.6,91.3,90.7,95.4,91.6,80.1,66.7,59.1,54.4,52.3,53.3,61.5,70.5,73.2,75.4,76.3,78.3,80.9,82.1,77.8,,,,,,,,,,,,,,,,,,,,,,,,,,,,,,,,,,,,,,,,,,,,,,,,,,,,,,,,,,,,,1658,1502.5,82.9,75.125,115,55,11,11
35,CT,A,W,2,30.1,267,0,43,0,80,20,-88,1.5,0,0,0,30,1610,23,30,113.7,115,119.5,121.5,120.9,119.7,117.9,117,116.2,115.2,113.6,112.5,111.2,110.2,109.8,108.3,106.8,105.3,101.9,97.7,93.7,90.7,86.4,82,77.8,74.7,72.2,70.1,71.1,69,,,,,,,,,,,,,,,,,,,,,,,,,,,,,,,,,,,,,,,,,,,,,,,,,,,,,,,,,,,,,47.5,39.8,36.7,36.4,36.6,38.9,40.1,42,46.1,49.6,53.5,54.9,55.9,56.9,60.1,63.2,65,67.7,71.4,78,83.7,88.8,91.7,94.1,92.9,90.5,93.2,95.3,96.1,102.6,,,,,,,,,,,,,,,,,,,,,,,,,,,,,,,,,,,,,,,,,,,,,,,,,,,,,,,,,,,,,CUE,O,,2016,5,7,11/19/2003,8.870431894,10.68660022,10.68660022,,,,,,,,,,,,113.6,112.5,111.2,110.2,109.8,108.3,106.8,105.3,101.9,97.7,93.7,90.7,86.4,82,77.8,74.7,72.2,70.1,71.1,69,,,,,,,,,,,,,,,,,,,,,,,,,,,,,,,,,,,,,,,,,,,,,,,,,,,,,,,,,,,,,,,,,,,,,,,53.5,54.9,55.9,56.9,60.1,63.2,65,67.7,71.4,78,83.7,88.8,91.7,94.1,92.9,90.5,93.2,95.3,96.1,102.6,,,,,,,,,,,,,,,,,,,,,,,,,,,,,,,,,,,,,,,,,,,,,,,,,,,,,,,,,,,,,1865,1555.5,93.25,77.775,115,55,11,11
36,CT,A,S,1,30.1,298,29,23,46,11,43,-122,1.5,3,0,0,30,1610,23,30,104.8,117.1,123.5,127.4,127.7,126.9,125.9,128.1,128.2,127.5,126.6,125.8,124,121,110.3,97.2,86.4,83.4,73.4,61.6,53.6,45.5,41.2,40.7,46,52,57.2,62.1,66.4,70.2,,,,,,,,,,,,,,,,,,,,,,,,,,,,,,,,,,,,,,,,,,,,,,,,,,,,,,,,,,,,,53.2,42.4,39.7,39.6,39.2,38.3,37.5,40.9,43.8,46.1,46.9,46.8,45.8,46.7,45.2,43.3,43.5,44.2,42.7,42.6,43.3,45.1,47.9,52.7,56.8,58.7,60.6,61.7,61.9,62.9,,,,,,,,,,,,,,,,,,,,,,,,,,,,,,,,,,,,,,,,,,,,,,,,,,,,,,,,,,,,,CUE,O,,2016,6,7,11/19/2003,9.900332226,10.68660022,10.68660022,,,,,,,,,,,,126.6,125.8,124,121,110.3,97.2,86.4,83.4,73.4,61.6,53.6,45.5,41.2,40.7,46,52,57.2,62.1,66.4,70.2,,,,,,,,,,,,,,,,,,,,,,,,,,,,,,,,,,,,,,,,,,,,,,,,,,,,,,,,,,,,,,,,,,,,,,,46.9,46.8,45.8,46.7,45.2,43.3,43.5,44.2,42.7,42.6,43.3,45.1,47.9,52.7,56.8,58.7,60.6,61.7,61.9,62.9,,,,,,,,,,,,,,,,,,,,,,,,,,,,,,,,,,,,,,,,,,,,,,,,,,,,,,,,,,,,,1544.6,999.3,77.23,49.965,115,55,11,11
37,CT,A,N,3,19.2,205,14,1,34,37,29,57,1.5,1,0,0,30,1610,25,19,119.4,116,114.6,113.6,113.2,112.4,112.1,111,111.5,114.3,108.3,104.6,96.1,78.5,67.8,58.2,35.3,14.1,8.9,,,,,,,,,,,,,,,,,,,,,,,,,,,,,,,,,,,,,,,,,,,,,,,,,,,,,,,,,,,,,,,,,,,,,,,,50.8,48.1,46.7,45.2,44,42.5,41.4,40,39.6,38.7,26.5,21.2,14.9,20.7,38.1,56.4,74.9,92.2,96.6,,,,,,,,,,,,,,,,,,,,,,,,,,,,,,,,,,,,,,,,,,,,,,,,,,,,,,,,,,,,,,,,,,,,,,,,CUE,O,,2016,1,7,11/19/2003,10.67708333,14.86259448,14.86259448,,,,,,,,,111,111.5,114.3,108.3,104.6,96.1,78.5,67.8,58.2,35.3,14.1,8.9,,,,,,,,,,,,,,,,,,,,,,,,,,,,,,,,,,,,,,,,,,,,,,,,,,,,,,,,,,,,,,,,,,,,,,,,,,,,,,,40,39.6,38.7,26.5,21.2,14.9,20.7,38.1,56.4,74.9,92.2,96.6,,,,,,,,,,,,,,,,,,,,,,,,,,,,,,,,,,,,,,,,,,,,,,,,,,,,,,,,,,,,,,,,,,,,,,,,908.6,559.8,75.71666667,46.65,115,55,8,8
38,CT,A,E,4,20.8,208,0,4,17,81,2,30,1.5,0,0,0,30,1610,25,20,100.8,96.6,96.5,101.4,102.3,99.5,97.6,95.3,93.3,91.3,89.4,88.1,86.1,85.9,85.8,84.4,82.2,69.8,62.7,49.9,,,,,,,,,,,,,,,,,,,,,,,,,,,,,,,,,,,,,,,,,,,,,,,,,,,,,,,,,,,,,,,,,,,,,,,50.3,48.7,49.5,54.1,55.9,54.9,54.8,54.4,54.2,54,54,53.8,53.6,54.5,55.4,55.3,55.7,55.6,54.4,55.3,,,,,,,,,,,,,,,,,,,,,,,,,,,,,,,,,,,,,,,,,,,,,,,,,,,,,,,,,,,,,,,,,,,,,,,CUE,O,,2016,2,7,11/19/2003,10,14.86259448,14.86259448,,,,,,,,,95.3,93.3,91.3,89.4,88.1,86.1,85.9,85.8,84.4,82.2,69.8,62.7,49.9,,,,,,,,,,,,,,,,,,,,,,,,,,,,,,,,,,,,,,,,,,,,,,,,,,,,,,,,,,,,,,,,,,,,,,,,,,,,,,54.4,54.2,54,54,53.8,53.6,54.5,55.4,55.3,55.7,55.6,54.4,55.3,,,,,,,,,,,,,,,,,,,,,,,,,,,,,,,,,,,,,,,,,,,,,,,,,,,,,,,,,,,,,,,,,,,,,,,1064.2,710.2,81.86153846,54.63076923,115,55,8,8
39,CT,A,S,4,30.1,476,100,0,50,46,4,80,1.5,4,0,0,30,1610,25,30,111.7,105.7,92.4,86.6,86.1,96.2,102.4,94.3,84.4,82.8,76.4,80.1,94.5,89.8,80.2,80.7,81.1,96.4,97,88.6,89.3,85.9,83.1,85,98.6,104.6,97.3,93.8,92.5,98.5,,,,,,,,,,,,,,,,,,,,,,,,,,,,,,,,,,,,,,,,,,,,,,,,,,,,,,,,,,,,,48.9,33.7,27.9,29.6,32.1,39.5,26.4,13.8,11.2,9.2,19.2,31.1,23.8,13.7,15.9,14.1,24.6,18.2,12.1,5.4,7.2,2.9,15.8,33.5,41,30.8,24.7,25.6,29.3,44.1,,,,,,,,,,,,,,,,,,,,,,,,,,,,,,,,,,,,,,,,,,,,,,,,,,,,,,,,,,,,,CUE,O,,2016,3,7,11/19/2003,15.81395349,14.86259448,14.86259448,,,,,,,,,94.3,84.4,82.8,76.4,80.1,94.5,89.8,80.2,80.7,81.1,96.4,97,88.6,89.3,85.9,83.1,85,98.6,104.6,97.3,93.8,92.5,98.5,,,,,,,,,,,,,,,,,,,,,,,,,,,,,,,,,,,,,,,,,,,,,,,,,,,,,,,,,,,,,,,,,,,,13.8,11.2,9.2,19.2,31.1,23.8,13.7,15.9,14.1,24.6,18.2,12.1,5.4,7.2,2.9,15.8,33.5,41,30.8,24.7,25.6,29.3,44.1,,,,,,,,,,,,,,,,,,,,,,,,,,,,,,,,,,,,,,,,,,,,,,,,,,,,,,,,,,,,,2054.9,467.2,89.34347826,20.31304348,115,55,8,8
40,CT,A,E,3,17.4,303,49,2,26,54,20,97,1.5,1,0,0,30,1610,25,17,116.8,112.7,122.1,118.6,113.3,108,95.5,78.5,64.8,68.6,81.3,87.8,80,72.6,61.5,39.6,17.8,,,,,,,,,,,,,,,,,,,,,,,,,,,,,,,,,,,,,,,,,,,,,,,,,,,,,,,,,,,,,,,,,,,,,,,,,,49,42.5,47,37.7,31.7,28,28.6,39.4,55.2,74.5,77.8,75.8,68.9,67.4,72.6,84.1,95,,,,,,,,,,,,,,,,,,,,,,,,,,,,,,,,,,,,,,,,,,,,,,,,,,,,,,,,,,,,,,,,,,,,,,,,,,CUE,O,,2016,4,7,11/19/2003,17.4137931,14.86259448,14.86259448,,,,,,,,,78.5,64.8,68.6,81.3,87.8,80,72.6,61.5,39.6,17.8,,,,,,,,,,,,,,,,,,,,,,,,,,,,,,,,,,,,,,,,,,,,,,,,,,,,,,,,,,,,,,,,,,,,,,,,,,,,,,,,,39.4,55.2,74.5,77.8,75.8,68.9,67.4,72.6,84.1,95,,,,,,,,,,,,,,,,,,,,,,,,,,,,,,,,,,,,,,,,,,,,,,,,,,,,,,,,,,,,,,,,,,,,,,,,,,652.5,710.7,65.25,71.07,115,55,8,8
41,CT,A,W,2,10.3,196,5,37,75,23,2,-2,1.5,0,0,0,30,1610,25,10,108.1,107.3,89.1,73.6,70.5,78.4,77.4,74.2,55.7,32.6,,,,,,,,,,,,,,,,,,,,,,,,,,,,,,,,,,,,,,,,,,,,,,,,,,,,,,,,,,,,,,,,,,,,,,,,,,,,,,,,,51.7,54.3,45.1,32.1,19.5,15.2,16.3,29.9,48.3,62.7,,,,,,,,,,,,,,,,,,,,,,,,,,,,,,,,,,,,,,,,,,,,,,,,,,,,,,,,,,,,,,,,,,,,,,,,,,,,,,,,,CUE,O,,2016,5,7,11/19/2003,19.02912621,14.86259448,14.86259448,,,,,,,,,74.2,55.7,32.6,,,,,,,,,,,,,,,,,,,,,,,,,,,,,,,,,,,,,,,,,,,,,,,,,,,,,,,,,,,,,,,,,,,,,,,,,,,,,,,,,,,,,,,,29.9,48.3,62.7,,,,,,,,,,,,,,,,,,,,,,,,,,,,,,,,,,,,,,,,,,,,,,,,,,,,,,,,,,,,,,,,,,,,,,,,,,,,,,,,,162.5,140.9,54.16666667,46.96666667,115,55,8,8
42,CT,A,S,1,14.9,242,69,4,72,11,17,60,1.5,0,0,0,30,1610,25,14,110.2,105.8,95.3,82.5,70.3,65.9,65.3,75.1,87.4,81.4,66.6,51.4,37.9,24.7,,,,,,,,,,,,,,,,,,,,,,,,,,,,,,,,,,,,,,,,,,,,,,,,,,,,,,,,,,,,,,,,,,,,,,,,,,,,,59.1,63.6,70.6,64,50.7,35.6,31.6,19.6,19.1,39.7,50.1,53.4,55.4,65.8,,,,,,,,,,,,,,,,,,,,,,,,,,,,,,,,,,,,,,,,,,,,,,,,,,,,,,,,,,,,,,,,,,,,,,,,,,,,,CUE,O,,2016,6,7,11/19/2003,16.24161074,14.86259448,14.86259448,,,,,,,,,75.1,87.4,81.4,66.6,51.4,37.9,24.7,,,,,,,,,,,,,,,,,,,,,,,,,,,,,,,,,,,,,,,,,,,,,,,,,,,,,,,,,,,,,,,,,,,,,,,,,,,,,,,,,,,,19.6,19.1,39.7,50.1,53.4,55.4,65.8,,,,,,,,,,,,,,,,,,,,,,,,,,,,,,,,,,,,,,,,,,,,,,,,,,,,,,,,,,,,,,,,,,,,,,,,,,,,,424.5,303.1,60.64285714,43.3,115,55,8,8
43,CT,A,N,3,6.6,155,24,20,69,30,1,-67,1.5,0,0,0,30,1610,30,6,104.6,100,86.9,70,56.7,46.9,,,,,,,,,,,,,,,,,,,,,,,,,,,,,,,,,,,,,,,,,,,,,,,,,,,,,,,,,,,,,,,,,,,,,,,,,,,,,,,,,,,,,58.5,45.3,24.8,21.9,34.8,56.6,,,,,,,,,,,,,,,,,,,,,,,,,,,,,,,,,,,,,,,,,,,,,,,,,,,,,,,,,,,,,,,,,,,,,,,,,,,,,,,,,,,,,CUE,O,,2016,1,7,11/19/2003,23.48484849,22.98223035,22.98223035,,,,,,56.7,46.9,,,,,,,,,,,,,,,,,,,,,,,,,,,,,,,,,,,,,,,,,,,,,,,,,,,,,,,,,,,,,,,,,,,,,,,,,,,,,,,,,,,,,,,,,34.8,56.6,,,,,,,,,,,,,,,,,,,,,,,,,,,,,,,,,,,,,,,,,,,,,,,,,,,,,,,,,,,,,,,,,,,,,,,,,,,,,,,,,,,,,103.6,91.4,51.8,45.7,115,55,5,5
44,CT,A,E,4,26.2,605,63,5,44,42,14,-62,1.5,1,0,0,30,1610,30,26,111.1,103.1,89.3,66.3,57.1,44,46.9,56.2,75.5,89.2,78.5,85.9,94.2,113.8,106,102.6,101.7,118.3,112.6,99.3,96.1,96.6,108.1,89.8,62.2,27,,,,,,,,,,,,,,,,,,,,,,,,,,,,,,,,,,,,,,,,,,,,,,,,,,,,,,,,,,,,,,,,,55.2,40.3,21.6,19.7,32.8,53,63.3,59.8,41,20.2,13.2,21.7,29.2,35.6,21.4,17.1,20.8,34.5,28.6,29.2,45.8,52.4,55.3,36.3,36.8,60.5,,,,,,,,,,,,,,,,,,,,,,,,,,,,,,,,,,,,,,,,,,,,,,,,,,,,,,,,,,,,,,,,,CUE,O,,2016,2,7,11/19/2003,23.09160305,22.98223035,22.98223035,,,,,,57.1,44,46.9,56.2,75.5,89.2,78.5,85.9,94.2,113.8,106,102.6,101.7,118.3,112.6,99.3,96.1,96.6,108.1,89.8,62.2,27,,,,,,,,,,,,,,,,,,,,,,,,,,,,,,,,,,,,,,,,,,,,,,,,,,,,,,,,,,,,,,,,,,,,,32.8,53,63.3,59.8,41,20.2,13.2,21.7,29.2,35.6,21.4,17.1,20.8,34.5,28.6,29.2,45.8,52.4,55.3,36.3,36.8,60.5,,,,,,,,,,,,,,,,,,,,,,,,,,,,,,,,,,,,,,,,,,,,,,,,,,,,,,,,,,,,,,,,,1861.6,808.5,84.61818182,36.75,115,55,5,5
45,CT,A,S,4,30.1,663,63,8,59,39,2,-54,1.5,1,0,0,30,1610,30,30,108.3,97.2,76.1,51.5,47.2,60.8,85.7,98.6,88.3,66.1,43.1,23.7,31.9,43.6,65.4,87.9,92.2,96,104.2,91.6,74.6,59.1,64.1,73.7,86.6,91.5,97.9,88.1,94.1,98.4,,,,,,,,,,,,,,,,,,,,,,,,,,,,,,,,,,,,,,,,,,,,,,,,,,,,,,,,,,,,,51.3,57.9,54.5,48.8,39.6,28.6,22.9,17.9,14.8,32.6,47.3,63.5,69.4,69.5,58.2,49.4,31.6,13.7,28.2,36.3,38.2,34.8,22.4,17.3,26.4,30.1,32.3,25.3,35.8,39.8,,,,,,,,,,,,,,,,,,,,,,,,,,,,,,,,,,,,,,,,,,,,,,,,,,,,,,,,,,,,,CUE,O,,2016,3,7,11/19/2003,22.02657807,22.98223035,22.98223035,,,,,,47.2,60.8,85.7,98.6,88.3,66.1,43.1,23.7,31.9,43.6,65.4,87.9,92.2,96,104.2,91.6,74.6,59.1,64.1,73.7,86.6,91.5,97.9,88.1,94.1,98.4,,,,,,,,,,,,,,,,,,,,,,,,,,,,,,,,,,,,,,,,,,,,,,,,,,,,,,,,,,,,,,,,,39.6,28.6,22.9,17.9,14.8,32.6,47.3,63.5,69.4,69.5,58.2,49.4,31.6,13.7,28.2,36.3,38.2,34.8,22.4,17.3,26.4,30.1,32.3,25.3,35.8,39.8,,,,,,,,,,,,,,,,,,,,,,,,,,,,,,,,,,,,,,,,,,,,,,,,,,,,,,,,,,,,,1954.4,925.9,75.16923077,35.61153846,115,55,5,5
46,CT,A,E,3,4.8,116,68,3,42,25,33,-32,1.5,2,0,0,30,1610,30,4,115.7,108.8,86.8,55.2,,,,,,,,,,,,,,,,,,,,,,,,,,,,,,,,,,,,,,,,,,,,,,,,,,,,,,,,,,,,,,,,,,,,,,,,,,,,,,,,,,,,,,,50.2,52.2,50.6,53.7,,,,,,,,,,,,,,,,,,,,,,,,,,,,,,,,,,,,,,,,,,,,,,,,,,,,,,,,,,,,,,,,,,,,,,,,,,,,,,,,,,,,,,,CUE,O,,2016,4,7,11/19/2003,24.16666667,22.98223035,22.98223035,,,,,,,,,,,,,,,,,,,,,,,,,,,,,,,,,,,,,,,,,,,,,,,,,,,,,,,,,,,,,,,,,,,,,,,,,,,,,,,,,,,,,,,,,,,,,,,,,,,,,,,,,,,,,,,,,,,,,,,,,,,,,,,,,,,,,,,,,,,,,,,,,,,,,,,,,,,,,,,,,,,,,,,,,,,,,,,,,,,,,,0,0,0,0,115,55,5,5
47,CT,A,W,2,4.9,109,18,74,68,29,3,-49,1.5,0,0,0,30,1610,30,4,108.3,96.2,81.1,53.2,,,,,,,,,,,,,,,,,,,,,,,,,,,,,,,,,,,,,,,,,,,,,,,,,,,,,,,,,,,,,,,,,,,,,,,,,,,,,,,,,,,,,,,43.1,26.9,19,33.9,,,,,,,,,,,,,,,,,,,,,,,,,,,,,,,,,,,,,,,,,,,,,,,,,,,,,,,,,,,,,,,,,,,,,,,,,,,,,,,,,,,,,,,CUE,O,,2016,5,7,11/19/2003,22.24489796,22.98223035,22.98223035,,,,,,,,,,,,,,,,,,,,,,,,,,,,,,,,,,,,,,,,,,,,,,,,,,,,,,,,,,,,,,,,,,,,,,,,,,,,,,,,,,,,,,,,,,,,,,,,,,,,,,,,,,,,,,,,,,,,,,,,,,,,,,,,,,,,,,,,,,,,,,,,,,,,,,,,,,,,,,,,,,,,,,,,,,,,,,,,,,,,,,0,0,0,0,115,55,5,5
48,CT,A,S,1,6.6,151,0,20,63,27,10,-66,1.5,0,0,0,30,1610,30,6,111.6,104.5,96.4,82,60,34.7,,,,,,,,,,,,,,,,,,,,,,,,,,,,,,,,,,,,,,,,,,,,,,,,,,,,,,,,,,,,,,,,,,,,,,,,,,,,,,,,,,,,,47.2,30.5,11.1,14.3,38.9,60.8,,,,,,,,,,,,,,,,,,,,,,,,,,,,,,,,,,,,,,,,,,,,,,,,,,,,,,,,,,,,,,,,,,,,,,,,,,,,,,,,,,,,,CUE,O,,2016,6,7,11/19/2003,22.87878788,22.98223035,22.98223035,,,,,,60,34.7,,,,,,,,,,,,,,,,,,,,,,,,,,,,,,,,,,,,,,,,,,,,,,,,,,,,,,,,,,,,,,,,,,,,,,,,,,,,,,,,,,,,,,,,,38.9,60.8,,,,,,,,,,,,,,,,,,,,,,,,,,,,,,,,,,,,,,,,,,,,,,,,,,,,,,,,,,,,,,,,,,,,,,,,,,,,,,,,,,,,,94.7,99.7,47.35,49.85,115,55,5,5
49,CT,A,N,3,6.1,151,21,3,71,28,1,-45,1.5,0,0,0,30,1610,31,6,106.7,98.9,81.5,62.5,48.2,18.1,,,,,,,,,,,,,,,,,,,,,,,,,,,,,,,,,,,,,,,,,,,,,,,,,,,,,,,,,,,,,,,,,,,,,,,,,,,,,,,,,,,,,53.1,38.7,21.5,27.1,52.6,78.7,,,,,,,,,,,,,,,,,,,,,,,,,,,,,,,,,,,,,,,,,,,,,,,,,,,,,,,,,,,,,,,,,,,,,,,,,,,,,,,,,,,,,CUE,O,,2016,1,7,11/19/2003,24.75409836,20.45216919,20.45216919,,,,,,,,,,,,,,,,,,,,,,,,,,,,,,,,,,,,,,,,,,,,,,,,,,,,,,,,,,,,,,,,,,,,,,,,,,,,,,,,,,,,,,,,,,,,,,,,,,,,,,,,,,,,,,,,,,,,,,,,,,,,,,,,,,,,,,,,,,,,,,,,,,,,,,,,,,,,,,,,,,,,,,,,,,,,,,,,,,,,,,0,0,0,0,115,55,6,6
50,CT,A,E,4,28.6,688,32,17,62,27,11,-91,1.5,1,0,0,30,1610,31,28,112.6,102.5,70.5,43.1,26.5,34.9,42.4,59.5,74.3,88.1,106.8,115.1,107.6,92.3,72.9,51.2,34.8,30.6,34.5,41.5,59.6,66.7,64.4,66.9,68.8,66.6,48.1,28.7,,,,,,,,,,,,,,,,,,,,,,,,,,,,,,,,,,,,,,,,,,,,,,,,,,,,,,,,,,,,,,,52,28.2,16.3,43.3,67.3,74.7,73.9,62.1,43.5,24.8,23.8,33.5,49,58.5,64.4,68.8,62.1,55.8,53.4,50,34.2,20.7,35.2,65.4,95.9,111.4,108,97,,,,,,,,,,,,,,,,,,,,,,,,,,,,,,,,,,,,,,,,,,,,,,,,,,,,,,,,,,,,,,,CUE,O,,2016,2,7,11/19/2003,24.05594406,20.45216919,20.45216919,,,,,,,34.9,42.4,59.5,74.3,88.1,106.8,115.1,107.6,92.3,72.9,51.2,34.8,30.6,34.5,41.5,59.6,66.7,64.4,66.9,68.8,66.6,48.1,28.7,,,,,,,,,,,,,,,,,,,,,,,,,,,,,,,,,,,,,,,,,,,,,,,,,,,,,,,,,,,,,,,,,,,,74.7,73.9,62.1,43.5,24.8,23.8,33.5,49,58.5,64.4,68.8,62.1,55.8,53.4,50,34.2,20.7,35.2,65.4,95.9,111.4,108,97,,,,,,,,,,,,,,,,,,,,,,,,,,,,,,,,,,,,,,,,,,,,,,,,,,,,,,,,,,,,,,,1456.3,1366.1,63.3173913,59.39565217,115,55,6,6
51,CT,A,S,4,23.2,449,26,14,75,24,1,-8,1.5,1,0,0,30,1610,31,23,99.4,82.1,69.3,66.6,71.7,75.9,65,49.8,39,31.7,33.5,49.7,65.8,79.4,85.6,85.6,85.9,83.1,80.4,68.5,52.6,35.8,17.2,,,,,,,,,,,,,,,,,,,,,,,,,,,,,,,,,,,,,,,,,,,,,,,,,,,,,,,,,,,,,,,,,,,,55.9,48.7,35.8,27.4,21.6,28.8,54.8,59.6,55.6,54.9,52.3,40.8,34,19.7,5.2,25.2,56.6,69.4,83.8,81.7,75.2,72.5,74.8,,,,,,,,,,,,,,,,,,,,,,,,,,,,,,,,,,,,,,,,,,,,,,,,,,,,,,,,,,,,,,,,,,,,CUE,O,,2016,3,7,11/19/2003,19.35344828,20.45216919,20.45216919,,,,,,,75.9,65,49.8,39,31.7,33.5,49.7,65.8,79.4,85.6,85.6,85.9,83.1,80.4,68.5,52.6,35.8,17.2,,,,,,,,,,,,,,,,,,,,,,,,,,,,,,,,,,,,,,,,,,,,,,,,,,,,,,,,,,,,,,,,,,,,,,,,,28.8,54.8,59.6,55.6,54.9,52.3,40.8,34,19.7,5.2,25.2,56.6,69.4,83.8,81.7,75.2,72.5,74.8,,,,,,,,,,,,,,,,,,,,,,,,,,,,,,,,,,,,,,,,,,,,,,,,,,,,,,,,,,,,,,,,,,,,1084.5,944.9,60.25,52.49444444,115,55,6,6
52,CT,A,E,3,10.5,219,65,3,87,6,7,-6,1.5,1,0,0,30,1610,31,10,107.6,78.7,53.3,55.1,59.2,64.1,73.5,71.2,53.5,25.6,,,,,,,,,,,,,,,,,,,,,,,,,,,,,,,,,,,,,,,,,,,,,,,,,,,,,,,,,,,,,,,,,,,,,,,,,,,,,,,,,54.2,43.1,41.4,33.7,30.1,28.8,34.7,50.6,64.2,75,,,,,,,,,,,,,,,,,,,,,,,,,,,,,,,,,,,,,,,,,,,,,,,,,,,,,,,,,,,,,,,,,,,,,,,,,,,,,,,,,CUE,O,,2016,4,7,11/19/2003,20.85714286,20.45216919,20.45216919,,,,,,,64.1,73.5,71.2,53.5,25.6,,,,,,,,,,,,,,,,,,,,,,,,,,,,,,,,,,,,,,,,,,,,,,,,,,,,,,,,,,,,,,,,,,,,,,,,,,,,,,,,,,,,,,28.8,34.7,50.6,64.2,75,,,,,,,,,,,,,,,,,,,,,,,,,,,,,,,,,,,,,,,,,,,,,,,,,,,,,,,,,,,,,,,,,,,,,,,,,,,,,,,,,287.9,253.3,57.58,50.66,115,55,6,6
53,CT,A,W,2,14.2,238,21,19,83,16,1,-20,1.5,0,0,0,30,1610,31,14,102.1,91.8,79.1,58.6,34.8,31.6,47,60.1,65.9,65.6,59.3,51.8,41,23.7,,,,,,,,,,,,,,,,,,,,,,,,,,,,,,,,,,,,,,,,,,,,,,,,,,,,,,,,,,,,,,,,,,,,,,,,,,,,,41.6,32.7,30.5,40.3,67.7,85.3,83.6,73.2,58.6,44.4,37.7,37.1,46.8,64.1,,,,,,,,,,,,,,,,,,,,,,,,,,,,,,,,,,,,,,,,,,,,,,,,,,,,,,,,,,,,,,,,,,,,,,,,,,,,,CUE,O,,2016,5,7,11/19/2003,16.76056338,20.45216919,20.45216919,,,,,,,31.6,47,60.1,65.9,65.6,59.3,51.8,41,23.7,,,,,,,,,,,,,,,,,,,,,,,,,,,,,,,,,,,,,,,,,,,,,,,,,,,,,,,,,,,,,,,,,,,,,,,,,,,,,,,,,,85.3,83.6,73.2,58.6,44.4,37.7,37.1,46.8,64.1,,,,,,,,,,,,,,,,,,,,,,,,,,,,,,,,,,,,,,,,,,,,,,,,,,,,,,,,,,,,,,,,,,,,,,,,,,,,,446,530.8,49.55555556,58.97777778,115,55,6,6
54,CT,A,S,1,17.6,298,54,16,82,17,1,2,1.5,1,0,0,30,1610,31,17,101.2,85,69,56.5,45.1,47.5,58.7,80.1,77.6,69,64.3,49.9,45.8,50.8,52.9,42.8,27.8,,,,,,,,,,,,,,,,,,,,,,,,,,,,,,,,,,,,,,,,,,,,,,,,,,,,,,,,,,,,,,,,,,,,,,,,,,40.2,36.8,44,51.8,52.5,43.8,30.8,21.2,30.4,34.4,34.2,39.7,49.7,71.4,85.4,84.8,84.7,,,,,,,,,,,,,,,,,,,,,,,,,,,,,,,,,,,,,,,,,,,,,,,,,,,,,,,,,,,,,,,,,,,,,,,,,,CUE,O,,2016,6,7,11/19/2003,16.93181818,20.45216919,20.45216919,,,,,,,47.5,58.7,80.1,77.6,69,64.3,49.9,45.8,50.8,52.9,42.8,27.8,,,,,,,,,,,,,,,,,,,,,,,,,,,,,,,,,,,,,,,,,,,,,,,,,,,,,,,,,,,,,,,,,,,,,,,,,,,,,,,43.8,30.8,21.2,30.4,34.4,34.2,39.7,49.7,71.4,85.4,84.8,84.7,,,,,,,,,,,,,,,,,,,,,,,,,,,,,,,,,,,,,,,,,,,,,,,,,,,,,,,,,,,,,,,,,,,,,,,,,,667.2,610.5,55.6,50.875,115,55,6,6
55,CT,A,N,3,5.9,155,25,58,65,34,1,10,1.5,0,0,0,30,1610,34,5,101.5,92.2,73.5,59.1,50.9,,,,,,,,,,,,,,,,,,,,,,,,,,,,,,,,,,,,,,,,,,,,,,,,,,,,,,,,,,,,,,,,,,,,,,,,,,,,,,,,,,,,,,66.3,65,54.2,35.6,44.9,,,,,,,,,,,,,,,,,,,,,,,,,,,,,,,,,,,,,,,,,,,,,,,,,,,,,,,,,,,,,,,,,,,,,,,,,,,,,,,,,,,,,,CUE,O,,2016,1,7,11/19/2003,26.27118644,23.07062884,23.07062884,,,,,,50.9,,,,,,,,,,,,,,,,,,,,,,,,,,,,,,,,,,,,,,,,,,,,,,,,,,,,,,,,,,,,,,,,,,,,,,,,,,,,,,,,,,,,,,,,,,44.9,,,,,,,,,,,,,,,,,,,,,,,,,,,,,,,,,,,,,,,,,,,,,,,,,,,,,,,,,,,,,,,,,,,,,,,,,,,,,,,,,,,,,,50.9,44.9,50.9,44.9,115,55,5,5
56,CT,A,E,4,4.7,108,0,7,45,30,25,45,1.5,0,0,0,30,1610,34,4,113.2,94,71.2,45,,,,,,,,,,,,,,,,,,,,,,,,,,,,,,,,,,,,,,,,,,,,,,,,,,,,,,,,,,,,,,,,,,,,,,,,,,,,,,,,,,,,,,,66.2,63.2,62.3,66.8,,,,,,,,,,,,,,,,,,,,,,,,,,,,,,,,,,,,,,,,,,,,,,,,,,,,,,,,,,,,,,,,,,,,,,,,,,,,,,,,,,,,,,,CUE,O,,2016,2,7,11/19/2003,22.9787234,23.07062884,23.07062884,,,,,,,,,,,,,,,,,,,,,,,,,,,,,,,,,,,,,,,,,,,,,,,,,,,,,,,,,,,,,,,,,,,,,,,,,,,,,,,,,,,,,,,,,,,,,,,,,,,,,,,,,,,,,,,,,,,,,,,,,,,,,,,,,,,,,,,,,,,,,,,,,,,,,,,,,,,,,,,,,,,,,,,,,,,,,,,,,,,,,,0,0,0,0,115,55,5,5
57,CT,A,S,4,8.7,185,46,20,72,18,10,78,1.5,1,0,0,30,1610,34,8,113.4,104.7,90.5,78.3,67.7,58.3,48,34,,,,,,,,,,,,,,,,,,,,,,,,,,,,,,,,,,,,,,,,,,,,,,,,,,,,,,,,,,,,,,,,,,,,,,,,,,,,,,,,,,,47.3,30.4,9.8,18.4,45.4,69.4,85.6,88.2,,,,,,,,,,,,,,,,,,,,,,,,,,,,,,,,,,,,,,,,,,,,,,,,,,,,,,,,,,,,,,,,,,,,,,,,,,,,,,,,,,,CUE,O,,2016,3,7,11/19/2003,21.26436782,23.07062884,23.07062884,,,,,,67.7,58.3,48,34,,,,,,,,,,,,,,,,,,,,,,,,,,,,,,,,,,,,,,,,,,,,,,,,,,,,,,,,,,,,,,,,,,,,,,,,,,,,,,,,,,,,,,,45.4,69.4,85.6,88.2,,,,,,,,,,,,,,,,,,,,,,,,,,,,,,,,,,,,,,,,,,,,,,,,,,,,,,,,,,,,,,,,,,,,,,,,,,,,,,,,,,,208,288.6,52,72.15,115,55,5,5
58,CT,A,E,3,9.3,213,0,52,22,67,11,55,1.5,0,0,0,30,1610,34,9,119.7,108.8,100.4,97,99.6,97,82.9,63.1,40.2,,,,,,,,,,,,,,,,,,,,,,,,,,,,,,,,,,,,,,,,,,,,,,,,,,,,,,,,,,,,,,,,,,,,,,,,,,,,,,,,,,43.4,25,16.4,36.3,60.7,76,79.1,81,80,,,,,,,,,,,,,,,,,,,,,,,,,,,,,,,,,,,,,,,,,,,,,,,,,,,,,,,,,,,,,,,,,,,,,,,,,,,,,,,,,,CUE,O,,2016,4,7,11/19/2003,22.90322581,23.07062884,23.07062884,,,,,,99.6,97,82.9,63.1,40.2,,,,,,,,,,,,,,,,,,,,,,,,,,,,,,,,,,,,,,,,,,,,,,,,,,,,,,,,,,,,,,,,,,,,,,,,,,,,,,,,,,,,,,60.7,76,79.1,81,80,,,,,,,,,,,,,,,,,,,,,,,,,,,,,,,,,,,,,,,,,,,,,,,,,,,,,,,,,,,,,,,,,,,,,,,,,,,,,,,,,,382.8,376.8,76.56,75.36,115,55,5,5
59,CT,A,W,2,5.5,129,37,1,70,29,1,0,1.5,1,0,0,30,1610,34,5,107.9,88.6,63.7,35.6,18,,,,,,,,,,,,,,,,,,,,,,,,,,,,,,,,,,,,,,,,,,,,,,,,,,,,,,,,,,,,,,,,,,,,,,,,,,,,,,,,,,,,,,62.2,53.8,45.6,53.4,69.3,,,,,,,,,,,,,,,,,,,,,,,,,,,,,,,,,,,,,,,,,,,,,,,,,,,,,,,,,,,,,,,,,,,,,,,,,,,,,,,,,,,,,,CUE,O,,2016,5,7,11/19/2003,23.45454546,23.07062884,23.07062884,,,,,,18,,,,,,,,,,,,,,,,,,,,,,,,,,,,,,,,,,,,,,,,,,,,,,,,,,,,,,,,,,,,,,,,,,,,,,,,,,,,,,,,,,,,,,,,,,69.3,,,,,,,,,,,,,,,,,,,,,,,,,,,,,,,,,,,,,,,,,,,,,,,,,,,,,,,,,,,,,,,,,,,,,,,,,,,,,,,,,,,,,,18,69.3,18,69.3,115,55,5,5
60,CT,A,S,1,5.8,125,73,1,38,47,15,39,1.5,0,0,0,30,1610,34,5,104.9,89.6,71.3,47.7,23.4,,,,,,,,,,,,,,,,,,,,,,,,,,,,,,,,,,,,,,,,,,,,,,,,,,,,,,,,,,,,,,,,,,,,,,,,,,,,,,,,,,,,,,62,64.5,71.9,81.2,90.5,,,,,,,,,,,,,,,,,,,,,,,,,,,,,,,,,,,,,,,,,,,,,,,,,,,,,,,,,,,,,,,,,,,,,,,,,,,,,,,,,,,,,,CUE,O,,2016,6,7,11/19/2003,21.55172414,23.07062884,23.07062884,,,,,,23.4,,,,,,,,,,,,,,,,,,,,,,,,,,,,,,,,,,,,,,,,,,,,,,,,,,,,,,,,,,,,,,,,,,,,,,,,,,,,,,,,,,,,,,,,,,90.5,,,,,,,,,,,,,,,,,,,,,,,,,,,,,,,,,,,,,,,,,,,,,,,,,,,,,,,,,,,,,,,,,,,,,,,,,,,,,,,,,,,,,,23.4,90.5,23.4,90.5,115,55,5,5
61,CT,A,N,3,30.1,177,24,25,90,9,1,12,1.5,0,0,0,30,1610,36,30,105.1,99.6,90,84.8,81.2,77.7,74.6,72.1,69.4,67,64.7,62.7,61.2,60.2,59,57.8,56.9,56.7,55.5,55.1,54.9,54.5,54.3,54.5,54.2,54.9,56.5,56.3,58.6,60.8,,,,,,,,,,,,,,,,,,,,,,,,,,,,,,,,,,,,,,,,,,,,,,,,,,,,,,,,,,,,,61.6,57.9,58,50.5,45.4,41.5,38.7,36.3,35.1,34.1,33.8,33.8,32.7,32,32.1,32.4,32.6,32.3,33.2,33.5,33.8,34.3,34.9,35.1,35.8,35.8,35.3,36,35.1,34.8,,,,,,,,,,,,,,,,,,,,,,,,,,,,,,,,,,,,,,,,,,,,,,,,,,,,,,,,,,,,,CUE,O,,2016,1,7,11/19/2003,5.880398671,13.74633363,13.74633363,,,,,,,,,72.1,69.4,67,64.7,62.7,61.2,60.2,59,57.8,56.9,56.7,55.5,55.1,54.9,54.5,54.3,54.5,54.2,54.9,56.5,56.3,58.6,60.8,,,,,,,,,,,,,,,,,,,,,,,,,,,,,,,,,,,,,,,,,,,,,,,,,,,,,,,,,,,,,,,,,,,,36.3,35.1,34.1,33.8,33.8,32.7,32,32.1,32.4,32.6,32.3,33.2,33.5,33.8,34.3,34.9,35.1,35.8,35.8,35.3,36,35.1,34.8,,,,,,,,,,,,,,,,,,,,,,,,,,,,,,,,,,,,,,,,,,,,,,,,,,,,,,,,,,,,,1357.8,784.8,59.03478261,34.12173913,115,55,8,8
62,CT,A,E,4,26.9,486,23,27,86,8,6,40,1.5,1,1,0,30,1610,36,26,111.7,95.6,95.3,80.9,71.5,70.3,74.1,73.7,57.7,41.2,30.5,27,24.4,23.6,24.2,20.9,34.5,41.4,57,71.6,68.2,60.7,48.4,46.7,35.7,22.8,,,,,,,,,,,,,,,,,,,,,,,,,,,,,,,,,,,,,,,,,,,,,,,,,,,,,,,,,,,,,,,,,67.1,62.6,63.8,49.8,33.2,18.3,12.3,13,28.6,46.4,59,65.6,72.8,79,82.4,81.9,83.2,66.3,34.1,20.7,32.7,45.6,57.8,62.3,65.8,67.3,,,,,,,,,,,,,,,,,,,,,,,,,,,,,,,,,,,,,,,,,,,,,,,,,,,,,,,,,,,,,,,,,CUE,O,,2016,2,7,11/19/2003,18.0669145,13.74633363,13.74633363,,,,,,,,,73.7,57.7,41.2,30.5,27,24.4,23.6,24.2,20.9,34.5,41.4,57,71.6,68.2,60.7,48.4,46.7,35.7,22.8,,,,,,,,,,,,,,,,,,,,,,,,,,,,,,,,,,,,,,,,,,,,,,,,,,,,,,,,,,,,,,,,,,,,,,,,13,28.6,46.4,59,65.6,72.8,79,82.4,81.9,83.2,66.3,34.1,20.7,32.7,45.6,57.8,62.3,65.8,67.3,,,,,,,,,,,,,,,,,,,,,,,,,,,,,,,,,,,,,,,,,,,,,,,,,,,,,,,,,,,,,,,,,810.2,1064.5,42.64210526,56.02631579,115,55,8,8
63,CT,A,S,4,30.1,433,52,4,69,29,2,54,1.5,0,0,0,30,1610,36,30,110.7,98.7,83.1,78.7,74.4,79.1,81.1,86.3,80.4,68.7,59.3,57.3,49.2,56,70.6,60.7,53.4,56.4,48.4,44.7,48.5,60,69.6,75.3,79,82.1,84.3,86,86.9,87.3,,,,,,,,,,,,,,,,,,,,,,,,,,,,,,,,,,,,,,,,,,,,,,,,,,,,,,,,,,,,,41.6,27.1,25.1,23.6,31.2,37.4,41.2,33.9,19.4,18.4,26.8,28.5,38,36.3,15.8,25.5,32.4,31,37.6,46.9,59.6,67.6,65.6,63.1,60.6,56.9,52.1,48.3,45.7,45.7,,,,,,,,,,,,,,,,,,,,,,,,,,,,,,,,,,,,,,,,,,,,,,,,,,,,,,,,,,,,,CUE,O,,2016,3,7,11/19/2003,14.38538206,13.74633363,13.74633363,,,,,,,,,86.3,80.4,68.7,59.3,57.3,49.2,56,70.6,60.7,53.4,56.4,48.4,44.7,48.5,60,69.6,75.3,79,82.1,84.3,86,86.9,87.3,,,,,,,,,,,,,,,,,,,,,,,,,,,,,,,,,,,,,,,,,,,,,,,,,,,,,,,,,,,,,,,,,,,,33.9,19.4,18.4,26.8,28.5,38,36.3,15.8,25.5,32.4,31,37.6,46.9,59.6,67.6,65.6,63.1,60.6,56.9,52.1,48.3,45.7,45.7,,,,,,,,,,,,,,,,,,,,,,,,,,,,,,,,,,,,,,,,,,,,,,,,,,,,,,,,,,,,,1550.4,955.7,67.40869565,41.55217391,115,55,8,8
64,CT,A,E,3,30.1,404,34,8,89,7,4,55,1.5,1,0,0,30,1610,36,30,117.1,110.2,104.6,85.9,64.5,54.3,50.3,59.3,64.1,58.7,53.3,53.7,41.4,29.9,24.9,22.2,26.1,42.2,60.5,71.8,69.9,75.6,71.7,62.2,56.5,53.7,51.6,49.9,49.2,48.6,,,,,,,,,,,,,,,,,,,,,,,,,,,,,,,,,,,,,,,,,,,,,,,,,,,,,,,,,,,,,40.6,30.1,24.5,14.4,28,41.8,50,49.2,37.2,31.5,37.8,40.4,55,63.6,65.5,67.8,63.8,48.7,31.3,18,19.1,13.2,17.8,27.3,32.4,35,37.5,39.5,40.8,42.2,,,,,,,,,,,,,,,,,,,,,,,,,,,,,,,,,,,,,,,,,,,,,,,,,,,,,,,,,,,,,CUE,O,,2016,4,7,11/19/2003,13.42192691,13.74633363,13.74633363,,,,,,,,,59.3,64.1,58.7,53.3,53.7,41.4,29.9,24.9,22.2,26.1,42.2,60.5,71.8,69.9,75.6,71.7,62.2,56.5,53.7,51.6,49.9,49.2,48.6,,,,,,,,,,,,,,,,,,,,,,,,,,,,,,,,,,,,,,,,,,,,,,,,,,,,,,,,,,,,,,,,,,,,49.2,37.2,31.5,37.8,40.4,55,63.6,65.5,67.8,63.8,48.7,31.3,18,19.1,13.2,17.8,27.3,32.4,35,37.5,39.5,40.8,42.2,,,,,,,,,,,,,,,,,,,,,,,,,,,,,,,,,,,,,,,,,,,,,,,,,,,,,,,,,,,,,1197,914.6,52.04347826,39.76521739,115,55,8,8
65,CT,A,W,2,21.6,262,11,1,74,25,1,-3,1.5,0,0,0,30,1610,36,21,110,105.3,87.2,61.2,58.7,60.5,57.5,60.4,57.2,56.5,55.8,55.8,56,58,61.1,59.2,54.9,50.1,50.7,38.6,23.8,,,,,,,,,,,,,,,,,,,,,,,,,,,,,,,,,,,,,,,,,,,,,,,,,,,,,,,,,,,,,,,,,,,,,,57.7,57.3,51.4,43.5,35.5,36.3,36.5,41.4,46.9,49.5,54.1,58.3,62.4,60.7,64.1,70,74.6,79.9,85,93.2,92.6,,,,,,,,,,,,,,,,,,,,,,,,,,,,,,,,,,,,,,,,,,,,,,,,,,,,,,,,,,,,,,,,,,,,,,CUE,O,,2016,5,7,11/19/2003,12.12962963,13.74633363,13.74633363,,,,,,,,,60.4,57.2,56.5,55.8,55.8,56,58,61.1,59.2,54.9,50.1,50.7,38.6,23.8,,,,,,,,,,,,,,,,,,,,,,,,,,,,,,,,,,,,,,,,,,,,,,,,,,,,,,,,,,,,,,,,,,,,,,,,,,,,,41.4,46.9,49.5,54.1,58.3,62.4,60.7,64.1,70,74.6,79.9,85,93.2,92.6,,,,,,,,,,,,,,,,,,,,,,,,,,,,,,,,,,,,,,,,,,,,,,,,,,,,,,,,,,,,,,,,,,,,,,738.1,932.7,52.72142857,66.62142857,115,55,8,8
66,CT,A,S,1,6.4,119,79,2,47,47,6,76,1.5,1,0,0,30,1610,36,6,103.7,92.9,78.2,58.8,38.7,18.6,,,,,,,,,,,,,,,,,,,,,,,,,,,,,,,,,,,,,,,,,,,,,,,,,,,,,,,,,,,,,,,,,,,,,,,,,,,,,,,,,,,,,56.7,67.8,68.1,67.8,67.5,72.7,,,,,,,,,,,,,,,,,,,,,,,,,,,,,,,,,,,,,,,,,,,,,,,,,,,,,,,,,,,,,,,,,,,,,,,,,,,,,,,,,,,,,CUE,O,,2016,6,7,11/19/2003,18.59375,13.74633363,13.74633363,,,,,,,,,,,,,,,,,,,,,,,,,,,,,,,,,,,,,,,,,,,,,,,,,,,,,,,,,,,,,,,,,,,,,,,,,,,,,,,,,,,,,,,,,,,,,,,,,,,,,,,,,,,,,,,,,,,,,,,,,,,,,,,,,,,,,,,,,,,,,,,,,,,,,,,,,,,,,,,,,,,,,,,,,,,,,,,,,,,,,,0,0,0,0,115,55,8,6
73,CT,A,N,3,18.6,385,41,31,86,13,1,30,1.5,1,1,0,30,1610,38,18,103.6,93.9,76.3,53.5,40.8,27.8,26,40.4,61.2,66.9,74.3,51.4,43,58.4,70.8,69.9,65.2,44.3,,,,,,,,,,,,,,,,,,,,,,,,,,,,,,,,,,,,,,,,,,,,,,,,,,,,,,,,,,,,,,,,,,,,,,,,,66.8,66.5,64.3,55.4,49.2,65.3,64.1,54.5,44.3,44,49.1,55.6,49.6,32.2,19.9,26.8,32.6,49.4,,,,,,,,,,,,,,,,,,,,,,,,,,,,,,,,,,,,,,,,,,,,,,,,,,,,,,,,,,,,,,,,,,,,,,,,,CUE,O,,2016,1,7,11/19/2003,20.69892473,19.53339888,19.53339888,,,,,,,27.8,26,40.4,61.2,66.9,74.3,51.4,43,58.4,70.8,69.9,65.2,44.3,,,,,,,,,,,,,,,,,,,,,,,,,,,,,,,,,,,,,,,,,,,,,,,,,,,,,,,,,,,,,,,,,,,,,,,,,,,,,,65.3,64.1,54.5,44.3,44,49.1,55.6,49.6,32.2,19.9,26.8,32.6,49.4,,,,,,,,,,,,,,,,,,,,,,,,,,,,,,,,,,,,,,,,,,,,,,,,,,,,,,,,,,,,,,,,,,,,,,,,,699.6,587.4,53.81538462,45.18461539,115,55,6,6
74,CT,A,E,4,5.9,117,0,19,51,24,25,34,1.5,0,0,0,30,1610,38,5,112.8,99.7,84.1,61.8,37.2,,,,,,,,,,,,,,,,,,,,,,,,,,,,,,,,,,,,,,,,,,,,,,,,,,,,,,,,,,,,,,,,,,,,,,,,,,,,,,,,,,,,,,60.7,60,55.3,50,54.4,,,,,,,,,,,,,,,,,,,,,,,,,,,,,,,,,,,,,,,,,,,,,,,,,,,,,,,,,,,,,,,,,,,,,,,,,,,,,,,,,,,,,,CUE,O,,2016,2,7,11/19/2003,19.83050848,19.53339888,19.53339888,,,,,,,,,,,,,,,,,,,,,,,,,,,,,,,,,,,,,,,,,,,,,,,,,,,,,,,,,,,,,,,,,,,,,,,,,,,,,,,,,,,,,,,,,,,,,,,,,,,,,,,,,,,,,,,,,,,,,,,,,,,,,,,,,,,,,,,,,,,,,,,,,,,,,,,,,,,,,,,,,,,,,,,,,,,,,,,,,,,,,,0,0,0,0,115,55,6,6
75,CT,A,S,4,11,199,50,4,71,20,9,86,1.5,1,0,0,30,1610,38,10,111.2,109.4,100.6,86.9,66.5,48.7,50.4,58.9,52.6,48.7,,,,,,,,,,,,,,,,,,,,,,,,,,,,,,,,,,,,,,,,,,,,,,,,,,,,,,,,,,,,,,,,,,,,,,,,,,,,,,,,,51.7,42.4,25.8,8.5,19.3,38.2,43.5,53.8,67,67.8,,,,,,,,,,,,,,,,,,,,,,,,,,,,,,,,,,,,,,,,,,,,,,,,,,,,,,,,,,,,,,,,,,,,,,,,,,,,,,,,,CUE,O,,2016,3,7,11/19/2003,18.09090909,19.53339888,19.53339888,,,,,,,48.7,50.4,58.9,52.6,48.7,,,,,,,,,,,,,,,,,,,,,,,,,,,,,,,,,,,,,,,,,,,,,,,,,,,,,,,,,,,,,,,,,,,,,,,,,,,,,,,,,,,,,,38.2,43.5,53.8,67,67.8,,,,,,,,,,,,,,,,,,,,,,,,,,,,,,,,,,,,,,,,,,,,,,,,,,,,,,,,,,,,,,,,,,,,,,,,,,,,,,,,,259.3,270.3,51.86,54.06,115,55,6,6
76,CT,A,E,3,6.1,121,1,3,65,25,10,38,1.5,0,0,0,30,1610,38,6,116,102.6,90.6,78.9,54.6,31.5,,,,,,,,,,,,,,,,,,,,,,,,,,,,,,,,,,,,,,,,,,,,,,,,,,,,,,,,,,,,,,,,,,,,,,,,,,,,,,,,,,,,,41.5,24.3,9.9,11.9,34.2,57.8,,,,,,,,,,,,,,,,,,,,,,,,,,,,,,,,,,,,,,,,,,,,,,,,,,,,,,,,,,,,,,,,,,,,,,,,,,,,,,,,,,,,,CUE,O,,2016,4,7,11/19/2003,19.83606557,19.53339888,19.53339888,,,,,,,,,,,,,,,,,,,,,,,,,,,,,,,,,,,,,,,,,,,,,,,,,,,,,,,,,,,,,,,,,,,,,,,,,,,,,,,,,,,,,,,,,,,,,,,,,,,,,,,,,,,,,,,,,,,,,,,,,,,,,,,,,,,,,,,,,,,,,,,,,,,,,,,,,,,,,,,,,,,,,,,,,,,,,,,,,,,,,,0,0,0,0,115,55,6,6
77,CT,A,W,2,4.9,103,16,1,50,50,0,14,1.5,0,0,0,30,1610,38,4,108.3,100.4,79.9,50.5,,,,,,,,,,,,,,,,,,,,,,,,,,,,,,,,,,,,,,,,,,,,,,,,,,,,,,,,,,,,,,,,,,,,,,,,,,,,,,,,,,,,,,,60.4,57.7,53.7,56.3,,,,,,,,,,,,,,,,,,,,,,,,,,,,,,,,,,,,,,,,,,,,,,,,,,,,,,,,,,,,,,,,,,,,,,,,,,,,,,,,,,,,,,,CUE,O,,2016,5,7,11/19/2003,21.02040816,19.53339888,19.53339888,,,,,,,,,,,,,,,,,,,,,,,,,,,,,,,,,,,,,,,,,,,,,,,,,,,,,,,,,,,,,,,,,,,,,,,,,,,,,,,,,,,,,,,,,,,,,,,,,,,,,,,,,,,,,,,,,,,,,,,,,,,,,,,,,,,,,,,,,,,,,,,,,,,,,,,,,,,,,,,,,,,,,,,,,,,,,,,,,,,,,,0,0,0,0,115,55,6,5
78,CT,A,S,1,24.6,436,40,11,86,13,1,41,1.5,1,0,0,30,1610,38,24,102.5,86.8,70.5,55.7,51.5,54.3,62.2,69.6,77.9,93.8,102.5,92.9,79.1,65.6,50.5,54.3,68.6,87.7,92.7,86.6,77.4,67.3,52.8,36.3,,,,,,,,,,,,,,,,,,,,,,,,,,,,,,,,,,,,,,,,,,,,,,,,,,,,,,,,,,,,,,,,,,,57.2,57.1,55,60.2,62.7,65.9,45.1,27.4,15.4,12.6,15.9,16.8,23.2,30.5,38.7,37.9,34.9,31.2,18,6.2,16.9,38.2,54.2,68.4,,,,,,,,,,,,,,,,,,,,,,,,,,,,,,,,,,,,,,,,,,,,,,,,,,,,,,,,,,,,,,,,,,,CUE,O,,2016,6,7,11/19/2003,17.72357724,19.53339888,19.53339888,,,,,,,54.3,62.2,69.6,77.9,93.8,102.5,92.9,79.1,65.6,50.5,54.3,68.6,87.7,92.7,86.6,77.4,67.3,52.8,36.3,,,,,,,,,,,,,,,,,,,,,,,,,,,,,,,,,,,,,,,,,,,,,,,,,,,,,,,,,,,,,,,,,,,,,,,,65.9,45.1,27.4,15.4,12.6,15.9,16.8,23.2,30.5,38.7,37.9,34.9,31.2,18,6.2,16.9,38.2,54.2,68.4,,,,,,,,,,,,,,,,,,,,,,,,,,,,,,,,,,,,,,,,,,,,,,,,,,,,,,,,,,,,,,,,,,,1372.1,597.4,72.21578947,31.44210526,115,55,6,6
79,CT,A,N,3,5.9,101,0,95,39,60,1,26,1.5,0,1,0,30,1610,39,5,107.1,101.5,92.8,76.6,56,,,,,,,,,,,,,,,,,,,,,,,,,,,,,,,,,,,,,,,,,,,,,,,,,,,,,,,,,,,,,,,,,,,,,,,,,,,,,,,,,,,,,,66.4,62.6,66.1,69,71.7,,,,,,,,,,,,,,,,,,,,,,,,,,,,,,,,,,,,,,,,,,,,,,,,,,,,,,,,,,,,,,,,,,,,,,,,,,,,,,,,,,,,,,CUE,O,,2016,1,7,11/19/2003,17.11864407,18.09938893,18.09938893,,,,,,,,,,,,,,,,,,,,,,,,,,,,,,,,,,,,,,,,,,,,,,,,,,,,,,,,,,,,,,,,,,,,,,,,,,,,,,,,,,,,,,,,,,,,,,,,,,,,,,,,,,,,,,,,,,,,,,,,,,,,,,,,,,,,,,,,,,,,,,,,,,,,,,,,,,,,,,,,,,,,,,,,,,,,,,,,,,,,,,0,0,0,0,115,55,6,6
80,CT,A,E,4,6.5,124,0,10,18,56,26,42,1.5,0,0,0,30,1610,39,6,116.5,103,89.4,73.1,57.6,45,,,,,,,,,,,,,,,,,,,,,,,,,,,,,,,,,,,,,,,,,,,,,,,,,,,,,,,,,,,,,,,,,,,,,,,,,,,,,,,,,,,,,66.2,67.9,73.9,79.3,85.3,87.2,,,,,,,,,,,,,,,,,,,,,,,,,,,,,,,,,,,,,,,,,,,,,,,,,,,,,,,,,,,,,,,,,,,,,,,,,,,,,,,,,,,,,CUE,O,,2016,2,7,11/19/2003,19.07692308,18.09938893,18.09938893,,,,,,,45,,,,,,,,,,,,,,,,,,,,,,,,,,,,,,,,,,,,,,,,,,,,,,,,,,,,,,,,,,,,,,,,,,,,,,,,,,,,,,,,,,,,,,,,,,87.2,,,,,,,,,,,,,,,,,,,,,,,,,,,,,,,,,,,,,,,,,,,,,,,,,,,,,,,,,,,,,,,,,,,,,,,,,,,,,,,,,,,,,45,87.2,45,87.2,115,55,6,6
81,CT,A,S,4,8.2,176,65,12,45,37,18,100,1.5,0,0,0,30,1610,39,8,114.3,114.7,113.6,104,89.5,70.3,49.6,24.9,,,,,,,,,,,,,,,,,,,,,,,,,,,,,,,,,,,,,,,,,,,,,,,,,,,,,,,,,,,,,,,,,,,,,,,,,,,,,,,,,,,48.1,34.4,28.5,24.2,26.2,33.1,46,63.3,,,,,,,,,,,,,,,,,,,,,,,,,,,,,,,,,,,,,,,,,,,,,,,,,,,,,,,,,,,,,,,,,,,,,,,,,,,,,,,,,,,CUE,O,,2016,3,7,11/19/2003,21.46341463,18.09938893,18.09938893,,,,,,,70.3,49.6,24.9,,,,,,,,,,,,,,,,,,,,,,,,,,,,,,,,,,,,,,,,,,,,,,,,,,,,,,,,,,,,,,,,,,,,,,,,,,,,,,,,,,,,,,,,33.1,46,63.3,,,,,,,,,,,,,,,,,,,,,,,,,,,,,,,,,,,,,,,,,,,,,,,,,,,,,,,,,,,,,,,,,,,,,,,,,,,,,,,,,,,144.8,142.4,48.26666667,47.46666667,115,55,6,6
82,CT,A,E,3,12.7,212,0,36,23,53,24,65,1.5,0,1,0,30,1610,39,12,122,118.3,120.1,118.2,117.5,114.1,109.3,100.8,92.9,85.3,69.5,49.1,,,,,,,,,,,,,,,,,,,,,,,,,,,,,,,,,,,,,,,,,,,,,,,,,,,,,,,,,,,,,,,,,,,,,,,,,,,,,,,46.9,34.9,31.8,31.1,35.7,38.9,42.5,48.3,54.8,61.3,68.2,74.8,,,,,,,,,,,,,,,,,,,,,,,,,,,,,,,,,,,,,,,,,,,,,,,,,,,,,,,,,,,,,,,,,,,,,,,,,,,,,,,CUE,O,,2016,4,7,11/19/2003,16.69291339,18.09938893,18.09938893,,,,,,,114.1,109.3,100.8,92.9,85.3,69.5,49.1,,,,,,,,,,,,,,,,,,,,,,,,,,,,,,,,,,,,,,,,,,,,,,,,,,,,,,,,,,,,,,,,,,,,,,,,,,,,,,,,,,,,38.9,42.5,48.3,54.8,61.3,68.2,74.8,,,,,,,,,,,,,,,,,,,,,,,,,,,,,,,,,,,,,,,,,,,,,,,,,,,,,,,,,,,,,,,,,,,,,,,,,,,,,,,621,388.8,88.71428571,55.54285714,115,55,6,6
83,CT,A,W,2,7.6,149,34,1,0,100,0,62,1.5,0,0,0,30,1610,39,7,106.6,99.5,91.5,75.9,57.3,36.3,17.9,,,,,,,,,,,,,,,,,,,,,,,,,,,,,,,,,,,,,,,,,,,,,,,,,,,,,,,,,,,,,,,,,,,,,,,,,,,,,,,,,,,,63.8,70.9,78.5,85.9,91.8,97.7,99.4,,,,,,,,,,,,,,,,,,,,,,,,,,,,,,,,,,,,,,,,,,,,,,,,,,,,,,,,,,,,,,,,,,,,,,,,,,,,,,,,,,,,CUE,O,,2016,5,7,11/19/2003,19.60526316,18.09938893,18.09938893,,,,,,,36.3,17.9,,,,,,,,,,,,,,,,,,,,,,,,,,,,,,,,,,,,,,,,,,,,,,,,,,,,,,,,,,,,,,,,,,,,,,,,,,,,,,,,,,,,,,,,,97.7,99.4,,,,,,,,,,,,,,,,,,,,,,,,,,,,,,,,,,,,,,,,,,,,,,,,,,,,,,,,,,,,,,,,,,,,,,,,,,,,,,,,,,,,54.2,197.1,27.1,98.55,115,55,6,6
84,CT,A,S,1,9.7,142,81,2,13,57,30,65,1.5,0,0,0,30,1610,39,9,109.7,100.9,90.1,81.1,70.3,58.4,47.8,37.2,24.6,,,,,,,,,,,,,,,,,,,,,,,,,,,,,,,,,,,,,,,,,,,,,,,,,,,,,,,,,,,,,,,,,,,,,,,,,,,,,,,,,,62.5,70.8,79.3,85.6,90.4,94.7,97.2,94.9,91.2,,,,,,,,,,,,,,,,,,,,,,,,,,,,,,,,,,,,,,,,,,,,,,,,,,,,,,,,,,,,,,,,,,,,,,,,,,,,,,,,,,CUE,O,,2016,6,7,11/19/2003,14.63917526,18.09938893,18.09938893,,,,,,,58.4,47.8,37.2,24.6,,,,,,,,,,,,,,,,,,,,,,,,,,,,,,,,,,,,,,,,,,,,,,,,,,,,,,,,,,,,,,,,,,,,,,,,,,,,,,,,,,,,,,,94.7,97.2,94.9,91.2,,,,,,,,,,,,,,,,,,,,,,,,,,,,,,,,,,,,,,,,,,,,,,,,,,,,,,,,,,,,,,,,,,,,,,,,,,,,,,,,,,168,378,42,94.5,115,55,6,6
85,CT,A,N,3,23.9,623,14,27,12,67,21,-85,1.5,0,0,0,30,1610,40,23,109.9,114.3,117.9,115.4,104.6,91.5,74.7,48.2,34.9,32.9,41,54.1,67,78.6,91.4,107.8,121.4,121.4,117.4,108.1,95.6,75,52.5,,,,,,,,,,,,,,,,,,,,,,,,,,,,,,,,,,,,,,,,,,,,,,,,,,,,,,,,,,,,,,,,,,,,47.4,33.7,31.2,43.2,59.5,75.6,92.9,107.6,117.8,120.1,115.8,106.5,90.9,71.1,51.6,40.1,40.4,40.3,42.8,43.8,46.9,49.3,51.5,,,,,,,,,,,,,,,,,,,,,,,,,,,,,,,,,,,,,,,,,,,,,,,,,,,,,,,,,,,,,,,,,,,,CUE,O,,2016,1,7,11/19/2003,26.06694561,20.05239355,20.05239355,,,,,,,91.5,74.7,48.2,34.9,32.9,41,54.1,67,78.6,91.4,107.8,121.4,121.4,117.4,108.1,95.6,75,52.5,,,,,,,,,,,,,,,,,,,,,,,,,,,,,,,,,,,,,,,,,,,,,,,,,,,,,,,,,,,,,,,,,,,,,,,,,75.6,92.9,107.6,117.8,120.1,115.8,106.5,90.9,71.1,51.6,40.1,40.4,40.3,42.8,43.8,46.9,49.3,51.5,,,,,,,,,,,,,,,,,,,,,,,,,,,,,,,,,,,,,,,,,,,,,,,,,,,,,,,,,,,,,,,,,,,,1413.5,1305,78.52777778,72.5,115,55,6,6
86,CT,A,E,4,10.5,251,39,13,23,61,16,-68,1.5,0,1,0,30,1610,40,10,110,109.3,104.5,101.9,105.2,102.1,91.5,71.4,48.6,24.9,,,,,,,,,,,,,,,,,,,,,,,,,,,,,,,,,,,,,,,,,,,,,,,,,,,,,,,,,,,,,,,,,,,,,,,,,,,,,,,,,57,50.3,32.1,17.7,30.8,55.7,71.1,77.7,81.6,88.5,,,,,,,,,,,,,,,,,,,,,,,,,,,,,,,,,,,,,,,,,,,,,,,,,,,,,,,,,,,,,,,,,,,,,,,,,,,,,,,,,CUE,O,,2016,2,7,11/19/2003,23.90476191,20.05239355,20.05239355,,,,,,,102.1,91.5,71.4,48.6,24.9,,,,,,,,,,,,,,,,,,,,,,,,,,,,,,,,,,,,,,,,,,,,,,,,,,,,,,,,,,,,,,,,,,,,,,,,,,,,,,,,,,,,,,55.7,71.1,77.7,81.6,88.5,,,,,,,,,,,,,,,,,,,,,,,,,,,,,,,,,,,,,,,,,,,,,,,,,,,,,,,,,,,,,,,,,,,,,,,,,,,,,,,,,338.5,374.6,67.7,74.92,115,55,6,6
87,CT,A,S,4,9.9,169,66,18,58,17,25,60,1.5,1,0,0,30,1610,40,9,109.9,109.8,108.8,98.9,87,73.4,58.5,41.8,24,,,,,,,,,,,,,,,,,,,,,,,,,,,,,,,,,,,,,,,,,,,,,,,,,,,,,,,,,,,,,,,,,,,,,,,,,,,,,,,,,,53.6,54.1,45.5,30.2,14,13,32.8,54.8,74.2,,,,,,,,,,,,,,,,,,,,,,,,,,,,,,,,,,,,,,,,,,,,,,,,,,,,,,,,,,,,,,,,,,,,,,,,,,,,,,,,,,CUE,O,,2016,3,7,11/19/2003,17.07070707,20.05239355,20.05239355,,,,,,,73.4,58.5,41.8,24,,,,,,,,,,,,,,,,,,,,,,,,,,,,,,,,,,,,,,,,,,,,,,,,,,,,,,,,,,,,,,,,,,,,,,,,,,,,,,,,,,,,,,,13,32.8,54.8,74.2,,,,,,,,,,,,,,,,,,,,,,,,,,,,,,,,,,,,,,,,,,,,,,,,,,,,,,,,,,,,,,,,,,,,,,,,,,,,,,,,,,197.7,174.8,49.425,43.7,115,55,6,6
88,CT,A,E,3,30.1,584,28,22,17,73,10,-28,1.5,1,0,0,30,1610,40,30,117.1,114.6,114.3,100.8,81.7,63.2,37.8,19.4,13,24,41.3,54.3,62.4,67.5,74.4,83.4,85.8,90.8,95.8,101.4,103.9,99,94.7,91.8,82.2,69.7,51,37.1,28.3,18.4,,,,,,,,,,,,,,,,,,,,,,,,,,,,,,,,,,,,,,,,,,,,,,,,,,,,,,,,,,,,,48.6,43.7,49.1,50,52.9,66.3,84.3,99.4,100.6,103,108.9,109.9,103.5,90.7,75.3,61.7,55.6,37.3,23.5,15.5,18.1,27.5,43.2,59.3,71.7,86.4,97.7,102.9,107.5,105.9,,,,,,,,,,,,,,,,,,,,,,,,,,,,,,,,,,,,,,,,,,,,,,,,,,,,,,,,,,,,,CUE,O,,2016,4,7,11/19/2003,19.40199336,20.05239355,20.05239355,,,,,,,63.2,37.8,19.4,13,24,41.3,54.3,62.4,67.5,74.4,83.4,85.8,90.8,95.8,101.4,103.9,99,94.7,91.8,82.2,69.7,51,37.1,28.3,18.4,,,,,,,,,,,,,,,,,,,,,,,,,,,,,,,,,,,,,,,,,,,,,,,,,,,,,,,,,,,,,,,,,,66.3,84.3,99.4,100.6,103,108.9,109.9,103.5,90.7,75.3,61.7,55.6,37.3,23.5,15.5,18.1,27.5,43.2,59.3,71.7,86.4,97.7,102.9,107.5,105.9,,,,,,,,,,,,,,,,,,,,,,,,,,,,,,,,,,,,,,,,,,,,,,,,,,,,,,,,,,,,,1590.6,1855.7,63.624,74.228,115,55,6,6
89,CT,A,W,2,30.1,498,19,17,65,34,1,26,1.5,0,1,0,30,1610,40,30,112.8,111.7,108,95.8,71.5,50.5,28.4,15.5,26.3,41.9,43.4,43.3,42.1,35,31,33.1,44.6,59.1,79.5,79.4,72.3,61.3,53.4,50.5,58.6,71.5,82,84.2,87.1,81.2,,,,,,,,,,,,,,,,,,,,,,,,,,,,,,,,,,,,,,,,,,,,,,,,,,,,,,,,,,,,,55.9,54.6,57,54.4,45.4,46.5,58.6,72,98.1,104,95.3,86.4,79.5,64.7,56.7,58.9,68.1,79.5,82.6,74,61.4,47.7,38.7,35.8,33.6,32.4,27.9,27.3,17.7,7.7,,,,,,,,,,,,,,,,,,,,,,,,,,,,,,,,,,,,,,,,,,,,,,,,,,,,,,,,,,,,,CUE,O,,2016,5,7,11/19/2003,16.5448505,20.05239355,20.05239355,,,,,,,50.5,28.4,15.5,26.3,41.9,43.4,43.3,42.1,35,31,33.1,44.6,59.1,79.5,79.4,72.3,61.3,53.4,50.5,58.6,71.5,82,84.2,87.1,81.2,,,,,,,,,,,,,,,,,,,,,,,,,,,,,,,,,,,,,,,,,,,,,,,,,,,,,,,,,,,,,,,,,,46.5,58.6,72,98.1,104,95.3,86.4,79.5,64.7,56.7,58.9,68.1,79.5,82.6,74,61.4,47.7,38.7,35.8,33.6,32.4,27.9,27.3,17.7,7.7,,,,,,,,,,,,,,,,,,,,,,,,,,,,,,,,,,,,,,,,,,,,,,,,,,,,,,,,,,,,,1355.2,1455.1,54.208,58.204,115,55,6,6
90,CT,A,S,1,24.3,421,20,15,33,52,15,-39,1.5,1,0,0,30,1610,40,24,112,108.1,98.7,85.7,72,63.6,70.4,75.8,87.7,104.4,115.7,121.6,124.5,121.8,107.2,92.8,76.9,63.9,54.7,51.3,46.2,37.8,24.4,15.7,,,,,,,,,,,,,,,,,,,,,,,,,,,,,,,,,,,,,,,,,,,,,,,,,,,,,,,,,,,,,,,,,,,53.7,46.2,35.3,23.6,19.1,29.3,39.8,43.5,42.7,43.6,40.8,36.4,36.3,34.2,31.8,41.2,51.6,65.2,80.4,98.8,110,113.2,108.6,104.1,,,,,,,,,,,,,,,,,,,,,,,,,,,,,,,,,,,,,,,,,,,,,,,,,,,,,,,,,,,,,,,,,,,CUE,O,,2016,6,7,11/19/2003,17.32510288,20.05239355,20.05239355,,,,,,,63.6,70.4,75.8,87.7,104.4,115.7,121.6,124.5,121.8,107.2,92.8,76.9,63.9,54.7,51.3,46.2,37.8,24.4,15.7,,,,,,,,,,,,,,,,,,,,,,,,,,,,,,,,,,,,,,,,,,,,,,,,,,,,,,,,,,,,,,,,,,,,,,,,29.3,39.8,43.5,42.7,43.6,40.8,36.4,36.3,34.2,31.8,41.2,51.6,65.2,80.4,98.8,110,113.2,108.6,104.1,,,,,,,,,,,,,,,,,,,,,,,,,,,,,,,,,,,,,,,,,,,,,,,,,,,,,,,,,,,,,,,,,,,1456.4,1151.5,76.65263158,60.60526316,115,55,6,6
1,CT,B,N,3,30.1,517,0,61,41,56,3,40,1.5,0,2,0,30,1610,41,30,107.2,103.4,96.1,84.2,66.2,54.2,66.9,94.1,114,120.5,115.8,105.3,88.7,86.4,94.7,102.6,106.3,110.6,115.5,111,106,100.3,88.2,78.4,68,58.5,45.7,51.4,64.6,80.2,,,,,,,,,,,,,,,,,,,,,,,,,,,,,,,,,,,,,,,,,,,,,,,,,,,,,,,,,,,,,63.7,67,66.2,73.9,74,52.7,26,7.8,26,36.6,33.6,29.8,34,51.3,61.2,60.7,59.5,52.8,50.8,54.6,53.5,54.9,55.5,53.2,60.8,70.4,70.3,49.5,41.2,35.1,,,,,,,,,,,,,,,,,,,,,,,,,,,,,,,,,,,,,,,,,,,,,,,,,,,,,,,,,,,,,CUE,O,,2016,1,7,11/19/2003,17.17607973,16.82598776,16.82598776,,,,,,,,66.9,94.1,114,120.5,115.8,105.3,88.7,86.4,94.7,102.6,106.3,110.6,115.5,111,106,100.3,88.2,78.4,68,58.5,45.7,51.4,64.6,80.2,,,,,,,,,,,,,,,,,,,,,,,,,,,,,,,,,,,,,,,,,,,,,,,,,,,,,,,,,,,,,,,,,,,26,7.8,26,36.6,33.6,29.8,34,51.3,61.2,60.7,59.5,52.8,50.8,54.6,53.5,54.9,55.5,53.2,60.8,70.4,70.3,49.5,41.2,35.1,,,,,,,,,,,,,,,,,,,,,,,,,,,,,,,,,,,,,,,,,,,,,,,,,,,,,,,,,,,,,2173.7,1129.1,90.57083333,47.04583333,115,55,7,7
2,CT,B,E,4,6.9,131,26,14,50,17,33,-35,1.5,0,0,0,30,1610,41,6,112.4,110.2,107.4,85.7,64,39.9,,,,,,,,,,,,,,,,,,,,,,,,,,,,,,,,,,,,,,,,,,,,,,,,,,,,,,,,,,,,,,,,,,,,,,,,,,,,,,,,,,,,,56.7,56,46.4,33.3,40.3,57.8,,,,,,,,,,,,,,,,,,,,,,,,,,,,,,,,,,,,,,,,,,,,,,,,,,,,,,,,,,,,,,,,,,,,,,,,,,,,,,,,,,,,,CUE,O,,2016,2,7,11/19/2003,18.98550725,16.82598776,16.82598776,,,,,,,,,,,,,,,,,,,,,,,,,,,,,,,,,,,,,,,,,,,,,,,,,,,,,,,,,,,,,,,,,,,,,,,,,,,,,,,,,,,,,,,,,,,,,,,,,,,,,,,,,,,,,,,,,,,,,,,,,,,,,,,,,,,,,,,,,,,,,,,,,,,,,,,,,,,,,,,,,,,,,,,,,,,,,,,,,,,,,,0,0,0,0,115,55,7,7
3,CT,B,S,4,17.7,296,50,13,80,13,7,-15,1.5,3,0,0,30,1610,41,17,109.9,102.5,93.2,86.3,79.6,79.2,77.9,82.9,83.7,66.8,59.8,55.2,60.2,66.9,56.3,44.5,28.6,,,,,,,,,,,,,,,,,,,,,,,,,,,,,,,,,,,,,,,,,,,,,,,,,,,,,,,,,,,,,,,,,,,,,,,,,,52.8,57.5,48.7,37.2,23.5,10.6,8.4,5.7,9.7,24.2,31.7,41.5,54.9,42.8,40.8,43.6,57.5,,,,,,,,,,,,,,,,,,,,,,,,,,,,,,,,,,,,,,,,,,,,,,,,,,,,,,,,,,,,,,,,,,,,,,,,,,CUE,O,,2016,3,7,11/19/2003,16.72316384,16.82598776,16.82598776,,,,,,,,77.9,82.9,83.7,66.8,59.8,55.2,60.2,66.9,56.3,44.5,28.6,,,,,,,,,,,,,,,,,,,,,,,,,,,,,,,,,,,,,,,,,,,,,,,,,,,,,,,,,,,,,,,,,,,,,,,,,,,,,,,,8.4,5.7,9.7,24.2,31.7,41.5,54.9,42.8,40.8,43.6,57.5,,,,,,,,,,,,,,,,,,,,,,,,,,,,,,,,,,,,,,,,,,,,,,,,,,,,,,,,,,,,,,,,,,,,,,,,,,682.8,360.8,62.07272727,32.8,115,55,7,7
4,CT,B,E,3,7.6,136,4,19,64,10,26,8,1.5,0,0,0,30,1610,41,7,115.9,112.9,91,75.7,66.2,57.5,39.3,,,,,,,,,,,,,,,,,,,,,,,,,,,,,,,,,,,,,,,,,,,,,,,,,,,,,,,,,,,,,,,,,,,,,,,,,,,,,,,,,,,,49.7,47.1,31.7,21.2,22.7,34.1,54.1,,,,,,,,,,,,,,,,,,,,,,,,,,,,,,,,,,,,,,,,,,,,,,,,,,,,,,,,,,,,,,,,,,,,,,,,,,,,,,,,,,,,CUE,O,,2016,4,7,11/19/2003,17.89473684,16.82598776,16.82598776,,,,,,,,39.3,,,,,,,,,,,,,,,,,,,,,,,,,,,,,,,,,,,,,,,,,,,,,,,,,,,,,,,,,,,,,,,,,,,,,,,,,,,,,,,,,,,,,,,,,,54.1,,,,,,,,,,,,,,,,,,,,,,,,,,,,,,,,,,,,,,,,,,,,,,,,,,,,,,,,,,,,,,,,,,,,,,,,,,,,,,,,,,,,39.3,54.1,39.3,54.1,115,55,7,7
5,CT,B,W,2,30.1,408,0,60,44,52,4,33,1.5,0,1,0,30,1610,41,30,107.3,107.3,93.3,78.5,71.2,64.5,71.6,82.5,84.4,87.9,80.8,76,92.9,103.9,114.8,118.5,114.3,112.6,117.6,109.1,103.5,99.8,100.8,105.3,105.8,100.1,90.8,85,80.2,75.7,,,,,,,,,,,,,,,,,,,,,,,,,,,,,,,,,,,,,,,,,,,,,,,,,,,,,,,,,,,,,58,61.9,60.5,50.7,37.6,29.3,15.1,5,3.7,11.4,19.4,28.7,40.5,41.1,45,47.9,44.1,45.3,49.9,35.5,24.1,15.2,24.7,43,54,58.5,52.3,46,36.5,26.6,,,,,,,,,,,,,,,,,,,,,,,,,,,,,,,,,,,,,,,,,,,,,,,,,,,,,,,,,,,,,CUE,O,,2016,5,7,11/19/2003,13.55481728,16.82598776,16.82598776,,,,,,,,71.6,82.5,84.4,87.9,80.8,76,92.9,103.9,114.8,118.5,114.3,112.6,117.6,109.1,103.5,99.8,100.8,105.3,105.8,100.1,90.8,85,80.2,75.7,,,,,,,,,,,,,,,,,,,,,,,,,,,,,,,,,,,,,,,,,,,,,,,,,,,,,,,,,,,,,,,,,,,15.1,5,3.7,11.4,19.4,28.7,40.5,41.1,45,47.9,44.1,45.3,49.9,35.5,24.1,15.2,24.7,43,54,58.5,52.3,46,36.5,26.6,,,,,,,,,,,,,,,,,,,,,,,,,,,,,,,,,,,,,,,,,,,,,,,,,,,,,,,,,,,,,2313.9,813.5,96.4125,33.89583333,115,55,7,7
6,CT,B,S,1,7.4,123,80,1,49,45,6,51,1.5,1,0,0,30,1610,41,7,108.3,99,86,69.6,52.1,35.6,19.3,,,,,,,,,,,,,,,,,,,,,,,,,,,,,,,,,,,,,,,,,,,,,,,,,,,,,,,,,,,,,,,,,,,,,,,,,,,,,,,,,,,,55.8,61.9,66.3,67.3,63.5,61.3,70.8,,,,,,,,,,,,,,,,,,,,,,,,,,,,,,,,,,,,,,,,,,,,,,,,,,,,,,,,,,,,,,,,,,,,,,,,,,,,,,,,,,,,CUE,O,,2016,6,7,11/19/2003,16.62162162,16.82598776,16.82598776,,,,,,,,,,,,,,,,,,,,,,,,,,,,,,,,,,,,,,,,,,,,,,,,,,,,,,,,,,,,,,,,,,,,,,,,,,,,,,,,,,,,,,,,,,,,,,,,,,,,,,,,,,,,,,,,,,,,,,,,,,,,,,,,,,,,,,,,,,,,,,,,,,,,,,,,,,,,,,,,,,,,,,,,,,,,,,,,,,,,,,0,0,0,0,115,55,7,7
7,CT,B,N,3,5.2,118,11,2,56,43,1,-71,1.5,0,0,0,30,1610,43,5,109.2,106.4,90.5,68.1,42.1,,,,,,,,,,,,,,,,,,,,,,,,,,,,,,,,,,,,,,,,,,,,,,,,,,,,,,,,,,,,,,,,,,,,,,,,,,,,,,,,,,,,,,55.7,42.8,23.4,22.8,47.5,,,,,,,,,,,,,,,,,,,,,,,,,,,,,,,,,,,,,,,,,,,,,,,,,,,,,,,,,,,,,,,,,,,,,,,,,,,,,,,,,,,,,,CUE,O,,2016,1,7,11/19/2003,22.69230769,23.63013475,23.63013475,,,,,,,,,,,,,,,,,,,,,,,,,,,,,,,,,,,,,,,,,,,,,,,,,,,,,,,,,,,,,,,,,,,,,,,,,,,,,,,,,,,,,,,,,,,,,,,,,,,,,,,,,,,,,,,,,,,,,,,,,,,,,,,,,,,,,,,,,,,,,,,,,,,,,,,,,,,,,,,,,,,,,,,,,,,,,,,,,,,,,,0,0,0,0,115,55,5,5
8,CT,B,E,4,6.3,177,48,19,66,14,20,-87,1.5,1,0,0,30,1610,43,6,114.1,108,84.2,66.5,46.4,25.3,,,,,,,,,,,,,,,,,,,,,,,,,,,,,,,,,,,,,,,,,,,,,,,,,,,,,,,,,,,,,,,,,,,,,,,,,,,,,,,,,,,,,53.8,34.5,10.5,37.8,66,77.9,,,,,,,,,,,,,,,,,,,,,,,,,,,,,,,,,,,,,,,,,,,,,,,,,,,,,,,,,,,,,,,,,,,,,,,,,,,,,,,,,,,,,CUE,O,,2016,2,7,11/19/2003,28.0952381,23.63013475,23.63013475,,,,,,46.4,25.3,,,,,,,,,,,,,,,,,,,,,,,,,,,,,,,,,,,,,,,,,,,,,,,,,,,,,,,,,,,,,,,,,,,,,,,,,,,,,,,,,,,,,,,,,66,77.9,,,,,,,,,,,,,,,,,,,,,,,,,,,,,,,,,,,,,,,,,,,,,,,,,,,,,,,,,,,,,,,,,,,,,,,,,,,,,,,,,,,,,71.7,143.9,35.85,71.95,115,55,5,5
9,CT,B,S,4,4.8,109,6,18,57,29,14,-40,1.5,0,0,0,30,1610,43,4,105,86.8,63.2,37.4,,,,,,,,,,,,,,,,,,,,,,,,,,,,,,,,,,,,,,,,,,,,,,,,,,,,,,,,,,,,,,,,,,,,,,,,,,,,,,,,,,,,,,,59.3,59.7,60.7,63.7,,,,,,,,,,,,,,,,,,,,,,,,,,,,,,,,,,,,,,,,,,,,,,,,,,,,,,,,,,,,,,,,,,,,,,,,,,,,,,,,,,,,,,,CUE,O,,2016,3,7,11/19/2003,22.70833333,23.63013475,23.63013475,,,,,,,,,,,,,,,,,,,,,,,,,,,,,,,,,,,,,,,,,,,,,,,,,,,,,,,,,,,,,,,,,,,,,,,,,,,,,,,,,,,,,,,,,,,,,,,,,,,,,,,,,,,,,,,,,,,,,,,,,,,,,,,,,,,,,,,,,,,,,,,,,,,,,,,,,,,,,,,,,,,,,,,,,,,,,,,,,,,,,,0,0,0,0,115,55,5,5
10,CT,B,E,3,4.9,130,81,1,43,29,28,-46,1.5,1,0,0,30,1610,43,4,115,99.1,76.4,49.1,,,,,,,,,,,,,,,,,,,,,,,,,,,,,,,,,,,,,,,,,,,,,,,,,,,,,,,,,,,,,,,,,,,,,,,,,,,,,,,,,,,,,,,56.9,57.2,60.6,72.9,,,,,,,,,,,,,,,,,,,,,,,,,,,,,,,,,,,,,,,,,,,,,,,,,,,,,,,,,,,,,,,,,,,,,,,,,,,,,,,,,,,,,,,CUE,O,,2016,4,7,11/19/2003,26.53061225,23.63013475,23.63013475,,,,,,,,,,,,,,,,,,,,,,,,,,,,,,,,,,,,,,,,,,,,,,,,,,,,,,,,,,,,,,,,,,,,,,,,,,,,,,,,,,,,,,,,,,,,,,,,,,,,,,,,,,,,,,,,,,,,,,,,,,,,,,,,,,,,,,,,,,,,,,,,,,,,,,,,,,,,,,,,,,,,,,,,,,,,,,,,,,,,,,0,0,0,0,115,55,5,5
11,CT,B,W,2,4.9,100,16,45,68,31,1,-26,1.5,0,0,0,30,1610,43,4,108.5,93,80.3,55.4,,,,,,,,,,,,,,,,,,,,,,,,,,,,,,,,,,,,,,,,,,,,,,,,,,,,,,,,,,,,,,,,,,,,,,,,,,,,,,,,,,,,,,,49.1,34.4,28.1,34.1,,,,,,,,,,,,,,,,,,,,,,,,,,,,,,,,,,,,,,,,,,,,,,,,,,,,,,,,,,,,,,,,,,,,,,,,,,,,,,,,,,,,,,,CUE,O,,2016,5,7,11/19/2003,20.40816327,23.63013475,23.63013475,,,,,,,,,,,,,,,,,,,,,,,,,,,,,,,,,,,,,,,,,,,,,,,,,,,,,,,,,,,,,,,,,,,,,,,,,,,,,,,,,,,,,,,,,,,,,,,,,,,,,,,,,,,,,,,,,,,,,,,,,,,,,,,,,,,,,,,,,,,,,,,,,,,,,,,,,,,,,,,,,,,,,,,,,,,,,,,,,,,,,,0,0,0,0,115,55,5,5
12,CT,B,S,1,5.2,111,15,4,74,25,1,-37,1.5,0,0,0,30,1610,43,5,105.1,90.4,69.7,45.5,18.4,,,,,,,,,,,,,,,,,,,,,,,,,,,,,,,,,,,,,,,,,,,,,,,,,,,,,,,,,,,,,,,,,,,,,,,,,,,,,,,,,,,,,,37.3,22.4,25.1,44.1,70.4,,,,,,,,,,,,,,,,,,,,,,,,,,,,,,,,,,,,,,,,,,,,,,,,,,,,,,,,,,,,,,,,,,,,,,,,,,,,,,,,,,,,,,CUE,O,,2016,6,7,11/19/2003,21.34615385,23.63013475,23.63013475,,,,,,,,,,,,,,,,,,,,,,,,,,,,,,,,,,,,,,,,,,,,,,,,,,,,,,,,,,,,,,,,,,,,,,,,,,,,,,,,,,,,,,,,,,,,,,,,,,,,,,,,,,,,,,,,,,,,,,,,,,,,,,,,,,,,,,,,,,,,,,,,,,,,,,,,,,,,,,,,,,,,,,,,,,,,,,,,,,,,,,0,0,0,0,115,55,5,5
19,CT,B,N,3,26.6,327,72,2,46,47,7,-70,1.5,0,0,0,30,1610,59,26,110.7,109.7,102.6,88.6,70.7,58.4,52.3,50,49.9,49.8,49.9,51.5,53.6,56.5,60,63.9,69.7,72.2,73.9,74.7,72,69.9,70.1,50.7,32,22.5,,,,,,,,,,,,,,,,,,,,,,,,,,,,,,,,,,,,,,,,,,,,,,,,,,,,,,,,,,,,,,,,,56.2,47.9,31.7,12,19.4,36.6,46.6,53.7,61.9,65.4,67.3,71.4,75.5,79.4,83.9,87.7,92.3,94.4,95,94.7,92,90.5,92.2,93.9,87.8,80.5,,,,,,,,,,,,,,,,,,,,,,,,,,,,,,,,,,,,,,,,,,,,,,,,,,,,,,,,,,,,,,,,,CUE,O,,2016,1,7,11/19/2003,12.29323308,17.75152342,17.75152342,,,,,,,58.4,52.3,50,49.9,49.8,49.9,51.5,53.6,56.5,60,63.9,69.7,72.2,73.9,74.7,72,69.9,70.1,50.7,32,22.5,,,,,,,,,,,,,,,,,,,,,,,,,,,,,,,,,,,,,,,,,,,,,,,,,,,,,,,,,,,,,,,,,,,,,,36.6,46.6,53.7,61.9,65.4,67.3,71.4,75.5,79.4,83.9,87.7,92.3,94.4,95,94.7,92,90.5,92.2,93.9,87.8,80.5,,,,,,,,,,,,,,,,,,,,,,,,,,,,,,,,,,,,,,,,,,,,,,,,,,,,,,,,,,,,,,,,,1203.5,1642.7,57.30952381,78.22380952,115,55,6,6
20,CT,B,E,4,8.5,162,47,27,55,22,23,-40,1.5,0,0,0,30,1610,59,8,109.2,108.9,103.3,92.9,65.8,51.2,37.7,23.3,,,,,,,,,,,,,,,,,,,,,,,,,,,,,,,,,,,,,,,,,,,,,,,,,,,,,,,,,,,,,,,,,,,,,,,,,,,,,,,,,,,53.2,55.1,42.2,32.1,25.6,36,49.3,62.5,,,,,,,,,,,,,,,,,,,,,,,,,,,,,,,,,,,,,,,,,,,,,,,,,,,,,,,,,,,,,,,,,,,,,,,,,,,,,,,,,,,CUE,O,,2016,2,7,11/19/2003,19.05882353,17.75152342,17.75152342,,,,,,,51.2,37.7,23.3,,,,,,,,,,,,,,,,,,,,,,,,,,,,,,,,,,,,,,,,,,,,,,,,,,,,,,,,,,,,,,,,,,,,,,,,,,,,,,,,,,,,,,,,36,49.3,62.5,,,,,,,,,,,,,,,,,,,,,,,,,,,,,,,,,,,,,,,,,,,,,,,,,,,,,,,,,,,,,,,,,,,,,,,,,,,,,,,,,,,112.2,147.8,37.4,49.26666667,115,55,6,6
21,CT,B,S,4,21,392,33,7,65,21,14,-49,1.5,1,1,0,30,1610,59,20,105.9,106.8,95.8,82.6,68.6,65.7,59.8,60.9,70.5,84,85.6,69.2,63.3,64.6,84.8,103.4,100.2,85.2,64.9,40.6,,,,,,,,,,,,,,,,,,,,,,,,,,,,,,,,,,,,,,,,,,,,,,,,,,,,,,,,,,,,,,,,,,,,,,,54.1,57,61.4,57.9,48.4,39.3,28.4,24.9,15.5,6.1,19,37.2,43.6,52.4,65.7,73.6,69.6,55.4,58.8,64.9,,,,,,,,,,,,,,,,,,,,,,,,,,,,,,,,,,,,,,,,,,,,,,,,,,,,,,,,,,,,,,,,,,,,,,,CUE,O,,2016,3,7,11/19/2003,18.66666667,17.75152342,17.75152342,,,,,,,65.7,59.8,60.9,70.5,84,85.6,69.2,63.3,64.6,84.8,103.4,100.2,85.2,64.9,40.6,,,,,,,,,,,,,,,,,,,,,,,,,,,,,,,,,,,,,,,,,,,,,,,,,,,,,,,,,,,,,,,,,,,,,,,,,,,,39.3,28.4,24.9,15.5,6.1,19,37.2,43.6,52.4,65.7,73.6,69.6,55.4,58.8,64.9,,,,,,,,,,,,,,,,,,,,,,,,,,,,,,,,,,,,,,,,,,,,,,,,,,,,,,,,,,,,,,,,,,,,,,,1102.7,654.4,73.51333333,43.62666667,115,55,6,6
22,CT,B,E,3,6.6,129,76,11,44,23,33,-41,1.5,1,0,0,30,1610,59,6,114.4,111.9,97.5,75,50.7,32.6,,,,,,,,,,,,,,,,,,,,,,,,,,,,,,,,,,,,,,,,,,,,,,,,,,,,,,,,,,,,,,,,,,,,,,,,,,,,,,,,,,,,,51.1,55.4,60.6,61.7,62.5,67.1,,,,,,,,,,,,,,,,,,,,,,,,,,,,,,,,,,,,,,,,,,,,,,,,,,,,,,,,,,,,,,,,,,,,,,,,,,,,,,,,,,,,,CUE,O,,2016,4,7,11/19/2003,19.54545455,17.75152342,17.75152342,,,,,,,32.6,,,,,,,,,,,,,,,,,,,,,,,,,,,,,,,,,,,,,,,,,,,,,,,,,,,,,,,,,,,,,,,,,,,,,,,,,,,,,,,,,,,,,,,,,,67.1,,,,,,,,,,,,,,,,,,,,,,,,,,,,,,,,,,,,,,,,,,,,,,,,,,,,,,,,,,,,,,,,,,,,,,,,,,,,,,,,,,,,,32.6,67.1,32.6,67.1,115,55,6,6
23,CT,B,W,2,6.4,118,23,1,53,41,6,35,1.5,0,0,0,30,1610,59,6,108.8,98.2,80.4,59.8,42.8,22.6,,,,,,,,,,,,,,,,,,,,,,,,,,,,,,,,,,,,,,,,,,,,,,,,,,,,,,,,,,,,,,,,,,,,,,,,,,,,,,,,,,,,,60.1,61.7,67,69.3,72.2,77,,,,,,,,,,,,,,,,,,,,,,,,,,,,,,,,,,,,,,,,,,,,,,,,,,,,,,,,,,,,,,,,,,,,,,,,,,,,,,,,,,,,,CUE,O,,2016,5,7,11/19/2003,18.4375,17.75152342,17.75152342,,,,,,,,,,,,,,,,,,,,,,,,,,,,,,,,,,,,,,,,,,,,,,,,,,,,,,,,,,,,,,,,,,,,,,,,,,,,,,,,,,,,,,,,,,,,,,,,,,,,,,,,,,,,,,,,,,,,,,,,,,,,,,,,,,,,,,,,,,,,,,,,,,,,,,,,,,,,,,,,,,,,,,,,,,,,,,,,,,,,,,0,0,0,0,115,55,6,6
24,CT,B,S,1,6.7,124,39,3,62,28,10,-43,1.5,0,0,0,30,1610,59,6,111.4,101.2,89,72,49.1,24.8,,,,,,,,,,,,,,,,,,,,,,,,,,,,,,,,,,,,,,,,,,,,,,,,,,,,,,,,,,,,,,,,,,,,,,,,,,,,,,,,,,,,,50.9,39.6,36.4,34.2,47.1,67,,,,,,,,,,,,,,,,,,,,,,,,,,,,,,,,,,,,,,,,,,,,,,,,,,,,,,,,,,,,,,,,,,,,,,,,,,,,,,,,,,,,,CUE,O,,2016,6,7,11/19/2003,18.50746269,17.75152342,17.75152342,,,,,,,24.8,,,,,,,,,,,,,,,,,,,,,,,,,,,,,,,,,,,,,,,,,,,,,,,,,,,,,,,,,,,,,,,,,,,,,,,,,,,,,,,,,,,,,,,,,,67,,,,,,,,,,,,,,,,,,,,,,,,,,,,,,,,,,,,,,,,,,,,,,,,,,,,,,,,,,,,,,,,,,,,,,,,,,,,,,,,,,,,,24.8,67,24.8,67,115,55,6,6
25,CT,B,N,3,16.2,362,65,4,42,42,16,-59,1.5,2,0,0,30,1610,65,16,106.9,102.9,91.9,76.7,59.7,71.7,93.3,114.2,114.8,102.9,92.7,83.4,69.6,56.7,40.6,18.6,,,,,,,,,,,,,,,,,,,,,,,,,,,,,,,,,,,,,,,,,,,,,,,,,,,,,,,,,,,,,,,,,,,,,,,,,,,52.1,37.2,11.9,18.7,46.9,62.5,65.6,67.7,60.5,46.5,36.3,33.5,51.1,70.9,89.6,93.8,,,,,,,,,,,,,,,,,,,,,,,,,,,,,,,,,,,,,,,,,,,,,,,,,,,,,,,,,,,,,,,,,,,,,,,,,,,CUE,O,,2016,1,7,11/19/2003,22.34567901,19.87145081,19.87145081,,,,,,,71.7,93.3,114.2,114.8,102.9,92.7,83.4,69.6,56.7,40.6,18.6,,,,,,,,,,,,,,,,,,,,,,,,,,,,,,,,,,,,,,,,,,,,,,,,,,,,,,,,,,,,,,,,,,,,,,,,,,,,,,,,62.5,65.6,67.7,60.5,46.5,36.3,33.5,51.1,70.9,89.6,93.8,,,,,,,,,,,,,,,,,,,,,,,,,,,,,,,,,,,,,,,,,,,,,,,,,,,,,,,,,,,,,,,,,,,,,,,,,,,858.5,678,78.04545455,61.63636364,115,55,6,6
26,CT,B,E,4,8.2,150,0,4,27,32,41,41,1.5,0,0,0,30,1610,65,8,115.9,117.1,113.5,100.5,84.7,75.3,56.2,39.6,,,,,,,,,,,,,,,,,,,,,,,,,,,,,,,,,,,,,,,,,,,,,,,,,,,,,,,,,,,,,,,,,,,,,,,,,,,,,,,,,,,61.1,64.3,64.4,63,64.4,65.5,64.8,66.1,,,,,,,,,,,,,,,,,,,,,,,,,,,,,,,,,,,,,,,,,,,,,,,,,,,,,,,,,,,,,,,,,,,,,,,,,,,,,,,,,,,CUE,O,,2016,2,7,11/19/2003,18.29268293,19.87145081,19.87145081,,,,,,,75.3,56.2,39.6,,,,,,,,,,,,,,,,,,,,,,,,,,,,,,,,,,,,,,,,,,,,,,,,,,,,,,,,,,,,,,,,,,,,,,,,,,,,,,,,,,,,,,,,65.5,64.8,66.1,,,,,,,,,,,,,,,,,,,,,,,,,,,,,,,,,,,,,,,,,,,,,,,,,,,,,,,,,,,,,,,,,,,,,,,,,,,,,,,,,,,171.1,196.4,57.03333333,65.46666667,115,55,6,6
27,CT,B,S,4,4.9,110,2,19,58,27,15,-40,1.5,0,1,0,30,1610,65,4,105.4,85.9,62.9,37,,,,,,,,,,,,,,,,,,,,,,,,,,,,,,,,,,,,,,,,,,,,,,,,,,,,,,,,,,,,,,,,,,,,,,,,,,,,,,,,,,,,,,,62.4,62,60.8,65.3,,,,,,,,,,,,,,,,,,,,,,,,,,,,,,,,,,,,,,,,,,,,,,,,,,,,,,,,,,,,,,,,,,,,,,,,,,,,,,,,,,,,,,,CUE,O,,2016,3,7,11/19/2003,22.44897959,19.87145081,19.87145081,,,,,,,,,,,,,,,,,,,,,,,,,,,,,,,,,,,,,,,,,,,,,,,,,,,,,,,,,,,,,,,,,,,,,,,,,,,,,,,,,,,,,,,,,,,,,,,,,,,,,,,,,,,,,,,,,,,,,,,,,,,,,,,,,,,,,,,,,,,,,,,,,,,,,,,,,,,,,,,,,,,,,,,,,,,,,,,,,,,,,,0,0,0,0,115,55,6,5
28,CT,B,E,3,25.9,530,34,21,30,62,8,-35,1.5,2,0,0,30,1610,65,25,114.9,112.4,98.4,78.8,57.6,44.3,44.4,36,27.7,18.9,27.7,43,53.2,63.2,72.3,81.1,86.5,92.9,100,103.6,96.8,84.6,70.6,54.1,30.7,,,,,,,,,,,,,,,,,,,,,,,,,,,,,,,,,,,,,,,,,,,,,,,,,,,,,,,,,,,,,,,,,,51.4,50.8,52.8,55.9,68.6,89.3,107.8,110.8,111.5,106.5,107.2,107.1,98.3,84.2,68,50.1,36.7,17.4,13,29,40.6,48.3,62.1,81.4,92,,,,,,,,,,,,,,,,,,,,,,,,,,,,,,,,,,,,,,,,,,,,,,,,,,,,,,,,,,,,,,,,,,CUE,O,,2016,4,7,11/19/2003,20.46332046,19.87145081,19.87145081,,,,,,,44.3,44.4,36,27.7,18.9,27.7,43,53.2,63.2,72.3,81.1,86.5,92.9,100,103.6,96.8,84.6,70.6,54.1,30.7,,,,,,,,,,,,,,,,,,,,,,,,,,,,,,,,,,,,,,,,,,,,,,,,,,,,,,,,,,,,,,,,,,,,,,,89.3,107.8,110.8,111.5,106.5,107.2,107.1,98.3,84.2,68,50.1,36.7,17.4,13,29,40.6,48.3,62.1,81.4,92,,,,,,,,,,,,,,,,,,,,,,,,,,,,,,,,,,,,,,,,,,,,,,,,,,,,,,,,,,,,,,,,,,1231.6,1461.3,61.58,73.065,115,55,6,6
29,CT,B,W,2,30.1,554,23,27,35,47,18,-68,1.5,0,1,0,30,1610,65,30,111.8,106.4,98.4,91.3,83.5,75.7,69.3,58.7,52.3,49.8,47.4,44.4,40.8,39.9,40.8,47.6,55.5,59.4,66.7,76.2,73.6,69.2,65.2,66,72.4,82.8,94.8,100.4,98.8,87.7,,,,,,,,,,,,,,,,,,,,,,,,,,,,,,,,,,,,,,,,,,,,,,,,,,,,,,,,,,,,,51,36.4,18,10.8,26.4,44.7,59,74.7,90.1,108.1,119.2,125.3,126,123.8,114,104,99.5,99.3,98.6,91.3,77.8,64.1,47.3,29,14.5,18.8,36.4,51,59.5,67,,,,,,,,,,,,,,,,,,,,,,,,,,,,,,,,,,,,,,,,,,,,,,,,,,,,,,,,,,,,,CUE,O,,2016,5,7,11/19/2003,18.40531562,19.87145081,19.87145081,,,,,,,75.7,69.3,58.7,52.3,49.8,47.4,44.4,40.8,39.9,40.8,47.6,55.5,59.4,66.7,76.2,73.6,69.2,65.2,66,72.4,82.8,94.8,100.4,98.8,87.7,,,,,,,,,,,,,,,,,,,,,,,,,,,,,,,,,,,,,,,,,,,,,,,,,,,,,,,,,,,,,,,,,,44.7,59,74.7,90.1,108.1,119.2,125.3,126,123.8,114,104,99.5,99.3,98.6,91.3,77.8,64.1,47.3,29,14.5,18.8,36.4,51,59.5,67,,,,,,,,,,,,,,,,,,,,,,,,,,,,,,,,,,,,,,,,,,,,,,,,,,,,,,,,,,,,,1635.4,1943,65.416,77.72,115,55,6,6
30,CT,B,S,1,8.8,152,0,19,66,25,9,-87,1.5,0,0,0,30,1610,65,8,113.9,111.3,102.4,90.4,75.9,58.2,42.1,27.5,,,,,,,,,,,,,,,,,,,,,,,,,,,,,,,,,,,,,,,,,,,,,,,,,,,,,,,,,,,,,,,,,,,,,,,,,,,,,,,,,,,46.1,34.8,19.9,5.2,16.6,37.7,57.1,73.2,,,,,,,,,,,,,,,,,,,,,,,,,,,,,,,,,,,,,,,,,,,,,,,,,,,,,,,,,,,,,,,,,,,,,,,,,,,,,,,,,,,CUE,O,,2016,6,7,11/19/2003,17.27272727,19.87145081,19.87145081,,,,,,,58.2,42.1,27.5,,,,,,,,,,,,,,,,,,,,,,,,,,,,,,,,,,,,,,,,,,,,,,,,,,,,,,,,,,,,,,,,,,,,,,,,,,,,,,,,,,,,,,,,37.7,57.1,73.2,,,,,,,,,,,,,,,,,,,,,,,,,,,,,,,,,,,,,,,,,,,,,,,,,,,,,,,,,,,,,,,,,,,,,,,,,,,,,,,,,,,127.8,168,42.6,56,115,55,6,6
31,CT,B,N,3,5.3,108,0,91,55,44,1,28,1.5,0,1,0,30,1610,75,5,104.5,95.4,80.4,58.4,35.5,,,,,,,,,,,,,,,,,,,,,,,,,,,,,,,,,,,,,,,,,,,,,,,,,,,,,,,,,,,,,,,,,,,,,,,,,,,,,,,,,,,,,,66,64.5,60,57.9,66.6,,,,,,,,,,,,,,,,,,,,,,,,,,,,,,,,,,,,,,,,,,,,,,,,,,,,,,,,,,,,,,,,,,,,,,,,,,,,,,,,,,,,,,CUE,O,,2016,1,7,11/19/2003,20.37735849,20.93672854,20.93672854,,,,,,,,,,,,,,,,,,,,,,,,,,,,,,,,,,,,,,,,,,,,,,,,,,,,,,,,,,,,,,,,,,,,,,,,,,,,,,,,,,,,,,,,,,,,,,,,,,,,,,,,,,,,,,,,,,,,,,,,,,,,,,,,,,,,,,,,,,,,,,,,,,,,,,,,,,,,,,,,,,,,,,,,,,,,,,,,,,,,,,0,0,0,0,115,55,5,5
32,CT,B,E,4,8.9,148,0,13,36,35,29,38,1.5,0,0,0,30,1610,75,8,105.4,106,110.4,109.8,98.3,81.4,67.7,34.6,,,,,,,,,,,,,,,,,,,,,,,,,,,,,,,,,,,,,,,,,,,,,,,,,,,,,,,,,,,,,,,,,,,,,,,,,,,,,,,,,,,51.8,52.5,57.1,58.8,58.5,52.1,46.3,55,,,,,,,,,,,,,,,,,,,,,,,,,,,,,,,,,,,,,,,,,,,,,,,,,,,,,,,,,,,,,,,,,,,,,,,,,,,,,,,,,,,CUE,O,,2016,2,7,11/19/2003,16.62921348,20.93672854,20.93672854,,,,,,98.3,81.4,67.7,34.6,,,,,,,,,,,,,,,,,,,,,,,,,,,,,,,,,,,,,,,,,,,,,,,,,,,,,,,,,,,,,,,,,,,,,,,,,,,,,,,,,,,,,,,58.5,52.1,46.3,55,,,,,,,,,,,,,,,,,,,,,,,,,,,,,,,,,,,,,,,,,,,,,,,,,,,,,,,,,,,,,,,,,,,,,,,,,,,,,,,,,,,282,211.9,70.5,52.975,115,55,5,5
33,CT,B,S,4,10,220,52,5,18,64,18,83,1.5,0,0,0,30,1610,75,9,113.5,113.1,109.5,107.3,106.6,100.7,87.8,70.5,60.2,,,,,,,,,,,,,,,,,,,,,,,,,,,,,,,,,,,,,,,,,,,,,,,,,,,,,,,,,,,,,,,,,,,,,,,,,,,,,,,,,,54.9,45.7,28.6,23.6,35.7,51.4,63.6,72.4,73.2,,,,,,,,,,,,,,,,,,,,,,,,,,,,,,,,,,,,,,,,,,,,,,,,,,,,,,,,,,,,,,,,,,,,,,,,,,,,,,,,,,CUE,O,,2016,3,7,11/19/2003,22,20.93672854,20.93672854,,,,,,106.6,100.7,87.8,70.5,60.2,,,,,,,,,,,,,,,,,,,,,,,,,,,,,,,,,,,,,,,,,,,,,,,,,,,,,,,,,,,,,,,,,,,,,,,,,,,,,,,,,,,,,,35.7,51.4,63.6,72.4,73.2,,,,,,,,,,,,,,,,,,,,,,,,,,,,,,,,,,,,,,,,,,,,,,,,,,,,,,,,,,,,,,,,,,,,,,,,,,,,,,,,,,425.8,296.3,85.16,59.26,115,55,5,5
34,CT,B,E,3,6.2,139,24,5,47,32,21,56,1.5,0,0,0,30,1610,75,6,121.6,111.9,105,81.5,52.2,21.1,,,,,,,,,,,,,,,,,,,,,,,,,,,,,,,,,,,,,,,,,,,,,,,,,,,,,,,,,,,,,,,,,,,,,,,,,,,,,,,,,,,,,51.5,36.3,30.3,28.3,53,74.4,,,,,,,,,,,,,,,,,,,,,,,,,,,,,,,,,,,,,,,,,,,,,,,,,,,,,,,,,,,,,,,,,,,,,,,,,,,,,,,,,,,,,CUE,O,,2016,4,7,11/19/2003,22.41935484,20.93672854,20.93672854,,,,,,52.2,21.1,,,,,,,,,,,,,,,,,,,,,,,,,,,,,,,,,,,,,,,,,,,,,,,,,,,,,,,,,,,,,,,,,,,,,,,,,,,,,,,,,,,,,,,,,53,74.4,,,,,,,,,,,,,,,,,,,,,,,,,,,,,,,,,,,,,,,,,,,,,,,,,,,,,,,,,,,,,,,,,,,,,,,,,,,,,,,,,,,,,73.3,127.4,36.65,63.7,115,55,5,5
35,CT,B,W,2,6,136,33,2,0,98,2,31,1.5,0,0,0,30,1610,75,5,105.4,95,74.4,53.2,29.1,,,,,,,,,,,,,,,,,,,,,,,,,,,,,,,,,,,,,,,,,,,,,,,,,,,,,,,,,,,,,,,,,,,,,,,,,,,,,,,,,,,,,,60.3,62.3,70.6,84.6,97.5,,,,,,,,,,,,,,,,,,,,,,,,,,,,,,,,,,,,,,,,,,,,,,,,,,,,,,,,,,,,,,,,,,,,,,,,,,,,,,,,,,,,,,CUE,O,,2016,5,7,11/19/2003,22.66666667,20.93672854,20.93672854,,,,,,29.1,,,,,,,,,,,,,,,,,,,,,,,,,,,,,,,,,,,,,,,,,,,,,,,,,,,,,,,,,,,,,,,,,,,,,,,,,,,,,,,,,,,,,,,,,,97.5,,,,,,,,,,,,,,,,,,,,,,,,,,,,,,,,,,,,,,,,,,,,,,,,,,,,,,,,,,,,,,,,,,,,,,,,,,,,,,,,,,,,,,29.1,97.5,29.1,97.5,115,55,5,5
36,CT,B,S,1,14.4,310,69,4,52,41,7,39,1.5,1,0,0,30,1610,75,14,108.5,96,77.6,58.8,55.2,64,83.5,104.1,97.4,84.5,77.2,64.2,46.3,23.5,,,,,,,,,,,,,,,,,,,,,,,,,,,,,,,,,,,,,,,,,,,,,,,,,,,,,,,,,,,,,,,,,,,,,,,,,,,,,56.9,56.7,56.2,53.5,50.1,47.4,43.6,33.6,26.5,32,44.5,73.9,86.3,87.4,,,,,,,,,,,,,,,,,,,,,,,,,,,,,,,,,,,,,,,,,,,,,,,,,,,,,,,,,,,,,,,,,,,,,,,,,,,,,CUE,O,,2016,6,7,11/19/2003,21.52777778,20.93672854,20.93672854,,,,,,55.2,64,83.5,104.1,97.4,84.5,77.2,64.2,46.3,23.5,,,,,,,,,,,,,,,,,,,,,,,,,,,,,,,,,,,,,,,,,,,,,,,,,,,,,,,,,,,,,,,,,,,,,,,,,,,,,,,,,50.1,47.4,43.6,33.6,26.5,32,44.5,73.9,86.3,87.4,,,,,,,,,,,,,,,,,,,,,,,,,,,,,,,,,,,,,,,,,,,,,,,,,,,,,,,,,,,,,,,,,,,,,,,,,,,,,699.9,525.3,69.99,52.53,115,55,5,5
37,CT,B,N,3,9.1,112,0,95,33,66,1,45,1.5,0,1,0,30,1610,77,9,107.7,106.2,104.6,101.1,95.8,85.8,71.6,53.1,33.5,,,,,,,,,,,,,,,,,,,,,,,,,,,,,,,,,,,,,,,,,,,,,,,,,,,,,,,,,,,,,,,,,,,,,,,,,,,,,,,,,,61.7,59.5,58.9,64.3,67.7,70.2,65.7,60.5,61,,,,,,,,,,,,,,,,,,,,,,,,,,,,,,,,,,,,,,,,,,,,,,,,,,,,,,,,,,,,,,,,,,,,,,,,,,,,,,,,,,CUE,O,,2016,1,7,11/19/2003,12.30769231,12.48122906,12.48122906,,,,,,,,,,,,,,,,,,,,,,,,,,,,,,,,,,,,,,,,,,,,,,,,,,,,,,,,,,,,,,,,,,,,,,,,,,,,,,,,,,,,,,,,,,,,,,,,,,,,,,,,,,,,,,,,,,,,,,,,,,,,,,,,,,,,,,,,,,,,,,,,,,,,,,,,,,,,,,,,,,,,,,,,,,,,,,,,,,,,,,0,0,0,0,115,55,9,9
38,CT,B,E,4,30.1,399,27,5,72,23,5,20,1.5,0,0,0,30,1610,77,30,106,103.4,101.2,104.4,100.1,92.2,100.9,99.5,78.2,52.4,32.4,30,36.7,37.5,45.6,54.8,64.4,73.2,68.4,59.4,58.4,57.7,60,63.9,64.3,68.9,79.1,81.8,82.7,88.1,,,,,,,,,,,,,,,,,,,,,,,,,,,,,,,,,,,,,,,,,,,,,,,,,,,,,,,,,,,,,54.7,55,55.3,60.9,59.5,53.9,56.1,46.1,31,37,55.5,64.3,65,66.4,61.2,50.7,37.3,21.2,19.6,27.5,27.5,31.8,38,42.5,45,47.5,45.1,39.4,33.9,29.4,,,,,,,,,,,,,,,,,,,,,,,,,,,,,,,,,,,,,,,,,,,,,,,,,,,,,,,,,,,,,CUE,O,,2016,2,7,11/19/2003,13.25581395,12.48122906,12.48122906,,,,,,,,,,78.2,52.4,32.4,30,36.7,37.5,45.6,54.8,64.4,73.2,68.4,59.4,58.4,57.7,60,63.9,64.3,68.9,79.1,81.8,82.7,88.1,,,,,,,,,,,,,,,,,,,,,,,,,,,,,,,,,,,,,,,,,,,,,,,,,,,,,,,,,,,,,,,,,,,,,31,37,55.5,64.3,65,66.4,61.2,50.7,37.3,21.2,19.6,27.5,27.5,31.8,38,42.5,45,47.5,45.1,39.4,33.9,29.4,,,,,,,,,,,,,,,,,,,,,,,,,,,,,,,,,,,,,,,,,,,,,,,,,,,,,,,,,,,,,1337.9,916.8,60.81363636,41.67272727,115,55,9,9
39,CT,B,S,4,30.1,383,57,3,53,40,7,-9,1.5,0,0,0,30,1610,77,30,111.2,110.2,100.1,85.8,70.2,56.3,46,41.2,47.3,56.7,62.3,72.3,77.8,80.2,79,79.7,81.8,68.5,66.9,69.8,76.4,78.3,86.2,95.1,100.4,102.5,104.6,97.5,92.7,91.2,,,,,,,,,,,,,,,,,,,,,,,,,,,,,,,,,,,,,,,,,,,,,,,,,,,,,,,,,,,,,53.5,52.3,50.4,47.9,44.8,41,40.8,47.9,57.1,66.9,71.6,71.1,66.1,56.4,45.1,30.9,18.2,17.4,20.7,21.7,22.5,24.8,27.7,28.1,28.1,27.2,26.1,16.2,18.7,27.9,,,,,,,,,,,,,,,,,,,,,,,,,,,,,,,,,,,,,,,,,,,,,,,,,,,,,,,,,,,,,CUE,O,,2016,3,7,11/19/2003,12.72425249,12.48122906,12.48122906,,,,,,,,,,47.3,56.7,62.3,72.3,77.8,80.2,79,79.7,81.8,68.5,66.9,69.8,76.4,78.3,86.2,95.1,100.4,102.5,104.6,97.5,92.7,91.2,,,,,,,,,,,,,,,,,,,,,,,,,,,,,,,,,,,,,,,,,,,,,,,,,,,,,,,,,,,,,,,,,,,,,57.1,66.9,71.6,71.1,66.1,56.4,45.1,30.9,18.2,17.4,20.7,21.7,22.5,24.8,27.7,28.1,28.1,27.2,26.1,16.2,18.7,27.9,,,,,,,,,,,,,,,,,,,,,,,,,,,,,,,,,,,,,,,,,,,,,,,,,,,,,,,,,,,,,1767.2,790.5,80.32727273,35.93181818,115,55,9,9
40,CT,B,E,3,21.2,246,0,6,23,50,27,27,1.5,0,0,0,30,1610,77,21,112.4,111.1,114.3,106.2,114,116.4,118.3,127,124.6,119.4,120.1,119.6,115.8,113.8,111.7,103.9,93.8,80.8,65.7,51.1,32.7,,,,,,,,,,,,,,,,,,,,,,,,,,,,,,,,,,,,,,,,,,,,,,,,,,,,,,,,,,,,,,,,,,,,,,45.2,40.1,43.6,35.7,37.2,33.8,31.2,38.6,36.2,33.6,38.5,39.7,38.9,36.7,34,29.7,25.6,25.3,31,41.4,58.1,,,,,,,,,,,,,,,,,,,,,,,,,,,,,,,,,,,,,,,,,,,,,,,,,,,,,,,,,,,,,,,,,,,,,,CUE,O,,2016,4,7,11/19/2003,11.60377359,12.48122906,12.48122906,,,,,,,,,,124.6,119.4,120.1,119.6,115.8,113.8,111.7,103.9,93.8,80.8,65.7,51.1,32.7,,,,,,,,,,,,,,,,,,,,,,,,,,,,,,,,,,,,,,,,,,,,,,,,,,,,,,,,,,,,,,,,,,,,,,,,,,,,,,36.2,33.6,38.5,39.7,38.9,36.7,34,29.7,25.6,25.3,31,41.4,58.1,,,,,,,,,,,,,,,,,,,,,,,,,,,,,,,,,,,,,,,,,,,,,,,,,,,,,,,,,,,,,,,,,,,,,,1253,468.7,96.38461539,36.05384615,115,55,9,9
41,CT,B,W,2,13,144,14,53,56,29,15,-59,1.5,0,0,0,30,1610,77,12,112.5,112.1,111.1,110.5,102.5,96.2,89.5,86.9,76.3,65.2,48.4,35.5,,,,,,,,,,,,,,,,,,,,,,,,,,,,,,,,,,,,,,,,,,,,,,,,,,,,,,,,,,,,,,,,,,,,,,,,,,,,,,,61.4,62,59.5,54.3,40.3,32.5,23.4,20.8,18.1,23.1,37.4,51.7,,,,,,,,,,,,,,,,,,,,,,,,,,,,,,,,,,,,,,,,,,,,,,,,,,,,,,,,,,,,,,,,,,,,,,,,,,,,,,,CUE,O,,2016,5,7,11/19/2003,11.07692308,12.48122906,12.48122906,,,,,,,,,,76.3,65.2,48.4,35.5,,,,,,,,,,,,,,,,,,,,,,,,,,,,,,,,,,,,,,,,,,,,,,,,,,,,,,,,,,,,,,,,,,,,,,,,,,,,,,,,,,,,,,,18.1,23.1,37.4,51.7,,,,,,,,,,,,,,,,,,,,,,,,,,,,,,,,,,,,,,,,,,,,,,,,,,,,,,,,,,,,,,,,,,,,,,,,,,,,,,,225.4,130.3,56.35,32.575,115,55,9,9
42,CT,B,S,1,14.8,206,6,37,47,41,12,-44,1.5,0,0,0,30,1610,77,14,110.7,110.1,103.2,95.9,87,75.4,64.5,56.6,55,56.2,54.7,52.7,46.6,34.9,,,,,,,,,,,,,,,,,,,,,,,,,,,,,,,,,,,,,,,,,,,,,,,,,,,,,,,,,,,,,,,,,,,,,,,,,,,,,55.8,51.3,43.2,32.8,19.8,15.5,26,43.2,60.9,78.8,90.7,96.2,98.9,97.9,,,,,,,,,,,,,,,,,,,,,,,,,,,,,,,,,,,,,,,,,,,,,,,,,,,,,,,,,,,,,,,,,,,,,,,,,,,,,CUE,O,,2016,6,7,11/19/2003,13.91891892,12.48122906,12.48122906,,,,,,,,,,55,56.2,54.7,52.7,46.6,34.9,,,,,,,,,,,,,,,,,,,,,,,,,,,,,,,,,,,,,,,,,,,,,,,,,,,,,,,,,,,,,,,,,,,,,,,,,,,,,,,,,,,,,60.9,78.8,90.7,96.2,98.9,97.9,,,,,,,,,,,,,,,,,,,,,,,,,,,,,,,,,,,,,,,,,,,,,,,,,,,,,,,,,,,,,,,,,,,,,,,,,,,,,300.1,523.4,50.01666667,87.23333333,115,55,9,9
49,CT,B,N,3,13.4,257,36,35,81,18,1,6,1.5,1,0,0,30,1610,79,13,103.8,94.7,80.5,67,60.9,64.7,72.3,68.3,66.7,80.2,76.2,65.1,34.3,,,,,,,,,,,,,,,,,,,,,,,,,,,,,,,,,,,,,,,,,,,,,,,,,,,,,,,,,,,,,,,,,,,,,,,,,,,,,,62.8,59.9,54,45.1,33.6,24.5,16.8,24.9,38.9,39.5,40.7,46.8,62.4,,,,,,,,,,,,,,,,,,,,,,,,,,,,,,,,,,,,,,,,,,,,,,,,,,,,,,,,,,,,,,,,,,,,,,,,,,,,,,CUE,O,,2016,1,7,11/20/2003,19.17910448,18.85854308,18.85854308,,,,,,,64.7,72.3,68.3,66.7,80.2,76.2,65.1,34.3,,,,,,,,,,,,,,,,,,,,,,,,,,,,,,,,,,,,,,,,,,,,,,,,,,,,,,,,,,,,,,,,,,,,,,,,,,,,,,,,,,,24.5,16.8,24.9,38.9,39.5,40.7,46.8,62.4,,,,,,,,,,,,,,,,,,,,,,,,,,,,,,,,,,,,,,,,,,,,,,,,,,,,,,,,,,,,,,,,,,,,,,,,,,,,,,527.8,294.5,65.975,36.8125,115,55,6,6
50,CT,B,E,4,14.5,294,37,12,85,10,5,3,1.5,3,0,0,30,1610,79,14,107.1,89.1,64.3,50.1,41.2,44.4,60.9,78.3,87.1,90.5,75.9,59.9,42.5,25.1,,,,,,,,,,,,,,,,,,,,,,,,,,,,,,,,,,,,,,,,,,,,,,,,,,,,,,,,,,,,,,,,,,,,,,,,,,,,,61,52.3,49.5,53.2,51,43.1,41.4,20.8,6.5,10.7,11.9,26.5,43.9,60.7,,,,,,,,,,,,,,,,,,,,,,,,,,,,,,,,,,,,,,,,,,,,,,,,,,,,,,,,,,,,,,,,,,,,,,,,,,,,,CUE,O,,2016,2,7,11/20/2003,20.27586207,18.85854308,18.85854308,,,,,,,44.4,60.9,78.3,87.1,90.5,75.9,59.9,42.5,25.1,,,,,,,,,,,,,,,,,,,,,,,,,,,,,,,,,,,,,,,,,,,,,,,,,,,,,,,,,,,,,,,,,,,,,,,,,,,,,,,,,,43.1,41.4,20.8,6.5,10.7,11.9,26.5,43.9,60.7,,,,,,,,,,,,,,,,,,,,,,,,,,,,,,,,,,,,,,,,,,,,,,,,,,,,,,,,,,,,,,,,,,,,,,,,,,,,,564.6,265.5,62.73333333,29.5,115,55,6,6
51,CT,B,S,4,27.9,522,62,7,79,18,3,50,1.5,1,0,0,30,1610,79,27,110,97.6,78.8,72.5,76,89.7,84.3,68.6,50.5,39.8,39.9,55.9,77.1,90.2,95.6,97.1,90.6,75.2,55.3,47.2,45,53.2,76.9,74.7,62.3,52.5,43.7,,,,,,,,,,,,,,,,,,,,,,,,,,,,,,,,,,,,,,,,,,,,,,,,,,,,,,,,,,,,,,,,47.5,30.5,22.2,23.4,24.5,10.1,5,17.1,35.7,46.7,50.2,46.8,49.6,36.2,19.9,12.8,14.9,17.6,33.1,40.9,41.4,32.6,24.2,31.1,35.1,41.9,47.7,,,,,,,,,,,,,,,,,,,,,,,,,,,,,,,,,,,,,,,,,,,,,,,,,,,,,,,,,,,,,,,,CUE,O,,2016,3,7,11/20/2003,18.70967742,18.85854308,18.85854308,,,,,,,89.7,84.3,68.6,50.5,39.8,39.9,55.9,77.1,90.2,95.6,97.1,90.6,75.2,55.3,47.2,45,53.2,76.9,74.7,62.3,52.5,43.7,,,,,,,,,,,,,,,,,,,,,,,,,,,,,,,,,,,,,,,,,,,,,,,,,,,,,,,,,,,,,,,,,,,,,10.1,5,17.1,35.7,46.7,50.2,46.8,49.6,36.2,19.9,12.8,14.9,17.6,33.1,40.9,41.4,32.6,24.2,31.1,35.1,41.9,47.7,,,,,,,,,,,,,,,,,,,,,,,,,,,,,,,,,,,,,,,,,,,,,,,,,,,,,,,,,,,,,,,,1465.3,690.6,66.60454546,31.39090909,115,55,6,6
52,CT,B,E,3,6.5,129,25,6,50,35,15,48,1.5,0,0,0,30,1610,79,6,119.4,108.3,105.7,87.3,63.8,38.9,,,,,,,,,,,,,,,,,,,,,,,,,,,,,,,,,,,,,,,,,,,,,,,,,,,,,,,,,,,,,,,,,,,,,,,,,,,,,,,,,,,,,48.2,33.9,33.5,25.2,34.2,54.1,,,,,,,,,,,,,,,,,,,,,,,,,,,,,,,,,,,,,,,,,,,,,,,,,,,,,,,,,,,,,,,,,,,,,,,,,,,,,,,,,,,,,CUE,O,,2016,4,7,11/20/2003,19.84615385,18.85854308,18.85854308,,,,,,,38.9,,,,,,,,,,,,,,,,,,,,,,,,,,,,,,,,,,,,,,,,,,,,,,,,,,,,,,,,,,,,,,,,,,,,,,,,,,,,,,,,,,,,,,,,,,54.1,,,,,,,,,,,,,,,,,,,,,,,,,,,,,,,,,,,,,,,,,,,,,,,,,,,,,,,,,,,,,,,,,,,,,,,,,,,,,,,,,,,,,38.9,54.1,38.9,54.1,115,55,6,6
53,CT,B,W,2,5.8,112,28,1,54,45,1,32,1.5,0,0,0,30,1610,79,5,106.7,98.3,79.4,56.3,26.8,,,,,,,,,,,,,,,,,,,,,,,,,,,,,,,,,,,,,,,,,,,,,,,,,,,,,,,,,,,,,,,,,,,,,,,,,,,,,,,,,,,,,,60.6,63,63.4,69.4,78.1,,,,,,,,,,,,,,,,,,,,,,,,,,,,,,,,,,,,,,,,,,,,,,,,,,,,,,,,,,,,,,,,,,,,,,,,,,,,,,,,,,,,,,CUE,O,,2016,5,7,11/20/2003,19.31034483,18.85854308,18.85854308,,,,,,,,,,,,,,,,,,,,,,,,,,,,,,,,,,,,,,,,,,,,,,,,,,,,,,,,,,,,,,,,,,,,,,,,,,,,,,,,,,,,,,,,,,,,,,,,,,,,,,,,,,,,,,,,,,,,,,,,,,,,,,,,,,,,,,,,,,,,,,,,,,,,,,,,,,,,,,,,,,,,,,,,,,,,,,,,,,,,,,0,0,0,0,115,55,6,6
54,CT,B,S,1,25.9,410,11,28,39,36,25,-55,1.5,0,0,0,30,1610,79,25,108.9,96.9,99.7,105.2,103.4,95.2,86.9,81.1,73.2,72.9,77.5,85.6,102.6,119.3,124.8,124.7,124.4,121.1,117,110.4,99.5,86.4,66.9,49.4,41.2,,,,,,,,,,,,,,,,,,,,,,,,,,,,,,,,,,,,,,,,,,,,,,,,,,,,,,,,,,,,,,,,,,58.1,54.5,45.2,36.5,27.8,18.4,12.4,17.9,24.4,26.9,31.5,32,35,35.3,36.6,37.5,43,49.8,58.9,68,71.8,72.7,74.2,79.7,83.3,,,,,,,,,,,,,,,,,,,,,,,,,,,,,,,,,,,,,,,,,,,,,,,,,,,,,,,,,,,,,,,,,,CUE,O,,2016,6,7,11/20/2003,15.83011583,18.85854308,18.85854308,,,,,,,95.2,86.9,81.1,73.2,72.9,77.5,85.6,102.6,119.3,124.8,124.7,124.4,121.1,117,110.4,99.5,86.4,66.9,49.4,41.2,,,,,,,,,,,,,,,,,,,,,,,,,,,,,,,,,,,,,,,,,,,,,,,,,,,,,,,,,,,,,,,,,,,,,,,18.4,12.4,17.9,24.4,26.9,31.5,32,35,35.3,36.6,37.5,43,49.8,58.9,68,71.8,72.7,74.2,79.7,83.3,,,,,,,,,,,,,,,,,,,,,,,,,,,,,,,,,,,,,,,,,,,,,,,,,,,,,,,,,,,,,,,,,,1860.1,909.3,93.005,45.465,115,55,6,6
55,CT,B,N,3,8,187,21,43,79,20,1,23,1.5,0,0,0,30,1610,94,7,100.3,84.9,68,61,71.6,59,48,,,,,,,,,,,,,,,,,,,,,,,,,,,,,,,,,,,,,,,,,,,,,,,,,,,,,,,,,,,,,,,,,,,,,,,,,,,,,,,,,,,,63.4,62.4,49.3,34.1,18,30.3,46.8,,,,,,,,,,,,,,,,,,,,,,,,,,,,,,,,,,,,,,,,,,,,,,,,,,,,,,,,,,,,,,,,,,,,,,,,,,,,,,,,,,,,CUE,O,,2016,1,7,11/20/2003,23.375,22.59434419,22.59434419,,,,,,71.6,59,48,,,,,,,,,,,,,,,,,,,,,,,,,,,,,,,,,,,,,,,,,,,,,,,,,,,,,,,,,,,,,,,,,,,,,,,,,,,,,,,,,,,,,,,,18,30.3,46.8,,,,,,,,,,,,,,,,,,,,,,,,,,,,,,,,,,,,,,,,,,,,,,,,,,,,,,,,,,,,,,,,,,,,,,,,,,,,,,,,,,,,178.6,95.1,59.53333333,31.7,115,55,5,5
56,CT,B,E,4,4.6,127,71,25,57,15,28,-57,1.5,0,0,0,30,1610,94,4,115,103,68.3,38.7,,,,,,,,,,,,,,,,,,,,,,,,,,,,,,,,,,,,,,,,,,,,,,,,,,,,,,,,,,,,,,,,,,,,,,,,,,,,,,,,,,,,,,,54.3,35.4,20.5,47,,,,,,,,,,,,,,,,,,,,,,,,,,,,,,,,,,,,,,,,,,,,,,,,,,,,,,,,,,,,,,,,,,,,,,,,,,,,,,,,,,,,,,,CUE,O,,2016,2,7,11/20/2003,27.60869565,22.59434419,22.59434419,,,,,,,,,,,,,,,,,,,,,,,,,,,,,,,,,,,,,,,,,,,,,,,,,,,,,,,,,,,,,,,,,,,,,,,,,,,,,,,,,,,,,,,,,,,,,,,,,,,,,,,,,,,,,,,,,,,,,,,,,,,,,,,,,,,,,,,,,,,,,,,,,,,,,,,,,,,,,,,,,,,,,,,,,,,,,,,,,,,,,,0,0,0,0,115,55,5,5
57,CT,B,S,4,20,458,42,20,80,17,3,46,1.5,3,0,0,30,1610,94,19,109.9,95.8,80,65.1,59.4,56.5,62.2,52.2,33.3,18.2,18.3,36.8,55.5,75.3,92.1,91.7,78.8,60.3,39,,,,,,,,,,,,,,,,,,,,,,,,,,,,,,,,,,,,,,,,,,,,,,,,,,,,,,,,,,,,,,,,,,,,,,,,39.3,19.8,8.4,21.7,28.8,46.6,72.7,81.3,77.9,71.9,68.3,51.1,35,15.9,10,22,52.4,55.8,58.4,,,,,,,,,,,,,,,,,,,,,,,,,,,,,,,,,,,,,,,,,,,,,,,,,,,,,,,,,,,,,,,,,,,,,,,,CUE,O,,2016,3,7,11/20/2003,22.9,22.59434419,22.59434419,,,,,,59.4,56.5,62.2,52.2,33.3,18.2,18.3,36.8,55.5,75.3,92.1,91.7,78.8,60.3,39,,,,,,,,,,,,,,,,,,,,,,,,,,,,,,,,,,,,,,,,,,,,,,,,,,,,,,,,,,,,,,,,,,,,,,,,,,,,28.8,46.6,72.7,81.3,77.9,71.9,68.3,51.1,35,15.9,10,22,52.4,55.8,58.4,,,,,,,,,,,,,,,,,,,,,,,,,,,,,,,,,,,,,,,,,,,,,,,,,,,,,,,,,,,,,,,,,,,,,,,,829.6,748.1,55.30666667,49.87333333,115,55,5,5
58,CT,B,E,3,5.7,124,64,9,46,37,17,-27,1.5,2,0,0,30,1610,94,5,112,106.3,90.5,67.2,37.2,,,,,,,,,,,,,,,,,,,,,,,,,,,,,,,,,,,,,,,,,,,,,,,,,,,,,,,,,,,,,,,,,,,,,,,,,,,,,,,,,,,,,,47.9,47.5,44.5,51,63.5,,,,,,,,,,,,,,,,,,,,,,,,,,,,,,,,,,,,,,,,,,,,,,,,,,,,,,,,,,,,,,,,,,,,,,,,,,,,,,,,,,,,,,CUE,O,,2016,4,7,11/20/2003,21.75438597,22.59434419,22.59434419,,,,,,37.2,,,,,,,,,,,,,,,,,,,,,,,,,,,,,,,,,,,,,,,,,,,,,,,,,,,,,,,,,,,,,,,,,,,,,,,,,,,,,,,,,,,,,,,,,,63.5,,,,,,,,,,,,,,,,,,,,,,,,,,,,,,,,,,,,,,,,,,,,,,,,,,,,,,,,,,,,,,,,,,,,,,,,,,,,,,,,,,,,,,37.2,63.5,37.2,63.5,115,55,5,5
59,CT,B,W,2,7.2,150,42,1,76,22,2,1,1.5,0,0,0,30,1610,94,7,108.1,92.6,73.8,52,33.1,31.2,17.1,,,,,,,,,,,,,,,,,,,,,,,,,,,,,,,,,,,,,,,,,,,,,,,,,,,,,,,,,,,,,,,,,,,,,,,,,,,,,,,,,,,,61.8,55.2,48.2,50.7,53.7,54.9,73.9,,,,,,,,,,,,,,,,,,,,,,,,,,,,,,,,,,,,,,,,,,,,,,,,,,,,,,,,,,,,,,,,,,,,,,,,,,,,,,,,,,,,CUE,O,,2016,5,7,11/20/2003,20.83333333,22.59434419,22.59434419,,,,,,33.1,31.2,17.1,,,,,,,,,,,,,,,,,,,,,,,,,,,,,,,,,,,,,,,,,,,,,,,,,,,,,,,,,,,,,,,,,,,,,,,,,,,,,,,,,,,,,,,,53.7,54.9,73.9,,,,,,,,,,,,,,,,,,,,,,,,,,,,,,,,,,,,,,,,,,,,,,,,,,,,,,,,,,,,,,,,,,,,,,,,,,,,,,,,,,,,81.4,182.5,27.13333333,60.83333333,115,55,5,5
60,CT,B,S,1,24.3,464,62,2,72,27,1,-27,1.5,3,0,0,30,1610,94,24,107.4,91.7,73.6,52.9,45.4,48.4,64.4,76.3,86.7,76.3,63,44.7,37.3,42.8,50.3,61,79.1,96,97.3,90.2,75.4,59.7,41.5,20.6,,,,,,,,,,,,,,,,,,,,,,,,,,,,,,,,,,,,,,,,,,,,,,,,,,,,,,,,,,,,,,,,,,,43.3,32.8,32.7,43.6,49.9,55.6,52.2,51.9,66.6,74.7,68.4,70.6,75,73.6,67.7,62.7,53.2,35.9,19.7,5.3,17.8,31.7,47.2,68.1,,,,,,,,,,,,,,,,,,,,,,,,,,,,,,,,,,,,,,,,,,,,,,,,,,,,,,,,,,,,,,,,,,,CUE,O,,2016,6,7,11/20/2003,19.09465021,22.59434419,22.59434419,,,,,,45.4,48.4,64.4,76.3,86.7,76.3,63,44.7,37.3,42.8,50.3,61,79.1,96,97.3,90.2,75.4,59.7,41.5,20.6,,,,,,,,,,,,,,,,,,,,,,,,,,,,,,,,,,,,,,,,,,,,,,,,,,,,,,,,,,,,,,,,,,,,,,,49.9,55.6,52.2,51.9,66.6,74.7,68.4,70.6,75,73.6,67.7,62.7,53.2,35.9,19.7,5.3,17.8,31.7,47.2,68.1,,,,,,,,,,,,,,,,,,,,,,,,,,,,,,,,,,,,,,,,,,,,,,,,,,,,,,,,,,,,,,,,,,,1256.4,1047.8,62.82,52.39,115,55,5,5
61,CT,B,N,3,7.1,130,22,37,60,40,0,-31,1.5,0,0,0,30,1610,95,7,108.3,105.3,96.9,81,67.6,53.1,36.9,,,,,,,,,,,,,,,,,,,,,,,,,,,,,,,,,,,,,,,,,,,,,,,,,,,,,,,,,,,,,,,,,,,,,,,,,,,,,,,,,,,,63.8,60.3,48.9,34.7,24.3,37.4,59.6,,,,,,,,,,,,,,,,,,,,,,,,,,,,,,,,,,,,,,,,,,,,,,,,,,,,,,,,,,,,,,,,,,,,,,,,,,,,,,,,,,,,CUE,O,,2016,1,7,11/20/2003,18.30985916,20.1077797,20.1077797,,,,,,,53.1,36.9,,,,,,,,,,,,,,,,,,,,,,,,,,,,,,,,,,,,,,,,,,,,,,,,,,,,,,,,,,,,,,,,,,,,,,,,,,,,,,,,,,,,,,,,,37.4,59.6,,,,,,,,,,,,,,,,,,,,,,,,,,,,,,,,,,,,,,,,,,,,,,,,,,,,,,,,,,,,,,,,,,,,,,,,,,,,,,,,,,,,90,97,45,48.5,115,55,6,6
62,CT,B,E,4,19.1,441,27,9,60,28,12,-64,1.5,1,0,0,30,1610,95,19,114.9,113.8,106.6,98.6,76.9,58.5,45.9,34.4,39.7,54.3,66.9,60.8,47.8,46.9,50.1,49.5,47.2,46.7,34.3,,,,,,,,,,,,,,,,,,,,,,,,,,,,,,,,,,,,,,,,,,,,,,,,,,,,,,,,,,,,,,,,,,,,,,,,64.7,59.3,44.4,27.1,12.9,27.2,40.6,70.5,90.1,103.9,100.7,71.4,56.4,41.9,41.9,61.9,82.1,89.3,97.3,,,,,,,,,,,,,,,,,,,,,,,,,,,,,,,,,,,,,,,,,,,,,,,,,,,,,,,,,,,,,,,,,,,,,,,,CUE,O,,2016,2,7,11/20/2003,23.08900524,20.1077797,20.1077797,,,,,,,58.5,45.9,34.4,39.7,54.3,66.9,60.8,47.8,46.9,50.1,49.5,47.2,46.7,34.3,,,,,,,,,,,,,,,,,,,,,,,,,,,,,,,,,,,,,,,,,,,,,,,,,,,,,,,,,,,,,,,,,,,,,,,,,,,,,27.2,40.6,70.5,90.1,103.9,100.7,71.4,56.4,41.9,41.9,61.9,82.1,89.3,97.3,,,,,,,,,,,,,,,,,,,,,,,,,,,,,,,,,,,,,,,,,,,,,,,,,,,,,,,,,,,,,,,,,,,,,,,,683,975.2,48.78571429,69.65714286,115,55,6,6
63,CT,B,S,4,30.1,675,39,23,31,43,26,4,1.5,0,0,0,30,1610,95,30,112.1,102.6,94.6,90.4,82.3,70.1,51.2,38.1,29.7,38.8,63.6,81.6,91.1,101.4,110.1,114.6,114.4,103.5,91.8,79.5,67.4,53.9,45,42.6,35.5,31.3,39.3,50.2,59.9,67,,,,,,,,,,,,,,,,,,,,,,,,,,,,,,,,,,,,,,,,,,,,,,,,,,,,,,,,,,,,,52.6,52.8,41.6,29.3,15.6,16,35,47.8,66.4,83.7,96.4,98.8,87.8,75,52.9,36,29.5,23.6,26.6,38.6,57.6,78.5,99,112.1,116.3,116.4,118.8,117.8,111.6,99.7,,,,,,,,,,,,,,,,,,,,,,,,,,,,,,,,,,,,,,,,,,,,,,,,,,,,,,,,,,,,,CUE,O,,2016,3,7,11/20/2003,22.42524917,20.1077797,20.1077797,,,,,,,70.1,51.2,38.1,29.7,38.8,63.6,81.6,91.1,101.4,110.1,114.6,114.4,103.5,91.8,79.5,67.4,53.9,45,42.6,35.5,31.3,39.3,50.2,59.9,67,,,,,,,,,,,,,,,,,,,,,,,,,,,,,,,,,,,,,,,,,,,,,,,,,,,,,,,,,,,,,,,,,,16,35,47.8,66.4,83.7,96.4,98.8,87.8,75,52.9,36,29.5,23.6,26.6,38.6,57.6,78.5,99,112.1,116.3,116.4,118.8,117.8,111.6,99.7,,,,,,,,,,,,,,,,,,,,,,,,,,,,,,,,,,,,,,,,,,,,,,,,,,,,,,,,,,,,,1671.6,1841.9,66.864,73.676,115,55,6,6
64,CT,B,E,3,11.6,227,79,4,26,46,28,-31,1.5,2,0,0,30,1610,95,11,119.8,114.2,100.4,83.6,74,70.9,85.6,83.1,72.2,59.2,36.1,,,,,,,,,,,,,,,,,,,,,,,,,,,,,,,,,,,,,,,,,,,,,,,,,,,,,,,,,,,,,,,,,,,,,,,,,,,,,,,,52.2,51.1,47.7,52.3,70.4,91.2,91.4,74.8,59.8,55.8,62.9,,,,,,,,,,,,,,,,,,,,,,,,,,,,,,,,,,,,,,,,,,,,,,,,,,,,,,,,,,,,,,,,,,,,,,,,,,,,,,,,CUE,O,,2016,4,7,11/20/2003,19.56896552,20.1077797,20.1077797,,,,,,,70.9,85.6,83.1,72.2,59.2,36.1,,,,,,,,,,,,,,,,,,,,,,,,,,,,,,,,,,,,,,,,,,,,,,,,,,,,,,,,,,,,,,,,,,,,,,,,,,,,,,,,,,,,,91.2,91.4,74.8,59.8,55.8,62.9,,,,,,,,,,,,,,,,,,,,,,,,,,,,,,,,,,,,,,,,,,,,,,,,,,,,,,,,,,,,,,,,,,,,,,,,,,,,,,,,407.1,435.9,67.85,72.65,115,55,6,6
65,CT,B,W,2,30.1,677,37,16,10,42,48,44,1.5,0,0,0,30,1610,95,30,106.3,95.6,79,63.4,49.6,39.4,35.9,30.7,29,37.8,55.2,72.3,91.2,102.4,104.3,105.2,106.7,112.5,111.6,104.8,97.4,84.3,74.5,61.9,49.6,42.4,42.6,47.4,50.2,46.2,,,,,,,,,,,,,,,,,,,,,,,,,,,,,,,,,,,,,,,,,,,,,,,,,,,,,,,,,,,,,65.5,68.8,77.6,89.5,106.6,119.2,120.9,110.7,96.1,82.4,72.7,61.6,55.1,49.2,40,25,23.9,42.9,63,72,85.3,92.1,103.4,110.3,118,125.2,127.6,127.2,124.8,120.7,,,,,,,,,,,,,,,,,,,,,,,,,,,,,,,,,,,,,,,,,,,,,,,,,,,,,,,,,,,,,CUE,O,,2016,5,7,11/20/2003,22.49169435,20.1077797,20.1077797,,,,,,,39.4,35.9,30.7,29,37.8,55.2,72.3,91.2,102.4,104.3,105.2,106.7,112.5,111.6,104.8,97.4,84.3,74.5,61.9,49.6,42.4,42.6,47.4,50.2,46.2,,,,,,,,,,,,,,,,,,,,,,,,,,,,,,,,,,,,,,,,,,,,,,,,,,,,,,,,,,,,,,,,,,119.2,120.9,110.7,96.1,82.4,72.7,61.6,55.1,49.2,40,25,23.9,42.9,63,72,85.3,92.1,103.4,110.3,118,125.2,127.6,127.2,124.8,120.7,,,,,,,,,,,,,,,,,,,,,,,,,,,,,,,,,,,,,,,,,,,,,,,,,,,,,,,,,,,,,1735.5,2169.3,69.42,86.772,115,55,6,6
66,CT,B,S,1,16.8,248,71,2,0,42,58,63,1.5,0,0,0,30,1610,95,16,105.5,93.5,82.6,73.9,75.8,79.4,89.2,88,83.3,75.9,69.6,63.5,55.9,49.5,38.1,26,,,,,,,,,,,,,,,,,,,,,,,,,,,,,,,,,,,,,,,,,,,,,,,,,,,,,,,,,,,,,,,,,,,,,,,,,,,61.9,65.2,62.8,64.9,63,70.2,85.2,98.4,106.2,111.1,116.3,120.9,124.2,125.4,121.8,113.7,,,,,,,,,,,,,,,,,,,,,,,,,,,,,,,,,,,,,,,,,,,,,,,,,,,,,,,,,,,,,,,,,,,,,,,,,,,CUE,O,,2016,6,7,11/20/2003,14.76190476,20.1077797,20.1077797,,,,,,,79.4,89.2,88,83.3,75.9,69.6,63.5,55.9,49.5,38.1,26,,,,,,,,,,,,,,,,,,,,,,,,,,,,,,,,,,,,,,,,,,,,,,,,,,,,,,,,,,,,,,,,,,,,,,,,,,,,,,,,70.2,85.2,98.4,106.2,111.1,116.3,120.9,124.2,125.4,121.8,113.7,,,,,,,,,,,,,,,,,,,,,,,,,,,,,,,,,,,,,,,,,,,,,,,,,,,,,,,,,,,,,,,,,,,,,,,,,,,718.4,1193.4,65.30909091,108.4909091,115,55,6,6
67,CT,B,N,3,4.3,95,0,93,47,52,1,39,1.5,0,1,0,30,1610,99,4,100.9,88.1,66.4,42.4,,,,,,,,,,,,,,,,,,,,,,,,,,,,,,,,,,,,,,,,,,,,,,,,,,,,,,,,,,,,,,,,,,,,,,,,,,,,,,,,,,,,,,,65,72.2,75.1,73.8,,,,,,,,,,,,,,,,,,,,,,,,,,,,,,,,,,,,,,,,,,,,,,,,,,,,,,,,,,,,,,,,,,,,,,,,,,,,,,,,,,,,,,,CUE,O,,2016,1,7,11/20/2003,22.09302326,22.35365857,22.35365857,,,,,,,,,,,,,,,,,,,,,,,,,,,,,,,,,,,,,,,,,,,,,,,,,,,,,,,,,,,,,,,,,,,,,,,,,,,,,,,,,,,,,,,,,,,,,,,,,,,,,,,,,,,,,,,,,,,,,,,,,,,,,,,,,,,,,,,,,,,,,,,,,,,,,,,,,,,,,,,,,,,,,,,,,,,,,,,,,,,,,,0,0,0,0,115,55,5,4
68,CT,B,E,4,4.2,96,0,5,46,46,8,30,1.5,0,0,0,30,1610,99,4,100.2,81.4,66.9,41.8,,,,,,,,,,,,,,,,,,,,,,,,,,,,,,,,,,,,,,,,,,,,,,,,,,,,,,,,,,,,,,,,,,,,,,,,,,,,,,,,,,,,,,,64.3,65.5,68.5,70.3,,,,,,,,,,,,,,,,,,,,,,,,,,,,,,,,,,,,,,,,,,,,,,,,,,,,,,,,,,,,,,,,,,,,,,,,,,,,,,,,,,,,,,,CUE,O,,2016,2,7,11/20/2003,22.85714286,22.35365857,22.35365857,,,,,,,,,,,,,,,,,,,,,,,,,,,,,,,,,,,,,,,,,,,,,,,,,,,,,,,,,,,,,,,,,,,,,,,,,,,,,,,,,,,,,,,,,,,,,,,,,,,,,,,,,,,,,,,,,,,,,,,,,,,,,,,,,,,,,,,,,,,,,,,,,,,,,,,,,,,,,,,,,,,,,,,,,,,,,,,,,,,,,,0,0,0,0,115,55,5,4
69,CT,B,S,4,5.8,129,66,24,73,22,5,44,1.5,1,0,0,30,1610,99,5,107.4,93.1,79.4,58.8,36.1,,,,,,,,,,,,,,,,,,,,,,,,,,,,,,,,,,,,,,,,,,,,,,,,,,,,,,,,,,,,,,,,,,,,,,,,,,,,,,,,,,,,,,35.2,13.4,11,30.5,51,,,,,,,,,,,,,,,,,,,,,,,,,,,,,,,,,,,,,,,,,,,,,,,,,,,,,,,,,,,,,,,,,,,,,,,,,,,,,,,,,,,,,,CUE,O,,2016,3,7,11/20/2003,22.24137931,22.35365857,22.35365857,,,,,,36.1,,,,,,,,,,,,,,,,,,,,,,,,,,,,,,,,,,,,,,,,,,,,,,,,,,,,,,,,,,,,,,,,,,,,,,,,,,,,,,,,,,,,,,,,,,51,,,,,,,,,,,,,,,,,,,,,,,,,,,,,,,,,,,,,,,,,,,,,,,,,,,,,,,,,,,,,,,,,,,,,,,,,,,,,,,,,,,,,,36.1,51,36.1,51,115,55,5,5
70,CT,B,E,3,6.6,143,0,18,46,40,14,71,1.5,0,0,0,30,1610,99,6,119.5,112.3,106.6,95.5,73.3,49.6,,,,,,,,,,,,,,,,,,,,,,,,,,,,,,,,,,,,,,,,,,,,,,,,,,,,,,,,,,,,,,,,,,,,,,,,,,,,,,,,,,,,,39.2,24.9,19.3,19.2,27.6,47.1,,,,,,,,,,,,,,,,,,,,,,,,,,,,,,,,,,,,,,,,,,,,,,,,,,,,,,,,,,,,,,,,,,,,,,,,,,,,,,,,,,,,,CUE,O,,2016,4,7,11/20/2003,21.66666667,22.35365857,22.35365857,,,,,,73.3,49.6,,,,,,,,,,,,,,,,,,,,,,,,,,,,,,,,,,,,,,,,,,,,,,,,,,,,,,,,,,,,,,,,,,,,,,,,,,,,,,,,,,,,,,,,,27.6,47.1,,,,,,,,,,,,,,,,,,,,,,,,,,,,,,,,,,,,,,,,,,,,,,,,,,,,,,,,,,,,,,,,,,,,,,,,,,,,,,,,,,,,,122.9,74.7,61.45,37.35,115,55,5,5
71,CT,B,W,2,5.1,131,20,2,58,40,2,42,1.5,0,0,0,30,1610,99,5,106.1,86.9,67.3,41,28.9,,,,,,,,,,,,,,,,,,,,,,,,,,,,,,,,,,,,,,,,,,,,,,,,,,,,,,,,,,,,,,,,,,,,,,,,,,,,,,,,,,,,,,61,65.2,64.8,68.2,80.1,,,,,,,,,,,,,,,,,,,,,,,,,,,,,,,,,,,,,,,,,,,,,,,,,,,,,,,,,,,,,,,,,,,,,,,,,,,,,,,,,,,,,,CUE,O,,2016,5,7,11/20/2003,25.68627451,22.35365857,22.35365857,,,,,,,,,,,,,,,,,,,,,,,,,,,,,,,,,,,,,,,,,,,,,,,,,,,,,,,,,,,,,,,,,,,,,,,,,,,,,,,,,,,,,,,,,,,,,,,,,,,,,,,,,,,,,,,,,,,,,,,,,,,,,,,,,,,,,,,,,,,,,,,,,,,,,,,,,,,,,,,,,,,,,,,,,,,,,,,,,,,,,,0,0,0,0,115,55,5,5
72,CT,B,S,1,7.1,139,70,2,68,27,5,53,1.5,1,0,0,30,1610,99,7,100.8,82.7,63.7,51.7,40.9,28.6,13.8,,,,,,,,,,,,,,,,,,,,,,,,,,,,,,,,,,,,,,,,,,,,,,,,,,,,,,,,,,,,,,,,,,,,,,,,,,,,,,,,,,,,62.2,66.3,62.3,52.2,50.5,60.2,75.1,,,,,,,,,,,,,,,,,,,,,,,,,,,,,,,,,,,,,,,,,,,,,,,,,,,,,,,,,,,,,,,,,,,,,,,,,,,,,,,,,,,,CUE,O,,2016,6,7,11/20/2003,19.57746479,22.35365857,22.35365857,,,,,,40.9,28.6,13.8,,,,,,,,,,,,,,,,,,,,,,,,,,,,,,,,,,,,,,,,,,,,,,,,,,,,,,,,,,,,,,,,,,,,,,,,,,,,,,,,,,,,,,,,50.5,60.2,75.1,,,,,,,,,,,,,,,,,,,,,,,,,,,,,,,,,,,,,,,,,,,,,,,,,,,,,,,,,,,,,,,,,,,,,,,,,,,,,,,,,,,,83.3,185.8,27.76666667,61.93333333,115,55,5,5
10,1,A,S,2,79.6,1891,44,15,7,27,66,16,1.5,1,2,0,90,1610,18,79,59.6,58.1,51.7,45.7,47,53.3,58.7,57.4,42.1,31,43,35,37.9,70.9,82.4,83.4,85.3,78.9,74.2,85.5,90.4,95.7,89,71.6,41.5,37.8,44.7,43,48.8,63.6,77.1,91.1,99,97.8,100.4,110.9,110.1,97.4,84.1,86.7,105.2,104.8,96.1,85.2,68.5,53.5,44.9,45.2,49.3,54.8,58.2,56.7,53,46.1,41.9,42.1,46.2,57.7,76,87.4,87.9,93.8,101.4,117.9,121.1,120.9,104.5,101.1,93.3,79.7,71.4,63.1,51.6,42.7,41.1,41.7,40.7,31.7,14.5,,,,,,,,,,,,109.1,108,103,102.3,96.3,102.1,113.9,114.3,113.6,115.4,126.8,115.9,93.6,95.6,96.8,72.1,44.1,14.9,50,91.9,95.3,86.5,68.2,66.7,83.3,114.8,127.1,128,127.8,123.7,113.2,99,83.9,80.2,73.9,60.9,49.9,29.6,12.2,48.4,79.3,80.3,81.8,94.3,110.7,119.5,127.6,129.4,127.1,125,122.7,121,122.8,124,126.7,126.4,123.2,116.4,106.8,97.8,96.4,94.1,78.2,67.2,59.6,56.3,26.2,23.8,47.5,72.5,98.9,117.5,121.5,126.4,126.4,126.8,126,117.3,99.9,,,,,,,,,,,,FS,Y,,2016,1,0,11/11/2003,23.75628141,23.06375481,23.06375481,23.06375481,,58.1,51.7,45.7,47,53.3,58.7,57.4,42.1,31,43,35,37.9,70.9,82.4,83.4,85.3,78.9,74.2,85.5,90.4,95.7,89,71.6,41.5,37.8,44.7,43,48.8,63.6,77.1,91.1,99,97.8,100.4,110.9,110.1,97.4,84.1,86.7,105.2,104.8,96.1,85.2,68.5,53.5,44.9,45.2,49.3,54.8,58.2,56.7,53,46.1,41.9,42.1,46.2,57.7,76,87.4,87.9,93.8,101.4,117.9,121.1,120.9,104.5,101.1,93.3,79.7,71.4,63.1,51.6,42.7,41.1,41.7,40.7,31.7,14.5,,,,,,,,,,,,,108,103,102.3,96.3,102.1,113.9,114.3,113.6,115.4,126.8,115.9,93.6,95.6,96.8,72.1,44.1,14.9,50,91.9,95.3,86.5,68.2,66.7,83.3,114.8,127.1,128,127.8,123.7,113.2,99,83.9,80.2,73.9,60.9,49.9,29.6,12.2,48.4,79.3,80.3,81.8,94.3,110.7,119.5,127.6,129.4,127.1,125,122.7,121,122.8,124,126.7,126.4,123.2,116.4,106.8,97.8,96.4,94.1,78.2,67.2,59.6,56.3,26.2,23.8,47.5,72.5,98.9,117.5,121.5,126.4,126.4,126.8,126,117.3,99.9,,,,,,,,,,,,5395.1,7388.5,69.16794872,94.72435897,55,115,2,2
34,1,A,S,2,90.1,2288,23,32,4,26,70,-113,1.5,0,0,0,90,1610,37,90,59.4,61.6,66.8,85.6,99.3,101.4,96,102.6,119.2,125.3,121.5,104.2,91.3,76.4,71.4,61.1,23.9,33.5,66.4,71.8,85.7,110.7,119.5,123.6,122.2,117.8,109.6,97.4,83.8,71.5,60.1,49.1,44.1,45.3,47.6,47.4,55.1,69.9,81,92.3,100.3,110.6,116.3,120.3,122.7,121.5,114.6,103.4,88.2,70.7,54.3,46.5,44.5,44.9,39.4,38.8,44,37.5,26.7,46,82.2,115.7,123.3,121.7,116.8,105.9,90.1,78,70.4,72.3,63.3,41,20.6,51.1,80.9,97.4,110.6,120.1,122.5,122.1,121.4,121.6,121.6,121.6,121.2,114.1,101.2,89,95.3,101.8,108.5,109.2,107.5,100.9,90,79,51.7,27.9,33.7,39.7,37.6,41.9,71.1,91.8,114.4,111.7,98.8,99.3,111.2,103,87.1,77.5,61.7,49.7,50.8,61.9,76,89.4,101.1,109.9,116.1,123.7,128.8,128.7,126.8,126.5,122.4,118.6,107.6,94.9,78.2,63.2,49.6,39.3,39.7,50.3,68.1,84.1,97.5,110.2,120.2,123.4,124.9,126,123.8,123.8,127.7,122.4,105.6,81.8,60.9,56.6,56.5,52.3,37.8,21.6,32.6,65.3,94.5,114.1,109.2,103.4,100.7,104.7,104.7,93.9,78.6,60.6,51.3,48.4,50.8,52.1,52.1,52.1,45.8,34.7,17.2,27.9,67.5,78.1,FS,Y,,2016,1,0,11/11/2003,25.39400666,24.55061834,24.55061834,24.55061834,,61.6,66.8,85.6,99.3,101.4,96,102.6,119.2,125.3,121.5,104.2,91.3,76.4,71.4,61.1,23.9,33.5,66.4,71.8,85.7,110.7,119.5,123.6,122.2,117.8,109.6,97.4,83.8,71.5,60.1,49.1,44.1,45.3,47.6,47.4,55.1,69.9,81,92.3,100.3,110.6,116.3,120.3,122.7,121.5,114.6,103.4,88.2,70.7,54.3,46.5,44.5,44.9,39.4,38.8,44,37.5,26.7,46,82.2,115.7,123.3,121.7,116.8,105.9,90.1,78,70.4,72.3,63.3,41,20.6,51.1,80.9,97.4,110.6,120.1,122.5,122.1,121.4,121.6,121.6,121.6,121.2,114.1,101.2,89,95.3,101.8,,109.2,107.5,100.9,90,79,51.7,27.9,33.7,39.7,37.6,41.9,71.1,91.8,114.4,111.7,98.8,99.3,111.2,103,87.1,77.5,61.7,49.7,50.8,61.9,76,89.4,101.1,109.9,116.1,123.7,128.8,128.7,126.8,126.5,122.4,118.6,107.6,94.9,78.2,63.2,49.6,39.3,39.7,50.3,68.1,84.1,97.5,110.2,120.2,123.4,124.9,126,123.8,123.8,127.7,122.4,105.6,81.8,60.9,56.6,56.5,52.3,37.8,21.6,32.6,65.3,94.5,114.1,109.2,103.4,100.7,104.7,104.7,93.9,78.6,60.6,51.3,48.4,50.8,52.1,52.1,52.1,45.8,34.7,17.2,27.9,67.5,78.1,7619,7265.4,85.60674157,81.63370787,55,115,2,2
7,1,B,S,2,90.1,1965,17,24,7,26,67,-114,1.5,0,2,0,90,1610,49,90,58.9,62.1,63.2,60.9,60,84,101.5,94,79.9,51.3,74.7,103.9,105,93.9,84.6,68.5,48.7,21.9,38.2,60.4,60.9,59.2,64.9,64.3,59.1,37.5,17.9,59.9,80,91.9,93,89.9,92.4,99.6,96.7,112.5,119.3,113.7,98.7,92.8,113.6,112.9,116.7,120.4,119.9,118.7,124,123.5,119.2,110.7,107,103.4,105.2,105.9,106.4,97,78.1,76.7,94.3,90.2,78.9,71.5,71.9,70.8,66.1,56.3,39.5,16.3,42.2,49.1,53.4,77.6,87.5,94.5,115.5,120,122.7,124.5,124.2,124.1,120.9,110.6,96.2,59,35,56,59.8,66.6,73.5,72.9,109.8,109,106.3,101,102,96.6,88.2,87.2,90,76,62.1,72.2,75.9,78.8,100.3,109.3,103.3,99.6,116.4,124.3,117.4,112.4,117.5,117.9,116.3,107.6,96.9,106.9,104.9,97.5,93.5,90.3,88.2,90.1,79.4,69.3,61.2,49.2,21.9,24.9,56.2,58.3,46.8,39.2,37.7,34.1,44.6,54.3,54,57.2,77.8,83,81.5,79.5,70.6,43.2,16.2,49.6,87.1,91.3,95.2,113.9,115.9,115,109.6,100.9,94.1,97.9,121.2,124.3,118.1,107.3,96.7,76.5,66.8,61.7,53.3,42.7,40.8,40.5,35.3,25.5,13.6,27.7,80,118.3,124.6,121.7,117.4,110.7,FS,Y,,2016,1,0,11/11/2003,21.809101,22.70946236,22.70946236,22.70946236,,62.1,63.2,60.9,60,84,101.5,94,79.9,51.3,74.7,103.9,105,93.9,84.6,68.5,48.7,21.9,38.2,60.4,60.9,59.2,64.9,64.3,59.1,37.5,17.9,59.9,80,91.9,93,89.9,92.4,99.6,96.7,112.5,119.3,113.7,98.7,92.8,113.6,112.9,116.7,120.4,119.9,118.7,124,123.5,119.2,110.7,107,103.4,105.2,105.9,106.4,97,78.1,76.7,94.3,90.2,78.9,71.5,71.9,70.8,66.1,56.3,39.5,16.3,42.2,49.1,53.4,77.6,87.5,94.5,115.5,120,122.7,124.5,124.2,124.1,120.9,110.6,96.2,59,35,56,59.8,66.6,73.5,72.9,,109,106.3,101,102,96.6,88.2,87.2,90,76,62.1,72.2,75.9,78.8,100.3,109.3,103.3,99.6,116.4,124.3,117.4,112.4,117.5,117.9,116.3,107.6,96.9,106.9,104.9,97.5,93.5,90.3,88.2,90.1,79.4,69.3,61.2,49.2,21.9,24.9,56.2,58.3,46.8,39.2,37.7,34.1,44.6,54.3,54,57.2,77.8,83,81.5,79.5,70.6,43.2,16.2,49.6,87.1,91.3,95.2,113.9,115.9,115,109.6,100.9,94.1,97.9,121.2,124.3,118.1,107.3,96.7,76.5,66.8,61.7,53.3,42.7,40.8,40.5,35.3,25.5,13.6,27.7,80,118.3,124.6,121.7,117.4,110.7,7461.8,7291.2,83.84044944,81.92359551,55,115,2,2
25,1,B,S,2,90.1,2224,28,22,13,28,59,-118,1.5,1,1,0,90,1610,78,90,55.6,54.4,67.2,66.4,78.1,100.9,119.7,119.5,113.9,103.4,83.6,58,28.6,29.8,48,48.4,48.3,56.6,66,57.8,35.2,10,27.7,57.8,65,70.3,71.4,64,51.6,62.2,63.9,58.6,52,46.2,34.8,41.8,61.3,81,91.9,100.3,115.9,119.7,115.1,101.3,85.7,76.3,73.8,72.3,58.5,32.1,24.9,64.5,98.3,101.2,107.7,107.8,108.1,102.6,101.9,107.4,113.9,108.8,98.3,89.6,80,71.9,65.2,56.7,53.2,45.6,43.1,40,43.2,53.9,74.1,87.8,101.2,112.4,119.6,122.7,123,121.1,116.7,110.2,104.7,89.4,69.5,45.1,44,47.2,104,104.4,94.5,67.1,29,17.6,40.8,39.4,38,36.3,25.7,31.4,63.4,96.7,119.4,121.4,120.5,117.6,109.8,93.5,80.6,81.3,89.9,110.7,117.2,111.2,97.6,88.3,92.4,117.4,119.7,120,121.8,124.3,118.5,117.7,115.4,105.3,93.9,78.3,66.3,51.9,32.3,21.1,39.3,71.9,94.7,107.4,107.2,89.6,68.8,68.8,85.1,81.1,75,74,74.1,52.1,28.1,25.5,49.5,63.8,80.2,92.7,105.1,109.3,109.7,119.3,123.4,126.2,127.7,125.5,125.7,120.9,109.8,100.1,88.9,74.8,61.6,51.7,41.9,38.8,50.9,65.2,73.8,71.6,70.9,82.6,113.2,124.3,FS,Y,,2016,1,0,11/11/2003,24.6836848,24.12725957,24.12725957,24.12725957,,54.4,67.2,66.4,78.1,100.9,119.7,119.5,113.9,103.4,83.6,58,28.6,29.8,48,48.4,48.3,56.6,66,57.8,35.2,10,27.7,57.8,65,70.3,71.4,64,51.6,62.2,63.9,58.6,52,46.2,34.8,41.8,61.3,81,91.9,100.3,115.9,119.7,115.1,101.3,85.7,76.3,73.8,72.3,58.5,32.1,24.9,64.5,98.3,101.2,107.7,107.8,108.1,102.6,101.9,107.4,113.9,108.8,98.3,89.6,80,71.9,65.2,56.7,53.2,45.6,43.1,40,43.2,53.9,74.1,87.8,101.2,112.4,119.6,122.7,123,121.1,116.7,110.2,104.7,89.4,69.5,45.1,44,47.2,,104.4,94.5,67.1,29,17.6,40.8,39.4,38,36.3,25.7,31.4,63.4,96.7,119.4,121.4,120.5,117.6,109.8,93.5,80.6,81.3,89.9,110.7,117.2,111.2,97.6,88.3,92.4,117.4,119.7,120,121.8,124.3,118.5,117.7,115.4,105.3,93.9,78.3,66.3,51.9,32.3,21.1,39.3,71.9,94.7,107.4,107.2,89.6,68.8,68.8,85.1,81.1,75,74,74.1,52.1,28.1,25.5,49.5,63.8,80.2,92.7,105.1,109.3,109.7,119.3,123.4,126.2,127.7,125.5,125.7,120.9,109.8,100.1,88.9,74.8,61.6,51.7,41.9,38.8,50.9,65.2,73.8,71.6,70.9,82.6,113.2,124.3,6722.8,7481.4,75.53707865,84.06067416,55,115,2,2
10,1,A,S,2,79.6,1891,44,15,7,27,66,16,1.5,1,2,0,90,1610,18,79,59.6,58.1,51.7,45.7,47,53.3,58.7,57.4,42.1,31,43,35,37.9,70.9,82.4,83.4,85.3,78.9,74.2,85.5,90.4,95.7,89,71.6,41.5,37.8,44.7,43,48.8,63.6,77.1,91.1,99,97.8,100.4,110.9,110.1,97.4,84.1,86.7,105.2,104.8,96.1,85.2,68.5,53.5,44.9,45.2,49.3,54.8,58.2,56.7,53,46.1,41.9,42.1,46.2,57.7,76,87.4,87.9,93.8,101.4,117.9,121.1,120.9,104.5,101.1,93.3,79.7,71.4,63.1,51.6,42.7,41.1,41.7,40.7,31.7,14.5,,,,,,,,,,,,109.1,108,103,102.3,96.3,102.1,113.9,114.3,113.6,115.4,126.8,115.9,93.6,95.6,96.8,72.1,44.1,14.9,50,91.9,95.3,86.5,68.2,66.7,83.3,114.8,127.1,128,127.8,123.7,113.2,99,83.9,80.2,73.9,60.9,49.9,29.6,12.2,48.4,79.3,80.3,81.8,94.3,110.7,119.5,127.6,129.4,127.1,125,122.7,121,122.8,124,126.7,126.4,123.2,116.4,106.8,97.8,96.4,94.1,78.2,67.2,59.6,56.3,26.2,23.8,47.5,72.5,98.9,117.5,121.5,126.4,126.4,126.8,126,117.3,99.9,,,,,,,,,,,,TT,Y,,2016,1,1,11/11/2003,23.75628141,22.91260613,23.06375481,22.15686275,,58.1,51.7,45.7,47,53.3,58.7,57.4,42.1,31,43,35,37.9,70.9,82.4,83.4,85.3,78.9,74.2,85.5,90.4,95.7,89,71.6,41.5,37.8,44.7,43,48.8,63.6,77.1,91.1,99,97.8,100.4,110.9,110.1,97.4,84.1,86.7,105.2,104.8,96.1,85.2,68.5,53.5,44.9,45.2,49.3,54.8,58.2,56.7,53,46.1,41.9,42.1,46.2,57.7,76,87.4,87.9,93.8,101.4,117.9,121.1,120.9,104.5,101.1,93.3,79.7,71.4,63.1,51.6,42.7,41.1,41.7,40.7,31.7,14.5,,,,,,,,,,,,,108,103,102.3,96.3,102.1,113.9,114.3,113.6,115.4,126.8,115.9,93.6,95.6,96.8,72.1,44.1,14.9,50,91.9,95.3,86.5,68.2,66.7,83.3,114.8,127.1,128,127.8,123.7,113.2,99,83.9,80.2,73.9,60.9,49.9,29.6,12.2,48.4,79.3,80.3,81.8,94.3,110.7,119.5,127.6,129.4,127.1,125,122.7,121,122.8,124,126.7,126.4,123.2,116.4,106.8,97.8,96.4,94.1,78.2,67.2,59.6,56.3,26.2,23.8,47.5,72.5,98.9,117.5,121.5,126.4,126.4,126.8,126,117.3,99.9,,,,,,,,,,,,5395.1,7388.5,69.16794872,94.72435897,55,115,2,2
11,1,A,W,2,12.3,233,45,1,17,54,29,63,1.5,1,0,0,90,1610,18,12,112.8,107.2,105.9,104.7,99.1,78.6,40.6,22.8,39.8,37.6,30.6,13.7,,,,,,,,,,,,,,,,,,,,,,,,,,,,,,,,,,,,,,,,,,,,,,,,,,,,,,,,,,,,,,,,,,,,,,,,,,,,,,,57.2,51,58.9,69,68.3,65.5,74.2,103.1,125.3,122.5,114.1,98.3,,,,,,,,,,,,,,,,,,,,,,,,,,,,,,,,,,,,,,,,,,,,,,,,,,,,,,,,,,,,,,,,,,,,,,,,,,,,,,,TT,Y,,2016,2,1,11/11/2003,18.94308943,22.91260613,23.06375481,22.15686275,,,,,99.1,78.6,40.6,22.8,39.8,37.6,30.6,13.7,,,,,,,,,,,,,,,,,,,,,,,,,,,,,,,,,,,,,,,,,,,,,,,,,,,,,,,,,,,,,,,,,,,,,,,,,,,,,,,,,,,68.3,65.5,74.2,103.1,125.3,122.5,114.1,98.3,,,,,,,,,,,,,,,,,,,,,,,,,,,,,,,,,,,,,,,,,,,,,,,,,,,,,,,,,,,,,,,,,,,,,,,,,,,,,,,362.8,771.3,45.35,96.4125,115,55,5,5
12,1,A,N,2,34.4,797,23,40,54,38,8,69,1.5,1,0,0,90,1610,18,34,107.4,103.1,105.3,110.6,118,111.3,101.4,79.1,42.2,25.1,39.4,36.9,18.2,25.6,58.5,86.4,90.5,81,69.7,64,54.8,38,32.8,42,40.7,36.3,54.6,84.9,115,120.2,118.3,104.2,60.4,19.8,,,,,,,,,,,,,,,,,,,,,,,,,,,,,,,,,,,,,,,,,,,,,,,,,,,,,,,,,55.2,45.4,33,26.4,32.9,27,24.7,34.8,69.7,104.9,125,122.3,99.7,65,30.5,37.1,49.6,40.8,30.7,35.3,46.2,56.2,53.2,48.4,56.8,58.9,43.9,27.9,38.7,42.1,46.7,40,40.7,70.7,,,,,,,,,,,,,,,,,,,,,,,,,,,,,,,,,,,,,,,,,,,,,,,,,,,,,,,,,TT,Y,,2016,3,1,11/11/2003,23.16860465,22.91260613,23.06375481,22.15686275,,,,,118,111.3,101.4,79.1,42.2,25.1,39.4,36.9,18.2,25.6,58.5,86.4,90.5,81,69.7,64,54.8,38,32.8,42,40.7,36.3,54.6,84.9,115,120.2,118.3,104.2,60.4,19.8,,,,,,,,,,,,,,,,,,,,,,,,,,,,,,,,,,,,,,,,,,,,,,,,,,,,,,,,,,,,,32.9,27,24.7,34.8,69.7,104.9,125,122.3,99.7,65,30.5,37.1,49.6,40.8,30.7,35.3,46.2,56.2,53.2,48.4,56.8,58.9,43.9,27.9,38.7,42.1,46.7,40,40.7,70.7,,,,,,,,,,,,,,,,,,,,,,,,,,,,,,,,,,,,,,,,,,,,,,,,,,,,,,,,,1969.3,1600.4,65.64333333,53.34666667,115,55,5,5
10,2,A,N,2,90.1,2371,32,19,6,33,61,56,1.5,0,0,0,90,1610,18,90,110.6,107.1,99.6,82,63.2,56.8,68.7,68.5,71,57.7,45.4,42.5,41.9,61.9,68.3,65,74.7,99.7,120.5,123.6,117.1,111.5,101.3,85.7,70.2,54.5,43.1,44.5,44.3,60.6,70.3,78.7,86.5,99.5,104.9,106.1,109.2,104.8,91.5,81.7,69.3,48.8,39.3,42,40.4,42.1,40.4,43.6,44.9,50,70.3,88.2,91.7,103.1,113.7,109,116.9,113.7,111.3,110.9,99.5,92.8,81.6,68,58.2,49.4,39,38.9,39.2,56.4,63.8,76.8,96,102.2,115,111.2,91.7,65,39.5,36.7,43.6,41.8,41.5,52.8,57.8,71.3,89.9,91.2,76.3,47.7,58.6,49.1,37.4,15.6,31,71.5,100.2,100,103.6,114.6,126,127.9,121.6,120.1,111.5,86.2,49.6,25.6,35.4,42.5,51.7,71.2,80.2,94.4,110.5,118.9,126.4,128.6,119.1,111,94.4,70.2,42.4,36.4,32.1,21.6,39.9,60.6,72.2,92.8,102,108.8,121.5,127.2,125.6,127.5,125.9,126.1,122.7,117.3,109.9,98.5,86.8,74.2,69.8,48.2,36.4,30.3,45.3,59.8,71.3,91.2,98.8,107.7,121.2,122.4,122.6,124.3,119.2,117.3,109.9,96.2,89.5,71.7,66.7,67.1,70,81.8,100.6,119.9,128.4,125.5,118.3,117.1,104.6,79.9,79.9,84.6,80.1,74.9,TT,Y,,2016,4,1,11/12/2003,26.31520533,22.91260613,23.06375481,22.15686275,,,,,63.2,56.8,68.7,68.5,71,57.7,45.4,42.5,41.9,61.9,68.3,65,74.7,99.7,120.5,123.6,117.1,111.5,101.3,85.7,70.2,54.5,43.1,44.5,44.3,60.6,70.3,78.7,86.5,99.5,104.9,106.1,109.2,104.8,91.5,81.7,69.3,48.8,39.3,42,40.4,42.1,40.4,43.6,44.9,50,70.3,88.2,91.7,103.1,113.7,109,116.9,113.7,111.3,110.9,99.5,92.8,81.6,68,58.2,49.4,39,38.9,39.2,56.4,63.8,76.8,96,102.2,115,111.2,91.7,65,39.5,36.7,43.6,41.8,41.5,52.8,57.8,71.3,89.9,91.2,76.3,47.7,,,,,31,71.5,100.2,100,103.6,114.6,126,127.9,121.6,120.1,111.5,86.2,49.6,25.6,35.4,42.5,51.7,71.2,80.2,94.4,110.5,118.9,126.4,128.6,119.1,111,94.4,70.2,42.4,36.4,32.1,21.6,39.9,60.6,72.2,92.8,102,108.8,121.5,127.2,125.6,127.5,125.9,126.1,122.7,117.3,109.9,98.5,86.8,74.2,69.8,48.2,36.4,30.3,45.3,59.8,71.3,91.2,98.8,107.7,121.2,122.4,122.6,124.3,119.2,117.3,109.9,96.2,89.5,71.7,66.7,67.1,70,81.8,100.6,119.9,128.4,125.5,118.3,117.1,104.6,79.9,79.9,84.6,80.1,74.9,6319.8,7768.4,73.48604651,90.33023256,115,55,5,5
11,2,A,E,2,23.6,546,57,9,69,16,15,10,1.5,1,0,0,90,1610,18,23,56.4,40.7,32.9,28.7,23.2,25.8,20.1,29.7,33.6,47.5,66.7,65.2,53.1,43.4,38.8,34.2,25.9,28.7,54.6,63.4,55.5,43,20.9,,,,,,,,,,,,,,,,,,,,,,,,,,,,,,,,,,,,,,,,,,,,,,,,,,,,,,,,,,,,,,,,,,,,107.7,95.4,81.9,81.8,77.6,73.3,81.5,84.5,64,39.8,44.3,65.9,93.2,111.5,120.1,119.6,106.5,74.7,37,23.1,36.8,68,83.5,,,,,,,,,,,,,,,,,,,,,,,,,,,,,,,,,,,,,,,,,,,,,,,,,,,,,,,,,,,,,,,,,,,,TT,Y,,2016,5,1,11/12/2003,23.13559322,22.91260613,23.06375481,22.15686275,,40.7,32.9,28.7,23.2,25.8,20.1,29.7,33.6,47.5,66.7,65.2,53.1,43.4,38.8,34.2,25.9,28.7,54.6,63.4,55.5,43,20.9,,,,,,,,,,,,,,,,,,,,,,,,,,,,,,,,,,,,,,,,,,,,,,,,,,,,,,,,,,,,,,,,,,,,,95.4,81.9,81.8,77.6,73.3,81.5,84.5,64,39.8,44.3,65.9,93.2,111.5,120.1,119.6,106.5,74.7,37,23.1,36.8,68,83.5,,,,,,,,,,,,,,,,,,,,,,,,,,,,,,,,,,,,,,,,,,,,,,,,,,,,,,,,,,,,,,,,,,,,875.6,1664,39.8,75.63636364,55,115,2,2
12,2,A,S,2,30.6,678,42,10,58,34,8,-6,1.5,0,0,0,90,1610,18,30,54.8,43.2,35,51.1,76.2,81.1,68,37.7,14.5,32,34.5,30.4,35.1,60.3,71.7,70.7,63.8,59.4,58.9,44.1,26.3,27.8,27.5,28.9,42.7,56.2,57.4,57.9,66.6,88.8,,,,,,,,,,,,,,,,,,,,,,,,,,,,,,,,,,,,,,,,,,,,,,,,,,,,,,,,,,,,,112.7,103.2,84.2,57.9,44,46.1,51.1,66.9,93.4,116.2,115.6,102.4,75.9,56.3,52.6,46.8,30.6,33.8,56.8,71.6,92,108.5,109.1,103.2,103,95.7,84.9,68.1,40.3,20.7,,,,,,,,,,,,,,,,,,,,,,,,,,,,,,,,,,,,,,,,,,,,,,,,,,,,,,,,,,,,,FS,Y,,2016,6,1,11/12/2003,22.15686275,22.91260613,23.06375481,22.15686275,,43.2,35,51.1,76.2,81.1,68,37.7,14.5,32,34.5,30.4,35.1,60.3,71.7,70.7,63.8,59.4,58.9,44.1,26.3,27.8,27.5,28.9,42.7,56.2,57.4,57.9,66.6,88.8,,,,,,,,,,,,,,,,,,,,,,,,,,,,,,,,,,,,,,,,,,,,,,,,,,,,,,,,,,,,,,103.2,84.2,57.9,44,46.1,51.1,66.9,93.4,116.2,115.6,102.4,75.9,56.3,52.6,46.8,30.6,33.8,56.8,71.6,92,108.5,109.1,103.2,103,95.7,84.9,68.1,40.3,20.7,,,,,,,,,,,,,,,,,,,,,,,,,,,,,,,,,,,,,,,,,,,,,,,,,,,,,,,,,,,,,1447.8,2130.9,49.92413793,73.47931035,55,115,2,2
34,1,A,S,2,90.1,2288,23,32,4,26,70,-113,1.5,0,0,0,90,1610,37,90,59.4,61.6,66.8,85.6,99.3,101.4,96,102.6,119.2,125.3,121.5,104.2,91.3,76.4,71.4,61.1,23.9,33.5,66.4,71.8,85.7,110.7,119.5,123.6,122.2,117.8,109.6,97.4,83.8,71.5,60.1,49.1,44.1,45.3,47.6,47.4,55.1,69.9,81,92.3,100.3,110.6,116.3,120.3,122.7,121.5,114.6,103.4,88.2,70.7,54.3,46.5,44.5,44.9,39.4,38.8,44,37.5,26.7,46,82.2,115.7,123.3,121.7,116.8,105.9,90.1,78,70.4,72.3,63.3,41,20.6,51.1,80.9,97.4,110.6,120.1,122.5,122.1,121.4,121.6,121.6,121.6,121.2,114.1,101.2,89,95.3,101.8,108.5,109.2,107.5,100.9,90,79,51.7,27.9,33.7,39.7,37.6,41.9,71.1,91.8,114.4,111.7,98.8,99.3,111.2,103,87.1,77.5,61.7,49.7,50.8,61.9,76,89.4,101.1,109.9,116.1,123.7,128.8,128.7,126.8,126.5,122.4,118.6,107.6,94.9,78.2,63.2,49.6,39.3,39.7,50.3,68.1,84.1,97.5,110.2,120.2,123.4,124.9,126,123.8,123.8,127.7,122.4,105.6,81.8,60.9,56.6,56.5,52.3,37.8,21.6,32.6,65.3,94.5,114.1,109.2,103.4,100.7,104.7,104.7,93.9,78.6,60.6,51.3,48.4,50.8,52.1,52.1,52.1,45.8,34.7,17.2,27.9,67.5,78.1,TT,Y,,2016,1,1,11/11/2003,25.39400666,24.88525554,24.55061834,26.55844156,,61.6,66.8,85.6,99.3,101.4,96,102.6,119.2,125.3,121.5,104.2,91.3,76.4,71.4,61.1,23.9,33.5,66.4,71.8,85.7,110.7,119.5,123.6,122.2,117.8,109.6,97.4,83.8,71.5,60.1,49.1,44.1,45.3,47.6,47.4,55.1,69.9,81,92.3,100.3,110.6,116.3,120.3,122.7,121.5,114.6,103.4,88.2,70.7,54.3,46.5,44.5,44.9,39.4,38.8,44,37.5,26.7,46,82.2,115.7,123.3,121.7,116.8,105.9,90.1,78,70.4,72.3,63.3,41,20.6,51.1,80.9,97.4,110.6,120.1,122.5,122.1,121.4,121.6,121.6,121.6,121.2,114.1,101.2,89,95.3,101.8,,109.2,107.5,100.9,90,79,51.7,27.9,33.7,39.7,37.6,41.9,71.1,91.8,114.4,111.7,98.8,99.3,111.2,103,87.1,77.5,61.7,49.7,50.8,61.9,76,89.4,101.1,109.9,116.1,123.7,128.8,128.7,126.8,126.5,122.4,118.6,107.6,94.9,78.2,63.2,49.6,39.3,39.7,50.3,68.1,84.1,97.5,110.2,120.2,123.4,124.9,126,123.8,123.8,127.7,122.4,105.6,81.8,60.9,56.6,56.5,52.3,37.8,21.6,32.6,65.3,94.5,114.1,109.2,103.4,100.7,104.7,104.7,93.9,78.6,60.6,51.3,48.4,50.8,52.1,52.1,52.1,45.8,34.7,17.2,27.9,67.5,78.1,7619,7265.4,85.60674157,81.63370787,55,115,2,2
35,1,A,W,2,78.2,1547,24,25,16,37,47,37,1.5,1,1,0,90,1610,37,78,104.7,101.7,96.3,92.7,100.4,107.7,107.2,101,112.8,124.1,120.9,110.3,87.6,53.7,22,36.5,52.4,48.1,51.6,68.4,94.9,119.7,124.2,113.8,102.1,87.1,82.1,79.7,63.7,40.5,29,41.4,40.1,35.8,45.4,68.6,88.5,98.5,98.4,97.3,94.7,99.2,107.5,106.4,110.1,116,114.4,114,108.5,103.6,97.1,88.7,81.6,82.1,78.6,76.4,74.3,63.6,47.4,29.2,23.1,41.4,44,35.3,21.6,21.8,48.6,81.3,110,122.9,121.1,123.3,120.2,109,90.2,66.9,38.9,11.7,,,,,,,,,,,,,59.7,53.1,51.2,59.1,77.4,80.5,78.4,55.7,41.7,45.9,41.6,26.6,8.7,32.3,71.5,108.6,121.9,112.9,93.4,63.7,39.3,41.5,44,29.1,21.7,36.1,65.8,87.1,89.8,93.9,110,127,125.5,118,110.8,107,99.8,91.8,88.6,89.4,87.8,86.8,82.6,80.1,75.6,70.1,65.7,65.7,65.9,68.1,71.1,77,92.4,103.5,103.7,105.6,107.8,103.8,100,100.4,107.8,123.2,126.4,119.9,106.1,83.2,55.1,36.1,41,48.7,44.8,40.6,35.8,34.4,35.5,46,61.5,81.5,,,,,,,,,,,,,TT,Y,,2016,2,1,11/11/2003,19.7826087,24.88525554,24.55061834,26.55844156,,,,,100.4,107.7,107.2,101,112.8,124.1,120.9,110.3,87.6,53.7,22,36.5,52.4,48.1,51.6,68.4,94.9,119.7,124.2,113.8,102.1,87.1,82.1,79.7,63.7,40.5,29,41.4,40.1,35.8,45.4,68.6,88.5,98.5,98.4,97.3,94.7,99.2,107.5,106.4,110.1,116,114.4,114,108.5,103.6,97.1,88.7,81.6,82.1,78.6,76.4,74.3,63.6,47.4,29.2,23.1,41.4,44,35.3,21.6,21.8,48.6,81.3,110,122.9,121.1,123.3,120.2,109,90.2,66.9,38.9,11.7,,,,,,,,,,,,,,,,,77.4,80.5,78.4,55.7,41.7,45.9,41.6,26.6,8.7,32.3,71.5,108.6,121.9,112.9,93.4,63.7,39.3,41.5,44,29.1,21.7,36.1,65.8,87.1,89.8,93.9,110,127,125.5,118,110.8,107,99.8,91.8,88.6,89.4,87.8,86.8,82.6,80.1,75.6,70.1,65.7,65.7,65.9,68.1,71.1,77,92.4,103.5,103.7,105.6,107.8,103.8,100,100.4,107.8,123.2,126.4,119.9,106.1,83.2,55.1,36.1,41,48.7,44.8,40.6,35.8,34.4,35.5,46,61.5,81.5,,,,,,,,,,,,,5880.2,5618.3,79.46216216,75.92297297,115,55,5,5
36,1,A,N,2,24.6,488,28,7,30,37,33,-21,1.5,1,0,0,90,1610,37,24,111.5,111.3,99.8,78.6,56.3,47.1,73.2,106.6,119.4,116.8,107.7,100.3,97,93.6,91.6,82.3,66.7,42.8,24.1,35.4,50.6,47.4,35,17.3,,,,,,,,,,,,,,,,,,,,,,,,,,,,,,,,,,,,,,,,,,,,,,,,,,,,,,,,,,,,,,,,,,,56,57.9,56.3,50.5,44.6,40.8,42,50.2,59.9,59.1,57.9,72.4,90.3,92.8,87.7,72.8,56.7,50,71.7,101.9,124.1,122.8,113.9,98.4,,,,,,,,,,,,,,,,,,,,,,,,,,,,,,,,,,,,,,,,,,,,,,,,,,,,,,,,,,,,,,,,,,,TT,Y,,2016,3,1,11/11/2003,19.83739837,24.88525554,24.55061834,26.55844156,,,,,56.3,47.1,73.2,106.6,119.4,116.8,107.7,100.3,97,93.6,91.6,82.3,66.7,42.8,24.1,35.4,50.6,47.4,35,17.3,,,,,,,,,,,,,,,,,,,,,,,,,,,,,,,,,,,,,,,,,,,,,,,,,,,,,,,,,,,,,,,,,,,,,,,44.6,40.8,42,50.2,59.9,59.1,57.9,72.4,90.3,92.8,87.7,72.8,56.7,50,71.7,101.9,124.1,122.8,113.9,98.4,,,,,,,,,,,,,,,,,,,,,,,,,,,,,,,,,,,,,,,,,,,,,,,,,,,,,,,,,,,,,,,,,,,1411.2,1510,70.56,75.5,115,55,5,5
34,2,A,N,2,55.9,1490,30,27,15,34,51,-24,1.5,1,0,0,90,1610,37,55,104.8,91.3,83,91.8,106.8,118.9,120.5,116.2,116.5,106.9,90.4,72.6,57.3,54.7,51.7,46.7,43.3,43.9,54.1,72.8,86.9,100.1,111.7,119,113.6,100.7,90.8,74.8,59.4,58.6,46,42,48,63.5,84.9,100,115.7,116.9,109.1,104.7,101.7,86.4,70.8,49.5,53.1,73.1,81.6,75.7,64.9,46.2,41.3,43.5,42.2,38.9,25.7,,,,,,,,,,,,,,,,,,,,,,,,,,,,,,,,,,,,57.7,55.5,41.7,21.9,24.5,35,37.1,37.5,46.3,46.3,58.3,77.2,92.5,118.5,117.7,123.7,127.8,127.1,119.5,107.9,98.2,85.8,71.4,57.8,35.6,21.4,39.9,62.7,89.6,115.3,121.8,126.3,125.3,114,97.8,80.3,68.3,53.4,29.7,23.2,37.4,45.2,46,40.9,57.7,87.1,101.7,104.9,111.5,115.2,124.3,129,126.8,121.7,108.7,,,,,,,,,,,,,,,,,,,,,,,,,,,,,,,,,,,,TT,Y,,2016,4,1,11/12/2003,26.65474061,24.88525554,24.55061834,26.55844156,,,,,106.8,118.9,120.5,116.2,116.5,106.9,90.4,72.6,57.3,54.7,51.7,46.7,43.3,43.9,54.1,72.8,86.9,100.1,111.7,119,113.6,100.7,90.8,74.8,59.4,58.6,46,42,48,63.5,84.9,100,115.7,116.9,109.1,104.7,101.7,86.4,70.8,49.5,53.1,73.1,81.6,75.7,64.9,46.2,41.3,43.5,42.2,38.9,25.7,,,,,,,,,,,,,,,,,,,,,,,,,,,,,,,,,,,,,,,,24.5,35,37.1,37.5,46.3,46.3,58.3,77.2,92.5,118.5,117.7,123.7,127.8,127.1,119.5,107.9,98.2,85.8,71.4,57.8,35.6,21.4,39.9,62.7,89.6,115.3,121.8,126.3,125.3,114,97.8,80.3,68.3,53.4,29.7,23.2,37.4,45.2,46,40.9,57.7,87.1,101.7,104.9,111.5,115.2,124.3,129,126.8,121.7,108.7,,,,,,,,,,,,,,,,,,,,,,,,,,,,,,,,,,,,3914.3,4172.8,76.75098039,81.81960784,115,55,5,5
35,2,A,E,2,24.9,774,41,16,14,58,28,-29,1.5,1,0,0,90,1610,37,24,57.2,48.6,20.8,31,60.8,78.4,89.4,99.1,107.4,112.6,110,96,79.3,59.3,40.4,30.8,41.6,38.3,42,64.2,85.2,87.3,73.1,41.3,,,,,,,,,,,,,,,,,,,,,,,,,,,,,,,,,,,,,,,,,,,,,,,,,,,,,,,,,,,,,,,,,,,120.2,116.8,103.7,102.3,110,102.6,87.2,66.5,43.4,29,35.7,51,74.5,90,102.8,114.2,127.1,121.4,105.2,85.4,64.7,43.1,27.9,47.2,,,,,,,,,,,,,,,,,,,,,,,,,,,,,,,,,,,,,,,,,,,,,,,,,,,,,,,,,,,,,,,,,,,TT,Y,,2016,5,1,11/12/2003,31.08433735,24.88525554,24.55061834,26.55844156,,48.6,20.8,31,60.8,78.4,89.4,99.1,107.4,112.6,110,96,79.3,59.3,40.4,30.8,41.6,38.3,42,64.2,85.2,87.3,73.1,41.3,,,,,,,,,,,,,,,,,,,,,,,,,,,,,,,,,,,,,,,,,,,,,,,,,,,,,,,,,,,,,,,,,,,,116.8,103.7,102.3,110,102.6,87.2,66.5,43.4,29,35.7,51,74.5,90,102.8,114.2,127.1,121.4,105.2,85.4,64.7,43.1,27.9,47.2,,,,,,,,,,,,,,,,,,,,,,,,,,,,,,,,,,,,,,,,,,,,,,,,,,,,,,,,,,,,,,,,,,,1536.9,1851.7,66.82173913,80.50869565,55,115,2,2
36,2,A,S,2,30.8,818,36,20,54,23,23,-77,1.5,0,0,0,90,1610,37,30,63.8,66.1,75.4,91.2,97.2,95.3,77.4,57.6,36.2,24,37.8,44.3,32.5,12.5,26.6,46.8,54.7,61.1,53.8,34.5,30.1,24.7,41.4,47.4,66,82.1,84.2,89.6,85.9,69.4,,,,,,,,,,,,,,,,,,,,,,,,,,,,,,,,,,,,,,,,,,,,,,,,,,,,,,,,,,,,,101.4,83.9,62.2,41,20.4,14.1,28.1,47.6,73,91.8,117.6,120.7,109,84,65.3,44.8,31.6,32.7,45.2,67.1,90.5,105.4,124.6,122.6,113.3,102.3,81.9,57.5,34.7,21.7,,,,,,,,,,,,,,,,,,,,,,,,,,,,,,,,,,,,,,,,,,,,,,,,,,,,,,,,,,,,,FS,Y,,2016,6,1,11/12/2003,26.55844156,24.88525554,24.55061834,26.55844156,,66.1,75.4,91.2,97.2,95.3,77.4,57.6,36.2,24,37.8,44.3,32.5,12.5,26.6,46.8,54.7,61.1,53.8,34.5,30.1,24.7,41.4,47.4,66,82.1,84.2,89.6,85.9,69.4,,,,,,,,,,,,,,,,,,,,,,,,,,,,,,,,,,,,,,,,,,,,,,,,,,,,,,,,,,,,,,83.9,62.2,41,20.4,14.1,28.1,47.6,73,91.8,117.6,120.7,109,84,65.3,44.8,31.6,32.7,45.2,67.1,90.5,105.4,124.6,122.6,113.3,102.3,81.9,57.5,34.7,21.7,,,,,,,,,,,,,,,,,,,,,,,,,,,,,,,,,,,,,,,,,,,,,,,,,,,,,,,,,,,,,1645.8,2034.6,56.75172414,70.15862069,55,115,2,2
7,1,B,S,2,90.1,1965,17,24,7,26,67,-114,1.5,0,2,0,90,1610,49,90,58.9,62.1,63.2,60.9,60,84,101.5,94,79.9,51.3,74.7,103.9,105,93.9,84.6,68.5,48.7,21.9,38.2,60.4,60.9,59.2,64.9,64.3,59.1,37.5,17.9,59.9,80,91.9,93,89.9,92.4,99.6,96.7,112.5,119.3,113.7,98.7,92.8,113.6,112.9,116.7,120.4,119.9,118.7,124,123.5,119.2,110.7,107,103.4,105.2,105.9,106.4,97,78.1,76.7,94.3,90.2,78.9,71.5,71.9,70.8,66.1,56.3,39.5,16.3,42.2,49.1,53.4,77.6,87.5,94.5,115.5,120,122.7,124.5,124.2,124.1,120.9,110.6,96.2,59,35,56,59.8,66.6,73.5,72.9,109.8,109,106.3,101,102,96.6,88.2,87.2,90,76,62.1,72.2,75.9,78.8,100.3,109.3,103.3,99.6,116.4,124.3,117.4,112.4,117.5,117.9,116.3,107.6,96.9,106.9,104.9,97.5,93.5,90.3,88.2,90.1,79.4,69.3,61.2,49.2,21.9,24.9,56.2,58.3,46.8,39.2,37.7,34.1,44.6,54.3,54,57.2,77.8,83,81.5,79.5,70.6,43.2,16.2,49.6,87.1,91.3,95.2,113.9,115.9,115,109.6,100.9,94.1,97.9,121.2,124.3,118.1,107.3,96.7,76.5,66.8,61.7,53.3,42.7,40.8,40.5,35.3,25.5,13.6,27.7,80,118.3,124.6,121.7,117.4,110.7,TT,Y,,2016,1,1,11/11/2003,21.809101,23.24594176,22.70946236,25.92833876,,62.1,63.2,60.9,60,84,101.5,94,79.9,51.3,74.7,103.9,105,93.9,84.6,68.5,48.7,21.9,38.2,60.4,60.9,59.2,64.9,64.3,59.1,37.5,17.9,59.9,80,91.9,93,89.9,92.4,99.6,96.7,112.5,119.3,113.7,98.7,92.8,113.6,112.9,116.7,120.4,119.9,118.7,124,123.5,119.2,110.7,107,103.4,105.2,105.9,106.4,97,78.1,76.7,94.3,90.2,78.9,71.5,71.9,70.8,66.1,56.3,39.5,16.3,42.2,49.1,53.4,77.6,87.5,94.5,115.5,120,122.7,124.5,124.2,124.1,120.9,110.6,96.2,59,35,56,59.8,66.6,73.5,72.9,,109,106.3,101,102,96.6,88.2,87.2,90,76,62.1,72.2,75.9,78.8,100.3,109.3,103.3,99.6,116.4,124.3,117.4,112.4,117.5,117.9,116.3,107.6,96.9,106.9,104.9,97.5,93.5,90.3,88.2,90.1,79.4,69.3,61.2,49.2,21.9,24.9,56.2,58.3,46.8,39.2,37.7,34.1,44.6,54.3,54,57.2,77.8,83,81.5,79.5,70.6,43.2,16.2,49.6,87.1,91.3,95.2,113.9,115.9,115,109.6,100.9,94.1,97.9,121.2,124.3,118.1,107.3,96.7,76.5,66.8,61.7,53.3,42.7,40.8,40.5,35.3,25.5,13.6,27.7,80,118.3,124.6,121.7,117.4,110.7,7461.8,7291.2,83.84044944,81.92359551,55,115,2,2
8,1,B,W,2,8.8,191,19,8,19,54,27,9,1.5,1,0,0,90,1610,49,8,110.9,98.8,82.3,66.9,73.7,71.4,54.2,21.7,,,,,,,,,,,,,,,,,,,,,,,,,,,,,,,,,,,,,,,,,,,,,,,,,,,,,,,,,,,,,,,,,,,,,,,,,,,,,,,,,,,50.5,46.9,59.2,91.5,109.1,103.1,90.8,83.4,,,,,,,,,,,,,,,,,,,,,,,,,,,,,,,,,,,,,,,,,,,,,,,,,,,,,,,,,,,,,,,,,,,,,,,,,,,,,,,,,,,TT,Y,,2016,2,1,11/11/2003,21.70454546,23.24594176,22.70946236,25.92833876,,,,,73.7,71.4,54.2,21.7,,,,,,,,,,,,,,,,,,,,,,,,,,,,,,,,,,,,,,,,,,,,,,,,,,,,,,,,,,,,,,,,,,,,,,,,,,,,,,,,,,,,,,,109.1,103.1,90.8,83.4,,,,,,,,,,,,,,,,,,,,,,,,,,,,,,,,,,,,,,,,,,,,,,,,,,,,,,,,,,,,,,,,,,,,,,,,,,,,,,,,,,,221,386.4,55.25,96.6,115,55,5,5
9,1,B,N,2,18.1,369,11,53,25,53,22,-16,1.5,1,1,0,90,1610,49,18,110.2,105.3,95.8,83.6,77.9,76.8,95.2,118.2,120.1,119.9,111,93,86,85.5,79,61.1,48.6,17.4,,,,,,,,,,,,,,,,,,,,,,,,,,,,,,,,,,,,,,,,,,,,,,,,,,,,,,,,,,,,,,,,,,,,,,,,,54,56.4,50.9,31.1,16.2,9.5,10.9,33.3,35.3,35,28,35.8,73,98.7,100.8,110.1,110.8,97.1,,,,,,,,,,,,,,,,,,,,,,,,,,,,,,,,,,,,,,,,,,,,,,,,,,,,,,,,,,,,,,,,,,,,,,,,,TT,Y,,2016,3,1,11/11/2003,20.38674033,23.24594176,22.70946236,25.92833876,,,,,77.9,76.8,95.2,118.2,120.1,119.9,111,93,86,85.5,79,61.1,48.6,17.4,,,,,,,,,,,,,,,,,,,,,,,,,,,,,,,,,,,,,,,,,,,,,,,,,,,,,,,,,,,,,,,,,,,,,,,,,,,,,16.2,9.5,10.9,33.3,35.3,35,28,35.8,73,98.7,100.8,110.1,110.8,97.1,,,,,,,,,,,,,,,,,,,,,,,,,,,,,,,,,,,,,,,,,,,,,,,,,,,,,,,,,,,,,,,,,,,,,,,,,1189.7,794.5,84.97857143,56.75,115,55,5,5
7,2,B,N,2,58.9,1466,19,31,38,40,22,92,1.5,1,1,0,90,1610,49,58,113.1,114.3,117.2,114,102.3,87.9,87.1,70.7,39,14.4,14.1,27.9,54.7,66.2,68.3,71.6,83.2,107.2,113.3,111.3,106.1,81.2,52.6,65.8,91.2,93.7,90.2,86.7,68.3,51,49,49,46,44.9,57.4,57.9,57.8,54.1,33.5,33.9,54.4,68.1,79.7,76.7,74.1,70,57.1,27.8,54.1,94.3,115,115.7,114.2,110.8,97.8,73.5,43.2,22.7,,,,,,,,,,,,,,,,,,,,,,,,,,,,,,,,,50.8,43.2,33,39.7,53.3,72.8,88.4,100.1,100,96.5,92.4,79.4,71.7,61.5,48,18.5,21.8,42.5,39.4,29.8,21.8,8.7,35.6,53.7,49.7,31.3,21.2,17.5,19.5,43.9,57.1,68.6,88.9,108,114.4,99.3,78,63.2,65,90,108.7,108,106.2,105.5,106.6,109.6,110.6,72.2,34.8,33.8,58.3,64.5,63.4,63.4,73.3,94,101.9,106,,,,,,,,,,,,,,,,,,,,,,,,,,,,,,,,,TT,Y,,2016,4,1,11/12/2003,24.88964346,23.24594176,22.70946236,25.92833876,,,,,102.3,87.9,87.1,70.7,39,14.4,14.1,27.9,54.7,66.2,68.3,71.6,83.2,107.2,113.3,111.3,106.1,81.2,52.6,65.8,91.2,93.7,90.2,86.7,68.3,51,49,49,46,44.9,57.4,57.9,57.8,54.1,33.5,33.9,54.4,68.1,79.7,76.7,74.1,70,57.1,27.8,54.1,94.3,115,115.7,114.2,110.8,97.8,73.5,43.2,22.7,,,,,,,,,,,,,,,,,,,,,,,,,,,,,,,,,,,,,53.3,72.8,88.4,100.1,100,96.5,92.4,79.4,71.7,61.5,48,18.5,21.8,42.5,39.4,29.8,21.8,8.7,35.6,53.7,49.7,31.3,21.2,17.5,19.5,43.9,57.1,68.6,88.9,108,114.4,99.3,78,63.2,65,90,108.7,108,106.2,105.5,106.6,109.6,110.6,72.2,34.8,33.8,58.3,64.5,63.4,63.4,73.3,94,101.9,106,,,,,,,,,,,,,,,,,,,,,,,,,,,,,,,,,3738.7,3672.3,69.23518519,68.00555556,115,55,5,5
8,2,B,E,2,30.9,765,20,30,49,37,14,64,1.5,2,2,0,90,1610,49,30,62,59,56.2,70.9,99.2,108,111.8,103.7,90.2,74.7,62.3,45.2,40.9,44.9,43.8,58.8,77.6,94.8,92.6,79.5,63.3,72.1,80.3,82,61.3,41.7,47.6,53.3,53.4,28.5,,,,,,,,,,,,,,,,,,,,,,,,,,,,,,,,,,,,,,,,,,,,,,,,,,,,,,,,,,,,,119.5,108,85.6,56.1,44.8,42.2,31.1,20,33.9,61.8,82.3,94,113.5,121.1,112.7,90.4,68.8,66.3,51.6,35.1,24.7,15.4,7.4,15.6,38.3,48.4,38.7,34.6,48.7,65.6,,,,,,,,,,,,,,,,,,,,,,,,,,,,,,,,,,,,,,,,,,,,,,,,,,,,,,,,,,,,,TT,Y,,2016,5,1,11/12/2003,24.75728155,23.24594176,22.70946236,25.92833876,,59,56.2,70.9,99.2,108,111.8,103.7,90.2,74.7,62.3,45.2,40.9,44.9,43.8,58.8,77.6,94.8,92.6,79.5,63.3,72.1,80.3,82,61.3,41.7,47.6,53.3,53.4,28.5,,,,,,,,,,,,,,,,,,,,,,,,,,,,,,,,,,,,,,,,,,,,,,,,,,,,,,,,,,,,,,108,85.6,56.1,44.8,42.2,31.1,20,33.9,61.8,82.3,94,113.5,121.1,112.7,90.4,68.8,66.3,51.6,35.1,24.7,15.4,7.4,15.6,38.3,48.4,38.7,34.6,48.7,65.6,,,,,,,,,,,,,,,,,,,,,,,,,,,,,,,,,,,,,,,,,,,,,,,,,,,,,,,,,,,,,1997.6,1656.7,68.88275862,57.12758621,55,115,2,2
9,2,B,S,2,30.7,796,26,18,46,36,18,-77,1.5,0,0,0,90,1610,49,30,65.1,66.4,80.5,84.2,76,69.1,64.2,46,29.8,16.6,42,61.8,64.3,74.6,78.1,76.4,47.8,20.1,22.5,41.8,41.9,33.7,22.6,48.4,87.1,99.6,109.4,115.3,112.3,107.9,,,,,,,,,,,,,,,,,,,,,,,,,,,,,,,,,,,,,,,,,,,,,,,,,,,,,,,,,,,,,109.2,90.7,84.7,74.6,48,20.4,23.5,48,69.4,73.8,82,76.4,57.2,44.8,44,60.2,69.9,80.5,106.3,127,127.5,118.4,94.3,62.9,46.5,39.5,29.5,35.7,56.4,71.9,,,,,,,,,,,,,,,,,,,,,,,,,,,,,,,,,,,,,,,,,,,,,,,,,,,,,,,,,,,,,FS,Y,,2016,6,1,11/12/2003,25.92833876,23.24594176,22.70946236,25.92833876,,66.4,80.5,84.2,76,69.1,64.2,46,29.8,16.6,42,61.8,64.3,74.6,78.1,76.4,47.8,20.1,22.5,41.8,41.9,33.7,22.6,48.4,87.1,99.6,109.4,115.3,112.3,107.9,,,,,,,,,,,,,,,,,,,,,,,,,,,,,,,,,,,,,,,,,,,,,,,,,,,,,,,,,,,,,,90.7,84.7,74.6,48,20.4,23.5,48,69.4,73.8,82,76.4,57.2,44.8,44,60.2,69.9,80.5,106.3,127,127.5,118.4,94.3,62.9,46.5,39.5,29.5,35.7,56.4,71.9,,,,,,,,,,,,,,,,,,,,,,,,,,,,,,,,,,,,,,,,,,,,,,,,,,,,,,,,,,,,,1840.4,1964,63.46206897,67.72413793,55,115,2,2
25,1,B,S,2,90.1,2224,28,22,13,28,59,-118,1.5,1,1,0,90,1610,78,90,55.6,54.4,67.2,66.4,78.1,100.9,119.7,119.5,113.9,103.4,83.6,58,28.6,29.8,48,48.4,48.3,56.6,66,57.8,35.2,10,27.7,57.8,65,70.3,71.4,64,51.6,62.2,63.9,58.6,52,46.2,34.8,41.8,61.3,81,91.9,100.3,115.9,119.7,115.1,101.3,85.7,76.3,73.8,72.3,58.5,32.1,24.9,64.5,98.3,101.2,107.7,107.8,108.1,102.6,101.9,107.4,113.9,108.8,98.3,89.6,80,71.9,65.2,56.7,53.2,45.6,43.1,40,43.2,53.9,74.1,87.8,101.2,112.4,119.6,122.7,123,121.1,116.7,110.2,104.7,89.4,69.5,45.1,44,47.2,104,104.4,94.5,67.1,29,17.6,40.8,39.4,38,36.3,25.7,31.4,63.4,96.7,119.4,121.4,120.5,117.6,109.8,93.5,80.6,81.3,89.9,110.7,117.2,111.2,97.6,88.3,92.4,117.4,119.7,120,121.8,124.3,118.5,117.7,115.4,105.3,93.9,78.3,66.3,51.9,32.3,21.1,39.3,71.9,94.7,107.4,107.2,89.6,68.8,68.8,85.1,81.1,75,74,74.1,52.1,28.1,25.5,49.5,63.8,80.2,92.7,105.1,109.3,109.7,119.3,123.4,126.2,127.7,125.5,125.7,120.9,109.8,100.1,88.9,74.8,61.6,51.7,41.9,38.8,50.9,65.2,73.8,71.6,70.9,82.6,113.2,124.3,TT,Y,,2016,1,1,11/11/2003,24.6836848,24.43066838,24.12725957,25.94771242,,54.4,67.2,66.4,78.1,100.9,119.7,119.5,113.9,103.4,83.6,58,28.6,29.8,48,48.4,48.3,56.6,66,57.8,35.2,10,27.7,57.8,65,70.3,71.4,64,51.6,62.2,63.9,58.6,52,46.2,34.8,41.8,61.3,81,91.9,100.3,115.9,119.7,115.1,101.3,85.7,76.3,73.8,72.3,58.5,32.1,24.9,64.5,98.3,101.2,107.7,107.8,108.1,102.6,101.9,107.4,113.9,108.8,98.3,89.6,80,71.9,65.2,56.7,53.2,45.6,43.1,40,43.2,53.9,74.1,87.8,101.2,112.4,119.6,122.7,123,121.1,116.7,110.2,104.7,89.4,69.5,45.1,44,47.2,,104.4,94.5,67.1,29,17.6,40.8,39.4,38,36.3,25.7,31.4,63.4,96.7,119.4,121.4,120.5,117.6,109.8,93.5,80.6,81.3,89.9,110.7,117.2,111.2,97.6,88.3,92.4,117.4,119.7,120,121.8,124.3,118.5,117.7,115.4,105.3,93.9,78.3,66.3,51.9,32.3,21.1,39.3,71.9,94.7,107.4,107.2,89.6,68.8,68.8,85.1,81.1,75,74,74.1,52.1,28.1,25.5,49.5,63.8,80.2,92.7,105.1,109.3,109.7,119.3,123.4,126.2,127.7,125.5,125.7,120.9,109.8,100.1,88.9,74.8,61.6,51.7,41.9,38.8,50.9,65.2,73.8,71.6,70.9,82.6,113.2,124.3,6722.8,7481.4,75.53707865,84.06067416,55,115,2,2
26,1,B,W,2,90.1,2176,32,24,11,37,52,31,1.5,0,1,0,90,1610,78,90,113.4,104.4,83.1,64.7,71,72.7,63,52.2,52.1,52.9,44.9,50.2,40.9,28.8,38.1,72.3,108.9,123,123,112.7,99.9,88.7,85.2,73.8,60,36.9,32.8,49.1,53.2,58.7,52,34.6,17,28.5,49.9,61.3,74.6,86.8,85.2,87.9,101.4,115.8,120.2,120.6,119.9,111.2,103.2,92.3,82.4,70.7,54.2,50.6,44.1,38.1,43.5,47.3,53.9,59.4,73.8,85.9,98.9,110.8,112.7,107.4,105.2,107.7,101,85.3,71.7,66.8,56.7,40.8,31.2,41.8,42,34.8,35.8,56,87.1,100.2,95.1,91.8,92.2,86.9,87.9,97.7,113.9,117.3,113.3,111.8,65.2,64.6,50.9,31.3,14.7,13,24.1,50.8,75.7,102.9,112.4,120.3,107,84.9,51.9,15.4,25.2,38.7,38.5,28.1,30.7,54.5,84.4,99.2,105.1,109,115.9,123.3,118.3,116.4,115.7,106.9,100.3,106.1,120.3,118.8,111.4,103.4,90.6,72.6,51.8,41.3,36.8,42,55.1,64,81.8,94.3,101.4,103,110.1,122.2,122.3,122.5,127.2,125.4,122.7,112.2,100.9,85.4,66.1,48.8,32.2,24.6,42.9,71.7,83,89.1,103.7,112.4,110.3,110.6,115,126.8,126.1,116.1,99.4,81.2,76.7,83.7,85.5,92,88.3,68.6,42.7,21.1,34.1,53.4,67.6,74.1,TT,Y,,2016,2,1,11/11/2003,24.1509434,24.43066838,24.12725957,25.94771242,,,,,71,72.7,63,52.2,52.1,52.9,44.9,50.2,40.9,28.8,38.1,72.3,108.9,123,123,112.7,99.9,88.7,85.2,73.8,60,36.9,32.8,49.1,53.2,58.7,52,34.6,17,28.5,49.9,61.3,74.6,86.8,85.2,87.9,101.4,115.8,120.2,120.6,119.9,111.2,103.2,92.3,82.4,70.7,54.2,50.6,44.1,38.1,43.5,47.3,53.9,59.4,73.8,85.9,98.9,110.8,112.7,107.4,105.2,107.7,101,85.3,71.7,66.8,56.7,40.8,31.2,41.8,42,34.8,35.8,56,87.1,100.2,95.1,91.8,92.2,86.9,87.9,97.7,113.9,117.3,113.3,111.8,,,,,14.7,13,24.1,50.8,75.7,102.9,112.4,120.3,107,84.9,51.9,15.4,25.2,38.7,38.5,28.1,30.7,54.5,84.4,99.2,105.1,109,115.9,123.3,118.3,116.4,115.7,106.9,100.3,106.1,120.3,118.8,111.4,103.4,90.6,72.6,51.8,41.3,36.8,42,55.1,64,81.8,94.3,101.4,103,110.1,122.2,122.3,122.5,127.2,125.4,122.7,112.2,100.9,85.4,66.1,48.8,32.2,24.6,42.9,71.7,83,89.1,103.7,112.4,110.3,110.6,115,126.8,126.1,116.1,99.4,81.2,76.7,83.7,85.5,92,88.3,68.6,42.7,21.1,34.1,53.4,67.6,74.1,6413.1,7076.7,74.57093023,82.2872093,115,55,5,5
27,1,B,N,2,8.6,176,54,16,51,48,1,-15,1.5,3,0,0,90,1610,78,8,100.7,84.3,64.8,42.4,16.7,17.1,24.5,17.8,,,,,,,,,,,,,,,,,,,,,,,,,,,,,,,,,,,,,,,,,,,,,,,,,,,,,,,,,,,,,,,,,,,,,,,,,,,,,,,,,,,43.4,43.1,56.7,69.4,80.6,102.5,106.4,95.2,,,,,,,,,,,,,,,,,,,,,,,,,,,,,,,,,,,,,,,,,,,,,,,,,,,,,,,,,,,,,,,,,,,,,,,,,,,,,,,,,,,TT,Y,,2016,3,1,11/11/2003,20.46511628,24.43066838,24.12725957,25.94771242,,,,,16.7,17.1,24.5,17.8,,,,,,,,,,,,,,,,,,,,,,,,,,,,,,,,,,,,,,,,,,,,,,,,,,,,,,,,,,,,,,,,,,,,,,,,,,,,,,,,,,,,,,,80.6,102.5,106.4,95.2,,,,,,,,,,,,,,,,,,,,,,,,,,,,,,,,,,,,,,,,,,,,,,,,,,,,,,,,,,,,,,,,,,,,,,,,,,,,,,,,,,,76.1,384.7,19.025,96.175,115,55,5,5
25,2,B,N,2,34.1,872,22,35,44,45,11,76,1.5,1,3,0,90,1610,78,34,109.8,104.9,93.3,71.2,45.4,26.2,34.2,59,84.5,110.8,121.9,120.4,117.2,116.2,113.2,107.8,97.1,82.5,71.5,55.5,33.7,30.9,32.8,36.5,51,64,69,74,82.3,82.5,70.9,56.8,33.2,11.8,,,,,,,,,,,,,,,,,,,,,,,,,,,,,,,,,,,,,,,,,,,,,,,,,,,,,,,,,47.8,27.4,8.7,15.5,43,61,72.2,62.1,54.4,55.9,50.9,41.7,32.6,36.8,49,64.3,68.5,77.1,89.1,96.5,97.7,112,117.1,101.4,87.7,67.5,41.9,15.8,23.8,47.4,64,75,84.8,86,,,,,,,,,,,,,,,,,,,,,,,,,,,,,,,,,,,,,,,,,,,,,,,,,,,,,,,,,TT,Y,,2016,4,1,11/12/2003,25.57184751,24.43066838,24.12725957,25.94771242,,,,,45.4,26.2,34.2,59,84.5,110.8,121.9,120.4,117.2,116.2,113.2,107.8,97.1,82.5,71.5,55.5,33.7,30.9,32.8,36.5,51,64,69,74,82.3,82.5,70.9,56.8,33.2,11.8,,,,,,,,,,,,,,,,,,,,,,,,,,,,,,,,,,,,,,,,,,,,,,,,,,,,,,,,,,,,,43,61,72.2,62.1,54.4,55.9,50.9,41.7,32.6,36.8,49,64.3,68.5,77.1,89.1,96.5,97.7,112,117.1,101.4,87.7,67.5,41.9,15.8,23.8,47.4,64,75,84.8,86,,,,,,,,,,,,,,,,,,,,,,,,,,,,,,,,,,,,,,,,,,,,,,,,,,,,,,,,,2092.8,1977.2,69.76,65.90666667,115,55,5,5
26,2,B,E,2,25.5,657,46,11,57,35,8,45,1.5,0,1,0,90,1610,78,25,57.3,49.7,50.6,56,48.9,31.1,21.5,39.6,38.1,26.6,17.2,28.6,23.8,22.6,16.1,41.4,78.3,100,99.2,90.6,79,71.1,55.9,49.8,30.6,,,,,,,,,,,,,,,,,,,,,,,,,,,,,,,,,,,,,,,,,,,,,,,,,,,,,,,,,,,,,,,,,,106,86.8,57.8,43.7,39,54.6,77.9,98.6,109.9,108.9,100.2,99.4,84.5,77.1,72.6,69.2,81.3,79.6,60,31.8,11.5,25.3,52.1,76.1,88.7,,,,,,,,,,,,,,,,,,,,,,,,,,,,,,,,,,,,,,,,,,,,,,,,,,,,,,,,,,,,,,,,,,TT,Y,,2016,5,1,11/12/2003,25.76470588,24.43066838,24.12725957,25.94771242,,49.7,50.6,56,48.9,31.1,21.5,39.6,38.1,26.6,17.2,28.6,23.8,22.6,16.1,41.4,78.3,100,99.2,90.6,79,71.1,55.9,49.8,30.6,,,,,,,,,,,,,,,,,,,,,,,,,,,,,,,,,,,,,,,,,,,,,,,,,,,,,,,,,,,,,,,,,,,86.8,57.8,43.7,39,54.6,77.9,98.6,109.9,108.9,100.2,99.4,84.5,77.1,72.6,69.2,81.3,79.6,60,31.8,11.5,25.3,52.1,76.1,88.7,,,,,,,,,,,,,,,,,,,,,,,,,,,,,,,,,,,,,,,,,,,,,,,,,,,,,,,,,,,,,,,,,,1166.3,1686.6,48.59583333,70.275,55,115,2,2
27,2,B,S,2,30.6,794,33,7,46,33,21,7,1.5,2,1,0,90,1610,78,30,50.7,31.5,9.8,29.3,44.8,45.7,40.9,40.2,63.2,88.6,98.9,93.3,83.5,64.9,42.1,36.9,47.6,59.3,62.6,65.8,74.3,77.6,73.4,63.6,47.4,17.5,19.8,56.5,73.8,57.4,,,,,,,,,,,,,,,,,,,,,,,,,,,,,,,,,,,,,,,,,,,,,,,,,,,,,,,,,,,,,109.1,99.7,91,86.4,76.7,67,57.1,48.9,62.7,82.9,87.6,89.1,89.3,88.2,90.6,102.9,117.9,107.4,88.3,64.6,33.6,13,35.1,59.7,76.5,86.5,86.3,96.5,106.4,103.4,,,,,,,,,,,,,,,,,,,,,,,,,,,,,,,,,,,,,,,,,,,,,,,,,,,,,,,,,,,,,FS,Y,,2016,6,1,11/12/2003,25.94771242,24.43066838,24.12725957,25.94771242,,31.5,9.8,29.3,44.8,45.7,40.9,40.2,63.2,88.6,98.9,93.3,83.5,64.9,42.1,36.9,47.6,59.3,62.6,65.8,74.3,77.6,73.4,63.6,47.4,17.5,19.8,56.5,73.8,57.4,,,,,,,,,,,,,,,,,,,,,,,,,,,,,,,,,,,,,,,,,,,,,,,,,,,,,,,,,,,,,,99.7,91,86.4,76.7,67,57.1,48.9,62.7,82.9,87.6,89.1,89.3,88.2,90.6,102.9,117.9,107.4,88.3,64.6,33.6,13,35.1,59.7,76.5,86.5,86.3,96.5,106.4,103.4,,,,,,,,,,,,,,,,,,,,,,,,,,,,,,,,,,,,,,,,,,,,,,,,,,,,,,,,,,,,,1610.2,2295.3,55.52413793,79.14827586,55,115,2,2
10,3,A,W,2,54.5,1465,29,17,23,36,41,53,1.5,1,2,0,90,1610,18,54,110.1,105.3,91.3,70.7,42.3,35.7,55.9,74.6,81,69.2,72.7,96.4,103.9,99.5,87.7,67.8,47.2,34.8,34.6,51.5,60.4,66.9,81.4,81.1,70.7,55.1,46,47.8,40.1,41.3,39.5,63.6,74.5,84.7,99.1,118.5,119.3,103,88.3,87,86.5,76.4,61.9,42.6,38.8,41.1,42.3,56.5,67.7,75.9,76.6,62,41.8,17.7,,,,,,,,,,,,,,,,,,,,,,,,,,,,,,,,,,,,,61.9,68.4,76.5,87,81.5,59.7,30.5,13.5,6.2,30.7,53.7,71.2,81.1,84.6,98,109.3,116.7,119.3,113.1,111.7,100.3,76.2,63.8,67.7,81.4,89,111.7,124.1,122.7,126,110.4,96.3,80.6,53.4,31.7,35.3,34.4,22,40.7,74.3,92.9,103.2,109.2,114.1,123.3,126.3,121.3,116.1,108.2,82,56,37.5,45.1,69.3,,,,,,,,,,,,,,,,,,,,,,,,,,,,,,,,,,,,,TT,Y,,2016,1,2,11/13/2003,26.88073395,24.01472578,24.04242663,23.8762215,,,,,42.3,35.7,55.9,74.6,81,69.2,72.7,96.4,103.9,99.5,87.7,67.8,47.2,34.8,34.6,51.5,60.4,66.9,81.4,81.1,70.7,55.1,46,47.8,40.1,41.3,39.5,63.6,74.5,84.7,99.1,118.5,119.3,103,88.3,87,86.5,76.4,61.9,42.6,38.8,41.1,42.3,56.5,67.7,75.9,76.6,62,41.8,17.7,,,,,,,,,,,,,,,,,,,,,,,,,,,,,,,,,,,,,,,,,81.5,59.7,30.5,13.5,6.2,30.7,53.7,71.2,81.1,84.6,98,109.3,116.7,119.3,113.1,111.7,100.3,76.2,63.8,67.7,81.4,89,111.7,124.1,122.7,126,110.4,96.3,80.6,53.4,31.7,35.3,34.4,22,40.7,74.3,92.9,103.2,109.2,114.1,123.3,126.3,121.3,116.1,108.2,82,56,37.5,45.1,69.3,,,,,,,,,,,,,,,,,,,,,,,,,,,,,,,,,,,,,3310.9,4027.3,66.218,80.546,115,55,5,5
11,3,A,N,2,79.4,2004,38,18,34,34,32,46,1.5,1,3,0,90,1610,18,79,106.4,93.1,82.1,91.8,100.1,93.2,74.8,54.5,35.1,27.1,41,53.5,58.9,57.2,66.1,83.4,89.4,88.1,83.2,66.9,50.2,51.9,47.1,44.9,43.8,43.6,55.3,76.9,93.5,89.4,86.6,97,94.6,87.6,77.1,85.9,99.1,98.3,90.8,66.5,41.7,37,32.5,30.2,42.7,60.6,65.2,70.1,68.6,77,73.5,56.7,33.1,20.4,40.5,49.8,38.9,29.4,31.3,26,35.2,62.7,85.1,90,82,80.8,84.9,88.4,82.1,70.9,58,44.6,37.9,46.2,51.4,55.3,55.8,41.5,17.7,,,,,,,,,,,,46,22,16.6,49.7,62.1,70.6,88,102.4,111,111.2,108.7,101.1,84.9,59.4,23.7,13.9,28.9,53.6,76.4,89.2,104,120,124.5,130,126,114.8,99.2,93,95.3,84.7,50.2,27.8,17.1,6.6,30.5,61.6,85.8,88.5,88.9,94.9,106.1,120.3,116.8,101.2,78,58.4,40.2,20.8,23.8,41.9,33.6,36,56.8,85.6,108.4,122.3,120.6,114.5,114.1,99.4,75.7,51.4,33.4,13.9,10,41.3,71.6,96.2,101.1,110.6,117.6,119.3,122.1,128.7,125.6,119.2,118.4,105.9,91.8,,,,,,,,,,,,TT,Y,,2016,2,2,11/13/2003,25.23929471,24.01472578,24.04242663,23.8762215,,,,,100.1,93.2,74.8,54.5,35.1,27.1,41,53.5,58.9,57.2,66.1,83.4,89.4,88.1,83.2,66.9,50.2,51.9,47.1,44.9,43.8,43.6,55.3,76.9,93.5,89.4,86.6,97,94.6,87.6,77.1,85.9,99.1,98.3,90.8,66.5,41.7,37,32.5,30.2,42.7,60.6,65.2,70.1,68.6,77,73.5,56.7,33.1,20.4,40.5,49.8,38.9,29.4,31.3,26,35.2,62.7,85.1,90,82,80.8,84.9,88.4,82.1,70.9,58,44.6,37.9,46.2,51.4,55.3,55.8,41.5,17.7,,,,,,,,,,,,,,,,62.1,70.6,88,102.4,111,111.2,108.7,101.1,84.9,59.4,23.7,13.9,28.9,53.6,76.4,89.2,104,120,124.5,130,126,114.8,99.2,93,95.3,84.7,50.2,27.8,17.1,6.6,30.5,61.6,85.8,88.5,88.9,94.9,106.1,120.3,116.8,101.2,78,58.4,40.2,20.8,23.8,41.9,33.6,36,56.8,85.6,108.4,122.3,120.6,114.5,114.1,99.4,75.7,51.4,33.4,13.9,10,41.3,71.6,96.2,101.1,110.6,117.6,119.3,122.1,128.7,125.6,119.2,118.4,105.9,91.8,,,,,,,,,,,,4648.3,6081.1,61.97733333,81.08133333,115,55,5,5
12,3,A,E,2,77.3,1690,33,20,27,36,37,43,1.5,1,1,0,90,1610,18,77,55.4,48.1,49.2,65.7,89.2,96.9,88.2,70.8,62.1,74.7,81.2,67.7,41.5,27.2,38.1,49.2,47.7,58.6,78.8,87.8,76.6,60.1,39.3,31.5,49.8,78.6,91.5,86.3,68.8,38.4,21.3,33.5,56.7,71.4,78.6,60.9,44.2,27.8,15.8,33.7,45.2,45.5,49.9,47.2,41,40.2,58.4,86,103.4,116.1,117,115.2,116.3,122.9,117.8,116.9,116.4,114.4,106.3,102.5,98.5,78.5,64.9,57.2,44.1,32.6,28.8,34.4,43.6,48.1,59.3,71.8,77.3,74.1,60.5,34.4,14.3,,,,,,,,,,,,,,111.1,97.2,72.8,38.8,12.9,12.6,17.7,38.9,69.7,94.4,104.2,98.5,108.2,111.5,121.9,127.3,111.7,90.4,89.4,99.6,96.1,85,69.4,56.7,51.9,57.6,47.3,30.3,27.6,50,77.6,91.5,97.3,97.5,93.3,79.4,72.1,79.6,96.7,118.7,128.7,127.8,127.7,120.1,101.6,75.7,41.2,16.3,27,43.3,47,37.5,31.2,38.2,37.4,52.3,65.2,69.2,72.3,85.9,86.5,94.1,113.4,116.9,118,115.4,113.5,114.3,116.9,110.2,102.1,107.6,111.6,112.4,109.2,102.1,98.6,,,,,,,,,,,,,,TT,Y,,2016,3,2,11/13/2003,21.86287193,24.01472578,24.04242663,23.8762215,,48.1,49.2,65.7,89.2,96.9,88.2,70.8,62.1,74.7,81.2,67.7,41.5,27.2,38.1,49.2,47.7,58.6,78.8,87.8,76.6,60.1,39.3,31.5,49.8,78.6,91.5,86.3,68.8,38.4,21.3,33.5,56.7,71.4,78.6,60.9,44.2,27.8,15.8,33.7,45.2,45.5,49.9,47.2,41,40.2,58.4,86,103.4,116.1,117,115.2,116.3,122.9,117.8,116.9,116.4,114.4,106.3,102.5,98.5,78.5,64.9,57.2,44.1,32.6,28.8,34.4,43.6,48.1,59.3,71.8,77.3,74.1,60.5,34.4,14.3,,,,,,,,,,,,,,,97.2,72.8,38.8,12.9,12.6,17.7,38.9,69.7,94.4,104.2,98.5,108.2,111.5,121.9,127.3,111.7,90.4,89.4,99.6,96.1,85,69.4,56.7,51.9,57.6,47.3,30.3,27.6,50,77.6,91.5,97.3,97.5,93.3,79.4,72.1,79.6,96.7,118.7,128.7,127.8,127.7,120.1,101.6,75.7,41.2,16.3,27,43.3,47,37.5,31.2,38.2,37.4,52.3,65.2,69.2,72.3,85.9,86.5,94.1,113.4,116.9,118,115.4,113.5,114.3,116.9,110.2,102.1,107.6,111.6,112.4,109.2,102.1,98.6,,,,,,,,,,,,,,4988.5,6181.7,65.6381579,81.3381579,55,115,2,2
10,4,A,E,2,59.8,1478,36,6,47,33,20,62,1.5,0,1,0,90,1610,18,59,65.1,59.9,59,55.6,45.3,32.8,40.5,33.7,15.7,14.5,27.3,39.3,51.5,53.8,35.2,15.5,38,66.3,65.6,54.5,46.1,45.4,44.3,47.5,46.6,47.1,56.4,75.8,81.4,78,88.3,86.6,63.5,35,23.3,30.6,37.8,42.6,56.3,64.9,53.9,43.6,66.3,76.1,85,100.3,99.3,79.3,59.8,60.8,83.7,87.8,64.3,38.3,20.7,24.9,42.3,45.1,30.8,,,,,,,,,,,,,,,,,,,,,,,,,,,,,,,,120.4,107.7,93.1,83.7,56.6,54.9,68.3,89.1,97.5,94.7,86.6,64.3,49.5,37.6,50.5,73.8,85.3,105.3,109.3,118.8,126.7,130.2,125.9,119.7,104.3,81,49.7,17.6,7.2,31,49.5,69.7,80.7,83.5,93.1,102.5,89.3,65.1,45.3,28.5,36.4,51.9,39.6,43.2,63.7,81.1,66.6,49.4,52.4,67.1,85.8,97.5,99.8,103.2,104.1,101.6,98.4,86.8,73.9,,,,,,,,,,,,,,,,,,,,,,,,,,,,,,,,TT,Y,,2016,4,2,11/14/2003,24.71571906,24.01472578,24.04242663,23.8762215,,59.9,59,55.6,45.3,32.8,40.5,33.7,15.7,14.5,27.3,39.3,51.5,53.8,35.2,15.5,38,66.3,65.6,54.5,46.1,45.4,44.3,47.5,46.6,47.1,56.4,75.8,81.4,78,88.3,86.6,63.5,35,23.3,30.6,37.8,42.6,56.3,64.9,53.9,43.6,66.3,76.1,85,100.3,99.3,79.3,59.8,60.8,83.7,87.8,64.3,38.3,20.7,24.9,42.3,45.1,30.8,,,,,,,,,,,,,,,,,,,,,,,,,,,,,,,,,107.7,93.1,83.7,56.6,54.9,68.3,89.1,97.5,94.7,86.6,64.3,49.5,37.6,50.5,73.8,85.3,105.3,109.3,118.8,126.7,130.2,125.9,119.7,104.3,81,49.7,17.6,7.2,31,49.5,69.7,80.7,83.5,93.1,102.5,89.3,65.1,45.3,28.5,36.4,51.9,39.6,43.2,63.7,81.1,66.6,49.4,52.4,67.1,85.8,97.5,99.8,103.2,104.1,101.6,98.4,86.8,73.9,,,,,,,,,,,,,,,,,,,,,,,,,,,,,,,,3063.8,4429.6,52.82413793,76.37241379,55,115,2,2
11,4,A,S,2,18.5,398,48,16,50,42,8,0,1.5,0,0,0,90,1610,18,18,50.2,33.7,36,40.6,61.4,57.1,43.5,30.8,24.1,38.3,50.3,70.1,88.7,99.9,94.2,73.1,46.3,22.1,,,,,,,,,,,,,,,,,,,,,,,,,,,,,,,,,,,,,,,,,,,,,,,,,,,,,,,,,,,,,,,,,,,,,,,,,106.5,95,83.4,85.8,99.1,107.3,105.2,92.1,69.1,55.9,63.8,72,63,47.1,30.4,22.3,40,63.6,,,,,,,,,,,,,,,,,,,,,,,,,,,,,,,,,,,,,,,,,,,,,,,,,,,,,,,,,,,,,,,,,,,,,,,,,TT,Y,,2016,5,2,11/14/2003,21.51351351,24.01472578,24.04242663,23.8762215,,33.7,36,40.6,61.4,57.1,43.5,30.8,24.1,38.3,50.3,70.1,88.7,99.9,94.2,73.1,46.3,22.1,,,,,,,,,,,,,,,,,,,,,,,,,,,,,,,,,,,,,,,,,,,,,,,,,,,,,,,,,,,,,,,,,,,,,,,,,,95,83.4,85.8,99.1,107.3,105.2,92.1,69.1,55.9,63.8,72,63,47.1,30.4,22.3,40,63.6,,,,,,,,,,,,,,,,,,,,,,,,,,,,,,,,,,,,,,,,,,,,,,,,,,,,,,,,,,,,,,,,,,,,,,,,,910.2,1195.1,53.54117647,70.3,55,115,2,2
12,4,A,N,2,30.7,733,46,32,47,33,20,47,1.5,1,2,0,90,1610,18,30,108.8,101.3,93.4,78.5,61.6,46,33.7,24.7,22.1,40,43,32.7,24.1,24.2,37.8,58.8,75.9,101.7,116.2,112.1,105.6,91.5,67.3,34.6,7.4,23,41.8,38.6,33.6,48.5,,,,,,,,,,,,,,,,,,,,,,,,,,,,,,,,,,,,,,,,,,,,,,,,,,,,,,,,,,,,,49.4,38.6,21.7,8,27.2,42.5,53,65.5,88.2,115.6,123.9,117.8,103.5,82.4,54.4,28.6,36.6,58.7,67.8,50.7,24.8,8.7,20.5,51.1,85.8,108.6,127.3,122.1,105.8,87.6,,,,,,,,,,,,,,,,,,,,,,,,,,,,,,,,,,,,,,,,,,,,,,,,,,,,,,,,,,,,,FS,Y,,2016,6,2,11/14/2003,23.8762215,24.01472578,24.04242663,23.8762215,,,,,61.6,46,33.7,24.7,22.1,40,43,32.7,24.1,24.2,37.8,58.8,75.9,101.7,116.2,112.1,105.6,91.5,67.3,34.6,7.4,23,41.8,38.6,33.6,48.5,,,,,,,,,,,,,,,,,,,,,,,,,,,,,,,,,,,,,,,,,,,,,,,,,,,,,,,,,,,,,,,,,27.2,42.5,53,65.5,88.2,115.6,123.9,117.8,103.5,82.4,54.4,28.6,36.6,58.7,67.8,50.7,24.8,8.7,20.5,51.1,85.8,108.6,127.3,122.1,105.8,87.6,,,,,,,,,,,,,,,,,,,,,,,,,,,,,,,,,,,,,,,,,,,,,,,,,,,,,,,,,,,,,1346.5,1858.7,51.78846154,71.48846154,115,55,5,5
34,3,A,W,2,9.2,192,28,51,72,23,5,-58,1.5,1,1,0,90,1610,37,9,112.3,106,98.7,91.3,83.5,60.8,36.4,19.9,16.8,,,,,,,,,,,,,,,,,,,,,,,,,,,,,,,,,,,,,,,,,,,,,,,,,,,,,,,,,,,,,,,,,,,,,,,,,,,,,,,,,,57,41.9,22.1,6.6,11.3,30.5,53.6,66.4,75.4,,,,,,,,,,,,,,,,,,,,,,,,,,,,,,,,,,,,,,,,,,,,,,,,,,,,,,,,,,,,,,,,,,,,,,,,,,,,,,,,,,TT,Y,,2016,1,2,11/13/2003,20.86956522,22.85730693,21.69674218,28.66013072,,,,,83.5,60.8,36.4,19.9,16.8,,,,,,,,,,,,,,,,,,,,,,,,,,,,,,,,,,,,,,,,,,,,,,,,,,,,,,,,,,,,,,,,,,,,,,,,,,,,,,,,,,,,,,11.3,30.5,53.6,66.4,75.4,,,,,,,,,,,,,,,,,,,,,,,,,,,,,,,,,,,,,,,,,,,,,,,,,,,,,,,,,,,,,,,,,,,,,,,,,,,,,,,,,,217.4,237.2,43.48,47.44,115,55,5,5
35,3,A,N,2,10.2,215,54,2,6,53,41,-43,1.5,1,0,0,90,1610,37,10,105.9,95.5,79.1,62,51.9,56.2,54.1,51.2,36.1,10.3,,,,,,,,,,,,,,,,,,,,,,,,,,,,,,,,,,,,,,,,,,,,,,,,,,,,,,,,,,,,,,,,,,,,,,,,,,,,,,,,,58.3,60.5,69.1,85.9,106,119.1,118.5,120.4,115.4,93.7,,,,,,,,,,,,,,,,,,,,,,,,,,,,,,,,,,,,,,,,,,,,,,,,,,,,,,,,,,,,,,,,,,,,,,,,,,,,,,,,,TT,Y,,2016,2,2,11/13/2003,21.07843137,22.85730693,21.69674218,28.66013072,,,,,51.9,56.2,54.1,51.2,36.1,10.3,,,,,,,,,,,,,,,,,,,,,,,,,,,,,,,,,,,,,,,,,,,,,,,,,,,,,,,,,,,,,,,,,,,,,,,,,,,,,,,,,,,,,106,119.1,118.5,120.4,115.4,93.7,,,,,,,,,,,,,,,,,,,,,,,,,,,,,,,,,,,,,,,,,,,,,,,,,,,,,,,,,,,,,,,,,,,,,,,,,,,,,,,,,259.8,673.1,43.3,112.1833333,115,55,5,5
36,3,A,E,2,33.6,958,28,25,25,37,38,-62,1.5,1,0,0,90,1610,37,33,57,49.8,39.5,43.9,53,69.3,91.5,96.4,87.7,78.5,69.5,47.8,40.7,62.9,72.3,68,60.8,38.7,37,44.9,59.1,68,72.6,88.1,108.9,122.1,116.4,103.8,87.1,79.1,74.9,58.1,29.5,,,,,,,,,,,,,,,,,,,,,,,,,,,,,,,,,,,,,,,,,,,,,,,,,,,,,,,,,,117.3,121.4,122.7,126.9,115.4,95.2,88.6,79,56.3,28.4,17.3,41.2,80.8,101.5,111.2,108,114.7,113.6,121.8,112.4,92.8,65.7,39.7,25.9,38.7,43.8,33,20.6,34.8,68.1,92.3,99.2,97.4,,,,,,,,,,,,,,,,,,,,,,,,,,,,,,,,,,,,,,,,,,,,,,,,,,,,,,,,,,TT,Y,,2016,3,2,11/13/2003,28.51190476,22.85730693,21.69674218,28.66013072,,,39.5,43.9,53,69.3,91.5,96.4,87.7,78.5,69.5,47.8,40.7,62.9,72.3,68,60.8,38.7,37,44.9,59.1,68,72.6,88.1,108.9,122.1,116.4,103.8,87.1,79.1,74.9,58.1,29.5,,,,,,,,,,,,,,,,,,,,,,,,,,,,,,,,,,,,,,,,,,,,,,,,,,,,,,,,,,,,122.7,126.9,115.4,95.2,88.6,79,56.3,28.4,17.3,41.2,80.8,101.5,111.2,108,114.7,113.6,121.8,112.4,92.8,65.7,39.7,25.9,38.7,43.8,33,20.6,34.8,68.1,92.3,99.2,97.4,,,,,,,,,,,,,,,,,,,,,,,,,,,,,,,,,,,,,,,,,,,,,,,,,,,,,,,,,,2170.1,2387,70.00322581,77,55,115,3,3
34,4,A,E,2,6,91,18,1,25,32,43,43,1.5,1,0,0,90,1610,37,5,64.2,62.3,56.3,51.1,39,,,,,,,,,,,,,,,,,,,,,,,,,,,,,,,,,,,,,,,,,,,,,,,,,,,,,,,,,,,,,,,,,,,,,,,,,,,,,,,,,,,,,,120.7,118.7,108.2,100,85,,,,,,,,,,,,,,,,,,,,,,,,,,,,,,,,,,,,,,,,,,,,,,,,,,,,,,,,,,,,,,,,,,,,,,,,,,,,,,,,,,,,,,TT,Y,,2016,4,2,11/14/2003,15.16666667,22.85730693,21.69674218,28.66013072,,,56.3,51.1,39,,,,,,,,,,,,,,,,,,,,,,,,,,,,,,,,,,,,,,,,,,,,,,,,,,,,,,,,,,,,,,,,,,,,,,,,,,,,,,,,,,,,,,,,108.2,100,85,,,,,,,,,,,,,,,,,,,,,,,,,,,,,,,,,,,,,,,,,,,,,,,,,,,,,,,,,,,,,,,,,,,,,,,,,,,,,,,,,,,,,,146.4,293.2,48.8,97.73333333,55,115,3,3
35,4,A,S,2,4.2,96,34,3,65,29,6,-63,1.5,1,0,0,90,1610,37,4,62.7,51.9,35.6,18.7,,,,,,,,,,,,,,,,,,,,,,,,,,,,,,,,,,,,,,,,,,,,,,,,,,,,,,,,,,,,,,,,,,,,,,,,,,,,,,,,,,,,,,,97,77.1,70.5,79.6,,,,,,,,,,,,,,,,,,,,,,,,,,,,,,,,,,,,,,,,,,,,,,,,,,,,,,,,,,,,,,,,,,,,,,,,,,,,,,,,,,,,,,,TT,Y,,2016,5,2,11/14/2003,22.85714286,22.85730693,21.69674218,28.66013072,,,35.6,18.7,,,,,,,,,,,,,,,,,,,,,,,,,,,,,,,,,,,,,,,,,,,,,,,,,,,,,,,,,,,,,,,,,,,,,,,,,,,,,,,,,,,,,,,,,70.5,79.6,,,,,,,,,,,,,,,,,,,,,,,,,,,,,,,,,,,,,,,,,,,,,,,,,,,,,,,,,,,,,,,,,,,,,,,,,,,,,,,,,,,,,,,54.3,150.1,27.15,75.05,55,115,3,3
36,4,A,N,2,30.6,877,41,10,40,47,13,-36,1.5,3,0,0,90,1610,37,30,107.5,100.4,84.6,62.9,32,9.5,13.6,25.5,35.6,28.6,50.6,80.5,98.2,83.7,70,37.6,27.2,50,62.4,56.1,21.3,4.7,19.2,45.4,39.2,27.6,43.6,61.1,92,115.7,,,,,,,,,,,,,,,,,,,,,,,,,,,,,,,,,,,,,,,,,,,,,,,,,,,,,,,,,,,,,56.3,56.8,70,83.8,84.1,83.2,98.7,111,119.9,94.9,81.3,81.3,78.5,53.4,36.3,51.2,73,96.8,113.4,120.9,102,88.2,92.5,85.8,68.2,61.5,42.2,33.1,39.5,43.6,,,,,,,,,,,,,,,,,,,,,,,,,,,,,,,,,,,,,,,,,,,,,,,,,,,,,,,,,,,,,FS,Y,,2016,6,2,11/14/2003,28.66013072,22.85730693,21.69674218,28.66013072,,,,62.9,32,9.5,13.6,25.5,35.6,28.6,50.6,80.5,98.2,83.7,70,37.6,27.2,50,62.4,56.1,21.3,4.7,19.2,45.4,39.2,27.6,43.6,61.1,92,115.7,,,,,,,,,,,,,,,,,,,,,,,,,,,,,,,,,,,,,,,,,,,,,,,,,,,,,,,,,,,,,,,,83.8,84.1,83.2,98.7,111,119.9,94.9,81.3,81.3,78.5,53.4,36.3,51.2,73,96.8,113.4,120.9,102,88.2,92.5,85.8,68.2,61.5,42.2,33.1,39.5,43.6,,,,,,,,,,,,,,,,,,,,,,,,,,,,,,,,,,,,,,,,,,,,,,,,,,,,,,,,,,,,,1293.8,2118.3,47.91851852,78.45555556,115,55,4,4
7,3,B,W,2,7.4,153,28,4,52,28,20,57,1.5,1,0,0,90,1610,49,7,110.5,106.5,90.6,64,49.4,31.7,16.9,,,,,,,,,,,,,,,,,,,,,,,,,,,,,,,,,,,,,,,,,,,,,,,,,,,,,,,,,,,,,,,,,,,,,,,,,,,,,,,,,,,,63.8,69.3,75.5,67.4,68.6,71.5,86.1,,,,,,,,,,,,,,,,,,,,,,,,,,,,,,,,,,,,,,,,,,,,,,,,,,,,,,,,,,,,,,,,,,,,,,,,,,,,,,,,,,,,TT,Y,,2016,1,2,11/13/2003,20.67567568,21.68828742,21.21548739,24.05228758,,,,,49.4,31.7,16.9,,,,,,,,,,,,,,,,,,,,,,,,,,,,,,,,,,,,,,,,,,,,,,,,,,,,,,,,,,,,,,,,,,,,,,,,,,,,,,,,,,,,,,,,68.6,71.5,86.1,,,,,,,,,,,,,,,,,,,,,,,,,,,,,,,,,,,,,,,,,,,,,,,,,,,,,,,,,,,,,,,,,,,,,,,,,,,,,,,,,,,,98,226.2,32.66666667,75.4,115,55,5,5
8,3,B,N,2,9.8,236,20,48,56,43,1,72,1.5,1,0,0,90,1610,49,9,111.1,107,102.5,95,84.4,73,56.2,52.1,24.6,,,,,,,,,,,,,,,,,,,,,,,,,,,,,,,,,,,,,,,,,,,,,,,,,,,,,,,,,,,,,,,,,,,,,,,,,,,,,,,,,,46.4,30.6,18.1,20.6,29.1,43.4,65.5,84.3,91.9,,,,,,,,,,,,,,,,,,,,,,,,,,,,,,,,,,,,,,,,,,,,,,,,,,,,,,,,,,,,,,,,,,,,,,,,,,,,,,,,,,TT,Y,,2016,2,2,11/13/2003,24.08163265,21.68828742,21.21548739,24.05228758,,,,,84.4,73,56.2,52.1,24.6,,,,,,,,,,,,,,,,,,,,,,,,,,,,,,,,,,,,,,,,,,,,,,,,,,,,,,,,,,,,,,,,,,,,,,,,,,,,,,,,,,,,,,29.1,43.4,65.5,84.3,91.9,,,,,,,,,,,,,,,,,,,,,,,,,,,,,,,,,,,,,,,,,,,,,,,,,,,,,,,,,,,,,,,,,,,,,,,,,,,,,,,,,,290.3,314.2,58.06,62.84,115,55,5,5
9,3,B,E,2,12.6,310,19,6,50,44,6,48,1.5,1,0,0,90,1610,49,12,59.9,54.9,53.3,56.3,54.8,52,59.9,74.9,72.9,67.8,37.5,19.1,,,,,,,,,,,,,,,,,,,,,,,,,,,,,,,,,,,,,,,,,,,,,,,,,,,,,,,,,,,,,,,,,,,,,,,,,,,,,,,105.2,94.7,84.7,66.9,54.3,38.9,31.3,45.3,66.7,83.1,93.8,99.2,,,,,,,,,,,,,,,,,,,,,,,,,,,,,,,,,,,,,,,,,,,,,,,,,,,,,,,,,,,,,,,,,,,,,,,,,,,,,,,TT,Y,,2016,3,2,11/13/2003,24.6031746,21.68828742,21.21548739,24.05228758,,,53.3,56.3,54.8,52,59.9,74.9,72.9,67.8,37.5,19.1,,,,,,,,,,,,,,,,,,,,,,,,,,,,,,,,,,,,,,,,,,,,,,,,,,,,,,,,,,,,,,,,,,,,,,,,,,,,,,,,,84.7,66.9,54.3,38.9,31.3,45.3,66.7,83.1,93.8,99.2,,,,,,,,,,,,,,,,,,,,,,,,,,,,,,,,,,,,,,,,,,,,,,,,,,,,,,,,,,,,,,,,,,,,,,,,,,,,,,,548.5,664.2,54.85,66.42,55,115,3,3
7,4,B,E,2,8.7,140,52,2,4,75,21,32,1.5,1,0,0,90,1610,49,8,62,62,57.1,47.5,31.1,19.2,20.9,17.9,,,,,,,,,,,,,,,,,,,,,,,,,,,,,,,,,,,,,,,,,,,,,,,,,,,,,,,,,,,,,,,,,,,,,,,,,,,,,,,,,,,108.6,106,99.5,93.4,91.5,97.7,105.9,103.1,,,,,,,,,,,,,,,,,,,,,,,,,,,,,,,,,,,,,,,,,,,,,,,,,,,,,,,,,,,,,,,,,,,,,,,,,,,,,,,,,,,TT,Y,,2016,4,2,11/14/2003,16.09195402,21.68828742,21.21548739,24.05228758,,,57.1,47.5,31.1,19.2,20.9,17.9,,,,,,,,,,,,,,,,,,,,,,,,,,,,,,,,,,,,,,,,,,,,,,,,,,,,,,,,,,,,,,,,,,,,,,,,,,,,,,,,,,,,,99.5,93.4,91.5,97.7,105.9,103.1,,,,,,,,,,,,,,,,,,,,,,,,,,,,,,,,,,,,,,,,,,,,,,,,,,,,,,,,,,,,,,,,,,,,,,,,,,,,,,,,,,,193.7,591.1,32.28333333,98.51666667,55,115,3,3
8,4,B,S,2,9.6,198,64,14,83,14,3,-5,1.5,0,0,0,90,1610,49,9,41.9,25.9,20,31.5,32.1,44.9,52.3,54.5,36.2,,,,,,,,,,,,,,,,,,,,,,,,,,,,,,,,,,,,,,,,,,,,,,,,,,,,,,,,,,,,,,,,,,,,,,,,,,,,,,,,,,107.5,92.6,76.2,59.6,54.3,44,36.2,31.9,50.9,,,,,,,,,,,,,,,,,,,,,,,,,,,,,,,,,,,,,,,,,,,,,,,,,,,,,,,,,,,,,,,,,,,,,,,,,,,,,,,,,,TT,Y,,2016,5,2,11/14/2003,20.625,21.68828742,21.21548739,24.05228758,,,20,31.5,32.1,44.9,52.3,54.5,36.2,,,,,,,,,,,,,,,,,,,,,,,,,,,,,,,,,,,,,,,,,,,,,,,,,,,,,,,,,,,,,,,,,,,,,,,,,,,,,,,,,,,,76.2,59.6,54.3,44,36.2,31.9,50.9,,,,,,,,,,,,,,,,,,,,,,,,,,,,,,,,,,,,,,,,,,,,,,,,,,,,,,,,,,,,,,,,,,,,,,,,,,,,,,,,,,271.5,353.1,38.78571429,50.44285714,55,115,3,3
9,4,B,N,2,30.6,736,40,31,52,30,18,64,1.5,3,1,0,90,1610,49,30,108.5,99.8,80.7,52.4,29,11.2,30.2,37.7,55.9,63.3,63.1,49,42.4,37.8,62.7,72.6,77.8,96.1,101.7,84.9,69,50.1,16.7,11.2,32,39,39.6,40.5,41.2,44.6,,,,,,,,,,,,,,,,,,,,,,,,,,,,,,,,,,,,,,,,,,,,,,,,,,,,,,,,,,,,,41.3,23.9,11.2,33.5,57.5,87.4,100.7,88,89.8,79.2,73.6,53.5,44.3,58.6,61.6,50.7,28.2,21.3,28.9,29,24.6,38.4,70.3,93.4,114.9,122.2,123.7,125.2,123.2,114.9,,,,,,,,,,,,,,,,,,,,,,,,,,,,,,,,,,,,,,,,,,,,,,,,,,,,,,,,,,,,,FS,Y,,2016,6,2,11/14/2003,24.05228758,21.68828742,21.21548739,24.05228758,,,,,29,11.2,30.2,37.7,55.9,63.3,63.1,49,42.4,37.8,62.7,72.6,77.8,96.1,101.7,84.9,69,50.1,16.7,11.2,32,39,39.6,40.5,41.2,44.6,,,,,,,,,,,,,,,,,,,,,,,,,,,,,,,,,,,,,,,,,,,,,,,,,,,,,,,,,,,,,,,,,57.5,87.4,100.7,88,89.8,79.2,73.6,53.5,44.3,58.6,61.6,50.7,28.2,21.3,28.9,29,24.6,38.4,70.3,93.4,114.9,122.2,123.7,125.2,123.2,114.9,,,,,,,,,,,,,,,,,,,,,,,,,,,,,,,,,,,,,,,,,,,,,,,,,,,,,,,,,,,,,1299.3,1903.1,49.97307692,73.19615385,115,55,5,5
22,3,B,W,2,16.1,360,27,16,75,11,14,35,1.5,0,1,0,90,1610,78,16,108.8,106,99,80.2,50.7,30.9,25.4,28.4,44.8,69.5,77,78.2,73.9,55,29.5,20.2,,,,,,,,,,,,,,,,,,,,,,,,,,,,,,,,,,,,,,,,,,,,,,,,,,,,,,,,,,,,,,,,,,,,,,,,,,,72.5,74.6,70.8,71.5,69.5,73.2,62.5,59,51.1,31.6,12.2,24,40.4,59.2,69.2,66.4,,,,,,,,,,,,,,,,,,,,,,,,,,,,,,,,,,,,,,,,,,,,,,,,,,,,,,,,,,,,,,,,,,,,,,,,,,,TT,Y,,2016,1,2,11/13/2003,22.36024845,23.83117875,23.40133606,25.98039216,,,,,50.7,30.9,25.4,28.4,44.8,69.5,77,78.2,73.9,55,29.5,20.2,,,,,,,,,,,,,,,,,,,,,,,,,,,,,,,,,,,,,,,,,,,,,,,,,,,,,,,,,,,,,,,,,,,,,,,,,,,,,,,69.5,73.2,62.5,59,51.1,31.6,12.2,24,40.4,59.2,69.2,66.4,,,,,,,,,,,,,,,,,,,,,,,,,,,,,,,,,,,,,,,,,,,,,,,,,,,,,,,,,,,,,,,,,,,,,,,,,,,583.5,618.3,48.625,51.525,115,55,5,5
23,3,B,N,2,12.5,281,17,71,41,58,1,77,1.5,1,0,0,90,1610,78,12,109.3,105.8,102.4,111.6,116.9,108.5,104.5,96.5,72.9,49.8,35.4,20.3,,,,,,,,,,,,,,,,,,,,,,,,,,,,,,,,,,,,,,,,,,,,,,,,,,,,,,,,,,,,,,,,,,,,,,,,,,,,,,,44.1,29.6,18.2,34.2,35.1,23.6,24.1,24.7,31.5,40.1,54.3,79,,,,,,,,,,,,,,,,,,,,,,,,,,,,,,,,,,,,,,,,,,,,,,,,,,,,,,,,,,,,,,,,,,,,,,,,,,,,,,,TT,Y,,2016,2,2,11/13/2003,22.48,23.83117875,23.40133606,25.98039216,,,,,116.9,108.5,104.5,96.5,72.9,49.8,35.4,20.3,,,,,,,,,,,,,,,,,,,,,,,,,,,,,,,,,,,,,,,,,,,,,,,,,,,,,,,,,,,,,,,,,,,,,,,,,,,,,,,,,,,35.1,23.6,24.1,24.7,31.5,40.1,54.3,79,,,,,,,,,,,,,,,,,,,,,,,,,,,,,,,,,,,,,,,,,,,,,,,,,,,,,,,,,,,,,,,,,,,,,,,,,,,,,,,604.8,312.4,75.6,39.05,115,55,5,5
24,3,B,E,2,32.4,722,31,19,79,17,4,53,1.5,2,1,0,90,1610,78,32,60.9,54.7,47.2,57,74.3,77.3,70.3,65.4,51.4,42.2,55.8,68.2,74.9,83.9,80.7,73.1,63.8,55.1,31.5,22,33.7,24.1,11.1,16.7,18.7,27.9,37.4,42.6,53.5,49.4,32.7,22.8,,,,,,,,,,,,,,,,,,,,,,,,,,,,,,,,,,,,,,,,,,,,,,,,,,,,,,,,,,,107.9,94.7,71,37.5,18.6,12.2,20.2,48.3,68,76.3,88.9,81.1,73.1,67.9,48.9,26,23.3,37.2,60.8,66.7,69.7,83.5,81.9,69.7,68.4,59.4,48.4,47.9,66,76.5,75.5,83.1,,,,,,,,,,,,,,,,,,,,,,,,,,,,,,,,,,,,,,,,,,,,,,,,,,,,,,,,,,,TT,Y,,2016,3,2,11/13/2003,22.28395062,23.83117875,23.40133606,25.98039216,,54.7,47.2,57,74.3,77.3,70.3,65.4,51.4,42.2,55.8,68.2,74.9,83.9,80.7,73.1,63.8,55.1,31.5,22,33.7,24.1,11.1,16.7,18.7,27.9,37.4,42.6,53.5,49.4,32.7,22.8,,,,,,,,,,,,,,,,,,,,,,,,,,,,,,,,,,,,,,,,,,,,,,,,,,,,,,,,,,,,94.7,71,37.5,18.6,12.2,20.2,48.3,68,76.3,88.9,81.1,73.1,67.9,48.9,26,23.3,37.2,60.8,66.7,69.7,83.5,81.9,69.7,68.4,59.4,48.4,47.9,66,76.5,75.5,83.1,,,,,,,,,,,,,,,,,,,,,,,,,,,,,,,,,,,,,,,,,,,,,,,,,,,,,,,,,,,1519.4,1850.7,49.01290323,59.7,55,115,2,2
22,4,B,E,2,27.7,674,24,30,76,18,6,53,1.5,0,3,0,90,1610,78,27,60.5,54.7,50.1,47.9,37.9,24.3,30,63.8,86.4,93.4,90.1,78.3,57.4,38.1,27.4,32.8,34,55.5,80.2,93.4,94.2,87.2,69.8,61.8,63.6,57.3,38.5,,,,,,,,,,,,,,,,,,,,,,,,,,,,,,,,,,,,,,,,,,,,,,,,,,,,,,,,,,,,,,,,114.6,101,82.5,72.4,71.1,74.2,60.9,46,30.8,13.1,9.4,19.6,38.4,50.3,59.3,53.1,51.8,45,28.8,13.2,15,22.4,44.7,71.7,85.3,101.2,106.6,,,,,,,,,,,,,,,,,,,,,,,,,,,,,,,,,,,,,,,,,,,,,,,,,,,,,,,,,,,,,,,,TT,Y,,2016,4,2,11/14/2003,24.33212996,23.83117875,23.40133606,25.98039216,,54.7,50.1,47.9,37.9,24.3,30,63.8,86.4,93.4,90.1,78.3,57.4,38.1,27.4,32.8,34,55.5,80.2,93.4,94.2,87.2,69.8,61.8,63.6,57.3,38.5,,,,,,,,,,,,,,,,,,,,,,,,,,,,,,,,,,,,,,,,,,,,,,,,,,,,,,,,,,,,,,,,,101,82.5,72.4,71.1,74.2,60.9,46,30.8,13.1,9.4,19.6,38.4,50.3,59.3,53.1,51.8,45,28.8,13.2,15,22.4,44.7,71.7,85.3,101.2,106.6,,,,,,,,,,,,,,,,,,,,,,,,,,,,,,,,,,,,,,,,,,,,,,,,,,,,,,,,,,,,,,,,1548.1,1367.8,59.54230769,52.60769231,55,115,2,2
23,4,B,S,2,42.7,1091,23,32,62,34,4,-3,1.5,1,2,0,90,1610,78,42,55.3,40.8,33.4,35.3,43.4,53.3,78.8,84.1,79.7,68.7,55.3,40.8,20.5,21.2,25.3,27.4,31.4,46.8,58.8,65.4,70.7,76.4,100.7,107.7,109.4,114,111.8,99.7,78.4,58.9,37.3,35.2,43.7,65.4,80.6,90.7,102.6,103.4,93.9,78.6,55.3,26.8,,,,,,,,,,,,,,,,,,,,,,,,,,,,,,,,,,,,,,,,,,,,,,,,,108.2,100.1,79.9,57.1,45.7,46.3,37.8,15.6,9.1,28.7,61.7,83.4,89.7,102.5,107.2,86.7,65.4,41.5,28.7,28.1,44.3,66.8,69.8,55.3,35.1,29.1,33.6,37.9,38,36.8,51.8,70.9,58,42.9,27.3,14,26.2,47.9,60.4,78,87.5,89.4,,,,,,,,,,,,,,,,,,,,,,,,,,,,,,,,,,,,,,,,,,,,,,,,,TT,Y,,2016,5,2,11/14/2003,25.55035129,23.83117875,23.40133606,25.98039216,,40.8,33.4,35.3,43.4,53.3,78.8,84.1,79.7,68.7,55.3,40.8,20.5,21.2,25.3,27.4,31.4,46.8,58.8,65.4,70.7,76.4,100.7,107.7,109.4,114,111.8,99.7,78.4,58.9,37.3,35.2,43.7,65.4,80.6,90.7,102.6,103.4,93.9,78.6,55.3,26.8,,,,,,,,,,,,,,,,,,,,,,,,,,,,,,,,,,,,,,,,,,,,,,,,,,100.1,79.9,57.1,45.7,46.3,37.8,15.6,9.1,28.7,61.7,83.4,89.7,102.5,107.2,86.7,65.4,41.5,28.7,28.1,44.3,66.8,69.8,55.3,35.1,29.1,33.6,37.9,38,36.8,51.8,70.9,58,42.9,27.3,14,26.2,47.9,60.4,78,87.5,89.4,,,,,,,,,,,,,,,,,,,,,,,,,,,,,,,,,,,,,,,,,,,,,,,,,2651.6,2216.2,64.67317073,54.05365854,55,115,2,2
24,4,B,N,2,30.6,795,30,30,52,33,15,65,1.5,1,2,0,90,1610,78,30,110.1,101.3,85.3,62.4,32.5,38.2,64.3,88.3,90,83,73.6,48.1,43.6,39.8,25.4,11.2,22.4,39.8,45.7,48,53.4,59.5,70.2,77.6,81.2,80.4,69.7,58.5,49.5,48.8,,,,,,,,,,,,,,,,,,,,,,,,,,,,,,,,,,,,,,,,,,,,,,,,,,,,,,,,,,,,,42,24.4,10.6,23.6,55.7,72.7,70.9,69.7,51.7,29.5,26.4,41.5,55.9,80.9,93.9,94.5,104.6,122.5,123.7,115.3,100.1,81.5,57.4,30.4,9.1,24.4,47.5,72.8,94.9,116.8,,,,,,,,,,,,,,,,,,,,,,,,,,,,,,,,,,,,,,,,,,,,,,,,,,,,,,,,,,,,,FS,Y,,2016,6,2,11/14/2003,25.98039216,23.83117875,23.40133606,25.98039216,,,,62.4,32.5,38.2,64.3,88.3,90,83,73.6,48.1,43.6,39.8,25.4,11.2,22.4,39.8,45.7,48,53.4,59.5,70.2,77.6,81.2,80.4,69.7,58.5,49.5,48.8,,,,,,,,,,,,,,,,,,,,,,,,,,,,,,,,,,,,,,,,,,,,,,,,,,,,,,,,,,,,,,,,23.6,55.7,72.7,70.9,69.7,51.7,29.5,26.4,41.5,55.9,80.9,93.9,94.5,104.6,122.5,123.7,115.3,100.1,81.5,57.4,30.4,9.1,24.4,47.5,72.8,94.9,116.8,,,,,,,,,,,,,,,,,,,,,,,,,,,,,,,,,,,,,,,,,,,,,,,,,,,,,,,,,,,,,1505.1,1867.9,55.74444444,69.18148148,115,55,4,4
10,5,A,S,2,61.9,1676,36,19,44,37,19,-89,1.5,5,1,0,90,1610,18,61,57.5,54.7,57.9,67.1,89.3,112.7,113.6,100.2,88,74.1,52.6,37,20.7,39.8,40,34.7,51.1,60.8,64.7,76.1,63,38.9,29,45.5,66.9,68.2,65.2,46.9,19.7,19.9,52.9,86.9,106.8,106.6,116.8,118.4,115.2,97.2,70.9,48.8,49.6,54.1,46.4,17.6,14.7,18.8,30.8,28,29.3,44.6,40.9,24.9,31.6,59.4,85,89.7,72.1,64.8,71.4,59.5,28.6,,,,,,,,,,,,,,,,,,,,,,,,,,,,,,108.7,108.4,100.8,82.2,67.1,60.7,44.5,18.1,13,27.9,48.6,69.7,91.1,122.6,124,117.6,115.2,105.4,65.9,34.5,27.5,49.2,80,108.3,120.2,104.9,83.7,66,71.8,79.3,77.5,79.4,73.8,51.9,40.4,33.4,32.6,26.7,38.7,66.5,94.4,90.5,82.3,86.4,97.4,82.6,64.5,65.8,88.7,112.8,120.5,103.1,88,77.1,78.9,69.1,54,37.9,38.1,53.1,69.9,,,,,,,,,,,,,,,,,,,,,,,,,,,,,,TT,Y,,2016,1,3,11/15/2003,27.07592892,24.55654981,24.47769583,24.95081967,,54.7,57.9,67.1,89.3,112.7,113.6,100.2,88,74.1,52.6,37,20.7,39.8,40,34.7,51.1,60.8,64.7,76.1,63,38.9,29,45.5,66.9,68.2,65.2,46.9,19.7,19.9,52.9,86.9,106.8,106.6,116.8,118.4,115.2,97.2,70.9,48.8,49.6,54.1,46.4,17.6,14.7,18.8,30.8,28,29.3,44.6,40.9,24.9,31.6,59.4,85,89.7,72.1,64.8,71.4,59.5,28.6,,,,,,,,,,,,,,,,,,,,,,,,,,,,,,,108.4,100.8,82.2,67.1,60.7,44.5,18.1,13,27.9,48.6,69.7,91.1,122.6,124,117.6,115.2,105.4,65.9,34.5,27.5,49.2,80,108.3,120.2,104.9,83.7,66,71.8,79.3,77.5,79.4,73.8,51.9,40.4,33.4,32.6,26.7,38.7,66.5,94.4,90.5,82.3,86.4,97.4,82.6,64.5,65.8,88.7,112.8,120.5,103.1,88,77.1,78.9,69.1,54,37.9,38.1,53.1,69.9,,,,,,,,,,,,,,,,,,,,,,,,,,,,,,3580.6,4384.2,59.67666667,73.07,55,115,2,2
11,5,A,N,2,33.7,776,25,19,34,49,17,35,1.5,1,1,0,90,1610,18,33,108.4,102.2,95.3,94,105,111,103.2,94.3,78.4,58.3,67.4,82.1,99,97.7,91.7,77.1,58,27,31.2,56,64.5,69.1,89.5,107.4,98.6,82.1,61.8,45.3,26.5,34.5,43.5,35,18.6,,,,,,,,,,,,,,,,,,,,,,,,,,,,,,,,,,,,,,,,,,,,,,,,,,,,,,,,,,49.5,41.7,35.1,41.1,53.4,61.5,62.6,70.2,76.5,67.4,47.6,62,77,69.4,58.3,56.8,56.5,63,87.5,109.5,115.1,90.3,64.3,50.3,27.7,8.2,34.9,59.6,85.2,116.5,127.1,115.5,93.5,,,,,,,,,,,,,,,,,,,,,,,,,,,,,,,,,,,,,,,,,,,,,,,,,,,,,,,,,,TT,Y,,2016,2,3,11/15/2003,23.02670623,24.55654981,24.47769583,24.95081967,,,,,105,111,103.2,94.3,78.4,58.3,67.4,82.1,99,97.7,91.7,77.1,58,27,31.2,56,64.5,69.1,89.5,107.4,98.6,82.1,61.8,45.3,26.5,34.5,43.5,35,18.6,,,,,,,,,,,,,,,,,,,,,,,,,,,,,,,,,,,,,,,,,,,,,,,,,,,,,,,,,,,,,,53.4,61.5,62.6,70.2,76.5,67.4,47.6,62,77,69.4,58.3,56.8,56.5,63,87.5,109.5,115.1,90.3,64.3,50.3,27.7,8.2,34.9,59.6,85.2,116.5,127.1,115.5,93.5,,,,,,,,,,,,,,,,,,,,,,,,,,,,,,,,,,,,,,,,,,,,,,,,,,,,,,,,,,2013.8,2067.4,69.44137931,71.28965517,115,55,5,5
12,5,A,W,2,20,431,7,21,56,34,10,1,1.5,2,1,0,90,1610,18,19,110.1,105.1,95.1,90.7,81.6,59.8,46.5,58.5,74,80.5,91.3,101.7,93.4,83.7,85,80.9,74.6,61.4,36.4,,,,,,,,,,,,,,,,,,,,,,,,,,,,,,,,,,,,,,,,,,,,,,,,,,,,,,,,,,,,,,,,,,,,,,,,61.5,59.9,52.7,44.1,44.8,50.6,61,85,105.1,91.3,64.8,43.8,26.2,8.9,9.7,25.3,46.3,64.8,75.6,,,,,,,,,,,,,,,,,,,,,,,,,,,,,,,,,,,,,,,,,,,,,,,,,,,,,,,,,,,,,,,,,,,,,,,,TT,Y,,2016,3,3,11/15/2003,21.55,24.55654981,24.47769583,24.95081967,,,,,81.6,59.8,46.5,58.5,74,80.5,91.3,101.7,93.4,83.7,85,80.9,74.6,61.4,36.4,,,,,,,,,,,,,,,,,,,,,,,,,,,,,,,,,,,,,,,,,,,,,,,,,,,,,,,,,,,,,,,,,,,,,,,,,,,,44.8,50.6,61,85,105.1,91.3,64.8,43.8,26.2,8.9,9.7,25.3,46.3,64.8,75.6,,,,,,,,,,,,,,,,,,,,,,,,,,,,,,,,,,,,,,,,,,,,,,,,,,,,,,,,,,,,,,,,,,,,,,,,1109.3,803.2,73.95333333,53.54666667,115,55,5,5
10,6,A,N,2,25.6,684,46,16,54,29,17,-3,1.5,0,1,0,90,1610,18,25,111.4,106.1,97.8,75.2,46.2,30.1,48.5,47.5,35.3,31,29.1,37.9,44.7,57.8,94.8,105.8,94.7,86.8,78.5,53.8,35,30.9,56.4,50.5,38.4,,,,,,,,,,,,,,,,,,,,,,,,,,,,,,,,,,,,,,,,,,,,,,,,,,,,,,,,,,,,,,,,,,57.4,52.5,50.1,46.1,46.9,66.3,95.9,112.6,94.9,70.7,57.3,47.9,43.2,53.1,73.2,66.1,35.6,10.6,9.4,34.7,65.1,99.5,121.9,109.2,97.4,,,,,,,,,,,,,,,,,,,,,,,,,,,,,,,,,,,,,,,,,,,,,,,,,,,,,,,,,,,,,,,,,,TT,Y,,2016,4,3,11/16/2003,26.71875,24.55654981,24.47769583,24.95081967,,,,,46.2,30.1,48.5,47.5,35.3,31,29.1,37.9,44.7,57.8,94.8,105.8,94.7,86.8,78.5,53.8,35,30.9,56.4,50.5,38.4,,,,,,,,,,,,,,,,,,,,,,,,,,,,,,,,,,,,,,,,,,,,,,,,,,,,,,,,,,,,,,,,,,,,,,46.9,66.3,95.9,112.6,94.9,70.7,57.3,47.9,43.2,53.1,73.2,66.1,35.6,10.6,9.4,34.7,65.1,99.5,121.9,109.2,97.4,,,,,,,,,,,,,,,,,,,,,,,,,,,,,,,,,,,,,,,,,,,,,,,,,,,,,,,,,,,,,,,,,,1133.7,1411.5,53.98571429,67.21428571,115,55,5,5
11,6,A,S,2,11.7,281,43,15,50,45,5,-85,1.5,0,0,0,90,1610,18,11,62.9,69.4,81,85.4,74.6,60.3,42.9,26.9,33.5,37.4,35,,,,,,,,,,,,,,,,,,,,,,,,,,,,,,,,,,,,,,,,,,,,,,,,,,,,,,,,,,,,,,,,,,,,,,,,,,,,,,,,102.9,87.1,68.5,46.7,34.4,28.9,43.4,64.9,99.6,97.3,92.3,,,,,,,,,,,,,,,,,,,,,,,,,,,,,,,,,,,,,,,,,,,,,,,,,,,,,,,,,,,,,,,,,,,,,,,,,,,,,,,,TT,Y,,2016,5,3,11/16/2003,24.01709402,24.55654981,24.47769583,24.95081967,,69.4,81,85.4,74.6,60.3,42.9,26.9,33.5,37.4,35,,,,,,,,,,,,,,,,,,,,,,,,,,,,,,,,,,,,,,,,,,,,,,,,,,,,,,,,,,,,,,,,,,,,,,,,,,,,,,,,,87.1,68.5,46.7,34.4,28.9,43.4,64.9,99.6,97.3,92.3,,,,,,,,,,,,,,,,,,,,,,,,,,,,,,,,,,,,,,,,,,,,,,,,,,,,,,,,,,,,,,,,,,,,,,,,,,,,,,,,546.4,663.1,54.64,66.31,55,115,2,2
12,6,A,E,2,30.5,761,58,3,50,28,22,50,1.5,6,0,0,90,1610,18,30,65.6,59.9,53.4,55.4,46.5,30.1,48.1,78.9,80.9,59,40.3,25.3,11.5,14,11.1,9.7,36,50.2,38.8,36.3,20.2,15.6,40.6,64.5,70.1,55.7,35.2,10.6,17.3,21.2,,,,,,,,,,,,,,,,,,,,,,,,,,,,,,,,,,,,,,,,,,,,,,,,,,,,,,,,,,,,,116.4,108.7,87.8,76.2,65.8,58.1,67.1,91.5,101.9,109.4,113.4,109.5,93.4,74.4,74.9,85.7,116.6,120.7,98.4,88.3,76.6,85.9,97.2,87.4,67.2,53.4,58.7,79.9,86.6,79.4,,,,,,,,,,,,,,,,,,,,,,,,,,,,,,,,,,,,,,,,,,,,,,,,,,,,,,,,,,,,,FS,Y,,2016,6,3,11/16/2003,24.95081967,24.55654981,24.47769583,24.95081967,,59.9,53.4,55.4,46.5,30.1,48.1,78.9,80.9,59,40.3,25.3,11.5,14,11.1,9.7,36,50.2,38.8,36.3,20.2,15.6,40.6,64.5,70.1,55.7,35.2,10.6,17.3,21.2,,,,,,,,,,,,,,,,,,,,,,,,,,,,,,,,,,,,,,,,,,,,,,,,,,,,,,,,,,,,,,108.7,87.8,76.2,65.8,58.1,67.1,91.5,101.9,109.4,113.4,109.5,93.4,74.4,74.9,85.7,116.6,120.7,98.4,88.3,76.6,85.9,97.2,87.4,67.2,53.4,58.7,79.9,86.6,79.4,,,,,,,,,,,,,,,,,,,,,,,,,,,,,,,,,,,,,,,,,,,,,,,,,,,,,,,,,,,,,1136.4,2514.1,39.1862069,86.69310345,55,115,2,2
34,5,A,S,2,28.9,756,40,6,39,33,28,-22,1.5,1,0,0,90,1610,37,28,62.6,44.9,29.2,31.5,33.9,52.4,79.9,67.5,52.3,24.1,28.8,38,42.5,53.3,81.9,90.8,90.2,77.6,64.4,68.3,83.4,99.8,88.6,68,34.4,23.8,30.5,16.6,,,,,,,,,,,,,,,,,,,,,,,,,,,,,,,,,,,,,,,,,,,,,,,,,,,,,,,,,,,,,,,98.6,88.2,73.2,62.6,61.7,73.4,80.3,70.6,67.3,84.5,113.2,123.3,120.4,111.1,103.4,94.7,87.8,70.4,42.6,22.5,49.8,76.2,81,80.4,81.8,100.1,114.3,95.2,,,,,,,,,,,,,,,,,,,,,,,,,,,,,,,,,,,,,,,,,,,,,,,,,,,,,,,,,,,,,,,TT,Y,,2016,1,3,11/15/2003,26.15916955,27.96077099,28.8688861,23.42019544,,44.9,29.2,31.5,33.9,52.4,79.9,67.5,52.3,24.1,28.8,38,42.5,53.3,81.9,90.8,90.2,77.6,64.4,68.3,83.4,99.8,88.6,68,34.4,23.8,30.5,16.6,,,,,,,,,,,,,,,,,,,,,,,,,,,,,,,,,,,,,,,,,,,,,,,,,,,,,,,,,,,,,,,,88.2,73.2,62.6,61.7,73.4,80.3,70.6,67.3,84.5,113.2,123.3,120.4,111.1,103.4,94.7,87.8,70.4,42.6,22.5,49.8,76.2,81,80.4,81.8,100.1,114.3,95.2,,,,,,,,,,,,,,,,,,,,,,,,,,,,,,,,,,,,,,,,,,,,,,,,,,,,,,,,,,,,,,,1496.6,2230,55.42962963,82.59259259,55,115,2,2
35,5,A,N,2,5.7,183,44,3,8,80,12,-41,1.5,1,0,0,90,1610,37,5,99.7,80.8,55.8,39.1,22.3,,,,,,,,,,,,,,,,,,,,,,,,,,,,,,,,,,,,,,,,,,,,,,,,,,,,,,,,,,,,,,,,,,,,,,,,,,,,,,,,,,,,,,58.3,68.4,84.3,109.3,107.1,,,,,,,,,,,,,,,,,,,,,,,,,,,,,,,,,,,,,,,,,,,,,,,,,,,,,,,,,,,,,,,,,,,,,,,,,,,,,,,,,,,,,,TT,Y,,2016,2,3,11/15/2003,32.10526316,27.96077099,28.8688861,23.42019544,,,,39.1,22.3,,,,,,,,,,,,,,,,,,,,,,,,,,,,,,,,,,,,,,,,,,,,,,,,,,,,,,,,,,,,,,,,,,,,,,,,,,,,,,,,,,,,,,,,,109.3,107.1,,,,,,,,,,,,,,,,,,,,,,,,,,,,,,,,,,,,,,,,,,,,,,,,,,,,,,,,,,,,,,,,,,,,,,,,,,,,,,,,,,,,,,61.4,216.4,30.7,108.2,115,55,4,4
36,5,A,W,2,22.4,660,33,29,47,37,16,-56,1.5,1,0,0,90,1610,37,22,109.3,98.9,79.7,46.8,17.2,42.6,54.7,53.4,69.6,73.4,66.4,64.4,85.8,112.9,103.8,88.4,63,39.2,51.1,56.9,45.2,21.8,,,,,,,,,,,,,,,,,,,,,,,,,,,,,,,,,,,,,,,,,,,,,,,,,,,,,,,,,,,,,,,,,,,,,40.1,21.6,13.7,39.7,73.9,114.1,117.2,96.1,80.8,68,39.1,24.6,46.3,60.9,41.8,31,46.3,78.9,110.5,111.3,90.6,81.9,,,,,,,,,,,,,,,,,,,,,,,,,,,,,,,,,,,,,,,,,,,,,,,,,,,,,,,,,,,,,,,,,,,,,TT,Y,,2016,3,3,11/15/2003,29.46428571,27.96077099,28.8688861,23.42019544,,,,46.8,17.2,42.6,54.7,53.4,69.6,73.4,66.4,64.4,85.8,112.9,103.8,88.4,63,39.2,51.1,56.9,45.2,21.8,,,,,,,,,,,,,,,,,,,,,,,,,,,,,,,,,,,,,,,,,,,,,,,,,,,,,,,,,,,,,,,,,,,,,,,,39.7,73.9,114.1,117.2,96.1,80.8,68,39.1,24.6,46.3,60.9,41.8,31,46.3,78.9,110.5,111.3,90.6,81.9,,,,,,,,,,,,,,,,,,,,,,,,,,,,,,,,,,,,,,,,,,,,,,,,,,,,,,,,,,,,,,,,,,,,,1156.6,1353,60.87368421,71.21052632,115,55,4,4
34,6,A,N,2,6.8,200,44,3,16,46,38,-48,1.5,0,0,0,90,1610,37,6,101.1,85.5,76.8,65,43.9,17.9,,,,,,,,,,,,,,,,,,,,,,,,,,,,,,,,,,,,,,,,,,,,,,,,,,,,,,,,,,,,,,,,,,,,,,,,,,,,,,,,,,,,,61.9,78.5,103.8,118.6,118.5,93,,,,,,,,,,,,,,,,,,,,,,,,,,,,,,,,,,,,,,,,,,,,,,,,,,,,,,,,,,,,,,,,,,,,,,,,,,,,,,,,,,,,,TT,Y,,2016,4,3,11/16/2003,29.41176471,27.96077099,28.8688861,23.42019544,,,,65,43.9,17.9,,,,,,,,,,,,,,,,,,,,,,,,,,,,,,,,,,,,,,,,,,,,,,,,,,,,,,,,,,,,,,,,,,,,,,,,,,,,,,,,,,,,,,,,118.6,118.5,93,,,,,,,,,,,,,,,,,,,,,,,,,,,,,,,,,,,,,,,,,,,,,,,,,,,,,,,,,,,,,,,,,,,,,,,,,,,,,,,,,,,,,126.8,330.1,42.26666667,110.0333333,115,55,4,4
35,6,A,S,2,30.4,827,35,18,20,35,45,-102,1.5,2,0,0,90,1610,37,30,70.5,88.1,97.6,93.2,82.1,66.3,50.1,43.5,44.3,58.9,69.9,62.4,61.2,81.9,110,111.3,103,96.2,83.6,74.9,88.1,85.7,74.4,51.1,20.9,20.7,38.9,43.3,23.6,8.9,,,,,,,,,,,,,,,,,,,,,,,,,,,,,,,,,,,,,,,,,,,,,,,,,,,,,,,,,,,,,99.2,85.2,83,85.9,95.3,106.6,118.7,127.7,124.9,122.4,117.6,95.6,64.1,40.6,51.8,50.4,32.5,14.6,30,67.6,94.4,96,104.7,108.4,100.1,93.1,93.4,103.8,97.6,80,,,,,,,,,,,,,,,,,,,,,,,,,,,,,,,,,,,,,,,,,,,,,,,,,,,,,,,,,,,,,TT,Y,,2016,5,3,11/16/2003,27.20394737,27.96077099,28.8688861,23.42019544,,88.1,97.6,93.2,82.1,66.3,50.1,43.5,44.3,58.9,69.9,62.4,61.2,81.9,110,111.3,103,96.2,83.6,74.9,88.1,85.7,74.4,51.1,20.9,20.7,38.9,43.3,23.6,8.9,,,,,,,,,,,,,,,,,,,,,,,,,,,,,,,,,,,,,,,,,,,,,,,,,,,,,,,,,,,,,,85.2,83,85.9,95.3,106.6,118.7,127.7,124.9,122.4,117.6,95.6,64.1,40.6,51.8,50.4,32.5,14.6,30,67.6,94.4,96,104.7,108.4,100.1,93.1,93.4,103.8,97.6,80,,,,,,,,,,,,,,,,,,,,,,,,,,,,,,,,,,,,,,,,,,,,,,,,,,,,,,,,,,,,,1934.1,2486,66.69310345,85.72413793,55,115,2,2
36,6,A,E,2,30.7,719,68,6,59,31,10,37,1.5,3,0,0,90,1610,37,30,61.1,55.8,41.3,24.9,30.4,40.8,32.3,21.3,36.3,50,44.7,26.6,27.5,47.6,59.9,47.6,32.5,16.4,19.9,39.4,27.5,8.9,22.8,28,11.2,12.5,35.9,29.8,13.8,9.4,,,,,,,,,,,,,,,,,,,,,,,,,,,,,,,,,,,,,,,,,,,,,,,,,,,,,,,,,,,,,110.4,103.3,81,69.1,69.8,65,65.3,82.6,109.6,122.1,108.7,86.7,67.5,41.1,28.8,44.6,66.8,94,103,109.7,97.8,89.8,94,103,91.8,78,57.2,60.8,75.1,88.4,,,,,,,,,,,,,,,,,,,,,,,,,,,,,,,,,,,,,,,,,,,,,,,,,,,,,,,,,,,,,FS,Y,,2016,6,3,11/16/2003,23.42019544,27.96077099,28.8688861,23.42019544,,55.8,41.3,24.9,30.4,40.8,32.3,21.3,36.3,50,44.7,26.6,27.5,47.6,59.9,47.6,32.5,16.4,19.9,39.4,27.5,8.9,22.8,28,11.2,12.5,35.9,29.8,13.8,9.4,,,,,,,,,,,,,,,,,,,,,,,,,,,,,,,,,,,,,,,,,,,,,,,,,,,,,,,,,,,,,,103.3,81,69.1,69.8,65,65.3,82.6,109.6,122.1,108.7,86.7,67.5,41.1,28.8,44.6,66.8,94,103,109.7,97.8,89.8,94,103,91.8,78,57.2,60.8,75.1,88.4,,,,,,,,,,,,,,,,,,,,,,,,,,,,,,,,,,,,,,,,,,,,,,,,,,,,,,,,,,,,,895,2354.6,30.86206897,81.19310345,55,115,2,2
7,5,B,S,2,3.6,68,100,0,22,68,10,24,1.5,1,0,0,90,1610,49,3,46.7,30.1,15.5,,,,,,,,,,,,,,,,,,,,,,,,,,,,,,,,,,,,,,,,,,,,,,,,,,,,,,,,,,,,,,,,,,,,,,,,,,,,,,,,,,,,,,,,108.4,101.6,96.8,,,,,,,,,,,,,,,,,,,,,,,,,,,,,,,,,,,,,,,,,,,,,,,,,,,,,,,,,,,,,,,,,,,,,,,,,,,,,,,,,,,,,,,,TT,Y,,2016,1,3,11/15/2003,18.88888889,23.83174113,23.12750112,27.35294118,,30.1,15.5,,,,,,,,,,,,,,,,,,,,,,,,,,,,,,,,,,,,,,,,,,,,,,,,,,,,,,,,,,,,,,,,,,,,,,,,,,,,,,,,,,,,,,,,,101.6,96.8,,,,,,,,,,,,,,,,,,,,,,,,,,,,,,,,,,,,,,,,,,,,,,,,,,,,,,,,,,,,,,,,,,,,,,,,,,,,,,,,,,,,,,,,45.6,198.4,22.8,99.2,55,115,2,2
8,5,B,N,2,9.4,214,23,48,51,48,1,55,1.5,1,1,0,90,1610,49,9,108.8,105.6,96.5,77.2,59.1,61.7,56,34.1,15.5,,,,,,,,,,,,,,,,,,,,,,,,,,,,,,,,,,,,,,,,,,,,,,,,,,,,,,,,,,,,,,,,,,,,,,,,,,,,,,,,,,43.1,33.3,20.6,11.6,34.4,60.6,81.8,99.7,96.1,,,,,,,,,,,,,,,,,,,,,,,,,,,,,,,,,,,,,,,,,,,,,,,,,,,,,,,,,,,,,,,,,,,,,,,,,,,,,,,,,,TT,Y,,2016,2,3,11/15/2003,22.76595745,23.83174113,23.12750112,27.35294118,,,,,59.1,61.7,56,34.1,15.5,,,,,,,,,,,,,,,,,,,,,,,,,,,,,,,,,,,,,,,,,,,,,,,,,,,,,,,,,,,,,,,,,,,,,,,,,,,,,,,,,,,,,,34.4,60.6,81.8,99.7,96.1,,,,,,,,,,,,,,,,,,,,,,,,,,,,,,,,,,,,,,,,,,,,,,,,,,,,,,,,,,,,,,,,,,,,,,,,,,,,,,,,,,226.4,372.6,45.28,74.52,115,55,5,5
9,5,B,W,2,5.6,117,18,1,61,20,19,21,1.5,0,0,0,90,1610,49,5,111.5,100.8,72,57,37,,,,,,,,,,,,,,,,,,,,,,,,,,,,,,,,,,,,,,,,,,,,,,,,,,,,,,,,,,,,,,,,,,,,,,,,,,,,,,,,,,,,,,63.3,61.8,54.7,51.1,62.4,,,,,,,,,,,,,,,,,,,,,,,,,,,,,,,,,,,,,,,,,,,,,,,,,,,,,,,,,,,,,,,,,,,,,,,,,,,,,,,,,,,,,,TT,Y,,2016,3,3,11/15/2003,20.89285714,23.83174113,23.12750112,27.35294118,,,,,37,,,,,,,,,,,,,,,,,,,,,,,,,,,,,,,,,,,,,,,,,,,,,,,,,,,,,,,,,,,,,,,,,,,,,,,,,,,,,,,,,,,,,,,,,,62.4,,,,,,,,,,,,,,,,,,,,,,,,,,,,,,,,,,,,,,,,,,,,,,,,,,,,,,,,,,,,,,,,,,,,,,,,,,,,,,,,,,,,,,37,62.4,37,62.4,115,55,5,5
7,6,B,N,2,7.3,201,25,50,54,45,1,45,1.5,1,0,0,90,1610,49,7,108.8,101.5,82.2,62.6,51.2,39.3,15,,,,,,,,,,,,,,,,,,,,,,,,,,,,,,,,,,,,,,,,,,,,,,,,,,,,,,,,,,,,,,,,,,,,,,,,,,,,,,,,,,,,46.2,32.1,16.2,28.7,62.5,93.5,92.2,,,,,,,,,,,,,,,,,,,,,,,,,,,,,,,,,,,,,,,,,,,,,,,,,,,,,,,,,,,,,,,,,,,,,,,,,,,,,,,,,,,,TT,Y,,2016,4,3,11/16/2003,27.53424658,23.83174113,23.12750112,27.35294118,,,,,51.2,39.3,15,,,,,,,,,,,,,,,,,,,,,,,,,,,,,,,,,,,,,,,,,,,,,,,,,,,,,,,,,,,,,,,,,,,,,,,,,,,,,,,,,,,,,,,,62.5,93.5,92.2,,,,,,,,,,,,,,,,,,,,,,,,,,,,,,,,,,,,,,,,,,,,,,,,,,,,,,,,,,,,,,,,,,,,,,,,,,,,,,,,,,,,105.5,248.2,35.16666667,82.73333333,115,55,5,5
8,6,B,S,2,2.7,69,92,8,23,65,12,54,1.5,1,0,0,90,1610,49,2,45,21.6,,,,,,,,,,,,,,,,,,,,,,,,,,,,,,,,,,,,,,,,,,,,,,,,,,,,,,,,,,,,,,,,,,,,,,,,,,,,,,,,,,,,,,,,,109.1,101.5,,,,,,,,,,,,,,,,,,,,,,,,,,,,,,,,,,,,,,,,,,,,,,,,,,,,,,,,,,,,,,,,,,,,,,,,,,,,,,,,,,,,,,,,,TT,Y,,2016,5,3,11/16/2003,25.55555556,23.83174113,23.12750112,27.35294118,,21.6,,,,,,,,,,,,,,,,,,,,,,,,,,,,,,,,,,,,,,,,,,,,,,,,,,,,,,,,,,,,,,,,,,,,,,,,,,,,,,,,,,,,,,,,,,101.5,,,,,,,,,,,,,,,,,,,,,,,,,,,,,,,,,,,,,,,,,,,,,,,,,,,,,,,,,,,,,,,,,,,,,,,,,,,,,,,,,,,,,,,,,21.6,101.5,21.6,101.5,55,115,2,2
9,6,B,E,2,30.6,837,41,8,40,38,22,45,1.5,2,1,0,90,1610,49,30,59.4,53.9,39.1,42.2,58,48.3,23.4,6.2,5.3,10.8,23.4,42.3,47,41.7,43.1,30.6,26.7,39.7,54.2,50.7,46.2,44.5,62.8,89.8,102.3,98.2,95.6,92.5,93.5,108.1,,,,,,,,,,,,,,,,,,,,,,,,,,,,,,,,,,,,,,,,,,,,,,,,,,,,,,,,,,,,,99.2,90.1,60.9,50.7,72.7,100.1,102.4,87.6,88.9,85.7,106.3,124.5,125.6,121,125.2,115.8,105.6,89.4,69.9,54.6,42,53.1,65.6,73.6,72.4,67.2,38.4,12,38.4,70.4,,,,,,,,,,,,,,,,,,,,,,,,,,,,,,,,,,,,,,,,,,,,,,,,,,,,,,,,,,,,,FS,Y,,2016,6,3,11/16/2003,27.35294118,23.83174113,23.12750112,27.35294118,,53.9,39.1,42.2,58,48.3,23.4,6.2,5.3,10.8,23.4,42.3,47,41.7,43.1,30.6,26.7,39.7,54.2,50.7,46.2,44.5,62.8,89.8,102.3,98.2,95.6,92.5,93.5,108.1,,,,,,,,,,,,,,,,,,,,,,,,,,,,,,,,,,,,,,,,,,,,,,,,,,,,,,,,,,,,,,90.1,60.9,50.7,72.7,100.1,102.4,87.6,88.9,85.7,106.3,124.5,125.6,121,125.2,115.8,105.6,89.4,69.9,54.6,42,53.1,65.6,73.6,72.4,67.2,38.4,12,38.4,70.4,,,,,,,,,,,,,,,,,,,,,,,,,,,,,,,,,,,,,,,,,,,,,,,,,,,,,,,,,,,,,1520.1,2310.1,52.41724138,79.65862069,55,115,2,2
22,5,B,S,2,3.1,67,100,0,16,56,28,38,1.5,1,0,0,90,1610,78,3,51.2,32.6,11,,,,,,,,,,,,,,,,,,,,,,,,,,,,,,,,,,,,,,,,,,,,,,,,,,,,,,,,,,,,,,,,,,,,,,,,,,,,,,,,,,,,,,,,110.3,106.2,95.1,,,,,,,,,,,,,,,,,,,,,,,,,,,,,,,,,,,,,,,,,,,,,,,,,,,,,,,,,,,,,,,,,,,,,,,,,,,,,,,,,,,,,,,,TT,Y,,2016,1,3,11/15/2003,21.61290323,24.42246873,24.15386801,25.76547231,,32.6,11,,,,,,,,,,,,,,,,,,,,,,,,,,,,,,,,,,,,,,,,,,,,,,,,,,,,,,,,,,,,,,,,,,,,,,,,,,,,,,,,,,,,,,,,,106.2,95.1,,,,,,,,,,,,,,,,,,,,,,,,,,,,,,,,,,,,,,,,,,,,,,,,,,,,,,,,,,,,,,,,,,,,,,,,,,,,,,,,,,,,,,,,43.6,201.3,21.8,100.65,55,115,2,2
23,5,B,N,2,25.9,681,24,26,63,34,3,74,1.5,0,2,0,90,1610,78,25,109,100.7,83.9,59.4,42.1,61.1,72,66.1,55.7,47.6,37.4,23.3,26.5,22.2,31.6,35.9,48.7,56.8,61.3,71.4,81.7,87.4,76.3,59.9,35.9,,,,,,,,,,,,,,,,,,,,,,,,,,,,,,,,,,,,,,,,,,,,,,,,,,,,,,,,,,,,,,,,,,41.1,22.2,10.7,27.6,59.5,76.9,63.1,42,32.2,40.2,59.2,78.9,95.3,104.5,116,103.8,85.9,64.5,37.4,17,33.3,53.6,67.7,72.8,68.4,,,,,,,,,,,,,,,,,,,,,,,,,,,,,,,,,,,,,,,,,,,,,,,,,,,,,,,,,,,,,,,,,,TT,Y,,2016,2,3,11/15/2003,26.29343629,24.42246873,24.15386801,25.76547231,,,,,42.1,61.1,72,66.1,55.7,47.6,37.4,23.3,26.5,22.2,31.6,35.9,48.7,56.8,61.3,71.4,81.7,87.4,76.3,59.9,35.9,,,,,,,,,,,,,,,,,,,,,,,,,,,,,,,,,,,,,,,,,,,,,,,,,,,,,,,,,,,,,,,,,,,,,,59.5,76.9,63.1,42,32.2,40.2,59.2,78.9,95.3,104.5,116,103.8,85.9,64.5,37.4,17,33.3,53.6,67.7,72.8,68.4,,,,,,,,,,,,,,,,,,,,,,,,,,,,,,,,,,,,,,,,,,,,,,,,,,,,,,,,,,,,,,,,,,1100.9,1372.2,52.42380952,65.34285714,115,55,5,5
24,5,B,W,2,45.1,1119,23,17,50,26,24,55,1.5,1,1,0,90,1610,78,45,114,107.4,94.7,58.7,21.5,15.7,28.2,28.8,46.6,62.3,64.5,54.3,38.4,47.7,63.2,66.1,71,80,95.2,106.2,101.7,96.7,89.5,84.8,89.1,106.2,109,113,107.9,95.9,73.2,32.8,28.4,22,19.2,21.3,44.9,55.4,64.2,69.8,74.8,76.4,65.1,45.2,24.3,,,,,,,,,,,,,,,,,,,,,,,,,,,,,,,,,,,,,,,,,,,,,,63.7,66.9,69.2,67.5,75.3,78.6,67.7,65.5,39.6,27,33.1,51.5,70.6,101.5,119.9,118.9,110.2,96.6,82.7,72.5,66.5,51.8,21.9,10.9,44,69.3,74.4,72.9,55.1,36.2,29.4,55.2,72.8,87.4,101.4,100.2,87.8,65.7,34.7,20,45.7,65.3,78.6,83.1,87.5,,,,,,,,,,,,,,,,,,,,,,,,,,,,,,,,,,,,,,,,,,,,,,TT,Y,,2016,3,3,11/15/2003,24.81152993,24.42246873,24.15386801,25.76547231,,,,,21.5,15.7,28.2,28.8,46.6,62.3,64.5,54.3,38.4,47.7,63.2,66.1,71,80,95.2,106.2,101.7,96.7,89.5,84.8,89.1,106.2,109,113,107.9,95.9,73.2,32.8,28.4,22,19.2,21.3,44.9,55.4,64.2,69.8,74.8,76.4,65.1,45.2,24.3,,,,,,,,,,,,,,,,,,,,,,,,,,,,,,,,,,,,,,,,,,,,,,,,,,75.3,78.6,67.7,65.5,39.6,27,33.1,51.5,70.6,101.5,119.9,118.9,110.2,96.6,82.7,72.5,66.5,51.8,21.9,10.9,44,69.3,74.4,72.9,55.1,36.2,29.4,55.2,72.8,87.4,101.4,100.2,87.8,65.7,34.7,20,45.7,65.3,78.6,83.1,87.5,,,,,,,,,,,,,,,,,,,,,,,,,,,,,,,,,,,,,,,,,,,,,,2600.5,2729,63.42682927,66.56097561,115,55,5,5
22,6,B,N,2,17,445,24,25,47,52,1,76,1.5,1,1,0,90,1610,78,16,112,105.7,87.9,61.6,30,33,61.7,65.6,65.7,57.1,46.4,52.6,63.4,65.6,52.8,34.9,,,,,,,,,,,,,,,,,,,,,,,,,,,,,,,,,,,,,,,,,,,,,,,,,,,,,,,,,,,,,,,,,,,,,,,,,,,43.7,26.3,7.9,24.4,60.5,91.2,95.8,79.5,58.9,42.8,41.3,56.8,76.8,95.3,101.6,100.6,,,,,,,,,,,,,,,,,,,,,,,,,,,,,,,,,,,,,,,,,,,,,,,,,,,,,,,,,,,,,,,,,,,,,,,,,,,TT,Y,,2016,4,3,11/16/2003,26.17647059,24.42246873,24.15386801,25.76547231,,,,,30,33,61.7,65.6,65.7,57.1,46.4,52.6,63.4,65.6,52.8,34.9,,,,,,,,,,,,,,,,,,,,,,,,,,,,,,,,,,,,,,,,,,,,,,,,,,,,,,,,,,,,,,,,,,,,,,,,,,,,,,,60.5,91.2,95.8,79.5,58.9,42.8,41.3,56.8,76.8,95.3,101.6,100.6,,,,,,,,,,,,,,,,,,,,,,,,,,,,,,,,,,,,,,,,,,,,,,,,,,,,,,,,,,,,,,,,,,,,,,,,,,,628.8,901.1,52.4,75.09166667,115,55,5,5
23,6,B,S,2,3.2,70,83,1,16,48,36,53,1.5,1,0,0,90,1610,78,3,55.1,36.7,14,,,,,,,,,,,,,,,,,,,,,,,,,,,,,,,,,,,,,,,,,,,,,,,,,,,,,,,,,,,,,,,,,,,,,,,,,,,,,,,,,,,,,,,,110.3,108.4,95.1,,,,,,,,,,,,,,,,,,,,,,,,,,,,,,,,,,,,,,,,,,,,,,,,,,,,,,,,,,,,,,,,,,,,,,,,,,,,,,,,,,,,,,,,TT,Y,,2016,5,3,11/16/2003,21.875,24.42246873,24.15386801,25.76547231,,36.7,14,,,,,,,,,,,,,,,,,,,,,,,,,,,,,,,,,,,,,,,,,,,,,,,,,,,,,,,,,,,,,,,,,,,,,,,,,,,,,,,,,,,,,,,,,108.4,95.1,,,,,,,,,,,,,,,,,,,,,,,,,,,,,,,,,,,,,,,,,,,,,,,,,,,,,,,,,,,,,,,,,,,,,,,,,,,,,,,,,,,,,,,,50.7,203.5,25.35,101.75,55,115,2,2
24,6,B,E,2,30.7,791,28,28,56,41,3,76,1.5,3,0,0,90,1610,78,30,62.4,62.2,67.3,85.5,111,119.9,110.8,92.8,73.9,54.7,34.3,29.6,51.8,63.2,65.1,61.2,58.8,46.6,25.3,7.8,19,39.3,37.9,32,37.4,57.1,69.7,69.3,52.9,25,,,,,,,,,,,,,,,,,,,,,,,,,,,,,,,,,,,,,,,,,,,,,,,,,,,,,,,,,,,,,105.8,86.5,57.7,28.5,28.8,38.2,32.8,25.5,19.1,33,63.9,90,95,80.2,56.1,31.9,28.3,47,64.4,78.9,100.4,94.4,77.8,60.5,53.9,64.2,78.6,95,97.4,90.5,,,,,,,,,,,,,,,,,,,,,,,,,,,,,,,,,,,,,,,,,,,,,,,,,,,,,,,,,,,,,FS,Y,,2016,6,3,11/16/2003,25.76547231,24.42246873,24.15386801,25.76547231,,62.2,67.3,85.5,111,119.9,110.8,92.8,73.9,54.7,34.3,29.6,51.8,63.2,65.1,61.2,58.8,46.6,25.3,7.8,19,39.3,37.9,32,37.4,57.1,69.7,69.3,52.9,25,,,,,,,,,,,,,,,,,,,,,,,,,,,,,,,,,,,,,,,,,,,,,,,,,,,,,,,,,,,,,,86.5,57.7,28.5,28.8,38.2,32.8,25.5,19.1,33,63.9,90,95,80.2,56.1,31.9,28.3,47,64.4,78.9,100.4,94.4,77.8,60.5,53.9,64.2,78.6,95,97.4,90.5,,,,,,,,,,,,,,,,,,,,,,,,,,,,,,,,,,,,,,,,,,,,,,,,,,,,,,,,,,,,,1661.4,1798.5,57.28965517,62.01724138,55,115,2,2
10,7,A,W,2,20.8,530,37,22,64,25,11,-43,1.5,1,0,0,90,1610,18,20,108.8,96.4,83.5,48,18.2,22.6,39.7,36.9,37.1,22.7,28.4,42.3,66.9,61.9,53.2,41,67.1,71.7,64.5,41.1,,,,,,,,,,,,,,,,,,,,,,,,,,,,,,,,,,,,,,,,,,,,,,,,,,,,,,,,,,,,,,,,,,,,,,,49.6,34.2,29,44,76.7,96.9,99.2,87.2,74.3,67.3,57.6,47.4,23.5,25.1,39.2,79.3,114.5,104.3,91.9,80.2,,,,,,,,,,,,,,,,,,,,,,,,,,,,,,,,,,,,,,,,,,,,,,,,,,,,,,,,,,,,,,,,,,,,,,,TT,Y,,2016,1,4,11/17/2003,25.48076923,23.90203909,23.75434234,24.64052288,,,,,18.2,22.6,39.7,36.9,37.1,22.7,28.4,42.3,66.9,61.9,53.2,41,67.1,71.7,64.5,41.1,,,,,,,,,,,,,,,,,,,,,,,,,,,,,,,,,,,,,,,,,,,,,,,,,,,,,,,,,,,,,,,,,,,,,,,,,,,76.7,96.9,99.2,87.2,74.3,67.3,57.6,47.4,23.5,25.1,39.2,79.3,114.5,104.3,91.9,80.2,,,,,,,,,,,,,,,,,,,,,,,,,,,,,,,,,,,,,,,,,,,,,,,,,,,,,,,,,,,,,,,,,,,,,,,715.3,1164.6,44.70625,72.7875,115,55,5,5
11,7,A,E,2,12.5,312,45,4,15,43,42,-33,1.5,1,0,0,90,1610,18,12,59,55.9,40,30,42.7,47.1,58.6,67.1,84.5,74,50.3,22.4,,,,,,,,,,,,,,,,,,,,,,,,,,,,,,,,,,,,,,,,,,,,,,,,,,,,,,,,,,,,,,,,,,,,,,,,,,,,,,,114.6,113.8,114.3,114.3,120.5,102.9,81.5,75.8,87.8,96.3,82.9,79.2,,,,,,,,,,,,,,,,,,,,,,,,,,,,,,,,,,,,,,,,,,,,,,,,,,,,,,,,,,,,,,,,,,,,,,,,,,,,,,,TT,Y,,2016,2,4,11/17/2003,24.96,23.90203909,23.75434234,24.64052288,,55.9,40,30,42.7,47.1,58.6,67.1,84.5,74,50.3,22.4,,,,,,,,,,,,,,,,,,,,,,,,,,,,,,,,,,,,,,,,,,,,,,,,,,,,,,,,,,,,,,,,,,,,,,,,,,,,,,,,113.8,114.3,114.3,120.5,102.9,81.5,75.8,87.8,96.3,82.9,79.2,,,,,,,,,,,,,,,,,,,,,,,,,,,,,,,,,,,,,,,,,,,,,,,,,,,,,,,,,,,,,,,,,,,,,,,,,,,,,,,572.6,1069.3,52.05454546,97.20909091,55,115,2,2
12,7,A,N,2,15,398,55,4,30,24,46,-20,1.5,0,0,0,90,1610,18,14,106.9,99.8,76.9,43.8,16.9,40.9,51.8,45.9,45.6,53.2,63.7,60.2,54,33.3,,,,,,,,,,,,,,,,,,,,,,,,,,,,,,,,,,,,,,,,,,,,,,,,,,,,,,,,,,,,,,,,,,,,,,,,,,,,,53.5,52.1,48.6,56.9,75.7,102.9,121,127,130.1,127.9,122.7,110.8,104.5,86.1,,,,,,,,,,,,,,,,,,,,,,,,,,,,,,,,,,,,,,,,,,,,,,,,,,,,,,,,,,,,,,,,,,,,,,,,,,,,,TT,Y,,2016,3,4,11/17/2003,26.53333333,23.90203909,23.75434234,24.64052288,,,,,16.9,40.9,51.8,45.9,45.6,53.2,63.7,60.2,54,33.3,,,,,,,,,,,,,,,,,,,,,,,,,,,,,,,,,,,,,,,,,,,,,,,,,,,,,,,,,,,,,,,,,,,,,,,,,,,,,,,,,75.7,102.9,121,127,130.1,127.9,122.7,110.8,104.5,86.1,,,,,,,,,,,,,,,,,,,,,,,,,,,,,,,,,,,,,,,,,,,,,,,,,,,,,,,,,,,,,,,,,,,,,,,,,,,,,465.5,1108.7,46.55,110.87,115,55,5,5
10,8,A,E,2,10.9,157,10,3,3,16,81,80,1.5,0,0,0,90,1610,18,10,63.4,62.1,63.7,68.5,71.2,78.9,75.3,70.9,64.4,49.2,,,,,,,,,,,,,,,,,,,,,,,,,,,,,,,,,,,,,,,,,,,,,,,,,,,,,,,,,,,,,,,,,,,,,,,,,,,,,,,,,120,112.3,107.5,106.2,104.2,107,105.4,103.4,107.3,98.6,,,,,,,,,,,,,,,,,,,,,,,,,,,,,,,,,,,,,,,,,,,,,,,,,,,,,,,,,,,,,,,,,,,,,,,,,,,,,,,,,TT,Y,,2016,4,4,11/18/2003,14.40366973,23.90203909,23.75434234,24.64052288,,62.1,63.7,68.5,71.2,78.9,75.3,70.9,64.4,49.2,,,,,,,,,,,,,,,,,,,,,,,,,,,,,,,,,,,,,,,,,,,,,,,,,,,,,,,,,,,,,,,,,,,,,,,,,,,,,,,,,,112.3,107.5,106.2,104.2,107,105.4,103.4,107.3,98.6,,,,,,,,,,,,,,,,,,,,,,,,,,,,,,,,,,,,,,,,,,,,,,,,,,,,,,,,,,,,,,,,,,,,,,,,,,,,,,,,,604.2,951.9,67.13333333,105.7666667,55,115,2,2
11,8,A,N,2,16.5,452,48,6,26,52,22,-28,1.5,1,0,0,90,1610,18,16,109.7,103,87.1,68.9,60.7,55.1,31.9,37.3,54.6,44.9,24.8,13.5,32.9,44.1,45.2,24.1,,,,,,,,,,,,,,,,,,,,,,,,,,,,,,,,,,,,,,,,,,,,,,,,,,,,,,,,,,,,,,,,,,,,,,,,,,,55.9,51.5,60.7,82,108.6,120.7,114.4,116,109.3,78.9,66.9,77.3,93.4,91.1,88.2,78.4,,,,,,,,,,,,,,,,,,,,,,,,,,,,,,,,,,,,,,,,,,,,,,,,,,,,,,,,,,,,,,,,,,,,,,,,,,,TT,Y,,2016,5,4,11/18/2003,27.39393939,23.90203909,23.75434234,24.64052288,,,,,60.7,55.1,31.9,37.3,54.6,44.9,24.8,13.5,32.9,44.1,45.2,24.1,,,,,,,,,,,,,,,,,,,,,,,,,,,,,,,,,,,,,,,,,,,,,,,,,,,,,,,,,,,,,,,,,,,,,,,,,,,,,,,108.6,120.7,114.4,116,109.3,78.9,66.9,77.3,93.4,91.1,88.2,78.4,,,,,,,,,,,,,,,,,,,,,,,,,,,,,,,,,,,,,,,,,,,,,,,,,,,,,,,,,,,,,,,,,,,,,,,,,,,469.1,1143.2,39.09166667,95.26666667,115,55,5,5
12,8,A,S,2,30.6,754,53,2,33,36,31,-107,1.5,4,0,0,90,1610,18,30,57.9,64.5,79.7,103.9,114.1,110.2,98.3,79.5,53.9,24.4,30.1,42.5,46,36.8,21.7,15.1,11.6,29.6,41.9,34.3,13.1,12.8,31.8,39.5,46.6,72.7,74.9,59,29.1,9.7,,,,,,,,,,,,,,,,,,,,,,,,,,,,,,,,,,,,,,,,,,,,,,,,,,,,,,,,,,,,,107.2,93.7,78.4,75.7,74.7,68.2,56.3,52.3,55.6,76,98.1,125,129.8,119,102.5,96.8,91.3,102.5,123.4,119.9,98.5,73,58.2,67.5,89.7,113.7,102.8,86.3,73.1,81.7,,,,,,,,,,,,,,,,,,,,,,,,,,,,,,,,,,,,,,,,,,,,,,,,,,,,,,,,,,,,,FS,Y,,2016,6,4,11/18/2003,24.64052288,23.90203909,23.75434234,24.64052288,,64.5,79.7,103.9,114.1,110.2,98.3,79.5,53.9,24.4,30.1,42.5,46,36.8,21.7,15.1,11.6,29.6,41.9,34.3,13.1,12.8,31.8,39.5,46.6,72.7,74.9,59,29.1,9.7,,,,,,,,,,,,,,,,,,,,,,,,,,,,,,,,,,,,,,,,,,,,,,,,,,,,,,,,,,,,,,93.7,78.4,75.7,74.7,68.2,56.3,52.3,55.6,76,98.1,125,129.8,119,102.5,96.8,91.3,102.5,123.4,119.9,98.5,73,58.2,67.5,89.7,113.7,102.8,86.3,73.1,81.7,,,,,,,,,,,,,,,,,,,,,,,,,,,,,,,,,,,,,,,,,,,,,,,,,,,,,,,,,,,,,1427.3,2583.7,49.21724138,89.09310345,55,115,2,2
34,7,A,W,2,24.3,752,22,36,19,45,36,-93,1.5,2,0,0,90,1610,37,24,117,118.4,115.2,109.7,99.1,86.3,63.2,56.1,46.6,36.2,49.5,63.6,64.6,66.5,69.8,79.1,106.7,122.4,116.5,107.3,87.4,63.7,40.6,20.5,,,,,,,,,,,,,,,,,,,,,,,,,,,,,,,,,,,,,,,,,,,,,,,,,,,,,,,,,,,,,,,,,,,46.1,34.9,38.6,53.1,72.4,91.1,96.9,119,124.6,120.8,123.4,113.2,107.6,104.4,87.4,59.9,51.1,50.5,33.6,24.9,20.6,36.3,58.5,85.3,,,,,,,,,,,,,,,,,,,,,,,,,,,,,,,,,,,,,,,,,,,,,,,,,,,,,,,,,,,,,,,,,,,TT,Y,,2016,1,4,11/17/2003,30.94650206,25.69720686,26.67378179,20.81433225,,,,109.7,99.1,86.3,63.2,56.1,46.6,36.2,49.5,63.6,64.6,66.5,69.8,79.1,106.7,122.4,116.5,107.3,87.4,63.7,40.6,20.5,,,,,,,,,,,,,,,,,,,,,,,,,,,,,,,,,,,,,,,,,,,,,,,,,,,,,,,,,,,,,,,,,,,,,,53.1,72.4,91.1,96.9,119,124.6,120.8,123.4,113.2,107.6,104.4,87.4,59.9,51.1,50.5,33.6,24.9,20.6,36.3,58.5,85.3,,,,,,,,,,,,,,,,,,,,,,,,,,,,,,,,,,,,,,,,,,,,,,,,,,,,,,,,,,,,,,,,,,,1555.4,1634.6,74.06666667,77.83809524,115,55,4,4
35,7,A,E,2,3.7,80,27,1,36,38,26,37,1.5,1,0,0,90,1610,37,3,61.6,57.8,34.6,,,,,,,,,,,,,,,,,,,,,,,,,,,,,,,,,,,,,,,,,,,,,,,,,,,,,,,,,,,,,,,,,,,,,,,,,,,,,,,,,,,,,,,,107.4,101,81.7,,,,,,,,,,,,,,,,,,,,,,,,,,,,,,,,,,,,,,,,,,,,,,,,,,,,,,,,,,,,,,,,,,,,,,,,,,,,,,,,,,,,,,,,TT,Y,,2016,2,4,11/17/2003,21.62162162,25.69720686,26.67378179,20.81433225,,57.8,34.6,,,,,,,,,,,,,,,,,,,,,,,,,,,,,,,,,,,,,,,,,,,,,,,,,,,,,,,,,,,,,,,,,,,,,,,,,,,,,,,,,,,,,,,,,101,81.7,,,,,,,,,,,,,,,,,,,,,,,,,,,,,,,,,,,,,,,,,,,,,,,,,,,,,,,,,,,,,,,,,,,,,,,,,,,,,,,,,,,,,,,,92.4,182.7,46.2,91.35,55,115,2,2
36,7,A,N,2,6.3,176,33,1,27,62,11,-53,1.5,3,0,0,90,1610,37,6,104.3,91.7,76.7,53,25.8,9.9,,,,,,,,,,,,,,,,,,,,,,,,,,,,,,,,,,,,,,,,,,,,,,,,,,,,,,,,,,,,,,,,,,,,,,,,,,,,,,,,,,,,,65.8,76.6,95.3,88.3,88.6,79.9,,,,,,,,,,,,,,,,,,,,,,,,,,,,,,,,,,,,,,,,,,,,,,,,,,,,,,,,,,,,,,,,,,,,,,,,,,,,,,,,,,,,,TT,Y,,2016,3,4,11/17/2003,27.93650794,25.69720686,26.67378179,20.81433225,,,,53,25.8,9.9,,,,,,,,,,,,,,,,,,,,,,,,,,,,,,,,,,,,,,,,,,,,,,,,,,,,,,,,,,,,,,,,,,,,,,,,,,,,,,,,,,,,,,,,88.3,88.6,79.9,,,,,,,,,,,,,,,,,,,,,,,,,,,,,,,,,,,,,,,,,,,,,,,,,,,,,,,,,,,,,,,,,,,,,,,,,,,,,,,,,,,,,88.7,256.8,29.56666667,85.6,115,55,4,4
34,8,A,E,2,27.6,687,45,10,46,25,29,-53,1.5,2,0,0,90,1610,37,27,62.1,61.4,56.3,50.6,43,46,49.5,43.6,38.3,22.5,20.7,37.2,67.7,90.2,84.9,81.6,66.2,50.8,63.2,73.3,72.4,63.6,41.5,15.6,14.3,38.8,24.7,,,,,,,,,,,,,,,,,,,,,,,,,,,,,,,,,,,,,,,,,,,,,,,,,,,,,,,,,,,,,,,,108.1,103,105.6,124.3,127.6,125.1,107.4,91.8,81.8,80.8,67.6,67.8,84.3,100.2,90.1,80.4,51.4,47.9,22.5,18.1,36.2,53.7,64.8,76.5,96.6,124.1,107,,,,,,,,,,,,,,,,,,,,,,,,,,,,,,,,,,,,,,,,,,,,,,,,,,,,,,,,,,,,,,,,TT,Y,,2016,4,4,11/18/2003,24.89130435,25.69720686,26.67378179,20.81433225,,61.4,56.3,50.6,43,46,49.5,43.6,38.3,22.5,20.7,37.2,67.7,90.2,84.9,81.6,66.2,50.8,63.2,73.3,72.4,63.6,41.5,15.6,14.3,38.8,24.7,,,,,,,,,,,,,,,,,,,,,,,,,,,,,,,,,,,,,,,,,,,,,,,,,,,,,,,,,,,,,,,,,103,105.6,124.3,127.6,125.1,107.4,91.8,81.8,80.8,67.6,67.8,84.3,100.2,90.1,80.4,51.4,47.9,22.5,18.1,36.2,53.7,64.8,76.5,96.6,124.1,107,,,,,,,,,,,,,,,,,,,,,,,,,,,,,,,,,,,,,,,,,,,,,,,,,,,,,,,,,,,,,,,,1317.9,2136.6,50.68846154,82.17692308,55,115,2,2
35,8,A,N,2,7.4,207,45,1,5,43,52,-64,1.5,1,0,0,90,1610,37,7,103.8,96,84.7,70.3,56.2,39.5,18.7,,,,,,,,,,,,,,,,,,,,,,,,,,,,,,,,,,,,,,,,,,,,,,,,,,,,,,,,,,,,,,,,,,,,,,,,,,,,,,,,,,,,63.3,76,95.7,112.6,120.4,111.9,100.6,,,,,,,,,,,,,,,,,,,,,,,,,,,,,,,,,,,,,,,,,,,,,,,,,,,,,,,,,,,,,,,,,,,,,,,,,,,,,,,,,,,,TT,Y,,2016,5,4,11/18/2003,27.97297297,25.69720686,26.67378179,20.81433225,,,,70.3,56.2,39.5,18.7,,,,,,,,,,,,,,,,,,,,,,,,,,,,,,,,,,,,,,,,,,,,,,,,,,,,,,,,,,,,,,,,,,,,,,,,,,,,,,,,,,,,,,,112.6,120.4,111.9,100.6,,,,,,,,,,,,,,,,,,,,,,,,,,,,,,,,,,,,,,,,,,,,,,,,,,,,,,,,,,,,,,,,,,,,,,,,,,,,,,,,,,,,184.7,445.5,46.175,111.375,115,55,4,4
36,8,A,S,2,30.7,639,25,16,33,21,46,-117,1.5,0,1,0,90,1610,37,30,74.2,95.9,112.2,117.1,118.4,118.5,116.7,116.2,118,117.1,114.6,100.1,80.5,58.8,49.8,49.2,27.9,30.3,45.3,46.7,44.1,38.1,52.4,76.1,81.1,67.9,50.5,44.9,32,29,,,,,,,,,,,,,,,,,,,,,,,,,,,,,,,,,,,,,,,,,,,,,,,,,,,,,,,,,,,,,97.8,88.6,76.4,69.4,68.2,66.9,66.2,65.9,67.2,67,67,60.5,60.7,76.1,103.7,119.2,107.6,113.1,113.2,100.5,81.3,62.3,33.9,12.7,5.1,18.9,36.4,57.3,76.1,99.6,,,,,,,,,,,,,,,,,,,,,,,,,,,,,,,,,,,,,,,,,,,,,,,,,,,,,,,,,,,,,FS,Y,,2016,6,4,11/18/2003,20.81433225,25.69720686,26.67378179,20.81433225,,,112.2,117.1,118.4,118.5,116.7,116.2,118,117.1,114.6,100.1,80.5,58.8,49.8,49.2,27.9,30.3,45.3,46.7,44.1,38.1,52.4,76.1,81.1,67.9,50.5,44.9,32,29,,,,,,,,,,,,,,,,,,,,,,,,,,,,,,,,,,,,,,,,,,,,,,,,,,,,,,,,,,,,,,,76.4,69.4,68.2,66.9,66.2,65.9,67.2,67,67,60.5,60.7,76.1,103.7,119.2,107.6,113.1,113.2,100.5,81.3,62.3,33.9,12.7,5.1,18.9,36.4,57.3,76.1,99.6,,,,,,,,,,,,,,,,,,,,,,,,,,,,,,,,,,,,,,,,,,,,,,,,,,,,,,,,,,,,,2053.5,1952.4,73.33928571,69.72857143,55,115,3,3
7,7,B,W,2,9,248,38,1,50,48,2,20,1.5,0,0,0,90,1610,49,8,108.9,89,46.5,20.9,28.9,45.3,48.8,41,,,,,,,,,,,,,,,,,,,,,,,,,,,,,,,,,,,,,,,,,,,,,,,,,,,,,,,,,,,,,,,,,,,,,,,,,,,,,,,,,,,59.5,56.2,58.1,68.2,82.5,93.5,88.5,82.6,,,,,,,,,,,,,,,,,,,,,,,,,,,,,,,,,,,,,,,,,,,,,,,,,,,,,,,,,,,,,,,,,,,,,,,,,,,,,,,,,,,TT,Y,,2016,1,4,11/17/2003,27.55555556,26.70298973,27.37038507,23.36601307,,,,20.9,28.9,45.3,48.8,41,,,,,,,,,,,,,,,,,,,,,,,,,,,,,,,,,,,,,,,,,,,,,,,,,,,,,,,,,,,,,,,,,,,,,,,,,,,,,,,,,,,,,,68.2,82.5,93.5,88.5,82.6,,,,,,,,,,,,,,,,,,,,,,,,,,,,,,,,,,,,,,,,,,,,,,,,,,,,,,,,,,,,,,,,,,,,,,,,,,,,,,,,,,,184.9,415.3,36.98,83.06,115,55,4,4
8,7,B,E,2,47.1,1074,36,15,23,38,39,70,1.5,2,1,0,90,1610,49,47,62.1,59.6,47.3,26.3,29.6,24.2,11.8,18.7,40.4,66.7,89.3,100.6,97.9,100.8,104.8,105.2,102.9,97.4,84.4,61,30.1,23,43.4,47.6,49.9,48.7,37,30.7,38.6,56.2,55.1,53.8,60.2,69,70.5,96,120.1,123.4,122.1,121,119.5,118.1,108,86.6,68.8,41.6,16.3,,,,,,,,,,,,,,,,,,,,,,,,,,,,,,,,,,,,,,,,,,,,103,87.8,60.4,63.3,95.5,108.5,95.5,78.5,61.8,61.7,73,79.9,76.3,68.7,70.1,76,77.1,72.5,74.5,65.6,61.1,90.4,120.2,124,121.6,119.4,117.8,115.3,115.8,124,117.8,97.8,74.8,56.9,29.8,23.9,54.6,54.1,52.9,55.6,58.7,60.7,58.3,63.2,75.1,92.1,93.8,,,,,,,,,,,,,,,,,,,,,,,,,,,,,,,,,,,,,,,,,,,,TT,Y,,2016,2,4,11/17/2003,22.80254777,26.70298973,27.37038507,23.36601307,,59.6,47.3,26.3,29.6,24.2,11.8,18.7,40.4,66.7,89.3,100.6,97.9,100.8,104.8,105.2,102.9,97.4,84.4,61,30.1,23,43.4,47.6,49.9,48.7,37,30.7,38.6,56.2,55.1,53.8,60.2,69,70.5,96,120.1,123.4,122.1,121,119.5,118.1,108,86.6,68.8,41.6,16.3,,,,,,,,,,,,,,,,,,,,,,,,,,,,,,,,,,,,,,,,,,,,,87.8,60.4,63.3,95.5,108.5,95.5,78.5,61.8,61.7,73,79.9,76.3,68.7,70.1,76,77.1,72.5,74.5,65.6,61.1,90.4,120.2,124,121.6,119.4,117.8,115.3,115.8,124,117.8,97.8,74.8,56.9,29.8,23.9,54.6,54.1,52.9,55.6,58.7,60.7,58.3,63.2,75.1,92.1,93.8,,,,,,,,,,,,,,,,,,,,,,,,,,,,,,,,,,,,,,,,,,,,3124.2,3676.4,67.9173913,79.92173913,55,115,2,2
9,7,B,N,2,5.9,191,24,48,53,44,3,47,1.5,1,1,0,90,1610,49,5,108.2,95.1,76.2,58.2,34.2,,,,,,,,,,,,,,,,,,,,,,,,,,,,,,,,,,,,,,,,,,,,,,,,,,,,,,,,,,,,,,,,,,,,,,,,,,,,,,,,,,,,,,42,20.1,17.5,59.2,91.1,,,,,,,,,,,,,,,,,,,,,,,,,,,,,,,,,,,,,,,,,,,,,,,,,,,,,,,,,,,,,,,,,,,,,,,,,,,,,,,,,,,,,,TT,Y,,2016,3,4,11/17/2003,32.37288136,26.70298973,27.37038507,23.36601307,,,,58.2,34.2,,,,,,,,,,,,,,,,,,,,,,,,,,,,,,,,,,,,,,,,,,,,,,,,,,,,,,,,,,,,,,,,,,,,,,,,,,,,,,,,,,,,,,,,,59.2,91.1,,,,,,,,,,,,,,,,,,,,,,,,,,,,,,,,,,,,,,,,,,,,,,,,,,,,,,,,,,,,,,,,,,,,,,,,,,,,,,,,,,,,,,92.4,150.3,46.2,75.15,115,55,4,4
7,8,B,E,2,3.8,86,35,1,45,48,7,62,1.5,0,0,0,90,1610,49,3,59.1,55.2,29.7,,,,,,,,,,,,,,,,,,,,,,,,,,,,,,,,,,,,,,,,,,,,,,,,,,,,,,,,,,,,,,,,,,,,,,,,,,,,,,,,,,,,,,,,100.1,89.4,75.7,,,,,,,,,,,,,,,,,,,,,,,,,,,,,,,,,,,,,,,,,,,,,,,,,,,,,,,,,,,,,,,,,,,,,,,,,,,,,,,,,,,,,,,,TT,Y,,2016,4,4,11/18/2003,22.63157895,26.70298973,27.37038507,23.36601307,,55.2,29.7,,,,,,,,,,,,,,,,,,,,,,,,,,,,,,,,,,,,,,,,,,,,,,,,,,,,,,,,,,,,,,,,,,,,,,,,,,,,,,,,,,,,,,,,,89.4,75.7,,,,,,,,,,,,,,,,,,,,,,,,,,,,,,,,,,,,,,,,,,,,,,,,,,,,,,,,,,,,,,,,,,,,,,,,,,,,,,,,,,,,,,,,84.9,165.1,42.45,82.55,55,115,2,2
8,8,B,N,2,4.7,148,19,64,65,34,1,57,1.5,1,1,0,90,1610,49,4,109.8,99.6,73.4,40.6,,,,,,,,,,,,,,,,,,,,,,,,,,,,,,,,,,,,,,,,,,,,,,,,,,,,,,,,,,,,,,,,,,,,,,,,,,,,,,,,,,,,,,,45,24.1,15.2,53.7,,,,,,,,,,,,,,,,,,,,,,,,,,,,,,,,,,,,,,,,,,,,,,,,,,,,,,,,,,,,,,,,,,,,,,,,,,,,,,,,,,,,,,,TT,Y,,2016,5,4,11/18/2003,31.4893617,26.70298973,27.37038507,23.36601307,,,,40.6,,,,,,,,,,,,,,,,,,,,,,,,,,,,,,,,,,,,,,,,,,,,,,,,,,,,,,,,,,,,,,,,,,,,,,,,,,,,,,,,,,,,,,,,,,53.7,,,,,,,,,,,,,,,,,,,,,,,,,,,,,,,,,,,,,,,,,,,,,,,,,,,,,,,,,,,,,,,,,,,,,,,,,,,,,,,,,,,,,,,40.6,53.7,40.6,53.7,115,55,4,4
9,8,B,S,2,30.6,715,56,4,50,27,23,21,1.5,1,0,0,90,1610,49,30,45.6,24.1,20.4,19.1,30,34,17.7,9.3,17.1,20,32.3,67.6,95.2,97.9,100.1,103.5,101.3,92.6,66.4,43.5,37.3,52.9,58.5,51.4,36.5,24.8,44,36.9,17.7,17.8,,,,,,,,,,,,,,,,,,,,,,,,,,,,,,,,,,,,,,,,,,,,,,,,,,,,,,,,,,,,,108.1,93.2,81.3,77.7,80.5,100.3,99.9,87.6,75.5,68.2,67.1,71.1,82.3,87.1,88,84.3,76.1,68,56,49.3,55.1,42.6,34.1,34.9,55.9,94.4,123.6,120.8,102.9,91.2,,,,,,,,,,,,,,,,,,,,,,,,,,,,,,,,,,,,,,,,,,,,,,,,,,,,,,,,,,,,,FS,Y,,2016,6,4,11/18/2003,23.36601307,26.70298973,27.37038507,23.36601307,,24.1,20.4,19.1,30,34,17.7,9.3,17.1,20,32.3,67.6,95.2,97.9,100.1,103.5,101.3,92.6,66.4,43.5,37.3,52.9,58.5,51.4,36.5,24.8,44,36.9,17.7,17.8,,,,,,,,,,,,,,,,,,,,,,,,,,,,,,,,,,,,,,,,,,,,,,,,,,,,,,,,,,,,,,93.2,81.3,77.7,80.5,100.3,99.9,87.6,75.5,68.2,67.1,71.1,82.3,87.1,88,84.3,76.1,68,56,49.3,55.1,42.6,34.1,34.9,55.9,94.4,123.6,120.8,102.9,91.2,,,,,,,,,,,,,,,,,,,,,,,,,,,,,,,,,,,,,,,,,,,,,,,,,,,,,,,,,,,,,1369.9,2249,47.23793103,77.55172414,55,115,2,2
22,7,B,W,2,4.3,120,23,4,50,50,0,39,1.5,1,0,0,90,1610,78,4,105.6,90.7,51.5,19.8,,,,,,,,,,,,,,,,,,,,,,,,,,,,,,,,,,,,,,,,,,,,,,,,,,,,,,,,,,,,,,,,,,,,,,,,,,,,,,,,,,,,,,,61.1,63.4,66.7,81.4,,,,,,,,,,,,,,,,,,,,,,,,,,,,,,,,,,,,,,,,,,,,,,,,,,,,,,,,,,,,,,,,,,,,,,,,,,,,,,,,,,,,,,,TT,Y,,2016,1,4,11/17/2003,27.90697674,25.48604414,25.50128576,25.40983607,,,,,,,,,,,,,,,,,,,,,,,,,,,,,,,,,,,,,,,,,,,,,,,,,,,,,,,,,,,,,,,,,,,,,,,,,,,,,,,,,,,,,,,,,,,,,,,,,,,,,,,,,,,,,,,,,,,,,,,,,,,,,,,,,,,,,,,,,,,,,,,,,,,,,,,,,,,,,,,,,,,,,,,,,,,,,,,,,,,,,0,0,0,0,115,55,5,4
23,7,B,E,2,26.4,615,26,7,61,31,8,74,1.5,3,0,0,90,1610,78,26,60.2,59.9,70.2,93,111.8,112.2,102.9,86.9,63.6,35.3,14.4,11.2,31.3,51.1,61.1,60.7,52.9,52.6,38.6,23.1,30.3,46.2,53.3,53.9,43.6,27.3,,,,,,,,,,,,,,,,,,,,,,,,,,,,,,,,,,,,,,,,,,,,,,,,,,,,,,,,,,,,,,,,,106.9,88.3,65.5,50.8,58.7,58.6,56.2,58.1,60.5,71.7,78.3,74.8,60.7,37.9,27.5,35.2,59.8,83.8,93.1,78.6,60.5,60.2,66.1,80,91.9,86,,,,,,,,,,,,,,,,,,,,,,,,,,,,,,,,,,,,,,,,,,,,,,,,,,,,,,,,,,,,,,,,,TT,Y,,2016,2,4,11/17/2003,23.29545455,25.48604414,25.50128576,25.40983607,,59.9,70.2,93,111.8,112.2,102.9,86.9,63.6,35.3,14.4,11.2,31.3,51.1,61.1,60.7,52.9,52.6,38.6,23.1,30.3,46.2,53.3,53.9,43.6,27.3,,,,,,,,,,,,,,,,,,,,,,,,,,,,,,,,,,,,,,,,,,,,,,,,,,,,,,,,,,,,,,,,,,88.3,65.5,50.8,58.7,58.6,56.2,58.1,60.5,71.7,78.3,74.8,60.7,37.9,27.5,35.2,59.8,83.8,93.1,78.6,60.5,60.2,66.1,80,91.9,86,,,,,,,,,,,,,,,,,,,,,,,,,,,,,,,,,,,,,,,,,,,,,,,,,,,,,,,,,,,,,,,,,1387.4,1642.8,55.496,65.712,55,115,2,2
24,7,B,N,2,15.9,396,36,27,66,33,1,65,1.5,1,1,0,90,1610,78,15,111.2,105.3,94.9,73.2,40.9,12,15.7,16.6,30.1,42.3,54.3,67,67.3,55.7,39.4,,,,,,,,,,,,,,,,,,,,,,,,,,,,,,,,,,,,,,,,,,,,,,,,,,,,,,,,,,,,,,,,,,,,,,,,,,,,46.2,29.9,10.7,14.7,46.2,75.8,96.2,89.7,69.5,47.2,36.1,45.7,58.5,78.5,92.5,,,,,,,,,,,,,,,,,,,,,,,,,,,,,,,,,,,,,,,,,,,,,,,,,,,,,,,,,,,,,,,,,,,,,,,,,,,,TT,Y,,2016,3,4,11/17/2003,24.90566038,25.48604414,25.50128576,25.40983607,,,,,40.9,12,15.7,16.6,30.1,42.3,54.3,67,67.3,55.7,39.4,,,,,,,,,,,,,,,,,,,,,,,,,,,,,,,,,,,,,,,,,,,,,,,,,,,,,,,,,,,,,,,,,,,,,,,,,,,,,,,,46.2,75.8,96.2,89.7,69.5,47.2,36.1,45.7,58.5,78.5,92.5,,,,,,,,,,,,,,,,,,,,,,,,,,,,,,,,,,,,,,,,,,,,,,,,,,,,,,,,,,,,,,,,,,,,,,,,,,,,441.3,735.9,40.11818182,66.9,115,55,5,5
22,8,B,E,2,13.5,355,11,34,36,52,12,74,1.5,1,1,0,90,1610,78,13,60.8,63.8,79.5,104,111.8,107.2,95.7,80.6,76.6,86,83.6,56.9,22.1,,,,,,,,,,,,,,,,,,,,,,,,,,,,,,,,,,,,,,,,,,,,,,,,,,,,,,,,,,,,,,,,,,,,,,,,,,,,,,101.9,79.7,57.3,52.4,47.5,31.6,12,19.1,50.8,80.9,96,90.1,82.9,,,,,,,,,,,,,,,,,,,,,,,,,,,,,,,,,,,,,,,,,,,,,,,,,,,,,,,,,,,,,,,,,,,,,,,,,,,,,,TT,Y,,2016,4,4,11/18/2003,26.2962963,25.48604414,25.50128576,25.40983607,,63.8,79.5,104,111.8,107.2,95.7,80.6,76.6,86,83.6,56.9,22.1,,,,,,,,,,,,,,,,,,,,,,,,,,,,,,,,,,,,,,,,,,,,,,,,,,,,,,,,,,,,,,,,,,,,,,,,,,,,,,,79.7,57.3,52.4,47.5,31.6,12,19.1,50.8,80.9,96,90.1,82.9,,,,,,,,,,,,,,,,,,,,,,,,,,,,,,,,,,,,,,,,,,,,,,,,,,,,,,,,,,,,,,,,,,,,,,,,,,,,,,967.8,700.3,80.65,58.35833333,55,115,2,2
23,8,B,N,2,4.9,123,27,71,70,29,1,64,1.5,1,0,0,90,1610,78,4,106.8,96.7,74.8,44.6,,,,,,,,,,,,,,,,,,,,,,,,,,,,,,,,,,,,,,,,,,,,,,,,,,,,,,,,,,,,,,,,,,,,,,,,,,,,,,,,,,,,,,,43.6,23.4,14.7,41.4,,,,,,,,,,,,,,,,,,,,,,,,,,,,,,,,,,,,,,,,,,,,,,,,,,,,,,,,,,,,,,,,,,,,,,,,,,,,,,,,,,,,,,,TT,Y,,2016,5,4,11/18/2003,25.10204082,25.48604414,25.50128576,25.40983607,,,,,,,,,,,,,,,,,,,,,,,,,,,,,,,,,,,,,,,,,,,,,,,,,,,,,,,,,,,,,,,,,,,,,,,,,,,,,,,,,,,,,,,,,,,,,,,,,,,,,,,,,,,,,,,,,,,,,,,,,,,,,,,,,,,,,,,,,,,,,,,,,,,,,,,,,,,,,,,,,,,,,,,,,,,,,,,,,,,,,0,0,0,0,115,55,5,5
24,8,B,S,2,30.5,775,35,10,38,50,12,16,1.5,2,1,0,90,1610,78,30,41.9,18.6,7.4,28.1,53.8,58.5,62.2,79.4,100.9,110.2,102.7,96.3,85.8,74.5,54,34.3,35.2,37.6,24.6,33.7,56.1,71,93.8,105.1,96.5,80.7,55.1,27.4,9.7,33,,,,,,,,,,,,,,,,,,,,,,,,,,,,,,,,,,,,,,,,,,,,,,,,,,,,,,,,,,,,,108.5,97.1,89,90.3,97.7,86.9,65.9,50.1,59.9,63.7,55.2,40.6,15.2,14.1,46.9,81.5,111.2,122.9,107.8,95.3,85.8,68.5,63.5,73.3,71.3,73.1,71.5,76.2,82.3,77.3,,,,,,,,,,,,,,,,,,,,,,,,,,,,,,,,,,,,,,,,,,,,,,,,,,,,,,,,,,,,,FS,Y,,2016,6,4,11/18/2003,25.40983607,25.48604414,25.50128576,25.40983607,,18.6,7.4,28.1,53.8,58.5,62.2,79.4,100.9,110.2,102.7,96.3,85.8,74.5,54,34.3,35.2,37.6,24.6,33.7,56.1,71,93.8,105.1,96.5,80.7,55.1,27.4,9.7,33,,,,,,,,,,,,,,,,,,,,,,,,,,,,,,,,,,,,,,,,,,,,,,,,,,,,,,,,,,,,,,97.1,89,90.3,97.7,86.9,65.9,50.1,59.9,63.7,55.2,40.6,15.2,14.1,46.9,81.5,111.2,122.9,107.8,95.3,85.8,68.5,63.5,73.3,71.3,73.1,71.5,76.2,82.3,77.3,,,,,,,,,,,,,,,,,,,,,,,,,,,,,,,,,,,,,,,,,,,,,,,,,,,,,,,,,,,,,1726.2,2134.1,59.52413793,73.58965517,55,115,2,2
19,CT,A,N,3,5.4,117,1,30,47,52,1,-38,1.5,0,0,0,30,1610,18,5,109,102,97.4,82.7,52.7,,,,,,,,,,,,,,,,,,,,,,,,,,,,,,,,,,,,,,,,,,,,,,,,,,,,,,,,,,,,,,,,,,,,,,,,,,,,,,,,,,,,,,60.4,54.1,44.7,22.8,36.6,,,,,,,,,,,,,,,,,,,,,,,,,,,,,,,,,,,,,,,,,,,,,,,,,,,,,,,,,,,,,,,,,,,,,,,,,,,,,,,,,,,,,,CUE,Y,,2016,1,7,11/19/2003,21.66666667,20.73799799,20.73799799,,,,,,,,,,,,,,,,,,,,,,,,,,,,,,,,,,,,,,,,,,,,,,,,,,,,,,,,,,,,,,,,,,,,,,,,,,,,,,,,,,,,,,,,,,,,,,,,,,,,,,,,,,,,,,,,,,,,,,,,,,,,,,,,,,,,,,,,,,,,,,,,,,,,,,,,,,,,,,,,,,,,,,,,,,,,,,,,,,,,,,0,0,0,0,115,55,6,5
20,CT,A,E,4,6.8,157,53,16,56,25,19,-68,1.5,0,0,0,30,1610,18,6,109.1,108.6,103.8,80,68.2,43.4,,,,,,,,,,,,,,,,,,,,,,,,,,,,,,,,,,,,,,,,,,,,,,,,,,,,,,,,,,,,,,,,,,,,,,,,,,,,,,,,,,,,,55.7,55.1,36.2,19.7,23,42.9,,,,,,,,,,,,,,,,,,,,,,,,,,,,,,,,,,,,,,,,,,,,,,,,,,,,,,,,,,,,,,,,,,,,,,,,,,,,,,,,,,,,,CUE,Y,,2016,2,7,11/19/2003,23.08823529,20.73799799,20.73799799,,,,,,,43.4,,,,,,,,,,,,,,,,,,,,,,,,,,,,,,,,,,,,,,,,,,,,,,,,,,,,,,,,,,,,,,,,,,,,,,,,,,,,,,,,,,,,,,,,,,42.9,,,,,,,,,,,,,,,,,,,,,,,,,,,,,,,,,,,,,,,,,,,,,,,,,,,,,,,,,,,,,,,,,,,,,,,,,,,,,,,,,,,,,43.4,42.9,43.4,42.9,115,55,6,6
21,CT,A,S,4,30.1,688,56,1,31,47,22,-41,1.5,2,0,0,30,1610,18,30,105,88.7,85.6,100.6,110.9,106.2,113.9,122.1,113.4,104.6,110.6,117.7,108.4,103.1,90.1,68.8,52.6,43.3,46.3,69.3,92.2,85,83.9,100.2,100.2,89.7,77.9,75.2,64.8,47.9,,,,,,,,,,,,,,,,,,,,,,,,,,,,,,,,,,,,,,,,,,,,,,,,,,,,,,,,,,,,,67.4,59.9,45.3,29.4,25.7,25.7,43,54.8,41.5,22.4,37.6,53.9,63.5,76.8,78.1,88.5,92.7,82,58.3,29.5,14.3,5.2,20.1,44.5,58.1,54.2,39,14.5,22.8,38.8,,,,,,,,,,,,,,,,,,,,,,,,,,,,,,,,,,,,,,,,,,,,,,,,,,,,,,,,,,,,,CUE,Y,,2016,3,7,11/19/2003,22.85714286,20.73799799,20.73799799,,,,,,,106.2,113.9,122.1,113.4,104.6,110.6,117.7,108.4,103.1,90.1,68.8,52.6,43.3,46.3,69.3,92.2,85,83.9,100.2,100.2,89.7,77.9,75.2,64.8,47.9,,,,,,,,,,,,,,,,,,,,,,,,,,,,,,,,,,,,,,,,,,,,,,,,,,,,,,,,,,,,,,,,,,25.7,43,54.8,41.5,22.4,37.6,53.9,63.5,76.8,78.1,88.5,92.7,82,58.3,29.5,14.3,5.2,20.1,44.5,58.1,54.2,39,14.5,22.8,38.8,,,,,,,,,,,,,,,,,,,,,,,,,,,,,,,,,,,,,,,,,,,,,,,,,,,,,,,,,,,,,2187.4,1159.8,87.496,46.392,115,55,6,6
22,CT,A,E,3,5.1,119,78,4,40,28,32,-37,1.5,3,0,0,30,1610,18,5,116.9,109.6,86.6,56.9,25.3,,,,,,,,,,,,,,,,,,,,,,,,,,,,,,,,,,,,,,,,,,,,,,,,,,,,,,,,,,,,,,,,,,,,,,,,,,,,,,,,,,,,,,53.4,54.9,54.5,65,78.8,,,,,,,,,,,,,,,,,,,,,,,,,,,,,,,,,,,,,,,,,,,,,,,,,,,,,,,,,,,,,,,,,,,,,,,,,,,,,,,,,,,,,,CUE,Y,,2016,4,7,11/19/2003,23.33333333,20.73799799,20.73799799,,,,,,,,,,,,,,,,,,,,,,,,,,,,,,,,,,,,,,,,,,,,,,,,,,,,,,,,,,,,,,,,,,,,,,,,,,,,,,,,,,,,,,,,,,,,,,,,,,,,,,,,,,,,,,,,,,,,,,,,,,,,,,,,,,,,,,,,,,,,,,,,,,,,,,,,,,,,,,,,,,,,,,,,,,,,,,,,,,,,,,0,0,0,0,115,55,6,5
23,CT,A,W,2,10.1,160,13,0,37,35,28,31,1.5,0,0,0,30,1610,18,10,111.8,109.4,107.8,95.9,81,65.7,49.9,54.4,40.5,19.9,,,,,,,,,,,,,,,,,,,,,,,,,,,,,,,,,,,,,,,,,,,,,,,,,,,,,,,,,,,,,,,,,,,,,,,,,,,,,,,,,66.5,71.1,69.8,64,61.6,68.4,82.2,84.4,77.5,81.8,,,,,,,,,,,,,,,,,,,,,,,,,,,,,,,,,,,,,,,,,,,,,,,,,,,,,,,,,,,,,,,,,,,,,,,,,,,,,,,,,CUE,Y,,2016,5,7,11/19/2003,15.84158416,20.73799799,20.73799799,,,,,,,65.7,49.9,54.4,40.5,19.9,,,,,,,,,,,,,,,,,,,,,,,,,,,,,,,,,,,,,,,,,,,,,,,,,,,,,,,,,,,,,,,,,,,,,,,,,,,,,,,,,,,,,,68.4,82.2,84.4,77.5,81.8,,,,,,,,,,,,,,,,,,,,,,,,,,,,,,,,,,,,,,,,,,,,,,,,,,,,,,,,,,,,,,,,,,,,,,,,,,,,,,,,,230.4,394.3,46.08,78.86,115,55,6,6
24,CT,A,S,1,19.5,344,80,2,42,25,33,33,1.5,3,0,0,30,1610,18,19,107.3,110.5,109.2,100.8,87.6,69.9,66.3,72.6,89.1,85,68.9,49.9,51.3,67.9,89.9,86.4,72.8,54.8,31,,,,,,,,,,,,,,,,,,,,,,,,,,,,,,,,,,,,,,,,,,,,,,,,,,,,,,,,,,,,,,,,,,,,,,,,60,63.6,67,65.6,62.7,63.5,56.9,38.4,21.8,13.5,31.1,54.1,65.8,78.4,94.2,100.5,96,92,93,,,,,,,,,,,,,,,,,,,,,,,,,,,,,,,,,,,,,,,,,,,,,,,,,,,,,,,,,,,,,,,,,,,,,,,,CUE,Y,,2016,6,7,11/19/2003,17.64102564,20.73799799,20.73799799,,,,,,,69.9,66.3,72.6,89.1,85,68.9,49.9,51.3,67.9,89.9,86.4,72.8,54.8,31,,,,,,,,,,,,,,,,,,,,,,,,,,,,,,,,,,,,,,,,,,,,,,,,,,,,,,,,,,,,,,,,,,,,,,,,,,,,,63.5,56.9,38.4,21.8,13.5,31.1,54.1,65.8,78.4,94.2,100.5,96,92,93,,,,,,,,,,,,,,,,,,,,,,,,,,,,,,,,,,,,,,,,,,,,,,,,,,,,,,,,,,,,,,,,,,,,,,,,955.8,899.2,68.27142857,64.22857143,115,55,6,6
67,CT,A,N,3,12.5,210,11,2,27,47,26,-91,1.5,0,0,0,30,1610,37,12,112.5,112.6,115,116.9,113.4,114.8,123.8,118,106.2,86.3,62.9,36.9,,,,,,,,,,,,,,,,,,,,,,,,,,,,,,,,,,,,,,,,,,,,,,,,,,,,,,,,,,,,,,,,,,,,,,,,,,,,,,,60.2,57.1,54.3,52.7,46.7,33.5,39.9,34.1,21.4,6.7,32.8,60,,,,,,,,,,,,,,,,,,,,,,,,,,,,,,,,,,,,,,,,,,,,,,,,,,,,,,,,,,,,,,,,,,,,,,,,,,,,,,,CUE,Y,,2016,1,7,11/19/2003,16.8,16.87746159,16.87746159,,,,,,,,123.8,118,106.2,86.3,62.9,36.9,,,,,,,,,,,,,,,,,,,,,,,,,,,,,,,,,,,,,,,,,,,,,,,,,,,,,,,,,,,,,,,,,,,,,,,,,,,,,,,,,,,,,39.9,34.1,21.4,6.7,32.8,60,,,,,,,,,,,,,,,,,,,,,,,,,,,,,,,,,,,,,,,,,,,,,,,,,,,,,,,,,,,,,,,,,,,,,,,,,,,,,,,534.1,194.9,89.01666667,32.48333333,115,55,7,7
68,CT,A,E,4,30.1,625,31,16,27,43,30,12,1.5,1,0,0,30,1610,37,30,108.5,94.7,85.2,79.6,74.8,75,75.3,77.8,76.7,66.4,61.8,74.4,86.6,76.3,55.4,36.5,23.4,21.3,37,52.4,72.1,88.6,103.2,114.5,120.5,121.8,123.8,116.2,101,92.8,,,,,,,,,,,,,,,,,,,,,,,,,,,,,,,,,,,,,,,,,,,,,,,,,,,,,,,,,,,,,59.5,52.9,48.3,45.9,44.9,42,29.1,10.9,13.2,31,53,77.3,95.5,96.3,100.4,105.7,105.2,106.3,117.6,111.4,100.7,86.5,73.7,65.1,52.2,40.7,39.1,39.6,39.5,32.5,,,,,,,,,,,,,,,,,,,,,,,,,,,,,,,,,,,,,,,,,,,,,,,,,,,,,,,,,,,,,CUE,Y,,2016,2,7,11/19/2003,20.7641196,16.87746159,16.87746159,,,,,,,,75.3,77.8,76.7,66.4,61.8,74.4,86.6,76.3,55.4,36.5,23.4,21.3,37,52.4,72.1,88.6,103.2,114.5,120.5,121.8,123.8,116.2,101,92.8,,,,,,,,,,,,,,,,,,,,,,,,,,,,,,,,,,,,,,,,,,,,,,,,,,,,,,,,,,,,,,,,,,,29.1,10.9,13.2,31,53,77.3,95.5,96.3,100.4,105.7,105.2,106.3,117.6,111.4,100.7,86.5,73.7,65.1,52.2,40.7,39.1,39.6,39.5,32.5,,,,,,,,,,,,,,,,,,,,,,,,,,,,,,,,,,,,,,,,,,,,,,,,,,,,,,,,,,,,,1875.8,1622.5,78.15833333,67.60416667,115,55,7,7
69,CT,A,S,4,30.1,507,44,3,54,35,11,32,1.5,1,0,0,30,1610,37,30,109.6,98,82.6,70.5,54.1,44.5,49.8,64,81.3,103.3,112.8,100.8,90.5,87,95.7,103.5,99,85.1,72.5,59.5,49.8,55.9,73,95.1,96.3,83.3,68.9,59,57.3,57.4,,,,,,,,,,,,,,,,,,,,,,,,,,,,,,,,,,,,,,,,,,,,,,,,,,,,,,,,,,,,,56.4,41.9,28.2,21,33.8,45.9,42.8,25.4,9.7,21.2,27.6,17.7,19.7,38.3,61.5,72.6,57.8,42.2,28.8,30,40.7,42,53.2,71.5,79.9,79.4,80,71.2,60.7,53.9,,,,,,,,,,,,,,,,,,,,,,,,,,,,,,,,,,,,,,,,,,,,,,,,,,,,,,,,,,,,,CUE,Y,,2016,3,7,11/19/2003,16.84385382,16.87746159,16.87746159,,,,,,,,49.8,64,81.3,103.3,112.8,100.8,90.5,87,95.7,103.5,99,85.1,72.5,59.5,49.8,55.9,73,95.1,96.3,83.3,68.9,59,57.3,57.4,,,,,,,,,,,,,,,,,,,,,,,,,,,,,,,,,,,,,,,,,,,,,,,,,,,,,,,,,,,,,,,,,,,42.8,25.4,9.7,21.2,27.6,17.7,19.7,38.3,61.5,72.6,57.8,42.2,28.8,30,40.7,42,53.2,71.5,79.9,79.4,80,71.2,60.7,53.9,,,,,,,,,,,,,,,,,,,,,,,,,,,,,,,,,,,,,,,,,,,,,,,,,,,,,,,,,,,,,1900.8,1127.8,79.2,46.99166667,115,55,7,7
70,CT,A,E,3,10.3,161,55,4,72,17,11,22,1.5,0,0,0,30,1610,37,10,116.8,106.3,92.4,65.2,43.9,37.5,41.3,45.6,36.5,22,,,,,,,,,,,,,,,,,,,,,,,,,,,,,,,,,,,,,,,,,,,,,,,,,,,,,,,,,,,,,,,,,,,,,,,,,,,,,,,,,46.8,37.8,31.7,39.7,61.9,74.2,74.6,78.2,85.6,85.7,,,,,,,,,,,,,,,,,,,,,,,,,,,,,,,,,,,,,,,,,,,,,,,,,,,,,,,,,,,,,,,,,,,,,,,,,,,,,,,,,CUE,Y,,2016,4,7,11/19/2003,15.63106796,16.87746159,16.87746159,,,,,,,,41.3,45.6,36.5,22,,,,,,,,,,,,,,,,,,,,,,,,,,,,,,,,,,,,,,,,,,,,,,,,,,,,,,,,,,,,,,,,,,,,,,,,,,,,,,,,,,,,,,,74.6,78.2,85.6,85.7,,,,,,,,,,,,,,,,,,,,,,,,,,,,,,,,,,,,,,,,,,,,,,,,,,,,,,,,,,,,,,,,,,,,,,,,,,,,,,,,,145.4,324.1,36.35,81.025,115,55,7,7
71,CT,A,W,2,7.2,135,19,63,80,19,1,-57,1.5,1,1,0,30,1610,37,7,108.2,98.5,86.1,74.6,58.8,41.5,21.1,,,,,,,,,,,,,,,,,,,,,,,,,,,,,,,,,,,,,,,,,,,,,,,,,,,,,,,,,,,,,,,,,,,,,,,,,,,,,,,,,,,,38.7,19.3,6.2,17.6,31.3,46.8,67.7,,,,,,,,,,,,,,,,,,,,,,,,,,,,,,,,,,,,,,,,,,,,,,,,,,,,,,,,,,,,,,,,,,,,,,,,,,,,,,,,,,,,CUE,Y,,2016,5,7,11/19/2003,18.75,16.87746159,16.87746159,,,,,,,,,,,,,,,,,,,,,,,,,,,,,,,,,,,,,,,,,,,,,,,,,,,,,,,,,,,,,,,,,,,,,,,,,,,,,,,,,,,,,,,,,,,,,,,,,,,,,,,,,,,,,,,,,,,,,,,,,,,,,,,,,,,,,,,,,,,,,,,,,,,,,,,,,,,,,,,,,,,,,,,,,,,,,,,,,,,,,,0,0,0,0,115,55,7,7
72,CT,A,S,1,20.6,257,31,4,68,25,7,30,1.5,0,0,0,30,1610,37,20,113,99.7,86,81,83,90.6,107.5,117.2,107.8,90.5,66.5,44,31.4,26.4,25.8,26.9,25.6,19.6,14.2,18.3,,,,,,,,,,,,,,,,,,,,,,,,,,,,,,,,,,,,,,,,,,,,,,,,,,,,,,,,,,,,,,,,,,,,,,,57.9,57.6,50.6,39.6,32.9,29.7,31.5,32.3,23.4,13.1,26.3,49.2,65.3,75.4,80.6,85.1,89.4,88.5,87.2,90.2,,,,,,,,,,,,,,,,,,,,,,,,,,,,,,,,,,,,,,,,,,,,,,,,,,,,,,,,,,,,,,,,,,,,,,,CUE,Y,,2016,6,7,11/19/2003,12.47572816,16.87746159,16.87746159,,,,,,,,107.5,117.2,107.8,90.5,66.5,44,31.4,26.4,25.8,26.9,25.6,19.6,14.2,18.3,,,,,,,,,,,,,,,,,,,,,,,,,,,,,,,,,,,,,,,,,,,,,,,,,,,,,,,,,,,,,,,,,,,,,,,,,,,,,31.5,32.3,23.4,13.1,26.3,49.2,65.3,75.4,80.6,85.1,89.4,88.5,87.2,90.2,,,,,,,,,,,,,,,,,,,,,,,,,,,,,,,,,,,,,,,,,,,,,,,,,,,,,,,,,,,,,,,,,,,,,,,721.7,837.5,51.55,59.82142857,115,55,7,7
13,CT,B,N,3,6,146,11,80,45,54,1,26,1.5,0,0,0,30,1610,49,5,110,105.5,96.2,73.1,42.6,,,,,,,,,,,,,,,,,,,,,,,,,,,,,,,,,,,,,,,,,,,,,,,,,,,,,,,,,,,,,,,,,,,,,,,,,,,,,,,,,,,,,,62.3,62,61.8,55.7,52,,,,,,,,,,,,,,,,,,,,,,,,,,,,,,,,,,,,,,,,,,,,,,,,,,,,,,,,,,,,,,,,,,,,,,,,,,,,,,,,,,,,,,CUE,Y,,2016,1,7,11/19/2003,24.33333333,24.34485389,24.34485389,,,,,,42.6,,,,,,,,,,,,,,,,,,,,,,,,,,,,,,,,,,,,,,,,,,,,,,,,,,,,,,,,,,,,,,,,,,,,,,,,,,,,,,,,,,,,,,,,,,52,,,,,,,,,,,,,,,,,,,,,,,,,,,,,,,,,,,,,,,,,,,,,,,,,,,,,,,,,,,,,,,,,,,,,,,,,,,,,,,,,,,,,,42.6,52,42.6,52,115,55,5,5
14,CT,B,E,4,11.7,266,63,9,48,31,21,14,1.5,2,0,0,30,1610,49,11,110.9,94.1,79.7,69.3,79.9,94,112,119.4,110.9,85.2,48.2,,,,,,,,,,,,,,,,,,,,,,,,,,,,,,,,,,,,,,,,,,,,,,,,,,,,,,,,,,,,,,,,,,,,,,,,,,,,,,,,60.6,52.5,45.2,26.7,10.2,9.4,27.7,34.8,25.4,8.9,37.7,,,,,,,,,,,,,,,,,,,,,,,,,,,,,,,,,,,,,,,,,,,,,,,,,,,,,,,,,,,,,,,,,,,,,,,,,,,,,,,,CUE,Y,,2016,2,7,11/19/2003,22.73504274,24.34485389,24.34485389,,,,,,79.9,94,112,119.4,110.9,85.2,48.2,,,,,,,,,,,,,,,,,,,,,,,,,,,,,,,,,,,,,,,,,,,,,,,,,,,,,,,,,,,,,,,,,,,,,,,,,,,,,,,,,,,,10.2,9.4,27.7,34.8,25.4,8.9,37.7,,,,,,,,,,,,,,,,,,,,,,,,,,,,,,,,,,,,,,,,,,,,,,,,,,,,,,,,,,,,,,,,,,,,,,,,,,,,,,,,649.6,154.1,92.8,22.01428571,115,55,5,5
15,CT,B,S,4,4.5,118,47,22,63,25,12,33,1.5,0,1,0,30,1610,49,4,108.7,89.4,60.9,32.2,,,,,,,,,,,,,,,,,,,,,,,,,,,,,,,,,,,,,,,,,,,,,,,,,,,,,,,,,,,,,,,,,,,,,,,,,,,,,,,,,,,,,,,46.4,35.3,40.4,58.9,,,,,,,,,,,,,,,,,,,,,,,,,,,,,,,,,,,,,,,,,,,,,,,,,,,,,,,,,,,,,,,,,,,,,,,,,,,,,,,,,,,,,,,CUE,Y,,2016,3,7,11/19/2003,26.22222222,24.34485389,24.34485389,,,,,,,,,,,,,,,,,,,,,,,,,,,,,,,,,,,,,,,,,,,,,,,,,,,,,,,,,,,,,,,,,,,,,,,,,,,,,,,,,,,,,,,,,,,,,,,,,,,,,,,,,,,,,,,,,,,,,,,,,,,,,,,,,,,,,,,,,,,,,,,,,,,,,,,,,,,,,,,,,,,,,,,,,,,,,,,,,,,,,,0,0,0,0,115,55,5,5
16,CT,B,E,3,4.8,129,34,1,61,34,5,24,1.5,1,0,0,30,1610,49,4,110.4,101.5,72.3,50.4,,,,,,,,,,,,,,,,,,,,,,,,,,,,,,,,,,,,,,,,,,,,,,,,,,,,,,,,,,,,,,,,,,,,,,,,,,,,,,,,,,,,,,,36.3,28.2,30.3,57,,,,,,,,,,,,,,,,,,,,,,,,,,,,,,,,,,,,,,,,,,,,,,,,,,,,,,,,,,,,,,,,,,,,,,,,,,,,,,,,,,,,,,,CUE,Y,,2016,4,7,11/19/2003,26.875,24.34485389,24.34485389,,,,,,,,,,,,,,,,,,,,,,,,,,,,,,,,,,,,,,,,,,,,,,,,,,,,,,,,,,,,,,,,,,,,,,,,,,,,,,,,,,,,,,,,,,,,,,,,,,,,,,,,,,,,,,,,,,,,,,,,,,,,,,,,,,,,,,,,,,,,,,,,,,,,,,,,,,,,,,,,,,,,,,,,,,,,,,,,,,,,,,0,0,0,0,115,55,5,5
17,CT,B,W,2,4.9,110,16,1,62,35,3,21,1.5,0,0,0,30,1610,49,4,108.9,91.8,53.1,44.9,,,,,,,,,,,,,,,,,,,,,,,,,,,,,,,,,,,,,,,,,,,,,,,,,,,,,,,,,,,,,,,,,,,,,,,,,,,,,,,,,,,,,,,60.8,56.8,51.5,51.4,,,,,,,,,,,,,,,,,,,,,,,,,,,,,,,,,,,,,,,,,,,,,,,,,,,,,,,,,,,,,,,,,,,,,,,,,,,,,,,,,,,,,,,CUE,Y,,2016,5,7,11/19/2003,22.44897959,24.34485389,24.34485389,,,,,,,,,,,,,,,,,,,,,,,,,,,,,,,,,,,,,,,,,,,,,,,,,,,,,,,,,,,,,,,,,,,,,,,,,,,,,,,,,,,,,,,,,,,,,,,,,,,,,,,,,,,,,,,,,,,,,,,,,,,,,,,,,,,,,,,,,,,,,,,,,,,,,,,,,,,,,,,,,,,,,,,,,,,,,,,,,,,,,,0,0,0,0,115,55,5,5
18,CT,B,S,1,11,258,55,2,40,35,25,23,1.5,0,0,0,30,1610,49,10,100.7,85.1,76,79.5,103,124.8,122.5,109.8,82.5,50.3,,,,,,,,,,,,,,,,,,,,,,,,,,,,,,,,,,,,,,,,,,,,,,,,,,,,,,,,,,,,,,,,,,,,,,,,,,,,,,,,,59.1,58.6,50,47.1,35.6,39.7,39.6,37.3,42.8,55,,,,,,,,,,,,,,,,,,,,,,,,,,,,,,,,,,,,,,,,,,,,,,,,,,,,,,,,,,,,,,,,,,,,,,,,,,,,,,,,,CUE,Y,,2016,6,7,11/19/2003,23.45454546,24.34485389,24.34485389,,,,,,103,124.8,122.5,109.8,82.5,50.3,,,,,,,,,,,,,,,,,,,,,,,,,,,,,,,,,,,,,,,,,,,,,,,,,,,,,,,,,,,,,,,,,,,,,,,,,,,,,,,,,,,,,35.6,39.7,39.6,37.3,42.8,55,,,,,,,,,,,,,,,,,,,,,,,,,,,,,,,,,,,,,,,,,,,,,,,,,,,,,,,,,,,,,,,,,,,,,,,,,,,,,,,,,592.9,250,98.81666667,41.66666667,115,55,5,5
43,CT,B,N,3,7.1,169,32,49,78,21,1,25,1.5,1,0,0,30,1610,78,7,99.7,82.3,65.6,51.3,56.7,43.2,17.6,,,,,,,,,,,,,,,,,,,,,,,,,,,,,,,,,,,,,,,,,,,,,,,,,,,,,,,,,,,,,,,,,,,,,,,,,,,,,,,,,,,,62.1,60.2,50,40.2,45.1,64.1,77.6,,,,,,,,,,,,,,,,,,,,,,,,,,,,,,,,,,,,,,,,,,,,,,,,,,,,,,,,,,,,,,,,,,,,,,,,,,,,,,,,,,,,CUE,Y,,2016,1,7,11/19/2003,23.8028169,22.91880934,22.91880934,,,,,,56.7,43.2,17.6,,,,,,,,,,,,,,,,,,,,,,,,,,,,,,,,,,,,,,,,,,,,,,,,,,,,,,,,,,,,,,,,,,,,,,,,,,,,,,,,,,,,,,,,45.1,64.1,77.6,,,,,,,,,,,,,,,,,,,,,,,,,,,,,,,,,,,,,,,,,,,,,,,,,,,,,,,,,,,,,,,,,,,,,,,,,,,,,,,,,,,,117.5,186.8,39.16666667,62.26666667,115,55,5,5
44,CT,B,E,4,3.9,97,0,16,55,36,9,17,1.5,0,0,0,30,1610,78,3,101.6,80.7,50.9,,,,,,,,,,,,,,,,,,,,,,,,,,,,,,,,,,,,,,,,,,,,,,,,,,,,,,,,,,,,,,,,,,,,,,,,,,,,,,,,,,,,,,,,58.5,56.1,59.6,,,,,,,,,,,,,,,,,,,,,,,,,,,,,,,,,,,,,,,,,,,,,,,,,,,,,,,,,,,,,,,,,,,,,,,,,,,,,,,,,,,,,,,,CUE,Y,,2016,2,7,11/19/2003,24.87179487,22.91880934,22.91880934,,,,,,,,,,,,,,,,,,,,,,,,,,,,,,,,,,,,,,,,,,,,,,,,,,,,,,,,,,,,,,,,,,,,,,,,,,,,,,,,,,,,,,,,,,,,,,,,,,,,,,,,,,,,,,,,,,,,,,,,,,,,,,,,,,,,,,,,,,,,,,,,,,,,,,,,,,,,,,,,,,,,,,,,,,,,,,,,,,,,,,0,0,0,0,115,55,5,4
45,CT,B,S,4,7.4,167,39,27,83,16,1,43,1.5,1,0,0,30,1610,78,7,102.4,86.8,71.3,60,45,38.2,29.2,,,,,,,,,,,,,,,,,,,,,,,,,,,,,,,,,,,,,,,,,,,,,,,,,,,,,,,,,,,,,,,,,,,,,,,,,,,,,,,,,,,,38.7,17,18.5,47.7,69,86.1,89.5,,,,,,,,,,,,,,,,,,,,,,,,,,,,,,,,,,,,,,,,,,,,,,,,,,,,,,,,,,,,,,,,,,,,,,,,,,,,,,,,,,,,CUE,Y,,2016,3,7,11/19/2003,22.56756757,22.91880934,22.91880934,,,,,,45,38.2,29.2,,,,,,,,,,,,,,,,,,,,,,,,,,,,,,,,,,,,,,,,,,,,,,,,,,,,,,,,,,,,,,,,,,,,,,,,,,,,,,,,,,,,,,,,69,86.1,89.5,,,,,,,,,,,,,,,,,,,,,,,,,,,,,,,,,,,,,,,,,,,,,,,,,,,,,,,,,,,,,,,,,,,,,,,,,,,,,,,,,,,,112.4,244.6,37.46666667,81.53333333,115,55,5,5
46,CT,B,E,3,11.4,268,17,2,59,37,4,51,1.5,1,0,0,30,1610,78,11,113.9,102.1,90.5,93.3,99.7,100.4,88.7,78.1,73.2,43.6,21.6,,,,,,,,,,,,,,,,,,,,,,,,,,,,,,,,,,,,,,,,,,,,,,,,,,,,,,,,,,,,,,,,,,,,,,,,,,,,,,,,38,16.5,21.1,44.2,47.5,36.4,15.7,14.9,41.4,58.9,68.5,,,,,,,,,,,,,,,,,,,,,,,,,,,,,,,,,,,,,,,,,,,,,,,,,,,,,,,,,,,,,,,,,,,,,,,,,,,,,,,,CUE,Y,,2016,4,7,11/19/2003,23.50877193,22.91880934,22.91880934,,,,,,99.7,100.4,88.7,78.1,73.2,43.6,21.6,,,,,,,,,,,,,,,,,,,,,,,,,,,,,,,,,,,,,,,,,,,,,,,,,,,,,,,,,,,,,,,,,,,,,,,,,,,,,,,,,,,,47.5,36.4,15.7,14.9,41.4,58.9,68.5,,,,,,,,,,,,,,,,,,,,,,,,,,,,,,,,,,,,,,,,,,,,,,,,,,,,,,,,,,,,,,,,,,,,,,,,,,,,,,,,505.3,283.3,72.18571429,40.47142857,115,55,5,5
47,CT,B,W,2,6.3,121,25,1,56,30,14,-8,1.5,0,0,0,30,1610,78,6,113.4,109,97.7,70.7,43.7,28.1,,,,,,,,,,,,,,,,,,,,,,,,,,,,,,,,,,,,,,,,,,,,,,,,,,,,,,,,,,,,,,,,,,,,,,,,,,,,,,,,,,,,,60.4,57.1,50.8,40.1,44.3,58.1,,,,,,,,,,,,,,,,,,,,,,,,,,,,,,,,,,,,,,,,,,,,,,,,,,,,,,,,,,,,,,,,,,,,,,,,,,,,,,,,,,,,,CUE,Y,,2016,5,7,11/19/2003,19.20634921,22.91880934,22.91880934,,,,,,43.7,28.1,,,,,,,,,,,,,,,,,,,,,,,,,,,,,,,,,,,,,,,,,,,,,,,,,,,,,,,,,,,,,,,,,,,,,,,,,,,,,,,,,,,,,,,,,44.3,58.1,,,,,,,,,,,,,,,,,,,,,,,,,,,,,,,,,,,,,,,,,,,,,,,,,,,,,,,,,,,,,,,,,,,,,,,,,,,,,,,,,,,,,71.8,102.4,35.9,51.2,115,55,5,5
48,CT,B,S,1,4.5,106,75,3,61,36,3,22,1.5,1,0,0,30,1610,78,4,98.2,77.5,50,24.7,,,,,,,,,,,,,,,,,,,,,,,,,,,,,,,,,,,,,,,,,,,,,,,,,,,,,,,,,,,,,,,,,,,,,,,,,,,,,,,,,,,,,,,58.1,60.1,69.5,84.6,,,,,,,,,,,,,,,,,,,,,,,,,,,,,,,,,,,,,,,,,,,,,,,,,,,,,,,,,,,,,,,,,,,,,,,,,,,,,,,,,,,,,,,CUE,Y,,2016,6,7,11/19/2003,23.55555556,22.91880934,22.91880934,,,,,,,,,,,,,,,,,,,,,,,,,,,,,,,,,,,,,,,,,,,,,,,,,,,,,,,,,,,,,,,,,,,,,,,,,,,,,,,,,,,,,,,,,,,,,,,,,,,,,,,,,,,,,,,,,,,,,,,,,,,,,,,,,,,,,,,,,,,,,,,,,,,,,,,,,,,,,,,,,,,,,,,,,,,,,,,,,,,,,,0,0,0,0,115,55,5,5
